<html>
 <head> 
  <meta content="gdi" http-equiv="X-UA-TextLayoutMetrics"> 
  <meta content="text/html; charset=euc-kr" http-equiv="Content-Type"> 
  <STYLE>
.xforms * { font-family: 돋움체;}
.xforms_title * { font-size: 13pt; padding : 0 0 10 0;}

.xforms table {
    font-size: 10px;
    padding:0px;
    border-collapse:collapse;
    color: #3D3D3D;
}
.xforms td {
    padding-left:0px;
    padding-top:0px;
    border-collapse:collapse;
    line-height:22px;
    color: #3D3D3D;
    /*text-align:right;*/
    vertical-align:middle;
    border: 1px solid #7f7f7f;
}

.xforms span {
    /*display: inline-block;*/
    padding-left:3px;
    padding-right: 1px;
    line-height:22px;
    padding-top:0px;
    padding-bottom:0px;
    text-align:left;
    vertical-align:middle;
    border: 0px solid #DBDBDB;
}

.xforms.img{
    border : 0px;
}

.xforms a:link {

    color: #194866;
    text-decoration: none;
}
.xforms a:active {

    color: #194866;
    text-decoration: none;
}
.xforms a:visited {
    color: #194866;
    text-decoration: none;
}

.xforms A:hover {
    color:008BE3;
    text-decoration: none;
}

.xforms_input{
    border: 0px solid #DBDBDB;
    padding-left:3px;
    padding-right: 1px;
    height:22px;
    padding-top:0px;
    padding-bottom:0px;
    text-align:left;
}
</STYLE> 
  <title>대성하이텍/최대주주 변경을 수반하는 주식 담보제공 계약 체결/(2026.01.07)최대주주 변경을 수반하는 주식 담보제공 계약 체결</title> 
 </head> 
 <body> 
  <div class="xforms"> 
   <div> 
    <div id="LIB_LC000" style="width:600px;font-size:10pt;;padding:0 0 20 0"> 
     <div> 
      <div> 
       <span style="width:600px;font-size:10pt;font-weight:bold;text-align:center;">정정신고(보고)</span> 
       <table border="0" bordercolordark="white" bordercolorlight="#666666" cellpadding="1" cellspacing="0" id="XFormD8_Form0_Table1" style="margin:0px 0px 20px 0px;width:600px;font-size:10pt;"> 
        <tbody> 
         <tr> 
          <td width="434"> <span style="width:434px;font-size:10pt;text-align:right;">정정일자</span> </td> 
          <td width="166"> <span class="xforms_input" style="width:166px;font-size:10pt;">2026-01-07</span> </td> 
         </tr> 
        </tbody> 
       </table> 
       <table border="1" bordercolordark="white" bordercolorlight="#666666" cellpadding="1" cellspacing="0" id="XFormD8_Form0_RepeatTable0" style="margin:0px 0px 20px 0px;width:600px;font-size:10pt;border:1px solid #7f7f7f;"> 
        <tbody> 
         <tr> 
          <td width="200"> <span style="width:200px;font-size:10pt;">1. 정정관련 공시서류</span> </td> 
          <td colspan="2" width="400"> <span class="xforms_input" style="width:400px;font-size:10pt;">최대주주 변경을 수반하는 주식 담보제공 계약 체결</span> </td> 
         </tr> 
         <tr> 
          <td width="200"> <span style="width:200px;font-size:10pt;">2. 정정관련 공시서류제출일</span> </td> 
          <td colspan="2" width="400"> <span class="xforms_input" style="width:400px;font-size:10pt;">2024-12-10</span> </td> 
         </tr> 
         <tr> 
          <td width="200"> <span style="width:200px;font-size:10pt;">3. 정정사유</span> </td> 
          <td colspan="2" width="400"> <span class="xforms_input" style="width:400px;font-size:10pt;">주식담보대출 만기 연장(유안타증권)</span> </td> 
         </tr> 
         <tr> 
          <td colspan="3" width="600"> <span style="width:600px;font-size:10pt;">4. 정정사항</span> </td> 
         </tr> 
         <tr> 
          <td width="200"> <span style="width:200px;font-size:10pt;text-align:center;">정정항목</span> </td> 
          <td width="200"> <span style="width:200px;font-size:10pt;text-align:center;">정정전</span> </td> 
          <td width="200"> <span style="width:200px;font-size:10pt;text-align:center;">정정후</span> </td> 
         </tr> 
         <tr> 
          <td width="200"> <span class="xforms_input" style="width:200px;font-size:10pt;">[개별 담보제공 계약에 관한 사항] <br java="http://xml.apache.org/xalan/java">- 순번1 담보제공기간 종료일</span> </td> 
          <td width="200"> <span class="xforms_input" style="width:200px;font-size:10pt;">2026-01-07</span> </td> 
          <td width="200"> <span class="xforms_input" style="width:200px;font-size:10pt;">2026-04-06</span> </td> 
         </tr> 
        </tbody> 
       </table> 
       <table border="1" bordercolordark="white" bordercolorlight="#666666" cellpadding="1" cellspacing="0" id="XFormD8_Form0_Table0" style="margin:0px 0px 20px 0px;width:599px;font-size:10pt;border:1px solid #7f7f7f;"> 
        <tbody> 
         <tr> 
          <td width="599"> <span class="xforms_input" style="width:599px;font-size:10pt;">-</span> </td> 
         </tr> 
        </tbody> 
       </table> 
      </div> 
     </div> 
    </div> 
    <div class="xforms_title"> 
     <div> 
      <span style="width:596px;font-weight:bold;text-align:center;">최대주주 변경을 수반하는 주식 담보제공 계약 체결</span> 
     </div> 
    </div> 
    <span class="noprint" style="display:none;width:600px;font-size:10pt;"> </span> 
    <table border="1" bordercolordark="white" bordercolorlight="#666666" cellpadding="1" cellspacing="0" id="XFormD1_Form0_Table1" style="margin:0px 0px 20px 0px;width:597px;font-size:10pt;border:1px solid #7f7f7f;"> 
     <tbody> 
      <tr> 
       <td colspan="3" width="597"> <span style="width:597px;font-size:10pt;">1. 담보제공자(최대주주) 관련 사항</span> </td> 
      </tr> 
      <tr> 
       <td colspan="2" width="269"> <span style="width:269px;font-size:10pt;">- 명칭(성명, 법인명, 조합명, 단체명)</span> </td> 
       <td width="328"> <span class="xforms_input" style="width:328px;font-size:10pt;">최호형</span> </td> 
      </tr> 
      <tr> 
       <td rowspan="2" width="151"> <span style="width:151px;font-size:10pt;">
         <!--?javax.xml.transform.disable-output-escaping?--> 
         <!--?javax.xml.transform.enable-output-escaping?-->- 공시일 현재</span> </td> 
       <td width="118"> <span style="width:118px;font-size:10pt;text-align:center;">소유 주식 수(주)</span> </td> 
       <td width="328"> <span class="xforms_input" style="width:328px;font-size:10pt;text-align:right;">2,540,205</span> </td> 
      </tr> 
      <tr> 
       <td width="118"> <span style="width:118px;font-size:10pt;text-align:center;">지분율(%)</span> </td> 
       <td width="328"> <span class="xforms_input" style="width:328px;font-size:10pt;text-align:right;">16.86</span> </td> 
      </tr> 
      <tr> 
       <td rowspan="2" width="151"> <span style="width:151px;font-size:10pt;">
         <!--?javax.xml.transform.disable-output-escaping?--> 
         <!--?javax.xml.transform.enable-output-escaping?-->- 담보권 전부 실행시</span> </td> 
       <td width="118"> <span style="width:118px;font-size:10pt;text-align:center;">소유 주식 수(주)</span> </td> 
       <td width="328"> <span class="xforms_input" style="width:328px;font-size:10pt;text-align:right;">1,380,835</span> </td> 
      </tr> 
      <tr> 
       <td width="118"> <span style="width:118px;font-size:10pt;text-align:center;">지분율(%)</span> </td> 
       <td width="328"> <span class="xforms_input" style="width:328px;font-size:10pt;text-align:right;">9.16</span> </td> 
      </tr> 
      <tr> 
       <td colspan="2" width="269"> <span style="width:269px;font-size:10pt;">2. 채무(차입)금액 총액(원)</span> </td> 
       <td width="328"> <span class="xforms_input" style="width:328px;font-size:10pt;text-align:right;">1,200,000,000</span> </td> 
      </tr> 
      <tr> 
       <td colspan="2" width="269"> <span style="width:269px;font-size:10pt;">3. 담보설정금액 총액(원)</span> </td> 
       <td width="328"> <span class="xforms_input" style="width:328px;font-size:10pt;text-align:right;">4,488,130,360</span> </td> 
      </tr> 
      <tr> 
       <td rowspan="2" width="151"> <span style="width:151px;font-size:10pt;">4. 담보제공 내역</span> </td> 
       <td width="118"> <span style="width:118px;font-size:10pt;">누적 담보제공 계약 건수(건)</span> </td> 
       <td width="328"> <span class="xforms_input" style="width:328px;font-size:10pt;text-align:right;">4</span> </td> 
      </tr> 
      <tr> 
       <td width="118"> <span style="width:118px;font-size:10pt;">누적 담보제공 주식 총수(주)</span> </td> 
       <td width="328"> <span class="xforms_input" style="width:328px;font-size:10pt;text-align:right;">1,159,370</span> </td> 
      </tr> 
      <tr> 
       <td colspan="2" width="269"> <span style="width:269px;font-size:10pt;">5. 담보권 설정계약 체결일(당해 건)</span> </td> 
       <td width="328"> <span class="xforms_input" style="width:328px;font-size:10pt;">2025-09-15</span> </td> 
      </tr> 
      <tr> 
       <td colspan="3" width="597"> <span style="width:597px;font-size:10pt;">6. 기타 투자판단에 참고할 사항</span> </td> 
      </tr> 
      <tr> 
       <td colspan="3" width="597"> <span class="xforms_input" style="width:597px;font-size:10pt;">- 상기 담보제공자는 장내매수를 통해 2024년 12월 9일(매매거래일 기준) 최대주주로 변경되었으며, 2대주주는 최대주주의 특별관계자입니다. <br xmlns:java="http://xml.apache.org/xalan/java"> <br xmlns:java="http://xml.apache.org/xalan/java">- 상기 '1. 지분율(%)'은 공시일 현재 발행주식총수 15,069,760주(상환전환우선주 1,354,707주 포함)로 산정한 지분율입니다.</span> </td> 
      </tr> 
      <tr> 
       <td width="151"> <span style="width:151px;font-size:10pt;">※ 관련공시</span> </td> 
       <td colspan="2" width="446"> <span style="width:446px;font-size:10pt;"> <a href="http://kind.krx.co.kr/common/disclsviewer.do?method=search&amp;acptno=20241210000004&amp;rcpno=20241210000004&amp;orgid=K&amp;tran=Y&amp;langTpCd=0" target="_blank" xmlns="http://www.w3.org/1999/xhtml" xmlns:xf="http://www.w3.org/2002/xforms" xmlns:xh="http://www.w3.org/1999/xhtml" xmlns:xsd="http://www.w3.org/2001/XMLSchema">2024-12-10 최대주주 변경을 수반하는 주식 담보제공 계약 체결</a> <br xmlns:java="http://xml.apache.org/xalan/java"> <a href="http://kind.krx.co.kr/common/disclsviewer.do?method=search&amp;acptno=20250108000702&amp;rcpno=20250108000702&amp;orgid=K&amp;tran=Y&amp;langTpCd=0" target="_blank" xmlns="http://www.w3.org/1999/xhtml" xmlns:xf="http://www.w3.org/2002/xforms" xmlns:xh="http://www.w3.org/1999/xhtml" xmlns:xsd="http://www.w3.org/2001/XMLSchema">2025-01-08 최대주주 변경을 수반하는 주식 담보제공 계약 체결</a> <br xmlns:java="http://xml.apache.org/xalan/java"> <a href="http://kind.krx.co.kr/common/disclsviewer.do?method=search&amp;acptno=20250407000504&amp;rcpno=20250407000504&amp;orgid=K&amp;tran=Y&amp;langTpCd=0" target="_blank" xmlns="http://www.w3.org/1999/xhtml" xmlns:xf="http://www.w3.org/2002/xforms" xmlns:xh="http://www.w3.org/1999/xhtml" xmlns:xsd="http://www.w3.org/2001/XMLSchema">2025-04-07 최대주주 변경을 수반하는 주식 담보제공 계약 체결</a> <br xmlns:java="http://xml.apache.org/xalan/java"> <a href="http://kind.krx.co.kr/common/disclsviewer.do?method=search&amp;acptno=20250707000173&amp;rcpno=20250707000173&amp;orgid=K&amp;tran=Y&amp;langTpCd=0" target="_blank" xmlns="http://www.w3.org/1999/xhtml" xmlns:xf="http://www.w3.org/2002/xforms" xmlns:xh="http://www.w3.org/1999/xhtml" xmlns:xsd="http://www.w3.org/2001/XMLSchema">2025-07-07 최대주주 변경을 수반하는 주식 담보제공 계약 체결</a> <br xmlns:java="http://xml.apache.org/xalan/java"> <a href="http://kind.krx.co.kr/common/disclsviewer.do?method=search&amp;acptno=20250915000308&amp;rcpno=20250915000308&amp;orgid=K&amp;tran=Y&amp;langTpCd=0" target="_blank" xmlns="http://www.w3.org/1999/xhtml" xmlns:xf="http://www.w3.org/2002/xforms" xmlns:xh="http://www.w3.org/1999/xhtml" xmlns:xsd="http://www.w3.org/2001/XMLSchema">2025-09-15 최대주주 변경을 수반하는 주식 담보제공 계약 체결</a> <br xmlns:java="http://xml.apache.org/xalan/java"> <a href="http://kind.krx.co.kr/common/disclsviewer.do?method=search&amp;acptno=20251010000236&amp;rcpno=20251010000236&amp;orgid=K&amp;tran=Y&amp;langTpCd=0" target="_blank" xmlns="http://www.w3.org/1999/xhtml" xmlns:xf="http://www.w3.org/2002/xforms" xmlns:xh="http://www.w3.org/1999/xhtml" xmlns:xsd="http://www.w3.org/2001/XMLSchema">2025-10-10 최대주주 변경을 수반하는 주식 담보제공 계약 체결</a> <br xmlns:java="http://xml.apache.org/xalan/java"> </span> </td> 
      </tr> 
     </tbody> 
    </table> 
    <span style="width:608px;font-size:11pt;font-weight:bold;">[개별 담보제공 계약에 관한 사항]</span> 
    <table border="1" bordercolordark="white" bordercolorlight="#666666" cellpadding="1" cellspacing="0" id="XFormD1_Form0_RepeatTable2" style="margin:0px 0px 20px 0px;width:596px;font-size:9pt;border:1px solid #7f7f7f;"> 
     <tbody> 
      <tr> 
       <td rowspan="2" width="30"> <span style="width:30px;font-size:9pt;text-align:center;">순번</span> </td> 
       <td rowspan="2" width="46"> <span style="width:46px;font-size:9pt;text-align:center;">채권자 (담보권자)</span> </td> 
       <td rowspan="2" width="48"> <span style="width:48px;font-size:9pt;text-align:center;">채무자</span> </td> 
       <td rowspan="2" width="53"> <span style="width:53px;font-size:9pt;text-align:center;">차입목적</span> </td> 
       <td rowspan="2" width="59"> <span style="width:59px;font-size:9pt;text-align:center;">담보설정금액(원)</span> </td> 
       <td rowspan="2" width="54"> <span style="width:54px;font-size:9pt;text-align:center;">담보권 종류</span> </td> 
       <td rowspan="2" width="58"> <span style="width:58px;font-size:9pt;text-align:center;">담보제공주식수(주)</span> </td> 
       <td rowspan="2" width="54"> <span style="width:54px;font-size:9pt;text-align:center;">의무보유여부</span> </td> 
       <td colspan="2" width="129"> <span style="width:129px;font-size:9pt;text-align:center;">담보제공기간</span> </td> 
       <td rowspan="2" width="65"> <span style="width:65px;font-size:9pt;text-align:center;">계약체결일</span> </td> 
      </tr> 
      <tr> 
       <td width="64"> <span style="width:64px;font-size:9pt;text-align:center;">시작일</span> </td> 
       <td width="65"> <span style="width:65px;font-size:9pt;text-align:center;">종료일</span> </td> 
      </tr> 
      <tr> 
       <td width="30"> <span class="xforms_input" style="width:30px;font-size:9pt;text-align:center;">1</span> </td> 
       <td width="46"> <span class="xforms_input" style="width:46px;font-size:9pt;">유안타증권</span> </td> 
       <td width="48"> <span class="xforms_input" style="width:48px;font-size:9pt;">최호형</span> </td> 
       <td width="53"> <span class="xforms_input" style="width:53px;font-size:9pt;">개인용도</span> </td> 
       <td width="59"> <span class="xforms_input" style="width:59px;font-size:9pt;text-align:right;">1,400,000,000</span> </td> 
       <td width="54"> <span class="xforms_input" style="width:54px;font-size:9pt;">주식담보대출</span> </td> 
       <td width="58"> <span class="xforms_input" style="width:58px;font-size:9pt;text-align:right;">422,196</span> </td> 
       <td width="54"> <span class="xforms_input" style="width:54px;font-size:9pt;">미해당</span> </td> 
       <td width="64"> <span class="xforms_input" style="width:64px;font-size:9pt;">2024-10-18</span> </td> 
       <td width="65"> <span class="xforms_input" style="width:65px;font-size:9pt;">2026-04-06</span> </td> 
       <td width="65"> <span class="xforms_input" style="width:65px;font-size:9pt;">2024-10-18</span> </td> 
      </tr> 
      <tr> 
       <td width="30"> <span class="xforms_input" style="width:30px;font-size:9pt;text-align:center;">2</span> </td> 
       <td width="46"> <span class="xforms_input" style="width:46px;font-size:9pt;">남대구세무서</span> </td> 
       <td width="48"> <span class="xforms_input" style="width:48px;font-size:9pt;">최호형</span> </td> 
       <td width="53"> <span class="xforms_input" style="width:53px;font-size:9pt;">증여세 연부연납</span> </td> 
       <td width="59"> <span class="xforms_input" style="width:59px;font-size:9pt;text-align:right;">1,798,064,045</span> </td> 
       <td width="54"> <span class="xforms_input" style="width:54px;font-size:9pt;">유가증권 공탁(납세담보)</span> </td> 
       <td width="58"> <span class="xforms_input" style="width:58px;font-size:9pt;text-align:right;">443,419</span> </td> 
       <td width="54"> <span class="xforms_input" style="width:54px;font-size:9pt;">미해당</span> </td> 
       <td width="64"> <span class="xforms_input" style="width:64px;font-size:9pt;">2024-11-29</span> </td> 
       <td width="65"> <span class="xforms_input" style="width:65px;font-size:9pt;">2039-11-30</span> </td> 
       <td width="65"> <span class="xforms_input" style="width:65px;font-size:9pt;">2024-11-29</span> </td> 
      </tr> 
      <tr> 
       <td width="30"> <span class="xforms_input" style="width:30px;font-size:9pt;text-align:center;">3</span> </td> 
       <td width="46"> <span class="xforms_input" style="width:46px;font-size:9pt;">남대구세무서</span> </td> 
       <td width="48"> <span class="xforms_input" style="width:48px;font-size:9pt;">최호형</span> </td> 
       <td width="53"> <span class="xforms_input" style="width:53px;font-size:9pt;">증여세 <br xmlns:java="http://xml.apache.org/xalan/java">연부연납</span> </td> 
       <td width="59"> <span class="xforms_input" style="width:59px;font-size:9pt;text-align:right;">290,066,315</span> </td> 
       <td width="54"> <span class="xforms_input" style="width:54px;font-size:9pt;">유가증권공탁(납세담보)</span> </td> 
       <td width="58"> <span class="xforms_input" style="width:58px;font-size:9pt;text-align:right;">71,533</span> </td> 
       <td width="54"> <span class="xforms_input" style="width:54px;font-size:9pt;">미해당</span> </td> 
       <td width="64"> <span class="xforms_input" style="width:64px;font-size:9pt;">2024-11-29</span> </td> 
       <td width="65"> <span class="xforms_input" style="width:65px;font-size:9pt;">2029-11-30</span> </td> 
       <td width="65"> <span class="xforms_input" style="width:65px;font-size:9pt;">2024-11-29</span> </td> 
      </tr> 
      <tr> 
       <td width="30"> <span class="xforms_input" style="width:30px;font-size:9pt;text-align:center;">4</span> </td> 
       <td width="46"> <span class="xforms_input" style="width:46px;font-size:9pt;">하나증권</span> </td> 
       <td width="48"> <span class="xforms_input" style="width:48px;font-size:9pt;">최호형</span> </td> 
       <td width="53"> <span class="xforms_input" style="width:53px;font-size:9pt;">개인용도</span> </td> 
       <td width="59"> <span class="xforms_input" style="width:59px;font-size:9pt;text-align:right;">1,000,000,000</span> </td> 
       <td width="54"> <span class="xforms_input" style="width:54px;font-size:9pt;">주식담보대출</span> </td> 
       <td width="58"> <span class="xforms_input" style="width:58px;font-size:9pt;text-align:right;">222,222</span> </td> 
       <td width="54"> <span class="xforms_input" style="width:54px;font-size:9pt;">미해당</span> </td> 
       <td width="64"> <span class="xforms_input" style="width:64px;font-size:9pt;">2025-09-15</span> </td> 
       <td width="65"> <span class="xforms_input" style="width:65px;font-size:9pt;">2026-03-13</span> </td> 
       <td width="65"> <span class="xforms_input" style="width:65px;font-size:9pt;">2025-09-15</span> </td> 
      </tr> 
     </tbody> 
    </table> 
    <span style="width:604px;font-size:11pt;font-weight:bold;">[개별 담보제공 계약의 담보권 실행 조건]</span> 
    <table border="1" bordercolordark="white" bordercolorlight="#666666" cellpadding="1" cellspacing="0" id="XFormD1_Form0_RepeatTable3" style="margin:0px 0px 20px 0px;width:599px;font-size:10pt;border:1px solid #7f7f7f;"> 
     <tbody> 
      <tr> 
       <td width="52"> <span style="width:52px;font-size:10pt;text-align:center;">순번</span> </td> 
       <td width="547"> <span style="width:547px;font-size:10pt;text-align:center;">담보권 실행 조건(특약사항 포함)</span> </td> 
      </tr> 
      <tr> 
       <td width="52"> <span class="xforms_input" style="width:52px;font-size:10pt;text-align:center;">1</span> </td> 
       <td width="547"> <span class="xforms_input" style="width:547px;font-size:10pt;">채무불이행 등 약정 위반의 경우</span> </td> 
      </tr> 
      <tr> 
       <td width="52"> <span class="xforms_input" style="width:52px;font-size:10pt;text-align:center;">4</span> </td> 
       <td width="547"> <span class="xforms_input" style="width:547px;font-size:10pt;">채무불이행 등 약정 위반의 경우</span> </td> 
      </tr> 
     </tbody> 
    </table> 
    <span style="width:596px;font-size:11pt;font-weight:bold;">[채무자에 관한 사항]</span> 
    <table border="1" bordercolordark="white" bordercolorlight="#666666" cellpadding="1" cellspacing="0" id="XFormG1_Form0_RepeatTable0" style="margin:0px 0px 20px 0px;width:597px;font-size:10pt;border:1px solid #7f7f7f;"> 
     <tbody> 
      <tr> 
       <td colspan="4" width="597"> <span style="width:597px;font-size:10pt;">1. 인적사항</span> </td> 
      </tr> 
      <tr> 
       <td colspan="4" width="597"> <span style="width:597px;font-size:10pt;">- 기본사항</span> </td> 
      </tr> 
      <tr> 
       <td width="149"> <span style="width:149px;font-size:10pt;text-align:center;">성명(명칭)</span> </td> 
       <td width="143"> <span style="width:143px;font-size:10pt;text-align:center;">국적</span> </td> 
       <td width="154"> <span style="width:154px;font-size:10pt;text-align:center;">주소(본점소재지)[읍ㆍ면ㆍ동까지만 기재]</span> </td> 
       <td width="151"> <span style="width:151px;font-size:10pt;text-align:center;">생년월일(사업자등록번호 등)</span> </td> 
      </tr> 
      <tr> 
       <td width="149"> <span class="xforms_input" style="width:149px;font-size:10pt;">최호형</span> </td> 
       <td width="143"> <span class="xforms_input" style="width:143px;font-size:10pt;">대한민국</span> </td> 
       <td width="154"> <span class="xforms_input" style="width:154px;font-size:10pt;">대구광역시 달서구 조암남로</span> </td> 
       <td width="151"> <span class="xforms_input" style="width:151px;font-size:10pt;">790228</span> </td> 
      </tr> 
      <tr> 
       <td colspan="2" width="292"> <span style="width:292px;font-size:10pt;">직업(사업내용)</span> </td> 
       <td colspan="2" width="305"> <span class="xforms_input" style="width:305px;font-size:10pt;">(주)대성하이텍 등기임원</span> </td> 
      </tr> 
      <tr> 
       <td colspan="4" width="597"> <span style="width:597px;font-size:10pt;">- 최대주주ㆍ대표이사ㆍ대표집행임원 현황 및 재무상황 등(채무자가 법인인 경우)</span> </td> 
      </tr> 
      <tr> 
       <td width="149"> <span style="width:149px;font-size:10pt;text-align:center;">구분</span> </td> 
       <td width="143"> <span style="width:143px;font-size:10pt;text-align:center;">성명</span> </td> 
       <td width="154"> <span style="width:154px;font-size:10pt;text-align:center;">주식수</span> </td> 
       <td width="151"> <span style="width:151px;font-size:10pt;text-align:center;">지분율(%)</span> </td> 
      </tr> 
      <tr> 
       <td width="149"> <span class="xforms_input" style="width:149px;font-size:10pt;">최대주주</span> </td> 
       <td width="143"> <span class="xforms_input" style="width:143px;font-size:10pt;">-</span> </td> 
       <td width="154"> <span class="xforms_input" style="width:154px;font-size:10pt;text-align:right;">-</span> </td> 
       <td width="151"> <span class="xforms_input" style="width:151px;font-size:10pt;text-align:right;">-</span> </td> 
      </tr> 
      <tr> 
       <td width="149"> <span class="xforms_input" style="width:149px;font-size:10pt;">대표이사</span> </td> 
       <td width="143"> <span class="xforms_input" style="width:143px;font-size:10pt;">-</span> </td> 
       <td width="154"> <span class="xforms_input" style="width:154px;font-size:10pt;text-align:right;">-</span> </td> 
       <td width="151"> <span class="xforms_input" style="width:151px;font-size:10pt;text-align:right;">-</span> </td> 
      </tr> 
      <tr> 
       <td colspan="4" width="597"> <span style="width:597px;font-size:10pt;text-align:right;">(단위 : 백만원)</span> </td> 
      </tr> 
      <tr> 
       <td width="149"> <span style="width:149px;font-size:10pt;text-align:center;">해당 사업연도</span> </td> 
       <td width="143"> <span class="xforms_input" style="width:143px;font-size:10pt;">-</span> </td> 
       <td width="154"> <span style="width:154px;font-size:10pt;text-align:center;">결산기</span> </td> 
       <td width="151"> <span class="xforms_input" style="width:151px;font-size:10pt;">-</span> </td> 
      </tr> 
      <tr> 
       <td width="149"> <span style="width:149px;font-size:10pt;text-align:center;">자산총계</span> </td> 
       <td width="143"> <span class="xforms_input" style="width:143px;font-size:10pt;text-align:right;">-</span> </td> 
       <td width="154"> <span style="width:154px;font-size:10pt;text-align:center;">자본금</span> </td> 
       <td width="151"> <span class="xforms_input" style="width:151px;font-size:10pt;text-align:right;">-</span> </td> 
      </tr> 
      <tr> 
       <td width="149"> <span style="width:149px;font-size:10pt;text-align:center;">부채총계</span> </td> 
       <td width="143"> <span class="xforms_input" style="width:143px;font-size:10pt;text-align:right;">-</span> </td> 
       <td width="154"> <span style="width:154px;font-size:10pt;text-align:center;">매출액</span> </td> 
       <td width="151"> <span class="xforms_input" style="width:151px;font-size:10pt;text-align:right;">-</span> </td> 
      </tr> 
      <tr> 
       <td width="149"> <span style="width:149px;font-size:10pt;text-align:center;">자본총계</span> </td> 
       <td width="143"> <span class="xforms_input" style="width:143px;font-size:10pt;text-align:right;">-</span> </td> 
       <td width="154"> <span style="width:154px;font-size:10pt;text-align:center;">당기순이익</span> </td> 
       <td width="151"> <span class="xforms_input" style="width:151px;font-size:10pt;text-align:right;">-</span> </td> 
      </tr> 
      <tr> 
       <td width="149"> <span style="width:149px;font-size:10pt;text-align:center;">외부감사인</span> </td> 
       <td width="143"> <span class="xforms_input" style="width:143px;font-size:10pt;">-</span> </td> 
       <td width="154"> <span style="width:154px;font-size:10pt;text-align:center;">휴업 여부</span> </td> 
       <td width="151"> <span class="xforms_input" style="width:151px;font-size:10pt;">아니오</span> </td> 
      </tr> 
      <tr> 
       <td width="149"> <span style="width:149px;font-size:10pt;text-align:center;">감사의견</span> </td> 
       <td width="143"> <span class="xforms_input" style="width:143px;font-size:10pt;">-</span> </td> 
       <td width="154"> <span style="width:154px;font-size:10pt;text-align:center;">폐업 여부</span> </td> 
       <td width="151"> <span class="xforms_input" style="width:151px;font-size:10pt;">아니오</span> </td> 
      </tr> 
      <tr> 
       <td colspan="4" width="597"> <span style="width:597px;font-size:10pt;">2. 당해 상장법인 또는 최대주주 등과의 관계</span> </td> 
      </tr> 
      <tr> 
       <td colspan="2" width="292"> <span style="width:292px;font-size:10pt;">- 채무자와 당해 상장법인의 관계</span> </td> 
       <td colspan="2" width="305"> <span class="xforms_input" style="width:305px;font-size:10pt;">최대주주</span> </td> 
      </tr> 
      <tr> 
       <td colspan="2" width="292"> <span style="width:292px;font-size:10pt;">- 채무자와 회사의 최대주주ㆍ임원과의 관계</span> </td> 
       <td width="154"> <span style="width:154px;font-size:10pt;text-align:center;">성명</span> </td> 
       <td width="151"> <span style="width:151px;font-size:10pt;text-align:center;">채무자와의 관계</span> </td> 
      </tr> 
      <tr> 
       <td colspan="2" width="292"> <span class="xforms_input" style="width:292px;font-size:10pt;">최대주주</span> </td> 
       <td width="154"> <span class="xforms_input" style="width:154px;font-size:10pt;">최호형</span> </td> 
       <td width="151"> <span class="xforms_input" style="width:151px;font-size:10pt;">본인</span> </td> 
      </tr> 
      <tr> 
       <td colspan="4" width="597"> <span style="width:597px;font-size:10pt;">3. 당해 상장법인과의 최근 3년간 거래내역(일상적 거래 제외)</span> </td> 
      </tr> 
      <tr> 
       <td width="149"> <span style="width:149px;font-size:10pt;text-align:center;">구분</span> </td> 
       <td colspan="3" width="448"> <span style="width:448px;font-size:10pt;text-align:center;">성명(명칭)</span> </td> 
      </tr> 
      <tr> 
       <td width="149"> <span style="width:149px;font-size:10pt;text-align:center;">당해년도</span> </td> 
       <td colspan="3" width="448"> <span class="xforms_input" style="width:448px;font-size:10pt;">-</span> </td> 
      </tr> 
      <tr> 
       <td width="149"> <span style="width:149px;font-size:10pt;text-align:center;">전년도</span> </td> 
       <td colspan="3" width="448"> <span class="xforms_input" style="width:448px;font-size:10pt;">-</span> </td> 
      </tr> 
      <tr> 
       <td width="149"> <span style="width:149px;font-size:10pt;text-align:center;">전전년도</span> </td> 
       <td colspan="3" width="448"> <span class="xforms_input" style="width:448px;font-size:10pt;">-</span> </td> 
      </tr> 
     </tbody> 
    </table> 
   </div> 
  </div>  
 </body>
</html>