<?xml version="1.0" encoding="utf-8"?>


<DOCUMENT xmlns:xsi="http://www.w3.org/2001/XMLSchema-instance" xsi:noNamespaceSchemaLocation="dart4.xsd">

<DOCUMENT-NAME ACODE="80701">계열금융회사를거래상대방으로한단기금융상품거래의분기별공시</DOCUMENT-NAME>
<FORMULA-VERSION ADATE="20240129">6.0</FORMULA-VERSION>
<COMPANY-NAME AREGCIK="01066988">농업회사법인농협양곡㈜</COMPANY-NAME>


<BODY ATOCID="1">

<SECTION-1 ACLASS="MANDATORY" APARTSOURCE="SOURCE">
<TITLE ATOC="Y" AASSOCNOTE="D-0-1-0-0" ENG="Quarterly Disclosure of Short-term Financial Instrument Transactions with Affiliated Financial Company as Trading Partner" ATOCID="1">계열금융회사를 거래상대방으로 한 단기금융상품 거래의 분기별 공시</TITLE>
<P></P>

<TABLE ACLASS="NORMAL" WIDTH="785" BORDER="1">

<COLGROUP WIDTH="785">
<COL WIDTH="93"></COL>
<COL WIDTH="48"></COL>
<COL WIDTH="63"></COL>
<COL WIDTH="200"></COL>
<COL WIDTH="78"></COL>
<COL WIDTH="81"></COL>
<COL WIDTH="78"></COL>
<COL WIDTH="144"></COL>
</COLGROUP>

<TBODY>

<TR ACOPY="Y" ADELETE="Y" HEIGHT="30">
<TD ALIGN="CENTER" VALIGN="MIDDLE" WIDTH="84" HEIGHT="23">기업집단명</TD>
<TD VALIGN="MIDDLE" WIDTH="39" HEIGHT="23">농협</TD>
<TD ALIGN="CENTER" VALIGN="MIDDLE" WIDTH="54" HEIGHT="23">회사명</TD>
<TD VALIGN="MIDDLE" WIDTH="191" HEIGHT="23">농업회사법인 농협양곡(주)</TD>
<TD ALIGN="CENTER" VALIGN="MIDDLE" WIDTH="69" HEIGHT="23">공시일자</TD>
<TD VALIGN="MIDDLE" WIDTH="72" HEIGHT="23">2026.1.5.</TD>
<TD ALIGN="CENTER" VALIGN="MIDDLE" WIDTH="69" HEIGHT="23">관련법규</TD>
<TD ALIGN="CENTER" VALIGN="MIDDLE" WIDTH="135" HEIGHT="23">공정거래법 제26조</TD>
</TR>
</TBODY>
</TABLE>
<P></P>

<TABLE ACLASS="NORMAL" AFIXTABLE="N" WIDTH="895" BORDER="0">

<COLGROUP WIDTH="895">
<COL WIDTH="448"></COL>
<COL WIDTH="447"></COL>
</COLGROUP>

<TBODY>

<TR ACOPY="Y" ADELETE="Y" HEIGHT="30">
<TD WIDTH="439" HEIGHT="23"></TD>
<TD ALIGN="RIGHT" WIDTH="438" HEIGHT="23">(단위 : 억 원, %)</TD>
</TR>
</TBODY>
</TABLE>

<TABLE ACLASS="NORMAL" AFIXTABLE="N" WIDTH="834" BORDER="1">

<COLGROUP WIDTH="834">
<COL WIDTH="165"></COL>
<COL WIDTH="98"></COL>
<COL WIDTH="78"></COL>
<COL WIDTH="148"></COL>
<COL WIDTH="108"></COL>
<COL WIDTH="98"></COL>
<COL WIDTH="139"></COL>
</COLGROUP>

<THEAD>

<TR ACOPY="Y" ADELETE="Y" HEIGHT="30">
<TH ROWSPAN="2" VALIGN="MIDDLE" WIDTH="156" ACOPYCOL="Y" ADELETECOL="Y" AMOVECOL="N" HEIGHT="53">거래상대방</TH>
<TH ROWSPAN="2" VALIGN="MIDDLE" WIDTH="89" ACOPYCOL="Y" ADELETECOL="Y" AMOVECOL="N" HEIGHT="53">거래일자</TH>
<TH ROWSPAN="2" VALIGN="MIDDLE" WIDTH="69" ACOPYCOL="Y" ADELETECOL="Y" AMOVECOL="N" HEIGHT="53">거래대상</TH>
<TH ROWSPAN="2" VALIGN="MIDDLE" WIDTH="139" ACOPYCOL="Y" ADELETECOL="Y" AMOVECOL="N" HEIGHT="53">거래금액</TH>
<TH COLSPAN="2" VALIGN="MIDDLE" WIDTH="197" ACOPYCOL="Y" ADELETECOL="Y" AMOVECOL="N" HEIGHT="23">거래조건</TH>
<TH ROWSPAN="2" VALIGN="MIDDLE" WIDTH="130" ACOPYCOL="Y" ADELETECOL="Y" AMOVECOL="N" HEIGHT="53">거래목적</TH>
</TR>

<TR ACOPY="Y" ADELETE="Y" HEIGHT="30">
<TH VALIGN="MIDDLE" ACOPYCOL="Y" ADELETECOL="Y" AMOVECOL="N" WIDTH="99" HEIGHT="23">단가/이자율</TH>
<TH VALIGN="MIDDLE" ACOPYCOL="Y" ADELETECOL="Y" AMOVECOL="N" WIDTH="89" HEIGHT="23">기타</TH>
</TR>
</THEAD>

<TBODY>

<TR ACOPY="Y" ADELETE="Y" HEIGHT="30">
<TD ROWSPAN="8" ALIGN="CENTER" VALIGN="MIDDLE" WIDTH="156" HEIGHT="233">농협은행(주)</TD>
<TD VALIGN="MIDDLE" ALIGN="CENTER" WIDTH="89" HEIGHT="23">2025-10-01</TD>
<TD VALIGN="MIDDLE" ALIGN="CENTER" WIDTH="69" HEIGHT="23">MMT</TD>
<TD VALIGN="MIDDLE" ALIGN="CENTER" WIDTH="139" HEIGHT="23">128</TD>
<TD VALIGN="MIDDLE" ALIGN="CENTER" WIDTH="99" HEIGHT="23">시장실세금리</TD>
<TD VALIGN="MIDDLE" ALIGN="CENTER" WIDTH="89" HEIGHT="23">-</TD>
<TD VALIGN="MIDDLE" ALIGN="CENTER" WIDTH="130" HEIGHT="23">운용자금 예치</TD>
</TR>

<TR ACOPY="Y" ADELETE="Y" HEIGHT="30">
<TD VALIGN="MIDDLE" ALIGN="CENTER" WIDTH="89" HEIGHT="23">2025-10-10</TD>
<TD VALIGN="MIDDLE" ALIGN="CENTER" WIDTH="69" HEIGHT="23">MMT</TD>
<TD VALIGN="MIDDLE" ALIGN="CENTER" WIDTH="139" HEIGHT="23">131</TD>
<TD VALIGN="MIDDLE" ALIGN="CENTER" WIDTH="99" HEIGHT="23">시장실세금리</TD>
<TD VALIGN="MIDDLE" ALIGN="CENTER" WIDTH="89" HEIGHT="23">-</TD>
<TD VALIGN="MIDDLE" ALIGN="CENTER" WIDTH="130" HEIGHT="23">운용자금 예치</TD>
</TR>

<TR ACOPY="Y" ADELETE="Y" HEIGHT="30">
<TD VALIGN="MIDDLE" ALIGN="CENTER" WIDTH="89" HEIGHT="23">2025-10-23</TD>
<TD VALIGN="MIDDLE" ALIGN="CENTER" WIDTH="69" HEIGHT="23">MMT</TD>
<TD VALIGN="MIDDLE" ALIGN="CENTER" WIDTH="139" HEIGHT="23">55</TD>
<TD VALIGN="MIDDLE" ALIGN="CENTER" WIDTH="99" HEIGHT="23">시장실세금리</TD>
<TD VALIGN="MIDDLE" ALIGN="CENTER" WIDTH="89" HEIGHT="23">-</TD>
<TD VALIGN="MIDDLE" ALIGN="CENTER" WIDTH="130" HEIGHT="23">운용자금 예치</TD>
</TR>

<TR ACOPY="Y" ADELETE="Y" HEIGHT="30">
<TD VALIGN="MIDDLE" ALIGN="CENTER" WIDTH="89" HEIGHT="23">2025-10-31</TD>
<TD VALIGN="MIDDLE" ALIGN="CENTER" WIDTH="69" HEIGHT="23">MMT</TD>
<TD VALIGN="MIDDLE" ALIGN="CENTER" WIDTH="139" HEIGHT="23">77</TD>
<TD VALIGN="MIDDLE" ALIGN="CENTER" WIDTH="99" HEIGHT="23">시장실세금리</TD>
<TD VALIGN="MIDDLE" ALIGN="CENTER" WIDTH="89" HEIGHT="23">-</TD>
<TD VALIGN="MIDDLE" ALIGN="CENTER" WIDTH="130" HEIGHT="23">운용자금 예치</TD>
</TR>

<TR ACOPY="Y" ADELETE="Y" HEIGHT="30">
<TD VALIGN="MIDDLE" ALIGN="CENTER" WIDTH="89" HEIGHT="23">2025-11-10</TD>
<TD VALIGN="MIDDLE" ALIGN="CENTER" WIDTH="69" HEIGHT="23">MMT</TD>
<TD VALIGN="MIDDLE" ALIGN="CENTER" WIDTH="139" HEIGHT="23">111</TD>
<TD VALIGN="MIDDLE" ALIGN="CENTER" WIDTH="99" HEIGHT="23">시장실세금리</TD>
<TD VALIGN="MIDDLE" ALIGN="CENTER" WIDTH="89" HEIGHT="23">-</TD>
<TD VALIGN="MIDDLE" ALIGN="CENTER" WIDTH="130" HEIGHT="23">운용자금 예치</TD>
</TR>

<TR ACOPY="Y" ADELETE="Y" HEIGHT="30">
<TD VALIGN="MIDDLE" ALIGN="CENTER" WIDTH="89" HEIGHT="23">2025-11-28</TD>
<TD VALIGN="MIDDLE" ALIGN="CENTER" WIDTH="69" HEIGHT="23">MMT</TD>
<TD VALIGN="MIDDLE" ALIGN="CENTER" WIDTH="139" HEIGHT="23">52</TD>
<TD VALIGN="MIDDLE" ALIGN="CENTER" WIDTH="99" HEIGHT="23">시장실세금리</TD>
<TD VALIGN="MIDDLE" ALIGN="CENTER" WIDTH="89" HEIGHT="23">-</TD>
<TD VALIGN="MIDDLE" ALIGN="CENTER" WIDTH="130" HEIGHT="23">운용자금 예치</TD>
</TR>

<TR ACOPY="Y" ADELETE="Y" HEIGHT="30">
<TD VALIGN="MIDDLE" ALIGN="CENTER" WIDTH="89" HEIGHT="23">2025-12-10</TD>
<TD VALIGN="MIDDLE" ALIGN="CENTER" WIDTH="69" HEIGHT="23">MMT</TD>
<TD VALIGN="MIDDLE" ALIGN="CENTER" WIDTH="139" HEIGHT="23">119</TD>
<TD VALIGN="MIDDLE" ALIGN="CENTER" WIDTH="99" HEIGHT="23">시장실세금리</TD>
<TD VALIGN="MIDDLE" ALIGN="CENTER" WIDTH="89" HEIGHT="23">-</TD>
<TD VALIGN="MIDDLE" ALIGN="CENTER" WIDTH="130" HEIGHT="23">운용자금 예치</TD>
</TR>

<TR ACOPY="Y" ADELETE="Y" HEIGHT="30">
<TD COLSPAN="2" ALIGN="CENTER" VALIGN="MIDDLE" WIDTH="167" HEIGHT="23">소   계</TD>
<TD VALIGN="MIDDLE" ALIGN="CENTER" WIDTH="139" HEIGHT="23">673</TD>
<TD VALIGN="MIDDLE" ALIGN="CENTER" WIDTH="99" HEIGHT="23">시장실세금리</TD>
<TD VALIGN="MIDDLE" ALIGN="CENTER" WIDTH="89" HEIGHT="23">-</TD>
<TD VALIGN="MIDDLE" ALIGN="CENTER" WIDTH="130" HEIGHT="23">운용자금 예치</TD>
</TR>

<TR ACOPY="Y" ADELETE="Y" HEIGHT="30">
<TD ROWSPAN="2" ALIGN="CENTER" VALIGN="MIDDLE" WIDTH="156" HEIGHT="53">엔에이치투자증권(주)</TD>
<TD VALIGN="MIDDLE" ALIGN="CENTER" WIDTH="89" HEIGHT="23">2025-10-10</TD>
<TD VALIGN="MIDDLE" ALIGN="CENTER" WIDTH="69" HEIGHT="23">MMDA</TD>
<TD VALIGN="MIDDLE" ALIGN="CENTER" WIDTH="139" HEIGHT="23">150</TD>
<TD VALIGN="MIDDLE" ALIGN="CENTER" WIDTH="99" HEIGHT="23">시장실세금리</TD>
<TD VALIGN="MIDDLE" ALIGN="CENTER" WIDTH="89" HEIGHT="23">-</TD>
<TD VALIGN="MIDDLE" ALIGN="CENTER" WIDTH="130" HEIGHT="23">운용자금 예치</TD>
</TR>

<TR ACOPY="Y" ADELETE="Y" HEIGHT="30">
<TD COLSPAN="2" ALIGN="CENTER" VALIGN="MIDDLE" WIDTH="167" HEIGHT="23">소   계</TD>
<TD VALIGN="MIDDLE" ALIGN="CENTER" WIDTH="139" HEIGHT="23">150</TD>
<TD VALIGN="MIDDLE" ALIGN="CENTER" WIDTH="99" HEIGHT="23">시장실세금리</TD>
<TD VALIGN="MIDDLE" ALIGN="CENTER" WIDTH="89" HEIGHT="23">-</TD>
<TD VALIGN="MIDDLE" ALIGN="CENTER" WIDTH="130" HEIGHT="23">운용자금 예치</TD>
</TR>

<TR ACOPY="Y" ADELETE="Y" HEIGHT="30">
<TD COLSPAN="3" ALIGN="CENTER" VALIGN="MIDDLE" WIDTH="332" HEIGHT="23">합      계</TD>
<TD VALIGN="MIDDLE" ALIGN="CENTER" WIDTH="139" HEIGHT="23">823</TD>
<TD VALIGN="MIDDLE" ALIGN="CENTER" WIDTH="99" HEIGHT="23">시장실세금리</TD>
<TD VALIGN="MIDDLE" ALIGN="CENTER" WIDTH="89" HEIGHT="23">-</TD>
<TD VALIGN="MIDDLE" ALIGN="CENTER" WIDTH="130" HEIGHT="23">운용자금 예치</TD>
</TR>

<TR ACOPY="Y" ADELETE="Y" HEIGHT="53">
<TD COLSPAN="3" ALIGN="CENTER" VALIGN="MIDDLE" WIDTH="332" HEIGHT="46">※ 관련공시일</TD>
<TD VALIGN="MIDDLE" COLSPAN="4" ALIGN="CENTER" WIDTH="484" HEIGHT="46">약관에 의한 금융거래시 계열금융회사의 거래상대방의 공시(2025.1.2.)</TD>
</TR>
</TBODY>
</TABLE>
<P></P>
</SECTION-1>
</BODY>
</DOCUMENT>