<html>
 <head> 
  <meta content="gdi" http-equiv="X-UA-TextLayoutMetrics"> 
  <meta content="text/html; charset=euc-kr" http-equiv="Content-Type"> 
  <STYLE>
.xforms * { font-family: 돋움체;}
.xforms_title * { font-size: 13pt; padding : 0 0 10 0;}

.xforms table {
    font-size: 10px;
    padding:0px;
    border-collapse:collapse;
    color: #3D3D3D;
}
.xforms td {
    padding-left:0px;
    padding-top:0px;
    border-collapse:collapse;
    line-height:22px;
    color: #3D3D3D;
    /*text-align:right;*/
    vertical-align:middle;
    border: 1px solid #7f7f7f;
}

.xforms span {
    /*display: inline-block;*/
    padding-left:3px;
    padding-right: 1px;
    line-height:22px;
    padding-top:0px;
    padding-bottom:0px;
    text-align:left;
    vertical-align:middle;
    border: 0px solid #DBDBDB;
}

.xforms.img{
    border : 0px;
}

.xforms a:link {

    color: #194866;
    text-decoration: none;
}
.xforms a:active {

    color: #194866;
    text-decoration: none;
}
.xforms a:visited {
    color: #194866;
    text-decoration: none;
}

.xforms A:hover {
    color:008BE3;
    text-decoration: none;
}

.xforms_input{
    border: 0px solid #DBDBDB;
    padding-left:3px;
    padding-right: 1px;
    height:22px;
    padding-top:0px;
    padding-bottom:0px;
    text-align:left;
}
</STYLE> 
  <title>대원전선/불성실공시법인지정/(2026.01.05)불성실공시법인지정</title> 
 </head> 
 <body> 
  <div class="xforms"> 
   <div> 
    <span class="noprint" style="display:none;width:600px;font-size:10pt;"> </span> 
    <div class="xforms_title"> 
     <div> 
      <span style="width:598px;font-weight:bold;text-align:center;">불성실공시법인 지정</span> 
     </div> 
    </div> 
    <table border="1" bordercolordark="white" bordercolorlight="#666666" cellpadding="1" cellspacing="0" id="XFormD5_Form0_Table1" style="margin:0px 0px 20px 0px;width:597px;font-size:10pt;border:1px solid #7f7f7f;"> 
     <tbody> 
      <tr> 
       <td colspan="2" width="260"> <span style="width:260px;font-size:10pt;">1. 회사명</span> </td> 
       <td colspan="2" width="337"> <span class="xforms_input" style="width:337px;font-size:10pt;">대원전선(주)</span> </td> 
      </tr> 
      <tr> 
       <td colspan="2" width="260"> <span style="width:260px;font-size:10pt;">2. 불성실공시 유형</span> </td> 
       <td colspan="2" width="337"> <span class="xforms_input" style="width:337px;font-size:10pt;">공시불이행</span> </td> 
      </tr> 
      <tr> 
       <td colspan="2" width="260"> <span style="width:260px;font-size:10pt;">3. 불성실공시 내용</span> </td> 
       <td colspan="2" width="337"> <span class="xforms_input" style="width:337px;font-size:10pt;">유상증자 결정(종속회사의 주요경영사항)(2025.04.14) 사실의 지연 공시(2025.12.17)</span> </td> 
      </tr> 
      <tr> 
       <td colspan="2" width="260"> <span style="width:260px;font-size:10pt;">4. 지정ㆍ부과일자</span> </td> 
       <td colspan="2" width="337"> <span class="xforms_input" style="width:337px;font-size:10pt;">2026-01-06</span> </td> 
      </tr> 
      <tr> 
       <td rowspan="3" width="132"> <span style="width:132px;font-size:10pt;">5. 부과벌점 현황</span> </td> 
       <td width="128"> <span style="width:128px;font-size:10pt;">부과벌점</span> </td> 
       <td colspan="2" width="337"> <span class="xforms_input" style="width:337px;font-size:10pt;text-align:right;">2</span> </td> 
      </tr> 
      <tr> 
       <td width="128"> <span style="width:128px;font-size:10pt;">기 부과벌점</span> </td> 
       <td colspan="2" width="337"> <span class="xforms_input" style="width:337px;font-size:10pt;text-align:right;">0</span> </td> 
      </tr> 
      <tr> 
       <td width="128"> <span style="width:128px;font-size:10pt;">누계벌점</span> </td> 
       <td colspan="2" width="337"> <span class="xforms_input" style="width:337px;font-size:10pt;text-align:right;">2</span> </td> 
      </tr> 
      <tr> 
       <td colspan="2" width="260"> <span style="width:260px;font-size:10pt;">6. 공시위반제재금(원)</span> </td> 
       <td colspan="2" width="337"> <span class="xforms_input" style="width:337px;font-size:10pt;text-align:right;">0</span> </td> 
      </tr> 
      <tr> 
       <td colspan="2" width="260"> <span style="width:260px;font-size:10pt;">7. 공시책임자 등 교체요구 여부</span> </td> 
       <td colspan="2" width="337"> <span class="xforms_input" style="width:337px;font-size:10pt;">미해당</span> </td> 
      </tr> 
      <tr> 
       <td colspan="2" width="260"> <span style="width:260px;font-size:10pt;">
         <!--?javax.xml.transform.disable-output-escaping?--> 
         <!--?javax.xml.transform.enable-output-escaping?-->-  교체요구 대상</span> </td> 
       <td colspan="2" width="337"> <span class="xforms_input" style="width:337px;font-size:10pt;">-</span> </td> 
      </tr> 
      <tr> 
       <td colspan="2" width="260"> <span style="width:260px;font-size:10pt;">8. 근거</span> </td> 
       <td colspan="2" width="337"> <span style="width:337px;font-size:10pt;text-align:center;">유가증권시장 공시규정 제35조 및 제38조의2</span> </td> 
      </tr> 
      <tr> 
       <td colspan="2" width="260"> <span style="width:260px;font-size:10pt;">9. 공시위반관리종목 여부</span> </td> 
       <td colspan="2" width="337"> <span class="xforms_input" style="width:337px;font-size:10pt;">미해당</span> </td> 
      </tr> 
      <tr> 
       <td colspan="4" width="597"> <span style="width:597px;font-size:10pt;">10. 기타 투자판단과 관련한 중요사항</span> </td> 
      </tr> 
      <tr> 
       <td colspan="4" width="597"> <span class="xforms_input" style="width:597px;font-size:10pt;">향후 불성실공시법인 지정으로 벌점이 부과되고 해당 벌점 부과일로부터 과거 1년 이내의 누계벌점이 15점 이상이 되는 경우 유가증권시장상장규정 제47조제1항제12호에 의한 관리종목 지정기준에 해당될 수 있음</span> </td> 
      </tr> 
      <tr> 
       <td colspan="2" width="260"> <span style="width:260px;font-size:10pt;">※ 관련공시</span> </td> 
       <td colspan="2" width="337"> <span style="width:337px;font-size:10pt;"> <a href="http://kind.krx.co.kr/common/disclsviewer.do?method=search&amp;acptno=20251218000706&amp;rcpno=20251218000706&amp;orgid=G&amp;tran=Y" target="_blank" xmlns="http://www.w3.org/1999/xhtml" xmlns:xf="http://www.w3.org/2002/xforms" xmlns:xh="http://www.w3.org/1999/xhtml" xmlns:xsd="http://www.w3.org/2001/XMLSchema">2025-12-18 불성실공시법인지정예고</a> <br xmlns:java="http://xml.apache.org/xalan/java"> </span> </td> 
      </tr> 
     </tbody> 
    </table> 
   </div> 
  </div>  
 </body>
</html>