<html>
 <head> 
  <meta content="gdi" http-equiv="X-UA-TextLayoutMetrics"> 
  <meta content="text/html; charset=euc-kr" http-equiv="Content-Type"> 
  <STYLE>
.xforms * { font-family: 돋움체;}
.xforms_title * { font-size: 13pt; padding : 0 0 10 0;}

.xforms table {
    font-size: 10px;
    padding:0px;
    border-collapse:collapse;
    color: #3D3D3D;
}
.xforms td {
    padding-left:0px;
    padding-top:0px;
    border-collapse:collapse;
    line-height:22px;
    color: #3D3D3D;
    /*text-align:right;*/
    vertical-align:middle;
    border: 1px solid #7f7f7f;
}

.xforms span {
    /*display: inline-block;*/
    padding-left:3px;
    padding-right: 1px;
    line-height:22px;
    padding-top:0px;
    padding-bottom:0px;
    text-align:left;
    vertical-align:middle;
    border: 0px solid #DBDBDB;
}

.xforms.img{
    border : 0px;
}

.xforms a:link {

    color: #194866;
    text-decoration: none;
}
.xforms a:active {

    color: #194866;
    text-decoration: none;
}
.xforms a:visited {
    color: #194866;
    text-decoration: none;
}

.xforms A:hover {
    color:008BE3;
    text-decoration: none;
}

.xforms_input{
    border: 0px solid #DBDBDB;
    padding-left:3px;
    padding-right: 1px;
    height:22px;
    padding-top:0px;
    padding-bottom:0px;
    text-align:left;
}
</STYLE> 
  <title>컴투스/주식소각 결정/(2026.01.05)주식소각 결정</title> 
 </head> 
 <body> 
  <div class="xforms"> 
   <div> 
    <span class="noprint" style="display:none;width:600px;font-size:10pt;"> </span> 
    <div class="xforms_title"> 
     <div> 
      <span class="title" style="width:596px;font-weight:bold;text-align:center;">주식소각 결정</span> 
     </div> 
    </div> 
    <span class="noprint" style="display:none;width:600px;font-size:10pt;"> </span> 
    <table border="1" bordercolordark="white" bordercolorlight="#666666" cellpadding="1" cellspacing="0" id="XFormD6_Form0_Table0" style="margin:0px 0px 20px 0px;width:600px;font-size:10pt;border:1px solid #7f7f7f;"> 
     <tbody> 
      <tr> 
       <td rowspan="2" width="191"> <span style="width:191px;font-size:10pt;">1. 소각할 주식의 종류와 수</span> </td> 
       <td width="89"> <span style="width:89px;font-size:10pt;text-align:center;">보통주식(주)</span> </td> 
       <td colspan="2" width="320"> <span class="xforms_input" style="width:320px;font-size:10pt;text-align:right;">646,442</span> </td> 
      </tr> 
      <tr> 
       <td width="89"> <span style="width:89px;font-size:10pt;text-align:center;">종류주식(주)</span> </td> 
       <td colspan="2" width="320"> <span class="xforms_input" style="width:320px;font-size:10pt;text-align:right;">-</span> </td> 
      </tr> 
      <tr> 
       <td rowspan="2" width="191"> <span style="width:191px;font-size:10pt;">2. 발행주식총수</span> </td> 
       <td width="89"> <span style="width:89px;font-size:10pt;text-align:center;">보통주식(주)</span> </td> 
       <td colspan="2" width="320"> <span class="xforms_input" style="width:320px;font-size:10pt;text-align:right;">12,737,755</span> </td> 
      </tr> 
      <tr> 
       <td width="89"> <span style="width:89px;font-size:10pt;text-align:center;">종류주식(주)</span> </td> 
       <td colspan="2" width="320"> <span class="xforms_input" style="width:320px;font-size:10pt;text-align:right;">-</span> </td> 
      </tr> 
      <tr> 
       <td colspan="2" width="280"> <span style="width:280px;font-size:10pt;">3. 1주당 가액(원)</span> </td> 
       <td colspan="2" width="320"> <span class="xforms_input" style="width:320px;font-size:10pt;text-align:right;">500</span> </td> 
      </tr> 
      <tr> 
       <td colspan="2" width="280"> <span style="width:280px;font-size:10pt;">4. 소각예정금액(원)</span> </td> 
       <td colspan="2" width="320"> <span class="xforms_input" style="width:320px;font-size:10pt;text-align:right;">58,150,027,846</span> </td> 
      </tr> 
      <tr> 
       <td rowspan="2" width="191"> <span style="width:191px;font-size:10pt;">5. 소각을 위한 자기주식 취득 예정기간</span> </td> 
       <td width="89"> <span style="width:89px;font-size:10pt;text-align:center;">시작일</span> </td> 
       <td colspan="2" width="320"> <span class="xforms_input" style="width:320px;font-size:10pt;">-</span> </td> 
      </tr> 
      <tr> 
       <td width="89"> <span style="width:89px;font-size:10pt;text-align:center;">종료일</span> </td> 
       <td colspan="2" width="320"> <span class="xforms_input" style="width:320px;font-size:10pt;">-</span> </td> 
      </tr> 
      <tr> 
       <td colspan="2" width="280"> <span style="width:280px;font-size:10pt;">6. 소각할 주식의 취득방법</span> </td> 
       <td colspan="2" width="320"> <span class="xforms_input" style="width:320px;font-size:10pt;">기취득 자기주식</span> </td> 
      </tr> 
      <tr> 
       <td colspan="2" width="280"> <span style="width:280px;font-size:10pt;">7. 소각 예정일</span> </td> 
       <td colspan="2" width="320"> <span class="xforms_input" style="width:320px;font-size:10pt;">2026-01-12</span> </td> 
      </tr> 
      <tr> 
       <td colspan="2" width="280"> <span style="width:280px;font-size:10pt;">8. 자기주식 취득 위탁 투자중개업자</span> </td> 
       <td colspan="2" width="320"> <span class="xforms_input" style="width:320px;font-size:10pt;">-</span> </td> 
      </tr> 
      <tr> 
       <td colspan="2" width="280"> <span style="width:280px;font-size:10pt;">9. 이사회결의일</span> </td> 
       <td colspan="2" width="320"> <span class="xforms_input" style="width:320px;font-size:10pt;">2026-01-05</span> </td> 
      </tr> 
      <tr> 
       <td rowspan="2" width="191"> <span style="width:191px;font-size:10pt;">-사외이사 참석여부</span> </td> 
       <td width="89"> <span style="width:89px;font-size:10pt;text-align:center;">참석(명)</span> </td> 
       <td colspan="2" width="320"> <span class="xforms_input" style="width:320px;font-size:10pt;text-align:right;">3</span> </td> 
      </tr> 
      <tr> 
       <td width="89"> <span style="width:89px;font-size:10pt;text-align:center;">불참(명)</span> </td> 
       <td colspan="2" width="320"> <span class="xforms_input" style="width:320px;font-size:10pt;text-align:right;">-</span> </td> 
      </tr> 
      <tr> 
       <td colspan="2" width="280"> <span style="width:280px;font-size:10pt;">-감사(감사위원) 참석여부</span> </td> 
       <td colspan="2" width="320"> <span class="xforms_input" style="width:320px;font-size:10pt;">참석</span> </td> 
      </tr> 
      <tr> 
       <td colspan="2" width="280"> <span style="width:280px;font-size:10pt;">10. 공정거래위원회 신고대상 여부</span> </td> 
       <td colspan="2" width="320"> <span class="xforms_input" style="width:320px;font-size:10pt;">미해당</span> </td> 
      </tr> 
      <tr> 
       <td colspan="2" rowspan="2" width="280"> <span style="width:280px;font-size:10pt;">11. 기타 투자판단에 참고할 사항</span> </td> 
       <td colspan="2" width="320"> <span class="xforms_input" style="width:320px;font-size:10pt;">- 자기주식 소각의 법적 근거: 상법 제343조 제1항 <br xmlns:java="http://xml.apache.org/xalan/java"> <br xmlns:java="http://xml.apache.org/xalan/java">- 상기 주식 소각은 '배당가능이익 범위 내'에서 취득한 자기주식을 소각하는 것으로 발행주식총수(보통주식)는 감소하나, 자본금의 감소는 없습니다. <br xmlns:java="http://xml.apache.org/xalan/java"> <br xmlns:java="http://xml.apache.org/xalan/java">- 상기 '1. 소각할 주식의 종류와 수 - 보통주식(주)'은 발행주식총수의 5.1% 규모이며, 소각 전 기보유 자기주식총수(1,292,884주)의 50.0% 규모입니다. <br xmlns:java="http://xml.apache.org/xalan/java"> <br xmlns:java="http://xml.apache.org/xalan/java">- 상기 '2. 발행주식총수'는 주식 소각 전 주식수이며, 소각 완료 후 보통주 발행주식총수는 12,091,313주로 변경될 예정입니다. <br xmlns:java="http://xml.apache.org/xalan/java"> <br xmlns:java="http://xml.apache.org/xalan/java">- 상기 '4. 소각예정금액(원)'은 소각대상 자기주식 수에 보통주 자기주식 평균취득단가를 곱하여 산출한 이사회 결의일 현재 장부가액 기준입니다. <br xmlns:java="http://xml.apache.org/xalan/java"> <br xmlns:java="http://xml.apache.org/xalan/java">- 상기 '7. 소각 예정일'은 관계기관과의 협의 과정에서 변경될 수 있습니다. <br xmlns:java="http://xml.apache.org/xalan/java"> <br xmlns:java="http://xml.apache.org/xalan/java">- 금번 공시는 기취득한 자기주식 소각에 대한 결정인 바, 본 공시로 자기주식처분 공시를 갈음합니다.</span> </td> 
      </tr> 
      <tr> 
       <td width="94"> <span style="width:94px;font-size:10pt;">※관련공시</span> </td> 
       <td width="226"> <span class="xforms_input" style="width:226px;font-size:10pt;">-</span> </td> 
      </tr> 
     </tbody> 
    </table> 
   </div> 
  </div>  
 </body>
</html>