<?xml version="1.0" encoding="utf-8"?>


<DOCUMENT xmlns:xsi="http://www.w3.org/2001/XMLSchema-instance" xsi:noNamespaceSchemaLocation="dart4.xsd">

<DOCUMENT-NAME ACODE="00683">자기주식처분결과보고서</DOCUMENT-NAME>
<FORMULA-VERSION ADATE="20251230">6.1</FORMULA-VERSION>
<COMPANY-NAME AREGCIK="00172185">(주)남성</COMPANY-NAME>


<BODY ATOCID="14">

<LIBRARY>
<CORRECTION>
<TITLE ATOC="Y" AASSOCNOTE="CORRECTION" ENG="Report of Disclosure Revision" ATOCID="12">정 정 신 고 (보고)</TITLE>

<TABLE ACLASS="NORMAL" AFIXTABLE="Y" WIDTH="600" BORDER="0">

<COLGROUP WIDTH="600">
<COL WIDTH="600"></COL>
</COLGROUP>

<TBODY>

<TR ACOPY="N" ADELETE="N" HEIGHT="30">
<TD WIDTH="591" HEIGHT="23"></TD>
</TR>

<TR ACOPY="N" ADELETE="N" HEIGHT="30">
<TD WIDTH="591" HEIGHT="23" ALIGN="RIGHT">2026년    01월    05일</TD>
</TR>
</TBODY>
</TABLE>
<P></P>
<P></P>

<TABLE ACLASS="NORMAL" AFIXTABLE="Y" WIDTH="600" BORDER="0">

<COLGROUP WIDTH="600">
<COL WIDTH="165"></COL>
<COL WIDTH="435"></COL>
</COLGROUP>

<TBODY>

<TR ACOPY="N" ADELETE="N" HEIGHT="30">
<TD WIDTH="156" VALIGN="MIDDLE" AUPDATECONT="N" ENG="1. Disclosure document to be revised:" HEIGHT="23">1. 정정대상 공시서류 :</TD>
<TD WIDTH="426" VALIGN="MIDDLE" HEIGHT="23">자기주식처분결과보고서</TD>
</TR>
</TBODY>
</TABLE>
<P></P>

<TABLE ACLASS="NORMAL" AFIXTABLE="Y" WIDTH="600" BORDER="0">

<COLGROUP WIDTH="600">
<COL WIDTH="260"></COL>
<COL WIDTH="340"></COL>
</COLGROUP>

<TBODY>

<TR ACOPY="N" ADELETE="N" HEIGHT="30">
<TD WIDTH="251" VALIGN="MIDDLE" AUPDATECONT="N" ENG="2. First submission date of disclosure document to be revised:" HEIGHT="23">2. 정정대상 공시서류의 최초제출일 :</TD>
<TD WIDTH="331" VALIGN="MIDDLE" HEIGHT="23">2024년 02월 01일</TD>
</TR>
</TBODY>
</TABLE>
<P></P>

<TABLE ACLASS="NORMAL" AFIXTABLE="Y" WIDTH="600" BORDER="0">

<COLGROUP WIDTH="600">
<COL WIDTH="600"></COL>
</COLGROUP>

<TBODY>

<TR ACOPY="N" ADELETE="N" HEIGHT="30">
<TD WIDTH="591" HEIGHT="23" VALIGN="MIDDLE" AUPDATECONT="N" ENG="3. Revised Information">3. 정정사항</TD>
</TR>
</TBODY>
</TABLE>

<TABLE ACLASS="NORMAL" AFIXTABLE="N" WIDTH="934" BORDER="1">

<COLGROUP WIDTH="934">
<COL WIDTH="406"></COL>
<COL WIDTH="213"></COL>
<COL WIDTH="164"></COL>
<COL WIDTH="151"></COL>
</COLGROUP>

<THEAD>

<TR ACOPY="N" ADELETE="N" HEIGHT="30">
<TH WIDTH="397" VALIGN="MIDDLE" ACOPYCOL="N" ADELETECOL="N" AMOVECOL="N" AUPDATECONT="N" ENG="Items" HEIGHT="23">항  목</TH>
<TH WIDTH="204" VALIGN="MIDDLE" ACOPYCOL="N" ADELETECOL="N" AMOVECOL="N" AUPDATECONT="N" ENG="Reason for revision" HEIGHT="23">정정사유</TH>
<TH WIDTH="155" VALIGN="MIDDLE" ACOPYCOL="N" ADELETECOL="N" AMOVECOL="N" AUPDATECONT="N" ENG="Before revision" HEIGHT="23">정 정 전</TH>
<TH WIDTH="142" VALIGN="MIDDLE" ACOPYCOL="N" ADELETECOL="N" AMOVECOL="N" AUPDATECONT="N" ENG="After revision" HEIGHT="23">정 정 후</TH>
</TR>
</THEAD>

<TBODY>

<TR ACOPY="Y" ADELETE="Y" HEIGHT="53">
<TD VALIGN="MIDDLE" WIDTH="397" HEIGHT="46">2.처분보고에 관한 내용다. 처분보고 주식의 종류 및 주식수</TD>
<TD VALIGN="MIDDLE" WIDTH="204" HEIGHT="46">교환사채 일부 조기상환에따른 교환대상 자기주식 환입</TD>
<TD ALIGN="RIGHT" VALIGN="MIDDLE" WIDTH="155" HEIGHT="46">보통주식 2,173,913주</TD>
<TD ALIGN="RIGHT" VALIGN="MIDDLE" WIDTH="142" HEIGHT="46">보통주식 173,913주</TD>
</TR>

<TR ACOPY="Y" ADELETE="Y" HEIGHT="53">
<TD VALIGN="MIDDLE" WIDTH="397" HEIGHT="46">3. 처분내용</TD>
<TD VALIGN="MIDDLE" WIDTH="204" HEIGHT="46">교환사채 일부 조기상환에따른 교환대상 자기주식 환입</TD>
<TD ALIGN="CENTER" VALIGN="MIDDLE" WIDTH="155" HEIGHT="46">[3-1. 정정전]</TD>
<TD ALIGN="CENTER" VALIGN="MIDDLE" WIDTH="142" HEIGHT="46">[3-2. 정정후]</TD>
</TR>

<TR ACOPY="Y" ADELETE="Y" HEIGHT="53">
<TD VALIGN="MIDDLE" WIDTH="397" HEIGHT="46">4. 처분보고에 관한 내용과 실제 처분내용 일치 여부</TD>
<TD VALIGN="MIDDLE" WIDTH="204" HEIGHT="46">교환사채 일부 조기상환에따른 교환대상 자기주식 환입</TD>
<TD ALIGN="CENTER" VALIGN="MIDDLE" WIDTH="155" HEIGHT="46">[4-1. 정정전]</TD>
<TD ALIGN="CENTER" VALIGN="MIDDLE" WIDTH="142" HEIGHT="46">[4-2. 정정후]</TD>
</TR>

<TR ACOPY="Y" ADELETE="Y" HEIGHT="53">
<TD VALIGN="MIDDLE" WIDTH="397" HEIGHT="46">5. 처분후 자기주식등의 보유상황</TD>
<TD VALIGN="MIDDLE" WIDTH="204" HEIGHT="46">교환사채 일부 조기상환에따른 교환대상 자기주식 환입</TD>
<TD ALIGN="CENTER" VALIGN="MIDDLE" WIDTH="155" HEIGHT="46">[5-1. 정정전]</TD>
<TD ALIGN="CENTER" VALIGN="MIDDLE" WIDTH="142" HEIGHT="46">[5-2. 정정후]</TD>
</TR>
</TBODY>
</TABLE>
<P></P>
<P></P>
<P>[3-1. 정정전]</P>

<TABLE BORDER="0" WIDTH="841" ACLASS="NORMAL" AFIXTABLE="N">

<COLGROUP WIDTH="841">
<COL WIDTH="386"></COL>
<COL WIDTH="455"></COL>
</COLGROUP>

<TBODY>

<TR ACOPY="Y" ADELETE="Y" HEIGHT="53">
<TD ALIGN="RIGHT" WIDTH="377" HEIGHT="46"></TD>
<TD ALIGN="RIGHT" WIDTH="446" HEIGHT="46">(단위 : 원, 주)</TD>
</TR>
</TBODY>
</TABLE>

<TABLE BORDER="1" WIDTH="840" ACLASS="NORMAL" AFIXTABLE="N">

<COLGROUP WIDTH="840">
<COL WIDTH="137"></COL>
<COL WIDTH="78"></COL>
<COL WIDTH="78"></COL>
<COL WIDTH="84"></COL>
<COL WIDTH="78"></COL>
<COL WIDTH="121"></COL>
<COL WIDTH="78"></COL>
<COL WIDTH="108"></COL>
<COL WIDTH="78"></COL>
</COLGROUP>

<THEAD>

<TR ACOPY="Y" ADELETE="Y" HEIGHT="30">
<TH ROWSPAN="2" WIDTH="128" USERMARK="BC0XDCDCDC" VALIGN="MIDDLE" ACOPYCOL="Y" ADELETECOL="Y" AMOVECOL="N" HEIGHT="53">일  자</TH>
<TH ROWSPAN="2" WIDTH="69" USERMARK="BC0XDCDCDC" VALIGN="MIDDLE" ACOPYCOL="Y" ADELETECOL="Y" AMOVECOL="N" HEIGHT="53">종  류</TH>
<TH COLSPAN="2" WIDTH="153" USERMARK="BC0XDCDCDC" VALIGN="MIDDLE" ACOPYCOL="Y" ADELETECOL="Y" AMOVECOL="N" HEIGHT="23">수  량</TH>
<TH ROWSPAN="2" WIDTH="69" USERMARK="BC0XDCDCDC" VALIGN="MIDDLE" ACOPYCOL="Y" ADELETECOL="Y" AMOVECOL="N" HEIGHT="53">1주당처분가액</TH>
<TH ROWSPAN="2" WIDTH="112" USERMARK="BC0XDCDCDC" VALIGN="MIDDLE" ACOPYCOL="Y" ADELETECOL="Y" AMOVECOL="N" HEIGHT="53">처분가액총　　액</TH>
<TH ROWSPAN="2" WIDTH="69" USERMARK="BC0XDCDCDC" VALIGN="MIDDLE" ACOPYCOL="Y" ADELETECOL="Y" AMOVECOL="N" HEIGHT="53">처분대상</TH>
<TH COLSPAN="2" WIDTH="177" USERMARK="BC0XDCDCDC" VALIGN="MIDDLE" ACOPYCOL="Y" ADELETECOL="Y" AMOVECOL="N" HEIGHT="23">매도위탁 증권회사</TH>
</TR>

<TR ACOPY="Y" ADELETE="Y" HEIGHT="30">
<TH USERMARK="BC0XDCDCDC" VALIGN="MIDDLE" ACOPYCOL="Y" ADELETECOL="Y" AMOVECOL="N" WIDTH="69" HEIGHT="23">주문수량</TH>
<TH USERMARK="BC0XDCDCDC" VALIGN="MIDDLE" ACOPYCOL="Y" ADELETECOL="Y" AMOVECOL="N" WIDTH="75" HEIGHT="23">처분수량</TH>
<TH USERMARK="BC0XDCDCDC" VALIGN="MIDDLE" ACOPYCOL="Y" ADELETECOL="Y" AMOVECOL="N" WIDTH="99" HEIGHT="23">금융투자업자</TH>
<TH USERMARK="BC0XDCDCDC" VALIGN="MIDDLE" ACOPYCOL="Y" ADELETECOL="Y" AMOVECOL="N" WIDTH="69" HEIGHT="23">고유번호</TH>
</TR>
</THEAD>

<TBODY>

<TR ACOPY="Y" ADELETE="Y" HEIGHT="30">
<TD ALIGN="CENTER" WIDTH="128" HEIGHT="23">2024년 02월 01일</TD>
<TD ALIGN="CENTER" WIDTH="69" HEIGHT="23">보통주식</TD>
<TD ALIGN="RIGHT" WIDTH="69" HEIGHT="23">-</TD>
<TD ALIGN="RIGHT" WIDTH="75" HEIGHT="23">2,173,913</TD>
<TD ALIGN="RIGHT" WIDTH="69" HEIGHT="23">2,300</TD>
<TD ALIGN="RIGHT" WIDTH="112" HEIGHT="23">5,000,000,000</TD>
<TD ALIGN="CENTER" VALIGN="MIDDLE" WIDTH="69" HEIGHT="23">-</TD>
<TD ALIGN="CENTER" WIDTH="99" HEIGHT="23">-</TD>
<TD ALIGN="CENTER" WIDTH="69" HEIGHT="23">-</TD>
</TR>

<TR ACOPY="Y" ADELETE="Y" HEIGHT="30">
<TD ALIGN="CENTER" WIDTH="128" HEIGHT="23">계</TD>
<TD ALIGN="CENTER" WIDTH="69" HEIGHT="23">-</TD>
<TD ALIGN="RIGHT" WIDTH="69" HEIGHT="23">-</TD>
<TD ALIGN="RIGHT" WIDTH="75" HEIGHT="23">2,173,913</TD>
<TD ALIGN="RIGHT" WIDTH="69" HEIGHT="23">2,300</TD>
<TD ALIGN="RIGHT" WIDTH="112" HEIGHT="23">5,000,000,000</TD>
<TD ALIGN="CENTER" WIDTH="69" HEIGHT="23">-</TD>
<TD ALIGN="CENTER" WIDTH="99" HEIGHT="23">-</TD>
<TD ALIGN="CENTER" WIDTH="69" HEIGHT="23">-</TD>
</TR>
</TBODY>
</TABLE>
<P>- 상기 자기주식 처분내용은 당사가 2024.02.01일 발행한 제31회 무기명식 이권부 무보증 사모 교환사채와 관련하여 동 사채의 교환대상 주식인 자기주식 총 2,173,913주가 동일자에 교환청구된 것으로 간주하여 작성하였습니다.- 상기 처분가액 총액은 교환사채 발행금액으로 단수주대금 100원이 포함되어   있습니다.- 실제 본 자기주식 처분내용은 교환사채의 교환청구 시점에 확정되며, 해당 자기주식은 현재 한국예탁결제원에 예탁되어 있습니다.- 동 교환사채의 발행 및 자기주식 처분 결정 관련 세부사항은 2024.01.30일자 당사의 '주요사항보고서(교환사채권 발행결정)' 및 '주요사항보고서(자기주식 처분 결정) 공시를 참고하여 주시기 바랍니다.[3-2. 정정후]</P>

<TABLE BORDER="0" WIDTH="841" ACLASS="NORMAL" AFIXTABLE="N">

<COLGROUP WIDTH="841">
<COL WIDTH="386"></COL>
<COL WIDTH="455"></COL>
</COLGROUP>

<TBODY>

<TR ACOPY="Y" ADELETE="Y" HEIGHT="30">
<TD ALIGN="RIGHT" WIDTH="377" HEIGHT="23"></TD>
<TD ALIGN="RIGHT" WIDTH="446" HEIGHT="23">(단위 : 원, 주)</TD>
</TR>
</TBODY>
</TABLE>

<TABLE BORDER="1" WIDTH="840" ACLASS="NORMAL" AFIXTABLE="N">

<COLGROUP WIDTH="840">
<COL WIDTH="137"></COL>
<COL WIDTH="78"></COL>
<COL WIDTH="78"></COL>
<COL WIDTH="84"></COL>
<COL WIDTH="78"></COL>
<COL WIDTH="121"></COL>
<COL WIDTH="78"></COL>
<COL WIDTH="108"></COL>
<COL WIDTH="78"></COL>
</COLGROUP>

<THEAD>

<TR ACOPY="Y" ADELETE="Y" HEIGHT="30">
<TH ROWSPAN="2" WIDTH="128" USERMARK="BC0XDCDCDC" VALIGN="MIDDLE" ACOPYCOL="Y" ADELETECOL="Y" AMOVECOL="N" HEIGHT="53">일  자</TH>
<TH ROWSPAN="2" WIDTH="69" USERMARK="BC0XDCDCDC" VALIGN="MIDDLE" ACOPYCOL="Y" ADELETECOL="Y" AMOVECOL="N" HEIGHT="53">종  류</TH>
<TH COLSPAN="2" WIDTH="153" USERMARK="BC0XDCDCDC" VALIGN="MIDDLE" ACOPYCOL="Y" ADELETECOL="Y" AMOVECOL="N" HEIGHT="23">수  량</TH>
<TH ROWSPAN="2" WIDTH="69" USERMARK="BC0XDCDCDC" VALIGN="MIDDLE" ACOPYCOL="Y" ADELETECOL="Y" AMOVECOL="N" HEIGHT="53">1주당처분가액</TH>
<TH ROWSPAN="2" WIDTH="112" USERMARK="BC0XDCDCDC" VALIGN="MIDDLE" ACOPYCOL="Y" ADELETECOL="Y" AMOVECOL="N" HEIGHT="53">처분가액총　　액</TH>
<TH ROWSPAN="2" WIDTH="69" USERMARK="BC0XDCDCDC" VALIGN="MIDDLE" ACOPYCOL="Y" ADELETECOL="Y" AMOVECOL="N" HEIGHT="53">처분대상</TH>
<TH COLSPAN="2" WIDTH="177" USERMARK="BC0XDCDCDC" VALIGN="MIDDLE" ACOPYCOL="Y" ADELETECOL="Y" AMOVECOL="N" HEIGHT="23">매도위탁 증권회사</TH>
</TR>

<TR ACOPY="Y" ADELETE="Y" HEIGHT="30">
<TH USERMARK="BC0XDCDCDC" VALIGN="MIDDLE" ACOPYCOL="Y" ADELETECOL="Y" AMOVECOL="N" WIDTH="69" HEIGHT="23">주문수량</TH>
<TH USERMARK="BC0XDCDCDC" VALIGN="MIDDLE" ACOPYCOL="Y" ADELETECOL="Y" AMOVECOL="N" WIDTH="75" HEIGHT="23">처분수량</TH>
<TH USERMARK="BC0XDCDCDC" VALIGN="MIDDLE" ACOPYCOL="Y" ADELETECOL="Y" AMOVECOL="N" WIDTH="99" HEIGHT="23">금융투자업자</TH>
<TH USERMARK="BC0XDCDCDC" VALIGN="MIDDLE" ACOPYCOL="Y" ADELETECOL="Y" AMOVECOL="N" WIDTH="69" HEIGHT="23">고유번호</TH>
</TR>
</THEAD>

<TBODY>

<TR ACOPY="Y" ADELETE="Y" HEIGHT="30">
<TD ALIGN="CENTER" WIDTH="128" HEIGHT="23">2024년 02월 01일</TD>
<TD ALIGN="CENTER" WIDTH="69" HEIGHT="23">보통주식</TD>
<TD ALIGN="RIGHT" WIDTH="69" HEIGHT="23">-</TD>
<TD ALIGN="RIGHT" WIDTH="75" HEIGHT="23">173,913</TD>
<TD ALIGN="RIGHT" WIDTH="69" HEIGHT="23">2,300</TD>
<TD ALIGN="RIGHT" WIDTH="112" HEIGHT="23">400,000,000</TD>
<TD ALIGN="CENTER" VALIGN="MIDDLE" WIDTH="69" HEIGHT="23">-</TD>
<TD ALIGN="CENTER" WIDTH="99" HEIGHT="23">-</TD>
<TD ALIGN="CENTER" WIDTH="69" HEIGHT="23">-</TD>
</TR>

<TR ACOPY="Y" ADELETE="Y" HEIGHT="30">
<TD ALIGN="CENTER" WIDTH="128" HEIGHT="23">계</TD>
<TD ALIGN="CENTER" WIDTH="69" HEIGHT="23">-</TD>
<TD ALIGN="RIGHT" WIDTH="69" HEIGHT="23">-</TD>
<TD ALIGN="RIGHT" WIDTH="75" HEIGHT="23">173,913</TD>
<TD ALIGN="RIGHT" WIDTH="69" HEIGHT="23">2,300</TD>
<TD ALIGN="RIGHT" WIDTH="112" HEIGHT="23">400,000,000</TD>
<TD ALIGN="CENTER" WIDTH="69" HEIGHT="23">-</TD>
<TD ALIGN="CENTER" WIDTH="99" HEIGHT="23">-</TD>
<TD ALIGN="CENTER" WIDTH="69" HEIGHT="23">-</TD>
</TR>
</TBODY>
</TABLE>

<P>- 상기 자기주식 처분내용은 
<SPAN></SPAN>
<SPAN>당사가 2024.02.01일 발행한 제31회 무기명식 이권부 무보증 사모 교환사채와 관련하여 동 사채의 교환대상 주식인 자기주식 총 2,173,913주 중에서 금번 정정신고일 기준으로 채권자의 조기상환청구권(Put option)의 행사로 인해 만기전 일부 조기상환 된 사채금액의 교환대상 주식인 자기주식 2,000,000주를 제외한 173,913주가 교환청구 된 것으로 간주하였습니다.</SPAN>
<SPAN></SPAN>- 상기 처분가액 총액은 교환사채 발행금액으로 단수주대금 100원이 포함되어 있습니다.- 실제 본 자기주식 처분내용은 교환사채의 교환청구 시점에 확정되며, 해당 자기주식은 현재 한국예탁결제원에 예탁되어 있습니다.- 동 교환사채의 발행 및 자기주식 처분 결정 관련 세부사항은 2024.01.30일자 당사의 '주요사항보고서(교환사채권 발행결정)' 및 2025.01.05일자 '주요사항보고서(자기주식 처분 결정) 공시를 참고하여 주시기 바랍니다.
</P>
<P>[4-1 정정전]</P>

<TABLE BORDER="1" WIDTH="721" ACLASS="NORMAL" AFIXTABLE="N">

<COLGROUP WIDTH="721">
<COL WIDTH="117"></COL>
<COL WIDTH="117"></COL>
<COL WIDTH="118"></COL>
<COL WIDTH="118"></COL>
<COL WIDTH="80"></COL>
<COL WIDTH="171"></COL>
</COLGROUP>

<THEAD>

<TR ACOPY="Y" ADELETE="Y" HEIGHT="30">
<TH COLSPAN="2" WIDTH="225" USERMARK="BC0XDCDCDC" VALIGN="MIDDLE" ACOPYCOL="Y" ADELETECOL="Y" AMOVECOL="N" HEIGHT="23">처분예정주식(주)</TH>
<TH COLSPAN="2" WIDTH="227" USERMARK="BC0XDCDCDC" VALIGN="MIDDLE" ACOPYCOL="Y" ADELETECOL="Y" AMOVECOL="N" HEIGHT="23">처분주식 총수(주)</TH>
<TH ROWSPAN="2" WIDTH="71" USERMARK="BC0XDCDCDC" VALIGN="MIDDLE" ACOPYCOL="Y" ADELETECOL="Y" AMOVECOL="N" HEIGHT="53">일치여부</TH>
<TH ROWSPAN="2" WIDTH="162" USERMARK="BC0XDCDCDC" VALIGN="MIDDLE" ACOPYCOL="Y" ADELETECOL="Y" AMOVECOL="N" HEIGHT="53">차이발생시 사유</TH>
</TR>

<TR ACOPY="Y" ADELETE="Y" HEIGHT="30">
<TH WIDTH="108" USERMARK="BC0XDCDCDC" VALIGN="MIDDLE" ACOPYCOL="Y" ADELETECOL="Y" AMOVECOL="N" HEIGHT="23">보통주식</TH>
<TH WIDTH="108" USERMARK="BC0XDCDCDC" VALIGN="MIDDLE" ACOPYCOL="Y" ADELETECOL="Y" AMOVECOL="N" HEIGHT="23">기타주식</TH>
<TH WIDTH="109" USERMARK="BC0XDCDCDC" VALIGN="MIDDLE" ACOPYCOL="Y" ADELETECOL="Y" AMOVECOL="N" HEIGHT="23">보통주식</TH>
<TH WIDTH="109" USERMARK="BC0XDCDCDC" VALIGN="MIDDLE" ACOPYCOL="Y" ADELETECOL="Y" AMOVECOL="N" HEIGHT="23">기타주식</TH>
</TR>
</THEAD>

<TBODY>

<TR ACOPY="Y" ADELETE="Y" HEIGHT="30">
<TD ALIGN="RIGHT" WIDTH="108" VALIGN="MIDDLE" HEIGHT="23">2,173,913</TD>
<TD ALIGN="RIGHT" WIDTH="108" VALIGN="MIDDLE" HEIGHT="23">-</TD>
<TD ALIGN="RIGHT" WIDTH="109" VALIGN="MIDDLE" HEIGHT="23">2,173,913</TD>
<TD ALIGN="RIGHT" WIDTH="109" VALIGN="MIDDLE" HEIGHT="23">-</TD>
<TD ALIGN="CENTER" WIDTH="71" VALIGN="MIDDLE" HEIGHT="23">일치</TD>
<TD ALIGN="CENTER" WIDTH="162" VALIGN="MIDDLE" HEIGHT="23">-</TD>
</TR>
</TBODY>
</TABLE>
<P>[4-2. 정정후]</P>

<TABLE BORDER="1" WIDTH="721" ACLASS="NORMAL" AFIXTABLE="N">

<COLGROUP WIDTH="721">
<COL WIDTH="117"></COL>
<COL WIDTH="117"></COL>
<COL WIDTH="118"></COL>
<COL WIDTH="118"></COL>
<COL WIDTH="80"></COL>
<COL WIDTH="171"></COL>
</COLGROUP>

<THEAD>

<TR ACOPY="Y" ADELETE="Y" HEIGHT="30">
<TH COLSPAN="2" WIDTH="225" USERMARK="BC0XDCDCDC" VALIGN="MIDDLE" ACOPYCOL="Y" ADELETECOL="Y" AMOVECOL="N" HEIGHT="23">처분예정주식(주)</TH>
<TH COLSPAN="2" WIDTH="227" USERMARK="BC0XDCDCDC" VALIGN="MIDDLE" ACOPYCOL="Y" ADELETECOL="Y" AMOVECOL="N" HEIGHT="23">처분주식 총수(주)</TH>
<TH ROWSPAN="2" WIDTH="71" USERMARK="BC0XDCDCDC" VALIGN="MIDDLE" ACOPYCOL="Y" ADELETECOL="Y" AMOVECOL="N" HEIGHT="53">일치여부</TH>
<TH ROWSPAN="2" WIDTH="162" USERMARK="BC0XDCDCDC" VALIGN="MIDDLE" ACOPYCOL="Y" ADELETECOL="Y" AMOVECOL="N" HEIGHT="53">차이발생시 사유</TH>
</TR>

<TR ACOPY="Y" ADELETE="Y" HEIGHT="30">
<TH WIDTH="108" USERMARK="BC0XDCDCDC" VALIGN="MIDDLE" ACOPYCOL="Y" ADELETECOL="Y" AMOVECOL="N" HEIGHT="23">보통주식</TH>
<TH WIDTH="108" USERMARK="BC0XDCDCDC" VALIGN="MIDDLE" ACOPYCOL="Y" ADELETECOL="Y" AMOVECOL="N" HEIGHT="23">기타주식</TH>
<TH WIDTH="109" USERMARK="BC0XDCDCDC" VALIGN="MIDDLE" ACOPYCOL="Y" ADELETECOL="Y" AMOVECOL="N" HEIGHT="23">보통주식</TH>
<TH WIDTH="109" USERMARK="BC0XDCDCDC" VALIGN="MIDDLE" ACOPYCOL="Y" ADELETECOL="Y" AMOVECOL="N" HEIGHT="23">기타주식</TH>
</TR>
</THEAD>

<TBODY>

<TR ACOPY="Y" ADELETE="Y" HEIGHT="30">
<TD ALIGN="RIGHT" WIDTH="108" VALIGN="MIDDLE" HEIGHT="23">173,913</TD>
<TD ALIGN="RIGHT" WIDTH="108" VALIGN="MIDDLE" HEIGHT="23">-</TD>
<TD ALIGN="RIGHT" WIDTH="109" VALIGN="MIDDLE" HEIGHT="23">173,913</TD>
<TD ALIGN="RIGHT" WIDTH="109" VALIGN="MIDDLE" HEIGHT="23">-</TD>
<TD ALIGN="CENTER" WIDTH="71" VALIGN="MIDDLE" HEIGHT="23">일치</TD>
<TD ALIGN="CENTER" WIDTH="162" VALIGN="MIDDLE" HEIGHT="23">-</TD>
</TR>
</TBODY>
</TABLE>
<P>[5-1 정정전]</P>

<TABLE BORDER="0" WIDTH="763" ACLASS="NORMAL" AFIXTABLE="N">

<COLGROUP WIDTH="763">
<COL WIDTH="19"></COL>
<COL WIDTH="152"></COL>
<COL WIDTH="243"></COL>
<COL WIDTH="349"></COL>
</COLGROUP>

<TBODY>

<TR ACOPY="Y" ADELETE="Y" HEIGHT="30">
<TD ALIGN="RIGHT" WIDTH="10" HEIGHT="23">[</TD>
<TD ALIGN="CENTER" WIDTH="143" HEIGHT="23">2024년 02월 01일</TD>
<TD WIDTH="234" HEIGHT="23">현재]</TD>
<TD ALIGN="RIGHT" WIDTH="340" HEIGHT="23">(단위 : 원, 주, %)</TD>
</TR>
</TBODY>
</TABLE>

<TABLE BORDER="1" WIDTH="798" ACLASS="NORMAL" AFIXTABLE="N">

<COLGROUP WIDTH="798">
<COL WIDTH="78"></COL>
<COL WIDTH="84"></COL>
<COL WIDTH="48"></COL>
<COL WIDTH="113"></COL>
<COL WIDTH="104"></COL>
<COL WIDTH="48"></COL>
<COL WIDTH="78"></COL>
<COL WIDTH="84"></COL>
<COL WIDTH="48"></COL>
<COL WIDTH="113"></COL>
</COLGROUP>

<THEAD>

<TR ACOPY="Y" ADELETE="Y" HEIGHT="53">
<TH ROWSPAN="2" WIDTH="69" USERMARK="BC0XDCDCDC" VALIGN="MIDDLE" ACOPYCOL="Y" ADELETECOL="Y" AMOVECOL="N" HEIGHT="76">주식의종　류</TH>
<TH COLSPAN="3" WIDTH="236" USERMARK="BC0XDCDCDC" VALIGN="MIDDLE" ACOPYCOL="Y" ADELETECOL="Y" AMOVECOL="N" HEIGHT="46">법제165조의3의규정에 의한 보유상황(A)</TH>
<TH COLSPAN="3" WIDTH="221" USERMARK="BC0XDCDCDC" VALIGN="MIDDLE" ACOPYCOL="Y" ADELETECOL="Y" AMOVECOL="N" HEIGHT="46">법제165조의3의신탁계약등에 의한 보유상황(B)</TH>
<TH COLSPAN="3" WIDTH="236" USERMARK="BC0XDCDCDC" VALIGN="MIDDLE" ACOPYCOL="Y" ADELETECOL="Y" AMOVECOL="N" HEIGHT="46">계(A + B)</TH>
</TR>

<TR ACOPY="Y" ADELETE="Y" HEIGHT="30">
<TH WIDTH="75" USERMARK="BC0XDCDCDC" VALIGN="MIDDLE" ACOPYCOL="Y" ADELETECOL="Y" AMOVECOL="N" HEIGHT="23">수량</TH>
<TH WIDTH="39" USERMARK="BC0XDCDCDC" VALIGN="MIDDLE" ACOPYCOL="Y" ADELETECOL="Y" AMOVECOL="N" HEIGHT="23">비율</TH>
<TH WIDTH="104" USERMARK="BC0XDCDCDC" VALIGN="MIDDLE" ACOPYCOL="Y" ADELETECOL="Y" AMOVECOL="N" HEIGHT="23">총가액</TH>
<TH WIDTH="95" USERMARK="BC0XDCDCDC" VALIGN="MIDDLE" ACOPYCOL="Y" ADELETECOL="Y" AMOVECOL="N" HEIGHT="23">수량</TH>
<TH WIDTH="39" USERMARK="BC0XDCDCDC" VALIGN="MIDDLE" ACOPYCOL="Y" ADELETECOL="Y" AMOVECOL="N" HEIGHT="23">비율</TH>
<TH WIDTH="69" USERMARK="BC0XDCDCDC" VALIGN="MIDDLE" ACOPYCOL="Y" ADELETECOL="Y" AMOVECOL="N" HEIGHT="23">계약금액</TH>
<TH WIDTH="75" USERMARK="BC0XDCDCDC" VALIGN="MIDDLE" ACOPYCOL="Y" ADELETECOL="Y" AMOVECOL="N" HEIGHT="23">수량</TH>
<TH WIDTH="39" USERMARK="BC0XDCDCDC" VALIGN="MIDDLE" ACOPYCOL="Y" ADELETECOL="Y" AMOVECOL="N" HEIGHT="23">비율</TH>
<TH WIDTH="104" USERMARK="BC0XDCDCDC" VALIGN="MIDDLE" ACOPYCOL="Y" ADELETECOL="Y" AMOVECOL="N" HEIGHT="23">금  액</TH>
</TR>
</THEAD>

<TBODY>

<TR ACOPY="Y" ADELETE="Y" HEIGHT="30">
<TD ALIGN="CENTER" WIDTH="69" HEIGHT="23">보통주식</TD>
<TD ALIGN="RIGHT" WIDTH="75" VALIGN="MIDDLE" HEIGHT="23">2,715,760</TD>
<TD ALIGN="RIGHT" WIDTH="39" VALIGN="MIDDLE" HEIGHT="23">7.50</TD>
<TD ALIGN="RIGHT" WIDTH="104" VALIGN="MIDDLE" HEIGHT="23">1,681,663,422</TD>
<TD ALIGN="RIGHT" WIDTH="95" VALIGN="MIDDLE" HEIGHT="23">-</TD>
<TD ALIGN="RIGHT" WIDTH="39" VALIGN="MIDDLE" HEIGHT="23">-</TD>
<TD ALIGN="RIGHT" WIDTH="69" VALIGN="MIDDLE" HEIGHT="23">-</TD>
<TD ALIGN="RIGHT" WIDTH="75" VALIGN="MIDDLE" HEIGHT="23">2,715,760</TD>
<TD ALIGN="RIGHT" WIDTH="39" VALIGN="MIDDLE" HEIGHT="23">7.50</TD>
<TD ALIGN="RIGHT" WIDTH="104" VALIGN="MIDDLE" HEIGHT="23">1,681,663,422</TD>
</TR>

<TR ACOPY="Y" ADELETE="Y" HEIGHT="30">
<TD ALIGN="CENTER" WIDTH="69" HEIGHT="23">계</TD>
<TD ALIGN="RIGHT" WIDTH="75" VALIGN="MIDDLE" HEIGHT="23">2,715,760</TD>
<TD ALIGN="RIGHT" WIDTH="39" VALIGN="MIDDLE" HEIGHT="23">7.50</TD>
<TD ALIGN="RIGHT" WIDTH="104" VALIGN="MIDDLE" HEIGHT="23">1,681,663,422</TD>
<TD ALIGN="RIGHT" WIDTH="95" VALIGN="MIDDLE" HEIGHT="23">-</TD>
<TD ALIGN="RIGHT" WIDTH="39" VALIGN="MIDDLE" HEIGHT="23">-</TD>
<TD ALIGN="RIGHT" WIDTH="69" VALIGN="MIDDLE" HEIGHT="23">-</TD>
<TD ALIGN="RIGHT" WIDTH="75" VALIGN="MIDDLE" HEIGHT="23">2,715,760</TD>
<TD ALIGN="RIGHT" WIDTH="39" VALIGN="MIDDLE" HEIGHT="23">7.50</TD>
<TD ALIGN="RIGHT" WIDTH="104" VALIGN="MIDDLE" HEIGHT="23">1,681,663,422</TD>
</TR>
</TBODY>
</TABLE>
<P>- 상기 보유상황은 당사가 2024.02.01일 발행한 제31회 무기명식 무보증 사모 교환사채와 관련하여 동 사채의 교환대상 주식인 자기주식 총 2,173,913주를 동일자에 교환청구된 것으로 간주하여 위 처분 후 자기주식등의 보유상황에서 제외하고 작성 하였습니다.[5-2 정정후]</P>

<TABLE BORDER="0" WIDTH="746" ACLASS="NORMAL" AFIXTABLE="N">

<COLGROUP WIDTH="746">
<COL WIDTH="19"></COL>
<COL WIDTH="152"></COL>
<COL WIDTH="243"></COL>
<COL WIDTH="332"></COL>
</COLGROUP>

<TBODY>

<TR ACOPY="Y" ADELETE="Y" HEIGHT="30">
<TD ALIGN="RIGHT" WIDTH="10" HEIGHT="23">[</TD>
<TD ALIGN="CENTER" WIDTH="143" HEIGHT="23">2026년 01월 05일</TD>
<TD WIDTH="234" HEIGHT="23">현재]</TD>
<TD ALIGN="RIGHT" WIDTH="323" HEIGHT="23">(단위 : 원, 주, %)</TD>
</TR>
</TBODY>
</TABLE>

<TABLE BORDER="1" WIDTH="798" ACLASS="NORMAL" AFIXTABLE="N">

<COLGROUP WIDTH="798">
<COL WIDTH="78"></COL>
<COL WIDTH="84"></COL>
<COL WIDTH="48"></COL>
<COL WIDTH="113"></COL>
<COL WIDTH="104"></COL>
<COL WIDTH="48"></COL>
<COL WIDTH="78"></COL>
<COL WIDTH="84"></COL>
<COL WIDTH="48"></COL>
<COL WIDTH="113"></COL>
</COLGROUP>

<THEAD>

<TR ACOPY="Y" ADELETE="Y" HEIGHT="53">
<TH ROWSPAN="2" WIDTH="69" USERMARK="BC0XDCDCDC" VALIGN="MIDDLE" ACOPYCOL="Y" ADELETECOL="Y" AMOVECOL="N" HEIGHT="76">주식의종　류</TH>
<TH COLSPAN="3" WIDTH="236" USERMARK="BC0XDCDCDC" VALIGN="MIDDLE" ACOPYCOL="Y" ADELETECOL="Y" AMOVECOL="N" HEIGHT="46">법제165조의3의규정에 의한 보유상황(A)</TH>
<TH COLSPAN="3" WIDTH="221" USERMARK="BC0XDCDCDC" VALIGN="MIDDLE" ACOPYCOL="Y" ADELETECOL="Y" AMOVECOL="N" HEIGHT="46">법제165조의3의신탁계약등에 의한 보유상황(B)</TH>
<TH COLSPAN="3" WIDTH="236" USERMARK="BC0XDCDCDC" VALIGN="MIDDLE" ACOPYCOL="Y" ADELETECOL="Y" AMOVECOL="N" HEIGHT="46">계(A + B)</TH>
</TR>

<TR ACOPY="Y" ADELETE="Y" HEIGHT="30">
<TH USERMARK="BC0XDCDCDC" VALIGN="MIDDLE" ACOPYCOL="Y" ADELETECOL="Y" AMOVECOL="N" WIDTH="75" HEIGHT="23">수량</TH>
<TH USERMARK="BC0XDCDCDC" VALIGN="MIDDLE" ACOPYCOL="Y" ADELETECOL="Y" AMOVECOL="N" WIDTH="39" HEIGHT="23">비율</TH>
<TH USERMARK="BC0XDCDCDC" VALIGN="MIDDLE" ACOPYCOL="Y" ADELETECOL="Y" AMOVECOL="N" WIDTH="104" HEIGHT="23">총가액</TH>
<TH USERMARK="BC0XDCDCDC" VALIGN="MIDDLE" ACOPYCOL="Y" ADELETECOL="Y" AMOVECOL="N" WIDTH="95" HEIGHT="23">수량</TH>
<TH USERMARK="BC0XDCDCDC" VALIGN="MIDDLE" ACOPYCOL="Y" ADELETECOL="Y" AMOVECOL="N" WIDTH="39" HEIGHT="23">비율</TH>
<TH USERMARK="BC0XDCDCDC" VALIGN="MIDDLE" ACOPYCOL="Y" ADELETECOL="Y" AMOVECOL="N" WIDTH="69" HEIGHT="23">계약금액</TH>
<TH USERMARK="BC0XDCDCDC" VALIGN="MIDDLE" ACOPYCOL="Y" ADELETECOL="Y" AMOVECOL="N" WIDTH="75" HEIGHT="23">수량</TH>
<TH USERMARK="BC0XDCDCDC" VALIGN="MIDDLE" ACOPYCOL="Y" ADELETECOL="Y" AMOVECOL="N" WIDTH="39" HEIGHT="23">비율</TH>
<TH USERMARK="BC0XDCDCDC" VALIGN="MIDDLE" ACOPYCOL="Y" ADELETECOL="Y" AMOVECOL="N" WIDTH="104" HEIGHT="23">금  액</TH>
</TR>
</THEAD>

<TBODY>

<TR ACOPY="Y" ADELETE="Y" HEIGHT="30">
<TD ALIGN="CENTER" WIDTH="69" HEIGHT="23">보통주식</TD>
<TD ALIGN="RIGHT" VALIGN="MIDDLE" WIDTH="75" HEIGHT="23">4,715,760</TD>
<TD ALIGN="RIGHT" VALIGN="MIDDLE" WIDTH="39" HEIGHT="23">13.02</TD>
<TD ALIGN="RIGHT" VALIGN="MIDDLE" WIDTH="104" HEIGHT="23">2,920,111,164</TD>
<TD ALIGN="RIGHT" VALIGN="MIDDLE" WIDTH="95" HEIGHT="23">-</TD>
<TD ALIGN="RIGHT" VALIGN="MIDDLE" WIDTH="39" HEIGHT="23">-</TD>
<TD ALIGN="RIGHT" VALIGN="MIDDLE" WIDTH="69" HEIGHT="23">-</TD>
<TD ALIGN="RIGHT" VALIGN="MIDDLE" WIDTH="75" HEIGHT="23">4,715,760</TD>
<TD ALIGN="RIGHT" VALIGN="MIDDLE" WIDTH="39" HEIGHT="23">13.02</TD>
<TD ALIGN="RIGHT" VALIGN="MIDDLE" WIDTH="104" HEIGHT="23">2,920,111,164</TD>
</TR>

<TR ACOPY="Y" ADELETE="Y" HEIGHT="30">
<TD ALIGN="CENTER" WIDTH="69" HEIGHT="23">계</TD>
<TD ALIGN="RIGHT" VALIGN="MIDDLE" WIDTH="75" HEIGHT="23">4,715,760</TD>
<TD ALIGN="RIGHT" VALIGN="MIDDLE" WIDTH="39" HEIGHT="23">13.02</TD>
<TD ALIGN="RIGHT" VALIGN="MIDDLE" WIDTH="104" HEIGHT="23">2,920,111,164</TD>
<TD ALIGN="RIGHT" VALIGN="MIDDLE" WIDTH="95" HEIGHT="23">-</TD>
<TD ALIGN="RIGHT" VALIGN="MIDDLE" WIDTH="39" HEIGHT="23">-</TD>
<TD ALIGN="RIGHT" VALIGN="MIDDLE" WIDTH="69" HEIGHT="23">-</TD>
<TD ALIGN="RIGHT" VALIGN="MIDDLE" WIDTH="75" HEIGHT="23">4,715,760</TD>
<TD ALIGN="RIGHT" VALIGN="MIDDLE" WIDTH="39" HEIGHT="23">13.02</TD>
<TD ALIGN="RIGHT" VALIGN="MIDDLE" WIDTH="104" HEIGHT="23">2,920,111,164</TD>
</TR>
</TBODY>
</TABLE>
<P>- 상기 보유상황은 당사가 2024.02.01일 발행한 제31회 무기명식 무보증 사모 교환사채와 관련하여 동 사채의 교환대상 주식인 자기주식 총 2,173,913주를 동일자에 교환청구된 것으로 간주하여 위 처분 후 자기주식등의 보유상황에서 제외하고 작성 하였으나, 금번 정정신고일 기준으로 채권자의 조기상환청구권(Put option)의 행사로 인해 만기전 일부 조기상환 된 사채금액의 교환대상 주식인 자기주식 2,000,000주를 처분 후 보유상황에 포함하였습니다.</P>
<PGBRK></PGBRK>
</CORRECTION>
</LIBRARY>


<COVER>
<COVER-TITLE ATOC="Y" AASSOCNOTE="COVER" ATOCID="1" ENG="Treasury Stock Disposal Result Report">자기주식처분결과보고서</COVER-TITLE>

<TABLE ACLASS="NORMAL" AFIXTABLE="N" WIDTH="600" BORDER="0">

<COLGROUP WIDTH="600">
<COL WIDTH="161"></COL>
<COL WIDTH="439"></COL>
</COLGROUP>

<TBODY>

<TR ACOPY="Y" ADELETE="Y" HEIGHT="53">
<TD CLASS="NORMAL" COLSPAN="2" WIDTH="591" HEIGHT="46"></TD>
</TR>

<TR ACOPY="Y" ADELETE="Y" HEIGHT="30">
<TD CLASS="NORMAL" WIDTH="152" HEIGHT="23">금융감독원장 귀하</TD>
<TD CLASS="NORMAL" ALIGN="RIGHT" WIDTH="430" HEIGHT="23">2026년    01월    05일</TD>
</TR>

<TR ACOPY="Y" ADELETE="Y" HEIGHT="53">
<TD CLASS="NORMAL" WIDTH="152" HEIGHT="46"></TD>
<TD CLASS="NORMAL" WIDTH="430" HEIGHT="46"></TD>
</TR>

<TR ACOPY="Y" ADELETE="Y" HEIGHT="53">
<TD CLASS="NORMAL" WIDTH="152" HEIGHT="46">회       사       명 :</TD>
<TD CLASS="NORMAL" WIDTH="430" HEIGHT="46">주 식 회 사  남 성</TD>
</TR>

<TR ACOPY="Y" ADELETE="Y" HEIGHT="53">
<TD CLASS="NORMAL" WIDTH="152" HEIGHT="46">대   표     이   사 :</TD>
<TD CLASS="NORMAL" WIDTH="430" HEIGHT="46">윤 성 호  </TD>
</TR>

<TR ACOPY="Y" ADELETE="Y" HEIGHT="30">
<TD CLASS="NORMAL" WIDTH="152" HEIGHT="23">본  점  소  재  지 :</TD>
<TD CLASS="NORMAL" WIDTH="430" HEIGHT="23">서울특별시 금천구 디지털로 130</TD>
</TR>

<TR ACOPY="Y" ADELETE="Y" HEIGHT="30">
<TD CLASS="NORMAL" WIDTH="152" HEIGHT="23"></TD>
<TD CLASS="NORMAL" WIDTH="430" HEIGHT="23">(전  화) 02 - 2109 - 1550</TD>
</TR>

<TR ACOPY="Y" ADELETE="Y" HEIGHT="30">
<TD CLASS="NORMAL" WIDTH="152" HEIGHT="23"></TD>
<TD CLASS="NORMAL" WIDTH="430" HEIGHT="23">(홈페이지) http://www.namsung.com</TD>
</TR>

<TR ACOPY="Y" ADELETE="Y" HEIGHT="30">
<TD CLASS="NORMAL" WIDTH="152" HEIGHT="23"></TD>
<TD CLASS="NORMAL" WIDTH="430" HEIGHT="23"></TD>
</TR>

<TR ACOPY="Y" ADELETE="Y" HEIGHT="30">
<TD CLASS="NORMAL" WIDTH="152" HEIGHT="23">작  성  책  임  자 :</TD>
<TD CLASS="NORMAL" WIDTH="430" HEIGHT="23">(직  책)    상무이사                (성  명) 김 성 욱</TD>
</TR>

<TR ACOPY="Y" ADELETE="Y" HEIGHT="30">
<TD CLASS="NORMAL" WIDTH="152" HEIGHT="23"></TD>
<TD CLASS="NORMAL" WIDTH="430" HEIGHT="23">(전  화)  02 - 2109 - 1503</TD>
</TR>

<TR ACOPY="Y" ADELETE="Y" HEIGHT="53">
<TD CLASS="NORMAL" WIDTH="152" HEIGHT="46"></TD>
<TD CLASS="NORMAL" WIDTH="430" HEIGHT="46"></TD>
</TR>
</TBODY>
</TABLE>
<PGBRK></PGBRK>
</COVER>

<SECTION-1 ACLASS="MANDATORY" APARTSOURCE="SOURCE">

<SECTION-2 ACLASS="MANDATORY">
<TITLE ATOC="Y" ATOCID="2" ENG="1. Issuer’s name and address">1. 발행인의 명칭 및 주소</TITLE>

<SECTION-3 ACLASS="MANDATORY">
<TITLE ATOC="Y" ATOCID="3" ENG="A. Name:">가. 명  칭 :</TITLE>
<P>주식회사 남성</P>
</SECTION-3>

<SECTION-3 ACLASS="MANDATORY">
<TITLE ATOC="Y" ATOCID="4" ENG="B. Address:">나. 주  소 :</TITLE>
<P>서울특별시 금천구 디지털로 130, 남성프라자 15층</P>
</SECTION-3>
</SECTION-2>

<SECTION-2 ACLASS="MANDATORY">
<TITLE ATOC="Y" AASSOCNOTE="D-0-1-2-0" ATOCID="5" ENG="2. Details of the disposal report">2. 처분보고에 관한 내용</TITLE>

<SECTION-3 ACLASS="MANDATORY">
<TITLE ATOC="Y" ATOCID="6" ENG="A. Submission date for report on major issues:">가. 주요사항보고서 제출일 :</TITLE>
<P>2024년 01월 30일(최초 제출일) / 2026년 01월 05일(정정 제출일)</P>
</SECTION-3>

<SECTION-3 ACLASS="MANDATORY">
<TITLE ATOC="Y" ATOCID="7" ENG="B. Disposal period">나. 처분기간 :</TITLE>

<TABLE-GROUP ACLASS="ACT_BGN_DT" ADELETETABLE="N">

<TABLE ACLASS="EXTRACTION" AFIXTABLE="Y" WIDTH="407" BORDER="0">

<COLGROUP WIDTH="407">
<COL WIDTH="152"></COL>
<COL WIDTH="57"></COL>
<COL WIDTH="150"></COL>
<COL WIDTH="48"></COL>
</COLGROUP>

<TBODY>

<TR ACOPY="Y" ADELETE="Y" HEIGHT="30">
<TU ALIGN="CENTER" VALIGN="MIDDLE" WIDTH="143" HEIGHT="23" AUNIT="ACT_BGN_DT" AUNITVALUE="20240201">2024년 02월 01일</TU>
<TD ALIGN="CENTER" VALIGN="MIDDLE" WIDTH="48" HEIGHT="23" AUPDATECONT="N" ENG="From">부터</TD>
<TU ALIGN="CENTER" VALIGN="MIDDLE" WIDTH="141" HEIGHT="23" AUNIT="ACT_END_DT" AUNITVALUE="20240201">2024년 02월 01일</TU>
<TD ALIGN="CENTER" VALIGN="MIDDLE" WIDTH="39" HEIGHT="23" AUPDATECONT="N" ENG="To">까지</TD>
</TR>
</TBODY>
</TABLE>
</TABLE-GROUP>
<P></P>
</SECTION-3>

<SECTION-3 ACLASS="MANDATORY">
<TITLE ATOC="Y" AASSOCNOTE="D-0-1-2-3" ATOCID="8" ENG="C. Type and number of shares reported on disposal">다. 처분보고 주식의 종류 및 주식수</TITLE>
<P>보통주식 173,913주(자기주식을 교환대상으로 하는 무기명식 이권부 무보증 사모 교환사채 발행)</P>
</SECTION-3>
</SECTION-2>

<SECTION-2 ACLASS="MANDATORY">
<TITLE ATOC="Y" AASSOCNOTE="D-0-1-3-0" ATOCID="9" ENG="3. Details of disposal">3. 처분내용</TITLE>

<TABLE-GROUP ACLASS="ACT_DT" ADELETETABLE="N">

<TABLE ACLASS="EXTRACTION" AFIXTABLE="Y" WIDTH="878" BORDER="0">

<COLGROUP WIDTH="878">
<COL WIDTH="386"></COL>
<COL WIDTH="492"></COL>
</COLGROUP>

<TBODY>

<TR ACOPY="Y" ADELETE="Y" HEIGHT="30">
<TD ALIGN="RIGHT" WIDTH="377" HEIGHT="23"></TD>
<TU ALIGN="RIGHT" WIDTH="483" HEIGHT="23" AUNIT="WONSTOCK" AUNITVALUE="1" ENG="(Unit: KRW, shares)">(단위 : 원, 주)</TU>
</TR>
</TBODY>
</TABLE>

<TABLE ACLASS="EXTRACTION" AFIXTABLE="N" WIDTH="879" BORDER="1">

<COLGROUP WIDTH="879">
<COL WIDTH="132"></COL>
<COL WIDTH="80"></COL>
<COL WIDTH="84"></COL>
<COL WIDTH="90"></COL>
<COL WIDTH="93"></COL>
<COL WIDTH="128"></COL>
<COL WIDTH="76"></COL>
<COL WIDTH="106"></COL>
<COL WIDTH="90"></COL>
</COLGROUP>

<THEAD>

<TR ACOPY="N" ADELETE="N" HEIGHT="30">
<TH ROWSPAN="2" VALIGN="MIDDLE" WIDTH="123" HEIGHT="53" ACOPYCOL="N" ADELETECOL="N" AMOVECOL="N" AUPDATECONT="N" ENG="Date">일  자</TH>
<TH ROWSPAN="2" VALIGN="MIDDLE" WIDTH="71" HEIGHT="53" ACOPYCOL="N" ADELETECOL="N" AMOVECOL="N" AUPDATECONT="N" ENG="Class">종  류</TH>
<TH COLSPAN="2" VALIGN="MIDDLE" WIDTH="165" HEIGHT="23" ACOPYCOL="N" ADELETECOL="N" AMOVECOL="N" AUPDATECONT="N" ENG="Quantity">수  량</TH>
<TH ROWSPAN="2" VALIGN="MIDDLE" WIDTH="84" HEIGHT="53" ACOPYCOL="N" ADELETECOL="N" AMOVECOL="N" AUPDATECONT="N" ENG="Disposal price per share">1주당처분가액</TH>
<TH ROWSPAN="2" VALIGN="MIDDLE" WIDTH="119" HEIGHT="53" ACOPYCOL="N" ADELETECOL="N" AMOVECOL="N" AUPDATECONT="N" ENG="Total disposal amount">처분가액총　　액</TH>
<TH ROWSPAN="2" VALIGN="MIDDLE" WIDTH="67" HEIGHT="53" ACOPYCOL="Y" ADELETECOL="Y" AMOVECOL="N" AUPDATECONT="N" ENG="Disposal target">처분대상</TH>
<TH COLSPAN="2" VALIGN="MIDDLE" WIDTH="187" HEIGHT="23" ACOPYCOL="N" ADELETECOL="N" AMOVECOL="N" AUPDATECONT="N" ENG="Securities company entrusted with selling">매도위탁 증권회사</TH>
</TR>

<TR ACOPY="N" ADELETE="N" HEIGHT="30">
<TH VALIGN="MIDDLE" WIDTH="75" HEIGHT="23" ACOPYCOL="N" ADELETECOL="N" AMOVECOL="N" AUPDATECONT="N" ENG="Order quantity">주문수량</TH>
<TH VALIGN="MIDDLE" WIDTH="81" HEIGHT="23" ACOPYCOL="N" ADELETECOL="N" AMOVECOL="N" AUPDATECONT="N" ENG="Disposal quantity">처분수량</TH>
<TH VALIGN="MIDDLE" WIDTH="97" HEIGHT="23" ACOPYCOL="N" ADELETECOL="N" AMOVECOL="N" AUPDATECONT="N" ENG="Financial investment business entity">금융투자업자</TH>
<TH VALIGN="MIDDLE" WIDTH="81" HEIGHT="23" ACOPYCOL="N" ADELETECOL="N" AMOVECOL="N" AUPDATECONT="N" ENG="Corporation code">고유번호</TH>
</TR>
</THEAD>

<TBODY>

<TR ACOPY="Y" ADELETE="N" HEIGHT="30">
<TU ALIGN="CENTER" WIDTH="123" HEIGHT="23" AUNIT="ACT_DT" AUNITVALUE="20240201">2024년 02월 01일</TU>
<TU ALIGN="CENTER" WIDTH="71" HEIGHT="23" AUNIT="STK_KND" AUNITVALUE="6" ENG="Common stock">보통주식</TU>
<TE ALIGN="RIGHT" WIDTH="75" HEIGHT="23" ACODE="ORD_CNT">-</TE>
<TE ALIGN="RIGHT" WIDTH="81" HEIGHT="23" ACODE="ACT_CNT">173,913</TE>
<TE ALIGN="RIGHT" WIDTH="84" HEIGHT="23" ACODE="UNIT_PRICE">2,300</TE>
<TE ALIGN="RIGHT" WIDTH="119" HEIGHT="23" ACODE="PSP_AMT">400,000,000</TE>
<TE ALIGN="CENTER" WIDTH="67" HEIGHT="23" ACODE="OBJ_OTH" VALIGN="MIDDLE">-</TE>
<TE WIDTH="97" HEIGHT="23" ACODE="CNS_NM" ALIGN="CENTER">-</TE>
<TE WIDTH="81" HEIGHT="23" ACODE="CNS_CRP" ALIGN="CENTER">-</TE>
</TR>

<TR ACOPY="N" ADELETE="N" HEIGHT="30">
<TD ALIGN="CENTER" WIDTH="123" HEIGHT="23" AUPDATECONT="N" ENG="Total">계</TD>
<TD ALIGN="CENTER" WIDTH="71" HEIGHT="23" AUPDATECONT="N">-</TD>
<TE ALIGN="RIGHT" WIDTH="75" HEIGHT="23" ACODE="SUM_ORD_CNT">-</TE>
<TE ALIGN="RIGHT" WIDTH="81" HEIGHT="23" ACODE="SUM_ACT_CNT">173,913</TE>
<TE ALIGN="RIGHT" WIDTH="84" HEIGHT="23" ACODE="SUM_UNIT_PRICE">2,300</TE>
<TE ALIGN="RIGHT" WIDTH="119" HEIGHT="23" ACODE="DSP_AMT">400,000,000</TE>
<TD WIDTH="67" HEIGHT="23" AUPDATECONT="N" ALIGN="CENTER">-</TD>
<TD WIDTH="97" HEIGHT="23" AUPDATECONT="N" ALIGN="CENTER">-</TD>
<TD WIDTH="81" HEIGHT="23" AUPDATECONT="N" ALIGN="CENTER">-</TD>
</TR>
</TBODY>
</TABLE>
</TABLE-GROUP>

<P>
<SPAN>- 상기 자기주식 처분내용은 </SPAN>
<SPAN></SPAN>
<SPAN>당사가 2024.02.01일 발행한 제31회 무기명식 이권부 무보증 사모 교환사채와 관련하여 동 사채의 교환대상 주식인 자기주식 총 2,173,913주 중에서 금번 정정신고일 기준으로 채권자의 조기상환청구권(Put option)의 행사로 인해 만기전 일부 조기상환 된 사채금액의 교환대상 주식인 자기주식 2,000,000주를 제외한 173,913주가 교환청구 된 것으로 간주하였습니다.</SPAN>
<SPAN></SPAN>
<SPAN></SPAN>
<SPAN>- 상기 처분가액 총액은 교환사채 발행금액으로 단수주대금 100원이 포함되어 있습니다.- 실제 본 자기주식 처분내용은 교환사채의 교환청구 시점에 확정되며, 해당 자기주식은 현재 한국예탁결제원에 예탁되어 있습니다.- 동 교환사채의 발행 및 자기주식 처분 결정 관련 세부사항은 2024.01.30일자 당사의 '주요사항보고서(교환사채권 발행결정)' 및 2025.01.05일자 '주요사항보고서(자기주식 처분 결정) 공시를 참고하여 주시기 바랍니다.</SPAN>
</P>
</SECTION-2>

<SECTION-2 ACLASS="MANDATORY">
<TITLE ATOC="Y" AASSOCNOTE="D-0-1-4-0" ATOCID="10" ENG="4. Whether details of the disposal report and actual disposal match">4. 처분보고에 관한 내용과 실제 처분내용 일치 여부</TITLE>

<TABLE-GROUP ACLASS="CMP_STC" ADELETETABLE="N">

<TABLE ACLASS="EXTRACTION" AFIXTABLE="N" WIDTH="721" BORDER="1">

<COLGROUP WIDTH="721">
<COL WIDTH="117"></COL>
<COL WIDTH="117"></COL>
<COL WIDTH="118"></COL>
<COL WIDTH="118"></COL>
<COL WIDTH="80"></COL>
<COL WIDTH="171"></COL>
</COLGROUP>

<THEAD>

<TR ACOPY="N" ADELETE="N" HEIGHT="30">
<TH WIDTH="225" VALIGN="MIDDLE" ACOPYCOL="N" ADELETECOL="N" AMOVECOL="N" AUPDATECONT="N" COLSPAN="2" HEIGHT="23" ENG="Shares to be disposed of (shrs.)">처분예정주식(주)</TH>
<TH WIDTH="227" VALIGN="MIDDLE" ACOPYCOL="N" ADELETECOL="N" AMOVECOL="N" AUPDATECONT="N" COLSPAN="2" HEIGHT="23" ENG="Total number of shares disposed of (shrs.)">처분주식 총수(주)</TH>
<TH WIDTH="71" VALIGN="MIDDLE" ACOPYCOL="N" ADELETECOL="N" AMOVECOL="N" AUPDATECONT="N" ROWSPAN="2" HEIGHT="53" ENG="Whether consistent">일치여부</TH>
<TH WIDTH="162" VALIGN="MIDDLE" ACOPYCOL="N" ADELETECOL="N" AMOVECOL="N" AUPDATECONT="N" ROWSPAN="2" HEIGHT="53" ENG="Reason for discrepancy, if any">차이발생시 사유</TH>
</TR>

<TR ACOPY="N" ADELETE="N" HEIGHT="30">
<TH VALIGN="MIDDLE" ACOPYCOL="N" ADELETECOL="N" AMOVECOL="N" AUPDATECONT="N" WIDTH="108" HEIGHT="23" ENG="Common stock">보통주식</TH>
<TH VALIGN="MIDDLE" ACOPYCOL="N" ADELETECOL="N" AMOVECOL="N" AUPDATECONT="N" WIDTH="108" HEIGHT="23" ENG="Different classes of stocks">기타주식</TH>
<TH VALIGN="MIDDLE" ACOPYCOL="N" ADELETECOL="N" AMOVECOL="N" AUPDATECONT="N" WIDTH="109" HEIGHT="23" ENG="Common stock">보통주식</TH>
<TH VALIGN="MIDDLE" ACOPYCOL="N" ADELETECOL="N" AMOVECOL="N" AUPDATECONT="N" WIDTH="109" HEIGHT="23" ENG="Different classes of stocks">기타주식</TH>
</TR>
</THEAD>

<TBODY>

<TR ACOPY="N" ADELETE="N" HEIGHT="30">
<TE VALIGN="MIDDLE" ALIGN="RIGHT" ACODE="SCH_SLT" WIDTH="108" HEIGHT="23">173,913</TE>
<TE VALIGN="MIDDLE" ALIGN="RIGHT" ACODE="SCH_SLK" WIDTH="108" HEIGHT="23">-</TE>
<TE VALIGN="MIDDLE" ALIGN="RIGHT" ACODE="SEL_SLT" WIDTH="109" HEIGHT="23">173,913</TE>
<TE VALIGN="MIDDLE" ALIGN="RIGHT" ACODE="SEL_SLK" WIDTH="109" HEIGHT="23">-</TE>
<TE VALIGN="MIDDLE" ALIGN="CENTER" ACODE="AGR_YSN" WIDTH="71" HEIGHT="23">일치</TE>
<TE VALIGN="MIDDLE" ALIGN="CENTER" ACODE="DIF_CAS" WIDTH="162" HEIGHT="23">-</TE>
</TR>
</TBODY>
</TABLE>
</TABLE-GROUP>
<P></P>
</SECTION-2>

<SECTION-2 ACLASS="MANDATORY">
<TITLE ATOC="Y" AASSOCNOTE="D-0-1-5-0" ATOCID="11" ENG="5. Status of treasury share holdings, etc. after disposal">5. 처분후 자기주식등의 보유상황</TITLE>

<TABLE-GROUP ACLASS="HLD_CNT" ADELETETABLE="N">

<TABLE ACLASS="EXTRACTION" AFIXTABLE="Y" WIDTH="763" BORDER="0">

<COLGROUP WIDTH="763">
<COL WIDTH="19"></COL>
<COL WIDTH="152"></COL>
<COL WIDTH="243"></COL>
<COL WIDTH="349"></COL>
</COLGROUP>

<TBODY>

<TR ACOPY="Y" ADELETE="Y" HEIGHT="30">
<TD ALIGN="RIGHT" WIDTH="10" HEIGHT="23">[</TD>
<TU ALIGN="CENTER" WIDTH="143" HEIGHT="23" AUNIT="BASE_DT" AUNITVALUE="20240201">2024년 02월 01일</TU>
<TD WIDTH="234" HEIGHT="23">현재]</TD>
<TU ALIGN="RIGHT" WIDTH="340" HEIGHT="23" AUNIT="WONSTOCKPERCENT" AUNITVALUE="1" ENG="(Unit: KRW, shares, %)">(단위 : 원, 주, %)</TU>
</TR>
</TBODY>
</TABLE>

<TABLE ACLASS="EXTRACTION" AFIXTABLE="N" WIDTH="798" BORDER="1">

<COLGROUP WIDTH="798">
<COL WIDTH="78"></COL>
<COL WIDTH="84"></COL>
<COL WIDTH="48"></COL>
<COL WIDTH="113"></COL>
<COL WIDTH="104"></COL>
<COL WIDTH="48"></COL>
<COL WIDTH="78"></COL>
<COL WIDTH="84"></COL>
<COL WIDTH="48"></COL>
<COL WIDTH="113"></COL>
</COLGROUP>

<THEAD>

<TR ACOPY="N" ADELETE="N" HEIGHT="53">
<TH ROWSPAN="2" VALIGN="MIDDLE" WIDTH="69" ACOPYCOL="N" ADELETECOL="N" AMOVECOL="N" AUPDATECONT="N" HEIGHT="76" ENG="Type of shares">주식의종　류</TH>
<TH COLSPAN="3" VALIGN="MIDDLE" WIDTH="236" ACOPYCOL="N" ADELETECOL="N" AMOVECOL="N" AUPDATECONT="N" HEIGHT="46" ENG="Holding status according to Article 165-3 of the Act (A)">법제165조의3의규정에 의한 보유상황(A)</TH>
<TH COLSPAN="3" VALIGN="MIDDLE" WIDTH="221" ACOPYCOL="N" ADELETECOL="N" AMOVECOL="N" AUPDATECONT="N" HEIGHT="46" ENG="Holding status according to the trust contract, etc. under Article 165-3 of the Act (B)">법제165조의3의신탁계약등에 의한 보유상황(B)</TH>
<TH COLSPAN="3" VALIGN="MIDDLE" WIDTH="236" ACOPYCOL="N" ADELETECOL="N" AMOVECOL="N" AUPDATECONT="N" HEIGHT="46" ENG="Total (A + B)">계(A + B)</TH>
</TR>

<TR ACOPY="N" ADELETE="N" HEIGHT="30">
<TH VALIGN="MIDDLE" ACOPYCOL="N" ADELETECOL="N" AMOVECOL="N" AUPDATECONT="N" WIDTH="75" HEIGHT="23" ENG="Quantity">수량</TH>
<TH VALIGN="MIDDLE" ACOPYCOL="N" ADELETECOL="N" AMOVECOL="N" AUPDATECONT="N" WIDTH="39" HEIGHT="23" ENG="Ratio">비율</TH>
<TH VALIGN="MIDDLE" ACOPYCOL="N" ADELETECOL="N" AMOVECOL="N" AUPDATECONT="N" WIDTH="104" HEIGHT="23" ENG="Total price">총가액</TH>
<TH VALIGN="MIDDLE" ACOPYCOL="N" ADELETECOL="N" AMOVECOL="N" AUPDATECONT="N" WIDTH="95" HEIGHT="23" ENG="Quantity">수량</TH>
<TH VALIGN="MIDDLE" ACOPYCOL="N" ADELETECOL="N" AMOVECOL="N" AUPDATECONT="N" WIDTH="39" HEIGHT="23" ENG="Ratio">비율</TH>
<TH VALIGN="MIDDLE" ACOPYCOL="N" ADELETECOL="N" AMOVECOL="N" AUPDATECONT="N" WIDTH="69" HEIGHT="23" ENG="Contract amount">계약금액</TH>
<TH VALIGN="MIDDLE" ACOPYCOL="N" ADELETECOL="N" AMOVECOL="N" AUPDATECONT="N" WIDTH="75" HEIGHT="23" ENG="Quantity">수량</TH>
<TH VALIGN="MIDDLE" ACOPYCOL="N" ADELETECOL="N" AMOVECOL="N" AUPDATECONT="N" WIDTH="39" HEIGHT="23" ENG="Ratio">비율</TH>
<TH VALIGN="MIDDLE" ACOPYCOL="N" ADELETECOL="N" AMOVECOL="N" AUPDATECONT="N" WIDTH="104" HEIGHT="23" ENG="Amount">금  액</TH>
</TR>
</THEAD>

<TBODY>

<TR ACOPY="Y" ADELETE="N" HEIGHT="30">
<TU ALIGN="CENTER" AUNIT="STK_KND" AUNITVALUE="6" WIDTH="69" HEIGHT="23" ENG="Common stock">보통주식</TU>
<TE ALIGN="RIGHT" ACODE="HLD_CNT1" VALIGN="MIDDLE" WIDTH="75" HEIGHT="23">4,715,760</TE>
<TE ALIGN="RIGHT" ACODE="HLD_RATE1" VALIGN="MIDDLE" WIDTH="39" HEIGHT="23">13.02</TE>
<TE ALIGN="RIGHT" ACODE="HLD_AMT1" VALIGN="MIDDLE" WIDTH="104" HEIGHT="23">2,920,111,164</TE>
<TE ALIGN="RIGHT" ACODE="HLD_CNT2" VALIGN="MIDDLE" WIDTH="95" HEIGHT="23">-</TE>
<TE ALIGN="RIGHT" ACODE="HLD_RATE2" VALIGN="MIDDLE" WIDTH="39" HEIGHT="23">-</TE>
<TE ALIGN="RIGHT" ACODE="HLD_AMT2" VALIGN="MIDDLE" WIDTH="69" HEIGHT="23">-</TE>
<TE ALIGN="RIGHT" ACODE="HLD_CNT3" VALIGN="MIDDLE" WIDTH="75" HEIGHT="23">4,715,760</TE>
<TE ALIGN="RIGHT" ACODE="HLD_RATE3" VALIGN="MIDDLE" WIDTH="39" HEIGHT="23">13.02</TE>
<TE ALIGN="RIGHT" ACODE="HLD_AMT3" VALIGN="MIDDLE" WIDTH="104" HEIGHT="23">2,920,111,164</TE>
</TR>

<TR ACOPY="N" ADELETE="N" HEIGHT="30">
<TD ALIGN="CENTER" AUPDATECONT="N" WIDTH="69" HEIGHT="23" ENG="Total">계</TD>
<TE ALIGN="RIGHT" ACODE="SUM_HLD_CNT1" VALIGN="MIDDLE" WIDTH="75" HEIGHT="23">4,715,760</TE>
<TE ALIGN="RIGHT" ACODE="SUM_HLD_RATE1" VALIGN="MIDDLE" WIDTH="39" HEIGHT="23">13.02</TE>
<TE ALIGN="RIGHT" ACODE="SUM_HLD_AMT1" VALIGN="MIDDLE" WIDTH="104" HEIGHT="23">2,920,111,164</TE>
<TE ALIGN="RIGHT" ACODE="SUM_HLD_CNT2" VALIGN="MIDDLE" WIDTH="95" HEIGHT="23">-</TE>
<TE ALIGN="RIGHT" ACODE="SUM_HLD_RATE2" VALIGN="MIDDLE" WIDTH="39" HEIGHT="23">-</TE>
<TE ALIGN="RIGHT" ACODE="SUM_HLD_AMT2" VALIGN="MIDDLE" WIDTH="69" HEIGHT="23">-</TE>
<TE ALIGN="RIGHT" ACODE="SUM_HLD_CNT3" VALIGN="MIDDLE" WIDTH="75" HEIGHT="23">4,715,760</TE>
<TE ALIGN="RIGHT" ACODE="SUM_HLD_RATE3" VALIGN="MIDDLE" WIDTH="39" HEIGHT="23">13.02</TE>
<TE ALIGN="RIGHT" ACODE="SUM_HLD_AMT3" VALIGN="MIDDLE" WIDTH="104" HEIGHT="23">2,920,111,164</TE>
</TR>
</TBODY>
</TABLE>
</TABLE-GROUP>

<P>
<SPAN>- 상기 보유상황은 당사가 2024.02.01일 발행한 제31회 무기명식 무보증 사모 교환사채와 관련하여 동 사채의 교환대상 주식인 자기주식 총 2,173,913주를 동일자에 교환청구된 것으로 간주하여 위 처분 후 자기주식등의 보유상황에서 제외하고 작성 하였으나, 금번 정정신고일 기준으로 채권자의 조기상환청구권(Put option)의 행사로 인해 만기전 일부 조기상환 된 사채금액의 교환대상 주식인 자기주식 2,000,000주를 처분 후 보유상황에 포함하였습니다.</SPAN>
</P>
<P></P>
</SECTION-2>

</SECTION-1></BODY></DOCUMENT>