<?xml version="1.0" encoding="utf-8"?>


<DOCUMENT xmlns:xsi="http://www.w3.org/2001/XMLSchema-instance" xsi:noNamespaceSchemaLocation="dart4.xsd">

<DOCUMENT-NAME ACODE="80901">지급수단별ㆍ지급기간별지급금액및분쟁조정기구에관한사항</DOCUMENT-NAME>
<FORMULA-VERSION ADATE="20240607">6.0</FORMULA-VERSION>
<COMPANY-NAME AREGCIK="01824249">(주)다현테크</COMPANY-NAME>


<BODY ATOCID="2">

<LIBRARY>
<CORRECTION>
<TITLE ATOC="Y" AASSOCNOTE="CORRECTION" ENG="Report of Disclosure Revision" ATOCID="2">정 정 신 고 (보고)</TITLE>

<TABLE ACLASS="NORMAL" AFIXTABLE="Y" WIDTH="600" BORDER="0">

<COLGROUP WIDTH="600">
<COL WIDTH="600"></COL>
</COLGROUP>

<TBODY>

<TR ACOPY="N" ADELETE="N" HEIGHT="30">
<TD WIDTH="591" HEIGHT="23"></TD>
</TR>

<TR ACOPY="N" ADELETE="N" HEIGHT="30">
<TD WIDTH="591" HEIGHT="23" ALIGN="RIGHT">2026년 01월 06일</TD>
</TR>
</TBODY>
</TABLE>
<P></P>
<P></P>

<TABLE ACLASS="NORMAL" AFIXTABLE="Y" WIDTH="611" BORDER="0">

<COLGROUP WIDTH="611">
<COL WIDTH="165"></COL>
<COL WIDTH="446"></COL>
</COLGROUP>

<TBODY>

<TR ACOPY="N" ADELETE="N" HEIGHT="53">
<TD WIDTH="156" VALIGN="MIDDLE" AUPDATECONT="N" ENG="1. Disclosure document to be revised:" HEIGHT="46">1. 정정대상 공시서류 :</TD>

<TD WIDTH="437" VALIGN="MIDDLE" HEIGHT="46">지급수단별
<SPAN USERMARK="B 0XFF0000">ㆍ</SPAN>
<SPAN>지급기간별 지급금액 및 분쟁조정기구에 관한 사항</SPAN>
</TD>
</TR>
</TBODY>
</TABLE>
<P></P>

<TABLE ACLASS="NORMAL" AFIXTABLE="Y" WIDTH="622" BORDER="0">

<COLGROUP WIDTH="622">
<COL WIDTH="260"></COL>
<COL WIDTH="362"></COL>
</COLGROUP>

<TBODY>

<TR ACOPY="N" ADELETE="N" HEIGHT="30">
<TD WIDTH="251" VALIGN="MIDDLE" AUPDATECONT="N" ENG="2. First submission date of disclosure document to be revised:" HEIGHT="23">2. 정정대상 공시서류의 최초제출일 :</TD>
<TD WIDTH="353" VALIGN="MIDDLE" HEIGHT="23">2025년 08월 13일</TD>
</TR>
</TBODY>
</TABLE>
<P></P>

<TABLE ACLASS="NORMAL" AFIXTABLE="Y" WIDTH="619" BORDER="0">

<COLGROUP WIDTH="619">
<COL WIDTH="619"></COL>
</COLGROUP>

<TBODY>

<TR ACOPY="N" ADELETE="N" HEIGHT="30">
<TD WIDTH="610" HEIGHT="23" VALIGN="MIDDLE" AUPDATECONT="N" ENG="3. Revised Information">3. 정정사항</TD>
</TR>
</TBODY>
</TABLE>

<TABLE ACLASS="NORMAL" AFIXTABLE="N" WIDTH="623" BORDER="1">

<COLGROUP WIDTH="623">
<COL WIDTH="226"></COL>
<COL WIDTH="168"></COL>
<COL WIDTH="115"></COL>
<COL WIDTH="114"></COL>
</COLGROUP>

<THEAD>

<TR ACOPY="N" ADELETE="N" HEIGHT="53">
<TH WIDTH="217" HEIGHT="46" VALIGN="MIDDLE" ACOPYCOL="N" ADELETECOL="N" AMOVECOL="N" AUPDATECONT="N" ENG="Items">항  목</TH>
<TH WIDTH="159" HEIGHT="46" VALIGN="MIDDLE" ACOPYCOL="N" ADELETECOL="N" AMOVECOL="N" AUPDATECONT="N" ENG="Reason for revision">정정사유</TH>
<TH WIDTH="106" HEIGHT="46" VALIGN="MIDDLE" ACOPYCOL="N" ADELETECOL="N" AMOVECOL="N" AUPDATECONT="N" ENG="Before revision">정 정 전</TH>
<TH WIDTH="105" HEIGHT="46" VALIGN="MIDDLE" ACOPYCOL="N" ADELETECOL="N" AMOVECOL="N" AUPDATECONT="N" ENG="After revision">정 정 후</TH>
</TR>
</THEAD>

<TBODY>

<TR ACOPY="Y" ADELETE="Y" HEIGHT="57">
<TD WIDTH="217" HEIGHT="50">1.(제1호)지급수단별 지급금액</TD>

<TD WIDTH="159" HEIGHT="50" ALIGN="CENTER">
<P>단순 기재 오류(%  삭제)</P>
</TD>
<TD WIDTH="106" HEIGHT="50" ALIGN="RIGHT">100.00%</TD>
<TD WIDTH="105" HEIGHT="50" ALIGN="RIGHT">100.00</TD>
</TR>

<TR ACOPY="Y" ADELETE="Y" HEIGHT="30">
<TD WIDTH="217" HEIGHT="56" ROWSPAN="2">2.(제2호)지급기간별 지급금액</TD>

<TD WIDTH="159" HEIGHT="56" ROWSPAN="2" ALIGN="CENTER">
<P>단순 기재 오류</P>
<P>(%  삭제)</P>
</TD>
<TD WIDTH="106" HEIGHT="23" ALIGN="RIGHT">3.80%</TD>
<TD WIDTH="105" HEIGHT="23" ALIGN="RIGHT">3.80</TD>
</TR>

<TR ACOPY="Y" ADELETE="Y" HEIGHT="33">
<TD WIDTH="106" HEIGHT="26" ALIGN="RIGHT">96.20%</TD>
<TD WIDTH="105" HEIGHT="26" ALIGN="RIGHT">96.20</TD>
</TR>
</TBODY>
</TABLE>
<P></P>
<PGBRK></PGBRK>
</CORRECTION>
</LIBRARY>


<SECTION-1 ACLASS="MANDATORY" APARTSOURCE="SOURCE">
<TITLE ATOC="Y" AASSOCNOTE="D-0-1-0-0" ENG="Matters Concerning Payment Amount for Each Payment Method/Payment Period and Dispute Resolution Organization" ATOCID="1">지급수단별ㆍ지급기간별 지급금액 및 분쟁조정기구에 관한 사항</TITLE>
<P></P>

<TABLE ACLASS="NORMAL" WIDTH="1032" BORDER="1">

<COLGROUP WIDTH="1032">
<COL WIDTH="62"></COL>
<COL WIDTH="53"></COL>
<COL WIDTH="68"></COL>
<COL WIDTH="107"></COL>
<COL WIDTH="83"></COL>
<COL WIDTH="104"></COL>
<COL WIDTH="106"></COL>
<COL WIDTH="175"></COL>
<COL WIDTH="107"></COL>
<COL WIDTH="167"></COL>
</COLGROUP>

<TBODY>

<TR ACOPY="Y" ADELETE="Y" HEIGHT="53">
<TD ALIGN="CENTER" VALIGN="MIDDLE" WIDTH="53" HEIGHT="46">기업집단명</TD>
<TD ALIGN="CENTER" VALIGN="MIDDLE" WIDTH="44" HEIGHT="46">DN</TD>
<TD ALIGN="CENTER" VALIGN="MIDDLE" WIDTH="59" HEIGHT="46">회사명</TD>
<TD ALIGN="CENTER" VALIGN="MIDDLE" WIDTH="98" HEIGHT="46">(주)다현테크</TD>
<TD ALIGN="CENTER" VALIGN="MIDDLE" WIDTH="74" HEIGHT="46">공시일자</TD>
<TD ALIGN="CENTER" VALIGN="MIDDLE" WIDTH="95" HEIGHT="46">2025.08.13</TD>
<TD ALIGN="CENTER" VALIGN="MIDDLE" WIDTH="97" HEIGHT="46">공시대상기간</TD>
<TD ALIGN="CENTER" VALIGN="MIDDLE" WIDTH="166" HEIGHT="46">2025.01.01~2025.06.30</TD>
<TD ALIGN="CENTER" VALIGN="MIDDLE" WIDTH="98" HEIGHT="46">관련법규</TD>
<TD ALIGN="CENTER" VALIGN="MIDDLE" WIDTH="158" HEIGHT="46">하도급법 제13조의3</TD>
</TR>
</TBODY>
</TABLE>
<P></P>
<P>1. (제1호) 지급수단별 지급금액</P>

<TABLE ACLASS="NORMAL" WIDTH="1032" BORDER="0">

<COLGROUP WIDTH="1032">
<COL WIDTH="1032"></COL>
</COLGROUP>

<TBODY>

<TR ACOPY="Y" ADELETE="Y" HEIGHT="30">
<TD ALIGN="RIGHT" WIDTH="1023" HEIGHT="23">[지급금액 단위(천원), 비중(%, 소수점 둘째자리)]</TD>
</TR>
</TBODY>
</TABLE>

<TABLE ACLASS="NORMAL" WIDTH="1032" BORDER="1">

<COLGROUP WIDTH="1032">
<COL WIDTH="53"></COL>
<COL WIDTH="98"></COL>
<COL WIDTH="65"></COL>
<COL WIDTH="65"></COL>
<COL WIDTH="65"></COL>
<COL WIDTH="65"></COL>
<COL WIDTH="65"></COL>
<COL WIDTH="65"></COL>
<COL WIDTH="65"></COL>
<COL WIDTH="65"></COL>
<COL WIDTH="65"></COL>
<COL WIDTH="64"></COL>
<COL WIDTH="64"></COL>
<COL WIDTH="67"></COL>
<COL WIDTH="101"></COL>
</COLGROUP>

<THEAD>

<TR ACOPY="Y" ADELETE="Y" HEIGHT="30">
<TH ROWSPAN="2" VALIGN="MIDDLE" WIDTH="44" ACOPYCOL="Y" ADELETECOL="Y" AMOVECOL="N" HEIGHT="122"></TH>
<TH ROWSPAN="2" VALIGN="MIDDLE" WIDTH="89" ACOPYCOL="Y" ADELETECOL="Y" AMOVECOL="N" HEIGHT="122">현금및수표</TH>
<TH COLSPAN="4" VALIGN="MIDDLE" WIDTH="251" ACOPYCOL="Y" ADELETECOL="Y" AMOVECOL="N" HEIGHT="23">상생결제</TH>
<TH COLSPAN="4" VALIGN="MIDDLE" WIDTH="251" ACOPYCOL="Y" ADELETECOL="Y" AMOVECOL="N" HEIGHT="23">어음대체결제수단</TH>
<TH COLSPAN="3" VALIGN="MIDDLE" WIDTH="184" ACOPYCOL="Y" ADELETECOL="Y" AMOVECOL="N" HEIGHT="23">어음</TH>
<TH ROWSPAN="2" VALIGN="MIDDLE" WIDTH="58" ACOPYCOL="Y" ADELETECOL="Y" AMOVECOL="N" HEIGHT="122">기타</TH>
<TH ROWSPAN="2" VALIGN="MIDDLE" WIDTH="92" ACOPYCOL="Y" ADELETECOL="Y" AMOVECOL="N" HEIGHT="122">계</TH>
</TR>

<TR ACOPY="Y" ADELETE="Y" HEIGHT="99">
<TH VALIGN="MIDDLE" ACOPYCOL="Y" ADELETECOL="Y" AMOVECOL="N" WIDTH="56" HEIGHT="92">만기10일이하</TH>
<TH VALIGN="MIDDLE" ACOPYCOL="Y" ADELETECOL="Y" AMOVECOL="N" WIDTH="56" HEIGHT="92">10일초과60일이하</TH>
<TH VALIGN="MIDDLE" ACOPYCOL="Y" ADELETECOL="Y" AMOVECOL="N" WIDTH="56" HEIGHT="92">60일초과</TH>
<TH VALIGN="MIDDLE" ACOPYCOL="Y" ADELETECOL="Y" AMOVECOL="N" WIDTH="56" HEIGHT="92">소계</TH>
<TH VALIGN="MIDDLE" ACOPYCOL="Y" ADELETECOL="Y" AMOVECOL="N" WIDTH="56" HEIGHT="92">만기1일이하</TH>
<TH VALIGN="MIDDLE" ACOPYCOL="Y" ADELETECOL="Y" AMOVECOL="N" WIDTH="56" HEIGHT="92">1일초과60일이하</TH>
<TH VALIGN="MIDDLE" ACOPYCOL="Y" ADELETECOL="Y" AMOVECOL="N" WIDTH="56" HEIGHT="92">60일초과</TH>
<TH VALIGN="MIDDLE" ACOPYCOL="Y" ADELETECOL="Y" AMOVECOL="N" WIDTH="56" HEIGHT="92">소계</TH>
<TH VALIGN="MIDDLE" ACOPYCOL="Y" ADELETECOL="Y" AMOVECOL="N" WIDTH="56" HEIGHT="92">어음(만기60일이하)</TH>
<TH VALIGN="MIDDLE" ACOPYCOL="Y" ADELETECOL="Y" AMOVECOL="N" WIDTH="55" HEIGHT="92">어음(만기60일초과)</TH>
<TH VALIGN="MIDDLE" ACOPYCOL="Y" ADELETECOL="Y" AMOVECOL="N" WIDTH="55" HEIGHT="92">소계</TH>
</TR>
</THEAD>

<TBODY>

<TR ACOPY="Y" ADELETE="Y" HEIGHT="53">
<TD ALIGN="CENTER" VALIGN="MIDDLE" WIDTH="44" HEIGHT="46">지급금액</TD>
<TD ALIGN="RIGHT" VALIGN="MIDDLE" WIDTH="89" HEIGHT="46">4,111,144</TD>
<TD ALIGN="CENTER" VALIGN="MIDDLE" WIDTH="56" HEIGHT="46">-</TD>
<TD ALIGN="CENTER" VALIGN="MIDDLE" WIDTH="56" HEIGHT="46">-</TD>
<TD ALIGN="CENTER" VALIGN="MIDDLE" WIDTH="56" HEIGHT="46">-</TD>
<TD ALIGN="CENTER" VALIGN="MIDDLE" WIDTH="56" HEIGHT="46">-</TD>
<TD ALIGN="CENTER" VALIGN="MIDDLE" WIDTH="56" HEIGHT="46">-</TD>
<TD ALIGN="CENTER" VALIGN="MIDDLE" WIDTH="56" HEIGHT="46">-</TD>
<TD ALIGN="CENTER" VALIGN="MIDDLE" WIDTH="56" HEIGHT="46">-</TD>
<TD ALIGN="CENTER" VALIGN="MIDDLE" WIDTH="56" HEIGHT="46">-</TD>
<TD ALIGN="CENTER" VALIGN="MIDDLE" WIDTH="56" HEIGHT="46">-</TD>
<TD ALIGN="CENTER" VALIGN="MIDDLE" WIDTH="55" HEIGHT="46">-</TD>
<TD ALIGN="CENTER" VALIGN="MIDDLE" WIDTH="55" HEIGHT="46">-</TD>
<TD ALIGN="CENTER" VALIGN="MIDDLE" WIDTH="58" HEIGHT="46">-</TD>
<TD ALIGN="RIGHT" VALIGN="MIDDLE" WIDTH="92" HEIGHT="46">4,111,144</TD>
</TR>

<TR ACOPY="Y" ADELETE="Y" HEIGHT="30">
<TD ALIGN="CENTER" VALIGN="MIDDLE" WIDTH="44" HEIGHT="23">비중</TD>
<TD ALIGN="RIGHT" VALIGN="MIDDLE" WIDTH="89" HEIGHT="23">100.00</TD>
<TD ALIGN="CENTER" VALIGN="MIDDLE" WIDTH="56" HEIGHT="23">-</TD>
<TD ALIGN="CENTER" VALIGN="MIDDLE" WIDTH="56" HEIGHT="23">-</TD>
<TD ALIGN="CENTER" VALIGN="MIDDLE" WIDTH="56" HEIGHT="23">-</TD>
<TD ALIGN="CENTER" VALIGN="MIDDLE" WIDTH="56" HEIGHT="23">-</TD>
<TD ALIGN="CENTER" VALIGN="MIDDLE" WIDTH="56" HEIGHT="23">-</TD>
<TD ALIGN="CENTER" VALIGN="MIDDLE" WIDTH="56" HEIGHT="23">-</TD>
<TD ALIGN="CENTER" VALIGN="MIDDLE" WIDTH="56" HEIGHT="23">-</TD>
<TD ALIGN="CENTER" VALIGN="MIDDLE" WIDTH="56" HEIGHT="23">-</TD>
<TD ALIGN="CENTER" VALIGN="MIDDLE" WIDTH="56" HEIGHT="23">-</TD>
<TD ALIGN="CENTER" VALIGN="MIDDLE" WIDTH="55" HEIGHT="23">-</TD>
<TD ALIGN="CENTER" VALIGN="MIDDLE" WIDTH="55" HEIGHT="23">-</TD>
<TD ALIGN="CENTER" VALIGN="MIDDLE" WIDTH="58" HEIGHT="23">-</TD>
<TD ALIGN="RIGHT" VALIGN="MIDDLE" WIDTH="92" HEIGHT="23">100.00</TD>
</TR>

<TR ACOPY="Y" ADELETE="Y" HEIGHT="30">
<TD COLSPAN="10" ALIGN="RIGHT" VALIGN="MIDDLE" WIDTH="662" HEIGHT="23">현금결제비율</TD>
<TD COLSPAN="5" ALIGN="CENTER" VALIGN="MIDDLE" WIDTH="352" HEIGHT="23">100.00</TD>
</TR>

<TR ACOPY="Y" ADELETE="Y" HEIGHT="30">
<TD COLSPAN="10" ALIGN="RIGHT" VALIGN="MIDDLE" WIDTH="662" HEIGHT="23">현금성결제비율</TD>
<TD COLSPAN="5" ALIGN="CENTER" VALIGN="MIDDLE" WIDTH="352" HEIGHT="23">100.00</TD>
</TR>

<TR ACOPY="Y" ADELETE="Y" HEIGHT="30">
<TD ALIGN="CENTER" VALIGN="MIDDLE" WIDTH="44" HEIGHT="23">비고</TD>
<TD COLSPAN="14" VALIGN="MIDDLE" WIDTH="970" HEIGHT="23">-제2호와 합계금액이 다른 이유: 천원 미만 버림으로 인해 합계금액 차이 발생</TD>
</TR>
</TBODY>
</TABLE>
<P>※ ⑮(현금결제비율) = ① + ② + ⑥    ⓐ(현금성결제비율) = ① + ② + ③ + ⑥ + ⑦</P>
<P></P>
<P>2. (제2호) 지급기간별 지급금액</P>

<TABLE ACLASS="NORMAL" WIDTH="1026" BORDER="0">

<COLGROUP WIDTH="1026">
<COL WIDTH="1026"></COL>
</COLGROUP>

<TBODY>

<TR ACOPY="Y" ADELETE="Y" HEIGHT="30">
<TD ALIGN="RIGHT" WIDTH="1017" HEIGHT="23">[지급금액 단위(천원), 비중(%, 소수점 둘째자리)]</TD>
</TR>
</TBODY>
</TABLE>

<TABLE ACLASS="NORMAL" WIDTH="1024" BORDER="1">

<COLGROUP WIDTH="1024">
<COL WIDTH="171"></COL>
<COL WIDTH="171"></COL>
<COL WIDTH="171"></COL>
<COL WIDTH="171"></COL>
<COL WIDTH="170"></COL>
<COL WIDTH="170"></COL>
</COLGROUP>

<THEAD>

<TR ACOPY="Y" ADELETE="Y" HEIGHT="53">
<TH VALIGN="MIDDLE" WIDTH="162" ACOPYCOL="Y" ADELETECOL="Y" AMOVECOL="N" HEIGHT="46"></TH>
<TH VALIGN="MIDDLE" WIDTH="162" ACOPYCOL="Y" ADELETECOL="Y" AMOVECOL="N" HEIGHT="46">10일 이내</TH>
<TH VALIGN="MIDDLE" WIDTH="162" ACOPYCOL="Y" ADELETECOL="Y" AMOVECOL="N" HEIGHT="46">10일 초과15일 이하</TH>
<TH VALIGN="MIDDLE" WIDTH="162" ACOPYCOL="Y" ADELETECOL="Y" AMOVECOL="N" HEIGHT="46">15일 초과30일 이하</TH>
<TH VALIGN="MIDDLE" WIDTH="161" ACOPYCOL="Y" ADELETECOL="Y" AMOVECOL="N" HEIGHT="46">30일 초과60일 이하</TH>
<TH VALIGN="MIDDLE" WIDTH="161" ACOPYCOL="Y" ADELETECOL="Y" AMOVECOL="N" HEIGHT="46">60일 초과</TH>
</TR>
</THEAD>

<TBODY>

<TR ACOPY="Y" ADELETE="Y" HEIGHT="52">
<TD ALIGN="CENTER" VALIGN="MIDDLE" WIDTH="162" HEIGHT="45">지급금액</TD>
<TD ALIGN="CENTER" VALIGN="MIDDLE" WIDTH="162" HEIGHT="45">-</TD>
<TD ALIGN="CENTER" VALIGN="MIDDLE" WIDTH="162" HEIGHT="45">-</TD>
<TD ALIGN="RIGHT" VALIGN="MIDDLE" WIDTH="162" HEIGHT="45">156,218</TD>
<TD ALIGN="RIGHT" VALIGN="MIDDLE" WIDTH="161" HEIGHT="45">3,954,925</TD>
<TD ALIGN="CENTER" VALIGN="MIDDLE" WIDTH="161" HEIGHT="45">-</TD>
</TR>

<TR ACOPY="Y" ADELETE="Y" HEIGHT="53">
<TD ALIGN="CENTER" VALIGN="MIDDLE" WIDTH="162" HEIGHT="46">비중</TD>
<TD ALIGN="CENTER" VALIGN="MIDDLE" WIDTH="162" HEIGHT="46">-</TD>
<TD ALIGN="CENTER" VALIGN="MIDDLE" WIDTH="162" HEIGHT="46">-</TD>
<TD ALIGN="RIGHT" VALIGN="MIDDLE" WIDTH="162" HEIGHT="46">3.80</TD>
<TD ALIGN="RIGHT" VALIGN="MIDDLE" WIDTH="161" HEIGHT="46">96.20</TD>
<TD ALIGN="CENTER" VALIGN="MIDDLE" WIDTH="161" HEIGHT="46">-</TD>
</TR>

<TR ACOPY="Y" ADELETE="Y" HEIGHT="53">
<TD ALIGN="CENTER" VALIGN="MIDDLE" WIDTH="162" HEIGHT="46">비고</TD>
<TD VALIGN="MIDDLE" COLSPAN="5" WIDTH="844" HEIGHT="46">-제1호와 합계금액이 다른 이유: 천원 미만 버림으로 인해 합계금액 차이 발생</TD>
</TR>
</TBODY>
</TABLE>
<P>3. (제3호) 분쟁조정기구에 관한 사항</P>

<TABLE BORDER="1" WIDTH="600" ACLASS="NORMAL">

<COLGROUP WIDTH="600">
<COL WIDTH="300"></COL>
<COL WIDTH="300"></COL>
</COLGROUP>

<TBODY>

<TR ACOPY="Y" ADELETE="Y" HEIGHT="34">
<TD ALIGN="CENTER" VALIGN="MIDDLE" WIDTH="291" HEIGHT="27"></TD>
<TD ALIGN="CENTER" VALIGN="MIDDLE" WIDTH="291" HEIGHT="27">내용</TD>
</TR>

<TR ACOPY="Y" ADELETE="Y" HEIGHT="34">
<TD ALIGN="CENTER" VALIGN="MIDDLE" WIDTH="291" HEIGHT="27">분쟁조정기구 설치 여부</TD>
<TD ALIGN="CENTER" VALIGN="MIDDLE" WIDTH="291" HEIGHT="27">X</TD>
</TR>

<TR ACOPY="Y" ADELETE="Y" HEIGHT="34">
<TD ALIGN="CENTER" VALIGN="MIDDLE" WIDTH="291" HEIGHT="27">담당부서 및 연락처</TD>
<TD ALIGN="CENTER" VALIGN="MIDDLE" WIDTH="291" HEIGHT="27">-</TD>
</TR>

<TR ACOPY="Y" ADELETE="Y" HEIGHT="34">
<TD ALIGN="CENTER" VALIGN="MIDDLE" WIDTH="291" HEIGHT="27">분쟁조정 신청 절차ㆍ방법</TD>
<TD ALIGN="CENTER" VALIGN="MIDDLE" WIDTH="291" HEIGHT="27">-</TD>
</TR>

<TR ACOPY="Y" ADELETE="Y" HEIGHT="34">
<TD ALIGN="CENTER" VALIGN="MIDDLE" WIDTH="291" HEIGHT="27">분쟁조정 예상 소요기간</TD>
<TD ALIGN="CENTER" VALIGN="MIDDLE" WIDTH="291" HEIGHT="27">-</TD>
</TR>

<TR ACOPY="Y" ADELETE="Y" HEIGHT="36">
<TD ALIGN="CENTER" VALIGN="MIDDLE" WIDTH="291" HEIGHT="29">비고</TD>
<TD ALIGN="CENTER" VALIGN="MIDDLE" WIDTH="291" HEIGHT="29">-</TD>
</TR>
</TBODY>
</TABLE>
<P></P>
</SECTION-1>
</BODY>
</DOCUMENT>