<html>
 <head> 
  <meta content="gdi" http-equiv="X-UA-TextLayoutMetrics"> 
  <meta content="text/html; charset=euc-kr" http-equiv="Content-Type"> 
  <STYLE>
.xforms * { font-family: 돋움체;}
.xforms_title * { font-size: 13pt; padding : 0 0 10 0;}

.xforms table {
    font-size: 10px;
    padding:0px;
    border-collapse:collapse;
    color: #3D3D3D;
}
.xforms td {
    padding-left:0px;
    padding-top:0px;
    border-collapse:collapse;
    line-height:22px;
    color: #3D3D3D;
    /*text-align:right;*/
    vertical-align:middle;
    border: 1px solid #7f7f7f;
}

.xforms span {
    /*display: inline-block;*/
    padding-left:3px;
    padding-right: 1px;
    line-height:22px;
    padding-top:0px;
    padding-bottom:0px;
    text-align:left;
    vertical-align:middle;
    border: 0px solid #DBDBDB;
}

.xforms.img{
    border : 0px;
}

.xforms a:link {

    color: #194866;
    text-decoration: none;
}
.xforms a:active {

    color: #194866;
    text-decoration: none;
}
.xforms a:visited {
    color: #194866;
    text-decoration: none;
}

.xforms A:hover {
    color:008BE3;
    text-decoration: none;
}

.xforms_input{
    border: 0px solid #DBDBDB;
    padding-left:3px;
    padding-right: 1px;
    height:22px;
    padding-top:0px;
    padding-bottom:0px;
    text-align:left;
}
</STYLE> 
  <title>삼부토건/거래처와의 거래중단/(2026.01.05)거래처와의 거래중단</title> 
 </head> 
 <body> 
  <div class="xforms"> 
   <div> 
    <div id="LIB_LC000" style="width:600px;font-size:10pt;;padding:0 0 20 0"> 
     <div> 
      <div> 
       <span style="width:600px;font-size:10pt;font-weight:bold;text-align:center;">정정신고(보고)</span> 
       <table border="0" bordercolordark="white" bordercolorlight="#666666" cellpadding="1" cellspacing="0" id="XFormD8_Form0_Table1" style="margin:0px 0px 20px 0px;width:600px;font-size:10pt;"> 
        <tbody> 
         <tr> 
          <td width="434"> <span style="width:434px;font-size:10pt;text-align:right;">정정일자</span> </td> 
          <td width="166"> <span class="xforms_input" style="width:166px;font-size:10pt;">2026-01-05</span> </td> 
         </tr> 
        </tbody> 
       </table> 
       <table border="1" bordercolordark="white" bordercolorlight="#666666" cellpadding="1" cellspacing="0" id="XFormD8_Form0_RepeatTable0" style="margin:0px 0px 20px 0px;width:600px;font-size:10pt;border:1px solid #7f7f7f;"> 
        <tbody> 
         <tr> 
          <td width="200"> <span style="width:200px;font-size:10pt;">1. 정정관련 공시서류</span> </td> 
          <td colspan="2" width="400"> <span class="xforms_input" style="width:400px;font-size:10pt;">거래처와의 거래중단</span> </td> 
         </tr> 
         <tr> 
          <td width="200"> <span style="width:200px;font-size:10pt;">2. 정정관련 공시서류제출일</span> </td> 
          <td colspan="2" width="400"> <span class="xforms_input" style="width:400px;font-size:10pt;">2025-12-17</span> </td> 
         </tr> 
         <tr> 
          <td width="200"> <span style="width:200px;font-size:10pt;">3. 정정사유</span> </td> 
          <td colspan="2" width="400"> <span class="xforms_input" style="width:400px;font-size:10pt;">최초 공시 이후 경과사항 안내</span> </td> 
         </tr> 
         <tr> 
          <td colspan="3" width="600"> <span style="width:600px;font-size:10pt;">4. 정정사항</span> </td> 
         </tr> 
         <tr> 
          <td width="200"> <span style="width:200px;font-size:10pt;text-align:center;">정정항목</span> </td> 
          <td width="200"> <span style="width:200px;font-size:10pt;text-align:center;">정정전</span> </td> 
          <td width="200"> <span style="width:200px;font-size:10pt;text-align:center;">정정후</span> </td> 
         </tr> 
         <tr> 
          <td width="200"> <span class="xforms_input" style="width:200px;font-size:10pt;">10. 기타 투자판단과 관련한 중요사항</span> </td> 
          <td width="200"> <span class="xforms_input" style="width:200px;font-size:10pt;">-금회 공시는 당사가 제기한 입찰참가자격 제한 처분 취소소송에서 당사의 1심판결 승소 이후 피고의 항소를 대비하여 입찰참가자격 제한 처분에 대한 집행정지신청을 접수하여 공시하는 건입니다.</span> </td> 
          <td width="200"> <span class="xforms_input" style="width:200px;font-size:10pt;">-금회 공시는 피고(한국토지주택공사)가 당사에 대하여 입찰참가자격을 1년간 제한한 것과 관련한 1심판결(당사 승소)에 대해 항소장을 제출함에 따라 정정하는 건입니다.</span> </td> 
         </tr> 
         <tr> 
          <td width="200"> <span class="xforms_input" style="width:200px;font-size:10pt;">10. 기타 투자판단과 관련한 중요사항</span> </td> 
          <td width="200"> <span class="xforms_input" style="width:200px;font-size:10pt;">&lt;최초 공시 이후 경과 사항 안내&gt; <br java="http://xml.apache.org/xalan/java"> <br java="http://xml.apache.org/xalan/java">- 피고(한국토지주택공사)가 2024. 5. 9. 원고(삼부토건)에 대하여 한 1년의 입찰참가자격제한처분은 '입찰참가자격제한처분 취소소송'의 판결 선고일로부터 30일이 되는 날까지 그 효력을 정지함. <br java="http://xml.apache.org/xalan/java"> <br java="http://xml.apache.org/xalan/java">- 위 집행정지 인용에 따라 입찰참가자격제한처분 취소소송의 판결 선고일로부터 30일이 되는 날까지 당사의 입찰 참가 자격에 영향이 없습니다. <br java="http://xml.apache.org/xalan/java"> <br java="http://xml.apache.org/xalan/java">- 피고가 2024. 5. 9. 원고들에게 한 각 1년(2024.5.29부터 2025.5.28까지)의 입찰참가자격 제한처분을 모두 취소한다. <br java="http://xml.apache.org/xalan/java"> <br java="http://xml.apache.org/xalan/java">- 입찰참가자격제한처분에 대해 집행정지신청을 2025.12.17. 접수함. <br java="http://xml.apache.org/xalan/java"> <br java="http://xml.apache.org/xalan/java">- 추후 진행사항이 있을 경우 재공시 하겠습니다. <br java="http://xml.apache.org/xalan/java"> </span> </td> 
          <td width="200"> <span class="xforms_input" style="width:200px;font-size:10pt;">&lt;최초 공시 이후 경과 사항 안내&gt; <br java="http://xml.apache.org/xalan/java"> <br java="http://xml.apache.org/xalan/java">- 피고(한국토지주택공사)가 2024. 5. 9. 원고(삼부토건)에 대하여 한 1년의 입찰참가자격제한처분은 '입찰참가자격제한처분 취소소송'의 판결 선고일로부터 30일이 되는 날까지 그 효력을 정지함. <br java="http://xml.apache.org/xalan/java"> <br java="http://xml.apache.org/xalan/java">- 위 집행정지 인용에 따라 입찰참가자격제한처분 취소소송의 판결 선고일로부터 30일이 되는 날까지 당사의 입찰 참가 자격에 영향이 없습니다. <br java="http://xml.apache.org/xalan/java"> <br java="http://xml.apache.org/xalan/java">- 피고가 2024. 5. 9. 원고들에게 한 각 1년(2024.5.29부터 2025.5.28까지)의 입찰참가자격 제한처분을 모두 취소한다. <br java="http://xml.apache.org/xalan/java"> <br java="http://xml.apache.org/xalan/java">- 입찰참가자격제한처분에 대해 집행정지신청을 2025.12.17. 접수함. <br java="http://xml.apache.org/xalan/java"> <br java="http://xml.apache.org/xalan/java">- 피고(한국토지주택공사)가 2025.12.31. 1심판결에 불복해 항소장 제출함. <br java="http://xml.apache.org/xalan/java"> <br java="http://xml.apache.org/xalan/java">- 추후 진행사항이 있을 경우 재공시 하겠습니다. <br java="http://xml.apache.org/xalan/java"> </span> </td> 
         </tr> 
        </tbody> 
       </table> 
       <table border="1" bordercolordark="white" bordercolorlight="#666666" cellpadding="1" cellspacing="0" id="XFormD8_Form0_Table0" style="margin:0px 0px 20px 0px;width:599px;font-size:10pt;border:1px solid #7f7f7f;"> 
        <tbody> 
         <tr> 
          <td width="599"> <span class="xforms_input" style="width:599px;font-size:10pt;">-</span> </td> 
         </tr> 
        </tbody> 
       </table> 
      </div> 
     </div> 
    </div> 
    <div class="xforms_title"> 
     <div> 
      <span style="width:600px;font-weight:bold;text-align:center;">거래처와의 거래중단</span> 
     </div> 
    </div> 
    <span class="noprint" style="display:none;width:600px;font-size:10pt;"> </span> 
    <table border="1" bordercolordark="white" bordercolorlight="#666666" cellpadding="1" cellspacing="0" id="XFormD26_Form0_Table0" style="margin:0px 0px 20px 0px;width:600px;font-size:10pt;border:1px solid #7f7f7f;"> 
     <tbody> 
      <tr> 
       <td colspan="2" width="293"> <span style="width:293px;font-size:10pt;">1. 거래상대</span> </td> 
       <td colspan="2" width="307"> <span class="xforms_input" style="width:307px;font-size:10pt;">국내 공공기관</span> </td> 
      </tr> 
      <tr> 
       <td colspan="2" width="293"> <span style="width:293px;font-size:10pt;">2. 거래중단내용</span> </td> 
       <td colspan="2" width="307"> <span class="xforms_input" style="width:307px;font-size:10pt;">입찰참가자격을 일정기간동안 제한</span> </td> 
      </tr> 
      <tr> 
       <td rowspan="4" width="83"> <span style="width:83px;font-size:10pt;">3. 거래중단내역</span> </td> 
       <td width="210"> <span style="width:210px;font-size:10pt;text-align:center;">해당 거래처에 대한 매출액(원)</span> </td> 
       <td colspan="2" width="307"> <span class="xforms_input" style="width:307px;font-size:10pt;text-align:right;">132,751,354,632</span> </td> 
      </tr> 
      <tr> 
       <td width="210"> <span style="width:210px;font-size:10pt;text-align:center;">최근매출액(원)</span> </td> 
       <td colspan="2" width="307"> <span class="xforms_input" style="width:307px;font-size:10pt;text-align:right;">574,975,687,073</span> </td> 
      </tr> 
      <tr> 
       <td width="210"> <span style="width:210px;font-size:10pt;text-align:center;">매출액대비(%)</span> </td> 
       <td colspan="2" width="307"> <span class="xforms_input" style="width:307px;font-size:10pt;text-align:right;">23.09</span> </td> 
      </tr> 
      <tr> 
       <td width="210"> <span style="width:210px;font-size:10pt;text-align:center;">대규모법인여부</span> </td> 
       <td colspan="2" width="307"> <span class="xforms_input" style="width:307px;font-size:10pt;">미해당</span> </td> 
      </tr> 
      <tr> 
       <td colspan="2" width="293"> <span style="width:293px;font-size:10pt;">4. 중단일자</span> </td> 
       <td colspan="2" width="307"> <span class="xforms_input" style="width:307px;font-size:10pt;">2024-05-29</span> </td> 
      </tr> 
      <tr> 
       <td colspan="2" width="293"> <span style="width:293px;font-size:10pt;">5. 중단예상기간</span> </td> 
       <td colspan="2" width="307"> <span class="xforms_input" style="width:307px;font-size:10pt;">2024-05-29 ~ 2025-05-28</span> </td> 
      </tr> 
      <tr> 
       <td colspan="2" width="293"> <span style="width:293px;font-size:10pt;">6. 중단사유</span> </td> 
       <td colspan="2" width="307"> <span class="xforms_input" style="width:307px;font-size:10pt;">「의왕초평 A3BL 아파트 건설공사 1공구」의 계약상대자로 설계서와 달리 구조물 내구성 연한의 단축，안전도의 위해를 가져오는 등 부당한 시공을 한 자</span> </td> 
      </tr> 
      <tr> 
       <td colspan="2" width="293"> <span style="width:293px;font-size:10pt;">7. 중단영향</span> </td> 
       <td colspan="2" width="307"> <span class="xforms_input" style="width:307px;font-size:10pt;">해당기간동안 국내 공공공사 입찰 참가자격 제한</span> </td> 
      </tr> 
      <tr> 
       <td colspan="2" width="293"> <span style="width:293px;font-size:10pt;">8. 향후대책</span> </td> 
       <td colspan="2" width="307"> <span class="xforms_input" style="width:307px;font-size:10pt;">피고의 항소를 대비하여 행정처분에 대한 '집행정지신청'을 2025.12.17. 접수하였고, 항소시 법률대리인을 통해 대응할 예정임.</span> </td> 
      </tr> 
      <tr> 
       <td colspan="2" width="293"> <span style="width:293px;font-size:10pt;">9. 이사회결의일(결정일)</span> </td> 
       <td colspan="2" width="307"> <span class="xforms_input" style="width:307px;font-size:10pt;">2024-05-16</span> </td> 
      </tr> 
      <tr> 
       <td rowspan="2" width="83"> <span style="width:83px;font-size:10pt;">- 사외이사 참석여부</span> </td> 
       <td width="210"> <span style="width:210px;font-size:10pt;text-align:center;">참석(명)</span> </td> 
       <td colspan="2" width="307"> <span class="xforms_input" style="width:307px;font-size:10pt;text-align:right;">-</span> </td> 
      </tr> 
      <tr> 
       <td width="210"> <span style="width:210px;font-size:10pt;text-align:center;">불참(명)</span> </td> 
       <td colspan="2" width="307"> <span class="xforms_input" style="width:307px;font-size:10pt;text-align:right;">-</span> </td> 
      </tr> 
      <tr> 
       <td colspan="2" width="293"> <span style="width:293px;font-size:10pt;">- 감사(사외이사가 아닌 감사위원) 참석여부</span> </td> 
       <td colspan="2" width="307"> <span class="xforms_input" style="width:307px;font-size:10pt;">-</span> </td> 
      </tr> 
      <tr> 
       <td colspan="4" width="600"> <span style="width:600px;font-size:10pt;">10. 기타 투자판단과 관련한 중요사항</span> </td> 
      </tr> 
      <tr> 
       <td colspan="4" width="600"> <span class="xforms_input" style="width:600px;font-size:10pt;">-금회 공시는 피고(한국토지주택공사)가 당사에 대하여 입찰참가자격을 1년간 제한한 것과 관련한 1심판결(당사 승소)에 대해 항소장을 제출함에 따라 정정하는 건입니다. <br xmlns:java="http://xml.apache.org/xalan/java"> <br xmlns:java="http://xml.apache.org/xalan/java">- 상기 3.해당 거래처에 대한 매출액은 당사의 2023년 국내 관급기관 대상 매출액입니다. <br xmlns:java="http://xml.apache.org/xalan/java"> <br xmlns:java="http://xml.apache.org/xalan/java">- 상기 3.최근매출액은 2023년말 연결재무제표 기준 금액입니다. <br xmlns:java="http://xml.apache.org/xalan/java"> <br xmlns:java="http://xml.apache.org/xalan/java">- 상기 4.중단일자는 입찰참가자격 제한기간 시작일입니다. <br xmlns:java="http://xml.apache.org/xalan/java"> <br xmlns:java="http://xml.apache.org/xalan/java">- 상기 8.이사회결의일은 본건 공문 접수일입니다. <br xmlns:java="http://xml.apache.org/xalan/java"> <br xmlns:java="http://xml.apache.org/xalan/java"> <br xmlns:java="http://xml.apache.org/xalan/java">&lt;최초 공시 이후 경과 사항 안내&gt; <br xmlns:java="http://xml.apache.org/xalan/java"> <br xmlns:java="http://xml.apache.org/xalan/java">- 피고(한국토지주택공사)가 2024. 5. 9. 원고(삼부토건)에 대하여 한 1년의 입찰참가자격제한처분은 '입찰참가자격제한처분 취소소송'의 판결 선고일로부터 30일이 되는 날까지 그 효력을 정지함. <br xmlns:java="http://xml.apache.org/xalan/java"> <br xmlns:java="http://xml.apache.org/xalan/java">- 위 집행정지 인용에 따라 입찰참가자격제한처분 취소소송의 판결 선고일로부터 30일이 되는 날까지 당사의 입찰 참가 자격에 영향이 없습니다. <br xmlns:java="http://xml.apache.org/xalan/java"> <br xmlns:java="http://xml.apache.org/xalan/java">- 피고가 2024. 5. 9. 원고들에게 한 각 1년(2024.5.29부터 2025.5.28까지)의 입찰참가자격 제한처분을 모두 취소한다. <br xmlns:java="http://xml.apache.org/xalan/java"> <br xmlns:java="http://xml.apache.org/xalan/java">- 입찰참가자격제한처분에 대해 집행정지신청을 2025.12.17. 접수함. <br xmlns:java="http://xml.apache.org/xalan/java"> <br xmlns:java="http://xml.apache.org/xalan/java">- 피고(한국토지주택공사)가 2025.12.31. 1심판결에 불복해 항소장 제출함. <br xmlns:java="http://xml.apache.org/xalan/java"> <br xmlns:java="http://xml.apache.org/xalan/java">- 추후 진행사항이 있을 경우 재공시 하겠습니다.</span> </td> 
      </tr> 
      <tr> 
       <td width="83"> <span style="width:83px;font-size:10pt;">※ 관련공시</span> </td> 
       <td colspan="3" width="517"> <span style="width:517px;font-size:10pt;"> <a href="http://kind.krx.co.kr/common/disclsviewer.do?method=search&amp;acptno=20240516001721&amp;rcpno=20240516001721&amp;orgid=G&amp;tran=Y&amp;langTpCd=0" target="_blank" xmlns="http://www.w3.org/1999/xhtml" xmlns:xf="http://www.w3.org/2002/xforms" xmlns:xh="http://www.w3.org/1999/xhtml" xmlns:xsd="http://www.w3.org/2001/XMLSchema">2024-05-16 거래처와의 거래중단</a> <br xmlns:java="http://xml.apache.org/xalan/java"> <a href="http://kind.krx.co.kr/common/disclsviewer.do?method=search&amp;acptno=20240521000462&amp;rcpno=20240521000462&amp;orgid=G&amp;tran=Y&amp;langTpCd=0" target="_blank" xmlns="http://www.w3.org/1999/xhtml" xmlns:xf="http://www.w3.org/2002/xforms" xmlns:xh="http://www.w3.org/1999/xhtml" xmlns:xsd="http://www.w3.org/2001/XMLSchema">2024-05-21 거래처와의 거래중단</a> <br xmlns:java="http://xml.apache.org/xalan/java"> <a href="http://kind.krx.co.kr/common/disclsviewer.do?method=search&amp;acptno=20240603000585&amp;rcpno=20240603000585&amp;orgid=G&amp;tran=Y&amp;langTpCd=0" target="_blank" xmlns="http://www.w3.org/1999/xhtml" xmlns:xf="http://www.w3.org/2002/xforms" xmlns:xh="http://www.w3.org/1999/xhtml" xmlns:xsd="http://www.w3.org/2001/XMLSchema">2024-06-03 거래처와의 거래중단</a> <br xmlns:java="http://xml.apache.org/xalan/java"> <a href="http://kind.krx.co.kr/common/disclsviewer.do?method=search&amp;acptno=20251215001757&amp;rcpno=20251215001757&amp;orgid=G&amp;tran=Y&amp;langTpCd=0" target="_blank" xmlns="http://www.w3.org/1999/xhtml" xmlns:xf="http://www.w3.org/2002/xforms" xmlns:xh="http://www.w3.org/1999/xhtml" xmlns:xsd="http://www.w3.org/2001/XMLSchema">2025-12-15 거래처와의 거래중단</a> <br xmlns:java="http://xml.apache.org/xalan/java"> <a href="http://kind.krx.co.kr/common/disclsviewer.do?method=search&amp;acptno=20251217000544&amp;rcpno=20251217000544&amp;orgid=G&amp;tran=Y&amp;langTpCd=0" target="_blank" xmlns="http://www.w3.org/1999/xhtml" xmlns:xf="http://www.w3.org/2002/xforms" xmlns:xh="http://www.w3.org/1999/xhtml" xmlns:xsd="http://www.w3.org/2001/XMLSchema">2025-12-17 거래처와의 거래중단</a> <br xmlns:java="http://xml.apache.org/xalan/java"> </span> </td> 
      </tr> 
     </tbody> 
    </table> 
   </div> 
  </div>  
 </body>
</html>