<?xml version="1.0" encoding="utf-8"?>


<DOCUMENT xmlns:xsi="http://www.w3.org/2001/XMLSchema-instance" xsi:noNamespaceSchemaLocation="dart4.xsd">

<DOCUMENT-NAME ACODE="11309">주요사항보고서(감자 결정)</DOCUMENT-NAME>
<FORMULA-VERSION ADATE="20191209">6.0</FORMULA-VERSION>
<COMPANY-NAME AREGCIK="00620558">(주)에이비프로바이오</COMPANY-NAME>


<BODY ATOCID="2">

<LIBRARY>
<SECTION-1 ACLASS="MANDATORY" APARTSOURCE="SOURCE">
<TITLE ATOC="Y" AASSOCNOTE="D-0-0-0-0" ENG="Report on Major Issues／Reporting Obligations to the KRX" ATOCID="2">주요사항보고서 / 거래소 신고의무 사항</TITLE>

<TABLE ACLASS="NORMAL" AFIXTABLE="Y" WIDTH="600" BORDER="0">

<COLGROUP WIDTH="600">
<COL WIDTH="141"></COL>
<COL WIDTH="183"></COL>
<COL WIDTH="276"></COL>
</COLGROUP>

<TBODY>

<TR ACOPY="Y" ADELETE="Y" HEIGHT="30">
<TD COLSPAN="3" WIDTH="591" HEIGHT="23"></TD>
</TR>

<TR ACOPY="Y" ADELETE="Y" HEIGHT="53">
<TD COLSPAN="3" WIDTH="591" HEIGHT="46"></TD>
</TR>

<TR ACOPY="Y" ADELETE="Y" HEIGHT="30">
<TD COLSPAN="2" VALIGN="MIDDLE" WIDTH="315" HEIGHT="23">금융위원회 / 한국거래소 귀중</TD>
<TD ALIGN="RIGHT" VALIGN="MIDDLE" WIDTH="267" HEIGHT="23">  2026년   01월   05일</TD>
</TR>

<TR ACOPY="Y" ADELETE="Y" HEIGHT="53">
<TD COLSPAN="3" WIDTH="591" HEIGHT="46"></TD>
</TR>

<TR ACOPY="Y" ADELETE="Y" HEIGHT="30">
<TD WIDTH="132" HEIGHT="23">회     사     명  :</TD>
<TD COLSPAN="2" WIDTH="450" HEIGHT="23" USERMARK="F-10 ">주식회사 에이비프로바이오</TD>
</TR>

<TR ACOPY="Y" ADELETE="Y" HEIGHT="30">
<TD WIDTH="132" HEIGHT="23">대  표   이  사  :</TD>
<TD COLSPAN="2" WIDTH="450" HEIGHT="23" USERMARK="F-10 ">이재용</TD>
</TR>

<TR ACOPY="Y" ADELETE="Y" HEIGHT="30">
<TD WIDTH="132" HEIGHT="23">본 점  소 재 지 :</TD>
<TD COLSPAN="2" WIDTH="450" HEIGHT="23" USERMARK="F-10 ">대구광역시 달성군 유가읍 테크노순환로1길 70</TD>
</TR>

<TR ACOPY="Y" ADELETE="Y" HEIGHT="30">
<TD WIDTH="132" HEIGHT="23"></TD>

<TD COLSPAN="2" WIDTH="450" HEIGHT="23">(전  화) 
<SPAN USERMARK="F-10 ">053) 582-8036</SPAN>
</TD>
</TR>

<TR ACOPY="Y" ADELETE="Y" HEIGHT="30">
<TD WIDTH="132" HEIGHT="23"></TD>

<TD COLSPAN="2" WIDTH="450" HEIGHT="23">(홈페이지) 
<SPAN USERMARK="F-10 ">http://www.abprobio.co.kr</SPAN>
</TD>
</TR>

<TR ACOPY="Y" ADELETE="Y" HEIGHT="30">
<TD WIDTH="132" HEIGHT="23"></TD>
<TD COLSPAN="2" WIDTH="450" HEIGHT="23"></TD>
</TR>

<TR ACOPY="Y" ADELETE="Y" HEIGHT="30">
<TD COLSPAN="3" WIDTH="591" HEIGHT="23"></TD>
</TR>

<TR ACOPY="Y" ADELETE="Y" HEIGHT="30">
<TD COLSPAN="3" WIDTH="591" HEIGHT="23"></TD>
</TR>

<TR ACOPY="Y" ADELETE="Y" HEIGHT="30">
<TD WIDTH="132" HEIGHT="23">작 성 책 임 자 :</TD>

<TD WIDTH="174" HEIGHT="23">(직  책) 
<SPAN USERMARK="F-10 ">사내이사</SPAN>
</TD>

<TD WIDTH="267" HEIGHT="23">(성  명) 
<SPAN USERMARK="F-10 ">권형석</SPAN>
</TD>
</TR>

<TR ACOPY="Y" ADELETE="Y" HEIGHT="30">
<TD WIDTH="132" HEIGHT="23"></TD>

<TD COLSPAN="2" WIDTH="450" HEIGHT="23">(전  화) 
<SPAN USERMARK="F-10 ">053) 582-8036</SPAN>
</TD>
</TR>

<TR ACOPY="Y" ADELETE="Y" HEIGHT="30">
<TD COLSPAN="3" WIDTH="591" HEIGHT="23"></TD>
</TR>
</TBODY>
</TABLE>
<P></P>
<PGBRK></PGBRK>
</SECTION-1>
</LIBRARY>


<SECTION-1 ACLASS="MANDATORY" APARTSOURCE="SOURCE">
<TITLE ATOC="Y" AASSOCNOTE="D-0-1-0-0" ENG="Decision on Capital Reduction" ATOCID="1">감자 결정</TITLE>
<P></P>

<TABLE-GROUP ACLASS="CST_CNT" ADELETETABLE="N">

<TABLE ACLASS="EXTRACTION" AFIXTABLE="Y" WIDTH="608" BORDER="1">

<COLGROUP WIDTH="608">
<COL WIDTH="166"></COL>
<COL WIDTH="102"></COL>
<COL WIDTH="69"></COL>
<COL WIDTH="140"></COL>
<COL WIDTH="131"></COL>
</COLGROUP>

<TBODY>

<TR ACOPY="Y" ADELETE="Y" HEIGHT="30">
<TD ROWSPAN="2" VALIGN="MIDDLE" WIDTH="157" HEIGHT="53" AUPDATECONT="N" ENG="1. Class and number of shares subject to capital reduction">1. 감자주식의 종류와 수</TD>
<TD ALIGN="CENTER" VALIGN="MIDDLE" WIDTH="162" HEIGHT="23" AUPDATECONT="N" COLSPAN="2" ENG="Common stock (shrs.)">보통주식 (주)</TD>
<TE COLSPAN="2" ALIGN="RIGHT" VALIGN="MIDDLE" WIDTH="262" HEIGHT="23" ACODE="CST_CNT" USERMARK="F-10 ">256,220,749</TE>
</TR>

<TR ACOPY="Y" ADELETE="Y" HEIGHT="30">
<TD ALIGN="CENTER" VALIGN="MIDDLE" WIDTH="162" HEIGHT="23" AUPDATECONT="N" COLSPAN="2" ENG="Different classes of stocks (shrs.)">기타주식 (주)</TD>
<TE COLSPAN="2" ALIGN="RIGHT" VALIGN="MIDDLE" WIDTH="262" HEIGHT="23" ACODE="PST_CNT" USERMARK="F-10 ">-</TE>
</TR>

<TR ACOPY="Y" ADELETE="Y" HEIGHT="30">
<TD COLSPAN="3" VALIGN="MIDDLE" WIDTH="328" HEIGHT="23" AUPDATECONT="N" ENG="2. Par value per share (KRW)">2. 1주당 액면가액 (원)</TD>
<TE COLSPAN="2" ALIGN="RIGHT" VALIGN="MIDDLE" WIDTH="262" HEIGHT="23" ACODE="FVAL" USERMARK="F-10 ">500</TE>
</TR>

<TR ACOPY="Y" ADELETE="Y" HEIGHT="30">
<TD ROWSPAN="2" COLSPAN="3" VALIGN="MIDDLE" WIDTH="328" HEIGHT="51" AUPDATECONT="N" ENG="3. Capital before and after capital reduction">3. 감자전후 자본금</TD>
<TD ALIGN="CENTER" VALIGN="MIDDLE" WIDTH="131" HEIGHT="23" AUPDATECONT="N" ENG="Before capital reduction (KRW)">감자전 (원)</TD>
<TD ALIGN="CENTER" VALIGN="MIDDLE" WIDTH="122" HEIGHT="23" AUPDATECONT="N" ENG="After capital reduction (KRW)">감자후 (원)</TD>
</TR>

<TR ACOPY="Y" ADELETE="Y" HEIGHT="28">
<TE ALIGN="RIGHT" VALIGN="MIDDLE" WIDTH="131" HEIGHT="21" ACODE="ROC_BAMT" USERMARK="F-10 ">142,344,860,500</TE>
<TE ALIGN="RIGHT" VALIGN="MIDDLE" WIDTH="122" HEIGHT="21" ACODE="ROC_AAMT" USERMARK="F-10 ">14,234,486,000</TE>
</TR>

<TR ACOPY="Y" ADELETE="Y" HEIGHT="30">
<TD ROWSPAN="3" VALIGN="MIDDLE" WIDTH="157" HEIGHT="83" AUPDATECONT="N" ENG="4. Number of shares issued before and after capital reduction">4. 감자전후 발행주식수</TD>
<TD ALIGN="CENTER" VALIGN="MIDDLE" WIDTH="162" HEIGHT="23" AUPDATECONT="N" COLSPAN="2" ENG="Category">구   분</TD>
<TD ALIGN="CENTER" VALIGN="MIDDLE" WIDTH="131" HEIGHT="23" AUPDATECONT="N" ENG="Before capital reduction (shrs.)">감자전 (주)</TD>
<TD ALIGN="CENTER" VALIGN="MIDDLE" WIDTH="122" HEIGHT="23" AUPDATECONT="N" ENG="After capital reduction (shrs.)">감자후 (주)</TD>
</TR>

<TR ACOPY="Y" ADELETE="Y" HEIGHT="30">
<TD ALIGN="CENTER" VALIGN="MIDDLE" WIDTH="162" HEIGHT="23" AUPDATECONT="N" COLSPAN="2" ENG="Common stock (shrs.)">보통주식(주)</TD>
<TE ALIGN="RIGHT" VALIGN="MIDDLE" WIDTH="131" HEIGHT="23" ACODE="BFR_CST_CNT" USERMARK="F-10 ">284,689,721</TE>
<TE ALIGN="RIGHT" VALIGN="MIDDLE" WIDTH="122" HEIGHT="23" ACODE="AFT_CST_CNT" USERMARK="F-10 ">28,468,972</TE>
</TR>

<TR ACOPY="Y" ADELETE="Y" HEIGHT="30">
<TD ALIGN="CENTER" VALIGN="MIDDLE" WIDTH="162" HEIGHT="23" AUPDATECONT="N" COLSPAN="2" ENG="Different classes of stocks (shrs.)">기타주식(주)</TD>
<TE ALIGN="RIGHT" VALIGN="MIDDLE" WIDTH="131" HEIGHT="23" ACODE="BFR_PST_CNT" USERMARK="F-10 ">-</TE>
<TE ALIGN="RIGHT" VALIGN="MIDDLE" WIDTH="122" HEIGHT="23" ACODE="AFT_PST_CNT" USERMARK="F-10 ">-</TE>
</TR>

<TR ACOPY="Y" ADELETE="Y" HEIGHT="30">
<TD ROWSPAN="2" VALIGN="MIDDLE" WIDTH="157" HEIGHT="53" AUPDATECONT="N" ENG="5. Capital reduction ratio">5. 감자비율</TD>
<TD ALIGN="CENTER" VALIGN="MIDDLE" WIDTH="162" HEIGHT="23" AUPDATECONT="N" COLSPAN="2" ENG="Common stock (%)">보통주식 (%)</TD>
<TE COLSPAN="2" ALIGN="RIGHT" VALIGN="MIDDLE" WIDTH="262" HEIGHT="23" ACODE="ROC_CST_RT" USERMARK="F-10 ">90.00</TE>
</TR>

<TR ACOPY="Y" ADELETE="Y" HEIGHT="30">
<TD ALIGN="CENTER" VALIGN="MIDDLE" WIDTH="162" HEIGHT="23" AUPDATECONT="N" COLSPAN="2" ENG="Different classes of stocks (%)">기타주식 (%)</TD>
<TE COLSPAN="2" ALIGN="RIGHT" VALIGN="MIDDLE" WIDTH="262" HEIGHT="23" ACODE="ROC_PST_RT" USERMARK="F-10 ">-</TE>
</TR>

<TR ACOPY="Y" ADELETE="Y" HEIGHT="30">
<TD COLSPAN="3" VALIGN="MIDDLE" WIDTH="328" HEIGHT="23" AUPDATECONT="N" ENG="6. Record date for capital reduction">6. 감자기준일</TD>
<TU COLSPAN="2" ALIGN="CENTER" VALIGN="MIDDLE" WIDTH="262" HEIGHT="23" AUNIT="ROC_DT" AUNITVALUE="20260223">2026년 02월 23일</TU>
</TR>

<TR ACOPY="Y" ADELETE="Y" HEIGHT="70">
<TD COLSPAN="3" VALIGN="MIDDLE" WIDTH="328" HEIGHT="63" AUPDATECONT="N" ENG="7. Method of capital reduction">7. 감자방법</TD>
<TE COLSPAN="2" VALIGN="MIDDLE" WIDTH="262" HEIGHT="63" ACODE="ROC_MTH" USERMARK="F-10 ">액면가 500원의 기명식 보통주식 10주를 같은 액면가 500원 기명식 보통주식 1주로 주식병합의 방법으로 실시 (10:1 무상감자)</TE>
</TR>

<TR ACOPY="Y" ADELETE="Y" HEIGHT="30">
<TD COLSPAN="3" VALIGN="MIDDLE" WIDTH="328" HEIGHT="23" AUPDATECONT="N" ENG="8. Reasons for capital reduction">8. 감자사유</TD>
<TE COLSPAN="2" VALIGN="MIDDLE" WIDTH="262" HEIGHT="23" ACODE="ROC_RSN" ALIGN="CENTER" USERMARK="F-10 ">재무구조 개선</TE>
</TR>

<TR ACOPY="Y" ADELETE="Y" HEIGHT="30">
<TD ROWSPAN="8" VALIGN="MIDDLE" WIDTH="157" HEIGHT="233" AUPDATECONT="N" ENG="9. Schedule of capital reduction">9. 감자일정</TD>
<TD VALIGN="MIDDLE" WIDTH="162" HEIGHT="23" AUPDATECONT="N" COLSPAN="2" ENG="Scheduled date of general shareholders’ meeting">주주총회 예정일</TD>
<TU COLSPAN="2" ALIGN="CENTER" VALIGN="MIDDLE" WIDTH="262" HEIGHT="23" AUNIT="GMSH_DT" AUNITVALUE="20260123">2026년 01월 23일</TU>
</TR>

<TR ACOPY="Y" ADELETE="Y" HEIGHT="30">
<TD VALIGN="MIDDLE" WIDTH="162" HEIGHT="23" AUPDATECONT="N" COLSPAN="2" ENG="Book closure period">명의개서정지기간</TD>
<TU COLSPAN="2" ALIGN="CENTER" VALIGN="MIDDLE" WIDTH="262" HEIGHT="23" AUNIT="REFRM_TRM" AUNITVALUE="-">-</TU>
</TR>

<TR ACOPY="Y" ADELETE="Y" HEIGHT="30">
<TD VALIGN="MIDDLE" WIDTH="93" HEIGHT="53" AUPDATECONT="N" ROWSPAN="2" ENG="Period for submission of old share certificates">구주권제출기간</TD>
<TD VALIGN="MIDDLE" WIDTH="60" HEIGHT="23" AUPDATECONT="N" ALIGN="CENTER" ENG="Start date">시작일</TD>
<TU COLSPAN="2" ALIGN="CENTER" VALIGN="MIDDLE" WIDTH="262" HEIGHT="23" AUNIT="SBM_TRM_BGN" AUNITVALUE="-">-</TU>
</TR>

<TR ACOPY="Y" ADELETE="Y" HEIGHT="30">
<TD VALIGN="MIDDLE" WIDTH="60" HEIGHT="23" AUPDATECONT="N" ALIGN="CENTER" ENG="End date">종료일</TD>
<TU COLSPAN="2" ALIGN="CENTER" VALIGN="MIDDLE" WIDTH="262" HEIGHT="23" AUNIT="SBM_TRM_END" AUNITVALUE="-">-</TU>
</TR>

<TR ACOPY="Y" ADELETE="Y" HEIGHT="30">
<TD VALIGN="MIDDLE" WIDTH="93" HEIGHT="53" AUPDATECONT="N" ROWSPAN="2" ENG="Scheduled period for suspending trading">매매거래정지예정기간</TD>
<TD VALIGN="MIDDLE" WIDTH="60" HEIGHT="23" AUPDATECONT="N" ALIGN="CENTER" ENG="Start date">시작일</TD>
<TU COLSPAN="2" ALIGN="CENTER" VALIGN="MIDDLE" WIDTH="262" HEIGHT="23" AUNIT="TRD_STP_TRM_BGN" AUNITVALUE="20260222">2026년 02월 22일</TU>
</TR>

<TR ACOPY="Y" ADELETE="Y" HEIGHT="30">
<TD VALIGN="MIDDLE" WIDTH="60" HEIGHT="23" AUPDATECONT="N" ALIGN="CENTER" ENG="End date">종료일</TD>
<TU COLSPAN="2" ALIGN="CENTER" VALIGN="MIDDLE" WIDTH="262" HEIGHT="23" AUNIT="TRD_STP_TRM_END" AUNITVALUE="20260311">2026년 03월 11일</TU>
</TR>

<TR ACOPY="Y" ADELETE="Y" HEIGHT="30">
<TD VALIGN="MIDDLE" WIDTH="162" HEIGHT="23" AUPDATECONT="N" COLSPAN="2" ENG="Scheduled delivery date of new share certificates">신주권교부예정일</TD>
<TU COLSPAN="2" ALIGN="CENTER" VALIGN="MIDDLE" WIDTH="262" HEIGHT="23" AUNIT="NST_GV_DT" AUNITVALUE="-">-</TU>
</TR>

<TR ACOPY="Y" ADELETE="Y" HEIGHT="30">
<TD VALIGN="MIDDLE" WIDTH="162" HEIGHT="23" AUPDATECONT="N" COLSPAN="2" ENG="Scheduled listing date of new shares">신주상장예정일</TD>
<TU COLSPAN="2" ALIGN="CENTER" VALIGN="MIDDLE" WIDTH="262" HEIGHT="23" AUNIT="NST_LST_DT" AUNITVALUE="20260312">2026년 03월 12일</TU>
</TR>

<TR ACOPY="Y" ADELETE="Y" HEIGHT="30">
<TD ROWSPAN="2" VALIGN="MIDDLE" WIDTH="157" HEIGHT="53" AUPDATECONT="N" ENG="10. Creditor objection submission period">10. 채권자     이의제출기간</TD>
<TD ALIGN="CENTER" VALIGN="MIDDLE" WIDTH="162" HEIGHT="23" AUPDATECONT="N" COLSPAN="2" ENG="Start date">시작일</TD>
<TU COLSPAN="2" ALIGN="CENTER" VALIGN="MIDDLE" WIDTH="262" HEIGHT="23" AUNIT="DTT_PRC_BGN_DT" AUNITVALUE="20260124">2026년 01월 24일</TU>
</TR>

<TR ACOPY="Y" ADELETE="Y" HEIGHT="30">
<TD ALIGN="CENTER" VALIGN="MIDDLE" WIDTH="162" HEIGHT="23" AUPDATECONT="N" COLSPAN="2" ENG="End date">종료일</TD>
<TU COLSPAN="2" ALIGN="CENTER" VALIGN="MIDDLE" WIDTH="262" HEIGHT="23" AUNIT="DTT_PRC_END_DT" AUNITVALUE="20260223">2026년 02월 23일</TU>
</TR>

<TR ACOPY="Y" ADELETE="Y" HEIGHT="30">
<TD COLSPAN="3" VALIGN="MIDDLE" WIDTH="328" HEIGHT="23" AUPDATECONT="N" ENG="11. Place for submitting old share certificates and delivery of new share certificates">11. 구주권제출 및 신주권교부장소</TD>
<TE COLSPAN="2" VALIGN="MIDDLE" WIDTH="262" HEIGHT="23" ACODE="SBM_GV_PLC" ALIGN="CENTER" USERMARK="F-10 ">-</TE>
</TR>

<TR ACOPY="Y" ADELETE="Y" HEIGHT="30">
<TD COLSPAN="3" VALIGN="MIDDLE" WIDTH="328" HEIGHT="23" AUPDATECONT="N" ENG="12. Board resolution date (decision date)">12. 이사회결의일(결정일)</TD>
<TU COLSPAN="2" ALIGN="CENTER" VALIGN="MIDDLE" WIDTH="262" HEIGHT="23" AUNIT="DRC_DT" AUNITVALUE="20260105">2026년 01월 05일</TU>
</TR>

<TR ACOPY="Y" ADELETE="Y" HEIGHT="30">
<TD ROWSPAN="2" VALIGN="MIDDLE" WIDTH="157" HEIGHT="53" AUPDATECONT="N" ENG="- Attendance of outside directors">   - 사외이사 참석여부</TD>
<TD ALIGN="CENTER" VALIGN="MIDDLE" WIDTH="162" HEIGHT="23" AUPDATECONT="N" COLSPAN="2" ENG="Present (No.)">참석(명)</TD>
<TE COLSPAN="2" ALIGN="CENTER" VALIGN="MIDDLE" WIDTH="262" HEIGHT="23" ACODE="ATD_CNT" USERMARK="F-10 ">2</TE>
</TR>

<TR ACOPY="Y" ADELETE="Y" HEIGHT="30">
<TD ALIGN="CENTER" VALIGN="MIDDLE" WIDTH="162" HEIGHT="23" AUPDATECONT="N" COLSPAN="2" ENG="Absent (No.)">불참(명)</TD>
<TE COLSPAN="2" ALIGN="CENTER" VALIGN="MIDDLE" WIDTH="262" HEIGHT="23" ACODE="NATD_CNT" USERMARK="F-10 ">0</TE>
</TR>

<TR ACOPY="Y" ADELETE="Y" HEIGHT="30">
<TD COLSPAN="3" VALIGN="MIDDLE" WIDTH="328" HEIGHT="23" AUPDATECONT="N" ENG="- Attendance of auditors (members of Audit Committee)">   - 감사(감사위원) 참석여부</TD>
<TU COLSPAN="2" ALIGN="CENTER" VALIGN="MIDDLE" WIDTH="262" HEIGHT="23" AUNIT="ADT_ATD_YN" AUNITVALUE="Y" ENG="Present">참석</TU>
</TR>

<TR ACOPY="Y" ADELETE="Y" HEIGHT="30">
<TD COLSPAN="3" VALIGN="MIDDLE" WIDTH="328" HEIGHT="23" AUPDATECONT="N" ENG="13. Whether subject to the Fair Trade Commission reporting requirements">13. 공정거래위원회 신고대상 여부</TD>
<TU COLSPAN="2" ALIGN="CENTER" VALIGN="MIDDLE" WIDTH="262" HEIGHT="23" AUNIT="TRD_YN" AUNITVALUE="N" ENG="Non-applicable">미해당</TU>
</TR>
</TBODY>
</TABLE>
</TABLE-GROUP>

<TABLE ACLASS="NORMAL" AFIXTABLE="Y" WIDTH="600" BORDER="0">

<COLGROUP WIDTH="600">
<COL WIDTH="600"></COL>
</COLGROUP>

<TBODY>

<TR ACOPY="N" ADELETE="N" HEIGHT="30">
<TD WIDTH="591" HEIGHT="23" AUPDATECONT="N" ENG="14. Other matters to be factored into investment decisions">14. 기타 투자판단에 참고할 사항</TD>
</TR>
</TBODY>
</TABLE>
<P USERMARK="F-GL10 ">1) 단주처리 : 주식의 병합으로 발생하는 1주 미만의 단수주는 신주상장 초일의 종가를 기준으로 계산하여 현금으로 지급 예정.</P>
<P USERMARK="F-GL10 ">2) 단주 차이로 인하여 주식 병합 후 발행주식 수 및 자본금이 변경될 수 있음.</P>
<P USERMARK="F-GL10 ">3) 2019년 9월 16일 주식,사채등의 전자등록에 관한 법률 시행으로 명의개서정지기간, 구주권 제출기간, 신주권교부 예정일, 구주권 제출 및 신주권 교부장소는 표시하지 않음.</P>
<P USERMARK="F-GL10 ">4) 본 자본금의 감소는 상법 제438조 제1항에 의거하여 주주총회 특별결의로 결정하며, 동법 제439조 제2항에 의거하여 1개월간의 채권자 보호절차를 시행함.</P>
<P USERMARK="F-GL10 ">5) 상기 자본 감소의 일정 및 발행 후 주식의 총수는 주주총회의 결의과정 또는 관계기관과의 협의 및 처리 과정에서 변경될 수 있음.</P>
<P>※ 기타주식에 관한 사항</P>

<TABLE-GROUP ACLASS="STO_ETC" ADELETETABLE="N">

<TABLE ACLASS="EXTRACTION" AFIXTABLE="Y" WIDTH="600" BORDER="1">

<COLGROUP WIDTH="600">
<COL WIDTH="235"></COL>
<COL WIDTH="365"></COL>
</COLGROUP>

<TBODY>

<TR ACOPY="N" ADELETE="N" HEIGHT="30">
<TD WIDTH="226" HEIGHT="23" AUPDATECONT="N" ENG="Basis in articles of incorporation">정관의 근거</TD>
<TE WIDTH="356" HEIGHT="23" VALIGN="MIDDLE" ACODE="AOI_BAS" ALIGN="CENTER" USERMARK="F-10 ">-</TE>
</TR>

<TR ACOPY="N" ADELETE="N" HEIGHT="30">
<TD WIDTH="226" HEIGHT="23" AUPDATECONT="N" ENG="Details of stocks">주식의 내용</TD>
<TE WIDTH="356" HEIGHT="23" VALIGN="MIDDLE" ACODE="STO_CNT" ALIGN="CENTER" USERMARK="F-10 ">-</TE>
</TR>

<TR ACOPY="N" ADELETE="N" HEIGHT="30">
<TD WIDTH="226" HEIGHT="23" AUPDATECONT="N" ENG="Others">기타</TD>
<TE WIDTH="356" HEIGHT="23" VALIGN="MIDDLE" ACODE="ETC_CNT" ALIGN="CENTER" USERMARK="F-10 ">-</TE>
</TR>
</TBODY>
</TABLE>
</TABLE-GROUP>
<P></P>
</SECTION-1>
</BODY>
</DOCUMENT>