<html>
 <head> 
  <meta content="gdi" http-equiv="X-UA-TextLayoutMetrics"> 
  <meta content="text/html; charset=euc-kr" http-equiv="Content-Type"> 
  <STYLE>
.xforms * { font-family: 돋움체;}
.xforms_title * { font-size: 13pt; padding : 0 0 10 0;}

.xforms table {
    font-size: 10px;
    padding:0px;
    border-collapse:collapse;
    color: #3D3D3D;
}
.xforms td {
    padding-left:0px;
    padding-top:0px;
    border-collapse:collapse;
    line-height:22px;
    color: #3D3D3D;
    /*text-align:right;*/
    vertical-align:middle;
    border: 1px solid #7f7f7f;
}

.xforms span {
    /*display: inline-block;*/
    padding-left:3px;
    padding-right: 1px;
    line-height:22px;
    padding-top:0px;
    padding-bottom:0px;
    text-align:left;
    vertical-align:middle;
    border: 0px solid #DBDBDB;
}

.xforms.img{
    border : 0px;
}

.xforms a:link {

    color: #194866;
    text-decoration: none;
}
.xforms a:active {

    color: #194866;
    text-decoration: none;
}
.xforms a:visited {
    color: #194866;
    text-decoration: none;
}

.xforms A:hover {
    color:008BE3;
    text-decoration: none;
}

.xforms_input{
    border: 0px solid #DBDBDB;
    padding-left:3px;
    padding-right: 1px;
    height:22px;
    padding-top:0px;
    padding-bottom:0px;
    text-align:left;
}
</STYLE> 
  <title>스코넥/단일판매ㆍ공급계약체결/(2026.01.05)단일판매ㆍ공급계약체결</title> 
 </head> 
 <body> 
  <div class="xforms"> 
   <div> 
    <div id="LIB_LC000" style="width:600px;font-size:10pt;;padding:0 0 20 0"> 
     <div> 
      <div> 
       <span style="width:600px;font-size:10pt;font-weight:bold;text-align:center;">정정신고(보고)</span> 
       <table border="0" bordercolordark="white" bordercolorlight="#666666" cellpadding="1" cellspacing="0" id="XFormD8_Form0_Table1" style="margin:0px 0px 20px 0px;width:600px;font-size:10pt;"> 
        <tbody> 
         <tr> 
          <td width="434"> <span style="width:434px;font-size:10pt;text-align:right;">정정일자</span> </td> 
          <td width="166"> <span class="xforms_input" style="width:166px;font-size:10pt;">2026-01-05</span> </td> 
         </tr> 
        </tbody> 
       </table> 
       <table border="1" bordercolordark="white" bordercolorlight="#666666" cellpadding="1" cellspacing="0" id="XFormD8_Form0_RepeatTable0" style="margin:0px 0px 20px 0px;width:600px;font-size:10pt;border:1px solid #7f7f7f;"> 
        <tbody> 
         <tr> 
          <td width="200"> <span style="width:200px;font-size:10pt;">1. 정정관련 공시서류</span> </td> 
          <td colspan="2" width="400"> <span class="xforms_input" style="width:400px;font-size:10pt;">단일판매ㆍ공급계약체결</span> </td> 
         </tr> 
         <tr> 
          <td width="200"> <span style="width:200px;font-size:10pt;">2. 정정관련 공시서류제출일</span> </td> 
          <td colspan="2" width="400"> <span class="xforms_input" style="width:400px;font-size:10pt;">2025-08-28</span> </td> 
         </tr> 
         <tr> 
          <td width="200"> <span style="width:200px;font-size:10pt;">3. 정정사유</span> </td> 
          <td colspan="2" width="400"> <span class="xforms_input" style="width:400px;font-size:10pt;">계약기간 연장 협의중</span> </td> 
         </tr> 
         <tr> 
          <td colspan="3" width="600"> <span style="width:600px;font-size:10pt;">4. 정정사항</span> </td> 
         </tr> 
         <tr> 
          <td width="200"> <span style="width:200px;font-size:10pt;text-align:center;">정정항목</span> </td> 
          <td width="200"> <span style="width:200px;font-size:10pt;text-align:center;">정정전</span> </td> 
          <td width="200"> <span style="width:200px;font-size:10pt;text-align:center;">정정후</span> </td> 
         </tr> 
         <tr> 
          <td width="200"> <span class="xforms_input" style="width:200px;font-size:10pt;">계약기간 종료일</span> </td> 
          <td width="200"> <span class="xforms_input" style="width:200px;font-size:10pt;">2025-12-31</span> </td> 
          <td width="200"> <span class="xforms_input" style="width:200px;font-size:10pt;">2026-01-31</span> </td> 
         </tr> 
        </tbody> 
       </table> 
       <table border="1" bordercolordark="white" bordercolorlight="#666666" cellpadding="1" cellspacing="0" id="XFormD8_Form0_Table0" style="margin:0px 0px 20px 0px;width:599px;font-size:10pt;border:1px solid #7f7f7f;"> 
        <tbody> 
         <tr> 
          <td width="599"> <span class="xforms_input" style="width:599px;font-size:10pt;">계약상대방과 협의 하에 계약기간을 연장할 계획이며 현재 구체적인 계약기간을 협의 중으로, 추후 계약기간이 확정되는대로 지체없이 정정공시 진행할 예정입니다.</span> </td> 
         </tr> 
        </tbody> 
       </table> 
      </div> 
     </div> 
    </div> 
    <div class="xforms_title"> 
     <div> 
      <span style="width:600px;font-weight:bold;text-align:center;">단일판매ㆍ공급계약체결</span> 
     </div> 
    </div> 
    <span class="noprint" style="display:none;width:600px;font-size:10pt;"> </span> 
    <table border="1" bordercolordark="white" bordercolorlight="#666666" cellpadding="1" cellspacing="0" id="XFormD6_Form0_Table0" style="margin:0px 0px 20px 0px;width:594px;border:1px solid #7f7f7f;"> 
     <tbody> 
      <tr> 
       <td colspan="2" width="299"> <span style="width:299px;font-size:10pt;">1. 판매ㆍ공급계약 내용</span> </td> 
       <td width="295"> <span class="xforms_input" style="width:295px;font-size:10pt;">XR+Gen AI를 결합한 실시간 인터렉트型 <br xmlns:java="http://xml.apache.org/xalan/java">'멀티 토론 롤플레잉 구현'</span> </td> 
      </tr> 
      <tr> 
       <td rowspan="6" width="152"> <span style="width:152px;font-size:10pt;">2. 계약내역</span> </td> 
       <td width="147"> <span style="width:147px;font-size:10pt;">조건부 계약여부</span> </td> 
       <td width="295"> <span class="xforms_input" style="width:295px;font-size:10pt;">미해당</span> </td> 
      </tr> 
      <tr> 
       <td width="147"> <span style="width:147px;font-size:10pt;">확정 계약금액</span> </td> 
       <td width="295"> <span class="xforms_input" style="width:295px;font-size:10pt;text-align:right;">524,000,000</span> </td> 
      </tr> 
      <tr> 
       <td width="147"> <span style="width:147px;font-size:10pt;">조건부 계약금액</span> </td> 
       <td width="295"> <span class="xforms_input" style="width:295px;font-size:10pt;text-align:right;">-</span> </td> 
      </tr> 
      <tr> 
       <td width="147"> <span style="width:147px;font-size:10pt;">계약금액 총액(원)</span> </td> 
       <td width="295"> <span class="xforms_input" style="width:295px;font-size:10pt;text-align:right;">524,000,000</span> </td> 
      </tr> 
      <tr> 
       <td width="147"> <span style="width:147px;font-size:10pt;">최근 매출액(원)</span> </td> 
       <td width="295"> <span class="xforms_input" style="width:295px;font-size:10pt;text-align:right;">4,436,480,543</span> </td> 
      </tr> 
      <tr> 
       <td width="147"> <span style="width:147px;font-size:10pt;">매출액 대비(%)</span> </td> 
       <td width="295"> <span class="xforms_input" style="width:295px;font-size:10pt;text-align:right;">11.81</span> </td> 
      </tr> 
      <tr> 
       <td colspan="2" width="299"> <span style="width:299px;font-size:10pt;">3. 계약상대방</span> </td> 
       <td width="295"> <span class="xforms_input" style="width:295px;font-size:10pt;">주식회사 삼성글로벌리서치</span> </td> 
      </tr> 
      <tr> 
       <td colspan="2" width="299"> <span style="width:299px;font-size:10pt;">- 최근 매출액(원)</span> </td> 
       <td width="295"> <span class="xforms_input" style="width:295px;font-size:10pt;text-align:right;">250,271,042,994</span> </td> 
      </tr> 
      <tr> 
       <td colspan="2" width="299"> <span style="width:299px;font-size:10pt;">- 주요사업</span> </td> 
       <td width="295"> <span class="xforms_input" style="width:295px;font-size:10pt;">경제 및 경영학 연구개발업</span> </td> 
      </tr> 
      <tr> 
       <td colspan="2" width="299"> <span style="width:299px;font-size:10pt;">- 회사와의 관계</span> </td> 
       <td width="295"> <span class="xforms_input" style="width:295px;font-size:10pt;">-</span> </td> 
      </tr> 
      <tr> 
       <td colspan="2" width="299"> <span style="width:299px;font-size:10pt;">- 회사와 최근 3년간 동종계약 이행여부</span> </td> 
       <td width="295"> <span class="xforms_input" style="width:295px;font-size:10pt;">해당</span> </td> 
      </tr> 
      <tr> 
       <td colspan="2" width="299"> <span style="width:299px;font-size:10pt;">4. 판매ㆍ공급지역</span> </td> 
       <td width="295"> <span class="xforms_input" style="width:295px;font-size:10pt;">국내</span> </td> 
      </tr> 
      <tr> 
       <td rowspan="2" width="152"> <span style="width:152px;font-size:10pt;">5. 계약기간</span> </td> 
       <td width="147"> <span style="width:147px;font-size:10pt;text-align:center;">시작일</span> </td> 
       <td width="295"> <span class="xforms_input" style="width:295px;font-size:10pt;">2025-08-28</span> </td> 
      </tr> 
      <tr> 
       <td width="147"> <span style="width:147px;font-size:10pt;text-align:center;">종료일</span> </td> 
       <td width="295"> <span class="xforms_input" style="width:295px;font-size:10pt;">2026-01-31</span> </td> 
      </tr> 
      <tr> 
       <td rowspan="2" width="152"> <span style="width:152px;font-size:10pt;">6. 주요 계약조건</span> </td> 
       <td width="147"> <span style="width:147px;font-size:10pt;">계약금ㆍ선급금 유무</span> </td> 
       <td width="295"> <span class="xforms_input" style="width:295px;font-size:10pt;">유</span> </td> 
      </tr> 
      <tr> 
       <td width="147"> <span style="width:147px;font-size:10pt;">대금지급 조건 등</span> </td> 
       <td width="295"> <span class="xforms_input" style="width:295px;font-size:10pt;">- 선금 40% <br xmlns:java="http://xml.apache.org/xalan/java">- 중도금 40% <br xmlns:java="http://xml.apache.org/xalan/java">- 잔금 20%</span> </td> 
      </tr> 
      <tr> 
       <td rowspan="3" width="152"> <span style="width:152px;font-size:10pt;">7. 판매ㆍ공급방식</span> </td> 
       <td width="147"> <span style="width:147px;font-size:10pt;">자체생산</span> </td> 
       <td width="295"> <span class="xforms_input" style="width:295px;font-size:10pt;">해당</span> </td> 
      </tr> 
      <tr> 
       <td width="147"> <span style="width:147px;font-size:10pt;">외주생산</span> </td> 
       <td width="295"> <span class="xforms_input" style="width:295px;font-size:10pt;">해당</span> </td> 
      </tr> 
      <tr> 
       <td width="147"> <span style="width:147px;font-size:10pt;">기타</span> </td> 
       <td width="295"> <span class="xforms_input" style="width:295px;font-size:10pt;">-</span> </td> 
      </tr> 
      <tr> 
       <td colspan="2" width="299"> <span style="width:299px;font-size:10pt;">8. 계약(수주)일자</span> </td> 
       <td width="295"> <span class="xforms_input" style="width:295px;font-size:10pt;">2025-08-28</span> </td> 
      </tr> 
      <tr> 
       <td rowspan="2" width="152"> <span style="width:152px;font-size:10pt;">9. 공시유보 관련내용</span> </td> 
       <td width="147"> <span style="width:147px;font-size:10pt;text-align:center;">유보기한</span> </td> 
       <td width="295"> <span class="xforms_input" style="width:295px;font-size:10pt;">-</span> </td> 
      </tr> 
      <tr> 
       <td width="147"> <span style="width:147px;font-size:10pt;text-align:center;">유보사유</span> </td> 
       <td width="295"> <span class="xforms_input" style="width:295px;font-size:10pt;">-</span> </td> 
      </tr> 
      <tr> 
       <td colspan="3" width="594"> <span style="width:594px;font-size:10pt;">10. 기타 투자판단에 참고할 사항</span> </td> 
      </tr> 
      <tr> 
       <td colspan="3" width="594"> <span class="xforms_input" style="width:594px;font-size:10pt;">- 상기 계약금액은 부가가치세 제외 금액입니다. <br xmlns:java="http://xml.apache.org/xalan/java"> <br xmlns:java="http://xml.apache.org/xalan/java">- 상기 2. 계약내역의 최근 매출액은 2024년 연결재무제표 기준이며, 3. 계약상대방의 최근 매출액은 2024년 (개별)재무제표 기준입니다. <br xmlns:java="http://xml.apache.org/xalan/java"> <br xmlns:java="http://xml.apache.org/xalan/java">- 상기 계약금액 및 계약기간 등 계약조건은 향후 진행과정에 따라 변동될 수 있습니다.</span> </td> 
      </tr> 
      <tr> 
       <td width="152"> <span style="width:152px;font-size:10pt;">※ 관련공시</span> </td> 
       <td colspan="2" width="442"> <span class="xforms_input" style="width:442px;font-size:10pt;">-</span> </td> 
      </tr> 
     </tbody> 
    </table> 
   </div> 
  </div>  
 </body>
</html>