<?xml version="1.0" encoding="utf-8"?>


<DOCUMENT xmlns:xsi="http://www.w3.org/2001/XMLSchema-instance" xsi:noNamespaceSchemaLocation="dart4.xsd">

<DOCUMENT-NAME ACODE="10611">투자설명서(집합투자증권)</DOCUMENT-NAME>
<FORMULA-VERSION ADATE="20231020">6.0</FORMULA-VERSION>
<COMPANY-NAME AREGCIK="00243553">신한자산운용</COMPANY-NAME>


<BODY ATOCID="2">

<COVER>

<TABLE ACLASS="NORMAL" AFIXTABLE="N" WIDTH="619" BORDER="1">

<COLGROUP WIDTH="619">
<COL WIDTH="42"></COL>
<COL WIDTH="42"></COL>
<COL WIDTH="42"></COL>
<COL WIDTH="42"></COL>
<COL WIDTH="42"></COL>
<COL WIDTH="41"></COL>
<COL WIDTH="368"></COL>
</COLGROUP>

<TBODY>

<TR ACOPY="Y" ADELETE="Y" HEIGHT="100">
<TD VALIGN="MIDDLE" WIDTH="242" HEIGHT="93" USERMARK="F-13 B 0XFFFFFF BC0X1814FF" COLSPAN="6"> 투자위험등급 1등급[ 매우 높은 위험 ]</TD>

<TD WIDTH="359" HEIGHT="199" VALIGN="MIDDLE" ROWSPAN="3">
<SPAN USERMARK="F-13 B">신한자산운용(주)는</SPAN>
<SPAN USERMARK="F-13 "> 이 투자신탁의 </SPAN>
<SPAN USERMARK="F-15 B">투자대상자산의 종류 및 위험도를</SPAN>
<SPAN USERMARK="F-13 "> 감안하여 </SPAN>
<SPAN USERMARK="F-13 B">1등급으로 분류</SPAN>
<SPAN USERMARK="F-13 ">하였습니다. </SPAN>
<SPAN USERMARK="F-13 B">펀드의 위험 등급은 운용실적, 시장 상황 등에 따라 변경될 수 있다는 점을 유의하여 투자판단을 하시기 바랍니다.</SPAN>
</TD>
</TR>

<TR ACOPY="Y" ADELETE="Y" HEIGHT="30">
<TD ALIGN="CENTER" VALIGN="MIDDLE" WIDTH="33" HEIGHT="23" USERMARK="B 0XFFFFFF BC0X1814FF">1</TD>
<TD ALIGN="CENTER" VALIGN="MIDDLE" WIDTH="33" HEIGHT="23" USERMARK="0XFFFFFF BC0X28BFFF">2</TD>
<TD ALIGN="CENTER" VALIGN="MIDDLE" WIDTH="33" HEIGHT="23" USERMARK="0XFFFFFF BC0X57CF8A">3</TD>
<TD ALIGN="CENTER" VALIGN="MIDDLE" WIDTH="33" HEIGHT="23" USERMARK="0XFFFFFF BC0XEEAE00">4</TD>
<TD ALIGN="CENTER" VALIGN="MIDDLE" WIDTH="33" HEIGHT="23" USERMARK="0XFFFFFF BC0XBD6F00">5</TD>
<TD ALIGN="CENTER" VALIGN="MIDDLE" WIDTH="32" HEIGHT="23" USERMARK="0XFFFFFF BC0X9D3272">6</TD>
</TR>

<TR ACOPY="Y" ADELETE="Y" HEIGHT="76">
<TD ALIGN="CENTER" VALIGN="MIDDLE" WIDTH="33" HEIGHT="69" USERMARK="B 0XFFFFFF BC0X1814FF">매우높은위험</TD>
<TD ALIGN="CENTER" VALIGN="MIDDLE" WIDTH="33" HEIGHT="69" USERMARK="0X28BFFF">높은위험</TD>
<TD ALIGN="CENTER" VALIGN="MIDDLE" WIDTH="33" HEIGHT="69" USERMARK="0X57CF8A">다소높은위험</TD>
<TD ALIGN="CENTER" VALIGN="MIDDLE" WIDTH="33" HEIGHT="69" USERMARK="0XEEAE00">보통위험</TD>
<TD ALIGN="CENTER" VALIGN="MIDDLE" WIDTH="33" HEIGHT="69" USERMARK="0XBD6F00">낮은위험</TD>
<TD ALIGN="CENTER" VALIGN="MIDDLE" WIDTH="32" HEIGHT="69" USERMARK="0X9D3272">매우낮은위험</TD>
</TR>
</TBODY>
</TABLE>
<P></P>
<COVER-TITLE ATOC="Y" AASSOCNOTE="COVER" ATOCID="1" ENG="Prospectus">투 자 설 명 서</COVER-TITLE>
<P>이 투자설명서는 신한지수연계증권투자신탁SEK-57호(온라인전용)[ELS-파생형]에 대한 내용을 담고 있습니다. 따라서, 신한지수연계증권투자신탁SEK-57호(온라인전용)[ELS-파생형]익증권을 매입하기 전에 증권신고서 또는 이 투자설명서를 읽어보시기 바랍니다.</P>

<TABLE-GROUP ACLASS="_FUND_MAIN_" ADELETETABLE="N">

<TABLE ACLASS="EXTRACTION" AFIXTABLE="Y" WIDTH="604" BORDER="0">

<COLGROUP WIDTH="604">
<COL WIDTH="177"></COL>
<COL WIDTH="222"></COL>
<COL WIDTH="91"></COL>
<COL WIDTH="86"></COL>
<COL WIDTH="28"></COL>
</COLGROUP>

<TBODY>

<TR ACOPY="N" ADELETE="N" HEIGHT="76">
<TD WIDTH="168" HEIGHT="69" AUPDATECONT="N" ENG="1. Name of the collective investment scheme:">1. 집합투자기구 명칭 :</TD>
<TE WIDTH="213" HEIGHT="69" ACODE="FUND_NAME">신한지수연계증권투자신탁SEK-57호(온라인전용)[ELS-파생형]</TE>
<TD WIDTH="82" HEIGHT="69" AUPDATECONT="N" ENG="(Fund code:">(펀드코드 :</TD>
<TE WIDTH="77" HEIGHT="69" ACODE="FUND_CODE" ALIGN="CENTER">ES051</TE>
<TD WIDTH="19" HEIGHT="69" AUPDATECONT="N">)</TD>
</TR>

<TR ACOPY="N" ADELETE="N" HEIGHT="30">
<TD COLSPAN="5" WIDTH="595" HEIGHT="23"></TD>
</TR>

<TR ACOPY="N" ADELETE="N" HEIGHT="30">
<TD WIDTH="168" HEIGHT="23" AUPDATECONT="N" ENG="2. Name of collective investment business entity">2. 집합투자업자 명칭 :</TD>
<TE COLSPAN="4" WIDTH="418" HEIGHT="23" ACODE="FUND_TRD">신한자산운용(주)</TE>
</TR>
</TBODY>
</TABLE>
</TABLE-GROUP>
<P></P>

<TABLE ACLASS="NORMAL" AFIXTABLE="N" WIDTH="600" BORDER="0">

<COLGROUP WIDTH="600">
<COL WIDTH="252"></COL>
<COL WIDTH="348"></COL>
</COLGROUP>

<TBODY>

<TR ACOPY="Y" ADELETE="Y" HEIGHT="99">
<TD WIDTH="243" HEIGHT="92">3. 판   매   회   사 :</TD>
<TD WIDTH="339" HEIGHT="92">판매회사(우리은행) 온라인창구[판매회사에 대한 자세한 내용은 집합투자업자 (www.shinhanfund.com)의 인터넷홈페이지를 참고하여 주시기 바랍니다.]</TD>
</TR>

<TR ACOPY="Y" ADELETE="Y" HEIGHT="53">
<TD WIDTH="243" HEIGHT="46">4. 작 성 기 준 일 :</TD>
<TD WIDTH="339" HEIGHT="46">2025년 12월 30일</TD>
</TR>

<TR ACOPY="Y" ADELETE="Y" HEIGHT="53">
<TD WIDTH="243" HEIGHT="46">5. 증권신고서 효력발생일 :</TD>
<TD WIDTH="339" HEIGHT="46">2026년 01월 03일</TD>
</TR>

<TR ACOPY="Y" ADELETE="Y" HEIGHT="53">
<TD WIDTH="243" HEIGHT="46">6. 모집(매출) 증권의 종류 및 수 :</TD>
<TD WIDTH="339" HEIGHT="46">투자신탁의 수익증권(10조좌)</TD>
</TR>

<TR ACOPY="Y" ADELETE="Y" HEIGHT="53">
<TD WIDTH="243" HEIGHT="46">[모집(매출) 총액 :          ]</TD>
<TD WIDTH="339" HEIGHT="46"></TD>
</TR>

<TR ACOPY="Y" ADELETE="Y" HEIGHT="398">
<TD WIDTH="243" HEIGHT="391">7. 모집(매출) 기간(판매기간) : </TD>
<TD WIDTH="339" HEIGHT="391">2026년01월05일-2026년01월14일※ 투자자숙려제도와 청약철회제도의 적용 여부에 따라 모집기간이 달라집니다.※ 숙려기간(2영업일) 이후, 최종투자여부를 확정하여야 가입이 되며, 최종투자여부를 확정하지 않을 경우 자동적으로 가입이 취소됩니다.※ 본 상품은 금융소비자 보호에 관한 법률 제46조(청약의 철회)에 따라 일반금융소비자는 계약서 제공일 또는 계약체결일로부터 7일이내 서면 등의 방법으로 청약철회요청을 하실 수 있으며, 청약철회를 접수한 날로부터 3영업일 이내에 계약에 따른 금전 등을 반환 받으실 수 있습니다.※ 위 사항에도 불구하고 금융소비자 보호에 관한 법률 시행령 제37조 및 관련규정이 정하는 바에 따라, 청약철회권 미적용에 동의(즉시운용에 동의)한 고객에게는 청약철회권 행사를 제한할 수 있습니다.</TD>
</TR>

<TR ACOPY="Y" ADELETE="Y" HEIGHT="30">
<TD COLSPAN="2" WIDTH="591" HEIGHT="23">8. 집합투자증권신고서 및 투자설명서의 열람장소</TD>
</TR>

<TR ACOPY="Y" ADELETE="Y" HEIGHT="30">
<TD COLSPAN="2" WIDTH="591" HEIGHT="23">   가. 집합투자증권신고서</TD>
</TR>

<TR ACOPY="Y" ADELETE="Y" HEIGHT="30">
<TD COLSPAN="2" WIDTH="591" HEIGHT="23">                       전자문서 : 금융위(금감원) 전자공시시스템 →  http://dart.fss.or.kr</TD>
</TR>

<TR ACOPY="Y" ADELETE="Y" HEIGHT="30">
<TD COLSPAN="2" WIDTH="591" HEIGHT="23">   나. 투자설명서</TD>
</TR>

<TR ACOPY="Y" ADELETE="Y" HEIGHT="30">
<TD COLSPAN="2" WIDTH="591" HEIGHT="23">                       전자문서 : 금융위(금감원) 전자공시시스템 →  http://dart.fss.or.kr</TD>
</TR>

<TR ACOPY="Y" ADELETE="Y" HEIGHT="53">
<TD COLSPAN="2" WIDTH="591" HEIGHT="46">                       서면문서 : 집합투자업자(www.shinhanfund.com) , 판매회사 및 한국금융투자협회(www.kofia.or.kr)의 인터넷 홈페이지를 참고하여 주시기 바랍니다.</TD>
</TR>

<TR ACOPY="Y" ADELETE="Y" HEIGHT="30">
<TD COLSPAN="2" WIDTH="591" HEIGHT="23">9. (안정조작 또는 시장조성 관련)</TD>
</TR>

<TR ACOPY="Y" ADELETE="Y" HEIGHT="30">
<TD COLSPAN="2" WIDTH="591" HEIGHT="23"></TD>
</TR>

<TR ACOPY="Y" ADELETE="Y" HEIGHT="53">
<TD COLSPAN="2" WIDTH="591" HEIGHT="46">※ 이 투자설명서는 효력발생일 이후에도 기재사항 중 일부가 변경될 수 있습니다.</TD>
</TR>
</TBODY>
</TABLE>

<TABLE ACLASS="NORMAL" AFIXTABLE="N" WIDTH="600" BORDER="1">

<COLGROUP WIDTH="600">
<COL WIDTH="600"></COL>
</COLGROUP>

<TBODY>

<TR ACOPY="Y" ADELETE="Y" HEIGHT="157">
<TD WIDTH="591" HEIGHT="150" AUPDATECONT="N" USERMARK="F-BT13 B 0X0000FF" ENG="Please note that the Financial Services Commission does not verify the accuracy or truthfulness of the information presented in the prospectus, nor does it guarantee or endorse the value of the securities. Additionally, these collective investment securities are performance-based dividend products not covered by the Depositor Protection Act. Therefore, investing in them carries the risk of potential loss of principal investment. Please exercise caution when considering these investments.">금융위원회가 투자설명서의 기재사항이 진실 또는 정확하다는 것을 인정하거나 그 증권의 가치를 보증 또는 승인하지 아니함을 유의하시기 바랍니다.또한 이 집합투자증권은「예금자보호법」에 의한 보호를 받지 않는 실적배당상품으로 투자원금의 손실이 발생할 수 있으므로 투자에 신중을 기하여 주시기 바랍니다. </TD>
</TR>
</TBODY>
</TABLE>
<PGBRK></PGBRK>
</COVER>

<LIBRARY>
<SECTION-1 ACLASS="MANDATORY" APARTSOURCE="SOURCE">
<TITLE ATOC="Y" ATOCID="2" ENG="[Main Text]">[ 본 문 ]</TITLE>

</SECTION-1></LIBRARY></BODY></DOCUMENT>