<?xml version="1.0" encoding="utf-8"?>


<DOCUMENT xmlns:xsi="http://www.w3.org/2001/XMLSchema-instance" xsi:noNamespaceSchemaLocation="dart4.xsd">

<DOCUMENT-NAME ACODE="00633">임원ㆍ주요주주특정증권등거래계획보고서</DOCUMENT-NAME>
<FORMULA-VERSION SUBVER="1" ADATE="20240724">6.0</FORMULA-VERSION>
<COMPANY-NAME AREGCIK="00495086">주식회사 픽셀플러스</COMPANY-NAME>


<BODY ATOCID="13">

<COVER>
<P></P>
<COVER-TITLE ATOC="Y" AASSOCNOTE="COVER" ENG="Report on Trading Plan of Specific Securities, etc. by Executive Officers and Major Shareholders" ATOCID="1">임원ㆍ주요주주 특정증권등 거래계획보고서</COVER-TITLE>
<P></P>

<TABLE-GROUP ACLASS="RPT_RSP_DT" ADELETETABLE="N">

<TABLE ACLASS="EXTRACTION" AFIXTABLE="Y" WIDTH="600" BORDER="0">

<COLGROUP WIDTH="600">
<COL WIDTH="260"></COL>
<COL WIDTH="163"></COL>
<COL WIDTH="177"></COL>
</COLGROUP>

<TBODY>

<TR ACOPY="N" ADELETE="N" HEIGHT="30">
<TD WIDTH="251" HEIGHT="23">증권선물위원회 귀중</TD>
<TD WIDTH="154" HEIGHT="23"></TD>
<TD ALIGN="CENTER" WIDTH="168" HEIGHT="23"></TD>
</TR>

<TR ACOPY="N" ADELETE="N" HEIGHT="30">
<TD WIDTH="251" HEIGHT="23">한국거래소 귀중</TD>
<TD WIDTH="154" HEIGHT="23"></TD>
<TD ALIGN="CENTER" WIDTH="168" HEIGHT="23"></TD>
</TR>

<TR ACOPY="N" ADELETE="N" HEIGHT="30">
<TD ROWSPAN="3" WIDTH="251" HEIGHT="83"></TD>
<TD WIDTH="154" HEIGHT="23" AUPDATECONT="N" VALIGN="MIDDLE" ALIGN="RIGHT" ENG="Transaction commencement date (Settlement date):">거래시작일(결제일) : </TD>
<TU ALIGN="CENTER" WIDTH="168" HEIGHT="23" AUNIT="RPT_STR_DT" AUNITVALUE="20260204">2026년 02월 04일</TU>
</TR>

<TR ACOPY="N" ADELETE="N" HEIGHT="30">
<TD WIDTH="154" HEIGHT="23" AUPDATECONT="N" VALIGN="MIDDLE" ALIGN="RIGHT" ENG="Date of occurrence of reporting obligation:">보고의무발생일 : </TD>
<TU ALIGN="CENTER" WIDTH="168" HEIGHT="23" AUNIT="RPT_RSP_DT" AUNITVALUE="20260105">2026년 01월 05일</TU>
</TR>

<TR ACOPY="N" ADELETE="N" HEIGHT="30">
<TD WIDTH="154" HEIGHT="23" AUPDATECONT="N" VALIGN="MIDDLE" ALIGN="RIGHT" ENG="Report preparation date:">보고서작성기준일 : </TD>
<TU ALIGN="CENTER" WIDTH="168" HEIGHT="23" AUNIT="RPT_REF_DT" AUNITVALUE="20260105">2026년 01월 05일</TU>
</TR>
</TBODY>
</TABLE>
</TABLE-GROUP>
<P></P>

<TABLE ACLASS="NORMAL" AFIXTABLE="Y" WIDTH="600" BORDER="1">

<COLGROUP WIDTH="600">
<COL WIDTH="600"></COL>
</COLGROUP>

<TBODY>

<TR ACOPY="N" ADELETE="N" HEIGHT="76">
<TD WIDTH="591" HEIGHT="69" AUPDATECONT="N" ENG="※ I, as the reporting entity, hereby confirm that the trading plan for specific securities has been accurately prepared in accordance with relevant regulations and reporting guidelines, and that there are no false statements or omissions of material information as of the report preparation date.">※ 보고자 본인은 보고서작성기준일 현재 본인의 특정증권등의 거래계획을 관련 법규 및 기재상의 주의에 따라 정확하게 작성하였고, 중요한 사항의 허위기재 또는 기재누락이 없음을 확인합니다.</TD>
</TR>
</TBODY>
</TABLE>
<P></P>

<TABLE ACLASS="NORMAL" AFIXTABLE="N" WIDTH="600" BORDER="0">

<COLGROUP WIDTH="600">
<COL WIDTH="169"></COL>
<COL WIDTH="431"></COL>
</COLGROUP>

<TBODY>

<TR ACOPY="Y" ADELETE="Y" HEIGHT="30">
<TD ALIGN="CENTER" VALIGN="MIDDLE" WIDTH="160" HEIGHT="23">보고자 :</TD>
<TD VALIGN="MIDDLE" WIDTH="422" HEIGHT="23"> 이 서 규</TD>
</TR>
</TBODY>
</TABLE>
<P></P>
<P></P>
<PGBRK></PGBRK>
<P></P>
</COVER>

<SECTION-1 ACLASS="MANDATORY" APARTSOURCE="SOURCE">

<SECTION-2 ACLASS="MANDATORY">
<TITLE ATOC="Y" AASSOCNOTE="D-0-1-1-0" ENG="1. Matters related to the issuing company" ATOCID="2">1. 발행회사에 관한 사항</TITLE>

<TABLE-GROUP ACLASS="CRP_NM" ADELETETABLE="N">

<TABLE ACLASS="EXTRACTION" AFIXTABLE="Y" WIDTH="600" BORDER="1">

<COLGROUP WIDTH="600">
<COL WIDTH="150"></COL>
<COL WIDTH="137"></COL>
<COL WIDTH="163"></COL>
<COL WIDTH="150"></COL>
</COLGROUP>

<TBODY>

<TR ACOPY="N" ADELETE="N" HEIGHT="30">
<TD ALIGN="CENTER" VALIGN="MIDDLE" WIDTH="141" HEIGHT="23" AUPDATECONT="N" ENG="Company name">회 사 명</TD>
<TE VALIGN="MIDDLE" WIDTH="441" HEIGHT="23" ACODE="CRP_NM" COLSPAN="3">(주)픽셀플러스</TE>
</TR>

<TR ACOPY="N" ADELETE="N" HEIGHT="30">
<TD ALIGN="CENTER" VALIGN="MIDDLE" WIDTH="141" HEIGHT="23" AUPDATECONT="N" ENG="Corporation type">법인구분</TD>
<TU ALIGN="CENTER" VALIGN="MIDDLE" WIDTH="128" HEIGHT="23" AUNIT="CRP_DST" AUNITVALUE="2" ENG="KOSDAQ market listed corporation">코스닥상장법인</TU>
<TD ALIGN="CENTER" VALIGN="MIDDLE" WIDTH="154" HEIGHT="23" AUPDATECONT="N" ENG="Company code">회사코드 </TD>
<TE ALIGN="CENTER" VALIGN="MIDDLE" WIDTH="141" HEIGHT="23" ACODE="CRP_CD">087600</TE>
</TR>

<TR ACOPY="N" ADELETE="N" HEIGHT="30">
<TD ALIGN="CENTER" VALIGN="MIDDLE" WIDTH="141" HEIGHT="23" AUPDATECONT="N" ENG="Total number of shares issued">발행주식 총수</TD>
<TE ALIGN="CENTER" VALIGN="MIDDLE" WIDTH="441" HEIGHT="23" ACODE="FLT_SUM" COLSPAN="3">8,166,558</TE>
</TR>
</TBODY>
</TABLE>
</TABLE-GROUP>
<P></P>
</SECTION-2>

<SECTION-2 ACLASS="MANDATORY">
<TITLE ATOC="Y" AASSOCNOTE="D-0-1-2-0" ENG="2. Matters related to the reporting entity" ATOCID="3">2. 보고자에 관한 사항</TITLE>

<TABLE-GROUP ACLASS="IFR_NM" ADELETETABLE="N">

<TABLE ACLASS="EXTRACTION" AFIXTABLE="Y" WIDTH="697" BORDER="1">

<COLGROUP WIDTH="697">
<COL WIDTH="187"></COL>
<COL WIDTH="120"></COL>
<COL WIDTH="137"></COL>
<COL WIDTH="90"></COL>
<COL WIDTH="163"></COL>
</COLGROUP>

<TBODY>

<TR ACOPY="N" ADELETE="N" HEIGHT="30">
<TD ALIGN="CENTER" VALIGN="MIDDLE" WIDTH="178" HEIGHT="23" AUPDATECONT="N" ENG="Reporting entity classification">보고자 구분</TD>
<TU COLSPAN="4" ALIGN="CENTER" VALIGN="MIDDLE" WIDTH="501" HEIGHT="23" AUNIT="IFR_TP" AUNITVALUE="D" ENG="Individual (domestic)">개인(국내)</TU>
</TR>

<TR ACOPY="N" ADELETE="N" HEIGHT="30">
<TD ROWSPAN="2" ALIGN="CENTER" VALIGN="MIDDLE" WIDTH="178" HEIGHT="53" AUPDATECONT="N" ENG="Name (Title)">성명(명칭)</TD>
<TD ALIGN="CENTER" VALIGN="MIDDLE" WIDTH="111" HEIGHT="23" AUPDATECONT="N" ENG="Korean">한     글</TD>
<TE ALIGN="CENTER" VALIGN="MIDDLE" WIDTH="128" HEIGHT="23" ACODE="IFR_NM">이서규</TE>
<TD ALIGN="CENTER" VALIGN="MIDDLE" WIDTH="81" HEIGHT="23" AUPDATECONT="N" ENG="Chinese characters (English)">한자(영문)</TD>
<TE ALIGN="CENTER" VALIGN="MIDDLE" WIDTH="154" HEIGHT="23" ACODE="IFR_NM_HJ">李瑞圭(Seo-Kyu Lee)</TE>
</TR>

<TR ACOPY="N" ADELETE="N" HEIGHT="30">
<TD COLSPAN="2" ALIGN="CENTER" VALIGN="MIDDLE" WIDTH="248" HEIGHT="23" AUPDATECONT="N" ENG="Date of birth or business  registration No.">생년월일 또는 사업자등록번호</TD>
<TE COLSPAN="2" ALIGN="CENTER" VALIGN="MIDDLE" WIDTH="244" HEIGHT="23" ACODE="IFR_ID2">591004</TE>
</TR>

<TR ACOPY="N" ADELETE="N" HEIGHT="53">
<TD ALIGN="CENTER" VALIGN="MIDDLE" WIDTH="178" HEIGHT="46" AUPDATECONT="N" ENG="Address (Head office) [Building name/number can be omitted]">주소(본점소재지)[읍ㆍ면ㆍ동까지만 기재]</TD>
<TE COLSPAN="4" VALIGN="MIDDLE" WIDTH="501" HEIGHT="46" ACODE="IFR_ADR2">경기도 성남시 분당구 운중동</TE>
</TR>

<TR ACOPY="N" ADELETE="N" HEIGHT="30">
<TD ROWSPAN="3" ALIGN="CENTER" VALIGN="MIDDLE" WIDTH="178" HEIGHT="83" AUPDATECONT="N" ENG="Relationship to issuing company">발행회사와의관계</TD>
<TD ALIGN="CENTER" VALIGN="MIDDLE" WIDTH="111" HEIGHT="23" AUPDATECONT="N" ENG="Executives (registered or not)">임원(등기여부)</TD>
<TU ALIGN="CENTER" VALIGN="MIDDLE" WIDTH="128" HEIGHT="23" AUNIT="STF_RYN" AUNITVALUE="Y" ENG="Registered executives">등기임원</TU>
<TD ALIGN="CENTER" VALIGN="MIDDLE" WIDTH="81" HEIGHT="23" AUPDATECONT="N" ENG="Position">직위명</TD>
<TE ALIGN="CENTER" VALIGN="MIDDLE" WIDTH="154" HEIGHT="23" ACODE="STF_PSM">대표이사</TE>
</TR>

<TR ACOPY="N" ADELETE="N" HEIGHT="30">
<TD ALIGN="CENTER" VALIGN="MIDDLE" WIDTH="111" HEIGHT="23" AUPDATECONT="N" ENG="Appointment date">선임일</TD>
<TU ALIGN="CENTER" VALIGN="MIDDLE" WIDTH="128" HEIGHT="23" AUNIT="STF_APT_DT" AUNITVALUE="20230328">2023년 03월 28일</TU>
<TD ALIGN="CENTER" VALIGN="MIDDLE" WIDTH="81" HEIGHT="23" AUPDATECONT="N" ENG="Retirement date">퇴임일</TD>
<TU ALIGN="CENTER" VALIGN="MIDDLE" WIDTH="154" HEIGHT="23" AUNIT="STF_RET_DT" AUNITVALUE="-">-</TU>
</TR>

<TR ACOPY="N" ADELETE="N" HEIGHT="30">
<TD ALIGN="CENTER" VALIGN="MIDDLE" WIDTH="111" HEIGHT="23" AUPDATECONT="N" ENG="Major shareholder">주요주주</TD>
<TU COLSPAN="3" ALIGN="CENTER" VALIGN="MIDDLE" WIDTH="381" HEIGHT="23" AUNIT="MAIN_SH" AUNITVALUE="1" ENG="Shareholders holding 10% or more">10%이상주주</TU>
</TR>

<TR ACOPY="N" ADELETE="N" HEIGHT="30">
<TD ROWSPAN="4" ALIGN="CENTER" VALIGN="MIDDLE" WIDTH="178" HEIGHT="113" AUPDATECONT="N" ENG="Contact points and person in charge">업무상 연락처및 담당자</TD>
<TD ALIGN="CENTER" VALIGN="MIDDLE" WIDTH="111" HEIGHT="23" AUPDATECONT="N" ENG="affiliated company">소속회사</TD>
<TE ALIGN="CENTER" VALIGN="MIDDLE" WIDTH="128" HEIGHT="23" ACODE="RSP_MAN_DPT">(주)픽셀플러스</TE>
<TD ALIGN="CENTER" VALIGN="MIDDLE" WIDTH="81" HEIGHT="23" AUPDATECONT="N" ENG="Department">부      서</TD>
<TE ALIGN="CENTER" VALIGN="MIDDLE" WIDTH="154" HEIGHT="23" ACODE="RSP_MAN_DPT2">자금회계팀</TE>
</TR>

<TR ACOPY="N" ADELETE="N" HEIGHT="30">
<TD ALIGN="CENTER" VALIGN="MIDDLE" WIDTH="111" HEIGHT="23" AUPDATECONT="N" ENG="Position">직      위</TD>
<TE ALIGN="CENTER" VALIGN="MIDDLE" WIDTH="128" HEIGHT="23" ACODE="RSP_MAN_PST">차장</TE>
<TD ALIGN="CENTER" VALIGN="MIDDLE" WIDTH="81" HEIGHT="23" AUPDATECONT="N" ENG="(Tel.)">전화번호</TD>
<TE ALIGN="CENTER" VALIGN="MIDDLE" WIDTH="154" HEIGHT="23" ACODE="RSP_MAN_PHN2">031-8016-3875</TE>
</TR>

<TR ACOPY="N" ADELETE="N" HEIGHT="30">
<TD ALIGN="CENTER" VALIGN="MIDDLE" WIDTH="111" HEIGHT="23" AUPDATECONT="N" ENG="Name">성      명</TD>
<TE ALIGN="CENTER" VALIGN="MIDDLE" WIDTH="128" HEIGHT="23" ACODE="RSP_MAN">김 성 애</TE>
<TD ALIGN="CENTER" VALIGN="MIDDLE" WIDTH="81" HEIGHT="23" AUPDATECONT="N" ENG="Fax No.">팩스번호</TD>
<TE ALIGN="CENTER" VALIGN="MIDDLE" WIDTH="154" HEIGHT="23" ACODE="RSP_MAN_FAX">031-8016-3894</TE>
</TR>

<TR ACOPY="N" ADELETE="N" HEIGHT="30">
<TD ALIGN="CENTER" VALIGN="MIDDLE" WIDTH="111" HEIGHT="23" AUPDATECONT="N" ENG="E-mail address">이메일 주소</TD>
<TE COLSPAN="3" ALIGN="CENTER" VALIGN="MIDDLE" WIDTH="381" HEIGHT="23" ACODE="RSP_MAN_EML">kimsa@pixelplus.com</TE>
</TR>
</TBODY>
</TABLE>
</TABLE-GROUP>
<P></P>
</SECTION-2>

<SECTION-2 ACLASS="MANDATORY">
<TITLE ATOC="Y" ENG="3. Ownership status of specific securities and trading plan" ATOCID="4">3. 특정증권등의 소유상황 및 거래계획</TITLE>

<SECTION-3 ACLASS="MANDATORY">
<TITLE ATOC="Y" AASSOCNOTE="D-0-1-3-1" ENG="A. Holding status of specific securities by type at the time of submitting trading plan" ATOCID="5">가. 거래계획 제출시 특정증권등의 종류별 소유상황</TITLE>

<TABLE-GROUP ACLASS="CST_CNT" ADELETETABLE="N">

<TABLE ACLASS="EXTRACTION" AFIXTABLE="Y" WIDTH="694" BORDER="1">

<COLGROUP WIDTH="694">
<COL WIDTH="84"></COL>
<COL WIDTH="78"></COL>
<COL WIDTH="63"></COL>
<COL WIDTH="78"></COL>
<COL WIDTH="93"></COL>
<COL WIDTH="63"></COL>
<COL WIDTH="48"></COL>
<COL WIDTH="48"></COL>
<COL WIDTH="84"></COL>
<COL WIDTH="55"></COL>
</COLGROUP>

<THEAD>

<TR ACOPY="N" ADELETE="N" HEIGHT="30">
<TH COLSPAN="10" VALIGN="MIDDLE" WIDTH="685" HEIGHT="23" ACOPYCOL="N" ADELETECOL="N" AMOVECOL="N" AUPDATECONT="N" ENG="Details of specific securities, etc.">특정증권등의 내역</TH>
</TR>

<TR ACOPY="N" ADELETE="N" HEIGHT="30">
<TH VALIGN="MIDDLE" WIDTH="75" HEIGHT="76" ACOPYCOL="N" ADELETECOL="N" AMOVECOL="N" AUPDATECONT="N" ROWSPAN="2" ENG="Share certificates">주 권</TH>
<TH ROWSPAN="2" VALIGN="MIDDLE" WIDTH="69" HEIGHT="76" ACOPYCOL="N" ADELETECOL="N" AMOVECOL="N" AUPDATECONT="N" ENG="Those with warrants">신주인수권이표시된것</TH>
<TH ROWSPAN="2" VALIGN="MIDDLE" WIDTH="54" HEIGHT="76" ACOPYCOL="N" ADELETECOL="N" AMOVECOL="N" AUPDATECONT="N" ENG="Convertible bonds">전환사채권</TH>
<TH ROWSPAN="2" VALIGN="MIDDLE" WIDTH="69" HEIGHT="76" ACOPYCOL="N" ADELETECOL="N" AMOVECOL="N" AUPDATECONT="N" ENG="Bonds with warrants">신주인수권부사채권</TH>
<TH ROWSPAN="2" VALIGN="MIDDLE" WIDTH="84" HEIGHT="76" ACOPYCOL="N" ADELETECOL="N" AMOVECOL="N" AUPDATECONT="N" ENG="Participating bonds">이익참가부사채권</TH>
<TH ROWSPAN="2" VALIGN="MIDDLE" WIDTH="54" HEIGHT="76" ACOPYCOL="N" ADELETECOL="N" AMOVECOL="N" AUPDATECONT="N" ENG="Exchangeable bonds">교환사채권</TH>
<TH ROWSPAN="2" VALIGN="MIDDLE" WIDTH="39" HEIGHT="76" ACOPYCOL="N" ADELETECOL="N" AMOVECOL="N" AUPDATECONT="N" ENG="Depositary receipts">증권예탁증권</TH>
<TH ROWSPAN="2" VALIGN="MIDDLE" WIDTH="39" HEIGHT="76" ACOPYCOL="N" ADELETECOL="N" AMOVECOL="N" AUPDATECONT="N" ENG="Others">기타</TH>
<TH COLSPAN="2" VALIGN="MIDDLE" WIDTH="130" HEIGHT="23" ACOPYCOL="N" ADELETECOL="N" AMOVECOL="N" AUPDATECONT="N" ENG="Total">합 계</TH>
</TR>

<TR ACOPY="N" ADELETE="N" HEIGHT="53">
<TH VALIGN="MIDDLE" WIDTH="75" HEIGHT="46" ACOPYCOL="N" ADELETECOL="N" AMOVECOL="N" AUPDATECONT="N" ENG="Number of shares (shrs.)">주수(주)</TH>
<TH VALIGN="MIDDLE" WIDTH="46" HEIGHT="46" ACOPYCOL="N" ADELETECOL="N" AMOVECOL="N" AUPDATECONT="N" ENG="Ratio (%)">비율(%)</TH>
</TR>
</THEAD>

<TBODY>

<TR ACOPY="N" ADELETE="N" HEIGHT="30">
<TE ALIGN="RIGHT" VALIGN="MIDDLE" WIDTH="75" HEIGHT="23" ACODE="CPT_CNT">2,027,496</TE>
<TE ALIGN="RIGHT" VALIGN="MIDDLE" WIDTH="69" HEIGHT="23" ACODE="ACC_CNT">-</TE>
<TE ALIGN="RIGHT" VALIGN="MIDDLE" WIDTH="54" HEIGHT="23" ACODE="CB_CNT">-</TE>
<TE ALIGN="RIGHT" VALIGN="MIDDLE" WIDTH="69" HEIGHT="23" ACODE="LN_CNT">-</TE>
<TE ALIGN="RIGHT" VALIGN="MIDDLE" WIDTH="84" HEIGHT="23" ACODE="BN_CNT">-</TE>
<TE ALIGN="RIGHT" VALIGN="MIDDLE" WIDTH="54" HEIGHT="23" ACODE="EB_CNT">-</TE>
<TE ALIGN="RIGHT" VALIGN="MIDDLE" WIDTH="39" HEIGHT="23" ACODE="CF_CNT">-</TE>
<TE ALIGN="RIGHT" VALIGN="MIDDLE" WIDTH="39" HEIGHT="23" ACODE="ET_CNT">-</TE>
<TE ALIGN="RIGHT" VALIGN="MIDDLE" WIDTH="75" HEIGHT="23" ACODE="STK_CNT">2,027,496</TE>
<TE ALIGN="RIGHT" VALIGN="MIDDLE" WIDTH="46" HEIGHT="23" ACODE="STK_RT">24.83</TE>
</TR>

<TR ACOPY="N" ADELETE="N" HEIGHT="30">
<TD ALIGN="CENTER" VALIGN="MIDDLE" WIDTH="75" HEIGHT="53" AUPDATECONT="N" ROWSPAN="2">A</TD>
<TD ALIGN="CENTER" VALIGN="MIDDLE" WIDTH="69" HEIGHT="23" AUPDATECONT="N">B</TD>
<TD ALIGN="CENTER" VALIGN="MIDDLE" WIDTH="54" HEIGHT="23" AUPDATECONT="N">C</TD>
<TD ALIGN="CENTER" VALIGN="MIDDLE" WIDTH="69" HEIGHT="23" AUPDATECONT="N">D</TD>
<TD ALIGN="CENTER" VALIGN="MIDDLE" WIDTH="84" HEIGHT="23" AUPDATECONT="N">E</TD>
<TD ALIGN="CENTER" VALIGN="MIDDLE" WIDTH="54" HEIGHT="23" AUPDATECONT="N">F</TD>
<TD ALIGN="CENTER" VALIGN="MIDDLE" WIDTH="39" HEIGHT="23" AUPDATECONT="N">G</TD>
<TD ALIGN="CENTER" VALIGN="MIDDLE" WIDTH="39" HEIGHT="23" AUPDATECONT="N">H</TD>
<TD ROWSPAN="2" ALIGN="CENTER" VALIGN="MIDDLE" WIDTH="130" HEIGHT="53" AUPDATECONT="N" COLSPAN="2"></TD>
</TR>

<TR ACOPY="N" ADELETE="N" HEIGHT="30">
<TD COLSPAN="7" ALIGN="CENTER" VALIGN="MIDDLE" WIDTH="462" HEIGHT="23" AUPDATECONT="N">I</TD>
</TR>
</TBODY>
</TABLE>
</TABLE-GROUP>
<P></P>

<TABLE-GROUP ACLASS="HLD_RT" ADELETETABLE="N">

<TABLE ACLASS="EXTRACTION" AFIXTABLE="Y" WIDTH="627" BORDER="1">

<COLGROUP WIDTH="627">
<COL WIDTH="118"></COL>
<COL WIDTH="169"></COL>
<COL WIDTH="203"></COL>
<COL WIDTH="137"></COL>
</COLGROUP>

<THEAD>

<TR ACOPY="N" ADELETE="N" HEIGHT="30">
<TH ROWSPAN="2" VALIGN="MIDDLE" WIDTH="109" HEIGHT="99" ACOPYCOL="N" ADELETECOL="N" AMOVECOL="N" AUPDATECONT="N" ENG="Total number of shares issued (J)">발행주식 총수(J)</TH>
<TH ROWSPAN="2" VALIGN="MIDDLE" WIDTH="160" HEIGHT="99" ACOPYCOL="N" ADELETECOL="N" AMOVECOL="N" AUPDATECONT="N" ENG="Number of specific securities, etc. other than stocks (B+C+D+E+F+G+H=I)">주권외 특정증권등의 수(B+C+D+E+F+G+H=I)</TH>
<TH COLSPAN="2" VALIGN="MIDDLE" WIDTH="331" HEIGHT="23" ACOPYCOL="N" ADELETECOL="N" AMOVECOL="N" AUPDATECONT="N" ENG="Ownership ratio (%)">소유비율(%)</TH>
</TR>

<TR ACOPY="N" ADELETE="N" HEIGHT="76">
<TH VALIGN="MIDDLE" WIDTH="194" HEIGHT="69" ACOPYCOL="N" ADELETECOL="N" AMOVECOL="N" AUPDATECONT="N" ENG="Ownership ratio of specific securities, etc. [A+I / J+I-(F+G+H)*] × 100">특정증권등의 소유비율[A+I / J+I-(F+G+H)*] × 100</TH>
<TH VALIGN="MIDDLE" WIDTH="128" HEIGHT="69" ACOPYCOL="N" ADELETECOL="N" AMOVECOL="N" AUPDATECONT="N" ENG="Share certificates ownership ratio (A / J) × 100">주권의 소유비율(A / J) × 100</TH>
</TR>
</THEAD>

<TBODY>

<TR ACOPY="N" ADELETE="N" HEIGHT="30">
<TE ALIGN="RIGHT" WIDTH="109" HEIGHT="23" ACODE="VOT_STK_CNT">8,166,558</TE>
<TE ALIGN="RIGHT" WIDTH="160" HEIGHT="23" ACODE="HLD_STK_CNT">0</TE>
<TE ALIGN="RIGHT" WIDTH="194" HEIGHT="23" ACODE="HLD_STK_RT">24.83</TE>
<TE ALIGN="RIGHT" WIDTH="128" HEIGHT="23" ACODE="HLD_CMT_RT">24.83</TE>
</TR>
</TBODY>
</TABLE>
</TABLE-GROUP>
<P>* 교환사채권의 교환대상이 되는 주권, 파생결합증권의 기초자산이 되는 주권 및 증권예탁증권의 기초가 되는 주권, 금융투자상품의 기초자산이 되는 주권은 분모에서 제외하고 소유비율을 산정</P>
</SECTION-3>

<SECTION-3 ACLASS="MANDATORY">
<TITLE ATOC="Y" AASSOCNOTE="D-0-1-3-2" ENG="B. Transaction details for 6 months immediately before the transaction commencement date" ATOCID="6">나. 거래개시일 기준 직전 6개월간 세부거래내역</TITLE>

<TABLE-GROUP ACLASS="BFR_DTL_TRAN" ADELETETABLE="N">

<TABLE ACLASS="EXTRACTION" AFIXTABLE="N" WIDTH="680" BORDER="1">

<COLGROUP WIDTH="680">
<COL WIDTH="137"></COL>
<COL WIDTH="98"></COL>
<COL WIDTH="108"></COL>
<COL WIDTH="108"></COL>
<COL WIDTH="84"></COL>
<COL WIDTH="92"></COL>
<COL WIDTH="53"></COL>
</COLGROUP>

<THEAD>

<TR ACOPY="N" ADELETE="N" HEIGHT="53">
<TH VALIGN="MIDDLE" WIDTH="128" ACOPYCOL="N" ADELETECOL="N" AMOVECOL="N" AUPDATECONT="N" ENG="Transaction date (Settlement date)" HEIGHT="46">거래일(결제일)</TH>
<TH VALIGN="MIDDLE" WIDTH="89" ACOPYCOL="N" ADELETECOL="N" AMOVECOL="N" AUPDATECONT="N" ENG="Methods of transaction" HEIGHT="46">거래방법</TH>
<TH VALIGN="MIDDLE" WIDTH="99" ACOPYCOL="N" ADELETECOL="N" AMOVECOL="N" AUPDATECONT="N" ENG="Type of specific securities, etc." HEIGHT="46">특정증권등의종류</TH>
<TH VALIGN="MIDDLE" WIDTH="99" ACOPYCOL="N" ADELETECOL="N" AMOVECOL="N" AUPDATECONT="N" ENG="Number of specific securities, etc. (shrs.)" HEIGHT="46">특정증권등의수(주식수)</TH>
<TH VALIGN="MIDDLE" WIDTH="75" ACOPYCOL="N" ADELETECOL="N" AMOVECOL="N" AUPDATECONT="N" ENG="Acquisition/disposition unit price (KRW)*" HEIGHT="46">취득/처분단가(원)*</TH>
<TH VALIGN="MIDDLE" WIDTH="83" ACOPYCOL="N" ADELETECOL="N" AMOVECOL="N" AUPDATECONT="N" ENG="Transaction amount**" HEIGHT="46">거래금액**</TH>
<TH VALIGN="MIDDLE" WIDTH="44" ACOPYCOL="N" ADELETECOL="N" AMOVECOL="N" AUPDATECONT="N" ENG="Note" HEIGHT="46">비 고</TH>
</TR>
</THEAD>

<TBODY>

<TR ACOPY="Y" ADELETE="N" HEIGHT="30">
<TU ALIGN="CENTER" VALIGN="MIDDLE" AUNIT="MDF_DT" AUNITVALUE="20251208" WIDTH="128" HEIGHT="23">2025년 12월 08일</TU>
<TU ALIGN="CENTER" VALIGN="MIDDLE" AUNIT="MDF_MT" AUNITVALUE="01" WIDTH="89" HEIGHT="23" ENG="Acquisition in exchange(+)">장내매수(+)</TU>
<TU ALIGN="CENTER" VALIGN="MIDDLE" AUNIT="STR_KND" AUNITVALUE="1" WIDTH="99" HEIGHT="23" ENG="Common stock">보통주</TU>
<TE ALIGN="RIGHT" VALIGN="MIDDLE" ACODE="STR_STK_CNT" WIDTH="99" HEIGHT="23">10,163</TE>
<TE ALIGN="RIGHT" VALIGN="MIDDLE" ACODE="ACI_AMT2" WIDTH="75" HEIGHT="23">5,797</TE>
<TE ALIGN="RIGHT" VALIGN="MIDDLE" ACODE="TRAN_AMT" WIDTH="83" HEIGHT="23">58,915,030</TE>
<TE ALIGN="CENTER" VALIGN="MIDDLE" ACODE="RMK" WIDTH="44" HEIGHT="23">-</TE>
</TR>

<TR ACOPY="Y" ADELETE="Y" HEIGHT="30">
<TU ALIGN="CENTER" VALIGN="MIDDLE" AUNIT="MDF_DT" AUNITVALUE="20251110" WIDTH="128" HEIGHT="23">2025년 11월 10일</TU>
<TU ALIGN="CENTER" VALIGN="MIDDLE" AUNIT="MDF_MT" AUNITVALUE="01" WIDTH="89" HEIGHT="23" ENG="Acquisition in exchange(+)">장내매수(+)</TU>
<TU ALIGN="CENTER" VALIGN="MIDDLE" AUNIT="STR_KND" AUNITVALUE="1" WIDTH="99" HEIGHT="23" ENG="Common stock">보통주</TU>
<TE ALIGN="RIGHT" VALIGN="MIDDLE" ACODE="STR_STK_CNT" WIDTH="99" HEIGHT="23">15,100</TE>
<TE ALIGN="RIGHT" VALIGN="MIDDLE" ACODE="ACI_AMT2" WIDTH="75" HEIGHT="23">6,099</TE>
<TE ALIGN="RIGHT" VALIGN="MIDDLE" ACODE="TRAN_AMT" WIDTH="83" HEIGHT="23">92,099,360</TE>
<TE ALIGN="CENTER" VALIGN="MIDDLE" ACODE="RMK" WIDTH="44" HEIGHT="23">-</TE>
</TR>

<TR ACOPY="N" ADELETE="N" HEIGHT="30">
<TD COLSPAN="3" ALIGN="CENTER" VALIGN="MIDDLE" AUPDATECONT="N" ENG="Total" WIDTH="334" HEIGHT="23">합  계</TD>
<TE ALIGN="RIGHT" VALIGN="MIDDLE" ACODE="STR_STK_SUM" WIDTH="99" HEIGHT="23">25,263</TE>
<TD ALIGN="RIGHT" VALIGN="MIDDLE" AUPDATECONT="N" WIDTH="75" HEIGHT="23"></TD>
<TE ALIGN="RIGHT" VALIGN="MIDDLE" ACODE="TRAN_AMT_SUM" WIDTH="83" HEIGHT="23">151,014,390</TE>
<TE ALIGN="CENTER" VALIGN="MIDDLE" ACODE="RMK_SUM" WIDTH="44" HEIGHT="23">-</TE>
</TR>
</TBODY>
</TABLE>
</TABLE-GROUP>
<P>* 주식 외의 증권의 경우 해당 증권의 행사(전환ㆍ교환)가액 또는 해당 증권의 권리행사로 취득ㆍ처분하는 주식의 매매단가를 의미** 주식 외의 증권의 경우 해당 증권의 행사(전환ㆍ교환)가액 또는 해당 증권의 권리행사로 취득ㆍ처분하는 주식의 매매단가에 특정증권등의 수를 곱한금액을 의미</P>
<P></P>
</SECTION-3>

<SECTION-3 ACLASS="MANDATORY">
<TITLE ATOC="Y" ENG="C. Trading plan" ATOCID="7">다. 거래계획</TITLE>

<SECTION-4 ACLASS="MANDATORY">
<TITLE ATOC="Y" AASSOCNOTE="D-0-1-3-31" ENG="(1) Purpose of transaction" ATOCID="8">(1) 거래목적</TITLE>

<TABLE-GROUP ACLASS="TRAN_PPS" ADELETETABLE="N">

<TABLE ACLASS="EXTRACTION" AFIXTABLE="Y" WIDTH="615" BORDER="1">

<COLGROUP WIDTH="615">
<COL WIDTH="615"></COL>
</COLGROUP>

<THEAD>

<TR ACOPY="N" ADELETE="N" HEIGHT="30">
<TH VALIGN="MIDDLE" WIDTH="606" HEIGHT="23" ACOPYCOL="N" ADELETECOL="N" AMOVECOL="N" AUPDATECONT="N" ENG="Purpose of transaction">거래목적</TH>
</TR>
</THEAD>

<TBODY>

<TR ACOPY="N" ADELETE="N" HEIGHT="30">
<TE ALIGN="CENTER" VALIGN="MIDDLE" WIDTH="606" HEIGHT="23" ACODE="TRAN_PPS">증여</TE>
</TR>
</TBODY>
</TABLE>
</TABLE-GROUP>
<P></P>
</SECTION-4>

<SECTION-4 ACLASS="MANDATORY">
<TITLE ATOC="Y" AASSOCNOTE="D-0-1-3-32" ENG="(2) Transaction quantity and transaction amount" ATOCID="9">(2) 거래수량 및 거래금액</TITLE>

<TABLE-GROUP ACLASS="TRAN_PLN" ADELETETABLE="N">

<TABLE ACLASS="EXTRACTION" AFIXTABLE="N" WIDTH="942" BORDER="1">

<COLGROUP WIDTH="942">
<COL WIDTH="137"></COL>
<COL WIDTH="137"></COL>
<COL WIDTH="78"></COL>
<COL WIDTH="78"></COL>
<COL WIDTH="108"></COL>
<COL WIDTH="108"></COL>
<COL WIDTH="90"></COL>
<COL WIDTH="93"></COL>
<COL WIDTH="113"></COL>
</COLGROUP>

<THEAD>

<TR ACOPY="N" ADELETE="N" HEIGHT="53">
<TH VALIGN="MIDDLE" WIDTH="128" HEIGHT="46" ACOPYCOL="N" ADELETECOL="N" AMOVECOL="N" AUPDATECONT="N" ENG="Transaction commencement date (Settlement date)">거래개시일(결제일)</TH>
<TH VALIGN="MIDDLE" WIDTH="128" HEIGHT="46" ACOPYCOL="N" ADELETECOL="N" AMOVECOL="N" AUPDATECONT="N" ENG="Transaction closing date (Settlement date)">거래종료일(결제일)</TH>
<TH VALIGN="MIDDLE" WIDTH="69" HEIGHT="46" ACOPYCOL="N" ADELETECOL="N" AMOVECOL="N" AUPDATECONT="N" ENG="Transaction period">거래기간</TH>
<TH VALIGN="MIDDLE" WIDTH="69" HEIGHT="46" ACOPYCOL="N" ADELETECOL="N" AMOVECOL="N" AUPDATECONT="N" ENG="Methods of transaction">거래방법</TH>
<TH VALIGN="MIDDLE" WIDTH="99" HEIGHT="46" ACOPYCOL="N" ADELETECOL="N" AMOVECOL="N" AUPDATECONT="N" ENG="Type of specific securities, etc.">특정증권등의종류</TH>
<TH VALIGN="MIDDLE" WIDTH="99" HEIGHT="46" ACOPYCOL="N" ADELETECOL="N" AMOVECOL="N" AUPDATECONT="N" ENG="Number of specific securities, etc. (shrs.)①">특정증권등의수(주식수)①</TH>
<TH VALIGN="MIDDLE" WIDTH="81" HEIGHT="46" ACOPYCOL="N" ADELETECOL="N" AMOVECOL="N" AUPDATECONT="N" ENG="Acquisition/disposition unit price (KRW)②">취득/처분단가(원)②</TH>
<TH VALIGN="MIDDLE" WIDTH="84" HEIGHT="46" ACOPYCOL="N" ADELETECOL="N" AMOVECOL="N" AUPDATECONT="N" ENG="Transaction amount③">거래금액③</TH>
<TH VALIGN="MIDDLE" WIDTH="104" HEIGHT="46" ACOPYCOL="N" ADELETECOL="N" AMOVECOL="N" AUPDATECONT="N" ENG="Note">비 고</TH>
</TR>
</THEAD>

<TBODY>

<TR ACOPY="N" ADELETE="N" HEIGHT="30">
<TU ROWSPAN="2" ALIGN="CENTER" VALIGN="MIDDLE" WIDTH="128" HEIGHT="53" AUNIT="MDF_STR_DT" AUNITVALUE="20260204">2026년 02월 04일</TU>
<TU ROWSPAN="2" ALIGN="CENTER" VALIGN="MIDDLE" WIDTH="128" HEIGHT="53" AUNIT="MDF_END_DT" AUNITVALUE="20260305">2026년 03월 05일</TU>
<TE ROWSPAN="2" ALIGN="RIGHT" VALIGN="MIDDLE" WIDTH="69" HEIGHT="53" ACODE="TRAN_PROD">30</TE>
<TU ALIGN="CENTER" VALIGN="MIDDLE" WIDTH="69" HEIGHT="23" AUNIT="MDF_MT" AUNITVALUE="34" ENG="Donation(-)">증여(-)</TU>
<TU ALIGN="CENTER" VALIGN="MIDDLE" WIDTH="99" HEIGHT="23" AUNIT="STR_KND" AUNITVALUE="1" ENG="Common stock">보통주</TU>
<TE ALIGN="RIGHT" VALIGN="MIDDLE" WIDTH="99" HEIGHT="23" ACODE="STR_STK_CNT">-600,000</TE>
<TE ALIGN="RIGHT" VALIGN="MIDDLE" WIDTH="81" HEIGHT="23" ACODE="ACI_AMT2">-</TE>
<TE ALIGN="RIGHT" VALIGN="MIDDLE" WIDTH="84" HEIGHT="23" ACODE="TRAN_AMT">-</TE>
<TE ALIGN="CENTER" VALIGN="MIDDLE" WIDTH="104" HEIGHT="23" ACODE="RMK">수증자:이채은</TE>
</TR>

<TR ACOPY="Y" ADELETE="N" HEIGHT="30">
<TU ALIGN="CENTER" VALIGN="MIDDLE" WIDTH="69" HEIGHT="23" AUNIT="MDF_MT" AUNITVALUE="-" ENG="-">-</TU>
<TU ALIGN="CENTER" VALIGN="MIDDLE" WIDTH="99" HEIGHT="23" AUNIT="STR_KND" AUNITVALUE="-" ENG="-">-</TU>
<TE ALIGN="RIGHT" VALIGN="MIDDLE" WIDTH="99" HEIGHT="23" ACODE="STR_STK_CNT">-</TE>
<TE ALIGN="RIGHT" VALIGN="MIDDLE" WIDTH="81" HEIGHT="23" ACODE="ACI_AMT2">-</TE>
<TE ALIGN="RIGHT" VALIGN="MIDDLE" WIDTH="84" HEIGHT="23" ACODE="TRAN_AMT">-</TE>
<TE ALIGN="CENTER" VALIGN="MIDDLE" WIDTH="104" HEIGHT="23" ACODE="RMK">-</TE>
</TR>
</TBODY>
</TABLE>
</TABLE-GROUP>
<P>① 특정증권등의 수 : 주권인 경우 그 주식의 수를 의미하고 주권이 아닌 특정증권등의 경우 특정증권등의 결제일에 특정증권등의 권리행사로 취득ㆍ처분할 수 있을 것으로 환산되는 주식의 수량을 의미(예시) CB의 경우 액면금액을 전환가액으로 나눈 수량, CB콜옵션의 경우 기초자산인 CB의 액면금액을 전환가액으로 나눈 수량, 주식옵션의 경우 권리의 행사로 취득ㆍ처분이 가능한 주식의 수량)</P>
<P></P>
<P>② 취득/처분 단가 : 주권인 경우 그 주식의 매매단가를 의미하고, 주권이 아닌 특정증권등의 경우 해당 증권의 행사(전환ㆍ교환)가액 또는 해당 증권의 권리행사로 취득ㆍ처분하는 주식의 매매단가를 의미(예시) CB의 경우 전환가액, CB콜옵션의 경우 기초자산인 CB의 전환가액, 주식옵션의 경우 기초자산인 주식을 매매하기 위한 권리행사가액을 기재)</P>
<P></P>
<P>③ 거래금액 : 특정증권등의 수(①)에 취득/처분단가(②)를 곱한 금액을 의미</P>

<TABLE ACLASS="NORMAL" AFIXTABLE="Y" WIDTH="623" BORDER="0">

<COLGROUP WIDTH="623">
<COL WIDTH="623"></COL>
</COLGROUP>

<TBODY>

<TR ACOPY="N" ADELETE="N" HEIGHT="107">
<TD WIDTH="614" HEIGHT="100" AUPDATECONT="N" USERMARK="F-BT13 B 0X0000FF" ENG="※ The number of specific securities, etc. (①) and the acquisition/disposition unit price (②) represent the reporting entity’s "projected quantity and unit price." According to the law (§173-3③), the reporting entity is allowed to execute the transaction within a range of 70-130% of the planned transaction amount (③ = unit price × quantity); therefore, the actual transaction price and quantity may differ.">※ 특정증권등의 수(①) 및 취득/처분 단가(②)는 보고자의 "예상 수량 및 단가"를 기재하는 것으로 보고자는 법(§173의3③)에 따라 거래금액(③=단가×수량)의 70~130% 범위내에서 계획과 달리 거래할 수 있으므로 실제 거래단가 및 거래수량은 달라질 수 있음</TD>
</TR>
</TBODY>
</TABLE>
<P></P>
</SECTION-4>

<SECTION-4 ACLASS="MANDATORY">
<TITLE ATOC="Y" AASSOCNOTE="D-0-1-3-33" ENG="(3) Calculation basis for the acquisition/disposition unit price" ATOCID="10">(3) 취득/처분단가 산출근거</TITLE>

<TABLE-GROUP ACLASS="ACI_AMT_BAS" ADELETETABLE="N">

<TABLE ACLASS="EXTRACTION" AFIXTABLE="N" WIDTH="613" BORDER="1">

<COLGROUP WIDTH="613">
<COL WIDTH="115"></COL>
<COL WIDTH="115"></COL>
<COL WIDTH="383"></COL>
</COLGROUP>

<THEAD>

<TR ACOPY="N" ADELETE="N" HEIGHT="76">
<TH VALIGN="MIDDLE" WIDTH="106" HEIGHT="69" ACOPYCOL="N" ADELETECOL="N" AMOVECOL="N" AUPDATECONT="N" ENG="Type of specific securities, etc.">특정증권등의종류</TH>
<TH VALIGN="MIDDLE" WIDTH="106" HEIGHT="69" ACOPYCOL="N" ADELETECOL="N" AMOVECOL="N" AUPDATECONT="N" ENG="Acquisition/disposition unit price (KRW)">취득/처분단가(원)</TH>
<TH VALIGN="MIDDLE" WIDTH="374" HEIGHT="69" ACOPYCOL="N" ADELETECOL="N" AMOVECOL="N" AUPDATECONT="N" ENG="Calculation basis for the acquisition/disposition unit price">취득/처분단가 산출근거</TH>
</TR>
</THEAD>

<TBODY>

<TR ACOPY="Y" ADELETE="N" HEIGHT="30">
<TU ALIGN="CENTER" VALIGN="MIDDLE" WIDTH="106" HEIGHT="23" AUNIT="STR_KND" AUNITVALUE="1" ENG="Common stock">보통주</TU>
<TE ALIGN="RIGHT" VALIGN="MIDDLE" WIDTH="106" HEIGHT="23" ACODE="ACI_AMT2">-</TE>
<TE ALIGN="CENTER" VALIGN="MIDDLE" WIDTH="374" HEIGHT="23" ACODE="BAS_CAL">-</TE>
</TR>
</TBODY>
</TABLE>
</TABLE-GROUP>
<P>- 무상 증여 거래 건으로 해당사항 없습니다.</P>
</SECTION-4>

<SECTION-4 ACLASS="MANDATORY">
<TITLE ATOC="Y" AASSOCNOTE="D-0-1-3-34" ENG="(4) Contract on the specific securities, etc. scheduled for transaction" ATOCID="11">(4) 거래 예정 특정증권등에 관한 계약</TITLE>

<TABLE-GROUP ACLASS="CTR_INFO" ADELETETABLE="N">

<TABLE ACLASS="EXTRACTION" AFIXTABLE="N" WIDTH="614" BORDER="1">

<COLGROUP WIDTH="614">
<COL WIDTH="116"></COL>
<COL WIDTH="115"></COL>
<COL WIDTH="383"></COL>
</COLGROUP>

<THEAD>

<TR ACOPY="N" ADELETE="N" HEIGHT="76">
<TH VALIGN="MIDDLE" WIDTH="107" HEIGHT="69" ACOPYCOL="N" ADELETECOL="N" AMOVECOL="N" AUPDATECONT="N" ENG="Type of specific securities, etc.">특정증권등의종류</TH>
<TH VALIGN="MIDDLE" WIDTH="106" HEIGHT="69" ACOPYCOL="N" ADELETECOL="N" AMOVECOL="N" AUPDATECONT="N" ENG="Contract conclusion date">계약체결일</TH>
<TH VALIGN="MIDDLE" WIDTH="374" HEIGHT="69" ACOPYCOL="N" ADELETECOL="N" AMOVECOL="N" AUPDATECONT="N" ENG="Major contract details (Calculation basis for transaction price and quantity, reasons for cancellation, etc.)">주요 계약의 내용(거래가격 및 거래수량의 산정기준, 취소사유 등)</TH>
</TR>
</THEAD>

<TBODY>

<TR ACOPY="Y" ADELETE="N" HEIGHT="30">
<TU ALIGN="CENTER" VALIGN="MIDDLE" WIDTH="107" HEIGHT="23" AUNIT="STR_KND" AUNITVALUE="1" ENG="Common stock">보통주</TU>
<TU ALIGN="CENTER" VALIGN="MIDDLE" WIDTH="106" HEIGHT="23" AUNIT="CTR_DT" AUNITVALUE="-">-</TU>
<TE ALIGN="CENTER" VALIGN="MIDDLE" WIDTH="374" HEIGHT="23" ACODE="CTR_DTL">-</TE>
</TR>
</TBODY>
</TABLE>
</TABLE-GROUP>
<P></P>
</SECTION-4>
</SECTION-3>

<SECTION-3 ACLASS="MANDATORY">
<TITLE ATOC="Y" AASSOCNOTE="D-0-1-3-4" ENG="D. Determination of transaction scale" ATOCID="12">라. 거래규모 판단</TITLE>

<TABLE-GROUP ACLASS="TRD_VOL" ADELETETABLE="N">

<TABLE ACLASS="EXTRACTION" AFIXTABLE="Y" WIDTH="613" BORDER="1">

<COLGROUP WIDTH="613">
<COL WIDTH="123"></COL>
<COL WIDTH="123"></COL>
<COL WIDTH="123"></COL>
<COL WIDTH="122"></COL>
<COL WIDTH="122"></COL>
</COLGROUP>

<THEAD>

<TR ACOPY="N" ADELETE="N" HEIGHT="53">
<TH WIDTH="114" HEIGHT="46" VALIGN="MIDDLE" ACOPYCOL="N" ADELETECOL="N" AMOVECOL="N" AUPDATECONT="N"></TH>
<TH WIDTH="114" HEIGHT="46" VALIGN="MIDDLE" ACOPYCOL="N" ADELETECOL="N" AMOVECOL="N" AUPDATECONT="N" ENG="Number of specific securities, etc. (shrs.)">특정증권등의수(주)</TH>
<TH WIDTH="114" HEIGHT="46" VALIGN="MIDDLE" ACOPYCOL="N" ADELETECOL="N" AMOVECOL="N" AUPDATECONT="N" ENG="Acquisition/disposition unit price (KRW)*">취득/처분단가(원)*</TH>
<TH WIDTH="113" HEIGHT="46" VALIGN="MIDDLE" ACOPYCOL="N" ADELETECOL="N" AMOVECOL="N" AUPDATECONT="N" ENG="Transaction amount">거래금액</TH>
<TH WIDTH="113" HEIGHT="46" VALIGN="MIDDLE" ACOPYCOL="N" ADELETECOL="N" AMOVECOL="N" AUPDATECONT="N" ENG="Note">비 고</TH>
</TR>
</THEAD>

<TBODY>

<TR ACOPY="N" ADELETE="N" HEIGHT="76">
<TD WIDTH="114" HEIGHT="69" ALIGN="CENTER" VALIGN="MIDDLE" AUPDATECONT="N" ENG="Aggregate transaction details for 6 months immediately before the transaction commencement date.">거래개시일 기준직전 6개월간합산 거래내역</TD>
<TE ALIGN="RIGHT" VALIGN="MIDDLE" WIDTH="114" HEIGHT="69" ACODE="BFR_STR_STK">25,263</TE>
<TE ALIGN="RIGHT" VALIGN="MIDDLE" WIDTH="114" HEIGHT="69" ACODE="BFR_ACI_AMT2">5,977</TE>
<TE ALIGN="RIGHT" VALIGN="MIDDLE" WIDTH="113" HEIGHT="69" ACODE="BFR_TRAN_AMT">151,014,390</TE>
<TE ALIGN="CENTER" VALIGN="MIDDLE" WIDTH="113" HEIGHT="69" ACODE="BFR_RMK">-</TE>
</TR>

<TR ACOPY="N" ADELETE="N" HEIGHT="30">
<TD WIDTH="114" HEIGHT="23" ALIGN="CENTER" VALIGN="MIDDLE" AUPDATECONT="N" ENG="Trading plan">거래계획</TD>
<TE ALIGN="RIGHT" VALIGN="MIDDLE" WIDTH="114" HEIGHT="23" ACODE="PLN_STR_STK">-600,000</TE>
<TE ALIGN="RIGHT" VALIGN="MIDDLE" WIDTH="114" HEIGHT="23" ACODE="PLN_ACI_AMT2">0</TE>
<TE ALIGN="RIGHT" VALIGN="MIDDLE" WIDTH="113" HEIGHT="23" ACODE="PLN_TRAN_AMT">0</TE>
<TE ALIGN="CENTER" VALIGN="MIDDLE" WIDTH="113" HEIGHT="23" ACODE="PLN_RMK">-</TE>
</TR>

<TR ACOPY="N" ADELETE="N" HEIGHT="30">
<TD WIDTH="114" HEIGHT="23" ALIGN="CENTER" VALIGN="MIDDLE" AUPDATECONT="N" ENG="Total">합  계</TD>
<TE ALIGN="RIGHT" VALIGN="MIDDLE" WIDTH="114" HEIGHT="23" ACODE="STR_STK_SUM2">-574,737</TE>
<TD WIDTH="114" HEIGHT="23" ALIGN="RIGHT" VALIGN="MIDDLE" AUPDATECONT="N"></TD>
<TE ALIGN="RIGHT" VALIGN="MIDDLE" WIDTH="113" HEIGHT="23" ACODE="TRAN_AMT_SUM2">151,014,390</TE>
<TE ALIGN="CENTER" VALIGN="MIDDLE" WIDTH="113" HEIGHT="23" ACODE="RMK_SUM2">-</TE>
</TR>

<TR ACOPY="N" ADELETE="N" HEIGHT="30">
<TD WIDTH="114" HEIGHT="23" ALIGN="CENTER" VALIGN="MIDDLE" AUPDATECONT="N"></TD>
<TD WIDTH="114" HEIGHT="23" ALIGN="CENTER" VALIGN="MIDDLE" AUPDATECONT="N">P</TD>
<TD WIDTH="114" HEIGHT="23" ALIGN="RIGHT" VALIGN="MIDDLE" AUPDATECONT="N"></TD>
<TD WIDTH="113" HEIGHT="23" ALIGN="RIGHT" VALIGN="MIDDLE" AUPDATECONT="N"></TD>
<TD WIDTH="113" HEIGHT="23" ALIGN="CENTER" VALIGN="MIDDLE" AUPDATECONT="N"></TD>
</TR>
</TBODY>
</TABLE>
</TABLE-GROUP>
<P></P>

<TABLE-GROUP ACLASS="TRD_VOL_JUD" ADELETETABLE="N">

<TABLE ACLASS="EXTRACTION" AFIXTABLE="Y" WIDTH="614" BORDER="1">

<COLGROUP WIDTH="614">
<COL WIDTH="123"></COL>
<COL WIDTH="246"></COL>
<COL WIDTH="245"></COL>
</COLGROUP>

<THEAD>

<TR ACOPY="N" ADELETE="N" HEIGHT="53">
<TH WIDTH="114" HEIGHT="46" VALIGN="MIDDLE" ACOPYCOL="N" ADELETECOL="N" AMOVECOL="N" AUPDATECONT="N" ENG="Total number of shares issued (J)">발행주식 총수(J)</TH>
<TH WIDTH="237" HEIGHT="46" VALIGN="MIDDLE" ACOPYCOL="N" ADELETECOL="N" AMOVECOL="N" AUPDATECONT="N" ENG="Number of specific securities, etc. subject to transaction (P)">거래 특정증권등의 수(P)</TH>
<TH WIDTH="236" HEIGHT="46" VALIGN="MIDDLE" ACOPYCOL="N" ADELETECOL="N" AMOVECOL="N" AUPDATECONT="N" ENG="Transaction ratio (%) of specific securities, etc. (P / J+P*) × 100">특정증권등의 거래비율(%)(P / J+P*) × 100</TH>
</TR>
</THEAD>

<TBODY>

<TR ACOPY="N" ADELETE="N" HEIGHT="30">
<TE ALIGN="RIGHT" WIDTH="114" HEIGHT="23" ACODE="TOT_ISS_STK">8,166,558</TE>
<TE ALIGN="RIGHT" WIDTH="237" HEIGHT="23" ACODE="DEL_STR_STK">-574,737</TE>
<TE ALIGN="RIGHT" WIDTH="236" HEIGHT="23" ACODE="STR_STK_RT">7.04</TE>
</TR>
</TBODY>
</TABLE>
</TABLE-GROUP>
<P>* 주권, 교환사채권의 교환대상이 되는 주권, 파생결합증권의 기초자산이 되는 주권 및 증권예탁증권의 기초가 되는 주권, 금융투자상품의 기초자산이 되는 주권은 분모(P)에서 제외</P>
<P></P>
</SECTION-3>

<SECTION-3 ACLASS="MANDATORY">
<TITLE ATOC="Y" AASSOCNOTE="D-0-1-3-5" ENG="D. Expected holding status by type of specific securities, etc. after completion of the trading plan" ATOCID="13">마. 거래계획 완료후 특정증권등의 종류별 예상 소유상황</TITLE>

<TABLE-GROUP ACLASS="OWN_CST_CNT" ADELETETABLE="N">

<TABLE ACLASS="EXTRACTION" AFIXTABLE="Y" WIDTH="687" BORDER="1">

<COLGROUP WIDTH="687">
<COL WIDTH="84"></COL>
<COL WIDTH="78"></COL>
<COL WIDTH="63"></COL>
<COL WIDTH="78"></COL>
<COL WIDTH="93"></COL>
<COL WIDTH="63"></COL>
<COL WIDTH="48"></COL>
<COL WIDTH="48"></COL>
<COL WIDTH="84"></COL>
<COL WIDTH="48"></COL>
</COLGROUP>

<THEAD>

<TR ACOPY="N" ADELETE="N" HEIGHT="30">
<TH COLSPAN="10" VALIGN="MIDDLE" WIDTH="678" HEIGHT="23" ACOPYCOL="N" ADELETECOL="N" AMOVECOL="N" AUPDATECONT="N" ENG="Details of specific securities, etc.">특정증권등의 내역</TH>
</TR>

<TR ACOPY="N" ADELETE="N" HEIGHT="30">
<TH VALIGN="MIDDLE" WIDTH="75" HEIGHT="76" ACOPYCOL="N" ADELETECOL="N" AMOVECOL="N" AUPDATECONT="N" ROWSPAN="2" ENG="Share certificates">주 권</TH>
<TH ROWSPAN="2" VALIGN="MIDDLE" WIDTH="69" HEIGHT="76" ACOPYCOL="N" ADELETECOL="N" AMOVECOL="N" AUPDATECONT="N" ENG="Those with warrants">신주인수권이표시된것</TH>
<TH ROWSPAN="2" VALIGN="MIDDLE" WIDTH="54" HEIGHT="76" ACOPYCOL="N" ADELETECOL="N" AMOVECOL="N" AUPDATECONT="N" ENG="Convertible bonds">전환사채권</TH>
<TH ROWSPAN="2" VALIGN="MIDDLE" WIDTH="69" HEIGHT="76" ACOPYCOL="N" ADELETECOL="N" AMOVECOL="N" AUPDATECONT="N" ENG="Bonds with warrants">신주인수권부사채권</TH>
<TH ROWSPAN="2" VALIGN="MIDDLE" WIDTH="84" HEIGHT="76" ACOPYCOL="N" ADELETECOL="N" AMOVECOL="N" AUPDATECONT="N" ENG="Participating bonds">이익참가부사채권</TH>
<TH ROWSPAN="2" VALIGN="MIDDLE" WIDTH="54" HEIGHT="76" ACOPYCOL="N" ADELETECOL="N" AMOVECOL="N" AUPDATECONT="N" ENG="Exchangeable bonds">교환사채권</TH>
<TH ROWSPAN="2" VALIGN="MIDDLE" WIDTH="39" HEIGHT="76" ACOPYCOL="N" ADELETECOL="N" AMOVECOL="N" AUPDATECONT="N" ENG="Depositary receipts">증권예탁증권</TH>
<TH ROWSPAN="2" VALIGN="MIDDLE" WIDTH="39" HEIGHT="76" ACOPYCOL="N" ADELETECOL="N" AMOVECOL="N" AUPDATECONT="N" ENG="Others">기타</TH>
<TH COLSPAN="2" VALIGN="MIDDLE" WIDTH="123" HEIGHT="23" ACOPYCOL="N" ADELETECOL="N" AMOVECOL="N" AUPDATECONT="N" ENG="Total">합 계</TH>
</TR>

<TR ACOPY="N" ADELETE="N" HEIGHT="53">
<TH VALIGN="MIDDLE" WIDTH="75" HEIGHT="46" ACOPYCOL="N" ADELETECOL="N" AMOVECOL="N" AUPDATECONT="N" ENG="Number of shares (shrs.)">주수(주)</TH>
<TH VALIGN="MIDDLE" WIDTH="39" HEIGHT="46" ACOPYCOL="N" ADELETECOL="N" AMOVECOL="N" AUPDATECONT="N" ENG="Ratio (%)">비율(%)</TH>
</TR>
</THEAD>

<TBODY>

<TR ACOPY="N" ADELETE="N" HEIGHT="30">
<TE ALIGN="RIGHT" VALIGN="MIDDLE" WIDTH="75" HEIGHT="23" ACODE="OWN_CPT_CNT">1,427,496</TE>
<TE ALIGN="RIGHT" VALIGN="MIDDLE" WIDTH="69" HEIGHT="23" ACODE="OWN_ACC_CNT">-</TE>
<TE ALIGN="RIGHT" VALIGN="MIDDLE" WIDTH="54" HEIGHT="23" ACODE="OWN_CB_CNT">-</TE>
<TE ALIGN="RIGHT" VALIGN="MIDDLE" WIDTH="69" HEIGHT="23" ACODE="OWN_LN_CNT">-</TE>
<TE ALIGN="RIGHT" VALIGN="MIDDLE" WIDTH="84" HEIGHT="23" ACODE="OWN_BN_CNT">-</TE>
<TE ALIGN="RIGHT" VALIGN="MIDDLE" WIDTH="54" HEIGHT="23" ACODE="OWN_EB_CNT">-</TE>
<TE ALIGN="RIGHT" VALIGN="MIDDLE" WIDTH="39" HEIGHT="23" ACODE="OWN_CF_CNT">-</TE>
<TE ALIGN="RIGHT" VALIGN="MIDDLE" WIDTH="39" HEIGHT="23" ACODE="OWN_ET_CNT">-</TE>
<TE ALIGN="RIGHT" VALIGN="MIDDLE" WIDTH="75" HEIGHT="23" ACODE="OWN_STK_CNT">1,427,496</TE>
<TE ALIGN="RIGHT" VALIGN="MIDDLE" WIDTH="39" HEIGHT="23" ACODE="OWN_STK_RT">17.48</TE>
</TR>

<TR ACOPY="N" ADELETE="N" HEIGHT="30">
<TD ALIGN="CENTER" VALIGN="MIDDLE" WIDTH="75" HEIGHT="53" AUPDATECONT="N" ROWSPAN="2">A</TD>
<TD ALIGN="CENTER" VALIGN="MIDDLE" WIDTH="69" HEIGHT="23" AUPDATECONT="N">B</TD>
<TD ALIGN="CENTER" VALIGN="MIDDLE" WIDTH="54" HEIGHT="23" AUPDATECONT="N">C</TD>
<TD ALIGN="CENTER" VALIGN="MIDDLE" WIDTH="69" HEIGHT="23" AUPDATECONT="N">D</TD>
<TD ALIGN="CENTER" VALIGN="MIDDLE" WIDTH="84" HEIGHT="23" AUPDATECONT="N">E</TD>
<TD ALIGN="CENTER" VALIGN="MIDDLE" WIDTH="54" HEIGHT="23" AUPDATECONT="N">F</TD>
<TD ALIGN="CENTER" VALIGN="MIDDLE" WIDTH="39" HEIGHT="23" AUPDATECONT="N">G</TD>
<TD ALIGN="CENTER" VALIGN="MIDDLE" WIDTH="39" HEIGHT="23" AUPDATECONT="N">H</TD>
<TD ROWSPAN="2" ALIGN="CENTER" VALIGN="MIDDLE" WIDTH="123" HEIGHT="53" AUPDATECONT="N" COLSPAN="2"></TD>
</TR>

<TR ACOPY="N" ADELETE="N" HEIGHT="30">
<TD COLSPAN="7" ALIGN="CENTER" VALIGN="MIDDLE" WIDTH="462" HEIGHT="23" AUPDATECONT="N">I</TD>
</TR>
</TBODY>
</TABLE>
</TABLE-GROUP>
<P></P>

<TABLE-GROUP ACLASS="OWN_HLD_RT" ADELETETABLE="N">

<TABLE ACLASS="EXTRACTION" AFIXTABLE="Y" WIDTH="627" BORDER="1">

<COLGROUP WIDTH="627">
<COL WIDTH="118"></COL>
<COL WIDTH="169"></COL>
<COL WIDTH="203"></COL>
<COL WIDTH="137"></COL>
</COLGROUP>

<THEAD>

<TR ACOPY="N" ADELETE="N" HEIGHT="30">
<TH ROWSPAN="2" VALIGN="MIDDLE" WIDTH="109" HEIGHT="98" ACOPYCOL="N" ADELETECOL="N" AMOVECOL="N" AUPDATECONT="N" ENG="Total number of shares issued (J)">발행주식 총수(J)</TH>
<TH ROWSPAN="2" VALIGN="MIDDLE" WIDTH="160" HEIGHT="98" ACOPYCOL="N" ADELETECOL="N" AMOVECOL="N" AUPDATECONT="N" ENG="Number of specific securities, etc. other than stocks (B+C+D+E+F+G+H=I)">주권외 특정증권등의 수(B+C+D+E+F+G+H=I)</TH>
<TH COLSPAN="2" VALIGN="MIDDLE" WIDTH="331" HEIGHT="23" ACOPYCOL="N" ADELETECOL="N" AMOVECOL="N" AUPDATECONT="N" ENG="Ownership ratio (%)">소유비율(%)</TH>
</TR>

<TR ACOPY="N" ADELETE="N" HEIGHT="75">
<TH VALIGN="MIDDLE" WIDTH="194" HEIGHT="68" ACOPYCOL="N" ADELETECOL="N" AMOVECOL="N" AUPDATECONT="N" ENG="Ownership ratio of specific securities, etc. [A+I / J+I-(F+G+H)*] × 100">특정증권등의 소유비율[A+I / J+I-(F+G+H)*] × 100</TH>
<TH VALIGN="MIDDLE" WIDTH="128" HEIGHT="68" ACOPYCOL="N" ADELETECOL="N" AMOVECOL="N" AUPDATECONT="N" ENG="Share certificates ownership ratio (A / J) × 100">주권의 소유비율(A / J) × 100</TH>
</TR>
</THEAD>

<TBODY>

<TR ACOPY="N" ADELETE="N" HEIGHT="30">
<TE ALIGN="RIGHT" WIDTH="109" HEIGHT="23" ACODE="OWN_VOT_STK_CNT">8,166,558</TE>
<TE ALIGN="RIGHT" WIDTH="160" HEIGHT="23" ACODE="OWN_HLD_STK_CNT">1,427,496</TE>
<TE ALIGN="RIGHT" WIDTH="194" HEIGHT="23" ACODE="OWN_HLD_STK_RT">17.48</TE>
<TE ALIGN="RIGHT" WIDTH="128" HEIGHT="23" ACODE="OWN_HLD_CMT_RT">17.48</TE>
</TR>
</TBODY>
</TABLE>
</TABLE-GROUP>
<P>* 교환사채권의 교환대상이 되는 주권, 파생결합증권의 기초자산이 되는 주권 및 증권예탁증권의 기초가 되는 주권, 금융투자상품의 기초자산이 되는 주권은 분모(F+G+H)에서 제외하고 산정</P>
</SECTION-3>
</SECTION-2>
</SECTION-1>
</BODY>
</DOCUMENT>