date,trades,avg_return,sum_return,precision_day
2021-01-04,2,0.06118370961977726,0.12236741923955452,1.0
2021-01-05,2,0.11667680145941017,0.23335360291882035,1.0
2021-01-06,2,0.06838606695384081,0.13677213390768161,0.5
2021-01-07,2,0.01439077858708715,0.0287815571741743,0.5
2021-01-08,2,0.1253981052207216,0.2507962104414432,1.0
2021-01-11,2,-0.0019964020885436806,-0.003992804177087361,0.5
2021-01-12,2,0.18677955194943197,0.37355910389886393,1.0
2021-01-13,2,-0.019465474918526904,-0.03893094983705381,0.0
2021-01-14,2,0.09397590361445785,0.1879518072289157,0.5
2021-01-15,2,0.16993653876163894,0.3398730775232779,1.0
2021-01-18,2,0.1480270511960653,0.2960541023921306,1.0
2021-01-19,2,0.14012490806488498,0.28024981612976996,1.0
2021-01-20,2,0.000057537399309581794,0.00011507479861916359,0.5
2021-01-21,2,0.057686629808666456,0.11537325961733291,1.0
2021-01-22,2,0.15202881895332387,0.30405763790664775,0.5
2021-01-25,2,0.13512229634121697,0.27024459268243395,1.0
2021-01-26,2,0.04863073281588226,0.09726146563176452,1.0
2021-01-27,2,0.07404826013350063,0.14809652026700126,1.0
2021-01-28,1,0.03109656301145658,0.03109656301145658,1.0
2021-01-29,2,-0.0347644927536232,-0.0695289855072464,0.0
2021-02-01,2,0.09428591560931288,0.18857183121862575,1.0
2021-02-02,2,0.07782166460140438,0.15564332920280877,1.0
2021-02-03,2,0.009554292592516611,0.019108585185033222,0.5
2021-02-04,2,0.0065125784170838585,0.013025156834167717,0.5
2021-02-05,2,0.07668581525504203,0.15337163051008407,0.5
2021-02-08,2,0.0479723381065133,0.0959446762130266,0.5
2021-02-09,2,-0.08244281182167307,-0.16488562364334614,0.0
2021-02-10,2,0.06871769531489136,0.13743539062978272,0.5
2021-02-15,2,0.1424288617886179,0.2848577235772358,1.0
2021-02-16,2,0.048292902066486953,0.09658580413297391,0.5
2021-02-17,2,0.1413113370574287,0.2826226741148574,0.5
2021-02-18,2,0.0010909972523031608,0.0021819945046063216,0.5
2021-02-19,2,-0.059846355739304136,-0.11969271147860827,0.0
2021-02-22,2,-0.039859388294299414,-0.07971877658859883,0.0
2021-02-23,2,0.019442199522130443,0.03888439904426089,0.5
2021-02-24,1,0.07175398633257402,0.07175398633257402,1.0
2021-02-25,2,0.03444894006208277,0.06889788012416553,1.0
2021-02-26,2,0.10488317636730193,0.20976635273460387,1.0
2021-03-02,2,0.08595750128008184,0.17191500256016368,1.0
2021-03-03,2,0.02368312278798207,0.04736624557596414,0.5
2021-03-04,2,-0.020642201834862373,-0.041284403669724745,0.0
2021-03-05,2,0.12082981823759498,0.24165963647518995,1.0
2021-03-08,2,-0.00831093521395343,-0.01662187042790686,0.5
2021-03-09,2,0.06331658102848392,0.12663316205696784,1.0
2021-03-10,2,-0.013094305120167238,-0.026188610240334476,0.5
2021-03-11,2,0.022576147576147565,0.04515229515229513,0.5
2021-03-12,2,0.0855192072563905,0.171038414512781,1.0
2021-03-15,2,0.009701289706024185,0.01940257941204837,0.5
2021-03-16,2,0.01674454828660432,0.03348909657320864,1.0
2021-03-17,2,0.023987238028333857,0.047974476056667714,0.5
2021-03-18,1,0.014084507042253502,0.014084507042253502,1.0
2021-03-19,1,-0.006756756756756799,-0.006756756756756799,0.0
2021-03-22,2,0.14603365384615385,0.2920673076923077,0.5
2021-03-23,2,0.125089671171299,0.250179342342598,1.0
2021-03-25,2,0.07434556100921386,0.1486911220184277,1.0
2021-03-26,2,0.12033541454915053,0.24067082909830106,1.0
2021-03-29,2,0.07751457988336097,0.15502915976672194,1.0
2021-03-30,2,0.052924418149262076,0.10584883629852415,1.0
2021-03-31,2,-0.05330831803141994,-0.10661663606283989,0.0
2021-04-01,1,0.011703511053315907,0.011703511053315907,1.0
2021-04-02,2,0.015114609523772526,0.030229219047545053,0.5
2021-04-05,1,0.032863849765258246,0.032863849765258246,1.0
2021-04-06,1,-0.010588235294117676,-0.010588235294117676,0.0
2021-04-07,1,0.0,0.0,0.0
2021-04-08,2,-0.008419958419958407,-0.016839916839916813,0.5
2021-04-09,2,0.08260869565217388,0.16521739130434776,0.5
2021-04-12,2,0.057141533400770605,0.11428306680154121,0.5
2021-04-13,2,0.05195417789757417,0.10390835579514834,1.0
2021-04-14,2,0.0642636001769128,0.1285272003538256,1.0
2021-04-15,2,-0.07474226804123713,-0.14948453608247425,0.0
2021-04-16,2,0.0019040365575019313,0.0038080731150038627,0.0
2021-04-19,2,0.027461212675577218,0.054922425351154436,1.0
2021-04-20,2,0.019996882979871344,0.03999376595974269,1.0
2021-04-21,2,0.031724326619394394,0.06344865323878879,0.5
2021-04-22,1,0.2264150943396226,0.2264150943396226,1.0
2021-04-23,1,0.02320675105485237,0.02320675105485237,1.0
2021-04-26,2,-0.020879629629629637,-0.041759259259259274,0.0
2021-04-27,2,-0.03307719378226737,-0.06615438756453473,0.0
2021-04-29,2,0.007167392176663068,0.014334784353326135,0.5
2021-04-30,2,0.023418582662638632,0.046837165325277264,1.0
2021-05-03,2,0.08009319935925435,0.1601863987185087,0.5
2021-05-04,1,0.10838445807770958,0.10838445807770958,1.0
2021-05-06,1,-0.009960868018498714,-0.009960868018498714,0.0
2021-05-07,2,0.01473327588908041,0.02946655177816082,0.5
2021-05-10,2,-0.008635029354207457,-0.017270058708414915,0.0
2021-05-11,2,0.03076273314613165,0.0615254662922633,1.0
2021-05-12,1,-0.03303814713896458,-0.03303814713896458,0.0
2021-05-13,2,0.04820314412345261,0.09640628824690523,1.0
2021-05-14,2,0.02188925884819337,0.04377851769638674,0.5
2021-05-17,2,0.08228139411537316,0.16456278823074633,1.0
2021-05-18,1,0.0,0.0,0.0
2021-05-20,2,0.011223735154652581,0.022447470309305162,0.5
2021-05-21,1,0.0,0.0,0.0
2021-05-24,2,0.058301697774965744,0.11660339554993149,1.0
2021-05-25,2,-0.0039191195105173215,-0.007838239021034643,0.0
2021-05-26,1,-0.010849909584086825,-0.010849909584086825,0.0
2021-05-28,2,0.0340170482672022,0.0680340965344044,0.5
2021-05-31,2,0.12421940146391175,0.2484388029278235,1.0
2021-06-01,2,-0.02282352288530176,-0.04564704577060352,0.5
2021-06-02,2,0.04614950848747257,0.09229901697494514,0.5
2021-06-03,2,0.028900147346749283,0.057800294693498566,1.0
2021-06-04,2,-0.06161858867742648,-0.12323717735485296,0.0
2021-06-07,2,0.08667506095854827,0.17335012191709653,1.0
2021-06-08,2,-0.0009765812678095842,-0.0019531625356191684,0.5
2021-06-09,2,0.01970135068301565,0.0394027013660313,0.5
2021-06-11,1,-0.00037037037037035425,-0.00037037037037035425,0.0
2021-06-14,2,0.13058135174963592,0.26116270349927184,1.0
2021-06-15,1,-0.04042857142857148,-0.04042857142857148,0.0
2021-06-16,2,0.0753411844355758,0.1506823688711516,0.5
2021-06-17,1,0.2054120541205413,0.2054120541205413,1.0
2021-06-18,2,0.08410117932326688,0.16820235864653377,0.5
2021-06-21,2,0.037332896735798815,0.07466579347159763,0.5
2021-06-22,2,-0.07193173691266197,-0.14386347382532394,0.0
2021-06-23,2,-0.029859649122806975,-0.05971929824561395,0.0
2021-06-24,2,0.10247990869176388,0.20495981738352775,0.5
2021-06-25,2,0.03485111865499835,0.0697022373099967,0.5
2021-06-28,2,0.051899011350095225,0.10379802270019045,1.0
2021-06-29,2,0.05055759498854717,0.10111518997709434,1.0
2021-06-30,2,0.06801339078482449,0.13602678156964898,1.0
2021-07-02,1,-0.0538336052202284,-0.0538336052202284,0.0
2021-07-05,2,0.156730845585765,0.31346169117153,1.0
2021-07-06,2,0.05116179893291506,0.10232359786583012,0.5
2021-07-07,1,-0.015495867768595017,-0.015495867768595017,0.0
2021-07-08,1,-0.01610017889087656,-0.01610017889087656,0.0
2021-07-09,2,0.025306893295561905,0.05061378659112381,0.5
2021-07-12,2,0.04702541479880695,0.0940508295976139,1.0
2021-07-13,2,0.0068153828929690685,0.013630765785938137,0.5
2021-07-14,2,-0.010543502115132886,-0.02108700423026577,0.5
2021-07-15,2,0.14010310156782552,0.28020620313565103,0.5
2021-07-16,1,-0.023479188900747072,-0.023479188900747072,0.0
2021-07-19,2,0.06527992264563076,0.13055984529126152,1.0
2021-07-21,2,0.04420610583342266,0.08841221166684532,1.0
2021-07-22,2,0.05578717438362213,0.11157434876724426,0.5
2021-07-23,2,0.01382277189037473,0.02764554378074946,0.5
2021-07-26,2,0.14705160937865835,0.2941032187573167,0.5
2021-07-27,1,0.019178082191780854,0.019178082191780854,1.0
2021-07-28,2,-0.010566822672906928,-0.021133645345813856,0.0
2021-07-30,2,-0.02901116889814448,-0.05802233779628896,0.0
2021-08-02,2,-0.012129380053908345,-0.02425876010781669,0.0
2021-08-03,2,0.00035529069527406865,0.0007105813905481373,0.5
2021-08-04,1,-0.014285714285714235,-0.014285714285714235,0.0
2021-08-05,2,0.021739130434782594,0.04347826086956519,0.5
2021-08-06,1,-0.011286821705426386,-0.011286821705426386,0.0
2021-08-09,2,0.03535982701239804,0.07071965402479607,0.5
2021-08-10,2,-0.00528307517022486,-0.01056615034044972,0.5
2021-08-12,2,0.011466493286085788,0.022932986572171576,0.5
2021-08-13,2,0.05370766488413542,0.10741532976827084,0.5
2021-08-17,2,-0.016320923203736792,-0.032641846407473585,0.0
2021-08-19,2,0.000887587294435721,0.001775174588871442,0.5
2021-08-20,2,0.0732231212343587,0.1464462424687174,0.5
2021-08-23,2,0.07929820085492534,0.15859640170985068,1.0
2021-08-24,2,0.002445084464498537,0.004890168928997074,0.5
2021-08-25,2,-0.0033994334277620553,-0.0067988668555241105,0.0
2021-08-26,2,0.008059873344847479,0.016119746689694958,0.5
2021-08-27,1,-0.011845222426954516,-0.011845222426954516,0.0
2021-08-30,2,0.03865041512100337,0.07730083024200674,0.5
2021-08-31,2,-0.0056526043760734,-0.0113052087521468,0.5
2021-09-02,2,0.004908851306830608,0.009817702613661217,0.5
2021-09-06,1,-0.01132075471698113,-0.01132075471698113,0.0
2021-09-07,2,0.09717854049865537,0.19435708099731075,0.5
2021-09-08,2,0.03280993302161006,0.06561986604322012,1.0
2021-09-09,2,0.06532706070767225,0.1306541214153445,1.0
2021-09-10,1,-0.01666666666666672,-0.01666666666666672,0.0
2021-09-14,1,-0.00471651763781078,-0.00471651763781078,0.0
2021-09-16,2,0.14780559646539027,0.29561119293078053,0.5
2021-09-17,2,0.1686440867677016,0.3372881735354032,1.0
2021-09-23,1,0.0017097670442403068,0.0017097670442403068,0.0
2021-09-24,2,0.07534463151169013,0.15068926302338026,1.0
2021-09-27,1,-0.02156640181611802,-0.02156640181611802,0.0
2021-09-28,2,-0.04661016949152541,-0.09322033898305082,0.0
2021-09-29,2,-0.024238751704287187,-0.048477503408574374,0.0
2021-09-30,2,0.19035801079741,0.38071602159482,1.0
2021-10-01,2,-0.009647450427568038,-0.019294900855136077,0.5
2021-10-05,2,0.05318030395589857,0.10636060791179713,1.0
2021-10-06,2,0.003401430691527818,0.006802861383055636,0.5
2021-10-07,2,-0.005828749185443405,-0.01165749837088681,0.0
2021-10-08,2,-0.010181338423534692,-0.020362676847069383,0.5
2021-10-12,2,0.021580086580086588,0.043160173160173176,1.0
2021-10-13,2,0.01583448868407178,0.03166897736814356,0.5
2021-10-14,2,0.002873563218390829,0.005747126436781658,0.5
2021-10-15,2,-0.0011008279554273193,-0.0022016559108546385,0.5
2021-10-18,2,0.03573869586209921,0.07147739172419842,0.5
2021-10-19,1,0.038895859473023764,0.038895859473023764,1.0
2021-10-20,1,0.07246376811594213,0.07246376811594213,1.0
2021-10-21,2,-0.027038294324340406,-0.05407658864868081,0.0
2021-10-25,2,-0.0223706585845595,-0.044741317169119,0.0
2021-10-26,2,0.009619541720709002,0.019239083441418003,0.5
2021-10-27,2,-0.03280922431865835,-0.0656184486373167,0.5
2021-10-28,2,0.020875687634537177,0.04175137526907435,1.0
2021-10-29,2,0.0010800995570026672,0.0021601991140053345,0.5
2021-11-01,1,-0.029715762273901825,-0.029715762273901825,0.0
2021-11-02,2,0.050502781343602976,0.10100556268720595,1.0
2021-11-03,1,-0.005671077504725952,-0.005671077504725952,0.0
2021-11-04,1,0.17518248175182483,0.17518248175182483,1.0
2021-11-05,2,-0.012871287128712883,-0.025742574257425765,0.0
2021-11-08,2,0.19851416310041836,0.3970283262008367,1.0
2021-11-09,2,0.032105012396438926,0.06421002479287785,1.0
2021-11-10,1,0.29933481152993346,0.29933481152993346,1.0
2021-11-11,2,0.0639577564556636,0.1279155129113272,1.0
2021-11-12,2,0.17295103908113107,0.34590207816226215,1.0
2021-11-15,2,-0.06211930011891187,-0.12423860023782374,0.0
2021-11-16,1,-0.02915291529152919,-0.02915291529152919,0.0
2021-11-17,1,0.011792512131955535,0.011792512131955535,1.0
2021-11-18,2,0.09434964464776419,0.18869928929552837,1.0
2021-11-19,2,0.010610079575596787,0.021220159151193574,0.5
2021-11-22,2,0.00793158652343151,0.01586317304686302,0.5
2021-11-23,2,0.0,0.0,0.0
2021-11-24,2,0.029120167397369445,0.05824033479473889,0.5
2021-11-25,1,-0.010714285714285676,-0.010714285714285676,0.0
2021-11-26,2,-0.01697492625368735,-0.0339498525073747,0.0
2021-11-30,2,-0.004485465939668587,-0.008970931879337174,0.0
2021-12-01,2,-0.018604267817538822,-0.037208535635077644,0.0
2021-12-03,2,0.0037430642563092698,0.0074861285126185395,0.5
2021-12-06,2,0.011483512313588518,0.022967024627177035,0.5
2021-12-07,2,0.05901001974300407,0.11802003948600814,0.5
2021-12-08,1,0.0117056856187292,0.0117056856187292,1.0
2021-12-09,1,-0.0852713178294574,-0.0852713178294574,0.0
2021-12-10,2,0.01762702985856468,0.03525405971712936,0.5
2021-12-13,2,-0.005272407732864692,-0.010544815465729385,0.0
2021-12-14,1,0.011627906976744207,0.011627906976744207,1.0
2021-12-15,2,0.15925243108435838,0.31850486216871676,1.0
2021-12-16,2,0.09000280121353887,0.18000560242707775,0.5
2021-12-17,1,0.01280539174389217,0.01280539174389217,1.0
2021-12-20,1,0.0,0.0,0.0
2021-12-21,2,0.0014479638009050055,0.002895927601810011,0.5
2021-12-22,2,0.07935047431444708,0.15870094862889417,1.0
2021-12-23,2,-0.022363396004700387,-0.04472679200940077,0.5
2021-12-24,2,-0.0029417241562771923,-0.005883448312554385,0.5
2021-12-27,2,-0.0034507446924164076,-0.006901489384832815,0.5
2021-12-29,2,-0.042991636262775024,-0.08598327252555005,0.5
2021-12-30,2,0.0,0.0,0.0
2022-01-03,2,0.1434451977608719,0.2868903955217438,0.5
2022-01-04,2,0.17563319561702884,0.3512663912340577,1.0
2022-01-05,2,-0.4297782470960929,-0.8595564941921858,0.5
2022-01-06,1,0.15003061849357002,0.15003061849357002,1.0
2022-01-07,1,-0.007981755986317007,-0.007981755986317007,0.0
2022-01-10,1,-0.01872659176029967,-0.01872659176029967,0.0
2022-01-12,2,0.055266482667375216,0.11053296533475043,1.0
2022-01-13,1,0.03208556149732611,0.03208556149732611,1.0
2022-01-14,1,0.02892561983471076,0.02892561983471076,1.0
2022-01-17,1,-0.007757307106247446,-0.007757307106247446,0.0
2022-01-18,1,-0.046692607003890996,-0.046692607003890996,0.0
2022-01-19,1,0.011198208286674172,0.011198208286674172,1.0
2022-01-20,2,0.0164106145251397,0.0328212290502794,0.5
2022-01-21,1,0.0,0.0,0.0
2022-01-24,2,0.0040524596115447675,0.008104919223089535,0.5
2022-01-25,1,-0.013698630136986356,-0.013698630136986356,0.0
2022-01-26,2,-0.022365944240944235,-0.04473188848188847,0.0
2022-01-27,2,0.0020452211449757396,0.004090442289951479,0.5
2022-01-28,2,0.1688493703432129,0.3376987406864258,1.0
2022-02-03,2,0.08308266149078325,0.1661653229815665,1.0
2022-02-04,2,0.007009345794392496,0.014018691588784993,0.5
2022-02-07,2,-0.0026535716464344272,-0.0053071432928688544,0.0
2022-02-09,2,0.01754385964912286,0.03508771929824572,0.5
2022-02-10,2,-0.025925925925925963,-0.05185185185185193,0.0
2022-02-11,2,0.18344226579520695,0.3668845315904139,1.0
2022-02-14,2,-0.022111519858300954,-0.04422303971660191,0.5
2022-02-15,2,-0.023127888385132633,-0.04625577677026527,0.0
2022-02-17,2,-0.02476092896174864,-0.04952185792349728,0.0
2022-02-22,1,-0.02535657686212356,-0.02535657686212356,0.0
2022-02-23,2,0.12340423309166126,0.24680846618332253,1.0
2022-02-24,2,-0.06318669384740933,-0.12637338769481865,0.0
2022-02-25,2,0.07509881422924902,0.15019762845849804,0.5
2022-02-28,2,0.026119210535364257,0.052238421070728513,1.0
2022-03-03,1,0.003947368421052699,0.003947368421052699,0.0
2022-03-07,2,0.06829519360202707,0.13659038720405414,0.5
2022-03-08,2,-0.027518062048448755,-0.05503612409689751,0.0
2022-03-10,1,0.015419277617404692,0.015419277617404692,1.0
2022-03-11,2,0.04987757981519403,0.09975515963038806,1.0
2022-03-14,2,0.03414099805845627,0.06828199611691255,1.0
2022-03-15,2,0.2969432827865157,0.5938865655730314,1.0
2022-03-16,2,0.06807500339865225,0.1361500067973045,0.5
2022-03-17,2,0.0005252616490269979,0.0010505232980539958,0.0
2022-03-18,2,0.0006096409804600134,0.0012192819609200267,0.0
2022-03-21,1,-0.08412637990102778,-0.08412637990102778,0.0
2022-03-22,2,0.08542852366311227,0.17085704732622453,0.5
2022-03-23,2,0.020187597223189524,0.04037519444637905,0.5
2022-03-24,2,0.025324063871135727,0.050648127742271454,0.5
2022-03-25,2,0.021591808006378166,0.04318361601275633,0.5
2022-03-28,2,-0.007508116883116922,-0.015016233766233844,0.5
2022-03-30,1,0.2987012987012987,0.2987012987012987,1.0
2022-03-31,2,-0.027016953000832566,-0.05403390600166513,0.0
2022-04-01,2,0.29811386444011456,0.5962277288802291,1.0
2022-04-04,2,-0.1083044182280824,-0.2166088364561648,0.5
2022-04-06,2,-0.025120597393528732,-0.050241194787057464,0.0
2022-04-07,2,0.03650793650793649,0.07301587301587298,0.5
2022-04-14,1,0.04490500863557867,0.04490500863557867,1.0
2022-04-15,2,0.06196581196581197,0.12393162393162394,0.5
2022-04-18,1,0.13486842105263164,0.13486842105263164,1.0
2022-04-20,2,0.013719806312163185,0.02743961262432637,0.5
2022-04-21,2,-0.031701892981714774,-0.06340378596342955,0.0
2022-04-25,2,0.08442746425978837,0.16885492851957673,0.5
2022-04-26,2,0.053323677389846,0.106647354779692,1.0
2022-04-27,2,0.14999193808448885,0.2999838761689777,0.5
2022-04-28,2,-0.011278195488721832,-0.022556390977443663,0.0
2022-04-29,1,-0.02016985138004246,-0.02016985138004246,0.0
2022-05-02,1,0.011004126547455195,0.011004126547455195,1.0
2022-05-03,2,-0.0006603148259652913,-0.0013206296519305827,0.5
2022-05-04,2,-0.0044444444444444176,-0.008888888888888835,0.0
2022-05-06,2,0.1373992251010635,0.274798450202127,0.5
2022-05-09,2,0.09393329456914079,0.18786658913828158,1.0
2022-05-10,2,-0.005617455407557093,-0.011234910815114185,0.5
2022-05-11,1,-0.00881834215167554,-0.00881834215167554,0.0
2022-05-13,2,0.03370549866036954,0.06741099732073907,0.5
2022-05-16,1,0.012777777777777777,0.012777777777777777,1.0
2022-05-17,2,0.0050783572178444425,0.010156714435688885,0.5
2022-05-18,2,0.045042865044247815,0.09008573008849563,1.0
2022-05-19,2,0.024394037657455403,0.048788075314910806,1.0
2022-05-20,2,-0.013455090464410457,-0.026910180928820915,0.0
2022-05-23,2,0.00495922369181423,0.00991844738362846,0.5
2022-05-24,2,0.014833527659023182,0.029667055318046365,0.5
2022-05-25,2,-0.012192742879438223,-0.024385485758876446,0.5
2022-05-26,2,0.02864382617948169,0.05728765235896338,1.0
2022-05-27,2,0.0038461538461538325,0.007692307692307665,0.5
2022-05-30,1,0.0399717846226193,0.0399717846226193,1.0
2022-05-31,2,0.014142937959645496,0.028285875919290993,0.5
2022-06-02,2,0.023357000749736734,0.04671400149947347,0.5
2022-06-03,2,0.011406249999999951,0.022812499999999902,1.0
2022-06-07,1,0.0311023622047244,0.0311023622047244,1.0
2022-06-09,2,-0.00268878231504871,-0.00537756463009742,0.5
2022-06-15,2,0.05825316144042508,0.11650632288085017,0.5
2022-06-16,2,-0.02787445100711794,-0.05574890201423588,0.0
2022-06-17,1,0.0035756853396902155,0.0035756853396902155,0.0
2022-06-20,2,0.11681380919020834,0.23362761838041668,1.0
2022-06-21,2,0.015816705569146383,0.031633411138292766,1.0
2022-06-22,2,-0.013565396378181493,-0.027130792756362987,0.0
2022-06-23,2,-0.010277927477095994,-0.020555854954191988,0.0
2022-06-24,2,0.010706427389075124,0.021412854778150248,0.5
2022-06-27,2,0.015915013744222994,0.03183002748844599,1.0
2022-06-28,2,-0.017025538307461174,-0.03405107661492235,0.0
2022-06-29,2,-0.002365528618030799,-0.004731057236061598,0.0
2022-06-30,2,0.013357981298494637,0.026715962596989273,0.5
2022-07-01,2,0.008861283643892326,0.017722567287784652,0.5
2022-07-04,2,-0.020933977455716568,-0.041867954911433136,0.0
2022-07-05,2,0.1606481481481481,0.3212962962962962,1.0
2022-07-06,2,0.022581367460229262,0.045162734920458525,0.5
2022-07-07,2,0.0006246022579960986,0.0012492045159921972,0.5
2022-07-08,2,0.011878453038674075,0.02375690607734815,0.5
2022-07-11,2,-0.033940397350993357,-0.06788079470198671,0.0
2022-07-12,2,0.007378067722895287,0.014756135445790575,1.0
2022-07-13,2,0.001991834469636855,0.00398366893927371,0.5
2022-07-14,2,0.005581027509710457,0.011162055019420913,0.5
2022-07-18,2,0.020084798026518746,0.04016959605303749,1.0
2022-07-19,2,-0.4816326530612245,-0.963265306122449,0.5
2022-07-20,2,-0.026762827669360945,-0.05352565533872189,0.0
2022-07-21,2,0.0010653490889825368,0.0021306981779650735,0.5
2022-07-25,1,0.04044630404463034,0.04044630404463034,1.0
2022-07-26,2,0.10486794321558268,0.20973588643116536,0.5
2022-07-27,1,0.01449275362318847,0.01449275362318847,1.0
2022-07-29,2,-0.006333571501480062,-0.012667143002960124,0.5
2022-08-01,2,0.02345555599984006,0.04691111199968012,1.0
2022-08-02,1,0.01195219123505975,0.01195219123505975,1.0
2022-08-03,1,0.005769230769230749,0.005769230769230749,1.0
2022-08-04,1,-0.01565217391304352,-0.01565217391304352,0.0
2022-08-05,2,-0.04790940766550522,-0.09581881533101044,0.0
2022-08-08,1,0.005545286506469571,0.005545286506469571,1.0
2022-08-09,1,0.07167235494880542,0.07167235494880542,1.0
2022-08-11,1,0.012605042016806678,0.012605042016806678,1.0
2022-08-18,2,0.02724530005746656,0.05449060011493312,0.5
2022-08-19,2,0.0021763259571477844,0.004352651914295569,0.0
2022-08-24,1,0.021526418786692814,0.021526418786692814,1.0
2022-08-25,1,0.003809523809523707,0.003809523809523707,0.0
2022-08-26,2,-0.0024832610912039477,-0.004966522182407895,0.5
2022-08-30,1,0.014128728414442682,0.014128728414442682,1.0
2022-08-31,1,0.020915032679738488,0.020915032679738488,1.0
2022-09-01,2,0.029363314389259487,0.058726628778518974,0.5
2022-09-02,2,0.14046010926442454,0.2809202185288491,0.5
2022-09-05,2,0.08806087539214047,0.17612175078428094,1.0
2022-09-06,2,0.004457842254235622,0.008915684508471244,0.5
2022-09-07,1,0.018731988472622474,0.018731988472622474,1.0
2022-09-08,1,0.0,0.0,0.0
2022-09-13,2,0.023277538638978246,0.04655507727795649,0.5
2022-09-14,1,0.03862212943632559,0.03862212943632559,1.0
2022-09-15,2,-0.0007598784194529085,-0.001519756838905817,0.0
2022-09-19,1,0.006578947368421018,0.006578947368421018,1.0
2022-09-20,2,0.10607069821793746,0.21214139643587493,1.0
2022-09-21,2,0.21683046683046692,0.43366093366093383,1.0
2022-09-22,2,0.021473577235772368,0.042947154471544735,0.5
2022-09-23,2,-0.019499660231909077,-0.038999320463818155,0.0
2022-09-26,2,0.007251937984496137,0.014503875968992275,0.5
2022-09-27,2,0.012924151997243505,0.02584830399448701,0.5
2022-09-28,2,-0.007236168032786872,-0.014472336065573743,0.5
2022-09-29,2,0.030899158966229523,0.061798317932459046,1.0
2022-09-30,2,0.013802634919920731,0.027605269839841462,0.5
2022-10-04,2,0.02307347670250892,0.04614695340501784,1.0
2022-10-05,2,-0.004719665031976794,-0.009439330063953588,0.0
2022-10-06,2,0.21900912582438226,0.4380182516487645,1.0
2022-10-07,2,0.04063837588691821,0.08127675177383642,1.0
2022-10-11,2,0.053138091802111376,0.10627618360422275,0.5
2022-10-12,2,0.0730785384292314,0.1461570768584628,0.5
2022-10-13,2,0.14131978117950883,0.28263956235901766,1.0
2022-10-14,2,0.045033119615976336,0.09006623923195267,0.5
2022-10-17,1,0.009020618556700999,0.009020618556700999,1.0
2022-10-18,2,-0.006965001000654114,-0.013930002001308228,0.5
2022-10-19,2,0.009208223972003493,0.018416447944006986,0.5
2022-10-20,2,0.010941900750230549,0.021883801500461098,0.5
2022-10-21,2,0.15272692679515398,0.30545385359030797,1.0
2022-10-24,2,0.12446547493866106,0.24893094987732212,0.5
2022-10-25,2,0.0038461538461538325,0.007692307692307665,0.5
2022-10-26,2,0.0,0.0,0.0
2022-10-27,2,-0.02322404371584702,-0.04644808743169404,0.5
2022-10-28,2,0.010498069262040444,0.020996138524080887,1.0
2022-10-31,2,-0.01255273712172511,-0.02510547424345022,0.0
2022-11-01,2,0.018196226415094385,0.03639245283018877,0.5
2022-11-04,2,0.20285531642872368,0.40571063285744735,1.0
2022-11-07,2,0.010883835175538814,0.021767670351077628,0.5
2022-11-08,1,-0.045154185022026394,-0.045154185022026394,0.0
2022-11-09,2,-0.02740513672344047,-0.05481027344688094,0.0
2022-11-10,2,0.05380620189483143,0.10761240378966286,1.0
2022-11-11,2,0.0722157964309319,0.1444315928618638,1.0
2022-11-14,1,0.015559657913574165,0.015559657913574165,1.0
2022-11-15,2,0.01479095729362534,0.02958191458725068,0.5
2022-11-16,2,0.00846491497428703,0.01692982994857406,1.0
2022-11-17,2,0.026331238097965393,0.052662476195930785,0.5
2022-11-18,2,-0.01448399612709228,-0.02896799225418456,0.0
2022-11-21,2,0.013453405973788524,0.026906811947577047,1.0
2022-11-23,1,0.020942408376963373,0.020942408376963373,1.0
2022-11-24,2,-0.013795970266040736,-0.02759194053208147,0.5
2022-11-25,2,0.08279580521515384,0.16559161043030768,1.0
2022-11-28,1,-0.013509862199405531,-0.013509862199405531,0.0
2022-12-01,1,0.03921568627450989,0.03921568627450989,1.0
2022-12-05,2,0.04090808251624334,0.08181616503248668,1.0
2022-12-06,1,0.0888077858880778,0.0888077858880778,1.0
2022-12-07,1,-0.007285974499089298,-0.007285974499089298,0.0
2022-12-08,1,-0.03448275862068961,-0.03448275862068961,0.0
2022-12-09,1,0.29729729729729737,0.29729729729729737,1.0
2022-12-12,2,0.04841954022988504,0.09683908045977008,1.0
2022-12-13,2,0.0032206119162641045,0.006441223832528209,0.5
2022-12-14,2,-0.028300588161681905,-0.05660117632336381,0.0
2022-12-15,2,0.002140166710023761,0.004280333420047522,0.5
2022-12-21,2,-0.0377926960799137,-0.0755853921598274,0.0
2022-12-23,1,-0.017241379310344862,-0.017241379310344862,0.0
2022-12-26,1,-0.040723981900452455,-0.040723981900452455,0.0
2022-12-27,1,0.04761904761904767,0.04761904761904767,1.0
2022-12-28,2,0.029865380929210705,0.05973076185842141,0.5
2022-12-29,2,-0.06154703315071036,-0.12309406630142072,0.0
2023-01-02,2,-0.01566842046759792,-0.03133684093519584,0.0
2023-01-03,2,-0.016395847742576797,-0.032791695485153594,0.0
2023-01-06,1,0.09911054637865302,0.09911054637865302,1.0
2023-01-09,1,0.08613861386138622,0.08613861386138622,1.0
2023-01-12,1,-0.0040431266846361336,-0.0040431266846361336,0.0
2023-01-13,2,0.025070925806219946,0.05014185161243989,0.5
2023-01-16,2,-0.00691534391534393,-0.01383068783068786,0.0
2023-01-19,2,0.002068002035172045,0.00413600407034409,0.5
2023-01-20,2,0.05278389174207221,0.10556778348414442,1.0
2023-01-25,2,0.0217174204126247,0.0434348408252494,1.0
2023-01-26,1,0.023622047244094446,0.023622047244094446,1.0
2023-01-27,1,0.015465841821769466,0.015465841821769466,1.0
2023-01-30,2,-0.018403970712475348,-0.036807941424950696,0.0
2023-01-31,2,0.08275058275058278,0.16550116550116556,0.5
2023-02-01,1,0.01724137931034475,0.01724137931034475,1.0
2023-02-02,2,0.14834971169716937,0.29669942339433875,0.5
2023-02-03,2,-0.005267664119523119,-0.010535328239046238,0.0
2023-02-06,2,0.014095713160298118,0.028191426320596236,1.0
2023-02-07,2,-0.0030767216548834853,-0.0061534433097669705,0.5
2023-02-08,2,0.1294527383588987,0.2589054767177974,1.0
2023-02-09,1,0.12195121951219523,0.12195121951219523,1.0
2023-02-10,2,0.0013077593722754521,0.0026155187445509043,0.0
2023-02-13,1,0.007407407407407307,0.007407407407407307,1.0
2023-02-14,2,0.041888641166931084,0.08377728233386217,0.5
2023-02-15,1,0.005300353356890497,0.005300353356890497,1.0
2023-02-16,2,-0.011103678557495722,-0.022207357114991444,0.0
2023-02-17,1,0.10869565217391308,0.10869565217391308,1.0
2023-02-20,2,-0.037208713272543104,-0.07441742654508621,0.0
2023-02-21,2,0.004069782313969261,0.008139564627938523,0.5
2023-02-22,1,0.07874015748031504,0.07874015748031504,1.0
2023-02-23,2,0.15971911142546524,0.3194382228509305,1.0
2023-02-24,2,-0.012378696246559517,-0.024757392493119035,0.5
2023-02-27,2,0.012796295496740218,0.025592590993480435,1.0
2023-02-28,2,-0.014361930294906178,-0.028723860589812356,0.0
2023-03-02,2,0.024669178016033966,0.04933835603206793,0.5
2023-03-03,2,0.010403585792119141,0.020807171584238282,0.5
2023-03-06,2,-0.020737327188940113,-0.04147465437788023,0.0
2023-03-07,2,0.05835688968074593,0.11671377936149185,1.0
2023-03-08,2,0.039333952511046544,0.07866790502209309,1.0
2023-03-09,2,0.0051309625795162295,0.010261925159032459,0.5
2023-03-10,2,-0.030000000000000027,-0.06000000000000005,0.0
2023-03-13,2,0.02846377408021028,0.05692754816042056,1.0
2023-03-14,2,-0.05204300843403048,-0.10408601686806096,0.0
2023-03-15,2,0.17381312269888127,0.34762624539776255,1.0
2023-03-16,2,0.01757104754897454,0.03514209509794908,0.5
2023-03-17,1,0.29923451635351417,0.29923451635351417,1.0
2023-03-20,2,0.10948353291086921,0.21896706582173842,1.0
2023-03-21,2,0.08547292129433126,0.17094584258866252,1.0
2023-03-22,2,0.003862474159503859,0.007724948319007718,0.5
2023-03-23,2,-0.01021581963176843,-0.02043163926353686,0.0
2023-03-24,2,-0.005779094126995565,-0.01155818825399113,0.5
2023-03-27,2,0.06416875361202079,0.12833750722404158,1.0
2023-03-28,2,-0.031132560373447526,-0.06226512074689505,0.0
2023-03-29,1,-0.016591251885369585,-0.016591251885369585,0.0
2023-03-31,1,0.024154589371980784,0.024154589371980784,1.0
2023-04-03,2,0.08911792622896542,0.17823585245793083,1.0
2023-04-04,2,0.030048912219689583,0.060097824439379166,0.5
2023-04-05,2,0.1594829370134141,0.3189658740268282,1.0
2023-04-06,1,0.012491781722550943,0.012491781722550943,1.0
2023-04-07,2,0.09203908355474572,0.18407816710949143,0.5
2023-04-10,2,0.1392086330935252,0.2784172661870504,0.5
2023-04-11,2,0.11443871214717816,0.2288774242943563,1.0
2023-04-12,2,-0.004790419161676662,-0.009580838323353325,0.0
2023-04-13,1,-0.01289566236811257,-0.01289566236811257,0.0
2023-04-14,2,0.021101166754888157,0.04220233350977631,1.0
2023-04-17,2,0.11630157921548645,0.2326031584309729,1.0
2023-04-18,2,0.11867827260574126,0.23735654521148253,1.0
2023-04-19,2,0.18458679409868395,0.3691735881973679,1.0
2023-04-20,2,0.0038020361421524096,0.007604072284304819,0.5
2023-04-21,2,0.15906724574917763,0.31813449149835527,1.0
2023-04-24,2,0.004912140695800982,0.009824281391601963,0.5
2023-04-25,2,0.05321191830519101,0.10642383661038202,1.0
2023-04-26,2,0.09129661187455917,0.18259322374911835,1.0
2023-04-27,2,0.07800914970815587,0.15601829941631173,0.5
2023-04-28,2,0.06272717797108046,0.12545435594216092,0.5
2023-05-02,2,0.07680265798275832,0.15360531596551663,0.5
2023-05-03,2,0.11380932613809325,0.2276186522761865,1.0
2023-05-04,2,0.0619340095033134,0.1238680190066268,1.0
2023-05-08,1,0.014545454545454639,0.014545454545454639,1.0
2023-05-09,2,0.10416108281961933,0.20832216563923867,1.0
2023-05-10,2,0.01988533503296014,0.03977067006592028,0.5
2023-05-11,2,0.10177440125096293,0.20354880250192586,1.0
2023-05-12,2,0.11312688185146264,0.22625376370292527,0.5
2023-05-15,2,0.2198086148817181,0.4396172297634362,1.0
2023-05-16,2,0.17854297729985524,0.3570859545997105,1.0
2023-05-17,2,-0.004406713643284599,-0.008813427286569198,0.5
2023-05-19,2,0.08520426545109921,0.17040853090219843,0.5
2023-05-22,2,0.12346564642117008,0.24693129284234017,1.0
2023-05-23,2,-0.028498693340542447,-0.056997386681084894,0.5
2023-05-25,1,0.09643062751871034,0.09643062751871034,1.0
2023-05-26,2,0.014779509283819603,0.029559018567639206,0.5
2023-05-30,2,0.09351372522307744,0.18702745044615487,0.5
2023-05-31,2,0.055121232118528596,0.11024246423705719,0.5
2023-06-01,2,-0.0038907428006427214,-0.007781485601285443,0.0
2023-06-02,2,-0.03710980617245796,-0.07421961234491592,0.0
2023-06-05,1,-0.00018642803877699787,-0.00018642803877699787,0.0
2023-06-07,1,-0.015686274509803977,-0.015686274509803977,0.0
2023-06-09,1,0.008275862068965578,0.008275862068965578,1.0
2023-06-12,2,0.06952380952380954,0.1390476190476191,0.5
2023-06-13,2,0.0006314848544556884,0.0012629697089113767,0.5
2023-06-14,2,-0.0363379959162643,-0.0726759918325286,0.0
2023-06-15,2,0.0,0.0,0.0
2023-06-16,2,0.03624946482089342,0.07249892964178684,1.0
2023-06-19,2,0.0735602166393341,0.1471204332786682,1.0
2023-06-20,1,0.23728813559322037,0.23728813559322037,1.0
2023-06-22,2,0.09394927274191112,0.18789854548382223,1.0
2023-06-23,2,-0.029128233300546758,-0.058256466601093515,0.0
2023-06-26,2,-0.005450910755759486,-0.010901821511518972,0.5
2023-06-27,2,0.037384856476703754,0.07476971295340751,1.0
2023-06-28,1,0.015184381778741818,0.015184381778741818,1.0
2023-06-30,2,0.1512640012309543,0.3025280024619086,1.0
2023-07-03,2,0.07844601303719201,0.15689202607438402,1.0
2023-07-04,2,-0.0003074652564259983,-0.0006149305128519966,0.0
2023-07-05,2,-0.013587829935464313,-0.027175659870928626,0.0
2023-07-06,1,0.008152173913043459,0.008152173913043459,1.0
2023-07-07,2,0.15301463755115008,0.30602927510230016,1.0
2023-07-10,2,0.028679757343550438,0.057359514687100877,0.5
2023-07-11,2,0.01840456890198966,0.03680913780397932,0.5
2023-07-12,2,0.019172932330827064,0.03834586466165413,0.5
2023-07-13,2,0.005825800769480416,0.011651601538960832,0.5
2023-07-14,2,-0.02803480318081225,-0.0560696063616245,0.0
2023-07-17,1,-0.00020824656393170216,-0.00020824656393170216,0.0
2023-07-18,1,-0.016682113067655213,-0.016682113067655213,0.0
2023-07-19,1,0.024038461538461453,0.024038461538461453,1.0
2023-07-20,1,0.07558578987150422,0.07558578987150422,1.0
2023-07-24,1,0.0,0.0,0.0
2023-07-26,2,0.09880564603691644,0.19761129207383288,1.0
2023-07-27,2,0.05351170568561869,0.10702341137123739,1.0
2023-07-28,2,0.0011216875376320323,0.0022433750752640647,0.0
2023-08-01,2,0.11026036103864267,0.22052072207728535,0.5
2023-08-02,2,0.026139410187667522,0.052278820375335044,0.5
2023-08-03,2,-0.07577469109976848,-0.15154938219953695,0.0
2023-08-07,2,0.16094155056310544,0.3218831011262109,1.0
2023-08-08,2,0.14941740918437285,0.2988348183687457,0.5
2023-08-09,2,0.02166605549443834,0.04333211098887668,0.5
2023-08-10,2,-0.022847009449880218,-0.045694018899760436,0.5
2023-08-11,2,0.06525633916111617,0.13051267832223234,1.0
2023-08-14,2,0.1863866801105294,0.3727733602210588,1.0
2023-08-16,2,-0.11534269854903806,-0.23068539709807612,0.0
2023-08-17,2,0.01770056084266891,0.03540112168533782,0.5
2023-08-18,2,0.2990420073753407,0.5980840147506814,1.0
2023-08-21,2,-0.018911163895486915,-0.03782232779097383,0.5
2023-08-22,1,0.0,0.0,0.0
2023-08-23,2,-0.03704545454545455,-0.0740909090909091,0.0
2023-08-24,2,-0.027444587359037986,-0.05488917471807597,0.5
2023-08-25,2,0.1393375482710546,0.2786750965421092,1.0
2023-08-28,2,0.1797414207440161,0.3594828414880322,1.0
2023-08-30,1,0.09090909090909083,0.09090909090909083,1.0
2023-09-01,2,0.14513422818791943,0.29026845637583887,0.5
2023-09-04,2,0.017390745576371436,0.03478149115274287,0.5
2023-09-05,1,-0.005042016806722671,-0.005042016806722671,0.0
2023-09-06,2,-0.004231649208780941,-0.008463298417561882,0.0
2023-09-07,2,-0.01578947368421052,-0.03157894736842104,0.0
2023-09-08,1,-0.02046384720327421,-0.02046384720327421,0.0
2023-09-11,1,0.03915662650602414,0.03915662650602414,1.0
2023-09-12,2,-0.00893092288153946,-0.01786184576307892,0.5
2023-09-13,2,-0.018810679611650505,-0.03762135922330101,0.0
2023-09-14,2,0.0012080536912751905,0.002416107382550381,0.0
2023-09-15,1,-0.03143758266354668,-0.03143758266354668,0.0
2023-09-18,2,0.12992364175948745,0.2598472835189749,1.0
2023-09-19,2,-0.002850976003855421,-0.005701952007710842,0.5
2023-09-20,2,0.05490552612854771,0.10981105225709542,1.0
2023-09-21,2,0.06671630937897671,0.13343261875795343,0.5
2023-09-22,2,0.053076043301327314,0.10615208660265463,1.0
2023-09-25,2,0.08876505801745971,0.17753011603491942,1.0
2023-09-26,2,-0.014049586776859524,-0.028099173553719048,0.0
2023-09-27,2,0.020710038764502225,0.04142007752900445,0.5
2023-10-04,1,0.0,0.0,0.0
2023-10-05,1,-0.01151631477927062,-0.01151631477927062,0.0
2023-10-11,2,0.07051274989495088,0.14102549978990175,0.5
2023-10-12,2,0.00243437808726249,0.00486875617452498,0.5
2023-10-13,2,0.1673338987842804,0.3346677975685608,1.0
2023-10-16,2,0.15777321152414225,0.3155464230482845,1.0
2023-10-17,2,0.0031682302432818887,0.0063364604865637775,0.5
2023-10-19,2,0.056152513886326805,0.11230502777265361,1.0
2023-10-20,2,0.024625706410008275,0.04925141282001655,0.5
2023-10-23,2,0.20443482148688086,0.4088696429737617,1.0
2023-10-24,2,0.016256063495419637,0.032512126990839274,1.0
2023-10-25,1,-0.03629469122426865,-0.03629469122426865,0.0
2023-10-26,2,0.02361515474978526,0.04723030949957052,0.5
2023-10-27,2,-0.04323858683025911,-0.08647717366051821,0.0
2023-10-30,2,0.019208901884340435,0.03841780376868087,1.0
2023-10-31,2,0.10706956377584564,0.2141391275516913,1.0
2023-11-01,2,0.06722090261282665,0.1344418052256533,0.5
2023-11-02,2,-0.00934661076170512,-0.01869322152341024,0.0
2023-11-03,2,-0.005669670465588861,-0.011339340931177722,0.5
2023-11-06,1,0.0,0.0,0.0
2023-11-07,2,0.06925321901989945,0.1385064380397989,1.0
2023-11-08,2,-0.010748243075651032,-0.021496486151302063,0.5
2023-11-09,2,0.02049381444791798,0.04098762889583596,1.0
2023-11-10,2,0.009492703557146764,0.01898540711429353,0.5
2023-11-13,1,0.050609066934572455,0.050609066934572455,1.0
2023-11-14,2,0.0038466832532372264,0.007693366506474453,0.5
2023-11-15,1,0.00833965125094771,0.00833965125094771,1.0
2023-11-16,2,0.048866742394661156,0.09773348478932231,1.0
2023-11-17,2,0.11344897836077072,0.22689795672154145,1.0
2023-11-20,1,-0.0380859375,-0.0380859375,0.0
2023-11-21,2,0.03402611880872747,0.06805223761745494,0.5
2023-11-22,2,-0.042820867864241885,-0.08564173572848377,0.0
2023-11-23,2,0.013073820232740785,0.02614764046548157,0.5
2023-11-24,2,-0.016407743440129408,-0.032815486880258815,0.0
2023-11-27,2,0.00538301706384231,0.01076603412768462,0.5
2023-11-28,2,0.04229064812425465,0.0845812962485093,1.0
2023-11-30,1,0.29984051036682624,0.29984051036682624,1.0
2023-12-01,2,0.14263606021644643,0.28527212043289285,0.5
2023-12-04,2,-0.02579666160849775,-0.0515933232169955,0.0
2023-12-05,2,0.0007942160019816513,0.0015884320039633026,0.0
2023-12-06,2,-0.02343681664345354,-0.04687363328690708,0.0
2023-12-07,2,0.10793393547203411,0.21586787094406823,1.0
2023-12-08,2,0.11275179658454598,0.22550359316909196,0.5
2023-12-11,2,0.21070674092143582,0.42141348184287164,1.0
2023-12-12,2,0.04484273955625229,0.08968547911250457,0.5
2023-12-13,2,0.004858537525125217,0.009717075050250434,0.5
2023-12-14,2,0.2075312108701851,0.4150624217403702,1.0
2023-12-15,2,0.006402604449267546,0.012805208898535092,0.5
2023-12-18,2,0.012176010195712572,0.024352020391425144,0.5
2023-12-19,1,0.0662020905923344,0.0662020905923344,1.0
2023-12-20,2,0.13671666113116432,0.27343332226232864,1.0
2023-12-21,2,-0.00805216412615306,-0.01610432825230612,0.5
2023-12-22,2,0.0034602076124568004,0.006920415224913601,0.5
2023-12-26,2,0.16102654569892472,0.32205309139784943,1.0
2023-12-27,2,-0.02881574950044713,-0.05763149900089426,0.0
2023-12-28,2,0.028708349964836177,0.057416699929672355,0.5
2024-01-03,2,0.09853635025034435,0.1970727005006887,1.0
2024-01-05,1,0.003582853486884252,0.003582853486884252,0.0
2024-01-08,2,-0.008542539402062344,-0.017085078804124687,0.5
2024-01-09,2,0.02399277798972599,0.04798555597945198,0.5
2024-01-10,1,0.07320872274143309,0.07320872274143309,1.0
2024-01-11,1,-0.054545454545454564,-0.054545454545454564,0.0
2024-01-12,2,0.1611427297718998,0.3222854595437996,1.0
2024-01-15,2,-0.014281892332789592,-0.028563784665579184,0.0
2024-01-16,1,0.006570302233902758,0.006570302233902758,1.0
2024-01-17,2,0.034183780978084166,0.06836756195616833,1.0
2024-01-18,1,-0.019061583577712593,-0.019061583577712593,0.0
2024-01-19,2,0.08856412018400528,0.17712824036801056,1.0
2024-01-22,1,-0.010059171597633143,-0.010059171597633143,0.0
2024-01-23,2,0.014876124278972891,0.029752248557945782,0.5
2024-01-24,2,-0.03864358678770996,-0.07728717357541992,0.0
2024-01-25,1,-0.017199017199017175,-0.017199017199017175,0.0
2024-01-26,2,0.03598051791125234,0.07196103582250468,1.0
2024-01-29,2,-0.01661466211978263,-0.03322932423956526,0.5
2024-01-31,1,0.0858704137392663,0.0858704137392663,1.0
2024-02-01,2,0.13272311212814647,0.26544622425629294,1.0
2024-02-02,2,0.035166494649356284,0.07033298929871257,1.0
2024-02-05,1,0.2006980802792322,0.2006980802792322,1.0
2024-02-06,1,-0.006454781449519387,-0.006454781449519387,0.0
2024-02-07,2,0.002467398139387289,0.004934796278774578,0.5
2024-02-13,2,0.1394706162295004,0.2789412324590008,1.0
2024-02-14,1,0.1754143646408839,0.1754143646408839,1.0
2024-02-15,2,-0.041133334112632036,-0.08226666822526407,0.0
2024-02-16,1,0.00932400932400923,0.00932400932400923,1.0
2024-02-19,2,0.07196236293588854,0.14392472587177707,1.0
2024-02-20,1,0.09517241379310337,0.09517241379310337,1.0
2024-02-21,2,0.22679692951849262,0.45359385903698524,1.0
2024-02-22,1,0.01941747572815533,0.01941747572815533,1.0
2024-02-23,2,-0.04631444181776323,-0.09262888363552646,0.0
2024-02-26,1,0.10427807486631013,0.10427807486631013,1.0
2024-02-27,2,0.05465774010114771,0.10931548020229542,0.5
2024-02-29,2,0.013068265351127928,0.026136530702255856,0.5
2024-03-05,1,0.13598901098901095,0.13598901098901095,1.0
2024-03-07,2,0.16037430717887646,0.3207486143577529,1.0
2024-03-08,2,0.002529510961214121,0.005059021922428242,0.5
2024-03-11,1,-0.017664376840039298,-0.017664376840039298,0.0
2024-03-12,2,0.23469207824875082,0.46938415649750165,1.0
2024-03-13,2,0.08331465710443742,0.16662931420887483,1.0
2024-03-14,1,0.16480446927374293,0.16480446927374293,1.0
2024-03-15,1,0.03283340089177145,0.03283340089177145,1.0
2024-03-18,2,0.05523983623541884,0.11047967247083768,1.0
2024-03-19,1,0.15403422982885084,0.15403422982885084,1.0
2024-03-20,2,0.0280994276928333,0.0561988553856666,0.5
2024-03-21,2,-0.04454044091932796,-0.08908088183865592,0.0
2024-03-22,2,0.004670168046278511,0.009340336092557022,0.5
2024-03-25,2,0.05161102689153663,0.10322205378307325,1.0
2024-03-26,1,0.005698005698005604,0.005698005698005604,1.0
2024-03-27,1,0.0,0.0,0.0
2024-03-29,1,-0.0031999999999999806,-0.0031999999999999806,0.0
2024-04-02,1,0.09589041095890405,0.09589041095890405,1.0
2024-04-03,1,0.062062937062937085,0.062062937062937085,1.0
2024-04-04,1,0.0697278911564625,0.0697278911564625,1.0
2024-04-08,2,-0.057100521574205754,-0.11420104314841151,0.0
2024-04-09,2,0.0078125,0.015625,0.5
2024-04-11,1,-0.015113350125944613,-0.015113350125944613,0.0
2024-04-15,1,0.06103286384976525,0.06103286384976525,1.0
2024-04-16,1,0.05084745762711873,0.05084745762711873,1.0
2024-04-17,1,-0.02051282051282055,-0.02051282051282055,0.0
2024-04-22,1,0.09411764705882364,0.09411764705882364,1.0
2024-04-30,1,0.30000000000000004,0.30000000000000004,1.0
2024-05-08,2,0.05143442951192556,0.10286885902385112,1.0
2024-05-09,2,0.0627182855612971,0.1254365711225942,1.0
2024-05-10,2,-0.0020070838252655987,-0.004014167650531197,0.5
2024-05-13,1,0.004854368932038833,0.004854368932038833,0.0
2024-05-14,1,0.0,0.0,0.0
2024-05-16,2,0.08571341829028567,0.17142683658057134,1.0
2024-05-21,1,0.0072202166064982976,0.0072202166064982976,1.0
2024-05-23,1,0.024958402662229595,0.024958402662229595,1.0
2024-05-24,1,0.1696832579185521,0.1696832579185521,1.0
2024-05-28,2,0.07713867174046485,0.1542773434809297,1.0
2024-06-03,2,0.14676982300299285,0.2935396460059857,0.5
2024-06-04,2,0.08431368698077257,0.16862737396154515,0.5
2024-06-05,2,0.04101800976800973,0.08203601953601947,0.5
2024-06-07,2,0.013717910872473316,0.02743582174494663,0.5
2024-06-13,1,0.028919330289193246,0.028919330289193246,1.0
2024-06-14,1,0.03053435114503822,0.03053435114503822,1.0
2024-06-17,2,0.1429873454898355,0.285974690979671,1.0
2024-06-18,2,0.025919498549523357,0.05183899709904671,0.5
2024-06-20,2,0.08767981563833427,0.17535963127666854,1.0
2024-06-21,1,0.04347826086956519,0.04347826086956519,1.0
2024-06-24,1,0.02237762237762242,0.02237762237762242,1.0
2024-06-25,2,0.021686755028764382,0.043373510057528764,1.0
2024-06-27,1,0.0,0.0,0.0
2024-06-28,1,0.031347339121214235,0.031347339121214235,1.0
2024-07-01,1,0.13978861234231155,0.13978861234231155,1.0
2024-07-02,2,0.025745592530218075,0.05149118506043615,0.5
2024-07-03,2,0.05427958229226726,0.10855916458453452,1.0
2024-07-04,1,0.007194244604316502,0.007194244604316502,1.0
2024-07-05,1,0.13752913752913742,0.13752913752913742,1.0
2024-07-08,1,0.2991817251960449,0.2991817251960449,1.0
2024-07-09,1,0.2996982023356516,0.2996982023356516,1.0
2024-07-11,1,0.009122807017543755,0.009122807017543755,1.0
2024-07-12,2,0.011469158868111284,0.02293831773622257,0.5
2024-07-15,1,-0.02373068432671077,-0.02373068432671077,0.0
2024-07-16,2,-0.011430693541572945,-0.02286138708314589,0.5
2024-07-17,1,0.028037383177569986,0.028037383177569986,1.0
2024-07-18,1,0.09771796372147445,0.09771796372147445,1.0
2024-07-19,1,0.17894736842105252,0.17894736842105252,1.0
2024-07-22,1,0.003479471120389599,0.003479471120389599,0.0
2024-07-24,2,0.1018202502844141,0.2036405005688282,0.5
2024-07-25,1,0.1823220536756125,0.1823220536756125,1.0
2024-07-26,2,0.18682356365072628,0.37364712730145255,1.0
2024-07-29,2,0.010864801970473126,0.02172960394094625,1.0
2024-07-31,2,-0.014024950720202378,-0.028049901440404756,0.0
2024-08-01,1,0.11203585147247108,0.11203585147247108,1.0
2024-08-07,2,0.14801954015399355,0.2960390803079871,1.0
2024-08-08,2,0.13434436162009333,0.26868872324018667,1.0
2024-08-09,2,-0.0007817947645181733,-0.0015635895290363466,0.5
2024-08-12,2,0.02280786980811267,0.04561573961622534,0.5
2024-08-13,2,0.11092101156203726,0.22184202312407453,0.5
2024-08-14,1,0.09930069930069929,0.09930069930069929,1.0
2024-08-16,2,0.012621384297520688,0.025242768595041376,0.5
2024-08-19,2,0.20383952441255104,0.4076790488251021,1.0
2024-08-20,2,0.05926217523338201,0.11852435046676402,0.5
2024-08-21,1,0.005208333333333259,0.005208333333333259,1.0
2024-08-23,2,-0.001222769977286764,-0.002445539954573528,0.5
2024-08-27,2,0.1393592371446395,0.278718474289279,0.5
2024-08-28,2,0.1625799290673634,0.3251598581347268,1.0
2024-08-29,2,0.06551428370912982,0.13102856741825963,0.5
2024-09-03,2,0.09869201499636282,0.19738402999272564,0.5
2024-09-04,1,0.11889596602972397,0.11889596602972397,1.0
2024-09-06,2,0.009164360819037043,0.018328721638074086,0.5
2024-09-09,2,0.005250690880378994,0.010501381760757988,0.5
2024-09-10,1,0.02216066481994461,0.02216066481994461,1.0
2024-09-11,2,0.14747453695922558,0.29494907391845115,0.5
2024-09-12,1,0.2959558823529411,0.2959558823529411,1.0
2024-09-13,1,0.042483660130719025,0.042483660130719025,1.0
2024-09-19,2,0.2678537437994809,0.5357074875989618,1.0
2024-09-20,1,-0.03056768558951961,-0.03056768558951961,0.0
2024-09-24,1,0.19309262166405028,0.19309262166405028,1.0
2024-09-25,2,0.030425689806381995,0.06085137961276399,0.5
2024-09-26,1,0.041617122473246226,0.041617122473246226,1.0
2024-10-02,1,0.0,0.0,0.0
2024-10-08,1,0.16412213740458026,0.16412213740458026,1.0
2024-10-10,2,0.05133977799014933,0.10267955598029865,1.0
2024-10-11,1,0.16903914590747338,0.16903914590747338,1.0
2024-10-14,2,-0.035526315789473684,-0.07105263157894737,0.0
2024-10-17,1,-0.022328548644338087,-0.022328548644338087,0.0
2024-10-18,1,-0.0411946446961895,-0.0411946446961895,0.0
2024-10-22,2,0.07748070043306343,0.15496140086612686,1.0
2024-10-24,2,-0.0015778843726332314,-0.003155768745266463,0.5
2024-10-28,1,0.026465028355387554,0.026465028355387554,1.0
2024-10-29,2,0.04059293216037552,0.08118586432075103,1.0
2024-10-30,1,-0.051823416506717845,-0.051823416506717845,0.0
2024-11-01,1,0.005677210056772131,0.005677210056772131,1.0
2024-11-04,2,0.03286257634681333,0.06572515269362667,0.5
2024-11-05,2,0.17315693605598692,0.34631387211197384,1.0
2024-11-06,1,0.029818181818181744,0.029818181818181744,1.0
2024-11-07,2,0.06749950816446981,0.13499901632893962,1.0
2024-11-11,2,0.050933027734310465,0.10186605546862093,0.5
2024-11-12,2,0.14037504561790204,0.2807500912358041,1.0
2024-11-13,1,-0.008571428571428563,-0.008571428571428563,0.0
2024-11-14,2,0.18897236267524709,0.37794472535049417,1.0
2024-11-15,1,0.30000000000000004,0.30000000000000004,1.0
2024-11-18,2,0.19733093417303949,0.39466186834607897,1.0
2024-11-19,2,0.1459117983963345,0.291823596792669,0.5
2024-11-20,2,0.2441791047539008,0.4883582095078016,1.0
2024-11-21,1,-0.002105263157894721,-0.002105263157894721,0.0
2024-11-25,1,-0.030989272943980906,-0.030989272943980906,0.0
2024-11-26,2,0.004492206552488165,0.00898441310497633,0.5
2024-11-27,2,-0.0455212926576577,-0.0910425853153154,0.0
2024-11-28,1,0.04988123515439424,0.04988123515439424,1.0
2024-12-02,1,0.024503311258278204,0.024503311258278204,1.0
2024-12-03,2,-0.03771508603441376,-0.07543017206882752,0.0
2024-12-04,2,0.019104803493449785,0.03820960698689957,0.5
2024-12-05,2,0.15066935753441568,0.30133871506883136,1.0
2024-12-06,2,0.05439235811626708,0.10878471623253416,1.0
2024-12-09,2,0.12073856041406006,0.24147712082812012,1.0
2024-12-10,2,0.221629273019045,0.44325854603809,1.0
2024-12-11,2,0.12960893549620406,0.2592178709924081,0.5
2024-12-12,2,0.19867072151743037,0.39734144303486074,1.0
2024-12-13,2,-0.021097446497823857,-0.042194892995647715,0.5
2024-12-16,2,0.08990958812367444,0.1798191762473489,1.0
2024-12-17,2,0.02769194977789735,0.0553838995557947,1.0
2024-12-18,2,0.2283898305084746,0.4567796610169492,1.0
2024-12-19,2,-0.0706051984999354,-0.1412103969998708,0.5
2024-12-23,2,0.06043956043956045,0.1208791208791209,1.0
2024-12-24,1,0.07692307692307687,0.07692307692307687,1.0
2024-12-27,2,0.04469696969696968,0.08939393939393936,0.5
2024-12-30,2,-0.0158906051155962,-0.0317812102311924,0.0
2025-01-02,2,0.002000363702491348,0.004000727404982696,0.5
2025-01-03,2,0.029353547657371526,0.05870709531474305,1.0
2025-01-06,2,0.012971782965674528,0.025943565931349055,0.5
2025-01-07,2,0.056866952789699554,0.11373390557939911,0.5
2025-01-08,2,0.16776529564333098,0.33553059128666196,1.0
2025-01-09,2,0.03614457831325302,0.07228915662650603,0.5
2025-01-10,1,-0.013850415512465353,-0.013850415512465353,0.0
2025-01-13,2,0.02135724852071008,0.04271449704142016,1.0
2025-01-16,2,0.14022866572371523,0.28045733144743046,0.5
2025-01-17,2,0.005113636363636376,0.010227272727272751,0.5
2025-01-20,2,0.08291743784974936,0.16583487569949873,1.0
2025-01-21,1,-0.004761904761904745,-0.004761904761904745,0.0
2025-01-22,2,0.047586971038353965,0.09517394207670793,1.0
2025-01-23,2,0.02866061107608242,0.05732122215216484,1.0
2025-01-24,2,-0.008335260561208757,-0.016670521122417514,0.0
2025-01-31,1,0.008714596949890963,0.008714596949890963,1.0
2025-02-03,2,0.15090415913200728,0.30180831826401455,0.5
2025-02-04,1,-0.045787545787545736,-0.045787545787545736,0.0
2025-02-05,2,-0.001645731112569826,-0.003291462225139652,0.5
2025-02-06,1,-0.003079291762894565,-0.003079291762894565,0.0
2025-02-07,2,-0.0031426467216205123,-0.006285293443241025,0.0
2025-02-10,2,-0.04505522421029384,-0.09011044842058769,0.0
2025-02-11,2,0.0,0.0,0.0
2025-02-12,2,0.036647013117601324,0.07329402623520265,0.5
2025-02-13,2,-0.007168458781362019,-0.014336917562724039,0.0
2025-02-14,2,0.0013670597469584989,0.0027341194939169977,0.0
2025-02-17,2,0.13368033227165788,0.26736066454331575,0.5
2025-02-18,2,0.11589118198874304,0.23178236397748608,1.0
2025-02-19,2,0.017157503912470784,0.03431500782494157,0.5
2025-02-20,2,0.046183154670750404,0.09236630934150081,0.5
2025-02-21,2,-0.014843384759233302,-0.029686769518466605,0.0
2025-02-24,2,0.12751307616868257,0.25502615233736514,1.0
2025-02-25,2,0.0543621700879765,0.108724340175953,1.0
2025-02-26,2,0.03398247322297954,0.06796494644595907,0.5
2025-02-27,2,0.02174232767918427,0.04348465535836854,1.0
2025-02-28,2,0.01180573440195809,0.02361146880391618,0.5
2025-03-04,2,-0.02316545347235882,-0.04633090694471764,0.0
2025-03-05,1,0.02094818081587646,0.02094818081587646,1.0
2025-03-06,2,0.021031652064093465,0.04206330412818693,0.5
2025-03-07,2,0.02700833613696685,0.0540166722739337,1.0
2025-03-10,2,0.10317460317460314,0.20634920634920628,0.5
2025-03-11,1,0.02818627450980382,0.02818627450980382,1.0
2025-03-12,2,-0.0034337548899218695,-0.006867509779843739,0.0
2025-03-13,1,0.0045977011494253706,0.0045977011494253706,0.0
2025-03-14,2,0.0283094859565447,0.0566189719130894,1.0
2025-03-17,2,0.04394864385803976,0.08789728771607952,1.0
2025-03-18,2,0.04119582945013972,0.08239165890027944,0.5
2025-03-19,2,0.06294516652093074,0.12589033304186148,1.0
2025-03-20,2,0.04938271604938271,0.09876543209876543,0.5
2025-03-21,2,0.05086673652956075,0.1017334730591215,1.0
2025-03-24,2,0.027822748242707307,0.055645496485414614,0.5
2025-03-25,2,0.003947368421052588,0.007894736842105177,0.5
2025-03-26,2,0.00751454427925019,0.01502908855850038,0.5
2025-03-27,2,0.1104943029141583,0.2209886058283166,1.0
2025-03-28,2,0.2630467843359201,0.5260935686718402,1.0
2025-03-31,2,0.20999036981147334,0.4199807396229467,1.0
2025-04-01,2,0.07538270197229735,0.1507654039445947,1.0
2025-04-02,2,0.1610817594526065,0.322163518905213,1.0
2025-04-03,2,0.1696865511170974,0.3393731022341948,1.0
2025-04-04,2,0.19031233931624947,0.38062467863249894,1.0
2025-04-07,2,0.29921672657238074,0.5984334531447615,1.0
2025-04-08,2,0.0416256884343037,0.0832513768686074,1.0
2025-04-09,2,0.13310173697270478,0.26620347394540955,0.5
2025-04-10,2,0.1631857097191144,0.3263714194382288,1.0
2025-04-11,2,0.2027345451665281,0.4054690903330562,1.0
2025-04-14,2,0.14804036549502864,0.2960807309900573,1.0
2025-04-15,2,-0.011059769508545647,-0.022119539017091294,0.5
2025-04-16,2,-0.0011463844797178213,-0.0022927689594356426,0.0
2025-04-17,2,-0.005418882978723394,-0.010837765957446788,0.0
2025-04-18,2,0.24436049770205137,0.48872099540410274,1.0
2025-04-21,2,0.29955547299000806,0.5991109459800161,1.0
2025-04-22,2,0.0012549229228490666,0.002509845845698133,0.5
2025-04-23,2,0.2989303021602763,0.5978606043205525,1.0
2025-04-24,2,0.1988363561659916,0.3976727123319832,1.0
2025-04-25,2,0.13476708172208562,0.26953416344417125,0.5
2025-04-28,2,0.21577733649349817,0.43155467298699635,1.0
2025-04-29,2,0.19394144807937908,0.38788289615875815,1.0
2025-04-30,2,0.15362318840579714,0.3072463768115943,1.0
2025-05-02,2,0.00588235294117645,0.0117647058823529,0.5
2025-05-07,2,0.031511842249411504,0.06302368449882301,1.0
2025-05-08,2,0.07712760274777519,0.15425520549555038,1.0
2025-05-09,2,0.2921446384039901,0.5842892768079802,1.0
2025-05-12,2,0.10862178971894765,0.2172435794378953,1.0
2025-05-13,2,0.11886836306985848,0.23773672613971697,1.0
2025-05-14,2,0.23978327493358964,0.4795665498671793,1.0
2025-05-15,2,0.17403626284790397,0.34807252569580793,1.0
2025-05-16,2,0.006580084044687129,0.013160168089374258,0.5
2025-05-19,2,0.03145917001338688,0.06291834002677377,0.5
2025-05-20,1,0.0,0.0,0.0
2025-05-21,2,0.10384833420547712,0.20769666841095424,1.0
2025-05-22,2,0.06562325505685812,0.13124651011371624,0.5
2025-05-23,2,0.21099089885739086,0.4219817977147817,1.0
2025-05-26,2,0.06666617522753637,0.13333235045507275,0.5
2025-05-27,2,0.001087987997226536,0.002175975994453072,0.0
2025-05-28,2,-0.001923781786482004,-0.003847563572964008,0.5
2025-05-29,2,0.004221575184897852,0.008443150369795704,0.5
2025-05-30,2,0.02553283707694265,0.0510656741538853,1.0
2025-06-02,2,0.007142220638032493,0.014284441276064985,0.5
2025-06-04,2,0.06269630730050935,0.1253926146010187,1.0
2025-06-05,2,0.0715822161629932,0.1431644323259864,1.0
2025-06-09,2,0.16592415359573143,0.33184830719146285,1.0
2025-06-10,2,0.015177065767284947,0.030354131534569895,0.5
2025-06-11,2,0.06707756343552385,0.1341551268710477,1.0
2025-06-12,2,0.0025908424528327534,0.005181684905665507,0.5
2025-06-13,2,0.20435266487898063,0.40870532975796126,1.0
2025-06-16,2,0.059544631624167677,0.11908926324833535,0.5
2025-06-17,1,-0.014709768343169172,-0.014709768343169172,0.0
2025-06-18,2,0.10770423088678338,0.21540846177356676,0.5
2025-06-19,1,-0.038461538461538436,-0.038461538461538436,0.0
2025-06-23,2,0.16900724293761993,0.33801448587523986,1.0
2025-06-24,2,0.03303160386947107,0.06606320773894214,0.5
2025-06-25,2,0.09013404343264453,0.18026808686528906,1.0
2025-06-26,2,0.0712945977698538,0.1425891955397076,1.0
2025-06-27,2,0.18049703522296034,0.3609940704459207,1.0
2025-06-30,1,-0.03617269544924151,-0.03617269544924151,0.0
2025-07-01,1,-0.01044083526682138,-0.01044083526682138,0.0
2025-07-02,2,0.009149525952113158,0.018299051904226316,0.5
2025-07-03,2,0.0963310882665721,0.1926621765331442,0.5
2025-07-04,2,0.1621796993398018,0.3243593986796036,1.0
2025-07-07,2,0.04033766928011401,0.08067533856022802,0.5
2025-07-08,2,0.016675088428499296,0.03335017685699859,0.5
2025-07-09,2,0.06070870244919224,0.12141740489838448,1.0
2025-07-10,2,0.033564301552106435,0.06712860310421287,1.0
2025-07-11,2,0.0016130277495918777,0.0032260554991837553,0.5
2025-07-14,2,0.17663473321644763,0.35326946643289525,1.0
2025-07-15,2,0.06921216286095311,0.13842432572190622,1.0
2025-07-16,2,0.005024884635469351,0.010049769270938702,0.5
2025-07-17,1,0.08027522935779818,0.08027522935779818,1.0
2025-07-18,2,0.02391816920943135,0.0478363384188627,1.0
2025-07-21,2,0.22187955267212367,0.44375910534424734,1.0
2025-07-22,2,0.10880002334868832,0.21760004669737665,1.0
2025-07-23,1,0.013941698352344822,0.013941698352344822,1.0
2025-07-24,1,-0.021419009370816644,-0.021419009370816644,0.0
2025-07-25,2,0.07315515324894661,0.14631030649789323,1.0
2025-07-28,1,-0.005134788189987138,-0.005134788189987138,0.0
2025-07-29,2,0.006417192592768073,0.012834385185536146,0.5
2025-07-31,2,-0.010136333256039132,-0.020272666512078263,0.5
2025-08-04,2,0.0010615711252653925,0.002123142250530785,0.0
2025-08-05,1,0.2050632911392405,0.2050632911392405,1.0
2025-08-06,2,0.09906502783905874,0.19813005567811748,0.5
2025-08-07,2,0.047794117647058765,0.09558823529411753,1.0
2025-08-08,2,0.036220625364148384,0.07244125072829677,0.5
2025-08-11,2,0.15779460462761796,0.3155892092552359,1.0
2025-08-12,2,-0.015553464113800541,-0.031106928227601083,0.0
2025-08-13,2,0.010509917734552565,0.02101983546910513,1.0
2025-08-14,1,0.0017873100983021306,0.0017873100983021306,0.0
2025-08-18,2,0.049526620907226426,0.09905324181445285,0.5
2025-08-19,2,-0.010897860658841407,-0.021795721317682815,0.5
2025-08-20,1,0.0079155672823219,0.0079155672823219,1.0
2025-08-21,2,-0.023199903834595526,-0.04639980766919105,0.5
2025-08-22,2,0.12594875601444888,0.25189751202889776,1.0
2025-08-25,2,-0.024902007607766008,-0.049804015215532016,0.0
2025-08-26,1,0.011039558417663242,0.011039558417663242,1.0
2025-08-27,2,0.007196633154079923,0.014393266308159847,0.5
2025-08-29,2,0.1108318072064296,0.2216636144128592,1.0
2025-09-01,2,0.10656237328484908,0.21312474656969815,1.0
2025-09-02,2,-0.00027579165206725875,-0.0005515833041345175,0.0
2025-09-03,2,0.03242335331887569,0.06484670663775138,0.5
2025-09-04,2,0.017866726296958846,0.03573345259391769,1.0
2025-09-05,2,0.00364184991879557,0.00728369983759114,0.5
2025-09-08,2,0.0964523598071555,0.192904719614311,0.5
2025-09-09,2,0.03775018754479459,0.07550037508958918,0.5
2025-09-10,2,0.000645161290322549,0.001290322580645098,0.0
2025-09-11,2,-0.003567311277537566,-0.007134622555075132,0.5
2025-09-12,2,0.010106200283017563,0.020212400566035127,0.5
2025-09-15,2,0.10728218465539663,0.21456436931079326,0.5
2025-09-16,2,-0.004675594550912043,-0.009351189101824087,0.5
2025-09-17,1,0.016558675305975434,0.016558675305975434,1.0
2025-09-18,2,0.15146521585795014,0.3029304317159003,0.5
2025-09-19,1,0.023809523809523725,0.023809523809523725,1.0
2025-09-22,2,0.12143996354522668,0.24287992709045336,0.5
2025-09-23,2,0.010800000000000032,0.021600000000000064,0.5
2025-09-24,2,0.00038461538461542766,0.0007692307692308553,0.0
2025-09-25,1,0.2022684310018903,0.2022684310018903,1.0
2025-09-26,2,0.018038251047973908,0.036076502095947816,0.5
2025-09-29,2,0.07807023967448812,0.15614047934897624,0.5
2025-09-30,2,0.14699005997484843,0.29398011994969686,0.5
2025-10-01,2,0.17963020647458416,0.35926041294916833,1.0
2025-10-02,2,0.008969665700293228,0.017939331400586456,0.5
2025-10-10,2,0.10603111997226078,0.21206223994452156,1.0
2025-10-13,2,0.0348775883251925,0.069755176650385,1.0
2025-10-14,2,0.03455473098330242,0.06910946196660483,1.0
2025-10-15,2,-0.013057360943168062,-0.026114721886336123,0.5
2025-10-16,2,0.10748470169272761,0.21496940338545523,1.0
2025-10-17,2,0.22382082984242047,0.44764165968484093,1.0
2025-10-20,2,0.046199195056969566,0.09239839011393913,1.0
2025-10-21,2,0.0451581370284192,0.0903162740568384,0.5
2025-10-22,2,0.011866598331139233,0.023733196662278466,0.5
2025-10-23,2,0.07794111488042893,0.15588222976085786,0.5
2025-10-24,1,-0.03306451612903227,-0.03306451612903227,0.0
2025-10-27,2,-0.012279592236225934,-0.024559184472451867,0.0
2025-10-28,2,0.06519597648938852,0.13039195297877704,0.5
2025-10-29,2,0.006432950602182519,0.012865901204365038,0.5
2025-10-30,2,-0.011111111111111127,-0.022222222222222254,0.0
2025-10-31,2,-0.001786544121443634,-0.003573088242887268,0.5
2025-11-03,2,0.012968159519883615,0.02593631903976723,1.0
2025-11-04,2,-0.03922639860139859,-0.07845279720279719,0.0
2025-11-05,2,0.005793172050906181,0.011586344101812363,0.5
2025-11-06,2,0.01328671328671327,0.02657342657342654,0.5
2025-11-07,2,0.01709306130225352,0.03418612260450704,1.0
2025-11-10,2,0.012841613831712784,0.025683227663425567,0.5
2025-11-11,2,0.042883366845732906,0.08576673369146581,1.0
2025-11-12,2,0.03312559923298186,0.06625119846596372,0.5
2025-11-13,2,0.07498648560987742,0.14997297121975484,0.5
2025-11-14,2,0.02650692301445512,0.05301384602891024,1.0
2025-11-17,2,0.007207688200747464,0.014415376401494928,0.5
2025-11-18,1,0.0312907431551499,0.0312907431551499,1.0
2025-11-19,2,-0.11365268464355355,-0.2273053692871071,0.0
2025-11-20,2,0.2993284045958474,0.5986568091916948,1.0
2025-11-21,2,0.16461245235069888,0.32922490470139776,1.0
2025-11-24,2,-0.028158238197392715,-0.05631647639478543,0.0
2025-11-25,2,0.03562931977314493,0.07125863954628986,0.5
2025-11-26,2,0.07321942760782063,0.14643885521564126,1.0
2025-11-28,2,0.019117853631128,0.038235707262256,0.5
2025-12-01,2,-0.02851477497955618,-0.05702954995911236,0.0
2025-12-02,2,0.020121951219512213,0.040243902439024426,0.5
2025-12-03,2,0.011414840174590213,0.022829680349180426,0.5
2025-12-04,2,0.09949192350093461,0.19898384700186922,1.0
2025-12-05,2,0.07389805578211384,0.14779611156422767,0.5
2025-12-08,2,0.06202794290801528,0.12405588581603055,0.5
2025-12-09,2,0.03696040057171146,0.07392080114342292,1.0
2025-12-10,2,0.02132484425472997,0.04264968850945994,0.5
2025-12-11,2,0.07852090127924471,0.15704180255848943,1.0
2025-12-12,2,0.13003364133164863,0.26006728266329726,1.0
2025-12-15,2,0.1763599483680619,0.3527198967361238,1.0
2025-12-16,1,0.07968749999999991,0.07968749999999991,1.0
2025-12-17,2,0.12756117328835048,0.25512234657670096,1.0
2025-12-18,2,0.19203892557065338,0.38407785114130677,1.0
2025-12-19,2,0.19060076397731218,0.38120152795462436,1.0
2025-12-22,2,0.13027072488805036,0.2605414497761007,1.0
2025-12-23,2,0.15520152851879843,0.31040305703759685,1.0
2025-12-24,2,-0.022386720130788296,-0.04477344026157659,0.5
2025-12-26,2,0.014245275023307025,0.02849055004661405,0.5
2025-12-29,2,0.034956845718749796,0.06991369143749959,0.5
2025-12-30,2,-0.005973634063697053,-0.011947268127394106,0.0
2026-01-02,2,-0.0850329716633309,-0.1700659433266618,0.5
2026-01-05,1,0.29776674937965253,0.29776674937965253,1.0
2026-01-06,2,0.18184897275421674,0.3636979455084335,1.0
2026-01-07,2,0.11977197687855123,0.23954395375710247,0.5
2026-01-08,2,-0.45602901178603805,-0.9120580235720761,0.5
2026-01-09,2,0.1350801342653416,0.2701602685306832,1.0
2026-01-12,2,0.12928206172504297,0.25856412345008595,1.0
2026-01-13,2,0.26601680874979694,0.5320336174995939,1.0
2026-01-14,2,0.11159824263457141,0.22319648526914282,1.0
2026-01-15,2,0.16875754345470406,0.3375150869094081,1.0
2026-01-16,2,0.07473332173862635,0.1494666434772527,1.0
2026-01-19,2,0.01567138686158942,0.03134277372317884,0.5
2026-01-20,2,0.12528456389180798,0.25056912778361595,0.5
2026-01-21,2,0.036408111174134894,0.07281622234826979,0.5
2026-01-22,2,0.28196265496658335,0.5639253099331667,1.0
2026-01-23,2,0.15567885341572263,0.31135770683144526,1.0
2026-01-26,2,0.1799849756232007,0.3599699512464014,1.0
2026-01-27,2,0.043598138034046774,0.08719627606809355,0.5
2026-01-28,2,0.16009508911751624,0.3201901782350325,1.0
2026-01-29,2,-0.005094614264919917,-0.010189228529839833,0.0
2026-01-30,2,0.06315215713513933,0.12630431427027866,1.0
2026-02-02,2,0.06969346443030655,0.1393869288606131,1.0
2026-02-03,2,0.13715131838852734,0.2743026367770547,1.0
2026-02-04,2,0.20869627004162972,0.41739254008325943,1.0
2026-02-05,2,-0.07764436821040593,-0.15528873642081187,0.0
2026-02-06,2,-0.013139399956934639,-0.026278799913869277,0.5
2026-02-09,2,0.16118802427879697,0.32237604855759394,1.0
2026-02-10,2,0.10451335306185439,0.20902670612370877,1.0
2026-02-11,2,0.15165767776527272,0.30331535553054545,0.5
2026-02-12,2,-0.09779163921578105,-0.1955832784315621,0.0
2026-02-13,2,0.0837255740978462,0.1674511481956924,1.0
2026-02-19,2,0.1875363842932527,0.3750727685865054,1.0
2026-02-20,2,0.18098250423732742,0.36196500847465485,1.0
2026-02-23,2,0.0271086943174651,0.0542173886349302,1.0
2026-02-24,2,0.13204245439947349,0.26408490879894697,1.0
2026-02-25,2,0.02261438030663404,0.04522876061326808,0.5
2026-02-26,2,-0.0037174676480493107,-0.0074349352960986215,0.0
2026-02-27,2,-0.03923151576859879,-0.07846303153719758,0.0
2026-03-03,2,0.0774878967186659,0.1549757934373318,0.5
2026-03-04,2,-0.017160831707960678,-0.034321663415921355,0.5
2026-03-05,2,0.005980014383375698,0.011960028766751396,0.5
2026-03-06,2,0.10016519493001752,0.20033038986003504,1.0
2026-03-09,2,-0.010715037852337073,-0.021430075704674145,0.5
2026-03-10,2,0.0901799522844709,0.1803599045689418,0.5
2026-03-11,2,0.024837734921479226,0.04967546984295845,1.0
2026-03-12,2,-0.0086019204872953,-0.0172038409745906,0.5
2026-03-13,2,0.002083333333333326,0.004166666666666652,0.0
2026-03-16,2,0.157757441816756,0.315514883633512,1.0
2026-03-17,2,0.11158871841278972,0.22317743682557944,1.0
2026-03-18,2,0.012127697520955993,0.024255395041911987,0.5
2026-03-19,2,0.05042019275975551,0.10084038551951102,1.0
2026-03-20,2,0.06621004566210043,0.13242009132420085,0.5
2026-03-23,2,0.19115848178622785,0.3823169635724557,1.0
2026-03-24,2,0.16664503569110967,0.33329007138221933,1.0
2026-03-25,2,0.0671323052634547,0.1342646105269094,1.0
2026-03-26,2,0.09582699137493655,0.1916539827498731,1.0
2026-03-27,2,0.0882797186671278,0.1765594373342556,1.0
2026-03-30,2,0.10657359147936685,0.2131471829587337,1.0
2026-03-31,2,0.025681148292175437,0.051362296584350875,0.5
2026-04-01,2,0.17333305145659805,0.3466661029131961,1.0
2026-04-02,1,0.05902777777777768,0.05902777777777768,1.0
2026-04-03,2,0.06514719848053185,0.1302943969610637,1.0
2026-04-06,2,0.04091952739591892,0.08183905479183784,0.5
2026-04-07,2,-0.04160820093014134,-0.08321640186028267,0.0
2026-04-08,2,0.21112390337597042,0.42224780675194085,1.0
2026-04-09,2,0.15943190214268121,0.31886380428536243,1.0
