<?xml version="1.0" encoding="utf-8"?>


<DOCUMENT xmlns:xsi="http://www.w3.org/2001/XMLSchema-instance" xsi:noNamespaceSchemaLocation="dart4.xsd">

<DOCUMENT-NAME ACODE="00637">주식등의 대량보유상황보고서(약식)</DOCUMENT-NAME>
<FORMULA-VERSION SUBVER="2" ADATE="20231229">6.0</FORMULA-VERSION>
<COMPANY-NAME AREGCIK="00623184">(주)오늘이엔엠</COMPANY-NAME>

<SUMMARY>
<EXTRACTION ACODE="HOLDCHECK" AFEATURE="BOTH">1101</EXTRACTION>
<EXTRACTION ACODE="HOLDRSN" AFEATURE="BOTH">1000</EXTRACTION>
<EXTRACTION ACODE="OUTDATE" AFEATURE="BOTH">20251229</EXTRACTION>
</SUMMARY>


<BODY ATOCID="18">

<COVER>
<COVER-TITLE ATOC="Y" AASSOCNOTE="COVER" ENG="Report on Significant Holdings of Stocks, etc." ATOCID="1">주식등의 대량보유상황보고서</COVER-TITLE>

<TABLE-GROUP ACLASS="RPT_RSP_DT" ADELETETABLE="N">

<TABLE ACLASS="EXTRACTION" AFIXTABLE="Y" WIDTH="604" BORDER="0">

<COLGROUP WIDTH="604">
<COL WIDTH="299"></COL>
<COL WIDTH="145"></COL>
<COL WIDTH="160"></COL>
</COLGROUP>

<TBODY>

<TR ACOPY="N" ADELETE="N" HEIGHT="53">
<TD COLSPAN="3" VALIGN="MIDDLE" WIDTH="595" HEIGHT="46" AUPDATECONT="N" ALIGN="CENTER" ENG="(Short form: Except for cases where “the purpose of holding the stocks is not to exercise influence over the issuer’s business administration” as defined in report types under Article 147 of the Financial Investment Services and Capital Markets Act, and for cases where the reporting entity qualifies as a professional investor under the latter part of Paragraph 1 of the same Article.)">(약식서식 : 자본시장과 금융투자업에 관한 법률 제147조에 의한 보고 중 '경영권에 영향을 주기 위한 목적'이 아닌 경우 및 보고자가 동조 제1항 후단에 따른 전문투자자인 경우)</TD>
</TR>

<TR ACOPY="N" ADELETE="N" HEIGHT="76">
<TD COLSPAN="3" ALIGN="CENTER" VALIGN="MIDDLE" WIDTH="595" HEIGHT="69"></TD>
</TR>

<TR ACOPY="N" ADELETE="N" HEIGHT="30">
<TD VALIGN="MIDDLE" WIDTH="290" HEIGHT="23">금융위원회 귀중</TD>
<TD VALIGN="MIDDLE" WIDTH="136" HEIGHT="23" AUPDATECONT="N" ENG="Date of occurrence of reporting obligation:">보고의무발생일　 :</TD>
<TU ALIGN="CENTER" VALIGN="MIDDLE" WIDTH="151" HEIGHT="23" AUNIT="RPT_RSP_DT" AUNITVALUE="20251229">2025년 12월 29일</TU>
</TR>

<TR ACOPY="N" ADELETE="N" HEIGHT="30">
<TD VALIGN="MIDDLE" WIDTH="290" HEIGHT="23">한국거래소 귀중</TD>
<TD VALIGN="MIDDLE" WIDTH="136" HEIGHT="23" AUPDATECONT="N" ENG="Report preparation date:">보고서작성기준일 :</TD>
<TU ALIGN="CENTER" VALIGN="MIDDLE" WIDTH="151" HEIGHT="23" AUNIT="RPT_REF_DT" AUNITVALUE="20260106">2026년 01월 06일</TU>
</TR>

<TR ACOPY="N" ADELETE="N" HEIGHT="30">
<TD VALIGN="MIDDLE" WIDTH="290" HEIGHT="23"></TD>
<TD VALIGN="MIDDLE" WIDTH="136" HEIGHT="23" AUPDATECONT="N" ENG="Reporting entity:">보고자 : </TD>
<TE ALIGN="CENTER" VALIGN="MIDDLE" WIDTH="151" HEIGHT="23" ACODE="RPT_RSP_NM">이화전기공업(주)</TE>
</TR>
</TBODY>
</TABLE>
</TABLE-GROUP>
<P></P>

<TABLE-GROUP ACLASS="SUM_INF" ADELETETABLE="N">

<TABLE ACLASS="EXTRACTION" AFIXTABLE="Y" WIDTH="554" BORDER="1">

<COLGROUP WIDTH="554">
<COL WIDTH="213"></COL>
<COL WIDTH="120"></COL>
<COL WIDTH="143"></COL>
<COL WIDTH="78"></COL>
</COLGROUP>

<TBODY>

<TR ACOPY="N" ADELETE="N" HEIGHT="30">
<TD COLSPAN="4" ALIGN="CENTER" VALIGN="MIDDLE" WIDTH="545" HEIGHT="23" AUPDATECONT="N" ENG="Summary of Information">요약정보</TD>
</TR>

<TR ACOPY="N" ADELETE="N" HEIGHT="53">
<TD ALIGN="CENTER" VALIGN="MIDDLE" WIDTH="204" HEIGHT="46" AUPDATECONT="N" ENG="Classification of professional investors to whom special reporting cases apply">보고특례 적용전문투자자 구분</TD>
<TU ALIGN="CENTER" VALIGN="MIDDLE" WIDTH="332" HEIGHT="46" AUNIT="SEP_INV" AUNITVALUE="-" COLSPAN="3" ENG="-">-</TU>
</TR>

<TR ACOPY="N" ADELETE="N" HEIGHT="30">
<TD ALIGN="CENTER" VALIGN="MIDDLE" WIDTH="204" HEIGHT="23" AUPDATECONT="N" ENG="Issuing company name">발행회사명</TD>
<TE ALIGN="CENTER" VALIGN="MIDDLE" WIDTH="111" HEIGHT="23" ACODE="CRP_NM">(주)오늘이엔엠</TE>
<TD ALIGN="CENTER" VALIGN="MIDDLE" WIDTH="134" HEIGHT="23" AUPDATECONT="N" ENG="Relationship to issuing company">발행회사와의 관계</TD>
<TU ALIGN="CENTER" VALIGN="MIDDLE" WIDTH="69" HEIGHT="23" AUNIT="FLT_CRP_RLT" AUNITVALUE="-" ENG="-">-</TU>
</TR>

<TR ACOPY="N" ADELETE="N" HEIGHT="30">
<TD ALIGN="CENTER" VALIGN="MIDDLE" WIDTH="204" HEIGHT="23" AUPDATECONT="N" ENG="Type of reporting">보고구분</TD>
<TU COLSPAN="3" ALIGN="CENTER" VALIGN="MIDDLE" WIDTH="332" HEIGHT="23" AUNIT="RPT_DST1" AUNITVALUE="2" ENG="Changes">변동</TU>
</TR>

<TR ACOPY="N" ADELETE="N" HEIGHT="30">
<TD ROWSPAN="3" ALIGN="CENTER" VALIGN="MIDDLE" WIDTH="204" HEIGHT="83" AUPDATECONT="N" ENG="Number of stocks, etc. held and holding ratio">보유주식등의 수 및 보유비율</TD>
<TD ALIGN="CENTER" VALIGN="MIDDLE" WIDTH="111" HEIGHT="23" AUPDATECONT="N"></TD>
<TD ALIGN="CENTER" VALIGN="MIDDLE" WIDTH="134" HEIGHT="23" AUPDATECONT="N" ENG="Number of shares held, etc.">보유주식등의 수</TD>
<TD ALIGN="CENTER" VALIGN="MIDDLE" WIDTH="69" HEIGHT="23" AUPDATECONT="N" ENG="Holdings ratio">보유비율</TD>
</TR>

<TR ACOPY="N" ADELETE="N" HEIGHT="30">
<TD ALIGN="CENTER" VALIGN="MIDDLE" WIDTH="111" HEIGHT="23" AUPDATECONT="N" ENG="Previous report">직전 보고서</TD>
<TE ALIGN="CENTER" VALIGN="MIDDLE" WIDTH="134" HEIGHT="23" ACODE="SUM_BMT_CNT">1,879,699</TE>
<TE ALIGN="CENTER" VALIGN="MIDDLE" WIDTH="69" HEIGHT="23" ACODE="SUM_BMT_RT">11.66</TE>
</TR>

<TR ACOPY="N" ADELETE="N" HEIGHT="30">
<TD ALIGN="CENTER" VALIGN="MIDDLE" WIDTH="111" HEIGHT="23" AUPDATECONT="N" ENG="Current report">이번 보고서</TD>
<TE ALIGN="CENTER" VALIGN="MIDDLE" WIDTH="134" HEIGHT="23" ACODE="SUM_TMT_CNT">0</TE>
<TE ALIGN="CENTER" VALIGN="MIDDLE" WIDTH="69" HEIGHT="23" ACODE="SUM_TMT_RT">0</TE>
</TR>

<TR ACOPY="N" ADELETE="N" HEIGHT="30">
<TD ROWSPAN="3" ALIGN="CENTER" VALIGN="MIDDLE" WIDTH="204" HEIGHT="83" AUPDATECONT="N" ENG="Number of voting rights and holding ratio">의결권의 수 및보유비율</TD>
<TD ALIGN="CENTER" VALIGN="MIDDLE" WIDTH="111" HEIGHT="23" AUPDATECONT="N"></TD>
<TD ALIGN="CENTER" VALIGN="MIDDLE" WIDTH="134" HEIGHT="23" AUPDATECONT="N" ENG="Number of voting rights">의결권의 수</TD>
<TD ALIGN="CENTER" VALIGN="MIDDLE" WIDTH="69" HEIGHT="23" AUPDATECONT="N" ENG="Holdings ratio">보유비율</TD>
</TR>

<TR ACOPY="N" ADELETE="N" HEIGHT="30">
<TD ALIGN="CENTER" VALIGN="MIDDLE" WIDTH="111" HEIGHT="23" AUPDATECONT="N" ENG="Previous report">직전 보고서</TD>
<TE ALIGN="CENTER" VALIGN="MIDDLE" WIDTH="134" HEIGHT="23" ACODE="VR_BMT_CNT">-</TE>
<TE ALIGN="CENTER" VALIGN="MIDDLE" WIDTH="69" HEIGHT="23" ACODE="VR_BMT_RT">-</TE>
</TR>

<TR ACOPY="N" ADELETE="N" HEIGHT="30">
<TD ALIGN="CENTER" VALIGN="MIDDLE" WIDTH="111" HEIGHT="23" AUPDATECONT="N" ENG="Current report">이번 보고서</TD>
<TE ALIGN="CENTER" VALIGN="MIDDLE" WIDTH="134" HEIGHT="23" ACODE="VR_TMT_CNT">-</TE>
<TE ALIGN="CENTER" VALIGN="MIDDLE" WIDTH="69" HEIGHT="23" ACODE="VR_TMT_RT">-</TE>
</TR>

<TR ACOPY="N" ADELETE="N" HEIGHT="30">
<TD ALIGN="CENTER" VALIGN="MIDDLE" WIDTH="204" HEIGHT="23" AUPDATECONT="N" ENG="Reason for reporting">보고사유</TD>
<TE COLSPAN="3" ALIGN="CENTER" VALIGN="MIDDLE" WIDTH="332" HEIGHT="23" ACODE="SUM_CHN_RWN">전환사채 장외 매도</TE>
</TR>

<TR ACOPY="N" ADELETE="N" HEIGHT="30">
<TD ALIGN="CENTER" VALIGN="MIDDLE" WIDTH="204" HEIGHT="23" AUPDATECONT="N" ENG="Purpose of holding">보유목적</TD>
<TU COLSPAN="3" ALIGN="CENTER" VALIGN="MIDDLE" WIDTH="332" HEIGHT="23" AUNIT="PUR_OWN" AUNITVALUE="02" ENG="Simple investment">단순투자</TU>
</TR>
</TBODY>
</TABLE>
</TABLE-GROUP>
<P></P>

<TABLE ACLASS="NORMAL" AFIXTABLE="Y" WIDTH="600" BORDER="1">

<COLGROUP WIDTH="600">
<COL WIDTH="600"></COL>
</COLGROUP>

<TBODY>

<TR ACOPY="Y" ADELETE="Y" HEIGHT="76">
<TD WIDTH="591" HEIGHT="69" AUPDATECONT="N" ENG="※ I hereby confirm that the holding status of stocks, etc. of myself and my related parties as of the date of preparation of the report has been accurately disclosed in accordance with applicable laws and regulations and with due diligence in writing, and that there are no misstatements or omissions of important matters.">※ 보고자 본인은 보고서작성기준일 현재 본인과 특별관계자의 주식등의 보유상황을 관련 법규 및 기재상의 주의에 따라 정확하게 작성하였고, 중요한 사항의 허위기재 또는 기재누락이 없음을 확인합니다.</TD>
</TR>
</TBODY>
</TABLE>
<P></P>
<PGBRK></PGBRK>
</COVER>

<LIBRARY>
<SECTION-1 AID="PART-CERT" ACLASS="MANDATORY" APARTSOURCE="SOURCE">
<TITLE ATOC="Y" AASSOCNOTE="TTL_PART_CERT" ENG="Written Confirmation (For simple investment purposes)" ATOCID="2">확인서(단순투자 목적)</TITLE>

<IMAGE>
<IMG WIDTH="594" HEIGHT="840" ALIGN="CENTER" HSPACE="0">확인서_1.jpg</IMG>
<IMG-CAPTION ATOC="N">확인서_1</IMG-CAPTION>
</IMAGE>
<P></P>
<PGBRK></PGBRK>
</SECTION-1>
</LIBRARY>


<LIBRARY>
<SECTION-1 ACLASS="MANDATORY" APARTSOURCE="SOURCE">
<TITLE ATOC="Y" ENG="Part 1 Overview of the Report" ATOCID="3">제1부 보고의 개요</TITLE>
<P></P>

<SECTION-2 ACLASS="MANDATORY">
<TITLE ATOC="Y" AASSOCNOTE="D-1-1-0-0" ENG="1. Matters related to the issuing company" ATOCID="4">1. 발행회사에 관한 사항</TITLE>

<TABLE-GROUP ACLASS="CRP_NM" ADELETETABLE="N">

<TABLE ACLASS="EXTRACTION" AFIXTABLE="Y" WIDTH="600" BORDER="1">

<COLGROUP WIDTH="600">
<COL WIDTH="104"></COL>
<COL WIDTH="173"></COL>
<COL WIDTH="216"></COL>
<COL WIDTH="107"></COL>
</COLGROUP>

<TBODY>

<TR ACOPY="N" ADELETE="N" HEIGHT="30">
<TD ALIGN="CENTER" VALIGN="MIDDLE" WIDTH="95" HEIGHT="23" AUPDATECONT="N" ENG="Company name">회사명</TD>
<TE VALIGN="MIDDLE" WIDTH="164" HEIGHT="23" ACODE="CRP_NM" ALIGN="CENTER">(주)오늘이엔엠</TE>
<TD ALIGN="CENTER" VALIGN="MIDDLE" WIDTH="207" HEIGHT="23" AUPDATECONT="N" ENG="Company code">회사코드</TD>
<TE ALIGN="CENTER" VALIGN="MIDDLE" WIDTH="98" HEIGHT="23" ACODE="CRP_CD">192410</TE>
</TR>

<TR ACOPY="N" ADELETE="N" HEIGHT="30">
<TD ALIGN="CENTER" VALIGN="MIDDLE" WIDTH="95" HEIGHT="23" AUPDATECONT="N" ENG="Corporation type">법인구분</TD>
<TU ALIGN="CENTER" VALIGN="MIDDLE" WIDTH="164" HEIGHT="23" AUNIT="CRP_DST" AUNITVALUE="2" ENG="KOSDAQ market listed corporation">코스닥상장법인</TU>
<TD ALIGN="CENTER" VALIGN="MIDDLE" WIDTH="207" HEIGHT="23" AUPDATECONT="N" ENG="Total number of voting shares (shrs.)">의결권있는 발행주식 총수(주)</TD>
<TE ALIGN="CENTER" VALIGN="MIDDLE" WIDTH="98" HEIGHT="23" ACODE="FLT_STK_CNT">46,661,573</TE>
</TR>
</TBODY>
</TABLE>
</TABLE-GROUP>
<P></P>
</SECTION-2>

<SECTION-2 ACLASS="MANDATORY">
<TITLE ATOC="Y" ENG="2. Matters related to significant holders" ATOCID="5">2. 대량보유자에 관한 사항</TITLE>

<SECTION-3 ACLASS="MANDATORY">
<TITLE ATOC="Y" AASSOCNOTE="D-1-2-1-0" ENG="A. Reporting entity" ATOCID="6">가. 보고자</TITLE>
<P>(1) 보고자 개요</P>

<TABLE-GROUP ACLASS="RPT_DST1" ADELETETABLE="N">

<TABLE ACLASS="EXTRACTION" AFIXTABLE="Y" WIDTH="773" BORDER="1">

<COLGROUP WIDTH="773">
<COL WIDTH="178"></COL>
<COL WIDTH="89"></COL>
<COL WIDTH="187"></COL>
<COL WIDTH="111"></COL>
<COL WIDTH="33"></COL>
<COL WIDTH="175"></COL>
</COLGROUP>

<TBODY>

<TR ACOPY="N" ADELETE="N" HEIGHT="30">
<TD ALIGN="CENTER" VALIGN="MIDDLE" WIDTH="169" HEIGHT="23" AUPDATECONT="N" ENG="Type of reporting">보고구분</TD>
<TU COLSPAN="2" ALIGN="CENTER" VALIGN="MIDDLE" WIDTH="267" HEIGHT="23" AUNIT="RPT_DST1" AUNITVALUE="2" ENG="Changes">변동</TU>
<TU COLSPAN="3" ALIGN="CENTER" VALIGN="MIDDLE" WIDTH="310" HEIGHT="23" AUNIT="RPT_DST2" AUNITVALUE="1" ENG="Individual">개별</TU>
</TR>

<TR ACOPY="N" ADELETE="N" HEIGHT="30">
<TD ALIGN="CENTER" VALIGN="MIDDLE" WIDTH="169" HEIGHT="23" AUPDATECONT="N" ENG="Reporting entity classification">보고자 구분</TD>
<TU COLSPAN="2" ALIGN="CENTER" VALIGN="MIDDLE" WIDTH="267" HEIGHT="23" AUNIT="CRP_TP" AUNITVALUE="I" ENG="Domestic corporation">국내법인</TU>
<TD COLSPAN="2" ALIGN="CENTER" VALIGN="MIDDLE" WIDTH="135" HEIGHT="23" AUPDATECONT="N" ENG="Nationality">국 적</TD>
<TE ALIGN="CENTER" VALIGN="MIDDLE" WIDTH="166" HEIGHT="23" ACODE="IFR_NT">대한민국</TE>
</TR>

<TR ACOPY="N" ADELETE="N" HEIGHT="53">
<TD ALIGN="CENTER" VALIGN="MIDDLE" WIDTH="445" HEIGHT="46" AUPDATECONT="N" COLSPAN="3" ENG="Basis for reporting entity classification (only if entered as association or other organizations under law)">보고자 구분 기재 근거(법령상 조합 또는 기타단체로 기재한 경우만 기재)</TD>
<TE COLSPAN="3" ALIGN="CENTER" VALIGN="MIDDLE" WIDTH="310" HEIGHT="46" ACODE="IFR_BASE">-</TE>
</TR>

<TR ACOPY="N" ADELETE="N" HEIGHT="53">
<TD ALIGN="CENTER" VALIGN="MIDDLE" WIDTH="169" HEIGHT="46" AUPDATECONT="N" ENG="Name (Title)">성명(명칭)</TD>
<TD ALIGN="CENTER" VALIGN="MIDDLE" WIDTH="80" HEIGHT="46" AUPDATECONT="N" ENG="Korean">한글</TD>
<TE ALIGN="CENTER" VALIGN="MIDDLE" WIDTH="178" HEIGHT="46" ACODE="IFR_NM">이화전기공업(주)</TE>
<TD ALIGN="CENTER" VALIGN="MIDDLE" WIDTH="102" HEIGHT="46" AUPDATECONT="N" ENG="Chinese characters (English)">한자(영문)</TD>

<TE COLSPAN="2" ALIGN="CENTER" VALIGN="MIDDLE" WIDTH="199" HEIGHT="46" ACODE="IFR_NM_HJ">
<SPAN USERMARK="0X202023">EHWA TECHNOLOGIES</SPAN>
<SPAN USERMARK="0X202023">INFORMATION CO.,LTD.</SPAN>
</TE>
</TR>

<TR ACOPY="N" ADELETE="N" HEIGHT="53">
<TD ALIGN="CENTER" VALIGN="MIDDLE" WIDTH="169" HEIGHT="46" AUPDATECONT="N" ENG="Address (Head office) [Building name/number can be omitted]">주소(본점소재지)[읍ㆍ면ㆍ동까지만 기재]</TD>
<TE COLSPAN="2" VALIGN="MIDDLE" WIDTH="267" HEIGHT="46" ACODE="IFR_ADR2" ALIGN="CENTER">서울시 강남구 논현로</TE>
<TD COLSPAN="2" ALIGN="CENTER" VALIGN="MIDDLE" WIDTH="135" HEIGHT="46" AUPDATECONT="N" ENG="Date of birth or business registration No., etc.">생년월일 또는사업자등록번호 등</TD>
<TE ALIGN="CENTER" VALIGN="MIDDLE" WIDTH="166" HEIGHT="46" ACODE="IFR_ID">215-81-04548</TE>
</TR>

<TR ACOPY="N" ADELETE="N" HEIGHT="30">
<TD ALIGN="CENTER" VALIGN="MIDDLE" WIDTH="169" HEIGHT="23" AUPDATECONT="N" ENG="Occupation (Details of business)">직업(사업내용)</TD>
<TE COLSPAN="2" VALIGN="MIDDLE" WIDTH="267" HEIGHT="23" ACODE="IFR_JOB" ALIGN="CENTER">제조업 외</TE>
<TD COLSPAN="2" ALIGN="CENTER" VALIGN="MIDDLE" WIDTH="135" HEIGHT="23" AUPDATECONT="N" ENG="Relationship to issuing company">발행회사와의 관계</TD>
<TU ALIGN="CENTER" VALIGN="MIDDLE" WIDTH="166" HEIGHT="23" AUNIT="FLT_CRP_RLT" AUNITVALUE="-" ENG="-">-</TU>
</TR>

<TR ACOPY="N" ADELETE="N" HEIGHT="30">
<TD ROWSPAN="4" ALIGN="CENTER" VALIGN="MIDDLE" WIDTH="169" HEIGHT="113" AUPDATECONT="N" ENG="Contact points and person in charge">업무상 연락처및 담당자</TD>
<TD ALIGN="CENTER" VALIGN="MIDDLE" WIDTH="80" HEIGHT="23" AUPDATECONT="N" ENG="Affiliated company">소속회사</TD>
<TE VALIGN="MIDDLE" WIDTH="178" HEIGHT="23" ACODE="RSP_MAN_ADR2" ALIGN="CENTER">이화전기공업(주)</TE>
<TD COLSPAN="2" ALIGN="CENTER" VALIGN="MIDDLE" WIDTH="135" HEIGHT="23" AUPDATECONT="N" ENG="Department">부서</TD>
<TE ALIGN="CENTER" VALIGN="MIDDLE" WIDTH="166" HEIGHT="23" ACODE="RSP_MAN_DPT">재경부</TE>
</TR>

<TR ACOPY="N" ADELETE="N" HEIGHT="30">
<TD ALIGN="CENTER" VALIGN="MIDDLE" WIDTH="80" HEIGHT="23" AUPDATECONT="N" ENG="Position">직위</TD>
<TE VALIGN="MIDDLE" WIDTH="178" HEIGHT="23" ACODE="RSP_MAN_PST" ALIGN="CENTER">차장</TE>
<TD COLSPAN="2" ALIGN="CENTER" VALIGN="MIDDLE" WIDTH="135" HEIGHT="23" AUPDATECONT="N" ENG="(Tel.)">전화번호</TD>
<TE ALIGN="CENTER" VALIGN="MIDDLE" WIDTH="166" HEIGHT="23" ACODE="RSP_MAN_PHN2">02-344******</TE>
</TR>

<TR ACOPY="N" ADELETE="N" HEIGHT="30">
<TD ALIGN="CENTER" VALIGN="MIDDLE" WIDTH="80" HEIGHT="23" AUPDATECONT="N" ENG="Name">성명</TD>
<TE VALIGN="MIDDLE" WIDTH="178" HEIGHT="23" ACODE="RSP_MAN" ALIGN="CENTER">김**</TE>
<TD COLSPAN="2" ALIGN="CENTER" VALIGN="MIDDLE" WIDTH="135" HEIGHT="23" AUPDATECONT="N" ENG="Fax No.">팩스번호</TD>
<TE ALIGN="CENTER" VALIGN="MIDDLE" WIDTH="166" HEIGHT="23" ACODE="RSP_MAN_FAX">02-344******</TE>
</TR>

<TR ACOPY="N" ADELETE="N" HEIGHT="30">
<TD ALIGN="CENTER" VALIGN="MIDDLE" WIDTH="80" HEIGHT="23" AUPDATECONT="N" ENG="E-mail address">이메일 주소</TD>
<TE VALIGN="MIDDLE" WIDTH="497" HEIGHT="23" ACODE="RSP_MAN_EML" ALIGN="CENTER" COLSPAN="4">******eti21.com</TE>
</TR>
</TBODY>
</TABLE>
</TABLE-GROUP>

<P></P>
<P>(2) 보고자에 대한 구체적인 사항(법인, 기타단체, 법령상조합, 민법상 조합의 경우 기재)</P>

<TABLE WIDTH="600" ACLASS="NORMAL" AFIXTABLE="N" BORDER="0">

<COLGROUP WIDTH="600">
<COL WIDTH="108"></COL>
<COL WIDTH="492"></COL>
</COLGROUP>

<TBODY>

<TR ACOPY="Y" ADELETE="Y" HEIGHT="30">
<TD WIDTH="99" HEIGHT="23"></TD>
<TD WIDTH="483" HEIGHT="23" ALIGN="RIGHT" VALIGN="MIDDLE">(단위 : 백만원)</TD>
</TR>
</TBODY>
</TABLE>

<TABLE-GROUP ACLASS="REP_SUB" ADELETETABLE="N">

<TABLE ACLASS="EXTRACTION" AFIXTABLE="Y" WIDTH="600" BORDER="1">

<COLGROUP WIDTH="600">
<COL WIDTH="170"></COL>
<COL WIDTH="139"></COL>
<COL WIDTH="165"></COL>
<COL WIDTH="126"></COL>
</COLGROUP>

<TBODY>

<TR ACOPY="N" ADELETE="N" HEIGHT="30">
<TD ALIGN="CENTER" VALIGN="MIDDLE" WIDTH="161" HEIGHT="23" AUPDATECONT="N" ENG="Legal personality">법적성격</TD>
<TE WIDTH="421" HEIGHT="23" ACODE="SUB_CHA" COLSPAN="3" VALIGN="MIDDLE" ALIGN="CENTER">주식회사</TE>
</TR>

<TR ACOPY="N" ADELETE="N" HEIGHT="53">
<TD ALIGN="CENTER" VALIGN="MIDDLE" WIDTH="161" HEIGHT="46" AUPDATECONT="N" ENG="Total assets (or total assets under management)">자산총액(또는 운용자산총액)</TD>
<TE WIDTH="130" HEIGHT="46" ACODE="SUB_AST" VALIGN="MIDDLE" ALIGN="RIGHT">279,889</TE>
<TD ALIGN="CENTER" VALIGN="MIDDLE" WIDTH="156" HEIGHT="46" AUPDATECONT="N" ENG="Total liabilities">부채총액</TD>
<TE WIDTH="117" HEIGHT="46" ACODE="SUB_DEB" VALIGN="MIDDLE" ALIGN="RIGHT">52,317</TE>
</TR>

<TR ACOPY="N" ADELETE="N" HEIGHT="30">
<TD ALIGN="CENTER" VALIGN="MIDDLE" WIDTH="161" HEIGHT="23" AUPDATECONT="N" ENG="Total equity">자본총액</TD>
<TE WIDTH="130" HEIGHT="23" ACODE="SUB_CAP" VALIGN="MIDDLE" ALIGN="RIGHT">227,572</TE>
<TD ALIGN="CENTER" VALIGN="MIDDLE" WIDTH="156" HEIGHT="23" AUPDATECONT="N" ENG="Issued capital">자본금</TD>
<TE WIDTH="117" HEIGHT="23" ACODE="SUB_EQU" VALIGN="MIDDLE" ALIGN="RIGHT">43,789</TE>
</TR>

<TR ACOPY="N" ADELETE="N" HEIGHT="76">
<TD ALIGN="CENTER" VALIGN="MIDDLE" WIDTH="161" HEIGHT="69" AUPDATECONT="N" ENG="Representative (representative member or executive member)">대표자(대표조합원 또는업무집행조합원)</TD>
<TE WIDTH="421" HEIGHT="69" ACODE="SUB_REP" COLSPAN="3" VALIGN="MIDDLE" ALIGN="CENTER">백성현</TE>
</TR>

<TR ACOPY="N" ADELETE="N" HEIGHT="53">
<TD ALIGN="CENTER" VALIGN="MIDDLE" WIDTH="161" HEIGHT="46" AUPDATECONT="N" ENG="Decision-making body (decision-maker)">의사결정기구(의사결정권자)</TD>
<TE WIDTH="421" HEIGHT="46" ACODE="SUB_DEC" COLSPAN="3" VALIGN="MIDDLE" ALIGN="CENTER">이사회, 주주총회</TE>
</TR>

<TR ACOPY="N" ADELETE="N" HEIGHT="53">
<TD ALIGN="CENTER" VALIGN="MIDDLE" WIDTH="161" HEIGHT="46" AUPDATECONT="N" ENG="Largest shareholder (largest investor)">최대주주(최다출자자)</TD>
<TE WIDTH="130" HEIGHT="46" ACODE="SUB_LAR" VALIGN="MIDDLE" ALIGN="CENTER">이트론(주)</TE>
<TD ALIGN="CENTER" VALIGN="MIDDLE" WIDTH="156" HEIGHT="46" AUPDATECONT="N" ENG="Shareholding ratio of the largest shareholder (%) (investment ratio of the largest investor)">최대주주 지분율(%)(최다출자자 출자비율)</TD>
<TE WIDTH="117" HEIGHT="46" ACODE="SUB_LRT" VALIGN="MIDDLE" ALIGN="RIGHT">59.43</TE>
</TR>
</TBODY>
</TABLE>
</TABLE-GROUP>

<LIBRARY>
<P>【보고자의 최대주주가 법인, 기타단체, 법령상조합, 민법상 조합의 경우】</P>

<TABLE-GROUP ACLASS="REP_LAR_SUB" ADELETETABLE="N">

<TABLE ACLASS="EXTRACTION" AFIXTABLE="Y" WIDTH="600" BORDER="1">

<COLGROUP WIDTH="600">
<COL WIDTH="170"></COL>
<COL WIDTH="139"></COL>
<COL WIDTH="165"></COL>
<COL WIDTH="126"></COL>
</COLGROUP>

<TBODY>

<TR ACOPY="N" ADELETE="N" HEIGHT="30">
<TD ALIGN="CENTER" VALIGN="MIDDLE" WIDTH="161" HEIGHT="23" AUPDATECONT="N" ENG="Legal personality">법적성격</TD>
<TE WIDTH="421" HEIGHT="23" ACODE="SUB_CHA" COLSPAN="3" VALIGN="MIDDLE" ALIGN="CENTER">주식회사</TE>
</TR>

<TR ACOPY="N" ADELETE="N" HEIGHT="53">
<TD ALIGN="CENTER" VALIGN="MIDDLE" WIDTH="161" HEIGHT="46" AUPDATECONT="N" ENG="Total assets (or total assets under management)">자산총액(또는 운용자산총액)</TD>
<TE WIDTH="130" HEIGHT="46" ACODE="SUB_AST" VALIGN="MIDDLE" ALIGN="RIGHT">119,508</TE>
<TD ALIGN="CENTER" VALIGN="MIDDLE" WIDTH="156" HEIGHT="46" AUPDATECONT="N" ENG="Total liabilities">부채총액</TD>
<TE WIDTH="117" HEIGHT="46" ACODE="SUB_DEB" VALIGN="MIDDLE" ALIGN="RIGHT">23,491</TE>
</TR>

<TR ACOPY="N" ADELETE="N" HEIGHT="30">
<TD ALIGN="CENTER" VALIGN="MIDDLE" WIDTH="161" HEIGHT="23" AUPDATECONT="N" ENG="Total equity">자본총액</TD>
<TE WIDTH="130" HEIGHT="23" ACODE="SUB_CAP" VALIGN="MIDDLE" ALIGN="RIGHT">96,017</TE>
<TD ALIGN="CENTER" VALIGN="MIDDLE" WIDTH="156" HEIGHT="23" AUPDATECONT="N" ENG="Issued capital">자본금</TD>
<TE WIDTH="117" HEIGHT="23" ACODE="SUB_EQU" VALIGN="MIDDLE" ALIGN="RIGHT">181,226</TE>
</TR>

<TR ACOPY="N" ADELETE="N" HEIGHT="76">
<TD ALIGN="CENTER" VALIGN="MIDDLE" WIDTH="161" HEIGHT="69" AUPDATECONT="N" ENG="Representative (representative member or executive member)">대표자(대표조합원 또는업무집행조합원)</TD>
<TE WIDTH="421" HEIGHT="69" ACODE="SUB_REP" COLSPAN="3" VALIGN="MIDDLE" ALIGN="CENTER">이종보</TE>
</TR>

<TR ACOPY="N" ADELETE="N" HEIGHT="53">
<TD ALIGN="CENTER" VALIGN="MIDDLE" WIDTH="161" HEIGHT="46" AUPDATECONT="N" ENG="Decision-making body (decision-maker)">의사결정기구(의사결정권자)</TD>
<TE WIDTH="421" HEIGHT="46" ACODE="SUB_DEC" COLSPAN="3" VALIGN="MIDDLE" ALIGN="CENTER">이사회, 주주총회</TE>
</TR>

<TR ACOPY="N" ADELETE="N" HEIGHT="53">
<TD ALIGN="CENTER" VALIGN="MIDDLE" WIDTH="161" HEIGHT="46" AUPDATECONT="N" ENG="Largest shareholder (largest investor)">최대주주(최다출자자)</TD>
<TE WIDTH="130" HEIGHT="46" ACODE="SUB_LAR" VALIGN="MIDDLE" ALIGN="CENTER">(주)이아이디</TE>
<TD ALIGN="CENTER" VALIGN="MIDDLE" WIDTH="156" HEIGHT="46" AUPDATECONT="N" ENG="Shareholding ratio of the largest shareholder (%) (investment ratio of the largest investor)">최대주주 지분율(%)(최다출자자 출자비율)</TD>
<TE WIDTH="117" HEIGHT="46" ACODE="SUB_LRT" VALIGN="MIDDLE" ALIGN="RIGHT">29.94</TE>
</TR>
</TBODY>
</TABLE>
</TABLE-GROUP>
<P></P>
</LIBRARY>

<P></P>
</SECTION-3>

<SECTION-3 ACLASS="MANDATORY">
<TITLE ATOC="Y" AASSOCNOTE="D-1-2-2-0" ENG="B. Specially related parties" ATOCID="7">나. 특별관계자</TITLE>
<P>(1) 특별관계자 개요</P>

<TABLE-GROUP ACLASS="SPC_NM" ADELETETABLE="N">

<TABLE ACLASS="EXTRACTION" AFIXTABLE="N" WIDTH="785" BORDER="1">

<COLGROUP WIDTH="785">
<COL WIDTH="37"></COL>
<COL WIDTH="74"></COL>
<COL WIDTH="59"></COL>
<COL WIDTH="91"></COL>
<COL WIDTH="95"></COL>
<COL WIDTH="95"></COL>
<COL WIDTH="169"></COL>
<COL WIDTH="85"></COL>
<COL WIDTH="80"></COL>
</COLGROUP>

<THEAD>

<TR ACOPY="N" ADELETE="N" HEIGHT="99">
<TH VALIGN="MIDDLE" WIDTH="28" HEIGHT="92" ACOPYCOL="N" ADELETECOL="N" AMOVECOL="N" AUPDATECONT="N" ENG="Sequential No.">연번</TH>
<TH VALIGN="MIDDLE" WIDTH="65" HEIGHT="92" ACOPYCOL="N" ADELETECOL="N" AMOVECOL="N" AUPDATECONT="N" ENG="Name (Title)">성 명(명칭)</TH>
<TH VALIGN="MIDDLE" WIDTH="50" HEIGHT="92" ACOPYCOL="N" ADELETECOL="N" AMOVECOL="N" AUPDATECONT="N" ENG="Category">구분</TH>
<TH VALIGN="MIDDLE" WIDTH="82" HEIGHT="92" ACOPYCOL="N" ADELETECOL="N" AMOVECOL="N" AUPDATECONT="N" ENG="Detailed relationship with the reporting entity">보고자와의구체적 관계</TH>
<TH VALIGN="MIDDLE" WIDTH="86" HEIGHT="92" ACOPYCOL="N" ADELETECOL="N" AMOVECOL="N" AUPDATECONT="N" ENG="Date of birth or business registration No., etc.">생년월일또는사업자등록번호 등</TH>
<TH VALIGN="MIDDLE" WIDTH="86" HEIGHT="92" ACOPYCOL="N" ADELETECOL="N" AMOVECOL="N" AUPDATECONT="N" ENG="Nationality">국적</TH>
<TH VALIGN="MIDDLE" WIDTH="160" HEIGHT="92" ACOPYCOL="N" ADELETECOL="N" AMOVECOL="N" AUPDATECONT="N" ENG="Address (Location)">주  소(소재지)</TH>
<TH VALIGN="MIDDLE" WIDTH="76" HEIGHT="92" ACOPYCOL="N" ADELETECOL="N" AMOVECOL="N" AUPDATECONT="N" ENG="Occupation (Details of business)">직  업(사업내용)</TH>
<TH VALIGN="MIDDLE" WIDTH="71" HEIGHT="92" ACOPYCOL="N" ADELETECOL="N" AMOVECOL="N" AUPDATECONT="N" ENG="Relationship to issuing company">발행회사와의 관계</TH>
</TR>
</THEAD>

<TBODY>

<TR ACOPY="Y" ADELETE="N" HEIGHT="30">
<TE ALIGN="CENTER" VALIGN="MIDDLE" WIDTH="28" HEIGHT="23" ACODE="SEQ_NO">-</TE>
<TE ALIGN="CENTER" VALIGN="MIDDLE" WIDTH="65" HEIGHT="23" ACODE="SPC_NM">-</TE>
<TU ALIGN="CENTER" VALIGN="MIDDLE" WIDTH="50" HEIGHT="23" AUNIT="SPC_TP" AUNITVALUE="-" ENG="-">-</TU>
<TU ALIGN="CENTER" VALIGN="MIDDLE" WIDTH="82" HEIGHT="23" AUNIT="IFR_RLT" AUNITVALUE="-" ENG="-">-</TU>
<TE ALIGN="CENTER" VALIGN="MIDDLE" WIDTH="86" HEIGHT="23" ACODE="SPC_ID2">-</TE>
<TE ALIGN="CENTER" VALIGN="MIDDLE" WIDTH="86" HEIGHT="23" ACODE="SPC_NT">-</TE>
<TE VALIGN="MIDDLE" WIDTH="160" HEIGHT="23" ACODE="ADR2">-</TE>
<TE VALIGN="MIDDLE" WIDTH="76" HEIGHT="23" ACODE="JOB">-</TE>
<TU VALIGN="MIDDLE" WIDTH="71" HEIGHT="23" AUNIT="FLT_CRP_RLT" AUNITVALUE="-" ENG="-">-</TU>
</TR>
</TBODY>
</TABLE>
</TABLE-GROUP>

<TABLE ACLASS="NORMAL" AFIXTABLE="N" WIDTH="600" BORDER="0">

<COLGROUP WIDTH="600">
<COL WIDTH="600"></COL>
</COLGROUP>

<TBODY>

<TR ACOPY="Y" ADELETE="Y" HEIGHT="30">
<TD WIDTH="591" HEIGHT="23">* 주소는 읍ㆍ면ㆍ동까지만 기재</TD>
</TR>
</TBODY>
</TABLE>

<P></P>
<P>(2) 특별관계자에 대한 구체적인 사항(법인, 기타단체, 법령상조합, 민법상 조합의 경우 기재)</P>

<TABLE-GROUP ACLASS="SPE_SUB" ADELETETABLE="N">

<TABLE ACLASS="EXTRACTION" AFIXTABLE="Y" WIDTH="600" BORDER="1">

<COLGROUP WIDTH="600">
<COL WIDTH="170"></COL>
<COL WIDTH="139"></COL>
<COL WIDTH="165"></COL>
<COL WIDTH="126"></COL>
</COLGROUP>

<TBODY>

<TR ACOPY="N" ADELETE="N" HEIGHT="30">
<TD ALIGN="CENTER" VALIGN="MIDDLE" WIDTH="161" HEIGHT="23" AUPDATECONT="N" ENG="Legal personality">법적성격</TD>
<TE WIDTH="421" HEIGHT="23" ACODE="SUB_CHA" COLSPAN="3" VALIGN="MIDDLE" ALIGN="CENTER">-</TE>
</TR>

<TR ACOPY="N" ADELETE="N" HEIGHT="53">
<TD ALIGN="CENTER" VALIGN="MIDDLE" WIDTH="161" HEIGHT="46" AUPDATECONT="N" ENG="Total assets (or total assets under management)">자산총액(또는 운용자산총액)</TD>
<TE WIDTH="130" HEIGHT="46" ACODE="SUB_AST" VALIGN="MIDDLE" ALIGN="RIGHT">-</TE>
<TD ALIGN="CENTER" VALIGN="MIDDLE" WIDTH="156" HEIGHT="46" AUPDATECONT="N" ENG="Total liabilities">부채총액</TD>
<TE WIDTH="117" HEIGHT="46" ACODE="SUB_DEB" VALIGN="MIDDLE" ALIGN="RIGHT">-</TE>
</TR>

<TR ACOPY="N" ADELETE="N" HEIGHT="30">
<TD ALIGN="CENTER" VALIGN="MIDDLE" WIDTH="161" HEIGHT="23" AUPDATECONT="N" ENG="Total equity">자본총액</TD>
<TE WIDTH="130" HEIGHT="23" ACODE="SUB_CAP" VALIGN="MIDDLE" ALIGN="RIGHT">-</TE>
<TD ALIGN="CENTER" VALIGN="MIDDLE" WIDTH="156" HEIGHT="23" AUPDATECONT="N" ENG="Issued capital">자본금</TD>
<TE WIDTH="117" HEIGHT="23" ACODE="SUB_EQU" VALIGN="MIDDLE" ALIGN="RIGHT">-</TE>
</TR>

<TR ACOPY="N" ADELETE="N" HEIGHT="76">
<TD ALIGN="CENTER" VALIGN="MIDDLE" WIDTH="161" HEIGHT="69" AUPDATECONT="N" ENG="Representative (representative member or executive member)">대표자(대표조합원 또는업무집행조합원)</TD>
<TE WIDTH="421" HEIGHT="69" ACODE="SUB_REP" COLSPAN="3" VALIGN="MIDDLE" ALIGN="CENTER">-</TE>
</TR>

<TR ACOPY="N" ADELETE="N" HEIGHT="53">
<TD ALIGN="CENTER" VALIGN="MIDDLE" WIDTH="161" HEIGHT="46" AUPDATECONT="N" ENG="Decision-making body (decision-maker)">의사결정기구(의사결정권자)</TD>
<TE WIDTH="421" HEIGHT="46" ACODE="SUB_DEC" COLSPAN="3" VALIGN="MIDDLE" ALIGN="CENTER">-</TE>
</TR>

<TR ACOPY="N" ADELETE="N" HEIGHT="53">
<TD ALIGN="CENTER" VALIGN="MIDDLE" WIDTH="161" HEIGHT="46" AUPDATECONT="N" ENG="Largest shareholder (largest investor)">최대주주(최다출자자)</TD>
<TE WIDTH="130" HEIGHT="46" ACODE="SUB_LAR" VALIGN="MIDDLE" ALIGN="CENTER">-</TE>
<TD ALIGN="CENTER" VALIGN="MIDDLE" WIDTH="156" HEIGHT="46" AUPDATECONT="N" ENG="Shareholding ratio of the largest shareholder (%) (investment ratio of the largest investor)">최대주주 지분율(%)(최다출자자 출자비율)</TD>
<TE WIDTH="117" HEIGHT="46" ACODE="SUB_LRT" VALIGN="MIDDLE" ALIGN="RIGHT">-</TE>
</TR>
</TBODY>
</TABLE>
</TABLE-GROUP>
<P></P>

<P></P>
</SECTION-3>

<SECTION-3 ACLASS="MANDATORY">
<TITLE ATOC="Y" AASSOCNOTE="D-1-2-3-0" ENG="C. Collective investment business entity" ATOCID="8">다. 집합투자업자</TITLE>
<P>(보고자 또는 특별관계자가 규정 제3-10조 제2항에 따른 "집합투자기구"인 경우에 한함) </P>
<P>(1) 집합투자업자 개요</P>

<TABLE-GROUP ACLASS="ASST_MNG" ADELETETABLE="N">

<TABLE ACLASS="EXTRACTION" AFIXTABLE="N" WIDTH="660" BORDER="1">

<COLGROUP WIDTH="660">
<COL WIDTH="42"></COL>
<COL WIDTH="80"></COL>
<COL WIDTH="95"></COL>
<COL WIDTH="109"></COL>
<COL WIDTH="68"></COL>
<COL WIDTH="215"></COL>
<COL WIDTH="51"></COL>
</COLGROUP>

<THEAD>

<TR ACOPY="N" ADELETE="N" HEIGHT="53">
<TH VALIGN="MIDDLE" WIDTH="33" HEIGHT="46" ACOPYCOL="N" ADELETECOL="N" AMOVECOL="N" AUPDATECONT="N" ENG="Sequential No.">연번</TH>
<TH VALIGN="MIDDLE" WIDTH="71" HEIGHT="46" ACOPYCOL="N" ADELETECOL="N" AMOVECOL="N" AUPDATECONT="N" ENG="Name">명칭</TH>
<TH VALIGN="MIDDLE" WIDTH="86" HEIGHT="46" ACOPYCOL="N" ADELETECOL="N" AMOVECOL="N" AUPDATECONT="N" ENG="Business registration No., etc.">사업자등록번호 등</TH>
<TH VALIGN="MIDDLE" WIDTH="100" HEIGHT="46" ACOPYCOL="N" ADELETECOL="N" AMOVECOL="N" AUPDATECONT="N" ENG="Target collective investment scheme">대상 집합투자기구</TH>
<TH VALIGN="MIDDLE" WIDTH="59" HEIGHT="46" ACOPYCOL="N" ADELETECOL="N" AMOVECOL="N" AUPDATECONT="N" ENG="Nationality">국적</TH>
<TH VALIGN="MIDDLE" WIDTH="206" HEIGHT="46" ACOPYCOL="N" ADELETECOL="N" AMOVECOL="N" AUPDATECONT="N" ENG="Address (Location)">주  소(소재지)</TH>
<TH VALIGN="MIDDLE" WIDTH="42" HEIGHT="46" ACOPYCOL="N" ADELETECOL="N" AMOVECOL="N" AUPDATECONT="N" ENG="Note">비고</TH>
</TR>
</THEAD>

<TBODY>

<TR ACOPY="Y" ADELETE="N" HEIGHT="30">
<TE ALIGN="CENTER" VALIGN="MIDDLE" WIDTH="33" HEIGHT="23" ACODE="SEQ_NO">-</TE>
<TE ALIGN="CENTER" VALIGN="MIDDLE" WIDTH="71" HEIGHT="23" ACODE="SPC_NM">-</TE>
<TE ALIGN="CENTER" VALIGN="MIDDLE" WIDTH="86" HEIGHT="23" ACODE="SPC_ID2">-</TE>
<TE ALIGN="CENTER" VALIGN="MIDDLE" WIDTH="100" HEIGHT="23" ACODE="TGT_INV">-</TE>
<TE ALIGN="CENTER" VALIGN="MIDDLE" WIDTH="59" HEIGHT="23" ACODE="SPC_NT">-</TE>
<TE VALIGN="MIDDLE" WIDTH="206" HEIGHT="23" ACODE="ADR2">-</TE>
<TE VALIGN="MIDDLE" WIDTH="42" HEIGHT="23" ACODE="RMK">-</TE>
</TR>
</TBODY>
</TABLE>
</TABLE-GROUP>
<P></P>
<P>(2) 집합투자업자에 대한 구체적인 사항- 해당사항 없음.</P>
<P></P>
</SECTION-3>
</SECTION-2>

<SECTION-2 ACLASS="MANDATORY">
<TITLE ATOC="Y" AASSOCNOTE="D-1-3-0-0" ENG="3. Number of stocks, etc. held and holding ratio" ATOCID="9">3. 보유주식등의 수 및 보유비율</TITLE>

<TABLE-GROUP ACLASS="BFR_IFR" ADELETETABLE="N">

<TABLE ACLASS="EXTRACTION" AFIXTABLE="Y" WIDTH="900" BORDER="1">

<COLGROUP WIDTH="900">
<COL WIDTH="93"></COL>
<COL WIDTH="137"></COL>
<COL WIDTH="135"></COL>
<COL WIDTH="108"></COL>
<COL WIDTH="98"></COL>
<COL WIDTH="55"></COL>
<COL WIDTH="63"></COL>
<COL WIDTH="48"></COL>
<COL WIDTH="163"></COL>
</COLGROUP>

<THEAD>

<TR ACOPY="Y" ADELETE="Y" HEIGHT="30">
<TH ROWSPAN="2" VALIGN="MIDDLE" WIDTH="84" HEIGHT="76" ACOPYCOL="Y" ADELETECOL="Y" AMOVECOL="N" AUPDATECONT="N"></TH>
<TH ROWSPAN="2" VALIGN="MIDDLE" WIDTH="128" HEIGHT="76" ACOPYCOL="Y" ADELETECOL="Y" AMOVECOL="N" AUPDATECONT="N" ENG="Report preparation date:">보고서작성기준일</TH>
<TH COLSPAN="2" VALIGN="MIDDLE" WIDTH="234" HEIGHT="23" ACOPYCOL="Y" ADELETECOL="Y" AMOVECOL="N" AUPDATECONT="N" ENG="Reporting entity">보고자</TH>
<TH COLSPAN="2" VALIGN="MIDDLE" WIDTH="144" HEIGHT="23" ACOPYCOL="Y" ADELETECOL="Y" AMOVECOL="N" AUPDATECONT="N" ENG="Stocks, etc.">주식등</TH>
<TH COLSPAN="2" VALIGN="MIDDLE" WIDTH="102" HEIGHT="23" ACOPYCOL="Y" ADELETECOL="Y" AMOVECOL="N" AUPDATECONT="N" ENG="Share certificates">주권</TH>
<TH ROWSPAN="2" VALIGN="MIDDLE" WIDTH="154" HEIGHT="76" ACOPYCOL="Y" ADELETECOL="Y" AMOVECOL="N" AUPDATECONT="N" ENG="Total number of voting shares (shrs.)">의결권 있는 발행주식총수(주)</TH>
</TR>

<TR ACOPY="Y" ADELETE="Y" HEIGHT="53">
<TH VALIGN="MIDDLE" WIDTH="126" HEIGHT="46" ACOPYCOL="Y" ADELETECOL="Y" AMOVECOL="N" AUPDATECONT="N" ENG="Name">본인 성명</TH>
<TH VALIGN="MIDDLE" WIDTH="99" HEIGHT="46" ACOPYCOL="Y" ADELETECOL="Y" AMOVECOL="N" AUPDATECONT="N" ENG="Number of specially related parties">특별관계자수</TH>
<TH VALIGN="MIDDLE" WIDTH="89" HEIGHT="46" ACOPYCOL="Y" ADELETECOL="Y" AMOVECOL="N" AUPDATECONT="N" ENG="Number of shares, etc. (shrs.)">주식등의 수(주)</TH>
<TH VALIGN="MIDDLE" WIDTH="46" HEIGHT="46" ACOPYCOL="Y" ADELETECOL="Y" AMOVECOL="N" AUPDATECONT="N" ENG="Ratio (%)">비율(%)</TH>
<TH VALIGN="MIDDLE" WIDTH="54" HEIGHT="46" ACOPYCOL="Y" ADELETECOL="Y" AMOVECOL="N" AUPDATECONT="N" ENG="Number of shares (shrs.)">주식수(주)</TH>
<TH VALIGN="MIDDLE" WIDTH="39" HEIGHT="46" ACOPYCOL="Y" ADELETECOL="Y" AMOVECOL="N" AUPDATECONT="N" ENG="Ratio (%)">비율(%)</TH>
</TR>
</THEAD>

<TBODY>

<TR ACOPY="Y" ADELETE="Y" HEIGHT="30">
<TD ALIGN="CENTER" VALIGN="MIDDLE" WIDTH="84" HEIGHT="23" AUPDATECONT="N" ENG="Previous report">직전보고서</TD>
<TU ALIGN="CENTER" VALIGN="MIDDLE" WIDTH="128" HEIGHT="23" AUNIT="BFR_RPT_DT" AUNITVALUE="20250109">2025년 01월 09일</TU>
<TE ALIGN="CENTER" VALIGN="MIDDLE" WIDTH="126" HEIGHT="23" ACODE="BFR_IFR">이화전기공업(주)</TE>
<TE ALIGN="RIGHT" VALIGN="MIDDLE" WIDTH="99" HEIGHT="23" ACODE="BFR_RPT_CNT">1</TE>
<TE ALIGN="RIGHT" VALIGN="MIDDLE" WIDTH="89" HEIGHT="23" ACODE="BFR_STK_CNT">1,879,699</TE>
<TE ALIGN="RIGHT" VALIGN="MIDDLE" WIDTH="46" HEIGHT="23" ACODE="BFR_STK_RT">11.66</TE>
<TE ALIGN="RIGHT" VALIGN="MIDDLE" WIDTH="54" HEIGHT="23" ACODE="BFR_CMT_CNT">-</TE>
<TE ALIGN="RIGHT" VALIGN="MIDDLE" WIDTH="39" HEIGHT="23" ACODE="BFR_CMT_RT">-</TE>
<TE ALIGN="RIGHT" VALIGN="MIDDLE" WIDTH="154" HEIGHT="23" ACODE="BFR_STK_CT">14,235,530</TE>
</TR>

<TR ACOPY="Y" ADELETE="Y" HEIGHT="30">
<TD ALIGN="CENTER" VALIGN="MIDDLE" WIDTH="84" HEIGHT="23" AUPDATECONT="N" ENG="Current report">이번보고서</TD>
<TU ALIGN="CENTER" VALIGN="MIDDLE" WIDTH="128" HEIGHT="23" AUNIT="THS_RPT_DT" AUNITVALUE="20260106">2026년 01월 06일</TU>
<TE ALIGN="CENTER" VALIGN="MIDDLE" WIDTH="126" HEIGHT="23" ACODE="THS_IFR">이화전기공업(주)</TE>
<TE ALIGN="RIGHT" VALIGN="MIDDLE" WIDTH="99" HEIGHT="23" ACODE="THS_RPT_CNT">1</TE>
<TE ALIGN="RIGHT" VALIGN="MIDDLE" WIDTH="89" HEIGHT="23" ACODE="THS_STK_CNT">0</TE>
<TE ALIGN="RIGHT" VALIGN="MIDDLE" WIDTH="46" HEIGHT="23" ACODE="THS_STK_RT">0</TE>
<TE ALIGN="RIGHT" VALIGN="MIDDLE" WIDTH="54" HEIGHT="23" ACODE="THS_CMT_CNT">-</TE>
<TE ALIGN="RIGHT" VALIGN="MIDDLE" WIDTH="39" HEIGHT="23" ACODE="THS_CMT_RT">-</TE>
<TE ALIGN="RIGHT" VALIGN="MIDDLE" WIDTH="154" HEIGHT="23" ACODE="THS_STK_CT">46,661,573</TE>
</TR>

<TR ACOPY="Y" ADELETE="Y" HEIGHT="30">
<TD COLSPAN="4" ALIGN="CENTER" VALIGN="MIDDLE" WIDTH="464" HEIGHT="23" AUPDATECONT="N" ENG="Increase or decrease">증    감</TD>
<TE ALIGN="RIGHT" VALIGN="MIDDLE" WIDTH="89" HEIGHT="23" ACODE="MDF_STK_CNT">-1,879,699</TE>
<TE ALIGN="RIGHT" VALIGN="MIDDLE" WIDTH="46" HEIGHT="23" ACODE="MDF_STK_RT">-11.66</TE>
<TE ALIGN="RIGHT" VALIGN="MIDDLE" WIDTH="54" HEIGHT="23" ACODE="MDF_CMT_CNT">-</TE>
<TE ALIGN="RIGHT" VALIGN="MIDDLE" WIDTH="39" HEIGHT="23" ACODE="MDF_CMT_RT">-</TE>
<TE ALIGN="RIGHT" VALIGN="MIDDLE" WIDTH="154" HEIGHT="23" ACODE="MDF_STK_CT">32,426,043</TE>
</TR>
</TBODY>
</TABLE>
</TABLE-GROUP>
<P></P>
</SECTION-2>

<SECTION-2 ACLASS="MANDATORY">
<TITLE ATOC="Y" AASSOCNOTE="D-1-4-0-0" ENG="4. Reasons for change [Modification]" ATOCID="10">4. 변동[변경]사유</TITLE>

<TABLE-GROUP ACLASS="CHN_RSN_DTL" ADELETETABLE="N">

<TABLE ACLASS="EXTRACTION" AFIXTABLE="Y" WIDTH="600" BORDER="1">

<COLGROUP WIDTH="600">
<COL WIDTH="106"></COL>
<COL WIDTH="494"></COL>
</COLGROUP>

<TBODY>

<TR ACOPY="Y" ADELETE="Y" HEIGHT="30">
<TD ALIGN="CENTER" VALIGN="MIDDLE" WIDTH="97" HEIGHT="23" AUPDATECONT="N" ENG="Method of change">변동방법</TD>
<TE WIDTH="485" HEIGHT="23" ACODE="CHN_HOW">전환사채 장외 매도</TE>
</TR>

<TR ACOPY="Y" ADELETE="Y" HEIGHT="30">
<TD ALIGN="CENTER" VALIGN="MIDDLE" WIDTH="97" HEIGHT="23" AUPDATECONT="N" ENG="Reasons for the change">변동사유</TD>
<TE WIDTH="485" HEIGHT="23" ACODE="CHN_RSN">전환사채 장외 매도</TE>
</TR>

<TR ACOPY="Y" ADELETE="Y" HEIGHT="30">
<TD ALIGN="CENTER" VALIGN="MIDDLE" WIDTH="97" HEIGHT="23" AUPDATECONT="N" ENG="Reasons for change">변경사유</TD>
<TE WIDTH="485" HEIGHT="23" ACODE="CHN_RSM">-</TE>
</TR>
</TBODY>
</TABLE>
</TABLE-GROUP>
<P></P>
<P></P>
</SECTION-2>

</SECTION-1><SECTION-1 ACLASS="MANDATORY" APARTSOURCE="SOURCE">
<TITLE ATOC="Y" ENG="Part 2 Details of Significant Holdings" ATOCID="11">제2부 대량보유내역</TITLE>
<P></P>

<SECTION-2 ACLASS="MANDATORY">
<TITLE ATOC="Y" AASSOCNOTE="D-2-1-0-0" ENG="1. Details of reporting entity and specially related parties’ holdings by stock class, etc." ATOCID="12">1. 보고자 및 특별관계자의 주식등의 종류별 보유내역</TITLE>

<TABLE-GROUP ACLASS="CST_CNT1" ADELETETABLE="N">

<TABLE ACLASS="EXTRACTION" AFIXTABLE="N" WIDTH="1135" BORDER="1">

<COLGROUP WIDTH="1135">
<COL WIDTH="63"></COL>
<COL WIDTH="135"></COL>
<COL WIDTH="114"></COL>
<COL WIDTH="63"></COL>
<COL WIDTH="113"></COL>
<COL WIDTH="113"></COL>
<COL WIDTH="78"></COL>
<COL WIDTH="63"></COL>
<COL WIDTH="78"></COL>
<COL WIDTH="63"></COL>
<COL WIDTH="108"></COL>
<COL WIDTH="48"></COL>
<COL WIDTH="48"></COL>
<COL WIDTH="48"></COL>
</COLGROUP>

<THEAD>

<TR ACOPY="N" ADELETE="N" HEIGHT="30">
<TH ROWSPAN="3" VALIGN="MIDDLE" WIDTH="54" ACOPYCOL="N" ADELETECOL="N" AMOVECOL="N" AUPDATECONT="N" ENG="Relationship" HEIGHT="129">관 계</TH>
<TH ROWSPAN="3" VALIGN="MIDDLE" WIDTH="126" ACOPYCOL="N" ADELETECOL="N" AMOVECOL="N" AUPDATECONT="N" ENG="Name (Title)" HEIGHT="129">성 명(명칭)</TH>
<TH ROWSPAN="3" VALIGN="MIDDLE" WIDTH="105" ACOPYCOL="N" ADELETECOL="N" AMOVECOL="N" AUPDATECONT="N" ENG="Date of birth or business registration No., etc." HEIGHT="129">생년월일또는사업자등록번호 등</TH>
<TH COLSPAN="11" VALIGN="MIDDLE" WIDTH="814" ACOPYCOL="N" ADELETECOL="N" AMOVECOL="N" AUPDATECONT="N" ENG="Details of stocks held, etc." HEIGHT="23">보유주식등의 내역</TH>
</TR>

<TR ACOPY="N" ADELETE="N" HEIGHT="30">
<TH COLSPAN="3" VALIGN="MIDDLE" ACOPYCOL="N" ADELETECOL="N" AMOVECOL="N" AUPDATECONT="N" ENG="Share certificates" WIDTH="280" HEIGHT="23">주 권</TH>
<TH ROWSPAN="2" VALIGN="MIDDLE" ACOPYCOL="N" ADELETECOL="N" AMOVECOL="N" AUPDATECONT="N" ENG="Those with warrants" WIDTH="69" HEIGHT="99">신주인수권이표시된것</TH>
<TH ROWSPAN="2" VALIGN="MIDDLE" ACOPYCOL="N" ADELETECOL="N" AMOVECOL="N" AUPDATECONT="N" ENG="Convertible bonds" WIDTH="54" HEIGHT="99">전환사채권</TH>
<TH ROWSPAN="2" VALIGN="MIDDLE" ACOPYCOL="N" ADELETECOL="N" AMOVECOL="N" AUPDATECONT="N" ENG="Bonds with warrants" WIDTH="69" HEIGHT="99">신주인수권부사채권</TH>
<TH ROWSPAN="2" VALIGN="MIDDLE" ACOPYCOL="N" ADELETECOL="N" AMOVECOL="N" AUPDATECONT="N" ENG="Exchangeable bonds" WIDTH="54" HEIGHT="99">교환사채권</TH>
<TH ROWSPAN="2" VALIGN="MIDDLE" ACOPYCOL="N" ADELETECOL="N" AMOVECOL="N" AUPDATECONT="N" ENG="Depositary receipts" WIDTH="99" HEIGHT="99">증권예탁증권</TH>
<TH ROWSPAN="2" VALIGN="MIDDLE" ACOPYCOL="N" ADELETECOL="N" AMOVECOL="N" AUPDATECONT="N" ENG="Others" WIDTH="39" HEIGHT="99">기타</TH>
<TH COLSPAN="2" VALIGN="MIDDLE" ACOPYCOL="N" ADELETECOL="N" AMOVECOL="N" AUPDATECONT="N" ENG="Total" WIDTH="87" HEIGHT="23">합 계</TH>
</TR>

<TR ACOPY="N" ADELETE="N" HEIGHT="76">
<TH VALIGN="MIDDLE" ACOPYCOL="N" ADELETECOL="N" AMOVECOL="N" AUPDATECONT="N" ENG="Voting share" WIDTH="54" HEIGHT="69">의결권있는주식</TH>
<TH VALIGN="MIDDLE" ACOPYCOL="N" ADELETECOL="N" AMOVECOL="N" AUPDATECONT="N" ENG="Stocks to be redeemed with voting share" WIDTH="104" HEIGHT="69">의결권있는 주식으로상환될주식</TH>
<TH VALIGN="MIDDLE" ACOPYCOL="N" ADELETECOL="N" AMOVECOL="N" AUPDATECONT="N" ENG="Stocks to be converted to voting share" WIDTH="104" HEIGHT="69">의결권있는 주식으로전환될 주식</TH>
<TH VALIGN="MIDDLE" ACOPYCOL="N" ADELETECOL="N" AMOVECOL="N" AUPDATECONT="N" ENG="Number of shares (shrs.)" WIDTH="39" HEIGHT="69">주수(주)</TH>
<TH VALIGN="MIDDLE" ACOPYCOL="N" ADELETECOL="N" AMOVECOL="N" AUPDATECONT="N" ENG="Ratio (%)" WIDTH="39" HEIGHT="69">비율(%)</TH>
</TR>
</THEAD>

<TBODY>

<TR ACOPY="N" ADELETE="N" HEIGHT="30">
<TD ALIGN="CENTER" VALIGN="MIDDLE" AUPDATECONT="N" ENG="Reporting entity" WIDTH="54" HEIGHT="23">보고자</TD>
<TE ALIGN="CENTER" VALIGN="MIDDLE" ACODE="SPC_NM" WIDTH="126" HEIGHT="23">이화전기공업(주)</TE>
<TE ALIGN="CENTER" VALIGN="MIDDLE" ACODE="SPC_ID2" WIDTH="105" HEIGHT="23">215-81-04548</TE>
<TE ALIGN="RIGHT" VALIGN="MIDDLE" ACODE="ATK_CNT" WIDTH="54" HEIGHT="23">-</TE>
<TE ALIGN="RIGHT" VALIGN="MIDDLE" ACODE="REP_CNT" WIDTH="104" HEIGHT="23">-</TE>
<TE ALIGN="RIGHT" VALIGN="MIDDLE" ACODE="CHN_CNT" WIDTH="104" HEIGHT="23">-</TE>
<TE ALIGN="RIGHT" VALIGN="MIDDLE" ACODE="ACC_CNT" WIDTH="69" HEIGHT="23">-</TE>
<TE ALIGN="RIGHT" VALIGN="MIDDLE" ACODE="CB_CNT" WIDTH="54" HEIGHT="23">-</TE>
<TE ALIGN="RIGHT" VALIGN="MIDDLE" ACODE="LN_CNT" WIDTH="69" HEIGHT="23">-</TE>
<TE ALIGN="RIGHT" VALIGN="MIDDLE" ACODE="EB_CNT" WIDTH="54" HEIGHT="23">-</TE>
<TE ALIGN="RIGHT" VALIGN="MIDDLE" ACODE="CF_CNT" WIDTH="99" HEIGHT="23">-</TE>
<TE ALIGN="RIGHT" VALIGN="MIDDLE" ACODE="ET_CNT" WIDTH="39" HEIGHT="23">-</TE>
<TE ALIGN="RIGHT" VALIGN="MIDDLE" ACODE="STK_CNT" WIDTH="39" HEIGHT="23">-</TE>
<TE ALIGN="RIGHT" VALIGN="MIDDLE" ACODE="STK_RT" WIDTH="39" HEIGHT="23">-</TE>
</TR>

<TR ACOPY="N" ADELETE="N" HEIGHT="30">
<TD ROWSPAN="2" ALIGN="CENTER" VALIGN="MIDDLE" AUPDATECONT="N" ENG="Specially related parties" WIDTH="54" HEIGHT="53">특별관계자</TD>
<TE ALIGN="CENTER" VALIGN="MIDDLE" ACODE="SPC_NM" WIDTH="126" HEIGHT="23">-</TE>
<TE ALIGN="CENTER" VALIGN="MIDDLE" ACODE="SPC_ID2" WIDTH="105" HEIGHT="23">-</TE>
<TE ALIGN="RIGHT" VALIGN="MIDDLE" ACODE="ATK_CNT" WIDTH="54" HEIGHT="23">-</TE>
<TE ALIGN="RIGHT" VALIGN="MIDDLE" ACODE="REP_CNT" WIDTH="104" HEIGHT="23">-</TE>
<TE ALIGN="RIGHT" VALIGN="MIDDLE" ACODE="CHN_CNT" WIDTH="104" HEIGHT="23">-</TE>
<TE ALIGN="RIGHT" VALIGN="MIDDLE" ACODE="ACC_CNT" WIDTH="69" HEIGHT="23">-</TE>
<TE ALIGN="RIGHT" VALIGN="MIDDLE" ACODE="CB_CNT" WIDTH="54" HEIGHT="23">-</TE>
<TE ALIGN="RIGHT" VALIGN="MIDDLE" ACODE="LN_CNT" WIDTH="69" HEIGHT="23">-</TE>
<TE ALIGN="RIGHT" VALIGN="MIDDLE" ACODE="EB_CNT" WIDTH="54" HEIGHT="23">-</TE>
<TE ALIGN="RIGHT" VALIGN="MIDDLE" ACODE="CF_CNT" WIDTH="99" HEIGHT="23">-</TE>
<TE ALIGN="RIGHT" VALIGN="MIDDLE" ACODE="ET_CNT" WIDTH="39" HEIGHT="23">-</TE>
<TE ALIGN="RIGHT" VALIGN="MIDDLE" ACODE="STK_CNT" WIDTH="39" HEIGHT="23">-</TE>
<TE ALIGN="RIGHT" VALIGN="MIDDLE" ACODE="STK_RT" WIDTH="39" HEIGHT="23">-</TE>
</TR>

<TR ACOPY="Y" ADELETE="N" HEIGHT="30">
<TE ALIGN="CENTER" VALIGN="MIDDLE" ACODE="SPC_NM" WIDTH="126" HEIGHT="23">-</TE>
<TE ALIGN="CENTER" VALIGN="MIDDLE" ACODE="SPC_ID2" WIDTH="105" HEIGHT="23">-</TE>
<TE ALIGN="RIGHT" VALIGN="MIDDLE" ACODE="ATK_CNT" WIDTH="54" HEIGHT="23">-</TE>
<TE ALIGN="RIGHT" VALIGN="MIDDLE" ACODE="REP_CNT" WIDTH="104" HEIGHT="23">-</TE>
<TE ALIGN="RIGHT" VALIGN="MIDDLE" ACODE="CHN_CNT" WIDTH="104" HEIGHT="23">-</TE>
<TE ALIGN="RIGHT" VALIGN="MIDDLE" ACODE="ACC_CNT" WIDTH="69" HEIGHT="23">-</TE>
<TE ALIGN="RIGHT" VALIGN="MIDDLE" ACODE="CB_CNT" WIDTH="54" HEIGHT="23">-</TE>
<TE ALIGN="RIGHT" VALIGN="MIDDLE" ACODE="LN_CNT" WIDTH="69" HEIGHT="23">-</TE>
<TE ALIGN="RIGHT" VALIGN="MIDDLE" ACODE="EB_CNT" WIDTH="54" HEIGHT="23">-</TE>
<TE ALIGN="RIGHT" VALIGN="MIDDLE" ACODE="CF_CNT" WIDTH="99" HEIGHT="23">-</TE>
<TE ALIGN="RIGHT" VALIGN="MIDDLE" ACODE="ET_CNT" WIDTH="39" HEIGHT="23">-</TE>
<TE ALIGN="RIGHT" VALIGN="MIDDLE" ACODE="STK_CNT" WIDTH="39" HEIGHT="23">-</TE>
<TE ALIGN="RIGHT" VALIGN="MIDDLE" ACODE="STK_RT" WIDTH="39" HEIGHT="23">-</TE>
</TR>

<TR ACOPY="N" ADELETE="N" HEIGHT="30">
<TD ROWSPAN="2" COLSPAN="3" ALIGN="CENTER" VALIGN="MIDDLE" AUPDATECONT="N" WIDTH="303" HEIGHT="53"></TD>
<TD ALIGN="CENTER" VALIGN="MIDDLE" AUPDATECONT="N" ROWSPAN="2" WIDTH="54" HEIGHT="53">A</TD>
<TD ALIGN="CENTER" VALIGN="MIDDLE" AUPDATECONT="N" WIDTH="104" HEIGHT="23">a1</TD>
<TD ALIGN="CENTER" VALIGN="MIDDLE" AUPDATECONT="N" WIDTH="104" HEIGHT="23">a2</TD>
<TD ALIGN="CENTER" VALIGN="MIDDLE" AUPDATECONT="N" WIDTH="69" HEIGHT="23">B</TD>
<TD ALIGN="CENTER" VALIGN="MIDDLE" AUPDATECONT="N" WIDTH="54" HEIGHT="23">C</TD>
<TD ALIGN="CENTER" VALIGN="MIDDLE" AUPDATECONT="N" WIDTH="69" HEIGHT="23">D</TD>
<TD ALIGN="CENTER" VALIGN="MIDDLE" AUPDATECONT="N" WIDTH="54" HEIGHT="23">E</TD>
<TD ALIGN="CENTER" VALIGN="MIDDLE" AUPDATECONT="N" WIDTH="99" HEIGHT="23">F</TD>
<TD ALIGN="CENTER" VALIGN="MIDDLE" AUPDATECONT="N" WIDTH="39" HEIGHT="23">G</TD>
<TD ROWSPAN="2" ALIGN="CENTER" VALIGN="MIDDLE" AUPDATECONT="N" WIDTH="39" HEIGHT="53"></TD>
<TD ROWSPAN="2" ALIGN="CENTER" VALIGN="MIDDLE" AUPDATECONT="N" WIDTH="39" HEIGHT="53"></TD>
</TR>

<TR ACOPY="N" ADELETE="N" HEIGHT="30">
<TD COLSPAN="8" ALIGN="CENTER" VALIGN="MIDDLE" AUPDATECONT="N" WIDTH="655" HEIGHT="23">H</TD>
</TR>
</TBODY>
</TABLE>
</TABLE-GROUP>
<P></P>

<TABLE-GROUP ACLASS="HLD_RT" ADELETETABLE="N">

<TABLE ACLASS="EXTRACTION" AFIXTABLE="Y" WIDTH="600" BORDER="1">

<COLGROUP WIDTH="600">
<COL WIDTH="124"></COL>
<COL WIDTH="163"></COL>
<COL WIDTH="176"></COL>
<COL WIDTH="137"></COL>
</COLGROUP>

<THEAD>

<TR ACOPY="Y" ADELETE="Y" HEIGHT="30">
<TH ROWSPAN="2" VALIGN="MIDDLE" WIDTH="115" HEIGHT="99" ACOPYCOL="Y" ADELETECOL="Y" AMOVECOL="N" AUPDATECONT="N" ENG="Total number of voting shares (I)">의결권있는발행주식 총수(I)</TH>
<TH ROWSPAN="2" VALIGN="MIDDLE" WIDTH="154" HEIGHT="99" ACOPYCOL="Y" ADELETECOL="Y" AMOVECOL="N" AUPDATECONT="N" ENG="Number of potential shares held (a1+a2+B+C+D+E+F+G=H)">보유잠재주식의 수(a1+a2+B+C+D+E+F+G=H)</TH>
<TH COLSPAN="2" VALIGN="MIDDLE" WIDTH="304" HEIGHT="23" ACOPYCOL="Y" ADELETECOL="Y" AMOVECOL="N" AUPDATECONT="N" ENG="Holding ratio (%)">보유비율(%)</TH>
</TR>

<TR ACOPY="Y" ADELETE="Y" HEIGHT="76">
<TH VALIGN="MIDDLE" WIDTH="167" HEIGHT="69" ACOPYCOL="Y" ADELETECOL="Y" AMOVECOL="N" AUPDATECONT="N" ENG="Holding ratio of stocks, etc. [A+H / I+H-(E+F+G)※] × 100">주식등의 보유비율[A+H / I+H-(E+F+G)※] × 100 </TH>
<TH VALIGN="MIDDLE" WIDTH="128" HEIGHT="69" ACOPYCOL="Y" ADELETECOL="Y" AMOVECOL="N" AUPDATECONT="N" ENG="Holding ratio of share certificates (A / I) ×  100">주권의 보유비율(A / I) × 100  </TH>
</TR>
</THEAD>

<TBODY>

<TR ACOPY="Y" ADELETE="Y" HEIGHT="30">
<TE ALIGN="RIGHT" WIDTH="115" HEIGHT="23" ACODE="VOT_STK_CNT">46,661,573</TE>
<TE ALIGN="RIGHT" WIDTH="154" HEIGHT="23" ACODE="HLD_STK_CNT">-</TE>
<TE ALIGN="RIGHT" WIDTH="167" HEIGHT="23" ACODE="HLD_STK_RT">-</TE>
<TE ALIGN="RIGHT" WIDTH="128" HEIGHT="23" ACODE="HLD_CMT_RT">-</TE>
</TR>
</TBODY>
</TABLE>
</TABLE-GROUP>
<P>※ 교환대상이 주식인 교환사채권, 기초자산이 주식인 증권예탁증권ㆍ파생결합증권 및 자기주식을 교부하는 주식매수선택권 등에 한하여 분모에서 제외하고 보유비율을 산정</P>
<P></P>

</SECTION-2><SECTION-2 ACLASS="MANDATORY">
<TITLE ATOC="Y" AASSOCNOTE="D-2-2-0-0" ENG="2. Details of holding by own account and customer account (Financial institutions only)" ATOCID="13">2. 자기계정 및 고객계정별 보유내역(금융기관에 한함)</TITLE>

<TABLE-GROUP ACLASS="SF_CNS" ADELETETABLE="N">

<TABLE ACLASS="EXTRACTION" AFIXTABLE="N" WIDTH="700" BORDER="1">

<COLGROUP WIDTH="700">
<COL WIDTH="84"></COL>
<COL WIDTH="89"></COL>
<COL WIDTH="107"></COL>
<COL WIDTH="75"></COL>
<COL WIDTH="105"></COL>
<COL WIDTH="70"></COL>
<COL WIDTH="98"></COL>
<COL WIDTH="72"></COL>
</COLGROUP>

<THEAD>

<TR ACOPY="N" ADELETE="N" HEIGHT="30">
<TH ROWSPAN="2" VALIGN="MIDDLE" WIDTH="75" HEIGHT="53" ACOPYCOL="N" ADELETECOL="N" AMOVECOL="N" AUPDATECONT="N" ENG="Name">명칭</TH>
<TH ROWSPAN="2" VALIGN="MIDDLE" WIDTH="80" HEIGHT="53" ACOPYCOL="N" ADELETECOL="N" AMOVECOL="N" AUPDATECONT="N" ENG="Relationship to the reporting entity">보고자와의관계</TH>
<TH COLSPAN="4" WIDTH="348" HEIGHT="23" ACOPYCOL="N" ADELETECOL="N" AMOVECOL="N" AUPDATECONT="N" ENG="Details by account">계정별 내역</TH>
<TH COLSPAN="2" WIDTH="161" HEIGHT="23" ACOPYCOL="N" ADELETECOL="N" AMOVECOL="N" AUPDATECONT="N" ENG="Total">합  계</TH>
</TR>

<TR ACOPY="N" ADELETE="N" HEIGHT="30">
<TH WIDTH="98" HEIGHT="23" ACOPYCOL="N" ADELETECOL="N" AMOVECOL="N" AUPDATECONT="N" ENG="Own account (shrs.)">자기계정(주)</TH>
<TH WIDTH="66" HEIGHT="23" ACOPYCOL="N" ADELETECOL="N" AMOVECOL="N" AUPDATECONT="N" ENG="Ratio (%)">비율(%)</TH>
<TH WIDTH="96" HEIGHT="23" ACOPYCOL="N" ADELETECOL="N" AMOVECOL="N" AUPDATECONT="N" ENG="Customer account (shrs.)">고객계정(주)</TH>
<TH WIDTH="61" HEIGHT="23" ACOPYCOL="N" ADELETECOL="N" AMOVECOL="N" AUPDATECONT="N" ENG="Ratio (%)">비율(%)</TH>
<TH WIDTH="89" HEIGHT="23" ACOPYCOL="N" ADELETECOL="N" AMOVECOL="N" AUPDATECONT="N" ENG="Total (shrs.)">계(주)</TH>
<TH WIDTH="63" HEIGHT="23" ACOPYCOL="N" ADELETECOL="N" AMOVECOL="N" AUPDATECONT="N" ENG="Ratio (%)">비율(%)</TH>
</TR>
</THEAD>

<TBODY>

<TR ACOPY="Y" ADELETE="N" HEIGHT="30">
<TE ALIGN="CENTER" VALIGN="MIDDLE" WIDTH="75" HEIGHT="23" ACODE="SPC_NM">-</TE>
<TU ALIGN="CENTER" VALIGN="MIDDLE" WIDTH="80" HEIGHT="23" AUNIT="IFR_RLT2" AUNITVALUE="-" ENG="-">-</TU>
<TE ALIGN="RIGHT" VALIGN="MIDDLE" WIDTH="98" HEIGHT="23" ACODE="SF_CNT">-</TE>
<TE ALIGN="RIGHT" VALIGN="MIDDLE" WIDTH="66" HEIGHT="23" ACODE="SF_RT">-</TE>
<TE ALIGN="RIGHT" VALIGN="MIDDLE" WIDTH="96" HEIGHT="23" ACODE="CNS_CNT">-</TE>
<TE ALIGN="RIGHT" VALIGN="MIDDLE" WIDTH="61" HEIGHT="23" ACODE="CNS_RT">-</TE>
<TE ALIGN="RIGHT" VALIGN="MIDDLE" WIDTH="89" HEIGHT="23" ACODE="CNT_SUM">-</TE>
<TE ALIGN="RIGHT" VALIGN="MIDDLE" WIDTH="63" HEIGHT="23" ACODE="RT_SUM">-</TE>
</TR>

<TR ACOPY="N" ADELETE="N" HEIGHT="30">
<TD COLSPAN="2" ALIGN="CENTER" VALIGN="MIDDLE" WIDTH="164" HEIGHT="23" AUPDATECONT="N" ENG="Total">합  계</TD>
<TE ALIGN="RIGHT" VALIGN="MIDDLE" WIDTH="98" HEIGHT="23" ACODE="SF_CNT_SUM">-</TE>
<TE ALIGN="RIGHT" VALIGN="MIDDLE" WIDTH="66" HEIGHT="23" ACODE="SF_RT_SUM">-</TE>
<TE ALIGN="RIGHT" VALIGN="MIDDLE" WIDTH="96" HEIGHT="23" ACODE="CNS_CNT_SUM">-</TE>
<TE ALIGN="RIGHT" VALIGN="MIDDLE" WIDTH="61" HEIGHT="23" ACODE="CNS_RT_SUM">-</TE>
<TE ALIGN="RIGHT" VALIGN="MIDDLE" WIDTH="89" HEIGHT="23" ACODE="ALL_CNT_SUM">-</TE>
<TE ALIGN="RIGHT" VALIGN="MIDDLE" WIDTH="63" HEIGHT="23" ACODE="ALL_RT_SUM">-</TE>
</TR>
</TBODY>
</TABLE>
</TABLE-GROUP>
<P></P>
<PGBRK></PGBRK>
</SECTION-2>
</SECTION-1>

<SECTION-1 ACLASS="MANDATORY" APARTSOURCE="SOURCE">
<TITLE ATOC="Y" ENG="Part 3 Significant Changes Since the Last Reporting Date" ATOCID="14">제3부 직전보고일 이후 대량변동 내역</TITLE>
<P></P>

<SECTION-2 ACLASS="MANDATORY">
<TITLE ATOC="Y" AASSOCNOTE="D-3-1-0-0" ENG="1. Summary of changes" ATOCID="15">1. 변동내역 총괄표</TITLE>

<SECTION-3 ACLASS="MANDATORY">
<TITLE ATOC="Y" ENG="A. Details of changes in stocks, etc." ATOCID="16">가. 주식등의 변동내역</TITLE>

<TABLE-GROUP ACLASS="CST_CNT2" ADELETETABLE="N">

<TABLE ACLASS="EXTRACTION" AFIXTABLE="N" WIDTH="1223" BORDER="1">

<COLGROUP WIDTH="1223">
<COL WIDTH="63"></COL>
<COL WIDTH="135"></COL>
<COL WIDTH="114"></COL>
<COL WIDTH="63"></COL>
<COL WIDTH="113"></COL>
<COL WIDTH="113"></COL>
<COL WIDTH="83"></COL>
<COL WIDTH="83"></COL>
<COL WIDTH="83"></COL>
<COL WIDTH="82"></COL>
<COL WIDTH="82"></COL>
<COL WIDTH="52"></COL>
<COL WIDTH="92"></COL>
<COL WIDTH="65"></COL>
</COLGROUP>

<THEAD>

<TR ACOPY="N" ADELETE="N" HEIGHT="30">
<TH ROWSPAN="3" VALIGN="MIDDLE" WIDTH="54" HEIGHT="129" ACOPYCOL="N" ADELETECOL="N" AMOVECOL="N" AUPDATECONT="N" ENG="Relationship">관 계</TH>
<TH ROWSPAN="3" VALIGN="MIDDLE" WIDTH="126" HEIGHT="129" ACOPYCOL="N" ADELETECOL="N" AMOVECOL="N" AUPDATECONT="N" ENG="Name (Title)">성 명(명칭)</TH>
<TH ROWSPAN="3" VALIGN="MIDDLE" WIDTH="105" HEIGHT="129" ACOPYCOL="N" ADELETECOL="N" AMOVECOL="N" AUPDATECONT="N" ENG="Date of birth or business registration No., etc.">생년월일또는사업자등록번호 등</TH>
<TH COLSPAN="11" VALIGN="MIDDLE" WIDTH="902" HEIGHT="23" ACOPYCOL="N" ADELETECOL="N" AMOVECOL="N" AUPDATECONT="N" ENG="Increase/decrease of shares, etc.">증감주식등의 내역</TH>
</TR>

<TR ACOPY="N" ADELETE="N" HEIGHT="30">
<TH COLSPAN="3" VALIGN="MIDDLE" WIDTH="280" HEIGHT="23" ACOPYCOL="N" ADELETECOL="N" AMOVECOL="N" AUPDATECONT="N" ENG="Share certificates">주 권</TH>
<TH ROWSPAN="2" VALIGN="MIDDLE" WIDTH="74" HEIGHT="99" ACOPYCOL="N" ADELETECOL="N" AMOVECOL="N" AUPDATECONT="N" ENG="Those with warrants">신주인수권이표시된것</TH>
<TH ROWSPAN="2" VALIGN="MIDDLE" WIDTH="74" HEIGHT="99" ACOPYCOL="N" ADELETECOL="N" AMOVECOL="N" AUPDATECONT="N" ENG="Convertible bonds">전환사채권</TH>
<TH ROWSPAN="2" VALIGN="MIDDLE" WIDTH="74" HEIGHT="99" ACOPYCOL="N" ADELETECOL="N" AMOVECOL="N" AUPDATECONT="N" ENG="Bonds with warrants">신주인수권부사채권</TH>
<TH ROWSPAN="2" VALIGN="MIDDLE" WIDTH="73" HEIGHT="99" ACOPYCOL="N" ADELETECOL="N" AMOVECOL="N" AUPDATECONT="N" ENG="Exchangeable bonds">교환사채권</TH>
<TH ROWSPAN="2" VALIGN="MIDDLE" WIDTH="73" HEIGHT="99" ACOPYCOL="N" ADELETECOL="N" AMOVECOL="N" AUPDATECONT="N" ENG="Depositary receipts">증권예탁증권</TH>
<TH ROWSPAN="2" VALIGN="MIDDLE" WIDTH="43" HEIGHT="99" ACOPYCOL="N" ADELETECOL="N" AMOVECOL="N" AUPDATECONT="N" ENG="Others">기타</TH>
<TH COLSPAN="2" VALIGN="MIDDLE" WIDTH="148" HEIGHT="23" ACOPYCOL="N" ADELETECOL="N" AMOVECOL="N" AUPDATECONT="N" ENG="Total">합 계</TH>
</TR>

<TR ACOPY="N" ADELETE="N" HEIGHT="76">
<TH VALIGN="MIDDLE" WIDTH="54" HEIGHT="69" ACOPYCOL="N" ADELETECOL="N" AMOVECOL="N" AUPDATECONT="N" ENG="Voting share">의결권있는주식</TH>
<TH VALIGN="MIDDLE" WIDTH="104" HEIGHT="69" ACOPYCOL="N" ADELETECOL="N" AMOVECOL="N" AUPDATECONT="N" ENG="Stocks to be redeemed with voting share">의결권있는 주식으로상환될주식</TH>
<TH VALIGN="MIDDLE" WIDTH="104" HEIGHT="69" ACOPYCOL="N" ADELETECOL="N" AMOVECOL="N" AUPDATECONT="N" ENG="Stocks to be converted to voting share">의결권있는 주식으로전환될 주식</TH>
<TH VALIGN="MIDDLE" WIDTH="83" HEIGHT="69" ACOPYCOL="N" ADELETECOL="N" AMOVECOL="N" AUPDATECONT="N" ENG="Number of shares (shrs.)">주수(주)</TH>
<TH VALIGN="MIDDLE" WIDTH="56" HEIGHT="69" ACOPYCOL="N" ADELETECOL="N" AMOVECOL="N" AUPDATECONT="N" ENG="Ratio (%)">비율(%)</TH>
</TR>
</THEAD>

<TBODY>

<TR ACOPY="N" ADELETE="N" HEIGHT="30">
<TD ALIGN="CENTER" VALIGN="MIDDLE" WIDTH="54" HEIGHT="23" AUPDATECONT="N" ENG="Reporting entity">보고자</TD>
<TE ALIGN="CENTER" VALIGN="MIDDLE" WIDTH="126" HEIGHT="23" ACODE="SPC_NM">이화전기공업(주)</TE>
<TE ALIGN="CENTER" VALIGN="MIDDLE" WIDTH="105" HEIGHT="23" ACODE="SPC_ID2">215-81-04548</TE>
<TE ALIGN="RIGHT" VALIGN="MIDDLE" WIDTH="54" HEIGHT="23" ACODE="ATK_CNT">-</TE>
<TE ALIGN="RIGHT" VALIGN="MIDDLE" WIDTH="104" HEIGHT="23" ACODE="REP_CNT">-</TE>
<TE ALIGN="RIGHT" VALIGN="MIDDLE" WIDTH="104" HEIGHT="23" ACODE="CHN_CNT">-</TE>
<TE ALIGN="RIGHT" VALIGN="MIDDLE" WIDTH="74" HEIGHT="23" ACODE="ACC_CNT">-</TE>
<TE ALIGN="RIGHT" VALIGN="MIDDLE" WIDTH="74" HEIGHT="23" ACODE="CB_CNT">-1,879,699</TE>
<TE ALIGN="RIGHT" VALIGN="MIDDLE" WIDTH="74" HEIGHT="23" ACODE="LN_CNT">-</TE>
<TE ALIGN="RIGHT" VALIGN="MIDDLE" WIDTH="73" HEIGHT="23" ACODE="EB_CNT">-</TE>
<TE ALIGN="RIGHT" VALIGN="MIDDLE" WIDTH="73" HEIGHT="23" ACODE="CF_CNT">-</TE>
<TE ALIGN="RIGHT" VALIGN="MIDDLE" WIDTH="43" HEIGHT="23" ACODE="ET_CNT">-</TE>
<TE ALIGN="RIGHT" VALIGN="MIDDLE" WIDTH="83" HEIGHT="23" ACODE="STK_CNT">-1,879,699</TE>
<TE ALIGN="RIGHT" VALIGN="MIDDLE" WIDTH="56" HEIGHT="23" ACODE="STK_RT">-11.66</TE>
</TR>

<TR ACOPY="N" ADELETE="N" HEIGHT="30">
<TD ROWSPAN="2" ALIGN="CENTER" VALIGN="MIDDLE" WIDTH="54" HEIGHT="53" AUPDATECONT="N" ENG="Specially related parties">특별관계자</TD>
<TE ALIGN="CENTER" VALIGN="MIDDLE" WIDTH="126" HEIGHT="23" ACODE="SPC_NM">-</TE>
<TE ALIGN="CENTER" VALIGN="MIDDLE" WIDTH="105" HEIGHT="23" ACODE="SPC_ID2">-</TE>
<TE ALIGN="RIGHT" VALIGN="MIDDLE" WIDTH="54" HEIGHT="23" ACODE="ATK_CNT">-</TE>
<TE ALIGN="RIGHT" VALIGN="MIDDLE" WIDTH="104" HEIGHT="23" ACODE="REP_CNT">-</TE>
<TE ALIGN="RIGHT" VALIGN="MIDDLE" WIDTH="104" HEIGHT="23" ACODE="CHN_CNT">-</TE>
<TE ALIGN="RIGHT" VALIGN="MIDDLE" WIDTH="74" HEIGHT="23" ACODE="ACC_CNT">-</TE>
<TE ALIGN="RIGHT" VALIGN="MIDDLE" WIDTH="74" HEIGHT="23" ACODE="CB_CNT">-</TE>
<TE ALIGN="RIGHT" VALIGN="MIDDLE" WIDTH="74" HEIGHT="23" ACODE="LN_CNT">-</TE>
<TE ALIGN="RIGHT" VALIGN="MIDDLE" WIDTH="73" HEIGHT="23" ACODE="EB_CNT">-</TE>
<TE ALIGN="RIGHT" VALIGN="MIDDLE" WIDTH="73" HEIGHT="23" ACODE="CF_CNT">-</TE>
<TE ALIGN="RIGHT" VALIGN="MIDDLE" WIDTH="43" HEIGHT="23" ACODE="ET_CNT">-</TE>
<TE ALIGN="RIGHT" VALIGN="MIDDLE" WIDTH="83" HEIGHT="23" ACODE="STK_CNT">-</TE>
<TE ALIGN="RIGHT" VALIGN="MIDDLE" WIDTH="56" HEIGHT="23" ACODE="STK_RT">-</TE>
</TR>

<TR ACOPY="Y" ADELETE="N" HEIGHT="30">
<TE ALIGN="CENTER" VALIGN="MIDDLE" WIDTH="126" HEIGHT="23" ACODE="SPC_NM">-</TE>
<TE ALIGN="CENTER" VALIGN="MIDDLE" WIDTH="105" HEIGHT="23" ACODE="SPC_ID2">-</TE>
<TE ALIGN="RIGHT" VALIGN="MIDDLE" WIDTH="54" HEIGHT="23" ACODE="ATK_CNT">-</TE>
<TE ALIGN="RIGHT" VALIGN="MIDDLE" WIDTH="104" HEIGHT="23" ACODE="REP_CNT">-</TE>
<TE ALIGN="RIGHT" VALIGN="MIDDLE" WIDTH="104" HEIGHT="23" ACODE="CHN_CNT">-</TE>
<TE ALIGN="RIGHT" VALIGN="MIDDLE" WIDTH="74" HEIGHT="23" ACODE="ACC_CNT">-</TE>
<TE ALIGN="RIGHT" VALIGN="MIDDLE" WIDTH="74" HEIGHT="23" ACODE="CB_CNT">-</TE>
<TE ALIGN="RIGHT" VALIGN="MIDDLE" WIDTH="74" HEIGHT="23" ACODE="LN_CNT">-</TE>
<TE ALIGN="RIGHT" VALIGN="MIDDLE" WIDTH="73" HEIGHT="23" ACODE="EB_CNT">-</TE>
<TE ALIGN="RIGHT" VALIGN="MIDDLE" WIDTH="73" HEIGHT="23" ACODE="CF_CNT">-</TE>
<TE ALIGN="RIGHT" VALIGN="MIDDLE" WIDTH="43" HEIGHT="23" ACODE="ET_CNT">-</TE>
<TE ALIGN="RIGHT" VALIGN="MIDDLE" WIDTH="83" HEIGHT="23" ACODE="STK_CNT">-</TE>
<TE ALIGN="RIGHT" VALIGN="MIDDLE" WIDTH="56" HEIGHT="23" ACODE="STK_RT">-</TE>
</TR>
</TBODY>
</TABLE>
</TABLE-GROUP>
<P></P>
</SECTION-3>
</SECTION-2>

<SECTION-2 ACLASS="MANDATORY">
<TITLE ATOC="Y" AASSOCNOTE="D-3-2-0-0" ENG="2. Details of changes" ATOCID="17">2. 세부변동내역</TITLE>

<SECTION-3 ACLASS="MANDATORY">
<TITLE ATOC="Y" ENG="A. Details of changes in stocks, etc." ATOCID="18">가. 주식등의 세부변동내역</TITLE>

<TABLE-GROUP ACLASS="HLD_MTH" ADELETETABLE="N">

<TABLE ACLASS="EXTRACTION" AFIXTABLE="Y" WIDTH="1177" BORDER="0">

<COLGROUP WIDTH="1177">
<COL WIDTH="1177"></COL>
</COLGROUP>

<TBODY>

<TR ACOPY="N" ADELETE="N" HEIGHT="30">
<TD ALIGN="RIGHT" VALIGN="BOTTOM" WIDTH="1168" HEIGHT="23" AUPDATECONT="N" ENG="(Unit: shares, KRW)">(단위 : 주, 원)</TD>
</TR>
</TBODY>
</TABLE>

<TABLE ACLASS="EXTRACTION" AFIXTABLE="N" WIDTH="1178" BORDER="1">

<COLGROUP WIDTH="1178">
<COL WIDTH="135"></COL>
<COL WIDTH="143"></COL>
<COL WIDTH="137"></COL>
<COL WIDTH="98"></COL>
<COL WIDTH="93"></COL>
<COL WIDTH="84"></COL>
<COL WIDTH="92"></COL>
<COL WIDTH="63"></COL>
<COL WIDTH="55"></COL>
<COL WIDTH="48"></COL>
<COL WIDTH="230"></COL>
</COLGROUP>

<THEAD>

<TR ACOPY="N" ADELETE="N" HEIGHT="30">
<TH ROWSPAN="2" VALIGN="MIDDLE" WIDTH="126" HEIGHT="53" ACOPYCOL="N" ADELETECOL="N" AMOVECOL="N" AUPDATECONT="N" ENG="Name (Title)">성명(명칭)</TH>
<TH ROWSPAN="2" VALIGN="MIDDLE" WIDTH="134" HEIGHT="53" ACOPYCOL="N" ADELETECOL="N" AMOVECOL="N" AUPDATECONT="N" ENG="Date of birth or business registration No., etc.">생년월일 또는사업자등록번호 등</TH>
<TH ROWSPAN="2" VALIGN="MIDDLE" WIDTH="128" HEIGHT="53" ACOPYCOL="N" ADELETECOL="N" AMOVECOL="N" AUPDATECONT="N" ENG="Date of change*">변동일*</TH>
<TH ROWSPAN="2" VALIGN="MIDDLE" WIDTH="89" HEIGHT="53" ACOPYCOL="N" ADELETECOL="N" AMOVECOL="N" AUPDATECONT="N" ENG="Acquisition/disposal method">취득/처분방법</TH>
<TH ROWSPAN="2" VALIGN="MIDDLE" WIDTH="84" HEIGHT="53" ACOPYCOL="N" ADELETECOL="N" AMOVECOL="N" AUPDATECONT="N" ENG="Type of shares, etc.">주식등의종류</TH>
<TH COLSPAN="3" VALIGN="MIDDLE" WIDTH="230" HEIGHT="23" ACOPYCOL="N" ADELETECOL="N" AMOVECOL="N" AUPDATECONT="N" ENG="Details of change">변동 내역</TH>
<TH ROWSPAN="2" VALIGN="MIDDLE" WIDTH="94" HEIGHT="53" ACOPYCOL="N" ADELETECOL="N" AMOVECOL="N" AUPDATECONT="N" COLSPAN="2" ENG="Acquisition/Disposal unit price**">취득/처분단가**</TH>
<TH ROWSPAN="2" VALIGN="MIDDLE" WIDTH="221" HEIGHT="53" ACOPYCOL="N" ADELETECOL="N" AMOVECOL="N" AUPDATECONT="N" ENG="Note">비 고</TH>
</TR>

<TR ACOPY="N" ADELETE="N" HEIGHT="30">
<TH VALIGN="MIDDLE" WIDTH="75" HEIGHT="23" ACOPYCOL="N" ADELETECOL="N" AMOVECOL="N" AUPDATECONT="N" ENG="Before change">변동전</TH>
<TH VALIGN="MIDDLE" WIDTH="83" HEIGHT="23" ACOPYCOL="N" ADELETECOL="N" AMOVECOL="N" AUPDATECONT="N" ENG="Increase or decrease">증감</TH>
<TH VALIGN="MIDDLE" WIDTH="54" HEIGHT="23" ACOPYCOL="N" ADELETECOL="N" AMOVECOL="N" AUPDATECONT="N" ENG="After change">변동후</TH>
</TR>
</THEAD>

<TBODY>

<TR ACOPY="Y" ADELETE="N" HEIGHT="30">
<TE ALIGN="CENTER" WIDTH="126" HEIGHT="23" ACODE="SPC_NM" VALIGN="MIDDLE">이화전기공업(주)</TE>
<TE ALIGN="CENTER" WIDTH="134" HEIGHT="23" ACODE="SPC_ID2" VALIGN="MIDDLE">215-81-04548</TE>
<TU ALIGN="CENTER" WIDTH="128" HEIGHT="23" AUNIT="MDF_DT" VALIGN="MIDDLE" AUNITVALUE="20251229">2025년 12월 29일</TU>
<TU ALIGN="CENTER" WIDTH="89" HEIGHT="23" AUNIT="HLD_MTH" VALIGN="MIDDLE" AUNITVALUE="12" ENG="Disposal in OTC(-)">장외매도(-)</TU>
<TU ALIGN="CENTER" WIDTH="84" HEIGHT="23" AUNIT="STK_KND" VALIGN="MIDDLE" AUNITVALUE="4" ENG="Convertible bonds">전환사채권</TU>
<TE ALIGN="RIGHT" WIDTH="75" HEIGHT="23" ACODE="BFR_MDF_CNT" VALIGN="MIDDLE">1,879,699</TE>
<TE ALIGN="RIGHT" WIDTH="83" HEIGHT="23" ACODE="MDF_SDK_CNT" VALIGN="MIDDLE">-1,879,699</TE>
<TE ALIGN="RIGHT" WIDTH="54" HEIGHT="23" ACODE="AFR_MDF_CNT" VALIGN="MIDDLE">0</TE>
<TE ALIGN="RIGHT" WIDTH="46" HEIGHT="23" ACODE="HLD_UNT_PRJ" VALIGN="MIDDLE">2,660</TE>
<TE ALIGN="RIGHT" WIDTH="39" HEIGHT="23" ACODE="HLD_UNT_PRG" VALIGN="MIDDLE">-(  )</TE>
<TE WIDTH="221" HEIGHT="23" ACODE="RMK" VALIGN="MIDDLE" ALIGN="CENTER">Saipan LauLau Development Inc</TE>
</TR>
</TBODY>
</TABLE>
</TABLE-GROUP>
<P>※ 자본시장과 금융투자업에 관한 법률 시행령 제154조제4항 및 제5항제2호부터 제3호까지의 규정에 따라 국가, 지방자치단체, 한국은행 및 주식등의 보유목적이 발행인의 경영권에 영향을 미치기 위한 것이 아닌 보고특례 적용 전문투자자(증권의 발행 및 공시에 관한 규정 제3-14조)의 경우에는 각 보고의무발생일(「변동일」란에 기재)별로 변동내역을 일괄하여 기재하며 「취득/처분방법」, 「취득/처분단가」란은 그 기재를 생략할 수 있다.</P>
<P>*   증권시장에서 주식등을 매매한 경우에는 그 계약체결일</P>
<P>** 주식 외의 증권의 경우 해당 증권의 행사(전환ㆍ교환)가액 또는 해당 증권의 권리행사로 취득ㆍ처분하는 주식의 매매단가를 의미하며, (   )의 금액은 해당 증권의 매매단가를 의미</P>
<PGBRK></PGBRK>
</SECTION-3>
</SECTION-2>
</SECTION-1>

</LIBRARY></BODY></DOCUMENT>