<?xml version="1.0" encoding="utf-8"?>


<DOCUMENT xmlns:xsi="http://www.w3.org/2001/XMLSchema-instance" xsi:noNamespaceSchemaLocation="dart4.xsd">

<DOCUMENT-NAME ACODE="80702">동일인등출자계열회사와의상품ㆍ용역거래</DOCUMENT-NAME>
<FORMULA-VERSION ADATE="20250630">6.1</FORMULA-VERSION>
<COMPANY-NAME AREGCIK="01668175">하사미주식회사</COMPANY-NAME>


<BODY ATOCID="1">

<SECTION-1 ACLASS="MANDATORY" APARTSOURCE="SOURCE">
<TITLE ATOC="Y" AASSOCNOTE="D-0-1-0-0" ENG="Transactions of Goods and Services with Affiliated Company Invested by the Same Person, etc." ATOCID="1">동일인 등 출자 계열회사와의 상품ㆍ용역거래</TITLE>
<P></P>
<P>【분기공시】</P>

<TABLE ACLASS="NORMAL" WIDTH="739" BORDER="1">

<COLGROUP WIDTH="739">
<COL WIDTH="89"></COL>
<COL WIDTH="96"></COL>
<COL WIDTH="60"></COL>
<COL WIDTH="90"></COL>
<COL WIDTH="75"></COL>
<COL WIDTH="95"></COL>
<COL WIDTH="75"></COL>
<COL WIDTH="159"></COL>
</COLGROUP>

<TBODY>

<TR ACOPY="Y" ADELETE="Y" HEIGHT="30">
<TD ALIGN="CENTER" VALIGN="MIDDLE" WIDTH="80" HEIGHT="23">기업집단명</TD>
<TD VALIGN="MIDDLE" WIDTH="87" HEIGHT="23">코오롱</TD>
<TD ALIGN="CENTER" VALIGN="MIDDLE" WIDTH="51" HEIGHT="23">회사명</TD>
<TD VALIGN="MIDDLE" WIDTH="81" HEIGHT="23">하사미</TD>
<TD ALIGN="CENTER" VALIGN="MIDDLE" WIDTH="66" HEIGHT="23">공시일자</TD>
<TD VALIGN="MIDDLE" WIDTH="86" HEIGHT="23">2026.01.05</TD>
<TD ALIGN="CENTER" VALIGN="MIDDLE" WIDTH="66" HEIGHT="23">관련법규</TD>
<TD ALIGN="CENTER" VALIGN="MIDDLE" WIDTH="150" HEIGHT="23">공정거래법 제26조</TD>
</TR>
</TBODY>
</TABLE>
<P></P>

<TABLE ACLASS="NORMAL" AFIXTABLE="N" WIDTH="736" BORDER="0">

<COLGROUP WIDTH="736">
<COL WIDTH="736"></COL>
</COLGROUP>

<TBODY>

<TR ACOPY="Y" ADELETE="Y" HEIGHT="30">
<TD ALIGN="RIGHT" VALIGN="BOTTOM" WIDTH="727" HEIGHT="23">(단위 : 백만 원) </TD>
</TR>
</TBODY>
</TABLE>

<TABLE BORDER="1" WIDTH="740" ACLASS="NORMAL">

<COLGROUP WIDTH="740">
<COL WIDTH="103"></COL>
<COL WIDTH="65"></COL>
<COL WIDTH="86"></COL>
<COL WIDTH="65"></COL>
<COL WIDTH="65"></COL>
<COL WIDTH="43"></COL>
<COL WIDTH="63"></COL>
<COL WIDTH="82"></COL>
<COL WIDTH="63"></COL>
<COL WIDTH="62"></COL>
<COL WIDTH="43"></COL>
</COLGROUP>

<TBODY>

<TR ACOPY="Y" ADELETE="Y" HEIGHT="53">
<TD WIDTH="245" HEIGHT="46" COLSPAN="3" VALIGN="MIDDLE">1. 해당회사의 직전사업연도매출액(A)</TD>
<TD WIDTH="164" HEIGHT="46" ALIGN="CENTER" VALIGN="MIDDLE" COLSPAN="3">-</TD>
<TD WIDTH="54" HEIGHT="46" ALIGN="CENTER" VALIGN="MIDDLE">2. 거래기간</TD>
<TD WIDTH="241" HEIGHT="46" COLSPAN="4" ALIGN="CENTER" VALIGN="MIDDLE">2026년 1분기</TD>
</TR>

<TR ACOPY="Y" ADELETE="Y" HEIGHT="30">
<TD WIDTH="94" HEIGHT="92" ROWSPAN="2" VALIGN="MIDDLE">3. 이사회의결일</TD>
<TD WIDTH="56" HEIGHT="92" ALIGN="CENTER" VALIGN="MIDDLE" ROWSPAN="2">2025.12.30</TD>
<TD WIDTH="77" HEIGHT="92" ROWSPAN="2" ALIGN="CENTER" VALIGN="MIDDLE">사외이사참석여부</TD>
<TD WIDTH="164" HEIGHT="23" ALIGN="CENTER" VALIGN="MIDDLE" COLSPAN="3">참석(명)</TD>
<TD WIDTH="54" HEIGHT="23" ALIGN="CENTER" VALIGN="MIDDLE">-</TD>
<TD WIDTH="73" HEIGHT="92" ROWSPAN="2" ALIGN="CENTER" VALIGN="MIDDLE">감사(감사위원)참석여부</TD>
<TD WIDTH="159" HEIGHT="92" ALIGN="CENTER" VALIGN="MIDDLE" ROWSPAN="2" COLSPAN="3">참석</TD>
</TR>

<TR ACOPY="Y" ADELETE="Y" HEIGHT="69">
<TD WIDTH="164" HEIGHT="62" ALIGN="CENTER" VALIGN="MIDDLE" COLSPAN="3">불참(명)</TD>
<TD WIDTH="54" HEIGHT="62" ALIGN="CENTER" VALIGN="MIDDLE">-</TD>
</TR>

<TR ACOPY="Y" ADELETE="Y" HEIGHT="30">
<TD WIDTH="731" HEIGHT="23" COLSPAN="11" VALIGN="MIDDLE">4. 동일인 등 출자 계열회사와의 상품ㆍ용역 거래금액</TD>
</TR>

<TR ACOPY="Y" ADELETE="Y" HEIGHT="76">
<TD WIDTH="245" HEIGHT="69" COLSPAN="3" ALIGN="CENTER" VALIGN="MIDDLE">거래상대방(동일인 등 출자계열회사)</TD>
<TD WIDTH="164" HEIGHT="69" ALIGN="CENTER" VALIGN="MIDDLE" COLSPAN="3">매출액(B)</TD>
<TD WIDTH="54" HEIGHT="69" ALIGN="CENTER" VALIGN="MIDDLE">매입액(C)</TD>
<TD WIDTH="73" HEIGHT="69" ALIGN="CENTER" VALIGN="MIDDLE">합계액(D=B+C)</TD>
<TD WIDTH="159" HEIGHT="69" ALIGN="CENTER" VALIGN="MIDDLE" COLSPAN="3">매출액대비(D/A, %)</TD>
</TR>

<TR ACOPY="Y" ADELETE="Y" HEIGHT="30">
<TD WIDTH="245" HEIGHT="23" COLSPAN="3" ALIGN="CENTER" VALIGN="MIDDLE">코오롱글로벌</TD>
<TD WIDTH="164" HEIGHT="23" ALIGN="CENTER" VALIGN="MIDDLE" COLSPAN="3">-</TD>
<TD WIDTH="54" HEIGHT="23" ALIGN="CENTER" VALIGN="MIDDLE">370</TD>
<TD WIDTH="73" HEIGHT="23" ALIGN="CENTER" VALIGN="MIDDLE">370</TD>
<TD WIDTH="159" HEIGHT="23" ALIGN="CENTER" VALIGN="MIDDLE" COLSPAN="3">-</TD>
</TR>

<TR ACOPY="Y" ADELETE="Y" HEIGHT="30">
<TD WIDTH="731" HEIGHT="23" COLSPAN="11" VALIGN="MIDDLE">5. 상품ㆍ용역 거래내역</TD>
</TR>

<TR ACOPY="Y" ADELETE="Y" HEIGHT="30">

<TD WIDTH="94" HEIGHT="129" ROWSPAN="3" ALIGN="CENTER" VALIGN="MIDDLE">
<P>상품ㆍ용역 계약명</P>
</TD>
<TD WIDTH="628" HEIGHT="23" COLSPAN="10" ALIGN="CENTER" VALIGN="MIDDLE">거래금액</TD>
</TR>

<TR ACOPY="Y" ADELETE="Y" HEIGHT="30">
<TD WIDTH="315" HEIGHT="23" COLSPAN="5" ALIGN="CENTER" VALIGN="MIDDLE">매출</TD>
<TD WIDTH="304" HEIGHT="23" COLSPAN="5" ALIGN="CENTER" VALIGN="MIDDLE">매입</TD>
</TR>

<TR ACOPY="Y" ADELETE="Y" HEIGHT="76">
<TD WIDTH="56" HEIGHT="69" ALIGN="CENTER" VALIGN="MIDDLE">거래대상</TD>
<TD WIDTH="77" HEIGHT="69" ALIGN="CENTER" VALIGN="MIDDLE">거래조건 </TD>
<TD WIDTH="56" HEIGHT="69" ALIGN="CENTER" VALIGN="MIDDLE">거래목적</TD>
<TD WIDTH="56" HEIGHT="69" ALIGN="CENTER" VALIGN="MIDDLE">거래금액</TD>
<TD WIDTH="34" HEIGHT="69" ALIGN="CENTER" VALIGN="MIDDLE">계약체결방식</TD>
<TD WIDTH="54" HEIGHT="69" ALIGN="CENTER" VALIGN="MIDDLE">거래대상</TD>
<TD WIDTH="73" HEIGHT="69" ALIGN="CENTER" VALIGN="MIDDLE">거래조건</TD>
<TD WIDTH="54" HEIGHT="69" ALIGN="CENTER" VALIGN="MIDDLE">거래목적</TD>
<TD WIDTH="53" HEIGHT="69" ALIGN="CENTER" VALIGN="MIDDLE">거래금액</TD>
<TD WIDTH="34" HEIGHT="69" ALIGN="CENTER" VALIGN="MIDDLE">계약체결방식</TD>
</TR>

<TR ACOPY="Y" ADELETE="Y" HEIGHT="53">
<TD WIDTH="94" HEIGHT="46" ALIGN="CENTER" VALIGN="MIDDLE">공사도급계약(EPC)</TD>
<TD WIDTH="56" HEIGHT="46" ALIGN="CENTER" VALIGN="MIDDLE">-</TD>
<TD WIDTH="77" HEIGHT="46" ALIGN="CENTER" VALIGN="MIDDLE">-</TD>
<TD WIDTH="56" HEIGHT="46" ALIGN="CENTER" VALIGN="MIDDLE">-</TD>
<TD WIDTH="56" HEIGHT="46" ALIGN="CENTER" VALIGN="MIDDLE">-</TD>
<TD WIDTH="34" HEIGHT="46" ALIGN="CENTER" VALIGN="MIDDLE">-</TD>
<TD WIDTH="54" HEIGHT="46" ALIGN="CENTER" VALIGN="MIDDLE">코오롱글로벌</TD>
<TD WIDTH="73" HEIGHT="46" ALIGN="CENTER" VALIGN="MIDDLE">현금</TD>
<TD WIDTH="54" HEIGHT="46" ALIGN="CENTER" VALIGN="MIDDLE">건설공사</TD>
<TD WIDTH="53" HEIGHT="46" ALIGN="CENTER" VALIGN="MIDDLE">370</TD>
<TD WIDTH="34" HEIGHT="46" ALIGN="CENTER" VALIGN="MIDDLE">수의계약</TD>
</TR>

<TR ACOPY="Y" ADELETE="Y" HEIGHT="30">
<TD WIDTH="731" HEIGHT="23" VALIGN="MIDDLE" COLSPAN="11">6. 계약체결방식 유형별 일괄공시(공시규정 제9조의2 제4항 관련)</TD>
</TR>

<TR ACOPY="Y" ADELETE="Y" HEIGHT="30">
<TD WIDTH="94" HEIGHT="53" ALIGN="CENTER" VALIGN="MIDDLE" ROWSPAN="2">계약체결방식</TD>
<TD WIDTH="315" HEIGHT="23" ALIGN="CENTER" VALIGN="MIDDLE" COLSPAN="5">매출</TD>
<TD WIDTH="304" HEIGHT="23" ALIGN="CENTER" VALIGN="MIDDLE" COLSPAN="5">매입</TD>
</TR>

<TR ACOPY="Y" ADELETE="Y" HEIGHT="30">
<TD WIDTH="207" HEIGHT="23" ALIGN="CENTER" VALIGN="MIDDLE" COLSPAN="3">주요거래대상</TD>
<TD WIDTH="99" HEIGHT="23" ALIGN="CENTER" VALIGN="MIDDLE" COLSPAN="2">거래금액</TD>
<TD WIDTH="199" HEIGHT="23" ALIGN="CENTER" VALIGN="MIDDLE" COLSPAN="3">주요거래대상</TD>
<TD WIDTH="96" HEIGHT="23" ALIGN="CENTER" VALIGN="MIDDLE" COLSPAN="2">거래금액</TD>
</TR>

<TR ACOPY="Y" ADELETE="Y" HEIGHT="30">
<TD WIDTH="94" HEIGHT="23" ALIGN="CENTER" VALIGN="MIDDLE">경쟁입찰</TD>
<TD WIDTH="207" HEIGHT="23" ALIGN="CENTER" VALIGN="MIDDLE" COLSPAN="3">-</TD>
<TD WIDTH="99" HEIGHT="23" ALIGN="CENTER" VALIGN="MIDDLE" COLSPAN="2">-</TD>
<TD WIDTH="199" HEIGHT="23" ALIGN="CENTER" VALIGN="MIDDLE" COLSPAN="3">-</TD>
<TD WIDTH="96" HEIGHT="23" ALIGN="CENTER" VALIGN="MIDDLE" COLSPAN="2">-</TD>
</TR>

<TR ACOPY="Y" ADELETE="Y" HEIGHT="30">
<TD WIDTH="94" HEIGHT="23" ALIGN="CENTER" VALIGN="MIDDLE">제한경쟁입찰</TD>
<TD WIDTH="207" HEIGHT="23" ALIGN="CENTER" VALIGN="MIDDLE" COLSPAN="3">-</TD>
<TD WIDTH="99" HEIGHT="23" ALIGN="CENTER" VALIGN="MIDDLE" COLSPAN="2">-</TD>
<TD WIDTH="199" HEIGHT="23" ALIGN="CENTER" VALIGN="MIDDLE" COLSPAN="3">-</TD>
<TD WIDTH="96" HEIGHT="23" ALIGN="CENTER" VALIGN="MIDDLE" COLSPAN="2">-</TD>
</TR>

<TR ACOPY="Y" ADELETE="Y" HEIGHT="30">
<TD WIDTH="94" HEIGHT="23" ALIGN="CENTER" VALIGN="MIDDLE">지명경쟁입찰</TD>
<TD WIDTH="207" HEIGHT="23" ALIGN="CENTER" VALIGN="MIDDLE" COLSPAN="3">-</TD>
<TD WIDTH="99" HEIGHT="23" ALIGN="CENTER" VALIGN="MIDDLE" COLSPAN="2">-</TD>
<TD WIDTH="199" HEIGHT="23" ALIGN="CENTER" VALIGN="MIDDLE" COLSPAN="3">-</TD>
<TD WIDTH="96" HEIGHT="23" ALIGN="CENTER" VALIGN="MIDDLE" COLSPAN="2">-</TD>
</TR>

<TR ACOPY="Y" ADELETE="Y" HEIGHT="30">
<TD WIDTH="94" HEIGHT="23" ALIGN="CENTER" VALIGN="MIDDLE">수의계약</TD>
<TD WIDTH="207" HEIGHT="23" ALIGN="CENTER" VALIGN="MIDDLE" COLSPAN="3">-</TD>
<TD WIDTH="99" HEIGHT="23" ALIGN="CENTER" VALIGN="MIDDLE" COLSPAN="2">-</TD>
<TD WIDTH="199" HEIGHT="23" ALIGN="CENTER" VALIGN="MIDDLE" COLSPAN="3">-</TD>
<TD WIDTH="96" HEIGHT="23" ALIGN="CENTER" VALIGN="MIDDLE" COLSPAN="2">-</TD>
</TR>

<TR ACOPY="Y" ADELETE="Y" HEIGHT="76">
<TD WIDTH="94" HEIGHT="69" VALIGN="MIDDLE">7. 기타</TD>
<TD WIDTH="628" HEIGHT="69" COLSPAN="10" VALIGN="MIDDLE">-상기 1의 회사 직전사업연도 매출액은 2025년 말 별도 재무제표 기준임-상기사항은 2026년 1월 1일 ~ 2026년 3월 31일 기간 동안의 거래에 대한 공시임-상기 거래금액을 포함한 거래내역은 이사회 의결일 현재 예상내용으로 추후 변동 될 수 있음</TD>
</TR>
</TBODY>
</TABLE>
<P></P>
<P></P>
</SECTION-1>
</BODY>
</DOCUMENT>