<html>
 <head> 
  <meta content="gdi" http-equiv="X-UA-TextLayoutMetrics"> 
  <meta content="text/html; charset=euc-kr" http-equiv="Content-Type"> 
  <STYLE>
.xforms * { font-family: 돋움체;}
.xforms_title * { font-size: 13pt; padding : 0 0 10 0;}

.xforms table {
    font-size: 10px;
    padding:0px;
    border-collapse:collapse;
    color: #3D3D3D;
}
.xforms td {
    padding-left:0px;
    padding-top:0px;
    border-collapse:collapse;
    line-height:22px;
    color: #3D3D3D;
    /*text-align:right;*/
    vertical-align:middle;
    border: 1px solid #7f7f7f;
}

.xforms span {
    /*display: inline-block;*/
    padding-left:3px;
    padding-right: 1px;
    line-height:22px;
    padding-top:0px;
    padding-bottom:0px;
    text-align:left;
    vertical-align:middle;
    border: 0px solid #DBDBDB;
}

.xforms.img{
    border : 0px;
}

.xforms a:link {

    color: #194866;
    text-decoration: none;
}
.xforms a:active {

    color: #194866;
    text-decoration: none;
}
.xforms a:visited {
    color: #194866;
    text-decoration: none;
}

.xforms A:hover {
    color:008BE3;
    text-decoration: none;
}

.xforms_input{
    border: 0px solid #DBDBDB;
    padding-left:3px;
    padding-right: 1px;
    height:22px;
    padding-top:0px;
    padding-bottom:0px;
    text-align:left;
}
</STYLE> 
  <title>아이엘/전환청구권행사/(2026.01.05)전환청구권행사</title> 
 </head> 
 <body> 
  <div class="xforms"> 
   <div> 
    <span class="noprint" style="display:none;width:600px;font-size:10pt;"> </span> 
    <div class="xforms_title"> 
     <div> 
      <span style="width:598px;font-weight:bold;text-align:center;">전환청구권 행사</span> 
     </div> 
    </div> 
    <span class="noprint" style="display:none;width:600px;font-size:10pt;"> </span> 
    <table border="1" bordercolordark="white" bordercolorlight="#666666" cellpadding="1" cellspacing="0" id="XFormD27_Form0_Table0" style="margin:0px 0px 20px 0px;width:597px;font-size:10pt;border:1px solid #7f7f7f;"> 
     <tbody> 
      <tr> 
       <td width="246"> <span style="width:246px;font-size:10pt;">1. 전환청구권 행사주식수 누계 (주) (기 신고된 주식수량 제외)</span> </td> 
       <td colspan="2" width="351"> <span class="xforms_input" style="width:351px;font-size:10pt;text-align:right;">399,064</span> </td> 
      </tr> 
      <tr> 
       <td width="246"> <span style="width:246px;font-size:10pt;">-발행주식총수(주)</span> </td> 
       <td colspan="2" width="351"> <span class="xforms_input" style="width:351px;font-size:10pt;text-align:right;">30,652,235</span> </td> 
      </tr> 
      <tr> 
       <td width="246"> <span style="width:246px;font-size:10pt;">-발행주식총수 대비(%)</span> </td> 
       <td colspan="2" width="351"> <span class="xforms_input" style="width:351px;font-size:10pt;text-align:right;">1.30</span> </td> 
      </tr> 
      <tr> 
       <td width="246"> <span style="width:246px;font-size:10pt;">2. 공정거래위원회 신고대상 여부</span> </td> 
       <td colspan="2" width="351"> <span class="xforms_input" style="width:351px;font-size:10pt;">미해당</span> </td> 
      </tr> 
      <tr> 
       <td rowspan="2" width="246"> <span style="width:246px;font-size:10pt;">3. 기타 투자판단에 참고할 사항</span> </td> 
       <td colspan="2" width="351"> <span class="xforms_input" style="width:351px;font-size:10pt;">- 상기 발행주식 총수는 금번 행사 주식수가 미포함된 발행주식 총수입니다. <br xmlns:java="http://xml.apache.org/xalan/java"> <br xmlns:java="http://xml.apache.org/xalan/java">- 상장일 또는 예정일은 관계기관 일정에 따라 변경될 수 있습니다.</span> </td> 
      </tr> 
      <tr> 
       <td width="77"> <span style="width:77px;font-size:10pt;">※관련공시</span> </td> 
       <td width="274"> <span class="xforms_input" style="width:274px;font-size:10pt;">-</span> </td> 
      </tr> 
     </tbody> 
    </table> 
    <span style="width:606px;font-size:11pt;font-weight:bold;">일별 전환청구내역</span> 
    <table border="1" bordercolordark="white" bordercolorlight="#666666" cellpadding="1" cellspacing="0" id="XFormD27_Form0_RepeatTable0" style="margin:0px 0px 20px 0px;width:605px;font-size:10pt;border:1px solid #7f7f7f;"> 
     <tbody> 
      <tr> 
       <td rowspan="2" width="99"> <span style="width:99px;font-size:10pt;text-align:center;">청구일자</span> </td> 
       <td colspan="2" width="143"> <span style="width:143px;font-size:10pt;text-align:center;">사채의 명칭</span> </td> 
       <td rowspan="2" width="93"> <span style="width:93px;font-size:10pt;text-align:center;">청구금액</span> </td> 
       <td rowspan="2" width="103"> <span style="width:103px;font-size:10pt;text-align:center;">전환가액</span> </td> 
       <td rowspan="2" width="73"> <span style="width:73px;font-size:10pt;text-align:center;">발행한 주식수</span> </td> 
       <td rowspan="2" width="94"> <span style="width:94px;font-size:10pt;text-align:center;">상장일 또는 예정일</span> </td> 
      </tr> 
      <tr> 
       <td width="44"> <span style="width:44px;font-size:10pt;text-align:center;">회차</span> </td> 
       <td width="99"> <span style="width:99px;font-size:10pt;text-align:center;">종류</span> </td> 
      </tr> 
      <tr> 
       <td width="99"> <span class="xforms_input" style="width:99px;font-size:10pt;">2026-01-05</span> </td> 
       <td width="44"> <span class="xforms_input" style="width:44px;font-size:10pt;text-align:center;">5</span> </td> 
       <td width="99"> <span class="xforms_input" style="width:99px;font-size:10pt;">무보증사모전환사채</span> </td> 
       <td width="93"> <span class="xforms_input" style="width:93px;font-size:10pt;text-align:right;">500,000,000원</span> </td> 
       <td width="103"> <span class="xforms_input" style="width:103px;font-size:10pt;text-align:right;">2,672</span> </td> 
       <td width="73"> <span class="xforms_input" style="width:73px;font-size:10pt;text-align:right;">187,125</span> </td> 
       <td width="94"> <span class="xforms_input" style="width:94px;font-size:10pt;">2026-01-20</span> </td> 
      </tr> 
      <tr> 
       <td width="99"> <span class="xforms_input" style="width:99px;font-size:10pt;">2026-01-05</span> </td> 
       <td width="44"> <span class="xforms_input" style="width:44px;font-size:10pt;text-align:center;">6</span> </td> 
       <td width="99"> <span class="xforms_input" style="width:99px;font-size:10pt;">무보증사모전환사채</span> </td> 
       <td width="93"> <span class="xforms_input" style="width:93px;font-size:10pt;text-align:right;">600,000,000원</span> </td> 
       <td width="103"> <span class="xforms_input" style="width:103px;font-size:10pt;text-align:right;">2,831</span> </td> 
       <td width="73"> <span class="xforms_input" style="width:73px;font-size:10pt;text-align:right;">211,939</span> </td> 
       <td width="94"> <span class="xforms_input" style="width:94px;font-size:10pt;">2026-01-20</span> </td> 
      </tr> 
     </tbody> 
    </table> 
    <span style="width:611px;font-size:11pt;font-weight:bold;">전환사채 잔액</span> 
    <table border="1" bordercolordark="white" bordercolorlight="#666666" cellpadding="1" cellspacing="0" id="XFormD27_Form0_RepeatTable1" style="margin:0px 0px 20px 0px;width:602px;border:1px solid #7f7f7f;"> 
     <tbody> 
      <tr> 
       <td width="61"> <span style="width:61px;font-size:10pt;text-align:center;">회차</span> </td> 
       <td colspan="2" width="171"> <span style="width:171px;font-size:10pt;text-align:center;">발행당시 사채의 권면(전자등록)총액(통화단위)</span> </td> 
       <td colspan="2" width="166"> <span style="width:166px;font-size:10pt;text-align:center;">신고일 현재 미전환사채 잔액 (통화단위)</span> </td> 
       <td width="104"> <span style="width:104px;font-size:10pt;text-align:center;">전환가액(원)</span> </td> 
       <td width="100"> <span style="width:100px;font-size:10pt;text-align:center;">전환가능 주식수</span> </td> 
      </tr> 
      <tr> 
       <td width="61"> <span class="xforms_input" style="width:61px;font-size:10pt;text-align:center;">5</span> </td> 
       <td width="81"> <span class="xforms_input" style="width:81px;font-size:10pt;text-align:right;">20,000,000,000</span> </td> 
       <td width="90"> <span class="xforms_input" style="width:90px;font-size:10pt;">KRW : South-Korean Won</span> </td> 
       <td width="86"> <span class="xforms_input" style="width:86px;font-size:10pt;text-align:right;">4,500,000,000</span> </td> 
       <td width="80"> <span class="xforms_input" style="width:80px;font-size:10pt;">KRW : South-Korean Won</span> </td> 
       <td width="104"> <span class="xforms_input" style="width:104px;font-size:10pt;text-align:right;">2,672</span> </td> 
       <td width="100"> <span class="xforms_input" style="width:100px;font-size:10pt;text-align:right;">1,684,131</span> </td> 
      </tr> 
      <tr> 
       <td width="61"> <span class="xforms_input" style="width:61px;font-size:10pt;text-align:center;">6</span> </td> 
       <td width="81"> <span class="xforms_input" style="width:81px;font-size:10pt;text-align:right;">7,500,000,000</span> </td> 
       <td width="90"> <span class="xforms_input" style="width:90px;font-size:10pt;">KRW : South-Korean Won</span> </td> 
       <td width="86"> <span class="xforms_input" style="width:86px;font-size:10pt;text-align:right;">5,850,000,000</span> </td> 
       <td width="80"> <span class="xforms_input" style="width:80px;font-size:10pt;">KRW : South-Korean Won</span> </td> 
       <td width="104"> <span class="xforms_input" style="width:104px;font-size:10pt;text-align:right;">2,831</span> </td> 
       <td width="100"> <span class="xforms_input" style="width:100px;font-size:10pt;text-align:right;">2,066,407</span> </td> 
      </tr> 
     </tbody> 
    </table> 
   </div> 
  </div>  
 </body>
</html>