<?xml version="1.0" encoding="utf-8"?>


<DOCUMENT xmlns:xsi="http://www.w3.org/2001/XMLSchema-instance" xsi:noNamespaceSchemaLocation="dart4.xsd">

<DOCUMENT-NAME ACODE="10611">투자설명서(집합투자증권)</DOCUMENT-NAME>
<FORMULA-VERSION ADATE="20231020">6.0</FORMULA-VERSION>
<COMPANY-NAME AREGCIK="00405463">HDC자산운용(주)</COMPANY-NAME>


<BODY ATOCID="3">

<LIBRARY>
<CORRECTION>
<TITLE ATOC="Y" AASSOCNOTE="CORRECTION" ATOCID="1" ENG="Report of Disclosure Revision">정 정 신 고 (보고)</TITLE>

<TABLE ACLASS="NORMAL" AFIXTABLE="N" WIDTH="600" BORDER="0">

<COLGROUP WIDTH="600">
<COL WIDTH="600"></COL>
</COLGROUP>

<TBODY>

<TR ACOPY="Y" ADELETE="Y" HEIGHT="30">
<TD WIDTH="591" HEIGHT="23"></TD>
</TR>

<TR ACOPY="Y" ADELETE="Y" HEIGHT="30">
<TD ALIGN="RIGHT" WIDTH="591" HEIGHT="23">2026년 1월 7일</TD>
</TR>
</TBODY>
</TABLE>
<P USERMARK="F-GL11 "></P>
<P USERMARK="F-GL11 ">1. 정정대상 공시서류 : 투자설명서</P>
<P USERMARK="F-GL11 "></P>
<P USERMARK="F-GL11 ">2. 정정대상 공시서류의 최초제출일 : 2009년 5월 8일3. 정정요구ㆍ명령 관련 여부 : 아니오</P>
<P USERMARK="F-GL11 ">4. 정정사유 : 최근 결산기 재무제표 확정에 의한 정기 갱신</P>
<P USERMARK="F-GL11 "></P>
<P USERMARK="F-GL11 ">5. 정정사항 : </P>

<TABLE WIDTH="608" ACLASS="NORMAL" AFIXTABLE="N" BORDER="1">

<COLGROUP WIDTH="608">
<COL WIDTH="132"></COL>
<COL WIDTH="104"></COL>
<COL WIDTH="176"></COL>
<COL WIDTH="196"></COL>
</COLGROUP>

<TBODY>

<TR ACOPY="Y" ADELETE="Y" HEIGHT="28">
<TD ALIGN="CENTER" USERMARK="F-BT10 B BC0XF2F2F2" WIDTH="123" HEIGHT="21">항 목</TD>
<TD ALIGN="CENTER" USERMARK="F-BT10 B BC0XF2F2F2" WIDTH="95" HEIGHT="21">정정 사유</TD>
<TD ALIGN="CENTER" USERMARK="F-BT10 B BC0XF2F2F2" WIDTH="167" HEIGHT="21">정정 전</TD>
<TD ALIGN="CENTER" USERMARK="F-BT10 B BC0XF2F2F2" WIDTH="187" HEIGHT="21">정정 후</TD>
</TR>

<TR ACOPY="Y" ADELETE="Y" HEIGHT="28">
<TD ALIGN="JUSTIFY" USERMARK="F-BT10  BC0XF2F2F2" COLSPAN="4" WIDTH="599" HEIGHT="21">[요약정보]</TD>
</TR>

<TR ACOPY="Y" ADELETE="Y" HEIGHT="49">
<TD ALIGN="JUSTIFY" USERMARK="F-BT10 " WIDTH="123" HEIGHT="42">투자비용</TD>
<TD ALIGN="JUSTIFY" USERMARK="F-BT10 " WIDTH="95" HEIGHT="42">정기 갱신</TD>
<TD ALIGN="JUSTIFY" USERMARK="F-BT10 " WIDTH="167" HEIGHT="42">-</TD>
<TD ALIGN="JUSTIFY" USERMARK="F-BT10 " WIDTH="187" HEIGHT="42">- 최근 결산일 기준 업데이트</TD>
</TR>

<TR ACOPY="Y" ADELETE="Y" HEIGHT="49">

<TD WIDTH="123" HEIGHT="42">
<P USERMARK="F-BT10  A-J">투자실적 추이</P>
<P USERMARK="F-BT10  A-J">(연평균 수익률)</P>
</TD>
<TD ALIGN="JUSTIFY" USERMARK="F-BT10 " WIDTH="95" HEIGHT="42">정기 갱신</TD>
<TD ALIGN="JUSTIFY" USERMARK="F-BT10 " WIDTH="167" HEIGHT="42">-</TD>
<TD ALIGN="JUSTIFY" USERMARK="F-BT10 " WIDTH="187" HEIGHT="42">- 최근 결산일 기준 업데이트</TD>
</TR>

<TR ACOPY="Y" ADELETE="Y" HEIGHT="49">
<TD ALIGN="JUSTIFY" USERMARK="F-BT10 " WIDTH="123" HEIGHT="42">운용전문인력</TD>
<TD ALIGN="JUSTIFY" USERMARK="F-BT10 " WIDTH="95" HEIGHT="42">업데이트</TD>
<TD ALIGN="JUSTIFY" USERMARK="F-BT10 " WIDTH="167" HEIGHT="42">-</TD>
<TD ALIGN="JUSTIFY" USERMARK="F-BT10 " WIDTH="187" HEIGHT="42">- 작성 기준일 기준 업데이트</TD>
</TR>

<TR ACOPY="Y" ADELETE="Y" HEIGHT="70">
<TD ALIGN="JUSTIFY" USERMARK="F-BT10 " WIDTH="123" HEIGHT="63">집합투자기구의 종류</TD>
<TD ALIGN="JUSTIFY" USERMARK="F-BT10 " WIDTH="95" HEIGHT="63">정기 갱신</TD>

<TD WIDTH="167" HEIGHT="63">
<P USERMARK="F-BT10  A-J">-</P>
<P USERMARK="F-BT10  A-J"> </P>
</TD>

<TD WIDTH="187" HEIGHT="63">
<P USERMARK="F-BT10  A-J">- 최근 결산일 기준 업데이트</P>
<P USERMARK="F-BT10  A-J">  (종류별 총비용 일치 시점)</P>
</TD>
</TR>

<TR ACOPY="Y" ADELETE="Y" HEIGHT="28">
<TD USERMARK="F-BT10  BC0XF2F2F2" COLSPAN="4" WIDTH="599" HEIGHT="21">제2부. 집합투자기구에 관한 사항</TD>
</TR>

<TR ACOPY="Y" ADELETE="Y" HEIGHT="49">
<TD USERMARK="F-BT10 " WIDTH="123" HEIGHT="42">2. 집합투자기구의 연혁</TD>
<TD ALIGN="JUSTIFY" USERMARK="F-BT10 " WIDTH="95" HEIGHT="42">업데이트</TD>
<TD ALIGN="JUSTIFY" USERMARK="F-BT10 " WIDTH="167" HEIGHT="42">-</TD>
<TD ALIGN="JUSTIFY" USERMARK="F-BT10 " WIDTH="187" HEIGHT="42">- 최근 기준 업데이트</TD>
</TR>

<TR ACOPY="Y" ADELETE="Y" HEIGHT="49">
<TD USERMARK="F-BT10 " WIDTH="123" HEIGHT="42">5. 운용전문인력에 관한 사항</TD>
<TD ALIGN="JUSTIFY" USERMARK="F-BT10 " WIDTH="95" HEIGHT="42">업데이트</TD>

<TD WIDTH="167" HEIGHT="42">
<P USERMARK="F-BT10  A-J">-</P>
<P USERMARK="F-BT10  A-J"> </P>
</TD>
<TD ALIGN="JUSTIFY" USERMARK="F-BT10 " WIDTH="187" HEIGHT="42">- 작성 기준일 기준 업데이트</TD>
</TR>

<TR ACOPY="Y" ADELETE="Y" HEIGHT="70">

<TD WIDTH="123" HEIGHT="63">
<P USERMARK="F-BT10  A-L">6. 집합투자기구의 구조</P>
<P USERMARK="F-BT10  A-L">나. 종류형 구조</P>
</TD>
<TD ALIGN="JUSTIFY" USERMARK="F-BT10 " WIDTH="95" HEIGHT="63">정기 갱신</TD>

<TD WIDTH="167" HEIGHT="63">
<P USERMARK="F-BT10  A-J">-</P>
<P USERMARK="F-BT10  A-J"> </P>
</TD>

<TD WIDTH="187" HEIGHT="63">
<P USERMARK="F-BT10  A-J">- 최근 결산일 기준 업데이트</P>
<P USERMARK="F-BT10  A-J">  (종류별 총비용 일치 시점)</P>
</TD>
</TR>

<TR ACOPY="Y" ADELETE="Y" HEIGHT="215">

<TD WIDTH="123" HEIGHT="208">
<P USERMARK="F-BT10  A-L">10. 집합투자기구의 투자위험</P>
<P USERMARK="F-BT10  A-L">라. 이 집합투자기</P>
<P USERMARK="F-BT10  A-L">구에 적합한 투자자 유형</P>
</TD>
<TD ALIGN="JUSTIFY" USERMARK="F-BT10 " WIDTH="95" HEIGHT="208">정기 갱신</TD>

<TD WIDTH="167" HEIGHT="208">
<P USERMARK="F-BT10  A-J"> </P>
<P USERMARK="F-BT10  A-J"> </P>
<P USERMARK="F-BT10  A-J"> </P>
<P USERMARK="F-BT10  A-J">* 직전 결산기 수익률 변동성</P>
<P USERMARK="F-BT9  A-J">(일간 수익률의 최대손실예상액 기준)</P>

<P USERMARK="F-BT10  A-L">: 
<SPAN USERMARK="U">9.54</SPAN>
<SPAN USERMARK="BU">%</SPAN>
</P>
<P USERMARK="F-BT10 B A-L"> </P>
</TD>

<TD WIDTH="187" HEIGHT="208">
<P USERMARK="F-BT10  A-J">- 최근 결산일 기준 이전 3년간 수익률 변동성 기준으로 업데이트</P>
<P USERMARK="F-BT10  A-J"> </P>
<P USERMARK="F-BT10  A-J">* 직전 결산기 수익률 변동성</P>
<P USERMARK="F-BT9  A-J">(일간 수익률의 최대손실예상액 기준)      </P>

<P USERMARK="F-BT10  A-J">
<SPAN USERMARK="U">: 9.44</SPAN>
<SPAN USERMARK="BU">%</SPAN>
</P>
</TD>
</TR>

<TR ACOPY="Y" ADELETE="Y" HEIGHT="49">
<TD USERMARK="F-BT10 " WIDTH="123" HEIGHT="42">13. 보수 및 수수료에 관한 사항</TD>
<TD ALIGN="JUSTIFY" USERMARK="F-BT10 " WIDTH="95" HEIGHT="42">정기 갱신</TD>
<TD ALIGN="JUSTIFY" USERMARK="F-BT10 " WIDTH="167" HEIGHT="42">-</TD>
<TD ALIGN="JUSTIFY" USERMARK="F-BT10 " WIDTH="187" HEIGHT="42">- 최근 결산일 기준 업데이트</TD>
</TR>

<TR ACOPY="Y" ADELETE="Y" HEIGHT="28">
<TD ALIGN="JUSTIFY" USERMARK="F-BT10  BC0XF2F2F2" COLSPAN="4" WIDTH="599" HEIGHT="21">제3부. 집합투자기구의 재무 및 운용실적 등에 관한 사항</TD>
</TR>

<TR ACOPY="Y" ADELETE="Y" HEIGHT="112">

<TD WIDTH="123" HEIGHT="105">
<P USERMARK="F-BT10  A-J">1. 재무 정보</P>
<P USERMARK="F-BT10  A-L">2. 연도별 설정 및 환매 현황</P>
<P USERMARK="F-BT10  A-L">3. 집합투자기구의 운용실적</P>
</TD>
<TD ALIGN="JUSTIFY" USERMARK="F-BT10 " WIDTH="95" HEIGHT="105">정기 갱신</TD>
<TD ALIGN="JUSTIFY" USERMARK="F-BT10 " WIDTH="167" HEIGHT="105">-</TD>
<TD ALIGN="JUSTIFY" USERMARK="F-BT10 " WIDTH="187" HEIGHT="105">- 최근 결산일 기준 업데이트</TD>
</TR>

<TR ACOPY="Y" ADELETE="Y" HEIGHT="28">
<TD ALIGN="JUSTIFY" USERMARK="F-BT10  BC0XF2F2F2" COLSPAN="4" WIDTH="599" HEIGHT="21">제4부. 집합투자기구 관련회사에 관한 사항</TD>
</TR>

<TR ACOPY="Y" ADELETE="Y" HEIGHT="70">

<TD WIDTH="123" HEIGHT="63">
<P USERMARK="F-BT10  A-J">1. 집합투자업자</P>
<P USERMARK="F-BT10  A-J">에 관한 사항</P>
</TD>
<TD ALIGN="JUSTIFY" USERMARK="F-BT10 " WIDTH="95" HEIGHT="63">업데이트</TD>

<TD WIDTH="167" HEIGHT="63">
<P USERMARK="F-BT10  A-J">라. 운용자산 규모</P>
<P USERMARK="F-BT10  A-J">-</P>
</TD>

<TD WIDTH="187" HEIGHT="63">
<P USERMARK="F-BT10  A-J">라. 운용자산 규모</P>
<P USERMARK="F-BT10  A-J">- 작성 기준일 기준 업데이트</P>
</TD>
</TR>
</TBODY>
</TABLE>
<P></P>
<PGBRK></PGBRK>
</CORRECTION>
</LIBRARY>


<COVER>

<TABLE ACLASS="NORMAL" AFIXTABLE="N" WIDTH="599" BORDER="1">

<COLGROUP WIDTH="599">
<COL WIDTH="42"></COL>
<COL WIDTH="42"></COL>
<COL WIDTH="42"></COL>
<COL WIDTH="42"></COL>
<COL WIDTH="42"></COL>
<COL WIDTH="41"></COL>
<COL WIDTH="348"></COL>
</COLGROUP>

<TBODY>

<TR ACOPY="Y" ADELETE="Y" HEIGHT="61">
<TD VALIGN="MIDDLE" WIDTH="242" HEIGHT="54" USERMARK="F-14 B 0XFFFFFF BC0XFFC057" COLSPAN="6" ALIGN="CENTER">투자위험등급 5등급[ 낮은 위험 ]</TD>

<TD WIDTH="339" HEIGHT="160" VALIGN="MIDDLE" ROWSPAN="3">
<SPAN USERMARK="B">HDC자산운용(주)는</SPAN> 이 투자신탁의 
<SPAN USERMARK="F-13 B 0X1814FF">실제 수익률 변동성</SPAN>을 감안하여 
<SPAN USERMARK="F-13 B 0X0000FF">5등급</SPAN>
<SPAN USERMARK="B">으로 분류</SPAN>하였습니다. 
<SPAN USERMARK="B">펀드의 위험 등급은 운용실적, 시장 상황 등에 따라 변경될 수 있다는 점을 유의하여 투자판단을 하시기 바랍니다.</SPAN>
</TD>
</TR>

<TR ACOPY="Y" ADELETE="Y" HEIGHT="30">
<TD ALIGN="CENTER" VALIGN="MIDDLE" WIDTH="33" HEIGHT="23" USERMARK="B BC0X1814FF">1</TD>
<TD ALIGN="CENTER" VALIGN="MIDDLE" WIDTH="33" HEIGHT="23" USERMARK="BC0X28BFFF">2</TD>
<TD ALIGN="CENTER" VALIGN="MIDDLE" WIDTH="33" HEIGHT="23" USERMARK="BC0X31FFFF">3</TD>
<TD ALIGN="CENTER" VALIGN="MIDDLE" WIDTH="33" HEIGHT="23" USERMARK="0XFFFFFF BC0X008000">4</TD>
<TD ALIGN="CENTER" VALIGN="MIDDLE" WIDTH="33" HEIGHT="23" USERMARK="0XFFFFFF BC0XFFC057">5</TD>
<TD ALIGN="CENTER" VALIGN="MIDDLE" WIDTH="32" HEIGHT="23" USERMARK="0XFFFFFF BC0X5F2400">6</TD>
</TR>

<TR ACOPY="Y" ADELETE="Y" HEIGHT="76">
<TD ALIGN="CENTER" VALIGN="MIDDLE" WIDTH="33" HEIGHT="69" USERMARK="B 0X1814FF">매우높은위험</TD>
<TD ALIGN="CENTER" VALIGN="MIDDLE" WIDTH="33" HEIGHT="69" USERMARK="0X28BFFF">높은위험</TD>
<TD ALIGN="CENTER" VALIGN="MIDDLE" WIDTH="33" HEIGHT="69" USERMARK="0X00C0C0">다소높은위험</TD>
<TD ALIGN="CENTER" VALIGN="MIDDLE" WIDTH="33" HEIGHT="69" USERMARK="0X008000">보통위험</TD>
<TD ALIGN="CENTER" VALIGN="MIDDLE" WIDTH="33" HEIGHT="69" USERMARK="0XFFC057">낮은위험</TD>
<TD ALIGN="CENTER" VALIGN="MIDDLE" WIDTH="32" HEIGHT="69" USERMARK="0X5F2400">매우낮은위험</TD>
</TR>
</TBODY>
</TABLE>
<P></P>
<COVER-TITLE ATOC="Y" AASSOCNOTE="COVER" ATOCID="2" ENG="Prospectus">투 자 설 명 서</COVER-TITLE>

<P>
<SPAN USERMARK="F-GL11 ">이 투자설명서는 </SPAN>
<SPAN USERMARK="F-GL11 BU">HDC고배당밸류1호증권투자회사[채권혼합]</SPAN>
<SPAN USERMARK="F-GL11 ">에 대한 자세한 내용을 담고 있습니다.  따라서 </SPAN>
<SPAN USERMARK="F-GL11 BU">HDC고배당밸류1호증권투자회사[채권혼합]</SPAN>
<SPAN USERMARK="F-GL11 "> 주권을 매입하기 전에 이 투자설명서를 읽어보시기 바랍니다.</SPAN>
</P>

<TABLE-GROUP ACLASS="_FUND_MAIN_" ADELETETABLE="N">

<TABLE ACLASS="EXTRACTION" AFIXTABLE="Y" WIDTH="600" BORDER="0">

<COLGROUP WIDTH="600">
<COL WIDTH="171"></COL>
<COL WIDTH="224"></COL>
<COL WIDTH="92"></COL>
<COL WIDTH="85"></COL>
<COL WIDTH="28"></COL>
</COLGROUP>

<TBODY>

<TR ACOPY="N" ADELETE="N" HEIGHT="53">
<TD WIDTH="162" HEIGHT="46" AUPDATECONT="N" ENG="1. Name of the collective investment scheme:">1. 집합투자기구 명칭 :</TD>
<TE WIDTH="215" HEIGHT="46" ACODE="FUND_NAME">HDC고배당밸류1호증권투자회사[채권혼합]</TE>
<TD WIDTH="83" HEIGHT="46" AUPDATECONT="N" ENG="(Fund code:">(펀드코드 :</TD>
<TE WIDTH="76" HEIGHT="46" ACODE="FUND_CODE" ALIGN="CENTER">53860</TE>
<TD WIDTH="19" HEIGHT="46" AUPDATECONT="N">)</TD>
</TR>

<TR ACOPY="N" ADELETE="N" HEIGHT="30">
<TD COLSPAN="5" WIDTH="591" HEIGHT="23"></TD>
</TR>

<TR ACOPY="N" ADELETE="N" HEIGHT="30">
<TD WIDTH="162" HEIGHT="23" AUPDATECONT="N" ENG="2. Name of collective investment business entity">2. 집합투자업자 명칭 :</TD>
<TE COLSPAN="4" WIDTH="420" HEIGHT="23" ACODE="FUND_TRD">HDC자산운용(주)</TE>
</TR>
</TBODY>
</TABLE>
</TABLE-GROUP>
<P></P>

<TABLE ACLASS="NORMAL" AFIXTABLE="N" WIDTH="600" BORDER="0">

<COLGROUP WIDTH="600">
<COL WIDTH="240"></COL>
<COL WIDTH="360"></COL>
</COLGROUP>

<TBODY>

<TR ACOPY="Y" ADELETE="Y" HEIGHT="53">
<TD WIDTH="231" HEIGHT="46">3. 판   매   회   사 :</TD>
<TD WIDTH="351" HEIGHT="46">각 판매회사 본ㆍ지점(집합투자업자ㆍ한국금융투자협회 인터넷홈페이지 참조)</TD>
</TR>

<TR ACOPY="Y" ADELETE="Y" HEIGHT="53">
<TD WIDTH="231" HEIGHT="46">4. 작 성 기 준 일 :</TD>
<TD WIDTH="351" HEIGHT="46" USERMARK="0XFF1200">2025년 12월 22일</TD>
</TR>

<TR ACOPY="Y" ADELETE="Y" HEIGHT="53">
<TD WIDTH="231" HEIGHT="46">5. 증권신고서 효력발생일 :</TD>
<TD WIDTH="351" HEIGHT="46" USERMARK="0X0000FF">2026년 1월 7일</TD>
</TR>

<TR ACOPY="Y" ADELETE="Y" HEIGHT="53">
<TD WIDTH="231" HEIGHT="46">6. 모집(매출) 증권의 종류 및 수 :</TD>
<TD WIDTH="351" HEIGHT="46">투자회사의 주권(1조주)</TD>
</TR>

<TR ACOPY="Y" ADELETE="Y" HEIGHT="53">
<TD WIDTH="591" HEIGHT="46" COLSPAN="2">[모집(매출) 총액 : 1조원(최초발행가액 기준)]</TD>
</TR>

<TR ACOPY="Y" ADELETE="Y" HEIGHT="53">
<TD WIDTH="231" HEIGHT="46">7. 모집(매출) 기간(판매기간) : </TD>
<TD WIDTH="351" HEIGHT="46">일괄신고서를 제출하는 개방형 집합투자기구로 모집기간을 정하지 않고 계속 모집 할 수 있습니다.</TD>
</TR>

<TR ACOPY="Y" ADELETE="Y" HEIGHT="30">
<TD WIDTH="231" HEIGHT="23"></TD>
<TD WIDTH="351" HEIGHT="23"></TD>
</TR>

<TR ACOPY="Y" ADELETE="Y" HEIGHT="30">
<TD COLSPAN="2" WIDTH="591" HEIGHT="23">8. 집합투자증권신고서 및 투자설명서의 열람장소</TD>
</TR>

<TR ACOPY="Y" ADELETE="Y" HEIGHT="30">
<TD COLSPAN="2" WIDTH="591" HEIGHT="23">   가. 집합투자증권신고서</TD>
</TR>

<TR ACOPY="Y" ADELETE="Y" HEIGHT="30">
<TD COLSPAN="2" WIDTH="591" HEIGHT="23">        전자문서 : 금융위(금감원) 전자공시시스템 →  http://dart.fss.or.kr</TD>
</TR>

<TR ACOPY="Y" ADELETE="Y" HEIGHT="30">
<TD COLSPAN="2" WIDTH="591" HEIGHT="23">   나. 투자설명서</TD>
</TR>

<TR ACOPY="Y" ADELETE="Y" HEIGHT="30">
<TD COLSPAN="2" WIDTH="591" HEIGHT="23">        전자문서 : 금융위(금감원) 전자공시시스템 →  http://dart.fss.or.kr</TD>
</TR>

<TR ACOPY="Y" ADELETE="Y" HEIGHT="30">
<TD COLSPAN="2" WIDTH="591" HEIGHT="23">        서면문서 : 집합투자업자, 판매회사 및 협회 (전화번호, 홈페이지 주소)</TD>
</TR>

<TR ACOPY="Y" ADELETE="Y" HEIGHT="30">
<TD COLSPAN="2" WIDTH="591" HEIGHT="23">9. (안정조작 또는 시장조성 관련)</TD>
</TR>

<TR ACOPY="Y" ADELETE="Y" HEIGHT="30">
<TD COLSPAN="2" WIDTH="591" HEIGHT="23"></TD>
</TR>

<TR ACOPY="Y" ADELETE="Y" HEIGHT="53">
<TD COLSPAN="2" WIDTH="591" HEIGHT="46">※ 효력발생일까지 증권신고서의 기재사항 중 일부가 변경될 수 있으며, 개방형 집합투자증권인 경우 효력발생일 이후(청약일 이후)에도 변경될 수 있습니다.</TD>
</TR>
</TBODY>
</TABLE>

<TABLE ACLASS="NORMAL" AFIXTABLE="N" WIDTH="600" BORDER="1">

<COLGROUP WIDTH="600">
<COL WIDTH="600"></COL>
</COLGROUP>

<TBODY>

<TR ACOPY="Y" ADELETE="Y" HEIGHT="157">
<TD WIDTH="591" HEIGHT="150" AUPDATECONT="N" USERMARK="F-BT13 B 0X0000FF" ENG="Please note that the Financial Services Commission does not verify the accuracy or truthfulness of the information presented in the prospectus, nor does it guarantee or endorse the value of the securities. Additionally, these collective investment securities are performance-based dividend products not covered by the Depositor Protection Act. Therefore, investing in them carries the risk of potential loss of principal investment. Please exercise caution when considering these investments.">금융위원회가 투자설명서의 기재사항이 진실 또는 정확하다는 것을 인정하거나 그 증권의 가치를 보증 또는 승인하지 아니함을 유의하시기 바랍니다.또한 이 집합투자증권은「예금자보호법」에 의한 보호를 받지 않는 실적배당상품으로 투자원금의 손실이 발생할 수 있으므로 투자에 신중을 기하여 주시기 바랍니다. </TD>
</TR>
</TBODY>
</TABLE>
<PGBRK></PGBRK>
</COVER>

<LIBRARY>
<SECTION-1 ACLASS="MANDATORY" APARTSOURCE="SOURCE">
<TITLE ATOC="Y" ATOCID="3" ENG="[Main Text]">[ 본 문 ]</TITLE>

</SECTION-1></LIBRARY></BODY></DOCUMENT>