<?xml version="1.0" encoding="utf-8"?>


<DOCUMENT xmlns:xsi="http://www.w3.org/2001/XMLSchema-instance" xsi:noNamespaceSchemaLocation="dart4.xsd">

<DOCUMENT-NAME ACODE="80740">특수관계인에대한CP매도</DOCUMENT-NAME>
<FORMULA-VERSION ADATE="20240129">6.0</FORMULA-VERSION>
<COMPANY-NAME AREGCIK="00857763">주식회사 에코캐피탈</COMPANY-NAME>


<BODY ATOCID="1">

<SECTION-1 ACLASS="MANDATORY" APARTSOURCE="SOURCE">
<TITLE ATOC="Y" AASSOCNOTE="D-0-1-0-0" ENG="Sales of CP to Related Party" ATOCID="1">특수관계인에 대한 CP매도</TITLE>
<P></P>

<TABLE ACLASS="NORMAL" WIDTH="720" BORDER="1">

<COLGROUP WIDTH="720">
<COL WIDTH="89"></COL>
<COL WIDTH="75"></COL>
<COL WIDTH="60"></COL>
<COL WIDTH="111"></COL>
<COL WIDTH="72"></COL>
<COL WIDTH="94"></COL>
<COL WIDTH="73"></COL>
<COL WIDTH="146"></COL>
</COLGROUP>

<TBODY>

<TR ACOPY="Y" ADELETE="Y" HEIGHT="34">
<TD ALIGN="CENTER" VALIGN="MIDDLE" WIDTH="80" HEIGHT="27">기업집단명</TD>
<TD VALIGN="MIDDLE" WIDTH="66" HEIGHT="27" ALIGN="CENTER">하림</TD>
<TD ALIGN="CENTER" VALIGN="MIDDLE" WIDTH="51" HEIGHT="27">회사명</TD>
<TD VALIGN="MIDDLE" WIDTH="102" HEIGHT="27" ALIGN="CENTER">(주)에코캐피탈</TD>
<TD ALIGN="CENTER" VALIGN="MIDDLE" WIDTH="63" HEIGHT="27">공시일자</TD>
<TD VALIGN="MIDDLE" WIDTH="85" HEIGHT="27" ALIGN="CENTER">2026.01.07</TD>
<TD ALIGN="CENTER" VALIGN="MIDDLE" WIDTH="64" HEIGHT="27">관련법규</TD>
<TD ALIGN="CENTER" VALIGN="MIDDLE" WIDTH="137" HEIGHT="27">공정거래법 제26조</TD>
</TR>
</TBODY>
</TABLE>
<P></P>

<TABLE ACLASS="NORMAL" AFIXTABLE="N" WIDTH="719" BORDER="0">

<COLGROUP WIDTH="719">
<COL WIDTH="719"></COL>
</COLGROUP>

<TBODY>

<TR ACOPY="Y" ADELETE="Y" HEIGHT="30">
<TD ALIGN="RIGHT" VALIGN="BOTTOM" WIDTH="710" HEIGHT="23">(단위 : 백만 원) </TD>
</TR>
</TBODY>
</TABLE>

<TABLE BORDER="1" WIDTH="719" ACLASS="NORMAL">

<COLGROUP WIDTH="719">
<COL WIDTH="100"></COL>
<COL WIDTH="73"></COL>
<COL WIDTH="83"></COL>
<COL WIDTH="155"></COL>
<COL WIDTH="154"></COL>
<COL WIDTH="154"></COL>
</COLGROUP>

<TBODY>

<TR ACOPY="Y" ADELETE="Y" HEIGHT="30">
<TD COLSPAN="3" VALIGN="MIDDLE" WIDTH="247" HEIGHT="23">1. 매도상대방</TD>
<TD ALIGN="CENTER" VALIGN="MIDDLE" WIDTH="146" HEIGHT="23">(주)한강식품</TD>
<TD ALIGN="CENTER" VALIGN="MIDDLE" WIDTH="145" HEIGHT="23">회사와의 관계</TD>
<TD ALIGN="CENTER" VALIGN="MIDDLE" WIDTH="145" HEIGHT="23">계열회사</TD>
</TR>

<TR ACOPY="Y" ADELETE="Y" HEIGHT="30">
<TD COLSPAN="3" VALIGN="MIDDLE" WIDTH="247" HEIGHT="23">2. 매도일자</TD>
<TD COLSPAN="3" ALIGN="CENTER" VALIGN="MIDDLE" WIDTH="454" HEIGHT="23">2026년 01월 08일</TD>
</TR>

<TR ACOPY="Y" ADELETE="Y" HEIGHT="30">
<TD COLSPAN="3" VALIGN="MIDDLE" WIDTH="247" HEIGHT="23">3. 거래 금액 </TD>
<TD COLSPAN="3" ALIGN="CENTER" VALIGN="MIDDLE" WIDTH="454" HEIGHT="23">8,000</TD>
</TR>

<TR ACOPY="Y" ADELETE="Y" HEIGHT="30">
<TD COLSPAN="3" VALIGN="MIDDLE" WIDTH="247" HEIGHT="23">4. 거래상대방 잔액 </TD>
<TD COLSPAN="3" ALIGN="CENTER" VALIGN="MIDDLE" WIDTH="454" HEIGHT="23">8,000</TD>
</TR>

<TR ACOPY="Y" ADELETE="Y" HEIGHT="30">
<TD COLSPAN="3" VALIGN="MIDDLE" WIDTH="247" HEIGHT="23">5. 할인율(%)</TD>
<TD COLSPAN="3" ALIGN="CENTER" VALIGN="MIDDLE" WIDTH="454" HEIGHT="23">4.50</TD>
</TR>

<TR ACOPY="Y" ADELETE="Y" HEIGHT="30">
<TD ROWSPAN="3" VALIGN="MIDDLE" WIDTH="91" HEIGHT="83">6. CP내역</TD>
<TD COLSPAN="2" VALIGN="MIDDLE" WIDTH="147" HEIGHT="23">가. 발행자</TD>
<TD ALIGN="CENTER" VALIGN="MIDDLE" WIDTH="146" HEIGHT="23">(주)에코캐피탈</TD>
<TD ALIGN="CENTER" VALIGN="MIDDLE" WIDTH="145" HEIGHT="23">회사와의 관계</TD>
<TD ALIGN="CENTER" VALIGN="MIDDLE" WIDTH="145" HEIGHT="23">당해회사</TD>
</TR>

<TR ACOPY="Y" ADELETE="Y" HEIGHT="30">
<TD COLSPAN="2" VALIGN="MIDDLE" WIDTH="147" HEIGHT="23">나. 발행일</TD>
<TD COLSPAN="3" ALIGN="CENTER" VALIGN="MIDDLE" WIDTH="454" HEIGHT="23">2026년 01월 08일</TD>
</TR>

<TR ACOPY="Y" ADELETE="Y" HEIGHT="30">
<TD COLSPAN="2" VALIGN="MIDDLE" WIDTH="147" HEIGHT="23">다. 만기일</TD>
<TD COLSPAN="3" ALIGN="CENTER" VALIGN="MIDDLE" WIDTH="454" HEIGHT="23">2027년 01월 07일</TD>
</TR>

<TR ACOPY="Y" ADELETE="Y" HEIGHT="30">
<TD COLSPAN="3" VALIGN="MIDDLE" WIDTH="247" HEIGHT="23">7 거래목적</TD>
<TD COLSPAN="3" ALIGN="CENTER" VALIGN="MIDDLE" WIDTH="454" HEIGHT="23">운영자금</TD>
</TR>

<TR ACOPY="Y" ADELETE="Y" HEIGHT="30">
<TD COLSPAN="3" VALIGN="MIDDLE" WIDTH="247" HEIGHT="23">8. 이사회 의결일</TD>
<TD COLSPAN="3" ALIGN="CENTER" VALIGN="MIDDLE" WIDTH="454" HEIGHT="23">2026년 01월 05일</TD>
</TR>

<TR ACOPY="Y" ADELETE="Y" HEIGHT="30">
<TD COLSPAN="2" ROWSPAN="2" VALIGN="MIDDLE" WIDTH="164" HEIGHT="53">- 사외이사 참석여부</TD>
<TD ALIGN="CENTER" VALIGN="MIDDLE" WIDTH="74" HEIGHT="23">참석(명)</TD>
<TD COLSPAN="3" ALIGN="CENTER" VALIGN="MIDDLE" WIDTH="454" HEIGHT="23">-</TD>
</TR>

<TR ACOPY="Y" ADELETE="Y" HEIGHT="30">
<TD ALIGN="CENTER" VALIGN="MIDDLE" WIDTH="74" HEIGHT="23">불참(명)</TD>
<TD COLSPAN="3" ALIGN="CENTER" VALIGN="MIDDLE" WIDTH="454" HEIGHT="23">-</TD>
</TR>

<TR ACOPY="Y" ADELETE="Y" HEIGHT="30">
<TD COLSPAN="3" VALIGN="MIDDLE" WIDTH="247" HEIGHT="23">- 감사(감사위원)참석여부</TD>
<TD COLSPAN="3" ALIGN="CENTER" VALIGN="MIDDLE" WIDTH="454" HEIGHT="23">참석</TD>
</TR>

<TR ACOPY="Y" ADELETE="Y" HEIGHT="30">
<TD COLSPAN="3" VALIGN="MIDDLE" WIDTH="247" HEIGHT="23">9. 기타</TD>
<TD COLSPAN="3" ALIGN="CENTER" VALIGN="MIDDLE" WIDTH="454" HEIGHT="23">-</TD>
</TR>

<TR ACOPY="Y" ADELETE="Y" HEIGHT="30">
<TD COLSPAN="3" VALIGN="MIDDLE" WIDTH="247" HEIGHT="23">※ 관련공시일</TD>
<TD COLSPAN="3" ALIGN="CENTER" VALIGN="MIDDLE" WIDTH="454" HEIGHT="23">-</TD>
</TR>
</TBODY>
</TABLE>
</SECTION-1>
</BODY>
</DOCUMENT>