<html>
 <head> 
  <meta content="gdi" http-equiv="X-UA-TextLayoutMetrics"> 
  <meta content="text/html; charset=euc-kr" http-equiv="Content-Type"> 
  <STYLE>
.xforms * { font-family: 돋움체;}
.xforms_title * { font-size: 13pt; padding : 0 0 10 0;}

.xforms table {
    font-size: 10px;
    padding:0px;
    border-collapse:collapse;
    color: #3D3D3D;
}
.xforms td {
    padding-left:0px;
    padding-top:0px;
    border-collapse:collapse;
    line-height:22px;
    color: #3D3D3D;
    /*text-align:right;*/
    vertical-align:middle;
    border: 1px solid #7f7f7f;
}

.xforms span {
    /*display: inline-block;*/
    padding-left:3px;
    padding-right: 1px;
    line-height:22px;
    padding-top:0px;
    padding-bottom:0px;
    text-align:left;
    vertical-align:middle;
    border: 0px solid #DBDBDB;
}

.xforms.img{
    border : 0px;
}

.xforms a:link {

    color: #194866;
    text-decoration: none;
}
.xforms a:active {

    color: #194866;
    text-decoration: none;
}
.xforms a:visited {
    color: #194866;
    text-decoration: none;
}

.xforms A:hover {
    color:008BE3;
    text-decoration: none;
}

.xforms_input{
    border: 0px solid #DBDBDB;
    padding-left:3px;
    padding-right: 1px;
    height:22px;
    padding-top:0px;
    padding-bottom:0px;
    text-align:left;
}
</STYLE> 
  <title>아이비김영/타법인주식및출자증권취득결정/(2026.01.05)타법인주식및출자증권취득결정</title> 
 </head> 
 <body> 
  <div class="xforms"> 
   <div> 
    <div id="LIB_LC000" style="width:600px;font-size:10pt;;padding:0 0 20 0"> 
     <div> 
      <div> 
       <span style="width:600px;font-size:10pt;font-weight:bold;text-align:center;">정정신고(보고)</span> 
       <table border="0" bordercolordark="white" bordercolorlight="#666666" cellpadding="1" cellspacing="0" id="XFormD8_Form0_Table1" style="margin:0px 0px 20px 0px;width:600px;font-size:10pt;"> 
        <tbody> 
         <tr> 
          <td width="434"> <span style="width:434px;font-size:10pt;text-align:right;">정정일자</span> </td> 
          <td width="166"> <span class="xforms_input" style="width:166px;font-size:10pt;">2026-01-05</span> </td> 
         </tr> 
        </tbody> 
       </table> 
       <table border="1" bordercolordark="white" bordercolorlight="#666666" cellpadding="1" cellspacing="0" id="XFormD8_Form0_RepeatTable0" style="margin:0px 0px 20px 0px;width:600px;font-size:10pt;border:1px solid #7f7f7f;"> 
        <tbody> 
         <tr> 
          <td width="200"> <span style="width:200px;font-size:10pt;">1. 정정관련 공시서류</span> </td> 
          <td colspan="2" width="400"> <span class="xforms_input" style="width:400px;font-size:10pt;">타법인 주식 및 출자증권 취득결정</span> </td> 
         </tr> 
         <tr> 
          <td width="200"> <span style="width:200px;font-size:10pt;">2. 정정관련 공시서류제출일</span> </td> 
          <td colspan="2" width="400"> <span class="xforms_input" style="width:400px;font-size:10pt;">2025년 12월 1일</span> </td> 
         </tr> 
         <tr> 
          <td width="200"> <span style="width:200px;font-size:10pt;">3. 정정사유</span> </td> 
          <td colspan="2" width="400"> <span class="xforms_input" style="width:400px;font-size:10pt;">유상증자(주주균등배정) 후 실권주 발생에 따른 지분비율 변동</span> </td> 
         </tr> 
         <tr> 
          <td colspan="3" width="600"> <span style="width:600px;font-size:10pt;">4. 정정사항</span> </td> 
         </tr> 
         <tr> 
          <td width="200"> <span style="width:200px;font-size:10pt;text-align:center;">정정항목</span> </td> 
          <td width="200"> <span style="width:200px;font-size:10pt;text-align:center;">정정전</span> </td> 
          <td width="200"> <span style="width:200px;font-size:10pt;text-align:center;">정정후</span> </td> 
         </tr> 
         <tr> 
          <td width="200"> <span class="xforms_input" style="width:200px;font-size:10pt;">1. 발행회사</span> </td> 
          <td width="200"> <span class="xforms_input" style="width:200px;font-size:10pt;">발행주식총수 : 2,527,136주</span> </td> 
          <td width="200"> <span class="xforms_input" style="width:200px;font-size:10pt;">발행주식총수 : 5,427,136주</span> </td> 
         </tr> 
         <tr> 
          <td width="200"> <span class="xforms_input" style="width:200px;font-size:10pt;">3. 취득후 소유주식수 및 지분비율</span> </td> 
          <td width="200"> <span class="xforms_input" style="width:200px;font-size:10pt;">지분비율 : 80.57%</span> </td> 
          <td width="200"> <span class="xforms_input" style="width:200px;font-size:10pt;">지분비율 : 90.65%</span> </td> 
         </tr> 
         <tr> 
          <td width="200"> <span class="xforms_input" style="width:200px;font-size:10pt;">13. 기타 투자판단에 참고할 사항</span> </td> 
          <td width="200"> <span class="xforms_input" style="width:200px;font-size:10pt;">2) 상기 1.발행회사 (주)메가커리어랩은 2019년 4월에 설립되어 컴퓨터를 기반으로 한 국비와 국비非지원 교육사업 및 뷰티교육사업을 주요사업으로 하고 있으며, 현재 당사는 (주)메가커리어랩 전체 발행주식수 2,527,136주 중 2,019,449주(79.91%)를 보유하고 있습니다. <br java="http://xml.apache.org/xalan/java"> <br java="http://xml.apache.org/xalan/java">5) 상기 '3.취득후 소유주식수 및 지분비율'은 발행회사의 유상증자 후 발행주식총수를 기준으로 하였으며, 주주균등배정 유상증자에 따른 실권주 발생 시 지분비율이 변동될 수 있습니다.</span> </td> 
          <td width="200"> <span class="xforms_input" style="width:200px;font-size:10pt;">2) 상기 1.발행회사 (주)메가커리어랩은 2019년 4월에 설립되어 컴퓨터를 기반으로 한 국비와 국비非지원 교육사업 및 뷰티교육사업을 주요사업으로 하고 있으며, 현재 당사는 (주)메가커리어랩 전체 발행주식수 5,427,136주 중 4,919,449주(90.65%)를 보유하고 있습니다. <br java="http://xml.apache.org/xalan/java"> <br java="http://xml.apache.org/xalan/java">5) 상기 '3.취득후 소유주식수 및 지분비율'은 발행회사의 유상증자 후 발행주식총수를 기준으로 하였습니다.</span> </td> 
         </tr> 
        </tbody> 
       </table> 
       <table border="1" bordercolordark="white" bordercolorlight="#666666" cellpadding="1" cellspacing="0" id="XFormD8_Form0_Table0" style="margin:0px 0px 20px 0px;width:599px;font-size:10pt;border:1px solid #7f7f7f;"> 
        <tbody> 
         <tr> 
          <td width="599"> <span class="xforms_input" style="width:599px;font-size:10pt;">-</span> </td> 
         </tr> 
        </tbody> 
       </table> 
      </div> 
     </div> 
    </div> 
    <div class="xforms_title"> 
     <div> 
      <span style="width:598px;font-weight:bold;text-align:center;">타법인 주식 및 출자증권 취득결정</span> 
     </div> 
    </div> 
    <span class="noprint" style="display:none;width:600px;font-size:10pt;"> </span> 
    <table border="1" bordercolordark="white" bordercolorlight="#666666" cellpadding="1" cellspacing="0" id="XFormD6_Form0_Table0" style="margin:0px 0px 20px 0px;width:599px;border:1px solid #666666;"> 
     <tbody> 
      <tr> 
       <td rowspan="3" width="102"> <span style="width:102px;font-size:10pt;">1. 발행회사</span> </td> 
       <td width="169"> <span style="width:169px;font-size:10pt;">회사명(국적)</span> </td> 
       <td width="132"> <span class="xforms_input" style="width:132px;font-size:10pt;">(주)메가커리어랩</span> </td> 
       <td width="101"> <span style="width:101px;font-size:10pt;">대표이사</span> </td> 
       <td width="95"> <span class="xforms_input" style="width:95px;font-size:10pt;">이순호</span> </td> 
      </tr> 
      <tr> 
       <td width="169"> <span style="width:169px;font-size:10pt;">자본금(원)</span> </td> 
       <td width="132"> <span class="xforms_input" style="width:132px;font-size:10pt;text-align:right;">12,635,680,000</span> </td> 
       <td width="101"> <span style="width:101px;font-size:10pt;">회사와 관계</span> </td> 
       <td width="95"> <span class="xforms_input" style="width:95px;font-size:10pt;">종속회사</span> </td> 
      </tr> 
      <tr> 
       <td width="169"> <span style="width:169px;font-size:10pt;">발행주식총수(주)</span> </td> 
       <td width="132"> <span class="xforms_input" style="width:132px;font-size:10pt;text-align:right;">5,427,136</span> </td> 
       <td width="101"> <span style="width:101px;font-size:10pt;">주요사업</span> </td> 
       <td width="95"> <span class="xforms_input" style="width:95px;font-size:10pt;">컴퓨터교육업 및 뷰티교육업</span> </td> 
      </tr> 
      <tr> 
       <td colspan="2" width="271"> <span style="width:271px;font-size:10pt;">-최근 6월 이내 제3자 배정에 의한 신주취득 여부</span> </td> 
       <td colspan="3" width="328"> <span class="xforms_input" style="width:328px;font-size:10pt;">아니오</span> </td> 
      </tr> 
      <tr> 
       <td rowspan="5" width="102"> <span style="width:102px;font-size:10pt;">2. 취득내역</span> </td> 
       <td width="169"> <span style="width:169px;font-size:10pt;">취득주식수(주)</span> </td> 
       <td colspan="3" width="328"> <span class="xforms_input" style="width:328px;font-size:10pt;text-align:right;">2,900,000</span> </td> 
      </tr> 
      <tr> 
       <td width="169"> <span style="width:169px;font-size:10pt;">취득금액(원)</span> </td> 
       <td colspan="3" width="328"> <span class="xforms_input" style="width:328px;font-size:10pt;text-align:right;">14,500,000,000</span> </td> 
      </tr> 
      <tr> 
       <td width="169"> <span style="width:169px;font-size:10pt;">자기자본(원)</span> </td> 
       <td colspan="3" width="328"> <span class="xforms_input" style="width:328px;font-size:10pt;text-align:right;">52,586,768,891</span> </td> 
      </tr> 
      <tr> 
       <td width="169"> <span style="width:169px;font-size:10pt;">자기자본대비(%)</span> </td> 
       <td colspan="3" width="328"> <span class="xforms_input" style="width:328px;font-size:10pt;text-align:right;">27.57</span> </td> 
      </tr> 
      <tr> 
       <td width="169"> <span style="width:169px;font-size:10pt;">대기업 여부</span> </td> 
       <td colspan="3" width="328"> <span class="xforms_input" style="width:328px;font-size:10pt;">미해당</span> </td> 
      </tr> 
      <tr> 
       <td rowspan="2" width="102"> <span style="width:102px;font-size:10pt;">3. 취득후 소유주식수 및 지분비율</span> </td> 
       <td width="169"> <span style="width:169px;font-size:10pt;">소유주식수(주)</span> </td> 
       <td colspan="3" width="328"> <span class="xforms_input" style="width:328px;font-size:10pt;text-align:right;">4,919,449</span> </td> 
      </tr> 
      <tr> 
       <td width="169"> <span style="width:169px;font-size:10pt;">지분비율(%)</span> </td> 
       <td colspan="3" width="328"> <span class="xforms_input" style="width:328px;font-size:10pt;text-align:right;">90.65</span> </td> 
      </tr> 
      <tr> 
       <td colspan="2" width="271"> <span style="width:271px;font-size:10pt;">4. 취득방법</span> </td> 
       <td colspan="3" width="328"> <span class="xforms_input" style="width:328px;font-size:10pt;">현금취득(주주배정 유상증자 참여)</span> </td> 
      </tr> 
      <tr> 
       <td colspan="2" width="271"> <span style="width:271px;font-size:10pt;">5. 취득목적</span> </td> 
       <td colspan="3" width="328"> <span class="xforms_input" style="width:328px;font-size:10pt;">종속회사의 재무구조 개선을 통한 성장 도모</span> </td> 
      </tr> 
      <tr> 
       <td colspan="2" width="271"> <span style="width:271px;font-size:10pt;">6. 취득예정일자</span> </td> 
       <td colspan="3" width="328"> <span class="xforms_input" style="width:328px;font-size:10pt;">2026-01-05</span> </td> 
      </tr> 
      <tr> 
       <td colspan="2" width="271"> <span style="width:271px;font-size:10pt;">7. 자산양수의 주요사항보고서 제출대상 여부</span> </td> 
       <td colspan="3" width="328"> <span class="xforms_input" style="width:328px;font-size:10pt;">아니오</span> </td> 
      </tr> 
      <tr> 
       <td colspan="2" width="271"> <span style="width:271px;font-size:10pt;">-최근 사업연도말 자산총액(원)</span> </td> 
       <td width="132"> <span class="xforms_input" style="width:132px;font-size:10pt;text-align:right;">97,940,371,844</span> </td> 
       <td width="101"> <span style="width:101px;font-size:10pt;">취득가액/자산총액(%)</span> </td> 
       <td width="95"> <span class="xforms_input" style="width:95px;font-size:10pt;text-align:right;">14.80</span> </td> 
      </tr> 
      <tr> 
       <td colspan="2" width="271"> <span style="width:271px;font-size:10pt;">8. 우회상장 해당 여부</span> </td> 
       <td colspan="3" width="328"> <span class="xforms_input" style="width:328px;font-size:10pt;">아니오</span> </td> 
      </tr> 
      <tr> 
       <td colspan="2" width="271"> <span style="width:271px;font-size:10pt;">-향후 6월이내 제3자배정 증자 등 계획</span> </td> 
       <td colspan="3" width="328"> <span class="xforms_input" style="width:328px;font-size:10pt;">아니오</span> </td> 
      </tr> 
      <tr> 
       <td colspan="2" width="271"> <span style="width:271px;font-size:10pt;">9. 발행회사(타법인)의 우회상장 요건 충족여부</span> </td> 
       <td colspan="3" width="328"> <span class="xforms_input" style="width:328px;font-size:10pt;">아니오</span> </td> 
      </tr> 
      <tr> 
       <td colspan="2" width="271"> <span style="width:271px;font-size:10pt;">10. 이사회결의일(결정일)</span> </td> 
       <td colspan="3" width="328"> <span class="xforms_input" style="width:328px;font-size:10pt;">2025-12-01</span> </td> 
      </tr> 
      <tr> 
       <td rowspan="2" width="102"> <span style="width:102px;font-size:10pt;">-사외이사 참석여부</span> </td> 
       <td width="169"> <span style="width:169px;font-size:10pt;">참석(명)</span> </td> 
       <td colspan="3" width="328"> <span class="xforms_input" style="width:328px;font-size:10pt;text-align:right;">1</span> </td> 
      </tr> 
      <tr> 
       <td width="169"> <span style="width:169px;font-size:10pt;">불참(명)</span> </td> 
       <td colspan="3" width="328"> <span class="xforms_input" style="width:328px;font-size:10pt;text-align:right;">0</span> </td> 
      </tr> 
      <tr> 
       <td colspan="2" width="271"> <span style="width:271px;font-size:10pt;">-감사(감사위원) 참석여부</span> </td> 
       <td colspan="3" width="328"> <span class="xforms_input" style="width:328px;font-size:10pt;">참석</span> </td> 
      </tr> 
      <tr> 
       <td colspan="2" width="271"> <span style="width:271px;font-size:10pt;">11. 공정거래위원회 신고대상 여부</span> </td> 
       <td colspan="3" width="328"> <span class="xforms_input" style="width:328px;font-size:10pt;">미해당</span> </td> 
      </tr> 
      <tr> 
       <td colspan="2" width="271"> <span style="width:271px;font-size:10pt;">12. 풋옵션계약 등의 체결여부</span> </td> 
       <td colspan="3" width="328"> <span class="xforms_input" style="width:328px;font-size:10pt;">아니오</span> </td> 
      </tr> 
      <tr> 
       <td colspan="2" width="271"> <span style="width:271px;font-size:10pt;">-계약내용</span> </td> 
       <td colspan="3" width="328"> <span class="xforms_input" style="width:328px;font-size:10pt;">-</span> </td> 
      </tr> 
      <tr> 
       <td colspan="2" width="271"> <span style="width:271px;font-size:10pt;">13. 기타 투자판단에 참고할 사항</span> </td> 
       <td colspan="3" width="328"> <span class="xforms_input" style="width:328px;font-size:10pt;">1) 본 건은 당사의 종속회사인 (주)메가커리어랩의 유상증자에 따른 신주 취득 건입니다. <br xmlns:java="http://xml.apache.org/xalan/java"> <br xmlns:java="http://xml.apache.org/xalan/java">2) 상기 1.발행회사 (주)메가커리어랩은 2019년 4월에 설립되어 컴퓨터를 기반으로 한 국비와 국비非지원 교육사업 및 뷰티교육사업을 주요사업으로 하고 있으며, 현재 당사는 (주)메가커리어랩 전체 발행주식수 5,427,136주 중 4,919,449주(90.65%)를 보유하고 있습니다. <br xmlns:java="http://xml.apache.org/xalan/java"> <br xmlns:java="http://xml.apache.org/xalan/java">3) 발행회사 (주)메가커리어랩은 유상증자를 통해 조달한 자금으로 당사에 대한 차입금 등의 채무 약 136억원을 상환할 예정입니다. <br xmlns:java="http://xml.apache.org/xalan/java"> <br xmlns:java="http://xml.apache.org/xalan/java">4) 상기 '2.취득내역 자기자본' 및 '7.최근 사업연도말 자산총액'은 2024년말 당사의 연결재무제표 기준이며 '2.취득내역 취득금액'은 신주 발행가액 1주당 금액인 5,000원에 당사 배정주식수 2,900,000주를 곱한 금액입니다. <br xmlns:java="http://xml.apache.org/xalan/java"> <br xmlns:java="http://xml.apache.org/xalan/java">5) 상기 '3.취득후 소유주식수 및 지분비율'은 발행회사의 유상증자 후 발행주식총수를 기준으로 하였습니다. <br xmlns:java="http://xml.apache.org/xalan/java"> <br xmlns:java="http://xml.apache.org/xalan/java">6) 상기 '6.취득예정일자'는 주금납입일입니다. <br xmlns:java="http://xml.apache.org/xalan/java"> <br xmlns:java="http://xml.apache.org/xalan/java">7) 하기 발행회사의 요약 재무상황은 당해연도는 2024년, 전년도는 2023년, 전전년도는 2022년 별도 감사보고서 기준입니다</span> </td> 
      </tr> 
     </tbody> 
    </table> 
    <span style="width:608px;font-size:11pt;font-weight:bold;">[발행회사의 요약 재무상황]</span> 
    <span style="width:608px;font-size:10pt;text-align:right;">(단위 : 백만원)</span> 
    <table border="1" bordercolordark="white" bordercolorlight="#666666" cellpadding="1" cellspacing="0" id="XFormD6_Form0_Table2" style="margin:0px 0px 20px 0px;width:601px;font-size:10pt;text-align:center;border:1px solid #7f7f7f;"> 
     <tbody> 
      <tr> 
       <td width="92"> <span style="width:92px;font-size:10pt;text-align:center;">구분</span> </td> 
       <td width="85"> <span style="width:85px;font-size:10pt;text-align:center;">자산총계</span> </td> 
       <td width="87"> <span style="width:87px;font-size:10pt;text-align:center;">부채총계</span> </td> 
       <td width="84"> <span style="width:84px;font-size:10pt;text-align:center;">자본총계</span> </td> 
       <td width="88"> <span style="width:88px;font-size:10pt;text-align:center;">자본금</span> </td> 
       <td width="84"> <span style="width:84px;font-size:10pt;text-align:center;">매출액</span> </td> 
       <td width="81"> <span style="width:81px;font-size:10pt;text-align:center;">당기순이익</span> </td> 
      </tr> 
      <tr> 
       <td width="92"> <span style="width:92px;font-size:10pt;text-align:center;">당해년도</span> </td> 
       <td width="85"> <span class="xforms_input" style="width:85px;font-size:10pt;text-align:right;">8,995</span> </td> 
       <td width="87"> <span class="xforms_input" style="width:87px;font-size:10pt;text-align:right;">22,887</span> </td> 
       <td width="84"> <span class="xforms_input" style="width:84px;font-size:10pt;text-align:right;">-13,892</span> </td> 
       <td width="88"> <span class="xforms_input" style="width:88px;font-size:10pt;text-align:right;">12,636</span> </td> 
       <td width="84"> <span class="xforms_input" style="width:84px;font-size:10pt;text-align:right;">13,114</span> </td> 
       <td width="81"> <span class="xforms_input" style="width:81px;font-size:10pt;text-align:right;">-2,606</span> </td> 
      </tr> 
      <tr> 
       <td width="92"> <span style="width:92px;font-size:10pt;text-align:center;">전년도</span> </td> 
       <td width="85"> <span class="xforms_input" style="width:85px;font-size:10pt;text-align:right;">5,464</span> </td> 
       <td width="87"> <span class="xforms_input" style="width:87px;font-size:10pt;text-align:right;">16,019</span> </td> 
       <td width="84"> <span class="xforms_input" style="width:84px;font-size:10pt;text-align:right;">-10,555</span> </td> 
       <td width="88"> <span class="xforms_input" style="width:88px;font-size:10pt;text-align:right;">9,727</span> </td> 
       <td width="84"> <span class="xforms_input" style="width:84px;font-size:10pt;text-align:right;">10,807</span> </td> 
       <td width="81"> <span class="xforms_input" style="width:81px;font-size:10pt;text-align:right;">-4,180</span> </td> 
      </tr> 
      <tr> 
       <td width="92"> <span style="width:92px;font-size:10pt;text-align:center;">전전년도</span> </td> 
       <td width="85"> <span class="xforms_input" style="width:85px;font-size:10pt;text-align:right;">10,397</span> </td> 
       <td width="87"> <span class="xforms_input" style="width:87px;font-size:10pt;text-align:right;">16,723</span> </td> 
       <td width="84"> <span class="xforms_input" style="width:84px;font-size:10pt;text-align:right;">-6,326</span> </td> 
       <td width="88"> <span class="xforms_input" style="width:88px;font-size:10pt;text-align:right;">9,727</span> </td> 
       <td width="84"> <span class="xforms_input" style="width:84px;font-size:10pt;text-align:right;">11,954</span> </td> 
       <td width="81"> <span class="xforms_input" style="width:81px;font-size:10pt;text-align:right;">-7,762</span> </td> 
      </tr> 
     </tbody> 
    </table> 
    <div id="LIB_L7039" style="width:600px;font-size:10pt;;padding:0 0 20 0"> 
     <div> 
      <div> 
       <span style="width:591px;font-size:11pt;font-weight:bold;">[상대방에 관한 사항]</span> 
       <table border="1" bordercolordark="white" bordercolorlight="#666666" cellpadding="1" cellspacing="0" id="XFormG1_Form0_RepeatTable0" style="margin:0px 0px 20px 0px;width:584px;font-size:10pt;border:1px solid #7f7f7f;"> 
        <tbody> 
         <tr> 
          <td colspan="4" width="584"> <span style="width:584px;font-size:10pt;">1. 인적사항</span> </td> 
         </tr> 
         <tr> 
          <td colspan="4" width="584"> <span style="width:584px;font-size:10pt;">- 기본사항</span> </td> 
         </tr> 
         <tr> 
          <td width="146"> <span style="width:146px;font-size:10pt;text-align:center;">성명(명칭)</span> </td> 
          <td width="129"> <span style="width:129px;font-size:10pt;text-align:center;">국적</span> </td> 
          <td width="163"> <span style="width:163px;font-size:10pt;text-align:center;">주소(본점소재지)[읍ㆍ면ㆍ동까지만 기재]</span> </td> 
          <td width="146"> <span style="width:146px;font-size:10pt;text-align:center;">생년월일(사업자등록번호 등)</span> </td> 
         </tr> 
         <tr> 
          <td width="146"> <span class="xforms_input" style="width:146px;font-size:10pt;">(주)메가커리어랩</span> </td> 
          <td width="129"> <span class="xforms_input" style="width:129px;font-size:10pt;">대한민국</span> </td> 
          <td width="163"> <span class="xforms_input" style="width:163px;font-size:10pt;">서울특별시 서초구 강남대로</span> </td> 
          <td width="146"> <span class="xforms_input" style="width:146px;font-size:10pt;">640-81-01354</span> </td> 
         </tr> 
         <tr> 
          <td colspan="2" width="275"> <span style="width:275px;font-size:10pt;text-align:center;">직업(사업내용)</span> </td> 
          <td colspan="2" width="309"> <span class="xforms_input" style="width:309px;font-size:10pt;">컴퓨터교육업 및 뷰티교육업</span> </td> 
         </tr> 
         <tr> 
          <td colspan="4" width="584"> <span style="width:584px;font-size:10pt;">- 최대주주ㆍ대표이사ㆍ대표집행임원 현황 및 재무상황 등(상대방이 법인인 경우)</span> </td> 
         </tr> 
         <tr> 
          <td width="146"> <span style="width:146px;font-size:10pt;text-align:center;">구분</span> </td> 
          <td width="129"> <span style="width:129px;font-size:10pt;text-align:center;">성명</span> </td> 
          <td width="163"> <span style="width:163px;font-size:10pt;text-align:center;">주식수</span> </td> 
          <td width="146"> <span style="width:146px;font-size:10pt;text-align:center;">지분율(%)</span> </td> 
         </tr> 
         <tr> 
          <td width="146"> <span class="xforms_input" style="width:146px;font-size:10pt;">최대주주</span> </td> 
          <td width="129"> <span class="xforms_input" style="width:129px;font-size:10pt;">(주)아이비김영</span> </td> 
          <td width="163"> <span class="xforms_input" style="width:163px;font-size:10pt;text-align:right;">2,019,449</span> </td> 
          <td width="146"> <span class="xforms_input" style="width:146px;font-size:10pt;text-align:right;">79.91</span> </td> 
         </tr> 
         <tr> 
          <td width="146"> <span class="xforms_input" style="width:146px;font-size:10pt;">대표이사</span> </td> 
          <td width="129"> <span class="xforms_input" style="width:129px;font-size:10pt;">이순호</span> </td> 
          <td width="163"> <span class="xforms_input" style="width:163px;font-size:10pt;text-align:right;">19,760</span> </td> 
          <td width="146"> <span class="xforms_input" style="width:146px;font-size:10pt;text-align:right;">0.78</span> </td> 
         </tr> 
         <tr> 
          <td colspan="4" width="584"> <span style="width:584px;font-size:10pt;text-align:right;">(단위 : 백만원)</span> </td> 
         </tr> 
         <tr> 
          <td width="146"> <span style="width:146px;font-size:10pt;">해당 사업연도</span> </td> 
          <td width="129"> <span class="xforms_input" style="width:129px;font-size:10pt;">2024년</span> </td> 
          <td width="163"> <span style="width:163px;font-size:10pt;">결산기</span> </td> 
          <td width="146"> <span class="xforms_input" style="width:146px;font-size:10pt;">12월</span> </td> 
         </tr> 
         <tr> 
          <td width="146"> <span style="width:146px;font-size:10pt;">자산총계</span> </td> 
          <td width="129"> <span class="xforms_input" style="width:129px;font-size:10pt;text-align:right;">8,995</span> </td> 
          <td width="163"> <span style="width:163px;font-size:10pt;">자본금</span> </td> 
          <td width="146"> <span class="xforms_input" style="width:146px;font-size:10pt;text-align:right;">12,636</span> </td> 
         </tr> 
         <tr> 
          <td width="146"> <span style="width:146px;font-size:10pt;">부채총계</span> </td> 
          <td width="129"> <span class="xforms_input" style="width:129px;font-size:10pt;text-align:right;">22,887</span> </td> 
          <td width="163"> <span style="width:163px;font-size:10pt;">매출액</span> </td> 
          <td width="146"> <span class="xforms_input" style="width:146px;font-size:10pt;text-align:right;">13,114</span> </td> 
         </tr> 
         <tr> 
          <td width="146"> <span style="width:146px;font-size:10pt;">자본총계</span> </td> 
          <td width="129"> <span class="xforms_input" style="width:129px;font-size:10pt;text-align:right;">-13,892</span> </td> 
          <td width="163"> <span style="width:163px;font-size:10pt;">당기순손익</span> </td> 
          <td width="146"> <span class="xforms_input" style="width:146px;font-size:10pt;text-align:right;">-2,606</span> </td> 
         </tr> 
         <tr> 
          <td width="146"> <span style="width:146px;font-size:10pt;">외부감사인</span> </td> 
          <td width="129"> <span class="xforms_input" style="width:129px;font-size:10pt;">삼정회계법인</span> </td> 
          <td width="163"> <span style="width:163px;font-size:10pt;">휴업 여부</span> </td> 
          <td width="146"> <span class="xforms_input" style="width:146px;font-size:10pt;">아니오</span> </td> 
         </tr> 
         <tr> 
          <td width="146"> <span style="width:146px;font-size:10pt;">감사의견</span> </td> 
          <td width="129"> <span class="xforms_input" style="width:129px;font-size:10pt;">적정</span> </td> 
          <td width="163"> <span style="width:163px;font-size:10pt;">폐업 여부</span> </td> 
          <td width="146"> <span class="xforms_input" style="width:146px;font-size:10pt;">아니오</span> </td> 
         </tr> 
         <tr> 
          <td colspan="4" width="584"> <span style="width:584px;font-size:10pt;">2. 상대방과의 관계</span> </td> 
         </tr> 
         <tr> 
          <td colspan="2" width="275"> <span style="width:275px;font-size:10pt;">1. 회사와 상대방과의 관계</span> </td> 
          <td colspan="2" width="309"> <span class="xforms_input" style="width:309px;font-size:10pt;">종속회사</span> </td> 
         </tr> 
         <tr> 
          <td colspan="2" width="275"> <span style="width:275px;font-size:10pt;">2. 회사의 최대주주ㆍ임원과 상대방과의 관계</span> </td> 
          <td width="163"> <span style="width:163px;font-size:10pt;text-align:center;">성명</span> </td> 
          <td width="146"> <span style="width:146px;font-size:10pt;text-align:center;">상대방과의 관계</span> </td> 
         </tr> 
         <tr> 
          <td colspan="2" width="275"> <span class="xforms_input" style="width:275px;font-size:10pt;">최대주주</span> </td> 
          <td width="163"> <span class="xforms_input" style="width:163px;font-size:10pt;">(주)아이비김영</span> </td> 
          <td width="146"> <span class="xforms_input" style="width:146px;font-size:10pt;">-</span> </td> 
         </tr> 
         <tr> 
          <td colspan="4" width="584"> <span style="width:584px;font-size:10pt;">3. 최근 3년간 거래내역(일상적 거래 제외)</span> </td> 
         </tr> 
         <tr> 
          <td width="146"> <span style="width:146px;font-size:10pt;text-align:center;">구분</span> </td> 
          <td colspan="3" width="438"> <span style="width:438px;font-size:10pt;text-align:center;">거래 내역</span> </td> 
         </tr> 
         <tr> 
          <td width="146"> <span style="width:146px;font-size:10pt;text-align:center;">당해년도</span> </td> 
          <td colspan="3" width="438"> <span class="xforms_input" style="width:438px;font-size:10pt;">금전대여   816백만원</span> </td> 
         </tr> 
         <tr> 
          <td width="146"> <span style="width:146px;font-size:10pt;text-align:center;">전년도</span> </td> 
          <td colspan="3" width="438"> <span class="xforms_input" style="width:438px;font-size:10pt;">금전대여 1,215백만원 <br java="http://xml.apache.org/xalan/java">대여상환   300백만원</span> </td> 
         </tr> 
         <tr> 
          <td width="146"> <span style="width:146px;font-size:10pt;text-align:center;">전전년도</span> </td> 
          <td colspan="3" width="438"> <span class="xforms_input" style="width:438px;font-size:10pt;">금전대여 2,190백만원 <br java="http://xml.apache.org/xalan/java">대여상환    50백만원</span> </td> 
         </tr> 
        </tbody> 
       </table> 
      </div> 
     </div> 
    </div> 
    <span class="noprint" style="display:none;width:600px;font-size:10pt;"> </span> 
   </div> 
  </div>  
 </body>
</html>