<?xml version="1.0" encoding="utf-8"?>


<DOCUMENT xmlns:xsi="http://www.w3.org/2001/XMLSchema-instance" xsi:noNamespaceSchemaLocation="dart4.xsd">

<DOCUMENT-NAME ACODE="80701">계열금융회사를거래상대방으로한단기금융상품거래의분기별공시</DOCUMENT-NAME>
<FORMULA-VERSION ADATE="20240129">6.0</FORMULA-VERSION>
<COMPANY-NAME AREGCIK="00656641">(주)농협파트너스</COMPANY-NAME>


<BODY ATOCID="1">

<SECTION-1 ACLASS="MANDATORY" APARTSOURCE="SOURCE">
<TITLE ATOC="Y" AASSOCNOTE="D-0-1-0-0" ENG="Quarterly Disclosure of Short-term Financial Instrument Transactions with Affiliated Financial Company as Trading Partner" ATOCID="1">계열금융회사를 거래상대방으로 한 단기금융상품 거래의 분기별 공시</TITLE>
<P></P>

<TABLE ACLASS="NORMAL" WIDTH="894" BORDER="1">

<COLGROUP WIDTH="894">
<COL WIDTH="93"></COL>
<COL WIDTH="48"></COL>
<COL WIDTH="77"></COL>
<COL WIDTH="142"></COL>
<COL WIDTH="95"></COL>
<COL WIDTH="124"></COL>
<COL WIDTH="130"></COL>
<COL WIDTH="185"></COL>
</COLGROUP>

<TBODY>

<TR ACOPY="Y" ADELETE="Y" HEIGHT="30">
<TD ALIGN="CENTER" VALIGN="MIDDLE" WIDTH="84" HEIGHT="23">기업집단명</TD>
<TD VALIGN="MIDDLE" WIDTH="39" HEIGHT="23" ALIGN="CENTER">농협</TD>
<TD ALIGN="CENTER" VALIGN="MIDDLE" WIDTH="68" HEIGHT="23">회사명</TD>
<TD VALIGN="MIDDLE" WIDTH="133" HEIGHT="23" ALIGN="CENTER">(주)농협파트너스</TD>
<TD ALIGN="CENTER" VALIGN="MIDDLE" WIDTH="86" HEIGHT="23">공시일자</TD>
<TD VALIGN="MIDDLE" WIDTH="115" HEIGHT="23" ALIGN="CENTER">2026.01.07</TD>
<TD ALIGN="CENTER" VALIGN="MIDDLE" WIDTH="121" HEIGHT="23">관련법규</TD>
<TD ALIGN="CENTER" VALIGN="MIDDLE" WIDTH="176" HEIGHT="23">공정거래법 제26조</TD>
</TR>
</TBODY>
</TABLE>
<P></P>

<TABLE ACLASS="NORMAL" AFIXTABLE="N" WIDTH="895" BORDER="0">

<COLGROUP WIDTH="895">
<COL WIDTH="448"></COL>
<COL WIDTH="447"></COL>
</COLGROUP>

<TBODY>

<TR ACOPY="Y" ADELETE="Y" HEIGHT="30">
<TD WIDTH="439" HEIGHT="23"></TD>
<TD ALIGN="RIGHT" WIDTH="438" HEIGHT="23">(단위 : 억 원, %)</TD>
</TR>
</TBODY>
</TABLE>

<TABLE ACLASS="NORMAL" AFIXTABLE="N" WIDTH="894" BORDER="1">

<COLGROUP WIDTH="894">
<COL WIDTH="162"></COL>
<COL WIDTH="121"></COL>
<COL WIDTH="115"></COL>
<COL WIDTH="143"></COL>
<COL WIDTH="114"></COL>
<COL WIDTH="97"></COL>
<COL WIDTH="142"></COL>
</COLGROUP>

<THEAD>

<TR ACOPY="Y" ADELETE="Y" HEIGHT="30">
<TH ROWSPAN="2" VALIGN="MIDDLE" WIDTH="153" HEIGHT="53" ACOPYCOL="Y" ADELETECOL="Y" AMOVECOL="N">거래상대방</TH>
<TH ROWSPAN="2" VALIGN="MIDDLE" WIDTH="112" HEIGHT="53" ACOPYCOL="Y" ADELETECOL="Y" AMOVECOL="N">거래일자</TH>
<TH ROWSPAN="2" VALIGN="MIDDLE" WIDTH="106" HEIGHT="53" ACOPYCOL="Y" ADELETECOL="Y" AMOVECOL="N">거래대상</TH>
<TH ROWSPAN="2" VALIGN="MIDDLE" WIDTH="134" HEIGHT="53" ACOPYCOL="Y" ADELETECOL="Y" AMOVECOL="N">거래금액</TH>
<TH COLSPAN="2" VALIGN="MIDDLE" WIDTH="202" HEIGHT="23" ACOPYCOL="Y" ADELETECOL="Y" AMOVECOL="N">거래조건</TH>
<TH ROWSPAN="2" VALIGN="MIDDLE" WIDTH="133" HEIGHT="53" ACOPYCOL="Y" ADELETECOL="Y" AMOVECOL="N">거래목적</TH>
</TR>

<TR ACOPY="Y" ADELETE="Y" HEIGHT="30">
<TH VALIGN="MIDDLE" WIDTH="105" HEIGHT="23" ACOPYCOL="Y" ADELETECOL="Y" AMOVECOL="N">단가/이자율</TH>
<TH VALIGN="MIDDLE" WIDTH="88" HEIGHT="23" ACOPYCOL="Y" ADELETECOL="Y" AMOVECOL="N">기타</TH>
</TR>
</THEAD>

<TBODY>

<TR ACOPY="Y" ADELETE="Y" HEIGHT="30">
<TD ROWSPAN="25" ALIGN="CENTER" VALIGN="MIDDLE" WIDTH="153" HEIGHT="743">농협은행(주)</TD>
<TD VALIGN="MIDDLE" WIDTH="112" HEIGHT="23" ALIGN="CENTER">2025-10-01</TD>
<TD VALIGN="MIDDLE" WIDTH="106" HEIGHT="743" ROWSPAN="25" ALIGN="CENTER">MMT</TD>
<TD VALIGN="MIDDLE" WIDTH="134" HEIGHT="23" ALIGN="CENTER">41</TD>
<TD VALIGN="MIDDLE" WIDTH="105" HEIGHT="743" ROWSPAN="25" ALIGN="CENTER">시장실세금리</TD>
<TD VALIGN="MIDDLE" WIDTH="88" HEIGHT="743" ROWSPAN="25" ALIGN="CENTER">-</TD>
<TD VALIGN="MIDDLE" WIDTH="133" HEIGHT="743" ROWSPAN="25" ALIGN="CENTER">단기금융상품의안정적 운용및수익률 제고</TD>
</TR>

<TR ACOPY="Y" ADELETE="Y" HEIGHT="30">
<TD VALIGN="MIDDLE" WIDTH="112" HEIGHT="23" ALIGN="CENTER">2025-10-02</TD>
<TD VALIGN="MIDDLE" WIDTH="134" HEIGHT="23" ALIGN="CENTER">31</TD>
</TR>

<TR ACOPY="Y" ADELETE="Y" HEIGHT="30">
<TD VALIGN="MIDDLE" WIDTH="112" HEIGHT="23" ALIGN="CENTER">2025-10-10</TD>
<TD VALIGN="MIDDLE" WIDTH="134" HEIGHT="23" ALIGN="CENTER">50</TD>
</TR>

<TR ACOPY="Y" ADELETE="Y" HEIGHT="30">
<TD VALIGN="MIDDLE" WIDTH="112" HEIGHT="23" ALIGN="CENTER">2025-10-13</TD>
<TD VALIGN="MIDDLE" WIDTH="134" HEIGHT="23" ALIGN="CENTER">18</TD>
</TR>

<TR ACOPY="Y" ADELETE="Y" HEIGHT="30">
<TD VALIGN="MIDDLE" WIDTH="112" HEIGHT="23" ALIGN="CENTER">2025-10-31</TD>
<TD VALIGN="MIDDLE" WIDTH="134" HEIGHT="23" ALIGN="CENTER">17</TD>
</TR>

<TR ACOPY="Y" ADELETE="Y" HEIGHT="30">
<TD VALIGN="MIDDLE" WIDTH="112" HEIGHT="23" ALIGN="CENTER">2025-11-04</TD>
<TD VALIGN="MIDDLE" WIDTH="134" HEIGHT="23" ALIGN="CENTER">16</TD>
</TR>

<TR ACOPY="Y" ADELETE="Y" HEIGHT="30">
<TD ALIGN="CENTER" VALIGN="MIDDLE" WIDTH="112" HEIGHT="23">2025-11-05</TD>
<TD VALIGN="MIDDLE" WIDTH="134" HEIGHT="23" ALIGN="CENTER">19</TD>
</TR>

<TR ACOPY="Y" ADELETE="Y" HEIGHT="30">
<TD VALIGN="MIDDLE" WIDTH="112" HEIGHT="23" ALIGN="CENTER">2025-11-06</TD>
<TD VALIGN="MIDDLE" WIDTH="134" HEIGHT="23" ALIGN="CENTER">11</TD>
</TR>

<TR ACOPY="Y" ADELETE="Y" HEIGHT="30">
<TD VALIGN="MIDDLE" WIDTH="112" HEIGHT="23" ALIGN="CENTER">2025-11-07</TD>
<TD VALIGN="MIDDLE" WIDTH="134" HEIGHT="23" ALIGN="CENTER">15</TD>
</TR>

<TR ACOPY="Y" ADELETE="Y" HEIGHT="30">
<TD VALIGN="MIDDLE" WIDTH="112" HEIGHT="23" ALIGN="CENTER">2025-11-10</TD>
<TD VALIGN="MIDDLE" WIDTH="134" HEIGHT="23" ALIGN="CENTER">75</TD>
</TR>

<TR ACOPY="Y" ADELETE="Y" HEIGHT="30">
<TD VALIGN="MIDDLE" WIDTH="112" HEIGHT="23" ALIGN="CENTER">2025-11-11</TD>
<TD VALIGN="MIDDLE" WIDTH="134" HEIGHT="23" ALIGN="CENTER">18</TD>
</TR>

<TR ACOPY="Y" ADELETE="Y" HEIGHT="30">
<TD VALIGN="MIDDLE" WIDTH="112" HEIGHT="23" ALIGN="CENTER">2025-11-25</TD>
<TD VALIGN="MIDDLE" WIDTH="134" HEIGHT="23" ALIGN="CENTER">19</TD>
</TR>

<TR ACOPY="Y" ADELETE="Y" HEIGHT="30">
<TD VALIGN="MIDDLE" WIDTH="112" HEIGHT="23" ALIGN="CENTER">2025-11-27</TD>
<TD VALIGN="MIDDLE" WIDTH="134" HEIGHT="23" ALIGN="CENTER">9</TD>
</TR>

<TR ACOPY="Y" ADELETE="Y" HEIGHT="30">
<TD VALIGN="MIDDLE" WIDTH="112" HEIGHT="23" ALIGN="CENTER">2025-11-28</TD>
<TD VALIGN="MIDDLE" WIDTH="134" HEIGHT="23" ALIGN="CENTER">18</TD>
</TR>

<TR ACOPY="Y" ADELETE="Y" HEIGHT="30">
<TD VALIGN="MIDDLE" WIDTH="112" HEIGHT="23" ALIGN="CENTER">2025-12-01</TD>
<TD VALIGN="MIDDLE" WIDTH="134" HEIGHT="23" ALIGN="CENTER">15</TD>
</TR>

<TR ACOPY="Y" ADELETE="Y" HEIGHT="30">
<TD VALIGN="MIDDLE" WIDTH="112" HEIGHT="23" ALIGN="CENTER">2025-12-02</TD>
<TD VALIGN="MIDDLE" WIDTH="134" HEIGHT="23" ALIGN="CENTER">14</TD>
</TR>

<TR ACOPY="Y" ADELETE="Y" HEIGHT="30">
<TD VALIGN="MIDDLE" WIDTH="112" HEIGHT="23" ALIGN="CENTER">2025-12-04</TD>
<TD VALIGN="MIDDLE" WIDTH="134" HEIGHT="23" ALIGN="CENTER">24</TD>
</TR>

<TR ACOPY="Y" ADELETE="Y" HEIGHT="30">
<TD VALIGN="MIDDLE" WIDTH="112" HEIGHT="23" ALIGN="CENTER">2025-12-05</TD>
<TD VALIGN="MIDDLE" WIDTH="134" HEIGHT="23" ALIGN="CENTER">22</TD>
</TR>

<TR ACOPY="Y" ADELETE="Y" HEIGHT="30">
<TD ALIGN="CENTER" VALIGN="MIDDLE" WIDTH="112" HEIGHT="23">2025-12-08</TD>
<TD VALIGN="MIDDLE" WIDTH="134" HEIGHT="23" ALIGN="CENTER">16</TD>
</TR>

<TR ACOPY="Y" ADELETE="Y" HEIGHT="30">
<TD ALIGN="CENTER" VALIGN="MIDDLE" WIDTH="112" HEIGHT="23">2025-12-09</TD>
<TD ALIGN="CENTER" VALIGN="MIDDLE" WIDTH="134" HEIGHT="23">16</TD>
</TR>

<TR ACOPY="Y" ADELETE="Y" HEIGHT="30">
<TD VALIGN="MIDDLE" WIDTH="112" HEIGHT="23" ALIGN="CENTER">2025-12-10</TD>
<TD VALIGN="MIDDLE" WIDTH="134" HEIGHT="23" ALIGN="CENTER">50</TD>
</TR>

<TR ACOPY="Y" ADELETE="Y" HEIGHT="30">
<TD VALIGN="MIDDLE" WIDTH="112" HEIGHT="23" ALIGN="CENTER">2025-12-11</TD>
<TD VALIGN="MIDDLE" WIDTH="134" HEIGHT="23" ALIGN="CENTER">10</TD>
</TR>

<TR ACOPY="Y" ADELETE="Y" HEIGHT="30">
<TD VALIGN="MIDDLE" WIDTH="112" HEIGHT="23" ALIGN="CENTER">2025-12-23</TD>
<TD VALIGN="MIDDLE" WIDTH="134" HEIGHT="23" ALIGN="CENTER">42</TD>
</TR>

<TR ACOPY="Y" ADELETE="Y" HEIGHT="30">
<TD VALIGN="MIDDLE" WIDTH="112" HEIGHT="23" ALIGN="CENTER">2025-12-29</TD>
<TD VALIGN="MIDDLE" WIDTH="134" HEIGHT="23" ALIGN="CENTER">15</TD>
</TR>

<TR ACOPY="Y" ADELETE="Y" HEIGHT="30">
<TD VALIGN="MIDDLE" WIDTH="112" HEIGHT="23" ALIGN="CENTER">2025-12-30</TD>
<TD VALIGN="MIDDLE" WIDTH="134" HEIGHT="23" ALIGN="CENTER">40</TD>
</TR>

<TR ACOPY="Y" ADELETE="Y" HEIGHT="30">
<TD COLSPAN="3" ALIGN="CENTER" VALIGN="MIDDLE" WIDTH="389" HEIGHT="23">합      계</TD>
<TD VALIGN="MIDDLE" WIDTH="487" HEIGHT="23" COLSPAN="4" ALIGN="CENTER">621</TD>
</TR>

<TR ACOPY="Y" ADELETE="Y" HEIGHT="30">
<TD COLSPAN="3" ALIGN="CENTER" VALIGN="MIDDLE" WIDTH="389" HEIGHT="23">※ 관련공시일</TD>
<TD VALIGN="MIDDLE" WIDTH="487" HEIGHT="23" COLSPAN="4" ALIGN="CENTER">2025년 9월 22일</TD>
</TR>
</TBODY>
</TABLE>
<P></P>
</SECTION-1>
</BODY>
</DOCUMENT>