<?xml version="1.0" encoding="utf-8"?>


<DOCUMENT xmlns:xsi="http://www.w3.org/2001/XMLSchema-instance" xsi:noNamespaceSchemaLocation="dart4.xsd">

<DOCUMENT-NAME ACODE="80803">계열금융회사를거래상대방으로한단기금융상품거래의분기별공시</DOCUMENT-NAME>
<FORMULA-VERSION ADATE="20240129">6.0</FORMULA-VERSION>
<COMPANY-NAME AREGCIK="01605848">(사)나눔축산운동본부</COMPANY-NAME>


<BODY ATOCID="1">

<SECTION-1 ACLASS="MANDATORY" APARTSOURCE="SOURCE">
<TITLE ATOC="Y" AASSOCNOTE="D-0-1-0-0" ENG="Quarterly Disclosure of Short-term Financial Instrument Transactions with Affiliated Financial Company as Trading Partner" ATOCID="1">계열 금융회사를 거래상대방으로 한 단기금융상품 거래의 분기별 공시</TITLE>
<P></P>

<TABLE ACLASS="NORMAL" AFIXTABLE="N" BORDER="1" WIDTH="721">

<COLGROUP WIDTH="721">
<COL WIDTH="91"></COL>
<COL WIDTH="56"></COL>
<COL WIDTH="65"></COL>
<COL WIDTH="160"></COL>
<COL WIDTH="79"></COL>
<COL WIDTH="90"></COL>
<COL WIDTH="90"></COL>
<COL WIDTH="90"></COL>
</COLGROUP>

<TBODY>

<TR ACOPY="Y" ADELETE="Y" HEIGHT="53">
<TD WIDTH="82" HEIGHT="46" ALIGN="CENTER" VALIGN="MIDDLE">기업집단명</TD>
<TD WIDTH="47" HEIGHT="46" ALIGN="CENTER" VALIGN="MIDDLE">농협</TD>
<TD WIDTH="56" HEIGHT="46" ALIGN="CENTER" VALIGN="MIDDLE">공 익법인명</TD>
<TD WIDTH="151" HEIGHT="46" ALIGN="CENTER" VALIGN="MIDDLE">(사)나눔축산운동본부</TD>
<TD WIDTH="70" HEIGHT="46" ALIGN="CENTER" VALIGN="MIDDLE">공시일자</TD>
<TD WIDTH="81" HEIGHT="46" ALIGN="CENTER" VALIGN="MIDDLE">2026.1.6</TD>
<TD WIDTH="81" HEIGHT="46" ALIGN="CENTER" VALIGN="MIDDLE">관련법규</TD>
<TD WIDTH="81" HEIGHT="46" ALIGN="CENTER" VALIGN="MIDDLE">공정거래법 제29조</TD>
</TR>
</TBODY>
</TABLE>
<P></P>

<TABLE ACLASS="NORMAL" WIDTH="704" BORDER="0" AFIXTABLE="N">

<COLGROUP WIDTH="704">
<COL WIDTH="704"></COL>
</COLGROUP>

<TBODY>

<TR ACOPY="Y" ADELETE="Y" HEIGHT="30">
<TD ALIGN="RIGHT" VALIGN="MIDDLE" WIDTH="695" HEIGHT="23">(단위 : 백만원, %)</TD>
</TR>
</TBODY>
</TABLE>

<TABLE ACLASS="NORMAL" WIDTH="705" BORDER="1">

<COLGROUP WIDTH="705">
<COL WIDTH="101"></COL>
<COL WIDTH="101"></COL>
<COL WIDTH="101"></COL>
<COL WIDTH="101"></COL>
<COL WIDTH="101"></COL>
<COL WIDTH="100"></COL>
<COL WIDTH="100"></COL>
</COLGROUP>

<TBODY>

<TR ACOPY="Y" ADELETE="Y" HEIGHT="30">
<TD ROWSPAN="2" ALIGN="CENTER" VALIGN="MIDDLE" WIDTH="92" HEIGHT="53">거래상대방</TD>
<TD ROWSPAN="2" ALIGN="CENTER" VALIGN="MIDDLE" WIDTH="92" HEIGHT="53">거래일자</TD>
<TD ROWSPAN="2" ALIGN="CENTER" VALIGN="MIDDLE" WIDTH="92" HEIGHT="53">거래대상</TD>
<TD ROWSPAN="2" ALIGN="CENTER" VALIGN="MIDDLE" WIDTH="92" HEIGHT="53">거래금액</TD>
<TD COLSPAN="2" ALIGN="CENTER" VALIGN="MIDDLE" WIDTH="192" HEIGHT="23">거래조건</TD>
<TD ROWSPAN="2" ALIGN="CENTER" VALIGN="MIDDLE" WIDTH="91" HEIGHT="53">거래목적</TD>
</TR>

<TR ACOPY="Y" ADELETE="Y" HEIGHT="30">
<TD ALIGN="CENTER" VALIGN="MIDDLE" WIDTH="92" HEIGHT="23">단가/이자율</TD>
<TD ALIGN="CENTER" VALIGN="MIDDLE" WIDTH="91" HEIGHT="23">기타</TD>
</TR>

<TR ACOPY="Y" ADELETE="Y" HEIGHT="53">
<TD ROWSPAN="5" ALIGN="CENTER" VALIGN="MIDDLE" WIDTH="92" HEIGHT="258">NH농협은행</TD>
<TD ALIGN="CENTER" VALIGN="MIDDLE" WIDTH="92" HEIGHT="46">2025.12.30</TD>
<TD ALIGN="CENTER" VALIGN="MIDDLE" WIDTH="92" HEIGHT="46">보통예금</TD>
<TD ALIGN="CENTER" VALIGN="MIDDLE" WIDTH="92" HEIGHT="46">500</TD>
<TD ALIGN="CENTER" VALIGN="MIDDLE" WIDTH="92" HEIGHT="46">시장실세금리</TD>
<TD ALIGN="CENTER" VALIGN="MIDDLE" WIDTH="91" HEIGHT="46">-</TD>
<TD ALIGN="CENTER" VALIGN="MIDDLE" WIDTH="91" HEIGHT="46">기부금 입금</TD>
</TR>

<TR ACOPY="Y" ADELETE="Y" HEIGHT="53">
<TD ALIGN="CENTER" VALIGN="MIDDLE" WIDTH="92" HEIGHT="46">2025.12.31</TD>
<TD ALIGN="CENTER" VALIGN="MIDDLE" WIDTH="92" HEIGHT="46">보통예금</TD>
<TD ALIGN="CENTER" VALIGN="MIDDLE" WIDTH="92" HEIGHT="46">3,000</TD>

<TD ALIGN="CENTER" VALIGN="MIDDLE" WIDTH="92" HEIGHT="46">
<SPAN>시장실세금리</SPAN>
</TD>
<TD ALIGN="CENTER" VALIGN="MIDDLE" WIDTH="91" HEIGHT="46">-</TD>
<TD ALIGN="CENTER" VALIGN="MIDDLE" WIDTH="91" HEIGHT="46">기부금 입금</TD>
</TR>

<TR ACOPY="Y" ADELETE="Y" HEIGHT="53">
<TD COLSPAN="2" ALIGN="CENTER" VALIGN="MIDDLE" WIDTH="193" HEIGHT="46">소 계</TD>
<TD ALIGN="CENTER" VALIGN="MIDDLE" WIDTH="92" HEIGHT="46">3,500</TD>
<TD ALIGN="CENTER" VALIGN="MIDDLE" WIDTH="92" HEIGHT="46">-</TD>
<TD ALIGN="CENTER" VALIGN="MIDDLE" WIDTH="91" HEIGHT="46">-</TD>
<TD ALIGN="CENTER" VALIGN="MIDDLE" WIDTH="91" HEIGHT="46">-</TD>
</TR>

<TR ACOPY="Y" ADELETE="Y" HEIGHT="53">
<TD ALIGN="CENTER" VALIGN="MIDDLE" WIDTH="92" HEIGHT="46">2025.12.31</TD>
<TD ALIGN="CENTER" VALIGN="MIDDLE" WIDTH="92" HEIGHT="46">특정금전신탁(MMT)</TD>
<TD ALIGN="CENTER" VALIGN="MIDDLE" WIDTH="92" HEIGHT="46">500</TD>

<TD ALIGN="CENTER" VALIGN="MIDDLE" WIDTH="92" HEIGHT="46">
<SPAN>시장실세금리</SPAN>
</TD>
<TD ALIGN="CENTER" VALIGN="MIDDLE" WIDTH="91" HEIGHT="46">-</TD>
<TD ALIGN="CENTER" VALIGN="MIDDLE" WIDTH="91" HEIGHT="46">단기자금운용</TD>
</TR>

<TR ACOPY="Y" ADELETE="Y" HEIGHT="53">
<TD COLSPAN="2" ALIGN="CENTER" VALIGN="MIDDLE" WIDTH="193" HEIGHT="46">소 계</TD>
<TD ALIGN="CENTER" VALIGN="MIDDLE" WIDTH="92" HEIGHT="46">500</TD>
<TD ALIGN="CENTER" VALIGN="MIDDLE" WIDTH="92" HEIGHT="46">-</TD>
<TD ALIGN="CENTER" VALIGN="MIDDLE" WIDTH="91" HEIGHT="46">-</TD>
<TD ALIGN="CENTER" VALIGN="MIDDLE" WIDTH="91" HEIGHT="46">-</TD>
</TR>

<TR ACOPY="Y" ADELETE="Y" HEIGHT="42">
<TD COLSPAN="3" ALIGN="CENTER" VALIGN="MIDDLE" WIDTH="294" HEIGHT="35">합 계</TD>
<TD ALIGN="CENTER" VALIGN="MIDDLE" WIDTH="92" HEIGHT="35">4,000</TD>
<TD ALIGN="CENTER" VALIGN="MIDDLE" WIDTH="92" HEIGHT="35">-</TD>
<TD ALIGN="CENTER" VALIGN="MIDDLE" WIDTH="91" HEIGHT="35">-</TD>
<TD ALIGN="CENTER" VALIGN="MIDDLE" WIDTH="91" HEIGHT="35">-</TD>
</TR>

<TR ACOPY="Y" ADELETE="Y" HEIGHT="43">
<TD COLSPAN="3" ALIGN="CENTER" VALIGN="MIDDLE" WIDTH="294" HEIGHT="36">※ 관련공시일</TD>
<TD COLSPAN="4" ALIGN="CENTER" VALIGN="MIDDLE" WIDTH="393" HEIGHT="36">2025.10.2</TD>
</TR>
</TBODY>
</TABLE>
</SECTION-1>
</BODY>
</DOCUMENT>