<?xml version="1.0" encoding="utf-8"?>


<DOCUMENT xmlns:xsi="http://www.w3.org/2001/XMLSchema-instance" xsi:noNamespaceSchemaLocation="dart4.xsd">

<DOCUMENT-NAME ACODE="11333">주요사항보고서(자기주식 처분 결정)</DOCUMENT-NAME>
<FORMULA-VERSION ADATE="20251230">6.2</FORMULA-VERSION>
<COMPANY-NAME AREGCIK="01336762">(주)스피어코퍼레이션</COMPANY-NAME>


<BODY ATOCID="2">

<LIBRARY>
<SECTION-1 ACLASS="MANDATORY" APARTSOURCE="SOURCE">
<TITLE ATOC="Y" AASSOCNOTE="D-0-0-0-0" ENG="Report on Major Issues／Reporting Obligations to the KRX" ATOCID="2">주요사항보고서 / 거래소 신고의무 사항</TITLE>

<TABLE ACLASS="NORMAL" AFIXTABLE="Y" WIDTH="600" BORDER="0">

<COLGROUP WIDTH="600">
<COL WIDTH="141"></COL>
<COL WIDTH="183"></COL>
<COL WIDTH="276"></COL>
</COLGROUP>

<TBODY>

<TR ACOPY="Y" ADELETE="Y" HEIGHT="30">
<TD COLSPAN="3" WIDTH="591" HEIGHT="23"></TD>
</TR>

<TR ACOPY="Y" ADELETE="Y" HEIGHT="53">
<TD COLSPAN="3" WIDTH="591" HEIGHT="46"></TD>
</TR>

<TR ACOPY="Y" ADELETE="Y" HEIGHT="30">
<TD COLSPAN="2" VALIGN="MIDDLE" WIDTH="315" HEIGHT="23">금융위원회 / 한국거래소 귀중</TD>
<TD ALIGN="RIGHT" VALIGN="MIDDLE" WIDTH="267" HEIGHT="23">2026년  01월   05일</TD>
</TR>

<TR ACOPY="Y" ADELETE="Y" HEIGHT="53">
<TD COLSPAN="3" WIDTH="591" HEIGHT="46"></TD>
</TR>

<TR ACOPY="Y" ADELETE="Y" HEIGHT="30">
<TD WIDTH="132" HEIGHT="23">회     사     명  :</TD>
<TD COLSPAN="2" WIDTH="450" HEIGHT="23">주식회사 스피어코퍼레이션</TD>
</TR>

<TR ACOPY="Y" ADELETE="Y" HEIGHT="30">
<TD WIDTH="132" HEIGHT="23">대  표   이  사  :</TD>
<TD COLSPAN="2" WIDTH="450" HEIGHT="23">최광수</TD>
</TR>

<TR ACOPY="Y" ADELETE="Y" HEIGHT="30">
<TD WIDTH="132" HEIGHT="23">본 점  소 재 지 :</TD>
<TD COLSPAN="2" WIDTH="450" HEIGHT="23">서울시 강남구 삼성로95길 27, 3층(삼성동, 영창빌딩)</TD>
</TR>

<TR ACOPY="Y" ADELETE="Y" HEIGHT="30">
<TD WIDTH="132" HEIGHT="23"></TD>
<TD COLSPAN="2" WIDTH="450" HEIGHT="23">(전  화) 02-1661-2858</TD>
</TR>

<TR ACOPY="Y" ADELETE="Y" HEIGHT="30">
<TD WIDTH="132" HEIGHT="23"></TD>
<TD COLSPAN="2" WIDTH="450" HEIGHT="23">(홈페이지)http://spherecorp.kr</TD>
</TR>

<TR ACOPY="Y" ADELETE="Y" HEIGHT="30">
<TD WIDTH="132" HEIGHT="23"></TD>
<TD COLSPAN="2" WIDTH="450" HEIGHT="23"></TD>
</TR>

<TR ACOPY="Y" ADELETE="Y" HEIGHT="30">
<TD COLSPAN="3" WIDTH="591" HEIGHT="23"></TD>
</TR>

<TR ACOPY="Y" ADELETE="Y" HEIGHT="30">
<TD COLSPAN="3" WIDTH="591" HEIGHT="23"></TD>
</TR>

<TR ACOPY="Y" ADELETE="Y" HEIGHT="30">
<TD WIDTH="132" HEIGHT="23">작 성 책 임 자 :</TD>
<TD WIDTH="174" HEIGHT="23">(직  책) 상무이사</TD>
<TD WIDTH="267" HEIGHT="23">(성  명) 윤상현</TD>
</TR>

<TR ACOPY="Y" ADELETE="Y" HEIGHT="30">
<TD WIDTH="132" HEIGHT="23"></TD>
<TD COLSPAN="2" WIDTH="450" HEIGHT="23">(전  화) 02-1661-2858</TD>
</TR>

<TR ACOPY="Y" ADELETE="Y" HEIGHT="30">
<TD COLSPAN="3" WIDTH="591" HEIGHT="23"></TD>
</TR>
</TBODY>
</TABLE>
<P></P>
<PGBRK></PGBRK>
</SECTION-1>
</LIBRARY>


<SECTION-1 ACLASS="MANDATORY" APARTSOURCE="SOURCE">
<TITLE ATOC="Y" AASSOCNOTE="D-0-1-0-0" ENG="Decision on Disposal of Treasury Stock" ATOCID="1">자기주식 처분 결정</TITLE>
<P></P>

<TABLE-GROUP ACLASS="TBL_SEL_STK" ADELETETABLE="N">

<TABLE ACLASS="EXTRACTION" AFIXTABLE="Y" WIDTH="609" BORDER="1">

<COLGROUP WIDTH="609">
<COL WIDTH="100"></COL>
<COL WIDTH="167"></COL>
<COL WIDTH="101"></COL>
<COL WIDTH="81"></COL>
<COL WIDTH="80"></COL>
<COL WIDTH="80"></COL>
</COLGROUP>

<TBODY>

<TR ACOPY="N" ADELETE="N" HEIGHT="30">
<TD ROWSPAN="2" COLSPAN="2" VALIGN="MIDDLE" WIDTH="258" HEIGHT="53" AUPDATECONT="N" ENG="1. Shares to be disposed of (shrs.)">1. 처분예정주식(주)</TD>
<TD ALIGN="CENTER" WIDTH="92" HEIGHT="23" AUPDATECONT="N" ENG="Common stock">보통주식</TD>
<TE COLSPAN="3" ALIGN="RIGHT" WIDTH="232" HEIGHT="23" ACODE="SEL_OSTK">1,800,000</TE>
</TR>

<TR ACOPY="N" ADELETE="N" HEIGHT="30">
<TD ALIGN="CENTER" WIDTH="92" HEIGHT="23" AUPDATECONT="N" ENG="Different classes of stocks">기타주식</TD>
<TE COLSPAN="3" ALIGN="RIGHT" WIDTH="232" HEIGHT="23" ACODE="SEL_ESTK">-</TE>
</TR>

<TR ACOPY="N" ADELETE="N" HEIGHT="30">
<TD ROWSPAN="2" COLSPAN="2" VALIGN="MIDDLE" WIDTH="258" HEIGHT="53" AUPDATECONT="N" ENG="2. Price of shares to be disposed of (KRW)">2. 처분 대상 주식가격(원)</TD>
<TD ALIGN="CENTER" WIDTH="92" HEIGHT="23" AUPDATECONT="N" ENG="Common stock">보통주식</TD>
<TE COLSPAN="3" ALIGN="RIGHT" WIDTH="232" HEIGHT="23" ACODE="SEL_OSTK_SPRC">19,090</TE>
</TR>

<TR ACOPY="N" ADELETE="N" HEIGHT="30">
<TD ALIGN="CENTER" WIDTH="92" HEIGHT="23" AUPDATECONT="N" ENG="Different classes of stocks">기타주식</TD>
<TE COLSPAN="3" ALIGN="RIGHT" WIDTH="232" HEIGHT="23" ACODE="SEL_ESTK_SPRC">-</TE>
</TR>

<TR ACOPY="N" ADELETE="N" HEIGHT="30">
<TD ROWSPAN="2" COLSPAN="2" VALIGN="MIDDLE" WIDTH="258" HEIGHT="53" AUPDATECONT="N" ENG="3. Estimated disposal amount (KRW)">3. 처분예정금액(원)</TD>
<TD ALIGN="CENTER" WIDTH="92" HEIGHT="23" AUPDATECONT="N" ENG="Common stock">보통주식</TD>
<TE COLSPAN="3" ALIGN="RIGHT" WIDTH="232" HEIGHT="23" ACODE="SEL_OSTK_PRC">34,362,000,000</TE>
</TR>

<TR ACOPY="N" ADELETE="N" HEIGHT="30">
<TD ALIGN="CENTER" WIDTH="92" HEIGHT="23" AUPDATECONT="N" ENG="Different classes of stocks">기타주식</TD>
<TE COLSPAN="3" ALIGN="RIGHT" WIDTH="232" HEIGHT="23" ACODE="SEL_ESTK_PRC">-</TE>
</TR>

<TR ACOPY="N" ADELETE="N" HEIGHT="30">
<TD ROWSPAN="2" COLSPAN="2" VALIGN="MIDDLE" WIDTH="258" HEIGHT="53" AUPDATECONT="N" ENG="4. Scheduled disposal period">4. 처분예정기간</TD>
<TD ALIGN="CENTER" WIDTH="92" HEIGHT="23" AUPDATECONT="N" ENG="Start date">시작일</TD>
<TU COLSPAN="3" ALIGN="CENTER" WIDTH="232" HEIGHT="23" AUNIT="SEL_BGN" AUNITVALUE="20260106">2026년 01월 06일</TU>
</TR>

<TR ACOPY="N" ADELETE="N" HEIGHT="30">
<TD ALIGN="CENTER" WIDTH="92" HEIGHT="23" AUPDATECONT="N" ENG="End date">종료일</TD>
<TU COLSPAN="3" ALIGN="CENTER" WIDTH="232" HEIGHT="23" AUNIT="SEL_END" AUNITVALUE="20260130">2026년 01월 30일</TU>
</TR>

<TR ACOPY="N" ADELETE="N" HEIGHT="53">
<TD COLSPAN="3" WIDTH="359" HEIGHT="46" AUPDATECONT="N" ENG="5. Purpose of disposal">5. 처분목적</TD>
<TE COLSPAN="3" WIDTH="232" HEIGHT="46" ACODE="SEL_PPS" VALIGN="MIDDLE">타법인(당사 종속회사) 주식 출자를 위한 처분</TE>
</TR>

<TR ACOPY="N" ADELETE="N" HEIGHT="30">
<TD ROWSPAN="4" VALIGN="MIDDLE" WIDTH="91" HEIGHT="117" AUPDATECONT="N" ENG="6. Disposal method">6. 처분방법</TD>
<TD VALIGN="MIDDLE" WIDTH="259" HEIGHT="23" AUPDATECONT="N" COLSPAN="2" ALIGN="CENTER" ENG="Sale on the market (shrs.)">시장을 통한 매도(주)</TD>
<TE ALIGN="RIGHT" WIDTH="232" HEIGHT="23" ACODE="SEL_MTH_MRK" COLSPAN="3">1,800,000</TE>
</TR>

<TR ACOPY="N" ADELETE="N" HEIGHT="30">
<TD WIDTH="259" HEIGHT="23" AUPDATECONT="N" COLSPAN="2" VALIGN="MIDDLE" ALIGN="CENTER" ENG="Off-hours block trading (shrs.)">시간외대량매매(주)</TD>
<TE ALIGN="RIGHT" WIDTH="232" HEIGHT="23" ACODE="SEL_MTH_OVT" COLSPAN="3">-</TE>
</TR>

<TR ACOPY="N" ADELETE="N" HEIGHT="34">
<TD VALIGN="MIDDLE" WIDTH="259" HEIGHT="27" AUPDATECONT="N" COLSPAN="2" ALIGN="CENTER" ENG="Disposal in OTC (shrs.)">장외처분(주)</TD>
<TE ALIGN="RIGHT" WIDTH="232" HEIGHT="27" ACODE="SEL_MTH_OMRK" COLSPAN="3">-</TE>
</TR>

<TR ACOPY="N" ADELETE="N" HEIGHT="30">
<TD WIDTH="259" HEIGHT="23" AUPDATECONT="N" COLSPAN="2" VALIGN="MIDDLE" ALIGN="CENTER" ENG="Others (shrs.)">기 타(주)</TD>
<TE ALIGN="RIGHT" WIDTH="232" HEIGHT="23" ACODE="SEL_MTH_ETC" COLSPAN="3">-</TE>
</TR>

<TR ACOPY="N" ADELETE="N" HEIGHT="30">
<TD COLSPAN="3" WIDTH="359" HEIGHT="23" AUPDATECONT="N" ENG="7. Counterparty">7. 처분상대방</TD>
<TE COLSPAN="3" WIDTH="232" HEIGHT="23" ACODE="DSPS_PARN" VALIGN="MIDDLE" ALIGN="CENTER">-</TE>
</TR>

<TR ACOPY="N" ADELETE="N" HEIGHT="30">
<TD COLSPAN="3" WIDTH="359" HEIGHT="23" AUPDATECONT="N" ENG="8. Entrusted brokerage company">8. 위탁투자중개업자</TD>
<TE COLSPAN="3" WIDTH="232" HEIGHT="23" ACODE="CI_BRK" VALIGN="MIDDLE" ALIGN="CENTER">삼성증권</TE>
</TR>

<TR ACOPY="N" ADELETE="N" HEIGHT="30">
<TD ROWSPAN="4" VALIGN="MIDDLE" WIDTH="91" HEIGHT="113" AUPDATECONT="N" ENG="9. Treasury stock holding before disposal">9. 처분 전  자기주식  보유현황</TD>
<TD ROWSPAN="2" VALIGN="MIDDLE" WIDTH="158" HEIGHT="53" AUPDATECONT="N" ALIGN="CENTER" ENG="Acquisition within profits available for dividends (shrs.)">배당가능이익범위 내 취득(주)</TD>
<TD ALIGN="CENTER" WIDTH="92" HEIGHT="23" AUPDATECONT="N" ENG="Common stock">보통주식</TD>
<TE ALIGN="RIGHT" WIDTH="72" HEIGHT="23" ACODE="HLD_OSTK">-</TE>
<TD ALIGN="CENTER" WIDTH="71" HEIGHT="23" AUPDATECONT="N" ENG="Ratio (%)">비율(%)</TD>
<TE ALIGN="RIGHT" WIDTH="71" HEIGHT="23" ACODE="HLD_OSTK_RT">-</TE>
</TR>

<TR ACOPY="N" ADELETE="N" HEIGHT="30">
<TD ALIGN="CENTER" WIDTH="92" HEIGHT="23" AUPDATECONT="N" ENG="Different classes of stocks">기타주식</TD>
<TE ALIGN="RIGHT" WIDTH="72" HEIGHT="23" ACODE="HLD_ESTK">-</TE>
<TD ALIGN="CENTER" WIDTH="71" HEIGHT="23" AUPDATECONT="N" ENG="Ratio (%)">비율(%)</TD>
<TE ALIGN="RIGHT" WIDTH="71" HEIGHT="23" ACODE="HLD_ESTK_RT">-</TE>
</TR>

<TR ACOPY="N" ADELETE="N" HEIGHT="30">
<TD ROWSPAN="2" VALIGN="MIDDLE" WIDTH="158" HEIGHT="53" AUPDATECONT="N" ALIGN="CENTER" ENG="Other acquisition (shrs.)">기타취득(주)</TD>
<TD ALIGN="CENTER" WIDTH="92" HEIGHT="23" AUPDATECONT="N" ENG="Common stock">보통주식</TD>
<TE ALIGN="RIGHT" WIDTH="72" HEIGHT="23" ACODE="EG_OSTK">3,795,359</TE>
<TD ALIGN="CENTER" WIDTH="71" HEIGHT="23" AUPDATECONT="N" ENG="Ratio (%)">비율(%)</TD>
<TE ALIGN="RIGHT" WIDTH="71" HEIGHT="23" ACODE="EG_OSTK_RT">8.13</TE>
</TR>

<TR ACOPY="N" ADELETE="N" HEIGHT="30">
<TD ALIGN="CENTER" WIDTH="92" HEIGHT="23" AUPDATECONT="N" ENG="Different classes of stocks">기타주식</TD>
<TE ALIGN="RIGHT" WIDTH="72" HEIGHT="23" ACODE="EG_ESTK">-</TE>
<TD ALIGN="CENTER" WIDTH="71" HEIGHT="23" AUPDATECONT="N" ENG="Ratio (%)">비율(%)</TD>
<TE ALIGN="RIGHT" WIDTH="71" HEIGHT="23" ACODE="EG_ESTK_RT">-</TE>
</TR>

<TR ACOPY="N" ADELETE="N" HEIGHT="30">
<TD COLSPAN="3" WIDTH="359" HEIGHT="23" AUPDATECONT="N" ENG="10. Disposal decision date">10. 처분결정일</TD>
<TU COLSPAN="3" ALIGN="CENTER" WIDTH="232" HEIGHT="23" AUNIT="SEL_DATE" AUNITVALUE="20260105">2026년 01월 05일</TU>
</TR>

<TR ACOPY="N" ADELETE="N" HEIGHT="30">
<TD ROWSPAN="2" COLSPAN="2" VALIGN="MIDDLE" WIDTH="258" HEIGHT="53" AUPDATECONT="N" ENG="- Attendance of outside directors">   - 사외이사참석여부</TD>
<TD ALIGN="CENTER" WIDTH="92" HEIGHT="23" AUPDATECONT="N" ENG="Present (No.)">참석(명)</TD>
<TE COLSPAN="3" ALIGN="RIGHT" WIDTH="232" HEIGHT="23" ACODE="ATD_CNT">1</TE>
</TR>

<TR ACOPY="N" ADELETE="N" HEIGHT="30">
<TD ALIGN="CENTER" WIDTH="92" HEIGHT="23" AUPDATECONT="N" ENG="Absent (No.)">불참(명)</TD>
<TE COLSPAN="3" ALIGN="RIGHT" WIDTH="232" HEIGHT="23" ACODE="NATD_CNT">1</TE>
</TR>

<TR ACOPY="N" ADELETE="N" HEIGHT="30">
<TD COLSPAN="3" WIDTH="359" HEIGHT="23" AUPDATECONT="N" ENG="- Attendance of auditors (Members of Audit Committee who are not outside directors)">   - 감사(사외이사가 아닌 감사위원)참석여부</TD>
<TU COLSPAN="3" ALIGN="CENTER" WIDTH="232" HEIGHT="23" AUNIT="ADT_ATD_YN" AUNITVALUE="N" ENG="Absent">불참</TU>
</TR>

<TR ACOPY="N" ADELETE="N" HEIGHT="30">
<TD ROWSPAN="2" COLSPAN="2" VALIGN="MIDDLE" WIDTH="258" HEIGHT="53" AUPDATECONT="N" ENG="11. Limit of selling order per day">11. 1일 매도 주문수량 한도</TD>
<TD ALIGN="CENTER" WIDTH="92" HEIGHT="23" AUPDATECONT="N" ENG="Common stock">보통주식</TD>
<TE COLSPAN="3" ALIGN="RIGHT" WIDTH="232" HEIGHT="23" ACODE="SEL_OSTK_LMT">466,629</TE>
</TR>

<TR ACOPY="N" ADELETE="N" HEIGHT="30">
<TD ALIGN="CENTER" WIDTH="92" HEIGHT="23" AUPDATECONT="N" ENG="Different classes of stocks">기타주식</TD>
<TE COLSPAN="3" ALIGN="RIGHT" WIDTH="232" HEIGHT="23" ACODE="SEL_ESTK_LMT">-</TE>
</TR>
</TBODY>
</TABLE>
</TABLE-GROUP>

<TABLE ACLASS="NORMAL" AFIXTABLE="Y" WIDTH="600" BORDER="0">

<COLGROUP WIDTH="600">
<COL WIDTH="600"></COL>
</COLGROUP>

<TBODY>

<TR ACOPY="N" ADELETE="N" HEIGHT="30">
<TD WIDTH="591" HEIGHT="23" AUPDATECONT="N" ENG="12. Other matters to be factored into investment decisions">12. 기타 투자판단에 참고할 사항</TD>
</TR>
</TBODY>
</TABLE>

<P>
<SPAN>(1) 본건 자기주식 처분결정은, 당사가 2025년 12월 31일 각 공시제출한, 「타법인 주식및 출자증권 취득결정(종속회사의 주요 경영사항) 」및 「타인에 대한 담보제공 결정」과 관련하여, 당사가 근질권 설정 및 담보로 제공한 자기주식 180만주를 거래상대방(</SPAN>
<SPAN USERMARK="0X3D3D3D">Nickel Industries Limited</SPAN>
<SPAN>)의 처분권 행사에 따라 자기주식을 처분하는 건입니다.(2) 상기 3항의 처분예정금액은 처분결정일 전일(2026년 1월 2일) 종가 19,090원을 기준으로 산정한 것으로, 실제 처분 금액은 달라질 수 있습니다.(3) 상기 10항의 처분결정일은 이사회결의일입니다.(4) 상기 11항의 1일 매도 주문수량 한도는 "증권의 발행 및 공시 등에 관한 규정" 제5-9조 5항에 따라 산정한 한도</SPAN>
<SPAN USERMARK="B">(가,나 중 적은 수량</SPAN>
<SPAN>)입니다.  가. ①, ②중 많은 수량 : 906,382주       ① 처분신고주식수의 10% : 180,000주       ② 본 보고서 제출 전 1개월간 일평균거래량의 25% : 906,382주  나. 발행주식총수의 1% : 466,629주</SPAN>
</P>
<P></P>

<TABLE-GROUP ACLASS="TBL_OWN_STK" ADELETETABLE="N">

<TABLE ACLASS="NORMAL" AFIXTABLE="Y" WIDTH="600" BORDER="0">

<COLGROUP WIDTH="600">
<COL WIDTH="600"></COL>
</COLGROUP>

<TBODY>

<TR ACOPY="N" ADELETE="N" HEIGHT="30">
<TD WIDTH="591" HEIGHT="23" AUPDATECONT="N" ENG="【Status of Treasury Stock Holding before Decision on Disposal of Treasury Stock】">【자기주식 처분 결정 전 자기주식 보유현황】</TD>
</TR>
</TBODY>
</TABLE>

<TABLE ACLASS="EXTRACTION" AFIXTABLE="Y" WIDTH="765" BORDER="0">

<COLGROUP WIDTH="765">
<COL WIDTH="765"></COL>
</COLGROUP>

<TBODY>

<TR ACOPY="N" ADELETE="N" HEIGHT="30">
<TU ALIGN="RIGHT" VALIGN="BOTTOM" WIDTH="756" HEIGHT="23" AUNIT="STOCK" AUNITVALUE="1" ENG="(Unit: shares)">(단위 : 주)</TU>
</TR>
</TBODY>
</TABLE>

<TABLE ACLASS="EXTRACTION" AFIXTABLE="Y" WIDTH="835" BORDER="1">

<COLGROUP WIDTH="835">
<COL WIDTH="48"></COL>
<COL WIDTH="98"></COL>
<COL WIDTH="128"></COL>
<COL WIDTH="98"></COL>
<COL WIDTH="78"></COL>
<COL WIDTH="84"></COL>
<COL WIDTH="68"></COL>
<COL WIDTH="68"></COL>
<COL WIDTH="84"></COL>
<COL WIDTH="81"></COL>
</COLGROUP>

<THEAD>

<TR ACOPY="N" ADELETE="N" HEIGHT="30">
<TH VALIGN="MIDDLE" WIDTH="265" ACOPYCOL="N" ADELETECOL="N" AMOVECOL="N" AUPDATECONT="N" ROWSPAN="2" COLSPAN="3" ENG="Acquisition method" HEIGHT="53">취득방법</TH>
<TH VALIGN="MIDDLE" WIDTH="89" ACOPYCOL="N" ADELETECOL="N" AMOVECOL="N" AUPDATECONT="N" ROWSPAN="2" ENG="Type of shares" HEIGHT="53">주식의 종류</TH>
<TH VALIGN="MIDDLE" WIDTH="69" ACOPYCOL="N" ADELETECOL="N" AMOVECOL="N" AUPDATECONT="N" ROWSPAN="2" ENG="Beginning balance" HEIGHT="53">기초수량</TH>
<TH VALIGN="MIDDLE" WIDTH="211" ACOPYCOL="N" ADELETECOL="N" AMOVECOL="N" AUPDATECONT="N" COLSPAN="3" ENG="Change in quantity" HEIGHT="23">변동 수량</TH>
<TH VALIGN="MIDDLE" WIDTH="75" ACOPYCOL="N" ADELETECOL="N" AMOVECOL="N" AUPDATECONT="N" ROWSPAN="2" ENG="Closing balance" HEIGHT="53">기말수량</TH>
<TH VALIGN="MIDDLE" WIDTH="72" ACOPYCOL="N" ADELETECOL="N" AMOVECOL="N" AUPDATECONT="N" ROWSPAN="2" ENG="Note" HEIGHT="53">비고</TH>
</TR>

<TR ACOPY="N" ADELETE="N" HEIGHT="30">
<TH VALIGN="MIDDLE" ACOPYCOL="N" ADELETECOL="N" AMOVECOL="N" AUPDATECONT="N" ENG="Acquisition (+)" WIDTH="75" HEIGHT="23">취득(+)</TH>
<TH VALIGN="MIDDLE" ACOPYCOL="N" ADELETECOL="N" AMOVECOL="N" AUPDATECONT="N" ENG="Disposal (-)" WIDTH="59" HEIGHT="23">처분(-)</TH>
<TH VALIGN="MIDDLE" ACOPYCOL="N" ADELETECOL="N" AMOVECOL="N" AUPDATECONT="N" ENG="Retirement (-)" WIDTH="59" HEIGHT="23">소각(-)</TH>
</TR>
</THEAD>

<TBODY>

<TR ACOPY="N" ADELETE="N" HEIGHT="30">
<TD ROWSPAN="14" ALIGN="CENTER" VALIGN="MIDDLE" AUPDATECONT="N" ENG="Acquisition within profits available for dividends" WIDTH="39" HEIGHT="413">배당가능이익범위이내취득</TD>
<TD ROWSPAN="8" ALIGN="CENTER" VALIGN="MIDDLE" AUPDATECONT="N" ENG="Direct acquisition" WIDTH="89" HEIGHT="233">직접취득</TD>
<TD ALIGN="CENTER" VALIGN="MIDDLE" AUPDATECONT="N" ROWSPAN="2" ENG="Direct acquisition on the exchange" WIDTH="119" HEIGHT="53">장내 직접 취득</TD>
<TD ALIGN="CENTER" VALIGN="MIDDLE" AUPDATECONT="N" ENG="Common stock" WIDTH="89" HEIGHT="23">보통주식</TD>
<TE ALIGN="RIGHT" VALIGN="MIDDLE" ACODE="DI_OSTK_BGN" WIDTH="69" HEIGHT="23">-</TE>
<TE ALIGN="RIGHT" VALIGN="MIDDLE" ACODE="DI_OSTK_ACQ" WIDTH="75" HEIGHT="23">-</TE>
<TE ALIGN="RIGHT" VALIGN="MIDDLE" ACODE="DI_OSTK_TRD" WIDTH="59" HEIGHT="23">-</TE>
<TE ALIGN="RIGHT" VALIGN="MIDDLE" ACODE="DI_OSTK_RTM" WIDTH="59" HEIGHT="23">-</TE>
<TE ALIGN="RIGHT" VALIGN="MIDDLE" ACODE="DI_OSTK_END" WIDTH="75" HEIGHT="23">-</TE>
<TE VALIGN="MIDDLE" ACODE="DI_OSTK_NOTE" ALIGN="RIGHT" WIDTH="72" HEIGHT="23">-</TE>
</TR>

<TR ACOPY="N" ADELETE="N" HEIGHT="30">
<TD ALIGN="CENTER" VALIGN="MIDDLE" AUPDATECONT="N" ENG="Different classes of stocks" WIDTH="89" HEIGHT="23">기타주식</TD>
<TE ALIGN="RIGHT" VALIGN="MIDDLE" ACODE="DI_ESTK_BGN" WIDTH="69" HEIGHT="23">-</TE>
<TE ALIGN="RIGHT" VALIGN="MIDDLE" ACODE="DI_ESTK_ACQ" WIDTH="75" HEIGHT="23">-</TE>
<TE ALIGN="RIGHT" VALIGN="MIDDLE" ACODE="DI_ESTK_TRD" WIDTH="59" HEIGHT="23">-</TE>
<TE ALIGN="RIGHT" VALIGN="MIDDLE" ACODE="DI_ESTK_RTM" WIDTH="59" HEIGHT="23">-</TE>
<TE ALIGN="RIGHT" VALIGN="MIDDLE" ACODE="DI_ESTK_END" WIDTH="75" HEIGHT="23">-</TE>
<TE VALIGN="MIDDLE" ACODE="DI_ESTK_NOTE" ALIGN="RIGHT" WIDTH="72" HEIGHT="23">-</TE>
</TR>

<TR ACOPY="N" ADELETE="N" HEIGHT="30">
<TD ALIGN="CENTER" VALIGN="MIDDLE" AUPDATECONT="N" ROWSPAN="2" ENG="Direct acquisition in OTC" WIDTH="119" HEIGHT="53">장외직접 취득</TD>
<TD ALIGN="CENTER" VALIGN="MIDDLE" AUPDATECONT="N" ENG="Common stock" WIDTH="89" HEIGHT="23">보통주식</TD>
<TE ALIGN="RIGHT" VALIGN="MIDDLE" ACODE="DO_OSTK_BGN" WIDTH="69" HEIGHT="23">-</TE>
<TE ALIGN="RIGHT" VALIGN="MIDDLE" ACODE="DO_OSTK_ACQ" WIDTH="75" HEIGHT="23">-</TE>
<TE ALIGN="RIGHT" VALIGN="MIDDLE" ACODE="DO_OSTK_TRD" WIDTH="59" HEIGHT="23">-</TE>
<TE ALIGN="RIGHT" VALIGN="MIDDLE" ACODE="DO_OSTK_RTM" WIDTH="59" HEIGHT="23">-</TE>
<TE ALIGN="RIGHT" VALIGN="MIDDLE" ACODE="DO_OSTK_END" WIDTH="75" HEIGHT="23">-</TE>
<TE VALIGN="MIDDLE" ACODE="DO_OSTK_NOTE" ALIGN="RIGHT" WIDTH="72" HEIGHT="23">-</TE>
</TR>

<TR ACOPY="N" ADELETE="N" HEIGHT="30">
<TD ALIGN="CENTER" VALIGN="MIDDLE" AUPDATECONT="N" ENG="Different classes of stocks" WIDTH="89" HEIGHT="23">기타주식</TD>
<TE ALIGN="RIGHT" VALIGN="MIDDLE" ACODE="DO_ESTK_BGN" WIDTH="69" HEIGHT="23">-</TE>
<TE ALIGN="RIGHT" VALIGN="MIDDLE" ACODE="DO_ESTK_ACQ" WIDTH="75" HEIGHT="23">-</TE>
<TE ALIGN="RIGHT" VALIGN="MIDDLE" ACODE="DO_ESTK_TRD" WIDTH="59" HEIGHT="23">-</TE>
<TE ALIGN="RIGHT" VALIGN="MIDDLE" ACODE="DO_ESTK_RTM" WIDTH="59" HEIGHT="23">-</TE>
<TE ALIGN="RIGHT" VALIGN="MIDDLE" ACODE="DO_ESTK_END" WIDTH="75" HEIGHT="23">-</TE>
<TE VALIGN="MIDDLE" ACODE="DO_ESTK_NOTE" ALIGN="RIGHT" WIDTH="72" HEIGHT="23">-</TE>
</TR>

<TR ACOPY="N" ADELETE="N" HEIGHT="30">
<TD ALIGN="CENTER" VALIGN="MIDDLE" AUPDATECONT="N" ROWSPAN="2" ENG="Tender offer" WIDTH="119" HEIGHT="53">공개매수</TD>
<TD ALIGN="CENTER" VALIGN="MIDDLE" AUPDATECONT="N" ENG="Common stock" WIDTH="89" HEIGHT="23">보통주식</TD>
<TE ALIGN="RIGHT" VALIGN="MIDDLE" ACODE="DP_OSTK_BGN" WIDTH="69" HEIGHT="23">-</TE>
<TE ALIGN="RIGHT" VALIGN="MIDDLE" ACODE="DP_OSTK_ACQ" WIDTH="75" HEIGHT="23">-</TE>
<TE ALIGN="RIGHT" VALIGN="MIDDLE" ACODE="DP_OSTK_TRD" WIDTH="59" HEIGHT="23">-</TE>
<TE ALIGN="RIGHT" VALIGN="MIDDLE" ACODE="DP_OSTK_RTM" WIDTH="59" HEIGHT="23">-</TE>
<TE ALIGN="RIGHT" VALIGN="MIDDLE" ACODE="DP_OSTK_END" WIDTH="75" HEIGHT="23">-</TE>
<TE VALIGN="MIDDLE" ACODE="DP_OSTK_NOTE" ALIGN="RIGHT" WIDTH="72" HEIGHT="23">-</TE>
</TR>

<TR ACOPY="N" ADELETE="N" HEIGHT="30">
<TD ALIGN="CENTER" VALIGN="MIDDLE" AUPDATECONT="N" ENG="Different classes of stocks" WIDTH="89" HEIGHT="23">기타주식</TD>
<TE ALIGN="RIGHT" VALIGN="MIDDLE" ACODE="DP_ESTK_BGN" WIDTH="69" HEIGHT="23">-</TE>
<TE ALIGN="RIGHT" VALIGN="MIDDLE" ACODE="DP_ESTK_ACQ" WIDTH="75" HEIGHT="23">-</TE>
<TE ALIGN="RIGHT" VALIGN="MIDDLE" ACODE="DP_ESTK_TRD" WIDTH="59" HEIGHT="23">-</TE>
<TE ALIGN="RIGHT" VALIGN="MIDDLE" ACODE="DP_ESTK_RTM" WIDTH="59" HEIGHT="23">-</TE>
<TE ALIGN="RIGHT" VALIGN="MIDDLE" ACODE="DP_ESTK_END" WIDTH="75" HEIGHT="23">-</TE>
<TE VALIGN="MIDDLE" ACODE="DP_ESTK_NOTE" ALIGN="RIGHT" WIDTH="72" HEIGHT="23">-</TE>
</TR>

<TR ACOPY="N" ADELETE="N" HEIGHT="30">
<TD ALIGN="CENTER" VALIGN="MIDDLE" AUPDATECONT="N" ROWSPAN="2" ENG="Subtotal (a)" WIDTH="119" HEIGHT="53">소계(a)</TD>
<TD ALIGN="CENTER" VALIGN="MIDDLE" AUPDATECONT="N" ENG="Common stock" WIDTH="89" HEIGHT="23">보통주식</TD>
<TE ALIGN="RIGHT" VALIGN="MIDDLE" ACODE="DSUM_OSTK_BGN" WIDTH="69" HEIGHT="23">-</TE>
<TE ALIGN="RIGHT" VALIGN="MIDDLE" ACODE="DSUM_OSTK_ACQ" WIDTH="75" HEIGHT="23">-</TE>
<TE ALIGN="RIGHT" VALIGN="MIDDLE" ACODE="DSUM_OSTK_TRD" WIDTH="59" HEIGHT="23">-</TE>
<TE ALIGN="RIGHT" VALIGN="MIDDLE" ACODE="DSUM_OSTK_RTM" WIDTH="59" HEIGHT="23">-</TE>
<TE ALIGN="RIGHT" VALIGN="MIDDLE" ACODE="DSUM_OSTK_END" WIDTH="75" HEIGHT="23">-</TE>
<TE VALIGN="MIDDLE" ACODE="DSUM_OSTK_NOTE" ALIGN="RIGHT" WIDTH="72" HEIGHT="23">-</TE>
</TR>

<TR ACOPY="N" ADELETE="N" HEIGHT="30">
<TD ALIGN="CENTER" VALIGN="MIDDLE" AUPDATECONT="N" ENG="Different classes of stocks" WIDTH="89" HEIGHT="23">기타주식</TD>
<TE ALIGN="RIGHT" VALIGN="MIDDLE" ACODE="DSUM_ESTK_BGN" WIDTH="69" HEIGHT="23">-</TE>
<TE ALIGN="RIGHT" VALIGN="MIDDLE" ACODE="DSUM_ESTK_ACQ" WIDTH="75" HEIGHT="23">-</TE>
<TE ALIGN="RIGHT" VALIGN="MIDDLE" ACODE="DSUM_ESTK_TRD" WIDTH="59" HEIGHT="23">-</TE>
<TE ALIGN="RIGHT" VALIGN="MIDDLE" ACODE="DSUM_ESTK_RTM" WIDTH="59" HEIGHT="23">-</TE>
<TE ALIGN="RIGHT" VALIGN="MIDDLE" ACODE="DSUM_ESTK_END" WIDTH="75" HEIGHT="23">-</TE>
<TE VALIGN="MIDDLE" ACODE="DSUM_ESTK_NOTE" ALIGN="RIGHT" WIDTH="72" HEIGHT="23">-</TE>
</TR>

<TR ACOPY="N" ADELETE="N" HEIGHT="30">
<TD ROWSPAN="6" ALIGN="CENTER" VALIGN="MIDDLE" AUPDATECONT="N" ENG="Acquisition by trust contract" WIDTH="89" HEIGHT="173">신탁계약에 의한취득</TD>
<TD ALIGN="CENTER" VALIGN="MIDDLE" AUPDATECONT="N" ROWSPAN="2" ENG="Number of shares indirectly held through trust contracts" WIDTH="119" HEIGHT="53">수탁자 보유물량</TD>
<TD ALIGN="CENTER" VALIGN="MIDDLE" AUPDATECONT="N" ENG="Common stock" WIDTH="89" HEIGHT="23">보통주식</TD>
<TE ALIGN="RIGHT" VALIGN="MIDDLE" ACODE="TF_OSTK_BGN" WIDTH="69" HEIGHT="23">-</TE>
<TE ALIGN="RIGHT" VALIGN="MIDDLE" ACODE="TF_OSTK_ACQ" WIDTH="75" HEIGHT="23">-</TE>
<TE ALIGN="RIGHT" VALIGN="MIDDLE" ACODE="TF_OSTK_TRD" WIDTH="59" HEIGHT="23">-</TE>
<TE ALIGN="RIGHT" VALIGN="MIDDLE" ACODE="TF_OSTK_RTM" WIDTH="59" HEIGHT="23">-</TE>
<TE ALIGN="RIGHT" VALIGN="MIDDLE" ACODE="TF_OSTK_END" WIDTH="75" HEIGHT="23">-</TE>
<TE VALIGN="MIDDLE" ACODE="TF_OSTK_NOTE" ALIGN="RIGHT" WIDTH="72" HEIGHT="23">-</TE>
</TR>

<TR ACOPY="N" ADELETE="N" HEIGHT="30">
<TD ALIGN="CENTER" VALIGN="MIDDLE" AUPDATECONT="N" ENG="Different classes of stocks" WIDTH="89" HEIGHT="23">기타주식</TD>
<TE ALIGN="RIGHT" VALIGN="MIDDLE" ACODE="TF_ESTK_BGN" WIDTH="69" HEIGHT="23">-</TE>
<TE ALIGN="RIGHT" VALIGN="MIDDLE" ACODE="TF_ESTK_ACQ" WIDTH="75" HEIGHT="23">-</TE>
<TE ALIGN="RIGHT" VALIGN="MIDDLE" ACODE="TF_ESTK_TRD" WIDTH="59" HEIGHT="23">-</TE>
<TE ALIGN="RIGHT" VALIGN="MIDDLE" ACODE="TF_ESTK_RTM" WIDTH="59" HEIGHT="23">-</TE>
<TE ALIGN="RIGHT" VALIGN="MIDDLE" ACODE="TF_ESTK_END" WIDTH="75" HEIGHT="23">-</TE>
<TE VALIGN="MIDDLE" ACODE="TF_ESTK_NOTE" ALIGN="RIGHT" WIDTH="72" HEIGHT="23">-</TE>
</TR>

<TR ACOPY="N" ADELETE="N" HEIGHT="30">
<TD ALIGN="CENTER" VALIGN="MIDDLE" AUPDATECONT="N" ROWSPAN="2" ENG="Number of shares directly held" WIDTH="119" HEIGHT="53">현물보유물량</TD>
<TD ALIGN="CENTER" VALIGN="MIDDLE" AUPDATECONT="N" ENG="Common stock" WIDTH="89" HEIGHT="23">보통주식</TD>
<TE ALIGN="RIGHT" VALIGN="MIDDLE" ACODE="TS_OSTK_BGN" WIDTH="69" HEIGHT="23">-</TE>
<TE ALIGN="RIGHT" VALIGN="MIDDLE" ACODE="TS_OSTK_ACQ" WIDTH="75" HEIGHT="23">-</TE>
<TE ALIGN="RIGHT" VALIGN="MIDDLE" ACODE="TS_OSTK_TRD" WIDTH="59" HEIGHT="23">-</TE>
<TE ALIGN="RIGHT" VALIGN="MIDDLE" ACODE="TS_OSTK_RTM" WIDTH="59" HEIGHT="23">-</TE>
<TE ALIGN="RIGHT" VALIGN="MIDDLE" ACODE="TS_OSTK_END" WIDTH="75" HEIGHT="23">-</TE>
<TE VALIGN="MIDDLE" ACODE="TS_OSTK_NOTE" ALIGN="RIGHT" WIDTH="72" HEIGHT="23">-</TE>
</TR>

<TR ACOPY="N" ADELETE="N" HEIGHT="30">
<TD ALIGN="CENTER" VALIGN="MIDDLE" AUPDATECONT="N" ENG="Different classes of stocks" WIDTH="89" HEIGHT="23">기타주식</TD>
<TE ALIGN="RIGHT" VALIGN="MIDDLE" ACODE="TS_ESTK_BGN" WIDTH="69" HEIGHT="23">-</TE>
<TE ALIGN="RIGHT" VALIGN="MIDDLE" ACODE="TS_ESTK_ACQ" WIDTH="75" HEIGHT="23">-</TE>
<TE ALIGN="RIGHT" VALIGN="MIDDLE" ACODE="TS_ESTK_TRD" WIDTH="59" HEIGHT="23">-</TE>
<TE ALIGN="RIGHT" VALIGN="MIDDLE" ACODE="TS_ESTK_RTM" WIDTH="59" HEIGHT="23">-</TE>
<TE ALIGN="RIGHT" VALIGN="MIDDLE" ACODE="TS_ESTK_END" WIDTH="75" HEIGHT="23">-</TE>
<TE VALIGN="MIDDLE" ACODE="TS_ESTK_NOTE" ALIGN="RIGHT" WIDTH="72" HEIGHT="23">-</TE>
</TR>

<TR ACOPY="N" ADELETE="N" HEIGHT="30">
<TD ALIGN="CENTER" VALIGN="MIDDLE" AUPDATECONT="N" ROWSPAN="2" ENG="Subtotal (b)" WIDTH="119" HEIGHT="53">소계(b)</TD>
<TD ALIGN="CENTER" VALIGN="MIDDLE" AUPDATECONT="N" ENG="Common stock" WIDTH="89" HEIGHT="23">보통주식</TD>
<TE ALIGN="RIGHT" VALIGN="MIDDLE" ACODE="TSUM_OSTK_BGN" WIDTH="69" HEIGHT="23">-</TE>
<TE ALIGN="RIGHT" VALIGN="MIDDLE" ACODE="TSUM_OSTK_ACQ" WIDTH="75" HEIGHT="23">-</TE>
<TE ALIGN="RIGHT" VALIGN="MIDDLE" ACODE="TSUM_OSTK_TRD" WIDTH="59" HEIGHT="23">-</TE>
<TE ALIGN="RIGHT" VALIGN="MIDDLE" ACODE="TSUM_OSTK_RTM" WIDTH="59" HEIGHT="23">-</TE>
<TE ALIGN="RIGHT" VALIGN="MIDDLE" ACODE="TSUM_OSTK_END" WIDTH="75" HEIGHT="23">-</TE>
<TE VALIGN="MIDDLE" ACODE="TSUM_OSTK_NOTE" ALIGN="RIGHT" WIDTH="72" HEIGHT="23">-</TE>
</TR>

<TR ACOPY="N" ADELETE="N" HEIGHT="30">
<TD ALIGN="CENTER" VALIGN="MIDDLE" AUPDATECONT="N" ENG="Different classes of stocks" WIDTH="89" HEIGHT="23">기타주식</TD>
<TE ALIGN="RIGHT" VALIGN="MIDDLE" ACODE="TSUM_ESTK_BGN" WIDTH="69" HEIGHT="23">-</TE>
<TE ALIGN="RIGHT" VALIGN="MIDDLE" ACODE="TSUM_ESTK_ACQ" WIDTH="75" HEIGHT="23">-</TE>
<TE ALIGN="RIGHT" VALIGN="MIDDLE" ACODE="TSUM_ESTK_TRD" WIDTH="59" HEIGHT="23">-</TE>
<TE ALIGN="RIGHT" VALIGN="MIDDLE" ACODE="TSUM_ESTK_RTM" WIDTH="59" HEIGHT="23">-</TE>
<TE ALIGN="RIGHT" VALIGN="MIDDLE" ACODE="TSUM_ESTK_END" WIDTH="75" HEIGHT="23">-</TE>
<TE VALIGN="MIDDLE" ACODE="TSUM_ESTK_NOTE" ALIGN="RIGHT" WIDTH="72" HEIGHT="23">-</TE>
</TR>

<TR ACOPY="N" ADELETE="N" HEIGHT="30">
<TD ROWSPAN="2" ALIGN="CENTER" VALIGN="MIDDLE" AUPDATECONT="N" COLSPAN="3" ENG="Other acquisition (c)" WIDTH="265" HEIGHT="53">기타 취득(c)</TD>
<TD ALIGN="CENTER" VALIGN="MIDDLE" AUPDATECONT="N" ENG="Common stock" WIDTH="89" HEIGHT="23">보통주식</TD>
<TE ALIGN="RIGHT" VALIGN="MIDDLE" ACODE="EG_OSTK_BGN" WIDTH="69" HEIGHT="23">-</TE>
<TE ALIGN="RIGHT" VALIGN="MIDDLE" ACODE="EG_OSTK_ACQ" WIDTH="75" HEIGHT="23">3,795,359</TE>
<TE ALIGN="RIGHT" VALIGN="MIDDLE" ACODE="EG_OSTK_TRD" WIDTH="59" HEIGHT="23">-</TE>
<TE ALIGN="RIGHT" VALIGN="MIDDLE" ACODE="EG_OSTK_RTM" WIDTH="59" HEIGHT="23">-</TE>
<TE ALIGN="RIGHT" VALIGN="MIDDLE" ACODE="EG_OSTK_END" WIDTH="75" HEIGHT="23">3,795,359</TE>
<TE VALIGN="MIDDLE" ACODE="EG_OSTK_NOTE" ALIGN="RIGHT" WIDTH="72" HEIGHT="23">(주1,주2)</TE>
</TR>

<TR ACOPY="N" ADELETE="N" HEIGHT="30">
<TD ALIGN="CENTER" VALIGN="MIDDLE" AUPDATECONT="N" ENG="Different classes of stocks" WIDTH="89" HEIGHT="23">기타주식</TD>
<TE ALIGN="RIGHT" VALIGN="MIDDLE" ACODE="EG_ESTK_BGN" WIDTH="69" HEIGHT="23">-</TE>
<TE ALIGN="RIGHT" VALIGN="MIDDLE" ACODE="EG_ESTK_ACQ" WIDTH="75" HEIGHT="23">-</TE>
<TE ALIGN="RIGHT" VALIGN="MIDDLE" ACODE="EG_ESTK_TRD" WIDTH="59" HEIGHT="23">-</TE>
<TE ALIGN="RIGHT" VALIGN="MIDDLE" ACODE="EG_ESTK_RTM" WIDTH="59" HEIGHT="23">-</TE>
<TE ALIGN="RIGHT" VALIGN="MIDDLE" ACODE="EG_ESTK_END" WIDTH="75" HEIGHT="23">-</TE>
<TE VALIGN="MIDDLE" ACODE="EG_ESTK_NOTE" ALIGN="RIGHT" WIDTH="72" HEIGHT="23">-</TE>
</TR>

<TR ACOPY="N" ADELETE="N" HEIGHT="30">
<TD ROWSPAN="2" ALIGN="CENTER" VALIGN="MIDDLE" AUPDATECONT="N" COLSPAN="3" ENG="Total (a+b+c)" WIDTH="265" HEIGHT="53">총 계(a+b+c)</TD>
<TD ALIGN="CENTER" VALIGN="MIDDLE" AUPDATECONT="N" ENG="Common stock" WIDTH="89" HEIGHT="23">보통주식</TD>
<TE ALIGN="RIGHT" VALIGN="MIDDLE" ACODE="TOT_OSTK_BGN" WIDTH="69" HEIGHT="23">-</TE>
<TE ALIGN="RIGHT" VALIGN="MIDDLE" ACODE="TOT_OSTK_ACQ" WIDTH="75" HEIGHT="23">3,795,359</TE>
<TE ALIGN="RIGHT" VALIGN="MIDDLE" ACODE="TOT_OSTK_TRD" WIDTH="59" HEIGHT="23">-</TE>
<TE ALIGN="RIGHT" VALIGN="MIDDLE" ACODE="TOT_OSTK_RTM" WIDTH="59" HEIGHT="23">-</TE>
<TE ALIGN="RIGHT" VALIGN="MIDDLE" ACODE="TOT_OSTK_END" WIDTH="75" HEIGHT="23">3,795,359</TE>
<TE VALIGN="MIDDLE" ACODE="TOT_OSTK_NOTE" ALIGN="RIGHT" WIDTH="72" HEIGHT="23">-</TE>
</TR>

<TR ACOPY="N" ADELETE="N" HEIGHT="30">
<TD ALIGN="CENTER" VALIGN="MIDDLE" AUPDATECONT="N" ENG="Different classes of stocks" WIDTH="89" HEIGHT="23">기타주식</TD>
<TE ALIGN="RIGHT" VALIGN="MIDDLE" ACODE="TOT_ESTK_BGN" WIDTH="69" HEIGHT="23">-</TE>
<TE ALIGN="RIGHT" VALIGN="MIDDLE" ACODE="TOT_ESTK_ACQ" WIDTH="75" HEIGHT="23">-</TE>
<TE ALIGN="RIGHT" VALIGN="MIDDLE" ACODE="TOT_ESTK_TRD" WIDTH="59" HEIGHT="23">-</TE>
<TE ALIGN="RIGHT" VALIGN="MIDDLE" ACODE="TOT_ESTK_RTM" WIDTH="59" HEIGHT="23">-</TE>
<TE ALIGN="RIGHT" VALIGN="MIDDLE" ACODE="TOT_ESTK_END" WIDTH="75" HEIGHT="23">-</TE>
<TE VALIGN="MIDDLE" ACODE="TOT_ESTK_NOTE" ALIGN="RIGHT" WIDTH="72" HEIGHT="23">-</TE>
</TR>
</TBODY>
</TABLE>
</TABLE-GROUP>
<P>(주1) 기초수량은 2025년의 사업연도 개시시점(2025.01.01)을 기재하였으며, 기말 수량은 2025년의 사업연도 종료시점(2025.12.31)을 기재하였습니다.(주2) 당사는 2025년 3월 1일(합병기일)에 ㈜스피어코리아를 흡수합병함에 따라 스피어코리아가 보유하던 당사 주식(3,615,686주) 및 합병신주 중 자기주식(164,609주)을 배정 및 취득하였고, 합병 진행 과정에서 주주의 반대의사표시에 따른 주식매수청구권 행사로 15,064주를 추가 취득하였습니다.</P>
<P></P>

<TABLE ACLASS="NORMAL" AFIXTABLE="Y" WIDTH="608" BORDER="0">

<COLGROUP WIDTH="608">
<COL WIDTH="608"></COL>
</COLGROUP>

<TBODY>

<TR ACOPY="N" ADELETE="N" HEIGHT="30">
<TD WIDTH="599" HEIGHT="23" AUPDATECONT="N" ENG="【Additional matters to disclose】">【추가공시 사항】</TD>
</TR>
</TBODY>
</TABLE>
<P>1. 처분상대방별 회사 또는 최대주주와의 관계</P>
<P>- 해당사항 없음(장내처분)</P>
<P>2. 처분상대방 선정사유</P>
<P>- 해당사항 없음(장내처분)</P>
<P>3. 처분상대방별 처분주식수(주)</P>
<P>- 해당사항 없음(장내처분)</P>
<P>4. 가격 산정근거</P>
<P>- 해당사항 없음(장내처분)</P>
<P>5. 예상되는 주식가치 희석효과</P>
<P>- 처분예정 자기주식수는 보통주 발행주식총수 46,662,964주 중 1,800,000주(3.86%)이며, 당사가 100% 지분을 보유한 종속회사에 자본출자 재원 확보 목적으로 처분하는 것이므로 주식가치 희석효과는 미미할 것으로 예상됩니다.</P>
<P>6. 기타 투자판단에 참고할 사항</P>

<P>
<SPAN>- 본건 자기주식 처분결정은, 당사가 2025년 12월 31일 각 공시제출한, 「타법인 주식및 출자증권 취득결정(종속회사의 주요 경영사항) 」및 「타인에 대한 담보제공 결정」과 관련하여, 당사가 근질권 설정 및 담보로 제공한 자기주식 180만주를 거래상대방(</SPAN>
<SPAN USERMARK="0X3D3D3D">Nickel Industries Limited</SPAN>
<SPAN>)의 처분권 행사에 따라 자기주식을 처분하는 건입니다.- 본건 자기주식 처분이 완료되는 경우, 당사는 관련 절차에 따라 당사의 종속회사인 "Sphere Nickel Cobalt Pte. Ltd.(싱가포르, 이하 'SNC')"에 전액 자본출자할 예정입니다. - 당사가 'SNC'에 전액 자본출자 이후 'SNC'는 "</SPAN>
<SPAN USERMARK="0X3D3D3D">Excelsior International Investment Pte. Ltd. (싱가포르)</SPAN>
<SPAN>"의 지분 10% 취득을 위한 매매대금으로 사용할 예정입니다.</SPAN>
</P>
</SECTION-1>
</BODY>
</DOCUMENT>