<?xml version="1.0" encoding="utf-8"?>


<DOCUMENT xmlns:xsi="http://www.w3.org/2001/XMLSchema-instance" xsi:noNamespaceSchemaLocation="dart4.xsd">

<DOCUMENT-NAME ACODE="80757">약관에의한금융거래시계열금융회사의거래상대방의공시</DOCUMENT-NAME>
<FORMULA-VERSION ADATE="20240129">6.0</FORMULA-VERSION>
<COMPANY-NAME AREGCIK="01066988">농업회사법인농협양곡㈜</COMPANY-NAME>


<BODY ATOCID="1">

<SECTION-1 ACLASS="MANDATORY" APARTSOURCE="SOURCE">
<TITLE ATOC="Y" AASSOCNOTE="D-0-1-0-0" ENG="Disclosure of Trading Partner of Affiliated Financial Company During Financial Transaction According to Terms and Conditions" ATOCID="1">약관에 의한 금융거래시 계열금융회사의 거래상대방의 공시</TITLE>
<P></P>

<TABLE BORDER="1" WIDTH="801" ACLASS="NORMAL">

<COLGROUP WIDTH="801">
<COL WIDTH="93"></COL>
<COL WIDTH="48"></COL>
<COL WIDTH="63"></COL>
<COL WIDTH="200"></COL>
<COL WIDTH="78"></COL>
<COL WIDTH="97"></COL>
<COL WIDTH="78"></COL>
<COL WIDTH="144"></COL>
</COLGROUP>

<TBODY>

<TR ACOPY="Y" ADELETE="Y" HEIGHT="30">
<TD WIDTH="84" HEIGHT="23" ALIGN="CENTER" VALIGN="MIDDLE">기업집단명</TD>
<TD WIDTH="39" HEIGHT="23" VALIGN="MIDDLE">농협</TD>
<TD WIDTH="54" HEIGHT="23" ALIGN="CENTER" VALIGN="MIDDLE">회사명</TD>
<TD WIDTH="191" HEIGHT="23" VALIGN="MIDDLE">농업회사법인 농협양곡(주)</TD>
<TD WIDTH="69" HEIGHT="23" ALIGN="CENTER" VALIGN="MIDDLE">공시일자</TD>
<TD WIDTH="88" HEIGHT="23" VALIGN="MIDDLE">2026.01.05.</TD>
<TD WIDTH="69" HEIGHT="23" ALIGN="CENTER" VALIGN="MIDDLE">관련법규</TD>
<TD WIDTH="135" HEIGHT="23" ALIGN="CENTER" VALIGN="MIDDLE">공정거래법 제26조</TD>
</TR>
</TBODY>
</TABLE>
<P></P>

<TABLE ACLASS="NORMAL" AFIXTABLE="N" WIDTH="685" BORDER="0">

<COLGROUP WIDTH="685">
<COL WIDTH="438"></COL>
<COL WIDTH="247"></COL>
</COLGROUP>

<TBODY>

<TR ACOPY="Y" ADELETE="Y" HEIGHT="30">
<TD WIDTH="429" HEIGHT="23"></TD>
<TD ALIGN="RIGHT" WIDTH="238" HEIGHT="23">(단위 : 억 원, %)</TD>
</TR>
</TBODY>
</TABLE>

<TABLE BORDER="1" WIDTH="687" ACLASS="NORMAL">

<COLGROUP WIDTH="687">
<COL WIDTH="282"></COL>
<COL WIDTH="405"></COL>
</COLGROUP>

<TBODY>

<TR ACOPY="Y" ADELETE="Y" HEIGHT="30">
<TD WIDTH="273" HEIGHT="23" ALIGN="CENTER">거래기간</TD>
<TD WIDTH="396" HEIGHT="23">2026.01.01.~2026.12.31.</TD>
</TR>
</TBODY>
</TABLE>

<TABLE BORDER="1" WIDTH="807" ACLASS="NORMAL">

<COLGROUP WIDTH="807">
<COL WIDTH="165"></COL>
<COL WIDTH="171"></COL>
<COL WIDTH="63"></COL>
<COL WIDTH="63"></COL>
<COL WIDTH="78"></COL>
<COL WIDTH="78"></COL>
<COL WIDTH="63"></COL>
<COL WIDTH="48"></COL>
<COL WIDTH="78"></COL>
</COLGROUP>

<THEAD>

<TR ACOPY="Y" ADELETE="Y" HEIGHT="30">
<TH ROWSPAN="2" VALIGN="MIDDLE" WIDTH="156" HEIGHT="76" ACOPYCOL="Y" ADELETECOL="Y" AMOVECOL="N">거래상대방</TH>
<TH ROWSPAN="2" VALIGN="MIDDLE" WIDTH="162" HEIGHT="76" ACOPYCOL="Y" ADELETECOL="Y" AMOVECOL="N">거래예정기간</TH>
<TH COLSPAN="2" VALIGN="MIDDLE" WIDTH="117" HEIGHT="23" ACOPYCOL="Y" ADELETECOL="Y" AMOVECOL="N">거래대상</TH>
<TH COLSPAN="2" VALIGN="MIDDLE" WIDTH="147" HEIGHT="23" ACOPYCOL="Y" ADELETECOL="Y" AMOVECOL="N">거래금액</TH>
<TH COLSPAN="2" VALIGN="MIDDLE" WIDTH="102" HEIGHT="23" ACOPYCOL="Y" ADELETECOL="Y" AMOVECOL="N">거래조건</TH>
<TH ROWSPAN="2" VALIGN="MIDDLE" WIDTH="69" HEIGHT="76" ACOPYCOL="Y" ADELETECOL="Y" AMOVECOL="N">거래목적</TH>
</TR>

<TR ACOPY="Y" ADELETE="Y" HEIGHT="53">
<TH VALIGN="MIDDLE" WIDTH="54" HEIGHT="46" ACOPYCOL="Y" ADELETECOL="Y" AMOVECOL="N">거래목적물</TH>
<TH VALIGN="MIDDLE" WIDTH="54" HEIGHT="46" ACOPYCOL="Y" ADELETECOL="Y" AMOVECOL="N">상품명</TH>
<TH VALIGN="MIDDLE" WIDTH="69" HEIGHT="46" ACOPYCOL="Y" ADELETECOL="Y" AMOVECOL="N">운용자금</TH>
<TH VALIGN="MIDDLE" WIDTH="69" HEIGHT="46" ACOPYCOL="Y" ADELETECOL="Y" AMOVECOL="N">조달자금</TH>
<TH VALIGN="MIDDLE" WIDTH="54" HEIGHT="46" ACOPYCOL="Y" ADELETECOL="Y" AMOVECOL="N">단가/이자율</TH>
<TH VALIGN="MIDDLE" WIDTH="39" HEIGHT="46" ACOPYCOL="Y" ADELETECOL="Y" AMOVECOL="N">기타</TH>
</TR>
</THEAD>

<TBODY>

<TR ACOPY="Y" ADELETE="Y" HEIGHT="76">
<TD ROWSPAN="2" ALIGN="CENTER" VALIGN="MIDDLE" WIDTH="156" HEIGHT="99">농협은행 주식회사</TD>
<TD ROWSPAN="2" ALIGN="CENTER" VALIGN="MIDDLE" WIDTH="162" HEIGHT="99">2026.1.1.~2026.12.31.</TD>
<TD ROWSPAN="2" ALIGN="CENTER" VALIGN="MIDDLE" WIDTH="54" HEIGHT="99">수익증권</TD>
<TD ROWSPAN="2" ALIGN="CENTER" VALIGN="MIDDLE" WIDTH="54" HEIGHT="99">MMT,MMDA 등</TD>
<TD ALIGN="CENTER" VALIGN="MIDDLE" WIDTH="69" HEIGHT="69">5,000</TD>
<TD ALIGN="CENTER" VALIGN="MIDDLE" WIDTH="69" HEIGHT="69">-</TD>
<TD ALIGN="CENTER" VALIGN="MIDDLE" WIDTH="54" HEIGHT="69">시장금리</TD>
<TD ALIGN="CENTER" VALIGN="MIDDLE" WIDTH="39" HEIGHT="69">-</TD>
<TD ALIGN="CENTER" VALIGN="MIDDLE" WIDTH="69" HEIGHT="69">운영자금 단기간 예치</TD>
</TR>

<TR ACOPY="Y" ADELETE="Y" HEIGHT="30">
<TD COLSPAN="2" ALIGN="CENTER" VALIGN="MIDDLE" WIDTH="147" HEIGHT="23">소 계</TD>
<TD ALIGN="CENTER" VALIGN="MIDDLE" WIDTH="54" HEIGHT="23">5,000</TD>
<TD ALIGN="CENTER" VALIGN="MIDDLE" WIDTH="39" HEIGHT="23">-</TD>
<TD ALIGN="CENTER" VALIGN="MIDDLE" WIDTH="69" HEIGHT="23">-</TD>
</TR>

<TR ACOPY="Y" ADELETE="Y" HEIGHT="76">
<TD ROWSPAN="2" ALIGN="CENTER" VALIGN="MIDDLE" WIDTH="156" HEIGHT="99">엔에이치투자증권(주)</TD>

<TD ROWSPAN="2" ALIGN="CENTER" VALIGN="MIDDLE" WIDTH="162" HEIGHT="99">
<SPAN>2026.1.1.~2026.12.31.</SPAN>
</TD>
<TD ROWSPAN="2" ALIGN="CENTER" VALIGN="MIDDLE" WIDTH="54" HEIGHT="99">수익증권</TD>

<TD ROWSPAN="2" ALIGN="CENTER" VALIGN="MIDDLE" WIDTH="54" HEIGHT="99">
<SPAN>MMT,MMDA 등</SPAN>
</TD>
<TD ALIGN="CENTER" VALIGN="MIDDLE" WIDTH="69" HEIGHT="69">3,000</TD>
<TD ALIGN="CENTER" VALIGN="MIDDLE" WIDTH="69" HEIGHT="69">-</TD>
<TD ALIGN="CENTER" VALIGN="MIDDLE" WIDTH="54" HEIGHT="69">시장금리</TD>
<TD ALIGN="CENTER" VALIGN="MIDDLE" WIDTH="39" HEIGHT="69">-</TD>

<TD ALIGN="CENTER" VALIGN="MIDDLE" WIDTH="69" HEIGHT="69">
<SPAN>운영자금 단기간 예치</SPAN>
</TD>
</TR>

<TR ACOPY="Y" ADELETE="Y" HEIGHT="30">
<TD COLSPAN="2" ALIGN="CENTER" VALIGN="MIDDLE" WIDTH="147" HEIGHT="23">소 계</TD>
<TD ALIGN="CENTER" VALIGN="MIDDLE" WIDTH="54" HEIGHT="23">3,000</TD>
<TD ALIGN="CENTER" VALIGN="MIDDLE" WIDTH="39" HEIGHT="23">-</TD>
<TD ALIGN="CENTER" VALIGN="MIDDLE" WIDTH="69" HEIGHT="23">-</TD>
</TR>

<TR ACOPY="Y" ADELETE="Y" HEIGHT="30">
<TD COLSPAN="6" ALIGN="CENTER" VALIGN="MIDDLE" WIDTH="609" HEIGHT="23">총 계</TD>
<TD COLSPAN="3" ALIGN="CENTER" VALIGN="MIDDLE" WIDTH="180" HEIGHT="23">8,000</TD>
</TR>

<TR ACOPY="Y" ADELETE="Y" HEIGHT="30">
<TD COLSPAN="6" ALIGN="CENTER" VALIGN="MIDDLE" WIDTH="609" HEIGHT="23">이사회 의결일</TD>
<TD COLSPAN="3" ALIGN="CENTER" VALIGN="MIDDLE" WIDTH="180" HEIGHT="23">2025.12.30.</TD>
</TR>
</TBODY>
</TABLE>
</SECTION-1>
</BODY>
</DOCUMENT>