<html>
 <head> 
  <meta content="gdi" http-equiv="X-UA-TextLayoutMetrics"> 
  <meta content="text/html; charset=euc-kr" http-equiv="Content-Type"> 
  <STYLE>
.xforms * { font-family: 돋움체;}
.xforms_title * { font-size: 13pt; padding : 0 0 10 0;}

.xforms table {
    font-size: 10px;
    padding:0px;
    border-collapse:collapse;
    color: #3D3D3D;
}
.xforms td {
    padding-left:0px;
    padding-top:0px;
    border-collapse:collapse;
    line-height:22px;
    color: #3D3D3D;
    /*text-align:right;*/
    vertical-align:middle;
    border: 1px solid #7f7f7f;
}

.xforms span {
    /*display: inline-block;*/
    padding-left:3px;
    padding-right: 1px;
    line-height:22px;
    padding-top:0px;
    padding-bottom:0px;
    text-align:left;
    vertical-align:middle;
    border: 0px solid #DBDBDB;
}

.xforms.img{
    border : 0px;
}

.xforms a:link {

    color: #194866;
    text-decoration: none;
}
.xforms a:active {

    color: #194866;
    text-decoration: none;
}
.xforms a:visited {
    color: #194866;
    text-decoration: none;
}

.xforms A:hover {
    color:008BE3;
    text-decoration: none;
}

.xforms_input{
    border: 0px solid #DBDBDB;
    padding-left:3px;
    padding-right: 1px;
    height:22px;
    padding-top:0px;
    padding-bottom:0px;
    text-align:left;
}
</STYLE> 
  <title>HD현대에너지솔루션/연결재무제표 기준 영업실적 등에 대한 전망(공정공시)/(2026.01.05)연결재무제표 기준 영업실적 등에 대한 전망(공정공시)</title> 
 </head> 
 <body> 
  <div class="xforms"> 
   <div> 
    <span class="noprint" style="display:none;width:600px;font-size:10pt;"> </span> 
    <div class="xforms_title"> 
     <div> 
      <span style="width:588px;font-weight:bold;text-align:center;">연결재무제표 기준 영업실적 등에 대한 전망(공정공시)</span> 
     </div> 
    </div> 
    <span class="noprint" style="display:none;width:600px;font-size:10pt;"> </span> 
    <table border="1" bordercolordark="white" bordercolorlight="#666666" cellpadding="1" cellspacing="0" id="XFormD2_Form0_RepeatTable0" style="margin:0px 0px 20px 0px;width:600px;font-size:10pt;border:1px solid #7f7f7f;"> 
     <tbody> 
      <tr> 
       <td colspan="8" width="600"> <span style="width:600px;font-size:10pt;">※ 동 정보는 예측정보로서 향후 실제 결과와는 다를 수 있음</span> </td> 
      </tr> 
      <tr> 
       <td colspan="8" width="600"> <span style="width:600px;font-size:10pt;">1. 연결 영업실적 전망 내용</span> </td> 
      </tr> 
      <tr> 
       <td colspan="2" width="173"> <span style="width:173px;font-size:10pt;text-align:center;">구분(단위 : 억원)</span> </td> 
       <td width="54"> <span class="xforms_input" style="width:54px;font-size:10pt;">2026</span> </td> 
       <td width="96"> <span style="width:96px;font-size:10pt;">사업연도</span> </td> 
       <td width="53"> <span class="xforms_input" style="width:53px;font-size:10pt;">2027</span> </td> 
       <td width="86"> <span style="width:86px;font-size:10pt;">사업연도</span> </td> 
       <td width="52"> <span class="xforms_input" style="width:52px;font-size:10pt;">2028</span> </td> 
       <td width="86"> <span style="width:86px;font-size:10pt;">사업연도</span> </td> 
      </tr> 
      <tr> 
       <td rowspan="2" width="95"> <span style="width:95px;font-size:10pt;">대상기간</span> </td> 
       <td width="78"> <span style="width:78px;font-size:10pt;">시작일</span> </td> 
       <td colspan="2" width="150"> <span class="xforms_input" style="width:150px;font-size:10pt;">2026-01-01</span> </td> 
       <td colspan="2" width="139"> <span class="xforms_input" style="width:139px;font-size:10pt;">-</span> </td> 
       <td colspan="2" width="138"> <span class="xforms_input" style="width:138px;font-size:10pt;">-</span> </td> 
      </tr> 
      <tr> 
       <td width="78"> <span style="width:78px;font-size:10pt;">종료일</span> </td> 
       <td colspan="2" width="150"> <span class="xforms_input" style="width:150px;font-size:10pt;">2026-12-31</span> </td> 
       <td colspan="2" width="139"> <span class="xforms_input" style="width:139px;font-size:10pt;">-</span> </td> 
       <td colspan="2" width="138"> <span class="xforms_input" style="width:138px;font-size:10pt;">-</span> </td> 
      </tr> 
      <tr> 
       <td colspan="2" width="173"> <span style="width:173px;font-size:10pt;">매출액</span> </td> 
       <td colspan="2" width="150"> <span class="xforms_input" style="width:150px;font-size:10pt;text-align:right;">6,122</span> </td> 
       <td colspan="2" width="139"> <span class="xforms_input" style="width:139px;font-size:10pt;text-align:right;">-</span> </td> 
       <td colspan="2" width="138"> <span class="xforms_input" style="width:138px;font-size:10pt;text-align:right;">-</span> </td> 
      </tr> 
      <tr> 
       <td colspan="2" width="173"> <span style="width:173px;font-size:10pt;">영업이익</span> </td> 
       <td colspan="2" width="150"> <span class="xforms_input" style="width:150px;font-size:10pt;text-align:right;">-</span> </td> 
       <td colspan="2" width="139"> <span class="xforms_input" style="width:139px;font-size:10pt;text-align:right;">-</span> </td> 
       <td colspan="2" width="138"> <span class="xforms_input" style="width:138px;font-size:10pt;text-align:right;">-</span> </td> 
      </tr> 
      <tr> 
       <td colspan="2" width="173"> <span class="xforms_input" style="width:173px;font-size:10pt;">법인세비용차감전순이익</span> </td> 
       <td colspan="2" width="150"> <span class="xforms_input" style="width:150px;font-size:10pt;text-align:right;">-</span> </td> 
       <td colspan="2" width="139"> <span class="xforms_input" style="width:139px;font-size:10pt;text-align:right;">-</span> </td> 
       <td colspan="2" width="138"> <span class="xforms_input" style="width:138px;font-size:10pt;text-align:right;">-</span> </td> 
      </tr> 
      <tr> 
       <td colspan="2" width="173"> <span style="width:173px;font-size:10pt;">당기순이익</span> </td> 
       <td colspan="2" width="150"> <span class="xforms_input" style="width:150px;font-size:10pt;text-align:right;">-</span> </td> 
       <td colspan="2" width="139"> <span class="xforms_input" style="width:139px;font-size:10pt;text-align:right;">-</span> </td> 
       <td colspan="2" width="138"> <span class="xforms_input" style="width:138px;font-size:10pt;text-align:right;">-</span> </td> 
      </tr> 
      <tr> 
       <td colspan="2" width="173"> <span class="xforms_input" style="width:173px;font-size:10pt;">-</span> </td> 
       <td colspan="2" width="150"> <span class="xforms_input" style="width:150px;font-size:10pt;text-align:right;">-</span> </td> 
       <td colspan="2" width="139"> <span class="xforms_input" style="width:139px;font-size:10pt;text-align:right;">-</span> </td> 
       <td colspan="2" width="138"> <span class="xforms_input" style="width:138px;font-size:10pt;text-align:right;">-</span> </td> 
      </tr> 
      <tr> 
       <td colspan="4" width="323"> <span style="width:323px;font-size:10pt;">2. 전망 또는 예측의 근거</span> </td> 
       <td colspan="4" width="277"> <span class="xforms_input" style="width:277px;font-size:10pt;">2026년도 실적전망은 주요지표 예측치 및 사업환경을 감안한 당사 내부기준에 근거하여 작성되었습니다.</span> </td> 
      </tr> 
      <tr> 
       <td colspan="2" rowspan="5" width="173"> <span style="width:173px;font-size:10pt;">3. 정보제공내역</span> </td> 
       <td colspan="2" width="150"> <span style="width:150px;font-size:10pt;">정보제공자</span> </td> 
       <td colspan="4" width="277"> <span class="xforms_input" style="width:277px;font-size:10pt;">재정팀</span> </td> 
      </tr> 
      <tr> 
       <td colspan="2" width="150"> <span style="width:150px;font-size:10pt;">정보제공대상자</span> </td> 
       <td colspan="4" width="277"> <span class="xforms_input" style="width:277px;font-size:10pt;">투자자 및 언론기관 등</span> </td> 
      </tr> 
      <tr> 
       <td colspan="2" width="150"> <span style="width:150px;font-size:10pt;">정보제공(예정)일자</span> </td> 
       <td colspan="4" width="277"> <span class="xforms_input" style="width:277px;font-size:10pt;">2026년 1월 5일</span> </td> 
      </tr> 
      <tr> 
       <td colspan="2" width="150"> <span style="width:150px;font-size:10pt;">정보제공(예정)시간</span> </td> 
       <td colspan="4" width="277"> <span class="xforms_input" style="width:277px;font-size:10pt;">-</span> </td> 
      </tr> 
      <tr> 
       <td colspan="2" width="150"> <span style="width:150px;font-size:10pt;">행사명(장소)</span> </td> 
       <td colspan="4" width="277"> <span class="xforms_input" style="width:277px;font-size:10pt;">-</span> </td> 
      </tr> 
      <tr> 
       <td colspan="2" rowspan="2" width="173"> <span style="width:173px;font-size:10pt;">4. 연락처</span> </td> 
       <td colspan="2" width="150"> <span style="width:150px;font-size:10pt;">관련부서</span> </td> 
       <td colspan="4" width="277"> <span class="xforms_input" style="width:277px;font-size:10pt;">재정팀</span> </td> 
      </tr> 
      <tr> 
       <td colspan="2" width="150"> <span style="width:150px;font-size:10pt;">전화번호</span> </td> 
       <td colspan="4" width="277"> <span class="xforms_input" style="width:277px;font-size:10pt;">02-479-6726</span> </td> 
      </tr> 
      <tr> 
       <td colspan="8" width="600"> <span style="width:600px;font-size:10pt;">5. 기타 투자판단과 관련한 중요사항</span> </td> 
      </tr> 
      <tr> 
       <td colspan="8" width="600"> <span class="xforms_input" style="width:600px;font-size:10pt;">- 상기 매출액은 한국채택국제회계기준(K-IFRS)에 따라 작성된 연결기준 전망이며, 연결대상회사는 HD HYUNDAI ENERGY SOLUTIONS AMERICA INC. 입니다. <br xmlns:java="http://xml.apache.org/xalan/java"> <br xmlns:java="http://xml.apache.org/xalan/java">- 상기 예측내용은 국내외 영업상황 및 여건에 따라 실제 결과치와 상이할 수 있습니다. <br xmlns:java="http://xml.apache.org/xalan/java"> <br xmlns:java="http://xml.apache.org/xalan/java">- 하기 [최근 영업실적 등에 대한 전망과 실적 차이] 관련, 2025년 매출액 실적은 내부 경영계획에 따른 추정치로서 실제 실적과 차이가 발생할 수 있습니다.</span> </td> 
      </tr> 
      <tr> 
       <td colspan="2" width="173"> <span style="width:173px;font-size:10pt;">※ 관련공시</span> </td> 
       <td colspan="6" width="427"> <span class="xforms_input" style="width:427px;font-size:10pt;">-</span> </td> 
      </tr> 
     </tbody> 
    </table> 
    <div id="LIB_L9071" style="width:608px;font-size:10pt;;padding:0 0 20 0"> 
     <div> 
      <div> 
       <span style="width:600px;font-size:11pt;font-weight:bold;">[최근 영업실적 등에 대한 전망과 실적 차이]</span> 
       <table border="1" bordercolordark="white" bordercolorlight="#666666" cellpadding="1" cellspacing="0" id="XFormD3_Form0_RepeatTable0" style="margin:0px 0px 20px 0px;width:600px;border:1px solid #7f7f7f;"> 
        <tbody> 
         <tr> 
          <td width="142"> <span style="width:142px;font-size:10pt;">대상기간</span> </td> 
          <td width="142"> <span class="xforms_input" style="width:142px;font-size:10pt;">2025-01-01</span> </td> 
          <td width="142"> <span style="width:142px;font-size:10pt;text-align:center;">~</span> </td> 
          <td width="174"> <span class="xforms_input" style="width:174px;font-size:10pt;">2025-12-31</span> </td> 
         </tr> 
         <tr> 
          <td width="142"> <span style="width:142px;font-size:10pt;">구분(단위 : 억원)</span> </td> 
          <td width="142"> <span style="width:142px;font-size:10pt;text-align:center;">전망</span> </td> 
          <td width="142"> <span style="width:142px;font-size:10pt;text-align:center;">실적</span> </td> 
          <td width="174"> <span style="width:174px;font-size:10pt;text-align:center;">오차율</span> </td> 
         </tr> 
         <tr> 
          <td width="142"> <span style="width:142px;font-size:10pt;">매출액</span> </td> 
          <td width="142"> <span class="xforms_input" style="width:142px;font-size:10pt;text-align:right;">5,329</span> </td> 
          <td width="142"> <span class="xforms_input" style="width:142px;font-size:10pt;text-align:right;">4,912</span> </td> 
          <td width="174"> <span class="xforms_input" style="width:174px;font-size:10pt;text-align:right;">-7.8</span> </td> 
         </tr> 
         <tr> 
          <td width="142"> <span style="width:142px;font-size:10pt;">영업이익</span> </td> 
          <td width="142"> <span class="xforms_input" style="width:142px;font-size:10pt;text-align:right;">-</span> </td> 
          <td width="142"> <span class="xforms_input" style="width:142px;font-size:10pt;text-align:right;">-</span> </td> 
          <td width="174"> <span class="xforms_input" style="width:174px;font-size:10pt;text-align:right;">-</span> </td> 
         </tr> 
         <tr> 
          <td width="142"> <span style="width:142px;font-size:10pt;">법인세비용차감전계속사업이익</span> </td> 
          <td width="142"> <span class="xforms_input" style="width:142px;font-size:10pt;text-align:right;">-</span> </td> 
          <td width="142"> <span class="xforms_input" style="width:142px;font-size:10pt;text-align:right;">-</span> </td> 
          <td width="174"> <span class="xforms_input" style="width:174px;font-size:10pt;text-align:right;">-</span> </td> 
         </tr> 
         <tr> 
          <td width="142"> <span style="width:142px;font-size:10pt;">당기순이익</span> </td> 
          <td width="142"> <span class="xforms_input" style="width:142px;font-size:10pt;text-align:right;">-</span> </td> 
          <td width="142"> <span class="xforms_input" style="width:142px;font-size:10pt;text-align:right;">-</span> </td> 
          <td width="174"> <span class="xforms_input" style="width:174px;font-size:10pt;text-align:right;">-</span> </td> 
         </tr> 
         <tr> 
          <td width="142"> <span class="xforms_input" style="width:142px;font-size:10pt;">-</span> </td> 
          <td width="142"> <span class="xforms_input" style="width:142px;font-size:10pt;text-align:right;">-</span> </td> 
          <td width="142"> <span class="xforms_input" style="width:142px;font-size:10pt;text-align:right;">-</span> </td> 
          <td width="174"> <span class="xforms_input" style="width:174px;font-size:10pt;text-align:right;">-</span> </td> 
         </tr> 
        </tbody> 
       </table> 
      </div> 
     </div> 
    </div> 
   </div> 
  </div>  
 </body>
</html>