<html>
 <head> 
  <meta content="gdi" http-equiv="X-UA-TextLayoutMetrics"> 
  <meta content="text/html; charset=euc-kr" http-equiv="Content-Type"> 
  <STYLE>
.xforms * { font-family: 돋움체;}
.xforms_title * { font-size: 13pt; padding : 0 0 10 0;}

.xforms table {
    font-size: 10px;
    padding:0px;
    border-collapse:collapse;
    color: #3D3D3D;
}
.xforms td {
    padding-left:0px;
    padding-top:0px;
    border-collapse:collapse;
    line-height:22px;
    color: #3D3D3D;
    /*text-align:right;*/
    vertical-align:middle;
    border: 1px solid #7f7f7f;
}

.xforms span {
    /*display: inline-block;*/
    padding-left:3px;
    padding-right: 1px;
    line-height:22px;
    padding-top:0px;
    padding-bottom:0px;
    text-align:left;
    vertical-align:middle;
    border: 0px solid #DBDBDB;
}

.xforms.img{
    border : 0px;
}

.xforms a:link {

    color: #194866;
    text-decoration: none;
}
.xforms a:active {

    color: #194866;
    text-decoration: none;
}
.xforms a:visited {
    color: #194866;
    text-decoration: none;
}

.xforms A:hover {
    color:008BE3;
    text-decoration: none;
}

.xforms_input{
    border: 0px solid #DBDBDB;
    padding-left:3px;
    padding-right: 1px;
    height:22px;
    padding-top:0px;
    padding-bottom:0px;
    text-align:left;
}
</STYLE> 
  <title>엠젠솔루션/전환청구권행사/(2026.01.05)전환청구권행사(제21회차)</title> 
 </head> 
 <body> 
  <div class="xforms"> 
   <div> 
    <div id="LIB_LC000" style="width:600px;font-size:10pt;;padding:0 0 20 0"> 
     <div> 
      <div> 
       <span style="width:600px;font-size:10pt;font-weight:bold;text-align:center;">정정신고(보고)</span> 
       <table border="0" bordercolordark="white" bordercolorlight="#666666" cellpadding="1" cellspacing="0" id="XFormD8_Form0_Table1" style="margin:0px 0px 20px 0px;width:600px;font-size:10pt;"> 
        <tbody> 
         <tr> 
          <td width="434"> <span style="width:434px;font-size:10pt;text-align:right;">정정일자</span> </td> 
          <td width="166"> <span class="xforms_input" style="width:166px;font-size:10pt;">2026-01-05</span> </td> 
         </tr> 
        </tbody> 
       </table> 
       <table border="1" bordercolordark="white" bordercolorlight="#666666" cellpadding="1" cellspacing="0" id="XFormD8_Form0_RepeatTable0" style="margin:0px 0px 20px 0px;width:600px;font-size:10pt;border:1px solid #7f7f7f;"> 
        <tbody> 
         <tr> 
          <td width="200"> <span style="width:200px;font-size:10pt;">1. 정정관련 공시서류</span> </td> 
          <td colspan="2" width="400"> <span class="xforms_input" style="width:400px;font-size:10pt;">전환청구권 행사</span> </td> 
         </tr> 
         <tr> 
          <td width="200"> <span style="width:200px;font-size:10pt;">2. 정정관련 공시서류제출일</span> </td> 
          <td colspan="2" width="400"> <span class="xforms_input" style="width:400px;font-size:10pt;">2026-01-05</span> </td> 
         </tr> 
         <tr> 
          <td width="200"> <span style="width:200px;font-size:10pt;">3. 정정사유</span> </td> 
          <td colspan="2" width="400"> <span class="xforms_input" style="width:400px;font-size:10pt;">추가상장예정일 변경에 따른 본문 정정</span> </td> 
         </tr> 
         <tr> 
          <td colspan="3" width="600"> <span style="width:600px;font-size:10pt;">4. 정정사항</span> </td> 
         </tr> 
         <tr> 
          <td width="200"> <span style="width:200px;font-size:10pt;text-align:center;">정정항목</span> </td> 
          <td width="200"> <span style="width:200px;font-size:10pt;text-align:center;">정정전</span> </td> 
          <td width="200"> <span style="width:200px;font-size:10pt;text-align:center;">정정후</span> </td> 
         </tr> 
         <tr> 
          <td width="200"> <span class="xforms_input" style="width:200px;font-size:10pt;">상장일 또는 예정일</span> </td> 
          <td width="200"> <span class="xforms_input" style="width:200px;font-size:10pt;">2026-01-12</span> </td> 
          <td width="200"> <span class="xforms_input" style="width:200px;font-size:10pt;">2026-01-15</span> </td> 
         </tr> 
        </tbody> 
       </table> 
       <table border="1" bordercolordark="white" bordercolorlight="#666666" cellpadding="1" cellspacing="0" id="XFormD8_Form0_Table0" style="margin:0px 0px 20px 0px;width:599px;font-size:10pt;border:1px solid #7f7f7f;"> 
        <tbody> 
         <tr> 
          <td width="599"> <span class="xforms_input" style="width:599px;font-size:10pt;">-</span> </td> 
         </tr> 
        </tbody> 
       </table> 
      </div> 
     </div> 
    </div> 
    <div class="xforms_title"> 
     <div> 
      <span style="width:598px;font-weight:bold;text-align:center;">전환청구권 행사</span> 
     </div> 
    </div> 
    <span class="noprint" style="display:none;width:600px;font-size:10pt;"> </span> 
    <table border="1" bordercolordark="white" bordercolorlight="#666666" cellpadding="1" cellspacing="0" id="XFormD27_Form0_Table0" style="margin:0px 0px 20px 0px;width:597px;font-size:10pt;border:1px solid #7f7f7f;"> 
     <tbody> 
      <tr> 
       <td width="246"> <span style="width:246px;font-size:10pt;">1. 전환청구권 행사주식수 누계 (주) (기 신고된 주식수량 제외)</span> </td> 
       <td colspan="2" width="351"> <span class="xforms_input" style="width:351px;font-size:10pt;text-align:right;">530,222</span> </td> 
      </tr> 
      <tr> 
       <td width="246"> <span style="width:246px;font-size:10pt;">-발행주식총수(주)</span> </td> 
       <td colspan="2" width="351"> <span class="xforms_input" style="width:351px;font-size:10pt;text-align:right;">49,860,058</span> </td> 
      </tr> 
      <tr> 
       <td width="246"> <span style="width:246px;font-size:10pt;">-발행주식총수 대비(%)</span> </td> 
       <td colspan="2" width="351"> <span class="xforms_input" style="width:351px;font-size:10pt;text-align:right;">1.06</span> </td> 
      </tr> 
      <tr> 
       <td width="246"> <span style="width:246px;font-size:10pt;">2. 공정거래위원회 신고대상 여부</span> </td> 
       <td colspan="2" width="351"> <span class="xforms_input" style="width:351px;font-size:10pt;">미해당</span> </td> 
      </tr> 
      <tr> 
       <td rowspan="2" width="246"> <span style="width:246px;font-size:10pt;">3. 기타 투자판단에 참고할 사항</span> </td> 
       <td colspan="2" width="351"> <span class="xforms_input" style="width:351px;font-size:10pt;">1) 상기 발행주식총수는 2025년 12월 26일 등기부등본 기준 발행주식총수 입니다. <br xmlns:java="http://xml.apache.org/xalan/java"> <br xmlns:java="http://xml.apache.org/xalan/java">2) 하기 일별 전환청구 내역의 '상장일 또는 예정일'은 유관기관의 일정에 따라 변경될 수 있습니다.</span> </td> 
      </tr> 
      <tr> 
       <td width="77"> <span style="width:77px;font-size:10pt;">※관련공시</span> </td> 
       <td width="274"> <span style="width:274px;font-size:10pt;"> <a href="http://kind.krx.co.kr/common/disclsviewer.do?method=search&amp;acptno=20240308001251&amp;rcpno=20240308000878&amp;orgid=F&amp;tran=Y&amp;langTpCd=0" target="_blank" xmlns="http://www.w3.org/1999/xhtml" xmlns:xf="http://www.w3.org/2002/xforms" xmlns:xh="http://www.w3.org/1999/xhtml" xmlns:xsd="http://www.w3.org/2001/XMLSchema">2024-03-08 전환사채권발행결정(제21회차)</a> <br xmlns:java="http://xml.apache.org/xalan/java"> <a href="http://kind.krx.co.kr/common/disclsviewer.do?method=search&amp;acptno=20240312000241&amp;rcpno=20240312000241&amp;orgid=K&amp;tran=Y&amp;langTpCd=0" target="_blank" xmlns="http://www.w3.org/1999/xhtml" xmlns:xf="http://www.w3.org/2002/xforms" xmlns:xh="http://www.w3.org/1999/xhtml" xmlns:xsd="http://www.w3.org/2001/XMLSchema">2024-03-12 증권 발행결과(자율공시)(제21회차 CB)</a> <br xmlns:java="http://xml.apache.org/xalan/java"> <a href="http://kind.krx.co.kr/common/disclsviewer.do?method=search&amp;acptno=20250312000137&amp;rcpno=20250312000137&amp;orgid=K&amp;tran=Y&amp;langTpCd=0" target="_blank" xmlns="http://www.w3.org/1999/xhtml" xmlns:xf="http://www.w3.org/2002/xforms" xmlns:xh="http://www.w3.org/1999/xhtml" xmlns:xsd="http://www.w3.org/2001/XMLSchema">2025-03-12 전환가액의조정(제21회차)</a> <br xmlns:java="http://xml.apache.org/xalan/java"> <a href="http://kind.krx.co.kr/common/disclsviewer.do?method=search&amp;acptno=20250313001844&amp;rcpno=20250313001844&amp;orgid=K&amp;tran=Y&amp;langTpCd=0" target="_blank" xmlns="http://www.w3.org/1999/xhtml" xmlns:xf="http://www.w3.org/2002/xforms" xmlns:xh="http://www.w3.org/1999/xhtml" xmlns:xsd="http://www.w3.org/2001/XMLSchema">2025-03-13 전환사채(해외전환사채포함)발행후만기전사채취득(제21회차)</a> <br xmlns:java="http://xml.apache.org/xalan/java"> <a href="http://kind.krx.co.kr/common/disclsviewer.do?method=search&amp;acptno=20250321001320&amp;rcpno=20250321001320&amp;orgid=K&amp;tran=Y&amp;langTpCd=0" target="_blank" xmlns="http://www.w3.org/1999/xhtml" xmlns:xf="http://www.w3.org/2002/xforms" xmlns:xh="http://www.w3.org/1999/xhtml" xmlns:xsd="http://www.w3.org/2001/XMLSchema">2025-03-21 전환청구권행사(제21회차)</a> <br xmlns:java="http://xml.apache.org/xalan/java"> <a href="http://kind.krx.co.kr/common/disclsviewer.do?method=search&amp;acptno=20250325000101&amp;rcpno=20250325000101&amp;orgid=K&amp;tran=Y&amp;langTpCd=0" target="_blank" xmlns="http://www.w3.org/1999/xhtml" xmlns:xf="http://www.w3.org/2002/xforms" xmlns:xh="http://www.w3.org/1999/xhtml" xmlns:xsd="http://www.w3.org/2001/XMLSchema">2025-03-25 전환청구권행사(제21회차)</a> <br xmlns:java="http://xml.apache.org/xalan/java"> <a href="http://kind.krx.co.kr/common/disclsviewer.do?method=search&amp;acptno=20250916000042&amp;rcpno=20250916000042&amp;orgid=K&amp;tran=Y&amp;langTpCd=0" target="_blank" xmlns="http://www.w3.org/1999/xhtml" xmlns:xf="http://www.w3.org/2002/xforms" xmlns:xh="http://www.w3.org/1999/xhtml" xmlns:xsd="http://www.w3.org/2001/XMLSchema">2025-09-16 전환가액의조정(제21회차)</a> <br xmlns:java="http://xml.apache.org/xalan/java"> <a href="http://kind.krx.co.kr/common/disclsviewer.do?method=search&amp;acptno=20251120000195&amp;rcpno=20251120000195&amp;orgid=K&amp;tran=Y&amp;langTpCd=0" target="_blank" xmlns="http://www.w3.org/1999/xhtml" xmlns:xf="http://www.w3.org/2002/xforms" xmlns:xh="http://www.w3.org/1999/xhtml" xmlns:xsd="http://www.w3.org/2001/XMLSchema">2025-11-20 전환청구권행사(제21회차)</a> <br xmlns:java="http://xml.apache.org/xalan/java"> <a href="http://kind.krx.co.kr/common/disclsviewer.do?method=search&amp;acptno=20251219000248&amp;rcpno=20251219000197&amp;orgid=F&amp;tran=Y&amp;langTpCd=0" target="_blank" xmlns="http://www.w3.org/1999/xhtml" xmlns:xf="http://www.w3.org/2002/xforms" xmlns:xh="http://www.w3.org/1999/xhtml" xmlns:xsd="http://www.w3.org/2001/XMLSchema">2025-12-19 자기 전환사채 매도 결정(제21회차)</a> <br xmlns:java="http://xml.apache.org/xalan/java"> </span> </td> 
      </tr> 
     </tbody> 
    </table> 
    <span style="width:606px;font-size:11pt;font-weight:bold;">일별 전환청구내역</span> 
    <table border="1" bordercolordark="white" bordercolorlight="#666666" cellpadding="1" cellspacing="0" id="XFormD27_Form0_RepeatTable0" style="margin:0px 0px 20px 0px;width:605px;font-size:10pt;border:1px solid #7f7f7f;"> 
     <tbody> 
      <tr> 
       <td rowspan="2" width="99"> <span style="width:99px;font-size:10pt;text-align:center;">청구일자</span> </td> 
       <td colspan="2" width="143"> <span style="width:143px;font-size:10pt;text-align:center;">사채의 명칭</span> </td> 
       <td rowspan="2" width="93"> <span style="width:93px;font-size:10pt;text-align:center;">청구금액</span> </td> 
       <td rowspan="2" width="103"> <span style="width:103px;font-size:10pt;text-align:center;">전환가액</span> </td> 
       <td rowspan="2" width="73"> <span style="width:73px;font-size:10pt;text-align:center;">발행한 주식수</span> </td> 
       <td rowspan="2" width="94"> <span style="width:94px;font-size:10pt;text-align:center;">상장일 또는 예정일</span> </td> 
      </tr> 
      <tr> 
       <td width="44"> <span style="width:44px;font-size:10pt;text-align:center;">회차</span> </td> 
       <td width="99"> <span style="width:99px;font-size:10pt;text-align:center;">종류</span> </td> 
      </tr> 
      <tr> 
       <td width="99"> <span class="xforms_input" style="width:99px;font-size:10pt;">2025-12-26</span> </td> 
       <td width="44"> <span class="xforms_input" style="width:44px;font-size:10pt;text-align:center;">21</span> </td> 
       <td width="99"> <span class="xforms_input" style="width:99px;font-size:10pt;">무기명식 이권부 무보증 사모 전환사채</span> </td> 
       <td width="93"> <span class="xforms_input" style="width:93px;font-size:10pt;text-align:right;">500,000,000원</span> </td> 
       <td width="103"> <span class="xforms_input" style="width:103px;font-size:10pt;text-align:right;">943</span> </td> 
       <td width="73"> <span class="xforms_input" style="width:73px;font-size:10pt;text-align:right;">530,222</span> </td> 
       <td width="94"> <span class="xforms_input" style="width:94px;font-size:10pt;">2026-01-15</span> </td> 
      </tr> 
     </tbody> 
    </table> 
    <span style="width:611px;font-size:11pt;font-weight:bold;">전환사채 잔액</span> 
    <table border="1" bordercolordark="white" bordercolorlight="#666666" cellpadding="1" cellspacing="0" id="XFormD27_Form0_RepeatTable1" style="margin:0px 0px 20px 0px;width:602px;border:1px solid #7f7f7f;"> 
     <tbody> 
      <tr> 
       <td width="61"> <span style="width:61px;font-size:10pt;text-align:center;">회차</span> </td> 
       <td colspan="2" width="171"> <span style="width:171px;font-size:10pt;text-align:center;">발행당시 사채의 권면(전자등록)총액(통화단위)</span> </td> 
       <td colspan="2" width="166"> <span style="width:166px;font-size:10pt;text-align:center;">신고일 현재 미전환사채 잔액 (통화단위)</span> </td> 
       <td width="104"> <span style="width:104px;font-size:10pt;text-align:center;">전환가액(원)</span> </td> 
       <td width="100"> <span style="width:100px;font-size:10pt;text-align:center;">전환가능 주식수</span> </td> 
      </tr> 
      <tr> 
       <td width="61"> <span class="xforms_input" style="width:61px;font-size:10pt;text-align:center;">21</span> </td> 
       <td width="81"> <span class="xforms_input" style="width:81px;font-size:10pt;text-align:right;">3,000,000,000</span> </td> 
       <td width="90"> <span class="xforms_input" style="width:90px;font-size:10pt;">KRW : South-Korean Won</span> </td> 
       <td width="86"> <span class="xforms_input" style="width:86px;font-size:10pt;text-align:right;">0</span> </td> 
       <td width="80"> <span class="xforms_input" style="width:80px;font-size:10pt;">KRW : South-Korean Won</span> </td> 
       <td width="104"> <span class="xforms_input" style="width:104px;font-size:10pt;text-align:right;">943</span> </td> 
       <td width="100"> <span class="xforms_input" style="width:100px;font-size:10pt;text-align:right;">0</span> </td> 
      </tr> 
     </tbody> 
    </table> 
   </div> 
  </div>  
 </body>
</html>