<html>
 <head> 
  <meta content="gdi" http-equiv="X-UA-TextLayoutMetrics"> 
  <meta content="text/html; charset=euc-kr" http-equiv="Content-Type"> 
  <STYLE>
.xforms * { font-family: 돋움체;}
.xforms_title * { font-size: 13pt; padding : 0 0 10 0;}

.xforms table {
    font-size: 10px;
    padding:0px;
    border-collapse:collapse;
    color: #3D3D3D;
}
.xforms td {
    padding-left:0px;
    padding-top:0px;
    border-collapse:collapse;
    line-height:22px;
    color: #3D3D3D;
    /*text-align:right;*/
    vertical-align:middle;
    border: 1px solid #7f7f7f;
}

.xforms span {
    /*display: inline-block;*/
    padding-left:3px;
    padding-right: 1px;
    line-height:22px;
    padding-top:0px;
    padding-bottom:0px;
    text-align:left;
    vertical-align:middle;
    border: 0px solid #DBDBDB;
}

.xforms.img{
    border : 0px;
}

.xforms a:link {

    color: #194866;
    text-decoration: none;
}
.xforms a:active {

    color: #194866;
    text-decoration: none;
}
.xforms a:visited {
    color: #194866;
    text-decoration: none;
}

.xforms A:hover {
    color:008BE3;
    text-decoration: none;
}

.xforms_input{
    border: 0px solid #DBDBDB;
    padding-left:3px;
    padding-right: 1px;
    height:22px;
    padding-top:0px;
    padding-bottom:0px;
    text-align:left;
}
</STYLE> 
  <title>한국유니온제약/투자판단 관련 주요경영사항/(2026.01.05)투자판단 관련 주요경영사항(회생회사 한국유니온제약(주) 인수 M&A 최종 인수자 선정)</title> 
 </head> 
 <body> 
  <div class="xforms"> 
   <div> 
    <span class="noprint" style="display:none;width:600px;font-size:10pt;"> </span> 
    <div class="xforms_title"> 
     <div> 
      <span style="width:596px;font-weight:bold;text-align:center;">투자판단 관련 주요경영사항</span> 
     </div> 
    </div> 
    <span class="noprint" style="display:none;width:600px;font-size:10pt;"> </span> 
    <table border="1" bordercolordark="white" bordercolorlight="#666666" cellpadding="1" cellspacing="0" id="XFormD2_Form0_Table0" style="margin:0px 0px 20px 0px;width:596px;font-size:10pt;border:1px solid #7f7f7f;"> 
     <tbody> 
      <tr> 
       <td colspan="2" width="215"> <span style="width:215px;font-size:10pt;">1. 제목</span> </td> 
       <td width="381"> <span class="xforms_input" style="width:381px;font-size:10pt;">회생회사 한국유니온제약(주) 인수 M&amp;A 최종 인수자 선정</span> </td> 
      </tr> 
      <tr> 
       <td colspan="2" width="215"> <span style="width:215px;font-size:10pt;">2. 주요내용</span> </td> 
       <td width="381"> <span class="xforms_input" style="width:381px;font-size:10pt;">1) 당사는 2025년 9월 9일 회생절차개시를 신청하여 2025년 9월 9일 보전처분을 받았으며, 2025년 9월 16일 회생절차개시 결정을 받았습니다. <br xmlns:java="http://xml.apache.org/xalan/java"> <br xmlns:java="http://xml.apache.org/xalan/java">2) 당사는 2025년 12월 17일 서울회생법원으로부터 부광약품 주식회사를 인수예정자로 하는 '조건부 투자계약 체결 허가'를 받아 조건부 투자계약을 체결하였습니다. <br xmlns:java="http://xml.apache.org/xalan/java"> <br xmlns:java="http://xml.apache.org/xalan/java">3) 당사는 M&amp;A 관련 인수 입찰서 접수마감(2025년 12월 30일)에 따라 조건부 투자계약자인 부광약품 주식회사를 최종 인수예정자로 선정하여 2025년 12월 31일 서울회생법원으로부터 허가를 받았습니다. <br xmlns:java="http://xml.apache.org/xalan/java"> <br xmlns:java="http://xml.apache.org/xalan/java">4) 부광약품 주식회사가 최종 인수예정자로 선정되었음으로 조건부 투자계약(2025년 12월 17일) 제3조에 의거 다음과 같이 투자계약의 내용을 확정하였습니다. <br xmlns:java="http://xml.apache.org/xalan/java"> <br xmlns:java="http://xml.apache.org/xalan/java">5) 주요계약내용 <br xmlns:java="http://xml.apache.org/xalan/java">
         <!--?javax.xml.transform.disable-output-escaping?--> 
         <!--?javax.xml.transform.enable-output-escaping?-->가. 인수대금 및 조건: 금 삼백억원(30,000,000,000원)/100% 유상증자 <br xmlns:java="http://xml.apache.org/xalan/java">
         <!--?javax.xml.transform.disable-output-escaping?--> 
         <!--?javax.xml.transform.enable-output-escaping?--> <br xmlns:java="http://xml.apache.org/xalan/java">
         <!--?javax.xml.transform.disable-output-escaping?--> 
         <!--?javax.xml.transform.enable-output-escaping?-->나. 계약금: 금 삼십억원(3,000,000,000원) (인수대금의 10%, 납입완료) <br xmlns:java="http://xml.apache.org/xalan/java"> <br xmlns:java="http://xml.apache.org/xalan/java">6) 향후 일정 <br xmlns:java="http://xml.apache.org/xalan/java">
         <!--?javax.xml.transform.disable-output-escaping?--> 
         <!--?javax.xml.transform.enable-output-escaping?-->가. 회생계획안 법원제출: 2026년 01월 15일 <br xmlns:java="http://xml.apache.org/xalan/java"> <br xmlns:java="http://xml.apache.org/xalan/java">
         <!--?javax.xml.transform.disable-output-escaping?--> 
         <!--?javax.xml.transform.enable-output-escaping?-->나. 인수대금 전액 예치(관계인집회 5일전): 2026년 01월말~2026년 2월 초 <br xmlns:java="http://xml.apache.org/xalan/java"> <br xmlns:java="http://xml.apache.org/xalan/java">
         <!--?javax.xml.transform.disable-output-escaping?--> 
         <!--?javax.xml.transform.enable-output-escaping?-->다. 회생계획안 심리.결의를 위한 관계인집회: 서울회생법원에서 추후 결정 <br xmlns:java="http://xml.apache.org/xalan/java"> <br xmlns:java="http://xml.apache.org/xalan/java">*상기 일정은 추진 과정에서 일부 변경될 수 있음.</span> </td> 
      </tr> 
      <tr> 
       <td colspan="2" width="215"> <span style="width:215px;font-size:10pt;">3. 사실발생(확인)일</span> </td> 
       <td width="381"> <span class="xforms_input" style="width:381px;font-size:10pt;">2026-01-05</span> </td> 
      </tr> 
      <tr> 
       <td colspan="2" width="215"> <span style="width:215px;font-size:10pt;">4. 결정일</span> </td> 
       <td width="381"> <span class="xforms_input" style="width:381px;font-size:10pt;">2025-12-31</span> </td> 
      </tr> 
      <tr> 
       <td rowspan="2" width="121"> <span style="width:121px;font-size:10pt;">- 사외이사 참석여부</span> </td> 
       <td width="94"> <span style="width:94px;font-size:10pt;text-align:center;">참석(명)</span> </td> 
       <td width="381"> <span class="xforms_input" style="width:381px;font-size:10pt;text-align:right;">-</span> </td> 
      </tr> 
      <tr> 
       <td width="94"> <span style="width:94px;font-size:10pt;text-align:center;">불참(명)</span> </td> 
       <td width="381"> <span class="xforms_input" style="width:381px;font-size:10pt;text-align:right;">-</span> </td> 
      </tr> 
      <tr> 
       <td colspan="2" width="215"> <span style="width:215px;font-size:10pt;">- 감사(사외이사가 아닌 감사위원) 참석여부</span> </td> 
       <td width="381"> <span class="xforms_input" style="width:381px;font-size:10pt;">-</span> </td> 
      </tr> 
      <tr> 
       <td colspan="3" width="596"> <span style="width:596px;font-size:10pt;">5. 기타 투자판단과 관련한 중요사항</span> </td> 
      </tr> 
      <tr> 
       <td colspan="3" width="596"> <span class="xforms_input" style="width:596px;font-size:10pt;">-당사 회생절차 진행 관련 구체적인 주요사항 확정될 시 공시 예정입니다. <br xmlns:java="http://xml.apache.org/xalan/java">-상기 '4. 결정일'은 법원허가일이고, '3. 사실발생(확인)일'은 최종 인수자 선정 통지서 공문 발송일입니다.</span> </td> 
      </tr> 
      <tr> 
       <td width="121"> <span style="width:121px;font-size:10pt;">※ 관련공시</span> </td> 
       <td colspan="2" width="475"> <span style="width:475px;font-size:10pt;"> <a href="http://kind.krx.co.kr/common/disclsviewer.do?method=search&amp;acptno=20251219000105&amp;rcpno=20251219000105&amp;orgid=K&amp;tran=Y&amp;langTpCd=0" target="_blank" xmlns="http://www.w3.org/1999/xhtml" xmlns:xf="http://www.w3.org/2002/xforms" xmlns:xh="http://www.w3.org/1999/xhtml" xmlns:xsd="http://www.w3.org/2001/XMLSchema">2025-12-19 기타 경영사항(자율공시)(회생회사 한국유니온제약 주식회사 M&amp;A 공고)</a> <br xmlns:java="http://xml.apache.org/xalan/java"> <a href="http://kind.krx.co.kr/common/disclsviewer.do?method=search&amp;acptno=20251217000506&amp;rcpno=20251217000506&amp;orgid=K&amp;tran=Y&amp;langTpCd=0" target="_blank" xmlns="http://www.w3.org/1999/xhtml" xmlns:xf="http://www.w3.org/2002/xforms" xmlns:xh="http://www.w3.org/1999/xhtml" xmlns:xsd="http://www.w3.org/2001/XMLSchema">2025-12-17 기타 경영사항(자율공시)(M&amp;A 조건부 투자계약 체결)</a> <br xmlns:java="http://xml.apache.org/xalan/java"> <a href="http://kind.krx.co.kr/common/disclsviewer.do?method=search&amp;acptno=20251215000411&amp;rcpno=20251215000411&amp;orgid=K&amp;tran=Y&amp;langTpCd=0" target="_blank" xmlns="http://www.w3.org/1999/xhtml" xmlns:xf="http://www.w3.org/2002/xforms" xmlns:xh="http://www.w3.org/1999/xhtml" xmlns:xsd="http://www.w3.org/2001/XMLSchema">2025-12-15 회생절차개시결정</a> <br xmlns:java="http://xml.apache.org/xalan/java"> <a href="http://kind.krx.co.kr/common/disclsviewer.do?method=search&amp;acptno=20250916000179&amp;rcpno=20250916000179&amp;orgid=K&amp;tran=Y&amp;langTpCd=0" target="_blank" xmlns="http://www.w3.org/1999/xhtml" xmlns:xf="http://www.w3.org/2002/xforms" xmlns:xh="http://www.w3.org/1999/xhtml" xmlns:xsd="http://www.w3.org/2001/XMLSchema">2025-09-16 회생절차개시결정</a> <br xmlns:java="http://xml.apache.org/xalan/java"> </span> </td> 
      </tr> 
     </tbody> 
    </table> 
    <span class="noprint" style="display:none;width:600px;font-size:10pt;"> </span> 
    <span class="noprint" style="display:none;width:600px;font-size:10pt;"> </span> 
   </div> 
  </div>  
 </body>
</html>