<?xml version="1.0" encoding="utf-8"?>


<DOCUMENT xmlns:xsi="http://www.w3.org/2001/XMLSchema-instance" xsi:noNamespaceSchemaLocation="dart4.xsd">

<DOCUMENT-NAME ACODE="10800">증권발행실적보고서</DOCUMENT-NAME>
<FORMULA-VERSION SUBVER="1" ADATE="20230828">6.0</FORMULA-VERSION>
<COMPANY-NAME AREGCIK="00113359">교보증권</COMPANY-NAME>


<BODY ATOCID="10">

<COVER>
<COVER-TITLE ATOC="Y" AASSOCNOTE="COVER" ATOCID="1" ENG="Post-Issuance Report">증권발행실적보고서</COVER-TITLE>

<TABLE ACLASS="NORMAL" AFIXTABLE="N" WIDTH="600" BORDER="0">

<COLGROUP WIDTH="600">
<COL WIDTH="161"></COL>
<COL WIDTH="439"></COL>
</COLGROUP>

<TBODY>

<TR ACOPY="Y" ADELETE="Y" HEIGHT="53">
<TD CLASS="NORMAL" COLSPAN="2" WIDTH="591" HEIGHT="46"></TD>
</TR>

<TR ACOPY="Y" ADELETE="Y" HEIGHT="30">
<TD CLASS="NORMAL" WIDTH="152" HEIGHT="23">금융감독원장 귀하</TD>
<TD CLASS="NORMAL" ALIGN="RIGHT" WIDTH="430" HEIGHT="23">2026년 01월 05일</TD>
</TR>

<TR ACOPY="Y" ADELETE="Y" HEIGHT="53">
<TD CLASS="NORMAL" WIDTH="152" HEIGHT="46"></TD>
<TD CLASS="NORMAL" WIDTH="430" HEIGHT="46"></TD>
</TR>

<TR ACOPY="Y" ADELETE="Y" HEIGHT="53">
<TD CLASS="NORMAL" WIDTH="152" HEIGHT="46">회       사       명 :</TD>
<TD CLASS="NORMAL" WIDTH="430" HEIGHT="46">교보증권 주식회사</TD>
</TR>

<TR ACOPY="Y" ADELETE="Y" HEIGHT="53">
<TD CLASS="NORMAL" WIDTH="152" HEIGHT="46">대   표     이   사 :</TD>
<TD CLASS="NORMAL" WIDTH="430" HEIGHT="46">이석기</TD>
</TR>

<TR ACOPY="Y" ADELETE="Y" HEIGHT="30">
<TD CLASS="NORMAL" WIDTH="152" HEIGHT="23">본  점  소  재  지 :</TD>
<TD CLASS="NORMAL" WIDTH="430" HEIGHT="23">서울시 영등포구 의사당대로 97(여의도동 26-4)</TD>
</TR>

<TR ACOPY="Y" ADELETE="Y" HEIGHT="30">
<TD CLASS="NORMAL" WIDTH="152" HEIGHT="23"></TD>
<TD CLASS="NORMAL" WIDTH="430" HEIGHT="23">(전  화) 02-3771-9000</TD>
</TR>

<TR ACOPY="Y" ADELETE="Y" HEIGHT="30">
<TD CLASS="NORMAL" WIDTH="152" HEIGHT="23"></TD>
<TD CLASS="NORMAL" WIDTH="430" HEIGHT="23">(홈페이지)http://www.iprovest.com</TD>
</TR>

<TR ACOPY="Y" ADELETE="Y" HEIGHT="30">
<TD CLASS="NORMAL" WIDTH="152" HEIGHT="23"></TD>
<TD CLASS="NORMAL" WIDTH="430" HEIGHT="23"></TD>
</TR>

<TR ACOPY="Y" ADELETE="Y" HEIGHT="30">
<TD CLASS="NORMAL" WIDTH="152" HEIGHT="23">작  성  책  임  자 :</TD>
<TD CLASS="NORMAL" WIDTH="430" HEIGHT="23">(직  책)Equity솔루션부 부서장       (성  명)안인수</TD>
</TR>

<TR ACOPY="Y" ADELETE="Y" HEIGHT="30">
<TD CLASS="NORMAL" WIDTH="152" HEIGHT="23"></TD>
<TD CLASS="NORMAL" WIDTH="430" HEIGHT="23">(전  화)02-3771-9715</TD>
</TR>

<TR ACOPY="Y" ADELETE="Y" HEIGHT="53">
<TD CLASS="NORMAL" WIDTH="152" HEIGHT="46"></TD>
<TD CLASS="NORMAL" WIDTH="430" HEIGHT="46"></TD>
</TR>
</TBODY>
</TABLE>
</COVER>

<SECTION-1 ACLASS="MANDATORY" APARTSOURCE="SOURCE">

<LIBRARY>
<SECTION-2 ACLASS="MANDATORY">
<TITLE ATOC="Y" AASSOCNOTE="L-0-0-1-0" ATOCID="2" ENG="Ⅰ. Subscription and Allotment">Ⅰ. 청약 및 배정에 관한 사항</TITLE>

<SECTION-3 ACLASS="MANDATORY">
<TITLE ATOC="Y" ATOCID="3" ENG="1. Subscription and payment schedule">1. 청약 및 납입일정</TITLE>

<TABLE-GROUP ACLASS="SB_DT_DV" ADELETETABLE="N">

<TABLE ACLASS="EXTRACTION" AFIXTABLE="N" WIDTH="600" BORDER="1">

<COLGROUP WIDTH="600">
<COL WIDTH="150"></COL>
<COL WIDTH="150"></COL>
<COL WIDTH="150"></COL>
<COL WIDTH="150"></COL>
</COLGROUP>

<THEAD>

<TR ACOPY="N" ADELETE="N" HEIGHT="30">
<TH VALIGN="MIDDLE" WIDTH="141" HEIGHT="23" ACOPYCOL="N" ADELETECOL="N" AMOVECOL="N" AUPDATECONT="N" ENG="Type of securities">증권의 종류</TH>
<TH VALIGN="MIDDLE" WIDTH="141" HEIGHT="23" ACOPYCOL="N" ADELETECOL="N" AMOVECOL="N" AUPDATECONT="N" ENG="Subscription start date">청약 개시일</TH>
<TH VALIGN="MIDDLE" WIDTH="141" HEIGHT="23" ACOPYCOL="N" ADELETECOL="N" AMOVECOL="N" AUPDATECONT="N" ENG="Subscription closing date">청약 종료일</TH>
<TH VALIGN="MIDDLE" WIDTH="141" HEIGHT="23" ACOPYCOL="N" ADELETECOL="N" AMOVECOL="N" AUPDATECONT="N" ENG="Payment date">납입일</TH>
</TR>
</THEAD>

<TBODY>

<TR ACOPY="Y" ADELETE="N" HEIGHT="53">
<TU ALIGN="CENTER" VALIGN="MIDDLE" WIDTH="141" HEIGHT="46" AUNIT="STK_KND" AUNITVALUE="4" ENG="Equity-linked bonds">주가연계파생결합사채</TU>
<TU ALIGN="CENTER" VALIGN="MIDDLE" WIDTH="141" HEIGHT="46" AUNIT="SB_STR_DT" AUNITVALUE="20260105">2026년 01월 05일</TU>
<TU ALIGN="CENTER" VALIGN="MIDDLE" WIDTH="141" HEIGHT="46" AUNIT="SB_END_DT" AUNITVALUE="20260105">2026년 01월 05일</TU>
<TU ALIGN="CENTER" VALIGN="MIDDLE" WIDTH="141" HEIGHT="46" AUNIT="PYM_DT" AUNITVALUE="20260105">2026년 01월 05일</TU>
</TR>
</TBODY>
</TABLE>
</TABLE-GROUP>
<P></P>
<P></P>
</SECTION-3>

<SECTION-3 ACLASS="MANDATORY">
<TITLE ATOC="Y" ATOCID="4" ENG="2. Underwriting amount by underwriting institution">2. 인수기관별 인수금액</TITLE>

<TABLE-GROUP ACLASS="ACC_AMT_DV" ADELETETABLE="N">

<TABLE ACLASS="EXTRACTION" AFIXTABLE="Y" WIDTH="600" BORDER="0">

<COLGROUP WIDTH="600">
<COL WIDTH="300"></COL>
<COL WIDTH="300"></COL>
</COLGROUP>

<TBODY>

<TR ACOPY="N" ADELETE="N" HEIGHT="30">
<TD VALIGN="BOTTOM" WIDTH="291" HEIGHT="23"></TD>
<TU ALIGN="RIGHT" VALIGN="BOTTOM" WIDTH="291" HEIGHT="23" AUNIT="WON" AUNITVALUE="1" ENG="(Unit: KRW)">(단위 : 원)</TU>
</TR>
</TBODY>
</TABLE>

<TABLE ACLASS="EXTRACTION" AFIXTABLE="N" WIDTH="600" BORDER="1">

<COLGROUP WIDTH="600">
<COL WIDTH="148"></COL>
<COL WIDTH="147"></COL>
<COL WIDTH="191"></COL>
<COL WIDTH="114"></COL>
</COLGROUP>

<THEAD>

<TR ACOPY="N" ADELETE="N" HEIGHT="30">
<TH VALIGN="MIDDLE" WIDTH="139" HEIGHT="23" ACOPYCOL="N" ADELETECOL="N" AMOVECOL="N" AUPDATECONT="N" ENG="Underwriting institution">인수기관</TH>
<TH VALIGN="MIDDLE" WIDTH="138" HEIGHT="23" ACOPYCOL="N" ADELETECOL="N" AMOVECOL="N" AUPDATECONT="N" ENG="Ordinal">회 차</TH>
<TH VALIGN="MIDDLE" WIDTH="182" HEIGHT="23" ACOPYCOL="N" ADELETECOL="N" AMOVECOL="N" AUPDATECONT="N" ENG="Underwriting amount">인수금액</TH>
<TH VALIGN="MIDDLE" WIDTH="105" HEIGHT="23" ACOPYCOL="N" ADELETECOL="N" AMOVECOL="N" AUPDATECONT="N" ENG="Ratio">비 율</TH>
</TR>
</THEAD>

<TBODY>

<TR ACOPY="Y" ADELETE="N" HEIGHT="30">
<TE ALIGN="CENTER" VALIGN="MIDDLE" WIDTH="139" HEIGHT="23" ACODE="ACC_ORG">-</TE>
<TE ALIGN="CENTER" VALIGN="MIDDLE" WIDTH="138" HEIGHT="23" ACODE="SEQ_NO2">-</TE>
<TE ALIGN="CENTER" VALIGN="MIDDLE" WIDTH="182" HEIGHT="23" ACODE="ACC_AMT">-</TE>
<TE ALIGN="CENTER" VALIGN="MIDDLE" WIDTH="105" HEIGHT="23" ACODE="ACC_RT">-</TE>
</TR>
</TBODY>
</TABLE>
</TABLE-GROUP>
<P></P>
<P></P>
</SECTION-3>

<SECTION-3 ACLASS="MANDATORY">
<TITLE ATOC="Y" ATOCID="5" ENG="3. Subscription and allotment status">3. 청약 및 배정현황</TITLE>

<TABLE-GROUP ACLASS="DST_CD_DV" ADELETETABLE="N">

<TABLE ACLASS="EXTRACTION" AFIXTABLE="Y" WIDTH="600" BORDER="0">

<COLGROUP WIDTH="600">
<COL WIDTH="270"></COL>
<COL WIDTH="330"></COL>
</COLGROUP>

<TBODY>

<TR ACOPY="Y" ADELETE="Y" HEIGHT="30">
<TD WIDTH="261" HEIGHT="23"></TD>
<TU ALIGN="RIGHT" WIDTH="321" HEIGHT="23" AUNIT="WONSTOCKPERCENT" AUNITVALUE="1" ENG="(Unit: KRW, shares, %)">(단위 : 원, 주, %)</TU>
</TR>
</TBODY>
</TABLE>

<TABLE ACLASS="EXTRACTION" AFIXTABLE="N" WIDTH="538" BORDER="1">

<COLGROUP WIDTH="538">
<COL WIDTH="55"></COL>
<COL WIDTH="108"></COL>
<COL WIDTH="42"></COL>
<COL WIDTH="96"></COL>
<COL WIDTH="49"></COL>
<COL WIDTH="43"></COL>
<COL WIDTH="96"></COL>
<COL WIDTH="49"></COL>
</COLGROUP>

<THEAD>

<TR ACOPY="N" ADELETE="N" HEIGHT="30">
<TH ROWSPAN="2" VALIGN="MIDDLE" HEIGHT="53" ACOPYCOL="N" ADELETECOL="N" AMOVECOL="N" AUPDATECONT="N" WIDTH="46" ENG="Ordinal">회 차</TH>
<TH VALIGN="MIDDLE" HEIGHT="53" ACOPYCOL="N" ADELETECOL="N" AMOVECOL="N" AUPDATECONT="N" ROWSPAN="2" WIDTH="99" ENG="Total amount of offering">모집 총액</TH>
<TH COLSPAN="3" VALIGN="MIDDLE" HEIGHT="23" ACOPYCOL="N" ADELETECOL="N" AMOVECOL="N" AUPDATECONT="N" WIDTH="178" ENG="Subscription status">청약현황</TH>
<TH COLSPAN="3" VALIGN="MIDDLE" HEIGHT="23" ACOPYCOL="N" ADELETECOL="N" AMOVECOL="N" AUPDATECONT="N" WIDTH="179" ENG="Final allotment status">최종배정현황</TH>
</TR>

<TR ACOPY="N" ADELETE="N" HEIGHT="30">
<TH VALIGN="MIDDLE" HEIGHT="23" ACOPYCOL="N" ADELETECOL="N" AMOVECOL="N" AUPDATECONT="N" WIDTH="33" ENG="Number of cases">건수</TH>
<TH VALIGN="MIDDLE" HEIGHT="23" ACOPYCOL="N" ADELETECOL="N" AMOVECOL="N" AUPDATECONT="N" WIDTH="87" ENG="Amount">금액</TH>
<TH VALIGN="MIDDLE" HEIGHT="23" ACOPYCOL="N" ADELETECOL="N" AMOVECOL="N" AUPDATECONT="N" WIDTH="40" ENG="Ratio">비율</TH>
<TH VALIGN="MIDDLE" HEIGHT="23" ACOPYCOL="N" ADELETECOL="N" AMOVECOL="N" AUPDATECONT="N" WIDTH="34" ENG="Number of cases">건수</TH>
<TH VALIGN="MIDDLE" HEIGHT="23" ACOPYCOL="N" ADELETECOL="N" AMOVECOL="N" AUPDATECONT="N" WIDTH="87" ENG="Amount">금액</TH>
<TH VALIGN="MIDDLE" HEIGHT="23" ACOPYCOL="N" ADELETECOL="N" AMOVECOL="N" AUPDATECONT="N" WIDTH="40" ENG="Ratio">비율</TH>
</TR>
</THEAD>

<TBODY>

<TR ACOPY="Y" ADELETE="N" HEIGHT="28">
<TE ALIGN="CENTER" ACODE="SEQ_NO2" VALIGN="MIDDLE" USERMARK="F-10 " WIDTH="46" HEIGHT="21">12286</TE>
<TE ALIGN="CENTER" ACODE="TOT_RET_AMT" VALIGN="MIDDLE" USERMARK="F-10 " WIDTH="99" HEIGHT="21">9,950,000,000</TE>
<TE ALIGN="CENTER" ACODE="SB_CNT" VALIGN="MIDDLE" USERMARK="F-10 " WIDTH="33" HEIGHT="21">1</TE>
<TE ALIGN="CENTER" ACODE="SB_AMT" VALIGN="MIDDLE" USERMARK="F-10 " WIDTH="87" HEIGHT="21">3,300,862,750</TE>
<TE ALIGN="CENTER" ACODE="SB_RT" VALIGN="MIDDLE" USERMARK="F-10 " WIDTH="40" HEIGHT="21">33.17 </TE>
<TE ALIGN="CENTER" ACODE="DV_CNT" VALIGN="MIDDLE" USERMARK="F-10 " WIDTH="34" HEIGHT="21">1 </TE>
<TE ALIGN="CENTER" ACODE="DV_AMT" VALIGN="MIDDLE" USERMARK="F-10 " WIDTH="87" HEIGHT="21">3,300,862,750 </TE>
<TE ALIGN="CENTER" ACODE="DV_RT" VALIGN="MIDDLE" USERMARK="F-10 " WIDTH="40" HEIGHT="21">33.17 </TE>
</TR>

<TR ACOPY="Y" ADELETE="N" HEIGHT="28">
<TE ALIGN="CENTER" ACODE="SEQ_NO2" VALIGN="MIDDLE" USERMARK="F-10 " WIDTH="46" HEIGHT="21">12287</TE>
<TE ALIGN="CENTER" ACODE="TOT_RET_AMT" VALIGN="MIDDLE" USERMARK="F-10 " WIDTH="99" HEIGHT="21">9,950,000,000</TE>
<TE ALIGN="CENTER" ACODE="SB_CNT" VALIGN="MIDDLE" USERMARK="F-10 " WIDTH="33" HEIGHT="21">1</TE>
<TE ALIGN="CENTER" ACODE="SB_AMT" VALIGN="MIDDLE" USERMARK="F-10 " WIDTH="87" HEIGHT="21">1,284,545,000</TE>
<TE ALIGN="CENTER" ACODE="SB_RT" VALIGN="MIDDLE" USERMARK="F-10 " WIDTH="40" HEIGHT="21">12.91 </TE>
<TE ALIGN="CENTER" ACODE="DV_CNT" VALIGN="MIDDLE" USERMARK="F-10 " WIDTH="34" HEIGHT="21">1 </TE>
<TE ALIGN="CENTER" ACODE="DV_AMT" VALIGN="MIDDLE" USERMARK="F-10 " WIDTH="87" HEIGHT="21">1,284,545,000 </TE>
<TE ALIGN="CENTER" ACODE="DV_RT" VALIGN="MIDDLE" USERMARK="F-10 " WIDTH="40" HEIGHT="21">12.91 </TE>
</TR>
</TBODY>
</TABLE>
</TABLE-GROUP>
<P></P>
</SECTION-3>

<SECTION-3 ACLASS="MANDATORY">
<TITLE ATOC="Y" ATOCID="6" ENG="4. Allotment method">4. 배정방법</TITLE>
<P USERMARK="F-10 ">(1) 청약을 집계하여 청약금액에 비례하여 안분배정합니다.(2) 공모결과 총청약금액이 모집금액의 100%에 미달하는 경우에는 미달분은      미납처리하며 부분납입으로 종결합니다.</P>
</SECTION-3>
</SECTION-2>

<SECTION-2 ACLASS="MANDATORY">
<TITLE ATOC="Y" AASSOCNOTE="L-0-0-3-0" ATOCID="7" ENG="Ⅱ. Date of Securities Delivery, etc.">Ⅱ. 증권교부일 등</TITLE>
<P USERMARK="F-11 ">1. 증권교부일 : 해당사항 없음(본 증권의 투자자는 전자등록기관의 계좌관리기관등 자기계좌부 또는 계좌관리기관의 고객계좌부에의 전자등록을 통하여 본 증권을 보유합니다.)2. 증권상장일 : 해당사항 없음.3. 증권등기일 : 해당사항 없음.</P>
</SECTION-2>

<SECTION-2 ACLASS="MANDATORY">
<TITLE ATOC="Y" AASSOCNOTE="L-0-0-4-0" ATOCID="8" ENG="Ⅲ. Disclosure Implementation Status">Ⅲ. 공시 이행상황</TITLE>
<P></P>
<P USERMARK="F-14  0XFF0000">1. 청약공고</P>

<TABLE ACLASS="NORMAL" AFIXTABLE="N" WIDTH="600" BORDER="1">

<COLGROUP WIDTH="600">
<COL WIDTH="130"></COL>
<COL WIDTH="270"></COL>
<COL WIDTH="200"></COL>
</COLGROUP>

<THEAD>

<TR ACOPY="Y" ADELETE="Y" HEIGHT="30">
<TH VALIGN="MIDDLE" ACOPYCOL="Y" ADELETECOL="Y" AMOVECOL="N" WIDTH="121" HEIGHT="23">구     분</TH>
<TH VALIGN="MIDDLE" ACOPYCOL="Y" ADELETECOL="Y" AMOVECOL="N" WIDTH="261" HEIGHT="23">매     체</TH>
<TH VALIGN="MIDDLE" ACOPYCOL="Y" ADELETECOL="Y" AMOVECOL="N" WIDTH="191" HEIGHT="23">일     자</TH>
</TR>
</THEAD>

<TBODY>

<TR ACOPY="Y" ADELETE="Y" HEIGHT="53">
<TD ALIGN="CENTER" VALIGN="MIDDLE" WIDTH="121" HEIGHT="46">청 약 공 고</TD>
<TD ALIGN="CENTER" VALIGN="MIDDLE" WIDTH="261" HEIGHT="46">전자공시시스템(http://dart.fss.or.kr)</TD>
<TD ALIGN="CENTER" VALIGN="MIDDLE" WIDTH="191" HEIGHT="46">2025년 12월 23일</TD>
</TR>
</TBODY>
</TABLE>
<P></P>
<P USERMARK="F-14  0XFF0000">2. 배정공고</P>

<TABLE ACLASS="NORMAL" AFIXTABLE="N" WIDTH="600" BORDER="1">

<COLGROUP WIDTH="600">
<COL WIDTH="130"></COL>
<COL WIDTH="270"></COL>
<COL WIDTH="200"></COL>
</COLGROUP>

<THEAD>

<TR ACOPY="Y" ADELETE="Y" HEIGHT="30">
<TH VALIGN="MIDDLE" ACOPYCOL="Y" ADELETECOL="Y" AMOVECOL="N" WIDTH="121" HEIGHT="23">구     분</TH>
<TH VALIGN="MIDDLE" ACOPYCOL="Y" ADELETECOL="Y" AMOVECOL="N" WIDTH="261" HEIGHT="23">매     체</TH>
<TH VALIGN="MIDDLE" ACOPYCOL="Y" ADELETECOL="Y" AMOVECOL="N" WIDTH="191" HEIGHT="23">일     자</TH>
</TR>
</THEAD>

<TBODY>

<TR ACOPY="Y" ADELETE="Y" HEIGHT="53">
<TD ALIGN="CENTER" VALIGN="MIDDLE" WIDTH="121" HEIGHT="46">배 정 공 고</TD>
<TD ALIGN="CENTER" VALIGN="MIDDLE" WIDTH="261" HEIGHT="46">전자공시시스템(http://dart.fss.or.kr)</TD>
<TD ALIGN="CENTER" VALIGN="MIDDLE" WIDTH="191" HEIGHT="46">2026년 01월 05일</TD>
</TR>
</TBODY>
</TABLE>
<P></P>
<P USERMARK="F-14  0XFF0000">3. 증권신고서(일괄신고 추가서류 포함) 공시</P>
<P USERMARK="F-10 "> 전자문서 : 금융위(금감원) 홈페이지 → dart.fss.or.kr</P>
<P USERMARK="F-14  0XFF0000">4. 투자설명서 공시</P>
<P USERMARK="F-10 ">전자문서 : 금융위(금감원) 홈페이지 → dart.fss.or.kr</P>
<P USERMARK="F-10 ">서면문서 : 교보증권 본/지점</P>
</SECTION-2>

<SECTION-2 ACLASS="MANDATORY">
<TITLE ATOC="Y" AASSOCNOTE="L-0-0-5-0" ATOCID="9" ENG="Ⅳ. Details of Use of Procured Funds">Ⅳ. 조달된 자금의 사용내역</TITLE>
<P></P>
<P USERMARK="0XFF0000">1. 자금조달내역</P>

<TABLE ACLASS="NORMAL" AFIXTABLE="N" WIDTH="624" BORDER="0">

<COLGROUP WIDTH="624">
<COL WIDTH="512"></COL>
<COL WIDTH="112"></COL>
</COLGROUP>

<TBODY>

<TR ACOPY="Y" ADELETE="Y" HEIGHT="30">
<TD WIDTH="503" HEIGHT="23" USERMARK="F-10 ">[종목명 : 교보증권 제12286회 주가연계파생결합사채]</TD>
<TD ALIGN="RIGHT" VALIGN="BOTTOM" WIDTH="103" HEIGHT="23" USERMARK="F-10 ">(단위 : 원)</TD>
</TR>
</TBODY>
</TABLE>

<TABLE ACLASS="NORMAL" AFIXTABLE="N" WIDTH="623" BORDER="1">

<COLGROUP WIDTH="623">
<COL WIDTH="87"></COL>
<COL WIDTH="112"></COL>
<COL WIDTH="71"></COL>
<COL WIDTH="74"></COL>
<COL WIDTH="117"></COL>
<COL WIDTH="112"></COL>
<COL WIDTH="50"></COL>
</COLGROUP>

<THEAD>

<TR ACOPY="Y" ADELETE="Y" HEIGHT="30">
<TH ROWSPAN="2" VALIGN="MIDDLE" WIDTH="78" HEIGHT="76" ACOPYCOL="Y" ADELETECOL="Y" AMOVECOL="N" USERMARK="F-10 ">구    분</TH>
<TH ROWSPAN="2" VALIGN="MIDDLE" WIDTH="103" HEIGHT="76" ACOPYCOL="Y" ADELETECOL="Y" AMOVECOL="N" USERMARK="F-10 ">신고서상발행예정총액</TH>
<TH COLSPAN="3" VALIGN="MIDDLE" WIDTH="253" HEIGHT="23" ACOPYCOL="Y" ADELETECOL="Y" AMOVECOL="N" USERMARK="F-10 ">실제 자금조달총액</TH>
<TH ROWSPAN="2" VALIGN="MIDDLE" WIDTH="103" HEIGHT="76" ACOPYCOL="Y" ADELETECOL="Y" AMOVECOL="N" USERMARK="F-10 ">확정권면총액</TH>
<TH ROWSPAN="2" VALIGN="MIDDLE" WIDTH="41" HEIGHT="76" ACOPYCOL="Y" ADELETECOL="Y" AMOVECOL="N" USERMARK="F-10 ">비  고</TH>
</TR>

<TR ACOPY="Y" ADELETE="Y" HEIGHT="53">
<TH VALIGN="MIDDLE" WIDTH="62" HEIGHT="46" ACOPYCOL="Y" ADELETECOL="Y" AMOVECOL="N" USERMARK="F-10 ">발행가액(A)</TH>
<TH VALIGN="MIDDLE" WIDTH="65" HEIGHT="46" ACOPYCOL="Y" ADELETECOL="Y" AMOVECOL="N" USERMARK="F-10 ">수량(B)</TH>
<TH VALIGN="MIDDLE" WIDTH="108" HEIGHT="46" ACOPYCOL="Y" ADELETECOL="Y" AMOVECOL="N" USERMARK="F-10 ">발행총액(A×B)</TH>
</TR>
</THEAD>

<TBODY>

<TR ACOPY="Y" ADELETE="Y" HEIGHT="30">
<TD ALIGN="CENTER" VALIGN="MIDDLE" WIDTH="78" HEIGHT="23" USERMARK="F-10 ">모    집(a)</TD>
<TD ALIGN="CENTER" WIDTH="103" HEIGHT="23" USERMARK="F-10 ">9,950,000,000</TD>
<TD ALIGN="CENTER" WIDTH="62" HEIGHT="23" USERMARK="F-10 ">9,950</TD>
<TD ALIGN="CENTER" WIDTH="65" HEIGHT="23" USERMARK="F-10 ">331,745</TD>
<TD ALIGN="CENTER" WIDTH="108" HEIGHT="23" USERMARK="F-10 ">3,300,862,750</TD>
<TD ALIGN="CENTER" WIDTH="103" HEIGHT="23" USERMARK="F-10 ">3,300,862,750</TD>
<TD WIDTH="41" HEIGHT="23" ALIGN="CENTER">-</TD>
</TR>

<TR ACOPY="Y" ADELETE="Y" HEIGHT="30">
<TD ALIGN="CENTER" VALIGN="MIDDLE" WIDTH="78" HEIGHT="23" USERMARK="F-10 ">매    출(b)</TD>
<TD ALIGN="CENTER" WIDTH="103" HEIGHT="23">0</TD>
<TD ALIGN="CENTER" WIDTH="62" HEIGHT="23">0</TD>
<TD ALIGN="CENTER" WIDTH="65" HEIGHT="23">0</TD>
<TD ALIGN="CENTER" WIDTH="108" HEIGHT="23">0</TD>
<TD ALIGN="CENTER" WIDTH="103" HEIGHT="23">0</TD>
<TD WIDTH="41" HEIGHT="23" ALIGN="CENTER">-</TD>
</TR>

<TR ACOPY="Y" ADELETE="Y" HEIGHT="30">
<TD ALIGN="CENTER" VALIGN="MIDDLE" WIDTH="78" HEIGHT="23" USERMARK="F-10 ">총계(a + b)</TD>
<TD ALIGN="CENTER" WIDTH="103" HEIGHT="23" USERMARK="F-10 ">9,950,000,000</TD>
<TD ALIGN="CENTER" WIDTH="62" HEIGHT="23" USERMARK="F-10 ">9,950</TD>
<TD ALIGN="CENTER" WIDTH="65" HEIGHT="23" USERMARK="F-10 ">331,745</TD>
<TD ALIGN="CENTER" WIDTH="108" HEIGHT="23" USERMARK="F-10 ">3,300,862,750</TD>
<TD ALIGN="CENTER" WIDTH="103" HEIGHT="23" USERMARK="F-10 ">3,300,862,750</TD>
<TD WIDTH="41" HEIGHT="23" ALIGN="CENTER">-</TD>
</TR>
</TBODY>
</TABLE>
<P></P>

<TABLE ACLASS="NORMAL" AFIXTABLE="N" WIDTH="624" BORDER="0">

<COLGROUP WIDTH="624">
<COL WIDTH="512"></COL>
<COL WIDTH="112"></COL>
</COLGROUP>

<TBODY>

<TR ACOPY="Y" ADELETE="Y" HEIGHT="30">
<TD WIDTH="503" HEIGHT="23" USERMARK="F-10 ">[종목명 : 교보증권 제12287회 주가연계파생결합사채]</TD>
<TD ALIGN="RIGHT" VALIGN="BOTTOM" WIDTH="103" HEIGHT="23" USERMARK="F-10 ">(단위 : 원)</TD>
</TR>
</TBODY>
</TABLE>

<TABLE ACLASS="NORMAL" AFIXTABLE="N" WIDTH="623" BORDER="1">

<COLGROUP WIDTH="623">
<COL WIDTH="87"></COL>
<COL WIDTH="112"></COL>
<COL WIDTH="71"></COL>
<COL WIDTH="74"></COL>
<COL WIDTH="117"></COL>
<COL WIDTH="112"></COL>
<COL WIDTH="50"></COL>
</COLGROUP>

<THEAD>

<TR ACOPY="Y" ADELETE="Y" HEIGHT="30">
<TH ROWSPAN="2" VALIGN="MIDDLE" WIDTH="78" HEIGHT="76" ACOPYCOL="Y" ADELETECOL="Y" AMOVECOL="N" USERMARK="F-10 ">구    분</TH>
<TH ROWSPAN="2" VALIGN="MIDDLE" WIDTH="103" HEIGHT="76" ACOPYCOL="Y" ADELETECOL="Y" AMOVECOL="N" USERMARK="F-10 ">신고서상발행예정총액</TH>
<TH COLSPAN="3" VALIGN="MIDDLE" WIDTH="253" HEIGHT="23" ACOPYCOL="Y" ADELETECOL="Y" AMOVECOL="N" USERMARK="F-10 ">실제 자금조달총액</TH>
<TH ROWSPAN="2" VALIGN="MIDDLE" WIDTH="103" HEIGHT="76" ACOPYCOL="Y" ADELETECOL="Y" AMOVECOL="N" USERMARK="F-10 ">확정권면총액</TH>
<TH ROWSPAN="2" VALIGN="MIDDLE" WIDTH="41" HEIGHT="76" ACOPYCOL="Y" ADELETECOL="Y" AMOVECOL="N" USERMARK="F-10 ">비  고</TH>
</TR>

<TR ACOPY="Y" ADELETE="Y" HEIGHT="53">
<TH VALIGN="MIDDLE" WIDTH="62" HEIGHT="46" ACOPYCOL="Y" ADELETECOL="Y" AMOVECOL="N" USERMARK="F-10 ">발행가액(A)</TH>
<TH VALIGN="MIDDLE" WIDTH="65" HEIGHT="46" ACOPYCOL="Y" ADELETECOL="Y" AMOVECOL="N" USERMARK="F-10 ">수량(B)</TH>
<TH VALIGN="MIDDLE" WIDTH="108" HEIGHT="46" ACOPYCOL="Y" ADELETECOL="Y" AMOVECOL="N" USERMARK="F-10 ">발행총액(A×B)</TH>
</TR>
</THEAD>

<TBODY>

<TR ACOPY="Y" ADELETE="Y" HEIGHT="30">
<TD ALIGN="CENTER" VALIGN="MIDDLE" WIDTH="78" HEIGHT="23" USERMARK="F-10 ">모    집(a)</TD>
<TD ALIGN="CENTER" WIDTH="103" HEIGHT="23" USERMARK="F-10 ">9,950,000,000</TD>
<TD ALIGN="CENTER" WIDTH="62" HEIGHT="23" USERMARK="F-10 ">9,950</TD>
<TD ALIGN="CENTER" WIDTH="65" HEIGHT="23" USERMARK="F-10 ">129,100</TD>
<TD ALIGN="CENTER" WIDTH="108" HEIGHT="23" USERMARK="F-10 ">1,284,545,000</TD>
<TD ALIGN="CENTER" WIDTH="103" HEIGHT="23" USERMARK="F-10 ">1,284,545,000</TD>
<TD WIDTH="41" HEIGHT="23" ALIGN="CENTER">-</TD>
</TR>

<TR ACOPY="Y" ADELETE="Y" HEIGHT="30">
<TD ALIGN="CENTER" VALIGN="MIDDLE" WIDTH="78" HEIGHT="23" USERMARK="F-10 ">매    출(b)</TD>
<TD ALIGN="CENTER" WIDTH="103" HEIGHT="23">0</TD>
<TD ALIGN="CENTER" WIDTH="62" HEIGHT="23">0</TD>
<TD ALIGN="CENTER" WIDTH="65" HEIGHT="23">0</TD>
<TD ALIGN="CENTER" WIDTH="108" HEIGHT="23">0</TD>
<TD ALIGN="CENTER" WIDTH="103" HEIGHT="23">0</TD>
<TD WIDTH="41" HEIGHT="23" ALIGN="CENTER">-</TD>
</TR>

<TR ACOPY="Y" ADELETE="Y" HEIGHT="30">
<TD ALIGN="CENTER" VALIGN="MIDDLE" WIDTH="78" HEIGHT="23" USERMARK="F-10 ">총계(a + b)</TD>
<TD ALIGN="CENTER" WIDTH="103" HEIGHT="23" USERMARK="F-10 ">9,950,000,000</TD>
<TD ALIGN="CENTER" WIDTH="62" HEIGHT="23" USERMARK="F-10 ">9,950</TD>
<TD ALIGN="CENTER" WIDTH="65" HEIGHT="23" USERMARK="F-10 ">129,100</TD>
<TD ALIGN="CENTER" WIDTH="108" HEIGHT="23" USERMARK="F-10 ">1,284,545,000</TD>
<TD ALIGN="CENTER" WIDTH="103" HEIGHT="23" USERMARK="F-10 ">1,284,545,000</TD>
<TD WIDTH="41" HEIGHT="23" ALIGN="CENTER">-</TD>
</TR>
</TBODY>
</TABLE>
<P></P>

<P USERMARK="F-14  0XFF0000">2. 발행비용     
<SPAN USERMARK="0X000000">(단위 : 원)</SPAN>
</P>

<TABLE ACLASS="NORMAL" WIDTH="515" BORDER="1" AFIXTABLE="N">

<COLGROUP WIDTH="515">
<COL WIDTH="103"></COL>
<COL WIDTH="103"></COL>
<COL WIDTH="103"></COL>
<COL WIDTH="103"></COL>
<COL WIDTH="103"></COL>
</COLGROUP>

<THEAD>

<TR ACOPY="Y" ADELETE="Y" HEIGHT="28">
<TH USERMARK="F-10 " WIDTH="94" HEIGHT="21">구분</TH>
<TH USERMARK="F-10 " WIDTH="94" HEIGHT="21">인수수수료</TH>
<TH USERMARK="F-10 " WIDTH="94" HEIGHT="21">발행분담금</TH>
<TH USERMARK="F-10 " WIDTH="94" HEIGHT="21">보증료</TH>
<TH USERMARK="F-10 " WIDTH="94" HEIGHT="21">기타비용</TH>
</TR>
</THEAD>

<TBODY>

<TR ACOPY="Y" ADELETE="N" HEIGHT="28">
<TD ALIGN="CENTER" VALIGN="MIDDLE" USERMARK="F-10 " WIDTH="94" HEIGHT="21">12286</TD>
<TD ALIGN="CENTER" VALIGN="MIDDLE" USERMARK="F-10 " WIDTH="94" HEIGHT="21">-</TD>
<TD ALIGN="CENTER" VALIGN="MIDDLE" USERMARK="F-10 " WIDTH="94" HEIGHT="21">165,040</TD>
<TD ALIGN="CENTER" VALIGN="MIDDLE" USERMARK="F-10 " WIDTH="94" HEIGHT="21">-</TD>
<TD ALIGN="CENTER" VALIGN="MIDDLE" USERMARK="F-10 " WIDTH="94" HEIGHT="21">-</TD>
</TR>

<TR ACOPY="Y" ADELETE="N" HEIGHT="28">
<TD ALIGN="CENTER" VALIGN="MIDDLE" USERMARK="F-10 " WIDTH="94" HEIGHT="21">12287</TD>
<TD ALIGN="CENTER" VALIGN="MIDDLE" USERMARK="F-10 " WIDTH="94" HEIGHT="21">-</TD>
<TD ALIGN="CENTER" VALIGN="MIDDLE" USERMARK="F-10 " WIDTH="94" HEIGHT="21">64,220</TD>
<TD ALIGN="CENTER" VALIGN="MIDDLE" USERMARK="F-10 " WIDTH="94" HEIGHT="21">-</TD>
<TD ALIGN="CENTER" VALIGN="MIDDLE" USERMARK="F-10 " WIDTH="94" HEIGHT="21">-</TD>
</TR>
</TBODY>
</TABLE>
<P></P>
<P USERMARK="F-14  0XFF0000">3. 자금사용예정내역</P>
<P>본 증권의 발행으로 조달된 자금은 향후 상환금의 안정적인 지급을 위하여 기초자산과 관련되는 선물·옵션 등의 파생상품 및 기초자산을 구성하는 주식 등의 매매를 위한 재원으로 사용합니다.</P>
</SECTION-2>

<SECTION-2 ACLASS="MANDATORY">
<TITLE ATOC="Y" AASSOCNOTE="L-0-0-8-0" ATOCID="10" ENG="Ⅴ. Confirmed Details of the Projected Profit and Loss Structure">Ⅴ. 예상손익구조의 확정내용</TITLE>
<P></P>
<P USERMARK="F-14  0XFF0000">교보증권 제12286회 파생결합사채(주가연계)</P>
<P USERMARK="F-14 B 0XFF0000">1. 상품개요</P>

<TABLE ACLASS="NORMAL" AFIXTABLE="N" BORDER="1" WIDTH="622">

<COLGROUP WIDTH="622">
<COL WIDTH="87"></COL>
<COL WIDTH="121"></COL>
<COL WIDTH="414"></COL>
</COLGROUP>

<THEAD>

<TR ACOPY="Y" ADELETE="Y" HEIGHT="30">
<TH WIDTH="199" HEIGHT="23" COLSPAN="2" USERMARK="B"> 항목</TH>
<TH WIDTH="405" HEIGHT="23" USERMARK="B">내용</TH>
</TR>
</THEAD>

<TBODY>

<TR ACOPY="Y" ADELETE="Y" HEIGHT="53">
<TD WIDTH="199" HEIGHT="46" COLSPAN="2" ALIGN="CENTER" VALIGN="MIDDLE" USERMARK="B">종목명</TD>
<TD WIDTH="405" HEIGHT="46" ALIGN="CENTER" USERMARK="B">교보증권 제12286회 주가연계파생결합사채(낮은위험)</TD>
</TR>

<TR ACOPY="Y" ADELETE="Y" HEIGHT="122">
<TD COLSPAN="2" ALIGN="CENTER" VALIGN="MIDDLE" USERMARK="B" WIDTH="199" HEIGHT="115">고난도금융투자상품해당여부</TD>
<TD ALIGN="CENTER" VALIGN="MIDDLE" WIDTH="405" HEIGHT="115">본 증권은 자본시장법 시행령 제2조제7호에서 정하는 고난도금융투자상품에 해당하지 아니하며 만기 또는 자동조기상환시 원금 이상을 지급하는 구조입니다. 그러나 기초자산 가격변동 이외의 요인(투자자 요청에 따른 중도상환, 발행사의 지급 불이행 등)으로 추가 손실이 발생할 수 있습니다.</TD>
</TR>

<TR ACOPY="Y" ADELETE="Y" HEIGHT="30">
<TD COLSPAN="2" ALIGN="CENTER" VALIGN="MIDDLE" USERMARK="B" WIDTH="199" HEIGHT="23">기초자산</TD>
<TD ALIGN="CENTER" WIDTH="405" HEIGHT="23">KOSPI200 지수</TD>
</TR>

<TR ACOPY="Y" ADELETE="Y" HEIGHT="30">
<TD WIDTH="199" HEIGHT="23" COLSPAN="2" ALIGN="CENTER" USERMARK="B">모 집 총 액</TD>
<TD WIDTH="405" HEIGHT="23" ALIGN="CENTER">9,950,000,000원</TD>
</TR>

<TR ACOPY="Y" ADELETE="Y" HEIGHT="30">
<TD WIDTH="199" HEIGHT="23" COLSPAN="2" ALIGN="CENTER" USERMARK="B">1증권당 액면가액</TD>
<TD WIDTH="405" HEIGHT="23" ALIGN="CENTER">10,000원</TD>
</TR>

<TR ACOPY="Y" ADELETE="Y" HEIGHT="30">
<TD WIDTH="199" HEIGHT="23" COLSPAN="2" ALIGN="CENTER" USERMARK="B">1증권당 발행가액</TD>
<TD WIDTH="405" HEIGHT="23" ALIGN="CENTER">9,950원</TD>
</TR>

<TR ACOPY="Y" ADELETE="Y" HEIGHT="30">
<TD WIDTH="199" HEIGHT="23" COLSPAN="2" ALIGN="CENTER" USERMARK="B">발행 수량</TD>
<TD WIDTH="405" HEIGHT="23" ALIGN="CENTER">1,000,000 증권</TD>
</TR>

<TR ACOPY="Y" ADELETE="Y" HEIGHT="30">
<TD WIDTH="199" HEIGHT="23" COLSPAN="2" ALIGN="CENTER" USERMARK="B">최소청약금액</TD>
<TD WIDTH="405" HEIGHT="23" ALIGN="CENTER">1,000,000원</TD>
</TR>

<TR ACOPY="Y" ADELETE="Y" HEIGHT="30">
<TD WIDTH="78" HEIGHT="76" ROWSPAN="2" ALIGN="CENTER" VALIGN="MIDDLE" USERMARK="B">청약기간</TD>
<TD WIDTH="112" HEIGHT="23" ALIGN="CENTER" VALIGN="MIDDLE" USERMARK="B">청약시작일</TD>
<TD WIDTH="405" HEIGHT="23" ALIGN="CENTER">2026년 01월 05일</TD>
</TR>

<TR ACOPY="Y" ADELETE="Y" HEIGHT="53">
<TD WIDTH="112" HEIGHT="46" ALIGN="CENTER" VALIGN="MIDDLE" USERMARK="B">청약종료일</TD>
<TD WIDTH="405" HEIGHT="46" ALIGN="CENTER">2026년 01월 05일(청약기간이후 청약취소 불가)</TD>
</TR>

<TR ACOPY="Y" ADELETE="Y" HEIGHT="30">
<TD WIDTH="199" HEIGHT="23" COLSPAN="2" ALIGN="CENTER" USERMARK="B">납 입 일</TD>
<TD WIDTH="405" HEIGHT="23" ALIGN="CENTER">2026년 01월 05일</TD>
</TR>

<TR ACOPY="Y" ADELETE="Y" HEIGHT="30">
<TD WIDTH="199" HEIGHT="23" COLSPAN="2" ALIGN="CENTER" USERMARK="B">배정 및 환불일</TD>
<TD WIDTH="405" HEIGHT="23" ALIGN="CENTER">2026년 01월 05일</TD>
</TR>

<TR ACOPY="Y" ADELETE="Y" HEIGHT="30">
<TD WIDTH="199" HEIGHT="23" COLSPAN="2" ALIGN="CENTER" USERMARK="B">발 행 일</TD>
<TD WIDTH="405" HEIGHT="23" ALIGN="CENTER">2026년 01월 05일</TD>
</TR>

<TR ACOPY="Y" ADELETE="Y" HEIGHT="30">
<TD WIDTH="199" HEIGHT="23" COLSPAN="2" ALIGN="CENTER" USERMARK="B">전자등록기관</TD>
<TD WIDTH="405" HEIGHT="23" ALIGN="CENTER">한국예탁결제원</TD>
</TR>

<TR ACOPY="Y" ADELETE="Y" HEIGHT="30">
<TD WIDTH="199" HEIGHT="23" COLSPAN="2" ALIGN="CENTER" USERMARK="B">증권의 상장여부</TD>
<TD WIDTH="405" HEIGHT="23" ALIGN="CENTER">비상장</TD>
</TR>

<TR ACOPY="Y" ADELETE="Y" HEIGHT="53">
<TD USERMARK="B" WIDTH="199" HEIGHT="46" COLSPAN="2" ALIGN="CENTER" VALIGN="MIDDLE">자동조기상환</TD>
<TD WIDTH="405" HEIGHT="46">자세한 내용은 본 일괄신고추가서류 'Ⅱ.증권의 주요 권리내용 2. 권리의 내용'을 참조하시기 바랍니다.</TD>
</TR>

<TR ACOPY="Y" ADELETE="Y" HEIGHT="30">
<TD WIDTH="199" HEIGHT="23" COLSPAN="2" ALIGN="CENTER" USERMARK="B">자동조기상환시 결제방법</TD>
<TD WIDTH="405" HEIGHT="23" ALIGN="CENTER">현금결제</TD>
</TR>

<TR ACOPY="Y" ADELETE="Y" HEIGHT="53">
<TD WIDTH="199" HEIGHT="46" COLSPAN="2" ALIGN="CENTER" VALIGN="MIDDLE" USERMARK="B">자동조기상환일[자동조기상환금액 지급일]</TD>
<TD WIDTH="405" HEIGHT="46" ALIGN="CENTER" VALIGN="MIDDLE">해당 자동조기상환평가일(불포함) 후 2영업일</TD>
</TR>

<TR ACOPY="Y" ADELETE="Y" HEIGHT="30">
<TD WIDTH="199" HEIGHT="23" COLSPAN="2" ALIGN="CENTER" USERMARK="B">만 기 일</TD>
<TD WIDTH="405" HEIGHT="23" ALIGN="CENTER">2029년 01월 09일</TD>
</TR>

<TR ACOPY="Y" ADELETE="Y" HEIGHT="53">
<TD WIDTH="199" HEIGHT="46" COLSPAN="2" ALIGN="CENTER" VALIGN="MIDDLE" USERMARK="B">만기상환</TD>
<TD WIDTH="405" HEIGHT="46" ALIGN="CENTER">본 일괄신고추가서류 'II. 증권의 권리내용 2. 권리의 내용'을 참조하시기 바랍니다.</TD>
</TR>

<TR ACOPY="Y" ADELETE="Y" HEIGHT="30">
<TD WIDTH="199" HEIGHT="23" COLSPAN="2" ALIGN="CENTER" USERMARK="B">만기시 결제방법</TD>
<TD WIDTH="405" HEIGHT="23" ALIGN="CENTER">현금결제</TD>
</TR>

<TR ACOPY="Y" ADELETE="Y" HEIGHT="76">
<TD WIDTH="199" HEIGHT="69" COLSPAN="2" ALIGN="CENTER" VALIGN="MIDDLE" USERMARK="B">발행취소에 관한 사항</TD>

<TD WIDTH="405" HEIGHT="69">청약금액의 합계가 [
<SPAN USERMARK="B 0X0000FF">3억원</SPAN>] 미만일 경우, 발행사는 본 증권의 발행을 취소할 수 있습니다. 이 경우 청약금액은 환불일에 투자자들의 해당 청약계좌로 반환됩니다.
</TD>
</TR>

<TR ACOPY="Y" ADELETE="Y" HEIGHT="168">
<TD WIDTH="199" HEIGHT="161" COLSPAN="2" ALIGN="CENTER" VALIGN="MIDDLE" USERMARK="B">기타 유의사항</TD>
<TD WIDTH="405" HEIGHT="161">본 증권은 「주식·사채등의 전자등록에 관한 법률」에 따라 전자등록기관인 한국예탁결제원을 통하여 전자등록하여 발행하고, 실물을 발행하지 않습니다.본 증권의 보유자는 전자등록기관의 계좌관리기관등 자기계좌부 또는 계좌관리기관의 고객계좌부에의 전자등록을 통하여 본 증권을 보유합니다.본 증권의 분할 및 병합은 인정되지 아니합니다.</TD>
</TR>
</TBODY>
</TABLE>
<P></P>

<P>
<SPAN USERMARK="F-11 ">※ 총 청약금액이 모집총액의 100%에 미달하는 경우는 부분납입으로 종결하고 해당 금액만을 발행하고, 모집총액의 100%를 초과하는 경우는 안분배정합니다. </SPAN>
<SPAN USERMARK="F-11 BU">단, 총 청약금액이 총 3억원에 미달되는 경우 본 증권이 취소</SPAN>
<SPAN USERMARK="F-11 ">될 수 있으며 이 경우 환불일에 청약금액을 환불하되 이자는 가산하지 않으니 이 점 유의하시기 바랍니다.</SPAN>
</P>
<P>(1) 본 증권은 1증권당 9,950원으로 모집합니다.</P>

<P>(2) 
<SPAN USERMARK="BU">본 증권의 공정가액은 2025년 12월 19일 현재 9,861.02원으로 추산</SPAN>됩니다.
</P>

<P>※ 이는 
<SPAN USERMARK="U">본 신고서 제출일 전전일</SPAN> 기준으로 제3의 평가기관으로부터 제시받은 이론상의 평가가격으로, 본 거래에 따른 위험회피거래에 소요되는 만기까지의 헤지비용은 가산하지 않은 가격 입니다. 이론가격 산출에 사용한 시장변수는 아래 표와 같습니다.
</P>
<P>* 기초자산가격 변동성 및 기초자산 일별수익률간의 상관계수</P>

<TABLE ACLASS="NORMAL" AFIXTABLE="N" BORDER="1" WIDTH="613">

<COLGROUP WIDTH="613">
<COL WIDTH="170"></COL>
<COL WIDTH="443"></COL>
</COLGROUP>

<THEAD>

<TR ACOPY="Y" ADELETE="Y" HEIGHT="30">
<TH USERMARK="B" WIDTH="161" HEIGHT="23" ACOPYCOL="Y" ADELETECOL="Y" AMOVECOL="N">항    목</TH>
<TH USERMARK="B" WIDTH="434" HEIGHT="23" ACOPYCOL="Y" ADELETECOL="Y" AMOVECOL="N">내      용</TH>
</TR>
</THEAD>

<TBODY>

<TR ACOPY="Y" ADELETE="Y" HEIGHT="30">
<TD WIDTH="161" ALIGN="CENTER" VALIGN="MIDDLE" HEIGHT="23">기초자산가격 변동성</TD>
<TD WIDTH="434" VALIGN="MIDDLE" HEIGHT="23">- KOSPI200 지수 : 27.22%</TD>
</TR>
</TBODY>
</TABLE>
<P USERMARK="F-10 ">[변동성 기준: Volatility Surface에 대하여 VIX방법론을 이용(Jiang and Tian(2005))하여 Volatility Term Structure를 산출한 뒤 해당만기에 상응하는 변동성을 적용, 상관계수 기준: 180영업일 역사적 상관계수]</P>
<P></P>
<P>※ 발행 이후 발행사의 홈페이지에 게시하는 공정가액(기준가)은 확정된 기초자산의 기준가격과 당시 시장상황을 감안하여 추산된 헤지비용 등이 반영되므로 본 일괄신고추가서류 제출일 현재 제시한 가격과 달라질 수 있습니다.</P>

<P USERMARK="F-11 ">
<SPAN USERMARK="F-16 B 0XFF0000">2. 권리의 내용</SPAN>
</P>

<P USERMARK="F-11 ">
<SPAN USERMARK="F-14 B 0XFF0000">(1) 상환금액의 지급에 관한 사항</SPAN>
<SPAN USERMARK="F-12 ">투자자는 본 일괄신고추가서류에 정하여진 산식에 따라 계산된 상환금액을 해당 지급일에 지급받을 권리가 있으며, 그 구체적인 사항은 다음과 같습니다.</SPAN>
</P>

<P> 
<SPAN USERMARK="B">가.최초기준가격</SPAN>
</P>

<TABLE ACLASS="NORMAL" WIDTH="600" BORDER="1">

<COLGROUP WIDTH="600">
<COL WIDTH="181"></COL>
<COL WIDTH="419"></COL>
</COLGROUP>

<TBODY>

<TR ACOPY="Y" ADELETE="Y" HEIGHT="30">
<TD WIDTH="172" HEIGHT="23">최초기준가격</TD>
<TD WIDTH="410" HEIGHT="23">최초기준가격평가일의 기초자산 종가 (현지거래소 기준)</TD>
</TR>

<TR ACOPY="Y" ADELETE="Y" HEIGHT="30">
<TD WIDTH="172" HEIGHT="23">최초기준가격평가일</TD>
<TD WIDTH="410" HEIGHT="23">2026년 01월 05일</TD>
</TR>
</TBODY>
</TABLE>
<P></P>

<P>
<SPAN USERMARK="B">나. 자동조기상환</SPAN>
</P>
<P>○ 어느 자동조기상환평가일에 자동조기상환 발생조건이 충족되는 경우 발행사는 해당 차수의 자동조기상환일에 해당 차수의 상환금액을 지급함으로써 본 증권을 상환</P>
<P>○ 자동조기상환 발생조건</P>

<TABLE ACLASS="NORMAL" WIDTH="714" BORDER="1" AFIXTABLE="N">

<COLGROUP WIDTH="714">
<COL WIDTH="53"></COL>
<COL WIDTH="661"></COL>
</COLGROUP>

<THEAD>

<TR ACOPY="Y" ADELETE="Y" HEIGHT="30">
<TH WIDTH="44" HEIGHT="23" USERMARK="B">차수</TH>
<TH WIDTH="652" HEIGHT="23" USERMARK="B">자동조기상환 발생조건</TH>
</TR>
</THEAD>

<TBODY>

<TR ACOPY="Y" ADELETE="Y" HEIGHT="30">
<TD ALIGN="CENTER" WIDTH="44" HEIGHT="23">1차</TD>

<TD WIDTH="652" HEIGHT="23">
<SPAN>기초자산의 1차 자동조기상환평가가격이 </SPAN>
<SPAN USERMARK="BU">최초기준가격의 </SPAN>
<SPAN USERMARK="BU 0X0000FF">100%</SPAN>
<SPAN USERMARK="BU">이상인 경우</SPAN>
</TD>
</TR>

<TR ACOPY="Y" ADELETE="Y" HEIGHT="30">
<TD ALIGN="CENTER" WIDTH="44" HEIGHT="23">2차</TD>

<TD WIDTH="652" HEIGHT="23">
<SPAN>기초자산의 2차 자동조기상환평가가격이 </SPAN>
<SPAN USERMARK="BU">최초기준가격의 </SPAN>
<SPAN USERMARK="BU 0X0000FF">100%</SPAN>
<SPAN USERMARK="BU">이상인 경우</SPAN>
</TD>
</TR>

<TR ACOPY="Y" ADELETE="Y" HEIGHT="30">
<TD ALIGN="CENTER" WIDTH="44" HEIGHT="23">3차</TD>

<TD WIDTH="652" HEIGHT="23">
<SPAN>기초자산의 3차 자동조기상환평가가격이 </SPAN>
<SPAN USERMARK="BU">최초기준가격의 </SPAN>
<SPAN USERMARK="BU 0X0000FF">100%</SPAN>
<SPAN USERMARK="BU">이상인 경우</SPAN>
</TD>
</TR>

<TR ACOPY="Y" ADELETE="Y" HEIGHT="30">
<TD ALIGN="CENTER" WIDTH="44" HEIGHT="23">4차</TD>

<TD WIDTH="652" HEIGHT="23">
<SPAN>기초자산의 4차 자동조기상환평가가격이 </SPAN>
<SPAN USERMARK="BU">최초기준가격의 </SPAN>
<SPAN USERMARK="BU 0X0000FF">100%</SPAN>
<SPAN USERMARK="BU">이상인 경우</SPAN>
</TD>
</TR>

<TR ACOPY="Y" ADELETE="Y" HEIGHT="30">
<TD ALIGN="CENTER" WIDTH="44" HEIGHT="23">5차</TD>

<TD WIDTH="652" HEIGHT="23">
<SPAN>기초자산의 5차 자동조기상환평가가격이 </SPAN>
<SPAN USERMARK="BU">최초기준가격의 </SPAN>
<SPAN USERMARK="BU 0X0000FF">100%</SPAN>
<SPAN USERMARK="BU">이상인 경우</SPAN>
</TD>
</TR>
</TBODY>
</TABLE>
<P>○ 자동조기상환평가가격 : 해당 차수 자동조기상환평가일 기초자산 종가 (현지거래소 기준)</P>
<P>○ 자동조기상환평가일 및 상환금액</P>

<TABLE ACLASS="NORMAL" WIDTH="709" BORDER="1">

<COLGROUP WIDTH="709">
<COL WIDTH="58"></COL>
<COL WIDTH="167"></COL>
<COL WIDTH="290"></COL>
<COL WIDTH="194"></COL>
</COLGROUP>

<THEAD>

<TR ACOPY="Y" ADELETE="Y" HEIGHT="30">
<TH VALIGN="MIDDLE" WIDTH="49" HEIGHT="23" ACOPYCOL="Y" ADELETECOL="Y" AMOVECOL="N" USERMARK="B">차수</TH>
<TH VALIGN="MIDDLE" WIDTH="158" HEIGHT="23" ACOPYCOL="Y" ADELETECOL="Y" AMOVECOL="N" USERMARK="B">자동조기상환평가일</TH>
<TH VALIGN="MIDDLE" WIDTH="281" HEIGHT="23" ACOPYCOL="Y" ADELETECOL="Y" AMOVECOL="N" USERMARK="B">조건</TH>
<TH VALIGN="MIDDLE" WIDTH="185" HEIGHT="23" ACOPYCOL="Y" ADELETECOL="Y" AMOVECOL="N" USERMARK="B">상환금액(세전)</TH>
</TR>
</THEAD>

<TBODY>

<TR ACOPY="Y" ADELETE="Y" HEIGHT="30">
<TD ALIGN="CENTER" VALIGN="MIDDLE" WIDTH="49" HEIGHT="23">1차</TD>
<TD WIDTH="158" HEIGHT="23" VALIGN="MIDDLE" ALIGN="CENTER">2026년 07월 06일</TD>
<TD WIDTH="281" HEIGHT="23" VALIGN="MIDDLE" ALIGN="CENTER">1차 자동조기상환조건 충족시</TD>
<TD WIDTH="185" HEIGHT="23" VALIGN="MIDDLE" ALIGN="CENTER">액면금액 × 102.725%</TD>
</TR>

<TR ACOPY="Y" ADELETE="Y" HEIGHT="30">
<TD ALIGN="CENTER" VALIGN="MIDDLE" WIDTH="49" HEIGHT="23">2차</TD>
<TD WIDTH="158" HEIGHT="23" VALIGN="MIDDLE" ALIGN="CENTER">2027년 01월 05일</TD>
<TD WIDTH="281" HEIGHT="23" VALIGN="MIDDLE" ALIGN="CENTER">2차 자동조기상환조건 충족시</TD>
<TD WIDTH="185" HEIGHT="23" VALIGN="MIDDLE" ALIGN="CENTER">액면금액 × 105.45%</TD>
</TR>

<TR ACOPY="Y" ADELETE="Y" HEIGHT="30">
<TD ALIGN="CENTER" VALIGN="MIDDLE" WIDTH="49" HEIGHT="23">3차</TD>
<TD WIDTH="158" HEIGHT="23" VALIGN="MIDDLE" ALIGN="CENTER">2027년 07월 05일</TD>
<TD WIDTH="281" HEIGHT="23" VALIGN="MIDDLE" ALIGN="CENTER">3차 자동조기상환조건 충족시</TD>
<TD WIDTH="185" HEIGHT="23" VALIGN="MIDDLE" ALIGN="CENTER">액면금액 × 108.175%</TD>
</TR>

<TR ACOPY="Y" ADELETE="Y" HEIGHT="30">
<TD ALIGN="CENTER" VALIGN="MIDDLE" WIDTH="49" HEIGHT="23">4차</TD>
<TD WIDTH="158" HEIGHT="23" VALIGN="MIDDLE" ALIGN="CENTER">2028년 01월 05일</TD>
<TD WIDTH="281" HEIGHT="23" VALIGN="MIDDLE" ALIGN="CENTER">4차 자동조기상환조건 충족시</TD>
<TD WIDTH="185" HEIGHT="23" VALIGN="MIDDLE" ALIGN="CENTER">액면금액 × 110.90%</TD>
</TR>

<TR ACOPY="Y" ADELETE="Y" HEIGHT="30">
<TD ALIGN="CENTER" VALIGN="MIDDLE" WIDTH="49" HEIGHT="23">5차</TD>
<TD WIDTH="158" HEIGHT="23" VALIGN="MIDDLE" ALIGN="CENTER">2028년 07월 05일</TD>
<TD WIDTH="281" HEIGHT="23" VALIGN="MIDDLE" ALIGN="CENTER">5차 자동조기상환조건 충족시</TD>
<TD WIDTH="185" HEIGHT="23" VALIGN="MIDDLE" ALIGN="CENTER">액면금액 × 113.625%</TD>
</TR>
</TBODY>
</TABLE>

<P>○ 자동조기상환일 : 해당 차수 자동조기상환평가일(불포함) 후 [
<SPAN USERMARK="B 0X0000FF">2</SPAN>]영업일
</P>
<P>○ 자동조기상환 발생에 따라 상환이 이루어진 경우 본 증권은 종료되고 발행사는 이후 본 증권에 대하여 여하한 추가적인 의무를 부담하지 않음.</P>

<P>
<SPAN USERMARK="B">다. 만기상환</SPAN>
</P>
<P>○ 자동조기상환이 발생하지 않은 경우 발행사는 만기일에 아래 만기상환금액 결정조건에 따라 결정된 상환금액을 지급함으로써 본 증권을 상환함.○ 만기상환 발생조건</P>

<TABLE ACLASS="NORMAL" WIDTH="627" BORDER="1" AFIXTABLE="N">

<COLGROUP WIDTH="627">
<COL WIDTH="406"></COL>
<COL WIDTH="221"></COL>
</COLGROUP>

<THEAD>

<TR ACOPY="Y" ADELETE="Y" HEIGHT="30">
<TH VALIGN="MIDDLE" WIDTH="397" HEIGHT="23" ACOPYCOL="Y" ADELETECOL="Y" AMOVECOL="N" USERMARK="B">만기상환금액 결정조건</TH>
<TH VALIGN="MIDDLE" WIDTH="212" HEIGHT="23" ACOPYCOL="Y" ADELETECOL="Y" AMOVECOL="N" USERMARK="B">상환금액(세전)</TH>
</TR>
</THEAD>

<TBODY>

<TR ACOPY="Y" ADELETE="Y" HEIGHT="53">

<TD WIDTH="397" HEIGHT="46">
<SPAN>① 기초자산의 만기평가가격이 </SPAN>
<SPAN USERMARK="BU">최초기준가격의 </SPAN>
<SPAN USERMARK="BU 0X0000FF">100% </SPAN>
<SPAN USERMARK="BU">이상</SPAN>
<SPAN>인 경우</SPAN>
</TD>

<TD ALIGN="CENTER" VALIGN="MIDDLE" WIDTH="212" HEIGHT="46">액면금액×
<SPAN USERMARK="B">116.35%</SPAN>
</TD>
</TR>

<TR ACOPY="Y" ADELETE="Y" HEIGHT="53">

<TD WIDTH="397" HEIGHT="46">
<SPAN>②기초자산의 만기평가가격이 </SPAN>
<SPAN USERMARK="BU">최초기준가격의 </SPAN>
<SPAN USERMARK="BU 0X0000FF">100% </SPAN>
<SPAN USERMARK="BU">미만</SPAN>
<SPAN>인 경우</SPAN>
</TD>
<TD ALIGN="CENTER" VALIGN="MIDDLE" WIDTH="212" HEIGHT="46">액면금액×100.00%</TD>
</TR>
</TBODY>
</TABLE>
<P></P>

<TABLE ACLASS="NORMAL" AFIXTABLE="N" BORDER="1" WIDTH="600">

<COLGROUP WIDTH="600">
<COL WIDTH="181"></COL>
<COL WIDTH="419"></COL>
</COLGROUP>

<TBODY>

<TR ACOPY="Y" ADELETE="Y" HEIGHT="30">
<TD WIDTH="172" HEIGHT="23">만기평가가격</TD>
<TD WIDTH="410" HEIGHT="23">만기평가일의 기초자산 종가 (현지거래소 기준)</TD>
</TR>

<TR ACOPY="Y" ADELETE="Y" HEIGHT="30">
<TD WIDTH="172" HEIGHT="23">만기평가일</TD>
<TD WIDTH="410" HEIGHT="23">2029년 01월 05일</TD>
</TR>
</TBODY>
</TABLE>

<P>
<SPAN>○ 만기상환일 : 만기평가일(불포함) 후 [</SPAN>
<SPAN USERMARK="B 0X0000FF">2</SPAN>
<SPAN>]영업일</SPAN>
</P>

<P>
<SPAN USERMARK="B">라. 기타 중요사항</SPAN>ｏ 평가일이 예정거래일이 아닌 경우 이후 최초로 도래하는 예정거래일을 평가일로 합니다. 기초자산이 복수인 경우, 어느 평가일이 어느 한 기초자산에 대하여 예정거래일이 아니면 모든 기초자산에 대하여 예정거래일이 아닌 것으로 간주합니다.ｏ 평가일이 2일 이상으로 연속되는 경우, 어느 한 평가일이 연기되면 그에 연속해서 이어지는 이후 평가일들도 순차적으로 익 예정거래일들로 순연됩니다.ｏ 평가일이 교란일인 경우 해당 평가일이 변경될 수 있음을 유의하시기 바랍니다. (보다 자세한 내용은 '투자설명서 Ⅱ. 증권의 주요 권리내용> 3. 권리내용의 변경 및 결제불이행에 관한 사항'을 참조하시기 바랍니다.)ｏ 평가일이 변경되는 경우, 상환일은 변경된 평가일(불포함) 후 [
<SPAN USERMARK="B 0X0000FF">2</SPAN>]영업일로 하고 (평가일이 2일 이상으로 연속되는 경우, 상환일은 변경된 마지막 평가일 후 [
<SPAN USERMARK="B 0X0000FF">2</SPAN>]영업일) 추가적인 이자는 가산하지 않습니다.ｏ 상환일이 영업일이 아니면 익 영업일이 상환일이 됩니다. 또한, 평가일과 상환일 사이에 한국예탁결제원의 예탁원상환업무 절차가 진행되는 1영업일이 없는 경우 상환일은 익 영업일로 조정됩니다. 이 경우, 추가적인 이자는 가산하지 않습니다.ｏ 1증권당 상환금액 계산시 원미만은 절사합니다.ｏ 발행사는 '투자설명서 Ⅱ. 증권의 주요 권리내용> 3. 권리내용의 변경 및 결제불이행에 관한 사항'에 정해진 바에 따라 본 증권의 권리내용을 변경하거나 만기 이전이라도 조기종결 할 수 있습니다.
</P>
<PGBRK></PGBRK>
<P USERMARK="F-14  0XFF0000">교보증권 제12287회 파생결합사채(주가연계)</P>
<P USERMARK="F-14 B 0XFF0000">1. 상품개요</P>

<TABLE ACLASS="NORMAL" AFIXTABLE="N" BORDER="1" WIDTH="622">

<COLGROUP WIDTH="622">
<COL WIDTH="87"></COL>
<COL WIDTH="121"></COL>
<COL WIDTH="414"></COL>
</COLGROUP>

<THEAD>

<TR ACOPY="Y" ADELETE="Y" HEIGHT="30">
<TH WIDTH="199" HEIGHT="23" COLSPAN="2" USERMARK="B"> 항목</TH>
<TH WIDTH="405" HEIGHT="23" USERMARK="B">내용</TH>
</TR>
</THEAD>

<TBODY>

<TR ACOPY="Y" ADELETE="Y" HEIGHT="53">
<TD WIDTH="199" HEIGHT="46" COLSPAN="2" ALIGN="CENTER" VALIGN="MIDDLE" USERMARK="B">종목명</TD>
<TD WIDTH="405" HEIGHT="46" ALIGN="CENTER" USERMARK="B">교보증권 제12287회 주가연계파생결합사채(낮은위험)</TD>
</TR>

<TR ACOPY="Y" ADELETE="Y" HEIGHT="122">
<TD COLSPAN="2" ALIGN="CENTER" VALIGN="MIDDLE" USERMARK="B" WIDTH="199" HEIGHT="115">고난도금융투자상품해당여부</TD>
<TD ALIGN="CENTER" VALIGN="MIDDLE" WIDTH="405" HEIGHT="115">본 증권은 자본시장법 시행령 제2조제7호에서 정하는 고난도금융투자상품에 해당하지 아니하며 만기 또는 자동조기상환시 원금 이상을 지급하는 구조입니다. 그러나 기초자산 가격변동 이외의 요인(투자자 요청에 따른 중도상환, 발행사의 지급 불이행 등)으로 추가 손실이 발생할 수 있습니다.</TD>
</TR>

<TR ACOPY="Y" ADELETE="Y" HEIGHT="30">
<TD COLSPAN="2" ALIGN="CENTER" VALIGN="MIDDLE" USERMARK="B" WIDTH="199" HEIGHT="23">기초자산</TD>
<TD ALIGN="CENTER" WIDTH="405" HEIGHT="23">KOSPI200 지수</TD>
</TR>

<TR ACOPY="Y" ADELETE="Y" HEIGHT="30">
<TD WIDTH="199" HEIGHT="23" COLSPAN="2" ALIGN="CENTER" USERMARK="B">모 집 총 액</TD>
<TD WIDTH="405" HEIGHT="23" ALIGN="CENTER">9,950,000,000원</TD>
</TR>

<TR ACOPY="Y" ADELETE="Y" HEIGHT="30">
<TD WIDTH="199" HEIGHT="23" COLSPAN="2" ALIGN="CENTER" USERMARK="B">1증권당 액면가액</TD>
<TD WIDTH="405" HEIGHT="23" ALIGN="CENTER">10,000원</TD>
</TR>

<TR ACOPY="Y" ADELETE="Y" HEIGHT="30">
<TD WIDTH="199" HEIGHT="23" COLSPAN="2" ALIGN="CENTER" USERMARK="B">1증권당 발행가액</TD>
<TD WIDTH="405" HEIGHT="23" ALIGN="CENTER">9,950원</TD>
</TR>

<TR ACOPY="Y" ADELETE="Y" HEIGHT="30">
<TD WIDTH="199" HEIGHT="23" COLSPAN="2" ALIGN="CENTER" USERMARK="B">발행 수량</TD>
<TD WIDTH="405" HEIGHT="23" ALIGN="CENTER">1,000,000 증권</TD>
</TR>

<TR ACOPY="Y" ADELETE="Y" HEIGHT="30">
<TD WIDTH="199" HEIGHT="23" COLSPAN="2" ALIGN="CENTER" USERMARK="B">최소청약금액</TD>
<TD WIDTH="405" HEIGHT="23" ALIGN="CENTER">1,000,000원</TD>
</TR>

<TR ACOPY="Y" ADELETE="Y" HEIGHT="30">
<TD WIDTH="78" HEIGHT="76" ROWSPAN="2" ALIGN="CENTER" VALIGN="MIDDLE" USERMARK="B">청약기간</TD>
<TD WIDTH="112" HEIGHT="23" ALIGN="CENTER" VALIGN="MIDDLE" USERMARK="B">청약시작일</TD>
<TD WIDTH="405" HEIGHT="23" ALIGN="CENTER">2026년 01월 05일</TD>
</TR>

<TR ACOPY="Y" ADELETE="Y" HEIGHT="53">
<TD WIDTH="112" HEIGHT="46" ALIGN="CENTER" VALIGN="MIDDLE" USERMARK="B">청약종료일</TD>
<TD WIDTH="405" HEIGHT="46" ALIGN="CENTER">2026년 01월 05일(청약기간이후 청약취소 불가)</TD>
</TR>

<TR ACOPY="Y" ADELETE="Y" HEIGHT="30">
<TD WIDTH="199" HEIGHT="23" COLSPAN="2" ALIGN="CENTER" USERMARK="B">납 입 일</TD>
<TD WIDTH="405" HEIGHT="23" ALIGN="CENTER">2026년 01월 05일</TD>
</TR>

<TR ACOPY="Y" ADELETE="Y" HEIGHT="30">
<TD WIDTH="199" HEIGHT="23" COLSPAN="2" ALIGN="CENTER" USERMARK="B">배정 및 환불일</TD>
<TD WIDTH="405" HEIGHT="23" ALIGN="CENTER">2026년 01월 05일</TD>
</TR>

<TR ACOPY="Y" ADELETE="Y" HEIGHT="30">
<TD WIDTH="199" HEIGHT="23" COLSPAN="2" ALIGN="CENTER" USERMARK="B">발 행 일</TD>
<TD WIDTH="405" HEIGHT="23" ALIGN="CENTER">2026년 01월 05일</TD>
</TR>

<TR ACOPY="Y" ADELETE="Y" HEIGHT="30">
<TD WIDTH="199" HEIGHT="23" COLSPAN="2" ALIGN="CENTER" USERMARK="B">전자등록기관</TD>
<TD WIDTH="405" HEIGHT="23" ALIGN="CENTER">한국예탁결제원</TD>
</TR>

<TR ACOPY="Y" ADELETE="Y" HEIGHT="30">
<TD WIDTH="199" HEIGHT="23" COLSPAN="2" ALIGN="CENTER" USERMARK="B">증권의 상장여부</TD>
<TD WIDTH="405" HEIGHT="23" ALIGN="CENTER">비상장</TD>
</TR>

<TR ACOPY="Y" ADELETE="Y" HEIGHT="53">
<TD USERMARK="B" WIDTH="199" HEIGHT="46" COLSPAN="2" ALIGN="CENTER" VALIGN="MIDDLE">자동조기상환</TD>
<TD WIDTH="405" HEIGHT="46">자세한 내용은 본 일괄신고추가서류 'Ⅱ.증권의 주요 권리내용 2. 권리의 내용'을 참조하시기 바랍니다.</TD>
</TR>

<TR ACOPY="Y" ADELETE="Y" HEIGHT="30">
<TD WIDTH="199" HEIGHT="23" COLSPAN="2" ALIGN="CENTER" USERMARK="B">자동조기상환시 결제방법</TD>
<TD WIDTH="405" HEIGHT="23" ALIGN="CENTER">현금결제</TD>
</TR>

<TR ACOPY="Y" ADELETE="Y" HEIGHT="53">
<TD WIDTH="199" HEIGHT="46" COLSPAN="2" ALIGN="CENTER" VALIGN="MIDDLE" USERMARK="B">자동조기상환일[자동조기상환금액 지급일]</TD>
<TD WIDTH="405" HEIGHT="46" ALIGN="CENTER" VALIGN="MIDDLE">해당 자동조기상환평가일(불포함) 후 2영업일</TD>
</TR>

<TR ACOPY="Y" ADELETE="Y" HEIGHT="30">
<TD COLSPAN="2" ALIGN="CENTER" VALIGN="MIDDLE" USERMARK="B" WIDTH="199" HEIGHT="23">쿠폰지급시 결제방법</TD>
<TD ALIGN="CENTER" VALIGN="MIDDLE" WIDTH="405" HEIGHT="23">현금결제</TD>
</TR>

<TR ACOPY="Y" ADELETE="Y" HEIGHT="30">
<TD COLSPAN="2" ALIGN="CENTER" VALIGN="MIDDLE" USERMARK="B" WIDTH="199" HEIGHT="23">쿠폰지급일</TD>
<TD ALIGN="CENTER" VALIGN="MIDDLE" WIDTH="405" HEIGHT="23">해당 쿠폰지급평가일(불포함) 후 2영업일</TD>
</TR>

<TR ACOPY="Y" ADELETE="Y" HEIGHT="30">
<TD WIDTH="199" HEIGHT="23" COLSPAN="2" ALIGN="CENTER" USERMARK="B">만 기 일</TD>
<TD WIDTH="405" HEIGHT="23" ALIGN="CENTER">2029년 01월 09일</TD>
</TR>

<TR ACOPY="Y" ADELETE="Y" HEIGHT="53">
<TD WIDTH="199" HEIGHT="46" COLSPAN="2" ALIGN="CENTER" VALIGN="MIDDLE" USERMARK="B">만기상환</TD>
<TD WIDTH="405" HEIGHT="46" ALIGN="CENTER">본 일괄신고추가서류 'II. 증권의 권리내용 2. 권리의 내용'을 참조하시기 바랍니다.</TD>
</TR>

<TR ACOPY="Y" ADELETE="Y" HEIGHT="30">
<TD WIDTH="199" HEIGHT="23" COLSPAN="2" ALIGN="CENTER" USERMARK="B">만기시 결제방법</TD>
<TD WIDTH="405" HEIGHT="23" ALIGN="CENTER">현금결제</TD>
</TR>

<TR ACOPY="Y" ADELETE="Y" HEIGHT="76">
<TD WIDTH="199" HEIGHT="69" COLSPAN="2" ALIGN="CENTER" VALIGN="MIDDLE" USERMARK="B">발행취소에 관한 사항</TD>

<TD WIDTH="405" HEIGHT="69">청약금액의 합계가 [
<SPAN USERMARK="B 0X0000FF">3억원</SPAN>] 미만일 경우, 발행사는 본 증권의 발행을 취소할 수 있습니다. 이 경우 청약금액은 환불일에 투자자들의 해당 청약계좌로 반환됩니다.
</TD>
</TR>

<TR ACOPY="Y" ADELETE="Y" HEIGHT="168">
<TD WIDTH="199" HEIGHT="161" COLSPAN="2" ALIGN="CENTER" VALIGN="MIDDLE" USERMARK="B">기타 유의사항</TD>
<TD WIDTH="405" HEIGHT="161">본 증권은 「주식·사채등의 전자등록에 관한 법률」에 따라 전자등록기관인 한국예탁결제원을 통하여 전자등록하여 발행하고, 실물을 발행하지 않습니다.본 증권의 보유자는 전자등록기관의 계좌관리기관등 자기계좌부 또는 계좌관리기관의 고객계좌부에의 전자등록을 통하여 본 증권을 보유합니다.본 증권의 분할 및 병합은 인정되지 아니합니다.</TD>
</TR>
</TBODY>
</TABLE>
<P></P>

<P>
<SPAN USERMARK="F-11 ">※ 총 청약금액이 모집총액의 100%에 미달하는 경우는 부분납입으로 종결하고 해당 금액만을 발행하고, 모집총액의 100%를 초과하는 경우는 안분배정합니다. </SPAN>
<SPAN USERMARK="F-11 BU">단, 총 청약금액이 총 3억원에 미달되는 경우 본 증권이 취소</SPAN>
<SPAN USERMARK="F-11 ">될 수 있으며 이 경우 환불일에 청약금액을 환불하되 이자는 가산하지 않으니 이 점 유의하시기 바랍니다.</SPAN>
</P>
<P>(1) 본 증권은 1증권당 9,950원으로 모집합니다.</P>

<P>(2) 
<SPAN USERMARK="BU">본 증권의 공정가액은 2025년 12월 19일 현재 9,827.93원으로 추산</SPAN>됩니다.
</P>

<P>※ 이는 
<SPAN USERMARK="U">본 신고서 제출일 전전일</SPAN> 기준으로 제3의 평가기관으로부터 제시받은 이론상의 평가가격으로, 본 거래에 따른 위험회피거래에 소요되는 만기까지의 헤지비용은 가산하지 않은 가격 입니다. 이론가격 산출에 사용한 시장변수는 아래 표와 같습니다.
</P>
<P>* 기초자산가격 변동성 및 기초자산 일별수익률간의 상관계수</P>

<TABLE ACLASS="NORMAL" AFIXTABLE="N" BORDER="1" WIDTH="613">

<COLGROUP WIDTH="613">
<COL WIDTH="170"></COL>
<COL WIDTH="443"></COL>
</COLGROUP>

<THEAD>

<TR ACOPY="Y" ADELETE="Y" HEIGHT="30">
<TH USERMARK="B" WIDTH="161" HEIGHT="23" ACOPYCOL="Y" ADELETECOL="Y" AMOVECOL="N">항    목</TH>
<TH USERMARK="B" WIDTH="434" HEIGHT="23" ACOPYCOL="Y" ADELETECOL="Y" AMOVECOL="N">내      용</TH>
</TR>
</THEAD>

<TBODY>

<TR ACOPY="Y" ADELETE="Y" HEIGHT="30">
<TD WIDTH="161" ALIGN="CENTER" VALIGN="MIDDLE" HEIGHT="23">기초자산가격 변동성</TD>
<TD WIDTH="434" VALIGN="MIDDLE" HEIGHT="23">- KOSPI200 지수 : 27.22%</TD>
</TR>
</TBODY>
</TABLE>
<P USERMARK="F-10 ">[변동성 기준: Volatility Surface에 대하여 VIX방법론을 이용(Jiang and Tian(2005))하여 Volatility Term Structure를 산출한 뒤 해당만기에 상응하는 변동성을 적용, 상관계수 기준: 180영업일 역사적 상관계수]</P>
<P></P>
<P>※ 발행 이후 발행사의 홈페이지에 게시하는 공정가액(기준가)은 확정된 기초자산의 기준가격과 당시 시장상황을 감안하여 추산된 헤지비용 등이 반영되므로 본 일괄신고추가서류 제출일 현재 제시한 가격과 달라질 수 있습니다.</P>

<P USERMARK="F-11 ">
<SPAN USERMARK="F-16 B 0XFF0000">2. 권리의 내용</SPAN>
</P>

<P USERMARK="F-11 ">
<SPAN USERMARK="F-14 B 0XFF0000">(1) 상환금액의 지급에 관한 사항</SPAN>
<SPAN USERMARK="F-12 ">투자자는 본 일괄신고추가서류에 정하여진 산식에 따라 계산된 상환금액을 해당 지급일에 지급받을 권리가 있으며, 그 구체적인 사항은 다음과 같습니다.</SPAN>
</P>

<P> 
<SPAN USERMARK="B">가.최초기준가격</SPAN>
</P>

<TABLE ACLASS="NORMAL" WIDTH="600" BORDER="1">

<COLGROUP WIDTH="600">
<COL WIDTH="181"></COL>
<COL WIDTH="419"></COL>
</COLGROUP>

<TBODY>

<TR ACOPY="Y" ADELETE="Y" HEIGHT="30">
<TD WIDTH="172" HEIGHT="23">최초기준가격</TD>
<TD WIDTH="410" HEIGHT="23">최초기준가격평가일의 기초자산 종가 (현지거래소 기준)</TD>
</TR>

<TR ACOPY="Y" ADELETE="Y" HEIGHT="30">
<TD WIDTH="172" HEIGHT="23">최초기준가격평가일</TD>
<TD WIDTH="410" HEIGHT="23">2026년 01월 05일</TD>
</TR>
</TBODY>
</TABLE>
<P></P>

<P>
<SPAN USERMARK="B">나. 자동조기상환</SPAN>
</P>
<P>○ 어느 자동조기상환평가일에 자동조기상환 발생조건이 충족되는 경우 발행사는 해당 차수의 자동조기상환일에 해당 차수의 상환금액을 지급함으로써 본 증권을 상환</P>
<P>○ 자동조기상환 발생조건</P>

<TABLE ACLASS="NORMAL" WIDTH="714" BORDER="1" AFIXTABLE="N">

<COLGROUP WIDTH="714">
<COL WIDTH="53"></COL>
<COL WIDTH="661"></COL>
</COLGROUP>

<THEAD>

<TR ACOPY="Y" ADELETE="Y" HEIGHT="30">
<TH WIDTH="44" HEIGHT="23" USERMARK="B">차수</TH>
<TH WIDTH="652" HEIGHT="23" USERMARK="B">자동조기상환 발생조건</TH>
</TR>
</THEAD>

<TBODY>

<TR ACOPY="Y" ADELETE="Y" HEIGHT="30">
<TD ALIGN="CENTER" WIDTH="44" HEIGHT="23">1차</TD>

<TD WIDTH="652" HEIGHT="23">
<SPAN>기초자산의 1차 자동조기상환평가가격이 </SPAN>
<SPAN USERMARK="BU">최초기준가격의 </SPAN>
<SPAN USERMARK="BU 0X0000FF">100%</SPAN>
<SPAN USERMARK="BU">이상인 경우</SPAN>
</TD>
</TR>

<TR ACOPY="Y" ADELETE="Y" HEIGHT="30">
<TD ALIGN="CENTER" WIDTH="44" HEIGHT="23">2차</TD>

<TD WIDTH="652" HEIGHT="23">
<SPAN>기초자산의 2차 자동조기상환평가가격이 </SPAN>
<SPAN USERMARK="BU">최초기준가격의 </SPAN>
<SPAN USERMARK="BU 0X0000FF">100%</SPAN>
<SPAN USERMARK="BU">이상인 경우</SPAN>
</TD>
</TR>

<TR ACOPY="Y" ADELETE="Y" HEIGHT="30">
<TD ALIGN="CENTER" WIDTH="44" HEIGHT="23">3차</TD>

<TD WIDTH="652" HEIGHT="23">
<SPAN>기초자산의 3차 자동조기상환평가가격이 </SPAN>
<SPAN USERMARK="BU">최초기준가격의 </SPAN>
<SPAN USERMARK="BU 0X0000FF">100%</SPAN>
<SPAN USERMARK="BU">이상인 경우</SPAN>
</TD>
</TR>

<TR ACOPY="Y" ADELETE="Y" HEIGHT="30">
<TD ALIGN="CENTER" WIDTH="44" HEIGHT="23">4차</TD>

<TD WIDTH="652" HEIGHT="23">
<SPAN>기초자산의 4차 자동조기상환평가가격이 </SPAN>
<SPAN USERMARK="BU">최초기준가격의 </SPAN>
<SPAN USERMARK="BU 0X0000FF">100%</SPAN>
<SPAN USERMARK="BU">이상인 경우</SPAN>
</TD>
</TR>

<TR ACOPY="Y" ADELETE="Y" HEIGHT="30">
<TD ALIGN="CENTER" WIDTH="44" HEIGHT="23">5차</TD>

<TD WIDTH="652" HEIGHT="23">
<SPAN>기초자산의 5차 자동조기상환평가가격이 </SPAN>
<SPAN USERMARK="BU">최초기준가격의 </SPAN>
<SPAN USERMARK="BU 0X0000FF">100%</SPAN>
<SPAN USERMARK="BU">이상인 경우</SPAN>
</TD>
</TR>
</TBODY>
</TABLE>
<P>○ 자동조기상환평가가격 : 해당 차수 자동조기상환평가일 기초자산 종가 (현지거래소 기준)</P>
<P>○ 자동조기상환평가일 및 상환금액</P>

<TABLE ACLASS="NORMAL" WIDTH="709" BORDER="1">

<COLGROUP WIDTH="709">
<COL WIDTH="58"></COL>
<COL WIDTH="167"></COL>
<COL WIDTH="290"></COL>
<COL WIDTH="194"></COL>
</COLGROUP>

<THEAD>

<TR ACOPY="Y" ADELETE="Y" HEIGHT="30">
<TH VALIGN="MIDDLE" WIDTH="49" HEIGHT="23" ACOPYCOL="Y" ADELETECOL="Y" AMOVECOL="N" USERMARK="B">차수</TH>
<TH VALIGN="MIDDLE" WIDTH="158" HEIGHT="23" ACOPYCOL="Y" ADELETECOL="Y" AMOVECOL="N" USERMARK="B">자동조기상환평가일</TH>
<TH VALIGN="MIDDLE" WIDTH="281" HEIGHT="23" ACOPYCOL="Y" ADELETECOL="Y" AMOVECOL="N" USERMARK="B">조건</TH>
<TH VALIGN="MIDDLE" WIDTH="185" HEIGHT="23" ACOPYCOL="Y" ADELETECOL="Y" AMOVECOL="N" USERMARK="B">상환금액(세전)</TH>
</TR>
</THEAD>

<TBODY>

<TR ACOPY="Y" ADELETE="Y" HEIGHT="30">
<TD ALIGN="CENTER" VALIGN="MIDDLE" WIDTH="49" HEIGHT="23">1차</TD>
<TD WIDTH="158" HEIGHT="23" VALIGN="MIDDLE" ALIGN="CENTER">2026년 07월 06일</TD>
<TD WIDTH="281" HEIGHT="23" VALIGN="MIDDLE" ALIGN="CENTER">1차 자동조기상환조건 충족시</TD>
<TD WIDTH="185" HEIGHT="23" VALIGN="MIDDLE" ALIGN="CENTER">액면금액 × 100.00%</TD>
</TR>

<TR ACOPY="Y" ADELETE="Y" HEIGHT="30">
<TD ALIGN="CENTER" VALIGN="MIDDLE" WIDTH="49" HEIGHT="23">2차</TD>
<TD WIDTH="158" HEIGHT="23" VALIGN="MIDDLE" ALIGN="CENTER">2027년 01월 05일</TD>
<TD WIDTH="281" HEIGHT="23" VALIGN="MIDDLE" ALIGN="CENTER">2차 자동조기상환조건 충족시</TD>
<TD WIDTH="185" HEIGHT="23" VALIGN="MIDDLE" ALIGN="CENTER">액면금액 × 100.00%</TD>
</TR>

<TR ACOPY="Y" ADELETE="Y" HEIGHT="30">
<TD ALIGN="CENTER" VALIGN="MIDDLE" WIDTH="49" HEIGHT="23">3차</TD>
<TD WIDTH="158" HEIGHT="23" VALIGN="MIDDLE" ALIGN="CENTER">2027년 07월 05일</TD>
<TD WIDTH="281" HEIGHT="23" VALIGN="MIDDLE" ALIGN="CENTER">3차 자동조기상환조건 충족시</TD>
<TD WIDTH="185" HEIGHT="23" VALIGN="MIDDLE" ALIGN="CENTER">액면금액 × 100.00%</TD>
</TR>

<TR ACOPY="Y" ADELETE="Y" HEIGHT="30">
<TD ALIGN="CENTER" VALIGN="MIDDLE" WIDTH="49" HEIGHT="23">4차</TD>
<TD WIDTH="158" HEIGHT="23" VALIGN="MIDDLE" ALIGN="CENTER">2028년 01월 05일</TD>
<TD WIDTH="281" HEIGHT="23" VALIGN="MIDDLE" ALIGN="CENTER">4차 자동조기상환조건 충족시</TD>
<TD WIDTH="185" HEIGHT="23" VALIGN="MIDDLE" ALIGN="CENTER">액면금액 × 100.00%</TD>
</TR>

<TR ACOPY="Y" ADELETE="Y" HEIGHT="30">
<TD ALIGN="CENTER" VALIGN="MIDDLE" WIDTH="49" HEIGHT="23">5차</TD>
<TD WIDTH="158" HEIGHT="23" VALIGN="MIDDLE" ALIGN="CENTER">2028년 07월 05일</TD>
<TD WIDTH="281" HEIGHT="23" VALIGN="MIDDLE" ALIGN="CENTER">5차 자동조기상환조건 충족시</TD>
<TD WIDTH="185" HEIGHT="23" VALIGN="MIDDLE" ALIGN="CENTER">액면금액 × 100.00%</TD>
</TR>
</TBODY>
</TABLE>

<P>○ 자동조기상환일 : 해당 차수 자동조기상환평가일(불포함) 후 [
<SPAN USERMARK="B 0X0000FF">2</SPAN>]영업일
</P>
<P>○ 자동조기상환 발생에 따라 상환이 이루어진 경우 본 증권은 종료되고 발행사는 이후 본 증권에 대하여 여하한 추가적인 의무를 부담하지 않음.</P>

<P>
<SPAN USERMARK="B">다. 월쿠폰지급</SPAN>○ 어느 쿠폰지급평가일에 쿠폰지급조건이 충족되는 경우 발행사는 해당 차수의 쿠폰지급일에 해당 쿠폰지급금액을 지급함○ 쿠폰지급조건 : 모든 기초자산의 해당차수 쿠폰지급평가가격이 각 최초기준가격의 
<SPAN USERMARK="B 0X0000FF">90% </SPAN>이상인 경우
</P>
<P>○ 쿠폰지급평가가격 : 해당 차수 쿠폰지급평가일의 각 기초자산 종가</P>
<P>○ 쿠폰지급평가일(1차~36차) 및 지급금액</P>

<TABLE ACLASS="NORMAL" AFIXTABLE="N" WIDTH="634" BORDER="1">

<COLGROUP WIDTH="634">
<COL WIDTH="44"></COL>
<COL WIDTH="129"></COL>
<COL WIDTH="144"></COL>
<COL WIDTH="44"></COL>
<COL WIDTH="129"></COL>
<COL WIDTH="144"></COL>
</COLGROUP>

<THEAD>

<TR ACOPY="Y" ADELETE="Y" HEIGHT="30">
<TH WIDTH="35" HEIGHT="23" ACOPYCOL="Y" ADELETECOL="Y" AMOVECOL="N" USERMARK="B">차수</TH>
<TH WIDTH="120" HEIGHT="23" ACOPYCOL="Y" ADELETECOL="Y" AMOVECOL="N" USERMARK="B">쿠폰지급평가일</TH>
<TH WIDTH="135" HEIGHT="23" ACOPYCOL="Y" ADELETECOL="Y" AMOVECOL="N" USERMARK="B">지급금액</TH>
<TH WIDTH="35" HEIGHT="23" ACOPYCOL="Y" ADELETECOL="Y" AMOVECOL="N" USERMARK="B">차수</TH>
<TH WIDTH="120" HEIGHT="23" ACOPYCOL="Y" ADELETECOL="Y" AMOVECOL="N" USERMARK="B">쿠폰지급평가일</TH>
<TH WIDTH="135" HEIGHT="23" ACOPYCOL="Y" ADELETECOL="Y" AMOVECOL="N" USERMARK="B">지급금액</TH>
</TR>
</THEAD>

<TBODY>

<TR ACOPY="Y" ADELETE="Y" HEIGHT="30">
<TD VALIGN="MIDDLE" ALIGN="CENTER" WIDTH="35" HEIGHT="23">1차</TD>
<TD VALIGN="MIDDLE" ALIGN="CENTER" WIDTH="120" HEIGHT="23">2026년 02월 05일</TD>
<TD VALIGN="MIDDLE" ALIGN="CENTER" WIDTH="135" HEIGHT="23">액면금액 x 0.425%</TD>
<TD VALIGN="MIDDLE" ALIGN="CENTER" WIDTH="35" HEIGHT="23">19차</TD>
<TD VALIGN="MIDDLE" ALIGN="CENTER" WIDTH="120" HEIGHT="23">2027년 08월 05일</TD>
<TD VALIGN="MIDDLE" ALIGN="CENTER" WIDTH="135" HEIGHT="23">액면금액 x 0.425%</TD>
</TR>

<TR ACOPY="Y" ADELETE="Y" HEIGHT="30">
<TD VALIGN="MIDDLE" ALIGN="CENTER" WIDTH="35" HEIGHT="23">2차</TD>
<TD VALIGN="MIDDLE" ALIGN="CENTER" WIDTH="120" HEIGHT="23">2026년 03월 05일</TD>
<TD VALIGN="MIDDLE" ALIGN="CENTER" WIDTH="135" HEIGHT="23">액면금액 x 0.425%</TD>
<TD VALIGN="MIDDLE" ALIGN="CENTER" WIDTH="35" HEIGHT="23">20차</TD>
<TD VALIGN="MIDDLE" ALIGN="CENTER" WIDTH="120" HEIGHT="23">2027년 09월 06일</TD>
<TD VALIGN="MIDDLE" ALIGN="CENTER" WIDTH="135" HEIGHT="23">액면금액 x 0.425%</TD>
</TR>

<TR ACOPY="Y" ADELETE="Y" HEIGHT="30">
<TD VALIGN="MIDDLE" ALIGN="CENTER" WIDTH="35" HEIGHT="23">3차</TD>
<TD VALIGN="MIDDLE" ALIGN="CENTER" WIDTH="120" HEIGHT="23">2026년 04월 06일</TD>
<TD VALIGN="MIDDLE" ALIGN="CENTER" WIDTH="135" HEIGHT="23">액면금액 x 0.425%</TD>
<TD VALIGN="MIDDLE" ALIGN="CENTER" WIDTH="35" HEIGHT="23">21차</TD>
<TD VALIGN="MIDDLE" ALIGN="CENTER" WIDTH="120" HEIGHT="23">2027년 10월 05일</TD>
<TD VALIGN="MIDDLE" ALIGN="CENTER" WIDTH="135" HEIGHT="23">액면금액 x 0.425%</TD>
</TR>

<TR ACOPY="Y" ADELETE="Y" HEIGHT="30">
<TD VALIGN="MIDDLE" ALIGN="CENTER" WIDTH="35" HEIGHT="23">4차</TD>
<TD VALIGN="MIDDLE" ALIGN="CENTER" WIDTH="120" HEIGHT="23">2026년 05월 06일</TD>
<TD VALIGN="MIDDLE" ALIGN="CENTER" WIDTH="135" HEIGHT="23">액면금액 x 0.425%</TD>
<TD VALIGN="MIDDLE" ALIGN="CENTER" WIDTH="35" HEIGHT="23">22차</TD>
<TD VALIGN="MIDDLE" ALIGN="CENTER" WIDTH="120" HEIGHT="23">2027년 11월 05일</TD>
<TD VALIGN="MIDDLE" ALIGN="CENTER" WIDTH="135" HEIGHT="23">액면금액 x 0.425%</TD>
</TR>

<TR ACOPY="Y" ADELETE="Y" HEIGHT="30">
<TD VALIGN="MIDDLE" ALIGN="CENTER" WIDTH="35" HEIGHT="23">5차</TD>
<TD VALIGN="MIDDLE" ALIGN="CENTER" WIDTH="120" HEIGHT="23">2026년 06월 05일</TD>
<TD VALIGN="MIDDLE" ALIGN="CENTER" WIDTH="135" HEIGHT="23">액면금액 x 0.425%</TD>
<TD VALIGN="MIDDLE" ALIGN="CENTER" WIDTH="35" HEIGHT="23">23차</TD>
<TD VALIGN="MIDDLE" ALIGN="CENTER" WIDTH="120" HEIGHT="23">2027년 12월 06일</TD>
<TD VALIGN="MIDDLE" ALIGN="CENTER" WIDTH="135" HEIGHT="23">액면금액 x 0.425%</TD>
</TR>

<TR ACOPY="Y" ADELETE="Y" HEIGHT="30">
<TD VALIGN="MIDDLE" ALIGN="CENTER" WIDTH="35" HEIGHT="23">6차</TD>
<TD VALIGN="MIDDLE" ALIGN="CENTER" WIDTH="120" HEIGHT="23">2026년 07월 06일</TD>
<TD VALIGN="MIDDLE" ALIGN="CENTER" WIDTH="135" HEIGHT="23">액면금액 x 0.425%</TD>
<TD VALIGN="MIDDLE" ALIGN="CENTER" WIDTH="35" HEIGHT="23">24차</TD>
<TD VALIGN="MIDDLE" ALIGN="CENTER" WIDTH="120" HEIGHT="23">2028년 01월 05일</TD>
<TD VALIGN="MIDDLE" ALIGN="CENTER" WIDTH="135" HEIGHT="23">액면금액 x 0.425%</TD>
</TR>

<TR ACOPY="Y" ADELETE="Y" HEIGHT="30">
<TD VALIGN="MIDDLE" ALIGN="CENTER" WIDTH="35" HEIGHT="23">7차</TD>
<TD VALIGN="MIDDLE" ALIGN="CENTER" WIDTH="120" HEIGHT="23">2026년 08월 05일</TD>
<TD VALIGN="MIDDLE" ALIGN="CENTER" WIDTH="135" HEIGHT="23">액면금액 x 0.425%</TD>
<TD VALIGN="MIDDLE" ALIGN="CENTER" WIDTH="35" HEIGHT="23">25차</TD>
<TD VALIGN="MIDDLE" ALIGN="CENTER" WIDTH="120" HEIGHT="23">2028년 02월 07일</TD>
<TD VALIGN="MIDDLE" ALIGN="CENTER" WIDTH="135" HEIGHT="23">액면금액 x 0.425%</TD>
</TR>

<TR ACOPY="Y" ADELETE="Y" HEIGHT="30">
<TD VALIGN="MIDDLE" ALIGN="CENTER" WIDTH="35" HEIGHT="23">8차</TD>
<TD VALIGN="MIDDLE" ALIGN="CENTER" WIDTH="120" HEIGHT="23">2026년 09월 07일</TD>
<TD VALIGN="MIDDLE" ALIGN="CENTER" WIDTH="135" HEIGHT="23">액면금액 x 0.425%</TD>
<TD VALIGN="MIDDLE" ALIGN="CENTER" WIDTH="35" HEIGHT="23">26차</TD>
<TD VALIGN="MIDDLE" ALIGN="CENTER" WIDTH="120" HEIGHT="23">2028년 03월 06일</TD>
<TD VALIGN="MIDDLE" ALIGN="CENTER" WIDTH="135" HEIGHT="23">액면금액 x 0.425%</TD>
</TR>

<TR ACOPY="Y" ADELETE="Y" HEIGHT="30">
<TD VALIGN="MIDDLE" ALIGN="CENTER" WIDTH="35" HEIGHT="23">9차</TD>
<TD VALIGN="MIDDLE" ALIGN="CENTER" WIDTH="120" HEIGHT="23">2026년 10월 06일</TD>
<TD VALIGN="MIDDLE" ALIGN="CENTER" WIDTH="135" HEIGHT="23">액면금액 x 0.425%</TD>
<TD VALIGN="MIDDLE" ALIGN="CENTER" WIDTH="35" HEIGHT="23">27차</TD>
<TD VALIGN="MIDDLE" ALIGN="CENTER" WIDTH="120" HEIGHT="23">2028년 04월 05일</TD>
<TD VALIGN="MIDDLE" ALIGN="CENTER" WIDTH="135" HEIGHT="23">액면금액 x 0.425%</TD>
</TR>

<TR ACOPY="Y" ADELETE="Y" HEIGHT="30">
<TD VALIGN="MIDDLE" ALIGN="CENTER" WIDTH="35" HEIGHT="23">10차</TD>
<TD VALIGN="MIDDLE" ALIGN="CENTER" WIDTH="120" HEIGHT="23">2026년 11월 05일</TD>
<TD VALIGN="MIDDLE" ALIGN="CENTER" WIDTH="135" HEIGHT="23">액면금액 x 0.425%</TD>
<TD VALIGN="MIDDLE" ALIGN="CENTER" WIDTH="35" HEIGHT="23">28차</TD>
<TD VALIGN="MIDDLE" ALIGN="CENTER" WIDTH="120" HEIGHT="23">2028년 05월 08일</TD>
<TD VALIGN="MIDDLE" ALIGN="CENTER" WIDTH="135" HEIGHT="23">액면금액 x 0.425%</TD>
</TR>

<TR ACOPY="Y" ADELETE="Y" HEIGHT="30">
<TD VALIGN="MIDDLE" ALIGN="CENTER" WIDTH="35" HEIGHT="23">11차</TD>
<TD VALIGN="MIDDLE" ALIGN="CENTER" WIDTH="120" HEIGHT="23">2026년 12월 07일</TD>
<TD VALIGN="MIDDLE" ALIGN="CENTER" WIDTH="135" HEIGHT="23">액면금액 x 0.425%</TD>
<TD VALIGN="MIDDLE" ALIGN="CENTER" WIDTH="35" HEIGHT="23">29차</TD>
<TD VALIGN="MIDDLE" ALIGN="CENTER" WIDTH="120" HEIGHT="23">2028년 06월 05일</TD>
<TD VALIGN="MIDDLE" ALIGN="CENTER" WIDTH="135" HEIGHT="23">액면금액 x 0.425%</TD>
</TR>

<TR ACOPY="Y" ADELETE="Y" HEIGHT="30">
<TD VALIGN="MIDDLE" ALIGN="CENTER" WIDTH="35" HEIGHT="23">12차</TD>
<TD VALIGN="MIDDLE" ALIGN="CENTER" WIDTH="120" HEIGHT="23">2027년 01월 05일</TD>
<TD VALIGN="MIDDLE" ALIGN="CENTER" WIDTH="135" HEIGHT="23">액면금액 x 0.425%</TD>
<TD VALIGN="MIDDLE" ALIGN="CENTER" WIDTH="35" HEIGHT="23">30차</TD>
<TD VALIGN="MIDDLE" ALIGN="CENTER" WIDTH="120" HEIGHT="23">2028년 07월 05일</TD>
<TD VALIGN="MIDDLE" ALIGN="CENTER" WIDTH="135" HEIGHT="23">액면금액 x 0.425%</TD>
</TR>

<TR ACOPY="Y" ADELETE="Y" HEIGHT="30">
<TD VALIGN="MIDDLE" ALIGN="CENTER" WIDTH="35" HEIGHT="23">13차</TD>
<TD VALIGN="MIDDLE" ALIGN="CENTER" WIDTH="120" HEIGHT="23">2027년 02월 05일</TD>
<TD VALIGN="MIDDLE" ALIGN="CENTER" WIDTH="135" HEIGHT="23">액면금액 x 0.425%</TD>
<TD VALIGN="MIDDLE" ALIGN="CENTER" WIDTH="35" HEIGHT="23">31차</TD>
<TD VALIGN="MIDDLE" ALIGN="CENTER" WIDTH="120" HEIGHT="23">2028년 08월 07일</TD>
<TD VALIGN="MIDDLE" ALIGN="CENTER" WIDTH="135" HEIGHT="23">액면금액 x 0.425%</TD>
</TR>

<TR ACOPY="Y" ADELETE="Y" HEIGHT="30">
<TD VALIGN="MIDDLE" ALIGN="CENTER" WIDTH="35" HEIGHT="23">14차</TD>
<TD VALIGN="MIDDLE" ALIGN="CENTER" WIDTH="120" HEIGHT="23">2027년 03월 05일</TD>
<TD VALIGN="MIDDLE" ALIGN="CENTER" WIDTH="135" HEIGHT="23">액면금액 x 0.425%</TD>
<TD VALIGN="MIDDLE" ALIGN="CENTER" WIDTH="35" HEIGHT="23">32차</TD>
<TD VALIGN="MIDDLE" ALIGN="CENTER" WIDTH="120" HEIGHT="23">2028년 09월 05일</TD>
<TD VALIGN="MIDDLE" ALIGN="CENTER" WIDTH="135" HEIGHT="23">액면금액 x 0.425%</TD>
</TR>

<TR ACOPY="Y" ADELETE="Y" HEIGHT="30">
<TD VALIGN="MIDDLE" ALIGN="CENTER" WIDTH="35" HEIGHT="23">15차</TD>
<TD VALIGN="MIDDLE" ALIGN="CENTER" WIDTH="120" HEIGHT="23">2027년 04월 05일</TD>
<TD VALIGN="MIDDLE" ALIGN="CENTER" WIDTH="135" HEIGHT="23">액면금액 x 0.425%</TD>
<TD VALIGN="MIDDLE" ALIGN="CENTER" WIDTH="35" HEIGHT="23">33차</TD>
<TD VALIGN="MIDDLE" ALIGN="CENTER" WIDTH="120" HEIGHT="23">2028년 10월 06일</TD>
<TD VALIGN="MIDDLE" ALIGN="CENTER" WIDTH="135" HEIGHT="23">액면금액 x 0.425%</TD>
</TR>

<TR ACOPY="Y" ADELETE="Y" HEIGHT="30">
<TD VALIGN="MIDDLE" ALIGN="CENTER" WIDTH="35" HEIGHT="23">16차</TD>
<TD VALIGN="MIDDLE" ALIGN="CENTER" WIDTH="120" HEIGHT="23">2027년 05월 06일</TD>
<TD VALIGN="MIDDLE" ALIGN="CENTER" WIDTH="135" HEIGHT="23">액면금액 x 0.425%</TD>
<TD VALIGN="MIDDLE" ALIGN="CENTER" WIDTH="35" HEIGHT="23">34차</TD>
<TD VALIGN="MIDDLE" ALIGN="CENTER" WIDTH="120" HEIGHT="23">2028년 11월 06일</TD>
<TD VALIGN="MIDDLE" ALIGN="CENTER" WIDTH="135" HEIGHT="23">액면금액 x 0.425%</TD>
</TR>

<TR ACOPY="Y" ADELETE="Y" HEIGHT="30">
<TD VALIGN="MIDDLE" ALIGN="CENTER" WIDTH="35" HEIGHT="23">17차</TD>
<TD VALIGN="MIDDLE" ALIGN="CENTER" WIDTH="120" HEIGHT="23">2027년 06월 07일</TD>
<TD VALIGN="MIDDLE" ALIGN="CENTER" WIDTH="135" HEIGHT="23">액면금액 x 0.425%</TD>
<TD VALIGN="MIDDLE" ALIGN="CENTER" WIDTH="35" HEIGHT="23">35차</TD>
<TD VALIGN="MIDDLE" ALIGN="CENTER" WIDTH="120" HEIGHT="23">2028년 12월 05일</TD>
<TD VALIGN="MIDDLE" ALIGN="CENTER" WIDTH="135" HEIGHT="23">액면금액 x 0.425%</TD>
</TR>

<TR ACOPY="Y" ADELETE="Y" HEIGHT="30">
<TD VALIGN="MIDDLE" ALIGN="CENTER" WIDTH="35" HEIGHT="23">18차</TD>
<TD VALIGN="MIDDLE" ALIGN="CENTER" WIDTH="120" HEIGHT="23">2027년 07월 05일</TD>
<TD VALIGN="MIDDLE" ALIGN="CENTER" WIDTH="135" HEIGHT="23">액면금액 x 0.425%</TD>
<TD VALIGN="MIDDLE" ALIGN="CENTER" WIDTH="35" HEIGHT="23">36차</TD>
<TD VALIGN="MIDDLE" ALIGN="CENTER" WIDTH="120" HEIGHT="23">2029년 01월 05일</TD>
<TD VALIGN="MIDDLE" ALIGN="CENTER" WIDTH="135" HEIGHT="23">액면금액 x 0.425%</TD>
</TR>
</TBODY>
</TABLE>
<P>○ 쿠폰지급일 : 해당 쿠폰지급평가일(불포함) 후 2영업일</P>

<P>
<SPAN USERMARK="B">라. 만기상환</SPAN>
</P>
<P>○ 자동조기상환이 발생하지 않은 경우 발행사는 만기일에 아래 만기상환금액 결정조건에 따라 결정된 상환금액을 지급함으로써 본 증권을 상환함.○ 만기상환 발생조건</P>

<TABLE ACLASS="NORMAL" WIDTH="627" BORDER="1" AFIXTABLE="N">

<COLGROUP WIDTH="627">
<COL WIDTH="406"></COL>
<COL WIDTH="221"></COL>
</COLGROUP>

<THEAD>

<TR ACOPY="Y" ADELETE="Y" HEIGHT="30">
<TH VALIGN="MIDDLE" WIDTH="397" HEIGHT="23" ACOPYCOL="Y" ADELETECOL="Y" AMOVECOL="N" USERMARK="B">만기상환금액 결정조건</TH>
<TH VALIGN="MIDDLE" WIDTH="212" HEIGHT="23" ACOPYCOL="Y" ADELETECOL="Y" AMOVECOL="N" USERMARK="B">상환금액(세전)</TH>
</TR>
</THEAD>

<TBODY>

<TR ACOPY="Y" ADELETE="Y" HEIGHT="53">

<TD WIDTH="397" HEIGHT="46">
<SPAN>① 기초자산의 만기평가가격이 </SPAN>
<SPAN USERMARK="BU">최초기준가격의 </SPAN>
<SPAN USERMARK="BU 0X0000FF">100% </SPAN>
<SPAN USERMARK="BU">이상</SPAN>
<SPAN>인 경우</SPAN>
</TD>

<TD ALIGN="CENTER" VALIGN="MIDDLE" WIDTH="212" HEIGHT="46">액면금액×
<SPAN USERMARK="B">100.00%</SPAN>
</TD>
</TR>

<TR ACOPY="Y" ADELETE="Y" HEIGHT="53">

<TD WIDTH="397" HEIGHT="46">
<SPAN>②기초자산의 만기평가가격이 </SPAN>
<SPAN USERMARK="BU">최초기준가격의 </SPAN>
<SPAN USERMARK="BU 0X0000FF">100% </SPAN>
<SPAN USERMARK="BU">미만</SPAN>
<SPAN>인 경우</SPAN>
</TD>
<TD ALIGN="CENTER" VALIGN="MIDDLE" WIDTH="212" HEIGHT="46">액면금액×100.00%</TD>
</TR>
</TBODY>
</TABLE>
<P></P>

<TABLE ACLASS="NORMAL" AFIXTABLE="N" BORDER="1" WIDTH="600">

<COLGROUP WIDTH="600">
<COL WIDTH="181"></COL>
<COL WIDTH="419"></COL>
</COLGROUP>

<TBODY>

<TR ACOPY="Y" ADELETE="Y" HEIGHT="30">
<TD WIDTH="172" HEIGHT="23">만기평가가격</TD>
<TD WIDTH="410" HEIGHT="23">만기평가일의 기초자산 종가 (현지거래소 기준)</TD>
</TR>

<TR ACOPY="Y" ADELETE="Y" HEIGHT="30">
<TD WIDTH="172" HEIGHT="23">만기평가일</TD>
<TD WIDTH="410" HEIGHT="23">2029년 01월 05일</TD>
</TR>
</TBODY>
</TABLE>

<P>
<SPAN>○ 만기상환일 : 만기평가일(불포함) 후 [</SPAN>
<SPAN USERMARK="B 0X0000FF">2</SPAN>
<SPAN>]영업일</SPAN>
</P>

<P>
<SPAN USERMARK="B">마. 기타 중요사항</SPAN>ｏ 평가일이 예정거래일이 아닌 경우 이후 최초로 도래하는 예정거래일을 평가일로 합니다. 기초자산이 복수인 경우, 어느 평가일이 어느 한 기초자산에 대하여 예정거래일이 아니면 모든 기초자산에 대하여 예정거래일이 아닌 것으로 간주합니다.ｏ 평가일이 2일 이상으로 연속되는 경우, 어느 한 평가일이 연기되면 그에 연속해서 이어지는 이후 평가일들도 순차적으로 익 예정거래일들로 순연됩니다.ｏ 평가일이 교란일인 경우 해당 평가일이 변경될 수 있음을 유의하시기 바랍니다. (보다 자세한 내용은 '투자설명서 Ⅱ. 증권의 주요 권리내용> 3. 권리내용의 변경 및 결제불이행에 관한 사항'을 참조하시기 바랍니다.)ｏ 평가일이 변경되는 경우, 상환일은 변경된 평가일(불포함) 후 [
<SPAN USERMARK="B 0X0000FF">2</SPAN>]영업일로 하고 (평가일이 2일 이상으로 연속되는 경우, 상환일은 변경된 마지막 평가일 후 [
<SPAN USERMARK="B 0X0000FF">2</SPAN>]영업일) 추가적인 이자는 가산하지 않습니다.ｏ 상환일이 영업일이 아니면 익 영업일이 상환일이 됩니다. 또한, 평가일과 상환일 사이에 한국예탁결제원의 예탁원상환업무 절차가 진행되는 1영업일이 없는 경우 상환일은 익 영업일로 조정됩니다. 이 경우, 추가적인 이자는 가산하지 않습니다.ｏ 1증권당 상환금액 계산시 원미만은 절사합니다.ｏ 발행사는 '투자설명서 Ⅱ. 증권의 주요 권리내용> 3. 권리내용의 변경 및 결제불이행에 관한 사항'에 정해진 바에 따라 본 증권의 권리내용을 변경하거나 만기 이전이라도 조기종결 할 수 있습니다.
</P>

<TABLE ACLASS="NORMAL" AFIXTABLE="N" BORDER="0" WIDTH="626">

<COLGROUP WIDTH="626">
<COL WIDTH="626"></COL>
</COLGROUP>

<TBODY>

<TR ACOPY="Y" ADELETE="Y" HEIGHT="30">
<TD VALIGN="MIDDLE" ALIGN="RIGHT" WIDTH="617" HEIGHT="23">2026년 01월 05일</TD>
</TR>

<TR ACOPY="Y" ADELETE="Y" HEIGHT="30">
<TD VALIGN="MIDDLE" ALIGN="RIGHT" WIDTH="617" HEIGHT="23">교보증권 주식회사</TD>
</TR>

<TR ACOPY="Y" ADELETE="Y" HEIGHT="30">
<TD VALIGN="MIDDLE" ALIGN="RIGHT" WIDTH="617" HEIGHT="23">대표이사 이 석 기 (인)</TD>
</TR>
</TBODY>
</TABLE>
</SECTION-2>
</LIBRARY>

</SECTION-1>
</BODY>
</DOCUMENT>