<?xml version="1.0" encoding="utf-8"?>


<DOCUMENT xmlns:xsi="http://www.w3.org/2001/XMLSchema-instance" xsi:noNamespaceSchemaLocation="dart4.xsd">

<DOCUMENT-NAME ACODE="80752">계열금융회사의약관에의한금융거래-[유가증권-수익증권]</DOCUMENT-NAME>
<FORMULA-VERSION ADATE="20240129">6.0</FORMULA-VERSION>
<COMPANY-NAME AREGCIK="01568972">(주)엠디엠자산운용</COMPANY-NAME>


<BODY ATOCID="1">

<SECTION-1 ACLASS="MANDATORY" APARTSOURCE="SOURCE">
<TITLE ATOC="Y" AASSOCNOTE="D-0-1-0-0" ENG="Financial Transactions in Accordance with Terms and Conditions of Affiliated Financial Company-[Securities-Benefits Certificates]" ATOCID="1">계열 금융회사의 약관에 의한 금융거래 - [유가증권-수익증권]</TITLE>
<P USERMARK="F-GL "></P>

<TABLE BORDER="1" WIDTH="1073" ACLASS="NORMAL" AFIXTABLE="N">

<COLGROUP WIDTH="1073">
<COL WIDTH="109"></COL>
<COL WIDTH="132"></COL>
<COL WIDTH="86"></COL>
<COL WIDTH="200"></COL>
<COL WIDTH="102"></COL>
<COL WIDTH="150"></COL>
<COL WIDTH="96"></COL>
<COL WIDTH="198"></COL>
</COLGROUP>

<TBODY>

<TR ACOPY="Y" ADELETE="Y" HEIGHT="30">
<TD WIDTH="100" HEIGHT="23" ALIGN="CENTER" VALIGN="MIDDLE">기업집단명</TD>
<TD WIDTH="123" HEIGHT="23" VALIGN="MIDDLE" ALIGN="CENTER">엠디엠</TD>
<TD WIDTH="77" HEIGHT="23" ALIGN="CENTER" VALIGN="MIDDLE">회사명</TD>
<TD WIDTH="191" HEIGHT="23" VALIGN="MIDDLE" ALIGN="CENTER">(주)엠디엠자산운용</TD>
<TD WIDTH="93" HEIGHT="23" ALIGN="CENTER" VALIGN="MIDDLE">공시일자</TD>
<TD WIDTH="141" HEIGHT="23" VALIGN="MIDDLE" ALIGN="CENTER">2026.01.06</TD>
<TD WIDTH="87" HEIGHT="23" ALIGN="CENTER" VALIGN="MIDDLE">관련법규</TD>
<TD WIDTH="189" HEIGHT="23" ALIGN="CENTER" VALIGN="MIDDLE">공정거래법 제26조</TD>
</TR>
</TBODY>
</TABLE>

<TABLE ACLASS="NORMAL" AFIXTABLE="N" WIDTH="1071" BORDER="0">

<COLGROUP WIDTH="1071">
<COL WIDTH="447"></COL>
<COL WIDTH="624"></COL>
</COLGROUP>

<TBODY>

<TR ACOPY="Y" ADELETE="Y" HEIGHT="30">
<TD WIDTH="438" HEIGHT="23"></TD>
<TD ALIGN="RIGHT" WIDTH="615" HEIGHT="23">(단위 : 억 원, %)</TD>
</TR>
</TBODY>
</TABLE>

<TABLE BORDER="1" WIDTH="1071" ACLASS="NORMAL" AFIXTABLE="N">

<COLGROUP WIDTH="1071">
<COL WIDTH="282"></COL>
<COL WIDTH="789"></COL>
</COLGROUP>

<TBODY>

<TR ACOPY="Y" ADELETE="Y" HEIGHT="30">
<TD WIDTH="273" HEIGHT="23" ALIGN="CENTER">거래기간</TD>
<TD WIDTH="780" HEIGHT="23" VALIGN="MIDDLE" ALIGN="CENTER">2025년 4분기</TD>
</TR>
</TBODY>
</TABLE>

<TABLE BORDER="1" WIDTH="1071" ACLASS="NORMAL" AFIXTABLE="N">

<COLGROUP WIDTH="1071">
<COL WIDTH="171"></COL>
<COL WIDTH="148"></COL>
<COL WIDTH="56"></COL>
<COL WIDTH="93"></COL>
<COL WIDTH="93"></COL>
<COL WIDTH="88"></COL>
<COL WIDTH="61"></COL>
<COL WIDTH="61"></COL>
<COL WIDTH="144"></COL>
<COL WIDTH="80"></COL>
<COL WIDTH="76"></COL>
</COLGROUP>

<THEAD>

<TR ACOPY="Y" ADELETE="Y" HEIGHT="30">
<TH COLSPAN="5" VALIGN="MIDDLE" WIDTH="552" HEIGHT="23" ACOPYCOL="Y" ADELETECOL="Y" AMOVECOL="N">수익증권내역</TH>
<TH ROWSPAN="3" VALIGN="MIDDLE" WIDTH="79" HEIGHT="83" ACOPYCOL="Y" ADELETECOL="Y" AMOVECOL="N">거래일자</TH>
<TH COLSPAN="2" VALIGN="MIDDLE" WIDTH="113" HEIGHT="23" ACOPYCOL="Y" ADELETECOL="Y" AMOVECOL="N">거래금액</TH>
<TH COLSPAN="2" VALIGN="MIDDLE" WIDTH="215" HEIGHT="23" ACOPYCOL="Y" ADELETECOL="Y" AMOVECOL="N">거래상대방</TH>
<TH ROWSPAN="3" VALIGN="MIDDLE" WIDTH="67" HEIGHT="83" ACOPYCOL="Y" ADELETECOL="Y" AMOVECOL="N">거래목적</TH>
</TR>

<TR ACOPY="Y" ADELETE="Y" HEIGHT="30">
<TH ROWSPAN="2" VALIGN="MIDDLE" WIDTH="162" HEIGHT="53" ACOPYCOL="Y" ADELETECOL="Y" AMOVECOL="N">명칭</TH>
<TH COLSPAN="2" VALIGN="MIDDLE" WIDTH="195" HEIGHT="23" ACOPYCOL="Y" ADELETECOL="Y" AMOVECOL="N">운용사</TH>
<TH ROWSPAN="2" VALIGN="MIDDLE" WIDTH="84" HEIGHT="53" ACOPYCOL="Y" ADELETECOL="Y" AMOVECOL="N">가입일</TH>
<TH ROWSPAN="2" VALIGN="MIDDLE" WIDTH="84" HEIGHT="53" ACOPYCOL="Y" ADELETECOL="Y" AMOVECOL="N">만기일</TH>
<TH ROWSPAN="2" VALIGN="MIDDLE" WIDTH="52" HEIGHT="53" ACOPYCOL="Y" ADELETECOL="Y" AMOVECOL="N">매입</TH>
<TH ROWSPAN="2" VALIGN="MIDDLE" WIDTH="52" HEIGHT="53" ACOPYCOL="Y" ADELETECOL="Y" AMOVECOL="N">매도</TH>
<TH ROWSPAN="2" VALIGN="MIDDLE" WIDTH="135" HEIGHT="53" ACOPYCOL="Y" ADELETECOL="Y" AMOVECOL="N">상대방명</TH>
<TH ROWSPAN="2" VALIGN="MIDDLE" WIDTH="71" HEIGHT="53" ACOPYCOL="Y" ADELETECOL="Y" AMOVECOL="N">관계</TH>
</TR>

<TR ACOPY="Y" ADELETE="Y" HEIGHT="30">
<TH VALIGN="MIDDLE" WIDTH="139" HEIGHT="23" ACOPYCOL="Y" ADELETECOL="Y" AMOVECOL="N">운용사명</TH>
<TH VALIGN="MIDDLE" WIDTH="47" HEIGHT="23" ACOPYCOL="Y" ADELETECOL="Y" AMOVECOL="N">관계</TH>
</TR>
</THEAD>

<TBODY>

<TR ACOPY="Y" ADELETE="Y" HEIGHT="41">

<TD ROWSPAN="2" ALIGN="CENTER" VALIGN="MIDDLE" WIDTH="162" HEIGHT="69">
<P USERMARK="A-C">엠디엠글로벌밸류일반사모부동산투자</P>
<P USERMARK="A-C">신탁재간접형제1호</P>
</TD>
<TD ROWSPAN="2" ALIGN="CENTER" VALIGN="MIDDLE" WIDTH="139" HEIGHT="69">(주)엠디엠자산운용</TD>
<TD ROWSPAN="2" ALIGN="CENTER" VALIGN="MIDDLE" WIDTH="47" HEIGHT="69">당사</TD>
<TD ROWSPAN="2" ALIGN="CENTER" VALIGN="MIDDLE" WIDTH="84" HEIGHT="69">2025.11.18</TD>
<TD ROWSPAN="2" ALIGN="CENTER" VALIGN="MIDDLE" WIDTH="84" HEIGHT="69">2037.11.18</TD>
<TD ALIGN="CENTER" VALIGN="MIDDLE" WIDTH="79" HEIGHT="34">2025.11.18</TD>
<TD ALIGN="CENTER" VALIGN="MIDDLE" WIDTH="52" HEIGHT="34">-</TD>
<TD ALIGN="CENTER" VALIGN="MIDDLE" WIDTH="52" HEIGHT="34">73</TD>
<TD ALIGN="CENTER" VALIGN="MIDDLE" WIDTH="135" HEIGHT="34">(주)엠디엠에프엔씨</TD>
<TD ALIGN="CENTER" VALIGN="MIDDLE" WIDTH="71" HEIGHT="34">계열회사</TD>
<TD ALIGN="CENTER" VALIGN="MIDDLE" WIDTH="67" HEIGHT="34">펀드 설정</TD>
</TR>

<TR ACOPY="Y" ADELETE="Y" HEIGHT="35">
<TD ALIGN="CENTER" VALIGN="MIDDLE" WIDTH="79" HEIGHT="28">소 계</TD>
<TD ALIGN="CENTER" VALIGN="MIDDLE" WIDTH="52" HEIGHT="28">-</TD>
<TD ALIGN="CENTER" VALIGN="MIDDLE" WIDTH="52" HEIGHT="28">73</TD>
<TD ALIGN="CENTER" VALIGN="MIDDLE" WIDTH="135" HEIGHT="28">-</TD>
<TD ALIGN="CENTER" VALIGN="MIDDLE" WIDTH="71" HEIGHT="28">-</TD>
<TD ALIGN="CENTER" VALIGN="MIDDLE" WIDTH="67" HEIGHT="28">-</TD>
</TR>

<TR ACOPY="Y" ADELETE="Y" HEIGHT="38">
<TD COLSPAN="6" ALIGN="CENTER" VALIGN="MIDDLE" WIDTH="640" HEIGHT="31">총 계</TD>
<TD ALIGN="CENTER" VALIGN="MIDDLE" WIDTH="52" HEIGHT="31">-</TD>
<TD ALIGN="CENTER" VALIGN="MIDDLE" WIDTH="52" HEIGHT="31">73</TD>
<TD ALIGN="CENTER" VALIGN="MIDDLE" WIDTH="135" HEIGHT="31">-</TD>
<TD ALIGN="CENTER" VALIGN="MIDDLE" WIDTH="71" HEIGHT="31">-</TD>
<TD ALIGN="CENTER" VALIGN="MIDDLE" WIDTH="67" HEIGHT="31">-</TD>
</TR>
</TBODY>
</TABLE>
<P USERMARK="F-GL10 "> * 거래금액은 납입하기로 한 총 약정금액(환율 1,458.3원 환산 기준)을 기재하였음</P>
</SECTION-1>
</BODY>
</DOCUMENT>