<html>
 <head> 
  <meta content="gdi" http-equiv="X-UA-TextLayoutMetrics"> 
  <meta content="text/html; charset=euc-kr" http-equiv="Content-Type"> 
  <STYLE>
.xforms * { font-family: 돋움체;}
.xforms_title * { font-size: 13pt; padding : 0 0 10 0;}

.xforms table {
    font-size: 10px;
    padding:0px;
    border-collapse:collapse;
    color: #3D3D3D;
}
.xforms td {
    padding-left:0px;
    padding-top:0px;
    border-collapse:collapse;
    line-height:22px;
    color: #3D3D3D;
    /*text-align:right;*/
    vertical-align:middle;
    border: 1px solid #7f7f7f;
}

.xforms span {
    /*display: inline-block;*/
    padding-left:3px;
    padding-right: 1px;
    line-height:22px;
    padding-top:0px;
    padding-bottom:0px;
    text-align:left;
    vertical-align:middle;
    border: 0px solid #DBDBDB;
}

.xforms.img{
    border : 0px;
}

.xforms a:link {

    color: #194866;
    text-decoration: none;
}
.xforms a:active {

    color: #194866;
    text-decoration: none;
}
.xforms a:visited {
    color: #194866;
    text-decoration: none;
}

.xforms A:hover {
    color:008BE3;
    text-decoration: none;
}

.xforms_input{
    border: 0px solid #DBDBDB;
    padding-left:3px;
    padding-right: 1px;
    height:22px;
    padding-top:0px;
    padding-bottom:0px;
    text-align:left;
}
</STYLE> 
  <title>제너셈/단일판매ㆍ공급계약체결(자율공시)/(2026.01.06)단일판매ㆍ공급계약체결(자율공시)</title> 
 </head> 
 <body> 
  <div class="xforms"> 
   <div> 
    <span class="noprint" style="display:none;width:600px;font-size:10pt;"> </span> 
    <div class="xforms_title"> 
     <div> 
      <span style="width:600px;font-weight:bold;text-align:center;">단일판매ㆍ공급계약 체결(자율공시)</span> 
     </div> 
    </div> 
    <span class="noprint" style="display:none;width:600px;font-size:10pt;"> </span> 
    <table border="1" bordercolordark="white" bordercolorlight="#666666" cellpadding="1" cellspacing="0" id="XFormD9_Form0_Table0" style="margin:0px 0px 20px 0px;width:594px;border:1px solid #7f7f7f;"> 
     <tbody> 
      <tr> 
       <td colspan="2" width="305"> <span style="width:305px;font-size:10pt;">1. 판매ㆍ공급계약 내용</span> </td> 
       <td width="289"> <span class="xforms_input" style="width:289px;font-size:10pt;">반도체 자동화 장비</span> </td> 
      </tr> 
      <tr> 
       <td rowspan="6" width="148"> <span style="width:148px;font-size:10pt;">2. 계약내역</span> </td> 
       <td width="157"> <span style="width:157px;font-size:10pt;">조건부 계약여부</span> </td> 
       <td width="289"> <span class="xforms_input" style="width:289px;font-size:10pt;">미해당</span> </td> 
      </tr> 
      <tr> 
       <td width="157"> <span style="width:157px;font-size:10pt;">확정 계약금액</span> </td> 
       <td width="289"> <span class="xforms_input" style="width:289px;font-size:10pt;text-align:right;">4,800,000,000</span> </td> 
      </tr> 
      <tr> 
       <td width="157"> <span style="width:157px;font-size:10pt;">조건부 계약금액</span> </td> 
       <td width="289"> <span class="xforms_input" style="width:289px;font-size:10pt;text-align:right;">-</span> </td> 
      </tr> 
      <tr> 
       <td width="157"> <span style="width:157px;font-size:10pt;">계약금액 총액(원)</span> </td> 
       <td width="289"> <span class="xforms_input" style="width:289px;font-size:10pt;text-align:right;">4,800,000,000</span> </td> 
      </tr> 
      <tr> 
       <td width="157"> <span style="width:157px;font-size:10pt;">최근 매출액(원)</span> </td> 
       <td width="289"> <span class="xforms_input" style="width:289px;font-size:10pt;text-align:right;">68,738,086,291</span> </td> 
      </tr> 
      <tr> 
       <td width="157"> <span style="width:157px;font-size:10pt;">매출액 대비(%)</span> </td> 
       <td width="289"> <span class="xforms_input" style="width:289px;font-size:10pt;text-align:right;">6.98</span> </td> 
      </tr> 
      <tr> 
       <td colspan="2" width="305"> <span style="width:305px;font-size:10pt;">3. 계약상대방</span> </td> 
       <td width="289"> <span class="xforms_input" style="width:289px;font-size:10pt;">에이에스이 코리아</span> </td> 
      </tr> 
      <tr> 
       <td colspan="2" width="305"> <span style="width:305px;font-size:10pt;">- 최근 매출액(원)</span> </td> 
       <td width="289"> <span class="xforms_input" style="width:289px;font-size:10pt;text-align:right;">712,215,675,376</span> </td> 
      </tr> 
      <tr> 
       <td colspan="2" width="305"> <span style="width:305px;font-size:10pt;">- 주요사업</span> </td> 
       <td width="289"> <span class="xforms_input" style="width:289px;font-size:10pt;">전자관 및 기타 전자부품 제조업등</span> </td> 
      </tr> 
      <tr> 
       <td colspan="2" width="305"> <span style="width:305px;font-size:10pt;">- 회사와의 관계</span> </td> 
       <td width="289"> <span class="xforms_input" style="width:289px;font-size:10pt;">-</span> </td> 
      </tr> 
      <tr> 
       <td colspan="2" width="305"> <span style="width:305px;font-size:10pt;">- 회사와 최근 3년간 동종계약 이행여부</span> </td> 
       <td width="289"> <span class="xforms_input" style="width:289px;font-size:10pt;">미해당</span> </td> 
      </tr> 
      <tr> 
       <td colspan="2" width="305"> <span style="width:305px;font-size:10pt;">4. 판매ㆍ공급지역</span> </td> 
       <td width="289"> <span class="xforms_input" style="width:289px;font-size:10pt;">대한민국</span> </td> 
      </tr> 
      <tr> 
       <td rowspan="2" width="148"> <span style="width:148px;font-size:10pt;">5. 계약기간</span> </td> 
       <td width="157"> <span style="width:157px;font-size:10pt;text-align:center;">시작일</span> </td> 
       <td width="289"> <span class="xforms_input" style="width:289px;font-size:10pt;">2025-12-31</span> </td> 
      </tr> 
      <tr> 
       <td width="157"> <span style="width:157px;font-size:10pt;text-align:center;">종료일</span> </td> 
       <td width="289"> <span class="xforms_input" style="width:289px;font-size:10pt;">2026-05-30</span> </td> 
      </tr> 
      <tr> 
       <td rowspan="2" width="148"> <span style="width:148px;font-size:10pt;">6. 주요 계약조건</span> </td> 
       <td width="157"> <span style="width:157px;font-size:10pt;">계약금ㆍ선급금 유무</span> </td> 
       <td width="289"> <span class="xforms_input" style="width:289px;font-size:10pt;">무</span> </td> 
      </tr> 
      <tr> 
       <td width="157"> <span style="width:157px;font-size:10pt;">대금지급 조건 등</span> </td> 
       <td width="289"> <span class="xforms_input" style="width:289px;font-size:10pt;">-</span> </td> 
      </tr> 
      <tr> 
       <td rowspan="3" width="148"> <span style="width:148px;font-size:10pt;">7. 판매ㆍ공급방식</span> </td> 
       <td width="157"> <span style="width:157px;font-size:10pt;">자체생산</span> </td> 
       <td width="289"> <span class="xforms_input" style="width:289px;font-size:10pt;">해당</span> </td> 
      </tr> 
      <tr> 
       <td width="157"> <span style="width:157px;font-size:10pt;">외주생산</span> </td> 
       <td width="289"> <span class="xforms_input" style="width:289px;font-size:10pt;">해당</span> </td> 
      </tr> 
      <tr> 
       <td width="157"> <span style="width:157px;font-size:10pt;">기타</span> </td> 
       <td width="289"> <span class="xforms_input" style="width:289px;font-size:10pt;">-</span> </td> 
      </tr> 
      <tr> 
       <td colspan="2" width="305"> <span style="width:305px;font-size:10pt;">8. 계약(수주)일자</span> </td> 
       <td width="289"> <span class="xforms_input" style="width:289px;font-size:10pt;">2026-01-06</span> </td> 
      </tr> 
      <tr> 
       <td colspan="3" width="594"> <span style="width:594px;font-size:10pt;">9. 기타 투자판단에 참고할 사항</span> </td> 
      </tr> 
      <tr> 
       <td colspan="3" width="594"> <span class="xforms_input" style="width:594px;font-size:10pt;">1. 계약내역의 최근 매출액(원)은 2024년 연결기준 매출액입니다. <br xmlns:java="http://xml.apache.org/xalan/java">2. 계약상대방의 최근 매출액(원)은 2024년 연결기준 매출액입니다. <br xmlns:java="http://xml.apache.org/xalan/java">3. 계약기간의 종료일은 계약장비의 최종 Setup 완료 시점에 따라 변동될 수 있습니다. <br xmlns:java="http://xml.apache.org/xalan/java">
         <!--?javax.xml.transform.disable-output-escaping?--> 
         <!--?javax.xml.transform.enable-output-escaping?-->  (대금 지급은 세금계산서 발행일로부터 45일 이내) <br xmlns:java="http://xml.apache.org/xalan/java">4. 계약(수주)일자는 계약상대방으로부터 정식 P/O를 수령한 일자입니다.</span> </td> 
      </tr> 
      <tr> 
       <td width="148"> <span style="width:148px;font-size:10pt;">※ 관련공시</span> </td> 
       <td colspan="2" width="446"> <span class="xforms_input" style="width:446px;font-size:10pt;">-</span> </td> 
      </tr> 
     </tbody> 
    </table> 
   </div> 
  </div>  
 </body>
</html>