<?xml version="1.0" encoding="utf-8"?>


<DOCUMENT xmlns:xsi="http://www.w3.org/2001/XMLSchema-instance" xsi:noNamespaceSchemaLocation="dart4.xsd">

<DOCUMENT-NAME ACODE="10611">투자설명서(집합투자증권)</DOCUMENT-NAME>
<FORMULA-VERSION ADATE="20231020">6.0</FORMULA-VERSION>
<COMPANY-NAME AREGCIK="00110918">대신자산운용</COMPANY-NAME>


<BODY ATOCID="2">

<COVER>

<TABLE ACLASS="NORMAL" AFIXTABLE="N" WIDTH="660" BORDER="1">

<COLGROUP WIDTH="660">
<COL WIDTH="42"></COL>
<COL WIDTH="42"></COL>
<COL WIDTH="42"></COL>
<COL WIDTH="42"></COL>
<COL WIDTH="42"></COL>
<COL WIDTH="41"></COL>
<COL WIDTH="409"></COL>
</COLGROUP>

<TBODY>

<TR ACOPY="Y" ADELETE="Y" HEIGHT="82">
<TD VALIGN="MIDDLE" WIDTH="242" USERMARK="F-13 B 0XFFFFFF BC0X54AF00" COLSPAN="6" ALIGN="CENTER" HEIGHT="75"> 투자위험등급 4등급[ 보통 위험 ][운용전환일 이후 : 5등급]</TD>

<TD WIDTH="400" VALIGN="MIDDLE" ROWSPAN="3" HEIGHT="181">
<SPAN USERMARK="F-13 B">대신자산운용(주)는</SPAN>
<SPAN USERMARK="F-13 "> 이 투자신탁의 </SPAN>
<SPAN USERMARK="F-15 B">투자대상 자산의 종류 및 위험도</SPAN>
<SPAN USERMARK="F-13 ">를 감안하여 </SPAN>
<SPAN USERMARK="F-13 B">4등급(운용전환일 이후 : 5 등급)으로 분류</SPAN>
<SPAN USERMARK="F-13 ">하였습니다. </SPAN>
<SPAN USERMARK="F-13 B">펀드의 위험 등급은 운용실적, 시장 상황 등에 따라 변경될 수 있다는 점을 유의하여 투자판단을 하시기 바랍니다.</SPAN>
</TD>
</TR>

<TR ACOPY="Y" ADELETE="Y" HEIGHT="30">
<TD ALIGN="CENTER" VALIGN="MIDDLE" USERMARK="B 0XFFFFFF BC0X1814FF" WIDTH="33" HEIGHT="23">1</TD>
<TD ALIGN="CENTER" VALIGN="MIDDLE" USERMARK="0XFFFFFF BC0X28BFFF" WIDTH="33" HEIGHT="23">2</TD>
<TD ALIGN="CENTER" VALIGN="MIDDLE" USERMARK="BC0X31FFFF" WIDTH="33" HEIGHT="23">3</TD>
<TD ALIGN="CENTER" VALIGN="MIDDLE" USERMARK="0XFFFFFF BC0X54AF00" WIDTH="33" HEIGHT="23">4</TD>
<TD ALIGN="CENTER" VALIGN="MIDDLE" USERMARK="0XFFFFFF BC0XC00000" WIDTH="33" HEIGHT="23">5</TD>
<TD ALIGN="CENTER" VALIGN="MIDDLE" USERMARK="0XFFFFFF BC0X9D3272" WIDTH="32" HEIGHT="23">6</TD>
</TR>

<TR ACOPY="Y" ADELETE="Y" HEIGHT="76">
<TD ALIGN="CENTER" VALIGN="MIDDLE" USERMARK="B 0X1814FF" WIDTH="33" HEIGHT="69">매우높은위험</TD>
<TD ALIGN="CENTER" VALIGN="MIDDLE" USERMARK="0X28BFFF" WIDTH="33" HEIGHT="69">높은위험</TD>
<TD ALIGN="CENTER" VALIGN="MIDDLE" WIDTH="33" HEIGHT="69">다소높은위험</TD>
<TD ALIGN="CENTER" VALIGN="MIDDLE" USERMARK="0X54AF00" WIDTH="33" HEIGHT="69">보통위험</TD>
<TD ALIGN="CENTER" VALIGN="MIDDLE" USERMARK="0XC00000" WIDTH="33" HEIGHT="69">낮은위험</TD>
<TD ALIGN="CENTER" VALIGN="MIDDLE" USERMARK="0X9D3272" WIDTH="32" HEIGHT="69">매우낮은위험</TD>
</TR>
</TBODY>
</TABLE>
<P></P>
<COVER-TITLE ATOC="Y" AASSOCNOTE="COVER" ENG="Prospectus" ATOCID="1">투 자 설 명 서</COVER-TITLE>

<P>이 투자설명서는 대신 대표기업과고배당목표전환형증권투자신탁[채권혼합](운용전환일 이후) 대신 대표기업과고배당목표전환형증권투자신탁[채권]에 대한 자세한 내용을 담고 있습니다. 따라서 
<SPAN>대신 대표기업과고배당목표전환형증권투자신탁[채권혼합](운용전환일 이후) 대신 대표기업과고배당목표전환형증권투자신탁[채권] </SPAN>수익증권을 매입하기 전에 이 투자설명서를 읽어보시기 바랍니다.
</P>

<TABLE-GROUP ACLASS="_FUND_MAIN_" ADELETETABLE="N">

<TABLE ACLASS="EXTRACTION" AFIXTABLE="Y" WIDTH="600" BORDER="0">

<COLGROUP WIDTH="600">
<COL WIDTH="171"></COL>
<COL WIDTH="224"></COL>
<COL WIDTH="92"></COL>
<COL WIDTH="85"></COL>
<COL WIDTH="28"></COL>
</COLGROUP>

<TBODY>

<TR ACOPY="N" ADELETE="N" HEIGHT="122">
<TD WIDTH="162" AUPDATECONT="N" ENG="1. Name of the collective investment scheme:" HEIGHT="115">1. 집합투자기구 명칭 :</TD>

<TE WIDTH="215" ACODE="FUND_NAME" HEIGHT="115">
<SPAN>대신 대표기업과고배당목표전환형증권투자신탁[채권혼합](운용전환일 이후) 대신 대표기업과고배당목표전환형증권투자신탁[채권] </SPAN>
</TE>
<TD WIDTH="83" AUPDATECONT="N" ENG="(Fund code:" HEIGHT="115">(펀드코드 :</TD>
<TE WIDTH="76" ACODE="FUND_CODE" ALIGN="CENTER" HEIGHT="115">ER679</TE>
<TD WIDTH="19" AUPDATECONT="N" HEIGHT="115">)</TD>
</TR>

<TR ACOPY="N" ADELETE="N" HEIGHT="30">
<TD COLSPAN="5" WIDTH="591" HEIGHT="23"></TD>
</TR>

<TR ACOPY="N" ADELETE="N" HEIGHT="30">
<TD AUPDATECONT="N" ENG="2. Name of collective investment business entity" WIDTH="162" HEIGHT="23">2. 집합투자업자 명칭 :</TD>
<TE COLSPAN="4" ACODE="FUND_TRD" WIDTH="420" HEIGHT="23">대신자산운용주식회사</TE>
</TR>
</TBODY>
</TABLE>
</TABLE-GROUP>
<P></P>

<TABLE ACLASS="NORMAL" AFIXTABLE="N" WIDTH="600" BORDER="0">

<COLGROUP WIDTH="600">
<COL WIDTH="240"></COL>
<COL WIDTH="360"></COL>
</COLGROUP>

<TBODY>

<TR ACOPY="Y" ADELETE="Y" HEIGHT="99">
<TD WIDTH="231" HEIGHT="92">3. 판   매   회   사 :</TD>
<TD WIDTH="351" HEIGHT="92">각 판매회사 본·지점 및 온라인 (판매회사에 대한 자세한 내용은 협회 www.kofia.or.kr 및 집합투자업자 asset.daishin.com의 인터넷 홈페이지를 참고하시기 바랍니다.)</TD>
</TR>

<TR ACOPY="Y" ADELETE="Y" HEIGHT="53">
<TD WIDTH="231" HEIGHT="46">4. 작 성 기 준 일 :</TD>
<TD WIDTH="351" HEIGHT="46">2025년 12월 2일</TD>
</TR>

<TR ACOPY="Y" ADELETE="Y" HEIGHT="53">
<TD WIDTH="231" HEIGHT="46">5. 증권신고서 효력발생일 :</TD>
<TD WIDTH="351" HEIGHT="46">2026년 1월 7일</TD>
</TR>

<TR ACOPY="Y" ADELETE="Y" HEIGHT="53">
<TD WIDTH="231" HEIGHT="46">6. 모집(매출) 증권의 종류 및 수 :</TD>
<TD WIDTH="351" HEIGHT="46">투자신탁의 수익증권으로 모집</TD>
</TR>

<TR ACOPY="Y" ADELETE="Y" HEIGHT="53">
<TD WIDTH="231" HEIGHT="46">[모집(매출) 총액 : 10조좌]</TD>
<TD WIDTH="351" HEIGHT="46"></TD>
</TR>

<TR ACOPY="Y" ADELETE="Y" HEIGHT="122">
<TD WIDTH="231" HEIGHT="115">7. 모집(매출) 기간(판매기간) : </TD>

<TD WIDTH="351" HEIGHT="115">: 
<SPAN>2026년</SPAN> 1 월 12 일 ~ 
<SPAN>2026년</SPAN> 1 월 16 일(최초설정일 2026년 1월 16일)※ 이 투자신탁의 신규 정정 취소 거래는 판매회사에서 정하는 상품 모집기간 내 이 투자신탁의 거래가능 시간까지 가능합니다
</TD>
</TR>

<TR ACOPY="Y" ADELETE="Y" HEIGHT="30">
<TD WIDTH="231" HEIGHT="23"></TD>
<TD WIDTH="351" HEIGHT="23"></TD>
</TR>

<TR ACOPY="Y" ADELETE="Y" HEIGHT="30">
<TD COLSPAN="2" WIDTH="591" HEIGHT="23">8. 집합투자증권신고서 및 투자설명서의 열람장소</TD>
</TR>

<TR ACOPY="Y" ADELETE="Y" HEIGHT="30">
<TD COLSPAN="2" WIDTH="591" HEIGHT="23">   가. 집합투자증권신고서</TD>
</TR>

<TR ACOPY="Y" ADELETE="Y" HEIGHT="30">
<TD COLSPAN="2" WIDTH="591" HEIGHT="23">                       전자문서 : 금융위(금감원) 전자공시시스템 →  http://dart.fss.or.kr</TD>
</TR>

<TR ACOPY="Y" ADELETE="Y" HEIGHT="30">
<TD COLSPAN="2" WIDTH="591" HEIGHT="23">   나. 투자설명서</TD>
</TR>

<TR ACOPY="Y" ADELETE="Y" HEIGHT="30">
<TD COLSPAN="2" WIDTH="591" HEIGHT="23">                       전자문서 : 금융위(금감원) 전자공시시스템 →  http://dart.fss.or.kr</TD>
</TR>

<TR ACOPY="Y" ADELETE="Y" HEIGHT="76">

<TD COLSPAN="2" WIDTH="591" HEIGHT="69">                       서면문서 : 집합투자업자(
<SPAN>asset.daishin.com</SPAN>),각 판매회사 본ㆍ지점 및                                      한국금융투자협회(www.kofia.or.kr 의 인터넷 홈페이지를                                           참고하여 주시기 바랍니다
</TD>
</TR>

<TR ACOPY="Y" ADELETE="Y" HEIGHT="30">
<TD COLSPAN="2" WIDTH="591" HEIGHT="23">9. (안정조작 또는 시장조성 관련) 해당사항 없음</TD>
</TR>

<TR ACOPY="Y" ADELETE="Y" HEIGHT="30">
<TD COLSPAN="2" WIDTH="591" HEIGHT="23"></TD>
</TR>

<TR ACOPY="Y" ADELETE="Y" HEIGHT="53">
<TD COLSPAN="2" WIDTH="591" HEIGHT="46">※ 이 투자설명서는 효력발생일까지 증권신고서의 기재사항 중 일부가 변경될 수 있으며, 개방형 집합투자증권인 경우 효력발생일 이후(청약일 이후)에도 변경될 수 있습니다.</TD>
</TR>
</TBODY>
</TABLE>

<TABLE ACLASS="NORMAL" AFIXTABLE="N" WIDTH="600" BORDER="1">

<COLGROUP WIDTH="600">
<COL WIDTH="600"></COL>
</COLGROUP>

<TBODY>

<TR ACOPY="Y" ADELETE="Y" HEIGHT="157">
<TD WIDTH="591" AUPDATECONT="N" USERMARK="F-BT13 B 0X0000FF" ENG="Please note that the Financial Services Commission does not verify the accuracy or truthfulness of the information presented in the prospectus, nor does it guarantee or endorse the value of the securities. Additionally, these collective investment securities are performance-based dividend products not covered by the Depositor Protection Act. Therefore, investing in them carries the risk of potential loss of principal investment. Please exercise caution when considering these investments." HEIGHT="150">금융위원회가 투자설명서의 기재사항이 진실 또는 정확하다는 것을 인정하거나 그 증권의 가치를 보증 또는 승인하지 아니함을 유의하시기 바랍니다.또한 이 집합투자증권은「예금자보호법」에 의한 보호를 받지 않는 실적배당상품으로 투자원금의 손실이 발생할 수 있으므로 투자에 신중을 기하여 주시기 바랍니다. </TD>
</TR>
</TBODY>
</TABLE>
<PGBRK></PGBRK>
</COVER>

<LIBRARY>
<SECTION-1 ACLASS="MANDATORY" APARTSOURCE="SOURCE">
<TITLE ATOC="Y" ENG="[Main Text]" ATOCID="2">[ 본 문 ]</TITLE>

</SECTION-1></LIBRARY></BODY></DOCUMENT>