<html>
 <head> 
  <meta content="gdi" http-equiv="X-UA-TextLayoutMetrics"> 
  <meta content="text/html; charset=euc-kr" http-equiv="Content-Type"> 
  <STYLE>
.xforms * { font-family: 돋움체;}
.xforms_title * { font-size: 13pt; padding : 0 0 10 0;}

.xforms table {
    font-size: 10px;
    padding:0px;
    border-collapse:collapse;
    color: #3D3D3D;
}
.xforms td {
    padding-left:0px;
    padding-top:0px;
    border-collapse:collapse;
    line-height:22px;
    color: #3D3D3D;
    /*text-align:right;*/
    vertical-align:middle;
    border: 1px solid #7f7f7f;
}

.xforms span {
    /*display: inline-block;*/
    padding-left:3px;
    padding-right: 1px;
    line-height:22px;
    padding-top:0px;
    padding-bottom:0px;
    text-align:left;
    vertical-align:middle;
    border: 0px solid #DBDBDB;
}

.xforms.img{
    border : 0px;
}

.xforms a:link {

    color: #194866;
    text-decoration: none;
}
.xforms a:active {

    color: #194866;
    text-decoration: none;
}
.xforms a:visited {
    color: #194866;
    text-decoration: none;
}

.xforms A:hover {
    color:008BE3;
    text-decoration: none;
}

.xforms_input{
    border: 0px solid #DBDBDB;
    padding-left:3px;
    padding-right: 1px;
    height:22px;
    padding-top:0px;
    padding-bottom:0px;
    text-align:left;
}
</STYLE> 
  <title>성호전자/타법인주식및출자증권취득결정/(2026.01.05)타법인주식및출자증권취득결정</title> 
 </head> 
 <body> 
  <div class="xforms"> 
   <div> 
    <span class="noprint" style="display:none;width:600px;font-size:10pt;"> </span> 
    <div class="xforms_title"> 
     <div> 
      <span style="width:598px;font-weight:bold;text-align:center;">타법인 주식 및 출자증권 취득결정</span> 
     </div> 
    </div> 
    <span class="noprint" style="display:none;width:600px;font-size:10pt;"> </span> 
    <table border="1" bordercolordark="white" bordercolorlight="#666666" cellpadding="1" cellspacing="0" id="XFormD6_Form0_Table0" style="margin:0px 0px 20px 0px;width:599px;border:1px solid #666666;"> 
     <tbody> 
      <tr> 
       <td rowspan="3" width="102"> <span style="width:102px;font-size:10pt;">1. 발행회사</span> </td> 
       <td width="169"> <span style="width:169px;font-size:10pt;">회사명(국적)</span> </td> 
       <td width="132"> <span class="xforms_input" style="width:132px;font-size:10pt;">어매이징홀딩스 주식회사(대한민국)</span> </td> 
       <td width="101"> <span style="width:101px;font-size:10pt;">대표이사</span> </td> 
       <td width="95"> <span class="xforms_input" style="width:95px;font-size:10pt;">박성재</span> </td> 
      </tr> 
      <tr> 
       <td width="169"> <span style="width:169px;font-size:10pt;">자본금(원)</span> </td> 
       <td width="132"> <span class="xforms_input" style="width:132px;font-size:10pt;text-align:right;">50,000</span> </td> 
       <td width="101"> <span style="width:101px;font-size:10pt;">회사와 관계</span> </td> 
       <td width="95"> <span class="xforms_input" style="width:95px;font-size:10pt;">자회사</span> </td> 
      </tr> 
      <tr> 
       <td width="169"> <span style="width:169px;font-size:10pt;">발행주식총수(주)</span> </td> 
       <td width="132"> <span class="xforms_input" style="width:132px;font-size:10pt;text-align:right;">10</span> </td> 
       <td width="101"> <span style="width:101px;font-size:10pt;">주요사업</span> </td> 
       <td width="95"> <span class="xforms_input" style="width:95px;font-size:10pt;">지주사업, 반도체 관련 제조·개발업</span> </td> 
      </tr> 
      <tr> 
       <td colspan="2" width="271"> <span style="width:271px;font-size:10pt;">-최근 6월 이내 제3자 배정에 의한 신주취득 여부</span> </td> 
       <td colspan="3" width="328"> <span class="xforms_input" style="width:328px;font-size:10pt;">아니오</span> </td> 
      </tr> 
      <tr> 
       <td rowspan="5" width="102"> <span style="width:102px;font-size:10pt;">2. 취득내역</span> </td> 
       <td width="169"> <span style="width:169px;font-size:10pt;">취득주식수(주)</span> </td> 
       <td colspan="3" width="328"> <span class="xforms_input" style="width:328px;font-size:10pt;text-align:right;">349,990</span> </td> 
      </tr> 
      <tr> 
       <td width="169"> <span style="width:169px;font-size:10pt;">취득금액(원)</span> </td> 
       <td colspan="3" width="328"> <span class="xforms_input" style="width:328px;font-size:10pt;text-align:right;">69,998,000,000</span> </td> 
      </tr> 
      <tr> 
       <td width="169"> <span style="width:169px;font-size:10pt;">자기자본(원)</span> </td> 
       <td colspan="3" width="328"> <span class="xforms_input" style="width:328px;font-size:10pt;text-align:right;">153,471,098,362</span> </td> 
      </tr> 
      <tr> 
       <td width="169"> <span style="width:169px;font-size:10pt;">자기자본대비(%)</span> </td> 
       <td colspan="3" width="328"> <span class="xforms_input" style="width:328px;font-size:10pt;text-align:right;">45.61</span> </td> 
      </tr> 
      <tr> 
       <td width="169"> <span style="width:169px;font-size:10pt;">대기업 여부</span> </td> 
       <td colspan="3" width="328"> <span class="xforms_input" style="width:328px;font-size:10pt;">해당</span> </td> 
      </tr> 
      <tr> 
       <td rowspan="2" width="102"> <span style="width:102px;font-size:10pt;">3. 취득후 소유주식수 및 지분비율</span> </td> 
       <td width="169"> <span style="width:169px;font-size:10pt;">소유주식수(주)</span> </td> 
       <td colspan="3" width="328"> <span class="xforms_input" style="width:328px;font-size:10pt;text-align:right;">350,000</span> </td> 
      </tr> 
      <tr> 
       <td width="169"> <span style="width:169px;font-size:10pt;">지분비율(%)</span> </td> 
       <td colspan="3" width="328"> <span class="xforms_input" style="width:328px;font-size:10pt;text-align:right;">100</span> </td> 
      </tr> 
      <tr> 
       <td colspan="2" width="271"> <span style="width:271px;font-size:10pt;">4. 취득방법</span> </td> 
       <td colspan="3" width="328"> <span class="xforms_input" style="width:328px;font-size:10pt;">현금취득(주주배정 유상증자 참여)</span> </td> 
      </tr> 
      <tr> 
       <td colspan="2" width="271"> <span style="width:271px;font-size:10pt;">5. 취득목적</span> </td> 
       <td colspan="3" width="328"> <span class="xforms_input" style="width:328px;font-size:10pt;">종속회사의 타법인지분취득 재원 마련을 위한 유상증자 참여</span> </td> 
      </tr> 
      <tr> 
       <td colspan="2" width="271"> <span style="width:271px;font-size:10pt;">6. 취득예정일자</span> </td> 
       <td colspan="3" width="328"> <span class="xforms_input" style="width:328px;font-size:10pt;">2026-01-07</span> </td> 
      </tr> 
      <tr> 
       <td colspan="2" width="271"> <span style="width:271px;font-size:10pt;">7. 자산양수의 주요사항보고서 제출대상 여부</span> </td> 
       <td colspan="3" width="328"> <span class="xforms_input" style="width:328px;font-size:10pt;">해당사항없음</span> </td> 
      </tr> 
      <tr> 
       <td colspan="2" width="271"> <span style="width:271px;font-size:10pt;">-최근 사업연도말 자산총액(원)</span> </td> 
       <td width="132"> <span class="xforms_input" style="width:132px;font-size:10pt;text-align:right;">367,331,808,054</span> </td> 
       <td width="101"> <span style="width:101px;font-size:10pt;">취득가액/자산총액(%)</span> </td> 
       <td width="95"> <span class="xforms_input" style="width:95px;font-size:10pt;text-align:right;">19.06</span> </td> 
      </tr> 
      <tr> 
       <td colspan="2" width="271"> <span style="width:271px;font-size:10pt;">8. 우회상장 해당 여부</span> </td> 
       <td colspan="3" width="328"> <span class="xforms_input" style="width:328px;font-size:10pt;">해당사항없음</span> </td> 
      </tr> 
      <tr> 
       <td colspan="2" width="271"> <span style="width:271px;font-size:10pt;">-향후 6월이내 제3자배정 증자 등 계획</span> </td> 
       <td colspan="3" width="328"> <span class="xforms_input" style="width:328px;font-size:10pt;">해당사항없음</span> </td> 
      </tr> 
      <tr> 
       <td colspan="2" width="271"> <span style="width:271px;font-size:10pt;">9. 발행회사(타법인)의 우회상장 요건 충족여부</span> </td> 
       <td colspan="3" width="328"> <span class="xforms_input" style="width:328px;font-size:10pt;">해당사항없음</span> </td> 
      </tr> 
      <tr> 
       <td colspan="2" width="271"> <span style="width:271px;font-size:10pt;">10. 이사회결의일(결정일)</span> </td> 
       <td colspan="3" width="328"> <span class="xforms_input" style="width:328px;font-size:10pt;">2026-01-05</span> </td> 
      </tr> 
      <tr> 
       <td rowspan="2" width="102"> <span style="width:102px;font-size:10pt;">-사외이사 참석여부</span> </td> 
       <td width="169"> <span style="width:169px;font-size:10pt;">참석(명)</span> </td> 
       <td colspan="3" width="328"> <span class="xforms_input" style="width:328px;font-size:10pt;text-align:right;">1</span> </td> 
      </tr> 
      <tr> 
       <td width="169"> <span style="width:169px;font-size:10pt;">불참(명)</span> </td> 
       <td colspan="3" width="328"> <span class="xforms_input" style="width:328px;font-size:10pt;text-align:right;">0</span> </td> 
      </tr> 
      <tr> 
       <td colspan="2" width="271"> <span style="width:271px;font-size:10pt;">-감사(감사위원) 참석여부</span> </td> 
       <td colspan="3" width="328"> <span class="xforms_input" style="width:328px;font-size:10pt;">참석</span> </td> 
      </tr> 
      <tr> 
       <td colspan="2" width="271"> <span style="width:271px;font-size:10pt;">11. 공정거래위원회 신고대상 여부</span> </td> 
       <td colspan="3" width="328"> <span class="xforms_input" style="width:328px;font-size:10pt;">미해당</span> </td> 
      </tr> 
      <tr> 
       <td colspan="2" width="271"> <span style="width:271px;font-size:10pt;">12. 풋옵션계약 등의 체결여부</span> </td> 
       <td colspan="3" width="328"> <span class="xforms_input" style="width:328px;font-size:10pt;">예</span> </td> 
      </tr> 
      <tr> 
       <td colspan="2" width="271"> <span style="width:271px;font-size:10pt;">-계약내용</span> </td> 
       <td colspan="3" width="328"> <span class="xforms_input" style="width:328px;font-size:10pt;">당사와 어메이징홀딩스 주식회사 의 투자자들(주식회사 수호에쿼티, 주식회사 제니스글로벌파트너스, 주식회사 성일글로벌, 이하 "투자자들")이 2026. 1. 5. 체결한 주주간계약에 아래의 사항이 포함되어 있습니다. <br xmlns:java="http://xml.apache.org/xalan/java"> <br xmlns:java="http://xml.apache.org/xalan/java">1. 투자자의 동반매각청구권(Tag-Along Right) <br xmlns:java="http://xml.apache.org/xalan/java">당사가 소유한 대상회사 발행주식의 전부 또는 일부를 제3자에게 양도하고자 하는 경우, 투자자는 당사에게 투자자가 소유한 대상회사 발행주식의 전부 또는 일부를 동일한 양도 절차에서 동일한 가격 및 거래조건으로 함께 양도할 것을 청구할 수 있는 권리를 가짐. <br xmlns:java="http://xml.apache.org/xalan/java"> <br xmlns:java="http://xml.apache.org/xalan/java">2. 대주주의 동반매도요구권(Drag-Along Right) <br xmlns:java="http://xml.apache.org/xalan/java">당사가 소유한 대상회사 발행주식의 전부 또는 일부를 양도하고자 하는 경우, 대주주는 투자자에게 투자자가 소유한 대상회사 발행주식의 전부 또는 일부를 동일한 양도절차에서 동일한 가격 및 거래조건으로 함께 양도할 것을 청구할 수 있는 권리를 가짐.</span> </td> 
      </tr> 
      <tr> 
       <td colspan="2" width="271"> <span style="width:271px;font-size:10pt;">13. 기타 투자판단에 참고할 사항</span> </td> 
       <td colspan="3" width="328"> <span class="xforms_input" style="width:328px;font-size:10pt;"> <br xmlns:java="http://xml.apache.org/xalan/java">1. 본건은 당사의 100% 종속회사인 어매이징홀딩스 주식회사가 추진하는 유상증자에 참여하는 건입니다. <br xmlns:java="http://xml.apache.org/xalan/java"> <br xmlns:java="http://xml.apache.org/xalan/java">2. 어매이징홀딩스 주식회사가 투자자들에게 제3자배정 방식으로 발행할 상환우선주식(이하 "본건 상환우선주식", 자세한 내용은 '유상증자결정(종속회사의 주요경영사항)' 공시를 참조하시기 바랍니다)과 관련하여, 당사의 대표이사(박성재) 및 최대주주(서룡전자 주식회사)는 어매이징홀딩스 주식회사가 본건 상환우선주식의 발행일로부터 1년이 되는 날까지 본건 상환우선주식을 투자자들에게 상환하지 못할 경우 직접 또는 제3자를 통해 상환되지 않은 본건 상환우선주식 전부를 인수하기로 확약하였습니다. <br xmlns:java="http://xml.apache.org/xalan/java"> <br xmlns:java="http://xml.apache.org/xalan/java">3. 상기 '1. 발행회사'의 '자본금' 및 '발행주식총수'는 이사회 결의일 전일 기준입니다. <br xmlns:java="http://xml.apache.org/xalan/java"> <br xmlns:java="http://xml.apache.org/xalan/java">4. 상기 '2.취득내역'의 '자기자본'은 당사의 최근 사업연도(2024년)말 자본총계에 현재까지 증가한 자본금 및 자본잉여금을 반영한 연결재무제표 기준입니다. <br xmlns:java="http://xml.apache.org/xalan/java"> <br xmlns:java="http://xml.apache.org/xalan/java">5. 상기 '6. 취득예정일자'는 유상증자 주금납입 예정일이며, 유상증자 진행 상황에 따라 변동될 수 있습니다. <br xmlns:java="http://xml.apache.org/xalan/java"> <br xmlns:java="http://xml.apache.org/xalan/java">6. 상기 '7.자산양수의 주요사항보고서 제출 대상 여부'의 '최근 사업연도말 자산총액'은 당사 2024년 말 연결 재무제표 기준입니다. 상기 취득가액/자산총액 비율(%)이 당사 자산총액의 10% 이상이나 본건은 유상증자에 의한 신주 취득으로 원시취득에 해당하여 자본시장법상 '주요사항보고서' 제출 대상이 아닙니다. <br xmlns:java="http://xml.apache.org/xalan/java"> <br xmlns:java="http://xml.apache.org/xalan/java">7. 어매이징홀딩스 주식회사는 2025년 신규 설립된 법인으로, 하기 [발행회사의 요약 재무상황]은 기재를 생략합니다. <br xmlns:java="http://xml.apache.org/xalan/java"> <br xmlns:java="http://xml.apache.org/xalan/java">8. 당사는 본 공시사항과 관련하여 확정 또는 변동이 있는 경우, 관련 공시 등을 통해 정정공시를 진행할 예정입니다. <br xmlns:java="http://xml.apache.org/xalan/java"> <br xmlns:java="http://xml.apache.org/xalan/java">9. 본 건 관련 세부사항에 대한 결정 및 집행권한은 대표이사에게 위임합니다. <br xmlns:java="http://xml.apache.org/xalan/java">
         <!--?javax.xml.transform.disable-output-escaping?--> 
         <!--?javax.xml.transform.enable-output-escaping?--></span> </td> 
      </tr> 
     </tbody> 
    </table> 
    <span style="width:608px;font-size:11pt;font-weight:bold;">[발행회사의 요약 재무상황]</span> 
    <span style="width:608px;font-size:10pt;text-align:right;">(단위 : 백만원)</span> 
    <table border="1" bordercolordark="white" bordercolorlight="#666666" cellpadding="1" cellspacing="0" id="XFormD6_Form0_Table2" style="margin:0px 0px 20px 0px;width:601px;font-size:10pt;text-align:center;border:1px solid #7f7f7f;"> 
     <tbody> 
      <tr> 
       <td width="92"> <span style="width:92px;font-size:10pt;text-align:center;">구분</span> </td> 
       <td width="85"> <span style="width:85px;font-size:10pt;text-align:center;">자산총계</span> </td> 
       <td width="87"> <span style="width:87px;font-size:10pt;text-align:center;">부채총계</span> </td> 
       <td width="84"> <span style="width:84px;font-size:10pt;text-align:center;">자본총계</span> </td> 
       <td width="88"> <span style="width:88px;font-size:10pt;text-align:center;">자본금</span> </td> 
       <td width="84"> <span style="width:84px;font-size:10pt;text-align:center;">매출액</span> </td> 
       <td width="81"> <span style="width:81px;font-size:10pt;text-align:center;">당기순이익</span> </td> 
      </tr> 
      <tr> 
       <td width="92"> <span style="width:92px;font-size:10pt;text-align:center;">당해년도</span> </td> 
       <td width="85"> <span class="xforms_input" style="width:85px;font-size:10pt;text-align:right;">-</span> </td> 
       <td width="87"> <span class="xforms_input" style="width:87px;font-size:10pt;text-align:right;">-</span> </td> 
       <td width="84"> <span class="xforms_input" style="width:84px;font-size:10pt;text-align:right;">-</span> </td> 
       <td width="88"> <span class="xforms_input" style="width:88px;font-size:10pt;text-align:right;">-</span> </td> 
       <td width="84"> <span class="xforms_input" style="width:84px;font-size:10pt;text-align:right;">-</span> </td> 
       <td width="81"> <span class="xforms_input" style="width:81px;font-size:10pt;text-align:right;">-</span> </td> 
      </tr> 
      <tr> 
       <td width="92"> <span style="width:92px;font-size:10pt;text-align:center;">전년도</span> </td> 
       <td width="85"> <span class="xforms_input" style="width:85px;font-size:10pt;text-align:right;">-</span> </td> 
       <td width="87"> <span class="xforms_input" style="width:87px;font-size:10pt;text-align:right;">-</span> </td> 
       <td width="84"> <span class="xforms_input" style="width:84px;font-size:10pt;text-align:right;">-</span> </td> 
       <td width="88"> <span class="xforms_input" style="width:88px;font-size:10pt;text-align:right;">-</span> </td> 
       <td width="84"> <span class="xforms_input" style="width:84px;font-size:10pt;text-align:right;">-</span> </td> 
       <td width="81"> <span class="xforms_input" style="width:81px;font-size:10pt;text-align:right;">-</span> </td> 
      </tr> 
      <tr> 
       <td width="92"> <span style="width:92px;font-size:10pt;text-align:center;">전전년도</span> </td> 
       <td width="85"> <span class="xforms_input" style="width:85px;font-size:10pt;text-align:right;">-</span> </td> 
       <td width="87"> <span class="xforms_input" style="width:87px;font-size:10pt;text-align:right;">-</span> </td> 
       <td width="84"> <span class="xforms_input" style="width:84px;font-size:10pt;text-align:right;">-</span> </td> 
       <td width="88"> <span class="xforms_input" style="width:88px;font-size:10pt;text-align:right;">-</span> </td> 
       <td width="84"> <span class="xforms_input" style="width:84px;font-size:10pt;text-align:right;">-</span> </td> 
       <td width="81"> <span class="xforms_input" style="width:81px;font-size:10pt;text-align:right;">-</span> </td> 
      </tr> 
     </tbody> 
    </table> 
    <span class="noprint" style="display:none;width:600px;font-size:10pt;"> </span> 
    <span class="noprint" style="display:none;width:600px;font-size:10pt;"> </span> 
   </div> 
  </div>  
 </body>
</html>