<?xml version="1.0" encoding="utf-8"?>


<DOCUMENT xmlns:xsi="http://www.w3.org/2001/XMLSchema-instance" xsi:noNamespaceSchemaLocation="dart4.xsd">

<DOCUMENT-NAME ACODE="11306">주요사항보고서(유상증자결정)</DOCUMENT-NAME>
<FORMULA-VERSION ADATE="20251230">6.3</FORMULA-VERSION>
<COMPANY-NAME AREGCIK="00755739">(주)파인테크닉스</COMPANY-NAME>


<BODY ATOCID="3">

<LIBRARY>
<CORRECTION>
<TITLE ATOC="Y" AASSOCNOTE="CORRECTION" ENG="Report of Disclosure Revision" ATOCID="3">정 정 신 고 (보고)</TITLE>

<TABLE ACLASS="NORMAL" AFIXTABLE="Y" WIDTH="600" BORDER="0">

<COLGROUP WIDTH="600">
<COL WIDTH="600"></COL>
</COLGROUP>

<TBODY>

<TR ACOPY="N" ADELETE="N" HEIGHT="30">
<TD WIDTH="591" HEIGHT="23"></TD>
</TR>

<TR ACOPY="N" ADELETE="N" HEIGHT="30">
<TD WIDTH="591" HEIGHT="23" ALIGN="RIGHT">2026년 01월 07일</TD>
</TR>
</TBODY>
</TABLE>
<P></P>
<P></P>

<TABLE ACLASS="NORMAL" AFIXTABLE="Y" WIDTH="600" BORDER="0">

<COLGROUP WIDTH="600">
<COL WIDTH="165"></COL>
<COL WIDTH="435"></COL>
</COLGROUP>

<TBODY>

<TR ACOPY="N" ADELETE="N" HEIGHT="30">
<TD WIDTH="156" VALIGN="MIDDLE" AUPDATECONT="N" ENG="1. Disclosure document to be revised:" HEIGHT="23">1. 정정대상 공시서류 :</TD>
<TD WIDTH="426" VALIGN="MIDDLE" HEIGHT="23">주요사항보고서(유상증자결정)</TD>
</TR>
</TBODY>
</TABLE>
<P></P>

<TABLE ACLASS="NORMAL" AFIXTABLE="Y" WIDTH="600" BORDER="0">

<COLGROUP WIDTH="600">
<COL WIDTH="260"></COL>
<COL WIDTH="340"></COL>
</COLGROUP>

<TBODY>

<TR ACOPY="N" ADELETE="N" HEIGHT="30">
<TD WIDTH="251" VALIGN="MIDDLE" AUPDATECONT="N" ENG="2. First submission date of disclosure document to be revised:" HEIGHT="23">2. 정정대상 공시서류의 최초제출일 :</TD>
<TD WIDTH="331" VALIGN="MIDDLE" HEIGHT="23">2025.12.31.</TD>
</TR>
</TBODY>
</TABLE>
<P></P>

<TABLE ACLASS="NORMAL" AFIXTABLE="Y" WIDTH="600" BORDER="0">

<COLGROUP WIDTH="600">
<COL WIDTH="600"></COL>
</COLGROUP>

<TBODY>

<TR ACOPY="N" ADELETE="N" HEIGHT="30">
<TD WIDTH="591" HEIGHT="23" VALIGN="MIDDLE" AUPDATECONT="N" ENG="3. Revised Information">3. 정정사항</TD>
</TR>
</TBODY>
</TABLE>

<TABLE ACLASS="NORMAL" AFIXTABLE="N" WIDTH="795" BORDER="1">

<COLGROUP WIDTH="795">
<COL WIDTH="240"></COL>
<COL WIDTH="128"></COL>
<COL WIDTH="202"></COL>
<COL WIDTH="225"></COL>
</COLGROUP>

<THEAD>

<TR ACOPY="N" ADELETE="N" HEIGHT="30">
<TH WIDTH="231" VALIGN="MIDDLE" ACOPYCOL="N" ADELETECOL="N" AMOVECOL="N" AUPDATECONT="N" ENG="Items" HEIGHT="23">항  목</TH>
<TH WIDTH="119" VALIGN="MIDDLE" ACOPYCOL="N" ADELETECOL="N" AMOVECOL="N" AUPDATECONT="N" ENG="Reason for revision" HEIGHT="23">정정사유</TH>
<TH WIDTH="193" VALIGN="MIDDLE" ACOPYCOL="N" ADELETECOL="N" AMOVECOL="N" AUPDATECONT="N" ENG="Before revision" HEIGHT="23">정 정 전</TH>
<TH WIDTH="216" VALIGN="MIDDLE" ACOPYCOL="N" ADELETECOL="N" AMOVECOL="N" AUPDATECONT="N" ENG="After revision" HEIGHT="23">정 정 후</TH>
</TR>
</THEAD>

<TBODY>

<TR ACOPY="Y" ADELETE="Y" HEIGHT="30">
<TD WIDTH="231" HEIGHT="23">1. 신주의 종류와 수</TD>
<TD ALIGN="CENTER" VALIGN="MIDDLE" WIDTH="119" HEIGHT="219" ROWSPAN="6">발행가액 확정에따른 정정</TD>
<TD ALIGN="CENTER" VALIGN="MIDDLE" WIDTH="193" HEIGHT="23">보통주식(주) :  644,642</TD>
<TD ALIGN="CENTER" VALIGN="MIDDLE" USERMARK="B 0XFF1200" WIDTH="216" HEIGHT="23">보통주식(주) : 532,979</TD>
</TR>

<TR ACOPY="Y" ADELETE="Y" HEIGHT="30">
<TD WIDTH="231" HEIGHT="23">4. 자금조달의 목적</TD>
<TD ALIGN="CENTER" VALIGN="MIDDLE" WIDTH="193" HEIGHT="23">운영자금(원) : 800,000,722</TD>
<TD ALIGN="CENTER" VALIGN="MIDDLE" USERMARK="B 0XFF1200" WIDTH="216" HEIGHT="23">운영자금(원) : 800,001,479</TD>
</TR>

<TR ACOPY="Y" ADELETE="Y" HEIGHT="30">
<TD WIDTH="231" HEIGHT="23">6. 신주 발행가액</TD>
<TD ALIGN="CENTER" VALIGN="MIDDLE" WIDTH="193" HEIGHT="23">보통주식(원) : 1,241</TD>
<TD ALIGN="CENTER" VALIGN="MIDDLE" USERMARK="B 0XFF1200" WIDTH="216" HEIGHT="23">보통주식(원) : 1,501</TD>
</TR>

<TR ACOPY="Y" ADELETE="Y" HEIGHT="30">
<TD WIDTH="231" HEIGHT="23">7. 기준주가</TD>
<TD ALIGN="CENTER" VALIGN="MIDDLE" WIDTH="193" HEIGHT="23">보통주식(원) : 1,378</TD>
<TD ALIGN="CENTER" VALIGN="MIDDLE" USERMARK="B 0XFF1200" WIDTH="216" HEIGHT="23">보통주식(원) : 1,667</TD>
</TR>

<TR ACOPY="Y" ADELETE="Y" HEIGHT="53">
<TD WIDTH="231" HEIGHT="46">20. 기타 투자판단에     참고할 사항</TD>
<TD ALIGN="CENTER" VALIGN="MIDDLE" WIDTH="193" HEIGHT="46">주1) 정정전</TD>
<TD ALIGN="CENTER" VALIGN="MIDDLE" USERMARK="B 0XFF4A00" WIDTH="216" HEIGHT="46">주1) 정정후</TD>
</TR>

<TR ACOPY="Y" ADELETE="Y" HEIGHT="53">
<TD WIDTH="231" HEIGHT="46">【제3자배정 대상자별 선정경위,    거래내역, 배정내역 등】</TD>
<TD ALIGN="CENTER" VALIGN="MIDDLE" WIDTH="193" HEIGHT="46">주2) 정정전</TD>
<TD ALIGN="CENTER" VALIGN="MIDDLE" USERMARK="B 0XFF4A00" WIDTH="216" HEIGHT="46">주2) 정정후</TD>
</TR>
</TBODY>
</TABLE>

<P>
<SPAN USERMARK="F-GL11 "></SPAN>
<SPAN USERMARK="F-GL11 B">주1) 정정전</SPAN>
<SPAN USERMARK="F-GL11 ">3) 신주의 발행가액의 산정은 「증권의 발행 및 공시 등에 관한 규정」 제5-18조 제1항에 의거 청약일 전 과거 제3거래일부터 제5거래일까지의 가중산술평균주가를 기준주가로 하여 100분의 10이내의 할인율을 정하여야 하므로, 동규정에 의한 할인율을 적용했습니다. (단, 원단위 미만은 호가 단위로 절상)아울러 상기 '6. 신주 발행가액'과 '7. 기준주가'는 예정가액으로 최종 확정시 정정공시 예정입니다.▶기준주가로 청약일전 과거 제3거래일부터 제5거래일까지의 가중산술평균주가를 이용시 다음표를 추가</SPAN>
</P>

<TABLE ACLASS="NORMAL" AFIXTABLE="N" WIDTH="601" BORDER="0">

<COLGROUP WIDTH="601">
<COL WIDTH="302"></COL>
<COL WIDTH="299"></COL>
</COLGROUP>

<TBODY>

<TR ACOPY="Y" ADELETE="Y" HEIGHT="30">
<TD VALIGN="BOTTOM" WIDTH="293" HEIGHT="23"></TD>
<TD ALIGN="RIGHT" VALIGN="BOTTOM" WIDTH="290" HEIGHT="23">(단위 : 주, 원)</TD>
</TR>
</TBODY>
</TABLE>

<TABLE ACLASS="NORMAL" AFIXTABLE="N" WIDTH="600" BORDER="1">

<COLGROUP WIDTH="600">
<COL WIDTH="150"></COL>
<COL WIDTH="150"></COL>
<COL WIDTH="150"></COL>
<COL WIDTH="150"></COL>
</COLGROUP>

<THEAD>

<TR ACOPY="Y" ADELETE="Y" HEIGHT="30">
<TH VALIGN="MIDDLE" WIDTH="141" HEIGHT="23" ACOPYCOL="Y" ADELETECOL="Y" AMOVECOL="N">일 자</TH>
<TH VALIGN="MIDDLE" WIDTH="141" HEIGHT="23" ACOPYCOL="Y" ADELETECOL="Y" AMOVECOL="N">거래량</TH>
<TH VALIGN="MIDDLE" WIDTH="141" HEIGHT="23" ACOPYCOL="Y" ADELETECOL="Y" AMOVECOL="N">거래대금</TH>
<TH VALIGN="MIDDLE" WIDTH="141" HEIGHT="23" ACOPYCOL="Y" ADELETECOL="Y" AMOVECOL="N">비고</TH>
</TR>
</THEAD>

<TBODY>

<TR ACOPY="Y" ADELETE="Y" HEIGHT="30">
<TD ALIGN="CENTER" VALIGN="MIDDLE" WIDTH="141" HEIGHT="23">2025년 12월 26일</TD>
<TD ALIGN="RIGHT" VALIGN="MIDDLE" WIDTH="141" HEIGHT="23">119,093</TD>
<TD ALIGN="RIGHT" VALIGN="MIDDLE" WIDTH="141" HEIGHT="23">159,610,115</TD>
<TD ALIGN="CENTER" VALIGN="MIDDLE" WIDTH="141" HEIGHT="23">청약일전 제5거래일</TD>
</TR>

<TR ACOPY="Y" ADELETE="Y" HEIGHT="30">
<TD ALIGN="CENTER" VALIGN="MIDDLE" WIDTH="141" HEIGHT="23">2025년 12월 29일</TD>
<TD ALIGN="RIGHT" VALIGN="MIDDLE" WIDTH="141" HEIGHT="23">152,009</TD>
<TD ALIGN="RIGHT" VALIGN="MIDDLE" WIDTH="141" HEIGHT="23">210,168,743</TD>
<TD ALIGN="CENTER" VALIGN="MIDDLE" WIDTH="141" HEIGHT="23">청약일전 제4거래일</TD>
</TR>

<TR ACOPY="Y" ADELETE="Y" HEIGHT="30">
<TD ALIGN="CENTER" VALIGN="MIDDLE" WIDTH="141" HEIGHT="23">2025년 12월 30일</TD>
<TD ALIGN="RIGHT" VALIGN="MIDDLE" WIDTH="141" HEIGHT="23">150,382</TD>
<TD ALIGN="RIGHT" VALIGN="MIDDLE" WIDTH="141" HEIGHT="23">211,223,209</TD>
<TD ALIGN="CENTER" VALIGN="MIDDLE" WIDTH="141" HEIGHT="23">청약일전 제3거래일</TD>
</TR>

<TR ACOPY="Y" ADELETE="Y" HEIGHT="30">
<TD ALIGN="CENTER" VALIGN="MIDDLE" WIDTH="141" HEIGHT="23">합 계</TD>
<TD ALIGN="RIGHT" VALIGN="MIDDLE" WIDTH="141" HEIGHT="23">421,484</TD>
<TD ALIGN="RIGHT" VALIGN="MIDDLE" WIDTH="141" HEIGHT="23">581,002,067</TD>
<TD ALIGN="CENTER" VALIGN="MIDDLE" WIDTH="141" HEIGHT="23">-</TD>
</TR>

<TR ACOPY="Y" ADELETE="Y" HEIGHT="30">
<TD COLSPAN="3" VALIGN="MIDDLE" WIDTH="441" HEIGHT="23">기준주가(가중산술평균주가)</TD>
<TD ALIGN="RIGHT" VALIGN="MIDDLE" WIDTH="141" HEIGHT="23">1,378.47</TD>
</TR>

<TR ACOPY="Y" ADELETE="Y" HEIGHT="30">
<TD COLSPAN="3" VALIGN="MIDDLE" WIDTH="441" HEIGHT="23">할인율 또는 할증률 (%)</TD>
<TD ALIGN="RIGHT" VALIGN="MIDDLE" WIDTH="141" HEIGHT="23">-10</TD>
</TR>

<TR ACOPY="Y" ADELETE="Y" HEIGHT="30">
<TD COLSPAN="3" VALIGN="MIDDLE" WIDTH="441" HEIGHT="23">발행가액</TD>
<TD ALIGN="RIGHT" VALIGN="MIDDLE" WIDTH="141" HEIGHT="23">1,241</TD>
</TR>
</TBODY>
</TABLE>

<P>
<SPAN USERMARK="F-GL11 "></SPAN>
<SPAN USERMARK="F-GL11 B">주1) 정정후</SPAN>
<SPAN USERMARK="F-GL11 ">3) 신주의 발행가액의 산정은 「증권의 발행 및 공시 등에 관한 규정」 제5-18조 제1항에 의거 청약일 전 과거 제3거래일부터 제5거래일까지의 가중산술평균주가를 기준주가로 하여 100분의 10이내의 할인율을 정하여야 하므로, 동규정에 의한 할인율을 적용했습니다. (단, 원단위 미만은 호가 단위로 절상)</SPAN>
</P>
<P USERMARK="F-GL11 ">▶기준주가로 청약일전 과거 제3거래일부터 제5거래일까지의 가중산술평균주가를 이용시 다음표를 추가</P>

<TABLE ACLASS="NORMAL" AFIXTABLE="N" WIDTH="601" BORDER="0">

<COLGROUP WIDTH="601">
<COL WIDTH="302"></COL>
<COL WIDTH="299"></COL>
</COLGROUP>

<TBODY>

<TR ACOPY="Y" ADELETE="Y" HEIGHT="30">
<TD VALIGN="BOTTOM" WIDTH="293" HEIGHT="23"></TD>
<TD ALIGN="RIGHT" VALIGN="BOTTOM" WIDTH="290" HEIGHT="23">(단위 : 주, 원)</TD>
</TR>
</TBODY>
</TABLE>

<TABLE ACLASS="NORMAL" AFIXTABLE="N" WIDTH="600" BORDER="1">

<COLGROUP WIDTH="600">
<COL WIDTH="150"></COL>
<COL WIDTH="150"></COL>
<COL WIDTH="150"></COL>
<COL WIDTH="150"></COL>
</COLGROUP>

<THEAD>

<TR ACOPY="Y" ADELETE="Y" HEIGHT="30">
<TH VALIGN="MIDDLE" WIDTH="141" ACOPYCOL="Y" ADELETECOL="Y" AMOVECOL="N" HEIGHT="23">일 자</TH>
<TH VALIGN="MIDDLE" WIDTH="141" ACOPYCOL="Y" ADELETECOL="Y" AMOVECOL="N" HEIGHT="23">거래량</TH>
<TH VALIGN="MIDDLE" WIDTH="141" ACOPYCOL="Y" ADELETECOL="Y" AMOVECOL="N" HEIGHT="23">거래대금</TH>
<TH VALIGN="MIDDLE" WIDTH="141" ACOPYCOL="Y" ADELETECOL="Y" AMOVECOL="N" HEIGHT="23">비고</TH>
</TR>
</THEAD>

<TBODY>

<TR ACOPY="Y" ADELETE="Y" HEIGHT="30">
<TD ALIGN="CENTER" VALIGN="MIDDLE" USERMARK="B 0XFF1200" WIDTH="141" HEIGHT="23">2026년 01월 02일</TD>
<TD ALIGN="RIGHT" VALIGN="MIDDLE" USERMARK="B 0XFF1200" WIDTH="141" HEIGHT="23">169,144</TD>
<TD ALIGN="RIGHT" VALIGN="MIDDLE" USERMARK="B 0XFF1200" WIDTH="141" HEIGHT="23">243,796,175</TD>
<TD ALIGN="CENTER" VALIGN="MIDDLE" WIDTH="141" HEIGHT="23">청약일전 제5거래일</TD>
</TR>

<TR ACOPY="Y" ADELETE="Y" HEIGHT="30">
<TD ALIGN="CENTER" VALIGN="MIDDLE" USERMARK="B 0XFF1200" WIDTH="141" HEIGHT="23">2026년 01월 05일</TD>
<TD ALIGN="RIGHT" VALIGN="MIDDLE" USERMARK="B 0XFF1200" WIDTH="141" HEIGHT="23">87,278</TD>
<TD ALIGN="RIGHT" VALIGN="MIDDLE" USERMARK="B 0XFF1200" WIDTH="141" HEIGHT="23">126,537,577</TD>
<TD ALIGN="CENTER" VALIGN="MIDDLE" WIDTH="141" HEIGHT="23">청약일전 제4거래일</TD>
</TR>

<TR ACOPY="Y" ADELETE="Y" HEIGHT="30">
<TD ALIGN="CENTER" VALIGN="MIDDLE" USERMARK="B 0XFF1200" WIDTH="141" HEIGHT="23">2026년 01월 06일</TD>
<TD ALIGN="RIGHT" VALIGN="MIDDLE" USERMARK="B 0XFF1200" WIDTH="141" HEIGHT="23">2,436,113</TD>
<TD ALIGN="RIGHT" VALIGN="MIDDLE" USERMARK="B 0XFF1200" WIDTH="141" HEIGHT="23">4,119,348,336</TD>
<TD ALIGN="CENTER" VALIGN="MIDDLE" WIDTH="141" HEIGHT="23">청약일전 제3거래일</TD>
</TR>

<TR ACOPY="Y" ADELETE="Y" HEIGHT="30">
<TD ALIGN="CENTER" VALIGN="MIDDLE" WIDTH="141" HEIGHT="23">합 계</TD>
<TD ALIGN="RIGHT" VALIGN="MIDDLE" USERMARK="B 0XFF1200" WIDTH="141" HEIGHT="23">2,692,535</TD>
<TD ALIGN="RIGHT" VALIGN="MIDDLE" USERMARK="B 0XFF1200" WIDTH="141" HEIGHT="23">4,489,682,088</TD>
<TD ALIGN="CENTER" VALIGN="MIDDLE" WIDTH="141" HEIGHT="23">-</TD>
</TR>

<TR ACOPY="Y" ADELETE="Y" HEIGHT="30">
<TD COLSPAN="3" VALIGN="MIDDLE" WIDTH="441" HEIGHT="23">기준주가(가중산술평균주가)</TD>
<TD ALIGN="RIGHT" VALIGN="MIDDLE" USERMARK="B 0XFF1200" WIDTH="141" HEIGHT="23">1,667.46</TD>
</TR>

<TR ACOPY="Y" ADELETE="Y" HEIGHT="30">
<TD COLSPAN="3" VALIGN="MIDDLE" WIDTH="441" HEIGHT="23">할인율 또는 할증률 (%)</TD>
<TD ALIGN="RIGHT" VALIGN="MIDDLE" WIDTH="141" HEIGHT="23">-10</TD>
</TR>

<TR ACOPY="Y" ADELETE="Y" HEIGHT="30">
<TD COLSPAN="3" VALIGN="MIDDLE" WIDTH="441" HEIGHT="23">발행가액</TD>
<TD ALIGN="RIGHT" VALIGN="MIDDLE" USERMARK="B 0XFF1200" WIDTH="141" HEIGHT="23">1,501</TD>
</TR>
</TBODY>
</TABLE>
<P USERMARK="F-GL11 "></P>
<P></P>

<P>
<SPAN USERMARK="B">주2) 정정전</SPAN>
<SPAN USERMARK="F-GL11 "></SPAN>
</P>

<TABLE ACLASS="NORMAL" AFIXTABLE="N" WIDTH="600" BORDER="0">

<COLGROUP WIDTH="600">
<COL WIDTH="600"></COL>
</COLGROUP>

<TBODY>

<TR ACOPY="Y" ADELETE="Y" HEIGHT="30">
<TD WIDTH="591" HEIGHT="23">【제3자배정 대상자별 선정경위, 거래내역, 배정내역 등】</TD>
</TR>
</TBODY>
</TABLE>

<TABLE ACLASS="NORMAL" AFIXTABLE="N" WIDTH="598" BORDER="1">

<COLGROUP WIDTH="598">
<COL WIDTH="77"></COL>
<COL WIDTH="77"></COL>
<COL WIDTH="177"></COL>
<COL WIDTH="104"></COL>
<COL WIDTH="83"></COL>
<COL WIDTH="80"></COL>
</COLGROUP>

<THEAD>

<TR ACOPY="Y" ADELETE="Y" HEIGHT="76">
<TH VALIGN="MIDDLE" WIDTH="68" HEIGHT="69" ACOPYCOL="Y" ADELETECOL="Y" AMOVECOL="N">제3자배정 대상자</TH>
<TH VALIGN="MIDDLE" WIDTH="68" HEIGHT="69" ACOPYCOL="Y" ADELETECOL="Y" AMOVECOL="N">회사 또는최대주주와의 관계</TH>
<TH VALIGN="MIDDLE" WIDTH="168" HEIGHT="69" ACOPYCOL="Y" ADELETECOL="Y" AMOVECOL="N">선정경위</TH>
<TH VALIGN="MIDDLE" WIDTH="95" HEIGHT="69" ACOPYCOL="Y" ADELETECOL="Y" AMOVECOL="N">증자결정 전후 6월이내 거래내역 및 계획</TH>
<TH VALIGN="MIDDLE" WIDTH="74" HEIGHT="69" ACOPYCOL="Y" ADELETECOL="Y" AMOVECOL="N">배정주식수 (주)</TH>
<TH VALIGN="MIDDLE" WIDTH="71" HEIGHT="69" ACOPYCOL="Y" ADELETECOL="Y" AMOVECOL="N">비 고</TH>
</TR>
</THEAD>

<TBODY>

<TR ACOPY="Y" ADELETE="Y" HEIGHT="145">
<TD WIDTH="68" HEIGHT="138" VALIGN="MIDDLE">한국켄텐츠에쿼티1호조합</TD>
<TD WIDTH="68" HEIGHT="138" ALIGN="CENTER" VALIGN="MIDDLE">-</TD>
<TD WIDTH="168" HEIGHT="138">회사 경영상 목적 달성 및 필요자금의 신속한 조달을 위해 투자자의 투자의향 및 납입능력, 시기 등을 고려하여이사회에서 선정</TD>
<TD WIDTH="95" HEIGHT="138" ALIGN="CENTER" VALIGN="MIDDLE">-</TD>
<TD ALIGN="RIGHT" WIDTH="74" HEIGHT="138" VALIGN="MIDDLE">644,642</TD>
<TD WIDTH="71" HEIGHT="138" ALIGN="CENTER" VALIGN="MIDDLE">-</TD>
</TR>
</TBODY>
</TABLE>

<P>
<SPAN USERMARK="F-GL11 "></SPAN>
<SPAN USERMARK="B">주2) 정정후</SPAN>
<SPAN USERMARK="F-GL11 "></SPAN>
</P>

<TABLE ACLASS="NORMAL" AFIXTABLE="N" WIDTH="600" BORDER="0">

<COLGROUP WIDTH="600">
<COL WIDTH="600"></COL>
</COLGROUP>

<TBODY>

<TR ACOPY="Y" ADELETE="Y" HEIGHT="30">
<TD WIDTH="591" HEIGHT="23">【제3자배정 대상자별 선정경위, 거래내역, 배정내역 등】</TD>
</TR>
</TBODY>
</TABLE>

<TABLE ACLASS="NORMAL" AFIXTABLE="N" WIDTH="598" BORDER="1">

<COLGROUP WIDTH="598">
<COL WIDTH="77"></COL>
<COL WIDTH="77"></COL>
<COL WIDTH="177"></COL>
<COL WIDTH="104"></COL>
<COL WIDTH="83"></COL>
<COL WIDTH="80"></COL>
</COLGROUP>

<THEAD>

<TR ACOPY="Y" ADELETE="Y" HEIGHT="76">
<TH VALIGN="MIDDLE" WIDTH="68" HEIGHT="69" ACOPYCOL="Y" ADELETECOL="Y" AMOVECOL="N">제3자배정 대상자</TH>
<TH VALIGN="MIDDLE" WIDTH="68" HEIGHT="69" ACOPYCOL="Y" ADELETECOL="Y" AMOVECOL="N">회사 또는최대주주와의 관계</TH>
<TH VALIGN="MIDDLE" WIDTH="168" HEIGHT="69" ACOPYCOL="Y" ADELETECOL="Y" AMOVECOL="N">선정경위</TH>
<TH VALIGN="MIDDLE" WIDTH="95" HEIGHT="69" ACOPYCOL="Y" ADELETECOL="Y" AMOVECOL="N">증자결정 전후 6월이내 거래내역 및 계획</TH>
<TH VALIGN="MIDDLE" WIDTH="74" HEIGHT="69" ACOPYCOL="Y" ADELETECOL="Y" AMOVECOL="N">배정주식수 (주)</TH>
<TH VALIGN="MIDDLE" WIDTH="71" HEIGHT="69" ACOPYCOL="Y" ADELETECOL="Y" AMOVECOL="N">비 고</TH>
</TR>
</THEAD>

<TBODY>

<TR ACOPY="Y" ADELETE="Y" HEIGHT="145">
<TD WIDTH="68" HEIGHT="138" VALIGN="MIDDLE">한국켄텐츠에쿼티1호조합</TD>
<TD WIDTH="68" HEIGHT="138" ALIGN="CENTER" VALIGN="MIDDLE">-</TD>
<TD WIDTH="168" HEIGHT="138">회사 경영상 목적 달성 및 필요자금의 신속한 조달을 위해 투자자의 투자의향 및 납입능력, 시기 등을 고려하여이사회에서 선정</TD>
<TD WIDTH="95" HEIGHT="138" ALIGN="CENTER" VALIGN="MIDDLE">-</TD>
<TD ALIGN="RIGHT" WIDTH="74" HEIGHT="138" VALIGN="MIDDLE" USERMARK="B 0XFF1200">532,979</TD>
<TD WIDTH="71" HEIGHT="138" ALIGN="CENTER" VALIGN="MIDDLE">-</TD>
</TR>
</TBODY>
</TABLE>
<P></P>
<PGBRK></PGBRK>
</CORRECTION>
</LIBRARY>


<LIBRARY>
<SECTION-1 ACLASS="MANDATORY" APARTSOURCE="SOURCE">
<TITLE ATOC="Y" AASSOCNOTE="D-0-0-0-0" ENG="Report on Major Issues／Reporting Obligations to the KRX" ATOCID="2">주요사항보고서 / 거래소 신고의무 사항</TITLE>

<TABLE ACLASS="NORMAL" AFIXTABLE="Y" WIDTH="600" BORDER="0">

<COLGROUP WIDTH="600">
<COL WIDTH="141"></COL>
<COL WIDTH="183"></COL>
<COL WIDTH="276"></COL>
</COLGROUP>

<TBODY>

<TR ACOPY="Y" ADELETE="Y" HEIGHT="30">
<TD COLSPAN="3" WIDTH="591" HEIGHT="23"></TD>
</TR>

<TR ACOPY="Y" ADELETE="Y" HEIGHT="53">
<TD COLSPAN="3" WIDTH="591" HEIGHT="46"></TD>
</TR>

<TR ACOPY="Y" ADELETE="Y" HEIGHT="30">
<TD COLSPAN="2" VALIGN="MIDDLE" WIDTH="315" HEIGHT="23">금융위원회 / 한국거래소 귀중</TD>
<TD ALIGN="RIGHT" VALIGN="MIDDLE" WIDTH="267" HEIGHT="23">  2025년  12월  31일</TD>
</TR>

<TR ACOPY="Y" ADELETE="Y" HEIGHT="53">
<TD COLSPAN="3" WIDTH="591" HEIGHT="46"></TD>
</TR>

<TR ACOPY="Y" ADELETE="Y" HEIGHT="30">
<TD WIDTH="132" HEIGHT="23">회     사     명  :</TD>
<TD COLSPAN="2" WIDTH="450" HEIGHT="23">주식회사 파인테크닉스</TD>
</TR>

<TR ACOPY="Y" ADELETE="Y" HEIGHT="30">
<TD WIDTH="132" HEIGHT="23">대  표   이  사  :</TD>
<TD COLSPAN="2" WIDTH="450" HEIGHT="23">심 철 구</TD>
</TR>

<TR ACOPY="Y" ADELETE="Y" HEIGHT="30">
<TD WIDTH="132" HEIGHT="23">본 점  소 재 지 :</TD>
<TD COLSPAN="2" WIDTH="450" HEIGHT="23">경기도 안양시 만안구 덕천로 38</TD>
</TR>

<TR ACOPY="Y" ADELETE="Y" HEIGHT="30">
<TD WIDTH="132" HEIGHT="23"></TD>
<TD COLSPAN="2" WIDTH="450" HEIGHT="23">(전  화) 031-463-8888</TD>
</TR>

<TR ACOPY="Y" ADELETE="Y" HEIGHT="30">
<TD WIDTH="132" HEIGHT="23"></TD>
<TD COLSPAN="2" WIDTH="450" HEIGHT="23">(홈페이지)http://www.finetechnix.com</TD>
</TR>

<TR ACOPY="Y" ADELETE="Y" HEIGHT="30">
<TD WIDTH="132" HEIGHT="23"></TD>
<TD COLSPAN="2" WIDTH="450" HEIGHT="23"></TD>
</TR>

<TR ACOPY="Y" ADELETE="Y" HEIGHT="30">
<TD COLSPAN="3" WIDTH="591" HEIGHT="23"></TD>
</TR>

<TR ACOPY="Y" ADELETE="Y" HEIGHT="30">
<TD COLSPAN="3" WIDTH="591" HEIGHT="23"></TD>
</TR>

<TR ACOPY="Y" ADELETE="Y" HEIGHT="30">
<TD WIDTH="132" HEIGHT="23">작 성 책 임 자 :</TD>
<TD WIDTH="174" HEIGHT="23">(직  책) 대표이사</TD>
<TD WIDTH="267" HEIGHT="23">(성  명) 심 철 구</TD>
</TR>

<TR ACOPY="Y" ADELETE="Y" HEIGHT="30">
<TD WIDTH="132" HEIGHT="23"></TD>
<TD COLSPAN="2" WIDTH="450" HEIGHT="23">(전  화) 031-463-8888</TD>
</TR>

<TR ACOPY="Y" ADELETE="Y" HEIGHT="30">
<TD COLSPAN="3" WIDTH="591" HEIGHT="23"></TD>
</TR>
</TBODY>
</TABLE>
<P></P>
<PGBRK></PGBRK>
</SECTION-1>
</LIBRARY>


<SECTION-1 ACLASS="MANDATORY" APARTSOURCE="SOURCE">
<TITLE ATOC="Y" AASSOCNOTE="D-0-1-0-0" ENG="Decision on Paid-In Capital Increase" ATOCID="1">유상증자 결정</TITLE>
<P></P>

<TABLE-GROUP ACLASS="CST_CNT" ADELETETABLE="N">

<TABLE ACLASS="EXTRACTION" AFIXTABLE="Y" WIDTH="600" BORDER="1">

<COLGROUP WIDTH="600">
<COL WIDTH="160"></COL>
<COL WIDTH="172"></COL>
<COL WIDTH="268"></COL>
</COLGROUP>

<TBODY>

<TR ACOPY="Y" ADELETE="Y" HEIGHT="30">
<TD ROWSPAN="2" VALIGN="MIDDLE" WIDTH="151" HEIGHT="53" AUPDATECONT="N" ENG="1. Class and number of new shares">1. 신주의 종류와 수</TD>
<TD ALIGN="CENTER" WIDTH="163" HEIGHT="23" AUPDATECONT="N" ENG="Common stock (shrs.)">보통주식 (주)</TD>
<TE ALIGN="RIGHT" WIDTH="259" HEIGHT="23" ACODE="CST_CNT">532,979</TE>
</TR>

<TR ACOPY="Y" ADELETE="Y" HEIGHT="30">
<TD ALIGN="CENTER" WIDTH="163" HEIGHT="23" AUPDATECONT="N" ENG="Different classes of stocks (shrs.)">기타주식 (주)</TD>
<TE ALIGN="RIGHT" WIDTH="259" HEIGHT="23" ACODE="PST_CNT">-</TE>
</TR>

<TR ACOPY="Y" ADELETE="Y" HEIGHT="30">
<TD COLSPAN="2" WIDTH="323" HEIGHT="23" AUPDATECONT="N" ENG="2. Par value per share (KRW)">2. 1주당 액면가액 (원)</TD>
<TE ALIGN="RIGHT" WIDTH="259" HEIGHT="23" ACODE="FVAL">500</TE>
</TR>

<TR ACOPY="Y" ADELETE="Y" HEIGHT="30">
<TD ROWSPAN="2" VALIGN="MIDDLE" WIDTH="151" HEIGHT="53" AUPDATECONT="N" ENG="3. Total number of shares issued before capital increase (shrs.)">3. 증자전     발행주식총수 (주)</TD>
<TD ALIGN="CENTER" WIDTH="163" HEIGHT="23" AUPDATECONT="N" ENG="Common stock (shrs.)">보통주식 (주)</TD>
<TE ALIGN="RIGHT" WIDTH="259" HEIGHT="23" ACODE="BFR_CST_CNT">20,601,646</TE>
</TR>

<TR ACOPY="Y" ADELETE="Y" HEIGHT="30">
<TD ALIGN="CENTER" WIDTH="163" HEIGHT="23" AUPDATECONT="N" ENG="Different classes of stocks (shrs.)">기타주식 (주)</TD>
<TE ALIGN="RIGHT" WIDTH="259" HEIGHT="23" ACODE="BFR_PST_CNT">-</TE>
</TR>

<TR ACOPY="Y" ADELETE="Y" HEIGHT="30">
<TD ROWSPAN="6" VALIGN="MIDDLE" WIDTH="151" HEIGHT="196" AUPDATECONT="N" ENG="4. Purpose of funding">4. 자금조달의 목적</TD>
<TD ALIGN="CENTER" WIDTH="163" HEIGHT="23" AUPDATECONT="N" ENG="Facility investment (KRW)">시설자금 (원)</TD>
<TE ALIGN="RIGHT" WIDTH="259" HEIGHT="23" ACODE="FND_USE1">-</TE>
</TR>

<TR ACOPY="Y" ADELETE="Y" HEIGHT="30">
<TD ALIGN="CENTER" WIDTH="163" HEIGHT="23" AUPDATECONT="N" ENG="Business acquisition (KRW)">영업양수자금 (원)</TD>
<TE ALIGN="RIGHT" WIDTH="259" HEIGHT="23" ACODE="FND_USE_SQ">-</TE>
</TR>

<TR ACOPY="Y" ADELETE="Y" HEIGHT="30">
<TD ALIGN="CENTER" VALIGN="MIDDLE" WIDTH="163" HEIGHT="23" AUPDATECONT="N" ENG="Operating capital (KRW)">운영자금 (원)</TD>
<TE ALIGN="RIGHT" WIDTH="259" HEIGHT="23" ACODE="FND_USE2">800,001,479</TE>
</TR>

<TR ACOPY="Y" ADELETE="Y" HEIGHT="30">
<TD ALIGN="CENTER" VALIGN="MIDDLE" WIDTH="163" HEIGHT="23" AUPDATECONT="N" ENG="Debt repayment (KRW)">채무상환자금 (원)</TD>
<TE ALIGN="RIGHT" WIDTH="259" HEIGHT="23" ACODE="FND_USE_RD">-</TE>
</TR>

<TR ACOPY="Y" ADELETE="Y" HEIGHT="53">
<TD ALIGN="CENTER" VALIGN="MIDDLE" WIDTH="163" HEIGHT="46" AUPDATECONT="N" ENG="Acquisition of securities issued by other corporations (KRW)">타법인 증권취득자금 (원)</TD>
<TE ALIGN="RIGHT" VALIGN="MIDDLE" WIDTH="259" HEIGHT="46" ACODE="ANC_ACQ_AMT">-</TE>
</TR>

<TR ACOPY="Y" ADELETE="Y" HEIGHT="30">
<TD ALIGN="CENTER" WIDTH="163" HEIGHT="23" AUPDATECONT="N" ENG="Other purposes (KRW)">기타자금 (원)</TD>
<TE ALIGN="RIGHT" WIDTH="259" HEIGHT="23" ACODE="FND_USE3">-</TE>
</TR>

<TR ACOPY="Y" ADELETE="Y" HEIGHT="30">
<TD COLSPAN="2" VALIGN="MIDDLE" WIDTH="323" HEIGHT="23" AUPDATECONT="N" ENG="5. Capital increase method">5. 증자방식</TD>
<TU ALIGN="CENTER" WIDTH="259" HEIGHT="23" AUNIT="CI_MTH" AUNITVALUE="6" ENG="Capital increase by third-party allotment">제3자배정증자</TU>
</TR>
</TBODY>
</TABLE>
</TABLE-GROUP>
<P>※ 기타주식에 관한 사항</P>

<TABLE-GROUP ACLASS="STO_ETC" ADELETETABLE="N">

<TABLE ACLASS="EXTRACTION" AFIXTABLE="Y" WIDTH="600" BORDER="1">

<COLGROUP WIDTH="600">
<COL WIDTH="235"></COL>
<COL WIDTH="365"></COL>
</COLGROUP>

<TBODY>

<TR ACOPY="N" ADELETE="N" HEIGHT="30">
<TD WIDTH="226" HEIGHT="23" AUPDATECONT="N" ENG="Basis in articles of incorporation">정관의 근거</TD>
<TE WIDTH="356" HEIGHT="23" VALIGN="MIDDLE" ACODE="AOI_BAS">-</TE>
</TR>

<TR ACOPY="N" ADELETE="N" HEIGHT="30">
<TD WIDTH="226" HEIGHT="23" AUPDATECONT="N" ENG="Details of stocks">주식의 내용</TD>
<TE WIDTH="356" HEIGHT="23" VALIGN="MIDDLE" ACODE="STO_CNT">-</TE>
</TR>

<TR ACOPY="N" ADELETE="N" HEIGHT="30">
<TD WIDTH="226" HEIGHT="23" AUPDATECONT="N" ENG="Others">기타</TD>
<TE WIDTH="356" HEIGHT="23" VALIGN="MIDDLE" ACODE="ETC_CNT">-</TE>
</TR>
</TBODY>
</TABLE>
</TABLE-GROUP>

<P></P>

<LIBRARY>
<TABLE-GROUP ACLASS="THD_ASN_INC" ADELETETABLE="N">

<TABLE ACLASS="EXTRACTION" AFIXTABLE="Y" WIDTH="599" BORDER="1">

<COLGROUP WIDTH="599">
<COL WIDTH="149"></COL>
<COL WIDTH="200"></COL>
<COL WIDTH="89"></COL>
<COL WIDTH="161"></COL>
</COLGROUP>

<TBODY>

<TR ACOPY="N" ADELETE="N" HEIGHT="30">
<TD ROWSPAN="2" VALIGN="MIDDLE" WIDTH="140" AUPDATECONT="N" ENG="6. Issuing price of new shares" HEIGHT="53">6. 신주 발행가액</TD>
<TD ALIGN="CENTER" WIDTH="191" AUPDATECONT="N" ENG="Common stock (KRW)" HEIGHT="23">보통주식 (원)</TD>
<TE ALIGN="RIGHT" WIDTH="241" ACODE="CST_ISS_VAL" COLSPAN="2" HEIGHT="23">1,501</TE>
</TR>

<TR ACOPY="N" ADELETE="N" HEIGHT="30">
<TD ALIGN="CENTER" AUPDATECONT="N" ENG="Different classes of stocks (KRW)" WIDTH="191" HEIGHT="23">기타주식 (원)</TD>
<TE ALIGN="RIGHT" ACODE="PST_ISS_VAL" COLSPAN="2" WIDTH="241" HEIGHT="23">-</TE>
</TR>

<TR ACOPY="N" ADELETE="N" HEIGHT="30">
<TD ROWSPAN="2" VALIGN="MIDDLE" AUPDATECONT="N" ENG="7. Base stock price" WIDTH="140" HEIGHT="53">7. 기준주가</TD>
<TD ALIGN="CENTER" AUPDATECONT="N" ENG="Common stock (KRW)" WIDTH="191" HEIGHT="23">보통주식 (원)</TD>
<TE ALIGN="RIGHT" ACODE="CST_STD_VAL" COLSPAN="2" WIDTH="241" HEIGHT="23">1,667</TE>
</TR>

<TR ACOPY="N" ADELETE="N" HEIGHT="30">
<TD ALIGN="CENTER" AUPDATECONT="N" ENG="Different classes of stocks (KRW)" WIDTH="191" HEIGHT="23">기타주식 (원)</TD>
<TE ALIGN="RIGHT" ACODE="PST_STD_VAL" COLSPAN="2" WIDTH="241" HEIGHT="23">-</TE>
</TR>

<TR ACOPY="N" ADELETE="N" HEIGHT="53">
<TD COLSPAN="2" AUPDATECONT="N" ENG="7-1. Base stock price calculation method" WIDTH="340" HEIGHT="46">7-1. 기준주가 산정방법</TD>
<TU AUNIT="STD_MTH" AUNITVALUE="1" COLSPAN="2" WIDTH="241" HEIGHT="46" ENG="Weighted arithmetic average stock price from the third to the fifth trading day prior to the subscription date">청약일전 과거 제3거래일부터 제5거래일까지의 가중산술평균주가</TU>
</TR>

<TR ACOPY="N" ADELETE="N" HEIGHT="30">
<TD COLSPAN="2" AUPDATECONT="N" ENG="7-2. Discount or premium ratio to the base stock price (%)" WIDTH="340" HEIGHT="23">7-2. 기준주가에 대한 할인율 또는 할증율 (%)</TD>
<TE ALIGN="RIGHT" ACODE="DC_RATE" COLSPAN="2" WIDTH="241" HEIGHT="23">-10</TE>
</TR>

<TR ACOPY="N" ADELETE="N" HEIGHT="53">
<TD COLSPAN="2" AUPDATECONT="N" ENG="7-3. Basis for the calculation of the discount ratio (Premium ratio)" WIDTH="340" HEIGHT="46">7-3. 할인율(할증률) 산정 근거</TD>
<TE ACODE="DC_RATE_RS" COLSPAN="2" WIDTH="241" HEIGHT="46">[증권의 발행 및 공시에 관한 규정] 제5-18조 1항</TE>
</TR>

<TR ACOPY="N" ADELETE="N" HEIGHT="30">
<TD COLSPAN="2" AUPDATECONT="N" ENG="8. Basis in articles of incorporation on third-party allotment" WIDTH="340" HEIGHT="23">8. 제3자배정에 대한 정관의 근거</TD>
<TE ACODE="ART_BAS" COLSPAN="2" WIDTH="241" HEIGHT="23">당사 정관 제10조 제2항</TE>
</TR>

<TR ACOPY="N" ADELETE="N" HEIGHT="30">
<TD COLSPAN="2" AUPDATECONT="N" ENG="9. Payment date" WIDTH="340" HEIGHT="23">9. 납입일</TD>
<TU ALIGN="CENTER" AUNIT="PYM_DT" AUNITVALUE="20260113" COLSPAN="2" WIDTH="241" HEIGHT="23">2026년 01월 13일</TU>
</TR>

<TR ACOPY="N" ADELETE="N" HEIGHT="30">
<TD COLSPAN="2" AUPDATECONT="N" ENG="10. Record date for dividend on new shares" WIDTH="340" HEIGHT="23">10. 신주의 배당기산일</TD>
<TU ALIGN="CENTER" AUNIT="DV_ST_DT" AUNITVALUE="20260101" COLSPAN="2" WIDTH="241" HEIGHT="23">2026년 01월 01일</TU>
</TR>

<TR ACOPY="N" ADELETE="N" HEIGHT="30">
<TD COLSPAN="2" AUPDATECONT="N" ENG="11. Scheduled delivery date of new share certificates" WIDTH="340" HEIGHT="23">11. 신주권교부예정일</TD>
<TU ALIGN="CENTER" AUNIT="NST_GV_DT" AUNITVALUE="-" COLSPAN="2" WIDTH="241" HEIGHT="23">-</TU>
</TR>

<TR ACOPY="N" ADELETE="N" HEIGHT="30">
<TD COLSPAN="2" AUPDATECONT="N" ENG="12. Scheduled listing date of new shares" WIDTH="340" HEIGHT="23">12. 신주의 상장 예정일</TD>
<TU ALIGN="CENTER" AUNIT="LST_PLN_DT" AUNITVALUE="20260127" COLSPAN="2" WIDTH="241" HEIGHT="23">2026년 01월 27일</TU>
</TR>

<TR ACOPY="N" ADELETE="N" HEIGHT="30">
<TD COLSPAN="2" VALIGN="MIDDLE" AUPDATECONT="N" ENG="13. Whether deemed a backdoor listing caused by contribution in kind" WIDTH="340" HEIGHT="23">13. 현물출자로 인한 우회상장 해당여부</TD>
<TU ALIGN="CENTER" AUNIT="PIN_BL_YN" AUNITVALUE="N" COLSPAN="2" WIDTH="241" HEIGHT="23" ENG="No">아니오</TU>
</TR>

<TR ACOPY="N" ADELETE="N" HEIGHT="30">
<TD COLSPAN="2" VALIGN="MIDDLE" AUPDATECONT="N" ENG="- Whether there is in kind contributions" WIDTH="340" HEIGHT="23">   - 현물출자가 있는지 여부</TD>
<TU ALIGN="CENTER" AUNIT="PIN_EXT_YN" AUNITVALUE="N" COLSPAN="2" WIDTH="241" HEIGHT="23" ENG="No">아니오</TU>
</TR>

<TR ACOPY="N" ADELETE="N" HEIGHT="53">
<TD COLSPAN="2" VALIGN="MIDDLE" AUPDATECONT="N" ENG="- Whether there are shares of stock-unlisted corporations among contribution in kind" WIDTH="340" HEIGHT="46">   - 현물출자 재산 중 주권비상장법인주식이       있는지 여부</TD>
<TU ALIGN="CENTER" AUNIT="PIN_SLC_YN" AUNITVALUE="A" COLSPAN="2" WIDTH="241" HEIGHT="46" ENG="N/A">해당없음</TU>
</TR>

<TR ACOPY="N" ADELETE="N" HEIGHT="30">
<TD ROWSPAN="2" VALIGN="MIDDLE" AUPDATECONT="N" ENG="- Value of investment in kind for shares to be paid" WIDTH="140" HEIGHT="76">   - 납입예정 주식의      현물출자 가액</TD>
<TD ALIGN="CENTER" VALIGN="MIDDLE" AUPDATECONT="N" ENG="Value in kind contribution (KRW)" WIDTH="191" HEIGHT="23">현물출자가액(원)</TD>
<TE ALIGN="CENTER" ACODE="PIN_VAL" COLSPAN="2" WIDTH="241" HEIGHT="23">-</TE>
</TR>

<TR ACOPY="N" ADELETE="N" HEIGHT="53">
<TD ALIGN="CENTER" VALIGN="MIDDLE" AUPDATECONT="N" ENG="Ratio to the company’s total assets in the latest fiscal year (%)" WIDTH="191" HEIGHT="46">당사 최근사업연도 자산총액 대비(%)</TD>
<TE ALIGN="CENTER" ACODE="PIN_AST_RT" COLSPAN="2" WIDTH="241" HEIGHT="46">-</TE>
</TR>

<TR ACOPY="N" ADELETE="N" HEIGHT="30">
<TD COLSPAN="2" VALIGN="MIDDLE" AUPDATECONT="N" ENG="- Total number of shares to be paid" WIDTH="340" HEIGHT="23">   - 납입예정 주식수</TD>
<TE ALIGN="CENTER" ACODE="PAY_EXP_CNT" COLSPAN="2" WIDTH="241" HEIGHT="23">-</TE>
</TR>

<TR ACOPY="N" ADELETE="N" HEIGHT="30">
<TD COLSPAN="2" VALIGN="MIDDLE" AUPDATECONT="N" ENG="14. Whether satisfying backdoor listing requirements" WIDTH="340" HEIGHT="23">14. 우회상장 요건 충족여부</TD>
<TU ALIGN="CENTER" AUNIT="BL_CON_YN" AUNITVALUE="A" COLSPAN="2" WIDTH="241" HEIGHT="23" ENG="N/A">해당없음</TU>
</TR>

<TR ACOPY="N" ADELETE="N" HEIGHT="30">
<TD COLSPAN="2" VALIGN="MIDDLE" AUPDATECONT="N" ENG="15. Board resolution date (decision date)" WIDTH="340" HEIGHT="23">15. 이사회결의일(결정일)</TD>
<TU ALIGN="CENTER" AUNIT="DRC_DT" AUNITVALUE="20251231" COLSPAN="2" WIDTH="241" HEIGHT="23">2025년 12월 31일</TU>
</TR>

<TR ACOPY="N" ADELETE="N" HEIGHT="30">
<TD ROWSPAN="2" VALIGN="MIDDLE" AUPDATECONT="N" ENG="- Attendance of outside directors" WIDTH="140" HEIGHT="53">   - 사외이사      참석여부</TD>
<TD ALIGN="CENTER" AUPDATECONT="N" ENG="Present (No.)" WIDTH="191" HEIGHT="23">참석 (명)</TD>
<TE ALIGN="CENTER" ACODE="ATD_CNT" COLSPAN="2" WIDTH="241" HEIGHT="23">1</TE>
</TR>

<TR ACOPY="N" ADELETE="N" HEIGHT="30">
<TD ALIGN="CENTER" AUPDATECONT="N" ENG="Absent (No.)" WIDTH="191" HEIGHT="23">불참 (명)</TD>
<TE ALIGN="CENTER" ACODE="NATD_CNT" COLSPAN="2" WIDTH="241" HEIGHT="23">-</TE>
</TR>

<TR ACOPY="N" ADELETE="N" HEIGHT="30">
<TD COLSPAN="2" AUPDATECONT="N" ENG="- Attendance of auditors (members of Audit Committee)" WIDTH="340" HEIGHT="23">   - 감사(감사위원) 참석여부</TD>
<TU ALIGN="CENTER" AUNIT="ADT_ATD_YN" AUNITVALUE="N" COLSPAN="2" WIDTH="241" HEIGHT="23" ENG="Absent">불참</TU>
</TR>

<TR ACOPY="N" ADELETE="N" HEIGHT="30">
<TD COLSPAN="2" AUPDATECONT="N" ENG="16. Whether subject to file securities registration statement" WIDTH="340" HEIGHT="23">16. 증권신고서 제출대상 여부</TD>
<TU ALIGN="CENTER" AUNIT="RPT_SM_YN" AUNITVALUE="N" COLSPAN="2" WIDTH="241" HEIGHT="23" ENG="No">아니오</TU>
</TR>

<TR ACOPY="N" ADELETE="N" HEIGHT="30">
<TD COLSPAN="2" AUPDATECONT="N" ENG="17. Reasons for exemption from filing securities registration statement, if exempted" WIDTH="340" HEIGHT="23">17. 제출을 면제받은 경우 그 사유</TD>
<TE ACODE="RPT_SBM" COLSPAN="2" ALIGN="CENTER" VALIGN="MIDDLE" WIDTH="241" HEIGHT="23">면제(소액공모공시서류 제출)</TE>
</TR>

<TR ACOPY="N" ADELETE="N" HEIGHT="30">
<TD COLSPAN="2" VALIGN="MIDDLE" AUPDATECONT="N" ROWSPAN="3" ENG="18. Short selling transaction period during which subscriptions are prohibited" WIDTH="340" HEIGHT="83">18. 청약이 금지되는 공매도 거래 기간</TD>
<TD ALIGN="CENTER" AUPDATECONT="N" ENG="Whether applicable" WIDTH="80" HEIGHT="23">해당여부</TD>
<TU ALIGN="CENTER" AUNIT="SSL_YN" AUNITVALUE="N" WIDTH="152" HEIGHT="23" ENG="No">아니오</TU>
</TR>

<TR ACOPY="N" ADELETE="N" HEIGHT="30">
<TD ALIGN="CENTER" AUPDATECONT="N" ENG="Start date" WIDTH="80" HEIGHT="23">시작일</TD>
<TU ALIGN="CENTER" AUNIT="SSL_BGN_DT" AUNITVALUE="-" WIDTH="152" HEIGHT="23">-</TU>
</TR>

<TR ACOPY="N" ADELETE="N" HEIGHT="30">
<TD ALIGN="CENTER" AUPDATECONT="N" ENG="End date" WIDTH="80" HEIGHT="23">종료일</TD>
<TU ALIGN="CENTER" AUNIT="SSL_END_DT" AUNITVALUE="-" WIDTH="152" HEIGHT="23">-</TU>
</TR>

<TR ACOPY="N" ADELETE="N" HEIGHT="30">
<TD COLSPAN="2" AUPDATECONT="N" ENG="19. Whether subject to the Fair Trade Commission reporting requirements" WIDTH="340" HEIGHT="23">19. 공정거래위원회 신고대상 여부</TD>
<TU ALIGN="CENTER" AUNIT="TRD_YN" AUNITVALUE="N" COLSPAN="2" WIDTH="241" HEIGHT="23" ENG="Non-applicable">미해당</TU>
</TR>
</TBODY>
</TABLE>
</TABLE-GROUP>

<TABLE ACLASS="NORMAL" AFIXTABLE="Y" WIDTH="600" BORDER="0">

<COLGROUP WIDTH="600">
<COL WIDTH="600"></COL>
</COLGROUP>

<TBODY>

<TR ACOPY="N" ADELETE="N" HEIGHT="30">
<TD WIDTH="591" HEIGHT="23" AUPDATECONT="N" ENG="20. Other matters to be factored into investment decisions">20. 기타 투자판단에 참고할 사항</TD>
</TR>
</TBODY>
</TABLE>
<P USERMARK="F-GL11 ">1) 상기 '3. 증자전 발행주식총수'는 기발행주식총수 16,999,340주와 2025.12.26. 유상증자 납입이 완료됨에 따라 신주 발행 예정인 주식수 3,602,306주를 합한 주식수입니다.2) 본 유상증자결정은 공모금액이 10억원 미만으로서, 증권신고서를 제출하지 않고 "자본시장과 금융투자업에 관한 법률" 제130조(신고서를 제출하지 아니하는 모집, 매출)에 의해 실시하는 소액 공모방식의 유상증자입니다.3) 신주의 발행가액의 산정은 「증권의 발행 및 공시 등에 관한 규정」 제5-18조 제1항에 의거 청약일 전 과거 제3거래일부터 제5거래일까지의 가중산술평균주가를 기준주가로 하여 100분의 10이내의 할인율을 정하여야 하므로, 동규정에 의한 할인율을 적용했습니다. (단, 원단위 미만은 호가 단위로 절상)4) 청약에 관한 사항(1) 청약일 : 2026년 01월 09일(2) 청약처 : ㈜파인테크닉스 본사(3) 주금납입처 : 신한은행 평촌역금융센터(4) 청약증거금 납입처 :  신한은행 평촌역금융센터5) 기타사항(1) 청약 후 청약주식수가 배정주식에 미달하여 실권주식이 발행하는 경우에 미달된     잔여 주식은 미발행 처리합니다.(2) 위 유상증자 일정 및 내용은 관계기관과의 협의에 따라 변경될 수 있습니다.(3) 위 사항 이외의 신주발행과 관련하여 이사회에서 정하지 아니한 사항은 대표이사에게     일임합니다.</P>
<P USERMARK="F-GL11 "></P>

<LIBRARY>
<P USERMARK="F-GL ">▶기준주가로 청약일전 과거 제3거래일부터 제5거래일까지의 가중산술평균주가를 이용시 다음표를 추가</P>

<TABLE-GROUP ACLASS="THD_STD_MTH1" ADELETETABLE="N">

<TABLE ACLASS="EXTRACTION" AFIXTABLE="Y" WIDTH="601" BORDER="0">

<COLGROUP WIDTH="601">
<COL WIDTH="302"></COL>
<COL WIDTH="299"></COL>
</COLGROUP>

<TBODY>

<TR ACOPY="N" ADELETE="N" HEIGHT="30">
<TD VALIGN="BOTTOM" WIDTH="293" HEIGHT="23" AUPDATECONT="N"></TD>
<TU ALIGN="RIGHT" VALIGN="BOTTOM" WIDTH="290" HEIGHT="23" AUNIT="STOCKWON" AUNITVALUE="1" ENG="(Unit: shares, KRW)">(단위 : 주, 원)</TU>
</TR>
</TBODY>
</TABLE>

<TABLE ACLASS="EXTRACTION" AFIXTABLE="Y" WIDTH="600" BORDER="1">

<COLGROUP WIDTH="600">
<COL WIDTH="150"></COL>
<COL WIDTH="150"></COL>
<COL WIDTH="150"></COL>
<COL WIDTH="150"></COL>
</COLGROUP>

<THEAD>

<TR ACOPY="N" ADELETE="N" HEIGHT="30">
<TH VALIGN="MIDDLE" WIDTH="141" HEIGHT="23" ACOPYCOL="N" ADELETECOL="N" AMOVECOL="N" AUPDATECONT="N" ENG="Date">일 자</TH>
<TH VALIGN="MIDDLE" WIDTH="141" HEIGHT="23" ACOPYCOL="N" ADELETECOL="N" AMOVECOL="N" AUPDATECONT="N" ENG="Transaction volume">거래량</TH>
<TH VALIGN="MIDDLE" WIDTH="141" HEIGHT="23" ACOPYCOL="N" ADELETECOL="N" AMOVECOL="N" AUPDATECONT="N" ENG="Transaction amount">거래대금</TH>
<TH VALIGN="MIDDLE" WIDTH="141" HEIGHT="23" ACOPYCOL="N" ADELETECOL="N" AMOVECOL="N" AUPDATECONT="N" ENG="Note">비고</TH>
</TR>
</THEAD>

<TBODY>

<TR ACOPY="N" ADELETE="N" HEIGHT="30">
<TU ALIGN="CENTER" VALIGN="MIDDLE" WIDTH="141" HEIGHT="23" AUNIT="BSN_DT1" AUNITVALUE="20260102">2026년 01월 02일</TU>
<TE ALIGN="RIGHT" VALIGN="MIDDLE" WIDTH="141" HEIGHT="23" ACODE="BSN_AMT1">169,144</TE>
<TE ALIGN="RIGHT" VALIGN="MIDDLE" WIDTH="141" HEIGHT="23" ACODE="BSN_PRC1">243,796,175</TE>
<TD ALIGN="CENTER" VALIGN="MIDDLE" WIDTH="141" HEIGHT="23" AUPDATECONT="N" ENG="5th trading day before subscription date">청약일전 제5거래일</TD>
</TR>

<TR ACOPY="N" ADELETE="N" HEIGHT="30">
<TU ALIGN="CENTER" VALIGN="MIDDLE" WIDTH="141" HEIGHT="23" AUNIT="BSN_DT2" AUNITVALUE="20260105">2026년 01월 05일</TU>
<TE ALIGN="RIGHT" VALIGN="MIDDLE" WIDTH="141" HEIGHT="23" ACODE="BSN_AMT2">87,278</TE>
<TE ALIGN="RIGHT" VALIGN="MIDDLE" WIDTH="141" HEIGHT="23" ACODE="BSN_PRC2">126,537,577</TE>
<TD ALIGN="CENTER" VALIGN="MIDDLE" WIDTH="141" HEIGHT="23" AUPDATECONT="N" ENG="4th trading day before subscription date">청약일전 제4거래일</TD>
</TR>

<TR ACOPY="N" ADELETE="N" HEIGHT="30">
<TU ALIGN="CENTER" VALIGN="MIDDLE" WIDTH="141" HEIGHT="23" AUNIT="BSN_DT3" AUNITVALUE="20260106">2026년 01월 06일</TU>
<TE ALIGN="RIGHT" VALIGN="MIDDLE" WIDTH="141" HEIGHT="23" ACODE="BSN_AMT3">2,436,113</TE>
<TE ALIGN="RIGHT" VALIGN="MIDDLE" WIDTH="141" HEIGHT="23" ACODE="BSN_PRC3">4,119,348,336</TE>
<TD ALIGN="CENTER" VALIGN="MIDDLE" WIDTH="141" HEIGHT="23" AUPDATECONT="N" ENG="3rd trading day before subscription date">청약일전 제3거래일</TD>
</TR>

<TR ACOPY="N" ADELETE="N" HEIGHT="30">
<TD ALIGN="CENTER" VALIGN="MIDDLE" WIDTH="141" HEIGHT="23" AUPDATECONT="N" ENG="Total">합 계</TD>
<TE ALIGN="RIGHT" VALIGN="MIDDLE" WIDTH="141" HEIGHT="23" ACODE="BSN_AMT_TOT">2,692,535</TE>
<TE ALIGN="RIGHT" VALIGN="MIDDLE" WIDTH="141" HEIGHT="23" ACODE="BSN_PRC_TOT">4,489,682,088</TE>
<TD ALIGN="CENTER" VALIGN="MIDDLE" WIDTH="141" HEIGHT="23" AUPDATECONT="N">-</TD>
</TR>

<TR ACOPY="N" ADELETE="N" HEIGHT="30">
<TD COLSPAN="3" VALIGN="MIDDLE" WIDTH="441" HEIGHT="23" AUPDATECONT="N" ENG="Base stock price (Weighted arithmetic average stock price)">기준주가(가중산술평균주가)</TD>
<TE ALIGN="RIGHT" VALIGN="MIDDLE" WIDTH="141" HEIGHT="23" ACODE="STD_VAL">1,667.46</TE>
</TR>

<TR ACOPY="N" ADELETE="N" HEIGHT="30">
<TD COLSPAN="3" VALIGN="MIDDLE" WIDTH="441" HEIGHT="23" AUPDATECONT="N" ENG="Discount or premium ratio (%)">할인율 또는 할증률 (%)</TD>
<TE ALIGN="RIGHT" VALIGN="MIDDLE" WIDTH="141" HEIGHT="23" ACODE="DC_RATE">-10</TE>
</TR>

<TR ACOPY="N" ADELETE="N" HEIGHT="30">
<TD COLSPAN="3" VALIGN="MIDDLE" WIDTH="441" HEIGHT="23" AUPDATECONT="N" ENG="Issuing price">발행가액</TD>
<TE ALIGN="RIGHT" VALIGN="MIDDLE" WIDTH="141" HEIGHT="23" ACODE="ISS_VAL">1,501</TE>
</TR>
</TBODY>
</TABLE>
</TABLE-GROUP>
</LIBRARY>

<P></P>

<TABLE-GROUP ACLASS="THD_ASN_OBJ" ADELETETABLE="N">

<TABLE ACLASS="NORMAL" AFIXTABLE="Y" WIDTH="600" BORDER="0">

<COLGROUP WIDTH="600">
<COL WIDTH="600"></COL>
</COLGROUP>

<TBODY>

<TR ACOPY="N" ADELETE="N" HEIGHT="30">
<TD WIDTH="591" HEIGHT="23" AUPDATECONT="N" ENG="【Basis, Purpose, etc. of Third-party Allotment】">【제3자배정 근거, 목적 등】</TD>
</TR>
</TBODY>
</TABLE>

<TABLE ACLASS="EXTRACTION" AFIXTABLE="N" WIDTH="600" BORDER="1">

<COLGROUP WIDTH="600">
<COL WIDTH="300"></COL>
<COL WIDTH="300"></COL>
</COLGROUP>

<THEAD>

<TR ACOPY="N" ADELETE="N" HEIGHT="30">
<TH VALIGN="MIDDLE" WIDTH="291" HEIGHT="23" ACOPYCOL="N" ADELETECOL="N" AMOVECOL="N" AUPDATECONT="N" ENG="Basis in articles of incorporation on third-party allotment">제3자배정 근거가 되는 정관규정</TH>
<TH VALIGN="MIDDLE" WIDTH="291" HEIGHT="23" ACOPYCOL="N" ADELETECOL="N" AMOVECOL="N" AUPDATECONT="N" ENG="Purpose of capital increase by third-party allotment">제3자배정 증자의 목적</TH>
</TR>
</THEAD>

<TBODY>

<TR ACOPY="Y" ADELETE="N" HEIGHT="996">

<TE WIDTH="291" HEIGHT="989" ACODE="RULE">

<P>
<SPAN USERMARK="B">제10조</SPAN>
<SPAN> </SPAN>
<SPAN USERMARK="B">(신주인수권) </SPAN>
</P>
<P> ① 주주는 그가 소유한 주식의 수에 비례하여 신주의 배정을 받을 권리를 갖는다. 단, 실권주 및 단주의 경우에는 이사회의 결의에 따른다.</P>
<P> ② 회사는 제1항의 규정에 불구하고 다음 각 호의 어느 하나에 해당하는 경우 이 사회의 결의로 주주 외 자에게 신주를 배정할 수 있다. </P>
<P> 1. 발행주식총수의 100분의 50 을 초과하지 않는 범위 내에서 자본시장과 금융 투자업에 관한 법률 제165조의 6의 규정에 의하여 일반공모증자방식으로 신 주를 발행하는 경우</P>
<P> 2. 상법 제542조의 3의 규정에 의한 주식매수선택권의 행사로 인하여 신주를 발행하는 경우</P>
<P> 3. 발행하는 주식총수의 100분의 20 범위 내에서 우리사주조합원에게 신주를 우 선 배정하는 경우</P>
<P> 4. 근로자복지기본법 제39조 규정에 의한 우리사주매수선택권의 행사로 인하여 신주를 발행하는 경우</P>
<P> 5. 발행주식총수의 100분의 20 을 초과하지 않는 범위 내에서 긴급한 자금조달 을 위하여 국내외 금융기관 또는 기관투자자에게 신주를 발행하는 경우</P>
<P> 6. 발행주식총수의 100분의 20 을 초과하지 않는 범위 내에서 사업상 중요한 기 술도입, 연구개발, 생산, 판매, 자본제휴를 위하여 그 상대방에게 신주를 발행 하는 경우</P>
<P> 7. 발행주식총수의 100분의 20 을 초과하지 않는 범위 내에서 외국투자자에게 배정하는 경우</P>
<P> 8. 자본시장과 금융투자업에 관한 법률 제165조의 16의 규정에 의하여 주식예탁 증서(DR) 발행에 따라 신주를 발행하는 경우</P>
<P> 9. 외국의 증권거래소나 전산 또는 호가 시스템으로 유가증권을 거래하는 시장 에 상장하기 위하여 외국에서 신주를 발행하는 경우</P>
<P> 10. 우리 사주 조합원에게 신주를 조합하는 경우</P>
</TE>
<TE WIDTH="291" HEIGHT="989" ACODE="OBJ" VALIGN="MIDDLE">당사 정관 제10조 제2항에 의거 회사 경영상의 목적을 달성하기 위함</TE>
</TR>
</TBODY>
</TABLE>
</TABLE-GROUP>
<P></P>

<TABLE ACLASS="NORMAL" AFIXTABLE="Y" WIDTH="600" BORDER="0">

<COLGROUP WIDTH="600">
<COL WIDTH="600"></COL>
</COLGROUP>

<TBODY>

<TR ACOPY="N" ADELETE="N" HEIGHT="30">
<TD WIDTH="591" HEIGHT="23" AUPDATECONT="N" ENG="【Intended Use of Funds in Detail on third-party allotment】">【제3자배정 조달자금의 구체적 사용목적】</TD>
</TR>
</TBODY>
</TABLE>

<LIBRARY>
<TABLE-GROUP ACLASS="TBL_FND1" ADELETETABLE="N">

<TABLE ACLASS="NORMAL" AFIXTABLE="Y" WIDTH="600" BORDER="0">

<COLGROUP WIDTH="600">
<COL WIDTH="600"></COL>
</COLGROUP>

<TBODY>

<TR ACOPY="N" ADELETE="N" HEIGHT="30">
<TD WIDTH="591" HEIGHT="23" AUPDATECONT="N" ENG="[In the case of operating capital and other purposes]">【운영자금ㆍ기타자금의 경우】</TD>
</TR>
</TBODY>
</TABLE>

<TABLE ACLASS="EXTRACTION" AFIXTABLE="Y" WIDTH="600" BORDER="0">

<COLGROUP WIDTH="600">
<COL WIDTH="459"></COL>
<COL WIDTH="141"></COL>
</COLGROUP>

<TBODY>

<TR ACOPY="N" ADELETE="N" HEIGHT="30">
<TD WIDTH="450" HEIGHT="23" AUPDATECONT="N" VALIGN="MIDDLE"></TD>
<TU WIDTH="132" HEIGHT="23" VALIGN="MIDDLE" ALIGN="RIGHT" AUNIT="WON" AUNITVALUE="3" ENG="(Unit: KRW million)">(단위 : 백만원)</TU>
</TR>
</TBODY>
</TABLE>

<TABLE ACLASS="EXTRACTION" WIDTH="600" BORDER="1">

<COLGROUP WIDTH="600">
<COL WIDTH="100"></COL>
<COL WIDTH="148"></COL>
<COL WIDTH="88"></COL>
<COL WIDTH="88"></COL>
<COL WIDTH="99"></COL>
<COL WIDTH="77"></COL>
</COLGROUP>

<TBODY>

<TR ACOPY="N" ADELETE="N" HEIGHT="30">
<TD ROWSPAN="2" ALIGN="CENTER" VALIGN="MIDDLE" WIDTH="91" HEIGHT="53" AUPDATECONT="N" ENG="Purpose of fund use">자금용도</TD>
<TD ROWSPAN="2" ALIGN="CENTER" VALIGN="MIDDLE" WIDTH="139" HEIGHT="53" AUPDATECONT="N" ENG="Details*">세부내역*</TD>
<TD COLSPAN="4" ALIGN="CENTER" VALIGN="MIDDLE" WIDTH="343" HEIGHT="23" AUPDATECONT="N" ENG="Estimated amount to use by year">연도별 사용 예정 금액</TD>
</TR>

<TR ACOPY="N" ADELETE="N" HEIGHT="30">
<TE ALIGN="CENTER" VALIGN="MIDDLE" WIDTH="79" HEIGHT="23" ACODE="FND1_PRD1">'26년</TE>
<TE ALIGN="CENTER" VALIGN="MIDDLE" WIDTH="79" HEIGHT="23" ACODE="FND1_PRD2">'27년</TE>
<TE ALIGN="CENTER" VALIGN="MIDDLE" WIDTH="90" HEIGHT="23" ACODE="FND1_PRD3">'28년 이후</TE>
<TD ALIGN="CENTER" VALIGN="MIDDLE" WIDTH="68" HEIGHT="23" AUPDATECONT="N" ENG="Total">합계</TD>
</TR>

<TR ACOPY="Y" ADELETE="N" HEIGHT="53">
<TU ALIGN="CENTER" VALIGN="MIDDLE" WIDTH="91" HEIGHT="46" AUNIT="FND1_PPS" AUNITVALUE="1" ENG="Operating capital">운영자금</TU>
<TE ALIGN="CENTER" VALIGN="MIDDLE" WIDTH="139" HEIGHT="46" ACODE="FND1_DTL">회사 경영에 필요한 운영자금 등</TE>
<TE ALIGN="RIGHT" VALIGN="MIDDLE" WIDTH="79" HEIGHT="46" ACODE="FND1_AMT1">800</TE>
<TE ALIGN="RIGHT" VALIGN="MIDDLE" WIDTH="79" HEIGHT="46" ACODE="FND1_AMT2">-</TE>
<TE ALIGN="RIGHT" VALIGN="MIDDLE" WIDTH="90" HEIGHT="46" ACODE="FND1_AMT3">-</TE>
<TE ALIGN="RIGHT" VALIGN="MIDDLE" WIDTH="68" HEIGHT="46" ACODE="FND1_AMTT">800</TE>
</TR>
</TBODY>
</TABLE>
</TABLE-GROUP>
</LIBRARY>

<P></P>

<TABLE-GROUP ACLASS="THD_ASN_LST" ADELETETABLE="N">

<TABLE ACLASS="NORMAL" AFIXTABLE="Y" WIDTH="600" BORDER="0">

<COLGROUP WIDTH="600">
<COL WIDTH="600"></COL>
</COLGROUP>

<TBODY>

<TR ACOPY="N" ADELETE="N" HEIGHT="30">
<TD WIDTH="591" HEIGHT="23" AUPDATECONT="N" ENG="【Selection process, Transaction Details, Allotment Details, etc. per Third-party Allotment Participant】">【제3자배정 대상자별 선정경위, 거래내역, 배정내역 등】</TD>
</TR>
</TBODY>
</TABLE>

<TABLE ACLASS="EXTRACTION" AFIXTABLE="N" WIDTH="598" BORDER="1">

<COLGROUP WIDTH="598">
<COL WIDTH="77"></COL>
<COL WIDTH="77"></COL>
<COL WIDTH="177"></COL>
<COL WIDTH="104"></COL>
<COL WIDTH="83"></COL>
<COL WIDTH="80"></COL>
</COLGROUP>

<THEAD>

<TR ACOPY="N" ADELETE="N" HEIGHT="76">
<TH VALIGN="MIDDLE" WIDTH="68" HEIGHT="69" ACOPYCOL="N" ADELETECOL="N" AMOVECOL="N" AUPDATECONT="N" ENG="Name of the third-party allotment participants">제3자배정 대상자</TH>
<TH VALIGN="MIDDLE" WIDTH="68" HEIGHT="69" ACOPYCOL="N" ADELETECOL="N" AMOVECOL="N" AUPDATECONT="N" ENG="Relationship to company or the largest shareholder">회사 또는최대주주와의 관계</TH>
<TH VALIGN="MIDDLE" WIDTH="168" HEIGHT="69" ACOPYCOL="N" ADELETECOL="N" AMOVECOL="N" AUPDATECONT="N" ENG="Circumstances of selection">선정경위</TH>
<TH VALIGN="MIDDLE" WIDTH="95" HEIGHT="69" ACOPYCOL="N" ADELETECOL="N" AMOVECOL="N" AUPDATECONT="N" ENG="Details of trading & planning within six months before and after decision on capital increase">증자결정 전후 6월이내 거래내역 및 계획</TH>
<TH VALIGN="MIDDLE" WIDTH="74" HEIGHT="69" ACOPYCOL="N" ADELETECOL="N" AMOVECOL="N" AUPDATECONT="N" ENG="Total number of shares to be allocated (shrs.)">배정주식수 (주)</TH>
<TH VALIGN="MIDDLE" WIDTH="71" HEIGHT="69" ACOPYCOL="N" ADELETECOL="N" AMOVECOL="N" AUPDATECONT="N" ENG="Note">비 고</TH>
</TR>
</THEAD>

<TBODY>

<TR ACOPY="Y" ADELETE="N" HEIGHT="145">
<TE WIDTH="68" HEIGHT="138" ACODE="PART" VALIGN="MIDDLE">한국켄텐츠에쿼티1호조합</TE>
<TE WIDTH="68" HEIGHT="138" ACODE="RLT" ALIGN="CENTER" VALIGN="MIDDLE">-</TE>
<TE WIDTH="168" HEIGHT="138" ACODE="SLT_JDG">회사 경영상 목적 달성 및 필요자금의 신속한 조달을 위해 투자자의 투자의향 및 납입능력, 시기 등을 고려하여이사회에서 선정</TE>
<TE WIDTH="95" HEIGHT="138" ACODE="MNTH" ALIGN="CENTER" VALIGN="MIDDLE">-</TE>
<TE ALIGN="RIGHT" WIDTH="74" HEIGHT="138" ACODE="ALL_CNT" VALIGN="MIDDLE">532,979</TE>
<TE WIDTH="71" HEIGHT="138" ACODE="ETC" ALIGN="CENTER" VALIGN="MIDDLE">-</TE>
</TR>
</TBODY>
</TABLE>
</TABLE-GROUP>
<P></P>

<LIBRARY>
<TABLE ACLASS="NORMAL" AFIXTABLE="Y" WIDTH="600" BORDER="0">

<COLGROUP WIDTH="600">
<COL WIDTH="600"></COL>
</COLGROUP>

<TBODY>

<TR ACOPY="N" ADELETE="N" HEIGHT="30">
<TD WIDTH="591" HEIGHT="23" AUPDATECONT="N" ENG="【If a corporation or an organization is included among the third-party allotment participants】">【제3자배정 대상자 중 법인 또는 단체가 포함된 경우】</TD>
</TR>
</TBODY>
</TABLE>

<TABLE ACLASS="NORMAL" AFIXTABLE="Y" WIDTH="600" BORDER="0">

<COLGROUP WIDTH="600">
<COL WIDTH="300"></COL>
<COL WIDTH="300"></COL>
</COLGROUP>

<TBODY>

<TR ACOPY="N" ADELETE="N" HEIGHT="30">
<TD WIDTH="291" HEIGHT="23" AUPDATECONT="N" VALIGN="MIDDLE" ENG="(1) Basic information of the corporation or organization">(1) 법인 또는 단체의 기본정보</TD>
<TD WIDTH="291" HEIGHT="23" AUPDATECONT="N" VALIGN="MIDDLE" ALIGN="RIGHT"></TD>
</TR>
</TBODY>
</TABLE>

<TABLE-GROUP ACLASS="THD_ASN_BAS" ADELETETABLE="N">

<TABLE ACLASS="EXTRACTION" AFIXTABLE="N" WIDTH="598" BORDER="1">

<COLGROUP WIDTH="598">
<COL WIDTH="74"></COL>
<COL WIDTH="73"></COL>
<COL WIDTH="76"></COL>
<COL WIDTH="75"></COL>
<COL WIDTH="75"></COL>
<COL WIDTH="75"></COL>
<COL WIDTH="75"></COL>
<COL WIDTH="75"></COL>
</COLGROUP>

<THEAD>

<TR ACOPY="N" ADELETE="N" HEIGHT="53">
<TH VALIGN="MIDDLE" WIDTH="65" ACOPYCOL="N" ADELETECOL="N" AMOVECOL="N" AUPDATECONT="N" ROWSPAN="2" ENG="Name" HEIGHT="76">명 칭</TH>
<TH VALIGN="MIDDLE" WIDTH="64" ACOPYCOL="N" ADELETECOL="N" AMOVECOL="N" AUPDATECONT="N" ROWSPAN="2" ENG="Number of investors (persons)" HEIGHT="76">출자자수(명)</TH>
<TH VALIGN="MIDDLE" WIDTH="142" ACOPYCOL="N" ADELETECOL="N" AMOVECOL="N" AUPDATECONT="N" COLSPAN="2" ENG="CEO (Representative member)" HEIGHT="46">대표이사(대표조합원)</TH>
<TH VALIGN="MIDDLE" WIDTH="141" ACOPYCOL="N" ADELETECOL="N" AMOVECOL="N" AUPDATECONT="N" COLSPAN="2" ENG="Executor (Executive member)" HEIGHT="46">업무집행자(업무집행조합원)</TH>
<TH VALIGN="MIDDLE" WIDTH="141" ACOPYCOL="N" ADELETECOL="N" AMOVECOL="N" AUPDATECONT="N" COLSPAN="2" ENG="Largest shareholder (Largest investor)" HEIGHT="46">최대주주(최대출자자)</TH>
</TR>

<TR ACOPY="N" ADELETE="N" HEIGHT="30">
<TH VALIGN="MIDDLE" ACOPYCOL="N" ADELETECOL="N" AMOVECOL="N" AUPDATECONT="N" ENG="Name" WIDTH="67" HEIGHT="23">성명</TH>
<TH VALIGN="MIDDLE" ACOPYCOL="N" ADELETECOL="N" AMOVECOL="N" AUPDATECONT="N" ENG="Ratio (%)" WIDTH="66" HEIGHT="23">지분(%)</TH>
<TH VALIGN="MIDDLE" ACOPYCOL="N" ADELETECOL="N" AMOVECOL="N" AUPDATECONT="N" ENG="Name" WIDTH="66" HEIGHT="23">성명</TH>
<TH VALIGN="MIDDLE" ACOPYCOL="N" ADELETECOL="N" AMOVECOL="N" AUPDATECONT="N" ENG="Ratio (%)" WIDTH="66" HEIGHT="23">지분(%)</TH>
<TH VALIGN="MIDDLE" ACOPYCOL="N" ADELETECOL="N" AMOVECOL="N" AUPDATECONT="N" ENG="Name" WIDTH="66" HEIGHT="23">성명</TH>
<TH VALIGN="MIDDLE" ACOPYCOL="N" ADELETECOL="N" AMOVECOL="N" AUPDATECONT="N" ENG="Ratio (%)" WIDTH="66" HEIGHT="23">지분(%)</TH>
</TR>
</THEAD>

<TBODY>

<TR ACOPY="N" ADELETE="N" HEIGHT="30">
<TE ACODE="BAS_NAME" VALIGN="MIDDLE" ALIGN="CENTER" ROWSPAN="2" WIDTH="65" HEIGHT="69">한국켄텐츠에쿼티1호조합</TE>
<TE ACODE="BAS_CNT" VALIGN="MIDDLE" ALIGN="RIGHT" ROWSPAN="2" WIDTH="64" HEIGHT="69">2</TE>
<TE ACODE="BAS_NAM1" VALIGN="MIDDLE" ALIGN="CENTER" WIDTH="67" HEIGHT="23">최인태</TE>
<TE ACODE="BAS_RAT1" VALIGN="MIDDLE" ALIGN="RIGHT" WIDTH="66" HEIGHT="23">60</TE>
<TE ACODE="BAS_NAM2" VALIGN="MIDDLE" ALIGN="CENTER" WIDTH="66" HEIGHT="23">-</TE>
<TE ACODE="BAS_RAT2" VALIGN="MIDDLE" ALIGN="RIGHT" WIDTH="66" HEIGHT="23">-</TE>
<TE ALIGN="CENTER" ACODE="BAS_NAM3" VALIGN="MIDDLE" WIDTH="66" HEIGHT="23">최인태</TE>
<TE ACODE="BAS_RAT3" VALIGN="MIDDLE" ALIGN="RIGHT" WIDTH="66" HEIGHT="23">60</TE>
</TR>

<TR ACOPY="Y" ADELETE="N" HEIGHT="46">
<TE ACODE="BAS_NAM1" VALIGN="MIDDLE" ALIGN="CENTER" WIDTH="67" HEIGHT="39">-</TE>
<TE ACODE="BAS_RAT1" VALIGN="MIDDLE" ALIGN="RIGHT" WIDTH="66" HEIGHT="39">-</TE>
<TE ACODE="BAS_NAM2" VALIGN="MIDDLE" ALIGN="CENTER" WIDTH="66" HEIGHT="39">-</TE>
<TE ACODE="BAS_RAT2" VALIGN="MIDDLE" ALIGN="RIGHT" WIDTH="66" HEIGHT="39">-</TE>
<TE ALIGN="CENTER" ACODE="BAS_NAM3" VALIGN="MIDDLE" WIDTH="66" HEIGHT="39">-</TE>
<TE ACODE="BAS_RAT3" VALIGN="MIDDLE" ALIGN="RIGHT" WIDTH="66" HEIGHT="39">-</TE>
</TR>
</TBODY>
</TABLE>
</TABLE-GROUP>

<P></P>

<TABLE ACLASS="NORMAL" AFIXTABLE="Y" WIDTH="600" BORDER="0">

<COLGROUP WIDTH="600">
<COL WIDTH="459"></COL>
<COL WIDTH="141"></COL>
</COLGROUP>

<TBODY>

<TR ACOPY="N" ADELETE="N" HEIGHT="30">
<TD WIDTH="450" HEIGHT="23" AUPDATECONT="N" VALIGN="MIDDLE" ENG="(2) Major financial details of the corporation or organization for the latest fiscal year">(2) 법인 또는 단체의 최근 결산기 주요 재무사항</TD>
<TD WIDTH="132" HEIGHT="23" AUPDATECONT="N" VALIGN="MIDDLE" ALIGN="RIGHT" ENG="(Unit: KRW million)">(단위 : 백만원)</TD>
</TR>
</TBODY>
</TABLE>

<TABLE-GROUP ACLASS="THD_ASN_FIN" ADELETETABLE="N">

<TABLE ACLASS="EXTRACTION" AFIXTABLE="N" WIDTH="598" BORDER="1">

<COLGROUP WIDTH="598">
<COL WIDTH="150"></COL>
<COL WIDTH="150"></COL>
<COL WIDTH="149"></COL>
<COL WIDTH="149"></COL>
</COLGROUP>

<TBODY>

<TR ACOPY="N" ADELETE="N" HEIGHT="30">
<TD ALIGN="CENTER" VALIGN="MIDDLE" WIDTH="141" HEIGHT="23" AUPDATECONT="N" ENG="Fiscal year">회계연도</TD>
<TE ALIGN="CENTER" VALIGN="MIDDLE" WIDTH="141" HEIGHT="23" ACODE="FIN_YER">-</TE>
<TD ALIGN="CENTER" VALIGN="MIDDLE" WIDTH="140" HEIGHT="23" AUPDATECONT="N" ENG="Period">결산기</TD>
<TE ALIGN="CENTER" VALIGN="MIDDLE" WIDTH="140" HEIGHT="23" ACODE="FIN_CLO">-</TE>
</TR>

<TR ACOPY="N" ADELETE="N" HEIGHT="30">
<TD ALIGN="CENTER" VALIGN="MIDDLE" WIDTH="141" HEIGHT="23" AUPDATECONT="N" ENG="Total assets">자산총계</TD>
<TE ALIGN="RIGHT" VALIGN="MIDDLE" WIDTH="141" HEIGHT="23" ACODE="FIN_AST">-</TE>
<TD ALIGN="CENTER" VALIGN="MIDDLE" WIDTH="140" HEIGHT="23" AUPDATECONT="N" ENG="Sales">매출액</TD>
<TE ALIGN="RIGHT" VALIGN="MIDDLE" WIDTH="140" HEIGHT="23" ACODE="FIN_SAL">-</TE>
</TR>

<TR ACOPY="N" ADELETE="N" HEIGHT="30">
<TD ALIGN="CENTER" VALIGN="MIDDLE" WIDTH="141" HEIGHT="23" AUPDATECONT="N" ENG="Total liabilities">부채총계</TD>
<TE ALIGN="RIGHT" VALIGN="MIDDLE" WIDTH="141" HEIGHT="23" ACODE="FIN_DEB">-</TE>
<TD ALIGN="CENTER" VALIGN="MIDDLE" WIDTH="140" HEIGHT="23" AUPDATECONT="N" ENG="Profit (loss)">당기순손익</TD>
<TE ALIGN="RIGHT" VALIGN="MIDDLE" WIDTH="140" HEIGHT="23" ACODE="FIN_PRF">-</TE>
</TR>

<TR ACOPY="N" ADELETE="N" HEIGHT="30">
<TD ALIGN="CENTER" VALIGN="MIDDLE" WIDTH="141" HEIGHT="23" AUPDATECONT="N" ENG="Total equity">자본총계</TD>
<TE ALIGN="RIGHT" VALIGN="MIDDLE" WIDTH="141" HEIGHT="23" ACODE="FIN_CAP">-</TE>
<TD ALIGN="CENTER" VALIGN="MIDDLE" WIDTH="140" HEIGHT="23" AUPDATECONT="N" ENG="External auditor">외부감사인</TD>
<TE ALIGN="CENTER" VALIGN="MIDDLE" WIDTH="140" HEIGHT="23" ACODE="FIN_AUD">-</TE>
</TR>

<TR ACOPY="N" ADELETE="N" HEIGHT="30">
<TD ALIGN="CENTER" VALIGN="MIDDLE" WIDTH="141" HEIGHT="23" AUPDATECONT="N" ENG="Issued capital">자본금</TD>
<TE ALIGN="RIGHT" VALIGN="MIDDLE" WIDTH="141" HEIGHT="23" ACODE="FIN_CAS">-</TE>
<TD ALIGN="CENTER" VALIGN="MIDDLE" WIDTH="140" HEIGHT="23" AUPDATECONT="N" ENG="Audit opinion">감사의견</TD>
<TE ALIGN="CENTER" VALIGN="MIDDLE" WIDTH="140" HEIGHT="23" ACODE="FIN_OPN">-</TE>
</TR>
</TBODY>
</TABLE>
</TABLE-GROUP>

<LIBRARY>
<TABLE-GROUP ACLASS="MTH_BCK" ADELETETABLE="N">

<TABLE ACLASS="EXTRACTION" AFIXTABLE="Y" WIDTH="598" BORDER="1">

<COLGROUP WIDTH="598">
<COL WIDTH="93"></COL>
<COL WIDTH="207"></COL>
<COL WIDTH="80"></COL>
<COL WIDTH="218"></COL>
</COLGROUP>

<TBODY>

<TR ACOPY="N" ADELETE="N" HEIGHT="30">
<TD ALIGN="CENTER" VALIGN="MIDDLE" WIDTH="84" HEIGHT="23" AUPDATECONT="N" ENG="Method of Fundraising">조달방법</TD>
<TE ALIGN="CENTER" VALIGN="MIDDLE" WIDTH="198" HEIGHT="23" ACODE="FUDR_MTH">내부자금 및 차입</TE>
<TD ALIGN="CENTER" VALIGN="MIDDLE" WIDTH="71" HEIGHT="23" AUPDATECONT="N" ENG="Background of Fundraising">조성경위</TD>
<TE ALIGN="CENTER" VALIGN="MIDDLE" WIDTH="209" HEIGHT="23" ACODE="FUDR_BCK">투자목적</TE>
</TR>
</TBODY>
</TABLE>
</TABLE-GROUP>
</LIBRARY>

<P USERMARK="F-GL11 ">* 상기 조합은 2025.06.18 설립되어 주요 재무사항에 해당사항이 없습니다ㅣ.</P>

</LIBRARY></LIBRARY><P></P>

<P></P>
</SECTION-1>
</BODY>
</DOCUMENT>