<?xml version="1.0" encoding="utf-8"?>


<DOCUMENT xmlns:xsi="http://www.w3.org/2001/XMLSchema-instance" xsi:noNamespaceSchemaLocation="dart4.xsd">

<DOCUMENT-NAME ACODE="80901">지급수단별ㆍ지급기간별지급금액및분쟁조정기구에관한사항</DOCUMENT-NAME>
<FORMULA-VERSION ADATE="20240607">6.0</FORMULA-VERSION>
<COMPANY-NAME AREGCIK="01629495">(주)세아베스틸</COMPANY-NAME>


<BODY ATOCID="2">

<LIBRARY>
<CORRECTION>
<TITLE ATOC="Y" AASSOCNOTE="CORRECTION" ENG="Report of Disclosure Revision" ATOCID="2">정 정 신 고 (보고)</TITLE>

<TABLE ACLASS="NORMAL" AFIXTABLE="Y" WIDTH="600" BORDER="0">

<COLGROUP WIDTH="600">
<COL WIDTH="600"></COL>
</COLGROUP>

<TBODY>

<TR ACOPY="N" ADELETE="N" HEIGHT="30">
<TD WIDTH="591" HEIGHT="23"></TD>
</TR>

<TR ACOPY="N" ADELETE="N" HEIGHT="30">
<TD ALIGN="RIGHT" WIDTH="591" HEIGHT="23">2026년 01월 05일</TD>
</TR>
</TBODY>
</TABLE>
<P></P>
<P></P>

<TABLE ACLASS="NORMAL" AFIXTABLE="Y" WIDTH="600" BORDER="0">

<COLGROUP WIDTH="600">
<COL WIDTH="165"></COL>
<COL WIDTH="435"></COL>
</COLGROUP>

<TBODY>

<TR ACOPY="N" ADELETE="N" HEIGHT="30">
<TD WIDTH="156" VALIGN="MIDDLE" AUPDATECONT="N" ENG="1. Disclosure document to be revised:" HEIGHT="23">1. 정정대상 공시서류 :</TD>
<TD WIDTH="426" VALIGN="MIDDLE" HEIGHT="23">지급수단별ㆍ지급기간별지급금액및분쟁조정기구에관한사항</TD>
</TR>
</TBODY>
</TABLE>
<P></P>

<TABLE ACLASS="NORMAL" AFIXTABLE="Y" WIDTH="600" BORDER="0">

<COLGROUP WIDTH="600">
<COL WIDTH="260"></COL>
<COL WIDTH="340"></COL>
</COLGROUP>

<TBODY>

<TR ACOPY="N" ADELETE="N" HEIGHT="30">
<TD WIDTH="251" VALIGN="MIDDLE" AUPDATECONT="N" ENG="2. First submission date of disclosure document to be revised:" HEIGHT="23">2. 정정대상 공시서류의 최초제출일 :</TD>
<TD WIDTH="331" VALIGN="MIDDLE" HEIGHT="23">2025년8월14일</TD>
</TR>
</TBODY>
</TABLE>
<P></P>

<TABLE ACLASS="NORMAL" AFIXTABLE="Y" WIDTH="600" BORDER="0">

<COLGROUP WIDTH="600">
<COL WIDTH="600"></COL>
</COLGROUP>

<TBODY>

<TR ACOPY="N" ADELETE="N" HEIGHT="30">
<TD WIDTH="591" VALIGN="MIDDLE" AUPDATECONT="N" ENG="3. Revised Information" HEIGHT="23">3. 정정사항</TD>
</TR>
</TBODY>
</TABLE>

<TABLE ACLASS="NORMAL" AFIXTABLE="N" WIDTH="600" BORDER="1">

<COLGROUP WIDTH="600">
<COL WIDTH="250"></COL>
<COL WIDTH="148"></COL>
<COL WIDTH="101"></COL>
<COL WIDTH="101"></COL>
</COLGROUP>

<THEAD>

<TR ACOPY="N" ADELETE="N" HEIGHT="30">
<TH WIDTH="241" VALIGN="MIDDLE" ACOPYCOL="N" ADELETECOL="N" AMOVECOL="N" AUPDATECONT="N" ENG="Items" HEIGHT="23">항  목</TH>
<TH WIDTH="139" VALIGN="MIDDLE" ACOPYCOL="N" ADELETECOL="N" AMOVECOL="N" AUPDATECONT="N" ENG="Reason for revision" HEIGHT="23">정정사유</TH>
<TH WIDTH="92" VALIGN="MIDDLE" ACOPYCOL="N" ADELETECOL="N" AMOVECOL="N" AUPDATECONT="N" ENG="Before revision" HEIGHT="23">정 정 전</TH>
<TH WIDTH="92" VALIGN="MIDDLE" ACOPYCOL="N" ADELETECOL="N" AMOVECOL="N" AUPDATECONT="N" ENG="After revision" HEIGHT="23">정 정 후</TH>
</TR>
</THEAD>

<TBODY>

<TR ACOPY="Y" ADELETE="Y" HEIGHT="30">

<TD ROWSPAN="4" VALIGN="MIDDLE" WIDTH="241" HEIGHT="113">
<SPAN>1. (제1호) 지급수단별 지급금액</SPAN>
</TD>

<TD ROWSPAN="8" VALIGN="MIDDLE" WIDTH="139" HEIGHT="233">불필요한 "%"제거
</TD>
<TD ALIGN="RIGHT" VALIGN="MIDDLE" WIDTH="92" HEIGHT="23">88.70%</TD>
<TD ALIGN="RIGHT" VALIGN="MIDDLE" WIDTH="92" HEIGHT="23">88.70</TD>
</TR>

<TR ACOPY="Y" ADELETE="Y" HEIGHT="30">

<TD ALIGN="RIGHT" VALIGN="MIDDLE" WIDTH="92" HEIGHT="23">
<SPAN>11.30%</SPAN>
</TD>
<TD ALIGN="RIGHT" VALIGN="MIDDLE" WIDTH="92" HEIGHT="23">11.30</TD>
</TR>

<TR ACOPY="Y" ADELETE="Y" HEIGHT="30">

<TD ALIGN="RIGHT" VALIGN="MIDDLE" WIDTH="92" HEIGHT="23">
<SPAN>11.30%</SPAN>
</TD>
<TD ALIGN="RIGHT" VALIGN="MIDDLE" WIDTH="92" HEIGHT="23">11.30</TD>
</TR>

<TR ACOPY="Y" ADELETE="Y" HEIGHT="30">

<TD ALIGN="RIGHT" VALIGN="MIDDLE" WIDTH="92" HEIGHT="23">
<SPAN>88.70%</SPAN>
</TD>
<TD ALIGN="RIGHT" VALIGN="MIDDLE" WIDTH="92" HEIGHT="23">88.70</TD>
</TR>

<TR ACOPY="Y" ADELETE="Y" HEIGHT="30">

<TD ROWSPAN="4" VALIGN="MIDDLE" WIDTH="241" HEIGHT="113">
<SPAN USERMARK="F-12 ">2. (제2호) 지급기간별 지급금액</SPAN>
</TD>

<TD ALIGN="RIGHT" VALIGN="MIDDLE" WIDTH="92" HEIGHT="23">
<SPAN>0.26%</SPAN>
</TD>
<TD ALIGN="RIGHT" VALIGN="MIDDLE" WIDTH="92" HEIGHT="23">0.26</TD>
</TR>

<TR ACOPY="Y" ADELETE="Y" HEIGHT="30">

<TD ALIGN="RIGHT" VALIGN="MIDDLE" WIDTH="92" HEIGHT="23">
<SPAN>91.85%</SPAN>
</TD>
<TD ALIGN="RIGHT" VALIGN="MIDDLE" WIDTH="92" HEIGHT="23">91.85</TD>
</TR>

<TR ACOPY="Y" ADELETE="Y" HEIGHT="30">

<TD ALIGN="RIGHT" VALIGN="MIDDLE" WIDTH="92" HEIGHT="23">
<SPAN>7.79%</SPAN>
</TD>
<TD ALIGN="RIGHT" VALIGN="MIDDLE" WIDTH="92" HEIGHT="23">7.79</TD>
</TR>

<TR ACOPY="Y" ADELETE="Y" HEIGHT="30">

<TD ALIGN="RIGHT" VALIGN="MIDDLE" WIDTH="92" HEIGHT="23">
<SPAN>0.09%</SPAN>
</TD>
<TD ALIGN="RIGHT" VALIGN="MIDDLE" WIDTH="92" HEIGHT="23">0.09</TD>
</TR>
</TBODY>
</TABLE>
<P></P>
<PGBRK></PGBRK>
</CORRECTION>
</LIBRARY>


<SECTION-1 ACLASS="MANDATORY" APARTSOURCE="SOURCE">
<TITLE ATOC="Y" AASSOCNOTE="D-0-1-0-0" ENG="Matters Concerning Payment Amount for Each Payment Method/Payment Period and Dispute Resolution Organization" ATOCID="1">지급수단별ㆍ지급기간별 지급금액 및 분쟁조정기구에 관한 사항</TITLE>
<P></P>

<TABLE ACLASS="NORMAL" WIDTH="916" BORDER="1">

<COLGROUP WIDTH="916">
<COL WIDTH="74"></COL>
<COL WIDTH="53"></COL>
<COL WIDTH="63"></COL>
<COL WIDTH="115"></COL>
<COL WIDTH="71"></COL>
<COL WIDTH="78"></COL>
<COL WIDTH="104"></COL>
<COL WIDTH="150"></COL>
<COL WIDTH="75"></COL>
<COL WIDTH="133"></COL>
</COLGROUP>

<TBODY>

<TR ACOPY="Y" ADELETE="Y" HEIGHT="99">
<TD ALIGN="CENTER" VALIGN="MIDDLE" WIDTH="65" HEIGHT="92">기업집단명</TD>

<TD ALIGN="CENTER" VALIGN="MIDDLE" WIDTH="44" HEIGHT="92">
<SPAN>세아</SPAN>
</TD>
<TD ALIGN="CENTER" VALIGN="MIDDLE" WIDTH="54" HEIGHT="92">회사명</TD>
<TD ALIGN="CENTER" VALIGN="MIDDLE" WIDTH="106" HEIGHT="92">(주)세아베스틸</TD>
<TD ALIGN="CENTER" VALIGN="MIDDLE" WIDTH="62" HEIGHT="92">공시일자</TD>

<TD ALIGN="CENTER" VALIGN="MIDDLE" WIDTH="69" HEIGHT="92">
<SPAN>2025.8.14</SPAN>
</TD>
<TD ALIGN="CENTER" VALIGN="MIDDLE" WIDTH="95" HEIGHT="92">공시대상기간</TD>
<TD ALIGN="CENTER" VALIGN="MIDDLE" WIDTH="141" HEIGHT="92">2025.1.1~2025.6.30</TD>
<TD ALIGN="CENTER" VALIGN="MIDDLE" WIDTH="66" HEIGHT="92">관련법규</TD>
<TD ALIGN="CENTER" VALIGN="MIDDLE" WIDTH="124" HEIGHT="92">하도급법제13조의3</TD>
</TR>
</TBODY>
</TABLE>
<P></P>
<P>1. (제1호) 지급수단별 지급금액</P>

<TABLE ACLASS="NORMAL" WIDTH="914" BORDER="0">

<COLGROUP WIDTH="914">
<COL WIDTH="914"></COL>
</COLGROUP>

<TBODY>

<TR ACOPY="Y" ADELETE="Y" HEIGHT="30">
<TD ALIGN="RIGHT" WIDTH="905" HEIGHT="23">[지급금액 단위(천원), 비중(%, 소수점 둘째자리)]</TD>
</TR>
</TBODY>
</TABLE>

<TABLE ACLASS="NORMAL" WIDTH="916" BORDER="1">

<COLGROUP WIDTH="916">
<COL WIDTH="78"></COL>
<COL WIDTH="97"></COL>
<COL WIDTH="49"></COL>
<COL WIDTH="89"></COL>
<COL WIDTH="49"></COL>
<COL WIDTH="89"></COL>
<COL WIDTH="48"></COL>
<COL WIDTH="49"></COL>
<COL WIDTH="49"></COL>
<COL WIDTH="33"></COL>
<COL WIDTH="54"></COL>
<COL WIDTH="54"></COL>
<COL WIDTH="33"></COL>
<COL WIDTH="48"></COL>
<COL WIDTH="97"></COL>
</COLGROUP>

<THEAD>

<TR ACOPY="Y" ADELETE="Y" HEIGHT="30">
<TH ROWSPAN="2" VALIGN="MIDDLE" WIDTH="69" ACOPYCOL="Y" ADELETECOL="Y" AMOVECOL="N" USERMARK="BC0XDCDCDC" HEIGHT="122"></TH>
<TH ROWSPAN="2" VALIGN="MIDDLE" WIDTH="88" ACOPYCOL="Y" ADELETECOL="Y" AMOVECOL="N" USERMARK="BC0XDCDCDC" HEIGHT="122">현금및수표</TH>
<TH COLSPAN="4" VALIGN="MIDDLE" WIDTH="267" ACOPYCOL="Y" ADELETECOL="Y" AMOVECOL="N" USERMARK="BC0XDCDCDC" HEIGHT="23">상생결제</TH>
<TH COLSPAN="4" VALIGN="MIDDLE" WIDTH="170" ACOPYCOL="Y" ADELETECOL="Y" AMOVECOL="N" USERMARK="BC0XDCDCDC" HEIGHT="23">어음대체결제수단</TH>
<TH COLSPAN="3" VALIGN="MIDDLE" WIDTH="132" ACOPYCOL="Y" ADELETECOL="Y" AMOVECOL="N" USERMARK="BC0XDCDCDC" HEIGHT="23">어음</TH>
<TH ROWSPAN="2" VALIGN="MIDDLE" WIDTH="39" ACOPYCOL="Y" ADELETECOL="Y" AMOVECOL="N" USERMARK="BC0XDCDCDC" HEIGHT="122">기타</TH>
<TH ROWSPAN="2" VALIGN="MIDDLE" WIDTH="88" ACOPYCOL="Y" ADELETECOL="Y" AMOVECOL="N" HEIGHT="122">계</TH>
</TR>

<TR ACOPY="Y" ADELETE="Y" HEIGHT="99">
<TH VALIGN="MIDDLE" ACOPYCOL="Y" ADELETECOL="Y" AMOVECOL="N" USERMARK="BC0XDCDCDC" WIDTH="40" HEIGHT="92">만기10일이하</TH>
<TH VALIGN="MIDDLE" ACOPYCOL="Y" ADELETECOL="Y" AMOVECOL="N" USERMARK="BC0XDCDCDC" WIDTH="80" HEIGHT="92">10일초과60일이하</TH>
<TH VALIGN="MIDDLE" ACOPYCOL="Y" ADELETECOL="Y" AMOVECOL="N" USERMARK="BC0XDCDCDC" WIDTH="40" HEIGHT="92">60일초과</TH>
<TH VALIGN="MIDDLE" ACOPYCOL="Y" ADELETECOL="Y" AMOVECOL="N" USERMARK="BC0XDCDCDC" WIDTH="80" HEIGHT="92">소계</TH>
<TH VALIGN="MIDDLE" ACOPYCOL="Y" ADELETECOL="Y" AMOVECOL="N" USERMARK="BC0XDCDCDC" WIDTH="39" HEIGHT="92">만기1일이하</TH>
<TH VALIGN="MIDDLE" ACOPYCOL="Y" ADELETECOL="Y" AMOVECOL="N" USERMARK="BC0XDCDCDC" WIDTH="40" HEIGHT="92">1일초과60일이하</TH>
<TH VALIGN="MIDDLE" ACOPYCOL="Y" ADELETECOL="Y" AMOVECOL="N" USERMARK="BC0XDCDCDC" WIDTH="40" HEIGHT="92">60일초과</TH>
<TH VALIGN="MIDDLE" ACOPYCOL="Y" ADELETECOL="Y" AMOVECOL="N" USERMARK="BC0XDCDCDC" WIDTH="24" HEIGHT="92">소계</TH>
<TH VALIGN="MIDDLE" ACOPYCOL="Y" ADELETECOL="Y" AMOVECOL="N" USERMARK="BC0XDCDCDC" WIDTH="45" HEIGHT="92">어음(만기60일이하)</TH>
<TH VALIGN="MIDDLE" ACOPYCOL="Y" ADELETECOL="Y" AMOVECOL="N" USERMARK="BC0XDCDCDC" WIDTH="45" HEIGHT="92">어음(만기60일초과)</TH>
<TH VALIGN="MIDDLE" ACOPYCOL="Y" ADELETECOL="Y" AMOVECOL="N" USERMARK="BC0XDCDCDC" WIDTH="24" HEIGHT="92">소계</TH>
</TR>
</THEAD>

<TBODY>

<TR ACOPY="Y" ADELETE="Y" HEIGHT="30">
<TD ALIGN="CENTER" VALIGN="MIDDLE" WIDTH="69" HEIGHT="23">지급금액</TD>
<TD ALIGN="RIGHT" VALIGN="MIDDLE" WIDTH="88" HEIGHT="23">57,312,016 </TD>
<TD ALIGN="RIGHT" VALIGN="MIDDLE" WIDTH="40" HEIGHT="23">- </TD>
<TD ALIGN="RIGHT" VALIGN="MIDDLE" WIDTH="80" HEIGHT="23">7,303,723 </TD>
<TD ALIGN="RIGHT" VALIGN="MIDDLE" WIDTH="40" HEIGHT="23">- </TD>
<TD ALIGN="RIGHT" VALIGN="MIDDLE" WIDTH="80" HEIGHT="23">7,303,723 </TD>
<TD ALIGN="RIGHT" VALIGN="MIDDLE" WIDTH="39" HEIGHT="23">- </TD>
<TD ALIGN="RIGHT" VALIGN="MIDDLE" WIDTH="40" HEIGHT="23">- </TD>
<TD ALIGN="RIGHT" VALIGN="MIDDLE" WIDTH="40" HEIGHT="23">- </TD>
<TD ALIGN="RIGHT" VALIGN="MIDDLE" WIDTH="24" HEIGHT="23">- </TD>
<TD ALIGN="RIGHT" VALIGN="MIDDLE" WIDTH="45" HEIGHT="23">- </TD>
<TD ALIGN="RIGHT" VALIGN="MIDDLE" WIDTH="45" HEIGHT="23">- </TD>
<TD ALIGN="RIGHT" VALIGN="MIDDLE" WIDTH="24" HEIGHT="23">- </TD>
<TD ALIGN="RIGHT" VALIGN="MIDDLE" WIDTH="39" HEIGHT="23">- </TD>
<TD ALIGN="RIGHT" VALIGN="MIDDLE" WIDTH="88" HEIGHT="23">64,615,739 </TD>
</TR>

<TR ACOPY="Y" ADELETE="Y" HEIGHT="30">
<TD ALIGN="CENTER" VALIGN="MIDDLE" WIDTH="69" HEIGHT="23">비중</TD>
<TD ALIGN="RIGHT" VALIGN="MIDDLE" WIDTH="88" HEIGHT="23">88.70</TD>
<TD ALIGN="RIGHT" VALIGN="MIDDLE" WIDTH="40" HEIGHT="23">- </TD>
<TD ALIGN="RIGHT" VALIGN="MIDDLE" WIDTH="80" HEIGHT="23">11.30</TD>
<TD ALIGN="RIGHT" VALIGN="MIDDLE" WIDTH="40" HEIGHT="23">- </TD>
<TD ALIGN="RIGHT" VALIGN="MIDDLE" WIDTH="80" HEIGHT="23">11.30</TD>
<TD ALIGN="RIGHT" VALIGN="MIDDLE" WIDTH="39" HEIGHT="23">- </TD>
<TD ALIGN="RIGHT" VALIGN="MIDDLE" WIDTH="40" HEIGHT="23">- </TD>
<TD ALIGN="RIGHT" VALIGN="MIDDLE" WIDTH="40" HEIGHT="23">- </TD>
<TD ALIGN="RIGHT" VALIGN="MIDDLE" WIDTH="24" HEIGHT="23">- </TD>
<TD ALIGN="RIGHT" VALIGN="MIDDLE" WIDTH="45" HEIGHT="23">- </TD>
<TD ALIGN="RIGHT" VALIGN="MIDDLE" WIDTH="45" HEIGHT="23">- </TD>
<TD ALIGN="RIGHT" VALIGN="MIDDLE" WIDTH="24" HEIGHT="23">- </TD>
<TD ALIGN="RIGHT" VALIGN="MIDDLE" WIDTH="39" HEIGHT="23">- </TD>
<TD ALIGN="RIGHT" VALIGN="MIDDLE" WIDTH="88" HEIGHT="23">100.00</TD>
</TR>

<TR ACOPY="Y" ADELETE="Y" HEIGHT="30">
<TD COLSPAN="10" ALIGN="CENTER" VALIGN="MIDDLE" WIDTH="621" HEIGHT="23">현금결제비율</TD>
<TD COLSPAN="5" ALIGN="CENTER" VALIGN="MIDDLE" WIDTH="277" HEIGHT="23">88.70</TD>
</TR>

<TR ACOPY="Y" ADELETE="Y" HEIGHT="30">
<TD COLSPAN="10" ALIGN="CENTER" VALIGN="MIDDLE" WIDTH="621" HEIGHT="23">현금성결제비율</TD>
<TD COLSPAN="5" ALIGN="CENTER" WIDTH="277" HEIGHT="23">100.00</TD>
</TR>

<TR ACOPY="Y" ADELETE="Y" HEIGHT="30">
<TD ALIGN="CENTER" VALIGN="MIDDLE" WIDTH="69" HEIGHT="23">비고</TD>
<TD COLSPAN="14" WIDTH="829" HEIGHT="23">당사의 채권채무 상계액 금액은 277,189천원 입니다.</TD>
</TR>
</TBODY>
</TABLE>
<P></P>
<P></P>
<P>2. (제2호) 지급기간별 지급금액</P>

<TABLE ACLASS="NORMAL" WIDTH="600" BORDER="0">

<COLGROUP WIDTH="600">
<COL WIDTH="600"></COL>
</COLGROUP>

<TBODY>

<TR ACOPY="Y" ADELETE="Y" HEIGHT="30">
<TD ALIGN="RIGHT" WIDTH="591" HEIGHT="23">[지급금액 단위(천원), 비중(%, 소수점 둘째자리)]</TD>
</TR>
</TBODY>
</TABLE>

<TABLE ACLASS="NORMAL" WIDTH="600" BORDER="1">

<COLGROUP WIDTH="600">
<COL WIDTH="100"></COL>
<COL WIDTH="100"></COL>
<COL WIDTH="100"></COL>
<COL WIDTH="100"></COL>
<COL WIDTH="100"></COL>
<COL WIDTH="100"></COL>
</COLGROUP>

<THEAD>

<TR ACOPY="Y" ADELETE="Y" HEIGHT="53">
<TH VALIGN="MIDDLE" WIDTH="91" ACOPYCOL="Y" ADELETECOL="Y" AMOVECOL="N" HEIGHT="46"></TH>
<TH VALIGN="MIDDLE" WIDTH="91" ACOPYCOL="Y" ADELETECOL="Y" AMOVECOL="N" HEIGHT="46">10일 이내</TH>
<TH VALIGN="MIDDLE" WIDTH="91" ACOPYCOL="Y" ADELETECOL="Y" AMOVECOL="N" HEIGHT="46">10일 초과15일 이하</TH>
<TH VALIGN="MIDDLE" WIDTH="91" ACOPYCOL="Y" ADELETECOL="Y" AMOVECOL="N" HEIGHT="46">15일 초과30일 이하</TH>
<TH VALIGN="MIDDLE" WIDTH="91" ACOPYCOL="Y" ADELETECOL="Y" AMOVECOL="N" HEIGHT="46">30일 초과60일 이하</TH>
<TH VALIGN="MIDDLE" WIDTH="91" ACOPYCOL="Y" ADELETECOL="Y" AMOVECOL="N" HEIGHT="46">60일 초과</TH>
</TR>
</THEAD>

<TBODY>

<TR ACOPY="Y" ADELETE="Y" HEIGHT="30">
<TD ALIGN="CENTER" VALIGN="MIDDLE" WIDTH="91" HEIGHT="23">지급금액</TD>
<TD ALIGN="RIGHT" VALIGN="MIDDLE" WIDTH="91" HEIGHT="23">167,998 </TD>
<TD ALIGN="RIGHT" VALIGN="MIDDLE" WIDTH="91" HEIGHT="23">59,352,015 </TD>
<TD ALIGN="RIGHT" VALIGN="MIDDLE" WIDTH="91" HEIGHT="23">5,035,050 </TD>
<TD ALIGN="RIGHT" VALIGN="MIDDLE" WIDTH="91" HEIGHT="23">60,676 </TD>
<TD ALIGN="RIGHT" VALIGN="MIDDLE" WIDTH="91" HEIGHT="23">- </TD>
</TR>

<TR ACOPY="Y" ADELETE="Y" HEIGHT="30">
<TD ALIGN="CENTER" WIDTH="91" HEIGHT="23">비중</TD>
<TD ALIGN="RIGHT" VALIGN="MIDDLE" WIDTH="91" HEIGHT="23">0.26</TD>
<TD ALIGN="RIGHT" VALIGN="MIDDLE" WIDTH="91" HEIGHT="23">91.85</TD>
<TD ALIGN="RIGHT" VALIGN="MIDDLE" WIDTH="91" HEIGHT="23">7.79</TD>
<TD ALIGN="RIGHT" VALIGN="MIDDLE" WIDTH="91" HEIGHT="23">0.09</TD>
<TD ALIGN="RIGHT" VALIGN="MIDDLE" WIDTH="91" HEIGHT="23">- </TD>
</TR>

<TR ACOPY="Y" ADELETE="Y" HEIGHT="30">
<TD ALIGN="CENTER" WIDTH="91" HEIGHT="23">비고</TD>
<TD VALIGN="MIDDLE" COLSPAN="5" WIDTH="491" HEIGHT="23">당사의 채권채무 상계액 금액은 277,189천원 입니다.</TD>
</TR>
</TBODY>
</TABLE>
<P>3. (제3호) 분쟁조정기구에 관한 사항</P>

<TABLE BORDER="1" WIDTH="600" ACLASS="NORMAL">

<COLGROUP WIDTH="600">
<COL WIDTH="300"></COL>
<COL WIDTH="300"></COL>
</COLGROUP>

<TBODY>

<TR ACOPY="Y" ADELETE="Y" HEIGHT="30">
<TD ALIGN="CENTER" VALIGN="MIDDLE" WIDTH="291" HEIGHT="23"></TD>
<TD ALIGN="CENTER" VALIGN="MIDDLE" WIDTH="291" HEIGHT="23">내용</TD>
</TR>

<TR ACOPY="Y" ADELETE="Y" HEIGHT="30">
<TD ALIGN="CENTER" VALIGN="MIDDLE" WIDTH="291" HEIGHT="23">분쟁조정기구 설치 여부</TD>
<TD ALIGN="CENTER" VALIGN="MIDDLE" WIDTH="291" HEIGHT="23">X</TD>
</TR>

<TR ACOPY="Y" ADELETE="Y" HEIGHT="30">
<TD ALIGN="CENTER" VALIGN="MIDDLE" WIDTH="291" HEIGHT="23">담당부서 및 연락처</TD>
<TD ALIGN="CENTER" VALIGN="MIDDLE" WIDTH="291" HEIGHT="23">-</TD>
</TR>

<TR ACOPY="Y" ADELETE="Y" HEIGHT="30">
<TD ALIGN="CENTER" VALIGN="MIDDLE" WIDTH="291" HEIGHT="23">분쟁조정 신청 절차ㆍ방법</TD>
<TD ALIGN="CENTER" VALIGN="MIDDLE" WIDTH="291" HEIGHT="23">-</TD>
</TR>

<TR ACOPY="Y" ADELETE="Y" HEIGHT="30">
<TD ALIGN="CENTER" VALIGN="MIDDLE" WIDTH="291" HEIGHT="23">분쟁조정 예상 소요기간</TD>
<TD ALIGN="CENTER" VALIGN="MIDDLE" WIDTH="291" HEIGHT="23">-</TD>
</TR>

<TR ACOPY="Y" ADELETE="Y" HEIGHT="30">
<TD ALIGN="CENTER" VALIGN="MIDDLE" WIDTH="291" HEIGHT="23">비고</TD>
<TD ALIGN="CENTER" VALIGN="MIDDLE" WIDTH="291" HEIGHT="23">-</TD>
</TR>
</TBODY>
</TABLE>
<P></P>
</SECTION-1>
</BODY>
</DOCUMENT>