<html>
 <head> 
  <meta content="gdi" http-equiv="X-UA-TextLayoutMetrics"> 
  <meta content="text/html; charset=euc-kr" http-equiv="Content-Type"> 
  <STYLE>
.xforms * { font-family: 돋움체;}
.xforms_title * { font-size: 13pt; padding : 0 0 10 0;}

.xforms table {
    font-size: 10px;
    padding:0px;
    border-collapse:collapse;
    color: #3D3D3D;
}
.xforms td {
    padding-left:0px;
    padding-top:0px;
    border-collapse:collapse;
    line-height:22px;
    color: #3D3D3D;
    /*text-align:right;*/
    vertical-align:middle;
    border: 1px solid #7f7f7f;
}

.xforms span {
    /*display: inline-block;*/
    padding-left:3px;
    padding-right: 1px;
    line-height:22px;
    padding-top:0px;
    padding-bottom:0px;
    text-align:left;
    vertical-align:middle;
    border: 0px solid #DBDBDB;
}

.xforms.img{
    border : 0px;
}

.xforms a:link {

    color: #194866;
    text-decoration: none;
}
.xforms a:active {

    color: #194866;
    text-decoration: none;
}
.xforms a:visited {
    color: #194866;
    text-decoration: none;
}

.xforms A:hover {
    color:008BE3;
    text-decoration: none;
}

.xforms_input{
    border: 0px solid #DBDBDB;
    padding-left:3px;
    padding-right: 1px;
    height:22px;
    padding-top:0px;
    padding-bottom:0px;
    text-align:left;
}
</STYLE> 
  <title>웰킵스하이텍/기타 경영사항(자율공시)/(2026.01.05)기타 경영사항(자율공시)(손해배상 1심 결과에 대한 항소)</title> 
 </head> 
 <body> 
  <div class="xforms"> 
   <div> 
    <span class="noprint" style="display:none;width:600px;font-size:10pt;"> </span> 
    <div class="xforms_title"> 
     <div> 
      <span style="width:600px;font-weight:bold;text-align:center;">기타 경영사항(자율공시)</span> 
     </div> 
    </div> 
    <span class="noprint" style="display:none;width:600px;font-size:10pt;"> </span> 
    <table border="1" bordercolordark="white" bordercolorlight="#666666" cellpadding="1" cellspacing="0" id="XFormD5_Form0_Table0" style="margin:0px 0px 20px 0px;width:599px;font-size:10pt;border:1px solid #7f7f7f;"> 
     <tbody> 
      <tr> 
       <td width="219"> <span style="width:219px;font-size:10pt;">1. 제목</span> </td> 
       <td colspan="2" width="380"> <span class="xforms_input" style="width:380px;font-size:10pt;">손해배상 1심 결과에 대한 항소</span> </td> 
      </tr> 
      <tr> 
       <td width="219"> <span style="width:219px;font-size:10pt;">2. 주요내용</span> </td> 
       <td colspan="2" width="380"> <span class="xforms_input" style="width:380px;font-size:10pt;">당사는 서울중앙지방법원 2024가합70157 손해배상(기) 사건에 관하여 법원이 2025년 12월 18일 선고한 판결에 전부 불복하므로 항소를 제기하였습니다. <br xmlns:java="http://xml.apache.org/xalan/java"> <br xmlns:java="http://xml.apache.org/xalan/java">1) 사건번호 : 2024가합70157 <br xmlns:java="http://xml.apache.org/xalan/java"> <br xmlns:java="http://xml.apache.org/xalan/java">2) 항소인(피고) : 웰킵스하이텍주식회사 <br xmlns:java="http://xml.apache.org/xalan/java"> <br xmlns:java="http://xml.apache.org/xalan/java">3) 피항소인(원고) : 주식회사 디비글로벌칩 <br xmlns:java="http://xml.apache.org/xalan/java"> <br xmlns:java="http://xml.apache.org/xalan/java">4) 항소취지 <br xmlns:java="http://xml.apache.org/xalan/java">1. 제1심 판결 중 피고 패소부분을 취소하고, 그 취소부분에 해당하는 원고의 청구를 기각한다. <br xmlns:java="http://xml.apache.org/xalan/java">2. 소송총비용은 원고가 부담한다. <br xmlns:java="http://xml.apache.org/xalan/java">라는 판결을 구합니다.</span> </td> 
      </tr> 
      <tr> 
       <td width="219"> <span style="width:219px;font-size:10pt;">3. 결정(확인)일자</span> </td> 
       <td colspan="2" width="380"> <span class="xforms_input" style="width:380px;font-size:10pt;">2026-01-02</span> </td> 
      </tr> 
      <tr> 
       <td colspan="3" width="599"> <span style="width:599px;font-size:10pt;">4. 기타 투자판단에 참고할 사항</span> </td> 
      </tr> 
      <tr> 
       <td colspan="3" width="599"> <span class="xforms_input" style="width:599px;font-size:10pt;">- 상기 3. 결정(확인)일자는 당사가 항소장을 접수한 일자입니다.</span> </td> 
      </tr> 
      <tr> 
       <td width="219"> <span style="width:219px;font-size:10pt;">※ 관련공시</span> </td> 
       <td colspan="2" width="380"> <span style="width:380px;font-size:10pt;"> <a href="http://kind.krx.co.kr/common/disclsviewer.do?method=search&amp;acptno=20251219000501&amp;rcpno=20251219000501&amp;orgid=K&amp;tran=Y&amp;langTpCd=0" target="_blank" xmlns="http://www.w3.org/1999/xhtml" xmlns:xf="http://www.w3.org/2002/xforms" xmlns:xh="http://www.w3.org/1999/xhtml" xmlns:xsd="http://www.w3.org/2001/XMLSchema">2025-12-19 소송등의판결ㆍ결정(일정금액 이상의 청구)</a> <br xmlns:java="http://xml.apache.org/xalan/java"> <a href="http://kind.krx.co.kr/common/disclsviewer.do?method=search&amp;acptno=20240605000545&amp;rcpno=20240605000545&amp;orgid=K&amp;tran=Y&amp;langTpCd=0" target="_blank" xmlns="http://www.w3.org/1999/xhtml" xmlns:xf="http://www.w3.org/2002/xforms" xmlns:xh="http://www.w3.org/1999/xhtml" xmlns:xsd="http://www.w3.org/2001/XMLSchema">2024-06-05 소송등의제기ㆍ신청(일정금액 이상의 청구)</a> <br xmlns:java="http://xml.apache.org/xalan/java"> </span> </td> 
      </tr> 
     </tbody> 
    </table> 
    <span class="noprint" style="display:none;width:600px;font-size:10pt;"> </span> 
    <span class="noprint" style="display:none;width:600px;font-size:10pt;"> </span> 
   </div> 
  </div>  
 </body>
</html>