<?xml version="1.0" encoding="utf-8"?>


<DOCUMENT xmlns:xsi="http://www.w3.org/2001/XMLSchema-instance" xsi:noNamespaceSchemaLocation="dart4.xsd">

<DOCUMENT-NAME ACODE="00591">주주총회소집공고</DOCUMENT-NAME>
<FORMULA-VERSION ADATE="20210129">6.0</FORMULA-VERSION>
<COMPANY-NAME AREGCIK="01700921">삼성기업인수목적8호 주식회사</COMPANY-NAME>


<BODY ATOCID="21">

<COVER>
<P></P>
<COVER-TITLE ATOC="Y" AASSOCNOTE="COVER" ENG="Announcement of Convocation of General Meeting of Shareholders" ATOCID="1">주주총회소집공고</COVER-TITLE>

<TABLE ACLASS="NORMAL" AFIXTABLE="Y" WIDTH="600" BORDER="0">

<COLGROUP WIDTH="600">
<COL WIDTH="131"></COL>
<COL WIDTH="220"></COL>
<COL WIDTH="249"></COL>
</COLGROUP>

<TBODY>

<TR ACOPY="Y" ADELETE="Y" HEIGHT="30">
<TD COLSPAN="3" WIDTH="591" HEIGHT="23"></TD>
</TR>

<TR ACOPY="Y" ADELETE="Y" HEIGHT="30">
<TD COLSPAN="3" ALIGN="RIGHT" VALIGN="MIDDLE" WIDTH="591" HEIGHT="23">  2026년   01월   05일</TD>
</TR>

<TR ACOPY="Y" ADELETE="Y" HEIGHT="53">
<TD COLSPAN="3" WIDTH="591" HEIGHT="46"></TD>
</TR>

<TR ACOPY="Y" ADELETE="Y" HEIGHT="30">
<TD WIDTH="122" HEIGHT="23">회   사   명 :</TD>
<TD COLSPAN="2" WIDTH="460" HEIGHT="23">삼성기업인수목적8호 주식회사</TD>
</TR>

<TR ACOPY="Y" ADELETE="Y" HEIGHT="30">
<TD WIDTH="122" HEIGHT="23">대 표 이 사 :</TD>
<TD COLSPAN="2" WIDTH="460" HEIGHT="23">안 신 영</TD>
</TR>

<TR ACOPY="Y" ADELETE="Y" HEIGHT="30">
<TD WIDTH="122" HEIGHT="23">본 점 소 재 지 :</TD>
<TD COLSPAN="2" WIDTH="460" HEIGHT="23">서울특별시 서초구 서초대로74길 11(삼성전자빌딩)</TD>
</TR>

<TR ACOPY="Y" ADELETE="Y" HEIGHT="30">
<TD WIDTH="122" HEIGHT="23"></TD>
<TD COLSPAN="2" WIDTH="460" HEIGHT="23">(전   화) 02-2020-6661</TD>
</TR>

<TR ACOPY="Y" ADELETE="Y" HEIGHT="30">
<TD WIDTH="122" HEIGHT="23"></TD>
<TD COLSPAN="2" WIDTH="460" HEIGHT="23">(홈페이지)  없음</TD>
</TR>

<TR ACOPY="Y" ADELETE="Y" HEIGHT="53">
<TD COLSPAN="3" WIDTH="591" HEIGHT="46"></TD>
</TR>

<TR ACOPY="Y" ADELETE="Y" HEIGHT="30">
<TD WIDTH="122" HEIGHT="23">작 성  책 임 자 :</TD>
<TD WIDTH="211" HEIGHT="23">(직  책) 기타비상무이사</TD>
<TD WIDTH="240" HEIGHT="23">(성  명) 서 성 우</TD>
</TR>

<TR ACOPY="Y" ADELETE="Y" HEIGHT="30">
<TD WIDTH="122" HEIGHT="23"></TD>
<TD COLSPAN="2" WIDTH="460" HEIGHT="23">(전  화) 02-2020-6661</TD>
</TR>

<TR ACOPY="Y" ADELETE="Y" HEIGHT="30">
<TD COLSPAN="3" WIDTH="591" HEIGHT="23"></TD>
</TR>
</TBODY>
</TABLE>
<P></P>
<PGBRK></PGBRK>
</COVER>

<SECTION-1 ACLASS="MANDATORY" APARTSOURCE="SOURCE">
<TITLE ATOC="Y" AASSOCNOTE="D-0-0-0-0" ENG="Announcement of Convocation of General Meeting of Shareholders" ATOCID="2">주주총회 소집공고</TITLE>

<TABLE ACLASS="NORMAL" WIDTH="600" BORDER="0">

<COLGROUP WIDTH="600">
<COL WIDTH="600"></COL>
</COLGROUP>

<TBODY>

<TR ACOPY="Y" ADELETE="Y" HEIGHT="30">
<TD ALIGN="CENTER" VALIGN="MIDDLE" WIDTH="591" HEIGHT="23">(임시주주총회)</TD>
</TR>
</TBODY>
</TABLE>
<P></P>

<TABLE BORDER="0" WIDTH="621" ACLASS="NORMAL" AFIXTABLE="N">

<COLGROUP WIDTH="621">
<COL WIDTH="621"></COL>
</COLGROUP>

<TBODY>

<TR ACOPY="Y" ADELETE="Y" HEIGHT="1797">

<TD WIDTH="612" VALIGN="MIDDLE" HEIGHT="1790">
<P>주주님의 깊은 관심과 성원에 감사드립니다.</P>
<P>당사는 상법 제363조와 정관 제20조에 의거 임시주주총회를 아래와 같이 개최 하오니 참석하여 주시기 바랍니다.</P>
<P></P>

<TABLE BORDER="0" WIDTH="600" ACLASS="NORMAL" AFIXTABLE="N">

<COLGROUP WIDTH="600">
<COL WIDTH="600"></COL>
</COLGROUP>

<TBODY>

<TR ACOPY="Y" ADELETE="Y" HEIGHT="30">
<TD ALIGN="CENTER" WIDTH="591" VALIGN="MIDDLE" HEIGHT="23">-  아        래  -</TD>
</TR>
</TBODY>
</TABLE>
<P> </P>
<P>1. 일    시 : 2026년 2월 4일(수요일)  오전 10시</P>
<P></P>
<P>2. 장    소 : 서울특별시 서초구 서초대로74길 11 (삼성전자빌딩) 3층 회의실</P>
<P></P>
<P>3. 회의 목적 사항</P>
<P>가. 부의안건</P>
<P>제1호 의안: 청산결산보고서 승인의 건</P>
<P></P>
<P>4. 경영참고사항 비치</P>
<P>상법 제542조의4에 의한 경영참고사항은 당사의 본점에 비치하였으며, 금융위원회 및 금융감독원에 전자공시하여 조회가 가능하오니 참고하시기 바랍니다.</P>
<P></P>
<P>5. 실질주주의 의결권 행사에 관한 사항</P>
<P>우리 회사의 이번 주주총회에서는 한국예탁결제원이 주주님들의 의결권을 행사할 수 없습니다. 따라서 주주님께서는 주주총회에 참석 또는 서면으로 의결권을 직접 행사하시거나 대리인에 위임하여 의결권을 간접 행사하실 수 있습니다.</P>
<P>6. 서면에 의한 의결권 행사상법 제 368 조의 3 및 당사 정관 제 28 조에 의거 주주총회에 출석하지 아니하고 서면에 의하여 의결권을 행사하실 수 있습니다. 서면에 의하여 의결권을 행사하고자 하시는 주주님께서는 [별첨 1]의 서면에 의한 의결권 행사 안내문을 참조하시어 투표용지에 의사를 표시하여 주주총회일 전일까지 제출하여 주시기 바랍니다7. 임시주주총회 참석시 준비물(1) 직접행사 : 주주총회 참석장, 신분증(주민등록증, 운전면허증, 여권 중 1개 지참)(2) 대리행사 : 주주총회 참석장, 위임장(주주와 대리인의 인적사항 등 기재, 인감날인), 대리인의 신분증[별첨1] 서면에 의한 의결권 행사서</P>
<P> </P>

<TABLE BORDER="1" WIDTH="611" ACLASS="NORMAL" AFIXTABLE="N">

<COLGROUP WIDTH="611">
<COL WIDTH="611"></COL>
</COLGROUP>

<TBODY>

<TR ACOPY="Y" ADELETE="Y" HEIGHT="893">

<TD WIDTH="602" VALIGN="MIDDLE" HEIGHT="886">
<P>삼성기업인수목적8호(주) 귀중</P>
<P></P>
<P>본인은 2026년 2월 4일 개최되는 삼성기업인수목적8호㈜의 임시주주총회에 대하여 다음의 내용과 같이 찬반 표시에 따라 의결권을 행사합니다. 또한 속회 및 연회로 된 경우에도 아래와 같이 의결권을 행사합니다.</P>

<TABLE BORDER="1" WIDTH="600" ACLASS="NORMAL" AFIXTABLE="N">

<COLGROUP WIDTH="600">
<COL WIDTH="89"></COL>
<COL WIDTH="326"></COL>
<COL WIDTH="92"></COL>
<COL WIDTH="93"></COL>
</COLGROUP>

<TBODY>

<TR ACOPY="Y" ADELETE="Y" HEIGHT="30">

<TD ROWSPAN="2" ALIGN="CENTER" WIDTH="80" USERMARK="BC0XD7D7D7" VALIGN="MIDDLE" HEIGHT="53">
<P>구분</P>
</TD>

<TD ROWSPAN="2" ALIGN="CENTER" WIDTH="317" USERMARK="BC0XD7D7D7" VALIGN="MIDDLE" HEIGHT="53">
<P>안건</P>
</TD>

<TD COLSPAN="2" ALIGN="CENTER" WIDTH="176" USERMARK="BC0XD7D7D7" VALIGN="MIDDLE" HEIGHT="23">
<P>의사표시</P>
</TD>
</TR>

<TR ACOPY="Y" ADELETE="Y" HEIGHT="30">

<TD ALIGN="CENTER" WIDTH="83" USERMARK="BC0XD7D7D7" VALIGN="MIDDLE" HEIGHT="23">
<P>찬성</P>
</TD>

<TD ALIGN="CENTER" WIDTH="84" USERMARK="BC0XD7D7D7" VALIGN="MIDDLE" HEIGHT="23">
<P>반대</P>
</TD>
</TR>

<TR ACOPY="Y" ADELETE="Y" HEIGHT="30">

<TD ALIGN="CENTER" WIDTH="80" VALIGN="MIDDLE" HEIGHT="23">
<P>제1호 의안</P>
</TD>
<TD WIDTH="317" VALIGN="MIDDLE" HEIGHT="23">청산결산보고서 승인의 건</TD>

<TD WIDTH="83" VALIGN="MIDDLE" HEIGHT="23">
<P></P>
</TD>
<TD WIDTH="84" VALIGN="MIDDLE" HEIGHT="23"></TD>
</TR>
</TBODY>
</TABLE>
<P></P>
<P><안내사항> </P>
<P></P>
<P>1. 상법 제 368 조의 3 및 당사 정관 제 28 조에 의거 주주총회에 출석하지 아니하고 서면에 의하여 의결권을 행사하실 수 있습니다 . 서면에 의하여 의결권을 행사하고자 하시는 분께서는 본 투표용지에 의사를 표시하여 임시주주총회일 전일까지 제출하여 주시기 바랍니다-제출 주소 : 서울특별시 서초구 서초대로 74길 11(서초동, 삼성전자빌딩) 11 층</P>
<P>2. 상기의 투표용지에 찬성 또는 반대의 표시란에 O 표를 하여 주시기 바랍니다 . 지시된 표시가 없거나 지시한 방법 이외로 기표하신 경우 또는 백지로 제출하신 경우에는 기권으로 처리되오니 정확하게 기표하여 주시기 바랍니다3. 제출된 의안의 수정 동의 시 서면투표의 내용은 기권으로 처리되오니 가급적 총회에 직접 참석하시어 의결권을 행사하시기 바랍니다2026년    월      일</P>
<P></P>

<TABLE BORDER="1" WIDTH="602" ACLASS="NORMAL" AFIXTABLE="N">

<COLGROUP WIDTH="602">
<COL WIDTH="88"></COL>
<COL WIDTH="180"></COL>
<COL WIDTH="157"></COL>
<COL WIDTH="177"></COL>
</COLGROUP>

<TBODY>

<TR ACOPY="Y" ADELETE="Y" HEIGHT="53">

<TD ALIGN="CENTER" WIDTH="79" USERMARK="BC0XE1ECEE" VALIGN="MIDDLE" HEIGHT="46">
<P>주주번호</P>
</TD>

<TD WIDTH="171" VALIGN="MIDDLE" HEIGHT="46">
<P></P>
</TD>

<TD ALIGN="CENTER" WIDTH="148" USERMARK="BC0XE1ECEE" VALIGN="MIDDLE" HEIGHT="46">
<P>소유주식수</P>
</TD>

<TD WIDTH="168" VALIGN="MIDDLE" HEIGHT="46">
<P></P>
</TD>
</TR>

<TR ACOPY="Y" ADELETE="Y" HEIGHT="53">

<TD ALIGN="CENTER" WIDTH="79" USERMARK="BC0XE1ECEE" VALIGN="MIDDLE" HEIGHT="46">
<P>주주명</P>
</TD>

<TD WIDTH="171" VALIGN="MIDDLE" HEIGHT="46">
<P></P>
</TD>

<TD ALIGN="CENTER" WIDTH="148" USERMARK="BC0XE1ECEE" VALIGN="MIDDLE" HEIGHT="46">
<P>주민등록번호(사업자번호)</P>
</TD>

<TD WIDTH="168" VALIGN="MIDDLE" HEIGHT="46">
<P></P>
</TD>
</TR>

<TR ACOPY="Y" ADELETE="Y" HEIGHT="53">

<TD ALIGN="CENTER" WIDTH="79" USERMARK="BC0XE1ECEE" VALIGN="MIDDLE" HEIGHT="46">
<P>주소</P>
</TD>

<TD WIDTH="171" VALIGN="MIDDLE" HEIGHT="46">
<P></P>
</TD>

<TD ALIGN="CENTER" WIDTH="148" USERMARK="BC0XE1ECEE" VALIGN="MIDDLE" HEIGHT="46">
<P>전화번호</P>
</TD>

<TD WIDTH="168" VALIGN="MIDDLE" HEIGHT="46">
<P></P>
</TD>
</TR>
</TBODY>
</TABLE>
<P>※ 주주명에는 반드시 기명날인 또는 서명하여 주시기 바라며, 주소와 전화번호도 꼭 기입하여 주시기 바랍니다. </P>
<P>※ 금번 임시주주총회 안건에 대한 세부사항은 금융감독원 전자공시시스템에 공시되어 있습니다(http://dart.fss.or.kr).</P>
</TD>
</TR>
</TBODY>
</TABLE>
<P></P>
</TD>
</TR>
</TBODY>
</TABLE>
<PGBRK></PGBRK>
</SECTION-1>

<SECTION-1 ACLASS="MANDATORY" APARTSOURCE="SOURCE">
<TITLE ATOC="Y" ENG="I. Activities and Remuneration of Outside Directors" ATOCID="3">I. 사외이사 등의 활동내역과 보수에 관한 사항</TITLE>
<P></P>

<SECTION-2 ACLASS="MANDATORY">
<TITLE ATOC="Y" ENG="1. Activities of outside directors" ATOCID="4">1. 사외이사 등의 활동내역</TITLE>

<SECTION-3 ACLASS="MANDATORY">
<TITLE ATOC="Y" AASSOCNOTE="D-0-1-1-1" ENG="A. Attendance rate of the board of directors and approval or disapproval of agendas" ATOCID="5">가. 이사회 출석률 및 이사회 의안에 대한 찬반여부</TITLE>

<TABLE ACLASS="NORMAL" AFIXTABLE="N" WIDTH="685" BORDER="1">

<COLGROUP WIDTH="685">
<COL WIDTH="74"></COL>
<COL WIDTH="92"></COL>
<COL WIDTH="371"></COL>
<COL WIDTH="148"></COL>
</COLGROUP>

<THEAD>

<TR ACOPY="Y" ADELETE="Y" HEIGHT="30">
<TH ROWSPAN="3" VALIGN="MIDDLE" WIDTH="65" HEIGHT="106" ACOPYCOL="Y" ADELETECOL="Y" AMOVECOL="N">회차</TH>
<TH ROWSPAN="3" VALIGN="MIDDLE" WIDTH="83" HEIGHT="106" ACOPYCOL="Y" ADELETECOL="Y" AMOVECOL="N">개최일자</TH>
<TH ROWSPAN="3" VALIGN="MIDDLE" WIDTH="362" HEIGHT="106" ACOPYCOL="Y" ADELETECOL="Y" AMOVECOL="N">의안내용</TH>
<TH VALIGN="MIDDLE" WIDTH="139" HEIGHT="23" ACOPYCOL="Y" ADELETECOL="Y" AMOVECOL="N">사외이사 등의 성명</TH>
</TR>

<TR ACOPY="Y" ADELETE="Y" HEIGHT="53">
<TH VALIGN="MIDDLE" WIDTH="139" HEIGHT="46" ACOPYCOL="Y" ADELETECOL="Y" AMOVECOL="N">김경미(출석률: 100%)</TH>
</TR>

<TR ACOPY="Y" ADELETE="Y" HEIGHT="30">
<TH VALIGN="MIDDLE" WIDTH="139" HEIGHT="23" ACOPYCOL="Y" ADELETECOL="Y" AMOVECOL="N">찬 반 여 부</TH>
</TR>
</THEAD>

<TBODY>

<TR ACOPY="Y" ADELETE="Y" HEIGHT="122">
<TD VALIGN="MIDDLE" WIDTH="65" HEIGHT="115" ALIGN="CENTER">2022-01</TD>
<TD VALIGN="MIDDLE" WIDTH="83" HEIGHT="115" ALIGN="CENTER">2022.10.31</TD>

<TD VALIGN="MIDDLE" WIDTH="362" HEIGHT="115">
<P>- 설립사항 보고에 관한 건- 정관 승인의 건</P>
<P>- 이사, 감사 선임의 건</P>
<P>- 본점설치 장소 결정의 건</P>
<P>- 상법 제298조 소정사항 조사보고의 건</P>
</TD>
<TD VALIGN="MIDDLE" WIDTH="139" HEIGHT="115" ALIGN="CENTER">찬성</TD>
</TR>

<TR ACOPY="Y" ADELETE="Y" HEIGHT="76">
<TD VALIGN="MIDDLE" WIDTH="65" HEIGHT="69" ALIGN="CENTER">2022-02</TD>
<TD VALIGN="MIDDLE" WIDTH="83" HEIGHT="69" ALIGN="CENTER">2022.10.31</TD>

<TD VALIGN="MIDDLE" WIDTH="362" HEIGHT="69">
<P>- 대표이사 선임의 건</P>
<P>- 본점 설치장소 결정의 건</P>
<P>- 명의개서대리인 설치의 건</P>
</TD>
<TD VALIGN="MIDDLE" WIDTH="139" HEIGHT="69" ALIGN="CENTER">찬성</TD>
</TR>

<TR ACOPY="Y" ADELETE="Y" HEIGHT="30">
<TD VALIGN="MIDDLE" WIDTH="65" HEIGHT="23" ALIGN="CENTER">2022-03</TD>
<TD VALIGN="MIDDLE" WIDTH="83" HEIGHT="23" ALIGN="CENTER">2022.11.07</TD>
<TD VALIGN="MIDDLE" WIDTH="362" HEIGHT="23">- 제1회 무보증 사모 전환사채 발행의 건</TD>
<TD VALIGN="MIDDLE" WIDTH="139" HEIGHT="23" ALIGN="CENTER">찬성</TD>
</TR>

<TR ACOPY="Y" ADELETE="Y" HEIGHT="145">
<TD VALIGN="MIDDLE" WIDTH="65" HEIGHT="138" ALIGN="CENTER">2022-04</TD>
<TD VALIGN="MIDDLE" WIDTH="83" HEIGHT="138" ALIGN="CENTER">2022.11.07</TD>

<TD VALIGN="MIDDLE" WIDTH="362" HEIGHT="138">
<P>- 임시주주총회 소집의 건</P>
<P>- 공모자금 예치 약정의 건</P>
<P>- 사규 제정의 건</P>
<P>- 내부회계관리자 선임의 건</P>
<P>- 코스닥시장 상장 동의 및 IPO 주관계약 체결의 건</P>
<P>- 외부감사계약 체결의 건</P>
</TD>
<TD VALIGN="MIDDLE" WIDTH="139" HEIGHT="138" ALIGN="CENTER">찬성</TD>
</TR>

<TR ACOPY="Y" ADELETE="Y" HEIGHT="53">
<TD VALIGN="MIDDLE" WIDTH="65" HEIGHT="46" ALIGN="CENTER">2023-01</TD>
<TD VALIGN="MIDDLE" WIDTH="83" HEIGHT="46" ALIGN="CENTER">2023.01.16</TD>
<TD VALIGN="MIDDLE" WIDTH="362" HEIGHT="46">- 한국거래소 코스닥시장 상장을 위한 신주발행의 건- 총액인수계약 체결 및 증권신고서 제출의 건</TD>
<TD VALIGN="MIDDLE" WIDTH="139" HEIGHT="46" ALIGN="CENTER">찬성</TD>
</TR>

<TR ACOPY="Y" ADELETE="Y" HEIGHT="53">
<TD VALIGN="MIDDLE" WIDTH="65" HEIGHT="46" ALIGN="CENTER">2023-02</TD>
<TD VALIGN="MIDDLE" WIDTH="83" HEIGHT="46" ALIGN="CENTER">2023.02.03</TD>
<TD VALIGN="MIDDLE" WIDTH="362" HEIGHT="46">- 제1기 결산 재무제표 승인의 건- 제1기 영업보고서 승인의 건</TD>
<TD VALIGN="MIDDLE" WIDTH="139" HEIGHT="46" ALIGN="CENTER">찬성</TD>
</TR>

<TR ACOPY="Y" ADELETE="Y" HEIGHT="30">
<TD VALIGN="MIDDLE" WIDTH="65" HEIGHT="23" ALIGN="CENTER">2023-03</TD>
<TD VALIGN="MIDDLE" WIDTH="83" HEIGHT="23" ALIGN="CENTER">2023.03.02</TD>
<TD VALIGN="MIDDLE" WIDTH="362" HEIGHT="23">- 제1기 정기주주총회 소집의 건</TD>
<TD VALIGN="MIDDLE" WIDTH="139" HEIGHT="23" ALIGN="CENTER">찬성</TD>
</TR>

<TR ACOPY="Y" ADELETE="Y" HEIGHT="53">
<TD VALIGN="MIDDLE" WIDTH="65" HEIGHT="46" ALIGN="CENTER">2024-01</TD>
<TD VALIGN="MIDDLE" WIDTH="83" HEIGHT="46" ALIGN="CENTER">2024.02.06</TD>
<TD VALIGN="MIDDLE" WIDTH="362" HEIGHT="46">- 제2기 결산 재무제표 승인의 건- 제2기 영업보고서 승인의 건</TD>
<TD VALIGN="MIDDLE" WIDTH="139" HEIGHT="46" ALIGN="CENTER">찬성</TD>
</TR>

<TR ACOPY="Y" ADELETE="Y" HEIGHT="30">
<TD VALIGN="MIDDLE" WIDTH="65" HEIGHT="23" ALIGN="CENTER">2024-02</TD>
<TD VALIGN="MIDDLE" WIDTH="83" HEIGHT="23" ALIGN="CENTER">2024.02.16</TD>
<TD VALIGN="MIDDLE" WIDTH="362" HEIGHT="23">- 제2기 정기주주총회 소집의 건</TD>
<TD VALIGN="MIDDLE" WIDTH="139" HEIGHT="23" ALIGN="CENTER">찬성</TD>
</TR>

<TR ACOPY="Y" ADELETE="Y" HEIGHT="53">
<TD VALIGN="MIDDLE" WIDTH="65" HEIGHT="46" ALIGN="CENTER">2025-01</TD>
<TD VALIGN="MIDDLE" WIDTH="83" HEIGHT="46" ALIGN="CENTER">2025.02.13</TD>
<TD VALIGN="MIDDLE" WIDTH="362" HEIGHT="46">- 제3기 결산 재무제표 승인의 건- 제3기 영업보고서 승인의 건</TD>
<TD VALIGN="MIDDLE" WIDTH="139" HEIGHT="46" ALIGN="CENTER">찬성</TD>
</TR>

<TR ACOPY="Y" ADELETE="Y" HEIGHT="30">
<TD VALIGN="MIDDLE" WIDTH="65" HEIGHT="23" ALIGN="CENTER">2025-02</TD>
<TD VALIGN="MIDDLE" WIDTH="83" HEIGHT="23" ALIGN="CENTER">2025.02.20</TD>
<TD VALIGN="MIDDLE" WIDTH="362" HEIGHT="23">- 제3기 정기주주총회 소집의 건</TD>
<TD VALIGN="MIDDLE" WIDTH="139" HEIGHT="23" ALIGN="CENTER">찬성</TD>
</TR>
</TBODY>
</TABLE>

<P>
<SPAN USERMARK="F-GL11 ">주) 당사는 2025년 10월 14일 코스닥 시장 상장폐지로 인하여 해산사유가 발생하였으며, 동시에 김경미 사외이사는 청산인으로 변경되어 당사의 사외이사는 존재하지 않습니다.</SPAN>
<SPAN USERMARK="F-GL "></SPAN>
</P>
</SECTION-3>

<SECTION-3 ACLASS="MANDATORY">
<TITLE ATOC="Y" AASSOCNOTE="D-0-1-1-2" ENG="B. Activities of outside directors, etc. in board committees" ATOCID="6">나. 이사회내 위원회에서의 사외이사 등의 활동내역</TITLE>

<TABLE ACLASS="NORMAL" AFIXTABLE="N" WIDTH="611" BORDER="1">

<COLGROUP WIDTH="611">
<COL WIDTH="86"></COL>
<COL WIDTH="100"></COL>
<COL WIDTH="89"></COL>
<COL WIDTH="241"></COL>
<COL WIDTH="95"></COL>
</COLGROUP>

<THEAD>

<TR ACOPY="Y" ADELETE="Y" HEIGHT="30">
<TH ROWSPAN="2" VALIGN="MIDDLE" WIDTH="77" HEIGHT="53" ACOPYCOL="Y" ADELETECOL="Y" AMOVECOL="N">위원회명</TH>
<TH ROWSPAN="2" VALIGN="MIDDLE" WIDTH="91" HEIGHT="53" ACOPYCOL="Y" ADELETECOL="Y" AMOVECOL="N">구성원</TH>
<TH COLSPAN="3" VALIGN="MIDDLE" WIDTH="416" HEIGHT="23" ACOPYCOL="Y" ADELETECOL="Y" AMOVECOL="N">활 동 내 역</TH>
</TR>

<TR ACOPY="Y" ADELETE="Y" HEIGHT="30">
<TH VALIGN="MIDDLE" WIDTH="80" HEIGHT="23" ACOPYCOL="Y" ADELETECOL="Y" AMOVECOL="N">개최일자</TH>
<TH VALIGN="MIDDLE" WIDTH="232" HEIGHT="23" ACOPYCOL="Y" ADELETECOL="Y" AMOVECOL="N">의안내용</TH>
<TH VALIGN="MIDDLE" WIDTH="86" HEIGHT="23" ACOPYCOL="Y" ADELETECOL="Y" AMOVECOL="N">가결여부</TH>
</TR>
</THEAD>

<TBODY>

<TR ACOPY="Y" ADELETE="Y" HEIGHT="30">
<TD WIDTH="77" HEIGHT="23" ALIGN="CENTER" VALIGN="MIDDLE">-</TD>
<TD WIDTH="91" HEIGHT="23" ALIGN="CENTER" VALIGN="MIDDLE">-</TD>
<TD WIDTH="80" HEIGHT="23" ALIGN="CENTER" VALIGN="MIDDLE">-</TD>
<TD WIDTH="232" HEIGHT="23" ALIGN="CENTER" VALIGN="MIDDLE">-</TD>
<TD WIDTH="86" HEIGHT="23" ALIGN="CENTER" VALIGN="MIDDLE">-</TD>
</TR>
</TBODY>
</TABLE>
<P></P>
</SECTION-3>
</SECTION-2>

<SECTION-2 ACLASS="MANDATORY">
<TITLE ATOC="Y" AASSOCNOTE="D-0-1-2-0" ENG="2. Status of remuneration of outside directors, etc." ATOCID="7">2. 사외이사 등의 보수현황</TITLE>

<TABLE ACLASS="NORMAL" AFIXTABLE="N" WIDTH="609" BORDER="0">

<COLGROUP WIDTH="609">
<COL WIDTH="609"></COL>
</COLGROUP>

<TBODY>

<TR ACOPY="Y" ADELETE="Y" HEIGHT="30">
<TD ALIGN="RIGHT" WIDTH="600" HEIGHT="23">(단위 : 원)</TD>
</TR>
</TBODY>
</TABLE>

<TABLE ACLASS="NORMAL" AFIXTABLE="N" WIDTH="609" BORDER="1">

<COLGROUP WIDTH="609">
<COL WIDTH="78"></COL>
<COL WIDTH="63"></COL>
<COL WIDTH="108"></COL>
<COL WIDTH="78"></COL>
<COL WIDTH="98"></COL>
<COL WIDTH="184"></COL>
</COLGROUP>

<THEAD>

<TR ACOPY="Y" ADELETE="Y" HEIGHT="53">
<TH VALIGN="MIDDLE" WIDTH="69" HEIGHT="46" ACOPYCOL="Y" ADELETECOL="Y" AMOVECOL="N">구 분</TH>
<TH VALIGN="MIDDLE" WIDTH="54" HEIGHT="46" ACOPYCOL="Y" ADELETECOL="Y" AMOVECOL="N">인원수</TH>
<TH VALIGN="MIDDLE" WIDTH="99" HEIGHT="46" ACOPYCOL="Y" ADELETECOL="Y" AMOVECOL="N">주총승인금액</TH>
<TH VALIGN="MIDDLE" WIDTH="69" HEIGHT="46" ACOPYCOL="Y" ADELETECOL="Y" AMOVECOL="N">지급총액</TH>
<TH VALIGN="MIDDLE" WIDTH="89" HEIGHT="46" ACOPYCOL="Y" ADELETECOL="Y" AMOVECOL="N">1인당 평균 지급액</TH>
<TH VALIGN="MIDDLE" WIDTH="175" HEIGHT="46" ACOPYCOL="Y" ADELETECOL="Y" AMOVECOL="N">비 고</TH>
</TR>
</THEAD>

<TBODY>

<TR ACOPY="Y" ADELETE="Y" HEIGHT="30">
<TD WIDTH="69" HEIGHT="23" ALIGN="CENTER" VALIGN="MIDDLE">사외이사</TD>
<TD WIDTH="54" HEIGHT="23" ALIGN="CENTER" VALIGN="MIDDLE">1</TD>
<TD WIDTH="99" HEIGHT="23" ALIGN="CENTER" VALIGN="MIDDLE">10,000,000</TD>
<TD WIDTH="69" HEIGHT="23" ALIGN="CENTER" VALIGN="MIDDLE">-</TD>
<TD WIDTH="89" HEIGHT="23" ALIGN="CENTER" VALIGN="MIDDLE">-</TD>
<TD WIDTH="175" HEIGHT="23" ALIGN="CENTER" VALIGN="MIDDLE">-</TD>
</TR>
</TBODY>
</TABLE>

<P>
<SPAN USERMARK="F-GL11 ">주1) 상기 주총승인금액은 이사의 연간 보수한도입니다.</SPAN>
<SPAN USERMARK="F-GL "></SPAN>
<SPAN USERMARK="F-GL11 ">주2) 사외이사 1인의 급여는 연 600만원이나, 당사 이사의 급여는 합병완료 또는 청산시 일괄 지급할 예정입니다.</SPAN>
</P>
<PGBRK></PGBRK>
</SECTION-2>
</SECTION-1>

<SECTION-1 ACLASS="MANDATORY" APARTSOURCE="SOURCE">
<TITLE ATOC="Y" ENG="II. Matters Related to Transactions with the Largest Shareholder, etc." ATOCID="8">II. 최대주주등과의 거래내역에 관한 사항</TITLE>
<P></P>

<SECTION-2 ACLASS="MANDATORY">
<TITLE ATOC="Y" AASSOCNOTE="D-0-2-1-0" ENG="1.Transactions where a single transaction amount exceeds a specified threshold" ATOCID="9">1. 단일 거래규모가 일정규모이상인 거래</TITLE>

<TABLE ACLASS="NORMAL" AFIXTABLE="N" WIDTH="600" BORDER="0">

<COLGROUP WIDTH="600">
<COL WIDTH="600"></COL>
</COLGROUP>

<TBODY>

<TR ACOPY="Y" ADELETE="Y" HEIGHT="30">
<TD ALIGN="RIGHT" WIDTH="591" HEIGHT="23">(단위 : 억원)</TD>
</TR>
</TBODY>
</TABLE>

<TABLE ACLASS="NORMAL" AFIXTABLE="N" WIDTH="600" BORDER="1">

<COLGROUP WIDTH="600">
<COL WIDTH="120"></COL>
<COL WIDTH="120"></COL>
<COL WIDTH="120"></COL>
<COL WIDTH="120"></COL>
<COL WIDTH="120"></COL>
</COLGROUP>

<THEAD>

<TR ACOPY="Y" ADELETE="Y" HEIGHT="53">
<TH VALIGN="MIDDLE" WIDTH="111" HEIGHT="46" ACOPYCOL="Y" ADELETECOL="Y" AMOVECOL="N">거래종류</TH>
<TH VALIGN="MIDDLE" WIDTH="111" HEIGHT="46" ACOPYCOL="Y" ADELETECOL="Y" AMOVECOL="N">거래상대방(회사와의 관계)</TH>
<TH VALIGN="MIDDLE" WIDTH="111" HEIGHT="46" ACOPYCOL="Y" ADELETECOL="Y" AMOVECOL="N">거래기간</TH>
<TH VALIGN="MIDDLE" WIDTH="111" HEIGHT="46" ACOPYCOL="Y" ADELETECOL="Y" AMOVECOL="N">거래금액</TH>
<TH VALIGN="MIDDLE" WIDTH="111" HEIGHT="46" ACOPYCOL="Y" ADELETECOL="Y" AMOVECOL="N">비율(%)</TH>
</TR>
</THEAD>

<TBODY>

<TR ACOPY="Y" ADELETE="Y" HEIGHT="30">
<TD WIDTH="111" HEIGHT="23" ALIGN="CENTER" VALIGN="MIDDLE">-</TD>
<TD WIDTH="111" HEIGHT="23" ALIGN="CENTER" VALIGN="MIDDLE">-</TD>
<TD WIDTH="111" HEIGHT="23" ALIGN="CENTER" VALIGN="MIDDLE">-</TD>
<TD WIDTH="111" HEIGHT="23" ALIGN="CENTER" VALIGN="MIDDLE">-</TD>
<TD WIDTH="111" HEIGHT="23" ALIGN="CENTER" VALIGN="MIDDLE">-</TD>
</TR>
</TBODY>
</TABLE>
<P></P>
</SECTION-2>

<SECTION-2 ACLASS="MANDATORY">
<TITLE ATOC="Y" AASSOCNOTE="D-0-2-2-0" ENG="2. Transactions where the total transaction amount, including the transaction with a specific person, exceeds a specified threshold during the relevant fiscal year" ATOCID="10">2. 해당 사업연도중에 특정인과 해당 거래를 포함한 거래총액이 일정규모이상인 거래</TITLE>

<TABLE ACLASS="NORMAL" AFIXTABLE="N" WIDTH="600" BORDER="0">

<COLGROUP WIDTH="600">
<COL WIDTH="600"></COL>
</COLGROUP>

<TBODY>

<TR ACOPY="Y" ADELETE="Y" HEIGHT="30">
<TD ALIGN="RIGHT" WIDTH="591" HEIGHT="23">(단위 : 억원)</TD>
</TR>
</TBODY>
</TABLE>

<TABLE ACLASS="NORMAL" AFIXTABLE="N" WIDTH="600" BORDER="1">

<COLGROUP WIDTH="600">
<COL WIDTH="120"></COL>
<COL WIDTH="120"></COL>
<COL WIDTH="120"></COL>
<COL WIDTH="120"></COL>
<COL WIDTH="120"></COL>
</COLGROUP>

<THEAD>

<TR ACOPY="Y" ADELETE="Y" HEIGHT="53">
<TH VALIGN="MIDDLE" WIDTH="111" HEIGHT="46" ACOPYCOL="Y" ADELETECOL="Y" AMOVECOL="N">거래상대방(회사와의 관계)</TH>
<TH VALIGN="MIDDLE" WIDTH="111" HEIGHT="46" ACOPYCOL="Y" ADELETECOL="Y" AMOVECOL="N">거래종류</TH>
<TH VALIGN="MIDDLE" WIDTH="111" HEIGHT="46" ACOPYCOL="Y" ADELETECOL="Y" AMOVECOL="N">거래기간</TH>
<TH VALIGN="MIDDLE" WIDTH="111" HEIGHT="46" ACOPYCOL="Y" ADELETECOL="Y" AMOVECOL="N">거래금액</TH>
<TH VALIGN="MIDDLE" WIDTH="111" HEIGHT="46" ACOPYCOL="Y" ADELETECOL="Y" AMOVECOL="N">비율(%)</TH>
</TR>
</THEAD>

<TBODY>

<TR ACOPY="Y" ADELETE="Y" HEIGHT="30">
<TD WIDTH="111" HEIGHT="23" ALIGN="CENTER" VALIGN="MIDDLE">-</TD>
<TD WIDTH="111" HEIGHT="23" ALIGN="CENTER" VALIGN="MIDDLE">-</TD>
<TD WIDTH="111" HEIGHT="23" ALIGN="CENTER" VALIGN="MIDDLE">-</TD>
<TD WIDTH="111" HEIGHT="23" ALIGN="CENTER" VALIGN="MIDDLE">-</TD>
<TD WIDTH="111" HEIGHT="23" ALIGN="CENTER" VALIGN="MIDDLE">-</TD>
</TR>
</TBODY>
</TABLE>
<P></P>
<PGBRK></PGBRK>
</SECTION-2>
</SECTION-1>

<SECTION-1 ACLASS="MANDATORY" APARTSOURCE="SOURCE">
<TITLE ATOC="Y" ENG="III. Management Reference Matters" ATOCID="11">III. 경영참고사항</TITLE>
<P></P>

<SECTION-2 ACLASS="MANDATORY">
<TITLE ATOC="Y" ENG="1. Business overview" ATOCID="12">1. 사업의 개요</TITLE>

<SECTION-3 ACLASS="MANDATORY">
<TITLE ATOC="Y" AASSOCNOTE="D-0-3-1-1" ENG="A. Current status of the industry" ATOCID="13">가. 업계의 현황</TITLE>
<P>SPAC(Special Purpose Acquisition Company)은 공모(IPO)를 통해 조달한 자금을 바탕으로 다른 기업과 합병하는 것을 유일한 목적으로 하는 명목회사 (Paper Company)입니다.</P>
</SECTION-3>

<SECTION-3 ACLASS="MANDATORY">
<TITLE ATOC="Y" AASSOCNOTE="D-0-3-1-2" ENG="B. Current status of the company" ATOCID="14">나. 회사의 현황</TITLE>
<P></P>

<P>(가) 높은 투자 안정성- 공모자금의 90% 이상을 별도 예치하고 3년내 합병에 실패할 경우 반환- 예치금은 인출, 담보제공 금지(나) 높은 환금과 유동성- 상장 후 장내 매도가능- 합병 반대시 주식매수청구권 행사 가능(다) 일반투자자에게 M&A 투자기회 제공- 개인도 SPAC 주식 취득으로 M&A 투자 참여 가능- 주주총회에서 일반주주가 합병을 결정(공모전 주주는 의결권 행사 제한)(라) 우량기업에 대규모 자금 조달- 우량기업과의 합병을 통해 상장과 유상증자를 동시에 하는 효과
<SPAN USERMARK="B">(2) SPAC의 구조</SPAN>
</P>
<P>(가) 일반적으로 SPAC은 법인설립, IPO 및 상장, M&A라는 3단계 사이클을 통해 그목적을 달성하게 됩니다.(나) 설립단계에서는 소수의 발기인에 의해 SPAC 법인설립 작업이 이루어집니다. SPAC은 주식회사이므로 주식회사의 설립절차를 따르며, 발기인은 설립 당시에 발행되는 주식을 인수합니다.</P>
<P>(다) 다음으로 SPAC은 설립 후 상장을 위하여 IPO를 실시하는데, 이 때 가장 중요한특징 중의 하나가 공모자금의 별도 예치입니다. SPAC은 일반주주에게 투자원금 수준의 금액을 보장해주기 위하여 공모자금의 90% 이상을 금융기관에 예치하여 인출을 제한하고 있습니다.</P>
<P>(라) IPO가 완료되면 SPAC은 그 발행 주권을 거래소에 상장하게 됩니다. 상장을 위해서는 거래소가 요구하는 상장요건을 충족해야 하며, 일반적으로 M&A 외에 다른 사업목적을 가지고 있지 않은 SPAC의 특성을 반영하여 상장특례를 인정하고 있습니다.</P>

<P>(마) SPAC의 경영진은 상장 후 M&A를 하기 위해 대상기업을 탐색합니다. 대상기업의 가치는 의무예치금액의 80% 이상이 되어야 하고, 발기인과 이해관계가 있는 회사는 대상기업이 될 수 없습니다. 대상기업이 결정되면 M&A를 최종적으로 결정하기 위한 주주총회가 개최되는데, 이 때 발기인은 의결권 행사가 제한되므로 전적으로 일반주주의 의사에 따라 M&A에 대한 결정이 내려집니다.(바) 주주총회에서 M&A를 승인하면 대상기업은 거래소의 상장적격성 심사를 거쳐 상장기업의 지위를 얻게 되며, 반면, 일정한 기한 내에 M&A를 완료하지 못하는 경우에는 의무예치금액을 일반주주에게 반환하는 등 SPAC의 청산절차가 진행됩니다.
<SPAN USERMARK="B">(3) SPAC의 특징</SPAN>
</P>
<P>(가) 경기 침체기의 자본시장 활성화</P>
<P>경기 침체로 인하여 IPO 시장이 위축되었을 때 유망 비상장 기업의 자금 조달을 가능케 하며, 차입금융을 활용하는 PEF의 활동이 상대적으로 위축되었을 때 대규모 공모 자금을 바탕으로 우량 기업을 인수하는 노력을 계속함으로써 M&A 시장을 활성화할 수 있습니다.</P>
<P></P>
<P>(나) 주식시장 참여자에 대한 효용 극대화</P>
<P>일반 투자자들은 SPAC 투자를 통하여 투자의 안전성, 전문성, 투자 회수의 편의성을 보장받을 수 있고, SPAC은 국내 IB가 단순한 중개업무(brokerage) 중심에서 IPO, M&A, PI 등 다양한 IB 업무로 수익 구조를 다변화시킬 수 있는 수익 기반을 제공할 수 있습니다. 비상장 기업은 SPAC의 대상 기업으로서 상장의 편의를 제공받을 수 있으며 IPO시장의 침체기에도 상시적으로 상장 기회가 열려 있다는 점에서 혜택을 누릴 수 있습니다.</P>
<P>(다) 우회 상장의 건전화</P>
<P></P>
<P>SPAC 투자는 전문화, 대형화, 기관화 등의 특성을 갖추고 전문가 그룹이 투자 수익 극대화를 위해 우량 비상장사 기업을 발굴하여 상장시킨다는 점에서 우회 상장을 건전화시키는 정책 수단으로 활용이 가능하고 국내 자본시장의 여건상 우회 상장이 불가피하게 발생하고 있는 것이라면 이를 규제를 통해 억제만 하기 보다는 시장 원리에따라 건전화시키는 것이 바람직합니다.</P>
<P></P>
<P>(라) 자본시장의 국제경쟁력 강화국내에 상장된 SPAC을 통해 해외 기관투자자들의 투자를 유치할 수 있습니다. 오늘날 전 세계적 자본의 흐름은 지리적 근접성보다는 투자의 수익성, 안전성, 편의성에 따라 움직이기 때문에 각국 거래소간 경쟁은 불가피하며, 이에 SPAC과 같은 투자자보호 장치와 투자의 편의를 제공하는 금융 상품이 많을수록 거래소의 국제 경쟁력이 높아지게 됩니다.(마) 금융자본의 선순환 촉진SPAC이 유망 비상장 기업을 발굴하여 동 기업이 주식시장에서 자금을 조달 받게 함으로써 금융 부문의 유동성을 실물경제 부문에 공급하는 작용을 활성화시키고 금융과 실물경제의 시너지 효과를 높일 수 있습니다.</P>

<P>
<SPAN USERMARK="B">(4) 관련 법령 또는 정부의 규제</SPAN>
</P>
<P>SPAC은 자본시장과 금융투자업에 관한 법률 시행령 제6조 4항 제14호에 따라 다음과 같은 사항을 준수하여야 합니다.</P>
<P>(가) 공모금액의 100분의 90 이상을 신탁기관 등에 예치 또는 신탁할 것</P>
<P>(나) 예치 또는 신탁한 금전을 다른 법인과의 합병등기가 완료되기 전에 인출하거나 담보로 제공하지 않을 것</P>
<P>(다) 발기인 중 1인 이상은 자기자본 1,000억원 이상의 지분증권 투자매매업자일 것</P>
<P>(라) 공모주식은 공모 후 90일 이내에 그 주권을 증권시장에 상장할 것</P>
<P>(마) 공모 후 36개월 이내에 다른 법인과의 합병등기를 완료할 것</P>
<P></P>
<P USERMARK="F-14  0XFF0000 A-L">나. 회사의 현황</P>
<P></P>
<P>2025년 08월 25일 코스닥시장 상장규정 제72조 제2항 5호에 따라 관리종목으로 지정되었으며, 이후 코스닥시장 상장규정 제73조 제2항 5호에 의거 2025년 10월 14일부로 코스닥시장에서 상장폐지되었습니다. 당사는  2025년 10월 14일부로 상장폐지되어 2025년 10월 14일 공시된 주요사항보고(해산사유발생)내용에 따라 청산절차를 진행할 예정입니다.</P>
<P></P>
</SECTION-3>
</SECTION-2>

<SECTION-2 ACLASS="MANDATORY">
<TITLE ATOC="Y" ENG="2. Description by purpose of the general shareholders’ meeting" ATOCID="15">2. 주주총회 목적사항별 기재사항</TITLE>

<LIBRARY>
<SECTION-3 ACLASS="MANDATORY">
<TITLE ATOC="Y" AASSOCNOTE="L0-0-2-20-0" ENG="□ Other purposes of the general shareholders’ meeting" ATOCID="21">□ 기타 주주총회의 목적사항</TITLE>
<P></P>
<P USERMARK="B">가. 의안 제목</P>
<P>청산결산보고서 승인의 건 </P>
<P></P>
<P USERMARK="B">나. 의안의 요지</P>
<P>당사의 청산을 보고하고 회사의 청산절차를 마무리하고자 함.</P>
<P></P>
</SECTION-3>
</LIBRARY>

<PGBRK></PGBRK>
</SECTION-2>
</SECTION-1>

<SECTION-1 ACLASS="MANDATORY" APARTSOURCE="SOURCE">
<TITLE ATOC="Y" AASSOCNOTE="D-4-0-0-0" ENG="IV. Attachment of Annual Report and Audit Report" ATOCID="16">IV. 사업보고서 및 감사보고서 첨부</TITLE>
<P></P>

<SECTION-2 ACLASS="MANDATORY">
<TITLE ATOC="Y" AASSOCNOTE="D-4-1-0-0" ENG="A. Submission overview" ATOCID="17">가. 제출 개요</TITLE>

<TABLE-GROUP ACLASS="RPT_SUB" ADELETETABLE="N">

<TABLE ACLASS="EXTRACTION" WIDTH="600" BORDER="1">

<COLGROUP WIDTH="600">
<COL WIDTH="177"></COL>
<COL WIDTH="423"></COL>
</COLGROUP>

<THEAD>

<TR ACOPY="N" ADELETE="N" HEIGHT="30">
<TH WIDTH="168" HEIGHT="23" ACOPYCOL="N" ADELETECOL="N" AMOVECOL="N" AUPDATECONT="N" ENG="Submission (scheduled) date">제출(예정)일</TH>
<TH WIDTH="414" HEIGHT="23" ACOPYCOL="N" ADELETECOL="N" AMOVECOL="N" AUPDATECONT="N" ENG="Method of notification such as annual reports, etc.">사업보고서 등 통지 등 방식</TH>
</TR>
</THEAD>

<TBODY>

<TR ACOPY="N" ADELETE="N" HEIGHT="30">
<TU ALIGN="CENTER" WIDTH="168" HEIGHT="23" AUNIT="SUB_DT" AUNITVALUE="-">-</TU>
<TU ALIGN="CENTER" WIDTH="414" HEIGHT="23" AUNIT="NTC_TYPE" AUNITVALUE="-" ENG="-">-</TU>
</TR>
</TBODY>
</TABLE>
</TABLE-GROUP>
<P></P>
</SECTION-2>

<SECTION-2 ACLASS="MANDATORY">
<TITLE ATOC="Y" AASSOCNOTE="D-4-2-0-0" ENG="B. Attachment of annual report and audit report" ATOCID="18">나. 사업보고서 및 감사보고서 첨부</TITLE>
<P></P>
<P>해당사항 없습니다. (자본시장법 및 금융투자업규정 등 법률에 의한 해산사유 발생)</P>
<PGBRK></PGBRK>
</SECTION-2>
</SECTION-1>

<SECTION-1 ACLASS="MANDATORY" APARTSOURCE="SOURCE">
<TITLE ATOC="Y" AASSOCNOTE="D-5-0-0-0" ENG="※ Notes" ATOCID="19">※ 참고사항</TITLE>

<TABLE-GROUP ACLASS="NOTED_ITEMS" ADELETETABLE="N">

<TABLE ACLASS="EXTRACTION" AFIXTABLE="Y" WIDTH="600" BORDER="1">

<COLGROUP WIDTH="600">
<COL WIDTH="600"></COL>
</COLGROUP>

<TBODY>

<TR ACOPY="N" ADELETE="N" HEIGHT="76">
<TE VALIGN="MIDDLE" WIDTH="591" HEIGHT="69" ACODE="NOTE_ITEM" USERMARK="0X414142">주주총회 참석시, 본인의 경우에는 신분증(주민등록증/운전면허증/여권)을, 대리인의 경우에는 위임장(위임인의 인감날인), 대리인 신분증을 반드시 지참해 주시기 바랍니다. 상기 서류 미비한 경우 주주총회 참석이 거부될 수 있습니다.</TE>
</TR>
</TBODY>
</TABLE>
</TABLE-GROUP>
</SECTION-1>
</BODY>
</DOCUMENT>