<html>
 <head> 
  <meta content="gdi" http-equiv="X-UA-TextLayoutMetrics"> 
  <meta content="text/html; charset=euc-kr" http-equiv="Content-Type"> 
  <STYLE>
.xforms * { font-family: 돋움체;}
.xforms_title * { font-size: 13pt; padding : 0 0 10 0;}

.xforms table {
    font-size: 10px;
    padding:0px;
    border-collapse:collapse;
    color: #3D3D3D;
}
.xforms td {
    padding-left:0px;
    padding-top:0px;
    border-collapse:collapse;
    line-height:22px;
    color: #3D3D3D;
    /*text-align:right;*/
    vertical-align:middle;
    border: 1px solid #7f7f7f;
}

.xforms span {
    /*display: inline-block;*/
    padding-left:3px;
    padding-right: 1px;
    line-height:22px;
    padding-top:0px;
    padding-bottom:0px;
    text-align:left;
    vertical-align:middle;
    border: 0px solid #DBDBDB;
}

.xforms.img{
    border : 0px;
}

.xforms a:link {

    color: #194866;
    text-decoration: none;
}
.xforms a:active {

    color: #194866;
    text-decoration: none;
}
.xforms a:visited {
    color: #194866;
    text-decoration: none;
}

.xforms A:hover {
    color:008BE3;
    text-decoration: none;
}

.xforms_input{
    border: 0px solid #DBDBDB;
    padding-left:3px;
    padding-right: 1px;
    height:22px;
    padding-top:0px;
    padding-bottom:0px;
    text-align:left;
}
</STYLE> 
  <title>코스닥시장/기타시장안내(금일 NXT 경쟁매매 대상 종목 지정으로 인한 KRX 시간외단일가매매 제외 종목 안내(코스닥시장))/(2026.01.06)기타시장안내(금일 NXT 경쟁매매 대상 종목 지정으로 인한 KRX 시간외단일가매매 제외 종목 안내(코스닥시장))</title> 
 </head> 
 <body> 
  <div class="xforms"> 
   <div> 
    <span class="noprint" style="display:none;width:600px;font-size:10pt;"> </span> 
    <div class="xforms_title"> 
     <div> 
      <span style="width:598px;font-weight:bold;text-align:center;">기타시장안내(금일 NXT 경쟁매매 대상 종목 지정으로 인한 KRX 시간외단일가매매 제외 종목 안내(코스닥시장))</span> 
     </div> 
    </div> 
    <table border="1" bordercolordark="white" bordercolorlight="#666666" cellpadding="1" cellspacing="0" id="XFormD1_Form0_Table0" style="margin:0px 0px 20px 0px;width:600px;font-size:10pt;border:1px solid #7f7f7f;"> 
     <tbody> 
      <tr> 
       <td width="600"> <span class="xforms_input" style="width:600px;font-size:10pt;">&lt;금일 NXT 경쟁매매 대상 종목 지정으로 인한 KRX 시간외단일가매매 제외 종목 안내(코스닥시장)&gt; <br xmlns:java="http://xml.apache.org/xalan/java"> <br xmlns:java="http://xml.apache.org/xalan/java">코스닥시장업무규정에 따라 금일 다자간매매체결회사(NXT)에서 경쟁매매 대상으로 지정된 종목은 금일 KRX 시간외단일가매매 거래대상 종목에서 제외됨을 알려드립니다. (첨부 참조) <br xmlns:java="http://xml.apache.org/xalan/java"> <br xmlns:java="http://xml.apache.org/xalan/java">
         <!--?javax.xml.transform.disable-output-escaping?--> 
         <!--?javax.xml.transform.enable-output-escaping?--> ※ 단, 시간외종가매매, 시간외대량/바스켓매매의 경우 다자간매매체결회사(NXT) 거래여부와 무관하게 모두 거래 가능 <br xmlns:java="http://xml.apache.org/xalan/java"> <br xmlns:java="http://xml.apache.org/xalan/java">
         <!--?javax.xml.transform.disable-output-escaping?--> 
         <!--?javax.xml.transform.enable-output-escaping?--> ※ 다자간매매체결회사(NXT) 거래종목 외에도 금일 정규시장의 매매거래시간 중 매매거래가 성립하지 아니한 종목 및 거래정지 종목 등의 경우 시간외단일가매매 거래대상에서 제외됩니다. <br xmlns:java="http://xml.apache.org/xalan/java"> <br xmlns:java="http://xml.apache.org/xalan/java"> <br xmlns:java="http://xml.apache.org/xalan/java">1) 시행일 : 2026.01.06(화) <br xmlns:java="http://xml.apache.org/xalan/java">2) 근거규정 : 코스닥시장업무규정 제21조의3 및 같은 규정 시행세칙 제25조의2</span> </td> 
      </tr> 
     </tbody> 
    </table> 
   </div> 
  </div>  
 </body>
</html>