<?xml version="1.0" encoding="utf-8"?>


<DOCUMENT xmlns:xsi="http://www.w3.org/2001/XMLSchema-instance" xsi:noNamespaceSchemaLocation="dart4.xsd">

<DOCUMENT-NAME ACODE="10820">증권발행실적보고서(집합투자증권)</DOCUMENT-NAME>
<FORMULA-VERSION ADATE="20160121">6.0</FORMULA-VERSION>
<COMPANY-NAME AREGCIK="00104500">KB자산운용</COMPANY-NAME>


<BODY ATOCID="7">

<COVER>
<COVER-TITLE ATOC="Y" AASSOCNOTE="COVER" ATOCID="1" ENG="Post-Issuance Report">증권발행실적보고서</COVER-TITLE>

<TABLE ACLASS="NORMAL" AFIXTABLE="N" WIDTH="600" BORDER="0">

<COLGROUP WIDTH="600">
<COL WIDTH="161"></COL>
<COL WIDTH="439"></COL>
</COLGROUP>

<TBODY>

<TR ACOPY="Y" ADELETE="Y" HEIGHT="30">
<TD COLSPAN="2" ALIGN="CENTER" VALIGN="MIDDLE" WIDTH="591" HEIGHT="23">[집합투자증권]</TD>
</TR>

<TR ACOPY="Y" ADELETE="Y" HEIGHT="76">
<TD COLSPAN="2" VALIGN="MIDDLE" WIDTH="591" HEIGHT="69"></TD>
</TR>

<TR ACOPY="Y" ADELETE="Y" HEIGHT="30">
<TD VALIGN="MIDDLE" WIDTH="152" HEIGHT="23">금융감독원장 귀하</TD>
<TD ALIGN="RIGHT" VALIGN="MIDDLE" WIDTH="430" HEIGHT="23">2025년 1월 6일</TD>
</TR>

<TR ACOPY="Y" ADELETE="Y" HEIGHT="30">
<TD VALIGN="MIDDLE" WIDTH="152" HEIGHT="23"></TD>
<TD ALIGN="RIGHT" VALIGN="MIDDLE" WIDTH="430" HEIGHT="23"></TD>
</TR>
</TBODY>
</TABLE>

<TABLE-GROUP ACLASS="_FUND_MAIN_" ADELETETABLE="N">

<TABLE ACLASS="EXTRACTION" AFIXTABLE="Y" WIDTH="600" BORDER="0">

<COLGROUP WIDTH="600">
<COL WIDTH="161"></COL>
<COL WIDTH="248"></COL>
<COL WIDTH="86"></COL>
<COL WIDTH="77"></COL>
<COL WIDTH="28"></COL>
</COLGROUP>

<TBODY>

<TR ACOPY="Y" ADELETE="Y" HEIGHT="53">
<TD VALIGN="MIDDLE" WIDTH="152" HEIGHT="46" AUPDATECONT="N" ENG="Name of the collective investment scheme:">집합투자기구 명칭 :</TD>

<TE VALIGN="MIDDLE" WIDTH="239" HEIGHT="46" ACODE="FUND_NAME">
<SPAN>KB RISE </SPAN>중국본토 대형주 CSI100 증권 상장지수 자투자신탁(주식)
</TE>
<TD VALIGN="MIDDLE" WIDTH="77" HEIGHT="46" AUPDATECONT="N" ENG="(Fund code:">(펀드코드 :</TD>
<TE ALIGN="CENTER" VALIGN="MIDDLE" WIDTH="68" HEIGHT="46" ACODE="FUND_CODE">AI253</TE>
<TD VALIGN="MIDDLE" WIDTH="19" HEIGHT="46" AUPDATECONT="N">)</TD>
</TR>

<TR ACOPY="Y" ADELETE="Y" HEIGHT="30">
<TD COLSPAN="5" WIDTH="591" HEIGHT="23"></TD>
</TR>
</TBODY>
</TABLE>
</TABLE-GROUP>

<TABLE ACLASS="NORMAL" AFIXTABLE="N" WIDTH="600" BORDER="0">

<COLGROUP WIDTH="600">
<COL WIDTH="161"></COL>
<COL WIDTH="439"></COL>
</COLGROUP>

<TBODY>

<TR ACOPY="Y" ADELETE="Y" HEIGHT="30">
<TD CLASS="NORMAL" WIDTH="152" HEIGHT="23">집합투자업자 명칭 :</TD>
<TD CLASS="NORMAL" WIDTH="430" HEIGHT="23">KB자산운용주식회사</TD>
</TR>

<TR ACOPY="Y" ADELETE="Y" HEIGHT="30">
<TD CLASS="NORMAL" WIDTH="152" HEIGHT="23"></TD>
<TD CLASS="NORMAL" WIDTH="430" HEIGHT="23"></TD>
</TR>

<TR ACOPY="Y" ADELETE="Y" HEIGHT="30">
<TD CLASS="NORMAL" WIDTH="152" HEIGHT="23">연        락       처 :</TD>
<TD CLASS="NORMAL" WIDTH="430" HEIGHT="23">서울시 영등포구 국제금융로 10</TD>
</TR>

<TR ACOPY="Y" ADELETE="Y" HEIGHT="30">
<TD CLASS="NORMAL" WIDTH="152" HEIGHT="23"></TD>
<TD CLASS="NORMAL" WIDTH="430" HEIGHT="23">(전  화) 02-2167-8200</TD>
</TR>

<TR ACOPY="Y" ADELETE="Y" HEIGHT="30">
<TD CLASS="NORMAL" WIDTH="152" HEIGHT="23"></TD>
<TD CLASS="NORMAL" WIDTH="430" HEIGHT="23">(홈페이지) www.kbam.co.kr</TD>
</TR>

<TR ACOPY="Y" ADELETE="Y" HEIGHT="30">
<TD CLASS="NORMAL" WIDTH="152" HEIGHT="23"></TD>
<TD CLASS="NORMAL" WIDTH="430" HEIGHT="23"></TD>
</TR>

<TR ACOPY="Y" ADELETE="Y" HEIGHT="30">
<TD CLASS="NORMAL" WIDTH="152" HEIGHT="23">작  성  책  임  자 :</TD>
<TD CLASS="NORMAL" WIDTH="430" HEIGHT="23">(직   책) 운용지원본부장           (성   명) 강찬희</TD>
</TR>

<TR ACOPY="Y" ADELETE="Y" HEIGHT="30">
<TD CLASS="NORMAL" WIDTH="152" HEIGHT="23"></TD>
<TD CLASS="NORMAL" WIDTH="430" HEIGHT="23">(전   화) 02-2167-8363</TD>
</TR>

<TR ACOPY="Y" ADELETE="Y" HEIGHT="53">
<TD CLASS="NORMAL" WIDTH="152" HEIGHT="46"></TD>
<TD CLASS="NORMAL" WIDTH="430" HEIGHT="46"></TD>
</TR>

<TR ACOPY="Y" ADELETE="Y" HEIGHT="30">

<TD CLASS="NORMAL" COLSPAN="2" ALIGN="RIGHT" WIDTH="591" HEIGHT="23">
<SPAN>2025년 1월 6일</SPAN>
</TD>
</TR>

<TR ACOPY="Y" ADELETE="Y" HEIGHT="76">

<TD CLASS="NORMAL" COLSPAN="2" ALIGN="RIGHT" WIDTH="591" HEIGHT="69">(집합투자기구 명칭)
<SPAN>KB RISE 중국본토 대형주 CSI100 증권 상장지수 자투자신탁(주식)</SPAN>
</TD>
</TR>

<TR ACOPY="Y" ADELETE="Y" HEIGHT="53">
<TD CLASS="NORMAL" COLSPAN="2" ALIGN="RIGHT" WIDTH="591" HEIGHT="46">자산운용회사 대표이사 김영성 (인)</TD>
</TR>
</TBODY>
</TABLE>
<PGBRK></PGBRK>

<IMAGE>
<IMG WIDTH="539" HEIGHT="757" ALIGN="CENTER" HSPACE="0">1.jpg</IMG>
<IMG-CAPTION ATOC="N">1</IMG-CAPTION>
</IMAGE>
</COVER>

<SECTION-1 ACLASS="MANDATORY" APARTSOURCE="SOURCE">

<SECTION-2 ACLASS="MANDATORY">
<TITLE ATOC="Y" AASSOCNOTE="D-0-0-1-0" ATOCID="2" ENG="1. Name of the collective investment scheme">1. 집합투자기구의 명칭</TITLE>

<TABLE ACLASS="NORMAL" AFIXTABLE="N" BORDER="1" WIDTH="580">

<COLGROUP WIDTH="580">
<COL WIDTH="386"></COL>
<COL WIDTH="194"></COL>
</COLGROUP>

<TBODY>

<TR ACOPY="Y" ADELETE="Y" HEIGHT="30">
<TD WIDTH="377" HEIGHT="23" ALIGN="CENTER" VALIGN="MIDDLE">집합투자기구 명칭(종류형 명칭) </TD>
<TD WIDTH="185" HEIGHT="23" ALIGN="CENTER" VALIGN="MIDDLE">한국금융투자협회 펀드코드</TD>
</TR>

<TR ACOPY="Y" ADELETE="Y" HEIGHT="53">
<TD WIDTH="377" HEIGHT="46" ALIGN="CENTER" VALIGN="MIDDLE">KB RISE 중국본토 대형주 CSI100 증권 상장지수 자투자신탁(주식)</TD>
<TD WIDTH="185" HEIGHT="46" ALIGN="CENTER" VALIGN="MIDDLE">AI253</TD>
</TR>
</TBODY>
</TABLE>
</SECTION-2>

<SECTION-2 ACLASS="MANDATORY">
<TITLE ATOC="Y" AASSOCNOTE="D-0-0-2-0" ATOCID="3" ENG="2. Type and form of the collective investment scheme">2. 집합투자기구의 종류 및 형태</TITLE>
<P>가. 형태별 종류: 투자신탁나. 운용자산별 종류: 증권(주식형)다. 개방형·폐쇄형 구분: 개방형(환매가 가능한 투자신탁)라. 추가형·단위형 구분: 추가형(추가로 자금 납입이 가능한 투자신탁)마. 특수형태 표시:  (1) 모자형(모투자신탁이 발행하는 집합투자증권을 자투자신탁이 취득하는 구조의 투자신탁) (2) 상장지수투자신탁(또는 “ETF”라고 함)(1좌당 순자산가치의 변동률을 추적대상지수의 변동률과 유사하도록 투자신탁재산을 운용하며, 증권시장에 상장되어 거래되는 투자신탁)</P>
</SECTION-2>

<SECTION-2 ACLASS="MANDATORY">
<TITLE ATOC="Y" AASSOCNOTE="D-0-0-3-0" ATOCID="4" ENG="3. Matters related to the issuance of collective investment securities">3. 집합투자증권 발행에 관한 사항</TITLE>
<P USERMARK="B P16">가. 집합투자증권 발행 내역</P>

<LIBRARY>
<TABLE-GROUP ACLASS="ACC_ADD" ADELETETABLE="N">

<TABLE ACLASS="EXTRACTION" WIDTH="600" BORDER="1" AFIXTABLE="Y">

<COLGROUP WIDTH="600">
<COL WIDTH="87"></COL>
<COL WIDTH="158"></COL>
<COL WIDTH="178"></COL>
<COL WIDTH="177"></COL>
</COLGROUP>

<THEAD>

<TR ACOPY="N" ADELETE="N" HEIGHT="53">
<TH COLSPAN="2" VALIGN="MIDDLE" WIDTH="236" HEIGHT="46" ACOPYCOL="N" ADELETECOL="N" AMOVECOL="N" AUPDATECONT="N" ENG="Category">구 분</TH>
<TH VALIGN="MIDDLE" WIDTH="169" HEIGHT="46" ACOPYCOL="N" ADELETECOL="N" AMOVECOL="N" AUPDATECONT="N" ENG="Number of units/amount">좌수/금액</TH>
<TH VALIGN="MIDDLE" WIDTH="168" HEIGHT="46" ACOPYCOL="N" ADELETECOL="N" AMOVECOL="N" AUPDATECONT="N" ENG="Note (Amount subject to issuance contribution)">비 고(발행분담금 대상금액)</TH>
</TR>
</THEAD>

<TBODY>

<TR ACOPY="N" ADELETE="N" HEIGHT="30">
<TD ROWSPAN="3" VALIGN="MIDDLE" WIDTH="78" HEIGHT="83" AUPDATECONT="N" ALIGN="CENTER" ENG="Number of units">좌수</TD>
<TD ALIGN="CENTER" VALIGN="MIDDLE" WIDTH="149" HEIGHT="23" AUPDATECONT="N" ENG="Number of units established">설정 좌수 </TD>
<TE WIDTH="169" HEIGHT="23" ACODE="CNT_STUP" VALIGN="MIDDLE" ALIGN="RIGHT" USERMARK="F-10 ">100,000 </TE>
<TD WIDTH="168" HEIGHT="23" VALIGN="MIDDLE">　</TD>
</TR>

<TR ACOPY="N" ADELETE="N" HEIGHT="30">
<TD ALIGN="CENTER" VALIGN="MIDDLE" WIDTH="149" HEIGHT="23" AUPDATECONT="N" ENG="Number of cancelled units">해지 좌수 </TD>
<TE WIDTH="169" HEIGHT="23" ACODE="CNT_CLS" VALIGN="MIDDLE" ALIGN="RIGHT" USERMARK="F-10 ">1,000,000 </TE>
<TD WIDTH="168" HEIGHT="23" VALIGN="MIDDLE">　</TD>
</TR>

<TR ACOPY="N" ADELETE="N" HEIGHT="30">
<TD ALIGN="CENTER" VALIGN="MIDDLE" WIDTH="149" HEIGHT="23" AUPDATECONT="N" ENG="Increased or decreased">증 감 </TD>
<TE WIDTH="169" HEIGHT="23" ACODE="CNT_MRGN" VALIGN="MIDDLE" ALIGN="RIGHT" USERMARK="F-10 ">-900,000 </TE>
<TD WIDTH="168" HEIGHT="23" VALIGN="MIDDLE">　</TD>
</TR>

<TR ACOPY="N" ADELETE="N" HEIGHT="30">
<TD ROWSPAN="4" VALIGN="MIDDLE" WIDTH="78" HEIGHT="136" AUPDATECONT="N" ALIGN="CENTER" ENG="Amount">금액</TD>
<TD ALIGN="CENTER" VALIGN="MIDDLE" WIDTH="149" HEIGHT="23" AUPDATECONT="N" ENG="Amount established">설정 금액 </TD>
<TE WIDTH="169" HEIGHT="23" ACODE="ACC_STUP" VALIGN="MIDDLE" ALIGN="RIGHT" USERMARK="F-10 ">1,949,680,079 </TE>
<TE WIDTH="168" HEIGHT="23" ACODE="ACC_RMRK1" VALIGN="MIDDLE" ALIGN="RIGHT" USERMARK="F-10 ">1,949,680,079 </TE>
</TR>

<TR ACOPY="N" ADELETE="N" HEIGHT="30">
<TD ALIGN="CENTER" VALIGN="MIDDLE" WIDTH="149" HEIGHT="23" AUPDATECONT="N" ENG="Cancellation amount">해지 금액 </TD>
<TE WIDTH="169" HEIGHT="23" ACODE="ACC_CLS" VALIGN="MIDDLE" ALIGN="RIGHT" USERMARK="F-10 ">21,156,621,487 </TE>
<TE WIDTH="168" HEIGHT="23" ACODE="ACC_RMRK2" VALIGN="MIDDLE" ALIGN="RIGHT" USERMARK="F-10 ">21,156,621,487 </TE>
</TR>

<TR ACOPY="N" ADELETE="N" HEIGHT="53">
<TD ALIGN="CENTER" VALIGN="MIDDLE" WIDTH="149" HEIGHT="46" AUPDATECONT="N" ENG="Net redemption amount up to the previous year">직전연도까지의순환매금액</TD>
<TE WIDTH="169" HEIGHT="46" ACODE="ACC_RET" VALIGN="MIDDLE" ALIGN="RIGHT" USERMARK="F-10 ">0 </TE>
<TE WIDTH="168" HEIGHT="46" ACODE="ACC_RMRK4" VALIGN="MIDDLE" ALIGN="RIGHT" USERMARK="F-10 ">0 </TE>
</TR>

<TR ACOPY="N" ADELETE="N" HEIGHT="30">
<TD ALIGN="CENTER" VALIGN="MIDDLE" WIDTH="149" HEIGHT="23" AUPDATECONT="N" ENG="Increased or decreased">증 감 </TD>
<TE WIDTH="169" HEIGHT="23" ACODE="ACC_MRGN" VALIGN="MIDDLE" ALIGN="RIGHT" USERMARK="F-10 ">-19,206,941,408 </TE>
<TE WIDTH="168" HEIGHT="23" ACODE="ACC_RMRK3" VALIGN="MIDDLE" ALIGN="RIGHT" USERMARK="F-10 ">-19,206,941,408 </TE>
</TR>

<TR ACOPY="N" ADELETE="N" HEIGHT="30">
<TD ROWSPAN="3" VALIGN="MIDDLE" WIDTH="78" HEIGHT="83" AUPDATECONT="N" ALIGN="CENTER" ENG="Net assets">순자산</TD>
<TD ALIGN="CENTER" VALIGN="MIDDLE" WIDTH="149" HEIGHT="23" AUPDATECONT="N" ENG="Net assets at the beginning of the period">기초 순자산 </TD>
<TE WIDTH="169" HEIGHT="23" ACODE="ASST_BGN" VALIGN="MIDDLE" ALIGN="RIGHT" USERMARK="F-10 ">73,190,471,409 </TE>
<TD WIDTH="168" HEIGHT="23" VALIGN="MIDDLE">　</TD>
</TR>

<TR ACOPY="N" ADELETE="N" HEIGHT="30">
<TD ALIGN="CENTER" VALIGN="MIDDLE" WIDTH="149" HEIGHT="23" AUPDATECONT="N" ENG="Net assets at the end of the period">기말 순자산 </TD>
<TE WIDTH="169" HEIGHT="23" ACODE="ASST_END" VALIGN="MIDDLE" ALIGN="RIGHT" USERMARK="F-10 ">68,066,004,071 </TE>
<TD WIDTH="168" HEIGHT="23" VALIGN="MIDDLE">　</TD>
</TR>

<TR ACOPY="N" ADELETE="N" HEIGHT="30">
<TD ALIGN="CENTER" VALIGN="MIDDLE" WIDTH="149" HEIGHT="23" AUPDATECONT="N" ENG="Increased or decreased">증 감 </TD>
<TE WIDTH="169" HEIGHT="23" ACODE="ASST_MRGN" VALIGN="MIDDLE" ALIGN="RIGHT" USERMARK="F-10 ">-5,124,467,338 </TE>
<TD WIDTH="168" HEIGHT="23" VALIGN="MIDDLE">　</TD>
</TR>
</TBODY>
</TABLE>
</TABLE-GROUP>
</LIBRARY>

<P>(주1) 대상기간: 2025.01.01 - 2025.12.31 (직전회계연도)(주2) 발행분담금대상금액은 이익분배에 의한 재투자분을 제외합니다.</P>
<P USERMARK="B P16">나. 집합투자증권 발행 비용</P>

<P>
<SPAN>해당사항 없음</SPAN>
</P>
</SECTION-2>

<SECTION-2 ACLASS="MANDATORY">
<TITLE ATOC="Y" AASSOCNOTE="D-0-0-4-0" ATOCID="5" ENG="4. Matters related to the subscription, allotment, and underwriting">4. 청약, 배정 및 인수에 관한 사항</TITLE>
<P>해당사항 없음</P>
</SECTION-2>

<SECTION-2 ACLASS="MANDATORY">
<TITLE ATOC="Y" AASSOCNOTE="D-0-0-5-0" ATOCID="6" ENG="5. Matters related to listing and capital increase registration">5. 상장 및 증자등기에 관한 사항</TITLE>
<P> (1) 상장 증권시장: 한국거래소 (2) 상장일: 2013년 6월 4일</P>
</SECTION-2>

<SECTION-2 ACLASS="MANDATORY">
<TITLE ATOC="Y" AASSOCNOTE="D-0-0-6-0" ATOCID="7" ENG="6. Disclosure implementation status">6. 공시이행상황</TITLE>
<P USERMARK="B P16">가. 증권신고서 및 정정신고서 공시</P>

<TABLE ACLASS="NORMAL" AFIXTABLE="N" BORDER="1" WIDTH="608">

<COLGROUP WIDTH="608">
<COL WIDTH="96"></COL>
<COL WIDTH="318"></COL>
<COL WIDTH="194"></COL>
</COLGROUP>

<TBODY>

<TR ACOPY="Y" ADELETE="Y" HEIGHT="30">
<TD WIDTH="87" VALIGN="MIDDLE" ALIGN="CENTER" HEIGHT="23">공시일자</TD>
<TD WIDTH="309" VALIGN="MIDDLE" ALIGN="CENTER" HEIGHT="23">주요내용</TD>
<TD WIDTH="185" VALIGN="MIDDLE" ALIGN="CENTER" HEIGHT="23">비고</TD>
</TR>

<TR ACOPY="Y" ADELETE="Y" HEIGHT="30">
<TD VALIGN="MIDDLE" WIDTH="87" HEIGHT="23">2013.04.23</TD>
<TD WIDTH="309" VALIGN="MIDDLE" HEIGHT="23">일괄신고서 제출</TD>
<TD VALIGN="MIDDLE" WIDTH="185" HEIGHT="23">　</TD>
</TR>

<TR ACOPY="Y" ADELETE="Y" HEIGHT="30">
<TD VALIGN="MIDDLE" WIDTH="87" HEIGHT="23">2013.05.09</TD>
<TD WIDTH="309" VALIGN="MIDDLE" HEIGHT="23">일괄신고서 효력발생일</TD>
<TD VALIGN="MIDDLE" WIDTH="185" HEIGHT="23">　</TD>
</TR>

<TR ACOPY="Y" ADELETE="Y" HEIGHT="30">
<TD VALIGN="MIDDLE" WIDTH="87" HEIGHT="23">2013.05.24</TD>
<TD WIDTH="309" VALIGN="MIDDLE" HEIGHT="23">오타정정</TD>
<TD VALIGN="MIDDLE" WIDTH="185" HEIGHT="23">　</TD>
</TR>

<TR ACOPY="Y" ADELETE="Y" HEIGHT="30">
<TD VALIGN="MIDDLE" WIDTH="87" HEIGHT="23">2013.05.27</TD>
<TD WIDTH="309" VALIGN="MIDDLE" HEIGHT="23">일괄신고서 효력발생일</TD>
<TD VALIGN="MIDDLE" WIDTH="185" HEIGHT="23">　</TD>
</TR>

<TR ACOPY="Y" ADELETE="Y" HEIGHT="30">
<TD VALIGN="MIDDLE" WIDTH="87" HEIGHT="23">2014.07.25</TD>
<TD WIDTH="309" VALIGN="MIDDLE" HEIGHT="23">정기갱신</TD>
<TD VALIGN="MIDDLE" WIDTH="185" HEIGHT="23">　</TD>
</TR>

<TR ACOPY="Y" ADELETE="Y" HEIGHT="30">
<TD VALIGN="MIDDLE" WIDTH="87" HEIGHT="23">2014.07.29</TD>
<TD WIDTH="309" VALIGN="MIDDLE" HEIGHT="23">일괄신고서 효력발생일</TD>
<TD VALIGN="MIDDLE" WIDTH="185" HEIGHT="23">　</TD>
</TR>

<TR ACOPY="Y" ADELETE="Y" HEIGHT="30">
<TD VALIGN="MIDDLE" WIDTH="87" HEIGHT="23">2015.03.19</TD>
<TD WIDTH="309" VALIGN="MIDDLE" HEIGHT="23">설정단위 변경</TD>
<TD VALIGN="MIDDLE" WIDTH="185" HEIGHT="23">　</TD>
</TR>

<TR ACOPY="Y" ADELETE="Y" HEIGHT="30">
<TD VALIGN="MIDDLE" WIDTH="87" HEIGHT="23">2015.03.23</TD>
<TD WIDTH="309" VALIGN="MIDDLE" HEIGHT="23">일괄신고서 효력발생일</TD>
<TD VALIGN="MIDDLE" WIDTH="185" HEIGHT="23">　</TD>
</TR>

<TR ACOPY="Y" ADELETE="Y" HEIGHT="30">
<TD VALIGN="MIDDLE" WIDTH="87" HEIGHT="23">2015.07.28</TD>
<TD WIDTH="309" VALIGN="MIDDLE" HEIGHT="23">정기갱신</TD>
<TD VALIGN="MIDDLE" WIDTH="185" HEIGHT="23">　</TD>
</TR>

<TR ACOPY="Y" ADELETE="Y" HEIGHT="30">
<TD VALIGN="MIDDLE" WIDTH="87" HEIGHT="23">2015.07.31</TD>
<TD WIDTH="309" VALIGN="MIDDLE" HEIGHT="23">일괄신고서 효력발생일</TD>
<TD VALIGN="MIDDLE" WIDTH="185" HEIGHT="23">　</TD>
</TR>

<TR ACOPY="Y" ADELETE="Y" HEIGHT="53">
<TD VALIGN="MIDDLE" WIDTH="87" HEIGHT="46">2015.08.26</TD>
<TD WIDTH="309" VALIGN="MIDDLE" HEIGHT="46">책임운용전문인력 변경(문경석/김대영 → 임승관/김대영). 펀드명 변경</TD>
<TD VALIGN="MIDDLE" WIDTH="185" HEIGHT="46">　</TD>
</TR>

<TR ACOPY="Y" ADELETE="Y" HEIGHT="30">
<TD VALIGN="MIDDLE" WIDTH="87" HEIGHT="23">2015.08.31</TD>
<TD WIDTH="309" VALIGN="MIDDLE" HEIGHT="23">일괄신고서 효력발생일</TD>
<TD VALIGN="MIDDLE" WIDTH="185" HEIGHT="23">　</TD>
</TR>

<TR ACOPY="Y" ADELETE="Y" HEIGHT="53">
<TD VALIGN="MIDDLE" WIDTH="87" HEIGHT="46">2015.10.05</TD>
<TD WIDTH="309" VALIGN="MIDDLE" HEIGHT="46">운용전문인력 변경(책임: 임승관/김대영 → 모세영/김대영, 부책임: 모세영 → 왕희범)</TD>
<TD VALIGN="MIDDLE" WIDTH="185" HEIGHT="46">　</TD>
</TR>

<TR ACOPY="Y" ADELETE="Y" HEIGHT="30">
<TD VALIGN="MIDDLE" WIDTH="87" HEIGHT="23">2015.10.08</TD>
<TD WIDTH="309" VALIGN="MIDDLE" HEIGHT="23">일괄신고서 효력발생일</TD>
<TD VALIGN="MIDDLE" WIDTH="185" HEIGHT="23">　</TD>
</TR>

<TR ACOPY="Y" ADELETE="Y" HEIGHT="53">
<TD VALIGN="MIDDLE" WIDTH="87" HEIGHT="46">2016.02.22</TD>
<TD WIDTH="309" VALIGN="MIDDLE" HEIGHT="46">해외주식투자전용집합투자증권저축 관련 내용 추가</TD>
<TD VALIGN="MIDDLE" WIDTH="185" HEIGHT="46">　</TD>
</TR>

<TR ACOPY="Y" ADELETE="Y" HEIGHT="30">
<TD VALIGN="MIDDLE" WIDTH="87" HEIGHT="23">2016.02.25</TD>
<TD WIDTH="309" VALIGN="MIDDLE" HEIGHT="23">일괄신고서 효력발생일</TD>
<TD VALIGN="MIDDLE" WIDTH="185" HEIGHT="23">　</TD>
</TR>

<TR ACOPY="Y" ADELETE="Y" HEIGHT="53">
<TD VALIGN="MIDDLE" WIDTH="87" HEIGHT="46">2016.03.25</TD>
<TD WIDTH="309" VALIGN="MIDDLE" HEIGHT="46">투자신탁명칭 변경. 부책임운용전문인력 변경(왕희범 → 김홍주)</TD>
<TD VALIGN="MIDDLE" WIDTH="185" HEIGHT="46">　</TD>
</TR>

<TR ACOPY="Y" ADELETE="Y" HEIGHT="30">
<TD VALIGN="MIDDLE" WIDTH="87" HEIGHT="23">2016.03.30</TD>
<TD WIDTH="309" VALIGN="MIDDLE" HEIGHT="23">일괄신고서 효력발생일</TD>
<TD VALIGN="MIDDLE" WIDTH="185" HEIGHT="23">　</TD>
</TR>

<TR ACOPY="Y" ADELETE="Y" HEIGHT="53">
<TD VALIGN="MIDDLE" WIDTH="87" HEIGHT="46">2016.06.24</TD>
<TD WIDTH="309" VALIGN="MIDDLE" HEIGHT="46">투자위험 등급 분류 체계 개편 내용 반영(5단계 중 1등급 → 6단계 중 1등급)</TD>
<TD VALIGN="MIDDLE" WIDTH="185" HEIGHT="46">　</TD>
</TR>

<TR ACOPY="Y" ADELETE="Y" HEIGHT="30">
<TD VALIGN="MIDDLE" WIDTH="87" HEIGHT="23">2016.07.02</TD>
<TD WIDTH="309" VALIGN="MIDDLE" HEIGHT="23">일괄신고서 효력발생일</TD>
<TD VALIGN="MIDDLE" WIDTH="185" HEIGHT="23">　</TD>
</TR>

<TR ACOPY="Y" ADELETE="Y" HEIGHT="53">
<TD VALIGN="MIDDLE" WIDTH="87" HEIGHT="46">2016.07.15</TD>
<TD WIDTH="309" VALIGN="MIDDLE" HEIGHT="46">정기갱신. 일반사무관리회사 변경(한국예탁결제원 → 미래에셋펀드서비스)</TD>
<TD VALIGN="MIDDLE" WIDTH="185" HEIGHT="46">　</TD>
</TR>

<TR ACOPY="Y" ADELETE="Y" HEIGHT="30">
<TD VALIGN="MIDDLE" WIDTH="87" HEIGHT="23">2016.07.20</TD>
<TD WIDTH="309" VALIGN="MIDDLE" HEIGHT="23">일괄신고서 효력발생일</TD>
<TD VALIGN="MIDDLE" WIDTH="185" HEIGHT="23">　</TD>
</TR>

<TR ACOPY="Y" ADELETE="Y" HEIGHT="30">
<TD VALIGN="MIDDLE" WIDTH="87" HEIGHT="23">2017.01.18</TD>
<TD WIDTH="309" VALIGN="MIDDLE" HEIGHT="23">정기갱신</TD>
<TD VALIGN="MIDDLE" WIDTH="185" HEIGHT="23">　</TD>
</TR>

<TR ACOPY="Y" ADELETE="Y" HEIGHT="30">
<TD VALIGN="MIDDLE" WIDTH="87" HEIGHT="23">2017.01.23</TD>
<TD WIDTH="309" VALIGN="MIDDLE" HEIGHT="23">일괄신고서 효력발생일</TD>
<TD VALIGN="MIDDLE" WIDTH="185" HEIGHT="23">　</TD>
</TR>

<TR ACOPY="Y" ADELETE="Y" HEIGHT="53">
<TD VALIGN="MIDDLE" WIDTH="87" HEIGHT="46">2017.06.29</TD>
<TD WIDTH="309" VALIGN="MIDDLE" HEIGHT="46">책임운용전문인력 변경(모세영/김대영 → 차동호/김대영)</TD>
<TD VALIGN="MIDDLE" WIDTH="185" HEIGHT="46">　</TD>
</TR>

<TR ACOPY="Y" ADELETE="Y" HEIGHT="30">
<TD VALIGN="MIDDLE" WIDTH="87" HEIGHT="23">2017.07.05</TD>
<TD WIDTH="309" VALIGN="MIDDLE" HEIGHT="23">일괄신고서 효력발생일</TD>
<TD VALIGN="MIDDLE" WIDTH="185" HEIGHT="23">　</TD>
</TR>

<TR ACOPY="Y" ADELETE="Y" HEIGHT="53">
<TD VALIGN="MIDDLE" WIDTH="87" HEIGHT="46">2018.01.17</TD>
<TD WIDTH="309" VALIGN="MIDDLE" HEIGHT="46">정기갱신. 부책임운용전문인력 변경(김홍주 → 김정훈). 위험등급 변경(1등급 → 2등급)</TD>
<TD VALIGN="MIDDLE" WIDTH="185" HEIGHT="46">　</TD>
</TR>

<TR ACOPY="Y" ADELETE="Y" HEIGHT="30">
<TD VALIGN="MIDDLE" WIDTH="87" HEIGHT="23">2018.01.22</TD>
<TD WIDTH="309" VALIGN="MIDDLE" HEIGHT="23">일괄신고서 효력발생일</TD>
<TD VALIGN="MIDDLE" WIDTH="185" HEIGHT="23">　</TD>
</TR>

<TR ACOPY="Y" ADELETE="Y" HEIGHT="30">
<TD VALIGN="MIDDLE" WIDTH="87" HEIGHT="23">2019.02.20</TD>
<TD WIDTH="309" VALIGN="MIDDLE" HEIGHT="23">정기갱신</TD>
<TD VALIGN="MIDDLE" WIDTH="185" HEIGHT="23"></TD>
</TR>

<TR ACOPY="Y" ADELETE="Y" HEIGHT="30">
<TD VALIGN="MIDDLE" WIDTH="87" HEIGHT="23">2019.02.25</TD>
<TD WIDTH="309" VALIGN="MIDDLE" HEIGHT="23">일괄신고서 효력발생일</TD>
<TD VALIGN="MIDDLE" WIDTH="185" HEIGHT="23"></TD>
</TR>

<TR ACOPY="Y" ADELETE="Y" HEIGHT="53">
<TD VALIGN="MIDDLE" WIDTH="87" HEIGHT="46">2019.09.16</TD>
<TD WIDTH="309" VALIGN="MIDDLE" HEIGHT="46">기업공시서식 작성기준 개정 사항 반영에 따른 정정</TD>
<TD VALIGN="MIDDLE" WIDTH="185" HEIGHT="46"></TD>
</TR>

<TR ACOPY="Y" ADELETE="Y" HEIGHT="30">
<TD VALIGN="MIDDLE" WIDTH="87" HEIGHT="23">2019.09.18</TD>
<TD WIDTH="309" VALIGN="MIDDLE" HEIGHT="23">일괄신고서 효력발생일</TD>
<TD VALIGN="MIDDLE" WIDTH="185" HEIGHT="23"></TD>
</TR>

<TR ACOPY="Y" ADELETE="Y" HEIGHT="76">
<TD VALIGN="MIDDLE" WIDTH="87" HEIGHT="69">2019.11.25</TD>
<TD WIDTH="309" VALIGN="MIDDLE" HEIGHT="69">부책임운용전문인력 변경(김민규 → 김민규/신승민), 모투자신탁 운용전략 변경에 따른 반영</TD>
<TD VALIGN="MIDDLE" WIDTH="185" HEIGHT="69"></TD>
</TR>

<TR ACOPY="Y" ADELETE="Y" HEIGHT="30">
<TD VALIGN="MIDDLE" WIDTH="87" HEIGHT="23">2019.11.29</TD>
<TD WIDTH="309" VALIGN="MIDDLE" HEIGHT="23">일괄신고서 효력발생일</TD>
<TD VALIGN="MIDDLE" WIDTH="185" HEIGHT="23"></TD>
</TR>

<TR ACOPY="Y" ADELETE="Y" HEIGHT="53">
<TD VALIGN="MIDDLE" WIDTH="87" HEIGHT="46">2020.02.05</TD>
<TD WIDTH="309" VALIGN="MIDDLE" HEIGHT="46">정기갱신, 부책임운용전문인력 변경(김정훈/김동희 → 지우진/김동희)</TD>
<TD VALIGN="MIDDLE" WIDTH="185" HEIGHT="46"></TD>
</TR>

<TR ACOPY="Y" ADELETE="Y" HEIGHT="30">
<TD VALIGN="MIDDLE" WIDTH="87" HEIGHT="23">2020.02.11</TD>
<TD WIDTH="309" VALIGN="MIDDLE" HEIGHT="23">일괄신고서 효력발생일</TD>
<TD VALIGN="MIDDLE" WIDTH="185" HEIGHT="23"></TD>
</TR>

<TR ACOPY="Y" ADELETE="Y" HEIGHT="30">
<TD VALIGN="MIDDLE" WIDTH="87" HEIGHT="23">2020.09.22</TD>
<TD WIDTH="309" VALIGN="MIDDLE" HEIGHT="23">매입/환매 기준시간 변경</TD>
<TD VALIGN="MIDDLE" WIDTH="185" HEIGHT="23"></TD>
</TR>

<TR ACOPY="Y" ADELETE="Y" HEIGHT="30">
<TD VALIGN="MIDDLE" WIDTH="87" HEIGHT="23">2020.10.05</TD>
<TD WIDTH="309" VALIGN="MIDDLE" HEIGHT="23">일괄신고서 효력발생일</TD>
<TD VALIGN="MIDDLE" WIDTH="185" HEIGHT="23"></TD>
</TR>

<TR ACOPY="Y" ADELETE="Y" HEIGHT="53">
<TD VALIGN="MIDDLE" WIDTH="87" HEIGHT="46">2021.02.04</TD>
<TD WIDTH="309" VALIGN="MIDDLE" HEIGHT="46">정기갱신. 부책임운용전문인력 변경(김동희/지우진 → 김동희/김병석)</TD>
<TD VALIGN="MIDDLE" WIDTH="185" HEIGHT="46"></TD>
</TR>

<TR ACOPY="Y" ADELETE="Y" HEIGHT="30">
<TD VALIGN="MIDDLE" WIDTH="87" HEIGHT="23">2021.02.10</TD>
<TD WIDTH="309" VALIGN="MIDDLE" HEIGHT="23">일괄신고서 효력발생일</TD>
<TD VALIGN="MIDDLE" WIDTH="185" HEIGHT="23"></TD>
</TR>

<TR ACOPY="Y" ADELETE="Y" HEIGHT="53">
<TD VALIGN="MIDDLE" WIDTH="87" HEIGHT="46">2021.03.18</TD>
<TD WIDTH="309" VALIGN="MIDDLE" HEIGHT="46">모투자신탁 삭제 및 변경사항 반영. 투자대상 중 장외파생상품 삭제</TD>
<TD VALIGN="MIDDLE" WIDTH="185" HEIGHT="46"></TD>
</TR>

<TR ACOPY="Y" ADELETE="Y" HEIGHT="30">
<TD VALIGN="MIDDLE" WIDTH="87" HEIGHT="23">2021.03.25</TD>
<TD WIDTH="309" VALIGN="MIDDLE" HEIGHT="23">일괄신고서 효력발생일</TD>
<TD VALIGN="MIDDLE" WIDTH="185" HEIGHT="23"></TD>
</TR>

<TR ACOPY="Y" ADELETE="Y" HEIGHT="53">
<TD VALIGN="MIDDLE" WIDTH="87" HEIGHT="46">2021.04.22</TD>
<TD WIDTH="309" VALIGN="MIDDLE" HEIGHT="46">부책임운용전문인력 변경(김병석/김동희 → 김동희)</TD>
<TD VALIGN="MIDDLE" WIDTH="185" HEIGHT="46"></TD>
</TR>

<TR ACOPY="Y" ADELETE="Y" HEIGHT="30">
<TD VALIGN="MIDDLE" WIDTH="87" HEIGHT="23">2021.04.29</TD>
<TD WIDTH="309" VALIGN="MIDDLE" HEIGHT="23">일괄신고서 효력발생일</TD>
<TD VALIGN="MIDDLE" WIDTH="185" HEIGHT="23"></TD>
</TR>

<TR ACOPY="Y" ADELETE="Y" HEIGHT="53">
<TD VALIGN="MIDDLE" WIDTH="87" HEIGHT="46">2022.02.21</TD>
<TD WIDTH="309" VALIGN="MIDDLE" HEIGHT="46">정기갱신. 부책임운용전문인력 변경(김동희 → 김민수/김동희)</TD>
<TD VALIGN="MIDDLE" WIDTH="185" HEIGHT="46"></TD>
</TR>

<TR ACOPY="Y" ADELETE="Y" HEIGHT="30">
<TD VALIGN="MIDDLE" WIDTH="87" HEIGHT="23">2022.02.25</TD>
<TD WIDTH="309" VALIGN="MIDDLE" HEIGHT="23">일괄신고서 효력발생일</TD>
<TD VALIGN="MIDDLE" WIDTH="185" HEIGHT="23"></TD>
</TR>

<TR ACOPY="Y" ADELETE="Y" HEIGHT="30">
<TD VALIGN="MIDDLE" WIDTH="87" HEIGHT="23">2022.06.03</TD>
<TD WIDTH="309" VALIGN="MIDDLE" HEIGHT="23">기초지수 산출기준 변경에 따른 정정</TD>
<TD VALIGN="MIDDLE" WIDTH="185" HEIGHT="23"></TD>
</TR>

<TR ACOPY="Y" ADELETE="Y" HEIGHT="30">
<TD VALIGN="MIDDLE" WIDTH="87" HEIGHT="23">2022.06.10</TD>
<TD WIDTH="309" VALIGN="MIDDLE" HEIGHT="23">일괄신고서 효력발생일</TD>
<TD VALIGN="MIDDLE" WIDTH="185" HEIGHT="23"></TD>
</TR>

<TR ACOPY="Y" ADELETE="Y" HEIGHT="30">
<TD VALIGN="MIDDLE" WIDTH="87" HEIGHT="23">2023.02.08</TD>
<TD WIDTH="309" VALIGN="MIDDLE" HEIGHT="23">정기갱신</TD>
<TD VALIGN="MIDDLE" WIDTH="185" HEIGHT="23"></TD>
</TR>

<TR ACOPY="Y" ADELETE="Y" HEIGHT="30">
<TD VALIGN="MIDDLE" WIDTH="87" HEIGHT="23">2023.02.15</TD>
<TD WIDTH="309" VALIGN="MIDDLE" HEIGHT="23">일괄신고서 효력발생일</TD>
<TD VALIGN="MIDDLE" WIDTH="185" HEIGHT="23"></TD>
</TR>

<TR ACOPY="Y" ADELETE="Y" HEIGHT="30">
<TD VALIGN="MIDDLE" WIDTH="87" HEIGHT="23">2024.01.25</TD>
<TD WIDTH="309" VALIGN="MIDDLE" HEIGHT="23">정기갱신. 기업공시서식 반영</TD>
<TD VALIGN="MIDDLE" WIDTH="185" HEIGHT="23"></TD>
</TR>

<TR ACOPY="Y" ADELETE="Y" HEIGHT="30">
<TD VALIGN="MIDDLE" WIDTH="87" HEIGHT="23">2024.02.01</TD>
<TD WIDTH="309" VALIGN="MIDDLE" HEIGHT="23">일괄신고서 효력발생일</TD>
<TD VALIGN="MIDDLE" WIDTH="185" HEIGHT="23"></TD>
</TR>

<TR ACOPY="Y" ADELETE="Y" HEIGHT="76">
<TD VALIGN="MIDDLE" WIDTH="87" HEIGHT="69">2024.04.23</TD>
<TD WIDTH="309" VALIGN="MIDDLE" HEIGHT="69">운용전문인력 변경(책임: 차동호/문인규 → 노아름/문인규, 부책임: 김민수/김동희 → 민경호/한유빈). 기업공시서식 개정사항 반영</TD>
<TD VALIGN="MIDDLE" WIDTH="185" HEIGHT="69"></TD>
</TR>

<TR ACOPY="Y" ADELETE="Y" HEIGHT="30">
<TD VALIGN="MIDDLE" WIDTH="87" HEIGHT="23">2024.04.30</TD>
<TD WIDTH="309" VALIGN="MIDDLE" HEIGHT="23">일괄신고서 효력발생일</TD>
<TD VALIGN="MIDDLE" WIDTH="185" HEIGHT="23"></TD>
</TR>

<TR ACOPY="Y" ADELETE="Y" HEIGHT="53">
<TD VALIGN="MIDDLE" WIDTH="87" HEIGHT="46">2024.07.10</TD>
<TD WIDTH="309" VALIGN="MIDDLE" HEIGHT="46">투자신탁명칭 변경. 예금자 보호법 개정사항 반영</TD>
<TD VALIGN="MIDDLE" WIDTH="185" HEIGHT="46"></TD>
</TR>

<TR ACOPY="Y" ADELETE="Y" HEIGHT="30">
<TD VALIGN="MIDDLE" WIDTH="87" HEIGHT="23">2024.07.17</TD>
<TD WIDTH="309" VALIGN="MIDDLE" HEIGHT="23">일괄신고서 효력발생일</TD>
<TD VALIGN="MIDDLE" WIDTH="185" HEIGHT="23"></TD>
</TR>

<TR ACOPY="Y" ADELETE="Y" HEIGHT="53">
<TD VALIGN="MIDDLE" WIDTH="87" HEIGHT="46">2024.10.25</TD>
<TD WIDTH="309" VALIGN="MIDDLE" HEIGHT="46">부책임운용전문인력 변경(민경호/한유빈 → 민경호/구하나). 기초지수 지수명칭 변경</TD>
<TD VALIGN="MIDDLE" WIDTH="185" HEIGHT="46"></TD>
</TR>

<TR ACOPY="Y" ADELETE="Y" HEIGHT="30">
<TD VALIGN="MIDDLE" WIDTH="87" HEIGHT="23">2024.11.01</TD>
<TD WIDTH="309" VALIGN="MIDDLE" HEIGHT="23">일괄신고서 효력발생일</TD>
<TD VALIGN="MIDDLE" WIDTH="185" HEIGHT="23"></TD>
</TR>

<TR ACOPY="Y" ADELETE="Y" HEIGHT="53">
<TD VALIGN="MIDDLE" WIDTH="87" HEIGHT="46">2025.02.12</TD>
<TD WIDTH="309" VALIGN="MIDDLE" HEIGHT="46">투자신탁보수 변경. 소득세법 개정사항 반영. 정기갱신</TD>
<TD VALIGN="MIDDLE" WIDTH="185" HEIGHT="46"></TD>
</TR>

<TR ACOPY="Y" ADELETE="Y" HEIGHT="30">
<TD VALIGN="MIDDLE" WIDTH="87" HEIGHT="23">2025.02.19</TD>
<TD WIDTH="309" VALIGN="MIDDLE" HEIGHT="23">일괄신고서 효력발생일</TD>
<TD VALIGN="MIDDLE" WIDTH="185" HEIGHT="23"></TD>
</TR>

<TR ACOPY="Y" ADELETE="Y" HEIGHT="30">
<TD VALIGN="MIDDLE" WIDTH="87" HEIGHT="23">2025.04.17</TD>
<TD WIDTH="309" VALIGN="MIDDLE" HEIGHT="23">운용전문인력 변경. 소득세법 개정사항 반영</TD>
<TD VALIGN="MIDDLE" WIDTH="185" HEIGHT="23"></TD>
</TR>

<TR ACOPY="Y" ADELETE="Y" HEIGHT="30">
<TD VALIGN="MIDDLE" WIDTH="87" HEIGHT="23">2025.04.24</TD>
<TD WIDTH="309" VALIGN="MIDDLE" HEIGHT="23">일괄신고서 효력발생일</TD>
<TD VALIGN="MIDDLE" WIDTH="185" HEIGHT="23"></TD>
</TR>

<TR ACOPY="Y" ADELETE="Y" HEIGHT="30">
<TD VALIGN="MIDDLE" WIDTH="87" HEIGHT="23">2025.06.13</TD>
<TD WIDTH="309" VALIGN="MIDDLE" HEIGHT="23">운용전문인력 변경</TD>
<TD VALIGN="MIDDLE" WIDTH="185" HEIGHT="23"></TD>
</TR>

<TR ACOPY="Y" ADELETE="Y" HEIGHT="30">
<TD VALIGN="MIDDLE" WIDTH="87" HEIGHT="23">2025.06.20</TD>
<TD WIDTH="309" VALIGN="MIDDLE" HEIGHT="23">일괄신고서 효력발생일</TD>
<TD VALIGN="MIDDLE" WIDTH="185" HEIGHT="23"></TD>
</TR>

<TR ACOPY="Y" ADELETE="Y" HEIGHT="30">
<TD VALIGN="MIDDLE" WIDTH="87" HEIGHT="23">2025.09.18</TD>
<TD WIDTH="309" VALIGN="MIDDLE" HEIGHT="23">오기정정</TD>
<TD VALIGN="MIDDLE" WIDTH="185" HEIGHT="23"></TD>
</TR>

<TR ACOPY="Y" ADELETE="Y" HEIGHT="30">
<TD VALIGN="MIDDLE" WIDTH="87" HEIGHT="23">2025.09.25</TD>
<TD WIDTH="309" VALIGN="MIDDLE" HEIGHT="23">일괄신고서 효력발생일</TD>
<TD VALIGN="MIDDLE" WIDTH="185" HEIGHT="23"></TD>
</TR>
</TBODY>
</TABLE>
<P USERMARK="B P16">나. 투자설명서 공시</P>

<TABLE ACLASS="NORMAL" AFIXTABLE="N" BORDER="1" WIDTH="605">

<COLGROUP WIDTH="605">
<COL WIDTH="96"></COL>
<COL WIDTH="318"></COL>
<COL WIDTH="191"></COL>
</COLGROUP>

<TBODY>

<TR ACOPY="Y" ADELETE="Y" HEIGHT="30">
<TD WIDTH="87" VALIGN="MIDDLE" ALIGN="CENTER" HEIGHT="23">공시일자</TD>
<TD WIDTH="309" VALIGN="MIDDLE" ALIGN="CENTER" HEIGHT="23">주요내용</TD>
<TD WIDTH="182" VALIGN="MIDDLE" ALIGN="CENTER" HEIGHT="23">비고</TD>
</TR>

<TR ACOPY="Y" ADELETE="Y" HEIGHT="30">
<TD VALIGN="MIDDLE" WIDTH="87" HEIGHT="23">2013.05.15</TD>
<TD WIDTH="309" VALIGN="MIDDLE" HEIGHT="23">투자설명서 제출</TD>
<TD VALIGN="MIDDLE" WIDTH="182" HEIGHT="23"></TD>
</TR>

<TR ACOPY="Y" ADELETE="Y" HEIGHT="30">
<TD VALIGN="MIDDLE" WIDTH="87" HEIGHT="23">2013.05.28</TD>
<TD WIDTH="309" VALIGN="MIDDLE" HEIGHT="23">오타정정</TD>
<TD VALIGN="MIDDLE" WIDTH="182" HEIGHT="23"></TD>
</TR>

<TR ACOPY="Y" ADELETE="Y" HEIGHT="30">
<TD VALIGN="MIDDLE" WIDTH="87" HEIGHT="23">2014.07.30</TD>
<TD WIDTH="309" VALIGN="MIDDLE" HEIGHT="23">정기갱신</TD>
<TD VALIGN="MIDDLE" WIDTH="182" HEIGHT="23"></TD>
</TR>

<TR ACOPY="Y" ADELETE="Y" HEIGHT="30">
<TD VALIGN="MIDDLE" WIDTH="87" HEIGHT="23">2015.03.23</TD>
<TD WIDTH="309" VALIGN="MIDDLE" HEIGHT="23">설정단위 변경</TD>
<TD VALIGN="MIDDLE" WIDTH="182" HEIGHT="23"></TD>
</TR>

<TR ACOPY="Y" ADELETE="Y" HEIGHT="30">
<TD VALIGN="MIDDLE" WIDTH="87" HEIGHT="23">2015.08.03</TD>
<TD WIDTH="309" VALIGN="MIDDLE" HEIGHT="23">정기갱신</TD>
<TD VALIGN="MIDDLE" WIDTH="182" HEIGHT="23"></TD>
</TR>

<TR ACOPY="Y" ADELETE="Y" HEIGHT="53">
<TD VALIGN="MIDDLE" WIDTH="87" HEIGHT="46">2015.08.31</TD>
<TD WIDTH="309" VALIGN="MIDDLE" HEIGHT="46">책임운용전문인력 변경(문경석/김대영 → 임승관/김대영). 펀드명 변경</TD>
<TD VALIGN="MIDDLE" WIDTH="182" HEIGHT="46"></TD>
</TR>

<TR ACOPY="Y" ADELETE="Y" HEIGHT="53">
<TD VALIGN="MIDDLE" WIDTH="87" HEIGHT="46">2015.10.12</TD>
<TD WIDTH="309" VALIGN="MIDDLE" HEIGHT="46">운용전문인력 변경(책임: 임승관/김대영 → 모세영/김대영, 부책임: 모세영 → 왕희범)</TD>
<TD VALIGN="MIDDLE" WIDTH="182" HEIGHT="46"></TD>
</TR>

<TR ACOPY="Y" ADELETE="Y" HEIGHT="53">
<TD VALIGN="MIDDLE" WIDTH="87" HEIGHT="46">2016.02.25</TD>
<TD WIDTH="309" VALIGN="MIDDLE" HEIGHT="46">해외주식투자전용집합투자증권저축 관련 내용 추가</TD>
<TD VALIGN="MIDDLE" WIDTH="182" HEIGHT="46"></TD>
</TR>

<TR ACOPY="Y" ADELETE="Y" HEIGHT="53">
<TD VALIGN="MIDDLE" WIDTH="87" HEIGHT="46">2016.03.30</TD>
<TD WIDTH="309" VALIGN="MIDDLE" HEIGHT="46">투자신탁명칭 변경. 부책임운용전문인력 변경(왕희범 → 김홍주)</TD>
<TD VALIGN="MIDDLE" WIDTH="182" HEIGHT="46"></TD>
</TR>

<TR ACOPY="Y" ADELETE="Y" HEIGHT="53">
<TD VALIGN="MIDDLE" WIDTH="87" HEIGHT="46">2016.07.04</TD>
<TD WIDTH="309" VALIGN="MIDDLE" HEIGHT="46">투자위험 등급 분류 체계 개편 내용 반영(5단계 중 1등급 → 6단계 중 1등급)</TD>
<TD VALIGN="MIDDLE" WIDTH="182" HEIGHT="46"></TD>
</TR>

<TR ACOPY="Y" ADELETE="Y" HEIGHT="53">
<TD VALIGN="MIDDLE" WIDTH="87" HEIGHT="46">2016.07.20</TD>
<TD WIDTH="309" VALIGN="MIDDLE" HEIGHT="46">정기갱신. 일반사무관리회사 변경(한국예탁결제원 → 미래에셋펀드서비스)</TD>
<TD VALIGN="MIDDLE" WIDTH="182" HEIGHT="46"></TD>
</TR>

<TR ACOPY="Y" ADELETE="Y" HEIGHT="30">
<TD VALIGN="MIDDLE" WIDTH="87" HEIGHT="23">2017.01.23</TD>
<TD WIDTH="309" VALIGN="MIDDLE" HEIGHT="23">정기갱신</TD>
<TD VALIGN="MIDDLE" WIDTH="182" HEIGHT="23"></TD>
</TR>

<TR ACOPY="Y" ADELETE="Y" HEIGHT="53">
<TD VALIGN="MIDDLE" WIDTH="87" HEIGHT="46">2017.07.05</TD>
<TD WIDTH="309" VALIGN="MIDDLE" HEIGHT="46">책임운용전문인력 변경(모세영/김대영 → 차동호/김대영)</TD>
<TD VALIGN="MIDDLE" WIDTH="182" HEIGHT="46"></TD>
</TR>

<TR ACOPY="Y" ADELETE="Y" HEIGHT="53">
<TD VALIGN="MIDDLE" WIDTH="87" HEIGHT="46">2018.01.23</TD>
<TD WIDTH="309" VALIGN="MIDDLE" HEIGHT="46">정기갱신. 부책임운용전문인력 변경(김홍주 → 김정훈). 위험등급 변경(1등급 → 2등급)</TD>
<TD VALIGN="MIDDLE" WIDTH="182" HEIGHT="46"></TD>
</TR>

<TR ACOPY="Y" ADELETE="Y" HEIGHT="30">
<TD VALIGN="MIDDLE" WIDTH="87" HEIGHT="23">2019.02.25</TD>
<TD WIDTH="309" VALIGN="MIDDLE" HEIGHT="23">정기갱신</TD>
<TD VALIGN="MIDDLE" WIDTH="182" HEIGHT="23"></TD>
</TR>

<TR ACOPY="Y" ADELETE="Y" HEIGHT="53">
<TD VALIGN="MIDDLE" WIDTH="87" HEIGHT="46">2019.09.19</TD>
<TD WIDTH="309" VALIGN="MIDDLE" HEIGHT="46">기업공시서식 작성기준 개정 사항 반영에 따른 정정</TD>
<TD VALIGN="MIDDLE" WIDTH="182" HEIGHT="46"></TD>
</TR>

<TR ACOPY="Y" ADELETE="Y" HEIGHT="76">
<TD VALIGN="MIDDLE" WIDTH="87" HEIGHT="69">2019.11.29</TD>
<TD WIDTH="309" VALIGN="MIDDLE" HEIGHT="69">부책임운용전문인력 변경(김민규 → 김민규/신승민), 모투자신탁 운용전략 변경에 따른 반영</TD>
<TD VALIGN="MIDDLE" WIDTH="182" HEIGHT="69"></TD>
</TR>

<TR ACOPY="Y" ADELETE="Y" HEIGHT="53">
<TD VALIGN="MIDDLE" WIDTH="87" HEIGHT="46">2020.02.11</TD>
<TD WIDTH="309" VALIGN="MIDDLE" HEIGHT="46">정기갱신, 부책임운용전문인력 변경(김정훈/김동희 → 지우진/김동희)</TD>
<TD VALIGN="MIDDLE" WIDTH="182" HEIGHT="46"></TD>
</TR>

<TR ACOPY="Y" ADELETE="Y" HEIGHT="30">
<TD VALIGN="MIDDLE" WIDTH="87" HEIGHT="23">2020.09.29</TD>
<TD WIDTH="309" VALIGN="MIDDLE" HEIGHT="23">매입/환매 기준시간 변경</TD>
<TD VALIGN="MIDDLE" WIDTH="182" HEIGHT="23"></TD>
</TR>

<TR ACOPY="Y" ADELETE="Y" HEIGHT="53">
<TD VALIGN="MIDDLE" WIDTH="87" HEIGHT="46">2021.02.10</TD>
<TD WIDTH="309" VALIGN="MIDDLE" HEIGHT="46">정기갱신. 부책임운용전문인력 변경(김동희/지우진 → 김동희/김병석)</TD>
<TD VALIGN="MIDDLE" WIDTH="182" HEIGHT="46"></TD>
</TR>

<TR ACOPY="Y" ADELETE="Y" HEIGHT="53">
<TD VALIGN="MIDDLE" WIDTH="87" HEIGHT="46">2021.03.25</TD>
<TD WIDTH="309" VALIGN="MIDDLE" HEIGHT="46">모투자신탁 삭제 및 변경사항 반영. 투자대상 중 장외파생상품 삭제</TD>
<TD VALIGN="MIDDLE" WIDTH="182" HEIGHT="46"></TD>
</TR>

<TR ACOPY="Y" ADELETE="Y" HEIGHT="53">
<TD VALIGN="MIDDLE" WIDTH="87" HEIGHT="46">2021.04.29</TD>
<TD WIDTH="309" VALIGN="MIDDLE" HEIGHT="46">부책임운용전문인력 변경(김병석/김동희 → 김동희)</TD>
<TD VALIGN="MIDDLE" WIDTH="182" HEIGHT="46"></TD>
</TR>

<TR ACOPY="Y" ADELETE="Y" HEIGHT="53">
<TD VALIGN="MIDDLE" WIDTH="87" HEIGHT="46">2022.02.25</TD>
<TD WIDTH="309" VALIGN="MIDDLE" HEIGHT="46">정기갱신. 부책임운용전문인력 변경(김동희 → 김민수/김동희)</TD>
<TD VALIGN="MIDDLE" WIDTH="182" HEIGHT="46"></TD>
</TR>

<TR ACOPY="Y" ADELETE="Y" HEIGHT="37">
<TD VALIGN="MIDDLE" WIDTH="87" HEIGHT="30">2022.06.10</TD>
<TD WIDTH="309" VALIGN="MIDDLE" HEIGHT="30">기초지수 산출기준 변경에 따른 정정</TD>
<TD VALIGN="MIDDLE" WIDTH="182" HEIGHT="30"></TD>
</TR>

<TR ACOPY="Y" ADELETE="Y" HEIGHT="37">
<TD VALIGN="MIDDLE" WIDTH="87" HEIGHT="30">2023.02.15</TD>
<TD WIDTH="309" VALIGN="MIDDLE" HEIGHT="30">정기갱신</TD>
<TD VALIGN="MIDDLE" WIDTH="182" HEIGHT="30"></TD>
</TR>

<TR ACOPY="Y" ADELETE="Y" HEIGHT="37">
<TD VALIGN="MIDDLE" WIDTH="87" HEIGHT="30">2024.02.01</TD>
<TD WIDTH="309" VALIGN="MIDDLE" HEIGHT="30">정기갱신. 기업공시서식 반영</TD>
<TD VALIGN="MIDDLE" WIDTH="182" HEIGHT="30"></TD>
</TR>

<TR ACOPY="Y" ADELETE="Y" HEIGHT="76">
<TD VALIGN="MIDDLE" WIDTH="87" HEIGHT="69">2024.04.30</TD>
<TD WIDTH="309" VALIGN="MIDDLE" HEIGHT="69">운용전문인력 변경(책임: 차동호/문인규 → 노아름/문인규, 부책임: 김민수/김동희 → 민경호/한유빈). 기업공시서식 개정사항 반영</TD>
<TD VALIGN="MIDDLE" WIDTH="182" HEIGHT="69"></TD>
</TR>

<TR ACOPY="Y" ADELETE="Y" HEIGHT="53">
<TD VALIGN="MIDDLE" WIDTH="87" HEIGHT="46">2024.07.17</TD>
<TD WIDTH="309" VALIGN="MIDDLE" HEIGHT="46">투자신탁명칭 변경. 예금자 보호법 개정사항 반영</TD>
<TD VALIGN="MIDDLE" WIDTH="182" HEIGHT="46"></TD>
</TR>

<TR ACOPY="Y" ADELETE="Y" HEIGHT="53">
<TD VALIGN="MIDDLE" WIDTH="87" HEIGHT="46">2024.11.01</TD>
<TD WIDTH="309" VALIGN="MIDDLE" HEIGHT="46">부책임운용전문인력 변경(민경호/한유빈 → 민경호/구하나). 기초지수 지수명칭 변경</TD>
<TD VALIGN="MIDDLE" WIDTH="182" HEIGHT="46"></TD>
</TR>

<TR ACOPY="Y" ADELETE="Y" HEIGHT="53">
<TD VALIGN="MIDDLE" WIDTH="87" HEIGHT="46">2025.02.19</TD>
<TD WIDTH="309" VALIGN="MIDDLE" HEIGHT="46">투자신탁보수 변경. 소득세법 개정사항 반영. 정기갱신</TD>
<TD VALIGN="MIDDLE" WIDTH="182" HEIGHT="46"></TD>
</TR>

<TR ACOPY="Y" ADELETE="Y" HEIGHT="53">
<TD VALIGN="MIDDLE" WIDTH="87" HEIGHT="46">2025.04.24</TD>
<TD WIDTH="309" VALIGN="MIDDLE" HEIGHT="46">운용전문인력 변경. 소득세법 개정사항 반영</TD>
<TD VALIGN="MIDDLE" WIDTH="182" HEIGHT="46"></TD>
</TR>

<TR ACOPY="Y" ADELETE="Y" HEIGHT="53">
<TD VALIGN="MIDDLE" WIDTH="87" HEIGHT="46">2025.06.20</TD>
<TD WIDTH="309" VALIGN="MIDDLE" HEIGHT="46">운용전문인력 변경</TD>
<TD VALIGN="MIDDLE" WIDTH="182" HEIGHT="46"></TD>
</TR>

<TR ACOPY="Y" ADELETE="Y" HEIGHT="53">
<TD VALIGN="MIDDLE" WIDTH="87" HEIGHT="46">2025.09.25</TD>
<TD WIDTH="309" VALIGN="MIDDLE" HEIGHT="46">오기정정</TD>
<TD VALIGN="MIDDLE" WIDTH="182" HEIGHT="46"></TD>
</TR>
</TBODY>
</TABLE>
<P USERMARK="B P16">다. 증권발행실적보고서 공시</P>

<TABLE ACLASS="NORMAL" AFIXTABLE="N" BORDER="1" WIDTH="605">

<COLGROUP WIDTH="605">
<COL WIDTH="96"></COL>
<COL WIDTH="318"></COL>
<COL WIDTH="191"></COL>
</COLGROUP>

<TBODY>

<TR ACOPY="Y" ADELETE="Y" HEIGHT="30">
<TD WIDTH="87" ALIGN="CENTER" VALIGN="MIDDLE" HEIGHT="23">공시일자</TD>
<TD WIDTH="309" ALIGN="CENTER" VALIGN="MIDDLE" HEIGHT="23">주요내용</TD>
<TD WIDTH="182" ALIGN="CENTER" VALIGN="MIDDLE" HEIGHT="23">비고</TD>
</TR>

<TR ACOPY="Y" ADELETE="Y" HEIGHT="30">
<TD VALIGN="MIDDLE" WIDTH="87" HEIGHT="23">2014.01.15</TD>
<TD VALIGN="MIDDLE" WIDTH="309" HEIGHT="23">발행실적보고서 제출</TD>
<TD VALIGN="MIDDLE" WIDTH="182" HEIGHT="23"></TD>
</TR>

<TR ACOPY="Y" ADELETE="Y" HEIGHT="30">
<TD VALIGN="MIDDLE" WIDTH="87" HEIGHT="23">2015.01.12</TD>
<TD VALIGN="MIDDLE" WIDTH="309" HEIGHT="23">발행실적보고서 제출</TD>
<TD VALIGN="MIDDLE" WIDTH="182" HEIGHT="23"></TD>
</TR>

<TR ACOPY="Y" ADELETE="Y" HEIGHT="30">
<TD VALIGN="MIDDLE" WIDTH="87" HEIGHT="23">2018.02.01</TD>
<TD VALIGN="MIDDLE" WIDTH="309" HEIGHT="23">발행실적보고서 제출</TD>
<TD VALIGN="MIDDLE" WIDTH="182" HEIGHT="23"></TD>
</TR>

<TR ACOPY="Y" ADELETE="Y" HEIGHT="30">
<TD VALIGN="MIDDLE" WIDTH="87" HEIGHT="23">2019.02.26</TD>
<TD VALIGN="MIDDLE" WIDTH="309" HEIGHT="23">발행실적보고서 제출</TD>
<TD VALIGN="MIDDLE" WIDTH="182" HEIGHT="23"></TD>
</TR>

<TR ACOPY="Y" ADELETE="Y" HEIGHT="30">
<TD VALIGN="MIDDLE" WIDTH="87" HEIGHT="23">2020.01.29</TD>
<TD VALIGN="MIDDLE" WIDTH="309" HEIGHT="23">발행실적보고서 제출</TD>
<TD VALIGN="MIDDLE" WIDTH="182" HEIGHT="23"></TD>
</TR>

<TR ACOPY="Y" ADELETE="Y" HEIGHT="30">
<TD VALIGN="MIDDLE" WIDTH="87" HEIGHT="23">2021.02.05</TD>
<TD VALIGN="MIDDLE" WIDTH="309" HEIGHT="23">발행실적보고서 제출</TD>
<TD VALIGN="MIDDLE" WIDTH="182" HEIGHT="23"></TD>
</TR>

<TR ACOPY="Y" ADELETE="Y" HEIGHT="30">
<TD VALIGN="MIDDLE" WIDTH="87" HEIGHT="23">2022.01.25</TD>
<TD VALIGN="MIDDLE" WIDTH="309" HEIGHT="23">발행실적보고서 제출</TD>
<TD VALIGN="MIDDLE" WIDTH="182" HEIGHT="23"></TD>
</TR>

<TR ACOPY="Y" ADELETE="Y" HEIGHT="30">
<TD VALIGN="MIDDLE" WIDTH="87" HEIGHT="23">2023.01.12</TD>
<TD VALIGN="MIDDLE" WIDTH="309" HEIGHT="23">발행실적보고서 제출</TD>
<TD VALIGN="MIDDLE" WIDTH="182" HEIGHT="23"></TD>
</TR>

<TR ACOPY="Y" ADELETE="Y" HEIGHT="30">
<TD VALIGN="MIDDLE" WIDTH="87" HEIGHT="23">2024.01.12</TD>
<TD VALIGN="MIDDLE" WIDTH="309" HEIGHT="23">발행실적보고서 제출</TD>
<TD VALIGN="MIDDLE" WIDTH="182" HEIGHT="23"></TD>
</TR>

<TR ACOPY="Y" ADELETE="Y" HEIGHT="30">
<TD VALIGN="MIDDLE" WIDTH="87" HEIGHT="23">2025.01.10</TD>
<TD VALIGN="MIDDLE" WIDTH="309" HEIGHT="23">발행실적보고서 제출</TD>
<TD VALIGN="MIDDLE" WIDTH="182" HEIGHT="23"></TD>
</TR>
</TBODY>
</TABLE>
</SECTION-2>
</SECTION-1>
</BODY>
</DOCUMENT>