<html>
 <head> 
  <meta content="gdi" http-equiv="X-UA-TextLayoutMetrics"> 
  <meta content="text/html; charset=euc-kr" http-equiv="Content-Type"> 
  <STYLE>
.xforms * { font-family: 돋움체;}
.xforms_title * { font-size: 13pt; padding : 0 0 10 0;}

.xforms table {
    font-size: 10px;
    padding:0px;
    border-collapse:collapse;
    color: #3D3D3D;
}
.xforms td {
    padding-left:0px;
    padding-top:0px;
    border-collapse:collapse;
    line-height:22px;
    color: #3D3D3D;
    /*text-align:right;*/
    vertical-align:middle;
    border: 1px solid #7f7f7f;
}

.xforms span {
    /*display: inline-block;*/
    padding-left:3px;
    padding-right: 1px;
    line-height:22px;
    padding-top:0px;
    padding-bottom:0px;
    text-align:left;
    vertical-align:middle;
    border: 0px solid #DBDBDB;
}

.xforms.img{
    border : 0px;
}

.xforms a:link {

    color: #194866;
    text-decoration: none;
}
.xforms a:active {

    color: #194866;
    text-decoration: none;
}
.xforms a:visited {
    color: #194866;
    text-decoration: none;
}

.xforms A:hover {
    color:008BE3;
    text-decoration: none;
}

.xforms_input{
    border: 0px solid #DBDBDB;
    padding-left:3px;
    padding-right: 1px;
    height:22px;
    padding-top:0px;
    padding-bottom:0px;
    text-align:left;
}
</STYLE> 
  <title>롯데리츠/임시주주총회 결과/(2026.01.05)임시주주총회 결과</title> 
 </head> 
 <body> 
  <div class="xforms"> 
   <div> 
    <span class="noprint" style="display:none;width:600px;font-size:10pt;"> </span> 
    <div class="xforms_title"> 
     <div> 
      <span style="width:592px;font-weight:bold;text-align:center;">임시주주총회 결과</span> 
     </div> 
    </div> 
    <span class="noprint" style="display:none;width:600px;font-size:10pt;"> </span> 
    <table border="1" bordercolordark="white" bordercolorlight="#666666" cellpadding="1" cellspacing="0" id="XFormD3_Form0_Table0" style="margin:0px 0px 20px 0px;width:600px;font-size:10pt;border:1px solid #666666;"> 
     <tbody> 
      <tr> 
       <td width="214"> <span style="width:214px;font-size:10pt;">1. 결의사항</span> </td> 
       <td colspan="2" width="386"> <span class="xforms_input" style="width:386px;font-size:10pt;">제1호의안 : 부동산매매계약 체결의 건 <br xmlns:java="http://xml.apache.org/xalan/java">-&gt; 원안대로 승인 가결 <br xmlns:java="http://xml.apache.org/xalan/java"> <br xmlns:java="http://xml.apache.org/xalan/java">제2호의안 : 책임임대차계약 체결의 건 <br xmlns:java="http://xml.apache.org/xalan/java">-&gt; 원안대로 승인 가결 <br xmlns:java="http://xml.apache.org/xalan/java"> <br xmlns:java="http://xml.apache.org/xalan/java">제3호의안 : 자산보관계약 변경의 건 <br xmlns:java="http://xml.apache.org/xalan/java">-&gt; 원안대로 승인 가결 <br xmlns:java="http://xml.apache.org/xalan/java"> <br xmlns:java="http://xml.apache.org/xalan/java">제4호의안 : 제15기 차입 및 사채발행계획 승인(변경)의 건 <br xmlns:java="http://xml.apache.org/xalan/java">-&gt; 원안대로 승인 가결 <br xmlns:java="http://xml.apache.org/xalan/java"> <br xmlns:java="http://xml.apache.org/xalan/java">제5호의안 : 제15기 사업계획 승인의 건 <br xmlns:java="http://xml.apache.org/xalan/java">-&gt; 원안대로 승인 가결</span> </td> 
      </tr> 
      <tr> 
       <td width="214"> <span style="width:214px;font-size:10pt;">2. 주주총회 일자</span> </td> 
       <td colspan="2" width="386"> <span class="xforms_input" style="width:386px;font-size:10pt;">2026-01-05</span> </td> 
      </tr> 
      <tr> 
       <td colspan="3" width="600"> <span style="width:600px;font-size:10pt;">3. 기타 투자판단과 관련한 중요사항</span> </td> 
      </tr> 
      <tr> 
       <td colspan="3" width="600"> <span class="xforms_input" style="width:600px;font-size:10pt;">-</span> </td> 
      </tr> 
      <tr> 
       <td width="214"> <span style="width:214px;font-size:10pt;">※ 관련공시</span> </td> 
       <td width="386"> <span style="width:386px;font-size:10pt;"> <a href="http://kind.krx.co.kr/common/disclsviewer.do?method=search&amp;acptno=20251125000545&amp;rcpno=20251125000685&amp;orgid=F&amp;tran=Y&amp;langTpCd=0" target="_blank" xmlns="http://www.w3.org/1999/xhtml" xmlns:xf="http://www.w3.org/2002/xforms" xmlns:xh="http://www.w3.org/1999/xhtml" xmlns:xsd="http://www.w3.org/2001/XMLSchema">2025-11-25 유형자산 양수 결정</a> <br xmlns:java="http://xml.apache.org/xalan/java"> <a href="http://kind.krx.co.kr/common/disclsviewer.do?method=search&amp;acptno=20251125000553&amp;rcpno=20251125000553&amp;orgid=G&amp;tran=Y&amp;langTpCd=0" target="_blank" xmlns="http://www.w3.org/1999/xhtml" xmlns:xf="http://www.w3.org/2002/xforms" xmlns:xh="http://www.w3.org/1999/xhtml" xmlns:xsd="http://www.w3.org/2001/XMLSchema">2025-11-25 부동산투자회사 부동산 취득</a> <br xmlns:java="http://xml.apache.org/xalan/java"> <a href="http://kind.krx.co.kr/common/disclsviewer.do?method=search&amp;acptno=20251125000555&amp;rcpno=20251125000555&amp;orgid=G&amp;tran=Y&amp;langTpCd=0" target="_blank" xmlns="http://www.w3.org/1999/xhtml" xmlns:xf="http://www.w3.org/2002/xforms" xmlns:xh="http://www.w3.org/1999/xhtml" xmlns:xsd="http://www.w3.org/2001/XMLSchema">2025-11-25 부동산투자회사 부동산 임대</a> <br xmlns:java="http://xml.apache.org/xalan/java"> <a href="http://kind.krx.co.kr/common/disclsviewer.do?method=search&amp;acptno=20251125000557&amp;rcpno=20251125000557&amp;orgid=G&amp;tran=Y&amp;langTpCd=0" target="_blank" xmlns="http://www.w3.org/1999/xhtml" xmlns:xf="http://www.w3.org/2002/xforms" xmlns:xh="http://www.w3.org/1999/xhtml" xmlns:xsd="http://www.w3.org/2001/XMLSchema">2025-11-25 부동산투자회사 자금차입</a> <br xmlns:java="http://xml.apache.org/xalan/java"> <a href="http://kind.krx.co.kr/common/disclsviewer.do?method=search&amp;acptno=20251125000559&amp;rcpno=20251125000559&amp;orgid=G&amp;tran=Y&amp;langTpCd=0" target="_blank" xmlns="http://www.w3.org/1999/xhtml" xmlns:xf="http://www.w3.org/2002/xforms" xmlns:xh="http://www.w3.org/1999/xhtml" xmlns:xsd="http://www.w3.org/2001/XMLSchema">2025-11-25 부동산투자회사 자금차입</a> <br xmlns:java="http://xml.apache.org/xalan/java"> <a href="http://kind.krx.co.kr/common/disclsviewer.do?method=search&amp;acptno=20251125000562&amp;rcpno=20251125000562&amp;orgid=G&amp;tran=Y&amp;langTpCd=0" target="_blank" xmlns="http://www.w3.org/1999/xhtml" xmlns:xf="http://www.w3.org/2002/xforms" xmlns:xh="http://www.w3.org/1999/xhtml" xmlns:xsd="http://www.w3.org/2001/XMLSchema">2025-11-25 주주명부폐쇄기간 또는 기준일 설정</a> <br xmlns:java="http://xml.apache.org/xalan/java"> <a href="http://kind.krx.co.kr/common/disclsviewer.do?method=search&amp;acptno=20251125000569&amp;rcpno=20251125000569&amp;orgid=G&amp;tran=Y&amp;langTpCd=0" target="_blank" xmlns="http://www.w3.org/1999/xhtml" xmlns:xf="http://www.w3.org/2002/xforms" xmlns:xh="http://www.w3.org/1999/xhtml" xmlns:xsd="http://www.w3.org/2001/XMLSchema">2025-11-25 주주총회소집결의</a> <br xmlns:java="http://xml.apache.org/xalan/java"> <a href="http://kind.krx.co.kr/common/disclsviewer.do?method=search&amp;acptno=20251219000498&amp;rcpno=20251219000372&amp;orgid=F&amp;tran=Y&amp;langTpCd=0" target="_blank" xmlns="http://www.w3.org/1999/xhtml" xmlns:xf="http://www.w3.org/2002/xforms" xmlns:xh="http://www.w3.org/1999/xhtml" xmlns:xsd="http://www.w3.org/2001/XMLSchema">2025-12-19 주주총회소집공고</a> <br xmlns:java="http://xml.apache.org/xalan/java"> <a href="http://kind.krx.co.kr/common/disclsviewer.do?method=search&amp;acptno=20251219000505&amp;rcpno=20251219000377&amp;orgid=F&amp;tran=Y&amp;langTpCd=0" target="_blank" xmlns="http://www.w3.org/1999/xhtml" xmlns:xf="http://www.w3.org/2002/xforms" xmlns:xh="http://www.w3.org/1999/xhtml" xmlns:xsd="http://www.w3.org/2001/XMLSchema">2025-12-19 참고서류</a> <br xmlns:java="http://xml.apache.org/xalan/java"> </span> </td> 
      </tr> 
     </tbody> 
    </table> 
    <span class="noprint" style="display:none;width:600px;font-size:10pt;"> </span> 
    <span class="noprint" style="display:none;width:600px;font-size:10pt;"> </span> 
    <span class="noprint" style="display:none;width:600px;font-size:10pt;"> </span> 
    <span class="noprint" style="display:none;width:600px;font-size:10pt;"> </span> 
    <span class="noprint" style="display:none;width:600px;font-size:10pt;"> </span> 
    <span class="noprint" style="display:none;width:600px;font-size:10pt;"> </span> 
    <div id="LIB_L9085" style="width:600px;font-size:10pt;;padding:0 0 20 0"> 
     <div> 
      <div> 
       <span style="width:592px;font-size:11pt;font-weight:bold;">【 부동산투자회사의 부동산개발사업 투자비율 변경내역 】</span> 
       <table border="1" bordercolordark="white" bordercolorlight="#666666" cellpadding="1" cellspacing="0" id="XFormG1_Form0_Table0" style="margin:0px 0px 20px 0px;width:591px;font-size:10pt;border:1px solid #7f7f7f;"> 
        <tbody> 
         <tr> 
          <td width="256"> <span style="width:256px;font-size:10pt;text-align:center;">구분</span> </td> 
          <td colspan="2" width="335"> <span style="width:335px;font-size:10pt;text-align:center;">내용</span> </td> 
         </tr> 
         <tr> 
          <td width="256"> <span style="width:256px;font-size:10pt;">1. 신규상장시 비개발형 해당여부</span> </td> 
          <td colspan="2" width="335"> <span class="xforms_input" style="width:335px;font-size:10pt;">예</span> </td> 
         </tr> 
         <tr> 
          <td width="256"> <span style="width:256px;font-size:10pt;">2. 부동산개발사업 투자비율 변경</span> </td> 
          <td colspan="2" width="335"> <span class="xforms_input" style="width:335px;font-size:10pt;">아니오</span> </td> 
         </tr> 
         <tr> 
          <td rowspan="2" width="256"> <span style="width:256px;font-size:10pt;">3. 부동산개발사업 투자비율(%)</span> </td> 
          <td width="171"> <span style="width:171px;font-size:10pt;text-align:center;">변경 전</span> </td> 
          <td width="164"> <span style="width:164px;font-size:10pt;text-align:center;">변경 후</span> </td> 
         </tr> 
         <tr> 
          <td width="171"> <span class="xforms_input" style="width:171px;font-size:10pt;text-align:right;">30</span> </td> 
          <td width="164"> <span class="xforms_input" style="width:164px;font-size:10pt;text-align:right;">30</span> </td> 
         </tr> 
         <tr> 
          <td width="256"> <span style="width:256px;font-size:10pt;">4. 최근사업연도 매출액(원)</span> </td> 
          <td colspan="2" width="335"> <span class="xforms_input" style="width:335px;font-size:10pt;text-align:right;">69,954,407,452</span> </td> 
         </tr> 
        </tbody> 
       </table> 
      </div> 
     </div> 
    </div> 
    <span class="noprint" style="display:none;width:600px;font-size:10pt;"> </span> 
    <span class="noprint" style="display:none;width:600px;font-size:10pt;"> </span> 
   </div> 
  </div>  
 </body>
</html>