<?xml version="1.0" encoding="utf-8"?>


<DOCUMENT xmlns:xsi="http://www.w3.org/2001/XMLSchema-instance" xsi:noNamespaceSchemaLocation="dart4.xsd">

<DOCUMENT-NAME ACODE="10611">투자설명서(집합투자증권)</DOCUMENT-NAME>
<FORMULA-VERSION ADATE="20231020">6.0</FORMULA-VERSION>
<COMPANY-NAME AREGCIK="00326272">하나자산운용주식회사</COMPANY-NAME>


<BODY ATOCID="4">

<LIBRARY>
<CORRECTION>
<TITLE ATOC="Y" AASSOCNOTE="CORRECTION" ATOCID="4" ENG="Report of Disclosure Revision">정 정 신 고 (보고)</TITLE>

<TABLE ACLASS="NORMAL" AFIXTABLE="N" WIDTH="600" BORDER="0">

<COLGROUP WIDTH="600">
<COL WIDTH="600"></COL>
</COLGROUP>

<TBODY>

<TR ACOPY="Y" ADELETE="Y" HEIGHT="30">
<TD WIDTH="591" HEIGHT="23"></TD>
</TR>

<TR ACOPY="Y" ADELETE="Y" HEIGHT="30">
<TD ALIGN="RIGHT" WIDTH="591" HEIGHT="23">2026년 01월 07일</TD>
</TR>
</TBODY>
</TABLE>
<P></P>
<P></P>
<P USERMARK="F-14 ">1. 정정대상 공시서류 : 투자설명서</P>
<P USERMARK="F-14 "></P>
<P USERMARK="F-14 ">2. 정정대상 공시서류의 최초제출일 :   2009년 04월 24일</P>
<P USERMARK="F-14 ">3. 정정사유: 모투자신탁 투자비율 변경4. 정정요구ㆍ명령관련 여부 : 아니오5. 정정사항</P>

<TABLE WIDTH="639" ACLASS="NORMAL" AFIXTABLE="N" BORDER="1">

<COLGROUP WIDTH="639">
<COL WIDTH="101"></COL>
<COL WIDTH="95"></COL>
<COL WIDTH="217"></COL>
<COL WIDTH="226"></COL>
</COLGROUP>

<TBODY>

<TR ACOPY="Y" ADELETE="Y" HEIGHT="31">
<TD WIDTH="92" USERMARK="F-10 B BC0XC0C0C0" ALIGN="CENTER" VALIGN="MIDDLE" HEIGHT="24">구  분</TD>
<TD WIDTH="86" USERMARK="F-10 B BC0XC0C0C0" ALIGN="CENTER" VALIGN="MIDDLE" HEIGHT="24">변경사유</TD>
<TD WIDTH="208" USERMARK="F-10 B BC0XC0C0C0" ALIGN="CENTER" VALIGN="MIDDLE" HEIGHT="24">변 경 전</TD>
<TD WIDTH="217" USERMARK="F-10 B BC0XC0C0C0" ALIGN="CENTER" VALIGN="MIDDLE" HEIGHT="24">변 경 후</TD>
</TR>

<TR ACOPY="Y" ADELETE="Y" HEIGHT="28">
<TD COLSPAN="4" WIDTH="630" ALIGN="CENTER" VALIGN="MIDDLE" USERMARK="F-10 B" HEIGHT="21">제2부 집합투자기구에 관한 사항</TD>
</TR>

<TR ACOPY="Y" ADELETE="Y" HEIGHT="91">
<TD WIDTH="92" ALIGN="JUSTIFY" USERMARK="F-10 " HEIGHT="84">6. 집합투자기구의 구조</TD>
<TD WIDTH="86" ALIGN="JUSTIFY" USERMARK="F-10 " HEIGHT="84">모투자신탁 투자비율 변경</TD>

<TD WIDTH="208" VALIGN="MIDDLE" HEIGHT="84">
<P USERMARK="F-10 B A-C">하나그레이터코리아증권모투자신탁[주식] : 30% 수준</P>
<P USERMARK="F-10 B A-C">하나대한민국1호증권모투자신탁[주식] : 10% 수준</P>
</TD>
<TD WIDTH="217" ALIGN="CENTER" VALIGN="MIDDLE" USERMARK="F-10 B" HEIGHT="84">하나그레이터코리아증권모투자신탁[주식] & 하나대한민국1호증권모투자신탁[주식] : 40% 수준</TD>
</TR>

<TR ACOPY="Y" ADELETE="Y" HEIGHT="91">
<TD WIDTH="92" ALIGN="JUSTIFY" USERMARK="F-10 " HEIGHT="84">8.집합투자기구의 투자대상</TD>
<TD WIDTH="86" ALIGN="JUSTIFY" USERMARK="F-10 " HEIGHT="84">모투자신탁 투자비율 변경</TD>

<TD WIDTH="208" VALIGN="MIDDLE" HEIGHT="84">
<P USERMARK="F-10 B A-C">하나그레이터코리아증권모투자신탁[주식] : 30% 수준</P>
<P USERMARK="F-10 B A-C">하나대한민국1호증권모투자신탁[주식] : 10% 수준</P>
</TD>
<TD WIDTH="217" ALIGN="CENTER" VALIGN="MIDDLE" USERMARK="F-10 B" HEIGHT="84">하나그레이터코리아증권모투자신탁[주식] & 하나대한민국1호증권모투자신탁[주식] : 40% 수준</TD>
</TR>

<TR ACOPY="Y" ADELETE="Y" HEIGHT="91">
<TD WIDTH="92" ALIGN="JUSTIFY" USERMARK="F-10 " HEIGHT="84">9. 집합투자기구의 투자전략, 위험관리 및 수익구조</TD>
<TD WIDTH="86" ALIGN="JUSTIFY" USERMARK="F-10 " HEIGHT="84">모투자신탁 투자비율 변경</TD>

<TD WIDTH="208" VALIGN="MIDDLE" HEIGHT="84">
<P USERMARK="F-10 B A-C">하나그레이터코리아증권모투자신탁[주식] : 30% 수준</P>
<P USERMARK="F-10 B A-C">하나대한민국1호증권모투자신탁[주식] : 10% 수준</P>
</TD>
<TD WIDTH="217" ALIGN="CENTER" VALIGN="MIDDLE" USERMARK="F-10 B" HEIGHT="84">하나그레이터코리아증권모투자신탁[주식] & 하나대한민국1호증권모투자신탁[주식] : 40% 수준</TD>
</TR>
</TBODY>
</TABLE>
<PGBRK></PGBRK>
</CORRECTION>
</LIBRARY>


<COVER>

<TABLE ACLASS="NORMAL" AFIXTABLE="N" WIDTH="606" BORDER="1">

<COLGROUP WIDTH="606">
<COL WIDTH="42"></COL>
<COL WIDTH="42"></COL>
<COL WIDTH="42"></COL>
<COL WIDTH="42"></COL>
<COL WIDTH="42"></COL>
<COL WIDTH="41"></COL>
<COL WIDTH="355"></COL>
</COLGROUP>

<TBODY>

<TR ACOPY="Y" ADELETE="Y" HEIGHT="57">
<TD VALIGN="MIDDLE" WIDTH="242" HEIGHT="50" USERMARK="F-13 B 0XFFFFFF BC0X28BFFF" COLSPAN="6"> 투자위험등급 2등급[ 높은 위험 ]</TD>

<TD WIDTH="346" HEIGHT="159" VALIGN="MIDDLE" ROWSPAN="3">
<SPAN USERMARK="F-13 B">하나자산운용(주)</SPAN>
<SPAN USERMARK="F-13 ">는 </SPAN>
<SPAN USERMARK="F-15 B">실제 수익률 변동성</SPAN>
<SPAN USERMARK="F-13 B">(일간 수익률의 최대손실예상액)을</SPAN>
<SPAN USERMARK="F-13 "> 감안하여 </SPAN>
<SPAN USERMARK="F-13 B">2등급으로 분류</SPAN>
<SPAN USERMARK="F-13 ">하였습니다. </SPAN>
<SPAN USERMARK="F-13 B">펀드의 위험 등급은 운용실적, 시장 상황 등에 따라 변경될 수 있다는 점을 유의하여 투자판단을 하시기 바랍니다.</SPAN>
</TD>
</TR>

<TR ACOPY="Y" ADELETE="Y" HEIGHT="30">
<TD ALIGN="CENTER" VALIGN="MIDDLE" WIDTH="33" HEIGHT="23" USERMARK="B 0XFFFFFF BC0X1814FF">1</TD>
<TD ALIGN="CENTER" VALIGN="MIDDLE" WIDTH="33" HEIGHT="23" USERMARK="B 0XFFFFFF BC0X28BFFF">2</TD>
<TD ALIGN="CENTER" VALIGN="MIDDLE" WIDTH="33" HEIGHT="23" USERMARK="B 0XFFFFFF BC0X57CF8A">3</TD>
<TD ALIGN="CENTER" VALIGN="MIDDLE" WIDTH="33" HEIGHT="23" USERMARK="B 0XFFFFFF BC0XEEAE00">4</TD>
<TD ALIGN="CENTER" VALIGN="MIDDLE" WIDTH="33" HEIGHT="23" USERMARK="B 0XFFFFFF BC0XBD6F00">5</TD>
<TD ALIGN="CENTER" VALIGN="MIDDLE" WIDTH="32" HEIGHT="23" USERMARK="B 0XFFFFFF BC0X9D3272">6</TD>
</TR>

<TR ACOPY="Y" ADELETE="Y" HEIGHT="79">
<TD ALIGN="CENTER" VALIGN="MIDDLE" WIDTH="33" HEIGHT="72" USERMARK="B 0X1814FF">매우높은위험</TD>
<TD ALIGN="CENTER" VALIGN="MIDDLE" WIDTH="33" HEIGHT="72" USERMARK="B 0X28BFFF">높은위험</TD>
<TD ALIGN="CENTER" VALIGN="MIDDLE" WIDTH="33" HEIGHT="72" USERMARK="B 0X57CF8A">다소높은위험</TD>
<TD ALIGN="CENTER" VALIGN="MIDDLE" WIDTH="33" HEIGHT="72" USERMARK="B 0XEEAE00">보통위험</TD>
<TD ALIGN="CENTER" VALIGN="MIDDLE" WIDTH="33" HEIGHT="72" USERMARK="B 0XBD6F00">낮은위험</TD>
<TD ALIGN="CENTER" VALIGN="MIDDLE" WIDTH="32" HEIGHT="72" USERMARK="B 0X9D3272">매우낮은위험</TD>
</TR>
</TBODY>
</TABLE>
<P></P>
<COVER-TITLE ATOC="Y" AASSOCNOTE="COVER" ATOCID="2" ENG="Prospectus">투 자 설 명 서</COVER-TITLE>

<P>이 투자설명서는 
<SPAN USERMARK="B">하나태극곤증권자투자신탁[주식]</SPAN>에 대한 자세한 내용을 담고 있습니다.  따라서 
<SPAN USERMARK="B">하나태극곤증권자투자신탁[주식]</SPAN> 수익증권을 매입하기 전에 반드시 이 투자설명서를 읽어보시기 바랍니다
</P>

<TABLE-GROUP ACLASS="_FUND_MAIN_" ADELETETABLE="N">

<TABLE ACLASS="EXTRACTION" AFIXTABLE="Y" WIDTH="600" BORDER="0">

<COLGROUP WIDTH="600">
<COL WIDTH="160"></COL>
<COL WIDTH="235"></COL>
<COL WIDTH="92"></COL>
<COL WIDTH="85"></COL>
<COL WIDTH="28"></COL>
</COLGROUP>

<TBODY>

<TR ACOPY="N" ADELETE="N" HEIGHT="53">
<TD WIDTH="151" HEIGHT="46" AUPDATECONT="N" ENG="1. Name of the collective investment scheme:">1. 집합투자기구 명칭 :</TD>
<TE WIDTH="226" HEIGHT="46" ACODE="FUND_NAME">하나태극곤증권자투자신탁[주식]</TE>
<TD WIDTH="83" HEIGHT="46" AUPDATECONT="N" ENG="(Fund code:">(펀드코드 :</TD>
<TE WIDTH="76" HEIGHT="46" ACODE="FUND_CODE" ALIGN="CENTER">50410</TE>
<TD WIDTH="19" HEIGHT="46" AUPDATECONT="N">)</TD>
</TR>

<TR ACOPY="N" ADELETE="N" HEIGHT="30">
<TD COLSPAN="5" WIDTH="591" HEIGHT="23"></TD>
</TR>

<TR ACOPY="N" ADELETE="N" HEIGHT="53">
<TD WIDTH="151" HEIGHT="46" AUPDATECONT="N" ENG="2. Name of collective investment business entity">2. 집합투자업자 명칭 :</TD>
<TE COLSPAN="4" WIDTH="431" HEIGHT="46" ACODE="FUND_TRD">하나자산운용 주식회사</TE>
</TR>
</TBODY>
</TABLE>
</TABLE-GROUP>
<P></P>

<TABLE ACLASS="NORMAL" AFIXTABLE="N" WIDTH="600" BORDER="0">

<COLGROUP WIDTH="600">
<COL WIDTH="240"></COL>
<COL WIDTH="360"></COL>
</COLGROUP>

<TBODY>

<TR ACOPY="Y" ADELETE="Y" HEIGHT="99">
<TD WIDTH="231" HEIGHT="92">3. 판   매   회   사 :</TD>
<TD WIDTH="351" HEIGHT="92">각 판매회사 본·지점(판매회사에 대한 자세한 내용은 금융투자협회(www.kofia.or.kr) 및 집합투자업자(www.hanaam.com)의 인터넷 홈페이지를 참고하시기 바랍니다</TD>
</TR>

<TR ACOPY="Y" ADELETE="Y" HEIGHT="53">
<TD WIDTH="231" HEIGHT="46">4. 작 성 기 준 일 :</TD>
<TD WIDTH="351" HEIGHT="46">2025년 08월 08일</TD>
</TR>

<TR ACOPY="Y" ADELETE="Y" HEIGHT="53">
<TD WIDTH="231" HEIGHT="46">5. 증권신고서 효력발생일 :</TD>
<TD WIDTH="351" HEIGHT="46">2026년 01월 07일</TD>
</TR>

<TR ACOPY="Y" ADELETE="Y" HEIGHT="53">
<TD WIDTH="231" HEIGHT="46">6. 모집(매출) 증권의 종류 및 수 :</TD>
<TD WIDTH="351" HEIGHT="46">수익증권[1조좌]</TD>
</TR>

<TR ACOPY="Y" ADELETE="Y" HEIGHT="53">
<TD WIDTH="231" HEIGHT="46">[모집(매출) 총액 :          ]</TD>
<TD WIDTH="351" HEIGHT="46"></TD>
</TR>

<TR ACOPY="Y" ADELETE="Y" HEIGHT="53">
<TD WIDTH="231" HEIGHT="46">7. 모집(매출) 기간(판매기간) : </TD>
<TD WIDTH="351" HEIGHT="46">모집기간을 정하지 않고 계속 모집 가능</TD>
</TR>

<TR ACOPY="Y" ADELETE="Y" HEIGHT="30">
<TD WIDTH="231" HEIGHT="23"></TD>
<TD WIDTH="351" HEIGHT="23"></TD>
</TR>

<TR ACOPY="Y" ADELETE="Y" HEIGHT="30">
<TD COLSPAN="2" WIDTH="591" HEIGHT="23">8. 집합투자증권신고서 및 투자설명서의 열람장소</TD>
</TR>

<TR ACOPY="Y" ADELETE="Y" HEIGHT="30">
<TD COLSPAN="2" WIDTH="591" HEIGHT="23">   가. 집합투자증권신고서</TD>
</TR>

<TR ACOPY="Y" ADELETE="Y" HEIGHT="30">
<TD COLSPAN="2" WIDTH="591" HEIGHT="23">                       전자문서 : 금융위(금감원) 전자공시시스템 →  http://dart.fss.or.kr</TD>
</TR>

<TR ACOPY="Y" ADELETE="Y" HEIGHT="30">
<TD COLSPAN="2" WIDTH="591" HEIGHT="23">   나. 투자설명서</TD>
</TR>

<TR ACOPY="Y" ADELETE="Y" HEIGHT="30">
<TD COLSPAN="2" WIDTH="591" HEIGHT="23">                       전자문서 : 금융위(금감원) 전자공시시스템 →  http://dart.fss.or.kr</TD>
</TR>

<TR ACOPY="Y" ADELETE="Y" HEIGHT="30">
<TD COLSPAN="2" WIDTH="591" HEIGHT="23">                       서면문서 : 집합투자업자, 판매회사 및 협회 (전화번호, 홈페이지 주소)</TD>
</TR>

<TR ACOPY="Y" ADELETE="Y" HEIGHT="30">
<TD COLSPAN="2" WIDTH="591" HEIGHT="23">9. (안정조작 또는 시장조성 관련)</TD>
</TR>

<TR ACOPY="Y" ADELETE="Y" HEIGHT="30">
<TD COLSPAN="2" WIDTH="591" HEIGHT="23"></TD>
</TR>

<TR ACOPY="Y" ADELETE="Y" HEIGHT="53">
<TD COLSPAN="2" WIDTH="591" HEIGHT="46">※ 효력발생일까지 증권신고서의 기재사항 중 일부가 변경될 수 있으며, 개방형 집합투자증권인 경우 효력발생일 이후(청약일 이후)에도 변경될 수 있습니다.</TD>
</TR>
</TBODY>
</TABLE>

<TABLE ACLASS="NORMAL" AFIXTABLE="N" WIDTH="600" BORDER="1">

<COLGROUP WIDTH="600">
<COL WIDTH="600"></COL>
</COLGROUP>

<TBODY>

<TR ACOPY="Y" ADELETE="Y" HEIGHT="157">
<TD WIDTH="591" HEIGHT="150" AUPDATECONT="N" USERMARK="F-BT13 B 0X0000FF" ENG="Please note that the Financial Services Commission does not verify the accuracy or truthfulness of the information presented in the prospectus, nor does it guarantee or endorse the value of the securities. Additionally, these collective investment securities are performance-based dividend products not covered by the Depositor Protection Act. Therefore, investing in them carries the risk of potential loss of principal investment. Please exercise caution when considering these investments.">금융위원회가 투자설명서의 기재사항이 진실 또는 정확하다는 것을 인정하거나 그 증권의 가치를 보증 또는 승인하지 아니함을 유의하시기 바랍니다.또한 이 집합투자증권은「예금자보호법」에 의한 보호를 받지 않는 실적배당상품으로 투자원금의 손실이 발생할 수 있으므로 투자에 신중을 기하여 주시기 바랍니다. </TD>
</TR>
</TBODY>
</TABLE>
<PGBRK></PGBRK>
</COVER>

<LIBRARY>
<SECTION-1 ACLASS="MANDATORY" APARTSOURCE="SOURCE">
<TITLE ATOC="Y" ATOCID="3" ENG="[Main Text]">[ 본 문 ]</TITLE>

</SECTION-1></LIBRARY></BODY></DOCUMENT>