<html>
 <head> 
  <meta content="gdi" http-equiv="X-UA-TextLayoutMetrics"> 
  <meta content="text/html; charset=euc-kr" http-equiv="Content-Type"> 
  <STYLE>
.xforms * { font-family: 돋움체;}
.xforms_title * { font-size: 13pt; padding : 0 0 10 0;}

.xforms table {
    font-size: 10px;
    padding:0px;
    border-collapse:collapse;
    color: #3D3D3D;
}
.xforms td {
    padding-left:0px;
    padding-top:0px;
    border-collapse:collapse;
    line-height:22px;
    color: #3D3D3D;
    /*text-align:right;*/
    vertical-align:middle;
    border: 1px solid #7f7f7f;
}

.xforms span {
    /*display: inline-block;*/
    padding-left:3px;
    padding-right: 1px;
    line-height:22px;
    padding-top:0px;
    padding-bottom:0px;
    text-align:left;
    vertical-align:middle;
    border: 0px solid #DBDBDB;
}

.xforms.img{
    border : 0px;
}

.xforms a:link {

    color: #194866;
    text-decoration: none;
}
.xforms a:active {

    color: #194866;
    text-decoration: none;
}
.xforms a:visited {
    color: #194866;
    text-decoration: none;
}

.xforms A:hover {
    color:008BE3;
    text-decoration: none;
}

.xforms_input{
    border: 0px solid #DBDBDB;
    padding-left:3px;
    padding-right: 1px;
    height:22px;
    padding-top:0px;
    padding-bottom:0px;
    text-align:left;
}
</STYLE> 
  <title>엘앤케이바이오/전환청구권행사/(2026.01.05)전환청구권행사</title> 
 </head> 
 <body> 
  <div class="xforms"> 
   <div> 
    <span class="noprint" style="display:none;width:600px;font-size:10pt;"> </span> 
    <div class="xforms_title"> 
     <div> 
      <span style="width:598px;font-weight:bold;text-align:center;">전환청구권 행사</span> 
     </div> 
    </div> 
    <span class="noprint" style="display:none;width:600px;font-size:10pt;"> </span> 
    <table border="1" bordercolordark="white" bordercolorlight="#666666" cellpadding="1" cellspacing="0" id="XFormD27_Form0_Table0" style="margin:0px 0px 20px 0px;width:597px;font-size:10pt;border:1px solid #7f7f7f;"> 
     <tbody> 
      <tr> 
       <td width="246"> <span style="width:246px;font-size:10pt;">1. 전환청구권 행사주식수 누계 (주) (기 신고된 주식수량 제외)</span> </td> 
       <td colspan="2" width="351"> <span class="xforms_input" style="width:351px;font-size:10pt;text-align:right;">386,928</span> </td> 
      </tr> 
      <tr> 
       <td width="246"> <span style="width:246px;font-size:10pt;">-발행주식총수(주)</span> </td> 
       <td colspan="2" width="351"> <span class="xforms_input" style="width:351px;font-size:10pt;text-align:right;">21,786,505</span> </td> 
      </tr> 
      <tr> 
       <td width="246"> <span style="width:246px;font-size:10pt;">-발행주식총수 대비(%)</span> </td> 
       <td colspan="2" width="351"> <span class="xforms_input" style="width:351px;font-size:10pt;text-align:right;">1.78</span> </td> 
      </tr> 
      <tr> 
       <td width="246"> <span style="width:246px;font-size:10pt;">2. 공정거래위원회 신고대상 여부</span> </td> 
       <td colspan="2" width="351"> <span class="xforms_input" style="width:351px;font-size:10pt;">미해당</span> </td> 
      </tr> 
      <tr> 
       <td rowspan="2" width="246"> <span style="width:246px;font-size:10pt;">3. 기타 투자판단에 참고할 사항</span> </td> 
       <td colspan="2" width="351"> <span class="xforms_input" style="width:351px;font-size:10pt;">-상기 발행주식총수(주)는 금번 전환청구권 행사주식수누계 수량이 포함되지 않은 공시일 현재기준의 상장된 주식총수입니다. <br xmlns:java="http://xml.apache.org/xalan/java"> <br xmlns:java="http://xml.apache.org/xalan/java">-2025년 07월 09일 시가하락에 의한 전환가액의 조정으로 인해 전환가액이 6,371원으로 변경되었습니다. <br xmlns:java="http://xml.apache.org/xalan/java"> <br xmlns:java="http://xml.apache.org/xalan/java">-하기 "전환청구내역"의 "상장일 또는 예정일"은 관계기간 일정에 따라 변경될 수 있습니다.</span> </td> 
      </tr> 
      <tr> 
       <td width="77"> <span style="width:77px;font-size:10pt;">※관련공시</span> </td> 
       <td width="274"> <span style="width:274px;font-size:10pt;"> <a href="http://kind.krx.co.kr/common/disclsviewer.do?method=search&amp;acptno=20240507000651&amp;rcpno=20240507000600&amp;orgid=F&amp;tran=Y&amp;langTpCd=0" target="_blank" xmlns="http://www.w3.org/1999/xhtml" xmlns:xf="http://www.w3.org/2002/xforms" xmlns:xh="http://www.w3.org/1999/xhtml" xmlns:xsd="http://www.w3.org/2001/XMLSchema">2024-05-07 전환사채권발행결정(제10회차)</a> <br xmlns:java="http://xml.apache.org/xalan/java"> <a href="http://kind.krx.co.kr/common/disclsviewer.do?method=search&amp;acptno=20240508000425&amp;rcpno=20240508000398&amp;orgid=F&amp;tran=Y&amp;langTpCd=0" target="_blank" xmlns="http://www.w3.org/1999/xhtml" xmlns:xf="http://www.w3.org/2002/xforms" xmlns:xh="http://www.w3.org/1999/xhtml" xmlns:xsd="http://www.w3.org/2001/XMLSchema">2024-05-08 전환사채권발행결정(제10회차)</a> <br xmlns:java="http://xml.apache.org/xalan/java"> <a href="http://kind.krx.co.kr/common/disclsviewer.do?method=search&amp;acptno=20240509000522&amp;rcpno=20240509000522&amp;orgid=K&amp;tran=Y&amp;langTpCd=0" target="_blank" xmlns="http://www.w3.org/1999/xhtml" xmlns:xf="http://www.w3.org/2002/xforms" xmlns:xh="http://www.w3.org/1999/xhtml" xmlns:xsd="http://www.w3.org/2001/XMLSchema">2024-05-09 증권 발행결과(자율공시)</a> <br xmlns:java="http://xml.apache.org/xalan/java"> <a href="http://kind.krx.co.kr/common/disclsviewer.do?method=search&amp;acptno=20241209000343&amp;rcpno=20241209000343&amp;orgid=K&amp;tran=Y&amp;langTpCd=0" target="_blank" xmlns="http://www.w3.org/1999/xhtml" xmlns:xf="http://www.w3.org/2002/xforms" xmlns:xh="http://www.w3.org/1999/xhtml" xmlns:xsd="http://www.w3.org/2001/XMLSchema">2024-12-09 전환가액의조정</a> <br xmlns:java="http://xml.apache.org/xalan/java"> <a href="http://kind.krx.co.kr/common/disclsviewer.do?method=search&amp;acptno=20250709000501&amp;rcpno=20250709000501&amp;orgid=K&amp;tran=Y&amp;langTpCd=0" target="_blank" xmlns="http://www.w3.org/1999/xhtml" xmlns:xf="http://www.w3.org/2002/xforms" xmlns:xh="http://www.w3.org/1999/xhtml" xmlns:xsd="http://www.w3.org/2001/XMLSchema">2025-07-09 전환가액의조정</a> <br xmlns:java="http://xml.apache.org/xalan/java"> <a href="http://kind.krx.co.kr/common/disclsviewer.do?method=search&amp;acptno=20250722000334&amp;rcpno=20250722000334&amp;orgid=K&amp;tran=Y&amp;langTpCd=0" target="_blank" xmlns="http://www.w3.org/1999/xhtml" xmlns:xf="http://www.w3.org/2002/xforms" xmlns:xh="http://www.w3.org/1999/xhtml" xmlns:xsd="http://www.w3.org/2001/XMLSchema">2025-07-22 전환청구권행사</a> <br xmlns:java="http://xml.apache.org/xalan/java"> <a href="http://kind.krx.co.kr/common/disclsviewer.do?method=search&amp;acptno=20250724000679&amp;rcpno=20250724000679&amp;orgid=K&amp;tran=N&amp;langTpCd=0" target="_blank" xmlns="http://www.w3.org/1999/xhtml" xmlns:xf="http://www.w3.org/2002/xforms" xmlns:xh="http://www.w3.org/1999/xhtml" xmlns:xsd="http://www.w3.org/2001/XMLSchema">2025-07-24 추가상장(국내사모 CB전환)</a> <br xmlns:java="http://xml.apache.org/xalan/java"> <a href="http://kind.krx.co.kr/common/disclsviewer.do?method=search&amp;acptno=20250731000692&amp;rcpno=20250731000692&amp;orgid=K&amp;tran=N&amp;langTpCd=0" target="_blank" xmlns="http://www.w3.org/1999/xhtml" xmlns:xf="http://www.w3.org/2002/xforms" xmlns:xh="http://www.w3.org/1999/xhtml" xmlns:xsd="http://www.w3.org/2001/XMLSchema">2025-07-31 추가상장(국내사모 CB전환)</a> <br xmlns:java="http://xml.apache.org/xalan/java"> <a href="http://kind.krx.co.kr/common/disclsviewer.do?method=search&amp;acptno=20250826000434&amp;rcpno=20250826000434&amp;orgid=K&amp;tran=N&amp;langTpCd=0" target="_blank" xmlns="http://www.w3.org/1999/xhtml" xmlns:xf="http://www.w3.org/2002/xforms" xmlns:xh="http://www.w3.org/1999/xhtml" xmlns:xsd="http://www.w3.org/2001/XMLSchema">2025-08-26 추가상장(국내사모 CB전환)</a> <br xmlns:java="http://xml.apache.org/xalan/java"> <a href="http://kind.krx.co.kr/common/disclsviewer.do?method=search&amp;acptno=20250908000395&amp;rcpno=20250908000395&amp;orgid=K&amp;tran=Y&amp;langTpCd=0" target="_blank" xmlns="http://www.w3.org/1999/xhtml" xmlns:xf="http://www.w3.org/2002/xforms" xmlns:xh="http://www.w3.org/1999/xhtml" xmlns:xsd="http://www.w3.org/2001/XMLSchema">2025-09-08 전환청구권행사</a> <br xmlns:java="http://xml.apache.org/xalan/java"> <a href="http://kind.krx.co.kr/common/disclsviewer.do?method=search&amp;acptno=20250924000464&amp;rcpno=20250924000464&amp;orgid=K&amp;tran=N&amp;langTpCd=0" target="_blank" xmlns="http://www.w3.org/1999/xhtml" xmlns:xf="http://www.w3.org/2002/xforms" xmlns:xh="http://www.w3.org/1999/xhtml" xmlns:xsd="http://www.w3.org/2001/XMLSchema">2025-09-24 추가상장(국내사모 CB전환)</a> <br xmlns:java="http://xml.apache.org/xalan/java"> <a href="http://kind.krx.co.kr/common/disclsviewer.do?method=search&amp;acptno=20251015000605&amp;rcpno=20251015000605&amp;orgid=K&amp;tran=N&amp;langTpCd=0" target="_blank" xmlns="http://www.w3.org/1999/xhtml" xmlns:xf="http://www.w3.org/2002/xforms" xmlns:xh="http://www.w3.org/1999/xhtml" xmlns:xsd="http://www.w3.org/2001/XMLSchema">2025-10-15 추가상장(국내사모 CB전환)</a> <br xmlns:java="http://xml.apache.org/xalan/java"> <a href="http://kind.krx.co.kr/common/disclsviewer.do?method=search&amp;acptno=20251016000487&amp;rcpno=20251016000487&amp;orgid=K&amp;tran=Y&amp;langTpCd=0" target="_blank" xmlns="http://www.w3.org/1999/xhtml" xmlns:xf="http://www.w3.org/2002/xforms" xmlns:xh="http://www.w3.org/1999/xhtml" xmlns:xsd="http://www.w3.org/2001/XMLSchema">2025-10-16 전환청구권행사</a> <br xmlns:java="http://xml.apache.org/xalan/java"> <a href="http://kind.krx.co.kr/common/disclsviewer.do?method=search&amp;acptno=20251027000580&amp;rcpno=20251027000580&amp;orgid=K&amp;tran=Y&amp;langTpCd=0" target="_blank" xmlns="http://www.w3.org/1999/xhtml" xmlns:xf="http://www.w3.org/2002/xforms" xmlns:xh="http://www.w3.org/1999/xhtml" xmlns:xsd="http://www.w3.org/2001/XMLSchema">2025-10-27 전환청구권행사</a> <br xmlns:java="http://xml.apache.org/xalan/java"> <a href="http://kind.krx.co.kr/common/disclsviewer.do?method=search&amp;acptno=20251117000546&amp;rcpno=20251117000546&amp;orgid=K&amp;tran=N&amp;langTpCd=0" target="_blank" xmlns="http://www.w3.org/1999/xhtml" xmlns:xf="http://www.w3.org/2002/xforms" xmlns:xh="http://www.w3.org/1999/xhtml" xmlns:xsd="http://www.w3.org/2001/XMLSchema">2025-11-17 추가상장(국내사모 CB전환)</a> <br xmlns:java="http://xml.apache.org/xalan/java"> <a href="http://kind.krx.co.kr/common/disclsviewer.do?method=search&amp;acptno=20251203000533&amp;rcpno=20251203000533&amp;orgid=K&amp;tran=Y&amp;langTpCd=0" target="_blank" xmlns="http://www.w3.org/1999/xhtml" xmlns:xf="http://www.w3.org/2002/xforms" xmlns:xh="http://www.w3.org/1999/xhtml" xmlns:xsd="http://www.w3.org/2001/XMLSchema">2025-12-03 전환청구권행사</a> <br xmlns:java="http://xml.apache.org/xalan/java"> <a href="http://kind.krx.co.kr/common/disclsviewer.do?method=search&amp;acptno=20251211000620&amp;rcpno=20251211000620&amp;orgid=K&amp;tran=Y&amp;langTpCd=0" target="_blank" xmlns="http://www.w3.org/1999/xhtml" xmlns:xf="http://www.w3.org/2002/xforms" xmlns:xh="http://www.w3.org/1999/xhtml" xmlns:xsd="http://www.w3.org/2001/XMLSchema">2025-12-11 전환청구권행사</a> <br xmlns:java="http://xml.apache.org/xalan/java"> <a href="http://kind.krx.co.kr/common/disclsviewer.do?method=search&amp;acptno=20251226000886&amp;rcpno=20251226000886&amp;orgid=K&amp;tran=N&amp;langTpCd=0" target="_blank" xmlns="http://www.w3.org/1999/xhtml" xmlns:xf="http://www.w3.org/2002/xforms" xmlns:xh="http://www.w3.org/1999/xhtml" xmlns:xsd="http://www.w3.org/2001/XMLSchema">2025-12-26 추가상장(국내사모 CB전환)</a> <br xmlns:java="http://xml.apache.org/xalan/java"> </span> </td> 
      </tr> 
     </tbody> 
    </table> 
    <span style="width:606px;font-size:11pt;font-weight:bold;">일별 전환청구내역</span> 
    <table border="1" bordercolordark="white" bordercolorlight="#666666" cellpadding="1" cellspacing="0" id="XFormD27_Form0_RepeatTable0" style="margin:0px 0px 20px 0px;width:605px;font-size:10pt;border:1px solid #7f7f7f;"> 
     <tbody> 
      <tr> 
       <td rowspan="2" width="99"> <span style="width:99px;font-size:10pt;text-align:center;">청구일자</span> </td> 
       <td colspan="2" width="143"> <span style="width:143px;font-size:10pt;text-align:center;">사채의 명칭</span> </td> 
       <td rowspan="2" width="93"> <span style="width:93px;font-size:10pt;text-align:center;">청구금액</span> </td> 
       <td rowspan="2" width="103"> <span style="width:103px;font-size:10pt;text-align:center;">전환가액</span> </td> 
       <td rowspan="2" width="73"> <span style="width:73px;font-size:10pt;text-align:center;">발행한 주식수</span> </td> 
       <td rowspan="2" width="94"> <span style="width:94px;font-size:10pt;text-align:center;">상장일 또는 예정일</span> </td> 
      </tr> 
      <tr> 
       <td width="44"> <span style="width:44px;font-size:10pt;text-align:center;">회차</span> </td> 
       <td width="99"> <span style="width:99px;font-size:10pt;text-align:center;">종류</span> </td> 
      </tr> 
      <tr> 
       <td width="99"> <span class="xforms_input" style="width:99px;font-size:10pt;">2026-01-05</span> </td> 
       <td width="44"> <span class="xforms_input" style="width:44px;font-size:10pt;text-align:center;">10</span> </td> 
       <td width="99"> <span class="xforms_input" style="width:99px;font-size:10pt;">무기명식 이권부 무보증 사모 전환사채</span> </td> 
       <td width="93"> <span class="xforms_input" style="width:93px;font-size:10pt;text-align:right;">2,465,120,000원</span> </td> 
       <td width="103"> <span class="xforms_input" style="width:103px;font-size:10pt;text-align:right;">6,371</span> </td> 
       <td width="73"> <span class="xforms_input" style="width:73px;font-size:10pt;text-align:right;">386,928</span> </td> 
       <td width="94"> <span class="xforms_input" style="width:94px;font-size:10pt;">2026-02-02</span> </td> 
      </tr> 
     </tbody> 
    </table> 
    <span style="width:611px;font-size:11pt;font-weight:bold;">전환사채 잔액</span> 
    <table border="1" bordercolordark="white" bordercolorlight="#666666" cellpadding="1" cellspacing="0" id="XFormD27_Form0_RepeatTable1" style="margin:0px 0px 20px 0px;width:602px;border:1px solid #7f7f7f;"> 
     <tbody> 
      <tr> 
       <td width="61"> <span style="width:61px;font-size:10pt;text-align:center;">회차</span> </td> 
       <td colspan="2" width="171"> <span style="width:171px;font-size:10pt;text-align:center;">발행당시 사채의 권면(전자등록)총액(통화단위)</span> </td> 
       <td colspan="2" width="166"> <span style="width:166px;font-size:10pt;text-align:center;">신고일 현재 미전환사채 잔액 (통화단위)</span> </td> 
       <td width="104"> <span style="width:104px;font-size:10pt;text-align:center;">전환가액(원)</span> </td> 
       <td width="100"> <span style="width:100px;font-size:10pt;text-align:center;">전환가능 주식수</span> </td> 
      </tr> 
      <tr> 
       <td width="61"> <span class="xforms_input" style="width:61px;font-size:10pt;text-align:center;">10</span> </td> 
       <td width="81"> <span class="xforms_input" style="width:81px;font-size:10pt;text-align:right;">20,000,000,000</span> </td> 
       <td width="90"> <span class="xforms_input" style="width:90px;font-size:10pt;">KRW : South-Korean Won</span> </td> 
       <td width="86"> <span class="xforms_input" style="width:86px;font-size:10pt;text-align:right;">5,750,000,000</span> </td> 
       <td width="80"> <span class="xforms_input" style="width:80px;font-size:10pt;">KRW : South-Korean Won</span> </td> 
       <td width="104"> <span class="xforms_input" style="width:104px;font-size:10pt;text-align:right;">6,371</span> </td> 
       <td width="100"> <span class="xforms_input" style="width:100px;font-size:10pt;text-align:right;">902,527</span> </td> 
      </tr> 
     </tbody> 
    </table> 
   </div> 
  </div>  
 </body>
</html>