<?xml version="1.0" encoding="utf-8"?>


<DOCUMENT xmlns:xsi="http://www.w3.org/2001/XMLSchema-instance" xsi:noNamespaceSchemaLocation="dart4.xsd">

<DOCUMENT-NAME ACODE="11340">타법인 주식 및 출자증권 양수결정</DOCUMENT-NAME>
<FORMULA-VERSION ADATE="20231229">6.0</FORMULA-VERSION>
<COMPANY-NAME AREGCIK="00317210">성호전자(주)</COMPANY-NAME>


<BODY ATOCID="3">

<LIBRARY>
<CORRECTION>
<TITLE ATOC="Y" AASSOCNOTE="CORRECTION" ENG="Report of Disclosure Revision" ATOCID="2">정 정 신 고 (보고)</TITLE>

<TABLE ACLASS="NORMAL" AFIXTABLE="Y" WIDTH="600" BORDER="0">

<COLGROUP WIDTH="600">
<COL WIDTH="600"></COL>
</COLGROUP>

<TBODY>

<TR ACOPY="N" ADELETE="N" HEIGHT="30">
<TD WIDTH="591" HEIGHT="23"></TD>
</TR>

<TR ACOPY="N" ADELETE="N" HEIGHT="30">
<TD WIDTH="591" HEIGHT="23" ALIGN="RIGHT">2026년 01월 05일</TD>
</TR>
</TBODY>
</TABLE>
<P></P>
<P></P>

<TABLE ACLASS="NORMAL" AFIXTABLE="Y" WIDTH="600" BORDER="0">

<COLGROUP WIDTH="600">
<COL WIDTH="165"></COL>
<COL WIDTH="435"></COL>
</COLGROUP>

<TBODY>

<TR ACOPY="N" ADELETE="N" HEIGHT="30">
<TD WIDTH="156" VALIGN="MIDDLE" AUPDATECONT="N" ENG="1. Disclosure document to be revised:" HEIGHT="23">1. 정정대상 공시서류 :</TD>
<TD WIDTH="426" VALIGN="MIDDLE" HEIGHT="23"> 주요사항보고서(타법인 주식 및 출자증권 양수결정)</TD>
</TR>
</TBODY>
</TABLE>
<P></P>

<TABLE ACLASS="NORMAL" AFIXTABLE="Y" WIDTH="600" BORDER="0">

<COLGROUP WIDTH="600">
<COL WIDTH="260"></COL>
<COL WIDTH="340"></COL>
</COLGROUP>

<TBODY>

<TR ACOPY="N" ADELETE="N" HEIGHT="30">
<TD WIDTH="251" VALIGN="MIDDLE" AUPDATECONT="N" ENG="2. First submission date of disclosure document to be revised:" HEIGHT="23">2. 정정대상 공시서류의 최초제출일 :</TD>
<TD WIDTH="331" VALIGN="MIDDLE" HEIGHT="23">2025년 12월 08일</TD>
</TR>
</TBODY>
</TABLE>
<P></P>

<TABLE ACLASS="NORMAL" AFIXTABLE="Y" WIDTH="600" BORDER="0">

<COLGROUP WIDTH="600">
<COL WIDTH="600"></COL>
</COLGROUP>

<TBODY>

<TR ACOPY="N" ADELETE="N" HEIGHT="30">
<TD WIDTH="591" HEIGHT="23" VALIGN="MIDDLE" AUPDATECONT="N" ENG="3. Revised Information">3. 정정사항</TD>
</TR>
</TBODY>
</TABLE>

<TABLE ACLASS="NORMAL" AFIXTABLE="N" WIDTH="845" BORDER="1">

<COLGROUP WIDTH="845">
<COL WIDTH="102"></COL>
<COL WIDTH="168"></COL>
<COL WIDTH="104"></COL>
<COL WIDTH="118"></COL>
<COL WIDTH="135"></COL>
<COL WIDTH="129"></COL>
<COL WIDTH="89"></COL>
</COLGROUP>

<THEAD>

<TR ACOPY="N" ADELETE="N" HEIGHT="30">
<TH WIDTH="261" HEIGHT="23" VALIGN="MIDDLE" ACOPYCOL="N" ADELETECOL="N" AMOVECOL="N" AUPDATECONT="N" ENG="Items" COLSPAN="2">항  목</TH>
<TH WIDTH="95" HEIGHT="23" VALIGN="MIDDLE" ACOPYCOL="N" ADELETECOL="N" AMOVECOL="N" AUPDATECONT="N" ENG="Reason for revision">정정사유</TH>
<TH WIDTH="244" HEIGHT="23" VALIGN="MIDDLE" ACOPYCOL="N" ADELETECOL="N" AMOVECOL="N" AUPDATECONT="N" ENG="Before revision" COLSPAN="2">정 정 전</TH>
<TH WIDTH="209" HEIGHT="23" VALIGN="MIDDLE" ACOPYCOL="N" ADELETECOL="N" AMOVECOL="N" AUPDATECONT="N" ENG="After revision" COLSPAN="2">정 정 후</TH>
</TR>
</THEAD>

<TBODY>

<TR ACOPY="Y" ADELETE="Y" HEIGHT="30">
<TD WIDTH="93" HEIGHT="173" ROWSPAN="6" VALIGN="MIDDLE">2. 양수내역</TD>
<TD WIDTH="159" HEIGHT="23" VALIGN="MIDDLE" ALIGN="CENTER">양수주식수(주)</TD>
<TD WIDTH="95" HEIGHT="760" ROWSPAN="14" ALIGN="CENTER" VALIGN="MIDDLE">주식매매계약매수인 지위 이전</TD>
<TD WIDTH="244" HEIGHT="23" COLSPAN="2" ALIGN="RIGHT" VALIGN="MIDDLE">350,000</TD>
<TD WIDTH="209" HEIGHT="23" COLSPAN="2" ALIGN="RIGHT" VALIGN="MIDDLE">-</TD>
</TR>

<TR ACOPY="Y" ADELETE="Y" HEIGHT="30">
<TD WIDTH="159" HEIGHT="23" VALIGN="MIDDLE" ALIGN="CENTER">양수금액(원)(A)</TD>
<TD WIDTH="244" HEIGHT="23" COLSPAN="2" ALIGN="RIGHT" VALIGN="MIDDLE">280,000,000,000</TD>
<TD WIDTH="209" HEIGHT="23" COLSPAN="2" ALIGN="RIGHT" VALIGN="MIDDLE">-</TD>
</TR>

<TR ACOPY="Y" ADELETE="Y" HEIGHT="30">
<TD WIDTH="159" HEIGHT="23" VALIGN="MIDDLE" ALIGN="CENTER">총자산(원)(B)</TD>
<TD WIDTH="244" HEIGHT="23" COLSPAN="2" ALIGN="RIGHT" VALIGN="MIDDLE">367,331,808,054</TD>
<TD WIDTH="209" HEIGHT="23" COLSPAN="2" ALIGN="RIGHT" VALIGN="MIDDLE">-</TD>
</TR>

<TR ACOPY="Y" ADELETE="Y" HEIGHT="30">
<TD WIDTH="159" HEIGHT="23" VALIGN="MIDDLE" ALIGN="CENTER">총자산대비(%)(A/B)</TD>
<TD WIDTH="244" HEIGHT="23" COLSPAN="2" ALIGN="RIGHT" VALIGN="MIDDLE">76.23</TD>
<TD WIDTH="209" HEIGHT="23" COLSPAN="2" ALIGN="RIGHT" VALIGN="MIDDLE">-</TD>
</TR>

<TR ACOPY="Y" ADELETE="Y" HEIGHT="30">
<TD WIDTH="159" HEIGHT="23" VALIGN="MIDDLE" ALIGN="CENTER">자기자본(원)(C)</TD>
<TD WIDTH="244" HEIGHT="23" COLSPAN="2" ALIGN="RIGHT" VALIGN="MIDDLE">153,471,098,362</TD>
<TD WIDTH="209" HEIGHT="23" COLSPAN="2" ALIGN="RIGHT" VALIGN="MIDDLE">-</TD>
</TR>

<TR ACOPY="Y" ADELETE="Y" HEIGHT="30">
<TD WIDTH="159" HEIGHT="23" VALIGN="MIDDLE" ALIGN="CENTER">자기자본대비(%)(A/C)</TD>
<TD WIDTH="244" HEIGHT="23" COLSPAN="2" ALIGN="RIGHT" VALIGN="MIDDLE">182.44</TD>
<TD WIDTH="209" HEIGHT="23" COLSPAN="2" ALIGN="RIGHT" VALIGN="MIDDLE">-</TD>
</TR>

<TR ACOPY="Y" ADELETE="Y" HEIGHT="53">
<TD WIDTH="261" HEIGHT="76" COLSPAN="2" VALIGN="MIDDLE" ROWSPAN="2">3. 양수후 소유주식수 및 지분비율</TD>
<TD WIDTH="109" HEIGHT="46" ALIGN="CENTER" VALIGN="MIDDLE">소유주식수(주)</TD>
<TD WIDTH="126" HEIGHT="46" ALIGN="RIGHT" VALIGN="MIDDLE">350,000</TD>
<TD WIDTH="120" HEIGHT="46" ALIGN="CENTER" VALIGN="MIDDLE">소유주식수(주)</TD>
<TD WIDTH="80" HEIGHT="46" ALIGN="RIGHT" VALIGN="MIDDLE">0</TD>
</TR>

<TR ACOPY="Y" ADELETE="Y" HEIGHT="30">
<TD WIDTH="109" HEIGHT="23" ALIGN="CENTER" VALIGN="MIDDLE">지분비율(%)</TD>
<TD WIDTH="126" HEIGHT="23" ALIGN="RIGHT" VALIGN="MIDDLE">87.50</TD>
<TD WIDTH="120" HEIGHT="23" ALIGN="CENTER" VALIGN="MIDDLE">지분비율(%)</TD>
<TD WIDTH="80" HEIGHT="23" ALIGN="RIGHT" VALIGN="MIDDLE">0.00</TD>
</TR>

<TR ACOPY="Y" ADELETE="Y" HEIGHT="30">
<TD WIDTH="261" HEIGHT="23" COLSPAN="2" VALIGN="MIDDLE">4. 양수목적</TD>
<TD WIDTH="244" HEIGHT="23" COLSPAN="2" ALIGN="CENTER" VALIGN="MIDDLE">지배지분 확보 및 사업다각화</TD>
<TD WIDTH="209" HEIGHT="23" COLSPAN="2" ALIGN="CENTER" VALIGN="MIDDLE">-</TD>
</TR>

<TR ACOPY="Y" ADELETE="Y" HEIGHT="30">
<TD WIDTH="261" HEIGHT="23" COLSPAN="2" VALIGN="MIDDLE">5. 양수예정일자</TD>
<TD WIDTH="244" HEIGHT="23" COLSPAN="2" ALIGN="CENTER" VALIGN="MIDDLE">2026년 01월 16일</TD>
<TD WIDTH="209" HEIGHT="23" COLSPAN="2" ALIGN="CENTER" VALIGN="MIDDLE">-</TD>
</TR>

<TR ACOPY="Y" ADELETE="Y" HEIGHT="30">
<TD WIDTH="93" HEIGHT="53" VALIGN="MIDDLE" ROWSPAN="2">6. 거래상대방</TD>
<TD WIDTH="159" HEIGHT="23">회사명(성명)</TD>
<TD WIDTH="244" HEIGHT="23" COLSPAN="2" ALIGN="CENTER" VALIGN="MIDDLE">송광열 外 9인</TD>
<TD WIDTH="209" HEIGHT="23" COLSPAN="2" ALIGN="CENTER" VALIGN="MIDDLE">-</TD>
</TR>

<TR ACOPY="Y" ADELETE="Y" HEIGHT="30">
<TD WIDTH="159" HEIGHT="23">회사와의 관계</TD>
<TD WIDTH="244" HEIGHT="23" COLSPAN="2" ALIGN="CENTER" VALIGN="MIDDLE">-</TD>
<TD WIDTH="209" HEIGHT="23" COLSPAN="2" ALIGN="CENTER" VALIGN="MIDDLE">-</TD>
</TR>

<TR ACOPY="Y" ADELETE="Y" HEIGHT="331">
<TD WIDTH="261" HEIGHT="324" COLSPAN="2" VALIGN="MIDDLE">7. 거래대금지급</TD>
<TD WIDTH="244" HEIGHT="324" COLSPAN="2">1) 대금지급방법: 현금 지급2) 대금지급시기- 양수금액 중 (i) 70,000,000,000원은 거래종결일 직전전일에, (ii) 64,000,000,000원은 직전일에, (iii) 138,809,805,343원은 거래종결일에 지급할 예정임.- 양수금액 중 발행회사의 운영 성과에 따라 일부 매도인들에게 지급 가능한 Earn-out 금액 7,190,194,657원은 그 조건 충족 여부에 따라 2027년 중 지급 여부가 결정될 예정임3) 자금조달방법: 사채 발행 등을 통한 신규조달</TD>
<TD WIDTH="209" HEIGHT="324" COLSPAN="2">-</TD>
</TR>

<TR ACOPY="Y" ADELETE="Y" HEIGHT="53">
<TD WIDTH="261" HEIGHT="46" COLSPAN="2" VALIGN="MIDDLE">15. 기타 투자판단과 관련한 중요한 사항</TD>
<TD WIDTH="244" HEIGHT="46" COLSPAN="2" ALIGN="CENTER" VALIGN="MIDDLE">주1) 정정전</TD>
<TD WIDTH="209" HEIGHT="46" COLSPAN="2" ALIGN="CENTER" VALIGN="MIDDLE">주2) 정정후</TD>
</TR>
</TBODY>
</TABLE>
<P>주1) 정정 전</P>

<P>1) 당사는 2025년 12월 8일 거래상대방과 주식매매계약(이하 "본건 주식매매계약")을 체결하였고, 거래종결일(2026년 1월 16일 예정) 이전에 당사가 100% 자회사로 설립 및 출자한 법인((가칭) 어매이징홀딩스 주식회사, 이하 "매수법인")에 본건 주식매매계약상 당사자 지위 및 그에 따른 권리/의무를 이전할 예정으로, 발행회사 주식의 최종 취득 주체는 매수법인이 될 예정입니다.2) 상기 '2. 양수내역' 중 '양수금액'은 본건 주식매매계약에 따라 거래종결일까지 지급되는 272,809,805,343원과 발행회사의 운영 성과에 따라 조건 충족 시 2027년 중 지급하는 Earn-out 금액 7,190,194,657원을 합산한 매매대금 총액입니다. 매수법인은 증자 및 차입을 통하여 매매대금을 조달할 예정입니다.
<SPAN USERMARK="0XEEAE00"></SPAN>3) 상기 '2. 양수내역' 중 '총자산'은 당사의 최근 사업연도(2024년)말 연결 재무제표 기준으로 작성하였으며, '자기자본'은 최근 사업연도(2024년)말 자본총계에 현재까지 증가한 자본금 및 자본잉여금을 반영한 기준으로 작성하였습니다.4) 상기 '3. 양수후 소유주식수 및 지분비율' 중 '지분비율'은 자기주식을 포함한 발행회사의 발행주식총수 기준 지분율이며, 자기주식을 제외한 발행회사의 발행주식총수 기준 지분율은 100%입니다.5) 하기 '발행회사의 요약 재무상황'은 (주)에이디에스테크의 당해년도(2024년), 전년도(2023년), 전전년도(2022년)의 개별 재무제표 기준으로 작성하였습니다.6) 매수법인이 양수금액의 일부를 인수금융을 통해 조달할 예정이며, 아직 구체적인 조건이 확정되지 않았습니다. 향후 조건이 확정이 되면 재공시 할 예정입니다.7) 양수금액 중 (i) 70,000,000,000원은 거래종결일 직전전일에, (ii) 64,000,000,000원은 직전일에, (iii) 138,809,805,343원은 거래종결일에 지급할 예정임. 양수금액 중 발행회사의 운영 성과에 따라 일부 매도인들에게 지급 가능한 Earn-out 금액(7,190,194,657원)은 그 조건 충족 여부에 따라 2027년 중 지급 여부가 결정될 예정입니다.8) 본 공시사항과 관련하여 확정 또는 변동이 있는 경우, 관련 공시 등을 통해 재공시할 예정입니다.9) SPC에 의한 간접적 취득 입니다.10) 기타 세부내역은 첨부된 '외부평가기관의 평가의견서'를 참조하시기 바랍니다.
</P>
<P>※ 관련공시 : 해당사항 없음</P>

<P>주2) 정정 후1) 당사는 2025년 12월 8일 거래상대방과 체결한 주식매매계약(이하 "본건 주식매매계약")에 대하여 신규 자회사인 '어매이징홀딩스 주식회사'에 본건 주식매매계약상 당사자 지위 및 그에 따른 권리/의무를 승계하였으며, 이에 따라 발행회사 주식의 최종 취득 주체는 어매이징홀딩스 주식회사입니다. 본건 주식매매계약의 주요내용에 대한 사항은 '타법인 주식 및 출자증권 취득결정(종속회사의 주요경영사항)' 공시를 참조하시기 바랍니다. 2) 어메이징홀딩스 주식회사는 인수금융 및 증자를 통하여 매매대금을 조달할 예정입니다.
<SPAN USERMARK="0XEEAE00"></SPAN>
<SPAN>3) 하기 '발행회사의 요약 재무상황'은 주식회사 에이디에스테크의 재무상황으로 당해연도는 2024 사업연도말, 전년도는 2023 사업연도말, 전전년도는 2022 사업연도말 연결재무제표 기준입니다.4) 본 공시사항과 관련하여 변동이 있는 경우, 관련 공시 등을 통해 재공시할 예정입니다.5) 기타 세부내역은 첨부된 '외부평가기관의 평가의견서'를 참조하시기 바랍니다.</SPAN>
</P>
<P>※ 관련공시 : 2025-01-05 타법인주식및출자증권취득결정(종속회사의 주요경영사항)</P>
<PGBRK></PGBRK>
</CORRECTION>
</LIBRARY>


<LIBRARY>
<SECTION-1 ACLASS="MANDATORY" APARTSOURCE="SOURCE">
<TITLE ATOC="Y" AASSOCNOTE="D-0-0-0-0" ENG="Report on Major Issues／Reporting Obligations to the KRX" ATOCID="3">주요사항보고서 / 거래소 신고의무 사항</TITLE>

<TABLE ACLASS="NORMAL" AFIXTABLE="Y" WIDTH="600" BORDER="0">

<COLGROUP WIDTH="600">
<COL WIDTH="141"></COL>
<COL WIDTH="183"></COL>
<COL WIDTH="276"></COL>
</COLGROUP>

<TBODY>

<TR ACOPY="Y" ADELETE="Y" HEIGHT="30">
<TD COLSPAN="3" WIDTH="591" HEIGHT="23"></TD>
</TR>

<TR ACOPY="Y" ADELETE="Y" HEIGHT="53">
<TD COLSPAN="3" WIDTH="591" HEIGHT="46"></TD>
</TR>

<TR ACOPY="Y" ADELETE="Y" HEIGHT="30">
<TD COLSPAN="2" VALIGN="MIDDLE" WIDTH="315" HEIGHT="23">금융위원회 / 한국거래소 귀중</TD>
<TD ALIGN="RIGHT" VALIGN="MIDDLE" WIDTH="267" HEIGHT="23"> 2026 년  01   월  05   일</TD>
</TR>

<TR ACOPY="Y" ADELETE="Y" HEIGHT="53">
<TD COLSPAN="3" WIDTH="591" HEIGHT="46"></TD>
</TR>

<TR ACOPY="Y" ADELETE="Y" HEIGHT="30">
<TD WIDTH="132" HEIGHT="23">회     사     명  :</TD>
<TD COLSPAN="2" WIDTH="450" HEIGHT="23">성호전자 주식회사</TD>
</TR>

<TR ACOPY="Y" ADELETE="Y" HEIGHT="30">
<TD WIDTH="132" HEIGHT="23">대  표   이  사  :</TD>
<TD COLSPAN="2" WIDTH="450" HEIGHT="23">박  성  재</TD>
</TR>

<TR ACOPY="Y" ADELETE="Y" HEIGHT="53">
<TD WIDTH="132" HEIGHT="46">본 점  소 재 지 :</TD>
<TD COLSPAN="2" WIDTH="450" HEIGHT="46">서울특별시 금천구 가산디지털1로 205-15, 1301호, 1302호, 1401호(가산동, 에스에이치드림타워)</TD>
</TR>

<TR ACOPY="Y" ADELETE="Y" HEIGHT="30">
<TD WIDTH="132" HEIGHT="23"></TD>
<TD COLSPAN="2" WIDTH="450" HEIGHT="23">(전  화) 02-2104-7530</TD>
</TR>

<TR ACOPY="Y" ADELETE="Y" HEIGHT="30">
<TD WIDTH="132" HEIGHT="23"></TD>
<TD COLSPAN="2" WIDTH="450" HEIGHT="23">(홈페이지) http://www.sungho.net</TD>
</TR>

<TR ACOPY="Y" ADELETE="Y" HEIGHT="30">
<TD WIDTH="132" HEIGHT="23"></TD>
<TD COLSPAN="2" WIDTH="450" HEIGHT="23"></TD>
</TR>

<TR ACOPY="Y" ADELETE="Y" HEIGHT="30">
<TD COLSPAN="3" WIDTH="591" HEIGHT="23"></TD>
</TR>

<TR ACOPY="Y" ADELETE="Y" HEIGHT="30">
<TD COLSPAN="3" WIDTH="591" HEIGHT="23"></TD>
</TR>

<TR ACOPY="Y" ADELETE="Y" HEIGHT="30">
<TD WIDTH="132" HEIGHT="23">작 성 책 임 자 :</TD>
<TD WIDTH="174" HEIGHT="23">(직  책) 이사 </TD>
<TD WIDTH="267" HEIGHT="23">(성  명) 유  숙  희</TD>
</TR>

<TR ACOPY="Y" ADELETE="Y" HEIGHT="30">
<TD WIDTH="132" HEIGHT="23"></TD>
<TD COLSPAN="2" WIDTH="450" HEIGHT="23">(전  화)  02-2104-7530</TD>
</TR>

<TR ACOPY="Y" ADELETE="Y" HEIGHT="30">
<TD COLSPAN="3" WIDTH="591" HEIGHT="23"></TD>
</TR>
</TBODY>
</TABLE>
<P></P>
<PGBRK></PGBRK>
</SECTION-1>
</LIBRARY>


<SECTION-1 ACLASS="MANDATORY" APARTSOURCE="SOURCE">
<TITLE ATOC="Y" AASSOCNOTE="D-0-1-0-0" ENG="Decision on Acquisition of Shares or Investment Securities of Other Corporations" ATOCID="1">타법인 주식 및 출자증권 양수결정</TITLE>
<P></P>

<TABLE-GROUP ACLASS="TBL_ACOC" ADELETETABLE="N">

<TABLE ACLASS="EXTRACTION" WIDTH="778" BORDER="1">

<COLGROUP WIDTH="778">
<COL WIDTH="174"></COL>
<COL WIDTH="167"></COL>
<COL WIDTH="118"></COL>
<COL WIDTH="112"></COL>
<COL WIDTH="95"></COL>
<COL WIDTH="112"></COL>
</COLGROUP>

<TBODY>

<TR ACOPY="N" ADELETE="N" HEIGHT="30">
<TD WIDTH="332" HEIGHT="182" COLSPAN="2" ROWSPAN="4" VALIGN="MIDDLE" AUPDATECONT="N" ENG="1. Issuing company">1. 발행회사</TD>
<TD WIDTH="109" HEIGHT="23" ALIGN="CENTER" AUPDATECONT="N" ENG="Company name">회사명</TD>
<TE WIDTH="310" HEIGHT="23" COLSPAN="3" ACODE="PC_NM" ALIGN="CENTER">주식회사 에이디에스테크</TE>
</TR>

<TR ACOPY="N" ADELETE="N" HEIGHT="30">
<TD WIDTH="109" HEIGHT="23" ALIGN="CENTER" AUPDATECONT="N" ENG="Nationality">국적</TD>
<TE WIDTH="103" HEIGHT="23" ACODE="PC_NT" ALIGN="CENTER">대한민국</TE>
<TD WIDTH="86" HEIGHT="23" ALIGN="CENTER" AUPDATECONT="N" ENG="Representative">대표자</TD>
<TE WIDTH="103" HEIGHT="23" ACODE="PC_CEO" ALIGN="CENTER">송광열</TE>
</TR>

<TR ACOPY="N" ADELETE="N" HEIGHT="30">
<TD WIDTH="109" HEIGHT="23" ALIGN="CENTER" AUPDATECONT="N" VALIGN="MIDDLE" ENG="Issued capital (KRW)">자본금(원)</TD>
<TE WIDTH="103" HEIGHT="23" ACODE="PC_CPT" ALIGN="RIGHT">200,000,000</TE>
<TD WIDTH="86" HEIGHT="23" ALIGN="CENTER" AUPDATECONT="N" VALIGN="MIDDLE" ENG="Relationship to company">회사와 관계</TD>
<TU WIDTH="103" HEIGHT="23" VALIGN="MIDDLE" ALIGN="CENTER" AUNIT="PC_RLT" AUNITVALUE="-" ENG="-">-</TU>
</TR>

<TR ACOPY="N" ADELETE="N" HEIGHT="99">
<TD WIDTH="109" HEIGHT="92" ALIGN="CENTER" AUPDATECONT="N" ENG="Total number of shares issued (shrs.)">발행주식총수(주)</TD>
<TE WIDTH="103" HEIGHT="92" ACODE="PC_STK_CNT" VALIGN="MIDDLE" ALIGN="RIGHT">400,000</TE>
<TD WIDTH="86" HEIGHT="92" VALIGN="MIDDLE" ALIGN="CENTER" AUPDATECONT="N" ENG="Main business">주요사업</TD>
<TE WIDTH="103" HEIGHT="92" ACODE="PC_MNB" VALIGN="MIDDLE" ALIGN="CENTER">광통신관련제품 및 시스템의 설계, 개발, 제조 및 판매업</TE>
</TR>

<TR ACOPY="N" ADELETE="N" HEIGHT="53">
<TD WIDTH="332" HEIGHT="46" COLSPAN="2" AUPDATECONT="N" ENG="- Whether new shares were acquired within the last six months by third-party allotment">   - 최근 6월 이내 제3자 배정에 의한     신주취득 여부</TD>
<TU WIDTH="428" HEIGHT="46" COLSPAN="4" VALIGN="MIDDLE" ALIGN="CENTER" AUNIT="AQ_NST_YN" AUNITVALUE="N" ENG="No">아니오</TU>
</TR>

<TR ACOPY="N" ADELETE="N" HEIGHT="30">
<TD WIDTH="165" HEIGHT="173" ROWSPAN="6" VALIGN="MIDDLE" AUPDATECONT="N" ENG="2. Details of acquisition">2. 양수내역</TD>
<TD WIDTH="158" HEIGHT="23" ALIGN="CENTER" AUPDATECONT="N" ENG="Number of shares to be acquired">양수주식수(주)</TD>
<TE WIDTH="428" HEIGHT="23" COLSPAN="4" ACODE="AC_STK_CNT" VALIGN="MIDDLE" ALIGN="RIGHT">-</TE>
</TR>

<TR ACOPY="N" ADELETE="N" HEIGHT="30">
<TD WIDTH="158" HEIGHT="23" ALIGN="CENTER" AUPDATECONT="N" ENG="Acquisition amount (KRW)(A)">양수금액(원)(A)</TD>
<TE WIDTH="428" HEIGHT="23" COLSPAN="4" ACODE="AC_AMT" VALIGN="MIDDLE" ALIGN="RIGHT">-</TE>
</TR>

<TR ACOPY="N" ADELETE="N" HEIGHT="30">
<TD WIDTH="158" HEIGHT="23" ALIGN="CENTER" AUPDATECONT="N" ENG="Total assets (KRW) (B)">총자산(원)(B)</TD>
<TE WIDTH="428" HEIGHT="23" COLSPAN="4" ACODE="CRP_ASST" VALIGN="MIDDLE" ALIGN="RIGHT">-</TE>
</TR>

<TR ACOPY="N" ADELETE="N" HEIGHT="30">
<TD WIDTH="158" HEIGHT="23" ALIGN="CENTER" AUPDATECONT="N" ENG="Ratio to total assets (%) (A/B)">총자산대비(%)(A/B)</TD>
<TE WIDTH="428" HEIGHT="23" COLSPAN="4" ACODE="ASST_RT" VALIGN="MIDDLE" ALIGN="RIGHT">-</TE>
</TR>

<TR ACOPY="N" ADELETE="N" HEIGHT="30">
<TD WIDTH="158" HEIGHT="23" ALIGN="CENTER" AUPDATECONT="N" ENG="Equity (KRW)(C)">자기자본(원)(C)</TD>
<TE WIDTH="428" HEIGHT="23" COLSPAN="4" ACODE="CRP_EQT" VALIGN="MIDDLE" ALIGN="RIGHT">-</TE>
</TR>

<TR ACOPY="N" ADELETE="N" HEIGHT="30">
<TD WIDTH="158" HEIGHT="23" ALIGN="CENTER" AUPDATECONT="N" ENG="Ratio to equity (%) (A/C)">자기자본대비(%)(A/C)</TD>
<TE WIDTH="428" HEIGHT="23" COLSPAN="4" ACODE="EQT_RT" VALIGN="MIDDLE" ALIGN="RIGHT">-</TE>
</TR>

<TR ACOPY="N" ADELETE="N" HEIGHT="30">
<TD WIDTH="332" HEIGHT="53" COLSPAN="2" ROWSPAN="2" VALIGN="MIDDLE" AUPDATECONT="N" ENG="3. Number of shares held and shareholding ratio after acquisition">3. 양수후 소유주식수 및 지분비율</TD>
<TD WIDTH="109" HEIGHT="23" ALIGN="CENTER" AUPDATECONT="N" ENG="Number of shares held (shrs.)">소유주식수(주)</TD>
<TE WIDTH="310" HEIGHT="23" COLSPAN="3" ALIGN="RIGHT" ACODE="AFT_AC_STK_CNT">0</TE>
</TR>

<TR ACOPY="N" ADELETE="N" HEIGHT="30">
<TD WIDTH="109" HEIGHT="23" ALIGN="CENTER" AUPDATECONT="N" ENG="Shareholding ratio (%)">지분비율(%)</TD>
<TE WIDTH="310" HEIGHT="23" COLSPAN="3" ALIGN="RIGHT" ACODE="AFT_AC_SHR_RT">0.00</TE>
</TR>

<TR ACOPY="N" ADELETE="N" HEIGHT="30">
<TD WIDTH="332" HEIGHT="23" COLSPAN="2" AUPDATECONT="N" ENG="4. Purpose of acquisition">4. 양수목적</TD>
<TE WIDTH="428" HEIGHT="23" COLSPAN="4" ACODE="AC_PPS" ALIGN="CENTER">-</TE>
</TR>

<TR ACOPY="N" ADELETE="N" HEIGHT="30">
<TD WIDTH="332" HEIGHT="23" COLSPAN="2" AUPDATECONT="N" ENG="5. Scheduled acquisition date">5. 양수예정일자</TD>
<TU WIDTH="428" HEIGHT="23" COLSPAN="4" ALIGN="CENTER" AUNIT="AC_EXT_DT" AUNITVALUE="-">-</TU>
</TR>

<TR ACOPY="N" ADELETE="N" HEIGHT="30">
<TD WIDTH="165" HEIGHT="143" ROWSPAN="5" VALIGN="MIDDLE" AUPDATECONT="N" ENG="6. Counterparty">6. 거래상대방</TD>
<TD WIDTH="158" HEIGHT="23" ALIGN="CENTER" AUPDATECONT="N" ENG="Company name (Entity name)">회사명(성명)</TD>
<TE WIDTH="428" HEIGHT="23" COLSPAN="4" ALIGN="CENTER" ACODE="OTH_NM">-</TE>
</TR>

<TR ACOPY="N" ADELETE="N" HEIGHT="30">
<TD WIDTH="158" HEIGHT="23" ALIGN="CENTER" AUPDATECONT="N" ENG="Issued capital (KRW)">자본금(원)</TD>
<TE WIDTH="428" HEIGHT="23" COLSPAN="4" ALIGN="RIGHT" ACODE="OTH_CPT">-</TE>
</TR>

<TR ACOPY="N" ADELETE="N" HEIGHT="30">
<TD WIDTH="158" HEIGHT="23" ALIGN="CENTER" AUPDATECONT="N" ENG="Main business">주요사업</TD>
<TE WIDTH="428" HEIGHT="23" COLSPAN="4" ACODE="OTH_MNB" ALIGN="CENTER">-</TE>
</TR>

<TR ACOPY="N" ADELETE="N" HEIGHT="30">
<TD WIDTH="158" HEIGHT="23" ALIGN="CENTER" AUPDATECONT="N" ENG="Location of head office (Address)">본점소재지(주소)</TD>
<TE WIDTH="428" HEIGHT="23" COLSPAN="4" ACODE="OTH_ADRS" ALIGN="CENTER">-</TE>
</TR>

<TR ACOPY="N" ADELETE="N" HEIGHT="30">
<TD WIDTH="158" HEIGHT="23" ALIGN="CENTER" AUPDATECONT="N" ENG="Relationship to company">회사와의 관계</TD>
<TU WIDTH="428" HEIGHT="23" COLSPAN="4" ALIGN="CENTER" AUNIT="OTH_RLT" AUNITVALUE="-" ENG="-">-</TU>
</TR>

<TR ACOPY="N" ADELETE="N" HEIGHT="30">
<TD WIDTH="332" HEIGHT="23" COLSPAN="2" AUPDATECONT="N" ENG="7. Transaction payment">7. 거래대금지급</TD>
<TE WIDTH="428" HEIGHT="23" COLSPAN="4" ACODE="PRC_PAY" ALIGN="CENTER">-</TE>
</TR>

<TR ACOPY="N" ADELETE="N" HEIGHT="30">
<TD WIDTH="165" HEIGHT="258" ROWSPAN="5" VALIGN="MIDDLE" AUPDATECONT="N" ENG="8. Matters related to external evaluation">8. 외부평가에 관한 사항</TD>
<TD WIDTH="158" HEIGHT="23" AUPDATECONT="N" ENG="Whether external valuation was conducted">외부평가 여부</TD>
<TU WIDTH="428" HEIGHT="23" COLSPAN="4" ALIGN="CENTER" AUNIT="EXV_YN" AUNITVALUE="Y" ENG="Yes">예</TU>
</TR>

<TR ACOPY="N" ADELETE="N" HEIGHT="53">
<TD WIDTH="158" HEIGHT="46" AUPDATECONT="N" ENG="- Basis and reasons"> - 근거 및 사유</TD>
<TE WIDTH="428" HEIGHT="46" COLSPAN="4" ACODE="EXV_BSS" ALIGN="CENTER">자본시장법과 금융투자업에 관한 법률 제165조의4 제1항 제2호 및 제2항, 동법 시행령 제176조의6 제4항에 의한 적정성 평가</TE>
</TR>

<TR ACOPY="N" ADELETE="N" HEIGHT="30">
<TD WIDTH="158" HEIGHT="23" AUPDATECONT="N" ENG="External evaluator’s name">외부평가기관의 명칭</TD>
<TE WIDTH="428" HEIGHT="23" COLSPAN="4" ACODE="EXV_NM" ALIGN="CENTER">정동회계법인</TE>
</TR>

<TR ACOPY="N" ADELETE="N" HEIGHT="30">
<TD WIDTH="158" HEIGHT="23" AUPDATECONT="N" ENG="Period of external valuation">외부평가 기간</TD>
<TU WIDTH="428" HEIGHT="23" COLSPAN="4" ALIGN="CENTER" AUNIT="EXV_PROD" AUNITVALUE="20251203-20251208">2025년 12월 03일 ~ 2025년 12월 08일</TU>
</TR>

<TR ACOPY="N" ADELETE="N" HEIGHT="122">
<TD WIDTH="158" HEIGHT="115" AUPDATECONT="N" ENG="Opinion of external valuation">외부평가 의견</TD>
<TE WIDTH="428" HEIGHT="115" COLSPAN="4" ACODE="EXV_OPN" ALIGN="CENTER">현금흐름할인법을 적용하여 평가한 양수대상자산의 가치는 평가기준일 현재 최소 271,303백만원에서 최대 296,589백만원으로 산출되었으며, 실제 양수 예정가액은 280,000백만원(earn out대금 포함)으로 중요성의 관점에서 부적정하다고 판단할 만한 근거가 발견되지 아니하였습니다.</TE>
</TR>

<TR ACOPY="N" ADELETE="N" HEIGHT="30">
<TD WIDTH="332" HEIGHT="23" COLSPAN="2" AUPDATECONT="N" ENG="9. Board resolution date (decision date)">9. 이사회결의일(결정일)</TD>
<TU WIDTH="428" HEIGHT="23" COLSPAN="4" ALIGN="CENTER" AUNIT="DRT_RSLT_DT" AUNITVALUE="20251208">2025년 12월 08일</TU>
</TR>

<TR ACOPY="N" ADELETE="N" HEIGHT="30">
<TD WIDTH="165" HEIGHT="53" ROWSPAN="2" VALIGN="MIDDLE" AUPDATECONT="N" ENG="- Attendance of outside directors">   - 사외이사참석여부</TD>
<TD WIDTH="158" HEIGHT="23" ALIGN="CENTER" AUPDATECONT="N" ENG="Present (No.)">참석(명)</TD>
<TE WIDTH="428" HEIGHT="23" COLSPAN="4" ALIGN="RIGHT" ACODE="ODRT_ATD_CNT">1</TE>
</TR>

<TR ACOPY="N" ADELETE="N" HEIGHT="30">
<TD WIDTH="158" HEIGHT="23" ALIGN="CENTER" AUPDATECONT="N" ENG="Absent (No.)">불참(명)</TD>
<TE WIDTH="428" HEIGHT="23" COLSPAN="4" ALIGN="RIGHT" ACODE="ODRT_NATD_CNT">-</TE>
</TR>

<TR ACOPY="N" ADELETE="N" HEIGHT="30">
<TD WIDTH="332" HEIGHT="23" COLSPAN="2" AUPDATECONT="N" ENG="- Attendance of auditors (members of Audit Committee who are not outside directors)">   - 감사(사외이사가 아닌 감사위원) 참석여부</TD>
<TU WIDTH="428" HEIGHT="23" COLSPAN="4" ALIGN="CENTER" AUNIT="ADT_ATD_YN" AUNITVALUE="-" ENG="-">-</TU>
</TR>

<TR ACOPY="N" ADELETE="N" HEIGHT="30">
<TD WIDTH="332" HEIGHT="23" COLSPAN="2" AUPDATECONT="N" ENG="10. Whether deemed a backdoor listing">10. 우회상장 해당 여부</TD>
<TU WIDTH="428" HEIGHT="23" COLSPAN="4" ALIGN="CENTER" AUNIT="BDL_YN" AUNITVALUE="N" ENG="No">아니오</TU>
</TR>

<TR ACOPY="N" ADELETE="N" HEIGHT="30">
<TD WIDTH="332" HEIGHT="23" COLSPAN="2" AUPDATECONT="N" ENG="- Plans for capital increase by third-party allotment, etc. within the next 6 months">   - 향후 6월이내 제3자배정 증자 등 계획</TD>
<TU WIDTH="428" HEIGHT="23" COLSPAN="4" ALIGN="CENTER" AUNIT="INC_PLAN_YN" AUNITVALUE="N" ENG="No">아니오</TU>
</TR>

<TR ACOPY="N" ADELETE="N" HEIGHT="30">
<TD WIDTH="332" HEIGHT="23" COLSPAN="2" AUPDATECONT="N" ENG="11. Whether satisfying backdoor listing requirements for the issuing company (Other corporation)">11. 발행회사(타법인)의 우회상장 요건 충족여부</TD>
<TU WIDTH="428" HEIGHT="23" COLSPAN="4" ALIGN="CENTER" AUNIT="BDL_RQST_YN" AUNITVALUE="N" ENG="No">아니오</TU>
</TR>

<TR ACOPY="N" ADELETE="N" HEIGHT="30">
<TD WIDTH="332" HEIGHT="23" COLSPAN="2" AUPDATECONT="N" ENG="12. Whether subject to the Fair Trade Commission reporting requirements">12. 공정거래위원회 신고대상 여부</TD>
<TU WIDTH="428" HEIGHT="23" COLSPAN="4" ALIGN="CENTER" AUNIT="FTC_RPT_YN" AUNITVALUE="N" ENG="Non-applicable">미해당</TU>
</TR>

<TR ACOPY="N" ADELETE="N" HEIGHT="30">
<TD WIDTH="332" HEIGHT="23" COLSPAN="2" AUPDATECONT="N" ENG="13. Whether signed a put option contract, etc.">13. 풋옵션 등 계약 체결여부</TD>
<TU WIDTH="428" HEIGHT="23" COLSPAN="4" ALIGN="CENTER" AUNIT="PO_CTRT_YN" AUNITVALUE="N" ENG="No">아니오</TU>
</TR>

<TR ACOPY="N" ADELETE="N" HEIGHT="30">
<TD WIDTH="332" HEIGHT="23" COLSPAN="2" AUPDATECONT="N" ENG="- Contract details">   - 계약내용</TD>
<TE WIDTH="428" HEIGHT="23" COLSPAN="4" ACODE="PO_CTRT_DTL" ALIGN="CENTER">-</TE>
</TR>
</TBODY>
</TABLE>
</TABLE-GROUP>

<TABLE ACLASS="NORMAL" AFIXTABLE="Y" WIDTH="600" BORDER="0">

<COLGROUP WIDTH="600">
<COL WIDTH="600"></COL>
</COLGROUP>

<TBODY>

<TR ACOPY="N" ADELETE="N" HEIGHT="30">
<TD WIDTH="591" HEIGHT="23" AUPDATECONT="N" ENG="14. Plans for future corporate restructuring">14. 향후 회사구조개편에 관한 계획</TD>
</TR>
</TBODY>
</TABLE>
<P>당사는 보고서 제출일 현재 향후 회사의 합병등 구조개편에 관한 구체적인 계획이 결정된 바 없습니다.</P>

<TABLE ACLASS="NORMAL" AFIXTABLE="Y" WIDTH="600" BORDER="0">

<COLGROUP WIDTH="600">
<COL WIDTH="600"></COL>
</COLGROUP>

<TBODY>

<TR ACOPY="N" ADELETE="N" HEIGHT="30">
<TD WIDTH="591" HEIGHT="23" AUPDATECONT="N" ENG="15. Other matters to be factored into investment decisions">15. 기타 투자판단과 관련한 중요사항</TD>
</TR>
</TBODY>
</TABLE>

<P>
<SPAN>1) 당사는 2025년 12월 8일 거래상대방과 체결한 주식매매계약(이하 "본건 주식매매계약")에 대하여 신규 자회사인 '어매이징홀딩스 주식회사'에 본건 주식매매계약상 당사자 지위 및 그에 따른 권리/의무를 승계하였으며, 이에 따라 발행회사 주식의 최종 취득 주체는 어매이징홀딩스 주식회사입니다. 본건 주식매매계약의 주요내용에 대한 사항은 '타법인 주식 및 출자증권 취득결정(종속회사의 주요경영사항)' 공시를 참조하시기 바랍니다. 2) 어메이징홀딩스 주식회사는 인수금융 및 증자를 통하여 매매대금을 조달할 예정입니다.</SPAN>
<SPAN USERMARK="0XEEAE00"></SPAN>
<SPAN>3) 하기 '발행회사의 요약 재무상황'은 주식회사 에이디에스테크의 재무상황으로 당해연도는 2024 사업연도말, 전년도는 2023 사업연도말, 전전년도는 2022 사업연도말 연결재무제표 기준입니다.4) 본 공시사항과 관련하여 변동이 있는 경우, 관련 공시 등을 통해 재공시할 예정입니다.5) 기타 세부내역은 첨부된 '외부평가기관의 평가의견서'를 참조하시기 바랍니다.</SPAN>
</P>
<P>※ 관련공시 : 2025-01-05 타법인주식및출자증권취득결정(종속회사의 주요경영사항)</P>

<TABLE-GROUP ACLASS="TBL_PC_FS" ADELETETABLE="N">

<TABLE ACLASS="NORMAL" AFIXTABLE="Y" WIDTH="611" BORDER="0">

<COLGROUP WIDTH="611">
<COL WIDTH="611"></COL>
</COLGROUP>

<TBODY>

<TR ACOPY="N" ADELETE="N" HEIGHT="30">
<TD VALIGN="MIDDLE" WIDTH="602" HEIGHT="23" AUPDATECONT="N" ENG="【 Condensed Financial Statement of Issuing Company 】">【 발행회사의 요약 재무상황 】</TD>
</TR>
</TBODY>
</TABLE>

<TABLE ACLASS="EXTRACTION" AFIXTABLE="Y" WIDTH="784" BORDER="0">

<COLGROUP WIDTH="784">
<COL WIDTH="784"></COL>
</COLGROUP>

<TBODY>

<TR ACOPY="N" ADELETE="N" HEIGHT="30">
<TU ALIGN="RIGHT" WIDTH="775" HEIGHT="23" AUNIT="WON" AUNITVALUE="3" ENG="(Unit: KRW million)">(단위 : 백만원)</TU>
</TR>
</TBODY>
</TABLE>

<TABLE ACLASS="EXTRACTION" AFIXTABLE="Y" WIDTH="822" BORDER="1">

<COLGROUP WIDTH="822">
<COL WIDTH="88"></COL>
<COL WIDTH="88"></COL>
<COL WIDTH="88"></COL>
<COL WIDTH="87"></COL>
<COL WIDTH="87"></COL>
<COL WIDTH="87"></COL>
<COL WIDTH="87"></COL>
<COL WIDTH="87"></COL>
<COL WIDTH="123"></COL>
</COLGROUP>

<THEAD>

<TR ACOPY="N" ADELETE="N" HEIGHT="30">
<TH VALIGN="MIDDLE" WIDTH="79" HEIGHT="23" ACOPYCOL="N" ADELETECOL="N" AMOVECOL="N" AUPDATECONT="N" ENG="Category">구  분</TH>
<TH VALIGN="MIDDLE" WIDTH="79" HEIGHT="23" ACOPYCOL="N" ADELETECOL="N" AMOVECOL="N" AUPDATECONT="N" ENG="Total assets">자산총계</TH>
<TH VALIGN="MIDDLE" WIDTH="79" HEIGHT="23" ACOPYCOL="N" ADELETECOL="N" AMOVECOL="N" AUPDATECONT="N" ENG="Total liabilities">부채총계</TH>
<TH VALIGN="MIDDLE" WIDTH="78" HEIGHT="23" ACOPYCOL="N" ADELETECOL="N" AMOVECOL="N" AUPDATECONT="N" ENG="Total equity">자본총계</TH>
<TH VALIGN="MIDDLE" WIDTH="78" HEIGHT="23" ACOPYCOL="N" ADELETECOL="N" AMOVECOL="N" AUPDATECONT="N" ENG="Issued capital">자본금</TH>
<TH VALIGN="MIDDLE" WIDTH="78" HEIGHT="23" ACOPYCOL="N" ADELETECOL="N" AMOVECOL="N" AUPDATECONT="N" ENG="Sales">매출액</TH>
<TH VALIGN="MIDDLE" WIDTH="78" HEIGHT="23" ACOPYCOL="N" ADELETECOL="N" AMOVECOL="N" AUPDATECONT="N" ENG="Profit">당기순이익</TH>
<TH VALIGN="MIDDLE" WIDTH="78" HEIGHT="23" ACOPYCOL="N" ADELETECOL="N" AMOVECOL="N" AUPDATECONT="N" ENG="Audit opinion">감사의견</TH>
<TH VALIGN="MIDDLE" WIDTH="114" HEIGHT="23" ACOPYCOL="N" ADELETECOL="N" AMOVECOL="N" AUPDATECONT="N" ENG="External auditor">외부감사인</TH>
</TR>
</THEAD>

<TBODY>

<TR ACOPY="N" ADELETE="N" HEIGHT="53">
<TD ALIGN="CENTER" VALIGN="MIDDLE" WIDTH="79" HEIGHT="46" AUPDATECONT="N" ENG="Current year">당해연도</TD>
<TE ALIGN="RIGHT" VALIGN="MIDDLE" WIDTH="79" HEIGHT="46" ACODE="PC_ASST_01">72,751</TE>
<TE ALIGN="RIGHT" VALIGN="MIDDLE" WIDTH="79" HEIGHT="46" ACODE="PC_DBT_01">8,116</TE>
<TE ALIGN="RIGHT" VALIGN="MIDDLE" WIDTH="78" HEIGHT="46" ACODE="PC_CPT_SUM_01">64,635</TE>
<TE ALIGN="RIGHT" VALIGN="MIDDLE" WIDTH="78" HEIGHT="46" ACODE="PC_CPT_01">200</TE>
<TE ALIGN="RIGHT" VALIGN="MIDDLE" WIDTH="78" HEIGHT="46" ACODE="PC_SALE_01">63,594</TE>
<TE ALIGN="RIGHT" VALIGN="MIDDLE" WIDTH="78" HEIGHT="46" ACODE="PC_NP_01">25,673</TE>
<TE VALIGN="MIDDLE" WIDTH="78" HEIGHT="46" ACODE="PC_AD_OPN_01" ALIGN="CENTER">적정</TE>
<TE VALIGN="MIDDLE" WIDTH="114" HEIGHT="46" ACODE="PC_EXAD_01" ALIGN="CENTER">회계법인 호안</TE>
</TR>

<TR ACOPY="N" ADELETE="N" HEIGHT="53">
<TD ALIGN="CENTER" VALIGN="MIDDLE" WIDTH="79" HEIGHT="46" AUPDATECONT="N" ENG="Previous fiscal year">전년도</TD>
<TE ALIGN="RIGHT" VALIGN="MIDDLE" WIDTH="79" HEIGHT="46" ACODE="PC_ASST_02">41,555</TE>
<TE ALIGN="RIGHT" VALIGN="MIDDLE" WIDTH="79" HEIGHT="46" ACODE="PC_DBT_02">2,593</TE>
<TE ALIGN="RIGHT" VALIGN="MIDDLE" WIDTH="78" HEIGHT="46" ACODE="PC_CPT_SUM_02">38,962</TE>
<TE ALIGN="RIGHT" VALIGN="MIDDLE" WIDTH="78" HEIGHT="46" ACODE="PC_CPT_02">200</TE>
<TE ALIGN="RIGHT" VALIGN="MIDDLE" WIDTH="78" HEIGHT="46" ACODE="PC_SALE_02">9,513</TE>
<TE ALIGN="RIGHT" VALIGN="MIDDLE" WIDTH="78" HEIGHT="46" ACODE="PC_NP_02">1,046</TE>
<TE VALIGN="MIDDLE" WIDTH="78" HEIGHT="46" ACODE="PC_AD_OPN_02" ALIGN="CENTER">적정</TE>
<TE VALIGN="MIDDLE" WIDTH="114" HEIGHT="46" ACODE="PC_EXAD_02" ALIGN="CENTER">회계법인 호안</TE>
</TR>

<TR ACOPY="N" ADELETE="N" HEIGHT="53">
<TD ALIGN="CENTER" VALIGN="MIDDLE" WIDTH="79" HEIGHT="46" AUPDATECONT="N" ENG="Two fiscal years prior">전전년도</TD>
<TE ALIGN="RIGHT" VALIGN="MIDDLE" WIDTH="79" HEIGHT="46" ACODE="PC_ASST_03">39,444</TE>
<TE ALIGN="RIGHT" VALIGN="MIDDLE" WIDTH="79" HEIGHT="46" ACODE="PC_DBT_03">1,529</TE>
<TE ALIGN="RIGHT" VALIGN="MIDDLE" WIDTH="78" HEIGHT="46" ACODE="PC_CPT_SUM_03">37,915</TE>
<TE ALIGN="RIGHT" VALIGN="MIDDLE" WIDTH="78" HEIGHT="46" ACODE="PC_CPT_03">200</TE>
<TE ALIGN="RIGHT" VALIGN="MIDDLE" WIDTH="78" HEIGHT="46" ACODE="PC_SALE_03">12,147</TE>
<TE ALIGN="RIGHT" VALIGN="MIDDLE" WIDTH="78" HEIGHT="46" ACODE="PC_NP_03">2,734</TE>
<TE VALIGN="MIDDLE" WIDTH="78" HEIGHT="46" ACODE="PC_AD_OPN_03" ALIGN="CENTER">적정</TE>
<TE VALIGN="MIDDLE" WIDTH="114" HEIGHT="46" ACODE="PC_EXAD_03" ALIGN="CENTER">지우회계법인</TE>
</TR>
</TBODY>
</TABLE>
</TABLE-GROUP>
<P></P>
<P></P>

<LIBRARY>
<TABLE ACLASS="NORMAL" AFIXTABLE="Y" WIDTH="600" BORDER="0">

<COLGROUP WIDTH="600">
<COL WIDTH="600"></COL>
</COLGROUP>

<TBODY>

<TR ACOPY="N" ADELETE="N" HEIGHT="30">
<TD WIDTH="591" HEIGHT="23" AUPDATECONT="N" ENG="【Details of Counterparty】">【거래상대방에 관한 사항】</TD>
</TR>
</TBODY>
</TABLE>

<TABLE-GROUP ACLASS="TBL_OTH_PD" ADELETETABLE="N">

<TABLE ACLASS="NORMAL" AFIXTABLE="Y" WIDTH="600" BORDER="0">

<COLGROUP WIDTH="600">
<COL WIDTH="600"></COL>
</COLGROUP>

<TBODY>

<TR ACOPY="N" ADELETE="N" HEIGHT="30">
<TD WIDTH="591" HEIGHT="23" AUPDATECONT="N" ENG="1. Personal information">1. 인적사항</TD>
</TR>
</TBODY>
</TABLE>

<TABLE ACLASS="EXTRACTION" AFIXTABLE="N" WIDTH="599" BORDER="1">

<COLGROUP WIDTH="599">
<COL WIDTH="150"></COL>
<COL WIDTH="150"></COL>
<COL WIDTH="150"></COL>
<COL WIDTH="149"></COL>
</COLGROUP>

<TBODY>

<TR ACOPY="N" ADELETE="N" HEIGHT="30">
<TD COLSPAN="4" VALIGN="MIDDLE" WIDTH="590" HEIGHT="23" AUPDATECONT="N" ENG="- General information"> - 기본사항</TD>
</TR>

<TR ACOPY="N" ADELETE="N" HEIGHT="60">
<TD ALIGN="CENTER" VALIGN="MIDDLE" WIDTH="141" HEIGHT="53" AUPDATECONT="N" ENG="Name (Title)">성명(명칭)</TD>
<TD ALIGN="CENTER" VALIGN="MIDDLE" WIDTH="141" HEIGHT="53" AUPDATECONT="N" ENG="Nationality">국적</TD>
<TD ALIGN="CENTER" VALIGN="MIDDLE" WIDTH="290" HEIGHT="53" COLSPAN="2" AUPDATECONT="N" ENG="Address (Head office) [Building name/number can be omitted]">주소(본점소재지)[읍ㆍ면ㆍ동까지만 기재]</TD>
</TR>

<TR ACOPY="N" ADELETE="N" HEIGHT="260">
<TE VALIGN="MIDDLE" WIDTH="141" HEIGHT="253" ACODE="OTH_NM" ALIGN="CENTER">송광열황민화송지수송지호이경재김현진이수연홍성일유승일(주) 에이디에스테크 사내근로복지기금</TE>
<TE VALIGN="MIDDLE" WIDTH="141" HEIGHT="253" ACODE="OTH_NT" ALIGN="CENTER">대한민국</TE>
<TE WIDTH="290" HEIGHT="253" ACODE="OTH_ADRS" COLSPAN="2">경기 화성시 청계동경기 화성시 청계동경기 화성시 청계동경기 화성시 청계동경기 화성시 반송동경기 화성시 반송동경기 화성시 반송동경기 의왕시 오전동경기 수원시 권선동경기 화성시 방교동</TE>
</TR>

<TR ACOPY="N" ADELETE="N" HEIGHT="260">
<TD VALIGN="MIDDLE" WIDTH="291" HEIGHT="253" AUPDATECONT="N" COLSPAN="2" ALIGN="CENTER" ENG="Occupation (Details of Business)">직업(사업내용)</TD>
<TE VALIGN="MIDDLE" WIDTH="290" HEIGHT="253" ACODE="OTH_JOB" COLSPAN="2">송광열: 발행회사 최대주주/대표이사황민화: 발행회사 주주/사내이사송지수: 발행회사 주주송지호: 발행회사 주주이경재: 발행회사 주주/사내이사김현진: 발행회사 주주이수연: 발행회사 주주홍성일: 발행회사 주주/사내이사유승일: 발행회사 주주(주)에이디에스테크 사내근로복지기금: 발행회사 사내근로복지기금</TE>
</TR>

<TR ACOPY="N" ADELETE="N" HEIGHT="30">
<TD VALIGN="MIDDLE" WIDTH="590" HEIGHT="23" COLSPAN="4" AUPDATECONT="N" ENG="- Status of the Largest ShareholderㆍCEOㆍRepresentative Executive Officer and Finance (If the Counterparty is Corporation)"> - 최대주주ㆍ대표이사ㆍ대표집행임원 현황 및 재무상황 등(상대방이 법인인 경우) </TD>
</TR>

<TR ACOPY="N" ADELETE="N" HEIGHT="30">
<TD VALIGN="MIDDLE" WIDTH="141" HEIGHT="23" ALIGN="CENTER" AUPDATECONT="N" ENG="Category">구분</TD>
<TD VALIGN="MIDDLE" WIDTH="141" HEIGHT="23" ALIGN="CENTER" AUPDATECONT="N" ENG="Name">성명</TD>
<TD ALIGN="CENTER" VALIGN="MIDDLE" WIDTH="141" HEIGHT="23" AUPDATECONT="N" ENG="Number of shares">주식수</TD>
<TD ALIGN="CENTER" VALIGN="MIDDLE" WIDTH="140" HEIGHT="23" AUPDATECONT="N" ENG="Shareholding ratio (%)">지분율(%)</TD>
</TR>

<TR ACOPY="Y" ADELETE="N" HEIGHT="30">
<TU VALIGN="MIDDLE" WIDTH="141" HEIGHT="23" ALIGN="CENTER" AUNIT="OTH_PS_TP" AUNITVALUE="1" ENG="Largest shareholder">최대주주</TU>
<TE VALIGN="MIDDLE" WIDTH="141" HEIGHT="23" ACODE="OTH_PS_NM" ALIGN="CENTER">-</TE>
<TE ALIGN="RIGHT" VALIGN="MIDDLE" WIDTH="141" HEIGHT="23" ACODE="OTH_PS_STK_CNT">-</TE>
<TE ALIGN="RIGHT" VALIGN="MIDDLE" WIDTH="140" HEIGHT="23" ACODE="OTH_PS_SHR_RT">-</TE>
</TR>

<TR ACOPY="Y" ADELETE="Y" HEIGHT="30">
<TU VALIGN="MIDDLE" WIDTH="141" HEIGHT="23" ALIGN="CENTER" AUNIT="OTH_PS_TP" AUNITVALUE="2" ENG="CEO">대표이사</TU>
<TE VALIGN="MIDDLE" WIDTH="141" HEIGHT="23" ACODE="OTH_PS_NM" ALIGN="CENTER">-</TE>
<TE ALIGN="RIGHT" VALIGN="MIDDLE" WIDTH="141" HEIGHT="23" ACODE="OTH_PS_STK_CNT">-</TE>
<TE ALIGN="RIGHT" VALIGN="MIDDLE" WIDTH="140" HEIGHT="23" ACODE="OTH_PS_SHR_RT">-</TE>
</TR>
</TBODY>
</TABLE>
</TABLE-GROUP>

<TABLE-GROUP ACLASS="TBL_OTH_FS" ADELETETABLE="N">

<TABLE ACLASS="EXTRACTION" AFIXTABLE="Y" WIDTH="600" BORDER="0">

<COLGROUP WIDTH="600">
<COL WIDTH="600"></COL>
</COLGROUP>

<TBODY>

<TR ACOPY="N" ADELETE="N" HEIGHT="30">
<TU ALIGN="RIGHT" WIDTH="591" HEIGHT="23" AUNIT="WON" AUNITVALUE="1" ENG="(Unit: KRW)">(단위 : 원)</TU>
</TR>
</TBODY>
</TABLE>

<TABLE ACLASS="EXTRACTION" AFIXTABLE="N" WIDTH="599" BORDER="1">

<COLGROUP WIDTH="599">
<COL WIDTH="150"></COL>
<COL WIDTH="150"></COL>
<COL WIDTH="150"></COL>
<COL WIDTH="149"></COL>
</COLGROUP>

<TBODY>

<TR ACOPY="N" ADELETE="N" HEIGHT="30">
<TD VALIGN="MIDDLE" WIDTH="141" HEIGHT="23" ALIGN="CENTER" AUPDATECONT="N" ENG="Latest fiscal year">최근 사업연도</TD>
<TE VALIGN="MIDDLE" WIDTH="141" HEIGHT="23" ALIGN="CENTER" ACODE="OTH_FS_FY">-</TE>
<TD ALIGN="CENTER" VALIGN="MIDDLE" WIDTH="141" HEIGHT="23" AUPDATECONT="N" ENG="Period">결산기</TD>
<TE ALIGN="CENTER" VALIGN="MIDDLE" WIDTH="140" HEIGHT="23" ACODE="OTH_FS_ST">-</TE>
</TR>

<TR ACOPY="N" ADELETE="N" HEIGHT="30">
<TD VALIGN="MIDDLE" WIDTH="141" HEIGHT="23" ALIGN="CENTER" AUPDATECONT="N" ENG="Total assets">자산총계</TD>
<TE VALIGN="MIDDLE" WIDTH="141" HEIGHT="23" ALIGN="RIGHT" ACODE="OTH_ASST">-</TE>
<TD ALIGN="CENTER" VALIGN="MIDDLE" WIDTH="141" HEIGHT="23" AUPDATECONT="N" ENG="Issued capital">자본금</TD>
<TE ALIGN="RIGHT" VALIGN="MIDDLE" WIDTH="140" HEIGHT="23" ACODE="OTH_CPT">-</TE>
</TR>

<TR ACOPY="N" ADELETE="N" HEIGHT="30">
<TD VALIGN="MIDDLE" WIDTH="141" HEIGHT="23" ALIGN="CENTER" AUPDATECONT="N" ENG="Total liabilities">부채총계</TD>
<TE VALIGN="MIDDLE" WIDTH="141" HEIGHT="23" ALIGN="RIGHT" ACODE="OTH_DBT">-</TE>
<TD ALIGN="CENTER" VALIGN="MIDDLE" WIDTH="141" HEIGHT="23" AUPDATECONT="N" ENG="Sales">매출액</TD>
<TE ALIGN="RIGHT" VALIGN="MIDDLE" WIDTH="140" HEIGHT="23" ACODE="OTH_SALE">-</TE>
</TR>

<TR ACOPY="N" ADELETE="N" HEIGHT="30">
<TD VALIGN="MIDDLE" WIDTH="141" HEIGHT="23" ALIGN="CENTER" AUPDATECONT="N" ENG="Total equity">자본총계</TD>
<TE VALIGN="MIDDLE" WIDTH="141" HEIGHT="23" ALIGN="RIGHT" ACODE="OTH_CPT_SUM">-</TE>
<TD ALIGN="CENTER" VALIGN="MIDDLE" WIDTH="141" HEIGHT="23" AUPDATECONT="N" ENG="Profit (loss)">당기순손익</TD>
<TE ALIGN="RIGHT" VALIGN="MIDDLE" WIDTH="140" HEIGHT="23" ACODE="OTH_NP">-</TE>
</TR>

<TR ACOPY="N" ADELETE="N" HEIGHT="30">
<TD VALIGN="MIDDLE" WIDTH="141" HEIGHT="23" ALIGN="CENTER" AUPDATECONT="N" ENG="External auditor">외부감사인</TD>
<TE VALIGN="MIDDLE" WIDTH="141" HEIGHT="23" ALIGN="RIGHT" ACODE="OTH_EXAD">-</TE>
<TD ALIGN="CENTER" VALIGN="MIDDLE" WIDTH="141" HEIGHT="23" AUPDATECONT="N" ENG="If classified as a suspension of business">휴업 여부</TD>
<TU ALIGN="CENTER" VALIGN="MIDDLE" WIDTH="140" HEIGHT="23" AUNIT="OTH_CT_YN" AUNITVALUE="-" ENG="-">-</TU>
</TR>

<TR ACOPY="N" ADELETE="N" HEIGHT="30">
<TD VALIGN="MIDDLE" WIDTH="141" HEIGHT="23" ALIGN="CENTER" AUPDATECONT="N" ENG="Audit opinion">감사의견</TD>
<TE VALIGN="MIDDLE" WIDTH="141" HEIGHT="23" ALIGN="RIGHT" ACODE="OTH_AD_OPN">-</TE>
<TD ALIGN="CENTER" VALIGN="MIDDLE" WIDTH="141" HEIGHT="23" AUPDATECONT="N" ENG="Whether the business is closed">폐업 여부</TD>
<TU ALIGN="CENTER" VALIGN="MIDDLE" WIDTH="140" HEIGHT="23" AUNIT="OTH_SD_YN" AUNITVALUE="-" ENG="-">-</TU>
</TR>
</TBODY>
</TABLE>
</TABLE-GROUP>

<TABLE-GROUP ACLASS="TBL_OTH_RLT" ADELETETABLE="N">

<TABLE ACLASS="NORMAL" AFIXTABLE="Y" WIDTH="600" BORDER="0">

<COLGROUP WIDTH="600">
<COL WIDTH="600"></COL>
</COLGROUP>

<TBODY>

<TR ACOPY="N" ADELETE="N" HEIGHT="30">
<TD WIDTH="591" HEIGHT="23" AUPDATECONT="N" ENG="2. Relationship with the corporation or the largest shareholderㆍ officer of company">2. 당해법인 또는 그 최대주주ㆍ임원과의 관계</TD>
</TR>
</TBODY>
</TABLE>

<TABLE ACLASS="EXTRACTION" AFIXTABLE="N" WIDTH="599" BORDER="1">

<COLGROUP WIDTH="599">
<COL WIDTH="300"></COL>
<COL WIDTH="150"></COL>
<COL WIDTH="149"></COL>
</COLGROUP>

<TBODY>

<TR ACOPY="N" ADELETE="N" HEIGHT="30">
<TD VALIGN="MIDDLE" WIDTH="291" HEIGHT="23" AUPDATECONT="N" ENG="- Relationship between the corporation and the counterparty"> - 당해법인과 거래상대방과의 관계</TD>
<TE ALIGN="CENTER" VALIGN="MIDDLE" WIDTH="290" HEIGHT="23" COLSPAN="2" ACODE="OTH_RLT_CRP">-</TE>
</TR>

<TR ACOPY="N" ADELETE="N" HEIGHT="53">
<TD VALIGN="MIDDLE" WIDTH="291" HEIGHT="46" AUPDATECONT="N" ENG="- Relationship between the largest shareholder ㆍexecutive of the company and the counterparty"> - 당해법인의 최대주주ㆍ임원과    거래상대방과의 관계</TD>
<TD ALIGN="CENTER" VALIGN="MIDDLE" WIDTH="141" HEIGHT="46" AUPDATECONT="N" ENG="Name">성명</TD>
<TD ALIGN="CENTER" VALIGN="MIDDLE" WIDTH="140" HEIGHT="46" AUPDATECONT="N" ENG="Relationship to counterparty">상대방과의 관계</TD>
</TR>

<TR ACOPY="Y" ADELETE="N" HEIGHT="30">
<TU VALIGN="MIDDLE" WIDTH="291" HEIGHT="23" ALIGN="CENTER" AUNIT="OTH_RLT_PS_TP" AUNITVALUE="-" ENG="-">-</TU>
<TE ALIGN="CENTER" VALIGN="MIDDLE" WIDTH="141" HEIGHT="23" ACODE="OTH_RLT_PS_NM">-</TE>
<TE ALIGN="CENTER" VALIGN="MIDDLE" WIDTH="140" HEIGHT="23" ACODE="OTH_RLT_PS">-</TE>
</TR>

<TR ACOPY="Y" ADELETE="Y" HEIGHT="30">
<TU VALIGN="MIDDLE" WIDTH="291" HEIGHT="23" ALIGN="CENTER" AUNIT="OTH_RLT_PS_TP" AUNITVALUE="-" ENG="-">-</TU>
<TE ALIGN="CENTER" VALIGN="MIDDLE" WIDTH="141" HEIGHT="23" ACODE="OTH_RLT_PS_NM">-</TE>
<TE ALIGN="CENTER" VALIGN="MIDDLE" WIDTH="140" HEIGHT="23" ACODE="OTH_RLT_PS">-</TE>
</TR>
</TBODY>
</TABLE>
</TABLE-GROUP>

<TABLE-GROUP ACLASS="TBL_OTH_TI" ADELETETABLE="N">

<TABLE ACLASS="NORMAL" AFIXTABLE="Y" WIDTH="600" BORDER="0">

<COLGROUP WIDTH="600">
<COL WIDTH="600"></COL>
</COLGROUP>

<TBODY>

<TR ACOPY="N" ADELETE="N" HEIGHT="30">
<TD WIDTH="591" HEIGHT="23" AUPDATECONT="N" ENG="3. Transaction details for the last 3 years (Except for routine transaction)">3. 최근 3년간 거래내역(일상적 거래 제외)</TD>
</TR>
</TBODY>
</TABLE>

<TABLE ACLASS="EXTRACTION" AFIXTABLE="N" WIDTH="599" BORDER="1">

<COLGROUP WIDTH="599">
<COL WIDTH="150"></COL>
<COL WIDTH="449"></COL>
</COLGROUP>

<THEAD>

<TR ACOPY="N" ADELETE="N" HEIGHT="30">
<TH VALIGN="MIDDLE" WIDTH="141" HEIGHT="23" ACOPYCOL="N" ADELETECOL="N" AMOVECOL="N" AUPDATECONT="N" ENG="Category">구분</TH>
<TH VALIGN="MIDDLE" WIDTH="440" HEIGHT="23" ACOPYCOL="N" ADELETECOL="N" AMOVECOL="N" AUPDATECONT="N" ENG="Transaction details">거래 내역</TH>
</TR>
</THEAD>

<TBODY>

<TR ACOPY="N" ADELETE="N" HEIGHT="30">
<TD VALIGN="MIDDLE" WIDTH="141" HEIGHT="23" ALIGN="CENTER" AUPDATECONT="N" ENG="Current fiscal year">당해년도</TD>
<TE VALIGN="MIDDLE" WIDTH="440" HEIGHT="23" ACODE="OTH_TI_DTL_01">-</TE>
</TR>

<TR ACOPY="N" ADELETE="N" HEIGHT="30">
<TD ALIGN="CENTER" VALIGN="MIDDLE" WIDTH="141" HEIGHT="23" AUPDATECONT="N" ENG="Previous fiscal year">전년도</TD>
<TE VALIGN="MIDDLE" WIDTH="440" HEIGHT="23" ACODE="OTH_TI_DTL_02">-</TE>
</TR>

<TR ACOPY="N" ADELETE="N" HEIGHT="30">
<TD ALIGN="CENTER" VALIGN="MIDDLE" WIDTH="141" HEIGHT="23" AUPDATECONT="N" ENG="Two fiscal years prior">전전년도</TD>
<TE VALIGN="MIDDLE" WIDTH="440" HEIGHT="23" ACODE="OTH_TI_DTL_03">-</TE>
</TR>
</TBODY>
</TABLE>
</TABLE-GROUP>
</LIBRARY>

<P></P>
<P></P>

<P></P>
<P></P>
</SECTION-1>
</BODY>
</DOCUMENT>