<html>
 <head> 
  <meta content="gdi" http-equiv="X-UA-TextLayoutMetrics"> 
  <meta content="text/html; charset=euc-kr" http-equiv="Content-Type"> 
  <STYLE>
.xforms * { font-family: 돋움체;}
.xforms_title * { font-size: 13pt; padding : 0 0 10 0;}

.xforms table {
    font-size: 10px;
    padding:0px;
    border-collapse:collapse;
    color: #3D3D3D;
}
.xforms td {
    padding-left:0px;
    padding-top:0px;
    border-collapse:collapse;
    line-height:22px;
    color: #3D3D3D;
    /*text-align:right;*/
    vertical-align:middle;
    border: 1px solid #7f7f7f;
}

.xforms span {
    /*display: inline-block;*/
    padding-left:3px;
    padding-right: 1px;
    line-height:22px;
    padding-top:0px;
    padding-bottom:0px;
    text-align:left;
    vertical-align:middle;
    border: 0px solid #DBDBDB;
}

.xforms.img{
    border : 0px;
}

.xforms a:link {

    color: #194866;
    text-decoration: none;
}
.xforms a:active {

    color: #194866;
    text-decoration: none;
}
.xforms a:visited {
    color: #194866;
    text-decoration: none;
}

.xforms A:hover {
    color:008BE3;
    text-decoration: none;
}

.xforms_input{
    border: 0px solid #DBDBDB;
    padding-left:3px;
    padding-right: 1px;
    height:22px;
    padding-top:0px;
    padding-bottom:0px;
    text-align:left;
}
</STYLE> 
  <title>삼화페인트공업/대표이사(대표집행임원) 변경(안내공시)/(2026.01.05)대표이사(대표집행임원) 변경(안내공시)</title> 
 </head> 
 <body> 
  <div class="xforms"> 
   <div> 
    <span class="noprint" style="display:none;width:600px;font-size:10pt;"> </span> 
    <div class="xforms_title"> 
     <div> 
      <span style="width:598px;font-weight:bold;text-align:center;">대표이사(대표집행임원) 변경(안내공시)</span> 
     </div> 
    </div> 
    <table border="1" bordercolordark="white" bordercolorlight="#666666" cellpadding="1" cellspacing="0" id="XFormD29_Form0_Table9" style="margin:0px 0px 20px 0px;width:600px;font-size:10pt;border:1px solid #7f7f7f;"> 
     <tbody> 
      <tr> 
       <td rowspan="2" width="168"> <span style="width:168px;font-size:10pt;">1. 변경 전ㆍ후 대표이사(대표집행임원)</span> </td> 
       <td width="108"> <span style="width:108px;font-size:10pt;text-align:center;">변경전</span> </td> 
       <td width="324"> <span class="xforms_input" style="width:324px;font-size:10pt;">류기붕,배맹달(각자대표)</span> </td> 
      </tr> 
      <tr> 
       <td width="108"> <span style="width:108px;font-size:10pt;text-align:center;">변경후</span> </td> 
       <td width="324"> <span class="xforms_input" style="width:324px;font-size:10pt;">배맹달,김현정(각자대표)</span> </td> 
      </tr> 
      <tr> 
       <td colspan="2" width="276"> <span style="width:276px;font-size:10pt;">2. 변경사유</span> </td> 
       <td width="324"> <span class="xforms_input" style="width:324px;font-size:10pt;">류기붕 대표이사의 사임, <br xmlns:java="http://xml.apache.org/xalan/java">이사회결의로 대표이사 김현정(신규) 선임</span> </td> 
      </tr> 
      <tr> 
       <td colspan="2" width="276"> <span style="width:276px;font-size:10pt;">3. 변경일자</span> </td> 
       <td width="324"> <span class="xforms_input" style="width:324px;font-size:10pt;">2026-01-05</span> </td> 
      </tr> 
      <tr> 
       <td colspan="2" width="276"> <span style="width:276px;font-size:10pt;">4. 기타 참고사항</span> </td> 
       <td width="324"> <span class="xforms_input" style="width:324px;font-size:10pt;">상기 변경일자는 사임일 및 이사회 결의일임</span> </td> 
      </tr> 
     </tbody> 
    </table> 
    <span style="width:598px;font-size:11pt;font-weight:bold;">[변경 후 대표이사(대표집행임원)의 약력]</span> 
    <table border="1" bordercolordark="white" bordercolorlight="#666666" cellpadding="1" cellspacing="0" id="XFormD29_Form0_RepeatTable0" style="margin:0px 0px 20px 0px;width:596px;font-size:10pt;border:1px solid #7f7f7f;"> 
     <tbody> 
      <tr> 
       <td width="149"> <span style="width:149px;font-size:10pt;text-align:center;">성명</span> </td> 
       <td width="163"> <span style="width:163px;font-size:10pt;text-align:center;">최대주주와의 관계</span> </td> 
       <td width="158"> <span style="width:158px;font-size:10pt;text-align:center;">주요경력</span> </td> 
       <td width="126"> <span style="width:126px;font-size:10pt;text-align:center;">비고</span> </td> 
      </tr> 
      <tr> 
       <td width="149"> <span class="xforms_input" style="width:149px;font-size:10pt;">배맹달</span> </td> 
       <td width="163"> <span class="xforms_input" style="width:163px;font-size:10pt;">최대주주의 특수관계인</span> </td> 
       <td width="158"> <span class="xforms_input" style="width:158px;font-size:10pt;">ㆍSAMHWA PAINTS(M) SDN.BHD. 이사(2020~2022) <br xmlns:java="http://xml.apache.org/xalan/java">ㆍ위해삼화도료유한공사 동사(2017~2023) <br xmlns:java="http://xml.apache.org/xalan/java">ㆍ삼화도료(장가항)유한공사 동사(2017~2023) <br xmlns:java="http://xml.apache.org/xalan/java">ㆍ(現) 삼화페인트 대표이사 사장</span> </td> 
       <td width="126"> <span class="xforms_input" style="width:126px;font-size:10pt;">-</span> </td> 
      </tr> 
      <tr> 
       <td width="149"> <span class="xforms_input" style="width:149px;font-size:10pt;">김현정</span> </td> 
       <td width="163"> <span class="xforms_input" style="width:163px;font-size:10pt;">최대주주</span> </td> 
       <td width="158"> <span class="xforms_input" style="width:158px;font-size:10pt;">ㆍ(주)에스엠투네트웍스 감사(2020~2023) <br xmlns:java="http://xml.apache.org/xalan/java">ㆍ(現) 삼화페인트 대표이사 사장</span> </td> 
       <td width="126"> <span class="xforms_input" style="width:126px;font-size:10pt;">-</span> </td> 
      </tr> 
     </tbody> 
    </table> 
   </div> 
  </div>  
 </body>
</html>