<html>
 <head> 
  <meta content="gdi" http-equiv="X-UA-TextLayoutMetrics"> 
  <meta content="text/html; charset=euc-kr" http-equiv="Content-Type"> 
  <STYLE>
.xforms * { font-family: 돋움체;}
.xforms_title * { font-size: 13pt; padding : 0 0 10 0;}

.xforms table {
    font-size: 10px;
    padding:0px;
    border-collapse:collapse;
    color: #3D3D3D;
}
.xforms td {
    padding-left:0px;
    padding-top:0px;
    border-collapse:collapse;
    line-height:22px;
    color: #3D3D3D;
    /*text-align:right;*/
    vertical-align:middle;
    border: 1px solid #7f7f7f;
}

.xforms span {
    /*display: inline-block;*/
    padding-left:3px;
    padding-right: 1px;
    line-height:22px;
    padding-top:0px;
    padding-bottom:0px;
    text-align:left;
    vertical-align:middle;
    border: 0px solid #DBDBDB;
}

.xforms.img{
    border : 0px;
}

.xforms a:link {

    color: #194866;
    text-decoration: none;
}
.xforms a:active {

    color: #194866;
    text-decoration: none;
}
.xforms a:visited {
    color: #194866;
    text-decoration: none;
}

.xforms A:hover {
    color:008BE3;
    text-decoration: none;
}

.xforms_input{
    border: 0px solid #DBDBDB;
    padding-left:3px;
    padding-right: 1px;
    height:22px;
    padding-top:0px;
    padding-bottom:0px;
    text-align:left;
}
</STYLE> 
  <title>크로넥스/임시주주총회 결과/(2026.01.05)임시주주총회 결과</title> 
 </head> 
 <body> 
  <div class="xforms"> 
   <div> 
    <span class="noprint" style="display:none;width:600px;font-size:10pt;"> </span> 
    <div class="xforms_title"> 
     <div> 
      <span style="width:588px;font-weight:bold;text-align:center;">임시주주총회 결과</span> 
     </div> 
    </div> 
    <table border="1" bordercolordark="white" bordercolorlight="#666666" cellpadding="1" cellspacing="0" id="XFormD9_Form0_Table0" style="margin:0px 0px 20px 0px;width:597px;font-size:10pt;border:1px solid #7f7f7f;"> 
     <tbody> 
      <tr> 
       <td width="125"> <span style="width:125px;font-size:10pt;">1. 결의사항</span> </td> 
       <td colspan="2" width="472"> <span class="xforms_input" style="width:472px;font-size:10pt;">가. 부의사항 <br xmlns:java="http://xml.apache.org/xalan/java"> <br xmlns:java="http://xml.apache.org/xalan/java">제1호 의안. 사내이사 선임의 건(후보자 : 백종찬) <br xmlns:java="http://xml.apache.org/xalan/java">-&gt;원안대로 승인(가결) <br xmlns:java="http://xml.apache.org/xalan/java"> <br xmlns:java="http://xml.apache.org/xalan/java">제2호 의안. 감사 선임의 건(후보자 : 정현수) <br xmlns:java="http://xml.apache.org/xalan/java">-&gt;원안대로 승인(가결)</span> </td> 
      </tr> 
      <tr> 
       <td width="125"> <span style="width:125px;font-size:10pt;">2. 주주총회 일자</span> </td> 
       <td colspan="2" width="472"> <span class="xforms_input" style="width:472px;font-size:10pt;">2026-01-05</span> </td> 
      </tr> 
      <tr> 
       <td colspan="3" width="597"> <span style="width:597px;font-size:10pt;">3. 기타 투자판단과 관련한 중요사항</span> </td> 
      </tr> 
      <tr> 
       <td colspan="3" width="597"> <span class="xforms_input" style="width:597px;font-size:10pt;">-</span> </td> 
      </tr> 
      <tr> 
       <td width="125"> <span style="width:125px;font-size:10pt;">※관련공시</span> </td> 
       <td colspan="2" width="472"> <span style="width:472px;font-size:10pt;"> <a href="http://kind.krx.co.kr/common/disclsviewer.do?method=search&amp;acptno=20251219000363&amp;rcpno=20251219000291&amp;orgid=F&amp;tran=Y&amp;langTpCd=0" target="_blank" xmlns="http://www.w3.org/1999/xhtml" xmlns:xf="http://www.w3.org/2002/xforms" xmlns:xh="http://www.w3.org/1999/xhtml" xmlns:xsd="http://www.w3.org/2001/XMLSchema">2025-12-19 주주총회소집공고</a> <br xmlns:java="http://xml.apache.org/xalan/java"> <a href="http://kind.krx.co.kr/common/disclsviewer.do?method=search&amp;acptno=20251125000336&amp;rcpno=20251125000336&amp;orgid=N&amp;tran=Y&amp;langTpCd=0" target="_blank" xmlns="http://www.w3.org/1999/xhtml" xmlns:xf="http://www.w3.org/2002/xforms" xmlns:xh="http://www.w3.org/1999/xhtml" xmlns:xsd="http://www.w3.org/2001/XMLSchema">2025-11-25 주주명부폐쇄기간 또는 기준일 설정</a> <br xmlns:java="http://xml.apache.org/xalan/java"> <a href="http://kind.krx.co.kr/common/disclsviewer.do?method=search&amp;acptno=20251125000330&amp;rcpno=20251125000330&amp;orgid=N&amp;tran=Y&amp;langTpCd=0" target="_blank" xmlns="http://www.w3.org/1999/xhtml" xmlns:xf="http://www.w3.org/2002/xforms" xmlns:xh="http://www.w3.org/1999/xhtml" xmlns:xsd="http://www.w3.org/2001/XMLSchema">2025-11-25 주주총회소집 결의</a> <br xmlns:java="http://xml.apache.org/xalan/java"> </span> </td> 
      </tr> 
     </tbody> 
    </table> 
    <span class="noprint" style="display:none;width:600px;font-size:10pt;"> </span> 
    <span class="noprint" style="display:none;width:600px;font-size:10pt;"> </span> 
    <span class="noprint" style="display:none;width:600px;font-size:10pt;"> </span> 
    <div id="LIB_L3025" style="width:600px;font-size:10pt;;padding:0 0 20 0"> 
     <div> 
      <div> 
       <span style="width:600px;font-size:11pt;font-weight:bold;">【이사선임 세부내역】</span> 
       <table border="1" bordercolordark="white" bordercolorlight="#666666" cellpadding="1" cellspacing="0" id="XFormD1_Form0_RepeatTable0" style="margin:0px 0px 20px 0px;width:592px;border:1px solid #7f7f7f;"> 
        <tbody> 
         <tr> 
          <td width="73"> <span style="width:73px;font-size:10pt;text-align:center;">성 명</span> </td> 
          <td width="69"> <span style="width:69px;font-size:10pt;text-align:center;">출생년월</span> </td> 
          <td width="49"> <span style="width:49px;font-size:10pt;text-align:center;">임기</span> </td> 
          <td width="96"> <span style="width:96px;font-size:10pt;text-align:center;">신규선임여부</span> </td> 
          <td width="305"> <span style="width:305px;font-size:10pt;text-align:center;">주요경력(현직포함)</span> </td> 
         </tr> 
         <tr> 
          <td width="73"> <span class="xforms_input" style="width:73px;font-size:10pt;">백종찬</span> </td> 
          <td width="69"> <span class="xforms_input" style="width:69px;font-size:10pt;">1959-07</span> </td> 
          <td width="49"> <span class="xforms_input" style="width:49px;font-size:10pt;">3년</span> </td> 
          <td width="96"> <span class="xforms_input" style="width:96px;font-size:10pt;">신규선임</span> </td> 
          <td width="305"> <span class="xforms_input" style="width:305px;font-size:10pt;">현)C&amp;B(주) 대표이사 <br java="http://xml.apache.org/xalan/java">전)서비스에이스(주) 본부장 <br java="http://xml.apache.org/xalan/java">전)SK 텔레콤 수도권영업본부 영업팀장 <br java="http://xml.apache.org/xalan/java">전)SK 텔레콤 Loyalty Maketing 팀장 <br java="http://xml.apache.org/xalan/java">전)SK 텔레콤 NGM 추진단 PI 팀장 <br java="http://xml.apache.org/xalan/java">전)SK 텔레콤 사장실 부장 <br java="http://xml.apache.org/xalan/java">전)한양대학교 공과대학 원자력 공학과 졸업</span> </td> 
         </tr> 
        </tbody> 
       </table> 
      </div> 
     </div> 
    </div> 
    <span class="noprint" style="display:none;width:600px;font-size:10pt;"> </span> 
    <span class="noprint" style="display:none;width:600px;font-size:10pt;"> </span> 
    <div id="LIB_L3021" style="width:600px;font-size:10pt;;padding:0 0 20 0"> 
     <div> 
      <div> 
       <span style="width:596px;font-size:11pt;font-weight:bold;">【감사선임 세부내역】</span> 
       <table border="1" bordercolordark="white" bordercolorlight="#666666" cellpadding="1" cellspacing="0" id="XFormD1_Form0_RepeatTable0" style="margin:0px 0px 20px 0px;width:597px;border:1px solid #7f7f7f;"> 
        <tbody> 
         <tr> 
          <td width="59"> <span style="width:59px;font-size:10pt;text-align:center;">성 명</span> </td> 
          <td width="73"> <span style="width:73px;font-size:10pt;text-align:center;">출생년월</span> </td> 
          <td width="47"> <span style="width:47px;font-size:10pt;text-align:center;">임기</span> </td> 
          <td width="91"> <span style="width:91px;font-size:10pt;text-align:center;">신규선임여부</span> </td> 
          <td width="65"> <span style="width:65px;font-size:10pt;text-align:center;">상근여부</span> </td> 
          <td width="262"> <span style="width:262px;font-size:10pt;text-align:center;">주요경력(현직포함)</span> </td> 
         </tr> 
         <tr> 
          <td width="59"> <span class="xforms_input" style="width:59px;font-size:10pt;">정현수</span> </td> 
          <td width="73"> <span class="xforms_input" style="width:73px;font-size:10pt;">1979-08</span> </td> 
          <td width="47"> <span class="xforms_input" style="width:47px;font-size:10pt;">3년</span> </td> 
          <td width="91"> <span class="xforms_input" style="width:91px;font-size:10pt;">신규선임</span> </td> 
          <td width="65"> <span class="xforms_input" style="width:65px;font-size:10pt;">상근</span> </td> 
          <td width="262"> <span class="xforms_input" style="width:262px;font-size:10pt;">현)조은세무법인 경기광주지사 대표세무사 <br java="http://xml.apache.org/xalan/java">현)중부지방국세청 국세심사위원 <br java="http://xml.apache.org/xalan/java">현)중소벤처기업부 지역특화발전특구 위원 <br java="http://xml.apache.org/xalan/java">전)지암회계법인 근무 <br java="http://xml.apache.org/xalan/java">전)웅지세무대학교 세무회계학과 졸업</span> </td> 
         </tr> 
        </tbody> 
       </table> 
      </div> 
     </div> 
    </div> 
    <span class="noprint" style="display:none;width:600px;font-size:10pt;"> </span> 
    <span class="noprint" style="display:none;width:600px;font-size:10pt;"> </span> 
    <span class="noprint" style="display:none;width:600px;font-size:10pt;"> </span> 
   </div> 
  </div>  
 </body>
</html>