<?xml version="1.0" encoding="utf-8"?>


<DOCUMENT xmlns:xsi="http://www.w3.org/2001/XMLSchema-instance" xsi:noNamespaceSchemaLocation="dart4.xsd">

<DOCUMENT-NAME ACODE="10611">투자설명서(집합투자증권)</DOCUMENT-NAME>
<FORMULA-VERSION ADATE="20231020">6.0</FORMULA-VERSION>
<COMPANY-NAME AREGCIK="00243553">신한자산운용</COMPANY-NAME>


<BODY ATOCID="3">

<LIBRARY>
<CORRECTION>
<TITLE ATOC="Y" AASSOCNOTE="CORRECTION" ENG="Report of Disclosure Revision" ATOCID="3">정 정 신 고 (보고)</TITLE>

<TABLE ACLASS="NORMAL" AFIXTABLE="Y" WIDTH="600" BORDER="0">

<COLGROUP WIDTH="600">
<COL WIDTH="600"></COL>
</COLGROUP>

<TBODY>

<TR ACOPY="N" ADELETE="N" HEIGHT="30">
<TD WIDTH="591" HEIGHT="23"></TD>
</TR>

<TR ACOPY="N" ADELETE="N" HEIGHT="30">
<TD WIDTH="591" HEIGHT="23" ALIGN="RIGHT">2025년 12월 30일</TD>
</TR>
</TBODY>
</TABLE>
<P></P>
<P></P>

<TABLE ACLASS="NORMAL" AFIXTABLE="Y" WIDTH="600" BORDER="0">

<COLGROUP WIDTH="600">
<COL WIDTH="165"></COL>
<COL WIDTH="435"></COL>
</COLGROUP>

<TBODY>

<TR ACOPY="N" ADELETE="N" HEIGHT="30">
<TD WIDTH="156" VALIGN="MIDDLE" AUPDATECONT="N" ENG="1. Disclosure document to be revised:" HEIGHT="23">1. 정정대상 공시서류 :</TD>
<TD WIDTH="426" VALIGN="MIDDLE" HEIGHT="23">투자설명서</TD>
</TR>
</TBODY>
</TABLE>
<P></P>

<TABLE ACLASS="NORMAL" AFIXTABLE="Y" WIDTH="600" BORDER="0">

<COLGROUP WIDTH="600">
<COL WIDTH="260"></COL>
<COL WIDTH="340"></COL>
</COLGROUP>

<TBODY>

<TR ACOPY="N" ADELETE="N" HEIGHT="30">
<TD WIDTH="251" VALIGN="MIDDLE" AUPDATECONT="N" ENG="2. First submission date of disclosure document to be revised:" HEIGHT="23">2. 정정대상 공시서류의 최초제출일 :</TD>
<TD WIDTH="331" VALIGN="MIDDLE" HEIGHT="23">2025.12.22</TD>
</TR>
</TBODY>
</TABLE>
<P></P>

<TABLE ACLASS="NORMAL" AFIXTABLE="Y" WIDTH="600" BORDER="0">

<COLGROUP WIDTH="600">
<COL WIDTH="600"></COL>
</COLGROUP>

<TBODY>

<TR ACOPY="N" ADELETE="N" HEIGHT="30">
<TD WIDTH="591" HEIGHT="23" VALIGN="MIDDLE" AUPDATECONT="N" ENG="3. Revised Information">3. 정정사항</TD>
</TR>
</TBODY>
</TABLE>
<P USERMARK="F-GL11 ">- 정정사유 (1) 기재사항 변경</P>

<TABLE BORDER="1" WIDTH="533" ACLASS="NORMAL" AFIXTABLE="N">

<COLGROUP WIDTH="533">
<COL WIDTH="46"></COL>
<COL WIDTH="487"></COL>
</COLGROUP>

<TBODY>

<TR ACOPY="Y" ADELETE="Y" HEIGHT="32">
<TD ALIGN="CENTER" WIDTH="37" VALIGN="MIDDLE" HEIGHT="25">1</TD>
<TD WIDTH="478" USERMARK="F-13 " VALIGN="MIDDLE" HEIGHT="25">신탁계약기간 변경</TD>
</TR>

<TR ACOPY="Y" ADELETE="Y" HEIGHT="32">
<TD ALIGN="CENTER" WIDTH="37" VALIGN="MIDDLE" HEIGHT="25">2</TD>
<TD WIDTH="478" USERMARK="F-13 " VALIGN="MIDDLE" HEIGHT="25">투자결정시 유의사항 추가</TD>
</TR>

<TR ACOPY="Y" ADELETE="Y" HEIGHT="32">
<TD ALIGN="CENTER" WIDTH="37" VALIGN="MIDDLE" HEIGHT="25">3</TD>
<TD WIDTH="478" USERMARK="F-13 " VALIGN="MIDDLE" HEIGHT="25">운용전문인력의 운용규모 업데이트</TD>
</TR>

<TR ACOPY="Y" ADELETE="Y" HEIGHT="32">
<TD ALIGN="CENTER" WIDTH="37" VALIGN="MIDDLE" HEIGHT="25">4</TD>
<TD WIDTH="478" USERMARK="F-13 " VALIGN="MIDDLE" HEIGHT="25">집합투자업자에 관한 사항 업데이트</TD>
</TR>
</TBODY>
</TABLE>

<P USERMARK="F-GL11 B">
<SPAN USERMARK="!B">- 정정요구ㆍ명령 관련 여부 : 아니오</SPAN>
</P>
<P USERMARK="F-GL11 ">- 정정내역</P>

<TABLE BORDER="1" WIDTH="622" ACLASS="NORMAL" AFIXTABLE="N">

<COLGROUP WIDTH="622">
<COL WIDTH="93"></COL>
<COL WIDTH="265"></COL>
<COL WIDTH="264"></COL>
</COLGROUP>

<THEAD>

<TR ACOPY="Y" ADELETE="Y" HEIGHT="28">
<TH WIDTH="84" USERMARK="F-10 " VALIGN="MIDDLE" ACOPYCOL="Y" ADELETECOL="Y" AMOVECOL="N" HEIGHT="21">항목</TH>
<TH WIDTH="256" USERMARK="F-10 " VALIGN="MIDDLE" ACOPYCOL="Y" ADELETECOL="Y" AMOVECOL="N" HEIGHT="21">정정전</TH>
<TH WIDTH="255" USERMARK="F-10 " VALIGN="MIDDLE" ACOPYCOL="Y" ADELETECOL="Y" AMOVECOL="N" HEIGHT="21">정정후</TH>
</TR>
</THEAD>

<TBODY>

<TR ACOPY="Y" ADELETE="Y" HEIGHT="280">
<TD WIDTH="84" USERMARK="F-10 " HEIGHT="273">1. 신탁계약기간 변경</TD>

<TD WIDTH="256" USERMARK="F-10 " HEIGHT="273">제2부 3. 집합투자기구의 신탁계약기간 ① 
<SPAN USERMARK="BU">이 투자신탁은 별도의 신탁계약기간을 정하지 않고 있습니다. 신탁계약기간은 일반적으로 투자신탁의 존속기간을 의미하는 것으로 수익자의 저축기간 또는 만기 등의 의미와 다를 수 있습니다.</SPAN> ② (생략) 1. (생략) 2. 투자신탁 최초설정일로부터 6개월 경과한 후 운용전환일이 도래하는 경우 : 투자신탁의 최초설정일부터 운용전환일 이후 
<SPAN USERMARK="BU">6개월까지</SPAN>
</TD>

<TD WIDTH="255" USERMARK="F-10 " HEIGHT="273">제2부 3. 집합투자기구의 신탁계약기간 ① 
<SPAN USERMARK="BU">이 투자신탁의 계약기간은 투자신탁의 최초설정일로부터 3년간으로 합니다.</SPAN> ② (현행과 같음) 1. (현행과 같음) 2. 투자신탁 최초설정일로부터 6개월 경과한 후 운용전환일이 도래하는 경우 : 투자신탁의 최초설정일부터 운용전환일 이후 
<SPAN USERMARK="BU">6개월까지로 하되, 투자신탁의 계약기간은 3년을 초과하지 아니한다.</SPAN>
</TD>
</TR>

<TR ACOPY="Y" ADELETE="Y" HEIGHT="238">
<TD WIDTH="84" USERMARK="F-10 " HEIGHT="231">1. 신탁계약기간 변경</TD>

<TD WIDTH="256" USERMARK="F-10 " HEIGHT="231">제2부 10. 집합투자기구의 투자위험 나. 특수위험 - 전환조건 미달성 위험 이 투자신탁은 사전에 정해진 전환조건을 
<SPAN USERMARK="BU">달성하여 운용전환 후 상환하는 것을 목표로 하고 있습니다.  그러나, 증권시장 전체의 가격하락 또는 이자율 변동 등 다양한 요인으로 인해 사전에 정해진 전환조건 및 이 투자신탁의 투자목적을 달성하지 못할 가능성이 존재합니다.</SPAN>
</TD>

<TD WIDTH="255" USERMARK="F-10 " HEIGHT="231">제2부 10. 집합투자기구의 투자위험 나. 특수위험 - 전환조건 미달성 위험 이 투자신탁은 사전에 정해진 전환조건을 
<SPAN USERMARK="BU">달성하는 경우 운용전환 하는 것을 목표로 하고 있으나, 이 투자신탁의 최초설정일로부터 3 년 이내에 전환조건을 달성하지 못 하는 경우에는 최초설정일로부터 3 년이 되는 기간까지 운용하고 상환되므로 이 투자신탁의 운용목적을 달성하지 못하고 상환될 수 있습니다.</SPAN>
</TD>
</TR>

<TR ACOPY="Y" ADELETE="Y" HEIGHT="133">
<TD WIDTH="84" USERMARK="F-10 " HEIGHT="126">1. 신탁계약기간 변경</TD>
<TD WIDTH="256" USERMARK="F-10 " HEIGHT="126">제2부 13. 보수 및 수수료에 관한 사항 다. 집합투자기구에 부과되는 보수 및 비용 < 1,000만원 투자시 투자자가 부담하게 되는 보수 및 비용의 투자기간별 예시 ></TD>

<TD WIDTH="255" USERMARK="F-10 " HEIGHT="126">제2부 13. 보수 및 수수료에 관한 사항 다. 집합투자기구에 부과되는 보수 및 비용 < 1,000만원 투자시 투자자가 부담하게 되는 보수 및 비용의 투자기간별 예시 >
<SPAN USERMARK="BU">- 전환조건 달성 시점별 판매수수료 및 보수 비용 표 추가</SPAN>
</TD>
</TR>

<TR ACOPY="Y" ADELETE="Y" HEIGHT="469">
<TD ROWSPAN="2" WIDTH="84" USERMARK="F-10 " HEIGHT="847">1. 신탁계약기간 변경　</TD>

<TD WIDTH="256" USERMARK="F-10 " HEIGHT="462">제5부 5. 집합투자업자의 고유재산 투자에 관한 사항
<SPAN USERMARK="BU">- 투자기간 : 투자일로부터 최소 3년 이상(다만, 불가피성이 인정되는 경우*는 예외)- 투자금 회수계획 등 :  ① 상기 투자기간이 경과한 시점부터 2회 이상 분할하여 회수하는 것을 원칙으로 하되, 투자금이 집합투자기구 원본액의 100분의 5 미만인 경우에는 일시 회수 가능합니다. ② 1회에 회수하는 금액은 고유재산 투자금의 100분의 50 이하로 하고, 1개월 이상이 경과한 후 다음 회차의 투자금을 회수합니다. 투자기간 종료 1개월 이전에 투자금을 회수할 수 있다는 사실을 자산운용보고서에 기재하여 투자자에게 통지하고 자산운용사 홈페이지에 공시할 예정입니다. ③ 투자금 회수 시에는 회수결과를 자산운용보고서에 기재하고 자산운용사 홈페이지를 통해 공시할 예정입니다.</SPAN>
</TD>

<TD WIDTH="255" USERMARK="F-10 " HEIGHT="462">제5부 5. 집합투자업자의 고유재산 투자에 관한 사항
<SPAN USERMARK="BU">- 투자기간 : 최초설정일부터 신탁계약기간 종료일까지- 투자금 회수계획 등 : 신탁계약기간 종료일에 회수</SPAN>
</TD>
</TR>

<TR ACOPY="Y" ADELETE="Y" HEIGHT="385">
<TD WIDTH="256" USERMARK="F-10 BU" HEIGHT="378">* 불가피성이 인정되는 경우: - 집합투자규약에서 정하는 존속기한이 3년 미만인 집합투자기구로서 고유재산 투자금을 존속기한 동안 유지하는 경우 - 집합투자기구 설정ㆍ설립 후 3년 이내에 법 제192조제1항 단서, 같은 조제2항, 제202조제1항 또는 제221조제1항에 따라 해지ㆍ해산하는 경우 - 집합투자기구 설정ㆍ설립 후 3년 이내에 다른 모집합투자기구의 자집합투자기구로 편입되거나 영 제245조제5항에 따라 다른 모집합투자기구에 이전하는 경우 - 집합투자기구 설정ㆍ설립 후 3년 이내에 집합투자업자가 변경된 경우로서 변경된 집합투자업자가 고유재산 투자금을 출자ㆍ납입하여 집합투자기구 설정ㆍ설립 후 3년 이상 유지하는 경우</TD>
<TD WIDTH="255" USERMARK="F-10 BU" HEIGHT="378"><삭제></TD>
</TR>

<TR ACOPY="Y" ADELETE="Y" HEIGHT="637">
<TD WIDTH="84" USERMARK="F-10 " HEIGHT="630">2. 투자결정시 유의사항 추가　</TD>

<TD WIDTH="256" USERMARK="F-10 " HEIGHT="630">투자결정시 유의사항 안내 1. 내지 9. (생략)
<SPAN USERMARK="BU"><신설></SPAN>
<SPAN></SPAN>
<SPAN USERMARK="BU">10.</SPAN> (생략)
<SPAN USERMARK="BU"><신설><신설><신설></SPAN>
<SPAN USERMARK="BU">11</SPAN>. (생략)
</TD>

<TD WIDTH="255" USERMARK="F-10 " HEIGHT="630">투자결정시 유의사항 안내 1. 내지 9. (현행과 같음)
<SPAN USERMARK="BU">10. 이 집합투자기구는 전환조건(종류 A1 수익증권 기준 누적기준가격 1,070원 이상)을 최초로 달성할 경우 투자전략을 변경하는 전환형 투자신탁입니다. 이 집합투자기구의 전환조건 수익률은 확정수익률이나 예상수익률이 아님을 유의하시기 바랍니다.</SPAN>
<SPAN></SPAN>
<SPAN USERMARK="BU">11.</SPAN> (현행과 같음)
<SPAN USERMARK="BU">12. 이 집합투자기구의 투자대상자산 및 전환조건 등 투자전략이 투자성향에 적합한지 투자 전 반드시 확인하시기 바랍니다.13. 이 집합투자기구는 목표전환형 집합투자기구로서 하락장에서 손실 제한이 없는 반면, 상승장에서 전환조건 달성 시 안전자산으로 전환되어 상승장에서의 추가적인 이익을 누리지 못하는 기회비용이 발생할 수 있습니다.14. 이 집합투자기구는 전환조건 달성 시점 또는 달성 여부에 따라 만기 구조가 달라질 수 있으므로, 투자자는 가입 전 만기 구조를 정확히 확인하고 자금계획에 차질이 없도록 유의하시기 바랍니다. 또한 만기 이전 환매 가능성 및 투자기간을 고려하여 가입 클래스(선취/미징구 등)에 따른 비용 부담을 비교?검토한 후 적합한 클래스를 선택하여야 합니다.15.</SPAN>
<SPAN> (현행과 같음)</SPAN>
</TD>
</TR>

<TR ACOPY="Y" ADELETE="Y" HEIGHT="91">
<TD WIDTH="84" USERMARK="F-10 " HEIGHT="84">3. 운용전문인력의 운용규모 업데이트</TD>
<TD WIDTH="256" USERMARK="F-10 " HEIGHT="84">제2부 5. 운용전문인력에 관한 사항</TD>

<TD WIDTH="255" USERMARK="F-10 " HEIGHT="84">제2부 5. 운용전문인력에 관한 사항
<SPAN USERMARK="BU">- 업데이트</SPAN>
</TD>
</TR>

<TR ACOPY="Y" ADELETE="Y" HEIGHT="91">
<TD WIDTH="84" USERMARK="F-10 " HEIGHT="84">4. 집합투자업자에 관한 사항 업데이트 </TD>
<TD WIDTH="256" USERMARK="F-10 " HEIGHT="84">제4부 1. 집합투자업자에 관한 사항</TD>

<TD WIDTH="255" USERMARK="F-10 B" HEIGHT="84">
<SPAN USERMARK="!B">제4부 1. 집합투자업자에 관한 사항</SPAN>
<SPAN USERMARK="U">- 업데이트</SPAN>
</TD>
</TR>
</TBODY>
</TABLE>
<P></P>
<PGBRK></PGBRK>
</CORRECTION>
</LIBRARY>


<COVER>

<TABLE ACLASS="NORMAL" AFIXTABLE="N" WIDTH="619" BORDER="1">

<COLGROUP WIDTH="619">
<COL WIDTH="42"></COL>
<COL WIDTH="42"></COL>
<COL WIDTH="42"></COL>
<COL WIDTH="42"></COL>
<COL WIDTH="42"></COL>
<COL WIDTH="41"></COL>
<COL WIDTH="368"></COL>
</COLGROUP>

<TBODY>

<TR ACOPY="Y" ADELETE="Y" HEIGHT="57">
<TD VALIGN="MIDDLE" WIDTH="242" HEIGHT="50" USERMARK="F-13 B 0XFFFFFF BC0X57CF8A" COLSPAN="6"> 투자위험등급 4등급[ 보통 위험 ]</TD>

<TD WIDTH="359" HEIGHT="156" VALIGN="MIDDLE" ROWSPAN="3">
<SPAN USERMARK="F-13 B">신한자산운용(주)는</SPAN>
<SPAN USERMARK="F-13 "> 이 투자신탁의 </SPAN>
<SPAN USERMARK="F-15 B">투자대상자산의 종류 및 위험도를</SPAN>
<SPAN USERMARK="F-13 "> 감안하여 </SPAN>
<SPAN USERMARK="F-13 B">4등급(운용전환일 이후 5등급)으로 분류</SPAN>
<SPAN USERMARK="F-13 ">하였습니다. </SPAN>
<SPAN USERMARK="F-13 B">펀드의 위험 등급은 운용실적, 시장 상황 등에 따라 변경될 수 있다는 점을 유의하여 투자판단을 하시기 바랍니다.</SPAN>
</TD>
</TR>

<TR ACOPY="Y" ADELETE="Y" HEIGHT="30">
<TD ALIGN="CENTER" VALIGN="MIDDLE" WIDTH="33" HEIGHT="23" USERMARK="0XFFFFFF BC0X1814FF">1</TD>
<TD ALIGN="CENTER" VALIGN="MIDDLE" WIDTH="33" HEIGHT="23" USERMARK="0XFFFFFF BC0X28BFFF">2</TD>
<TD ALIGN="CENTER" VALIGN="MIDDLE" WIDTH="33" HEIGHT="23" USERMARK="0XFFFFFF BC0X31FFFF">3</TD>
<TD ALIGN="CENTER" VALIGN="MIDDLE" WIDTH="33" HEIGHT="23" USERMARK="B 0XFFFFFF BC0X57CF8A">4</TD>
<TD ALIGN="CENTER" VALIGN="MIDDLE" WIDTH="33" HEIGHT="23" USERMARK="0XFFFFFF BC0XFFBB77">5</TD>
<TD ALIGN="CENTER" VALIGN="MIDDLE" WIDTH="32" HEIGHT="23" USERMARK="0XFFFFFF BC0X8B6036">6</TD>
</TR>

<TR ACOPY="Y" ADELETE="Y" HEIGHT="76">
<TD ALIGN="CENTER" VALIGN="MIDDLE" WIDTH="33" HEIGHT="69" USERMARK="0X1814FF">매우높은위험</TD>
<TD ALIGN="CENTER" VALIGN="MIDDLE" WIDTH="33" HEIGHT="69" USERMARK="0X28BFFF">높은위험</TD>
<TD ALIGN="CENTER" VALIGN="MIDDLE" WIDTH="33" HEIGHT="69" USERMARK="0X31FFFF">다소높은위험</TD>
<TD ALIGN="CENTER" VALIGN="MIDDLE" WIDTH="33" HEIGHT="69" USERMARK="B 0XFFFFFF BC0X57CF8A">보통위험</TD>
<TD ALIGN="CENTER" VALIGN="MIDDLE" WIDTH="33" HEIGHT="69" USERMARK="0XBD6F00">낮은위험</TD>
<TD ALIGN="CENTER" VALIGN="MIDDLE" WIDTH="32" HEIGHT="69" USERMARK="0X5C3914">매우낮은위험</TD>
</TR>
</TBODY>
</TABLE>
<P></P>
<COVER-TITLE ATOC="Y" AASSOCNOTE="COVER" ATOCID="1" ENG="Prospectus">투 자 설 명 서</COVER-TITLE>
<P>이 투자설명서는 신한글로벌AI인프라목표전환형증권투자신탁(H)[채권혼합](운용전환일 이후)신한글로벌AI인프라목표전환형증권투자신탁[채권]에 대한 내용을 담고 있습니다. 따라서, 신한글로벌AI인프라목표전환형증권투자신탁(H)[채권혼합](운용전환일 이후)신한글로벌AI인프라목표전환형증권투자신탁[채권] 수익증권을 매입하기 전에 증권신고서 또는 이 투자설명서를 읽어보시기 바랍니다.</P>

<TABLE-GROUP ACLASS="_FUND_MAIN_" ADELETETABLE="N">

<TABLE ACLASS="EXTRACTION" AFIXTABLE="Y" WIDTH="604" BORDER="0">

<COLGROUP WIDTH="604">
<COL WIDTH="177"></COL>
<COL WIDTH="222"></COL>
<COL WIDTH="91"></COL>
<COL WIDTH="86"></COL>
<COL WIDTH="28"></COL>
</COLGROUP>

<TBODY>

<TR ACOPY="N" ADELETE="N" HEIGHT="122">
<TD WIDTH="168" HEIGHT="115" AUPDATECONT="N" ENG="1. Name of the collective investment scheme:">1. 집합투자기구 명칭 :</TD>
<TE WIDTH="213" HEIGHT="115" ACODE="FUND_NAME">신한글로벌AI인프라목표전환형증권투자신탁(H)[채권혼합](운용전환일 이후)신한글로벌AI인프라목표전환형증권투자신탁[채권]</TE>
<TD WIDTH="82" HEIGHT="115" AUPDATECONT="N" ENG="(Fund code:">(펀드코드 :</TD>
<TE WIDTH="77" HEIGHT="115" ACODE="FUND_CODE" ALIGN="CENTER">ER146</TE>
<TD WIDTH="19" HEIGHT="115" AUPDATECONT="N">)</TD>
</TR>

<TR ACOPY="N" ADELETE="N" HEIGHT="30">
<TD COLSPAN="5" WIDTH="595" HEIGHT="23"></TD>
</TR>

<TR ACOPY="N" ADELETE="N" HEIGHT="30">
<TD WIDTH="168" HEIGHT="23" AUPDATECONT="N" ENG="2. Name of collective investment business entity">2. 집합투자업자 명칭 :</TD>
<TE COLSPAN="4" WIDTH="418" HEIGHT="23" ACODE="FUND_TRD">신한자산운용(주)</TE>
</TR>
</TBODY>
</TABLE>
</TABLE-GROUP>
<P></P>

<TABLE ACLASS="NORMAL" AFIXTABLE="N" WIDTH="600" BORDER="0">

<COLGROUP WIDTH="600">
<COL WIDTH="252"></COL>
<COL WIDTH="348"></COL>
</COLGROUP>

<TBODY>

<TR ACOPY="Y" ADELETE="Y" HEIGHT="99">
<TD WIDTH="243" HEIGHT="92">3. 판   매   회   사 :</TD>
<TD WIDTH="339" HEIGHT="92">판매회사 본.지점[판매회사에 대한 자세한 내용은 집합투자업자 (www.shinhanfund.com)의 인터넷홈페이지를 참고하여 주시기 바랍니다.]</TD>
</TR>

<TR ACOPY="Y" ADELETE="Y" HEIGHT="53">
<TD WIDTH="243" HEIGHT="46">4. 작 성 기 준 일 :</TD>
<TD WIDTH="339" HEIGHT="46">2025년 12월 30일</TD>
</TR>

<TR ACOPY="Y" ADELETE="Y" HEIGHT="53">
<TD WIDTH="243" HEIGHT="46">5. 증권신고서 효력발생일 :</TD>
<TD WIDTH="339" HEIGHT="46">2026년 01월 06일</TD>
</TR>

<TR ACOPY="Y" ADELETE="Y" HEIGHT="53">
<TD WIDTH="243" HEIGHT="46">6. 모집(매출) 증권의 종류 및 수 :</TD>
<TD WIDTH="339" HEIGHT="46">투자신탁의 수익증권(10조좌)</TD>
</TR>

<TR ACOPY="Y" ADELETE="Y" HEIGHT="53">
<TD WIDTH="243" HEIGHT="46">[모집(매출) 총액 :          ]</TD>
<TD WIDTH="339" HEIGHT="46"></TD>
</TR>

<TR ACOPY="Y" ADELETE="Y" HEIGHT="55">
<TD WIDTH="243" HEIGHT="48">7. 모집(매출) 기간(판매기간) : </TD>
<TD WIDTH="339" HEIGHT="48" VALIGN="MIDDLE">2026년 01월 12일부터 2026년 01월 23일까지(모집기간 단축 가능) </TD>
</TR>

<TR ACOPY="Y" ADELETE="Y" HEIGHT="30">
<TD COLSPAN="2" WIDTH="591" HEIGHT="23">8. 집합투자증권신고서 및 투자설명서의 열람장소</TD>
</TR>

<TR ACOPY="Y" ADELETE="Y" HEIGHT="30">
<TD COLSPAN="2" WIDTH="591" HEIGHT="23">   가. 집합투자증권신고서</TD>
</TR>

<TR ACOPY="Y" ADELETE="Y" HEIGHT="30">
<TD COLSPAN="2" WIDTH="591" HEIGHT="23">                       전자문서 : 금융위(금감원) 전자공시시스템 →  http://dart.fss.or.kr</TD>
</TR>

<TR ACOPY="Y" ADELETE="Y" HEIGHT="30">
<TD COLSPAN="2" WIDTH="591" HEIGHT="23">   나. 투자설명서</TD>
</TR>

<TR ACOPY="Y" ADELETE="Y" HEIGHT="30">
<TD COLSPAN="2" WIDTH="591" HEIGHT="23">                       전자문서 : 금융위(금감원) 전자공시시스템 →  http://dart.fss.or.kr</TD>
</TR>

<TR ACOPY="Y" ADELETE="Y" HEIGHT="53">
<TD COLSPAN="2" WIDTH="591" HEIGHT="46">                       서면문서 : 집합투자업자(www.shinhanfund.com) , 판매회사 및 한국금융투자협회(www.kofia.or.kr)의 인터넷 홈페이지를 참고하여 주시기 바랍니다.</TD>
</TR>

<TR ACOPY="Y" ADELETE="Y" HEIGHT="30">
<TD COLSPAN="2" WIDTH="591" HEIGHT="23">9. (안정조작 또는 시장조성 관련)</TD>
</TR>

<TR ACOPY="Y" ADELETE="Y" HEIGHT="30">
<TD COLSPAN="2" WIDTH="591" HEIGHT="23"></TD>
</TR>

<TR ACOPY="Y" ADELETE="Y" HEIGHT="30">
<TD COLSPAN="2" WIDTH="591" HEIGHT="23">※ 이 투자설명서는 효력발생일 이후에도 기재사항 중 일부가 변경될 수 있습니다.</TD>
</TR>
</TBODY>
</TABLE>

<TABLE ACLASS="NORMAL" AFIXTABLE="N" WIDTH="600" BORDER="1">

<COLGROUP WIDTH="600">
<COL WIDTH="600"></COL>
</COLGROUP>

<TBODY>

<TR ACOPY="Y" ADELETE="Y" HEIGHT="157">
<TD WIDTH="591" HEIGHT="150" AUPDATECONT="N" USERMARK="F-BT13 B 0X0000FF" ENG="Please note that the Financial Services Commission does not verify the accuracy or truthfulness of the information presented in the prospectus, nor does it guarantee or endorse the value of the securities. Additionally, these collective investment securities are performance-based dividend products not covered by the Depositor Protection Act. Therefore, investing in them carries the risk of potential loss of principal investment. Please exercise caution when considering these investments.">금융위원회가 투자설명서의 기재사항이 진실 또는 정확하다는 것을 인정하거나 그 증권의 가치를 보증 또는 승인하지 아니함을 유의하시기 바랍니다.또한 이 집합투자증권은「예금자보호법」에 의한 보호를 받지 않는 실적배당상품으로 투자원금의 손실이 발생할 수 있으므로 투자에 신중을 기하여 주시기 바랍니다. </TD>
</TR>
</TBODY>
</TABLE>
<PGBRK></PGBRK>
</COVER>

<LIBRARY>
<SECTION-1 ACLASS="MANDATORY" APARTSOURCE="SOURCE">
<TITLE ATOC="Y" ATOCID="2" ENG="[Main Text]">[ 본 문 ]</TITLE>

</SECTION-1></LIBRARY></BODY></DOCUMENT>