<?xml version="1.0" encoding="utf-8"?>


<DOCUMENT xmlns:xsi="http://www.w3.org/2001/XMLSchema-instance" xsi:noNamespaceSchemaLocation="dart4.xsd">

<DOCUMENT-NAME ACODE="00683">자기주식처분결과보고서</DOCUMENT-NAME>
<FORMULA-VERSION ADATE="20251230">6.1</FORMULA-VERSION>
<COMPANY-NAME AREGCIK="01068737">(주)에이치피오</COMPANY-NAME>


<BODY ATOCID="11">

<COVER>
<COVER-TITLE ATOC="Y" AASSOCNOTE="COVER" ENG="Treasury Stock Disposal Result Report" ATOCID="1">자기주식처분결과보고서</COVER-TITLE>

<TABLE ACLASS="NORMAL" AFIXTABLE="N" WIDTH="600" BORDER="0">

<COLGROUP WIDTH="600">
<COL WIDTH="161"></COL>
<COL WIDTH="439"></COL>
</COLGROUP>

<TBODY>

<TR ACOPY="Y" ADELETE="Y" HEIGHT="53">
<TD CLASS="NORMAL" COLSPAN="2" WIDTH="591" HEIGHT="46"></TD>
</TR>

<TR ACOPY="Y" ADELETE="Y" HEIGHT="30">
<TD CLASS="NORMAL" WIDTH="152" HEIGHT="23">금융감독원장 귀하</TD>
<TD CLASS="NORMAL" ALIGN="RIGHT" WIDTH="430" HEIGHT="23">2026년      1월    5일</TD>
</TR>

<TR ACOPY="Y" ADELETE="Y" HEIGHT="53">
<TD CLASS="NORMAL" WIDTH="152" HEIGHT="46"></TD>
<TD CLASS="NORMAL" WIDTH="430" HEIGHT="46"></TD>
</TR>

<TR ACOPY="Y" ADELETE="Y" HEIGHT="53">
<TD CLASS="NORMAL" WIDTH="152" HEIGHT="46">회       사       명 :</TD>
<TD CLASS="NORMAL" WIDTH="430" HEIGHT="46">(주)에이치피오</TD>
</TR>

<TR ACOPY="Y" ADELETE="Y" HEIGHT="53">
<TD CLASS="NORMAL" WIDTH="152" HEIGHT="46">대   표     이   사 :</TD>
<TD CLASS="NORMAL" WIDTH="430" HEIGHT="46">민택근</TD>
</TR>

<TR ACOPY="Y" ADELETE="Y" HEIGHT="30">
<TD CLASS="NORMAL" WIDTH="152" HEIGHT="23">본  점  소  재  지 :</TD>
<TD CLASS="NORMAL" WIDTH="430" HEIGHT="23">서울특별시 영등포구 양평로 115(양평동4가)</TD>
</TR>

<TR ACOPY="Y" ADELETE="Y" HEIGHT="30">
<TD CLASS="NORMAL" WIDTH="152" HEIGHT="23"></TD>
<TD CLASS="NORMAL" WIDTH="430" HEIGHT="23">(전  화) 02-6391-2770</TD>
</TR>

<TR ACOPY="Y" ADELETE="Y" HEIGHT="30">
<TD CLASS="NORMAL" WIDTH="152" HEIGHT="23"></TD>
<TD CLASS="NORMAL" WIDTH="430" HEIGHT="23">(홈페이지) http://www.denps.com</TD>
</TR>

<TR ACOPY="Y" ADELETE="Y" HEIGHT="30">
<TD CLASS="NORMAL" WIDTH="152" HEIGHT="23"></TD>
<TD CLASS="NORMAL" WIDTH="430" HEIGHT="23"></TD>
</TR>

<TR ACOPY="Y" ADELETE="Y" HEIGHT="30">
<TD CLASS="NORMAL" WIDTH="152" HEIGHT="23">작  성  책  임  자 :</TD>
<TD CLASS="NORMAL" WIDTH="430" HEIGHT="23">(직  책) 부문대표                 (성  명) 오승찬</TD>
</TR>

<TR ACOPY="Y" ADELETE="Y" HEIGHT="30">
<TD CLASS="NORMAL" WIDTH="152" HEIGHT="23"></TD>
<TD CLASS="NORMAL" WIDTH="430" HEIGHT="23">(전  화) 070-8796-0082</TD>
</TR>

<TR ACOPY="Y" ADELETE="Y" HEIGHT="53">
<TD CLASS="NORMAL" WIDTH="152" HEIGHT="46"></TD>
<TD CLASS="NORMAL" WIDTH="430" HEIGHT="46"></TD>
</TR>
</TBODY>
</TABLE>
<PGBRK></PGBRK>
</COVER>

<SECTION-1 ACLASS="MANDATORY" APARTSOURCE="SOURCE">

<SECTION-2 ACLASS="MANDATORY">
<TITLE ATOC="Y" ENG="1. Issuer’s name and address" ATOCID="2">1. 발행인의 명칭 및 주소</TITLE>

<SECTION-3 ACLASS="MANDATORY">
<TITLE ATOC="Y" ENG="A. Name:" ATOCID="3">가. 명  칭 :</TITLE>
<P>(주)에이치피오</P>
</SECTION-3>

<SECTION-3 ACLASS="MANDATORY">
<TITLE ATOC="Y" ENG="B. Address:" ATOCID="4">나. 주  소 :</TITLE>
<P>서울특별시 영등포구 양평로 115(양평동4가)</P>
</SECTION-3>
</SECTION-2>

<SECTION-2 ACLASS="MANDATORY">
<TITLE ATOC="Y" AASSOCNOTE="D-0-1-2-0" ENG="2. Details of the disposal report" ATOCID="5">2. 처분보고에 관한 내용</TITLE>

<SECTION-3 ACLASS="MANDATORY">
<TITLE ATOC="Y" ENG="A. Submission date for report on major issues:" ATOCID="6">가. 주요사항보고서 제출일 :</TITLE>
<P>2025년 12월 16일</P>
</SECTION-3>

<SECTION-3 ACLASS="MANDATORY">
<TITLE ATOC="Y" ENG="B. Disposal period" ATOCID="7">나. 처분기간 :</TITLE>

<TABLE-GROUP ACLASS="ACT_BGN_DT" ADELETETABLE="N">

<TABLE ACLASS="EXTRACTION" AFIXTABLE="Y" WIDTH="407" BORDER="0">

<COLGROUP WIDTH="407">
<COL WIDTH="152"></COL>
<COL WIDTH="57"></COL>
<COL WIDTH="150"></COL>
<COL WIDTH="48"></COL>
</COLGROUP>

<TBODY>

<TR ACOPY="Y" ADELETE="Y" HEIGHT="30">
<TU ALIGN="CENTER" VALIGN="MIDDLE" WIDTH="143" HEIGHT="23" AUNIT="ACT_BGN_DT" AUNITVALUE="20251231">2025.12.31</TU>
<TD ALIGN="CENTER" VALIGN="MIDDLE" WIDTH="48" HEIGHT="23" AUPDATECONT="N" ENG="From">부터</TD>
<TU ALIGN="CENTER" VALIGN="MIDDLE" WIDTH="141" HEIGHT="23" AUNIT="ACT_END_DT" AUNITVALUE="20251231">2025.12.31</TU>
<TD ALIGN="CENTER" VALIGN="MIDDLE" WIDTH="39" HEIGHT="23" AUPDATECONT="N" ENG="To">까지</TD>
</TR>
</TBODY>
</TABLE>
</TABLE-GROUP>
<P></P>
</SECTION-3>

<SECTION-3 ACLASS="MANDATORY">
<TITLE ATOC="Y" AASSOCNOTE="D-0-1-2-3" ENG="C. Type and number of shares reported on disposal" ATOCID="8">다. 처분보고 주식의 종류 및 주식수</TITLE>
<P></P>
</SECTION-3>
</SECTION-2>

<SECTION-2 ACLASS="MANDATORY">
<TITLE ATOC="Y" AASSOCNOTE="D-0-1-3-0" ENG="3. Details of disposal" ATOCID="9">3. 처분내용</TITLE>

<TABLE-GROUP ACLASS="ACT_DT" ADELETETABLE="N">

<TABLE ACLASS="EXTRACTION" AFIXTABLE="Y" WIDTH="819" BORDER="0">

<COLGROUP WIDTH="819">
<COL WIDTH="386"></COL>
<COL WIDTH="433"></COL>
</COLGROUP>

<TBODY>

<TR ACOPY="Y" ADELETE="Y" HEIGHT="30">
<TD ALIGN="RIGHT" WIDTH="377" HEIGHT="23"></TD>
<TU ALIGN="RIGHT" WIDTH="424" HEIGHT="23" AUNIT="WONSTOCK" AUNITVALUE="1" ENG="(Unit: KRW, shares)">(단위 : 원, 주)</TU>
</TR>
</TBODY>
</TABLE>

<TABLE ACLASS="EXTRACTION" AFIXTABLE="N" WIDTH="820" BORDER="1">

<COLGROUP WIDTH="820">
<COL WIDTH="92"></COL>
<COL WIDTH="78"></COL>
<COL WIDTH="78"></COL>
<COL WIDTH="78"></COL>
<COL WIDTH="78"></COL>
<COL WIDTH="92"></COL>
<COL WIDTH="138"></COL>
<COL WIDTH="108"></COL>
<COL WIDTH="78"></COL>
</COLGROUP>

<THEAD>

<TR ACOPY="N" ADELETE="N" HEIGHT="30">
<TH ROWSPAN="2" VALIGN="MIDDLE" WIDTH="83" HEIGHT="53" ACOPYCOL="N" ADELETECOL="N" AMOVECOL="N" AUPDATECONT="N" ENG="Date">일  자</TH>
<TH ROWSPAN="2" VALIGN="MIDDLE" WIDTH="69" HEIGHT="53" ACOPYCOL="N" ADELETECOL="N" AMOVECOL="N" AUPDATECONT="N" ENG="Class">종  류</TH>
<TH COLSPAN="2" VALIGN="MIDDLE" WIDTH="147" HEIGHT="23" ACOPYCOL="N" ADELETECOL="N" AMOVECOL="N" AUPDATECONT="N" ENG="Quantity">수  량</TH>
<TH ROWSPAN="2" VALIGN="MIDDLE" WIDTH="69" HEIGHT="53" ACOPYCOL="N" ADELETECOL="N" AMOVECOL="N" AUPDATECONT="N" ENG="Disposal price per share">1주당처분가액</TH>
<TH ROWSPAN="2" VALIGN="MIDDLE" WIDTH="83" HEIGHT="53" ACOPYCOL="N" ADELETECOL="N" AMOVECOL="N" AUPDATECONT="N" ENG="Total disposal amount">처분가액총　　액</TH>
<TH ROWSPAN="2" VALIGN="MIDDLE" WIDTH="129" HEIGHT="53" ACOPYCOL="Y" ADELETECOL="Y" AMOVECOL="N" AUPDATECONT="N" ENG="Disposal target">처분대상</TH>
<TH COLSPAN="2" VALIGN="MIDDLE" WIDTH="177" HEIGHT="23" ACOPYCOL="N" ADELETECOL="N" AMOVECOL="N" AUPDATECONT="N" ENG="Securities company entrusted with selling">매도위탁 증권회사</TH>
</TR>

<TR ACOPY="N" ADELETE="N" HEIGHT="30">
<TH VALIGN="MIDDLE" WIDTH="69" HEIGHT="23" ACOPYCOL="N" ADELETECOL="N" AMOVECOL="N" AUPDATECONT="N" ENG="Order quantity">주문수량</TH>
<TH VALIGN="MIDDLE" WIDTH="69" HEIGHT="23" ACOPYCOL="N" ADELETECOL="N" AMOVECOL="N" AUPDATECONT="N" ENG="Disposal quantity">처분수량</TH>
<TH VALIGN="MIDDLE" WIDTH="99" HEIGHT="23" ACOPYCOL="N" ADELETECOL="N" AMOVECOL="N" AUPDATECONT="N" ENG="Financial investment business entity">금융투자업자</TH>
<TH VALIGN="MIDDLE" WIDTH="69" HEIGHT="23" ACOPYCOL="N" ADELETECOL="N" AMOVECOL="N" AUPDATECONT="N" ENG="Corporation code">고유번호</TH>
</TR>
</THEAD>

<TBODY>

<TR ACOPY="Y" ADELETE="N" HEIGHT="30">
<TU ALIGN="CENTER" WIDTH="83" HEIGHT="23" AUNIT="ACT_DT" AUNITVALUE="20251231">2025.12.31</TU>
<TU ALIGN="CENTER" WIDTH="69" HEIGHT="23" AUNIT="STK_KND" AUNITVALUE="6" ENG="Common stock">보통주식</TU>
<TE ALIGN="RIGHT" WIDTH="69" HEIGHT="23" ACODE="ORD_CNT">12,577</TE>
<TE ALIGN="RIGHT" WIDTH="69" HEIGHT="23" ACODE="ACT_CNT">12,577</TE>
<TE ALIGN="RIGHT" WIDTH="69" HEIGHT="23" ACODE="UNIT_PRICE">2,420</TE>
<TE ALIGN="RIGHT" WIDTH="83" HEIGHT="23" ACODE="PSP_AMT">30,436,340</TE>
<TE ALIGN="CENTER" WIDTH="129" HEIGHT="23" ACODE="OBJ_OTH" VALIGN="MIDDLE">에이치피오임직원</TE>
<TE WIDTH="99" HEIGHT="23" ACODE="CNS_NM" ALIGN="CENTER">-</TE>
<TE WIDTH="69" HEIGHT="23" ACODE="CNS_CRP" ALIGN="CENTER">-</TE>
</TR>

<TR ACOPY="N" ADELETE="N" HEIGHT="30">
<TD ALIGN="CENTER" WIDTH="83" HEIGHT="23" AUPDATECONT="N" ENG="Total">계</TD>
<TD ALIGN="CENTER" WIDTH="69" HEIGHT="23" AUPDATECONT="N">-</TD>
<TE ALIGN="RIGHT" WIDTH="69" HEIGHT="23" ACODE="SUM_ORD_CNT">12,577</TE>
<TE ALIGN="RIGHT" WIDTH="69" HEIGHT="23" ACODE="SUM_ACT_CNT">12,577</TE>
<TE ALIGN="RIGHT" WIDTH="69" HEIGHT="23" ACODE="SUM_UNIT_PRICE">2,420</TE>
<TE ALIGN="RIGHT" WIDTH="83" HEIGHT="23" ACODE="DSP_AMT">30,436,340</TE>
<TD WIDTH="129" HEIGHT="23" AUPDATECONT="N" ALIGN="CENTER">-</TD>
<TD WIDTH="99" HEIGHT="23" AUPDATECONT="N" ALIGN="CENTER">-</TD>
<TD WIDTH="69" HEIGHT="23" AUPDATECONT="N" ALIGN="CENTER">-</TD>
</TR>
</TBODY>
</TABLE>
</TABLE-GROUP>
<P>주1) 상기 '처분수량'은 2025년 12월 16일 이사회 결의를 통해 장기근속 포상으로 자기주식을 교부하는 건으로, 당사 자기주식 계좌(하나증권)에서 해당 직원 증권계좌로 이체 출고 되었습니다.주2) 1주당 처분가액은 처분일(2025년 12월 31일) 종가(2,420원)기준으로 산정하였습니다.</P>
</SECTION-2>

<SECTION-2 ACLASS="MANDATORY">
<TITLE ATOC="Y" AASSOCNOTE="D-0-1-4-0" ENG="4. Whether details of the disposal report and actual disposal match" ATOCID="10">4. 처분보고에 관한 내용과 실제 처분내용 일치 여부</TITLE>

<TABLE-GROUP ACLASS="CMP_STC" ADELETETABLE="N">

<TABLE ACLASS="EXTRACTION" AFIXTABLE="N" WIDTH="721" BORDER="1">

<COLGROUP WIDTH="721">
<COL WIDTH="117"></COL>
<COL WIDTH="117"></COL>
<COL WIDTH="118"></COL>
<COL WIDTH="118"></COL>
<COL WIDTH="80"></COL>
<COL WIDTH="171"></COL>
</COLGROUP>

<THEAD>

<TR ACOPY="N" ADELETE="N" HEIGHT="30">
<TH WIDTH="225" VALIGN="MIDDLE" ACOPYCOL="N" ADELETECOL="N" AMOVECOL="N" AUPDATECONT="N" HEIGHT="23" COLSPAN="2" ENG="Shares to be disposed of (shrs.)">처분예정주식(주)</TH>
<TH WIDTH="227" VALIGN="MIDDLE" ACOPYCOL="N" ADELETECOL="N" AMOVECOL="N" AUPDATECONT="N" HEIGHT="23" COLSPAN="2" ENG="Total number of shares disposed of (shrs.)">처분주식 총수(주)</TH>
<TH WIDTH="71" VALIGN="MIDDLE" ACOPYCOL="N" ADELETECOL="N" AMOVECOL="N" AUPDATECONT="N" HEIGHT="53" ROWSPAN="2" ENG="Whether consistent">일치여부</TH>
<TH WIDTH="162" VALIGN="MIDDLE" ACOPYCOL="N" ADELETECOL="N" AMOVECOL="N" AUPDATECONT="N" HEIGHT="53" ROWSPAN="2" ENG="Reason for discrepancy, if any">차이발생시 사유</TH>
</TR>

<TR ACOPY="N" ADELETE="N" HEIGHT="30">
<TH WIDTH="108" VALIGN="MIDDLE" ACOPYCOL="N" ADELETECOL="N" AMOVECOL="N" AUPDATECONT="N" HEIGHT="23" ENG="Common stock">보통주식</TH>
<TH WIDTH="108" VALIGN="MIDDLE" ACOPYCOL="N" ADELETECOL="N" AMOVECOL="N" AUPDATECONT="N" HEIGHT="23" ENG="Different classes of stocks">기타주식</TH>
<TH WIDTH="109" VALIGN="MIDDLE" ACOPYCOL="N" ADELETECOL="N" AMOVECOL="N" AUPDATECONT="N" HEIGHT="23" ENG="Common stock">보통주식</TH>
<TH WIDTH="109" VALIGN="MIDDLE" ACOPYCOL="N" ADELETECOL="N" AMOVECOL="N" AUPDATECONT="N" HEIGHT="23" ENG="Different classes of stocks">기타주식</TH>
</TR>
</THEAD>

<TBODY>

<TR ACOPY="N" ADELETE="N" HEIGHT="30">
<TE WIDTH="108" VALIGN="MIDDLE" ALIGN="RIGHT" HEIGHT="23" ACODE="SCH_SLT">12,577</TE>
<TE WIDTH="108" VALIGN="MIDDLE" ALIGN="RIGHT" HEIGHT="23" ACODE="SCH_SLK">-</TE>
<TE WIDTH="109" VALIGN="MIDDLE" ALIGN="RIGHT" HEIGHT="23" ACODE="SEL_SLT">12,577</TE>
<TE WIDTH="109" VALIGN="MIDDLE" ALIGN="RIGHT" HEIGHT="23" ACODE="SEL_SLK">-</TE>
<TE WIDTH="71" VALIGN="MIDDLE" ALIGN="CENTER" HEIGHT="23" ACODE="AGR_YSN">일치</TE>
<TE WIDTH="162" VALIGN="MIDDLE" ALIGN="CENTER" HEIGHT="23" ACODE="DIF_CAS">-</TE>
</TR>
</TBODY>
</TABLE>
</TABLE-GROUP>
<P></P>
</SECTION-2>

<SECTION-2 ACLASS="MANDATORY">
<TITLE ATOC="Y" AASSOCNOTE="D-0-1-5-0" ENG="5. Status of treasury share holdings, etc. after disposal" ATOCID="11">5. 처분후 자기주식등의 보유상황</TITLE>

<TABLE-GROUP ACLASS="HLD_CNT" ADELETETABLE="N">

<TABLE ACLASS="EXTRACTION" AFIXTABLE="Y" WIDTH="714" BORDER="0">

<COLGROUP WIDTH="714">
<COL WIDTH="19"></COL>
<COL WIDTH="152"></COL>
<COL WIDTH="243"></COL>
<COL WIDTH="300"></COL>
</COLGROUP>

<TBODY>

<TR ACOPY="Y" ADELETE="Y" HEIGHT="30">
<TD ALIGN="RIGHT" WIDTH="10" HEIGHT="23">[</TD>
<TU ALIGN="CENTER" WIDTH="143" HEIGHT="23" AUNIT="BASE_DT" AUNITVALUE="20260105">2026.01.05</TU>
<TD WIDTH="234" HEIGHT="23">현재]</TD>
<TU ALIGN="RIGHT" WIDTH="291" HEIGHT="23" AUNIT="WONSTOCKPERCENT" AUNITVALUE="1" ENG="(Unit: KRW, shares, %)">(단위 : 원, 주, %)</TU>
</TR>
</TBODY>
</TABLE>

<TABLE ACLASS="EXTRACTION" AFIXTABLE="N" WIDTH="714" BORDER="1">

<COLGROUP WIDTH="714">
<COL WIDTH="78"></COL>
<COL WIDTH="55"></COL>
<COL WIDTH="48"></COL>
<COL WIDTH="100"></COL>
<COL WIDTH="104"></COL>
<COL WIDTH="48"></COL>
<COL WIDTH="78"></COL>
<COL WIDTH="55"></COL>
<COL WIDTH="48"></COL>
<COL WIDTH="100"></COL>
</COLGROUP>

<THEAD>

<TR ACOPY="N" ADELETE="N" HEIGHT="53">
<TH ROWSPAN="2" VALIGN="MIDDLE" WIDTH="69" ACOPYCOL="N" ADELETECOL="N" AMOVECOL="N" AUPDATECONT="N" ENG="Type of shares" HEIGHT="76">주식의종　류</TH>
<TH COLSPAN="3" VALIGN="MIDDLE" WIDTH="194" ACOPYCOL="N" ADELETECOL="N" AMOVECOL="N" AUPDATECONT="N" ENG="Holding status according to Article 165-3 of the Act (A)" HEIGHT="46">법제165조의3의규정에 의한 보유상황(A)</TH>
<TH COLSPAN="3" VALIGN="MIDDLE" WIDTH="221" ACOPYCOL="N" ADELETECOL="N" AMOVECOL="N" AUPDATECONT="N" ENG="Holding status according to the trust contract, etc. under Article 165-3 of the Act (B)" HEIGHT="46">법제165조의3의신탁계약등에 의한 보유상황(B)</TH>
<TH COLSPAN="3" VALIGN="MIDDLE" WIDTH="194" ACOPYCOL="N" ADELETECOL="N" AMOVECOL="N" AUPDATECONT="N" ENG="Total (A + B)" HEIGHT="46">계(A + B)</TH>
</TR>

<TR ACOPY="N" ADELETE="N" HEIGHT="30">
<TH VALIGN="MIDDLE" ACOPYCOL="N" ADELETECOL="N" AMOVECOL="N" AUPDATECONT="N" ENG="Quantity" WIDTH="46" HEIGHT="23">수량</TH>
<TH VALIGN="MIDDLE" ACOPYCOL="N" ADELETECOL="N" AMOVECOL="N" AUPDATECONT="N" ENG="Ratio" WIDTH="39" HEIGHT="23">비율</TH>
<TH VALIGN="MIDDLE" ACOPYCOL="N" ADELETECOL="N" AMOVECOL="N" AUPDATECONT="N" ENG="Total price" WIDTH="91" HEIGHT="23">총가액</TH>
<TH VALIGN="MIDDLE" ACOPYCOL="N" ADELETECOL="N" AMOVECOL="N" AUPDATECONT="N" ENG="Quantity" WIDTH="95" HEIGHT="23">수량</TH>
<TH VALIGN="MIDDLE" ACOPYCOL="N" ADELETECOL="N" AMOVECOL="N" AUPDATECONT="N" ENG="Ratio" WIDTH="39" HEIGHT="23">비율</TH>
<TH VALIGN="MIDDLE" ACOPYCOL="N" ADELETECOL="N" AMOVECOL="N" AUPDATECONT="N" ENG="Contract amount" WIDTH="69" HEIGHT="23">계약금액</TH>
<TH VALIGN="MIDDLE" ACOPYCOL="N" ADELETECOL="N" AMOVECOL="N" AUPDATECONT="N" ENG="Quantity" WIDTH="46" HEIGHT="23">수량</TH>
<TH VALIGN="MIDDLE" ACOPYCOL="N" ADELETECOL="N" AMOVECOL="N" AUPDATECONT="N" ENG="Ratio" WIDTH="39" HEIGHT="23">비율</TH>
<TH VALIGN="MIDDLE" ACOPYCOL="N" ADELETECOL="N" AMOVECOL="N" AUPDATECONT="N" ENG="Amount" WIDTH="91" HEIGHT="23">금  액</TH>
</TR>
</THEAD>

<TBODY>

<TR ACOPY="Y" ADELETE="N" HEIGHT="30">
<TU ALIGN="CENTER" AUNIT="STK_KND" AUNITVALUE="6" WIDTH="69" HEIGHT="23" ENG="Common stock">보통주식</TU>
<TE ALIGN="RIGHT" ACODE="HLD_CNT1" VALIGN="MIDDLE" WIDTH="46" HEIGHT="23">4,462</TE>
<TE ALIGN="RIGHT" ACODE="HLD_RATE1" VALIGN="MIDDLE" WIDTH="39" HEIGHT="23">0.01</TE>
<TE ALIGN="RIGHT" ACODE="HLD_AMT1" VALIGN="MIDDLE" WIDTH="91" HEIGHT="23">50,249,575</TE>
<TE ALIGN="CENTER" ACODE="HLD_CNT2" VALIGN="MIDDLE" WIDTH="95" HEIGHT="23">-</TE>
<TE ALIGN="CENTER" ACODE="HLD_RATE2" VALIGN="MIDDLE" WIDTH="39" HEIGHT="23">-</TE>
<TE ALIGN="CENTER" ACODE="HLD_AMT2" VALIGN="MIDDLE" WIDTH="69" HEIGHT="23">-</TE>
<TE ALIGN="RIGHT" ACODE="HLD_CNT3" VALIGN="MIDDLE" WIDTH="46" HEIGHT="23">4,462</TE>
<TE ALIGN="RIGHT" ACODE="HLD_RATE3" VALIGN="MIDDLE" WIDTH="39" HEIGHT="23">0.01</TE>
<TE ALIGN="RIGHT" ACODE="HLD_AMT3" VALIGN="MIDDLE" WIDTH="91" HEIGHT="23">50,249,575</TE>
</TR>

<TR ACOPY="N" ADELETE="N" HEIGHT="30">
<TD ALIGN="CENTER" AUPDATECONT="N" ENG="Total" WIDTH="69" HEIGHT="23">계</TD>
<TE ALIGN="RIGHT" ACODE="SUM_HLD_CNT1" VALIGN="MIDDLE" WIDTH="46" HEIGHT="23">4,462</TE>
<TE ALIGN="RIGHT" ACODE="SUM_HLD_RATE1" VALIGN="MIDDLE" WIDTH="39" HEIGHT="23">0.01</TE>
<TE ALIGN="RIGHT" ACODE="SUM_HLD_AMT1" VALIGN="MIDDLE" WIDTH="91" HEIGHT="23">50,249,575</TE>
<TE ALIGN="CENTER" ACODE="SUM_HLD_CNT2" VALIGN="MIDDLE" WIDTH="95" HEIGHT="23">-</TE>
<TE ALIGN="CENTER" ACODE="SUM_HLD_RATE2" VALIGN="MIDDLE" WIDTH="39" HEIGHT="23">-</TE>
<TE ALIGN="CENTER" ACODE="SUM_HLD_AMT2" VALIGN="MIDDLE" WIDTH="69" HEIGHT="23">-</TE>
<TE ALIGN="RIGHT" ACODE="SUM_HLD_CNT3" VALIGN="MIDDLE" WIDTH="46" HEIGHT="23">4,462</TE>
<TE ALIGN="RIGHT" ACODE="SUM_HLD_RATE3" VALIGN="MIDDLE" WIDTH="39" HEIGHT="23">0.01</TE>
<TE ALIGN="RIGHT" ACODE="SUM_HLD_AMT3" VALIGN="MIDDLE" WIDTH="91" HEIGHT="23">50,249,575</TE>
</TR>
</TBODY>
</TABLE>
</TABLE-GROUP>
<P>주1) 상기 비율은 발행주식의 총 수 41,293,476주에 대한 자기주식 비율입니다.주2) 상기 총가액 및 금액은 장부금액 기준으로 작성하였습니다.</P>
<P></P>
</SECTION-2>

</SECTION-1></BODY></DOCUMENT>