<?xml version="1.0" encoding="utf-8"?>


<DOCUMENT xmlns:xsi="http://www.w3.org/2001/XMLSchema-instance" xsi:noNamespaceSchemaLocation="dart4.xsd">

<DOCUMENT-NAME ACODE="80554">주요주주의주식보유변동</DOCUMENT-NAME>
<FORMULA-VERSION ADATE="20221227">6.0</FORMULA-VERSION>
<COMPANY-NAME AREGCIK="01533967">(주)용인스마트물류</COMPANY-NAME>


<BODY ATOCID="1">

<SECTION-1 ACLASS="MANDATORY" APARTSOURCE="SOURCE">
<TITLE ATOC="Y" AASSOCNOTE="D-0-1-0-0" ENG="Changes in Stock Holdings of Major Shareholders" ATOCID="1">주요주주의 주식보유 변동</TITLE>
<P></P>

<TABLE-GROUP ACLASS="CRP_INFO" ADELETETABLE="N">

<TABLE ACLASS="EXTRACTION" AFIXTABLE="Y" WIDTH="740" BORDER="1">

<COLGROUP WIDTH="740">
<COL WIDTH="93"></COL>
<COL WIDTH="48"></COL>
<COL WIDTH="63"></COL>
<COL WIDTH="150"></COL>
<COL WIDTH="78"></COL>
<COL WIDTH="137"></COL>
<COL WIDTH="78"></COL>
<COL WIDTH="93"></COL>
</COLGROUP>

<TBODY>

<TR ACOPY="N" ADELETE="N" HEIGHT="30">
<TD WIDTH="84" VALIGN="MIDDLE" ALIGN="CENTER" HEIGHT="23" AUPDATECONT="N" ENG="Name of business group">기업집단명</TD>
<TE WIDTH="39" VALIGN="MIDDLE" HEIGHT="23" ACODE="KB_NM" ALIGN="CENTER">신영</TE>
<TD WIDTH="54" VALIGN="MIDDLE" ALIGN="CENTER" HEIGHT="23" AUPDATECONT="N" ENG="Company name">회사명</TD>
<TE WIDTH="141" VALIGN="MIDDLE" HEIGHT="23" ACODE="CRP_NM" ALIGN="CENTER">(주)용인스마트물류</TE>
<TD WIDTH="69" VALIGN="MIDDLE" ALIGN="CENTER" HEIGHT="23" AUPDATECONT="N" ENG="Date of disclosure">공시일자</TD>
<TU WIDTH="128" VALIGN="MIDDLE" ALIGN="CENTER" HEIGHT="23" AUNIT="DIS_DT" AUNITVALUE="20260107">2026년 01월 07일</TU>
<TD WIDTH="69" VALIGN="MIDDLE" ALIGN="CENTER" HEIGHT="23" AUPDATECONT="N" ENG="Related laws">관련법규</TD>
<TD WIDTH="84" VALIGN="MIDDLE" ALIGN="CENTER" HEIGHT="23" AUPDATECONT="N" ENG="Fair Trade Act">공정거래법</TD>
</TR>
</TBODY>
</TABLE>
</TABLE-GROUP>

<TABLE ACLASS="NORMAL" WIDTH="969" BORDER="0">

<COLGROUP WIDTH="969">
<COL WIDTH="969"></COL>
</COLGROUP>

<TBODY>

<TR ACOPY="Y" ADELETE="Y" HEIGHT="30">
<TD ALIGN="RIGHT" VALIGN="MIDDLE" WIDTH="960" HEIGHT="23">(단위: 주, %)</TD>
</TR>
</TBODY>
</TABLE>

<TABLE ACLASS="NORMAL" WIDTH="971" BORDER="1">

<COLGROUP WIDTH="971">
<COL WIDTH="218"></COL>
<COL WIDTH="93"></COL>
<COL WIDTH="102"></COL>
<COL WIDTH="149"></COL>
<COL WIDTH="71"></COL>
<COL WIDTH="63"></COL>
<COL WIDTH="71"></COL>
<COL WIDTH="70"></COL>
<COL WIDTH="71"></COL>
<COL WIDTH="63"></COL>
</COLGROUP>

<TBODY>

<TR ACOPY="Y" ADELETE="Y" HEIGHT="30">
<TD ROWSPAN="3" ALIGN="CENTER" VALIGN="MIDDLE" WIDTH="209" HEIGHT="106">주주명</TD>
<TD ROWSPAN="3" ALIGN="CENTER" VALIGN="MIDDLE" WIDTH="84" HEIGHT="106">동일인과의관계</TD>
<TD COLSPAN="8" ALIGN="CENTER" VALIGN="MIDDLE" WIDTH="651" HEIGHT="23">변동내역</TD>
</TR>

<TR ACOPY="Y" ADELETE="Y" HEIGHT="30">
<TD ROWSPAN="2" ALIGN="CENTER" VALIGN="MIDDLE" WIDTH="93" HEIGHT="76">변동일</TD>
<TD ROWSPAN="2" ALIGN="CENTER" VALIGN="MIDDLE" WIDTH="140" HEIGHT="76">주식의 종류(보통주/우선주)</TD>
<TD COLSPAN="2" ALIGN="CENTER" VALIGN="MIDDLE" WIDTH="125" HEIGHT="23">전기말</TD>
<TD COLSPAN="2" ALIGN="CENTER" VALIGN="MIDDLE" WIDTH="132" HEIGHT="23">증감</TD>
<TD COLSPAN="2" ALIGN="CENTER" VALIGN="MIDDLE" WIDTH="125" HEIGHT="23">당기말</TD>
</TR>

<TR ACOPY="Y" ADELETE="Y" HEIGHT="53">
<TD ALIGN="CENTER" VALIGN="MIDDLE" WIDTH="62" HEIGHT="46">주식수</TD>
<TD ALIGN="CENTER" VALIGN="MIDDLE" WIDTH="54" HEIGHT="46">지분율(a)</TD>
<TD ALIGN="CENTER" VALIGN="MIDDLE" WIDTH="62" HEIGHT="46">주식수</TD>
<TD ALIGN="CENTER" VALIGN="MIDDLE" WIDTH="61" HEIGHT="46">지분율(b=c-a)</TD>
<TD ALIGN="CENTER" VALIGN="MIDDLE" WIDTH="62" HEIGHT="46">주식수</TD>
<TD ALIGN="CENTER" VALIGN="MIDDLE" WIDTH="54" HEIGHT="46">지분율(c)</TD>
</TR>

<TR ACOPY="Y" ADELETE="Y" HEIGHT="30">
<TD ALIGN="CENTER" VALIGN="MIDDLE" ROWSPAN="2" WIDTH="209" HEIGHT="53">미래에셋증권(주)</TD>
<TD ALIGN="CENTER" VALIGN="MIDDLE" WIDTH="84" HEIGHT="23">-</TD>
<TD ALIGN="CENTER" VALIGN="MIDDLE" WIDTH="93" HEIGHT="23">2025. 10. 21</TD>
<TD ALIGN="CENTER" VALIGN="MIDDLE" WIDTH="140" HEIGHT="23">보통주</TD>
<TD ALIGN="RIGHT" VALIGN="MIDDLE" WIDTH="62" HEIGHT="23">382,000</TD>
<TD ALIGN="RIGHT" VALIGN="MIDDLE" WIDTH="54" HEIGHT="23">28.16</TD>
<TD ALIGN="CENTER" VALIGN="MIDDLE" WIDTH="62" HEIGHT="23">-</TD>
<TD ALIGN="CENTER" VALIGN="MIDDLE" WIDTH="61" HEIGHT="23">-</TD>
<TD ALIGN="RIGHT" VALIGN="MIDDLE" WIDTH="62" HEIGHT="23">382,000</TD>
<TD ALIGN="RIGHT" VALIGN="MIDDLE" WIDTH="54" HEIGHT="23">28.16</TD>
</TR>

<TR ACOPY="Y" ADELETE="Y" HEIGHT="30">
<TD ALIGN="CENTER" VALIGN="MIDDLE" WIDTH="84" HEIGHT="23">-</TD>
<TD ALIGN="CENTER" VALIGN="MIDDLE" WIDTH="93" HEIGHT="23">2025. 10. 21</TD>
<TD ALIGN="CENTER" VALIGN="MIDDLE" WIDTH="140" HEIGHT="23">우선주</TD>
<TD ALIGN="RIGHT" VALIGN="MIDDLE" WIDTH="62" HEIGHT="23">60,000</TD>
<TD ALIGN="RIGHT" VALIGN="MIDDLE" WIDTH="54" HEIGHT="23">75.00</TD>
<TD ALIGN="RIGHT" VALIGN="MIDDLE" WIDTH="62" HEIGHT="23">- 25,000</TD>
<TD ALIGN="RIGHT" VALIGN="MIDDLE" WIDTH="61" HEIGHT="23">- 31.25</TD>
<TD ALIGN="RIGHT" VALIGN="MIDDLE" WIDTH="62" HEIGHT="23">35,000</TD>
<TD ALIGN="RIGHT" VALIGN="MIDDLE" WIDTH="54" HEIGHT="23">43.75</TD>
</TR>

<TR ACOPY="Y" ADELETE="Y" HEIGHT="30">

<TD ALIGN="CENTER" VALIGN="MIDDLE" ROWSPAN="2" WIDTH="209" HEIGHT="53">
<P USERMARK="A-C">농업회사법인주식회사 한서울</P>
</TD>
<TD ALIGN="CENTER" VALIGN="MIDDLE" WIDTH="84" HEIGHT="23">-</TD>
<TD ALIGN="CENTER" VALIGN="MIDDLE" WIDTH="93" HEIGHT="23">2025. 10. 21</TD>
<TD ALIGN="CENTER" VALIGN="MIDDLE" WIDTH="140" HEIGHT="23">우선주</TD>
<TD ALIGN="CENTER" VALIGN="MIDDLE" WIDTH="62" HEIGHT="23">-</TD>
<TD ALIGN="CENTER" VALIGN="MIDDLE" WIDTH="54" HEIGHT="23">-</TD>
<TD ALIGN="RIGHT" VALIGN="MIDDLE" WIDTH="62" HEIGHT="23">+ 25,000</TD>
<TD ALIGN="RIGHT" VALIGN="MIDDLE" WIDTH="61" HEIGHT="23">+ 31.25</TD>
<TD ALIGN="RIGHT" VALIGN="MIDDLE" WIDTH="62" HEIGHT="23">25,000</TD>
<TD ALIGN="RIGHT" VALIGN="MIDDLE" WIDTH="54" HEIGHT="23">31.25</TD>
</TR>

<TR ACOPY="Y" ADELETE="Y" HEIGHT="30">
<TD ALIGN="CENTER" VALIGN="MIDDLE" WIDTH="84" HEIGHT="23">-</TD>
<TD ALIGN="CENTER" VALIGN="MIDDLE" WIDTH="93" HEIGHT="23">2025. 10. 21</TD>
<TD ALIGN="CENTER" VALIGN="MIDDLE" WIDTH="140" HEIGHT="23">보통주</TD>
<TD ALIGN="RIGHT" VALIGN="MIDDLE" WIDTH="62" HEIGHT="23">76,923</TD>
<TD ALIGN="RIGHT" VALIGN="MIDDLE" WIDTH="54" HEIGHT="23">5.67</TD>
<TD ALIGN="CENTER" VALIGN="MIDDLE" WIDTH="62" HEIGHT="23">-</TD>
<TD ALIGN="CENTER" VALIGN="MIDDLE" WIDTH="61" HEIGHT="23">-</TD>
<TD ALIGN="RIGHT" VALIGN="MIDDLE" WIDTH="62" HEIGHT="23">76,923</TD>
<TD ALIGN="RIGHT" VALIGN="MIDDLE" WIDTH="54" HEIGHT="23">5.67</TD>
</TR>

<TR ACOPY="Y" ADELETE="Y" HEIGHT="30">
<TD ALIGN="CENTER" VALIGN="MIDDLE" WIDTH="209" HEIGHT="23">심진섭</TD>
<TD ALIGN="CENTER" VALIGN="MIDDLE" WIDTH="84" HEIGHT="23">-</TD>
<TD ALIGN="CENTER" VALIGN="MIDDLE" WIDTH="93" HEIGHT="23">2025. 10. 21</TD>
<TD ALIGN="CENTER" VALIGN="MIDDLE" WIDTH="140" HEIGHT="23">보통주</TD>
<TD ALIGN="RIGHT" VALIGN="MIDDLE" WIDTH="62" HEIGHT="23">267,355</TD>
<TD ALIGN="RIGHT" VALIGN="MIDDLE" WIDTH="54" HEIGHT="23">19.71</TD>
<TD ALIGN="CENTER" VALIGN="MIDDLE" WIDTH="62" HEIGHT="23">-</TD>
<TD ALIGN="CENTER" VALIGN="MIDDLE" WIDTH="61" HEIGHT="23">-</TD>
<TD ALIGN="RIGHT" VALIGN="MIDDLE" WIDTH="62" HEIGHT="23">267,355</TD>
<TD ALIGN="RIGHT" VALIGN="MIDDLE" WIDTH="54" HEIGHT="23">19.71</TD>
</TR>
</TBODY>
</TABLE>
</SECTION-1>
</BODY>
</DOCUMENT>