<?xml version="1.0" encoding="utf-8"?>


<DOCUMENT xmlns:xsi="http://www.w3.org/2001/XMLSchema-instance" xsi:noNamespaceSchemaLocation="dart4.xsd">

<DOCUMENT-NAME ACODE="80554">주요주주의주식보유변동</DOCUMENT-NAME>
<FORMULA-VERSION ADATE="20221227">6.0</FORMULA-VERSION>
<COMPANY-NAME AREGCIK="01612398">에스케이리비오 주식회사</COMPANY-NAME>


<BODY ATOCID="1">

<SECTION-1 ACLASS="MANDATORY" APARTSOURCE="SOURCE">
<TITLE ATOC="Y" AASSOCNOTE="D-0-1-0-0" ENG="Changes in Stock Holdings of Major Shareholders" ATOCID="1">주요주주의 주식보유 변동</TITLE>
<P></P>

<TABLE-GROUP ACLASS="CRP_INFO" ADELETETABLE="N">

<TABLE ACLASS="EXTRACTION" AFIXTABLE="Y" WIDTH="808" BORDER="1">

<COLGROUP WIDTH="808">
<COL WIDTH="93"></COL>
<COL WIDTH="78"></COL>
<COL WIDTH="63"></COL>
<COL WIDTH="188"></COL>
<COL WIDTH="78"></COL>
<COL WIDTH="137"></COL>
<COL WIDTH="78"></COL>
<COL WIDTH="93"></COL>
</COLGROUP>

<TBODY>

<TR ACOPY="N" ADELETE="N" HEIGHT="30">
<TD WIDTH="84" VALIGN="MIDDLE" ALIGN="CENTER" AUPDATECONT="N" ENG="Name of business group" HEIGHT="23">기업집단명</TD>
<TE WIDTH="69" VALIGN="MIDDLE" ACODE="KB_NM" HEIGHT="23">에스케이</TE>
<TD WIDTH="54" VALIGN="MIDDLE" ALIGN="CENTER" AUPDATECONT="N" ENG="Company name" HEIGHT="23">회사명</TD>
<TE WIDTH="179" VALIGN="MIDDLE" ACODE="CRP_NM" HEIGHT="23">에스케이리비오 주식회사</TE>
<TD WIDTH="69" VALIGN="MIDDLE" ALIGN="CENTER" AUPDATECONT="N" ENG="Date of disclosure" HEIGHT="23">공시일자</TD>
<TU WIDTH="128" VALIGN="MIDDLE" ALIGN="CENTER" AUNIT="DIS_DT" AUNITVALUE="20260106" HEIGHT="23">2026년 01월 06일</TU>
<TD WIDTH="69" VALIGN="MIDDLE" ALIGN="CENTER" AUPDATECONT="N" ENG="Related laws" HEIGHT="23">관련법규</TD>
<TD WIDTH="84" VALIGN="MIDDLE" ALIGN="CENTER" AUPDATECONT="N" ENG="Fair Trade Act" HEIGHT="23">공정거래법</TD>
</TR>
</TBODY>
</TABLE>
</TABLE-GROUP>

<TABLE ACLASS="NORMAL" WIDTH="881" BORDER="0">

<COLGROUP WIDTH="881">
<COL WIDTH="881"></COL>
</COLGROUP>

<TBODY>

<TR ACOPY="Y" ADELETE="Y" HEIGHT="30">
<TD ALIGN="RIGHT" VALIGN="MIDDLE" WIDTH="872" HEIGHT="23">(단위: 주, %)</TD>
</TR>
</TBODY>
</TABLE>

<TABLE ACLASS="NORMAL" WIDTH="879" BORDER="1">

<COLGROUP WIDTH="879">
<COL WIDTH="156"></COL>
<COL WIDTH="120"></COL>
<COL WIDTH="92"></COL>
<COL WIDTH="126"></COL>
<COL WIDTH="63"></COL>
<COL WIDTH="63"></COL>
<COL WIDTH="62"></COL>
<COL WIDTH="71"></COL>
<COL WIDTH="63"></COL>
<COL WIDTH="63"></COL>
</COLGROUP>

<TBODY>

<TR ACOPY="Y" ADELETE="Y" HEIGHT="30">
<TD ROWSPAN="3" ALIGN="CENTER" VALIGN="MIDDLE" WIDTH="147" HEIGHT="106">주주명</TD>
<TD ROWSPAN="3" ALIGN="CENTER" VALIGN="MIDDLE" WIDTH="111" HEIGHT="106">동일인과의관계</TD>
<TD COLSPAN="8" ALIGN="CENTER" VALIGN="MIDDLE" WIDTH="594" HEIGHT="23">변동내역</TD>
</TR>

<TR ACOPY="Y" ADELETE="Y" HEIGHT="30">
<TD ROWSPAN="2" ALIGN="CENTER" VALIGN="MIDDLE" WIDTH="83" HEIGHT="76">변동일</TD>
<TD ROWSPAN="2" ALIGN="CENTER" VALIGN="MIDDLE" WIDTH="117" HEIGHT="76">주식의 종류(보통주/우선주)</TD>
<TD COLSPAN="2" ALIGN="CENTER" VALIGN="MIDDLE" WIDTH="117" HEIGHT="23">전기말</TD>
<TD COLSPAN="2" ALIGN="CENTER" VALIGN="MIDDLE" WIDTH="124" HEIGHT="23">증감</TD>
<TD COLSPAN="2" ALIGN="CENTER" VALIGN="MIDDLE" WIDTH="117" HEIGHT="23">당기말</TD>
</TR>

<TR ACOPY="Y" ADELETE="Y" HEIGHT="53">
<TD ALIGN="CENTER" VALIGN="MIDDLE" WIDTH="54" HEIGHT="46">주식수</TD>
<TD ALIGN="CENTER" VALIGN="MIDDLE" WIDTH="54" HEIGHT="46">지분율(a)</TD>
<TD ALIGN="CENTER" VALIGN="MIDDLE" WIDTH="53" HEIGHT="46">주식수</TD>
<TD ALIGN="CENTER" VALIGN="MIDDLE" WIDTH="62" HEIGHT="46">지분율(b=c-a)</TD>
<TD ALIGN="CENTER" VALIGN="MIDDLE" WIDTH="54" HEIGHT="46">주식수</TD>
<TD ALIGN="CENTER" VALIGN="MIDDLE" WIDTH="54" HEIGHT="46">지분율(c)</TD>
</TR>

<TR ACOPY="Y" ADELETE="Y" HEIGHT="30">
<TD ALIGN="CENTER" VALIGN="MIDDLE" WIDTH="147" HEIGHT="23">에스케이씨(주)</TD>
<TD ALIGN="CENTER" VALIGN="MIDDLE" WIDTH="111" HEIGHT="23">계열회사(국내)</TD>
<TD ALIGN="CENTER" VALIGN="MIDDLE" WIDTH="83" HEIGHT="23">2025.12.30</TD>
<TD ALIGN="CENTER" VALIGN="MIDDLE" WIDTH="117" HEIGHT="23">보통주</TD>
<TD ALIGN="CENTER" VALIGN="MIDDLE" WIDTH="54" HEIGHT="23">15,129</TD>
<TD ALIGN="CENTER" VALIGN="MIDDLE" WIDTH="54" HEIGHT="23">65.19</TD>
<TD ALIGN="CENTER" VALIGN="MIDDLE" WIDTH="53" HEIGHT="23">4,000</TD>
<TD ALIGN="CENTER" VALIGN="MIDDLE" WIDTH="62" HEIGHT="23">+17.23</TD>
<TD ALIGN="CENTER" VALIGN="MIDDLE" WIDTH="54" HEIGHT="23">19,129</TD>
<TD ALIGN="CENTER" VALIGN="MIDDLE" WIDTH="54" HEIGHT="23">82.42</TD>
</TR>

<TR ACOPY="Y" ADELETE="Y" HEIGHT="30">
<TD ALIGN="CENTER" VALIGN="MIDDLE" WIDTH="147" HEIGHT="23">대상(주)</TD>
<TD ALIGN="CENTER" VALIGN="MIDDLE" WIDTH="111" HEIGHT="23">기타주주</TD>
<TD ALIGN="CENTER" VALIGN="MIDDLE" WIDTH="83" HEIGHT="23">2025.12.30</TD>
<TD ALIGN="CENTER" VALIGN="MIDDLE" WIDTH="117" HEIGHT="23">보통주</TD>
<TD ALIGN="CENTER" VALIGN="MIDDLE" WIDTH="54" HEIGHT="23">4,000</TD>
<TD ALIGN="CENTER" VALIGN="MIDDLE" WIDTH="54" HEIGHT="23">17.23</TD>
<TD ALIGN="CENTER" VALIGN="MIDDLE" WIDTH="53" HEIGHT="23">-4,000</TD>
<TD ALIGN="CENTER" VALIGN="MIDDLE" WIDTH="62" HEIGHT="23">-17.23</TD>
<TD ALIGN="CENTER" VALIGN="MIDDLE" WIDTH="54" HEIGHT="23">-</TD>
<TD ALIGN="CENTER" VALIGN="MIDDLE" WIDTH="54" HEIGHT="23">-</TD>
</TR>

<TR ACOPY="Y" ADELETE="Y" HEIGHT="30">
<TD ALIGN="CENTER" VALIGN="MIDDLE" WIDTH="147" HEIGHT="23">TBM Co., Ltd.</TD>
<TD ALIGN="CENTER" VALIGN="MIDDLE" WIDTH="111" HEIGHT="23">기타주주</TD>
<TD ALIGN="CENTER" VALIGN="MIDDLE" WIDTH="83" HEIGHT="23">-</TD>
<TD ALIGN="CENTER" VALIGN="MIDDLE" WIDTH="117" HEIGHT="23">보통주</TD>
<TD ALIGN="CENTER" VALIGN="MIDDLE" WIDTH="54" HEIGHT="23">507</TD>
<TD ALIGN="CENTER" VALIGN="MIDDLE" WIDTH="54" HEIGHT="23">2.18</TD>
<TD ALIGN="CENTER" VALIGN="MIDDLE" WIDTH="53" HEIGHT="23">-</TD>
<TD ALIGN="CENTER" VALIGN="MIDDLE" WIDTH="62" HEIGHT="23">-</TD>
<TD ALIGN="CENTER" VALIGN="MIDDLE" WIDTH="54" HEIGHT="23">507</TD>
<TD ALIGN="CENTER" VALIGN="MIDDLE" WIDTH="54" HEIGHT="23">2.18</TD>
</TR>

<TR ACOPY="Y" ADELETE="Y" HEIGHT="53">

<TD ALIGN="CENTER" VALIGN="MIDDLE" WIDTH="147" HEIGHT="46">
<P USERMARK="A-C">International</P>
<P>Financial Corporation</P>
</TD>
<TD ALIGN="CENTER" VALIGN="MIDDLE" WIDTH="111" HEIGHT="46">기타주주</TD>
<TD ALIGN="CENTER" VALIGN="MIDDLE" WIDTH="83" HEIGHT="46">-</TD>
<TD ALIGN="CENTER" VALIGN="MIDDLE" WIDTH="117" HEIGHT="46">보통주</TD>
<TD ALIGN="CENTER" VALIGN="MIDDLE" WIDTH="54" HEIGHT="46">3,573</TD>
<TD ALIGN="CENTER" VALIGN="MIDDLE" WIDTH="54" HEIGHT="46">15.40</TD>
<TD ALIGN="CENTER" VALIGN="MIDDLE" WIDTH="53" HEIGHT="46">-</TD>
<TD ALIGN="CENTER" VALIGN="MIDDLE" WIDTH="62" HEIGHT="46">-</TD>
<TD ALIGN="CENTER" VALIGN="MIDDLE" WIDTH="54" HEIGHT="46">3,573</TD>
<TD ALIGN="CENTER" VALIGN="MIDDLE" WIDTH="54" HEIGHT="46">15.40</TD>
</TR>
</TBODY>
</TABLE>
</SECTION-1>
</BODY>
</DOCUMENT>