<html>
 <head> 
  <meta content="gdi" http-equiv="X-UA-TextLayoutMetrics"> 
  <meta content="text/html; charset=euc-kr" http-equiv="Content-Type"> 
  <STYLE>
.xforms * { font-family: 돋움체;}
.xforms_title * { font-size: 13pt; padding : 0 0 10 0;}

.xforms table {
    font-size: 10px;
    padding:0px;
    border-collapse:collapse;
    color: #3D3D3D;
}
.xforms td {
    padding-left:0px;
    padding-top:0px;
    border-collapse:collapse;
    line-height:22px;
    color: #3D3D3D;
    /*text-align:right;*/
    vertical-align:middle;
    border: 1px solid #7f7f7f;
}

.xforms span {
    /*display: inline-block;*/
    padding-left:3px;
    padding-right: 1px;
    line-height:22px;
    padding-top:0px;
    padding-bottom:0px;
    text-align:left;
    vertical-align:middle;
    border: 0px solid #DBDBDB;
}

.xforms.img{
    border : 0px;
}

.xforms a:link {

    color: #194866;
    text-decoration: none;
}
.xforms a:active {

    color: #194866;
    text-decoration: none;
}
.xforms a:visited {
    color: #194866;
    text-decoration: none;
}

.xforms A:hover {
    color:008BE3;
    text-decoration: none;
}

.xforms_input{
    border: 0px solid #DBDBDB;
    padding-left:3px;
    padding-right: 1px;
    height:22px;
    padding-top:0px;
    padding-bottom:0px;
    text-align:left;
}
</STYLE> 
  <title>뉴로메카/전환사채(해외전환사채포함)발행후만기전사채취득/(2026.01.06)전환사채(해외전환사채포함)발행후만기전사채취득</title> 
 </head> 
 <body> 
  <div class="xforms"> 
   <div> 
    <span class="noprint" style="display:none;width:600px;font-size:10pt;"> </span> 
    <div class="xforms_title"> 
     <div> 
      <span style="width:600px;font-weight:bold;text-align:center;">전환사채(해외전환사채 포함) 발행후 만기전 사채 취득</span> 
     </div> 
    </div> 
    <span class="noprint" style="display:none;width:600px;font-size:10pt;"> </span> 
    <div id="LIB_L7001" style="width:600px;font-size:10pt;;padding:0 0 20 0"> 
     <div> 
      <div> 
       <table border="1" bordercolordark="white" bordercolorlight="#666666" cellpadding="1" cellspacing="0" id="XFormG1_Form0_Table1" style="margin:0px 0px 20px 0px;width:600px;font-size:11pt;border:1px solid #7f7f7f;"> 
        <tbody> 
         <tr> 
          <td width="436"> <span style="width:436px;font-size:11pt;font-weight:bold;text-align:center;">전환사채(해외전환사채)</span> </td> 
          <td width="81"> <span class="xforms_input" style="width:81px;font-size:11pt;font-weight:bold;text-align:center;">1</span> </td> 
          <td width="83"> <span style="width:83px;font-size:11pt;font-weight:bold;">회차</span> </td> 
         </tr> 
        </tbody> 
       </table> 
       <table border="1" bordercolordark="white" bordercolorlight="#666666" cellpadding="1" cellspacing="0" id="XFormG1_Form0_Table3" style="margin:0px 0px 20px 0px;width:600px;font-size:10pt;border:1px solid #7f7f7f;"> 
        <tbody> 
         <tr> 
          <td rowspan="5" width="118"> <span style="width:118px;font-size:10pt;">1. 만기전 취득 사채에 관한 사항</span> </td> 
          <td width="146"> <span style="width:146px;font-size:10pt;">사채의 종류</span> </td> 
          <td colspan="2" width="336"> <span class="xforms_input" style="width:336px;font-size:10pt;">무기명식 무이권부 무보증 사모 전환사채</span> </td> 
         </tr> 
         <tr> 
          <td width="146"> <span style="width:146px;font-size:10pt;">발행일자</span> </td> 
          <td colspan="2" width="336"> <span class="xforms_input" style="width:336px;font-size:10pt;">2023-07-06</span> </td> 
         </tr> 
         <tr> 
          <td width="146"> <span style="width:146px;font-size:10pt;">발행방법</span> </td> 
          <td colspan="2" width="336"> <span class="xforms_input" style="width:336px;font-size:10pt;">국내발행 (사모)</span> </td> 
         </tr> 
         <tr> 
          <td width="146"> <span style="width:146px;font-size:10pt;">주당 전환가액(원)</span> </td> 
          <td colspan="2" width="336"> <span class="xforms_input" style="width:336px;font-size:10pt;text-align:right;">30,867</span> </td> 
         </tr> 
         <tr> 
          <td width="146"> <span style="width:146px;font-size:10pt;">만기일</span> </td> 
          <td colspan="2" width="336"> <span class="xforms_input" style="width:336px;font-size:10pt;">2028-07-06</span> </td> 
         </tr> 
         <tr> 
          <td colspan="2" width="264"> <span style="width:264px;font-size:10pt;">2. 사채 취득금액 (통화단위)</span> </td> 
          <td width="158"> <span class="xforms_input" style="width:158px;font-size:10pt;text-align:right;">3,078,212,800</span> </td> 
          <td width="178"> <span class="xforms_input" style="width:178px;font-size:10pt;">KRW : South-Korean Won</span> </td> 
         </tr> 
         <tr> 
          <td colspan="2" width="264"> <span style="width:264px;font-size:10pt;">- 취득한 사채의 권면(전자등록)총액 (통화단위)</span> </td> 
          <td width="158"> <span class="xforms_input" style="width:158px;font-size:10pt;text-align:right;">3,040,000,000</span> </td> 
          <td width="178"> <span class="xforms_input" style="width:178px;font-size:10pt;">KRW : South-Korean Won</span> </td> 
         </tr> 
         <tr> 
          <td colspan="2" width="264"> <span style="width:264px;font-size:10pt;">- 기준환율</span> </td> 
          <td colspan="2" width="336"> <span class="xforms_input" style="width:336px;font-size:10pt;text-align:right;">-</span> </td> 
         </tr> 
         <tr> 
          <td colspan="2" width="264"> <span style="width:264px;font-size:10pt;">- 취득일자</span> </td> 
          <td colspan="2" width="336"> <span class="xforms_input" style="width:336px;font-size:10pt;">2026-01-06</span> </td> 
         </tr> 
         <tr> 
          <td colspan="2" width="264"> <span style="width:264px;font-size:10pt;">3. 취득후 사채의 권면(전자등록)총액 (통화단위)</span> </td> 
          <td width="158"> <span class="xforms_input" style="width:158px;font-size:10pt;text-align:right;">26,040,000,000</span> </td> 
          <td width="178"> <span class="xforms_input" style="width:178px;font-size:10pt;">KRW : South-Korean Won</span> </td> 
         </tr> 
         <tr> 
          <td colspan="2" width="264"> <span style="width:264px;font-size:10pt;">4. 만기전 취득사유 및 향후 처리방법</span> </td> 
          <td colspan="2" width="336"> <span class="xforms_input" style="width:336px;font-size:10pt;">- 취득 사유 : 매도청구권(Call Option) 행사에 따른 취득 <br java="http://xml.apache.org/xalan/java"> <br java="http://xml.apache.org/xalan/java">- 향후 처리 방법 : 추후 이사회를 통해 결정 예정</span> </td> 
         </tr> 
         <tr> 
          <td colspan="2" width="264"> <span style="width:264px;font-size:10pt;">5. 취득자금의 원천</span> </td> 
          <td colspan="2" width="336"> <span class="xforms_input" style="width:336px;font-size:10pt;">자기자금</span> </td> 
         </tr> 
         <tr> 
          <td colspan="2" width="264"> <span style="width:264px;font-size:10pt;">6. 사채의 취득방법</span> </td> 
          <td colspan="2" width="336"> <span class="xforms_input" style="width:336px;font-size:10pt;">장외매수</span> </td> 
         </tr> 
         <tr> 
          <td colspan="2" rowspan="2" width="264"> <span style="width:264px;font-size:10pt;">7. 기타 투자판단에 참고할 사항</span> </td> 
          <td colspan="2" width="336"> <span class="xforms_input" style="width:336px;font-size:10pt;">- 상기 2. 사채 취득금액은 본 사채의 원금과 이에 대한 1.257%의 Call Premium을 합산한 금액입니다. <br java="http://xml.apache.org/xalan/java"> <br java="http://xml.apache.org/xalan/java">- 상기 2. 취득일자는 취득금액 지급일입니다. <br java="http://xml.apache.org/xalan/java"> <br java="http://xml.apache.org/xalan/java">- 상기 3. 취득후 사채의 권면(전자등록) 총액은 사채취득 후 당사(발행인)가 소유하고 있는 전환사채를 제외한 동 사채의 권면(전자등록)잔액입니다.</span> </td> 
         </tr> 
         <tr> 
          <td width="158"> <span style="width:158px;font-size:10pt;">※ 관련공시</span> </td> 
          <td width="178"> <span style="width:178px;font-size:10pt;"> <a href="http://kind.krx.co.kr/common/disclsviewer.do?method=search&amp;acptno=20230704000763&amp;rcpno=20230704000493&amp;orgid=F&amp;tran=Y&amp;langTpCd=0" target="_blank" xf="http://www.w3.org/2002/xforms" xh="http://www.w3.org/1999/xhtml" xmlns="http://www.w3.org/1999/xhtml" xsd="http://www.w3.org/2001/XMLSchema">2023-07-04 전환사채권발행결정(제1회차)</a> <br java="http://xml.apache.org/xalan/java"> <a href="http://kind.krx.co.kr/common/disclsviewer.do?method=search&amp;acptno=20240906000470&amp;rcpno=20240906000470&amp;orgid=K&amp;tran=Y&amp;langTpCd=0" target="_blank" xf="http://www.w3.org/2002/xforms" xh="http://www.w3.org/1999/xhtml" xmlns="http://www.w3.org/1999/xhtml" xsd="http://www.w3.org/2001/XMLSchema">2024-09-06 전환가액의조정(제1회차)</a> <br java="http://xml.apache.org/xalan/java"> <a href="http://kind.krx.co.kr/common/disclsviewer.do?method=search&amp;acptno=20250218000706&amp;rcpno=20250218000706&amp;orgid=K&amp;tran=Y&amp;langTpCd=0" target="_blank" xf="http://www.w3.org/2002/xforms" xh="http://www.w3.org/1999/xhtml" xmlns="http://www.w3.org/1999/xhtml" xsd="http://www.w3.org/2001/XMLSchema">2025-02-18 전환청구권행사(제1회차)</a> <br java="http://xml.apache.org/xalan/java"> <a href="http://kind.krx.co.kr/common/disclsviewer.do?method=search&amp;acptno=20250225001101&amp;rcpno=20250225001101&amp;orgid=K&amp;tran=N&amp;langTpCd=0" target="_blank" xf="http://www.w3.org/2002/xforms" xh="http://www.w3.org/1999/xhtml" xmlns="http://www.w3.org/1999/xhtml" xsd="http://www.w3.org/2001/XMLSchema">2025-02-25 추가상장(국내사모 CB전환)</a> <br java="http://xml.apache.org/xalan/java"> <a href="http://kind.krx.co.kr/common/disclsviewer.do?method=search&amp;acptno=20250228001528&amp;rcpno=20250228001528&amp;orgid=K&amp;tran=N&amp;langTpCd=0" target="_blank" xf="http://www.w3.org/2002/xforms" xh="http://www.w3.org/1999/xhtml" xmlns="http://www.w3.org/1999/xhtml" xsd="http://www.w3.org/2001/XMLSchema">2025-02-28 추가상장(국내사모 CB전환)</a> <br java="http://xml.apache.org/xalan/java"> <a href="http://kind.krx.co.kr/common/disclsviewer.do?method=search&amp;acptno=20251106000711&amp;rcpno=20251106000711&amp;orgid=K&amp;tran=Y&amp;langTpCd=0" target="_blank" xf="http://www.w3.org/2002/xforms" xh="http://www.w3.org/1999/xhtml" xmlns="http://www.w3.org/1999/xhtml" xsd="http://www.w3.org/2001/XMLSchema">2025-11-06 전환가액의조정</a> <br java="http://xml.apache.org/xalan/java"> <a href="http://kind.krx.co.kr/common/disclsviewer.do?method=search&amp;acptno=20251119000398&amp;rcpno=20251119000398&amp;orgid=K&amp;tran=N&amp;langTpCd=0" target="_blank" xf="http://www.w3.org/2002/xforms" xh="http://www.w3.org/1999/xhtml" xmlns="http://www.w3.org/1999/xhtml" xsd="http://www.w3.org/2001/XMLSchema">2025-11-19 추가상장(국내사모 CB전환)</a> <br java="http://xml.apache.org/xalan/java"> </span> </td> 
         </tr> 
        </tbody> 
       </table> 
      </div> 
     </div> 
    </div> 
   </div> 
  </div>  
 </body>
</html>