<html>
 <head> 
  <meta content="gdi" http-equiv="X-UA-TextLayoutMetrics"> 
  <meta content="text/html; charset=euc-kr" http-equiv="Content-Type"> 
  <STYLE>
.xforms * { font-family: 돋움체;}
.xforms_title * { font-size: 13pt; padding : 0 0 10 0;}

.xforms table {
    font-size: 10px;
    padding:0px;
    border-collapse:collapse;
    color: #3D3D3D;
}
.xforms td {
    padding-left:0px;
    padding-top:0px;
    border-collapse:collapse;
    line-height:22px;
    color: #3D3D3D;
    /*text-align:right;*/
    vertical-align:middle;
    border: 1px solid #7f7f7f;
}

.xforms span {
    /*display: inline-block;*/
    padding-left:3px;
    padding-right: 1px;
    line-height:22px;
    padding-top:0px;
    padding-bottom:0px;
    text-align:left;
    vertical-align:middle;
    border: 0px solid #DBDBDB;
}

.xforms.img{
    border : 0px;
}

.xforms a:link {

    color: #194866;
    text-decoration: none;
}
.xforms a:active {

    color: #194866;
    text-decoration: none;
}
.xforms a:visited {
    color: #194866;
    text-decoration: none;
}

.xforms A:hover {
    color:008BE3;
    text-decoration: none;
}

.xforms_input{
    border: 0px solid #DBDBDB;
    padding-left:3px;
    padding-right: 1px;
    height:22px;
    padding-top:0px;
    padding-bottom:0px;
    text-align:left;
}
</STYLE> 
  <title>인피니트헬스케어/소송 등의 제기ㆍ신청(경영권 분쟁 소송)/(2026.01.05)소송 등의 제기ㆍ신청(경영권 분쟁 소송)(임시주주총회소집허가신청(항고))</title> 
 </head> 
 <body> 
  <div class="xforms"> 
   <div> 
    <div id="LIB_LC000" style="width:600px;font-size:10pt;;padding:0 0 20 0"> 
     <div> 
      <div> 
       <span style="width:600px;font-size:10pt;font-weight:bold;text-align:center;">정정신고(보고)</span> 
       <table border="0" bordercolordark="white" bordercolorlight="#666666" cellpadding="1" cellspacing="0" id="XFormD8_Form0_Table1" style="margin:0px 0px 20px 0px;width:600px;font-size:10pt;"> 
        <tbody> 
         <tr> 
          <td width="434"> <span style="width:434px;font-size:10pt;text-align:right;">정정일자</span> </td> 
          <td width="166"> <span class="xforms_input" style="width:166px;font-size:10pt;">2026-01-05</span> </td> 
         </tr> 
        </tbody> 
       </table> 
       <table border="1" bordercolordark="white" bordercolorlight="#666666" cellpadding="1" cellspacing="0" id="XFormD8_Form0_RepeatTable0" style="margin:0px 0px 20px 0px;width:600px;font-size:10pt;border:1px solid #7f7f7f;"> 
        <tbody> 
         <tr> 
          <td width="200"> <span style="width:200px;font-size:10pt;">1. 정정관련 공시서류</span> </td> 
          <td colspan="2" width="400"> <span class="xforms_input" style="width:400px;font-size:10pt;">소송등의제기ㆍ신청(경영권분쟁소송) (임시주주총회소집허가신청(항고))</span> </td> 
         </tr> 
         <tr> 
          <td width="200"> <span style="width:200px;font-size:10pt;">2. 정정관련 공시서류제출일</span> </td> 
          <td colspan="2" width="400"> <span class="xforms_input" style="width:400px;font-size:10pt;">2025-12-22</span> </td> 
         </tr> 
         <tr> 
          <td width="200"> <span style="width:200px;font-size:10pt;">3. 정정사유</span> </td> 
          <td colspan="2" width="400"> <span class="xforms_input" style="width:400px;font-size:10pt;">항고장 접수에 따른 사건번호 변경</span> </td> 
         </tr> 
         <tr> 
          <td colspan="3" width="600"> <span style="width:600px;font-size:10pt;">4. 정정사항</span> </td> 
         </tr> 
         <tr> 
          <td width="200"> <span style="width:200px;font-size:10pt;text-align:center;">정정항목</span> </td> 
          <td width="200"> <span style="width:200px;font-size:10pt;text-align:center;">정정전</span> </td> 
          <td width="200"> <span style="width:200px;font-size:10pt;text-align:center;">정정후</span> </td> 
         </tr> 
         <tr> 
          <td width="200"> <span class="xforms_input" style="width:200px;font-size:10pt;">사건번호</span> </td> 
          <td width="200"> <span class="xforms_input" style="width:200px;font-size:10pt;">2025비합1207</span> </td> 
          <td width="200"> <span class="xforms_input" style="width:200px;font-size:10pt;">2025라3625</span> </td> 
         </tr> 
         <tr> 
          <td width="200"> <span class="xforms_input" style="width:200px;font-size:10pt;">2.원고(신청인)</span> </td> 
          <td width="200"> <span class="xforms_input" style="width:200px;font-size:10pt;">이00외 20명</span> </td> 
          <td width="200"> <span class="xforms_input" style="width:200px;font-size:10pt;">이00외 19명</span> </td> 
         </tr> 
         <tr> 
          <td width="200"> <span class="xforms_input" style="width:200px;font-size:10pt;">4.관할법원</span> </td> 
          <td width="200"> <span class="xforms_input" style="width:200px;font-size:10pt;">서울남부지방법원</span> </td> 
          <td width="200"> <span class="xforms_input" style="width:200px;font-size:10pt;">서울고등법원</span> </td> 
         </tr> 
        </tbody> 
       </table> 
       <table border="1" bordercolordark="white" bordercolorlight="#666666" cellpadding="1" cellspacing="0" id="XFormD8_Form0_Table0" style="margin:0px 0px 20px 0px;width:599px;font-size:10pt;border:1px solid #7f7f7f;"> 
        <tbody> 
         <tr> 
          <td width="599"> <span class="xforms_input" style="width:599px;font-size:10pt;">-</span> </td> 
         </tr> 
        </tbody> 
       </table> 
      </div> 
     </div> 
    </div> 
    <div class="xforms_title"> 
     <div> 
      <span style="width:592px;font-weight:bold;text-align:center;">소송 등의 제기ㆍ신청(경영권 분쟁 소송)</span> 
     </div> 
    </div> 
    <span class="noprint" style="display:none;width:600px;font-size:10pt;"> </span> 
    <table border="1" bordercolordark="white" bordercolorlight="#666666" cellpadding="1" cellspacing="0" id="XFormD1_Form0_Table1" style="margin:0px 0px 20px 0px;width:600px;font-size:10pt;border:1px solid #7f7f7f;"> 
     <tbody> 
      <tr> 
       <td width="193"> <span style="width:193px;font-size:10pt;">1. 사건의 명칭</span> </td> 
       <td width="152"> <span class="xforms_input" style="width:152px;font-size:10pt;">임시주주총회소집허가신청 (항고)</span> </td> 
       <td width="83"> <span style="width:83px;font-size:10pt;">사건번호</span> </td> 
       <td width="172"> <span class="xforms_input" style="width:172px;font-size:10pt;">2025라3625</span> </td> 
      </tr> 
      <tr> 
       <td width="193"> <span style="width:193px;font-size:10pt;">2. 원고(신청인)</span> </td> 
       <td colspan="3" width="407"> <span class="xforms_input" style="width:407px;font-size:10pt;">이00 외 19명</span> </td> 
      </tr> 
      <tr> 
       <td width="193"> <span style="width:193px;font-size:10pt;">3. 청구내용</span> </td> 
       <td colspan="3" width="407"> <span class="xforms_input" style="width:407px;font-size:10pt;">[항고취지] <br xmlns:java="http://xml.apache.org/xalan/java">1. 원결정 중 아래에서 소집을 허가하는 부분을 기각한 신청인들 패소 부분을 취소한다. <br xmlns:java="http://xml.apache.org/xalan/java">2. 신청인들에게 별지 기재사항을 회의의 목적사항으로 하는 사건본인 회사의 임시주주총회를 소집할 것을 허가한다. <br xmlns:java="http://xml.apache.org/xalan/java">3. 제2항 기재 임시주주총회의 의장으로 신청인 허권을 선임한다. <br xmlns:java="http://xml.apache.org/xalan/java">라는 재판을 구합니다. <br xmlns:java="http://xml.apache.org/xalan/java"> <br xmlns:java="http://xml.apache.org/xalan/java">[별지] <br xmlns:java="http://xml.apache.org/xalan/java">제1호 의안 : 감사 해임의 건 <br xmlns:java="http://xml.apache.org/xalan/java">제2호 의안 : 감사 선임의 건</span> </td> 
      </tr> 
      <tr> 
       <td width="193"> <span style="width:193px;font-size:10pt;">4. 관할법원</span> </td> 
       <td colspan="3" width="407"> <span class="xforms_input" style="width:407px;font-size:10pt;">서울고등법원</span> </td> 
      </tr> 
      <tr> 
       <td width="193"> <span style="width:193px;font-size:10pt;">5. 향후대책</span> </td> 
       <td colspan="3" width="407"> <span class="xforms_input" style="width:407px;font-size:10pt;">당사는 법적인 절차에 따라 대응할 예정입니다.</span> </td> 
      </tr> 
      <tr> 
       <td width="193"> <span style="width:193px;font-size:10pt;">6. 제기ㆍ신청일자</span> </td> 
       <td colspan="3" width="407"> <span class="xforms_input" style="width:407px;font-size:10pt;">2025-12-22</span> </td> 
      </tr> 
      <tr> 
       <td width="193"> <span style="width:193px;font-size:10pt;">7. 확인일자</span> </td> 
       <td colspan="3" width="407"> <span class="xforms_input" style="width:407px;font-size:10pt;">2025-12-22</span> </td> 
      </tr> 
      <tr> 
       <td rowspan="2" width="193"> <span style="width:193px;font-size:10pt;">8. 기타 투자판단에 참고할 사항</span> </td> 
       <td colspan="3" width="407"> <span class="xforms_input" style="width:407px;font-size:10pt;">상기 청구내용은 청구 취지에 따른 핵심적인 내용만 기재하였습니다. <br xmlns:java="http://xml.apache.org/xalan/java"> <br xmlns:java="http://xml.apache.org/xalan/java">상기 확인일자는 당사가 법률대리인을 통해 즉시항고장을 확인한 일자입니다. <br xmlns:java="http://xml.apache.org/xalan/java"> <br xmlns:java="http://xml.apache.org/xalan/java">상기 소송은 2025.12.15. 기각된 2025비합1207 사건에 대하여 항고인이 불복하여 항고한 사건입니다.</span> </td> 
      </tr> 
      <tr> 
       <td width="152"> <span style="width:152px;font-size:10pt;">※관련공시</span> </td> 
       <td colspan="2" width="255"> <span style="width:255px;font-size:10pt;"> <a href="http://kind.krx.co.kr/common/disclsviewer.do?method=search&amp;acptno=20251215001749&amp;rcpno=20251215001749&amp;orgid=K&amp;tran=Y&amp;langTpCd=0" target="_blank" xmlns="http://www.w3.org/1999/xhtml" xmlns:xf="http://www.w3.org/2002/xforms" xmlns:xh="http://www.w3.org/1999/xhtml" xmlns:xsd="http://www.w3.org/2001/XMLSchema">2025-12-15 소송등의판결ㆍ결정(임시주주총회소집허가신청)</a> <br xmlns:java="http://xml.apache.org/xalan/java"> <a href="http://kind.krx.co.kr/common/disclsviewer.do?method=search&amp;acptno=20251118000149&amp;rcpno=20251118000149&amp;orgid=K&amp;tran=Y&amp;langTpCd=0" target="_blank" xmlns="http://www.w3.org/1999/xhtml" xmlns:xf="http://www.w3.org/2002/xforms" xmlns:xh="http://www.w3.org/1999/xhtml" xmlns:xsd="http://www.w3.org/2001/XMLSchema">2025-11-18 소송 등의 제기ㆍ신청(경영권 분쟁 소송)(임시주주총회소집허가신청)</a> <br xmlns:java="http://xml.apache.org/xalan/java"> </span> </td> 
      </tr> 
     </tbody> 
    </table> 
   </div> 
  </div>  
 </body>
</html>