<html>
 <head> 
  <meta content="gdi" http-equiv="X-UA-TextLayoutMetrics"> 
  <meta content="text/html; charset=euc-kr" http-equiv="Content-Type"> 
  <STYLE>
.xforms * { font-family: 돋움체;}
.xforms_title * { font-size: 13pt; padding : 0 0 10 0;}

.xforms table {
    font-size: 10px;
    padding:0px;
    border-collapse:collapse;
    color: #3D3D3D;
}
.xforms td {
    padding-left:0px;
    padding-top:0px;
    border-collapse:collapse;
    line-height:22px;
    color: #3D3D3D;
    /*text-align:right;*/
    vertical-align:middle;
    border: 1px solid #7f7f7f;
}

.xforms span {
    /*display: inline-block;*/
    padding-left:3px;
    padding-right: 1px;
    line-height:22px;
    padding-top:0px;
    padding-bottom:0px;
    text-align:left;
    vertical-align:middle;
    border: 0px solid #DBDBDB;
}

.xforms.img{
    border : 0px;
}

.xforms a:link {

    color: #194866;
    text-decoration: none;
}
.xforms a:active {

    color: #194866;
    text-decoration: none;
}
.xforms a:visited {
    color: #194866;
    text-decoration: none;
}

.xforms A:hover {
    color:008BE3;
    text-decoration: none;
}

.xforms_input{
    border: 0px solid #DBDBDB;
    padding-left:3px;
    padding-right: 1px;
    height:22px;
    padding-top:0px;
    padding-bottom:0px;
    text-align:left;
}
</STYLE> 
  <title>구영테크/타인에대한채무보증결정/(2026.01.06)타인에대한채무보증결정</title> 
 </head> 
 <body> 
  <div class="xforms"> 
   <div> 
    <div id="LIB_LC000" style="width:600px;font-size:10pt;;padding:0 0 20 0"> 
     <div> 
      <div> 
       <span style="width:600px;font-size:10pt;font-weight:bold;text-align:center;">정정신고(보고)</span> 
       <table border="0" bordercolordark="white" bordercolorlight="#666666" cellpadding="1" cellspacing="0" id="XFormD8_Form0_Table1" style="margin:0px 0px 20px 0px;width:600px;font-size:10pt;"> 
        <tbody> 
         <tr> 
          <td width="434"> <span style="width:434px;font-size:10pt;text-align:right;">정정일자</span> </td> 
          <td width="166"> <span class="xforms_input" style="width:166px;font-size:10pt;">2026-01-06</span> </td> 
         </tr> 
        </tbody> 
       </table> 
       <table border="1" bordercolordark="white" bordercolorlight="#666666" cellpadding="1" cellspacing="0" id="XFormD8_Form0_RepeatTable0" style="margin:0px 0px 20px 0px;width:600px;font-size:10pt;border:1px solid #7f7f7f;"> 
        <tbody> 
         <tr> 
          <td width="200"> <span style="width:200px;font-size:10pt;">1. 정정관련 공시서류</span> </td> 
          <td colspan="2" width="400"> <span class="xforms_input" style="width:400px;font-size:10pt;">타인에 대한 채무보증 결정</span> </td> 
         </tr> 
         <tr> 
          <td width="200"> <span style="width:200px;font-size:10pt;">2. 정정관련 공시서류제출일</span> </td> 
          <td colspan="2" width="400"> <span class="xforms_input" style="width:400px;font-size:10pt;">2025-10-10</span> </td> 
         </tr> 
         <tr> 
          <td width="200"> <span style="width:200px;font-size:10pt;">3. 정정사유</span> </td> 
          <td colspan="2" width="400"> <span class="xforms_input" style="width:400px;font-size:10pt;">단순 기재 오류로 인한 정정</span> </td> 
         </tr> 
         <tr> 
          <td colspan="3" width="600"> <span style="width:600px;font-size:10pt;">4. 정정사항</span> </td> 
         </tr> 
         <tr> 
          <td width="200"> <span style="width:200px;font-size:10pt;text-align:center;">정정항목</span> </td> 
          <td width="200"> <span style="width:200px;font-size:10pt;text-align:center;">정정전</span> </td> 
          <td width="200"> <span style="width:200px;font-size:10pt;text-align:center;">정정후</span> </td> 
         </tr> 
         <tr> 
          <td width="200"> <span class="xforms_input" style="width:200px;font-size:10pt;">4. 채무보증내역 <br java="http://xml.apache.org/xalan/java"> - 채무보증기간 종료일</span> </td> 
          <td width="200"> <span class="xforms_input" style="width:200px;font-size:10pt;">2530-10-24</span> </td> 
          <td width="200"> <span class="xforms_input" style="width:200px;font-size:10pt;">2030-10-24</span> </td> 
         </tr> 
        </tbody> 
       </table> 
       <table border="1" bordercolordark="white" bordercolorlight="#666666" cellpadding="1" cellspacing="0" id="XFormD8_Form0_Table0" style="margin:0px 0px 20px 0px;width:599px;font-size:10pt;border:1px solid #7f7f7f;"> 
        <tbody> 
         <tr> 
          <td width="599"> <span class="xforms_input" style="width:599px;font-size:10pt;">-</span> </td> 
         </tr> 
        </tbody> 
       </table> 
      </div> 
     </div> 
    </div> 
    <div class="xforms_title"> 
     <div> 
      <span style="width:598px;font-weight:bold;text-align:center;">타인에 대한 채무보증 결정</span> 
     </div> 
    </div> 
    <span class="noprint" style="display:none;width:600px;font-size:10pt;"> </span> 
    <table border="1" bordercolordark="white" bordercolorlight="#666666" cellpadding="1" cellspacing="0" id="XFormD3_Form0_Table4" style="margin:0px 0px 20px 0px;width:600px;font-size:10pt;border:1px solid #7f7f7f;"> 
     <tbody> 
      <tr> 
       <td colspan="3" width="291"> <span style="width:291px;font-size:10pt;">1. 채무자</span> </td> 
       <td width="309"> <span class="xforms_input" style="width:309px;font-size:10pt;">Guyoung Tech USA, INC</span> </td> 
      </tr> 
      <tr> 
       <td colspan="3" width="291"> <span style="width:291px;font-size:10pt;">-회사와의 관계</span> </td> 
       <td width="309"> <span class="xforms_input" style="width:309px;font-size:10pt;">계열회사</span> </td> 
      </tr> 
      <tr> 
       <td colspan="3" width="291"> <span style="width:291px;font-size:10pt;">2. 채권자</span> </td> 
       <td width="309"> <span class="xforms_input" style="width:309px;font-size:10pt;">SHINHAN BANK, NEW YORK BRANCH</span> </td> 
      </tr> 
      <tr> 
       <td colspan="3" width="291"> <span style="width:291px;font-size:10pt;">3. 채무(차입)금액(원)</span> </td> 
       <td width="309"> <span class="xforms_input" style="width:309px;font-size:10pt;text-align:right;">11,215,200,000</span> </td> 
      </tr> 
      <tr> 
       <td rowspan="6" width="127"> <span style="width:127px;font-size:10pt;">4. 채무보증내역</span> </td> 
       <td colspan="2" width="164"> <span style="width:164px;font-size:10pt;">채무보증금액(원)</span> </td> 
       <td width="309"> <span class="xforms_input" style="width:309px;font-size:10pt;text-align:right;">13,458,240,000</span> </td> 
      </tr> 
      <tr> 
       <td colspan="2" width="164"> <span style="width:164px;font-size:10pt;">자기자본(원)</span> </td> 
       <td width="309"> <span class="xforms_input" style="width:309px;font-size:10pt;text-align:right;">130,500,728,510</span> </td> 
      </tr> 
      <tr> 
       <td colspan="2" width="164"> <span style="width:164px;font-size:10pt;">자기자본대비(%)</span> </td> 
       <td width="309"> <span class="xforms_input" style="width:309px;font-size:10pt;text-align:right;">10.31</span> </td> 
      </tr> 
      <tr> 
       <td colspan="2" width="164"> <span style="width:164px;font-size:10pt;">대기업해당여부</span> </td> 
       <td width="309"> <span class="xforms_input" style="width:309px;font-size:10pt;">해당</span> </td> 
      </tr> 
      <tr> 
       <td rowspan="2" width="104"> <span style="width:104px;font-size:10pt;text-align:center;">채무보증기간</span> </td> 
       <td width="60"> <span style="width:60px;font-size:10pt;text-align:center;">시작일</span> </td> 
       <td width="309"> <span class="xforms_input" style="width:309px;font-size:10pt;">2025-10-24</span> </td> 
      </tr> 
      <tr> 
       <td width="60"> <span style="width:60px;font-size:10pt;text-align:center;">종료일</span> </td> 
       <td width="309"> <span class="xforms_input" style="width:309px;font-size:10pt;">2030-10-24</span> </td> 
      </tr> 
      <tr> 
       <td colspan="3" width="291"> <span style="width:291px;font-size:10pt;">5. 채무보증 총 잔액(원)</span> </td> 
       <td width="309"> <span class="xforms_input" style="width:309px;font-size:10pt;text-align:right;">143,834,940,000</span> </td> 
      </tr> 
      <tr> 
       <td colspan="3" width="291"> <span style="width:291px;font-size:10pt;">6. 이사회결의일(결정일)</span> </td> 
       <td width="309"> <span class="xforms_input" style="width:309px;font-size:10pt;">2025-10-10</span> </td> 
      </tr> 
      <tr> 
       <td rowspan="2" width="127"> <span style="width:127px;font-size:10pt;">-사외이사 참석여부</span> </td> 
       <td colspan="2" width="164"> <span style="width:164px;font-size:10pt;text-align:center;">참석(명)</span> </td> 
       <td width="309"> <span class="xforms_input" style="width:309px;font-size:10pt;text-align:right;">1</span> </td> 
      </tr> 
      <tr> 
       <td colspan="2" width="164"> <span style="width:164px;font-size:10pt;text-align:center;">불참(명)</span> </td> 
       <td width="309"> <span class="xforms_input" style="width:309px;font-size:10pt;text-align:right;">2</span> </td> 
      </tr> 
      <tr> 
       <td colspan="3" width="291"> <span style="width:291px;font-size:10pt;">-감사(감사위원) 참석여부</span> </td> 
       <td width="309"> <span class="xforms_input" style="width:309px;font-size:10pt;">참석</span> </td> 
      </tr> 
      <tr> 
       <td colspan="3" width="291"> <span style="width:291px;font-size:10pt;">7. 기타 투자판단에 참고할 사항</span> </td> 
       <td width="309"> <span class="xforms_input" style="width:309px;font-size:10pt;">-. 상기 채무보증 결정은 당사의 해외계열사(지분율 100%)인 Guyoung Tech USA, INC의 신규 운전자금 대출에 대한 채무보증에 관한 결정입니다. <br xmlns:java="http://xml.apache.org/xalan/java"> <br xmlns:java="http://xml.apache.org/xalan/java">-. 상기 '3. 채무(차입)금액'의 외화금액은 USD8,000,000이며, 적용환율은 2025년 10월 10일 최초고시매매기준환율인 1,401.90원입니다. <br xmlns:java="http://xml.apache.org/xalan/java"> <br xmlns:java="http://xml.apache.org/xalan/java">-. 상기 '4. 채무보증내역의 채무보증금액'의 외화금액은 USD9,600,000이며, 적용환율은 2025년 10월 10일 최초고시매매기준환율인 1,401.90원입니다. <br xmlns:java="http://xml.apache.org/xalan/java"> <br xmlns:java="http://xml.apache.org/xalan/java">-. 상기 '4. 채무보증내역의 자기자본'은 한국채택국제회계기준(K-IFRS)에 따라 작성된 최근 사업연도말(2024년) 연결재무제표 기준입니다. <br xmlns:java="http://xml.apache.org/xalan/java"> <br xmlns:java="http://xml.apache.org/xalan/java">-. 상기 '5. 채무보증 총 잔액' 및 하기 '채무자별 채무보증 잔액'은 공시기준일 현재 외화보증현황을 2025년 10월 10일 최초고시매매기준환율인 1,401.90원을 적용하여 표시하였습니다.</span> </td> 
      </tr> 
     </tbody> 
    </table> 
    <span style="width:598px;font-size:11pt;font-weight:bold;">[채무자별 채무보증 잔액]</span> 
    <table border="1" bordercolordark="white" bordercolorlight="#666666" cellpadding="1" cellspacing="0" id="XFormD3_Form0_RepeatTable0" style="margin:0px 0px 20px 0px;width:595px;font-size:10pt;border:1px solid #7f7f7f;"> 
     <tbody> 
      <tr> 
       <td width="122"> <span style="width:122px;font-size:10pt;text-align:center;">채무자</span> </td> 
       <td width="105"> <span style="width:105px;font-size:10pt;text-align:center;">관계</span> </td> 
       <td width="137"> <span style="width:137px;font-size:10pt;text-align:center;">채무보증잔액(원)</span> </td> 
       <td width="136"> <span style="width:136px;font-size:10pt;text-align:center;">채무보증기간</span> </td> 
       <td width="95"> <span style="width:95px;font-size:10pt;text-align:center;">비고</span> </td> 
      </tr> 
      <tr> 
       <td width="122"> <span class="xforms_input" style="width:122px;font-size:10pt;">Guyoung Tech USA, INC</span> </td> 
       <td width="105"> <span class="xforms_input" style="width:105px;font-size:10pt;">계열회사</span> </td> 
       <td width="137"> <span class="xforms_input" style="width:137px;font-size:10pt;text-align:right;">5,607,600,000</span> </td> 
       <td width="136"> <span class="xforms_input" style="width:136px;font-size:10pt;">2025.01.24 부터 <br xmlns:java="http://xml.apache.org/xalan/java">2026.01.24 까지</span> </td> 
       <td width="95"> <span class="xforms_input" style="width:95px;font-size:10pt;">USD 4,000,000</span> </td> 
      </tr> 
      <tr> 
       <td width="122"> <span class="xforms_input" style="width:122px;font-size:10pt;">Guyoung Tech USA, INC</span> </td> 
       <td width="105"> <span class="xforms_input" style="width:105px;font-size:10pt;">계열회사</span> </td> 
       <td width="137"> <span class="xforms_input" style="width:137px;font-size:10pt;text-align:right;">14,019,000,000</span> </td> 
       <td width="136"> <span class="xforms_input" style="width:136px;font-size:10pt;">2025.01.24 부터 <br xmlns:java="http://xml.apache.org/xalan/java">2026.01.24 까지</span> </td> 
       <td width="95"> <span class="xforms_input" style="width:95px;font-size:10pt;">USD 10,000,000</span> </td> 
      </tr> 
      <tr> 
       <td width="122"> <span class="xforms_input" style="width:122px;font-size:10pt;">Guyoung Tech USA, INC</span> </td> 
       <td width="105"> <span class="xforms_input" style="width:105px;font-size:10pt;">계열회사</span> </td> 
       <td width="137"> <span class="xforms_input" style="width:137px;font-size:10pt;text-align:right;">9,813,300,000</span> </td> 
       <td width="136"> <span class="xforms_input" style="width:136px;font-size:10pt;">2024.10.22 부터 <br xmlns:java="http://xml.apache.org/xalan/java">2025.10.21 까지</span> </td> 
       <td width="95"> <span class="xforms_input" style="width:95px;font-size:10pt;">USD 7,000,000</span> </td> 
      </tr> 
      <tr> 
       <td width="122"> <span class="xforms_input" style="width:122px;font-size:10pt;">Guyoung Tech USA, INC</span> </td> 
       <td width="105"> <span class="xforms_input" style="width:105px;font-size:10pt;">계열회사</span> </td> 
       <td width="137"> <span class="xforms_input" style="width:137px;font-size:10pt;text-align:right;">13,458,240,000</span> </td> 
       <td width="136"> <span class="xforms_input" style="width:136px;font-size:10pt;">2025.10.24 부터 <br xmlns:java="http://xml.apache.org/xalan/java">2030.10.24 까지</span> </td> 
       <td width="95"> <span class="xforms_input" style="width:95px;font-size:10pt;">USD 9,600,000</span> </td> 
      </tr> 
      <tr> 
       <td width="122"> <span class="xforms_input" style="width:122px;font-size:10pt;">Guyoung Tech USA, INC</span> </td> 
       <td width="105"> <span class="xforms_input" style="width:105px;font-size:10pt;">계열회사</span> </td> 
       <td width="137"> <span class="xforms_input" style="width:137px;font-size:10pt;text-align:right;">33,645,600,000</span> </td> 
       <td width="136"> <span class="xforms_input" style="width:136px;font-size:10pt;">2024.12.12 부터 <br xmlns:java="http://xml.apache.org/xalan/java">2025.11.30 까지</span> </td> 
       <td width="95"> <span class="xforms_input" style="width:95px;font-size:10pt;">USD 24,000,000</span> </td> 
      </tr> 
      <tr> 
       <td width="122"> <span class="xforms_input" style="width:122px;font-size:10pt;">Guyoung Tech USA, INC</span> </td> 
       <td width="105"> <span class="xforms_input" style="width:105px;font-size:10pt;">계열회사</span> </td> 
       <td width="137"> <span class="xforms_input" style="width:137px;font-size:10pt;text-align:right;">67,291,200,000</span> </td> 
       <td width="136"> <span class="xforms_input" style="width:136px;font-size:10pt;">2024.12.30 부터 <br xmlns:java="http://xml.apache.org/xalan/java">2032.12.30 까지</span> </td> 
       <td width="95"> <span class="xforms_input" style="width:95px;font-size:10pt;">USD 48,000,000</span> </td> 
      </tr> 
     </tbody> 
    </table> 
    <table border="1" bordercolordark="white" bordercolorlight="#666666" cellpadding="1" cellspacing="0" id="XFormD3_Form0_Table3" style="margin:0px 0px 20px 0px;width:597px;font-size:10pt;border:1px solid #7f7f7f;"> 
     <tbody> 
      <tr> 
       <td width="126"> <span style="width:126px;font-size:10pt;">※관련 공시법규</span> </td> 
       <td width="471"> <span class="xforms_input" style="width:471px;font-size:10pt;">자본시장법</span> </td> 
      </tr> 
     </tbody> 
    </table> 
    <span class="noprint" style="display:none;width:600px;font-size:10pt;"> </span> 
    <div id="LIB_L7040" style="width:600px;font-size:10pt;;padding:0 0 20 0"> 
     <div> 
      <div> 
       <span style="width:589px;font-size:11pt;font-weight:bold;">[채무자에 관한 사항]</span> 
       <table border="1" bordercolordark="white" bordercolorlight="#666666" cellpadding="1" cellspacing="0" id="XFormG1_Form0_RepeatTable0" style="margin:0px 0px 20px 0px;width:584px;font-size:10pt;border:1px solid #7f7f7f;"> 
        <tbody> 
         <tr> 
          <td colspan="4" width="584"> <span style="width:584px;font-size:10pt;">1. 인적사항</span> </td> 
         </tr> 
         <tr> 
          <td colspan="4" width="584"> <span style="width:584px;font-size:10pt;">- 기본사항</span> </td> 
         </tr> 
         <tr> 
          <td width="146"> <span style="width:146px;font-size:10pt;text-align:center;">성명(명칭)</span> </td> 
          <td width="137"> <span style="width:137px;font-size:10pt;text-align:center;">국적</span> </td> 
          <td width="155"> <span style="width:155px;font-size:10pt;text-align:center;">주소(본점소재지)[읍ㆍ면ㆍ동까지만 기재]</span> </td> 
          <td width="146"> <span style="width:146px;font-size:10pt;text-align:center;">생년월일(사업자등록번호 등)</span> </td> 
         </tr> 
         <tr> 
          <td width="146"> <span class="xforms_input" style="width:146px;font-size:10pt;">Guyoung Tech, USA, INC</span> </td> 
          <td width="137"> <span class="xforms_input" style="width:137px;font-size:10pt;">미국</span> </td> 
          <td width="155"> <span class="xforms_input" style="width:155px;font-size:10pt;">4988 HWY31 Evergreen, AL 36401</span> </td> 
          <td width="146"> <span class="xforms_input" style="width:146px;font-size:10pt;">275100425</span> </td> 
         </tr> 
         <tr> 
          <td colspan="2" width="283"> <span style="width:283px;font-size:10pt;text-align:center;">직업(사업내용)</span> </td> 
          <td colspan="2" width="301"> <span class="xforms_input" style="width:301px;font-size:10pt;">자동차부품생산</span> </td> 
         </tr> 
         <tr> 
          <td colspan="4" width="584"> <span style="width:584px;font-size:10pt;">- 최대주주ㆍ대표이사ㆍ대표집행임원 현황 및 재무상황 등(채무자가 법인인 경우)</span> </td> 
         </tr> 
         <tr> 
          <td width="146"> <span style="width:146px;font-size:10pt;text-align:center;">구분</span> </td> 
          <td width="137"> <span style="width:137px;font-size:10pt;text-align:center;">성명</span> </td> 
          <td width="155"> <span style="width:155px;font-size:10pt;text-align:center;">주식수</span> </td> 
          <td width="146"> <span style="width:146px;font-size:10pt;text-align:center;">지분율(%)</span> </td> 
         </tr> 
         <tr> 
          <td width="146"> <span class="xforms_input" style="width:146px;font-size:10pt;text-align:center;">최대주주</span> </td> 
          <td width="137"> <span class="xforms_input" style="width:137px;font-size:10pt;">(주)구영테크</span> </td> 
          <td width="155"> <span class="xforms_input" style="width:155px;font-size:10pt;text-align:right;">-</span> </td> 
          <td width="146"> <span class="xforms_input" style="width:146px;font-size:10pt;text-align:right;">100</span> </td> 
         </tr> 
         <tr> 
          <td width="146"> <span class="xforms_input" style="width:146px;font-size:10pt;text-align:center;">대표이사</span> </td> 
          <td width="137"> <span class="xforms_input" style="width:137px;font-size:10pt;">이희상</span> </td> 
          <td width="155"> <span class="xforms_input" style="width:155px;font-size:10pt;text-align:right;">-</span> </td> 
          <td width="146"> <span class="xforms_input" style="width:146px;font-size:10pt;text-align:right;">-</span> </td> 
         </tr> 
         <tr> 
          <td colspan="4" width="584"> <span style="width:584px;font-size:10pt;text-align:right;">(단위 : 백만원)</span> </td> 
         </tr> 
         <tr> 
          <td width="146"> <span style="width:146px;font-size:10pt;">해당 사업연도</span> </td> 
          <td width="137"> <span class="xforms_input" style="width:137px;font-size:10pt;">2024.01.01~2024.12.31</span> </td> 
          <td width="155"> <span style="width:155px;font-size:10pt;">결산기</span> </td> 
          <td width="146"> <span class="xforms_input" style="width:146px;font-size:10pt;">2024.12.31</span> </td> 
         </tr> 
         <tr> 
          <td width="146"> <span style="width:146px;font-size:10pt;">자산총계</span> </td> 
          <td width="137"> <span class="xforms_input" style="width:137px;font-size:10pt;text-align:right;">171,484</span> </td> 
          <td width="155"> <span style="width:155px;font-size:10pt;">자본금</span> </td> 
          <td width="146"> <span class="xforms_input" style="width:146px;font-size:10pt;text-align:right;">27,881</span> </td> 
         </tr> 
         <tr> 
          <td width="146"> <span style="width:146px;font-size:10pt;">부채총계</span> </td> 
          <td width="137"> <span class="xforms_input" style="width:137px;font-size:10pt;text-align:right;">111,594</span> </td> 
          <td width="155"> <span style="width:155px;font-size:10pt;">매출액</span> </td> 
          <td width="146"> <span class="xforms_input" style="width:146px;font-size:10pt;text-align:right;">238,998</span> </td> 
         </tr> 
         <tr> 
          <td width="146"> <span style="width:146px;font-size:10pt;">자본총계</span> </td> 
          <td width="137"> <span class="xforms_input" style="width:137px;font-size:10pt;text-align:right;">59,890</span> </td> 
          <td width="155"> <span style="width:155px;font-size:10pt;">당기순손익</span> </td> 
          <td width="146"> <span class="xforms_input" style="width:146px;font-size:10pt;text-align:right;">5,297</span> </td> 
         </tr> 
         <tr> 
          <td width="146"> <span style="width:146px;font-size:10pt;">외부감사인</span> </td> 
          <td width="137"> <span class="xforms_input" style="width:137px;font-size:10pt;">PNJK Partners LLP</span> </td> 
          <td width="155"> <span style="width:155px;font-size:10pt;">휴업 여부</span> </td> 
          <td width="146"> <span class="xforms_input" style="width:146px;font-size:10pt;">아니오</span> </td> 
         </tr> 
         <tr> 
          <td width="146"> <span style="width:146px;font-size:10pt;">감사의견</span> </td> 
          <td width="137"> <span class="xforms_input" style="width:137px;font-size:10pt;">적정</span> </td> 
          <td width="155"> <span style="width:155px;font-size:10pt;">폐업 여부</span> </td> 
          <td width="146"> <span class="xforms_input" style="width:146px;font-size:10pt;">아니오</span> </td> 
         </tr> 
         <tr> 
          <td colspan="4" width="584"> <span style="width:584px;font-size:10pt;">2. 채무자와의 관계</span> </td> 
         </tr> 
         <tr> 
          <td colspan="2" width="283"> <span style="width:283px;font-size:10pt;">1. 회사와 채무자와의 관계</span> </td> 
          <td colspan="2" width="301"> <span class="xforms_input" style="width:301px;font-size:10pt;">계열회사</span> </td> 
         </tr> 
         <tr> 
          <td colspan="2" width="283"> <span style="width:283px;font-size:10pt;">2. 회사의 최대주주ㆍ임원과 채무자와의 관계</span> </td> 
          <td width="155"> <span style="width:155px;font-size:10pt;text-align:center;">성명</span> </td> 
          <td width="146"> <span style="width:146px;font-size:10pt;text-align:center;">채무자와의 관계</span> </td> 
         </tr> 
         <tr> 
          <td colspan="2" width="283"> <span class="xforms_input" style="width:283px;font-size:10pt;">최대주주</span> </td> 
          <td width="155"> <span class="xforms_input" style="width:155px;font-size:10pt;">(주)미광정공</span> </td> 
          <td width="146"> <span class="xforms_input" style="width:146px;font-size:10pt;">계열회사</span> </td> 
         </tr> 
         <tr> 
          <td colspan="2" width="283"> <span class="xforms_input" style="width:283px;font-size:10pt;">이사</span> </td> 
          <td width="155"> <span class="xforms_input" style="width:155px;font-size:10pt;">이희상</span> </td> 
          <td width="146"> <span class="xforms_input" style="width:146px;font-size:10pt;">대표이사</span> </td> 
         </tr> 
         <tr> 
          <td colspan="2" width="283"> <span class="xforms_input" style="width:283px;font-size:10pt;">이사</span> </td> 
          <td width="155"> <span class="xforms_input" style="width:155px;font-size:10pt;">이종명</span> </td> 
          <td width="146"> <span class="xforms_input" style="width:146px;font-size:10pt;">부사장</span> </td> 
         </tr> 
         <tr> 
          <td colspan="4" width="584"> <span style="width:584px;font-size:10pt;">3. 최근 3년간 거래내역(일상적 거래 제외)</span> </td> 
         </tr> 
         <tr> 
          <td width="146"> <span style="width:146px;font-size:10pt;text-align:center;">구분</span> </td> 
          <td colspan="3" width="438"> <span style="width:438px;font-size:10pt;text-align:center;">거래 내역</span> </td> 
         </tr> 
         <tr> 
          <td width="146"> <span style="width:146px;font-size:10pt;text-align:center;">당해년도</span> </td> 
          <td colspan="3" width="438"> <span class="xforms_input" style="width:438px;font-size:10pt;">USD 14,000,000 지급보증 연장, <br java="http://xml.apache.org/xalan/java">USD  9,600,000 지급보증</span> </td> 
         </tr> 
         <tr> 
          <td width="146"> <span style="width:146px;font-size:10pt;text-align:center;">전년도</span> </td> 
          <td colspan="3" width="438"> <span class="xforms_input" style="width:438px;font-size:10pt;">USD 14,000,000 지급보증 증액 및 연장, <br java="http://xml.apache.org/xalan/java">USD 24,000,000 지급보증 증액, <br java="http://xml.apache.org/xalan/java">USD  7,000,000 지급보증 연장, <br java="http://xml.apache.org/xalan/java">USD 24,000,000 지급보증 연장, <br java="http://xml.apache.org/xalan/java">USD 48,000,000 지급보증</span> </td> 
         </tr> 
         <tr> 
          <td width="146"> <span style="width:146px;font-size:10pt;text-align:center;">전전년도</span> </td> 
          <td colspan="3" width="438"> <span class="xforms_input" style="width:438px;font-size:10pt;">USD  8,700,000 지급보증 연장, <br java="http://xml.apache.org/xalan/java">USD  7,000,000 지급보증 연장 <br java="http://xml.apache.org/xalan/java">USD 12,000,000 지급보증</span> </td> 
         </tr> 
        </tbody> 
       </table> 
      </div> 
     </div> 
    </div> 
   </div> 
  </div>  
 </body>
</html>