<?xml version="1.0" encoding="utf-8"?>


<DOCUMENT xmlns:xsi="http://www.w3.org/2001/XMLSchema-instance" xsi:noNamespaceSchemaLocation="dart4.xsd">

<DOCUMENT-NAME ACODE="10800">증권발행실적보고서</DOCUMENT-NAME>
<FORMULA-VERSION SUBVER="1" ADATE="20230828">6.0</FORMULA-VERSION>
<COMPANY-NAME AREGCIK="00160144">한국투자증권</COMPANY-NAME>


<BODY ATOCID="10">

<COVER>
<COVER-TITLE ATOC="Y" AASSOCNOTE="COVER" ATOCID="1" ENG="Post-Issuance Report">증권발행실적보고서</COVER-TITLE>

<TABLE ACLASS="NORMAL" AFIXTABLE="N" WIDTH="600" BORDER="0">

<COLGROUP WIDTH="600">
<COL WIDTH="161"></COL>
<COL WIDTH="439"></COL>
</COLGROUP>

<TBODY>

<TR ACOPY="Y" ADELETE="Y" HEIGHT="53">
<TD CLASS="NORMAL" COLSPAN="2" WIDTH="591" HEIGHT="46"></TD>
</TR>

<TR ACOPY="Y" ADELETE="Y" HEIGHT="30">
<TD CLASS="NORMAL" WIDTH="152" HEIGHT="23">금융감독원장 귀하</TD>
<TD CLASS="NORMAL" ALIGN="RIGHT" WIDTH="430" HEIGHT="23">2026년 01월 05일</TD>
</TR>

<TR ACOPY="Y" ADELETE="Y" HEIGHT="53">
<TD CLASS="NORMAL" WIDTH="152" HEIGHT="46"></TD>
<TD CLASS="NORMAL" WIDTH="430" HEIGHT="46"></TD>
</TR>

<TR ACOPY="Y" ADELETE="Y" HEIGHT="53">
<TD CLASS="NORMAL" WIDTH="152" HEIGHT="46">회       사       명 :</TD>
<TD CLASS="NORMAL" WIDTH="430" HEIGHT="46">한국투자증권 주식회사</TD>
</TR>

<TR ACOPY="Y" ADELETE="Y" HEIGHT="53">
<TD CLASS="NORMAL" WIDTH="152" HEIGHT="46">대   표     이   사 :</TD>
<TD CLASS="NORMAL" WIDTH="430" HEIGHT="46">김 성 환 </TD>
</TR>

<TR ACOPY="Y" ADELETE="Y" HEIGHT="30">
<TD CLASS="NORMAL" WIDTH="152" HEIGHT="23">본  점  소  재  지 :</TD>
<TD CLASS="NORMAL" WIDTH="430" HEIGHT="23">서울 영등포구 의사당대로 88</TD>
</TR>

<TR ACOPY="Y" ADELETE="Y" HEIGHT="30">
<TD CLASS="NORMAL" WIDTH="152" HEIGHT="23"></TD>
<TD CLASS="NORMAL" WIDTH="430" HEIGHT="23">(전  화) 02-3276-5000</TD>
</TR>

<TR ACOPY="Y" ADELETE="Y" HEIGHT="30">
<TD CLASS="NORMAL" WIDTH="152" HEIGHT="23"></TD>
<TD CLASS="NORMAL" WIDTH="430" HEIGHT="23">(홈페이지)http://securities.koreainvestment.com</TD>
</TR>

<TR ACOPY="Y" ADELETE="Y" HEIGHT="30">
<TD CLASS="NORMAL" WIDTH="152" HEIGHT="23"></TD>
<TD CLASS="NORMAL" WIDTH="430" HEIGHT="23"></TD>
</TR>

<TR ACOPY="Y" ADELETE="Y" HEIGHT="30">
<TD CLASS="NORMAL" WIDTH="152" HEIGHT="23">작  성  책  임  자 :</TD>
<TD CLASS="NORMAL" WIDTH="430" HEIGHT="23">(직  책)DS부 부서장       (성  명)최 성 용 </TD>
</TR>

<TR ACOPY="Y" ADELETE="Y" HEIGHT="30">
<TD CLASS="NORMAL" WIDTH="152" HEIGHT="23"></TD>
<TD CLASS="NORMAL" WIDTH="430" HEIGHT="23">(전  화)02-3276-5967</TD>
</TR>

<TR ACOPY="Y" ADELETE="Y" HEIGHT="53">
<TD CLASS="NORMAL" WIDTH="152" HEIGHT="46"></TD>
<TD CLASS="NORMAL" WIDTH="430" HEIGHT="46"></TD>
</TR>
</TBODY>
</TABLE>
</COVER>

<SECTION-1 ACLASS="MANDATORY" APARTSOURCE="SOURCE">

<LIBRARY>
<SECTION-2 ACLASS="MANDATORY">
<TITLE ATOC="Y" AASSOCNOTE="L-0-0-1-0" ATOCID="2" ENG="Ⅰ. Subscription and Allotment">Ⅰ. 청약 및 배정에 관한 사항</TITLE>

<SECTION-3 ACLASS="MANDATORY">
<TITLE ATOC="Y" ATOCID="3" ENG="1. Subscription and payment schedule">1. 청약 및 납입일정</TITLE>

<TABLE-GROUP ACLASS="SB_DT_DV" ADELETETABLE="N">

<TABLE ACLASS="EXTRACTION" AFIXTABLE="N" WIDTH="600" BORDER="1">

<COLGROUP WIDTH="600">
<COL WIDTH="150"></COL>
<COL WIDTH="150"></COL>
<COL WIDTH="150"></COL>
<COL WIDTH="150"></COL>
</COLGROUP>

<THEAD>

<TR ACOPY="N" ADELETE="N" HEIGHT="30">
<TH VALIGN="MIDDLE" WIDTH="141" HEIGHT="23" ACOPYCOL="N" ADELETECOL="N" AMOVECOL="N" AUPDATECONT="N" ENG="Type of securities">증권의 종류</TH>
<TH VALIGN="MIDDLE" WIDTH="141" HEIGHT="23" ACOPYCOL="N" ADELETECOL="N" AMOVECOL="N" AUPDATECONT="N" ENG="Subscription start date">청약 개시일</TH>
<TH VALIGN="MIDDLE" WIDTH="141" HEIGHT="23" ACOPYCOL="N" ADELETECOL="N" AMOVECOL="N" AUPDATECONT="N" ENG="Subscription closing date">청약 종료일</TH>
<TH VALIGN="MIDDLE" WIDTH="141" HEIGHT="23" ACOPYCOL="N" ADELETECOL="N" AMOVECOL="N" AUPDATECONT="N" ENG="Payment date">납입일</TH>
</TR>
</THEAD>

<TBODY>

<TR ACOPY="Y" ADELETE="N" HEIGHT="53">
<TU ALIGN="CENTER" VALIGN="MIDDLE" WIDTH="141" HEIGHT="46" AUNIT="STK_KND" AUNITVALUE="4" ENG="Equity-linked bonds">주가연계파생결합사채</TU>
<TU ALIGN="CENTER" VALIGN="MIDDLE" WIDTH="141" HEIGHT="46" AUNIT="SB_STR_DT" AUNITVALUE="20260105">2026.01.05</TU>
<TU ALIGN="CENTER" VALIGN="MIDDLE" WIDTH="141" HEIGHT="46" AUNIT="SB_END_DT" AUNITVALUE="20260105">2026.01.05</TU>
<TU ALIGN="CENTER" VALIGN="MIDDLE" WIDTH="141" HEIGHT="46" AUNIT="PYM_DT" AUNITVALUE="20260105">2026.01.05</TU>
</TR>
</TBODY>
</TABLE>
</TABLE-GROUP>
<P></P>
<P></P>
</SECTION-3>

<SECTION-3 ACLASS="MANDATORY">
<TITLE ATOC="Y" ATOCID="4" ENG="2. Underwriting amount by underwriting institution">2. 인수기관별 인수금액</TITLE>

<TABLE-GROUP ACLASS="ACC_AMT_DV" ADELETETABLE="N">

<TABLE ACLASS="EXTRACTION" AFIXTABLE="Y" WIDTH="600" BORDER="0">

<COLGROUP WIDTH="600">
<COL WIDTH="300"></COL>
<COL WIDTH="300"></COL>
</COLGROUP>

<TBODY>

<TR ACOPY="N" ADELETE="N" HEIGHT="30">
<TD VALIGN="BOTTOM" WIDTH="291" HEIGHT="23"></TD>
<TU ALIGN="RIGHT" VALIGN="BOTTOM" WIDTH="291" HEIGHT="23" AUNIT="WON" AUNITVALUE="1" ENG="(Unit: KRW)">(단위 : 원)</TU>
</TR>
</TBODY>
</TABLE>

<TABLE ACLASS="EXTRACTION" AFIXTABLE="N" WIDTH="600" BORDER="1">

<COLGROUP WIDTH="600">
<COL WIDTH="148"></COL>
<COL WIDTH="147"></COL>
<COL WIDTH="191"></COL>
<COL WIDTH="114"></COL>
</COLGROUP>

<THEAD>

<TR ACOPY="N" ADELETE="N" HEIGHT="30">
<TH VALIGN="MIDDLE" WIDTH="139" HEIGHT="23" ACOPYCOL="N" ADELETECOL="N" AMOVECOL="N" AUPDATECONT="N" ENG="Underwriting institution">인수기관</TH>
<TH VALIGN="MIDDLE" WIDTH="138" HEIGHT="23" ACOPYCOL="N" ADELETECOL="N" AMOVECOL="N" AUPDATECONT="N" ENG="Ordinal">회 차</TH>
<TH VALIGN="MIDDLE" WIDTH="182" HEIGHT="23" ACOPYCOL="N" ADELETECOL="N" AMOVECOL="N" AUPDATECONT="N" ENG="Underwriting amount">인수금액</TH>
<TH VALIGN="MIDDLE" WIDTH="105" HEIGHT="23" ACOPYCOL="N" ADELETECOL="N" AMOVECOL="N" AUPDATECONT="N" ENG="Ratio">비 율</TH>
</TR>
</THEAD>

<TBODY>

<TR ACOPY="Y" ADELETE="N" HEIGHT="30">
<TE ALIGN="CENTER" VALIGN="MIDDLE" WIDTH="139" HEIGHT="23" ACODE="ACC_ORG">-</TE>
<TE ALIGN="CENTER" VALIGN="MIDDLE" WIDTH="138" HEIGHT="23" ACODE="SEQ_NO2">-</TE>
<TE ALIGN="CENTER" VALIGN="MIDDLE" WIDTH="182" HEIGHT="23" ACODE="ACC_AMT">-</TE>
<TE ALIGN="CENTER" VALIGN="MIDDLE" WIDTH="105" HEIGHT="23" ACODE="ACC_RT">-</TE>
</TR>
</TBODY>
</TABLE>
</TABLE-GROUP>
<P></P>
<P></P>
</SECTION-3>

<SECTION-3 ACLASS="MANDATORY">
<TITLE ATOC="Y" ATOCID="5" ENG="3. Subscription and allotment status">3. 청약 및 배정현황</TITLE>

<TABLE-GROUP ACLASS="DST_CD_DV" ADELETETABLE="N">

<TABLE ACLASS="EXTRACTION" AFIXTABLE="Y" WIDTH="600" BORDER="0">

<COLGROUP WIDTH="600">
<COL WIDTH="270"></COL>
<COL WIDTH="330"></COL>
</COLGROUP>

<TBODY>

<TR ACOPY="Y" ADELETE="Y" HEIGHT="30">
<TD WIDTH="261" HEIGHT="23"></TD>
<TU ALIGN="RIGHT" WIDTH="321" HEIGHT="23" AUNIT="WONSTOCKPERCENT" AUNITVALUE="1" ENG="(Unit: KRW, shares, %)">(단위 : 원, 주, %)</TU>
</TR>
</TBODY>
</TABLE>

<TABLE ACLASS="EXTRACTION" AFIXTABLE="N" WIDTH="538" BORDER="1">

<COLGROUP WIDTH="538">
<COL WIDTH="55"></COL>
<COL WIDTH="108"></COL>
<COL WIDTH="42"></COL>
<COL WIDTH="96"></COL>
<COL WIDTH="49"></COL>
<COL WIDTH="43"></COL>
<COL WIDTH="96"></COL>
<COL WIDTH="49"></COL>
</COLGROUP>

<THEAD>

<TR ACOPY="N" ADELETE="N" HEIGHT="30">
<TH ROWSPAN="2" VALIGN="MIDDLE" HEIGHT="53" ACOPYCOL="N" ADELETECOL="N" AMOVECOL="N" AUPDATECONT="N" WIDTH="46" ENG="Ordinal">회 차</TH>
<TH VALIGN="MIDDLE" HEIGHT="53" ACOPYCOL="N" ADELETECOL="N" AMOVECOL="N" AUPDATECONT="N" ROWSPAN="2" WIDTH="99" ENG="Total amount of offering">모집 총액</TH>
<TH COLSPAN="3" VALIGN="MIDDLE" HEIGHT="23" ACOPYCOL="N" ADELETECOL="N" AMOVECOL="N" AUPDATECONT="N" WIDTH="178" ENG="Subscription status">청약현황</TH>
<TH COLSPAN="3" VALIGN="MIDDLE" HEIGHT="23" ACOPYCOL="N" ADELETECOL="N" AMOVECOL="N" AUPDATECONT="N" WIDTH="179" ENG="Final allotment status">최종배정현황</TH>
</TR>

<TR ACOPY="N" ADELETE="N" HEIGHT="30">
<TH VALIGN="MIDDLE" HEIGHT="23" ACOPYCOL="N" ADELETECOL="N" AMOVECOL="N" AUPDATECONT="N" WIDTH="33" ENG="Number of cases">건수</TH>
<TH VALIGN="MIDDLE" HEIGHT="23" ACOPYCOL="N" ADELETECOL="N" AMOVECOL="N" AUPDATECONT="N" WIDTH="87" ENG="Amount">금액</TH>
<TH VALIGN="MIDDLE" HEIGHT="23" ACOPYCOL="N" ADELETECOL="N" AMOVECOL="N" AUPDATECONT="N" WIDTH="40" ENG="Ratio">비율</TH>
<TH VALIGN="MIDDLE" HEIGHT="23" ACOPYCOL="N" ADELETECOL="N" AMOVECOL="N" AUPDATECONT="N" WIDTH="34" ENG="Number of cases">건수</TH>
<TH VALIGN="MIDDLE" HEIGHT="23" ACOPYCOL="N" ADELETECOL="N" AMOVECOL="N" AUPDATECONT="N" WIDTH="87" ENG="Amount">금액</TH>
<TH VALIGN="MIDDLE" HEIGHT="23" ACOPYCOL="N" ADELETECOL="N" AMOVECOL="N" AUPDATECONT="N" WIDTH="40" ENG="Ratio">비율</TH>
</TR>
</THEAD>

<TBODY>

<TR ACOPY="Y" ADELETE="N" HEIGHT="28">
<TE ALIGN="CENTER" ACODE="SEQ_NO2" VALIGN="MIDDLE" USERMARK="F-10 " WIDTH="46" HEIGHT="21">2595</TE>
<TE ALIGN="CENTER" ACODE="TOT_RET_AMT" VALIGN="MIDDLE" USERMARK="F-10 " WIDTH="99" HEIGHT="21">14,704,110,000</TE>
<TE ALIGN="CENTER" ACODE="SB_CNT" VALIGN="MIDDLE" USERMARK="F-10 " WIDTH="33" HEIGHT="21">1</TE>
<TE ALIGN="CENTER" ACODE="SB_AMT" VALIGN="MIDDLE" USERMARK="F-10 " WIDTH="87" HEIGHT="21">4,879,852,985</TE>
<TE ALIGN="CENTER" ACODE="SB_RT" VALIGN="MIDDLE" USERMARK="F-10 " WIDTH="40" HEIGHT="21">33.19 </TE>
<TE ALIGN="CENTER" ACODE="DV_CNT" VALIGN="MIDDLE" USERMARK="F-10 " WIDTH="34" HEIGHT="21">1 </TE>
<TE ALIGN="CENTER" ACODE="DV_AMT" VALIGN="MIDDLE" USERMARK="F-10 " WIDTH="87" HEIGHT="21">4,879,852,985 </TE>
<TE ALIGN="CENTER" ACODE="DV_RT" VALIGN="MIDDLE" USERMARK="F-10 " WIDTH="40" HEIGHT="21">33.19 </TE>
</TR>
</TBODY>
</TABLE>
</TABLE-GROUP>
<P USERMARK="F-GL10 ">* 청약현황 비율과 배정현황 비율은 각 회차 비율의 평균값임.* 본 파생결합사채(제2595회)의 원화 환산금액은 2025년 12월 22일자 서울 외국환중개(주) 최초 고시 매매기준율@1,477.80원/USD를 적용하여 표시하였음</P>
<P></P>
</SECTION-3>

<SECTION-3 ACLASS="MANDATORY">
<TITLE ATOC="Y" ATOCID="6" ENG="4. Allotment method">4. 배정방법</TITLE>
<P USERMARK="F-GL10 ">(1) 청약결과 총 청약금액이 모집금액을 초과하는 경우에는 청약금액에 비례하여 안분배정합니다.(배정금액 기준, 만원단위 미만 절사) 단, 안분배정으로 발생한 잔여수량에 대해서는 청약자의 청약금액이 큰 순서대로 해당 청약금액의 100%까지 순차적으로 배정합니다.(2) 청약결과 총 청약금액이 모집금액에 미달하는 경우에는 미달분은 미납처리하여 총 청약금액을 납입 금액으로 합니다.</P>
</SECTION-3>
</SECTION-2>

<SECTION-2 ACLASS="MANDATORY">
<TITLE ATOC="Y" AASSOCNOTE="L-0-0-3-0" ATOCID="7" ENG="Ⅱ. Date of Securities Delivery, etc.">Ⅱ. 증권교부일 등</TITLE>
<P USERMARK="F-GL11 ">- 증권교부일 : 2026년 01월 05일- 증권상장일 : 해당사항 없음.- 증권등기일 : 해당사항 없음.</P>
</SECTION-2>

<SECTION-2 ACLASS="MANDATORY">
<TITLE ATOC="Y" AASSOCNOTE="L-0-0-4-0" ATOCID="8" ENG="Ⅲ. Disclosure Implementation Status">Ⅲ. 공시 이행상황</TITLE>
<P></P>
<P USERMARK="F-GL B">1. 청약공고</P>

<TABLE ACLASS="NORMAL" AFIXTABLE="N" WIDTH="600" BORDER="1">

<COLGROUP WIDTH="600">
<COL WIDTH="130"></COL>
<COL WIDTH="270"></COL>
<COL WIDTH="200"></COL>
</COLGROUP>

<THEAD>

<TR ACOPY="Y" ADELETE="Y" HEIGHT="28">
<TH VALIGN="MIDDLE" ACOPYCOL="Y" ADELETECOL="Y" AMOVECOL="N" USERMARK="F-10 " WIDTH="121" HEIGHT="21">구     분</TH>
<TH VALIGN="MIDDLE" ACOPYCOL="Y" ADELETECOL="Y" AMOVECOL="N" USERMARK="F-10 " WIDTH="261" HEIGHT="21">신     문</TH>
<TH VALIGN="MIDDLE" ACOPYCOL="Y" ADELETECOL="Y" AMOVECOL="N" USERMARK="F-10 " WIDTH="191" HEIGHT="21">일     자</TH>
</TR>
</THEAD>

<TBODY>

<TR ACOPY="Y" ADELETE="Y" HEIGHT="49">
<TD ALIGN="CENTER" VALIGN="MIDDLE" USERMARK="F-10 " WIDTH="121" HEIGHT="42">청 약 공 고</TD>
<TD ALIGN="CENTER" VALIGN="MIDDLE" USERMARK="F-10 " WIDTH="261" HEIGHT="42">금융위(금감원) 전자공시시스템 홈페이지(http://dart.fss.or.kr)</TD>
<TD ALIGN="CENTER" VALIGN="MIDDLE" USERMARK="F-10 " WIDTH="191" HEIGHT="42">2025년 12월 23일</TD>
</TR>
</TBODY>
</TABLE>
<P></P>
<P USERMARK="F-GL B">2. 배정공고</P>

<TABLE ACLASS="NORMAL" AFIXTABLE="N" WIDTH="600" BORDER="1">

<COLGROUP WIDTH="600">
<COL WIDTH="130"></COL>
<COL WIDTH="270"></COL>
<COL WIDTH="200"></COL>
</COLGROUP>

<THEAD>

<TR ACOPY="Y" ADELETE="Y" HEIGHT="28">
<TH VALIGN="MIDDLE" ACOPYCOL="Y" ADELETECOL="Y" AMOVECOL="N" USERMARK="F-10 " WIDTH="121" HEIGHT="21">구     분</TH>
<TH VALIGN="MIDDLE" ACOPYCOL="Y" ADELETECOL="Y" AMOVECOL="N" USERMARK="F-10 " WIDTH="261" HEIGHT="21">신     문</TH>
<TH VALIGN="MIDDLE" ACOPYCOL="Y" ADELETECOL="Y" AMOVECOL="N" USERMARK="F-10 " WIDTH="191" HEIGHT="21">일     자</TH>
</TR>
</THEAD>

<TBODY>

<TR ACOPY="Y" ADELETE="Y" HEIGHT="49">
<TD ALIGN="CENTER" VALIGN="MIDDLE" USERMARK="F-10 " WIDTH="121" HEIGHT="42">배 정 공 고</TD>
<TD ALIGN="CENTER" VALIGN="MIDDLE" USERMARK="F-10 " WIDTH="261" HEIGHT="42">금융위(금감원) 전자공시시스템 홈페이지(http://dart.fss.or.kr)</TD>
<TD ALIGN="CENTER" VALIGN="MIDDLE" USERMARK="F-10 " WIDTH="191" HEIGHT="42">2026년 01월 05일</TD>
</TR>
</TBODY>
</TABLE>
<P></P>
<P USERMARK="F-GL B">3. 증권신고서(일괄신고 추가서류 포함) 공시</P>
<P USERMARK="F-GL10 ">- 전자문서 : 금융위(금감원) 전자공시시스템 → http://dart.fss.or.kr</P>
<P USERMARK="F-GL B">4. 투자설명서 공시</P>
<P USERMARK="F-GL10 ">1. 전자문서 : 금융위(금감원) 전자공시시스템 → http://dart.fss.or.kr</P>
<P USERMARK="F-GL10 ">2. 서면문서 : 한국투자증권 본점 및 지점 인쇄물</P>
</SECTION-2>

<SECTION-2 ACLASS="MANDATORY">
<TITLE ATOC="Y" AASSOCNOTE="L-0-0-5-0" ATOCID="9" ENG="Ⅳ. Details of Use of Procured Funds">Ⅳ. 조달된 자금의 사용내역</TITLE>
<P></P>
<P USERMARK="F-GL B">1. 총괄</P>

<TABLE ACLASS="NORMAL" AFIXTABLE="N" WIDTH="624" BORDER="0">

<COLGROUP WIDTH="624">
<COL WIDTH="512"></COL>
<COL WIDTH="112"></COL>
</COLGROUP>

<TBODY>

<TR ACOPY="Y" ADELETE="Y" HEIGHT="30">
<TD WIDTH="503" HEIGHT="23" USERMARK="F-10 ">[종목명 : 트루 파생결합사채(주가연계파생결합사채) 제2595회]</TD>
<TD ALIGN="RIGHT" VALIGN="BOTTOM" WIDTH="103" HEIGHT="23" USERMARK="F-10 ">(단위 : 원)</TD>
</TR>
</TBODY>
</TABLE>
<P USERMARK="F-GL10 "></P>

<TABLE ACLASS="NORMAL" AFIXTABLE="N" WIDTH="623" BORDER="1">

<COLGROUP WIDTH="623">
<COL WIDTH="87"></COL>
<COL WIDTH="112"></COL>
<COL WIDTH="71"></COL>
<COL WIDTH="74"></COL>
<COL WIDTH="117"></COL>
<COL WIDTH="112"></COL>
<COL WIDTH="50"></COL>
</COLGROUP>

<THEAD>

<TR ACOPY="Y" ADELETE="Y" HEIGHT="30">
<TH ROWSPAN="2" VALIGN="MIDDLE" WIDTH="78" HEIGHT="76" ACOPYCOL="Y" ADELETECOL="Y" AMOVECOL="N" USERMARK="F-10 ">구    분</TH>
<TH ROWSPAN="2" VALIGN="MIDDLE" WIDTH="103" HEIGHT="76" ACOPYCOL="Y" ADELETECOL="Y" AMOVECOL="N" USERMARK="F-10 ">신고서상발행예정총액</TH>
<TH COLSPAN="3" VALIGN="MIDDLE" WIDTH="253" HEIGHT="23" ACOPYCOL="Y" ADELETECOL="Y" AMOVECOL="N" USERMARK="F-10 ">실제 자금조달총액</TH>
<TH ROWSPAN="2" VALIGN="MIDDLE" WIDTH="103" HEIGHT="76" ACOPYCOL="Y" ADELETECOL="Y" AMOVECOL="N" USERMARK="F-10 ">확정권면총액</TH>
<TH ROWSPAN="2" VALIGN="MIDDLE" WIDTH="41" HEIGHT="76" ACOPYCOL="Y" ADELETECOL="Y" AMOVECOL="N" USERMARK="F-10 ">비  고</TH>
</TR>

<TR ACOPY="Y" ADELETE="Y" HEIGHT="53">
<TH VALIGN="MIDDLE" WIDTH="62" HEIGHT="46" ACOPYCOL="Y" ADELETECOL="Y" AMOVECOL="N" USERMARK="F-10 ">발행가액(A)</TH>
<TH VALIGN="MIDDLE" WIDTH="65" HEIGHT="46" ACOPYCOL="Y" ADELETECOL="Y" AMOVECOL="N" USERMARK="F-10 ">수량(B)</TH>
<TH VALIGN="MIDDLE" WIDTH="108" HEIGHT="46" ACOPYCOL="Y" ADELETECOL="Y" AMOVECOL="N" USERMARK="F-10 ">발행총액(A×B)</TH>
</TR>
</THEAD>

<TBODY>

<TR ACOPY="Y" ADELETE="Y" HEIGHT="30">
<TD ALIGN="CENTER" VALIGN="MIDDLE" WIDTH="78" HEIGHT="23" USERMARK="F-10 ">모    집(a)</TD>
<TD ALIGN="CENTER" WIDTH="103" HEIGHT="23" USERMARK="F-10 ">14,704,110,000</TD>
<TD ALIGN="CENTER" WIDTH="62" HEIGHT="23" USERMARK="F-10 ">147,041</TD>
<TD ALIGN="CENTER" WIDTH="65" HEIGHT="23" USERMARK="F-10 ">33,187</TD>
<TD ALIGN="CENTER" WIDTH="108" HEIGHT="23" USERMARK="F-10 ">4,879,852,985</TD>
<TD ALIGN="CENTER" WIDTH="103" HEIGHT="23" USERMARK="F-10 ">4,879,852,985</TD>
<TD WIDTH="41" HEIGHT="23" ALIGN="CENTER"></TD>
</TR>

<TR ACOPY="Y" ADELETE="Y" HEIGHT="30">
<TD ALIGN="CENTER" VALIGN="MIDDLE" WIDTH="78" HEIGHT="23" USERMARK="F-10 ">매    출(b)</TD>
<TD ALIGN="CENTER" WIDTH="103" HEIGHT="23">-</TD>
<TD ALIGN="CENTER" WIDTH="62" HEIGHT="23">-</TD>
<TD ALIGN="CENTER" WIDTH="65" HEIGHT="23">-</TD>
<TD ALIGN="CENTER" WIDTH="108" HEIGHT="23">-</TD>
<TD ALIGN="CENTER" WIDTH="103" HEIGHT="23">-</TD>
<TD WIDTH="41" HEIGHT="23" ALIGN="CENTER"></TD>
</TR>

<TR ACOPY="Y" ADELETE="Y" HEIGHT="30">
<TD ALIGN="CENTER" VALIGN="MIDDLE" WIDTH="78" HEIGHT="23" USERMARK="F-10 ">총계(a + b)</TD>
<TD ALIGN="CENTER" WIDTH="103" HEIGHT="23" USERMARK="F-10 ">14,704,110,000</TD>
<TD ALIGN="CENTER" WIDTH="62" HEIGHT="23" USERMARK="F-10 ">147,041</TD>
<TD ALIGN="CENTER" WIDTH="65" HEIGHT="23" USERMARK="F-10 ">33,187</TD>
<TD ALIGN="CENTER" WIDTH="108" HEIGHT="23" USERMARK="F-10 ">4,879,852,985</TD>
<TD ALIGN="CENTER" WIDTH="103" HEIGHT="23" USERMARK="F-10 ">4,879,852,985</TD>
<TD WIDTH="41" HEIGHT="23" ALIGN="CENTER"></TD>
</TR>
</TBODY>
</TABLE>
<P USERMARK="F-GL10 ">- 위 금액은 원화 환산금액입니다.(원화 환산금액은 2025년 12월 22일자 서울 외국환중개(주) 최초 고시 매매기준율 @1,477.80원/USD를 적용하여 표시하였음.)</P>
<P USERMARK="F-GL B">2. 발행비용</P>
<P USERMARK="F-GL10 ">(1) 인수수수료 : 해당사항 없음.</P>
<P USERMARK="F-GL10 ">(2) 발행분담금 : </P>

<TABLE ACLASS="NORMAL" WIDTH="410" BORDER="1" AFIXTABLE="N">

<COLGROUP WIDTH="410">
<COL WIDTH="305"></COL>
<COL WIDTH="105"></COL>
</COLGROUP>

<THEAD>

<TR ACOPY="Y" ADELETE="Y" HEIGHT="28">
<TH USERMARK="F-10 " WIDTH="296" HEIGHT="21">회차</TH>
<TH USERMARK="F-10 " WIDTH="96" HEIGHT="21">발행분담금</TH>
</TR>
</THEAD>

<TBODY>

<TR ACOPY="Y" ADELETE="N" HEIGHT="49">
<TD ALIGN="CENTER" VALIGN="MIDDLE" USERMARK="F-10 " WIDTH="296" HEIGHT="42">트루 파생결합사채(주가연계파생결합사채) 제2595회</TD>
<TD ALIGN="CENTER" VALIGN="MIDDLE" USERMARK="F-10 " WIDTH="96" HEIGHT="42">243,990 원</TD>
</TR>

<TR ACOPY="Y" ADELETE="N" HEIGHT="28">
<TD ALIGN="CENTER" VALIGN="MIDDLE" USERMARK="F-10 " WIDTH="296" HEIGHT="21">총  금  액</TD>
<TD ALIGN="CENTER" VALIGN="MIDDLE" USERMARK="F-10 " WIDTH="96" HEIGHT="21">243,990 원</TD>
</TR>
</TBODY>
</TABLE>
<P USERMARK="F-GL10 ">(3) 보   증   료 : 해당사항 없음.</P>
<P USERMARK="F-GL10 ">(4) 기 타 비 용 : 해당사항 없음.</P>
<P></P>
<P USERMARK="F-GL B">3. 자금사용예정내역</P>
<P USERMARK="F-GL10 ">(1) 개    요중도 및 만기상환금액의 헷지를 위하여, 납입된 자금의 일부 또는 전체를 본 증권과 유사한 내용의 주가연계파생결합사채을 매입하거나 기초자산 및 그와 관련된 파생상품 등의 운용에 사용할 계획입니다.(2) 사용내역기초자산과 관련되는 선물, 옵션 등의 파생상품 및 기초자산을 구성하는 주식 등의 매매를 위한 재원으로 사용됩니다.</P>
</SECTION-2>

<SECTION-2 ACLASS="MANDATORY">
<TITLE ATOC="Y" AASSOCNOTE="L-0-0-8-0" ATOCID="10" ENG="Ⅴ. Confirmed Details of the Projected Profit and Loss Structure">Ⅴ. 예상손익구조의 확정내용</TITLE>
<P USERMARK="F-GL10 B"><<트루 파생결합사채(주가연계파생결합사채) 제2595회>></P>
<P USERMARK="B 0XFF0000"></P>

<P USERMARK="F-GL10 ">
<SPAN USERMARK="B">가. 최초기준가격</SPAN>○ 최초기준가격 : 최초기준가격평가일 기초자산 종가○ 최초기준가격평가일 : 2026년 01월 05일
</P>

<P USERMARK="F-GL10 ">
<SPAN USERMARK="B">나. 자동조기상환</SPAN>
</P>
<P USERMARK="F-GL10 ">○ 어느 자동조기상환평가일에 자동조기상환 발생조건이 충족되는 경우 발행인은 해당 차수의 자동조기상환일에 해당 차수의 상환금액을 지급함으로써 본 증권을 상환</P>
<P USERMARK="F-GL10 ">○ 자동조기상환 발생조건</P>

<TABLE ACLASS="NORMAL" WIDTH="640" BORDER="1" AFIXTABLE="N">

<COLGROUP WIDTH="640">
<COL WIDTH="60"></COL>
<COL WIDTH="580"></COL>
</COLGROUP>

<THEAD>

<TR ACOPY="Y" ADELETE="Y" HEIGHT="30">
<TH WIDTH="51" HEIGHT="23" USERMARK="B">차수</TH>
<TH WIDTH="571" HEIGHT="23" USERMARK="B">자동조기상환 발생조건</TH>
</TR>
</THEAD>

<TBODY>

<TR ACOPY="Y" ADELETE="Y" HEIGHT="30">
<TD ALIGN="CENTER" WIDTH="51" HEIGHT="23">1차</TD>

<TD WIDTH="571" HEIGHT="23">기초자산의 1차 자동조기상환평가가격이 
<SPAN USERMARK="U">최초기준가격의 95% 이상인 경우</SPAN>
</TD>
</TR>

<TR ACOPY="Y" ADELETE="Y" HEIGHT="30">
<TD ALIGN="CENTER" WIDTH="51" HEIGHT="23">2차</TD>

<TD WIDTH="571" HEIGHT="23">기초자산의 2차 자동조기상환평가가격이 
<SPAN USERMARK="U">최초기준가격의 95% 이상인 경우</SPAN>
</TD>
</TR>

<TR ACOPY="Y" ADELETE="Y" HEIGHT="30">
<TD ALIGN="CENTER" WIDTH="51" HEIGHT="23">3차</TD>

<TD WIDTH="571" HEIGHT="23">기초자산의 3차 자동조기상환평가가격이 
<SPAN USERMARK="U">최초기준가격의 95% 이상인 경우</SPAN>
</TD>
</TR>

<TR ACOPY="Y" ADELETE="Y" HEIGHT="30">
<TD ALIGN="CENTER" WIDTH="51" HEIGHT="23">4차</TD>

<TD WIDTH="571" HEIGHT="23">기초자산의 4차 자동조기상환평가가격이 
<SPAN USERMARK="U">최초기준가격의 95% 이상인 경우</SPAN>
</TD>
</TR>

<TR ACOPY="Y" ADELETE="Y" HEIGHT="30">
<TD ALIGN="CENTER" WIDTH="51" HEIGHT="23">5차</TD>

<TD WIDTH="571" HEIGHT="23">기초자산의 5차 자동조기상환평가가격이 
<SPAN USERMARK="U">최초기준가격의 95% 이상인 경우</SPAN>
</TD>
</TR>
</TBODY>
</TABLE>
<P USERMARK="F-GL10 ">○ 자동조기상환평가가격 : 해당 차수 자동조기상환평가일 기초자산 종가</P>
<P USERMARK="F-GL10 ">○ 자동조기상환평가일 및 상환금액</P>

<TABLE ACLASS="NORMAL" WIDTH="600" BORDER="1" AFIXTABLE="N">

<COLGROUP WIDTH="600">
<COL WIDTH="81"></COL>
<COL WIDTH="259"></COL>
<COL WIDTH="260"></COL>
</COLGROUP>

<THEAD>

<TR ACOPY="Y" ADELETE="Y" HEIGHT="30">
<TH WIDTH="72" HEIGHT="23" USERMARK="B">차수</TH>
<TH WIDTH="250" HEIGHT="23" USERMARK="B">자동조기상환평가일</TH>
<TH WIDTH="251" HEIGHT="23" USERMARK="B">상환금액(USD)</TH>
</TR>
</THEAD>

<TBODY>

<TR ACOPY="Y" ADELETE="Y" HEIGHT="30">
<TD ALIGN="CENTER" VALIGN="MIDDLE" WIDTH="72" HEIGHT="23">1차</TD>
<TD ALIGN="CENTER" VALIGN="MIDDLE" WIDTH="250" HEIGHT="23">2026년 07월 06일</TD>
<TD ALIGN="CENTER" VALIGN="MIDDLE" WIDTH="251" HEIGHT="23">액면금액 × 100.00%</TD>
</TR>

<TR ACOPY="Y" ADELETE="Y" HEIGHT="30">
<TD ALIGN="CENTER" VALIGN="MIDDLE" WIDTH="72" HEIGHT="23">2차</TD>
<TD ALIGN="CENTER" VALIGN="MIDDLE" WIDTH="250" HEIGHT="23">2027년 01월 05일</TD>
<TD ALIGN="CENTER" VALIGN="MIDDLE" WIDTH="251" HEIGHT="23">액면금액 × 100.00%</TD>
</TR>

<TR ACOPY="Y" ADELETE="Y" HEIGHT="30">
<TD ALIGN="CENTER" VALIGN="MIDDLE" WIDTH="72" HEIGHT="23">3차</TD>
<TD ALIGN="CENTER" VALIGN="MIDDLE" WIDTH="250" HEIGHT="23">2027년 07월 05일</TD>
<TD ALIGN="CENTER" VALIGN="MIDDLE" WIDTH="251" HEIGHT="23">액면금액 × 100.00%</TD>
</TR>

<TR ACOPY="Y" ADELETE="Y" HEIGHT="30">
<TD ALIGN="CENTER" VALIGN="MIDDLE" WIDTH="72" HEIGHT="23">4차</TD>
<TD ALIGN="CENTER" VALIGN="MIDDLE" WIDTH="250" HEIGHT="23">2028년 01월 05일</TD>
<TD ALIGN="CENTER" VALIGN="MIDDLE" WIDTH="251" HEIGHT="23">액면금액 × 100.00%</TD>
</TR>

<TR ACOPY="Y" ADELETE="Y" HEIGHT="30">
<TD ALIGN="CENTER" VALIGN="MIDDLE" WIDTH="72" HEIGHT="23">5차</TD>
<TD ALIGN="CENTER" VALIGN="MIDDLE" WIDTH="250" HEIGHT="23">2028년 07월 05일</TD>
<TD ALIGN="CENTER" VALIGN="MIDDLE" WIDTH="251" HEIGHT="23">액면금액 × 100.00%</TD>
</TR>
</TBODY>
</TABLE>
<P USERMARK="F-GL10 ">○ 자동조기상환일 : 해당 차수 자동조기상환평가일(불포함) 후 2영업일</P>
<P USERMARK="F-GL10 ">○ 자동조기상환 발생에 따라 상환이 이루어진 경우 본 증권은 종료되고 발행인은 이후 본 증권에 대하여 여하한 추가적인 의무를 부담하지 않음.</P>

<P USERMARK="F-GL10 ">
<SPAN USERMARK="B">다. 월쿠폰지급</SPAN>○ 어느 쿠폰지급평가일에 쿠폰지급조건이 충족되는 경우 발행인은 해당 차수의 쿠폰지급일에 해당 쿠폰지급금액을 지급함○ 쿠폰지급조건 : 모든 기초자산의 해당차수 쿠폰지급평가가격이 각 최초기준가격의 85%이상인 경우
</P>
<P USERMARK="F-GL10 ">○ 쿠폰지급평가가격 : 해당 차수 쿠폰지급평가일의 각 기초자산 종가</P>
<P USERMARK="F-GL10 ">○ 쿠폰지급평가일(1차~36차) 및 지급금액</P>

<TABLE ACLASS="NORMAL" AFIXTABLE="N" WIDTH="634" BORDER="1">

<COLGROUP WIDTH="634">
<COL WIDTH="44"></COL>
<COL WIDTH="129"></COL>
<COL WIDTH="144"></COL>
<COL WIDTH="44"></COL>
<COL WIDTH="129"></COL>
<COL WIDTH="144"></COL>
</COLGROUP>

<THEAD>

<TR ACOPY="Y" ADELETE="Y" HEIGHT="30">
<TH WIDTH="35" HEIGHT="23" ACOPYCOL="Y" ADELETECOL="Y" AMOVECOL="N" USERMARK="B">차수</TH>
<TH WIDTH="120" HEIGHT="23" ACOPYCOL="Y" ADELETECOL="Y" AMOVECOL="N" USERMARK="B">쿠폰지급평가일</TH>
<TH WIDTH="135" HEIGHT="23" ACOPYCOL="Y" ADELETECOL="Y" AMOVECOL="N" USERMARK="B">지급금액</TH>
<TH WIDTH="35" HEIGHT="23" ACOPYCOL="Y" ADELETECOL="Y" AMOVECOL="N" USERMARK="B">차수</TH>
<TH WIDTH="120" HEIGHT="23" ACOPYCOL="Y" ADELETECOL="Y" AMOVECOL="N" USERMARK="B">쿠폰지급평가일</TH>
<TH WIDTH="135" HEIGHT="23" ACOPYCOL="Y" ADELETECOL="Y" AMOVECOL="N" USERMARK="B">지급금액</TH>
</TR>
</THEAD>

<TBODY>

<TR ACOPY="Y" ADELETE="Y" HEIGHT="30">
<TD VALIGN="MIDDLE" ALIGN="CENTER" WIDTH="35" HEIGHT="23">1차</TD>
<TD VALIGN="MIDDLE" ALIGN="CENTER" WIDTH="120" HEIGHT="23">2026년 02월 05일</TD>
<TD VALIGN="MIDDLE" ALIGN="CENTER" WIDTH="135" HEIGHT="23">액면금액 x 0.6%</TD>
<TD VALIGN="MIDDLE" ALIGN="CENTER" WIDTH="35" HEIGHT="23">19차</TD>
<TD VALIGN="MIDDLE" ALIGN="CENTER" WIDTH="120" HEIGHT="23">2027년 08월 05일</TD>
<TD VALIGN="MIDDLE" ALIGN="CENTER" WIDTH="135" HEIGHT="23">액면금액 x 0.6%</TD>
</TR>

<TR ACOPY="Y" ADELETE="Y" HEIGHT="30">
<TD VALIGN="MIDDLE" ALIGN="CENTER" WIDTH="35" HEIGHT="23">2차</TD>
<TD VALIGN="MIDDLE" ALIGN="CENTER" WIDTH="120" HEIGHT="23">2026년 03월 05일</TD>
<TD VALIGN="MIDDLE" ALIGN="CENTER" WIDTH="135" HEIGHT="23">액면금액 x 0.6%</TD>
<TD VALIGN="MIDDLE" ALIGN="CENTER" WIDTH="35" HEIGHT="23">20차</TD>
<TD VALIGN="MIDDLE" ALIGN="CENTER" WIDTH="120" HEIGHT="23">2027년 09월 06일</TD>
<TD VALIGN="MIDDLE" ALIGN="CENTER" WIDTH="135" HEIGHT="23">액면금액 x 0.6%</TD>
</TR>

<TR ACOPY="Y" ADELETE="Y" HEIGHT="30">
<TD VALIGN="MIDDLE" ALIGN="CENTER" WIDTH="35" HEIGHT="23">3차</TD>
<TD VALIGN="MIDDLE" ALIGN="CENTER" WIDTH="120" HEIGHT="23">2026년 04월 06일</TD>
<TD VALIGN="MIDDLE" ALIGN="CENTER" WIDTH="135" HEIGHT="23">액면금액 x 0.6%</TD>
<TD VALIGN="MIDDLE" ALIGN="CENTER" WIDTH="35" HEIGHT="23">21차</TD>
<TD VALIGN="MIDDLE" ALIGN="CENTER" WIDTH="120" HEIGHT="23">2027년 10월 05일</TD>
<TD VALIGN="MIDDLE" ALIGN="CENTER" WIDTH="135" HEIGHT="23">액면금액 x 0.6%</TD>
</TR>

<TR ACOPY="Y" ADELETE="Y" HEIGHT="30">
<TD VALIGN="MIDDLE" ALIGN="CENTER" WIDTH="35" HEIGHT="23">4차</TD>
<TD VALIGN="MIDDLE" ALIGN="CENTER" WIDTH="120" HEIGHT="23">2026년 05월 06일</TD>
<TD VALIGN="MIDDLE" ALIGN="CENTER" WIDTH="135" HEIGHT="23">액면금액 x 0.6%</TD>
<TD VALIGN="MIDDLE" ALIGN="CENTER" WIDTH="35" HEIGHT="23">22차</TD>
<TD VALIGN="MIDDLE" ALIGN="CENTER" WIDTH="120" HEIGHT="23">2027년 11월 05일</TD>
<TD VALIGN="MIDDLE" ALIGN="CENTER" WIDTH="135" HEIGHT="23">액면금액 x 0.6%</TD>
</TR>

<TR ACOPY="Y" ADELETE="Y" HEIGHT="30">
<TD VALIGN="MIDDLE" ALIGN="CENTER" WIDTH="35" HEIGHT="23">5차</TD>
<TD VALIGN="MIDDLE" ALIGN="CENTER" WIDTH="120" HEIGHT="23">2026년 06월 05일</TD>
<TD VALIGN="MIDDLE" ALIGN="CENTER" WIDTH="135" HEIGHT="23">액면금액 x 0.6%</TD>
<TD VALIGN="MIDDLE" ALIGN="CENTER" WIDTH="35" HEIGHT="23">23차</TD>
<TD VALIGN="MIDDLE" ALIGN="CENTER" WIDTH="120" HEIGHT="23">2027년 12월 06일</TD>
<TD VALIGN="MIDDLE" ALIGN="CENTER" WIDTH="135" HEIGHT="23">액면금액 x 0.6%</TD>
</TR>

<TR ACOPY="Y" ADELETE="Y" HEIGHT="30">
<TD VALIGN="MIDDLE" ALIGN="CENTER" WIDTH="35" HEIGHT="23">6차</TD>
<TD VALIGN="MIDDLE" ALIGN="CENTER" WIDTH="120" HEIGHT="23">2026년 07월 06일</TD>
<TD VALIGN="MIDDLE" ALIGN="CENTER" WIDTH="135" HEIGHT="23">액면금액 x 0.6%</TD>
<TD VALIGN="MIDDLE" ALIGN="CENTER" WIDTH="35" HEIGHT="23">24차</TD>
<TD VALIGN="MIDDLE" ALIGN="CENTER" WIDTH="120" HEIGHT="23">2028년 01월 05일</TD>
<TD VALIGN="MIDDLE" ALIGN="CENTER" WIDTH="135" HEIGHT="23">액면금액 x 0.6%</TD>
</TR>

<TR ACOPY="Y" ADELETE="Y" HEIGHT="30">
<TD VALIGN="MIDDLE" ALIGN="CENTER" WIDTH="35" HEIGHT="23">7차</TD>
<TD VALIGN="MIDDLE" ALIGN="CENTER" WIDTH="120" HEIGHT="23">2026년 08월 05일</TD>
<TD VALIGN="MIDDLE" ALIGN="CENTER" WIDTH="135" HEIGHT="23">액면금액 x 0.6%</TD>
<TD VALIGN="MIDDLE" ALIGN="CENTER" WIDTH="35" HEIGHT="23">25차</TD>
<TD VALIGN="MIDDLE" ALIGN="CENTER" WIDTH="120" HEIGHT="23">2028년 02월 07일</TD>
<TD VALIGN="MIDDLE" ALIGN="CENTER" WIDTH="135" HEIGHT="23">액면금액 x 0.6%</TD>
</TR>

<TR ACOPY="Y" ADELETE="Y" HEIGHT="30">
<TD VALIGN="MIDDLE" ALIGN="CENTER" WIDTH="35" HEIGHT="23">8차</TD>
<TD VALIGN="MIDDLE" ALIGN="CENTER" WIDTH="120" HEIGHT="23">2026년 09월 07일</TD>
<TD VALIGN="MIDDLE" ALIGN="CENTER" WIDTH="135" HEIGHT="23">액면금액 x 0.6%</TD>
<TD VALIGN="MIDDLE" ALIGN="CENTER" WIDTH="35" HEIGHT="23">26차</TD>
<TD VALIGN="MIDDLE" ALIGN="CENTER" WIDTH="120" HEIGHT="23">2028년 03월 06일</TD>
<TD VALIGN="MIDDLE" ALIGN="CENTER" WIDTH="135" HEIGHT="23">액면금액 x 0.6%</TD>
</TR>

<TR ACOPY="Y" ADELETE="Y" HEIGHT="30">
<TD VALIGN="MIDDLE" ALIGN="CENTER" WIDTH="35" HEIGHT="23">9차</TD>
<TD VALIGN="MIDDLE" ALIGN="CENTER" WIDTH="120" HEIGHT="23">2026년 10월 06일</TD>
<TD VALIGN="MIDDLE" ALIGN="CENTER" WIDTH="135" HEIGHT="23">액면금액 x 0.6%</TD>
<TD VALIGN="MIDDLE" ALIGN="CENTER" WIDTH="35" HEIGHT="23">27차</TD>
<TD VALIGN="MIDDLE" ALIGN="CENTER" WIDTH="120" HEIGHT="23">2028년 04월 05일</TD>
<TD VALIGN="MIDDLE" ALIGN="CENTER" WIDTH="135" HEIGHT="23">액면금액 x 0.6%</TD>
</TR>

<TR ACOPY="Y" ADELETE="Y" HEIGHT="30">
<TD VALIGN="MIDDLE" ALIGN="CENTER" WIDTH="35" HEIGHT="23">10차</TD>
<TD VALIGN="MIDDLE" ALIGN="CENTER" WIDTH="120" HEIGHT="23">2026년 11월 05일</TD>
<TD VALIGN="MIDDLE" ALIGN="CENTER" WIDTH="135" HEIGHT="23">액면금액 x 0.6%</TD>
<TD VALIGN="MIDDLE" ALIGN="CENTER" WIDTH="35" HEIGHT="23">28차</TD>
<TD VALIGN="MIDDLE" ALIGN="CENTER" WIDTH="120" HEIGHT="23">2028년 05월 08일</TD>
<TD VALIGN="MIDDLE" ALIGN="CENTER" WIDTH="135" HEIGHT="23">액면금액 x 0.6%</TD>
</TR>

<TR ACOPY="Y" ADELETE="Y" HEIGHT="30">
<TD VALIGN="MIDDLE" ALIGN="CENTER" WIDTH="35" HEIGHT="23">11차</TD>
<TD VALIGN="MIDDLE" ALIGN="CENTER" WIDTH="120" HEIGHT="23">2026년 12월 07일</TD>
<TD VALIGN="MIDDLE" ALIGN="CENTER" WIDTH="135" HEIGHT="23">액면금액 x 0.6%</TD>
<TD VALIGN="MIDDLE" ALIGN="CENTER" WIDTH="35" HEIGHT="23">29차</TD>
<TD VALIGN="MIDDLE" ALIGN="CENTER" WIDTH="120" HEIGHT="23">2028년 06월 05일</TD>
<TD VALIGN="MIDDLE" ALIGN="CENTER" WIDTH="135" HEIGHT="23">액면금액 x 0.6%</TD>
</TR>

<TR ACOPY="Y" ADELETE="Y" HEIGHT="30">
<TD VALIGN="MIDDLE" ALIGN="CENTER" WIDTH="35" HEIGHT="23">12차</TD>
<TD VALIGN="MIDDLE" ALIGN="CENTER" WIDTH="120" HEIGHT="23">2027년 01월 05일</TD>
<TD VALIGN="MIDDLE" ALIGN="CENTER" WIDTH="135" HEIGHT="23">액면금액 x 0.6%</TD>
<TD VALIGN="MIDDLE" ALIGN="CENTER" WIDTH="35" HEIGHT="23">30차</TD>
<TD VALIGN="MIDDLE" ALIGN="CENTER" WIDTH="120" HEIGHT="23">2028년 07월 05일</TD>
<TD VALIGN="MIDDLE" ALIGN="CENTER" WIDTH="135" HEIGHT="23">액면금액 x 0.6%</TD>
</TR>

<TR ACOPY="Y" ADELETE="Y" HEIGHT="30">
<TD VALIGN="MIDDLE" ALIGN="CENTER" WIDTH="35" HEIGHT="23">13차</TD>
<TD VALIGN="MIDDLE" ALIGN="CENTER" WIDTH="120" HEIGHT="23">2027년 02월 05일</TD>
<TD VALIGN="MIDDLE" ALIGN="CENTER" WIDTH="135" HEIGHT="23">액면금액 x 0.6%</TD>
<TD VALIGN="MIDDLE" ALIGN="CENTER" WIDTH="35" HEIGHT="23">31차</TD>
<TD VALIGN="MIDDLE" ALIGN="CENTER" WIDTH="120" HEIGHT="23">2028년 08월 07일</TD>
<TD VALIGN="MIDDLE" ALIGN="CENTER" WIDTH="135" HEIGHT="23">액면금액 x 0.6%</TD>
</TR>

<TR ACOPY="Y" ADELETE="Y" HEIGHT="30">
<TD VALIGN="MIDDLE" ALIGN="CENTER" WIDTH="35" HEIGHT="23">14차</TD>
<TD VALIGN="MIDDLE" ALIGN="CENTER" WIDTH="120" HEIGHT="23">2027년 03월 05일</TD>
<TD VALIGN="MIDDLE" ALIGN="CENTER" WIDTH="135" HEIGHT="23">액면금액 x 0.6%</TD>
<TD VALIGN="MIDDLE" ALIGN="CENTER" WIDTH="35" HEIGHT="23">32차</TD>
<TD VALIGN="MIDDLE" ALIGN="CENTER" WIDTH="120" HEIGHT="23">2028년 09월 05일</TD>
<TD VALIGN="MIDDLE" ALIGN="CENTER" WIDTH="135" HEIGHT="23">액면금액 x 0.6%</TD>
</TR>

<TR ACOPY="Y" ADELETE="Y" HEIGHT="30">
<TD VALIGN="MIDDLE" ALIGN="CENTER" WIDTH="35" HEIGHT="23">15차</TD>
<TD VALIGN="MIDDLE" ALIGN="CENTER" WIDTH="120" HEIGHT="23">2027년 04월 05일</TD>
<TD VALIGN="MIDDLE" ALIGN="CENTER" WIDTH="135" HEIGHT="23">액면금액 x 0.6%</TD>
<TD VALIGN="MIDDLE" ALIGN="CENTER" WIDTH="35" HEIGHT="23">33차</TD>
<TD VALIGN="MIDDLE" ALIGN="CENTER" WIDTH="120" HEIGHT="23">2028년 10월 06일</TD>
<TD VALIGN="MIDDLE" ALIGN="CENTER" WIDTH="135" HEIGHT="23">액면금액 x 0.6%</TD>
</TR>

<TR ACOPY="Y" ADELETE="Y" HEIGHT="30">
<TD VALIGN="MIDDLE" ALIGN="CENTER" WIDTH="35" HEIGHT="23">16차</TD>
<TD VALIGN="MIDDLE" ALIGN="CENTER" WIDTH="120" HEIGHT="23">2027년 05월 06일</TD>
<TD VALIGN="MIDDLE" ALIGN="CENTER" WIDTH="135" HEIGHT="23">액면금액 x 0.6%</TD>
<TD VALIGN="MIDDLE" ALIGN="CENTER" WIDTH="35" HEIGHT="23">34차</TD>
<TD VALIGN="MIDDLE" ALIGN="CENTER" WIDTH="120" HEIGHT="23">2028년 11월 06일</TD>
<TD VALIGN="MIDDLE" ALIGN="CENTER" WIDTH="135" HEIGHT="23">액면금액 x 0.6%</TD>
</TR>

<TR ACOPY="Y" ADELETE="Y" HEIGHT="30">
<TD VALIGN="MIDDLE" ALIGN="CENTER" WIDTH="35" HEIGHT="23">17차</TD>
<TD VALIGN="MIDDLE" ALIGN="CENTER" WIDTH="120" HEIGHT="23">2027년 06월 07일</TD>
<TD VALIGN="MIDDLE" ALIGN="CENTER" WIDTH="135" HEIGHT="23">액면금액 x 0.6%</TD>
<TD VALIGN="MIDDLE" ALIGN="CENTER" WIDTH="35" HEIGHT="23">35차</TD>
<TD VALIGN="MIDDLE" ALIGN="CENTER" WIDTH="120" HEIGHT="23">2028년 12월 05일</TD>
<TD VALIGN="MIDDLE" ALIGN="CENTER" WIDTH="135" HEIGHT="23">액면금액 x 0.6%</TD>
</TR>

<TR ACOPY="Y" ADELETE="Y" HEIGHT="30">
<TD VALIGN="MIDDLE" ALIGN="CENTER" WIDTH="35" HEIGHT="23">18차</TD>
<TD VALIGN="MIDDLE" ALIGN="CENTER" WIDTH="120" HEIGHT="23">2027년 07월 05일</TD>
<TD VALIGN="MIDDLE" ALIGN="CENTER" WIDTH="135" HEIGHT="23">액면금액 x 0.6%</TD>
<TD VALIGN="MIDDLE" ALIGN="CENTER" WIDTH="35" HEIGHT="23">36차</TD>
<TD VALIGN="MIDDLE" ALIGN="CENTER" WIDTH="120" HEIGHT="23">2029년 01월 05일</TD>
<TD VALIGN="MIDDLE" ALIGN="CENTER" WIDTH="135" HEIGHT="23">액면금액 x 0.6%</TD>
</TR>
</TBODY>
</TABLE>
<P USERMARK="F-GL10 ">○ 쿠폰지급일 : 해당 쿠폰지급평가일(불포함) 후 2영업일</P>

<P USERMARK="F-GL10 ">
<SPAN USERMARK="B">라. 만기상환</SPAN>
</P>
<P USERMARK="F-GL10 ">○ 자동조기상환이 발생하지 않은 경우 발행인은 만기일에 아래 만기상환금액 결정조건에 따라 결정된 상환금액을 지급함으로써 본 증권을 상환함.</P>

<TABLE ACLASS="NORMAL" WIDTH="600" BORDER="1" AFIXTABLE="N">

<COLGROUP WIDTH="600">
<COL WIDTH="430"></COL>
<COL WIDTH="170"></COL>
</COLGROUP>

<THEAD>

<TR ACOPY="Y" ADELETE="Y" HEIGHT="30">
<TH HEIGHT="23" USERMARK="B" WIDTH="421">만기상환금액 결정조건</TH>
<TH HEIGHT="23" USERMARK="B" WIDTH="161">상환금액(USD)</TH>
</TR>
</THEAD>

<TBODY>

<TR ACOPY="Y" ADELETE="Y" HEIGHT="53">

<TD WIDTH="421" HEIGHT="46">① 기초자산의 만기평가가격이 
<SPAN USERMARK="U">최초기준가격의 95% 이상인 경우</SPAN>
</TD>
<TD ALIGN="CENTER" VALIGN="MIDDLE" WIDTH="161" HEIGHT="46">액면금액×100.00%(원금지급)</TD>
</TR>

<TR ACOPY="Y" ADELETE="Y" HEIGHT="53">

<TD WIDTH="421" HEIGHT="46">② 기초자산의 만기평가가격이 
<SPAN USERMARK="U">최초기준가격의 95% 미만인 경우</SPAN>
</TD>
<TD ALIGN="CENTER" VALIGN="MIDDLE" WIDTH="161" HEIGHT="46">액면금액×100.00%(원금지급)</TD>
</TR>
</TBODY>
</TABLE>
<P USERMARK="F-GL10 "></P>
<P USERMARK="F-GL10 ">○ 만기평가가격 : 만기평가일 기초자산 종가○ 만기평가일 : 2029년 01월 05일○ 최종관찰일 : 2029년 01월 05일○ 만기일       : 2029년 01월 09일                      (만기일 결정 방식 : 최종관찰일(불포함) 후 2영업일)</P>
<P></P>
</SECTION-2>
</LIBRARY>

</SECTION-1>
</BODY>
</DOCUMENT>