<?xml version="1.0" encoding="utf-8"?>


<DOCUMENT xmlns:xsi="http://www.w3.org/2001/XMLSchema-instance" xsi:noNamespaceSchemaLocation="dart4.xsd">

<DOCUMENT-NAME ACODE="00691">신탁계약등에의한취득상황보고서</DOCUMENT-NAME>
<FORMULA-VERSION SUBVER="1" ADATE="20150303">6.0</FORMULA-VERSION>
<COMPANY-NAME AREGCIK="00135795">(주)신도리코</COMPANY-NAME>


<BODY ATOCID="11">

<COVER>
<COVER-TITLE ATOC="Y" AASSOCNOTE="COVER" ENG="Acquisition Status Report under Trust Contract" ATOCID="1">신탁계약에의한 취득상황보고서</COVER-TITLE>

<TABLE ACLASS="NORMAL" AFIXTABLE="N" WIDTH="600" BORDER="0">

<COLGROUP WIDTH="600">
<COL WIDTH="161"></COL>
<COL WIDTH="439"></COL>
</COLGROUP>

<TBODY>

<TR ACOPY="Y" ADELETE="Y" HEIGHT="53">
<TD CLASS="NORMAL" COLSPAN="2" WIDTH="591" HEIGHT="46"></TD>
</TR>

<TR ACOPY="Y" ADELETE="Y" HEIGHT="30">
<TD CLASS="NORMAL" WIDTH="152" HEIGHT="23">금융감독원장 귀하</TD>
<TD CLASS="NORMAL" ALIGN="RIGHT" WIDTH="430" HEIGHT="23">2026년 1월 5일</TD>
</TR>

<TR ACOPY="Y" ADELETE="Y" HEIGHT="53">
<TD CLASS="NORMAL" WIDTH="152" HEIGHT="46"></TD>
<TD CLASS="NORMAL" WIDTH="430" HEIGHT="46"></TD>
</TR>

<TR ACOPY="Y" ADELETE="Y" HEIGHT="53">
<TD CLASS="NORMAL" WIDTH="152" HEIGHT="46">회       사       명 :</TD>
<TD CLASS="NORMAL" WIDTH="430" HEIGHT="46">주식회사 신도리코</TD>
</TR>

<TR ACOPY="Y" ADELETE="Y" HEIGHT="53">
<TD CLASS="NORMAL" WIDTH="152" HEIGHT="46">대   표     이   사 :</TD>
<TD CLASS="NORMAL" WIDTH="430" HEIGHT="46">서 동 규</TD>
</TR>

<TR ACOPY="Y" ADELETE="Y" HEIGHT="30">
<TD CLASS="NORMAL" WIDTH="152" HEIGHT="23">본  점  소  재  지 :</TD>
<TD CLASS="NORMAL" WIDTH="430" HEIGHT="23">서울특별시 성동구  성수이로24길 3</TD>
</TR>

<TR ACOPY="Y" ADELETE="Y" HEIGHT="30">
<TD CLASS="NORMAL" WIDTH="152" HEIGHT="23"></TD>
<TD CLASS="NORMAL" WIDTH="430" HEIGHT="23">(전  화) 02-460-1114</TD>
</TR>

<TR ACOPY="Y" ADELETE="Y" HEIGHT="30">
<TD CLASS="NORMAL" WIDTH="152" HEIGHT="23"></TD>
<TD CLASS="NORMAL" WIDTH="430" HEIGHT="23">(홈페이지) https://www.sindoh.com</TD>
</TR>

<TR ACOPY="Y" ADELETE="Y" HEIGHT="30">
<TD CLASS="NORMAL" WIDTH="152" HEIGHT="23"></TD>
<TD CLASS="NORMAL" WIDTH="430" HEIGHT="23"></TD>
</TR>

<TR ACOPY="Y" ADELETE="Y" HEIGHT="30">
<TD CLASS="NORMAL" WIDTH="152" HEIGHT="23">작  성  책  임  자 :</TD>
<TD CLASS="NORMAL" WIDTH="430" HEIGHT="23">(직  책) 상무이사             (성  명) 김 희 수</TD>
</TR>

<TR ACOPY="Y" ADELETE="Y" HEIGHT="30">
<TD CLASS="NORMAL" WIDTH="152" HEIGHT="23"></TD>
<TD CLASS="NORMAL" WIDTH="430" HEIGHT="23">(전  화) 02-460-1114</TD>
</TR>

<TR ACOPY="Y" ADELETE="Y" HEIGHT="53">
<TD CLASS="NORMAL" WIDTH="152" HEIGHT="46"></TD>
<TD CLASS="NORMAL" WIDTH="430" HEIGHT="46"></TD>
</TR>
</TBODY>
</TABLE>
<PGBRK></PGBRK>
</COVER>

<SECTION-1 ACLASS="MANDATORY" APARTSOURCE="SOURCE">

<SECTION-2 ACLASS="MANDATORY">
<TITLE ATOC="Y" ENG="1. Issuer’s name and address" ATOCID="2">1. 발행인의 명칭 및 주소</TITLE>

<SECTION-3 ACLASS="MANDATORY">
<TITLE ATOC="Y" ENG="A. Name:" ATOCID="3">가. 명  칭 :</TITLE>
<P>주식회사 신도리코</P>
</SECTION-3>

<SECTION-3 ACLASS="MANDATORY">
<TITLE ATOC="Y" ENG="B. Address:" ATOCID="4">나. 주  소 :</TITLE>
<P>서울특별시 성동구  성수이로24길 3</P>
</SECTION-3>
</SECTION-2>

<SECTION-2 ACLASS="MANDATORY">
<TITLE ATOC="Y" ENG="2. Matters related to reporting on the trust contract conclusion" ATOCID="5">2. 신탁계약 체결 보고에 관한 사항</TITLE>

<SECTION-3 ACLASS="MANDATORY">
<TITLE ATOC="Y" ENG="A. Submission date of Report on Major Issues regarding the trust contract:" ATOCID="6">가. 신탁계약 체결 주요사항보고서 제출일 :</TITLE>
<P>2025.09.30</P>
</SECTION-3>

<SECTION-3 ACLASS="MANDATORY">
<TITLE ATOC="Y" ENG="B. Name of the trust company" ATOCID="7">나. 체결 신탁업자의 명칭 :</TITLE>

<TABLE-GROUP ACLASS="CNS_CRP" ADELETETABLE="N">

<TABLE ACLASS="EXTRACTION" AFIXTABLE="Y" WIDTH="441" BORDER="0">

<COLGROUP WIDTH="441">
<COL WIDTH="128"></COL>
<COL WIDTH="313"></COL>
</COLGROUP>

<TBODY>

<TR ACOPY="N" ADELETE="N" HEIGHT="30">
<TD VALIGN="MIDDLE" WIDTH="119" HEIGHT="23" AUPDATECONT="N" ENG="Company name :">회사명 :</TD>
<TD VALIGN="MIDDLE" WIDTH="304" HEIGHT="23">삼성증권(Samsung Securities Co.,Ltd)</TD>
</TR>

<TR ACOPY="Y" ADELETE="N" HEIGHT="30">
<TD VALIGN="MIDDLE" WIDTH="119" HEIGHT="23" AUPDATECONT="N" ENG="Corporation code:">회사고유번호 :</TD>
<TE VALIGN="MIDDLE" WIDTH="304" HEIGHT="23" ACODE="CNS_CRP">00104856</TE>
</TR>
</TBODY>
</TABLE>
</TABLE-GROUP>
<P></P>
</SECTION-3>
</SECTION-2>

<SECTION-2 ACLASS="MANDATORY">
<TITLE ATOC="Y" AASSOCNOTE="D-0-1-3-0" ENG="3.  Details of the acquisition of stocks issued by the relevant corporation through a trust contract" ATOCID="8">3. 신탁계약을 통한 해당법인 발행주식 취득내용</TITLE>

<TABLE-GROUP ACLASS="ACQ_DSP" ADELETETABLE="N">

<TABLE ACLASS="EXTRACTION" AFIXTABLE="Y" WIDTH="600" BORDER="0">

<COLGROUP WIDTH="600">
<COL WIDTH="300"></COL>
<COL WIDTH="300"></COL>
</COLGROUP>

<TBODY>

<TR ACOPY="Y" ADELETE="Y" HEIGHT="30">
<TD WIDTH="291" HEIGHT="23"></TD>
<TU ALIGN="RIGHT" WIDTH="291" HEIGHT="23" AUNIT="WONSTOCK" AUNITVALUE="7" ENG="(Unit: KRW million, shares)">(단위 : 백만원, 주)</TU>
</TR>
</TBODY>
</TABLE>

<TABLE ACLASS="EXTRACTION" AFIXTABLE="N" WIDTH="747" BORDER="1">

<COLGROUP WIDTH="747">
<COL WIDTH="112"></COL>
<COL WIDTH="84"></COL>
<COL WIDTH="78"></COL>
<COL WIDTH="77"></COL>
<COL WIDTH="75"></COL>
<COL WIDTH="126"></COL>
<COL WIDTH="99"></COL>
<COL WIDTH="96"></COL>
</COLGROUP>

<THEAD>

<TR ACOPY="N" ADELETE="N" HEIGHT="30">
<TH ROWSPAN="2" VALIGN="MIDDLE" WIDTH="103" ACOPYCOL="N" ADELETECOL="N" AMOVECOL="N" AUPDATECONT="N" ENG="Date" HEIGHT="53">일  자</TH>
<TH ROWSPAN="2" VALIGN="MIDDLE" WIDTH="75" ACOPYCOL="N" ADELETECOL="N" AMOVECOL="N" AUPDATECONT="N" ENG="Class" HEIGHT="53">종  류</TH>
<TH COLSPAN="2" VALIGN="MIDDLE" WIDTH="146" ACOPYCOL="N" ADELETECOL="N" AMOVECOL="N" AUPDATECONT="N" ENG="Quantity" HEIGHT="23">수  량</TH>
<TH ROWSPAN="2" VALIGN="MIDDLE" WIDTH="66" ACOPYCOL="N" ADELETECOL="N" AMOVECOL="N" AUPDATECONT="N" ENG="Price per share (KRW)" HEIGHT="53">1주당가  액</TH>
<TH ROWSPAN="2" VALIGN="MIDDLE" WIDTH="117" ACOPYCOL="N" ADELETECOL="N" AMOVECOL="N" AUPDATECONT="N" ENG="Total price" HEIGHT="53">총 가 액</TH>
<TH COLSPAN="2" VALIGN="MIDDLE" WIDTH="186" ACOPYCOL="N" ADELETECOL="N" AMOVECOL="N" AUPDATECONT="N" ENG="Entrusted securities company" HEIGHT="23">위탁 증권회사</TH>
</TR>

<TR ACOPY="N" ADELETE="N" HEIGHT="30">
<TH VALIGN="MIDDLE" ACOPYCOL="N" ADELETECOL="N" AMOVECOL="Y" AUPDATECONT="N" ENG="Acquisition quantity" WIDTH="69" HEIGHT="23">취득수량</TH>
<TH VALIGN="MIDDLE" ACOPYCOL="N" ADELETECOL="N" AMOVECOL="Y" AUPDATECONT="N" ENG="Disposal quantity" WIDTH="68" HEIGHT="23">처분수량</TH>
<TH VALIGN="MIDDLE" ACOPYCOL="N" ADELETECOL="N" AMOVECOL="Y" AUPDATECONT="N" ENG="Financial investment business entity" WIDTH="90" HEIGHT="23">금융투자업자</TH>
<TH VALIGN="MIDDLE" ACOPYCOL="N" ADELETECOL="N" AMOVECOL="Y" AUPDATECONT="N" ENG="Corporation code" WIDTH="87" HEIGHT="23">고유번호</TH>
</TR>
</THEAD>

<TBODY>

<TR ACOPY="Y" ADELETE="N" HEIGHT="31">
<TU ALIGN="CENTER" AUNIT="ACQ_DSP_DT" AUNITVALUE="20251010" WIDTH="103" HEIGHT="24">2025.10.10</TU>
<TU ALIGN="CENTER" AUNIT="STK_KND" AUNITVALUE="6" WIDTH="75" HEIGHT="24">보통주식</TU>
<TE ALIGN="RIGHT" ACODE="ACQ_CNT" USERMARK="F-12 " VALIGN="MIDDLE" WIDTH="69" HEIGHT="24">2,000</TE>
<TE ALIGN="RIGHT" ACODE="DSP_CNT" USERMARK="F-12 " VALIGN="MIDDLE" WIDTH="68" HEIGHT="24">-</TE>
<TE ALIGN="RIGHT" ACODE="STK_VAL" USERMARK="F-12 " VALIGN="MIDDLE" WIDTH="66" HEIGHT="24">43,221</TE>
<TE ALIGN="RIGHT" ACODE="STK_VAL_TOT" USERMARK="F-12 " VALIGN="MIDDLE" WIDTH="117" HEIGHT="24">86,443,400 </TE>
<TD ALIGN="CENTER" USERMARK="F-12 " VALIGN="MIDDLE" WIDTH="90" HEIGHT="24"> 삼성증권 </TD>
<TE ALIGN="CENTER" ACODE="SCR_CIK" USERMARK="F-12 " VALIGN="MIDDLE" WIDTH="87" HEIGHT="24"> 00104856 </TE>
</TR>

<TR ACOPY="Y" ADELETE="Y" HEIGHT="31">
<TU ALIGN="CENTER" AUNIT="ACQ_DSP_DT" AUNITVALUE="20251013" WIDTH="103" HEIGHT="24">2025.10.13</TU>
<TU ALIGN="CENTER" AUNIT="STK_KND" AUNITVALUE="6" WIDTH="75" HEIGHT="24">보통주식</TU>
<TE ALIGN="RIGHT" ACODE="ACQ_CNT" USERMARK="F-12 " VALIGN="MIDDLE" WIDTH="69" HEIGHT="24"> 2,000</TE>
<TE ALIGN="RIGHT" ACODE="DSP_CNT" USERMARK="F-12 " VALIGN="MIDDLE" WIDTH="68" HEIGHT="24">-</TE>
<TE ALIGN="RIGHT" ACODE="STK_VAL" USERMARK="F-12 " VALIGN="MIDDLE" WIDTH="66" HEIGHT="24">   43,822</TE>
<TE ALIGN="RIGHT" ACODE="STK_VAL_TOT" USERMARK="F-12 " VALIGN="MIDDLE" WIDTH="117" HEIGHT="24">       87,644,000</TE>
<TD ALIGN="CENTER" USERMARK="F-12 " VALIGN="MIDDLE" WIDTH="90" HEIGHT="24"> 삼성증권 </TD>
<TE ALIGN="CENTER" ACODE="SCR_CIK" USERMARK="F-12 " VALIGN="MIDDLE" WIDTH="87" HEIGHT="24"> 00104856 </TE>
</TR>

<TR ACOPY="Y" ADELETE="Y" HEIGHT="31">
<TU ALIGN="CENTER" AUNIT="ACQ_DSP_DT" AUNITVALUE="20251014" WIDTH="103" HEIGHT="24">2025.10.14</TU>
<TU ALIGN="CENTER" AUNIT="STK_KND" AUNITVALUE="6" WIDTH="75" HEIGHT="24">보통주식</TU>
<TE ALIGN="RIGHT" ACODE="ACQ_CNT" USERMARK="F-12 " VALIGN="MIDDLE" WIDTH="69" HEIGHT="24">2,000</TE>
<TE ALIGN="RIGHT" ACODE="DSP_CNT" USERMARK="F-12 " VALIGN="MIDDLE" WIDTH="68" HEIGHT="24">-</TE>
<TE ALIGN="RIGHT" ACODE="STK_VAL" USERMARK="F-12 " VALIGN="MIDDLE" WIDTH="66" HEIGHT="24">44,070</TE>
<TE ALIGN="RIGHT" ACODE="STK_VAL_TOT" USERMARK="F-12 " VALIGN="MIDDLE" WIDTH="117" HEIGHT="24">88,140,900</TE>
<TD ALIGN="CENTER" USERMARK="F-12 " VALIGN="MIDDLE" WIDTH="90" HEIGHT="24"> 삼성증권 </TD>
<TE ALIGN="CENTER" ACODE="SCR_CIK" USERMARK="F-12 " VALIGN="MIDDLE" WIDTH="87" HEIGHT="24"> 00104856 </TE>
</TR>

<TR ACOPY="Y" ADELETE="Y" HEIGHT="31">
<TU ALIGN="CENTER" AUNIT="ACQ_DSP_DT" AUNITVALUE="20251015" WIDTH="103" HEIGHT="24">2025.10.15</TU>
<TU ALIGN="CENTER" AUNIT="STK_KND" AUNITVALUE="6" WIDTH="75" HEIGHT="24">보통주식</TU>
<TE ALIGN="RIGHT" ACODE="ACQ_CNT" USERMARK="F-12 " VALIGN="MIDDLE" WIDTH="69" HEIGHT="24">2,000</TE>
<TE ALIGN="RIGHT" ACODE="DSP_CNT" USERMARK="F-12 " VALIGN="MIDDLE" WIDTH="68" HEIGHT="24">-</TE>
<TE ALIGN="RIGHT" ACODE="STK_VAL" USERMARK="F-12 " VALIGN="MIDDLE" WIDTH="66" HEIGHT="24">44,517</TE>
<TE ALIGN="RIGHT" ACODE="STK_VAL_TOT" USERMARK="F-12 " VALIGN="MIDDLE" WIDTH="117" HEIGHT="24">89,035,250</TE>
<TD ALIGN="CENTER" USERMARK="F-12 " VALIGN="MIDDLE" WIDTH="90" HEIGHT="24"> 삼성증권 </TD>
<TE ALIGN="CENTER" ACODE="SCR_CIK" USERMARK="F-12 " VALIGN="MIDDLE" WIDTH="87" HEIGHT="24"> 00104856 </TE>
</TR>

<TR ACOPY="Y" ADELETE="Y" HEIGHT="31">
<TU ALIGN="CENTER" AUNIT="ACQ_DSP_DT" AUNITVALUE="20251016" WIDTH="103" HEIGHT="24">2025.10.16</TU>
<TU ALIGN="CENTER" AUNIT="STK_KND" AUNITVALUE="6" WIDTH="75" HEIGHT="24">보통주식</TU>
<TE ALIGN="RIGHT" ACODE="ACQ_CNT" USERMARK="F-12 " VALIGN="MIDDLE" WIDTH="69" HEIGHT="24">   2,000</TE>
<TE ALIGN="RIGHT" ACODE="DSP_CNT" USERMARK="F-12 " VALIGN="MIDDLE" WIDTH="68" HEIGHT="24">-</TE>
<TE ALIGN="RIGHT" ACODE="STK_VAL" USERMARK="F-12 " VALIGN="MIDDLE" WIDTH="66" HEIGHT="24">44,191</TE>
<TE ALIGN="RIGHT" ACODE="STK_VAL_TOT" USERMARK="F-12 " VALIGN="MIDDLE" WIDTH="117" HEIGHT="24">88,382,000</TE>
<TD ALIGN="CENTER" USERMARK="F-12 " VALIGN="MIDDLE" WIDTH="90" HEIGHT="24"> 삼성증권 </TD>
<TE ALIGN="CENTER" ACODE="SCR_CIK" USERMARK="F-12 " VALIGN="MIDDLE" WIDTH="87" HEIGHT="24"> 00104856 </TE>
</TR>

<TR ACOPY="Y" ADELETE="Y" HEIGHT="31">
<TU ALIGN="CENTER" AUNIT="ACQ_DSP_DT" AUNITVALUE="20251017" WIDTH="103" HEIGHT="24">2025.10.17</TU>
<TU ALIGN="CENTER" AUNIT="STK_KND" AUNITVALUE="6" WIDTH="75" HEIGHT="24">보통주식</TU>
<TE ALIGN="RIGHT" ACODE="ACQ_CNT" USERMARK="F-12 " VALIGN="MIDDLE" WIDTH="69" HEIGHT="24">    2,000</TE>
<TE ALIGN="RIGHT" ACODE="DSP_CNT" USERMARK="F-12 " VALIGN="MIDDLE" WIDTH="68" HEIGHT="24">-</TE>
<TE ALIGN="RIGHT" ACODE="STK_VAL" USERMARK="F-12 " VALIGN="MIDDLE" WIDTH="66" HEIGHT="24">43,440</TE>
<TE ALIGN="RIGHT" ACODE="STK_VAL_TOT" USERMARK="F-12 " VALIGN="MIDDLE" WIDTH="117" HEIGHT="24">86,881,250</TE>
<TD ALIGN="CENTER" USERMARK="F-12 " VALIGN="MIDDLE" WIDTH="90" HEIGHT="24"> 삼성증권 </TD>
<TE ALIGN="CENTER" ACODE="SCR_CIK" USERMARK="F-12 " VALIGN="MIDDLE" WIDTH="87" HEIGHT="24"> 00104856 </TE>
</TR>

<TR ACOPY="Y" ADELETE="Y" HEIGHT="31">
<TU ALIGN="CENTER" AUNIT="ACQ_DSP_DT" AUNITVALUE="20251020" WIDTH="103" HEIGHT="24">2025.10.20</TU>
<TU ALIGN="CENTER" AUNIT="STK_KND" AUNITVALUE="6" WIDTH="75" HEIGHT="24">보통주식</TU>
<TE ALIGN="RIGHT" ACODE="ACQ_CNT" USERMARK="F-12 " VALIGN="MIDDLE" WIDTH="69" HEIGHT="24">     2,000</TE>
<TE ALIGN="RIGHT" ACODE="DSP_CNT" USERMARK="F-12 " VALIGN="MIDDLE" WIDTH="68" HEIGHT="24">-</TE>
<TE ALIGN="RIGHT" ACODE="STK_VAL" USERMARK="F-12 " VALIGN="MIDDLE" WIDTH="66" HEIGHT="24">43,292</TE>
<TE ALIGN="RIGHT" ACODE="STK_VAL_TOT" USERMARK="F-12 " VALIGN="MIDDLE" WIDTH="117" HEIGHT="24">86,584,000</TE>
<TD ALIGN="CENTER" USERMARK="F-12 " VALIGN="MIDDLE" WIDTH="90" HEIGHT="24"> 삼성증권 </TD>
<TE ALIGN="CENTER" ACODE="SCR_CIK" USERMARK="F-12 " VALIGN="MIDDLE" WIDTH="87" HEIGHT="24"> 00104856 </TE>
</TR>

<TR ACOPY="Y" ADELETE="Y" HEIGHT="31">
<TU ALIGN="CENTER" AUNIT="ACQ_DSP_DT" AUNITVALUE="20251021" WIDTH="103" HEIGHT="24">2025.10.21</TU>
<TU ALIGN="CENTER" AUNIT="STK_KND" AUNITVALUE="6" WIDTH="75" HEIGHT="24">보통주식</TU>
<TE ALIGN="RIGHT" ACODE="ACQ_CNT" USERMARK="F-12 " VALIGN="MIDDLE" WIDTH="69" HEIGHT="24">     2,000</TE>
<TE ALIGN="RIGHT" ACODE="DSP_CNT" USERMARK="F-12 " VALIGN="MIDDLE" WIDTH="68" HEIGHT="24">-</TE>
<TE ALIGN="RIGHT" ACODE="STK_VAL" USERMARK="F-12 " VALIGN="MIDDLE" WIDTH="66" HEIGHT="24">43,660</TE>
<TE ALIGN="RIGHT" ACODE="STK_VAL_TOT" USERMARK="F-12 " VALIGN="MIDDLE" WIDTH="117" HEIGHT="24">  87,320,450</TE>
<TD ALIGN="CENTER" USERMARK="F-12 " VALIGN="MIDDLE" WIDTH="90" HEIGHT="24"> 삼성증권 </TD>
<TE ALIGN="CENTER" ACODE="SCR_CIK" USERMARK="F-12 " VALIGN="MIDDLE" WIDTH="87" HEIGHT="24"> 00104856 </TE>
</TR>

<TR ACOPY="Y" ADELETE="Y" HEIGHT="31">
<TU ALIGN="CENTER" AUNIT="ACQ_DSP_DT" AUNITVALUE="20251022" WIDTH="103" HEIGHT="24">2025.10.22</TU>
<TU ALIGN="CENTER" AUNIT="STK_KND" AUNITVALUE="6" WIDTH="75" HEIGHT="24">보통주식</TU>
<TE ALIGN="RIGHT" ACODE="ACQ_CNT" USERMARK="F-12 " VALIGN="MIDDLE" WIDTH="69" HEIGHT="24">    2,000</TE>
<TE ALIGN="RIGHT" ACODE="DSP_CNT" USERMARK="F-12 " VALIGN="MIDDLE" WIDTH="68" HEIGHT="24">-</TE>
<TE ALIGN="RIGHT" ACODE="STK_VAL" USERMARK="F-12 " VALIGN="MIDDLE" WIDTH="66" HEIGHT="24">43,667</TE>
<TE ALIGN="RIGHT" ACODE="STK_VAL_TOT" USERMARK="F-12 " VALIGN="MIDDLE" WIDTH="117" HEIGHT="24">87,335,700</TE>
<TD ALIGN="CENTER" USERMARK="F-12 " VALIGN="MIDDLE" WIDTH="90" HEIGHT="24"> 삼성증권 </TD>
<TE ALIGN="CENTER" ACODE="SCR_CIK" USERMARK="F-12 " VALIGN="MIDDLE" WIDTH="87" HEIGHT="24"> 00104856 </TE>
</TR>

<TR ACOPY="Y" ADELETE="Y" HEIGHT="31">
<TU ALIGN="CENTER" AUNIT="ACQ_DSP_DT" AUNITVALUE="20251023" WIDTH="103" HEIGHT="24">2025.10.23</TU>
<TU ALIGN="CENTER" AUNIT="STK_KND" AUNITVALUE="6" WIDTH="75" HEIGHT="24">보통주식</TU>
<TE ALIGN="RIGHT" ACODE="ACQ_CNT" USERMARK="F-12 " VALIGN="MIDDLE" WIDTH="69" HEIGHT="24">    2,000</TE>
<TE ALIGN="RIGHT" ACODE="DSP_CNT" USERMARK="F-12 " VALIGN="MIDDLE" WIDTH="68" HEIGHT="24">-</TE>
<TE ALIGN="RIGHT" ACODE="STK_VAL" USERMARK="F-12 " VALIGN="MIDDLE" WIDTH="66" HEIGHT="24">43,309</TE>
<TE ALIGN="RIGHT" ACODE="STK_VAL_TOT" USERMARK="F-12 " VALIGN="MIDDLE" WIDTH="117" HEIGHT="24">86,619,600</TE>
<TD ALIGN="CENTER" USERMARK="F-12 " VALIGN="MIDDLE" WIDTH="90" HEIGHT="24"> 삼성증권 </TD>
<TE ALIGN="CENTER" ACODE="SCR_CIK" USERMARK="F-12 " VALIGN="MIDDLE" WIDTH="87" HEIGHT="24"> 00104856 </TE>
</TR>

<TR ACOPY="Y" ADELETE="Y" HEIGHT="31">
<TU ALIGN="CENTER" AUNIT="ACQ_DSP_DT" AUNITVALUE="20251024" WIDTH="103" HEIGHT="24">2025.10.24</TU>
<TU ALIGN="CENTER" AUNIT="STK_KND" AUNITVALUE="6" WIDTH="75" HEIGHT="24">보통주식</TU>
<TE ALIGN="RIGHT" ACODE="ACQ_CNT" USERMARK="F-12 " VALIGN="MIDDLE" WIDTH="69" HEIGHT="24">    2,000</TE>
<TE ALIGN="RIGHT" ACODE="DSP_CNT" USERMARK="F-12 " VALIGN="MIDDLE" WIDTH="68" HEIGHT="24">-</TE>
<TE ALIGN="RIGHT" ACODE="STK_VAL" USERMARK="F-12 " VALIGN="MIDDLE" WIDTH="66" HEIGHT="24">43,001</TE>
<TE ALIGN="RIGHT" ACODE="STK_VAL_TOT" USERMARK="F-12 " VALIGN="MIDDLE" WIDTH="117" HEIGHT="24">86,003,550</TE>
<TD ALIGN="CENTER" USERMARK="F-12 " VALIGN="MIDDLE" WIDTH="90" HEIGHT="24"> 삼성증권 </TD>
<TE ALIGN="CENTER" ACODE="SCR_CIK" USERMARK="F-12 " VALIGN="MIDDLE" WIDTH="87" HEIGHT="24"> 00104856 </TE>
</TR>

<TR ACOPY="Y" ADELETE="Y" HEIGHT="31">
<TU ALIGN="CENTER" AUNIT="ACQ_DSP_DT" AUNITVALUE="20251027" WIDTH="103" HEIGHT="24">2025.10.27</TU>
<TU ALIGN="CENTER" AUNIT="STK_KND" AUNITVALUE="6" WIDTH="75" HEIGHT="24">보통주식</TU>
<TE ALIGN="RIGHT" ACODE="ACQ_CNT" USERMARK="F-12 " VALIGN="MIDDLE" WIDTH="69" HEIGHT="24">    2,000</TE>
<TE ALIGN="RIGHT" ACODE="DSP_CNT" USERMARK="F-12 " VALIGN="MIDDLE" WIDTH="68" HEIGHT="24">-</TE>
<TE ALIGN="RIGHT" ACODE="STK_VAL" USERMARK="F-12 " VALIGN="MIDDLE" WIDTH="66" HEIGHT="24">43,085</TE>
<TE ALIGN="RIGHT" ACODE="STK_VAL_TOT" USERMARK="F-12 " VALIGN="MIDDLE" WIDTH="117" HEIGHT="24">86,171,200</TE>
<TD ALIGN="CENTER" USERMARK="F-12 " VALIGN="MIDDLE" WIDTH="90" HEIGHT="24"> 삼성증권 </TD>
<TE ALIGN="CENTER" ACODE="SCR_CIK" USERMARK="F-12 " VALIGN="MIDDLE" WIDTH="87" HEIGHT="24"> 00104856 </TE>
</TR>

<TR ACOPY="Y" ADELETE="Y" HEIGHT="31">
<TU ALIGN="CENTER" AUNIT="ACQ_DSP_DT" AUNITVALUE="20251028" WIDTH="103" HEIGHT="24">2025.10.28</TU>
<TU ALIGN="CENTER" AUNIT="STK_KND" AUNITVALUE="6" WIDTH="75" HEIGHT="24">보통주식</TU>
<TE ALIGN="RIGHT" ACODE="ACQ_CNT" USERMARK="F-12 " VALIGN="MIDDLE" WIDTH="69" HEIGHT="24">    2,000</TE>
<TE ALIGN="RIGHT" ACODE="DSP_CNT" USERMARK="F-12 " VALIGN="MIDDLE" WIDTH="68" HEIGHT="24">-</TE>
<TE ALIGN="RIGHT" ACODE="STK_VAL" USERMARK="F-12 " VALIGN="MIDDLE" WIDTH="66" HEIGHT="24">42,787</TE>
<TE ALIGN="RIGHT" ACODE="STK_VAL_TOT" USERMARK="F-12 " VALIGN="MIDDLE" WIDTH="117" HEIGHT="24">85,575,900</TE>
<TD ALIGN="CENTER" USERMARK="F-12 " VALIGN="MIDDLE" WIDTH="90" HEIGHT="24"> 삼성증권 </TD>
<TE ALIGN="CENTER" ACODE="SCR_CIK" USERMARK="F-12 " VALIGN="MIDDLE" WIDTH="87" HEIGHT="24"> 00104856 </TE>
</TR>

<TR ACOPY="Y" ADELETE="Y" HEIGHT="31">
<TU ALIGN="CENTER" AUNIT="ACQ_DSP_DT" AUNITVALUE="20251029" WIDTH="103" HEIGHT="24">2025.10.29</TU>
<TU ALIGN="CENTER" AUNIT="STK_KND" AUNITVALUE="6" WIDTH="75" HEIGHT="24">보통주식</TU>
<TE ALIGN="RIGHT" ACODE="ACQ_CNT" USERMARK="F-12 " VALIGN="MIDDLE" WIDTH="69" HEIGHT="24">    2,000</TE>
<TE ALIGN="RIGHT" ACODE="DSP_CNT" USERMARK="F-12 " VALIGN="MIDDLE" WIDTH="68" HEIGHT="24">-</TE>
<TE ALIGN="RIGHT" ACODE="STK_VAL" USERMARK="F-12 " VALIGN="MIDDLE" WIDTH="66" HEIGHT="24">42,394</TE>
<TE ALIGN="RIGHT" ACODE="STK_VAL_TOT" USERMARK="F-12 " VALIGN="MIDDLE" WIDTH="117" HEIGHT="24">84,788,450</TE>
<TD ALIGN="CENTER" USERMARK="F-12 " VALIGN="MIDDLE" WIDTH="90" HEIGHT="24"> 삼성증권 </TD>
<TE ALIGN="CENTER" ACODE="SCR_CIK" USERMARK="F-12 " VALIGN="MIDDLE" WIDTH="87" HEIGHT="24"> 00104856 </TE>
</TR>

<TR ACOPY="Y" ADELETE="Y" HEIGHT="31">
<TU ALIGN="CENTER" AUNIT="ACQ_DSP_DT" AUNITVALUE="20251030" WIDTH="103" HEIGHT="24">2025.10.30</TU>
<TU ALIGN="CENTER" AUNIT="STK_KND" AUNITVALUE="6" WIDTH="75" HEIGHT="24">보통주식</TU>
<TE ALIGN="RIGHT" ACODE="ACQ_CNT" USERMARK="F-12 " VALIGN="MIDDLE" WIDTH="69" HEIGHT="24">    2,000</TE>
<TE ALIGN="RIGHT" ACODE="DSP_CNT" USERMARK="F-12 " VALIGN="MIDDLE" WIDTH="68" HEIGHT="24">-</TE>
<TE ALIGN="RIGHT" ACODE="STK_VAL" USERMARK="F-12 " VALIGN="MIDDLE" WIDTH="66" HEIGHT="24">42,184</TE>
<TE ALIGN="RIGHT" ACODE="STK_VAL_TOT" USERMARK="F-12 " VALIGN="MIDDLE" WIDTH="117" HEIGHT="24">84,368,850</TE>
<TD ALIGN="CENTER" USERMARK="F-12 " VALIGN="MIDDLE" WIDTH="90" HEIGHT="24"> 삼성증권 </TD>
<TE ALIGN="CENTER" ACODE="SCR_CIK" USERMARK="F-12 " VALIGN="MIDDLE" WIDTH="87" HEIGHT="24"> 00104856 </TE>
</TR>

<TR ACOPY="Y" ADELETE="Y" HEIGHT="31">
<TU ALIGN="CENTER" AUNIT="ACQ_DSP_DT" AUNITVALUE="20251031" WIDTH="103" HEIGHT="24">2025.10.31</TU>
<TU ALIGN="CENTER" AUNIT="STK_KND" AUNITVALUE="6" WIDTH="75" HEIGHT="24">보통주식</TU>
<TE ALIGN="RIGHT" ACODE="ACQ_CNT" USERMARK="F-12 " VALIGN="MIDDLE" WIDTH="69" HEIGHT="24">    2,000</TE>
<TE ALIGN="RIGHT" ACODE="DSP_CNT" USERMARK="F-12 " VALIGN="MIDDLE" WIDTH="68" HEIGHT="24">-</TE>
<TE ALIGN="RIGHT" ACODE="STK_VAL" USERMARK="F-12 " VALIGN="MIDDLE" WIDTH="66" HEIGHT="24">42,770</TE>
<TE ALIGN="RIGHT" ACODE="STK_VAL_TOT" USERMARK="F-12 " VALIGN="MIDDLE" WIDTH="117" HEIGHT="24">85,540,850</TE>
<TD ALIGN="CENTER" USERMARK="F-12 " VALIGN="MIDDLE" WIDTH="90" HEIGHT="24"> 삼성증권 </TD>
<TE ALIGN="CENTER" ACODE="SCR_CIK" USERMARK="F-12 " VALIGN="MIDDLE" WIDTH="87" HEIGHT="24"> 00104856 </TE>
</TR>

<TR ACOPY="Y" ADELETE="Y" HEIGHT="31">
<TU ALIGN="CENTER" AUNIT="ACQ_DSP_DT" AUNITVALUE="20251103" WIDTH="103" HEIGHT="24">2025.11.03</TU>
<TU ALIGN="CENTER" AUNIT="STK_KND" AUNITVALUE="6" WIDTH="75" HEIGHT="24">보통주식</TU>
<TE ALIGN="RIGHT" ACODE="ACQ_CNT" USERMARK="F-12 " VALIGN="MIDDLE" WIDTH="69" HEIGHT="24">     2,000</TE>
<TE ALIGN="RIGHT" ACODE="DSP_CNT" USERMARK="F-12 " VALIGN="MIDDLE" WIDTH="68" HEIGHT="24">-</TE>
<TE ALIGN="RIGHT" ACODE="STK_VAL" USERMARK="F-12 " VALIGN="MIDDLE" WIDTH="66" HEIGHT="24">43,383</TE>
<TE ALIGN="RIGHT" ACODE="STK_VAL_TOT" USERMARK="F-12 " VALIGN="MIDDLE" WIDTH="117" HEIGHT="24">86,767,750</TE>
<TD ALIGN="CENTER" USERMARK="F-12 " VALIGN="MIDDLE" WIDTH="90" HEIGHT="24"> 삼성증권 </TD>
<TE ALIGN="CENTER" ACODE="SCR_CIK" USERMARK="F-12 " VALIGN="MIDDLE" WIDTH="87" HEIGHT="24"> 00104856 </TE>
</TR>

<TR ACOPY="Y" ADELETE="Y" HEIGHT="31">
<TU ALIGN="CENTER" AUNIT="ACQ_DSP_DT" AUNITVALUE="20251104" WIDTH="103" HEIGHT="24">2025.11.04</TU>
<TU ALIGN="CENTER" AUNIT="STK_KND" AUNITVALUE="6" WIDTH="75" HEIGHT="24">보통주식</TU>
<TE ALIGN="RIGHT" ACODE="ACQ_CNT" USERMARK="F-12 " VALIGN="MIDDLE" WIDTH="69" HEIGHT="24">    2,000</TE>
<TE ALIGN="RIGHT" ACODE="DSP_CNT" USERMARK="F-12 " VALIGN="MIDDLE" WIDTH="68" HEIGHT="24">-</TE>
<TE ALIGN="RIGHT" ACODE="STK_VAL" USERMARK="F-12 " VALIGN="MIDDLE" WIDTH="66" HEIGHT="24">43,784</TE>
<TE ALIGN="RIGHT" ACODE="STK_VAL_TOT" USERMARK="F-12 " VALIGN="MIDDLE" WIDTH="117" HEIGHT="24">87,569,050</TE>
<TD ALIGN="CENTER" USERMARK="F-12 " VALIGN="MIDDLE" WIDTH="90" HEIGHT="24"> 삼성증권 </TD>
<TE ALIGN="CENTER" ACODE="SCR_CIK" USERMARK="F-12 " VALIGN="MIDDLE" WIDTH="87" HEIGHT="24"> 00104856 </TE>
</TR>

<TR ACOPY="Y" ADELETE="Y" HEIGHT="31">
<TU ALIGN="CENTER" AUNIT="ACQ_DSP_DT" AUNITVALUE="20251105" WIDTH="103" HEIGHT="24">2025.11.05</TU>
<TU ALIGN="CENTER" AUNIT="STK_KND" AUNITVALUE="6" WIDTH="75" HEIGHT="24">보통주식</TU>
<TE ALIGN="RIGHT" ACODE="ACQ_CNT" USERMARK="F-12 " VALIGN="MIDDLE" WIDTH="69" HEIGHT="24">   2,000</TE>
<TE ALIGN="RIGHT" ACODE="DSP_CNT" USERMARK="F-12 " VALIGN="MIDDLE" WIDTH="68" HEIGHT="24">-</TE>
<TE ALIGN="RIGHT" ACODE="STK_VAL" USERMARK="F-12 " VALIGN="MIDDLE" WIDTH="66" HEIGHT="24">43,682</TE>
<TE ALIGN="RIGHT" ACODE="STK_VAL_TOT" USERMARK="F-12 " VALIGN="MIDDLE" WIDTH="117" HEIGHT="24">87,365,800</TE>
<TD ALIGN="CENTER" USERMARK="F-12 " VALIGN="MIDDLE" WIDTH="90" HEIGHT="24"> 삼성증권 </TD>
<TE ALIGN="CENTER" ACODE="SCR_CIK" USERMARK="F-12 " VALIGN="MIDDLE" WIDTH="87" HEIGHT="24"> 00104856 </TE>
</TR>

<TR ACOPY="Y" ADELETE="Y" HEIGHT="31">
<TU ALIGN="CENTER" AUNIT="ACQ_DSP_DT" AUNITVALUE="20251106" WIDTH="103" HEIGHT="24">2025.11.06</TU>
<TU ALIGN="CENTER" AUNIT="STK_KND" AUNITVALUE="6" WIDTH="75" HEIGHT="24">보통주식</TU>
<TE ALIGN="RIGHT" ACODE="ACQ_CNT" USERMARK="F-12 " VALIGN="MIDDLE" WIDTH="69" HEIGHT="24">    2,000</TE>
<TE ALIGN="RIGHT" ACODE="DSP_CNT" USERMARK="F-12 " VALIGN="MIDDLE" WIDTH="68" HEIGHT="24">-</TE>
<TE ALIGN="RIGHT" ACODE="STK_VAL" USERMARK="F-12 " VALIGN="MIDDLE" WIDTH="66" HEIGHT="24">44,986</TE>
<TE ALIGN="RIGHT" ACODE="STK_VAL_TOT" USERMARK="F-12 " VALIGN="MIDDLE" WIDTH="117" HEIGHT="24">89,972,350</TE>
<TD ALIGN="CENTER" USERMARK="F-12 " VALIGN="MIDDLE" WIDTH="90" HEIGHT="24"> 삼성증권 </TD>
<TE ALIGN="CENTER" ACODE="SCR_CIK" USERMARK="F-12 " VALIGN="MIDDLE" WIDTH="87" HEIGHT="24"> 00104856 </TE>
</TR>

<TR ACOPY="Y" ADELETE="Y" HEIGHT="31">
<TU ALIGN="CENTER" AUNIT="ACQ_DSP_DT" AUNITVALUE="20251107" WIDTH="103" HEIGHT="24">2025.11.07</TU>
<TU ALIGN="CENTER" AUNIT="STK_KND" AUNITVALUE="6" WIDTH="75" HEIGHT="24">보통주식</TU>
<TE ALIGN="RIGHT" ACODE="ACQ_CNT" USERMARK="F-12 " VALIGN="MIDDLE" WIDTH="69" HEIGHT="24">    2,000</TE>
<TE ALIGN="RIGHT" ACODE="DSP_CNT" USERMARK="F-12 " VALIGN="MIDDLE" WIDTH="68" HEIGHT="24">-</TE>
<TE ALIGN="RIGHT" ACODE="STK_VAL" USERMARK="F-12 " VALIGN="MIDDLE" WIDTH="66" HEIGHT="24">44,307</TE>
<TE ALIGN="RIGHT" ACODE="STK_VAL_TOT" USERMARK="F-12 " VALIGN="MIDDLE" WIDTH="117" HEIGHT="24">88,615,700</TE>
<TD ALIGN="CENTER" USERMARK="F-12 " VALIGN="MIDDLE" WIDTH="90" HEIGHT="24"> 삼성증권 </TD>
<TE ALIGN="CENTER" ACODE="SCR_CIK" USERMARK="F-12 " VALIGN="MIDDLE" WIDTH="87" HEIGHT="24"> 00104856 </TE>
</TR>

<TR ACOPY="Y" ADELETE="Y" HEIGHT="31">
<TU ALIGN="CENTER" AUNIT="ACQ_DSP_DT" AUNITVALUE="20251110" WIDTH="103" HEIGHT="24">2025.11.10</TU>
<TU ALIGN="CENTER" AUNIT="STK_KND" AUNITVALUE="6" WIDTH="75" HEIGHT="24">보통주식</TU>
<TE ALIGN="RIGHT" ACODE="ACQ_CNT" USERMARK="F-12 " VALIGN="MIDDLE" WIDTH="69" HEIGHT="24">    2,000</TE>
<TE ALIGN="RIGHT" ACODE="DSP_CNT" USERMARK="F-12 " VALIGN="MIDDLE" WIDTH="68" HEIGHT="24">-</TE>
<TE ALIGN="RIGHT" ACODE="STK_VAL" USERMARK="F-12 " VALIGN="MIDDLE" WIDTH="66" HEIGHT="24">45,426</TE>
<TE ALIGN="RIGHT" ACODE="STK_VAL_TOT" USERMARK="F-12 " VALIGN="MIDDLE" WIDTH="117" HEIGHT="24">90,853,000</TE>
<TD ALIGN="CENTER" USERMARK="F-12 " VALIGN="MIDDLE" WIDTH="90" HEIGHT="24"> 삼성증권 </TD>
<TE ALIGN="CENTER" ACODE="SCR_CIK" USERMARK="F-12 " VALIGN="MIDDLE" WIDTH="87" HEIGHT="24"> 00104856 </TE>
</TR>

<TR ACOPY="Y" ADELETE="Y" HEIGHT="31">
<TU ALIGN="CENTER" AUNIT="ACQ_DSP_DT" AUNITVALUE="20251111" WIDTH="103" HEIGHT="24">2025.11.11</TU>
<TU ALIGN="CENTER" AUNIT="STK_KND" AUNITVALUE="6" WIDTH="75" HEIGHT="24">보통주식</TU>
<TE ALIGN="RIGHT" ACODE="ACQ_CNT" USERMARK="F-12 " VALIGN="MIDDLE" WIDTH="69" HEIGHT="24">    2,000</TE>
<TE ALIGN="RIGHT" ACODE="DSP_CNT" USERMARK="F-12 " VALIGN="MIDDLE" WIDTH="68" HEIGHT="24">-</TE>
<TE ALIGN="RIGHT" ACODE="STK_VAL" USERMARK="F-12 " VALIGN="MIDDLE" WIDTH="66" HEIGHT="24">44,869</TE>
<TE ALIGN="RIGHT" ACODE="STK_VAL_TOT" USERMARK="F-12 " VALIGN="MIDDLE" WIDTH="117" HEIGHT="24">89,739,850</TE>
<TD ALIGN="CENTER" USERMARK="F-12 " VALIGN="MIDDLE" WIDTH="90" HEIGHT="24"> 삼성증권 </TD>
<TE ALIGN="CENTER" ACODE="SCR_CIK" USERMARK="F-12 " VALIGN="MIDDLE" WIDTH="87" HEIGHT="24"> 00104856 </TE>
</TR>

<TR ACOPY="Y" ADELETE="Y" HEIGHT="31">
<TU ALIGN="CENTER" AUNIT="ACQ_DSP_DT" AUNITVALUE="20251112" WIDTH="103" HEIGHT="24">2025.11.12</TU>
<TU ALIGN="CENTER" AUNIT="STK_KND" AUNITVALUE="6" WIDTH="75" HEIGHT="24">보통주식</TU>
<TE ALIGN="RIGHT" ACODE="ACQ_CNT" USERMARK="F-12 " VALIGN="MIDDLE" WIDTH="69" HEIGHT="24">    2,000</TE>
<TE ALIGN="RIGHT" ACODE="DSP_CNT" USERMARK="F-12 " VALIGN="MIDDLE" WIDTH="68" HEIGHT="24">-</TE>
<TE ALIGN="RIGHT" ACODE="STK_VAL" USERMARK="F-12 " VALIGN="MIDDLE" WIDTH="66" HEIGHT="24">45,182</TE>
<TE ALIGN="RIGHT" ACODE="STK_VAL_TOT" USERMARK="F-12 " VALIGN="MIDDLE" WIDTH="117" HEIGHT="24">90,365,500</TE>
<TD ALIGN="CENTER" USERMARK="F-12 " VALIGN="MIDDLE" WIDTH="90" HEIGHT="24"> 삼성증권 </TD>
<TE ALIGN="CENTER" ACODE="SCR_CIK" USERMARK="F-12 " VALIGN="MIDDLE" WIDTH="87" HEIGHT="24"> 00104856 </TE>
</TR>

<TR ACOPY="Y" ADELETE="Y" HEIGHT="31">
<TU ALIGN="CENTER" AUNIT="ACQ_DSP_DT" AUNITVALUE="20251113" WIDTH="103" HEIGHT="24">2025.11.13</TU>
<TU ALIGN="CENTER" AUNIT="STK_KND" AUNITVALUE="6" WIDTH="75" HEIGHT="24">보통주식</TU>
<TE ALIGN="RIGHT" ACODE="ACQ_CNT" USERMARK="F-12 " VALIGN="MIDDLE" WIDTH="69" HEIGHT="24">    2,000</TE>
<TE ALIGN="RIGHT" ACODE="DSP_CNT" USERMARK="F-12 " VALIGN="MIDDLE" WIDTH="68" HEIGHT="24">-</TE>
<TE ALIGN="RIGHT" ACODE="STK_VAL" USERMARK="F-12 " VALIGN="MIDDLE" WIDTH="66" HEIGHT="24">45,565</TE>
<TE ALIGN="RIGHT" ACODE="STK_VAL_TOT" USERMARK="F-12 " VALIGN="MIDDLE" WIDTH="117" HEIGHT="24">91,131,500</TE>
<TD ALIGN="CENTER" USERMARK="F-12 " VALIGN="MIDDLE" WIDTH="90" HEIGHT="24"> 삼성증권 </TD>
<TE ALIGN="CENTER" ACODE="SCR_CIK" USERMARK="F-12 " VALIGN="MIDDLE" WIDTH="87" HEIGHT="24"> 00104856 </TE>
</TR>

<TR ACOPY="Y" ADELETE="Y" HEIGHT="31">
<TU ALIGN="CENTER" AUNIT="ACQ_DSP_DT" AUNITVALUE="20251114" WIDTH="103" HEIGHT="24">2025.11.14</TU>
<TU ALIGN="CENTER" AUNIT="STK_KND" AUNITVALUE="6" WIDTH="75" HEIGHT="24">보통주식</TU>
<TE ALIGN="RIGHT" ACODE="ACQ_CNT" USERMARK="F-12 " VALIGN="MIDDLE" WIDTH="69" HEIGHT="24">    2,000</TE>
<TE ALIGN="RIGHT" ACODE="DSP_CNT" USERMARK="F-12 " VALIGN="MIDDLE" WIDTH="68" HEIGHT="24">-</TE>
<TE ALIGN="RIGHT" ACODE="STK_VAL" USERMARK="F-12 " VALIGN="MIDDLE" WIDTH="66" HEIGHT="24">45,149</TE>
<TE ALIGN="RIGHT" ACODE="STK_VAL_TOT" USERMARK="F-12 " VALIGN="MIDDLE" WIDTH="117" HEIGHT="24">90,298,950</TE>
<TD ALIGN="CENTER" USERMARK="F-12 " VALIGN="MIDDLE" WIDTH="90" HEIGHT="24"> 삼성증권 </TD>
<TE ALIGN="CENTER" ACODE="SCR_CIK" USERMARK="F-12 " VALIGN="MIDDLE" WIDTH="87" HEIGHT="24"> 00104856 </TE>
</TR>

<TR ACOPY="Y" ADELETE="Y" HEIGHT="31">
<TU ALIGN="CENTER" AUNIT="ACQ_DSP_DT" AUNITVALUE="20251117" WIDTH="103" HEIGHT="24">2025.11.17</TU>
<TU ALIGN="CENTER" AUNIT="STK_KND" AUNITVALUE="6" WIDTH="75" HEIGHT="24">보통주식</TU>
<TE ALIGN="RIGHT" ACODE="ACQ_CNT" USERMARK="F-12 " VALIGN="MIDDLE" WIDTH="69" HEIGHT="24">    2,000</TE>
<TE ALIGN="RIGHT" ACODE="DSP_CNT" USERMARK="F-12 " VALIGN="MIDDLE" WIDTH="68" HEIGHT="24">-</TE>
<TE ALIGN="RIGHT" ACODE="STK_VAL" USERMARK="F-12 " VALIGN="MIDDLE" WIDTH="66" HEIGHT="24">44,716</TE>
<TE ALIGN="RIGHT" ACODE="STK_VAL_TOT" USERMARK="F-12 " VALIGN="MIDDLE" WIDTH="117" HEIGHT="24">89,432,800</TE>
<TD ALIGN="CENTER" USERMARK="F-12 " VALIGN="MIDDLE" WIDTH="90" HEIGHT="24"> 삼성증권 </TD>
<TE ALIGN="CENTER" ACODE="SCR_CIK" USERMARK="F-12 " VALIGN="MIDDLE" WIDTH="87" HEIGHT="24"> 00104856 </TE>
</TR>

<TR ACOPY="Y" ADELETE="Y" HEIGHT="31">
<TU ALIGN="CENTER" AUNIT="ACQ_DSP_DT" AUNITVALUE="20251118" WIDTH="103" HEIGHT="24">2025.11.18</TU>
<TU ALIGN="CENTER" AUNIT="STK_KND" AUNITVALUE="6" WIDTH="75" HEIGHT="24">보통주식</TU>
<TE ALIGN="RIGHT" ACODE="ACQ_CNT" USERMARK="F-12 " VALIGN="MIDDLE" WIDTH="69" HEIGHT="24">    2,000</TE>
<TE ALIGN="RIGHT" ACODE="DSP_CNT" USERMARK="F-12 " VALIGN="MIDDLE" WIDTH="68" HEIGHT="24">-</TE>
<TE ALIGN="RIGHT" ACODE="STK_VAL" USERMARK="F-12 " VALIGN="MIDDLE" WIDTH="66" HEIGHT="24">44,580</TE>
<TE ALIGN="RIGHT" ACODE="STK_VAL_TOT" USERMARK="F-12 " VALIGN="MIDDLE" WIDTH="117" HEIGHT="24">89,160,150</TE>
<TD ALIGN="CENTER" USERMARK="F-12 " VALIGN="MIDDLE" WIDTH="90" HEIGHT="24"> 삼성증권 </TD>
<TE ALIGN="CENTER" ACODE="SCR_CIK" USERMARK="F-12 " VALIGN="MIDDLE" WIDTH="87" HEIGHT="24"> 00104856 </TE>
</TR>

<TR ACOPY="Y" ADELETE="Y" HEIGHT="31">
<TU ALIGN="CENTER" AUNIT="ACQ_DSP_DT" AUNITVALUE="20251119" WIDTH="103" HEIGHT="24">2025.11.19</TU>
<TU ALIGN="CENTER" AUNIT="STK_KND" AUNITVALUE="6" WIDTH="75" HEIGHT="24">보통주식</TU>
<TE ALIGN="RIGHT" ACODE="ACQ_CNT" USERMARK="F-12 " VALIGN="MIDDLE" WIDTH="69" HEIGHT="24">    2,000</TE>
<TE ALIGN="RIGHT" ACODE="DSP_CNT" USERMARK="F-12 " VALIGN="MIDDLE" WIDTH="68" HEIGHT="24">-</TE>
<TE ALIGN="RIGHT" ACODE="STK_VAL" USERMARK="F-12 " VALIGN="MIDDLE" WIDTH="66" HEIGHT="24">43,856</TE>
<TE ALIGN="RIGHT" ACODE="STK_VAL_TOT" USERMARK="F-12 " VALIGN="MIDDLE" WIDTH="117" HEIGHT="24">87,712,700</TE>
<TD ALIGN="CENTER" USERMARK="F-12 " VALIGN="MIDDLE" WIDTH="90" HEIGHT="24"> 삼성증권 </TD>
<TE ALIGN="CENTER" ACODE="SCR_CIK" USERMARK="F-12 " VALIGN="MIDDLE" WIDTH="87" HEIGHT="24"> 00104856 </TE>
</TR>

<TR ACOPY="Y" ADELETE="Y" HEIGHT="31">
<TU ALIGN="CENTER" AUNIT="ACQ_DSP_DT" AUNITVALUE="20251120" WIDTH="103" HEIGHT="24">2025.11.20</TU>
<TU ALIGN="CENTER" AUNIT="STK_KND" AUNITVALUE="6" WIDTH="75" HEIGHT="24">보통주식</TU>
<TE ALIGN="RIGHT" ACODE="ACQ_CNT" USERMARK="F-12 " VALIGN="MIDDLE" WIDTH="69" HEIGHT="24">    2,000</TE>
<TE ALIGN="RIGHT" ACODE="DSP_CNT" USERMARK="F-12 " VALIGN="MIDDLE" WIDTH="68" HEIGHT="24">-</TE>
<TE ALIGN="RIGHT" ACODE="STK_VAL" USERMARK="F-12 " VALIGN="MIDDLE" WIDTH="66" HEIGHT="24">45,106</TE>
<TE ALIGN="RIGHT" ACODE="STK_VAL_TOT" USERMARK="F-12 " VALIGN="MIDDLE" WIDTH="117" HEIGHT="24">90,212,600</TE>
<TD ALIGN="CENTER" USERMARK="F-12 " VALIGN="MIDDLE" WIDTH="90" HEIGHT="24"> 삼성증권 </TD>
<TE ALIGN="CENTER" ACODE="SCR_CIK" USERMARK="F-12 " VALIGN="MIDDLE" WIDTH="87" HEIGHT="24"> 00104856 </TE>
</TR>

<TR ACOPY="Y" ADELETE="Y" HEIGHT="31">
<TU ALIGN="CENTER" AUNIT="ACQ_DSP_DT" AUNITVALUE="20251121" WIDTH="103" HEIGHT="24">2025.11.21</TU>
<TU ALIGN="CENTER" AUNIT="STK_KND" AUNITVALUE="6" WIDTH="75" HEIGHT="24">보통주식</TU>
<TE ALIGN="RIGHT" ACODE="ACQ_CNT" USERMARK="F-12 " VALIGN="MIDDLE" WIDTH="69" HEIGHT="24">    2,000</TE>
<TE ALIGN="RIGHT" ACODE="DSP_CNT" USERMARK="F-12 " VALIGN="MIDDLE" WIDTH="68" HEIGHT="24">-</TE>
<TE ALIGN="RIGHT" ACODE="STK_VAL" USERMARK="F-12 " VALIGN="MIDDLE" WIDTH="66" HEIGHT="24">45,132</TE>
<TE ALIGN="RIGHT" ACODE="STK_VAL_TOT" USERMARK="F-12 " VALIGN="MIDDLE" WIDTH="117" HEIGHT="24">90,264,050</TE>
<TD ALIGN="CENTER" USERMARK="F-12 " VALIGN="MIDDLE" WIDTH="90" HEIGHT="24"> 삼성증권 </TD>
<TE ALIGN="CENTER" ACODE="SCR_CIK" USERMARK="F-12 " VALIGN="MIDDLE" WIDTH="87" HEIGHT="24"> 00104856 </TE>
</TR>

<TR ACOPY="Y" ADELETE="Y" HEIGHT="31">
<TU ALIGN="CENTER" AUNIT="ACQ_DSP_DT" AUNITVALUE="20251124" WIDTH="103" HEIGHT="24">2025.11.24</TU>
<TU ALIGN="CENTER" AUNIT="STK_KND" AUNITVALUE="6" WIDTH="75" HEIGHT="24">보통주식</TU>
<TE ALIGN="RIGHT" ACODE="ACQ_CNT" USERMARK="F-12 " VALIGN="MIDDLE" WIDTH="69" HEIGHT="24">    2,000</TE>
<TE ALIGN="RIGHT" ACODE="DSP_CNT" USERMARK="F-12 " VALIGN="MIDDLE" WIDTH="68" HEIGHT="24">-</TE>
<TE ALIGN="RIGHT" ACODE="STK_VAL" USERMARK="F-12 " VALIGN="MIDDLE" WIDTH="66" HEIGHT="24">46,115</TE>
<TE ALIGN="RIGHT" ACODE="STK_VAL_TOT" USERMARK="F-12 " VALIGN="MIDDLE" WIDTH="117" HEIGHT="24">92,230,050</TE>
<TD ALIGN="CENTER" USERMARK="F-12 " VALIGN="MIDDLE" WIDTH="90" HEIGHT="24"> 삼성증권 </TD>
<TE ALIGN="CENTER" ACODE="SCR_CIK" USERMARK="F-12 " VALIGN="MIDDLE" WIDTH="87" HEIGHT="24"> 00104856 </TE>
</TR>

<TR ACOPY="Y" ADELETE="Y" HEIGHT="31">
<TU ALIGN="CENTER" AUNIT="ACQ_DSP_DT" AUNITVALUE="20251125" WIDTH="103" HEIGHT="24">2025.11.25</TU>
<TU ALIGN="CENTER" AUNIT="STK_KND" AUNITVALUE="6" WIDTH="75" HEIGHT="24">보통주식</TU>
<TE ALIGN="RIGHT" ACODE="ACQ_CNT" USERMARK="F-12 " VALIGN="MIDDLE" WIDTH="69" HEIGHT="24">    2,000</TE>
<TE ALIGN="RIGHT" ACODE="DSP_CNT" USERMARK="F-12 " VALIGN="MIDDLE" WIDTH="68" HEIGHT="24">-</TE>
<TE ALIGN="RIGHT" ACODE="STK_VAL" USERMARK="F-12 " VALIGN="MIDDLE" WIDTH="66" HEIGHT="24">45,358</TE>
<TE ALIGN="RIGHT" ACODE="STK_VAL_TOT" USERMARK="F-12 " VALIGN="MIDDLE" WIDTH="117" HEIGHT="24">90,717,800</TE>
<TD ALIGN="CENTER" USERMARK="F-12 " VALIGN="MIDDLE" WIDTH="90" HEIGHT="24"> 삼성증권 </TD>
<TE ALIGN="CENTER" ACODE="SCR_CIK" USERMARK="F-12 " VALIGN="MIDDLE" WIDTH="87" HEIGHT="24"> 00104856 </TE>
</TR>

<TR ACOPY="Y" ADELETE="Y" HEIGHT="31">
<TU ALIGN="CENTER" AUNIT="ACQ_DSP_DT" AUNITVALUE="20251126" WIDTH="103" HEIGHT="24">2025.11.26</TU>
<TU ALIGN="CENTER" AUNIT="STK_KND" AUNITVALUE="6" WIDTH="75" HEIGHT="24">보통주식</TU>
<TE ALIGN="RIGHT" ACODE="ACQ_CNT" USERMARK="F-12 " VALIGN="MIDDLE" WIDTH="69" HEIGHT="24">     2,000</TE>
<TE ALIGN="RIGHT" ACODE="DSP_CNT" USERMARK="F-12 " VALIGN="MIDDLE" WIDTH="68" HEIGHT="24">-</TE>
<TE ALIGN="RIGHT" ACODE="STK_VAL" USERMARK="F-12 " VALIGN="MIDDLE" WIDTH="66" HEIGHT="24">46,390</TE>
<TE ALIGN="RIGHT" ACODE="STK_VAL_TOT" USERMARK="F-12 " VALIGN="MIDDLE" WIDTH="117" HEIGHT="24">92,780,800</TE>
<TD ALIGN="CENTER" USERMARK="F-12 " VALIGN="MIDDLE" WIDTH="90" HEIGHT="24"> 삼성증권 </TD>
<TE ALIGN="CENTER" ACODE="SCR_CIK" USERMARK="F-12 " VALIGN="MIDDLE" WIDTH="87" HEIGHT="24"> 00104856 </TE>
</TR>

<TR ACOPY="Y" ADELETE="Y" HEIGHT="31">
<TU ALIGN="CENTER" AUNIT="ACQ_DSP_DT" AUNITVALUE="20251127" WIDTH="103" HEIGHT="24">2025.11.27</TU>
<TU ALIGN="CENTER" AUNIT="STK_KND" AUNITVALUE="6" WIDTH="75" HEIGHT="24">보통주식</TU>
<TE ALIGN="RIGHT" ACODE="ACQ_CNT" USERMARK="F-12 " VALIGN="MIDDLE" WIDTH="69" HEIGHT="24">    2,000</TE>
<TE ALIGN="RIGHT" ACODE="DSP_CNT" USERMARK="F-12 " VALIGN="MIDDLE" WIDTH="68" HEIGHT="24">-</TE>
<TE ALIGN="RIGHT" ACODE="STK_VAL" USERMARK="F-12 " VALIGN="MIDDLE" WIDTH="66" HEIGHT="24">47,116</TE>
<TE ALIGN="RIGHT" ACODE="STK_VAL_TOT" USERMARK="F-12 " VALIGN="MIDDLE" WIDTH="117" HEIGHT="24">94,232,400</TE>
<TD ALIGN="CENTER" USERMARK="F-12 " VALIGN="MIDDLE" WIDTH="90" HEIGHT="24"> 삼성증권 </TD>
<TE ALIGN="CENTER" ACODE="SCR_CIK" USERMARK="F-12 " VALIGN="MIDDLE" WIDTH="87" HEIGHT="24"> 00104856 </TE>
</TR>

<TR ACOPY="N" ADELETE="N" HEIGHT="31">
<TD ALIGN="CENTER" VALIGN="MIDDLE" AUPDATECONT="N" ENG="Total" WIDTH="103" HEIGHT="24">계</TD>
<TD ALIGN="CENTER" VALIGN="MIDDLE" WIDTH="75" HEIGHT="24">보통주식</TD>
<TD ALIGN="RIGHT" VALIGN="MIDDLE" USERMARK="F-12 " WIDTH="69" HEIGHT="24">  70,000</TD>
<TD ALIGN="RIGHT" VALIGN="MIDDLE" WIDTH="68" HEIGHT="24">-</TD>
<TD ALIGN="RIGHT" VALIGN="MIDDLE" USERMARK="F-12 " WIDTH="66" HEIGHT="24">44,232</TD>
<TD ALIGN="RIGHT" VALIGN="MIDDLE" USERMARK="F-12 " WIDTH="117" HEIGHT="24">    3,096,258,15 </TD>
<TD ALIGN="CENTER" VALIGN="MIDDLE" USERMARK="F-12 " WIDTH="90" HEIGHT="24"> 삼성증권 </TD>
<TD ALIGN="CENTER" VALIGN="MIDDLE" USERMARK="F-12 " WIDTH="87" HEIGHT="24"> 00104856 </TD>
</TR>
</TBODY>
</TABLE>
</TABLE-GROUP>
<P>주1) 상기 일자는 매매일 기준입니다.주2) 상기 1주당 가액은 해당 매매일의 평균 단가입니다.</P>
</SECTION-2>

<SECTION-2 ACLASS="MANDATORY">
<TITLE ATOC="Y" AASSOCNOTE="D-0-1-4-0" ENG="4. Status of treasury share holdings, etc. after acquiring shares issued by the relevant corporation through a trust contract" ATOCID="9">4. 신탁계약을 통한 해당법인 발행주식 취득후 자기주식등 보유상황</TITLE>

<TABLE-GROUP ACLASS="HLD_CNT" ADELETETABLE="N">

<TABLE ACLASS="EXTRACTION" AFIXTABLE="Y" WIDTH="763" BORDER="0">

<COLGROUP WIDTH="763">
<COL WIDTH="24"></COL>
<COL WIDTH="147"></COL>
<COL WIDTH="243"></COL>
<COL WIDTH="349"></COL>
</COLGROUP>

<TBODY>

<TR ACOPY="Y" ADELETE="Y" HEIGHT="30">
<TD WIDTH="15" HEIGHT="23">[</TD>
<TU WIDTH="138" HEIGHT="23" AUNIT="BASE_DT" AUNITVALUE="20251230">2025.12.30</TU>
<TD WIDTH="234" HEIGHT="23">현재]</TD>
<TU ALIGN="RIGHT" WIDTH="340" HEIGHT="23" AUNIT="WONSTOCKPERCENT" AUNITVALUE="4" ENG="(Unit: KRW 1,000, shares, %)">(단위 : 천원, 주, %)</TU>
</TR>
</TBODY>
</TABLE>

<TABLE ACLASS="EXTRACTION" AFIXTABLE="N" WIDTH="853" BORDER="1">

<COLGROUP WIDTH="853">
<COL WIDTH="75"></COL>
<COL WIDTH="86"></COL>
<COL WIDTH="72"></COL>
<COL WIDTH="93"></COL>
<COL WIDTH="87"></COL>
<COL WIDTH="82"></COL>
<COL WIDTH="90"></COL>
<COL WIDTH="83"></COL>
<COL WIDTH="78"></COL>
<COL WIDTH="107"></COL>
</COLGROUP>

<THEAD>

<TR ACOPY="N" ADELETE="N" HEIGHT="53">
<TH ROWSPAN="2" VALIGN="MIDDLE" WIDTH="66" ACOPYCOL="N" ADELETECOL="N" AMOVECOL="N" AUPDATECONT="N" ENG="Type of shares" HEIGHT="76">주식의 종류</TH>
<TH COLSPAN="3" VALIGN="MIDDLE" WIDTH="242" ACOPYCOL="N" ADELETECOL="N" AMOVECOL="N" AUPDATECONT="N" ENG="Holding status according to Article 165-3 of the Act (A)" HEIGHT="46">법제165조의3의규정에 의한 보유상황(A)</TH>
<TH COLSPAN="3" VALIGN="MIDDLE" WIDTH="250" ACOPYCOL="N" ADELETECOL="N" AMOVECOL="N" AUPDATECONT="N" ENG="Holding status according to the trust contract, etc. under Article 165-3 of the Act (B)" HEIGHT="46">법제165조의3의신탁계약등에 의한 보유상황(B)</TH>
<TH COLSPAN="3" VALIGN="MIDDLE" WIDTH="259" ACOPYCOL="N" ADELETECOL="N" AMOVECOL="N" AUPDATECONT="N" ENG="Total (A+B)" HEIGHT="46">계(A+B)</TH>
</TR>

<TR ACOPY="N" ADELETE="N" HEIGHT="30">
<TH VALIGN="MIDDLE" ACOPYCOL="N" ADELETECOL="N" AMOVECOL="Y" AUPDATECONT="N" ENG="Quantity" WIDTH="77" HEIGHT="23">수량</TH>
<TH VALIGN="MIDDLE" ACOPYCOL="N" ADELETECOL="N" AMOVECOL="Y" AUPDATECONT="N" ENG="Ratio" WIDTH="63" HEIGHT="23">비율</TH>
<TH VALIGN="MIDDLE" ACOPYCOL="N" ADELETECOL="N" AMOVECOL="Y" AUPDATECONT="N" ENG="Total price" WIDTH="84" HEIGHT="23">총가액</TH>
<TH VALIGN="MIDDLE" ACOPYCOL="N" ADELETECOL="N" AMOVECOL="Y" AUPDATECONT="N" ENG="Quantity" WIDTH="78" HEIGHT="23">수량</TH>
<TH VALIGN="MIDDLE" ACOPYCOL="N" ADELETECOL="N" AMOVECOL="Y" AUPDATECONT="N" ENG="Ratio" WIDTH="73" HEIGHT="23">비율</TH>
<TH VALIGN="MIDDLE" ACOPYCOL="N" ADELETECOL="N" AMOVECOL="Y" AUPDATECONT="N" ENG="Contract amount" WIDTH="81" HEIGHT="23">계약금액</TH>
<TH VALIGN="MIDDLE" ACOPYCOL="N" ADELETECOL="N" AMOVECOL="Y" AUPDATECONT="N" ENG="Quantity" WIDTH="74" HEIGHT="23">수량</TH>
<TH VALIGN="MIDDLE" ACOPYCOL="N" ADELETECOL="N" AMOVECOL="Y" AUPDATECONT="N" ENG="Ratio" WIDTH="69" HEIGHT="23">비율</TH>
<TH VALIGN="MIDDLE" ACOPYCOL="N" ADELETECOL="N" AMOVECOL="Y" AUPDATECONT="N" ENG="Amount" WIDTH="98" HEIGHT="23">금  액</TH>
</TR>
</THEAD>

<TBODY>

<TR ACOPY="Y" ADELETE="N" HEIGHT="30">
<TU ALIGN="CENTER" AUNIT="STK_KND" AUNITVALUE="6" WIDTH="66" HEIGHT="23">보통주식</TU>
<TE ALIGN="RIGHT" ACODE="HLD_CNT1" WIDTH="77" HEIGHT="23">1,457,250</TE>
<TE ALIGN="RIGHT" ACODE="HLD_RATE1" WIDTH="63" HEIGHT="23">14.46</TE>
<TE ALIGN="RIGHT" ACODE="HLD_AMT1" WIDTH="84" HEIGHT="23">49,624,421</TE>
<TE ALIGN="RIGHT" ACODE="HLD_CNT2" WIDTH="78" HEIGHT="23">70,000</TE>
<TE ALIGN="RIGHT" ACODE="HLD_RATE2" WIDTH="73" HEIGHT="23">0.69</TE>
<TE ALIGN="RIGHT" ACODE="HLD_AMT2" WIDTH="81" HEIGHT="23">10,000,000</TE>
<TE ALIGN="RIGHT" ACODE="HLD_CNT3" WIDTH="74" HEIGHT="23">1,527,250</TE>
<TE ALIGN="RIGHT" ACODE="HLD_RATE3" WIDTH="69" HEIGHT="23">15.15</TE>
<TE ALIGN="RIGHT" ACODE="HLD_AMT3" WIDTH="98" HEIGHT="23">59,624,421</TE>
</TR>

<TR ACOPY="N" ADELETE="N" HEIGHT="30">
<TD ALIGN="CENTER" VALIGN="MIDDLE" AUPDATECONT="N" ENG="Total" WIDTH="66" HEIGHT="23">계</TD>
<TD ALIGN="RIGHT" WIDTH="77" HEIGHT="23">1,457,250</TD>
<TD ALIGN="RIGHT" WIDTH="63" HEIGHT="23">14.46</TD>
<TD ALIGN="RIGHT" WIDTH="84" HEIGHT="23">49,624,421</TD>
<TD ALIGN="RIGHT" WIDTH="78" HEIGHT="23">70,000</TD>
<TD ALIGN="RIGHT" WIDTH="73" HEIGHT="23">0.69</TD>
<TD ALIGN="RIGHT" VALIGN="MIDDLE" WIDTH="81" HEIGHT="23">10,000,000</TD>
<TD ALIGN="RIGHT" WIDTH="74" HEIGHT="23">1,527,250</TD>
<TD ALIGN="RIGHT" WIDTH="69" HEIGHT="23">15.15</TD>
<TD ALIGN="RIGHT" WIDTH="98" HEIGHT="23">59,624,421</TD>
</TR>
</TBODY>
</TABLE>
</TABLE-GROUP>
<P>주1) 상기 '법제165조의3의 규정에 의한 보유상황(A)'은 과거 자사주신탁계약 해지시 주식으로 인출하여 당사 소유의 증권계좌에 입고되어 있는 자기 주식의 수량입니다.주2) 상기 '법제165조의3의 신탁계약등에 의한 보유상황(B)'은 자기주식취득신탁계약에 따른 총계약금액과, 위탁 증권회사에서 현재일 기준으로 취득한(체결일) 당사 자기주식의 총 수량을 기재하였습니다.주3) 상기 비율은 보고서 제출일 현재 발행주식총수 10,080,029주에 대한 자기주식 비율입니다.</P>
</SECTION-2>

<SECTION-2 ACLASS="MANDATORY">
<TITLE ATOC="Y" AASSOCNOTE="D-0-1-5-0" ENG="5. Changes in the shares held by the largest shareholder before and after acquisition" ATOCID="10">5. 취득전후 최대주주의 보유주식 변동내역</TITLE>

<TABLE-GROUP ADELETETABLE="Y">

<TABLE ACLASS="NORMAL" AFIXTABLE="N" WIDTH="600" BORDER="0">

<COLGROUP WIDTH="600">
<COL WIDTH="300"></COL>
<COL WIDTH="300"></COL>
</COLGROUP>

<TBODY>

<TR ACOPY="Y" ADELETE="Y" HEIGHT="30">
<TD WIDTH="291" HEIGHT="23">[2025년 12월 30일 현재]</TD>
<TD ALIGN="RIGHT" WIDTH="291" HEIGHT="23">(단위 : 주)</TD>
</TR>
</TBODY>
</TABLE>

<TABLE ACLASS="NORMAL" AFIXTABLE="N" WIDTH="651" BORDER="1">

<COLGROUP WIDTH="651">
<COL WIDTH="156"></COL>
<COL WIDTH="102"></COL>
<COL WIDTH="127"></COL>
<COL WIDTH="133"></COL>
<COL WIDTH="133"></COL>
</COLGROUP>

<THEAD>

<TR ACOPY="Y" ADELETE="Y" HEIGHT="30">
<TH ROWSPAN="2" VALIGN="MIDDLE" WIDTH="147" HEIGHT="76" ACOPYCOL="Y" ADELETECOL="Y" AMOVECOL="N">성    명</TH>
<TH COLSPAN="4" VALIGN="MIDDLE" WIDTH="486" HEIGHT="23" ACOPYCOL="Y" ADELETECOL="Y" AMOVECOL="N">보유주식 변동내역</TH>
</TR>

<TR ACOPY="Y" ADELETE="Y" HEIGHT="53">
<TH VALIGN="MIDDLE" WIDTH="93" HEIGHT="46" ACOPYCOL="Y" ADELETECOL="Y" AMOVECOL="N">주식의 종류</TH>
<TH VALIGN="MIDDLE" WIDTH="118" HEIGHT="46" ACOPYCOL="Y" ADELETECOL="Y" AMOVECOL="N">계약개시직전일</TH>
<TH VALIGN="MIDDLE" WIDTH="124" HEIGHT="46" ACOPYCOL="Y" ADELETECOL="Y" AMOVECOL="N">보고서제출일</TH>
<TH VALIGN="MIDDLE" WIDTH="124" HEIGHT="46" ACOPYCOL="Y" ADELETECOL="Y" AMOVECOL="N">변동사유</TH>
</TR>
</THEAD>

<TBODY>

<TR ACOPY="Y" ADELETE="Y" HEIGHT="30">
<TD ALIGN="CENTER" WIDTH="147" HEIGHT="23">우석형</TD>
<TD ALIGN="CENTER" WIDTH="93" HEIGHT="23">보통주식</TD>
<TD ALIGN="CENTER" WIDTH="118" HEIGHT="23">1,179,705</TD>
<TD ALIGN="CENTER" WIDTH="124" HEIGHT="23">1,179,705</TD>
<TD WIDTH="124" HEIGHT="23" ALIGN="CENTER">변동없음</TD>
</TR>

<TR ACOPY="Y" ADELETE="Y" HEIGHT="30">
<TD ROWSPAN="3" ALIGN="CENTER" VALIGN="MIDDLE" WIDTH="147" HEIGHT="83">계</TD>
<TD ALIGN="CENTER" WIDTH="93" HEIGHT="23">보통주식</TD>
<TD ALIGN="CENTER" WIDTH="118" HEIGHT="23">1,179,705</TD>
<TD ALIGN="CENTER" WIDTH="124" HEIGHT="23">1,179,705</TD>
<TD WIDTH="124" HEIGHT="23" ALIGN="CENTER">변동없음</TD>
</TR>

<TR ACOPY="Y" ADELETE="Y" HEIGHT="30">
<TD ALIGN="CENTER" WIDTH="93" HEIGHT="23">기타주식</TD>
<TD ALIGN="CENTER" WIDTH="118" HEIGHT="23">-</TD>
<TD ALIGN="CENTER" WIDTH="124" HEIGHT="23">-</TD>
<TD WIDTH="124" HEIGHT="23" ALIGN="CENTER">-</TD>
</TR>

<TR ACOPY="Y" ADELETE="Y" HEIGHT="30">
<TD ALIGN="CENTER" WIDTH="93" HEIGHT="23">합  계</TD>
<TD ALIGN="CENTER" WIDTH="118" HEIGHT="23">1,179,705</TD>
<TD ALIGN="CENTER" WIDTH="124" HEIGHT="23">1,179,705</TD>
<TD WIDTH="124" HEIGHT="23" ALIGN="CENTER">변동없음</TD>
</TR>
</TBODY>
</TABLE>
</TABLE-GROUP>
<P></P>
</SECTION-2>

<SECTION-2 ACLASS="MANDATORY">
<TITLE ATOC="Y" AASSOCNOTE="D-0-1-6-0" ENG="6. Other matters necessary for investor protection" ATOCID="11">6. 기타 투자자 보호를 위하여 필요한 사항</TITLE>
<P></P>
<P>가. 신탁계약 현황                                                                         (단위 : 백만원)</P>

<TABLE WIDTH="777" BORDER="1" ACLASS="NORMAL" AFIXTABLE="N">

<COLGROUP WIDTH="777">
<COL WIDTH="120"></COL>
<COL WIDTH="203"></COL>
<COL WIDTH="127"></COL>
<COL WIDTH="121"></COL>
<COL WIDTH="206"></COL>
</COLGROUP>

<THEAD>

<TR ACOPY="Y" ADELETE="Y" HEIGHT="30">
<TH WIDTH="111" HEIGHT="23" ACOPYCOL="Y" ADELETECOL="Y" AMOVECOL="N">계약체결일자</TH>
<TH WIDTH="194" HEIGHT="23" ACOPYCOL="Y" ADELETECOL="Y" AMOVECOL="N">계약기간</TH>
<TH WIDTH="118" HEIGHT="23" ACOPYCOL="Y" ADELETECOL="Y" AMOVECOL="N">체결기관</TH>
<TH WIDTH="112" HEIGHT="23" ACOPYCOL="Y" ADELETECOL="Y" AMOVECOL="N">신탁계약금액</TH>
<TH WIDTH="197" HEIGHT="23" ACOPYCOL="Y" ADELETECOL="Y" AMOVECOL="N">비고</TH>
</TR>
</THEAD>

<TBODY>

<TR ACOPY="Y" ADELETE="Y" HEIGHT="30">
<TD WIDTH="111" HEIGHT="23" ALIGN="CENTER">2025.09.30</TD>
<TD WIDTH="194" HEIGHT="23" ALIGN="CENTER">2025.09.30∼2026.03.31</TD>
<TD WIDTH="118" HEIGHT="23" ALIGN="CENTER">삼성증권</TD>
<TD WIDTH="112" HEIGHT="23" ALIGN="CENTER">10,000</TD>
<TD WIDTH="197" HEIGHT="23" ALIGN="CENTER">본 취득상황보고서의 대상</TD>
</TR>
</TBODY>
</TABLE>
<P>나. 해당 신탁계약의 자산구성내역  및 취득비율 [2025년 12월 30일 현재]                                                        (단위 : 주, 백만원)</P>

<TABLE WIDTH="835" BORDER="1" ACLASS="NORMAL">

<COLGROUP WIDTH="835">
<COL WIDTH="92"></COL>
<COL WIDTH="108"></COL>
<COL WIDTH="126"></COL>
<COL WIDTH="157"></COL>
<COL WIDTH="141"></COL>
<COL WIDTH="211"></COL>
</COLGROUP>

<THEAD>

<TR ACOPY="Y" ADELETE="Y" HEIGHT="53">
<TH WIDTH="83" ACOPYCOL="Y" ADELETECOL="Y" AMOVECOL="N" VALIGN="MIDDLE" HEIGHT="46">구분</TH>
<TH WIDTH="99" ACOPYCOL="Y" ADELETECOL="Y" AMOVECOL="N" VALIGN="MIDDLE" HEIGHT="46">취득주식수</TH>
<TH WIDTH="117" ACOPYCOL="Y" ADELETECOL="Y" AMOVECOL="N" VALIGN="MIDDLE" HEIGHT="46">취득금액</TH>
<TH WIDTH="148" ACOPYCOL="Y" ADELETECOL="Y" AMOVECOL="N" VALIGN="MIDDLE" HEIGHT="46">신탁계약금액 대비취득금액 비율(%)</TH>
<TH WIDTH="132" ACOPYCOL="Y" ADELETECOL="Y" AMOVECOL="N" VALIGN="MIDDLE" HEIGHT="46">체결기관</TH>
<TH WIDTH="202" ACOPYCOL="Y" ADELETECOL="Y" AMOVECOL="N" VALIGN="MIDDLE" HEIGHT="46">비고</TH>
</TR>
</THEAD>

<TBODY>

<TR ACOPY="Y" ADELETE="Y" HEIGHT="30">
<TD ALIGN="CENTER" WIDTH="83" HEIGHT="23">보통주식</TD>
<TD ALIGN="RIGHT" WIDTH="99" HEIGHT="23">70,000</TD>

<TD ALIGN="RIGHT" WIDTH="117" HEIGHT="23">
<SPAN>3,096</SPAN>
</TD>
<TD ALIGN="RIGHT" WIDTH="148" HEIGHT="23">30.96</TD>
<TD ALIGN="CENTER" WIDTH="132" HEIGHT="23">삼성증권</TD>
<TD ALIGN="CENTER" WIDTH="202" HEIGHT="23">본 취득상황보고서의 대상</TD>
</TR>

<TR ACOPY="Y" ADELETE="Y" HEIGHT="30">
<TD ALIGN="CENTER" WIDTH="83" HEIGHT="23">현금</TD>
<TD WIDTH="99" HEIGHT="23"></TD>
<TD ALIGN="RIGHT" WIDTH="117" HEIGHT="23">6,947</TD>
<TD ALIGN="RIGHT" WIDTH="148" HEIGHT="23">69.47</TD>
<TD ALIGN="CENTER" WIDTH="132" HEIGHT="23">삼성증권</TD>
<TD ALIGN="CENTER" WIDTH="202" HEIGHT="23">본 취득상황보고서의 대상</TD>
</TR>
</TBODY>
</TABLE>
<P>* 현금은 신탁 이자 수익 포함된 금액입니다.</P>
</SECTION-2>
</SECTION-1>
</BODY>
</DOCUMENT>