<?xml version="1.0" encoding="utf-8"?>


<DOCUMENT xmlns:xsi="http://www.w3.org/2001/XMLSchema-instance" xsi:noNamespaceSchemaLocation="dart4.xsd">

<DOCUMENT-NAME ACODE="80621">기업집단현황공시(분기-개별회사용)</DOCUMENT-NAME>
<FORMULA-VERSION ADATE="20250421">6.1</FORMULA-VERSION>
<COMPANY-NAME AREGCIK="01947489">한국앤컴퍼니벤처스(주)</COMPANY-NAME>


<BODY ATOCID="10">

<LIBRARY>
<CORRECTION>
<TITLE ATOC="Y" AASSOCNOTE="CORRECTION" ENG="Report of Disclosure Revision" ATOCID="10">정 정 신 고 (보고)</TITLE>

<TABLE ACLASS="NORMAL" AFIXTABLE="Y" WIDTH="600" BORDER="0">

<COLGROUP WIDTH="600">
<COL WIDTH="600"></COL>
</COLGROUP>

<TBODY>

<TR ACOPY="N" ADELETE="N" HEIGHT="30">
<TD WIDTH="591" HEIGHT="23"></TD>
</TR>

<TR ACOPY="N" ADELETE="N" HEIGHT="30">
<TD WIDTH="591" HEIGHT="23" ALIGN="RIGHT">2026년 01월 07일</TD>
</TR>
</TBODY>
</TABLE>
<P></P>
<P></P>

<TABLE ACLASS="NORMAL" AFIXTABLE="Y" WIDTH="688" BORDER="0">

<COLGROUP WIDTH="688">
<COL WIDTH="165"></COL>
<COL WIDTH="523"></COL>
</COLGROUP>

<TBODY>

<TR ACOPY="N" ADELETE="N" HEIGHT="53">
<TD WIDTH="156" VALIGN="MIDDLE" AUPDATECONT="N" ENG="1. Disclosure document to be revised:" HEIGHT="46">1. 정정대상 공시서류 :</TD>
<TD WIDTH="514" VALIGN="MIDDLE" HEIGHT="46">대규모기업집단 소속회사에 대한 현황 공시[분기별공시(개별회사용)]</TD>
</TR>
</TBODY>
</TABLE>
<P></P>

<TABLE ACLASS="NORMAL" AFIXTABLE="Y" WIDTH="686" BORDER="0">

<COLGROUP WIDTH="686">
<COL WIDTH="260"></COL>
<COL WIDTH="426"></COL>
</COLGROUP>

<TBODY>

<TR ACOPY="N" ADELETE="N" HEIGHT="30">
<TD WIDTH="251" VALIGN="MIDDLE" AUPDATECONT="N" ENG="2. First submission date of disclosure document to be revised:" HEIGHT="23">2. 정정대상 공시서류의 최초제출일 :</TD>
<TD WIDTH="417" VALIGN="MIDDLE" HEIGHT="23" ALIGN="CENTER">2025.11.27</TD>
</TR>
</TBODY>
</TABLE>
<P></P>

<TABLE ACLASS="NORMAL" AFIXTABLE="Y" WIDTH="743" BORDER="0">

<COLGROUP WIDTH="743">
<COL WIDTH="743"></COL>
</COLGROUP>

<TBODY>

<TR ACOPY="N" ADELETE="N" HEIGHT="30">
<TD WIDTH="734" HEIGHT="23" VALIGN="MIDDLE" AUPDATECONT="N" ENG="3. Revised Information">3. 정정사항</TD>
</TR>
</TBODY>
</TABLE>

<TABLE ACLASS="NORMAL" AFIXTABLE="N" WIDTH="747" BORDER="1">

<COLGROUP WIDTH="747">
<COL WIDTH="143"></COL>
<COL WIDTH="213"></COL>
<COL WIDTH="218"></COL>
<COL WIDTH="173"></COL>
</COLGROUP>

<THEAD>

<TR ACOPY="N" ADELETE="N" HEIGHT="30">
<TH WIDTH="134" HEIGHT="23" VALIGN="MIDDLE" ACOPYCOL="N" ADELETECOL="N" AMOVECOL="N" AUPDATECONT="N" ENG="Items">항  목</TH>
<TH WIDTH="204" HEIGHT="23" VALIGN="MIDDLE" ACOPYCOL="N" ADELETECOL="N" AMOVECOL="N" AUPDATECONT="N" ENG="Reason for revision">정정사유</TH>
<TH WIDTH="209" HEIGHT="23" VALIGN="MIDDLE" ACOPYCOL="N" ADELETECOL="N" AMOVECOL="N" AUPDATECONT="N" ENG="Before revision">정 정 전</TH>
<TH WIDTH="164" HEIGHT="23" VALIGN="MIDDLE" ACOPYCOL="N" ADELETECOL="N" AMOVECOL="N" AUPDATECONT="N" ENG="After revision">정 정 후</TH>
</TR>
</THEAD>

<TBODY>

<TR ACOPY="Y" ADELETE="Y" HEIGHT="30">
<TD WIDTH="134" HEIGHT="23">기업집단 대표회사</TD>
<TD WIDTH="204" HEIGHT="23">기업집단 대표회사 기재 오류</TD>
<TD WIDTH="209" HEIGHT="23">한국앤컴퍼니벤처스 주식회사</TD>
<TD WIDTH="164" HEIGHT="23">한국앤컴퍼니 주식회사</TD>
</TR>
</TBODY>
</TABLE>

<P>
<SPAN USERMARK="B">(주1) 정정 전</SPAN>
</P>

<TABLE WIDTH="600" ACLASS="NORMAL" AFIXTABLE="N" BORDER="0">

<COLGROUP WIDTH="600">
<COL WIDTH="167"></COL>
<COL WIDTH="433"></COL>
</COLGROUP>

<TBODY>

<TR ACOPY="Y" ADELETE="Y" HEIGHT="32">
<TD WIDTH="158" HEIGHT="25">기업집단명 :</TD>
<TD WIDTH="424" HEIGHT="25">한국앤컴퍼니그룹</TD>
</TR>

<TR ACOPY="Y" ADELETE="Y" HEIGHT="32">
<TD WIDTH="158" HEIGHT="25"></TD>
<TD WIDTH="424" HEIGHT="25"></TD>
</TR>

<TR ACOPY="Y" ADELETE="Y" HEIGHT="32">
<TD WIDTH="158" HEIGHT="25">기업집단 동일인 :</TD>
<TD WIDTH="424" HEIGHT="25">조양래</TD>
</TR>

<TR ACOPY="Y" ADELETE="Y" HEIGHT="32">
<TD WIDTH="158" HEIGHT="25"></TD>
<TD WIDTH="424" HEIGHT="25"></TD>
</TR>

<TR ACOPY="Y" ADELETE="Y" HEIGHT="32">
<TD WIDTH="158" HEIGHT="25">기업집단 대표회사 :</TD>
<TD WIDTH="424" HEIGHT="25">한국앤컴퍼니벤처스 주식회사</TD>
</TR>
</TBODY>
</TABLE>

<P>
<SPAN USERMARK="B">(주2) 정정 후</SPAN>
</P>

<TABLE WIDTH="600" ACLASS="NORMAL" AFIXTABLE="N" BORDER="0">

<COLGROUP WIDTH="600">
<COL WIDTH="167"></COL>
<COL WIDTH="433"></COL>
</COLGROUP>

<TBODY>

<TR ACOPY="Y" ADELETE="Y" HEIGHT="32">
<TD WIDTH="158" HEIGHT="25">기업집단명 :</TD>
<TD WIDTH="424" HEIGHT="25">한국앤컴퍼니그룹</TD>
</TR>

<TR ACOPY="Y" ADELETE="Y" HEIGHT="32">
<TD WIDTH="158" HEIGHT="25"></TD>
<TD WIDTH="424" HEIGHT="25"></TD>
</TR>

<TR ACOPY="Y" ADELETE="Y" HEIGHT="32">
<TD WIDTH="158" HEIGHT="25">기업집단 동일인 :</TD>
<TD WIDTH="424" HEIGHT="25">조양래</TD>
</TR>

<TR ACOPY="Y" ADELETE="Y" HEIGHT="32">
<TD WIDTH="158" HEIGHT="25"></TD>
<TD WIDTH="424" HEIGHT="25"></TD>
</TR>

<TR ACOPY="Y" ADELETE="Y" HEIGHT="32">
<TD WIDTH="158" HEIGHT="25">기업집단 대표회사 :</TD>
<TD WIDTH="424" HEIGHT="25">한국앤컴퍼니 주식회사</TD>
</TR>
</TBODY>
</TABLE>
<PGBRK></PGBRK>
</CORRECTION>
</LIBRARY>


<COVER>
<COVER-TITLE ATOC="Y" AASSOCNOTE="COVER" ENG="Disclosure of the Status of Companies Affiliated with Large Business Groups" ATOCID="1">대규모기업집단 소속회사에 대한 현황 공시</COVER-TITLE>
<P></P>

<TABLE ACLASS="NORMAL" WIDTH="600" BORDER="0">

<COLGROUP WIDTH="600">
<COL WIDTH="167"></COL>
<COL WIDTH="433"></COL>
</COLGROUP>

<TBODY>

<TR ACOPY="Y" ADELETE="Y" HEIGHT="32">
<TD WIDTH="158" HEIGHT="25"></TD>
<TD WIDTH="424" HEIGHT="25"></TD>
</TR>

<TR ACOPY="Y" ADELETE="Y" HEIGHT="32">
<TD WIDTH="158" HEIGHT="25">기업집단명 :</TD>
<TD WIDTH="424" HEIGHT="25">한국앤컴퍼니그룹</TD>
</TR>

<TR ACOPY="Y" ADELETE="Y" HEIGHT="32">
<TD WIDTH="158" HEIGHT="25"></TD>
<TD WIDTH="424" HEIGHT="25"></TD>
</TR>

<TR ACOPY="Y" ADELETE="Y" HEIGHT="32">
<TD WIDTH="158" HEIGHT="25">기업집단 동일인 :</TD>
<TD WIDTH="424" HEIGHT="25">조양래</TD>
</TR>

<TR ACOPY="Y" ADELETE="Y" HEIGHT="32">
<TD WIDTH="158" HEIGHT="25"></TD>
<TD WIDTH="424" HEIGHT="25"></TD>
</TR>

<TR ACOPY="Y" ADELETE="Y" HEIGHT="30">
<TD WIDTH="158" HEIGHT="23">기업집단 대표회사 :</TD>
<TD WIDTH="424" HEIGHT="23">한국앤컴퍼니 주식회사</TD>
</TR>

<TR ACOPY="Y" ADELETE="Y" HEIGHT="32">
<TD WIDTH="158" HEIGHT="25"></TD>
<TD WIDTH="424" HEIGHT="25"></TD>
</TR>

<TR ACOPY="Y" ADELETE="Y" HEIGHT="32">
<TD WIDTH="158" HEIGHT="25">작성회사 :</TD>
<TD WIDTH="424" HEIGHT="25">한국앤컴퍼니벤처스 주식회사</TD>
</TR>

<TR ACOPY="Y" ADELETE="Y" HEIGHT="30">
<TD WIDTH="158" HEIGHT="23">담당자 :</TD>
<TD WIDTH="424" HEIGHT="23">권 혁 (대표이사) , 전화번호(031-5178-7127)</TD>
</TR>

<TR ACOPY="Y" ADELETE="Y" HEIGHT="32">
<TD WIDTH="158" HEIGHT="25"></TD>
<TD WIDTH="424" HEIGHT="25"></TD>
</TR>
</TBODY>
</TABLE>
<P></P>

<TABLE ACLASS="NORMAL" WIDTH="600" BORDER="1">

<COLGROUP WIDTH="600">
<COL WIDTH="600"></COL>
</COLGROUP>

<TBODY>

<TR ACOPY="Y" ADELETE="Y" HEIGHT="119">

<TD WIDTH="591" HEIGHT="112">
<P><참조>B 기업집단현황 공시의 대표회사는 C사이며 B 기업집단의 전체현황 공시는 대표회사 C사가 제출한 B 기업집단현황 공시와 동일하므로 C사가 제출한 B 기업집단 현황 공시를 참조하시기 바랍니다.</P>
</TD>
</TR>
</TBODY>
</TABLE>
<PGBRK></PGBRK>
</COVER>

<SECTION-1 ACLASS="MANDATORY" APARTSOURCE="SOURCE">
<TITLE ATOC="Y" ENG="4. Status of Circular Shareholdings [ESG]" ATOCID="2">4. 순환출자 현황[ESG]</TITLE>

<SECTION-2 ACLASS="MANDATORY">
<TITLE ATOC="Y" AASSOCNOTE="D-0-4-2-0" ENG="(2) Changes in Circular Shareholdings [ESG]" ATOCID="3">(2) 국내 계열회사간 순환출자 변동 내역[ESG]</TITLE>

<TABLE ACLASS="NORMAL" AFIXTABLE="Y" WIDTH="600" BORDER="0">

<COLGROUP WIDTH="600">
<COL WIDTH="600"></COL>
</COLGROUP>

<TBODY>

<TR ACOPY="N" ADELETE="N" HEIGHT="30">
<TD WIDTH="591" HEIGHT="23" AUPDATECONT="N" ENG=": Quarterly Changes in Circular Shareholdings">: 국내 계열회사간 분기별 순환출자 현황 및 변동내역</TD>
</TR>
</TBODY>
</TABLE>
<P><소속회사용>- 해당사항 없음.</P>
</SECTION-2>
</SECTION-1>

<SECTION-1 ACLASS="MANDATORY" APARTSOURCE="SOURCE">
<TITLE ATOC="Y" ENG="6. Exercise of Voting Rights by Financial/Insurance Companies [ESG]" ATOCID="4">6. 금융ㆍ보험사 의결권 행사 현황[ESG]</TITLE>

<SECTION-2 ACLASS="MANDATORY">
<TITLE ATOC="Y" AASSOCNOTE="D-0-6-1-0" ENG="(1) Exercise of Voting Rights in Shares of Its Domestic Affiliates by Financial/Insurance Companies [ESG]" ATOCID="5">(1) 금융ㆍ보험사의 국내계열회사주식에 대한 의결권 행사 현황[ESG]</TITLE>
<P>- 해당사항 없음.</P>
</SECTION-2>
</SECTION-1>

<SECTION-1 ACLASS="MANDATORY" APARTSOURCE="SOURCE">
<TITLE ATOC="Y" ENG="7. Related-Party Transactions" ATOCID="6">7. 계열회사와 특수관계인간 거래현황</TITLE>

<SECTION-2 ACLASS="MANDATORY">
<TITLE ATOC="Y" AASSOCNOTE="D-0-7-6-0" ENG="(6) Significant Transactions of Goods and Services with Affiliates" ATOCID="7">(6) 계열회사간 주요 상품ㆍ용역거래 내역</TITLE>

<TABLE ACLASS="NORMAL" AFIXTABLE="Y" WIDTH="600" BORDER="0">

<COLGROUP WIDTH="600">
<COL WIDTH="600"></COL>
</COLGROUP>

<TBODY>

<TR ACOPY="N" ADELETE="N" HEIGHT="30">
<TD WIDTH="591" HEIGHT="23" AUPDATECONT="N" ENG=": Details of Goods and Services Transactions to Affiliates Exceeding a Certain Monetary Threshold">: 국내 계열회사와 상품ㆍ용역을 거래한 금액이 일정 규모 이상인 경우, 그 거래 내역</TD>
</TR>
</TBODY>
</TABLE>
<P USERMARK="U">가. 상장회사와 그 계열회사간 주요 상품ㆍ용역거래 내역 (분기)</P>
<P>소속회사가 상장회사인 경우 당해 양식 사용</P>
<P>- 해당사항 없음.</P>
<P></P>
</SECTION-2>

<SECTION-2 ACLASS="MANDATORY">
<TITLE ATOC="Y" AASSOCNOTE="D-0-7-14-0" ENG="(14) Debt Guarantees for Affiliates" ATOCID="8">(14) 계열회사간 채무보증 현황</TITLE>

<TABLE ACLASS="NORMAL" AFIXTABLE="Y" WIDTH="600" BORDER="0">

<COLGROUP WIDTH="600">
<COL WIDTH="600"></COL>
</COLGROUP>

<TBODY>

<TR ACOPY="N" ADELETE="N" HEIGHT="30">
<TD WIDTH="591" HEIGHT="23" AUPDATECONT="N" ENG=": Details of Debt Guarantees for Domestic Affiliates, etc.">: 국내 계열회사 등을 위해 제공한 채무보증 내역</TD>
</TR>
</TBODY>
</TABLE>
<P USERMARK="U">가. 공정거래법상 제한되는 채무보증</P>
<P>- 해당사항 없음.</P>

<P>
<SPAN USERMARK="U">나. 공정거래법상 제한되는 채무보증 이외의 채무보증</SPAN>
<SPAN>- 해당사항 없음.</SPAN>
</P>
<P USERMARK="U">다. 이행보증ㆍ납세보증 등</P>
<P>- 해당사항 없음</P>
</SECTION-2>
</SECTION-1>
</BODY>
</DOCUMENT>