<html>
 <head> 
  <meta content="gdi" http-equiv="X-UA-TextLayoutMetrics"> 
  <meta content="text/html; charset=euc-kr" http-equiv="Content-Type"> 
  <STYLE>
.xforms * { font-family: 돋움체;}
.xforms_title * { font-size: 13pt; padding : 0 0 10 0;}

.xforms table {
    font-size: 10px;
    padding:0px;
    border-collapse:collapse;
    color: #3D3D3D;
}
.xforms td {
    padding-left:0px;
    padding-top:0px;
    border-collapse:collapse;
    line-height:22px;
    color: #3D3D3D;
    /*text-align:right;*/
    vertical-align:middle;
    border: 1px solid #7f7f7f;
}

.xforms span {
    /*display: inline-block;*/
    padding-left:3px;
    padding-right: 1px;
    line-height:22px;
    padding-top:0px;
    padding-bottom:0px;
    text-align:left;
    vertical-align:middle;
    border: 0px solid #DBDBDB;
}

.xforms.img{
    border : 0px;
}

.xforms a:link {

    color: #194866;
    text-decoration: none;
}
.xforms a:active {

    color: #194866;
    text-decoration: none;
}
.xforms a:visited {
    color: #194866;
    text-decoration: none;
}

.xforms A:hover {
    color:008BE3;
    text-decoration: none;
}

.xforms_input{
    border: 0px solid #DBDBDB;
    padding-left:3px;
    padding-right: 1px;
    height:22px;
    padding-top:0px;
    padding-bottom:0px;
    text-align:left;
}
</STYLE> 
  <title>일진전기/단일판매ㆍ공급계약체결/(2026.01.05)단일판매ㆍ공급계약체결</title> 
 </head> 
 <body> 
  <div class="xforms"> 
   <div> 
    <span class="noprint" style="display:none;width:600px;font-size:10pt;"> </span> 
    <span style="width:592px;font-weight:bold;text-align:center;">단일판매ㆍ공급계약 체결</span> 
    <span class="noprint" style="display:none;width:600px;font-size:10pt;"> </span> 
    <table border="1" bordercolordark="white" bordercolorlight="#666666" cellpadding="1" cellspacing="0" id="XFormD1_Form0_Table0" style="margin:0px 0px 20px 0px;width:594px;font-size:10pt;border:1px solid #7f7f7f;"> 
     <tbody> 
      <tr> 
       <td colspan="2" width="300"> <span style="width:300px;font-size:10pt;">1. 판매ㆍ공급계약 구분</span> </td> 
       <td width="294"> <span class="xforms_input" style="width:294px;font-size:10pt;">상품공급</span> </td> 
      </tr> 
      <tr> 
       <td colspan="2" width="300"> <span style="width:300px;font-size:10pt;">- 체결계약명</span> </td> 
       <td width="294"> <span class="xforms_input" style="width:294px;font-size:10pt;">변압기 공급 계약</span> </td> 
      </tr> 
      <tr> 
       <td rowspan="4" width="144"> <span style="width:144px;font-size:10pt;">2. 계약내역</span> </td> 
       <td width="156"> <span style="width:156px;font-size:10pt;text-align:center;">계약금액(원)</span> </td> 
       <td width="294"> <span class="xforms_input" style="width:294px;font-size:10pt;text-align:right;">197,652,178,784</span> </td> 
      </tr> 
      <tr> 
       <td width="156"> <span style="width:156px;font-size:10pt;text-align:center;">최근매출액(원)</span> </td> 
       <td width="294"> <span class="xforms_input" style="width:294px;font-size:10pt;text-align:right;">1,577,247,371,131</span> </td> 
      </tr> 
      <tr> 
       <td width="156"> <span style="width:156px;font-size:10pt;text-align:center;">매출액대비(%)</span> </td> 
       <td width="294"> <span class="xforms_input" style="width:294px;font-size:10pt;text-align:right;">12.53</span> </td> 
      </tr> 
      <tr> 
       <td width="156"> <span style="width:156px;font-size:10pt;text-align:center;">대규모법인여부</span> </td> 
       <td width="294"> <span class="xforms_input" style="width:294px;font-size:10pt;">미해당</span> </td> 
      </tr> 
      <tr> 
       <td colspan="2" width="300"> <span style="width:300px;font-size:10pt;">3. 계약상대</span> </td> 
       <td width="294"> <span class="xforms_input" style="width:294px;font-size:10pt;">ILJIN Electric USA</span> </td> 
      </tr> 
      <tr> 
       <td colspan="2" width="300"> <span style="width:300px;font-size:10pt;">- 회사와의 관계</span> </td> 
       <td width="294"> <span class="xforms_input" style="width:294px;font-size:10pt;">자회사</span> </td> 
      </tr> 
      <tr> 
       <td colspan="2" width="300"> <span style="width:300px;font-size:10pt;">4. 판매ㆍ공급지역</span> </td> 
       <td width="294"> <span class="xforms_input" style="width:294px;font-size:10pt;">미국</span> </td> 
      </tr> 
      <tr> 
       <td rowspan="2" width="144"> <span style="width:144px;font-size:10pt;">5. 계약기간</span> </td> 
       <td width="156"> <span style="width:156px;font-size:10pt;text-align:center;">시작일</span> </td> 
       <td width="294"> <span class="xforms_input" style="width:294px;font-size:10pt;">2026-01-02</span> </td> 
      </tr> 
      <tr> 
       <td width="156"> <span style="width:156px;font-size:10pt;text-align:center;">종료일</span> </td> 
       <td width="294"> <span class="xforms_input" style="width:294px;font-size:10pt;">2029-12-31</span> </td> 
      </tr> 
      <tr> 
       <td rowspan="2" width="144"> <span style="width:144px;font-size:10pt;">6. 주요 계약조건</span> </td> 
       <td width="156"> <span style="width:156px;font-size:10pt;text-align:center;">계약금ㆍ선급금 유무</span> </td> 
       <td width="294"> <span class="xforms_input" style="width:294px;font-size:10pt;">무</span> </td> 
      </tr> 
      <tr> 
       <td width="156"> <span style="width:156px;font-size:10pt;text-align:center;">대금지급 조건 등</span> </td> 
       <td width="294"> <span class="xforms_input" style="width:294px;font-size:10pt;">공급계약 진행에 따른 청구 및 지급</span> </td> 
      </tr> 
      <tr> 
       <td colspan="2" width="300"> <span style="width:300px;font-size:10pt;">7. 계약(수주)일자</span> </td> 
       <td width="294"> <span class="xforms_input" style="width:294px;font-size:10pt;">2026-01-02</span> </td> 
      </tr> 
      <tr> 
       <td rowspan="2" width="144"> <span style="width:144px;font-size:10pt;">8. 공시유보 관련내용</span> </td> 
       <td width="156"> <span style="width:156px;font-size:10pt;text-align:center;">유보사유</span> </td> 
       <td width="294"> <span class="xforms_input" style="width:294px;font-size:10pt;">-</span> </td> 
      </tr> 
      <tr> 
       <td width="156"> <span style="width:156px;font-size:10pt;text-align:center;">유보기한</span> </td> 
       <td width="294"> <span class="xforms_input" style="width:294px;font-size:10pt;">-</span> </td> 
      </tr> 
      <tr> 
       <td colspan="3" width="594"> <span style="width:594px;font-size:10pt;">9. 기타 투자판단과 관련한 중요사항</span> </td> 
      </tr> 
      <tr> 
       <td colspan="3" width="594"> <span class="xforms_input" style="width:594px;font-size:10pt;">1) 상기 계약은 당사의 미국 판매법인(ILJIN Electric USA)과 미국 발전사업자와의 <br xmlns:java="http://xml.apache.org/xalan/java">
         <!--?javax.xml.transform.disable-output-escaping?--> 
         <!--?javax.xml.transform.enable-output-escaping?-->  계약으로 당사로 재 발주한 공급계약임. <br xmlns:java="http://xml.apache.org/xalan/java">
         <!--?javax.xml.transform.disable-output-escaping?--> 
         <!--?javax.xml.transform.enable-output-escaping?-->  (*1) 계약상대의 비밀유지 요청에 따라 구체적인 이름을 기재하지 않습니다. <br xmlns:java="http://xml.apache.org/xalan/java"> <br xmlns:java="http://xml.apache.org/xalan/java">2) 상기 2항의 계약금액은 미화(USD) 137,746,309을 계약일자(2026년 01월 02일) <br xmlns:java="http://xml.apache.org/xalan/java">
         <!--?javax.xml.transform.disable-output-escaping?--> 
         <!--?javax.xml.transform.enable-output-escaping?-->  의 KEB 하나은행 최초고시 매매기준율 1,434.90원으로 환산한 금액임. <br xmlns:java="http://xml.apache.org/xalan/java"> <br xmlns:java="http://xml.apache.org/xalan/java">3) 상기 2항의 최근 매출액은 2024년말 연결재무제표 기준임. <br xmlns:java="http://xml.apache.org/xalan/java"> <br xmlns:java="http://xml.apache.org/xalan/java">4) 계약금액 및 계약기간은 실제 공급진행 상황에 따라 일부 변동될 수 있음.</span> </td> 
      </tr> 
      <tr> 
       <td width="144"> <span style="width:144px;font-size:10pt;">※ 관련공시</span> </td> 
       <td colspan="2" width="450"> <span class="xforms_input" style="width:450px;font-size:10pt;">-</span> </td> 
      </tr> 
     </tbody> 
    </table> 
   </div> 
  </div>  
 </body>
</html>