<html>
 <head> 
  <meta content="gdi" http-equiv="X-UA-TextLayoutMetrics"> 
  <meta content="text/html; charset=euc-kr" http-equiv="Content-Type"> 
  <STYLE>
.xforms * { font-family: 돋움체;}
.xforms_title * { font-size: 13pt; padding : 0 0 10 0;}

.xforms table {
    font-size: 10px;
    padding:0px;
    border-collapse:collapse;
    color: #3D3D3D;
}
.xforms td {
    padding-left:0px;
    padding-top:0px;
    border-collapse:collapse;
    line-height:22px;
    color: #3D3D3D;
    /*text-align:right;*/
    vertical-align:middle;
    border: 1px solid #7f7f7f;
}

.xforms span {
    /*display: inline-block;*/
    padding-left:3px;
    padding-right: 1px;
    line-height:22px;
    padding-top:0px;
    padding-bottom:0px;
    text-align:left;
    vertical-align:middle;
    border: 0px solid #DBDBDB;
}

.xforms.img{
    border : 0px;
}

.xforms a:link {

    color: #194866;
    text-decoration: none;
}
.xforms a:active {

    color: #194866;
    text-decoration: none;
}
.xforms a:visited {
    color: #194866;
    text-decoration: none;
}

.xforms A:hover {
    color:008BE3;
    text-decoration: none;
}

.xforms_input{
    border: 0px solid #DBDBDB;
    padding-left:3px;
    padding-right: 1px;
    height:22px;
    padding-top:0px;
    padding-bottom:0px;
    text-align:left;
}
</STYLE> 
  <title>성호전자/유상증자결정(종속회사의 주요경영사항)/(2026.01.05)유상증자결정(종속회사의 주요경영사항)</title> 
 </head> 
 <body> 
  <div class="xforms"> 
   <div> 
    <span class="noprint" style="display:none;width:600px;font-size:10pt;"> </span> 
    <div class="xforms_title"> 
     <div> 
      <span style="width:600px;font-weight:bold;text-align:center;">유상증자결정(종속회사의 주요경영사항)</span> 
     </div> 
    </div> 
    <table border="1" bordercolordark="white" bordercolorlight="#666666" cellpadding="1" cellspacing="0" id="XFormD3_Form0_Table0" style="margin:0px 0px 20px 0px;width:600px;font-size:10pt;border:1px solid #7f7f7f;"> 
     <tbody> 
      <tr> 
       <td width="136"> <span style="width:136px;font-size:10pt;">종속회사인</span> </td> 
       <td width="264"> <span class="xforms_input" style="width:264px;font-size:10pt;">어매이징홀딩스 주식회사</span> </td> 
       <td width="200"> <span style="width:200px;font-size:10pt;">의 주요경영사항 신고</span> </td> 
      </tr> 
     </tbody> 
    </table> 
    <table border="1" bordercolordark="white" bordercolorlight="#666666" cellpadding="1" cellspacing="0" id="XFormD3_Form0_Table3" style="margin:0px 0px 20px 0px;width:600px;font-size:10pt;border:1px solid #7f7f7f;"> 
     <tbody> 
      <tr> 
       <td rowspan="2" width="144"> <span style="width:144px;font-size:10pt;">1. 신주의 종류와 수</span> </td> 
       <td width="144"> <span style="width:144px;font-size:10pt;text-align:center;">보통주식(주)</span> </td> 
       <td width="312"> <span class="xforms_input" style="width:312px;font-size:10pt;text-align:right;">-</span> </td> 
      </tr> 
      <tr> 
       <td width="144"> <span style="width:144px;font-size:10pt;text-align:center;">종류주식(주)</span> </td> 
       <td width="312"> <span class="xforms_input" style="width:312px;font-size:10pt;text-align:right;">320,000</span> </td> 
      </tr> 
      <tr> 
       <td colspan="2" width="288"> <span style="width:288px;font-size:10pt;">2. 1주당 액면가액(원)</span> </td> 
       <td width="312"> <span class="xforms_input" style="width:312px;font-size:10pt;text-align:right;">5,000</span> </td> 
      </tr> 
      <tr> 
       <td rowspan="2" width="144"> <span style="width:144px;font-size:10pt;">3. 증자전 발행주식총수(주)</span> </td> 
       <td width="144"> <span style="width:144px;font-size:10pt;text-align:center;">보통주식(주)</span> </td> 
       <td width="312"> <span class="xforms_input" style="width:312px;font-size:10pt;text-align:right;">10</span> </td> 
      </tr> 
      <tr> 
       <td width="144"> <span style="width:144px;font-size:10pt;text-align:center;">종류주식(주)</span> </td> 
       <td width="312"> <span class="xforms_input" style="width:312px;font-size:10pt;text-align:right;">-</span> </td> 
      </tr> 
      <tr> 
       <td rowspan="6" width="144"> <span style="width:144px;font-size:10pt;">4. 자금조달의 목적</span> </td> 
       <td width="144"> <span style="width:144px;font-size:10pt;text-align:center;">시설자금(원)</span> </td> 
       <td width="312"> <span class="xforms_input" style="width:312px;font-size:10pt;text-align:right;">-</span> </td> 
      </tr> 
      <tr> 
       <td width="144"> <span style="width:144px;font-size:10pt;text-align:center;">영업양수자금(원)</span> </td> 
       <td width="312"> <span class="xforms_input" style="width:312px;font-size:10pt;text-align:right;">-</span> </td> 
      </tr> 
      <tr> 
       <td width="144"> <span style="width:144px;font-size:10pt;text-align:center;">운영자금(원)</span> </td> 
       <td width="312"> <span class="xforms_input" style="width:312px;font-size:10pt;text-align:right;">-</span> </td> 
      </tr> 
      <tr> 
       <td width="144"> <span style="width:144px;font-size:10pt;text-align:center;">채무상환자금(원)</span> </td> 
       <td width="312"> <span class="xforms_input" style="width:312px;font-size:10pt;text-align:right;">-</span> </td> 
      </tr> 
      <tr> 
       <td width="144"> <span style="width:144px;font-size:10pt;text-align:center;">타법인 증권 취득자금(원)</span> </td> 
       <td width="312"> <span class="xforms_input" style="width:312px;font-size:10pt;text-align:right;">64,000,000,000</span> </td> 
      </tr> 
      <tr> 
       <td width="144"> <span style="width:144px;font-size:10pt;text-align:center;">기타자금(원)</span> </td> 
       <td width="312"> <span class="xforms_input" style="width:312px;font-size:10pt;text-align:right;">-</span> </td> 
      </tr> 
      <tr> 
       <td colspan="2" width="288"> <span style="width:288px;font-size:10pt;">5. 증자방식</span> </td> 
       <td width="312"> <span class="xforms_input" style="width:312px;font-size:10pt;">제3자배정증자</span> </td> 
      </tr> 
     </tbody> 
    </table> 
    <span class="noprint" style="display:none;width:600px;font-size:10pt;"> </span> 
    <span class="noprint" style="display:none;width:600px;font-size:10pt;"> </span> 
    <span class="noprint" style="display:none;width:600px;font-size:10pt;"> </span> 
    <div id="LIB_L7054" style="width:600px;font-size:10pt;;padding:0 0 20 0"> 
     <div> 
      <div> 
       <span style="width:600px;font-size:11pt;font-weight:bold;">[제3자배정증자의 경우]</span> 
       <table border="1" bordercolordark="white" bordercolorlight="#666666" cellpadding="1" cellspacing="0" id="XFormD1_Form0_Table1" style="margin:0px 0px 20px 0px;width:599px;font-size:10pt;border:1px solid #7f7f7f;"> 
        <tbody> 
         <tr> 
          <td rowspan="2" width="149"> <span style="width:149px;font-size:10pt;">6. 신주 발행가액</span> </td> 
          <td width="158"> <span style="width:158px;font-size:10pt;text-align:center;">보통주식(원)</span> </td> 
          <td colspan="2" width="292"> <span class="xforms_input" style="width:292px;font-size:10pt;text-align:right;">-</span> </td> 
         </tr> 
         <tr> 
          <td width="158"> <span style="width:158px;font-size:10pt;text-align:center;">종류주식(원)</span> </td> 
          <td colspan="2" width="292"> <span class="xforms_input" style="width:292px;font-size:10pt;text-align:right;">200,000</span> </td> 
         </tr> 
         <tr> 
          <td colspan="2" width="307"> <span style="width:307px;font-size:10pt;">7. 기준주가에 대한 할인율 또는 할증율 (%)</span> </td> 
          <td colspan="2" width="292"> <span class="xforms_input" style="width:292px;font-size:10pt;text-align:right;">-</span> </td> 
         </tr> 
         <tr> 
          <td colspan="2" width="307"> <span style="width:307px;font-size:10pt;">8. 제3자배정에 대한 정관의 근거</span> </td> 
          <td colspan="2" width="292"> <span class="xforms_input" style="width:292px;font-size:10pt;">제10조(신주인수권) 제2항 제7호</span> </td> 
         </tr> 
         <tr> 
          <td colspan="2" width="307"> <span style="width:307px;font-size:10pt;">9. 납입일</span> </td> 
          <td colspan="2" width="292"> <span class="xforms_input" style="width:292px;font-size:10pt;">2026-01-08</span> </td> 
         </tr> 
         <tr> 
          <td colspan="2" width="307"> <span style="width:307px;font-size:10pt;">10. 신주의 배당기산일</span> </td> 
          <td colspan="2" width="292"> <span class="xforms_input" style="width:292px;font-size:10pt;">2025-12-31</span> </td> 
         </tr> 
         <tr> 
          <td colspan="2" width="307"> <span style="width:307px;font-size:10pt;">11. 신주권교부예정일</span> </td> 
          <td colspan="2" width="292"> <span class="xforms_input" style="width:292px;font-size:10pt;">-</span> </td> 
         </tr> 
         <tr> 
          <td colspan="2" width="307"> <span style="width:307px;font-size:10pt;">12. 현물출자 관련사항</span> </td> 
          <td colspan="2" width="292"> <span style="width:292px;font-size:10pt;"> <br java="http://xml.apache.org/xalan/java"></span> </td> 
         </tr> 
         <tr> 
          <td colspan="2" width="307"> <span style="width:307px;font-size:10pt;"> - 현물출자가 있는지 여부</span> </td> 
          <td colspan="2" width="292"> <span class="xforms_input" style="width:292px;font-size:10pt;">아니오</span> </td> 
         </tr> 
         <tr> 
          <td colspan="2" width="307"> <span style="width:307px;font-size:10pt;"> - 현물출자 재산 중 주권비상장법인 주식이 있는지 여부</span> </td> 
          <td colspan="2" width="292"> <span class="xforms_input" style="width:292px;font-size:10pt;">해당사항없음</span> </td> 
         </tr> 
         <tr> 
          <td rowspan="2" width="149"> <span style="width:149px;font-size:10pt;"> - 납입예정 주식의 현물출자 가액</span> </td> 
          <td width="158"> <span style="width:158px;font-size:10pt;text-align:center;">현물출자가액(원)</span> </td> 
          <td colspan="2" width="292"> <span class="xforms_input" style="width:292px;font-size:10pt;text-align:right;">-</span> </td> 
         </tr> 
         <tr> 
          <td width="158"> <span style="width:158px;font-size:10pt;text-align:center;">당사 최근사업연도 자산총액 대비(%)</span> </td> 
          <td colspan="2" width="292"> <span class="xforms_input" style="width:292px;font-size:10pt;text-align:right;">-</span> </td> 
         </tr> 
         <tr> 
          <td colspan="2" width="307"> <span style="width:307px;font-size:10pt;"> - 납입예정 주식수</span> </td> 
          <td colspan="2" width="292"> <span class="xforms_input" style="width:292px;font-size:10pt;text-align:right;">-</span> </td> 
         </tr> 
         <tr> 
          <td colspan="2" width="307"> <span style="width:307px;font-size:10pt;">13. 이사회결의일(결정일)</span> </td> 
          <td colspan="2" width="292"> <span class="xforms_input" style="width:292px;font-size:10pt;">2026-01-05</span> </td> 
         </tr> 
         <tr> 
          <td rowspan="2" width="149"> <span style="width:149px;font-size:10pt;"> - 사외이사 참석여부</span> </td> 
          <td width="158"> <span style="width:158px;font-size:10pt;text-align:center;">참석(명)</span> </td> 
          <td colspan="2" width="292"> <span class="xforms_input" style="width:292px;font-size:10pt;text-align:right;">-</span> </td> 
         </tr> 
         <tr> 
          <td width="158"> <span style="width:158px;font-size:10pt;text-align:center;">불참(명)</span> </td> 
          <td colspan="2" width="292"> <span class="xforms_input" style="width:292px;font-size:10pt;text-align:right;">-</span> </td> 
         </tr> 
         <tr> 
          <td colspan="2" width="307"> <span style="width:307px;font-size:10pt;"> - 감사(사외이사가 아닌 감사위원)참석 여부</span> </td> 
          <td colspan="2" width="292"> <span class="xforms_input" style="width:292px;font-size:10pt;">-</span> </td> 
         </tr> 
         <tr> 
          <td colspan="2" width="307"> <span style="width:307px;font-size:10pt;">14. 증권신고서 제출대상 여부</span> </td> 
          <td colspan="2" width="292"> <span class="xforms_input" style="width:292px;font-size:10pt;">아니오</span> </td> 
         </tr> 
         <tr> 
          <td colspan="2" width="307"> <span style="width:307px;font-size:10pt;">15. 제출을 면제받은 경우 그 사유</span> </td> 
          <td colspan="2" width="292"> <span class="xforms_input" style="width:292px;font-size:10pt;">해당 종속회사는 비상장법인이며, 모집에 해당하지 않습니다.</span> </td> 
         </tr> 
         <tr> 
          <td colspan="2" width="307"> <span style="width:307px;font-size:10pt;">16. 공정거래위원회 신고대상 여부</span> </td> 
          <td colspan="2" width="292"> <span class="xforms_input" style="width:292px;font-size:10pt;">아니오</span> </td> 
         </tr> 
         <tr> 
          <td colspan="2" rowspan="2" width="307"> <span style="width:307px;font-size:10pt;">17. 기타 투자판단에 참고할 사항</span> </td> 
          <td colspan="2" width="292"> <span class="xforms_input" style="width:292px;font-size:10pt;">1. 본 공시는 성호전자㈜가 100% 지분을 보유하고 있는 종속회사 어매이징홀딩스㈜의 제3자배정 유상증자 결의에 관한 사항입니다. <br java="http://xml.apache.org/xalan/java"> <br java="http://xml.apache.org/xalan/java">2. 상기 '13. 이사회결의일(결정일)'과 관련하여 어매이징홀딩스㈜는 동 결의일 기준 자본금 10억원 미만의 법인으로 1인 이사를 두고 있기 때문에 이사회가 존재하지 않습니다. 따라서 '사외이사 참석여부'와 '감사(사외이사가 아닌 감사위원) 참석 여부'는 기재를 생략하였고, 상법에 따라 주주총회 결의로 본 유상증자에 대한 이사회 결의를 대체한 바, 이사회결의일(결정일)은 주주총회 결의일을 의미합니다. <br java="http://xml.apache.org/xalan/java"> <br java="http://xml.apache.org/xalan/java">3. 아래 '종속회사에 관한 사항' 중 '종속회사의 자산총액'은 2025년에 신규 설립된 법인이므로 기재를 생략하였으며, '지배회사의 연결 자산총액'은 당사의 2024년 말 연결재무제표 기준입니다. <br java="http://xml.apache.org/xalan/java"> <br java="http://xml.apache.org/xalan/java">4. 본 건 관련 세부사항에 대한 결정 및 집행권한은 대표이사에게 위임합니다.</span> </td> 
         </tr> 
         <tr> 
          <td width="92"> <span style="width:92px;font-size:10pt;">※ 관련공시</span> </td> 
          <td width="200"> <span class="xforms_input" style="width:200px;font-size:10pt;">-</span> </td> 
         </tr> 
        </tbody> 
       </table> 
       <span style="width:600px;font-size:11pt;font-weight:bold;">[제3자배정 근거, 목적 등]</span> 
       <table border="1" bordercolordark="white" bordercolorlight="#666666" cellpadding="1" cellspacing="0" id="XFormD1_Form0_RepeatTable0" style="margin:0px 0px 20px 0px;width:600px;font-size:10pt;border:1px solid #7f7f7f;"> 
        <tbody> 
         <tr> 
          <td width="300"> <span style="width:300px;font-size:10pt;text-align:center;">제3자배정 근거가 되는 정관규정</span> </td> 
          <td width="300"> <span style="width:300px;font-size:10pt;text-align:center;">제3자배정 증자의 목적</span> </td> 
         </tr> 
         <tr> 
          <td width="300"> <span class="xforms_input" style="width:300px;font-size:10pt;">제10조(신주인수권) <br java="http://xml.apache.org/xalan/java">① 이 회사의 주주는 신주발행에 있어서 그가 소유한 주식수에 비례하여 신주의 배정을 받을 권리를 가진다. <br java="http://xml.apache.org/xalan/java">② 제1항의 규정에도 불구하고 다음 각호의 경우에는 주주외의 자에게 신주를 배정할 수 있다. <br java="http://xml.apache.org/xalan/java"> 1. 일반공모증자 방식으로 신주를 발행하는 경우 <br java="http://xml.apache.org/xalan/java"> 2. 우리사주조합원에게 신주를 우선 배정하는 경우 <br java="http://xml.apache.org/xalan/java"> 3. 주식매수선택권의 행사로 인하여 신주를 발행하는 경우 <br java="http://xml.apache.org/xalan/java"> 4. 자본시장과 금융투자업에 관한 법률규정에 의하여 주식예탁증서(DR) 발행에 따라 신주를 발행하는 경우 <br java="http://xml.apache.org/xalan/java"> 5. 회사가 경영상 필요로 외국인투자촉진법에 의한 외국인투자를 위하여 신주를 발행하는 경우 <br java="http://xml.apache.org/xalan/java"> 6. 긴급한 자금의 조달을 위하여 국내외 금융기관에게 신주를 발행하는 경우 <br java="http://xml.apache.org/xalan/java"> 7. 상법 제418조 제2항의 규정에 따라 신기술의 도입, 재무구조의 개선 등 회사의 경영상 목적을 달성하기 위하여 필요한 경우 <br java="http://xml.apache.org/xalan/java"> 8. 주권을 신규상장하거나 협회등록하기 위하여 신주를 모집하거나 인수인에게 인수하게 하는 경우 <br java="http://xml.apache.org/xalan/java">③ 주주가 신주인수권을 포기 또는 상실하거나 신주배정에서 단주가 발생하는 경우에 처리방법은 이사회 결의로 정한다.</span> </td> 
          <td width="300"> <span class="xforms_input" style="width:300px;font-size:10pt;">주식회사 에이디에스테크의 지분 인수</span> </td> 
         </tr> 
        </tbody> 
       </table> 
       <span style="width:600px;font-size:11pt;font-weight:bold;">[제3자배정 대상자별 선정경위, 거래내역, 배정내역 등]</span> 
       <table border="1" bordercolordark="white" bordercolorlight="#666666" cellpadding="1" cellspacing="0" id="XFormD1_Form0_RepeatTable1" style="margin:0px 0px 20px 0px;width:600px;border:1px solid #7f7f7f;"> 
        <tbody> 
         <tr> 
          <td width="106"> <span style="width:106px;font-size:10pt;text-align:center;">제3자배정 대상자</span> </td> 
          <td width="113"> <span style="width:113px;font-size:10pt;text-align:center;">회사 또는 최대주주와의 관계</span> </td> 
          <td width="85"> <span style="width:85px;font-size:10pt;text-align:center;">선정경위</span> </td> 
          <td width="120"> <span style="width:120px;font-size:10pt;text-align:center;">증자결정 전후 6월이내 거래내역 및 계획</span> </td> 
          <td width="95"> <span style="width:95px;font-size:10pt;text-align:center;">배정주식수(주)</span> </td> 
          <td width="81"> <span style="width:81px;font-size:10pt;text-align:center;">비고</span> </td> 
         </tr> 
         <tr> 
          <td width="106"> <span class="xforms_input" style="width:106px;font-size:10pt;">주식회사 수호에쿼티</span> </td> 
          <td width="113"> <span class="xforms_input" style="width:113px;font-size:10pt;">-</span> </td> 
          <td width="85"> <span class="xforms_input" style="width:85px;font-size:10pt;">경영상 목적 달성</span> </td> 
          <td width="120"> <span class="xforms_input" style="width:120px;font-size:10pt;">-</span> </td> 
          <td width="95"> <span class="xforms_input" style="width:95px;font-size:10pt;text-align:right;">197,890</span> </td> 
          <td width="81"> <span class="xforms_input" style="width:81px;font-size:10pt;">- 제1종 상환전환우선주식 88,535주 <br java="http://xml.apache.org/xalan/java">- 제2종 상환우선주식 2,500주 <br java="http://xml.apache.org/xalan/java">- 제3종 상환우선주식 106,855주</span> </td> 
         </tr> 
         <tr> 
          <td width="106"> <span class="xforms_input" style="width:106px;font-size:10pt;">주식회사 제니스글로벌파트너스</span> </td> 
          <td width="113"> <span class="xforms_input" style="width:113px;font-size:10pt;">-</span> </td> 
          <td width="85"> <span class="xforms_input" style="width:85px;font-size:10pt;">경영상 목적 달성</span> </td> 
          <td width="120"> <span class="xforms_input" style="width:120px;font-size:10pt;">-</span> </td> 
          <td width="95"> <span class="xforms_input" style="width:95px;font-size:10pt;text-align:right;">97,110</span> </td> 
          <td width="81"> <span class="xforms_input" style="width:81px;font-size:10pt;">- 제1종 상환전환우선주식 43,610주 <br java="http://xml.apache.org/xalan/java">- 제3종 상환우선주식 53,500주</span> </td> 
         </tr> 
         <tr> 
          <td width="106"> <span class="xforms_input" style="width:106px;font-size:10pt;">주식회사 성일글로벌</span> </td> 
          <td width="113"> <span class="xforms_input" style="width:113px;font-size:10pt;">-</span> </td> 
          <td width="85"> <span class="xforms_input" style="width:85px;font-size:10pt;">경영상 목적 달성</span> </td> 
          <td width="120"> <span class="xforms_input" style="width:120px;font-size:10pt;">-</span> </td> 
          <td width="95"> <span class="xforms_input" style="width:95px;font-size:10pt;text-align:right;">25,000</span> </td> 
          <td width="81"> <span class="xforms_input" style="width:81px;font-size:10pt;">- 제1종 상환전환우선주식 17,855주 <br java="http://xml.apache.org/xalan/java">- 제3종 상환우선주식 7,145주</span> </td> 
         </tr> 
        </tbody> 
       </table> 
      </div> 
     </div> 
    </div> 
    <span class="noprint" style="display:none;width:600px;font-size:10pt;"> </span> 
    <div id="LIB_L0080" style="width:600px;font-size:10pt;;padding:0 0 20 0"> 
     <div> 
      <div> 
       <span style="width:600px;font-size:11pt;font-weight:bold;">【제3자배정 조달자금의 구체적 사용목적 - 타법인 증권 취득자금·영업양수자금의 경우】</span> 
       <table border="1" bordercolordark="white" bordercolorlight="#666666" cellpadding="1" cellspacing="0" id="XFormG2_Form0_RepeatTable0" style="margin:0px 0px 20px 0px;width:587px;border:1px solid #7f7f7f;"> 
        <tbody> 
         <tr> 
          <td width="161"> <span style="width:161px;font-size:10pt;text-align:center;">자금용도</span> </td> 
          <td width="89"> <span style="width:89px;font-size:10pt;text-align:center;">거래상대방</span> </td> 
          <td width="90"> <span style="width:90px;font-size:10pt;text-align:center;">증권발행회사</span> </td> 
          <td width="169"> <span style="width:169px;font-size:10pt;text-align:center;">증권 발행회사의 사업내용(양수영업 주요내용)</span> </td> 
          <td width="78"> <span style="width:78px;font-size:10pt;text-align:center;">취득가격 산정근거</span> </td> 
         </tr> 
         <tr> 
          <td width="161"> <span class="xforms_input" style="width:161px;font-size:10pt;">타법인 증권 취득자금</span> </td> 
          <td width="89"> <span class="xforms_input" style="width:89px;font-size:10pt;text-align:center;">송광열 外 9인</span> </td> 
          <td width="90"> <span class="xforms_input" style="width:90px;font-size:10pt;text-align:center;">주식회사 에이디에스테크</span> </td> 
          <td width="169"> <span class="xforms_input" style="width:169px;font-size:10pt;text-align:center;">광통신관련제품 및 시스템의 설계, 개발, 제조 및 판매업</span> </td> 
          <td width="78"> <span class="xforms_input" style="width:78px;font-size:10pt;text-align:center;">취득가격의 적정성에 관하여는 자본시장법 제165조의4제1항 제2호 및 동법 시행령 제176조의6 제4항에 의거,외부평가기관인 '정동회계법인'의 평가를 받았으며, 중요성의 관점에서 부적정하다고 판단할 만한 근거가 발견되지 아니하였습니다.</span> </td> 
         </tr> 
        </tbody> 
       </table> 
      </div> 
     </div> 
    </div> 
    <div id="LIB_L0081" style="width:600px;font-size:10pt;;padding:0 0 20 0"> 
     <div> 
      <div> 
       <span style="width:596px;font-size:11pt;font-weight:bold;">【제3자배정 조달자금의 구체적 사용목적 - 타법인 증권 취득자금·영업양수자금의 경우 - 증권 발행회사의 최근 결산기 주요 재무사항】</span> 
       <span class="xforms_input" style="width:596px;font-size:10pt;text-align:right;">(단위 : 원)</span> 
       <table border="1" bordercolordark="white" bordercolorlight="#666666" cellpadding="1" cellspacing="0" id="XFormG1_Form0_Table1" style="margin:0px 0px 20px 0px;width:596px;font-size:10pt;text-align:center;border:1px solid #7f7f7f;"> 
        <tbody> 
         <tr> 
          <td width="149"> <span style="width:149px;font-size:10pt;text-align:center;">회계연도</span> </td> 
          <td width="149"> <span class="xforms_input" style="width:149px;font-size:10pt;text-align:center;">2024</span> </td> 
          <td width="149"> <span style="width:149px;font-size:10pt;text-align:center;">결산기</span> </td> 
          <td width="149"> <span class="xforms_input" style="width:149px;font-size:10pt;text-align:center;">12월</span> </td> 
         </tr> 
         <tr> 
          <td width="149"> <span style="width:149px;font-size:10pt;text-align:center;">자산총계</span> </td> 
          <td width="149"> <span class="xforms_input" style="width:149px;font-size:10pt;text-align:right;">72,751,379,004</span> </td> 
          <td width="149"> <span style="width:149px;font-size:10pt;text-align:center;">매출액</span> </td> 
          <td width="149"> <span class="xforms_input" style="width:149px;font-size:10pt;text-align:right;">63,593,723,972</span> </td> 
         </tr> 
         <tr> 
          <td width="149"> <span style="width:149px;font-size:10pt;text-align:center;">부채총계</span> </td> 
          <td width="149"> <span class="xforms_input" style="width:149px;font-size:10pt;text-align:right;">8,116,396,042</span> </td> 
          <td width="149"> <span style="width:149px;font-size:10pt;text-align:center;">당기순손익</span> </td> 
          <td width="149"> <span class="xforms_input" style="width:149px;font-size:10pt;text-align:right;">25,673,597,415</span> </td> 
         </tr> 
         <tr> 
          <td width="149"> <span style="width:149px;font-size:10pt;text-align:center;">자본총계</span> </td> 
          <td width="149"> <span class="xforms_input" style="width:149px;font-size:10pt;text-align:right;">64,634,982,962</span> </td> 
          <td width="149"> <span style="width:149px;font-size:10pt;text-align:center;">외부감사인</span> </td> 
          <td width="149"> <span class="xforms_input" style="width:149px;font-size:10pt;text-align:center;">회계법인 호안</span> </td> 
         </tr> 
         <tr> 
          <td width="149"> <span style="width:149px;font-size:10pt;text-align:center;">자본금</span> </td> 
          <td width="149"> <span class="xforms_input" style="width:149px;font-size:10pt;text-align:right;">200,000,000</span> </td> 
          <td width="149"> <span style="width:149px;font-size:10pt;text-align:center;">감사의견</span> </td> 
          <td width="149"> <span class="xforms_input" style="width:149px;font-size:10pt;text-align:center;">적정</span> </td> 
         </tr> 
        </tbody> 
       </table> 
      </div> 
     </div> 
    </div> 
    <span class="noprint" style="display:none;width:600px;font-size:10pt;"> </span> 
    <span class="noprint" style="display:none;width:600px;font-size:10pt;"> </span> 
    <span style="width:600px;font-size:11pt;font-weight:bold;">[종속회사에 관한 사항]</span> 
    <table border="1" bordercolordark="white" bordercolorlight="#666666" cellpadding="1" cellspacing="0" id="XFormD3_Form0_Table1" style="margin:0px 0px 20px 0px;width:600px;font-size:10pt;border:1px solid #7f7f7f;"> 
     <tbody> 
      <tr> 
       <td width="237"> <span style="width:237px;font-size:10pt;">종속회사명</span> </td> 
       <td width="146"> <span class="xforms_input" style="width:146px;font-size:10pt;">어매이징홀딩스 주식회사</span> </td> 
       <td width="59"> <span style="width:59px;font-size:10pt;text-align:center;">영문</span> </td> 
       <td width="158"> <span class="xforms_input" style="width:158px;font-size:10pt;">Amazing Holdings Co., Ltd.</span> </td> 
      </tr> 
      <tr> 
       <td width="237"> <span style="width:237px;font-size:10pt;">
         <!--?javax.xml.transform.disable-output-escaping?--> 
         <!--?javax.xml.transform.enable-output-escaping?-->- 대표자</span> </td> 
       <td colspan="3" width="363"> <span class="xforms_input" style="width:363px;font-size:10pt;">박성재</span> </td> 
      </tr> 
      <tr> 
       <td width="237"> <span style="width:237px;font-size:10pt;">
         <!--?javax.xml.transform.disable-output-escaping?--> 
         <!--?javax.xml.transform.enable-output-escaping?-->- 주요사업</span> </td> 
       <td colspan="3" width="363"> <span class="xforms_input" style="width:363px;font-size:10pt;">지주사업, 반도체 관련 제조·개발업</span> </td> 
      </tr> 
      <tr> 
       <td width="237"> <span style="width:237px;font-size:10pt;">
         <!--?javax.xml.transform.disable-output-escaping?--> 
         <!--?javax.xml.transform.enable-output-escaping?-->- 주요종속회사 여부</span> </td> 
       <td colspan="3" width="363"> <span class="xforms_input" style="width:363px;font-size:10pt;">미해당</span> </td> 
      </tr> 
      <tr> 
       <td width="237"> <span style="width:237px;font-size:10pt;">종속회사의 자산총액(원)</span> </td> 
       <td colspan="3" width="363"> <span class="xforms_input" style="width:363px;font-size:10pt;text-align:right;">-</span> </td> 
      </tr> 
      <tr> 
       <td width="237"> <span style="width:237px;font-size:10pt;">지배회사의 연결 자산총액(원)</span> </td> 
       <td colspan="3" width="363"> <span class="xforms_input" style="width:363px;font-size:10pt;text-align:right;">367,331,808,054</span> </td> 
      </tr> 
      <tr> 
       <td width="237"> <span style="width:237px;font-size:10pt;">지배회사의 연결 자산총액 대비(%)</span> </td> 
       <td colspan="3" width="363"> <span class="xforms_input" style="width:363px;font-size:10pt;text-align:right;">-</span> </td> 
      </tr> 
     </tbody> 
    </table> 
   </div> 
  </div>  
 </body>
</html>