<?xml version="1.0" encoding="utf-8"?>


<DOCUMENT xmlns:xsi="http://www.w3.org/2001/XMLSchema-instance" xsi:noNamespaceSchemaLocation="dart4.xsd">

<DOCUMENT-NAME ACODE="12020">사외이사의 선임ㆍ해임 또는 중도퇴임에 관한 신고</DOCUMENT-NAME>
<FORMULA-VERSION ADATE="20210122">6.0</FORMULA-VERSION>
<COMPANY-NAME AREGCIK="00545114">(주)랩지노믹스</COMPANY-NAME>


<BODY ATOCID="2">

<COVER>
<P></P>
<COVER-TITLE ATOC="Y" AASSOCNOTE="COVER" ATOCID="1" ENG="Report on the Appointment, Dismissal or Early Retirement of Outside Directors">사외이사의 선임ㆍ해임 또는 중도퇴임에 관한 신고</COVER-TITLE>

<TABLE ACLASS="NORMAL" AFIXTABLE="Y" WIDTH="600" BORDER="0">

<COLGROUP WIDTH="600">
<COL WIDTH="131"></COL>
<COL WIDTH="169"></COL>
<COL WIDTH="300"></COL>
</COLGROUP>

<TBODY>

<TR ACOPY="Y" ADELETE="Y" HEIGHT="30">
<TD COLSPAN="3" WIDTH="591" HEIGHT="23"></TD>
</TR>

<TR ACOPY="Y" ADELETE="Y" HEIGHT="30">
<TD COLSPAN="3" WIDTH="591" HEIGHT="23">금융위원회/한국거래소 귀중</TD>
</TR>

<TR ACOPY="Y" ADELETE="Y" HEIGHT="30">
<TD COLSPAN="3" ALIGN="RIGHT" VALIGN="MIDDLE" WIDTH="591" HEIGHT="23">  2026년     1월     5일</TD>
</TR>

<TR ACOPY="Y" ADELETE="Y" HEIGHT="53">
<TD COLSPAN="3" WIDTH="591" HEIGHT="46"></TD>
</TR>

<TR ACOPY="Y" ADELETE="Y" HEIGHT="30">
<TD WIDTH="122" HEIGHT="23">회   사   명 :</TD>
<TD COLSPAN="2" WIDTH="460" HEIGHT="23">주식회사 랩지노믹스</TD>
</TR>

<TR ACOPY="Y" ADELETE="Y" HEIGHT="30">
<TD WIDTH="122" HEIGHT="23">대 표 이 사 :</TD>
<TD COLSPAN="2" WIDTH="460" HEIGHT="23">류 재 학</TD>
</TR>

<TR ACOPY="Y" ADELETE="Y" HEIGHT="30">
<TD WIDTH="122" HEIGHT="23">본 점 소 재 지 :</TD>
<TD COLSPAN="2" WIDTH="460" HEIGHT="23">경기도 성남시 분당구 대왕판교로 700</TD>
</TR>

<TR ACOPY="Y" ADELETE="Y" HEIGHT="30">
<TD WIDTH="122" HEIGHT="23"></TD>
<TD COLSPAN="2" WIDTH="460" HEIGHT="23">(전   화) 031-628-0702</TD>
</TR>

<TR ACOPY="Y" ADELETE="Y" HEIGHT="30">
<TD WIDTH="122" HEIGHT="23"></TD>
<TD COLSPAN="2" WIDTH="460" HEIGHT="23">(홈페이지) http://www.labgenomics.co.kr</TD>
</TR>

<TR ACOPY="Y" ADELETE="Y" HEIGHT="53">
<TD COLSPAN="3" WIDTH="591" HEIGHT="46"></TD>
</TR>

<TR ACOPY="Y" ADELETE="Y" HEIGHT="30">
<TD WIDTH="122" HEIGHT="23">작 성  책 임 자 :</TD>
<TD WIDTH="160" HEIGHT="23">(직  책) 이사</TD>
<TD WIDTH="291" HEIGHT="23">(성  명) 조 희 재</TD>
</TR>

<TR ACOPY="Y" ADELETE="Y" HEIGHT="30">
<TD WIDTH="122" HEIGHT="23"></TD>
<TD COLSPAN="2" WIDTH="460" HEIGHT="23">(전  화) 031-628-0702</TD>
</TR>

<TR ACOPY="Y" ADELETE="Y" HEIGHT="30">
<TD COLSPAN="3" WIDTH="591" HEIGHT="23"></TD>
</TR>
</TBODY>
</TABLE>
<P></P>
<PGBRK></PGBRK>
</COVER>

<SECTION-1 ACLASS="MANDATORY" APARTSOURCE="SOURCE">
<TITLE ATOC="Y" AASSOCNOTE="D-0-1-0-0" ATOCID="2" ENG="Report on the Appointment, Dismissal or Early Retirement of Outside Directors">사외이사의 선임ㆍ해임 또는 중도퇴임에 관한 신고</TITLE>
<P></P>

<TABLE-GROUP ACLASS="OSM_290" ADELETETABLE="N">

<TABLE ACLASS="EXTRACTION" AFIXTABLE="Y" WIDTH="619" BORDER="1">

<COLGROUP WIDTH="619">
<COL WIDTH="211"></COL>
<COL WIDTH="150"></COL>
<COL WIDTH="258"></COL>
</COLGROUP>

<TBODY>

<TR ACOPY="N" ADELETE="N" HEIGHT="30">
<TD COLSPAN="2" VALIGN="MIDDLE" WIDTH="352" HEIGHT="23" AUPDATECONT="N" ENG="1. Date of change in outside director">1. 사외이사 변경 발생일</TD>
<TU WIDTH="249" HEIGHT="23" AUNIT="OSM_290_DT" VALIGN="MIDDLE" AUNITVALUE="20260105" ALIGN="CENTER">2026년 01월 05일</TU>
</TR>

<TR ACOPY="N" ADELETE="N" HEIGHT="30">
<TD ROWSPAN="2" VALIGN="MIDDLE" WIDTH="202" HEIGHT="53" AUPDATECONT="N" ENG="2. Number of outside directors changed">2. 사외이사 변경 인원수</TD>
<TD ALIGN="CENTER" VALIGN="MIDDLE" WIDTH="141" HEIGHT="23" AUPDATECONT="N" ENG="Appointment/reappointment (persons)">선임ㆍ재선임(명)</TD>
<TE ALIGN="RIGHT" WIDTH="249" HEIGHT="23" ACODE="ELC_CNT" VALIGN="MIDDLE">-</TE>
</TR>

<TR ACOPY="N" ADELETE="N" HEIGHT="30">
<TD ALIGN="CENTER" VALIGN="MIDDLE" WIDTH="141" HEIGHT="23" AUPDATECONT="N" ENG="Dismissal and early retirement (persons)">해임ㆍ중도퇴임(명)</TD>
<TE ALIGN="RIGHT" WIDTH="249" HEIGHT="23" ACODE="DSM_CNT" VALIGN="MIDDLE">1</TE>
</TR>

<TR ACOPY="N" ADELETE="N" HEIGHT="30">
<TD ROWSPAN="3" VALIGN="MIDDLE" WIDTH="202" HEIGHT="83" AUPDATECONT="N" ENG="3. Status before change of outside directors">3. 사외이사 변경 전 현황</TD>
<TD ALIGN="CENTER" VALIGN="MIDDLE" WIDTH="141" HEIGHT="23" AUPDATECONT="N" ENG="Total number of registered directors (persons)">등기이사총수(명)</TD>
<TE ALIGN="RIGHT" WIDTH="249" HEIGHT="23" ACODE="DRT_CNT_BF" VALIGN="MIDDLE">6</TE>
</TR>

<TR ACOPY="N" ADELETE="N" HEIGHT="30">
<TD ALIGN="CENTER" VALIGN="MIDDLE" WIDTH="141" HEIGHT="23" AUPDATECONT="N" ENG="Total number of outside directors (persons)">사외이사총수(명)</TD>
<TE ALIGN="RIGHT" WIDTH="249" HEIGHT="23" ACODE="OC_DRT_CNT_BF" VALIGN="MIDDLE">3</TE>
</TR>

<TR ACOPY="N" ADELETE="N" HEIGHT="30">
<TD ALIGN="CENTER" VALIGN="MIDDLE" WIDTH="141" HEIGHT="23" AUPDATECONT="N" ENG="Outside director ratio (%)">사외이사비율(%)</TD>
<TE ALIGN="RIGHT" WIDTH="249" HEIGHT="23" ACODE="OC_DRT_RT_BF" VALIGN="MIDDLE">50.0</TE>
</TR>

<TR ACOPY="N" ADELETE="N" HEIGHT="30">
<TD ROWSPAN="3" VALIGN="MIDDLE" WIDTH="202" HEIGHT="83" AUPDATECONT="N" ENG="4. Status after change of outside director">4. 사외이사 변경 후 현황</TD>
<TD ALIGN="CENTER" VALIGN="MIDDLE" WIDTH="141" HEIGHT="23" AUPDATECONT="N" ENG="Total number of registered directors (persons)">등기이사총수(명)</TD>
<TE ALIGN="RIGHT" WIDTH="249" HEIGHT="23" ACODE="DRT_CNT" VALIGN="MIDDLE">5</TE>
</TR>

<TR ACOPY="N" ADELETE="N" HEIGHT="30">
<TD ALIGN="CENTER" VALIGN="MIDDLE" WIDTH="141" HEIGHT="23" AUPDATECONT="N" ENG="Total number of outside directors (persons)">사외이사총수(명)</TD>
<TE ALIGN="RIGHT" WIDTH="249" HEIGHT="23" ACODE="OC_DRT_CNT" VALIGN="MIDDLE">2</TE>
</TR>

<TR ACOPY="N" ADELETE="N" HEIGHT="30">
<TD ALIGN="CENTER" VALIGN="MIDDLE" WIDTH="141" HEIGHT="23" AUPDATECONT="N" ENG="Outside director ratio (%)">사외이사비율(%)</TD>
<TE ALIGN="RIGHT" WIDTH="249" HEIGHT="23" ACODE="OC_DRT_RT" VALIGN="MIDDLE">40.0</TE>
</TR>

<TR ACOPY="N" ADELETE="N" HEIGHT="30">
<TD COLSPAN="2" VALIGN="MIDDLE" WIDTH="352" HEIGHT="23" AUPDATECONT="N" ENG="5. Whether a large-sized corporation">5. 대규모법인여부</TD>
<TU WIDTH="249" HEIGHT="23" AUNIT="BIG_CRP_YN" VALIGN="MIDDLE" AUNITVALUE="N" ALIGN="CENTER" ENG="Non-applicable">미해당</TU>
</TR>

<TR ACOPY="N" ADELETE="N" HEIGHT="30">
<TD COLSPAN="2" VALIGN="MIDDLE" WIDTH="352" HEIGHT="23" AUPDATECONT="N" ENG="6. Other matters to be factored into investment decisions">6. 기타 투자판단에 참고할 사항</TD>
<TE WIDTH="249" HEIGHT="23" ACODE="ETC_REF" VALIGN="MIDDLE">-</TE>
</TR>
</TBODY>
</TABLE>
</TABLE-GROUP>
<P></P>

<LIBRARY>
<TABLE-GROUP ACLASS="TBL_DSM" ADELETETABLE="N">

<TABLE ACLASS="NORMAL" AFIXTABLE="Y" WIDTH="741" BORDER="0">

<COLGROUP WIDTH="741">
<COL WIDTH="741"></COL>
</COLGROUP>

<TBODY>

<TR ACOPY="N" ADELETE="N" HEIGHT="30">
<TD WIDTH="732" HEIGHT="23" AUPDATECONT="N" ENG="【Dismissal/Early Retirement of Outside Directors】">【사외이사 해임ㆍ중도퇴임】</TD>
</TR>
</TBODY>
</TABLE>

<TABLE BORDER="1" WIDTH="740" ACLASS="EXTRACTION" AFIXTABLE="N">

<COLGROUP WIDTH="740">
<COL WIDTH="63"></COL>
<COL WIDTH="101"></COL>
<COL WIDTH="48"></COL>
<COL WIDTH="137"></COL>
<COL WIDTH="63"></COL>
<COL WIDTH="137"></COL>
<COL WIDTH="78"></COL>
<COL WIDTH="113"></COL>
</COLGROUP>

<THEAD>

<TR ACOPY="N" ADELETE="N" HEIGHT="53">
<TH VALIGN="MIDDLE" WIDTH="54" HEIGHT="46" AUPDATECONT="N" ACOPYCOL="N" ADELETECOL="N" AMOVECOL="N" ENG="Name">성명</TH>
<TH VALIGN="MIDDLE" WIDTH="92" HEIGHT="46" AUPDATECONT="N" ACOPYCOL="N" ADELETECOL="N" AMOVECOL="N" ENG="Birth year and month">출생년월</TH>
<TH VALIGN="MIDDLE" WIDTH="39" HEIGHT="46" AUPDATECONT="N" ACOPYCOL="N" ADELETECOL="N" AMOVECOL="N" ENG="Gender">성별</TH>
<TH VALIGN="MIDDLE" WIDTH="128" HEIGHT="46" AUPDATECONT="N" ACOPYCOL="N" ADELETECOL="N" AMOVECOL="N" ENG="Term start date">임기시작일</TH>
<TH VALIGN="MIDDLE" WIDTH="54" HEIGHT="46" AUPDATECONT="N" ACOPYCOL="N" ADELETECOL="N" AMOVECOL="N" ENG="Term of office">선임시임기</TH>
<TH VALIGN="MIDDLE" WIDTH="128" HEIGHT="46" AUPDATECONT="N" ACOPYCOL="N" ADELETECOL="N" AMOVECOL="N" ENG="Date of dismissal/retirement">해임ㆍ퇴임일</TH>
<TH VALIGN="MIDDLE" WIDTH="69" HEIGHT="46" AUPDATECONT="N" ACOPYCOL="N" ADELETECOL="N" AMOVECOL="N" ENG="Classification of dismissal/retirement">해임ㆍ퇴임구분</TH>
<TH VALIGN="MIDDLE" WIDTH="104" HEIGHT="46" AUPDATECONT="N" ACOPYCOL="N" ADELETECOL="N" AMOVECOL="N" ENG="Reasons for dismissal/retirement">해임ㆍ퇴임사유</TH>
</TR>
</THEAD>

<TBODY>

<TR ACOPY="Y" ADELETE="N" HEIGHT="30">
<TE VALIGN="MIDDLE" ALIGN="CENTER" WIDTH="54" HEIGHT="23" ACODE="DSM_NM">박영엽</TE>
<TU VALIGN="MIDDLE" ALIGN="CENTER" WIDTH="92" HEIGHT="23" AUNIT="DSM_BTH" AUNITVALUE="197803">1978년 03월</TU>
<TU VALIGN="MIDDLE" ALIGN="CENTER" WIDTH="39" HEIGHT="23" AUNIT="DSM_SEX" AUNITVALUE="1" ENG="Male">남</TU>
<TU VALIGN="MIDDLE" ALIGN="CENTER" WIDTH="128" HEIGHT="23" AUNIT="TRM_BGN_DT" AUNITVALUE="20230310">2023년 03월 10일</TU>
<TE VALIGN="MIDDLE" ALIGN="CENTER" WIDTH="54" HEIGHT="23" ACODE="EMP_TERM">3년</TE>
<TU VALIGN="MIDDLE" ALIGN="CENTER" WIDTH="128" HEIGHT="23" AUNIT="TRM_END_DT" AUNITVALUE="20260105">2026년 01월 05일</TU>
<TU VALIGN="MIDDLE" ALIGN="CENTER" WIDTH="69" HEIGHT="23" AUNIT="DSM_GBN" AUNITVALUE="2" ENG="Voluntary resignation">자진사임</TU>
<TE VALIGN="MIDDLE" ALIGN="CENTER" WIDTH="104" HEIGHT="23" ACODE="DSM_RSN">일신상의 사유</TE>
</TR>
</TBODY>
</TABLE>
</TABLE-GROUP>
</LIBRARY>

<P></P>
<P></P>
</SECTION-1>
</BODY>
</DOCUMENT>