<?xml version="1.0" encoding="utf-8"?>


<DOCUMENT xmlns:xsi="http://www.w3.org/2001/XMLSchema-instance" xsi:noNamespaceSchemaLocation="dart4.xsd">

<DOCUMENT-NAME ACODE="80901">지급수단별ㆍ지급기간별지급금액및분쟁조정기구에관한사항</DOCUMENT-NAME>
<FORMULA-VERSION ADATE="20240607">6.0</FORMULA-VERSION>
<COMPANY-NAME AREGCIK="00832302">에스엠상선광양터미널(주)</COMPANY-NAME>


<BODY ATOCID="2">

<LIBRARY>
<CORRECTION>
<TITLE ATOC="Y" AASSOCNOTE="CORRECTION" ENG="Report of Disclosure Revision" ATOCID="2">정 정 신 고 (보고)</TITLE>

<TABLE ACLASS="NORMAL" AFIXTABLE="Y" WIDTH="600" BORDER="0">

<COLGROUP WIDTH="600">
<COL WIDTH="600"></COL>
</COLGROUP>

<TBODY>

<TR ACOPY="N" ADELETE="N" HEIGHT="30">
<TD WIDTH="591" HEIGHT="23"></TD>
</TR>

<TR ACOPY="N" ADELETE="N" HEIGHT="30">
<TD WIDTH="591" HEIGHT="23" ALIGN="RIGHT">2026년 01월 05일</TD>
</TR>
</TBODY>
</TABLE>
<P></P>
<P></P>

<TABLE ACLASS="NORMAL" AFIXTABLE="Y" WIDTH="661" BORDER="0">

<COLGROUP WIDTH="661">
<COL WIDTH="165"></COL>
<COL WIDTH="496"></COL>
</COLGROUP>

<TBODY>

<TR ACOPY="N" ADELETE="N" HEIGHT="53">
<TD WIDTH="156" VALIGN="MIDDLE" AUPDATECONT="N" ENG="1. Disclosure document to be revised:" HEIGHT="46">1. 정정대상 공시서류 :</TD>

<TD WIDTH="487" VALIGN="MIDDLE" HEIGHT="46">
<SPAN>지급수단별ㆍ지급기간별 지급금액 및 분쟁조정기구에 관한 사항</SPAN>
</TD>
</TR>
</TBODY>
</TABLE>
<P></P>

<TABLE ACLASS="NORMAL" AFIXTABLE="Y" WIDTH="600" BORDER="0">

<COLGROUP WIDTH="600">
<COL WIDTH="260"></COL>
<COL WIDTH="340"></COL>
</COLGROUP>

<TBODY>

<TR ACOPY="N" ADELETE="N" HEIGHT="30">
<TD WIDTH="251" VALIGN="MIDDLE" AUPDATECONT="N" ENG="2. First submission date of disclosure document to be revised:" HEIGHT="23">2. 정정대상 공시서류의 최초제출일 :</TD>

<TD WIDTH="331" VALIGN="MIDDLE" HEIGHT="23">
<SPAN>2025.08.14</SPAN>
</TD>
</TR>
</TBODY>
</TABLE>
<P></P>

<TABLE ACLASS="NORMAL" AFIXTABLE="Y" WIDTH="600" BORDER="0">

<COLGROUP WIDTH="600">
<COL WIDTH="600"></COL>
</COLGROUP>

<TBODY>

<TR ACOPY="N" ADELETE="N" HEIGHT="30">
<TD WIDTH="591" HEIGHT="23" VALIGN="MIDDLE" AUPDATECONT="N" ENG="3. Revised Information">3. 정정사항</TD>
</TR>
</TBODY>
</TABLE>

<TABLE ACLASS="NORMAL" AFIXTABLE="N" WIDTH="813" BORDER="1">

<COLGROUP WIDTH="813">
<COL WIDTH="150"></COL>
<COL WIDTH="150"></COL>
<COL WIDTH="172"></COL>
<COL WIDTH="341"></COL>
</COLGROUP>

<THEAD>

<TR ACOPY="N" ADELETE="N" HEIGHT="30">
<TH WIDTH="141" HEIGHT="23" VALIGN="MIDDLE" ACOPYCOL="N" ADELETECOL="N" AMOVECOL="N" AUPDATECONT="N" ENG="Items">항  목</TH>
<TH WIDTH="141" HEIGHT="23" VALIGN="MIDDLE" ACOPYCOL="N" ADELETECOL="N" AMOVECOL="N" AUPDATECONT="N" ENG="Reason for revision">정정사유</TH>
<TH WIDTH="163" HEIGHT="23" VALIGN="MIDDLE" ACOPYCOL="N" ADELETECOL="N" AMOVECOL="N" AUPDATECONT="N" ENG="Before revision">정 정 전</TH>
<TH WIDTH="332" HEIGHT="23" VALIGN="MIDDLE" ACOPYCOL="N" ADELETECOL="N" AMOVECOL="N" AUPDATECONT="N" ENG="After revision">정 정 후</TH>
</TR>
</THEAD>

<TBODY>

<TR ACOPY="Y" ADELETE="Y" HEIGHT="218">

<TD WIDTH="141" HEIGHT="211">
<P>(제3호) 분쟁조정기구에 관한 사항</P>
</TD>

<TD WIDTH="141" HEIGHT="211">
<P>분쟁조정기구 설치여부에 관한 명기</P>
</TD>
<TD WIDTH="163" HEIGHT="211">- 해당사항 없음.</TD>

<TD WIDTH="332" HEIGHT="211">

<TABLE BORDER="1" WIDTH="316">

<COLGROUP WIDTH="316">
<COL WIDTH="206"></COL>
<COL WIDTH="110"></COL>
</COLGROUP>

<TBODY>

<TR HEIGHT="30">
<TD ALIGN="CENTER" WIDTH="197" VALIGN="MIDDLE" HEIGHT="23"></TD>
<TD ALIGN="CENTER" WIDTH="101" VALIGN="MIDDLE" HEIGHT="23">내용</TD>
</TR>

<TR HEIGHT="30">
<TD ALIGN="CENTER" WIDTH="197" VALIGN="MIDDLE" HEIGHT="23">분쟁조정기구 설치 여부</TD>
<TD ALIGN="CENTER" WIDTH="101" VALIGN="MIDDLE" HEIGHT="23">X</TD>
</TR>

<TR HEIGHT="30">
<TD ALIGN="CENTER" WIDTH="197" VALIGN="MIDDLE" HEIGHT="23">담당부서 및 연락처</TD>
<TD ALIGN="CENTER" WIDTH="101" VALIGN="MIDDLE" HEIGHT="23">-</TD>
</TR>

<TR HEIGHT="30">
<TD ALIGN="CENTER" WIDTH="197" VALIGN="MIDDLE" HEIGHT="23">분쟁조정 신청 절차ㆍ방법</TD>
<TD ALIGN="CENTER" WIDTH="101" VALIGN="MIDDLE" HEIGHT="23">-</TD>
</TR>

<TR HEIGHT="30">
<TD ALIGN="CENTER" WIDTH="197" VALIGN="MIDDLE" HEIGHT="23">분쟁조정 예상 소요기간</TD>
<TD ALIGN="CENTER" WIDTH="101" VALIGN="MIDDLE" HEIGHT="23">-</TD>
</TR>

<TR HEIGHT="30">
<TD ALIGN="CENTER" WIDTH="197" VALIGN="MIDDLE" HEIGHT="23">비고</TD>
<TD ALIGN="CENTER" WIDTH="101" VALIGN="MIDDLE" HEIGHT="23">-</TD>
</TR>
</TBODY>
</TABLE>
<P></P>
</TD>
</TR>
</TBODY>
</TABLE>
<P></P>
<PGBRK></PGBRK>
</CORRECTION>
</LIBRARY>


<SECTION-1 ACLASS="MANDATORY" APARTSOURCE="SOURCE">
<TITLE ATOC="Y" AASSOCNOTE="D-0-1-0-0" ENG="Matters Concerning Payment Amount for Each Payment Method/Payment Period and Dispute Resolution Organization" ATOCID="1">지급수단별ㆍ지급기간별 지급금액 및 분쟁조정기구에 관한 사항</TITLE>
<P></P>

<TABLE ACLASS="NORMAL" WIDTH="907" BORDER="1" AFIXTABLE="N">

<COLGROUP WIDTH="907">
<COL WIDTH="79"></COL>
<COL WIDTH="79"></COL>
<COL WIDTH="79"></COL>
<COL WIDTH="117"></COL>
<COL WIDTH="80"></COL>
<COL WIDTH="104"></COL>
<COL WIDTH="72"></COL>
<COL WIDTH="122"></COL>
<COL WIDTH="76"></COL>
<COL WIDTH="99"></COL>
</COLGROUP>

<TBODY>

<TR ACOPY="Y" ADELETE="Y" HEIGHT="68">
<TD ALIGN="CENTER" VALIGN="MIDDLE" WIDTH="70" HEIGHT="61">기업집단명</TD>
<TD ALIGN="CENTER" VALIGN="MIDDLE" WIDTH="70" HEIGHT="61">장금상선</TD>
<TD ALIGN="CENTER" VALIGN="MIDDLE" WIDTH="70" HEIGHT="61">회사명</TD>
<TD ALIGN="CENTER" VALIGN="MIDDLE" WIDTH="108" HEIGHT="61">에스엠상선광양터미널(주)</TD>
<TD ALIGN="CENTER" VALIGN="MIDDLE" WIDTH="71" HEIGHT="61">공시일자</TD>
<TD ALIGN="CENTER" VALIGN="MIDDLE" WIDTH="95" HEIGHT="61">2025.08.14</TD>
<TD ALIGN="CENTER" VALIGN="MIDDLE" WIDTH="63" HEIGHT="61">공시대상기간</TD>
<TD ALIGN="CENTER" VALIGN="MIDDLE" WIDTH="113" HEIGHT="61">2025.01.01~ 2025.06.30</TD>
<TD ALIGN="CENTER" VALIGN="MIDDLE" WIDTH="67" HEIGHT="61">관련법규</TD>
<TD ALIGN="CENTER" VALIGN="MIDDLE" WIDTH="90" HEIGHT="61">하도급법제13조의3</TD>
</TR>
</TBODY>
</TABLE>
<P></P>
<P>1. (제1호) 지급수단별 지급금액</P>
<P>- 해당사항 없음</P>
<P></P>
<P>2. (제2호) 지급기간별 지급금액- 해당사항 없음</P>
<P>3. (제3호) 분쟁조정기구에 관한 사항 </P>

<TABLE BORDER="1" WIDTH="600" ACLASS="NORMAL" AFIXTABLE="N">

<COLGROUP WIDTH="600">
<COL WIDTH="300"></COL>
<COL WIDTH="300"></COL>
</COLGROUP>

<TBODY>

<TR ACOPY="Y" ADELETE="Y" HEIGHT="53">
<TD ALIGN="CENTER" WIDTH="291" VALIGN="MIDDLE" HEIGHT="46"></TD>
<TD ALIGN="CENTER" WIDTH="291" VALIGN="MIDDLE" HEIGHT="46">내용</TD>
</TR>

<TR ACOPY="Y" ADELETE="Y" HEIGHT="30">
<TD ALIGN="CENTER" WIDTH="291" VALIGN="MIDDLE" HEIGHT="23">분쟁조정기구 설치 여부</TD>
<TD ALIGN="CENTER" WIDTH="291" VALIGN="MIDDLE" HEIGHT="23">X</TD>
</TR>

<TR ACOPY="Y" ADELETE="Y" HEIGHT="30">
<TD ALIGN="CENTER" WIDTH="291" VALIGN="MIDDLE" HEIGHT="23">담당부서 및 연락처</TD>
<TD ALIGN="CENTER" WIDTH="291" VALIGN="MIDDLE" HEIGHT="23">-</TD>
</TR>

<TR ACOPY="Y" ADELETE="Y" HEIGHT="30">
<TD ALIGN="CENTER" WIDTH="291" VALIGN="MIDDLE" HEIGHT="23">분쟁조정 신청 절차ㆍ방법</TD>
<TD ALIGN="CENTER" WIDTH="291" VALIGN="MIDDLE" HEIGHT="23">-</TD>
</TR>

<TR ACOPY="Y" ADELETE="Y" HEIGHT="30">
<TD ALIGN="CENTER" WIDTH="291" VALIGN="MIDDLE" HEIGHT="23">분쟁조정 예상 소요기간</TD>
<TD ALIGN="CENTER" WIDTH="291" VALIGN="MIDDLE" HEIGHT="23">-</TD>
</TR>

<TR ACOPY="Y" ADELETE="Y" HEIGHT="30">
<TD ALIGN="CENTER" WIDTH="291" VALIGN="MIDDLE" HEIGHT="23">비고</TD>
<TD ALIGN="CENTER" WIDTH="291" VALIGN="MIDDLE" HEIGHT="23">-</TD>
</TR>
</TBODY>
</TABLE>
</SECTION-1>
</BODY>
</DOCUMENT>