<?xml version="1.0" encoding="utf-8"?>


<DOCUMENT xmlns:xsi="http://www.w3.org/2001/XMLSchema-instance" xsi:noNamespaceSchemaLocation="dart4.xsd">

<DOCUMENT-NAME ACODE="11211">주요사항보고서(제3자의전환사채매수선택권행사)</DOCUMENT-NAME>
<FORMULA-VERSION ADATE="20241201">6.0</FORMULA-VERSION>
<COMPANY-NAME AREGCIK="00587925">(주)모아라이프플러스</COMPANY-NAME>


<BODY ATOCID="2">

<COVER>
<COVER-TITLE ATOC="Y" AASSOCNOTE="COVER" ENG="Report on Major Issues" ATOCID="1">주 요 사 항 보 고 서</COVER-TITLE>
<P></P>

<TABLE ACLASS="NORMAL" AFIXTABLE="N" WIDTH="600" BORDER="0">

<COLGROUP WIDTH="600">
<COL WIDTH="150"></COL>
<COL WIDTH="450"></COL>
</COLGROUP>

<TBODY>

<TR ACOPY="Y" ADELETE="Y" HEIGHT="30">
<TD CLASS="NORMAL" WIDTH="141" HEIGHT="23">금융위원회 귀중</TD>
<TD CLASS="NORMAL" ALIGN="RIGHT" WIDTH="441" HEIGHT="23" VALIGN="MIDDLE"> 2026 년  01 월 05 일</TD>
</TR>

<TR ACOPY="Y" ADELETE="Y" HEIGHT="53">
<TD CLASS="NORMAL" WIDTH="141" HEIGHT="46"></TD>
<TD CLASS="NORMAL" WIDTH="441" HEIGHT="46"></TD>
</TR>

<TR ACOPY="Y" ADELETE="Y" HEIGHT="53">
<TD CLASS="NORMAL" WIDTH="141" HEIGHT="46">회       사       명 :</TD>
<TD CLASS="NORMAL" WIDTH="441" HEIGHT="46">(주) 모아라이프플러스</TD>
</TR>

<TR ACOPY="Y" ADELETE="Y" HEIGHT="53">
<TD CLASS="NORMAL" WIDTH="141" HEIGHT="46">대   표     이   사 :</TD>
<TD CLASS="NORMAL" WIDTH="441" HEIGHT="46">한 상 진</TD>
</TR>

<TR ACOPY="Y" ADELETE="Y" HEIGHT="53">
<TD CLASS="NORMAL" WIDTH="141" HEIGHT="46">본  점  소  재  지 :</TD>
<TD CLASS="NORMAL" WIDTH="441" HEIGHT="46">경기도 용인시 수지구 신수로 767, A동 7층(동천동, 분당수지유타워 지식산업센터)</TD>
</TR>

<TR ACOPY="Y" ADELETE="Y" HEIGHT="30">
<TD CLASS="NORMAL" WIDTH="141" HEIGHT="23"></TD>
<TD CLASS="NORMAL" WIDTH="441" HEIGHT="23">(전  화) 031-280-9650</TD>
</TR>

<TR ACOPY="Y" ADELETE="Y" HEIGHT="30">
<TD CLASS="NORMAL" WIDTH="141" HEIGHT="23"></TD>
<TD CLASS="NORMAL" WIDTH="441" HEIGHT="23">(홈페이지) https://www.moalifeplus.com</TD>
</TR>

<TR ACOPY="Y" ADELETE="Y" HEIGHT="30">
<TD CLASS="NORMAL" WIDTH="141" HEIGHT="23"></TD>
<TD CLASS="NORMAL" WIDTH="441" HEIGHT="23"></TD>
</TR>

<TR ACOPY="Y" ADELETE="Y" HEIGHT="30">
<TD CLASS="NORMAL" WIDTH="141" HEIGHT="23">작  성  책  임  자 :</TD>
<TD CLASS="NORMAL" WIDTH="441" HEIGHT="23">(직  책) 전  무         (성  명) 강 인 선</TD>
</TR>

<TR ACOPY="Y" ADELETE="Y" HEIGHT="30">
<TD CLASS="NORMAL" WIDTH="141" HEIGHT="23"></TD>
<TD CLASS="NORMAL" WIDTH="441" HEIGHT="23">(전  화) 031-280-9650</TD>
</TR>
</TBODY>
</TABLE>
<P></P>
<PGBRK></PGBRK>
</COVER>

<SECTION-1 ACLASS="MANDATORY" APARTSOURCE="SOURCE">
<TITLE ATOC="Y" AASSOCNOTE="D-0-1-0-0" ENG="Exercise of Convertible Bond Purchase Option by Third Party" ATOCID="2">제3자의 전환사채매수선택권 행사</TITLE>
<P></P>

<TABLE-GROUP ACLASS="CB_PUB" ADELETETABLE="N">

<TABLE ACLASS="EXTRACTION" AFIXTABLE="Y" WIDTH="606" BORDER="1">

<COLGROUP WIDTH="606">
<COL WIDTH="133"></COL>
<COL WIDTH="103"></COL>
<COL WIDTH="136"></COL>
<COL WIDTH="54"></COL>
<COL WIDTH="53"></COL>
<COL WIDTH="53"></COL>
<COL WIDTH="74"></COL>
</COLGROUP>

<TBODY>

<TR ACOPY="N" ADELETE="N" HEIGHT="99">
<TD COLSPAN="3" WIDTH="363" HEIGHT="92" AUPDATECONT="N" VALIGN="MIDDLE" ENG="1. Type of bonds">1. 사채의 종류</TD>
<TD ALIGN="CENTER" WIDTH="45" HEIGHT="92" AUPDATECONT="N" ENG="Ordinal">회차</TD>
<TE ALIGN="CENTER" WIDTH="44" HEIGHT="92" ACODE="SEQ_NO">12</TE>
<TD ALIGN="CENTER" WIDTH="44" HEIGHT="92" AUPDATECONT="N" ENG="Class of shares">종류</TD>
<TE ALIGN="CENTER" WIDTH="65" HEIGHT="92" ACODE="PL_KND">무기명식 이권부 무보증 사모 전환사채</TE>
</TR>

<TR ACOPY="N" ADELETE="N" HEIGHT="30">
<TD COLSPAN="3" WIDTH="363" HEIGHT="23" AUPDATECONT="N" VALIGN="MIDDLE" ENG="2. Date of bond issuance">2. 사채발행일자</TD>
<TU COLSPAN="4" ALIGN="CENTER" WIDTH="225" HEIGHT="23" AUNIT="ISSU_DT" AUNITVALUE="20241213">2024년 12월 13일</TU>
</TR>

<TR ACOPY="N" ADELETE="N" HEIGHT="30">
<TD COLSPAN="3" WIDTH="363" HEIGHT="23" AUPDATECONT="N" VALIGN="MIDDLE" ENG="3. Method of bond issuance">3. 사채발행방법</TD>
<TU COLSPAN="4" VALIGN="MIDDLE" ALIGN="CENTER" WIDTH="225" HEIGHT="23" AUNIT="ISSU_MTH" AUNITVALUE="2" ENG="Private placement">사모</TU>
</TR>

<TR ACOPY="N" ADELETE="N" HEIGHT="30">
<TD COLSPAN="3" WIDTH="363" HEIGHT="23" AUPDATECONT="N" VALIGN="MIDDLE" ENG="4. Bond maturity date">4. 사채만기일</TD>
<TU COLSPAN="4" ALIGN="CENTER" WIDTH="225" HEIGHT="23" AUNIT="EXP_DT" AUNITVALUE="20281213">2028년 12월 13일</TU>
</TR>

<TR ACOPY="N" ADELETE="N" HEIGHT="53">
<TD ROWSPAN="3" VALIGN="MIDDLE" WIDTH="124" HEIGHT="129" AUPDATECONT="N" ENG="5. Details of convertible bond purchase option exercise">5. 전환사채   매수선택권   행사 내역</TD>
<TD COLSPAN="2" WIDTH="230" HEIGHT="46" AUPDATECONT="N" VALIGN="MIDDLE" ENG="Face (or electronically registered) value of convertible bonds with exercised purchase option (KRW) (A)">매수선택권이 행사된 전환사채의권면(전자등록) 금액(원) (A)</TD>
<TE COLSPAN="4" ALIGN="RIGHT" WIDTH="225" HEIGHT="46" ACODE="CB_EXC_PRC" VALIGN="MIDDLE">1,050,000,000</TE>
</TR>

<TR ACOPY="N" ADELETE="N" HEIGHT="53">
<TD COLSPAN="2" WIDTH="230" HEIGHT="46" AUPDATECONT="N" VALIGN="MIDDLE" ENG="Total face (or electronically registered) value of the convertible bonds (KRW) (B)">해당 전환사채의 권면(전자등록)총액(원) (B)</TD>
<TE COLSPAN="4" ALIGN="RIGHT" WIDTH="225" HEIGHT="46" ACODE="CB_TOT_PRC" VALIGN="MIDDLE">3,000,000,000</TE>
</TR>

<TR ACOPY="N" ADELETE="N" HEIGHT="30">
<TD COLSPAN="2" WIDTH="230" HEIGHT="23" AUPDATECONT="N" VALIGN="MIDDLE" ENG="Exercise ratio (%) (A/B)">행사비율(%) (A/B)</TD>
<TE COLSPAN="4" ALIGN="RIGHT" WIDTH="225" HEIGHT="23" ACODE="EXC_RT">35</TE>
</TR>

<TR ACOPY="N" ADELETE="N" HEIGHT="30">
<TD VALIGN="MIDDLE" WIDTH="363" HEIGHT="23" AUPDATECONT="N" COLSPAN="3" ENG="6. Date of exercise of convertible bond purchase option">6. 전환사채 매수선택권 행사일</TD>
<TU COLSPAN="4" ALIGN="CENTER" WIDTH="225" HEIGHT="23" AUNIT="EXC_DT" AUNITVALUE="20260105">2026년 01월 05일</TU>
</TR>

<TR ACOPY="N" ADELETE="N" HEIGHT="30">
<TD ROWSPAN="2" VALIGN="MIDDLE" WIDTH="124" HEIGHT="53" AUPDATECONT="N" ENG="7. Exercise price (Bond purchase amount)">7. 행사대가   (사채 매수금액)</TD>
<TD COLSPAN="2" WIDTH="230" HEIGHT="23" AUPDATECONT="N" VALIGN="MIDDLE" ENG="Amount (KRW)">금액(원)</TD>
<TE COLSPAN="4" ALIGN="RIGHT" WIDTH="225" HEIGHT="23" ACODE="EXC_PRC">1,096,421,550</TE>
</TR>

<TR ACOPY="N" ADELETE="N" HEIGHT="30">
<TD COLSPAN="2" WIDTH="230" HEIGHT="23" AUPDATECONT="N" VALIGN="MIDDLE" ENG="Applicable interest rate (%)">적용이자율(%)</TD>
<TE COLSPAN="4" ALIGN="RIGHT" WIDTH="225" HEIGHT="23" ACODE="EXC_INT_RT">104.4211</TE>
</TR>

<TR ACOPY="N" ADELETE="N" HEIGHT="30">
<TD COLSPAN="3" WIDTH="363" HEIGHT="23" AUPDATECONT="N" VALIGN="MIDDLE" ENG="8. (Scheduled) date of exercise price payment">8. 행사대가 지급(예정)일</TD>
<TU COLSPAN="4" ALIGN="CENTER" WIDTH="225" HEIGHT="23" AUNIT="EXC_PAY_DT" AUNITVALUE="20260113">2026년 01월 13일</TU>
</TR>

<TR ACOPY="N" ADELETE="N" HEIGHT="30">
<TD ROWSPAN="7" VALIGN="MIDDLE" WIDTH="124" HEIGHT="226" AUPDATECONT="N" ENG="9. Matters concerning conversion">9. 전환에 관한   사항</TD>
<TD COLSPAN="2" WIDTH="230" HEIGHT="23" AUPDATECONT="N" VALIGN="MIDDLE" ENG="Conversion ratio (%)">전환비율(%)</TD>
<TE COLSPAN="4" ALIGN="RIGHT" WIDTH="225" HEIGHT="23" ACODE="EXE_RT">100</TE>
</TR>

<TR ACOPY="N" ADELETE="N" HEIGHT="30">
<TD COLSPAN="2" WIDTH="230" HEIGHT="23" AUPDATECONT="N" VALIGN="MIDDLE" ENG="Conversion price as of the reporting date (KRW/share)">보고일 현재 전환가액(원/주)</TD>
<TE COLSPAN="4" ALIGN="RIGHT" WIDTH="225" HEIGHT="23" ACODE="EXE_PRC">1,154</TE>
</TR>

<TR ACOPY="N" ADELETE="N" HEIGHT="30">
<TD WIDTH="94" HEIGHT="106" AUPDATECONT="N" ROWSPAN="3" VALIGN="MIDDLE" ENG="Shares to be issued by conversion">전환에 따라발행할 주식</TD>
<TD WIDTH="127" HEIGHT="23" AUPDATECONT="N" VALIGN="MIDDLE" ALIGN="CENTER" ENG="Class of shares">종류</TD>
<TE COLSPAN="4" WIDTH="225" HEIGHT="23" ACODE="STK_KND" VALIGN="MIDDLE" ALIGN="CENTER">보통주</TE>
</TR>

<TR ACOPY="N" ADELETE="N" HEIGHT="30">
<TD WIDTH="127" HEIGHT="23" AUPDATECONT="N" VALIGN="MIDDLE" ALIGN="CENTER" ENG="Number of shares">주식수</TD>
<TE COLSPAN="4" WIDTH="225" HEIGHT="23" ACODE="STK_CNT" VALIGN="MIDDLE" ALIGN="RIGHT">909,878</TE>
</TR>

<TR ACOPY="N" ADELETE="N" HEIGHT="53">
<TD WIDTH="127" HEIGHT="46" AUPDATECONT="N" VALIGN="MIDDLE" ALIGN="CENTER" ENG="Ratio to total number of shares (%)">주식총수 대비비율(%)</TD>
<TE COLSPAN="4" WIDTH="225" HEIGHT="46" ACODE="STK_RT" VALIGN="MIDDLE" ALIGN="RIGHT">2.28</TE>
</TR>

<TR ACOPY="N" ADELETE="N" HEIGHT="30">
<TD ROWSPAN="2" VALIGN="MIDDLE" WIDTH="94" HEIGHT="53" AUPDATECONT="N" ENG="Conversion request period">전환청구기간</TD>
<TD ALIGN="CENTER" VALIGN="MIDDLE" WIDTH="127" HEIGHT="23" AUPDATECONT="N" ENG="Start date">시작일</TD>
<TU COLSPAN="4" ALIGN="CENTER" WIDTH="225" HEIGHT="23" AUNIT="SB_BGN_DT" AUNITVALUE="20251213">2025년 12월 13일</TU>
</TR>

<TR ACOPY="N" ADELETE="N" HEIGHT="30">
<TD ALIGN="CENTER" VALIGN="MIDDLE" WIDTH="127" HEIGHT="23" AUPDATECONT="N" ENG="End date">종료일</TD>
<TU COLSPAN="4" ALIGN="CENTER" WIDTH="225" HEIGHT="23" AUNIT="SB_END_DT" AUNITVALUE="20281113">2028년 11월 13일</TU>
</TR>

<TR ACOPY="N" ADELETE="N" HEIGHT="30">
<TD VALIGN="MIDDLE" WIDTH="124" HEIGHT="76" AUPDATECONT="N" ROWSPAN="2" ENG="10. Exerciser-designated price">10. 행사자    지정대가</TD>
<TD COLSPAN="2" VALIGN="MIDDLE" WIDTH="230" HEIGHT="23" AUPDATECONT="N" ENG="Amount (KRW)">금액(원)</TD>
<TE COLSPAN="4" ALIGN="RIGHT" WIDTH="225" HEIGHT="23" ACODE="EXC_DSG_PRC">90,987,800</TE>
</TR>

<TR ACOPY="N" ADELETE="N" HEIGHT="53">
<TD COLSPAN="2" VALIGN="MIDDLE" WIDTH="230" HEIGHT="46" AUPDATECONT="N" ENG="Basis of calculation">산정근거</TD>
<TE COLSPAN="4" WIDTH="225" HEIGHT="46" ACODE="EXC_DSG_RSN">권면금액의 8.7%에 해당하는 금액 가산</TE>
</TR>

<TR ACOPY="N" ADELETE="N" HEIGHT="30">
<TD COLSPAN="3" WIDTH="363" HEIGHT="23" AUPDATECONT="N" VALIGN="MIDDLE" ENG="11. Whether subject to the Fair Trade Commission reporting requirements">11. 공정거래위원회 신고대상 여부 </TD>
<TU COLSPAN="4" ALIGN="CENTER" WIDTH="225" HEIGHT="23" AUNIT="TRD_YN" AUNITVALUE="N" ENG="Non-applicable">미해당</TU>
</TR>
</TBODY>
</TABLE>
</TABLE-GROUP>

<TABLE ACLASS="NORMAL" AFIXTABLE="Y" WIDTH="600" BORDER="0">

<COLGROUP WIDTH="600">
<COL WIDTH="600"></COL>
</COLGROUP>

<TBODY>

<TR ACOPY="N" ADELETE="N" HEIGHT="30">
<TD WIDTH="591" HEIGHT="23" AUPDATECONT="N" ENG="12. Other matters to be factored into investment decisions">12. 기타 투자판단에 참고할 사항</TD>
</TR>
</TBODY>
</TABLE>
<P USERMARK="F-GL "></P>
<P USERMARK="F-GL11 B">매도청구권(Call Option)에 관한 사항</P>

<P>
<SPAN USERMARK="F-GL ">1. 매도청구권 행사기간 본 사채의 발행일로부터 12개월이 경과한 날인 2025년 12월 13일로부터 24개월이 경과한   날인 2026년 12월 13일까지 매 1개월에 해당하는 날(이하 “매매대금 지급기일”)에 사채권자가 보유하고 있는 본 사채의 일부를 매수인에게 매도하여 줄 것을 청구할 수 있으며, 사채권자는 이 청구에 따라 보유하고 있는 본 사채를 매수인에게 매도하여야 한다. 단, 인수 계약 제4조 제24항에 따란 발행회사가 기한의 이익을 상실하는 경우에는 사채권자는 매도청구권을 보장하지 않는다.2. 매도청구권 행사 통지 기간 및 행사방법1) 매수인은 매매대금 지급기일(제2호에서 정하는 날)로부터 20일 전부터 10일 전까  지, 사채권자에게 매수대상 사채의 수량, 매매대금 지급기일 및 매매대금을 서면으  로 통지하는 방식으로 매도청구권 행사를 하며, 본 매도청구권 행사에 따른 매매계   약은 매수인의 매도청구가 사채권자에게 도달한 시점에 체결된 것으로 본다. 단, 매  도청구권 청구기간의 종료일이 영업일이 아닌 경우에는 그 다음 영업일까지로 한다.</SPAN>
<SPAN USERMARK="F-GL B"></SPAN>
<SPAN USERMARK="F-GL ">단, 13차 매도청구권 청구기간의 경우 매매대금 지급기일로부터 35일 전부터 10일 전까지로 한다.</SPAN>
<SPAN USERMARK="F-GL B"></SPAN>
<SPAN USERMARK="F-GL ">2) 매수인은 각 사채권자에 대하여 각 사채권자가 보유하고 있는 본 사채 발행가액의 35%를 초과하여 매도청구권을 행사할 수 없다. 즉, 각 사채권자에 대한 매도청구권의 전자등록금액의 합계 금액은 본 사채 발행가액의 35% 이내이어야 한다.3. 매매대금 지급 및 사채의 인도1) 매도청구의 대상이 되는 사채의 매매대금은 사채발행일로부터 매매대금 지급기일 전일까지 연간 보장수익률 4%(월 복리로 계산) 적용하여 계산한 금액으로 한다. </SPAN>
</P>

<TABLE WIDTH="537" ACLASS="NORMAL" AFIXTABLE="N" BORDER="1">

<COLGROUP WIDTH="537">
<COL WIDTH="65"></COL>
<COL WIDTH="108"></COL>
<COL WIDTH="108"></COL>
<COL WIDTH="129"></COL>
<COL WIDTH="127"></COL>
</COLGROUP>

<THEAD>

<TR ACOPY="Y" ADELETE="Y" HEIGHT="31">
<TH ROWSPAN="2" WIDTH="56" USERMARK="F-12  BC0XDCDCDC" VALIGN="MIDDLE" ACOPYCOL="Y" ADELETECOL="Y" AMOVECOL="N" HEIGHT="55">구분</TH>
<TH COLSPAN="2" WIDTH="207" USERMARK="F-12  BC0XDCDCDC" VALIGN="MIDDLE" ACOPYCOL="Y" ADELETECOL="Y" AMOVECOL="N" HEIGHT="24">매도청구권 청구기간</TH>
<TH ROWSPAN="2" WIDTH="120" USERMARK="F-12  BC0XDCDCDC" VALIGN="MIDDLE" ACOPYCOL="Y" ADELETECOL="Y" AMOVECOL="N" HEIGHT="55">매매대금 지급기일</TH>

<TH ROWSPAN="2" WIDTH="118" USERMARK="F-12  BC0XDCDCDC" VALIGN="MIDDLE" ACOPYCOL="Y" ADELETECOL="Y" AMOVECOL="N" HEIGHT="55">
<P USERMARK="F-12  A-C">매도청구권 </P>
<P USERMARK="F-12  A-C">행사시 적용이율</P>
</TH>
</TR>

<TR ACOPY="Y" ADELETE="Y" HEIGHT="31">
<TH WIDTH="99" USERMARK="F-12  BC0XDCDCDC" VALIGN="MIDDLE" ACOPYCOL="Y" ADELETECOL="Y" AMOVECOL="N" HEIGHT="24">FROM</TH>
<TH WIDTH="99" USERMARK="F-12  BC0XDCDCDC" VALIGN="MIDDLE" ACOPYCOL="Y" ADELETECOL="Y" AMOVECOL="N" HEIGHT="24">TO</TH>
</TR>
</THEAD>

<TBODY>

<TR ACOPY="Y" ADELETE="Y" HEIGHT="31">
<TD ALIGN="CENTER" WIDTH="56" USERMARK="F-12 " VALIGN="MIDDLE" HEIGHT="24">1회차</TD>
<TD ALIGN="CENTER" WIDTH="99" USERMARK="F-12 " VALIGN="MIDDLE" HEIGHT="24">2025-11-23</TD>
<TD ALIGN="CENTER" WIDTH="99" USERMARK="F-12 " VALIGN="MIDDLE" HEIGHT="24">2025-12-03</TD>
<TD ALIGN="CENTER" WIDTH="120" USERMARK="F-12 " VALIGN="MIDDLE" HEIGHT="24">2025-12-13</TD>
<TD ALIGN="CENTER" WIDTH="118" USERMARK="F-12 " VALIGN="MIDDLE" HEIGHT="24">104.0742%</TD>
</TR>

<TR ACOPY="Y" ADELETE="Y" HEIGHT="31">
<TD ALIGN="CENTER" WIDTH="56" USERMARK="F-12 " VALIGN="MIDDLE" HEIGHT="24">2회차</TD>
<TD ALIGN="CENTER" WIDTH="99" USERMARK="F-12 " VALIGN="MIDDLE" HEIGHT="24">2025-12-24</TD>
<TD ALIGN="CENTER" WIDTH="99" USERMARK="F-12 " VALIGN="MIDDLE" HEIGHT="24">2026-01-03</TD>
<TD ALIGN="CENTER" WIDTH="120" USERMARK="F-12 " VALIGN="MIDDLE" HEIGHT="24">2026-01-13</TD>
<TD ALIGN="CENTER" WIDTH="118" USERMARK="F-12 " VALIGN="MIDDLE" HEIGHT="24">104.4211%</TD>
</TR>

<TR ACOPY="Y" ADELETE="Y" HEIGHT="31">
<TD ALIGN="CENTER" WIDTH="56" USERMARK="F-12 " VALIGN="MIDDLE" HEIGHT="24">3회차</TD>
<TD ALIGN="CENTER" WIDTH="99" USERMARK="F-12 " VALIGN="MIDDLE" HEIGHT="24">2026-01-24</TD>
<TD ALIGN="CENTER" WIDTH="99" USERMARK="F-12 " VALIGN="MIDDLE" HEIGHT="24">2026-02-03</TD>
<TD ALIGN="CENTER" WIDTH="120" USERMARK="F-12 " VALIGN="MIDDLE" HEIGHT="24">2026-02-13</TD>
<TD ALIGN="CENTER" WIDTH="118" USERMARK="F-12 " VALIGN="MIDDLE" HEIGHT="24">104.7692%</TD>
</TR>

<TR ACOPY="Y" ADELETE="Y" HEIGHT="31">
<TD ALIGN="CENTER" WIDTH="56" USERMARK="F-12 " VALIGN="MIDDLE" HEIGHT="24">4회차</TD>
<TD ALIGN="CENTER" WIDTH="99" USERMARK="F-12 " VALIGN="MIDDLE" HEIGHT="24">2026-02-21</TD>
<TD ALIGN="CENTER" WIDTH="99" USERMARK="F-12 " VALIGN="MIDDLE" HEIGHT="24">2026-03-03</TD>
<TD ALIGN="CENTER" WIDTH="120" USERMARK="F-12 " VALIGN="MIDDLE" HEIGHT="24">2026-03-13</TD>
<TD ALIGN="CENTER" WIDTH="118" USERMARK="F-12 " VALIGN="MIDDLE" HEIGHT="24">105.1184%</TD>
</TR>

<TR ACOPY="Y" ADELETE="Y" HEIGHT="31">
<TD ALIGN="CENTER" WIDTH="56" USERMARK="F-12 " VALIGN="MIDDLE" HEIGHT="24">5회차</TD>
<TD ALIGN="CENTER" WIDTH="99" USERMARK="F-12 " VALIGN="MIDDLE" HEIGHT="24">2026-03-24</TD>
<TD ALIGN="CENTER" WIDTH="99" USERMARK="F-12 " VALIGN="MIDDLE" HEIGHT="24">2026-04-03</TD>
<TD ALIGN="CENTER" WIDTH="120" USERMARK="F-12 " VALIGN="MIDDLE" HEIGHT="24">2026-04-13</TD>
<TD ALIGN="CENTER" WIDTH="118" USERMARK="F-12 " VALIGN="MIDDLE" HEIGHT="24">105.4688%</TD>
</TR>

<TR ACOPY="Y" ADELETE="Y" HEIGHT="31">
<TD ALIGN="CENTER" WIDTH="56" USERMARK="F-12 " VALIGN="MIDDLE" HEIGHT="24">6회차</TD>
<TD ALIGN="CENTER" WIDTH="99" USERMARK="F-12 " VALIGN="MIDDLE" HEIGHT="24">2026-04-23</TD>
<TD ALIGN="CENTER" WIDTH="99" USERMARK="F-12 " VALIGN="MIDDLE" HEIGHT="24">2026-05-03</TD>
<TD ALIGN="CENTER" WIDTH="120" USERMARK="F-12 " VALIGN="MIDDLE" HEIGHT="24">2026-05-13</TD>
<TD ALIGN="CENTER" WIDTH="118" USERMARK="F-12 " VALIGN="MIDDLE" HEIGHT="24">105.8204%</TD>
</TR>

<TR ACOPY="Y" ADELETE="Y" HEIGHT="31">
<TD ALIGN="CENTER" WIDTH="56" USERMARK="F-12 " VALIGN="MIDDLE" HEIGHT="24">7회차</TD>
<TD ALIGN="CENTER" WIDTH="99" USERMARK="F-12 " VALIGN="MIDDLE" HEIGHT="24">2026-05-24</TD>
<TD ALIGN="CENTER" WIDTH="99" USERMARK="F-12 " VALIGN="MIDDLE" HEIGHT="24">2026-06-03</TD>
<TD ALIGN="CENTER" WIDTH="120" USERMARK="F-12 " VALIGN="MIDDLE" HEIGHT="24">2026-06-13</TD>
<TD ALIGN="CENTER" WIDTH="118" USERMARK="F-12 " VALIGN="MIDDLE" HEIGHT="24">106.1731%</TD>
</TR>

<TR ACOPY="Y" ADELETE="Y" HEIGHT="31">
<TD ALIGN="CENTER" WIDTH="56" USERMARK="F-12 " VALIGN="MIDDLE" HEIGHT="24">8회차</TD>
<TD ALIGN="CENTER" WIDTH="99" USERMARK="F-12 " VALIGN="MIDDLE" HEIGHT="24">2026-06-23</TD>
<TD ALIGN="CENTER" WIDTH="99" USERMARK="F-12 " VALIGN="MIDDLE" HEIGHT="24">2026-07-03</TD>
<TD ALIGN="CENTER" WIDTH="120" USERMARK="F-12 " VALIGN="MIDDLE" HEIGHT="24">2026-07-13</TD>
<TD ALIGN="CENTER" WIDTH="118" USERMARK="F-12 " VALIGN="MIDDLE" HEIGHT="24">106.5270%</TD>
</TR>

<TR ACOPY="Y" ADELETE="Y" HEIGHT="31">
<TD ALIGN="CENTER" WIDTH="56" USERMARK="F-12 " VALIGN="MIDDLE" HEIGHT="24">9회차</TD>
<TD ALIGN="CENTER" WIDTH="99" USERMARK="F-12 " VALIGN="MIDDLE" HEIGHT="24">2026-07-24</TD>
<TD ALIGN="CENTER" WIDTH="99" USERMARK="F-12 " VALIGN="MIDDLE" HEIGHT="24">2026-08-03</TD>
<TD ALIGN="CENTER" WIDTH="120" USERMARK="F-12 " VALIGN="MIDDLE" HEIGHT="24">2026-08-13</TD>
<TD ALIGN="CENTER" WIDTH="118" USERMARK="F-12 " VALIGN="MIDDLE" HEIGHT="24">106.8821%</TD>
</TR>

<TR ACOPY="Y" ADELETE="Y" HEIGHT="31">
<TD ALIGN="CENTER" WIDTH="56" USERMARK="F-12 " VALIGN="MIDDLE" HEIGHT="24">10회차</TD>
<TD ALIGN="CENTER" WIDTH="99" USERMARK="F-12 " VALIGN="MIDDLE" HEIGHT="24">2026-08-24</TD>
<TD ALIGN="CENTER" WIDTH="99" USERMARK="F-12 " VALIGN="MIDDLE" HEIGHT="24">2026-09-03</TD>
<TD ALIGN="CENTER" WIDTH="120" USERMARK="F-12 " VALIGN="MIDDLE" HEIGHT="24">2026-09-13</TD>
<TD ALIGN="CENTER" WIDTH="118" USERMARK="F-12 " VALIGN="MIDDLE" HEIGHT="24">107.2384%</TD>
</TR>

<TR ACOPY="Y" ADELETE="Y" HEIGHT="31">
<TD ALIGN="CENTER" WIDTH="56" USERMARK="F-12 " VALIGN="MIDDLE" HEIGHT="24">11회차</TD>
<TD ALIGN="CENTER" WIDTH="99" USERMARK="F-12 " VALIGN="MIDDLE" HEIGHT="24">2026-09-23</TD>
<TD ALIGN="CENTER" WIDTH="99" USERMARK="F-12 " VALIGN="MIDDLE" HEIGHT="24">2026-10-03</TD>
<TD ALIGN="CENTER" WIDTH="120" USERMARK="F-12 " VALIGN="MIDDLE" HEIGHT="24">2026-10-13</TD>
<TD ALIGN="CENTER" WIDTH="118" USERMARK="F-12 " VALIGN="MIDDLE" HEIGHT="24">107.5958%</TD>
</TR>

<TR ACOPY="Y" ADELETE="Y" HEIGHT="31">
<TD ALIGN="CENTER" WIDTH="56" USERMARK="F-12 " VALIGN="MIDDLE" HEIGHT="24">12회차</TD>
<TD ALIGN="CENTER" WIDTH="99" USERMARK="F-12 " VALIGN="MIDDLE" HEIGHT="24">2026-10-24</TD>
<TD ALIGN="CENTER" WIDTH="99" USERMARK="F-12 " VALIGN="MIDDLE" HEIGHT="24">2026-11-03</TD>
<TD ALIGN="CENTER" WIDTH="120" USERMARK="F-12 " VALIGN="MIDDLE" HEIGHT="24">2026-11-13</TD>
<TD ALIGN="CENTER" WIDTH="118" USERMARK="F-12 " VALIGN="MIDDLE" HEIGHT="24">107.9545%</TD>
</TR>

<TR ACOPY="Y" ADELETE="Y" HEIGHT="31">
<TD ALIGN="CENTER" WIDTH="56" USERMARK="F-12 " VALIGN="MIDDLE" HEIGHT="24">13회차</TD>
<TD ALIGN="CENTER" WIDTH="99" USERMARK="F-12 " VALIGN="MIDDLE" HEIGHT="24">2026-11-08</TD>
<TD ALIGN="CENTER" WIDTH="99" USERMARK="F-12 " VALIGN="MIDDLE" HEIGHT="24">2026-12-03</TD>
<TD ALIGN="CENTER" WIDTH="120" USERMARK="F-12 " VALIGN="MIDDLE" HEIGHT="24">2026-12-13</TD>
<TD ALIGN="CENTER" WIDTH="118" USERMARK="F-12 " VALIGN="MIDDLE" HEIGHT="24">108.3143%</TD>
</TR>
</TBODY>
</TABLE>
<P USERMARK="F-GL ">2) 매수인은 매매대금 지급기일에 사채권자에게 사채권자가 지정하는 방식으로 제1항의 매매대금을 지급하고, 사채권자는 위 금액을 지급받음과 동시에 매수인에게 매도청구권 대상 채권을 인도한다. 단, 매매대금 지급기일이 영업일이 아닌 경우에는 그 다음 영업일에 지급하고 매매대금지급기일 이후의 이자는 계산하지 아니한다. 매수인이 본 매도청구권의 행사에 따른 매매대금 지급기일에 매매대금을 지급하지 아니한 때에는 해당 매매대금 지급기일의 익일부터 실제 지급일까지 해당 매매대금에 대하여 산정한 연체이자를 추가로 지급하며, 이에 대하여는 인수 계약 제4조제13항을 준용한다.4. 사채권자의 의무 보유1)본 사채의 인수인은 매도청구권 협약에 의한 매도청구권 행사를 보장하기 위하여 동 매도청구권의 행사기간 종료일(2026년 12월 3일)까지 인수 계약 제4조에 따른 발행 당 시 인수금액의 35%에 해당하는 본 사채를 미전환 상태로 보유하여야 한다2)본 사채의 인수인은 본 사채를 양도하는 경우에는 본 사채의 양수인에 대하여 본 협약에 의한 “매도청구권”의 행사 및 “의무 보유”가 보장되는 방법으로 하여야 한다. 사채권자가 이러한 방법으로 제3자에게 본 사채를 양도한 경우, 양도한 범위에서 본 협약 상 사채권자의 의무는 소멸한 것으로 본다5. 매도청구권 행사일에 매도청구권과 인수계약 제4조 제12항의 조기상환청구권이 동시에 행사되는 경우 조기상환청구권이 우선한다.</P>
<P></P>

<TABLE-GROUP ACLASS="CRP_ISSU" ADELETETABLE="N">

<TABLE ACLASS="NORMAL" AFIXTABLE="Y" WIDTH="600" BORDER="0">

<COLGROUP WIDTH="600">
<COL WIDTH="600"></COL>
</COLGROUP>

<TBODY>

<TR ACOPY="N" ADELETE="N" HEIGHT="30">
<TD WIDTH="591" HEIGHT="23" AUPDATECONT="N" ENG="【Circumstances of Selection, Transaction Details, Exercising Details, etc. for each Exerciser】">【행사자별 선정경위, 거래내역, 행사내역 등】</TD>
</TR>
</TBODY>
</TABLE>

<TABLE ACLASS="EXTRACTION" AFIXTABLE="N" WIDTH="1047" BORDER="1">

<COLGROUP WIDTH="1047">
<COL WIDTH="78"></COL>
<COL WIDTH="108"></COL>
<COL WIDTH="503"></COL>
<COL WIDTH="133"></COL>
<COL WIDTH="177"></COL>
<COL WIDTH="48"></COL>
</COLGROUP>

<THEAD>

<TR ACOPY="N" ADELETE="N" HEIGHT="76">
<TH VALIGN="MIDDLE" WIDTH="69" HEIGHT="69" ACOPYCOL="N" ADELETECOL="N" AMOVECOL="N" AUPDATECONT="N" ENG="Name of exerciser">행사자명</TH>
<TH VALIGN="MIDDLE" WIDTH="99" HEIGHT="69" ACOPYCOL="N" ADELETECOL="N" AMOVECOL="N" AUPDATECONT="N" ENG="Relationship to company or the largest shareholder">회사 또는최대주주와의관계</TH>
<TH VALIGN="MIDDLE" WIDTH="494" HEIGHT="69" ACOPYCOL="N" ADELETECOL="N" AMOVECOL="N" AUPDATECONT="N" ENG="Circumstances of selection">선정경위</TH>
<TH VALIGN="MIDDLE" WIDTH="124" HEIGHT="69" ACOPYCOL="N" ADELETECOL="N" AMOVECOL="N" AUPDATECONT="N" ENG="Transaction details and plan within 6 months before and after exercise date">행사일 전후6월이내거래내역 및 계획</TH>
<TH VALIGN="MIDDLE" WIDTH="168" HEIGHT="69" ACOPYCOL="N" ADELETECOL="N" AMOVECOL="N" AUPDATECONT="N" ENG="Face (or electronically registered) value of convertible bonds with exercised purchase options (KRW)">매수선택권행사 전환사채의권면(전자등록)금액(원)</TH>
<TH VALIGN="MIDDLE" WIDTH="39" HEIGHT="69" ACOPYCOL="N" ADELETECOL="N" AMOVECOL="N" AUPDATECONT="N" ENG="Note">비고</TH>
</TR>
</THEAD>

<TBODY>

<TR ACOPY="Y" ADELETE="N" HEIGHT="30">
<TE WIDTH="69" HEIGHT="23" ACODE="ISSU_NM" ALIGN="CENTER">홍미리</TE>
<TE WIDTH="99" HEIGHT="23" ACODE="RLT" ALIGN="CENTER">해당없음</TE>
<TE WIDTH="494" HEIGHT="23" ACODE="ISSU_SLT" ALIGN="CENTER">매도청구권 행사능력 및 회사의 자금조달등을 고려하여 이사회에서 선정</TE>
<TE WIDTH="124" HEIGHT="23" ACODE="ISSU_HST" ALIGN="CENTER">-</TE>
<TE ALIGN="RIGHT" WIDTH="168" HEIGHT="23" ACODE="ISSU_AMT" VALIGN="MIDDLE">1,050,000,000</TE>
<TE ALIGN="CENTER" WIDTH="39" HEIGHT="23" ACODE="ISSU_ETC">-</TE>
</TR>
</TBODY>
</TABLE>
</TABLE-GROUP>

<P></P>

<P></P>

<P></P>
</SECTION-1>
</BODY>
</DOCUMENT>