<?xml version="1.0" encoding="utf-8"?>


<DOCUMENT xmlns:xsi="http://www.w3.org/2001/XMLSchema-instance" xsi:noNamespaceSchemaLocation="dart4.xsd">

<DOCUMENT-NAME ACODE="80718">특수관계인으로부터자금차입</DOCUMENT-NAME>
<FORMULA-VERSION ADATE="20240129">6.0</FORMULA-VERSION>
<COMPANY-NAME AREGCIK="01464524">모인파크(주)</COMPANY-NAME>


<BODY ATOCID="1">

<SECTION-1 ACLASS="MANDATORY" APARTSOURCE="SOURCE">
<TITLE ATOC="Y" AASSOCNOTE="D-0-1-0-0" ENG="Borrowing Funds from Related Party" ATOCID="1">특수관계인으로부터 자금차입</TITLE>
<P></P>

<TABLE ACLASS="NORMAL" WIDTH="737" BORDER="1">

<COLGROUP WIDTH="737">
<COL WIDTH="93"></COL>
<COL WIDTH="78"></COL>
<COL WIDTH="63"></COL>
<COL WIDTH="105"></COL>
<COL WIDTH="78"></COL>
<COL WIDTH="98"></COL>
<COL WIDTH="78"></COL>
<COL WIDTH="144"></COL>
</COLGROUP>

<TBODY>

<TR ACOPY="Y" ADELETE="Y" HEIGHT="30">
<TD ALIGN="CENTER" VALIGN="MIDDLE" WIDTH="84" HEIGHT="23">기업집단명</TD>
<TD VALIGN="MIDDLE" WIDTH="69" HEIGHT="23">중흥건설</TD>
<TD ALIGN="CENTER" VALIGN="MIDDLE" WIDTH="54" HEIGHT="23">회사명</TD>
<TD VALIGN="MIDDLE" WIDTH="96" HEIGHT="23">모인파크(주)</TD>
<TD ALIGN="CENTER" VALIGN="MIDDLE" WIDTH="69" HEIGHT="23">공시일자</TD>
<TD VALIGN="MIDDLE" WIDTH="89" HEIGHT="23">2026-01-05</TD>
<TD ALIGN="CENTER" VALIGN="MIDDLE" WIDTH="69" HEIGHT="23">관련법규</TD>
<TD ALIGN="CENTER" VALIGN="MIDDLE" WIDTH="135" HEIGHT="23">공정거래법 제26조</TD>
</TR>
</TBODY>
</TABLE>
<P></P>

<TABLE ACLASS="NORMAL" AFIXTABLE="N" WIDTH="618" BORDER="0">

<COLGROUP WIDTH="618">
<COL WIDTH="235"></COL>
<COL WIDTH="383"></COL>
</COLGROUP>

<TBODY>

<TR ACOPY="Y" ADELETE="Y" HEIGHT="30">
<TD WIDTH="226" HEIGHT="23"></TD>
<TD ALIGN="RIGHT" WIDTH="374" HEIGHT="23">(단위 : 백만 원)</TD>
</TR>
</TBODY>
</TABLE>

<TABLE BORDER="1" WIDTH="724" ACLASS="NORMAL">

<COLGROUP WIDTH="724">
<COL WIDTH="216"></COL>
<COL WIDTH="75"></COL>
<COL WIDTH="199"></COL>
<COL WIDTH="136"></COL>
<COL WIDTH="98"></COL>
</COLGROUP>

<TBODY>

<TR ACOPY="Y" ADELETE="Y" HEIGHT="30">
<TD COLSPAN="2" VALIGN="MIDDLE" WIDTH="282" HEIGHT="23">1. 차입유형</TD>
<TD COLSPAN="3" ALIGN="CENTER" VALIGN="MIDDLE" WIDTH="424" HEIGHT="23">장기차입금</TD>
</TR>

<TR ACOPY="Y" ADELETE="Y" HEIGHT="30">
<TD COLSPAN="5" VALIGN="MIDDLE" WIDTH="715" HEIGHT="23">2. 차입 내역</TD>
</TR>

<TR ACOPY="Y" ADELETE="Y" HEIGHT="30">
<TD COLSPAN="2" VALIGN="MIDDLE" WIDTH="282" HEIGHT="23">가. 계약체결일</TD>
<TD COLSPAN="3" ALIGN="CENTER" VALIGN="MIDDLE" WIDTH="424" HEIGHT="23">2025-12-31</TD>
</TR>

<TR ACOPY="Y" ADELETE="Y" HEIGHT="30">
<TD COLSPAN="2" VALIGN="MIDDLE" WIDTH="282" HEIGHT="23">나. 차입처</TD>
<TD ALIGN="CENTER" VALIGN="MIDDLE" WIDTH="190" HEIGHT="23">중흥토건(주)</TD>
<TD ALIGN="CENTER" VALIGN="MIDDLE" WIDTH="127" HEIGHT="23">회사와의 관계</TD>
<TD ALIGN="CENTER" VALIGN="MIDDLE" WIDTH="89" HEIGHT="23">계열회사</TD>
</TR>

<TR ACOPY="Y" ADELETE="Y" HEIGHT="30">
<TD COLSPAN="2" VALIGN="MIDDLE" WIDTH="282" HEIGHT="23">다. 차입기간</TD>
<TD ALIGN="CENTER" VALIGN="MIDDLE" WIDTH="190" HEIGHT="23">2025-12-31 ~ 2028-12-31</TD>
<TD ALIGN="CENTER" VALIGN="MIDDLE" WIDTH="127" HEIGHT="23">상환일</TD>
<TD ALIGN="CENTER" VALIGN="MIDDLE" WIDTH="89" HEIGHT="23">2028-12-31</TD>
</TR>

<TR ACOPY="Y" ADELETE="Y" HEIGHT="30">
<TD COLSPAN="2" VALIGN="MIDDLE" WIDTH="282" HEIGHT="23">라. 차입금액</TD>
<TD COLSPAN="3" ALIGN="CENTER" VALIGN="MIDDLE" WIDTH="424" HEIGHT="23">2,061</TD>
</TR>

<TR ACOPY="Y" ADELETE="Y" HEIGHT="30">
<TD COLSPAN="2" VALIGN="MIDDLE" WIDTH="282" HEIGHT="23">- 직전사업연도말 자기자본 </TD>
<TD COLSPAN="3" ALIGN="CENTER" VALIGN="MIDDLE" WIDTH="424" HEIGHT="23">-4,203</TD>
</TR>

<TR ACOPY="Y" ADELETE="Y" HEIGHT="30">
<TD COLSPAN="2" VALIGN="MIDDLE" WIDTH="282" HEIGHT="23">- 자기자본대비 (%)</TD>
<TD COLSPAN="3" ALIGN="CENTER" VALIGN="MIDDLE" WIDTH="424" HEIGHT="23">-49.036</TD>
</TR>

<TR ACOPY="Y" ADELETE="Y" HEIGHT="30">
<TD COLSPAN="2" VALIGN="MIDDLE" WIDTH="282" HEIGHT="23">마. 이자율(%)</TD>
<TD COLSPAN="3" ALIGN="CENTER" VALIGN="MIDDLE" WIDTH="424" HEIGHT="23">당좌대출이자율(4.6%)</TD>
</TR>

<TR ACOPY="Y" ADELETE="Y" HEIGHT="30">
<TD COLSPAN="2" VALIGN="MIDDLE" WIDTH="282" HEIGHT="23">바. 상환방법</TD>
<TD COLSPAN="3" ALIGN="CENTER" VALIGN="MIDDLE" WIDTH="424" HEIGHT="23">만기일시상환(분할/중도상환 가능)</TD>
</TR>

<TR ACOPY="Y" ADELETE="Y" HEIGHT="30">
<TD COLSPAN="2" VALIGN="MIDDLE" WIDTH="282" HEIGHT="23">3. 자금용도</TD>
<TD COLSPAN="3" ALIGN="CENTER" VALIGN="MIDDLE" WIDTH="424" HEIGHT="23">운영자금</TD>
</TR>

<TR ACOPY="Y" ADELETE="Y" HEIGHT="53">
<TD COLSPAN="2" VALIGN="MIDDLE" WIDTH="282" HEIGHT="46">4. 거래상대방과의 차입총계  (해당 사업연도 기준)</TD>
<TD COLSPAN="3" ALIGN="CENTER" VALIGN="MIDDLE" WIDTH="424" HEIGHT="46">6,272</TD>
</TR>

<TR ACOPY="Y" ADELETE="Y" HEIGHT="30">
<TD COLSPAN="2" VALIGN="MIDDLE" WIDTH="282" HEIGHT="23">5. 이사회 의결일</TD>
<TD COLSPAN="3" ALIGN="CENTER" VALIGN="MIDDLE" WIDTH="424" HEIGHT="23">2025-12-31</TD>
</TR>

<TR ACOPY="Y" ADELETE="Y" HEIGHT="30">
<TD ROWSPAN="2" VALIGN="MIDDLE" WIDTH="207" HEIGHT="53">- 사외이사 참석여부</TD>
<TD ALIGN="CENTER" VALIGN="MIDDLE" WIDTH="66" HEIGHT="23">참석(명)</TD>
<TD COLSPAN="3" ALIGN="CENTER" VALIGN="MIDDLE" WIDTH="424" HEIGHT="23">-</TD>
</TR>

<TR ACOPY="Y" ADELETE="Y" HEIGHT="30">
<TD ALIGN="CENTER" VALIGN="MIDDLE" WIDTH="66" HEIGHT="23">불참(명)</TD>
<TD COLSPAN="3" ALIGN="CENTER" VALIGN="MIDDLE" WIDTH="424" HEIGHT="23">-</TD>
</TR>

<TR ACOPY="Y" ADELETE="Y" HEIGHT="30">
<TD COLSPAN="2" VALIGN="MIDDLE" WIDTH="282" HEIGHT="23">- 감사(감사위원)참석여부</TD>
<TD COLSPAN="3" ALIGN="CENTER" VALIGN="MIDDLE" WIDTH="424" HEIGHT="23">참석</TD>
</TR>

<TR ACOPY="Y" ADELETE="Y" HEIGHT="30">
<TD COLSPAN="2" VALIGN="MIDDLE" WIDTH="282" HEIGHT="23">6. 해당회사의 직전사업연도말 자산총액 </TD>
<TD ALIGN="CENTER" VALIGN="MIDDLE" WIDTH="190" HEIGHT="23">193,206</TD>
<TD ALIGN="CENTER" VALIGN="MIDDLE" WIDTH="127" HEIGHT="23">자산총액 대비(%)</TD>
<TD ALIGN="CENTER" VALIGN="MIDDLE" WIDTH="89" HEIGHT="23">1.067</TD>
</TR>

<TR ACOPY="Y" ADELETE="Y" HEIGHT="30">
<TD COLSPAN="2" VALIGN="MIDDLE" WIDTH="282" HEIGHT="23">7. 기타</TD>
<TD COLSPAN="3" ALIGN="CENTER" VALIGN="MIDDLE" WIDTH="424" HEIGHT="23">-만기 연장의건입니다.</TD>
</TR>

<TR ACOPY="Y" ADELETE="Y" HEIGHT="30">
<TD COLSPAN="2" VALIGN="MIDDLE" WIDTH="282" HEIGHT="23">※ 관련공시일</TD>
<TD COLSPAN="3" ALIGN="CENTER" VALIGN="MIDDLE" WIDTH="424" HEIGHT="23">-</TD>
</TR>
</TBODY>
</TABLE>
<P></P>
</SECTION-1>
</BODY>
</DOCUMENT>