<html>
 <head> 
  <meta content="gdi" http-equiv="X-UA-TextLayoutMetrics"> 
  <meta content="text/html; charset=euc-kr" http-equiv="Content-Type"> 
  <STYLE>
.xforms * { font-family: 돋움체;}
.xforms_title * { font-size: 13pt; padding : 0 0 10 0;}

.xforms table {
    font-size: 10px;
    padding:0px;
    border-collapse:collapse;
    color: #3D3D3D;
}
.xforms td {
    padding-left:0px;
    padding-top:0px;
    border-collapse:collapse;
    line-height:22px;
    color: #3D3D3D;
    /*text-align:right;*/
    vertical-align:middle;
    border: 1px solid #7f7f7f;
}

.xforms span {
    /*display: inline-block;*/
    padding-left:3px;
    padding-right: 1px;
    line-height:22px;
    padding-top:0px;
    padding-bottom:0px;
    text-align:left;
    vertical-align:middle;
    border: 0px solid #DBDBDB;
}

.xforms.img{
    border : 0px;
}

.xforms a:link {

    color: #194866;
    text-decoration: none;
}
.xforms a:active {

    color: #194866;
    text-decoration: none;
}
.xforms a:visited {
    color: #194866;
    text-decoration: none;
}

.xforms A:hover {
    color:008BE3;
    text-decoration: none;
}

.xforms_input{
    border: 0px solid #DBDBDB;
    padding-left:3px;
    padding-right: 1px;
    height:22px;
    padding-top:0px;
    padding-bottom:0px;
    text-align:left;
}
</STYLE> 
  <title>에스아이리소스/주주명부폐쇄기간 또는 기준일 설정/(2026.01.05)주주명부폐쇄기간 또는 기준일 설정</title> 
 </head> 
 <body> 
  <div class="xforms"> 
   <div> 
    <span class="noprint" style="display:none;width:600px;font-size:10pt;"> </span> 
    <div class="xforms_title"> 
     <div> 
      <span style="width:600px;font-weight:bold;text-align:center;">주주명부폐쇄기간 또는 기준일 설정</span> 
     </div> 
    </div> 
    <table border="1" bordercolordark="white" bordercolorlight="#666666" cellpadding="1" cellspacing="0" id="XFormD3_Form0_Table0" style="margin:0px 0px 20px 0px;width:601px;font-size:10pt;border:1px solid #7f7f7f;"> 
     <tbody> 
      <tr> 
       <td colspan="2" width="242"> <span style="width:242px;font-size:10pt;">1. 기준일</span> </td> 
       <td colspan="2" width="359"> <span class="xforms_input" style="width:359px;font-size:10pt;">2026-01-20</span> </td> 
      </tr> 
      <tr> 
       <td rowspan="2" width="162"> <span style="width:162px;font-size:10pt;">2. 명의개서정지기간</span> </td> 
       <td width="80"> <span style="width:80px;font-size:10pt;">-시작일</span> </td> 
       <td colspan="2" width="359"> <span class="xforms_input" style="width:359px;font-size:10pt;">-</span> </td> 
      </tr> 
      <tr> 
       <td width="80"> <span style="width:80px;font-size:10pt;">-종료일</span> </td> 
       <td colspan="2" width="359"> <span class="xforms_input" style="width:359px;font-size:10pt;">-</span> </td> 
      </tr> 
      <tr> 
       <td colspan="2" width="242"> <span style="width:242px;font-size:10pt;">3. 설정사유</span> </td> 
       <td colspan="2" width="359"> <span class="xforms_input" style="width:359px;font-size:10pt;">임시주주총회 의결권행사를 위한 권리주주 확정</span> </td> 
      </tr> 
      <tr> 
       <td colspan="2" width="242"> <span style="width:242px;font-size:10pt;">4. 이사회결의일</span> </td> 
       <td colspan="2" width="359"> <span class="xforms_input" style="width:359px;font-size:10pt;">2026-01-05</span> </td> 
      </tr> 
      <tr> 
       <td colspan="2" rowspan="2" width="242"> <span style="width:242px;font-size:10pt;">5. 기타 투자판단에 참고할 사항</span> </td> 
       <td colspan="2" width="359"> <span class="xforms_input" style="width:359px;font-size:10pt;">- 주주명부의 폐쇄 및 기준일 설정은 상법 제354조, 당사 정관 제16조에 따름 <br xmlns:java="http://xml.apache.org/xalan/java">- 전자증권 도입으로 명의개서정지기간은 설정하지 않음</span> </td> 
      </tr> 
      <tr> 
       <td width="96"> <span style="width:96px;font-size:10pt;">※관련공시</span> </td> 
       <td width="263"> <span class="xforms_input" style="width:263px;font-size:10pt;">-</span> </td> 
      </tr> 
     </tbody> 
    </table> 
   </div> 
  </div>  
 </body>
</html>