<?xml version="1.0" encoding="utf-8"?>


<DOCUMENT xmlns:xsi="http://www.w3.org/2001/XMLSchema-instance" xsi:noNamespaceSchemaLocation="dart4.xsd">

<DOCUMENT-NAME ACODE="11334">주요사항보고서(자기주식취득 신탁계약 체결 결정)</DOCUMENT-NAME>
<FORMULA-VERSION ADATE="20251230">6.1</FORMULA-VERSION>
<COMPANY-NAME AREGCIK="00138729">아세아제지(주)</COMPANY-NAME>


<BODY ATOCID="2">

<LIBRARY>
<SECTION-1 ACLASS="MANDATORY" APARTSOURCE="SOURCE">
<TITLE ATOC="Y" AASSOCNOTE="D-0-0-0-0" ENG="Report on Major Issues／Reporting Obligations to the KRX" ATOCID="2">주요사항보고서 / 거래소 신고의무 사항</TITLE>

<TABLE ACLASS="NORMAL" AFIXTABLE="Y" WIDTH="600" BORDER="0">

<COLGROUP WIDTH="600">
<COL WIDTH="141"></COL>
<COL WIDTH="183"></COL>
<COL WIDTH="276"></COL>
</COLGROUP>

<TBODY>

<TR ACOPY="Y" ADELETE="Y" HEIGHT="30">
<TD COLSPAN="3" WIDTH="591" HEIGHT="23"></TD>
</TR>

<TR ACOPY="Y" ADELETE="Y" HEIGHT="53">
<TD COLSPAN="3" WIDTH="591" HEIGHT="46"></TD>
</TR>

<TR ACOPY="Y" ADELETE="Y" HEIGHT="30">
<TD COLSPAN="2" VALIGN="MIDDLE" WIDTH="315" HEIGHT="23">금융위원회 / 한국거래소 귀중</TD>
<TD ALIGN="RIGHT" VALIGN="MIDDLE" WIDTH="267" HEIGHT="23">  2026년     1월     5일</TD>
</TR>

<TR ACOPY="Y" ADELETE="Y" HEIGHT="53">
<TD COLSPAN="3" WIDTH="591" HEIGHT="46"></TD>
</TR>

<TR ACOPY="Y" ADELETE="Y" HEIGHT="30">
<TD WIDTH="132" HEIGHT="23">회     사     명  :</TD>
<TD COLSPAN="2" WIDTH="450" HEIGHT="23">아세아제지 주식회사</TD>
</TR>

<TR ACOPY="Y" ADELETE="Y" HEIGHT="30">
<TD WIDTH="132" HEIGHT="23">대  표   이  사  :</TD>
<TD COLSPAN="2" WIDTH="450" HEIGHT="23">유승환, 이현탁</TD>
</TR>

<TR ACOPY="Y" ADELETE="Y" HEIGHT="30">
<TD WIDTH="132" HEIGHT="23">본 점  소 재 지 :</TD>
<TD COLSPAN="2" WIDTH="450" HEIGHT="23">서울특별시 강남구 논현로 430</TD>
</TR>

<TR ACOPY="Y" ADELETE="Y" HEIGHT="30">
<TD WIDTH="132" HEIGHT="23"></TD>
<TD COLSPAN="2" WIDTH="450" HEIGHT="23">(전  화) 02)527 - 6882</TD>
</TR>

<TR ACOPY="Y" ADELETE="Y" HEIGHT="30">
<TD WIDTH="132" HEIGHT="23"></TD>
<TD COLSPAN="2" WIDTH="450" HEIGHT="23">(홈페이지)http://www.asiapaper.co.kr</TD>
</TR>

<TR ACOPY="Y" ADELETE="Y" HEIGHT="30">
<TD WIDTH="132" HEIGHT="23"></TD>
<TD COLSPAN="2" WIDTH="450" HEIGHT="23"></TD>
</TR>

<TR ACOPY="Y" ADELETE="Y" HEIGHT="30">
<TD COLSPAN="3" WIDTH="591" HEIGHT="23"></TD>
</TR>

<TR ACOPY="Y" ADELETE="Y" HEIGHT="30">
<TD COLSPAN="3" WIDTH="591" HEIGHT="23"></TD>
</TR>

<TR ACOPY="Y" ADELETE="Y" HEIGHT="30">
<TD WIDTH="132" HEIGHT="23">작 성 책 임 자 :</TD>
<TD WIDTH="174" HEIGHT="23">(직  책) 경영지원본부장</TD>
<TD WIDTH="267" HEIGHT="23">(성  명) 김 명 하</TD>
</TR>

<TR ACOPY="Y" ADELETE="Y" HEIGHT="30">
<TD WIDTH="132" HEIGHT="23"></TD>
<TD COLSPAN="2" WIDTH="450" HEIGHT="23">(전  화) 02)527 - 6882</TD>
</TR>

<TR ACOPY="Y" ADELETE="Y" HEIGHT="30">
<TD COLSPAN="3" WIDTH="591" HEIGHT="23"></TD>
</TR>
</TBODY>
</TABLE>
<P></P>
<PGBRK></PGBRK>
</SECTION-1>
</LIBRARY>


<SECTION-1 ACLASS="MANDATORY" APARTSOURCE="SOURCE">
<TITLE ATOC="Y" AASSOCNOTE="D-0-1-0-0" ENG="Decision on Entering into Trust Contract for Acquisition of Treasury Stock" ATOCID="1">자기주식취득 신탁계약 체결 결정</TITLE>
<P></P>

<TABLE-GROUP ACLASS="TBL_ACQ_SIG" ADELETETABLE="N">

<TABLE ACLASS="EXTRACTION" AFIXTABLE="Y" WIDTH="714" BORDER="1">

<COLGROUP WIDTH="714">
<COL WIDTH="195"></COL>
<COL WIDTH="128"></COL>
<COL WIDTH="78"></COL>
<COL WIDTH="203"></COL>
<COL WIDTH="71"></COL>
<COL WIDTH="39"></COL>
</COLGROUP>

<TBODY>

<TR ACOPY="N" ADELETE="N" HEIGHT="30">
<TD COLSPAN="3" VALIGN="MIDDLE" WIDTH="392" HEIGHT="23" AUPDATECONT="N" ENG="1. Contract amount (KRW)">1. 계약금액(원)</TD>
<TE COLSPAN="3" ALIGN="RIGHT" WIDTH="304" HEIGHT="23" ACODE="SIG_PRC">5,000,000,000</TE>
</TR>

<TR ACOPY="N" ADELETE="N" HEIGHT="30">
<TD ROWSPAN="2" COLSPAN="2" VALIGN="MIDDLE" WIDTH="314" HEIGHT="53" AUPDATECONT="N" ENG="2. Contract period">2. 계약기간</TD>
<TD ALIGN="CENTER" WIDTH="69" HEIGHT="23" AUPDATECONT="N" ENG="Start date">시작일</TD>
<TU COLSPAN="3" ALIGN="CENTER" WIDTH="304" HEIGHT="23" AUNIT="SIG_BGN" AUNITVALUE="20260105">2026년 01월 05일</TU>
</TR>

<TR ACOPY="N" ADELETE="N" HEIGHT="30">
<TD ALIGN="CENTER" WIDTH="69" HEIGHT="23" AUPDATECONT="N" ENG="End date">종료일</TD>
<TU COLSPAN="3" ALIGN="CENTER" WIDTH="304" HEIGHT="23" AUNIT="SIG_END" AUNITVALUE="20260404">2026년 04월 04일</TU>
</TR>

<TR ACOPY="N" ADELETE="N" HEIGHT="30">
<TD COLSPAN="3" WIDTH="392" HEIGHT="23" AUPDATECONT="N" ENG="3. Purpose of contract">3. 계약목적</TD>
<TE COLSPAN="3" WIDTH="304" HEIGHT="23" ACODE="SIG_PPS" VALIGN="MIDDLE">주주가치 제고</TE>
</TR>

<TR ACOPY="N" ADELETE="N" HEIGHT="53">
<TD COLSPAN="3" WIDTH="392" HEIGHT="46" AUPDATECONT="N" ENG="4. Counterparty (Trust company)">4. 계약체결기관</TD>
<TE COLSPAN="3" WIDTH="304" HEIGHT="46" ACODE="SIG_ORG" VALIGN="MIDDLE">NH투자증권(NH INVESTMENT & SECURITIES CO., LTD.)</TE>
</TR>

<TR ACOPY="N" ADELETE="N" HEIGHT="30">
<TD COLSPAN="3" WIDTH="392" HEIGHT="23" AUPDATECONT="N" ENG="5. Scheduled contract conclusion date">5. 계약체결 예정일자</TD>
<TU COLSPAN="3" WIDTH="304" HEIGHT="23" AUNIT="SIG_SCH" AUNITVALUE="20260105" VALIGN="MIDDLE" ALIGN="CENTER">2026년 01월 05일</TU>
</TR>

<TR ACOPY="N" ADELETE="N" HEIGHT="30">
<TD ROWSPAN="4" VALIGN="MIDDLE" WIDTH="186" HEIGHT="113" AUPDATECONT="N" ENG="6. Treasury stock holding before contract">6. 계약 전  자기주식  보유현황</TD>
<TD ROWSPAN="2" VALIGN="MIDDLE" WIDTH="119" HEIGHT="53" AUPDATECONT="N" ALIGN="CENTER" ENG="Acquisition within scope available for dividends (shrs.)">배당가능범위 내취득(주)</TD>
<TD ALIGN="CENTER" WIDTH="69" HEIGHT="23" AUPDATECONT="N" ENG="Common stock">보통주식</TD>
<TE ALIGN="RIGHT" WIDTH="194" HEIGHT="23" ACODE="HLD_OSTK">2,065,085</TE>
<TD ALIGN="CENTER" WIDTH="62" HEIGHT="23" AUPDATECONT="N" ENG="Ratio (%)">비율(%)</TD>
<TE ALIGN="RIGHT" WIDTH="30" HEIGHT="23" ACODE="HLD_OSTK_RT">5.1</TE>
</TR>

<TR ACOPY="N" ADELETE="N" HEIGHT="30">
<TD ALIGN="CENTER" WIDTH="69" HEIGHT="23" AUPDATECONT="N" ENG="Different classes of stocks">기타주식</TD>
<TE ALIGN="RIGHT" WIDTH="194" HEIGHT="23" ACODE="HLD_ESTK">-</TE>
<TD ALIGN="CENTER" WIDTH="62" HEIGHT="23" AUPDATECONT="N" ENG="Ratio (%)">비율(%)</TD>
<TE ALIGN="RIGHT" WIDTH="30" HEIGHT="23" ACODE="HLD_ESTK_RT">-</TE>
</TR>

<TR ACOPY="N" ADELETE="N" HEIGHT="30">
<TD ROWSPAN="2" VALIGN="MIDDLE" WIDTH="119" HEIGHT="53" AUPDATECONT="N" ALIGN="CENTER" ENG="Other acquisition (shrs.)">기타취득(주)</TD>
<TD ALIGN="CENTER" WIDTH="69" HEIGHT="23" AUPDATECONT="N" ENG="Common stock">보통주식</TD>
<TE ALIGN="RIGHT" WIDTH="194" HEIGHT="23" ACODE="EG_OSTK">-</TE>
<TD ALIGN="CENTER" WIDTH="62" HEIGHT="23" AUPDATECONT="N" ENG="Ratio (%)">비율(%)</TD>
<TE ALIGN="RIGHT" WIDTH="30" HEIGHT="23" ACODE="EG_OSTK_RT">-</TE>
</TR>

<TR ACOPY="N" ADELETE="N" HEIGHT="30">
<TD ALIGN="CENTER" WIDTH="69" HEIGHT="23" AUPDATECONT="N" ENG="Different classes of stocks">기타주식</TD>
<TE ALIGN="RIGHT" WIDTH="194" HEIGHT="23" ACODE="EG_ESTK">-</TE>
<TD ALIGN="CENTER" WIDTH="62" HEIGHT="23" AUPDATECONT="N" ENG="Ratio (%)">비율(%)</TD>
<TE ALIGN="RIGHT" WIDTH="30" HEIGHT="23" ACODE="EG_ESTK_RT">-</TE>
</TR>

<TR ACOPY="N" ADELETE="N" HEIGHT="30">
<TD COLSPAN="3" VALIGN="MIDDLE" WIDTH="392" HEIGHT="23" AUPDATECONT="N" ENG="7. Board resolution date (decision date)">7. 이사회결의일(결정일)</TD>
<TU COLSPAN="3" ALIGN="CENTER" WIDTH="304" HEIGHT="23" AUNIT="DEC_DATE" AUNITVALUE="20260105">2026년 01월 05일</TU>
</TR>

<TR ACOPY="N" ADELETE="N" HEIGHT="30">
<TD ROWSPAN="2" COLSPAN="2" VALIGN="MIDDLE" WIDTH="314" HEIGHT="53" AUPDATECONT="N" ENG="- Attendance of outside directors">   - 사외이사참석여부</TD>
<TD ALIGN="CENTER" WIDTH="69" HEIGHT="23" AUPDATECONT="N" ENG="Present (No.)">참석(명)</TD>
<TE COLSPAN="3" ALIGN="RIGHT" WIDTH="304" HEIGHT="23" ACODE="ATD_CNT">2</TE>
</TR>

<TR ACOPY="N" ADELETE="N" HEIGHT="30">
<TD ALIGN="CENTER" WIDTH="69" HEIGHT="23" AUPDATECONT="N" ENG="Absent (No.)">불참(명)</TD>
<TE COLSPAN="3" ALIGN="RIGHT" WIDTH="304" HEIGHT="23" ACODE="NATD_CNT">-</TE>
</TR>

<TR ACOPY="N" ADELETE="N" HEIGHT="30">
<TD COLSPAN="3" WIDTH="392" HEIGHT="23" AUPDATECONT="N" ENG="- Attendance of auditors (members of Audit Committee who are not outside directors)">   - 감사(사외이사가 아닌 감사위원)참석여부</TD>
<TU COLSPAN="3" ALIGN="CENTER" WIDTH="304" HEIGHT="23" AUNIT="ADT_ATD_YN" AUNITVALUE="Y" ENG="Present">참석</TU>
</TR>

<TR ACOPY="N" ADELETE="N" HEIGHT="53">
<TD COLSPAN="3" VALIGN="MIDDLE" WIDTH="392" HEIGHT="46" AUPDATECONT="N" ENG="8. Entrusted brokerage company">8. 위탁투자중개업자</TD>
<TE COLSPAN="3" WIDTH="304" HEIGHT="46" ACODE="CI_BRK" VALIGN="MIDDLE">NH투자증권(NH INVESTMENT & SECURITIES CO., LTD.)</TE>
</TR>

<TR ACOPY="N" ADELETE="N" HEIGHT="30">
<TD COLSPAN="2" VALIGN="MIDDLE" WIDTH="314" HEIGHT="53" AUPDATECONT="N" ROWSPAN="2" ENG="9. Number of shares to be acquired (shrs.)">9. 취득예정주식(주)</TD>
<TD VALIGN="MIDDLE" WIDTH="69" HEIGHT="23" AUPDATECONT="N" ALIGN="CENTER" ENG="Common stock">보통주식</TD>
<TE COLSPAN="3" WIDTH="304" HEIGHT="23" ACODE="ACQS_PLN_OSTK" VALIGN="MIDDLE" ALIGN="RIGHT">642,673</TE>
</TR>

<TR ACOPY="N" ADELETE="N" HEIGHT="30">
<TD VALIGN="MIDDLE" WIDTH="69" HEIGHT="23" AUPDATECONT="N" ALIGN="CENTER" ENG="Different classes of stocks">기타주식</TD>
<TE COLSPAN="3" WIDTH="304" HEIGHT="23" ACODE="ACQS_PLN_ESTK" VALIGN="MIDDLE" ALIGN="RIGHT">-</TE>
</TR>

<TR ACOPY="N" ADELETE="N" HEIGHT="30">
<TD COLSPAN="2" VALIGN="MIDDLE" WIDTH="314" HEIGHT="53" AUPDATECONT="N" ROWSPAN="2" ENG="10. Price of shares to be acquired (KRW)">10. 취득하고자 하는    주식의 가격(원)</TD>
<TD VALIGN="MIDDLE" WIDTH="69" HEIGHT="23" AUPDATECONT="N" ALIGN="CENTER" ENG="Common stock">보통주식</TD>
<TE COLSPAN="3" WIDTH="304" HEIGHT="23" ACODE="ACQS_PLN_OPRC" VALIGN="MIDDLE" ALIGN="RIGHT">7,780</TE>
</TR>

<TR ACOPY="N" ADELETE="N" HEIGHT="30">
<TD VALIGN="MIDDLE" WIDTH="69" HEIGHT="23" AUPDATECONT="N" ALIGN="CENTER" ENG="Different classes of stocks">기타주식</TD>
<TE COLSPAN="3" WIDTH="304" HEIGHT="23" ACODE="ACQS_PLN_EPRC" VALIGN="MIDDLE" ALIGN="RIGHT">-</TE>
</TR>

<TR ACOPY="N" ADELETE="N" HEIGHT="30">
<TD COLSPAN="2" VALIGN="MIDDLE" WIDTH="314" HEIGHT="53" AUPDATECONT="N" ROWSPAN="2" ENG="11. Expected holding period after acquisition">11. 취득 후 보유예상기간</TD>
<TD VALIGN="MIDDLE" WIDTH="69" HEIGHT="23" AUPDATECONT="N" ALIGN="CENTER" ENG="Common stock">보통주식</TD>
<TE COLSPAN="3" WIDTH="304" HEIGHT="23" ACODE="ACQS_PLN_OPROD" VALIGN="MIDDLE" ALIGN="CENTER">-</TE>
</TR>

<TR ACOPY="N" ADELETE="N" HEIGHT="30">
<TD VALIGN="MIDDLE" WIDTH="69" HEIGHT="23" AUPDATECONT="N" ALIGN="CENTER" ENG="Different classes of stocks">기타주식</TD>
<TE COLSPAN="3" WIDTH="304" HEIGHT="23" ACODE="ACQS_PLN_EPROD" VALIGN="MIDDLE" ALIGN="CENTER">-</TE>
</TR>
</TBODY>
</TABLE>
</TABLE-GROUP>

<TABLE ACLASS="NORMAL" AFIXTABLE="Y" WIDTH="608" BORDER="0">

<COLGROUP WIDTH="608">
<COL WIDTH="608"></COL>
</COLGROUP>

<TBODY>

<TR ACOPY="N" ADELETE="N" HEIGHT="30">
<TD WIDTH="599" HEIGHT="23" AUPDATECONT="N" ENG="12. Other matters to be factored into investment decisions">12. 기타 투자판단에 참고할 사항</TD>
</TR>
</TBODY>
</TABLE>
<P>※ '9. 취득예정주식'수는 이사회 결의 전일(2026.1.2) 종가를 기준으로 계약금액을 나누어 산출된 수량이며, 실제 취득 수량은 주가 변동에 따라 달라질 수 있습니다.※ '10. 취득하고자 하는 주식의 가격'은 이사회 결의 전일(2026.1.2) 종가 기준이며 실제 취득 금액은 주가 변동에 따라 달라질 수 있습니다.</P>

<TABLE-GROUP ACLASS="TBL_ACQ_LMT" ADELETETABLE="N">

<TABLE ACLASS="NORMAL" AFIXTABLE="Y" WIDTH="608" BORDER="0">

<COLGROUP WIDTH="608">
<COL WIDTH="608"></COL>
</COLGROUP>

<TBODY>

<TR ACOPY="N" ADELETE="N" HEIGHT="30">
<TD WIDTH="599" HEIGHT="23" AUPDATECONT="N" ENG="【Limit to Treasury Stock Acquisition Amount】">【자기주식 취득금액 한도】</TD>
</TR>
</TBODY>
</TABLE>

<TABLE ACLASS="EXTRACTION" AFIXTABLE="Y" WIDTH="609" BORDER="1">

<COLGROUP WIDTH="609">
<COL WIDTH="153"></COL>
<COL WIDTH="182"></COL>
<COL WIDTH="274"></COL>
</COLGROUP>

<THEAD>

<TR ACOPY="N" ADELETE="N" HEIGHT="30">
<TH COLSPAN="2" VALIGN="MIDDLE" WIDTH="326" ACOPYCOL="N" ADELETECOL="N" AMOVECOL="N" AUPDATECONT="N" ENG="Items" HEIGHT="23">항  목</TH>
<TH VALIGN="MIDDLE" WIDTH="265" ACOPYCOL="N" ADELETECOL="N" AMOVECOL="N" AUPDATECONT="N" ENG="Amount" HEIGHT="23">금  액</TH>
</TR>
</THEAD>

<TBODY>

<TR ACOPY="N" ADELETE="N" HEIGHT="30">
<TD ROWSPAN="5" AUPDATECONT="N" ENG="1. Limit of profits available for dividends by the Commercial Act as of the previous fiscal year end" WIDTH="144" HEIGHT="219">1. 직전사업연도 말   현재 상법상   배당가능이익   한도</TD>
<TD AUPDATECONT="N" ENG="ⓐ. Net assets" WIDTH="173" HEIGHT="23">가. 순자산액</TD>
<TE ACODE="AST_AMT" ALIGN="RIGHT" WIDTH="265" HEIGHT="23">730,309,650,621</TE>
</TR>

<TR ACOPY="N" ADELETE="N" HEIGHT="30">
<TD AUPDATECONT="N" ENG="ⓑ. Amount of capital" WIDTH="173" HEIGHT="23">나. 자본금의 액</TD>
<TE ACODE="CPT_AMT" ALIGN="RIGHT" WIDTH="265" HEIGHT="23">44,782,510,000</TE>
</TR>

<TR ACOPY="N" ADELETE="N" HEIGHT="83">
<TD AUPDATECONT="N" ENG="C. Total amount of capital reserves and earned surplus reserves accumulated up to the previous fiscal year" WIDTH="173" HEIGHT="76">다. 직전 사업연도까지    적립된 자본준비금과    이익준비금의 합계액</TD>
<TE ACODE="BSUM_CPT_PRF" ALIGN="RIGHT" WIDTH="265" HEIGHT="76">270,985,768,393</TE>
</TR>

<TR ACOPY="N" ADELETE="N" HEIGHT="53">
<TD AUPDATECONT="N" ENG="D. Unrealized gains as prescribed by Presidential Decree" WIDTH="173" HEIGHT="46">라. 대통령령이 정하는    미실현이익</TD>
<TE ACODE="URLZ_PRF" ALIGN="RIGHT" WIDTH="265" HEIGHT="46">-</TE>
</TR>

<TR ACOPY="N" ADELETE="N" HEIGHT="30">
<TD AUPDATECONT="N" ALIGN="CENTER" ENG="Subtotal (ⓐ-ⓑ-ⓒ-ⓓ)" WIDTH="173" HEIGHT="23">소계(가-나-다-라)</TD>
<TE ACODE="DST_PRF_LMT" ALIGN="RIGHT" WIDTH="265" HEIGHT="23">414,541,372,228</TE>
</TR>

<TR ACOPY="N" ADELETE="N" HEIGHT="30">
<TD COLSPAN="2" AUPDATECONT="N" ENG="2. Treasury stock acquisition amount after previous fiscal year end" WIDTH="326" HEIGHT="23">2. 직전 사업연도말 이후 자기주식 취득금액</TD>
<TE ACODE="ACQ_PRC" ALIGN="RIGHT" WIDTH="265" HEIGHT="23">9,999,996,885</TE>
</TR>

<TR ACOPY="N" ADELETE="N" HEIGHT="57">
<TD COLSPAN="2" AUPDATECONT="N" ENG="3. Amount of dividends and related earned profit reserves decided at ordinary general shareholders’ meeting after previous fiscal year end" WIDTH="326" HEIGHT="50">3. 직전 사업연도말 이후 정기주주총회에서   결의된 이익배당금액 및 관련 이익준비금</TD>
<TE ACODE="GM_PRF" ALIGN="RIGHT" VALIGN="MIDDLE" WIDTH="265" HEIGHT="50">8,746,221,000</TE>
</TR>

<TR ACOPY="N" ADELETE="N" HEIGHT="53">
<TD COLSPAN="2" AUPDATECONT="N" ENG="4. Amount of interim/quarterly dividends and related earned profit reserves decided by board of directors after previous fiscal year end" WIDTH="326" HEIGHT="46">4. 직전 사업연도말 이후 이사회에서 결의된   분기ㆍ중간배당금액 및 관련 이익준비금</TD>
<TE ACODE="BD_PRF" ALIGN="RIGHT" VALIGN="MIDDLE" WIDTH="265" HEIGHT="46">1,939,764,250</TE>
</TR>

<TR ACOPY="N" ADELETE="N" HEIGHT="30">
<TD COLSPAN="2" AUPDATECONT="N" ENG="5. Amount of trust contract" WIDTH="326" HEIGHT="23">5. 신탁계약의 계약금액 </TD>
<TE ACODE="TC_PRC" ALIGN="RIGHT" WIDTH="265" HEIGHT="23">-</TE>
</TR>

<TR ACOPY="N" ADELETE="N" HEIGHT="55">
<TD COLSPAN="2" AUPDATECONT="N" ENG="6. Acquisition cost of treasury stock sold after previous fiscal year end (moving average method)" WIDTH="326" HEIGHT="48">6. 직전 사업연도말 이후 자기주식 처분시    처분주식의 취득원가 (이동평균법 적용)</TD>
<TE ACODE="SEL_STK_FAC" ALIGN="RIGHT" VALIGN="MIDDLE" WIDTH="265" HEIGHT="48">18,036,064,410</TE>
</TR>

<TR ACOPY="N" ADELETE="N" HEIGHT="30">
<TD COLSPAN="2" AUPDATECONT="N" VALIGN="MIDDLE" ALIGN="CENTER" ENG="Limit to treasury stock acquisition amount (1-2-3-4-5+6)" WIDTH="326" HEIGHT="23">자기주식 취득금액 한도(1-2-3-4-5+6)</TD>
<TE ACODE="ACQ_PRC_LMT" ALIGN="RIGHT" WIDTH="265" HEIGHT="23">411,891,454,503</TE>
</TR>
</TBODY>
</TABLE>
</TABLE-GROUP>
<P>※ 상기 표의 단위는 '원' 기준이며, '직전사업연도'는 2024년 말 기준입니다.</P>

<TABLE-GROUP ACLASS="TBL_OWN_STK" ADELETETABLE="N">

<TABLE ACLASS="NORMAL" AFIXTABLE="Y" WIDTH="600" BORDER="0">

<COLGROUP WIDTH="600">
<COL WIDTH="600"></COL>
</COLGROUP>

<TBODY>

<TR ACOPY="N" ADELETE="N" HEIGHT="30">
<TD WIDTH="591" HEIGHT="23" AUPDATECONT="N" ENG="【Status of Treasury Stock Holding before Entering into Trust Contract】">【신탁계약 체결 전 자기주식 보유현황】</TD>
</TR>
</TBODY>
</TABLE>

<TABLE ACLASS="EXTRACTION" AFIXTABLE="Y" WIDTH="789" BORDER="0">

<COLGROUP WIDTH="789">
<COL WIDTH="789"></COL>
</COLGROUP>

<TBODY>

<TR ACOPY="N" ADELETE="N" HEIGHT="30">
<TU ALIGN="RIGHT" VALIGN="BOTTOM" WIDTH="780" HEIGHT="23" AUNIT="STOCK" AUNITVALUE="1" ENG="(Unit: shares)">(단위 : 주)</TU>
</TR>
</TBODY>
</TABLE>

<TABLE ACLASS="EXTRACTION" AFIXTABLE="Y" WIDTH="786" BORDER="1">

<COLGROUP WIDTH="786">
<COL WIDTH="48"></COL>
<COL WIDTH="98"></COL>
<COL WIDTH="128"></COL>
<COL WIDTH="98"></COL>
<COL WIDTH="84"></COL>
<COL WIDTH="68"></COL>
<COL WIDTH="68"></COL>
<COL WIDTH="68"></COL>
<COL WIDTH="78"></COL>
<COL WIDTH="48"></COL>
</COLGROUP>

<THEAD>

<TR ACOPY="N" ADELETE="N" HEIGHT="30">
<TH VALIGN="MIDDLE" WIDTH="265" ACOPYCOL="N" ADELETECOL="N" AMOVECOL="N" AUPDATECONT="N" ROWSPAN="2" COLSPAN="3" ENG="Acquisition method" HEIGHT="53">취득방법</TH>
<TH VALIGN="MIDDLE" WIDTH="89" ACOPYCOL="N" ADELETECOL="N" AMOVECOL="N" AUPDATECONT="N" ROWSPAN="2" ENG="Type of shares" HEIGHT="53">주식의 종류</TH>
<TH VALIGN="MIDDLE" WIDTH="75" ACOPYCOL="N" ADELETECOL="N" AMOVECOL="N" AUPDATECONT="N" ROWSPAN="2" ENG="Beginning balance" HEIGHT="53">기초수량</TH>
<TH VALIGN="MIDDLE" WIDTH="195" ACOPYCOL="N" ADELETECOL="N" AMOVECOL="N" AUPDATECONT="N" COLSPAN="3" ENG="Change in quantity" HEIGHT="23">변동 수량</TH>
<TH VALIGN="MIDDLE" WIDTH="69" ACOPYCOL="N" ADELETECOL="N" AMOVECOL="N" AUPDATECONT="N" ROWSPAN="2" ENG="Closing balance" HEIGHT="53">기말수량</TH>
<TH VALIGN="MIDDLE" WIDTH="39" ACOPYCOL="N" ADELETECOL="N" AMOVECOL="N" AUPDATECONT="N" ROWSPAN="2" ENG="Note" HEIGHT="53">비고</TH>
</TR>

<TR ACOPY="N" ADELETE="N" HEIGHT="30">
<TH VALIGN="MIDDLE" ACOPYCOL="N" ADELETECOL="N" AMOVECOL="N" AUPDATECONT="N" ENG="Acquisition (+)" WIDTH="59" HEIGHT="23">취득(+)</TH>
<TH VALIGN="MIDDLE" ACOPYCOL="N" ADELETECOL="N" AMOVECOL="N" AUPDATECONT="N" ENG="Disposal (-)" WIDTH="59" HEIGHT="23">처분(-)</TH>
<TH VALIGN="MIDDLE" ACOPYCOL="N" ADELETECOL="N" AMOVECOL="N" AUPDATECONT="N" ENG="Retirement (-)" WIDTH="59" HEIGHT="23">소각(-)</TH>
</TR>
</THEAD>

<TBODY>

<TR ACOPY="N" ADELETE="N" HEIGHT="30">
<TD ROWSPAN="14" ALIGN="CENTER" VALIGN="MIDDLE" AUPDATECONT="N" ENG="Acquisition within profits available for dividends" WIDTH="39" HEIGHT="413">배당가능이익범위이내취득</TD>
<TD ROWSPAN="8" ALIGN="CENTER" VALIGN="MIDDLE" AUPDATECONT="N" ENG="Direct acquisition" WIDTH="89" HEIGHT="233">직접취득</TD>
<TD ALIGN="CENTER" VALIGN="MIDDLE" AUPDATECONT="N" ROWSPAN="2" ENG="Direct acquisition on the exchange" WIDTH="119" HEIGHT="53">장내 직접 취득</TD>
<TD ALIGN="CENTER" VALIGN="MIDDLE" AUPDATECONT="N" ENG="Common stock" WIDTH="89" HEIGHT="23">보통주식</TD>
<TE ALIGN="RIGHT" VALIGN="MIDDLE" ACODE="DI_OSTK_BGN" WIDTH="75" HEIGHT="23">-</TE>
<TE ALIGN="RIGHT" VALIGN="MIDDLE" ACODE="DI_OSTK_ACQ" WIDTH="59" HEIGHT="23">-</TE>
<TE ALIGN="RIGHT" VALIGN="MIDDLE" ACODE="DI_OSTK_TRD" WIDTH="59" HEIGHT="23">-</TE>
<TE ALIGN="RIGHT" VALIGN="MIDDLE" ACODE="DI_OSTK_RTM" WIDTH="59" HEIGHT="23">-</TE>
<TE ALIGN="RIGHT" VALIGN="MIDDLE" ACODE="DI_OSTK_END" WIDTH="69" HEIGHT="23">-</TE>
<TE VALIGN="MIDDLE" ACODE="DI_OSTK_NOTE" ALIGN="RIGHT" WIDTH="39" HEIGHT="23">-</TE>
</TR>

<TR ACOPY="N" ADELETE="N" HEIGHT="30">
<TD ALIGN="CENTER" VALIGN="MIDDLE" AUPDATECONT="N" ENG="Different classes of stocks" WIDTH="89" HEIGHT="23">기타주식</TD>
<TE ALIGN="RIGHT" VALIGN="MIDDLE" ACODE="DI_ESTK_BGN" WIDTH="75" HEIGHT="23">-</TE>
<TE ALIGN="RIGHT" VALIGN="MIDDLE" ACODE="DI_ESTK_ACQ" WIDTH="59" HEIGHT="23">-</TE>
<TE ALIGN="RIGHT" VALIGN="MIDDLE" ACODE="DI_ESTK_TRD" WIDTH="59" HEIGHT="23">-</TE>
<TE ALIGN="RIGHT" VALIGN="MIDDLE" ACODE="DI_ESTK_RTM" WIDTH="59" HEIGHT="23">-</TE>
<TE ALIGN="RIGHT" VALIGN="MIDDLE" ACODE="DI_ESTK_END" WIDTH="69" HEIGHT="23">-</TE>
<TE VALIGN="MIDDLE" ACODE="DI_ESTK_NOTE" ALIGN="RIGHT" WIDTH="39" HEIGHT="23">-</TE>
</TR>

<TR ACOPY="N" ADELETE="N" HEIGHT="30">
<TD ALIGN="CENTER" VALIGN="MIDDLE" AUPDATECONT="N" ROWSPAN="2" ENG="Direct acquisition in OTC" WIDTH="119" HEIGHT="53">장외직접 취득</TD>
<TD ALIGN="CENTER" VALIGN="MIDDLE" AUPDATECONT="N" ENG="Common stock" WIDTH="89" HEIGHT="23">보통주식</TD>
<TE ALIGN="RIGHT" VALIGN="MIDDLE" ACODE="DO_OSTK_BGN" WIDTH="75" HEIGHT="23">-</TE>
<TE ALIGN="RIGHT" VALIGN="MIDDLE" ACODE="DO_OSTK_ACQ" WIDTH="59" HEIGHT="23">-</TE>
<TE ALIGN="RIGHT" VALIGN="MIDDLE" ACODE="DO_OSTK_TRD" WIDTH="59" HEIGHT="23">-</TE>
<TE ALIGN="RIGHT" VALIGN="MIDDLE" ACODE="DO_OSTK_RTM" WIDTH="59" HEIGHT="23">-</TE>
<TE ALIGN="RIGHT" VALIGN="MIDDLE" ACODE="DO_OSTK_END" WIDTH="69" HEIGHT="23">-</TE>
<TE VALIGN="MIDDLE" ACODE="DO_OSTK_NOTE" ALIGN="RIGHT" WIDTH="39" HEIGHT="23">-</TE>
</TR>

<TR ACOPY="N" ADELETE="N" HEIGHT="30">
<TD ALIGN="CENTER" VALIGN="MIDDLE" AUPDATECONT="N" ENG="Different classes of stocks" WIDTH="89" HEIGHT="23">기타주식</TD>
<TE ALIGN="RIGHT" VALIGN="MIDDLE" ACODE="DO_ESTK_BGN" WIDTH="75" HEIGHT="23">-</TE>
<TE ALIGN="RIGHT" VALIGN="MIDDLE" ACODE="DO_ESTK_ACQ" WIDTH="59" HEIGHT="23">-</TE>
<TE ALIGN="RIGHT" VALIGN="MIDDLE" ACODE="DO_ESTK_TRD" WIDTH="59" HEIGHT="23">-</TE>
<TE ALIGN="RIGHT" VALIGN="MIDDLE" ACODE="DO_ESTK_RTM" WIDTH="59" HEIGHT="23">-</TE>
<TE ALIGN="RIGHT" VALIGN="MIDDLE" ACODE="DO_ESTK_END" WIDTH="69" HEIGHT="23">-</TE>
<TE VALIGN="MIDDLE" ACODE="DO_ESTK_NOTE" ALIGN="RIGHT" WIDTH="39" HEIGHT="23">-</TE>
</TR>

<TR ACOPY="N" ADELETE="N" HEIGHT="30">
<TD ALIGN="CENTER" VALIGN="MIDDLE" AUPDATECONT="N" ROWSPAN="2" ENG="Tender offer" WIDTH="119" HEIGHT="53">공개매수</TD>
<TD ALIGN="CENTER" VALIGN="MIDDLE" AUPDATECONT="N" ENG="Common stock" WIDTH="89" HEIGHT="23">보통주식</TD>
<TE ALIGN="RIGHT" VALIGN="MIDDLE" ACODE="DP_OSTK_BGN" WIDTH="75" HEIGHT="23">-</TE>
<TE ALIGN="RIGHT" VALIGN="MIDDLE" ACODE="DP_OSTK_ACQ" WIDTH="59" HEIGHT="23">-</TE>
<TE ALIGN="RIGHT" VALIGN="MIDDLE" ACODE="DP_OSTK_TRD" WIDTH="59" HEIGHT="23">-</TE>
<TE ALIGN="RIGHT" VALIGN="MIDDLE" ACODE="DP_OSTK_RTM" WIDTH="59" HEIGHT="23">-</TE>
<TE ALIGN="RIGHT" VALIGN="MIDDLE" ACODE="DP_OSTK_END" WIDTH="69" HEIGHT="23">-</TE>
<TE VALIGN="MIDDLE" ACODE="DP_OSTK_NOTE" ALIGN="RIGHT" WIDTH="39" HEIGHT="23">-</TE>
</TR>

<TR ACOPY="N" ADELETE="N" HEIGHT="30">
<TD ALIGN="CENTER" VALIGN="MIDDLE" AUPDATECONT="N" ENG="Different classes of stocks" WIDTH="89" HEIGHT="23">기타주식</TD>
<TE ALIGN="RIGHT" VALIGN="MIDDLE" ACODE="DP_ESTK_BGN" WIDTH="75" HEIGHT="23">-</TE>
<TE ALIGN="RIGHT" VALIGN="MIDDLE" ACODE="DP_ESTK_ACQ" WIDTH="59" HEIGHT="23">-</TE>
<TE ALIGN="RIGHT" VALIGN="MIDDLE" ACODE="DP_ESTK_TRD" WIDTH="59" HEIGHT="23">-</TE>
<TE ALIGN="RIGHT" VALIGN="MIDDLE" ACODE="DP_ESTK_RTM" WIDTH="59" HEIGHT="23">-</TE>
<TE ALIGN="RIGHT" VALIGN="MIDDLE" ACODE="DP_ESTK_END" WIDTH="69" HEIGHT="23">-</TE>
<TE VALIGN="MIDDLE" ACODE="DP_ESTK_NOTE" ALIGN="RIGHT" WIDTH="39" HEIGHT="23">-</TE>
</TR>

<TR ACOPY="N" ADELETE="N" HEIGHT="30">
<TD ALIGN="CENTER" VALIGN="MIDDLE" AUPDATECONT="N" ROWSPAN="2" ENG="Subtotal (a)" WIDTH="119" HEIGHT="53">소계(a)</TD>
<TD ALIGN="CENTER" VALIGN="MIDDLE" AUPDATECONT="N" ENG="Common stock" WIDTH="89" HEIGHT="23">보통주식</TD>
<TE ALIGN="RIGHT" VALIGN="MIDDLE" ACODE="DSUM_OSTK_BGN" WIDTH="75" HEIGHT="23">-</TE>
<TE ALIGN="RIGHT" VALIGN="MIDDLE" ACODE="DSUM_OSTK_ACQ" WIDTH="59" HEIGHT="23">-</TE>
<TE ALIGN="RIGHT" VALIGN="MIDDLE" ACODE="DSUM_OSTK_TRD" WIDTH="59" HEIGHT="23">-</TE>
<TE ALIGN="RIGHT" VALIGN="MIDDLE" ACODE="DSUM_OSTK_RTM" WIDTH="59" HEIGHT="23">-</TE>
<TE ALIGN="RIGHT" VALIGN="MIDDLE" ACODE="DSUM_OSTK_END" WIDTH="69" HEIGHT="23">-</TE>
<TE VALIGN="MIDDLE" ACODE="DSUM_OSTK_NOTE" ALIGN="RIGHT" WIDTH="39" HEIGHT="23">-</TE>
</TR>

<TR ACOPY="N" ADELETE="N" HEIGHT="30">
<TD ALIGN="CENTER" VALIGN="MIDDLE" AUPDATECONT="N" ENG="Different classes of stocks" WIDTH="89" HEIGHT="23">기타주식</TD>
<TE ALIGN="RIGHT" VALIGN="MIDDLE" ACODE="DSUM_ESTK_BGN" WIDTH="75" HEIGHT="23">-</TE>
<TE ALIGN="RIGHT" VALIGN="MIDDLE" ACODE="DSUM_ESTK_ACQ" WIDTH="59" HEIGHT="23">-</TE>
<TE ALIGN="RIGHT" VALIGN="MIDDLE" ACODE="DSUM_ESTK_TRD" WIDTH="59" HEIGHT="23">-</TE>
<TE ALIGN="RIGHT" VALIGN="MIDDLE" ACODE="DSUM_ESTK_RTM" WIDTH="59" HEIGHT="23">-</TE>
<TE ALIGN="RIGHT" VALIGN="MIDDLE" ACODE="DSUM_ESTK_END" WIDTH="69" HEIGHT="23">-</TE>
<TE VALIGN="MIDDLE" ACODE="DSUM_ESTK_NOTE" ALIGN="RIGHT" WIDTH="39" HEIGHT="23">-</TE>
</TR>

<TR ACOPY="N" ADELETE="N" HEIGHT="30">
<TD ROWSPAN="6" ALIGN="CENTER" VALIGN="MIDDLE" AUPDATECONT="N" ENG="Acquisition by trust contract" WIDTH="89" HEIGHT="173">신탁계약에 의한취득</TD>
<TD ALIGN="CENTER" VALIGN="MIDDLE" AUPDATECONT="N" ROWSPAN="2" ENG="Number of shares indirectly held through trust contracts" WIDTH="119" HEIGHT="53">수탁자 보유물량</TD>
<TD ALIGN="CENTER" VALIGN="MIDDLE" AUPDATECONT="N" ENG="Common stock" WIDTH="89" HEIGHT="23">보통주식</TD>
<TE ALIGN="RIGHT" VALIGN="MIDDLE" ACODE="TF_OSTK_BGN" WIDTH="75" HEIGHT="23">-</TE>
<TE ALIGN="RIGHT" VALIGN="MIDDLE" ACODE="TF_OSTK_ACQ" WIDTH="59" HEIGHT="23">-</TE>
<TE ALIGN="RIGHT" VALIGN="MIDDLE" ACODE="TF_OSTK_TRD" WIDTH="59" HEIGHT="23">-</TE>
<TE ALIGN="RIGHT" VALIGN="MIDDLE" ACODE="TF_OSTK_RTM" WIDTH="59" HEIGHT="23">-</TE>
<TE ALIGN="RIGHT" VALIGN="MIDDLE" ACODE="TF_OSTK_END" WIDTH="69" HEIGHT="23">-</TE>
<TE VALIGN="MIDDLE" ACODE="TF_OSTK_NOTE" ALIGN="RIGHT" WIDTH="39" HEIGHT="23">-</TE>
</TR>

<TR ACOPY="N" ADELETE="N" HEIGHT="30">
<TD ALIGN="CENTER" VALIGN="MIDDLE" AUPDATECONT="N" ENG="Different classes of stocks" WIDTH="89" HEIGHT="23">기타주식</TD>
<TE ALIGN="RIGHT" VALIGN="MIDDLE" ACODE="TF_ESTK_BGN" WIDTH="75" HEIGHT="23">-</TE>
<TE ALIGN="RIGHT" VALIGN="MIDDLE" ACODE="TF_ESTK_ACQ" WIDTH="59" HEIGHT="23">-</TE>
<TE ALIGN="RIGHT" VALIGN="MIDDLE" ACODE="TF_ESTK_TRD" WIDTH="59" HEIGHT="23">-</TE>
<TE ALIGN="RIGHT" VALIGN="MIDDLE" ACODE="TF_ESTK_RTM" WIDTH="59" HEIGHT="23">-</TE>
<TE ALIGN="RIGHT" VALIGN="MIDDLE" ACODE="TF_ESTK_END" WIDTH="69" HEIGHT="23">-</TE>
<TE VALIGN="MIDDLE" ACODE="TF_ESTK_NOTE" ALIGN="RIGHT" WIDTH="39" HEIGHT="23">-</TE>
</TR>

<TR ACOPY="N" ADELETE="N" HEIGHT="30">
<TD ALIGN="CENTER" VALIGN="MIDDLE" AUPDATECONT="N" ROWSPAN="2" ENG="Number of shares directly held" WIDTH="119" HEIGHT="53">현물보유물량</TD>
<TD ALIGN="CENTER" VALIGN="MIDDLE" AUPDATECONT="N" ENG="Common stock" WIDTH="89" HEIGHT="23">보통주식</TD>
<TE ALIGN="RIGHT" VALIGN="MIDDLE" ACODE="TS_OSTK_BGN" WIDTH="75" HEIGHT="23">2,065,085</TE>
<TE ALIGN="RIGHT" VALIGN="MIDDLE" ACODE="TS_OSTK_ACQ" WIDTH="59" HEIGHT="23">-</TE>
<TE ALIGN="RIGHT" VALIGN="MIDDLE" ACODE="TS_OSTK_TRD" WIDTH="59" HEIGHT="23">-</TE>
<TE ALIGN="RIGHT" VALIGN="MIDDLE" ACODE="TS_OSTK_RTM" WIDTH="59" HEIGHT="23">-</TE>
<TE ALIGN="RIGHT" VALIGN="MIDDLE" ACODE="TS_OSTK_END" WIDTH="69" HEIGHT="23">2,065,085</TE>
<TE VALIGN="MIDDLE" ACODE="TS_OSTK_NOTE" ALIGN="RIGHT" WIDTH="39" HEIGHT="23">-</TE>
</TR>

<TR ACOPY="N" ADELETE="N" HEIGHT="30">
<TD ALIGN="CENTER" VALIGN="MIDDLE" AUPDATECONT="N" ENG="Different classes of stocks" WIDTH="89" HEIGHT="23">기타주식</TD>
<TE ALIGN="RIGHT" VALIGN="MIDDLE" ACODE="TS_ESTK_BGN" WIDTH="75" HEIGHT="23">-</TE>
<TE ALIGN="RIGHT" VALIGN="MIDDLE" ACODE="TS_ESTK_ACQ" WIDTH="59" HEIGHT="23">-</TE>
<TE ALIGN="RIGHT" VALIGN="MIDDLE" ACODE="TS_ESTK_TRD" WIDTH="59" HEIGHT="23">-</TE>
<TE ALIGN="RIGHT" VALIGN="MIDDLE" ACODE="TS_ESTK_RTM" WIDTH="59" HEIGHT="23">-</TE>
<TE ALIGN="RIGHT" VALIGN="MIDDLE" ACODE="TS_ESTK_END" WIDTH="69" HEIGHT="23">-</TE>
<TE VALIGN="MIDDLE" ACODE="TS_ESTK_NOTE" ALIGN="RIGHT" WIDTH="39" HEIGHT="23">-</TE>
</TR>

<TR ACOPY="N" ADELETE="N" HEIGHT="30">
<TD ALIGN="CENTER" VALIGN="MIDDLE" AUPDATECONT="N" ROWSPAN="2" ENG="Subtotal (b)" WIDTH="119" HEIGHT="53">소계(b)</TD>
<TD ALIGN="CENTER" VALIGN="MIDDLE" AUPDATECONT="N" ENG="Common stock" WIDTH="89" HEIGHT="23">보통주식</TD>
<TE ALIGN="RIGHT" VALIGN="MIDDLE" ACODE="TSUM_OSTK_BGN" WIDTH="75" HEIGHT="23">2,065,085</TE>
<TE ALIGN="RIGHT" VALIGN="MIDDLE" ACODE="TSUM_OSTK_ACQ" WIDTH="59" HEIGHT="23">-</TE>
<TE ALIGN="RIGHT" VALIGN="MIDDLE" ACODE="TSUM_OSTK_TRD" WIDTH="59" HEIGHT="23">-</TE>
<TE ALIGN="RIGHT" VALIGN="MIDDLE" ACODE="TSUM_OSTK_RTM" WIDTH="59" HEIGHT="23">-</TE>
<TE ALIGN="RIGHT" VALIGN="MIDDLE" ACODE="TSUM_OSTK_END" WIDTH="69" HEIGHT="23">2,065,085</TE>
<TE VALIGN="MIDDLE" ACODE="TSUM_OSTK_NOTE" ALIGN="RIGHT" WIDTH="39" HEIGHT="23">-</TE>
</TR>

<TR ACOPY="N" ADELETE="N" HEIGHT="30">
<TD ALIGN="CENTER" VALIGN="MIDDLE" AUPDATECONT="N" ENG="Different classes of stocks" WIDTH="89" HEIGHT="23">기타주식</TD>
<TE ALIGN="RIGHT" VALIGN="MIDDLE" ACODE="TSUM_ESTK_BGN" WIDTH="75" HEIGHT="23">-</TE>
<TE ALIGN="RIGHT" VALIGN="MIDDLE" ACODE="TSUM_ESTK_ACQ" WIDTH="59" HEIGHT="23">-</TE>
<TE ALIGN="RIGHT" VALIGN="MIDDLE" ACODE="TSUM_ESTK_TRD" WIDTH="59" HEIGHT="23">-</TE>
<TE ALIGN="RIGHT" VALIGN="MIDDLE" ACODE="TSUM_ESTK_RTM" WIDTH="59" HEIGHT="23">-</TE>
<TE ALIGN="RIGHT" VALIGN="MIDDLE" ACODE="TSUM_ESTK_END" WIDTH="69" HEIGHT="23">-</TE>
<TE VALIGN="MIDDLE" ACODE="TSUM_ESTK_NOTE" ALIGN="RIGHT" WIDTH="39" HEIGHT="23">-</TE>
</TR>

<TR ACOPY="N" ADELETE="N" HEIGHT="30">
<TD ROWSPAN="2" ALIGN="CENTER" VALIGN="MIDDLE" AUPDATECONT="N" COLSPAN="3" ENG="Other acquisition (c)" WIDTH="265" HEIGHT="53">기타 취득(c)</TD>
<TD ALIGN="CENTER" VALIGN="MIDDLE" AUPDATECONT="N" ENG="Common stock" WIDTH="89" HEIGHT="23">보통주식</TD>
<TE ALIGN="RIGHT" VALIGN="MIDDLE" ACODE="EG_OSTK_BGN" WIDTH="75" HEIGHT="23">-</TE>
<TE ALIGN="RIGHT" VALIGN="MIDDLE" ACODE="EG_OSTK_ACQ" WIDTH="59" HEIGHT="23">-</TE>
<TE ALIGN="RIGHT" VALIGN="MIDDLE" ACODE="EG_OSTK_TRD" WIDTH="59" HEIGHT="23">-</TE>
<TE ALIGN="RIGHT" VALIGN="MIDDLE" ACODE="EG_OSTK_RTM" WIDTH="59" HEIGHT="23">-</TE>
<TE ALIGN="RIGHT" VALIGN="MIDDLE" ACODE="EG_OSTK_END" WIDTH="69" HEIGHT="23">-</TE>
<TE VALIGN="MIDDLE" ACODE="EG_OSTK_NOTE" ALIGN="RIGHT" WIDTH="39" HEIGHT="23">-</TE>
</TR>

<TR ACOPY="N" ADELETE="N" HEIGHT="30">
<TD ALIGN="CENTER" VALIGN="MIDDLE" AUPDATECONT="N" ENG="Different classes of stocks" WIDTH="89" HEIGHT="23">기타주식</TD>
<TE ALIGN="RIGHT" VALIGN="MIDDLE" ACODE="EG_ESTK_BGN" WIDTH="75" HEIGHT="23">-</TE>
<TE ALIGN="RIGHT" VALIGN="MIDDLE" ACODE="EG_ESTK_ACQ" WIDTH="59" HEIGHT="23">-</TE>
<TE ALIGN="RIGHT" VALIGN="MIDDLE" ACODE="EG_ESTK_TRD" WIDTH="59" HEIGHT="23">-</TE>
<TE ALIGN="RIGHT" VALIGN="MIDDLE" ACODE="EG_ESTK_RTM" WIDTH="59" HEIGHT="23">-</TE>
<TE ALIGN="RIGHT" VALIGN="MIDDLE" ACODE="EG_ESTK_END" WIDTH="69" HEIGHT="23">-</TE>
<TE VALIGN="MIDDLE" ACODE="EG_ESTK_NOTE" ALIGN="RIGHT" WIDTH="39" HEIGHT="23">-</TE>
</TR>

<TR ACOPY="N" ADELETE="N" HEIGHT="30">
<TD ROWSPAN="2" ALIGN="CENTER" VALIGN="MIDDLE" AUPDATECONT="N" COLSPAN="3" ENG="Total (a+b+c)" WIDTH="265" HEIGHT="53">총 계(a+b+c)</TD>
<TD ALIGN="CENTER" VALIGN="MIDDLE" AUPDATECONT="N" ENG="Common stock" WIDTH="89" HEIGHT="23">보통주식</TD>
<TE ALIGN="RIGHT" VALIGN="MIDDLE" ACODE="TOT_OSTK_BGN" WIDTH="75" HEIGHT="23">2,065,085</TE>
<TE ALIGN="RIGHT" VALIGN="MIDDLE" ACODE="TOT_OSTK_ACQ" WIDTH="59" HEIGHT="23">-</TE>
<TE ALIGN="RIGHT" VALIGN="MIDDLE" ACODE="TOT_OSTK_TRD" WIDTH="59" HEIGHT="23">-</TE>
<TE ALIGN="RIGHT" VALIGN="MIDDLE" ACODE="TOT_OSTK_RTM" WIDTH="59" HEIGHT="23">-</TE>
<TE ALIGN="RIGHT" VALIGN="MIDDLE" ACODE="TOT_OSTK_END" WIDTH="69" HEIGHT="23">2,065,085</TE>
<TE VALIGN="MIDDLE" ACODE="TOT_OSTK_NOTE" ALIGN="RIGHT" WIDTH="39" HEIGHT="23">-</TE>
</TR>

<TR ACOPY="N" ADELETE="N" HEIGHT="30">
<TD ALIGN="CENTER" VALIGN="MIDDLE" AUPDATECONT="N" ENG="Different classes of stocks" WIDTH="89" HEIGHT="23">기타주식</TD>
<TE ALIGN="RIGHT" VALIGN="MIDDLE" ACODE="TOT_ESTK_BGN" WIDTH="75" HEIGHT="23">-</TE>
<TE ALIGN="RIGHT" VALIGN="MIDDLE" ACODE="TOT_ESTK_ACQ" WIDTH="59" HEIGHT="23">-</TE>
<TE ALIGN="RIGHT" VALIGN="MIDDLE" ACODE="TOT_ESTK_TRD" WIDTH="59" HEIGHT="23">-</TE>
<TE ALIGN="RIGHT" VALIGN="MIDDLE" ACODE="TOT_ESTK_RTM" WIDTH="59" HEIGHT="23">-</TE>
<TE ALIGN="RIGHT" VALIGN="MIDDLE" ACODE="TOT_ESTK_END" WIDTH="69" HEIGHT="23">-</TE>
<TE VALIGN="MIDDLE" ACODE="TOT_ESTK_NOTE" ALIGN="RIGHT" WIDTH="39" HEIGHT="23">-</TE>
</TR>
</TBODY>
</TABLE>
</TABLE-GROUP>
<P></P>
</SECTION-1>
</BODY>
</DOCUMENT>