<?xml version="1.0" encoding="utf-8"?>


<DOCUMENT xmlns:xsi="http://www.w3.org/2001/XMLSchema-instance" xsi:noNamespaceSchemaLocation="dart4.xsd">

<DOCUMENT-NAME ACODE="11340">타법인 주식 및 출자증권 양수결정</DOCUMENT-NAME>
<FORMULA-VERSION ADATE="20231229">6.0</FORMULA-VERSION>
<COMPANY-NAME AREGCIK="00252269">아이에이</COMPANY-NAME>


<BODY ATOCID="2">

<LIBRARY>
<SECTION-1 ACLASS="MANDATORY" APARTSOURCE="SOURCE">
<TITLE ATOC="Y" AASSOCNOTE="D-0-0-0-0" ENG="Report on Major Issues／Reporting Obligations to the KRX" ATOCID="2">주요사항보고서 / 거래소 신고의무 사항</TITLE>

<TABLE ACLASS="NORMAL" AFIXTABLE="Y" WIDTH="600" BORDER="0">

<COLGROUP WIDTH="600">
<COL WIDTH="141"></COL>
<COL WIDTH="183"></COL>
<COL WIDTH="276"></COL>
</COLGROUP>

<TBODY>

<TR ACOPY="Y" ADELETE="Y" HEIGHT="30">
<TD COLSPAN="3" WIDTH="591" HEIGHT="23"></TD>
</TR>

<TR ACOPY="Y" ADELETE="Y" HEIGHT="53">
<TD COLSPAN="3" WIDTH="591" HEIGHT="46"></TD>
</TR>

<TR ACOPY="Y" ADELETE="Y" HEIGHT="30">
<TD COLSPAN="2" VALIGN="MIDDLE" WIDTH="315" HEIGHT="23">금융위원회 / 한국거래소 귀중</TD>
<TD ALIGN="RIGHT" VALIGN="MIDDLE" WIDTH="267" HEIGHT="23">2026  년    01 월    05 일</TD>
</TR>

<TR ACOPY="Y" ADELETE="Y" HEIGHT="53">
<TD COLSPAN="3" WIDTH="591" HEIGHT="46"></TD>
</TR>

<TR ACOPY="Y" ADELETE="Y" HEIGHT="30">
<TD WIDTH="132" HEIGHT="23">회     사     명  :</TD>
<TD COLSPAN="2" WIDTH="450" HEIGHT="23">주식회사 아이에이</TD>
</TR>

<TR ACOPY="Y" ADELETE="Y" HEIGHT="30">
<TD WIDTH="132" HEIGHT="23">대  표   이  사  :</TD>
<TD COLSPAN="2" WIDTH="450" HEIGHT="23">최 동 철</TD>
</TR>

<TR ACOPY="Y" ADELETE="Y" HEIGHT="30">
<TD WIDTH="132" HEIGHT="23">본 점  소 재 지 :</TD>
<TD COLSPAN="2" WIDTH="450" HEIGHT="23">경기도 성남시 분당구 구미로 8, 2층(구미동, 분당 엠타워)</TD>
</TR>

<TR ACOPY="Y" ADELETE="Y" HEIGHT="30">
<TD WIDTH="132" HEIGHT="23"></TD>
<TD COLSPAN="2" WIDTH="450" HEIGHT="23">(전  화) 031-609-1300</TD>
</TR>

<TR ACOPY="Y" ADELETE="Y" HEIGHT="30">
<TD WIDTH="132" HEIGHT="23"></TD>
<TD COLSPAN="2" WIDTH="450" HEIGHT="23">(홈페이지)http://www.ia-inc.kr</TD>
</TR>

<TR ACOPY="Y" ADELETE="Y" HEIGHT="30">
<TD WIDTH="132" HEIGHT="23"></TD>
<TD COLSPAN="2" WIDTH="450" HEIGHT="23"></TD>
</TR>

<TR ACOPY="Y" ADELETE="Y" HEIGHT="30">
<TD COLSPAN="3" WIDTH="591" HEIGHT="23"></TD>
</TR>

<TR ACOPY="Y" ADELETE="Y" HEIGHT="30">
<TD COLSPAN="3" WIDTH="591" HEIGHT="23"></TD>
</TR>

<TR ACOPY="Y" ADELETE="Y" HEIGHT="30">
<TD WIDTH="132" HEIGHT="23">작 성 책 임 자 :</TD>
<TD WIDTH="174" HEIGHT="23">(직  책) 부사장</TD>
<TD WIDTH="267" HEIGHT="23">(성  명) 한성용</TD>
</TR>

<TR ACOPY="Y" ADELETE="Y" HEIGHT="30">
<TD WIDTH="132" HEIGHT="23"></TD>
<TD COLSPAN="2" WIDTH="450" HEIGHT="23">(전  화) 031-609-1300</TD>
</TR>

<TR ACOPY="Y" ADELETE="Y" HEIGHT="30">
<TD COLSPAN="3" WIDTH="591" HEIGHT="23"></TD>
</TR>
</TBODY>
</TABLE>
<P></P>
<PGBRK></PGBRK>
</SECTION-1>
</LIBRARY>


<SECTION-1 ACLASS="MANDATORY" APARTSOURCE="SOURCE">
<TITLE ATOC="Y" AASSOCNOTE="D-0-1-0-0" ENG="Decision on Acquisition of Shares or Investment Securities of Other Corporations" ATOCID="1">타법인 주식 및 출자증권 양수결정</TITLE>
<P></P>

<TABLE-GROUP ACLASS="TBL_ACOC" ADELETETABLE="N">

<TABLE ACLASS="EXTRACTION" WIDTH="808" BORDER="1">

<COLGROUP WIDTH="808">
<COL WIDTH="174"></COL>
<COL WIDTH="167"></COL>
<COL WIDTH="118"></COL>
<COL WIDTH="112"></COL>
<COL WIDTH="95"></COL>
<COL WIDTH="142"></COL>
</COLGROUP>

<TBODY>

<TR ACOPY="N" ADELETE="N" HEIGHT="30">
<TD WIDTH="332" HEIGHT="159" COLSPAN="2" ROWSPAN="4" VALIGN="MIDDLE" AUPDATECONT="N" ENG="1. Issuing company">1. 발행회사</TD>
<TD WIDTH="109" HEIGHT="23" ALIGN="CENTER" AUPDATECONT="N" ENG="Company name">회사명</TD>
<TE WIDTH="340" HEIGHT="23" COLSPAN="3" ACODE="PC_NM" ALIGN="CENTER">주식회사 디씨이솔루션</TE>
</TR>

<TR ACOPY="N" ADELETE="N" HEIGHT="53">
<TD WIDTH="109" HEIGHT="46" ALIGN="CENTER" AUPDATECONT="N" ENG="Nationality">국적</TD>
<TE WIDTH="103" HEIGHT="46" ACODE="PC_NT" ALIGN="CENTER">대한민국</TE>
<TD WIDTH="86" HEIGHT="46" ALIGN="CENTER" AUPDATECONT="N" ENG="Representative">대표자</TD>
<TE WIDTH="133" HEIGHT="46" ACODE="PC_CEO" ALIGN="CENTER">간우영한성용</TE>
</TR>

<TR ACOPY="N" ADELETE="N" HEIGHT="30">
<TD WIDTH="109" HEIGHT="23" ALIGN="CENTER" AUPDATECONT="N" VALIGN="MIDDLE" ENG="Issued capital (KRW)">자본금(원)</TD>
<TE WIDTH="103" HEIGHT="23" ACODE="PC_CPT" ALIGN="RIGHT">6,142,110,000</TE>
<TD WIDTH="86" HEIGHT="23" ALIGN="CENTER" AUPDATECONT="N" VALIGN="MIDDLE" ENG="Relationship to company">회사와 관계</TD>
<TU WIDTH="133" HEIGHT="23" VALIGN="MIDDLE" ALIGN="CENTER" AUNIT="PC_RLT" AUNITVALUE="7" ENG="Holding concurrent position">임직원겸직</TU>
</TR>

<TR ACOPY="N" ADELETE="N" HEIGHT="53">
<TD WIDTH="109" HEIGHT="46" ALIGN="CENTER" AUPDATECONT="N" ENG="Total number of shares issued (shrs.)">발행주식총수(주)</TD>
<TE WIDTH="103" HEIGHT="46" ACODE="PC_STK_CNT" VALIGN="MIDDLE" ALIGN="RIGHT">614,211</TE>
<TD WIDTH="86" HEIGHT="46" VALIGN="MIDDLE" ALIGN="CENTER" AUPDATECONT="N" ENG="Main business">주요사업</TD>
<TE WIDTH="133" HEIGHT="46" ACODE="PC_MNB" VALIGN="MIDDLE" ALIGN="CENTER">열교환기, 배관류 제조, 판매</TE>
</TR>

<TR ACOPY="N" ADELETE="N" HEIGHT="53">
<TD WIDTH="332" HEIGHT="46" COLSPAN="2" AUPDATECONT="N" ENG="- Whether new shares were acquired within the last six months by third-party allotment">   - 최근 6월 이내 제3자 배정에 의한     신주취득 여부</TD>
<TU WIDTH="458" HEIGHT="46" COLSPAN="4" VALIGN="MIDDLE" ALIGN="CENTER" AUNIT="AQ_NST_YN" AUNITVALUE="N" ENG="No">아니오</TU>
</TR>

<TR ACOPY="N" ADELETE="N" HEIGHT="30">
<TD WIDTH="165" HEIGHT="173" ROWSPAN="6" VALIGN="MIDDLE" AUPDATECONT="N" ENG="2. Details of acquisition">2. 양수내역</TD>
<TD WIDTH="158" HEIGHT="23" ALIGN="CENTER" AUPDATECONT="N" ENG="Number of shares to be acquired">양수주식수(주)</TD>
<TE WIDTH="458" HEIGHT="23" COLSPAN="4" ACODE="AC_STK_CNT" VALIGN="MIDDLE" ALIGN="RIGHT">383,881</TE>
</TR>

<TR ACOPY="N" ADELETE="N" HEIGHT="30">
<TD WIDTH="158" HEIGHT="23" ALIGN="CENTER" AUPDATECONT="N" ENG="Acquisition amount (KRW)(A)">양수금액(원)(A)</TD>
<TE WIDTH="458" HEIGHT="23" COLSPAN="4" ACODE="AC_AMT" VALIGN="MIDDLE" ALIGN="RIGHT">20,769,881,505</TE>
</TR>

<TR ACOPY="N" ADELETE="N" HEIGHT="30">
<TD WIDTH="158" HEIGHT="23" ALIGN="CENTER" AUPDATECONT="N" ENG="Total assets (KRW) (B)">총자산(원)(B)</TD>
<TE WIDTH="458" HEIGHT="23" COLSPAN="4" ACODE="CRP_ASST" VALIGN="MIDDLE" ALIGN="RIGHT">44,942,214,078 </TE>
</TR>

<TR ACOPY="N" ADELETE="N" HEIGHT="30">
<TD WIDTH="158" HEIGHT="23" ALIGN="CENTER" AUPDATECONT="N" ENG="Ratio to total assets (%) (A/B)">총자산대비(%)(A/B)</TD>
<TE WIDTH="458" HEIGHT="23" COLSPAN="4" ACODE="ASST_RT" VALIGN="MIDDLE" ALIGN="RIGHT">46.21</TE>
</TR>

<TR ACOPY="N" ADELETE="N" HEIGHT="30">
<TD WIDTH="158" HEIGHT="23" ALIGN="CENTER" AUPDATECONT="N" ENG="Equity (KRW)(C)">자기자본(원)(C)</TD>
<TE WIDTH="458" HEIGHT="23" COLSPAN="4" ACODE="CRP_EQT" VALIGN="MIDDLE" ALIGN="RIGHT">20,508,268,631 </TE>
</TR>

<TR ACOPY="N" ADELETE="N" HEIGHT="30">
<TD WIDTH="158" HEIGHT="23" ALIGN="CENTER" AUPDATECONT="N" ENG="Ratio to equity (%) (A/C)">자기자본대비(%)(A/C)</TD>
<TE WIDTH="458" HEIGHT="23" COLSPAN="4" ACODE="EQT_RT" VALIGN="MIDDLE" ALIGN="RIGHT">101.28</TE>
</TR>

<TR ACOPY="N" ADELETE="N" HEIGHT="30">
<TD WIDTH="332" HEIGHT="53" COLSPAN="2" ROWSPAN="2" VALIGN="MIDDLE" AUPDATECONT="N" ENG="3. Number of shares held and shareholding ratio after acquisition">3. 양수후 소유주식수 및 지분비율</TD>
<TD WIDTH="109" HEIGHT="23" ALIGN="CENTER" AUPDATECONT="N" ENG="Number of shares held (shrs.)">소유주식수(주)</TD>
<TE WIDTH="340" HEIGHT="23" COLSPAN="3" ALIGN="RIGHT" ACODE="AFT_AC_STK_CNT">614,211</TE>
</TR>

<TR ACOPY="N" ADELETE="N" HEIGHT="30">
<TD WIDTH="109" HEIGHT="23" ALIGN="CENTER" AUPDATECONT="N" ENG="Shareholding ratio (%)">지분비율(%)</TD>
<TE WIDTH="340" HEIGHT="23" COLSPAN="3" ALIGN="RIGHT" ACODE="AFT_AC_SHR_RT">100</TE>
</TR>

<TR ACOPY="N" ADELETE="N" HEIGHT="30">
<TD WIDTH="332" HEIGHT="23" COLSPAN="2" AUPDATECONT="N" ENG="4. Purpose of acquisition">4. 양수목적</TD>
<TE WIDTH="458" HEIGHT="23" COLSPAN="4" ACODE="AC_PPS" ALIGN="CENTER">회사의 사업확장 및 신규사업 진출을 통한 중장기 성장동력 확보</TE>
</TR>

<TR ACOPY="N" ADELETE="N" HEIGHT="30">
<TD WIDTH="332" HEIGHT="23" COLSPAN="2" AUPDATECONT="N" ENG="5. Scheduled acquisition date">5. 양수예정일자</TD>
<TU WIDTH="458" HEIGHT="23" COLSPAN="4" ALIGN="CENTER" AUNIT="AC_EXT_DT" AUNITVALUE="20260105">2026년 01월 05일</TU>
</TR>

<TR ACOPY="N" ADELETE="N" HEIGHT="30">
<TD WIDTH="165" HEIGHT="143" ROWSPAN="5" VALIGN="MIDDLE" AUPDATECONT="N" ENG="6. Counterparty">6. 거래상대방</TD>
<TD WIDTH="158" HEIGHT="23" ALIGN="CENTER" AUPDATECONT="N" ENG="Company name (Entity name)">회사명(성명)</TD>
<TE WIDTH="458" HEIGHT="23" COLSPAN="4" ALIGN="CENTER" ACODE="OTH_NM">엠아이피혁신M&A투자조합</TE>
</TR>

<TR ACOPY="N" ADELETE="N" HEIGHT="30">
<TD WIDTH="158" HEIGHT="23" ALIGN="CENTER" AUPDATECONT="N" ENG="Issued capital (KRW)">자본금(원)</TD>
<TE WIDTH="458" HEIGHT="23" COLSPAN="4" ALIGN="RIGHT" ACODE="OTH_CPT">25,000,000,000</TE>
</TR>

<TR ACOPY="N" ADELETE="N" HEIGHT="30">
<TD WIDTH="158" HEIGHT="23" ALIGN="CENTER" AUPDATECONT="N" ENG="Main business">주요사업</TD>
<TE WIDTH="458" HEIGHT="23" COLSPAN="4" ACODE="OTH_MNB" ALIGN="CENTER" VALIGN="MIDDLE">자금 모집을 통한 유망기업 투자 및 인수합병을 통한 수익 창출</TE>
</TR>

<TR ACOPY="N" ADELETE="N" HEIGHT="30">
<TD WIDTH="158" HEIGHT="23" ALIGN="CENTER" AUPDATECONT="N" ENG="Location of head office (Address)">본점소재지(주소)</TD>
<TE WIDTH="458" HEIGHT="23" COLSPAN="4" ACODE="OTH_ADRS" ALIGN="CENTER">서울특별시 강남구 논현로 419, 9층(역삼동, PMK빌딩)</TE>
</TR>

<TR ACOPY="N" ADELETE="N" HEIGHT="30">
<TD WIDTH="158" HEIGHT="23" ALIGN="CENTER" AUPDATECONT="N" ENG="Relationship to company">회사와의 관계</TD>
<TU WIDTH="458" HEIGHT="23" COLSPAN="4" ALIGN="CENTER" AUNIT="OTH_RLT" AUNITVALUE="-" ENG="-">-</TU>
</TR>

<TR ACOPY="N" ADELETE="N" HEIGHT="444">
<TD WIDTH="332" HEIGHT="437" COLSPAN="2" AUPDATECONT="N" ENG="7. Transaction payment">7. 거래대금지급</TD>
<TE WIDTH="458" HEIGHT="437" COLSPAN="4" ACODE="PRC_PAY" VALIGN="MIDDLE">(1) 지급형태 : 현금 지급(2) 지급금액 및 일정  - 1차 매매대금/지급일 : 매매 대상주식 10% 상당주식(38,388주)    매매대금   2,076,988,151원/2026년 1월 5일 - 2차 매매대금/지급일 : 매매 대상주식 10% 상당주식(38,388주)     매매대금 2,076,988,151원/2026년 1월 13일 * 매매 대상주식 10% 상당주식(38,388주) 매매대금 2,076,988,151원에 대하여 1차 매매대금 지급일로부터 지연이자 연복리 10%를 일할 계산하여 가산한 금액(\2,081,326,006) - 3차 매매대금/지급일: 매매 대상주식 80% 상당주식(307,105주)     매매대금 16,589,812,100원/2026년 12월 30일 * 매매 대상주식 80% 상당주식(307,105주) 매매대금 16,589,812,100원에 대하여 1차 매매대금 지급일로부터 지연이자 연복리 10%를 일할 계산하여 가산한 금액(\18,248,781,426) (3) 자금조달방법 : 보유자금, 대여자금 및 투자자금 회수, 투자유치, 관계사 등 차입 등의 방법으로 조달 예정 (4) 지급조건 : 주식 소유권 이전 (5) 지급시기 및 자금조달방법은 진행일정에 따라 변경될 가능성이 있음(변경 시, 정정공시 진행 예정)</TE>
</TR>

<TR ACOPY="N" ADELETE="N" HEIGHT="30">
<TD WIDTH="165" HEIGHT="442" ROWSPAN="5" VALIGN="MIDDLE" AUPDATECONT="N" ENG="8. Matters related to external evaluation">8. 외부평가에 관한 사항</TD>
<TD WIDTH="158" HEIGHT="23" AUPDATECONT="N" ENG="Whether external valuation was conducted">외부평가 여부</TD>
<TU WIDTH="458" HEIGHT="23" COLSPAN="4" ALIGN="CENTER" AUNIT="EXV_YN" AUNITVALUE="Y" ENG="Yes">예</TU>
</TR>

<TR ACOPY="N" ADELETE="N" HEIGHT="122">
<TD WIDTH="158" HEIGHT="115" AUPDATECONT="N" ENG="- Basis and reasons"> - 근거 및 사유</TD>
<TE WIDTH="458" HEIGHT="115" COLSPAN="4" ACODE="EXV_BSS">(1) 근거 : 「자본시장과 금융투자업에 관한 법률」 제161조 및 동법시행령 제171조 (2) 사유 : 평가대상회사의 주식을 양수함에 있어 동 양수가액의 적정성 여부를 판단하기 위한 참고자료 및 주요사항보고서 첨부 서류로 활용</TE>
</TR>

<TR ACOPY="N" ADELETE="N" HEIGHT="30">
<TD WIDTH="158" HEIGHT="23" AUPDATECONT="N" ENG="External evaluator’s name">외부평가기관의 명칭</TD>
<TE WIDTH="458" HEIGHT="23" COLSPAN="4" ACODE="EXV_NM" ALIGN="CENTER">한미회계법인</TE>
</TR>

<TR ACOPY="N" ADELETE="N" HEIGHT="30">
<TD WIDTH="158" HEIGHT="23" AUPDATECONT="N" ENG="Period of external valuation">외부평가 기간</TD>
<TU WIDTH="458" HEIGHT="23" COLSPAN="4" ALIGN="CENTER" AUNIT="EXV_PROD" AUNITVALUE="20251212-20260104">2025년 12월 12일 ~ 2026년 01월 04일</TU>
</TR>

<TR ACOPY="N" ADELETE="N" HEIGHT="237">
<TD WIDTH="158" HEIGHT="230" AUPDATECONT="N" ENG="Opinion of external valuation">외부평가 의견</TD>

<TE WIDTH="458" HEIGHT="230" COLSPAN="4" ACODE="EXV_OPN" VALIGN="MIDDLE">
<SPAN> 본 평가인은 양수가액의 적정성을 검토하기 위하여 현금흐름할인법(DCF:Discounted Cash Folw method)을 적용하였습니다. 본 의견서에 기술된 본 평가인의 분석에 기초한 결과, 평가기준일 현재 평가대상회사의 총 주식가치 평가액은 31,074백만원에서 37,149백만원의 범위(가중평균자본비용 12.01% ~13.01%, 영구성장률 0.50% ~1.50%)에 있는 것으로 산정되었으며, 양수대상자산의 가치(지분율 62.5%)는 19,421백만원에서 23,218백만원 범위로 산정됩니다.</SPAN>
<SPAN USERMARK="B"> </SPAN>
<SPAN>실제 양수 예정가액은 20,770백만원으로, 평가기준일 현재 현금흐름할인법으로 평가한 상기 평가금액 범위를 고려할 때 중요성의 관점에서 부적정하다고 판단할만한 근거가 발견되지 아니하였습니다.</SPAN>
</TE>
</TR>

<TR ACOPY="N" ADELETE="N" HEIGHT="30">
<TD WIDTH="332" HEIGHT="23" COLSPAN="2" AUPDATECONT="N" ENG="9. Board resolution date (decision date)">9. 이사회결의일(결정일)</TD>
<TU WIDTH="458" HEIGHT="23" COLSPAN="4" ALIGN="CENTER" AUNIT="DRT_RSLT_DT" AUNITVALUE="20260105">2026년 01월 05일</TU>
</TR>

<TR ACOPY="N" ADELETE="N" HEIGHT="30">
<TD WIDTH="165" HEIGHT="53" ROWSPAN="2" VALIGN="MIDDLE" AUPDATECONT="N" ENG="- Attendance of outside directors">   - 사외이사참석여부</TD>
<TD WIDTH="158" HEIGHT="23" ALIGN="CENTER" AUPDATECONT="N" ENG="Present (No.)">참석(명)</TD>
<TE WIDTH="458" HEIGHT="23" COLSPAN="4" ALIGN="RIGHT" ACODE="ODRT_ATD_CNT">2</TE>
</TR>

<TR ACOPY="N" ADELETE="N" HEIGHT="30">
<TD WIDTH="158" HEIGHT="23" ALIGN="CENTER" AUPDATECONT="N" ENG="Absent (No.)">불참(명)</TD>
<TE WIDTH="458" HEIGHT="23" COLSPAN="4" ALIGN="RIGHT" ACODE="ODRT_NATD_CNT">-</TE>
</TR>

<TR ACOPY="N" ADELETE="N" HEIGHT="30">
<TD WIDTH="332" HEIGHT="23" COLSPAN="2" AUPDATECONT="N" ENG="- Attendance of auditors (members of Audit Committee who are not outside directors)">   - 감사(사외이사가 아닌 감사위원) 참석여부</TD>
<TU WIDTH="458" HEIGHT="23" COLSPAN="4" ALIGN="CENTER" AUNIT="ADT_ATD_YN" AUNITVALUE="Y" ENG="Present">참석</TU>
</TR>

<TR ACOPY="N" ADELETE="N" HEIGHT="30">
<TD WIDTH="332" HEIGHT="23" COLSPAN="2" AUPDATECONT="N" ENG="10. Whether deemed a backdoor listing">10. 우회상장 해당 여부</TD>
<TU WIDTH="458" HEIGHT="23" COLSPAN="4" ALIGN="CENTER" AUNIT="BDL_YN" AUNITVALUE="N" ENG="No">아니오</TU>
</TR>

<TR ACOPY="N" ADELETE="N" HEIGHT="30">
<TD WIDTH="332" HEIGHT="23" COLSPAN="2" AUPDATECONT="N" ENG="- Plans for capital increase by third-party allotment, etc. within the next 6 months">   - 향후 6월이내 제3자배정 증자 등 계획</TD>
<TU WIDTH="458" HEIGHT="23" COLSPAN="4" ALIGN="CENTER" AUNIT="INC_PLAN_YN" AUNITVALUE="N" ENG="No">아니오</TU>
</TR>

<TR ACOPY="N" ADELETE="N" HEIGHT="30">
<TD WIDTH="332" HEIGHT="23" COLSPAN="2" AUPDATECONT="N" ENG="11. Whether satisfying backdoor listing requirements for the issuing company (Other corporation)">11. 발행회사(타법인)의 우회상장 요건 충족여부</TD>
<TU WIDTH="458" HEIGHT="23" COLSPAN="4" ALIGN="CENTER" AUNIT="BDL_RQST_YN" AUNITVALUE="A" ENG="N/A">해당사항없음</TU>
</TR>

<TR ACOPY="N" ADELETE="N" HEIGHT="30">
<TD WIDTH="332" HEIGHT="23" COLSPAN="2" AUPDATECONT="N" ENG="12. Whether subject to the Fair Trade Commission reporting requirements">12. 공정거래위원회 신고대상 여부</TD>
<TU WIDTH="458" HEIGHT="23" COLSPAN="4" ALIGN="CENTER" AUNIT="FTC_RPT_YN" AUNITVALUE="N" ENG="Non-applicable">미해당</TU>
</TR>

<TR ACOPY="N" ADELETE="N" HEIGHT="30">
<TD WIDTH="332" HEIGHT="23" COLSPAN="2" AUPDATECONT="N" ENG="13. Whether signed a put option contract, etc.">13. 풋옵션 등 계약 체결여부</TD>
<TU WIDTH="458" HEIGHT="23" COLSPAN="4" ALIGN="CENTER" AUNIT="PO_CTRT_YN" AUNITVALUE="N" ENG="No">아니오</TU>
</TR>

<TR ACOPY="N" ADELETE="N" HEIGHT="30">
<TD WIDTH="332" HEIGHT="23" COLSPAN="2" AUPDATECONT="N" ENG="- Contract details">   - 계약내용</TD>
<TE WIDTH="458" HEIGHT="23" COLSPAN="4" ACODE="PO_CTRT_DTL" ALIGN="CENTER">-</TE>
</TR>
</TBODY>
</TABLE>
</TABLE-GROUP>

<TABLE ACLASS="NORMAL" AFIXTABLE="Y" WIDTH="600" BORDER="0">

<COLGROUP WIDTH="600">
<COL WIDTH="600"></COL>
</COLGROUP>

<TBODY>

<TR ACOPY="N" ADELETE="N" HEIGHT="30">
<TD WIDTH="591" HEIGHT="23" AUPDATECONT="N" ENG="14. Plans for future corporate restructuring">14. 향후 회사구조개편에 관한 계획</TD>
</TR>
</TBODY>
</TABLE>
<P>- 해당사항 없음</P>

<TABLE ACLASS="NORMAL" AFIXTABLE="Y" WIDTH="600" BORDER="0">

<COLGROUP WIDTH="600">
<COL WIDTH="600"></COL>
</COLGROUP>

<TBODY>

<TR ACOPY="N" ADELETE="N" HEIGHT="30">
<TD WIDTH="591" HEIGHT="23" AUPDATECONT="N" ENG="15. Other matters to be factored into investment decisions">15. 기타 투자판단과 관련한 중요사항</TD>
</TR>
</TBODY>
</TABLE>
<P></P>
<P>- 상기 '1. 발행회사의 자본금(원) 및 발행주식총수(주)'는 제출일 현재 기준입니다.- 상기 '2. 양수내역의 총자산(원) 및 자기자본(원)'은 2025년 3분기(감사받지 아니한 자료) 연결재무제표 기준입니다.- 상기 '3. 양수후 소유주식수 및 지분비율의 지분비율(%)'은 소유주식수/(발행주식총수-자기주식수)*100으로 계산되었습니다.- 상기 '5. 양수예정일자'는 주식인도일이며, 인도일은 2026년 1월 5일입니다. 당사는 매매대금 전액을 지급할 때까지 대상주식 전부에 대하여 매도인을 질권자로 하는 질권을 설정합니다.- 상기 '6. 거래상대방'의 자본금(원)은 2024년 12월말 기준입니다.- 상기 '7. 거래대금지급'에서 양수금액은 20,769,881,505원(주당 매매대금 54,105원)이며, 이에 대하여 2차 매매대금, 3차 매매대금의 지연 지급에 따른 연복리 10% 이자를 가산한 금액의 총 합계액은 22,407,095,583원 입니다.(매매대금 지연에 따른 금융비용은 1,663,307,182원 입니다.)- 당사는 2차, 3차 매매대금 지급 전에 잔여 매매대금의 전부 또는 일부를 조기 지급할 수 있습니다. - 대상주식을 표창하는 주권을 소유권 행사에 대한 제한 또는 부담이 없는 상태로 당사에 교부되어 집니다.- 당사의 최대주주인 (주)디씨이는 당사의 매매대금 지급의무에 대하여 연대책임을 부담합니다.</P>
<P>- 상기 공시내용은 향후 진행상황에 따라 변동이 있을 수 있으며, 변동이 있을 경우 재공시할 예정입니다.</P>
<P></P>

<TABLE-GROUP ACLASS="TBL_PC_FS" ADELETETABLE="N">

<TABLE ACLASS="NORMAL" AFIXTABLE="Y" WIDTH="611" BORDER="0">

<COLGROUP WIDTH="611">
<COL WIDTH="611"></COL>
</COLGROUP>

<TBODY>

<TR ACOPY="N" ADELETE="N" HEIGHT="30">
<TD VALIGN="MIDDLE" WIDTH="602" HEIGHT="23" AUPDATECONT="N" ENG="【 Condensed Financial Statement of Issuing Company 】">【 발행회사의 요약 재무상황 】</TD>
</TR>
</TBODY>
</TABLE>

<TABLE ACLASS="EXTRACTION" AFIXTABLE="Y" WIDTH="784" BORDER="0">

<COLGROUP WIDTH="784">
<COL WIDTH="784"></COL>
</COLGROUP>

<TBODY>

<TR ACOPY="N" ADELETE="N" HEIGHT="30">
<TU ALIGN="RIGHT" WIDTH="775" HEIGHT="23" AUNIT="WON" AUNITVALUE="3" ENG="(Unit: KRW million)">(단위 : 백만원)</TU>
</TR>
</TBODY>
</TABLE>

<TABLE ACLASS="EXTRACTION" AFIXTABLE="Y" WIDTH="786" BORDER="1">

<COLGROUP WIDTH="786">
<COL WIDTH="88"></COL>
<COL WIDTH="88"></COL>
<COL WIDTH="88"></COL>
<COL WIDTH="87"></COL>
<COL WIDTH="87"></COL>
<COL WIDTH="87"></COL>
<COL WIDTH="87"></COL>
<COL WIDTH="87"></COL>
<COL WIDTH="87"></COL>
</COLGROUP>

<THEAD>

<TR ACOPY="N" ADELETE="N" HEIGHT="30">
<TH VALIGN="MIDDLE" WIDTH="79" HEIGHT="23" ACOPYCOL="N" ADELETECOL="N" AMOVECOL="N" AUPDATECONT="N" ENG="Category">구  분</TH>
<TH VALIGN="MIDDLE" WIDTH="79" HEIGHT="23" ACOPYCOL="N" ADELETECOL="N" AMOVECOL="N" AUPDATECONT="N" ENG="Total assets">자산총계</TH>
<TH VALIGN="MIDDLE" WIDTH="79" HEIGHT="23" ACOPYCOL="N" ADELETECOL="N" AMOVECOL="N" AUPDATECONT="N" ENG="Total liabilities">부채총계</TH>
<TH VALIGN="MIDDLE" WIDTH="78" HEIGHT="23" ACOPYCOL="N" ADELETECOL="N" AMOVECOL="N" AUPDATECONT="N" ENG="Total equity">자본총계</TH>
<TH VALIGN="MIDDLE" WIDTH="78" HEIGHT="23" ACOPYCOL="N" ADELETECOL="N" AMOVECOL="N" AUPDATECONT="N" ENG="Issued capital">자본금</TH>
<TH VALIGN="MIDDLE" WIDTH="78" HEIGHT="23" ACOPYCOL="N" ADELETECOL="N" AMOVECOL="N" AUPDATECONT="N" ENG="Sales">매출액</TH>
<TH VALIGN="MIDDLE" WIDTH="78" HEIGHT="23" ACOPYCOL="N" ADELETECOL="N" AMOVECOL="N" AUPDATECONT="N" ENG="Profit">당기순이익</TH>
<TH VALIGN="MIDDLE" WIDTH="78" HEIGHT="23" ACOPYCOL="N" ADELETECOL="N" AMOVECOL="N" AUPDATECONT="N" ENG="Audit opinion">감사의견</TH>
<TH VALIGN="MIDDLE" WIDTH="78" HEIGHT="23" ACOPYCOL="N" ADELETECOL="N" AMOVECOL="N" AUPDATECONT="N" ENG="External auditor">외부감사인</TH>
</TR>
</THEAD>

<TBODY>

<TR ACOPY="N" ADELETE="N" HEIGHT="53">
<TD ALIGN="CENTER" VALIGN="MIDDLE" WIDTH="79" HEIGHT="46" AUPDATECONT="N" ENG="Current year">당해연도</TD>
<TE ALIGN="RIGHT" VALIGN="MIDDLE" WIDTH="79" HEIGHT="46" ACODE="PC_ASST_01">32,814</TE>
<TE ALIGN="RIGHT" VALIGN="MIDDLE" WIDTH="79" HEIGHT="46" ACODE="PC_DBT_01">21,485</TE>
<TE ALIGN="RIGHT" VALIGN="MIDDLE" WIDTH="78" HEIGHT="46" ACODE="PC_CPT_SUM_01">11,329</TE>
<TE ALIGN="RIGHT" VALIGN="MIDDLE" WIDTH="78" HEIGHT="46" ACODE="PC_CPT_01">6,142</TE>
<TE ALIGN="RIGHT" VALIGN="MIDDLE" WIDTH="78" HEIGHT="46" ACODE="PC_SALE_01">32,751</TE>
<TE ALIGN="RIGHT" VALIGN="MIDDLE" WIDTH="78" HEIGHT="46" ACODE="PC_NP_01">1,758</TE>
<TE VALIGN="MIDDLE" WIDTH="78" HEIGHT="46" ACODE="PC_AD_OPN_01" ALIGN="CENTER">　-</TE>
<TE VALIGN="MIDDLE" WIDTH="78" HEIGHT="46" ACODE="PC_EXAD_01" ALIGN="CENTER">태성회계법인</TE>
</TR>

<TR ACOPY="N" ADELETE="N" HEIGHT="53">
<TD ALIGN="CENTER" VALIGN="MIDDLE" WIDTH="79" HEIGHT="46" AUPDATECONT="N" ENG="Previous fiscal year">전년도</TD>
<TE ALIGN="RIGHT" VALIGN="MIDDLE" WIDTH="79" HEIGHT="46" ACODE="PC_ASST_02">26,984</TE>
<TE ALIGN="RIGHT" VALIGN="MIDDLE" WIDTH="79" HEIGHT="46" ACODE="PC_DBT_02">17,413</TE>
<TE ALIGN="RIGHT" VALIGN="MIDDLE" WIDTH="78" HEIGHT="46" ACODE="PC_CPT_SUM_02">9,571</TE>
<TE ALIGN="RIGHT" VALIGN="MIDDLE" WIDTH="78" HEIGHT="46" ACODE="PC_CPT_02">6,142</TE>
<TE ALIGN="RIGHT" VALIGN="MIDDLE" WIDTH="78" HEIGHT="46" ACODE="PC_SALE_02">41,595</TE>
<TE ALIGN="RIGHT" VALIGN="MIDDLE" WIDTH="78" HEIGHT="46" ACODE="PC_NP_02">889</TE>
<TE VALIGN="MIDDLE" WIDTH="78" HEIGHT="46" ACODE="PC_AD_OPN_02" ALIGN="CENTER">적정</TE>
<TE VALIGN="MIDDLE" WIDTH="78" HEIGHT="46" ACODE="PC_EXAD_02" ALIGN="CENTER">회계법인 새시대</TE>
</TR>

<TR ACOPY="N" ADELETE="N" HEIGHT="53">
<TD ALIGN="CENTER" VALIGN="MIDDLE" WIDTH="79" HEIGHT="46" AUPDATECONT="N" ENG="Two fiscal years prior">전전년도</TD>
<TE ALIGN="RIGHT" VALIGN="MIDDLE" WIDTH="79" HEIGHT="46" ACODE="PC_ASST_03">27,754</TE>
<TE ALIGN="RIGHT" VALIGN="MIDDLE" WIDTH="79" HEIGHT="46" ACODE="PC_DBT_03">19,037</TE>
<TE ALIGN="RIGHT" VALIGN="MIDDLE" WIDTH="78" HEIGHT="46" ACODE="PC_CPT_SUM_03">8,717</TE>
<TE ALIGN="RIGHT" VALIGN="MIDDLE" WIDTH="78" HEIGHT="46" ACODE="PC_CPT_03">6,142</TE>
<TE ALIGN="RIGHT" VALIGN="MIDDLE" WIDTH="78" HEIGHT="46" ACODE="PC_SALE_03">39,351</TE>
<TE ALIGN="RIGHT" VALIGN="MIDDLE" WIDTH="78" HEIGHT="46" ACODE="PC_NP_03">-1,566</TE>
<TE VALIGN="MIDDLE" WIDTH="78" HEIGHT="46" ACODE="PC_AD_OPN_03" ALIGN="CENTER">적정</TE>
<TE VALIGN="MIDDLE" WIDTH="78" HEIGHT="46" ACODE="PC_EXAD_03" ALIGN="CENTER">회계법인 새시대</TE>
</TR>
</TBODY>
</TABLE>
</TABLE-GROUP>
<P>- 당해연도(2025년 3분기말), 전년도(2024년) 및 전전년도(2023년) 재무제표 기준입니다.</P>
<P></P>
<P></P>

<LIBRARY>
<TABLE ACLASS="NORMAL" AFIXTABLE="Y" WIDTH="600" BORDER="0">

<COLGROUP WIDTH="600">
<COL WIDTH="600"></COL>
</COLGROUP>

<TBODY>

<TR ACOPY="N" ADELETE="N" HEIGHT="30">
<TD WIDTH="591" HEIGHT="23" AUPDATECONT="N" ENG="【Details of Counterparty】">【거래상대방에 관한 사항】</TD>
</TR>
</TBODY>
</TABLE>

<TABLE-GROUP ACLASS="TBL_OTH_PD" ADELETETABLE="N">

<TABLE ACLASS="NORMAL" AFIXTABLE="Y" WIDTH="600" BORDER="0">

<COLGROUP WIDTH="600">
<COL WIDTH="600"></COL>
</COLGROUP>

<TBODY>

<TR ACOPY="N" ADELETE="N" HEIGHT="30">
<TD WIDTH="591" HEIGHT="23" AUPDATECONT="N" ENG="1. Personal information">1. 인적사항</TD>
</TR>
</TBODY>
</TABLE>

<TABLE ACLASS="EXTRACTION" AFIXTABLE="N" WIDTH="599" BORDER="1">

<COLGROUP WIDTH="599">
<COL WIDTH="150"></COL>
<COL WIDTH="150"></COL>
<COL WIDTH="150"></COL>
<COL WIDTH="149"></COL>
</COLGROUP>

<TBODY>

<TR ACOPY="N" ADELETE="N" HEIGHT="30">
<TD COLSPAN="4" VALIGN="MIDDLE" WIDTH="590" HEIGHT="23" AUPDATECONT="N" ENG="- General information"> - 기본사항</TD>
</TR>

<TR ACOPY="N" ADELETE="N" HEIGHT="60">
<TD ALIGN="CENTER" VALIGN="MIDDLE" WIDTH="141" HEIGHT="53" AUPDATECONT="N" ENG="Name (Title)">성명(명칭)</TD>
<TD ALIGN="CENTER" VALIGN="MIDDLE" WIDTH="141" HEIGHT="53" AUPDATECONT="N" ENG="Nationality">국적</TD>
<TD ALIGN="CENTER" VALIGN="MIDDLE" WIDTH="290" HEIGHT="53" COLSPAN="2" AUPDATECONT="N" ENG="Address (Head office) [Building name/number can be omitted]">주소(본점소재지)[읍ㆍ면ㆍ동까지만 기재]</TD>
</TR>

<TR ACOPY="N" ADELETE="N" HEIGHT="53">
<TE VALIGN="MIDDLE" WIDTH="141" HEIGHT="46" ACODE="OTH_NM" ALIGN="CENTER">엠아이피혁신M&A투자조합</TE>
<TE VALIGN="MIDDLE" WIDTH="141" HEIGHT="46" ACODE="OTH_NT" ALIGN="CENTER">대한민국</TE>
<TE VALIGN="MIDDLE" WIDTH="290" HEIGHT="46" ACODE="OTH_ADRS" COLSPAN="2">서울특별시 강남구 역삼동</TE>
</TR>

<TR ACOPY="N" ADELETE="N" HEIGHT="53">
<TD VALIGN="MIDDLE" WIDTH="291" HEIGHT="46" AUPDATECONT="N" COLSPAN="2" ALIGN="CENTER" ENG="Occupation (Details of Business)">직업(사업내용)</TD>
<TE VALIGN="MIDDLE" WIDTH="290" HEIGHT="46" ACODE="OTH_JOB" COLSPAN="2">자금 모집을 통한 유망기업 투자 및 인수합병을 통한 수익 창출</TE>
</TR>

<TR ACOPY="N" ADELETE="N" HEIGHT="30">
<TD VALIGN="MIDDLE" WIDTH="590" HEIGHT="23" COLSPAN="4" AUPDATECONT="N" ENG="- Status of the Largest ShareholderㆍCEOㆍRepresentative Executive Officer and Finance (If the Counterparty is Corporation)"> - 최대주주ㆍ대표이사ㆍ대표집행임원 현황 및 재무상황 등(상대방이 법인인 경우) </TD>
</TR>

<TR ACOPY="N" ADELETE="N" HEIGHT="30">
<TD VALIGN="MIDDLE" WIDTH="141" HEIGHT="23" ALIGN="CENTER" AUPDATECONT="N" ENG="Category">구분</TD>
<TD VALIGN="MIDDLE" WIDTH="141" HEIGHT="23" ALIGN="CENTER" AUPDATECONT="N" ENG="Name">성명</TD>
<TD ALIGN="CENTER" VALIGN="MIDDLE" WIDTH="141" HEIGHT="23" AUPDATECONT="N" ENG="Number of shares">주식수</TD>
<TD ALIGN="CENTER" VALIGN="MIDDLE" WIDTH="140" HEIGHT="23" AUPDATECONT="N" ENG="Shareholding ratio (%)">지분율(%)</TD>
</TR>

<TR ACOPY="Y" ADELETE="N" HEIGHT="53">
<TU VALIGN="MIDDLE" WIDTH="141" HEIGHT="46" ALIGN="CENTER" AUNIT="OTH_PS_TP" AUNITVALUE="3" ENG="Representative executive officer">대표집행임원</TU>
<TE VALIGN="MIDDLE" WIDTH="141" HEIGHT="46" ACODE="OTH_PS_NM" ALIGN="CENTER">메이플투자파트너스(주)</TE>
<TE ALIGN="RIGHT" VALIGN="MIDDLE" WIDTH="141" HEIGHT="46" ACODE="OTH_PS_STK_CNT">500</TE>
<TE ALIGN="RIGHT" VALIGN="MIDDLE" WIDTH="140" HEIGHT="46" ACODE="OTH_PS_SHR_RT">2</TE>
</TR>

<TR ACOPY="Y" ADELETE="Y" HEIGHT="30">
<TU VALIGN="MIDDLE" WIDTH="141" HEIGHT="23" ALIGN="CENTER" AUNIT="OTH_PS_TP" AUNITVALUE="1" ENG="Largest shareholder">최대주주</TU>
<TE VALIGN="MIDDLE" WIDTH="141" HEIGHT="23" ACODE="OTH_PS_NM" ALIGN="CENTER">-</TE>
<TE ALIGN="RIGHT" VALIGN="MIDDLE" WIDTH="141" HEIGHT="23" ACODE="OTH_PS_STK_CNT">-</TE>
<TE ALIGN="RIGHT" VALIGN="MIDDLE" WIDTH="140" HEIGHT="23" ACODE="OTH_PS_SHR_RT">-</TE>
</TR>
</TBODY>
</TABLE>
</TABLE-GROUP>

<TABLE-GROUP ACLASS="TBL_OTH_FS" ADELETETABLE="N">

<TABLE ACLASS="EXTRACTION" AFIXTABLE="Y" WIDTH="600" BORDER="0">

<COLGROUP WIDTH="600">
<COL WIDTH="600"></COL>
</COLGROUP>

<TBODY>

<TR ACOPY="N" ADELETE="N" HEIGHT="30">
<TU ALIGN="RIGHT" WIDTH="591" HEIGHT="23" AUNIT="WON" AUNITVALUE="3" ENG="(Unit: KRW million)">(단위 : 백만원)</TU>
</TR>
</TBODY>
</TABLE>

<TABLE ACLASS="EXTRACTION" AFIXTABLE="N" WIDTH="599" BORDER="1">

<COLGROUP WIDTH="599">
<COL WIDTH="150"></COL>
<COL WIDTH="150"></COL>
<COL WIDTH="150"></COL>
<COL WIDTH="149"></COL>
</COLGROUP>

<TBODY>

<TR ACOPY="N" ADELETE="N" HEIGHT="30">
<TD VALIGN="MIDDLE" WIDTH="141" HEIGHT="23" ALIGN="CENTER" AUPDATECONT="N" ENG="Latest fiscal year">최근 사업연도</TD>
<TE VALIGN="MIDDLE" WIDTH="141" HEIGHT="23" ALIGN="CENTER" ACODE="OTH_FS_FY">2024</TE>
<TD ALIGN="CENTER" VALIGN="MIDDLE" WIDTH="141" HEIGHT="23" AUPDATECONT="N" ENG="Period">결산기</TD>
<TE ALIGN="CENTER" VALIGN="MIDDLE" WIDTH="140" HEIGHT="23" ACODE="OTH_FS_ST">12월</TE>
</TR>

<TR ACOPY="N" ADELETE="N" HEIGHT="30">
<TD VALIGN="MIDDLE" WIDTH="141" HEIGHT="23" ALIGN="CENTER" AUPDATECONT="N" ENG="Total assets">자산총계</TD>
<TE VALIGN="MIDDLE" WIDTH="141" HEIGHT="23" ALIGN="RIGHT" ACODE="OTH_ASST">21,910</TE>
<TD ALIGN="CENTER" VALIGN="MIDDLE" WIDTH="141" HEIGHT="23" AUPDATECONT="N" ENG="Issued capital">자본금</TD>
<TE ALIGN="RIGHT" VALIGN="MIDDLE" WIDTH="140" HEIGHT="23" ACODE="OTH_CPT">            25,000 </TE>
</TR>

<TR ACOPY="N" ADELETE="N" HEIGHT="30">
<TD VALIGN="MIDDLE" WIDTH="141" HEIGHT="23" ALIGN="CENTER" AUPDATECONT="N" ENG="Total liabilities">부채총계</TD>
<TE VALIGN="MIDDLE" WIDTH="141" HEIGHT="23" ALIGN="RIGHT" ACODE="OTH_DBT">288</TE>
<TD ALIGN="CENTER" VALIGN="MIDDLE" WIDTH="141" HEIGHT="23" AUPDATECONT="N" ENG="Sales">매출액</TD>
<TE ALIGN="RIGHT" VALIGN="MIDDLE" WIDTH="140" HEIGHT="23" ACODE="OTH_SALE">                  17 </TE>
</TR>

<TR ACOPY="N" ADELETE="N" HEIGHT="30">
<TD VALIGN="MIDDLE" WIDTH="141" HEIGHT="23" ALIGN="CENTER" AUPDATECONT="N" ENG="Total equity">자본총계</TD>
<TE VALIGN="MIDDLE" WIDTH="141" HEIGHT="23" ALIGN="RIGHT" ACODE="OTH_CPT_SUM">21,622</TE>
<TD ALIGN="CENTER" VALIGN="MIDDLE" WIDTH="141" HEIGHT="23" AUPDATECONT="N" ENG="Profit (loss)">당기순손익</TD>
<TE ALIGN="RIGHT" VALIGN="MIDDLE" WIDTH="140" HEIGHT="23" ACODE="OTH_NP">-1,147</TE>
</TR>

<TR ACOPY="N" ADELETE="N" HEIGHT="30">
<TD VALIGN="MIDDLE" WIDTH="141" HEIGHT="23" ALIGN="CENTER" AUPDATECONT="N" ENG="External auditor">외부감사인</TD>
<TE VALIGN="MIDDLE" WIDTH="141" HEIGHT="23" ALIGN="RIGHT" ACODE="OTH_EXAD">삼덕회계법인</TE>
<TD ALIGN="CENTER" VALIGN="MIDDLE" WIDTH="141" HEIGHT="23" AUPDATECONT="N" ENG="If classified as a suspension of business">휴업 여부</TD>
<TU ALIGN="CENTER" VALIGN="MIDDLE" WIDTH="140" HEIGHT="23" AUNIT="OTH_CT_YN" AUNITVALUE="N" ENG="No">아니오</TU>
</TR>

<TR ACOPY="N" ADELETE="N" HEIGHT="30">
<TD VALIGN="MIDDLE" WIDTH="141" HEIGHT="23" ALIGN="CENTER" AUPDATECONT="N" ENG="Audit opinion">감사의견</TD>
<TE VALIGN="MIDDLE" WIDTH="141" HEIGHT="23" ALIGN="RIGHT" ACODE="OTH_AD_OPN">적정</TE>
<TD ALIGN="CENTER" VALIGN="MIDDLE" WIDTH="141" HEIGHT="23" AUPDATECONT="N" ENG="Whether the business is closed">폐업 여부</TD>
<TU ALIGN="CENTER" VALIGN="MIDDLE" WIDTH="140" HEIGHT="23" AUNIT="OTH_SD_YN" AUNITVALUE="N" ENG="No">아니오</TU>
</TR>
</TBODY>
</TABLE>
</TABLE-GROUP>

<TABLE-GROUP ACLASS="TBL_OTH_RLT" ADELETETABLE="N">

<TABLE ACLASS="NORMAL" AFIXTABLE="Y" WIDTH="600" BORDER="0">

<COLGROUP WIDTH="600">
<COL WIDTH="600"></COL>
</COLGROUP>

<TBODY>

<TR ACOPY="N" ADELETE="N" HEIGHT="30">
<TD WIDTH="591" HEIGHT="23" AUPDATECONT="N" ENG="2. Relationship with the corporation or the largest shareholderㆍ officer of company">2. 당해법인 또는 그 최대주주ㆍ임원과의 관계</TD>
</TR>
</TBODY>
</TABLE>

<TABLE ACLASS="EXTRACTION" AFIXTABLE="N" WIDTH="599" BORDER="1">

<COLGROUP WIDTH="599">
<COL WIDTH="300"></COL>
<COL WIDTH="150"></COL>
<COL WIDTH="149"></COL>
</COLGROUP>

<TBODY>

<TR ACOPY="N" ADELETE="N" HEIGHT="30">
<TD VALIGN="MIDDLE" WIDTH="291" HEIGHT="23" AUPDATECONT="N" ENG="- Relationship between the corporation and the counterparty"> - 당해법인과 거래상대방과의 관계</TD>
<TE ALIGN="CENTER" VALIGN="MIDDLE" WIDTH="290" HEIGHT="23" COLSPAN="2" ACODE="OTH_RLT_CRP">조합원</TE>
</TR>

<TR ACOPY="N" ADELETE="N" HEIGHT="53">
<TD VALIGN="MIDDLE" WIDTH="291" HEIGHT="46" AUPDATECONT="N" ENG="- Relationship between the largest shareholder ㆍexecutive of the company and the counterparty"> - 당해법인의 최대주주ㆍ임원과    거래상대방과의 관계</TD>
<TD ALIGN="CENTER" VALIGN="MIDDLE" WIDTH="141" HEIGHT="46" AUPDATECONT="N" ENG="Name">성명</TD>
<TD ALIGN="CENTER" VALIGN="MIDDLE" WIDTH="140" HEIGHT="46" AUPDATECONT="N" ENG="Relationship to counterparty">상대방과의 관계</TD>
</TR>

<TR ACOPY="Y" ADELETE="N" HEIGHT="30">
<TU VALIGN="MIDDLE" WIDTH="291" HEIGHT="23" ALIGN="CENTER" AUNIT="OTH_RLT_PS_TP" AUNITVALUE="-" ENG="-">-</TU>
<TE ALIGN="CENTER" VALIGN="MIDDLE" WIDTH="141" HEIGHT="23" ACODE="OTH_RLT_PS_NM">-</TE>
<TE ALIGN="CENTER" VALIGN="MIDDLE" WIDTH="140" HEIGHT="23" ACODE="OTH_RLT_PS">-</TE>
</TR>

<TR ACOPY="Y" ADELETE="Y" HEIGHT="30">
<TU VALIGN="MIDDLE" WIDTH="291" HEIGHT="23" ALIGN="CENTER" AUNIT="OTH_RLT_PS_TP" AUNITVALUE="-" ENG="-">-</TU>
<TE ALIGN="CENTER" VALIGN="MIDDLE" WIDTH="141" HEIGHT="23" ACODE="OTH_RLT_PS_NM">-</TE>
<TE ALIGN="CENTER" VALIGN="MIDDLE" WIDTH="140" HEIGHT="23" ACODE="OTH_RLT_PS">-</TE>
</TR>
</TBODY>
</TABLE>
</TABLE-GROUP>

<TABLE-GROUP ACLASS="TBL_OTH_TI" ADELETETABLE="N">

<TABLE ACLASS="NORMAL" AFIXTABLE="Y" WIDTH="600" BORDER="0">

<COLGROUP WIDTH="600">
<COL WIDTH="600"></COL>
</COLGROUP>

<TBODY>

<TR ACOPY="N" ADELETE="N" HEIGHT="30">
<TD WIDTH="591" HEIGHT="23" AUPDATECONT="N" ENG="3. Transaction details for the last 3 years (Except for routine transaction)">3. 최근 3년간 거래내역(일상적 거래 제외)</TD>
</TR>
</TBODY>
</TABLE>

<TABLE ACLASS="EXTRACTION" AFIXTABLE="N" WIDTH="599" BORDER="1">

<COLGROUP WIDTH="599">
<COL WIDTH="150"></COL>
<COL WIDTH="449"></COL>
</COLGROUP>

<THEAD>

<TR ACOPY="N" ADELETE="N" HEIGHT="30">
<TH VALIGN="MIDDLE" WIDTH="141" HEIGHT="23" ACOPYCOL="N" ADELETECOL="N" AMOVECOL="N" AUPDATECONT="N" ENG="Category">구분</TH>
<TH VALIGN="MIDDLE" WIDTH="440" HEIGHT="23" ACOPYCOL="N" ADELETECOL="N" AMOVECOL="N" AUPDATECONT="N" ENG="Transaction details">거래 내역</TH>
</TR>
</THEAD>

<TBODY>

<TR ACOPY="N" ADELETE="N" HEIGHT="30">
<TD VALIGN="MIDDLE" WIDTH="141" HEIGHT="23" ALIGN="CENTER" AUPDATECONT="N" ENG="Current fiscal year">당해년도</TD>
<TE VALIGN="MIDDLE" WIDTH="440" HEIGHT="23" ACODE="OTH_TI_DTL_01">-</TE>
</TR>

<TR ACOPY="N" ADELETE="N" HEIGHT="30">
<TD ALIGN="CENTER" VALIGN="MIDDLE" WIDTH="141" HEIGHT="23" AUPDATECONT="N" ENG="Previous fiscal year">전년도</TD>
<TE VALIGN="MIDDLE" WIDTH="440" HEIGHT="23" ACODE="OTH_TI_DTL_02">출자납입액 6,500백만원</TE>
</TR>

<TR ACOPY="N" ADELETE="N" HEIGHT="30">
<TD ALIGN="CENTER" VALIGN="MIDDLE" WIDTH="141" HEIGHT="23" AUPDATECONT="N" ENG="Two fiscal years prior">전전년도</TD>
<TE VALIGN="MIDDLE" WIDTH="440" HEIGHT="23" ACODE="OTH_TI_DTL_03">출자납입액 6,500백만원</TE>
</TR>
</TBODY>
</TABLE>
</TABLE-GROUP>
</LIBRARY>

<P>- 전전년도(2024년) 출자납입액(6,500백만원)의 경우, 타법인 기출자지분 50% 할인매수금액 (650백만원)포함된 것으로 실출자금액은 5,850백만원임</P>
<P></P>

<P></P>
<P></P>
</SECTION-1>
</BODY>
</DOCUMENT>