<html>
 <head> 
  <meta content="gdi" http-equiv="X-UA-TextLayoutMetrics"> 
  <meta content="text/html; charset=euc-kr" http-equiv="Content-Type"> 
  <STYLE>
.xforms * { font-family: 돋움체;}
.xforms_title * { font-size: 13pt; padding : 0 0 10 0;}

.xforms table {
    font-size: 10px;
    padding:0px;
    border-collapse:collapse;
    color: #3D3D3D;
}
.xforms td {
    padding-left:0px;
    padding-top:0px;
    border-collapse:collapse;
    line-height:22px;
    color: #3D3D3D;
    /*text-align:right;*/
    vertical-align:middle;
    border: 1px solid #7f7f7f;
}

.xforms span {
    /*display: inline-block;*/
    padding-left:3px;
    padding-right: 1px;
    line-height:22px;
    padding-top:0px;
    padding-bottom:0px;
    text-align:left;
    vertical-align:middle;
    border: 0px solid #DBDBDB;
}

.xforms.img{
    border : 0px;
}

.xforms a:link {

    color: #194866;
    text-decoration: none;
}
.xforms a:active {

    color: #194866;
    text-decoration: none;
}
.xforms a:visited {
    color: #194866;
    text-decoration: none;
}

.xforms A:hover {
    color:008BE3;
    text-decoration: none;
}

.xforms_input{
    border: 0px solid #DBDBDB;
    padding-left:3px;
    padding-right: 1px;
    height:22px;
    padding-top:0px;
    padding-bottom:0px;
    text-align:left;
}
</STYLE> 
  <title>삼성중공업/최대주주등소유주식변동신고서/(2026.01.05)최대주주등소유주식변동신고서</title> 
 </head> 
 <body> 
  <div class="xforms"> 
   <div> 
    <span class="noprint" style="display:none;width:907px;font-size:10pt;"> </span> 
    <div class="xforms_title"> 
     <div> 
      <span style="width:900px;font-weight:bold;text-align:center;">최대주주등소유주식변동신고서</span> 
     </div> 
    </div> 
    <span style="width:907px;font-size:11pt;font-weight:bold;">1. 발행회사 정보</span> 
    <table border="1" bordercolordark="white" bordercolorlight="#666666" cellpadding="1" cellspacing="0" id="XFormD1_Form0_Table0" style="margin:0px 0px 20px 0px;width:900px;font-size:10pt;border:1px solid #7f7f7f;"> 
     <tbody> 
      <tr> 
       <td rowspan="2" width="57"> <span style="width:57px;font-size:10pt;text-align:center;">회사명</span> </td> 
       <td rowspan="2" width="139"> <span class="xforms_input" style="width:139px;font-size:10pt;">삼성중공업</span> </td> 
       <td rowspan="2" width="64"> <span style="width:64px;font-size:10pt;text-align:center;">회사코드</span> </td> 
       <td rowspan="2" width="90"> <span class="xforms_input" style="width:90px;font-size:10pt;">010140</span> </td> 
       <td rowspan="2" width="79"> <span style="width:79px;font-size:10pt;text-align:center;">담당부서명</span> </td> 
       <td rowspan="2" width="121"> <span class="xforms_input" style="width:121px;font-size:10pt;">재무팀(IR그룹)</span> </td> 
       <td rowspan="2" width="65"> <span style="width:65px;font-size:10pt;text-align:center;">담당자명</span> </td> 
       <td rowspan="2" width="105"> <span class="xforms_input" style="width:105px;font-size:10pt;">김혜림</span> </td> 
       <td width="49"> <span style="width:49px;font-size:10pt;text-align:center;">tel</span> </td> 
       <td width="131"> <span class="xforms_input" style="width:131px;font-size:10pt;">031-5171-7900</span> </td> 
      </tr> 
      <tr> 
       <td width="49"> <span style="width:49px;font-size:10pt;text-align:center;">(fax)</span> </td> 
       <td width="131"> <span class="xforms_input" style="width:131px;font-size:10pt;">031-5171-7124</span> </td> 
      </tr> 
     </tbody> 
    </table> 
    <span style="width:907px;font-size:11pt;font-weight:bold;">2. 발행주식수 정보</span> 
    <table border="1" bordercolordark="white" bordercolorlight="#666666" cellpadding="1" cellspacing="0" id="XFormD1_Form0_Table1" style="margin:0px 0px 20px 0px;width:900px;font-size:10pt;border:1px solid #7f7f7f;"> 
     <tbody> 
      <tr> 
       <td width="300"> <span style="width:300px;font-size:10pt;text-align:center;">보통주식총수(1)</span> </td> 
       <td width="300"> <span style="width:300px;font-size:10pt;text-align:center;">종류주식총수(2)</span> </td> 
       <td width="300"> <span style="width:300px;font-size:10pt;text-align:center;">발행주식총수(1+2)</span> </td> 
      </tr> 
      <tr> 
       <td width="300"> <span class="xforms_input" style="width:300px;font-size:10pt;text-align:right;">880,000,000</span> </td> 
       <td width="300"> <span class="xforms_input" style="width:300px;font-size:10pt;text-align:right;">114,845</span> </td> 
       <td width="300"> <span class="xforms_input" style="width:300px;font-size:10pt;text-align:right;">880,114,845</span> </td> 
      </tr> 
     </tbody> 
    </table> 
    <span style="width:907px;font-size:11pt;font-weight:bold;">3. 보고의 개요</span> 
    <table border="1" bordercolordark="white" bordercolorlight="#666666" cellpadding="1" cellspacing="0" id="XFormD1_Form0_Table2" style="margin:0px 0px 20px 0px;width:900px;font-size:10pt;border:1px solid #7f7f7f;"> 
     <tbody> 
      <tr> 
       <td colspan="2" rowspan="2" width="360"> <span style="width:360px;font-size:10pt;text-align:center;">보고일자</span> </td> 
       <td colspan="3" width="540"> <span style="width:540px;font-size:10pt;text-align:center;">소유주식</span> </td> 
      </tr> 
      <tr> 
       <td width="180"> <span style="width:180px;font-size:10pt;text-align:center;">구분</span> </td> 
       <td width="180"> <span style="width:180px;font-size:10pt;text-align:center;">주식수</span> </td> 
       <td width="180"> <span style="width:180px;font-size:10pt;text-align:center;">비율</span> </td> 
      </tr> 
      <tr> 
       <td rowspan="4" width="180"> <span style="width:180px;font-size:10pt;text-align:center;">직전보고서제출일</span> </td> 
       <td rowspan="4" width="180"> <span class="xforms_input" style="width:180px;font-size:10pt;text-align:center;">2025-12-01</span> </td> 
       <td width="180"> <span style="width:180px;font-size:10pt;text-align:center;">보통주식</span> </td> 
       <td width="180"> <span class="xforms_input" style="width:180px;font-size:10pt;text-align:right;">183,632,910</span> </td> 
       <td width="180"> <span class="xforms_input" style="width:180px;font-size:10pt;text-align:right;">20.87</span> </td> 
      </tr> 
      <tr> 
       <td width="180"> <span style="width:180px;font-size:10pt;text-align:center;">종류주식</span> </td> 
       <td width="180"> <span class="xforms_input" style="width:180px;font-size:10pt;text-align:right;">0</span> </td> 
       <td width="180"> <span class="xforms_input" style="width:180px;font-size:10pt;text-align:right;">0.00</span> </td> 
      </tr> 
      <tr> 
       <td width="180"> <span style="width:180px;font-size:10pt;text-align:center;">증권예탁증권</span> </td> 
       <td width="180"> <span class="xforms_input" style="width:180px;font-size:10pt;text-align:right;">0</span> </td> 
       <td width="180"> <span class="xforms_input" style="width:180px;font-size:10pt;text-align:right;">0.00</span> </td> 
      </tr> 
      <tr> 
       <td width="180"> <span style="width:180px;font-size:10pt;text-align:center;">합계</span> </td> 
       <td width="180"> <span class="xforms_input" style="width:180px;font-size:10pt;text-align:right;">183,632,910</span> </td> 
       <td width="180"> <span class="xforms_input" style="width:180px;font-size:10pt;text-align:right;">20.86</span> </td> 
      </tr> 
      <tr> 
       <td rowspan="4" width="180"> <span style="width:180px;font-size:10pt;text-align:center;">이번보고서제출일</span> </td> 
       <td rowspan="4" width="180"> <span class="xforms_input" style="width:180px;font-size:10pt;text-align:center;">2026-01-05</span> </td> 
       <td width="180"> <span style="width:180px;font-size:10pt;text-align:center;">보통주식</span> </td> 
       <td width="180"> <span class="xforms_input" style="width:180px;font-size:10pt;text-align:right;">183,572,217</span> </td> 
       <td width="180"> <span class="xforms_input" style="width:180px;font-size:10pt;text-align:right;">20.86</span> </td> 
      </tr> 
      <tr> 
       <td width="180"> <span style="width:180px;font-size:10pt;text-align:center;">종류주식</span> </td> 
       <td width="180"> <span class="xforms_input" style="width:180px;font-size:10pt;text-align:right;">0</span> </td> 
       <td width="180"> <span class="xforms_input" style="width:180px;font-size:10pt;text-align:right;">0</span> </td> 
      </tr> 
      <tr> 
       <td width="180"> <span style="width:180px;font-size:10pt;text-align:center;">증권예탁증권</span> </td> 
       <td width="180"> <span class="xforms_input" style="width:180px;font-size:10pt;text-align:right;">0</span> </td> 
       <td width="180"> <span class="xforms_input" style="width:180px;font-size:10pt;text-align:right;">0</span> </td> 
      </tr> 
      <tr> 
       <td width="180"> <span style="width:180px;font-size:10pt;text-align:center;">합계</span> </td> 
       <td width="180"> <span class="xforms_input" style="width:180px;font-size:10pt;text-align:right;">183,572,217</span> </td> 
       <td width="180"> <span class="xforms_input" style="width:180px;font-size:10pt;text-align:right;">20.86</span> </td> 
      </tr> 
      <tr> 
       <td colspan="2" rowspan="4" width="360"> <span style="width:360px;font-size:10pt;text-align:center;">증감</span> </td> 
       <td width="180"> <span style="width:180px;font-size:10pt;text-align:center;">보통주식</span> </td> 
       <td width="180"> <span class="xforms_input" style="width:180px;font-size:10pt;text-align:right;">-60,693</span> </td> 
       <td width="180"> <span class="xforms_input" style="width:180px;font-size:10pt;text-align:right;">-0.01</span> </td> 
      </tr> 
      <tr> 
       <td width="180"> <span style="width:180px;font-size:10pt;text-align:center;">종류주식</span> </td> 
       <td width="180"> <span class="xforms_input" style="width:180px;font-size:10pt;text-align:right;">0</span> </td> 
       <td width="180"> <span class="xforms_input" style="width:180px;font-size:10pt;text-align:right;">0</span> </td> 
      </tr> 
      <tr> 
       <td width="180"> <span style="width:180px;font-size:10pt;text-align:center;">증권예탁증권</span> </td> 
       <td width="180"> <span class="xforms_input" style="width:180px;font-size:10pt;text-align:right;">0</span> </td> 
       <td width="180"> <span class="xforms_input" style="width:180px;font-size:10pt;text-align:right;">0</span> </td> 
      </tr> 
      <tr> 
       <td width="180"> <span style="width:180px;font-size:10pt;text-align:center;">합계</span> </td> 
       <td width="180"> <span class="xforms_input" style="width:180px;font-size:10pt;text-align:right;">-60,693</span> </td> 
       <td width="180"> <span class="xforms_input" style="width:180px;font-size:10pt;text-align:right;">0.00</span> </td> 
      </tr> 
     </tbody> 
    </table> 
    <span class="noprint" style="display:none;width:907px;font-size:10pt;"> </span> 
    <span class="noprint" style="display:none;width:907px;font-size:10pt;font-weight:bold;"> </span> 
    <span style="width:907px;font-size:11pt;font-weight:bold;">4. 개인별 세부변동사항</span> 
    <table border="1" bordercolordark="white" bordercolorlight="#666666" cellpadding="1" cellspacing="0" id="XFormD1_Form0_RepeatTable0" style="margin:0px 0px 20px 0px;width:903px;font-size:10pt;border:1px solid #7f7f7f;"> 
     <tbody> 
      <tr> 
       <td colspan="2" width="222"> <span style="width:222px;font-size:10pt;text-align:center;">성명</span> </td> 
       <td width="165"> <span class="xforms_input" style="width:165px;font-size:10pt;">삼성생명(특별계정)</span> </td> 
       <td width="129"> <span class="xforms_input" style="width:129px;font-size:10pt;">사업자등록번호</span> </td> 
       <td width="147"> <span class="xforms_input" style="width:147px;font-size:10pt;">104-81-26688</span> </td> 
       <td width="134"> <span style="width:134px;font-size:10pt;text-align:center;">성별</span> </td> 
       <td width="106"> <span class="xforms_input" style="width:106px;font-size:10pt;">해당없음</span> </td> 
      </tr> 
      <tr> 
       <td colspan="2" width="222"> <span style="width:222px;font-size:10pt;text-align:center;">국내외 구분</span> </td> 
       <td width="165"> <span class="xforms_input" style="width:165px;font-size:10pt;">국내(법인)</span> </td> 
       <td colspan="2" width="276"> <span style="width:276px;font-size:10pt;text-align:center;">국적</span> </td> 
       <td colspan="2" width="240"> <span class="xforms_input" style="width:240px;font-size:10pt;">대한민국</span> </td> 
      </tr> 
      <tr> 
       <td colspan="2" width="222"> <span style="width:222px;font-size:10pt;text-align:center;">최대주주 및 발행회사와의 관계</span> </td> 
       <td width="165"> <span class="xforms_input" style="width:165px;font-size:10pt;">계열사</span> </td> 
       <td width="129"> <span style="width:129px;font-size:10pt;text-align:center;">겸직내용1</span> </td> 
       <td width="147"> <span class="xforms_input" style="width:147px;font-size:10pt;">-</span> </td> 
       <td width="134"> <span style="width:134px;font-size:10pt;text-align:center;">겸직내용2</span> </td> 
       <td width="106"> <span class="xforms_input" style="width:106px;font-size:10pt;">-</span> </td> 
      </tr> 
      <tr> 
       <td width="94"> <span style="width:94px;font-size:10pt;text-align:center;">변경일</span> </td> 
       <td width="128"> <span style="width:128px;font-size:10pt;text-align:center;">변경원인</span> </td> 
       <td width="165"> <span style="width:165px;font-size:10pt;text-align:center;">주식의 종류</span> </td> 
       <td width="129"> <span style="width:129px;font-size:10pt;text-align:center;">변경전주식수</span> </td> 
       <td width="147"> <span style="width:147px;font-size:10pt;text-align:center;">증감주식수</span> </td> 
       <td width="134"> <span style="width:134px;font-size:10pt;text-align:center;">변경후주식수</span> </td> 
       <td width="106"> <span style="width:106px;font-size:10pt;text-align:center;">비고</span> </td> 
      </tr> 
      <tr> 
       <td width="94"> <span class="xforms_input" style="width:94px;font-size:10pt;">2025-12-01</span> </td> 
       <td width="128"> <span class="xforms_input" style="width:128px;font-size:10pt;">장내매도(-)</span> </td> 
       <td width="165"> <span class="xforms_input" style="width:165px;font-size:10pt;">보통주식</span> </td> 
       <td width="129"> <span class="xforms_input" style="width:129px;font-size:10pt;text-align:right;">536,288</span> </td> 
       <td width="147"> <span class="xforms_input" style="width:147px;font-size:10pt;text-align:right;">-6,085</span> </td> 
       <td width="134"> <span class="xforms_input" style="width:134px;font-size:10pt;text-align:right;">530,203</span> </td> 
       <td width="106"> <span class="xforms_input" style="width:106px;font-size:10pt;">-</span> </td> 
      </tr> 
      <tr> 
       <td width="94"> <span class="xforms_input" style="width:94px;font-size:10pt;">2025-12-01</span> </td> 
       <td width="128"> <span class="xforms_input" style="width:128px;font-size:10pt;">장내매수(+)</span> </td> 
       <td width="165"> <span class="xforms_input" style="width:165px;font-size:10pt;">보통주식</span> </td> 
       <td width="129"> <span class="xforms_input" style="width:129px;font-size:10pt;text-align:right;">530,203</span> </td> 
       <td width="147"> <span class="xforms_input" style="width:147px;font-size:10pt;text-align:right;">1,449</span> </td> 
       <td width="134"> <span class="xforms_input" style="width:134px;font-size:10pt;text-align:right;">531,652</span> </td> 
       <td width="106"> <span class="xforms_input" style="width:106px;font-size:10pt;">-</span> </td> 
      </tr> 
      <tr> 
       <td width="94"> <span class="xforms_input" style="width:94px;font-size:10pt;">2025-12-02</span> </td> 
       <td width="128"> <span class="xforms_input" style="width:128px;font-size:10pt;">장내매도(-)</span> </td> 
       <td width="165"> <span class="xforms_input" style="width:165px;font-size:10pt;">보통주식</span> </td> 
       <td width="129"> <span class="xforms_input" style="width:129px;font-size:10pt;text-align:right;">531,652</span> </td> 
       <td width="147"> <span class="xforms_input" style="width:147px;font-size:10pt;text-align:right;">-189</span> </td> 
       <td width="134"> <span class="xforms_input" style="width:134px;font-size:10pt;text-align:right;">531,463</span> </td> 
       <td width="106"> <span class="xforms_input" style="width:106px;font-size:10pt;">-</span> </td> 
      </tr> 
      <tr> 
       <td width="94"> <span class="xforms_input" style="width:94px;font-size:10pt;">2025-12-03</span> </td> 
       <td width="128"> <span class="xforms_input" style="width:128px;font-size:10pt;">장내매도(-)</span> </td> 
       <td width="165"> <span class="xforms_input" style="width:165px;font-size:10pt;">보통주식</span> </td> 
       <td width="129"> <span class="xforms_input" style="width:129px;font-size:10pt;text-align:right;">531,463</span> </td> 
       <td width="147"> <span class="xforms_input" style="width:147px;font-size:10pt;text-align:right;">-224</span> </td> 
       <td width="134"> <span class="xforms_input" style="width:134px;font-size:10pt;text-align:right;">531,239</span> </td> 
       <td width="106"> <span class="xforms_input" style="width:106px;font-size:10pt;">-</span> </td> 
      </tr> 
      <tr> 
       <td width="94"> <span class="xforms_input" style="width:94px;font-size:10pt;">2025-12-04</span> </td> 
       <td width="128"> <span class="xforms_input" style="width:128px;font-size:10pt;">장내매도(-)</span> </td> 
       <td width="165"> <span class="xforms_input" style="width:165px;font-size:10pt;">보통주식</span> </td> 
       <td width="129"> <span class="xforms_input" style="width:129px;font-size:10pt;text-align:right;">531,239</span> </td> 
       <td width="147"> <span class="xforms_input" style="width:147px;font-size:10pt;text-align:right;">-1,647</span> </td> 
       <td width="134"> <span class="xforms_input" style="width:134px;font-size:10pt;text-align:right;">529,592</span> </td> 
       <td width="106"> <span class="xforms_input" style="width:106px;font-size:10pt;">-</span> </td> 
      </tr> 
      <tr> 
       <td width="94"> <span class="xforms_input" style="width:94px;font-size:10pt;">2025-12-08</span> </td> 
       <td width="128"> <span class="xforms_input" style="width:128px;font-size:10pt;">장내매도(-)</span> </td> 
       <td width="165"> <span class="xforms_input" style="width:165px;font-size:10pt;">보통주식</span> </td> 
       <td width="129"> <span class="xforms_input" style="width:129px;font-size:10pt;text-align:right;">529,592</span> </td> 
       <td width="147"> <span class="xforms_input" style="width:147px;font-size:10pt;text-align:right;">-15,870</span> </td> 
       <td width="134"> <span class="xforms_input" style="width:134px;font-size:10pt;text-align:right;">513,722</span> </td> 
       <td width="106"> <span class="xforms_input" style="width:106px;font-size:10pt;">-</span> </td> 
      </tr> 
      <tr> 
       <td width="94"> <span class="xforms_input" style="width:94px;font-size:10pt;">2025-12-08</span> </td> 
       <td width="128"> <span class="xforms_input" style="width:128px;font-size:10pt;">장내매수(+)</span> </td> 
       <td width="165"> <span class="xforms_input" style="width:165px;font-size:10pt;">보통주식</span> </td> 
       <td width="129"> <span class="xforms_input" style="width:129px;font-size:10pt;text-align:right;">513,722</span> </td> 
       <td width="147"> <span class="xforms_input" style="width:147px;font-size:10pt;text-align:right;">20,801</span> </td> 
       <td width="134"> <span class="xforms_input" style="width:134px;font-size:10pt;text-align:right;">534,523</span> </td> 
       <td width="106"> <span class="xforms_input" style="width:106px;font-size:10pt;">-</span> </td> 
      </tr> 
      <tr> 
       <td width="94"> <span class="xforms_input" style="width:94px;font-size:10pt;">2025-12-09</span> </td> 
       <td width="128"> <span class="xforms_input" style="width:128px;font-size:10pt;">장내매도(-)</span> </td> 
       <td width="165"> <span class="xforms_input" style="width:165px;font-size:10pt;">보통주식</span> </td> 
       <td width="129"> <span class="xforms_input" style="width:129px;font-size:10pt;text-align:right;">534,523</span> </td> 
       <td width="147"> <span class="xforms_input" style="width:147px;font-size:10pt;text-align:right;">-33</span> </td> 
       <td width="134"> <span class="xforms_input" style="width:134px;font-size:10pt;text-align:right;">534,490</span> </td> 
       <td width="106"> <span class="xforms_input" style="width:106px;font-size:10pt;">-</span> </td> 
      </tr> 
      <tr> 
       <td width="94"> <span class="xforms_input" style="width:94px;font-size:10pt;">2025-12-10</span> </td> 
       <td width="128"> <span class="xforms_input" style="width:128px;font-size:10pt;">장내매도(-)</span> </td> 
       <td width="165"> <span class="xforms_input" style="width:165px;font-size:10pt;">보통주식</span> </td> 
       <td width="129"> <span class="xforms_input" style="width:129px;font-size:10pt;text-align:right;">534,490</span> </td> 
       <td width="147"> <span class="xforms_input" style="width:147px;font-size:10pt;text-align:right;">-110</span> </td> 
       <td width="134"> <span class="xforms_input" style="width:134px;font-size:10pt;text-align:right;">534,380</span> </td> 
       <td width="106"> <span class="xforms_input" style="width:106px;font-size:10pt;">-</span> </td> 
      </tr> 
      <tr> 
       <td width="94"> <span class="xforms_input" style="width:94px;font-size:10pt;">2025-12-10</span> </td> 
       <td width="128"> <span class="xforms_input" style="width:128px;font-size:10pt;">장내매수(+)</span> </td> 
       <td width="165"> <span class="xforms_input" style="width:165px;font-size:10pt;">보통주식</span> </td> 
       <td width="129"> <span class="xforms_input" style="width:129px;font-size:10pt;text-align:right;">534,380</span> </td> 
       <td width="147"> <span class="xforms_input" style="width:147px;font-size:10pt;text-align:right;">52</span> </td> 
       <td width="134"> <span class="xforms_input" style="width:134px;font-size:10pt;text-align:right;">534,432</span> </td> 
       <td width="106"> <span class="xforms_input" style="width:106px;font-size:10pt;">-</span> </td> 
      </tr> 
      <tr> 
       <td width="94"> <span class="xforms_input" style="width:94px;font-size:10pt;">2025-12-11</span> </td> 
       <td width="128"> <span class="xforms_input" style="width:128px;font-size:10pt;">장내매도(-)</span> </td> 
       <td width="165"> <span class="xforms_input" style="width:165px;font-size:10pt;">보통주식</span> </td> 
       <td width="129"> <span class="xforms_input" style="width:129px;font-size:10pt;text-align:right;">534,432</span> </td> 
       <td width="147"> <span class="xforms_input" style="width:147px;font-size:10pt;text-align:right;">-135</span> </td> 
       <td width="134"> <span class="xforms_input" style="width:134px;font-size:10pt;text-align:right;">534,297</span> </td> 
       <td width="106"> <span class="xforms_input" style="width:106px;font-size:10pt;">-</span> </td> 
      </tr> 
      <tr> 
       <td width="94"> <span class="xforms_input" style="width:94px;font-size:10pt;">2025-12-11</span> </td> 
       <td width="128"> <span class="xforms_input" style="width:128px;font-size:10pt;">장내매수(+)</span> </td> 
       <td width="165"> <span class="xforms_input" style="width:165px;font-size:10pt;">보통주식</span> </td> 
       <td width="129"> <span class="xforms_input" style="width:129px;font-size:10pt;text-align:right;">534,297</span> </td> 
       <td width="147"> <span class="xforms_input" style="width:147px;font-size:10pt;text-align:right;">11,093</span> </td> 
       <td width="134"> <span class="xforms_input" style="width:134px;font-size:10pt;text-align:right;">545,390</span> </td> 
       <td width="106"> <span class="xforms_input" style="width:106px;font-size:10pt;">-</span> </td> 
      </tr> 
      <tr> 
       <td width="94"> <span class="xforms_input" style="width:94px;font-size:10pt;">2025-12-12</span> </td> 
       <td width="128"> <span class="xforms_input" style="width:128px;font-size:10pt;">장내매도(-)</span> </td> 
       <td width="165"> <span class="xforms_input" style="width:165px;font-size:10pt;">보통주식</span> </td> 
       <td width="129"> <span class="xforms_input" style="width:129px;font-size:10pt;text-align:right;">545,390</span> </td> 
       <td width="147"> <span class="xforms_input" style="width:147px;font-size:10pt;text-align:right;">-8,445</span> </td> 
       <td width="134"> <span class="xforms_input" style="width:134px;font-size:10pt;text-align:right;">536,945</span> </td> 
       <td width="106"> <span class="xforms_input" style="width:106px;font-size:10pt;">-</span> </td> 
      </tr> 
      <tr> 
       <td width="94"> <span class="xforms_input" style="width:94px;font-size:10pt;">2025-12-12</span> </td> 
       <td width="128"> <span class="xforms_input" style="width:128px;font-size:10pt;">장내매수(+)</span> </td> 
       <td width="165"> <span class="xforms_input" style="width:165px;font-size:10pt;">보통주식</span> </td> 
       <td width="129"> <span class="xforms_input" style="width:129px;font-size:10pt;text-align:right;">536,945</span> </td> 
       <td width="147"> <span class="xforms_input" style="width:147px;font-size:10pt;text-align:right;">90</span> </td> 
       <td width="134"> <span class="xforms_input" style="width:134px;font-size:10pt;text-align:right;">537,035</span> </td> 
       <td width="106"> <span class="xforms_input" style="width:106px;font-size:10pt;">-</span> </td> 
      </tr> 
      <tr> 
       <td width="94"> <span class="xforms_input" style="width:94px;font-size:10pt;">2025-12-15</span> </td> 
       <td width="128"> <span class="xforms_input" style="width:128px;font-size:10pt;">장내매도(-)</span> </td> 
       <td width="165"> <span class="xforms_input" style="width:165px;font-size:10pt;">보통주식</span> </td> 
       <td width="129"> <span class="xforms_input" style="width:129px;font-size:10pt;text-align:right;">537,035</span> </td> 
       <td width="147"> <span class="xforms_input" style="width:147px;font-size:10pt;text-align:right;">-1,227</span> </td> 
       <td width="134"> <span class="xforms_input" style="width:134px;font-size:10pt;text-align:right;">535,808</span> </td> 
       <td width="106"> <span class="xforms_input" style="width:106px;font-size:10pt;">-</span> </td> 
      </tr> 
      <tr> 
       <td width="94"> <span class="xforms_input" style="width:94px;font-size:10pt;">2025-12-16</span> </td> 
       <td width="128"> <span class="xforms_input" style="width:128px;font-size:10pt;">장내매도(-)</span> </td> 
       <td width="165"> <span class="xforms_input" style="width:165px;font-size:10pt;">보통주식</span> </td> 
       <td width="129"> <span class="xforms_input" style="width:129px;font-size:10pt;text-align:right;">535,808</span> </td> 
       <td width="147"> <span class="xforms_input" style="width:147px;font-size:10pt;text-align:right;">-20,944</span> </td> 
       <td width="134"> <span class="xforms_input" style="width:134px;font-size:10pt;text-align:right;">514,864</span> </td> 
       <td width="106"> <span class="xforms_input" style="width:106px;font-size:10pt;">-</span> </td> 
      </tr> 
      <tr> 
       <td width="94"> <span class="xforms_input" style="width:94px;font-size:10pt;">2025-12-16</span> </td> 
       <td width="128"> <span class="xforms_input" style="width:128px;font-size:10pt;">장내매수(+)</span> </td> 
       <td width="165"> <span class="xforms_input" style="width:165px;font-size:10pt;">보통주식</span> </td> 
       <td width="129"> <span class="xforms_input" style="width:129px;font-size:10pt;text-align:right;">514,864</span> </td> 
       <td width="147"> <span class="xforms_input" style="width:147px;font-size:10pt;text-align:right;">358</span> </td> 
       <td width="134"> <span class="xforms_input" style="width:134px;font-size:10pt;text-align:right;">515,222</span> </td> 
       <td width="106"> <span class="xforms_input" style="width:106px;font-size:10pt;">-</span> </td> 
      </tr> 
      <tr> 
       <td width="94"> <span class="xforms_input" style="width:94px;font-size:10pt;">2025-12-17</span> </td> 
       <td width="128"> <span class="xforms_input" style="width:128px;font-size:10pt;">장내매수(+)</span> </td> 
       <td width="165"> <span class="xforms_input" style="width:165px;font-size:10pt;">보통주식</span> </td> 
       <td width="129"> <span class="xforms_input" style="width:129px;font-size:10pt;text-align:right;">515,222</span> </td> 
       <td width="147"> <span class="xforms_input" style="width:147px;font-size:10pt;text-align:right;">59</span> </td> 
       <td width="134"> <span class="xforms_input" style="width:134px;font-size:10pt;text-align:right;">515,281</span> </td> 
       <td width="106"> <span class="xforms_input" style="width:106px;font-size:10pt;">-</span> </td> 
      </tr> 
      <tr> 
       <td width="94"> <span class="xforms_input" style="width:94px;font-size:10pt;">2025-12-18</span> </td> 
       <td width="128"> <span class="xforms_input" style="width:128px;font-size:10pt;">장내매도(-)</span> </td> 
       <td width="165"> <span class="xforms_input" style="width:165px;font-size:10pt;">보통주식</span> </td> 
       <td width="129"> <span class="xforms_input" style="width:129px;font-size:10pt;text-align:right;">515,281</span> </td> 
       <td width="147"> <span class="xforms_input" style="width:147px;font-size:10pt;text-align:right;">-374</span> </td> 
       <td width="134"> <span class="xforms_input" style="width:134px;font-size:10pt;text-align:right;">514,907</span> </td> 
       <td width="106"> <span class="xforms_input" style="width:106px;font-size:10pt;">-</span> </td> 
      </tr> 
      <tr> 
       <td width="94"> <span class="xforms_input" style="width:94px;font-size:10pt;">2025-12-19</span> </td> 
       <td width="128"> <span class="xforms_input" style="width:128px;font-size:10pt;">장내매도(-)</span> </td> 
       <td width="165"> <span class="xforms_input" style="width:165px;font-size:10pt;">보통주식</span> </td> 
       <td width="129"> <span class="xforms_input" style="width:129px;font-size:10pt;text-align:right;">514,907</span> </td> 
       <td width="147"> <span class="xforms_input" style="width:147px;font-size:10pt;text-align:right;">-7,324</span> </td> 
       <td width="134"> <span class="xforms_input" style="width:134px;font-size:10pt;text-align:right;">507,583</span> </td> 
       <td width="106"> <span class="xforms_input" style="width:106px;font-size:10pt;">-</span> </td> 
      </tr> 
      <tr> 
       <td width="94"> <span class="xforms_input" style="width:94px;font-size:10pt;">2025-12-19</span> </td> 
       <td width="128"> <span class="xforms_input" style="width:128px;font-size:10pt;">장내매수(+)</span> </td> 
       <td width="165"> <span class="xforms_input" style="width:165px;font-size:10pt;">보통주식</span> </td> 
       <td width="129"> <span class="xforms_input" style="width:129px;font-size:10pt;text-align:right;">507,583</span> </td> 
       <td width="147"> <span class="xforms_input" style="width:147px;font-size:10pt;text-align:right;">3,413</span> </td> 
       <td width="134"> <span class="xforms_input" style="width:134px;font-size:10pt;text-align:right;">510,996</span> </td> 
       <td width="106"> <span class="xforms_input" style="width:106px;font-size:10pt;">-</span> </td> 
      </tr> 
      <tr> 
       <td width="94"> <span class="xforms_input" style="width:94px;font-size:10pt;">2025-12-22</span> </td> 
       <td width="128"> <span class="xforms_input" style="width:128px;font-size:10pt;">장내매수(+)</span> </td> 
       <td width="165"> <span class="xforms_input" style="width:165px;font-size:10pt;">보통주식</span> </td> 
       <td width="129"> <span class="xforms_input" style="width:129px;font-size:10pt;text-align:right;">510,996</span> </td> 
       <td width="147"> <span class="xforms_input" style="width:147px;font-size:10pt;text-align:right;">2,042</span> </td> 
       <td width="134"> <span class="xforms_input" style="width:134px;font-size:10pt;text-align:right;">513,038</span> </td> 
       <td width="106"> <span class="xforms_input" style="width:106px;font-size:10pt;">-</span> </td> 
      </tr> 
      <tr> 
       <td width="94"> <span class="xforms_input" style="width:94px;font-size:10pt;">2025-12-23</span> </td> 
       <td width="128"> <span class="xforms_input" style="width:128px;font-size:10pt;">장내매도(-)</span> </td> 
       <td width="165"> <span class="xforms_input" style="width:165px;font-size:10pt;">보통주식</span> </td> 
       <td width="129"> <span class="xforms_input" style="width:129px;font-size:10pt;text-align:right;">513,038</span> </td> 
       <td width="147"> <span class="xforms_input" style="width:147px;font-size:10pt;text-align:right;">-3,398</span> </td> 
       <td width="134"> <span class="xforms_input" style="width:134px;font-size:10pt;text-align:right;">509,640</span> </td> 
       <td width="106"> <span class="xforms_input" style="width:106px;font-size:10pt;">-</span> </td> 
      </tr> 
      <tr> 
       <td width="94"> <span class="xforms_input" style="width:94px;font-size:10pt;">2025-12-23</span> </td> 
       <td width="128"> <span class="xforms_input" style="width:128px;font-size:10pt;">장내매수(+)</span> </td> 
       <td width="165"> <span class="xforms_input" style="width:165px;font-size:10pt;">보통주식</span> </td> 
       <td width="129"> <span class="xforms_input" style="width:129px;font-size:10pt;text-align:right;">509,640</span> </td> 
       <td width="147"> <span class="xforms_input" style="width:147px;font-size:10pt;text-align:right;">28,172</span> </td> 
       <td width="134"> <span class="xforms_input" style="width:134px;font-size:10pt;text-align:right;">537,812</span> </td> 
       <td width="106"> <span class="xforms_input" style="width:106px;font-size:10pt;">-</span> </td> 
      </tr> 
      <tr> 
       <td width="94"> <span class="xforms_input" style="width:94px;font-size:10pt;">2025-12-24</span> </td> 
       <td width="128"> <span class="xforms_input" style="width:128px;font-size:10pt;">장내매도(-)</span> </td> 
       <td width="165"> <span class="xforms_input" style="width:165px;font-size:10pt;">보통주식</span> </td> 
       <td width="129"> <span class="xforms_input" style="width:129px;font-size:10pt;text-align:right;">537,812</span> </td> 
       <td width="147"> <span class="xforms_input" style="width:147px;font-size:10pt;text-align:right;">-8,441</span> </td> 
       <td width="134"> <span class="xforms_input" style="width:134px;font-size:10pt;text-align:right;">529,371</span> </td> 
       <td width="106"> <span class="xforms_input" style="width:106px;font-size:10pt;">-</span> </td> 
      </tr> 
      <tr> 
       <td width="94"> <span class="xforms_input" style="width:94px;font-size:10pt;">2025-12-24</span> </td> 
       <td width="128"> <span class="xforms_input" style="width:128px;font-size:10pt;">장내매수(+)</span> </td> 
       <td width="165"> <span class="xforms_input" style="width:165px;font-size:10pt;">보통주식</span> </td> 
       <td width="129"> <span class="xforms_input" style="width:129px;font-size:10pt;text-align:right;">529,371</span> </td> 
       <td width="147"> <span class="xforms_input" style="width:147px;font-size:10pt;text-align:right;">2,465</span> </td> 
       <td width="134"> <span class="xforms_input" style="width:134px;font-size:10pt;text-align:right;">531,836</span> </td> 
       <td width="106"> <span class="xforms_input" style="width:106px;font-size:10pt;">-</span> </td> 
      </tr> 
      <tr> 
       <td width="94"> <span class="xforms_input" style="width:94px;font-size:10pt;">2025-12-26</span> </td> 
       <td width="128"> <span class="xforms_input" style="width:128px;font-size:10pt;">장내매도(-)</span> </td> 
       <td width="165"> <span class="xforms_input" style="width:165px;font-size:10pt;">보통주식</span> </td> 
       <td width="129"> <span class="xforms_input" style="width:129px;font-size:10pt;text-align:right;">531,836</span> </td> 
       <td width="147"> <span class="xforms_input" style="width:147px;font-size:10pt;text-align:right;">-21,230</span> </td> 
       <td width="134"> <span class="xforms_input" style="width:134px;font-size:10pt;text-align:right;">510,606</span> </td> 
       <td width="106"> <span class="xforms_input" style="width:106px;font-size:10pt;">-</span> </td> 
      </tr> 
      <tr> 
       <td width="94"> <span class="xforms_input" style="width:94px;font-size:10pt;">2025-12-26</span> </td> 
       <td width="128"> <span class="xforms_input" style="width:128px;font-size:10pt;">장내매수(+)</span> </td> 
       <td width="165"> <span class="xforms_input" style="width:165px;font-size:10pt;">보통주식</span> </td> 
       <td width="129"> <span class="xforms_input" style="width:129px;font-size:10pt;text-align:right;">510,606</span> </td> 
       <td width="147"> <span class="xforms_input" style="width:147px;font-size:10pt;text-align:right;">2,404</span> </td> 
       <td width="134"> <span class="xforms_input" style="width:134px;font-size:10pt;text-align:right;">513,010</span> </td> 
       <td width="106"> <span class="xforms_input" style="width:106px;font-size:10pt;">-</span> </td> 
      </tr> 
      <tr> 
       <td width="94"> <span class="xforms_input" style="width:94px;font-size:10pt;">2025-12-29</span> </td> 
       <td width="128"> <span class="xforms_input" style="width:128px;font-size:10pt;">장내매도(-)</span> </td> 
       <td width="165"> <span class="xforms_input" style="width:165px;font-size:10pt;">보통주식</span> </td> 
       <td width="129"> <span class="xforms_input" style="width:129px;font-size:10pt;text-align:right;">513,010</span> </td> 
       <td width="147"> <span class="xforms_input" style="width:147px;font-size:10pt;text-align:right;">-34,542</span> </td> 
       <td width="134"> <span class="xforms_input" style="width:134px;font-size:10pt;text-align:right;">478,468</span> </td> 
       <td width="106"> <span class="xforms_input" style="width:106px;font-size:10pt;">-</span> </td> 
      </tr> 
      <tr> 
       <td width="94"> <span class="xforms_input" style="width:94px;font-size:10pt;">2025-12-30</span> </td> 
       <td width="128"> <span class="xforms_input" style="width:128px;font-size:10pt;">장내매도(-)</span> </td> 
       <td width="165"> <span class="xforms_input" style="width:165px;font-size:10pt;">보통주식</span> </td> 
       <td width="129"> <span class="xforms_input" style="width:129px;font-size:10pt;text-align:right;">478,468</span> </td> 
       <td width="147"> <span class="xforms_input" style="width:147px;font-size:10pt;text-align:right;">-9,687</span> </td> 
       <td width="134"> <span class="xforms_input" style="width:134px;font-size:10pt;text-align:right;">468,781</span> </td> 
       <td width="106"> <span class="xforms_input" style="width:106px;font-size:10pt;">-</span> </td> 
      </tr> 
      <tr> 
       <td width="94"> <span class="xforms_input" style="width:94px;font-size:10pt;">2025-12-30</span> </td> 
       <td width="128"> <span class="xforms_input" style="width:128px;font-size:10pt;">장내매수(+)</span> </td> 
       <td width="165"> <span class="xforms_input" style="width:165px;font-size:10pt;">보통주식</span> </td> 
       <td width="129"> <span class="xforms_input" style="width:129px;font-size:10pt;text-align:right;">468,781</span> </td> 
       <td width="147"> <span class="xforms_input" style="width:147px;font-size:10pt;text-align:right;">3,440</span> </td> 
       <td width="134"> <span class="xforms_input" style="width:134px;font-size:10pt;text-align:right;">472,221</span> </td> 
       <td width="106"> <span class="xforms_input" style="width:106px;font-size:10pt;">-</span> </td> 
      </tr> 
      <tr> 
       <td width="94"> <span class="xforms_input" style="width:94px;font-size:10pt;">2026-01-02</span> </td> 
       <td width="128"> <span class="xforms_input" style="width:128px;font-size:10pt;">장내매도(-)</span> </td> 
       <td width="165"> <span class="xforms_input" style="width:165px;font-size:10pt;">보통주식</span> </td> 
       <td width="129"> <span class="xforms_input" style="width:129px;font-size:10pt;text-align:right;">472,221</span> </td> 
       <td width="147"> <span class="xforms_input" style="width:147px;font-size:10pt;text-align:right;">-634</span> </td> 
       <td width="134"> <span class="xforms_input" style="width:134px;font-size:10pt;text-align:right;">471,587</span> </td> 
       <td width="106"> <span class="xforms_input" style="width:106px;font-size:10pt;">-</span> </td> 
      </tr> 
      <tr> 
       <td width="94"> <span class="xforms_input" style="width:94px;font-size:10pt;">2026-01-02</span> </td> 
       <td width="128"> <span class="xforms_input" style="width:128px;font-size:10pt;">장내매수(+)</span> </td> 
       <td width="165"> <span class="xforms_input" style="width:165px;font-size:10pt;">보통주식</span> </td> 
       <td width="129"> <span class="xforms_input" style="width:129px;font-size:10pt;text-align:right;">471,587</span> </td> 
       <td width="147"> <span class="xforms_input" style="width:147px;font-size:10pt;text-align:right;">4,008</span> </td> 
       <td width="134"> <span class="xforms_input" style="width:134px;font-size:10pt;text-align:right;">475,595</span> </td> 
       <td width="106"> <span class="xforms_input" style="width:106px;font-size:10pt;">-</span> </td> 
      </tr> 
     </tbody> 
    </table> 
    <span class="noprint" style="display:none;width:907px;font-size:10pt;"> </span> 
    <span style="width:907px;font-size:11pt;font-weight:bold;">5. 최대주주등 주식소유현황(총괄현황)</span> 
    <table border="1" bordercolordark="white" bordercolorlight="#666666" cellpadding="1" cellspacing="0" id="XFormD1_Form0_RepeatTable1" style="margin:0px 0px 20px 0px;width:901px;font-size:10pt;border:1px solid #7f7f7f;"> 
     <tbody> 
      <tr> 
       <td rowspan="2" width="53"> <span style="width:53px;font-size:10pt;text-align:center;">성명</span> </td> 
       <td colspan="2" rowspan="2" width="102"> <span style="width:102px;font-size:10pt;text-align:center;">생년월일 또는 사업자등록번호</span> </td> 
       <td rowspan="2" width="35"> <span style="width:35px;font-size:10pt;text-align:center;">성별</span> </td> 
       <td rowspan="2" width="54"> <span style="width:54px;font-size:10pt;text-align:center;">국내외 구분</span> </td> 
       <td rowspan="2" width="36"> <span style="width:36px;font-size:10pt;text-align:center;">국적</span> </td> 
       <td rowspan="2" width="62"> <span style="width:62px;font-size:10pt;text-align:center;">최대주주 및 발행회사와의 관계</span> </td> 
       <td rowspan="2" width="41"> <span style="width:41px;font-size:10pt;text-align:center;">겸직내용1</span> </td> 
       <td rowspan="2" width="41"> <span style="width:41px;font-size:10pt;text-align:center;">겸직내용2</span> </td> 
       <td colspan="2" width="122"> <span style="width:122px;font-size:10pt;text-align:center;">보통주식</span> </td> 
       <td colspan="2" width="119"> <span style="width:119px;font-size:10pt;text-align:center;">종류주식</span> </td> 
       <td colspan="2" width="116"> <span style="width:116px;font-size:10pt;text-align:center;">증권예탁증권</span> </td> 
       <td colspan="2" width="120"> <span style="width:120px;font-size:10pt;text-align:center;">합계</span> </td> 
      </tr> 
      <tr> 
       <td width="78"> <span style="width:78px;font-size:10pt;text-align:center;">주식수</span> </td> 
       <td width="44"> <span style="width:44px;font-size:10pt;text-align:center;">비율</span> </td> 
       <td width="77"> <span style="width:77px;font-size:10pt;text-align:center;">주식수</span> </td> 
       <td width="42"> <span style="width:42px;font-size:10pt;text-align:center;">비율</span> </td> 
       <td width="72"> <span style="width:72px;font-size:10pt;text-align:center;">주식수</span> </td> 
       <td width="44"> <span style="width:44px;font-size:10pt;text-align:center;">비율</span> </td> 
       <td width="78"> <span style="width:78px;font-size:10pt;text-align:center;">주식수</span> </td> 
       <td width="42"> <span style="width:42px;font-size:10pt;text-align:center;">비율</span> </td> 
      </tr> 
      <tr> 
       <td width="53"> <span class="xforms_input" style="width:53px;font-size:10pt;">삼성전자</span> </td> 
       <td width="53"> <span class="xforms_input" style="width:53px;font-size:9pt;">사업자등록번호</span> </td> 
       <td width="49"> <span class="xforms_input" style="width:49px;font-size:10pt;">124-81-00998</span> </td> 
       <td width="35"> <span class="xforms_input" style="width:35px;font-size:10pt;">해당없음</span> </td> 
       <td width="54"> <span class="xforms_input" style="width:54px;font-size:10pt;">국내(법인)</span> </td> 
       <td width="36"> <span class="xforms_input" style="width:36px;font-size:10pt;">대한민국</span> </td> 
       <td width="62"> <span class="xforms_input" style="width:62px;font-size:10pt;">본인</span> </td> 
       <td width="41"> <span class="xforms_input" style="width:41px;font-size:10pt;">-</span> </td> 
       <td width="41"> <span class="xforms_input" style="width:41px;font-size:10pt;">-</span> </td> 
       <td width="78"> <span class="xforms_input" style="width:78px;font-size:10pt;text-align:right;">134,027,281</span> </td> 
       <td width="44"> <span class="xforms_input" style="width:44px;font-size:10pt;text-align:right;">15.23</span> </td> 
       <td width="77"> <span class="xforms_input" style="width:77px;font-size:10pt;text-align:right;">0</span> </td> 
       <td width="42"> <span class="xforms_input" style="width:42px;font-size:10pt;text-align:right;">0</span> </td> 
       <td width="72"> <span class="xforms_input" style="width:72px;font-size:10pt;text-align:right;">0</span> </td> 
       <td width="44"> <span class="xforms_input" style="width:44px;font-size:10pt;text-align:right;">0</span> </td> 
       <td width="78"> <span class="xforms_input" style="width:78px;font-size:10pt;text-align:right;">134,027,281</span> </td> 
       <td width="42"> <span class="xforms_input" style="width:42px;font-size:10pt;text-align:right;">15.23</span> </td> 
      </tr> 
      <tr> 
       <td width="53"> <span class="xforms_input" style="width:53px;font-size:10pt;">삼성생명</span> </td> 
       <td width="53"> <span class="xforms_input" style="width:53px;font-size:9pt;">사업자등록번호</span> </td> 
       <td width="49"> <span class="xforms_input" style="width:49px;font-size:10pt;">104-81-26688</span> </td> 
       <td width="35"> <span class="xforms_input" style="width:35px;font-size:10pt;">해당없음</span> </td> 
       <td width="54"> <span class="xforms_input" style="width:54px;font-size:10pt;">국내(법인)</span> </td> 
       <td width="36"> <span class="xforms_input" style="width:36px;font-size:10pt;">대한민국</span> </td> 
       <td width="62"> <span class="xforms_input" style="width:62px;font-size:10pt;">계열사</span> </td> 
       <td width="41"> <span class="xforms_input" style="width:41px;font-size:10pt;">-</span> </td> 
       <td width="41"> <span class="xforms_input" style="width:41px;font-size:10pt;">-</span> </td> 
       <td width="78"> <span class="xforms_input" style="width:78px;font-size:10pt;text-align:right;">25,701,199</span> </td> 
       <td width="44"> <span class="xforms_input" style="width:44px;font-size:10pt;text-align:right;">2.92</span> </td> 
       <td width="77"> <span class="xforms_input" style="width:77px;font-size:10pt;text-align:right;">0</span> </td> 
       <td width="42"> <span class="xforms_input" style="width:42px;font-size:10pt;text-align:right;">0</span> </td> 
       <td width="72"> <span class="xforms_input" style="width:72px;font-size:10pt;text-align:right;">0</span> </td> 
       <td width="44"> <span class="xforms_input" style="width:44px;font-size:10pt;text-align:right;">0</span> </td> 
       <td width="78"> <span class="xforms_input" style="width:78px;font-size:10pt;text-align:right;">25,701,199</span> </td> 
       <td width="42"> <span class="xforms_input" style="width:42px;font-size:10pt;text-align:right;">2.92</span> </td> 
      </tr> 
      <tr> 
       <td width="53"> <span class="xforms_input" style="width:53px;font-size:10pt;">삼성생명(특별계정)</span> </td> 
       <td width="53"> <span class="xforms_input" style="width:53px;font-size:9pt;">사업자등록번호</span> </td> 
       <td width="49"> <span class="xforms_input" style="width:49px;font-size:10pt;">104-81-26688</span> </td> 
       <td width="35"> <span class="xforms_input" style="width:35px;font-size:10pt;">해당없음</span> </td> 
       <td width="54"> <span class="xforms_input" style="width:54px;font-size:10pt;">국내(법인)</span> </td> 
       <td width="36"> <span class="xforms_input" style="width:36px;font-size:10pt;">대한민국</span> </td> 
       <td width="62"> <span class="xforms_input" style="width:62px;font-size:10pt;">계열사</span> </td> 
       <td width="41"> <span class="xforms_input" style="width:41px;font-size:10pt;">-</span> </td> 
       <td width="41"> <span class="xforms_input" style="width:41px;font-size:10pt;">-</span> </td> 
       <td width="78"> <span class="xforms_input" style="width:78px;font-size:10pt;text-align:right;">475,595</span> </td> 
       <td width="44"> <span class="xforms_input" style="width:44px;font-size:10pt;text-align:right;">0.05</span> </td> 
       <td width="77"> <span class="xforms_input" style="width:77px;font-size:10pt;text-align:right;">0</span> </td> 
       <td width="42"> <span class="xforms_input" style="width:42px;font-size:10pt;text-align:right;">0</span> </td> 
       <td width="72"> <span class="xforms_input" style="width:72px;font-size:10pt;text-align:right;">0</span> </td> 
       <td width="44"> <span class="xforms_input" style="width:44px;font-size:10pt;text-align:right;">0</span> </td> 
       <td width="78"> <span class="xforms_input" style="width:78px;font-size:10pt;text-align:right;">475,595</span> </td> 
       <td width="42"> <span class="xforms_input" style="width:42px;font-size:10pt;text-align:right;">0.05</span> </td> 
      </tr> 
      <tr> 
       <td width="53"> <span class="xforms_input" style="width:53px;font-size:10pt;">삼성전기</span> </td> 
       <td width="53"> <span class="xforms_input" style="width:53px;font-size:9pt;">사업자등록번호</span> </td> 
       <td width="49"> <span class="xforms_input" style="width:49px;font-size:10pt;">124-81-00979</span> </td> 
       <td width="35"> <span class="xforms_input" style="width:35px;font-size:10pt;">해당없음</span> </td> 
       <td width="54"> <span class="xforms_input" style="width:54px;font-size:10pt;">국내(법인)</span> </td> 
       <td width="36"> <span class="xforms_input" style="width:36px;font-size:10pt;">대한민국</span> </td> 
       <td width="62"> <span class="xforms_input" style="width:62px;font-size:10pt;">계열사</span> </td> 
       <td width="41"> <span class="xforms_input" style="width:41px;font-size:10pt;">-</span> </td> 
       <td width="41"> <span class="xforms_input" style="width:41px;font-size:10pt;">-</span> </td> 
       <td width="78"> <span class="xforms_input" style="width:78px;font-size:10pt;text-align:right;">18,150,855</span> </td> 
       <td width="44"> <span class="xforms_input" style="width:44px;font-size:10pt;text-align:right;">2.06</span> </td> 
       <td width="77"> <span class="xforms_input" style="width:77px;font-size:10pt;text-align:right;">0</span> </td> 
       <td width="42"> <span class="xforms_input" style="width:42px;font-size:10pt;text-align:right;">0</span> </td> 
       <td width="72"> <span class="xforms_input" style="width:72px;font-size:10pt;text-align:right;">0</span> </td> 
       <td width="44"> <span class="xforms_input" style="width:44px;font-size:10pt;text-align:right;">0</span> </td> 
       <td width="78"> <span class="xforms_input" style="width:78px;font-size:10pt;text-align:right;">18,150,855</span> </td> 
       <td width="42"> <span class="xforms_input" style="width:42px;font-size:10pt;text-align:right;">2.06</span> </td> 
      </tr> 
      <tr> 
       <td width="53"> <span class="xforms_input" style="width:53px;font-size:10pt;">삼성SDI</span> </td> 
       <td width="53"> <span class="xforms_input" style="width:53px;font-size:9pt;">사업자등록번호</span> </td> 
       <td width="49"> <span class="xforms_input" style="width:49px;font-size:10pt;">124-81-31282</span> </td> 
       <td width="35"> <span class="xforms_input" style="width:35px;font-size:10pt;">해당없음</span> </td> 
       <td width="54"> <span class="xforms_input" style="width:54px;font-size:10pt;">국내(법인)</span> </td> 
       <td width="36"> <span class="xforms_input" style="width:36px;font-size:10pt;">대한민국</span> </td> 
       <td width="62"> <span class="xforms_input" style="width:62px;font-size:10pt;">계열사</span> </td> 
       <td width="41"> <span class="xforms_input" style="width:41px;font-size:10pt;">-</span> </td> 
       <td width="41"> <span class="xforms_input" style="width:41px;font-size:10pt;">-</span> </td> 
       <td width="78"> <span class="xforms_input" style="width:78px;font-size:10pt;text-align:right;">3,173,594</span> </td> 
       <td width="44"> <span class="xforms_input" style="width:44px;font-size:10pt;text-align:right;">0.36</span> </td> 
       <td width="77"> <span class="xforms_input" style="width:77px;font-size:10pt;text-align:right;">0</span> </td> 
       <td width="42"> <span class="xforms_input" style="width:42px;font-size:10pt;text-align:right;">0</span> </td> 
       <td width="72"> <span class="xforms_input" style="width:72px;font-size:10pt;text-align:right;">0</span> </td> 
       <td width="44"> <span class="xforms_input" style="width:44px;font-size:10pt;text-align:right;">0</span> </td> 
       <td width="78"> <span class="xforms_input" style="width:78px;font-size:10pt;text-align:right;">3,173,594</span> </td> 
       <td width="42"> <span class="xforms_input" style="width:42px;font-size:10pt;text-align:right;">0.36</span> </td> 
      </tr> 
      <tr> 
       <td width="53"> <span class="xforms_input" style="width:53px;font-size:10pt;">제일기획</span> </td> 
       <td width="53"> <span class="xforms_input" style="width:53px;font-size:9pt;">사업자등록번호</span> </td> 
       <td width="49"> <span class="xforms_input" style="width:49px;font-size:10pt;">202-81-45960</span> </td> 
       <td width="35"> <span class="xforms_input" style="width:35px;font-size:10pt;">해당없음</span> </td> 
       <td width="54"> <span class="xforms_input" style="width:54px;font-size:10pt;">국내(법인)</span> </td> 
       <td width="36"> <span class="xforms_input" style="width:36px;font-size:10pt;">대한민국</span> </td> 
       <td width="62"> <span class="xforms_input" style="width:62px;font-size:10pt;">계열사</span> </td> 
       <td width="41"> <span class="xforms_input" style="width:41px;font-size:10pt;">-</span> </td> 
       <td width="41"> <span class="xforms_input" style="width:41px;font-size:10pt;">-</span> </td> 
       <td width="78"> <span class="xforms_input" style="width:78px;font-size:10pt;text-align:right;">994,314</span> </td> 
       <td width="44"> <span class="xforms_input" style="width:44px;font-size:10pt;text-align:right;">0.11</span> </td> 
       <td width="77"> <span class="xforms_input" style="width:77px;font-size:10pt;text-align:right;">0</span> </td> 
       <td width="42"> <span class="xforms_input" style="width:42px;font-size:10pt;text-align:right;">0</span> </td> 
       <td width="72"> <span class="xforms_input" style="width:72px;font-size:10pt;text-align:right;">0</span> </td> 
       <td width="44"> <span class="xforms_input" style="width:44px;font-size:10pt;text-align:right;">0</span> </td> 
       <td width="78"> <span class="xforms_input" style="width:78px;font-size:10pt;text-align:right;">994,314</span> </td> 
       <td width="42"> <span class="xforms_input" style="width:42px;font-size:10pt;text-align:right;">0.11</span> </td> 
      </tr> 
      <tr> 
       <td width="53"> <span class="xforms_input" style="width:53px;font-size:10pt;">삼성물산</span> </td> 
       <td width="53"> <span class="xforms_input" style="width:53px;font-size:9pt;">사업자등록번호</span> </td> 
       <td width="49"> <span class="xforms_input" style="width:49px;font-size:10pt;">202-81-45975</span> </td> 
       <td width="35"> <span class="xforms_input" style="width:35px;font-size:10pt;">해당없음</span> </td> 
       <td width="54"> <span class="xforms_input" style="width:54px;font-size:10pt;">국내(법인)</span> </td> 
       <td width="36"> <span class="xforms_input" style="width:36px;font-size:10pt;">대한민국</span> </td> 
       <td width="62"> <span class="xforms_input" style="width:62px;font-size:10pt;">계열사</span> </td> 
       <td width="41"> <span class="xforms_input" style="width:41px;font-size:10pt;">-</span> </td> 
       <td width="41"> <span class="xforms_input" style="width:41px;font-size:10pt;">-</span> </td> 
       <td width="78"> <span class="xforms_input" style="width:78px;font-size:10pt;text-align:right;">989,379</span> </td> 
       <td width="44"> <span class="xforms_input" style="width:44px;font-size:10pt;text-align:right;">0.11</span> </td> 
       <td width="77"> <span class="xforms_input" style="width:77px;font-size:10pt;text-align:right;">0</span> </td> 
       <td width="42"> <span class="xforms_input" style="width:42px;font-size:10pt;text-align:right;">0</span> </td> 
       <td width="72"> <span class="xforms_input" style="width:72px;font-size:10pt;text-align:right;">0</span> </td> 
       <td width="44"> <span class="xforms_input" style="width:44px;font-size:10pt;text-align:right;">0</span> </td> 
       <td width="78"> <span class="xforms_input" style="width:78px;font-size:10pt;text-align:right;">989,379</span> </td> 
       <td width="42"> <span class="xforms_input" style="width:42px;font-size:10pt;text-align:right;">0.11</span> </td> 
      </tr> 
      <tr> 
       <td width="53"> <span class="xforms_input" style="width:53px;font-size:10pt;">최성안</span> </td> 
       <td width="53"> <span class="xforms_input" style="width:53px;font-size:9pt;">생년월일</span> </td> 
       <td width="49"> <span class="xforms_input" style="width:49px;font-size:10pt;">601201</span> </td> 
       <td width="35"> <span class="xforms_input" style="width:35px;font-size:10pt;">남</span> </td> 
       <td width="54"> <span class="xforms_input" style="width:54px;font-size:10pt;">국내(개인)</span> </td> 
       <td width="36"> <span class="xforms_input" style="width:36px;font-size:10pt;">대한민국</span> </td> 
       <td width="62"> <span class="xforms_input" style="width:62px;font-size:10pt;">발행회사 임원</span> </td> 
       <td width="41"> <span class="xforms_input" style="width:41px;font-size:10pt;">-</span> </td> 
       <td width="41"> <span class="xforms_input" style="width:41px;font-size:10pt;">-</span> </td> 
       <td width="78"> <span class="xforms_input" style="width:78px;font-size:10pt;text-align:right;">60,000</span> </td> 
       <td width="44"> <span class="xforms_input" style="width:44px;font-size:10pt;text-align:right;">0.01</span> </td> 
       <td width="77"> <span class="xforms_input" style="width:77px;font-size:10pt;text-align:right;">0</span> </td> 
       <td width="42"> <span class="xforms_input" style="width:42px;font-size:10pt;text-align:right;">0</span> </td> 
       <td width="72"> <span class="xforms_input" style="width:72px;font-size:10pt;text-align:right;">0</span> </td> 
       <td width="44"> <span class="xforms_input" style="width:44px;font-size:10pt;text-align:right;">0</span> </td> 
       <td width="78"> <span class="xforms_input" style="width:78px;font-size:10pt;text-align:right;">60,000</span> </td> 
       <td width="42"> <span class="xforms_input" style="width:42px;font-size:10pt;text-align:right;">0.01</span> </td> 
      </tr> 
      <tr> 
       <td colspan="9" width="424"> <span style="width:424px;font-size:10pt;text-align:center;">합계</span> </td> 
       <td width="78"> <span class="xforms_input" style="width:78px;font-size:10pt;text-align:right;">183,572,217</span> </td> 
       <td width="44"> <span class="xforms_input" style="width:44px;font-size:10pt;text-align:right;">20.86</span> </td> 
       <td width="77"> <span class="xforms_input" style="width:77px;font-size:10pt;text-align:right;">0</span> </td> 
       <td width="42"> <span class="xforms_input" style="width:42px;font-size:10pt;text-align:right;">0</span> </td> 
       <td width="72"> <span class="xforms_input" style="width:72px;font-size:10pt;text-align:right;">0</span> </td> 
       <td width="44"> <span class="xforms_input" style="width:44px;font-size:10pt;text-align:right;">0</span> </td> 
       <td width="78"> <span class="xforms_input" style="width:78px;font-size:10pt;text-align:right;">183,572,217</span> </td> 
       <td width="42"> <span class="xforms_input" style="width:42px;font-size:10pt;text-align:right;">20.86</span> </td> 
      </tr> 
     </tbody> 
    </table> 
    <span class="noprint" style="display:none;width:907px;font-size:10pt;"> </span> 
    <span class="noprint" style="display:none;width:907px;font-size:10pt;"> </span> 
   </div> 
  </div>  
 </body>
</html>