<?xml version="1.0" encoding="utf-8"?>


<DOCUMENT xmlns:xsi="http://www.w3.org/2001/XMLSchema-instance" xsi:noNamespaceSchemaLocation="dart4.xsd">

<DOCUMENT-NAME ACODE="80502">최대주주 등의 주식보유 변동</DOCUMENT-NAME>
<FORMULA-VERSION ADATE="20221227">6.0</FORMULA-VERSION>
<COMPANY-NAME AREGCIK="00980061">보령엘엔지터미널(주)</COMPANY-NAME>


<BODY ATOCID="1">

<SECTION-1 ACLASS="MANDATORY" APARTSOURCE="SOURCE">
<TITLE ATOC="Y" AASSOCNOTE="D-0-1-0-0" ENG="Changes in Stock Holdings of the Largest Shareholder, etc." ATOCID="1">최대주주 등의 주식보유 변동</TITLE>
<P></P>

<TABLE-GROUP ACLASS="CRP_INFO" ADELETETABLE="N">

<TABLE ACLASS="EXTRACTION" AFIXTABLE="Y" WIDTH="740" BORDER="1">

<COLGROUP WIDTH="740">
<COL WIDTH="93"></COL>
<COL WIDTH="78"></COL>
<COL WIDTH="63"></COL>
<COL WIDTH="165"></COL>
<COL WIDTH="78"></COL>
<COL WIDTH="92"></COL>
<COL WIDTH="78"></COL>
<COL WIDTH="93"></COL>
</COLGROUP>

<TBODY>

<TR ACOPY="N" ADELETE="N" HEIGHT="30">
<TD WIDTH="84" VALIGN="MIDDLE" ALIGN="CENTER" HEIGHT="23" AUPDATECONT="N" ENG="Name of business group">기업집단명</TD>
<TE WIDTH="69" VALIGN="MIDDLE" HEIGHT="23" ACODE="KB_NM" ALIGN="CENTER">에스케이</TE>
<TD WIDTH="54" VALIGN="MIDDLE" ALIGN="CENTER" HEIGHT="23" AUPDATECONT="N" ENG="Company name">회사명</TD>
<TE WIDTH="156" VALIGN="MIDDLE" HEIGHT="23" ACODE="CRP_NM" ALIGN="CENTER">보령엘엔지터미널(주)</TE>
<TD WIDTH="69" VALIGN="MIDDLE" ALIGN="CENTER" HEIGHT="23" AUPDATECONT="N" ENG="Date of disclosure">공시일자</TD>
<TU WIDTH="83" VALIGN="MIDDLE" ALIGN="CENTER" HEIGHT="23" AUNIT="DIS_DT" AUNITVALUE="20260105">2026.01.05</TU>
<TD WIDTH="69" VALIGN="MIDDLE" ALIGN="CENTER" HEIGHT="23" AUPDATECONT="N" ENG="Related laws">관련법규</TD>
<TD WIDTH="84" VALIGN="MIDDLE" ALIGN="CENTER" HEIGHT="23" AUPDATECONT="N" ENG="Fair Trade Act">공정거래법</TD>
</TR>
</TBODY>
</TABLE>
</TABLE-GROUP>

<TABLE ACLASS="NORMAL" WIDTH="1137" BORDER="0">

<COLGROUP WIDTH="1137">
<COL WIDTH="1137"></COL>
</COLGROUP>

<TBODY>

<TR ACOPY="Y" ADELETE="Y" HEIGHT="30">
<TD ALIGN="RIGHT" VALIGN="MIDDLE" WIDTH="1128" HEIGHT="23">(단위: 주, %, 천원)</TD>
</TR>
</TBODY>
</TABLE>

<TABLE BORDER="1" WIDTH="1136" ACLASS="NORMAL">

<COLGROUP WIDTH="1136">
<COL WIDTH="93"></COL>
<COL WIDTH="135"></COL>
<COL WIDTH="120"></COL>
<COL WIDTH="92"></COL>
<COL WIDTH="75"></COL>
<COL WIDTH="92"></COL>
<COL WIDTH="63"></COL>
<COL WIDTH="92"></COL>
<COL WIDTH="63"></COL>
<COL WIDTH="92"></COL>
<COL WIDTH="63"></COL>
<COL WIDTH="108"></COL>
<COL WIDTH="48"></COL>
</COLGROUP>

<THEAD>

<TR ACOPY="Y" ADELETE="Y" HEIGHT="30">
<TH ROWSPAN="3" WIDTH="84" VALIGN="MIDDLE" ACOPYCOL="Y" ADELETECOL="Y" AMOVECOL="N" HEIGHT="129">구분</TH>
<TH ROWSPAN="3" WIDTH="126" VALIGN="MIDDLE" ACOPYCOL="Y" ADELETECOL="Y" AMOVECOL="N" HEIGHT="129">주주명</TH>
<TH ROWSPAN="3" WIDTH="111" VALIGN="MIDDLE" ACOPYCOL="Y" ADELETECOL="Y" AMOVECOL="N" HEIGHT="129">동일인과의관계</TH>
<TH COLSPAN="8" WIDTH="623" VALIGN="MIDDLE" ACOPYCOL="Y" ADELETECOL="Y" AMOVECOL="N" HEIGHT="23">변동내역</TH>
<TH COLSPAN="2" ROWSPAN="2" WIDTH="147" VALIGN="MIDDLE" ACOPYCOL="Y" ADELETECOL="Y" AMOVECOL="N" HEIGHT="53">취득/처분</TH>
</TR>

<TR ACOPY="Y" ADELETE="Y" HEIGHT="30">
<TH ROWSPAN="2" VALIGN="MIDDLE" ACOPYCOL="Y" ADELETECOL="Y" AMOVECOL="N" WIDTH="83" HEIGHT="99">변동일</TH>
<TH ROWSPAN="2" VALIGN="MIDDLE" ACOPYCOL="Y" ADELETECOL="Y" AMOVECOL="N" WIDTH="66" HEIGHT="99">주식의종류(보통주/우선주)</TH>
<TH COLSPAN="2" VALIGN="MIDDLE" ACOPYCOL="Y" ADELETECOL="Y" AMOVECOL="N" WIDTH="146" HEIGHT="23">변동 전</TH>
<TH COLSPAN="2" VALIGN="MIDDLE" ACOPYCOL="Y" ADELETECOL="Y" AMOVECOL="N" WIDTH="146" HEIGHT="23">증감</TH>
<TH COLSPAN="2" VALIGN="MIDDLE" ACOPYCOL="Y" ADELETECOL="Y" AMOVECOL="N" WIDTH="146" HEIGHT="23">변동 후</TH>
</TR>

<TR ACOPY="Y" ADELETE="Y" HEIGHT="76">
<TH VALIGN="MIDDLE" ACOPYCOL="Y" ADELETECOL="Y" AMOVECOL="N" WIDTH="83" HEIGHT="69">주식수</TH>
<TH VALIGN="MIDDLE" ACOPYCOL="Y" ADELETECOL="Y" AMOVECOL="N" WIDTH="54" HEIGHT="69">지분율(A)</TH>
<TH VALIGN="MIDDLE" ACOPYCOL="Y" ADELETECOL="Y" AMOVECOL="N" WIDTH="83" HEIGHT="69">주식수</TH>
<TH VALIGN="MIDDLE" ACOPYCOL="Y" ADELETECOL="Y" AMOVECOL="N" WIDTH="54" HEIGHT="69">지분율(B=C-A)</TH>
<TH VALIGN="MIDDLE" ACOPYCOL="Y" ADELETECOL="Y" AMOVECOL="N" WIDTH="83" HEIGHT="69">주식수</TH>
<TH VALIGN="MIDDLE" ACOPYCOL="Y" ADELETECOL="Y" AMOVECOL="N" WIDTH="54" HEIGHT="69">지분율(C)</TH>
<TH VALIGN="MIDDLE" ACOPYCOL="Y" ADELETECOL="Y" AMOVECOL="N" WIDTH="99" HEIGHT="69">금액</TH>
<TH VALIGN="MIDDLE" ACOPYCOL="Y" ADELETECOL="Y" AMOVECOL="N" WIDTH="39" HEIGHT="69">단가</TH>
</TR>
</THEAD>

<TBODY>

<TR ACOPY="Y" ADELETE="Y" HEIGHT="53">
<TD VALIGN="MIDDLE" ALIGN="CENTER" ROWSPAN="5" WIDTH="84" HEIGHT="166">동일인및동일인관련자</TD>
<TD VALIGN="MIDDLE" ALIGN="CENTER" WIDTH="126" HEIGHT="46">에스케이이노베이션(주)</TD>
<TD VALIGN="MIDDLE" ALIGN="CENTER" WIDTH="111" HEIGHT="46">계열회사(국내)</TD>
<TD VALIGN="MIDDLE" ALIGN="CENTER" WIDTH="83" HEIGHT="46">2025.12.24</TD>
<TD VALIGN="MIDDLE" ALIGN="CENTER" WIDTH="66" HEIGHT="46">보통주</TD>
<TD VALIGN="MIDDLE" ALIGN="CENTER" WIDTH="83" HEIGHT="46">8,009,064</TD>
<TD VALIGN="MIDDLE" ALIGN="CENTER" WIDTH="54" HEIGHT="46">50.00</TD>
<TD VALIGN="MIDDLE" ALIGN="CENTER" WIDTH="83" HEIGHT="46">-8,009,064</TD>
<TD VALIGN="MIDDLE" ALIGN="CENTER" WIDTH="54" HEIGHT="46">-50.00</TD>
<TD VALIGN="MIDDLE" ALIGN="CENTER" WIDTH="83" HEIGHT="46">0</TD>
<TD VALIGN="MIDDLE" ALIGN="CENTER" WIDTH="54" HEIGHT="46">0.00</TD>
<TD VALIGN="MIDDLE" ALIGN="RIGHT" WIDTH="99" HEIGHT="46">-560,120,240</TD>
<TD VALIGN="MIDDLE" ALIGN="RIGHT" WIDTH="39" HEIGHT="46">70</TD>
</TR>

<TR ACOPY="Y" ADELETE="Y" HEIGHT="30">
<TD COLSPAN="2" VALIGN="MIDDLE" ALIGN="CENTER" WIDTH="246" HEIGHT="23">자기주식</TD>
<TD VALIGN="MIDDLE" ALIGN="CENTER" WIDTH="83" HEIGHT="23">-</TD>
<TD VALIGN="MIDDLE" ALIGN="CENTER" WIDTH="66" HEIGHT="23">-</TD>
<TD VALIGN="MIDDLE" ALIGN="CENTER" WIDTH="83" HEIGHT="23">-</TD>
<TD VALIGN="MIDDLE" ALIGN="CENTER" WIDTH="54" HEIGHT="23">-</TD>
<TD VALIGN="MIDDLE" ALIGN="CENTER" WIDTH="83" HEIGHT="23">-</TD>
<TD VALIGN="MIDDLE" ALIGN="CENTER" WIDTH="54" HEIGHT="23">-</TD>
<TD VALIGN="MIDDLE" ALIGN="CENTER" WIDTH="83" HEIGHT="23">-</TD>
<TD VALIGN="MIDDLE" ALIGN="CENTER" WIDTH="54" HEIGHT="23">-</TD>
<TD VALIGN="MIDDLE" ALIGN="CENTER" WIDTH="99" HEIGHT="23">-</TD>
<TD VALIGN="MIDDLE" ALIGN="CENTER" WIDTH="39" HEIGHT="23">-</TD>
</TR>

<TR ACOPY="Y" ADELETE="Y" HEIGHT="30">
<TD COLSPAN="2" ROWSPAN="3" VALIGN="MIDDLE" ALIGN="CENTER" WIDTH="246" HEIGHT="83">소계(A)</TD>
<TD ROWSPAN="3" VALIGN="MIDDLE" ALIGN="CENTER" WIDTH="83" HEIGHT="83">2025.12.24</TD>
<TD VALIGN="MIDDLE" ALIGN="CENTER" WIDTH="66" HEIGHT="23">보통주</TD>
<TD VALIGN="MIDDLE" ALIGN="CENTER" WIDTH="83" HEIGHT="23">8,009,064</TD>
<TD VALIGN="MIDDLE" ALIGN="CENTER" WIDTH="54" HEIGHT="23">50.00</TD>
<TD VALIGN="MIDDLE" ALIGN="CENTER" WIDTH="83" HEIGHT="23">-8,009,064</TD>
<TD VALIGN="MIDDLE" ALIGN="CENTER" WIDTH="54" HEIGHT="23">-50.00</TD>
<TD VALIGN="MIDDLE" ALIGN="CENTER" WIDTH="83" HEIGHT="23">0</TD>
<TD VALIGN="MIDDLE" ALIGN="CENTER" WIDTH="54" HEIGHT="23">0.00</TD>
<TD ROWSPAN="3" VALIGN="MIDDLE" ALIGN="RIGHT" WIDTH="99" HEIGHT="83">-560,120,240</TD>
<TD ROWSPAN="3" VALIGN="MIDDLE" ALIGN="RIGHT" WIDTH="39" HEIGHT="83">70</TD>
</TR>

<TR ACOPY="Y" ADELETE="Y" HEIGHT="30">
<TD VALIGN="MIDDLE" ALIGN="CENTER" WIDTH="66" HEIGHT="23">우선주</TD>
<TD VALIGN="MIDDLE" ALIGN="CENTER" WIDTH="83" HEIGHT="23">-</TD>
<TD VALIGN="MIDDLE" ALIGN="CENTER" WIDTH="54" HEIGHT="23">-</TD>
<TD VALIGN="MIDDLE" ALIGN="CENTER" WIDTH="83" HEIGHT="23">-</TD>
<TD VALIGN="MIDDLE" ALIGN="CENTER" WIDTH="54" HEIGHT="23">-</TD>
<TD VALIGN="MIDDLE" ALIGN="CENTER" WIDTH="83" HEIGHT="23">-</TD>
<TD VALIGN="MIDDLE" ALIGN="CENTER" WIDTH="54" HEIGHT="23">-</TD>
</TR>

<TR ACOPY="Y" ADELETE="Y" HEIGHT="30">
<TD VALIGN="MIDDLE" ALIGN="CENTER" WIDTH="66" HEIGHT="23">합  계</TD>
<TD VALIGN="MIDDLE" ALIGN="CENTER" WIDTH="83" HEIGHT="23">8,009,064</TD>
<TD VALIGN="MIDDLE" ALIGN="CENTER" WIDTH="54" HEIGHT="23">50.00</TD>
<TD VALIGN="MIDDLE" ALIGN="CENTER" WIDTH="83" HEIGHT="23">-8,009,064</TD>
<TD VALIGN="MIDDLE" ALIGN="CENTER" WIDTH="54" HEIGHT="23">-50.00</TD>
<TD VALIGN="MIDDLE" ALIGN="CENTER" WIDTH="83" HEIGHT="23">0</TD>
<TD VALIGN="MIDDLE" ALIGN="CENTER" WIDTH="54" HEIGHT="23">0.00</TD>
</TR>

<TR ACOPY="Y" ADELETE="Y" HEIGHT="30">
<TD VALIGN="MIDDLE" ALIGN="CENTER" ROWSPAN="4" WIDTH="84" HEIGHT="113">동일인측이아닌최다출자자</TD>
<TD VALIGN="MIDDLE" ALIGN="CENTER" WIDTH="126" HEIGHT="23">지에스에너지(주)</TD>
<TD VALIGN="MIDDLE" ALIGN="CENTER" WIDTH="111" HEIGHT="23">기타(국내)</TD>
<TD VALIGN="MIDDLE" ALIGN="CENTER" WIDTH="83" HEIGHT="23">2025.12.24</TD>
<TD VALIGN="MIDDLE" ALIGN="CENTER" WIDTH="66" HEIGHT="23">보통주</TD>
<TD VALIGN="MIDDLE" ALIGN="CENTER" WIDTH="83" HEIGHT="23">8,009,064</TD>
<TD VALIGN="MIDDLE" ALIGN="CENTER" WIDTH="54" HEIGHT="23">50.00</TD>
<TD VALIGN="MIDDLE" ALIGN="CENTER" WIDTH="83" HEIGHT="23">16,018</TD>
<TD VALIGN="MIDDLE" ALIGN="CENTER" WIDTH="54" HEIGHT="23">0.10</TD>
<TD VALIGN="MIDDLE" ALIGN="CENTER" WIDTH="83" HEIGHT="23">8,025,082</TD>
<TD VALIGN="MIDDLE" ALIGN="CENTER" WIDTH="54" HEIGHT="23">50.10</TD>
<TD VALIGN="MIDDLE" ALIGN="RIGHT" WIDTH="99" HEIGHT="23">1,120,240</TD>
<TD VALIGN="MIDDLE" ALIGN="RIGHT" WIDTH="39" HEIGHT="23">70</TD>
</TR>

<TR ACOPY="Y" ADELETE="Y" HEIGHT="30">
<TD COLSPAN="2" ROWSPAN="3" VALIGN="MIDDLE" ALIGN="CENTER" WIDTH="246" HEIGHT="83">소계(B)</TD>
<TD ROWSPAN="3" VALIGN="MIDDLE" ALIGN="CENTER" WIDTH="83" HEIGHT="83">2025.12.24</TD>
<TD VALIGN="MIDDLE" ALIGN="CENTER" WIDTH="66" HEIGHT="23">보통주</TD>
<TD VALIGN="MIDDLE" ALIGN="CENTER" WIDTH="83" HEIGHT="23">8,009,064</TD>
<TD VALIGN="MIDDLE" ALIGN="CENTER" WIDTH="54" HEIGHT="23">50.00</TD>
<TD VALIGN="MIDDLE" ALIGN="CENTER" WIDTH="83" HEIGHT="23">16,018</TD>
<TD VALIGN="MIDDLE" ALIGN="CENTER" WIDTH="54" HEIGHT="23">0.10</TD>
<TD VALIGN="MIDDLE" ALIGN="CENTER" WIDTH="83" HEIGHT="23">8,025,082</TD>
<TD VALIGN="MIDDLE" ALIGN="CENTER" WIDTH="54" HEIGHT="23">50.10</TD>
<TD ROWSPAN="3" VALIGN="MIDDLE" ALIGN="RIGHT" WIDTH="99" HEIGHT="83">1,120,240</TD>
<TD ROWSPAN="3" VALIGN="MIDDLE" ALIGN="RIGHT" WIDTH="39" HEIGHT="83">70</TD>
</TR>

<TR ACOPY="Y" ADELETE="Y" HEIGHT="30">
<TD VALIGN="MIDDLE" ALIGN="CENTER" WIDTH="66" HEIGHT="23">우선주</TD>
<TD VALIGN="MIDDLE" ALIGN="CENTER" WIDTH="83" HEIGHT="23">-</TD>
<TD VALIGN="MIDDLE" ALIGN="CENTER" WIDTH="54" HEIGHT="23">-</TD>
<TD VALIGN="MIDDLE" ALIGN="CENTER" WIDTH="83" HEIGHT="23">-</TD>
<TD VALIGN="MIDDLE" ALIGN="CENTER" WIDTH="54" HEIGHT="23">-</TD>
<TD VALIGN="MIDDLE" ALIGN="CENTER" WIDTH="83" HEIGHT="23">-</TD>
<TD VALIGN="MIDDLE" ALIGN="CENTER" WIDTH="54" HEIGHT="23">-</TD>
</TR>

<TR ACOPY="Y" ADELETE="Y" HEIGHT="30">
<TD VALIGN="MIDDLE" ALIGN="CENTER" WIDTH="66" HEIGHT="23">합  계</TD>
<TD VALIGN="MIDDLE" ALIGN="CENTER" WIDTH="83" HEIGHT="23">8,009,064</TD>
<TD VALIGN="MIDDLE" ALIGN="CENTER" WIDTH="54" HEIGHT="23">50.00</TD>
<TD VALIGN="MIDDLE" ALIGN="CENTER" WIDTH="83" HEIGHT="23">16,018</TD>
<TD VALIGN="MIDDLE" ALIGN="CENTER" WIDTH="54" HEIGHT="23">0.10</TD>
<TD VALIGN="MIDDLE" ALIGN="CENTER" WIDTH="83" HEIGHT="23">8,025,082</TD>
<TD VALIGN="MIDDLE" ALIGN="CENTER" WIDTH="54" HEIGHT="23">50.10</TD>
</TR>

<TR ACOPY="Y" ADELETE="Y" HEIGHT="30">
<TD COLSPAN="3" ROWSPAN="3" VALIGN="MIDDLE" ALIGN="CENTER" WIDTH="339" HEIGHT="83">기타 소계(C)</TD>
<TD ROWSPAN="3" VALIGN="MIDDLE" ALIGN="CENTER" WIDTH="83" HEIGHT="83">2025.12.24</TD>
<TD VALIGN="MIDDLE" ALIGN="CENTER" WIDTH="66" HEIGHT="23">보통주</TD>
<TD VALIGN="MIDDLE" ALIGN="CENTER" WIDTH="83" HEIGHT="23">0</TD>
<TD VALIGN="MIDDLE" ALIGN="CENTER" WIDTH="54" HEIGHT="23">0.00</TD>
<TD VALIGN="MIDDLE" ALIGN="CENTER" WIDTH="83" HEIGHT="23">7,993,046</TD>
<TD VALIGN="MIDDLE" ALIGN="CENTER" WIDTH="54" HEIGHT="23">49.90</TD>
<TD VALIGN="MIDDLE" ALIGN="CENTER" WIDTH="83" HEIGHT="23">7,993,046</TD>
<TD VALIGN="MIDDLE" ALIGN="CENTER" WIDTH="54" HEIGHT="23">49.90</TD>
<TD ROWSPAN="3" VALIGN="MIDDLE" ALIGN="RIGHT" WIDTH="99" HEIGHT="83">559,000,000</TD>
<TD ROWSPAN="3" VALIGN="MIDDLE" ALIGN="RIGHT" WIDTH="39" HEIGHT="83">70</TD>
</TR>

<TR ACOPY="Y" ADELETE="Y" HEIGHT="30">
<TD VALIGN="MIDDLE" ALIGN="CENTER" WIDTH="66" HEIGHT="23">우선주</TD>
<TD VALIGN="MIDDLE" ALIGN="CENTER" WIDTH="83" HEIGHT="23">-</TD>
<TD VALIGN="MIDDLE" ALIGN="CENTER" WIDTH="54" HEIGHT="23">-</TD>
<TD VALIGN="MIDDLE" ALIGN="CENTER" WIDTH="83" HEIGHT="23">-</TD>
<TD VALIGN="MIDDLE" ALIGN="CENTER" WIDTH="54" HEIGHT="23">-</TD>
<TD VALIGN="MIDDLE" ALIGN="CENTER" WIDTH="83" HEIGHT="23">-</TD>
<TD VALIGN="MIDDLE" ALIGN="CENTER" WIDTH="54" HEIGHT="23">-</TD>
</TR>

<TR ACOPY="Y" ADELETE="Y" HEIGHT="30">
<TD VALIGN="MIDDLE" ALIGN="CENTER" WIDTH="66" HEIGHT="23">합  계</TD>
<TD VALIGN="MIDDLE" ALIGN="CENTER" WIDTH="83" HEIGHT="23">0</TD>
<TD VALIGN="MIDDLE" ALIGN="CENTER" WIDTH="54" HEIGHT="23">0.00</TD>
<TD VALIGN="MIDDLE" ALIGN="CENTER" WIDTH="83" HEIGHT="23">7,993,046</TD>
<TD VALIGN="MIDDLE" ALIGN="CENTER" WIDTH="54" HEIGHT="23">49.90</TD>
<TD VALIGN="MIDDLE" ALIGN="CENTER" WIDTH="83" HEIGHT="23">7,993,046</TD>
<TD VALIGN="MIDDLE" ALIGN="CENTER" WIDTH="54" HEIGHT="23">49.90</TD>
</TR>

<TR ACOPY="Y" ADELETE="Y" HEIGHT="30">
<TD COLSPAN="3" ROWSPAN="3" VALIGN="MIDDLE" ALIGN="CENTER" WIDTH="339" HEIGHT="83">전체 합계(A+B+C)</TD>
<TD ROWSPAN="3" VALIGN="MIDDLE" ALIGN="CENTER" WIDTH="83" HEIGHT="83">-</TD>
<TD VALIGN="MIDDLE" ALIGN="CENTER" WIDTH="66" HEIGHT="23">보통주</TD>
<TD VALIGN="MIDDLE" ALIGN="CENTER" WIDTH="83" HEIGHT="23">16,018,128</TD>
<TD VALIGN="MIDDLE" ALIGN="CENTER" WIDTH="54" HEIGHT="23">100.00</TD>
<TD VALIGN="MIDDLE" ALIGN="CENTER" WIDTH="83" HEIGHT="23">-</TD>
<TD VALIGN="MIDDLE" ALIGN="CENTER" WIDTH="54" HEIGHT="23">-</TD>
<TD VALIGN="MIDDLE" ALIGN="CENTER" WIDTH="83" HEIGHT="23">16,018,128</TD>
<TD VALIGN="MIDDLE" ALIGN="CENTER" WIDTH="54" HEIGHT="23">100.00</TD>
<TD ROWSPAN="3" VALIGN="MIDDLE" ALIGN="CENTER" WIDTH="99" HEIGHT="83">-</TD>
<TD ROWSPAN="3" VALIGN="MIDDLE" ALIGN="CENTER" WIDTH="39" HEIGHT="83">-</TD>
</TR>

<TR ACOPY="Y" ADELETE="Y" HEIGHT="30">
<TD VALIGN="MIDDLE" ALIGN="CENTER" WIDTH="66" HEIGHT="23">우선주</TD>
<TD VALIGN="MIDDLE" ALIGN="CENTER" WIDTH="83" HEIGHT="23">-</TD>
<TD VALIGN="MIDDLE" ALIGN="CENTER" WIDTH="54" HEIGHT="23">-</TD>
<TD VALIGN="MIDDLE" ALIGN="CENTER" WIDTH="83" HEIGHT="23">-</TD>
<TD VALIGN="MIDDLE" ALIGN="CENTER" WIDTH="54" HEIGHT="23">-</TD>
<TD VALIGN="MIDDLE" ALIGN="CENTER" WIDTH="83" HEIGHT="23">-</TD>
<TD VALIGN="MIDDLE" ALIGN="CENTER" WIDTH="54" HEIGHT="23">-</TD>
</TR>

<TR ACOPY="Y" ADELETE="Y" HEIGHT="30">
<TD VALIGN="MIDDLE" ALIGN="CENTER" WIDTH="66" HEIGHT="23">합  계</TD>
<TD VALIGN="MIDDLE" ALIGN="CENTER" WIDTH="83" HEIGHT="23">16,018,128</TD>
<TD VALIGN="MIDDLE" ALIGN="CENTER" WIDTH="54" HEIGHT="23">100.00</TD>
<TD VALIGN="MIDDLE" ALIGN="CENTER" WIDTH="83" HEIGHT="23">-</TD>
<TD VALIGN="MIDDLE" ALIGN="CENTER" WIDTH="54" HEIGHT="23">-</TD>
<TD VALIGN="MIDDLE" ALIGN="CENTER" WIDTH="83" HEIGHT="23">16,018,128</TD>
<TD VALIGN="MIDDLE" ALIGN="CENTER" WIDTH="54" HEIGHT="23">100.00</TD>
</TR>
</TBODY>
</TABLE>
<P>※ 본 공시는 에스케이이노베이션(주)와 지에스에너지(주)의 SPA 계약에 따른 지분변동공시입니다.</P>
</SECTION-1>
</BODY>
</DOCUMENT>