<?xml version="1.0" encoding="utf-8"?>


<DOCUMENT xmlns:xsi="http://www.w3.org/2001/XMLSchema-instance" xsi:noNamespaceSchemaLocation="dart4.xsd">

<DOCUMENT-NAME ACODE="10800">증권발행실적보고서</DOCUMENT-NAME>
<FORMULA-VERSION SUBVER="1" ADATE="20230828">6.0</FORMULA-VERSION>
<COMPANY-NAME AREGCIK="00120182">NH투자증권</COMPANY-NAME>


<BODY ATOCID="10">

<COVER>
<COVER-TITLE ATOC="Y" AASSOCNOTE="COVER" ATOCID="1" ENG="Post-Issuance Report">증권발행실적보고서</COVER-TITLE>

<TABLE ACLASS="NORMAL" AFIXTABLE="N" WIDTH="600" BORDER="0">

<COLGROUP WIDTH="600">
<COL WIDTH="161"></COL>
<COL WIDTH="439"></COL>
</COLGROUP>

<TBODY>

<TR ACOPY="Y" ADELETE="Y" HEIGHT="53">
<TD CLASS="NORMAL" COLSPAN="2" WIDTH="591" HEIGHT="46"></TD>
</TR>

<TR ACOPY="Y" ADELETE="Y" HEIGHT="30">
<TD CLASS="NORMAL" WIDTH="152" HEIGHT="23">금융감독원장 귀하</TD>
<TD CLASS="NORMAL" ALIGN="RIGHT" WIDTH="430" HEIGHT="23">2026년 01월 05일</TD>
</TR>

<TR ACOPY="Y" ADELETE="Y" HEIGHT="53">
<TD CLASS="NORMAL" WIDTH="152" HEIGHT="46"></TD>
<TD CLASS="NORMAL" WIDTH="430" HEIGHT="46"></TD>
</TR>

<TR ACOPY="Y" ADELETE="Y" HEIGHT="53">
<TD CLASS="NORMAL" WIDTH="152" HEIGHT="46">회       사       명 :</TD>
<TD CLASS="NORMAL" WIDTH="430" HEIGHT="46">NH투자증권 주식회사</TD>
</TR>

<TR ACOPY="Y" ADELETE="Y" HEIGHT="53">
<TD CLASS="NORMAL" WIDTH="152" HEIGHT="46">대   표     이   사 :</TD>
<TD CLASS="NORMAL" WIDTH="430" HEIGHT="46">윤병운 (인)</TD>
</TR>

<TR ACOPY="Y" ADELETE="Y" HEIGHT="30">
<TD CLASS="NORMAL" WIDTH="152" HEIGHT="23">본  점  소  재  지 :</TD>
<TD CLASS="NORMAL" WIDTH="430" HEIGHT="23">서울특별시 영등포구 여의대로 108 파크원NH금융타워(타워2)</TD>
</TR>

<TR ACOPY="Y" ADELETE="Y" HEIGHT="30">
<TD CLASS="NORMAL" WIDTH="152" HEIGHT="23"></TD>
<TD CLASS="NORMAL" WIDTH="430" HEIGHT="23">(전  화) 02-768-7000</TD>
</TR>

<TR ACOPY="Y" ADELETE="Y" HEIGHT="30">
<TD CLASS="NORMAL" WIDTH="152" HEIGHT="23"></TD>
<TD CLASS="NORMAL" WIDTH="430" HEIGHT="23">(홈페이지)https://www.nhsec.com</TD>
</TR>

<TR ACOPY="Y" ADELETE="Y" HEIGHT="30">
<TD CLASS="NORMAL" WIDTH="152" HEIGHT="23"></TD>
<TD CLASS="NORMAL" WIDTH="430" HEIGHT="23"></TD>
</TR>

<TR ACOPY="Y" ADELETE="Y" HEIGHT="30">
<TD CLASS="NORMAL" WIDTH="152" HEIGHT="23">작  성  책  임  자 :</TD>
<TD CLASS="NORMAL" WIDTH="430" HEIGHT="23">(직  책)파생상품솔루션부 부 장     (성  명)이창휘</TD>
</TR>

<TR ACOPY="Y" ADELETE="Y" HEIGHT="30">
<TD CLASS="NORMAL" WIDTH="152" HEIGHT="23"></TD>
<TD CLASS="NORMAL" WIDTH="430" HEIGHT="23">(전  화)02-2229-6688</TD>
</TR>

<TR ACOPY="Y" ADELETE="Y" HEIGHT="53">
<TD CLASS="NORMAL" WIDTH="152" HEIGHT="46"></TD>
<TD CLASS="NORMAL" WIDTH="430" HEIGHT="46"></TD>
</TR>
</TBODY>
</TABLE>
</COVER>

<SECTION-1 ACLASS="MANDATORY" APARTSOURCE="SOURCE">

<LIBRARY>
<SECTION-2 ACLASS="MANDATORY">
<TITLE ATOC="Y" AASSOCNOTE="L-0-0-1-0" ATOCID="2" ENG="Ⅰ. Subscription and Allotment">Ⅰ. 청약 및 배정에 관한 사항</TITLE>

<SECTION-3 ACLASS="MANDATORY">
<TITLE ATOC="Y" ATOCID="3" ENG="1. Subscription and payment schedule">1. 청약 및 납입일정</TITLE>

<TABLE-GROUP ACLASS="SB_DT_DV" ADELETETABLE="N">

<TABLE ACLASS="EXTRACTION" AFIXTABLE="N" WIDTH="600" BORDER="1">

<COLGROUP WIDTH="600">
<COL WIDTH="150"></COL>
<COL WIDTH="150"></COL>
<COL WIDTH="150"></COL>
<COL WIDTH="150"></COL>
</COLGROUP>

<THEAD>

<TR ACOPY="N" ADELETE="N" HEIGHT="30">
<TH VALIGN="MIDDLE" WIDTH="141" HEIGHT="23" ACOPYCOL="N" ADELETECOL="N" AMOVECOL="N" AUPDATECONT="N" ENG="Type of securities">증권의 종류</TH>
<TH VALIGN="MIDDLE" WIDTH="141" HEIGHT="23" ACOPYCOL="N" ADELETECOL="N" AMOVECOL="N" AUPDATECONT="N" ENG="Subscription start date">청약 개시일</TH>
<TH VALIGN="MIDDLE" WIDTH="141" HEIGHT="23" ACOPYCOL="N" ADELETECOL="N" AMOVECOL="N" AUPDATECONT="N" ENG="Subscription closing date">청약 종료일</TH>
<TH VALIGN="MIDDLE" WIDTH="141" HEIGHT="23" ACOPYCOL="N" ADELETECOL="N" AMOVECOL="N" AUPDATECONT="N" ENG="Payment date">납입일</TH>
</TR>
</THEAD>

<TBODY>

<TR ACOPY="Y" ADELETE="N" HEIGHT="53">
<TU ALIGN="CENTER" VALIGN="MIDDLE" WIDTH="141" HEIGHT="46" AUNIT="STK_KND" AUNITVALUE="4" ENG="Equity-linked bonds">주가연계파생결합사채</TU>
<TU ALIGN="CENTER" VALIGN="MIDDLE" WIDTH="141" HEIGHT="46" AUNIT="SB_STR_DT" AUNITVALUE="20260105">2026년 01월 05일</TU>
<TU ALIGN="CENTER" VALIGN="MIDDLE" WIDTH="141" HEIGHT="46" AUNIT="SB_END_DT" AUNITVALUE="20260105">2026년 01월 05일</TU>
<TU ALIGN="CENTER" VALIGN="MIDDLE" WIDTH="141" HEIGHT="46" AUNIT="PYM_DT" AUNITVALUE="20260105">2026년 01월 05일</TU>
</TR>
</TBODY>
</TABLE>
</TABLE-GROUP>
<P></P>
<P></P>
</SECTION-3>

<SECTION-3 ACLASS="MANDATORY">
<TITLE ATOC="Y" ATOCID="4" ENG="2. Underwriting amount by underwriting institution">2. 인수기관별 인수금액</TITLE>

<TABLE-GROUP ACLASS="ACC_AMT_DV" ADELETETABLE="N">

<TABLE ACLASS="EXTRACTION" AFIXTABLE="Y" WIDTH="600" BORDER="0">

<COLGROUP WIDTH="600">
<COL WIDTH="300"></COL>
<COL WIDTH="300"></COL>
</COLGROUP>

<TBODY>

<TR ACOPY="N" ADELETE="N" HEIGHT="30">
<TD VALIGN="BOTTOM" WIDTH="291" HEIGHT="23"></TD>
<TU ALIGN="RIGHT" VALIGN="BOTTOM" WIDTH="291" HEIGHT="23" AUNIT="WON" AUNITVALUE="1" ENG="(Unit: KRW)">(단위 : 원)</TU>
</TR>
</TBODY>
</TABLE>

<TABLE ACLASS="EXTRACTION" AFIXTABLE="N" WIDTH="600" BORDER="1">

<COLGROUP WIDTH="600">
<COL WIDTH="148"></COL>
<COL WIDTH="147"></COL>
<COL WIDTH="191"></COL>
<COL WIDTH="114"></COL>
</COLGROUP>

<THEAD>

<TR ACOPY="N" ADELETE="N" HEIGHT="30">
<TH VALIGN="MIDDLE" WIDTH="139" HEIGHT="23" ACOPYCOL="N" ADELETECOL="N" AMOVECOL="N" AUPDATECONT="N" ENG="Underwriting institution">인수기관</TH>
<TH VALIGN="MIDDLE" WIDTH="138" HEIGHT="23" ACOPYCOL="N" ADELETECOL="N" AMOVECOL="N" AUPDATECONT="N" ENG="Ordinal">회 차</TH>
<TH VALIGN="MIDDLE" WIDTH="182" HEIGHT="23" ACOPYCOL="N" ADELETECOL="N" AMOVECOL="N" AUPDATECONT="N" ENG="Underwriting amount">인수금액</TH>
<TH VALIGN="MIDDLE" WIDTH="105" HEIGHT="23" ACOPYCOL="N" ADELETECOL="N" AMOVECOL="N" AUPDATECONT="N" ENG="Ratio">비 율</TH>
</TR>
</THEAD>

<TBODY>

<TR ACOPY="Y" ADELETE="N" HEIGHT="30">
<TE ALIGN="CENTER" VALIGN="MIDDLE" WIDTH="139" HEIGHT="23" ACODE="ACC_ORG">-</TE>
<TE ALIGN="CENTER" VALIGN="MIDDLE" WIDTH="138" HEIGHT="23" ACODE="SEQ_NO2">-</TE>
<TE ALIGN="CENTER" VALIGN="MIDDLE" WIDTH="182" HEIGHT="23" ACODE="ACC_AMT">-</TE>
<TE ALIGN="CENTER" VALIGN="MIDDLE" WIDTH="105" HEIGHT="23" ACODE="ACC_RT">-</TE>
</TR>
</TBODY>
</TABLE>
</TABLE-GROUP>
<P></P>
</SECTION-3>

<SECTION-3 ACLASS="MANDATORY">
<TITLE ATOC="Y" ATOCID="5" ENG="3. Subscription and allotment status">3. 청약 및 배정현황</TITLE>

<TABLE-GROUP ACLASS="DST_CD_DV" ADELETETABLE="N">

<TABLE ACLASS="EXTRACTION" AFIXTABLE="Y" WIDTH="747" BORDER="0">

<COLGROUP WIDTH="747">
<COL WIDTH="602"></COL>
<COL WIDTH="145"></COL>
</COLGROUP>

<TBODY>

<TR ACOPY="Y" ADELETE="Y" HEIGHT="30">
<TD WIDTH="593" HEIGHT="23"></TD>
<TU ALIGN="RIGHT" WIDTH="136" HEIGHT="23" AUNIT="WONSTOCKPERCENT" AUNITVALUE="1" ENG="(Unit: KRW, shares, %)">(단위 : 원, 주, %)</TU>
</TR>
</TBODY>
</TABLE>

<TABLE ACLASS="EXTRACTION" AFIXTABLE="N" WIDTH="747" BORDER="1">

<COLGROUP WIDTH="747">
<COL WIDTH="70"></COL>
<COL WIDTH="146"></COL>
<COL WIDTH="61"></COL>
<COL WIDTH="144"></COL>
<COL WIDTH="59"></COL>
<COL WIDTH="64"></COL>
<COL WIDTH="145"></COL>
<COL WIDTH="58"></COL>
</COLGROUP>

<THEAD>

<TR ACOPY="N" ADELETE="N" HEIGHT="30">
<TH ROWSPAN="2" VALIGN="MIDDLE" WIDTH="61" HEIGHT="53" ACOPYCOL="N" ADELETECOL="N" AMOVECOL="N" AUPDATECONT="N" ENG="Ordinal">회 차</TH>
<TH VALIGN="MIDDLE" WIDTH="137" HEIGHT="53" ACOPYCOL="N" ADELETECOL="N" AMOVECOL="N" AUPDATECONT="N" ROWSPAN="2" ENG="Total amount of offering">모집 총액</TH>
<TH COLSPAN="3" VALIGN="MIDDLE" WIDTH="255" HEIGHT="23" ACOPYCOL="N" ADELETECOL="N" AMOVECOL="N" AUPDATECONT="N" ENG="Subscription status">청약현황</TH>
<TH COLSPAN="3" VALIGN="MIDDLE" WIDTH="258" HEIGHT="23" ACOPYCOL="N" ADELETECOL="N" AMOVECOL="N" AUPDATECONT="N" ENG="Final allotment status">최종배정현황</TH>
</TR>

<TR ACOPY="N" ADELETE="N" HEIGHT="30">
<TH VALIGN="MIDDLE" WIDTH="52" HEIGHT="23" ACOPYCOL="N" ADELETECOL="N" AMOVECOL="N" AUPDATECONT="N" ENG="Number of cases">건수</TH>
<TH VALIGN="MIDDLE" WIDTH="135" HEIGHT="23" ACOPYCOL="N" ADELETECOL="N" AMOVECOL="N" AUPDATECONT="N" ENG="Amount">금액</TH>
<TH VALIGN="MIDDLE" WIDTH="50" HEIGHT="23" ACOPYCOL="N" ADELETECOL="N" AMOVECOL="N" AUPDATECONT="N" ENG="Ratio">비율</TH>
<TH VALIGN="MIDDLE" WIDTH="55" HEIGHT="23" ACOPYCOL="N" ADELETECOL="N" AMOVECOL="N" AUPDATECONT="N" ENG="Number of cases">건수</TH>
<TH VALIGN="MIDDLE" WIDTH="136" HEIGHT="23" ACOPYCOL="N" ADELETECOL="N" AMOVECOL="N" AUPDATECONT="N" ENG="Amount">금액</TH>
<TH VALIGN="MIDDLE" WIDTH="49" HEIGHT="23" ACOPYCOL="N" ADELETECOL="N" AMOVECOL="N" AUPDATECONT="N" ENG="Ratio">비율</TH>
</TR>
</THEAD>

<TBODY>

<TR ACOPY="Y" ADELETE="N" HEIGHT="30">
<TE ALIGN="CENTER" WIDTH="61" HEIGHT="23" ACODE="SEQ_NO2">2728</TE>
<TE ALIGN="RIGHT" WIDTH="137" HEIGHT="23" ACODE="TOT_RET_AMT" VALIGN="MIDDLE">14,667,295,000</TE>
<TE ALIGN="RIGHT" WIDTH="52" HEIGHT="23" ACODE="SB_CNT" VALIGN="MIDDLE">1</TE>
<TE ALIGN="RIGHT" WIDTH="135" HEIGHT="23" ACODE="SB_AMT" VALIGN="MIDDLE">2,711,367,199</TE>
<TE ALIGN="RIGHT" WIDTH="50" HEIGHT="23" ACODE="SB_RT" VALIGN="MIDDLE">18.90</TE>
<TE ALIGN="RIGHT" WIDTH="55" HEIGHT="23" ACODE="DV_CNT" VALIGN="MIDDLE">1</TE>
<TE ALIGN="RIGHT" WIDTH="136" HEIGHT="23" ACODE="DV_AMT" VALIGN="MIDDLE">2,711,367,199</TE>
<TE ALIGN="RIGHT" WIDTH="49" HEIGHT="23" ACODE="DV_RT" VALIGN="MIDDLE">18.90</TE>
</TR>
</TBODY>
</TABLE>
</TABLE-GROUP>
<P></P>
</SECTION-3>

<SECTION-3 ACLASS="MANDATORY">
<TITLE ATOC="Y" ATOCID="6" ENG="4. Allotment method">4. 배정방법</TITLE>
<P>(1) 청약을 집계하여 청약금액에 비례하여 안분배정합니다.(2) 공모결과 총청약금액이 모집금액의 100%에 미달하는 경우에는 미달분은 미납처리하며 부분납입으로 종결합니다.</P>
</SECTION-3>
</SECTION-2>

<SECTION-2 ACLASS="MANDATORY">
<TITLE ATOC="Y" AASSOCNOTE="L-0-0-3-0" ATOCID="7" ENG="Ⅱ. Date of Securities Delivery, etc.">Ⅱ. 증권교부일 등</TITLE>
<P>증권교부일 : 2026년 01월 05일</P>
</SECTION-2>

<SECTION-2 ACLASS="MANDATORY">
<TITLE ATOC="Y" AASSOCNOTE="L-0-0-4-0" ATOCID="8" ENG="Ⅲ. Disclosure Implementation Status">Ⅲ. 공시 이행상황</TITLE>
<P></P>
<P>가. 청약공고</P>

<TABLE ACLASS="NORMAL" AFIXTABLE="N" WIDTH="600" BORDER="1">

<COLGROUP WIDTH="600">
<COL WIDTH="200"></COL>
<COL WIDTH="200"></COL>
<COL WIDTH="200"></COL>
</COLGROUP>

<THEAD>

<TR ACOPY="Y" ADELETE="Y" HEIGHT="30">
<TH VALIGN="MIDDLE" WIDTH="191" HEIGHT="23" ACOPYCOL="Y" ADELETECOL="Y" AMOVECOL="N">구     분</TH>
<TH VALIGN="MIDDLE" WIDTH="191" HEIGHT="23" ACOPYCOL="Y" ADELETECOL="Y" AMOVECOL="N">신     문</TH>
<TH VALIGN="MIDDLE" WIDTH="191" HEIGHT="23" ACOPYCOL="Y" ADELETECOL="Y" AMOVECOL="N">일     자</TH>
</TR>
</THEAD>

<TBODY>

<TR ACOPY="Y" ADELETE="Y" HEIGHT="30">
<TD ROWSPAN="2" ALIGN="CENTER" VALIGN="MIDDLE" WIDTH="191" HEIGHT="53">청 약 공 고</TD>
<TD ALIGN="CENTER" VALIGN="MIDDLE" WIDTH="191" HEIGHT="23">본·지점 게시</TD>
<TD ALIGN="CENTER" VALIGN="MIDDLE" WIDTH="191" HEIGHT="23">2025년 12월 17일</TD>
</TR>

<TR ACOPY="Y" ADELETE="Y" HEIGHT="30">
<TD ALIGN="CENTER" VALIGN="MIDDLE" WIDTH="191" HEIGHT="23"></TD>
<TD ALIGN="CENTER" VALIGN="MIDDLE" WIDTH="191" HEIGHT="23"></TD>
</TR>
</TBODY>
</TABLE>
<P></P>
<P>나. 배정공고</P>

<TABLE ACLASS="NORMAL" AFIXTABLE="N" WIDTH="600" BORDER="1">

<COLGROUP WIDTH="600">
<COL WIDTH="200"></COL>
<COL WIDTH="200"></COL>
<COL WIDTH="200"></COL>
</COLGROUP>

<THEAD>

<TR ACOPY="Y" ADELETE="Y" HEIGHT="30">
<TH VALIGN="MIDDLE" WIDTH="191" HEIGHT="23" ACOPYCOL="Y" ADELETECOL="Y" AMOVECOL="N">구     분</TH>
<TH VALIGN="MIDDLE" WIDTH="191" HEIGHT="23" ACOPYCOL="Y" ADELETECOL="Y" AMOVECOL="N">신     문</TH>
<TH VALIGN="MIDDLE" WIDTH="191" HEIGHT="23" ACOPYCOL="Y" ADELETECOL="Y" AMOVECOL="N">일     자</TH>
</TR>
</THEAD>

<TBODY>

<TR ACOPY="Y" ADELETE="Y" HEIGHT="30">
<TD ROWSPAN="2" ALIGN="CENTER" VALIGN="MIDDLE" WIDTH="191" HEIGHT="53">배 정 공 고</TD>
<TD ALIGN="CENTER" VALIGN="MIDDLE" WIDTH="191" HEIGHT="23">개별통지</TD>
<TD ALIGN="CENTER" VALIGN="MIDDLE" WIDTH="191" HEIGHT="23">2026년 01월 05일</TD>
</TR>

<TR ACOPY="Y" ADELETE="Y" HEIGHT="30">
<TD ALIGN="CENTER" VALIGN="MIDDLE" WIDTH="191" HEIGHT="23"></TD>
<TD ALIGN="CENTER" VALIGN="MIDDLE" WIDTH="191" HEIGHT="23"></TD>
</TR>
</TBODY>
</TABLE>
<P>다. 증권신고서(일괄신고 추가서류 포함) 공시전자문서 : 금융위(금감원) 전자공시시스템 → http://dart.fss.or.kr</P>
<P>라. 투자설명서 공시전자문서 : 금융위(금감원) 전자공시시스템 → http://dart.fss.or.kr</P>
</SECTION-2>

<SECTION-2 ACLASS="MANDATORY">
<TITLE ATOC="Y" AASSOCNOTE="L-0-0-5-0" ATOCID="9" ENG="Ⅳ. Details of Use of Procured Funds">Ⅳ. 조달된 자금의 사용내역</TITLE>
<P></P>
<P>가. 자금조달내역</P>

<TABLE ACLASS="NORMAL" AFIXTABLE="N" WIDTH="600" BORDER="0">

<COLGROUP WIDTH="600">
<COL WIDTH="71"></COL>
<COL WIDTH="375"></COL>
<COL WIDTH="51"></COL>
<COL WIDTH="103"></COL>
</COLGROUP>

<TBODY>

<TR ACOPY="Y" ADELETE="Y" HEIGHT="32">
<TD WIDTH="62" HEIGHT="25">[종목명 :</TD>
<TD WIDTH="366" HEIGHT="25">NH투자증권 제2728회 주가연계 파생결합사채</TD>
<TD WIDTH="42" HEIGHT="25">]</TD>
<TD ALIGN="RIGHT" VALIGN="BOTTOM" WIDTH="94" HEIGHT="25">(단위 : 원)</TD>
</TR>
</TBODY>
</TABLE>

<TABLE ACLASS="NORMAL" AFIXTABLE="N" WIDTH="626" BORDER="1">

<COLGROUP WIDTH="626">
<COL WIDTH="94"></COL>
<COL WIDTH="116"></COL>
<COL WIDTH="75"></COL>
<COL WIDTH="71"></COL>
<COL WIDTH="113"></COL>
<COL WIDTH="108"></COL>
<COL WIDTH="49"></COL>
</COLGROUP>

<THEAD>

<TR ACOPY="Y" ADELETE="Y" HEIGHT="30">
<TH ROWSPAN="2" VALIGN="MIDDLE" WIDTH="85" HEIGHT="76" ACOPYCOL="Y" ADELETECOL="Y" AMOVECOL="N">구    분</TH>
<TH ROWSPAN="2" VALIGN="MIDDLE" WIDTH="107" HEIGHT="76" ACOPYCOL="Y" ADELETECOL="Y" AMOVECOL="N">신고서상발행예정총액</TH>
<TH COLSPAN="3" VALIGN="MIDDLE" WIDTH="250" HEIGHT="23" ACOPYCOL="Y" ADELETECOL="Y" AMOVECOL="N">실제 자금조달총액</TH>
<TH ROWSPAN="2" VALIGN="MIDDLE" WIDTH="99" HEIGHT="76" ACOPYCOL="Y" ADELETECOL="Y" AMOVECOL="N">확정권면총액</TH>
<TH ROWSPAN="2" VALIGN="MIDDLE" WIDTH="40" HEIGHT="76" ACOPYCOL="Y" ADELETECOL="Y" AMOVECOL="N">비  고</TH>
</TR>

<TR ACOPY="Y" ADELETE="Y" HEIGHT="53">
<TH VALIGN="MIDDLE" WIDTH="66" HEIGHT="46" ACOPYCOL="Y" ADELETECOL="Y" AMOVECOL="N">발행가액(A)</TH>
<TH VALIGN="MIDDLE" WIDTH="62" HEIGHT="46" ACOPYCOL="Y" ADELETECOL="Y" AMOVECOL="N">수량(B)</TH>
<TH VALIGN="MIDDLE" WIDTH="104" HEIGHT="46" ACOPYCOL="Y" ADELETECOL="Y" AMOVECOL="N">발행총액(A×B)</TH>
</TR>
</THEAD>

<TBODY>

<TR ACOPY="Y" ADELETE="Y" HEIGHT="31">
<TD WIDTH="85" HEIGHT="24" ALIGN="CENTER" VALIGN="MIDDLE">모  집(a)</TD>
<TD WIDTH="107" HEIGHT="24" ALIGN="CENTER" VALIGN="MIDDLE">14,667,295,000</TD>
<TD WIDTH="66" HEIGHT="24" ALIGN="CENTER" VALIGN="MIDDLE">14,348</TD>
<TD WIDTH="62" HEIGHT="24" ALIGN="CENTER" VALIGN="MIDDLE">188,960</TD>
<TD WIDTH="104" HEIGHT="24" ALIGN="CENTER" VALIGN="MIDDLE">2,711,367,199</TD>
<TD WIDTH="99" HEIGHT="24" ALIGN="CENTER" VALIGN="MIDDLE">2,711,367,199</TD>
<TD WIDTH="40" HEIGHT="24" ALIGN="CENTER" VALIGN="MIDDLE">-</TD>
</TR>

<TR ACOPY="Y" ADELETE="Y" HEIGHT="30">
<TD WIDTH="85" HEIGHT="23" ALIGN="CENTER" VALIGN="MIDDLE">매  출(b)</TD>
<TD WIDTH="107" HEIGHT="23" ALIGN="CENTER" VALIGN="MIDDLE">0</TD>
<TD WIDTH="66" HEIGHT="23" ALIGN="CENTER" VALIGN="MIDDLE">0</TD>
<TD WIDTH="62" HEIGHT="23" ALIGN="CENTER" VALIGN="MIDDLE">0</TD>
<TD WIDTH="104" HEIGHT="23" ALIGN="CENTER" VALIGN="MIDDLE">0</TD>
<TD WIDTH="99" HEIGHT="23" ALIGN="CENTER" VALIGN="MIDDLE">0</TD>
<TD WIDTH="40" HEIGHT="23" ALIGN="CENTER" VALIGN="MIDDLE">-</TD>
</TR>

<TR ACOPY="Y" ADELETE="Y" HEIGHT="30">
<TD WIDTH="85" HEIGHT="23" ALIGN="CENTER" VALIGN="MIDDLE">총계(a+b)</TD>
<TD WIDTH="107" HEIGHT="23" ALIGN="CENTER" VALIGN="MIDDLE">14,667,295,000</TD>
<TD WIDTH="66" HEIGHT="23" ALIGN="CENTER" VALIGN="MIDDLE">14,348</TD>
<TD WIDTH="62" HEIGHT="23" ALIGN="CENTER" VALIGN="MIDDLE">188,960</TD>
<TD WIDTH="104" HEIGHT="23" ALIGN="CENTER" VALIGN="MIDDLE">2,711,367,199</TD>
<TD WIDTH="99" HEIGHT="23" ALIGN="CENTER" VALIGN="MIDDLE">2,711,367,199</TD>
<TD WIDTH="40" HEIGHT="23" ALIGN="CENTER" VALIGN="MIDDLE">-</TD>
</TR>
</TBODY>
</TABLE>
<P>- 위 금액은 원화 환산금액입니다.</P>
<P>나. 발행비용</P>
<P>(1) 인수수수료 : 해당사항 없습니다.(2) 발행분담금 : 135,560 원(3) 보증료 : 해당사항 없습니다.(4) 기타비용 : 해당사항없습니다</P>
<P>다. 자금사용예정내역</P>
<P>(1) 개 요본 증권의 발행으로 조달된 자금은 향후 발행조건에 의한 상환금의 안정적인 지급을 위하여 헷지거래에 사용됩니다.(2) 사용내역기초자산과 관련되는 선물,옵션 등의 파생상품 및 기초자산을 구성하는 주식 등의 매매를 위한 재원으로 사용합니다.</P>
</SECTION-2>

<SECTION-2 ACLASS="MANDATORY">
<TITLE ATOC="Y" AASSOCNOTE="L-0-0-8-0" ATOCID="10" ENG="Ⅴ. Confirmed Details of the Projected Profit and Loss Structure">Ⅴ. 예상손익구조의 확정내용</TITLE>
<P USERMARK="B">[NH투자증권 주가연계 파생결합사채(ELB) 제2728회]</P>
<P USERMARK="F-11 "></P>

<P>
<SPAN USERMARK="B">가. 최초기준가격</SPAN>ｏ 최초기준가격 : 최초기준가격평가일 기초자산 종가ｏ 
<SPAN USERMARK="B">최초기준가격평가일</SPAN> : 2026년 01월 05일
</P>
<P>나. 자동조기상환</P>
<P>ｏ 어느 자동조기상환평가일에 자동조기상환 발생조건이 충족되는 경우 발행인은 해당 차수의 자동조기상환일에 해당 차수의 상환금액을 지급함으로써 본 증권을 상환</P>
<P>ｏ 자동조기상환 발생조건</P>

<TABLE ACLASS="NORMAL" WIDTH="640" BORDER="1" AFIXTABLE="N">

<COLGROUP WIDTH="640">
<COL WIDTH="42"></COL>
<COL WIDTH="598"></COL>
</COLGROUP>

<THEAD>

<TR ACOPY="Y" ADELETE="Y" HEIGHT="30">
<TH WIDTH="33" HEIGHT="23" USERMARK="B">차수</TH>
<TH WIDTH="589" HEIGHT="23" USERMARK="B">자동조기상환 발생조건</TH>
</TR>
</THEAD>

<TBODY>

<TR ACOPY="Y" ADELETE="Y" HEIGHT="36">
<TD ALIGN="CENTER" WIDTH="33" HEIGHT="29" USERMARK="F-DU ">1차</TD>

<TD WIDTH="589" HEIGHT="29" USERMARK="F-DU ">
<SPAN USERMARK="B">기초자산</SPAN>의 1차 자동조기상환평가가격이 
<SPAN USERMARK="BU">최초기준가격의 100% 이상인 경우</SPAN>
</TD>
</TR>

<TR ACOPY="Y" ADELETE="Y" HEIGHT="36">
<TD ALIGN="CENTER" WIDTH="33" HEIGHT="29" USERMARK="F-DU ">2차</TD>

<TD WIDTH="589" HEIGHT="29" USERMARK="F-DU ">
<SPAN USERMARK="B">기초자산</SPAN>의 2차 자동조기상환평가가격이 
<SPAN USERMARK="BU">최초기준가격의 100% 이상인 경우</SPAN>
</TD>
</TR>

<TR ACOPY="Y" ADELETE="Y" HEIGHT="36">
<TD ALIGN="CENTER" WIDTH="33" HEIGHT="29" USERMARK="F-DU ">3차</TD>

<TD WIDTH="589" HEIGHT="29" USERMARK="F-DU ">
<SPAN USERMARK="B">기초자산</SPAN>의 3차 자동조기상환평가가격이 
<SPAN USERMARK="BU">최초기준가격의 100% 이상인 경우</SPAN>
</TD>
</TR>

<TR ACOPY="Y" ADELETE="Y" HEIGHT="36">
<TD ALIGN="CENTER" WIDTH="33" HEIGHT="29" USERMARK="F-DU ">4차</TD>

<TD WIDTH="589" HEIGHT="29" USERMARK="F-DU ">
<SPAN USERMARK="B">기초자산</SPAN>의 4차 자동조기상환평가가격이 
<SPAN USERMARK="BU">최초기준가격의 100% 이상인 경우</SPAN>
</TD>
</TR>

<TR ACOPY="Y" ADELETE="Y" HEIGHT="36">
<TD ALIGN="CENTER" WIDTH="33" HEIGHT="29" USERMARK="F-DU ">5차</TD>

<TD WIDTH="589" HEIGHT="29" USERMARK="F-DU ">
<SPAN USERMARK="B">기초자산</SPAN>의 5차 자동조기상환평가가격이 
<SPAN USERMARK="BU">최초기준가격의 100% 이상인 경우</SPAN>
</TD>
</TR>
</TBODY>
</TABLE>
<P>ｏ 자동조기상환평가가격 : 해당 차수 자동조기상환평가일 기초자산 종가</P>
<P>ｏ 자동조기상환평가일 및 상환금액</P>

<TABLE ACLASS="NORMAL" WIDTH="460" BORDER="1" AFIXTABLE="N">

<COLGROUP WIDTH="460">
<COL WIDTH="59"></COL>
<COL WIDTH="228"></COL>
<COL WIDTH="173"></COL>
</COLGROUP>

<THEAD>

<TR ACOPY="Y" ADELETE="Y" HEIGHT="30">
<TH WIDTH="50" HEIGHT="23" USERMARK="F-DU B">차수</TH>
<TH WIDTH="219" HEIGHT="23" USERMARK="B">자동조기상환평가일</TH>
<TH WIDTH="164" HEIGHT="23" USERMARK="F-DU B">상환금액</TH>
</TR>
</THEAD>

<TBODY>

<TR ACOPY="Y" ADELETE="Y" HEIGHT="30">
<TD ALIGN="CENTER" VALIGN="MIDDLE" WIDTH="50" HEIGHT="23" USERMARK="F-DU ">1차</TD>
<TD ALIGN="CENTER" VALIGN="MIDDLE" WIDTH="219" HEIGHT="23" USERMARK="F-DU ">2026년 07월 06일</TD>
<TD ALIGN="CENTER" VALIGN="MIDDLE" WIDTH="164" HEIGHT="23" USERMARK="F-DU ">액면금액 × 103.700%</TD>
</TR>

<TR ACOPY="Y" ADELETE="Y" HEIGHT="30">
<TD ALIGN="CENTER" VALIGN="MIDDLE" WIDTH="50" HEIGHT="23" USERMARK="F-DU ">2차</TD>
<TD ALIGN="CENTER" VALIGN="MIDDLE" WIDTH="219" HEIGHT="23" USERMARK="F-DU ">2027년 01월 05일</TD>
<TD ALIGN="CENTER" VALIGN="MIDDLE" WIDTH="164" HEIGHT="23" USERMARK="F-DU ">액면금액 × 107.400%</TD>
</TR>

<TR ACOPY="Y" ADELETE="Y" HEIGHT="30">
<TD ALIGN="CENTER" VALIGN="MIDDLE" WIDTH="50" HEIGHT="23" USERMARK="F-DU ">3차</TD>
<TD ALIGN="CENTER" VALIGN="MIDDLE" WIDTH="219" HEIGHT="23" USERMARK="F-DU ">2027년 07월 05일</TD>
<TD ALIGN="CENTER" VALIGN="MIDDLE" WIDTH="164" HEIGHT="23" USERMARK="F-DU ">액면금액 × 111.100%</TD>
</TR>

<TR ACOPY="Y" ADELETE="Y" HEIGHT="30">
<TD ALIGN="CENTER" VALIGN="MIDDLE" WIDTH="50" HEIGHT="23" USERMARK="F-DU ">4차</TD>
<TD ALIGN="CENTER" VALIGN="MIDDLE" WIDTH="219" HEIGHT="23" USERMARK="F-DU ">2028년 01월 05일</TD>
<TD ALIGN="CENTER" VALIGN="MIDDLE" WIDTH="164" HEIGHT="23" USERMARK="F-DU ">액면금액 × 114.800%</TD>
</TR>

<TR ACOPY="Y" ADELETE="Y" HEIGHT="30">
<TD ALIGN="CENTER" VALIGN="MIDDLE" WIDTH="50" HEIGHT="23" USERMARK="F-DU ">5차</TD>
<TD ALIGN="CENTER" VALIGN="MIDDLE" WIDTH="219" HEIGHT="23" USERMARK="F-DU ">2028년 07월 05일</TD>
<TD ALIGN="CENTER" VALIGN="MIDDLE" WIDTH="164" HEIGHT="23" USERMARK="F-DU ">액면금액 × 118.500%</TD>
</TR>
</TBODY>
</TABLE>
<P>ｏ 자동조기상환일 : 해당 차수 자동조기상환평가일(불포함) 후 2영업일(서울 기준)</P>
<P>ｏ 자동조기상환 발생에 따라 상환이 이루어진 경우 본 증권은 종료되고 발행인은 이후 본 증권에 대하여 추가적인 의무를 부담하지 않음.</P>
<P>다. 만기상환</P>

<P>ｏ 자동조기상환이 발생하지 않은 경우 발행인은 
<SPAN USERMARK="B">만기일에 아래 만기상환금액 결정조건에 따라 결정된 상환금액을 지급</SPAN>함으로써 본 증권을 상환함.
</P>

<TABLE ACLASS="NORMAL" WIDTH="600" BORDER="1" AFIXTABLE="N">

<COLGROUP WIDTH="600">
<COL WIDTH="430"></COL>
<COL WIDTH="170"></COL>
</COLGROUP>

<THEAD>

<TR ACOPY="Y" ADELETE="Y" HEIGHT="30">
<TH WIDTH="421" HEIGHT="23" USERMARK="F-DU B">만기상환금액 결정조건</TH>
<TH WIDTH="161" HEIGHT="23" USERMARK="F-DU B">상환금액</TH>
</TR>
</THEAD>

<TBODY>

<TR ACOPY="Y" ADELETE="Y" HEIGHT="53">

<TD WIDTH="421" HEIGHT="46" USERMARK="F-DU ">(1) 
<SPAN USERMARK="B">기초자산</SPAN>의 만기평가가격이 
<SPAN USERMARK="BU">최초기준가격의 100%이상인 경우</SPAN>
</TD>
<TD WIDTH="161" HEIGHT="46" ALIGN="CENTER" VALIGN="MIDDLE" USERMARK="F-DU ">액면금액×122.200%</TD>
</TR>

<TR ACOPY="Y" ADELETE="Y" HEIGHT="76">

<TD WIDTH="421" HEIGHT="69" USERMARK="F-DU ">(2) 기초자산의 만기평가가격이
<SPAN USERMARK="BU">최초기준가격의 100% 미만인 경우</SPAN>
</TD>
<TD ALIGN="CENTER" VALIGN="MIDDLE" WIDTH="161" HEIGHT="69">액면금액 × 100.000%원금 지급</TD>
</TR>
</TBODY>
</TABLE>
<P USERMARK="F-10 ">※ 투자기간 : 최초기준가격 평가일(불포함)부터 만기평가일(포함) 까지</P>

<P>ｏ 
<SPAN USERMARK="B">만기평가가격</SPAN> : 만기평가일 기초자산 종가ｏ 
<SPAN USERMARK="B">만기평가일</SPAN> : 2029년 01월 05일ｏ 
<SPAN USERMARK="B">만기일</SPAN> : 2029년 01월 09일
</P>
<P></P>

<TABLE ACLASS="NORMAL" AFIXTABLE="N" BORDER="0" WIDTH="591">

<COLGROUP WIDTH="591">
<COL WIDTH="591"></COL>
</COLGROUP>

<TBODY>

<TR ACOPY="Y" ADELETE="Y" HEIGHT="30">
<TD WIDTH="582" HEIGHT="23" ALIGN="RIGHT">2026년 01월 05일</TD>
</TR>

<TR ACOPY="Y" ADELETE="Y" HEIGHT="30">
<TD WIDTH="582" HEIGHT="23" ALIGN="RIGHT">NH투자증권 주식회사</TD>
</TR>

<TR ACOPY="Y" ADELETE="Y" HEIGHT="30">
<TD WIDTH="582" HEIGHT="23" ALIGN="RIGHT">대표이사    윤병운    (인)</TD>
</TR>
</TBODY>
</TABLE>
</SECTION-2>
</LIBRARY>

</SECTION-1>
</BODY>
</DOCUMENT>