<?xml version="1.0" encoding="utf-8"?>


<DOCUMENT xmlns:xsi="http://www.w3.org/2001/XMLSchema-instance" xsi:noNamespaceSchemaLocation="dart4.xsd">

<DOCUMENT-NAME ACODE="80901">지급수단별ㆍ지급기간별지급금액및분쟁조정기구에관한사항</DOCUMENT-NAME>
<FORMULA-VERSION ADATE="20240607">6.0</FORMULA-VERSION>
<COMPANY-NAME AREGCIK="00415390">에스케이하이이엔지(주)</COMPANY-NAME>


<BODY ATOCID="2">

<LIBRARY>
<CORRECTION>
<TITLE ATOC="Y" AASSOCNOTE="CORRECTION" ENG="Report of Disclosure Revision" ATOCID="2">정 정 신 고 (보고)</TITLE>

<TABLE ACLASS="NORMAL" AFIXTABLE="Y" WIDTH="628" BORDER="0">

<COLGROUP WIDTH="628">
<COL WIDTH="628"></COL>
</COLGROUP>

<TBODY>

<TR ACOPY="N" ADELETE="N" HEIGHT="30">
<TD WIDTH="619" HEIGHT="23"></TD>
</TR>

<TR ACOPY="N" ADELETE="N" HEIGHT="30">
<TD WIDTH="619" HEIGHT="23" ALIGN="RIGHT">2026년 01월 06일</TD>
</TR>
</TBODY>
</TABLE>
<P></P>
<P></P>

<TABLE ACLASS="NORMAL" AFIXTABLE="Y" WIDTH="630" BORDER="0">

<COLGROUP WIDTH="630">
<COL WIDTH="165"></COL>
<COL WIDTH="465"></COL>
</COLGROUP>

<TBODY>

<TR ACOPY="N" ADELETE="N" HEIGHT="61">
<TD WIDTH="156" VALIGN="MIDDLE" AUPDATECONT="N" ENG="1. Disclosure document to be revised:" HEIGHT="54">1. 정정대상 공시서류 :</TD>

<TD WIDTH="456" VALIGN="MIDDLE" HEIGHT="54">
<SPAN>지급수단별ㆍ지급기간별 지급금액 및 분쟁조정기구에 관한 사항</SPAN>
</TD>
</TR>
</TBODY>
</TABLE>
<P></P>

<TABLE ACLASS="NORMAL" AFIXTABLE="Y" WIDTH="628" BORDER="0">

<COLGROUP WIDTH="628">
<COL WIDTH="260"></COL>
<COL WIDTH="368"></COL>
</COLGROUP>

<TBODY>

<TR ACOPY="N" ADELETE="N" HEIGHT="31">
<TD WIDTH="251" VALIGN="MIDDLE" AUPDATECONT="N" ENG="2. First submission date of disclosure document to be revised:" HEIGHT="24">2. 정정대상 공시서류의 최초제출일 :</TD>
<TD WIDTH="359" VALIGN="MIDDLE" HEIGHT="24">2025년 8월 13일</TD>
</TR>
</TBODY>
</TABLE>
<P></P>

<TABLE ACLASS="NORMAL" AFIXTABLE="Y" WIDTH="629" BORDER="0">

<COLGROUP WIDTH="629">
<COL WIDTH="629"></COL>
</COLGROUP>

<TBODY>

<TR ACOPY="N" ADELETE="N" HEIGHT="30">
<TD WIDTH="620" HEIGHT="23" VALIGN="MIDDLE" AUPDATECONT="N" ENG="3. Revised Information">3. 정정사항</TD>
</TR>
</TBODY>
</TABLE>

<TABLE ACLASS="NORMAL" AFIXTABLE="N" WIDTH="527" BORDER="1">

<COLGROUP WIDTH="527">
<COL WIDTH="263"></COL>
<COL WIDTH="118"></COL>
<COL WIDTH="73"></COL>
<COL WIDTH="73"></COL>
</COLGROUP>

<THEAD>

<TR ACOPY="N" ADELETE="N" HEIGHT="30">
<TH WIDTH="254" VALIGN="MIDDLE" ACOPYCOL="N" ADELETECOL="N" AMOVECOL="N" AUPDATECONT="N" ENG="Items" HEIGHT="23">항  목</TH>
<TH WIDTH="109" VALIGN="MIDDLE" ACOPYCOL="N" ADELETECOL="N" AMOVECOL="N" AUPDATECONT="N" ENG="Reason for revision" HEIGHT="23">정정사유</TH>
<TH WIDTH="64" VALIGN="MIDDLE" ACOPYCOL="N" ADELETECOL="N" AMOVECOL="N" AUPDATECONT="N" ENG="Before revision" HEIGHT="23">정 정 전</TH>
<TH WIDTH="64" VALIGN="MIDDLE" ACOPYCOL="N" ADELETECOL="N" AMOVECOL="N" AUPDATECONT="N" ENG="After revision" HEIGHT="23">정 정 후</TH>
</TR>
</THEAD>

<TBODY>

<TR ACOPY="Y" ADELETE="Y" HEIGHT="30">

<TD WIDTH="254" HEIGHT="23" ALIGN="CENTER" VALIGN="MIDDLE">
<SPAN>(제1호) 지급수단별 지급금액의 비중</SPAN>
</TD>
<TD WIDTH="109" HEIGHT="23" ALIGN="CENTER" VALIGN="MIDDLE">단순 기재 오류</TD>
<TD WIDTH="64" HEIGHT="23" ALIGN="CENTER" VALIGN="MIDDLE">% 기재</TD>
<TD WIDTH="64" HEIGHT="23" ALIGN="CENTER" VALIGN="MIDDLE">% 제외</TD>
</TR>

<TR ACOPY="Y" ADELETE="Y" HEIGHT="30">

<TD WIDTH="254" HEIGHT="23" ALIGN="CENTER" VALIGN="MIDDLE">
<SPAN>(제2호) 지급기간별 지급금액</SPAN>
<SPAN>의 비중</SPAN>
</TD>
<TD WIDTH="109" HEIGHT="23" ALIGN="CENTER" VALIGN="MIDDLE">단순 기재 오류</TD>
<TD WIDTH="64" HEIGHT="23" ALIGN="CENTER" VALIGN="MIDDLE">% 기재</TD>
<TD WIDTH="64" HEIGHT="23" ALIGN="CENTER" VALIGN="MIDDLE">% 제외</TD>
</TR>
</TBODY>
</TABLE>
<P></P>
<PGBRK></PGBRK>
</CORRECTION>
</LIBRARY>


<SECTION-1 ACLASS="MANDATORY" APARTSOURCE="SOURCE">
<TITLE ATOC="Y" AASSOCNOTE="D-0-1-0-0" ENG="Matters Concerning Payment Amount for Each Payment Method/Payment Period and Dispute Resolution Organization" ATOCID="1">지급수단별ㆍ지급기간별 지급금액 및 분쟁조정기구에 관한 사항</TITLE>
<P></P>

<TABLE ACLASS="NORMAL" WIDTH="1014" BORDER="1">

<COLGROUP WIDTH="1014">
<COL WIDTH="63"></COL>
<COL WIDTH="78"></COL>
<COL WIDTH="63"></COL>
<COL WIDTH="180"></COL>
<COL WIDTH="78"></COL>
<COL WIDTH="92"></COL>
<COL WIDTH="108"></COL>
<COL WIDTH="187"></COL>
<COL WIDTH="78"></COL>
<COL WIDTH="87"></COL>
</COLGROUP>

<TBODY>

<TR ACOPY="Y" ADELETE="Y" HEIGHT="53">
<TD ALIGN="CENTER" VALIGN="MIDDLE" WIDTH="54" HEIGHT="46">기업집단명</TD>
<TD ALIGN="CENTER" VALIGN="MIDDLE" WIDTH="69" HEIGHT="46">에스케이</TD>
<TD ALIGN="CENTER" VALIGN="MIDDLE" WIDTH="54" HEIGHT="46">회사명</TD>
<TD ALIGN="CENTER" VALIGN="MIDDLE" WIDTH="171" HEIGHT="46">에스케이하이이엔지(주)</TD>
<TD ALIGN="CENTER" VALIGN="MIDDLE" WIDTH="69" HEIGHT="46">공시일자</TD>
<TD ALIGN="CENTER" VALIGN="MIDDLE" WIDTH="83" HEIGHT="46">2025.08.13</TD>
<TD ALIGN="CENTER" VALIGN="MIDDLE" WIDTH="99" HEIGHT="46">공시대상기간</TD>
<TD ALIGN="CENTER" VALIGN="MIDDLE" WIDTH="178" HEIGHT="46">2025.01.01 ~ 2025.06.30</TD>
<TD ALIGN="CENTER" VALIGN="MIDDLE" WIDTH="69" HEIGHT="46">관련법규</TD>
<TD ALIGN="CENTER" VALIGN="MIDDLE" WIDTH="78" HEIGHT="46">하도급법제13조의3</TD>
</TR>
</TBODY>
</TABLE>
<P></P>
<P>1. (제1호) 지급수단별 지급금액</P>

<TABLE ACLASS="NORMAL" WIDTH="866" BORDER="0">

<COLGROUP WIDTH="866">
<COL WIDTH="866"></COL>
</COLGROUP>

<TBODY>

<TR ACOPY="Y" ADELETE="Y" HEIGHT="30">
<TD ALIGN="RIGHT" WIDTH="857" HEIGHT="23">[지급금액 단위(천원), 비중(%, 소수점 둘째자리)]</TD>
</TR>
</TBODY>
</TABLE>

<TABLE ACLASS="NORMAL" WIDTH="866" BORDER="1">

<COLGROUP WIDTH="866">
<COL WIDTH="48"></COL>
<COL WIDTH="92"></COL>
<COL WIDTH="49"></COL>
<COL WIDTH="49"></COL>
<COL WIDTH="49"></COL>
<COL WIDTH="33"></COL>
<COL WIDTH="48"></COL>
<COL WIDTH="84"></COL>
<COL WIDTH="49"></COL>
<COL WIDTH="84"></COL>
<COL WIDTH="54"></COL>
<COL WIDTH="54"></COL>
<COL WIDTH="33"></COL>
<COL WIDTH="48"></COL>
<COL WIDTH="92"></COL>
</COLGROUP>

<THEAD>

<TR ACOPY="Y" ADELETE="Y" HEIGHT="30">
<TH ROWSPAN="2" VALIGN="MIDDLE" WIDTH="39" HEIGHT="122" ACOPYCOL="Y" ADELETECOL="Y" AMOVECOL="N"></TH>
<TH ROWSPAN="2" VALIGN="MIDDLE" WIDTH="83" HEIGHT="122" ACOPYCOL="Y" ADELETECOL="Y" AMOVECOL="N">현금및수표</TH>
<TH COLSPAN="4" VALIGN="MIDDLE" WIDTH="171" HEIGHT="23" ACOPYCOL="Y" ADELETECOL="Y" AMOVECOL="N">상생결제</TH>
<TH COLSPAN="4" VALIGN="MIDDLE" WIDTH="256" HEIGHT="23" ACOPYCOL="Y" ADELETECOL="Y" AMOVECOL="N">어음대체결제수단</TH>
<TH COLSPAN="3" VALIGN="MIDDLE" WIDTH="132" HEIGHT="23" ACOPYCOL="Y" ADELETECOL="Y" AMOVECOL="N">어음</TH>
<TH ROWSPAN="2" VALIGN="MIDDLE" WIDTH="39" HEIGHT="122" ACOPYCOL="Y" ADELETECOL="Y" AMOVECOL="N">기타</TH>
<TH ROWSPAN="2" VALIGN="MIDDLE" WIDTH="83" HEIGHT="122" ACOPYCOL="Y" ADELETECOL="Y" AMOVECOL="N">계</TH>
</TR>

<TR ACOPY="Y" ADELETE="Y" HEIGHT="99">
<TH VALIGN="MIDDLE" WIDTH="40" HEIGHT="92" ACOPYCOL="Y" ADELETECOL="Y" AMOVECOL="N">만기10일이하</TH>
<TH VALIGN="MIDDLE" WIDTH="40" HEIGHT="92" ACOPYCOL="Y" ADELETECOL="Y" AMOVECOL="N">10일초과60일이하</TH>
<TH VALIGN="MIDDLE" WIDTH="40" HEIGHT="92" ACOPYCOL="Y" ADELETECOL="Y" AMOVECOL="N">60일초과</TH>
<TH VALIGN="MIDDLE" WIDTH="24" HEIGHT="92" ACOPYCOL="Y" ADELETECOL="Y" AMOVECOL="N">소계</TH>
<TH VALIGN="MIDDLE" WIDTH="39" HEIGHT="92" ACOPYCOL="Y" ADELETECOL="Y" AMOVECOL="N">만기1일이하</TH>
<TH VALIGN="MIDDLE" WIDTH="75" HEIGHT="92" ACOPYCOL="Y" ADELETECOL="Y" AMOVECOL="N">1일초과60일이하</TH>
<TH VALIGN="MIDDLE" WIDTH="40" HEIGHT="92" ACOPYCOL="Y" ADELETECOL="Y" AMOVECOL="N">60일초과</TH>
<TH VALIGN="MIDDLE" WIDTH="75" HEIGHT="92" ACOPYCOL="Y" ADELETECOL="Y" AMOVECOL="N">소계</TH>
<TH VALIGN="MIDDLE" WIDTH="45" HEIGHT="92" ACOPYCOL="Y" ADELETECOL="Y" AMOVECOL="N">어음(만기60일이하)</TH>
<TH VALIGN="MIDDLE" WIDTH="45" HEIGHT="92" ACOPYCOL="Y" ADELETECOL="Y" AMOVECOL="N">어음(만기60일초과)</TH>
<TH VALIGN="MIDDLE" WIDTH="24" HEIGHT="92" ACOPYCOL="Y" ADELETECOL="Y" AMOVECOL="N">소계</TH>
</TR>
</THEAD>

<TBODY>

<TR ACOPY="Y" ADELETE="Y" HEIGHT="53">
<TD ALIGN="CENTER" VALIGN="MIDDLE" WIDTH="39" HEIGHT="46">지급금액</TD>
<TD ALIGN="RIGHT" VALIGN="MIDDLE" WIDTH="83" HEIGHT="46">40,026,264</TD>
<TD ALIGN="RIGHT" VALIGN="MIDDLE" WIDTH="40" HEIGHT="46">-</TD>
<TD ALIGN="RIGHT" VALIGN="MIDDLE" WIDTH="40" HEIGHT="46">-</TD>
<TD ALIGN="RIGHT" VALIGN="MIDDLE" WIDTH="40" HEIGHT="46">-</TD>
<TD ALIGN="RIGHT" VALIGN="MIDDLE" WIDTH="24" HEIGHT="46">-</TD>
<TD ALIGN="RIGHT" VALIGN="MIDDLE" WIDTH="39" HEIGHT="46">-</TD>
<TD ALIGN="RIGHT" VALIGN="MIDDLE" WIDTH="75" HEIGHT="46">2,950,178</TD>
<TD ALIGN="RIGHT" VALIGN="MIDDLE" WIDTH="40" HEIGHT="46">-</TD>
<TD ALIGN="RIGHT" VALIGN="MIDDLE" WIDTH="75" HEIGHT="46">2,950,178</TD>
<TD ALIGN="RIGHT" VALIGN="MIDDLE" WIDTH="45" HEIGHT="46">-</TD>
<TD ALIGN="RIGHT" VALIGN="MIDDLE" WIDTH="45" HEIGHT="46">-</TD>
<TD ALIGN="RIGHT" VALIGN="MIDDLE" WIDTH="24" HEIGHT="46">-</TD>
<TD ALIGN="RIGHT" VALIGN="MIDDLE" WIDTH="39" HEIGHT="46">-</TD>
<TD ALIGN="RIGHT" VALIGN="MIDDLE" WIDTH="83" HEIGHT="46">42,976,442</TD>
</TR>

<TR ACOPY="Y" ADELETE="Y" HEIGHT="30">
<TD ALIGN="CENTER" VALIGN="MIDDLE" WIDTH="39" HEIGHT="23">비중</TD>
<TD ALIGN="CENTER" VALIGN="MIDDLE" WIDTH="83" HEIGHT="23">93.14</TD>
<TD ALIGN="RIGHT" VALIGN="MIDDLE" WIDTH="40" HEIGHT="23">-</TD>
<TD ALIGN="RIGHT" VALIGN="MIDDLE" WIDTH="40" HEIGHT="23">-</TD>
<TD ALIGN="RIGHT" VALIGN="MIDDLE" WIDTH="40" HEIGHT="23">-</TD>
<TD ALIGN="RIGHT" VALIGN="MIDDLE" WIDTH="24" HEIGHT="23">-</TD>
<TD ALIGN="RIGHT" VALIGN="MIDDLE" WIDTH="39" HEIGHT="23">-</TD>
<TD ALIGN="CENTER" VALIGN="MIDDLE" WIDTH="75" HEIGHT="23">6.86</TD>
<TD ALIGN="RIGHT" VALIGN="MIDDLE" WIDTH="40" HEIGHT="23">-</TD>
<TD ALIGN="CENTER" VALIGN="MIDDLE" WIDTH="75" HEIGHT="23">6.86</TD>
<TD ALIGN="RIGHT" VALIGN="MIDDLE" WIDTH="45" HEIGHT="23">-</TD>
<TD ALIGN="RIGHT" VALIGN="MIDDLE" WIDTH="45" HEIGHT="23">-</TD>
<TD ALIGN="RIGHT" VALIGN="MIDDLE" WIDTH="24" HEIGHT="23">-</TD>
<TD ALIGN="RIGHT" VALIGN="MIDDLE" WIDTH="39" HEIGHT="23">-</TD>
<TD ALIGN="CENTER" VALIGN="MIDDLE" WIDTH="83" HEIGHT="23">100.00</TD>
</TR>

<TR ACOPY="Y" ADELETE="Y" HEIGHT="30">
<TD COLSPAN="10" ALIGN="RIGHT" VALIGN="MIDDLE" WIDTH="576" HEIGHT="23">현금결제비율</TD>
<TD COLSPAN="5" ALIGN="CENTER" VALIGN="MIDDLE" WIDTH="272" HEIGHT="23">93.14</TD>
</TR>

<TR ACOPY="Y" ADELETE="Y" HEIGHT="30">
<TD COLSPAN="10" ALIGN="RIGHT" VALIGN="MIDDLE" WIDTH="576" HEIGHT="23">현금성결제비율</TD>
<TD COLSPAN="5" ALIGN="CENTER" VALIGN="MIDDLE" WIDTH="272" HEIGHT="23">100.00</TD>
</TR>

<TR ACOPY="Y" ADELETE="Y" HEIGHT="30">
<TD ALIGN="CENTER" VALIGN="MIDDLE" WIDTH="39" HEIGHT="23">비고</TD>
<TD COLSPAN="14" VALIGN="MIDDLE" WIDTH="809" HEIGHT="23">-</TD>
</TR>
</TBODY>
</TABLE>
<P></P>
<P>2. (제2호) 지급기간별 지급금액</P>

<TABLE ACLASS="NORMAL" WIDTH="600" BORDER="0">

<COLGROUP WIDTH="600">
<COL WIDTH="600"></COL>
</COLGROUP>

<TBODY>

<TR ACOPY="Y" ADELETE="Y" HEIGHT="30">
<TD ALIGN="RIGHT" WIDTH="591" HEIGHT="23">[지급금액 단위(천원), 비중(%, 소수점 둘째자리)]</TD>
</TR>
</TBODY>
</TABLE>

<TABLE ACLASS="NORMAL" WIDTH="600" BORDER="1">

<COLGROUP WIDTH="600">
<COL WIDTH="100"></COL>
<COL WIDTH="100"></COL>
<COL WIDTH="100"></COL>
<COL WIDTH="100"></COL>
<COL WIDTH="100"></COL>
<COL WIDTH="100"></COL>
</COLGROUP>

<THEAD>

<TR ACOPY="Y" ADELETE="Y" HEIGHT="53">
<TH VALIGN="MIDDLE" WIDTH="91" HEIGHT="46" ACOPYCOL="Y" ADELETECOL="Y" AMOVECOL="N"></TH>
<TH VALIGN="MIDDLE" WIDTH="91" HEIGHT="46" ACOPYCOL="Y" ADELETECOL="Y" AMOVECOL="N">10일 이내</TH>
<TH VALIGN="MIDDLE" WIDTH="91" HEIGHT="46" ACOPYCOL="Y" ADELETECOL="Y" AMOVECOL="N">10일 초과15일 이하</TH>
<TH VALIGN="MIDDLE" WIDTH="91" HEIGHT="46" ACOPYCOL="Y" ADELETECOL="Y" AMOVECOL="N">15일 초과30일 이하</TH>
<TH VALIGN="MIDDLE" WIDTH="91" HEIGHT="46" ACOPYCOL="Y" ADELETECOL="Y" AMOVECOL="N">30일 초과60일 이하</TH>
<TH VALIGN="MIDDLE" WIDTH="91" HEIGHT="46" ACOPYCOL="Y" ADELETECOL="Y" AMOVECOL="N">60일 초과</TH>
</TR>
</THEAD>

<TBODY>

<TR ACOPY="Y" ADELETE="Y" HEIGHT="30">
<TD ALIGN="CENTER" WIDTH="91" HEIGHT="23">지급금액</TD>
<TD ALIGN="RIGHT" VALIGN="MIDDLE" WIDTH="91" HEIGHT="23">40,026,264</TD>
<TD ALIGN="RIGHT" VALIGN="MIDDLE" WIDTH="91" HEIGHT="23">-</TD>
<TD ALIGN="RIGHT" VALIGN="MIDDLE" WIDTH="91" HEIGHT="23">-</TD>
<TD ALIGN="RIGHT" VALIGN="MIDDLE" WIDTH="91" HEIGHT="23">2,950,178</TD>
<TD ALIGN="RIGHT" VALIGN="MIDDLE" WIDTH="91" HEIGHT="23">-</TD>
</TR>

<TR ACOPY="Y" ADELETE="Y" HEIGHT="30">
<TD ALIGN="CENTER" WIDTH="91" HEIGHT="23">비중</TD>
<TD ALIGN="CENTER" VALIGN="MIDDLE" WIDTH="91" HEIGHT="23">93.14</TD>
<TD ALIGN="RIGHT" VALIGN="MIDDLE" WIDTH="91" HEIGHT="23">-</TD>
<TD ALIGN="RIGHT" VALIGN="MIDDLE" WIDTH="91" HEIGHT="23">-</TD>
<TD ALIGN="CENTER" VALIGN="MIDDLE" WIDTH="91" HEIGHT="23">6.86</TD>
<TD ALIGN="RIGHT" VALIGN="MIDDLE" WIDTH="91" HEIGHT="23">-</TD>
</TR>

<TR ACOPY="Y" ADELETE="Y" HEIGHT="30">
<TD ALIGN="CENTER" WIDTH="91" HEIGHT="23">비고</TD>
<TD VALIGN="MIDDLE" WIDTH="491" HEIGHT="23" COLSPAN="5">-</TD>
</TR>
</TBODY>
</TABLE>
<P>3. (제3호) 분쟁조정기구에 관한 사항</P>

<TABLE BORDER="1" WIDTH="600" ACLASS="NORMAL">

<COLGROUP WIDTH="600">
<COL WIDTH="300"></COL>
<COL WIDTH="300"></COL>
</COLGROUP>

<TBODY>

<TR ACOPY="Y" ADELETE="Y" HEIGHT="30">
<TD ALIGN="CENTER" VALIGN="MIDDLE" WIDTH="291" HEIGHT="23"></TD>
<TD ALIGN="CENTER" VALIGN="MIDDLE" WIDTH="291" HEIGHT="23">내용</TD>
</TR>

<TR ACOPY="Y" ADELETE="Y" HEIGHT="30">
<TD ALIGN="CENTER" VALIGN="MIDDLE" WIDTH="291" HEIGHT="23">분쟁조정기구 설치 여부</TD>
<TD ALIGN="CENTER" VALIGN="MIDDLE" WIDTH="291" HEIGHT="23">X</TD>
</TR>

<TR ACOPY="Y" ADELETE="Y" HEIGHT="30">
<TD ALIGN="CENTER" VALIGN="MIDDLE" WIDTH="291" HEIGHT="23">담당부서 및 연락처</TD>
<TD ALIGN="CENTER" VALIGN="MIDDLE" WIDTH="291" HEIGHT="23">-</TD>
</TR>

<TR ACOPY="Y" ADELETE="Y" HEIGHT="30">
<TD ALIGN="CENTER" VALIGN="MIDDLE" WIDTH="291" HEIGHT="23">분쟁조정 신청 절차ㆍ방법</TD>
<TD ALIGN="CENTER" VALIGN="MIDDLE" WIDTH="291" HEIGHT="23">-</TD>
</TR>

<TR ACOPY="Y" ADELETE="Y" HEIGHT="30">
<TD ALIGN="CENTER" VALIGN="MIDDLE" WIDTH="291" HEIGHT="23">분쟁조정 예상 소요기간</TD>
<TD ALIGN="CENTER" VALIGN="MIDDLE" WIDTH="291" HEIGHT="23">-</TD>
</TR>

<TR ACOPY="Y" ADELETE="Y" HEIGHT="30">
<TD ALIGN="CENTER" VALIGN="MIDDLE" WIDTH="291" HEIGHT="23">비고</TD>
<TD ALIGN="CENTER" VALIGN="MIDDLE" WIDTH="291" HEIGHT="23">-</TD>
</TR>
</TBODY>
</TABLE>
<P></P>
</SECTION-1>
</BODY>
</DOCUMENT>