<?xml version="1.0" encoding="utf-8"?>


<DOCUMENT xmlns:xsi="http://www.w3.org/2001/XMLSchema-instance" xsi:noNamespaceSchemaLocation="dart4.xsd">

<DOCUMENT-NAME ACODE="80706">특수관계인과의수익증권거래</DOCUMENT-NAME>
<FORMULA-VERSION ADATE="20240129">6.0</FORMULA-VERSION>
<COMPANY-NAME AREGCIK="00103176">흥국화재해상보험</COMPANY-NAME>


<BODY ATOCID="1">

<SECTION-1 ACLASS="MANDATORY" APARTSOURCE="SOURCE">
<TITLE ATOC="Y" AASSOCNOTE="D-0-1-0-0" ENG="Transaction of Beneficiary Certificates with Related Party" ATOCID="1">특수관계인과의 수익증권거래</TITLE>
<P></P>

<TABLE ACLASS="NORMAL" WIDTH="761" BORDER="1">

<COLGROUP WIDTH="761">
<COL WIDTH="93"></COL>
<COL WIDTH="48"></COL>
<COL WIDTH="63"></COL>
<COL WIDTH="165"></COL>
<COL WIDTH="78"></COL>
<COL WIDTH="92"></COL>
<COL WIDTH="78"></COL>
<COL WIDTH="144"></COL>
</COLGROUP>

<TBODY>

<TR ACOPY="Y" ADELETE="Y" HEIGHT="30">
<TD ALIGN="CENTER" VALIGN="MIDDLE" WIDTH="84" HEIGHT="23">기업집단명</TD>
<TD VALIGN="MIDDLE" WIDTH="39" HEIGHT="23" ALIGN="CENTER">태광</TD>
<TD ALIGN="CENTER" VALIGN="MIDDLE" WIDTH="54" HEIGHT="23">회사명</TD>
<TD VALIGN="MIDDLE" WIDTH="156" HEIGHT="23" ALIGN="CENTER">흥국화재해상보험(주)</TD>
<TD ALIGN="CENTER" VALIGN="MIDDLE" WIDTH="69" HEIGHT="23">공시일자</TD>
<TD VALIGN="MIDDLE" WIDTH="83" HEIGHT="23" ALIGN="CENTER">2026.01.05</TD>
<TD ALIGN="CENTER" VALIGN="MIDDLE" WIDTH="69" HEIGHT="23">관련법규</TD>
<TD ALIGN="CENTER" VALIGN="MIDDLE" WIDTH="135" HEIGHT="23">공정거래법 제26조</TD>
</TR>
</TBODY>
</TABLE>
<P></P>

<TABLE ACLASS="NORMAL" AFIXTABLE="N" WIDTH="761" BORDER="0">

<COLGROUP WIDTH="761">
<COL WIDTH="235"></COL>
<COL WIDTH="526"></COL>
</COLGROUP>

<TBODY>

<TR ACOPY="Y" ADELETE="Y" HEIGHT="30">
<TD WIDTH="226" HEIGHT="23"></TD>
<TD ALIGN="RIGHT" WIDTH="517" HEIGHT="23">(단위 : 백만 원)</TD>
</TR>
</TBODY>
</TABLE>

<TABLE ACLASS="NORMAL" AFIXTABLE="N" WIDTH="760" BORDER="1">

<COLGROUP WIDTH="760">
<COL WIDTH="156"></COL>
<COL WIDTH="138"></COL>
<COL WIDTH="180"></COL>
<COL WIDTH="113"></COL>
<COL WIDTH="173"></COL>
</COLGROUP>

<TBODY>

<TR ACOPY="Y" ADELETE="Y" HEIGHT="30">
<TD COLSPAN="2" WIDTH="285" HEIGHT="23">1. 거래상대방</TD>
<TD WIDTH="171" ALIGN="CENTER" HEIGHT="23">흥국자산운용(주)</TD>
<TD WIDTH="104" HEIGHT="23">회사와의 관계</TD>
<TD WIDTH="164" ALIGN="CENTER" HEIGHT="23">계열회사</TD>
</TR>

<TR ACOPY="Y" ADELETE="Y" HEIGHT="30">
<TD COLSPAN="2" WIDTH="285" HEIGHT="23">2. 거래일자</TD>
<TD COLSPAN="3" ALIGN="CENTER" WIDTH="457" HEIGHT="23">2026년 1월 (예정) 주1)</TD>
</TR>

<TR ACOPY="Y" ADELETE="Y" HEIGHT="30">
<TD COLSPAN="2" WIDTH="285" HEIGHT="23">3. 거래금액</TD>
<TD COLSPAN="3" ALIGN="CENTER" WIDTH="457" HEIGHT="23">30,000 (한도) 주2)</TD>
</TR>

<TR ACOPY="Y" ADELETE="Y" HEIGHT="30">
<TD COLSPAN="2" WIDTH="285" HEIGHT="23">4. 잔액</TD>
<TD COLSPAN="3" ALIGN="CENTER" WIDTH="457" HEIGHT="23">184,632 주3)</TD>
</TR>

<TR ACOPY="Y" ADELETE="Y" HEIGHT="30">
<TD ROWSPAN="4" VALIGN="MIDDLE" WIDTH="147" HEIGHT="113">5. 수익증권 내역</TD>
<TD WIDTH="129" HEIGHT="23">가. 수익증권 명칭</TD>
<TD COLSPAN="3" ALIGN="CENTER" WIDTH="457" HEIGHT="23">흥국HK시니어론일반사모투자신탁제7호(가칭)</TD>
</TR>

<TR ACOPY="Y" ADELETE="Y" HEIGHT="30">
<TD WIDTH="129" HEIGHT="23">나. 펀드운용사</TD>
<TD ALIGN="CENTER" WIDTH="171" HEIGHT="23">흥국자산운용(주)</TD>
<TD WIDTH="104" HEIGHT="23">회사와의 관계</TD>
<TD ALIGN="CENTER" WIDTH="164" HEIGHT="23">계열회사</TD>
</TR>

<TR ACOPY="Y" ADELETE="Y" HEIGHT="30">
<TD WIDTH="129" HEIGHT="23">다. 기간</TD>
<TD COLSPAN="3" ALIGN="CENTER" WIDTH="457" HEIGHT="23">설정일로부터 2년 주4)</TD>
</TR>

<TR ACOPY="Y" ADELETE="Y" HEIGHT="30">
<TD WIDTH="129" HEIGHT="23">라. 만기일</TD>
<TD COLSPAN="3" ALIGN="CENTER" WIDTH="457" HEIGHT="23">설정일로부터 7년 주5)</TD>
</TR>

<TR ACOPY="Y" ADELETE="Y" HEIGHT="30">
<TD COLSPAN="2" WIDTH="285" HEIGHT="23">6. 거래목적</TD>
<TD COLSPAN="3" ALIGN="CENTER" WIDTH="457" HEIGHT="23">수익증권 투자</TD>
</TR>

<TR ACOPY="Y" ADELETE="Y" HEIGHT="30">
<TD COLSPAN="2" WIDTH="285" HEIGHT="23">7. 이사회 의결일</TD>
<TD COLSPAN="3" ALIGN="CENTER" WIDTH="457" HEIGHT="23">2025.12.30</TD>
</TR>

<TR ACOPY="Y" ADELETE="Y" HEIGHT="30">
<TD ROWSPAN="2" WIDTH="147" HEIGHT="53">- 사외이사 참석여부</TD>
<TD WIDTH="129" HEIGHT="23">참석(명)</TD>
<TD COLSPAN="3" ALIGN="CENTER" WIDTH="457" HEIGHT="23">4</TD>
</TR>

<TR ACOPY="Y" ADELETE="Y" HEIGHT="30">
<TD WIDTH="129" HEIGHT="23">불참(명)</TD>
<TD COLSPAN="3" ALIGN="CENTER" WIDTH="457" HEIGHT="23">0</TD>
</TR>

<TR ACOPY="Y" ADELETE="Y" HEIGHT="30">
<TD COLSPAN="2" WIDTH="285" HEIGHT="23">- 감사(감사위원)참석여부</TD>
<TD COLSPAN="3" ALIGN="CENTER" WIDTH="457" HEIGHT="23">-</TD>
</TR>

<TR ACOPY="Y" ADELETE="Y" HEIGHT="30">
<TD COLSPAN="2" WIDTH="285" HEIGHT="23">8. 기타</TD>
<TD COLSPAN="3" ALIGN="CENTER" WIDTH="457" HEIGHT="23">-</TD>
</TR>

<TR ACOPY="Y" ADELETE="Y" HEIGHT="30">
<TD COLSPAN="2" WIDTH="285" HEIGHT="23">※ 관련공시일</TD>
<TD COLSPAN="3" ALIGN="CENTER" WIDTH="457" HEIGHT="23">-</TD>
</TR>
</TBODY>
</TABLE>
<P>주1) 투자계약 체결일 기준이며, 향후 변동 가능함주2) 당사 투자액의 최대 한도금액이며, 실제 거래금액은 한도내에서 변동가능함주3) 흥국자산운용(주)과의 총 거래잔액임 (2025.12.31. 가마감 장부가 기준)주4) 최초 투자예정기간으로 수익자동의를 얻어 연장될 수 있음주5) 만기 예정기간으로 수익자동의를 얻어 연장될 수 있음</P>
</SECTION-1>
</BODY>
</DOCUMENT>