<?xml version="1.0" encoding="utf-8"?>


<DOCUMENT xmlns:xsi="http://www.w3.org/2001/XMLSchema-instance" xsi:noNamespaceSchemaLocation="dart4.xsd">

<DOCUMENT-NAME ACODE="00636">주식등의 대량보유상황보고서(일반)</DOCUMENT-NAME>
<FORMULA-VERSION SUBVER="2" ADATE="20231229">6.0</FORMULA-VERSION>
<COMPANY-NAME AREGCIK="00158565">한국알콜산업(주)</COMPANY-NAME>

<SUMMARY>
<EXTRACTION ACODE="HOLDCHECK" AFEATURE="BOTH">1100</EXTRACTION>
<EXTRACTION ACODE="HOLDRSN" AFEATURE="BOTH">1000</EXTRACTION>
<EXTRACTION ACODE="OUTDATE" AFEATURE="BOTH"></EXTRACTION>
</SUMMARY>


<BODY ATOCID="27">

<COVER>
<COVER-TITLE ATOC="Y" AASSOCNOTE="COVER" ENG="Report on Significant Holdings of Stocks, etc." ATOCID="1">주식등의 대량보유상황보고서</COVER-TITLE>

<TABLE-GROUP ACLASS="RPT_RSP_DT" ADELETETABLE="N">

<TABLE ACLASS="EXTRACTION" AFIXTABLE="Y" WIDTH="600" BORDER="0">

<COLGROUP WIDTH="600">
<COL WIDTH="299"></COL>
<COL WIDTH="145"></COL>
<COL WIDTH="156"></COL>
</COLGROUP>

<TBODY>

<TR ACOPY="Y" ADELETE="Y" HEIGHT="53">
<TD COLSPAN="3" ALIGN="CENTER" VALIGN="MIDDLE" WIDTH="591" HEIGHT="46" AUPDATECONT="N" ENG="(General form: For cases where “the purpose of holding the stocks is not to exercise influence over the issuer’s business administration” as defined in report types under Article 147 of the Financial Investment Services and Capital Markets Act)">(일반서식 : 자본시장과 금융투자업에 관한 법률 제147조에 의한 보고 중 '경영권에 영향을 주기 위한 목적'의 경우)</TD>
</TR>

<TR ACOPY="Y" ADELETE="Y" HEIGHT="76">
<TD COLSPAN="3" ALIGN="CENTER" VALIGN="MIDDLE" WIDTH="591" HEIGHT="69"></TD>
</TR>

<TR ACOPY="Y" ADELETE="Y" HEIGHT="30">
<TD VALIGN="MIDDLE" WIDTH="290" HEIGHT="23">금융위원회 귀중</TD>
<TD VALIGN="MIDDLE" WIDTH="136" HEIGHT="23" AUPDATECONT="N" ENG="Date of occurrence of reporting obligation:">보고의무발생일　 :</TD>
<TU ALIGN="CENTER" VALIGN="MIDDLE" WIDTH="147" HEIGHT="23" AUNIT="RPT_RSP_DT" AUNITVALUE="20251226">2025년 12월 26일</TU>
</TR>

<TR ACOPY="Y" ADELETE="Y" HEIGHT="30">
<TD VALIGN="MIDDLE" WIDTH="290" HEIGHT="23">한국거래소 귀중</TD>
<TD VALIGN="MIDDLE" WIDTH="136" HEIGHT="23" AUPDATECONT="N" ENG="Report preparation date:">보고서작성기준일 :</TD>
<TU ALIGN="CENTER" VALIGN="MIDDLE" WIDTH="147" HEIGHT="23" AUNIT="RPT_REF_DT" AUNITVALUE="20260105">2026년 01월 05일</TU>
</TR>

<TR ACOPY="Y" ADELETE="Y" HEIGHT="30">
<TD VALIGN="MIDDLE" WIDTH="290" HEIGHT="23"></TD>
<TD VALIGN="MIDDLE" WIDTH="136" HEIGHT="23" AUPDATECONT="N" ENG="Reporting entity:">보고자 : </TD>
<TE ALIGN="CENTER" VALIGN="MIDDLE" WIDTH="147" HEIGHT="23" ACODE="RPT_RSP_NM">(주)케이씨엔에이</TE>
</TR>
</TBODY>
</TABLE>
</TABLE-GROUP>
<P></P>

<TABLE-GROUP ACLASS="SUM_INF" ADELETETABLE="N">

<TABLE ACLASS="EXTRACTION" AFIXTABLE="Y" WIDTH="604" BORDER="1">

<COLGROUP WIDTH="604">
<COL WIDTH="248"></COL>
<COL WIDTH="135"></COL>
<COL WIDTH="143"></COL>
<COL WIDTH="78"></COL>
</COLGROUP>

<TBODY>

<TR ACOPY="N" ADELETE="N" HEIGHT="30">
<TD COLSPAN="4" ALIGN="CENTER" VALIGN="MIDDLE" WIDTH="595" AUPDATECONT="N" ENG="Summary of Information" HEIGHT="23">요약정보</TD>
</TR>

<TR ACOPY="Y" ADELETE="Y" HEIGHT="30">
<TD ALIGN="CENTER" VALIGN="MIDDLE" AUPDATECONT="N" ENG="Issuing company name" WIDTH="239" HEIGHT="23">발행회사명</TD>
<TE ALIGN="CENTER" VALIGN="MIDDLE" ACODE="CRP_NM" WIDTH="126" HEIGHT="23">한국알콜산업(주)</TE>
<TD ALIGN="CENTER" VALIGN="MIDDLE" AUPDATECONT="N" ENG="Relationship to issuing company" WIDTH="134" HEIGHT="23">발행회사와의 관계</TD>
<TU ALIGN="CENTER" VALIGN="MIDDLE" AUNIT="FLT_CRP_RLT" AUNITVALUE="10" WIDTH="69" HEIGHT="23" ENG="Largest shareholders">최대주주</TU>
</TR>

<TR ACOPY="N" ADELETE="N" HEIGHT="30">
<TD ALIGN="CENTER" VALIGN="MIDDLE" AUPDATECONT="N" ENG="Type of reporting" WIDTH="239" HEIGHT="23">보고구분</TD>
<TU COLSPAN="3" ALIGN="CENTER" VALIGN="MIDDLE" AUNIT="RPT_DST1" AUNITVALUE="2" WIDTH="347" HEIGHT="23" ENG="Changes">변동</TU>
</TR>

<TR ACOPY="N" ADELETE="N" HEIGHT="30">
<TD ROWSPAN="3" ALIGN="CENTER" VALIGN="MIDDLE" AUPDATECONT="N" ENG="Number of stocks, etc. held and holding ratio" WIDTH="239" HEIGHT="83">보유주식등의 수 및 보유비율</TD>
<TD ALIGN="CENTER" VALIGN="MIDDLE" AUPDATECONT="N" WIDTH="126" HEIGHT="23"></TD>
<TD ALIGN="CENTER" VALIGN="MIDDLE" AUPDATECONT="N" ENG="Number of shares held, etc." WIDTH="134" HEIGHT="23">보유주식등의 수</TD>
<TD ALIGN="CENTER" VALIGN="MIDDLE" AUPDATECONT="N" ENG="Holdings ratio" WIDTH="69" HEIGHT="23">보유비율</TD>
</TR>

<TR ACOPY="N" ADELETE="N" HEIGHT="30">
<TD ALIGN="CENTER" VALIGN="MIDDLE" AUPDATECONT="N" ENG="Previous report" WIDTH="126" HEIGHT="23">직전 보고서</TD>
<TE ALIGN="CENTER" VALIGN="MIDDLE" ACODE="SUM_BMT_CNT" WIDTH="134" HEIGHT="23">8,389,902</TE>
<TE ALIGN="CENTER" VALIGN="MIDDLE" ACODE="SUM_BMT_RT" WIDTH="69" HEIGHT="23">38.83</TE>
</TR>

<TR ACOPY="N" ADELETE="N" HEIGHT="30">
<TD ALIGN="CENTER" VALIGN="MIDDLE" AUPDATECONT="N" ENG="Current report" WIDTH="126" HEIGHT="23">이번 보고서</TD>
<TE ALIGN="CENTER" VALIGN="MIDDLE" ACODE="SUM_TMT_CNT" WIDTH="134" HEIGHT="23">8,389,902</TE>
<TE ALIGN="CENTER" VALIGN="MIDDLE" ACODE="SUM_TMT_RT" WIDTH="69" HEIGHT="23">39.44</TE>
</TR>

<TR ACOPY="N" ADELETE="N" HEIGHT="30">
<TD ROWSPAN="3" ALIGN="CENTER" VALIGN="MIDDLE" AUPDATECONT="N" ENG="Number and ratio of stocks, etc. with major contracts" WIDTH="239" HEIGHT="83">주요계약체결 주식등의 수 및 비율</TD>
<TD ALIGN="CENTER" VALIGN="MIDDLE" AUPDATECONT="N" WIDTH="126" HEIGHT="23"></TD>
<TD ALIGN="CENTER" VALIGN="MIDDLE" AUPDATECONT="N" ENG="Number of shares, etc." WIDTH="134" HEIGHT="23">주식등의 수</TD>
<TD ALIGN="CENTER" VALIGN="MIDDLE" AUPDATECONT="N" ENG="Ratio" WIDTH="69" HEIGHT="23">비율</TD>
</TR>

<TR ACOPY="N" ADELETE="N" HEIGHT="30">
<TD ALIGN="CENTER" VALIGN="MIDDLE" AUPDATECONT="N" ENG="Previous report" WIDTH="126" HEIGHT="23">직전 보고서</TD>
<TE ALIGN="CENTER" VALIGN="MIDDLE" ACODE="CTR_BMT_CNT" WIDTH="134" HEIGHT="23">-</TE>
<TE ALIGN="CENTER" VALIGN="MIDDLE" ACODE="CTR_BMT_RT" WIDTH="69" HEIGHT="23">-</TE>
</TR>

<TR ACOPY="N" ADELETE="N" HEIGHT="30">
<TD ALIGN="CENTER" VALIGN="MIDDLE" AUPDATECONT="N" ENG="Current report" WIDTH="126" HEIGHT="23">이번 보고서</TD>
<TE ALIGN="CENTER" VALIGN="MIDDLE" ACODE="CTR_TMT_CNT" WIDTH="134" HEIGHT="23">-</TE>
<TE ALIGN="CENTER" VALIGN="MIDDLE" ACODE="CTR_TMT_RT" WIDTH="69" HEIGHT="23">-</TE>
</TR>

<TR ACOPY="N" ADELETE="N" HEIGHT="30">
<TD ROWSPAN="3" ALIGN="CENTER" VALIGN="MIDDLE" AUPDATECONT="N" ENG="Number of voting rights and holding ratio" WIDTH="239" HEIGHT="83">의결권의 수 및 보유비율</TD>
<TD ALIGN="CENTER" VALIGN="MIDDLE" AUPDATECONT="N" WIDTH="126" HEIGHT="23"></TD>
<TD ALIGN="CENTER" VALIGN="MIDDLE" AUPDATECONT="N" ENG="Number of voting rights" WIDTH="134" HEIGHT="23">의결권의 수</TD>
<TD ALIGN="CENTER" VALIGN="MIDDLE" AUPDATECONT="N" ENG="Holdings ratio" WIDTH="69" HEIGHT="23">보유비율</TD>
</TR>

<TR ACOPY="N" ADELETE="N" HEIGHT="30">
<TD ALIGN="CENTER" VALIGN="MIDDLE" AUPDATECONT="N" ENG="Previous report" WIDTH="126" HEIGHT="23">직전 보고서</TD>
<TE ALIGN="CENTER" VALIGN="MIDDLE" ACODE="VR_BMT_CNT" WIDTH="134" HEIGHT="23">8,389,902</TE>
<TE ALIGN="CENTER" VALIGN="MIDDLE" ACODE="VR_BMT_RT" WIDTH="69" HEIGHT="23">38.83</TE>
</TR>

<TR ACOPY="N" ADELETE="N" HEIGHT="30">
<TD ALIGN="CENTER" VALIGN="MIDDLE" AUPDATECONT="N" ENG="Current report" WIDTH="126" HEIGHT="23">이번 보고서</TD>
<TE ALIGN="CENTER" VALIGN="MIDDLE" ACODE="VR_TMT_CNT" WIDTH="134" HEIGHT="23">8,389,902</TE>
<TE ALIGN="CENTER" VALIGN="MIDDLE" ACODE="VR_TMT_RT" WIDTH="69" HEIGHT="23">39.44</TE>
</TR>

<TR ACOPY="N" ADELETE="N" HEIGHT="30">
<TD ROWSPAN="3" ALIGN="CENTER" VALIGN="MIDDLE" AUPDATECONT="N" ENG="Number and ratio of voting rights, etc. with major contracts" WIDTH="239" HEIGHT="83">주요계약체결 의결권의 수 및비율</TD>
<TD ALIGN="CENTER" VALIGN="MIDDLE" AUPDATECONT="N" WIDTH="126" HEIGHT="23"></TD>
<TD ALIGN="CENTER" VALIGN="MIDDLE" AUPDATECONT="N" ENG="Number of voting rights" WIDTH="134" HEIGHT="23">의결권의 수</TD>
<TD ALIGN="CENTER" VALIGN="MIDDLE" AUPDATECONT="N" ENG="Ratio" WIDTH="69" HEIGHT="23">비율</TD>
</TR>

<TR ACOPY="N" ADELETE="N" HEIGHT="30">
<TD ALIGN="CENTER" VALIGN="MIDDLE" AUPDATECONT="N" ENG="Previous report" WIDTH="126" HEIGHT="23">직전 보고서</TD>
<TE ALIGN="CENTER" VALIGN="MIDDLE" ACODE="CVR_BMT_CNT" WIDTH="134" HEIGHT="23">-</TE>
<TE ALIGN="CENTER" VALIGN="MIDDLE" ACODE="CVR_BMT_RT" WIDTH="69" HEIGHT="23">-</TE>
</TR>

<TR ACOPY="N" ADELETE="N" HEIGHT="30">
<TD ALIGN="CENTER" VALIGN="MIDDLE" AUPDATECONT="N" ENG="Current report" WIDTH="126" HEIGHT="23">이번 보고서</TD>
<TE ALIGN="CENTER" VALIGN="MIDDLE" ACODE="CVR_TMT_CNT" WIDTH="134" HEIGHT="23">-</TE>
<TE ALIGN="CENTER" VALIGN="MIDDLE" ACODE="CVR_TMT_RT" WIDTH="69" HEIGHT="23">-</TE>
</TR>

<TR ACOPY="N" ADELETE="N" HEIGHT="30">
<TD ALIGN="CENTER" VALIGN="MIDDLE" AUPDATECONT="N" ENG="Reason for reporting" WIDTH="239" HEIGHT="23">보고사유</TD>
<TE COLSPAN="3" ALIGN="CENTER" VALIGN="MIDDLE" ACODE="SUM_CHN_RWN" WIDTH="347" HEIGHT="23">특별관계자 내 증여/수증에 의한 변동보고</TE>
</TR>
</TBODY>
</TABLE>
</TABLE-GROUP>
<P></P>

<TABLE ACLASS="NORMAL" AFIXTABLE="Y" WIDTH="600" BORDER="1">

<COLGROUP WIDTH="600">
<COL WIDTH="600"></COL>
</COLGROUP>

<TBODY>

<TR ACOPY="Y" ADELETE="Y" HEIGHT="76">
<TD WIDTH="591" HEIGHT="69" AUPDATECONT="N" ENG="※ I hereby confirm that the holding status of stocks, etc. of myself and my related parties as of the date of preparation of the report has been accurately disclosed in accordance with applicable laws and regulations and with due diligence in writing, and that there are no misstatements or omissions of important matters.">※ 보고자 본인은 보고서작성기준일 현재 본인과 특별관계자의 주식등의 보유상황을 관련 법규 및 기재상의 주의에 따라 정확하게 작성하였고, 중요한 사항의 허위기재 또는 기재누락이 없음을 확인합니다.</TD>
</TR>
</TBODY>
</TABLE>
<P></P>
<PGBRK></PGBRK>
</COVER>

<LIBRARY>
<SECTION-1 ACLASS="MANDATORY" APARTSOURCE="SOURCE">
<TITLE ATOC="Y" ENG="Part 1 Overview of the Report" ATOCID="2">제1부 보고의 개요</TITLE>
<P></P>

<SECTION-2 ACLASS="MANDATORY">
<TITLE ATOC="Y" AASSOCNOTE="D-1-1-0-0" ENG="1. Matters related to the issuing company" ATOCID="3">1. 발행회사에 관한 사항</TITLE>

<TABLE-GROUP ACLASS="CRP_NM" ADELETETABLE="N">

<TABLE ACLASS="EXTRACTION" AFIXTABLE="Y" WIDTH="600" BORDER="1">

<COLGROUP WIDTH="600">
<COL WIDTH="104"></COL>
<COL WIDTH="173"></COL>
<COL WIDTH="216"></COL>
<COL WIDTH="107"></COL>
</COLGROUP>

<TBODY>

<TR ACOPY="N" ADELETE="N" HEIGHT="30">
<TD ALIGN="CENTER" VALIGN="MIDDLE" WIDTH="95" HEIGHT="23" AUPDATECONT="N" ENG="Company name">회사명</TD>
<TE VALIGN="MIDDLE" WIDTH="164" HEIGHT="23" ACODE="CRP_NM" ALIGN="CENTER">한국알콜산업(주)</TE>
<TD ALIGN="CENTER" VALIGN="MIDDLE" WIDTH="207" HEIGHT="23" AUPDATECONT="N" ENG="Company code">회사코드</TD>
<TE ALIGN="CENTER" VALIGN="MIDDLE" WIDTH="98" HEIGHT="23" ACODE="CRP_CD">017890</TE>
</TR>

<TR ACOPY="N" ADELETE="N" HEIGHT="30">
<TD ALIGN="CENTER" VALIGN="MIDDLE" WIDTH="95" HEIGHT="23" AUPDATECONT="N" ENG="Corporation type">법인구분</TD>
<TU ALIGN="CENTER" VALIGN="MIDDLE" WIDTH="164" HEIGHT="23" AUNIT="CRP_DST" AUNITVALUE="2" ENG="KOSDAQ market listed corporation">코스닥상장법인</TU>
<TD ALIGN="CENTER" VALIGN="MIDDLE" WIDTH="207" HEIGHT="23" AUPDATECONT="N" ENG="Total number of voting shares (shrs.)">의결권있는 발행주식 총수(주)</TD>
<TE ALIGN="CENTER" VALIGN="MIDDLE" WIDTH="98" HEIGHT="23" ACODE="FLT_STK_CNT">21,273,506</TE>
</TR>
</TBODY>
</TABLE>
</TABLE-GROUP>
<P></P>
</SECTION-2>

<SECTION-2 ACLASS="MANDATORY">
<TITLE ATOC="Y" ENG="2. Matters related to significant holders" ATOCID="4">2. 대량보유자에 관한 사항</TITLE>

<SECTION-3 ACLASS="MANDATORY">
<TITLE ATOC="Y" AASSOCNOTE="D-1-2-1-0" ENG="A. Reporting entity" ATOCID="5">가. 보고자</TITLE>
<P>(1) 보고자 개요</P>

<TABLE-GROUP ACLASS="RPT_DST1" ADELETETABLE="N">

<TABLE ACLASS="EXTRACTION" AFIXTABLE="Y" WIDTH="773" BORDER="1">

<COLGROUP WIDTH="773">
<COL WIDTH="178"></COL>
<COL WIDTH="89"></COL>
<COL WIDTH="187"></COL>
<COL WIDTH="111"></COL>
<COL WIDTH="33"></COL>
<COL WIDTH="175"></COL>
</COLGROUP>

<TBODY>

<TR ACOPY="N" ADELETE="N" HEIGHT="30">
<TD ALIGN="CENTER" VALIGN="MIDDLE" WIDTH="169" HEIGHT="23" AUPDATECONT="N" ENG="Type of reporting">보고구분</TD>
<TU COLSPAN="2" ALIGN="CENTER" VALIGN="MIDDLE" WIDTH="267" HEIGHT="23" AUNIT="RPT_DST1" AUNITVALUE="2" ENG="Changes">변동</TU>
<TU COLSPAN="3" ALIGN="CENTER" VALIGN="MIDDLE" WIDTH="310" HEIGHT="23" AUNIT="RPT_DST2" AUNITVALUE="2" ENG="Collective">연명</TU>
</TR>

<TR ACOPY="N" ADELETE="N" HEIGHT="30">
<TD ALIGN="CENTER" VALIGN="MIDDLE" WIDTH="169" HEIGHT="23" AUPDATECONT="N" ENG="Reporting entity classification">보고자 구분</TD>
<TU COLSPAN="2" ALIGN="CENTER" VALIGN="MIDDLE" WIDTH="267" HEIGHT="23" AUNIT="CRP_TP" AUNITVALUE="I" ENG="Domestic corporation">국내법인</TU>
<TD COLSPAN="2" ALIGN="CENTER" VALIGN="MIDDLE" WIDTH="135" HEIGHT="23" AUPDATECONT="N" ENG="Nationality">국 적</TD>
<TE ALIGN="CENTER" VALIGN="MIDDLE" WIDTH="166" HEIGHT="23" ACODE="IFR_NT">대한민국</TE>
</TR>

<TR ACOPY="N" ADELETE="N" HEIGHT="53">
<TD ALIGN="CENTER" VALIGN="MIDDLE" WIDTH="445" HEIGHT="46" AUPDATECONT="N" COLSPAN="3" ENG="Basis for reporting entity classification (only if entered as association or other organizations under law)">보고자 구분 기재 근거(법령상 조합 또는 기타단체로 기재한 경우만 기재)</TD>
<TE COLSPAN="3" ALIGN="CENTER" VALIGN="MIDDLE" WIDTH="310" HEIGHT="46" ACODE="IFR_BASE">-</TE>
</TR>

<TR ACOPY="N" ADELETE="N" HEIGHT="30">
<TD ALIGN="CENTER" VALIGN="MIDDLE" WIDTH="169" HEIGHT="23" AUPDATECONT="N" ENG="Name (Title)">성명(명칭)</TD>
<TD ALIGN="CENTER" VALIGN="MIDDLE" WIDTH="80" HEIGHT="23" AUPDATECONT="N" ENG="Korean">한글</TD>
<TE ALIGN="CENTER" VALIGN="MIDDLE" WIDTH="178" HEIGHT="23" ACODE="IFR_NM">(주)케이씨엔에이</TE>
<TD ALIGN="CENTER" VALIGN="MIDDLE" WIDTH="102" HEIGHT="23" AUPDATECONT="N" ENG="Chinese characters (English)">한자(영문)</TD>
<TE COLSPAN="2" ALIGN="CENTER" VALIGN="MIDDLE" WIDTH="199" HEIGHT="23" ACODE="IFR_NM_HJ">KC&A CORPORATION</TE>
</TR>

<TR ACOPY="N" ADELETE="N" HEIGHT="53">
<TD ALIGN="CENTER" VALIGN="MIDDLE" WIDTH="169" HEIGHT="46" AUPDATECONT="N" ENG="Address (Head office) [Building name/number can be omitted]">주소(본점소재지)[읍ㆍ면ㆍ동까지만 기재]</TD>
<TE COLSPAN="2" VALIGN="MIDDLE" WIDTH="267" HEIGHT="46" ACODE="IFR_ADR2" ALIGN="CENTER">경기도 용인시 기흥구 공세동</TE>
<TD COLSPAN="2" ALIGN="CENTER" VALIGN="MIDDLE" WIDTH="135" HEIGHT="46" AUPDATECONT="N" ENG="Date of birth or business registration No., etc.">생년월일 또는사업자등록번호 등</TD>
<TE ALIGN="CENTER" VALIGN="MIDDLE" WIDTH="166" HEIGHT="46" ACODE="IFR_ID">211-86-04269</TE>
</TR>

<TR ACOPY="N" ADELETE="N" HEIGHT="30">
<TD ALIGN="CENTER" VALIGN="MIDDLE" WIDTH="169" HEIGHT="23" AUPDATECONT="N" ENG="Occupation (Details of business)">직업(사업내용)</TD>
<TE COLSPAN="2" VALIGN="MIDDLE" WIDTH="267" HEIGHT="23" ACODE="IFR_JOB" ALIGN="CENTER">도매, 서비스</TE>
<TD COLSPAN="2" ALIGN="CENTER" VALIGN="MIDDLE" WIDTH="135" HEIGHT="23" AUPDATECONT="N" ENG="Relationship to issuing company">발행회사와의 관계</TD>
<TU ALIGN="CENTER" VALIGN="MIDDLE" WIDTH="166" HEIGHT="23" AUNIT="FLT_CRP_RLT" AUNITVALUE="10" ENG="Largest shareholders">최대주주</TU>
</TR>

<TR ACOPY="N" ADELETE="N" HEIGHT="30">
<TD ROWSPAN="4" ALIGN="CENTER" VALIGN="MIDDLE" WIDTH="169" HEIGHT="113" AUPDATECONT="N" ENG="Contact points and person in charge">업무상 연락처및 담당자</TD>
<TD ALIGN="CENTER" VALIGN="MIDDLE" WIDTH="80" HEIGHT="23" AUPDATECONT="N" ENG="Affiliated company">소속회사</TD>
<TE VALIGN="MIDDLE" WIDTH="178" HEIGHT="23" ACODE="RSP_MAN_ADR2" ALIGN="CENTER">한국알콜산업(주)</TE>
<TD COLSPAN="2" ALIGN="CENTER" VALIGN="MIDDLE" WIDTH="135" HEIGHT="23" AUPDATECONT="N" ENG="Department">부서</TD>
<TE ALIGN="CENTER" VALIGN="MIDDLE" WIDTH="166" HEIGHT="23" ACODE="RSP_MAN_DPT">경영기획팀</TE>
</TR>

<TR ACOPY="N" ADELETE="N" HEIGHT="30">
<TD ALIGN="CENTER" VALIGN="MIDDLE" WIDTH="80" HEIGHT="23" AUPDATECONT="N" ENG="Position">직위</TD>
<TE VALIGN="MIDDLE" WIDTH="178" HEIGHT="23" ACODE="RSP_MAN_PST" ALIGN="CENTER">과장</TE>
<TD COLSPAN="2" ALIGN="CENTER" VALIGN="MIDDLE" WIDTH="135" HEIGHT="23" AUPDATECONT="N" ENG="(Tel.)">전화번호</TD>
<TE ALIGN="CENTER" VALIGN="MIDDLE" WIDTH="166" HEIGHT="23" ACODE="RSP_MAN_PHN2">031-88******</TE>
</TR>

<TR ACOPY="N" ADELETE="N" HEIGHT="30">
<TD ALIGN="CENTER" VALIGN="MIDDLE" WIDTH="80" HEIGHT="23" AUPDATECONT="N" ENG="Name">성명</TD>
<TE VALIGN="MIDDLE" WIDTH="178" HEIGHT="23" ACODE="RSP_MAN" ALIGN="CENTER">이현우</TE>
<TD COLSPAN="2" ALIGN="CENTER" VALIGN="MIDDLE" WIDTH="135" HEIGHT="23" AUPDATECONT="N" ENG="Fax No.">팩스번호</TD>
<TE ALIGN="CENTER" VALIGN="MIDDLE" WIDTH="166" HEIGHT="23" ACODE="RSP_MAN_FAX">031-28******</TE>
</TR>

<TR ACOPY="N" ADELETE="N" HEIGHT="30">
<TD ALIGN="CENTER" VALIGN="MIDDLE" WIDTH="80" HEIGHT="23" AUPDATECONT="N" ENG="E-mail address">이메일 주소</TD>
<TE VALIGN="MIDDLE" WIDTH="497" HEIGHT="23" ACODE="RSP_MAN_EML" ALIGN="CENTER" COLSPAN="4">******@ka.co.kr</TE>
</TR>
</TBODY>
</TABLE>
</TABLE-GROUP>

<P></P>
<P>(2) 보고자에 대한 구체적인 사항(법인, 기타단체, 법령상조합, 민법상 조합의 경우 기재)</P>

<TABLE-GROUP ACLASS="REP_SUB" ADELETETABLE="N">

<TABLE ACLASS="EXTRACTION" AFIXTABLE="Y" WIDTH="600" BORDER="1">

<COLGROUP WIDTH="600">
<COL WIDTH="170"></COL>
<COL WIDTH="139"></COL>
<COL WIDTH="165"></COL>
<COL WIDTH="126"></COL>
</COLGROUP>

<TBODY>

<TR ACOPY="N" ADELETE="N" HEIGHT="30">
<TD ALIGN="CENTER" VALIGN="MIDDLE" WIDTH="161" HEIGHT="23" AUPDATECONT="N" ENG="Legal personality">법적성격</TD>
<TE WIDTH="421" HEIGHT="23" ACODE="SUB_CHA" COLSPAN="3" VALIGN="MIDDLE" ALIGN="CENTER">주식회사</TE>
</TR>

<TR ACOPY="N" ADELETE="N" HEIGHT="53">
<TD ALIGN="CENTER" VALIGN="MIDDLE" WIDTH="161" HEIGHT="46" AUPDATECONT="N" ENG="Total assets (or total assets under management)">자산총액(또는 운용자산총액)</TD>
<TE WIDTH="130" HEIGHT="46" ACODE="SUB_AST" VALIGN="MIDDLE" ALIGN="RIGHT">427,039,901,804</TE>
<TD ALIGN="CENTER" VALIGN="MIDDLE" WIDTH="156" HEIGHT="46" AUPDATECONT="N" ENG="Total liabilities">부채총액</TD>
<TE WIDTH="117" HEIGHT="46" ACODE="SUB_DEB" VALIGN="MIDDLE" ALIGN="RIGHT">255,386,213,416</TE>
</TR>

<TR ACOPY="N" ADELETE="N" HEIGHT="30">
<TD ALIGN="CENTER" VALIGN="MIDDLE" WIDTH="161" HEIGHT="23" AUPDATECONT="N" ENG="Total equity">자본총액</TD>
<TE WIDTH="130" HEIGHT="23" ACODE="SUB_CAP" VALIGN="MIDDLE" ALIGN="RIGHT">171,653,688,388</TE>
<TD ALIGN="CENTER" VALIGN="MIDDLE" WIDTH="156" HEIGHT="23" AUPDATECONT="N" ENG="Issued capital">자본금</TD>
<TE WIDTH="117" HEIGHT="23" ACODE="SUB_EQU" VALIGN="MIDDLE" ALIGN="RIGHT">2,615,270,000</TE>
</TR>

<TR ACOPY="N" ADELETE="N" HEIGHT="76">
<TD ALIGN="CENTER" VALIGN="MIDDLE" WIDTH="161" HEIGHT="69" AUPDATECONT="N" ENG="Representative (representative member or executive member)">대표자(대표조합원 또는업무집행조합원)</TD>
<TE WIDTH="421" HEIGHT="69" ACODE="SUB_REP" COLSPAN="3" VALIGN="MIDDLE" ALIGN="CENTER">지용석, 김정수</TE>
</TR>

<TR ACOPY="N" ADELETE="N" HEIGHT="53">
<TD ALIGN="CENTER" VALIGN="MIDDLE" WIDTH="161" HEIGHT="46" AUPDATECONT="N" ENG="Decision-making body (decision-maker)">의사결정기구(의사결정권자)</TD>
<TE WIDTH="421" HEIGHT="46" ACODE="SUB_DEC" COLSPAN="3" VALIGN="MIDDLE" ALIGN="CENTER">주주총회, 이사회</TE>
</TR>

<TR ACOPY="N" ADELETE="N" HEIGHT="53">
<TD ALIGN="CENTER" VALIGN="MIDDLE" WIDTH="161" HEIGHT="46" AUPDATECONT="N" ENG="Largest shareholder (largest investor)">최대주주(최다출자자)</TD>
<TE WIDTH="130" HEIGHT="46" ACODE="SUB_LAR" VALIGN="MIDDLE" ALIGN="CENTER">지용석</TE>
<TD ALIGN="CENTER" VALIGN="MIDDLE" WIDTH="156" HEIGHT="46" AUPDATECONT="N" ENG="Shareholding ratio of the largest shareholder (%) (investment ratio of the largest investor)">최대주주 지분율(%)(최다출자자 출자비율)</TD>
<TE WIDTH="117" HEIGHT="46" ACODE="SUB_LRT" VALIGN="MIDDLE" ALIGN="RIGHT">63.01</TE>
</TR>
</TBODY>
</TABLE>
</TABLE-GROUP>

<P>
<SPAN>* </SPAN>
<SPAN USERMARK="F-11 ">상기 재무사항은 (주)케이씨엔에이의 2024년말 기준 감사보고서 상의 수치입니다.</SPAN>
</P>
</SECTION-3>

<SECTION-3 ACLASS="MANDATORY">
<TITLE ATOC="Y" AASSOCNOTE="D-1-2-2-0" ENG="B. Specially related parties" ATOCID="6">나. 특별관계자</TITLE>
<P>(1) 특별관계자 개요</P>

<TABLE-GROUP ACLASS="SPC_NM" ADELETETABLE="N">

<TABLE ACLASS="EXTRACTION" AFIXTABLE="N" WIDTH="1101" BORDER="1">

<COLGROUP WIDTH="1101">
<COL WIDTH="48"></COL>
<COL WIDTH="63"></COL>
<COL WIDTH="90"></COL>
<COL WIDTH="173"></COL>
<COL WIDTH="93"></COL>
<COL WIDTH="78"></COL>
<COL WIDTH="213"></COL>
<COL WIDTH="200"></COL>
<COL WIDTH="143"></COL>
</COLGROUP>

<THEAD>

<TR ACOPY="N" ADELETE="N" HEIGHT="99">
<TH VALIGN="MIDDLE" WIDTH="39" HEIGHT="92" ACOPYCOL="N" ADELETECOL="N" AMOVECOL="N" AUPDATECONT="N" ENG="Sequential No.">연번</TH>
<TH VALIGN="MIDDLE" WIDTH="54" HEIGHT="92" ACOPYCOL="N" ADELETECOL="N" AMOVECOL="N" AUPDATECONT="N" ENG="Name (Title)">성 명(명칭)</TH>
<TH VALIGN="MIDDLE" WIDTH="81" HEIGHT="92" ACOPYCOL="N" ADELETECOL="N" AMOVECOL="N" AUPDATECONT="N" ENG="Category">구분</TH>
<TH VALIGN="MIDDLE" WIDTH="164" HEIGHT="92" ACOPYCOL="N" ADELETECOL="N" AMOVECOL="N" AUPDATECONT="N" ENG="Detailed relationship with the reporting entity">보고자와의구체적 관계</TH>
<TH VALIGN="MIDDLE" WIDTH="84" HEIGHT="92" ACOPYCOL="N" ADELETECOL="N" AMOVECOL="N" AUPDATECONT="N" ENG="Date of birth or business registration No., etc.">생년월일또는사업자등록번호 등</TH>
<TH VALIGN="MIDDLE" WIDTH="69" HEIGHT="92" ACOPYCOL="N" ADELETECOL="N" AMOVECOL="N" AUPDATECONT="N" ENG="Nationality">국적</TH>
<TH VALIGN="MIDDLE" WIDTH="204" HEIGHT="92" ACOPYCOL="N" ADELETECOL="N" AMOVECOL="N" AUPDATECONT="N" ENG="Address (Location)">주  소(소재지)</TH>
<TH VALIGN="MIDDLE" WIDTH="191" HEIGHT="92" ACOPYCOL="N" ADELETECOL="N" AMOVECOL="N" AUPDATECONT="N" ENG="Occupation (Details of business)">직  업(사업내용)</TH>
<TH VALIGN="MIDDLE" WIDTH="134" HEIGHT="92" ACOPYCOL="N" ADELETECOL="N" AMOVECOL="N" AUPDATECONT="N" ENG="Relationship to issuing company">발행회사와의 관계</TH>
</TR>
</THEAD>

<TBODY>

<TR ACOPY="Y" ADELETE="N" HEIGHT="30">
<TE ALIGN="CENTER" VALIGN="MIDDLE" WIDTH="39" HEIGHT="23" ACODE="SEQ_NO">1</TE>
<TE ALIGN="CENTER" VALIGN="MIDDLE" WIDTH="54" HEIGHT="23" ACODE="SPC_NM">지용석</TE>
<TU ALIGN="CENTER" VALIGN="MIDDLE" WIDTH="81" HEIGHT="23" AUNIT="SPC_TP" AUNITVALUE="D" ENG="Individual (domestic)">개인(국내)</TU>
<TU ALIGN="CENTER" VALIGN="MIDDLE" WIDTH="164" HEIGHT="23" AUNIT="IFR_RLT" AUNITVALUE="I" ENG="Largest shareholders">최대주주</TU>
<TE ALIGN="CENTER" VALIGN="MIDDLE" WIDTH="84" HEIGHT="23" ACODE="SPC_ID2">640329</TE>
<TE ALIGN="CENTER" VALIGN="MIDDLE" WIDTH="69" HEIGHT="23" ACODE="SPC_NT">대한민국</TE>
<TE VALIGN="MIDDLE" WIDTH="204" HEIGHT="23" ACODE="ADR2">경기도 성남시 분당구 운중동</TE>
<TE VALIGN="MIDDLE" WIDTH="191" HEIGHT="23" ACODE="JOB">한국알콜산업(주) 대표이사</TE>
<TU VALIGN="MIDDLE" WIDTH="134" HEIGHT="23" AUNIT="FLT_CRP_RLT" AUNITVALUE="01" ENG="Executives(registered)">임원(등기)</TU>
</TR>

<TR ACOPY="Y" ADELETE="Y" HEIGHT="30">
<TE ALIGN="CENTER" VALIGN="MIDDLE" WIDTH="39" HEIGHT="23" ACODE="SEQ_NO">2</TE>
<TE ALIGN="CENTER" VALIGN="MIDDLE" WIDTH="54" HEIGHT="23" ACODE="SPC_NM">지수진</TE>
<TU ALIGN="CENTER" VALIGN="MIDDLE" WIDTH="81" HEIGHT="23" AUNIT="SPC_TP" AUNITVALUE="D" ENG="Individual (domestic)">개인(국내)</TU>
<TU ALIGN="CENTER" VALIGN="MIDDLE" WIDTH="164" HEIGHT="23" AUNIT="IFR_RLT" AUNITVALUE="F" ENG="Relatives">친인척</TU>
<TE ALIGN="CENTER" VALIGN="MIDDLE" WIDTH="84" HEIGHT="23" ACODE="SPC_ID2">941222</TE>
<TE ALIGN="CENTER" VALIGN="MIDDLE" WIDTH="69" HEIGHT="23" ACODE="SPC_NT">대한민국</TE>
<TE VALIGN="MIDDLE" WIDTH="204" HEIGHT="23" ACODE="ADR2">서울시 강남구 언주로</TE>
<TE VALIGN="MIDDLE" WIDTH="191" HEIGHT="23" ACODE="JOB">회사원</TE>
<TU VALIGN="MIDDLE" WIDTH="134" HEIGHT="23" AUNIT="FLT_CRP_RLT" AUNITVALUE="-" ENG="-">-</TU>
</TR>

<TR ACOPY="Y" ADELETE="Y" HEIGHT="30">
<TE ALIGN="CENTER" VALIGN="MIDDLE" WIDTH="39" HEIGHT="23" ACODE="SEQ_NO">3</TE>
<TE ALIGN="CENTER" VALIGN="MIDDLE" WIDTH="54" HEIGHT="23" ACODE="SPC_NM">지유진</TE>
<TU ALIGN="CENTER" VALIGN="MIDDLE" WIDTH="81" HEIGHT="23" AUNIT="SPC_TP" AUNITVALUE="D" ENG="Individual (domestic)">개인(국내)</TU>
<TU ALIGN="CENTER" VALIGN="MIDDLE" WIDTH="164" HEIGHT="23" AUNIT="IFR_RLT" AUNITVALUE="F" ENG="Relatives">친인척</TU>
<TE ALIGN="CENTER" VALIGN="MIDDLE" WIDTH="84" HEIGHT="23" ACODE="SPC_ID2">981002</TE>
<TE ALIGN="CENTER" VALIGN="MIDDLE" WIDTH="69" HEIGHT="23" ACODE="SPC_NT">대한민국</TE>
<TE VALIGN="MIDDLE" WIDTH="204" HEIGHT="23" ACODE="ADR2">서울시 강남구 언주로</TE>
<TE VALIGN="MIDDLE" WIDTH="191" HEIGHT="23" ACODE="JOB">회사원</TE>
<TU VALIGN="MIDDLE" WIDTH="134" HEIGHT="23" AUNIT="FLT_CRP_RLT" AUNITVALUE="-" ENG="-">-</TU>
</TR>

<TR ACOPY="Y" ADELETE="Y" HEIGHT="30">
<TE ALIGN="CENTER" VALIGN="MIDDLE" WIDTH="39" HEIGHT="23" ACODE="SEQ_NO">4</TE>
<TE ALIGN="CENTER" VALIGN="MIDDLE" WIDTH="54" HEIGHT="23" ACODE="SPC_NM">차재목</TE>
<TU ALIGN="CENTER" VALIGN="MIDDLE" WIDTH="81" HEIGHT="23" AUNIT="SPC_TP" AUNITVALUE="D" ENG="Individual (domestic)">개인(국내)</TU>
<TU ALIGN="CENTER" VALIGN="MIDDLE" WIDTH="164" HEIGHT="23" AUNIT="IFR_RLT" AUNITVALUE="M" ENG="Affiliated company executive">계열회사 임원</TU>
<TE ALIGN="CENTER" VALIGN="MIDDLE" WIDTH="84" HEIGHT="23" ACODE="SPC_ID2">900814</TE>
<TE ALIGN="CENTER" VALIGN="MIDDLE" WIDTH="69" HEIGHT="23" ACODE="SPC_NT">대한민국</TE>
<TE VALIGN="MIDDLE" WIDTH="204" HEIGHT="23" ACODE="ADR2">서울시 종로구 사직동</TE>
<TE VALIGN="MIDDLE" WIDTH="191" HEIGHT="23" ACODE="JOB">김앤장 법률사무소 변호사</TE>
<TU VALIGN="MIDDLE" WIDTH="134" HEIGHT="23" AUNIT="FLT_CRP_RLT" AUNITVALUE="01" ENG="Executives(registered)">임원(등기)</TU>
</TR>
</TBODY>
</TABLE>
</TABLE-GROUP>

<TABLE ACLASS="NORMAL" AFIXTABLE="N" WIDTH="600" BORDER="0">

<COLGROUP WIDTH="600">
<COL WIDTH="600"></COL>
</COLGROUP>

<TBODY>

<TR ACOPY="Y" ADELETE="Y" HEIGHT="30">
<TD WIDTH="591" HEIGHT="23">* 주소는 읍ㆍ면ㆍ동까지만 기재</TD>
</TR>
</TBODY>
</TABLE>

<P USERMARK="F-11 ">* 상기 관계 중 친인척은 지용석 대표이사와의 관계입니다.</P>
<P>(2) 특별관계자에 대한 구체적인 사항(법인, 기타단체, 법령상조합, 민법상 조합의 경우 기재)</P>

<TABLE-GROUP ACLASS="SPE_SUB" ADELETETABLE="N">

<TABLE ACLASS="EXTRACTION" AFIXTABLE="Y" WIDTH="600" BORDER="1">

<COLGROUP WIDTH="600">
<COL WIDTH="170"></COL>
<COL WIDTH="139"></COL>
<COL WIDTH="165"></COL>
<COL WIDTH="126"></COL>
</COLGROUP>

<TBODY>

<TR ACOPY="N" ADELETE="N" HEIGHT="30">
<TD ALIGN="CENTER" VALIGN="MIDDLE" WIDTH="161" HEIGHT="23" AUPDATECONT="N" ENG="Legal personality">법적성격</TD>
<TE WIDTH="421" HEIGHT="23" ACODE="SUB_CHA" COLSPAN="3" VALIGN="MIDDLE" ALIGN="CENTER">-</TE>
</TR>

<TR ACOPY="N" ADELETE="N" HEIGHT="53">
<TD ALIGN="CENTER" VALIGN="MIDDLE" WIDTH="161" HEIGHT="46" AUPDATECONT="N" ENG="Total assets (or total assets under management)">자산총액(또는 운용자산총액)</TD>
<TE WIDTH="130" HEIGHT="46" ACODE="SUB_AST" VALIGN="MIDDLE" ALIGN="RIGHT">-</TE>
<TD ALIGN="CENTER" VALIGN="MIDDLE" WIDTH="156" HEIGHT="46" AUPDATECONT="N" ENG="Total liabilities">부채총액</TD>
<TE WIDTH="117" HEIGHT="46" ACODE="SUB_DEB" VALIGN="MIDDLE" ALIGN="RIGHT">-</TE>
</TR>

<TR ACOPY="N" ADELETE="N" HEIGHT="30">
<TD ALIGN="CENTER" VALIGN="MIDDLE" WIDTH="161" HEIGHT="23" AUPDATECONT="N" ENG="Total equity">자본총액</TD>
<TE WIDTH="130" HEIGHT="23" ACODE="SUB_CAP" VALIGN="MIDDLE" ALIGN="RIGHT">-</TE>
<TD ALIGN="CENTER" VALIGN="MIDDLE" WIDTH="156" HEIGHT="23" AUPDATECONT="N" ENG="Issued capital">자본금</TD>
<TE WIDTH="117" HEIGHT="23" ACODE="SUB_EQU" VALIGN="MIDDLE" ALIGN="RIGHT">-</TE>
</TR>

<TR ACOPY="N" ADELETE="N" HEIGHT="76">
<TD ALIGN="CENTER" VALIGN="MIDDLE" WIDTH="161" HEIGHT="69" AUPDATECONT="N" ENG="Representative (representative member or executive member)">대표자(대표조합원 또는업무집행조합원)</TD>
<TE WIDTH="421" HEIGHT="69" ACODE="SUB_REP" COLSPAN="3" VALIGN="MIDDLE" ALIGN="CENTER">-</TE>
</TR>

<TR ACOPY="N" ADELETE="N" HEIGHT="53">
<TD ALIGN="CENTER" VALIGN="MIDDLE" WIDTH="161" HEIGHT="46" AUPDATECONT="N" ENG="Decision-making body (decision-maker)">의사결정기구(의사결정권자)</TD>
<TE WIDTH="421" HEIGHT="46" ACODE="SUB_DEC" COLSPAN="3" VALIGN="MIDDLE" ALIGN="CENTER">-</TE>
</TR>

<TR ACOPY="N" ADELETE="N" HEIGHT="53">
<TD ALIGN="CENTER" VALIGN="MIDDLE" WIDTH="161" HEIGHT="46" AUPDATECONT="N" ENG="Largest shareholder (largest investor)">최대주주(최다출자자)</TD>
<TE WIDTH="130" HEIGHT="46" ACODE="SUB_LAR" VALIGN="MIDDLE" ALIGN="CENTER">-</TE>
<TD ALIGN="CENTER" VALIGN="MIDDLE" WIDTH="156" HEIGHT="46" AUPDATECONT="N" ENG="Shareholding ratio of the largest shareholder (%) (investment ratio of the largest investor)">최대주주 지분율(%)(최다출자자 출자비율)</TD>
<TE WIDTH="117" HEIGHT="46" ACODE="SUB_LRT" VALIGN="MIDDLE" ALIGN="RIGHT">-</TE>
</TR>
</TBODY>
</TABLE>
</TABLE-GROUP>
<P></P>

<P></P>
</SECTION-3>

<SECTION-3 ACLASS="MANDATORY">
<TITLE ATOC="Y" AASSOCNOTE="D-1-2-3-0" ENG="C. Collective investment business entity" ATOCID="7">다. 집합투자업자</TITLE>
<P>(보고자 또는 특별관계자가 규정 제3-10조 제2항에 따른 "집합투자기구"인 경우에 한함) </P>
<P>(1) 집합투자업자 개요</P>

<TABLE-GROUP ACLASS="ASST_MNG" ADELETETABLE="N">

<TABLE ACLASS="EXTRACTION" AFIXTABLE="N" WIDTH="660" BORDER="1">

<COLGROUP WIDTH="660">
<COL WIDTH="42"></COL>
<COL WIDTH="80"></COL>
<COL WIDTH="95"></COL>
<COL WIDTH="109"></COL>
<COL WIDTH="68"></COL>
<COL WIDTH="215"></COL>
<COL WIDTH="51"></COL>
</COLGROUP>

<THEAD>

<TR ACOPY="N" ADELETE="N" HEIGHT="53">
<TH VALIGN="MIDDLE" WIDTH="33" HEIGHT="46" ACOPYCOL="N" ADELETECOL="N" AMOVECOL="N" AUPDATECONT="N" ENG="Sequential No.">연번</TH>
<TH VALIGN="MIDDLE" WIDTH="71" HEIGHT="46" ACOPYCOL="N" ADELETECOL="N" AMOVECOL="N" AUPDATECONT="N" ENG="Name">명칭</TH>
<TH VALIGN="MIDDLE" WIDTH="86" HEIGHT="46" ACOPYCOL="N" ADELETECOL="N" AMOVECOL="N" AUPDATECONT="N" ENG="Business registration No., etc.">사업자등록번호 등</TH>
<TH VALIGN="MIDDLE" WIDTH="100" HEIGHT="46" ACOPYCOL="N" ADELETECOL="N" AMOVECOL="N" AUPDATECONT="N" ENG="Target collective investment scheme">대상 집합투자기구</TH>
<TH VALIGN="MIDDLE" WIDTH="59" HEIGHT="46" ACOPYCOL="N" ADELETECOL="N" AMOVECOL="N" AUPDATECONT="N" ENG="Nationality">국적</TH>
<TH VALIGN="MIDDLE" WIDTH="206" HEIGHT="46" ACOPYCOL="N" ADELETECOL="N" AMOVECOL="N" AUPDATECONT="N" ENG="Address (Location)">주  소(소재지)</TH>
<TH VALIGN="MIDDLE" WIDTH="42" HEIGHT="46" ACOPYCOL="N" ADELETECOL="N" AMOVECOL="N" AUPDATECONT="N" ENG="Note">비고</TH>
</TR>
</THEAD>

<TBODY>

<TR ACOPY="Y" ADELETE="N" HEIGHT="30">
<TE ALIGN="CENTER" VALIGN="MIDDLE" WIDTH="33" HEIGHT="23" ACODE="SEQ_NO">-</TE>
<TE ALIGN="CENTER" VALIGN="MIDDLE" WIDTH="71" HEIGHT="23" ACODE="SPC_NM">-</TE>
<TE ALIGN="CENTER" VALIGN="MIDDLE" WIDTH="86" HEIGHT="23" ACODE="SPC_ID2">-</TE>
<TE ALIGN="CENTER" VALIGN="MIDDLE" WIDTH="100" HEIGHT="23" ACODE="TGT_INV">-</TE>
<TE ALIGN="CENTER" VALIGN="MIDDLE" WIDTH="59" HEIGHT="23" ACODE="SPC_NT">-</TE>
<TE VALIGN="MIDDLE" WIDTH="206" HEIGHT="23" ACODE="ADR2">-</TE>
<TE VALIGN="MIDDLE" WIDTH="42" HEIGHT="23" ACODE="RMK">-</TE>
</TR>
</TBODY>
</TABLE>
</TABLE-GROUP>
<P></P>
<P>(2) 집합투자업자에 대한 구체적인 사항</P>

<TABLE ACLASS="NORMAL" AFIXTABLE="N" WIDTH="600" BORDER="1">

<COLGROUP WIDTH="600">
<COL WIDTH="150"></COL>
<COL WIDTH="150"></COL>
<COL WIDTH="150"></COL>
<COL WIDTH="150"></COL>
</COLGROUP>

<TBODY>

<TR ACOPY="Y" ADELETE="Y" HEIGHT="30">
<TD ALIGN="CENTER" VALIGN="MIDDLE" WIDTH="141" HEIGHT="23">법적성격</TD>
<TD COLSPAN="3" WIDTH="441" HEIGHT="23" VALIGN="MIDDLE">-</TD>
</TR>

<TR ACOPY="Y" ADELETE="Y" HEIGHT="30">
<TD ALIGN="CENTER" VALIGN="MIDDLE" WIDTH="141" HEIGHT="23">자본금</TD>
<TD WIDTH="141" HEIGHT="23" VALIGN="MIDDLE">-</TD>
<TD ALIGN="CENTER" VALIGN="MIDDLE" WIDTH="141" HEIGHT="23">운용자산총액</TD>
<TD WIDTH="141" HEIGHT="23" VALIGN="MIDDLE">-</TD>
</TR>

<TR ACOPY="Y" ADELETE="Y" HEIGHT="30">
<TD ALIGN="CENTER" VALIGN="MIDDLE" WIDTH="141" HEIGHT="23">대표자</TD>
<TD COLSPAN="3" WIDTH="441" HEIGHT="23" VALIGN="MIDDLE">-</TD>
</TR>

<TR ACOPY="Y" ADELETE="Y" HEIGHT="53">
<TD ALIGN="CENTER" VALIGN="MIDDLE" WIDTH="141" HEIGHT="46">의사결정기구(의사결정권자)</TD>
<TD COLSPAN="3" WIDTH="441" HEIGHT="46" VALIGN="MIDDLE">-</TD>
</TR>

<TR ACOPY="Y" ADELETE="Y" HEIGHT="53">
<TD ALIGN="CENTER" VALIGN="MIDDLE" WIDTH="141" HEIGHT="46">최대주주(법인 대표자)</TD>
<TD WIDTH="141" HEIGHT="46" VALIGN="MIDDLE">-</TD>
<TD ALIGN="CENTER" VALIGN="MIDDLE" WIDTH="141" HEIGHT="46">최대주주 지분율</TD>
<TD WIDTH="141" HEIGHT="46" VALIGN="MIDDLE">-</TD>
</TR>
</TBODY>
</TABLE>
<P></P>
</SECTION-3>
</SECTION-2>

<SECTION-2 ACLASS="MANDATORY">
<TITLE ATOC="Y" AASSOCNOTE="D-1-3-0-0" ENG="3. Number of stocks, etc. held and holding ratio" ATOCID="8">3. 보유주식등의 수 및 보유비율</TITLE>

<TABLE-GROUP ACLASS="BFR_IFR" ADELETETABLE="N">

<TABLE ACLASS="EXTRACTION" AFIXTABLE="Y" WIDTH="928" BORDER="1">

<COLGROUP WIDTH="928">
<COL WIDTH="93"></COL>
<COL WIDTH="137"></COL>
<COL WIDTH="135"></COL>
<COL WIDTH="108"></COL>
<COL WIDTH="98"></COL>
<COL WIDTH="55"></COL>
<COL WIDTH="84"></COL>
<COL WIDTH="55"></COL>
<COL WIDTH="163"></COL>
</COLGROUP>

<THEAD>

<TR ACOPY="Y" ADELETE="Y" HEIGHT="30">
<TH ROWSPAN="2" VALIGN="MIDDLE" WIDTH="84" ACOPYCOL="Y" ADELETECOL="Y" AMOVECOL="N" AUPDATECONT="N" HEIGHT="76"></TH>
<TH ROWSPAN="2" VALIGN="MIDDLE" WIDTH="128" ACOPYCOL="Y" ADELETECOL="Y" AMOVECOL="N" AUPDATECONT="N" ENG="Report preparation date:" HEIGHT="76">보고서작성기준일</TH>
<TH COLSPAN="2" VALIGN="MIDDLE" WIDTH="234" ACOPYCOL="Y" ADELETECOL="Y" AMOVECOL="N" AUPDATECONT="N" ENG="Reporting entity" HEIGHT="23">보고자</TH>
<TH COLSPAN="2" VALIGN="MIDDLE" WIDTH="144" ACOPYCOL="Y" ADELETECOL="Y" AMOVECOL="N" AUPDATECONT="N" ENG="Stocks, etc." HEIGHT="23">주식등</TH>
<TH COLSPAN="2" VALIGN="MIDDLE" WIDTH="130" ACOPYCOL="Y" ADELETECOL="Y" AMOVECOL="N" AUPDATECONT="N" ENG="Share certificates" HEIGHT="23">주권</TH>
<TH ROWSPAN="2" VALIGN="MIDDLE" WIDTH="154" ACOPYCOL="Y" ADELETECOL="Y" AMOVECOL="N" AUPDATECONT="N" ENG="Total number of voting shares (shrs.)" HEIGHT="76">의결권 있는 발행주식총수(주)</TH>
</TR>

<TR ACOPY="Y" ADELETE="Y" HEIGHT="53">
<TH VALIGN="MIDDLE" ACOPYCOL="Y" ADELETECOL="Y" AMOVECOL="N" AUPDATECONT="N" ENG="Name" WIDTH="126" HEIGHT="46">본인 성명</TH>
<TH VALIGN="MIDDLE" ACOPYCOL="Y" ADELETECOL="Y" AMOVECOL="N" AUPDATECONT="N" ENG="Number of specially related parties" WIDTH="99" HEIGHT="46">특별관계자수</TH>
<TH VALIGN="MIDDLE" ACOPYCOL="Y" ADELETECOL="Y" AMOVECOL="N" AUPDATECONT="N" ENG="Number of shares, etc. (shrs.)" WIDTH="89" HEIGHT="46">주식등의 수(주)</TH>
<TH VALIGN="MIDDLE" ACOPYCOL="Y" ADELETECOL="Y" AMOVECOL="N" AUPDATECONT="N" ENG="Ratio (%)" WIDTH="46" HEIGHT="46">비율(%)</TH>
<TH VALIGN="MIDDLE" ACOPYCOL="Y" ADELETECOL="Y" AMOVECOL="N" AUPDATECONT="N" ENG="Number of shares (shrs.)" WIDTH="75" HEIGHT="46">주식수(주)</TH>
<TH VALIGN="MIDDLE" ACOPYCOL="Y" ADELETECOL="Y" AMOVECOL="N" AUPDATECONT="N" ENG="Ratio (%)" WIDTH="46" HEIGHT="46">비율(%)</TH>
</TR>
</THEAD>

<TBODY>

<TR ACOPY="Y" ADELETE="Y" HEIGHT="30">
<TD ALIGN="CENTER" VALIGN="MIDDLE" AUPDATECONT="N" ENG="Previous report" WIDTH="84" HEIGHT="23">직전보고서</TD>
<TU ALIGN="CENTER" VALIGN="MIDDLE" AUNIT="BFR_RPT_DT" AUNITVALUE="20240425" WIDTH="128" HEIGHT="23">2024년 04월 25일</TU>
<TE ALIGN="CENTER" VALIGN="MIDDLE" ACODE="BFR_IFR" WIDTH="126" HEIGHT="23">(주)케이씨엔에이</TE>
<TE ALIGN="RIGHT" VALIGN="MIDDLE" ACODE="BFR_RPT_CNT" WIDTH="99" HEIGHT="23">4</TE>
<TE ALIGN="RIGHT" VALIGN="MIDDLE" ACODE="BFR_STK_CNT" WIDTH="89" HEIGHT="23">8,389,902</TE>
<TE ALIGN="RIGHT" VALIGN="MIDDLE" ACODE="BFR_STK_RT" WIDTH="46" HEIGHT="23">38.83</TE>
<TE ALIGN="RIGHT" VALIGN="MIDDLE" ACODE="BFR_CMT_CNT" WIDTH="75" HEIGHT="23">8,389,902</TE>
<TE ALIGN="RIGHT" VALIGN="MIDDLE" ACODE="BFR_CMT_RT" WIDTH="46" HEIGHT="23">38.83</TE>
<TE ALIGN="RIGHT" VALIGN="MIDDLE" ACODE="BFR_STK_CT" WIDTH="154" HEIGHT="23">21,605,760</TE>
</TR>

<TR ACOPY="Y" ADELETE="Y" HEIGHT="30">
<TD ALIGN="CENTER" VALIGN="MIDDLE" AUPDATECONT="N" ENG="Current report" WIDTH="84" HEIGHT="23">이번보고서</TD>
<TU ALIGN="CENTER" VALIGN="MIDDLE" AUNIT="THS_RPT_DT" AUNITVALUE="20260105" WIDTH="128" HEIGHT="23">2026년 01월 05일</TU>
<TE ALIGN="CENTER" VALIGN="MIDDLE" ACODE="THS_IFR" WIDTH="126" HEIGHT="23">(주)케이씨엔에이</TE>
<TE ALIGN="RIGHT" VALIGN="MIDDLE" ACODE="THS_RPT_CNT" WIDTH="99" HEIGHT="23">4</TE>
<TE ALIGN="RIGHT" VALIGN="MIDDLE" ACODE="THS_STK_CNT" WIDTH="89" HEIGHT="23">8,389,902</TE>
<TE ALIGN="RIGHT" VALIGN="MIDDLE" ACODE="THS_STK_RT" WIDTH="46" HEIGHT="23">39.44</TE>
<TE ALIGN="RIGHT" VALIGN="MIDDLE" ACODE="THS_CMT_CNT" WIDTH="75" HEIGHT="23">8,389,902</TE>
<TE ALIGN="RIGHT" VALIGN="MIDDLE" ACODE="THS_CMT_RT" WIDTH="46" HEIGHT="23">39.44</TE>
<TE ALIGN="RIGHT" VALIGN="MIDDLE" ACODE="THS_STK_CT" WIDTH="154" HEIGHT="23">21,273,506</TE>
</TR>

<TR ACOPY="Y" ADELETE="Y" HEIGHT="30">
<TD COLSPAN="4" ALIGN="CENTER" VALIGN="MIDDLE" AUPDATECONT="N" ENG="Increase or decrease" WIDTH="464" HEIGHT="23">증    감</TD>
<TE ALIGN="RIGHT" VALIGN="MIDDLE" ACODE="MDF_STK_CNT" WIDTH="89" HEIGHT="23">0</TE>
<TE ALIGN="RIGHT" VALIGN="MIDDLE" ACODE="MDF_STK_RT" WIDTH="46" HEIGHT="23">0.61</TE>
<TE ALIGN="RIGHT" VALIGN="MIDDLE" ACODE="MDF_CMT_CNT" WIDTH="75" HEIGHT="23">0</TE>
<TE ALIGN="RIGHT" VALIGN="MIDDLE" ACODE="MDF_CMT_RT" WIDTH="46" HEIGHT="23">0.61</TE>
<TE ALIGN="RIGHT" VALIGN="MIDDLE" ACODE="MDF_STK_CT" WIDTH="154" HEIGHT="23">-332,254</TE>
</TR>
</TBODY>
</TABLE>
</TABLE-GROUP>
<P></P>
</SECTION-2>

<SECTION-2 ACLASS="MANDATORY">
<TITLE ATOC="Y" AASSOCNOTE="D-1-4-0-0" ENG="4. Purpose of holding" ATOCID="9">4. 보유목적</TITLE>

<TABLE-GROUP ACLASS="HLD_OBJ_DTL" ADELETETABLE="N">

<TABLE ACLASS="EXTRACTION" AFIXTABLE="Y" WIDTH="153" BORDER="1">

<COLGROUP WIDTH="153">
<COL WIDTH="153"></COL>
</COLGROUP>

<TBODY>

<TR ACOPY="Y" ADELETE="Y" HEIGHT="30">
<TU WIDTH="144" HEIGHT="23" VALIGN="MIDDLE" AUNIT="PUR_OWN" AUNITVALUE="01" ENG="Influence on management">경영권 영향</TU>
</TR>
</TBODY>
</TABLE>

<TABLE ACLASS="EXTRACTION" AFIXTABLE="Y" WIDTH="600" BORDER="1">

<COLGROUP WIDTH="600">
<COL WIDTH="600"></COL>
</COLGROUP>

<TBODY>

<TR ACOPY="Y" ADELETE="Y" HEIGHT="99">
<TE WIDTH="591" HEIGHT="92" ACODE="HLD_OBJ_DTL">보고자는 발행회사의 최대주주이고  발행회사의 최대지분을 보유하고 있으며, 회사의 경영에 대한 전반적인 영향력을 행사하고 있습니다. 보고자는 장래에 회사의 경영상 필요가 발생할 경우에는 주주 및 이해관계자들의 이익을 고려하여 관계법령등에서 허용하는 범위 및 방법에 따라 회사의 경영목적에 부합하도록 관련 행위들을 결정할 예정입니다.</TE>
</TR>
</TBODY>
</TABLE>
</TABLE-GROUP>
<P></P>
</SECTION-2>

<SECTION-2 ACLASS="MANDATORY">
<TITLE ATOC="Y" AASSOCNOTE="D-1-5-0-0" ENG="5. Reasons for change [Modification]" ATOCID="10">5. 변동[변경]사유</TITLE>

<TABLE-GROUP ACLASS="CHN_RSN_DTL" ADELETETABLE="N">

<TABLE ACLASS="EXTRACTION" AFIXTABLE="Y" WIDTH="600" BORDER="1">

<COLGROUP WIDTH="600">
<COL WIDTH="106"></COL>
<COL WIDTH="494"></COL>
</COLGROUP>

<TBODY>

<TR ACOPY="Y" ADELETE="Y" HEIGHT="30">
<TD ALIGN="CENTER" VALIGN="MIDDLE" WIDTH="97" HEIGHT="23" AUPDATECONT="N" ENG="Method of change">변동방법</TD>
<TE WIDTH="485" HEIGHT="23" ACODE="CHN_HOW">특별관계자 내 증여/수증</TE>
</TR>

<TR ACOPY="Y" ADELETE="Y" HEIGHT="30">
<TD ALIGN="CENTER" VALIGN="MIDDLE" WIDTH="97" HEIGHT="23" AUPDATECONT="N" ENG="Reasons for the change">변동사유</TD>
<TE WIDTH="485" HEIGHT="23" ACODE="CHN_RSN">특별관계자의 주식수 변동에 따른 변동보고</TE>
</TR>

<TR ACOPY="Y" ADELETE="Y" HEIGHT="30">
<TD ALIGN="CENTER" VALIGN="MIDDLE" WIDTH="97" HEIGHT="23" AUPDATECONT="N" ENG="Reasons for change">변경사유</TD>
<TE WIDTH="485" HEIGHT="23" ACODE="CHN_RSM">-</TE>
</TR>
</TBODY>
</TABLE>
</TABLE-GROUP>
<P></P>
<PGBRK></PGBRK>
</SECTION-2>
</SECTION-1>

<SECTION-1 ACLASS="MANDATORY" APARTSOURCE="SOURCE">
<TITLE ATOC="Y" ENG="Part 2 Details of Significant Holdings" ATOCID="11">제2부 대량보유내역</TITLE>
<P></P>

<SECTION-2 ACLASS="MANDATORY">
<TITLE ATOC="Y" ENG="1. Holding status by reporting entity and specially related party" ATOCID="12">1. 보고자 및 특별관계자별 보유내역</TITLE>

<SECTION-3 ACLASS="MANDATORY">
<TITLE ATOC="Y" AASSOCNOTE="D-2-1-1-0" ENG="A. Holdings details by type of stock, etc." ATOCID="13">가. 주식등의 종류별 보유내역</TITLE>

<TABLE-GROUP ACLASS="CST_CNT1" ADELETETABLE="N">

<TABLE ACLASS="EXTRACTION" AFIXTABLE="N" WIDTH="1124" BORDER="1">

<COLGROUP WIDTH="1124">
<COL WIDTH="63"></COL>
<COL WIDTH="135"></COL>
<COL WIDTH="114"></COL>
<COL WIDTH="84"></COL>
<COL WIDTH="72"></COL>
<COL WIDTH="72"></COL>
<COL WIDTH="72"></COL>
<COL WIDTH="72"></COL>
<COL WIDTH="72"></COL>
<COL WIDTH="72"></COL>
<COL WIDTH="72"></COL>
<COL WIDTH="71"></COL>
<COL WIDTH="84"></COL>
<COL WIDTH="69"></COL>
</COLGROUP>

<THEAD>

<TR ACOPY="N" ADELETE="N" HEIGHT="30">
<TH ROWSPAN="3" VALIGN="MIDDLE" WIDTH="54" ACOPYCOL="N" ADELETECOL="N" AMOVECOL="N" AUPDATECONT="N" ENG="Relationship" HEIGHT="175">관 계</TH>
<TH ROWSPAN="3" VALIGN="MIDDLE" WIDTH="126" ACOPYCOL="N" ADELETECOL="N" AMOVECOL="N" AUPDATECONT="N" ENG="Name (Title)" HEIGHT="175">성 명(명칭)</TH>
<TH ROWSPAN="3" VALIGN="MIDDLE" WIDTH="105" ACOPYCOL="N" ADELETECOL="N" AMOVECOL="N" AUPDATECONT="N" ENG="Date of birth or business registration No., etc." HEIGHT="175">생년월일또는사업자등록번호 등</TH>
<TH COLSPAN="11" VALIGN="MIDDLE" WIDTH="803" ACOPYCOL="N" ADELETECOL="N" AMOVECOL="N" AUPDATECONT="N" ENG="Details of stocks held, etc." HEIGHT="23">보유주식등의 내역</TH>
</TR>

<TR ACOPY="N" ADELETE="N" HEIGHT="30">
<TH COLSPAN="3" VALIGN="MIDDLE" ACOPYCOL="N" ADELETECOL="N" AMOVECOL="N" AUPDATECONT="N" ENG="Share certificates" WIDTH="219" HEIGHT="23">주 권</TH>
<TH ROWSPAN="2" VALIGN="MIDDLE" ACOPYCOL="N" ADELETECOL="N" AMOVECOL="N" AUPDATECONT="N" ENG="Those with warrants" WIDTH="63" HEIGHT="145">신주인수권이표시된것</TH>
<TH ROWSPAN="2" VALIGN="MIDDLE" ACOPYCOL="N" ADELETECOL="N" AMOVECOL="N" AUPDATECONT="N" ENG="Convertible bonds" WIDTH="63" HEIGHT="145">전환사채권</TH>
<TH ROWSPAN="2" VALIGN="MIDDLE" ACOPYCOL="N" ADELETECOL="N" AMOVECOL="N" AUPDATECONT="N" ENG="Bonds with warrants" WIDTH="63" HEIGHT="145">신주인수권부사채권</TH>
<TH ROWSPAN="2" VALIGN="MIDDLE" ACOPYCOL="N" ADELETECOL="N" AMOVECOL="N" AUPDATECONT="N" ENG="Exchangeable bonds" WIDTH="63" HEIGHT="145">교환사채권</TH>
<TH ROWSPAN="2" VALIGN="MIDDLE" ACOPYCOL="N" ADELETECOL="N" AMOVECOL="N" AUPDATECONT="N" ENG="Depositary receipts" WIDTH="63" HEIGHT="145">증권예탁증권</TH>
<TH ROWSPAN="2" VALIGN="MIDDLE" ACOPYCOL="N" ADELETECOL="N" AMOVECOL="N" AUPDATECONT="N" ENG="Others" WIDTH="62" HEIGHT="145">기타</TH>
<TH COLSPAN="2" VALIGN="MIDDLE" ACOPYCOL="N" ADELETECOL="N" AMOVECOL="N" AUPDATECONT="N" ENG="Total" WIDTH="144" HEIGHT="23">합 계</TH>
</TR>

<TR ACOPY="N" ADELETE="N" HEIGHT="122">
<TH VALIGN="MIDDLE" ACOPYCOL="N" ADELETECOL="N" AMOVECOL="N" AUPDATECONT="N" ENG="Voting share" WIDTH="75" HEIGHT="115">의결권있는주식</TH>
<TH VALIGN="MIDDLE" ACOPYCOL="N" ADELETECOL="N" AMOVECOL="N" AUPDATECONT="N" ENG="Stocks to be redeemed with voting share" WIDTH="63" HEIGHT="115">의결권있는 주식으로상환될주식</TH>
<TH VALIGN="MIDDLE" ACOPYCOL="N" ADELETECOL="N" AMOVECOL="N" AUPDATECONT="N" ENG="Stocks to be converted to voting share" WIDTH="63" HEIGHT="115">의결권있는 주식으로전환될 주식</TH>
<TH VALIGN="MIDDLE" ACOPYCOL="N" ADELETECOL="N" AMOVECOL="N" AUPDATECONT="N" ENG="Number of shares (shrs.)" WIDTH="75" HEIGHT="115">주수(주)</TH>
<TH VALIGN="MIDDLE" ACOPYCOL="N" ADELETECOL="N" AMOVECOL="N" AUPDATECONT="N" ENG="Ratio (%)" WIDTH="60" HEIGHT="115">비율(%)</TH>
</TR>
</THEAD>

<TBODY>

<TR ACOPY="N" ADELETE="N" HEIGHT="30">
<TD ALIGN="CENTER" VALIGN="MIDDLE" AUPDATECONT="N" ENG="Reporting entity" WIDTH="54" HEIGHT="23">보고자</TD>
<TE ALIGN="CENTER" VALIGN="MIDDLE" ACODE="SPC_NM" WIDTH="126" HEIGHT="23">(주)케이씨엔에이</TE>
<TE ALIGN="CENTER" VALIGN="MIDDLE" ACODE="SPC_ID2" WIDTH="105" HEIGHT="23">211-86-04269</TE>
<TE ALIGN="RIGHT" VALIGN="MIDDLE" ACODE="ATK_CNT" WIDTH="75" HEIGHT="23">7,235,500</TE>
<TE ALIGN="RIGHT" VALIGN="MIDDLE" ACODE="REP_CNT" WIDTH="63" HEIGHT="23">-</TE>
<TE ALIGN="RIGHT" VALIGN="MIDDLE" ACODE="CHN_CNT" WIDTH="63" HEIGHT="23">-</TE>
<TE ALIGN="RIGHT" VALIGN="MIDDLE" ACODE="ACC_CNT" WIDTH="63" HEIGHT="23">-</TE>
<TE ALIGN="RIGHT" VALIGN="MIDDLE" ACODE="CB_CNT" WIDTH="63" HEIGHT="23">-</TE>
<TE ALIGN="RIGHT" VALIGN="MIDDLE" ACODE="LN_CNT" WIDTH="63" HEIGHT="23">-</TE>
<TE ALIGN="RIGHT" VALIGN="MIDDLE" ACODE="EB_CNT" WIDTH="63" HEIGHT="23">-</TE>
<TE ALIGN="RIGHT" VALIGN="MIDDLE" ACODE="CF_CNT" WIDTH="63" HEIGHT="23">-</TE>
<TE ALIGN="RIGHT" VALIGN="MIDDLE" ACODE="ET_CNT" WIDTH="62" HEIGHT="23">-</TE>
<TE ALIGN="RIGHT" VALIGN="MIDDLE" ACODE="STK_CNT" WIDTH="75" HEIGHT="23">7,235,500</TE>
<TE ALIGN="RIGHT" VALIGN="MIDDLE" ACODE="STK_RT" WIDTH="60" HEIGHT="23">34.01</TE>
</TR>

<TR ACOPY="N" ADELETE="N" HEIGHT="30">
<TD ROWSPAN="4" ALIGN="CENTER" VALIGN="MIDDLE" AUPDATECONT="N" ENG="Specially related parties" WIDTH="54" HEIGHT="113">특별관계자</TD>
<TE ALIGN="CENTER" VALIGN="MIDDLE" ACODE="SPC_NM" WIDTH="126" HEIGHT="23">지용석</TE>
<TE ALIGN="CENTER" VALIGN="MIDDLE" ACODE="SPC_ID2" WIDTH="105" HEIGHT="23">640329</TE>
<TE ALIGN="RIGHT" VALIGN="MIDDLE" ACODE="ATK_CNT" WIDTH="75" HEIGHT="23">600,017</TE>
<TE ALIGN="RIGHT" VALIGN="MIDDLE" ACODE="REP_CNT" WIDTH="63" HEIGHT="23">-</TE>
<TE ALIGN="RIGHT" VALIGN="MIDDLE" ACODE="CHN_CNT" WIDTH="63" HEIGHT="23">-</TE>
<TE ALIGN="RIGHT" VALIGN="MIDDLE" ACODE="ACC_CNT" WIDTH="63" HEIGHT="23">-</TE>
<TE ALIGN="RIGHT" VALIGN="MIDDLE" ACODE="CB_CNT" WIDTH="63" HEIGHT="23">-</TE>
<TE ALIGN="RIGHT" VALIGN="MIDDLE" ACODE="LN_CNT" WIDTH="63" HEIGHT="23">-</TE>
<TE ALIGN="RIGHT" VALIGN="MIDDLE" ACODE="EB_CNT" WIDTH="63" HEIGHT="23">-</TE>
<TE ALIGN="RIGHT" VALIGN="MIDDLE" ACODE="CF_CNT" WIDTH="63" HEIGHT="23">-</TE>
<TE ALIGN="RIGHT" VALIGN="MIDDLE" ACODE="ET_CNT" WIDTH="62" HEIGHT="23">-</TE>
<TE ALIGN="RIGHT" VALIGN="MIDDLE" ACODE="STK_CNT" WIDTH="75" HEIGHT="23">600,017</TE>
<TE ALIGN="RIGHT" VALIGN="MIDDLE" ACODE="STK_RT" WIDTH="60" HEIGHT="23">2.82</TE>
</TR>

<TR ACOPY="Y" ADELETE="N" HEIGHT="30">
<TE ALIGN="CENTER" VALIGN="MIDDLE" ACODE="SPC_NM" WIDTH="126" HEIGHT="23">지수진</TE>
<TE ALIGN="CENTER" VALIGN="MIDDLE" ACODE="SPC_ID2" WIDTH="105" HEIGHT="23">941222</TE>
<TE ALIGN="RIGHT" VALIGN="MIDDLE" ACODE="ATK_CNT" WIDTH="75" HEIGHT="23">276,193</TE>
<TE ALIGN="RIGHT" VALIGN="MIDDLE" ACODE="REP_CNT" WIDTH="63" HEIGHT="23">-</TE>
<TE ALIGN="RIGHT" VALIGN="MIDDLE" ACODE="CHN_CNT" WIDTH="63" HEIGHT="23">-</TE>
<TE ALIGN="RIGHT" VALIGN="MIDDLE" ACODE="ACC_CNT" WIDTH="63" HEIGHT="23">-</TE>
<TE ALIGN="RIGHT" VALIGN="MIDDLE" ACODE="CB_CNT" WIDTH="63" HEIGHT="23">-</TE>
<TE ALIGN="RIGHT" VALIGN="MIDDLE" ACODE="LN_CNT" WIDTH="63" HEIGHT="23">-</TE>
<TE ALIGN="RIGHT" VALIGN="MIDDLE" ACODE="EB_CNT" WIDTH="63" HEIGHT="23">-</TE>
<TE ALIGN="RIGHT" VALIGN="MIDDLE" ACODE="CF_CNT" WIDTH="63" HEIGHT="23">-</TE>
<TE ALIGN="RIGHT" VALIGN="MIDDLE" ACODE="ET_CNT" WIDTH="62" HEIGHT="23">-</TE>
<TE ALIGN="RIGHT" VALIGN="MIDDLE" ACODE="STK_CNT" WIDTH="75" HEIGHT="23">276,193</TE>
<TE ALIGN="RIGHT" VALIGN="MIDDLE" ACODE="STK_RT" WIDTH="60" HEIGHT="23">1.30</TE>
</TR>

<TR ACOPY="Y" ADELETE="Y" HEIGHT="30">
<TE ALIGN="CENTER" VALIGN="MIDDLE" ACODE="SPC_NM" WIDTH="126" HEIGHT="23">지유진</TE>
<TE ALIGN="CENTER" VALIGN="MIDDLE" ACODE="SPC_ID2" WIDTH="105" HEIGHT="23">981002</TE>
<TE ALIGN="RIGHT" VALIGN="MIDDLE" ACODE="ATK_CNT" WIDTH="75" HEIGHT="23">276,192</TE>
<TE ALIGN="RIGHT" VALIGN="MIDDLE" ACODE="REP_CNT" WIDTH="63" HEIGHT="23">-</TE>
<TE ALIGN="RIGHT" VALIGN="MIDDLE" ACODE="CHN_CNT" WIDTH="63" HEIGHT="23">-</TE>
<TE ALIGN="RIGHT" VALIGN="MIDDLE" ACODE="ACC_CNT" WIDTH="63" HEIGHT="23">-</TE>
<TE ALIGN="RIGHT" VALIGN="MIDDLE" ACODE="CB_CNT" WIDTH="63" HEIGHT="23">-</TE>
<TE ALIGN="RIGHT" VALIGN="MIDDLE" ACODE="LN_CNT" WIDTH="63" HEIGHT="23">-</TE>
<TE ALIGN="RIGHT" VALIGN="MIDDLE" ACODE="EB_CNT" WIDTH="63" HEIGHT="23">-</TE>
<TE ALIGN="RIGHT" VALIGN="MIDDLE" ACODE="CF_CNT" WIDTH="63" HEIGHT="23">-</TE>
<TE ALIGN="RIGHT" VALIGN="MIDDLE" ACODE="ET_CNT" WIDTH="62" HEIGHT="23">-</TE>
<TE ALIGN="RIGHT" VALIGN="MIDDLE" ACODE="STK_CNT" WIDTH="75" HEIGHT="23">276,192</TE>
<TE ALIGN="RIGHT" VALIGN="MIDDLE" ACODE="STK_RT" WIDTH="60" HEIGHT="23">1.30</TE>
</TR>

<TR ACOPY="Y" ADELETE="Y" HEIGHT="30">
<TE ALIGN="CENTER" VALIGN="MIDDLE" ACODE="SPC_NM" WIDTH="126" HEIGHT="23">차재목</TE>
<TE ALIGN="CENTER" VALIGN="MIDDLE" ACODE="SPC_ID2" WIDTH="105" HEIGHT="23">900814</TE>
<TE ALIGN="RIGHT" VALIGN="MIDDLE" ACODE="ATK_CNT" WIDTH="75" HEIGHT="23">2,000</TE>
<TE ALIGN="RIGHT" VALIGN="MIDDLE" ACODE="REP_CNT" WIDTH="63" HEIGHT="23">-</TE>
<TE ALIGN="RIGHT" VALIGN="MIDDLE" ACODE="CHN_CNT" WIDTH="63" HEIGHT="23">-</TE>
<TE ALIGN="RIGHT" VALIGN="MIDDLE" ACODE="ACC_CNT" WIDTH="63" HEIGHT="23">-</TE>
<TE ALIGN="RIGHT" VALIGN="MIDDLE" ACODE="CB_CNT" WIDTH="63" HEIGHT="23">-</TE>
<TE ALIGN="RIGHT" VALIGN="MIDDLE" ACODE="LN_CNT" WIDTH="63" HEIGHT="23">-</TE>
<TE ALIGN="RIGHT" VALIGN="MIDDLE" ACODE="EB_CNT" WIDTH="63" HEIGHT="23">-</TE>
<TE ALIGN="RIGHT" VALIGN="MIDDLE" ACODE="CF_CNT" WIDTH="63" HEIGHT="23">-</TE>
<TE ALIGN="RIGHT" VALIGN="MIDDLE" ACODE="ET_CNT" WIDTH="62" HEIGHT="23">-</TE>
<TE ALIGN="RIGHT" VALIGN="MIDDLE" ACODE="STK_CNT" WIDTH="75" HEIGHT="23">2,000</TE>
<TE ALIGN="RIGHT" VALIGN="MIDDLE" ACODE="STK_RT" WIDTH="60" HEIGHT="23">0.01</TE>
</TR>

<TR ACOPY="N" ADELETE="N" HEIGHT="30">
<TD ROWSPAN="2" COLSPAN="3" ALIGN="CENTER" VALIGN="MIDDLE" AUPDATECONT="N" WIDTH="303" HEIGHT="53"></TD>
<TD ALIGN="CENTER" VALIGN="MIDDLE" AUPDATECONT="N" ROWSPAN="2" WIDTH="75" HEIGHT="53">A</TD>
<TD ALIGN="CENTER" VALIGN="MIDDLE" AUPDATECONT="N" WIDTH="63" HEIGHT="23">a1</TD>
<TD ALIGN="CENTER" VALIGN="MIDDLE" AUPDATECONT="N" WIDTH="63" HEIGHT="23">a2</TD>
<TD ALIGN="CENTER" VALIGN="MIDDLE" AUPDATECONT="N" WIDTH="63" HEIGHT="23">B</TD>
<TD ALIGN="CENTER" VALIGN="MIDDLE" AUPDATECONT="N" WIDTH="63" HEIGHT="23">C</TD>
<TD ALIGN="CENTER" VALIGN="MIDDLE" AUPDATECONT="N" WIDTH="63" HEIGHT="23">D</TD>
<TD ALIGN="CENTER" VALIGN="MIDDLE" AUPDATECONT="N" WIDTH="63" HEIGHT="23">E</TD>
<TD ALIGN="CENTER" VALIGN="MIDDLE" AUPDATECONT="N" WIDTH="63" HEIGHT="23">F</TD>
<TD ALIGN="CENTER" VALIGN="MIDDLE" AUPDATECONT="N" WIDTH="62" HEIGHT="23">G</TD>
<TD ROWSPAN="2" ALIGN="CENTER" VALIGN="MIDDLE" AUPDATECONT="N" WIDTH="75" HEIGHT="53"></TD>
<TD ROWSPAN="2" ALIGN="CENTER" VALIGN="MIDDLE" AUPDATECONT="N" WIDTH="60" HEIGHT="53"></TD>
</TR>

<TR ACOPY="N" ADELETE="N" HEIGHT="30">
<TD COLSPAN="8" ALIGN="CENTER" VALIGN="MIDDLE" AUPDATECONT="N" WIDTH="566" HEIGHT="23">H</TD>
</TR>
</TBODY>
</TABLE>
</TABLE-GROUP>
<P></P>

<TABLE-GROUP ACLASS="HLD_RT" ADELETETABLE="N">

<TABLE ACLASS="EXTRACTION" AFIXTABLE="Y" WIDTH="600" BORDER="1">

<COLGROUP WIDTH="600">
<COL WIDTH="124"></COL>
<COL WIDTH="163"></COL>
<COL WIDTH="176"></COL>
<COL WIDTH="137"></COL>
</COLGROUP>

<THEAD>

<TR ACOPY="Y" ADELETE="Y" HEIGHT="30">
<TH ROWSPAN="2" VALIGN="MIDDLE" WIDTH="115" HEIGHT="99" ACOPYCOL="Y" ADELETECOL="Y" AMOVECOL="N" AUPDATECONT="N" ENG="Total number of voting shares (I)">의결권있는발행주식 총수(I)</TH>
<TH ROWSPAN="2" VALIGN="MIDDLE" WIDTH="154" HEIGHT="99" ACOPYCOL="Y" ADELETECOL="Y" AMOVECOL="N" AUPDATECONT="N" ENG="Number of potential shares held (a1+a2+B+C+D+E+F+G=H)">보유잠재주식의 수(a1+a2+B+C+D+E+F+G=H)</TH>
<TH COLSPAN="2" VALIGN="MIDDLE" WIDTH="304" HEIGHT="23" ACOPYCOL="Y" ADELETECOL="Y" AMOVECOL="N" AUPDATECONT="N" ENG="Holding ratio (%)">보유비율(%)</TH>
</TR>

<TR ACOPY="Y" ADELETE="Y" HEIGHT="76">
<TH VALIGN="MIDDLE" WIDTH="167" HEIGHT="69" ACOPYCOL="Y" ADELETECOL="Y" AMOVECOL="N" AUPDATECONT="N" ENG="Holding ratio of stocks, etc. [A+H / I+H-(E+F+G)※] × 100">주식등의 보유비율[A+H / I+H-(E+F+G)※] × 100 </TH>
<TH VALIGN="MIDDLE" WIDTH="128" HEIGHT="69" ACOPYCOL="Y" ADELETECOL="Y" AMOVECOL="N" AUPDATECONT="N" ENG="Holding ratio of share certificates (A / I) × 100">주권의 보유비율(A / I) × 100  </TH>
</TR>
</THEAD>

<TBODY>

<TR ACOPY="Y" ADELETE="Y" HEIGHT="30">
<TE ALIGN="RIGHT" WIDTH="115" HEIGHT="23" ACODE="VOT_STK_CNT">21,273,506</TE>
<TE ALIGN="RIGHT" WIDTH="154" HEIGHT="23" ACODE="HLD_STK_CNT">-</TE>
<TE ALIGN="RIGHT" WIDTH="167" HEIGHT="23" ACODE="HLD_STK_RT">39.44</TE>
<TE ALIGN="RIGHT" WIDTH="128" HEIGHT="23" ACODE="HLD_CMT_RT">39.44</TE>
</TR>
</TBODY>
</TABLE>
</TABLE-GROUP>
<P>※ 교환대상이 주식인 교환사채권, 기초자산이 주식인 증권예탁증권ㆍ파생결합증권 및 자기주식을 교부하는 주식매수선택권 등에 한하여 분모에서 제외하고 보유비율을 산정</P>
</SECTION-3>

<SECTION-3 ACLASS="MANDATORY">
<TITLE ATOC="Y" AASSOCNOTE="D-2-1-2-0" ENG="B. Details of holdings by holding type" ATOCID="14">나. 보유형태별 보유내역</TITLE>

<TABLE-GROUP ACLASS="HLD_STK" ADELETETABLE="N">

<TABLE ACLASS="EXTRACTION" AFIXTABLE="N" WIDTH="871" BORDER="1">

<COLGROUP WIDTH="871">
<COL WIDTH="63"></COL>
<COL WIDTH="135"></COL>
<COL WIDTH="114"></COL>
<COL WIDTH="84"></COL>
<COL WIDTH="56"></COL>
<COL WIDTH="56"></COL>
<COL WIDTH="56"></COL>
<COL WIDTH="56"></COL>
<COL WIDTH="56"></COL>
<COL WIDTH="56"></COL>
<COL WIDTH="84"></COL>
<COL WIDTH="55"></COL>
</COLGROUP>

<THEAD>

<TR ACOPY="N" ADELETE="N" HEIGHT="69">
<TH ROWSPAN="2" VALIGN="MIDDLE" WIDTH="54" ACOPYCOL="N" ADELETECOL="N" AMOVECOL="N" AUPDATECONT="N" ENG="Relationship" HEIGHT="92">관계</TH>
<TH ROWSPAN="2" VALIGN="MIDDLE" WIDTH="126" ACOPYCOL="N" ADELETECOL="N" AMOVECOL="N" AUPDATECONT="N" ENG="Name (Title)" HEIGHT="92">성명(명칭)</TH>
<TH ROWSPAN="2" VALIGN="MIDDLE" WIDTH="105" ACOPYCOL="N" ADELETECOL="N" AMOVECOL="N" AUPDATECONT="N" ENG="Date of birth or business registration No., etc." HEIGHT="92">생년월일또는사업자등록번호 등</TH>
<TH COLSPAN="7" VALIGN="MIDDLE" WIDTH="411" ACOPYCOL="N" ADELETECOL="N" AMOVECOL="N" AUPDATECONT="N" ENG="Holdings similar to ownership under Article 142 of the Enforcement Decree of The Financial Investment Services And Capital Markets Act" HEIGHT="62">소유에 준하는 보유(자본시장과 금융투자업에 관한 법률 시행령 제142조) 형태</TH>
<TH COLSPAN="2" VALIGN="MIDDLE" WIDTH="130" ACOPYCOL="N" ADELETECOL="N" AMOVECOL="N" AUPDATECONT="N" ENG="Total" HEIGHT="62">합계</TH>
</TR>

<TR ACOPY="N" ADELETE="N" HEIGHT="30">
<TH VALIGN="MIDDLE" ACOPYCOL="N" ADELETECOL="N" AMOVECOL="N" AUPDATECONT="N" ENG="Subparagraph 1" WIDTH="75" HEIGHT="23">제1호</TH>
<TH VALIGN="MIDDLE" ACOPYCOL="N" ADELETECOL="N" AMOVECOL="N" AUPDATECONT="N" ENG="Subparagraph 2" WIDTH="47" HEIGHT="23">제2호</TH>
<TH VALIGN="MIDDLE" ACOPYCOL="N" ADELETECOL="N" AMOVECOL="N" AUPDATECONT="N" ENG="Subparagraph 3" WIDTH="47" HEIGHT="23">제3호</TH>
<TH VALIGN="MIDDLE" ACOPYCOL="N" ADELETECOL="N" AMOVECOL="N" AUPDATECONT="N" ENG="Subparagraph 4" WIDTH="47" HEIGHT="23">제4호</TH>
<TH VALIGN="MIDDLE" ACOPYCOL="N" ADELETECOL="N" AMOVECOL="N" AUPDATECONT="N" ENG="Subparagraph 5" WIDTH="47" HEIGHT="23">제5호</TH>
<TH VALIGN="MIDDLE" ACOPYCOL="N" ADELETECOL="N" AMOVECOL="N" AUPDATECONT="N" ENG="Subparagraph 6" WIDTH="47" HEIGHT="23">제6호</TH>
<TH VALIGN="MIDDLE" ACOPYCOL="N" ADELETECOL="N" AMOVECOL="N" AUPDATECONT="N" ENG="Subparagraph 7" WIDTH="47" HEIGHT="23">제7호</TH>
<TH VALIGN="MIDDLE" ACOPYCOL="N" ADELETECOL="N" AMOVECOL="N" AUPDATECONT="N" ENG="Number of shares" WIDTH="75" HEIGHT="23">주수</TH>
<TH VALIGN="MIDDLE" ACOPYCOL="N" ADELETECOL="N" AMOVECOL="N" AUPDATECONT="N" ENG="Ratio" WIDTH="46" HEIGHT="23">비율</TH>
</TR>
</THEAD>

<TBODY>

<TR ACOPY="N" ADELETE="N" HEIGHT="30">
<TD ALIGN="CENTER" VALIGN="MIDDLE" AUPDATECONT="N" ENG="Reporting entity" WIDTH="54" HEIGHT="23">보고자</TD>
<TE ALIGN="CENTER" VALIGN="MIDDLE" ACODE="SPC_NM" WIDTH="126" HEIGHT="23">(주)케이씨엔에이</TE>
<TE ALIGN="CENTER" VALIGN="MIDDLE" ACODE="SPC_ID2" WIDTH="105" HEIGHT="23">211-86-04269</TE>
<TE ALIGN="RIGHT" VALIGN="MIDDLE" ACODE="STK_CNT1" WIDTH="75" HEIGHT="23">7,235,500</TE>
<TE ALIGN="RIGHT" VALIGN="MIDDLE" ACODE="STK_CNT2" WIDTH="47" HEIGHT="23">-</TE>
<TE ALIGN="RIGHT" VALIGN="MIDDLE" ACODE="STK_CNT3" WIDTH="47" HEIGHT="23">-</TE>
<TE ALIGN="RIGHT" VALIGN="MIDDLE" ACODE="STK_CNT4" WIDTH="47" HEIGHT="23">-</TE>
<TE ALIGN="RIGHT" VALIGN="MIDDLE" ACODE="STK_CNT5" WIDTH="47" HEIGHT="23">-</TE>
<TE ALIGN="RIGHT" VALIGN="MIDDLE" ACODE="STK_CNT6" WIDTH="47" HEIGHT="23">-</TE>
<TE ALIGN="RIGHT" VALIGN="MIDDLE" ACODE="STK_CNT7" WIDTH="47" HEIGHT="23">-</TE>
<TE ALIGN="RIGHT" VALIGN="MIDDLE" ACODE="HLD_TOT_CNT" WIDTH="75" HEIGHT="23">7,235,500</TE>
<TE ALIGN="RIGHT" VALIGN="MIDDLE" ACODE="HLD_TOT_RT" WIDTH="46" HEIGHT="23">34.01</TE>
</TR>

<TR ACOPY="N" ADELETE="N" HEIGHT="30">
<TD ROWSPAN="4" ALIGN="CENTER" VALIGN="MIDDLE" AUPDATECONT="N" ENG="Specially related parties" WIDTH="54" HEIGHT="113">특별관계자</TD>
<TE ALIGN="CENTER" VALIGN="MIDDLE" ACODE="SPC_NM" WIDTH="126" HEIGHT="23">지용석</TE>
<TE ALIGN="CENTER" VALIGN="MIDDLE" ACODE="SPC_ID2" WIDTH="105" HEIGHT="23">640329</TE>
<TE ALIGN="RIGHT" VALIGN="MIDDLE" ACODE="STK_CNT1" WIDTH="75" HEIGHT="23">600,017</TE>
<TE ALIGN="RIGHT" VALIGN="MIDDLE" ACODE="STK_CNT2" WIDTH="47" HEIGHT="23">-</TE>
<TE ALIGN="RIGHT" VALIGN="MIDDLE" ACODE="STK_CNT3" WIDTH="47" HEIGHT="23">-</TE>
<TE ALIGN="RIGHT" VALIGN="MIDDLE" ACODE="STK_CNT4" WIDTH="47" HEIGHT="23">-</TE>
<TE ALIGN="RIGHT" VALIGN="MIDDLE" ACODE="STK_CNT5" WIDTH="47" HEIGHT="23">-</TE>
<TE ALIGN="RIGHT" VALIGN="MIDDLE" ACODE="STK_CNT6" WIDTH="47" HEIGHT="23">-</TE>
<TE ALIGN="RIGHT" VALIGN="MIDDLE" ACODE="STK_CNT7" WIDTH="47" HEIGHT="23">-</TE>
<TE ALIGN="RIGHT" VALIGN="MIDDLE" ACODE="HLD_TOT_CNT" WIDTH="75" HEIGHT="23">600,017</TE>
<TE ALIGN="RIGHT" VALIGN="MIDDLE" ACODE="HLD_TOT_RT" WIDTH="46" HEIGHT="23">2.82</TE>
</TR>

<TR ACOPY="Y" ADELETE="N" HEIGHT="30">
<TE ALIGN="CENTER" VALIGN="MIDDLE" ACODE="SPC_NM" WIDTH="126" HEIGHT="23">지수진</TE>
<TE ALIGN="CENTER" VALIGN="MIDDLE" ACODE="SPC_ID2" WIDTH="105" HEIGHT="23">941222</TE>
<TE ALIGN="RIGHT" VALIGN="MIDDLE" ACODE="STK_CNT1" WIDTH="75" HEIGHT="23">276,193</TE>
<TE ALIGN="RIGHT" VALIGN="MIDDLE" ACODE="STK_CNT2" WIDTH="47" HEIGHT="23">-</TE>
<TE ALIGN="RIGHT" VALIGN="MIDDLE" ACODE="STK_CNT3" WIDTH="47" HEIGHT="23">-</TE>
<TE ALIGN="RIGHT" VALIGN="MIDDLE" ACODE="STK_CNT4" WIDTH="47" HEIGHT="23">-</TE>
<TE ALIGN="RIGHT" VALIGN="MIDDLE" ACODE="STK_CNT5" WIDTH="47" HEIGHT="23">-</TE>
<TE ALIGN="RIGHT" VALIGN="MIDDLE" ACODE="STK_CNT6" WIDTH="47" HEIGHT="23">-</TE>
<TE ALIGN="RIGHT" VALIGN="MIDDLE" ACODE="STK_CNT7" WIDTH="47" HEIGHT="23">-</TE>
<TE ALIGN="RIGHT" VALIGN="MIDDLE" ACODE="HLD_TOT_CNT" WIDTH="75" HEIGHT="23">276,193</TE>
<TE ALIGN="RIGHT" VALIGN="MIDDLE" ACODE="HLD_TOT_RT" WIDTH="46" HEIGHT="23">1.30</TE>
</TR>

<TR ACOPY="Y" ADELETE="Y" HEIGHT="30">
<TE ALIGN="CENTER" VALIGN="MIDDLE" ACODE="SPC_NM" WIDTH="126" HEIGHT="23">지유진</TE>
<TE ALIGN="CENTER" VALIGN="MIDDLE" ACODE="SPC_ID2" WIDTH="105" HEIGHT="23">981002</TE>
<TE ALIGN="RIGHT" VALIGN="MIDDLE" ACODE="STK_CNT1" WIDTH="75" HEIGHT="23">276,192</TE>
<TE ALIGN="RIGHT" VALIGN="MIDDLE" ACODE="STK_CNT2" WIDTH="47" HEIGHT="23">-</TE>
<TE ALIGN="RIGHT" VALIGN="MIDDLE" ACODE="STK_CNT3" WIDTH="47" HEIGHT="23">-</TE>
<TE ALIGN="RIGHT" VALIGN="MIDDLE" ACODE="STK_CNT4" WIDTH="47" HEIGHT="23">-</TE>
<TE ALIGN="RIGHT" VALIGN="MIDDLE" ACODE="STK_CNT5" WIDTH="47" HEIGHT="23">-</TE>
<TE ALIGN="RIGHT" VALIGN="MIDDLE" ACODE="STK_CNT6" WIDTH="47" HEIGHT="23">-</TE>
<TE ALIGN="RIGHT" VALIGN="MIDDLE" ACODE="STK_CNT7" WIDTH="47" HEIGHT="23">-</TE>
<TE ALIGN="RIGHT" VALIGN="MIDDLE" ACODE="HLD_TOT_CNT" WIDTH="75" HEIGHT="23">276,192</TE>
<TE ALIGN="RIGHT" VALIGN="MIDDLE" ACODE="HLD_TOT_RT" WIDTH="46" HEIGHT="23">1.30</TE>
</TR>

<TR ACOPY="Y" ADELETE="Y" HEIGHT="30">
<TE ALIGN="CENTER" VALIGN="MIDDLE" ACODE="SPC_NM" WIDTH="126" HEIGHT="23">차재목</TE>
<TE ALIGN="CENTER" VALIGN="MIDDLE" ACODE="SPC_ID2" WIDTH="105" HEIGHT="23">900814</TE>
<TE ALIGN="RIGHT" VALIGN="MIDDLE" ACODE="STK_CNT1" WIDTH="75" HEIGHT="23">2,000</TE>
<TE ALIGN="RIGHT" VALIGN="MIDDLE" ACODE="STK_CNT2" WIDTH="47" HEIGHT="23">-</TE>
<TE ALIGN="RIGHT" VALIGN="MIDDLE" ACODE="STK_CNT3" WIDTH="47" HEIGHT="23">-</TE>
<TE ALIGN="RIGHT" VALIGN="MIDDLE" ACODE="STK_CNT4" WIDTH="47" HEIGHT="23">-</TE>
<TE ALIGN="RIGHT" VALIGN="MIDDLE" ACODE="STK_CNT5" WIDTH="47" HEIGHT="23">-</TE>
<TE ALIGN="RIGHT" VALIGN="MIDDLE" ACODE="STK_CNT6" WIDTH="47" HEIGHT="23">-</TE>
<TE ALIGN="RIGHT" VALIGN="MIDDLE" ACODE="STK_CNT7" WIDTH="47" HEIGHT="23">-</TE>
<TE ALIGN="RIGHT" VALIGN="MIDDLE" ACODE="HLD_TOT_CNT" WIDTH="75" HEIGHT="23">2,000</TE>
<TE ALIGN="RIGHT" VALIGN="MIDDLE" ACODE="HLD_TOT_RT" WIDTH="46" HEIGHT="23">0.01</TE>
</TR>
</TBODY>
</TABLE>
</TABLE-GROUP>

<TABLE ACLASS="NORMAL" AFIXTABLE="Y" WIDTH="600" BORDER="0">

<COLGROUP WIDTH="600">
<COL WIDTH="600"></COL>
</COLGROUP>

<TBODY>

<TR ACOPY="Y" ADELETE="Y" HEIGHT="352">
<TD WIDTH="591" HEIGHT="345" AUPDATECONT="N" ENG="※ Holdings similar to ownership (Article 142 of the Enforcement Decree of the Financial Investment Services And Capital Markets Act) - Subparagraph 1. Where stocks, etc. are owned on a person’s own account, regardless of in whose name they are held - Subparagraph 2. Where a person holds a right to claim delivery of stocks, etc., pursuant to legal provisions, transaction, or other contracts - Subparagraph 3. Where a person holds a voting right (including the power to instruct exercise of the voting right) of stocks, etc., pursuant to legal provisions, monetary trust contract, collateral agreement, or any other contracts - Subparagraph 4. Where a person holds a right to acquire or dispose of the relevant stocks, etc., pursuant to legal provisions, monetary trust contract, collateral agreement, discretionary investment contract, or any other contracts - Subparagraph 5. Where a person holds a right to complete a trade by unilateral reservation for trading stocks, etc., and acquires the status of purchaser by exercising that right - Subparagraph 6. Where a person holds a contractual right as prescribed in Article 5 (1) 2 of the Act to a contract for an underlying asset of stocks, etc., and acquires the status of purchaser by exercising that contractual right - Subparagraph 7. Where a person holds a stock option and acquires the status of purchaser by exercising that stock option.">※ 소유에 준하는 보유(자본시장과 금융투자업에 관한 법률 시행령 제142조) - 제1호 누구의 명의로든지 자기의 계산으로 주식등을 소유하는 경우 - 제2호 법률의 규정이나 매매, 그 밖의 계약에 따라 주식등의 인도청구권을 가지는경우 - 제3호 법률의 규정이나 금전의 신탁계약ㆍ담보계약, 그 밖의 계약에 따라 해당 주식등            의 의결권(의결권의 행사를 지시할 수 있는 권한을 포함한다)을 가지는 경우 - 제4호 법률의 규정이나 금전의 신탁계약ㆍ담보계약ㆍ투자일임계약, 그 밖의 계약에               따라 해당 주식등의 취득이나 처분의 권한을 가지는 경우 - 제5호 주식등의 매매의 일방예약을 하고 해당 매매를 완결할 권리를 취득하는 경우로             서 그 권리행사에 의하여 매수인으로서의 지위를 가지는 경우 - 제6호 주식등을 기초자산으로 하는 법 제5조제1항제2호에 따른 계약상의 권리를 가지            는 경우로서 그 권리의 행사에 의하여 매수인으로서의 지위를 가지는 경우 - 제7호 주식매수선택권을 부여받은 경우로서 그 권리의 행사에 의하여 매수인으로서의            지위를 가지는 경우</TD>
</TR>
</TBODY>
</TABLE>
<P></P>

</SECTION-3></SECTION-2><SECTION-2 ACLASS="MANDATORY">
<TITLE ATOC="Y" ENG="2. Contracts related to shares held, etc." ATOCID="15">2. 보유주식등에 관한 계약</TITLE>

<SECTION-3 ACLASS="MANDATORY">
<TITLE ATOC="Y" AASSOCNOTE="D-2-2-1-0" ENG="A. Whether there is a contract" ATOCID="16">가. 계약 여부</TITLE>

<TABLE-GROUP ACLASS="TRD_RVQ" ADELETETABLE="N">

<TABLE ACLASS="EXTRACTION" AFIXTABLE="Y" WIDTH="600" BORDER="1">

<COLGROUP WIDTH="600">
<COL WIDTH="600"></COL>
</COLGROUP>

<TBODY>

<TR ACOPY="N" ADELETE="N" HEIGHT="30">
<TD ALIGN="CENTER" VALIGN="MIDDLE" WIDTH="591" HEIGHT="23" AUPDATECONT="N" ENG="Whether there are major contracts such as trust, collateral, loan, discretionary, over-the-counter sales, joint holding, etc. concluded or changed">신탁ㆍ담보ㆍ대차ㆍ일임ㆍ장외매매ㆍ공동보유 등 주요계약 체결, 변경 여부</TD>
</TR>

<TR ACOPY="N" ADELETE="N" HEIGHT="30">
<TU ALIGN="CENTER" VALIGN="MIDDLE" WIDTH="591" HEIGHT="23" AUNIT="TRD_RVQ_SEL" AUNITVALUE="N" ENG="None">없음</TU>
</TR>
</TBODY>
</TABLE>
</TABLE-GROUP>
<P>*주요계약 체결ㆍ변경사실 미보고시 해당 미보고분에 대해 의결권이 제한될 수 있음</P>

<P></P>
</SECTION-3>

<SECTION-3 ACLASS="MANDATORY">
<TITLE ATOC="Y" AASSOCNOTE="D-2-2-2-0" ENG="B. Details of contract" ATOCID="17">나. 계약 내용</TITLE>

<TABLE-GROUP ACLASS="TRD_RVL" ADELETETABLE="N">

<TABLE ACLASS="EXTRACTION" AFIXTABLE="N" WIDTH="878" BORDER="1">

<COLGROUP WIDTH="878">
<COL WIDTH="53"></COL>
<COL WIDTH="79"></COL>
<COL WIDTH="84"></COL>
<COL WIDTH="135"></COL>
<COL WIDTH="72"></COL>
<COL WIDTH="72"></COL>
<COL WIDTH="66"></COL>
<COL WIDTH="66"></COL>
<COL WIDTH="79"></COL>
<COL WIDTH="59"></COL>
<COL WIDTH="58"></COL>
<COL WIDTH="55"></COL>
</COLGROUP>

<THEAD>

<TR ACOPY="N" ADELETE="N" HEIGHT="53">
<TH VALIGN="MIDDLE" WIDTH="44" HEIGHT="46" ACOPYCOL="N" ADELETECOL="N" AMOVECOL="N" AUPDATECONT="N" ENG="Sequential No.">연번</TH>
<TH VALIGN="MIDDLE" WIDTH="70" HEIGHT="46" ACOPYCOL="N" ADELETECOL="N" AMOVECOL="N" AUPDATECONT="N" ENG="Name (Title)">성명(명칭)</TH>
<TH VALIGN="MIDDLE" WIDTH="75" HEIGHT="46" ACOPYCOL="N" ADELETECOL="N" AMOVECOL="N" AUPDATECONT="N" ENG="Relationship to the reporting entity">보고자와의관계</TH>
<TH VALIGN="MIDDLE" WIDTH="126" HEIGHT="46" ACOPYCOL="N" ADELETECOL="N" AMOVECOL="N" AUPDATECONT="N" ENG="Date of birth or business registration No., etc.">생년월일 또는사업자등록번호 등</TH>
<TH VALIGN="MIDDLE" WIDTH="63" HEIGHT="46" ACOPYCOL="N" ADELETECOL="N" AMOVECOL="N" AUPDATECONT="N" ENG="Type of shares, etc.">주식등의종류</TH>
<TH VALIGN="MIDDLE" WIDTH="63" HEIGHT="46" ACOPYCOL="N" ADELETECOL="N" AMOVECOL="N" AUPDATECONT="N" ENG="Number of shares, etc.">주식등의수</TH>
<TH VALIGN="MIDDLE" WIDTH="57" HEIGHT="46" ACOPYCOL="N" ADELETECOL="N" AMOVECOL="N" AUPDATECONT="N" ENG="Counterparty of contract">계약 상대방</TH>
<TH VALIGN="MIDDLE" WIDTH="57" HEIGHT="46" ACOPYCOL="N" ADELETECOL="N" AMOVECOL="N" AUPDATECONT="N" ENG="Type of contract">계약의종류</TH>
<TH VALIGN="MIDDLE" WIDTH="70" HEIGHT="46" ACOPYCOL="N" ADELETECOL="N" AMOVECOL="N" AUPDATECONT="N" ENG="Date of contract (amendment)">계약체결(변경)일</TH>
<TH VALIGN="MIDDLE" WIDTH="50" HEIGHT="46" ACOPYCOL="N" ADELETECOL="N" AMOVECOL="N" AUPDATECONT="N" ENG="Contract period">계약기간</TH>
<TH VALIGN="MIDDLE" WIDTH="49" HEIGHT="46" ACOPYCOL="N" ADELETECOL="N" AMOVECOL="N" AUPDATECONT="N" ENG="Ratio">비율</TH>
<TH VALIGN="MIDDLE" WIDTH="46" HEIGHT="46" ACOPYCOL="N" ADELETECOL="N" AMOVECOL="N" AUPDATECONT="N" ENG="Note">비고</TH>
</TR>
</THEAD>

<TBODY>

<TR ACOPY="Y" ADELETE="N" HEIGHT="30">
<TE ALIGN="CENTER" WIDTH="44" HEIGHT="23" ACODE="SEQ_NO2" VALIGN="MIDDLE">-</TE>
<TE ALIGN="CENTER" WIDTH="70" HEIGHT="23" ACODE="SPC_NM" VALIGN="MIDDLE">-</TE>
<TU ALIGN="CENTER" WIDTH="75" HEIGHT="23" AUNIT="IFR_RLT2" VALIGN="MIDDLE" AUNITVALUE="-" ENG="-">-</TU>
<TE ALIGN="CENTER" WIDTH="126" HEIGHT="23" ACODE="SPC_ID2" VALIGN="MIDDLE">-</TE>
<TU ALIGN="CENTER" WIDTH="63" HEIGHT="23" AUNIT="STK_KND" VALIGN="MIDDLE" AUNITVALUE="9" ENG="-">-</TU>
<TE ALIGN="RIGHT" WIDTH="63" HEIGHT="23" ACODE="STK_CNT" VALIGN="MIDDLE">-</TE>
<TE ALIGN="CENTER" WIDTH="57" HEIGHT="23" ACODE="TRD_RVL">-</TE>
<TE WIDTH="57" HEIGHT="23" ACODE="TRD_KND" ALIGN="CENTER">-</TE>
<TU WIDTH="70" HEIGHT="23" AUNIT="TRD_SIN" AUNITVALUE="-" VALIGN="MIDDLE" ALIGN="CENTER">-</TU>
<TE WIDTH="50" HEIGHT="23" ACODE="TRD_PRD" VALIGN="MIDDLE" ALIGN="CENTER">-</TE>
<TE WIDTH="49" HEIGHT="23" ACODE="TRD_RT" VALIGN="MIDDLE" ALIGN="RIGHT">-</TE>
<TE WIDTH="46" HEIGHT="23" ACODE="TRD_RMK" VALIGN="MIDDLE" ALIGN="CENTER">-</TE>
</TR>

<TR ACOPY="N" ADELETE="N" HEIGHT="30">
<TD COLSPAN="5" ALIGN="CENTER" WIDTH="414" HEIGHT="23" AUPDATECONT="N" VALIGN="MIDDLE" ENG="Total (Total number of shares, etc.)">합계(주식등의 수)</TD>
<TE ALIGN="RIGHT" WIDTH="63" HEIGHT="23" ACODE="SUM_STK_CNT" VALIGN="MIDDLE">-</TE>
<TD COLSPAN="4" ALIGN="CENTER" WIDTH="261" HEIGHT="23" AUPDATECONT="N" VALIGN="MIDDLE" ENG="Total (Ratio)">합계(비율)</TD>
<TE ALIGN="RIGHT" WIDTH="49" HEIGHT="23" ACODE="SUM_TRD_RT" VALIGN="MIDDLE">-</TE>
<TE WIDTH="46" HEIGHT="23" ACODE="SUM_TRD_RMK" VALIGN="MIDDLE" ALIGN="CENTER">-</TE>
</TR>
</TBODY>
</TABLE>
</TABLE-GROUP>
<P></P>
</SECTION-3>

<SECTION-3 ACLASS="MANDATORY">
<TITLE ATOC="Y" AASSOCNOTE="D-2-2-3-0" ENG="C. Additional information if the major contract is a collateral contract" ATOCID="18">다. 주요계약이 담보계약인 경우 추가 기재사항</TITLE>

<TABLE-GROUP ACLASS="SEC_CONT" ADELETETABLE="N">

<TABLE ACLASS="EXTRACTION" AFIXTABLE="N" WIDTH="612" BORDER="1">

<COLGROUP WIDTH="612">
<COL WIDTH="43"></COL>
<COL WIDTH="108"></COL>
<COL WIDTH="103"></COL>
<COL WIDTH="97"></COL>
<COL WIDTH="87"></COL>
<COL WIDTH="95"></COL>
<COL WIDTH="79"></COL>
</COLGROUP>

<THEAD>

<TR ACOPY="N" ADELETE="N" HEIGHT="53">
<TH VALIGN="MIDDLE" WIDTH="34" HEIGHT="46" ACOPYCOL="N" ADELETECOL="N" AMOVECOL="N" AUPDATECONT="N" ENG="Sequential No.">연번</TH>
<TH VALIGN="MIDDLE" WIDTH="99" HEIGHT="46" ACOPYCOL="N" ADELETECOL="N" AMOVECOL="N" AUPDATECONT="N" ENG="Number of shares, etc.">주식등의 수</TH>
<TH VALIGN="MIDDLE" WIDTH="94" HEIGHT="46" ACOPYCOL="N" ADELETECOL="N" AMOVECOL="N" AUPDATECONT="N" ENG="Amount of loan">대출금액</TH>
<TH VALIGN="MIDDLE" WIDTH="88" HEIGHT="46" ACOPYCOL="N" ADELETECOL="N" AMOVECOL="N" AUPDATECONT="N" ENG="Debtor">채무자</TH>
<TH VALIGN="MIDDLE" WIDTH="78" HEIGHT="46" ACOPYCOL="N" ADELETECOL="N" AMOVECOL="N" AUPDATECONT="N" ENG="Interest rate">이자율</TH>
<TH VALIGN="MIDDLE" WIDTH="86" HEIGHT="46" ACOPYCOL="N" ADELETECOL="N" AMOVECOL="N" AUPDATECONT="N" ENG="Collateral maintenance ratio">담보유지비율</TH>
<TH VALIGN="MIDDLE" WIDTH="70" HEIGHT="46" ACOPYCOL="N" ADELETECOL="N" AMOVECOL="N" AUPDATECONT="N" ENG="Others">기타</TH>
</TR>
</THEAD>

<TBODY>

<TR ACOPY="Y" ADELETE="N" HEIGHT="30">
<TE ALIGN="CENTER" WIDTH="34" HEIGHT="23" ACODE="SEQ_NO2" VALIGN="MIDDLE">-</TE>
<TE ALIGN="RIGHT" WIDTH="99" HEIGHT="23" ACODE="SEC_CNT" VALIGN="MIDDLE">-</TE>
<TE ALIGN="RIGHT" WIDTH="94" HEIGHT="23" ACODE="SEC_MOY" VALIGN="MIDDLE">-</TE>
<TE ALIGN="CENTER" WIDTH="88" HEIGHT="23" ACODE="SEC_DEB" VALIGN="MIDDLE">-</TE>
<TE ALIGN="RIGHT" WIDTH="78" HEIGHT="23" ACODE="SEC_INT" VALIGN="MIDDLE">-</TE>
<TE WIDTH="86" HEIGHT="23" ACODE="SEC_KEP" ALIGN="RIGHT" VALIGN="MIDDLE">-</TE>
<TE WIDTH="70" HEIGHT="23" ACODE="SEC_ETC" VALIGN="MIDDLE" ALIGN="CENTER">-</TE>
</TR>
</TBODY>
</TABLE>
</TABLE-GROUP>
<P></P>
</SECTION-3>
</SECTION-2>

<SECTION-2 ACLASS="MANDATORY">
<TITLE ATOC="Y" AASSOCNOTE="D-2-3-0-0" ENG="3. Details of holding by own account and customer account (Financial institutions only)" ATOCID="19">3. 자기계정 및 고객계정별 보유내역(금융기관에 한함)</TITLE>

<TABLE-GROUP ACLASS="SF_CNS" ADELETETABLE="N">

<TABLE ACLASS="EXTRACTION" AFIXTABLE="N" WIDTH="700" BORDER="1">

<COLGROUP WIDTH="700">
<COL WIDTH="84"></COL>
<COL WIDTH="89"></COL>
<COL WIDTH="107"></COL>
<COL WIDTH="75"></COL>
<COL WIDTH="105"></COL>
<COL WIDTH="70"></COL>
<COL WIDTH="98"></COL>
<COL WIDTH="72"></COL>
</COLGROUP>

<THEAD>

<TR ACOPY="N" ADELETE="N" HEIGHT="30">
<TH ROWSPAN="2" VALIGN="MIDDLE" WIDTH="75" HEIGHT="53" ACOPYCOL="N" ADELETECOL="N" AMOVECOL="N" AUPDATECONT="N" ENG="Name">명칭</TH>
<TH ROWSPAN="2" VALIGN="MIDDLE" WIDTH="80" HEIGHT="53" ACOPYCOL="N" ADELETECOL="N" AMOVECOL="N" AUPDATECONT="N" ENG="Relationship to the reporting entity">보고자와의관계</TH>
<TH COLSPAN="4" WIDTH="348" HEIGHT="23" ACOPYCOL="N" ADELETECOL="N" AMOVECOL="N" AUPDATECONT="N" ENG="Details by account">계정별 내역</TH>
<TH COLSPAN="2" WIDTH="161" HEIGHT="23" ACOPYCOL="N" ADELETECOL="N" AMOVECOL="N" AUPDATECONT="N" ENG="Total">합  계</TH>
</TR>

<TR ACOPY="N" ADELETE="N" HEIGHT="30">
<TH WIDTH="98" HEIGHT="23" ACOPYCOL="N" ADELETECOL="N" AMOVECOL="N" AUPDATECONT="N" ENG="Own account (shrs.)">자기계정(주)</TH>
<TH WIDTH="66" HEIGHT="23" ACOPYCOL="N" ADELETECOL="N" AMOVECOL="N" AUPDATECONT="N" ENG="Ratio (%)">비율(%)</TH>
<TH WIDTH="96" HEIGHT="23" ACOPYCOL="N" ADELETECOL="N" AMOVECOL="N" AUPDATECONT="N" ENG="Customer account (shrs.)">고객계정(주)</TH>
<TH WIDTH="61" HEIGHT="23" ACOPYCOL="N" ADELETECOL="N" AMOVECOL="N" AUPDATECONT="N" ENG="Ratio (%)">비율(%)</TH>
<TH WIDTH="89" HEIGHT="23" ACOPYCOL="N" ADELETECOL="N" AMOVECOL="N" AUPDATECONT="N" ENG="Total (shrs.)">계(주)</TH>
<TH WIDTH="63" HEIGHT="23" ACOPYCOL="N" ADELETECOL="N" AMOVECOL="N" AUPDATECONT="N" ENG="Ratio (%)">비율(%)</TH>
</TR>
</THEAD>

<TBODY>

<TR ACOPY="Y" ADELETE="N" HEIGHT="30">
<TE ALIGN="CENTER" VALIGN="MIDDLE" WIDTH="75" HEIGHT="23" ACODE="SPC_NM">-</TE>
<TU ALIGN="CENTER" VALIGN="MIDDLE" WIDTH="80" HEIGHT="23" AUNIT="IFR_RLT2" AUNITVALUE="-" ENG="-">-</TU>
<TE ALIGN="RIGHT" VALIGN="MIDDLE" WIDTH="98" HEIGHT="23" ACODE="SF_CNT">-</TE>
<TE ALIGN="RIGHT" VALIGN="MIDDLE" WIDTH="66" HEIGHT="23" ACODE="SF_RT">-</TE>
<TE ALIGN="RIGHT" VALIGN="MIDDLE" WIDTH="96" HEIGHT="23" ACODE="CNS_CNT">-</TE>
<TE ALIGN="RIGHT" VALIGN="MIDDLE" WIDTH="61" HEIGHT="23" ACODE="CNS_RT">-</TE>
<TE ALIGN="RIGHT" VALIGN="MIDDLE" WIDTH="89" HEIGHT="23" ACODE="CNT_SUM">-</TE>
<TE ALIGN="RIGHT" VALIGN="MIDDLE" WIDTH="63" HEIGHT="23" ACODE="RT_SUM">-</TE>
</TR>

<TR ACOPY="N" ADELETE="N" HEIGHT="30">
<TD COLSPAN="2" ALIGN="CENTER" VALIGN="MIDDLE" WIDTH="164" HEIGHT="23" AUPDATECONT="N" ENG="Total">합  계</TD>
<TE ALIGN="RIGHT" VALIGN="MIDDLE" WIDTH="98" HEIGHT="23" ACODE="SF_CNT_SUM">-</TE>
<TE ALIGN="RIGHT" VALIGN="MIDDLE" WIDTH="66" HEIGHT="23" ACODE="SF_RT_SUM">-</TE>
<TE ALIGN="RIGHT" VALIGN="MIDDLE" WIDTH="96" HEIGHT="23" ACODE="CNS_CNT_SUM">-</TE>
<TE ALIGN="RIGHT" VALIGN="MIDDLE" WIDTH="61" HEIGHT="23" ACODE="CNS_RT_SUM">-</TE>
<TE ALIGN="RIGHT" VALIGN="MIDDLE" WIDTH="89" HEIGHT="23" ACODE="ALL_CNT_SUM">-</TE>
<TE ALIGN="RIGHT" VALIGN="MIDDLE" WIDTH="63" HEIGHT="23" ACODE="ALL_RT_SUM">-</TE>
</TR>
</TBODY>
</TABLE>
</TABLE-GROUP>
<P></P>
<PGBRK></PGBRK>
</SECTION-2>
</SECTION-1>

<SECTION-1 ACLASS="MANDATORY" APARTSOURCE="SOURCE">
<TITLE ATOC="Y" ENG="Part 3 Significant Changes Since the Last Reporting Date" ATOCID="20">제3부 직전보고일 이후 대량변동 내역</TITLE>
<P></P>

<SECTION-2 ACLASS="MANDATORY">
<TITLE ATOC="Y" AASSOCNOTE="D-3-1-0-0" ENG="1. Summary of changes" ATOCID="21">1. 변동내역 총괄표</TITLE>

<SECTION-3 ACLASS="MANDATORY">
<TITLE ATOC="Y" ENG="A. Details of changes in stocks, etc." ATOCID="22">가. 주식등의 변동내역</TITLE>

<TABLE-GROUP ACLASS="CST_CNT2" ADELETETABLE="N">

<TABLE ACLASS="EXTRACTION" AFIXTABLE="N" WIDTH="1182" BORDER="1">

<COLGROUP WIDTH="1182">
<COL WIDTH="63"></COL>
<COL WIDTH="135"></COL>
<COL WIDTH="114"></COL>
<COL WIDTH="79"></COL>
<COL WIDTH="113"></COL>
<COL WIDTH="113"></COL>
<COL WIDTH="78"></COL>
<COL WIDTH="63"></COL>
<COL WIDTH="78"></COL>
<COL WIDTH="63"></COL>
<COL WIDTH="108"></COL>
<COL WIDTH="48"></COL>
<COL WIDTH="79"></COL>
<COL WIDTH="48"></COL>
</COLGROUP>

<THEAD>

<TR ACOPY="N" ADELETE="N" HEIGHT="30">
<TH ROWSPAN="3" VALIGN="MIDDLE" WIDTH="54" ACOPYCOL="N" ADELETECOL="N" AMOVECOL="N" AUPDATECONT="N" ENG="Relationship" HEIGHT="129">관 계</TH>
<TH ROWSPAN="3" VALIGN="MIDDLE" WIDTH="126" ACOPYCOL="N" ADELETECOL="N" AMOVECOL="N" AUPDATECONT="N" ENG="Name (Title)" HEIGHT="129">성 명(명칭)</TH>
<TH ROWSPAN="3" VALIGN="MIDDLE" WIDTH="105" ACOPYCOL="N" ADELETECOL="N" AMOVECOL="N" AUPDATECONT="N" ENG="Date of birth or business registration No., etc." HEIGHT="129">생년월일또는사업자등록번호 등</TH>
<TH COLSPAN="11" VALIGN="MIDDLE" WIDTH="861" ACOPYCOL="N" ADELETECOL="N" AMOVECOL="N" AUPDATECONT="N" ENG="Increase/decrease of shares, etc." HEIGHT="23">증감주식등의 내역</TH>
</TR>

<TR ACOPY="N" ADELETE="N" HEIGHT="30">
<TH COLSPAN="3" VALIGN="MIDDLE" ACOPYCOL="N" ADELETECOL="N" AMOVECOL="N" AUPDATECONT="N" ENG="Share certificates" WIDTH="296" HEIGHT="23">주 권</TH>
<TH ROWSPAN="2" VALIGN="MIDDLE" ACOPYCOL="N" ADELETECOL="N" AMOVECOL="N" AUPDATECONT="N" ENG="Those with warrants" WIDTH="69" HEIGHT="99">신주인수권이표시된것</TH>
<TH ROWSPAN="2" VALIGN="MIDDLE" ACOPYCOL="N" ADELETECOL="N" AMOVECOL="N" AUPDATECONT="N" ENG="Convertible bonds" WIDTH="54" HEIGHT="99">전환사채권</TH>
<TH ROWSPAN="2" VALIGN="MIDDLE" ACOPYCOL="N" ADELETECOL="N" AMOVECOL="N" AUPDATECONT="N" ENG="Bonds with warrants" WIDTH="69" HEIGHT="99">신주인수권부사채권</TH>
<TH ROWSPAN="2" VALIGN="MIDDLE" ACOPYCOL="N" ADELETECOL="N" AMOVECOL="N" AUPDATECONT="N" ENG="Exchangeable bonds" WIDTH="54" HEIGHT="99">교환사채권</TH>
<TH ROWSPAN="2" VALIGN="MIDDLE" ACOPYCOL="N" ADELETECOL="N" AMOVECOL="N" AUPDATECONT="N" ENG="Depositary receipts" WIDTH="99" HEIGHT="99">증권예탁증권</TH>
<TH ROWSPAN="2" VALIGN="MIDDLE" ACOPYCOL="N" ADELETECOL="N" AMOVECOL="N" AUPDATECONT="N" ENG="Others" WIDTH="39" HEIGHT="99">기타</TH>
<TH COLSPAN="2" VALIGN="MIDDLE" ACOPYCOL="N" ADELETECOL="N" AMOVECOL="N" AUPDATECONT="N" ENG="Total" WIDTH="118" HEIGHT="23">합 계</TH>
</TR>

<TR ACOPY="N" ADELETE="N" HEIGHT="76">
<TH VALIGN="MIDDLE" ACOPYCOL="N" ADELETECOL="N" AMOVECOL="N" AUPDATECONT="N" ENG="Voting share" WIDTH="70" HEIGHT="69">의결권있는주식</TH>
<TH VALIGN="MIDDLE" ACOPYCOL="N" ADELETECOL="N" AMOVECOL="N" AUPDATECONT="N" ENG="Stocks to be redeemed with voting share" WIDTH="104" HEIGHT="69">의결권있는 주식으로상환될주식</TH>
<TH VALIGN="MIDDLE" ACOPYCOL="N" ADELETECOL="N" AMOVECOL="N" AUPDATECONT="N" ENG="Stocks to be converted to voting share" WIDTH="104" HEIGHT="69">의결권있는 주식으로전환될 주식</TH>
<TH VALIGN="MIDDLE" ACOPYCOL="N" ADELETECOL="N" AMOVECOL="N" AUPDATECONT="N" ENG="Number of shares (shrs.)" WIDTH="70" HEIGHT="69">주수(주)</TH>
<TH VALIGN="MIDDLE" ACOPYCOL="N" ADELETECOL="N" AMOVECOL="N" AUPDATECONT="N" ENG="Ratio (%)" WIDTH="39" HEIGHT="69">비율(%)</TH>
</TR>
</THEAD>

<TBODY>

<TR ACOPY="N" ADELETE="N" HEIGHT="30">
<TD ALIGN="CENTER" VALIGN="MIDDLE" AUPDATECONT="N" ENG="Reporting entity" WIDTH="54" HEIGHT="23">보고자</TD>
<TE ALIGN="CENTER" VALIGN="MIDDLE" ACODE="SPC_NM" WIDTH="126" HEIGHT="23">(주)케이씨엔에이</TE>
<TE ALIGN="CENTER" VALIGN="MIDDLE" ACODE="SPC_ID2" WIDTH="105" HEIGHT="23">211-86-04269</TE>
<TE ALIGN="RIGHT" VALIGN="MIDDLE" ACODE="ATK_CNT" WIDTH="70" HEIGHT="23">-</TE>
<TE ALIGN="RIGHT" VALIGN="MIDDLE" ACODE="REP_CNT" WIDTH="104" HEIGHT="23">-</TE>
<TE ALIGN="RIGHT" VALIGN="MIDDLE" ACODE="CHN_CNT" WIDTH="104" HEIGHT="23">-</TE>
<TE ALIGN="RIGHT" VALIGN="MIDDLE" ACODE="ACC_CNT" WIDTH="69" HEIGHT="23">-</TE>
<TE ALIGN="RIGHT" VALIGN="MIDDLE" ACODE="CB_CNT" WIDTH="54" HEIGHT="23">-</TE>
<TE ALIGN="RIGHT" VALIGN="MIDDLE" ACODE="LN_CNT" WIDTH="69" HEIGHT="23">-</TE>
<TE ALIGN="RIGHT" VALIGN="MIDDLE" ACODE="EB_CNT" WIDTH="54" HEIGHT="23">-</TE>
<TE ALIGN="RIGHT" VALIGN="MIDDLE" ACODE="CF_CNT" WIDTH="99" HEIGHT="23">-</TE>
<TE ALIGN="RIGHT" VALIGN="MIDDLE" ACODE="ET_CNT" WIDTH="39" HEIGHT="23">-</TE>
<TE ALIGN="RIGHT" VALIGN="MIDDLE" ACODE="STK_CNT" WIDTH="70" HEIGHT="23">-</TE>
<TE ALIGN="RIGHT" VALIGN="MIDDLE" ACODE="STK_RT" WIDTH="39" HEIGHT="23">-</TE>
</TR>

<TR ACOPY="N" ADELETE="N" HEIGHT="30">
<TD ROWSPAN="4" ALIGN="CENTER" VALIGN="MIDDLE" AUPDATECONT="N" ENG="Specially related parties" WIDTH="54" HEIGHT="113">특별관계자</TD>
<TE ALIGN="CENTER" VALIGN="MIDDLE" ACODE="SPC_NM" WIDTH="126" HEIGHT="23">지용석</TE>
<TE ALIGN="CENTER" VALIGN="MIDDLE" ACODE="SPC_ID2" WIDTH="105" HEIGHT="23">640329</TE>
<TE ALIGN="RIGHT" VALIGN="MIDDLE" ACODE="ATK_CNT" WIDTH="70" HEIGHT="23">-500,000</TE>
<TE ALIGN="RIGHT" VALIGN="MIDDLE" ACODE="REP_CNT" WIDTH="104" HEIGHT="23">-</TE>
<TE ALIGN="RIGHT" VALIGN="MIDDLE" ACODE="CHN_CNT" WIDTH="104" HEIGHT="23">-</TE>
<TE ALIGN="RIGHT" VALIGN="MIDDLE" ACODE="ACC_CNT" WIDTH="69" HEIGHT="23">-</TE>
<TE ALIGN="RIGHT" VALIGN="MIDDLE" ACODE="CB_CNT" WIDTH="54" HEIGHT="23">-</TE>
<TE ALIGN="RIGHT" VALIGN="MIDDLE" ACODE="LN_CNT" WIDTH="69" HEIGHT="23">-</TE>
<TE ALIGN="RIGHT" VALIGN="MIDDLE" ACODE="EB_CNT" WIDTH="54" HEIGHT="23">-</TE>
<TE ALIGN="RIGHT" VALIGN="MIDDLE" ACODE="CF_CNT" WIDTH="99" HEIGHT="23">-</TE>
<TE ALIGN="RIGHT" VALIGN="MIDDLE" ACODE="ET_CNT" WIDTH="39" HEIGHT="23">-</TE>
<TE ALIGN="RIGHT" VALIGN="MIDDLE" ACODE="STK_CNT" WIDTH="70" HEIGHT="23">-500,000</TE>
<TE ALIGN="RIGHT" VALIGN="MIDDLE" ACODE="STK_RT" WIDTH="39" HEIGHT="23">-2.35</TE>
</TR>

<TR ACOPY="Y" ADELETE="N" HEIGHT="30">
<TE ALIGN="CENTER" VALIGN="MIDDLE" ACODE="SPC_NM" WIDTH="126" HEIGHT="23">지수진</TE>
<TE ALIGN="CENTER" VALIGN="MIDDLE" ACODE="SPC_ID2" WIDTH="105" HEIGHT="23">941222</TE>
<TE ALIGN="RIGHT" VALIGN="MIDDLE" ACODE="ATK_CNT" WIDTH="70" HEIGHT="23">250,000</TE>
<TE ALIGN="RIGHT" VALIGN="MIDDLE" ACODE="REP_CNT" WIDTH="104" HEIGHT="23">-</TE>
<TE ALIGN="RIGHT" VALIGN="MIDDLE" ACODE="CHN_CNT" WIDTH="104" HEIGHT="23">-</TE>
<TE ALIGN="RIGHT" VALIGN="MIDDLE" ACODE="ACC_CNT" WIDTH="69" HEIGHT="23">-</TE>
<TE ALIGN="RIGHT" VALIGN="MIDDLE" ACODE="CB_CNT" WIDTH="54" HEIGHT="23">-</TE>
<TE ALIGN="RIGHT" VALIGN="MIDDLE" ACODE="LN_CNT" WIDTH="69" HEIGHT="23">-</TE>
<TE ALIGN="RIGHT" VALIGN="MIDDLE" ACODE="EB_CNT" WIDTH="54" HEIGHT="23">-</TE>
<TE ALIGN="RIGHT" VALIGN="MIDDLE" ACODE="CF_CNT" WIDTH="99" HEIGHT="23">-</TE>
<TE ALIGN="RIGHT" VALIGN="MIDDLE" ACODE="ET_CNT" WIDTH="39" HEIGHT="23">-</TE>
<TE ALIGN="RIGHT" VALIGN="MIDDLE" ACODE="STK_CNT" WIDTH="70" HEIGHT="23">250,000</TE>
<TE ALIGN="RIGHT" VALIGN="MIDDLE" ACODE="STK_RT" WIDTH="39" HEIGHT="23">1.18</TE>
</TR>

<TR ACOPY="Y" ADELETE="Y" HEIGHT="30">
<TE ALIGN="CENTER" VALIGN="MIDDLE" ACODE="SPC_NM" WIDTH="126" HEIGHT="23">지유진</TE>
<TE ALIGN="CENTER" VALIGN="MIDDLE" ACODE="SPC_ID2" WIDTH="105" HEIGHT="23">981002</TE>
<TE ALIGN="RIGHT" VALIGN="MIDDLE" ACODE="ATK_CNT" WIDTH="70" HEIGHT="23">250,000</TE>
<TE ALIGN="RIGHT" VALIGN="MIDDLE" ACODE="REP_CNT" WIDTH="104" HEIGHT="23">-</TE>
<TE ALIGN="RIGHT" VALIGN="MIDDLE" ACODE="CHN_CNT" WIDTH="104" HEIGHT="23">-</TE>
<TE ALIGN="RIGHT" VALIGN="MIDDLE" ACODE="ACC_CNT" WIDTH="69" HEIGHT="23">-</TE>
<TE ALIGN="RIGHT" VALIGN="MIDDLE" ACODE="CB_CNT" WIDTH="54" HEIGHT="23">-</TE>
<TE ALIGN="RIGHT" VALIGN="MIDDLE" ACODE="LN_CNT" WIDTH="69" HEIGHT="23">-</TE>
<TE ALIGN="RIGHT" VALIGN="MIDDLE" ACODE="EB_CNT" WIDTH="54" HEIGHT="23">-</TE>
<TE ALIGN="RIGHT" VALIGN="MIDDLE" ACODE="CF_CNT" WIDTH="99" HEIGHT="23">-</TE>
<TE ALIGN="RIGHT" VALIGN="MIDDLE" ACODE="ET_CNT" WIDTH="39" HEIGHT="23">-</TE>
<TE ALIGN="RIGHT" VALIGN="MIDDLE" ACODE="STK_CNT" WIDTH="70" HEIGHT="23">250,000</TE>
<TE ALIGN="RIGHT" VALIGN="MIDDLE" ACODE="STK_RT" WIDTH="39" HEIGHT="23">1.18</TE>
</TR>

<TR ACOPY="Y" ADELETE="Y" HEIGHT="30">
<TE ALIGN="CENTER" VALIGN="MIDDLE" ACODE="SPC_NM" WIDTH="126" HEIGHT="23">차재목</TE>
<TE ALIGN="CENTER" VALIGN="MIDDLE" ACODE="SPC_ID2" WIDTH="105" HEIGHT="23">900814</TE>
<TE ALIGN="RIGHT" VALIGN="MIDDLE" ACODE="ATK_CNT" WIDTH="70" HEIGHT="23">-</TE>
<TE ALIGN="RIGHT" VALIGN="MIDDLE" ACODE="REP_CNT" WIDTH="104" HEIGHT="23">-</TE>
<TE ALIGN="RIGHT" VALIGN="MIDDLE" ACODE="CHN_CNT" WIDTH="104" HEIGHT="23">-</TE>
<TE ALIGN="RIGHT" VALIGN="MIDDLE" ACODE="ACC_CNT" WIDTH="69" HEIGHT="23">-</TE>
<TE ALIGN="RIGHT" VALIGN="MIDDLE" ACODE="CB_CNT" WIDTH="54" HEIGHT="23">-</TE>
<TE ALIGN="RIGHT" VALIGN="MIDDLE" ACODE="LN_CNT" WIDTH="69" HEIGHT="23">-</TE>
<TE ALIGN="RIGHT" VALIGN="MIDDLE" ACODE="EB_CNT" WIDTH="54" HEIGHT="23">-</TE>
<TE ALIGN="RIGHT" VALIGN="MIDDLE" ACODE="CF_CNT" WIDTH="99" HEIGHT="23">-</TE>
<TE ALIGN="RIGHT" VALIGN="MIDDLE" ACODE="ET_CNT" WIDTH="39" HEIGHT="23">-</TE>
<TE ALIGN="RIGHT" VALIGN="MIDDLE" ACODE="STK_CNT" WIDTH="70" HEIGHT="23">-</TE>
<TE ALIGN="RIGHT" VALIGN="MIDDLE" ACODE="STK_RT" WIDTH="39" HEIGHT="23">-</TE>
</TR>
</TBODY>
</TABLE>
</TABLE-GROUP>
<P></P>
</SECTION-3>
</SECTION-2>

<SECTION-2 ACLASS="MANDATORY">
<TITLE ATOC="Y" AASSOCNOTE="D-3-2-0-0" ENG="2. Details of changes" ATOCID="23">2. 세부변동내역</TITLE>

<SECTION-3 ACLASS="MANDATORY">
<TITLE ATOC="Y" ENG="A. Details of changes in stocks, etc." ATOCID="24">가. 주식등의 세부변동내역</TITLE>

<TABLE-GROUP ACLASS="HLD_MTH" ADELETETABLE="N">

<TABLE ACLASS="EXTRACTION" AFIXTABLE="Y" WIDTH="865" BORDER="0">

<COLGROUP WIDTH="865">
<COL WIDTH="865"></COL>
</COLGROUP>

<TBODY>

<TR ACOPY="N" ADELETE="N" HEIGHT="30">
<TD ALIGN="RIGHT" VALIGN="BOTTOM" WIDTH="856" HEIGHT="23" AUPDATECONT="N" ENG="(Unit: shares, KRW)">(단위 : 주, 원)</TD>
</TR>
</TBODY>
</TABLE>

<TABLE ACLASS="EXTRACTION" AFIXTABLE="N" WIDTH="1006" BORDER="1">

<COLGROUP WIDTH="1006">
<COL WIDTH="63"></COL>
<COL WIDTH="143"></COL>
<COL WIDTH="92"></COL>
<COL WIDTH="84"></COL>
<COL WIDTH="128"></COL>
<COL WIDTH="84"></COL>
<COL WIDTH="79"></COL>
<COL WIDTH="71"></COL>
<COL WIDTH="58"></COL>
<COL WIDTH="26"></COL>
<COL WIDTH="178"></COL>
</COLGROUP>

<THEAD>

<TR ACOPY="N" ADELETE="N" HEIGHT="30">
<TH ROWSPAN="2" VALIGN="MIDDLE" WIDTH="54" ACOPYCOL="N" ADELETECOL="N" AMOVECOL="N" AUPDATECONT="N" ENG="Name (Title)" HEIGHT="53">성명(명칭)</TH>
<TH ROWSPAN="2" VALIGN="MIDDLE" WIDTH="134" ACOPYCOL="N" ADELETECOL="N" AMOVECOL="N" AUPDATECONT="N" ENG="Date of birth or business registration No., etc." HEIGHT="53">생년월일 또는사업자등록번호 등</TH>
<TH ROWSPAN="2" VALIGN="MIDDLE" WIDTH="83" ACOPYCOL="N" ADELETECOL="N" AMOVECOL="N" AUPDATECONT="N" ENG="Date of change*" HEIGHT="53">변동일*</TH>
<TH ROWSPAN="2" VALIGN="MIDDLE" WIDTH="75" ACOPYCOL="N" ADELETECOL="N" AMOVECOL="N" AUPDATECONT="N" ENG="Acquisition/disposal method" HEIGHT="53">취득/처분방법</TH>
<TH ROWSPAN="2" VALIGN="MIDDLE" WIDTH="119" ACOPYCOL="N" ADELETECOL="N" AMOVECOL="N" AUPDATECONT="N" ENG="Type of shares, etc." HEIGHT="53">주식등의종류</TH>
<TH COLSPAN="3" VALIGN="MIDDLE" WIDTH="225" ACOPYCOL="N" ADELETECOL="N" AMOVECOL="N" AUPDATECONT="N" ENG="Details of change" HEIGHT="23">변동 내역</TH>
<TH ROWSPAN="2" VALIGN="MIDDLE" WIDTH="75" ACOPYCOL="N" ADELETECOL="N" AMOVECOL="N" AUPDATECONT="N" COLSPAN="2" ENG="Acquisition/Disposal unit price**" HEIGHT="53">취득/처분단가**</TH>
<TH ROWSPAN="2" VALIGN="MIDDLE" WIDTH="169" ACOPYCOL="N" ADELETECOL="N" AMOVECOL="N" AUPDATECONT="N" ENG="Note" HEIGHT="53">비 고</TH>
</TR>

<TR ACOPY="N" ADELETE="N" HEIGHT="30">
<TH VALIGN="MIDDLE" ACOPYCOL="N" ADELETECOL="N" AMOVECOL="N" AUPDATECONT="N" ENG="Before change" WIDTH="75" HEIGHT="23">변동전</TH>
<TH VALIGN="MIDDLE" ACOPYCOL="N" ADELETECOL="N" AMOVECOL="N" AUPDATECONT="N" ENG="Increase or decrease" WIDTH="70" HEIGHT="23">증감</TH>
<TH VALIGN="MIDDLE" ACOPYCOL="N" ADELETECOL="N" AMOVECOL="N" AUPDATECONT="N" ENG="After change" WIDTH="62" HEIGHT="23">변동후</TH>
</TR>
</THEAD>

<TBODY>

<TR ACOPY="Y" ADELETE="N" HEIGHT="30">
<TE ALIGN="CENTER" ACODE="SPC_NM" VALIGN="MIDDLE" WIDTH="54" HEIGHT="23">지용석</TE>
<TE ALIGN="CENTER" ACODE="SPC_ID2" VALIGN="MIDDLE" WIDTH="134" HEIGHT="23">640329</TE>
<TU ALIGN="CENTER" AUNIT="MDF_DT" VALIGN="MIDDLE" AUNITVALUE="20251226" WIDTH="83" HEIGHT="23">2025.12.26</TU>
<TU ALIGN="CENTER" AUNIT="HLD_MTH" VALIGN="MIDDLE" AUNITVALUE="34" WIDTH="75" HEIGHT="23" ENG="Donation(-)">증여(-)</TU>
<TU ALIGN="CENTER" AUNIT="STK_KND" VALIGN="MIDDLE" AUNITVALUE="11" WIDTH="119" HEIGHT="23" ENG="Voting share">의결권있는 주식</TU>
<TE ALIGN="RIGHT" ACODE="BFR_MDF_CNT" VALIGN="MIDDLE" WIDTH="75" HEIGHT="23">1,100,017</TE>
<TE ALIGN="RIGHT" ACODE="MDF_SDK_CNT" VALIGN="MIDDLE" WIDTH="70" HEIGHT="23">-500,000</TE>
<TE ALIGN="RIGHT" ACODE="AFR_MDF_CNT" VALIGN="MIDDLE" WIDTH="62" HEIGHT="23">600,017</TE>
<TE ALIGN="RIGHT" ACODE="HLD_UNT_PRJ" VALIGN="MIDDLE" WIDTH="49" HEIGHT="23">-</TE>
<TE ALIGN="RIGHT" ACODE="HLD_UNT_PRG" VALIGN="MIDDLE" WIDTH="17" HEIGHT="23">-</TE>
<TE ACODE="RMK" VALIGN="MIDDLE" ALIGN="CENTER" WIDTH="169" HEIGHT="23">수증자 : 지수진, 지유진</TE>
</TR>

<TR ACOPY="Y" ADELETE="Y" HEIGHT="30">
<TE ALIGN="CENTER" ACODE="SPC_NM" VALIGN="MIDDLE" WIDTH="54" HEIGHT="23">지수진</TE>
<TE ALIGN="CENTER" ACODE="SPC_ID2" VALIGN="MIDDLE" WIDTH="134" HEIGHT="23">941222</TE>
<TU ALIGN="CENTER" AUNIT="MDF_DT" VALIGN="MIDDLE" AUNITVALUE="20251226" WIDTH="83" HEIGHT="23">2025.12.26</TU>
<TU ALIGN="CENTER" AUNIT="HLD_MTH" VALIGN="MIDDLE" AUNITVALUE="35" WIDTH="75" HEIGHT="23" ENG="Receipt of donation(+)">수증(+)</TU>
<TU ALIGN="CENTER" AUNIT="STK_KND" VALIGN="MIDDLE" AUNITVALUE="11" WIDTH="119" HEIGHT="23" ENG="Voting share">의결권있는 주식</TU>
<TE ALIGN="RIGHT" ACODE="BFR_MDF_CNT" VALIGN="MIDDLE" WIDTH="75" HEIGHT="23">26,193</TE>
<TE ALIGN="RIGHT" ACODE="MDF_SDK_CNT" VALIGN="MIDDLE" WIDTH="70" HEIGHT="23">250,000</TE>
<TE ALIGN="RIGHT" ACODE="AFR_MDF_CNT" VALIGN="MIDDLE" WIDTH="62" HEIGHT="23">276,193</TE>
<TE ALIGN="RIGHT" ACODE="HLD_UNT_PRJ" VALIGN="MIDDLE" WIDTH="49" HEIGHT="23">-</TE>
<TE ALIGN="RIGHT" ACODE="HLD_UNT_PRG" VALIGN="MIDDLE" WIDTH="17" HEIGHT="23">-</TE>
<TE ACODE="RMK" VALIGN="MIDDLE" ALIGN="CENTER" WIDTH="169" HEIGHT="23">증여자 : 지용석</TE>
</TR>

<TR ACOPY="Y" ADELETE="Y" HEIGHT="30">
<TE ALIGN="CENTER" ACODE="SPC_NM" VALIGN="MIDDLE" WIDTH="54" HEIGHT="23">지유진</TE>
<TE ALIGN="CENTER" ACODE="SPC_ID2" VALIGN="MIDDLE" WIDTH="134" HEIGHT="23">981002</TE>
<TU ALIGN="CENTER" AUNIT="MDF_DT" VALIGN="MIDDLE" AUNITVALUE="20251226" WIDTH="83" HEIGHT="23">2025.12.26</TU>
<TU ALIGN="CENTER" AUNIT="HLD_MTH" VALIGN="MIDDLE" AUNITVALUE="35" WIDTH="75" HEIGHT="23" ENG="Receipt of donation(+)">수증(+)</TU>
<TU ALIGN="CENTER" AUNIT="STK_KND" VALIGN="MIDDLE" AUNITVALUE="11" WIDTH="119" HEIGHT="23" ENG="Voting share">의결권있는 주식</TU>
<TE ALIGN="RIGHT" ACODE="BFR_MDF_CNT" VALIGN="MIDDLE" WIDTH="75" HEIGHT="23">26,192</TE>
<TE ALIGN="RIGHT" ACODE="MDF_SDK_CNT" VALIGN="MIDDLE" WIDTH="70" HEIGHT="23">250,000</TE>
<TE ALIGN="RIGHT" ACODE="AFR_MDF_CNT" VALIGN="MIDDLE" WIDTH="62" HEIGHT="23">276,192</TE>
<TE ALIGN="RIGHT" ACODE="HLD_UNT_PRJ" VALIGN="MIDDLE" WIDTH="49" HEIGHT="23">-</TE>
<TE ALIGN="RIGHT" ACODE="HLD_UNT_PRG" VALIGN="MIDDLE" WIDTH="17" HEIGHT="23">-</TE>
<TE ACODE="RMK" VALIGN="MIDDLE" ALIGN="CENTER" WIDTH="169" HEIGHT="23">증여자 : 지용석</TE>
</TR>
</TBODY>
</TABLE>
</TABLE-GROUP>
<P>*   증권시장에서 주식등을 매매한 경우에는 그 계약체결일</P>
<P>** 주식 외의 증권의 경우 해당 증권의 행사(전환ㆍ교환)가액 또는 해당 증권의 권리행사로 취득ㆍ처분하는 주식의 매매단가를 의미하며, (   )의 금액은 해당 증권의 매매단가를 의미</P>
<P></P>
</SECTION-3>
</SECTION-2>

<SECTION-2 ACLASS="MANDATORY">
<TITLE ATOC="Y" ENG="3. Details of funds raised for acquisition, etc." ATOCID="25">3. 취득에 필요한 자금등의 조성내역</TITLE>

<SECTION-3 ACLASS="MANDATORY">
<TITLE ATOC="Y" AASSOCNOTE="D-3-3-1-0" ENG="(1) Overview of acquisition funds, etc." ATOCID="26">(1) 취득자금등의 개요</TITLE>

<TABLE-GROUP ACLASS="PRH_CPT3" ADELETETABLE="N">

<TABLE ACLASS="EXTRACTION" AFIXTABLE="Y" WIDTH="666" BORDER="0">

<COLGROUP WIDTH="666">
<COL WIDTH="666"></COL>
</COLGROUP>

<TBODY>

<TR ACOPY="N" ADELETE="N" HEIGHT="30">
<TD ALIGN="RIGHT" VALIGN="BOTTOM" WIDTH="657" HEIGHT="23" AUPDATECONT="N" ENG="(Unit: KRW)">(단위 : 원)</TD>
</TR>
</TBODY>
</TABLE>

<TABLE ACLASS="EXTRACTION" AFIXTABLE="N" WIDTH="605" BORDER="1">

<COLGROUP WIDTH="605">
<COL WIDTH="63"></COL>
<COL WIDTH="138"></COL>
<COL WIDTH="100"></COL>
<COL WIDTH="78"></COL>
<COL WIDTH="113"></COL>
<COL WIDTH="113"></COL>
</COLGROUP>

<THEAD>

<TR ACOPY="N" ADELETE="N" HEIGHT="53">
<TH WIDTH="54" ACOPYCOL="N" ADELETECOL="N" AMOVECOL="N" AUPDATECONT="N" VALIGN="MIDDLE" ENG="Name" HEIGHT="46">성명</TH>
<TH WIDTH="129" ACOPYCOL="N" ADELETECOL="N" AMOVECOL="N" AUPDATECONT="N" VALIGN="MIDDLE" ENG="Date of birth or business registration No., etc." HEIGHT="46">생년월일 또는사업자등록번호등</TH>
<TH WIDTH="91" ACOPYCOL="N" ADELETECOL="N" AMOVECOL="N" AUPDATECONT="N" VALIGN="MIDDLE" ENG="Self-finance (H)" HEIGHT="46">자기자금(H)</TH>
<TH WIDTH="69" ACOPYCOL="N" ADELETECOL="N" AMOVECOL="N" AUPDATECONT="N" VALIGN="MIDDLE" ENG="Borrowings (I)" HEIGHT="46">차입금(I)</TH>
<TH WIDTH="104" ACOPYCOL="N" ADELETECOL="N" AMOVECOL="N" AUPDATECONT="N" VALIGN="MIDDLE" ENG="Others (J)" HEIGHT="46">기타(J)</TH>
<TH WIDTH="104" ACOPYCOL="N" ADELETECOL="N" AMOVECOL="N" AUPDATECONT="N" VALIGN="MIDDLE" ENG="Total (H+I+J)" HEIGHT="46">계(H+I+J)</TH>
</TR>
</THEAD>

<TBODY>

<TR ACOPY="Y" ADELETE="N" HEIGHT="30">
<TE ALIGN="CENTER" ACODE="PRH_NM" VALIGN="MIDDLE" WIDTH="54" HEIGHT="23">지수진</TE>
<TE ALIGN="CENTER" ACODE="PRH_ID" VALIGN="MIDDLE" WIDTH="129" HEIGHT="23">941222</TE>
<TE ALIGN="RIGHT" ACODE="PRH_CPT" VALIGN="MIDDLE" WIDTH="91" HEIGHT="23">-</TE>
<TE ALIGN="RIGHT" ACODE="PRH_LN" VALIGN="MIDDLE" WIDTH="69" HEIGHT="23">-</TE>
<TE ALIGN="RIGHT" ACODE="PRH_AMT" VALIGN="MIDDLE" WIDTH="104" HEIGHT="23">2,735,000,000</TE>
<TE ALIGN="RIGHT" ACODE="PRH_SUM" VALIGN="MIDDLE" WIDTH="104" HEIGHT="23">2,735,000,000</TE>
</TR>

<TR ACOPY="Y" ADELETE="Y" HEIGHT="30">
<TE ALIGN="CENTER" ACODE="PRH_NM" VALIGN="MIDDLE" WIDTH="54" HEIGHT="23">지유진</TE>
<TE ALIGN="CENTER" ACODE="PRH_ID" VALIGN="MIDDLE" WIDTH="129" HEIGHT="23">981002</TE>
<TE ALIGN="RIGHT" ACODE="PRH_CPT" VALIGN="MIDDLE" WIDTH="91" HEIGHT="23">-</TE>
<TE ALIGN="RIGHT" ACODE="PRH_LN" VALIGN="MIDDLE" WIDTH="69" HEIGHT="23">-</TE>
<TE ALIGN="RIGHT" ACODE="PRH_AMT" VALIGN="MIDDLE" WIDTH="104" HEIGHT="23">2,735,000,000</TE>
<TE ALIGN="RIGHT" ACODE="PRH_SUM" VALIGN="MIDDLE" WIDTH="104" HEIGHT="23">2,735,000,000</TE>
</TR>
</TBODY>
</TABLE>
</TABLE-GROUP>
<P>* 기타 취득자금은 수증받은 주식수에 수증일 전 거래일인 2025년 12월 24일의 종가인 주당 10,940원을 단순히 곱한 금액이며, 취득방법은 수증이므로 실제 취득가액은 없습니다.</P>
</SECTION-3>

<SECTION-3 ACLASS="MANDATORY">
<TITLE ATOC="Y" AASSOCNOTE="D-3-3-2-0" ENG="(2) Background of funding and sources of acquisition funds, etc." ATOCID="27">(2) 취득자금등의 조성경위 및 원천</TITLE>

<LIBRARY>
<SECTION-4 ACLASS="MANDATORY">
<TITLE ATOC="N" ENG="ㅇ In other cases">ㅇ 기타의 경우</TITLE>

<TABLE-GROUP ACLASS="CSE_JA" ADELETETABLE="N">

<TABLE ACLASS="EXTRACTION" AFIXTABLE="N" WIDTH="623" BORDER="1">

<COLGROUP WIDTH="623">
<COL WIDTH="118"></COL>
<COL WIDTH="134"></COL>
<COL WIDTH="371"></COL>
</COLGROUP>

<THEAD>

<TR ACOPY="N" ADELETE="N" HEIGHT="53">
<TH WIDTH="109" HEIGHT="46" ACOPYCOL="N" ADELETECOL="N" AMOVECOL="N" AUPDATECONT="N" VALIGN="MIDDLE" ENG="Name">성명</TH>
<TH WIDTH="125" HEIGHT="46" ACOPYCOL="N" ADELETECOL="N" AMOVECOL="N" AUPDATECONT="N" VALIGN="MIDDLE" ENG="Date of birth or business registration No., etc.">생년월일 또는사업자등록번호등</TH>
<TH WIDTH="362" HEIGHT="46" ACOPYCOL="N" ADELETECOL="N" AMOVECOL="N" AUPDATECONT="N" VALIGN="MIDDLE" ENG="Background of funding and sources of acquisition funds, etc.">취득자금등의 조성경위 및 원천</TH>
</TR>
</THEAD>

<TBODY>

<TR ACOPY="Y" ADELETE="N" HEIGHT="30">
<TE ALIGN="CENTER" WIDTH="109" HEIGHT="23" ACODE="PRH_NM" VALIGN="MIDDLE">지수진</TE>
<TE ALIGN="CENTER" WIDTH="125" HEIGHT="23" ACODE="PRH_ID" VALIGN="MIDDLE">941222</TE>
<TE ALIGN="CENTER" WIDTH="362" HEIGHT="23" ACODE="JA_DTL" VALIGN="MIDDLE">주식 수증</TE>
</TR>

<TR ACOPY="Y" ADELETE="Y" HEIGHT="30">
<TE ALIGN="CENTER" WIDTH="109" HEIGHT="23" ACODE="PRH_NM" VALIGN="MIDDLE">지유진</TE>
<TE ALIGN="CENTER" WIDTH="125" HEIGHT="23" ACODE="PRH_ID" VALIGN="MIDDLE">981002</TE>
<TE ALIGN="CENTER" WIDTH="362" HEIGHT="23" ACODE="JA_DTL" VALIGN="MIDDLE">주식 수증</TE>
</TR>
</TBODY>
</TABLE>
</TABLE-GROUP>
<P></P>
</SECTION-4>
</LIBRARY>

</SECTION-3>
</SECTION-2>
</SECTION-1>
</LIBRARY>

</BODY>
</DOCUMENT>