<?xml version="1.0" encoding="utf-8"?>


<DOCUMENT xmlns:xsi="http://www.w3.org/2001/XMLSchema-instance" xsi:noNamespaceSchemaLocation="dart4.xsd">

<DOCUMENT-NAME ACODE="80502">최대주주 등의 주식보유 변동</DOCUMENT-NAME>
<FORMULA-VERSION ADATE="20221227">6.0</FORMULA-VERSION>
<COMPANY-NAME AREGCIK="01612398">에스케이리비오 주식회사</COMPANY-NAME>


<BODY ATOCID="1">

<SECTION-1 ACLASS="MANDATORY" APARTSOURCE="SOURCE">
<TITLE ATOC="Y" AASSOCNOTE="D-0-1-0-0" ENG="Changes in Stock Holdings of the Largest Shareholder, etc." ATOCID="1">최대주주 등의 주식보유 변동</TITLE>
<P></P>

<TABLE-GROUP ACLASS="CRP_INFO" ADELETETABLE="N">

<TABLE ACLASS="EXTRACTION" AFIXTABLE="Y" WIDTH="808" BORDER="1">

<COLGROUP WIDTH="808">
<COL WIDTH="93"></COL>
<COL WIDTH="78"></COL>
<COL WIDTH="63"></COL>
<COL WIDTH="188"></COL>
<COL WIDTH="78"></COL>
<COL WIDTH="137"></COL>
<COL WIDTH="78"></COL>
<COL WIDTH="93"></COL>
</COLGROUP>

<TBODY>

<TR ACOPY="N" ADELETE="N" HEIGHT="30">
<TD WIDTH="84" VALIGN="MIDDLE" ALIGN="CENTER" HEIGHT="23" AUPDATECONT="N" ENG="Name of business group">기업집단명</TD>
<TE WIDTH="69" VALIGN="MIDDLE" HEIGHT="23" ACODE="KB_NM">에스케이</TE>
<TD WIDTH="54" VALIGN="MIDDLE" ALIGN="CENTER" HEIGHT="23" AUPDATECONT="N" ENG="Company name">회사명</TD>
<TE WIDTH="179" VALIGN="MIDDLE" HEIGHT="23" ACODE="CRP_NM">에스케이리비오 주식회사</TE>
<TD WIDTH="69" VALIGN="MIDDLE" ALIGN="CENTER" HEIGHT="23" AUPDATECONT="N" ENG="Date of disclosure">공시일자</TD>
<TU WIDTH="128" VALIGN="MIDDLE" ALIGN="CENTER" HEIGHT="23" AUNIT="DIS_DT" AUNITVALUE="20260106">2026년 01월 06일</TU>
<TD WIDTH="69" VALIGN="MIDDLE" ALIGN="CENTER" HEIGHT="23" AUPDATECONT="N" ENG="Related laws">관련법규</TD>
<TD WIDTH="84" VALIGN="MIDDLE" ALIGN="CENTER" HEIGHT="23" AUPDATECONT="N" ENG="Fair Trade Act">공정거래법</TD>
</TR>
</TBODY>
</TABLE>
</TABLE-GROUP>

<TABLE ACLASS="NORMAL" WIDTH="1031" BORDER="0">

<COLGROUP WIDTH="1031">
<COL WIDTH="1031"></COL>
</COLGROUP>

<TBODY>

<TR ACOPY="Y" ADELETE="Y" HEIGHT="30">
<TD ALIGN="RIGHT" VALIGN="MIDDLE" WIDTH="1022" HEIGHT="23">(단위: 주, %, 천원)</TD>
</TR>
</TBODY>
</TABLE>

<TABLE BORDER="1" WIDTH="1033" ACLASS="NORMAL">

<COLGROUP WIDTH="1033">
<COL WIDTH="93"></COL>
<COL WIDTH="120"></COL>
<COL WIDTH="120"></COL>
<COL WIDTH="92"></COL>
<COL WIDTH="75"></COL>
<COL WIDTH="63"></COL>
<COL WIDTH="63"></COL>
<COL WIDTH="63"></COL>
<COL WIDTH="63"></COL>
<COL WIDTH="63"></COL>
<COL WIDTH="63"></COL>
<COL WIDTH="92"></COL>
<COL WIDTH="63"></COL>
</COLGROUP>

<THEAD>

<TR ACOPY="Y" ADELETE="Y" HEIGHT="30">
<TH ROWSPAN="3" WIDTH="84" VALIGN="MIDDLE" ACOPYCOL="Y" ADELETECOL="Y" AMOVECOL="N" HEIGHT="129">구분</TH>
<TH ROWSPAN="3" WIDTH="111" VALIGN="MIDDLE" ACOPYCOL="Y" ADELETECOL="Y" AMOVECOL="N" HEIGHT="129">주주명</TH>
<TH ROWSPAN="3" WIDTH="111" VALIGN="MIDDLE" ACOPYCOL="Y" ADELETECOL="Y" AMOVECOL="N" HEIGHT="129">동일인과의관계</TH>
<TH COLSPAN="8" WIDTH="536" VALIGN="MIDDLE" ACOPYCOL="Y" ADELETECOL="Y" AMOVECOL="N" HEIGHT="23">변동내역</TH>
<TH COLSPAN="2" ROWSPAN="2" WIDTH="146" VALIGN="MIDDLE" ACOPYCOL="Y" ADELETECOL="Y" AMOVECOL="N" HEIGHT="53">취득/처분</TH>
</TR>

<TR ACOPY="Y" ADELETE="Y" HEIGHT="30">
<TH ROWSPAN="2" VALIGN="MIDDLE" ACOPYCOL="Y" ADELETECOL="Y" AMOVECOL="N" WIDTH="83" HEIGHT="99">변동일</TH>
<TH ROWSPAN="2" VALIGN="MIDDLE" ACOPYCOL="Y" ADELETECOL="Y" AMOVECOL="N" WIDTH="66" HEIGHT="99">주식의종류(보통주/우선주)</TH>
<TH COLSPAN="2" VALIGN="MIDDLE" ACOPYCOL="Y" ADELETECOL="Y" AMOVECOL="N" WIDTH="117" HEIGHT="23">변동 전</TH>
<TH COLSPAN="2" VALIGN="MIDDLE" ACOPYCOL="Y" ADELETECOL="Y" AMOVECOL="N" WIDTH="117" HEIGHT="23">증감</TH>
<TH COLSPAN="2" VALIGN="MIDDLE" ACOPYCOL="Y" ADELETECOL="Y" AMOVECOL="N" WIDTH="117" HEIGHT="23">변동 후</TH>
</TR>

<TR ACOPY="Y" ADELETE="Y" HEIGHT="76">
<TH VALIGN="MIDDLE" ACOPYCOL="Y" ADELETECOL="Y" AMOVECOL="N" WIDTH="54" HEIGHT="69">주식수</TH>
<TH VALIGN="MIDDLE" ACOPYCOL="Y" ADELETECOL="Y" AMOVECOL="N" WIDTH="54" HEIGHT="69">지분율(A)</TH>
<TH VALIGN="MIDDLE" ACOPYCOL="Y" ADELETECOL="Y" AMOVECOL="N" WIDTH="54" HEIGHT="69">주식수</TH>
<TH VALIGN="MIDDLE" ACOPYCOL="Y" ADELETECOL="Y" AMOVECOL="N" WIDTH="54" HEIGHT="69">지분율(B=C-A)</TH>
<TH VALIGN="MIDDLE" ACOPYCOL="Y" ADELETECOL="Y" AMOVECOL="N" WIDTH="54" HEIGHT="69">주식수</TH>
<TH VALIGN="MIDDLE" ACOPYCOL="Y" ADELETECOL="Y" AMOVECOL="N" WIDTH="54" HEIGHT="69">지분율(C)</TH>
<TH VALIGN="MIDDLE" ACOPYCOL="Y" ADELETECOL="Y" AMOVECOL="N" WIDTH="83" HEIGHT="69">금액</TH>
<TH VALIGN="MIDDLE" ACOPYCOL="Y" ADELETECOL="Y" AMOVECOL="N" WIDTH="54" HEIGHT="69">단가</TH>
</TR>
</THEAD>

<TBODY>

<TR ACOPY="Y" ADELETE="Y" HEIGHT="30">
<TD VALIGN="MIDDLE" ALIGN="CENTER" ROWSPAN="5" WIDTH="84" HEIGHT="143">동일인및동일인관련자</TD>
<TD VALIGN="MIDDLE" ALIGN="CENTER" WIDTH="111" HEIGHT="23">에스케이씨(주)</TD>
<TD VALIGN="MIDDLE" ALIGN="CENTER" WIDTH="111" HEIGHT="23">계열회사(국내)</TD>
<TD VALIGN="MIDDLE" ALIGN="CENTER" WIDTH="83" HEIGHT="23">2025.12.30</TD>
<TD VALIGN="MIDDLE" ALIGN="CENTER" WIDTH="66" HEIGHT="23">보통주</TD>
<TD VALIGN="MIDDLE" ALIGN="CENTER" WIDTH="54" HEIGHT="23">15,129</TD>
<TD VALIGN="MIDDLE" ALIGN="CENTER" WIDTH="54" HEIGHT="23">65.19</TD>
<TD VALIGN="MIDDLE" ALIGN="CENTER" WIDTH="54" HEIGHT="23">4,000</TD>
<TD VALIGN="MIDDLE" ALIGN="CENTER" WIDTH="54" HEIGHT="23">17.23</TD>
<TD VALIGN="MIDDLE" ALIGN="CENTER" WIDTH="54" HEIGHT="23">19,129</TD>
<TD VALIGN="MIDDLE" ALIGN="CENTER" WIDTH="54" HEIGHT="23">82.42</TD>
<TD VALIGN="MIDDLE" ALIGN="CENTER" WIDTH="83" HEIGHT="23">40,000,000</TD>
<TD VALIGN="MIDDLE" ALIGN="CENTER" WIDTH="54" HEIGHT="23">10,000</TD>
</TR>

<TR ACOPY="Y" ADELETE="Y" HEIGHT="30">
<TD COLSPAN="2" VALIGN="MIDDLE" ALIGN="CENTER" WIDTH="231" HEIGHT="23">자기주식</TD>
<TD VALIGN="MIDDLE" ALIGN="CENTER" WIDTH="83" HEIGHT="23">-</TD>
<TD VALIGN="MIDDLE" ALIGN="CENTER" WIDTH="66" HEIGHT="23">-</TD>
<TD VALIGN="MIDDLE" ALIGN="CENTER" WIDTH="54" HEIGHT="23">-</TD>
<TD VALIGN="MIDDLE" ALIGN="CENTER" WIDTH="54" HEIGHT="23">-</TD>
<TD VALIGN="MIDDLE" ALIGN="CENTER" WIDTH="54" HEIGHT="23">-</TD>
<TD VALIGN="MIDDLE" ALIGN="CENTER" WIDTH="54" HEIGHT="23">-</TD>
<TD VALIGN="MIDDLE" ALIGN="CENTER" WIDTH="54" HEIGHT="23">-</TD>
<TD VALIGN="MIDDLE" ALIGN="CENTER" WIDTH="54" HEIGHT="23">-</TD>
<TD VALIGN="MIDDLE" ALIGN="CENTER" WIDTH="83" HEIGHT="23">-</TD>
<TD VALIGN="MIDDLE" ALIGN="CENTER" WIDTH="54" HEIGHT="23">-</TD>
</TR>

<TR ACOPY="Y" ADELETE="Y" HEIGHT="30">
<TD COLSPAN="2" ROWSPAN="3" VALIGN="MIDDLE" ALIGN="CENTER" WIDTH="231" HEIGHT="83">소계(A)</TD>
<TD ROWSPAN="3" VALIGN="MIDDLE" ALIGN="CENTER" WIDTH="83" HEIGHT="83">2025.12.30</TD>
<TD VALIGN="MIDDLE" ALIGN="CENTER" WIDTH="66" HEIGHT="23">보통주</TD>
<TD VALIGN="MIDDLE" ALIGN="CENTER" WIDTH="54" HEIGHT="23">15,129</TD>
<TD VALIGN="MIDDLE" ALIGN="CENTER" WIDTH="54" HEIGHT="23">65.19</TD>
<TD VALIGN="MIDDLE" ALIGN="CENTER" WIDTH="54" HEIGHT="23">4,000</TD>
<TD VALIGN="MIDDLE" ALIGN="CENTER" WIDTH="54" HEIGHT="23">17.23</TD>
<TD VALIGN="MIDDLE" ALIGN="CENTER" WIDTH="54" HEIGHT="23">19,129</TD>
<TD VALIGN="MIDDLE" ALIGN="CENTER" WIDTH="54" HEIGHT="23">82.42</TD>
<TD ROWSPAN="3" VALIGN="MIDDLE" ALIGN="CENTER" WIDTH="83" HEIGHT="83">40,000,000</TD>
<TD ROWSPAN="3" VALIGN="MIDDLE" ALIGN="CENTER" WIDTH="54" HEIGHT="83">10,000</TD>
</TR>

<TR ACOPY="Y" ADELETE="Y" HEIGHT="30">
<TD VALIGN="MIDDLE" ALIGN="CENTER" WIDTH="66" HEIGHT="23">우선주</TD>
<TD VALIGN="MIDDLE" ALIGN="CENTER" WIDTH="54" HEIGHT="23">-</TD>
<TD VALIGN="MIDDLE" ALIGN="CENTER" WIDTH="54" HEIGHT="23">-</TD>
<TD VALIGN="MIDDLE" ALIGN="CENTER" WIDTH="54" HEIGHT="23">-</TD>
<TD VALIGN="MIDDLE" ALIGN="CENTER" WIDTH="54" HEIGHT="23">-</TD>
<TD VALIGN="MIDDLE" ALIGN="CENTER" WIDTH="54" HEIGHT="23">-</TD>
<TD VALIGN="MIDDLE" ALIGN="CENTER" WIDTH="54" HEIGHT="23">-</TD>
</TR>

<TR ACOPY="Y" ADELETE="Y" HEIGHT="30">
<TD VALIGN="MIDDLE" ALIGN="CENTER" WIDTH="66" HEIGHT="23">합  계</TD>
<TD VALIGN="MIDDLE" ALIGN="CENTER" WIDTH="54" HEIGHT="23">15,129</TD>
<TD VALIGN="MIDDLE" ALIGN="CENTER" WIDTH="54" HEIGHT="23">65.19</TD>
<TD VALIGN="MIDDLE" ALIGN="CENTER" WIDTH="54" HEIGHT="23">4,000</TD>
<TD VALIGN="MIDDLE" ALIGN="CENTER" WIDTH="54" HEIGHT="23">17.23</TD>
<TD VALIGN="MIDDLE" ALIGN="CENTER" WIDTH="54" HEIGHT="23">19,129</TD>
<TD VALIGN="MIDDLE" ALIGN="CENTER" WIDTH="54" HEIGHT="23">82.42</TD>
</TR>

<TR ACOPY="Y" ADELETE="Y" HEIGHT="39">
<TD VALIGN="MIDDLE" ALIGN="CENTER" ROWSPAN="3" WIDTH="84" HEIGHT="92">동일인측이아닌최다출자자</TD>
<TD COLSPAN="2" ROWSPAN="3" VALIGN="MIDDLE" ALIGN="CENTER" WIDTH="231" HEIGHT="92">소계(B)</TD>
<TD ROWSPAN="3" VALIGN="MIDDLE" ALIGN="CENTER" WIDTH="83" HEIGHT="92">-</TD>
<TD VALIGN="MIDDLE" ALIGN="CENTER" WIDTH="66" HEIGHT="32">보통주</TD>
<TD VALIGN="MIDDLE" ALIGN="CENTER" WIDTH="54" HEIGHT="32">-</TD>
<TD VALIGN="MIDDLE" ALIGN="CENTER" WIDTH="54" HEIGHT="32">-</TD>
<TD VALIGN="MIDDLE" ALIGN="CENTER" WIDTH="54" HEIGHT="32">-</TD>
<TD VALIGN="MIDDLE" ALIGN="CENTER" WIDTH="54" HEIGHT="32">-</TD>
<TD VALIGN="MIDDLE" ALIGN="CENTER" WIDTH="54" HEIGHT="32">-</TD>
<TD VALIGN="MIDDLE" ALIGN="CENTER" WIDTH="54" HEIGHT="32">-</TD>
<TD ROWSPAN="3" VALIGN="MIDDLE" ALIGN="CENTER" WIDTH="83" HEIGHT="92">-</TD>
<TD ROWSPAN="3" VALIGN="MIDDLE" ALIGN="CENTER" WIDTH="54" HEIGHT="92">-</TD>
</TR>

<TR ACOPY="Y" ADELETE="Y" HEIGHT="30">
<TD VALIGN="MIDDLE" ALIGN="CENTER" WIDTH="66" HEIGHT="23">우선주</TD>
<TD VALIGN="MIDDLE" ALIGN="CENTER" WIDTH="54" HEIGHT="23">-</TD>
<TD VALIGN="MIDDLE" ALIGN="CENTER" WIDTH="54" HEIGHT="23">-</TD>
<TD VALIGN="MIDDLE" ALIGN="CENTER" WIDTH="54" HEIGHT="23">-</TD>
<TD VALIGN="MIDDLE" ALIGN="CENTER" WIDTH="54" HEIGHT="23">-</TD>
<TD VALIGN="MIDDLE" ALIGN="CENTER" WIDTH="54" HEIGHT="23">-</TD>
<TD VALIGN="MIDDLE" ALIGN="CENTER" WIDTH="54" HEIGHT="23">-</TD>
</TR>

<TR ACOPY="Y" ADELETE="Y" HEIGHT="30">
<TD VALIGN="MIDDLE" ALIGN="CENTER" WIDTH="66" HEIGHT="23">합  계</TD>
<TD VALIGN="MIDDLE" ALIGN="CENTER" WIDTH="54" HEIGHT="23">-</TD>
<TD VALIGN="MIDDLE" ALIGN="CENTER" WIDTH="54" HEIGHT="23">-</TD>
<TD VALIGN="MIDDLE" ALIGN="CENTER" WIDTH="54" HEIGHT="23">-</TD>
<TD VALIGN="MIDDLE" ALIGN="CENTER" WIDTH="54" HEIGHT="23">-</TD>
<TD VALIGN="MIDDLE" ALIGN="CENTER" WIDTH="54" HEIGHT="23">-</TD>
<TD VALIGN="MIDDLE" ALIGN="CENTER" WIDTH="54" HEIGHT="23">-</TD>
</TR>

<TR ACOPY="Y" ADELETE="Y" HEIGHT="30">
<TD COLSPAN="3" ROWSPAN="3" VALIGN="MIDDLE" ALIGN="CENTER" WIDTH="324" HEIGHT="83">기타 소계(C)</TD>
<TD ROWSPAN="3" VALIGN="MIDDLE" ALIGN="CENTER" WIDTH="83" HEIGHT="83">2025.12.30</TD>
<TD VALIGN="MIDDLE" ALIGN="CENTER" WIDTH="66" HEIGHT="23">보통주</TD>
<TD VALIGN="MIDDLE" ALIGN="CENTER" WIDTH="54" HEIGHT="23">8,080</TD>
<TD VALIGN="MIDDLE" ALIGN="CENTER" WIDTH="54" HEIGHT="23">34.81</TD>
<TD VALIGN="MIDDLE" ALIGN="CENTER" WIDTH="54" HEIGHT="23">-4,000</TD>
<TD VALIGN="MIDDLE" ALIGN="CENTER" WIDTH="54" HEIGHT="23">-17.23</TD>
<TD VALIGN="MIDDLE" ALIGN="CENTER" WIDTH="54" HEIGHT="23">4,080</TD>
<TD VALIGN="MIDDLE" ALIGN="CENTER" WIDTH="54" HEIGHT="23">17.58</TD>
<TD ROWSPAN="3" VALIGN="MIDDLE" ALIGN="CENTER" WIDTH="83" HEIGHT="83">40,000,000</TD>
<TD ROWSPAN="3" VALIGN="MIDDLE" ALIGN="CENTER" WIDTH="54" HEIGHT="83">10,000</TD>
</TR>

<TR ACOPY="Y" ADELETE="Y" HEIGHT="30">
<TD VALIGN="MIDDLE" ALIGN="CENTER" WIDTH="66" HEIGHT="23">우선주</TD>
<TD VALIGN="MIDDLE" ALIGN="CENTER" WIDTH="54" HEIGHT="23">-</TD>
<TD VALIGN="MIDDLE" ALIGN="CENTER" WIDTH="54" HEIGHT="23">-</TD>
<TD VALIGN="MIDDLE" ALIGN="CENTER" WIDTH="54" HEIGHT="23">-</TD>
<TD VALIGN="MIDDLE" ALIGN="CENTER" WIDTH="54" HEIGHT="23">-</TD>
<TD VALIGN="MIDDLE" ALIGN="CENTER" WIDTH="54" HEIGHT="23">-</TD>
<TD VALIGN="MIDDLE" ALIGN="CENTER" WIDTH="54" HEIGHT="23">-</TD>
</TR>

<TR ACOPY="Y" ADELETE="Y" HEIGHT="30">
<TD VALIGN="MIDDLE" ALIGN="CENTER" WIDTH="66" HEIGHT="23">합  계</TD>
<TD VALIGN="MIDDLE" ALIGN="CENTER" WIDTH="54" HEIGHT="23">8,080</TD>
<TD VALIGN="MIDDLE" ALIGN="CENTER" WIDTH="54" HEIGHT="23">34.81</TD>
<TD VALIGN="MIDDLE" ALIGN="CENTER" WIDTH="54" HEIGHT="23">-4,000</TD>
<TD VALIGN="MIDDLE" ALIGN="CENTER" WIDTH="54" HEIGHT="23">-17.23</TD>
<TD VALIGN="MIDDLE" ALIGN="CENTER" WIDTH="54" HEIGHT="23">4,080</TD>
<TD VALIGN="MIDDLE" ALIGN="CENTER" WIDTH="54" HEIGHT="23">17.58</TD>
</TR>

<TR ACOPY="Y" ADELETE="Y" HEIGHT="30">
<TD COLSPAN="3" ROWSPAN="3" VALIGN="MIDDLE" ALIGN="CENTER" WIDTH="324" HEIGHT="83">전체 합계(A+B+C)</TD>
<TD ROWSPAN="3" VALIGN="MIDDLE" ALIGN="CENTER" WIDTH="83" HEIGHT="83">-</TD>
<TD VALIGN="MIDDLE" ALIGN="CENTER" WIDTH="66" HEIGHT="23">보통주</TD>
<TD VALIGN="MIDDLE" ALIGN="CENTER" WIDTH="54" HEIGHT="23">23,209</TD>
<TD VALIGN="MIDDLE" ALIGN="CENTER" WIDTH="54" HEIGHT="23">100.00</TD>
<TD VALIGN="MIDDLE" ALIGN="CENTER" WIDTH="54" HEIGHT="23">-</TD>
<TD VALIGN="MIDDLE" ALIGN="CENTER" WIDTH="54" HEIGHT="23">-</TD>
<TD VALIGN="MIDDLE" ALIGN="CENTER" WIDTH="54" HEIGHT="23">23,209</TD>
<TD VALIGN="MIDDLE" ALIGN="CENTER" WIDTH="54" HEIGHT="23">100.00</TD>
<TD ROWSPAN="3" VALIGN="MIDDLE" ALIGN="CENTER" WIDTH="83" HEIGHT="83">-</TD>
<TD ROWSPAN="3" VALIGN="MIDDLE" ALIGN="CENTER" WIDTH="54" HEIGHT="83">-</TD>
</TR>

<TR ACOPY="Y" ADELETE="Y" HEIGHT="30">
<TD VALIGN="MIDDLE" ALIGN="CENTER" WIDTH="66" HEIGHT="23">우선주</TD>
<TD VALIGN="MIDDLE" ALIGN="CENTER" WIDTH="54" HEIGHT="23">-</TD>
<TD VALIGN="MIDDLE" ALIGN="CENTER" WIDTH="54" HEIGHT="23">-</TD>
<TD VALIGN="MIDDLE" ALIGN="CENTER" WIDTH="54" HEIGHT="23">-</TD>
<TD VALIGN="MIDDLE" ALIGN="CENTER" WIDTH="54" HEIGHT="23">-</TD>
<TD VALIGN="MIDDLE" ALIGN="CENTER" WIDTH="54" HEIGHT="23">-</TD>
<TD VALIGN="MIDDLE" ALIGN="CENTER" WIDTH="54" HEIGHT="23">-</TD>
</TR>

<TR ACOPY="Y" ADELETE="Y" HEIGHT="30">
<TD VALIGN="MIDDLE" ALIGN="CENTER" WIDTH="66" HEIGHT="23">합  계</TD>
<TD VALIGN="MIDDLE" ALIGN="CENTER" WIDTH="54" HEIGHT="23">23,209</TD>
<TD VALIGN="MIDDLE" ALIGN="CENTER" WIDTH="54" HEIGHT="23">100.00</TD>
<TD VALIGN="MIDDLE" ALIGN="CENTER" WIDTH="54" HEIGHT="23">-</TD>
<TD VALIGN="MIDDLE" ALIGN="CENTER" WIDTH="54" HEIGHT="23">-</TD>
<TD VALIGN="MIDDLE" ALIGN="CENTER" WIDTH="54" HEIGHT="23">23,209</TD>
<TD VALIGN="MIDDLE" ALIGN="CENTER" WIDTH="54" HEIGHT="23">100.00</TD>
</TR>
</TBODY>
</TABLE>
<P></P>
</SECTION-1>
</BODY>
</DOCUMENT>