<?xml version="1.0" encoding="utf-8"?>


<DOCUMENT xmlns:xsi="http://www.w3.org/2001/XMLSchema-instance" xsi:noNamespaceSchemaLocation="dart4.xsd">

<DOCUMENT-NAME ACODE="80718">특수관계인으로부터자금차입</DOCUMENT-NAME>
<FORMULA-VERSION ADATE="20240129">6.0</FORMULA-VERSION>
<COMPANY-NAME AREGCIK="00806644">(주)푸른통상</COMPANY-NAME>


<BODY ATOCID="1">

<SECTION-1 ACLASS="MANDATORY" APARTSOURCE="SOURCE">
<TITLE ATOC="Y" AASSOCNOTE="D-0-1-0-0" ENG="Borrowing Funds from Related Party" ATOCID="1">특수관계인으로부터 자금차입</TITLE>
<P></P>

<TABLE ACLASS="NORMAL" WIDTH="720" BORDER="1">

<COLGROUP WIDTH="720">
<COL WIDTH="89"></COL>
<COL WIDTH="54"></COL>
<COL WIDTH="65"></COL>
<COL WIDTH="102"></COL>
<COL WIDTH="79"></COL>
<COL WIDTH="93"></COL>
<COL WIDTH="77"></COL>
<COL WIDTH="161"></COL>
</COLGROUP>

<TBODY>

<TR ACOPY="Y" ADELETE="Y" HEIGHT="30">
<TD ALIGN="CENTER" VALIGN="MIDDLE" WIDTH="80" HEIGHT="23">기업집단명</TD>
<TD VALIGN="MIDDLE" WIDTH="45" HEIGHT="23">사조</TD>
<TD ALIGN="CENTER" VALIGN="MIDDLE" WIDTH="56" HEIGHT="23">회사명</TD>
<TD VALIGN="MIDDLE" WIDTH="93" HEIGHT="23">(주)푸른통상</TD>
<TD ALIGN="CENTER" VALIGN="MIDDLE" WIDTH="70" HEIGHT="23">공시일자</TD>
<TD VALIGN="MIDDLE" WIDTH="84" HEIGHT="23">2026.1.5.</TD>
<TD ALIGN="CENTER" VALIGN="MIDDLE" WIDTH="68" HEIGHT="23">관련법규</TD>
<TD ALIGN="CENTER" VALIGN="MIDDLE" WIDTH="152" HEIGHT="23">공정거래법 제26조</TD>
</TR>
</TBODY>
</TABLE>
<P></P>

<TABLE ACLASS="NORMAL" AFIXTABLE="N" WIDTH="618" BORDER="0">

<COLGROUP WIDTH="618">
<COL WIDTH="235"></COL>
<COL WIDTH="383"></COL>
</COLGROUP>

<TBODY>

<TR ACOPY="Y" ADELETE="Y" HEIGHT="30">
<TD WIDTH="226" HEIGHT="23"></TD>
<TD ALIGN="RIGHT" WIDTH="374" HEIGHT="23">(단위 : 백만 원)</TD>
</TR>
</TBODY>
</TABLE>

<TABLE BORDER="1" WIDTH="670" ACLASS="NORMAL">

<COLGROUP WIDTH="670">
<COL WIDTH="156"></COL>
<COL WIDTH="84"></COL>
<COL WIDTH="170"></COL>
<COL WIDTH="134"></COL>
<COL WIDTH="126"></COL>
</COLGROUP>

<TBODY>

<TR ACOPY="Y" ADELETE="Y" HEIGHT="30">
<TD COLSPAN="2" VALIGN="MIDDLE" WIDTH="231" HEIGHT="23">1. 차입유형</TD>
<TD COLSPAN="3" ALIGN="CENTER" VALIGN="MIDDLE" WIDTH="421" HEIGHT="23">단기차입금</TD>
</TR>

<TR ACOPY="Y" ADELETE="Y" HEIGHT="30">
<TD COLSPAN="5" VALIGN="MIDDLE" WIDTH="661" HEIGHT="23">2. 차입 내역</TD>
</TR>

<TR ACOPY="Y" ADELETE="Y" HEIGHT="30">
<TD COLSPAN="2" VALIGN="MIDDLE" WIDTH="231" HEIGHT="23">가. 계약체결일</TD>
<TD COLSPAN="3" ALIGN="CENTER" VALIGN="MIDDLE" WIDTH="421" HEIGHT="23">2026.1.6.</TD>
</TR>

<TR ACOPY="Y" ADELETE="Y" HEIGHT="30">
<TD COLSPAN="2" VALIGN="MIDDLE" WIDTH="231" HEIGHT="23">나. 차입처</TD>
<TD ALIGN="CENTER" VALIGN="MIDDLE" WIDTH="161" HEIGHT="23">구혜원</TD>
<TD ALIGN="CENTER" VALIGN="MIDDLE" WIDTH="125" HEIGHT="23">회사와의 관계</TD>
<TD ALIGN="CENTER" VALIGN="MIDDLE" WIDTH="117" HEIGHT="23"> 동일인의 친족</TD>
</TR>

<TR ACOPY="Y" ADELETE="Y" HEIGHT="30">
<TD COLSPAN="2" VALIGN="MIDDLE" WIDTH="231" HEIGHT="23">다. 차입기간</TD>
<TD ALIGN="CENTER" VALIGN="MIDDLE" WIDTH="161" HEIGHT="23">2026.1.6.~2026.12.31.</TD>
<TD ALIGN="CENTER" VALIGN="MIDDLE" WIDTH="125" HEIGHT="23">상환일</TD>
<TD ALIGN="CENTER" VALIGN="MIDDLE" WIDTH="117" HEIGHT="23">2026.12.31.</TD>
</TR>

<TR ACOPY="Y" ADELETE="Y" HEIGHT="30">
<TD COLSPAN="2" VALIGN="MIDDLE" WIDTH="231" HEIGHT="23">라. 차입금액</TD>
<TD COLSPAN="3" ALIGN="CENTER" VALIGN="MIDDLE" WIDTH="421" HEIGHT="23">2,579</TD>
</TR>

<TR ACOPY="Y" ADELETE="Y" HEIGHT="30">
<TD COLSPAN="2" VALIGN="MIDDLE" WIDTH="231" HEIGHT="23">- 직전사업연도말 자기자본 </TD>
<TD COLSPAN="3" ALIGN="CENTER" VALIGN="MIDDLE" WIDTH="421" HEIGHT="23">11,661</TD>
</TR>

<TR ACOPY="Y" ADELETE="Y" HEIGHT="30">
<TD COLSPAN="2" VALIGN="MIDDLE" WIDTH="231" HEIGHT="23">- 자기자본대비 (%)</TD>
<TD COLSPAN="3" ALIGN="CENTER" VALIGN="MIDDLE" WIDTH="421" HEIGHT="23">22.12</TD>
</TR>

<TR ACOPY="Y" ADELETE="Y" HEIGHT="30">
<TD COLSPAN="2" VALIGN="MIDDLE" WIDTH="231" HEIGHT="23">마. 이자율(%)</TD>
<TD COLSPAN="3" ALIGN="CENTER" VALIGN="MIDDLE" WIDTH="421" HEIGHT="23">4.6</TD>
</TR>

<TR ACOPY="Y" ADELETE="Y" HEIGHT="30">
<TD COLSPAN="2" VALIGN="MIDDLE" WIDTH="231" HEIGHT="23">바. 상환방법</TD>
<TD COLSPAN="3" ALIGN="CENTER" VALIGN="MIDDLE" WIDTH="421" HEIGHT="23">만기일시상환(중도상환가능)</TD>
</TR>

<TR ACOPY="Y" ADELETE="Y" HEIGHT="30">
<TD COLSPAN="2" VALIGN="MIDDLE" WIDTH="231" HEIGHT="23">3. 자금용도</TD>
<TD COLSPAN="3" ALIGN="CENTER" VALIGN="MIDDLE" WIDTH="421" HEIGHT="23">운영자금</TD>
</TR>

<TR ACOPY="Y" ADELETE="Y" HEIGHT="53">
<TD COLSPAN="2" VALIGN="MIDDLE" WIDTH="231" HEIGHT="46">4. 거래상대방과의 차입총계 (해당 사업연도 기준)</TD>
<TD COLSPAN="3" ALIGN="CENTER" VALIGN="MIDDLE" WIDTH="421" HEIGHT="46">2,579</TD>
</TR>

<TR ACOPY="Y" ADELETE="Y" HEIGHT="30">
<TD COLSPAN="2" VALIGN="MIDDLE" WIDTH="231" HEIGHT="23">5. 이사회 의결일</TD>
<TD COLSPAN="3" ALIGN="CENTER" VALIGN="MIDDLE" WIDTH="421" HEIGHT="23">2026.1.2.</TD>
</TR>

<TR ACOPY="Y" ADELETE="Y" HEIGHT="30">
<TD ROWSPAN="2" VALIGN="MIDDLE" WIDTH="147" HEIGHT="53">- 사외이사 참석여부</TD>
<TD ALIGN="CENTER" VALIGN="MIDDLE" WIDTH="75" HEIGHT="23">참석(명)</TD>
<TD COLSPAN="3" ALIGN="CENTER" VALIGN="MIDDLE" WIDTH="421" HEIGHT="23">-</TD>
</TR>

<TR ACOPY="Y" ADELETE="Y" HEIGHT="30">
<TD ALIGN="CENTER" VALIGN="MIDDLE" WIDTH="75" HEIGHT="23">불참(명)</TD>
<TD COLSPAN="3" ALIGN="CENTER" VALIGN="MIDDLE" WIDTH="421" HEIGHT="23">-</TD>
</TR>

<TR ACOPY="Y" ADELETE="Y" HEIGHT="30">
<TD COLSPAN="2" VALIGN="MIDDLE" WIDTH="231" HEIGHT="23">- 감사(감사위원)참석여부</TD>
<TD COLSPAN="3" ALIGN="CENTER" VALIGN="MIDDLE" WIDTH="421" HEIGHT="23">-</TD>
</TR>

<TR ACOPY="Y" ADELETE="Y" HEIGHT="53">
<TD COLSPAN="2" VALIGN="MIDDLE" WIDTH="231" HEIGHT="46">6. 해당회사의 직전사업연도말 자산총액 </TD>
<TD ALIGN="CENTER" VALIGN="MIDDLE" WIDTH="161" HEIGHT="46">32,338</TD>
<TD ALIGN="CENTER" VALIGN="MIDDLE" WIDTH="125" HEIGHT="46">자산총액 대비(%)</TD>
<TD ALIGN="CENTER" VALIGN="MIDDLE" WIDTH="117" HEIGHT="46">7.98</TD>
</TR>

<TR ACOPY="Y" ADELETE="Y" HEIGHT="30">
<TD COLSPAN="2" VALIGN="MIDDLE" WIDTH="231" HEIGHT="23">7. 기타</TD>
<TD COLSPAN="3" ALIGN="CENTER" VALIGN="MIDDLE" WIDTH="421" HEIGHT="23">-</TD>
</TR>

<TR ACOPY="Y" ADELETE="Y" HEIGHT="145">
<TD COLSPAN="2" VALIGN="MIDDLE" WIDTH="231" HEIGHT="138">※ 관련공시일</TD>
<TD COLSPAN="3" ALIGN="JUSTIFY" VALIGN="MIDDLE" WIDTH="421" HEIGHT="138">- 상기 '2. 직전사업연도말 자기자본' 및 상기'6. 해당회사의 직전사업연도말 자산총액'은 2024년 말 재무제표 기준임- 상기 '4. 거래상대방과의 차입총계'는 금번 차입금액을 포함한 금액이며 해당 사업연도 이사회 의결일(의사결정일)기준임- 당사는 사내이사 1인으로 구성된 회사로 이사회가 성립하지 않아 '5.이사회 의결일'은 내부 의사결정일을 기준으로 기재함</TD>
</TR>
</TBODY>
</TABLE>
<P></P>
</SECTION-1>
</BODY>
</DOCUMENT>