<?xml version="1.0" encoding="utf-8"?>


<DOCUMENT xmlns:xsi="http://www.w3.org/2001/XMLSchema-instance" xsi:noNamespaceSchemaLocation="dart4.xsd">

<DOCUMENT-NAME ACODE="00637">주식등의 대량보유상황보고서(약식)</DOCUMENT-NAME>
<FORMULA-VERSION SUBVER="2" ADATE="20231229">6.0</FORMULA-VERSION>
<COMPANY-NAME AREGCIK="00261443">(주)엔씨소프트</COMPANY-NAME>

<SUMMARY>
<EXTRACTION ACODE="HOLDCHECK" AFEATURE="BOTH">0000</EXTRACTION>
<EXTRACTION ACODE="HOLDRSN" AFEATURE="BOTH">0000</EXTRACTION>
<EXTRACTION ACODE="OUTDATE" AFEATURE="BOTH">20251229</EXTRACTION>
</SUMMARY>


<BODY ATOCID="19">

<COVER>
<COVER-TITLE ATOC="Y" AASSOCNOTE="COVER" ENG="Report on Significant Holdings of Stocks, etc." ATOCID="1">주식등의 대량보유상황보고서</COVER-TITLE>

<TABLE-GROUP ACLASS="RPT_RSP_DT" ADELETETABLE="N">

<TABLE ACLASS="EXTRACTION" AFIXTABLE="Y" WIDTH="604" BORDER="0">

<COLGROUP WIDTH="604">
<COL WIDTH="211"></COL>
<COL WIDTH="149"></COL>
<COL WIDTH="244"></COL>
</COLGROUP>

<TBODY>

<TR ACOPY="N" ADELETE="N" HEIGHT="76">
<TD COLSPAN="3" VALIGN="MIDDLE" WIDTH="595" HEIGHT="69" AUPDATECONT="N" ALIGN="CENTER" ENG="(Short form: Except for cases where “the purpose of holding the stocks is not to exercise influence over the issuer’s business administration” as defined in report types under Article 147 of the Financial Investment Services and Capital Markets Act, and for cases where the reporting entity qualifies as a professional investor under the latter part of Paragraph 1 of the same Article.)">(약식서식 : 자본시장과 금융투자업에 관한 법률 제147조에 의한 보고 중 '경영권에 영향을 주기 위한 목적'이 아닌 경우 및 보고자가 동조 제1항 후단에 따른 전문투자자인 경우)</TD>
</TR>

<TR ACOPY="N" ADELETE="N" HEIGHT="76">
<TD COLSPAN="3" ALIGN="CENTER" VALIGN="MIDDLE" WIDTH="595" HEIGHT="69"></TD>
</TR>

<TR ACOPY="N" ADELETE="N" HEIGHT="30">
<TD VALIGN="MIDDLE" WIDTH="202" HEIGHT="23">금융위원회 귀중</TD>
<TD VALIGN="MIDDLE" WIDTH="140" HEIGHT="23" AUPDATECONT="N" ENG="Date of occurrence of reporting obligation:">보고의무발생일　 :</TD>
<TU ALIGN="CENTER" VALIGN="MIDDLE" WIDTH="235" HEIGHT="23" AUNIT="RPT_RSP_DT" AUNITVALUE="20251229">2025년 12월 29일</TU>
</TR>

<TR ACOPY="N" ADELETE="N" HEIGHT="30">
<TD VALIGN="MIDDLE" WIDTH="202" HEIGHT="23">한국거래소 귀중</TD>
<TD VALIGN="MIDDLE" WIDTH="140" HEIGHT="23" AUPDATECONT="N" ENG="Report preparation date:">보고서작성기준일 :</TD>
<TU ALIGN="CENTER" VALIGN="MIDDLE" WIDTH="235" HEIGHT="23" AUNIT="RPT_REF_DT" AUNITVALUE="20251229">2025년 12월 29일</TU>
</TR>

<TR ACOPY="N" ADELETE="N" HEIGHT="99">
<TD VALIGN="MIDDLE" WIDTH="202" HEIGHT="92"></TD>
<TD VALIGN="MIDDLE" WIDTH="140" HEIGHT="92" AUPDATECONT="N" ENG="Reporting entity:">보고자 : </TD>
<TE ALIGN="JUSTIFY" VALIGN="MIDDLE" WIDTH="235" HEIGHT="92" ACODE="RPT_RSP_NM">Saudi Electronic GamingHolding Company위 대리인  변호사 이학진               변호사 김성민</TE>
</TR>
</TBODY>
</TABLE>
</TABLE-GROUP>
<P></P>

<TABLE-GROUP ACLASS="SUM_INF" ADELETETABLE="N">

<TABLE ACLASS="EXTRACTION" AFIXTABLE="Y" WIDTH="600" BORDER="1">

<COLGROUP WIDTH="600">
<COL WIDTH="210"></COL>
<COL WIDTH="116"></COL>
<COL WIDTH="138"></COL>
<COL WIDTH="136"></COL>
</COLGROUP>

<TBODY>

<TR ACOPY="N" ADELETE="N" HEIGHT="30">
<TD COLSPAN="4" ALIGN="CENTER" VALIGN="MIDDLE" WIDTH="591" HEIGHT="23" AUPDATECONT="N" ENG="Summary of Information">요약정보</TD>
</TR>

<TR ACOPY="N" ADELETE="N" HEIGHT="53">
<TD ALIGN="CENTER" VALIGN="MIDDLE" WIDTH="201" HEIGHT="46" AUPDATECONT="N" ENG="Classification of professional investors to whom special reporting cases apply">보고특례 적용전문투자자 구분</TD>
<TU ALIGN="CENTER" VALIGN="MIDDLE" WIDTH="381" HEIGHT="46" AUNIT="SEP_INV" AUNITVALUE="-" COLSPAN="3" ENG="-">-</TU>
</TR>

<TR ACOPY="N" ADELETE="N" HEIGHT="30">
<TD ALIGN="CENTER" VALIGN="MIDDLE" WIDTH="201" HEIGHT="23" AUPDATECONT="N" ENG="Issuing company name">발행회사명</TD>
<TE ALIGN="CENTER" VALIGN="MIDDLE" WIDTH="107" HEIGHT="23" ACODE="CRP_NM">(주)엔씨소프트</TE>
<TD ALIGN="CENTER" VALIGN="MIDDLE" WIDTH="129" HEIGHT="23" AUPDATECONT="N" ENG="Relationship to issuing company">발행회사와의 관계</TD>
<TU ALIGN="CENTER" VALIGN="MIDDLE" WIDTH="127" HEIGHT="23" AUNIT="FLT_CRP_RLT" AUNITVALUE="16" ENG="Others">기타</TU>
</TR>

<TR ACOPY="N" ADELETE="N" HEIGHT="30">
<TD ALIGN="CENTER" VALIGN="MIDDLE" WIDTH="201" HEIGHT="23" AUPDATECONT="N" ENG="Type of reporting">보고구분</TD>
<TU COLSPAN="3" ALIGN="CENTER" VALIGN="MIDDLE" WIDTH="381" HEIGHT="23" AUNIT="RPT_DST1" AUNITVALUE="1" ENG="New">신규</TU>
</TR>

<TR ACOPY="N" ADELETE="N" HEIGHT="30">
<TD ROWSPAN="3" ALIGN="CENTER" VALIGN="MIDDLE" WIDTH="201" HEIGHT="83" AUPDATECONT="N" ENG="Number of stocks, etc. held and holding ratio">보유주식등의 수 및 보유비율</TD>
<TD ALIGN="CENTER" VALIGN="MIDDLE" WIDTH="107" HEIGHT="23" AUPDATECONT="N"></TD>
<TD ALIGN="CENTER" VALIGN="MIDDLE" WIDTH="129" HEIGHT="23" AUPDATECONT="N" ENG="Number of shares held, etc.">보유주식등의 수</TD>
<TD ALIGN="CENTER" VALIGN="MIDDLE" WIDTH="127" HEIGHT="23" AUPDATECONT="N" ENG="Holdings ratio">보유비율</TD>
</TR>

<TR ACOPY="N" ADELETE="N" HEIGHT="30">
<TD ALIGN="CENTER" VALIGN="MIDDLE" WIDTH="107" HEIGHT="23" AUPDATECONT="N" ENG="Previous report">직전 보고서</TD>
<TE ALIGN="CENTER" VALIGN="MIDDLE" WIDTH="129" HEIGHT="23" ACODE="SUM_BMT_CNT">-</TE>
<TE ALIGN="CENTER" VALIGN="MIDDLE" WIDTH="127" HEIGHT="23" ACODE="SUM_BMT_RT">-</TE>
</TR>

<TR ACOPY="N" ADELETE="N" HEIGHT="30">
<TD ALIGN="CENTER" VALIGN="MIDDLE" WIDTH="107" HEIGHT="23" AUPDATECONT="N" ENG="Current report">이번 보고서</TD>
<TE ALIGN="CENTER" VALIGN="MIDDLE" WIDTH="129" HEIGHT="23" ACODE="SUM_TMT_CNT">2,032,411</TE>
<TE ALIGN="CENTER" VALIGN="MIDDLE" WIDTH="127" HEIGHT="23" ACODE="SUM_TMT_RT">9.43</TE>
</TR>

<TR ACOPY="N" ADELETE="N" HEIGHT="30">
<TD ROWSPAN="3" ALIGN="CENTER" VALIGN="MIDDLE" WIDTH="201" HEIGHT="83" AUPDATECONT="N" ENG="Number of voting rights and holding ratio">의결권의 수 및보유비율</TD>
<TD ALIGN="CENTER" VALIGN="MIDDLE" WIDTH="107" HEIGHT="23" AUPDATECONT="N"></TD>
<TD ALIGN="CENTER" VALIGN="MIDDLE" WIDTH="129" HEIGHT="23" AUPDATECONT="N" ENG="Number of voting rights">의결권의 수</TD>
<TD ALIGN="CENTER" VALIGN="MIDDLE" WIDTH="127" HEIGHT="23" AUPDATECONT="N" ENG="Holdings ratio">보유비율</TD>
</TR>

<TR ACOPY="N" ADELETE="N" HEIGHT="30">
<TD ALIGN="CENTER" VALIGN="MIDDLE" WIDTH="107" HEIGHT="23" AUPDATECONT="N" ENG="Previous report">직전 보고서</TD>
<TE ALIGN="CENTER" VALIGN="MIDDLE" WIDTH="129" HEIGHT="23" ACODE="VR_BMT_CNT">-</TE>
<TE ALIGN="CENTER" VALIGN="MIDDLE" WIDTH="127" HEIGHT="23" ACODE="VR_BMT_RT">-</TE>
</TR>

<TR ACOPY="N" ADELETE="N" HEIGHT="30">
<TD ALIGN="CENTER" VALIGN="MIDDLE" WIDTH="107" HEIGHT="23" AUPDATECONT="N" ENG="Current report">이번 보고서</TD>
<TE ALIGN="CENTER" VALIGN="MIDDLE" WIDTH="129" HEIGHT="23" ACODE="VR_TMT_CNT">-</TE>
<TE ALIGN="CENTER" VALIGN="MIDDLE" WIDTH="127" HEIGHT="23" ACODE="VR_TMT_RT">-</TE>
</TR>

<TR ACOPY="N" ADELETE="N" HEIGHT="30">
<TD ALIGN="CENTER" VALIGN="MIDDLE" WIDTH="201" HEIGHT="23" AUPDATECONT="N" ENG="Reason for reporting">보고사유</TD>
<TE COLSPAN="3" ALIGN="CENTER" VALIGN="MIDDLE" WIDTH="381" HEIGHT="23" ACODE="SUM_CHN_RWN">- 대표보고자 변경에 따른 신규보고</TE>
</TR>

<TR ACOPY="N" ADELETE="N" HEIGHT="30">
<TD ALIGN="CENTER" VALIGN="MIDDLE" WIDTH="201" HEIGHT="23" AUPDATECONT="N" ENG="Purpose of holding">보유목적</TD>
<TU COLSPAN="3" ALIGN="CENTER" VALIGN="MIDDLE" WIDTH="381" HEIGHT="23" AUNIT="PUR_OWN" AUNITVALUE="02" ENG="Simple investment">단순투자</TU>
</TR>
</TBODY>
</TABLE>
</TABLE-GROUP>

<TABLE WIDTH="600" BORDER="0" ACLASS="NORMAL">

<COLGROUP WIDTH="600">
<COL WIDTH="33"></COL>
<COL WIDTH="567"></COL>
</COLGROUP>

<TBODY>

<TR ACOPY="Y" ADELETE="Y" HEIGHT="53">
<TD WIDTH="24" HEIGHT="46">주)</TD>
<TD WIDTH="558" HEIGHT="46">보고자의 기존 주식등의 보유내역은 Public Investment Fund 가 대표보고자로 제출한 주식등의 대량보유상황보고서를 참고하시기 바랍니다.</TD>
</TR>
</TBODY>
</TABLE>
<P></P>

<TABLE ACLASS="NORMAL" AFIXTABLE="Y" WIDTH="600" BORDER="1">

<COLGROUP WIDTH="600">
<COL WIDTH="600"></COL>
</COLGROUP>

<TBODY>

<TR ACOPY="Y" ADELETE="Y" HEIGHT="76">
<TD WIDTH="591" HEIGHT="69" AUPDATECONT="N" ENG="※ I hereby confirm that the holding status of stocks, etc. of myself and my related parties as of the date of preparation of the report has been accurately disclosed in accordance with applicable laws and regulations and with due diligence in writing, and that there are no misstatements or omissions of important matters.">※ 보고자 본인은 보고서작성기준일 현재 본인과 특별관계자의 주식등의 보유상황을 관련 법규 및 기재상의 주의에 따라 정확하게 작성하였고, 중요한 사항의 허위기재 또는 기재누락이 없음을 확인합니다.</TD>
</TR>
</TBODY>
</TABLE>
<P></P>
<PGBRK></PGBRK>
</COVER>

<LIBRARY>
<SECTION-1 AID="PART-CERT" ACLASS="MANDATORY" APARTSOURCE="SOURCE">
<TITLE ATOC="Y" AASSOCNOTE="TTL_PART_CERT" ENG="Written Confirmation (For simple investment purposes)" ATOCID="18">확인서(단순투자 목적)</TITLE>

<IMAGE>
<IMG WIDTH="550" HEIGHT="605" ALIGN="CENTER" HSPACE="0">단순투자확인서 (savvy).jpg</IMG>
<IMG-CAPTION ATOC="N">확인서</IMG-CAPTION>
</IMAGE>

<IMAGE>
<IMG WIDTH="594" HEIGHT="840" ALIGN="CENTER" HSPACE="0">단순투자확인서 번역본 (savvy).jpg</IMG>
<IMG-CAPTION ATOC="N">번역본</IMG-CAPTION>
</IMAGE>
<PGBRK></PGBRK>
</SECTION-1>
</LIBRARY>


<LIBRARY>
<SECTION-1 ACLASS="MANDATORY" APARTSOURCE="SOURCE">
<TITLE ATOC="Y" ENG="Part 1 Overview of the Report" ATOCID="2">제1부 보고의 개요</TITLE>
<P></P>

<SECTION-2 ACLASS="MANDATORY">
<TITLE ATOC="Y" AASSOCNOTE="D-1-1-0-0" ENG="1. Matters related to the issuing company" ATOCID="3">1. 발행회사에 관한 사항</TITLE>

<TABLE-GROUP ACLASS="CRP_NM" ADELETETABLE="N">

<TABLE ACLASS="EXTRACTION" AFIXTABLE="Y" WIDTH="600" BORDER="1">

<COLGROUP WIDTH="600">
<COL WIDTH="104"></COL>
<COL WIDTH="173"></COL>
<COL WIDTH="216"></COL>
<COL WIDTH="107"></COL>
</COLGROUP>

<TBODY>

<TR ACOPY="N" ADELETE="N" HEIGHT="30">
<TD ALIGN="CENTER" VALIGN="MIDDLE" WIDTH="95" HEIGHT="23" AUPDATECONT="N" ENG="Company name">회사명</TD>
<TE VALIGN="MIDDLE" WIDTH="164" HEIGHT="23" ACODE="CRP_NM" ALIGN="CENTER">(주)엔씨소프트</TE>
<TD ALIGN="CENTER" VALIGN="MIDDLE" WIDTH="207" HEIGHT="23" AUPDATECONT="N" ENG="Company code">회사코드</TD>
<TE ALIGN="CENTER" VALIGN="MIDDLE" WIDTH="98" HEIGHT="23" ACODE="CRP_CD">036570</TE>
</TR>

<TR ACOPY="N" ADELETE="N" HEIGHT="30">
<TD ALIGN="CENTER" VALIGN="MIDDLE" WIDTH="95" HEIGHT="23" AUPDATECONT="N" ENG="Corporation type">법인구분</TD>
<TU ALIGN="CENTER" VALIGN="MIDDLE" WIDTH="164" HEIGHT="23" AUNIT="CRP_DST" AUNITVALUE="1" ENG="KOSPI market listed corporation">유가증권상장법인</TU>
<TD ALIGN="CENTER" VALIGN="MIDDLE" WIDTH="207" HEIGHT="23" AUPDATECONT="N" ENG="Total number of voting shares (shrs.)">의결권있는 발행주식 총수(주)</TD>
<TE ALIGN="CENTER" VALIGN="MIDDLE" WIDTH="98" HEIGHT="23" ACODE="FLT_STK_CNT">21,544,022</TE>
</TR>
</TBODY>
</TABLE>
</TABLE-GROUP>
<P></P>
</SECTION-2>

<SECTION-2 ACLASS="MANDATORY">
<TITLE ATOC="Y" ENG="2. Matters related to significant holders" ATOCID="4">2. 대량보유자에 관한 사항</TITLE>

<SECTION-3 ACLASS="MANDATORY">
<TITLE ATOC="Y" AASSOCNOTE="D-1-2-1-0" ENG="A. Reporting entity" ATOCID="5">가. 보고자</TITLE>
<P>(1) 보고자 개요</P>

<TABLE-GROUP ACLASS="RPT_DST1" ADELETETABLE="N">

<TABLE ACLASS="EXTRACTION" AFIXTABLE="Y" WIDTH="780" BORDER="1">

<COLGROUP WIDTH="780">
<COL WIDTH="178"></COL>
<COL WIDTH="89"></COL>
<COL WIDTH="187"></COL>
<COL WIDTH="111"></COL>
<COL WIDTH="33"></COL>
<COL WIDTH="182"></COL>
</COLGROUP>

<TBODY>

<TR ACOPY="N" ADELETE="N" HEIGHT="30">
<TD ALIGN="CENTER" VALIGN="MIDDLE" WIDTH="169" HEIGHT="23" AUPDATECONT="N" ENG="Type of reporting">보고구분</TD>
<TU COLSPAN="2" ALIGN="CENTER" VALIGN="MIDDLE" WIDTH="267" HEIGHT="23" AUNIT="RPT_DST1" AUNITVALUE="1" ENG="New">신규</TU>
<TU COLSPAN="3" ALIGN="CENTER" VALIGN="MIDDLE" WIDTH="317" HEIGHT="23" AUNIT="RPT_DST2" AUNITVALUE="2" ENG="Collective">연명</TU>
</TR>

<TR ACOPY="N" ADELETE="N" HEIGHT="30">
<TD ALIGN="CENTER" VALIGN="MIDDLE" WIDTH="169" HEIGHT="23" AUPDATECONT="N" ENG="Reporting entity classification">보고자 구분</TD>
<TU COLSPAN="2" ALIGN="CENTER" VALIGN="MIDDLE" WIDTH="267" HEIGHT="23" AUNIT="CRP_TP" AUNITVALUE="O" ENG="Foreign corporation">외국법인</TU>
<TD COLSPAN="2" ALIGN="CENTER" VALIGN="MIDDLE" WIDTH="135" HEIGHT="23" AUPDATECONT="N" ENG="Nationality">국 적</TD>
<TE ALIGN="CENTER" VALIGN="MIDDLE" WIDTH="173" HEIGHT="23" ACODE="IFR_NT">사우디아라비아</TE>
</TR>

<TR ACOPY="N" ADELETE="N" HEIGHT="53">
<TD ALIGN="CENTER" VALIGN="MIDDLE" WIDTH="445" HEIGHT="46" AUPDATECONT="N" COLSPAN="3" ENG="Basis for reporting entity classification (only if entered as association or other organizations under law)">보고자 구분 기재 근거(법령상 조합 또는 기타단체로 기재한 경우만 기재)</TD>
<TE COLSPAN="3" ALIGN="CENTER" VALIGN="MIDDLE" WIDTH="317" HEIGHT="46" ACODE="IFR_BASE">-</TE>
</TR>

<TR ACOPY="N" ADELETE="N" HEIGHT="53">
<TD ALIGN="CENTER" VALIGN="MIDDLE" WIDTH="169" HEIGHT="46" AUPDATECONT="N" ENG="Name (Title)">성명(명칭)</TD>
<TD ALIGN="CENTER" VALIGN="MIDDLE" WIDTH="80" HEIGHT="46" AUPDATECONT="N" ENG="Korean">한글</TD>
<TE ALIGN="CENTER" VALIGN="MIDDLE" WIDTH="178" HEIGHT="46" ACODE="IFR_NM">사우디 일렉트로닉 게이밍 홀딩 컴퍼니</TE>
<TD ALIGN="CENTER" VALIGN="MIDDLE" WIDTH="102" HEIGHT="46" AUPDATECONT="N" ENG="Chinese characters (English)">한자(영문)</TD>
<TE COLSPAN="2" ALIGN="CENTER" VALIGN="MIDDLE" WIDTH="206" HEIGHT="46" ACODE="IFR_NM_HJ">Saudi Electronic Gaming Holding Company</TE>
</TR>

<TR ACOPY="N" ADELETE="N" HEIGHT="76">
<TD ALIGN="CENTER" VALIGN="MIDDLE" WIDTH="169" HEIGHT="69" AUPDATECONT="N" ENG="Address (Head office) [Building name/number can be omitted]">주소(본점소재지)[읍ㆍ면ㆍ동까지만 기재]</TD>
<TE COLSPAN="2" VALIGN="MIDDLE" WIDTH="267" HEIGHT="69" ACODE="IFR_ADR2" ALIGN="CENTER">3121, Financial Boulevard, 6790,Al Aqeeq District, Riyadh 13519, Kingdom of Saudi Arabia</TE>
<TD COLSPAN="2" ALIGN="CENTER" VALIGN="MIDDLE" WIDTH="135" HEIGHT="69" AUPDATECONT="N" ENG="Date of birth or business registration No., etc.">생년월일 또는사업자등록번호 등</TD>
<TE ALIGN="CENTER" VALIGN="MIDDLE" WIDTH="173" HEIGHT="69" ACODE="IFR_ID">558600D69SE2JQKB4R79</TE>
</TR>

<TR ACOPY="N" ADELETE="N" HEIGHT="30">
<TD ALIGN="CENTER" VALIGN="MIDDLE" WIDTH="169" HEIGHT="23" AUPDATECONT="N" ENG="Occupation (Details of business)">직업(사업내용)</TD>
<TE COLSPAN="2" VALIGN="MIDDLE" WIDTH="267" HEIGHT="23" ACODE="IFR_JOB" ALIGN="CENTER">투자업</TE>
<TD COLSPAN="2" ALIGN="CENTER" VALIGN="MIDDLE" WIDTH="135" HEIGHT="23" AUPDATECONT="N" ENG="Relationship to issuing company">발행회사와의 관계</TD>
<TU ALIGN="CENTER" VALIGN="MIDDLE" WIDTH="173" HEIGHT="23" AUNIT="FLT_CRP_RLT" AUNITVALUE="16" ENG="Others">기타</TU>
</TR>

<TR ACOPY="N" ADELETE="N" HEIGHT="30">
<TD ROWSPAN="4" ALIGN="CENTER" VALIGN="MIDDLE" WIDTH="169" HEIGHT="113" AUPDATECONT="N" ENG="Contact points and person in charge">업무상 연락처및 담당자</TD>
<TD ALIGN="CENTER" VALIGN="MIDDLE" WIDTH="80" HEIGHT="23" AUPDATECONT="N" ENG="Affiliated company">소속회사</TD>
<TE VALIGN="MIDDLE" WIDTH="178" HEIGHT="23" ACODE="RSP_MAN_ADR2" ALIGN="CENTER">김·장 법률사무소</TE>
<TD COLSPAN="2" ALIGN="CENTER" VALIGN="MIDDLE" WIDTH="135" HEIGHT="23" AUPDATECONT="N" ENG="Department">부서</TD>
<TE ALIGN="CENTER" VALIGN="MIDDLE" WIDTH="173" HEIGHT="23" ACODE="RSP_MAN_DPT">-</TE>
</TR>

<TR ACOPY="N" ADELETE="N" HEIGHT="30">
<TD ALIGN="CENTER" VALIGN="MIDDLE" WIDTH="80" HEIGHT="23" AUPDATECONT="N" ENG="Position">직위</TD>
<TE VALIGN="MIDDLE" WIDTH="178" HEIGHT="23" ACODE="RSP_MAN_PST" ALIGN="CENTER">변호사</TE>
<TD COLSPAN="2" ALIGN="CENTER" VALIGN="MIDDLE" WIDTH="135" HEIGHT="23" AUPDATECONT="N" ENG="(Tel.)">전화번호</TD>
<TE ALIGN="CENTER" VALIGN="MIDDLE" WIDTH="173" HEIGHT="23" ACODE="RSP_MAN_PHN2">02-370******</TE>
</TR>

<TR ACOPY="N" ADELETE="N" HEIGHT="30">
<TD ALIGN="CENTER" VALIGN="MIDDLE" WIDTH="80" HEIGHT="23" AUPDATECONT="N" ENG="Name">성명</TD>
<TE VALIGN="MIDDLE" WIDTH="178" HEIGHT="23" ACODE="RSP_MAN" ALIGN="CENTER">김성민</TE>
<TD COLSPAN="2" ALIGN="CENTER" VALIGN="MIDDLE" WIDTH="135" HEIGHT="23" AUPDATECONT="N" ENG="Fax No.">팩스번호</TD>
<TE ALIGN="CENTER" VALIGN="MIDDLE" WIDTH="173" HEIGHT="23" ACODE="RSP_MAN_FAX">02-737*****</TE>
</TR>

<TR ACOPY="N" ADELETE="N" HEIGHT="30">
<TD ALIGN="CENTER" VALIGN="MIDDLE" WIDTH="80" HEIGHT="23" AUPDATECONT="N" ENG="E-mail address">이메일 주소</TD>
<TE VALIGN="MIDDLE" WIDTH="504" HEIGHT="23" ACODE="RSP_MAN_EML" ALIGN="CENTER" COLSPAN="4">******n.kim1@kimchang.com</TE>
</TR>
</TBODY>
</TABLE>
</TABLE-GROUP>

<P></P>
<P>(2) 보고자에 대한 구체적인 사항(법인, 기타단체, 법령상조합, 민법상 조합의 경우 기재)</P>

<TABLE WIDTH="600" BORDER="0" ACLASS="NORMAL">

<COLGROUP WIDTH="600">
<COL WIDTH="600"></COL>
</COLGROUP>

<TBODY>

<TR ACOPY="Y" ADELETE="Y" HEIGHT="30">
<TD WIDTH="591" HEIGHT="23" ALIGN="RIGHT" VALIGN="MIDDLE">(단위: 10억 SAR)</TD>
</TR>
</TBODY>
</TABLE>

<TABLE-GROUP ACLASS="REP_SUB" ADELETETABLE="N">

<TABLE ACLASS="EXTRACTION" AFIXTABLE="Y" WIDTH="600" BORDER="1">

<COLGROUP WIDTH="600">
<COL WIDTH="170"></COL>
<COL WIDTH="139"></COL>
<COL WIDTH="165"></COL>
<COL WIDTH="126"></COL>
</COLGROUP>

<TBODY>

<TR ACOPY="N" ADELETE="N" HEIGHT="30">
<TD ALIGN="CENTER" VALIGN="MIDDLE" WIDTH="161" HEIGHT="23" AUPDATECONT="N" ENG="Legal personality">법적성격</TD>
<TE WIDTH="421" HEIGHT="23" ACODE="SUB_CHA" COLSPAN="3" VALIGN="MIDDLE" ALIGN="CENTER">Joint Stock Company</TE>
</TR>

<TR ACOPY="N" ADELETE="N" HEIGHT="53">
<TD ALIGN="CENTER" VALIGN="MIDDLE" WIDTH="161" HEIGHT="46" AUPDATECONT="N" ENG="Total assets (or total assets under management)">자산총액(또는 운용자산총액)</TD>
<TE WIDTH="130" HEIGHT="46" ACODE="SUB_AST" VALIGN="MIDDLE" ALIGN="RIGHT">50</TE>
<TD ALIGN="CENTER" VALIGN="MIDDLE" WIDTH="156" HEIGHT="46" AUPDATECONT="N" ENG="Total liabilities">부채총액</TD>
<TE WIDTH="117" HEIGHT="46" ACODE="SUB_DEB" VALIGN="MIDDLE" ALIGN="RIGHT">8</TE>
</TR>

<TR ACOPY="N" ADELETE="N" HEIGHT="30">
<TD ALIGN="CENTER" VALIGN="MIDDLE" WIDTH="161" HEIGHT="23" AUPDATECONT="N" ENG="Total equity">자본총액</TD>
<TE WIDTH="130" HEIGHT="23" ACODE="SUB_CAP" VALIGN="MIDDLE" ALIGN="RIGHT">42</TE>
<TD ALIGN="CENTER" VALIGN="MIDDLE" WIDTH="156" HEIGHT="23" AUPDATECONT="N" ENG="Issued capital">자본금</TD>
<TE WIDTH="117" HEIGHT="23" ACODE="SUB_EQU" VALIGN="MIDDLE" ALIGN="RIGHT">35</TE>
</TR>

<TR ACOPY="N" ADELETE="N" HEIGHT="76">
<TD ALIGN="CENTER" VALIGN="MIDDLE" WIDTH="161" HEIGHT="69" AUPDATECONT="N" ENG="Representative (representative member or executive member)">대표자(대표조합원 또는업무집행조합원)</TD>
<TE WIDTH="421" HEIGHT="69" ACODE="SUB_REP" COLSPAN="3" VALIGN="MIDDLE" ALIGN="CENTER">Brian Ward</TE>
</TR>

<TR ACOPY="N" ADELETE="N" HEIGHT="53">
<TD ALIGN="CENTER" VALIGN="MIDDLE" WIDTH="161" HEIGHT="46" AUPDATECONT="N" ENG="Decision-making body (decision-maker)">의사결정기구(의사결정권자)</TD>
<TE WIDTH="421" HEIGHT="46" ACODE="SUB_DEC" COLSPAN="3" VALIGN="MIDDLE" ALIGN="CENTER">이사회</TE>
</TR>

<TR ACOPY="N" ADELETE="N" HEIGHT="53">
<TD ALIGN="CENTER" VALIGN="MIDDLE" WIDTH="161" HEIGHT="46" AUPDATECONT="N" ENG="Largest shareholder (largest investor)">최대주주(최다출자자)</TD>
<TE WIDTH="130" HEIGHT="46" ACODE="SUB_LAR" VALIGN="MIDDLE" ALIGN="CENTER">Public InvestmentFund</TE>
<TD ALIGN="CENTER" VALIGN="MIDDLE" WIDTH="156" HEIGHT="46" AUPDATECONT="N" ENG="Shareholding ratio of the largest shareholder (%) (investment ratio of the largest investor)">최대주주 지분율(%)(최다출자자 출자비율)</TD>
<TE WIDTH="117" HEIGHT="46" ACODE="SUB_LRT" VALIGN="MIDDLE" ALIGN="RIGHT">100</TE>
</TR>
</TBODY>
</TABLE>
</TABLE-GROUP>

<TABLE WIDTH="600" BORDER="0" ACLASS="NORMAL">

<COLGROUP WIDTH="600">
<COL WIDTH="35"></COL>
<COL WIDTH="565"></COL>
</COLGROUP>

<TBODY>

<TR ACOPY="Y" ADELETE="Y" HEIGHT="30">
<TD WIDTH="26" HEIGHT="23">주)</TD>
<TD WIDTH="556" HEIGHT="23">상기 정보는 2025년 9월 30일 기준이며, 상기 자본총액은 보고자의 자본(Equity)임.</TD>
</TR>
</TBODY>
</TABLE>

<P></P>
</SECTION-3>

<SECTION-3 ACLASS="MANDATORY">
<TITLE ATOC="Y" AASSOCNOTE="D-1-2-2-0" ENG="B. Specially related parties" ATOCID="6">나. 특별관계자</TITLE>
<P>(1) 특별관계자 개요</P>

<TABLE-GROUP ACLASS="SPC_NM" ADELETETABLE="N">

<TABLE ACLASS="EXTRACTION" AFIXTABLE="N" WIDTH="981" BORDER="1">

<COLGROUP WIDTH="981">
<COL WIDTH="37"></COL>
<COL WIDTH="155"></COL>
<COL WIDTH="71"></COL>
<COL WIDTH="91"></COL>
<COL WIDTH="95"></COL>
<COL WIDTH="95"></COL>
<COL WIDTH="272"></COL>
<COL WIDTH="85"></COL>
<COL WIDTH="80"></COL>
</COLGROUP>

<THEAD>

<TR ACOPY="N" ADELETE="N" HEIGHT="99">
<TH VALIGN="MIDDLE" WIDTH="28" HEIGHT="92" ACOPYCOL="N" ADELETECOL="N" AMOVECOL="N" AUPDATECONT="N" ENG="Sequential No.">연번</TH>
<TH VALIGN="MIDDLE" WIDTH="146" HEIGHT="92" ACOPYCOL="N" ADELETECOL="N" AMOVECOL="N" AUPDATECONT="N" ENG="Name (Title)">성 명(명칭)</TH>
<TH VALIGN="MIDDLE" WIDTH="62" HEIGHT="92" ACOPYCOL="N" ADELETECOL="N" AMOVECOL="N" AUPDATECONT="N" ENG="Category">구분</TH>
<TH VALIGN="MIDDLE" WIDTH="82" HEIGHT="92" ACOPYCOL="N" ADELETECOL="N" AMOVECOL="N" AUPDATECONT="N" ENG="Detailed relationship with the reporting entity">보고자와의구체적 관계</TH>
<TH VALIGN="MIDDLE" WIDTH="86" HEIGHT="92" ACOPYCOL="N" ADELETECOL="N" AMOVECOL="N" AUPDATECONT="N" ENG="Date of birth or business registration No., etc.">생년월일또는사업자등록번호 등</TH>
<TH VALIGN="MIDDLE" WIDTH="86" HEIGHT="92" ACOPYCOL="N" ADELETECOL="N" AMOVECOL="N" AUPDATECONT="N" ENG="Nationality">국적</TH>
<TH VALIGN="MIDDLE" WIDTH="263" HEIGHT="92" ACOPYCOL="N" ADELETECOL="N" AMOVECOL="N" AUPDATECONT="N" ENG="Address (Location)">주  소(소재지)</TH>
<TH VALIGN="MIDDLE" WIDTH="76" HEIGHT="92" ACOPYCOL="N" ADELETECOL="N" AMOVECOL="N" AUPDATECONT="N" ENG="Occupation (Details of business)">직  업(사업내용)</TH>
<TH VALIGN="MIDDLE" WIDTH="71" HEIGHT="92" ACOPYCOL="N" ADELETECOL="N" AMOVECOL="N" AUPDATECONT="N" ENG="Relationship to issuing company">발행회사와의 관계</TH>
</TR>
</THEAD>

<TBODY>

<TR ACOPY="Y" ADELETE="N" HEIGHT="76">
<TE ALIGN="CENTER" VALIGN="MIDDLE" WIDTH="28" HEIGHT="69" ACODE="SEQ_NO">1</TE>
<TE ALIGN="CENTER" VALIGN="MIDDLE" WIDTH="146" HEIGHT="69" ACODE="SPC_NM">The Saudi FourthInvestment Company</TE>
<TU ALIGN="CENTER" VALIGN="MIDDLE" WIDTH="62" HEIGHT="69" AUNIT="SPC_TP" AUNITVALUE="O" ENG="Foreign corporation">외국법인</TU>
<TU ALIGN="CENTER" VALIGN="MIDDLE" WIDTH="82" HEIGHT="69" AUNIT="IFR_RLT" AUNITVALUE="C" ENG="Affiliated company">계열회사</TU>
<TE ALIGN="CENTER" VALIGN="MIDDLE" WIDTH="86" HEIGHT="69" ACODE="SPC_ID2">1010638133</TE>
<TE ALIGN="CENTER" VALIGN="MIDDLE" WIDTH="86" HEIGHT="69" ACODE="SPC_NT">사우디아라비아</TE>
<TE VALIGN="MIDDLE" WIDTH="263" HEIGHT="69" ACODE="ADR2">3121, Financial Boulevard,6790, Al Aqeeq District, Riyadh 13519,Kingdom of Saudi Arabia</TE>
<TE VALIGN="MIDDLE" WIDTH="76" HEIGHT="69" ACODE="JOB" ALIGN="CENTER">투자업</TE>
<TU VALIGN="MIDDLE" WIDTH="71" HEIGHT="69" AUNIT="FLT_CRP_RLT" AUNITVALUE="13" ALIGN="CENTER" ENG="Shareholders">주주</TU>
</TR>
</TBODY>
</TABLE>
</TABLE-GROUP>

<TABLE ACLASS="NORMAL" AFIXTABLE="N" WIDTH="600" BORDER="0">

<COLGROUP WIDTH="600">
<COL WIDTH="600"></COL>
</COLGROUP>

<TBODY>

<TR ACOPY="Y" ADELETE="Y" HEIGHT="30">
<TD WIDTH="591" HEIGHT="23">* 주소는 읍ㆍ면ㆍ동까지만 기재</TD>
</TR>
</TBODY>
</TABLE>

<P></P>
<P>(2) 특별관계자에 대한 구체적인 사항(법인, 기타단체, 법령상조합, 민법상 조합의 경우 기재)</P>
<P USERMARK="F-GL11 B">1. The Saudi Fourth Investment Company </P>

<TABLE WIDTH="600" BORDER="0" ACLASS="NORMAL">

<COLGROUP WIDTH="600">
<COL WIDTH="600"></COL>
</COLGROUP>

<TBODY>

<TR ACOPY="Y" ADELETE="Y" HEIGHT="30">
<TD WIDTH="591" HEIGHT="23" ALIGN="RIGHT" VALIGN="MIDDLE">(단위: 백만 USD)</TD>
</TR>
</TBODY>
</TABLE>

<TABLE-GROUP ACLASS="SPE_SUB" ADELETETABLE="N">

<TABLE ACLASS="EXTRACTION" AFIXTABLE="Y" WIDTH="600" BORDER="1">

<COLGROUP WIDTH="600">
<COL WIDTH="170"></COL>
<COL WIDTH="139"></COL>
<COL WIDTH="165"></COL>
<COL WIDTH="126"></COL>
</COLGROUP>

<TBODY>

<TR ACOPY="N" ADELETE="N" HEIGHT="30">
<TD ALIGN="CENTER" VALIGN="MIDDLE" WIDTH="161" HEIGHT="23" AUPDATECONT="N" ENG="Legal personality">법적성격</TD>
<TE WIDTH="421" HEIGHT="23" ACODE="SUB_CHA" COLSPAN="3" VALIGN="MIDDLE" ALIGN="CENTER">Joint Stock Company</TE>
</TR>

<TR ACOPY="N" ADELETE="N" HEIGHT="53">
<TD ALIGN="CENTER" VALIGN="MIDDLE" WIDTH="161" HEIGHT="46" AUPDATECONT="N" ENG="Total assets (or total assets under management)">자산총액(또는 운용자산총액)</TD>
<TE WIDTH="130" HEIGHT="46" ACODE="SUB_AST" VALIGN="MIDDLE" ALIGN="RIGHT">654</TE>
<TD ALIGN="CENTER" VALIGN="MIDDLE" WIDTH="156" HEIGHT="46" AUPDATECONT="N" ENG="Total liabilities">부채총액</TD>
<TE WIDTH="117" HEIGHT="46" ACODE="SUB_DEB" VALIGN="MIDDLE" ALIGN="RIGHT">-</TE>
</TR>

<TR ACOPY="N" ADELETE="N" HEIGHT="30">
<TD ALIGN="CENTER" VALIGN="MIDDLE" WIDTH="161" HEIGHT="23" AUPDATECONT="N" ENG="Total equity">자본총액</TD>
<TE WIDTH="130" HEIGHT="23" ACODE="SUB_CAP" VALIGN="MIDDLE" ALIGN="RIGHT">-</TE>
<TD ALIGN="CENTER" VALIGN="MIDDLE" WIDTH="156" HEIGHT="23" AUPDATECONT="N" ENG="Issued capital">자본금</TD>
<TE WIDTH="117" HEIGHT="23" ACODE="SUB_EQU" VALIGN="MIDDLE" ALIGN="RIGHT">-</TE>
</TR>

<TR ACOPY="N" ADELETE="N" HEIGHT="76">
<TD ALIGN="CENTER" VALIGN="MIDDLE" WIDTH="161" HEIGHT="69" AUPDATECONT="N" ENG="Representative (representative member or executive member)">대표자(대표조합원 또는업무집행조합원)</TD>

<TE WIDTH="421" HEIGHT="69" ACODE="SUB_REP" COLSPAN="3" VALIGN="MIDDLE" ALIGN="CENTER">
<P>Turqi Abdulrahman Abdullah Alnowaiser </P>
<P>Yasir Abdullah Abdulaziz Alsalman </P>
</TE>
</TR>

<TR ACOPY="N" ADELETE="N" HEIGHT="53">
<TD ALIGN="CENTER" VALIGN="MIDDLE" WIDTH="161" HEIGHT="46" AUPDATECONT="N" ENG="Decision-making body (decision-maker)">의사결정기구(의사결정권자)</TD>
<TE WIDTH="421" HEIGHT="46" ACODE="SUB_DEC" COLSPAN="3" VALIGN="MIDDLE" ALIGN="CENTER">Saudi Electronic Gaming Holding Company</TE>
</TR>

<TR ACOPY="N" ADELETE="N" HEIGHT="76">
<TD ALIGN="CENTER" VALIGN="MIDDLE" WIDTH="161" HEIGHT="69" AUPDATECONT="N" ENG="Largest shareholder (largest investor)">최대주주(최다출자자)</TD>
<TE WIDTH="130" HEIGHT="69" ACODE="SUB_LAR" VALIGN="MIDDLE" ALIGN="CENTER">Saudi ElectronicGaming HoldingCompany</TE>
<TD ALIGN="CENTER" VALIGN="MIDDLE" WIDTH="156" HEIGHT="69" AUPDATECONT="N" ENG="Shareholding ratio of the largest shareholder (%) (investment ratio of the largest investor)">최대주주 지분율(%)(최다출자자 출자비율)</TD>
<TE WIDTH="117" HEIGHT="69" ACODE="SUB_LRT" VALIGN="MIDDLE" ALIGN="RIGHT">100</TE>
</TR>
</TBODY>
</TABLE>
</TABLE-GROUP>

<TABLE WIDTH="600" BORDER="0" ACLASS="NORMAL">

<COLGROUP WIDTH="600">
<COL WIDTH="38"></COL>
<COL WIDTH="562"></COL>
</COLGROUP>

<TBODY>

<TR ACOPY="Y" ADELETE="Y" HEIGHT="30">
<TD WIDTH="29" HEIGHT="23">주)</TD>
<TD WIDTH="553" HEIGHT="23">상기 정보는 2024년 12월 31일 기준임.</TD>
</TR>
</TBODY>
</TABLE>

<P></P>
</SECTION-3>

<SECTION-3 ACLASS="MANDATORY">
<TITLE ATOC="Y" AASSOCNOTE="D-1-2-3-0" ENG="C. Collective investment business entity" ATOCID="7">다. 집합투자업자</TITLE>
<P>(보고자 또는 특별관계자가 규정 제3-10조 제2항에 따른 "집합투자기구"인 경우에 한함) </P>
<P>(1) 집합투자업자 개요</P>

<TABLE-GROUP ACLASS="ASST_MNG" ADELETETABLE="N">

<TABLE ACLASS="EXTRACTION" AFIXTABLE="N" WIDTH="660" BORDER="1">

<COLGROUP WIDTH="660">
<COL WIDTH="42"></COL>
<COL WIDTH="80"></COL>
<COL WIDTH="95"></COL>
<COL WIDTH="109"></COL>
<COL WIDTH="68"></COL>
<COL WIDTH="215"></COL>
<COL WIDTH="51"></COL>
</COLGROUP>

<THEAD>

<TR ACOPY="N" ADELETE="N" HEIGHT="53">
<TH VALIGN="MIDDLE" WIDTH="33" HEIGHT="46" ACOPYCOL="N" ADELETECOL="N" AMOVECOL="N" AUPDATECONT="N" ENG="Sequential No.">연번</TH>
<TH VALIGN="MIDDLE" WIDTH="71" HEIGHT="46" ACOPYCOL="N" ADELETECOL="N" AMOVECOL="N" AUPDATECONT="N" ENG="Name">명칭</TH>
<TH VALIGN="MIDDLE" WIDTH="86" HEIGHT="46" ACOPYCOL="N" ADELETECOL="N" AMOVECOL="N" AUPDATECONT="N" ENG="Business registration No., etc.">사업자등록번호 등</TH>
<TH VALIGN="MIDDLE" WIDTH="100" HEIGHT="46" ACOPYCOL="N" ADELETECOL="N" AMOVECOL="N" AUPDATECONT="N" ENG="Target collective investment scheme">대상 집합투자기구</TH>
<TH VALIGN="MIDDLE" WIDTH="59" HEIGHT="46" ACOPYCOL="N" ADELETECOL="N" AMOVECOL="N" AUPDATECONT="N" ENG="Nationality">국적</TH>
<TH VALIGN="MIDDLE" WIDTH="206" HEIGHT="46" ACOPYCOL="N" ADELETECOL="N" AMOVECOL="N" AUPDATECONT="N" ENG="Address (Location)">주  소(소재지)</TH>
<TH VALIGN="MIDDLE" WIDTH="42" HEIGHT="46" ACOPYCOL="N" ADELETECOL="N" AMOVECOL="N" AUPDATECONT="N" ENG="Note">비고</TH>
</TR>
</THEAD>

<TBODY>

<TR ACOPY="Y" ADELETE="N" HEIGHT="30">
<TE ALIGN="CENTER" VALIGN="MIDDLE" WIDTH="33" HEIGHT="23" ACODE="SEQ_NO">-</TE>
<TE ALIGN="CENTER" VALIGN="MIDDLE" WIDTH="71" HEIGHT="23" ACODE="SPC_NM">-</TE>
<TE ALIGN="CENTER" VALIGN="MIDDLE" WIDTH="86" HEIGHT="23" ACODE="SPC_ID2">-</TE>
<TE ALIGN="CENTER" VALIGN="MIDDLE" WIDTH="100" HEIGHT="23" ACODE="TGT_INV">-</TE>
<TE ALIGN="CENTER" VALIGN="MIDDLE" WIDTH="59" HEIGHT="23" ACODE="SPC_NT">-</TE>
<TE VALIGN="MIDDLE" WIDTH="206" HEIGHT="23" ACODE="ADR2" ALIGN="CENTER">-</TE>
<TE VALIGN="MIDDLE" WIDTH="42" HEIGHT="23" ACODE="RMK" ALIGN="CENTER">-</TE>
</TR>
</TBODY>
</TABLE>
</TABLE-GROUP>
<P></P>
<P>(2) 집합투자업자에 대한 구체적인 사항</P>

<TABLE ACLASS="NORMAL" AFIXTABLE="N" WIDTH="600" BORDER="1">

<COLGROUP WIDTH="600">
<COL WIDTH="150"></COL>
<COL WIDTH="150"></COL>
<COL WIDTH="150"></COL>
<COL WIDTH="150"></COL>
</COLGROUP>

<TBODY>

<TR ACOPY="Y" ADELETE="Y" HEIGHT="30">
<TD ALIGN="CENTER" VALIGN="MIDDLE" WIDTH="141" HEIGHT="23">법적성격</TD>
<TD COLSPAN="3" WIDTH="441" HEIGHT="23" VALIGN="MIDDLE"></TD>
</TR>

<TR ACOPY="Y" ADELETE="Y" HEIGHT="30">
<TD ALIGN="CENTER" VALIGN="MIDDLE" WIDTH="141" HEIGHT="23">자본금</TD>
<TD WIDTH="141" HEIGHT="23" VALIGN="MIDDLE"></TD>
<TD ALIGN="CENTER" VALIGN="MIDDLE" WIDTH="141" HEIGHT="23">운용자산총액</TD>
<TD WIDTH="141" HEIGHT="23" VALIGN="MIDDLE"></TD>
</TR>

<TR ACOPY="Y" ADELETE="Y" HEIGHT="30">
<TD ALIGN="CENTER" VALIGN="MIDDLE" WIDTH="141" HEIGHT="23">대표자</TD>
<TD COLSPAN="3" WIDTH="441" HEIGHT="23" VALIGN="MIDDLE"></TD>
</TR>

<TR ACOPY="Y" ADELETE="Y" HEIGHT="53">
<TD ALIGN="CENTER" VALIGN="MIDDLE" WIDTH="141" HEIGHT="46">의사결정기구(의사결정권자)</TD>
<TD COLSPAN="3" WIDTH="441" HEIGHT="46" VALIGN="MIDDLE"></TD>
</TR>

<TR ACOPY="Y" ADELETE="Y" HEIGHT="53">
<TD ALIGN="CENTER" VALIGN="MIDDLE" WIDTH="141" HEIGHT="46">최대주주(법인 대표자)</TD>
<TD WIDTH="141" HEIGHT="46" VALIGN="MIDDLE"></TD>
<TD ALIGN="CENTER" VALIGN="MIDDLE" WIDTH="141" HEIGHT="46">최대주주 지분율</TD>
<TD WIDTH="141" HEIGHT="46" VALIGN="MIDDLE"></TD>
</TR>
</TBODY>
</TABLE>
<P></P>
</SECTION-3>
</SECTION-2>

<SECTION-2 ACLASS="MANDATORY">
<TITLE ATOC="Y" AASSOCNOTE="D-1-3-0-0" ENG="3. Number of stocks, etc. held and holding ratio" ATOCID="8">3. 보유주식등의 수 및 보유비율</TITLE>

<TABLE-GROUP ACLASS="BFR_IFR" ADELETETABLE="N">

<TABLE ACLASS="EXTRACTION" AFIXTABLE="Y" WIDTH="861" BORDER="1">

<COLGROUP WIDTH="861">
<COL WIDTH="87"></COL>
<COL WIDTH="136"></COL>
<COL WIDTH="122"></COL>
<COL WIDTH="102"></COL>
<COL WIDTH="102"></COL>
<COL WIDTH="54"></COL>
<COL WIDTH="98"></COL>
<COL WIDTH="62"></COL>
<COL WIDTH="98"></COL>
</COLGROUP>

<THEAD>

<TR ACOPY="Y" ADELETE="Y" HEIGHT="30">
<TH ROWSPAN="2" VALIGN="MIDDLE" WIDTH="78" HEIGHT="76" ACOPYCOL="Y" ADELETECOL="Y" AMOVECOL="N" AUPDATECONT="N"></TH>
<TH ROWSPAN="2" VALIGN="MIDDLE" WIDTH="127" HEIGHT="76" ACOPYCOL="Y" ADELETECOL="Y" AMOVECOL="N" AUPDATECONT="N" ENG="Report preparation date:">보고서작성기준일</TH>
<TH COLSPAN="2" VALIGN="MIDDLE" WIDTH="215" HEIGHT="23" ACOPYCOL="Y" ADELETECOL="Y" AMOVECOL="N" AUPDATECONT="N" ENG="Reporting entity">보고자</TH>
<TH COLSPAN="2" VALIGN="MIDDLE" WIDTH="147" HEIGHT="23" ACOPYCOL="Y" ADELETECOL="Y" AMOVECOL="N" AUPDATECONT="N" ENG="Stocks, etc.">주식등</TH>
<TH COLSPAN="2" VALIGN="MIDDLE" WIDTH="151" HEIGHT="23" ACOPYCOL="Y" ADELETECOL="Y" AMOVECOL="N" AUPDATECONT="N" ENG="Share certificates">주권</TH>
<TH ROWSPAN="2" VALIGN="MIDDLE" WIDTH="89" HEIGHT="76" ACOPYCOL="Y" ADELETECOL="Y" AMOVECOL="N" AUPDATECONT="N" ENG="Total number of voting shares (shrs.)">의결권 있는 발행주식총수(주)</TH>
</TR>

<TR ACOPY="Y" ADELETE="Y" HEIGHT="53">
<TH VALIGN="MIDDLE" WIDTH="113" HEIGHT="46" ACOPYCOL="Y" ADELETECOL="Y" AMOVECOL="N" AUPDATECONT="N" ENG="Name">본인 성명</TH>
<TH VALIGN="MIDDLE" WIDTH="93" HEIGHT="46" ACOPYCOL="Y" ADELETECOL="Y" AMOVECOL="N" AUPDATECONT="N" ENG="Number of specially related parties">특별관계자수</TH>
<TH VALIGN="MIDDLE" WIDTH="93" HEIGHT="46" ACOPYCOL="Y" ADELETECOL="Y" AMOVECOL="N" AUPDATECONT="N" ENG="Number of shares, etc. (shrs.)">주식등의 수(주)</TH>
<TH VALIGN="MIDDLE" WIDTH="45" HEIGHT="46" ACOPYCOL="Y" ADELETECOL="Y" AMOVECOL="N" AUPDATECONT="N" ENG="Ratio (%)">비율(%)</TH>
<TH VALIGN="MIDDLE" WIDTH="89" HEIGHT="46" ACOPYCOL="Y" ADELETECOL="Y" AMOVECOL="N" AUPDATECONT="N" ENG="Number of shares (shrs.)">주식수(주)</TH>
<TH VALIGN="MIDDLE" WIDTH="53" HEIGHT="46" ACOPYCOL="Y" ADELETECOL="Y" AMOVECOL="N" AUPDATECONT="N" ENG="Ratio (%)">비율(%)</TH>
</TR>
</THEAD>

<TBODY>

<TR ACOPY="Y" ADELETE="Y" HEIGHT="30">
<TD ALIGN="CENTER" VALIGN="MIDDLE" WIDTH="78" HEIGHT="23" AUPDATECONT="N" ENG="Previous report">직전보고서</TD>
<TU ALIGN="CENTER" VALIGN="MIDDLE" WIDTH="127" HEIGHT="23" AUNIT="BFR_RPT_DT" AUNITVALUE="-">-</TU>
<TE ALIGN="CENTER" VALIGN="MIDDLE" WIDTH="113" HEIGHT="23" ACODE="BFR_IFR">-</TE>
<TE ALIGN="RIGHT" VALIGN="MIDDLE" WIDTH="93" HEIGHT="23" ACODE="BFR_RPT_CNT">-</TE>
<TE ALIGN="RIGHT" VALIGN="MIDDLE" WIDTH="93" HEIGHT="23" ACODE="BFR_STK_CNT">-</TE>
<TE ALIGN="RIGHT" VALIGN="MIDDLE" WIDTH="45" HEIGHT="23" ACODE="BFR_STK_RT">-</TE>
<TE ALIGN="RIGHT" VALIGN="MIDDLE" WIDTH="89" HEIGHT="23" ACODE="BFR_CMT_CNT">-</TE>
<TE ALIGN="RIGHT" VALIGN="MIDDLE" WIDTH="53" HEIGHT="23" ACODE="BFR_CMT_RT">-</TE>
<TE ALIGN="RIGHT" VALIGN="MIDDLE" WIDTH="89" HEIGHT="23" ACODE="BFR_STK_CT">-</TE>
</TR>

<TR ACOPY="Y" ADELETE="Y" HEIGHT="76">
<TD ALIGN="CENTER" VALIGN="MIDDLE" WIDTH="78" HEIGHT="69" AUPDATECONT="N" ENG="Current report">이번보고서</TD>
<TU ALIGN="CENTER" VALIGN="MIDDLE" WIDTH="127" HEIGHT="69" AUNIT="THS_RPT_DT" AUNITVALUE="20251229">2025년 12월 29일</TU>
<TE ALIGN="CENTER" VALIGN="MIDDLE" WIDTH="113" HEIGHT="69" ACODE="THS_IFR">Saudi ElectronicGaming HoldingCompany</TE>
<TE ALIGN="RIGHT" VALIGN="MIDDLE" WIDTH="93" HEIGHT="69" ACODE="THS_RPT_CNT">2</TE>
<TE ALIGN="RIGHT" VALIGN="MIDDLE" WIDTH="93" HEIGHT="69" ACODE="THS_STK_CNT">2,032,411</TE>
<TE ALIGN="RIGHT" VALIGN="MIDDLE" WIDTH="45" HEIGHT="69" ACODE="THS_STK_RT">9.43</TE>
<TE ALIGN="RIGHT" VALIGN="MIDDLE" WIDTH="89" HEIGHT="69" ACODE="THS_CMT_CNT">2,032,411</TE>
<TE ALIGN="RIGHT" VALIGN="MIDDLE" WIDTH="53" HEIGHT="69" ACODE="THS_CMT_RT">9.43</TE>
<TE ALIGN="RIGHT" VALIGN="MIDDLE" WIDTH="89" HEIGHT="69" ACODE="THS_STK_CT">21,544,022</TE>
</TR>

<TR ACOPY="Y" ADELETE="Y" HEIGHT="30">
<TD COLSPAN="4" ALIGN="CENTER" VALIGN="MIDDLE" WIDTH="438" HEIGHT="23" AUPDATECONT="N" ENG="Increase or decrease">증    감</TD>
<TE ALIGN="RIGHT" VALIGN="MIDDLE" WIDTH="93" HEIGHT="23" ACODE="MDF_STK_CNT">2,032,411</TE>
<TE ALIGN="RIGHT" VALIGN="MIDDLE" WIDTH="45" HEIGHT="23" ACODE="MDF_STK_RT">9.43</TE>
<TE ALIGN="RIGHT" VALIGN="MIDDLE" WIDTH="89" HEIGHT="23" ACODE="MDF_CMT_CNT">2,032,411</TE>
<TE ALIGN="RIGHT" VALIGN="MIDDLE" WIDTH="53" HEIGHT="23" ACODE="MDF_CMT_RT">9.43</TE>
<TE ALIGN="RIGHT" VALIGN="MIDDLE" WIDTH="89" HEIGHT="23" ACODE="MDF_STK_CT">21,544,022</TE>
</TR>
</TBODY>
</TABLE>
</TABLE-GROUP>

<TABLE WIDTH="862" BORDER="0" ACLASS="NORMAL">

<COLGROUP WIDTH="862">
<COL WIDTH="36"></COL>
<COL WIDTH="826"></COL>
</COLGROUP>

<TBODY>

<TR ACOPY="Y" ADELETE="Y" HEIGHT="53">
<TD WIDTH="27" HEIGHT="46">주)</TD>
<TD WIDTH="817" HEIGHT="46">상기 주식등의 수 및 비율은 상기 보고자가 운용하는 본 보고서 상의 특별관계자인 The Saudi Fourth Investment Company에 의해 소유되고 있으며, 상기 보고자는 '소유자에 준하는 보유자'로서 주식을 보유하고 있음.</TD>
</TR>
</TBODY>
</TABLE>
<P></P>
</SECTION-2>

<SECTION-2 ACLASS="MANDATORY">
<TITLE ATOC="Y" AASSOCNOTE="D-1-4-0-0" ENG="4. Reasons for change [Modification]" ATOCID="9">4. 변동[변경]사유</TITLE>

<TABLE-GROUP ACLASS="CHN_RSN_DTL" ADELETETABLE="N">

<TABLE ACLASS="EXTRACTION" AFIXTABLE="Y" WIDTH="600" BORDER="1">

<COLGROUP WIDTH="600">
<COL WIDTH="106"></COL>
<COL WIDTH="494"></COL>
</COLGROUP>

<TBODY>

<TR ACOPY="Y" ADELETE="Y" HEIGHT="30">
<TD ALIGN="CENTER" VALIGN="MIDDLE" WIDTH="97" HEIGHT="23" AUPDATECONT="N" ENG="Method of change">변동방법</TD>
<TE WIDTH="485" HEIGHT="23" ACODE="CHN_HOW">- 대표보고자 변경에 따른 신규 보고</TE>
</TR>

<TR ACOPY="Y" ADELETE="Y" HEIGHT="122">
<TD ALIGN="CENTER" VALIGN="MIDDLE" WIDTH="97" HEIGHT="115" AUPDATECONT="N" ENG="Reasons for the change">변동사유</TD>
<TE WIDTH="485" HEIGHT="115" ACODE="CHN_RSN">- 대표보고자 변경에 따른 신규 보고- 단순투자목적- 본 보고는 보고자가 The Saudi Fourth Investment Company를 대신하여 발행회사의 주식에 대한 취득 및 처분할 권한을 가지고 있으므로 보고자가 동 주식의 보유자의 지위에서 이행하는 것임.</TE>
</TR>

<TR ACOPY="Y" ADELETE="Y" HEIGHT="30">
<TD ALIGN="CENTER" VALIGN="MIDDLE" WIDTH="97" HEIGHT="23" AUPDATECONT="N" ENG="Reasons for change">변경사유</TD>
<TE WIDTH="485" HEIGHT="23" ACODE="CHN_RSM">-</TE>
</TR>
</TBODY>
</TABLE>
</TABLE-GROUP>
<P></P>
<P></P>
</SECTION-2>

</SECTION-1><SECTION-1 ACLASS="MANDATORY" APARTSOURCE="SOURCE">
<TITLE ATOC="Y" ENG="Part 2 Details of Significant Holdings" ATOCID="10">제2부 대량보유내역</TITLE>
<P></P>

<SECTION-2 ACLASS="MANDATORY">
<TITLE ATOC="Y" AASSOCNOTE="D-2-1-0-0" ENG="1. Details of reporting entity and specially related parties’ holdings by stock class, etc." ATOCID="11">1. 보고자 및 특별관계자의 주식등의 종류별 보유내역</TITLE>

<TABLE-GROUP ACLASS="CST_CNT1" ADELETETABLE="N">

<TABLE ACLASS="EXTRACTION" AFIXTABLE="N" WIDTH="970" BORDER="1">

<COLGROUP WIDTH="970">
<COL WIDTH="55"></COL>
<COL WIDTH="122"></COL>
<COL WIDTH="102"></COL>
<COL WIDTH="77"></COL>
<COL WIDTH="63"></COL>
<COL WIDTH="68"></COL>
<COL WIDTH="76"></COL>
<COL WIDTH="58"></COL>
<COL WIDTH="74"></COL>
<COL WIDTH="59"></COL>
<COL WIDTH="47"></COL>
<COL WIDTH="38"></COL>
<COL WIDTH="80"></COL>
<COL WIDTH="51"></COL>
</COLGROUP>

<THEAD>

<TR ACOPY="N" ADELETE="N" HEIGHT="30">
<TH ROWSPAN="3" VALIGN="MIDDLE" WIDTH="46" ACOPYCOL="N" ADELETECOL="N" AMOVECOL="N" AUPDATECONT="N" ENG="Relationship" HEIGHT="175">관 계</TH>
<TH ROWSPAN="3" VALIGN="MIDDLE" WIDTH="113" ACOPYCOL="N" ADELETECOL="N" AMOVECOL="N" AUPDATECONT="N" ENG="Name (Title)" HEIGHT="175">성 명(명칭)</TH>
<TH ROWSPAN="3" VALIGN="MIDDLE" WIDTH="93" ACOPYCOL="N" ADELETECOL="N" AMOVECOL="N" AUPDATECONT="N" ENG="Date of birth or business registration No., etc." HEIGHT="175">생년월일또는사업자등록번호 등</TH>
<TH COLSPAN="11" VALIGN="MIDDLE" WIDTH="682" ACOPYCOL="N" ADELETECOL="N" AMOVECOL="N" AUPDATECONT="N" ENG="Details of stocks held, etc." HEIGHT="23">보유주식등의 내역</TH>
</TR>

<TR ACOPY="N" ADELETE="N" HEIGHT="30">
<TH COLSPAN="3" VALIGN="MIDDLE" ACOPYCOL="N" ADELETECOL="N" AMOVECOL="N" AUPDATECONT="N" ENG="Share certificates" WIDTH="199" HEIGHT="23">주 권</TH>
<TH ROWSPAN="2" VALIGN="MIDDLE" ACOPYCOL="N" ADELETECOL="N" AMOVECOL="N" AUPDATECONT="N" ENG="Those with warrants" WIDTH="67" HEIGHT="145">신주인수권이표시된것</TH>
<TH ROWSPAN="2" VALIGN="MIDDLE" ACOPYCOL="N" ADELETECOL="N" AMOVECOL="N" AUPDATECONT="N" ENG="Convertible bonds" WIDTH="49" HEIGHT="145">전환사채권</TH>
<TH ROWSPAN="2" VALIGN="MIDDLE" ACOPYCOL="N" ADELETECOL="N" AMOVECOL="N" AUPDATECONT="N" ENG="Bonds with warrants" WIDTH="65" HEIGHT="145">신주인수권부사채권</TH>
<TH ROWSPAN="2" VALIGN="MIDDLE" ACOPYCOL="N" ADELETECOL="N" AMOVECOL="N" AUPDATECONT="N" ENG="Exchangeable bonds" WIDTH="50" HEIGHT="145">교환사채권</TH>
<TH ROWSPAN="2" VALIGN="MIDDLE" ACOPYCOL="N" ADELETECOL="N" AMOVECOL="N" AUPDATECONT="N" ENG="Depositary receipts" WIDTH="38" HEIGHT="145">증권예탁증권</TH>
<TH ROWSPAN="2" VALIGN="MIDDLE" ACOPYCOL="N" ADELETECOL="N" AMOVECOL="N" AUPDATECONT="N" ENG="Others" WIDTH="29" HEIGHT="145">기타</TH>
<TH COLSPAN="2" VALIGN="MIDDLE" ACOPYCOL="N" ADELETECOL="N" AMOVECOL="N" AUPDATECONT="N" ENG="Total" WIDTH="122" HEIGHT="23">합 계</TH>
</TR>

<TR ACOPY="N" ADELETE="N" HEIGHT="122">
<TH VALIGN="MIDDLE" ACOPYCOL="N" ADELETECOL="N" AMOVECOL="N" AUPDATECONT="N" ENG="Voting share" WIDTH="68" HEIGHT="115">의결권있는주식</TH>
<TH VALIGN="MIDDLE" ACOPYCOL="N" ADELETECOL="N" AMOVECOL="N" AUPDATECONT="N" ENG="Stocks to be redeemed with voting share" WIDTH="54" HEIGHT="115">의결권있는 주식으로상환될주식</TH>
<TH VALIGN="MIDDLE" ACOPYCOL="N" ADELETECOL="N" AMOVECOL="N" AUPDATECONT="N" ENG="Stocks to be converted to voting share" WIDTH="59" HEIGHT="115">의결권있는 주식으로전환될 주식</TH>
<TH VALIGN="MIDDLE" ACOPYCOL="N" ADELETECOL="N" AMOVECOL="N" AUPDATECONT="N" ENG="Number of shares (shrs.)" WIDTH="71" HEIGHT="115">주수(주)</TH>
<TH VALIGN="MIDDLE" ACOPYCOL="N" ADELETECOL="N" AMOVECOL="N" AUPDATECONT="N" ENG="Ratio (%)" WIDTH="42" HEIGHT="115">비율(%)</TH>
</TR>
</THEAD>

<TBODY>

<TR ACOPY="N" ADELETE="N" HEIGHT="76">
<TD ALIGN="CENTER" VALIGN="MIDDLE" AUPDATECONT="N" ENG="Reporting entity" WIDTH="46" HEIGHT="69">보고자</TD>
<TE ALIGN="CENTER" VALIGN="MIDDLE" ACODE="SPC_NM" WIDTH="113" HEIGHT="69">Saudi ElectronicGaming HoldingCompany</TE>
<TE ALIGN="CENTER" VALIGN="MIDDLE" ACODE="SPC_ID2" WIDTH="93" HEIGHT="69">558600D69SE2JQKB4R79</TE>
<TE ALIGN="RIGHT" VALIGN="MIDDLE" ACODE="ATK_CNT" WIDTH="68" HEIGHT="69">-</TE>
<TE ALIGN="RIGHT" VALIGN="MIDDLE" ACODE="REP_CNT" WIDTH="54" HEIGHT="69">-</TE>
<TE ALIGN="RIGHT" VALIGN="MIDDLE" ACODE="CHN_CNT" WIDTH="59" HEIGHT="69">-</TE>
<TE ALIGN="RIGHT" VALIGN="MIDDLE" ACODE="ACC_CNT" WIDTH="67" HEIGHT="69">-</TE>
<TE ALIGN="RIGHT" VALIGN="MIDDLE" ACODE="CB_CNT" WIDTH="49" HEIGHT="69">-</TE>
<TE ALIGN="RIGHT" VALIGN="MIDDLE" ACODE="LN_CNT" WIDTH="65" HEIGHT="69">-</TE>
<TE ALIGN="RIGHT" VALIGN="MIDDLE" ACODE="EB_CNT" WIDTH="50" HEIGHT="69">-</TE>
<TE ALIGN="RIGHT" VALIGN="MIDDLE" ACODE="CF_CNT" WIDTH="38" HEIGHT="69">-</TE>
<TE ALIGN="RIGHT" VALIGN="MIDDLE" ACODE="ET_CNT" WIDTH="29" HEIGHT="69">-</TE>
<TE ALIGN="RIGHT" VALIGN="MIDDLE" ACODE="STK_CNT" WIDTH="71" HEIGHT="69">-</TE>
<TE ALIGN="RIGHT" VALIGN="MIDDLE" ACODE="STK_RT" WIDTH="42" HEIGHT="69">-</TE>
</TR>

<TR ACOPY="N" ADELETE="N" HEIGHT="76">
<TD ROWSPAN="2" ALIGN="CENTER" VALIGN="MIDDLE" AUPDATECONT="N" ENG="Specially related parties" WIDTH="46" HEIGHT="99">특별관계자</TD>
<TE ALIGN="CENTER" VALIGN="MIDDLE" ACODE="SPC_NM" WIDTH="113" HEIGHT="69">The Saudi FourthInvestmentCompany</TE>
<TE ALIGN="CENTER" VALIGN="MIDDLE" ACODE="SPC_ID2" WIDTH="93" HEIGHT="69">1010638133</TE>
<TE ALIGN="RIGHT" VALIGN="MIDDLE" ACODE="ATK_CNT" WIDTH="68" HEIGHT="69">2,032,411</TE>
<TE ALIGN="RIGHT" VALIGN="MIDDLE" ACODE="REP_CNT" WIDTH="54" HEIGHT="69">-</TE>
<TE ALIGN="RIGHT" VALIGN="MIDDLE" ACODE="CHN_CNT" WIDTH="59" HEIGHT="69">-</TE>
<TE ALIGN="RIGHT" VALIGN="MIDDLE" ACODE="ACC_CNT" WIDTH="67" HEIGHT="69">-</TE>
<TE ALIGN="RIGHT" VALIGN="MIDDLE" ACODE="CB_CNT" WIDTH="49" HEIGHT="69">-</TE>
<TE ALIGN="RIGHT" VALIGN="MIDDLE" ACODE="LN_CNT" WIDTH="65" HEIGHT="69">-</TE>
<TE ALIGN="RIGHT" VALIGN="MIDDLE" ACODE="EB_CNT" WIDTH="50" HEIGHT="69">-</TE>
<TE ALIGN="RIGHT" VALIGN="MIDDLE" ACODE="CF_CNT" WIDTH="38" HEIGHT="69">-</TE>
<TE ALIGN="RIGHT" VALIGN="MIDDLE" ACODE="ET_CNT" WIDTH="29" HEIGHT="69">-</TE>
<TE ALIGN="RIGHT" VALIGN="MIDDLE" ACODE="STK_CNT" WIDTH="71" HEIGHT="69">2,032,411</TE>
<TE ALIGN="RIGHT" VALIGN="MIDDLE" ACODE="STK_RT" WIDTH="42" HEIGHT="69">9.43</TE>
</TR>

<TR ACOPY="Y" ADELETE="N" HEIGHT="30">
<TE ALIGN="CENTER" VALIGN="MIDDLE" ACODE="SPC_NM" WIDTH="113" HEIGHT="23">-</TE>
<TE ALIGN="CENTER" VALIGN="MIDDLE" ACODE="SPC_ID2" WIDTH="93" HEIGHT="23">-</TE>
<TE ALIGN="RIGHT" VALIGN="MIDDLE" ACODE="ATK_CNT" WIDTH="68" HEIGHT="23">-</TE>
<TE ALIGN="RIGHT" VALIGN="MIDDLE" ACODE="REP_CNT" WIDTH="54" HEIGHT="23">-</TE>
<TE ALIGN="RIGHT" VALIGN="MIDDLE" ACODE="CHN_CNT" WIDTH="59" HEIGHT="23">-</TE>
<TE ALIGN="RIGHT" VALIGN="MIDDLE" ACODE="ACC_CNT" WIDTH="67" HEIGHT="23">-</TE>
<TE ALIGN="RIGHT" VALIGN="MIDDLE" ACODE="CB_CNT" WIDTH="49" HEIGHT="23">-</TE>
<TE ALIGN="RIGHT" VALIGN="MIDDLE" ACODE="LN_CNT" WIDTH="65" HEIGHT="23">-</TE>
<TE ALIGN="RIGHT" VALIGN="MIDDLE" ACODE="EB_CNT" WIDTH="50" HEIGHT="23">-</TE>
<TE ALIGN="RIGHT" VALIGN="MIDDLE" ACODE="CF_CNT" WIDTH="38" HEIGHT="23">-</TE>
<TE ALIGN="RIGHT" VALIGN="MIDDLE" ACODE="ET_CNT" WIDTH="29" HEIGHT="23">-</TE>
<TE ALIGN="RIGHT" VALIGN="MIDDLE" ACODE="STK_CNT" WIDTH="71" HEIGHT="23">-</TE>
<TE ALIGN="RIGHT" VALIGN="MIDDLE" ACODE="STK_RT" WIDTH="42" HEIGHT="23">-</TE>
</TR>

<TR ACOPY="N" ADELETE="N" HEIGHT="30">
<TD ROWSPAN="2" COLSPAN="3" ALIGN="CENTER" VALIGN="MIDDLE" AUPDATECONT="N" WIDTH="270" HEIGHT="53"></TD>
<TD ALIGN="CENTER" VALIGN="MIDDLE" AUPDATECONT="N" ROWSPAN="2" WIDTH="68" HEIGHT="53">A</TD>
<TD ALIGN="CENTER" VALIGN="MIDDLE" AUPDATECONT="N" WIDTH="54" HEIGHT="23">a1</TD>
<TD ALIGN="CENTER" VALIGN="MIDDLE" AUPDATECONT="N" WIDTH="59" HEIGHT="23">a2</TD>
<TD ALIGN="CENTER" VALIGN="MIDDLE" AUPDATECONT="N" WIDTH="67" HEIGHT="23">B</TD>
<TD ALIGN="CENTER" VALIGN="MIDDLE" AUPDATECONT="N" WIDTH="49" HEIGHT="23">C</TD>
<TD ALIGN="CENTER" VALIGN="MIDDLE" AUPDATECONT="N" WIDTH="65" HEIGHT="23">D</TD>
<TD ALIGN="CENTER" VALIGN="MIDDLE" AUPDATECONT="N" WIDTH="50" HEIGHT="23">E</TD>
<TD ALIGN="CENTER" VALIGN="MIDDLE" AUPDATECONT="N" WIDTH="38" HEIGHT="23">F</TD>
<TD ALIGN="CENTER" VALIGN="MIDDLE" AUPDATECONT="N" WIDTH="29" HEIGHT="23">G</TD>
<TD ROWSPAN="2" ALIGN="CENTER" VALIGN="MIDDLE" AUPDATECONT="N" WIDTH="71" HEIGHT="53"></TD>
<TD ROWSPAN="2" ALIGN="CENTER" VALIGN="MIDDLE" AUPDATECONT="N" WIDTH="42" HEIGHT="53"></TD>
</TR>

<TR ACOPY="N" ADELETE="N" HEIGHT="30">
<TD COLSPAN="8" ALIGN="CENTER" VALIGN="MIDDLE" AUPDATECONT="N" WIDTH="474" HEIGHT="23">H</TD>
</TR>
</TBODY>
</TABLE>
</TABLE-GROUP>

<TABLE WIDTH="971" BORDER="0" ACLASS="NORMAL">

<COLGROUP WIDTH="971">
<COL WIDTH="44"></COL>
<COL WIDTH="927"></COL>
</COLGROUP>

<TBODY>

<TR ACOPY="Y" ADELETE="Y" HEIGHT="76">
<TD WIDTH="35" HEIGHT="69">주)</TD>
<TD WIDTH="918" HEIGHT="69">상기 보고자는 특별관계자인 The Saudi Fourth Investment Company가 소유하고 있는 주식등에 대한 취득 및 처분 권한을 가지고 있으므로 동 주식의 '소유자에 준하는 보유자'의 지위를 가지고 있으나, 투자자들의 혼동을 피하기 위하여 상기 보고자의 보유 주식은 The Saudi Fourth Investment Company의 소유 주식과 별도로 중복해서 기재하지 않음(이하 같음).</TD>
</TR>
</TBODY>
</TABLE>
<P></P>

<TABLE-GROUP ACLASS="HLD_RT" ADELETETABLE="N">

<TABLE ACLASS="EXTRACTION" AFIXTABLE="Y" WIDTH="600" BORDER="1">

<COLGROUP WIDTH="600">
<COL WIDTH="124"></COL>
<COL WIDTH="163"></COL>
<COL WIDTH="176"></COL>
<COL WIDTH="137"></COL>
</COLGROUP>

<THEAD>

<TR ACOPY="Y" ADELETE="Y" HEIGHT="30">
<TH ROWSPAN="2" VALIGN="MIDDLE" WIDTH="115" HEIGHT="99" ACOPYCOL="Y" ADELETECOL="Y" AMOVECOL="N" AUPDATECONT="N" ENG="Total number of voting shares (I)">의결권있는발행주식 총수(I)</TH>
<TH ROWSPAN="2" VALIGN="MIDDLE" WIDTH="154" HEIGHT="99" ACOPYCOL="Y" ADELETECOL="Y" AMOVECOL="N" AUPDATECONT="N" ENG="Number of potential shares held (a1+a2+B+C+D+E+F+G=H)">보유잠재주식의 수(a1+a2+B+C+D+E+F+G=H)</TH>
<TH COLSPAN="2" VALIGN="MIDDLE" WIDTH="304" HEIGHT="23" ACOPYCOL="Y" ADELETECOL="Y" AMOVECOL="N" AUPDATECONT="N" ENG="Holding ratio (%)">보유비율(%)</TH>
</TR>

<TR ACOPY="Y" ADELETE="Y" HEIGHT="76">
<TH VALIGN="MIDDLE" WIDTH="167" HEIGHT="69" ACOPYCOL="Y" ADELETECOL="Y" AMOVECOL="N" AUPDATECONT="N" ENG="Holding ratio of stocks, etc. [A+H / I+H-(E+F+G)※] × 100">주식등의 보유비율[A+H / I+H-(E+F+G)※] × 100 </TH>
<TH VALIGN="MIDDLE" WIDTH="128" HEIGHT="69" ACOPYCOL="Y" ADELETECOL="Y" AMOVECOL="N" AUPDATECONT="N" ENG="Holding ratio of share certificates (A / I) ×  100">주권의 보유비율(A / I) × 100  </TH>
</TR>
</THEAD>

<TBODY>

<TR ACOPY="Y" ADELETE="Y" HEIGHT="30">
<TE ALIGN="RIGHT" WIDTH="115" HEIGHT="23" ACODE="VOT_STK_CNT" VALIGN="MIDDLE">21,544,022</TE>
<TE ALIGN="RIGHT" WIDTH="154" HEIGHT="23" ACODE="HLD_STK_CNT" VALIGN="MIDDLE">-</TE>
<TE ALIGN="RIGHT" WIDTH="167" HEIGHT="23" ACODE="HLD_STK_RT" VALIGN="MIDDLE">9.43</TE>
<TE ALIGN="RIGHT" WIDTH="128" HEIGHT="23" ACODE="HLD_CMT_RT" VALIGN="MIDDLE">9.43</TE>
</TR>
</TBODY>
</TABLE>
</TABLE-GROUP>
<P>※ 교환대상이 주식인 교환사채권, 기초자산이 주식인 증권예탁증권ㆍ파생결합증권 및 자기주식을 교부하는 주식매수선택권 등에 한하여 분모에서 제외하고 보유비율을 산정</P>
<P></P>

</SECTION-2><SECTION-2 ACLASS="MANDATORY">
<TITLE ATOC="Y" AASSOCNOTE="D-2-2-0-0" ENG="2. Details of holding by own account and customer account (Financial institutions only)" ATOCID="12">2. 자기계정 및 고객계정별 보유내역(금융기관에 한함)</TITLE>

<TABLE-GROUP ACLASS="SF_CNS" ADELETETABLE="N">

<TABLE ACLASS="EXTRACTION" AFIXTABLE="N" WIDTH="700" BORDER="1">

<COLGROUP WIDTH="700">
<COL WIDTH="84"></COL>
<COL WIDTH="89"></COL>
<COL WIDTH="107"></COL>
<COL WIDTH="75"></COL>
<COL WIDTH="105"></COL>
<COL WIDTH="70"></COL>
<COL WIDTH="98"></COL>
<COL WIDTH="72"></COL>
</COLGROUP>

<THEAD>

<TR ACOPY="N" ADELETE="N" HEIGHT="30">
<TH ROWSPAN="2" VALIGN="MIDDLE" WIDTH="75" ACOPYCOL="N" ADELETECOL="N" AMOVECOL="N" AUPDATECONT="N" ENG="Name" HEIGHT="53">명칭</TH>
<TH ROWSPAN="2" VALIGN="MIDDLE" WIDTH="80" ACOPYCOL="N" ADELETECOL="N" AMOVECOL="N" AUPDATECONT="N" ENG="Relationship to the reporting entity" HEIGHT="53">보고자와의관계</TH>
<TH COLSPAN="4" WIDTH="348" ACOPYCOL="N" ADELETECOL="N" AMOVECOL="N" AUPDATECONT="N" ENG="Details by account" HEIGHT="23">계정별 내역</TH>
<TH COLSPAN="2" WIDTH="161" ACOPYCOL="N" ADELETECOL="N" AMOVECOL="N" AUPDATECONT="N" ENG="Total" HEIGHT="23">합  계</TH>
</TR>

<TR ACOPY="N" ADELETE="N" HEIGHT="30">
<TH ACOPYCOL="N" ADELETECOL="N" AMOVECOL="N" AUPDATECONT="N" ENG="Own account (shrs.)" WIDTH="98" HEIGHT="23">자기계정(주)</TH>
<TH ACOPYCOL="N" ADELETECOL="N" AMOVECOL="N" AUPDATECONT="N" ENG="Ratio (%)" WIDTH="66" HEIGHT="23">비율(%)</TH>
<TH ACOPYCOL="N" ADELETECOL="N" AMOVECOL="N" AUPDATECONT="N" ENG="Customer account (shrs.)" WIDTH="96" HEIGHT="23">고객계정(주)</TH>
<TH ACOPYCOL="N" ADELETECOL="N" AMOVECOL="N" AUPDATECONT="N" ENG="Ratio (%)" WIDTH="61" HEIGHT="23">비율(%)</TH>
<TH ACOPYCOL="N" ADELETECOL="N" AMOVECOL="N" AUPDATECONT="N" ENG="Total (shrs.)" WIDTH="89" HEIGHT="23">계(주)</TH>
<TH ACOPYCOL="N" ADELETECOL="N" AMOVECOL="N" AUPDATECONT="N" ENG="Ratio (%)" WIDTH="63" HEIGHT="23">비율(%)</TH>
</TR>
</THEAD>

<TBODY>

<TR ACOPY="Y" ADELETE="N" HEIGHT="30">
<TE ALIGN="CENTER" VALIGN="MIDDLE" ACODE="SPC_NM" WIDTH="75" HEIGHT="23">-</TE>
<TU ALIGN="CENTER" VALIGN="MIDDLE" AUNIT="IFR_RLT2" AUNITVALUE="-" WIDTH="80" HEIGHT="23" ENG="-">-</TU>
<TE ALIGN="CENTER" VALIGN="MIDDLE" ACODE="SF_CNT" WIDTH="98" HEIGHT="23">-</TE>
<TE ALIGN="CENTER" VALIGN="MIDDLE" ACODE="SF_RT" WIDTH="66" HEIGHT="23">-</TE>
<TE ALIGN="CENTER" VALIGN="MIDDLE" ACODE="CNS_CNT" WIDTH="96" HEIGHT="23">-</TE>
<TE ALIGN="CENTER" VALIGN="MIDDLE" ACODE="CNS_RT" WIDTH="61" HEIGHT="23">-</TE>
<TE ALIGN="CENTER" VALIGN="MIDDLE" ACODE="CNT_SUM" WIDTH="89" HEIGHT="23">-</TE>
<TE ALIGN="CENTER" VALIGN="MIDDLE" ACODE="RT_SUM" WIDTH="63" HEIGHT="23">-</TE>
</TR>

<TR ACOPY="N" ADELETE="N" HEIGHT="30">
<TD COLSPAN="2" ALIGN="CENTER" VALIGN="MIDDLE" AUPDATECONT="N" ENG="Total" WIDTH="164" HEIGHT="23">합  계</TD>
<TE ALIGN="CENTER" VALIGN="MIDDLE" ACODE="SF_CNT_SUM" WIDTH="98" HEIGHT="23">-</TE>
<TE ALIGN="CENTER" VALIGN="MIDDLE" ACODE="SF_RT_SUM" WIDTH="66" HEIGHT="23">-</TE>
<TE ALIGN="CENTER" VALIGN="MIDDLE" ACODE="CNS_CNT_SUM" WIDTH="96" HEIGHT="23">-</TE>
<TE ALIGN="CENTER" VALIGN="MIDDLE" ACODE="CNS_RT_SUM" WIDTH="61" HEIGHT="23">-</TE>
<TE ALIGN="CENTER" VALIGN="MIDDLE" ACODE="ALL_CNT_SUM" WIDTH="89" HEIGHT="23">-</TE>
<TE ALIGN="CENTER" VALIGN="MIDDLE" ACODE="ALL_RT_SUM" WIDTH="63" HEIGHT="23">-</TE>
</TR>
</TBODY>
</TABLE>
</TABLE-GROUP>
<P></P>
<PGBRK></PGBRK>
</SECTION-2>
</SECTION-1>

<SECTION-1 ACLASS="MANDATORY" APARTSOURCE="SOURCE">
<TITLE ATOC="Y" ENG="Part 3 Significant Changes Since the Last Reporting Date" ATOCID="13">제3부 직전보고일 이후 대량변동 내역</TITLE>
<P></P>

<SECTION-2 ACLASS="MANDATORY">
<TITLE ATOC="Y" AASSOCNOTE="D-3-1-0-0" ENG="1. Summary of changes" ATOCID="14">1. 변동내역 총괄표</TITLE>

<SECTION-3 ACLASS="MANDATORY">
<TITLE ATOC="Y" ENG="A. Details of changes in stocks, etc." ATOCID="15">가. 주식등의 변동내역</TITLE>

<TABLE-GROUP ACLASS="CST_CNT2" ADELETETABLE="N">

<TABLE ACLASS="EXTRACTION" AFIXTABLE="N" WIDTH="975" BORDER="1">

<COLGROUP WIDTH="975">
<COL WIDTH="55"></COL>
<COL WIDTH="123"></COL>
<COL WIDTH="102"></COL>
<COL WIDTH="86"></COL>
<COL WIDTH="63"></COL>
<COL WIDTH="68"></COL>
<COL WIDTH="77"></COL>
<COL WIDTH="58"></COL>
<COL WIDTH="73"></COL>
<COL WIDTH="59"></COL>
<COL WIDTH="46"></COL>
<COL WIDTH="38"></COL>
<COL WIDTH="76"></COL>
<COL WIDTH="51"></COL>
</COLGROUP>

<THEAD>

<TR ACOPY="N" ADELETE="N" HEIGHT="30">
<TH ROWSPAN="3" VALIGN="MIDDLE" WIDTH="46" ACOPYCOL="N" ADELETECOL="N" AMOVECOL="N" AUPDATECONT="N" ENG="Relationship" HEIGHT="175">관 계</TH>
<TH ROWSPAN="3" VALIGN="MIDDLE" WIDTH="114" ACOPYCOL="N" ADELETECOL="N" AMOVECOL="N" AUPDATECONT="N" ENG="Name (Title)" HEIGHT="175">성 명(명칭)</TH>
<TH ROWSPAN="3" VALIGN="MIDDLE" WIDTH="93" ACOPYCOL="N" ADELETECOL="N" AMOVECOL="N" AUPDATECONT="N" ENG="Date of birth or business registration No., etc." HEIGHT="175">생년월일또는사업자등록번호 등</TH>
<TH COLSPAN="11" VALIGN="MIDDLE" WIDTH="686" ACOPYCOL="N" ADELETECOL="N" AMOVECOL="N" AUPDATECONT="N" ENG="Increase/decrease of shares, etc." HEIGHT="23">증감주식등의 내역</TH>
</TR>

<TR ACOPY="N" ADELETE="N" HEIGHT="30">
<TH COLSPAN="3" VALIGN="MIDDLE" ACOPYCOL="N" ADELETECOL="N" AMOVECOL="N" AUPDATECONT="N" ENG="Share certificates" WIDTH="208" HEIGHT="23">주 권</TH>
<TH ROWSPAN="2" VALIGN="MIDDLE" ACOPYCOL="N" ADELETECOL="N" AMOVECOL="N" AUPDATECONT="N" ENG="Those with warrants" WIDTH="68" HEIGHT="145">신주인수권이표시된것</TH>
<TH ROWSPAN="2" VALIGN="MIDDLE" ACOPYCOL="N" ADELETECOL="N" AMOVECOL="N" AUPDATECONT="N" ENG="Convertible bonds" WIDTH="49" HEIGHT="145">전환사채권</TH>
<TH ROWSPAN="2" VALIGN="MIDDLE" ACOPYCOL="N" ADELETECOL="N" AMOVECOL="N" AUPDATECONT="N" ENG="Bonds with warrants" WIDTH="64" HEIGHT="145">신주인수권부사채권</TH>
<TH ROWSPAN="2" VALIGN="MIDDLE" ACOPYCOL="N" ADELETECOL="N" AMOVECOL="N" AUPDATECONT="N" ENG="Exchangeable bonds" WIDTH="50" HEIGHT="145">교환사채권</TH>
<TH ROWSPAN="2" VALIGN="MIDDLE" ACOPYCOL="N" ADELETECOL="N" AMOVECOL="N" AUPDATECONT="N" ENG="Depositary receipts" WIDTH="37" HEIGHT="145">증권예탁증권</TH>
<TH ROWSPAN="2" VALIGN="MIDDLE" ACOPYCOL="N" ADELETECOL="N" AMOVECOL="N" AUPDATECONT="N" ENG="Others" WIDTH="29" HEIGHT="145">기타</TH>
<TH COLSPAN="2" VALIGN="MIDDLE" ACOPYCOL="N" ADELETECOL="N" AMOVECOL="N" AUPDATECONT="N" ENG="Total" WIDTH="118" HEIGHT="23">합 계</TH>
</TR>

<TR ACOPY="N" ADELETE="N" HEIGHT="122">
<TH VALIGN="MIDDLE" ACOPYCOL="N" ADELETECOL="N" AMOVECOL="N" AUPDATECONT="N" ENG="Voting share" WIDTH="77" HEIGHT="115">의결권있는주식</TH>
<TH VALIGN="MIDDLE" ACOPYCOL="N" ADELETECOL="N" AMOVECOL="N" AUPDATECONT="N" ENG="Stocks to be redeemed with voting share" WIDTH="54" HEIGHT="115">의결권있는 주식으로상환될주식</TH>
<TH VALIGN="MIDDLE" ACOPYCOL="N" ADELETECOL="N" AMOVECOL="N" AUPDATECONT="N" ENG="Stocks to be converted to voting share" WIDTH="59" HEIGHT="115">의결권있는 주식으로전환될 주식</TH>
<TH VALIGN="MIDDLE" ACOPYCOL="N" ADELETECOL="N" AMOVECOL="N" AUPDATECONT="N" ENG="Number of shares (shrs.)" WIDTH="67" HEIGHT="115">주수(주)</TH>
<TH VALIGN="MIDDLE" ACOPYCOL="N" ADELETECOL="N" AMOVECOL="N" AUPDATECONT="N" ENG="Ratio (%)" WIDTH="42" HEIGHT="115">비율(%)</TH>
</TR>
</THEAD>

<TBODY>

<TR ACOPY="N" ADELETE="N" HEIGHT="76">
<TD ALIGN="CENTER" VALIGN="MIDDLE" AUPDATECONT="N" ENG="Reporting entity" WIDTH="46" HEIGHT="69">보고자</TD>
<TE ALIGN="CENTER" VALIGN="MIDDLE" ACODE="SPC_NM" WIDTH="114" HEIGHT="69">Saudi ElectronicGaming HoldingCompany</TE>
<TE ALIGN="CENTER" VALIGN="MIDDLE" ACODE="SPC_ID2" WIDTH="93" HEIGHT="69">558600D69SE2JQKB4R79</TE>
<TE ALIGN="RIGHT" VALIGN="MIDDLE" ACODE="ATK_CNT" WIDTH="77" HEIGHT="69">-</TE>
<TE ALIGN="RIGHT" VALIGN="MIDDLE" ACODE="REP_CNT" WIDTH="54" HEIGHT="69">-</TE>
<TE ALIGN="RIGHT" VALIGN="MIDDLE" ACODE="CHN_CNT" WIDTH="59" HEIGHT="69">-</TE>
<TE ALIGN="RIGHT" VALIGN="MIDDLE" ACODE="ACC_CNT" WIDTH="68" HEIGHT="69">-</TE>
<TE ALIGN="RIGHT" VALIGN="MIDDLE" ACODE="CB_CNT" WIDTH="49" HEIGHT="69">-</TE>
<TE ALIGN="RIGHT" VALIGN="MIDDLE" ACODE="LN_CNT" WIDTH="64" HEIGHT="69">-</TE>
<TE ALIGN="RIGHT" VALIGN="MIDDLE" ACODE="EB_CNT" WIDTH="50" HEIGHT="69">-</TE>
<TE ALIGN="RIGHT" VALIGN="MIDDLE" ACODE="CF_CNT" WIDTH="37" HEIGHT="69">-</TE>
<TE ALIGN="RIGHT" VALIGN="MIDDLE" ACODE="ET_CNT" WIDTH="29" HEIGHT="69">-</TE>
<TE ALIGN="RIGHT" VALIGN="MIDDLE" ACODE="STK_CNT" WIDTH="67" HEIGHT="69">-</TE>
<TE ALIGN="RIGHT" VALIGN="MIDDLE" ACODE="STK_RT" WIDTH="42" HEIGHT="69">-</TE>
</TR>

<TR ACOPY="N" ADELETE="N" HEIGHT="76">
<TD ROWSPAN="2" ALIGN="CENTER" VALIGN="MIDDLE" AUPDATECONT="N" ENG="Specially related parties" WIDTH="46" HEIGHT="99">특별관계자</TD>
<TE ALIGN="CENTER" VALIGN="MIDDLE" ACODE="SPC_NM" WIDTH="114" HEIGHT="69">The Saudi FourthInvestmentCompany</TE>
<TE ALIGN="CENTER" VALIGN="MIDDLE" ACODE="SPC_ID2" WIDTH="93" HEIGHT="69">1010638133</TE>
<TE ALIGN="RIGHT" VALIGN="MIDDLE" ACODE="ATK_CNT" WIDTH="77" HEIGHT="69">2,032,411</TE>
<TE ALIGN="RIGHT" VALIGN="MIDDLE" ACODE="REP_CNT" WIDTH="54" HEIGHT="69">-</TE>
<TE ALIGN="RIGHT" VALIGN="MIDDLE" ACODE="CHN_CNT" WIDTH="59" HEIGHT="69">-</TE>
<TE ALIGN="RIGHT" VALIGN="MIDDLE" ACODE="ACC_CNT" WIDTH="68" HEIGHT="69">-</TE>
<TE ALIGN="RIGHT" VALIGN="MIDDLE" ACODE="CB_CNT" WIDTH="49" HEIGHT="69">-</TE>
<TE ALIGN="RIGHT" VALIGN="MIDDLE" ACODE="LN_CNT" WIDTH="64" HEIGHT="69">-</TE>
<TE ALIGN="RIGHT" VALIGN="MIDDLE" ACODE="EB_CNT" WIDTH="50" HEIGHT="69">-</TE>
<TE ALIGN="RIGHT" VALIGN="MIDDLE" ACODE="CF_CNT" WIDTH="37" HEIGHT="69">-</TE>
<TE ALIGN="RIGHT" VALIGN="MIDDLE" ACODE="ET_CNT" WIDTH="29" HEIGHT="69">-</TE>
<TE ALIGN="RIGHT" VALIGN="MIDDLE" ACODE="STK_CNT" WIDTH="67" HEIGHT="69">2,032,411</TE>
<TE ALIGN="RIGHT" VALIGN="MIDDLE" ACODE="STK_RT" WIDTH="42" HEIGHT="69">9.43</TE>
</TR>

<TR ACOPY="Y" ADELETE="N" HEIGHT="30">
<TE ALIGN="CENTER" VALIGN="MIDDLE" ACODE="SPC_NM" WIDTH="114" HEIGHT="23">-</TE>
<TE ALIGN="CENTER" VALIGN="MIDDLE" ACODE="SPC_ID2" WIDTH="93" HEIGHT="23">-</TE>
<TE ALIGN="RIGHT" VALIGN="MIDDLE" ACODE="ATK_CNT" WIDTH="77" HEIGHT="23">-</TE>
<TE ALIGN="RIGHT" VALIGN="MIDDLE" ACODE="REP_CNT" WIDTH="54" HEIGHT="23">-</TE>
<TE ALIGN="RIGHT" VALIGN="MIDDLE" ACODE="CHN_CNT" WIDTH="59" HEIGHT="23">-</TE>
<TE ALIGN="RIGHT" VALIGN="MIDDLE" ACODE="ACC_CNT" WIDTH="68" HEIGHT="23">-</TE>
<TE ALIGN="RIGHT" VALIGN="MIDDLE" ACODE="CB_CNT" WIDTH="49" HEIGHT="23">-</TE>
<TE ALIGN="RIGHT" VALIGN="MIDDLE" ACODE="LN_CNT" WIDTH="64" HEIGHT="23">-</TE>
<TE ALIGN="RIGHT" VALIGN="MIDDLE" ACODE="EB_CNT" WIDTH="50" HEIGHT="23">-</TE>
<TE ALIGN="RIGHT" VALIGN="MIDDLE" ACODE="CF_CNT" WIDTH="37" HEIGHT="23">-</TE>
<TE ALIGN="RIGHT" VALIGN="MIDDLE" ACODE="ET_CNT" WIDTH="29" HEIGHT="23">-</TE>
<TE ALIGN="RIGHT" VALIGN="MIDDLE" ACODE="STK_CNT" WIDTH="67" HEIGHT="23">-</TE>
<TE ALIGN="RIGHT" VALIGN="MIDDLE" ACODE="STK_RT" WIDTH="42" HEIGHT="23">-</TE>
</TR>
</TBODY>
</TABLE>
</TABLE-GROUP>
<P></P>
</SECTION-3>
</SECTION-2>

<SECTION-2 ACLASS="MANDATORY">
<TITLE ATOC="Y" AASSOCNOTE="D-3-2-0-0" ENG="2. Details of changes" ATOCID="16">2. 세부변동내역</TITLE>

<SECTION-3 ACLASS="MANDATORY">
<TITLE ATOC="Y" ENG="A. Details of changes in stocks, etc." ATOCID="17">가. 주식등의 세부변동내역</TITLE>

<TABLE-GROUP ACLASS="HLD_MTH" ADELETETABLE="N">

<TABLE ACLASS="EXTRACTION" AFIXTABLE="Y" WIDTH="944" BORDER="0">

<COLGROUP WIDTH="944">
<COL WIDTH="944"></COL>
</COLGROUP>

<TBODY>

<TR ACOPY="N" ADELETE="N" HEIGHT="30">
<TD ALIGN="RIGHT" VALIGN="BOTTOM" WIDTH="935" HEIGHT="23" AUPDATECONT="N" ENG="(Unit: shares, KRW)">(단위 : 주, 원)</TD>
</TR>
</TBODY>
</TABLE>

<TABLE ACLASS="EXTRACTION" AFIXTABLE="N" WIDTH="944" BORDER="1">

<COLGROUP WIDTH="944">
<COL WIDTH="124"></COL>
<COL WIDTH="135"></COL>
<COL WIDTH="90"></COL>
<COL WIDTH="91"></COL>
<COL WIDTH="73"></COL>
<COL WIDTH="81"></COL>
<COL WIDTH="81"></COL>
<COL WIDTH="76"></COL>
<COL WIDTH="52"></COL>
<COL WIDTH="50"></COL>
<COL WIDTH="91"></COL>
</COLGROUP>

<THEAD>

<TR ACOPY="N" ADELETE="N" HEIGHT="30">
<TH ROWSPAN="2" VALIGN="MIDDLE" WIDTH="115" HEIGHT="53" ACOPYCOL="N" ADELETECOL="N" AMOVECOL="N" AUPDATECONT="N" ENG="Name (Title)">성명(명칭)</TH>
<TH ROWSPAN="2" VALIGN="MIDDLE" WIDTH="126" HEIGHT="53" ACOPYCOL="N" ADELETECOL="N" AMOVECOL="N" AUPDATECONT="N" ENG="Date of birth or business registration No., etc.">생년월일 또는사업자등록번호 등</TH>
<TH ROWSPAN="2" VALIGN="MIDDLE" WIDTH="81" HEIGHT="53" ACOPYCOL="N" ADELETECOL="N" AMOVECOL="N" AUPDATECONT="N" ENG="Date of change*">변동일*</TH>
<TH ROWSPAN="2" VALIGN="MIDDLE" WIDTH="82" HEIGHT="53" ACOPYCOL="N" ADELETECOL="N" AMOVECOL="N" AUPDATECONT="N" ENG="Acquisition/disposal method">취득/처분방법</TH>
<TH ROWSPAN="2" VALIGN="MIDDLE" WIDTH="64" HEIGHT="53" ACOPYCOL="N" ADELETECOL="N" AMOVECOL="N" AUPDATECONT="N" ENG="Type of shares, etc.">주식등의종류</TH>
<TH COLSPAN="3" VALIGN="MIDDLE" WIDTH="229" HEIGHT="23" ACOPYCOL="N" ADELETECOL="N" AMOVECOL="N" AUPDATECONT="N" ENG="Details of change">변동 내역</TH>
<TH ROWSPAN="2" VALIGN="MIDDLE" WIDTH="93" HEIGHT="53" ACOPYCOL="N" ADELETECOL="N" AMOVECOL="N" AUPDATECONT="N" COLSPAN="2" ENG="Acquisition/Disposal unit price**">취득/처분단가**</TH>
<TH ROWSPAN="2" VALIGN="MIDDLE" WIDTH="82" HEIGHT="53" ACOPYCOL="N" ADELETECOL="N" AMOVECOL="N" AUPDATECONT="N" ENG="Note">비 고</TH>
</TR>

<TR ACOPY="N" ADELETE="N" HEIGHT="30">
<TH VALIGN="MIDDLE" WIDTH="72" HEIGHT="23" ACOPYCOL="N" ADELETECOL="N" AMOVECOL="N" AUPDATECONT="N" ENG="Before change">변동전</TH>
<TH VALIGN="MIDDLE" WIDTH="72" HEIGHT="23" ACOPYCOL="N" ADELETECOL="N" AMOVECOL="N" AUPDATECONT="N" ENG="Increase or decrease">증감</TH>
<TH VALIGN="MIDDLE" WIDTH="67" HEIGHT="23" ACOPYCOL="N" ADELETECOL="N" AMOVECOL="N" AUPDATECONT="N" ENG="After change">변동후</TH>
</TR>
</THEAD>

<TBODY>

<TR ACOPY="Y" ADELETE="N" HEIGHT="76">
<TE ALIGN="CENTER" WIDTH="115" HEIGHT="69" ACODE="SPC_NM" VALIGN="MIDDLE">The Saudi FourthInvestmentCompany</TE>
<TE ALIGN="CENTER" WIDTH="126" HEIGHT="69" ACODE="SPC_ID2" VALIGN="MIDDLE">1010638133</TE>
<TU ALIGN="CENTER" WIDTH="81" HEIGHT="69" AUNIT="MDF_DT" VALIGN="MIDDLE" AUNITVALUE="20251229">2025.12.29</TU>
<TU ALIGN="CENTER" WIDTH="82" HEIGHT="69" AUNIT="HLD_MTH" VALIGN="MIDDLE" AUNITVALUE="33" ENG="New report(+)">신규보고(+)</TU>
<TU ALIGN="CENTER" WIDTH="64" HEIGHT="69" AUNIT="STK_KND" VALIGN="MIDDLE" AUNITVALUE="11" ENG="Voting share">의결권있는 주식</TU>
<TE ALIGN="RIGHT" WIDTH="72" HEIGHT="69" ACODE="BFR_MDF_CNT" VALIGN="MIDDLE">-</TE>
<TE ALIGN="RIGHT" WIDTH="72" HEIGHT="69" ACODE="MDF_SDK_CNT" VALIGN="MIDDLE">2,032,411</TE>
<TE ALIGN="RIGHT" WIDTH="67" HEIGHT="69" ACODE="AFR_MDF_CNT" VALIGN="MIDDLE">2,032,411</TE>
<TE ALIGN="RIGHT" WIDTH="43" HEIGHT="69" ACODE="HLD_UNT_PRJ" VALIGN="MIDDLE">-</TE>
<TE ALIGN="RIGHT" WIDTH="41" HEIGHT="69" ACODE="HLD_UNT_PRG" VALIGN="MIDDLE">(-)</TE>
<TE WIDTH="82" HEIGHT="69" ACODE="RMK" VALIGN="MIDDLE" ALIGN="CENTER">대표보고자변동/주)</TE>
</TR>
</TBODY>
</TABLE>
</TABLE-GROUP>

<TABLE WIDTH="945" BORDER="0" ACLASS="NORMAL">

<COLGROUP WIDTH="945">
<COL WIDTH="36"></COL>
<COL WIDTH="909"></COL>
</COLGROUP>

<TBODY>

<TR ACOPY="Y" ADELETE="Y" HEIGHT="53">
<TD WIDTH="27" HEIGHT="46">주)</TD>
<TD WIDTH="900" HEIGHT="46">상기 보고자 및 특별관계자의 기존 주식등의 보유내역은 Public Investment Fund 가 대표보고자로 제출한 주식등의 대량보유상황보고서를 참고하시기 바랍니다.</TD>
</TR>
</TBODY>
</TABLE>
<P>※ 자본시장과 금융투자업에 관한 법률 시행령 제154조제4항 및 제5항제2호부터 제3호까지의 규정에 따라 국가, 지방자치단체, 한국은행 및 주식등의 보유목적이 발행인의 경영권에 영향을 미치기 위한 것이 아닌 보고특례 적용 전문투자자(증권의 발행 및 공시에 관한 규정 제3-14조)의 경우에는 각 보고의무발생일(「변동일」란에 기재)별로 변동내역을 일괄하여 기재하며 「취득/처분방법」, 「취득/처분단가」란은 그 기재를 생략할 수 있다.</P>
<P>*   증권시장에서 주식등을 매매한 경우에는 그 계약체결일</P>
<P>** 주식 외의 증권의 경우 해당 증권의 행사(전환ㆍ교환)가액 또는 해당 증권의 권리행사로 취득ㆍ처분하는 주식의 매매단가를 의미하며, (   )의 금액은 해당 증권의 매매단가를 의미</P>
<PGBRK></PGBRK>
</SECTION-3>
</SECTION-2>
</SECTION-1>

</LIBRARY></BODY></DOCUMENT>