<html>
 <head> 
  <meta content="gdi" http-equiv="X-UA-TextLayoutMetrics"> 
  <meta content="text/html; charset=euc-kr" http-equiv="Content-Type"> 
  <STYLE>
.xforms * { font-family: 돋움체;}
.xforms_title * { font-size: 13pt; padding : 0 0 10 0;}

.xforms table {
    font-size: 10px;
    padding:0px;
    border-collapse:collapse;
    color: #3D3D3D;
}
.xforms td {
    padding-left:0px;
    padding-top:0px;
    border-collapse:collapse;
    line-height:22px;
    color: #3D3D3D;
    /*text-align:right;*/
    vertical-align:middle;
    border: 1px solid #7f7f7f;
}

.xforms span {
    /*display: inline-block;*/
    padding-left:3px;
    padding-right: 1px;
    line-height:22px;
    padding-top:0px;
    padding-bottom:0px;
    text-align:left;
    vertical-align:middle;
    border: 0px solid #DBDBDB;
}

.xforms.img{
    border : 0px;
}

.xforms a:link {

    color: #194866;
    text-decoration: none;
}
.xforms a:active {

    color: #194866;
    text-decoration: none;
}
.xforms a:visited {
    color: #194866;
    text-decoration: none;
}

.xforms A:hover {
    color:008BE3;
    text-decoration: none;
}

.xforms_input{
    border: 0px solid #DBDBDB;
    padding-left:3px;
    padding-right: 1px;
    height:22px;
    padding-top:0px;
    padding-bottom:0px;
    text-align:left;
}
</STYLE> 
  <title>한세실업/불성실공시법인지정예고/(2026.01.05)불성실공시법인지정예고</title> 
 </head> 
 <body> 
  <div class="xforms"> 
   <div> 
    <span class="noprint" style="display:none;width:600px;font-size:10pt;"> </span> 
    <div class="xforms_title"> 
     <div> 
      <span style="width:598px;font-weight:bold;text-align:center;">불성실공시법인 지정예고</span> 
     </div> 
    </div> 
    <table border="1" bordercolordark="white" bordercolorlight="#666666" cellpadding="1" cellspacing="0" id="XFormD1_Form0_Table1" style="margin:0px 0px 20px 0px;width:593px;font-size:10pt;border:1px solid #666666;"> 
     <tbody> 
      <tr> 
       <td width="188"> <span style="width:188px;font-size:10pt;">1. 회사명</span> </td> 
       <td colspan="2" width="405"> <span class="xforms_input" style="width:405px;font-size:10pt;">한세실업(주)</span> </td> 
      </tr> 
      <tr> 
       <td width="188"> <span style="width:188px;font-size:10pt;">2. 불성실공시 유형</span> </td> 
       <td colspan="2" width="405"> <span class="xforms_input" style="width:405px;font-size:10pt;">공시불이행</span> </td> 
      </tr> 
      <tr> 
       <td width="188"> <span style="width:188px;font-size:10pt;">3. 불성실공시 내용</span> </td> 
       <td colspan="2" width="405"> <span class="xforms_input" style="width:405px;font-size:10pt;">- 타인에 대한 채무보증 결정('25.02.10) 이후 정정사실 발생에 대한 지연공시('25.12.30) <br xmlns:java="http://xml.apache.org/xalan/java">- 타인에 대한 채무보증 결정('25.02.10) 이후 정정사실 발생에 대한 지연공시('25.12.30)</span> </td> 
      </tr> 
      <tr> 
       <td width="188"> <span style="width:188px;font-size:10pt;">4. 예고일자</span> </td> 
       <td colspan="2" width="405"> <span class="xforms_input" style="width:405px;font-size:10pt;">2026-01-05</span> </td> 
      </tr> 
      <tr> 
       <td width="188"> <span style="width:188px;font-size:10pt;">5. 최근 1년간 부과누계벌점</span> </td> 
       <td colspan="2" width="405"> <span class="xforms_input" style="width:405px;font-size:10pt;text-align:right;">0</span> </td> 
      </tr> 
      <tr> 
       <td width="188"> <span style="width:188px;font-size:10pt;">6. 근거</span> </td> 
       <td colspan="2" width="405"> <span style="width:405px;font-size:10pt;">유가증권시장 공시규정 제33조</span> </td> 
      </tr> 
      <tr> 
       <td width="188"> <span style="width:188px;font-size:10pt;">7. 공시위반관리종목 여부</span> </td> 
       <td colspan="2" width="405"> <span class="xforms_input" style="width:405px;font-size:10pt;">미해당</span> </td> 
      </tr> 
      <tr> 
       <td rowspan="2" width="188"> <span style="width:188px;font-size:10pt;">8. 기타 투자판단과 관련한 중요사항</span> </td> 
       <td colspan="2" width="405"> <span class="xforms_input" style="width:405px;font-size:10pt;">- 유가증권시장 공시규정 제34조에 의거 당해 법인은 상기 예고 내용에 대하여 이의를 신청('26.01.14限)할 수 있고, <br xmlns:java="http://xml.apache.org/xalan/java"> <br xmlns:java="http://xml.apache.org/xalan/java">- 유가증권시장 상장공시위원회의 심의를 거쳐 불성실공시법인지정 여부, 부과벌점 및 공시위반제재금의 부과 여부가 결정됨(다만, ①이의신청이 없고, ②위반의 동기가 고의·중과실이 아니고, ③위반의 중요성이 중대한 위반이 아니며, ④과거 1년간 공시의무 위반사실이 없는 경우에는 상장공시위원회 심의를 생략할 수 있음) <br xmlns:java="http://xml.apache.org/xalan/java"> <br xmlns:java="http://xml.apache.org/xalan/java">- 추후 불성실공시법인 지정 여부 등 그 구체적인 결과가 확정되는 대로 재공시하겠음 <br xmlns:java="http://xml.apache.org/xalan/java"> <br xmlns:java="http://xml.apache.org/xalan/java">* 부과벌점이 10점 이상이 되는 경우에는 지정일 당일 1일간 매매거래정지됨</span> </td> 
      </tr> 
      <tr> 
       <td width="77"> <span style="width:77px;font-size:10pt;">※관련공시</span> </td> 
       <td width="328"> <span style="width:328px;font-size:10pt;"> <a href="http://kind.krx.co.kr/common/disclsviewer.do?method=search&amp;acptno=20250210001366&amp;rcpno=20250210001366&amp;orgid=G&amp;tran=Y" target="_blank" xmlns="http://www.w3.org/1999/xhtml" xmlns:xf="http://www.w3.org/2002/xforms" xmlns:xh="http://www.w3.org/1999/xhtml" xmlns:xsd="http://www.w3.org/2001/XMLSchema">2025-02-10 타인에대한채무보증결정</a> <br xmlns:java="http://xml.apache.org/xalan/java"> <a href="http://kind.krx.co.kr/common/disclsviewer.do?method=search&amp;acptno=20250210001377&amp;rcpno=20250210001377&amp;orgid=G&amp;tran=Y" target="_blank" xmlns="http://www.w3.org/1999/xhtml" xmlns:xf="http://www.w3.org/2002/xforms" xmlns:xh="http://www.w3.org/1999/xhtml" xmlns:xsd="http://www.w3.org/2001/XMLSchema">2025-02-10 타인에대한채무보증결정</a> <br xmlns:java="http://xml.apache.org/xalan/java"> </span> </td> 
      </tr> 
     </tbody> 
    </table> 
   </div> 
  </div>  
 </body>
</html>