<html>
 <head> 
  <meta content="gdi" http-equiv="X-UA-TextLayoutMetrics"> 
  <meta content="text/html; charset=euc-kr" http-equiv="Content-Type"> 
  <STYLE>
.xforms * { font-family: 돋움체;}
.xforms_title * { font-size: 13pt; padding : 0 0 10 0;}

.xforms table {
    font-size: 10px;
    padding:0px;
    border-collapse:collapse;
    color: #3D3D3D;
}
.xforms td {
    padding-left:0px;
    padding-top:0px;
    border-collapse:collapse;
    line-height:22px;
    color: #3D3D3D;
    /*text-align:right;*/
    vertical-align:middle;
    border: 1px solid #7f7f7f;
}

.xforms span {
    /*display: inline-block;*/
    padding-left:3px;
    padding-right: 1px;
    line-height:22px;
    padding-top:0px;
    padding-bottom:0px;
    text-align:left;
    vertical-align:middle;
    border: 0px solid #DBDBDB;
}

.xforms.img{
    border : 0px;
}

.xforms a:link {

    color: #194866;
    text-decoration: none;
}
.xforms a:active {

    color: #194866;
    text-decoration: none;
}
.xforms a:visited {
    color: #194866;
    text-decoration: none;
}

.xforms A:hover {
    color:008BE3;
    text-decoration: none;
}

.xforms_input{
    border: 0px solid #DBDBDB;
    padding-left:3px;
    padding-right: 1px;
    height:22px;
    padding-top:0px;
    padding-bottom:0px;
    text-align:left;
}
</STYLE> 
  <title>성호전자/유상증자결정(종속회사의 주요경영사항)/(2026.01.05)유상증자결정(종속회사의 주요경영사항)</title> 
 </head> 
 <body> 
  <div class="xforms"> 
   <div> 
    <span class="noprint" style="display:none;width:600px;font-size:10pt;"> </span> 
    <div class="xforms_title"> 
     <div> 
      <span style="width:600px;font-weight:bold;text-align:center;">유상증자결정(종속회사의 주요경영사항)</span> 
     </div> 
    </div> 
    <table border="1" bordercolordark="white" bordercolorlight="#666666" cellpadding="1" cellspacing="0" id="XFormD3_Form0_Table0" style="margin:0px 0px 20px 0px;width:600px;font-size:10pt;border:1px solid #7f7f7f;"> 
     <tbody> 
      <tr> 
       <td width="136"> <span style="width:136px;font-size:10pt;">종속회사인</span> </td> 
       <td width="264"> <span class="xforms_input" style="width:264px;font-size:10pt;">어매이징홀딩스 주식회사</span> </td> 
       <td width="200"> <span style="width:200px;font-size:10pt;">의 주요경영사항 신고</span> </td> 
      </tr> 
     </tbody> 
    </table> 
    <table border="1" bordercolordark="white" bordercolorlight="#666666" cellpadding="1" cellspacing="0" id="XFormD3_Form0_Table3" style="margin:0px 0px 20px 0px;width:600px;font-size:10pt;border:1px solid #7f7f7f;"> 
     <tbody> 
      <tr> 
       <td rowspan="2" width="144"> <span style="width:144px;font-size:10pt;">1. 신주의 종류와 수</span> </td> 
       <td width="144"> <span style="width:144px;font-size:10pt;text-align:center;">보통주식(주)</span> </td> 
       <td width="312"> <span class="xforms_input" style="width:312px;font-size:10pt;text-align:right;">349,990</span> </td> 
      </tr> 
      <tr> 
       <td width="144"> <span style="width:144px;font-size:10pt;text-align:center;">종류주식(주)</span> </td> 
       <td width="312"> <span class="xforms_input" style="width:312px;font-size:10pt;text-align:right;">-</span> </td> 
      </tr> 
      <tr> 
       <td colspan="2" width="288"> <span style="width:288px;font-size:10pt;">2. 1주당 액면가액(원)</span> </td> 
       <td width="312"> <span class="xforms_input" style="width:312px;font-size:10pt;text-align:right;">5,000</span> </td> 
      </tr> 
      <tr> 
       <td rowspan="2" width="144"> <span style="width:144px;font-size:10pt;">3. 증자전 발행주식총수(주)</span> </td> 
       <td width="144"> <span style="width:144px;font-size:10pt;text-align:center;">보통주식(주)</span> </td> 
       <td width="312"> <span class="xforms_input" style="width:312px;font-size:10pt;text-align:right;">10</span> </td> 
      </tr> 
      <tr> 
       <td width="144"> <span style="width:144px;font-size:10pt;text-align:center;">종류주식(주)</span> </td> 
       <td width="312"> <span class="xforms_input" style="width:312px;font-size:10pt;text-align:right;">-</span> </td> 
      </tr> 
      <tr> 
       <td rowspan="6" width="144"> <span style="width:144px;font-size:10pt;">4. 자금조달의 목적</span> </td> 
       <td width="144"> <span style="width:144px;font-size:10pt;text-align:center;">시설자금(원)</span> </td> 
       <td width="312"> <span class="xforms_input" style="width:312px;font-size:10pt;text-align:right;">-</span> </td> 
      </tr> 
      <tr> 
       <td width="144"> <span style="width:144px;font-size:10pt;text-align:center;">영업양수자금(원)</span> </td> 
       <td width="312"> <span class="xforms_input" style="width:312px;font-size:10pt;text-align:right;">-</span> </td> 
      </tr> 
      <tr> 
       <td width="144"> <span style="width:144px;font-size:10pt;text-align:center;">운영자금(원)</span> </td> 
       <td width="312"> <span class="xforms_input" style="width:312px;font-size:10pt;text-align:right;">-</span> </td> 
      </tr> 
      <tr> 
       <td width="144"> <span style="width:144px;font-size:10pt;text-align:center;">채무상환자금(원)</span> </td> 
       <td width="312"> <span class="xforms_input" style="width:312px;font-size:10pt;text-align:right;">-</span> </td> 
      </tr> 
      <tr> 
       <td width="144"> <span style="width:144px;font-size:10pt;text-align:center;">타법인 증권 취득자금(원)</span> </td> 
       <td width="312"> <span class="xforms_input" style="width:312px;font-size:10pt;text-align:right;">69,998,000,000</span> </td> 
      </tr> 
      <tr> 
       <td width="144"> <span style="width:144px;font-size:10pt;text-align:center;">기타자금(원)</span> </td> 
       <td width="312"> <span class="xforms_input" style="width:312px;font-size:10pt;text-align:right;">-</span> </td> 
      </tr> 
      <tr> 
       <td colspan="2" width="288"> <span style="width:288px;font-size:10pt;">5. 증자방식</span> </td> 
       <td width="312"> <span class="xforms_input" style="width:312px;font-size:10pt;">주주배정증자</span> </td> 
      </tr> 
     </tbody> 
    </table> 
    <div id="LIB_L7051" style="width:600px;font-size:10pt;;padding:0 0 20 0"> 
     <div> 
      <div> 
       <span style="width:600px;font-size:11pt;font-weight:bold;">[주주배정증자의 경우]</span> 
       <table border="1" bordercolordark="white" bordercolorlight="#666666" cellpadding="1" cellspacing="0" id="XFormG1_Form0_Table0" style="margin:0px 0px 20px 0px;width:585px;font-size:10pt;border:1px solid #7f7f7f;"> 
        <tbody> 
         <tr> 
          <td rowspan="4" width="151"> <span style="width:151px;font-size:10pt;">6. 신주 발행가액</span> </td> 
          <td rowspan="2" width="90"> <span style="width:90px;font-size:10pt;text-align:center;">확정발행가</span> </td> 
          <td width="96"> <span style="width:96px;font-size:10pt;text-align:center;">보통주식(원)</span> </td> 
          <td colspan="3" width="248"> <span class="xforms_input" style="width:248px;font-size:10pt;text-align:right;">200,000</span> </td> 
         </tr> 
         <tr> 
          <td width="96"> <span style="width:96px;font-size:10pt;text-align:center;">종류주식(원)</span> </td> 
          <td colspan="3" width="248"> <span class="xforms_input" style="width:248px;font-size:10pt;text-align:right;">-</span> </td> 
         </tr> 
         <tr> 
          <td rowspan="2" width="90"> <span style="width:90px;font-size:10pt;text-align:center;">예정발행가</span> </td> 
          <td width="96"> <span style="width:96px;font-size:10pt;text-align:center;">보통주식(원)</span> </td> 
          <td width="82"> <span class="xforms_input" style="width:82px;font-size:10pt;text-align:right;">-</span> </td> 
          <td width="83"> <span style="width:83px;font-size:10pt;text-align:center;">확정 예정일</span> </td> 
          <td width="83"> <span class="xforms_input" style="width:83px;font-size:10pt;">-</span> </td> 
         </tr> 
         <tr> 
          <td width="96"> <span style="width:96px;font-size:10pt;text-align:center;">종류주식(원)</span> </td> 
          <td width="82"> <span class="xforms_input" style="width:82px;font-size:10pt;text-align:right;">-</span> </td> 
          <td width="83"> <span style="width:83px;font-size:10pt;text-align:center;">확정 예정일</span> </td> 
          <td width="83"> <span class="xforms_input" style="width:83px;font-size:10pt;">-</span> </td> 
         </tr> 
         <tr> 
          <td colspan="3" width="337"> <span style="width:337px;font-size:10pt;">7. 발행가 산정방법</span> </td> 
          <td colspan="3" width="248"> <span class="xforms_input" style="width:248px;font-size:10pt;">주주총회 결의</span> </td> 
         </tr> 
         <tr> 
          <td colspan="3" width="337"> <span style="width:337px;font-size:10pt;">8. 신주배정기준일</span> </td> 
          <td colspan="3" width="248"> <span class="xforms_input" style="width:248px;font-size:10pt;">2026-01-07</span> </td> 
         </tr> 
         <tr> 
          <td colspan="3" width="337"> <span style="width:337px;font-size:10pt;">9. 1주당 신주배정주식수(주)</span> </td> 
          <td colspan="3" width="248"> <span class="xforms_input" style="width:248px;font-size:10pt;text-align:right;">34,999</span> </td> 
         </tr> 
         <tr> 
          <td colspan="3" width="337"> <span style="width:337px;font-size:10pt;">10. 우리사주조합원 우선배정비율(%)</span> </td> 
          <td colspan="3" width="248"> <span class="xforms_input" style="width:248px;font-size:10pt;text-align:right;">-</span> </td> 
         </tr> 
         <tr> 
          <td rowspan="4" width="151"> <span style="width:151px;font-size:10pt;">11. 청약예정일</span> </td> 
          <td rowspan="2" width="90"> <span style="width:90px;font-size:10pt;text-align:center;">우리사주조합</span> </td> 
          <td width="96"> <span style="width:96px;font-size:10pt;text-align:center;">시작일</span> </td> 
          <td colspan="3" width="248"> <span class="xforms_input" style="width:248px;font-size:10pt;">-</span> </td> 
         </tr> 
         <tr> 
          <td width="96"> <span style="width:96px;font-size:10pt;text-align:center;">종료일</span> </td> 
          <td colspan="3" width="248"> <span class="xforms_input" style="width:248px;font-size:10pt;">-</span> </td> 
         </tr> 
         <tr> 
          <td rowspan="2" width="90"> <span style="width:90px;font-size:10pt;text-align:center;">구주주</span> </td> 
          <td width="96"> <span style="width:96px;font-size:10pt;text-align:center;">시작일</span> </td> 
          <td colspan="3" width="248"> <span class="xforms_input" style="width:248px;font-size:10pt;">2026-01-07</span> </td> 
         </tr> 
         <tr> 
          <td width="96"> <span style="width:96px;font-size:10pt;text-align:center;">종료일</span> </td> 
          <td colspan="3" width="248"> <span class="xforms_input" style="width:248px;font-size:10pt;">2026-01-07</span> </td> 
         </tr> 
         <tr> 
          <td colspan="3" width="337"> <span style="width:337px;font-size:10pt;">12. 납입일</span> </td> 
          <td colspan="3" width="248"> <span class="xforms_input" style="width:248px;font-size:10pt;">2026-01-07</span> </td> 
         </tr> 
         <tr> 
          <td colspan="3" width="337"> <span style="width:337px;font-size:10pt;">13. 실권주 처리계획</span> </td> 
          <td colspan="3" width="248"> <span class="xforms_input" style="width:248px;font-size:10pt;">-</span> </td> 
         </tr> 
         <tr> 
          <td colspan="3" width="337"> <span style="width:337px;font-size:10pt;">14. 신주의 배당기산일</span> </td> 
          <td colspan="3" width="248"> <span class="xforms_input" style="width:248px;font-size:10pt;">2025-12-31</span> </td> 
         </tr> 
         <tr> 
          <td colspan="3" width="337"> <span style="width:337px;font-size:10pt;">15. 신주권교부예정일</span> </td> 
          <td colspan="3" width="248"> <span class="xforms_input" style="width:248px;font-size:10pt;">-</span> </td> 
         </tr> 
         <tr> 
          <td colspan="3" width="337"> <span style="width:337px;font-size:10pt;">16. 대표주관회사(직접공모가 아닌 경우)</span> </td> 
          <td colspan="3" width="248"> <span class="xforms_input" style="width:248px;font-size:10pt;">-</span> </td> 
         </tr> 
         <tr> 
          <td colspan="3" width="337"> <span style="width:337px;font-size:10pt;">17. 신주인수권양도여부</span> </td> 
          <td colspan="3" width="248"> <span class="xforms_input" style="width:248px;font-size:10pt;">미해당</span> </td> 
         </tr> 
         <tr> 
          <td colspan="3" width="337"> <span style="width:337px;font-size:10pt;">18. 이사회결의일(결정일)</span> </td> 
          <td colspan="3" width="248"> <span class="xforms_input" style="width:248px;font-size:10pt;">2026-01-05</span> </td> 
         </tr> 
         <tr> 
          <td rowspan="2" width="151"> <span style="width:151px;font-size:10pt;"> - 사외이사 참석여부</span> </td> 
          <td colspan="2" width="186"> <span style="width:186px;font-size:10pt;text-align:center;">참석(명)</span> </td> 
          <td colspan="3" width="248"> <span class="xforms_input" style="width:248px;font-size:10pt;text-align:right;">-</span> </td> 
         </tr> 
         <tr> 
          <td colspan="2" width="186"> <span style="width:186px;font-size:10pt;text-align:center;">불참(명)</span> </td> 
          <td colspan="3" width="248"> <span class="xforms_input" style="width:248px;font-size:10pt;text-align:right;">-</span> </td> 
         </tr> 
         <tr> 
          <td colspan="3" width="337"> <span style="width:337px;font-size:10pt;"> - 감사(사외이사가 아닌 감사위원)참석 여부</span> </td> 
          <td colspan="3" width="248"> <span class="xforms_input" style="width:248px;font-size:10pt;">-</span> </td> 
         </tr> 
         <tr> 
          <td colspan="3" width="337"> <span style="width:337px;font-size:10pt;">19. 증권신고서 제출대상 여부</span> </td> 
          <td colspan="3" width="248"> <span class="xforms_input" style="width:248px;font-size:10pt;">아니오</span> </td> 
         </tr> 
         <tr> 
          <td colspan="3" width="337"> <span style="width:337px;font-size:10pt;">20. 제출을 면제받은 경우 그 사유</span> </td> 
          <td colspan="3" width="248"> <span class="xforms_input" style="width:248px;font-size:10pt;">해당 종속회사는 비상장법인이며, 모집에 해당하지 않습니다.</span> </td> 
         </tr> 
         <tr> 
          <td colspan="3" width="337"> <span style="width:337px;font-size:10pt;">21. 공정거래위원회 신고대상 여부</span> </td> 
          <td colspan="3" width="248"> <span class="xforms_input" style="width:248px;font-size:10pt;">아니오</span> </td> 
         </tr> 
         <tr> 
          <td colspan="3" rowspan="2" width="337"> <span style="width:337px;font-size:10pt;">22. 기타 투자판단에 참고할 사항</span> </td> 
          <td colspan="3" width="248"> <span class="xforms_input" style="width:248px;font-size:10pt;">1. 본공시는 성호전자㈜가 100% 지분을 보유하고 있는 종속회사 어매이징홀딩스㈜의 유상증자 결의에 관한 사항입니다. <br java="http://xml.apache.org/xalan/java"> <br java="http://xml.apache.org/xalan/java">2. 상기 '18. 이사회결의일(결정일)'과 관련하여 어매이징홀딩스㈜는 동 결의일 기준 자본금 10억원 미만의 법인으로 1인 이사를 두고 있기 때문에 이사회가 존재하지 않습니다. 따라서 '사외이사 참석여부'와 '감사(사외이사가 아닌 감사위원) 참석 여부'는 기재를 생략하였고, 상법에 따라 주주총회 결의로 본 유상증자에 대한 이사회 결의를 대체한 바, 이사회결의일(결정일)은 주주총회 결의일을 의미합니다. <br java="http://xml.apache.org/xalan/java"> <br java="http://xml.apache.org/xalan/java">3. 아래 '종속회사에 관한 사항' 중 '종속회사의 자산총액'은 2025년에 신규 설립된 법인이므로 기재를 생략하였으며, '지배회사의 연결 자산총액'은 당사의 2024년 말 연결재무제표 기준입니다. <br java="http://xml.apache.org/xalan/java"> <br java="http://xml.apache.org/xalan/java">4. 본 건 관련 세부사항에 대한 결정 및 집행권한은 대표이사에게 위임합니다.</span> </td> 
         </tr> 
         <tr> 
          <td width="82"> <span style="width:82px;font-size:10pt;">※ 관련공시</span> </td> 
          <td colspan="2" width="166"> <span class="xforms_input" style="width:166px;font-size:10pt;">-</span> </td> 
         </tr> 
        </tbody> 
       </table> 
      </div> 
     </div> 
    </div> 
    <span class="noprint" style="display:none;width:600px;font-size:10pt;"> </span> 
    <span class="noprint" style="display:none;width:600px;font-size:10pt;"> </span> 
    <span class="noprint" style="display:none;width:600px;font-size:10pt;"> </span> 
    <span class="noprint" style="display:none;width:600px;font-size:10pt;"> </span> 
    <span class="noprint" style="display:none;width:600px;font-size:10pt;"> </span> 
    <span class="noprint" style="display:none;width:600px;font-size:10pt;"> </span> 
    <span class="noprint" style="display:none;width:600px;font-size:10pt;"> </span> 
    <span class="noprint" style="display:none;width:600px;font-size:10pt;"> </span> 
    <span style="width:600px;font-size:11pt;font-weight:bold;">[종속회사에 관한 사항]</span> 
    <table border="1" bordercolordark="white" bordercolorlight="#666666" cellpadding="1" cellspacing="0" id="XFormD3_Form0_Table1" style="margin:0px 0px 20px 0px;width:600px;font-size:10pt;border:1px solid #7f7f7f;"> 
     <tbody> 
      <tr> 
       <td width="237"> <span style="width:237px;font-size:10pt;">종속회사명</span> </td> 
       <td width="146"> <span class="xforms_input" style="width:146px;font-size:10pt;">어매이징홀딩스 주식회사</span> </td> 
       <td width="59"> <span style="width:59px;font-size:10pt;text-align:center;">영문</span> </td> 
       <td width="158"> <span class="xforms_input" style="width:158px;font-size:10pt;">Amazing Holdings Co., Ltd.</span> </td> 
      </tr> 
      <tr> 
       <td width="237"> <span style="width:237px;font-size:10pt;">
         <!--?javax.xml.transform.disable-output-escaping?--> 
         <!--?javax.xml.transform.enable-output-escaping?-->- 대표자</span> </td> 
       <td colspan="3" width="363"> <span class="xforms_input" style="width:363px;font-size:10pt;">박성재</span> </td> 
      </tr> 
      <tr> 
       <td width="237"> <span style="width:237px;font-size:10pt;">
         <!--?javax.xml.transform.disable-output-escaping?--> 
         <!--?javax.xml.transform.enable-output-escaping?-->- 주요사업</span> </td> 
       <td colspan="3" width="363"> <span class="xforms_input" style="width:363px;font-size:10pt;">지주사업, 반도체 관련 제조·개발업</span> </td> 
      </tr> 
      <tr> 
       <td width="237"> <span style="width:237px;font-size:10pt;">
         <!--?javax.xml.transform.disable-output-escaping?--> 
         <!--?javax.xml.transform.enable-output-escaping?-->- 주요종속회사 여부</span> </td> 
       <td colspan="3" width="363"> <span class="xforms_input" style="width:363px;font-size:10pt;">미해당</span> </td> 
      </tr> 
      <tr> 
       <td width="237"> <span style="width:237px;font-size:10pt;">종속회사의 자산총액(원)</span> </td> 
       <td colspan="3" width="363"> <span class="xforms_input" style="width:363px;font-size:10pt;text-align:right;">-</span> </td> 
      </tr> 
      <tr> 
       <td width="237"> <span style="width:237px;font-size:10pt;">지배회사의 연결 자산총액(원)</span> </td> 
       <td colspan="3" width="363"> <span class="xforms_input" style="width:363px;font-size:10pt;text-align:right;">367,331,808,054</span> </td> 
      </tr> 
      <tr> 
       <td width="237"> <span style="width:237px;font-size:10pt;">지배회사의 연결 자산총액 대비(%)</span> </td> 
       <td colspan="3" width="363"> <span class="xforms_input" style="width:363px;font-size:10pt;text-align:right;">-</span> </td> 
      </tr> 
     </tbody> 
    </table> 
   </div> 
  </div>  
 </body>
</html>