<html>
 <head> 
  <meta content="gdi" http-equiv="X-UA-TextLayoutMetrics"> 
  <meta content="text/html; charset=euc-kr" http-equiv="Content-Type"> 
  <STYLE>
.xforms * { font-family: 돋움체;}
.xforms_title * { font-size: 13pt; padding : 0 0 10 0;}

.xforms table {
    font-size: 10px;
    padding:0px;
    border-collapse:collapse;
    color: #3D3D3D;
}
.xforms td {
    padding-left:0px;
    padding-top:0px;
    border-collapse:collapse;
    line-height:22px;
    color: #3D3D3D;
    /*text-align:right;*/
    vertical-align:middle;
    border: 1px solid #7f7f7f;
}

.xforms span {
    /*display: inline-block;*/
    padding-left:3px;
    padding-right: 1px;
    line-height:22px;
    padding-top:0px;
    padding-bottom:0px;
    text-align:left;
    vertical-align:middle;
    border: 0px solid #DBDBDB;
}

.xforms.img{
    border : 0px;
}

.xforms a:link {

    color: #194866;
    text-decoration: none;
}
.xforms a:active {

    color: #194866;
    text-decoration: none;
}
.xforms a:visited {
    color: #194866;
    text-decoration: none;
}

.xforms A:hover {
    color:008BE3;
    text-decoration: none;
}

.xforms_input{
    border: 0px solid #DBDBDB;
    padding-left:3px;
    padding-right: 1px;
    height:22px;
    padding-top:0px;
    padding-bottom:0px;
    text-align:left;
}
</STYLE> 
  <title>엔켐/증권 발행결과(자율공시)/(2026.01.05)증권 발행결과(자율공시)(제15회차 CB)</title> 
 </head> 
 <body> 
  <div class="xforms"> 
   <div> 
    <span class="noprint" style="display:none;width:600px;font-size:10pt;"> </span> 
    <div class="xforms_title"> 
     <div> 
      <span style="width:592px;font-weight:bold;text-align:center;">증권 발행결과(자율공시)</span> 
     </div> 
    </div> 
    <span class="noprint" style="display:none;width:600px;font-size:10pt;"> </span> 
    <table border="1" bordercolordark="white" bordercolorlight="#666666" cellpadding="1" cellspacing="0" id="XFormD1_Form0_Table1" style="margin:0px 0px 20px 0px;width:596px;font-size:10pt;border:1px solid #7f7f7f;"> 
     <tbody> 
      <tr> 
       <td colspan="2" width="273"> <span style="width:273px;font-size:10pt;">1. 증권의 종류</span> </td> 
       <td colspan="2" width="323"> <span class="xforms_input" style="width:323px;font-size:10pt;">(주)엔켐 제15회 무기명식 무보증 사모 전환사채</span> </td> 
      </tr> 
      <tr> 
       <td colspan="2" width="273"> <span style="width:273px;font-size:10pt;">2. 발행방법</span> </td> 
       <td colspan="2" width="323"> <span class="xforms_input" style="width:323px;font-size:10pt;">국내사모 전환사채 발행</span> </td> 
      </tr> 
      <tr> 
       <td rowspan="6" width="81"> <span style="width:81px;font-size:10pt;">3. 발행내역</span> </td> 
       <td width="192"> <span style="width:192px;font-size:10pt;">발행예정주식수(주)</span> </td> 
       <td colspan="2" width="323"> <span class="xforms_input" style="width:323px;font-size:10pt;text-align:right;">-</span> </td> 
      </tr> 
      <tr> 
       <td width="192"> <span style="width:192px;font-size:10pt;">발행예정금액(원)</span> </td> 
       <td colspan="2" width="323"> <span class="xforms_input" style="width:323px;font-size:10pt;text-align:right;">18,700,000,000</span> </td> 
      </tr> 
      <tr> 
       <td width="192"> <span style="width:192px;font-size:10pt;">발행결정 최초 이사회결의일</span> </td> 
       <td colspan="2" width="323"> <span class="xforms_input" style="width:323px;font-size:10pt;">2025-12-26</span> </td> 
      </tr> 
      <tr> 
       <td width="192"> <span style="width:192px;font-size:10pt;">실제발행주식수(주)</span> </td> 
       <td colspan="2" width="323"> <span class="xforms_input" style="width:323px;font-size:10pt;text-align:right;">-</span> </td> 
      </tr> 
      <tr> 
       <td width="192"> <span style="width:192px;font-size:10pt;">실제발행금액(원)</span> </td> 
       <td colspan="2" width="323"> <span class="xforms_input" style="width:323px;font-size:10pt;text-align:right;">18,700,000,000</span> </td> 
      </tr> 
      <tr> 
       <td width="192"> <span style="width:192px;font-size:10pt;">납입일</span> </td> 
       <td colspan="2" width="323"> <span class="xforms_input" style="width:323px;font-size:10pt;">2026-01-05</span> </td> 
      </tr> 
      <tr> 
       <td colspan="2" width="273"> <span style="width:273px;font-size:10pt;">4. 상장예정 여부</span> </td> 
       <td colspan="2" width="323"> <span class="xforms_input" style="width:323px;font-size:10pt;">아니오</span> </td> 
      </tr> 
      <tr> 
       <td colspan="2" rowspan="2" width="273"> <span style="width:273px;font-size:10pt;">5. 기타 투자판단에 참고할 사항</span> </td> 
       <td colspan="2" width="323"> <span class="xforms_input" style="width:323px;font-size:10pt;">당사의 2025년 12월 26일 이사회 결의에 의한 제15회 무기명식 무보증 사모 전환사채 187억원은 상기와 같이 납입이 완료되었습니다. <br xmlns:java="http://xml.apache.org/xalan/java"> <br xmlns:java="http://xml.apache.org/xalan/java">
         <!--?javax.xml.transform.disable-output-escaping?--> 
         <!--?javax.xml.transform.enable-output-escaping?-->- 납입 세부사항 <br xmlns:java="http://xml.apache.org/xalan/java">
         <!--?javax.xml.transform.disable-output-escaping?--> 
         <!--?javax.xml.transform.enable-output-escaping?-->대용납입 : 157억원 <br xmlns:java="http://xml.apache.org/xalan/java">
         <!--?javax.xml.transform.disable-output-escaping?--> 
         <!--?javax.xml.transform.enable-output-escaping?-->           (중앙첨단소재 보통주 5,850,320주) <br xmlns:java="http://xml.apache.org/xalan/java">
         <!--?javax.xml.transform.disable-output-escaping?--> 
         <!--?javax.xml.transform.enable-output-escaping?-->현금납입 : 30억원</span> </td> 
      </tr> 
      <tr> 
       <td width="85"> <span style="width:85px;font-size:10pt;">※관련공시</span> </td> 
       <td width="238"> <span style="width:238px;font-size:10pt;"> <a href="http://kind.krx.co.kr/common/disclsviewer.do?method=search&amp;acptno=20251226000853&amp;rcpno=20251226000515&amp;orgid=F&amp;tran=Y&amp;langTpCd=0" target="_blank" xmlns="http://www.w3.org/1999/xhtml" xmlns:xf="http://www.w3.org/2002/xforms" xmlns:xh="http://www.w3.org/1999/xhtml" xmlns:xsd="http://www.w3.org/2001/XMLSchema">2025-12-26 전환사채권발행결정(제15회차)</a> <br xmlns:java="http://xml.apache.org/xalan/java"> </span> </td> 
      </tr> 
     </tbody> 
    </table> 
   </div> 
  </div>  
 </body>
</html>