<html>
 <head> 
  <meta content="gdi" http-equiv="X-UA-TextLayoutMetrics"> 
  <meta content="text/html; charset=euc-kr" http-equiv="Content-Type"> 
  <STYLE>
.xforms * { font-family: 돋움체;}
.xforms_title * { font-size: 13pt; padding : 0 0 10 0;}

.xforms table {
    font-size: 10px;
    padding:0px;
    border-collapse:collapse;
    color: #3D3D3D;
}
.xforms td {
    padding-left:0px;
    padding-top:0px;
    border-collapse:collapse;
    line-height:22px;
    color: #3D3D3D;
    /*text-align:right;*/
    vertical-align:middle;
    border: 1px solid #7f7f7f;
}

.xforms span {
    /*display: inline-block;*/
    padding-left:3px;
    padding-right: 1px;
    line-height:22px;
    padding-top:0px;
    padding-bottom:0px;
    text-align:left;
    vertical-align:middle;
    border: 0px solid #DBDBDB;
}

.xforms.img{
    border : 0px;
}

.xforms a:link {

    color: #194866;
    text-decoration: none;
}
.xforms a:active {

    color: #194866;
    text-decoration: none;
}
.xforms a:visited {
    color: #194866;
    text-decoration: none;
}

.xforms A:hover {
    color:008BE3;
    text-decoration: none;
}

.xforms_input{
    border: 0px solid #DBDBDB;
    padding-left:3px;
    padding-right: 1px;
    height:22px;
    padding-top:0px;
    padding-bottom:0px;
    text-align:left;
}
</STYLE> 
  <title>푸드나무/본점소재지변경/(2026.01.05)본점소재지변경</title> 
 </head> 
 <body> 
  <div class="xforms"> 
   <div> 
    <div id="LIB_LC000" style="width:600px;font-size:10pt;;padding:0 0 20 0"> 
     <div> 
      <div> 
       <span style="width:600px;font-size:10pt;font-weight:bold;text-align:center;">정정신고(보고)</span> 
       <table border="0" bordercolordark="white" bordercolorlight="#666666" cellpadding="1" cellspacing="0" id="XFormD8_Form0_Table1" style="margin:0px 0px 20px 0px;width:600px;font-size:10pt;"> 
        <tbody> 
         <tr> 
          <td width="434"> <span style="width:434px;font-size:10pt;text-align:right;">정정일자</span> </td> 
          <td width="166"> <span class="xforms_input" style="width:166px;font-size:10pt;">2026-01-05</span> </td> 
         </tr> 
        </tbody> 
       </table> 
       <table border="1" bordercolordark="white" bordercolorlight="#666666" cellpadding="1" cellspacing="0" id="XFormD8_Form0_RepeatTable0" style="margin:0px 0px 20px 0px;width:600px;font-size:10pt;border:1px solid #7f7f7f;"> 
        <tbody> 
         <tr> 
          <td width="200"> <span style="width:200px;font-size:10pt;">1. 정정관련 공시서류</span> </td> 
          <td colspan="2" width="400"> <span class="xforms_input" style="width:400px;font-size:10pt;">본점 소재지 이전(예정)일 변경의 건</span> </td> 
         </tr> 
         <tr> 
          <td width="200"> <span style="width:200px;font-size:10pt;">2. 정정관련 공시서류제출일</span> </td> 
          <td colspan="2" width="400"> <span class="xforms_input" style="width:400px;font-size:10pt;">2026년 1월 5일</span> </td> 
         </tr> 
         <tr> 
          <td width="200"> <span style="width:200px;font-size:10pt;">3. 정정사유</span> </td> 
          <td colspan="2" width="400"> <span class="xforms_input" style="width:400px;font-size:10pt;">이사(예정)일</span> </td> 
         </tr> 
         <tr> 
          <td colspan="3" width="600"> <span style="width:600px;font-size:10pt;">4. 정정사항</span> </td> 
         </tr> 
         <tr> 
          <td width="200"> <span style="width:200px;font-size:10pt;text-align:center;">정정항목</span> </td> 
          <td width="200"> <span style="width:200px;font-size:10pt;text-align:center;">정정전</span> </td> 
          <td width="200"> <span style="width:200px;font-size:10pt;text-align:center;">정정후</span> </td> 
         </tr> 
         <tr> 
          <td width="200"> <span class="xforms_input" style="width:200px;font-size:10pt;">이전(예정)일</span> </td> 
          <td width="200"> <span class="xforms_input" style="width:200px;font-size:10pt;">2026년 1월 6일</span> </td> 
          <td width="200"> <span class="xforms_input" style="width:200px;font-size:10pt;">2026년 2월 6일</span> </td> 
         </tr> 
        </tbody> 
       </table> 
       <table border="1" bordercolordark="white" bordercolorlight="#666666" cellpadding="1" cellspacing="0" id="XFormD8_Form0_Table0" style="margin:0px 0px 20px 0px;width:599px;font-size:10pt;border:1px solid #7f7f7f;"> 
        <tbody> 
         <tr> 
          <td width="599"> <span class="xforms_input" style="width:599px;font-size:10pt;">-</span> </td> 
         </tr> 
        </tbody> 
       </table> 
      </div> 
     </div> 
    </div> 
    <div class="xforms_title"> 
     <div> 
      <span style="width:600px;font-weight:bold;text-align:center;">본점소재지변경</span> 
     </div> 
    </div> 
    <table border="1" bordercolordark="white" bordercolorlight="#666666" cellpadding="1" cellspacing="0" id="XFormD5_Form0_Table0" style="margin:0px 0px 20px 0px;width:600px;font-size:10pt;border:1px solid #7f7f7f;"> 
     <tbody> 
      <tr> 
       <td colspan="4" width="600"> <span style="width:600px;font-size:10pt;">1. 변경내용</span> </td> 
      </tr> 
      <tr> 
       <td rowspan="2" width="137"> <span style="width:137px;font-size:10pt;">가. 변경전</span> </td> 
       <td width="143"> <span style="width:143px;font-size:10pt;">우편번호</span> </td> 
       <td colspan="2" width="320"> <span class="xforms_input" style="width:320px;font-size:10pt;">03925</span> </td> 
      </tr> 
      <tr> 
       <td width="143"> <span style="width:143px;font-size:10pt;">주소</span> </td> 
       <td colspan="2" width="320"> <span class="xforms_input" style="width:320px;font-size:10pt;">서울특별시 마포구 월드컵북로396, 15층(상암동, 누리꿈스퀘어비즈니스타워)</span> </td> 
      </tr> 
      <tr> 
       <td rowspan="3" width="137"> <span style="width:137px;font-size:10pt;">나. 변경후</span> </td> 
       <td width="143"> <span style="width:143px;font-size:10pt;">우편번호</span> </td> 
       <td colspan="2" width="320"> <span class="xforms_input" style="width:320px;font-size:10pt;">06170</span> </td> 
      </tr> 
      <tr> 
       <td width="143"> <span style="width:143px;font-size:10pt;">주소</span> </td> 
       <td colspan="2" width="320"> <span class="xforms_input" style="width:320px;font-size:10pt;">서울특별시 강남구 영동대로106길 17</span> </td> 
      </tr> 
      <tr> 
       <td width="143"> <span style="width:143px;font-size:10pt;">상세주소</span> </td> 
       <td colspan="2" width="320"> <span class="xforms_input" style="width:320px;font-size:10pt;">4층,5층</span> </td> 
      </tr> 
      <tr> 
       <td colspan="2" width="280"> <span style="width:280px;font-size:10pt;">2. 변경사유</span> </td> 
       <td colspan="2" width="320"> <span class="xforms_input" style="width:320px;font-size:10pt;">경영환경 개선 및 업무효율 증대</span> </td> 
      </tr> 
      <tr> 
       <td colspan="2" width="280"> <span style="width:280px;font-size:10pt;">3. 이전(예정)일</span> </td> 
       <td colspan="2" width="320"> <span class="xforms_input" style="width:320px;font-size:10pt;">2026-01-06</span> </td> 
      </tr> 
      <tr> 
       <td colspan="2" width="280"> <span style="width:280px;font-size:10pt;">4. 이사회결의일</span> </td> 
       <td colspan="2" width="320"> <span class="xforms_input" style="width:320px;font-size:10pt;">2025-12-23</span> </td> 
      </tr> 
      <tr> 
       <td colspan="2" rowspan="2" width="280"> <span style="width:280px;font-size:10pt;">5. 기타 투자판단에 참고할 사항</span> </td> 
       <td colspan="2" width="320"> <span class="xforms_input" style="width:320px;font-size:10pt;">-</span> </td> 
      </tr> 
      <tr> 
       <td width="118"> <span style="width:118px;font-size:10pt;">※관련공시</span> </td> 
       <td width="202"> <span class="xforms_input" style="width:202px;font-size:10pt;">-</span> </td> 
      </tr> 
     </tbody> 
    </table> 
   </div> 
  </div>  
 </body>
</html>