<?xml version="1.0" encoding="utf-8"?>


<DOCUMENT xmlns:xsi="http://www.w3.org/2001/XMLSchema-instance" xsi:noNamespaceSchemaLocation="dart4.xsd">

<DOCUMENT-NAME ACODE="10611">투자설명서(집합투자증권)</DOCUMENT-NAME>
<FORMULA-VERSION ADATE="20231020">6.0</FORMULA-VERSION>
<COMPANY-NAME AREGCIK="00326272">하나자산운용주식회사</COMPANY-NAME>


<BODY ATOCID="4">

<LIBRARY>
<CORRECTION>
<TITLE ATOC="Y" AASSOCNOTE="CORRECTION" ATOCID="4" ENG="Report of Disclosure Revision">정 정 신 고 (보고)</TITLE>

<TABLE ACLASS="NORMAL" AFIXTABLE="N" WIDTH="600" BORDER="0">

<COLGROUP WIDTH="600">
<COL WIDTH="600"></COL>
</COLGROUP>

<TBODY>

<TR ACOPY="Y" ADELETE="Y" HEIGHT="30">
<TD WIDTH="591" HEIGHT="23"></TD>
</TR>

<TR ACOPY="Y" ADELETE="Y" HEIGHT="30">
<TD ALIGN="RIGHT" WIDTH="591" HEIGHT="23">2026년 01월 07일</TD>
</TR>
</TBODY>
</TABLE>
<P></P>
<P></P>
<P USERMARK="F-14 ">1. 정정대상 공시서류 : 투자설명서</P>
<P></P>
<P USERMARK="F-14 ">2. 정정대상 공시서류의 최초제출일 : 2009년 4월 24일</P>
<P USERMARK="F-14 "></P>
<P USERMARK="F-14 ">3. 정정사유</P>
<P>-       환매수수료 삭제</P>
<P>-       보수율 인하</P>
<P USERMARK="F-14 ">4. 정정요구ㆍ명령관련 여부 : 아니오</P>
<P USERMARK="F-14 ">5. 정정사항</P>

<TABLE WIDTH="629" ACLASS="NORMAL" AFIXTABLE="N" BORDER="1">

<COLGROUP WIDTH="629">
<COL WIDTH="117"></COL>
<COL WIDTH="93"></COL>
<COL WIDTH="210"></COL>
<COL WIDTH="209"></COL>
</COLGROUP>

<TBODY>

<TR ACOPY="Y" ADELETE="Y" HEIGHT="31">
<TD WIDTH="108" USERMARK="F-10 B BC0XC0C0C0" ALIGN="CENTER" VALIGN="MIDDLE" HEIGHT="24">구  분</TD>
<TD WIDTH="84" USERMARK="F-10 B BC0XC0C0C0" ALIGN="CENTER" VALIGN="MIDDLE" HEIGHT="24">변경사유</TD>
<TD WIDTH="201" USERMARK="F-10 B BC0XC0C0C0" ALIGN="CENTER" VALIGN="MIDDLE" HEIGHT="24">변 경 전</TD>
<TD WIDTH="200" USERMARK="F-10 B BC0XC0C0C0" ALIGN="CENTER" VALIGN="MIDDLE" HEIGHT="24">변 경 후</TD>
</TR>

<TR ACOPY="Y" ADELETE="Y" HEIGHT="31">
<TD COLSPAN="4" WIDTH="620" ALIGN="CENTER" VALIGN="MIDDLE" USERMARK="F-10 B" HEIGHT="24">요약정보</TD>
</TR>

<TR ACOPY="Y" ADELETE="Y" HEIGHT="31">
<TD WIDTH="108" ALIGN="CENTER" VALIGN="MIDDLE" USERMARK="F-10 " HEIGHT="24">투자비용</TD>
<TD WIDTH="84" ALIGN="CENTER" VALIGN="MIDDLE" USERMARK="F-10 " HEIGHT="24">보수율 인하</TD>
<TD WIDTH="201" USERMARK="F-10 B" HEIGHT="24"><변경 전1></TD>
<TD WIDTH="200" USERMARK="F-10 B" HEIGHT="24"><변경 후1></TD>
</TR>

<TR ACOPY="Y" ADELETE="Y" HEIGHT="133">
<TD WIDTH="108" USERMARK="F-10 " HEIGHT="126">환매수수료</TD>
<TD WIDTH="84" USERMARK="F-10 " HEIGHT="126">환매수수료 삭제</TD>

<TD WIDTH="201" HEIGHT="126">
<P USERMARK="F-10 BU">- 6개월미만 : 수익증권 매입금액의 3%</P>
<P USERMARK="F-10 BU">- 6개월이상 1년미만 : 수익증권 매입금액의 2%</P>
<P USERMARK="F-10 BU">- 1년이상 2년미만 : 이익금의 50%</P>
</TD>
<TD WIDTH="200" ALIGN="CENTER" VALIGN="MIDDLE" USERMARK="F-10 BU" HEIGHT="126">없음</TD>
</TR>

<TR ACOPY="Y" ADELETE="Y" HEIGHT="30">
<TD COLSPAN="4" WIDTH="620" ALIGN="CENTER" USERMARK="B" HEIGHT="23">제2부 집합투자기구에 관한 사항</TD>
</TR>

<TR ACOPY="Y" ADELETE="Y" HEIGHT="343">
<TD WIDTH="108" ALIGN="JUSTIFY" USERMARK="F-10 " HEIGHT="336">6.집합투자기구의 구조</TD>
<TD WIDTH="84" ALIGN="JUSTIFY" USERMARK="F-10 " HEIGHT="336">환매수수료 삭제</TD>

<TD WIDTH="201" HEIGHT="336">
<P USERMARK="F-10  A-L">※ 투자신탁의 수익증권 전환</P>
<P USERMARK="F-10 B A-L">(3)       아래의 사유가 발생하는 경우 수익증권의 환매에 따른 환매수수료를 징구하지 아니합니다.</P>
<P USERMARK="F-10 B A-L">- 수익증권 종류의 전환을 위하여 환매청구하는 경우</P>
<P USERMARK="F-10 B A-L">- 수익증권을 전환한 후 환매청구하는 경우(종류 C1 가입자의 경우 전환시 환매수수료 부과기간이 경과하였으므로 전환한 이후의 보유한 종류에 대해서는 환매수수료를 부과하지 않습니다. 단, 전환한 이후 추가로 납입한 부분에 대해서는 그러하지 아니합니다.)</P>
</TD>

<TD WIDTH="200" HEIGHT="336">
<P USERMARK="F-10  A-L">※ 투자신탁의 수익증권 전환</P>
<P USERMARK="F-10 B A-L"><삭제></P>
<P USERMARK="F-10 B A-L"> </P>
<P USERMARK="F-10 B A-L"> </P>
<P USERMARK="F-10 B A-L"> </P>
<P USERMARK="F-10 B A-L"> </P>
<P USERMARK="F-10 B A-L"> </P>
<P USERMARK="F-10 B A-L"> </P>
<P USERMARK="F-10 B A-L"> </P>
<P USERMARK="F-10 B A-L"> </P>
<P USERMARK="F-10 B A-L"> </P>
<P USERMARK="F-10 B A-L"> </P>
<P USERMARK="F-10 B A-L"> </P>
<P USERMARK="F-10 B A-L"> </P>
<P USERMARK="F-10 B A-L"> </P>
<P USERMARK="F-10 B A-L"> </P>
</TD>
</TR>

<TR ACOPY="Y" ADELETE="Y" HEIGHT="154">
<TD WIDTH="108" ALIGN="JUSTIFY" USERMARK="F-10 " HEIGHT="147">11. 매입, 환매 및 기준가격 적용 기준</TD>
<TD WIDTH="84" ALIGN="JUSTIFY" USERMARK="F-10 " HEIGHT="147">환매수수료 삭제</TD>

<TD WIDTH="201" HEIGHT="147">
<P USERMARK="F-10  A-L">3) 환매가능여부 및 환매수수료</P>
<P USERMARK="F-10 B A-L"><변경 전2></P>

<P USERMARK="A-L">

<SPAN USERMARK="F-10 ">※ 판매회사는 집합투자업자 또는 신탁업자로부터 지급받은 환매금액에서 
<SPAN USERMARK="B">환매수수료 및</SPAN> 관련세금 등을 공제한 금액을 수익자에게 지급합니다.
</SPAN>
</P>
</TD>

<TD WIDTH="200" HEIGHT="147">
<P USERMARK="F-10  A-L">3) 환매가능여부 및 환매수수료</P>
<P USERMARK="F-10 B A-L"><변경 후2></P>

<P USERMARK="A-L">

<SPAN USERMARK="F-10 ">※ 판매회사는 집합투자업자 또는 신탁업자로부터 지급받은 환매금액에서 
<SPAN USERMARK="B"><삭제></SPAN>
<SPAN> 관련세금 등을 공제한 금액을 수익자에게 지급합니다.</SPAN>
</SPAN>
</P>
</TD>
</TR>

<TR ACOPY="Y" ADELETE="Y" HEIGHT="259">
<TD WIDTH="108" ALIGN="JUSTIFY" USERMARK="F-10 " HEIGHT="252">13. 보수 및 수수료에 관한 사항</TD>
<TD WIDTH="84" ALIGN="JUSTIFY" USERMARK="F-10 " HEIGHT="252">환매수수료 삭제 / 보수율 인하</TD>

<TD WIDTH="201" HEIGHT="252">
<P USERMARK="F-10  A-L">가. 투자자에게 직접 부과되는 수수료</P>
<P USERMARK="F-10 B A-L">환매수수료</P>
<P USERMARK="F-10 B A-L">- 6개월미만 : 수익증권 매입금액의 3%</P>
<P USERMARK="F-10 B A-L">- 6개월이상 1년미만 : 수익증권 매입금액의 2%</P>
<P USERMARK="F-10 B A-L">- 1년이상 2년미만 : 이익금의 50%</P>
<P USERMARK="F-10  A-L">나. 집합투자기구에 부과되는 보수 및 비용</P>
<P USERMARK="F-10 B A-L"> <변경 전3></P>
</TD>

<TD WIDTH="200" HEIGHT="252">
<P USERMARK="F-10  A-L">가. 투자자에게 직접 부과되는 수수료</P>
<P USERMARK="F-10 B A-L">환매수수료</P>
<P USERMARK="F-10 BU A-L">없음</P>
<P USERMARK="F-10 BU A-L"> </P>
<P USERMARK="F-10 BU A-L"> </P>
<P USERMARK="F-10  A-L"> </P>
<P USERMARK="F-10  A-L"> </P>
<P USERMARK="F-10  A-L"> </P>
<P USERMARK="F-10  A-L">나. 집합투자기구에 부과되는 보수 및 비용</P>
<P USERMARK="F-10 B A-L"><변경 후3></P>
</TD>
</TR>
</TBODY>
</TABLE>
<P USERMARK="F-10 B"><변경 전1></P>

<TABLE BORDER="1" ACLASS="NORMAL" AFIXTABLE="N" WIDTH="667">

<COLGROUP WIDTH="667">
<COL WIDTH="95"></COL>
<COL WIDTH="75"></COL>
<COL WIDTH="54"></COL>
<COL WIDTH="54"></COL>
<COL WIDTH="65"></COL>
<COL WIDTH="73"></COL>
<COL WIDTH="49"></COL>
<COL WIDTH="49"></COL>
<COL WIDTH="49"></COL>
<COL WIDTH="52"></COL>
<COL WIDTH="52"></COL>
</COLGROUP>

<TBODY>

<TR ACOPY="Y" ADELETE="Y" HEIGHT="67">

<TD ROWSPAN="3" WIDTH="86" USERMARK="BC0XD9D9D9" VALIGN="MIDDLE" HEIGHT="130">
<P USERMARK="F-9 B A-C">클래스</P>
<P USERMARK="F-9 B A-C">종류</P>
</TD>

<TD COLSPAN="5" WIDTH="312" USERMARK="BC0XD9D9D9" VALIGN="MIDDLE" HEIGHT="60">
<P USERMARK="F-9 B A-C">투자자가 부담하는</P>
<P USERMARK="F-9 B A-C">수수료 및 총보수 및 비용 (연간, %)</P>
</TD>

<TD COLSPAN="5" WIDTH="242" USERMARK="BC0XD9D9D9" VALIGN="MIDDLE" HEIGHT="60">
<P USERMARK="F-9 B A-C">1,000만원 투자시 투자자가 부담하는</P>
<P USERMARK="F-9 B A-C">투자기간별 총보수.비용 예시 (단위:천원)</P>
</TD>
</TR>

<TR ACOPY="Y" ADELETE="Y" HEIGHT="23">

<TD ROWSPAN="2" WIDTH="66" USERMARK="BC0XD9D9D9" VALIGN="MIDDLE" HEIGHT="63">
<P USERMARK="F-9 B A-C">판매</P>
<P USERMARK="F-9 B A-C">수수료</P>
</TD>

<TD ROWSPAN="2" WIDTH="45" USERMARK="BC0XD9D9D9" VALIGN="MIDDLE" HEIGHT="63">
<P USERMARK="F-9 B A-C">총</P>
<P USERMARK="F-9 B A-C">보수</P>
</TD>
<TD WIDTH="45" USERMARK="F-6  BC0XD9D9D9" ALIGN="CENTER" VALIGN="MIDDLE" HEIGHT="16"></TD>

<TD ROWSPAN="2" WIDTH="56" USERMARK="BC0XD9D9D9" VALIGN="MIDDLE" HEIGHT="63">
<P USERMARK="F-9 B A-C">동종유형</P>
<P USERMARK="F-9 B A-C">총보수</P>
</TD>
<TD ROWSPAN="2" WIDTH="64" USERMARK="F-9 B BC0XD9D9D9" ALIGN="CENTER" VALIGN="MIDDLE" HEIGHT="63">총보수비용</TD>
<TD ROWSPAN="2" WIDTH="40" USERMARK="F-9 B BC0XD9D9D9" ALIGN="CENTER" VALIGN="MIDDLE" HEIGHT="63">1년</TD>
<TD ROWSPAN="2" WIDTH="40" USERMARK="F-9 B BC0XD9D9D9" ALIGN="CENTER" VALIGN="MIDDLE" HEIGHT="63">2년</TD>
<TD ROWSPAN="2" WIDTH="40" USERMARK="F-9 B BC0XD9D9D9" ALIGN="CENTER" VALIGN="MIDDLE" HEIGHT="63">3년</TD>
<TD ROWSPAN="2" WIDTH="43" USERMARK="F-9 B BC0XD9D9D9" ALIGN="CENTER" VALIGN="MIDDLE" HEIGHT="63">5년</TD>
<TD ROWSPAN="2" WIDTH="43" USERMARK="F-9 B BC0XD9D9D9" ALIGN="CENTER" VALIGN="MIDDLE" HEIGHT="63">10년</TD>
</TR>

<TR ACOPY="Y" ADELETE="Y" HEIGHT="47">

<TD WIDTH="45" USERMARK="BC0XD9D9D9" VALIGN="MIDDLE" HEIGHT="40">
<P USERMARK="F-9 B A-C">판매</P>
<P USERMARK="F-9 B A-C">보수</P>
</TD>
</TR>

<TR ACOPY="Y" ADELETE="Y" HEIGHT="47">

<TD WIDTH="86" USERMARK="BC0XD9D9D9" VALIGN="MIDDLE" HEIGHT="40">
<P USERMARK="F-9 B A-C">수수료선취-</P>
<P USERMARK="F-9 B A-C">오프라인(A)</P>
</TD>
<TD WIDTH="66" ALIGN="CENTER" VALIGN="MIDDLE" USERMARK="F-9 " HEIGHT="40">납입금액의 1.0% 이내</TD>
<TD WIDTH="45" ALIGN="CENTER" VALIGN="MIDDLE" USERMARK="F-9 B" HEIGHT="40">1.5100</TD>
<TD WIDTH="45" ALIGN="CENTER" VALIGN="MIDDLE" USERMARK="F-9 B" HEIGHT="40">0.7374</TD>
<TD WIDTH="56" ALIGN="CENTER" VALIGN="MIDDLE" USERMARK="F-9 " HEIGHT="40">1.38</TD>
<TD WIDTH="64" ALIGN="CENTER" VALIGN="MIDDLE" USERMARK="F-9 B" HEIGHT="40">1.5100</TD>
<TD WIDTH="40" ALIGN="CENTER" VALIGN="MIDDLE" USERMARK="F-9 B" HEIGHT="40">253</TD>
<TD WIDTH="40" ALIGN="CENTER" VALIGN="MIDDLE" USERMARK="F-9 B" HEIGHT="40">414</TD>
<TD WIDTH="40" ALIGN="CENTER" VALIGN="MIDDLE" USERMARK="F-9 B" HEIGHT="40">583</TD>
<TD WIDTH="43" ALIGN="CENTER" VALIGN="MIDDLE" USERMARK="F-9 B" HEIGHT="40">946</TD>
<TD WIDTH="43" ALIGN="CENTER" VALIGN="MIDDLE" USERMARK="F-9 B" HEIGHT="40">2,027</TD>
</TR>

<TR ACOPY="Y" ADELETE="Y" HEIGHT="67">

<TD WIDTH="86" USERMARK="BC0XD9D9D9" VALIGN="MIDDLE" HEIGHT="60">
<P USERMARK="F-9 B A-C">수수료미징구-</P>
<P USERMARK="F-9 B A-C">오프라인-보수체감(C1)</P>
</TD>
<TD WIDTH="66" ALIGN="CENTER" VALIGN="MIDDLE" USERMARK="F-9 " HEIGHT="60">없음</TD>
<TD WIDTH="45" ALIGN="CENTER" VALIGN="MIDDLE" USERMARK="F-9 B" HEIGHT="60">2.2726</TD>
<TD WIDTH="45" ALIGN="CENTER" VALIGN="MIDDLE" USERMARK="F-9 B" HEIGHT="60">1.5000</TD>
<TD WIDTH="56" ALIGN="CENTER" VALIGN="MIDDLE" USERMARK="F-9 " HEIGHT="60">1.59</TD>
<TD WIDTH="64" ALIGN="CENTER" VALIGN="MIDDLE" USERMARK="F-9 B" HEIGHT="60">2.2726</TD>
<TD WIDTH="40" ALIGN="CENTER" VALIGN="MIDDLE" USERMARK="F-9 B" HEIGHT="60">233</TD>
<TD WIDTH="40" ALIGN="CENTER" VALIGN="MIDDLE" USERMARK="F-9 B" HEIGHT="60">464</TD>
<TD WIDTH="40" ALIGN="CENTER" VALIGN="MIDDLE" USERMARK="F-9 B" HEIGHT="60">693</TD>
<TD WIDTH="43" ALIGN="CENTER" VALIGN="MIDDLE" USERMARK="F-9 B" HEIGHT="60">1,139</TD>
<TD WIDTH="43" ALIGN="CENTER" VALIGN="MIDDLE" USERMARK="F-9 B" HEIGHT="60">2,421</TD>
</TR>

<TR ACOPY="Y" ADELETE="Y" HEIGHT="47">

<TD WIDTH="86" USERMARK="BC0XD9D9D9" VALIGN="MIDDLE" HEIGHT="40">
<P USERMARK="F-9 B A-C">수수료미징구-</P>
<P USERMARK="F-9 B A-C">온라인(C-E)</P>
</TD>
<TD WIDTH="66" ALIGN="CENTER" VALIGN="MIDDLE" USERMARK="F-9 " HEIGHT="40">없음</TD>
<TD WIDTH="45" ALIGN="CENTER" VALIGN="MIDDLE" USERMARK="F-9 B" HEIGHT="40">1.5100</TD>
<TD WIDTH="45" ALIGN="CENTER" VALIGN="MIDDLE" USERMARK="F-9 B" HEIGHT="40">0.7374</TD>
<TD WIDTH="56" ALIGN="CENTER" VALIGN="MIDDLE" USERMARK="F-9 " HEIGHT="40">1.17</TD>
<TD WIDTH="64" ALIGN="CENTER" VALIGN="MIDDLE" USERMARK="F-9 B" HEIGHT="40">1.5100</TD>
<TD WIDTH="40" ALIGN="CENTER" VALIGN="MIDDLE" USERMARK="F-9 B" HEIGHT="40">155</TD>
<TD WIDTH="40" ALIGN="CENTER" VALIGN="MIDDLE" USERMARK="F-9 B" HEIGHT="40">317</TD>
<TD WIDTH="40" ALIGN="CENTER" VALIGN="MIDDLE" USERMARK="F-9 B" HEIGHT="40">488</TD>
<TD WIDTH="43" ALIGN="CENTER" VALIGN="MIDDLE" USERMARK="F-9 B" HEIGHT="40">855</TD>
<TD WIDTH="43" ALIGN="CENTER" VALIGN="MIDDLE" USERMARK="F-9 B" HEIGHT="40">1,946</TD>
</TR>
</TBODY>
</TABLE>
<P USERMARK="F-10 B"> </P>
<P USERMARK="F-10 B"><변경 후1></P>

<TABLE BORDER="1" ACLASS="NORMAL" AFIXTABLE="N" WIDTH="667">

<COLGROUP WIDTH="667">
<COL WIDTH="95"></COL>
<COL WIDTH="75"></COL>
<COL WIDTH="54"></COL>
<COL WIDTH="54"></COL>
<COL WIDTH="66"></COL>
<COL WIDTH="73"></COL>
<COL WIDTH="49"></COL>
<COL WIDTH="49"></COL>
<COL WIDTH="49"></COL>
<COL WIDTH="51"></COL>
<COL WIDTH="52"></COL>
</COLGROUP>

<TBODY>

<TR ACOPY="Y" ADELETE="Y" HEIGHT="67">

<TD ROWSPAN="3" WIDTH="86" USERMARK="BC0XD9D9D9" VALIGN="MIDDLE" HEIGHT="130">
<P USERMARK="F-9 B A-C">클래스</P>
<P USERMARK="F-9 B A-C">종류</P>
</TD>

<TD COLSPAN="5" WIDTH="313" USERMARK="BC0XD9D9D9" VALIGN="MIDDLE" HEIGHT="60">
<P USERMARK="F-9 B A-C">투자자가 부담하는</P>
<P USERMARK="F-9 B A-C">수수료 및 총보수 및 비용 (연간, %)</P>
</TD>

<TD COLSPAN="5" WIDTH="241" USERMARK="BC0XD9D9D9" VALIGN="MIDDLE" HEIGHT="60">
<P USERMARK="F-9 B A-C">1,000만원 투자시 투자자가 부담하는</P>
<P USERMARK="F-9 B A-C">투자기간별 총보수.비용 예시 (단위:천원)</P>
</TD>
</TR>

<TR ACOPY="Y" ADELETE="Y" HEIGHT="23">

<TD ROWSPAN="2" WIDTH="66" USERMARK="BC0XD9D9D9" VALIGN="MIDDLE" HEIGHT="63">
<P USERMARK="F-9 B A-C">판매</P>
<P USERMARK="F-9 B A-C">수수료</P>
</TD>

<TD ROWSPAN="2" WIDTH="45" USERMARK="BC0XD9D9D9" VALIGN="MIDDLE" HEIGHT="63">
<P USERMARK="F-9 B A-C">총</P>
<P USERMARK="F-9 B A-C">보수</P>
</TD>
<TD WIDTH="45" USERMARK="F-6  BC0XD9D9D9" ALIGN="CENTER" VALIGN="MIDDLE" HEIGHT="16"></TD>

<TD ROWSPAN="2" WIDTH="57" USERMARK="BC0XD9D9D9" VALIGN="MIDDLE" HEIGHT="63">
<P USERMARK="F-9 B A-C">동종유형</P>
<P USERMARK="F-9 B A-C">총보수</P>
</TD>
<TD ROWSPAN="2" WIDTH="64" USERMARK="F-9 B BC0XD9D9D9" ALIGN="CENTER" VALIGN="MIDDLE" HEIGHT="63">총보수비용</TD>
<TD ROWSPAN="2" WIDTH="40" USERMARK="F-9 B BC0XD9D9D9" ALIGN="CENTER" VALIGN="MIDDLE" HEIGHT="63">1년</TD>
<TD ROWSPAN="2" WIDTH="40" USERMARK="F-9 B BC0XD9D9D9" ALIGN="CENTER" VALIGN="MIDDLE" HEIGHT="63">2년</TD>
<TD ROWSPAN="2" WIDTH="40" USERMARK="F-9 B BC0XD9D9D9" ALIGN="CENTER" VALIGN="MIDDLE" HEIGHT="63">3년</TD>
<TD ROWSPAN="2" WIDTH="42" USERMARK="F-9 B BC0XD9D9D9" ALIGN="CENTER" VALIGN="MIDDLE" HEIGHT="63">5년</TD>
<TD ROWSPAN="2" WIDTH="43" USERMARK="F-9 B BC0XD9D9D9" ALIGN="CENTER" VALIGN="MIDDLE" HEIGHT="63">10년</TD>
</TR>

<TR ACOPY="Y" ADELETE="Y" HEIGHT="47">

<TD WIDTH="45" USERMARK="BC0XD9D9D9" VALIGN="MIDDLE" HEIGHT="40">
<P USERMARK="F-9 B A-C">판매</P>
<P USERMARK="F-9 B A-C">보수</P>
</TD>
</TR>

<TR ACOPY="Y" ADELETE="Y" HEIGHT="47">

<TD WIDTH="86" USERMARK="BC0XD9D9D9" VALIGN="MIDDLE" HEIGHT="40">
<P USERMARK="F-9 B A-C">수수료선취-</P>
<P USERMARK="F-9 B A-C">오프라인(A)</P>
</TD>
<TD WIDTH="66" ALIGN="CENTER" VALIGN="MIDDLE" USERMARK="F-9 " HEIGHT="40">납입금액의 1.0% 이내</TD>
<TD WIDTH="45" ALIGN="CENTER" VALIGN="MIDDLE" USERMARK="F-9 B" HEIGHT="40">0.9870</TD>
<TD WIDTH="45" ALIGN="CENTER" VALIGN="MIDDLE" USERMARK="F-9 B" HEIGHT="40">0.3594</TD>
<TD WIDTH="57" ALIGN="CENTER" VALIGN="MIDDLE" USERMARK="F-9 " HEIGHT="40">1.40</TD>
<TD WIDTH="64" ALIGN="CENTER" VALIGN="MIDDLE" USERMARK="F-9 B" HEIGHT="40">0.9870</TD>
<TD WIDTH="40" ALIGN="CENTER" VALIGN="MIDDLE" USERMARK="F-9 B" HEIGHT="40">200</TD>
<TD WIDTH="40" ALIGN="CENTER" VALIGN="MIDDLE" USERMARK="F-9 B" HEIGHT="40">305</TD>
<TD WIDTH="40" ALIGN="CENTER" VALIGN="MIDDLE" USERMARK="F-9 B" HEIGHT="40">416</TD>
<TD WIDTH="42" ALIGN="CENTER" VALIGN="MIDDLE" USERMARK="F-9 B" HEIGHT="40">653</TD>
<TD WIDTH="43" ALIGN="CENTER" VALIGN="MIDDLE" USERMARK="F-9 B" HEIGHT="40">1,359</TD>
</TR>

<TR ACOPY="Y" ADELETE="Y" HEIGHT="67">

<TD WIDTH="86" USERMARK="BC0XD9D9D9" VALIGN="MIDDLE" HEIGHT="60">
<P USERMARK="F-9 B A-C">수수료미징구-</P>
<P USERMARK="F-9 B A-C">오프라인-보수체감(C1)</P>
</TD>
<TD WIDTH="66" ALIGN="CENTER" VALIGN="MIDDLE" USERMARK="F-9 " HEIGHT="60">없음</TD>
<TD WIDTH="45" ALIGN="CENTER" VALIGN="MIDDLE" USERMARK="F-9 B" HEIGHT="60">1.7276</TD>
<TD WIDTH="45" ALIGN="CENTER" VALIGN="MIDDLE" USERMARK="F-9 B" HEIGHT="60">1.1000</TD>
<TD WIDTH="57" ALIGN="CENTER" VALIGN="MIDDLE" USERMARK="F-9 " HEIGHT="60">1.60</TD>
<TD WIDTH="64" ALIGN="CENTER" VALIGN="MIDDLE" USERMARK="F-9 B" HEIGHT="60">1.7276</TD>
<TD WIDTH="40" ALIGN="CENTER" VALIGN="MIDDLE" USERMARK="F-9 B" HEIGHT="60">177</TD>
<TD WIDTH="40" ALIGN="CENTER" VALIGN="MIDDLE" USERMARK="F-9 B" HEIGHT="60">352</TD>
<TD WIDTH="40" ALIGN="CENTER" VALIGN="MIDDLE" USERMARK="F-9 B" HEIGHT="60">525</TD>
<TD WIDTH="42" ALIGN="CENTER" VALIGN="MIDDLE" USERMARK="F-9 B" HEIGHT="60">860</TD>
<TD WIDTH="43" ALIGN="CENTER" VALIGN="MIDDLE" USERMARK="F-9 B" HEIGHT="60">1,819</TD>
</TR>

<TR ACOPY="Y" ADELETE="Y" HEIGHT="47">

<TD WIDTH="86" USERMARK="BC0XD9D9D9" VALIGN="MIDDLE" HEIGHT="40">
<P USERMARK="F-9 B A-C">수수료미징구-</P>
<P USERMARK="F-9 B A-C">온라인(C-E)</P>
</TD>
<TD WIDTH="66" ALIGN="CENTER" VALIGN="MIDDLE" USERMARK="F-9 " HEIGHT="40">없음</TD>
<TD WIDTH="45" ALIGN="CENTER" VALIGN="MIDDLE" USERMARK="F-9 B" HEIGHT="40">1.0776</TD>
<TD WIDTH="45" ALIGN="CENTER" VALIGN="MIDDLE" USERMARK="F-9 B" HEIGHT="40">0.4500</TD>
<TD WIDTH="57" ALIGN="CENTER" VALIGN="MIDDLE" USERMARK="F-9 " HEIGHT="40">1.14</TD>
<TD WIDTH="64" ALIGN="CENTER" VALIGN="MIDDLE" USERMARK="F-9 B" HEIGHT="40">1.0776</TD>
<TD WIDTH="40" ALIGN="CENTER" VALIGN="MIDDLE" USERMARK="F-9 B" HEIGHT="40">110</TD>
<TD WIDTH="40" ALIGN="CENTER" VALIGN="MIDDLE" USERMARK="F-9 B" HEIGHT="40">226</TD>
<TD WIDTH="40" ALIGN="CENTER" VALIGN="MIDDLE" USERMARK="F-9 B" HEIGHT="40">348</TD>
<TD WIDTH="42" ALIGN="CENTER" VALIGN="MIDDLE" USERMARK="F-9 B" HEIGHT="40">610</TD>
<TD WIDTH="43" ALIGN="CENTER" VALIGN="MIDDLE" USERMARK="F-9 B" HEIGHT="40">1,389</TD>
</TR>
</TBODY>
</TABLE>
<P USERMARK="F-10 B"> </P>
<P USERMARK="F-10 B"><변경 전2></P>

<TABLE BORDER="1" ACLASS="NORMAL" AFIXTABLE="N" WIDTH="622">

<COLGROUP WIDTH="622">
<COL WIDTH="115"></COL>
<COL WIDTH="169"></COL>
<COL WIDTH="169"></COL>
<COL WIDTH="169"></COL>
</COLGROUP>

<TBODY>

<TR ACOPY="Y" ADELETE="Y" HEIGHT="28">
<TD WIDTH="106" USERMARK="F-10  0XFFFFFF BC0X919500" ALIGN="CENTER" HEIGHT="21">구분</TD>
<TD WIDTH="160" USERMARK="F-10 B 0XFFFFFF BC0X919500" ALIGN="CENTER" HEIGHT="21">중도환매허용</TD>
<TD WIDTH="160" USERMARK="F-10 B 0XFFFFFF BC0X919500" ALIGN="CENTER" HEIGHT="21">중도환매불가</TD>
<TD WIDTH="160" USERMARK="F-10 B 0XFFFFFF BC0X919500" ALIGN="CENTER" HEIGHT="21">중도환매시 비용발생</TD>
</TR>

<TR ACOPY="Y" ADELETE="Y" HEIGHT="30">
<TD WIDTH="106" USERMARK="F-10 B 0XFFFFFF BC0X919500" ALIGN="CENTER" VALIGN="MIDDLE" HEIGHT="23">환매가능여부</TD>
<TD WIDTH="160" VALIGN="MIDDLE" HEIGHT="23"></TD>
<TD WIDTH="160" ALIGN="CENTER" USERMARK="F-10 " HEIGHT="23"></TD>
<TD WIDTH="160" ALIGN="CENTER" USERMARK="F-10 " HEIGHT="23">○</TD>
</TR>

<TR ACOPY="Y" ADELETE="Y" HEIGHT="112">
<TD WIDTH="106" USERMARK="F-10 B 0XFFFFFF BC0X919500" ALIGN="CENTER" VALIGN="MIDDLE" HEIGHT="105">환매수수료</TD>

<TD COLSPAN="3" WIDTH="498" VALIGN="MIDDLE" HEIGHT="105">
<P USERMARK="F-10  A-J">수익증권의 보유기간에 따라 환매수수료를 부과하며, 부과된 환매수수료는 투자신탁재산으로 편입됩니다. 단, 재투자좌수에서 발생한 손익은 제외합니다.</P>
<P USERMARK="F-10  A-J">- 6개월미만 : 수익증권 매입금액의 3%</P>
<P USERMARK="F-10  A-J">- 6개월이상 1년미만 : 수익증권 매입금액의 2%</P>
<P USERMARK="F-10  A-J">- 1년이상 2년미만 : 이익금의 50%</P>
</TD>
</TR>
</TBODY>
</TABLE>
<P USERMARK="F-10 B"> </P>
<P USERMARK="F-10 B"><변경 후2></P>

<TABLE BORDER="1" ACLASS="NORMAL" AFIXTABLE="N" WIDTH="622">

<COLGROUP WIDTH="622">
<COL WIDTH="115"></COL>
<COL WIDTH="169"></COL>
<COL WIDTH="169"></COL>
<COL WIDTH="169"></COL>
</COLGROUP>

<TBODY>

<TR ACOPY="Y" ADELETE="Y" HEIGHT="28">
<TD WIDTH="106" USERMARK="F-10  0XFFFFFF BC0X919500" ALIGN="CENTER" HEIGHT="21">구분</TD>
<TD WIDTH="160" USERMARK="F-10 B 0XFFFFFF BC0X919500" ALIGN="CENTER" HEIGHT="21">중도환매허용</TD>
<TD WIDTH="160" USERMARK="F-10 B 0XFFFFFF BC0X919500" ALIGN="CENTER" HEIGHT="21">중도환매불가</TD>
<TD WIDTH="160" USERMARK="F-10 B 0XFFFFFF BC0X919500" ALIGN="CENTER" HEIGHT="21">중도환매시 비용발생</TD>
</TR>

<TR ACOPY="Y" ADELETE="Y" HEIGHT="28">
<TD WIDTH="106" USERMARK="F-10 B 0XFFFFFF BC0X919500" ALIGN="CENTER" VALIGN="MIDDLE" HEIGHT="21">환매가능여부</TD>
<TD WIDTH="160" ALIGN="CENTER" VALIGN="MIDDLE" USERMARK="F-10 " HEIGHT="21">○</TD>
<TD WIDTH="160" ALIGN="CENTER" USERMARK="F-10 " HEIGHT="21"></TD>
<TD WIDTH="160" ALIGN="CENTER" USERMARK="F-10 " HEIGHT="21"></TD>
</TR>

<TR ACOPY="Y" ADELETE="Y" HEIGHT="28">
<TD WIDTH="106" USERMARK="F-10 B 0XFFFFFF BC0X919500" ALIGN="CENTER" VALIGN="MIDDLE" HEIGHT="21">환매수수료</TD>
<TD COLSPAN="3" WIDTH="498" ALIGN="JUSTIFY" VALIGN="MIDDLE" USERMARK="F-10 " HEIGHT="21">이 투자신탁은 환매수수료를 부과하지 않습니다.</TD>
</TR>
</TBODY>
</TABLE>
<P USERMARK="F-10 B"> </P>
<P USERMARK="F-10 B"><변경 전3></P>

<TABLE BORDER="1" ACLASS="NORMAL" AFIXTABLE="N" WIDTH="749">

<COLGROUP WIDTH="749">
<COL WIDTH="24"></COL>
<COL WIDTH="87"></COL>
<COL WIDTH="53"></COL>
<COL WIDTH="56"></COL>
<COL WIDTH="65"></COL>
<COL WIDTH="67"></COL>
<COL WIDTH="65"></COL>
<COL WIDTH="60"></COL>
<COL WIDTH="70"></COL>
<COL WIDTH="65"></COL>
<COL WIDTH="73"></COL>
<COL WIDTH="64"></COL>
</COLGROUP>

<TBODY>

<TR ACOPY="Y" ADELETE="Y" HEIGHT="27">
<TD COLSPAN="2" ROWSPAN="2" WIDTH="102" USERMARK="F-9 B 0XFFFFFF BC0X919500" ALIGN="CENTER" VALIGN="MIDDLE" HEIGHT="107">종류형 명칭</TD>
<TD COLSPAN="10" WIDTH="629" USERMARK="F-9 B 0XFFFFFF BC0X919500" ALIGN="CENTER" HEIGHT="20">지급비율(연간, %)</TD>
</TR>

<TR ACOPY="Y" ADELETE="Y" HEIGHT="87">
<TD WIDTH="44" USERMARK="F-9  0XFFFFFF BC0X919500" ALIGN="CENTER" VALIGN="MIDDLE" HEIGHT="80">집합투자업자보수</TD>
<TD WIDTH="47" USERMARK="F-9  0XFFFFFF BC0X919500" ALIGN="CENTER" VALIGN="MIDDLE" HEIGHT="80">판매회사보수</TD>
<TD WIDTH="56" USERMARK="F-9  0XFFFFFF BC0X919500" ALIGN="CENTER" VALIGN="MIDDLE" HEIGHT="80">수탁회사보수</TD>
<TD WIDTH="58" USERMARK="F-9  0XFFFFFF BC0X919500" ALIGN="CENTER" VALIGN="MIDDLE" HEIGHT="80">일반사무관리회사보수</TD>
<TD WIDTH="56" USERMARK="F-9 B 0XFFFFFF BC0X919500" ALIGN="CENTER" VALIGN="MIDDLE" HEIGHT="80">총 보수</TD>
<TD WIDTH="51" USERMARK="F-9  0XFFFFFF BC0X919500" ALIGN="CENTER" VALIGN="MIDDLE" HEIGHT="80">기타비용주1)</TD>

<TD WIDTH="61" USERMARK="BC0X919500" VALIGN="MIDDLE" HEIGHT="80">
<P USERMARK="F-9 B 0XFFFFFF A-C">총보수.</P>
<P USERMARK="F-9 B 0XFFFFFF A-C">비용</P>
<P USERMARK="F-9 B 0XFFFFFF A-C">주2)</P>
</TD>
<TD WIDTH="56" USERMARK="F-9  0XFFFFFF BC0X919500" ALIGN="CENTER" VALIGN="MIDDLE" HEIGHT="80">(동종유형 총 보수)주3)</TD>
<TD WIDTH="64" USERMARK="F-9  0XFFFFFF BC0X919500" ALIGN="CENTER" VALIGN="MIDDLE" HEIGHT="80">합성총보수.비용주4)</TD>
<TD WIDTH="55" USERMARK="F-9  0XFFFFFF BC0X919500" ALIGN="CENTER" VALIGN="MIDDLE" HEIGHT="80">증권거래비용주5)</TD>
</TR>

<TR ACOPY="Y" ADELETE="Y" HEIGHT="47">
<TD WIDTH="15" USERMARK="F-9  BC0XD9D9D9" ALIGN="CENTER" VALIGN="MIDDLE" HEIGHT="40">A</TD>
<TD WIDTH="78" USERMARK="F-9  BC0XD9D9D9" ALIGN="CENTER" VALIGN="MIDDLE" HEIGHT="40">수수료선취-오프라인</TD>
<TD WIDTH="44" ALIGN="CENTER" VALIGN="MIDDLE" USERMARK="F-9 B" HEIGHT="40">0.7146</TD>
<TD WIDTH="47" ALIGN="CENTER" VALIGN="MIDDLE" USERMARK="F-9 B" HEIGHT="40">0.7374</TD>
<TD WIDTH="56" ALIGN="CENTER" VALIGN="MIDDLE" USERMARK="F-9 B" HEIGHT="40">0.0400</TD>
<TD WIDTH="58" ALIGN="CENTER" VALIGN="MIDDLE" USERMARK="F-9 B" HEIGHT="40">0.0180</TD>
<TD WIDTH="56" ALIGN="CENTER" VALIGN="MIDDLE" USERMARK="F-9 B" HEIGHT="40">1.5100</TD>
<TD WIDTH="51" ALIGN="CENTER" VALIGN="MIDDLE" USERMARK="F-9 " HEIGHT="40">0.0000 </TD>
<TD WIDTH="61" ALIGN="CENTER" VALIGN="MIDDLE" USERMARK="F-9 B" HEIGHT="40">1.5100 </TD>
<TD WIDTH="56" ALIGN="CENTER" VALIGN="MIDDLE" USERMARK="F-9 " HEIGHT="40">1.38</TD>
<TD WIDTH="64" ALIGN="CENTER" VALIGN="MIDDLE" USERMARK="F-9 B" HEIGHT="40">1.5100 </TD>
<TD WIDTH="55" ALIGN="CENTER" VALIGN="MIDDLE" USERMARK="F-9 " HEIGHT="40">0.0000 </TD>
</TR>

<TR ACOPY="Y" ADELETE="Y" HEIGHT="67">
<TD WIDTH="15" USERMARK="F-9  BC0XD9D9D9" ALIGN="CENTER" VALIGN="MIDDLE" HEIGHT="60">C1</TD>
<TD WIDTH="78" USERMARK="F-9  BC0XD9D9D9" ALIGN="CENTER" VALIGN="MIDDLE" HEIGHT="60">수수료미징구-오프라인-보수체감</TD>
<TD WIDTH="44" ALIGN="CENTER" VALIGN="MIDDLE" USERMARK="F-9 B" HEIGHT="60">0.7146</TD>
<TD WIDTH="47" ALIGN="CENTER" VALIGN="MIDDLE" USERMARK="F-9 B" HEIGHT="60">1.5000</TD>
<TD WIDTH="56" ALIGN="CENTER" VALIGN="MIDDLE" USERMARK="F-9 B" HEIGHT="60">0.0400</TD>
<TD WIDTH="58" ALIGN="CENTER" VALIGN="MIDDLE" USERMARK="F-9 B" HEIGHT="60">0.0180</TD>
<TD WIDTH="56" ALIGN="CENTER" VALIGN="MIDDLE" USERMARK="F-9 B" HEIGHT="60">2.2726</TD>
<TD WIDTH="51" ALIGN="CENTER" VALIGN="MIDDLE" USERMARK="F-9 " HEIGHT="60">0.0000 </TD>
<TD WIDTH="61" ALIGN="CENTER" VALIGN="MIDDLE" USERMARK="F-9 B" HEIGHT="60">2.2726 </TD>
<TD WIDTH="56" ALIGN="CENTER" VALIGN="MIDDLE" USERMARK="F-9 " HEIGHT="60">1.59 </TD>
<TD WIDTH="64" ALIGN="CENTER" VALIGN="MIDDLE" USERMARK="F-9 B" HEIGHT="60">2.2726 </TD>
<TD WIDTH="55" ALIGN="CENTER" VALIGN="MIDDLE" USERMARK="F-9 " HEIGHT="60">0.0000 </TD>
</TR>

<TR ACOPY="Y" ADELETE="Y" HEIGHT="67">
<TD WIDTH="15" USERMARK="F-9  BC0XD9D9D9" ALIGN="CENTER" VALIGN="MIDDLE" HEIGHT="60">C2</TD>
<TD WIDTH="78" USERMARK="F-9  BC0XD9D9D9" ALIGN="CENTER" VALIGN="MIDDLE" HEIGHT="60">수수료미징구-오프라인-보수체감</TD>
<TD WIDTH="44" ALIGN="CENTER" VALIGN="MIDDLE" USERMARK="F-9 B" HEIGHT="60">0.7146</TD>
<TD WIDTH="47" ALIGN="CENTER" VALIGN="MIDDLE" USERMARK="F-9 B" HEIGHT="60">1.3750</TD>
<TD WIDTH="56" ALIGN="CENTER" VALIGN="MIDDLE" USERMARK="F-9 B" HEIGHT="60">0.0400</TD>
<TD WIDTH="58" ALIGN="CENTER" VALIGN="MIDDLE" USERMARK="F-9 B" HEIGHT="60">0.0180</TD>
<TD WIDTH="56" ALIGN="CENTER" VALIGN="MIDDLE" USERMARK="F-9 B" HEIGHT="60">2.1476</TD>
<TD WIDTH="51" ALIGN="CENTER" VALIGN="MIDDLE" USERMARK="F-9 " HEIGHT="60">0.0000 </TD>
<TD WIDTH="61" ALIGN="CENTER" VALIGN="MIDDLE" USERMARK="F-9 B" HEIGHT="60">2.1476 </TD>
<TD WIDTH="56" ALIGN="CENTER" VALIGN="MIDDLE" USERMARK="F-9 " HEIGHT="60">-</TD>
<TD WIDTH="64" ALIGN="CENTER" VALIGN="MIDDLE" USERMARK="F-9 B" HEIGHT="60">2.1476 </TD>
<TD WIDTH="55" ALIGN="CENTER" VALIGN="MIDDLE" USERMARK="F-9 " HEIGHT="60">0.0000 </TD>
</TR>

<TR ACOPY="Y" ADELETE="Y" HEIGHT="67">
<TD WIDTH="15" USERMARK="F-9  BC0XD9D9D9" ALIGN="CENTER" VALIGN="MIDDLE" HEIGHT="60">C3</TD>
<TD WIDTH="78" USERMARK="F-9  BC0XD9D9D9" ALIGN="CENTER" VALIGN="MIDDLE" HEIGHT="60">수수료미징구-오프라인-보수체감</TD>
<TD WIDTH="44" ALIGN="CENTER" VALIGN="MIDDLE" USERMARK="F-9 B" HEIGHT="60">0.7146</TD>
<TD WIDTH="47" ALIGN="CENTER" VALIGN="MIDDLE" USERMARK="F-9 B" HEIGHT="60">1.2500</TD>
<TD WIDTH="56" ALIGN="CENTER" VALIGN="MIDDLE" USERMARK="F-9 B" HEIGHT="60">0.0400</TD>
<TD WIDTH="58" ALIGN="CENTER" VALIGN="MIDDLE" USERMARK="F-9 B" HEIGHT="60">0.0180</TD>
<TD WIDTH="56" ALIGN="CENTER" VALIGN="MIDDLE" USERMARK="F-9 B" HEIGHT="60">2.0226</TD>
<TD WIDTH="51" ALIGN="CENTER" VALIGN="MIDDLE" USERMARK="F-9 " HEIGHT="60">0.0000 </TD>
<TD WIDTH="61" ALIGN="CENTER" VALIGN="MIDDLE" USERMARK="F-9 B" HEIGHT="60">2.0226 </TD>
<TD WIDTH="56" ALIGN="CENTER" VALIGN="MIDDLE" USERMARK="F-9 " HEIGHT="60">-</TD>
<TD WIDTH="64" ALIGN="CENTER" VALIGN="MIDDLE" USERMARK="F-9 B" HEIGHT="60">2.0226 </TD>
<TD WIDTH="55" ALIGN="CENTER" VALIGN="MIDDLE" USERMARK="F-9 " HEIGHT="60">0.0000 </TD>
</TR>

<TR ACOPY="Y" ADELETE="Y" HEIGHT="67">
<TD WIDTH="15" USERMARK="F-9  BC0XD9D9D9" ALIGN="CENTER" VALIGN="MIDDLE" HEIGHT="60">C4</TD>
<TD WIDTH="78" USERMARK="F-9  BC0XD9D9D9" ALIGN="CENTER" VALIGN="MIDDLE" HEIGHT="60">수수료미징구-오프라인-보수체감</TD>
<TD WIDTH="44" ALIGN="CENTER" VALIGN="MIDDLE" USERMARK="F-9 B" HEIGHT="60">0.7146</TD>
<TD WIDTH="47" ALIGN="CENTER" VALIGN="MIDDLE" USERMARK="F-9 B" HEIGHT="60">1.1250</TD>
<TD WIDTH="56" ALIGN="CENTER" VALIGN="MIDDLE" USERMARK="F-9 B" HEIGHT="60">0.0400</TD>
<TD WIDTH="58" ALIGN="CENTER" VALIGN="MIDDLE" USERMARK="F-9 B" HEIGHT="60">0.0180</TD>
<TD WIDTH="56" ALIGN="CENTER" VALIGN="MIDDLE" USERMARK="F-9 B" HEIGHT="60">1.8976</TD>
<TD WIDTH="51" ALIGN="CENTER" VALIGN="MIDDLE" USERMARK="F-9 " HEIGHT="60">0.0000 </TD>
<TD WIDTH="61" ALIGN="CENTER" VALIGN="MIDDLE" USERMARK="F-9 B" HEIGHT="60">1.8976 </TD>
<TD WIDTH="56" ALIGN="CENTER" VALIGN="MIDDLE" USERMARK="F-9 " HEIGHT="60">-</TD>
<TD WIDTH="64" ALIGN="CENTER" VALIGN="MIDDLE" USERMARK="F-9 B" HEIGHT="60">1.8976 </TD>
<TD WIDTH="55" ALIGN="CENTER" VALIGN="MIDDLE" USERMARK="F-9 " HEIGHT="60">0.0000 </TD>
</TR>

<TR ACOPY="Y" ADELETE="Y" HEIGHT="67">
<TD WIDTH="15" USERMARK="F-9  BC0XD9D9D9" ALIGN="CENTER" VALIGN="MIDDLE" HEIGHT="60">C5</TD>
<TD WIDTH="78" USERMARK="F-9  BC0XD9D9D9" ALIGN="CENTER" VALIGN="MIDDLE" HEIGHT="60">수수료미징구-오프라인-보수체감</TD>
<TD WIDTH="44" ALIGN="CENTER" VALIGN="MIDDLE" USERMARK="F-9 B" HEIGHT="60">0.7146</TD>
<TD WIDTH="47" ALIGN="CENTER" VALIGN="MIDDLE" USERMARK="F-9 B" HEIGHT="60">1.0000</TD>
<TD WIDTH="56" ALIGN="CENTER" VALIGN="MIDDLE" USERMARK="F-9 B" HEIGHT="60">0.0400</TD>
<TD WIDTH="58" ALIGN="CENTER" VALIGN="MIDDLE" USERMARK="F-9 B" HEIGHT="60">0.0180</TD>
<TD WIDTH="56" ALIGN="CENTER" VALIGN="MIDDLE" USERMARK="F-9 B" HEIGHT="60">1.7726</TD>
<TD WIDTH="51" ALIGN="CENTER" VALIGN="MIDDLE" USERMARK="F-9 " HEIGHT="60">0.0020 </TD>
<TD WIDTH="61" ALIGN="CENTER" VALIGN="MIDDLE" USERMARK="F-9 B" HEIGHT="60">1.7746 </TD>
<TD WIDTH="56" ALIGN="CENTER" VALIGN="MIDDLE" USERMARK="F-9 " HEIGHT="60">-</TD>
<TD WIDTH="64" ALIGN="CENTER" VALIGN="MIDDLE" USERMARK="F-9 B" HEIGHT="60">1.7746 </TD>
<TD WIDTH="55" ALIGN="CENTER" VALIGN="MIDDLE" USERMARK="F-9 " HEIGHT="60">0.8889</TD>
</TR>

<TR ACOPY="Y" ADELETE="Y" HEIGHT="47">
<TD WIDTH="15" USERMARK="F-9  BC0XD9D9D9" ALIGN="CENTER" VALIGN="MIDDLE" HEIGHT="40">C-E</TD>
<TD WIDTH="78" USERMARK="F-9  BC0XD9D9D9" ALIGN="CENTER" VALIGN="MIDDLE" HEIGHT="40">수수료미징구-온라인</TD>
<TD WIDTH="44" ALIGN="CENTER" VALIGN="MIDDLE" USERMARK="F-9 B" HEIGHT="40">0.7146</TD>
<TD WIDTH="47" ALIGN="CENTER" VALIGN="MIDDLE" USERMARK="F-9 B" HEIGHT="40">0.7374</TD>
<TD WIDTH="56" ALIGN="CENTER" VALIGN="MIDDLE" USERMARK="F-9 B" HEIGHT="40">0.0400</TD>
<TD WIDTH="58" ALIGN="CENTER" VALIGN="MIDDLE" USERMARK="F-9 B" HEIGHT="40">0.0180</TD>
<TD WIDTH="56" ALIGN="CENTER" VALIGN="MIDDLE" USERMARK="F-9 B" HEIGHT="40">1.5100</TD>
<TD WIDTH="51" ALIGN="CENTER" VALIGN="MIDDLE" USERMARK="F-9 " HEIGHT="40">0.0000 </TD>
<TD WIDTH="61" ALIGN="CENTER" VALIGN="MIDDLE" USERMARK="F-9 B" HEIGHT="40">1.5100 </TD>
<TD WIDTH="56" ALIGN="CENTER" VALIGN="MIDDLE" USERMARK="F-9 " HEIGHT="40">1.17 </TD>
<TD WIDTH="64" ALIGN="CENTER" VALIGN="MIDDLE" USERMARK="F-9 B" HEIGHT="40">1.5100 </TD>
<TD WIDTH="55" ALIGN="CENTER" VALIGN="MIDDLE" USERMARK="F-9 " HEIGHT="40">0.9046 </TD>
</TR>

<TR ACOPY="Y" ADELETE="Y" HEIGHT="47">
<TD WIDTH="15" USERMARK="F-9  BC0XD9D9D9" ALIGN="CENTER" VALIGN="MIDDLE" HEIGHT="40">S</TD>
<TD WIDTH="78" USERMARK="F-9  BC0XD9D9D9" ALIGN="CENTER" VALIGN="MIDDLE" HEIGHT="40">수수료후취-온라인슈퍼</TD>
<TD WIDTH="44" ALIGN="CENTER" VALIGN="MIDDLE" USERMARK="F-9 B" HEIGHT="40">0.7146</TD>
<TD WIDTH="47" ALIGN="CENTER" VALIGN="MIDDLE" USERMARK="F-9 B" HEIGHT="40">0.3500</TD>
<TD WIDTH="56" ALIGN="CENTER" VALIGN="MIDDLE" USERMARK="F-9 B" HEIGHT="40">0.0400</TD>
<TD WIDTH="58" ALIGN="CENTER" VALIGN="MIDDLE" USERMARK="F-9 B" HEIGHT="40">0.0180</TD>
<TD WIDTH="56" ALIGN="CENTER" VALIGN="MIDDLE" USERMARK="F-9 B" HEIGHT="40">1.1226</TD>
<TD WIDTH="51" ALIGN="CENTER" VALIGN="MIDDLE" USERMARK="F-9 " HEIGHT="40">0.0000 </TD>
<TD WIDTH="61" ALIGN="CENTER" VALIGN="MIDDLE" USERMARK="F-9 B" HEIGHT="40">1.1226 </TD>
<TD WIDTH="56" ALIGN="CENTER" VALIGN="MIDDLE" USERMARK="F-9 " HEIGHT="40">-</TD>
<TD WIDTH="64" ALIGN="CENTER" VALIGN="MIDDLE" USERMARK="F-9 B" HEIGHT="40">1.1226 </TD>
<TD WIDTH="55" ALIGN="CENTER" VALIGN="MIDDLE" USERMARK="F-9 " HEIGHT="40">0.0000 </TD>
</TR>

<TR ACOPY="Y" ADELETE="Y" HEIGHT="47">
<TD COLSPAN="2" WIDTH="102" USERMARK="F-9  BC0XD9D9D9" ALIGN="CENTER" VALIGN="MIDDLE" HEIGHT="40">지급시기</TD>

<TD COLSPAN="5" WIDTH="297" VALIGN="MIDDLE" HEIGHT="40">
<P USERMARK="F-9  A-C">3개월 후급,</P>
<P USERMARK="F-9  A-C">신탁의 일부해지 및 전부해지 시　</P>
</TD>

<TD WIDTH="51" VALIGN="MIDDLE" HEIGHT="40">
<P USERMARK="F-9  A-C">사유</P>
<P USERMARK="F-9  A-C">발생시</P>
</TD>
<TD WIDTH="61" ALIGN="CENTER" VALIGN="MIDDLE" USERMARK="F-9 " HEIGHT="40">-</TD>
<TD WIDTH="56" ALIGN="CENTER" VALIGN="MIDDLE" USERMARK="F-9 " HEIGHT="40">-</TD>
<TD WIDTH="64" ALIGN="CENTER" VALIGN="MIDDLE" USERMARK="F-9 " HEIGHT="40">-</TD>

<TD WIDTH="55" VALIGN="MIDDLE" HEIGHT="40">
<P USERMARK="F-9  A-C">사유</P>
<P USERMARK="F-9  A-C">발생시</P>
</TD>
</TR>
</TBODY>
</TABLE>
<P USERMARK="F-10 B"> </P>
<P USERMARK="F-10 B">※1,000만원을 투자할 경우 투자자가 부담하게 되는 보수.비용의 투자기간별 예시(누적)</P>

<TABLE BORDER="1" ACLASS="NORMAL" AFIXTABLE="N" WIDTH="756">

<COLGROUP WIDTH="756">
<COL WIDTH="49"></COL>
<COL WIDTH="155"></COL>
<COL WIDTH="232"></COL>
<COL WIDTH="64"></COL>
<COL WIDTH="64"></COL>
<COL WIDTH="64"></COL>
<COL WIDTH="64"></COL>
<COL WIDTH="64"></COL>
</COLGROUP>

<TBODY>

<TR ACOPY="Y" ADELETE="Y" HEIGHT="31">
<TD COLSPAN="2" WIDTH="195" USERMARK="F-10 B 0XFFFFFF BC0X919500" ALIGN="CENTER" VALIGN="MIDDLE" HEIGHT="24">종류형 명칭</TD>
<TD WIDTH="223" USERMARK="F-10 B 0XFFFFFF BC0X919500" ALIGN="CENTER" VALIGN="MIDDLE" HEIGHT="24">투자기간</TD>
<TD WIDTH="55" USERMARK="F-10 B 0XFFFFFF BC0X919500" ALIGN="CENTER" VALIGN="MIDDLE" HEIGHT="24">1년</TD>
<TD WIDTH="55" USERMARK="F-10 B 0XFFFFFF BC0X919500" ALIGN="CENTER" VALIGN="MIDDLE" HEIGHT="24">2년</TD>
<TD WIDTH="55" USERMARK="F-10 B 0XFFFFFF BC0X919500" ALIGN="CENTER" VALIGN="MIDDLE" HEIGHT="24">3년</TD>
<TD WIDTH="55" USERMARK="F-10 B 0XFFFFFF BC0X919500" ALIGN="CENTER" VALIGN="MIDDLE" HEIGHT="24">5년</TD>
<TD WIDTH="55" USERMARK="F-10 B 0XFFFFFF BC0X919500" ALIGN="CENTER" VALIGN="MIDDLE" HEIGHT="24">10년</TD>
</TR>

<TR ACOPY="Y" ADELETE="Y" HEIGHT="28">
<TD ROWSPAN="2" WIDTH="40" USERMARK="F-10  BC0XD9D9D9" VALIGN="MIDDLE" HEIGHT="49">A</TD>
<TD ROWSPAN="2" WIDTH="146" USERMARK="F-10  BC0XD9D9D9" VALIGN="MIDDLE" HEIGHT="49">수수료선취-오프라인</TD>
<TD WIDTH="223" ALIGN="CENTER" USERMARK="F-10 " HEIGHT="21">판매수수료 및 보수.비용</TD>
<TD WIDTH="55" ALIGN="CENTER" VALIGN="MIDDLE" USERMARK="F-10 B" HEIGHT="21">253</TD>
<TD WIDTH="55" ALIGN="CENTER" VALIGN="MIDDLE" USERMARK="F-10 B" HEIGHT="21">414</TD>
<TD WIDTH="55" ALIGN="CENTER" VALIGN="MIDDLE" USERMARK="F-10 B" HEIGHT="21">583</TD>
<TD WIDTH="55" ALIGN="CENTER" VALIGN="MIDDLE" USERMARK="F-10 B" HEIGHT="21">946</TD>
<TD WIDTH="55" ALIGN="CENTER" VALIGN="MIDDLE" USERMARK="F-10 B" HEIGHT="21">2,027</TD>
</TR>

<TR ACOPY="Y" ADELETE="Y" HEIGHT="28">
<TD WIDTH="223" ALIGN="CENTER" USERMARK="F-10 " HEIGHT="21">판매수수료 및 합성 총 보수.비용</TD>
<TD WIDTH="55" ALIGN="CENTER" VALIGN="MIDDLE" USERMARK="F-10 B" HEIGHT="21">253</TD>
<TD WIDTH="55" ALIGN="CENTER" VALIGN="MIDDLE" USERMARK="F-10 B" HEIGHT="21">414</TD>
<TD WIDTH="55" ALIGN="CENTER" VALIGN="MIDDLE" USERMARK="F-10 B" HEIGHT="21">583</TD>
<TD WIDTH="55" ALIGN="CENTER" VALIGN="MIDDLE" USERMARK="F-10 B" HEIGHT="21">946</TD>
<TD WIDTH="55" ALIGN="CENTER" VALIGN="MIDDLE" USERMARK="F-10 B" HEIGHT="21">2,027</TD>
</TR>

<TR ACOPY="Y" ADELETE="Y" HEIGHT="28">
<TD ROWSPAN="2" WIDTH="40" USERMARK="F-10  BC0XD9D9D9" VALIGN="MIDDLE" HEIGHT="49">C1</TD>
<TD ROWSPAN="2" WIDTH="146" USERMARK="F-10  BC0XD9D9D9" VALIGN="MIDDLE" HEIGHT="49">수수료미징구-오프라인-보수체감</TD>
<TD WIDTH="223" ALIGN="CENTER" USERMARK="F-10 " HEIGHT="21">판매수수료 및 보수.비용</TD>
<TD WIDTH="55" ALIGN="CENTER" VALIGN="MIDDLE" USERMARK="F-10 B" HEIGHT="21">233</TD>
<TD WIDTH="55" ALIGN="CENTER" VALIGN="MIDDLE" USERMARK="F-10 B" HEIGHT="21">464</TD>
<TD WIDTH="55" ALIGN="CENTER" VALIGN="MIDDLE" USERMARK="F-10 B" HEIGHT="21">693</TD>
<TD WIDTH="55" ALIGN="CENTER" VALIGN="MIDDLE" USERMARK="F-10 B" HEIGHT="21">1,139</TD>
<TD WIDTH="55" ALIGN="CENTER" VALIGN="MIDDLE" USERMARK="F-10 B" HEIGHT="21">2,420</TD>
</TR>

<TR ACOPY="Y" ADELETE="Y" HEIGHT="28">
<TD WIDTH="223" ALIGN="CENTER" USERMARK="F-10 " HEIGHT="21">판매수수료 및 합성 총 보수.비용</TD>
<TD WIDTH="55" ALIGN="CENTER" VALIGN="MIDDLE" USERMARK="F-10 B" HEIGHT="21">233</TD>
<TD WIDTH="55" ALIGN="CENTER" VALIGN="MIDDLE" USERMARK="F-10 B" HEIGHT="21">464</TD>
<TD WIDTH="55" ALIGN="CENTER" VALIGN="MIDDLE" USERMARK="F-10 B" HEIGHT="21">693</TD>
<TD WIDTH="55" ALIGN="CENTER" VALIGN="MIDDLE" USERMARK="F-10 B" HEIGHT="21">1,139</TD>
<TD WIDTH="55" ALIGN="CENTER" VALIGN="MIDDLE" USERMARK="F-10 B" HEIGHT="21">2,421</TD>
</TR>

<TR ACOPY="Y" ADELETE="Y" HEIGHT="28">
<TD ROWSPAN="2" WIDTH="40" USERMARK="F-10  BC0XD9D9D9" VALIGN="MIDDLE" HEIGHT="49">C-E</TD>
<TD ROWSPAN="2" WIDTH="146" USERMARK="F-10  BC0XD9D9D9" VALIGN="MIDDLE" HEIGHT="49">수수료미징구-온라인</TD>
<TD WIDTH="223" ALIGN="CENTER" USERMARK="F-10 " HEIGHT="21">판매수수료 및 보수.비용</TD>
<TD WIDTH="55" ALIGN="CENTER" VALIGN="MIDDLE" USERMARK="F-10 B" HEIGHT="21">155</TD>
<TD WIDTH="55" ALIGN="CENTER" VALIGN="MIDDLE" USERMARK="F-10 B" HEIGHT="21">317</TD>
<TD WIDTH="55" ALIGN="CENTER" VALIGN="MIDDLE" USERMARK="F-10 B" HEIGHT="21">488</TD>
<TD WIDTH="55" ALIGN="CENTER" VALIGN="MIDDLE" USERMARK="F-10 B" HEIGHT="21">855</TD>
<TD WIDTH="55" ALIGN="CENTER" VALIGN="MIDDLE" USERMARK="F-10 B" HEIGHT="21">1,946</TD>
</TR>

<TR ACOPY="Y" ADELETE="Y" HEIGHT="28">
<TD WIDTH="223" ALIGN="CENTER" USERMARK="F-10 " HEIGHT="21">판매수수료 및 합성 총 보수.비용</TD>
<TD WIDTH="55" ALIGN="CENTER" VALIGN="MIDDLE" USERMARK="F-10 B" HEIGHT="21">155</TD>
<TD WIDTH="55" ALIGN="CENTER" VALIGN="MIDDLE" USERMARK="F-10 B" HEIGHT="21">317</TD>
<TD WIDTH="55" ALIGN="CENTER" VALIGN="MIDDLE" USERMARK="F-10 B" HEIGHT="21">488</TD>
<TD WIDTH="55" ALIGN="CENTER" VALIGN="MIDDLE" USERMARK="F-10 B" HEIGHT="21">855</TD>
<TD WIDTH="55" ALIGN="CENTER" VALIGN="MIDDLE" USERMARK="F-10 B" HEIGHT="21">1,946</TD>
</TR>

<TR ACOPY="Y" ADELETE="Y" HEIGHT="28">
<TD ROWSPAN="2" WIDTH="40" USERMARK="F-10  BC0XD9D9D9" VALIGN="MIDDLE" HEIGHT="49">S</TD>
<TD ROWSPAN="2" WIDTH="146" USERMARK="F-10  BC0XD9D9D9" VALIGN="MIDDLE" HEIGHT="49">수수료후취-온라인슈퍼</TD>
<TD WIDTH="223" ALIGN="CENTER" USERMARK="F-10 " HEIGHT="21">판매수수료 및 보수.비용</TD>
<TD WIDTH="55" ALIGN="CENTER" VALIGN="MIDDLE" USERMARK="F-10 B" HEIGHT="21">115</TD>
<TD WIDTH="55" ALIGN="CENTER" VALIGN="MIDDLE" USERMARK="F-10 B" HEIGHT="21">236</TD>
<TD WIDTH="55" ALIGN="CENTER" VALIGN="MIDDLE" USERMARK="F-10 B" HEIGHT="21">363</TD>
<TD WIDTH="55" ALIGN="CENTER" VALIGN="MIDDLE" USERMARK="F-10 B" HEIGHT="21">636</TD>
<TD WIDTH="55" ALIGN="CENTER" VALIGN="MIDDLE" USERMARK="F-10 B" HEIGHT="21">1,447</TD>
</TR>

<TR ACOPY="Y" ADELETE="Y" HEIGHT="28">
<TD WIDTH="223" ALIGN="CENTER" USERMARK="F-10 " HEIGHT="21">판매수수료 및 합성 총 보수.비용</TD>
<TD WIDTH="55" ALIGN="CENTER" VALIGN="MIDDLE" USERMARK="F-10 B" HEIGHT="21">115</TD>
<TD WIDTH="55" ALIGN="CENTER" VALIGN="MIDDLE" USERMARK="F-10 B" HEIGHT="21">236</TD>
<TD WIDTH="55" ALIGN="CENTER" VALIGN="MIDDLE" USERMARK="F-10 B" HEIGHT="21">363</TD>
<TD WIDTH="55" ALIGN="CENTER" VALIGN="MIDDLE" USERMARK="F-10 B" HEIGHT="21">636</TD>
<TD WIDTH="55" ALIGN="CENTER" VALIGN="MIDDLE" USERMARK="F-10 B" HEIGHT="21">1,447</TD>
</TR>
</TBODY>
</TABLE>
<P USERMARK="F-10 B"> </P>
<P USERMARK="F-10 B"><변경 후3></P>

<TABLE BORDER="1" ACLASS="NORMAL" AFIXTABLE="N" WIDTH="746">

<COLGROUP WIDTH="746">
<COL WIDTH="24"></COL>
<COL WIDTH="87"></COL>
<COL WIDTH="54"></COL>
<COL WIDTH="58"></COL>
<COL WIDTH="66"></COL>
<COL WIDTH="65"></COL>
<COL WIDTH="62"></COL>
<COL WIDTH="56"></COL>
<COL WIDTH="71"></COL>
<COL WIDTH="63"></COL>
<COL WIDTH="66"></COL>
<COL WIDTH="74"></COL>
</COLGROUP>

<TBODY>

<TR ACOPY="Y" ADELETE="Y" HEIGHT="27">
<TD COLSPAN="2" ROWSPAN="2" WIDTH="102" USERMARK="F-9 B 0XFFFFFF BC0X919500" ALIGN="CENTER" VALIGN="MIDDLE" HEIGHT="107">종류형 명칭</TD>
<TD COLSPAN="10" WIDTH="626" USERMARK="F-9 B 0XFFFFFF BC0X919500" ALIGN="CENTER" HEIGHT="20">지급비율(연간, %)</TD>
</TR>

<TR ACOPY="Y" ADELETE="Y" HEIGHT="87">
<TD WIDTH="45" USERMARK="F-9  0XFFFFFF BC0X919500" ALIGN="CENTER" VALIGN="MIDDLE" HEIGHT="80">집합투자업자보수</TD>
<TD WIDTH="49" USERMARK="F-9  0XFFFFFF BC0X919500" ALIGN="CENTER" VALIGN="MIDDLE" HEIGHT="80">판매회사보수</TD>
<TD WIDTH="57" USERMARK="F-9  0XFFFFFF BC0X919500" ALIGN="CENTER" VALIGN="MIDDLE" HEIGHT="80">수탁회사보수</TD>
<TD WIDTH="56" USERMARK="F-9  0XFFFFFF BC0X919500" ALIGN="CENTER" VALIGN="MIDDLE" HEIGHT="80">일반사무관리회사보수</TD>
<TD WIDTH="53" USERMARK="F-9 B 0XFFFFFF BC0X919500" ALIGN="CENTER" VALIGN="MIDDLE" HEIGHT="80">총 보수</TD>
<TD WIDTH="47" USERMARK="F-9  0XFFFFFF BC0X919500" ALIGN="CENTER" VALIGN="MIDDLE" HEIGHT="80">기타비용주1)</TD>

<TD WIDTH="62" USERMARK="BC0X919500" VALIGN="MIDDLE" HEIGHT="80">
<P USERMARK="F-9 B 0XFFFFFF A-C">총보수.</P>
<P USERMARK="F-9 B 0XFFFFFF A-C">비용</P>
<P USERMARK="F-9 B 0XFFFFFF A-C">주2)</P>
</TD>
<TD WIDTH="54" USERMARK="F-9  0XFFFFFF BC0X919500" ALIGN="CENTER" VALIGN="MIDDLE" HEIGHT="80">(동종유형 총 보수)주3)</TD>
<TD WIDTH="57" USERMARK="F-9  0XFFFFFF BC0X919500" ALIGN="CENTER" VALIGN="MIDDLE" HEIGHT="80">합성총보수.비용주4)</TD>
<TD WIDTH="65" USERMARK="F-9  0XFFFFFF BC0X919500" ALIGN="CENTER" VALIGN="MIDDLE" HEIGHT="80">증권거래비용주5)</TD>
</TR>

<TR ACOPY="Y" ADELETE="Y" HEIGHT="47">
<TD WIDTH="15" USERMARK="F-9  BC0XD9D9D9" ALIGN="CENTER" VALIGN="MIDDLE" HEIGHT="40">A</TD>
<TD WIDTH="78" USERMARK="F-9  BC0XD9D9D9" ALIGN="CENTER" VALIGN="MIDDLE" HEIGHT="40">수수료선취-오프라인</TD>
<TD WIDTH="45" ALIGN="CENTER" VALIGN="MIDDLE" USERMARK="F-9 B" HEIGHT="40">0.5826</TD>
<TD WIDTH="49" ALIGN="CENTER" VALIGN="MIDDLE" USERMARK="F-9 B" HEIGHT="40">0.3594</TD>
<TD WIDTH="57" ALIGN="CENTER" VALIGN="MIDDLE" USERMARK="F-9 B" HEIGHT="40">0.0300</TD>
<TD WIDTH="56" ALIGN="CENTER" VALIGN="MIDDLE" USERMARK="F-9 B" HEIGHT="40">0.0150</TD>
<TD WIDTH="53" ALIGN="CENTER" VALIGN="MIDDLE" USERMARK="F-9 B" HEIGHT="40">0.9870</TD>
<TD WIDTH="47" ALIGN="CENTER" VALIGN="MIDDLE" USERMARK="F-9 " HEIGHT="40">0.0000 </TD>
<TD WIDTH="62" ALIGN="CENTER" VALIGN="MIDDLE" USERMARK="F-9 B" HEIGHT="40">0.9870</TD>
<TD WIDTH="54" ALIGN="CENTER" VALIGN="MIDDLE" USERMARK="F-9 " HEIGHT="40">1.40</TD>
<TD WIDTH="57" ALIGN="CENTER" VALIGN="MIDDLE" USERMARK="F-9 B" HEIGHT="40">0.9870</TD>
<TD WIDTH="65" ALIGN="CENTER" VALIGN="MIDDLE" USERMARK="F-9 " HEIGHT="40">0.0000 </TD>
</TR>

<TR ACOPY="Y" ADELETE="Y" HEIGHT="67">
<TD WIDTH="15" USERMARK="F-9  BC0XD9D9D9" ALIGN="CENTER" VALIGN="MIDDLE" HEIGHT="60">C1</TD>
<TD WIDTH="78" USERMARK="F-9  BC0XD9D9D9" ALIGN="CENTER" VALIGN="MIDDLE" HEIGHT="60">수수료미징구-오프라인-보수체감</TD>
<TD WIDTH="45" ALIGN="CENTER" VALIGN="MIDDLE" USERMARK="F-9 B" HEIGHT="60">0.5826</TD>
<TD WIDTH="49" ALIGN="CENTER" VALIGN="MIDDLE" USERMARK="F-9 B" HEIGHT="60">1.1000</TD>
<TD WIDTH="57" ALIGN="CENTER" VALIGN="MIDDLE" USERMARK="F-9 B" HEIGHT="60">0.0300</TD>
<TD WIDTH="56" ALIGN="CENTER" VALIGN="MIDDLE" USERMARK="F-9 B" HEIGHT="60">0.0150</TD>
<TD WIDTH="53" ALIGN="CENTER" VALIGN="MIDDLE" USERMARK="F-9 B" HEIGHT="60">1.7276</TD>
<TD WIDTH="47" ALIGN="CENTER" VALIGN="MIDDLE" USERMARK="F-9 " HEIGHT="60">0.0000 </TD>
<TD WIDTH="62" ALIGN="CENTER" VALIGN="MIDDLE" USERMARK="F-9 B" HEIGHT="60">1.7276</TD>
<TD WIDTH="54" ALIGN="CENTER" VALIGN="MIDDLE" USERMARK="F-9 " HEIGHT="60">1.60 </TD>
<TD WIDTH="57" ALIGN="CENTER" VALIGN="MIDDLE" USERMARK="F-9 B" HEIGHT="60">1.7276</TD>
<TD WIDTH="65" ALIGN="CENTER" VALIGN="MIDDLE" USERMARK="F-9 " HEIGHT="60">0.0000 </TD>
</TR>

<TR ACOPY="Y" ADELETE="Y" HEIGHT="67">
<TD WIDTH="15" USERMARK="F-9  BC0XD9D9D9" ALIGN="CENTER" VALIGN="MIDDLE" HEIGHT="60">C2</TD>
<TD WIDTH="78" USERMARK="F-9  BC0XD9D9D9" ALIGN="CENTER" VALIGN="MIDDLE" HEIGHT="60">수수료미징구-오프라인-보수체감</TD>
<TD WIDTH="45" ALIGN="CENTER" VALIGN="MIDDLE" USERMARK="F-9 B" HEIGHT="60">0.5826</TD>
<TD WIDTH="49" ALIGN="CENTER" VALIGN="MIDDLE" USERMARK="F-9 B" HEIGHT="60">1.0000</TD>
<TD WIDTH="57" ALIGN="CENTER" VALIGN="MIDDLE" USERMARK="F-9 B" HEIGHT="60">0.0300</TD>
<TD WIDTH="56" ALIGN="CENTER" VALIGN="MIDDLE" USERMARK="F-9 B" HEIGHT="60">0.0150</TD>
<TD WIDTH="53" ALIGN="CENTER" VALIGN="MIDDLE" USERMARK="F-9 B" HEIGHT="60">1.6276</TD>
<TD WIDTH="47" ALIGN="CENTER" VALIGN="MIDDLE" USERMARK="F-9 " HEIGHT="60">0.0000 </TD>
<TD WIDTH="62" ALIGN="CENTER" VALIGN="MIDDLE" USERMARK="F-9 B" HEIGHT="60">1.6276</TD>
<TD WIDTH="54" ALIGN="CENTER" VALIGN="MIDDLE" USERMARK="F-9 " HEIGHT="60">-</TD>
<TD WIDTH="57" ALIGN="CENTER" VALIGN="MIDDLE" USERMARK="F-9 B" HEIGHT="60">1.6276</TD>
<TD WIDTH="65" ALIGN="CENTER" VALIGN="MIDDLE" USERMARK="F-9 " HEIGHT="60">0.0000 </TD>
</TR>

<TR ACOPY="Y" ADELETE="Y" HEIGHT="67">
<TD WIDTH="15" USERMARK="F-9  BC0XD9D9D9" ALIGN="CENTER" VALIGN="MIDDLE" HEIGHT="60">C3</TD>
<TD WIDTH="78" USERMARK="F-9  BC0XD9D9D9" ALIGN="CENTER" VALIGN="MIDDLE" HEIGHT="60">수수료미징구-오프라인-보수체감</TD>
<TD WIDTH="45" ALIGN="CENTER" VALIGN="MIDDLE" USERMARK="F-9 B" HEIGHT="60">0.5826</TD>
<TD WIDTH="49" ALIGN="CENTER" VALIGN="MIDDLE" USERMARK="F-9 B" HEIGHT="60">0.9000</TD>
<TD WIDTH="57" ALIGN="CENTER" VALIGN="MIDDLE" USERMARK="F-9 B" HEIGHT="60">0.0300</TD>
<TD WIDTH="56" ALIGN="CENTER" VALIGN="MIDDLE" USERMARK="F-9 B" HEIGHT="60">0.0150</TD>
<TD WIDTH="53" ALIGN="CENTER" VALIGN="MIDDLE" USERMARK="F-9 B" HEIGHT="60">1.5276</TD>
<TD WIDTH="47" ALIGN="CENTER" VALIGN="MIDDLE" USERMARK="F-9 " HEIGHT="60">0.0000 </TD>
<TD WIDTH="62" ALIGN="CENTER" VALIGN="MIDDLE" USERMARK="F-9 B" HEIGHT="60">1.5276</TD>
<TD WIDTH="54" ALIGN="CENTER" VALIGN="MIDDLE" USERMARK="F-9 " HEIGHT="60">-</TD>
<TD WIDTH="57" ALIGN="CENTER" VALIGN="MIDDLE" USERMARK="F-9 B" HEIGHT="60">1.5276</TD>
<TD WIDTH="65" ALIGN="CENTER" VALIGN="MIDDLE" USERMARK="F-9 " HEIGHT="60">0.0000 </TD>
</TR>

<TR ACOPY="Y" ADELETE="Y" HEIGHT="67">
<TD WIDTH="15" USERMARK="F-9  BC0XD9D9D9" ALIGN="CENTER" VALIGN="MIDDLE" HEIGHT="60">C4</TD>
<TD WIDTH="78" USERMARK="F-9  BC0XD9D9D9" ALIGN="CENTER" VALIGN="MIDDLE" HEIGHT="60">수수료미징구-오프라인-보수체감</TD>
<TD WIDTH="45" ALIGN="CENTER" VALIGN="MIDDLE" USERMARK="F-9 B" HEIGHT="60">0.5826</TD>
<TD WIDTH="49" ALIGN="CENTER" VALIGN="MIDDLE" USERMARK="F-9 B" HEIGHT="60">0.8000</TD>
<TD WIDTH="57" ALIGN="CENTER" VALIGN="MIDDLE" USERMARK="F-9 B" HEIGHT="60">0.0300</TD>
<TD WIDTH="56" ALIGN="CENTER" VALIGN="MIDDLE" USERMARK="F-9 B" HEIGHT="60">0.0150</TD>
<TD WIDTH="53" ALIGN="CENTER" VALIGN="MIDDLE" USERMARK="F-9 B" HEIGHT="60">1.4276</TD>
<TD WIDTH="47" ALIGN="CENTER" VALIGN="MIDDLE" USERMARK="F-9 " HEIGHT="60">0.0000 </TD>
<TD WIDTH="62" ALIGN="CENTER" VALIGN="MIDDLE" USERMARK="F-9 B" HEIGHT="60">1.4276</TD>
<TD WIDTH="54" ALIGN="CENTER" VALIGN="MIDDLE" USERMARK="F-9 " HEIGHT="60">-</TD>
<TD WIDTH="57" ALIGN="CENTER" VALIGN="MIDDLE" USERMARK="F-9 B" HEIGHT="60">1.4276</TD>
<TD WIDTH="65" ALIGN="CENTER" VALIGN="MIDDLE" USERMARK="F-9 " HEIGHT="60">0.0000 </TD>
</TR>

<TR ACOPY="Y" ADELETE="Y" HEIGHT="67">
<TD WIDTH="15" USERMARK="F-9  BC0XD9D9D9" ALIGN="CENTER" VALIGN="MIDDLE" HEIGHT="60">C5</TD>
<TD WIDTH="78" USERMARK="F-9  BC0XD9D9D9" ALIGN="CENTER" VALIGN="MIDDLE" HEIGHT="60">수수료미징구-오프라인-보수체감</TD>
<TD WIDTH="45" ALIGN="CENTER" VALIGN="MIDDLE" USERMARK="F-9 B" HEIGHT="60">0.5826</TD>
<TD WIDTH="49" ALIGN="CENTER" VALIGN="MIDDLE" USERMARK="F-9 B" HEIGHT="60">0.7000</TD>
<TD WIDTH="57" ALIGN="CENTER" VALIGN="MIDDLE" USERMARK="F-9 B" HEIGHT="60">0.0300</TD>
<TD WIDTH="56" ALIGN="CENTER" VALIGN="MIDDLE" USERMARK="F-9 B" HEIGHT="60">0.0150</TD>
<TD WIDTH="53" ALIGN="CENTER" VALIGN="MIDDLE" USERMARK="F-9 B" HEIGHT="60">1.3276</TD>
<TD WIDTH="47" ALIGN="CENTER" VALIGN="MIDDLE" USERMARK="F-9 " HEIGHT="60">0.0020 </TD>
<TD WIDTH="62" ALIGN="CENTER" VALIGN="MIDDLE" USERMARK="F-9 B" HEIGHT="60">1.3296</TD>
<TD WIDTH="54" ALIGN="CENTER" VALIGN="MIDDLE" USERMARK="F-9 " HEIGHT="60">-</TD>
<TD WIDTH="57" ALIGN="CENTER" VALIGN="MIDDLE" USERMARK="F-9 B" HEIGHT="60">1.3296</TD>
<TD WIDTH="65" ALIGN="CENTER" VALIGN="MIDDLE" USERMARK="F-9 " HEIGHT="60">0.8889</TD>
</TR>

<TR ACOPY="Y" ADELETE="Y" HEIGHT="47">
<TD WIDTH="15" USERMARK="F-9  BC0XD9D9D9" ALIGN="CENTER" VALIGN="MIDDLE" HEIGHT="40">C-E</TD>
<TD WIDTH="78" USERMARK="F-9  BC0XD9D9D9" ALIGN="CENTER" VALIGN="MIDDLE" HEIGHT="40">수수료미징구-온라인</TD>
<TD WIDTH="45" ALIGN="CENTER" VALIGN="MIDDLE" USERMARK="F-9 B" HEIGHT="40">0.5826</TD>
<TD WIDTH="49" ALIGN="CENTER" VALIGN="MIDDLE" USERMARK="F-9 B" HEIGHT="40">0.4500</TD>
<TD WIDTH="57" ALIGN="CENTER" VALIGN="MIDDLE" USERMARK="F-9 B" HEIGHT="40">0.0300</TD>
<TD WIDTH="56" ALIGN="CENTER" VALIGN="MIDDLE" USERMARK="F-9 B" HEIGHT="40">0.0150</TD>
<TD WIDTH="53" ALIGN="CENTER" VALIGN="MIDDLE" USERMARK="F-9 B" HEIGHT="40">1.0776</TD>
<TD WIDTH="47" ALIGN="CENTER" VALIGN="MIDDLE" USERMARK="F-9 " HEIGHT="40">0.0000 </TD>
<TD WIDTH="62" ALIGN="CENTER" VALIGN="MIDDLE" USERMARK="F-9 B" HEIGHT="40">1.0776</TD>
<TD WIDTH="54" ALIGN="CENTER" VALIGN="MIDDLE" USERMARK="F-9 " HEIGHT="40">1.14 </TD>
<TD WIDTH="57" ALIGN="CENTER" VALIGN="MIDDLE" USERMARK="F-9 B" HEIGHT="40">1.0776</TD>
<TD WIDTH="65" ALIGN="CENTER" VALIGN="MIDDLE" USERMARK="F-9 " HEIGHT="40">0.9046 </TD>
</TR>

<TR ACOPY="Y" ADELETE="Y" HEIGHT="47">
<TD WIDTH="15" USERMARK="F-9  BC0XD9D9D9" ALIGN="CENTER" VALIGN="MIDDLE" HEIGHT="40">S</TD>
<TD WIDTH="78" USERMARK="F-9  BC0XD9D9D9" ALIGN="CENTER" VALIGN="MIDDLE" HEIGHT="40">수수료후취-온라인슈퍼</TD>
<TD WIDTH="45" ALIGN="CENTER" VALIGN="MIDDLE" USERMARK="F-9 B" HEIGHT="40">0.5826</TD>
<TD WIDTH="49" ALIGN="CENTER" VALIGN="MIDDLE" USERMARK="F-9 B" HEIGHT="40">0.3000</TD>
<TD WIDTH="57" ALIGN="CENTER" VALIGN="MIDDLE" USERMARK="F-9 B" HEIGHT="40">0.0300</TD>
<TD WIDTH="56" ALIGN="CENTER" VALIGN="MIDDLE" USERMARK="F-9 B" HEIGHT="40">0.0150</TD>
<TD WIDTH="53" ALIGN="CENTER" VALIGN="MIDDLE" USERMARK="F-9 B" HEIGHT="40">0.9276</TD>
<TD WIDTH="47" ALIGN="CENTER" VALIGN="MIDDLE" USERMARK="F-9 " HEIGHT="40">0.0000 </TD>
<TD WIDTH="62" ALIGN="CENTER" VALIGN="MIDDLE" USERMARK="F-9 B" HEIGHT="40">0.9276</TD>
<TD WIDTH="54" ALIGN="CENTER" VALIGN="MIDDLE" USERMARK="F-9 " HEIGHT="40">-</TD>
<TD WIDTH="57" ALIGN="CENTER" VALIGN="MIDDLE" USERMARK="F-9 B" HEIGHT="40">0.9276</TD>
<TD WIDTH="65" ALIGN="CENTER" VALIGN="MIDDLE" USERMARK="F-9 " HEIGHT="40">0.0000 </TD>
</TR>

<TR ACOPY="Y" ADELETE="Y" HEIGHT="47">
<TD COLSPAN="2" WIDTH="102" USERMARK="F-9  BC0XD9D9D9" ALIGN="CENTER" VALIGN="MIDDLE" HEIGHT="40">지급시기</TD>

<TD COLSPAN="5" WIDTH="296" VALIGN="MIDDLE" HEIGHT="40">
<P USERMARK="F-9  A-C">3개월 후급,</P>
<P USERMARK="F-9  A-C">신탁의 일부해지 및 전부해지 시　</P>
</TD>

<TD WIDTH="47" VALIGN="MIDDLE" HEIGHT="40">
<P USERMARK="F-9  A-C">사유</P>
<P USERMARK="F-9  A-C">발생시</P>
</TD>
<TD WIDTH="62" ALIGN="CENTER" VALIGN="MIDDLE" USERMARK="F-9 " HEIGHT="40">-</TD>
<TD WIDTH="54" ALIGN="CENTER" VALIGN="MIDDLE" USERMARK="F-9 " HEIGHT="40">-</TD>
<TD WIDTH="57" ALIGN="CENTER" VALIGN="MIDDLE" USERMARK="F-9 " HEIGHT="40">-</TD>

<TD WIDTH="65" VALIGN="MIDDLE" HEIGHT="40">
<P USERMARK="F-9  A-C">사유</P>
<P USERMARK="F-9  A-C">발생시</P>
</TD>
</TR>
</TBODY>
</TABLE>
<P USERMARK="F-10 B"> </P>
<P USERMARK="F-10 B">※1,000만원을 투자할 경우 투자자가 부담하게 되는 보수.비용의 투자기간별 예시(누적)</P>

<TABLE BORDER="1" ACLASS="NORMAL" AFIXTABLE="N" WIDTH="756">

<COLGROUP WIDTH="756">
<COL WIDTH="49"></COL>
<COL WIDTH="155"></COL>
<COL WIDTH="232"></COL>
<COL WIDTH="64"></COL>
<COL WIDTH="64"></COL>
<COL WIDTH="64"></COL>
<COL WIDTH="64"></COL>
<COL WIDTH="64"></COL>
</COLGROUP>

<TBODY>

<TR ACOPY="Y" ADELETE="Y" HEIGHT="31">
<TD COLSPAN="2" WIDTH="195" USERMARK="F-10 B 0XFFFFFF BC0X919500" ALIGN="CENTER" VALIGN="MIDDLE" HEIGHT="24">종류형 명칭</TD>
<TD WIDTH="223" USERMARK="F-10 B 0XFFFFFF BC0X919500" ALIGN="CENTER" VALIGN="MIDDLE" HEIGHT="24">투자기간</TD>
<TD WIDTH="55" USERMARK="F-10 B 0XFFFFFF BC0X919500" ALIGN="CENTER" VALIGN="MIDDLE" HEIGHT="24">1년</TD>
<TD WIDTH="55" USERMARK="F-10 B 0XFFFFFF BC0X919500" ALIGN="CENTER" VALIGN="MIDDLE" HEIGHT="24">2년</TD>
<TD WIDTH="55" USERMARK="F-10 B 0XFFFFFF BC0X919500" ALIGN="CENTER" VALIGN="MIDDLE" HEIGHT="24">3년</TD>
<TD WIDTH="55" USERMARK="F-10 B 0XFFFFFF BC0X919500" ALIGN="CENTER" VALIGN="MIDDLE" HEIGHT="24">5년</TD>
<TD WIDTH="55" USERMARK="F-10 B 0XFFFFFF BC0X919500" ALIGN="CENTER" VALIGN="MIDDLE" HEIGHT="24">10년</TD>
</TR>

<TR ACOPY="Y" ADELETE="Y" HEIGHT="28">
<TD ROWSPAN="2" WIDTH="40" USERMARK="F-10  BC0XD9D9D9" VALIGN="MIDDLE" HEIGHT="49">A</TD>
<TD ROWSPAN="2" WIDTH="146" USERMARK="F-10  BC0XD9D9D9" VALIGN="MIDDLE" HEIGHT="49">수수료선취-오프라인</TD>
<TD WIDTH="223" ALIGN="CENTER" USERMARK="F-10 " HEIGHT="21">판매수수료 및 보수.비용</TD>
<TD WIDTH="55" ALIGN="CENTER" VALIGN="MIDDLE" USERMARK="F-9 B" HEIGHT="21">200</TD>
<TD WIDTH="55" ALIGN="CENTER" VALIGN="MIDDLE" USERMARK="F-9 B" HEIGHT="21">305</TD>
<TD WIDTH="55" ALIGN="CENTER" VALIGN="MIDDLE" USERMARK="F-9 B" HEIGHT="21">416</TD>
<TD WIDTH="55" ALIGN="CENTER" VALIGN="MIDDLE" USERMARK="F-9 B" HEIGHT="21">653</TD>
<TD WIDTH="55" ALIGN="CENTER" VALIGN="MIDDLE" USERMARK="F-9 B" HEIGHT="21">1,359</TD>
</TR>

<TR ACOPY="Y" ADELETE="Y" HEIGHT="28">
<TD WIDTH="223" ALIGN="CENTER" USERMARK="F-10 " HEIGHT="21">판매수수료 및 합성 총 보수.비용</TD>
<TD WIDTH="55" ALIGN="CENTER" VALIGN="MIDDLE" USERMARK="F-9 B" HEIGHT="21">200</TD>
<TD WIDTH="55" ALIGN="CENTER" VALIGN="MIDDLE" USERMARK="F-9 B" HEIGHT="21">305</TD>
<TD WIDTH="55" ALIGN="CENTER" VALIGN="MIDDLE" USERMARK="F-9 B" HEIGHT="21">416</TD>
<TD WIDTH="55" ALIGN="CENTER" VALIGN="MIDDLE" USERMARK="F-9 B" HEIGHT="21">653</TD>
<TD WIDTH="55" ALIGN="CENTER" VALIGN="MIDDLE" USERMARK="F-9 B" HEIGHT="21">1,359</TD>
</TR>

<TR ACOPY="Y" ADELETE="Y" HEIGHT="28">
<TD ROWSPAN="2" WIDTH="40" USERMARK="F-10  BC0XD9D9D9" VALIGN="MIDDLE" HEIGHT="49">C1</TD>
<TD ROWSPAN="2" WIDTH="146" USERMARK="F-10  BC0XD9D9D9" VALIGN="MIDDLE" HEIGHT="49">수수료미징구-오프라인-보수체감</TD>
<TD WIDTH="223" ALIGN="CENTER" USERMARK="F-10 " HEIGHT="21">판매수수료 및 보수.비용</TD>
<TD WIDTH="55" ALIGN="CENTER" VALIGN="MIDDLE" USERMARK="F-10 B" HEIGHT="21">177</TD>
<TD WIDTH="55" ALIGN="CENTER" VALIGN="MIDDLE" USERMARK="F-10 B" HEIGHT="21">352</TD>
<TD WIDTH="55" ALIGN="CENTER" VALIGN="MIDDLE" USERMARK="F-10 B" HEIGHT="21">525</TD>
<TD WIDTH="55" ALIGN="CENTER" VALIGN="MIDDLE" USERMARK="F-10 B" HEIGHT="21">860</TD>
<TD WIDTH="55" ALIGN="CENTER" VALIGN="MIDDLE" USERMARK="F-10 B" HEIGHT="21">1,819</TD>
</TR>

<TR ACOPY="Y" ADELETE="Y" HEIGHT="28">
<TD WIDTH="223" ALIGN="CENTER" USERMARK="F-10 " HEIGHT="21">판매수수료 및 합성 총 보수.비용</TD>
<TD WIDTH="55" ALIGN="CENTER" VALIGN="MIDDLE" USERMARK="F-10 B" HEIGHT="21">177</TD>
<TD WIDTH="55" ALIGN="CENTER" VALIGN="MIDDLE" USERMARK="F-10 B" HEIGHT="21">352</TD>
<TD WIDTH="55" ALIGN="CENTER" VALIGN="MIDDLE" USERMARK="F-10 B" HEIGHT="21">525</TD>
<TD WIDTH="55" ALIGN="CENTER" VALIGN="MIDDLE" USERMARK="F-10 B" HEIGHT="21">860</TD>
<TD WIDTH="55" ALIGN="CENTER" VALIGN="MIDDLE" USERMARK="F-10 B" HEIGHT="21">1,819</TD>
</TR>

<TR ACOPY="Y" ADELETE="Y" HEIGHT="28">
<TD ROWSPAN="2" WIDTH="40" USERMARK="F-10  BC0XD9D9D9" VALIGN="MIDDLE" HEIGHT="49">C-E</TD>
<TD ROWSPAN="2" WIDTH="146" USERMARK="F-10  BC0XD9D9D9" VALIGN="MIDDLE" HEIGHT="49">수수료미징구-온라인</TD>
<TD WIDTH="223" ALIGN="CENTER" USERMARK="F-10 " HEIGHT="21">판매수수료 및 보수.비용</TD>
<TD WIDTH="55" ALIGN="CENTER" VALIGN="MIDDLE" USERMARK="F-9 B" HEIGHT="21">110</TD>
<TD WIDTH="55" ALIGN="CENTER" VALIGN="MIDDLE" USERMARK="F-9 B" HEIGHT="21">226</TD>
<TD WIDTH="55" ALIGN="CENTER" VALIGN="MIDDLE" USERMARK="F-9 B" HEIGHT="21">348</TD>
<TD WIDTH="55" ALIGN="CENTER" VALIGN="MIDDLE" USERMARK="F-9 B" HEIGHT="21">610</TD>
<TD WIDTH="55" ALIGN="CENTER" VALIGN="MIDDLE" USERMARK="F-9 B" HEIGHT="21">1,389</TD>
</TR>

<TR ACOPY="Y" ADELETE="Y" HEIGHT="28">
<TD WIDTH="223" ALIGN="CENTER" USERMARK="F-10 " HEIGHT="21">판매수수료 및 합성 총 보수.비용</TD>
<TD WIDTH="55" ALIGN="CENTER" VALIGN="MIDDLE" USERMARK="F-9 B" HEIGHT="21">110</TD>
<TD WIDTH="55" ALIGN="CENTER" VALIGN="MIDDLE" USERMARK="F-9 B" HEIGHT="21">226</TD>
<TD WIDTH="55" ALIGN="CENTER" VALIGN="MIDDLE" USERMARK="F-9 B" HEIGHT="21">348</TD>
<TD WIDTH="55" ALIGN="CENTER" VALIGN="MIDDLE" USERMARK="F-9 B" HEIGHT="21">610</TD>
<TD WIDTH="55" ALIGN="CENTER" VALIGN="MIDDLE" USERMARK="F-9 B" HEIGHT="21">1,389</TD>
</TR>

<TR ACOPY="Y" ADELETE="Y" HEIGHT="28">
<TD ROWSPAN="2" WIDTH="40" USERMARK="F-10  BC0XD9D9D9" VALIGN="MIDDLE" HEIGHT="49">S</TD>
<TD ROWSPAN="2" WIDTH="146" USERMARK="F-10  BC0XD9D9D9" VALIGN="MIDDLE" HEIGHT="49">수수료후취-온라인슈퍼</TD>
<TD WIDTH="223" ALIGN="CENTER" USERMARK="F-10 " HEIGHT="21">판매수수료 및 보수.비용</TD>
<TD WIDTH="55" ALIGN="CENTER" VALIGN="MIDDLE" USERMARK="F-9 B" HEIGHT="21">95</TD>
<TD WIDTH="55" ALIGN="CENTER" VALIGN="MIDDLE" USERMARK="F-9 B" HEIGHT="21">195</TD>
<TD WIDTH="55" ALIGN="CENTER" VALIGN="MIDDLE" USERMARK="F-9 B" HEIGHT="21">300</TD>
<TD WIDTH="55" ALIGN="CENTER" VALIGN="MIDDLE" USERMARK="F-9 B" HEIGHT="21">525</TD>
<TD WIDTH="55" ALIGN="CENTER" VALIGN="MIDDLE" USERMARK="F-9 B" HEIGHT="21">1,196</TD>
</TR>

<TR ACOPY="Y" ADELETE="Y" HEIGHT="28">
<TD WIDTH="223" ALIGN="CENTER" USERMARK="F-10 " HEIGHT="21">판매수수료 및 합성 총 보수.비용</TD>
<TD WIDTH="55" ALIGN="CENTER" VALIGN="MIDDLE" USERMARK="F-9 B" HEIGHT="21">95</TD>
<TD WIDTH="55" ALIGN="CENTER" VALIGN="MIDDLE" USERMARK="F-9 B" HEIGHT="21">195</TD>
<TD WIDTH="55" ALIGN="CENTER" VALIGN="MIDDLE" USERMARK="F-9 B" HEIGHT="21">300</TD>
<TD WIDTH="55" ALIGN="CENTER" VALIGN="MIDDLE" USERMARK="F-9 B" HEIGHT="21">525</TD>
<TD WIDTH="55" ALIGN="CENTER" VALIGN="MIDDLE" USERMARK="F-9 B" HEIGHT="21">1,196</TD>
</TR>
</TBODY>
</TABLE>
<P USERMARK="F-11 "> </P>
<PGBRK></PGBRK>
</CORRECTION>
</LIBRARY>


<COVER>

<TABLE ACLASS="NORMAL" AFIXTABLE="N" WIDTH="603" BORDER="1">

<COLGROUP WIDTH="603">
<COL WIDTH="42"></COL>
<COL WIDTH="42"></COL>
<COL WIDTH="42"></COL>
<COL WIDTH="42"></COL>
<COL WIDTH="42"></COL>
<COL WIDTH="41"></COL>
<COL WIDTH="352"></COL>
</COLGROUP>

<TBODY>

<TR ACOPY="Y" ADELETE="Y" HEIGHT="57">
<TD VALIGN="MIDDLE" WIDTH="242" HEIGHT="50" USERMARK="F-13 B 0XFFFFFF BC0X28BFFF" COLSPAN="6"> 투자위험등급 2등급[ 높은 위험 ]</TD>

<TD WIDTH="343" HEIGHT="159" VALIGN="MIDDLE" ROWSPAN="3">
<SPAN USERMARK="F-13 B">하나자산운용(주)</SPAN>
<SPAN USERMARK="F-13 ">는 </SPAN>
<SPAN USERMARK="F-14 B 0X0000FF">실제 수익률 변동성(일간 수익률의 최대손실예상액)</SPAN>
<SPAN USERMARK="F-13 B">을</SPAN>
<SPAN USERMARK="F-13 "> 감안하여 </SPAN>
<SPAN USERMARK="F-13 B 0X0000FF">2등급</SPAN>
<SPAN USERMARK="F-13 B">으로 분류</SPAN>
<SPAN USERMARK="F-13 ">하였습니다. </SPAN>
<SPAN USERMARK="F-13 B">펀드의 위험 등급은 운용실적, 시장 상황 등에 따라 변경될 수 있다는 점을 유의하여 투자판단을 하시기 바랍니다.</SPAN>
</TD>
</TR>

<TR ACOPY="Y" ADELETE="Y" HEIGHT="30">
<TD ALIGN="CENTER" VALIGN="MIDDLE" WIDTH="33" HEIGHT="23" USERMARK="B 0XFFFFFF BC0X1814FF">1</TD>
<TD ALIGN="CENTER" VALIGN="MIDDLE" WIDTH="33" HEIGHT="23" USERMARK="B 0XFFFFFF BC0X28BFFF">2</TD>
<TD ALIGN="CENTER" VALIGN="MIDDLE" WIDTH="33" HEIGHT="23" USERMARK="B 0XFFFFFF BC0X57CF8A">3</TD>
<TD ALIGN="CENTER" VALIGN="MIDDLE" WIDTH="33" HEIGHT="23" USERMARK="B 0XFFFFFF BC0XEEAE00">4</TD>
<TD ALIGN="CENTER" VALIGN="MIDDLE" WIDTH="33" HEIGHT="23" USERMARK="B 0XFFFFFF BC0XBD6F00">5</TD>
<TD ALIGN="CENTER" VALIGN="MIDDLE" WIDTH="32" HEIGHT="23" USERMARK="B 0XFFFFFF BC0X9D3272">6</TD>
</TR>

<TR ACOPY="Y" ADELETE="Y" HEIGHT="79">
<TD ALIGN="CENTER" VALIGN="MIDDLE" WIDTH="33" HEIGHT="72" USERMARK="B 0X1814FF">매우높은위험</TD>
<TD ALIGN="CENTER" VALIGN="MIDDLE" WIDTH="33" HEIGHT="72" USERMARK="B 0X28BFFF">높은위험</TD>
<TD ALIGN="CENTER" VALIGN="MIDDLE" WIDTH="33" HEIGHT="72" USERMARK="B 0X57CF8A">다소높은위험</TD>
<TD ALIGN="CENTER" VALIGN="MIDDLE" WIDTH="33" HEIGHT="72" USERMARK="B 0XEEAE00">보통위험</TD>
<TD ALIGN="CENTER" VALIGN="MIDDLE" WIDTH="33" HEIGHT="72" USERMARK="B 0XBD6F00">낮은위험</TD>
<TD ALIGN="CENTER" VALIGN="MIDDLE" WIDTH="32" HEIGHT="72" USERMARK="B 0X9D3272">매우낮은위험</TD>
</TR>
</TBODY>
</TABLE>
<P></P>
<COVER-TITLE ATOC="Y" AASSOCNOTE="COVER" ATOCID="2" ENG="Prospectus">투 자 설 명 서</COVER-TITLE>

<P>이 투자설명서는 
<SPAN USERMARK="BU">하나가족사랑짱적립식 증권자투자신탁(K-1호)[주식]</SPAN>에 대한 자세한 내용을 담고 있습니다.  따라서 
<SPAN USERMARK="BU">하나가족사랑짱적립식 증권자투자신탁(K-1호)[주식]</SPAN> 수익증권을 매입하기 전에 반드시 이 투자설명서를 읽어보시기 바랍니다
</P>

<TABLE-GROUP ACLASS="_FUND_MAIN_" ADELETETABLE="N">

<TABLE ACLASS="EXTRACTION" AFIXTABLE="Y" WIDTH="600" BORDER="0">

<COLGROUP WIDTH="600">
<COL WIDTH="171"></COL>
<COL WIDTH="224"></COL>
<COL WIDTH="92"></COL>
<COL WIDTH="85"></COL>
<COL WIDTH="28"></COL>
</COLGROUP>

<TBODY>

<TR ACOPY="N" ADELETE="N" HEIGHT="53">
<TD WIDTH="162" HEIGHT="46" AUPDATECONT="N" ENG="1. Name of the collective investment scheme:">1. 집합투자기구 명칭 :</TD>
<TE WIDTH="215" HEIGHT="46" ACODE="FUND_NAME">하나가족사랑짱적립식 증권자투자신탁(K-1호)[주식]</TE>
<TD WIDTH="83" HEIGHT="46" AUPDATECONT="N" ENG="(Fund code:">(펀드코드 :</TD>
<TE WIDTH="76" HEIGHT="46" ACODE="FUND_CODE" ALIGN="CENTER">39903</TE>
<TD WIDTH="19" HEIGHT="46" AUPDATECONT="N">)</TD>
</TR>

<TR ACOPY="N" ADELETE="N" HEIGHT="30">
<TD COLSPAN="5" WIDTH="591" HEIGHT="23"></TD>
</TR>

<TR ACOPY="N" ADELETE="N" HEIGHT="30">
<TD WIDTH="162" HEIGHT="23" AUPDATECONT="N" ENG="2. Name of collective investment business entity">2. 집합투자업자 명칭 :</TD>
<TE COLSPAN="4" WIDTH="420" HEIGHT="23" ACODE="FUND_TRD">하나자산운용 주식회사</TE>
</TR>
</TBODY>
</TABLE>
</TABLE-GROUP>
<P></P>

<TABLE ACLASS="NORMAL" AFIXTABLE="N" WIDTH="600" BORDER="0">

<COLGROUP WIDTH="600">
<COL WIDTH="240"></COL>
<COL WIDTH="360"></COL>
</COLGROUP>

<TBODY>

<TR ACOPY="Y" ADELETE="Y" HEIGHT="99">
<TD WIDTH="231" HEIGHT="92">3. 판   매   회   사 :</TD>
<TD WIDTH="351" HEIGHT="92">각 판매회사 본·지점(판매회사에 대한 자세한 내용은 금융투자협회(www.kofia.or.kr) 및 집합투자업자(www.hanaam.com)의 인터넷 홈페이지를 참고하시기 바랍니다</TD>
</TR>

<TR ACOPY="Y" ADELETE="Y" HEIGHT="53">
<TD WIDTH="231" HEIGHT="46">4. 작 성 기 준 일 :</TD>
<TD WIDTH="351" HEIGHT="46">2025년 01월 13일</TD>
</TR>

<TR ACOPY="Y" ADELETE="Y" HEIGHT="53">
<TD WIDTH="231" HEIGHT="46">5. 증권신고서 효력발생일 :</TD>
<TD WIDTH="351" HEIGHT="46">2026년 01월 07일</TD>
</TR>

<TR ACOPY="Y" ADELETE="Y" HEIGHT="53">
<TD WIDTH="231" HEIGHT="46">6. 모집(매출) 증권의 종류 및 수 :</TD>
<TD WIDTH="351" HEIGHT="46">투자신탁의 수익증권 [5,000억좌]</TD>
</TR>

<TR ACOPY="Y" ADELETE="Y" HEIGHT="53">
<TD WIDTH="231" HEIGHT="46">[모집(매출) 총액 :          ]</TD>
<TD WIDTH="351" HEIGHT="46"></TD>
</TR>

<TR ACOPY="Y" ADELETE="Y" HEIGHT="53">
<TD WIDTH="231" HEIGHT="46">7. 모집(매출) 기간(판매기간) : </TD>
<TD WIDTH="351" HEIGHT="46">모집기간을 정하지 않고 계속 모집 가능</TD>
</TR>

<TR ACOPY="Y" ADELETE="Y" HEIGHT="30">
<TD WIDTH="231" HEIGHT="23"></TD>
<TD WIDTH="351" HEIGHT="23"></TD>
</TR>

<TR ACOPY="Y" ADELETE="Y" HEIGHT="30">
<TD COLSPAN="2" WIDTH="591" HEIGHT="23">8. 집합투자증권신고서 및 투자설명서의 열람장소</TD>
</TR>

<TR ACOPY="Y" ADELETE="Y" HEIGHT="30">
<TD COLSPAN="2" WIDTH="591" HEIGHT="23">   가. 집합투자증권신고서</TD>
</TR>

<TR ACOPY="Y" ADELETE="Y" HEIGHT="30">
<TD COLSPAN="2" WIDTH="591" HEIGHT="23">                       전자문서 : 금융위(금감원) 전자공시시스템 →  http://dart.fss.or.kr</TD>
</TR>

<TR ACOPY="Y" ADELETE="Y" HEIGHT="30">
<TD COLSPAN="2" WIDTH="591" HEIGHT="23">   나. 투자설명서</TD>
</TR>

<TR ACOPY="Y" ADELETE="Y" HEIGHT="30">
<TD COLSPAN="2" WIDTH="591" HEIGHT="23">                       전자문서 : 금융위(금감원) 전자공시시스템 →  http://dart.fss.or.kr</TD>
</TR>

<TR ACOPY="Y" ADELETE="Y" HEIGHT="30">
<TD COLSPAN="2" WIDTH="591" HEIGHT="23">                       서면문서 : 집합투자업자, 판매회사 및 협회 (전화번호, 홈페이지 주소)</TD>
</TR>

<TR ACOPY="Y" ADELETE="Y" HEIGHT="30">
<TD COLSPAN="2" WIDTH="591" HEIGHT="23">9. (안정조작 또는 시장조성 관련)</TD>
</TR>

<TR ACOPY="Y" ADELETE="Y" HEIGHT="30">
<TD COLSPAN="2" WIDTH="591" HEIGHT="23"></TD>
</TR>

<TR ACOPY="Y" ADELETE="Y" HEIGHT="53">
<TD COLSPAN="2" WIDTH="591" HEIGHT="46">※ 효력발생일까지 증권신고서의 기재사항 중 일부가 변경될 수 있으며, 개방형 집합투자증권인 경우 효력발생일 이후(청약일 이후)에도 변경될 수 있습니다.</TD>
</TR>
</TBODY>
</TABLE>

<TABLE ACLASS="NORMAL" AFIXTABLE="N" WIDTH="600" BORDER="1">

<COLGROUP WIDTH="600">
<COL WIDTH="600"></COL>
</COLGROUP>

<TBODY>

<TR ACOPY="Y" ADELETE="Y" HEIGHT="157">
<TD WIDTH="591" HEIGHT="150" AUPDATECONT="N" USERMARK="F-BT13 B 0X0000FF" ENG="Please note that the Financial Services Commission does not verify the accuracy or truthfulness of the information presented in the prospectus, nor does it guarantee or endorse the value of the securities. Additionally, these collective investment securities are performance-based dividend products not covered by the Depositor Protection Act. Therefore, investing in them carries the risk of potential loss of principal investment. Please exercise caution when considering these investments.">금융위원회가 투자설명서의 기재사항이 진실 또는 정확하다는 것을 인정하거나 그 증권의 가치를 보증 또는 승인하지 아니함을 유의하시기 바랍니다.또한 이 집합투자증권은「예금자보호법」에 의한 보호를 받지 않는 실적배당상품으로 투자원금의 손실이 발생할 수 있으므로 투자에 신중을 기하여 주시기 바랍니다. </TD>
</TR>
</TBODY>
</TABLE>
<PGBRK></PGBRK>
</COVER>

<LIBRARY>
<SECTION-1 ACLASS="MANDATORY" APARTSOURCE="SOURCE">
<TITLE ATOC="Y" ATOCID="3" ENG="[Main Text]">[ 본 문 ]</TITLE>

</SECTION-1></LIBRARY></BODY></DOCUMENT>