<?xml version="1.0" encoding="utf-8"?>


<DOCUMENT xmlns:xsi="http://www.w3.org/2001/XMLSchema-instance" xsi:noNamespaceSchemaLocation="dart4.xsd">

<DOCUMENT-NAME ACODE="00634">임원ㆍ주요주주 특정증권등 소유상황보고서</DOCUMENT-NAME>
<FORMULA-VERSION ADATE="20251205">6.1</FORMULA-VERSION>
<COMPANY-NAME AREGCIK="00642541">제이에스링크</COMPANY-NAME>

<SUMMARY>
<EXTRACTION ACODE="OUTDATE" AFEATURE="BOTH">20260106</EXTRACTION>
</SUMMARY>


<BODY ATOCID="7">

<COVER>
<P></P>
<COVER-TITLE ATOC="Y" AASSOCNOTE="COVER" ENG="Report on Status of Specific Securities, etc. Owned by Executives and Major Shareholders" ATOCID="1">임원ㆍ주요주주 특정증권등 소유상황보고서</COVER-TITLE>
<P></P>

<TABLE-GROUP ACLASS="RPT_RSP_DT" ADELETETABLE="N">

<TABLE ACLASS="EXTRACTION" AFIXTABLE="Y" WIDTH="600" BORDER="0">

<COLGROUP WIDTH="600">
<COL WIDTH="260"></COL>
<COL WIDTH="163"></COL>
<COL WIDTH="177"></COL>
</COLGROUP>

<TBODY>

<TR ACOPY="Y" ADELETE="Y" HEIGHT="30">
<TD WIDTH="251" HEIGHT="23">증권선물위원회 귀중</TD>
<TD WIDTH="154" HEIGHT="23"></TD>
<TD ALIGN="CENTER" WIDTH="168" HEIGHT="23"></TD>
</TR>

<TR ACOPY="Y" ADELETE="Y" HEIGHT="30">
<TD WIDTH="251" HEIGHT="23">한국거래소 귀중</TD>
<TD WIDTH="154" HEIGHT="23"></TD>
<TD ALIGN="CENTER" WIDTH="168" HEIGHT="23"></TD>
</TR>

<TR ACOPY="Y" ADELETE="Y" HEIGHT="30">
<TD ROWSPAN="2" WIDTH="251" HEIGHT="53"></TD>
<TD WIDTH="154" HEIGHT="23" AUPDATECONT="N" ENG="Date of occurrence of reporting obligation:">보고의무발생일   :</TD>
<TU ALIGN="CENTER" WIDTH="168" HEIGHT="23" AUNIT="RPT_RSP_DT" AUNITVALUE="20260106">2026년 01월 06일</TU>
</TR>

<TR ACOPY="Y" ADELETE="Y" HEIGHT="30">
<TD WIDTH="154" HEIGHT="23" AUPDATECONT="N" ENG="Report preparation date:">보고서작성기준일 : </TD>
<TU ALIGN="CENTER" WIDTH="168" HEIGHT="23" AUNIT="RPT_REF_DT" AUNITVALUE="20260106">2026년 01월 06일</TU>
</TR>
</TBODY>
</TABLE>
</TABLE-GROUP>
<P></P>

<TABLE ACLASS="NORMAL" AFIXTABLE="Y" WIDTH="600" BORDER="1">

<COLGROUP WIDTH="600">
<COL WIDTH="600"></COL>
</COLGROUP>

<TBODY>

<TR ACOPY="Y" ADELETE="Y" HEIGHT="76">
<TD WIDTH="591" HEIGHT="69" AUPDATECONT="N" ENG="※ I hereby confirm that my ownership status of specific securities, etc., as of the date of preparation of the report has been accurately disclosed in accordance with applicable laws and regulations and with due diligence in writing, and that there are no misstatements or omissions of important matters.">※ 보고자 본인은 보고서작성기준일 현재 본인의 특정증권등의 소유상황을 관련 법규 및 기재상의 주의에 따라 정확하게 작성하였고, 중요한 사항의 허위기재 또는 기재누락이 없음을 확인합니다.</TD>
</TR>
</TBODY>
</TABLE>
<P></P>

<TABLE ACLASS="NORMAL" AFIXTABLE="N" WIDTH="600" BORDER="0">

<COLGROUP WIDTH="600">
<COL WIDTH="169"></COL>
<COL WIDTH="431"></COL>
</COLGROUP>

<TBODY>

<TR ACOPY="Y" ADELETE="Y" HEIGHT="30">
<TD ALIGN="CENTER" VALIGN="MIDDLE" WIDTH="160" HEIGHT="23">보고자 :</TD>
<TD VALIGN="MIDDLE" WIDTH="422" HEIGHT="23">주성씨앤에어</TD>
</TR>
</TBODY>
</TABLE>
<P></P>
<PGBRK></PGBRK>
<P></P>
</COVER>

<LIBRARY>
<SECTION-1 ACLASS="MANDATORY" APARTSOURCE="SOURCE">

<SECTION-2 ACLASS="MANDATORY">
<TITLE ATOC="Y" AASSOCNOTE="D-0-1-1-0" ENG="1. Matters related to the issuing company" ATOCID="2">1. 발행회사에 관한 사항</TITLE>

<TABLE-GROUP ACLASS="CRP_NM" ADELETETABLE="N">

<TABLE ACLASS="EXTRACTION" AFIXTABLE="Y" WIDTH="600" BORDER="1">

<COLGROUP WIDTH="600">
<COL WIDTH="150"></COL>
<COL WIDTH="137"></COL>
<COL WIDTH="163"></COL>
<COL WIDTH="150"></COL>
</COLGROUP>

<TBODY>

<TR ACOPY="Y" ADELETE="Y" HEIGHT="30">
<TD ALIGN="CENTER" VALIGN="MIDDLE" WIDTH="141" HEIGHT="23" AUPDATECONT="N" ENG="Company name">회 사 명</TD>
<TE VALIGN="MIDDLE" WIDTH="441" HEIGHT="23" ACODE="CRP_NM" COLSPAN="3">(주)제이에스링크</TE>
</TR>

<TR ACOPY="Y" ADELETE="Y" HEIGHT="30">
<TD ALIGN="CENTER" VALIGN="MIDDLE" WIDTH="141" HEIGHT="23" AUPDATECONT="N" ENG="Corporation type">법인구분</TD>
<TU ALIGN="CENTER" VALIGN="MIDDLE" WIDTH="128" HEIGHT="23" AUNIT="CRP_DST" AUNITVALUE="2" ENG="KOSDAQ market listed corporation">코스닥상장법인</TU>
<TD ALIGN="CENTER" VALIGN="MIDDLE" WIDTH="154" HEIGHT="23" AUPDATECONT="N" ENG="Company code">회사코드 </TD>
<TE ALIGN="CENTER" VALIGN="MIDDLE" WIDTH="141" HEIGHT="23" ACODE="CRP_CD">127120</TE>
</TR>

<TR ACOPY="Y" ADELETE="Y" HEIGHT="30">
<TD ALIGN="CENTER" VALIGN="MIDDLE" WIDTH="141" HEIGHT="23" AUPDATECONT="N" ENG="Total number of shares issued">발행주식 총수</TD>
<TE ALIGN="CENTER" VALIGN="MIDDLE" WIDTH="441" HEIGHT="23" ACODE="FLT_SUM" COLSPAN="3">31,909,964</TE>
</TR>
</TBODY>
</TABLE>
</TABLE-GROUP>
<P>*이번 보고서의 발행주식총수는 보고서 작성기준일 상장주식수  31,909,964주로 작성하였습니다. </P>
</SECTION-2>

<SECTION-2 ACLASS="MANDATORY">
<TITLE ATOC="Y" AASSOCNOTE="D-0-1-2-0" ENG="2. Matters related to the reporting entity" ATOCID="3">2. 보고자에 관한 사항</TITLE>

<TABLE-GROUP ACLASS="IFR_NM" ADELETETABLE="N">

<TABLE ACLASS="EXTRACTION" AFIXTABLE="Y" WIDTH="745" BORDER="1">

<COLGROUP WIDTH="745">
<COL WIDTH="187"></COL>
<COL WIDTH="135"></COL>
<COL WIDTH="108"></COL>
<COL WIDTH="90"></COL>
<COL WIDTH="225"></COL>
</COLGROUP>

<TBODY>

<TR ACOPY="Y" ADELETE="Y" HEIGHT="30">
<TD ALIGN="CENTER" VALIGN="MIDDLE" WIDTH="178" HEIGHT="23" AUPDATECONT="N" ENG="Type of reporting">보고구분</TD>
<TU ALIGN="CENTER" VALIGN="MIDDLE" WIDTH="126" HEIGHT="23" AUNIT="RPT_DST" AUNITVALUE="2" ENG="Changes">변동</TU>
<TD ALIGN="CENTER" VALIGN="MIDDLE" WIDTH="99" HEIGHT="23" AUPDATECONT="N" ENG="Reporting entity classification">보고자 구분</TD>
<TU COLSPAN="2" ALIGN="CENTER" VALIGN="MIDDLE" WIDTH="306" HEIGHT="23" AUNIT="IFR_TP" AUNITVALUE="I" ENG="Domestic corporation">국내법인</TU>
</TR>

<TR ACOPY="Y" ADELETE="Y" HEIGHT="30">
<TD ROWSPAN="2" ALIGN="CENTER" VALIGN="MIDDLE" WIDTH="178" HEIGHT="53" AUPDATECONT="N" ENG="Name (Title)">성명(명칭)</TD>
<TD ALIGN="CENTER" VALIGN="MIDDLE" WIDTH="126" HEIGHT="23" AUPDATECONT="N" ENG="Korean">한     글</TD>
<TE ALIGN="CENTER" VALIGN="MIDDLE" WIDTH="99" HEIGHT="23" ACODE="IFR_NM">주성씨앤에어</TE>
<TD ALIGN="CENTER" VALIGN="MIDDLE" WIDTH="81" HEIGHT="23" AUPDATECONT="N" ENG="Chinese characters (English)">한자(영문)</TD>
<TE ALIGN="CENTER" VALIGN="MIDDLE" WIDTH="216" HEIGHT="23" ACODE="IFR_NM_HJ">JOOSUNG SEA & AIR CO.,LTD</TE>
</TR>

<TR ACOPY="Y" ADELETE="Y" HEIGHT="30">
<TD COLSPAN="2" ALIGN="CENTER" VALIGN="MIDDLE" WIDTH="234" HEIGHT="23" AUPDATECONT="N" ENG="Date of birth or business registration No., etc.">생년월일 또는 사업자등록번호 등</TD>
<TE COLSPAN="2" ALIGN="CENTER" VALIGN="MIDDLE" WIDTH="306" HEIGHT="23" ACODE="IFR_ID2">104-86-12739</TE>
</TR>

<TR ACOPY="Y" ADELETE="Y" HEIGHT="53">
<TD ALIGN="CENTER" VALIGN="MIDDLE" WIDTH="178" HEIGHT="46" AUPDATECONT="N" ENG="Address (Head office) [Building name/number can be omitted]">주소(본점소재지)[읍ㆍ면ㆍ동까지만 기재]</TD>
<TE COLSPAN="4" VALIGN="MIDDLE" WIDTH="549" HEIGHT="46" ACODE="IFR_ADR2">서울특별시 중구 퇴계로36가길</TE>
</TR>

<TR ACOPY="Y" ADELETE="Y" HEIGHT="30">
<TD ROWSPAN="3" ALIGN="CENTER" VALIGN="MIDDLE" WIDTH="178" HEIGHT="83" AUPDATECONT="N" ENG="Relationship to issuing company">발행회사와의 관계</TD>
<TD ALIGN="CENTER" VALIGN="MIDDLE" WIDTH="126" HEIGHT="23" AUPDATECONT="N" ENG="Executives (registered or not)">임원(등기여부)</TD>
<TU ALIGN="CENTER" VALIGN="MIDDLE" WIDTH="99" HEIGHT="23" AUNIT="STF_RYN" AUNITVALUE="98" ENG="-">-</TU>
<TD ALIGN="CENTER" VALIGN="MIDDLE" WIDTH="81" HEIGHT="23" AUPDATECONT="N" ENG="Position">직위명</TD>
<TE ALIGN="CENTER" VALIGN="MIDDLE" WIDTH="216" HEIGHT="23" ACODE="STF_PSM">-</TE>
</TR>

<TR ACOPY="Y" ADELETE="Y" HEIGHT="30">
<TD ALIGN="CENTER" VALIGN="MIDDLE" WIDTH="126" HEIGHT="23" AUPDATECONT="N" ENG="Appointment date">선임일</TD>
<TU ALIGN="CENTER" VALIGN="MIDDLE" WIDTH="99" HEIGHT="23" AUNIT="STF_APT_DT" AUNITVALUE="-">-</TU>
<TD ALIGN="CENTER" VALIGN="MIDDLE" WIDTH="81" HEIGHT="23" AUPDATECONT="N" ENG="Retirement date">퇴임일</TD>
<TU ALIGN="CENTER" VALIGN="MIDDLE" WIDTH="216" HEIGHT="23" AUNIT="STF_RET_DT" AUNITVALUE="-">-</TU>
</TR>

<TR ACOPY="Y" ADELETE="Y" HEIGHT="30">
<TD ALIGN="CENTER" VALIGN="MIDDLE" WIDTH="126" HEIGHT="23" AUPDATECONT="N" ENG="Principal shareholder">주요주주</TD>
<TU COLSPAN="3" ALIGN="CENTER" VALIGN="MIDDLE" WIDTH="414" HEIGHT="23" AUNIT="MAIN_SH" AUNITVALUE="1" ENG="Shareholders holding 10% or more">10%이상주주</TU>
</TR>

<TR ACOPY="Y" ADELETE="Y" HEIGHT="30">
<TD ROWSPAN="4" ALIGN="CENTER" VALIGN="MIDDLE" WIDTH="178" HEIGHT="113" AUPDATECONT="N" ENG="Contact points and person in charge">업무상 연락처및 담당자</TD>
<TD ALIGN="CENTER" VALIGN="MIDDLE" WIDTH="126" HEIGHT="23" AUPDATECONT="N" ENG="Affiliated company">소속회사</TD>
<TE ALIGN="CENTER" VALIGN="MIDDLE" WIDTH="99" HEIGHT="23" ACODE="RSP_MAN_DPT">주성씨앤에어</TE>
<TD ALIGN="CENTER" VALIGN="MIDDLE" WIDTH="81" HEIGHT="23" AUPDATECONT="N" ENG="Department">부      서</TD>
<TE ALIGN="CENTER" VALIGN="MIDDLE" WIDTH="216" HEIGHT="23" ACODE="RSP_MAN_DPT2">관리부</TE>
</TR>

<TR ACOPY="Y" ADELETE="Y" HEIGHT="30">
<TD ALIGN="CENTER" VALIGN="MIDDLE" WIDTH="126" HEIGHT="23" AUPDATECONT="N" ENG="Position">직      위</TD>
<TE ALIGN="CENTER" VALIGN="MIDDLE" WIDTH="99" HEIGHT="23" ACODE="RSP_MAN_PST">이사</TE>
<TD ALIGN="CENTER" VALIGN="MIDDLE" WIDTH="81" HEIGHT="23" AUPDATECONT="N" ENG="(Tel.)">전화번호</TD>
<TE ALIGN="CENTER" VALIGN="MIDDLE" WIDTH="216" HEIGHT="23" ACODE="RSP_MAN_PHN2">02-756*****</TE>
</TR>

<TR ACOPY="Y" ADELETE="Y" HEIGHT="30">
<TD ALIGN="CENTER" VALIGN="MIDDLE" WIDTH="126" HEIGHT="23" AUPDATECONT="N" ENG="Name">성      명</TD>
<TE ALIGN="CENTER" VALIGN="MIDDLE" WIDTH="99" HEIGHT="23" ACODE="RSP_MAN">박승희</TE>
<TD ALIGN="CENTER" VALIGN="MIDDLE" WIDTH="81" HEIGHT="23" AUPDATECONT="N" ENG="Fax No.">팩스번호</TD>
<TE ALIGN="CENTER" VALIGN="MIDDLE" WIDTH="216" HEIGHT="23" ACODE="RSP_MAN_FAX">02-756*****</TE>
</TR>

<TR ACOPY="Y" ADELETE="Y" HEIGHT="30">
<TD ALIGN="CENTER" VALIGN="MIDDLE" WIDTH="126" HEIGHT="23" AUPDATECONT="N" ENG="E-mail address">이메일 주소</TD>
<TE COLSPAN="3" ALIGN="CENTER" VALIGN="MIDDLE" WIDTH="414" HEIGHT="23" ACODE="RSP_MAN_EML">******jssa.co.kr</TE>
</TR>
</TBODY>
</TABLE>
</TABLE-GROUP>

<P></P>
</SECTION-2>

<SECTION-2 ACLASS="MANDATORY">
<TITLE ATOC="Y" ENG="3. Ownership status of specific securities, etc." ATOCID="4">3. 특정증권등의 소유상황</TITLE>

<SECTION-3 ACLASS="MANDATORY">
<TITLE ATOC="Y" AASSOCNOTE="D-0-1-3-1" ENG="A. Number and ownership ratio of specific securities owned, etc." ATOCID="5">가. 소유 특정증권등의 수 및 소유비율</TITLE>

<TABLE-GROUP ACLASS="BFR_PS_CNT" ADELETETABLE="N">

<TABLE ACLASS="EXTRACTION" AFIXTABLE="Y" WIDTH="570" BORDER="1">

<COLGROUP WIDTH="570">
<COL WIDTH="93"></COL>
<COL WIDTH="137"></COL>
<COL WIDTH="108"></COL>
<COL WIDTH="71"></COL>
<COL WIDTH="90"></COL>
<COL WIDTH="71"></COL>
</COLGROUP>

<THEAD>

<TR ACOPY="Y" ADELETE="Y" HEIGHT="30">
<TH ROWSPAN="2" VALIGN="MIDDLE" WIDTH="84" ACOPYCOL="Y" ADELETECOL="Y" AMOVECOL="N" AUPDATECONT="N" HEIGHT="76"></TH>
<TH ROWSPAN="2" VALIGN="MIDDLE" WIDTH="128" ACOPYCOL="Y" ADELETECOL="Y" AMOVECOL="N" AUPDATECONT="N" ENG="Report preparation date" HEIGHT="76">보고서작성 기준일</TH>
<TH COLSPAN="2" VALIGN="MIDDLE" WIDTH="170" ACOPYCOL="Y" ADELETECOL="Y" AMOVECOL="N" AUPDATECONT="N" ENG="Specific securities, etc." HEIGHT="23">특정증권등</TH>
<TH COLSPAN="2" VALIGN="MIDDLE" WIDTH="152" ACOPYCOL="Y" ADELETECOL="Y" AMOVECOL="N" AUPDATECONT="N" ENG="Share certificates" HEIGHT="23">주권</TH>
</TR>

<TR ACOPY="Y" ADELETE="Y" HEIGHT="53">
<TH VALIGN="MIDDLE" ACOPYCOL="Y" ADELETECOL="Y" AMOVECOL="N" AUPDATECONT="N" ENG="Number of specific securities, etc. (shrs.)" WIDTH="99" HEIGHT="46">특정증권등의수(주)</TH>
<TH VALIGN="MIDDLE" ACOPYCOL="Y" ADELETECOL="Y" AMOVECOL="N" AUPDATECONT="N" ENG="Ratio (%)" WIDTH="62" HEIGHT="46">비율(%)</TH>
<TH VALIGN="MIDDLE" ACOPYCOL="Y" ADELETECOL="Y" AMOVECOL="N" AUPDATECONT="N" ENG="Number of shares (shrs.)" WIDTH="81" HEIGHT="46">주식수(주)</TH>
<TH VALIGN="MIDDLE" ACOPYCOL="Y" ADELETECOL="Y" AMOVECOL="N" AUPDATECONT="N" ENG="Ratio (%)" WIDTH="62" HEIGHT="46">비율(%)</TH>
</TR>
</THEAD>

<TBODY>

<TR ACOPY="Y" ADELETE="Y" HEIGHT="30">
<TD ALIGN="CENTER" VALIGN="MIDDLE" AUPDATECONT="N" ENG="Previous report" WIDTH="84" HEIGHT="23">직전보고서</TD>
<TU ALIGN="CENTER" VALIGN="MIDDLE" AUNIT="BFR_RPT_DT" AUNITVALUE="20260102" WIDTH="128" HEIGHT="23">2026년 01월 02일</TU>
<TE ALIGN="RIGHT" VALIGN="MIDDLE" ACODE="BFR_UN_CNT" WIDTH="99" HEIGHT="23">5,637,286</TE>
<TE ALIGN="RIGHT" VALIGN="MIDDLE" ACODE="BFR_UN_RT" WIDTH="62" HEIGHT="23">17.67</TE>
<TE ALIGN="RIGHT" VALIGN="MIDDLE" ACODE="BFR_PS_CPT_CNT" WIDTH="81" HEIGHT="23">5,637,286</TE>
<TE ALIGN="RIGHT" VALIGN="MIDDLE" ACODE="BFR_PS_CPT_RT" WIDTH="62" HEIGHT="23">17.67</TE>
</TR>

<TR ACOPY="Y" ADELETE="Y" HEIGHT="30">
<TD ALIGN="CENTER" VALIGN="MIDDLE" AUPDATECONT="N" ENG="Current report" WIDTH="84" HEIGHT="23">이번보고서</TD>
<TU ALIGN="CENTER" VALIGN="MIDDLE" AUNIT="AFR_RPT_DT" AUNITVALUE="20260106" WIDTH="128" HEIGHT="23">2026년 01월 06일</TU>
<TE ALIGN="RIGHT" VALIGN="MIDDLE" ACODE="AFR_UN_CNT" WIDTH="99" HEIGHT="23">5,649,346</TE>
<TE ALIGN="RIGHT" VALIGN="MIDDLE" ACODE="AFR_UN_RT" WIDTH="62" HEIGHT="23">17.70</TE>
<TE ALIGN="RIGHT" VALIGN="MIDDLE" ACODE="AFR_PS_CPT_CNT" WIDTH="81" HEIGHT="23">5,649,346</TE>
<TE ALIGN="RIGHT" VALIGN="MIDDLE" ACODE="AFR_PS_CPT_RT" WIDTH="62" HEIGHT="23">17.70</TE>
</TR>

<TR ACOPY="Y" ADELETE="Y" HEIGHT="30">
<TD COLSPAN="2" ALIGN="CENTER" VALIGN="MIDDLE" AUPDATECONT="N" ENG="Increase or decrease" WIDTH="221" HEIGHT="23">증     감</TD>
<TE ALIGN="RIGHT" VALIGN="MIDDLE" ACODE="MDF_UN_CNT" WIDTH="99" HEIGHT="23">12,060</TE>
<TE ALIGN="RIGHT" VALIGN="MIDDLE" ACODE="MDF_UN_RT" WIDTH="62" HEIGHT="23">0.03</TE>
<TE ALIGN="RIGHT" VALIGN="MIDDLE" ACODE="MDF_PS_CPT_CNT" WIDTH="81" HEIGHT="23">12,060</TE>
<TE ALIGN="RIGHT" VALIGN="MIDDLE" ACODE="MDF_PS_CPT_RT" WIDTH="62" HEIGHT="23">0.03</TE>
</TR>
</TBODY>
</TABLE>
</TABLE-GROUP>
<P>*이번보고서 비율의 발행주식총수는 31,909,964주 입니다. </P>
</SECTION-3>

<SECTION-3 ACLASS="MANDATORY">
<TITLE ATOC="Y" AASSOCNOTE="D-0-1-3-2" ENG="B. Ownership details by type of specific securities, etc." ATOCID="6">나. 특정증권등의 종류별 소유내역</TITLE>

<TABLE-GROUP ACLASS="CST_CNT1" ADELETETABLE="N">

<TABLE ACLASS="EXTRACTION" AFIXTABLE="N" WIDTH="694" BORDER="1">

<COLGROUP WIDTH="694">
<COL WIDTH="84"></COL>
<COL WIDTH="78"></COL>
<COL WIDTH="63"></COL>
<COL WIDTH="78"></COL>
<COL WIDTH="93"></COL>
<COL WIDTH="63"></COL>
<COL WIDTH="48"></COL>
<COL WIDTH="48"></COL>
<COL WIDTH="84"></COL>
<COL WIDTH="55"></COL>
</COLGROUP>

<THEAD>

<TR ACOPY="N" ADELETE="N" HEIGHT="30">
<TH COLSPAN="10" VALIGN="MIDDLE" WIDTH="685" HEIGHT="23" ACOPYCOL="N" ADELETECOL="N" AMOVECOL="N" AUPDATECONT="N" ENG="Details of specific securities, etc.">특정증권등의 내역</TH>
</TR>

<TR ACOPY="N" ADELETE="N" HEIGHT="30">
<TH VALIGN="MIDDLE" WIDTH="75" HEIGHT="76" ACOPYCOL="N" ADELETECOL="N" AMOVECOL="N" AUPDATECONT="N" ROWSPAN="2" ENG="Share certificates">주 권</TH>
<TH ROWSPAN="2" VALIGN="MIDDLE" WIDTH="69" HEIGHT="76" ACOPYCOL="N" ADELETECOL="N" AMOVECOL="N" AUPDATECONT="N" ENG="Those with warrants">신주인수권이표시된것</TH>
<TH ROWSPAN="2" VALIGN="MIDDLE" WIDTH="54" HEIGHT="76" ACOPYCOL="N" ADELETECOL="N" AMOVECOL="N" AUPDATECONT="N" ENG="Convertible bonds">전환사채권</TH>
<TH ROWSPAN="2" VALIGN="MIDDLE" WIDTH="69" HEIGHT="76" ACOPYCOL="N" ADELETECOL="N" AMOVECOL="N" AUPDATECONT="N" ENG="Bonds with warrants">신주인수권부사채권</TH>
<TH ROWSPAN="2" VALIGN="MIDDLE" WIDTH="84" HEIGHT="76" ACOPYCOL="N" ADELETECOL="N" AMOVECOL="N" AUPDATECONT="N" ENG="Participating bonds">이익참가부사채권</TH>
<TH ROWSPAN="2" VALIGN="MIDDLE" WIDTH="54" HEIGHT="76" ACOPYCOL="N" ADELETECOL="N" AMOVECOL="N" AUPDATECONT="N" ENG="Exchangeable bonds">교환사채권</TH>
<TH ROWSPAN="2" VALIGN="MIDDLE" WIDTH="39" HEIGHT="76" ACOPYCOL="N" ADELETECOL="N" AMOVECOL="N" AUPDATECONT="N" ENG="Depositary receipts">증권예탁증권</TH>
<TH ROWSPAN="2" VALIGN="MIDDLE" WIDTH="39" HEIGHT="76" ACOPYCOL="N" ADELETECOL="N" AMOVECOL="N" AUPDATECONT="N" ENG="Others">기타</TH>
<TH COLSPAN="2" VALIGN="MIDDLE" WIDTH="130" HEIGHT="23" ACOPYCOL="N" ADELETECOL="N" AMOVECOL="N" AUPDATECONT="N" ENG="Total">합 계</TH>
</TR>

<TR ACOPY="N" ADELETE="N" HEIGHT="53">
<TH VALIGN="MIDDLE" WIDTH="75" HEIGHT="46" ACOPYCOL="N" ADELETECOL="N" AMOVECOL="N" AUPDATECONT="N" ENG="Number of shares (shrs.)">주수(주)</TH>
<TH VALIGN="MIDDLE" WIDTH="46" HEIGHT="46" ACOPYCOL="N" ADELETECOL="N" AMOVECOL="N" AUPDATECONT="N" ENG="Ratio (%)">비율(%)</TH>
</TR>
</THEAD>

<TBODY>

<TR ACOPY="N" ADELETE="N" HEIGHT="30">
<TE ALIGN="RIGHT" VALIGN="MIDDLE" WIDTH="75" HEIGHT="23" ACODE="CPT_CNT">5,649,346</TE>
<TE ALIGN="RIGHT" VALIGN="MIDDLE" WIDTH="69" HEIGHT="23" ACODE="ACC_CNT">-</TE>
<TE ALIGN="RIGHT" VALIGN="MIDDLE" WIDTH="54" HEIGHT="23" ACODE="CB_CNT">-</TE>
<TE ALIGN="RIGHT" VALIGN="MIDDLE" WIDTH="69" HEIGHT="23" ACODE="LN_CNT">-</TE>
<TE ALIGN="RIGHT" VALIGN="MIDDLE" WIDTH="84" HEIGHT="23" ACODE="BN_CNT">-</TE>
<TE ALIGN="RIGHT" VALIGN="MIDDLE" WIDTH="54" HEIGHT="23" ACODE="EB_CNT">-</TE>
<TE ALIGN="RIGHT" VALIGN="MIDDLE" WIDTH="39" HEIGHT="23" ACODE="CF_CNT">-</TE>
<TE ALIGN="RIGHT" VALIGN="MIDDLE" WIDTH="39" HEIGHT="23" ACODE="ET_CNT">-</TE>
<TE ALIGN="RIGHT" VALIGN="MIDDLE" WIDTH="75" HEIGHT="23" ACODE="STK_CNT">5,649,346</TE>
<TE ALIGN="RIGHT" VALIGN="MIDDLE" WIDTH="46" HEIGHT="23" ACODE="STK_RT">17.70</TE>
</TR>

<TR ACOPY="N" ADELETE="N" HEIGHT="30">
<TD ALIGN="CENTER" VALIGN="MIDDLE" WIDTH="75" HEIGHT="53" AUPDATECONT="N" ROWSPAN="2">A</TD>
<TD ALIGN="CENTER" VALIGN="MIDDLE" WIDTH="69" HEIGHT="23" AUPDATECONT="N">B</TD>
<TD ALIGN="CENTER" VALIGN="MIDDLE" WIDTH="54" HEIGHT="23" AUPDATECONT="N">C</TD>
<TD ALIGN="CENTER" VALIGN="MIDDLE" WIDTH="69" HEIGHT="23" AUPDATECONT="N">D</TD>
<TD ALIGN="CENTER" VALIGN="MIDDLE" WIDTH="84" HEIGHT="23" AUPDATECONT="N">E</TD>
<TD ALIGN="CENTER" VALIGN="MIDDLE" WIDTH="54" HEIGHT="23" AUPDATECONT="N">F</TD>
<TD ALIGN="CENTER" VALIGN="MIDDLE" WIDTH="39" HEIGHT="23" AUPDATECONT="N">G</TD>
<TD ALIGN="CENTER" VALIGN="MIDDLE" WIDTH="39" HEIGHT="23" AUPDATECONT="N">H</TD>
<TD ROWSPAN="2" ALIGN="RIGHT" VALIGN="MIDDLE" WIDTH="75" HEIGHT="53" AUPDATECONT="N"></TD>
<TD ROWSPAN="2" ALIGN="RIGHT" VALIGN="MIDDLE" WIDTH="46" HEIGHT="53" AUPDATECONT="N"></TD>
</TR>

<TR ACOPY="N" ADELETE="N" HEIGHT="30">
<TD COLSPAN="7" ALIGN="CENTER" VALIGN="MIDDLE" WIDTH="462" HEIGHT="23" AUPDATECONT="N">I</TD>
</TR>
</TBODY>
</TABLE>
</TABLE-GROUP>
<P></P>

<TABLE-GROUP ACLASS="HLD_RT" ADELETETABLE="N">

<TABLE ACLASS="EXTRACTION" AFIXTABLE="Y" WIDTH="600" BORDER="1">

<COLGROUP WIDTH="600">
<COL WIDTH="118"></COL>
<COL WIDTH="169"></COL>
<COL WIDTH="165"></COL>
<COL WIDTH="148"></COL>
</COLGROUP>

<THEAD>

<TR ACOPY="Y" ADELETE="Y" HEIGHT="30">
<TH ROWSPAN="2" VALIGN="MIDDLE" WIDTH="109" HEIGHT="99" ACOPYCOL="Y" ADELETECOL="Y" AMOVECOL="N" AUPDATECONT="N" ENG="Total number of shares issued (J)">발행주식 총수(J)</TH>
<TH ROWSPAN="2" VALIGN="MIDDLE" WIDTH="160" HEIGHT="99" ACOPYCOL="Y" ADELETECOL="Y" AMOVECOL="N" AUPDATECONT="N" ENG="Number of specific securities other than stocks (B+C+D+E+F+G+H=I)">주식외 특정증권등의 수(B+C+D+E+F+G+H=I)</TH>
<TH COLSPAN="2" VALIGN="MIDDLE" WIDTH="304" HEIGHT="23" ACOPYCOL="Y" ADELETECOL="Y" AMOVECOL="N" AUPDATECONT="N" ENG="Holding ratio (%)">소유비율(%)</TH>
</TR>

<TR ACOPY="Y" ADELETE="Y" HEIGHT="76">
<TH VALIGN="MIDDLE" WIDTH="156" HEIGHT="69" ACOPYCOL="Y" ADELETECOL="Y" AMOVECOL="N" AUPDATECONT="N" ENG="Ownership ratio of specific securities, etc. [A+I / J+I-(F+G+H)※] × 100">특정증권등의 소유비율[A+I / J+I-(F+G+H)※] × 100</TH>
<TH VALIGN="MIDDLE" WIDTH="139" HEIGHT="69" ACOPYCOL="Y" ADELETECOL="Y" AMOVECOL="N" AUPDATECONT="N" ENG="Share certificates ownership ratio (A / J) × 100">주권의 소유비율(A / J) × 100</TH>
</TR>
</THEAD>

<TBODY>

<TR ACOPY="Y" ADELETE="Y" HEIGHT="30">
<TE ALIGN="RIGHT" WIDTH="109" HEIGHT="23" ACODE="VOT_STK_CNT">31,909,964</TE>
<TE ALIGN="RIGHT" WIDTH="160" HEIGHT="23" ACODE="HLD_STK_CNT">-</TE>
<TE ALIGN="RIGHT" WIDTH="156" HEIGHT="23" ACODE="HLD_STK_RT">17.70</TE>
<TE ALIGN="RIGHT" WIDTH="139" HEIGHT="23" ACODE="HLD_CMT_RT">17.70</TE>
</TR>
</TBODY>
</TABLE>
</TABLE-GROUP>
<P>※ 교환대상이 주식인 교환사채권 및 기초자산이 주식인 증권예탁증권, 파생결합증권 등에 한하여 분모에서 제외하고 소유비율을 산정</P>
</SECTION-3>

<SECTION-3 ACLASS="MANDATORY">
<TITLE ATOC="Y" AASSOCNOTE="D-0-1-3-3" ENG="C. Details of changes" ATOCID="7">다. 세부변동내역</TITLE>

<TABLE-GROUP ACLASS="RPT_RSN" ADELETETABLE="N">

<TABLE ACLASS="EXTRACTION" AFIXTABLE="N" WIDTH="786" BORDER="1">

<COLGROUP WIDTH="786">
<COL WIDTH="98"></COL>
<COL WIDTH="137"></COL>
<COL WIDTH="108"></COL>
<COL WIDTH="84"></COL>
<COL WIDTH="55"></COL>
<COL WIDTH="84"></COL>
<COL WIDTH="89"></COL>
<COL WIDTH="53"></COL>
<COL WIDTH="78"></COL>
</COLGROUP>

<THEAD>

<TR ACOPY="N" ADELETE="N" HEIGHT="30">
<TH ROWSPAN="2" VALIGN="MIDDLE" WIDTH="89" ACOPYCOL="N" ADELETECOL="N" AMOVECOL="N" AUPDATECONT="N" ENG="Reason for reporting" HEIGHT="53">보고사유</TH>
<TH ROWSPAN="2" VALIGN="MIDDLE" WIDTH="128" ACOPYCOL="N" ADELETECOL="N" AMOVECOL="N" AUPDATECONT="N" ENG="Date of change*" HEIGHT="53">변동일*</TH>
<TH ROWSPAN="2" VALIGN="MIDDLE" WIDTH="99" ACOPYCOL="N" ADELETECOL="N" AMOVECOL="N" AUPDATECONT="N" ENG="Type of specific securities, etc." HEIGHT="53">특정증권등의종류</TH>
<TH COLSPAN="3" VALIGN="MIDDLE" WIDTH="214" ACOPYCOL="N" ADELETECOL="N" AMOVECOL="N" AUPDATECONT="N" ENG="Number of shares held (shrs.)" HEIGHT="23">소 유 주 식 수 (주)</TH>
<TH ROWSPAN="2" VALIGN="MIDDLE" WIDTH="80" ACOPYCOL="N" ADELETECOL="N" AMOVECOL="N" AUPDATECONT="N" ENG="Acquisition/disposition unit price (KRW)**" HEIGHT="53">취득/처분단가(원)**</TH>
<TH ROWSPAN="2" VALIGN="MIDDLE" WIDTH="44" ACOPYCOL="N" ADELETECOL="N" AMOVECOL="N" AUPDATECONT="N" ENG="Note" HEIGHT="53">비 고</TH>
<TH ROWSPAN="2" VALIGN="MIDDLE" WIDTH="69" ACOPYCOL="N" ADELETECOL="N" AMOVECOL="N" AUPDATECONT="N" ENG="Reporting date of Pre-disclosure of insider trading" HEIGHT="53">거래계획보고일자</TH>
</TR>

<TR ACOPY="N" ADELETE="N" HEIGHT="30">
<TH VALIGN="MIDDLE" ACOPYCOL="N" ADELETECOL="N" AMOVECOL="N" AUPDATECONT="N" ENG="Before change" WIDTH="75" HEIGHT="23">변동전</TH>
<TH VALIGN="MIDDLE" ACOPYCOL="N" ADELETECOL="N" AMOVECOL="N" AUPDATECONT="N" ENG="Increase or decrease" WIDTH="46" HEIGHT="23">증감</TH>
<TH VALIGN="MIDDLE" ACOPYCOL="N" ADELETECOL="N" AMOVECOL="N" AUPDATECONT="N" ENG="After change" WIDTH="75" HEIGHT="23">변동후</TH>
</TR>
</THEAD>

<TBODY>

<TR ACOPY="Y" ADELETE="N" HEIGHT="30">
<TU ALIGN="CENTER" VALIGN="MIDDLE" AUNIT="RPT_RSN" AUNITVALUE="01" WIDTH="89" HEIGHT="23" ENG="Acquisition in exchange(+)">장내매수(+)</TU>
<TU ALIGN="CENTER" VALIGN="MIDDLE" AUNIT="MDF_DM" AUNITVALUE="20260106" WIDTH="128" HEIGHT="23">2026년 01월 06일</TU>
<TU ALIGN="CENTER" VALIGN="MIDDLE" AUNIT="STR_KND" AUNITVALUE="1" WIDTH="99" HEIGHT="23" ENG="Common stock">보통주</TU>
<TE ALIGN="RIGHT" VALIGN="MIDDLE" ACODE="BFR_STK_CNT" WIDTH="75" HEIGHT="23">5,637,286</TE>
<TE ALIGN="RIGHT" VALIGN="MIDDLE" ACODE="MDF_STK_CNT" WIDTH="46" HEIGHT="23">12,060</TE>
<TE ALIGN="RIGHT" VALIGN="MIDDLE" ACODE="AFR_STK_CNT" WIDTH="75" HEIGHT="23">5,649,346</TE>
<TE ALIGN="RIGHT" VALIGN="MIDDLE" ACODE="ACI_AMT2" WIDTH="80" HEIGHT="23">16,609</TE>
<TE ALIGN="CENTER" VALIGN="MIDDLE" ACODE="RMK" WIDTH="44" HEIGHT="23">주1)</TE>
<TU ALIGN="CENTER" VALIGN="MIDDLE" AUNIT="TRD_PLN_RD" AUNITVALUE="-" WIDTH="69" HEIGHT="23">-</TU>
</TR>

<TR ACOPY="N" ADELETE="N" HEIGHT="30">
<TD COLSPAN="3" ALIGN="CENTER" VALIGN="MIDDLE" AUPDATECONT="N" ENG="Total" WIDTH="334" HEIGHT="23">합  계</TD>
<TE ALIGN="RIGHT" VALIGN="MIDDLE" ACODE="BFR_STK_SUM" WIDTH="75" HEIGHT="23">5,637,286</TE>
<TE ALIGN="RIGHT" VALIGN="MIDDLE" ACODE="MDF_STK_SUM" WIDTH="46" HEIGHT="23">12,060</TE>
<TE ALIGN="RIGHT" VALIGN="MIDDLE" ACODE="AFR_STK_SUM" WIDTH="75" HEIGHT="23">5,649,346</TE>
<TE ALIGN="RIGHT" VALIGN="MIDDLE" ACODE="ACI_AMT_SUM2" WIDTH="80" HEIGHT="23">16,609</TE>
<TE ALIGN="CENTER" VALIGN="MIDDLE" ACODE="SUM_RMK" WIDTH="44" HEIGHT="23">-</TE>
<TD ALIGN="CENTER" VALIGN="MIDDLE" AUPDATECONT="N" WIDTH="69" HEIGHT="23"></TD>
</TR>
</TBODY>
</TABLE>
</TABLE-GROUP>
<P>주1)장내매수 체결가격 16,609원 12,060주</P>

<P></P>
</SECTION-3>
</SECTION-2>
</SECTION-1>
</LIBRARY>

</BODY>
</DOCUMENT>