<?xml version="1.0" encoding="utf-8"?>


<DOCUMENT xmlns:xsi="http://www.w3.org/2001/XMLSchema-instance" xsi:noNamespaceSchemaLocation="dart4.xsd">

<DOCUMENT-NAME ACODE="80702">동일인등출자계열회사와의상품ㆍ용역거래</DOCUMENT-NAME>
<FORMULA-VERSION ADATE="20250630">6.1</FORMULA-VERSION>
<COMPANY-NAME AREGCIK="00126256">삼성생명보험주식회사</COMPANY-NAME>


<BODY ATOCID="1">

<SECTION-1 ACLASS="MANDATORY" APARTSOURCE="SOURCE">
<TITLE ATOC="Y" AASSOCNOTE="D-0-1-0-0" ENG="Transactions of Goods and Services with Affiliated Company Invested by the Same Person, etc." ATOCID="1">동일인 등 출자 계열회사와의 상품ㆍ용역거래</TITLE>
<P></P>
<P>【일괄공시】</P>

<TABLE ACLASS="NORMAL" WIDTH="704" BORDER="1">

<COLGROUP WIDTH="704">
<COL WIDTH="93"></COL>
<COL WIDTH="48"></COL>
<COL WIDTH="63"></COL>
<COL WIDTH="135"></COL>
<COL WIDTH="78"></COL>
<COL WIDTH="65"></COL>
<COL WIDTH="78"></COL>
<COL WIDTH="144"></COL>
</COLGROUP>

<TBODY>

<TR ACOPY="Y" ADELETE="Y" HEIGHT="30">
<TD ALIGN="CENTER" VALIGN="MIDDLE" WIDTH="84" HEIGHT="23">기업집단명</TD>
<TD VALIGN="MIDDLE" WIDTH="39" HEIGHT="23" ALIGN="CENTER">삼성</TD>
<TD ALIGN="CENTER" VALIGN="MIDDLE" WIDTH="54" HEIGHT="23">회사명</TD>
<TD VALIGN="MIDDLE" WIDTH="126" HEIGHT="23" ALIGN="CENTER">삼성생명보험(주)</TD>
<TD ALIGN="CENTER" VALIGN="MIDDLE" WIDTH="69" HEIGHT="23">공시일자</TD>
<TD VALIGN="MIDDLE" WIDTH="56" HEIGHT="23" ALIGN="CENTER">'26.1.5</TD>
<TD ALIGN="CENTER" VALIGN="MIDDLE" WIDTH="69" HEIGHT="23">관련법규</TD>
<TD ALIGN="CENTER" VALIGN="MIDDLE" WIDTH="135" HEIGHT="23">공정거래법 제26조</TD>
</TR>
</TBODY>
</TABLE>
<P></P>

<TABLE ACLASS="NORMAL" AFIXTABLE="N" WIDTH="1227" BORDER="0">

<COLGROUP WIDTH="1227">
<COL WIDTH="1227"></COL>
</COLGROUP>

<TBODY>

<TR ACOPY="Y" ADELETE="Y" HEIGHT="30">
<TD ALIGN="RIGHT" VALIGN="BOTTOM" WIDTH="1218" HEIGHT="23">(단위 : 백만 원) </TD>
</TR>
</TBODY>
</TABLE>

<TABLE ACLASS="NORMAL" WIDTH="1226" BORDER="1">

<COLGROUP WIDTH="1226">
<COL WIDTH="91"></COL>
<COL WIDTH="121"></COL>
<COL WIDTH="100"></COL>
<COL WIDTH="107"></COL>
<COL WIDTH="97"></COL>
<COL WIDTH="104"></COL>
<COL WIDTH="106"></COL>
<COL WIDTH="98"></COL>
<COL WIDTH="101"></COL>
<COL WIDTH="93"></COL>
<COL WIDTH="97"></COL>
<COL WIDTH="111"></COL>
</COLGROUP>

<TBODY>

<TR ACOPY="Y" ADELETE="Y" HEIGHT="30">
<TD COLSPAN="3" VALIGN="MIDDLE" WIDTH="303" HEIGHT="23">1. 해당회사의 직전사업연도매출액(A)</TD>
<TD ALIGN="RIGHT" VALIGN="MIDDLE" WIDTH="98" HEIGHT="23">27,017,473</TD>
<TD COLSPAN="4" ALIGN="CENTER" VALIGN="MIDDLE" WIDTH="396" HEIGHT="23">2. 거래상대방(동일인 등 출자계열회사)</TD>
<TD COLSPAN="4" ALIGN="CENTER" VALIGN="MIDDLE" WIDTH="393" HEIGHT="23">삼성물산(주)</TD>
</TR>

<TR ACOPY="Y" ADELETE="Y" HEIGHT="30">
<TD ROWSPAN="2" VALIGN="MIDDLE" WIDTH="82" HEIGHT="53">3. 이사회   의결일</TD>
<TD ROWSPAN="2" ALIGN="CENTER" VALIGN="MIDDLE" WIDTH="112" HEIGHT="53">'25.12.30</TD>
<TD ROWSPAN="2" ALIGN="CENTER" VALIGN="MIDDLE" WIDTH="91" HEIGHT="53">사외이사참석여부</TD>
<TD ALIGN="CENTER" VALIGN="MIDDLE" WIDTH="98" HEIGHT="23">참석(명)</TD>
<TD ALIGN="CENTER" VALIGN="MIDDLE" COLSPAN="3" WIDTH="298" HEIGHT="23">4</TD>
<TD ROWSPAN="2" COLSPAN="2" ALIGN="CENTER" VALIGN="MIDDLE" WIDTH="190" HEIGHT="53">감사(감사위원)참석여부</TD>
<TD ROWSPAN="2" ALIGN="CENTER" VALIGN="MIDDLE" COLSPAN="3" WIDTH="292" HEIGHT="53">참석</TD>
</TR>

<TR ACOPY="Y" ADELETE="Y" HEIGHT="30">
<TD ALIGN="CENTER" VALIGN="MIDDLE" WIDTH="98" HEIGHT="23">불참(명)</TD>
<TD ALIGN="CENTER" VALIGN="MIDDLE" COLSPAN="3" WIDTH="298" HEIGHT="23">-</TD>
</TR>

<TR ACOPY="Y" ADELETE="Y" HEIGHT="30">
<TD COLSPAN="12" VALIGN="MIDDLE" WIDTH="1217" HEIGHT="23">4. 동일인 등 출자 계열회사와의 상품ㆍ용역 거래금액</TD>
</TR>

<TR ACOPY="Y" ADELETE="Y" HEIGHT="53">
<TD ALIGN="CENTER" VALIGN="MIDDLE" WIDTH="82" HEIGHT="46">년도</TD>
<TD ALIGN="CENTER" VALIGN="MIDDLE" WIDTH="112" HEIGHT="46">거래기간</TD>
<TD ALIGN="CENTER" VALIGN="MIDDLE" WIDTH="91" HEIGHT="46">매출액(B)</TD>
<TD ALIGN="CENTER" VALIGN="MIDDLE" WIDTH="98" HEIGHT="46">매입액(C)</TD>
<TD COLSPAN="4" ALIGN="CENTER" VALIGN="MIDDLE" WIDTH="396" HEIGHT="46">합계액(D=B+C)</TD>
<TD COLSPAN="4" ALIGN="CENTER" VALIGN="MIDDLE" WIDTH="393" HEIGHT="46">매출액대비(D/A, %)</TD>
</TR>

<TR ACOPY="Y" ADELETE="Y" HEIGHT="30">
<TD ROWSPAN="4" ALIGN="CENTER" VALIGN="MIDDLE" WIDTH="82" HEIGHT="113">2026</TD>
<TD ALIGN="CENTER" VALIGN="MIDDLE" WIDTH="112" HEIGHT="23">1/4 분기</TD>
<TD ALIGN="RIGHT" VALIGN="MIDDLE" WIDTH="91" HEIGHT="23">13</TD>
<TD ALIGN="RIGHT" VALIGN="MIDDLE" WIDTH="98" HEIGHT="23">36,331</TD>
<TD COLSPAN="4" ALIGN="RIGHT" VALIGN="MIDDLE" WIDTH="396" HEIGHT="23">36,344</TD>
<TD COLSPAN="4" ALIGN="RIGHT" VALIGN="MIDDLE" WIDTH="393" HEIGHT="23">0.1</TD>
</TR>

<TR ACOPY="Y" ADELETE="Y" HEIGHT="30">
<TD ALIGN="CENTER" VALIGN="MIDDLE" WIDTH="112" HEIGHT="23">2/4 분기</TD>
<TD ALIGN="RIGHT" VALIGN="MIDDLE" WIDTH="91" HEIGHT="23">-</TD>
<TD ALIGN="RIGHT" VALIGN="MIDDLE" WIDTH="98" HEIGHT="23">33,828</TD>
<TD COLSPAN="4" ALIGN="RIGHT" VALIGN="MIDDLE" WIDTH="396" HEIGHT="23">33,828</TD>
<TD COLSPAN="4" ALIGN="RIGHT" VALIGN="MIDDLE" WIDTH="393" HEIGHT="23">0.1</TD>
</TR>

<TR ACOPY="Y" ADELETE="Y" HEIGHT="30">
<TD ALIGN="CENTER" VALIGN="MIDDLE" WIDTH="112" HEIGHT="23">3/4 분기</TD>
<TD ALIGN="RIGHT" VALIGN="MIDDLE" WIDTH="91" HEIGHT="23">-</TD>
<TD ALIGN="RIGHT" VALIGN="MIDDLE" WIDTH="98" HEIGHT="23">35,827</TD>
<TD COLSPAN="4" ALIGN="RIGHT" VALIGN="MIDDLE" WIDTH="396" HEIGHT="23">35,827</TD>
<TD COLSPAN="4" ALIGN="RIGHT" VALIGN="MIDDLE" WIDTH="393" HEIGHT="23">0.1</TD>
</TR>

<TR ACOPY="Y" ADELETE="Y" HEIGHT="30">
<TD ALIGN="CENTER" VALIGN="MIDDLE" WIDTH="112" HEIGHT="23">4/4 분기</TD>
<TD ALIGN="RIGHT" VALIGN="MIDDLE" WIDTH="91" HEIGHT="23">-</TD>
<TD ALIGN="RIGHT" VALIGN="MIDDLE" WIDTH="98" HEIGHT="23">28,277</TD>
<TD COLSPAN="4" ALIGN="RIGHT" VALIGN="MIDDLE" WIDTH="396" HEIGHT="23">28,277</TD>
<TD COLSPAN="4" ALIGN="RIGHT" VALIGN="MIDDLE" WIDTH="393" HEIGHT="23">0.1</TD>
</TR>

<TR ACOPY="Y" ADELETE="Y" HEIGHT="30">
<TD COLSPAN="12" VALIGN="MIDDLE" WIDTH="1217" HEIGHT="23">5. 상품ㆍ용역 거래내역</TD>
</TR>

<TR ACOPY="Y" ADELETE="Y" HEIGHT="30">
<TD ROWSPAN="3" ALIGN="CENTER" VALIGN="MIDDLE" WIDTH="82" HEIGHT="83">거래기간</TD>
<TD ROWSPAN="3" ALIGN="CENTER" VALIGN="MIDDLE" WIDTH="112" HEIGHT="83">상품ㆍ용역계약명</TD>
<TD COLSPAN="10" ALIGN="CENTER" VALIGN="MIDDLE" WIDTH="1005" HEIGHT="23">거래금액</TD>
</TR>

<TR ACOPY="Y" ADELETE="Y" HEIGHT="30">
<TD COLSPAN="5" ALIGN="CENTER" VALIGN="MIDDLE" WIDTH="505" HEIGHT="23">매출</TD>
<TD COLSPAN="5" ALIGN="CENTER" VALIGN="MIDDLE" WIDTH="491" HEIGHT="23">매입</TD>
</TR>

<TR ACOPY="Y" ADELETE="Y" HEIGHT="30">
<TD ALIGN="CENTER" VALIGN="MIDDLE" WIDTH="91" HEIGHT="23">거래대상</TD>
<TD ALIGN="CENTER" VALIGN="MIDDLE" WIDTH="98" HEIGHT="23">거래조건</TD>
<TD ALIGN="CENTER" VALIGN="MIDDLE" WIDTH="88" HEIGHT="23">거래목적</TD>
<TD ALIGN="CENTER" VALIGN="MIDDLE" WIDTH="95" HEIGHT="23">거래금액</TD>
<TD ALIGN="CENTER" VALIGN="MIDDLE" WIDTH="97" HEIGHT="23">계약체결방식</TD>
<TD ALIGN="CENTER" VALIGN="MIDDLE" WIDTH="89" HEIGHT="23">거래대상</TD>
<TD ALIGN="CENTER" VALIGN="MIDDLE" WIDTH="92" HEIGHT="23">거래조건</TD>
<TD ALIGN="CENTER" VALIGN="MIDDLE" WIDTH="84" HEIGHT="23">거래목적</TD>
<TD ALIGN="CENTER" VALIGN="MIDDLE" WIDTH="88" HEIGHT="23">거래금액</TD>
<TD ALIGN="CENTER" VALIGN="MIDDLE" WIDTH="102" HEIGHT="23">계약체결방식</TD>
</TR>

<TR ACOPY="Y" ADELETE="Y" HEIGHT="30">
<TD ROWSPAN="3" ALIGN="CENTER" VALIGN="MIDDLE" WIDTH="82" HEIGHT="83">1/4 분기</TD>
<TD ALIGN="CENTER" VALIGN="MIDDLE" WIDTH="112" HEIGHT="23">계리평가</TD>
<TD ALIGN="CENTER" VALIGN="MIDDLE" WIDTH="91" HEIGHT="23">용역</TD>
<TD ALIGN="CENTER" VALIGN="MIDDLE" WIDTH="98" HEIGHT="23">현금</TD>
<TD ALIGN="CENTER" VALIGN="MIDDLE" WIDTH="88" HEIGHT="23">계리평가</TD>
<TD ALIGN="RIGHT" VALIGN="MIDDLE" WIDTH="95" HEIGHT="23">13</TD>
<TD ALIGN="CENTER" VALIGN="MIDDLE" WIDTH="97" HEIGHT="23">수의계약</TD>
<TD ALIGN="CENTER" VALIGN="MIDDLE" WIDTH="89" HEIGHT="23">-</TD>
<TD ALIGN="CENTER" VALIGN="MIDDLE" WIDTH="92" HEIGHT="23">-</TD>
<TD ALIGN="CENTER" VALIGN="MIDDLE" WIDTH="84" HEIGHT="23">-</TD>
<TD ALIGN="RIGHT" VALIGN="MIDDLE" WIDTH="88" HEIGHT="23">-</TD>
<TD ALIGN="CENTER" VALIGN="MIDDLE" WIDTH="102" HEIGHT="23">-</TD>
</TR>

<TR ACOPY="Y" ADELETE="Y" HEIGHT="30">
<TD ALIGN="CENTER" VALIGN="MIDDLE" WIDTH="112" HEIGHT="23">공사용역</TD>
<TD ALIGN="CENTER" VALIGN="MIDDLE" WIDTH="91" HEIGHT="23">-</TD>
<TD ALIGN="CENTER" VALIGN="MIDDLE" WIDTH="98" HEIGHT="23">-</TD>
<TD ALIGN="CENTER" VALIGN="MIDDLE" WIDTH="88" HEIGHT="23">-</TD>
<TD ALIGN="RIGHT" VALIGN="MIDDLE" WIDTH="95" HEIGHT="23">-</TD>
<TD ALIGN="CENTER" VALIGN="MIDDLE" WIDTH="97" HEIGHT="23">-</TD>
<TD ALIGN="CENTER" VALIGN="MIDDLE" WIDTH="89" HEIGHT="23">용역</TD>
<TD ALIGN="CENTER" VALIGN="MIDDLE" WIDTH="92" HEIGHT="23">현금</TD>
<TD ALIGN="CENTER" VALIGN="MIDDLE" WIDTH="84" HEIGHT="23">공사용역</TD>
<TD ALIGN="RIGHT" VALIGN="MIDDLE" WIDTH="88" HEIGHT="23">35,839</TD>
<TD ALIGN="CENTER" VALIGN="MIDDLE" WIDTH="102" HEIGHT="23">수의계약</TD>
</TR>

<TR ACOPY="Y" ADELETE="Y" HEIGHT="30">
<TD ALIGN="CENTER" VALIGN="MIDDLE" WIDTH="112" HEIGHT="23">시설이용</TD>
<TD ALIGN="CENTER" VALIGN="MIDDLE" WIDTH="91" HEIGHT="23">-</TD>
<TD ALIGN="CENTER" VALIGN="MIDDLE" WIDTH="98" HEIGHT="23">-</TD>
<TD ALIGN="CENTER" VALIGN="MIDDLE" WIDTH="88" HEIGHT="23">-</TD>
<TD ALIGN="RIGHT" VALIGN="MIDDLE" WIDTH="95" HEIGHT="23">-</TD>
<TD ALIGN="CENTER" VALIGN="MIDDLE" WIDTH="97" HEIGHT="23">-</TD>
<TD ALIGN="CENTER" VALIGN="MIDDLE" WIDTH="89" HEIGHT="23">상품</TD>
<TD ALIGN="CENTER" VALIGN="MIDDLE" WIDTH="92" HEIGHT="23">현금</TD>
<TD ALIGN="CENTER" VALIGN="MIDDLE" WIDTH="84" HEIGHT="23">시설이용</TD>
<TD ALIGN="RIGHT" VALIGN="MIDDLE" WIDTH="88" HEIGHT="23">492</TD>
<TD ALIGN="CENTER" VALIGN="MIDDLE" WIDTH="102" HEIGHT="23">수의계약</TD>
</TR>

<TR ACOPY="Y" ADELETE="Y" HEIGHT="30">
<TD ROWSPAN="2" ALIGN="CENTER" VALIGN="MIDDLE" WIDTH="82" HEIGHT="53">2/4 분기</TD>
<TD ALIGN="CENTER" VALIGN="MIDDLE" WIDTH="112" HEIGHT="23">공사용역</TD>
<TD ALIGN="CENTER" VALIGN="MIDDLE" WIDTH="91" HEIGHT="23">-</TD>
<TD ALIGN="CENTER" VALIGN="MIDDLE" WIDTH="98" HEIGHT="23">-</TD>
<TD ALIGN="CENTER" VALIGN="MIDDLE" WIDTH="88" HEIGHT="23">-</TD>
<TD ALIGN="RIGHT" VALIGN="MIDDLE" WIDTH="95" HEIGHT="23">-</TD>
<TD ALIGN="CENTER" VALIGN="MIDDLE" WIDTH="97" HEIGHT="23">-</TD>
<TD ALIGN="CENTER" VALIGN="MIDDLE" WIDTH="89" HEIGHT="23">용역</TD>
<TD ALIGN="CENTER" VALIGN="MIDDLE" WIDTH="92" HEIGHT="23">현금</TD>
<TD ALIGN="CENTER" VALIGN="MIDDLE" WIDTH="84" HEIGHT="23">공사용역</TD>
<TD ALIGN="RIGHT" VALIGN="MIDDLE" WIDTH="88" HEIGHT="23">33,316</TD>
<TD ALIGN="CENTER" VALIGN="MIDDLE" WIDTH="102" HEIGHT="23">수의계약</TD>
</TR>

<TR ACOPY="Y" ADELETE="Y" HEIGHT="30">
<TD ALIGN="CENTER" VALIGN="MIDDLE" WIDTH="112" HEIGHT="23">시설이용</TD>
<TD ALIGN="CENTER" VALIGN="MIDDLE" WIDTH="91" HEIGHT="23">-</TD>
<TD ALIGN="CENTER" VALIGN="MIDDLE" WIDTH="98" HEIGHT="23">-</TD>
<TD ALIGN="CENTER" VALIGN="MIDDLE" WIDTH="88" HEIGHT="23">-</TD>
<TD ALIGN="RIGHT" VALIGN="MIDDLE" WIDTH="95" HEIGHT="23">-</TD>
<TD ALIGN="CENTER" VALIGN="MIDDLE" WIDTH="97" HEIGHT="23">-</TD>
<TD ALIGN="CENTER" VALIGN="MIDDLE" WIDTH="89" HEIGHT="23">상품</TD>
<TD ALIGN="CENTER" VALIGN="MIDDLE" WIDTH="92" HEIGHT="23">현금</TD>
<TD ALIGN="CENTER" VALIGN="MIDDLE" WIDTH="84" HEIGHT="23">시설이용</TD>
<TD ALIGN="RIGHT" VALIGN="MIDDLE" WIDTH="88" HEIGHT="23">512</TD>
<TD ALIGN="CENTER" VALIGN="MIDDLE" WIDTH="102" HEIGHT="23">수의계약</TD>
</TR>

<TR ACOPY="Y" ADELETE="Y" HEIGHT="30">
<TD ROWSPAN="2" ALIGN="CENTER" VALIGN="MIDDLE" WIDTH="82" HEIGHT="53">3/4 분기</TD>
<TD ALIGN="CENTER" VALIGN="MIDDLE" WIDTH="112" HEIGHT="23">공사용역</TD>
<TD ALIGN="CENTER" VALIGN="MIDDLE" WIDTH="91" HEIGHT="23">-</TD>
<TD ALIGN="CENTER" VALIGN="MIDDLE" WIDTH="98" HEIGHT="23">-</TD>
<TD ALIGN="CENTER" VALIGN="MIDDLE" WIDTH="88" HEIGHT="23">-</TD>
<TD ALIGN="RIGHT" VALIGN="MIDDLE" WIDTH="95" HEIGHT="23">-</TD>
<TD ALIGN="CENTER" VALIGN="MIDDLE" WIDTH="97" HEIGHT="23">-</TD>
<TD ALIGN="CENTER" VALIGN="MIDDLE" WIDTH="89" HEIGHT="23">용역</TD>
<TD ALIGN="CENTER" VALIGN="MIDDLE" WIDTH="92" HEIGHT="23">현금</TD>
<TD ALIGN="CENTER" VALIGN="MIDDLE" WIDTH="84" HEIGHT="23">공사용역</TD>
<TD ALIGN="RIGHT" VALIGN="MIDDLE" WIDTH="88" HEIGHT="23">35,085</TD>
<TD ALIGN="CENTER" VALIGN="MIDDLE" WIDTH="102" HEIGHT="23">수의계약</TD>
</TR>

<TR ACOPY="Y" ADELETE="Y" HEIGHT="30">
<TD ALIGN="CENTER" VALIGN="MIDDLE" WIDTH="112" HEIGHT="23">시설이용</TD>
<TD ALIGN="CENTER" VALIGN="MIDDLE" WIDTH="91" HEIGHT="23">-</TD>
<TD ALIGN="CENTER" VALIGN="MIDDLE" WIDTH="98" HEIGHT="23">-</TD>
<TD ALIGN="CENTER" VALIGN="MIDDLE" WIDTH="88" HEIGHT="23">-</TD>
<TD ALIGN="RIGHT" VALIGN="MIDDLE" WIDTH="95" HEIGHT="23">-</TD>
<TD ALIGN="CENTER" VALIGN="MIDDLE" WIDTH="97" HEIGHT="23">-</TD>
<TD ALIGN="CENTER" VALIGN="MIDDLE" WIDTH="89" HEIGHT="23">상품</TD>
<TD ALIGN="CENTER" VALIGN="MIDDLE" WIDTH="92" HEIGHT="23">현금</TD>
<TD ALIGN="CENTER" VALIGN="MIDDLE" WIDTH="84" HEIGHT="23">시설이용</TD>
<TD ALIGN="RIGHT" VALIGN="MIDDLE" WIDTH="88" HEIGHT="23">742</TD>
<TD ALIGN="CENTER" VALIGN="MIDDLE" WIDTH="102" HEIGHT="23">수의계약</TD>
</TR>

<TR ACOPY="Y" ADELETE="Y" HEIGHT="30">
<TD ROWSPAN="2" ALIGN="CENTER" VALIGN="MIDDLE" WIDTH="82" HEIGHT="53">4/4 분기</TD>
<TD ALIGN="CENTER" VALIGN="MIDDLE" WIDTH="112" HEIGHT="23">공사용역</TD>
<TD ALIGN="CENTER" VALIGN="MIDDLE" WIDTH="91" HEIGHT="23">-</TD>
<TD ALIGN="CENTER" VALIGN="MIDDLE" WIDTH="98" HEIGHT="23">-</TD>
<TD ALIGN="CENTER" VALIGN="MIDDLE" WIDTH="88" HEIGHT="23">-</TD>
<TD ALIGN="RIGHT" VALIGN="MIDDLE" WIDTH="95" HEIGHT="23">-</TD>
<TD ALIGN="CENTER" VALIGN="MIDDLE" WIDTH="97" HEIGHT="23">-</TD>
<TD ALIGN="CENTER" VALIGN="MIDDLE" WIDTH="89" HEIGHT="23">용역</TD>
<TD ALIGN="CENTER" VALIGN="MIDDLE" WIDTH="92" HEIGHT="23">현금</TD>
<TD ALIGN="CENTER" VALIGN="MIDDLE" WIDTH="84" HEIGHT="23">공사용역</TD>
<TD ALIGN="RIGHT" VALIGN="MIDDLE" WIDTH="88" HEIGHT="23">27,785</TD>
<TD ALIGN="CENTER" VALIGN="MIDDLE" WIDTH="102" HEIGHT="23">수의계약</TD>
</TR>

<TR ACOPY="Y" ADELETE="Y" HEIGHT="30">
<TD ALIGN="CENTER" VALIGN="MIDDLE" WIDTH="112" HEIGHT="23">시설이용</TD>
<TD ALIGN="CENTER" VALIGN="MIDDLE" WIDTH="91" HEIGHT="23">-</TD>
<TD ALIGN="CENTER" VALIGN="MIDDLE" WIDTH="98" HEIGHT="23">-</TD>
<TD ALIGN="CENTER" VALIGN="MIDDLE" WIDTH="88" HEIGHT="23">-</TD>
<TD ALIGN="RIGHT" VALIGN="MIDDLE" WIDTH="95" HEIGHT="23">-</TD>
<TD ALIGN="CENTER" VALIGN="MIDDLE" WIDTH="97" HEIGHT="23">-</TD>
<TD ALIGN="CENTER" VALIGN="MIDDLE" WIDTH="89" HEIGHT="23">상품</TD>
<TD ALIGN="CENTER" VALIGN="MIDDLE" WIDTH="92" HEIGHT="23">현금</TD>
<TD ALIGN="CENTER" VALIGN="MIDDLE" WIDTH="84" HEIGHT="23">시설이용</TD>
<TD ALIGN="RIGHT" VALIGN="MIDDLE" WIDTH="88" HEIGHT="23">492</TD>
<TD ALIGN="CENTER" VALIGN="MIDDLE" WIDTH="102" HEIGHT="23">수의계약</TD>
</TR>

<TR ACOPY="Y" ADELETE="Y" HEIGHT="30">
<TD VALIGN="MIDDLE" COLSPAN="12" WIDTH="1217" HEIGHT="23">6. 계약체결방식 유형별 일괄공시(공시규정 제9조의2 제4항 관련)</TD>
</TR>

<TR ACOPY="Y" ADELETE="Y" HEIGHT="30">
<TD ROWSPAN="6" ALIGN="CENTER" VALIGN="MIDDLE" WIDTH="82" HEIGHT="173">1/4 분기</TD>
<TD ALIGN="CENTER" VALIGN="MIDDLE" ROWSPAN="2" WIDTH="112" HEIGHT="53">계약체결방식</TD>
<TD ALIGN="CENTER" VALIGN="MIDDLE" COLSPAN="5" WIDTH="505" HEIGHT="23">매출</TD>
<TD ALIGN="CENTER" VALIGN="MIDDLE" COLSPAN="5" WIDTH="491" HEIGHT="23">매입</TD>
</TR>

<TR ACOPY="Y" ADELETE="Y" HEIGHT="30">
<TD ALIGN="CENTER" VALIGN="MIDDLE" COLSPAN="3" WIDTH="295" HEIGHT="23">주요거래대상</TD>
<TD ALIGN="CENTER" VALIGN="MIDDLE" COLSPAN="2" WIDTH="201" HEIGHT="23">거래금액</TD>
<TD ALIGN="CENTER" VALIGN="MIDDLE" COLSPAN="3" WIDTH="283" HEIGHT="23">주요거래대상</TD>
<TD ALIGN="CENTER" VALIGN="MIDDLE" COLSPAN="2" WIDTH="199" HEIGHT="23">거래금액</TD>
</TR>

<TR ACOPY="Y" ADELETE="Y" HEIGHT="30">
<TD ALIGN="CENTER" VALIGN="MIDDLE" WIDTH="112" HEIGHT="23">경쟁입찰</TD>
<TD ALIGN="CENTER" VALIGN="MIDDLE" COLSPAN="3" WIDTH="295" HEIGHT="23">-</TD>
<TD ALIGN="CENTER" VALIGN="MIDDLE" COLSPAN="2" WIDTH="201" HEIGHT="23">-</TD>
<TD ALIGN="CENTER" VALIGN="MIDDLE" COLSPAN="3" WIDTH="283" HEIGHT="23">-</TD>
<TD ALIGN="CENTER" VALIGN="MIDDLE" COLSPAN="2" WIDTH="199" HEIGHT="23">-</TD>
</TR>

<TR ACOPY="Y" ADELETE="Y" HEIGHT="30">
<TD ALIGN="CENTER" VALIGN="MIDDLE" WIDTH="112" HEIGHT="23">제한경쟁입찰</TD>
<TD ALIGN="CENTER" VALIGN="MIDDLE" COLSPAN="3" WIDTH="295" HEIGHT="23">-</TD>
<TD ALIGN="CENTER" VALIGN="MIDDLE" COLSPAN="2" WIDTH="201" HEIGHT="23">-</TD>
<TD ALIGN="CENTER" VALIGN="MIDDLE" COLSPAN="3" WIDTH="283" HEIGHT="23">-</TD>
<TD ALIGN="CENTER" VALIGN="MIDDLE" COLSPAN="2" WIDTH="199" HEIGHT="23">-</TD>
</TR>

<TR ACOPY="Y" ADELETE="Y" HEIGHT="30">
<TD ALIGN="CENTER" VALIGN="MIDDLE" WIDTH="112" HEIGHT="23">지명경쟁입찰</TD>
<TD ALIGN="CENTER" VALIGN="MIDDLE" COLSPAN="3" WIDTH="295" HEIGHT="23">-</TD>
<TD ALIGN="CENTER" VALIGN="MIDDLE" COLSPAN="2" WIDTH="201" HEIGHT="23">-</TD>
<TD ALIGN="CENTER" VALIGN="MIDDLE" COLSPAN="3" WIDTH="283" HEIGHT="23">-</TD>
<TD ALIGN="CENTER" VALIGN="MIDDLE" COLSPAN="2" WIDTH="199" HEIGHT="23">-</TD>
</TR>

<TR ACOPY="Y" ADELETE="Y" HEIGHT="30">
<TD ALIGN="CENTER" VALIGN="MIDDLE" WIDTH="112" HEIGHT="23">수의계약</TD>
<TD ALIGN="CENTER" VALIGN="MIDDLE" COLSPAN="3" WIDTH="295" HEIGHT="23">-</TD>
<TD ALIGN="CENTER" VALIGN="MIDDLE" COLSPAN="2" WIDTH="201" HEIGHT="23">-</TD>
<TD ALIGN="CENTER" VALIGN="MIDDLE" COLSPAN="3" WIDTH="283" HEIGHT="23">-</TD>
<TD ALIGN="CENTER" VALIGN="MIDDLE" COLSPAN="2" WIDTH="199" HEIGHT="23">-</TD>
</TR>

<TR ACOPY="Y" ADELETE="Y" HEIGHT="30">
<TD ROWSPAN="6" ALIGN="CENTER" VALIGN="MIDDLE" WIDTH="82" HEIGHT="173">2/4 분기</TD>
<TD ALIGN="CENTER" VALIGN="MIDDLE" ROWSPAN="2" WIDTH="112" HEIGHT="53">계약체결방식</TD>
<TD ALIGN="CENTER" VALIGN="MIDDLE" COLSPAN="5" WIDTH="505" HEIGHT="23">매출</TD>
<TD ALIGN="CENTER" VALIGN="MIDDLE" COLSPAN="5" WIDTH="491" HEIGHT="23">매입</TD>
</TR>

<TR ACOPY="Y" ADELETE="Y" HEIGHT="30">
<TD ALIGN="CENTER" VALIGN="MIDDLE" COLSPAN="3" WIDTH="295" HEIGHT="23">주요거래대상</TD>
<TD ALIGN="CENTER" VALIGN="MIDDLE" COLSPAN="2" WIDTH="201" HEIGHT="23">거래금액</TD>
<TD ALIGN="CENTER" VALIGN="MIDDLE" COLSPAN="3" WIDTH="283" HEIGHT="23">주요거래대상</TD>
<TD ALIGN="CENTER" VALIGN="MIDDLE" COLSPAN="2" WIDTH="199" HEIGHT="23">거래금액</TD>
</TR>

<TR ACOPY="Y" ADELETE="Y" HEIGHT="30">
<TD ALIGN="CENTER" VALIGN="MIDDLE" WIDTH="112" HEIGHT="23">경쟁입찰</TD>
<TD ALIGN="CENTER" VALIGN="MIDDLE" COLSPAN="3" WIDTH="295" HEIGHT="23">-</TD>
<TD ALIGN="CENTER" VALIGN="MIDDLE" COLSPAN="2" WIDTH="201" HEIGHT="23">-</TD>
<TD ALIGN="CENTER" VALIGN="MIDDLE" COLSPAN="3" WIDTH="283" HEIGHT="23">-</TD>
<TD ALIGN="CENTER" VALIGN="MIDDLE" COLSPAN="2" WIDTH="199" HEIGHT="23">-</TD>
</TR>

<TR ACOPY="Y" ADELETE="Y" HEIGHT="30">
<TD ALIGN="CENTER" VALIGN="MIDDLE" WIDTH="112" HEIGHT="23">제한경쟁입찰</TD>
<TD ALIGN="CENTER" VALIGN="MIDDLE" COLSPAN="3" WIDTH="295" HEIGHT="23">-</TD>
<TD ALIGN="CENTER" VALIGN="MIDDLE" COLSPAN="2" WIDTH="201" HEIGHT="23">-</TD>
<TD ALIGN="CENTER" VALIGN="MIDDLE" COLSPAN="3" WIDTH="283" HEIGHT="23">-</TD>
<TD ALIGN="CENTER" VALIGN="MIDDLE" COLSPAN="2" WIDTH="199" HEIGHT="23">-</TD>
</TR>

<TR ACOPY="Y" ADELETE="Y" HEIGHT="30">
<TD ALIGN="CENTER" VALIGN="MIDDLE" WIDTH="112" HEIGHT="23">지명경쟁입찰</TD>
<TD ALIGN="CENTER" VALIGN="MIDDLE" COLSPAN="3" WIDTH="295" HEIGHT="23">-</TD>
<TD ALIGN="CENTER" VALIGN="MIDDLE" COLSPAN="2" WIDTH="201" HEIGHT="23">-</TD>
<TD ALIGN="CENTER" VALIGN="MIDDLE" COLSPAN="3" WIDTH="283" HEIGHT="23">-</TD>
<TD ALIGN="CENTER" VALIGN="MIDDLE" COLSPAN="2" WIDTH="199" HEIGHT="23">-</TD>
</TR>

<TR ACOPY="Y" ADELETE="Y" HEIGHT="30">
<TD ALIGN="CENTER" VALIGN="MIDDLE" WIDTH="112" HEIGHT="23">수의계약</TD>
<TD ALIGN="CENTER" VALIGN="MIDDLE" COLSPAN="3" WIDTH="295" HEIGHT="23">-</TD>
<TD ALIGN="CENTER" VALIGN="MIDDLE" COLSPAN="2" WIDTH="201" HEIGHT="23">-</TD>
<TD ALIGN="CENTER" VALIGN="MIDDLE" COLSPAN="3" WIDTH="283" HEIGHT="23">-</TD>
<TD ALIGN="CENTER" VALIGN="MIDDLE" COLSPAN="2" WIDTH="199" HEIGHT="23">-</TD>
</TR>

<TR ACOPY="Y" ADELETE="Y" HEIGHT="30">
<TD ROWSPAN="6" ALIGN="CENTER" VALIGN="MIDDLE" WIDTH="82" HEIGHT="173">3/4 분기</TD>
<TD ALIGN="CENTER" VALIGN="MIDDLE" ROWSPAN="2" WIDTH="112" HEIGHT="53">계약체결방식</TD>
<TD ALIGN="CENTER" VALIGN="MIDDLE" COLSPAN="5" WIDTH="505" HEIGHT="23">매출</TD>
<TD ALIGN="CENTER" VALIGN="MIDDLE" COLSPAN="5" WIDTH="491" HEIGHT="23">매입</TD>
</TR>

<TR ACOPY="Y" ADELETE="Y" HEIGHT="30">
<TD ALIGN="CENTER" VALIGN="MIDDLE" COLSPAN="3" WIDTH="295" HEIGHT="23">주요거래대상</TD>
<TD ALIGN="CENTER" VALIGN="MIDDLE" COLSPAN="2" WIDTH="201" HEIGHT="23">거래금액</TD>
<TD ALIGN="CENTER" VALIGN="MIDDLE" COLSPAN="3" WIDTH="283" HEIGHT="23">주요거래대상</TD>
<TD ALIGN="CENTER" VALIGN="MIDDLE" COLSPAN="2" WIDTH="199" HEIGHT="23">거래금액</TD>
</TR>

<TR ACOPY="Y" ADELETE="Y" HEIGHT="30">
<TD ALIGN="CENTER" VALIGN="MIDDLE" WIDTH="112" HEIGHT="23">경쟁입찰</TD>
<TD ALIGN="CENTER" VALIGN="MIDDLE" COLSPAN="3" WIDTH="295" HEIGHT="23">-</TD>
<TD ALIGN="CENTER" VALIGN="MIDDLE" COLSPAN="2" WIDTH="201" HEIGHT="23">-</TD>
<TD ALIGN="CENTER" VALIGN="MIDDLE" COLSPAN="3" WIDTH="283" HEIGHT="23">-</TD>
<TD ALIGN="CENTER" VALIGN="MIDDLE" COLSPAN="2" WIDTH="199" HEIGHT="23">-</TD>
</TR>

<TR ACOPY="Y" ADELETE="Y" HEIGHT="30">
<TD ALIGN="CENTER" VALIGN="MIDDLE" WIDTH="112" HEIGHT="23">제한경쟁입찰</TD>
<TD ALIGN="CENTER" VALIGN="MIDDLE" COLSPAN="3" WIDTH="295" HEIGHT="23">-</TD>
<TD ALIGN="CENTER" VALIGN="MIDDLE" COLSPAN="2" WIDTH="201" HEIGHT="23">-</TD>
<TD ALIGN="CENTER" VALIGN="MIDDLE" COLSPAN="3" WIDTH="283" HEIGHT="23">-</TD>
<TD ALIGN="CENTER" VALIGN="MIDDLE" COLSPAN="2" WIDTH="199" HEIGHT="23">-</TD>
</TR>

<TR ACOPY="Y" ADELETE="Y" HEIGHT="30">
<TD ALIGN="CENTER" VALIGN="MIDDLE" WIDTH="112" HEIGHT="23">지명경쟁입찰</TD>
<TD ALIGN="CENTER" VALIGN="MIDDLE" COLSPAN="3" WIDTH="295" HEIGHT="23">-</TD>
<TD ALIGN="CENTER" VALIGN="MIDDLE" COLSPAN="2" WIDTH="201" HEIGHT="23">-</TD>
<TD ALIGN="CENTER" VALIGN="MIDDLE" COLSPAN="3" WIDTH="283" HEIGHT="23">-</TD>
<TD ALIGN="CENTER" VALIGN="MIDDLE" COLSPAN="2" WIDTH="199" HEIGHT="23">-</TD>
</TR>

<TR ACOPY="Y" ADELETE="Y" HEIGHT="30">
<TD ALIGN="CENTER" VALIGN="MIDDLE" WIDTH="112" HEIGHT="23">수의계약</TD>
<TD ALIGN="CENTER" VALIGN="MIDDLE" COLSPAN="3" WIDTH="295" HEIGHT="23">-</TD>
<TD ALIGN="CENTER" VALIGN="MIDDLE" COLSPAN="2" WIDTH="201" HEIGHT="23">-</TD>
<TD ALIGN="CENTER" VALIGN="MIDDLE" COLSPAN="3" WIDTH="283" HEIGHT="23">-</TD>
<TD ALIGN="CENTER" VALIGN="MIDDLE" COLSPAN="2" WIDTH="199" HEIGHT="23">-</TD>
</TR>

<TR ACOPY="Y" ADELETE="Y" HEIGHT="30">
<TD ROWSPAN="6" ALIGN="CENTER" VALIGN="MIDDLE" WIDTH="82" HEIGHT="173">4/4 분기</TD>
<TD ALIGN="CENTER" VALIGN="MIDDLE" ROWSPAN="2" WIDTH="112" HEIGHT="53">계약체결방식</TD>
<TD ALIGN="CENTER" VALIGN="MIDDLE" COLSPAN="5" WIDTH="505" HEIGHT="23">매출</TD>
<TD ALIGN="CENTER" VALIGN="MIDDLE" COLSPAN="5" WIDTH="491" HEIGHT="23">매입</TD>
</TR>

<TR ACOPY="Y" ADELETE="Y" HEIGHT="30">
<TD ALIGN="CENTER" VALIGN="MIDDLE" COLSPAN="3" WIDTH="295" HEIGHT="23">주요거래대상</TD>
<TD ALIGN="CENTER" VALIGN="MIDDLE" COLSPAN="2" WIDTH="201" HEIGHT="23">거래금액</TD>
<TD ALIGN="CENTER" VALIGN="MIDDLE" COLSPAN="3" WIDTH="283" HEIGHT="23">주요거래대상</TD>
<TD ALIGN="CENTER" VALIGN="MIDDLE" COLSPAN="2" WIDTH="199" HEIGHT="23">거래금액</TD>
</TR>

<TR ACOPY="Y" ADELETE="Y" HEIGHT="30">
<TD ALIGN="CENTER" VALIGN="MIDDLE" WIDTH="112" HEIGHT="23">경쟁입찰</TD>
<TD ALIGN="CENTER" VALIGN="MIDDLE" COLSPAN="3" WIDTH="295" HEIGHT="23">-</TD>
<TD ALIGN="CENTER" VALIGN="MIDDLE" COLSPAN="2" WIDTH="201" HEIGHT="23">-</TD>
<TD ALIGN="CENTER" VALIGN="MIDDLE" COLSPAN="3" WIDTH="283" HEIGHT="23">-</TD>
<TD ALIGN="CENTER" VALIGN="MIDDLE" COLSPAN="2" WIDTH="199" HEIGHT="23">-</TD>
</TR>

<TR ACOPY="Y" ADELETE="Y" HEIGHT="30">
<TD ALIGN="CENTER" VALIGN="MIDDLE" WIDTH="112" HEIGHT="23">제한경쟁입찰</TD>
<TD ALIGN="CENTER" VALIGN="MIDDLE" COLSPAN="3" WIDTH="295" HEIGHT="23">-</TD>
<TD ALIGN="CENTER" VALIGN="MIDDLE" COLSPAN="2" WIDTH="201" HEIGHT="23">-</TD>
<TD ALIGN="CENTER" VALIGN="MIDDLE" COLSPAN="3" WIDTH="283" HEIGHT="23">-</TD>
<TD ALIGN="CENTER" VALIGN="MIDDLE" COLSPAN="2" WIDTH="199" HEIGHT="23">-</TD>
</TR>

<TR ACOPY="Y" ADELETE="Y" HEIGHT="30">
<TD ALIGN="CENTER" VALIGN="MIDDLE" WIDTH="112" HEIGHT="23">지명경쟁입찰</TD>
<TD ALIGN="CENTER" VALIGN="MIDDLE" COLSPAN="3" WIDTH="295" HEIGHT="23">-</TD>
<TD ALIGN="CENTER" VALIGN="MIDDLE" COLSPAN="2" WIDTH="201" HEIGHT="23">-</TD>
<TD ALIGN="CENTER" VALIGN="MIDDLE" COLSPAN="3" WIDTH="283" HEIGHT="23">-</TD>
<TD ALIGN="CENTER" VALIGN="MIDDLE" COLSPAN="2" WIDTH="199" HEIGHT="23">-</TD>
</TR>

<TR ACOPY="Y" ADELETE="Y" HEIGHT="30">
<TD ALIGN="CENTER" VALIGN="MIDDLE" WIDTH="112" HEIGHT="23">수의계약</TD>
<TD ALIGN="CENTER" VALIGN="MIDDLE" COLSPAN="3" WIDTH="295" HEIGHT="23">-</TD>
<TD ALIGN="CENTER" VALIGN="MIDDLE" COLSPAN="2" WIDTH="201" HEIGHT="23">-</TD>
<TD ALIGN="CENTER" VALIGN="MIDDLE" COLSPAN="3" WIDTH="283" HEIGHT="23">-</TD>
<TD ALIGN="CENTER" VALIGN="MIDDLE" COLSPAN="2" WIDTH="199" HEIGHT="23">-</TD>
</TR>

<TR ACOPY="Y" ADELETE="Y" HEIGHT="53">
<TD COLSPAN="2" VALIGN="MIDDLE" WIDTH="203" HEIGHT="46">7. 기타</TD>
<TD COLSPAN="10" VALIGN="MIDDLE" WIDTH="1005" HEIGHT="46">- 상기 6 관련 당사 해당사항 없음- 상기 1 의 해당회사의 직전사업연도매출액(A)은 FY2024('24.1.1~'24.12.31) 재무제표 영업수익 기준임</TD>
</TR>
</TBODY>
</TABLE>
<P></P>
</SECTION-1>
</BODY>
</DOCUMENT>