<?xml version="1.0" encoding="utf-8"?>


<DOCUMENT xmlns:xsi="http://www.w3.org/2001/XMLSchema-instance" xsi:noNamespaceSchemaLocation="dart4.xsd">

<DOCUMENT-NAME ACODE="80708">특수관계인과의내부거래</DOCUMENT-NAME>
<FORMULA-VERSION ADATE="20240129">6.0</FORMULA-VERSION>
<COMPANY-NAME AREGCIK="00126256">삼성생명보험주식회사</COMPANY-NAME>


<BODY ATOCID="1">

<SECTION-1 ACLASS="MANDATORY" APARTSOURCE="SOURCE">
<TITLE ATOC="Y" AASSOCNOTE="D-0-1-0-0" ENG="Internal Transactions with Related Party" ATOCID="1">특수관계인과의 내부거래</TITLE>
<P></P>

<TABLE ACLASS="NORMAL" WIDTH="720" BORDER="1">

<COLGROUP WIDTH="720">
<COL WIDTH="93"></COL>
<COL WIDTH="48"></COL>
<COL WIDTH="63"></COL>
<COL WIDTH="135"></COL>
<COL WIDTH="78"></COL>
<COL WIDTH="81"></COL>
<COL WIDTH="78"></COL>
<COL WIDTH="144"></COL>
</COLGROUP>

<TBODY>

<TR ACOPY="Y" ADELETE="Y" HEIGHT="30">
<TD ALIGN="CENTER" VALIGN="MIDDLE" WIDTH="84" HEIGHT="23">기업집단명</TD>
<TD VALIGN="MIDDLE" WIDTH="39" HEIGHT="23" ALIGN="CENTER">삼성</TD>
<TD ALIGN="CENTER" VALIGN="MIDDLE" WIDTH="54" HEIGHT="23">회사명</TD>
<TD VALIGN="MIDDLE" WIDTH="126" HEIGHT="23" ALIGN="CENTER">삼성생명보험(주)</TD>
<TD ALIGN="CENTER" VALIGN="MIDDLE" WIDTH="69" HEIGHT="23">공시일자</TD>
<TD VALIGN="MIDDLE" WIDTH="72" HEIGHT="23" ALIGN="CENTER">'26. 1. 5</TD>
<TD ALIGN="CENTER" VALIGN="MIDDLE" WIDTH="69" HEIGHT="23">관련법규</TD>
<TD ALIGN="CENTER" VALIGN="MIDDLE" WIDTH="135" HEIGHT="23">공정거래법 제26조</TD>
</TR>
</TBODY>
</TABLE>
<P></P>

<TABLE ACLASS="NORMAL" AFIXTABLE="N" WIDTH="720" BORDER="0">

<COLGROUP WIDTH="720">
<COL WIDTH="306"></COL>
<COL WIDTH="414"></COL>
</COLGROUP>

<TBODY>

<TR ACOPY="Y" ADELETE="Y" HEIGHT="30">
<TD WIDTH="297" HEIGHT="23"></TD>
<TD ALIGN="RIGHT" WIDTH="405" HEIGHT="23">(단위 : 백만 원)</TD>
</TR>
</TBODY>
</TABLE>

<TABLE BORDER="1" WIDTH="722" ACLASS="NORMAL">

<COLGROUP WIDTH="722">
<COL WIDTH="101"></COL>
<COL WIDTH="85"></COL>
<COL WIDTH="31"></COL>
<COL WIDTH="87"></COL>
<COL WIDTH="127"></COL>
<COL WIDTH="106"></COL>
<COL WIDTH="185"></COL>
</COLGROUP>

<TBODY>

<TR ACOPY="Y" ADELETE="Y" HEIGHT="30">
<TD COLSPAN="4" VALIGN="MIDDLE" WIDTH="295" HEIGHT="23">1. 거래상대방</TD>
<TD ALIGN="CENTER" VALIGN="MIDDLE" WIDTH="118" HEIGHT="23">삼성카드(주)</TD>
<TD ALIGN="CENTER" VALIGN="MIDDLE" WIDTH="97" HEIGHT="23">회사와의 관계</TD>
<TD ALIGN="CENTER" VALIGN="MIDDLE" WIDTH="176" HEIGHT="23">계열회사</TD>
</TR>

<TR ACOPY="Y" ADELETE="Y" HEIGHT="30">
<TD ROWSPAN="6" VALIGN="MIDDLE" WIDTH="92" HEIGHT="173">2. 거래내용</TD>
<TD COLSPAN="3" VALIGN="MIDDLE" WIDTH="194" HEIGHT="23">가. 거래일자</TD>
<TD COLSPAN="3" ALIGN="CENTER" VALIGN="MIDDLE" WIDTH="409" HEIGHT="23">'26. 1. 1</TD>
</TR>

<TR ACOPY="Y" ADELETE="Y" HEIGHT="30">
<TD COLSPAN="2" ROWSPAN="2" VALIGN="MIDDLE" WIDTH="107" HEIGHT="53">나. 거래기간</TD>
<TD ALIGN="CENTER" VALIGN="MIDDLE" WIDTH="78" HEIGHT="23">시작일</TD>
<TD COLSPAN="3" ALIGN="CENTER" VALIGN="MIDDLE" WIDTH="409" HEIGHT="23">'26. 1. 1</TD>
</TR>

<TR ACOPY="Y" ADELETE="Y" HEIGHT="30">
<TD ALIGN="CENTER" VALIGN="MIDDLE" WIDTH="78" HEIGHT="23">종료일</TD>
<TD COLSPAN="3" ALIGN="CENTER" VALIGN="MIDDLE" WIDTH="409" HEIGHT="23">'26.12.31</TD>
</TR>

<TR ACOPY="Y" ADELETE="Y" HEIGHT="30">
<TD COLSPAN="3" VALIGN="MIDDLE" WIDTH="194" HEIGHT="23">다. 거래대상</TD>
<TD COLSPAN="3" ALIGN="CENTER" VALIGN="MIDDLE" WIDTH="409" HEIGHT="23">통합플랫폼(monimo) 운영 분담비용</TD>
</TR>

<TR ACOPY="Y" ADELETE="Y" HEIGHT="30">
<TD COLSPAN="3" VALIGN="MIDDLE" WIDTH="194" HEIGHT="23">라. 거래금액 </TD>
<TD COLSPAN="3" ALIGN="CENTER" VALIGN="MIDDLE" WIDTH="409" HEIGHT="23">46,021</TD>
</TR>

<TR ACOPY="Y" ADELETE="Y" HEIGHT="30">
<TD COLSPAN="3" VALIGN="MIDDLE" WIDTH="194" HEIGHT="23">마. 계약체결 방식</TD>
<TD COLSPAN="3" ALIGN="CENTER" VALIGN="MIDDLE" WIDTH="409" HEIGHT="23">수의계약</TD>
</TR>

<TR ACOPY="Y" ADELETE="Y" HEIGHT="30">
<TD COLSPAN="4" VALIGN="MIDDLE" WIDTH="295" HEIGHT="23">3. 총거래금액 </TD>
<TD COLSPAN="3" ALIGN="CENTER" VALIGN="MIDDLE" WIDTH="409" HEIGHT="23">46,021</TD>
</TR>

<TR ACOPY="Y" ADELETE="Y" HEIGHT="30">
<TD COLSPAN="4" VALIGN="MIDDLE" WIDTH="295" HEIGHT="23">4. 이사회 의결일</TD>
<TD COLSPAN="3" ALIGN="CENTER" VALIGN="MIDDLE" WIDTH="409" HEIGHT="23">'25.12.30</TD>
</TR>

<TR ACOPY="Y" ADELETE="Y" HEIGHT="30">
<TD COLSPAN="2" ROWSPAN="2" VALIGN="MIDDLE" WIDTH="177" HEIGHT="53">- 사외이사 참석여부</TD>
<TD COLSPAN="2" ALIGN="CENTER" VALIGN="MIDDLE" WIDTH="109" HEIGHT="23">참석(명)</TD>
<TD COLSPAN="3" ALIGN="CENTER" VALIGN="MIDDLE" WIDTH="409" HEIGHT="23">4</TD>
</TR>

<TR ACOPY="Y" ADELETE="Y" HEIGHT="30">
<TD COLSPAN="2" ALIGN="CENTER" VALIGN="MIDDLE" WIDTH="109" HEIGHT="23">불참(명)</TD>
<TD COLSPAN="3" ALIGN="CENTER" VALIGN="MIDDLE" WIDTH="409" HEIGHT="23">-</TD>
</TR>

<TR ACOPY="Y" ADELETE="Y" HEIGHT="30">
<TD COLSPAN="4" VALIGN="MIDDLE" WIDTH="295" HEIGHT="23">- 감사(감사위원)참석여부</TD>
<TD COLSPAN="3" ALIGN="CENTER" VALIGN="MIDDLE" WIDTH="409" HEIGHT="23">참석</TD>
</TR>

<TR ACOPY="Y" ADELETE="Y" HEIGHT="99">
<TD COLSPAN="4" VALIGN="MIDDLE" WIDTH="295" HEIGHT="92">5. 기타</TD>
<TD COLSPAN="3" VALIGN="MIDDLE" WIDTH="409" HEIGHT="92">- 상기 2항의 '라. 거래금액' 및 3항의 '총거래금액'은 '26년   12월까지 예상되는 금액이며, 정산시점에 변동될 수 있음- 본 공시의 내용은 거래상대방(삼성카드주식회사)의   이사회 의결에 따라 확정</TD>
</TR>

<TR ACOPY="Y" ADELETE="Y" HEIGHT="30">
<TD COLSPAN="4" VALIGN="MIDDLE" WIDTH="295" HEIGHT="23">※ 관련공시일</TD>
<TD COLSPAN="3" ALIGN="CENTER" VALIGN="MIDDLE" WIDTH="409" HEIGHT="23">-</TD>
</TR>
</TBODY>
</TABLE>
<P></P>
</SECTION-1>
</BODY>
</DOCUMENT>