<?xml version="1.0" encoding="utf-8"?>


<DOCUMENT xmlns:xsi="http://www.w3.org/2001/XMLSchema-instance" xsi:noNamespaceSchemaLocation="dart4.xsd">

<DOCUMENT-NAME ACODE="11333">주요사항보고서(자기주식 처분 결정)</DOCUMENT-NAME>
<FORMULA-VERSION ADATE="20251230">6.2</FORMULA-VERSION>
<COMPANY-NAME AREGCIK="00172185">(주)남성</COMPANY-NAME>


<BODY ATOCID="3">

<LIBRARY>
<CORRECTION>
<TITLE ATOC="Y" AASSOCNOTE="CORRECTION" ENG="Report of Disclosure Revision" ATOCID="2">정 정 신 고 (보고)</TITLE>

<TABLE ACLASS="NORMAL" AFIXTABLE="Y" WIDTH="600" BORDER="0">

<COLGROUP WIDTH="600">
<COL WIDTH="600"></COL>
</COLGROUP>

<TBODY>

<TR ACOPY="N" ADELETE="N" HEIGHT="30">
<TD WIDTH="591" HEIGHT="23"></TD>
</TR>

<TR ACOPY="N" ADELETE="N" HEIGHT="30">
<TD WIDTH="591" HEIGHT="23" ALIGN="RIGHT">2026년    01월    05일</TD>
</TR>
</TBODY>
</TABLE>
<P></P>
<P></P>

<TABLE ACLASS="NORMAL" AFIXTABLE="Y" WIDTH="600" BORDER="0">

<COLGROUP WIDTH="600">
<COL WIDTH="165"></COL>
<COL WIDTH="435"></COL>
</COLGROUP>

<TBODY>

<TR ACOPY="N" ADELETE="N" HEIGHT="30">
<TD WIDTH="156" VALIGN="MIDDLE" AUPDATECONT="N" ENG="1. Disclosure document to be revised:" HEIGHT="23">1. 정정대상 공시서류 :</TD>
<TD WIDTH="426" VALIGN="MIDDLE" HEIGHT="23">주요사항보고서(자기주식처분결정)</TD>
</TR>
</TBODY>
</TABLE>
<P></P>

<TABLE ACLASS="NORMAL" AFIXTABLE="Y" WIDTH="600" BORDER="0">

<COLGROUP WIDTH="600">
<COL WIDTH="260"></COL>
<COL WIDTH="340"></COL>
</COLGROUP>

<TBODY>

<TR ACOPY="N" ADELETE="N" HEIGHT="30">
<TD WIDTH="251" VALIGN="MIDDLE" AUPDATECONT="N" ENG="2. First submission date of disclosure document to be revised:" HEIGHT="23">2. 정정대상 공시서류의 최초제출일 :</TD>
<TD WIDTH="331" VALIGN="MIDDLE" HEIGHT="23">2024년 01월 30일</TD>
</TR>
</TBODY>
</TABLE>
<P></P>

<TABLE ACLASS="NORMAL" AFIXTABLE="Y" WIDTH="600" BORDER="0">

<COLGROUP WIDTH="600">
<COL WIDTH="600"></COL>
</COLGROUP>

<TBODY>

<TR ACOPY="N" ADELETE="N" HEIGHT="30">
<TD WIDTH="591" HEIGHT="23" VALIGN="MIDDLE" AUPDATECONT="N" ENG="3. Revised Information">3. 정정사항</TD>
</TR>
</TBODY>
</TABLE>

<TABLE ACLASS="NORMAL" AFIXTABLE="N" WIDTH="1129" BORDER="1">

<COLGROUP WIDTH="1129">
<COL WIDTH="416"></COL>
<COL WIDTH="328"></COL>
<COL WIDTH="183"></COL>
<COL WIDTH="202"></COL>
</COLGROUP>

<THEAD>

<TR ACOPY="N" ADELETE="N" HEIGHT="30">
<TH WIDTH="407" VALIGN="MIDDLE" ACOPYCOL="N" ADELETECOL="N" AMOVECOL="N" AUPDATECONT="N" ENG="Items" HEIGHT="23">항  목</TH>
<TH WIDTH="319" VALIGN="MIDDLE" ACOPYCOL="N" ADELETECOL="N" AMOVECOL="N" AUPDATECONT="N" ENG="Reason for revision" HEIGHT="23">정정사유</TH>
<TH WIDTH="174" VALIGN="MIDDLE" ACOPYCOL="N" ADELETECOL="N" AMOVECOL="N" AUPDATECONT="N" ENG="Before revision" HEIGHT="23">정 정 전</TH>
<TH WIDTH="193" VALIGN="MIDDLE" ACOPYCOL="N" ADELETECOL="N" AMOVECOL="N" AUPDATECONT="N" ENG="After revision" HEIGHT="23">정 정 후</TH>
</TR>
</THEAD>

<TBODY>

<TR ACOPY="Y" ADELETE="Y" HEIGHT="30">
<TD ALIGN="CENTER" VALIGN="MIDDLE" WIDTH="407" HEIGHT="23">1. 처분예정주식(주)</TD>
<TD ALIGN="CENTER" VALIGN="MIDDLE" WIDTH="319" HEIGHT="23">교환사채 조기상환에 따른 교환대상 주식 회수</TD>
<TD ALIGN="RIGHT" VALIGN="MIDDLE" WIDTH="174" HEIGHT="23">2,173,913</TD>
<TD ALIGN="RIGHT" VALIGN="MIDDLE" WIDTH="193" HEIGHT="23">173,913</TD>
</TR>

<TR ACOPY="Y" ADELETE="Y" HEIGHT="30">
<TD ALIGN="CENTER" VALIGN="MIDDLE" WIDTH="407" HEIGHT="23">3. 처분예정금액(원)</TD>
<TD ALIGN="CENTER" VALIGN="MIDDLE" WIDTH="319" HEIGHT="23">교환사채 조기상환에 따른 교환대상 주식 회수</TD>
<TD ALIGN="RIGHT" VALIGN="MIDDLE" WIDTH="174" HEIGHT="23">5,000,000,000</TD>
<TD ALIGN="RIGHT" VALIGN="MIDDLE" WIDTH="193" HEIGHT="23">400,000,000</TD>
</TR>

<TR ACOPY="Y" ADELETE="Y" HEIGHT="30">
<TD ALIGN="CENTER" VALIGN="MIDDLE" WIDTH="407" HEIGHT="23">6. 처분방법 > 기타(주)</TD>
<TD ALIGN="CENTER" VALIGN="MIDDLE" WIDTH="319" HEIGHT="23">교환사채 조기상환에 따른 교환대상 주식 회수</TD>
<TD ALIGN="RIGHT" VALIGN="MIDDLE" WIDTH="174" HEIGHT="23">2,173,913</TD>
<TD ALIGN="RIGHT" VALIGN="MIDDLE" WIDTH="193" HEIGHT="23">173,913</TD>
</TR>

<TR ACOPY="Y" ADELETE="Y" HEIGHT="30">
<TD ALIGN="CENTER" VALIGN="MIDDLE" WIDTH="407" HEIGHT="23">12. 기타 투자판단에 참고할 사항</TD>
<TD ALIGN="CENTER" VALIGN="MIDDLE" WIDTH="319" HEIGHT="23">교환사채 조기상환에 따른 교환대상 주식 회수</TD>
<TD ALIGN="CENTER" VALIGN="MIDDLE" WIDTH="174" HEIGHT="23">[12-1. 정정전]</TD>
<TD ALIGN="CENTER" VALIGN="MIDDLE" WIDTH="193" HEIGHT="23">[12-2. 정정후]</TD>
</TR>

<TR ACOPY="Y" ADELETE="Y" HEIGHT="53">
<TD ALIGN="CENTER" VALIGN="MIDDLE" WIDTH="407" HEIGHT="46">【처분 대상자별 회사 및 최대주주와의 관계, 선정경위 등】처분대상자: 미래에셋증권 주식회사</TD>
<TD ALIGN="CENTER" VALIGN="MIDDLE" WIDTH="319" HEIGHT="46">교환사채 조기상환에 따른 교환대상 주식 회수</TD>
<TD ALIGN="RIGHT" VALIGN="MIDDLE" WIDTH="174" HEIGHT="46">처분주식수(주): 434,782</TD>

<TD ALIGN="RIGHT" VALIGN="MIDDLE" WIDTH="193" HEIGHT="46">
<SPAN>처분주식수(주): -</SPAN>
</TD>
</TR>

<TR ACOPY="Y" ADELETE="Y" HEIGHT="53">
<TD ALIGN="CENTER" VALIGN="MIDDLE" WIDTH="407" HEIGHT="46">【처분 대상자별 회사 및 최대주주와의 관계, 선정경위 등】처분대상자: 피봇파트너스 주식회사</TD>
<TD ALIGN="CENTER" VALIGN="MIDDLE" WIDTH="319" HEIGHT="46">교환사채 조기상환에 따른 교환대상 주식 회수</TD>
<TD ALIGN="RIGHT" VALIGN="MIDDLE" WIDTH="174" HEIGHT="46">처분주식수(주): 652,173</TD>

<TD ALIGN="RIGHT" VALIGN="MIDDLE" WIDTH="193" HEIGHT="46">처분주식수(주): 
<SPAN>173,913</SPAN>
</TD>
</TR>

<TR ACOPY="Y" ADELETE="Y" HEIGHT="53">
<TD ALIGN="CENTER" VALIGN="MIDDLE" WIDTH="407" HEIGHT="46">【처분 대상자별 회사 및 최대주주와의 관계, 선정경위 등】처분대상자: 주식회사 비에프에이</TD>
<TD ALIGN="CENTER" VALIGN="MIDDLE" WIDTH="319" HEIGHT="46">교환사채 조기상환에 따른 교환대상 주식 회수</TD>
<TD ALIGN="RIGHT" VALIGN="MIDDLE" WIDTH="174" HEIGHT="46">처분주식수(주): 434,782</TD>
<TD ALIGN="RIGHT" VALIGN="MIDDLE" WIDTH="193" HEIGHT="46">처분주식수(주): -</TD>
</TR>

<TR ACOPY="Y" ADELETE="Y" HEIGHT="53">
<TD ALIGN="CENTER" VALIGN="MIDDLE" WIDTH="407" HEIGHT="46">【처분 대상자별 회사 및 최대주주와의 관계, 선정경위 등】처분대상자: 이진수</TD>
<TD ALIGN="CENTER" VALIGN="MIDDLE" WIDTH="319" HEIGHT="46">교환사채 조기상환에 따른 교환대상 주식 회수</TD>
<TD ALIGN="RIGHT" VALIGN="MIDDLE" WIDTH="174" HEIGHT="46">처분주식수(주): 434,782</TD>

<TD ALIGN="RIGHT" VALIGN="MIDDLE" WIDTH="193" HEIGHT="46">
<SPAN>처분주식수(주): -</SPAN>
</TD>
</TR>
</TBODY>
</TABLE>

<P>
<SPAN>[12-1. 정정전]</SPAN>
</P>
<P>11. 기타 투자판단에 참고할 사항</P>
<P>본 자기주식 처분은 자기주식을 교환대상으로 하는 사모 교환사채의 발행을 목적으로 하고 있으며 교환사채 발행에 관한 세부사항은 2024년 01월 30일자 주요사항보고서(교환사채권 발행결정)를 참고하시기 바랍니다.</P>

<P>
<SPAN>[12-2. 정정후]12. 기타 투자판단에 참고할 사항</SPAN>
<SPAN>- 본 자기주식 처분은 자기주식을 교환대상으로 하는 사모 교환사채의 발행을 목적으로 하고 있으며 교환사채 발행에 관한 세부사항은 2024년 01월 30일자 주요사항보고서(교환사채권 발행결정)를 참고하시기 바랍니다.- 본 공시는 금번 정정신고일 기준으로 당사가 2024.02.01 발행한 </SPAN>
<SPAN>제31회 무기명식 이권부 무보증 사모 교환사채와</SPAN>
<SPAN> 관련하여 권면총액 50억 원 중 92%인 46억 원이 사채권자의 조기상환 청구권(put option) 행사에 의한 만기 전 취득 결정으로 인한 정정공시입니다.</SPAN>
<SPAN>- 상기 1. 처분예정주식수(주)는 당사가 2024.02.01일 발행한 제31회 무기명식 이권부 무보증 사모 교환사채와 관련하여 동 사채의 교환대상 주식인 자기주식 총 2,173,913주 중에서 금번 정정신고일 기준으로 채권자의 조기상환청구권(Put option)의 행사로 인해 만기전 일부 조기상환 된 사채금액의 교환대상 주식인 자기주식 2,000,000주를 제외한 173,913주가 교환청구 된 것으로 간주하였습니다.</SPAN>
<SPAN></SPAN>
<SPAN></SPAN>
</P>
<PGBRK></PGBRK>
</CORRECTION>
</LIBRARY>


<LIBRARY>
<SECTION-1 ACLASS="MANDATORY" APARTSOURCE="SOURCE">
<TITLE ATOC="Y" AASSOCNOTE="D-0-0-0-0" ENG="Report on Major Issues／Reporting Obligations to the KRX" ATOCID="3">주요사항보고서 / 거래소 신고의무 사항</TITLE>

<TABLE ACLASS="NORMAL" AFIXTABLE="Y" WIDTH="600" BORDER="0">

<COLGROUP WIDTH="600">
<COL WIDTH="141"></COL>
<COL WIDTH="183"></COL>
<COL WIDTH="276"></COL>
</COLGROUP>

<TBODY>

<TR ACOPY="Y" ADELETE="Y" HEIGHT="30">
<TD COLSPAN="3" WIDTH="591" HEIGHT="23"></TD>
</TR>

<TR ACOPY="Y" ADELETE="Y" HEIGHT="53">
<TD COLSPAN="3" WIDTH="591" HEIGHT="46"></TD>
</TR>

<TR ACOPY="Y" ADELETE="Y" HEIGHT="30">
<TD COLSPAN="2" VALIGN="MIDDLE" WIDTH="315" HEIGHT="23">금융위원회 / 한국거래소 귀중</TD>
<TD ALIGN="RIGHT" VALIGN="MIDDLE" WIDTH="267" HEIGHT="23">2026년   01월   05일</TD>
</TR>

<TR ACOPY="Y" ADELETE="Y" HEIGHT="53">
<TD COLSPAN="3" WIDTH="591" HEIGHT="46"></TD>
</TR>

<TR ACOPY="Y" ADELETE="Y" HEIGHT="30">
<TD WIDTH="132" HEIGHT="23">회     사     명  :</TD>
<TD COLSPAN="2" WIDTH="450" HEIGHT="23">주식회사 남 성</TD>
</TR>

<TR ACOPY="Y" ADELETE="Y" HEIGHT="30">
<TD WIDTH="132" HEIGHT="23">대  표   이  사  :</TD>
<TD COLSPAN="2" WIDTH="450" HEIGHT="23">윤 성 호 </TD>
</TR>

<TR ACOPY="Y" ADELETE="Y" HEIGHT="30">
<TD WIDTH="132" HEIGHT="23">본 점  소 재 지 :</TD>
<TD COLSPAN="2" WIDTH="450" HEIGHT="23">서울 금천구 디지털로 130 남성프라자 15층</TD>
</TR>

<TR ACOPY="Y" ADELETE="Y" HEIGHT="30">
<TD WIDTH="132" HEIGHT="23"></TD>
<TD COLSPAN="2" WIDTH="450" HEIGHT="23">(전  화) 02 - 2109 - 1550</TD>
</TR>

<TR ACOPY="Y" ADELETE="Y" HEIGHT="30">
<TD WIDTH="132" HEIGHT="23"></TD>
<TD COLSPAN="2" WIDTH="450" HEIGHT="23">(홈페이지)http://www.namsung.com</TD>
</TR>

<TR ACOPY="Y" ADELETE="Y" HEIGHT="30">
<TD WIDTH="132" HEIGHT="23"></TD>
<TD COLSPAN="2" WIDTH="450" HEIGHT="23"></TD>
</TR>

<TR ACOPY="Y" ADELETE="Y" HEIGHT="30">
<TD COLSPAN="3" WIDTH="591" HEIGHT="23"></TD>
</TR>

<TR ACOPY="Y" ADELETE="Y" HEIGHT="30">
<TD COLSPAN="3" WIDTH="591" HEIGHT="23"></TD>
</TR>

<TR ACOPY="Y" ADELETE="Y" HEIGHT="30">
<TD WIDTH="132" HEIGHT="23">작 성 책 임 자 :</TD>
<TD WIDTH="174" HEIGHT="23">(직  책) 상무이사</TD>
<TD WIDTH="267" HEIGHT="23">(성  명) 김 성 욱</TD>
</TR>

<TR ACOPY="Y" ADELETE="Y" HEIGHT="30">
<TD WIDTH="132" HEIGHT="23"></TD>
<TD COLSPAN="2" WIDTH="450" HEIGHT="23">(전  화) 02-2109-1503</TD>
</TR>

<TR ACOPY="Y" ADELETE="Y" HEIGHT="30">
<TD COLSPAN="3" WIDTH="591" HEIGHT="23"></TD>
</TR>
</TBODY>
</TABLE>
<P></P>
<PGBRK></PGBRK>
</SECTION-1>
</LIBRARY>


<SECTION-1 ACLASS="MANDATORY" APARTSOURCE="SOURCE">
<TITLE ATOC="Y" AASSOCNOTE="D-0-1-0-0" ENG="Decision on Disposal of Treasury Stock" ATOCID="1">자기주식 처분 결정</TITLE>
<P></P>

<TABLE-GROUP ACLASS="TBL_SEL_STK" ADELETETABLE="N">

<TABLE ACLASS="EXTRACTION" AFIXTABLE="Y" WIDTH="609" BORDER="1">

<COLGROUP WIDTH="609">
<COL WIDTH="100"></COL>
<COL WIDTH="167"></COL>
<COL WIDTH="101"></COL>
<COL WIDTH="81"></COL>
<COL WIDTH="80"></COL>
<COL WIDTH="80"></COL>
</COLGROUP>

<TBODY>

<TR ACOPY="N" ADELETE="N" HEIGHT="30">
<TD ROWSPAN="2" COLSPAN="2" VALIGN="MIDDLE" WIDTH="258" HEIGHT="53" AUPDATECONT="N" ENG="1. Shares to be disposed of (shrs.)">1. 처분예정주식(주)</TD>
<TD ALIGN="CENTER" WIDTH="92" HEIGHT="23" AUPDATECONT="N" ENG="Common stock">보통주식</TD>
<TE COLSPAN="3" ALIGN="RIGHT" WIDTH="232" HEIGHT="23" ACODE="SEL_OSTK">173,913</TE>
</TR>

<TR ACOPY="N" ADELETE="N" HEIGHT="30">
<TD ALIGN="CENTER" WIDTH="92" HEIGHT="23" AUPDATECONT="N" ENG="Different classes of stocks">기타주식</TD>
<TE COLSPAN="3" ALIGN="RIGHT" WIDTH="232" HEIGHT="23" ACODE="SEL_ESTK">-</TE>
</TR>

<TR ACOPY="N" ADELETE="N" HEIGHT="30">
<TD ROWSPAN="2" COLSPAN="2" VALIGN="MIDDLE" WIDTH="258" HEIGHT="53" AUPDATECONT="N" ENG="2. Price of shares to be disposed of (KRW)">2. 처분 대상 주식가격(원)</TD>
<TD ALIGN="CENTER" WIDTH="92" HEIGHT="23" AUPDATECONT="N" ENG="Common stock">보통주식</TD>
<TE COLSPAN="3" ALIGN="RIGHT" WIDTH="232" HEIGHT="23" ACODE="SEL_OSTK_SPRC">2,300</TE>
</TR>

<TR ACOPY="N" ADELETE="N" HEIGHT="30">
<TD ALIGN="CENTER" WIDTH="92" HEIGHT="23" AUPDATECONT="N" ENG="Different classes of stocks">기타주식</TD>
<TE COLSPAN="3" ALIGN="RIGHT" WIDTH="232" HEIGHT="23" ACODE="SEL_ESTK_SPRC">-</TE>
</TR>

<TR ACOPY="N" ADELETE="N" HEIGHT="30">
<TD ROWSPAN="2" COLSPAN="2" VALIGN="MIDDLE" WIDTH="258" HEIGHT="53" AUPDATECONT="N" ENG="3. Estimated disposal amount (KRW)">3. 처분예정금액(원)</TD>
<TD ALIGN="CENTER" WIDTH="92" HEIGHT="23" AUPDATECONT="N" ENG="Common stock">보통주식</TD>
<TE COLSPAN="3" ALIGN="RIGHT" WIDTH="232" HEIGHT="23" ACODE="SEL_OSTK_PRC">400,000,000</TE>
</TR>

<TR ACOPY="N" ADELETE="N" HEIGHT="30">
<TD ALIGN="CENTER" WIDTH="92" HEIGHT="23" AUPDATECONT="N" ENG="Different classes of stocks">기타주식</TD>
<TE COLSPAN="3" ALIGN="RIGHT" WIDTH="232" HEIGHT="23" ACODE="SEL_ESTK_PRC">-</TE>
</TR>

<TR ACOPY="N" ADELETE="N" HEIGHT="30">
<TD ROWSPAN="2" COLSPAN="2" VALIGN="MIDDLE" WIDTH="258" HEIGHT="53" AUPDATECONT="N" ENG="4. Scheduled disposal period">4. 처분예정기간</TD>
<TD ALIGN="CENTER" WIDTH="92" HEIGHT="23" AUPDATECONT="N" ENG="Start date">시작일</TD>
<TU COLSPAN="3" ALIGN="CENTER" WIDTH="232" HEIGHT="23" AUNIT="SEL_BGN" AUNITVALUE="20240201">2024년 02월 01일</TU>
</TR>

<TR ACOPY="N" ADELETE="N" HEIGHT="30">
<TD ALIGN="CENTER" WIDTH="92" HEIGHT="23" AUPDATECONT="N" ENG="End date">종료일</TD>
<TU COLSPAN="3" ALIGN="CENTER" WIDTH="232" HEIGHT="23" AUNIT="SEL_END" AUNITVALUE="20240201">2024년 02월 01일</TU>
</TR>

<TR ACOPY="N" ADELETE="N" HEIGHT="76">
<TD COLSPAN="3" WIDTH="359" HEIGHT="69" AUPDATECONT="N" ENG="5. Purpose of disposal">5. 처분목적</TD>
<TE COLSPAN="3" WIDTH="232" HEIGHT="69" ACODE="SEL_PPS" VALIGN="MIDDLE">자기주식을 교환대상으로 하는 사모 교환사채의 발행으로 인한 자기주식 처분</TE>
</TR>

<TR ACOPY="N" ADELETE="N" HEIGHT="30">
<TD ROWSPAN="4" VALIGN="MIDDLE" WIDTH="91" HEIGHT="113" AUPDATECONT="N" ENG="6. Disposal method">6. 처분방법</TD>
<TD VALIGN="MIDDLE" WIDTH="259" HEIGHT="23" AUPDATECONT="N" COLSPAN="2" ALIGN="CENTER" ENG="Sale on the market (shrs.)">시장을 통한 매도(주)</TD>
<TE ALIGN="RIGHT" WIDTH="232" HEIGHT="23" ACODE="SEL_MTH_MRK" COLSPAN="3">-</TE>
</TR>

<TR ACOPY="N" ADELETE="N" HEIGHT="30">
<TD WIDTH="259" HEIGHT="23" AUPDATECONT="N" COLSPAN="2" VALIGN="MIDDLE" ALIGN="CENTER" ENG="Off-hours block trading (shrs.)">시간외대량매매(주)</TD>
<TE ALIGN="RIGHT" WIDTH="232" HEIGHT="23" ACODE="SEL_MTH_OVT" COLSPAN="3">-</TE>
</TR>

<TR ACOPY="N" ADELETE="N" HEIGHT="30">
<TD VALIGN="MIDDLE" WIDTH="259" HEIGHT="23" AUPDATECONT="N" COLSPAN="2" ALIGN="CENTER" ENG="Disposal in OTC (shrs.)">장외처분(주)</TD>
<TE ALIGN="RIGHT" WIDTH="232" HEIGHT="23" ACODE="SEL_MTH_OMRK" COLSPAN="3">-</TE>
</TR>

<TR ACOPY="N" ADELETE="N" HEIGHT="30">
<TD WIDTH="259" HEIGHT="23" AUPDATECONT="N" COLSPAN="2" VALIGN="MIDDLE" ALIGN="CENTER" ENG="Others (shrs.)">기 타(주)</TD>
<TE ALIGN="RIGHT" WIDTH="232" HEIGHT="23" ACODE="SEL_MTH_ETC" COLSPAN="3">173,913</TE>
</TR>

<TR ACOPY="N" ADELETE="N" HEIGHT="122">
<TD COLSPAN="3" WIDTH="359" HEIGHT="115" AUPDATECONT="N" ENG="7. Counterparty">7. 처분상대방</TD>
<TE COLSPAN="3" WIDTH="232" HEIGHT="115" ACODE="DSPS_PARN" VALIGN="MIDDLE" ALIGN="CENTER">미래에셋증권 주식회사피봇파트너스 주식회사주식회사 비에프에이이진수박상우</TE>
</TR>

<TR ACOPY="N" ADELETE="N" HEIGHT="30">
<TD COLSPAN="3" WIDTH="359" HEIGHT="23" AUPDATECONT="N" ENG="8. Entrusted brokerage company">8. 위탁투자중개업자</TD>
<TE COLSPAN="3" WIDTH="232" HEIGHT="23" ACODE="CI_BRK" VALIGN="MIDDLE" ALIGN="CENTER">-</TE>
</TR>

<TR ACOPY="N" ADELETE="N" HEIGHT="30">
<TD ROWSPAN="4" VALIGN="MIDDLE" WIDTH="91" HEIGHT="113" AUPDATECONT="N" ENG="9. Treasury stock holding before disposal">9. 처분 전  자기주식  보유현황</TD>
<TD ROWSPAN="2" VALIGN="MIDDLE" WIDTH="158" HEIGHT="53" AUPDATECONT="N" ALIGN="CENTER" ENG="Acquisition within profits available for dividends (shrs.)">배당가능이익범위 내 취득(주)</TD>
<TD ALIGN="CENTER" WIDTH="92" HEIGHT="23" AUPDATECONT="N" ENG="Common stock">보통주식</TD>
<TE ALIGN="RIGHT" WIDTH="72" HEIGHT="23" ACODE="HLD_OSTK">4,889,673</TE>
<TD ALIGN="CENTER" WIDTH="71" HEIGHT="23" AUPDATECONT="N" ENG="Ratio (%)">비율(%)</TD>
<TE ALIGN="RIGHT" WIDTH="71" HEIGHT="23" ACODE="HLD_OSTK_RT">13.50</TE>
</TR>

<TR ACOPY="N" ADELETE="N" HEIGHT="30">
<TD ALIGN="CENTER" WIDTH="92" HEIGHT="23" AUPDATECONT="N" ENG="Different classes of stocks">기타주식</TD>
<TE ALIGN="RIGHT" WIDTH="72" HEIGHT="23" ACODE="HLD_ESTK">-</TE>
<TD ALIGN="CENTER" WIDTH="71" HEIGHT="23" AUPDATECONT="N" ENG="Ratio (%)">비율(%)</TD>
<TE ALIGN="RIGHT" WIDTH="71" HEIGHT="23" ACODE="HLD_ESTK_RT">-</TE>
</TR>

<TR ACOPY="N" ADELETE="N" HEIGHT="30">
<TD ROWSPAN="2" VALIGN="MIDDLE" WIDTH="158" HEIGHT="53" AUPDATECONT="N" ALIGN="CENTER" ENG="Other acquisition (shrs.)">기타취득(주)</TD>
<TD ALIGN="CENTER" WIDTH="92" HEIGHT="23" AUPDATECONT="N" ENG="Common stock">보통주식</TD>
<TE ALIGN="RIGHT" WIDTH="72" HEIGHT="23" ACODE="EG_OSTK">-</TE>
<TD ALIGN="CENTER" WIDTH="71" HEIGHT="23" AUPDATECONT="N" ENG="Ratio (%)">비율(%)</TD>
<TE ALIGN="RIGHT" WIDTH="71" HEIGHT="23" ACODE="EG_OSTK_RT">-</TE>
</TR>

<TR ACOPY="N" ADELETE="N" HEIGHT="30">
<TD ALIGN="CENTER" WIDTH="92" HEIGHT="23" AUPDATECONT="N" ENG="Different classes of stocks">기타주식</TD>
<TE ALIGN="RIGHT" WIDTH="72" HEIGHT="23" ACODE="EG_ESTK">-</TE>
<TD ALIGN="CENTER" WIDTH="71" HEIGHT="23" AUPDATECONT="N" ENG="Ratio (%)">비율(%)</TD>
<TE ALIGN="RIGHT" WIDTH="71" HEIGHT="23" ACODE="EG_ESTK_RT">-</TE>
</TR>

<TR ACOPY="N" ADELETE="N" HEIGHT="30">
<TD COLSPAN="3" WIDTH="359" HEIGHT="23" AUPDATECONT="N" ENG="10. Disposal decision date">10. 처분결정일</TD>
<TU COLSPAN="3" ALIGN="CENTER" WIDTH="232" HEIGHT="23" AUNIT="SEL_DATE" AUNITVALUE="20240130">2024년 01월 30일</TU>
</TR>

<TR ACOPY="N" ADELETE="N" HEIGHT="30">
<TD ROWSPAN="2" COLSPAN="2" VALIGN="MIDDLE" WIDTH="258" HEIGHT="53" AUPDATECONT="N" ENG="- Attendance of outside directors">   - 사외이사참석여부</TD>
<TD ALIGN="CENTER" WIDTH="92" HEIGHT="23" AUPDATECONT="N" ENG="Present (No.)">참석(명)</TD>
<TE COLSPAN="3" ALIGN="RIGHT" WIDTH="232" HEIGHT="23" ACODE="ATD_CNT">1</TE>
</TR>

<TR ACOPY="N" ADELETE="N" HEIGHT="30">
<TD ALIGN="CENTER" WIDTH="92" HEIGHT="23" AUPDATECONT="N" ENG="Absent (No.)">불참(명)</TD>
<TE COLSPAN="3" ALIGN="RIGHT" WIDTH="232" HEIGHT="23" ACODE="NATD_CNT">-</TE>
</TR>

<TR ACOPY="N" ADELETE="N" HEIGHT="30">
<TD COLSPAN="3" WIDTH="359" HEIGHT="23" AUPDATECONT="N" ENG="- Attendance of auditors (Members of Audit Committee who are not outside directors)">   - 감사(사외이사가 아닌 감사위원)참석여부</TD>
<TU COLSPAN="3" ALIGN="CENTER" WIDTH="232" HEIGHT="23" AUNIT="ADT_ATD_YN" AUNITVALUE="Y" ENG="Present">참석</TU>
</TR>

<TR ACOPY="N" ADELETE="N" HEIGHT="30">
<TD ROWSPAN="2" COLSPAN="2" VALIGN="MIDDLE" WIDTH="258" HEIGHT="53" AUPDATECONT="N" ENG="11. Limit of selling order per day">11. 1일 매도 주문수량 한도</TD>
<TD ALIGN="CENTER" WIDTH="92" HEIGHT="23" AUPDATECONT="N" ENG="Common stock">보통주식</TD>
<TE COLSPAN="3" ALIGN="RIGHT" WIDTH="232" HEIGHT="23" ACODE="SEL_OSTK_LMT">-</TE>
</TR>

<TR ACOPY="N" ADELETE="N" HEIGHT="30">
<TD ALIGN="CENTER" WIDTH="92" HEIGHT="23" AUPDATECONT="N" ENG="Different classes of stocks">기타주식</TD>
<TE COLSPAN="3" ALIGN="RIGHT" WIDTH="232" HEIGHT="23" ACODE="SEL_ESTK_LMT">-</TE>
</TR>
</TBODY>
</TABLE>
</TABLE-GROUP>

<TABLE ACLASS="NORMAL" AFIXTABLE="Y" WIDTH="600" BORDER="0">

<COLGROUP WIDTH="600">
<COL WIDTH="600"></COL>
</COLGROUP>

<TBODY>

<TR ACOPY="N" ADELETE="N" HEIGHT="30">
<TD WIDTH="591" HEIGHT="23" AUPDATECONT="N" ENG="12. Other matters to be factored into investment decisions">12. 기타 투자판단에 참고할 사항</TD>
</TR>
</TBODY>
</TABLE>

<P>
<SPAN></SPAN>
<SPAN>- 본 자기주식 처분은 자기주식을 교환대상으로 하는 사모 교환사채의 발행을 목적으로 하고 있으며 교환사채 발행에 관한 세부사항은 </SPAN>
<A REFNO="20240130000457" REFTYPE="REFNO">2024년 01월 30일자 주요사항보고서(교환사채권 발행결정)</A>
<SPAN>를 참고하시기 바랍니다.</SPAN>
<SPAN>- 본 공시는 금번 정정신고일 기준으로 당사가 2024.02.01 발행한 </SPAN>
<SPAN>제31회 무기명식 이권부 무보증 사모 교환사채와</SPAN>
<SPAN> 관련하여 권면총액 50억 원 중 92%인 46억 원이 사채권자의 조기상환 청구권(put option) 행사에 의한 만기 전 취득 결정으로 인한 정정공시입니다.</SPAN>
<SPAN>- 상기 1. 처분예정주식수(주)는 당사가 2024.02.01일 발행한 제31회 무기명식 이권부 무보증 사모 교환사채와 관련하여 동 사채의 교환대상 주식인 자기주식 총 2,173,913주 중에서 금번 정정신고일 기준으로 채권자의 조기상환청구권(Put option)의 행사로 인해 만기전 일부 조기상환 된 사채금액의 교환대상 주식인 자기주식 2,000,000주를 제외한 173,913주가 교환청구 된 것으로 간주하였습니다.</SPAN>
<SPAN></SPAN>
<SPAN></SPAN>
<SPAN></SPAN>
</P>
<P></P>

<TABLE-GROUP ACLASS="TBL_OWN_STK" ADELETETABLE="N">

<TABLE ACLASS="NORMAL" AFIXTABLE="Y" WIDTH="600" BORDER="0">

<COLGROUP WIDTH="600">
<COL WIDTH="600"></COL>
</COLGROUP>

<TBODY>

<TR ACOPY="N" ADELETE="N" HEIGHT="30">
<TD WIDTH="591" HEIGHT="23" AUPDATECONT="N" ENG="【Status of Treasury Stock Holding before Decision on Disposal of Treasury Stock】">【자기주식 처분 결정 전 자기주식 보유현황】</TD>
</TR>
</TBODY>
</TABLE>

<TABLE ACLASS="EXTRACTION" AFIXTABLE="Y" WIDTH="765" BORDER="0">

<COLGROUP WIDTH="765">
<COL WIDTH="765"></COL>
</COLGROUP>

<TBODY>

<TR ACOPY="N" ADELETE="N" HEIGHT="30">
<TU ALIGN="RIGHT" VALIGN="BOTTOM" WIDTH="756" HEIGHT="23" AUNIT="STOCK" AUNITVALUE="1" ENG="(Unit: shares)">(단위 : 주)</TU>
</TR>
</TBODY>
</TABLE>

<TABLE ACLASS="EXTRACTION" AFIXTABLE="Y" WIDTH="792" BORDER="1">

<COLGROUP WIDTH="792">
<COL WIDTH="48"></COL>
<COL WIDTH="98"></COL>
<COL WIDTH="128"></COL>
<COL WIDTH="98"></COL>
<COL WIDTH="84"></COL>
<COL WIDTH="68"></COL>
<COL WIDTH="68"></COL>
<COL WIDTH="68"></COL>
<COL WIDTH="84"></COL>
<COL WIDTH="48"></COL>
</COLGROUP>

<THEAD>

<TR ACOPY="N" ADELETE="N" HEIGHT="30">
<TH VALIGN="MIDDLE" WIDTH="265" HEIGHT="53" ACOPYCOL="N" ADELETECOL="N" AMOVECOL="N" AUPDATECONT="N" ROWSPAN="2" COLSPAN="3" ENG="Acquisition method">취득방법</TH>
<TH VALIGN="MIDDLE" WIDTH="89" HEIGHT="53" ACOPYCOL="N" ADELETECOL="N" AMOVECOL="N" AUPDATECONT="N" ROWSPAN="2" ENG="Type of shares">주식의 종류</TH>
<TH VALIGN="MIDDLE" WIDTH="75" HEIGHT="53" ACOPYCOL="N" ADELETECOL="N" AMOVECOL="N" AUPDATECONT="N" ROWSPAN="2" ENG="Beginning balance">기초수량</TH>
<TH VALIGN="MIDDLE" WIDTH="195" HEIGHT="23" ACOPYCOL="N" ADELETECOL="N" AMOVECOL="N" AUPDATECONT="N" COLSPAN="3" ENG="Change in quantity">변동 수량</TH>
<TH VALIGN="MIDDLE" WIDTH="75" HEIGHT="53" ACOPYCOL="N" ADELETECOL="N" AMOVECOL="N" AUPDATECONT="N" ROWSPAN="2" ENG="Closing balance">기말수량</TH>
<TH VALIGN="MIDDLE" WIDTH="39" HEIGHT="53" ACOPYCOL="N" ADELETECOL="N" AMOVECOL="N" AUPDATECONT="N" ROWSPAN="2" ENG="Note">비고</TH>
</TR>

<TR ACOPY="N" ADELETE="N" HEIGHT="30">
<TH VALIGN="MIDDLE" WIDTH="59" HEIGHT="23" ACOPYCOL="N" ADELETECOL="N" AMOVECOL="N" AUPDATECONT="N" ENG="Acquisition (+)">취득(+)</TH>
<TH VALIGN="MIDDLE" WIDTH="59" HEIGHT="23" ACOPYCOL="N" ADELETECOL="N" AMOVECOL="N" AUPDATECONT="N" ENG="Disposal (-)">처분(-)</TH>
<TH VALIGN="MIDDLE" WIDTH="59" HEIGHT="23" ACOPYCOL="N" ADELETECOL="N" AMOVECOL="N" AUPDATECONT="N" ENG="Retirement (-)">소각(-)</TH>
</TR>
</THEAD>

<TBODY>

<TR ACOPY="N" ADELETE="N" HEIGHT="30">
<TD ROWSPAN="14" ALIGN="CENTER" VALIGN="MIDDLE" WIDTH="39" HEIGHT="413" AUPDATECONT="N" ENG="Acquisition within profits available for dividends">배당가능이익범위이내취득</TD>
<TD ROWSPAN="8" ALIGN="CENTER" VALIGN="MIDDLE" WIDTH="89" HEIGHT="233" AUPDATECONT="N" ENG="Direct acquisition">직접취득</TD>
<TD ALIGN="CENTER" VALIGN="MIDDLE" WIDTH="119" HEIGHT="53" AUPDATECONT="N" ROWSPAN="2" ENG="Direct acquisition on the exchange">장내 직접 취득</TD>
<TD ALIGN="CENTER" VALIGN="MIDDLE" WIDTH="89" HEIGHT="23" AUPDATECONT="N" ENG="Common stock">보통주식</TD>
<TE ALIGN="RIGHT" VALIGN="MIDDLE" WIDTH="75" HEIGHT="23" ACODE="DI_OSTK_BGN">4,889,673</TE>
<TE ALIGN="RIGHT" VALIGN="MIDDLE" WIDTH="59" HEIGHT="23" ACODE="DI_OSTK_ACQ">-</TE>
<TE ALIGN="RIGHT" VALIGN="MIDDLE" WIDTH="59" HEIGHT="23" ACODE="DI_OSTK_TRD">-</TE>
<TE ALIGN="RIGHT" VALIGN="MIDDLE" WIDTH="59" HEIGHT="23" ACODE="DI_OSTK_RTM">-</TE>
<TE ALIGN="RIGHT" VALIGN="MIDDLE" WIDTH="75" HEIGHT="23" ACODE="DI_OSTK_END">4,889,673</TE>
<TE VALIGN="MIDDLE" WIDTH="39" HEIGHT="23" ACODE="DI_OSTK_NOTE">-</TE>
</TR>

<TR ACOPY="N" ADELETE="N" HEIGHT="30">
<TD ALIGN="CENTER" VALIGN="MIDDLE" WIDTH="89" HEIGHT="23" AUPDATECONT="N" ENG="Different classes of stocks">기타주식</TD>
<TE ALIGN="RIGHT" VALIGN="MIDDLE" WIDTH="75" HEIGHT="23" ACODE="DI_ESTK_BGN">-</TE>
<TE ALIGN="RIGHT" VALIGN="MIDDLE" WIDTH="59" HEIGHT="23" ACODE="DI_ESTK_ACQ">-</TE>
<TE ALIGN="RIGHT" VALIGN="MIDDLE" WIDTH="59" HEIGHT="23" ACODE="DI_ESTK_TRD">-</TE>
<TE ALIGN="RIGHT" VALIGN="MIDDLE" WIDTH="59" HEIGHT="23" ACODE="DI_ESTK_RTM">-</TE>
<TE ALIGN="RIGHT" VALIGN="MIDDLE" WIDTH="75" HEIGHT="23" ACODE="DI_ESTK_END">-</TE>
<TE VALIGN="MIDDLE" WIDTH="39" HEIGHT="23" ACODE="DI_ESTK_NOTE">-</TE>
</TR>

<TR ACOPY="N" ADELETE="N" HEIGHT="30">
<TD ALIGN="CENTER" VALIGN="MIDDLE" WIDTH="119" HEIGHT="53" AUPDATECONT="N" ROWSPAN="2" ENG="Direct acquisition in OTC">장외직접 취득</TD>
<TD ALIGN="CENTER" VALIGN="MIDDLE" WIDTH="89" HEIGHT="23" AUPDATECONT="N" ENG="Common stock">보통주식</TD>
<TE ALIGN="RIGHT" VALIGN="MIDDLE" WIDTH="75" HEIGHT="23" ACODE="DO_OSTK_BGN">-</TE>
<TE ALIGN="RIGHT" VALIGN="MIDDLE" WIDTH="59" HEIGHT="23" ACODE="DO_OSTK_ACQ">-</TE>
<TE ALIGN="RIGHT" VALIGN="MIDDLE" WIDTH="59" HEIGHT="23" ACODE="DO_OSTK_TRD">-</TE>
<TE ALIGN="RIGHT" VALIGN="MIDDLE" WIDTH="59" HEIGHT="23" ACODE="DO_OSTK_RTM">-</TE>
<TE ALIGN="RIGHT" VALIGN="MIDDLE" WIDTH="75" HEIGHT="23" ACODE="DO_OSTK_END">-</TE>
<TE VALIGN="MIDDLE" WIDTH="39" HEIGHT="23" ACODE="DO_OSTK_NOTE">-</TE>
</TR>

<TR ACOPY="N" ADELETE="N" HEIGHT="30">
<TD ALIGN="CENTER" VALIGN="MIDDLE" WIDTH="89" HEIGHT="23" AUPDATECONT="N" ENG="Different classes of stocks">기타주식</TD>
<TE ALIGN="RIGHT" VALIGN="MIDDLE" WIDTH="75" HEIGHT="23" ACODE="DO_ESTK_BGN">-</TE>
<TE ALIGN="RIGHT" VALIGN="MIDDLE" WIDTH="59" HEIGHT="23" ACODE="DO_ESTK_ACQ">-</TE>
<TE ALIGN="RIGHT" VALIGN="MIDDLE" WIDTH="59" HEIGHT="23" ACODE="DO_ESTK_TRD">-</TE>
<TE ALIGN="RIGHT" VALIGN="MIDDLE" WIDTH="59" HEIGHT="23" ACODE="DO_ESTK_RTM">-</TE>
<TE ALIGN="RIGHT" VALIGN="MIDDLE" WIDTH="75" HEIGHT="23" ACODE="DO_ESTK_END">-</TE>
<TE VALIGN="MIDDLE" WIDTH="39" HEIGHT="23" ACODE="DO_ESTK_NOTE">-</TE>
</TR>

<TR ACOPY="N" ADELETE="N" HEIGHT="30">
<TD ALIGN="CENTER" VALIGN="MIDDLE" WIDTH="119" HEIGHT="53" AUPDATECONT="N" ROWSPAN="2" ENG="Tender offer">공개매수</TD>
<TD ALIGN="CENTER" VALIGN="MIDDLE" WIDTH="89" HEIGHT="23" AUPDATECONT="N" ENG="Common stock">보통주식</TD>
<TE ALIGN="RIGHT" VALIGN="MIDDLE" WIDTH="75" HEIGHT="23" ACODE="DP_OSTK_BGN">-</TE>
<TE ALIGN="RIGHT" VALIGN="MIDDLE" WIDTH="59" HEIGHT="23" ACODE="DP_OSTK_ACQ">-</TE>
<TE ALIGN="RIGHT" VALIGN="MIDDLE" WIDTH="59" HEIGHT="23" ACODE="DP_OSTK_TRD">-</TE>
<TE ALIGN="RIGHT" VALIGN="MIDDLE" WIDTH="59" HEIGHT="23" ACODE="DP_OSTK_RTM">-</TE>
<TE ALIGN="RIGHT" VALIGN="MIDDLE" WIDTH="75" HEIGHT="23" ACODE="DP_OSTK_END">-</TE>
<TE VALIGN="MIDDLE" WIDTH="39" HEIGHT="23" ACODE="DP_OSTK_NOTE">-</TE>
</TR>

<TR ACOPY="N" ADELETE="N" HEIGHT="30">
<TD ALIGN="CENTER" VALIGN="MIDDLE" WIDTH="89" HEIGHT="23" AUPDATECONT="N" ENG="Different classes of stocks">기타주식</TD>
<TE ALIGN="RIGHT" VALIGN="MIDDLE" WIDTH="75" HEIGHT="23" ACODE="DP_ESTK_BGN">-</TE>
<TE ALIGN="RIGHT" VALIGN="MIDDLE" WIDTH="59" HEIGHT="23" ACODE="DP_ESTK_ACQ">-</TE>
<TE ALIGN="RIGHT" VALIGN="MIDDLE" WIDTH="59" HEIGHT="23" ACODE="DP_ESTK_TRD">-</TE>
<TE ALIGN="RIGHT" VALIGN="MIDDLE" WIDTH="59" HEIGHT="23" ACODE="DP_ESTK_RTM">-</TE>
<TE ALIGN="RIGHT" VALIGN="MIDDLE" WIDTH="75" HEIGHT="23" ACODE="DP_ESTK_END">-</TE>
<TE VALIGN="MIDDLE" WIDTH="39" HEIGHT="23" ACODE="DP_ESTK_NOTE">-</TE>
</TR>

<TR ACOPY="N" ADELETE="N" HEIGHT="30">
<TD ALIGN="CENTER" VALIGN="MIDDLE" WIDTH="119" HEIGHT="53" AUPDATECONT="N" ROWSPAN="2" ENG="Subtotal (a)">소계(a)</TD>
<TD ALIGN="CENTER" VALIGN="MIDDLE" WIDTH="89" HEIGHT="23" AUPDATECONT="N" ENG="Common stock">보통주식</TD>
<TE ALIGN="RIGHT" VALIGN="MIDDLE" WIDTH="75" HEIGHT="23" ACODE="DSUM_OSTK_BGN">4,889,673</TE>
<TE ALIGN="RIGHT" VALIGN="MIDDLE" WIDTH="59" HEIGHT="23" ACODE="DSUM_OSTK_ACQ">-</TE>
<TE ALIGN="RIGHT" VALIGN="MIDDLE" WIDTH="59" HEIGHT="23" ACODE="DSUM_OSTK_TRD">-</TE>
<TE ALIGN="RIGHT" VALIGN="MIDDLE" WIDTH="59" HEIGHT="23" ACODE="DSUM_OSTK_RTM">-</TE>
<TE ALIGN="RIGHT" VALIGN="MIDDLE" WIDTH="75" HEIGHT="23" ACODE="DSUM_OSTK_END">4,889,673</TE>
<TE VALIGN="MIDDLE" WIDTH="39" HEIGHT="23" ACODE="DSUM_OSTK_NOTE">-</TE>
</TR>

<TR ACOPY="N" ADELETE="N" HEIGHT="30">
<TD ALIGN="CENTER" VALIGN="MIDDLE" WIDTH="89" HEIGHT="23" AUPDATECONT="N" ENG="Different classes of stocks">기타주식</TD>
<TE ALIGN="RIGHT" VALIGN="MIDDLE" WIDTH="75" HEIGHT="23" ACODE="DSUM_ESTK_BGN">-</TE>
<TE ALIGN="RIGHT" VALIGN="MIDDLE" WIDTH="59" HEIGHT="23" ACODE="DSUM_ESTK_ACQ">-</TE>
<TE ALIGN="RIGHT" VALIGN="MIDDLE" WIDTH="59" HEIGHT="23" ACODE="DSUM_ESTK_TRD">-</TE>
<TE ALIGN="RIGHT" VALIGN="MIDDLE" WIDTH="59" HEIGHT="23" ACODE="DSUM_ESTK_RTM">-</TE>
<TE ALIGN="RIGHT" VALIGN="MIDDLE" WIDTH="75" HEIGHT="23" ACODE="DSUM_ESTK_END">-</TE>
<TE VALIGN="MIDDLE" WIDTH="39" HEIGHT="23" ACODE="DSUM_ESTK_NOTE">-</TE>
</TR>

<TR ACOPY="N" ADELETE="N" HEIGHT="30">
<TD ROWSPAN="6" ALIGN="CENTER" VALIGN="MIDDLE" WIDTH="89" HEIGHT="173" AUPDATECONT="N" ENG="Acquisition by trust contract">신탁계약에 의한취득</TD>
<TD ALIGN="CENTER" VALIGN="MIDDLE" WIDTH="119" HEIGHT="53" AUPDATECONT="N" ROWSPAN="2" ENG="Number of shares indirectly held through trust contracts">수탁자 보유물량</TD>
<TD ALIGN="CENTER" VALIGN="MIDDLE" WIDTH="89" HEIGHT="23" AUPDATECONT="N" ENG="Common stock">보통주식</TD>
<TE ALIGN="RIGHT" VALIGN="MIDDLE" WIDTH="75" HEIGHT="23" ACODE="TF_OSTK_BGN">-</TE>
<TE ALIGN="RIGHT" VALIGN="MIDDLE" WIDTH="59" HEIGHT="23" ACODE="TF_OSTK_ACQ">-</TE>
<TE ALIGN="RIGHT" VALIGN="MIDDLE" WIDTH="59" HEIGHT="23" ACODE="TF_OSTK_TRD">-</TE>
<TE ALIGN="RIGHT" VALIGN="MIDDLE" WIDTH="59" HEIGHT="23" ACODE="TF_OSTK_RTM">-</TE>
<TE ALIGN="RIGHT" VALIGN="MIDDLE" WIDTH="75" HEIGHT="23" ACODE="TF_OSTK_END">-</TE>
<TE VALIGN="MIDDLE" WIDTH="39" HEIGHT="23" ACODE="TF_OSTK_NOTE">-</TE>
</TR>

<TR ACOPY="N" ADELETE="N" HEIGHT="30">
<TD ALIGN="CENTER" VALIGN="MIDDLE" WIDTH="89" HEIGHT="23" AUPDATECONT="N" ENG="Different classes of stocks">기타주식</TD>
<TE ALIGN="RIGHT" VALIGN="MIDDLE" WIDTH="75" HEIGHT="23" ACODE="TF_ESTK_BGN">-</TE>
<TE ALIGN="RIGHT" VALIGN="MIDDLE" WIDTH="59" HEIGHT="23" ACODE="TF_ESTK_ACQ">-</TE>
<TE ALIGN="RIGHT" VALIGN="MIDDLE" WIDTH="59" HEIGHT="23" ACODE="TF_ESTK_TRD">-</TE>
<TE ALIGN="RIGHT" VALIGN="MIDDLE" WIDTH="59" HEIGHT="23" ACODE="TF_ESTK_RTM">-</TE>
<TE ALIGN="RIGHT" VALIGN="MIDDLE" WIDTH="75" HEIGHT="23" ACODE="TF_ESTK_END">-</TE>
<TE VALIGN="MIDDLE" WIDTH="39" HEIGHT="23" ACODE="TF_ESTK_NOTE">-</TE>
</TR>

<TR ACOPY="N" ADELETE="N" HEIGHT="30">
<TD ALIGN="CENTER" VALIGN="MIDDLE" WIDTH="119" HEIGHT="53" AUPDATECONT="N" ROWSPAN="2" ENG="Number of shares directly held">현물보유물량</TD>
<TD ALIGN="CENTER" VALIGN="MIDDLE" WIDTH="89" HEIGHT="23" AUPDATECONT="N" ENG="Common stock">보통주식</TD>
<TE ALIGN="RIGHT" VALIGN="MIDDLE" WIDTH="75" HEIGHT="23" ACODE="TS_OSTK_BGN">-</TE>
<TE ALIGN="RIGHT" VALIGN="MIDDLE" WIDTH="59" HEIGHT="23" ACODE="TS_OSTK_ACQ">-</TE>
<TE ALIGN="RIGHT" VALIGN="MIDDLE" WIDTH="59" HEIGHT="23" ACODE="TS_OSTK_TRD">-</TE>
<TE ALIGN="RIGHT" VALIGN="MIDDLE" WIDTH="59" HEIGHT="23" ACODE="TS_OSTK_RTM">-</TE>
<TE ALIGN="RIGHT" VALIGN="MIDDLE" WIDTH="75" HEIGHT="23" ACODE="TS_OSTK_END">-</TE>
<TE VALIGN="MIDDLE" WIDTH="39" HEIGHT="23" ACODE="TS_OSTK_NOTE">-</TE>
</TR>

<TR ACOPY="N" ADELETE="N" HEIGHT="30">
<TD ALIGN="CENTER" VALIGN="MIDDLE" WIDTH="89" HEIGHT="23" AUPDATECONT="N" ENG="Different classes of stocks">기타주식</TD>
<TE ALIGN="RIGHT" VALIGN="MIDDLE" WIDTH="75" HEIGHT="23" ACODE="TS_ESTK_BGN">-</TE>
<TE ALIGN="RIGHT" VALIGN="MIDDLE" WIDTH="59" HEIGHT="23" ACODE="TS_ESTK_ACQ">-</TE>
<TE ALIGN="RIGHT" VALIGN="MIDDLE" WIDTH="59" HEIGHT="23" ACODE="TS_ESTK_TRD">-</TE>
<TE ALIGN="RIGHT" VALIGN="MIDDLE" WIDTH="59" HEIGHT="23" ACODE="TS_ESTK_RTM">-</TE>
<TE ALIGN="RIGHT" VALIGN="MIDDLE" WIDTH="75" HEIGHT="23" ACODE="TS_ESTK_END">-</TE>
<TE VALIGN="MIDDLE" WIDTH="39" HEIGHT="23" ACODE="TS_ESTK_NOTE">-</TE>
</TR>

<TR ACOPY="N" ADELETE="N" HEIGHT="30">
<TD ALIGN="CENTER" VALIGN="MIDDLE" WIDTH="119" HEIGHT="53" AUPDATECONT="N" ROWSPAN="2" ENG="Subtotal (b)">소계(b)</TD>
<TD ALIGN="CENTER" VALIGN="MIDDLE" WIDTH="89" HEIGHT="23" AUPDATECONT="N" ENG="Common stock">보통주식</TD>
<TE ALIGN="RIGHT" VALIGN="MIDDLE" WIDTH="75" HEIGHT="23" ACODE="TSUM_OSTK_BGN">-</TE>
<TE ALIGN="RIGHT" VALIGN="MIDDLE" WIDTH="59" HEIGHT="23" ACODE="TSUM_OSTK_ACQ">-</TE>
<TE ALIGN="RIGHT" VALIGN="MIDDLE" WIDTH="59" HEIGHT="23" ACODE="TSUM_OSTK_TRD">-</TE>
<TE ALIGN="RIGHT" VALIGN="MIDDLE" WIDTH="59" HEIGHT="23" ACODE="TSUM_OSTK_RTM">-</TE>
<TE ALIGN="RIGHT" VALIGN="MIDDLE" WIDTH="75" HEIGHT="23" ACODE="TSUM_OSTK_END">-</TE>
<TE VALIGN="MIDDLE" WIDTH="39" HEIGHT="23" ACODE="TSUM_OSTK_NOTE">-</TE>
</TR>

<TR ACOPY="N" ADELETE="N" HEIGHT="30">
<TD ALIGN="CENTER" VALIGN="MIDDLE" WIDTH="89" HEIGHT="23" AUPDATECONT="N" ENG="Different classes of stocks">기타주식</TD>
<TE ALIGN="RIGHT" VALIGN="MIDDLE" WIDTH="75" HEIGHT="23" ACODE="TSUM_ESTK_BGN">-</TE>
<TE ALIGN="RIGHT" VALIGN="MIDDLE" WIDTH="59" HEIGHT="23" ACODE="TSUM_ESTK_ACQ">-</TE>
<TE ALIGN="RIGHT" VALIGN="MIDDLE" WIDTH="59" HEIGHT="23" ACODE="TSUM_ESTK_TRD">-</TE>
<TE ALIGN="RIGHT" VALIGN="MIDDLE" WIDTH="59" HEIGHT="23" ACODE="TSUM_ESTK_RTM">-</TE>
<TE ALIGN="RIGHT" VALIGN="MIDDLE" WIDTH="75" HEIGHT="23" ACODE="TSUM_ESTK_END">-</TE>
<TE VALIGN="MIDDLE" WIDTH="39" HEIGHT="23" ACODE="TSUM_ESTK_NOTE">-</TE>
</TR>

<TR ACOPY="N" ADELETE="N" HEIGHT="30">
<TD ROWSPAN="2" ALIGN="CENTER" VALIGN="MIDDLE" WIDTH="265" HEIGHT="53" AUPDATECONT="N" COLSPAN="3" ENG="Other acquisition (c)">기타 취득(c)</TD>
<TD ALIGN="CENTER" VALIGN="MIDDLE" WIDTH="89" HEIGHT="23" AUPDATECONT="N" ENG="Common stock">보통주식</TD>
<TE ALIGN="RIGHT" VALIGN="MIDDLE" WIDTH="75" HEIGHT="23" ACODE="EG_OSTK_BGN">-</TE>
<TE ALIGN="RIGHT" VALIGN="MIDDLE" WIDTH="59" HEIGHT="23" ACODE="EG_OSTK_ACQ">-</TE>
<TE ALIGN="RIGHT" VALIGN="MIDDLE" WIDTH="59" HEIGHT="23" ACODE="EG_OSTK_TRD">-</TE>
<TE ALIGN="RIGHT" VALIGN="MIDDLE" WIDTH="59" HEIGHT="23" ACODE="EG_OSTK_RTM">-</TE>
<TE ALIGN="RIGHT" VALIGN="MIDDLE" WIDTH="75" HEIGHT="23" ACODE="EG_OSTK_END">-</TE>
<TE VALIGN="MIDDLE" WIDTH="39" HEIGHT="23" ACODE="EG_OSTK_NOTE">-</TE>
</TR>

<TR ACOPY="N" ADELETE="N" HEIGHT="30">
<TD ALIGN="CENTER" VALIGN="MIDDLE" WIDTH="89" HEIGHT="23" AUPDATECONT="N" ENG="Different classes of stocks">기타주식</TD>
<TE ALIGN="RIGHT" VALIGN="MIDDLE" WIDTH="75" HEIGHT="23" ACODE="EG_ESTK_BGN">-</TE>
<TE ALIGN="RIGHT" VALIGN="MIDDLE" WIDTH="59" HEIGHT="23" ACODE="EG_ESTK_ACQ">-</TE>
<TE ALIGN="RIGHT" VALIGN="MIDDLE" WIDTH="59" HEIGHT="23" ACODE="EG_ESTK_TRD">-</TE>
<TE ALIGN="RIGHT" VALIGN="MIDDLE" WIDTH="59" HEIGHT="23" ACODE="EG_ESTK_RTM">-</TE>
<TE ALIGN="RIGHT" VALIGN="MIDDLE" WIDTH="75" HEIGHT="23" ACODE="EG_ESTK_END">-</TE>
<TE VALIGN="MIDDLE" WIDTH="39" HEIGHT="23" ACODE="EG_ESTK_NOTE">-</TE>
</TR>

<TR ACOPY="N" ADELETE="N" HEIGHT="30">
<TD ROWSPAN="2" ALIGN="CENTER" VALIGN="MIDDLE" WIDTH="265" HEIGHT="53" AUPDATECONT="N" COLSPAN="3" ENG="Total (a+b+c)">총 계(a+b+c)</TD>
<TD ALIGN="CENTER" VALIGN="MIDDLE" WIDTH="89" HEIGHT="23" AUPDATECONT="N" ENG="Common stock">보통주식</TD>
<TE ALIGN="RIGHT" VALIGN="MIDDLE" WIDTH="75" HEIGHT="23" ACODE="TOT_OSTK_BGN">4,889,673</TE>
<TE ALIGN="RIGHT" VALIGN="MIDDLE" WIDTH="59" HEIGHT="23" ACODE="TOT_OSTK_ACQ">-</TE>
<TE ALIGN="RIGHT" VALIGN="MIDDLE" WIDTH="59" HEIGHT="23" ACODE="TOT_OSTK_TRD">-</TE>
<TE ALIGN="RIGHT" VALIGN="MIDDLE" WIDTH="59" HEIGHT="23" ACODE="TOT_OSTK_RTM">-</TE>
<TE ALIGN="RIGHT" VALIGN="MIDDLE" WIDTH="75" HEIGHT="23" ACODE="TOT_OSTK_END">4,889,673</TE>
<TE VALIGN="MIDDLE" WIDTH="39" HEIGHT="23" ACODE="TOT_OSTK_NOTE">-</TE>
</TR>

<TR ACOPY="N" ADELETE="N" HEIGHT="30">
<TD ALIGN="CENTER" VALIGN="MIDDLE" WIDTH="89" HEIGHT="23" AUPDATECONT="N" ENG="Different classes of stocks">기타주식</TD>
<TE ALIGN="RIGHT" VALIGN="MIDDLE" WIDTH="75" HEIGHT="23" ACODE="TOT_ESTK_BGN">-</TE>
<TE ALIGN="RIGHT" VALIGN="MIDDLE" WIDTH="59" HEIGHT="23" ACODE="TOT_ESTK_ACQ">-</TE>
<TE ALIGN="RIGHT" VALIGN="MIDDLE" WIDTH="59" HEIGHT="23" ACODE="TOT_ESTK_TRD">-</TE>
<TE ALIGN="RIGHT" VALIGN="MIDDLE" WIDTH="59" HEIGHT="23" ACODE="TOT_ESTK_RTM">-</TE>
<TE ALIGN="RIGHT" VALIGN="MIDDLE" WIDTH="75" HEIGHT="23" ACODE="TOT_ESTK_END">-</TE>
<TE VALIGN="MIDDLE" WIDTH="39" HEIGHT="23" ACODE="TOT_ESTK_NOTE">-</TE>
</TR>
</TBODY>
</TABLE>
</TABLE-GROUP>
<P></P>
<P></P>

<TABLE ACLASS="NORMAL" AFIXTABLE="Y" WIDTH="608" BORDER="0">

<COLGROUP WIDTH="608">
<COL WIDTH="608"></COL>
</COLGROUP>

<TBODY>

<TR ACOPY="N" ADELETE="N" HEIGHT="30">
<TD WIDTH="599" HEIGHT="23" AUPDATECONT="N" ENG="【Additional matters to disclose】">【추가공시 사항】</TD>
</TR>
</TBODY>
</TABLE>
<P>1. 처분상대방별 회사 또는 최대주주와의 관계</P>

<TABLE WIDTH="607" BORDER="1" ACLASS="NORMAL" AFIXTABLE="N">

<COLGROUP WIDTH="607">
<COL WIDTH="249"></COL>
<COL WIDTH="249"></COL>
<COL WIDTH="109"></COL>
</COLGROUP>

<THEAD>

<TR ACOPY="Y" ADELETE="Y" HEIGHT="30">
<TH WIDTH="240" ACOPYCOL="Y" ADELETECOL="Y" AMOVECOL="N" VALIGN="MIDDLE" HEIGHT="23">처분대상자</TH>
<TH WIDTH="240" ACOPYCOL="Y" ADELETECOL="Y" AMOVECOL="N" VALIGN="MIDDLE" HEIGHT="23">회사 또는 최대주주와의 관계</TH>
<TH WIDTH="100" ACOPYCOL="Y" ADELETECOL="Y" AMOVECOL="N" VALIGN="MIDDLE" HEIGHT="23">비고</TH>
</TR>
</THEAD>

<TBODY>

<TR ACOPY="Y" ADELETE="Y" HEIGHT="30">

<TD ALIGN="CENTER" VALIGN="MIDDLE" WIDTH="240" HEIGHT="23">
<P>미래에셋증권 주식회사</P>
</TD>
<TD ALIGN="CENTER" VALIGN="MIDDLE" WIDTH="240" HEIGHT="23">-</TD>
<TD ALIGN="CENTER" VALIGN="MIDDLE" WIDTH="100" HEIGHT="23">-</TD>
</TR>

<TR ACOPY="Y" ADELETE="Y" HEIGHT="30">

<TD ALIGN="CENTER" VALIGN="MIDDLE" WIDTH="240" HEIGHT="23">
<P>피봇파트너스 주식회사</P>
</TD>
<TD ALIGN="CENTER" VALIGN="MIDDLE" WIDTH="240" HEIGHT="23">-</TD>
<TD ALIGN="CENTER" VALIGN="MIDDLE" WIDTH="100" HEIGHT="23">-</TD>
</TR>

<TR ACOPY="Y" ADELETE="Y" HEIGHT="30">

<TD ALIGN="CENTER" VALIGN="MIDDLE" WIDTH="240" HEIGHT="23">
<P>주식회사 비에프에이</P>
</TD>
<TD ALIGN="CENTER" VALIGN="MIDDLE" WIDTH="240" HEIGHT="23">-</TD>
<TD ALIGN="CENTER" VALIGN="MIDDLE" WIDTH="100" HEIGHT="23">-</TD>
</TR>

<TR ACOPY="Y" ADELETE="Y" HEIGHT="30">

<TD ALIGN="CENTER" VALIGN="MIDDLE" WIDTH="240" HEIGHT="23">
<P>이진수</P>
</TD>
<TD ALIGN="CENTER" VALIGN="MIDDLE" WIDTH="240" HEIGHT="23">-</TD>
<TD ALIGN="CENTER" VALIGN="MIDDLE" WIDTH="100" HEIGHT="23">-</TD>
</TR>

<TR ACOPY="Y" ADELETE="Y" HEIGHT="30">
<TD ALIGN="CENTER" VALIGN="MIDDLE" WIDTH="240" HEIGHT="23">박상우</TD>
<TD ALIGN="CENTER" VALIGN="MIDDLE" WIDTH="240" HEIGHT="23">-</TD>
<TD ALIGN="CENTER" VALIGN="MIDDLE" WIDTH="100" HEIGHT="23">-</TD>
</TR>
</TBODY>
</TABLE>
<P>2. 처분상대방 선정사유</P>
<P>투자자의 투자의향 및 조건 고려</P>
<P>3. 처분상대방별 처분주식수(주)</P>

<TABLE WIDTH="607" BORDER="1" ACLASS="NORMAL" AFIXTABLE="N">

<COLGROUP WIDTH="607">
<COL WIDTH="249"></COL>
<COL WIDTH="249"></COL>
<COL WIDTH="109"></COL>
</COLGROUP>

<THEAD>

<TR ACOPY="Y" ADELETE="Y" HEIGHT="30">
<TH WIDTH="240" ACOPYCOL="Y" ADELETECOL="Y" AMOVECOL="N" VALIGN="MIDDLE" HEIGHT="23">처분대상자</TH>
<TH WIDTH="240" ACOPYCOL="Y" ADELETECOL="Y" AMOVECOL="N" VALIGN="MIDDLE" HEIGHT="23">처분주식수(주)</TH>
<TH WIDTH="100" ACOPYCOL="Y" ADELETECOL="Y" AMOVECOL="N" VALIGN="MIDDLE" HEIGHT="23">비고</TH>
</TR>
</THEAD>

<TBODY>

<TR ACOPY="Y" ADELETE="Y" HEIGHT="30">

<TD ALIGN="CENTER" VALIGN="MIDDLE" WIDTH="240" HEIGHT="23">
<P>미래에셋증권 주식회사</P>
</TD>
<TD ALIGN="CENTER" VALIGN="MIDDLE" WIDTH="240" HEIGHT="23">-</TD>
<TD ALIGN="CENTER" VALIGN="MIDDLE" WIDTH="100" HEIGHT="23">-</TD>
</TR>

<TR ACOPY="Y" ADELETE="Y" HEIGHT="30">

<TD ALIGN="CENTER" VALIGN="MIDDLE" WIDTH="240" HEIGHT="23">
<P>피봇파트너스 주식회사</P>
</TD>
<TD ALIGN="CENTER" VALIGN="MIDDLE" WIDTH="240" HEIGHT="23">-</TD>
<TD ALIGN="CENTER" VALIGN="MIDDLE" WIDTH="100" HEIGHT="23">-</TD>
</TR>

<TR ACOPY="Y" ADELETE="Y" HEIGHT="30">

<TD ALIGN="CENTER" VALIGN="MIDDLE" WIDTH="240" HEIGHT="23">
<P>주식회사 비에프에이</P>
</TD>
<TD ALIGN="CENTER" VALIGN="MIDDLE" WIDTH="240" HEIGHT="23">-</TD>
<TD ALIGN="CENTER" VALIGN="MIDDLE" WIDTH="100" HEIGHT="23">-</TD>
</TR>

<TR ACOPY="Y" ADELETE="Y" HEIGHT="30">

<TD ALIGN="CENTER" VALIGN="MIDDLE" WIDTH="240" HEIGHT="23">
<P>이진수</P>
</TD>

<TD ALIGN="CENTER" VALIGN="MIDDLE" WIDTH="240" HEIGHT="23">
<SPAN>173,913</SPAN>
</TD>
<TD ALIGN="CENTER" VALIGN="MIDDLE" WIDTH="100" HEIGHT="23">-</TD>
</TR>

<TR ACOPY="Y" ADELETE="Y" HEIGHT="30">
<TD ALIGN="CENTER" VALIGN="MIDDLE" WIDTH="240" HEIGHT="23">박상우</TD>
<TD ALIGN="CENTER" VALIGN="MIDDLE" WIDTH="240" HEIGHT="23">-</TD>
<TD ALIGN="CENTER" VALIGN="MIDDLE" WIDTH="100" HEIGHT="23">-</TD>
</TR>
</TBODY>
</TABLE>
<P></P>
<P>4. 가격 산정근거</P>
<P>- 본 교환사채 발행을 위한 이사회 결의일(2024년 01월 30일) 전일을 기산일로 하여, 그 기산일로부터 소급하여 산정한 (i) 1개월 가중산술평균주가, 1주일 가중산술평균주가 및 최근일 가중산술평균주가를 산술평균한 가액과 (ii) 최근일 가중산술평균주가 및 (iii) 청약일 전 제3거래일 가중산술평균주가 중 높은 가액을 기준주가로 하여 기준주가의 6.9259%를 할증한 가액을 교환가액으로 하되, 원단위 미만은 절상하며 교환가액이 액면가액보다 낮은 경우에는 액면가액으로 한다.</P>
<P>5. 예상되는 주식가치 희석효과</P>
<P>- 특기사항 없음</P>
<P>6. 기타 투자판단에 참고할 사항</P>
<P>- 특기사항 없음</P>
<P></P>
</SECTION-1>
</BODY>
</DOCUMENT>