<?xml version="1.0" encoding="utf-8"?>


<DOCUMENT xmlns:xsi="http://www.w3.org/2001/XMLSchema-instance" xsi:noNamespaceSchemaLocation="dart4.xsd">

<DOCUMENT-NAME ACODE="80704">특수관계인과의보험거래</DOCUMENT-NAME>
<FORMULA-VERSION ADATE="20240129">6.0</FORMULA-VERSION>
<COMPANY-NAME AREGCIK="00860794">디비씨앤에스자동차손해사정</COMPANY-NAME>


<BODY ATOCID="1">

<SECTION-1 ACLASS="MANDATORY" APARTSOURCE="SOURCE">
<TITLE ATOC="Y" AASSOCNOTE="D-0-1-0-0" ENG="Insurance Transaction with Related Party" ATOCID="1">특수관계인과의 보험거래</TITLE>
<P></P>

<TABLE ACLASS="NORMAL" WIDTH="720" BORDER="1">

<COLGROUP WIDTH="720">
<COL WIDTH="89"></COL>
<COL WIDTH="75"></COL>
<COL WIDTH="60"></COL>
<COL WIDTH="90"></COL>
<COL WIDTH="75"></COL>
<COL WIDTH="95"></COL>
<COL WIDTH="75"></COL>
<COL WIDTH="161"></COL>
</COLGROUP>

<TBODY>

<TR ACOPY="Y" ADELETE="Y" HEIGHT="76">
<TD ALIGN="CENTER" VALIGN="MIDDLE" WIDTH="80" HEIGHT="69">기업집단명</TD>
<TD VALIGN="MIDDLE" WIDTH="66" HEIGHT="69">DB</TD>
<TD ALIGN="CENTER" VALIGN="MIDDLE" WIDTH="51" HEIGHT="69">회사명</TD>
<TD VALIGN="MIDDLE" WIDTH="81" HEIGHT="69">디비씨앤에스자동차손해사정(주)</TD>
<TD ALIGN="CENTER" VALIGN="MIDDLE" WIDTH="66" HEIGHT="69">공시일자</TD>
<TD VALIGN="MIDDLE" WIDTH="86" HEIGHT="69">2026.1.5</TD>
<TD ALIGN="CENTER" VALIGN="MIDDLE" WIDTH="66" HEIGHT="69">관련법규</TD>
<TD ALIGN="CENTER" VALIGN="MIDDLE" WIDTH="152" HEIGHT="69">공정거래법 제26조</TD>
</TR>
</TBODY>
</TABLE>
<P></P>

<TABLE ACLASS="NORMAL" AFIXTABLE="N" WIDTH="716" BORDER="0">

<COLGROUP WIDTH="716">
<COL WIDTH="305"></COL>
<COL WIDTH="411"></COL>
</COLGROUP>

<TBODY>

<TR ACOPY="Y" ADELETE="Y" HEIGHT="30">
<TD WIDTH="296" HEIGHT="23"></TD>
<TD ALIGN="RIGHT" WIDTH="402" HEIGHT="23">(단위 : 백만 원)</TD>
</TR>
</TBODY>
</TABLE>

<TABLE BORDER="1" WIDTH="718" ACLASS="NORMAL">

<COLGROUP WIDTH="718">
<COL WIDTH="100"></COL>
<COL WIDTH="100"></COL>
<COL WIDTH="100"></COL>
<COL WIDTH="135"></COL>
<COL WIDTH="124"></COL>
<COL WIDTH="159"></COL>
</COLGROUP>

<TBODY>

<TR ACOPY="Y" ADELETE="Y" HEIGHT="30">
<TD COLSPAN="3" VALIGN="MIDDLE" WIDTH="291" HEIGHT="23">1. 보험회사명</TD>
<TD ALIGN="CENTER" VALIGN="MIDDLE" WIDTH="126" HEIGHT="23">DB손해보험(주)</TD>
<TD ALIGN="CENTER" VALIGN="MIDDLE" WIDTH="115" HEIGHT="23">회사와의 관계</TD>
<TD ALIGN="CENTER" VALIGN="MIDDLE" WIDTH="150" HEIGHT="23">계열회사</TD>
</TR>

<TR ACOPY="Y" ADELETE="Y" HEIGHT="30">
<TD COLSPAN="3" VALIGN="MIDDLE" WIDTH="291" HEIGHT="23">2. 보험가입일자</TD>
<TD COLSPAN="3" ALIGN="CENTER" VALIGN="MIDDLE" WIDTH="409" HEIGHT="23">2025.12.31</TD>
</TR>

<TR ACOPY="Y" ADELETE="Y" HEIGHT="30">
<TD COLSPAN="3" VALIGN="MIDDLE" WIDTH="291" HEIGHT="23">3. 보험의 종류</TD>
<TD COLSPAN="3" ALIGN="CENTER" VALIGN="MIDDLE" WIDTH="409" HEIGHT="23">퇴직연금</TD>
</TR>

<TR ACOPY="Y" ADELETE="Y" HEIGHT="30">
<TD ROWSPAN="7" VALIGN="MIDDLE" WIDTH="91" HEIGHT="203">4. 보험내역</TD>
<TD COLSPAN="2" VALIGN="MIDDLE" WIDTH="191" HEIGHT="23">가. 보험료</TD>
<TD COLSPAN="3" ALIGN="CENTER" VALIGN="MIDDLE" WIDTH="409" HEIGHT="23">1,063</TD>
</TR>

<TR ACOPY="Y" ADELETE="Y" HEIGHT="30">
<TD COLSPAN="2" VALIGN="MIDDLE" WIDTH="191" HEIGHT="23">나. 보험금</TD>
<TD COLSPAN="3" ALIGN="CENTER" VALIGN="MIDDLE" WIDTH="409" HEIGHT="23"></TD>
</TR>

<TR ACOPY="Y" ADELETE="Y" HEIGHT="30">
<TD COLSPAN="2" VALIGN="MIDDLE" WIDTH="191" HEIGHT="23">다. 약정기간</TD>
<TD COLSPAN="3" ALIGN="CENTER" VALIGN="MIDDLE" WIDTH="409" HEIGHT="23">2011.04.20 ~</TD>
</TR>

<TR ACOPY="Y" ADELETE="Y" HEIGHT="30">
<TD COLSPAN="2" VALIGN="MIDDLE" WIDTH="191" HEIGHT="23">라. 약정기간 불입총보험료</TD>
<TD COLSPAN="3" ALIGN="CENTER" VALIGN="MIDDLE" WIDTH="409" HEIGHT="23">47,195</TD>
</TR>

<TR ACOPY="Y" ADELETE="Y" HEIGHT="30">
<TD COLSPAN="2" VALIGN="MIDDLE" WIDTH="191" HEIGHT="23">마. 보험물건</TD>
<TD COLSPAN="3" ALIGN="CENTER" VALIGN="MIDDLE" WIDTH="409" HEIGHT="23">퇴직급여</TD>
</TR>

<TR ACOPY="Y" ADELETE="Y" HEIGHT="30">
<TD COLSPAN="2" VALIGN="MIDDLE" WIDTH="191" HEIGHT="23">바. 보험료 지급방법</TD>
<TD COLSPAN="3" ALIGN="CENTER" VALIGN="MIDDLE" WIDTH="409" HEIGHT="23">일시납부</TD>
</TR>

<TR ACOPY="Y" ADELETE="Y" HEIGHT="30">
<TD COLSPAN="2" VALIGN="MIDDLE" WIDTH="191" HEIGHT="23">사. 이자율(%)</TD>
<TD COLSPAN="3" ALIGN="CENTER" VALIGN="MIDDLE" WIDTH="409" HEIGHT="23">2.75</TD>
</TR>

<TR ACOPY="Y" ADELETE="Y" HEIGHT="30">
<TD COLSPAN="3" VALIGN="MIDDLE" WIDTH="291" HEIGHT="23">5. 이사회 의결일</TD>
<TD COLSPAN="3" ALIGN="CENTER" VALIGN="MIDDLE" WIDTH="409" HEIGHT="23">2025.12.30</TD>
</TR>

<TR ACOPY="Y" ADELETE="Y" HEIGHT="30">
<TD COLSPAN="2" ROWSPAN="2" VALIGN="MIDDLE" WIDTH="191" HEIGHT="53">- 사외이사 참석여부</TD>
<TD ALIGN="CENTER" VALIGN="MIDDLE" WIDTH="91" HEIGHT="23">참석(명)</TD>
<TD COLSPAN="3" ALIGN="CENTER" VALIGN="MIDDLE" WIDTH="409" HEIGHT="23"></TD>
</TR>

<TR ACOPY="Y" ADELETE="Y" HEIGHT="30">
<TD ALIGN="CENTER" VALIGN="MIDDLE" WIDTH="91" HEIGHT="23">불참(명)</TD>
<TD COLSPAN="3" ALIGN="CENTER" VALIGN="MIDDLE" WIDTH="409" HEIGHT="23"></TD>
</TR>

<TR ACOPY="Y" ADELETE="Y" HEIGHT="30">
<TD COLSPAN="3" VALIGN="MIDDLE" WIDTH="291" HEIGHT="23">- 감사(감사위원)참석여부</TD>
<TD COLSPAN="3" ALIGN="CENTER" VALIGN="MIDDLE" WIDTH="409" HEIGHT="23"></TD>
</TR>

<TR ACOPY="Y" ADELETE="Y" HEIGHT="30">
<TD COLSPAN="3" VALIGN="MIDDLE" WIDTH="291" HEIGHT="23">6. 거래의 목적</TD>
<TD COLSPAN="3" ALIGN="CENTER" VALIGN="MIDDLE" WIDTH="409" HEIGHT="23">퇴직연금 추가가입</TD>
</TR>

<TR ACOPY="Y" ADELETE="Y" HEIGHT="283">
<TD COLSPAN="3" VALIGN="MIDDLE" WIDTH="291" HEIGHT="276">7. 기타</TD>
<TD COLSPAN="3" ALIGN="CENTER" VALIGN="MIDDLE" WIDTH="409" HEIGHT="276">1. 상기 계약일 현재 등기이사 1인으로 이사회 구성되지 않음2. 사내이사 외 본점부서 책임(3명) 포함한 회의를 개최(2025.12.30) 후 특수관계인과의 거래 필요성 및 타당성을 점검하여 계약 체결함.3. 보험가입일자는 보험료불입일자임.4. 약정기간 : 퇴직연금은 해지일까지 유효하므로, 약정기간의 개념 없음.5. 이자율 : 거래시점 당시의 금리연동형 공시 이율임.6. 약정기간 불임총보험료 : 금번 추가납입 보험료를 포함한 금액임.7. 상기 4항 보험료 및 약정기간 불입총보험료는 퇴직연금      DC 신규, 추가적립 금액이 일부 포함됨.</TD>
</TR>

<TR ACOPY="Y" ADELETE="Y" HEIGHT="30">
<TD COLSPAN="3" VALIGN="MIDDLE" WIDTH="291" HEIGHT="23">※ 관련공시일</TD>
<TD COLSPAN="3" ALIGN="CENTER" VALIGN="MIDDLE" WIDTH="409" HEIGHT="23"></TD>
</TR>
</TBODY>
</TABLE>
</SECTION-1>
</BODY>
</DOCUMENT>