<?xml version="1.0" encoding="utf-8"?>


<DOCUMENT xmlns:xsi="http://www.w3.org/2001/XMLSchema-instance" xsi:noNamespaceSchemaLocation="dart4.xsd">

<DOCUMENT-NAME ACODE="10820">증권발행실적보고서(집합투자증권)</DOCUMENT-NAME>
<FORMULA-VERSION ADATE="20160121">6.0</FORMULA-VERSION>
<COMPANY-NAME AREGCIK="00104500">KB자산운용</COMPANY-NAME>


<BODY ATOCID="7">

<COVER>
<COVER-TITLE ATOC="Y" AASSOCNOTE="COVER" ATOCID="1" ENG="Post-Issuance Report">증권발행실적보고서</COVER-TITLE>

<TABLE ACLASS="NORMAL" AFIXTABLE="N" WIDTH="600" BORDER="0">

<COLGROUP WIDTH="600">
<COL WIDTH="161"></COL>
<COL WIDTH="439"></COL>
</COLGROUP>

<TBODY>

<TR ACOPY="Y" ADELETE="Y" HEIGHT="30">
<TD COLSPAN="2" ALIGN="CENTER" VALIGN="MIDDLE" WIDTH="591" HEIGHT="23">[집합투자증권]</TD>
</TR>

<TR ACOPY="Y" ADELETE="Y" HEIGHT="76">
<TD COLSPAN="2" VALIGN="MIDDLE" WIDTH="591" HEIGHT="69"></TD>
</TR>

<TR ACOPY="Y" ADELETE="Y" HEIGHT="30">
<TD VALIGN="MIDDLE" WIDTH="152" HEIGHT="23">금융감독원장 귀하</TD>

<TD ALIGN="RIGHT" VALIGN="MIDDLE" WIDTH="430" HEIGHT="23">
<SPAN>2026년 1월 5일</SPAN>
</TD>
</TR>

<TR ACOPY="Y" ADELETE="Y" HEIGHT="30">
<TD VALIGN="MIDDLE" WIDTH="152" HEIGHT="23"></TD>
<TD ALIGN="RIGHT" VALIGN="MIDDLE" WIDTH="430" HEIGHT="23"></TD>
</TR>
</TBODY>
</TABLE>

<TABLE-GROUP ACLASS="_FUND_MAIN_" ADELETETABLE="N">

<TABLE ACLASS="EXTRACTION" AFIXTABLE="Y" WIDTH="600" BORDER="0">

<COLGROUP WIDTH="600">
<COL WIDTH="161"></COL>
<COL WIDTH="248"></COL>
<COL WIDTH="86"></COL>
<COL WIDTH="77"></COL>
<COL WIDTH="28"></COL>
</COLGROUP>

<TBODY>

<TR ACOPY="Y" ADELETE="Y" HEIGHT="53">
<TD VALIGN="MIDDLE" WIDTH="152" HEIGHT="46" AUPDATECONT="N" ENG="Name of the collective investment scheme:">집합투자기구 명칭 :</TD>
<TE VALIGN="MIDDLE" WIDTH="239" HEIGHT="46" ACODE="FUND_NAME">KB스타 중기 국공채 증권 자투자신탁(채권)</TE>
<TD VALIGN="MIDDLE" WIDTH="77" HEIGHT="46" AUPDATECONT="N" ENG="(Fund code:">(펀드코드 :</TD>
<TE ALIGN="CENTER" VALIGN="MIDDLE" WIDTH="68" HEIGHT="46" ACODE="FUND_CODE">41371</TE>
<TD VALIGN="MIDDLE" WIDTH="19" HEIGHT="46" AUPDATECONT="N">)</TD>
</TR>

<TR ACOPY="Y" ADELETE="Y" HEIGHT="30">
<TD COLSPAN="5" WIDTH="591" HEIGHT="23"></TD>
</TR>
</TBODY>
</TABLE>
</TABLE-GROUP>

<TABLE ACLASS="NORMAL" AFIXTABLE="N" WIDTH="600" BORDER="0">

<COLGROUP WIDTH="600">
<COL WIDTH="161"></COL>
<COL WIDTH="439"></COL>
</COLGROUP>

<TBODY>

<TR ACOPY="Y" ADELETE="Y" HEIGHT="30">
<TD CLASS="NORMAL" WIDTH="152" HEIGHT="23">집합투자업자 명칭 :</TD>
<TD CLASS="NORMAL" WIDTH="430" HEIGHT="23">KB자산운용주식회사</TD>
</TR>

<TR ACOPY="Y" ADELETE="Y" HEIGHT="30">
<TD CLASS="NORMAL" WIDTH="152" HEIGHT="23"></TD>
<TD CLASS="NORMAL" WIDTH="430" HEIGHT="23"></TD>
</TR>

<TR ACOPY="Y" ADELETE="Y" HEIGHT="30">
<TD CLASS="NORMAL" WIDTH="152" HEIGHT="23">연        락       처 :</TD>
<TD CLASS="NORMAL" WIDTH="430" HEIGHT="23">서울시 영등포구 국제금융로 10</TD>
</TR>

<TR ACOPY="Y" ADELETE="Y" HEIGHT="30">
<TD CLASS="NORMAL" WIDTH="152" HEIGHT="23"></TD>
<TD CLASS="NORMAL" WIDTH="430" HEIGHT="23">(전  화) 02-2167-8200</TD>
</TR>

<TR ACOPY="Y" ADELETE="Y" HEIGHT="30">
<TD CLASS="NORMAL" WIDTH="152" HEIGHT="23"></TD>
<TD CLASS="NORMAL" WIDTH="430" HEIGHT="23">(홈페이지) www.kbam.co.kr</TD>
</TR>

<TR ACOPY="Y" ADELETE="Y" HEIGHT="30">
<TD CLASS="NORMAL" WIDTH="152" HEIGHT="23"></TD>
<TD CLASS="NORMAL" WIDTH="430" HEIGHT="23"></TD>
</TR>

<TR ACOPY="Y" ADELETE="Y" HEIGHT="30">
<TD CLASS="NORMAL" WIDTH="152" HEIGHT="23">작  성  책  임  자 :</TD>
<TD CLASS="NORMAL" WIDTH="430" HEIGHT="23">(직   책) 운용지원본부장           (성   명) 강찬희</TD>
</TR>

<TR ACOPY="Y" ADELETE="Y" HEIGHT="30">
<TD CLASS="NORMAL" WIDTH="152" HEIGHT="23"></TD>
<TD CLASS="NORMAL" WIDTH="430" HEIGHT="23">(전   화) 02-2167-8363</TD>
</TR>

<TR ACOPY="Y" ADELETE="Y" HEIGHT="53">
<TD CLASS="NORMAL" WIDTH="152" HEIGHT="46"></TD>
<TD CLASS="NORMAL" WIDTH="430" HEIGHT="46"></TD>
</TR>

<TR ACOPY="Y" ADELETE="Y" HEIGHT="30">

<TD CLASS="NORMAL" COLSPAN="2" ALIGN="RIGHT" WIDTH="591" HEIGHT="23">
<SPAN>2026년 1월 5일</SPAN>
</TD>
</TR>

<TR ACOPY="Y" ADELETE="Y" HEIGHT="53">

<TD CLASS="NORMAL" COLSPAN="2" ALIGN="RIGHT" WIDTH="591" HEIGHT="46">(집합투자기구 명칭)
<SPAN>KB스타 중기 국공채 증권 자투자신탁(채권)</SPAN>
</TD>
</TR>

<TR ACOPY="Y" ADELETE="Y" HEIGHT="53">
<TD CLASS="NORMAL" COLSPAN="2" ALIGN="RIGHT" WIDTH="591" HEIGHT="46">자산운용회사 대표이사 김영성 (인)</TD>
</TR>
</TBODY>
</TABLE>
<PGBRK></PGBRK>

<IMAGE>
<IMG WIDTH="539" HEIGHT="760" ALIGN="CENTER" HSPACE="0">1.jpg</IMG>
<IMG-CAPTION ATOC="N">1</IMG-CAPTION>
</IMAGE>
</COVER>

<SECTION-1 ACLASS="MANDATORY" APARTSOURCE="SOURCE">

<SECTION-2 ACLASS="MANDATORY">
<TITLE ATOC="Y" AASSOCNOTE="D-0-0-1-0" ATOCID="2" ENG="1. Name of the collective investment scheme">1. 집합투자기구의 명칭</TITLE>

<P>
<SPAN>KB스타 중기 국공채 증권 자투자신탁(채권)</SPAN> (41371)C(A8183), C-F(A8184), S(AP020), A(AX771), C-E(AX773), C-W(B2677), C-P(BJ743), C-Pe(BJ744), S-P(BJ745), C-퇴직연금(BJ746), A-G(BP408), C-G(BP277), A-E(CG985), C-퇴직e(CG986)
</P>
</SECTION-2>

<SECTION-2 ACLASS="MANDATORY">
<TITLE ATOC="Y" AASSOCNOTE="D-0-0-2-0" ATOCID="3" ENG="2. Type and form of the collective investment scheme">2. 집합투자기구의 종류 및 형태</TITLE>
<P>가. 형태별 종류: 투자신탁나. 운용자산별 종류: 증권(채권형)다. 개방형·폐쇄형 구분: 개방형(환매가 가능한 투자신탁)라. 추가형·단위형 구분: 추가형(추가로 자금 납입이 가능한 투자신탁)</P>
</SECTION-2>

<SECTION-2 ACLASS="MANDATORY">
<TITLE ATOC="Y" AASSOCNOTE="D-0-0-3-0" ATOCID="4" ENG="3. Matters related to the issuance of collective investment securities">3. 집합투자증권 발행에 관한 사항</TITLE>
<P USERMARK="B P16">가. 집합투자증권 발행 내역</P>

<LIBRARY>
<TABLE-GROUP ACLASS="ACC_ADD" ADELETETABLE="N">

<TABLE ACLASS="EXTRACTION" WIDTH="600" BORDER="1" AFIXTABLE="Y">

<COLGROUP WIDTH="600">
<COL WIDTH="87"></COL>
<COL WIDTH="158"></COL>
<COL WIDTH="178"></COL>
<COL WIDTH="177"></COL>
</COLGROUP>

<THEAD>

<TR ACOPY="N" ADELETE="N" HEIGHT="53">
<TH COLSPAN="2" VALIGN="MIDDLE" WIDTH="236" ACOPYCOL="N" ADELETECOL="N" AMOVECOL="N" AUPDATECONT="N" HEIGHT="46" ENG="Category">구 분</TH>
<TH VALIGN="MIDDLE" WIDTH="169" ACOPYCOL="N" ADELETECOL="N" AMOVECOL="N" AUPDATECONT="N" HEIGHT="46" ENG="Number of units/amount">좌수/금액</TH>
<TH VALIGN="MIDDLE" WIDTH="168" ACOPYCOL="N" ADELETECOL="N" AMOVECOL="N" AUPDATECONT="N" HEIGHT="46" ENG="Note (Amount subject to issuance contribution)">비 고(발행분담금 대상금액)</TH>
</TR>
</THEAD>

<TBODY>

<TR ACOPY="N" ADELETE="N" HEIGHT="30">
<TD ROWSPAN="3" VALIGN="MIDDLE" AUPDATECONT="N" ALIGN="CENTER" WIDTH="78" HEIGHT="83" ENG="Number of units">좌수</TD>
<TD ALIGN="CENTER" VALIGN="MIDDLE" AUPDATECONT="N" WIDTH="149" HEIGHT="23" ENG="Number of units established">설정 좌수 </TD>
<TE ACODE="CNT_STUP" VALIGN="MIDDLE" ALIGN="RIGHT" USERMARK="F-DU9  0X111111" WIDTH="169" HEIGHT="23">103,512,449,129</TE>
<TD VALIGN="MIDDLE" ALIGN="RIGHT" WIDTH="168" HEIGHT="23">　</TD>
</TR>

<TR ACOPY="N" ADELETE="N" HEIGHT="30">
<TD ALIGN="CENTER" VALIGN="MIDDLE" AUPDATECONT="N" WIDTH="149" HEIGHT="23" ENG="Number of cancelled units">해지 좌수 </TD>
<TE ACODE="CNT_CLS" VALIGN="MIDDLE" ALIGN="RIGHT" USERMARK="F-DU9  0X111111" WIDTH="169" HEIGHT="23">170,663,294,332</TE>
<TD VALIGN="MIDDLE" ALIGN="RIGHT" WIDTH="168" HEIGHT="23">　</TD>
</TR>

<TR ACOPY="N" ADELETE="N" HEIGHT="30">
<TD ALIGN="CENTER" VALIGN="MIDDLE" AUPDATECONT="N" WIDTH="149" HEIGHT="23" ENG="Increased or decreased">증 감 </TD>
<TE ACODE="CNT_MRGN" VALIGN="MIDDLE" ALIGN="RIGHT" USERMARK="F-DU9  0XFF0000" WIDTH="169" HEIGHT="23">-67,150,845,203</TE>
<TD VALIGN="MIDDLE" ALIGN="RIGHT" WIDTH="168" HEIGHT="23">　</TD>
</TR>

<TR ACOPY="N" ADELETE="N" HEIGHT="30">
<TD ROWSPAN="4" VALIGN="MIDDLE" AUPDATECONT="N" ALIGN="CENTER" WIDTH="78" HEIGHT="136" ENG="Amount">금액</TD>
<TD ALIGN="CENTER" VALIGN="MIDDLE" AUPDATECONT="N" WIDTH="149" HEIGHT="23" ENG="Amount established">설정 금액 </TD>
<TE ACODE="ACC_STUP" VALIGN="MIDDLE" ALIGN="RIGHT" USERMARK="F-DU9  0X111111" WIDTH="169" HEIGHT="23">106,131,005,489</TE>
<TE ACODE="ACC_RMRK1" VALIGN="MIDDLE" ALIGN="RIGHT" USERMARK="F-DU9  0X111111 BC0XF9F9F8" WIDTH="168" HEIGHT="23">106,131,005,489</TE>
</TR>

<TR ACOPY="N" ADELETE="N" HEIGHT="30">
<TD ALIGN="CENTER" VALIGN="MIDDLE" AUPDATECONT="N" WIDTH="149" HEIGHT="23" ENG="Cancellation amount">해지 금액 </TD>
<TE ACODE="ACC_CLS" VALIGN="MIDDLE" ALIGN="RIGHT" USERMARK="F-DU9  0X111111" WIDTH="169" HEIGHT="23">175,008,690,857</TE>
<TE ACODE="ACC_RMRK2" VALIGN="MIDDLE" ALIGN="RIGHT" USERMARK="F-DU9  0X111111 BC0XF9F9F8" WIDTH="168" HEIGHT="23">175,008,690,857</TE>
</TR>

<TR ACOPY="N" ADELETE="N" HEIGHT="53">
<TD ALIGN="CENTER" VALIGN="MIDDLE" AUPDATECONT="N" WIDTH="149" HEIGHT="46" ENG="Net redemption amount up to the previous year">직전연도까지의순환매금액</TD>

<TE ACODE="ACC_RET" VALIGN="MIDDLE" ALIGN="RIGHT" WIDTH="169" HEIGHT="46">
<SPAN>205,143,679,391</SPAN>
</TE>

<TE ACODE="ACC_RMRK4" VALIGN="MIDDLE" ALIGN="RIGHT" WIDTH="168" HEIGHT="46">
<SPAN>205,143,679,391</SPAN>
</TE>
</TR>

<TR ACOPY="N" ADELETE="N" HEIGHT="30">
<TD ALIGN="CENTER" VALIGN="MIDDLE" AUPDATECONT="N" WIDTH="149" HEIGHT="23" ENG="Increased or decreased">증 감 </TD>
<TE ACODE="ACC_MRGN" VALIGN="MIDDLE" ALIGN="RIGHT" USERMARK="F-DU9  0XFF0000" WIDTH="169" HEIGHT="23">-274,021,364,759</TE>
<TE ACODE="ACC_RMRK3" VALIGN="MIDDLE" ALIGN="RIGHT" USERMARK="F-DU9  0XFF0000 BC0XF9F9F8" WIDTH="168" HEIGHT="23">-274,021,364,759</TE>
</TR>

<TR ACOPY="N" ADELETE="N" HEIGHT="30">
<TD ROWSPAN="3" VALIGN="MIDDLE" AUPDATECONT="N" ALIGN="CENTER" WIDTH="78" HEIGHT="83" ENG="Net assets">순자산</TD>
<TD ALIGN="CENTER" VALIGN="MIDDLE" AUPDATECONT="N" WIDTH="149" HEIGHT="23" ENG="Net assets at the beginning of the period">기초 순자산 </TD>
<TE ACODE="ASST_BGN" VALIGN="MIDDLE" ALIGN="RIGHT" USERMARK="F-DU9  0X111111" WIDTH="169" HEIGHT="23">149,836,139,496</TE>
<TD VALIGN="MIDDLE" ALIGN="RIGHT" WIDTH="168" HEIGHT="23">　</TD>
</TR>

<TR ACOPY="N" ADELETE="N" HEIGHT="30">
<TD ALIGN="CENTER" VALIGN="MIDDLE" AUPDATECONT="N" WIDTH="149" HEIGHT="23" ENG="Net assets at the end of the period">기말 순자산 </TD>
<TE ACODE="ASST_END" VALIGN="MIDDLE" ALIGN="RIGHT" USERMARK="F-DU9  0X111111" WIDTH="169" HEIGHT="23">90,569,787,953</TE>
<TD VALIGN="MIDDLE" ALIGN="RIGHT" WIDTH="168" HEIGHT="23">　</TD>
</TR>

<TR ACOPY="N" ADELETE="N" HEIGHT="30">
<TD ALIGN="CENTER" VALIGN="MIDDLE" AUPDATECONT="N" WIDTH="149" HEIGHT="23" ENG="Increased or decreased">증 감 </TD>
<TE ACODE="ASST_MRGN" VALIGN="MIDDLE" ALIGN="RIGHT" USERMARK="F-DU9  0XFF0000" WIDTH="169" HEIGHT="23">-59,266,351,543</TE>
<TD VALIGN="MIDDLE" ALIGN="RIGHT" WIDTH="168" HEIGHT="23">　</TD>
</TR>
</TBODY>
</TABLE>
</TABLE-GROUP>
</LIBRARY>

<P>(주1) 대상기간: 2024.12.31 ~ 2025.12.30 (직전회계연도)(주2) 발행분담금대상금액은 이익분배에 의한 재투자분을 제외합니다.</P>
<P USERMARK="B P16">나. 집합투자증권 발행 비용</P>
<P>해당사항 없음</P>
</SECTION-2>

<SECTION-2 ACLASS="MANDATORY">
<TITLE ATOC="Y" AASSOCNOTE="D-0-0-4-0" ATOCID="5" ENG="4. Matters related to the subscription, allotment, and underwriting">4. 청약, 배정 및 인수에 관한 사항</TITLE>
<P>해당사항 없음</P>
</SECTION-2>

<SECTION-2 ACLASS="MANDATORY">
<TITLE ATOC="Y" AASSOCNOTE="D-0-0-5-0" ATOCID="6" ENG="5. Matters related to listing and capital increase registration">5. 상장 및 증자등기에 관한 사항</TITLE>
<P>해당사항 없음</P>
</SECTION-2>

<SECTION-2 ACLASS="MANDATORY">
<TITLE ATOC="Y" AASSOCNOTE="D-0-0-6-0" ATOCID="7" ENG="6. Disclosure implementation status">6. 공시이행상황</TITLE>
<P USERMARK="B P16">가. 증권신고서 및 정정신고서 공시</P>

<TABLE ACLASS="NORMAL" AFIXTABLE="N" BORDER="1" WIDTH="602">

<COLGROUP WIDTH="602">
<COL WIDTH="96"></COL>
<COL WIDTH="337"></COL>
<COL WIDTH="169"></COL>
</COLGROUP>

<TBODY>

<TR ACOPY="Y" ADELETE="Y" HEIGHT="30">
<TD WIDTH="87" VALIGN="MIDDLE" ALIGN="CENTER" HEIGHT="23">공시일자</TD>
<TD WIDTH="328" VALIGN="MIDDLE" ALIGN="CENTER" HEIGHT="23">주요내용</TD>
<TD WIDTH="160" VALIGN="MIDDLE" ALIGN="CENTER" HEIGHT="23">비고</TD>
</TR>

<TR ACOPY="Y" ADELETE="Y" HEIGHT="30">
<TD VALIGN="MIDDLE" WIDTH="87" HEIGHT="23">2009.04.16</TD>
<TD WIDTH="328" VALIGN="MIDDLE" HEIGHT="23">일괄신고서 제출</TD>
<TD VALIGN="MIDDLE" WIDTH="160" HEIGHT="23">　</TD>
</TR>

<TR ACOPY="Y" ADELETE="Y" HEIGHT="30">
<TD VALIGN="MIDDLE" WIDTH="87" HEIGHT="23">2009.04.28</TD>
<TD WIDTH="328" VALIGN="MIDDLE" HEIGHT="23">투자신탁명칭 정정</TD>
<TD VALIGN="MIDDLE" WIDTH="160" HEIGHT="23"></TD>
</TR>

<TR ACOPY="Y" ADELETE="Y" HEIGHT="30">
<TD VALIGN="MIDDLE" WIDTH="87" HEIGHT="23">2009.04.30</TD>
<TD WIDTH="328" VALIGN="MIDDLE" HEIGHT="23">일괄신고서 효력발생일</TD>
<TD VALIGN="MIDDLE" WIDTH="160" HEIGHT="23"></TD>
</TR>

<TR ACOPY="Y" ADELETE="Y" HEIGHT="30">
<TD VALIGN="MIDDLE" WIDTH="87" HEIGHT="23">2010.01.07</TD>
<TD WIDTH="328" VALIGN="MIDDLE" HEIGHT="23">정기갱신</TD>
<TD VALIGN="MIDDLE" WIDTH="160" HEIGHT="23"></TD>
</TR>

<TR ACOPY="Y" ADELETE="Y" HEIGHT="30">
<TD VALIGN="MIDDLE" WIDTH="87" HEIGHT="23">2010.01.08</TD>
<TD WIDTH="328" VALIGN="MIDDLE" HEIGHT="23">일괄신고서 효력발생일</TD>
<TD VALIGN="MIDDLE" WIDTH="160" HEIGHT="23"></TD>
</TR>

<TR ACOPY="Y" ADELETE="Y" HEIGHT="30">
<TD VALIGN="MIDDLE" WIDTH="87" HEIGHT="23">2010.02.25</TD>
<TD WIDTH="328" VALIGN="MIDDLE" HEIGHT="23">법시행령 개정에 따른 변경</TD>
<TD VALIGN="MIDDLE" WIDTH="160" HEIGHT="23"></TD>
</TR>

<TR ACOPY="Y" ADELETE="Y" HEIGHT="30">
<TD VALIGN="MIDDLE" WIDTH="87" HEIGHT="23">2010.03.05</TD>
<TD WIDTH="328" VALIGN="MIDDLE" HEIGHT="23">일괄신고서 효력발생일</TD>
<TD VALIGN="MIDDLE" WIDTH="160" HEIGHT="23"></TD>
</TR>

<TR ACOPY="Y" ADELETE="Y" HEIGHT="30">
<TD VALIGN="MIDDLE" WIDTH="87" HEIGHT="23">2011.01.21</TD>
<TD WIDTH="328" VALIGN="MIDDLE" HEIGHT="23">정기갱신</TD>
<TD VALIGN="MIDDLE" WIDTH="160" HEIGHT="23"></TD>
</TR>

<TR ACOPY="Y" ADELETE="Y" HEIGHT="30">
<TD VALIGN="MIDDLE" WIDTH="87" HEIGHT="23">2011.01.24</TD>
<TD WIDTH="328" VALIGN="MIDDLE" HEIGHT="23">일괄신고서 효력발생일</TD>
<TD VALIGN="MIDDLE" WIDTH="160" HEIGHT="23"></TD>
</TR>

<TR ACOPY="Y" ADELETE="Y" HEIGHT="30">
<TD VALIGN="MIDDLE" WIDTH="87" HEIGHT="23">2012.01.09</TD>
<TD WIDTH="328" VALIGN="MIDDLE" HEIGHT="23">정기갱신</TD>
<TD VALIGN="MIDDLE" WIDTH="160" HEIGHT="23"></TD>
</TR>

<TR ACOPY="Y" ADELETE="Y" HEIGHT="30">
<TD VALIGN="MIDDLE" WIDTH="87" HEIGHT="23">2012.01.10</TD>
<TD WIDTH="328" VALIGN="MIDDLE" HEIGHT="23">일괄신고서 효력발생일</TD>
<TD VALIGN="MIDDLE" WIDTH="160" HEIGHT="23"></TD>
</TR>

<TR ACOPY="Y" ADELETE="Y" HEIGHT="30">
<TD VALIGN="MIDDLE" WIDTH="87" HEIGHT="23">2012.10.16</TD>
<TD WIDTH="328" VALIGN="MIDDLE" HEIGHT="23">모자형으로 변경</TD>
<TD VALIGN="MIDDLE" WIDTH="160" HEIGHT="23"></TD>
</TR>

<TR ACOPY="Y" ADELETE="Y" HEIGHT="30">
<TD VALIGN="MIDDLE" WIDTH="87" HEIGHT="23">2012.10.19</TD>
<TD WIDTH="328" VALIGN="MIDDLE" HEIGHT="23">일괄신고서 효력발생일</TD>
<TD VALIGN="MIDDLE" WIDTH="160" HEIGHT="23"></TD>
</TR>

<TR ACOPY="Y" ADELETE="Y" HEIGHT="30">
<TD VALIGN="MIDDLE" WIDTH="87" HEIGHT="23">2013.01.22</TD>
<TD WIDTH="328" VALIGN="MIDDLE" HEIGHT="23">정기갱신</TD>
<TD VALIGN="MIDDLE" WIDTH="160" HEIGHT="23"></TD>
</TR>

<TR ACOPY="Y" ADELETE="Y" HEIGHT="30">
<TD VALIGN="MIDDLE" WIDTH="87" HEIGHT="23">2013.01.24</TD>
<TD WIDTH="328" VALIGN="MIDDLE" HEIGHT="23">일괄신고서 효력발생일</TD>
<TD VALIGN="MIDDLE" WIDTH="160" HEIGHT="23"></TD>
</TR>

<TR ACOPY="Y" ADELETE="Y" HEIGHT="30">
<TD VALIGN="MIDDLE" WIDTH="87" HEIGHT="23">2013.01.28</TD>
<TD WIDTH="328" VALIGN="MIDDLE" HEIGHT="23">모펀드 내용변경 적용</TD>
<TD VALIGN="MIDDLE" WIDTH="160" HEIGHT="23"></TD>
</TR>

<TR ACOPY="Y" ADELETE="Y" HEIGHT="30">
<TD VALIGN="MIDDLE" WIDTH="87" HEIGHT="23">2013.01.30</TD>
<TD WIDTH="328" VALIGN="MIDDLE" HEIGHT="23">일괄신고서 효력발생일</TD>
<TD VALIGN="MIDDLE" WIDTH="160" HEIGHT="23"></TD>
</TR>

<TR ACOPY="Y" ADELETE="Y" HEIGHT="30">
<TD VALIGN="MIDDLE" WIDTH="87" HEIGHT="23">2013.03.29</TD>
<TD WIDTH="328" VALIGN="MIDDLE" HEIGHT="23">채권평가회사 추가</TD>
<TD VALIGN="MIDDLE" WIDTH="160" HEIGHT="23"></TD>
</TR>

<TR ACOPY="Y" ADELETE="Y" HEIGHT="30">
<TD VALIGN="MIDDLE" WIDTH="87" HEIGHT="23">2013.04.01</TD>
<TD WIDTH="328" VALIGN="MIDDLE" HEIGHT="23">일괄신고서 효력발생일</TD>
<TD VALIGN="MIDDLE" WIDTH="160" HEIGHT="23"></TD>
</TR>

<TR ACOPY="Y" ADELETE="Y" HEIGHT="53">
<TD VALIGN="MIDDLE" WIDTH="87" HEIGHT="46">2014.01.24</TD>
<TD WIDTH="328" VALIGN="MIDDLE" HEIGHT="46">운용전문인력 변경(부책임: 한철진→강진원). 정기갱신</TD>
<TD VALIGN="MIDDLE" WIDTH="160" HEIGHT="46"></TD>
</TR>

<TR ACOPY="Y" ADELETE="Y" HEIGHT="30">
<TD VALIGN="MIDDLE" WIDTH="87" HEIGHT="23">2014.01.28</TD>
<TD WIDTH="328" VALIGN="MIDDLE" HEIGHT="23">일괄신고서 효력발생일</TD>
<TD VALIGN="MIDDLE" WIDTH="160" HEIGHT="23"></TD>
</TR>

<TR ACOPY="Y" ADELETE="Y" HEIGHT="30">
<TD VALIGN="MIDDLE" WIDTH="87" HEIGHT="23">2014.02.11</TD>
<TD WIDTH="328" VALIGN="MIDDLE" HEIGHT="23">S 클래스 추가</TD>
<TD VALIGN="MIDDLE" WIDTH="160" HEIGHT="23"></TD>
</TR>

<TR ACOPY="Y" ADELETE="Y" HEIGHT="30">
<TD VALIGN="MIDDLE" WIDTH="87" HEIGHT="23">2014.02.14</TD>
<TD WIDTH="328" VALIGN="MIDDLE" HEIGHT="23">일괄신고서 효력발생일</TD>
<TD VALIGN="MIDDLE" WIDTH="160" HEIGHT="23"></TD>
</TR>

<TR ACOPY="Y" ADELETE="Y" HEIGHT="30">
<TD VALIGN="MIDDLE" WIDTH="87" HEIGHT="23">2014.03.12</TD>
<TD WIDTH="328" VALIGN="MIDDLE" HEIGHT="23">모투자신탁에 투자하는 다른 자투자신탁 추가</TD>
<TD VALIGN="MIDDLE" WIDTH="160" HEIGHT="23"></TD>
</TR>

<TR ACOPY="Y" ADELETE="Y" HEIGHT="30">
<TD VALIGN="MIDDLE" WIDTH="87" HEIGHT="23">2014.03.17</TD>
<TD WIDTH="328" VALIGN="MIDDLE" HEIGHT="23">일괄신고서 효력발생일</TD>
<TD VALIGN="MIDDLE" WIDTH="160" HEIGHT="23"></TD>
</TR>

<TR ACOPY="Y" ADELETE="Y" HEIGHT="30">
<TD VALIGN="MIDDLE" WIDTH="87" HEIGHT="23">2014.03.19</TD>
<TD WIDTH="328" VALIGN="MIDDLE" HEIGHT="23">모투자신탁에 투자하는 다른 자투자신탁 추가</TD>
<TD VALIGN="MIDDLE" WIDTH="160" HEIGHT="23"></TD>
</TR>

<TR ACOPY="Y" ADELETE="Y" HEIGHT="30">
<TD VALIGN="MIDDLE" WIDTH="87" HEIGHT="23">2014.03.24</TD>
<TD WIDTH="328" VALIGN="MIDDLE" HEIGHT="23">일괄신고서 효력발생일</TD>
<TD VALIGN="MIDDLE" WIDTH="160" HEIGHT="23"></TD>
</TR>

<TR ACOPY="Y" ADELETE="Y" HEIGHT="30">
<TD VALIGN="MIDDLE" WIDTH="87" HEIGHT="23">2014.11.12</TD>
<TD WIDTH="328" VALIGN="MIDDLE" HEIGHT="23">A 클래스 및 C-E 클래스 추가</TD>
<TD VALIGN="MIDDLE" WIDTH="160" HEIGHT="23"></TD>
</TR>

<TR ACOPY="Y" ADELETE="Y" HEIGHT="30">
<TD VALIGN="MIDDLE" WIDTH="87" HEIGHT="23">2014.11.14</TD>
<TD WIDTH="328" VALIGN="MIDDLE" HEIGHT="23">일괄신고서 효력발생일</TD>
<TD VALIGN="MIDDLE" WIDTH="160" HEIGHT="23"></TD>
</TR>

<TR ACOPY="Y" ADELETE="Y" HEIGHT="30">
<TD VALIGN="MIDDLE" WIDTH="87" HEIGHT="23">2015.01.27</TD>
<TD WIDTH="328" VALIGN="MIDDLE" HEIGHT="23">정기갱신</TD>
<TD VALIGN="MIDDLE" WIDTH="160" HEIGHT="23"></TD>
</TR>

<TR ACOPY="Y" ADELETE="Y" HEIGHT="30">
<TD VALIGN="MIDDLE" WIDTH="87" HEIGHT="23">2015.01.30</TD>
<TD WIDTH="328" VALIGN="MIDDLE" HEIGHT="23">일괄신고서 효력발생일</TD>
<TD VALIGN="MIDDLE" WIDTH="160" HEIGHT="23"></TD>
</TR>

<TR ACOPY="Y" ADELETE="Y" HEIGHT="30">
<TD VALIGN="MIDDLE" WIDTH="87" HEIGHT="23">2015.03.11</TD>
<TD WIDTH="328" VALIGN="MIDDLE" HEIGHT="23">모투자신탁에 투자하는 다른 자투자신탁 추가</TD>
<TD VALIGN="MIDDLE" WIDTH="160" HEIGHT="23"></TD>
</TR>

<TR ACOPY="Y" ADELETE="Y" HEIGHT="30">
<TD VALIGN="MIDDLE" WIDTH="87" HEIGHT="23">2015.03.16</TD>
<TD WIDTH="328" VALIGN="MIDDLE" HEIGHT="23">일괄신고서 효력발생일</TD>
<TD VALIGN="MIDDLE" WIDTH="160" HEIGHT="23"></TD>
</TR>

<TR ACOPY="Y" ADELETE="Y" HEIGHT="30">
<TD VALIGN="MIDDLE" WIDTH="87" HEIGHT="23">2015.04.22</TD>
<TD WIDTH="328" VALIGN="MIDDLE" HEIGHT="23">C-W 클래스 추가</TD>
<TD VALIGN="MIDDLE" WIDTH="160" HEIGHT="23"></TD>
</TR>

<TR ACOPY="Y" ADELETE="Y" HEIGHT="30">
<TD VALIGN="MIDDLE" WIDTH="87" HEIGHT="23">2015.04.27</TD>
<TD WIDTH="328" VALIGN="MIDDLE" HEIGHT="23">일괄신고서 효력발생일</TD>
<TD VALIGN="MIDDLE" WIDTH="160" HEIGHT="23"></TD>
</TR>

<TR ACOPY="Y" ADELETE="Y" HEIGHT="30">
<TD VALIGN="MIDDLE" WIDTH="87" HEIGHT="23">2016.03.25</TD>
<TD WIDTH="328" VALIGN="MIDDLE" HEIGHT="23">정기갱신</TD>
<TD VALIGN="MIDDLE" WIDTH="160" HEIGHT="23"></TD>
</TR>

<TR ACOPY="Y" ADELETE="Y" HEIGHT="30">
<TD VALIGN="MIDDLE" WIDTH="87" HEIGHT="23">2016.03.30</TD>
<TD WIDTH="328" VALIGN="MIDDLE" HEIGHT="23">일괄신고서 효력발생일</TD>
<TD VALIGN="MIDDLE" WIDTH="160" HEIGHT="23"></TD>
</TR>

<TR ACOPY="Y" ADELETE="Y" HEIGHT="30">
<TD VALIGN="MIDDLE" WIDTH="87" HEIGHT="23">2016.04.18</TD>
<TD WIDTH="328" VALIGN="MIDDLE" HEIGHT="23">환매수수료 삭제</TD>
<TD VALIGN="MIDDLE" WIDTH="160" HEIGHT="23"></TD>
</TR>

<TR ACOPY="Y" ADELETE="Y" HEIGHT="30">
<TD VALIGN="MIDDLE" WIDTH="87" HEIGHT="23">2016.04.21</TD>
<TD WIDTH="328" VALIGN="MIDDLE" HEIGHT="23">일괄신고서 효력발생일</TD>
<TD VALIGN="MIDDLE" WIDTH="160" HEIGHT="23"></TD>
</TR>

<TR ACOPY="Y" ADELETE="Y" HEIGHT="53">
<TD VALIGN="MIDDLE" WIDTH="87" HEIGHT="46">2016.08.28</TD>
<TD WIDTH="328" VALIGN="MIDDLE" HEIGHT="46">투자위험 등급 분류 체계 개편 내용 반영(5단계 중 4등급 → 6단계 중 5등급)</TD>
<TD VALIGN="MIDDLE" WIDTH="160" HEIGHT="46"></TD>
</TR>

<TR ACOPY="Y" ADELETE="Y" HEIGHT="30">
<TD VALIGN="MIDDLE" WIDTH="87" HEIGHT="23">2016.07.02</TD>
<TD WIDTH="328" VALIGN="MIDDLE" HEIGHT="23">일괄신고서 효력발생일</TD>
<TD VALIGN="MIDDLE" WIDTH="160" HEIGHT="23"></TD>
</TR>

<TR ACOPY="Y" ADELETE="Y" HEIGHT="53">
<TD VALIGN="MIDDLE" WIDTH="87" HEIGHT="46">2016.11.16</TD>
<TD WIDTH="328" VALIGN="MIDDLE" HEIGHT="46">C-P/C-Pe/S-P/C-퇴직연금 클래스 집합투자증권 추가</TD>
<TD VALIGN="MIDDLE" WIDTH="160" HEIGHT="46"></TD>
</TR>

<TR ACOPY="Y" ADELETE="Y" HEIGHT="30">
<TD VALIGN="MIDDLE" WIDTH="87" HEIGHT="23">2016.11.21</TD>
<TD WIDTH="328" VALIGN="MIDDLE" HEIGHT="23">일괄신고서 효력발생일</TD>
<TD VALIGN="MIDDLE" WIDTH="160" HEIGHT="23"></TD>
</TR>

<TR ACOPY="Y" ADELETE="Y" HEIGHT="30">
<TD VALIGN="MIDDLE" WIDTH="87" HEIGHT="23">2017.02.06</TD>
<TD WIDTH="328" VALIGN="MIDDLE" HEIGHT="23">정기갱신</TD>
<TD VALIGN="MIDDLE" WIDTH="160" HEIGHT="23"></TD>
</TR>

<TR ACOPY="Y" ADELETE="Y" HEIGHT="30">
<TD VALIGN="MIDDLE" WIDTH="87" HEIGHT="23">2017.02.09</TD>
<TD WIDTH="328" VALIGN="MIDDLE" HEIGHT="23">일괄신고서 효력발생일</TD>
<TD VALIGN="MIDDLE" WIDTH="160" HEIGHT="23"></TD>
</TR>

<TR ACOPY="Y" ADELETE="Y" HEIGHT="30">
<TD VALIGN="MIDDLE" WIDTH="87" HEIGHT="23">2017.04.26</TD>
<TD WIDTH="328" VALIGN="MIDDLE" HEIGHT="23">A-G/C-G 클래스 추가</TD>
<TD VALIGN="MIDDLE" WIDTH="160" HEIGHT="23"></TD>
</TR>

<TR ACOPY="Y" ADELETE="Y" HEIGHT="30">
<TD VALIGN="MIDDLE" WIDTH="87" HEIGHT="23">2017.04.29</TD>
<TD WIDTH="328" VALIGN="MIDDLE" HEIGHT="23">일괄신고서 효력발생일</TD>
<TD VALIGN="MIDDLE" WIDTH="160" HEIGHT="23"></TD>
</TR>

<TR ACOPY="Y" ADELETE="Y" HEIGHT="30">
<TD VALIGN="MIDDLE" WIDTH="87" HEIGHT="23">2018.03.05</TD>
<TD WIDTH="328" VALIGN="MIDDLE" HEIGHT="23">정기갱신</TD>
<TD VALIGN="MIDDLE" WIDTH="160" HEIGHT="23"></TD>
</TR>

<TR ACOPY="Y" ADELETE="Y" HEIGHT="30">
<TD VALIGN="MIDDLE" WIDTH="87" HEIGHT="23">2018.03.09</TD>
<TD WIDTH="328" VALIGN="MIDDLE" HEIGHT="23">일괄신고서 효력발생일</TD>
<TD VALIGN="MIDDLE" WIDTH="160" HEIGHT="23"></TD>
</TR>

<TR ACOPY="Y" ADELETE="Y" HEIGHT="30">
<TD VALIGN="MIDDLE" WIDTH="87" HEIGHT="23">2018.03.09</TD>
<TD WIDTH="328" VALIGN="MIDDLE" HEIGHT="23">정기갱신</TD>
<TD VALIGN="MIDDLE" WIDTH="160" HEIGHT="23"></TD>
</TR>

<TR ACOPY="Y" ADELETE="Y" HEIGHT="53">
<TD VALIGN="MIDDLE" WIDTH="87" HEIGHT="46">2018.05.21</TD>
<TD WIDTH="328" VALIGN="MIDDLE" HEIGHT="46">운용전문인력 변경(책임: 문동훈 → 강진원, 부책임: 강진원 → 고성수)</TD>
<TD VALIGN="MIDDLE" WIDTH="160" HEIGHT="46"></TD>
</TR>

<TR ACOPY="Y" ADELETE="Y" HEIGHT="30">
<TD VALIGN="MIDDLE" WIDTH="87" HEIGHT="23">2018.05.25</TD>
<TD WIDTH="328" VALIGN="MIDDLE" HEIGHT="23">일괄신고서 효력발생일</TD>
<TD VALIGN="MIDDLE" WIDTH="160" HEIGHT="23"></TD>
</TR>

<TR ACOPY="Y" ADELETE="Y" HEIGHT="30">
<TD VALIGN="MIDDLE" WIDTH="87" HEIGHT="23">2018.07.13</TD>
<TD WIDTH="328" VALIGN="MIDDLE" HEIGHT="23">C-F클래스 집합투자증권 판매회사보수 인하</TD>
<TD VALIGN="MIDDLE" WIDTH="160" HEIGHT="23"></TD>
</TR>

<TR ACOPY="Y" ADELETE="Y" HEIGHT="30">
<TD VALIGN="MIDDLE" WIDTH="87" HEIGHT="23">2018.07.17</TD>
<TD WIDTH="328" VALIGN="MIDDLE" HEIGHT="23">일괄신고서 효력발생일</TD>
<TD VALIGN="MIDDLE" WIDTH="160" HEIGHT="23"></TD>
</TR>

<TR ACOPY="Y" ADELETE="Y" HEIGHT="53">
<TD VALIGN="MIDDLE" WIDTH="87" HEIGHT="46">2018.10.23</TD>
<TD WIDTH="328" VALIGN="MIDDLE" HEIGHT="46">투자신탁보수 인하/ A-E, C-퇴직e 클래스 집합투자증권 추가 </TD>
<TD VALIGN="MIDDLE" WIDTH="160" HEIGHT="46"></TD>
</TR>

<TR ACOPY="Y" ADELETE="Y" HEIGHT="30">
<TD VALIGN="MIDDLE" WIDTH="87" HEIGHT="23">2018.10.26</TD>
<TD WIDTH="328" VALIGN="MIDDLE" HEIGHT="23">일괄신고서 효력발생일</TD>
<TD VALIGN="MIDDLE" WIDTH="160" HEIGHT="23"></TD>
</TR>

<TR ACOPY="Y" ADELETE="Y" HEIGHT="30">
<TD VALIGN="MIDDLE" WIDTH="87" HEIGHT="23">2019.02.13</TD>
<TD WIDTH="328" VALIGN="MIDDLE" HEIGHT="23">정기갱신</TD>
<TD VALIGN="MIDDLE" WIDTH="160" HEIGHT="23"></TD>
</TR>

<TR ACOPY="Y" ADELETE="Y" HEIGHT="30">
<TD VALIGN="MIDDLE" WIDTH="87" HEIGHT="23">2019.02.18</TD>
<TD WIDTH="328" VALIGN="MIDDLE" HEIGHT="23">일괄신고서 효력발생일</TD>
<TD VALIGN="MIDDLE" WIDTH="160" HEIGHT="23"></TD>
</TR>

<TR ACOPY="Y" ADELETE="Y" HEIGHT="30">
<TD VALIGN="MIDDLE" WIDTH="87" HEIGHT="23">2019.02.27</TD>
<TD WIDTH="328" VALIGN="MIDDLE" HEIGHT="23">부책임운용전문인력 변경(고성수 → 양은아)</TD>
<TD VALIGN="MIDDLE" WIDTH="160" HEIGHT="23"></TD>
</TR>

<TR ACOPY="Y" ADELETE="Y" HEIGHT="30">
<TD VALIGN="MIDDLE" WIDTH="87" HEIGHT="23">2019.03.06</TD>
<TD WIDTH="328" VALIGN="MIDDLE" HEIGHT="23">일괄신고서 효력발생일</TD>
<TD VALIGN="MIDDLE" WIDTH="160" HEIGHT="23"></TD>
</TR>

<TR ACOPY="Y" ADELETE="Y" HEIGHT="30">
<TD VALIGN="MIDDLE" WIDTH="87" HEIGHT="23">2019.05.21</TD>
<TD WIDTH="328" VALIGN="MIDDLE" HEIGHT="23">부책임운용전문인력 추가(이호종)</TD>
<TD VALIGN="MIDDLE" WIDTH="160" HEIGHT="23"></TD>
</TR>

<TR ACOPY="Y" ADELETE="Y" HEIGHT="30">
<TD VALIGN="MIDDLE" WIDTH="87" HEIGHT="23">2019.05.23</TD>
<TD WIDTH="328" VALIGN="MIDDLE" HEIGHT="23">일괄신고서 효력발생일</TD>
<TD VALIGN="MIDDLE" WIDTH="160" HEIGHT="23"></TD>
</TR>

<TR ACOPY="Y" ADELETE="Y" HEIGHT="53">
<TD VALIGN="MIDDLE" WIDTH="87" HEIGHT="46">2019.09.23</TD>
<TD WIDTH="328" VALIGN="MIDDLE" HEIGHT="46">기업공시서식 작성기준 개정 사항 반영에 따른 정정</TD>
<TD VALIGN="MIDDLE" WIDTH="160" HEIGHT="46"></TD>
</TR>

<TR ACOPY="Y" ADELETE="Y" HEIGHT="30">
<TD VALIGN="MIDDLE" WIDTH="87" HEIGHT="23">2019.09.25</TD>
<TD WIDTH="328" VALIGN="MIDDLE" HEIGHT="23">일괄신고서 효력발생일</TD>
<TD VALIGN="MIDDLE" WIDTH="160" HEIGHT="23"></TD>
</TR>

<TR ACOPY="Y" ADELETE="Y" HEIGHT="53">
<TD VALIGN="MIDDLE" WIDTH="87" HEIGHT="46">2020.01.29</TD>
<TD WIDTH="328" VALIGN="MIDDLE" HEIGHT="46">정기갱신, 운용전문인력 변경(책임: 강진원 → 이호종, 부책임: 이호종/양은아 → 강진원/양은아)</TD>
<TD VALIGN="MIDDLE" WIDTH="160" HEIGHT="46"></TD>
</TR>

<TR ACOPY="Y" ADELETE="Y" HEIGHT="30">
<TD VALIGN="MIDDLE" WIDTH="87" HEIGHT="23">2020.02.04</TD>
<TD WIDTH="328" VALIGN="MIDDLE" HEIGHT="23">일괄신고서 효력발생일</TD>
<TD VALIGN="MIDDLE" WIDTH="160" HEIGHT="23"></TD>
</TR>

<TR ACOPY="Y" ADELETE="Y" HEIGHT="30">
<TD VALIGN="MIDDLE" WIDTH="87" HEIGHT="23">2021.03.10</TD>
<TD WIDTH="328" VALIGN="MIDDLE" HEIGHT="23">정기갱신</TD>
<TD VALIGN="MIDDLE" WIDTH="160" HEIGHT="23"></TD>
</TR>

<TR ACOPY="Y" ADELETE="Y" HEIGHT="30">
<TD VALIGN="MIDDLE" WIDTH="87" HEIGHT="23">2021.03.17</TD>
<TD WIDTH="328" VALIGN="MIDDLE" HEIGHT="23">일괄신고서 효력발생일</TD>
<TD VALIGN="MIDDLE" WIDTH="160" HEIGHT="23"></TD>
</TR>

<TR ACOPY="Y" ADELETE="Y" HEIGHT="30">
<TD VALIGN="MIDDLE" WIDTH="87" HEIGHT="23">2021.04.08</TD>
<TD WIDTH="328" VALIGN="MIDDLE" HEIGHT="23">S-퇴직 클래스 집합투자증권 추가</TD>
<TD VALIGN="MIDDLE" WIDTH="160" HEIGHT="23"></TD>
</TR>

<TR ACOPY="Y" ADELETE="Y" HEIGHT="30">
<TD VALIGN="MIDDLE" WIDTH="87" HEIGHT="23">2021.04.15</TD>
<TD WIDTH="328" VALIGN="MIDDLE" HEIGHT="23">일괄신고서 효력발생일</TD>
<TD VALIGN="MIDDLE" WIDTH="160" HEIGHT="23"></TD>
</TR>

<TR ACOPY="Y" ADELETE="Y" HEIGHT="30">
<TD VALIGN="MIDDLE" WIDTH="87" HEIGHT="23">2022.02.03</TD>
<TD WIDTH="328" VALIGN="MIDDLE" HEIGHT="23">정기갱신</TD>
<TD VALIGN="MIDDLE" WIDTH="160" HEIGHT="23"></TD>
</TR>

<TR ACOPY="Y" ADELETE="Y" HEIGHT="30">
<TD VALIGN="MIDDLE" WIDTH="87" HEIGHT="23">2022.02.10</TD>
<TD WIDTH="328" VALIGN="MIDDLE" HEIGHT="23">일괄신고서 효력발생일</TD>
<TD VALIGN="MIDDLE" WIDTH="160" HEIGHT="23"></TD>
</TR>

<TR ACOPY="Y" ADELETE="Y" HEIGHT="53">
<TD VALIGN="MIDDLE" WIDTH="87" HEIGHT="46">2022.07.12</TD>
<TD WIDTH="328" VALIGN="MIDDLE" HEIGHT="46">부책임운용전문인력 변경(강진원/양은아 → 장여선)</TD>
<TD VALIGN="MIDDLE" WIDTH="160" HEIGHT="46"></TD>
</TR>

<TR ACOPY="Y" ADELETE="Y" HEIGHT="30">
<TD VALIGN="MIDDLE" WIDTH="87" HEIGHT="23">2022.07.19</TD>
<TD WIDTH="328" VALIGN="MIDDLE" HEIGHT="23">일괄신고서 효력발생일</TD>
<TD VALIGN="MIDDLE" WIDTH="160" HEIGHT="23"></TD>
</TR>

<TR ACOPY="Y" ADELETE="Y" HEIGHT="53">
<TD VALIGN="MIDDLE" WIDTH="87" HEIGHT="46">2022.11.29</TD>
<TD WIDTH="328" VALIGN="MIDDLE" HEIGHT="46">운용전문인력 변경(책임: 이호종 → 이석호, 부책임: 장여선 → 여동현)</TD>
<TD VALIGN="MIDDLE" WIDTH="160" HEIGHT="46"></TD>
</TR>

<TR ACOPY="Y" ADELETE="Y" HEIGHT="30">
<TD VALIGN="MIDDLE" WIDTH="87" HEIGHT="23">2022.12.06</TD>
<TD WIDTH="328" VALIGN="MIDDLE" HEIGHT="23">일괄신고서 효력발생일</TD>
<TD VALIGN="MIDDLE" WIDTH="160" HEIGHT="23"></TD>
</TR>

<TR ACOPY="Y" ADELETE="Y" HEIGHT="30">
<TD VALIGN="MIDDLE" WIDTH="87" HEIGHT="23">2023.02.08</TD>
<TD WIDTH="328" VALIGN="MIDDLE" HEIGHT="23">신탁계약서 이익분배 문구 수정 반영</TD>
<TD VALIGN="MIDDLE" WIDTH="160" HEIGHT="23"></TD>
</TR>

<TR ACOPY="Y" ADELETE="Y" HEIGHT="30">
<TD VALIGN="MIDDLE" WIDTH="87" HEIGHT="23">2023.02.15</TD>
<TD WIDTH="328" VALIGN="MIDDLE" HEIGHT="23">일괄신고서 효력발생일</TD>
<TD VALIGN="MIDDLE" WIDTH="160" HEIGHT="23"></TD>
</TR>

<TR ACOPY="Y" ADELETE="Y" HEIGHT="30">
<TD VALIGN="MIDDLE" WIDTH="87" HEIGHT="23">2024.01.25</TD>
<TD WIDTH="328" VALIGN="MIDDLE" HEIGHT="23">정기갱신. 기업공시서식 개정사항 반영</TD>
<TD VALIGN="MIDDLE" WIDTH="160" HEIGHT="23"></TD>
</TR>

<TR ACOPY="Y" ADELETE="Y" HEIGHT="30">
<TD VALIGN="MIDDLE" WIDTH="87" HEIGHT="23">2024.02.01</TD>
<TD WIDTH="328" VALIGN="MIDDLE" HEIGHT="23">일괄신고서 효력발생일</TD>
<TD VALIGN="MIDDLE" WIDTH="160" HEIGHT="23"></TD>
</TR>

<TR ACOPY="Y" ADELETE="Y" HEIGHT="76">
<TD VALIGN="MIDDLE" WIDTH="87" HEIGHT="69">2024.02.13</TD>
<TD WIDTH="328" VALIGN="MIDDLE" HEIGHT="69">집합투자기구 명칭 변경(KB스타 막강 국공채 증권 투자신탁(채권) → KB스타 중기 국공채 증권 자투자신탁(채권))</TD>
<TD VALIGN="MIDDLE" WIDTH="160" HEIGHT="69"></TD>
</TR>

<TR ACOPY="Y" ADELETE="Y" HEIGHT="30">
<TD VALIGN="MIDDLE" WIDTH="87" HEIGHT="23">2024.02.20</TD>
<TD WIDTH="328" VALIGN="MIDDLE" HEIGHT="23">일괄신고서 효력발생일</TD>
<TD VALIGN="MIDDLE" WIDTH="160" HEIGHT="23"></TD>
</TR>

<TR ACOPY="Y" ADELETE="Y" HEIGHT="99">
<TD VALIGN="MIDDLE" WIDTH="87" HEIGHT="92">2025.02.04</TD>
<TD WIDTH="328" VALIGN="MIDDLE" HEIGHT="92">S 계열 클래스 집합투자증권 정의 정정. 정기갱신. 예금자보호법 개정사항 반영. 기업공시서식 개정사항 반영. 조세특례제한법 개정사항 반영. 일반사무관리회사명 변경</TD>
<TD VALIGN="MIDDLE" WIDTH="160" HEIGHT="92"></TD>
</TR>

<TR ACOPY="Y" ADELETE="Y" HEIGHT="30">
<TD VALIGN="MIDDLE" WIDTH="87" HEIGHT="23">2025.02.11</TD>
<TD WIDTH="328" VALIGN="MIDDLE" HEIGHT="23">일괄신고서 효력발생일</TD>
<TD VALIGN="MIDDLE" WIDTH="160" HEIGHT="23"></TD>
</TR>
</TBODY>
</TABLE>
<P USERMARK="B P16">나. 투자설명서 공시</P>

<TABLE ACLASS="NORMAL" AFIXTABLE="N" BORDER="1" WIDTH="602">

<COLGROUP WIDTH="602">
<COL WIDTH="96"></COL>
<COL WIDTH="337"></COL>
<COL WIDTH="169"></COL>
</COLGROUP>

<TBODY>

<TR ACOPY="Y" ADELETE="Y" HEIGHT="30">
<TD WIDTH="87" HEIGHT="23" ALIGN="CENTER" VALIGN="MIDDLE">공시일자</TD>
<TD WIDTH="328" HEIGHT="23" ALIGN="CENTER" VALIGN="MIDDLE">주요내용</TD>
<TD WIDTH="160" HEIGHT="23" ALIGN="CENTER" VALIGN="MIDDLE">비고</TD>
</TR>

<TR ACOPY="Y" ADELETE="Y" HEIGHT="30">
<TD WIDTH="87" HEIGHT="23" VALIGN="MIDDLE">2009.05.08</TD>
<TD WIDTH="328" HEIGHT="23" VALIGN="MIDDLE">투자설명서 제출</TD>
<TD WIDTH="160" HEIGHT="23" VALIGN="MIDDLE">　</TD>
</TR>

<TR ACOPY="Y" ADELETE="Y" HEIGHT="30">
<TD WIDTH="87" HEIGHT="23" VALIGN="MIDDLE">2010.01.11</TD>
<TD WIDTH="328" HEIGHT="23" VALIGN="MIDDLE">정기갱신</TD>
<TD WIDTH="160" HEIGHT="23" VALIGN="MIDDLE"></TD>
</TR>

<TR ACOPY="Y" ADELETE="Y" HEIGHT="30">
<TD WIDTH="87" HEIGHT="23" VALIGN="MIDDLE">2010.03.09</TD>
<TD WIDTH="328" HEIGHT="23" VALIGN="MIDDLE">법시행령 개정에 따른 변경</TD>
<TD WIDTH="160" HEIGHT="23" VALIGN="MIDDLE"></TD>
</TR>

<TR ACOPY="Y" ADELETE="Y" HEIGHT="30">
<TD WIDTH="87" HEIGHT="23" VALIGN="MIDDLE">2011.01.31</TD>
<TD WIDTH="328" HEIGHT="23" VALIGN="MIDDLE">정기갱신</TD>
<TD WIDTH="160" HEIGHT="23" VALIGN="MIDDLE"></TD>
</TR>

<TR ACOPY="Y" ADELETE="Y" HEIGHT="30">
<TD WIDTH="87" HEIGHT="23" VALIGN="MIDDLE">2012.01.11</TD>
<TD WIDTH="328" HEIGHT="23" VALIGN="MIDDLE">정기갱신</TD>
<TD WIDTH="160" HEIGHT="23" VALIGN="MIDDLE"></TD>
</TR>

<TR ACOPY="Y" ADELETE="Y" HEIGHT="30">
<TD WIDTH="87" HEIGHT="23" VALIGN="MIDDLE">2012.10.22</TD>
<TD WIDTH="328" HEIGHT="23" VALIGN="MIDDLE">모자형으로 변경</TD>
<TD WIDTH="160" HEIGHT="23" VALIGN="MIDDLE"></TD>
</TR>

<TR ACOPY="Y" ADELETE="Y" HEIGHT="30">
<TD WIDTH="87" HEIGHT="23" VALIGN="MIDDLE">2013.01.25</TD>
<TD WIDTH="328" HEIGHT="23" VALIGN="MIDDLE">정기갱신</TD>
<TD WIDTH="160" HEIGHT="23" VALIGN="MIDDLE"></TD>
</TR>

<TR ACOPY="Y" ADELETE="Y" HEIGHT="30">
<TD WIDTH="87" HEIGHT="23" VALIGN="MIDDLE">2013.01.30</TD>
<TD WIDTH="328" HEIGHT="23" VALIGN="MIDDLE">모펀드 내용변경 적용</TD>
<TD WIDTH="160" HEIGHT="23" VALIGN="MIDDLE"></TD>
</TR>

<TR ACOPY="Y" ADELETE="Y" HEIGHT="30">
<TD WIDTH="87" HEIGHT="23" VALIGN="MIDDLE">2013.04.01</TD>
<TD WIDTH="328" HEIGHT="23" VALIGN="MIDDLE">채권평가회사 추가</TD>
<TD WIDTH="160" HEIGHT="23" VALIGN="MIDDLE"></TD>
</TR>

<TR ACOPY="Y" ADELETE="Y" HEIGHT="53">
<TD WIDTH="87" HEIGHT="46" VALIGN="MIDDLE">2014.01.28</TD>
<TD WIDTH="328" HEIGHT="46" VALIGN="MIDDLE">운용전문인력 변경(부책임: 한철진→강진원). 정기갱신</TD>
<TD WIDTH="160" HEIGHT="46" VALIGN="MIDDLE"></TD>
</TR>

<TR ACOPY="Y" ADELETE="Y" HEIGHT="30">
<TD WIDTH="87" HEIGHT="23" VALIGN="MIDDLE">2014.02.14</TD>
<TD WIDTH="328" HEIGHT="23" VALIGN="MIDDLE">S 클래스 추가</TD>
<TD WIDTH="160" HEIGHT="23" VALIGN="MIDDLE"></TD>
</TR>

<TR ACOPY="Y" ADELETE="Y" HEIGHT="30">
<TD WIDTH="87" HEIGHT="23" VALIGN="MIDDLE">2014.03.21</TD>
<TD WIDTH="328" HEIGHT="23" VALIGN="MIDDLE">모투자신탁에 투자하는 다른 자투자신탁 추가</TD>
<TD WIDTH="160" HEIGHT="23" VALIGN="MIDDLE"></TD>
</TR>

<TR ACOPY="Y" ADELETE="Y" HEIGHT="30">
<TD WIDTH="87" HEIGHT="23" VALIGN="MIDDLE">2014.03.26</TD>
<TD WIDTH="328" HEIGHT="23" VALIGN="MIDDLE">모투자신탁에 투자하는 다른 자투자신탁 추가</TD>
<TD WIDTH="160" HEIGHT="23" VALIGN="MIDDLE"></TD>
</TR>

<TR ACOPY="Y" ADELETE="Y" HEIGHT="30">
<TD WIDTH="87" HEIGHT="23" VALIGN="MIDDLE">2014.11.14</TD>
<TD WIDTH="328" HEIGHT="23" VALIGN="MIDDLE">A 클래스 및 C-E 클래스 추가</TD>
<TD WIDTH="160" HEIGHT="23" VALIGN="MIDDLE"></TD>
</TR>

<TR ACOPY="Y" ADELETE="Y" HEIGHT="30">
<TD WIDTH="87" HEIGHT="23" VALIGN="MIDDLE">2015.01.30</TD>
<TD WIDTH="328" HEIGHT="23" VALIGN="MIDDLE">정기갱신</TD>
<TD WIDTH="160" HEIGHT="23" VALIGN="MIDDLE"></TD>
</TR>

<TR ACOPY="Y" ADELETE="Y" HEIGHT="30">
<TD WIDTH="87" HEIGHT="23" VALIGN="MIDDLE">2015.03.17</TD>
<TD WIDTH="328" HEIGHT="23" VALIGN="MIDDLE">모투자신탁에 투자하는 다른 자투자신탁 추가</TD>
<TD WIDTH="160" HEIGHT="23" VALIGN="MIDDLE"></TD>
</TR>

<TR ACOPY="Y" ADELETE="Y" HEIGHT="30">
<TD WIDTH="87" HEIGHT="23" VALIGN="MIDDLE">2015.04.27</TD>
<TD WIDTH="328" HEIGHT="23" VALIGN="MIDDLE">C-W 클래스 추가</TD>
<TD WIDTH="160" HEIGHT="23" VALIGN="MIDDLE"></TD>
</TR>

<TR ACOPY="Y" ADELETE="Y" HEIGHT="30">
<TD WIDTH="87" HEIGHT="23" VALIGN="MIDDLE">2016.03.30</TD>
<TD WIDTH="328" HEIGHT="23" VALIGN="MIDDLE">정기갱신</TD>
<TD WIDTH="160" HEIGHT="23" VALIGN="MIDDLE"></TD>
</TR>

<TR ACOPY="Y" ADELETE="Y" HEIGHT="30">
<TD WIDTH="87" HEIGHT="23" VALIGN="MIDDLE">2016.04.22</TD>
<TD WIDTH="328" HEIGHT="23" VALIGN="MIDDLE">환매수수료 삭제</TD>
<TD WIDTH="160" HEIGHT="23" VALIGN="MIDDLE"></TD>
</TR>

<TR ACOPY="Y" ADELETE="Y" HEIGHT="53">
<TD WIDTH="87" HEIGHT="46" VALIGN="MIDDLE">2016.07.04</TD>
<TD WIDTH="328" HEIGHT="46" VALIGN="MIDDLE">투자위험 등급 분류 체계 개편 내용 반영(5단계 중 4등급 → 6단계 중 5등급)</TD>
<TD WIDTH="160" HEIGHT="46" VALIGN="MIDDLE"></TD>
</TR>

<TR ACOPY="Y" ADELETE="Y" HEIGHT="53">
<TD WIDTH="87" HEIGHT="46" VALIGN="MIDDLE">2016.11.21</TD>
<TD WIDTH="328" HEIGHT="46" VALIGN="MIDDLE">C-P/C-Pe/S-P/C-퇴직연금 클래스 집합투자증권 추가</TD>
<TD WIDTH="160" HEIGHT="46" VALIGN="MIDDLE"></TD>
</TR>

<TR ACOPY="Y" ADELETE="Y" HEIGHT="30">
<TD WIDTH="87" HEIGHT="23" VALIGN="MIDDLE">2017.02.10</TD>
<TD WIDTH="328" HEIGHT="23" VALIGN="MIDDLE">정기갱신</TD>
<TD WIDTH="160" HEIGHT="23" VALIGN="MIDDLE"></TD>
</TR>

<TR ACOPY="Y" ADELETE="Y" HEIGHT="30">
<TD WIDTH="87" HEIGHT="23" VALIGN="MIDDLE">2017.05.02</TD>
<TD WIDTH="328" HEIGHT="23" VALIGN="MIDDLE">A-G/C-G 클래스 추가</TD>
<TD WIDTH="160" HEIGHT="23" VALIGN="MIDDLE"></TD>
</TR>

<TR ACOPY="Y" ADELETE="Y" HEIGHT="30">
<TD WIDTH="87" HEIGHT="23" VALIGN="MIDDLE">2018.03.13</TD>
<TD WIDTH="328" HEIGHT="23" VALIGN="MIDDLE">정기갱신</TD>
<TD WIDTH="160" HEIGHT="23" VALIGN="MIDDLE"></TD>
</TR>

<TR ACOPY="Y" ADELETE="Y" HEIGHT="53">
<TD WIDTH="87" HEIGHT="46" VALIGN="MIDDLE">2018.05.25</TD>
<TD WIDTH="328" HEIGHT="46" VALIGN="MIDDLE">운용전문인력 변경(책임: 문동훈 → 강진원, 부책임: 강진원 → 고성수)</TD>
<TD WIDTH="160" HEIGHT="46" VALIGN="MIDDLE"></TD>
</TR>

<TR ACOPY="Y" ADELETE="Y" HEIGHT="30">
<TD WIDTH="87" HEIGHT="23" VALIGN="MIDDLE">2018.07.17</TD>
<TD WIDTH="328" HEIGHT="23" VALIGN="MIDDLE">C-F클래스 집합투자증권 판매회사보수 인하</TD>
<TD WIDTH="160" HEIGHT="23" VALIGN="MIDDLE"></TD>
</TR>

<TR ACOPY="Y" ADELETE="Y" HEIGHT="53">
<TD WIDTH="87" HEIGHT="46" VALIGN="MIDDLE">2018.10.26</TD>
<TD WIDTH="328" HEIGHT="46" VALIGN="MIDDLE">투자신탁보수 인하/ A-E, C-퇴직e 클래스 집합투자증권 추가 </TD>
<TD WIDTH="160" HEIGHT="46" VALIGN="MIDDLE"></TD>
</TR>

<TR ACOPY="Y" ADELETE="Y" HEIGHT="30">
<TD WIDTH="87" HEIGHT="23" VALIGN="MIDDLE">2019.02.19</TD>
<TD WIDTH="328" HEIGHT="23" VALIGN="MIDDLE">정기갱신</TD>
<TD WIDTH="160" HEIGHT="23" VALIGN="MIDDLE"></TD>
</TR>

<TR ACOPY="Y" ADELETE="Y" HEIGHT="30">
<TD WIDTH="87" HEIGHT="23" VALIGN="MIDDLE">2019.03.06</TD>
<TD WIDTH="328" HEIGHT="23" VALIGN="MIDDLE">부책임운용전문인력 변경(고성수 → 양은아)</TD>
<TD WIDTH="160" HEIGHT="23" VALIGN="MIDDLE"></TD>
</TR>

<TR ACOPY="Y" ADELETE="Y" HEIGHT="30">
<TD WIDTH="87" HEIGHT="23" VALIGN="MIDDLE">2019.05.23</TD>
<TD WIDTH="328" HEIGHT="23" VALIGN="MIDDLE">부책임운용전문인력 추가(이호종)</TD>
<TD WIDTH="160" HEIGHT="23" VALIGN="MIDDLE"></TD>
</TR>

<TR ACOPY="Y" ADELETE="Y" HEIGHT="53">
<TD WIDTH="87" HEIGHT="46" VALIGN="MIDDLE">2019.09.26</TD>
<TD WIDTH="328" HEIGHT="46" VALIGN="MIDDLE">기업공시서식 작성기준 개정 사항 반영에 따른 정정</TD>
<TD WIDTH="160" HEIGHT="46" VALIGN="MIDDLE"></TD>
</TR>

<TR ACOPY="Y" ADELETE="Y" HEIGHT="53">
<TD WIDTH="87" HEIGHT="46" VALIGN="MIDDLE">2020.02.04</TD>
<TD WIDTH="328" HEIGHT="46" VALIGN="MIDDLE">정기갱신, 운용전문인력 변경(책임: 강진원 → 이호종, 부책임: 이호종/양은아 → 강진원/양은아)</TD>
<TD WIDTH="160" HEIGHT="46" VALIGN="MIDDLE"></TD>
</TR>

<TR ACOPY="Y" ADELETE="Y" HEIGHT="30">
<TD WIDTH="87" HEIGHT="23" VALIGN="MIDDLE">2021.03.17</TD>
<TD WIDTH="328" HEIGHT="23" VALIGN="MIDDLE">정기갱신</TD>
<TD WIDTH="160" HEIGHT="23" VALIGN="MIDDLE"></TD>
</TR>

<TR ACOPY="Y" ADELETE="Y" HEIGHT="30">
<TD WIDTH="87" HEIGHT="23" VALIGN="MIDDLE">2021.04.16</TD>
<TD WIDTH="328" HEIGHT="23" VALIGN="MIDDLE">S-퇴직 클래스 집합투자증권 추가</TD>
<TD WIDTH="160" HEIGHT="23" VALIGN="MIDDLE"></TD>
</TR>

<TR ACOPY="Y" ADELETE="Y" HEIGHT="30">
<TD WIDTH="87" HEIGHT="23" VALIGN="MIDDLE">2022.02.10</TD>
<TD WIDTH="328" HEIGHT="23" VALIGN="MIDDLE">정기갱신</TD>
<TD WIDTH="160" HEIGHT="23" VALIGN="MIDDLE"></TD>
</TR>

<TR ACOPY="Y" ADELETE="Y" HEIGHT="53">
<TD WIDTH="87" HEIGHT="46" VALIGN="MIDDLE">2022.07.19</TD>
<TD WIDTH="328" HEIGHT="46" VALIGN="MIDDLE">부책임운용전문인력 변경(강진원/양은아 → 장여선)</TD>
<TD WIDTH="160" HEIGHT="46" VALIGN="MIDDLE"></TD>
</TR>

<TR ACOPY="Y" ADELETE="Y" HEIGHT="53">
<TD WIDTH="87" HEIGHT="46" VALIGN="MIDDLE">2022.12.06</TD>
<TD WIDTH="328" HEIGHT="46" VALIGN="MIDDLE">운용전문인력 변경(책임: 이호종 → 이석호, 부책임: 장여선 → 여동현)</TD>
<TD WIDTH="160" HEIGHT="46" VALIGN="MIDDLE"></TD>
</TR>

<TR ACOPY="Y" ADELETE="Y" HEIGHT="53">
<TD WIDTH="87" HEIGHT="46" VALIGN="MIDDLE">2023.02.15</TD>
<TD WIDTH="328" HEIGHT="46" VALIGN="MIDDLE">신탁계약서 이익분배 문구 수정 반영</TD>
<TD WIDTH="160" HEIGHT="46" VALIGN="MIDDLE"></TD>
</TR>

<TR ACOPY="Y" ADELETE="Y" HEIGHT="53">
<TD WIDTH="87" HEIGHT="46" VALIGN="MIDDLE">2024.02.01</TD>
<TD WIDTH="328" HEIGHT="46" VALIGN="MIDDLE">정기갱신. 기업공시서식 개정사항 반영</TD>
<TD WIDTH="160" HEIGHT="46" VALIGN="MIDDLE"></TD>
</TR>

<TR ACOPY="Y" ADELETE="Y" HEIGHT="76">
<TD WIDTH="87" HEIGHT="69" VALIGN="MIDDLE">2024.02.20</TD>
<TD WIDTH="328" HEIGHT="69" VALIGN="MIDDLE">집합투자기구 명칭 변경(KB스타 막강 국공채 증권 투자신탁(채권) → KB스타 중기 국공채 증권 자투자신탁(채권))</TD>
<TD WIDTH="160" HEIGHT="69" VALIGN="MIDDLE"></TD>
</TR>

<TR ACOPY="Y" ADELETE="Y" HEIGHT="99">
<TD WIDTH="87" HEIGHT="92" VALIGN="MIDDLE">2025.02.11</TD>
<TD WIDTH="328" HEIGHT="92" VALIGN="MIDDLE">S 계열 클래스 집합투자증권 정의 정정. 정기갱신. 예금자보호법 개정사항 반영. 기업공시서식 개정사항 반영. 조세특례제한법 개정사항 반영. 일반사무관리회사명 변경</TD>
<TD WIDTH="160" HEIGHT="92" VALIGN="MIDDLE"></TD>
</TR>
</TBODY>
</TABLE>
<P USERMARK="B P16">다. 증권발행실적보고서 공시</P>

<TABLE ACLASS="NORMAL" AFIXTABLE="N" BORDER="1" WIDTH="602">

<COLGROUP WIDTH="602">
<COL WIDTH="96"></COL>
<COL WIDTH="337"></COL>
<COL WIDTH="169"></COL>
</COLGROUP>

<TBODY>

<TR ACOPY="Y" ADELETE="Y" HEIGHT="30">
<TD WIDTH="87" ALIGN="CENTER" VALIGN="MIDDLE" HEIGHT="23">공시일자</TD>
<TD WIDTH="328" ALIGN="CENTER" VALIGN="MIDDLE" HEIGHT="23">주요내용</TD>
<TD WIDTH="160" ALIGN="CENTER" VALIGN="MIDDLE" HEIGHT="23">비고</TD>
</TR>

<TR ACOPY="Y" ADELETE="Y" HEIGHT="30">
<TD VALIGN="MIDDLE" WIDTH="87" HEIGHT="23">2010.01.27</TD>
<TD VALIGN="MIDDLE" WIDTH="328" HEIGHT="23">발행실적보고서 제출</TD>
<TD VALIGN="MIDDLE" WIDTH="160" HEIGHT="23"></TD>
</TR>

<TR ACOPY="Y" ADELETE="Y" HEIGHT="30">
<TD VALIGN="MIDDLE" WIDTH="87" HEIGHT="23">2011.01.03</TD>
<TD VALIGN="MIDDLE" WIDTH="328" HEIGHT="23">발행실적보고서 제출</TD>
<TD VALIGN="MIDDLE" WIDTH="160" HEIGHT="23"></TD>
</TR>

<TR ACOPY="Y" ADELETE="Y" HEIGHT="30">
<TD VALIGN="MIDDLE" WIDTH="87" HEIGHT="23">2012.01.10</TD>
<TD VALIGN="MIDDLE" WIDTH="328" HEIGHT="23">발행실적보고서 제출</TD>
<TD VALIGN="MIDDLE" WIDTH="160" HEIGHT="23"></TD>
</TR>

<TR ACOPY="Y" ADELETE="Y" HEIGHT="30">
<TD VALIGN="MIDDLE" WIDTH="87" HEIGHT="23">2013.01.10</TD>
<TD VALIGN="MIDDLE" WIDTH="328" HEIGHT="23">발행실적보고서 제출</TD>
<TD VALIGN="MIDDLE" WIDTH="160" HEIGHT="23"></TD>
</TR>

<TR ACOPY="Y" ADELETE="Y" HEIGHT="30">
<TD VALIGN="MIDDLE" WIDTH="87" HEIGHT="23">2014.01.13</TD>
<TD VALIGN="MIDDLE" WIDTH="328" HEIGHT="23">발행실적보고서 제출</TD>
<TD VALIGN="MIDDLE" WIDTH="160" HEIGHT="23"></TD>
</TR>

<TR ACOPY="Y" ADELETE="Y" HEIGHT="30">
<TD VALIGN="MIDDLE" WIDTH="87" HEIGHT="23">2015.01.12</TD>
<TD VALIGN="MIDDLE" WIDTH="328" HEIGHT="23">발행실적보고서 제출</TD>
<TD VALIGN="MIDDLE" WIDTH="160" HEIGHT="23"></TD>
</TR>

<TR ACOPY="Y" ADELETE="Y" HEIGHT="30">
<TD VALIGN="MIDDLE" WIDTH="87" HEIGHT="23">2016.03.18</TD>
<TD VALIGN="MIDDLE" WIDTH="328" HEIGHT="23">발행실적보고서 제출</TD>
<TD VALIGN="MIDDLE" WIDTH="160" HEIGHT="23"></TD>
</TR>

<TR ACOPY="Y" ADELETE="Y" HEIGHT="30">
<TD VALIGN="MIDDLE" WIDTH="87" HEIGHT="23">2017.01.13</TD>
<TD VALIGN="MIDDLE" WIDTH="328" HEIGHT="23">발행실적보고서 제출</TD>
<TD VALIGN="MIDDLE" WIDTH="160" HEIGHT="23"></TD>
</TR>

<TR ACOPY="Y" ADELETE="Y" HEIGHT="30">
<TD VALIGN="MIDDLE" WIDTH="87" HEIGHT="23">2018.02.01</TD>
<TD VALIGN="MIDDLE" WIDTH="328" HEIGHT="23">발행실적보고서 제출</TD>
<TD VALIGN="MIDDLE" WIDTH="160" HEIGHT="23"></TD>
</TR>

<TR ACOPY="Y" ADELETE="Y" HEIGHT="30">
<TD VALIGN="MIDDLE" WIDTH="87" HEIGHT="23">2019.01.22</TD>
<TD VALIGN="MIDDLE" WIDTH="328" HEIGHT="23">발행실적보고서 제출</TD>
<TD VALIGN="MIDDLE" WIDTH="160" HEIGHT="23"></TD>
</TR>

<TR ACOPY="Y" ADELETE="Y" HEIGHT="30">
<TD VALIGN="MIDDLE" WIDTH="87" HEIGHT="23">2020.01.29</TD>
<TD VALIGN="MIDDLE" WIDTH="328" HEIGHT="23">발행실적보고서 제출</TD>
<TD VALIGN="MIDDLE" WIDTH="160" HEIGHT="23"></TD>
</TR>

<TR ACOPY="Y" ADELETE="Y" HEIGHT="30">
<TD VALIGN="MIDDLE" WIDTH="87" HEIGHT="23">2021.02.05</TD>
<TD VALIGN="MIDDLE" WIDTH="328" HEIGHT="23">발행실적보고서 제출</TD>
<TD VALIGN="MIDDLE" WIDTH="160" HEIGHT="23"></TD>
</TR>

<TR ACOPY="Y" ADELETE="Y" HEIGHT="30">
<TD VALIGN="MIDDLE" WIDTH="87" HEIGHT="23">2022.01.24</TD>
<TD VALIGN="MIDDLE" WIDTH="328" HEIGHT="23">발행실적보고서 제출</TD>
<TD VALIGN="MIDDLE" WIDTH="160" HEIGHT="23"></TD>
</TR>

<TR ACOPY="Y" ADELETE="Y" HEIGHT="30">
<TD VALIGN="MIDDLE" WIDTH="87" HEIGHT="23">2023.01.11</TD>
<TD VALIGN="MIDDLE" WIDTH="328" HEIGHT="23">발행실적보고서 제출</TD>
<TD VALIGN="MIDDLE" WIDTH="160" HEIGHT="23"></TD>
</TR>

<TR ACOPY="Y" ADELETE="Y" HEIGHT="30">
<TD VALIGN="MIDDLE" WIDTH="87" HEIGHT="23">2024.01.18</TD>
<TD VALIGN="MIDDLE" WIDTH="328" HEIGHT="23">발행실적보고서 제출</TD>
<TD VALIGN="MIDDLE" WIDTH="160" HEIGHT="23"></TD>
</TR>

<TR ACOPY="Y" ADELETE="Y" HEIGHT="30">
<TD VALIGN="MIDDLE" WIDTH="87" HEIGHT="23">2025.01.10</TD>
<TD VALIGN="MIDDLE" WIDTH="328" HEIGHT="23">발행실적보고서 제출</TD>
<TD VALIGN="MIDDLE" WIDTH="160" HEIGHT="23"></TD>
</TR>
</TBODY>
</TABLE>
</SECTION-2>
</SECTION-1>
</BODY>
</DOCUMENT>