<?xml version="1.0" encoding="utf-8"?>


<DOCUMENT xmlns:xsi="http://www.w3.org/2001/XMLSchema-instance" xsi:noNamespaceSchemaLocation="dart4.xsd">

<DOCUMENT-NAME ACODE="10820">증권발행실적보고서(집합투자증권)</DOCUMENT-NAME>
<FORMULA-VERSION ADATE="20160121">6.0</FORMULA-VERSION>
<COMPANY-NAME AREGCIK="00104500">KB자산운용</COMPANY-NAME>


<BODY ATOCID="7">

<COVER>
<COVER-TITLE ATOC="Y" AASSOCNOTE="COVER" ATOCID="1" ENG="Post-Issuance Report">증권발행실적보고서</COVER-TITLE>

<TABLE ACLASS="NORMAL" AFIXTABLE="N" WIDTH="600" BORDER="0">

<COLGROUP WIDTH="600">
<COL WIDTH="161"></COL>
<COL WIDTH="439"></COL>
</COLGROUP>

<TBODY>

<TR ACOPY="Y" ADELETE="Y" HEIGHT="30">
<TD COLSPAN="2" ALIGN="CENTER" VALIGN="MIDDLE" WIDTH="591" HEIGHT="23">[집합투자증권]</TD>
</TR>

<TR ACOPY="Y" ADELETE="Y" HEIGHT="76">
<TD COLSPAN="2" VALIGN="MIDDLE" WIDTH="591" HEIGHT="69"></TD>
</TR>

<TR ACOPY="Y" ADELETE="Y" HEIGHT="31">
<TD VALIGN="MIDDLE" WIDTH="152" HEIGHT="24">금융감독원장 귀하</TD>

<TD ALIGN="RIGHT" VALIGN="MIDDLE" WIDTH="430" HEIGHT="24">
<SPAN>2026년 1월 5일</SPAN>
</TD>
</TR>

<TR ACOPY="Y" ADELETE="Y" HEIGHT="30">
<TD VALIGN="MIDDLE" WIDTH="152" HEIGHT="23"></TD>
<TD ALIGN="RIGHT" VALIGN="MIDDLE" WIDTH="430" HEIGHT="23"></TD>
</TR>
</TBODY>
</TABLE>

<TABLE-GROUP ACLASS="_FUND_MAIN_" ADELETETABLE="N">

<TABLE ACLASS="EXTRACTION" AFIXTABLE="Y" WIDTH="600" BORDER="0">

<COLGROUP WIDTH="600">
<COL WIDTH="161"></COL>
<COL WIDTH="248"></COL>
<COL WIDTH="86"></COL>
<COL WIDTH="77"></COL>
<COL WIDTH="28"></COL>
</COLGROUP>

<TBODY>

<TR ACOPY="Y" ADELETE="Y" HEIGHT="53">
<TD VALIGN="MIDDLE" WIDTH="152" HEIGHT="46" AUPDATECONT="N" ENG="Name of the collective investment scheme:">집합투자기구 명칭 :</TD>
<TE VALIGN="MIDDLE" WIDTH="239" HEIGHT="46" ACODE="FUND_NAME">KB 온국민 평생소득 20 증권 자투자신탁(채권혼합-재간접형)</TE>
<TD VALIGN="MIDDLE" WIDTH="77" HEIGHT="46" AUPDATECONT="N" ENG="(Fund code:">(펀드코드 :</TD>
<TE ALIGN="CENTER" VALIGN="MIDDLE" WIDTH="68" HEIGHT="46" ACODE="FUND_CODE">C4421</TE>
<TD VALIGN="MIDDLE" WIDTH="19" HEIGHT="46" AUPDATECONT="N">)</TD>
</TR>

<TR ACOPY="Y" ADELETE="Y" HEIGHT="30">
<TD COLSPAN="5" WIDTH="591" HEIGHT="23"></TD>
</TR>
</TBODY>
</TABLE>
</TABLE-GROUP>

<TABLE ACLASS="NORMAL" AFIXTABLE="N" WIDTH="600" BORDER="0">

<COLGROUP WIDTH="600">
<COL WIDTH="161"></COL>
<COL WIDTH="439"></COL>
</COLGROUP>

<TBODY>

<TR ACOPY="Y" ADELETE="Y" HEIGHT="30">
<TD CLASS="NORMAL" WIDTH="152" HEIGHT="23">집합투자업자 명칭 :</TD>
<TD CLASS="NORMAL" WIDTH="430" HEIGHT="23">KB자산운용주식회사</TD>
</TR>

<TR ACOPY="Y" ADELETE="Y" HEIGHT="30">
<TD CLASS="NORMAL" WIDTH="152" HEIGHT="23"></TD>
<TD CLASS="NORMAL" WIDTH="430" HEIGHT="23"></TD>
</TR>

<TR ACOPY="Y" ADELETE="Y" HEIGHT="30">
<TD CLASS="NORMAL" WIDTH="152" HEIGHT="23">연        락       처 :</TD>
<TD CLASS="NORMAL" WIDTH="430" HEIGHT="23">서울시 영등포구 국제금융로 10</TD>
</TR>

<TR ACOPY="Y" ADELETE="Y" HEIGHT="30">
<TD CLASS="NORMAL" WIDTH="152" HEIGHT="23"></TD>
<TD CLASS="NORMAL" WIDTH="430" HEIGHT="23">(전  화) 02-2167-8200</TD>
</TR>

<TR ACOPY="Y" ADELETE="Y" HEIGHT="30">
<TD CLASS="NORMAL" WIDTH="152" HEIGHT="23"></TD>
<TD CLASS="NORMAL" WIDTH="430" HEIGHT="23">(홈페이지) www.kbam.co.kr</TD>
</TR>

<TR ACOPY="Y" ADELETE="Y" HEIGHT="30">
<TD CLASS="NORMAL" WIDTH="152" HEIGHT="23"></TD>
<TD CLASS="NORMAL" WIDTH="430" HEIGHT="23"></TD>
</TR>

<TR ACOPY="Y" ADELETE="Y" HEIGHT="30">
<TD CLASS="NORMAL" WIDTH="152" HEIGHT="23">작  성  책  임  자 :</TD>
<TD CLASS="NORMAL" WIDTH="430" HEIGHT="23">(직   책) 운용지원본부장           (성   명) 강찬희</TD>
</TR>

<TR ACOPY="Y" ADELETE="Y" HEIGHT="30">
<TD CLASS="NORMAL" WIDTH="152" HEIGHT="23"></TD>
<TD CLASS="NORMAL" WIDTH="430" HEIGHT="23">(전   화) 02-2167-8363</TD>
</TR>

<TR ACOPY="Y" ADELETE="Y" HEIGHT="53">
<TD CLASS="NORMAL" WIDTH="152" HEIGHT="46"></TD>
<TD CLASS="NORMAL" WIDTH="430" HEIGHT="46"></TD>
</TR>

<TR ACOPY="Y" ADELETE="Y" HEIGHT="30">

<TD CLASS="NORMAL" COLSPAN="2" ALIGN="RIGHT" WIDTH="591" HEIGHT="23">
<SPAN>2026년 1월 5일</SPAN>
</TD>
</TR>

<TR ACOPY="Y" ADELETE="Y" HEIGHT="53">
<TD CLASS="NORMAL" COLSPAN="2" ALIGN="RIGHT" WIDTH="591" HEIGHT="46">(집합투자기구 명칭)KB 온국민 평생소득 20 증권 자투자신탁(채권혼합-재간접형)</TD>
</TR>

<TR ACOPY="Y" ADELETE="Y" HEIGHT="53">
<TD CLASS="NORMAL" COLSPAN="2" ALIGN="RIGHT" WIDTH="591" HEIGHT="46">자산운용회사 대표이사 김영성 (인)</TD>
</TR>
</TBODY>
</TABLE>
<PGBRK></PGBRK>

<IMAGE>
<IMG WIDTH="539" HEIGHT="758" ALIGN="CENTER" HSPACE="0">1.jpg</IMG>
<IMG-CAPTION ATOC="N">1</IMG-CAPTION>
</IMAGE>
</COVER>

<SECTION-1 ACLASS="MANDATORY" APARTSOURCE="SOURCE">

<SECTION-2 ACLASS="MANDATORY">
<TITLE ATOC="Y" AASSOCNOTE="D-0-0-1-0" ATOCID="2" ENG="1. Name of the collective investment scheme">1. 집합투자기구의 명칭</TITLE>
<P>KB 온국민 평생소득 20 증권 자투자신탁(채권혼합-재간접형)(C4421)A(C4422), A-E(C4423), A-G(C4424), C(C4425), C-E(C4426), C-G(C4427), C-F(C4428), C-W(C4429), S(C4430)</P>
</SECTION-2>

<SECTION-2 ACLASS="MANDATORY">
<TITLE ATOC="Y" AASSOCNOTE="D-0-0-2-0" ATOCID="3" ENG="2. Type and form of the collective investment scheme">2. 집합투자기구의 종류 및 형태</TITLE>
<P>가. 형태별 종류: 투자신탁나. 운용자산별 종류: 증권(재간접형)다. 개방형·폐쇄형 구분: 개방형(환매가 가능한 투자신탁)라. 추가형·단위형 구분: 추가형(추가로 자금 납입이 가능한 투자신탁)</P>
</SECTION-2>

<SECTION-2 ACLASS="MANDATORY">
<TITLE ATOC="Y" AASSOCNOTE="D-0-0-3-0" ATOCID="4" ENG="3. Matters related to the issuance of collective investment securities">3. 집합투자증권 발행에 관한 사항</TITLE>
<P USERMARK="B P16">가. 집합투자증권 발행 내역</P>

<LIBRARY>
<TABLE-GROUP ACLASS="ACC_ADD" ADELETETABLE="N">

<TABLE ACLASS="EXTRACTION" WIDTH="600" BORDER="1" AFIXTABLE="Y">

<COLGROUP WIDTH="600">
<COL WIDTH="87"></COL>
<COL WIDTH="158"></COL>
<COL WIDTH="178"></COL>
<COL WIDTH="177"></COL>
</COLGROUP>

<THEAD>

<TR ACOPY="N" ADELETE="N" HEIGHT="53">
<TH COLSPAN="2" VALIGN="MIDDLE" WIDTH="236" ACOPYCOL="N" ADELETECOL="N" AMOVECOL="N" AUPDATECONT="N" ENG="Category" HEIGHT="46">구 분</TH>
<TH VALIGN="MIDDLE" WIDTH="169" ACOPYCOL="N" ADELETECOL="N" AMOVECOL="N" AUPDATECONT="N" ENG="Number of units/amount" HEIGHT="46">좌수/금액</TH>
<TH VALIGN="MIDDLE" WIDTH="168" ACOPYCOL="N" ADELETECOL="N" AMOVECOL="N" AUPDATECONT="N" ENG="Note (Amount subject to issuance contribution)" HEIGHT="46">비 고(발행분담금 대상금액)</TH>
</TR>
</THEAD>

<TBODY>

<TR ACOPY="N" ADELETE="N" HEIGHT="30">
<TD ROWSPAN="3" VALIGN="MIDDLE" AUPDATECONT="N" ALIGN="CENTER" ENG="Number of units" WIDTH="78" HEIGHT="83">좌수</TD>
<TD ALIGN="CENTER" VALIGN="MIDDLE" AUPDATECONT="N" ENG="Number of units established" WIDTH="149" HEIGHT="23">설정 좌수 </TD>
<TE ACODE="CNT_STUP" VALIGN="MIDDLE" ALIGN="RIGHT" USERMARK="F-DU9  0X111111 BC0XF9F9F8" WIDTH="169" HEIGHT="23">18,652,213</TE>
<TD VALIGN="MIDDLE" ALIGN="RIGHT" WIDTH="168" HEIGHT="23">　</TD>
</TR>

<TR ACOPY="N" ADELETE="N" HEIGHT="30">
<TD ALIGN="CENTER" VALIGN="MIDDLE" AUPDATECONT="N" ENG="Number of cancelled units" WIDTH="149" HEIGHT="23">해지 좌수 </TD>
<TE ACODE="CNT_CLS" VALIGN="MIDDLE" ALIGN="RIGHT" USERMARK="F-DU9  0X111111 BC0XF9F9F8" WIDTH="169" HEIGHT="23">3,243,189,620</TE>
<TD VALIGN="MIDDLE" ALIGN="RIGHT" WIDTH="168" HEIGHT="23">　</TD>
</TR>

<TR ACOPY="N" ADELETE="N" HEIGHT="30">
<TD ALIGN="CENTER" VALIGN="MIDDLE" AUPDATECONT="N" ENG="Increased or decreased" WIDTH="149" HEIGHT="23">증 감 </TD>
<TE ACODE="CNT_MRGN" VALIGN="MIDDLE" ALIGN="RIGHT" USERMARK="F-DU9  0XFF0000 BC0XF9F9F8" WIDTH="169" HEIGHT="23">-3,224,537,407</TE>
<TD VALIGN="MIDDLE" ALIGN="RIGHT" WIDTH="168" HEIGHT="23">　</TD>
</TR>

<TR ACOPY="N" ADELETE="N" HEIGHT="30">
<TD ROWSPAN="4" VALIGN="MIDDLE" AUPDATECONT="N" ALIGN="CENTER" ENG="Amount" WIDTH="78" HEIGHT="136">금액</TD>
<TD ALIGN="CENTER" VALIGN="MIDDLE" AUPDATECONT="N" ENG="Amount established" WIDTH="149" HEIGHT="23">설정 금액 </TD>
<TE ACODE="ACC_STUP" VALIGN="MIDDLE" ALIGN="RIGHT" USERMARK="F-DU9  0X111111 BC0XF9F9F8" WIDTH="169" HEIGHT="23">19,347,777</TE>
<TE ACODE="ACC_RMRK1" VALIGN="MIDDLE" ALIGN="RIGHT" USERMARK="F-DU9  0X111111 BC0XF9F9F8" WIDTH="168" HEIGHT="23">19,347,777</TE>
</TR>

<TR ACOPY="N" ADELETE="N" HEIGHT="30">
<TD ALIGN="CENTER" VALIGN="MIDDLE" AUPDATECONT="N" ENG="Cancellation amount" WIDTH="149" HEIGHT="23">해지 금액 </TD>
<TE ACODE="ACC_CLS" VALIGN="MIDDLE" ALIGN="RIGHT" USERMARK="F-DU9  0X111111 BC0XF9F9F8" WIDTH="169" HEIGHT="23">3,512,433,160</TE>
<TE ACODE="ACC_RMRK2" VALIGN="MIDDLE" ALIGN="RIGHT" USERMARK="F-DU9  0X111111 BC0XF9F9F8" WIDTH="168" HEIGHT="23">3,512,433,160</TE>
</TR>

<TR ACOPY="N" ADELETE="N" HEIGHT="53">
<TD ALIGN="CENTER" VALIGN="MIDDLE" AUPDATECONT="N" ENG="Net redemption amount up to the previous year" WIDTH="149" HEIGHT="46">직전연도까지의순환매금액</TD>

<TE ACODE="ACC_RET" VALIGN="MIDDLE" ALIGN="RIGHT" WIDTH="169" HEIGHT="46">
<SPAN>1,314,660,212</SPAN>
</TE>

<TE ACODE="ACC_RMRK4" VALIGN="MIDDLE" ALIGN="RIGHT" WIDTH="168" HEIGHT="46">
<SPAN>1,314,660,212</SPAN>
</TE>
</TR>

<TR ACOPY="N" ADELETE="N" HEIGHT="30">
<TD ALIGN="CENTER" VALIGN="MIDDLE" AUPDATECONT="N" ENG="Increased or decreased" WIDTH="149" HEIGHT="23">증 감 </TD>
<TE ACODE="ACC_MRGN" VALIGN="MIDDLE" ALIGN="RIGHT" USERMARK="F-DU9  0XFF0000 BC0XF9F9F8" WIDTH="169" HEIGHT="23">-4,807,745,595</TE>
<TE ACODE="ACC_RMRK3" VALIGN="MIDDLE" ALIGN="RIGHT" USERMARK="F-DU9  0XFF0000 BC0XF9F9F8" WIDTH="168" HEIGHT="23">-4,807,745,595</TE>
</TR>

<TR ACOPY="N" ADELETE="N" HEIGHT="30">
<TD ROWSPAN="3" VALIGN="MIDDLE" AUPDATECONT="N" ALIGN="CENTER" ENG="Net assets" WIDTH="78" HEIGHT="83">순자산</TD>
<TD ALIGN="CENTER" VALIGN="MIDDLE" AUPDATECONT="N" ENG="Net assets at the beginning of the period" WIDTH="149" HEIGHT="23">기초 순자산 </TD>
<TE ACODE="ASST_BGN" VALIGN="MIDDLE" ALIGN="RIGHT" USERMARK="F-DU9  0X111111 BC0XF9F9F8" WIDTH="169" HEIGHT="23">4,321,364,437</TE>
<TD VALIGN="MIDDLE" ALIGN="RIGHT" WIDTH="168" HEIGHT="23">　</TD>
</TR>

<TR ACOPY="N" ADELETE="N" HEIGHT="30">
<TD ALIGN="CENTER" VALIGN="MIDDLE" AUPDATECONT="N" ENG="Net assets at the end of the period" WIDTH="149" HEIGHT="23">기말 순자산 </TD>
<TE ACODE="ASST_END" VALIGN="MIDDLE" ALIGN="RIGHT" USERMARK="F-DU9  0X111111 BC0XF9F9F8" WIDTH="169" HEIGHT="23">1,060,540,625</TE>
<TD VALIGN="MIDDLE" ALIGN="RIGHT" WIDTH="168" HEIGHT="23">　</TD>
</TR>

<TR ACOPY="N" ADELETE="N" HEIGHT="30">
<TD ALIGN="CENTER" VALIGN="MIDDLE" AUPDATECONT="N" ENG="Increased or decreased" WIDTH="149" HEIGHT="23">증 감 </TD>
<TE ACODE="ASST_MRGN" VALIGN="MIDDLE" ALIGN="RIGHT" USERMARK="F-DU9  0XFF0000 BC0XF9F9F8" WIDTH="169" HEIGHT="23">-3,260,823,812</TE>
<TD VALIGN="MIDDLE" ALIGN="RIGHT" WIDTH="168" HEIGHT="23">　</TD>
</TR>
</TBODY>
</TABLE>
</TABLE-GROUP>
</LIBRARY>

<P>(주1) 대상기간: 2025.03.06 ~ 2025.12.18 (직전회계연도)(주2) 발행분담금대상금액은 이익분배에 의한 재투자분을 제외합니다.</P>
<P USERMARK="B P16">나. 집합투자증권 발행 비용</P>
<P>해당사항 없음</P>
</SECTION-2>

<SECTION-2 ACLASS="MANDATORY">
<TITLE ATOC="Y" AASSOCNOTE="D-0-0-4-0" ATOCID="5" ENG="4. Matters related to the subscription, allotment, and underwriting">4. 청약, 배정 및 인수에 관한 사항</TITLE>
<P>해당사항 없음</P>
</SECTION-2>

<SECTION-2 ACLASS="MANDATORY">
<TITLE ATOC="Y" AASSOCNOTE="D-0-0-5-0" ATOCID="6" ENG="5. Matters related to listing and capital increase registration">5. 상장 및 증자등기에 관한 사항</TITLE>
<P>해당사항 없음</P>
</SECTION-2>

<SECTION-2 ACLASS="MANDATORY">
<TITLE ATOC="Y" AASSOCNOTE="D-0-0-6-0" ATOCID="7" ENG="6. Disclosure implementation status">6. 공시이행상황</TITLE>
<P USERMARK="B P16">가. 증권신고서 및 정정신고서 공시</P>

<TABLE ACLASS="NORMAL" AFIXTABLE="N" BORDER="1" WIDTH="602">

<COLGROUP WIDTH="602">
<COL WIDTH="96"></COL>
<COL WIDTH="337"></COL>
<COL WIDTH="169"></COL>
</COLGROUP>

<TBODY>

<TR ACOPY="Y" ADELETE="Y" HEIGHT="30">
<TD WIDTH="87" VALIGN="MIDDLE" ALIGN="CENTER" HEIGHT="23">공시일자</TD>
<TD WIDTH="328" VALIGN="MIDDLE" ALIGN="CENTER" HEIGHT="23">주요내용</TD>
<TD WIDTH="160" VALIGN="MIDDLE" ALIGN="CENTER" HEIGHT="23">비고</TD>
</TR>

<TR ACOPY="Y" ADELETE="Y" HEIGHT="30">
<TD VALIGN="MIDDLE" WIDTH="87" HEIGHT="23">2018.02.09</TD>
<TD WIDTH="328" VALIGN="MIDDLE" HEIGHT="23">일괄신고서 제출</TD>
<TD VALIGN="MIDDLE" WIDTH="160" HEIGHT="23"></TD>
</TR>

<TR ACOPY="Y" ADELETE="Y" HEIGHT="30">
<TD VALIGN="MIDDLE" WIDTH="87" HEIGHT="23">2018.02.23</TD>
<TD WIDTH="328" VALIGN="MIDDLE" HEIGHT="23">일괄신고서 정정</TD>
<TD VALIGN="MIDDLE" WIDTH="160" HEIGHT="23"></TD>
</TR>

<TR ACOPY="Y" ADELETE="Y" HEIGHT="30">
<TD VALIGN="MIDDLE" WIDTH="87" HEIGHT="23">2018.02.25</TD>
<TD WIDTH="328" VALIGN="MIDDLE" HEIGHT="23">일괄신고서 효력발생일</TD>
<TD VALIGN="MIDDLE" WIDTH="160" HEIGHT="23"></TD>
</TR>

<TR ACOPY="Y" ADELETE="Y" HEIGHT="53">
<TD VALIGN="MIDDLE" WIDTH="87" HEIGHT="46">2018.04.16</TD>
<TD WIDTH="328" VALIGN="MIDDLE" HEIGHT="46">부책임운용전문인력 변경(김혜미/최영완 → 김세희/최영완)</TD>
<TD VALIGN="MIDDLE" WIDTH="160" HEIGHT="46"></TD>
</TR>

<TR ACOPY="Y" ADELETE="Y" HEIGHT="30">
<TD VALIGN="MIDDLE" WIDTH="87" HEIGHT="23">2018.04.23</TD>
<TD WIDTH="328" VALIGN="MIDDLE" HEIGHT="23">일괄신고서 효력발생일</TD>
<TD VALIGN="MIDDLE" WIDTH="160" HEIGHT="23"></TD>
</TR>

<TR ACOPY="Y" ADELETE="Y" HEIGHT="53">
<TD VALIGN="MIDDLE" WIDTH="87" HEIGHT="46">2019.05.14</TD>
<TD WIDTH="328" VALIGN="MIDDLE" HEIGHT="46">정기갱신, 부책임운용전문인력 변경(김세희/최영완 → 김세희/김민규)</TD>
<TD VALIGN="MIDDLE" WIDTH="160" HEIGHT="46"></TD>
</TR>

<TR ACOPY="Y" ADELETE="Y" HEIGHT="30">
<TD VALIGN="MIDDLE" WIDTH="87" HEIGHT="23">2019.05.17</TD>
<TD WIDTH="328" VALIGN="MIDDLE" HEIGHT="23">일괄신고서 효력발생일</TD>
<TD VALIGN="MIDDLE" WIDTH="160" HEIGHT="23"></TD>
</TR>

<TR ACOPY="Y" ADELETE="Y" HEIGHT="53">
<TD VALIGN="MIDDLE" WIDTH="87" HEIGHT="46">2019.09.23</TD>
<TD WIDTH="328" VALIGN="MIDDLE" HEIGHT="46">기업공시서식 작성기준 개정 사항 반영에 따른 정정</TD>
<TD VALIGN="MIDDLE" WIDTH="160" HEIGHT="46"></TD>
</TR>

<TR ACOPY="Y" ADELETE="Y" HEIGHT="30">
<TD VALIGN="MIDDLE" WIDTH="87" HEIGHT="23">2019.09.25</TD>
<TD WIDTH="328" VALIGN="MIDDLE" HEIGHT="23">일괄신고서 효력발생일</TD>
<TD VALIGN="MIDDLE" WIDTH="160" HEIGHT="23"></TD>
</TR>

<TR ACOPY="Y" ADELETE="Y" HEIGHT="30">
<TD VALIGN="MIDDLE" WIDTH="87" HEIGHT="23">2020.05.18</TD>
<TD WIDTH="328" VALIGN="MIDDLE" HEIGHT="23">정기갱신 </TD>
<TD VALIGN="MIDDLE" WIDTH="160" HEIGHT="23"></TD>
</TR>

<TR ACOPY="Y" ADELETE="Y" HEIGHT="30">
<TD VALIGN="MIDDLE" WIDTH="87" HEIGHT="23">2020.05.22</TD>
<TD WIDTH="328" VALIGN="MIDDLE" HEIGHT="23">일괄신고서 효력발생일</TD>
<TD VALIGN="MIDDLE" WIDTH="160" HEIGHT="23"></TD>
</TR>

<TR ACOPY="Y" ADELETE="Y" HEIGHT="30">
<TD VALIGN="MIDDLE" WIDTH="87" HEIGHT="23">2021.05.20</TD>
<TD WIDTH="328" VALIGN="MIDDLE" HEIGHT="23">정기갱신</TD>
<TD VALIGN="MIDDLE" WIDTH="160" HEIGHT="23"></TD>
</TR>

<TR ACOPY="Y" ADELETE="Y" HEIGHT="30">
<TD VALIGN="MIDDLE" WIDTH="87" HEIGHT="23">2021.05.27</TD>
<TD WIDTH="328" VALIGN="MIDDLE" HEIGHT="23">일괄신고서 효력발생일</TD>
<TD VALIGN="MIDDLE" WIDTH="160" HEIGHT="23"></TD>
</TR>

<TR ACOPY="Y" ADELETE="Y" HEIGHT="30">
<TD VALIGN="MIDDLE" WIDTH="87" HEIGHT="23">2021.07.29</TD>
<TD WIDTH="328" VALIGN="MIDDLE" HEIGHT="23">투자자문 계약 종료 사전안내</TD>
<TD VALIGN="MIDDLE" WIDTH="160" HEIGHT="23"></TD>
</TR>

<TR ACOPY="Y" ADELETE="Y" HEIGHT="30">
<TD VALIGN="MIDDLE" WIDTH="87" HEIGHT="23">2021.08.04</TD>
<TD WIDTH="328" VALIGN="MIDDLE" HEIGHT="23">일괄신고서 효력발생일</TD>
<TD VALIGN="MIDDLE" WIDTH="160" HEIGHT="23"></TD>
</TR>

<TR ACOPY="Y" ADELETE="Y" HEIGHT="76">
<TD VALIGN="MIDDLE" WIDTH="87" HEIGHT="69">2021.12.23</TD>
<TD WIDTH="328" VALIGN="MIDDLE" HEIGHT="69">투자자문회사 계약종료에 따른 삭제. 집합투자업자보수율 인하. 부책임운용전문인력 변경(김세희/김민규 → 김세희/장위식)</TD>
<TD VALIGN="MIDDLE" WIDTH="160" HEIGHT="69"></TD>
</TR>

<TR ACOPY="Y" ADELETE="Y" HEIGHT="30">
<TD VALIGN="MIDDLE" WIDTH="87" HEIGHT="23">2021.12.31</TD>
<TD WIDTH="328" VALIGN="MIDDLE" HEIGHT="23">일괄신고서 효력발생일</TD>
<TD VALIGN="MIDDLE" WIDTH="160" HEIGHT="23"></TD>
</TR>

<TR ACOPY="Y" ADELETE="Y" HEIGHT="76">
<TD VALIGN="MIDDLE" WIDTH="87" HEIGHT="69">2022.05.06</TD>
<TD WIDTH="328" VALIGN="MIDDLE" HEIGHT="69">투자전략문구 추가/투자예시표 등 업데이트 등. 부책임운용전문인력 정정(김세희/장위식 → 이동명/정찬규). 정기갱신</TD>
<TD VALIGN="MIDDLE" WIDTH="160" HEIGHT="69"></TD>
</TR>

<TR ACOPY="Y" ADELETE="Y" HEIGHT="30">
<TD VALIGN="MIDDLE" WIDTH="87" HEIGHT="23">2022.05.12</TD>
<TD WIDTH="328" VALIGN="MIDDLE" HEIGHT="23">일괄신고서 효력발생일</TD>
<TD VALIGN="MIDDLE" WIDTH="160" HEIGHT="23"></TD>
</TR>

<TR ACOPY="Y" ADELETE="Y" HEIGHT="53">
<TD VALIGN="MIDDLE" WIDTH="87" HEIGHT="46">2023.05.17</TD>
<TD WIDTH="328" VALIGN="MIDDLE" HEIGHT="46">부책임운용전문인력 변경(이동명/정찬규 → 정찬규). 정기갱신</TD>
<TD VALIGN="MIDDLE" WIDTH="160" HEIGHT="46"></TD>
</TR>

<TR ACOPY="Y" ADELETE="Y" HEIGHT="30">
<TD VALIGN="MIDDLE" WIDTH="87" HEIGHT="23">2023.05.24</TD>
<TD WIDTH="328" VALIGN="MIDDLE" HEIGHT="23">일괄신고서 효력발생일</TD>
<TD VALIGN="MIDDLE" WIDTH="160" HEIGHT="23"></TD>
</TR>

<TR ACOPY="Y" ADELETE="Y" HEIGHT="30">
<TD VALIGN="MIDDLE" WIDTH="87" HEIGHT="23">2024.05.10</TD>
<TD WIDTH="328" VALIGN="MIDDLE" HEIGHT="23">정기갱신. 기업공시서식 개정사항 반영</TD>
<TD VALIGN="MIDDLE" WIDTH="160" HEIGHT="23"></TD>
</TR>

<TR ACOPY="Y" ADELETE="Y" HEIGHT="30">
<TD VALIGN="MIDDLE" WIDTH="87" HEIGHT="23">2024.05.17</TD>
<TD WIDTH="328" VALIGN="MIDDLE" HEIGHT="23">일괄신고서 효력발생일</TD>
<TD VALIGN="MIDDLE" WIDTH="160" HEIGHT="23"></TD>
</TR>

<TR ACOPY="Y" ADELETE="Y" HEIGHT="53">
<TD VALIGN="MIDDLE" WIDTH="87" HEIGHT="46">2024.09.06</TD>
<TD WIDTH="328" VALIGN="MIDDLE" HEIGHT="46">S 계열 클래스 집합투자증권 정의 정정. 예금자보호법 개정사항 반영. 일반사무관리회사명 변경</TD>
<TD VALIGN="MIDDLE" WIDTH="160" HEIGHT="46"></TD>
</TR>

<TR ACOPY="Y" ADELETE="Y" HEIGHT="30">
<TD VALIGN="MIDDLE" WIDTH="87" HEIGHT="23">2024.09.13</TD>
<TD WIDTH="328" VALIGN="MIDDLE" HEIGHT="23">일괄신고서 효력발생일</TD>
<TD VALIGN="MIDDLE" WIDTH="160" HEIGHT="23"></TD>
</TR>

<TR ACOPY="Y" ADELETE="Y" HEIGHT="53">
<TD VALIGN="MIDDLE" WIDTH="87" HEIGHT="46">2024.12.17</TD>
<TD WIDTH="328" VALIGN="MIDDLE" HEIGHT="46">부책임운용전문인력 변경(정찬규→정찬규/전연경)</TD>
<TD VALIGN="MIDDLE" WIDTH="160" HEIGHT="46"></TD>
</TR>

<TR ACOPY="Y" ADELETE="Y" HEIGHT="30">
<TD VALIGN="MIDDLE" WIDTH="87" HEIGHT="23">2024.12.24</TD>
<TD WIDTH="328" VALIGN="MIDDLE" HEIGHT="23">일괄신고서 효력발생일</TD>
<TD VALIGN="MIDDLE" WIDTH="160" HEIGHT="23"></TD>
</TR>

<TR ACOPY="Y" ADELETE="Y" HEIGHT="30">
<TD VALIGN="MIDDLE" WIDTH="87" HEIGHT="23">2025.05.08</TD>
<TD WIDTH="328" VALIGN="MIDDLE" HEIGHT="23">정기갱신. 소득세법 개정사항 반영</TD>
<TD VALIGN="MIDDLE" WIDTH="160" HEIGHT="23"></TD>
</TR>

<TR ACOPY="Y" ADELETE="Y" HEIGHT="30">
<TD VALIGN="MIDDLE" WIDTH="87" HEIGHT="23">2025.05.15</TD>
<TD WIDTH="328" VALIGN="MIDDLE" HEIGHT="23">일괄신고서 효력발생일</TD>
<TD VALIGN="MIDDLE" WIDTH="160" HEIGHT="23"></TD>
</TR>

<TR ACOPY="Y" ADELETE="Y" HEIGHT="53">
<TD VALIGN="MIDDLE" WIDTH="87" HEIGHT="46">2025.08.12</TD>
<TD WIDTH="328" VALIGN="MIDDLE" HEIGHT="46">모투자신탁 추가. 목표 헤지비율 정정 운용전문인력 변경</TD>
<TD VALIGN="MIDDLE" WIDTH="160" HEIGHT="46"></TD>
</TR>

<TR ACOPY="Y" ADELETE="Y" HEIGHT="30">
<TD VALIGN="MIDDLE" WIDTH="87" HEIGHT="23">2025.08.19</TD>
<TD WIDTH="328" VALIGN="MIDDLE" HEIGHT="23">일괄신고서 효력발생일</TD>
<TD VALIGN="MIDDLE" WIDTH="160" HEIGHT="23"></TD>
</TR>

<TR ACOPY="Y" ADELETE="Y" HEIGHT="30">
<TD VALIGN="MIDDLE" WIDTH="87" HEIGHT="23">2025.10.14</TD>
<TD WIDTH="328" VALIGN="MIDDLE" HEIGHT="23">환매주기 정정</TD>
<TD VALIGN="MIDDLE" WIDTH="160" HEIGHT="23"></TD>
</TR>

<TR ACOPY="Y" ADELETE="Y" HEIGHT="30">
<TD VALIGN="MIDDLE" WIDTH="87" HEIGHT="23">2025.10.21</TD>
<TD WIDTH="328" VALIGN="MIDDLE" HEIGHT="23">일괄신고서 효력발생일</TD>
<TD VALIGN="MIDDLE" WIDTH="160" HEIGHT="23"></TD>
</TR>
</TBODY>
</TABLE>
<P USERMARK="B P16">나. 투자설명서 공시</P>

<TABLE ACLASS="NORMAL" AFIXTABLE="N" BORDER="1" WIDTH="602">

<COLGROUP WIDTH="602">
<COL WIDTH="96"></COL>
<COL WIDTH="337"></COL>
<COL WIDTH="169"></COL>
</COLGROUP>

<TBODY>

<TR ACOPY="Y" ADELETE="Y" HEIGHT="30">
<TD WIDTH="87" HEIGHT="23" ALIGN="CENTER" VALIGN="MIDDLE">공시일자</TD>
<TD WIDTH="328" HEIGHT="23" ALIGN="CENTER" VALIGN="MIDDLE">주요내용</TD>
<TD WIDTH="160" HEIGHT="23" ALIGN="CENTER" VALIGN="MIDDLE">비고</TD>
</TR>

<TR ACOPY="Y" ADELETE="Y" HEIGHT="30">
<TD WIDTH="87" HEIGHT="23" VALIGN="MIDDLE">2018.02.27</TD>
<TD WIDTH="328" HEIGHT="23" VALIGN="MIDDLE">투자설명서 제출</TD>
<TD WIDTH="160" HEIGHT="23" VALIGN="MIDDLE"></TD>
</TR>

<TR ACOPY="Y" ADELETE="Y" HEIGHT="53">
<TD WIDTH="87" HEIGHT="46" VALIGN="MIDDLE">2018.04.23</TD>
<TD WIDTH="328" HEIGHT="46" VALIGN="MIDDLE">부책임운용전문인력 변경(김혜미/최영완 → 김세희/최영완)</TD>
<TD WIDTH="160" HEIGHT="46" VALIGN="MIDDLE"></TD>
</TR>

<TR ACOPY="Y" ADELETE="Y" HEIGHT="53">
<TD WIDTH="87" HEIGHT="46" VALIGN="MIDDLE">2019.05.17</TD>
<TD WIDTH="328" HEIGHT="46" VALIGN="MIDDLE">정기갱신, 부책임운용전문인력 변경(김세희/최영완 → 김세희/김민규)</TD>
<TD WIDTH="160" HEIGHT="46" VALIGN="MIDDLE"></TD>
</TR>

<TR ACOPY="Y" ADELETE="Y" HEIGHT="53">
<TD WIDTH="87" HEIGHT="46" VALIGN="MIDDLE">2019.09.25</TD>
<TD WIDTH="328" HEIGHT="46" VALIGN="MIDDLE">기업공시서식 작성기준 개정 사항 반영에 따른 정정</TD>
<TD WIDTH="160" HEIGHT="46" VALIGN="MIDDLE"></TD>
</TR>

<TR ACOPY="Y" ADELETE="Y" HEIGHT="30">
<TD WIDTH="87" HEIGHT="23" VALIGN="MIDDLE">2020.05.25</TD>
<TD WIDTH="328" HEIGHT="23" VALIGN="MIDDLE">정기갱신 </TD>
<TD WIDTH="160" HEIGHT="23" VALIGN="MIDDLE"></TD>
</TR>

<TR ACOPY="Y" ADELETE="Y" HEIGHT="30">
<TD WIDTH="87" HEIGHT="23" VALIGN="MIDDLE">2021.05.27</TD>
<TD WIDTH="328" HEIGHT="23" VALIGN="MIDDLE">정기갱신</TD>
<TD WIDTH="160" HEIGHT="23" VALIGN="MIDDLE"></TD>
</TR>

<TR ACOPY="Y" ADELETE="Y" HEIGHT="30">
<TD WIDTH="87" HEIGHT="23" VALIGN="MIDDLE">2021.08.04</TD>
<TD WIDTH="328" HEIGHT="23" VALIGN="MIDDLE">투자자문 계약 종료 사전안내</TD>
<TD WIDTH="160" HEIGHT="23" VALIGN="MIDDLE"></TD>
</TR>

<TR ACOPY="Y" ADELETE="Y" HEIGHT="76">
<TD WIDTH="87" HEIGHT="69" VALIGN="MIDDLE">2021.12.31</TD>
<TD WIDTH="328" HEIGHT="69" VALIGN="MIDDLE">투자자문회사 계약종료에 따른 삭제. 집합투자업자보수율 인하. 부책임운용전문인력 변경(김세희/김민규 → 김세희/장위식)</TD>
<TD WIDTH="160" HEIGHT="69" VALIGN="MIDDLE"></TD>
</TR>

<TR ACOPY="Y" ADELETE="Y" HEIGHT="76">
<TD WIDTH="87" HEIGHT="69" VALIGN="MIDDLE">2022.05.12</TD>
<TD WIDTH="328" HEIGHT="69" VALIGN="MIDDLE">투자전략문구 추가/투자예시표 등 업데이트 등. 부책임운용전문인력 정정(김세희/장위식 → 이동명/정찬규). 정기갱신</TD>
<TD WIDTH="160" HEIGHT="69" VALIGN="MIDDLE"></TD>
</TR>

<TR ACOPY="Y" ADELETE="Y" HEIGHT="76">
<TD WIDTH="87" HEIGHT="69" VALIGN="MIDDLE">2023.05.24</TD>
<TD WIDTH="328" HEIGHT="69" VALIGN="MIDDLE">부책임운용전문인력 변경(이동명/정찬규 → 정찬규). 정기갱신</TD>
<TD WIDTH="160" HEIGHT="69" VALIGN="MIDDLE"></TD>
</TR>

<TR ACOPY="Y" ADELETE="Y" HEIGHT="30">
<TD WIDTH="87" HEIGHT="23" VALIGN="MIDDLE">2024.05.17</TD>
<TD WIDTH="328" HEIGHT="23" VALIGN="MIDDLE">정기갱신. 기업공시서식 개정사항 반영</TD>
<TD WIDTH="160" HEIGHT="23" VALIGN="MIDDLE"></TD>
</TR>

<TR ACOPY="Y" ADELETE="Y" HEIGHT="76">
<TD WIDTH="87" HEIGHT="69" VALIGN="MIDDLE">2024.09.13</TD>
<TD WIDTH="328" HEIGHT="69" VALIGN="MIDDLE">S 계열 클래스 집합투자증권 정의 정정. 예금자보호법 개정사항 반영. 일반사무관리회사명 변경</TD>
<TD WIDTH="160" HEIGHT="69" VALIGN="MIDDLE"></TD>
</TR>

<TR ACOPY="Y" ADELETE="Y" HEIGHT="53">
<TD WIDTH="87" HEIGHT="46" VALIGN="MIDDLE">2024.12.24</TD>
<TD WIDTH="328" HEIGHT="46" VALIGN="MIDDLE">부책임운용전문인력 변경(정찬규→정찬규/전연경)</TD>
<TD WIDTH="160" HEIGHT="46" VALIGN="MIDDLE"></TD>
</TR>

<TR ACOPY="Y" ADELETE="Y" HEIGHT="53">
<TD WIDTH="87" HEIGHT="46" VALIGN="MIDDLE">2025.05.15</TD>
<TD WIDTH="328" HEIGHT="46" VALIGN="MIDDLE">정기갱신. 소득세법 개정사항 반영</TD>
<TD WIDTH="160" HEIGHT="46" VALIGN="MIDDLE"></TD>
</TR>

<TR ACOPY="Y" ADELETE="Y" HEIGHT="53">
<TD WIDTH="87" HEIGHT="46" VALIGN="MIDDLE">2025.08.19</TD>
<TD WIDTH="328" HEIGHT="46" VALIGN="MIDDLE">모투자신탁 추가. 목표 헤지비율 정정 운용전문인력 변경</TD>
<TD WIDTH="160" HEIGHT="46" VALIGN="MIDDLE"></TD>
</TR>

<TR ACOPY="Y" ADELETE="Y" HEIGHT="53">
<TD WIDTH="87" HEIGHT="46" VALIGN="MIDDLE">2025.10.21</TD>
<TD WIDTH="328" HEIGHT="46" VALIGN="MIDDLE">환매주기 정정</TD>
<TD WIDTH="160" HEIGHT="46" VALIGN="MIDDLE"></TD>
</TR>
</TBODY>
</TABLE>
<P USERMARK="B P16">다. 증권발행실적보고서 공시</P>

<TABLE ACLASS="NORMAL" AFIXTABLE="N" BORDER="1" WIDTH="602">

<COLGROUP WIDTH="602">
<COL WIDTH="96"></COL>
<COL WIDTH="337"></COL>
<COL WIDTH="169"></COL>
</COLGROUP>

<TBODY>

<TR ACOPY="Y" ADELETE="Y" HEIGHT="30">
<TD WIDTH="87" ALIGN="CENTER" VALIGN="MIDDLE" HEIGHT="23">공시일자</TD>
<TD WIDTH="328" ALIGN="CENTER" VALIGN="MIDDLE" HEIGHT="23">주요내용</TD>
<TD WIDTH="160" ALIGN="CENTER" VALIGN="MIDDLE" HEIGHT="23">비고</TD>
</TR>

<TR ACOPY="Y" ADELETE="Y" HEIGHT="30">
<TD VALIGN="MIDDLE" WIDTH="87" HEIGHT="23">2019.04.26</TD>
<TD VALIGN="MIDDLE" WIDTH="328" HEIGHT="23">발행실적보고서 제출</TD>
<TD VALIGN="MIDDLE" WIDTH="160" HEIGHT="23"></TD>
</TR>

<TR ACOPY="Y" ADELETE="Y" HEIGHT="30">
<TD VALIGN="MIDDLE" WIDTH="87" HEIGHT="23">2020.04.07</TD>
<TD VALIGN="MIDDLE" WIDTH="328" HEIGHT="23">발행실적보고서 제출</TD>
<TD VALIGN="MIDDLE" WIDTH="160" HEIGHT="23"></TD>
</TR>

<TR ACOPY="Y" ADELETE="Y" HEIGHT="30">
<TD VALIGN="MIDDLE" WIDTH="87" HEIGHT="23">2021.04.14</TD>
<TD VALIGN="MIDDLE" WIDTH="328" HEIGHT="23">발행실적보고서 제출</TD>
<TD VALIGN="MIDDLE" WIDTH="160" HEIGHT="23"></TD>
</TR>

<TR ACOPY="Y" ADELETE="Y" HEIGHT="30">
<TD VALIGN="MIDDLE" WIDTH="87" HEIGHT="23">2022.04.06</TD>
<TD VALIGN="MIDDLE" WIDTH="328" HEIGHT="23">발행실적보고서 제출</TD>
<TD VALIGN="MIDDLE" WIDTH="160" HEIGHT="23"></TD>
</TR>

<TR ACOPY="Y" ADELETE="Y" HEIGHT="30">
<TD VALIGN="MIDDLE" WIDTH="87" HEIGHT="23">2023.03.28</TD>
<TD VALIGN="MIDDLE" WIDTH="328" HEIGHT="23">발행실적보고서 제출</TD>
<TD VALIGN="MIDDLE" WIDTH="160" HEIGHT="23"></TD>
</TR>

<TR ACOPY="Y" ADELETE="Y" HEIGHT="30">
<TD VALIGN="MIDDLE" WIDTH="87" HEIGHT="23">2024.04.01</TD>
<TD VALIGN="MIDDLE" WIDTH="328" HEIGHT="23">발행실적보고서 제출</TD>
<TD VALIGN="MIDDLE" WIDTH="160" HEIGHT="23"></TD>
</TR>

<TR ACOPY="Y" ADELETE="Y" HEIGHT="30">
<TD VALIGN="MIDDLE" WIDTH="87" HEIGHT="23">2025.03.24</TD>
<TD VALIGN="MIDDLE" WIDTH="328" HEIGHT="23">발행실적보고서 제출</TD>
<TD VALIGN="MIDDLE" WIDTH="160" HEIGHT="23"></TD>
</TR>
</TBODY>
</TABLE>
</SECTION-2>
</SECTION-1>
</BODY>
</DOCUMENT>