<html>
 <head> 
  <meta content="gdi" http-equiv="X-UA-TextLayoutMetrics"> 
  <meta content="text/html; charset=euc-kr" http-equiv="Content-Type"> 
  <STYLE>
.xforms * { font-family: 돋움체;}
.xforms_title * { font-size: 13pt; padding : 0 0 10 0;}

.xforms table {
    font-size: 10px;
    padding:0px;
    border-collapse:collapse;
    color: #3D3D3D;
}
.xforms td {
    padding-left:0px;
    padding-top:0px;
    border-collapse:collapse;
    line-height:22px;
    color: #3D3D3D;
    /*text-align:right;*/
    vertical-align:middle;
    border: 1px solid #7f7f7f;
}

.xforms span {
    /*display: inline-block;*/
    padding-left:3px;
    padding-right: 1px;
    line-height:22px;
    padding-top:0px;
    padding-bottom:0px;
    text-align:left;
    vertical-align:middle;
    border: 0px solid #DBDBDB;
}

.xforms.img{
    border : 0px;
}

.xforms a:link {

    color: #194866;
    text-decoration: none;
}
.xforms a:active {

    color: #194866;
    text-decoration: none;
}
.xforms a:visited {
    color: #194866;
    text-decoration: none;
}

.xforms A:hover {
    color:008BE3;
    text-decoration: none;
}

.xforms_input{
    border: 0px solid #DBDBDB;
    padding-left:3px;
    padding-right: 1px;
    height:22px;
    padding-top:0px;
    padding-bottom:0px;
    text-align:left;
}
</STYLE> 
  <title>에코마케팅/최대주주 변경을 수반하는 주식양수도 계약 체결/(2026.01.05)최대주주 변경을 수반하는 주식양수도 계약 체결</title> 
 </head> 
 <body> 
  <div class="xforms"> 
   <div> 
    <div id="LIB_LC000" style="width:600px;font-size:10pt;;padding:0 0 20 0"> 
     <div> 
      <div> 
       <span style="width:600px;font-size:10pt;font-weight:bold;text-align:center;">정정신고(보고)</span> 
       <table border="0" bordercolordark="white" bordercolorlight="#666666" cellpadding="1" cellspacing="0" id="XFormD8_Form0_Table1" style="margin:0px 0px 20px 0px;width:600px;font-size:10pt;"> 
        <tbody> 
         <tr> 
          <td width="434"> <span style="width:434px;font-size:10pt;text-align:right;">정정일자</span> </td> 
          <td width="166"> <span class="xforms_input" style="width:166px;font-size:10pt;">2026-01-05</span> </td> 
         </tr> 
        </tbody> 
       </table> 
       <table border="1" bordercolordark="white" bordercolorlight="#666666" cellpadding="1" cellspacing="0" id="XFormD8_Form0_RepeatTable0" style="margin:0px 0px 20px 0px;width:600px;font-size:10pt;border:1px solid #7f7f7f;"> 
        <tbody> 
         <tr> 
          <td width="200"> <span style="width:200px;font-size:10pt;">1. 정정관련 공시서류</span> </td> 
          <td colspan="2" width="400"> <span class="xforms_input" style="width:400px;font-size:10pt;">최대주주 변경을 수반하는 주식양수도 계약 체결</span> </td> 
         </tr> 
         <tr> 
          <td width="200"> <span style="width:200px;font-size:10pt;">2. 정정관련 공시서류제출일</span> </td> 
          <td colspan="2" width="400"> <span class="xforms_input" style="width:400px;font-size:10pt;">2026-01-02</span> </td> 
         </tr> 
         <tr> 
          <td width="200"> <span style="width:200px;font-size:10pt;">3. 정정사유</span> </td> 
          <td colspan="2" width="400"> <span class="xforms_input" style="width:400px;font-size:10pt;">양수도 대금의 지급일정 및 지급조건 등에 관한 사항 추가 기재</span> </td> 
         </tr> 
         <tr> 
          <td colspan="3" width="600"> <span style="width:600px;font-size:10pt;">4. 정정사항</span> </td> 
         </tr> 
         <tr> 
          <td width="200"> <span style="width:200px;font-size:10pt;text-align:center;">정정항목</span> </td> 
          <td width="200"> <span style="width:200px;font-size:10pt;text-align:center;">정정전</span> </td> 
          <td width="200"> <span style="width:200px;font-size:10pt;text-align:center;">정정후</span> </td> 
         </tr> 
         <tr> 
          <td width="200"> <span class="xforms_input" style="width:200px;font-size:10pt;">양수도 대금의 지급일정 및 지급조건 등에 관한 사항</span> </td> 
          <td width="200"> <span class="xforms_input" style="width:200px;font-size:10pt;">-</span> </td> 
          <td width="200"> <span class="xforms_input" style="width:200px;font-size:10pt;">7. 경영권 이전에 관한 사항 <br java="http://xml.apache.org/xalan/java">양도인들은 향후 거래종결시 양수인이 지정한 개인들을 등기이사 및 감사로 선임하기 위한 주주총회를 개최할 예정입니다. 단, 양수인이 공개매수를 통해 발행주식 총수의46% 이상을 추가로 취득하는 경우, 본 계약의 거래 종결과 무관하게 당사의 임원 변경이 진행될 수 있습니다.</span> </td> 
         </tr> 
        </tbody> 
       </table> 
       <table border="1" bordercolordark="white" bordercolorlight="#666666" cellpadding="1" cellspacing="0" id="XFormD8_Form0_Table0" style="margin:0px 0px 20px 0px;width:599px;font-size:10pt;border:1px solid #7f7f7f;"> 
        <tbody> 
         <tr> 
          <td width="599"> <span class="xforms_input" style="width:599px;font-size:10pt;">-</span> </td> 
         </tr> 
        </tbody> 
       </table> 
      </div> 
     </div> 
    </div> 
    <div class="xforms_title"> 
     <div> 
      <span style="width:598px;font-weight:bold;text-align:center;">최대주주 변경을 수반하는 주식양수도 계약 체결</span> 
     </div> 
    </div> 
    <span class="noprint" style="display:none;width:600px;font-size:10pt;"> </span> 
    <table border="1" bordercolordark="white" bordercolorlight="#666666" cellpadding="1" cellspacing="0" id="XFormD2_Form0_Table0" style="margin:0px 0px 20px 0px;width:596px;font-size:10pt;border:1px solid #666666;"> 
     <tbody> 
      <tr> 
       <td rowspan="2" width="110"> <span style="width:110px;font-size:10pt;">1. 계약 당사자</span> </td> 
       <td width="151"> <span style="width:151px;font-size:10pt;">-양도인</span> </td> 
       <td width="105"> <span class="xforms_input" style="width:105px;font-size:10pt;">김철웅 외 1인</span> </td> 
       <td width="124"> <span style="width:124px;font-size:10pt;text-align:center;">회사와의 관계</span> </td> 
       <td width="106"> <span class="xforms_input" style="width:106px;font-size:10pt;">최대주주</span> </td> 
      </tr> 
      <tr> 
       <td width="151"> <span style="width:151px;font-size:10pt;">-양수인</span> </td> 
       <td width="105"> <span class="xforms_input" style="width:105px;font-size:10pt;">비씨피이이에이비드코원(주)</span> </td> 
       <td width="124"> <span style="width:124px;font-size:10pt;text-align:center;">회사와의 관계</span> </td> 
       <td width="106"> <span class="xforms_input" style="width:106px;font-size:10pt;">변경 후 최대주주</span> </td> 
      </tr> 
      <tr> 
       <td rowspan="3" width="110"> <span style="width:110px;font-size:10pt;">2. 계약 내역</span> </td> 
       <td width="151"> <span style="width:151px;font-size:10pt;">양수도 주식수(주)</span> </td> 
       <td colspan="3" width="335"> <span class="xforms_input" style="width:335px;font-size:10pt;text-align:right;">13,534,558</span> </td> 
      </tr> 
      <tr> 
       <td width="151"> <span style="width:151px;font-size:10pt;">1주당 가액(원)</span> </td> 
       <td colspan="3" width="335"> <span class="xforms_input" style="width:335px;font-size:10pt;text-align:right;">16,000</span> </td> 
      </tr> 
      <tr> 
       <td width="151"> <span style="width:151px;font-size:10pt;">양수도 대금(원)</span> </td> 
       <td colspan="3" width="335"> <span class="xforms_input" style="width:335px;font-size:10pt;text-align:right;">216,552,928,000</span> </td> 
      </tr> 
      <tr> 
       <td colspan="2" width="261"> <span style="width:261px;font-size:10pt;">-양수도 대금의 지급일정 및 지급조건 등에 관한 사항</span> </td> 
       <td colspan="3" width="335"> <span class="xforms_input" style="width:335px;font-size:10pt;">당사의 최대주주인 김철웅 외 1인은 보유주식 전량 보통주 13,534,558주(지분율 43.66%)를 비씨피이이에이비드코원(주)에게 아래와 같이 양도하는 주식매매계약(Share Purchase Agreement, 이하 "본 계약")을 체결하였습니다. <br xmlns:java="http://xml.apache.org/xalan/java"> <br xmlns:java="http://xml.apache.org/xalan/java">1. 계약체결일 : 2025년 12월 31일 <br xmlns:java="http://xml.apache.org/xalan/java"> <br xmlns:java="http://xml.apache.org/xalan/java">2. 총 양수도 금액 : 216,552,928,000원 <br xmlns:java="http://xml.apache.org/xalan/java">
         <!--?javax.xml.transform.disable-output-escaping?--> 
         <!--?javax.xml.transform.enable-output-escaping?-->- 양도인별 양수도 금액 <br xmlns:java="http://xml.apache.org/xalan/java">(1) 김철웅 : 183,696,128,000원 (11,481,008주) <br xmlns:java="http://xml.apache.org/xalan/java">(2) (주)에이아이마케팅그룹 : 32,856,800,000원 (2,053,550주) <br xmlns:java="http://xml.apache.org/xalan/java"> <br xmlns:java="http://xml.apache.org/xalan/java">3. 계약당사자 <br xmlns:java="http://xml.apache.org/xalan/java">(1) 양도인 : 김철웅 외 1인 <br xmlns:java="http://xml.apache.org/xalan/java">(2) 양수인 : 비씨피이이에이비드코원(주) <br xmlns:java="http://xml.apache.org/xalan/java"> <br xmlns:java="http://xml.apache.org/xalan/java">4. 대금지급 일정 및 조건 <br xmlns:java="http://xml.apache.org/xalan/java">(1) 계약금 : 해당사항 없음 <br xmlns:java="http://xml.apache.org/xalan/java">(2) 잔금 : 216,552,928,000원 (100%) <br xmlns:java="http://xml.apache.org/xalan/java">(3) 잔금 지급일 : 거래종결 시 <br xmlns:java="http://xml.apache.org/xalan/java"> <br xmlns:java="http://xml.apache.org/xalan/java">5. 거래종결 <br xmlns:java="http://xml.apache.org/xalan/java">(ⅰ) (x)2026년 3월 31일 또는 (y)본 계약상 거래종결의 선행조건이 모두 충족되는 것을 전제로, 충족된 날로부터 15영업일이 되는 날 중 늦은 날 또는 (ⅱ)당사자들이 달리 합의하는 날에 거래종결 하기로 한다. <br xmlns:java="http://xml.apache.org/xalan/java"> <br xmlns:java="http://xml.apache.org/xalan/java">6. 거래종결일에 양수인은 각 양도인에게 양도인별 양수도 금액을 지급하여야 한다. <br xmlns:java="http://xml.apache.org/xalan/java"> <br xmlns:java="http://xml.apache.org/xalan/java">7. 경영권 이전에 관한 사항 <br xmlns:java="http://xml.apache.org/xalan/java">양도인들은 향후 거래종결시 양수인이 지정한 개인들을 등기이사 및 감사로 선임하기 위한 주주총회를 개최할 예정입니다. 단, 양수인이 공개매수를 통해 발행주식 총수의46% 이상을 추가로 취득하는 경우, 본 계약의 거래 종결과 무관하게 당사의 임원 변경이 진행될 수 있습니다.</span> </td> 
      </tr> 
      <tr> 
       <td colspan="2" width="261"> <span style="width:261px;font-size:10pt;">-양수도 주식의 의무보유 여부</span> </td> 
       <td colspan="3" width="335"> <span class="xforms_input" style="width:335px;font-size:10pt;">아니오</span> </td> 
      </tr> 
      <tr> 
       <td colspan="2" width="261"> <span style="width:261px;font-size:10pt;">3. 변경예정 최대주주</span> </td> 
       <td colspan="3" width="335"> <span class="xforms_input" style="width:335px;font-size:10pt;">비씨피이이에이비드코원(주)</span> </td> 
      </tr> 
      <tr> 
       <td colspan="2" width="261"> <span style="width:261px;font-size:10pt;">-변경 예정일자</span> </td> 
       <td colspan="3" width="335"> <span class="xforms_input" style="width:335px;font-size:10pt;">2026-03-31</span> </td> 
      </tr> 
      <tr> 
       <td colspan="2" width="261"> <span style="width:261px;font-size:10pt;">-예정 소유주식수(주)</span> </td> 
       <td colspan="3" width="335"> <span class="xforms_input" style="width:335px;font-size:10pt;text-align:right;">13,534,558</span> </td> 
      </tr> 
      <tr> 
       <td colspan="2" width="261"> <span style="width:261px;font-size:10pt;">-예정 소유비율(%)</span> </td> 
       <td colspan="3" width="335"> <span class="xforms_input" style="width:335px;font-size:10pt;text-align:right;">43.66</span> </td> 
      </tr> 
      <tr> 
       <td colspan="2" width="261"> <span style="width:261px;font-size:10pt;">4. 계약일자</span> </td> 
       <td colspan="3" width="335"> <span class="xforms_input" style="width:335px;font-size:10pt;">2025-12-31</span> </td> 
      </tr> 
      <tr> 
       <td colspan="2" rowspan="2" width="261"> <span style="width:261px;font-size:10pt;">5. 기타 투자판단에 참고할 사항</span> </td> 
       <td colspan="3" width="335"> <span class="xforms_input" style="width:335px;font-size:10pt;">- 본 계약과 별개로 양수인은 당사 발행 잔여 보통주식을 취득하기 위한 공개매수 절차를 진행할 예정입니다. <br xmlns:java="http://xml.apache.org/xalan/java"> <br xmlns:java="http://xml.apache.org/xalan/java">
         <!--?javax.xml.transform.disable-output-escaping?--> 
         <!--?javax.xml.transform.enable-output-escaping?-->- 양수인이 최대주주의 변경과 관련하여 양수하거나 취득하는 주식은 코스닥시장 상장규정 제51조에 따라 최대주주 변경 후 1년간 의무보유 대상이 됩니다. 양수인은 본 계약과 당사 발행 잔여 보통주식을 취득하기 위한 공개매수 절차를 진행하는 바, 의무보유의 범위는 한국거래소 협의 결과에 따라 달라질 수 있습니다. <br xmlns:java="http://xml.apache.org/xalan/java"> <br xmlns:java="http://xml.apache.org/xalan/java">
         <!--?javax.xml.transform.disable-output-escaping?--> 
         <!--?javax.xml.transform.enable-output-escaping?-->- 상기 3.변경 예정일자는 거래종결(예정)일이며, 이는 거래종결 선행조건 충족일시 및 당사자간 합의 등에 의하여 변경될 수 있습니다. <br xmlns:java="http://xml.apache.org/xalan/java"> <br xmlns:java="http://xml.apache.org/xalan/java">
         <!--?javax.xml.transform.disable-output-escaping?--> 
         <!--?javax.xml.transform.enable-output-escaping?-->- 최대주주변경 확정시 '최대주주변경' 공시를 진행할 예정입니다. <br xmlns:java="http://xml.apache.org/xalan/java"> <br xmlns:java="http://xml.apache.org/xalan/java">
         <!--?javax.xml.transform.disable-output-escaping?--> 
         <!--?javax.xml.transform.enable-output-escaping?-->- 본 계약의 내용은 본 계약 당사자들간 상호 합의에 따라 변경될 수 있으며, 중요사항이 변경되는 경우 관련 공시를 통해 안내할 예정입니다.</span> </td> 
      </tr> 
      <tr> 
       <td width="105"> <span style="width:105px;font-size:10pt;">※관련공시</span> </td> 
       <td colspan="2" width="230"> <span class="xforms_input" style="width:230px;font-size:10pt;">-</span> </td> 
      </tr> 
     </tbody> 
    </table> 
    <span style="width:598px;font-size:11pt;font-weight:bold;">[세부변경내역]</span> 
    <table border="1" bordercolordark="white" bordercolorlight="#666666" cellpadding="1" cellspacing="0" id="XFormD7_Form0_RepeatTable0" style="margin:0px 0px 20px 0px;width:602px;font-size:10pt;text-align:center;border:1px solid #7f7f7f;"> 
     <tbody> 
      <tr> 
       <td rowspan="2" width="86"> <span style="width:86px;font-size:10pt;text-align:center;">성명(법인명, 조합명, 기타 단체명)</span> </td> 
       <td rowspan="2" width="105"> <span style="width:105px;font-size:10pt;text-align:center;">관계</span> </td> 
       <td colspan="2" width="170"> <span style="width:170px;font-size:10pt;text-align:center;">변경전</span> </td> 
       <td colspan="2" width="173"> <span style="width:173px;font-size:10pt;text-align:center;">변경후</span> </td> 
       <td rowspan="2" width="68"> <span style="width:68px;font-size:10pt;text-align:center;">비고</span> </td> 
      </tr> 
      <tr> 
       <td width="86"> <span style="width:86px;font-size:10pt;text-align:center;">주식수</span> </td> 
       <td width="84"> <span style="width:84px;font-size:10pt;text-align:center;">지분율(%)</span> </td> 
       <td width="90"> <span style="width:90px;font-size:10pt;text-align:center;">주식수</span> </td> 
       <td width="83"> <span style="width:83px;font-size:10pt;text-align:center;">지분율(%)</span> </td> 
      </tr> 
      <tr> 
       <td width="86"> <span class="xforms_input" style="width:86px;font-size:10pt;">김철웅</span> </td> 
       <td width="105"> <span class="xforms_input" style="width:105px;font-size:10pt;">변경전 최대주주</span> </td> 
       <td width="86"> <span class="xforms_input" style="width:86px;font-size:10pt;text-align:right;">11,481,008</span> </td> 
       <td width="84"> <span class="xforms_input" style="width:84px;font-size:10pt;text-align:right;">37.04</span> </td> 
       <td width="90"> <span class="xforms_input" style="width:90px;font-size:10pt;text-align:right;">0</span> </td> 
       <td width="83"> <span class="xforms_input" style="width:83px;font-size:10pt;text-align:right;">0</span> </td> 
       <td width="68"> <span class="xforms_input" style="width:68px;font-size:10pt;">-</span> </td> 
      </tr> 
      <tr> 
       <td width="86"> <span class="xforms_input" style="width:86px;font-size:10pt;">(주)에이아이마케팅그룹</span> </td> 
       <td width="105"> <span class="xforms_input" style="width:105px;font-size:10pt;">변경전 최대주주의 특수관계인</span> </td> 
       <td width="86"> <span class="xforms_input" style="width:86px;font-size:10pt;text-align:right;">2,053,550</span> </td> 
       <td width="84"> <span class="xforms_input" style="width:84px;font-size:10pt;text-align:right;">6.62</span> </td> 
       <td width="90"> <span class="xforms_input" style="width:90px;font-size:10pt;text-align:right;">0</span> </td> 
       <td width="83"> <span class="xforms_input" style="width:83px;font-size:10pt;text-align:right;">0</span> </td> 
       <td width="68"> <span class="xforms_input" style="width:68px;font-size:10pt;">-</span> </td> 
      </tr> 
      <tr> 
       <td width="86"> <span class="xforms_input" style="width:86px;font-size:10pt;">비씨피이이에이비드코원(주)</span> </td> 
       <td width="105"> <span class="xforms_input" style="width:105px;font-size:10pt;">변경예정 최대주주</span> </td> 
       <td width="86"> <span class="xforms_input" style="width:86px;font-size:10pt;text-align:right;">0</span> </td> 
       <td width="84"> <span class="xforms_input" style="width:84px;font-size:10pt;text-align:right;">0</span> </td> 
       <td width="90"> <span class="xforms_input" style="width:90px;font-size:10pt;text-align:right;">13,534,558</span> </td> 
       <td width="83"> <span class="xforms_input" style="width:83px;font-size:10pt;text-align:right;">43.66</span> </td> 
       <td width="68"> <span class="xforms_input" style="width:68px;font-size:10pt;">-</span> </td> 
      </tr> 
     </tbody> 
    </table> 
    <div id="LIB_L7075" style="width:600px;font-size:10pt;;padding:0 0 20 0"> 
     <div> 
      <div> 
       <span style="width:600px;font-size:11pt;font-weight:bold;">[변경예정 최대주주(법인인 경우)에 관한 사항]</span> 
       <table border="1" bordercolordark="white" bordercolorlight="#666666" cellpadding="1" cellspacing="0" id="XFormG2_Form0_Table0" style="margin:0px 0px 20px 0px;width:596px;font-size:10pt;border:1px solid #7f7f7f;"> 
        <tbody> 
         <tr> 
          <td width="149"> <span style="width:149px;font-size:10pt;">1. 법인명</span> </td> 
          <td colspan="3" width="447"> <span class="xforms_input" style="width:447px;font-size:10pt;">비씨피이이에이비드코원 주식회사</span> </td> 
         </tr> 
         <tr> 
          <td width="149"> <span style="width:149px;font-size:10pt;">2. 설립연월</span> </td> 
          <td colspan="3" width="447"> <span class="xforms_input" style="width:447px;font-size:10pt;">2025년 12월 15일</span> </td> 
         </tr> 
         <tr> 
          <td width="149"> <span style="width:149px;font-size:10pt;">3. 국적</span> </td> 
          <td colspan="3" width="447"> <span class="xforms_input" style="width:447px;font-size:10pt;">대한민국</span> </td> 
         </tr> 
         <tr> 
          <td width="149"> <span style="width:149px;font-size:10pt;">4. 주소(본점소재지) [읍ㆍ면ㆍ동까지만]</span> </td> 
          <td colspan="3" width="447"> <span class="xforms_input" style="width:447px;font-size:10pt;">서울 강남구 가로수길 62(신사동)</span> </td> 
         </tr> 
         <tr> 
          <td width="149"> <span style="width:149px;font-size:10pt;">5. 법인의 최대주주명</span> </td> 
          <td colspan="3" width="447"> <span class="xforms_input" style="width:447px;font-size:10pt;">BCPE EA Investments, L.P.</span> </td> 
         </tr> 
         <tr> 
          <td width="149"> <span style="width:149px;font-size:10pt;"> - 보유지분율(%)</span> </td> 
          <td colspan="3" width="447"> <span class="xforms_input" style="width:447px;font-size:10pt;text-align:right;">100</span> </td> 
         </tr> 
         <tr> 
          <td width="149"> <span style="width:149px;font-size:10pt;">6. 법인의 대표이사</span> </td> 
          <td colspan="3" width="447"> <span class="xforms_input" style="width:447px;font-size:10pt;">데이비드 벤자민 그로스</span> </td> 
         </tr> 
         <tr> 
          <td width="149"> <span style="width:149px;font-size:10pt;">7. 주요 사업내용</span> </td> 
          <td colspan="3" width="447"> <span class="xforms_input" style="width:447px;font-size:10pt;">비금융지주회사</span> </td> 
         </tr> 
         <tr> 
          <td colspan="4" width="596"> <span style="width:596px;font-size:10pt;">8. 주요 재무사항 등 (단위 : 백만원)</span> </td> 
         </tr> 
         <tr> 
          <td width="149"> <span style="width:149px;font-size:10pt;text-align:center;">해당 사업연도</span> </td> 
          <td width="149"> <span class="xforms_input" style="width:149px;font-size:10pt;">2025</span> </td> 
          <td width="149"> <span style="width:149px;font-size:10pt;text-align:center;">결산기</span> </td> 
          <td width="149"> <span class="xforms_input" style="width:149px;font-size:10pt;">12월말</span> </td> 
         </tr> 
         <tr> 
          <td width="149"> <span style="width:149px;font-size:10pt;text-align:center;">자산총계</span> </td> 
          <td width="149"> <span class="xforms_input" style="width:149px;font-size:10pt;text-align:right;">56,500</span> </td> 
          <td width="149"> <span style="width:149px;font-size:10pt;text-align:center;">자본금</span> </td> 
          <td width="149"> <span class="xforms_input" style="width:149px;font-size:10pt;text-align:right;">565</span> </td> 
         </tr> 
         <tr> 
          <td width="149"> <span style="width:149px;font-size:10pt;text-align:center;">부채총계</span> </td> 
          <td width="149"> <span class="xforms_input" style="width:149px;font-size:10pt;text-align:right;">-</span> </td> 
          <td width="149"> <span style="width:149px;font-size:10pt;text-align:center;">매출액</span> </td> 
          <td width="149"> <span class="xforms_input" style="width:149px;font-size:10pt;text-align:right;">-</span> </td> 
         </tr> 
         <tr> 
          <td width="149"> <span style="width:149px;font-size:10pt;text-align:center;">자본총계</span> </td> 
          <td width="149"> <span class="xforms_input" style="width:149px;font-size:10pt;text-align:right;">56,500</span> </td> 
          <td width="149"> <span style="width:149px;font-size:10pt;text-align:center;">당기순손익</span> </td> 
          <td width="149"> <span class="xforms_input" style="width:149px;font-size:10pt;text-align:right;">-</span> </td> 
         </tr> 
         <tr> 
          <td width="149"> <span style="width:149px;font-size:10pt;text-align:center;">외부감사인</span> </td> 
          <td width="149"> <span class="xforms_input" style="width:149px;font-size:10pt;">-</span> </td> 
          <td width="149"> <span style="width:149px;font-size:10pt;text-align:center;">휴업 여부</span> </td> 
          <td width="149"> <span class="xforms_input" style="width:149px;font-size:10pt;">아니오</span> </td> 
         </tr> 
         <tr> 
          <td width="149"> <span style="width:149px;font-size:10pt;text-align:center;">감사의견</span> </td> 
          <td width="149"> <span class="xforms_input" style="width:149px;font-size:10pt;">-</span> </td> 
          <td width="149"> <span style="width:149px;font-size:10pt;text-align:center;">폐업 여부</span> </td> 
          <td width="149"> <span class="xforms_input" style="width:149px;font-size:10pt;">아니오</span> </td> 
         </tr> 
         <tr> 
          <td colspan="4" width="596"> <span style="width:596px;font-size:10pt;">9. 당해 상장법인과 변경예정 최대주주(법인)의 관계 등</span> </td> 
         </tr> 
         <tr> 
          <td colspan="4" width="596"> <span class="xforms_input" style="width:596px;font-size:10pt;">-</span> </td> 
         </tr> 
        </tbody> 
       </table> 
      </div> 
     </div> 
    </div> 
    <span class="noprint" style="display:none;width:600px;font-size:10pt;"> </span> 
    <span class="noprint" style="display:none;width:600px;font-size:10pt;"> </span> 
    <span class="noprint" style="display:none;width:600px;font-size:10pt;"> </span> 
   </div> 
  </div>  
 </body>
</html>