<?xml version="1.0" encoding="utf-8"?>


<DOCUMENT xmlns:xsi="http://www.w3.org/2001/XMLSchema-instance" xsi:noNamespaceSchemaLocation="dart4.xsd">

<DOCUMENT-NAME ACODE="00636">주식등의 대량보유상황보고서(일반)</DOCUMENT-NAME>
<FORMULA-VERSION SUBVER="2" ADATE="20231229">6.0</FORMULA-VERSION>
<COMPANY-NAME AREGCIK="00102858">고려아연(주)</COMPANY-NAME>

<SUMMARY>
<EXTRACTION ACODE="HOLDCHECK" AFEATURE="BOTH">0000</EXTRACTION>
<EXTRACTION ACODE="HOLDRSN" AFEATURE="BOTH">0000</EXTRACTION>
<EXTRACTION ACODE="OUTDATE" AFEATURE="BOTH">20251227</EXTRACTION>
</SUMMARY>


<BODY ATOCID="27">

<COVER>
<COVER-TITLE ATOC="Y" AASSOCNOTE="COVER" ENG="Report on Significant Holdings of Stocks, etc." ATOCID="1">주식등의 대량보유상황보고서</COVER-TITLE>

<TABLE-GROUP ACLASS="RPT_RSP_DT" ADELETETABLE="N">

<TABLE ACLASS="EXTRACTION" AFIXTABLE="Y" WIDTH="600" BORDER="0">

<COLGROUP WIDTH="600">
<COL WIDTH="299"></COL>
<COL WIDTH="145"></COL>
<COL WIDTH="156"></COL>
</COLGROUP>

<TBODY>

<TR ACOPY="Y" ADELETE="Y" HEIGHT="53">
<TD COLSPAN="3" ALIGN="CENTER" VALIGN="MIDDLE" WIDTH="591" HEIGHT="46" AUPDATECONT="N" ENG="(General form: For cases where “the purpose of holding the stocks is not to exercise influence over the issuer’s business administration” as defined in report types under Article 147 of the Financial Investment Services and Capital Markets Act)">(일반서식 : 자본시장과 금융투자업에 관한 법률 제147조에 의한 보고 중 '경영권에 영향을 주기 위한 목적'의 경우)</TD>
</TR>

<TR ACOPY="Y" ADELETE="Y" HEIGHT="76">
<TD COLSPAN="3" ALIGN="CENTER" VALIGN="MIDDLE" WIDTH="591" HEIGHT="69"></TD>
</TR>

<TR ACOPY="Y" ADELETE="Y" HEIGHT="30">
<TD VALIGN="MIDDLE" WIDTH="290" HEIGHT="23">금융위원회 귀중</TD>
<TD VALIGN="MIDDLE" WIDTH="136" HEIGHT="23" AUPDATECONT="N" ENG="Date of occurrence of reporting obligation:">보고의무발생일　 :</TD>
<TU ALIGN="CENTER" VALIGN="MIDDLE" WIDTH="147" HEIGHT="23" AUNIT="RPT_RSP_DT" AUNITVALUE="20251227">2025년 12월 27일</TU>
</TR>

<TR ACOPY="Y" ADELETE="Y" HEIGHT="30">
<TD VALIGN="MIDDLE" WIDTH="290" HEIGHT="23">한국거래소 귀중</TD>
<TD VALIGN="MIDDLE" WIDTH="136" HEIGHT="23" AUPDATECONT="N" ENG="Report preparation date:">보고서작성기준일 :</TD>
<TU ALIGN="CENTER" VALIGN="MIDDLE" WIDTH="147" HEIGHT="23" AUNIT="RPT_REF_DT" AUNITVALUE="20251231">2025년 12월 31일</TU>
</TR>

<TR ACOPY="Y" ADELETE="Y" HEIGHT="30">
<TD VALIGN="MIDDLE" WIDTH="290" HEIGHT="23"></TD>
<TD VALIGN="MIDDLE" WIDTH="136" HEIGHT="23" AUPDATECONT="N" ENG="Reporting entity:">보고자 : </TD>
<TE ALIGN="CENTER" VALIGN="MIDDLE" WIDTH="147" HEIGHT="23" ACODE="RPT_RSP_NM"> Crucible JV LLC</TE>
</TR>
</TBODY>
</TABLE>
</TABLE-GROUP>
<P></P>

<TABLE-GROUP ACLASS="SUM_INF" ADELETETABLE="N">

<TABLE ACLASS="EXTRACTION" AFIXTABLE="Y" WIDTH="600" BORDER="1">

<COLGROUP WIDTH="600">
<COL WIDTH="210"></COL>
<COL WIDTH="104"></COL>
<COL WIDTH="150"></COL>
<COL WIDTH="136"></COL>
</COLGROUP>

<TBODY>

<TR ACOPY="N" ADELETE="N" HEIGHT="30">
<TD COLSPAN="4" ALIGN="CENTER" VALIGN="MIDDLE" WIDTH="591" HEIGHT="23" AUPDATECONT="N" ENG="Summary of Information">요약정보</TD>
</TR>

<TR ACOPY="Y" ADELETE="Y" HEIGHT="30">
<TD ALIGN="CENTER" VALIGN="MIDDLE" WIDTH="201" HEIGHT="23" AUPDATECONT="N" ENG="Issuing company name">발행회사명</TD>
<TE ALIGN="CENTER" VALIGN="MIDDLE" WIDTH="95" HEIGHT="23" ACODE="CRP_NM">고려아연(주)</TE>
<TD ALIGN="CENTER" VALIGN="MIDDLE" WIDTH="141" HEIGHT="23" AUPDATECONT="N" ENG="Relationship to issuing company">발행회사와의 관계</TD>
<TU ALIGN="CENTER" VALIGN="MIDDLE" WIDTH="127" HEIGHT="23" AUNIT="FLT_CRP_RLT" AUNITVALUE="02" ENG="Major shareholders">주요주주</TU>
</TR>

<TR ACOPY="N" ADELETE="N" HEIGHT="30">
<TD ALIGN="CENTER" VALIGN="MIDDLE" WIDTH="201" HEIGHT="23" AUPDATECONT="N" ENG="Type of reporting">보고구분</TD>
<TU COLSPAN="3" ALIGN="CENTER" VALIGN="MIDDLE" WIDTH="381" HEIGHT="23" AUNIT="RPT_DST1" AUNITVALUE="1" ENG="New">신규</TU>
</TR>

<TR ACOPY="N" ADELETE="N" HEIGHT="30">
<TD ROWSPAN="3" ALIGN="CENTER" VALIGN="MIDDLE" WIDTH="201" HEIGHT="83" AUPDATECONT="N" ENG="Number of stocks, etc. held and holding ratio">보유주식등의 수 및 보유비율</TD>
<TD ALIGN="CENTER" VALIGN="MIDDLE" WIDTH="95" HEIGHT="23" AUPDATECONT="N"></TD>
<TD ALIGN="CENTER" VALIGN="MIDDLE" WIDTH="141" HEIGHT="23" AUPDATECONT="N" ENG="Number of shares held, etc.">보유주식등의 수</TD>
<TD ALIGN="CENTER" VALIGN="MIDDLE" WIDTH="127" HEIGHT="23" AUPDATECONT="N" ENG="Holdings ratio">보유비율</TD>
</TR>

<TR ACOPY="N" ADELETE="N" HEIGHT="30">
<TD ALIGN="CENTER" VALIGN="MIDDLE" WIDTH="95" HEIGHT="23" AUPDATECONT="N" ENG="Previous report">직전 보고서</TD>
<TE ALIGN="CENTER" VALIGN="MIDDLE" WIDTH="141" HEIGHT="23" ACODE="SUM_BMT_CNT">-</TE>
<TE ALIGN="CENTER" VALIGN="MIDDLE" WIDTH="127" HEIGHT="23" ACODE="SUM_BMT_RT">-</TE>
</TR>

<TR ACOPY="N" ADELETE="N" HEIGHT="30">
<TD ALIGN="CENTER" VALIGN="MIDDLE" WIDTH="95" HEIGHT="23" AUPDATECONT="N" ENG="Current report">이번 보고서</TD>
<TE ALIGN="CENTER" VALIGN="MIDDLE" WIDTH="141" HEIGHT="23" ACODE="SUM_TMT_CNT">2,209,716</TE>
<TE ALIGN="CENTER" VALIGN="MIDDLE" WIDTH="127" HEIGHT="23" ACODE="SUM_TMT_RT">10.59</TE>
</TR>

<TR ACOPY="N" ADELETE="N" HEIGHT="30">
<TD ROWSPAN="3" ALIGN="CENTER" VALIGN="MIDDLE" WIDTH="201" HEIGHT="83" AUPDATECONT="N" ENG="Number and ratio of stocks, etc. with major contracts">주요계약체결 주식등의 수 및 비율</TD>
<TD ALIGN="CENTER" VALIGN="MIDDLE" WIDTH="95" HEIGHT="23" AUPDATECONT="N"></TD>
<TD ALIGN="CENTER" VALIGN="MIDDLE" WIDTH="141" HEIGHT="23" AUPDATECONT="N" ENG="Number of shares, etc.">주식등의 수</TD>
<TD ALIGN="CENTER" VALIGN="MIDDLE" WIDTH="127" HEIGHT="23" AUPDATECONT="N" ENG="Ratio">비율</TD>
</TR>

<TR ACOPY="N" ADELETE="N" HEIGHT="30">
<TD ALIGN="CENTER" VALIGN="MIDDLE" WIDTH="95" HEIGHT="23" AUPDATECONT="N" ENG="Previous report">직전 보고서</TD>
<TE ALIGN="CENTER" VALIGN="MIDDLE" WIDTH="141" HEIGHT="23" ACODE="CTR_BMT_CNT">-</TE>
<TE ALIGN="CENTER" VALIGN="MIDDLE" WIDTH="127" HEIGHT="23" ACODE="CTR_BMT_RT">-</TE>
</TR>

<TR ACOPY="N" ADELETE="N" HEIGHT="30">
<TD ALIGN="CENTER" VALIGN="MIDDLE" WIDTH="95" HEIGHT="23" AUPDATECONT="N" ENG="Current report">이번 보고서</TD>
<TE ALIGN="CENTER" VALIGN="MIDDLE" WIDTH="141" HEIGHT="23" ACODE="CTR_TMT_CNT">2,209,716</TE>
<TE ALIGN="CENTER" VALIGN="MIDDLE" WIDTH="127" HEIGHT="23" ACODE="CTR_TMT_RT">10.59</TE>
</TR>

<TR ACOPY="N" ADELETE="N" HEIGHT="30">
<TD ROWSPAN="3" ALIGN="CENTER" VALIGN="MIDDLE" WIDTH="201" HEIGHT="83" AUPDATECONT="N" ENG="Number of voting rights and holding ratio">의결권의 수 및 보유비율</TD>
<TD ALIGN="CENTER" VALIGN="MIDDLE" WIDTH="95" HEIGHT="23" AUPDATECONT="N"></TD>
<TD ALIGN="CENTER" VALIGN="MIDDLE" WIDTH="141" HEIGHT="23" AUPDATECONT="N" ENG="Number of voting rights">의결권의 수</TD>
<TD ALIGN="CENTER" VALIGN="MIDDLE" WIDTH="127" HEIGHT="23" AUPDATECONT="N" ENG="Holdings ratio">보유비율</TD>
</TR>

<TR ACOPY="N" ADELETE="N" HEIGHT="30">
<TD ALIGN="CENTER" VALIGN="MIDDLE" WIDTH="95" HEIGHT="23" AUPDATECONT="N" ENG="Previous report">직전 보고서</TD>
<TE ALIGN="CENTER" VALIGN="MIDDLE" WIDTH="141" HEIGHT="23" ACODE="VR_BMT_CNT">-</TE>
<TE ALIGN="CENTER" VALIGN="MIDDLE" WIDTH="127" HEIGHT="23" ACODE="VR_BMT_RT">-</TE>
</TR>

<TR ACOPY="N" ADELETE="N" HEIGHT="30">
<TD ALIGN="CENTER" VALIGN="MIDDLE" WIDTH="95" HEIGHT="23" AUPDATECONT="N" ENG="Current report">이번 보고서</TD>
<TE ALIGN="CENTER" VALIGN="MIDDLE" WIDTH="141" HEIGHT="23" ACODE="VR_TMT_CNT">-</TE>
<TE ALIGN="CENTER" VALIGN="MIDDLE" WIDTH="127" HEIGHT="23" ACODE="VR_TMT_RT">-</TE>
</TR>

<TR ACOPY="N" ADELETE="N" HEIGHT="30">
<TD ROWSPAN="3" ALIGN="CENTER" VALIGN="MIDDLE" WIDTH="201" HEIGHT="83" AUPDATECONT="N" ENG="Number and ratio of voting rights, etc. with major contracts">주요계약체결 의결권의 수 및비율</TD>
<TD ALIGN="CENTER" VALIGN="MIDDLE" WIDTH="95" HEIGHT="23" AUPDATECONT="N"></TD>
<TD ALIGN="CENTER" VALIGN="MIDDLE" WIDTH="141" HEIGHT="23" AUPDATECONT="N" ENG="Number of voting rights">의결권의 수</TD>
<TD ALIGN="CENTER" VALIGN="MIDDLE" WIDTH="127" HEIGHT="23" AUPDATECONT="N" ENG="Ratio">비율</TD>
</TR>

<TR ACOPY="N" ADELETE="N" HEIGHT="30">
<TD ALIGN="CENTER" VALIGN="MIDDLE" WIDTH="95" HEIGHT="23" AUPDATECONT="N" ENG="Previous report">직전 보고서</TD>
<TE ALIGN="CENTER" VALIGN="MIDDLE" WIDTH="141" HEIGHT="23" ACODE="CVR_BMT_CNT">-</TE>
<TE ALIGN="CENTER" VALIGN="MIDDLE" WIDTH="127" HEIGHT="23" ACODE="CVR_BMT_RT">-</TE>
</TR>

<TR ACOPY="N" ADELETE="N" HEIGHT="30">
<TD ALIGN="CENTER" VALIGN="MIDDLE" WIDTH="95" HEIGHT="23" AUPDATECONT="N" ENG="Current report">이번 보고서</TD>
<TE ALIGN="CENTER" VALIGN="MIDDLE" WIDTH="141" HEIGHT="23" ACODE="CVR_TMT_CNT">-</TE>
<TE ALIGN="CENTER" VALIGN="MIDDLE" WIDTH="127" HEIGHT="23" ACODE="CVR_TMT_RT">-</TE>
</TR>

<TR ACOPY="N" ADELETE="N" HEIGHT="30">
<TD ALIGN="CENTER" VALIGN="MIDDLE" WIDTH="201" HEIGHT="23" AUPDATECONT="N" ENG="Reason for reporting">보고사유</TD>

<TE COLSPAN="3" ALIGN="CENTER" VALIGN="MIDDLE" WIDTH="381" HEIGHT="23" ACODE="SUM_CHN_RWN">
<P USERMARK="A-C">발행회사의 제3자배정 유상증자에 따른 주식 취득</P>
</TE>
</TR>
</TBODY>
</TABLE>
</TABLE-GROUP>
<P></P>

<TABLE ACLASS="NORMAL" AFIXTABLE="Y" WIDTH="600" BORDER="1">

<COLGROUP WIDTH="600">
<COL WIDTH="600"></COL>
</COLGROUP>

<TBODY>

<TR ACOPY="Y" ADELETE="Y" HEIGHT="76">
<TD WIDTH="591" HEIGHT="69" AUPDATECONT="N" ENG="※ I hereby confirm that the holding status of stocks, etc. of myself and my related parties as of the date of preparation of the report has been accurately disclosed in accordance with applicable laws and regulations and with due diligence in writing, and that there are no misstatements or omissions of important matters.">※ 보고자 본인은 보고서작성기준일 현재 본인과 특별관계자의 주식등의 보유상황을 관련 법규 및 기재상의 주의에 따라 정확하게 작성하였고, 중요한 사항의 허위기재 또는 기재누락이 없음을 확인합니다.</TD>
</TR>
</TBODY>
</TABLE>
<P></P>
<PGBRK></PGBRK>
</COVER>

<LIBRARY>
<SECTION-1 ACLASS="MANDATORY" APARTSOURCE="SOURCE">
<TITLE ATOC="Y" ENG="Part 1 Overview of the Report" ATOCID="2">제1부 보고의 개요</TITLE>
<P></P>

<SECTION-2 ACLASS="MANDATORY">
<TITLE ATOC="Y" AASSOCNOTE="D-1-1-0-0" ENG="1. Matters related to the issuing company" ATOCID="3">1. 발행회사에 관한 사항</TITLE>

<TABLE-GROUP ACLASS="CRP_NM" ADELETETABLE="N">

<TABLE ACLASS="EXTRACTION" AFIXTABLE="Y" WIDTH="600" BORDER="1">

<COLGROUP WIDTH="600">
<COL WIDTH="104"></COL>
<COL WIDTH="173"></COL>
<COL WIDTH="216"></COL>
<COL WIDTH="107"></COL>
</COLGROUP>

<TBODY>

<TR ACOPY="N" ADELETE="N" HEIGHT="30">
<TD ALIGN="CENTER" VALIGN="MIDDLE" WIDTH="95" HEIGHT="23" AUPDATECONT="N" ENG="Company name">회사명</TD>
<TE VALIGN="MIDDLE" WIDTH="164" HEIGHT="23" ACODE="CRP_NM">고려아연(주)</TE>
<TD ALIGN="CENTER" VALIGN="MIDDLE" WIDTH="207" HEIGHT="23" AUPDATECONT="N" ENG="Company code">회사코드</TD>
<TE ALIGN="CENTER" VALIGN="MIDDLE" WIDTH="98" HEIGHT="23" ACODE="CRP_CD">010130</TE>
</TR>

<TR ACOPY="N" ADELETE="N" HEIGHT="30">
<TD ALIGN="CENTER" VALIGN="MIDDLE" WIDTH="95" HEIGHT="23" AUPDATECONT="N" ENG="Corporation type">법인구분</TD>
<TU ALIGN="CENTER" VALIGN="MIDDLE" WIDTH="164" HEIGHT="23" AUNIT="CRP_DST" AUNITVALUE="1" ENG="KOSPI market listed corporation">유가증권상장법인</TU>
<TD ALIGN="CENTER" VALIGN="MIDDLE" WIDTH="207" HEIGHT="23" AUPDATECONT="N" ENG="Total number of voting shares (shrs.)">의결권있는 발행주식 총수(주)</TD>
<TE ALIGN="CENTER" VALIGN="MIDDLE" WIDTH="98" HEIGHT="23" ACODE="FLT_STK_CNT">20,872,969</TE>
</TR>
</TBODY>
</TABLE>
</TABLE-GROUP>
<P></P>
</SECTION-2>

<SECTION-2 ACLASS="MANDATORY">
<TITLE ATOC="Y" ENG="2. Matters related to significant holders" ATOCID="4">2. 대량보유자에 관한 사항</TITLE>

<SECTION-3 ACLASS="MANDATORY">
<TITLE ATOC="Y" AASSOCNOTE="D-1-2-1-0" ENG="A. Reporting entity" ATOCID="5">가. 보고자</TITLE>
<P>(1) 보고자 개요</P>

<TABLE-GROUP ACLASS="RPT_DST1" ADELETETABLE="N">

<TABLE ACLASS="EXTRACTION" AFIXTABLE="Y" WIDTH="773" BORDER="1">

<COLGROUP WIDTH="773">
<COL WIDTH="178"></COL>
<COL WIDTH="89"></COL>
<COL WIDTH="187"></COL>
<COL WIDTH="111"></COL>
<COL WIDTH="33"></COL>
<COL WIDTH="175"></COL>
</COLGROUP>

<TBODY>

<TR ACOPY="N" ADELETE="N" HEIGHT="30">
<TD ALIGN="CENTER" VALIGN="MIDDLE" WIDTH="169" HEIGHT="23" AUPDATECONT="N" ENG="Type of reporting">보고구분</TD>
<TU COLSPAN="2" ALIGN="CENTER" VALIGN="MIDDLE" WIDTH="267" HEIGHT="23" AUNIT="RPT_DST1" AUNITVALUE="1" ENG="New">신규</TU>
<TU COLSPAN="3" ALIGN="CENTER" VALIGN="MIDDLE" WIDTH="310" HEIGHT="23" AUNIT="RPT_DST2" AUNITVALUE="1" ENG="Individual">개별</TU>
</TR>

<TR ACOPY="N" ADELETE="N" HEIGHT="30">
<TD ALIGN="CENTER" VALIGN="MIDDLE" WIDTH="169" HEIGHT="23" AUPDATECONT="N" ENG="Reporting entity classification">보고자 구분</TD>
<TU COLSPAN="2" ALIGN="CENTER" VALIGN="MIDDLE" WIDTH="267" HEIGHT="23" AUNIT="CRP_TP" AUNITVALUE="O" ENG="Foreign corporation">외국법인</TU>
<TD COLSPAN="2" ALIGN="CENTER" VALIGN="MIDDLE" WIDTH="135" HEIGHT="23" AUPDATECONT="N" ENG="Nationality">국 적</TD>
<TE ALIGN="CENTER" VALIGN="MIDDLE" WIDTH="166" HEIGHT="23" ACODE="IFR_NT">미합중국</TE>
</TR>

<TR ACOPY="N" ADELETE="N" HEIGHT="53">
<TD ALIGN="CENTER" VALIGN="MIDDLE" WIDTH="445" HEIGHT="46" AUPDATECONT="N" COLSPAN="3" ENG="Basis for reporting entity classification (only if entered as association or other organizations under law)">보고자 구분 기재 근거(법령상 조합 또는 기타단체로 기재한 경우만 기재)</TD>
<TE COLSPAN="3" ALIGN="CENTER" VALIGN="MIDDLE" WIDTH="310" HEIGHT="46" ACODE="IFR_BASE">-</TE>
</TR>

<TR ACOPY="N" ADELETE="N" HEIGHT="53">
<TD ALIGN="CENTER" VALIGN="MIDDLE" WIDTH="169" HEIGHT="46" AUPDATECONT="N" ENG="Name (Title)">성명(명칭)</TD>
<TD ALIGN="CENTER" VALIGN="MIDDLE" WIDTH="80" HEIGHT="46" AUPDATECONT="N" ENG="Korean">한글</TD>
<TE ALIGN="CENTER" VALIGN="MIDDLE" WIDTH="178" HEIGHT="46" ACODE="IFR_NM">크루서블 제이브이 유한책임회사</TE>
<TD ALIGN="CENTER" VALIGN="MIDDLE" WIDTH="102" HEIGHT="46" AUPDATECONT="N" ENG="Chinese characters (English)">한자(영문)</TD>
<TE COLSPAN="2" ALIGN="CENTER" VALIGN="MIDDLE" WIDTH="199" HEIGHT="46" ACODE="IFR_NM_HJ">Crucible JV LLC</TE>
</TR>

<TR ACOPY="N" ADELETE="N" HEIGHT="53">
<TD ALIGN="CENTER" VALIGN="MIDDLE" WIDTH="169" HEIGHT="46" AUPDATECONT="N" ENG="Address (Head office) [Building name/number can be omitted]">주소(본점소재지)[읍ㆍ면ㆍ동까지만 기재]</TD>

<TE COLSPAN="2" VALIGN="MIDDLE" WIDTH="267" HEIGHT="46" ACODE="IFR_ADR2" ALIGN="CENTER">
<P USERMARK="A-C">850 New Burton Road, Suite 201, Dover, Delaware 19904, United States</P>
</TE>
<TD COLSPAN="2" ALIGN="CENTER" VALIGN="MIDDLE" WIDTH="135" HEIGHT="46" AUPDATECONT="N" ENG="Date of birth or business registration No., etc.">생년월일 또는사업자등록번호 등</TD>

<TE ALIGN="CENTER" VALIGN="MIDDLE" WIDTH="166" HEIGHT="46" ACODE="IFR_ID">
<P USERMARK="A-C">98450054053A0839FE79</P>
</TE>
</TR>

<TR ACOPY="N" ADELETE="N" HEIGHT="76">
<TD ALIGN="CENTER" VALIGN="MIDDLE" WIDTH="169" HEIGHT="69" AUPDATECONT="N" ENG="Occupation (Details of business)">직업(사업내용)</TD>

<TE COLSPAN="2" VALIGN="MIDDLE" WIDTH="267" HEIGHT="69" ACODE="IFR_JOB" ALIGN="CENTER">
<P USERMARK="A-C">발행회사에 대한 투자 및 금속 제련 공장의 건설 및 운영 촉진 및 지원을 위한 기술적 및 상업적 용역 제공</P>
</TE>
<TD COLSPAN="2" ALIGN="CENTER" VALIGN="MIDDLE" WIDTH="135" HEIGHT="69" AUPDATECONT="N" ENG="Relationship to issuing company">발행회사와의 관계</TD>
<TU ALIGN="CENTER" VALIGN="MIDDLE" WIDTH="166" HEIGHT="69" AUNIT="FLT_CRP_RLT" AUNITVALUE="02" ENG="Major shareholders">주요주주</TU>
</TR>

<TR ACOPY="N" ADELETE="N" HEIGHT="30">
<TD ROWSPAN="4" ALIGN="CENTER" VALIGN="MIDDLE" WIDTH="169" HEIGHT="136" AUPDATECONT="N" ENG="Contact points and person in charge">업무상 연락처및 담당자</TD>
<TD ALIGN="CENTER" VALIGN="MIDDLE" WIDTH="80" HEIGHT="23" AUPDATECONT="N" ENG="Affiliated company">소속회사</TD>
<TE VALIGN="MIDDLE" WIDTH="178" HEIGHT="23" ACODE="RSP_MAN_ADR2" ALIGN="CENTER">법무법인 수오재</TE>
<TD COLSPAN="2" ALIGN="CENTER" VALIGN="MIDDLE" WIDTH="135" HEIGHT="23" AUPDATECONT="N" ENG="Department">부서</TD>
<TE ALIGN="CENTER" VALIGN="MIDDLE" WIDTH="166" HEIGHT="23" ACODE="RSP_MAN_DPT">-</TE>
</TR>

<TR ACOPY="N" ADELETE="N" HEIGHT="53">
<TD ALIGN="CENTER" VALIGN="MIDDLE" WIDTH="80" HEIGHT="46" AUPDATECONT="N" ENG="Position">직위</TD>
<TE VALIGN="MIDDLE" WIDTH="178" HEIGHT="46" ACODE="RSP_MAN_PST" ALIGN="CENTER">미국(노스캐롤라이나 주) 변호사</TE>
<TD COLSPAN="2" ALIGN="CENTER" VALIGN="MIDDLE" WIDTH="135" HEIGHT="46" AUPDATECONT="N" ENG="(Tel.)">전화번호</TD>
<TE ALIGN="CENTER" VALIGN="MIDDLE" WIDTH="166" HEIGHT="46" ACODE="RSP_MAN_PHN2">02-345******</TE>
</TR>

<TR ACOPY="N" ADELETE="N" HEIGHT="30">
<TD ALIGN="CENTER" VALIGN="MIDDLE" WIDTH="80" HEIGHT="23" AUPDATECONT="N" ENG="Name">성명</TD>
<TE VALIGN="MIDDLE" WIDTH="178" HEIGHT="23" ACODE="RSP_MAN" ALIGN="CENTER">김남우</TE>
<TD COLSPAN="2" ALIGN="CENTER" VALIGN="MIDDLE" WIDTH="135" HEIGHT="23" AUPDATECONT="N" ENG="Fax No.">팩스번호</TD>
<TE ALIGN="CENTER" VALIGN="MIDDLE" WIDTH="166" HEIGHT="23" ACODE="RSP_MAN_FAX">02-345******</TE>
</TR>

<TR ACOPY="N" ADELETE="N" HEIGHT="30">
<TD ALIGN="CENTER" VALIGN="MIDDLE" WIDTH="80" HEIGHT="23" AUPDATECONT="N" ENG="E-mail address">이메일 주소</TD>
<TE VALIGN="MIDDLE" WIDTH="497" HEIGHT="23" ACODE="RSP_MAN_EML" ALIGN="CENTER" COLSPAN="4">******@suojae.com</TE>
</TR>
</TBODY>
</TABLE>
</TABLE-GROUP>

<P></P>
<P>(2) 보고자에 대한 구체적인 사항(법인, 기타단체, 법령상조합, 민법상 조합의 경우 기재)</P>

<TABLE-GROUP ACLASS="REP_SUB" ADELETETABLE="N">

<TABLE ACLASS="EXTRACTION" AFIXTABLE="Y" WIDTH="600" BORDER="1">

<COLGROUP WIDTH="600">
<COL WIDTH="170"></COL>
<COL WIDTH="139"></COL>
<COL WIDTH="165"></COL>
<COL WIDTH="126"></COL>
</COLGROUP>

<TBODY>

<TR ACOPY="N" ADELETE="N" HEIGHT="30">
<TD ALIGN="CENTER" VALIGN="MIDDLE" WIDTH="161" AUPDATECONT="N" ENG="Legal personality" HEIGHT="23">법적성격</TD>
<TE WIDTH="421" ACODE="SUB_CHA" COLSPAN="3" VALIGN="MIDDLE" ALIGN="CENTER" HEIGHT="23">유한책임회사(Limited Liability Company)</TE>
</TR>

<TR ACOPY="N" ADELETE="N" HEIGHT="55">
<TD ALIGN="CENTER" VALIGN="MIDDLE" AUPDATECONT="N" ENG="Total assets (or total assets under management)" WIDTH="161" HEIGHT="48">자산총액(또는 운용자산총액)</TD>
<TE ACODE="SUB_AST" VALIGN="MIDDLE" ALIGN="RIGHT" WIDTH="130" HEIGHT="48">3,085,033,565,100</TE>
<TD ALIGN="CENTER" VALIGN="MIDDLE" AUPDATECONT="N" ENG="Total liabilities" WIDTH="156" HEIGHT="48">부채총액</TD>
<TE ACODE="SUB_DEB" VALIGN="MIDDLE" ALIGN="RIGHT" USERMARK="F-12 " WIDTH="117" HEIGHT="48">1,793,625,000,000</TE>
</TR>

<TR ACOPY="N" ADELETE="N" HEIGHT="53">
<TD ALIGN="CENTER" VALIGN="MIDDLE" AUPDATECONT="N" ENG="Total equity" WIDTH="161" HEIGHT="46">자본총액</TD>
<TE ACODE="SUB_CAP" VALIGN="MIDDLE" ALIGN="RIGHT" WIDTH="130" HEIGHT="46">1,291,408,565,100</TE>
<TD ALIGN="CENTER" VALIGN="MIDDLE" AUPDATECONT="N" ENG="Issued capital" WIDTH="156" HEIGHT="46">자본금</TD>
<TE ACODE="SUB_EQU" VALIGN="MIDDLE" ALIGN="RIGHT" WIDTH="117" HEIGHT="46">1,291,408,565,100</TE>
</TR>

<TR ACOPY="N" ADELETE="N" HEIGHT="76">
<TD ALIGN="CENTER" VALIGN="MIDDLE" AUPDATECONT="N" ENG="Representative (representative member or executive member)" WIDTH="161" HEIGHT="69">대표자(대표조합원 또는업무집행조합원)</TD>
<TE ACODE="SUB_REP" COLSPAN="3" VALIGN="MIDDLE" ALIGN="CENTER" WIDTH="421" HEIGHT="69">Chris LeWand</TE>
</TR>

<TR ACOPY="N" ADELETE="N" HEIGHT="53">
<TD ALIGN="CENTER" VALIGN="MIDDLE" AUPDATECONT="N" ENG="Decision-making body (decision-maker)" WIDTH="161" HEIGHT="46">의사결정기구(의사결정권자)</TD>
<TE ACODE="SUB_DEC" COLSPAN="3" VALIGN="MIDDLE" ALIGN="CENTER" WIDTH="421" HEIGHT="46">Board of Managers</TE>
</TR>

<TR ACOPY="N" ADELETE="N" HEIGHT="53">
<TD ALIGN="CENTER" VALIGN="MIDDLE" AUPDATECONT="N" ENG="Largest shareholder (largest investor)" WIDTH="161" HEIGHT="46">최대주주(최다출자자)</TD>
<TE ACODE="SUB_LAR" VALIGN="MIDDLE" ALIGN="CENTER" WIDTH="130" HEIGHT="46">미국정부</TE>
<TD ALIGN="CENTER" VALIGN="MIDDLE" AUPDATECONT="N" ENG="Shareholding ratio of the largest shareholder (%) (investment ratio of the largest investor)" WIDTH="156" HEIGHT="46">최대주주 지분율(%)(최다출자자 출자비율)</TD>
<TE ACODE="SUB_LRT" VALIGN="MIDDLE" ALIGN="RIGHT" WIDTH="117" HEIGHT="46">40</TE>
</TR>
</TBODY>
</TABLE>
</TABLE-GROUP>

<P>주) 본 보고서 작성기준일(2025. 12. 31.) 서울외국환중계 매매기준율(1달러 당 1,434.30원))을 적용한 금액임. </P>
</SECTION-3>

<SECTION-3 ACLASS="MANDATORY">
<TITLE ATOC="Y" AASSOCNOTE="D-1-2-2-0" ENG="B. Specially related parties" ATOCID="6">나. 특별관계자</TITLE>
<P>(1) 특별관계자 개요</P>

<TABLE-GROUP ACLASS="SPC_NM" ADELETETABLE="N">

<TABLE ACLASS="EXTRACTION" AFIXTABLE="N" WIDTH="785" BORDER="1">

<COLGROUP WIDTH="785">
<COL WIDTH="37"></COL>
<COL WIDTH="74"></COL>
<COL WIDTH="59"></COL>
<COL WIDTH="91"></COL>
<COL WIDTH="95"></COL>
<COL WIDTH="95"></COL>
<COL WIDTH="169"></COL>
<COL WIDTH="85"></COL>
<COL WIDTH="80"></COL>
</COLGROUP>

<THEAD>

<TR ACOPY="N" ADELETE="N" HEIGHT="99">
<TH VALIGN="MIDDLE" WIDTH="28" HEIGHT="92" ACOPYCOL="N" ADELETECOL="N" AMOVECOL="N" AUPDATECONT="N" ENG="Sequential No.">연번</TH>
<TH VALIGN="MIDDLE" WIDTH="65" HEIGHT="92" ACOPYCOL="N" ADELETECOL="N" AMOVECOL="N" AUPDATECONT="N" ENG="Name (Title)">성 명(명칭)</TH>
<TH VALIGN="MIDDLE" WIDTH="50" HEIGHT="92" ACOPYCOL="N" ADELETECOL="N" AMOVECOL="N" AUPDATECONT="N" ENG="Category">구분</TH>
<TH VALIGN="MIDDLE" WIDTH="82" HEIGHT="92" ACOPYCOL="N" ADELETECOL="N" AMOVECOL="N" AUPDATECONT="N" ENG="Detailed relationship with the reporting entity">보고자와의구체적 관계</TH>
<TH VALIGN="MIDDLE" WIDTH="86" HEIGHT="92" ACOPYCOL="N" ADELETECOL="N" AMOVECOL="N" AUPDATECONT="N" ENG="Date of birth or business registration No., etc.">생년월일또는사업자등록번호 등</TH>
<TH VALIGN="MIDDLE" WIDTH="86" HEIGHT="92" ACOPYCOL="N" ADELETECOL="N" AMOVECOL="N" AUPDATECONT="N" ENG="Nationality">국적</TH>
<TH VALIGN="MIDDLE" WIDTH="160" HEIGHT="92" ACOPYCOL="N" ADELETECOL="N" AMOVECOL="N" AUPDATECONT="N" ENG="Address (Location)">주  소(소재지)</TH>
<TH VALIGN="MIDDLE" WIDTH="76" HEIGHT="92" ACOPYCOL="N" ADELETECOL="N" AMOVECOL="N" AUPDATECONT="N" ENG="Occupation (Details of business)">직  업(사업내용)</TH>
<TH VALIGN="MIDDLE" WIDTH="71" HEIGHT="92" ACOPYCOL="N" ADELETECOL="N" AMOVECOL="N" AUPDATECONT="N" ENG="Relationship to issuing company">발행회사와의 관계</TH>
</TR>
</THEAD>

<TBODY>

<TR ACOPY="Y" ADELETE="N" HEIGHT="53">
<TE ALIGN="CENTER" VALIGN="MIDDLE" WIDTH="28" HEIGHT="46" ACODE="SEQ_NO">-</TE>
<TE ALIGN="CENTER" VALIGN="MIDDLE" WIDTH="65" HEIGHT="46" ACODE="SPC_NM">-</TE>
<TU ALIGN="CENTER" VALIGN="MIDDLE" WIDTH="50" HEIGHT="46" AUNIT="SPC_TP" AUNITVALUE="-" ENG="-">-</TU>
<TU ALIGN="CENTER" VALIGN="MIDDLE" WIDTH="82" HEIGHT="46" AUNIT="IFR_RLT" AUNITVALUE="-" ENG="-">-</TU>
<TE ALIGN="CENTER" VALIGN="MIDDLE" WIDTH="86" HEIGHT="46" ACODE="SPC_ID2">-</TE>
<TE ALIGN="CENTER" VALIGN="MIDDLE" WIDTH="86" HEIGHT="46" ACODE="SPC_NT">-</TE>
<TE VALIGN="MIDDLE" WIDTH="160" HEIGHT="46" ACODE="ADR2">-</TE>
<TE VALIGN="MIDDLE" WIDTH="76" HEIGHT="46" ACODE="JOB">-</TE>
<TU VALIGN="MIDDLE" WIDTH="71" HEIGHT="46" AUNIT="FLT_CRP_RLT" AUNITVALUE="-" ENG="-">-</TU>
</TR>
</TBODY>
</TABLE>
</TABLE-GROUP>

<TABLE ACLASS="NORMAL" AFIXTABLE="N" WIDTH="600" BORDER="0">

<COLGROUP WIDTH="600">
<COL WIDTH="600"></COL>
</COLGROUP>

<TBODY>

<TR ACOPY="Y" ADELETE="Y" HEIGHT="30">
<TD WIDTH="591" HEIGHT="23">* 주소는 읍ㆍ면ㆍ동까지만 기재</TD>
</TR>
</TBODY>
</TABLE>

<P></P>
<P>(2) 특별관계자에 대한 구체적인 사항(법인, 기타단체, 법령상조합, 민법상 조합의 경우 기재)</P>

<TABLE-GROUP ACLASS="SPE_SUB" ADELETETABLE="N">

<TABLE ACLASS="EXTRACTION" AFIXTABLE="Y" WIDTH="600" BORDER="1">

<COLGROUP WIDTH="600">
<COL WIDTH="170"></COL>
<COL WIDTH="139"></COL>
<COL WIDTH="165"></COL>
<COL WIDTH="126"></COL>
</COLGROUP>

<TBODY>

<TR ACOPY="N" ADELETE="N" HEIGHT="30">
<TD ALIGN="CENTER" VALIGN="MIDDLE" WIDTH="161" HEIGHT="23" AUPDATECONT="N" ENG="Legal personality">법적성격</TD>
<TE WIDTH="421" HEIGHT="23" ACODE="SUB_CHA" COLSPAN="3" VALIGN="MIDDLE" ALIGN="CENTER">-</TE>
</TR>

<TR ACOPY="N" ADELETE="N" HEIGHT="53">
<TD ALIGN="CENTER" VALIGN="MIDDLE" WIDTH="161" HEIGHT="46" AUPDATECONT="N" ENG="Total assets (or total assets under management)">자산총액(또는 운용자산총액)</TD>
<TE WIDTH="130" HEIGHT="46" ACODE="SUB_AST" VALIGN="MIDDLE" ALIGN="RIGHT">-</TE>
<TD ALIGN="CENTER" VALIGN="MIDDLE" WIDTH="156" HEIGHT="46" AUPDATECONT="N" ENG="Total liabilities">부채총액</TD>
<TE WIDTH="117" HEIGHT="46" ACODE="SUB_DEB" VALIGN="MIDDLE" ALIGN="RIGHT">-</TE>
</TR>

<TR ACOPY="N" ADELETE="N" HEIGHT="30">
<TD ALIGN="CENTER" VALIGN="MIDDLE" WIDTH="161" HEIGHT="23" AUPDATECONT="N" ENG="Total equity">자본총액</TD>
<TE WIDTH="130" HEIGHT="23" ACODE="SUB_CAP" VALIGN="MIDDLE" ALIGN="RIGHT">-</TE>
<TD ALIGN="CENTER" VALIGN="MIDDLE" WIDTH="156" HEIGHT="23" AUPDATECONT="N" ENG="Issued capital">자본금</TD>
<TE WIDTH="117" HEIGHT="23" ACODE="SUB_EQU" VALIGN="MIDDLE" ALIGN="RIGHT">-</TE>
</TR>

<TR ACOPY="N" ADELETE="N" HEIGHT="76">
<TD ALIGN="CENTER" VALIGN="MIDDLE" WIDTH="161" HEIGHT="69" AUPDATECONT="N" ENG="Representative (representative member or executive member)">대표자(대표조합원 또는업무집행조합원)</TD>
<TE WIDTH="421" HEIGHT="69" ACODE="SUB_REP" COLSPAN="3" VALIGN="MIDDLE" ALIGN="CENTER">-</TE>
</TR>

<TR ACOPY="N" ADELETE="N" HEIGHT="53">
<TD ALIGN="CENTER" VALIGN="MIDDLE" WIDTH="161" HEIGHT="46" AUPDATECONT="N" ENG="Decision-making body (decision-maker)">의사결정기구(의사결정권자)</TD>
<TE WIDTH="421" HEIGHT="46" ACODE="SUB_DEC" COLSPAN="3" VALIGN="MIDDLE" ALIGN="CENTER">-</TE>
</TR>

<TR ACOPY="N" ADELETE="N" HEIGHT="53">
<TD ALIGN="CENTER" VALIGN="MIDDLE" WIDTH="161" HEIGHT="46" AUPDATECONT="N" ENG="Largest shareholder (largest investor)">최대주주(최다출자자)</TD>
<TE WIDTH="130" HEIGHT="46" ACODE="SUB_LAR" VALIGN="MIDDLE" ALIGN="CENTER">-</TE>
<TD ALIGN="CENTER" VALIGN="MIDDLE" WIDTH="156" HEIGHT="46" AUPDATECONT="N" ENG="Shareholding ratio of the largest shareholder (%) (investment ratio of the largest investor)">최대주주 지분율(%)(최다출자자 출자비율)</TD>
<TE WIDTH="117" HEIGHT="46" ACODE="SUB_LRT" VALIGN="MIDDLE" ALIGN="RIGHT">-</TE>
</TR>
</TBODY>
</TABLE>
</TABLE-GROUP>
<P></P>

<P></P>
</SECTION-3>

<SECTION-3 ACLASS="MANDATORY">
<TITLE ATOC="Y" AASSOCNOTE="D-1-2-3-0" ENG="C. Collective investment business entity" ATOCID="7">다. 집합투자업자</TITLE>
<P>(보고자 또는 특별관계자가 규정 제3-10조 제2항에 따른 "집합투자기구"인 경우에 한함) </P>
<P>(1) 집합투자업자 개요</P>

<TABLE-GROUP ACLASS="ASST_MNG" ADELETETABLE="N">

<TABLE ACLASS="EXTRACTION" AFIXTABLE="N" WIDTH="660" BORDER="1">

<COLGROUP WIDTH="660">
<COL WIDTH="42"></COL>
<COL WIDTH="80"></COL>
<COL WIDTH="95"></COL>
<COL WIDTH="109"></COL>
<COL WIDTH="68"></COL>
<COL WIDTH="215"></COL>
<COL WIDTH="51"></COL>
</COLGROUP>

<THEAD>

<TR ACOPY="N" ADELETE="N" HEIGHT="53">
<TH VALIGN="MIDDLE" WIDTH="33" HEIGHT="46" ACOPYCOL="N" ADELETECOL="N" AMOVECOL="N" AUPDATECONT="N" ENG="Sequential No.">연번</TH>
<TH VALIGN="MIDDLE" WIDTH="71" HEIGHT="46" ACOPYCOL="N" ADELETECOL="N" AMOVECOL="N" AUPDATECONT="N" ENG="Name">명칭</TH>
<TH VALIGN="MIDDLE" WIDTH="86" HEIGHT="46" ACOPYCOL="N" ADELETECOL="N" AMOVECOL="N" AUPDATECONT="N" ENG="Business registration No., etc.">사업자등록번호 등</TH>
<TH VALIGN="MIDDLE" WIDTH="100" HEIGHT="46" ACOPYCOL="N" ADELETECOL="N" AMOVECOL="N" AUPDATECONT="N" ENG="Target collective investment scheme">대상 집합투자기구</TH>
<TH VALIGN="MIDDLE" WIDTH="59" HEIGHT="46" ACOPYCOL="N" ADELETECOL="N" AMOVECOL="N" AUPDATECONT="N" ENG="Nationality">국적</TH>
<TH VALIGN="MIDDLE" WIDTH="206" HEIGHT="46" ACOPYCOL="N" ADELETECOL="N" AMOVECOL="N" AUPDATECONT="N" ENG="Address (Location)">주  소(소재지)</TH>
<TH VALIGN="MIDDLE" WIDTH="42" HEIGHT="46" ACOPYCOL="N" ADELETECOL="N" AMOVECOL="N" AUPDATECONT="N" ENG="Note">비고</TH>
</TR>
</THEAD>

<TBODY>

<TR ACOPY="Y" ADELETE="N" HEIGHT="30">
<TE ALIGN="CENTER" VALIGN="MIDDLE" WIDTH="33" HEIGHT="23" ACODE="SEQ_NO">-</TE>
<TE ALIGN="CENTER" VALIGN="MIDDLE" WIDTH="71" HEIGHT="23" ACODE="SPC_NM">-</TE>
<TE ALIGN="CENTER" VALIGN="MIDDLE" WIDTH="86" HEIGHT="23" ACODE="SPC_ID2">-</TE>
<TE ALIGN="CENTER" VALIGN="MIDDLE" WIDTH="100" HEIGHT="23" ACODE="TGT_INV">-</TE>
<TE ALIGN="CENTER" VALIGN="MIDDLE" WIDTH="59" HEIGHT="23" ACODE="SPC_NT">-</TE>
<TE VALIGN="MIDDLE" WIDTH="206" HEIGHT="23" ACODE="ADR2">-</TE>
<TE VALIGN="MIDDLE" WIDTH="42" HEIGHT="23" ACODE="RMK">-</TE>
</TR>

<TR ACOPY="Y" ADELETE="Y" HEIGHT="30">
<TE ALIGN="CENTER" VALIGN="MIDDLE" WIDTH="33" HEIGHT="23" ACODE="SEQ_NO">-</TE>
<TE ALIGN="CENTER" VALIGN="MIDDLE" WIDTH="71" HEIGHT="23" ACODE="SPC_NM">-</TE>
<TE ALIGN="CENTER" VALIGN="MIDDLE" WIDTH="86" HEIGHT="23" ACODE="SPC_ID2">-</TE>
<TE ALIGN="CENTER" VALIGN="MIDDLE" WIDTH="100" HEIGHT="23" ACODE="TGT_INV">-</TE>
<TE ALIGN="CENTER" VALIGN="MIDDLE" WIDTH="59" HEIGHT="23" ACODE="SPC_NT">-</TE>
<TE VALIGN="MIDDLE" WIDTH="206" HEIGHT="23" ACODE="ADR2">-</TE>
<TE VALIGN="MIDDLE" WIDTH="42" HEIGHT="23" ACODE="RMK">-</TE>
</TR>
</TBODY>
</TABLE>
</TABLE-GROUP>
<P></P>
<P>(2) 집합투자업자에 대한 구체적인 사항</P>

<TABLE ACLASS="NORMAL" AFIXTABLE="N" WIDTH="600" BORDER="1">

<COLGROUP WIDTH="600">
<COL WIDTH="150"></COL>
<COL WIDTH="150"></COL>
<COL WIDTH="150"></COL>
<COL WIDTH="150"></COL>
</COLGROUP>

<TBODY>

<TR ACOPY="Y" ADELETE="Y" HEIGHT="30">
<TD ALIGN="CENTER" VALIGN="MIDDLE" WIDTH="141" HEIGHT="23">법적성격</TD>
<TD COLSPAN="3" WIDTH="441" HEIGHT="23" VALIGN="MIDDLE">-</TD>
</TR>

<TR ACOPY="Y" ADELETE="Y" HEIGHT="30">
<TD ALIGN="CENTER" VALIGN="MIDDLE" WIDTH="141" HEIGHT="23">자본금</TD>
<TD WIDTH="141" HEIGHT="23" VALIGN="MIDDLE">-</TD>
<TD ALIGN="CENTER" VALIGN="MIDDLE" WIDTH="141" HEIGHT="23">운용자산총액</TD>
<TD WIDTH="141" HEIGHT="23" VALIGN="MIDDLE">-</TD>
</TR>

<TR ACOPY="Y" ADELETE="Y" HEIGHT="30">
<TD ALIGN="CENTER" VALIGN="MIDDLE" WIDTH="141" HEIGHT="23">대표자</TD>
<TD COLSPAN="3" WIDTH="441" HEIGHT="23" VALIGN="MIDDLE">-</TD>
</TR>

<TR ACOPY="Y" ADELETE="Y" HEIGHT="53">
<TD ALIGN="CENTER" VALIGN="MIDDLE" WIDTH="141" HEIGHT="46">의사결정기구(의사결정권자)</TD>
<TD COLSPAN="3" WIDTH="441" HEIGHT="46" VALIGN="MIDDLE">-</TD>
</TR>

<TR ACOPY="Y" ADELETE="Y" HEIGHT="53">
<TD ALIGN="CENTER" VALIGN="MIDDLE" WIDTH="141" HEIGHT="46">최대주주(법인 대표자)</TD>
<TD WIDTH="141" HEIGHT="46" VALIGN="MIDDLE">-</TD>
<TD ALIGN="CENTER" VALIGN="MIDDLE" WIDTH="141" HEIGHT="46">최대주주 지분율</TD>
<TD WIDTH="141" HEIGHT="46" VALIGN="MIDDLE">-</TD>
</TR>
</TBODY>
</TABLE>
<P></P>
</SECTION-3>
</SECTION-2>

<SECTION-2 ACLASS="MANDATORY">
<TITLE ATOC="Y" AASSOCNOTE="D-1-3-0-0" ENG="3. Number of stocks, etc. held and holding ratio" ATOCID="8">3. 보유주식등의 수 및 보유비율</TITLE>

<TABLE-GROUP ACLASS="BFR_IFR" ADELETETABLE="N">

<TABLE ACLASS="EXTRACTION" AFIXTABLE="Y" WIDTH="820" BORDER="1">

<COLGROUP WIDTH="820">
<COL WIDTH="87"></COL>
<COL WIDTH="127"></COL>
<COL WIDTH="90"></COL>
<COL WIDTH="102"></COL>
<COL WIDTH="102"></COL>
<COL WIDTH="54"></COL>
<COL WIDTH="98"></COL>
<COL WIDTH="62"></COL>
<COL WIDTH="98"></COL>
</COLGROUP>

<THEAD>

<TR ACOPY="Y" ADELETE="Y" HEIGHT="30">
<TH ROWSPAN="2" VALIGN="MIDDLE" WIDTH="78" HEIGHT="76" ACOPYCOL="Y" ADELETECOL="Y" AMOVECOL="N" AUPDATECONT="N"></TH>
<TH ROWSPAN="2" VALIGN="MIDDLE" WIDTH="118" HEIGHT="76" ACOPYCOL="Y" ADELETECOL="Y" AMOVECOL="N" AUPDATECONT="N" ENG="Report preparation date:">보고서작성기준일</TH>
<TH COLSPAN="2" VALIGN="MIDDLE" WIDTH="183" HEIGHT="23" ACOPYCOL="Y" ADELETECOL="Y" AMOVECOL="N" AUPDATECONT="N" ENG="Reporting entity">보고자</TH>
<TH COLSPAN="2" VALIGN="MIDDLE" WIDTH="147" HEIGHT="23" ACOPYCOL="Y" ADELETECOL="Y" AMOVECOL="N" AUPDATECONT="N" ENG="Stocks, etc.">주식등</TH>
<TH COLSPAN="2" VALIGN="MIDDLE" WIDTH="151" HEIGHT="23" ACOPYCOL="Y" ADELETECOL="Y" AMOVECOL="N" AUPDATECONT="N" ENG="Share certificates">주권</TH>
<TH ROWSPAN="2" VALIGN="MIDDLE" WIDTH="89" HEIGHT="76" ACOPYCOL="Y" ADELETECOL="Y" AMOVECOL="N" AUPDATECONT="N" ENG="Total number of voting shares (shrs.)">의결권 있는 발행주식총수(주)</TH>
</TR>

<TR ACOPY="Y" ADELETE="Y" HEIGHT="53">
<TH VALIGN="MIDDLE" WIDTH="81" HEIGHT="46" ACOPYCOL="Y" ADELETECOL="Y" AMOVECOL="N" AUPDATECONT="N" ENG="Name">본인 성명</TH>
<TH VALIGN="MIDDLE" WIDTH="93" HEIGHT="46" ACOPYCOL="Y" ADELETECOL="Y" AMOVECOL="N" AUPDATECONT="N" ENG="Number of specially related parties">특별관계자수</TH>
<TH VALIGN="MIDDLE" WIDTH="93" HEIGHT="46" ACOPYCOL="Y" ADELETECOL="Y" AMOVECOL="N" AUPDATECONT="N" ENG="Number of shares, etc. (shrs.)">주식등의 수(주)</TH>
<TH VALIGN="MIDDLE" WIDTH="45" HEIGHT="46" ACOPYCOL="Y" ADELETECOL="Y" AMOVECOL="N" AUPDATECONT="N" ENG="Ratio (%)">비율(%)</TH>
<TH VALIGN="MIDDLE" WIDTH="89" HEIGHT="46" ACOPYCOL="Y" ADELETECOL="Y" AMOVECOL="N" AUPDATECONT="N" ENG="Number of shares (shrs.)">주식수(주)</TH>
<TH VALIGN="MIDDLE" WIDTH="53" HEIGHT="46" ACOPYCOL="Y" ADELETECOL="Y" AMOVECOL="N" AUPDATECONT="N" ENG="Ratio (%)">비율(%)</TH>
</TR>
</THEAD>

<TBODY>

<TR ACOPY="Y" ADELETE="Y" HEIGHT="30">
<TD ALIGN="CENTER" VALIGN="MIDDLE" WIDTH="78" HEIGHT="23" AUPDATECONT="N" ENG="Previous report">직전보고서</TD>
<TU ALIGN="CENTER" VALIGN="MIDDLE" WIDTH="118" HEIGHT="23" AUNIT="BFR_RPT_DT" AUNITVALUE="-">-</TU>
<TE ALIGN="CENTER" VALIGN="MIDDLE" WIDTH="81" HEIGHT="23" ACODE="BFR_IFR">-</TE>
<TE ALIGN="RIGHT" VALIGN="MIDDLE" WIDTH="93" HEIGHT="23" ACODE="BFR_RPT_CNT">-</TE>
<TE ALIGN="RIGHT" VALIGN="MIDDLE" WIDTH="93" HEIGHT="23" ACODE="BFR_STK_CNT">-</TE>
<TE ALIGN="RIGHT" VALIGN="MIDDLE" WIDTH="45" HEIGHT="23" ACODE="BFR_STK_RT">-</TE>
<TE ALIGN="RIGHT" VALIGN="MIDDLE" WIDTH="89" HEIGHT="23" ACODE="BFR_CMT_CNT">-</TE>
<TE ALIGN="RIGHT" VALIGN="MIDDLE" WIDTH="53" HEIGHT="23" ACODE="BFR_CMT_RT">-</TE>
<TE ALIGN="RIGHT" VALIGN="MIDDLE" WIDTH="89" HEIGHT="23" ACODE="BFR_STK_CT">-</TE>
</TR>

<TR ACOPY="Y" ADELETE="Y" HEIGHT="53">
<TD ALIGN="CENTER" VALIGN="MIDDLE" WIDTH="78" HEIGHT="46" AUPDATECONT="N" ENG="Current report">이번보고서</TD>
<TU ALIGN="CENTER" VALIGN="MIDDLE" WIDTH="118" HEIGHT="46" AUNIT="THS_RPT_DT" AUNITVALUE="20251231">2025년 12월 31일</TU>
<TE ALIGN="CENTER" VALIGN="MIDDLE" WIDTH="81" HEIGHT="46" ACODE="THS_IFR">Crucible JV LLC</TE>
<TE ALIGN="RIGHT" VALIGN="MIDDLE" WIDTH="93" HEIGHT="46" ACODE="THS_RPT_CNT">1</TE>
<TE ALIGN="RIGHT" VALIGN="MIDDLE" WIDTH="93" HEIGHT="46" ACODE="THS_STK_CNT">2,209,716</TE>
<TE ALIGN="RIGHT" VALIGN="MIDDLE" WIDTH="45" HEIGHT="46" ACODE="THS_STK_RT">10.59</TE>
<TE ALIGN="RIGHT" VALIGN="MIDDLE" WIDTH="89" HEIGHT="46" ACODE="THS_CMT_CNT">2,209,716</TE>
<TE ALIGN="RIGHT" VALIGN="MIDDLE" WIDTH="53" HEIGHT="46" ACODE="THS_CMT_RT">10.59</TE>
<TE ALIGN="RIGHT" VALIGN="MIDDLE" WIDTH="89" HEIGHT="46" ACODE="THS_STK_CT">20,872,969</TE>
</TR>

<TR ACOPY="Y" ADELETE="Y" HEIGHT="30">
<TD COLSPAN="4" ALIGN="CENTER" VALIGN="MIDDLE" WIDTH="397" HEIGHT="23" AUPDATECONT="N" ENG="Increase or decrease">증    감</TD>
<TE ALIGN="RIGHT" VALIGN="MIDDLE" WIDTH="93" HEIGHT="23" ACODE="MDF_STK_CNT">2,209,716</TE>
<TE ALIGN="RIGHT" VALIGN="MIDDLE" WIDTH="45" HEIGHT="23" ACODE="MDF_STK_RT">10.59</TE>
<TE ALIGN="RIGHT" VALIGN="MIDDLE" WIDTH="89" HEIGHT="23" ACODE="MDF_CMT_CNT">2,209,716</TE>
<TE ALIGN="RIGHT" VALIGN="MIDDLE" WIDTH="53" HEIGHT="23" ACODE="MDF_CMT_RT">10.59</TE>
<TE ALIGN="RIGHT" VALIGN="MIDDLE" WIDTH="89" HEIGHT="23" ACODE="MDF_STK_CT">20,872,969</TE>
</TR>
</TBODY>
</TABLE>
</TABLE-GROUP>
<P></P>
</SECTION-2>

<SECTION-2 ACLASS="MANDATORY">
<TITLE ATOC="Y" AASSOCNOTE="D-1-4-0-0" ENG="4. Purpose of holding" ATOCID="9">4. 보유목적</TITLE>

<TABLE-GROUP ACLASS="HLD_OBJ_DTL" ADELETETABLE="N">

<TABLE ACLASS="EXTRACTION" AFIXTABLE="Y" WIDTH="153" BORDER="1">

<COLGROUP WIDTH="153">
<COL WIDTH="153"></COL>
</COLGROUP>

<TBODY>

<TR ACOPY="Y" ADELETE="Y" HEIGHT="30">
<TU WIDTH="144" HEIGHT="23" VALIGN="MIDDLE" AUNIT="PUR_OWN" AUNITVALUE="01" ENG="Influence on management">경영권 영향</TU>
</TR>
</TBODY>
</TABLE>

<TABLE ACLASS="EXTRACTION" AFIXTABLE="Y" WIDTH="600" BORDER="1">

<COLGROUP WIDTH="600">
<COL WIDTH="600"></COL>
</COLGROUP>

<TBODY>

<TR ACOPY="Y" ADELETE="Y" HEIGHT="421">
<TE WIDTH="591" HEIGHT="414" ACODE="HLD_OBJ_DTL">보고자는 보고일 현재 자본시장과 금융투자업에 관한 법률 시행령 제154조 제1항 각 호의 사항에 대하여 직, 간접적인 영향력(이사회 구성 및 회사 경영에 관한 사항 등)을 행사할 수 있습니다. 보고자는 발행회사의 업무집행과 관련하여 위 각 호의 사항이 발생할 경우에는 발행회사의 경영목적에 부합하도록 적법한 절차에 의하여 주주의 권리를 행사할 예정입니다.[자본시장과 금융투자업에 관한 법률 시행령 제154조 제1항 각 호(아래1~9호)]1.이사 및 감사의 선임,해임 또는 직무의 정지2.이사회 등 회사의 기관과 관련된 정관의 변경3.회사의 자본금의 변경4.회사의 합병,분할 및 분할방법5.주식의 포괄적 교환 및 이전6.영업전부의 양수,양도 또는 금융위원회가 정하여 고시하는 중요한 일부의 양수,양도7.자산의 전부의 처분 또는 금융위원회가 정하여 고시하는 중요한 일부의 처분8.영업전부의 임대 또는 경영위임,타인과 영업의 손익 전부를 같이 하는 계약, 그 밖에이에 준하는 계약의 체결,변질 또한 해약9. 회사의 해산</TE>
</TR>
</TBODY>
</TABLE>
</TABLE-GROUP>
<P></P>
</SECTION-2>

<SECTION-2 ACLASS="MANDATORY">
<TITLE ATOC="Y" AASSOCNOTE="D-1-5-0-0" ENG="5. Reasons for change [Modification]" ATOCID="10">5. 변동[변경]사유</TITLE>

<TABLE-GROUP ACLASS="CHN_RSN_DTL" ADELETETABLE="N">

<TABLE ACLASS="EXTRACTION" AFIXTABLE="Y" WIDTH="600" BORDER="1">

<COLGROUP WIDTH="600">
<COL WIDTH="106"></COL>
<COL WIDTH="494"></COL>
</COLGROUP>

<TBODY>

<TR ACOPY="Y" ADELETE="Y" HEIGHT="30">
<TD ALIGN="CENTER" VALIGN="MIDDLE" WIDTH="97" HEIGHT="23" AUPDATECONT="N" ENG="Method of change">변동방법</TD>

<TE WIDTH="485" HEIGHT="23" ACODE="CHN_HOW">
<P USERMARK="0X282828">발행회사의 제3자배정 유상증자에 따른 신주 취득</P>
</TE>
</TR>

<TR ACOPY="Y" ADELETE="Y" HEIGHT="53">
<TD ALIGN="CENTER" VALIGN="MIDDLE" WIDTH="97" HEIGHT="46" AUPDATECONT="N" ENG="Reasons for the change">변동사유</TD>

<TE WIDTH="485" HEIGHT="46" ACODE="CHN_RSN">
<P USERMARK="0X282828">발행회사의 제3자배정 유상증자에 따른 신주 취득</P>
<P>경영참여목적</P>
</TE>
</TR>

<TR ACOPY="Y" ADELETE="Y" HEIGHT="30">
<TD ALIGN="CENTER" VALIGN="MIDDLE" WIDTH="97" HEIGHT="23" AUPDATECONT="N" ENG="Reasons for change">변경사유</TD>
<TE WIDTH="485" HEIGHT="23" ACODE="CHN_RSM">-</TE>
</TR>
</TBODY>
</TABLE>
</TABLE-GROUP>
<P></P>
<PGBRK></PGBRK>
</SECTION-2>
</SECTION-1>

<SECTION-1 ACLASS="MANDATORY" APARTSOURCE="SOURCE">
<TITLE ATOC="Y" ENG="Part 2 Details of Significant Holdings" ATOCID="11">제2부 대량보유내역</TITLE>
<P></P>

<SECTION-2 ACLASS="MANDATORY">
<TITLE ATOC="Y" ENG="1. Holding status by reporting entity and specially related party" ATOCID="12">1. 보고자 및 특별관계자별 보유내역</TITLE>

<SECTION-3 ACLASS="MANDATORY">
<TITLE ATOC="Y" AASSOCNOTE="D-2-1-1-0" ENG="A. Holdings details by type of stock, etc." ATOCID="13">가. 주식등의 종류별 보유내역</TITLE>

<TABLE-GROUP ACLASS="CST_CNT1" ADELETETABLE="N">

<TABLE ACLASS="EXTRACTION" AFIXTABLE="N" WIDTH="883" BORDER="1">

<COLGROUP WIDTH="883">
<COL WIDTH="55"></COL>
<COL WIDTH="69"></COL>
<COL WIDTH="102"></COL>
<COL WIDTH="61"></COL>
<COL WIDTH="63"></COL>
<COL WIDTH="68"></COL>
<COL WIDTH="77"></COL>
<COL WIDTH="62"></COL>
<COL WIDTH="73"></COL>
<COL WIDTH="60"></COL>
<COL WIDTH="52"></COL>
<COL WIDTH="38"></COL>
<COL WIDTH="52"></COL>
<COL WIDTH="51"></COL>
</COLGROUP>

<THEAD>

<TR ACOPY="N" ADELETE="N" HEIGHT="30">
<TH ROWSPAN="3" VALIGN="MIDDLE" WIDTH="46" HEIGHT="175" ACOPYCOL="N" ADELETECOL="N" AMOVECOL="N" AUPDATECONT="N" ENG="Relationship">관 계</TH>
<TH ROWSPAN="3" VALIGN="MIDDLE" WIDTH="60" HEIGHT="175" ACOPYCOL="N" ADELETECOL="N" AMOVECOL="N" AUPDATECONT="N" ENG="Name (Title)">성 명(명칭)</TH>
<TH ROWSPAN="3" VALIGN="MIDDLE" WIDTH="93" HEIGHT="175" ACOPYCOL="N" ADELETECOL="N" AMOVECOL="N" AUPDATECONT="N" ENG="Date of birth or business registration No., etc.">생년월일또는사업자등록번호 등</TH>
<TH COLSPAN="11" VALIGN="MIDDLE" WIDTH="648" HEIGHT="23" ACOPYCOL="N" ADELETECOL="N" AMOVECOL="N" AUPDATECONT="N" ENG="Details of stocks held, etc.">보유주식등의 내역</TH>
</TR>

<TR ACOPY="N" ADELETE="N" HEIGHT="30">
<TH COLSPAN="3" VALIGN="MIDDLE" WIDTH="183" HEIGHT="23" ACOPYCOL="N" ADELETECOL="N" AMOVECOL="N" AUPDATECONT="N" ENG="Share certificates">주 권</TH>
<TH ROWSPAN="2" VALIGN="MIDDLE" WIDTH="68" HEIGHT="145" ACOPYCOL="N" ADELETECOL="N" AMOVECOL="N" AUPDATECONT="N" ENG="Those with warrants">신주인수권이표시된것</TH>
<TH ROWSPAN="2" VALIGN="MIDDLE" WIDTH="53" HEIGHT="145" ACOPYCOL="N" ADELETECOL="N" AMOVECOL="N" AUPDATECONT="N" ENG="Convertible bonds">전환사채권</TH>
<TH ROWSPAN="2" VALIGN="MIDDLE" WIDTH="64" HEIGHT="145" ACOPYCOL="N" ADELETECOL="N" AMOVECOL="N" AUPDATECONT="N" ENG="Bonds with warrants">신주인수권부사채권</TH>
<TH ROWSPAN="2" VALIGN="MIDDLE" WIDTH="51" HEIGHT="145" ACOPYCOL="N" ADELETECOL="N" AMOVECOL="N" AUPDATECONT="N" ENG="Exchangeable bonds">교환사채권</TH>
<TH ROWSPAN="2" VALIGN="MIDDLE" WIDTH="43" HEIGHT="145" ACOPYCOL="N" ADELETECOL="N" AMOVECOL="N" AUPDATECONT="N" ENG="Depositary receipts">증권예탁증권</TH>
<TH ROWSPAN="2" VALIGN="MIDDLE" WIDTH="29" HEIGHT="145" ACOPYCOL="N" ADELETECOL="N" AMOVECOL="N" AUPDATECONT="N" ENG="Others">기타</TH>
<TH COLSPAN="2" VALIGN="MIDDLE" WIDTH="94" HEIGHT="23" ACOPYCOL="N" ADELETECOL="N" AMOVECOL="N" AUPDATECONT="N" ENG="Total">합 계</TH>
</TR>

<TR ACOPY="N" ADELETE="N" HEIGHT="122">
<TH VALIGN="MIDDLE" WIDTH="52" HEIGHT="115" ACOPYCOL="N" ADELETECOL="N" AMOVECOL="N" AUPDATECONT="N" ENG="Voting share">의결권있는주식</TH>
<TH VALIGN="MIDDLE" WIDTH="54" HEIGHT="115" ACOPYCOL="N" ADELETECOL="N" AMOVECOL="N" AUPDATECONT="N" ENG="Stocks to be redeemed with voting share">의결권있는 주식으로상환될주식</TH>
<TH VALIGN="MIDDLE" WIDTH="59" HEIGHT="115" ACOPYCOL="N" ADELETECOL="N" AMOVECOL="N" AUPDATECONT="N" ENG="Stocks to be converted to voting share">의결권있는 주식으로전환될 주식</TH>
<TH VALIGN="MIDDLE" WIDTH="43" HEIGHT="115" ACOPYCOL="N" ADELETECOL="N" AMOVECOL="N" AUPDATECONT="N" ENG="Number of shares (shrs.)">주수(주)</TH>
<TH VALIGN="MIDDLE" WIDTH="42" HEIGHT="115" ACOPYCOL="N" ADELETECOL="N" AMOVECOL="N" AUPDATECONT="N" ENG="Ratio (%)">비율(%)</TH>
</TR>
</THEAD>

<TBODY>

<TR ACOPY="N" ADELETE="N" HEIGHT="53">
<TD ALIGN="CENTER" VALIGN="MIDDLE" WIDTH="46" HEIGHT="46" AUPDATECONT="N" ENG="Reporting entity">보고자</TD>
<TE ALIGN="CENTER" VALIGN="MIDDLE" WIDTH="60" HEIGHT="46" ACODE="SPC_NM"> Crucible JV LLC</TE>

<TE ALIGN="CENTER" VALIGN="MIDDLE" WIDTH="93" HEIGHT="46" ACODE="SPC_ID2">
<P USERMARK="A-C">98450054053A0839FE79</P>
</TE>
<TE ALIGN="RIGHT" VALIGN="MIDDLE" WIDTH="52" HEIGHT="46" ACODE="ATK_CNT">2,209,716</TE>
<TE ALIGN="RIGHT" VALIGN="MIDDLE" WIDTH="54" HEIGHT="46" ACODE="REP_CNT">-</TE>
<TE ALIGN="RIGHT" VALIGN="MIDDLE" WIDTH="59" HEIGHT="46" ACODE="CHN_CNT">-</TE>
<TE ALIGN="RIGHT" VALIGN="MIDDLE" WIDTH="68" HEIGHT="46" ACODE="ACC_CNT">-</TE>
<TE ALIGN="RIGHT" VALIGN="MIDDLE" WIDTH="53" HEIGHT="46" ACODE="CB_CNT">-</TE>
<TE ALIGN="RIGHT" VALIGN="MIDDLE" WIDTH="64" HEIGHT="46" ACODE="LN_CNT">-</TE>
<TE ALIGN="RIGHT" VALIGN="MIDDLE" WIDTH="51" HEIGHT="46" ACODE="EB_CNT">-</TE>
<TE ALIGN="RIGHT" VALIGN="MIDDLE" WIDTH="43" HEIGHT="46" ACODE="CF_CNT">-</TE>
<TE ALIGN="RIGHT" VALIGN="MIDDLE" WIDTH="29" HEIGHT="46" ACODE="ET_CNT">-</TE>
<TE ALIGN="RIGHT" VALIGN="MIDDLE" WIDTH="43" HEIGHT="46" ACODE="STK_CNT">2,209,716</TE>
<TE ALIGN="RIGHT" VALIGN="MIDDLE" WIDTH="42" HEIGHT="46" ACODE="STK_RT">10.59</TE>
</TR>

<TR ACOPY="N" ADELETE="N" HEIGHT="30">
<TD ROWSPAN="3" ALIGN="CENTER" VALIGN="MIDDLE" WIDTH="46" HEIGHT="83" AUPDATECONT="N" ENG="Specially related parties">특별관계자</TD>
<TE ALIGN="CENTER" VALIGN="MIDDLE" WIDTH="60" HEIGHT="23" ACODE="SPC_NM">-</TE>
<TE ALIGN="CENTER" VALIGN="MIDDLE" WIDTH="93" HEIGHT="23" ACODE="SPC_ID2">-</TE>
<TE ALIGN="RIGHT" VALIGN="MIDDLE" WIDTH="52" HEIGHT="23" ACODE="ATK_CNT">-</TE>
<TE ALIGN="RIGHT" VALIGN="MIDDLE" WIDTH="54" HEIGHT="23" ACODE="REP_CNT">-</TE>
<TE ALIGN="RIGHT" VALIGN="MIDDLE" WIDTH="59" HEIGHT="23" ACODE="CHN_CNT">-</TE>
<TE ALIGN="RIGHT" VALIGN="MIDDLE" WIDTH="68" HEIGHT="23" ACODE="ACC_CNT">-</TE>
<TE ALIGN="RIGHT" VALIGN="MIDDLE" WIDTH="53" HEIGHT="23" ACODE="CB_CNT">-</TE>
<TE ALIGN="RIGHT" VALIGN="MIDDLE" WIDTH="64" HEIGHT="23" ACODE="LN_CNT">-</TE>
<TE ALIGN="RIGHT" VALIGN="MIDDLE" WIDTH="51" HEIGHT="23" ACODE="EB_CNT">-</TE>
<TE ALIGN="RIGHT" VALIGN="MIDDLE" WIDTH="43" HEIGHT="23" ACODE="CF_CNT">-</TE>
<TE ALIGN="RIGHT" VALIGN="MIDDLE" WIDTH="29" HEIGHT="23" ACODE="ET_CNT">-</TE>
<TE ALIGN="RIGHT" VALIGN="MIDDLE" WIDTH="43" HEIGHT="23" ACODE="STK_CNT">-</TE>
<TE ALIGN="RIGHT" VALIGN="MIDDLE" WIDTH="42" HEIGHT="23" ACODE="STK_RT">-</TE>
</TR>

<TR ACOPY="Y" ADELETE="N" HEIGHT="30">
<TE ALIGN="CENTER" VALIGN="MIDDLE" WIDTH="60" HEIGHT="23" ACODE="SPC_NM">-</TE>
<TE ALIGN="CENTER" VALIGN="MIDDLE" WIDTH="93" HEIGHT="23" ACODE="SPC_ID2">-</TE>
<TE ALIGN="RIGHT" VALIGN="MIDDLE" WIDTH="52" HEIGHT="23" ACODE="ATK_CNT">-</TE>
<TE ALIGN="RIGHT" VALIGN="MIDDLE" WIDTH="54" HEIGHT="23" ACODE="REP_CNT">-</TE>
<TE ALIGN="RIGHT" VALIGN="MIDDLE" WIDTH="59" HEIGHT="23" ACODE="CHN_CNT">-</TE>
<TE ALIGN="RIGHT" VALIGN="MIDDLE" WIDTH="68" HEIGHT="23" ACODE="ACC_CNT">-</TE>
<TE ALIGN="RIGHT" VALIGN="MIDDLE" WIDTH="53" HEIGHT="23" ACODE="CB_CNT">-</TE>
<TE ALIGN="RIGHT" VALIGN="MIDDLE" WIDTH="64" HEIGHT="23" ACODE="LN_CNT">-</TE>
<TE ALIGN="RIGHT" VALIGN="MIDDLE" WIDTH="51" HEIGHT="23" ACODE="EB_CNT">-</TE>
<TE ALIGN="RIGHT" VALIGN="MIDDLE" WIDTH="43" HEIGHT="23" ACODE="CF_CNT">-</TE>
<TE ALIGN="RIGHT" VALIGN="MIDDLE" WIDTH="29" HEIGHT="23" ACODE="ET_CNT">-</TE>
<TE ALIGN="RIGHT" VALIGN="MIDDLE" WIDTH="43" HEIGHT="23" ACODE="STK_CNT">-</TE>
<TE ALIGN="RIGHT" VALIGN="MIDDLE" WIDTH="42" HEIGHT="23" ACODE="STK_RT">-</TE>
</TR>

<TR ACOPY="Y" ADELETE="Y" HEIGHT="30">
<TE ALIGN="CENTER" VALIGN="MIDDLE" WIDTH="60" HEIGHT="23" ACODE="SPC_NM">-</TE>
<TE ALIGN="CENTER" VALIGN="MIDDLE" WIDTH="93" HEIGHT="23" ACODE="SPC_ID2">-</TE>
<TE ALIGN="RIGHT" VALIGN="MIDDLE" WIDTH="52" HEIGHT="23" ACODE="ATK_CNT">-</TE>
<TE ALIGN="RIGHT" VALIGN="MIDDLE" WIDTH="54" HEIGHT="23" ACODE="REP_CNT">-</TE>
<TE ALIGN="RIGHT" VALIGN="MIDDLE" WIDTH="59" HEIGHT="23" ACODE="CHN_CNT">-</TE>
<TE ALIGN="RIGHT" VALIGN="MIDDLE" WIDTH="68" HEIGHT="23" ACODE="ACC_CNT">-</TE>
<TE ALIGN="RIGHT" VALIGN="MIDDLE" WIDTH="53" HEIGHT="23" ACODE="CB_CNT">-</TE>
<TE ALIGN="RIGHT" VALIGN="MIDDLE" WIDTH="64" HEIGHT="23" ACODE="LN_CNT">-</TE>
<TE ALIGN="RIGHT" VALIGN="MIDDLE" WIDTH="51" HEIGHT="23" ACODE="EB_CNT">-</TE>
<TE ALIGN="RIGHT" VALIGN="MIDDLE" WIDTH="43" HEIGHT="23" ACODE="CF_CNT">-</TE>
<TE ALIGN="RIGHT" VALIGN="MIDDLE" WIDTH="29" HEIGHT="23" ACODE="ET_CNT">-</TE>
<TE ALIGN="RIGHT" VALIGN="MIDDLE" WIDTH="43" HEIGHT="23" ACODE="STK_CNT">-</TE>
<TE ALIGN="RIGHT" VALIGN="MIDDLE" WIDTH="42" HEIGHT="23" ACODE="STK_RT">-</TE>
</TR>

<TR ACOPY="N" ADELETE="N" HEIGHT="30">
<TD ROWSPAN="2" COLSPAN="3" ALIGN="CENTER" VALIGN="MIDDLE" WIDTH="217" HEIGHT="53" AUPDATECONT="N"></TD>
<TD ALIGN="CENTER" VALIGN="MIDDLE" WIDTH="52" HEIGHT="53" AUPDATECONT="N" ROWSPAN="2">A</TD>
<TD ALIGN="CENTER" VALIGN="MIDDLE" WIDTH="54" HEIGHT="23" AUPDATECONT="N">a1</TD>
<TD ALIGN="CENTER" VALIGN="MIDDLE" WIDTH="59" HEIGHT="23" AUPDATECONT="N">a2</TD>
<TD ALIGN="CENTER" VALIGN="MIDDLE" WIDTH="68" HEIGHT="23" AUPDATECONT="N">B</TD>
<TD ALIGN="CENTER" VALIGN="MIDDLE" WIDTH="53" HEIGHT="23" AUPDATECONT="N">C</TD>
<TD ALIGN="CENTER" VALIGN="MIDDLE" WIDTH="64" HEIGHT="23" AUPDATECONT="N">D</TD>
<TD ALIGN="CENTER" VALIGN="MIDDLE" WIDTH="51" HEIGHT="23" AUPDATECONT="N">E</TD>
<TD ALIGN="CENTER" VALIGN="MIDDLE" WIDTH="43" HEIGHT="23" AUPDATECONT="N">F</TD>
<TD ALIGN="CENTER" VALIGN="MIDDLE" WIDTH="29" HEIGHT="23" AUPDATECONT="N">G</TD>
<TD ROWSPAN="2" ALIGN="CENTER" VALIGN="MIDDLE" WIDTH="43" HEIGHT="53" AUPDATECONT="N"></TD>
<TD ROWSPAN="2" ALIGN="CENTER" VALIGN="MIDDLE" WIDTH="42" HEIGHT="53" AUPDATECONT="N"></TD>
</TR>

<TR ACOPY="N" ADELETE="N" HEIGHT="30">
<TD COLSPAN="8" ALIGN="CENTER" VALIGN="MIDDLE" WIDTH="484" HEIGHT="23" AUPDATECONT="N">H</TD>
</TR>
</TBODY>
</TABLE>
</TABLE-GROUP>
<P></P>

<TABLE-GROUP ACLASS="HLD_RT" ADELETETABLE="N">

<TABLE ACLASS="EXTRACTION" AFIXTABLE="Y" WIDTH="600" BORDER="1">

<COLGROUP WIDTH="600">
<COL WIDTH="124"></COL>
<COL WIDTH="163"></COL>
<COL WIDTH="176"></COL>
<COL WIDTH="137"></COL>
</COLGROUP>

<THEAD>

<TR ACOPY="Y" ADELETE="Y" HEIGHT="30">
<TH ROWSPAN="2" VALIGN="MIDDLE" WIDTH="115" HEIGHT="99" ACOPYCOL="Y" ADELETECOL="Y" AMOVECOL="N" AUPDATECONT="N" ENG="Total number of voting shares (I)">의결권있는발행주식 총수(I)</TH>
<TH ROWSPAN="2" VALIGN="MIDDLE" WIDTH="154" HEIGHT="99" ACOPYCOL="Y" ADELETECOL="Y" AMOVECOL="N" AUPDATECONT="N" ENG="Number of potential shares held (a1+a2+B+C+D+E+F+G=H)">보유잠재주식의 수(a1+a2+B+C+D+E+F+G=H)</TH>
<TH COLSPAN="2" VALIGN="MIDDLE" WIDTH="304" HEIGHT="23" ACOPYCOL="Y" ADELETECOL="Y" AMOVECOL="N" AUPDATECONT="N" ENG="Holding ratio (%)">보유비율(%)</TH>
</TR>

<TR ACOPY="Y" ADELETE="Y" HEIGHT="76">
<TH VALIGN="MIDDLE" WIDTH="167" HEIGHT="69" ACOPYCOL="Y" ADELETECOL="Y" AMOVECOL="N" AUPDATECONT="N" ENG="Holding ratio of stocks, etc. [A+H / I+H-(E+F+G)※] × 100">주식등의 보유비율[A+H / I+H-(E+F+G)※] × 100 </TH>
<TH VALIGN="MIDDLE" WIDTH="128" HEIGHT="69" ACOPYCOL="Y" ADELETECOL="Y" AMOVECOL="N" AUPDATECONT="N" ENG="Holding ratio of share certificates (A / I) × 100">주권의 보유비율(A / I) × 100  </TH>
</TR>
</THEAD>

<TBODY>

<TR ACOPY="Y" ADELETE="Y" HEIGHT="30">
<TE ALIGN="RIGHT" WIDTH="115" HEIGHT="23" ACODE="VOT_STK_CNT">20,872,969</TE>
<TE ALIGN="RIGHT" WIDTH="154" HEIGHT="23" ACODE="HLD_STK_CNT">-</TE>
<TE ALIGN="RIGHT" WIDTH="167" HEIGHT="23" ACODE="HLD_STK_RT">10.59</TE>
<TE ALIGN="RIGHT" WIDTH="128" HEIGHT="23" ACODE="HLD_CMT_RT">10.59</TE>
</TR>
</TBODY>
</TABLE>
</TABLE-GROUP>
<P>※ 교환대상이 주식인 교환사채권, 기초자산이 주식인 증권예탁증권ㆍ파생결합증권 및 자기주식을 교부하는 주식매수선택권 등에 한하여 분모에서 제외하고 보유비율을 산정</P>
</SECTION-3>

<SECTION-3 ACLASS="MANDATORY">
<TITLE ATOC="Y" AASSOCNOTE="D-2-1-2-0" ENG="B. Details of holdings by holding type" ATOCID="14">나. 보유형태별 보유내역</TITLE>

<TABLE-GROUP ACLASS="HLD_STK" ADELETETABLE="N">

<TABLE ACLASS="EXTRACTION" AFIXTABLE="N" WIDTH="754" BORDER="1">

<COLGROUP WIDTH="754">
<COL WIDTH="57"></COL>
<COL WIDTH="76"></COL>
<COL WIDTH="79"></COL>
<COL WIDTH="81"></COL>
<COL WIDTH="42"></COL>
<COL WIDTH="45"></COL>
<COL WIDTH="59"></COL>
<COL WIDTH="59"></COL>
<COL WIDTH="59"></COL>
<COL WIDTH="59"></COL>
<COL WIDTH="69"></COL>
<COL WIDTH="69"></COL>
</COLGROUP>

<THEAD>

<TR ACOPY="N" ADELETE="N" HEIGHT="53">
<TH ROWSPAN="2" VALIGN="MIDDLE" WIDTH="48" HEIGHT="122" ACOPYCOL="N" ADELETECOL="N" AMOVECOL="N" AUPDATECONT="N" ENG="Relationship">관계</TH>
<TH ROWSPAN="2" VALIGN="MIDDLE" WIDTH="67" HEIGHT="122" ACOPYCOL="N" ADELETECOL="N" AMOVECOL="N" AUPDATECONT="N" ENG="Name (Title)">성명(명칭)</TH>
<TH ROWSPAN="2" VALIGN="MIDDLE" WIDTH="70" HEIGHT="122" ACOPYCOL="N" ADELETECOL="N" AMOVECOL="N" AUPDATECONT="N" ENG="Date of birth or business registration No., etc.">생년월일또는사업자등록번호 등</TH>
<TH COLSPAN="7" VALIGN="MIDDLE" WIDTH="395" HEIGHT="46" ACOPYCOL="N" ADELETECOL="N" AMOVECOL="N" AUPDATECONT="N" ENG="Holdings similar to ownership under Article 142 of the Enforcement Decree of The Financial Investment Services And Capital Markets Act">소유에 준하는 보유(자본시장과 금융투자업에 관한 법률 시행령 제142조) 형태</TH>
<TH COLSPAN="2" VALIGN="MIDDLE" WIDTH="129" HEIGHT="46" ACOPYCOL="N" ADELETECOL="N" AMOVECOL="N" AUPDATECONT="N" ENG="Total">합계</TH>
</TR>

<TR ACOPY="N" ADELETE="N" HEIGHT="76">
<TH VALIGN="MIDDLE" WIDTH="72" HEIGHT="69" ACOPYCOL="N" ADELETECOL="N" AMOVECOL="N" AUPDATECONT="N" ENG="Subparagraph 1">제1호</TH>
<TH VALIGN="MIDDLE" WIDTH="33" HEIGHT="69" ACOPYCOL="N" ADELETECOL="N" AMOVECOL="N" AUPDATECONT="N" ENG="Subparagraph 2">제2호</TH>
<TH VALIGN="MIDDLE" WIDTH="36" HEIGHT="69" ACOPYCOL="N" ADELETECOL="N" AMOVECOL="N" AUPDATECONT="N" ENG="Subparagraph 3">제3호</TH>
<TH VALIGN="MIDDLE" WIDTH="50" HEIGHT="69" ACOPYCOL="N" ADELETECOL="N" AMOVECOL="N" AUPDATECONT="N" ENG="Subparagraph 4">제4호</TH>
<TH VALIGN="MIDDLE" WIDTH="50" HEIGHT="69" ACOPYCOL="N" ADELETECOL="N" AMOVECOL="N" AUPDATECONT="N" ENG="Subparagraph 5">제5호</TH>
<TH VALIGN="MIDDLE" WIDTH="50" HEIGHT="69" ACOPYCOL="N" ADELETECOL="N" AMOVECOL="N" AUPDATECONT="N" ENG="Subparagraph 6">제6호</TH>
<TH VALIGN="MIDDLE" WIDTH="50" HEIGHT="69" ACOPYCOL="N" ADELETECOL="N" AMOVECOL="N" AUPDATECONT="N" ENG="Subparagraph 7">제7호</TH>
<TH VALIGN="MIDDLE" WIDTH="60" HEIGHT="69" ACOPYCOL="N" ADELETECOL="N" AMOVECOL="N" AUPDATECONT="N" ENG="Number of shares">주수</TH>
<TH VALIGN="MIDDLE" WIDTH="60" HEIGHT="69" ACOPYCOL="N" ADELETECOL="N" AMOVECOL="N" AUPDATECONT="N" ENG="Ratio">비율</TH>
</TR>
</THEAD>

<TBODY>

<TR ACOPY="N" ADELETE="N" HEIGHT="76">
<TD ALIGN="CENTER" VALIGN="MIDDLE" WIDTH="48" HEIGHT="69" AUPDATECONT="N" ENG="Reporting entity">보고자</TD>
<TE ALIGN="CENTER" VALIGN="MIDDLE" WIDTH="67" HEIGHT="69" ACODE="SPC_NM">Crucible JV LLC</TE>

<TE ALIGN="CENTER" VALIGN="MIDDLE" WIDTH="70" HEIGHT="69" ACODE="SPC_ID2">
<P USERMARK="A-C">98450054053A0839FE79</P>
</TE>
<TE ALIGN="RIGHT" VALIGN="MIDDLE" WIDTH="72" HEIGHT="69" ACODE="STK_CNT1">2,209,716</TE>
<TE ALIGN="RIGHT" VALIGN="MIDDLE" WIDTH="33" HEIGHT="69" ACODE="STK_CNT2">-</TE>
<TE ALIGN="RIGHT" VALIGN="MIDDLE" WIDTH="36" HEIGHT="69" ACODE="STK_CNT3">-</TE>
<TE ALIGN="RIGHT" VALIGN="MIDDLE" WIDTH="50" HEIGHT="69" ACODE="STK_CNT4">-</TE>
<TE ALIGN="RIGHT" VALIGN="MIDDLE" WIDTH="50" HEIGHT="69" ACODE="STK_CNT5">-</TE>
<TE ALIGN="RIGHT" VALIGN="MIDDLE" WIDTH="50" HEIGHT="69" ACODE="STK_CNT6">-</TE>
<TE ALIGN="RIGHT" VALIGN="MIDDLE" WIDTH="50" HEIGHT="69" ACODE="STK_CNT7">-</TE>
<TE ALIGN="RIGHT" VALIGN="MIDDLE" WIDTH="60" HEIGHT="69" ACODE="HLD_TOT_CNT">2,209,716</TE>
<TE ALIGN="RIGHT" VALIGN="MIDDLE" WIDTH="60" HEIGHT="69" ACODE="HLD_TOT_RT">10.59</TE>
</TR>

<TR ACOPY="N" ADELETE="N" HEIGHT="30">
<TD ROWSPAN="3" ALIGN="CENTER" VALIGN="MIDDLE" WIDTH="48" HEIGHT="83" AUPDATECONT="N" ENG="Specially related parties">특별관계자</TD>
<TE ALIGN="CENTER" VALIGN="MIDDLE" WIDTH="67" HEIGHT="23" ACODE="SPC_NM">-</TE>
<TE ALIGN="CENTER" VALIGN="MIDDLE" WIDTH="70" HEIGHT="23" ACODE="SPC_ID2">-</TE>
<TE ALIGN="RIGHT" VALIGN="MIDDLE" WIDTH="72" HEIGHT="23" ACODE="STK_CNT1">-</TE>
<TE ALIGN="RIGHT" VALIGN="MIDDLE" WIDTH="33" HEIGHT="23" ACODE="STK_CNT2">-</TE>
<TE ALIGN="RIGHT" VALIGN="MIDDLE" WIDTH="36" HEIGHT="23" ACODE="STK_CNT3">-</TE>
<TE ALIGN="RIGHT" VALIGN="MIDDLE" WIDTH="50" HEIGHT="23" ACODE="STK_CNT4">-</TE>
<TE ALIGN="RIGHT" VALIGN="MIDDLE" WIDTH="50" HEIGHT="23" ACODE="STK_CNT5">-</TE>
<TE ALIGN="RIGHT" VALIGN="MIDDLE" WIDTH="50" HEIGHT="23" ACODE="STK_CNT6">-</TE>
<TE ALIGN="RIGHT" VALIGN="MIDDLE" WIDTH="50" HEIGHT="23" ACODE="STK_CNT7">-</TE>
<TE ALIGN="RIGHT" VALIGN="MIDDLE" WIDTH="60" HEIGHT="23" ACODE="HLD_TOT_CNT">-</TE>
<TE ALIGN="RIGHT" VALIGN="MIDDLE" WIDTH="60" HEIGHT="23" ACODE="HLD_TOT_RT">-</TE>
</TR>

<TR ACOPY="Y" ADELETE="N" HEIGHT="30">
<TE ALIGN="CENTER" VALIGN="MIDDLE" WIDTH="67" HEIGHT="23" ACODE="SPC_NM">-</TE>
<TE ALIGN="CENTER" VALIGN="MIDDLE" WIDTH="70" HEIGHT="23" ACODE="SPC_ID2">-</TE>
<TE ALIGN="RIGHT" VALIGN="MIDDLE" WIDTH="72" HEIGHT="23" ACODE="STK_CNT1">-</TE>
<TE ALIGN="RIGHT" VALIGN="MIDDLE" WIDTH="33" HEIGHT="23" ACODE="STK_CNT2">-</TE>
<TE ALIGN="RIGHT" VALIGN="MIDDLE" WIDTH="36" HEIGHT="23" ACODE="STK_CNT3">-</TE>
<TE ALIGN="RIGHT" VALIGN="MIDDLE" WIDTH="50" HEIGHT="23" ACODE="STK_CNT4">-</TE>
<TE ALIGN="RIGHT" VALIGN="MIDDLE" WIDTH="50" HEIGHT="23" ACODE="STK_CNT5">-</TE>
<TE ALIGN="RIGHT" VALIGN="MIDDLE" WIDTH="50" HEIGHT="23" ACODE="STK_CNT6">-</TE>
<TE ALIGN="RIGHT" VALIGN="MIDDLE" WIDTH="50" HEIGHT="23" ACODE="STK_CNT7">-</TE>
<TE ALIGN="RIGHT" VALIGN="MIDDLE" WIDTH="60" HEIGHT="23" ACODE="HLD_TOT_CNT">-</TE>
<TE ALIGN="RIGHT" VALIGN="MIDDLE" WIDTH="60" HEIGHT="23" ACODE="HLD_TOT_RT">-</TE>
</TR>

<TR ACOPY="Y" ADELETE="Y" HEIGHT="30">
<TE ALIGN="CENTER" VALIGN="MIDDLE" WIDTH="67" HEIGHT="23" ACODE="SPC_NM">-</TE>
<TE ALIGN="CENTER" VALIGN="MIDDLE" WIDTH="70" HEIGHT="23" ACODE="SPC_ID2">-</TE>
<TE ALIGN="RIGHT" VALIGN="MIDDLE" WIDTH="72" HEIGHT="23" ACODE="STK_CNT1">-</TE>
<TE ALIGN="RIGHT" VALIGN="MIDDLE" WIDTH="33" HEIGHT="23" ACODE="STK_CNT2">-</TE>
<TE ALIGN="RIGHT" VALIGN="MIDDLE" WIDTH="36" HEIGHT="23" ACODE="STK_CNT3">-</TE>
<TE ALIGN="RIGHT" VALIGN="MIDDLE" WIDTH="50" HEIGHT="23" ACODE="STK_CNT4">-</TE>
<TE ALIGN="RIGHT" VALIGN="MIDDLE" WIDTH="50" HEIGHT="23" ACODE="STK_CNT5">-</TE>
<TE ALIGN="RIGHT" VALIGN="MIDDLE" WIDTH="50" HEIGHT="23" ACODE="STK_CNT6">-</TE>
<TE ALIGN="RIGHT" VALIGN="MIDDLE" WIDTH="50" HEIGHT="23" ACODE="STK_CNT7">-</TE>
<TE ALIGN="RIGHT" VALIGN="MIDDLE" WIDTH="60" HEIGHT="23" ACODE="HLD_TOT_CNT">-</TE>
<TE ALIGN="RIGHT" VALIGN="MIDDLE" WIDTH="60" HEIGHT="23" ACODE="HLD_TOT_RT">-</TE>
</TR>
</TBODY>
</TABLE>
</TABLE-GROUP>

<TABLE ACLASS="NORMAL" AFIXTABLE="Y" WIDTH="600" BORDER="0">

<COLGROUP WIDTH="600">
<COL WIDTH="600"></COL>
</COLGROUP>

<TBODY>

<TR ACOPY="Y" ADELETE="Y" HEIGHT="352">
<TD WIDTH="591" HEIGHT="345" AUPDATECONT="N" ENG="※ Holdings similar to ownership (Article 142 of the Enforcement Decree of the Financial Investment Services And Capital Markets Act) - Subparagraph 1. Where stocks, etc. are owned on a person’s own account, regardless of in whose name they are held - Subparagraph 2. Where a person holds a right to claim delivery of stocks, etc., pursuant to legal provisions, transaction, or other contracts - Subparagraph 3. Where a person holds a voting right (including the power to instruct exercise of the voting right) of stocks, etc., pursuant to legal provisions, monetary trust contract, collateral agreement, or any other contracts - Subparagraph 4. Where a person holds a right to acquire or dispose of the relevant stocks, etc., pursuant to legal provisions, monetary trust contract, collateral agreement, discretionary investment contract, or any other contracts - Subparagraph 5. Where a person holds a right to complete a trade by unilateral reservation for trading stocks, etc., and acquires the status of purchaser by exercising that right - Subparagraph 6. Where a person holds a contractual right as prescribed in Article 5 (1) 2 of the Act to a contract for an underlying asset of stocks, etc., and acquires the status of purchaser by exercising that contractual right - Subparagraph 7. Where a person holds a stock option and acquires the status of purchaser by exercising that stock option.">※ 소유에 준하는 보유(자본시장과 금융투자업에 관한 법률 시행령 제142조) - 제1호 누구의 명의로든지 자기의 계산으로 주식등을 소유하는 경우 - 제2호 법률의 규정이나 매매, 그 밖의 계약에 따라 주식등의 인도청구권을 가지는경우 - 제3호 법률의 규정이나 금전의 신탁계약ㆍ담보계약, 그 밖의 계약에 따라 해당 주식등            의 의결권(의결권의 행사를 지시할 수 있는 권한을 포함한다)을 가지는 경우 - 제4호 법률의 규정이나 금전의 신탁계약ㆍ담보계약ㆍ투자일임계약, 그 밖의 계약에               따라 해당 주식등의 취득이나 처분의 권한을 가지는 경우 - 제5호 주식등의 매매의 일방예약을 하고 해당 매매를 완결할 권리를 취득하는 경우로             서 그 권리행사에 의하여 매수인으로서의 지위를 가지는 경우 - 제6호 주식등을 기초자산으로 하는 법 제5조제1항제2호에 따른 계약상의 권리를 가지            는 경우로서 그 권리의 행사에 의하여 매수인으로서의 지위를 가지는 경우 - 제7호 주식매수선택권을 부여받은 경우로서 그 권리의 행사에 의하여 매수인으로서의            지위를 가지는 경우</TD>
</TR>
</TBODY>
</TABLE>
<P></P>

</SECTION-3></SECTION-2><SECTION-2 ACLASS="MANDATORY">
<TITLE ATOC="Y" ENG="2. Contracts related to shares held, etc." ATOCID="15">2. 보유주식등에 관한 계약</TITLE>

<SECTION-3 ACLASS="MANDATORY">
<TITLE ATOC="Y" AASSOCNOTE="D-2-2-1-0" ENG="A. Whether there is a contract" ATOCID="16">가. 계약 여부</TITLE>

<TABLE-GROUP ACLASS="TRD_RVQ" ADELETETABLE="N">

<TABLE ACLASS="EXTRACTION" AFIXTABLE="Y" WIDTH="600" BORDER="1">

<COLGROUP WIDTH="600">
<COL WIDTH="600"></COL>
</COLGROUP>

<TBODY>

<TR ACOPY="N" ADELETE="N" HEIGHT="30">
<TD ALIGN="CENTER" VALIGN="MIDDLE" WIDTH="591" HEIGHT="23" AUPDATECONT="N" ENG="Whether there are major contracts such as trust, collateral, loan, discretionary, over-the-counter sales, joint holding, etc. concluded or changed">신탁ㆍ담보ㆍ대차ㆍ일임ㆍ장외매매ㆍ공동보유 등 주요계약 체결, 변경 여부</TD>
</TR>

<TR ACOPY="N" ADELETE="N" HEIGHT="30">
<TU ALIGN="CENTER" VALIGN="MIDDLE" WIDTH="591" HEIGHT="23" AUNIT="TRD_RVQ_SEL" AUNITVALUE="Y" ENG="Yes">있음</TU>
</TR>
</TBODY>
</TABLE>
</TABLE-GROUP>
<P>*주요계약 체결ㆍ변경사실 미보고시 해당 미보고분에 대해 의결권이 제한될 수 있음</P>

<P></P>
</SECTION-3>

<SECTION-3 ACLASS="MANDATORY">
<TITLE ATOC="Y" AASSOCNOTE="D-2-2-2-0" ENG="B. Details of contract" ATOCID="17">나. 계약 내용</TITLE>

<TABLE-GROUP ACLASS="TRD_RVL" ADELETETABLE="N">

<TABLE ACLASS="EXTRACTION" AFIXTABLE="N" WIDTH="878" BORDER="1">

<COLGROUP WIDTH="878">
<COL WIDTH="53"></COL>
<COL WIDTH="79"></COL>
<COL WIDTH="84"></COL>
<COL WIDTH="135"></COL>
<COL WIDTH="72"></COL>
<COL WIDTH="72"></COL>
<COL WIDTH="66"></COL>
<COL WIDTH="66"></COL>
<COL WIDTH="79"></COL>
<COL WIDTH="59"></COL>
<COL WIDTH="58"></COL>
<COL WIDTH="55"></COL>
</COLGROUP>

<THEAD>

<TR ACOPY="N" ADELETE="N" HEIGHT="53">
<TH VALIGN="MIDDLE" WIDTH="44" HEIGHT="46" ACOPYCOL="N" ADELETECOL="N" AMOVECOL="N" AUPDATECONT="N" ENG="Sequential No.">연번</TH>
<TH VALIGN="MIDDLE" WIDTH="70" HEIGHT="46" ACOPYCOL="N" ADELETECOL="N" AMOVECOL="N" AUPDATECONT="N" ENG="Name (Title)">성명(명칭)</TH>
<TH VALIGN="MIDDLE" WIDTH="75" HEIGHT="46" ACOPYCOL="N" ADELETECOL="N" AMOVECOL="N" AUPDATECONT="N" ENG="Relationship to the reporting entity">보고자와의관계</TH>
<TH VALIGN="MIDDLE" WIDTH="126" HEIGHT="46" ACOPYCOL="N" ADELETECOL="N" AMOVECOL="N" AUPDATECONT="N" ENG="Date of birth or business registration No., etc.">생년월일 또는사업자등록번호 등</TH>
<TH VALIGN="MIDDLE" WIDTH="63" HEIGHT="46" ACOPYCOL="N" ADELETECOL="N" AMOVECOL="N" AUPDATECONT="N" ENG="Type of shares, etc.">주식등의종류</TH>
<TH VALIGN="MIDDLE" WIDTH="63" HEIGHT="46" ACOPYCOL="N" ADELETECOL="N" AMOVECOL="N" AUPDATECONT="N" ENG="Number of shares, etc.">주식등의수</TH>
<TH VALIGN="MIDDLE" WIDTH="57" HEIGHT="46" ACOPYCOL="N" ADELETECOL="N" AMOVECOL="N" AUPDATECONT="N" ENG="Counterparty of contract">계약 상대방</TH>
<TH VALIGN="MIDDLE" WIDTH="57" HEIGHT="46" ACOPYCOL="N" ADELETECOL="N" AMOVECOL="N" AUPDATECONT="N" ENG="Type of contract">계약의종류</TH>
<TH VALIGN="MIDDLE" WIDTH="70" HEIGHT="46" ACOPYCOL="N" ADELETECOL="N" AMOVECOL="N" AUPDATECONT="N" ENG="Date of contract (amendment)">계약체결(변경)일</TH>
<TH VALIGN="MIDDLE" WIDTH="50" HEIGHT="46" ACOPYCOL="N" ADELETECOL="N" AMOVECOL="N" AUPDATECONT="N" ENG="Contract period">계약기간</TH>
<TH VALIGN="MIDDLE" WIDTH="49" HEIGHT="46" ACOPYCOL="N" ADELETECOL="N" AMOVECOL="N" AUPDATECONT="N" ENG="Ratio">비율</TH>
<TH VALIGN="MIDDLE" WIDTH="46" HEIGHT="46" ACOPYCOL="N" ADELETECOL="N" AMOVECOL="N" AUPDATECONT="N" ENG="Note">비고</TH>
</TR>
</THEAD>

<TBODY>

<TR ACOPY="Y" ADELETE="N" HEIGHT="260">
<TE ALIGN="CENTER" WIDTH="44" HEIGHT="253" ACODE="SEQ_NO2" VALIGN="MIDDLE">1</TE>
<TE ALIGN="CENTER" WIDTH="70" HEIGHT="253" ACODE="SPC_NM" VALIGN="MIDDLE">Crucible JV LLC</TE>
<TU ALIGN="CENTER" WIDTH="75" HEIGHT="253" AUNIT="IFR_RLT2" VALIGN="MIDDLE" AUNITVALUE="M" ENG="Oneself">본인</TU>
<TE ALIGN="CENTER" WIDTH="126" HEIGHT="253" ACODE="SPC_ID2" VALIGN="MIDDLE">98450054053A0839FE79</TE>
<TU ALIGN="CENTER" WIDTH="63" HEIGHT="253" AUNIT="STK_KND" VALIGN="MIDDLE" AUNITVALUE="11" ENG="Voting share">의결권있는 주식</TU>
<TE ALIGN="RIGHT" WIDTH="63" HEIGHT="253" ACODE="STK_CNT" VALIGN="MIDDLE">2,209,716</TE>
<TE ALIGN="CENTER" WIDTH="57" HEIGHT="253" ACODE="TRD_RVL">미국 전쟁부 내 전략자본실(Department of War, Office of Strategic Capital, OSC)</TE>
<TE WIDTH="57" HEIGHT="253" ACODE="TRD_KND" ALIGN="CENTER">담보계약</TE>
<TU WIDTH="70" HEIGHT="253" AUNIT="TRD_SIN" AUNITVALUE="20251226" VALIGN="MIDDLE" ALIGN="CENTER">2025년 12월 26일</TU>
<TE WIDTH="50" HEIGHT="253" ACODE="TRD_PRD" VALIGN="MIDDLE" ALIGN="CENTER">2025. 12. 26. - 2025. 1. 8.</TE>
<TE WIDTH="49" HEIGHT="253" ACODE="TRD_RT" VALIGN="MIDDLE" ALIGN="RIGHT">10.59</TE>
<TE WIDTH="46" HEIGHT="253" ACODE="TRD_RMK" VALIGN="MIDDLE" ALIGN="CENTER">없음</TE>
</TR>

<TR ACOPY="N" ADELETE="N" HEIGHT="53">
<TD COLSPAN="5" ALIGN="CENTER" WIDTH="414" HEIGHT="46" AUPDATECONT="N" VALIGN="MIDDLE" ENG="Total (Total number of shares, etc.)">합계(주식등의 수)</TD>
<TE ALIGN="RIGHT" WIDTH="63" HEIGHT="46" ACODE="SUM_STK_CNT" VALIGN="MIDDLE">2,209,716</TE>
<TD COLSPAN="4" ALIGN="CENTER" WIDTH="261" HEIGHT="46" AUPDATECONT="N" VALIGN="MIDDLE" ENG="Total (Ratio)">합계(비율)</TD>
<TE ALIGN="RIGHT" WIDTH="49" HEIGHT="46" ACODE="SUM_TRD_RT" VALIGN="MIDDLE">10.59</TE>
<TE WIDTH="46" HEIGHT="46" ACODE="SUM_TRD_RMK" VALIGN="MIDDLE" ALIGN="CENTER">없음</TE>
</TR>
</TBODY>
</TABLE>
</TABLE-GROUP>
<P USERMARK="F-10 ">주) Crucible JV LLC는 미국 전쟁부 내 전략자본실(Department of War, Office of Strategic Capital, OSC)과 체결한 대출계약에 따라 부담하는 피담보채무를 담보하기 위하여, Crucible JV LLC가 제3자 배정 유상증자 참여를 통해 취득한 발행회사 주식을 보유하는 증권계좌 및 그 증권계좌 내의 모든 증권, 현금, 배당금, 증권사에 대한 청구권 등에 대하여 질권을 설정(단, 보호예수기간 중에는 대한민국 법령이 허용하는 범위 내로 질권의 효력이 제한됨)하는 내용의 증권계좌 근질권설정계약을 2025년 12월26일 체결하였습니다.</P>
</SECTION-3>

<SECTION-3 ACLASS="MANDATORY">
<TITLE ATOC="Y" AASSOCNOTE="D-2-2-3-0" ENG="C. Additional information if the major contract is a collateral contract" ATOCID="18">다. 주요계약이 담보계약인 경우 추가 기재사항</TITLE>

<TABLE-GROUP ACLASS="SEC_CONT" ADELETETABLE="N">

<TABLE ACLASS="EXTRACTION" AFIXTABLE="N" WIDTH="612" BORDER="1">

<COLGROUP WIDTH="612">
<COL WIDTH="43"></COL>
<COL WIDTH="108"></COL>
<COL WIDTH="103"></COL>
<COL WIDTH="97"></COL>
<COL WIDTH="87"></COL>
<COL WIDTH="95"></COL>
<COL WIDTH="79"></COL>
</COLGROUP>

<THEAD>

<TR ACOPY="N" ADELETE="N" HEIGHT="53">
<TH VALIGN="MIDDLE" WIDTH="34" HEIGHT="46" ACOPYCOL="N" ADELETECOL="N" AMOVECOL="N" AUPDATECONT="N" ENG="Sequential No.">연번</TH>
<TH VALIGN="MIDDLE" WIDTH="99" HEIGHT="46" ACOPYCOL="N" ADELETECOL="N" AMOVECOL="N" AUPDATECONT="N" ENG="Number of shares, etc.">주식등의 수</TH>
<TH VALIGN="MIDDLE" WIDTH="94" HEIGHT="46" ACOPYCOL="N" ADELETECOL="N" AMOVECOL="N" AUPDATECONT="N" ENG="Amount of loan">대출금액</TH>
<TH VALIGN="MIDDLE" WIDTH="88" HEIGHT="46" ACOPYCOL="N" ADELETECOL="N" AMOVECOL="N" AUPDATECONT="N" ENG="Debtor">채무자</TH>
<TH VALIGN="MIDDLE" WIDTH="78" HEIGHT="46" ACOPYCOL="N" ADELETECOL="N" AMOVECOL="N" AUPDATECONT="N" ENG="Interest rate">이자율</TH>
<TH VALIGN="MIDDLE" WIDTH="86" HEIGHT="46" ACOPYCOL="N" ADELETECOL="N" AMOVECOL="N" AUPDATECONT="N" ENG="Collateral maintenance ratio">담보유지비율</TH>
<TH VALIGN="MIDDLE" WIDTH="70" HEIGHT="46" ACOPYCOL="N" ADELETECOL="N" AMOVECOL="N" AUPDATECONT="N" ENG="Others">기타</TH>
</TR>
</THEAD>

<TBODY>

<TR ACOPY="Y" ADELETE="N" HEIGHT="122">
<TE ALIGN="CENTER" WIDTH="34" HEIGHT="115" ACODE="SEQ_NO2" VALIGN="MIDDLE">1</TE>
<TE ALIGN="RIGHT" WIDTH="99" HEIGHT="115" ACODE="SEC_CNT" VALIGN="MIDDLE">2,209,716</TE>
<TE ALIGN="RIGHT" WIDTH="94" HEIGHT="115" ACODE="SEC_MOY" VALIGN="MIDDLE">1,793,625,000,000</TE>
<TE ALIGN="CENTER" WIDTH="88" HEIGHT="115" ACODE="SEC_DEB" VALIGN="MIDDLE">Crucible JV LLC</TE>
<TE ALIGN="RIGHT" WIDTH="78" HEIGHT="115" ACODE="SEC_INT" VALIGN="MIDDLE">5.27</TE>
<TE WIDTH="86" HEIGHT="115" ACODE="SEC_KEP" ALIGN="RIGHT" VALIGN="MIDDLE">-</TE>
<TE WIDTH="70" HEIGHT="115" ACODE="SEC_ETC" VALIGN="MIDDLE" ALIGN="CENTER">-</TE>
</TR>

<TR ACOPY="Y" ADELETE="Y" HEIGHT="30">
<TE ALIGN="CENTER" WIDTH="34" HEIGHT="23" ACODE="SEQ_NO2" VALIGN="MIDDLE">-</TE>
<TE ALIGN="RIGHT" WIDTH="99" HEIGHT="23" ACODE="SEC_CNT" VALIGN="MIDDLE">-</TE>
<TE ALIGN="RIGHT" WIDTH="94" HEIGHT="23" ACODE="SEC_MOY" VALIGN="MIDDLE">-</TE>
<TE ALIGN="CENTER" WIDTH="88" HEIGHT="23" ACODE="SEC_DEB" VALIGN="MIDDLE">-</TE>
<TE ALIGN="RIGHT" WIDTH="78" HEIGHT="23" ACODE="SEC_INT" VALIGN="MIDDLE">-</TE>
<TE WIDTH="86" HEIGHT="23" ACODE="SEC_KEP" ALIGN="RIGHT" VALIGN="MIDDLE">-</TE>
<TE WIDTH="70" HEIGHT="23" ACODE="SEC_ETC" VALIGN="MIDDLE" ALIGN="CENTER">-</TE>
</TR>
</TBODY>
</TABLE>
</TABLE-GROUP>

<P>
<SPAN>주) 본 보고서 작성기준일(2025. 12. 31.) 서울외국환중계 매매기준율(1달러 당 1,434.30원))을 적용한 금액임.</SPAN>
</P>
</SECTION-3>
</SECTION-2>

<SECTION-2 ACLASS="MANDATORY">
<TITLE ATOC="Y" AASSOCNOTE="D-2-3-0-0" ENG="3. Details of holding by own account and customer account (Financial institutions only)" ATOCID="19">3. 자기계정 및 고객계정별 보유내역(금융기관에 한함)</TITLE>

<TABLE-GROUP ACLASS="SF_CNS" ADELETETABLE="N">

<TABLE ACLASS="EXTRACTION" AFIXTABLE="N" WIDTH="700" BORDER="1">

<COLGROUP WIDTH="700">
<COL WIDTH="84"></COL>
<COL WIDTH="89"></COL>
<COL WIDTH="107"></COL>
<COL WIDTH="75"></COL>
<COL WIDTH="105"></COL>
<COL WIDTH="70"></COL>
<COL WIDTH="98"></COL>
<COL WIDTH="72"></COL>
</COLGROUP>

<THEAD>

<TR ACOPY="N" ADELETE="N" HEIGHT="30">
<TH ROWSPAN="2" VALIGN="MIDDLE" WIDTH="75" HEIGHT="53" ACOPYCOL="N" ADELETECOL="N" AMOVECOL="N" AUPDATECONT="N" ENG="Name">명칭</TH>
<TH ROWSPAN="2" VALIGN="MIDDLE" WIDTH="80" HEIGHT="53" ACOPYCOL="N" ADELETECOL="N" AMOVECOL="N" AUPDATECONT="N" ENG="Relationship to the reporting entity">보고자와의관계</TH>
<TH COLSPAN="4" WIDTH="348" HEIGHT="23" ACOPYCOL="N" ADELETECOL="N" AMOVECOL="N" AUPDATECONT="N" ENG="Details by account">계정별 내역</TH>
<TH COLSPAN="2" WIDTH="161" HEIGHT="23" ACOPYCOL="N" ADELETECOL="N" AMOVECOL="N" AUPDATECONT="N" ENG="Total">합  계</TH>
</TR>

<TR ACOPY="N" ADELETE="N" HEIGHT="30">
<TH WIDTH="98" HEIGHT="23" ACOPYCOL="N" ADELETECOL="N" AMOVECOL="N" AUPDATECONT="N" ENG="Own account (shrs.)">자기계정(주)</TH>
<TH WIDTH="66" HEIGHT="23" ACOPYCOL="N" ADELETECOL="N" AMOVECOL="N" AUPDATECONT="N" ENG="Ratio (%)">비율(%)</TH>
<TH WIDTH="96" HEIGHT="23" ACOPYCOL="N" ADELETECOL="N" AMOVECOL="N" AUPDATECONT="N" ENG="Customer account (shrs.)">고객계정(주)</TH>
<TH WIDTH="61" HEIGHT="23" ACOPYCOL="N" ADELETECOL="N" AMOVECOL="N" AUPDATECONT="N" ENG="Ratio (%)">비율(%)</TH>
<TH WIDTH="89" HEIGHT="23" ACOPYCOL="N" ADELETECOL="N" AMOVECOL="N" AUPDATECONT="N" ENG="Total (shrs.)">계(주)</TH>
<TH WIDTH="63" HEIGHT="23" ACOPYCOL="N" ADELETECOL="N" AMOVECOL="N" AUPDATECONT="N" ENG="Ratio (%)">비율(%)</TH>
</TR>
</THEAD>

<TBODY>

<TR ACOPY="Y" ADELETE="N" HEIGHT="30">
<TE ALIGN="CENTER" VALIGN="MIDDLE" WIDTH="75" HEIGHT="23" ACODE="SPC_NM">-</TE>
<TU ALIGN="CENTER" VALIGN="MIDDLE" WIDTH="80" HEIGHT="23" AUNIT="IFR_RLT2" AUNITVALUE="-" ENG="-">-</TU>
<TE ALIGN="RIGHT" VALIGN="MIDDLE" WIDTH="98" HEIGHT="23" ACODE="SF_CNT">-</TE>
<TE ALIGN="RIGHT" VALIGN="MIDDLE" WIDTH="66" HEIGHT="23" ACODE="SF_RT">-</TE>
<TE ALIGN="RIGHT" VALIGN="MIDDLE" WIDTH="96" HEIGHT="23" ACODE="CNS_CNT">-</TE>
<TE ALIGN="RIGHT" VALIGN="MIDDLE" WIDTH="61" HEIGHT="23" ACODE="CNS_RT">-</TE>
<TE ALIGN="RIGHT" VALIGN="MIDDLE" WIDTH="89" HEIGHT="23" ACODE="CNT_SUM">-</TE>
<TE ALIGN="RIGHT" VALIGN="MIDDLE" WIDTH="63" HEIGHT="23" ACODE="RT_SUM">-</TE>
</TR>

<TR ACOPY="Y" ADELETE="Y" HEIGHT="30">
<TE ALIGN="CENTER" VALIGN="MIDDLE" WIDTH="75" HEIGHT="23" ACODE="SPC_NM">-</TE>
<TU ALIGN="CENTER" VALIGN="MIDDLE" WIDTH="80" HEIGHT="23" AUNIT="IFR_RLT2" AUNITVALUE="-" ENG="-">-</TU>
<TE ALIGN="RIGHT" VALIGN="MIDDLE" WIDTH="98" HEIGHT="23" ACODE="SF_CNT">-</TE>
<TE ALIGN="RIGHT" VALIGN="MIDDLE" WIDTH="66" HEIGHT="23" ACODE="SF_RT">-</TE>
<TE ALIGN="RIGHT" VALIGN="MIDDLE" WIDTH="96" HEIGHT="23" ACODE="CNS_CNT">-</TE>
<TE ALIGN="RIGHT" VALIGN="MIDDLE" WIDTH="61" HEIGHT="23" ACODE="CNS_RT">-</TE>
<TE ALIGN="RIGHT" VALIGN="MIDDLE" WIDTH="89" HEIGHT="23" ACODE="CNT_SUM">-</TE>
<TE ALIGN="RIGHT" VALIGN="MIDDLE" WIDTH="63" HEIGHT="23" ACODE="RT_SUM">-</TE>
</TR>

<TR ACOPY="N" ADELETE="N" HEIGHT="30">
<TD COLSPAN="2" ALIGN="CENTER" VALIGN="MIDDLE" WIDTH="164" HEIGHT="23" AUPDATECONT="N" ENG="Total">합  계</TD>
<TE ALIGN="RIGHT" VALIGN="MIDDLE" WIDTH="98" HEIGHT="23" ACODE="SF_CNT_SUM">-</TE>
<TE ALIGN="RIGHT" VALIGN="MIDDLE" WIDTH="66" HEIGHT="23" ACODE="SF_RT_SUM">-</TE>
<TE ALIGN="RIGHT" VALIGN="MIDDLE" WIDTH="96" HEIGHT="23" ACODE="CNS_CNT_SUM">-</TE>
<TE ALIGN="RIGHT" VALIGN="MIDDLE" WIDTH="61" HEIGHT="23" ACODE="CNS_RT_SUM">-</TE>
<TE ALIGN="RIGHT" VALIGN="MIDDLE" WIDTH="89" HEIGHT="23" ACODE="ALL_CNT_SUM">-</TE>
<TE ALIGN="RIGHT" VALIGN="MIDDLE" WIDTH="63" HEIGHT="23" ACODE="ALL_RT_SUM">-</TE>
</TR>
</TBODY>
</TABLE>
</TABLE-GROUP>
<P></P>
<PGBRK></PGBRK>
</SECTION-2>
</SECTION-1>

<SECTION-1 ACLASS="MANDATORY" APARTSOURCE="SOURCE">
<TITLE ATOC="Y" ENG="Part 3 Significant Changes Since the Last Reporting Date" ATOCID="20">제3부 직전보고일 이후 대량변동 내역</TITLE>
<P></P>

<SECTION-2 ACLASS="MANDATORY">
<TITLE ATOC="Y" AASSOCNOTE="D-3-1-0-0" ENG="1. Summary of changes" ATOCID="21">1. 변동내역 총괄표</TITLE>

<SECTION-3 ACLASS="MANDATORY">
<TITLE ATOC="Y" ENG="A. Details of changes in stocks, etc." ATOCID="22">가. 주식등의 변동내역</TITLE>

<TABLE-GROUP ACLASS="CST_CNT2" ADELETETABLE="N">

<TABLE ACLASS="EXTRACTION" AFIXTABLE="N" WIDTH="881" BORDER="1">

<COLGROUP WIDTH="881">
<COL WIDTH="58"></COL>
<COL WIDTH="69"></COL>
<COL WIDTH="102"></COL>
<COL WIDTH="63"></COL>
<COL WIDTH="63"></COL>
<COL WIDTH="68"></COL>
<COL WIDTH="76"></COL>
<COL WIDTH="60"></COL>
<COL WIDTH="72"></COL>
<COL WIDTH="60"></COL>
<COL WIDTH="49"></COL>
<COL WIDTH="38"></COL>
<COL WIDTH="52"></COL>
<COL WIDTH="51"></COL>
</COLGROUP>

<THEAD>

<TR ACOPY="N" ADELETE="N" HEIGHT="30">
<TH ROWSPAN="3" VALIGN="MIDDLE" WIDTH="49" HEIGHT="175" ACOPYCOL="N" ADELETECOL="N" AMOVECOL="N" AUPDATECONT="N" ENG="Relationship">관 계</TH>
<TH ROWSPAN="3" VALIGN="MIDDLE" WIDTH="60" HEIGHT="175" ACOPYCOL="N" ADELETECOL="N" AMOVECOL="N" AUPDATECONT="N" ENG="Name (Title)">성 명(명칭)</TH>
<TH ROWSPAN="3" VALIGN="MIDDLE" WIDTH="93" HEIGHT="175" ACOPYCOL="N" ADELETECOL="N" AMOVECOL="N" AUPDATECONT="N" ENG="Date of birth or business registration No., etc.">생년월일또는사업자등록번호 등</TH>
<TH COLSPAN="11" VALIGN="MIDDLE" WIDTH="643" HEIGHT="23" ACOPYCOL="N" ADELETECOL="N" AMOVECOL="N" AUPDATECONT="N" ENG="Increase/decrease of shares, etc.">증감주식등의 내역</TH>
</TR>

<TR ACOPY="N" ADELETE="N" HEIGHT="30">
<TH COLSPAN="3" VALIGN="MIDDLE" WIDTH="185" HEIGHT="23" ACOPYCOL="N" ADELETECOL="N" AMOVECOL="N" AUPDATECONT="N" ENG="Share certificates">주 권</TH>
<TH ROWSPAN="2" VALIGN="MIDDLE" WIDTH="67" HEIGHT="145" ACOPYCOL="N" ADELETECOL="N" AMOVECOL="N" AUPDATECONT="N" ENG="Those with warrants">신주인수권이표시된것</TH>
<TH ROWSPAN="2" VALIGN="MIDDLE" WIDTH="51" HEIGHT="145" ACOPYCOL="N" ADELETECOL="N" AMOVECOL="N" AUPDATECONT="N" ENG="Convertible bonds">전환사채권</TH>
<TH ROWSPAN="2" VALIGN="MIDDLE" WIDTH="63" HEIGHT="145" ACOPYCOL="N" ADELETECOL="N" AMOVECOL="N" AUPDATECONT="N" ENG="Bonds with warrants">신주인수권부사채권</TH>
<TH ROWSPAN="2" VALIGN="MIDDLE" WIDTH="51" HEIGHT="145" ACOPYCOL="N" ADELETECOL="N" AMOVECOL="N" AUPDATECONT="N" ENG="Exchangeable bonds">교환사채권</TH>
<TH ROWSPAN="2" VALIGN="MIDDLE" WIDTH="40" HEIGHT="145" ACOPYCOL="N" ADELETECOL="N" AMOVECOL="N" AUPDATECONT="N" ENG="Depositary receipts">증권예탁증권</TH>
<TH ROWSPAN="2" VALIGN="MIDDLE" WIDTH="29" HEIGHT="145" ACOPYCOL="N" ADELETECOL="N" AMOVECOL="N" AUPDATECONT="N" ENG="Others">기타</TH>
<TH COLSPAN="2" VALIGN="MIDDLE" WIDTH="94" HEIGHT="23" ACOPYCOL="N" ADELETECOL="N" AMOVECOL="N" AUPDATECONT="N" ENG="Total">합 계</TH>
</TR>

<TR ACOPY="N" ADELETE="N" HEIGHT="122">
<TH VALIGN="MIDDLE" WIDTH="54" HEIGHT="115" ACOPYCOL="N" ADELETECOL="N" AMOVECOL="N" AUPDATECONT="N" ENG="Voting share">의결권있는주식</TH>
<TH VALIGN="MIDDLE" WIDTH="54" HEIGHT="115" ACOPYCOL="N" ADELETECOL="N" AMOVECOL="N" AUPDATECONT="N" ENG="Stocks to be redeemed with voting share">의결권있는 주식으로상환될주식</TH>
<TH VALIGN="MIDDLE" WIDTH="59" HEIGHT="115" ACOPYCOL="N" ADELETECOL="N" AMOVECOL="N" AUPDATECONT="N" ENG="Stocks to be converted to voting share">의결권있는 주식으로전환될 주식</TH>
<TH VALIGN="MIDDLE" WIDTH="43" HEIGHT="115" ACOPYCOL="N" ADELETECOL="N" AMOVECOL="N" AUPDATECONT="N" ENG="Number of shares (shrs.)">주수(주)</TH>
<TH VALIGN="MIDDLE" WIDTH="42" HEIGHT="115" ACOPYCOL="N" ADELETECOL="N" AMOVECOL="N" AUPDATECONT="N" ENG="Ratio (%)">비율(%)</TH>
</TR>
</THEAD>

<TBODY>

<TR ACOPY="N" ADELETE="N" HEIGHT="53">
<TD ALIGN="CENTER" VALIGN="MIDDLE" WIDTH="49" HEIGHT="46" AUPDATECONT="N" ENG="Reporting entity">보고자</TD>
<TE ALIGN="CENTER" VALIGN="MIDDLE" WIDTH="60" HEIGHT="46" ACODE="SPC_NM">Crucible JV LLC</TE>

<TE ALIGN="CENTER" VALIGN="MIDDLE" WIDTH="93" HEIGHT="46" ACODE="SPC_ID2">
<P USERMARK="A-C">98450054053A0839FE79</P>
</TE>
<TE ALIGN="RIGHT" VALIGN="MIDDLE" WIDTH="54" HEIGHT="46" ACODE="ATK_CNT">2,209,716</TE>
<TE ALIGN="RIGHT" VALIGN="MIDDLE" WIDTH="54" HEIGHT="46" ACODE="REP_CNT">-</TE>
<TE ALIGN="RIGHT" VALIGN="MIDDLE" WIDTH="59" HEIGHT="46" ACODE="CHN_CNT">-</TE>
<TE ALIGN="RIGHT" VALIGN="MIDDLE" WIDTH="67" HEIGHT="46" ACODE="ACC_CNT">-</TE>
<TE ALIGN="RIGHT" VALIGN="MIDDLE" WIDTH="51" HEIGHT="46" ACODE="CB_CNT">-</TE>
<TE ALIGN="RIGHT" VALIGN="MIDDLE" WIDTH="63" HEIGHT="46" ACODE="LN_CNT">-</TE>
<TE ALIGN="RIGHT" VALIGN="MIDDLE" WIDTH="51" HEIGHT="46" ACODE="EB_CNT">-</TE>
<TE ALIGN="RIGHT" VALIGN="MIDDLE" WIDTH="40" HEIGHT="46" ACODE="CF_CNT">-</TE>
<TE ALIGN="RIGHT" VALIGN="MIDDLE" WIDTH="29" HEIGHT="46" ACODE="ET_CNT">-</TE>
<TE ALIGN="RIGHT" VALIGN="MIDDLE" WIDTH="43" HEIGHT="46" ACODE="STK_CNT">2,209,716</TE>
<TE ALIGN="RIGHT" VALIGN="MIDDLE" WIDTH="42" HEIGHT="46" ACODE="STK_RT">10.59</TE>
</TR>

<TR ACOPY="N" ADELETE="N" HEIGHT="30">
<TD ROWSPAN="3" ALIGN="CENTER" VALIGN="MIDDLE" WIDTH="49" HEIGHT="83" AUPDATECONT="N" ENG="Specially related parties">특별관계자</TD>
<TE ALIGN="CENTER" VALIGN="MIDDLE" WIDTH="60" HEIGHT="23" ACODE="SPC_NM">-</TE>
<TE ALIGN="CENTER" VALIGN="MIDDLE" WIDTH="93" HEIGHT="23" ACODE="SPC_ID2">-</TE>
<TE ALIGN="RIGHT" VALIGN="MIDDLE" WIDTH="54" HEIGHT="23" ACODE="ATK_CNT">-</TE>
<TE ALIGN="RIGHT" VALIGN="MIDDLE" WIDTH="54" HEIGHT="23" ACODE="REP_CNT">-</TE>
<TE ALIGN="RIGHT" VALIGN="MIDDLE" WIDTH="59" HEIGHT="23" ACODE="CHN_CNT">-</TE>
<TE ALIGN="RIGHT" VALIGN="MIDDLE" WIDTH="67" HEIGHT="23" ACODE="ACC_CNT">-</TE>
<TE ALIGN="RIGHT" VALIGN="MIDDLE" WIDTH="51" HEIGHT="23" ACODE="CB_CNT">-</TE>
<TE ALIGN="RIGHT" VALIGN="MIDDLE" WIDTH="63" HEIGHT="23" ACODE="LN_CNT">-</TE>
<TE ALIGN="RIGHT" VALIGN="MIDDLE" WIDTH="51" HEIGHT="23" ACODE="EB_CNT">-</TE>
<TE ALIGN="RIGHT" VALIGN="MIDDLE" WIDTH="40" HEIGHT="23" ACODE="CF_CNT">-</TE>
<TE ALIGN="RIGHT" VALIGN="MIDDLE" WIDTH="29" HEIGHT="23" ACODE="ET_CNT">-</TE>
<TE ALIGN="RIGHT" VALIGN="MIDDLE" WIDTH="43" HEIGHT="23" ACODE="STK_CNT">-</TE>
<TE ALIGN="RIGHT" VALIGN="MIDDLE" WIDTH="42" HEIGHT="23" ACODE="STK_RT">-</TE>
</TR>

<TR ACOPY="Y" ADELETE="N" HEIGHT="30">
<TE ALIGN="CENTER" VALIGN="MIDDLE" WIDTH="60" HEIGHT="23" ACODE="SPC_NM">-</TE>
<TE ALIGN="CENTER" VALIGN="MIDDLE" WIDTH="93" HEIGHT="23" ACODE="SPC_ID2">-</TE>
<TE ALIGN="RIGHT" VALIGN="MIDDLE" WIDTH="54" HEIGHT="23" ACODE="ATK_CNT">-</TE>
<TE ALIGN="RIGHT" VALIGN="MIDDLE" WIDTH="54" HEIGHT="23" ACODE="REP_CNT">-</TE>
<TE ALIGN="RIGHT" VALIGN="MIDDLE" WIDTH="59" HEIGHT="23" ACODE="CHN_CNT">-</TE>
<TE ALIGN="RIGHT" VALIGN="MIDDLE" WIDTH="67" HEIGHT="23" ACODE="ACC_CNT">-</TE>
<TE ALIGN="RIGHT" VALIGN="MIDDLE" WIDTH="51" HEIGHT="23" ACODE="CB_CNT">-</TE>
<TE ALIGN="RIGHT" VALIGN="MIDDLE" WIDTH="63" HEIGHT="23" ACODE="LN_CNT">-</TE>
<TE ALIGN="RIGHT" VALIGN="MIDDLE" WIDTH="51" HEIGHT="23" ACODE="EB_CNT">-</TE>
<TE ALIGN="RIGHT" VALIGN="MIDDLE" WIDTH="40" HEIGHT="23" ACODE="CF_CNT">-</TE>
<TE ALIGN="RIGHT" VALIGN="MIDDLE" WIDTH="29" HEIGHT="23" ACODE="ET_CNT">-</TE>
<TE ALIGN="RIGHT" VALIGN="MIDDLE" WIDTH="43" HEIGHT="23" ACODE="STK_CNT">-</TE>
<TE ALIGN="RIGHT" VALIGN="MIDDLE" WIDTH="42" HEIGHT="23" ACODE="STK_RT">-</TE>
</TR>

<TR ACOPY="Y" ADELETE="Y" HEIGHT="30">
<TE ALIGN="CENTER" VALIGN="MIDDLE" WIDTH="60" HEIGHT="23" ACODE="SPC_NM">-</TE>
<TE ALIGN="CENTER" VALIGN="MIDDLE" WIDTH="93" HEIGHT="23" ACODE="SPC_ID2">-</TE>
<TE ALIGN="RIGHT" VALIGN="MIDDLE" WIDTH="54" HEIGHT="23" ACODE="ATK_CNT">-</TE>
<TE ALIGN="RIGHT" VALIGN="MIDDLE" WIDTH="54" HEIGHT="23" ACODE="REP_CNT">-</TE>
<TE ALIGN="RIGHT" VALIGN="MIDDLE" WIDTH="59" HEIGHT="23" ACODE="CHN_CNT">-</TE>
<TE ALIGN="RIGHT" VALIGN="MIDDLE" WIDTH="67" HEIGHT="23" ACODE="ACC_CNT">-</TE>
<TE ALIGN="RIGHT" VALIGN="MIDDLE" WIDTH="51" HEIGHT="23" ACODE="CB_CNT">-</TE>
<TE ALIGN="RIGHT" VALIGN="MIDDLE" WIDTH="63" HEIGHT="23" ACODE="LN_CNT">-</TE>
<TE ALIGN="RIGHT" VALIGN="MIDDLE" WIDTH="51" HEIGHT="23" ACODE="EB_CNT">-</TE>
<TE ALIGN="RIGHT" VALIGN="MIDDLE" WIDTH="40" HEIGHT="23" ACODE="CF_CNT">-</TE>
<TE ALIGN="RIGHT" VALIGN="MIDDLE" WIDTH="29" HEIGHT="23" ACODE="ET_CNT">-</TE>
<TE ALIGN="RIGHT" VALIGN="MIDDLE" WIDTH="43" HEIGHT="23" ACODE="STK_CNT">-</TE>
<TE ALIGN="RIGHT" VALIGN="MIDDLE" WIDTH="42" HEIGHT="23" ACODE="STK_RT">-</TE>
</TR>
</TBODY>
</TABLE>
</TABLE-GROUP>
<P></P>
</SECTION-3>
</SECTION-2>

<SECTION-2 ACLASS="MANDATORY">
<TITLE ATOC="Y" AASSOCNOTE="D-3-2-0-0" ENG="2. Details of changes" ATOCID="23">2. 세부변동내역</TITLE>

<SECTION-3 ACLASS="MANDATORY">
<TITLE ATOC="Y" ENG="A. Details of changes in stocks, etc." ATOCID="24">가. 주식등의 세부변동내역</TITLE>

<TABLE-GROUP ACLASS="HLD_MTH" ADELETETABLE="N">

<TABLE ACLASS="EXTRACTION" AFIXTABLE="Y" WIDTH="865" BORDER="0">

<COLGROUP WIDTH="865">
<COL WIDTH="865"></COL>
</COLGROUP>

<TBODY>

<TR ACOPY="N" ADELETE="N" HEIGHT="30">
<TD ALIGN="RIGHT" VALIGN="BOTTOM" WIDTH="856" HEIGHT="23" AUPDATECONT="N" ENG="(Unit: shares, KRW)">(단위 : 주, 원)</TD>
</TR>
</TBODY>
</TABLE>

<TABLE ACLASS="EXTRACTION" AFIXTABLE="N" WIDTH="866" BORDER="1">

<COLGROUP WIDTH="866">
<COL WIDTH="86"></COL>
<COL WIDTH="135"></COL>
<COL WIDTH="90"></COL>
<COL WIDTH="91"></COL>
<COL WIDTH="73"></COL>
<COL WIDTH="81"></COL>
<COL WIDTH="81"></COL>
<COL WIDTH="63"></COL>
<COL WIDTH="52"></COL>
<COL WIDTH="50"></COL>
<COL WIDTH="64"></COL>
</COLGROUP>

<THEAD>

<TR ACOPY="N" ADELETE="N" HEIGHT="30">
<TH ROWSPAN="2" VALIGN="MIDDLE" WIDTH="77" HEIGHT="53" ACOPYCOL="N" ADELETECOL="N" AMOVECOL="N" AUPDATECONT="N" ENG="Name (Title)">성명(명칭)</TH>
<TH ROWSPAN="2" VALIGN="MIDDLE" WIDTH="126" HEIGHT="53" ACOPYCOL="N" ADELETECOL="N" AMOVECOL="N" AUPDATECONT="N" ENG="Date of birth or business registration No., etc.">생년월일 또는사업자등록번호 등</TH>
<TH ROWSPAN="2" VALIGN="MIDDLE" WIDTH="81" HEIGHT="53" ACOPYCOL="N" ADELETECOL="N" AMOVECOL="N" AUPDATECONT="N" ENG="Date of change*">변동일*</TH>
<TH ROWSPAN="2" VALIGN="MIDDLE" WIDTH="82" HEIGHT="53" ACOPYCOL="N" ADELETECOL="N" AMOVECOL="N" AUPDATECONT="N" ENG="Acquisition/disposal method">취득/처분방법</TH>
<TH ROWSPAN="2" VALIGN="MIDDLE" WIDTH="64" HEIGHT="53" ACOPYCOL="N" ADELETECOL="N" AMOVECOL="N" AUPDATECONT="N" ENG="Type of shares, etc.">주식등의종류</TH>
<TH COLSPAN="3" VALIGN="MIDDLE" WIDTH="216" HEIGHT="23" ACOPYCOL="N" ADELETECOL="N" AMOVECOL="N" AUPDATECONT="N" ENG="Details of change">변동 내역</TH>
<TH ROWSPAN="2" VALIGN="MIDDLE" WIDTH="93" HEIGHT="53" ACOPYCOL="N" ADELETECOL="N" AMOVECOL="N" AUPDATECONT="N" COLSPAN="2" ENG="Acquisition/Disposal unit price**">취득/처분단가**</TH>
<TH ROWSPAN="2" VALIGN="MIDDLE" WIDTH="55" HEIGHT="53" ACOPYCOL="N" ADELETECOL="N" AMOVECOL="N" AUPDATECONT="N" ENG="Note">비 고</TH>
</TR>

<TR ACOPY="N" ADELETE="N" HEIGHT="30">
<TH VALIGN="MIDDLE" WIDTH="72" HEIGHT="23" ACOPYCOL="N" ADELETECOL="N" AMOVECOL="N" AUPDATECONT="N" ENG="Before change">변동전</TH>
<TH VALIGN="MIDDLE" WIDTH="72" HEIGHT="23" ACOPYCOL="N" ADELETECOL="N" AMOVECOL="N" AUPDATECONT="N" ENG="Increase or decrease">증감</TH>
<TH VALIGN="MIDDLE" WIDTH="54" HEIGHT="23" ACOPYCOL="N" ADELETECOL="N" AMOVECOL="N" AUPDATECONT="N" ENG="After change">변동후</TH>
</TR>
</THEAD>

<TBODY>

<TR ACOPY="Y" ADELETE="N" HEIGHT="53">
<TE ALIGN="CENTER" WIDTH="77" HEIGHT="46" ACODE="SPC_NM" VALIGN="MIDDLE">Crucible JV LLC</TE>
<TE ALIGN="CENTER" WIDTH="126" HEIGHT="46" ACODE="SPC_ID2" VALIGN="MIDDLE">98450054053A0839FE79</TE>
<TU ALIGN="CENTER" WIDTH="81" HEIGHT="46" AUNIT="MDF_DT" VALIGN="MIDDLE" AUNITVALUE="20251227">2025년 12월 27일</TU>
<TU ALIGN="CENTER" WIDTH="82" HEIGHT="46" AUNIT="HLD_MTH" VALIGN="MIDDLE" AUNITVALUE="24" ENG="Paid-in capital increase by third-party allotment(+)">제3자배정유상증자(+)</TU>
<TU ALIGN="CENTER" WIDTH="64" HEIGHT="46" AUNIT="STK_KND" VALIGN="MIDDLE" AUNITVALUE="11" ENG="Voting share">의결권있는 주식</TU>
<TE ALIGN="RIGHT" WIDTH="72" HEIGHT="46" ACODE="BFR_MDF_CNT" VALIGN="MIDDLE">-</TE>
<TE ALIGN="RIGHT" WIDTH="72" HEIGHT="46" ACODE="MDF_SDK_CNT" VALIGN="MIDDLE">2,209,716</TE>
<TE ALIGN="RIGHT" WIDTH="54" HEIGHT="46" ACODE="AFR_MDF_CNT" VALIGN="MIDDLE">2,209,716</TE>
<TE ALIGN="RIGHT" WIDTH="43" HEIGHT="46" ACODE="HLD_UNT_PRJ" VALIGN="MIDDLE">1,282,319</TE>
<TE ALIGN="RIGHT" WIDTH="41" HEIGHT="46" ACODE="HLD_UNT_PRG" VALIGN="MIDDLE">(   )</TE>
<TE WIDTH="55" HEIGHT="46" ACODE="RMK" VALIGN="MIDDLE" ALIGN="CENTER">-</TE>
</TR>
</TBODY>
</TABLE>
</TABLE-GROUP>
<P>*   증권시장에서 주식등을 매매한 경우에는 그 계약체결일</P>
<P>** 주식 외의 증권의 경우 해당 증권의 행사(전환ㆍ교환)가액 또는 해당 증권의 권리행사로 취득ㆍ처분하는 주식의 매매단가를 의미하며, (   )의 금액은 해당 증권의 -매단가를 의미</P>
<P></P>
</SECTION-3>
</SECTION-2>

<SECTION-2 ACLASS="MANDATORY">
<TITLE ATOC="Y" ENG="3. Details of funds raised for acquisition, etc." ATOCID="25">3. 취득에 필요한 자금등의 조성내역</TITLE>

<SECTION-3 ACLASS="MANDATORY">
<TITLE ATOC="Y" AASSOCNOTE="D-3-3-1-0" ENG="(1) Overview of acquisition funds, etc." ATOCID="26">(1) 취득자금등의 개요</TITLE>

<TABLE-GROUP ACLASS="PRH_CPT3" ADELETETABLE="N">

<TABLE ACLASS="EXTRACTION" AFIXTABLE="Y" WIDTH="666" BORDER="0">

<COLGROUP WIDTH="666">
<COL WIDTH="666"></COL>
</COLGROUP>

<TBODY>

<TR ACOPY="N" ADELETE="N" HEIGHT="30">
<TD ALIGN="RIGHT" VALIGN="BOTTOM" WIDTH="657" HEIGHT="23" AUPDATECONT="N" ENG="(Unit: KRW)">(단위 : 원)</TD>
</TR>
</TBODY>
</TABLE>

<TABLE ACLASS="EXTRACTION" AFIXTABLE="N" WIDTH="666" BORDER="1">

<COLGROUP WIDTH="666">
<COL WIDTH="104"></COL>
<COL WIDTH="147"></COL>
<COL WIDTH="104"></COL>
<COL WIDTH="104"></COL>
<COL WIDTH="104"></COL>
<COL WIDTH="103"></COL>
</COLGROUP>

<THEAD>

<TR ACOPY="N" ADELETE="N" HEIGHT="53">
<TH WIDTH="95" HEIGHT="46" ACOPYCOL="N" ADELETECOL="N" AMOVECOL="N" AUPDATECONT="N" VALIGN="MIDDLE" ENG="Name">성명</TH>
<TH WIDTH="138" HEIGHT="46" ACOPYCOL="N" ADELETECOL="N" AMOVECOL="N" AUPDATECONT="N" VALIGN="MIDDLE" ENG="Date of birth or business registration No., etc.">생년월일 또는사업자등록번호등</TH>
<TH WIDTH="95" HEIGHT="46" ACOPYCOL="N" ADELETECOL="N" AMOVECOL="N" AUPDATECONT="N" VALIGN="MIDDLE" ENG="Self-finance (H)">자기자금(H)</TH>
<TH WIDTH="95" HEIGHT="46" ACOPYCOL="N" ADELETECOL="N" AMOVECOL="N" AUPDATECONT="N" VALIGN="MIDDLE" ENG="Borrowings (I)">차입금(I)</TH>
<TH WIDTH="95" HEIGHT="46" ACOPYCOL="N" ADELETECOL="N" AMOVECOL="N" AUPDATECONT="N" VALIGN="MIDDLE" ENG="Others (J)">기타(J)</TH>
<TH WIDTH="94" HEIGHT="46" ACOPYCOL="N" ADELETECOL="N" AMOVECOL="N" AUPDATECONT="N" VALIGN="MIDDLE" ENG="Total (H+I+J)">계(H+I+J)</TH>
</TR>
</THEAD>

<TBODY>

<TR ACOPY="Y" ADELETE="N" HEIGHT="53">
<TE ALIGN="CENTER" WIDTH="95" HEIGHT="46" ACODE="PRH_NM" VALIGN="MIDDLE">Crucible JV LLC</TE>

<TE ALIGN="CENTER" WIDTH="138" HEIGHT="46" ACODE="PRH_ID" VALIGN="MIDDLE">
<P USERMARK="A-C">98450054053A0839FE79</P>
</TE>
<TE ALIGN="RIGHT" WIDTH="95" HEIGHT="46" ACODE="PRH_CPT" VALIGN="MIDDLE">1,291,408,565,100</TE>

<TE ALIGN="RIGHT" WIDTH="95" HEIGHT="46" ACODE="PRH_LN" VALIGN="MIDDLE">
<SPAN>1,793,625,000,000</SPAN>
</TE>
<TE ALIGN="RIGHT" WIDTH="95" HEIGHT="46" ACODE="PRH_AMT" VALIGN="MIDDLE">-</TE>
<TE ALIGN="RIGHT" WIDTH="94" HEIGHT="46" ACODE="PRH_SUM" VALIGN="MIDDLE">3,085,033,565,100</TE>
</TR>
</TBODY>
</TABLE>
</TABLE-GROUP>

<P>
<SPAN>주) 본 보고서 작성기준일(2025. 12. 31.) 서울외국환중계 매매기준율(1달러 당 1,434.30원))을 적용한 금액임.</SPAN>
</P>
</SECTION-3>

<SECTION-3 ACLASS="MANDATORY">
<TITLE ATOC="Y" AASSOCNOTE="D-3-3-2-0" ENG="(2) Background of funding and sources of acquisition funds, etc." ATOCID="27">(2) 취득자금등의 조성경위 및 원천</TITLE>

<LIBRARY>
<SECTION-4 ACLASS="MANDATORY">
<TITLE ATOC="N" ENG="ㅇ In the case of owners’ equity">ㅇ 자기자금의 경우</TITLE>

<TABLE-GROUP ACLASS="CSE_HA" ADELETETABLE="N">

<TABLE ACLASS="EXTRACTION" AFIXTABLE="N" WIDTH="623" BORDER="1">

<COLGROUP WIDTH="623">
<COL WIDTH="118"></COL>
<COL WIDTH="134"></COL>
<COL WIDTH="371"></COL>
</COLGROUP>

<THEAD>

<TR ACOPY="N" ADELETE="N" HEIGHT="53">
<TH WIDTH="109" HEIGHT="46" ACOPYCOL="N" ADELETECOL="N" AMOVECOL="N" AUPDATECONT="N" VALIGN="MIDDLE" ENG="Name">성명</TH>
<TH WIDTH="125" HEIGHT="46" ACOPYCOL="N" ADELETECOL="N" AMOVECOL="N" AUPDATECONT="N" VALIGN="MIDDLE" ENG="Date of birth or business registration No., etc.">생년월일 또는사업자등록번호등</TH>
<TH WIDTH="362" HEIGHT="46" ACOPYCOL="N" ADELETECOL="N" AMOVECOL="N" AUPDATECONT="N" VALIGN="MIDDLE" ENG="Background of funding and sources of acquisition funds, etc.">취득자금등의 조성경위 및 원천</TH>
</TR>
</THEAD>

<TBODY>

<TR ACOPY="Y" ADELETE="N" HEIGHT="53">
<TE ALIGN="CENTER" WIDTH="109" HEIGHT="46" ACODE="PRH_NM" VALIGN="MIDDLE">Crucible JV LLC</TE>

<TE ALIGN="CENTER" WIDTH="125" HEIGHT="46" ACODE="PRH_ID" VALIGN="MIDDLE">
<P USERMARK="A-C">98450054053A0839FE79</P>
</TE>
<TE ALIGN="CENTER" WIDTH="362" HEIGHT="46" ACODE="HA_DTL" VALIGN="MIDDLE">현금출자</TE>
</TR>
</TBODY>
</TABLE>
</TABLE-GROUP>
<P></P>
</SECTION-4>
</LIBRARY>

<LIBRARY>
<SECTION-4 ACLASS="MANDATORY">
<TITLE ATOC="N" ENG="ㅇ In the case of borrowings">ㅇ 차입금의 경우</TITLE>

<TABLE-GROUP ACLASS="CSE_IA" ADELETETABLE="N">

<TABLE ACLASS="EXTRACTION" AFIXTABLE="Y" WIDTH="600" BORDER="1">

<COLGROUP WIDTH="600">
<COL WIDTH="170"></COL>
<COL WIDTH="156"></COL>
<COL WIDTH="107"></COL>
<COL WIDTH="167"></COL>
</COLGROUP>

<TBODY>

<TR ACOPY="Y" ADELETE="Y" HEIGHT="99">
<TD ALIGN="CENTER" VALIGN="MIDDLE" WIDTH="161" HEIGHT="92" AUPDATECONT="N" ENG="Borrower">차입자</TD>
<TE WIDTH="147" HEIGHT="92" ACODE="IA_MAN">Crucible JV LLC</TE>
<TD ALIGN="CENTER" VALIGN="MIDDLE" WIDTH="98" HEIGHT="92" AUPDATECONT="N" ENG="Borrower">차입처</TD>
<TE WIDTH="158" HEIGHT="92" ACODE="IA_PLA">미국 전쟁부 내 전략자본실(Department of War, Office of Strategic Capital, OSC)</TE>
</TR>

<TR ACOPY="Y" ADELETE="Y" HEIGHT="53">
<TD ALIGN="CENTER" VALIGN="MIDDLE" WIDTH="161" HEIGHT="46" AUPDATECONT="N" ENG="Amount of borrowings">차입금액</TD>
<TE WIDTH="147" HEIGHT="46" ACODE="IA_MOY">1,793,625,000,000</TE>
<TD ALIGN="CENTER" VALIGN="MIDDLE" WIDTH="98" HEIGHT="46" AUPDATECONT="N" ENG="Borrowing period">차입기간</TD>
<TE WIDTH="158" HEIGHT="46" ACODE="IA_PER">25년</TE>
</TR>

<TR ACOPY="Y" ADELETE="Y" HEIGHT="145">
<TD ALIGN="CENTER" VALIGN="MIDDLE" WIDTH="161" HEIGHT="138" AUPDATECONT="N" ENG="Whether stocks, etc. are provided as collateral">주식등의 담보제공 여부</TD>
<TE WIDTH="147" HEIGHT="138" ACODE="IA_SEC">여</TE>
<TD ALIGN="CENTER" VALIGN="MIDDLE" WIDTH="98" HEIGHT="138" AUPDATECONT="N" ENG="Collateral">담보 내역</TD>
<TE WIDTH="158" HEIGHT="138" ACODE="IA_SEB">차입자의 모든 자산 및 발행회사 주식을 보유하는 증권계좌 및 그 증권계좌 내의 모든 증권, 현금, 배당금, 증권사에 대한 청구권 등</TE>
</TR>
</TBODY>
</TABLE>
</TABLE-GROUP>

<P>
<SPAN>주) 본 보고서 작성기준일(2025. 12. 31.) 서울외국환중계 매매기준율(1달러 당 1,434.30원))을 적용한 금액임.</SPAN>
</P>
</SECTION-4>
</LIBRARY>

</SECTION-3>
</SECTION-2>
</SECTION-1>
</LIBRARY>

</BODY>
</DOCUMENT>