<?xml version="1.0" encoding="utf-8"?>


<DOCUMENT xmlns:xsi="http://www.w3.org/2001/XMLSchema-instance" xsi:noNamespaceSchemaLocation="dart4.xsd">

<DOCUMENT-NAME ACODE="80810">공시대상기업집단의특수관계인과의내부거래</DOCUMENT-NAME>
<FORMULA-VERSION ADATE="20240129">6.0</FORMULA-VERSION>
<COMPANY-NAME AREGCIK="01605848">(사)나눔축산운동본부</COMPANY-NAME>


<BODY ATOCID="1">

<SECTION-1 ACLASS="MANDATORY" APARTSOURCE="SOURCE">
<TITLE ATOC="Y" AASSOCNOTE="D-0-1-0-0" ENG="Internal Transactions with Related Party of Corporate Groups subject to Disclosure" ATOCID="1">공시대상기업집단의 특수관계인과의 내부거래</TITLE>
<P></P>

<TABLE ACLASS="NORMAL" AFIXTABLE="N" BORDER="1" WIDTH="721">

<COLGROUP WIDTH="721">
<COL WIDTH="91"></COL>
<COL WIDTH="47"></COL>
<COL WIDTH="80"></COL>
<COL WIDTH="157"></COL>
<COL WIDTH="76"></COL>
<COL WIDTH="90"></COL>
<COL WIDTH="90"></COL>
<COL WIDTH="90"></COL>
</COLGROUP>

<TBODY>

<TR ACOPY="Y" ADELETE="Y" HEIGHT="53">
<TD WIDTH="82" HEIGHT="46" ALIGN="CENTER" VALIGN="MIDDLE">기업집단명</TD>
<TD WIDTH="38" HEIGHT="46" ALIGN="CENTER" VALIGN="MIDDLE">농협</TD>
<TD WIDTH="71" HEIGHT="46" ALIGN="CENTER" VALIGN="MIDDLE">공 익법인명</TD>
<TD WIDTH="148" HEIGHT="46" ALIGN="CENTER" VALIGN="MIDDLE">(사)나눔축산운동본부</TD>
<TD WIDTH="67" HEIGHT="46" ALIGN="CENTER" VALIGN="MIDDLE">공시일자</TD>
<TD WIDTH="81" HEIGHT="46" ALIGN="CENTER" VALIGN="MIDDLE">2026.1.6</TD>
<TD WIDTH="81" HEIGHT="46" ALIGN="CENTER" VALIGN="MIDDLE">관련법규</TD>
<TD WIDTH="81" HEIGHT="46" ALIGN="CENTER" VALIGN="MIDDLE">공정거래법 제29조</TD>
</TR>
</TBODY>
</TABLE>
<P></P>

<TABLE ACLASS="NORMAL" WIDTH="721" BORDER="0" AFIXTABLE="N">

<COLGROUP WIDTH="721">
<COL WIDTH="721"></COL>
</COLGROUP>

<TBODY>

<TR ACOPY="Y" ADELETE="Y" HEIGHT="30">
<TD ALIGN="RIGHT" VALIGN="MIDDLE" WIDTH="712" HEIGHT="23">(단위 : 백만원)</TD>
</TR>
</TBODY>
</TABLE>

<TABLE ACLASS="NORMAL" WIDTH="724" BORDER="1" AFIXTABLE="N">

<COLGROUP WIDTH="724">
<COL WIDTH="121"></COL>
<COL WIDTH="121"></COL>
<COL WIDTH="76"></COL>
<COL WIDTH="198"></COL>
<COL WIDTH="56"></COL>
<COL WIDTH="152"></COL>
</COLGROUP>

<TBODY>

<TR ACOPY="Y" ADELETE="Y" HEIGHT="53">
<TD COLSPAN="3" VALIGN="MIDDLE" WIDTH="309" HEIGHT="46">1. 거래상대방</TD>
<TD VALIGN="MIDDLE" WIDTH="189" HEIGHT="46">농협중앙회 지역사회공헌부</TD>
<TD ALIGN="CENTER" VALIGN="MIDDLE" WIDTH="47" HEIGHT="46">관 계</TD>
<TD VALIGN="MIDDLE" WIDTH="143" HEIGHT="46">기업집단내 계열회사</TD>
</TR>

<TR ACOPY="Y" ADELETE="Y" HEIGHT="30">
<TD ROWSPAN="6" VALIGN="MIDDLE" WIDTH="112" HEIGHT="173">2. 거래내역</TD>
<TD COLSPAN="2" VALIGN="MIDDLE" WIDTH="188" HEIGHT="23">가. 거래일자</TD>
<TD COLSPAN="3" VALIGN="MIDDLE" WIDTH="397" HEIGHT="23">2025.12.31</TD>
</TR>

<TR ACOPY="Y" ADELETE="Y" HEIGHT="30">
<TD ROWSPAN="2" VALIGN="MIDDLE" WIDTH="112" HEIGHT="53">나. 거래기간</TD>
<TD ALIGN="CENTER" VALIGN="MIDDLE" WIDTH="67" HEIGHT="23">시작일</TD>

<TD COLSPAN="3" VALIGN="MIDDLE" WIDTH="397" HEIGHT="23">
<SPAN>2025.12.31</SPAN>
</TD>
</TR>

<TR ACOPY="Y" ADELETE="Y" HEIGHT="30">
<TD ALIGN="CENTER" VALIGN="MIDDLE" WIDTH="67" HEIGHT="23">종료일</TD>

<TD COLSPAN="3" VALIGN="MIDDLE" WIDTH="397" HEIGHT="23">
<SPAN>2025.12.31</SPAN>
</TD>
</TR>

<TR ACOPY="Y" ADELETE="Y" HEIGHT="30">
<TD COLSPAN="2" VALIGN="MIDDLE" WIDTH="188" HEIGHT="23">다. 거래대상</TD>
<TD COLSPAN="3" VALIGN="MIDDLE" WIDTH="397" HEIGHT="23">법인 기부금 출연</TD>
</TR>

<TR ACOPY="Y" ADELETE="Y" HEIGHT="30">
<TD COLSPAN="2" VALIGN="MIDDLE" WIDTH="188" HEIGHT="23">라. 거래금액</TD>
<TD COLSPAN="3" VALIGN="MIDDLE" WIDTH="397" HEIGHT="23">3,000</TD>
</TR>

<TR ACOPY="Y" ADELETE="Y" HEIGHT="30">
<TD COLSPAN="2" VALIGN="MIDDLE" WIDTH="188" HEIGHT="23">마. 계약체결 방식</TD>
<TD COLSPAN="3" VALIGN="MIDDLE" WIDTH="397" HEIGHT="23"></TD>
</TR>

<TR ACOPY="Y" ADELETE="Y" HEIGHT="30">
<TD COLSPAN="3" VALIGN="MIDDLE" WIDTH="309" HEIGHT="23">3. 총거래금액</TD>
<TD COLSPAN="3" VALIGN="MIDDLE" WIDTH="397" HEIGHT="23">3,000</TD>
</TR>

<TR ACOPY="Y" ADELETE="Y" HEIGHT="30">
<TD COLSPAN="3" VALIGN="MIDDLE" WIDTH="309" HEIGHT="23">4. 이사회 의결일</TD>
<TD COLSPAN="3" VALIGN="MIDDLE" WIDTH="397" HEIGHT="23">2025.12.30</TD>
</TR>

<TR ACOPY="Y" ADELETE="Y" HEIGHT="30">
<TD ROWSPAN="2" COLSPAN="2" VALIGN="MIDDLE" WIDTH="233" HEIGHT="53"> - 이사 참석현황</TD>
<TD ALIGN="CENTER" VALIGN="MIDDLE" WIDTH="67" HEIGHT="23">참석(명)</TD>
<TD COLSPAN="3" VALIGN="MIDDLE" WIDTH="397" HEIGHT="23">12</TD>
</TR>

<TR ACOPY="Y" ADELETE="Y" HEIGHT="30">
<TD ALIGN="CENTER" VALIGN="MIDDLE" WIDTH="67" HEIGHT="23">불참(명)</TD>
<TD COLSPAN="3" VALIGN="MIDDLE" WIDTH="397" HEIGHT="23">3</TD>
</TR>

<TR ACOPY="Y" ADELETE="Y" HEIGHT="30">
<TD COLSPAN="3" VALIGN="MIDDLE" WIDTH="309" HEIGHT="23"> - 감사 참석 여부</TD>
<TD COLSPAN="3" VALIGN="MIDDLE" WIDTH="397" HEIGHT="23">1</TD>
</TR>

<TR ACOPY="Y" ADELETE="Y" HEIGHT="30">
<TD COLSPAN="3" VALIGN="MIDDLE" WIDTH="309" HEIGHT="23">5. 기타</TD>
<TD COLSPAN="3" VALIGN="MIDDLE" WIDTH="397" HEIGHT="23"></TD>
</TR>

<TR ACOPY="Y" ADELETE="Y" HEIGHT="30">
<TD COLSPAN="3" VALIGN="MIDDLE" WIDTH="309" HEIGHT="23"> ※ 관련공시일</TD>
<TD COLSPAN="3" VALIGN="MIDDLE" WIDTH="397" HEIGHT="23"></TD>
</TR>
</TBODY>
</TABLE>
</SECTION-1>
</BODY>
</DOCUMENT>