<?xml version="1.0" encoding="utf-8"?>


<DOCUMENT xmlns:xsi="http://www.w3.org/2001/XMLSchema-instance" xsi:noNamespaceSchemaLocation="dart4.xsd">

<DOCUMENT-NAME ACODE="00728">자산유동화관련중요사항발생등보고서(기타)</DOCUMENT-NAME>
<FORMULA-VERSION SUBVER="2" ADATE="20240112">6.0</FORMULA-VERSION>
<COMPANY-NAME AREGCIK="01815597">롯데캐피탈제사차유동화전문 유한회사</COMPANY-NAME>


<BODY ATOCID="2">

<SECTION-1 ACLASS="MANDATORY" APARTSOURCE="SOURCE">
<TITLE ATOC="Y" AASSOCNOTE="D-0-1-0-0" ENG="Report on Occurrence of Important Matters, etc. Related to Asset Securitization" ATOCID="1">자산유동화관련중요사항발생등보고서</TITLE>
<P USERMARK="F-14 "></P>
<P USERMARK="F-14 ">자산유동화관련 등록ㆍ신고등 현황 :</P>
<P USERMARK="F-14 "></P>

<TABLE WIDTH="681" ACLASS="NORMAL" AFIXTABLE="N" BORDER="1">

<COLGROUP WIDTH="681">
<COL WIDTH="48"></COL>
<COL WIDTH="493"></COL>
<COL WIDTH="92"></COL>
<COL WIDTH="48"></COL>
</COLGROUP>

<THEAD>

<TR ACOPY="Y" ADELETE="Y" HEIGHT="30">
<TH VALIGN="MIDDLE" WIDTH="39" ACOPYCOL="Y" ADELETECOL="Y" AMOVECOL="N" HEIGHT="23">번호</TH>
<TH VALIGN="MIDDLE" WIDTH="484" ACOPYCOL="Y" ADELETECOL="Y" AMOVECOL="N" HEIGHT="23">보고서명</TH>
<TH VALIGN="MIDDLE" WIDTH="83" ACOPYCOL="Y" ADELETECOL="Y" AMOVECOL="N" HEIGHT="23">접수일자</TH>
<TH VALIGN="MIDDLE" WIDTH="39" ACOPYCOL="Y" ADELETECOL="Y" AMOVECOL="N" HEIGHT="23">비고</TH>
</TR>
</THEAD>

<TBODY>

<TR ACOPY="Y" ADELETE="Y" HEIGHT="30">
<TD ALIGN="CENTER" VALIGN="MIDDLE" USERMARK="0X333333" WIDTH="39" HEIGHT="23">1</TD>
<TD VALIGN="MIDDLE" WIDTH="484" HEIGHT="23">[기재정정]분기보고서(유동화전문회사) (2025.09)</TD>
<TD ALIGN="CENTER" VALIGN="MIDDLE" WIDTH="83" HEIGHT="23">2025.11.06</TD>
<TD ALIGN="CENTER" VALIGN="MIDDLE" WIDTH="39" HEIGHT="23"></TD>
</TR>

<TR ACOPY="Y" ADELETE="Y" HEIGHT="30">
<TD ALIGN="CENTER" VALIGN="MIDDLE" USERMARK="0X333333" WIDTH="39" HEIGHT="23">2</TD>
<TD VALIGN="MIDDLE" WIDTH="484" HEIGHT="23">자산유동화관련중요사항발생등보고서(기타)</TD>
<TD ALIGN="CENTER" VALIGN="MIDDLE" WIDTH="83" HEIGHT="23">2025.11.05</TD>
<TD ALIGN="CENTER" VALIGN="MIDDLE" WIDTH="39" HEIGHT="23"></TD>
</TR>

<TR ACOPY="Y" ADELETE="Y" HEIGHT="30">
<TD ALIGN="CENTER" VALIGN="MIDDLE" USERMARK="0X333333" WIDTH="39" HEIGHT="23">3</TD>
<TD VALIGN="MIDDLE" WIDTH="484" HEIGHT="23">반기보고서(유동화전문회사) (2025.06)</TD>
<TD ALIGN="CENTER" VALIGN="MIDDLE" WIDTH="83" HEIGHT="23">2025.08.12</TD>
<TD ALIGN="CENTER" VALIGN="MIDDLE" WIDTH="39" HEIGHT="23"></TD>
</TR>

<TR ACOPY="Y" ADELETE="Y" HEIGHT="30">
<TD ALIGN="CENTER" VALIGN="MIDDLE" USERMARK="0X333333" WIDTH="39" HEIGHT="23">4</TD>
<TD VALIGN="MIDDLE" WIDTH="484" HEIGHT="23">자산유동화관련중요사항발생등보고서(기타)</TD>
<TD ALIGN="CENTER" VALIGN="MIDDLE" WIDTH="83" HEIGHT="23">2025.08.05</TD>
<TD ALIGN="CENTER" VALIGN="MIDDLE" WIDTH="39" HEIGHT="23"></TD>
</TR>

<TR ACOPY="Y" ADELETE="Y" HEIGHT="30">
<TD ALIGN="CENTER" VALIGN="MIDDLE" USERMARK="0X333333" WIDTH="39" HEIGHT="23">5</TD>
<TD VALIGN="MIDDLE" WIDTH="484" HEIGHT="23">[기재정정]분기보고서(유동화전문회사) (2025.03)</TD>
<TD ALIGN="CENTER" VALIGN="MIDDLE" WIDTH="83" HEIGHT="23">2025.05.08</TD>
<TD ALIGN="CENTER" VALIGN="MIDDLE" WIDTH="39" HEIGHT="23"></TD>
</TR>

<TR ACOPY="Y" ADELETE="Y" HEIGHT="30">
<TD ALIGN="CENTER" VALIGN="MIDDLE" USERMARK="0X333333" WIDTH="39" HEIGHT="23">6</TD>
<TD VALIGN="MIDDLE" WIDTH="484" HEIGHT="23">[기재정정]자산유동화관련중요사항발생등보고서(기타)</TD>
<TD ALIGN="CENTER" VALIGN="MIDDLE" WIDTH="83" HEIGHT="23">2025.05.08</TD>
<TD ALIGN="CENTER" VALIGN="MIDDLE" WIDTH="39" HEIGHT="23"></TD>
</TR>

<TR ACOPY="Y" ADELETE="Y" HEIGHT="30">
<TD ALIGN="CENTER" VALIGN="MIDDLE" USERMARK="0X333333" WIDTH="39" HEIGHT="23">7</TD>
<TD VALIGN="MIDDLE" WIDTH="484" HEIGHT="23">[기재정정]자산유동화관련중요사항발생등보고서(기타)</TD>
<TD ALIGN="CENTER" VALIGN="MIDDLE" WIDTH="83" HEIGHT="23">2025.05.08</TD>
<TD ALIGN="CENTER" VALIGN="MIDDLE" WIDTH="39" HEIGHT="23"></TD>
</TR>

<TR ACOPY="Y" ADELETE="Y" HEIGHT="30">
<TD ALIGN="CENTER" VALIGN="MIDDLE" USERMARK="0X333333" WIDTH="39" HEIGHT="23">8</TD>
<TD VALIGN="MIDDLE" WIDTH="484" HEIGHT="23">[기재정정]사업보고서(유동화전문회사) (2024.12)</TD>
<TD ALIGN="CENTER" VALIGN="MIDDLE" WIDTH="83" HEIGHT="23">2025.05.08</TD>
<TD ALIGN="CENTER" VALIGN="MIDDLE" WIDTH="39" HEIGHT="23"></TD>
</TR>

<TR ACOPY="Y" ADELETE="Y" HEIGHT="30">
<TD ALIGN="CENTER" VALIGN="MIDDLE" USERMARK="0X333333" WIDTH="39" HEIGHT="23">9</TD>
<TD VALIGN="MIDDLE" WIDTH="484" HEIGHT="23">[기재정정]분기보고서(유동화전문회사) (2024.09)</TD>
<TD ALIGN="CENTER" VALIGN="MIDDLE" WIDTH="83" HEIGHT="23">2025.05.08</TD>
<TD ALIGN="CENTER" VALIGN="MIDDLE" WIDTH="39" HEIGHT="23"></TD>
</TR>

<TR ACOPY="Y" ADELETE="Y" HEIGHT="30">
<TD ALIGN="CENTER" VALIGN="MIDDLE" USERMARK="0X333333" WIDTH="39" HEIGHT="23">10</TD>
<TD VALIGN="MIDDLE" WIDTH="484" HEIGHT="23">[기재정정]반기보고서(유동화전문회사) (2024.06)</TD>
<TD ALIGN="CENTER" VALIGN="MIDDLE" WIDTH="83" HEIGHT="23">2025.05.08</TD>
<TD ALIGN="CENTER" WIDTH="39" HEIGHT="23"></TD>
</TR>

<TR ACOPY="Y" ADELETE="Y" HEIGHT="30">
<TD ALIGN="CENTER" VALIGN="MIDDLE" USERMARK="0X333333" WIDTH="39" HEIGHT="23">11</TD>
<TD VALIGN="MIDDLE" WIDTH="484" HEIGHT="23">[기재정정]사업보고서(유동화전문회사) (2024.04)</TD>
<TD ALIGN="CENTER" VALIGN="MIDDLE" WIDTH="83" HEIGHT="23">2025.05.08</TD>
<TD ALIGN="CENTER" VALIGN="MIDDLE" WIDTH="39" HEIGHT="23"></TD>
</TR>

<TR ACOPY="Y" ADELETE="Y" HEIGHT="30">
<TD ALIGN="CENTER" VALIGN="MIDDLE" USERMARK="0X333333" WIDTH="39" HEIGHT="23">12</TD>
<TD VALIGN="MIDDLE" WIDTH="484" HEIGHT="23">증권발행실적보고서</TD>
<TD ALIGN="CENTER" VALIGN="MIDDLE" WIDTH="83" HEIGHT="23">2024.04.04</TD>
<TD ALIGN="CENTER" VALIGN="MIDDLE" WIDTH="39" HEIGHT="23"></TD>
</TR>

<TR ACOPY="Y" ADELETE="Y" HEIGHT="30">
<TD ALIGN="CENTER" VALIGN="MIDDLE" USERMARK="0X333333" WIDTH="39" HEIGHT="23">13</TD>
<TD VALIGN="MIDDLE" WIDTH="484" HEIGHT="23">투자설명서</TD>
<TD ALIGN="CENTER" VALIGN="MIDDLE" WIDTH="83" HEIGHT="23">2024.04.04</TD>
<TD ALIGN="CENTER" VALIGN="MIDDLE" WIDTH="39" HEIGHT="23"></TD>
</TR>

<TR ACOPY="Y" ADELETE="Y" HEIGHT="30">
<TD ALIGN="CENTER" VALIGN="MIDDLE" USERMARK="0X333333" WIDTH="39" HEIGHT="23">14</TD>
<TD VALIGN="MIDDLE" WIDTH="484" HEIGHT="23">[발행조건확정]증권신고서(유동화증권)</TD>
<TD ALIGN="CENTER" VALIGN="MIDDLE" WIDTH="83" HEIGHT="23">2024.04.03</TD>
<TD ALIGN="CENTER" VALIGN="MIDDLE" WIDTH="39" HEIGHT="23"></TD>
</TR>

<TR ACOPY="Y" ADELETE="Y" HEIGHT="30">
<TD ALIGN="CENTER" VALIGN="MIDDLE" USERMARK="0X333333" WIDTH="39" HEIGHT="23">15</TD>
<TD VALIGN="MIDDLE" WIDTH="484" HEIGHT="23">자산양도등의등록신청서</TD>
<TD ALIGN="CENTER" VALIGN="MIDDLE" WIDTH="83" HEIGHT="23">2024.03.27</TD>
<TD ALIGN="CENTER" VALIGN="MIDDLE" WIDTH="39" HEIGHT="23"></TD>
</TR>

<TR ACOPY="Y" ADELETE="Y" HEIGHT="30">
<TD ALIGN="CENTER" VALIGN="MIDDLE" USERMARK="0X333333" WIDTH="39" HEIGHT="23">16</TD>
<TD VALIGN="MIDDLE" WIDTH="484" HEIGHT="23">자산양도등의등록신청서</TD>
<TD ALIGN="CENTER" VALIGN="MIDDLE" WIDTH="83" HEIGHT="23">2024.03.27</TD>
<TD ALIGN="CENTER" VALIGN="MIDDLE" WIDTH="39" HEIGHT="23"></TD>
</TR>

<TR ACOPY="Y" ADELETE="Y" HEIGHT="30">
<TD ALIGN="CENTER" VALIGN="MIDDLE" USERMARK="0X333333" WIDTH="39" HEIGHT="23">17</TD>
<TD VALIGN="MIDDLE" WIDTH="484" HEIGHT="23">[기재정정]자산유동화계획의등록신청서(유동화전문회사)</TD>
<TD ALIGN="CENTER" VALIGN="MIDDLE" WIDTH="83" HEIGHT="23">2024.03.26</TD>
<TD ALIGN="CENTER" VALIGN="MIDDLE" WIDTH="39" HEIGHT="23"></TD>
</TR>

<TR ACOPY="Y" ADELETE="Y" HEIGHT="30">
<TD ALIGN="CENTER" VALIGN="MIDDLE" USERMARK="0X333333" WIDTH="39" HEIGHT="23">18</TD>
<TD VALIGN="MIDDLE" WIDTH="484" HEIGHT="23">[기재정정]자산유동화계획의등록신청서[신탁회사(은행신탁계정포함)]</TD>
<TD ALIGN="CENTER" VALIGN="MIDDLE" WIDTH="83" HEIGHT="23">2024.03.26</TD>
<TD ALIGN="CENTER" VALIGN="MIDDLE" WIDTH="39" HEIGHT="23"></TD>
</TR>
</TBODY>
</TABLE>
<P USERMARK="F-14 "></P>
<P USERMARK="F-14 "></P>

<TABLE WIDTH="600" ACLASS="NORMAL" AFIXTABLE="N" BORDER="0">

<COLGROUP WIDTH="600">
<COL WIDTH="177"></COL>
<COL WIDTH="423"></COL>
</COLGROUP>

<TBODY>

<TR ACOPY="Y" ADELETE="Y" HEIGHT="30">
<TD WIDTH="168" HEIGHT="23">금융위원회</TD>
<TD ALIGN="RIGHT" WIDTH="414" HEIGHT="23"></TD>
</TR>

<TR ACOPY="Y" ADELETE="Y" HEIGHT="30">
<TD WIDTH="168" HEIGHT="23">한국거래소 귀중</TD>
<TD ALIGN="RIGHT" WIDTH="414" HEIGHT="23">2026년     1월     7일</TD>
</TR>

<TR ACOPY="Y" ADELETE="Y" HEIGHT="30">
<TD WIDTH="168" HEIGHT="23"></TD>
<TD WIDTH="414" HEIGHT="23"></TD>
</TR>

<TR ACOPY="Y" ADELETE="Y" HEIGHT="30">
<TD WIDTH="168" HEIGHT="23">회      사      명 :</TD>
<TD WIDTH="414" HEIGHT="23">롯데캐피탈제사차유동화전문 유한회사</TD>
</TR>

<TR ACOPY="Y" ADELETE="Y" HEIGHT="30">
<TD WIDTH="168" HEIGHT="23"></TD>
<TD WIDTH="414" HEIGHT="23"></TD>
</TR>

<TR ACOPY="Y" ADELETE="Y" HEIGHT="30">
<TD WIDTH="168" HEIGHT="23">대   표    이   사 :</TD>
<TD WIDTH="414" HEIGHT="23">오일영</TD>
</TR>

<TR ACOPY="Y" ADELETE="Y" HEIGHT="30">
<TD WIDTH="168" HEIGHT="23"></TD>
<TD WIDTH="414" HEIGHT="23"></TD>
</TR>

<TR ACOPY="Y" ADELETE="Y" HEIGHT="30">
<TD WIDTH="168" HEIGHT="23">본  점  소  재  지 :</TD>
<TD WIDTH="414" HEIGHT="23">서울특별시 중구 을지로 35, 11층(을지로1가)</TD>
</TR>

<TR ACOPY="Y" ADELETE="Y" HEIGHT="30">
<TD WIDTH="168" HEIGHT="23"></TD>
<TD WIDTH="414" HEIGHT="23">(전  화) 02-2002-2202</TD>
</TR>

<TR ACOPY="Y" ADELETE="Y" HEIGHT="30">
<TD WIDTH="168" HEIGHT="23"></TD>
<TD WIDTH="414" HEIGHT="23">(홈페이지) http://</TD>
</TR>

<TR ACOPY="Y" ADELETE="Y" HEIGHT="30">
<TD WIDTH="168" HEIGHT="23"></TD>
<TD WIDTH="414" HEIGHT="23"></TD>
</TR>

<TR ACOPY="Y" ADELETE="Y" HEIGHT="30">
<TD WIDTH="168" HEIGHT="23">작  성  책  임  자 :</TD>
<TD WIDTH="414" HEIGHT="23">(업무수탁기관 및 담당부서)하나은행 수탁영업부</TD>
</TR>

<TR ACOPY="Y" ADELETE="Y" HEIGHT="30">
<TD WIDTH="168" HEIGHT="23"></TD>
<TD WIDTH="414" HEIGHT="23">(직  책)  차장              (성  명)윤 송 아</TD>
</TR>

<TR ACOPY="Y" ADELETE="Y" HEIGHT="30">
<TD WIDTH="168" HEIGHT="23"></TD>
<TD WIDTH="414" HEIGHT="23">(전  화) 02-2002-2201</TD>
</TR>
</TBODY>
</TABLE>
<P></P>

<LIBRARY>
<TABLE-GROUP ACLASS="TBL_DEB" ADELETETABLE="N">

<TABLE ACLASS="NORMAL" AFIXTABLE="Y" WIDTH="993" BORDER="0">

<COLGROUP WIDTH="993">
<COL WIDTH="452"></COL>
<COL WIDTH="541"></COL>
</COLGROUP>

<TBODY>

<TR ACOPY="Y" ADELETE="Y" HEIGHT="30">
<TD WIDTH="443" AUPDATECONT="N" ENG="【Early Redemption - Bonds】" HEIGHT="23">【조기상환 - 사채】</TD>
<TD ALIGN="RIGHT" WIDTH="532" AUPDATECONT="N" HEIGHT="23"></TD>
</TR>
</TBODY>
</TABLE>

<TABLE ACLASS="EXTRACTION" AFIXTABLE="N" WIDTH="1049" BORDER="1">

<COLGROUP WIDTH="1049">
<COL WIDTH="33"></COL>
<COL WIDTH="105"></COL>
<COL WIDTH="48"></COL>
<COL WIDTH="48"></COL>
<COL WIDTH="56"></COL>
<COL WIDTH="48"></COL>
<COL WIDTH="137"></COL>
<COL WIDTH="137"></COL>
<COL WIDTH="63"></COL>
<COL WIDTH="91"></COL>
<COL WIDTH="48"></COL>
<COL WIDTH="48"></COL>
<COL WIDTH="91"></COL>
<COL WIDTH="48"></COL>
<COL WIDTH="48"></COL>
</COLGROUP>

<THEAD>

<TR ACOPY="N" ADELETE="N" HEIGHT="30">
<TH ROWSPAN="2" VALIGN="MIDDLE" WIDTH="24" ACOPYCOL="N" ADELETECOL="N" AMOVECOL="N" AUPDATECONT="N" ENG="Class" HEIGHT="53">종류</TH>
<TH ROWSPAN="2" VALIGN="MIDDLE" WIDTH="96" ACOPYCOL="N" ADELETECOL="N" AMOVECOL="N" AUPDATECONT="N" ENG="Senior/Middle/Subordinated priority" HEIGHT="53">선/중/후순위</TH>
<TH ROWSPAN="2" VALIGN="MIDDLE" WIDTH="39" ACOPYCOL="N" ADELETECOL="N" AMOVECOL="N" AUPDATECONT="N" ENG="Ordinal" HEIGHT="53">회차</TH>
<TH ROWSPAN="2" VALIGN="MIDDLE" WIDTH="39" ACOPYCOL="N" ADELETECOL="N" AMOVECOL="N" AUPDATECONT="N" ENG="Overseas issuance" HEIGHT="53">해외발행</TH>
<TH ROWSPAN="2" VALIGN="MIDDLE" WIDTH="47" ACOPYCOL="N" ADELETECOL="N" AMOVECOL="N" AUPDATECONT="N" ENG="Currency unit" HEIGHT="53">통화단위</TH>
<TH ROWSPAN="2" VALIGN="MIDDLE" WIDTH="39" ACOPYCOL="N" ADELETECOL="N" AMOVECOL="N" AUPDATECONT="N" ENG="Creation amount" HEIGHT="53">발행금액</TH>
<TH ROWSPAN="2" VALIGN="MIDDLE" WIDTH="128" ACOPYCOL="N" ADELETECOL="N" AMOVECOL="N" AUPDATECONT="N" ENG="Issue date" HEIGHT="53">발행일</TH>
<TH ROWSPAN="2" VALIGN="MIDDLE" WIDTH="128" ACOPYCOL="N" ADELETECOL="N" AMOVECOL="N" AUPDATECONT="N" ENG="Maturity" HEIGHT="53">만기</TH>
<TH ROWSPAN="2" VALIGN="MIDDLE" WIDTH="54" ACOPYCOL="N" ADELETECOL="N" AMOVECOL="N" AUPDATECONT="N" ENG="Interest rate (%)" HEIGHT="53">이자율(%)</TH>
<TH ROWSPAN="2" VALIGN="MIDDLE" WIDTH="82" ACOPYCOL="N" ADELETECOL="N" AMOVECOL="N" AUPDATECONT="N" ENG="Method of interest payment" HEIGHT="53">이자지급방 법</TH>
<TH ROWSPAN="2" VALIGN="MIDDLE" WIDTH="39" ACOPYCOL="N" ADELETECOL="N" AMOVECOL="N" AUPDATECONT="N" ENG="Method of issuance" HEIGHT="53">발행방법</TH>
<TH ROWSPAN="2" VALIGN="MIDDLE" WIDTH="39" ACOPYCOL="N" ADELETECOL="N" AMOVECOL="N" AUPDATECONT="N" ENG="Credit rating" HEIGHT="53">신용등급</TH>
<TH COLSPAN="2" VALIGN="MIDDLE" WIDTH="130" ACOPYCOL="N" ADELETECOL="N" AMOVECOL="N" AUPDATECONT="N" ENG="Early redemption" HEIGHT="23">조기상환</TH>
<TH ROWSPAN="2" VALIGN="MIDDLE" WIDTH="39" ACOPYCOL="N" ADELETECOL="N" AMOVECOL="N" AUPDATECONT="N" ENG="Note" HEIGHT="53">비고</TH>
</TR>

<TR ACOPY="N" ADELETE="N" HEIGHT="30">
<TH VALIGN="MIDDLE" ACOPYCOL="N" ADELETECOL="N" AMOVECOL="N" AUPDATECONT="N" ENG="Reason for report" WIDTH="82" HEIGHT="23">사유</TH>
<TH VALIGN="MIDDLE" ACOPYCOL="N" ADELETECOL="N" AMOVECOL="N" AUPDATECONT="N" ENG="Amount" WIDTH="39" HEIGHT="23">금액</TH>
</TR>
</THEAD>

<TBODY>

<TR ACOPY="N" ADELETE="N" HEIGHT="30">
<TD ROWSPAN="9" ALIGN="CENTER" VALIGN="MIDDLE" AUPDATECONT="N" ENG="Bonds" WIDTH="24" HEIGHT="263">사채</TD>
<TD ROWSPAN="2" ALIGN="CENTER" VALIGN="MIDDLE" AUPDATECONT="N" ENG="Senior priority" WIDTH="96" HEIGHT="53">선순위</TD>
<TE ALIGN="CENTER" VALIGN="MIDDLE" ACODE="SNR_SEQ" WIDTH="39" HEIGHT="23">1-8</TE>
<TU ALIGN="CENTER" VALIGN="MIDDLE" AUNIT="SNR_FYN" AUNITVALUE="2" WIDTH="39" HEIGHT="23" ENG="Ｘ">Ｘ</TU>
<TU ALIGN="CENTER" VALIGN="MIDDLE" AUNIT="SNR_CUR" AUNITVALUE="11" WIDTH="47" HEIGHT="23" ENG="KRW 100 million">1억원</TU>
<TE ALIGN="RIGHT" VALIGN="MIDDLE" ACODE="SNR_AMT" WIDTH="39" HEIGHT="23">100</TE>
<TU ALIGN="CENTER" VALIGN="MIDDLE" AUNIT="SNR_PDT" AUNITVALUE="20240404" WIDTH="128" HEIGHT="23">2024년 04월 04일</TU>
<TU ALIGN="CENTER" VALIGN="MIDDLE" AUNIT="SNR_EDT" AUNITVALUE="20260404" WIDTH="128" HEIGHT="23">2026년 04월 04일</TU>
<TE ALIGN="CENTER" VALIGN="MIDDLE" ACODE="SNR_RAT" WIDTH="54" HEIGHT="23"> 4.150</TE>
<TE ALIGN="CENTER" VALIGN="MIDDLE" ACODE="SNR_INM" WIDTH="82" HEIGHT="23">1개월 후급</TE>
<TU ALIGN="CENTER" VALIGN="MIDDLE" AUNIT="SNR_PKND" AUNITVALUE="1" WIDTH="39" HEIGHT="23" ENG="Public offering">공모</TU>
<TU ALIGN="CENTER" VALIGN="MIDDLE" AUNIT="SNR_CRT" AUNITVALUE="11" WIDTH="39" HEIGHT="23" ENG="AAA">AAA</TU>
<TE ALIGN="CENTER" VALIGN="MIDDLE" ACODE="SNR_REP_RSN" WIDTH="82" HEIGHT="23">Call Option</TE>
<TE ALIGN="CENTER" VALIGN="MIDDLE" ACODE="SNR_REP_AMT" WIDTH="39" HEIGHT="23">14</TE>
<TE ALIGN="CENTER" VALIGN="MIDDLE" ACODE="SNR_ETC" WIDTH="39" HEIGHT="23">Call</TE>
</TR>

<TR ACOPY="Y" ADELETE="N" HEIGHT="30">
<TE ALIGN="CENTER" VALIGN="MIDDLE" ACODE="SNR_SEQ" WIDTH="39" HEIGHT="23">-</TE>
<TU ALIGN="CENTER" VALIGN="MIDDLE" AUNIT="SNR_FYN" AUNITVALUE="-" WIDTH="39" HEIGHT="23" ENG="-">-</TU>
<TU ALIGN="CENTER" VALIGN="MIDDLE" AUNIT="SNR_CUR" AUNITVALUE="-" WIDTH="47" HEIGHT="23" ENG="-">-</TU>
<TE ALIGN="RIGHT" VALIGN="MIDDLE" ACODE="SNR_AMT" WIDTH="39" HEIGHT="23">-</TE>
<TU ALIGN="CENTER" VALIGN="MIDDLE" AUNIT="SNR_PDT" AUNITVALUE="-" WIDTH="128" HEIGHT="23">-</TU>
<TU ALIGN="CENTER" VALIGN="MIDDLE" AUNIT="SNR_EDT" AUNITVALUE="-" WIDTH="128" HEIGHT="23">-</TU>
<TE ALIGN="CENTER" VALIGN="MIDDLE" ACODE="SNR_RAT" WIDTH="54" HEIGHT="23">-</TE>
<TE ALIGN="CENTER" VALIGN="MIDDLE" ACODE="SNR_INM" WIDTH="82" HEIGHT="23">-</TE>
<TU ALIGN="CENTER" VALIGN="MIDDLE" AUNIT="SNR_PKND" AUNITVALUE="-" WIDTH="39" HEIGHT="23" ENG="-">-</TU>
<TU ALIGN="CENTER" VALIGN="MIDDLE" AUNIT="SNR_CRT" AUNITVALUE="-" WIDTH="39" HEIGHT="23" ENG="-">-</TU>
<TE ALIGN="CENTER" VALIGN="MIDDLE" ACODE="SNR_REP_RSN" WIDTH="82" HEIGHT="23">-</TE>
<TE ALIGN="CENTER" VALIGN="MIDDLE" ACODE="SNR_REP_AMT" WIDTH="39" HEIGHT="23">-</TE>
<TE ALIGN="CENTER" VALIGN="MIDDLE" ACODE="SNR_ETC" WIDTH="39" HEIGHT="23">-</TE>
</TR>

<TR ACOPY="N" ADELETE="N" HEIGHT="30">
<TD COLSPAN="4" ALIGN="CENTER" VALIGN="MIDDLE" AUPDATECONT="N" ENG="Senior priority subtotal" WIDTH="248" HEIGHT="23">선순위 소계</TD>
<TE ALIGN="RIGHT" VALIGN="MIDDLE" ACODE="SNR_TOT_AMT" WIDTH="39" HEIGHT="23">100</TE>
<TD COLSPAN="9" ALIGN="CENTER" VALIGN="MIDDLE" AUPDATECONT="N" WIDTH="702" HEIGHT="23">-</TD>
</TR>

<TR ACOPY="N" ADELETE="N" HEIGHT="30">
<TD ROWSPAN="2" ALIGN="CENTER" VALIGN="MIDDLE" AUPDATECONT="N" ENG="Middle priority" WIDTH="96" HEIGHT="53">중순위</TD>
<TE ALIGN="CENTER" VALIGN="MIDDLE" ACODE="MID_SEQ" WIDTH="39" HEIGHT="23">-</TE>
<TU ALIGN="CENTER" VALIGN="MIDDLE" AUNIT="MID_FYN" AUNITVALUE="-" WIDTH="39" HEIGHT="23" ENG="-">-</TU>
<TU ALIGN="CENTER" VALIGN="MIDDLE" AUNIT="MID_CUR" AUNITVALUE="-" WIDTH="47" HEIGHT="23" ENG="-">-</TU>
<TE ALIGN="RIGHT" VALIGN="MIDDLE" ACODE="MID_AMT" WIDTH="39" HEIGHT="23">-</TE>
<TU ALIGN="CENTER" VALIGN="MIDDLE" AUNIT="MID_PDT" AUNITVALUE="-" WIDTH="128" HEIGHT="23">-</TU>
<TU ALIGN="CENTER" VALIGN="MIDDLE" AUNIT="MID_EDT" AUNITVALUE="-" WIDTH="128" HEIGHT="23">-</TU>
<TE ALIGN="CENTER" VALIGN="MIDDLE" ACODE="MID_RAT" WIDTH="54" HEIGHT="23">-</TE>
<TE ALIGN="CENTER" VALIGN="MIDDLE" ACODE="MID_INM" WIDTH="82" HEIGHT="23">-</TE>
<TU ALIGN="CENTER" VALIGN="MIDDLE" AUNIT="MID_PKND" AUNITVALUE="-" WIDTH="39" HEIGHT="23" ENG="-">-</TU>
<TU ALIGN="CENTER" VALIGN="MIDDLE" AUNIT="MID_CRT" AUNITVALUE="-" WIDTH="39" HEIGHT="23" ENG="-">-</TU>
<TE ALIGN="CENTER" VALIGN="MIDDLE" ACODE="MID_REP_RSN" WIDTH="82" HEIGHT="23">-</TE>
<TE ALIGN="CENTER" VALIGN="MIDDLE" ACODE="MID_REP_AMT" WIDTH="39" HEIGHT="23">-</TE>
<TE ALIGN="CENTER" VALIGN="MIDDLE" ACODE="MID_ETC" WIDTH="39" HEIGHT="23">-</TE>
</TR>

<TR ACOPY="Y" ADELETE="N" HEIGHT="30">
<TE ALIGN="CENTER" VALIGN="MIDDLE" ACODE="MID_SEQ" WIDTH="39" HEIGHT="23">-</TE>
<TU ALIGN="CENTER" VALIGN="MIDDLE" AUNIT="MID_FYN" AUNITVALUE="-" WIDTH="39" HEIGHT="23" ENG="-">-</TU>
<TU ALIGN="CENTER" VALIGN="MIDDLE" AUNIT="MID_CUR" AUNITVALUE="-" WIDTH="47" HEIGHT="23" ENG="-">-</TU>
<TE ALIGN="RIGHT" VALIGN="MIDDLE" ACODE="MID_AMT" WIDTH="39" HEIGHT="23">-</TE>
<TU ALIGN="CENTER" VALIGN="MIDDLE" AUNIT="MID_PDT" AUNITVALUE="-" WIDTH="128" HEIGHT="23">-</TU>
<TU ALIGN="CENTER" VALIGN="MIDDLE" AUNIT="MID_EDT" AUNITVALUE="-" WIDTH="128" HEIGHT="23">-</TU>
<TE ALIGN="CENTER" VALIGN="MIDDLE" ACODE="MID_RAT" WIDTH="54" HEIGHT="23">-</TE>
<TE ALIGN="CENTER" VALIGN="MIDDLE" ACODE="MID_INM" WIDTH="82" HEIGHT="23">-</TE>
<TU ALIGN="CENTER" VALIGN="MIDDLE" AUNIT="MID_PKND" AUNITVALUE="-" WIDTH="39" HEIGHT="23" ENG="-">-</TU>
<TU ALIGN="CENTER" VALIGN="MIDDLE" AUNIT="MID_CRT" AUNITVALUE="-" WIDTH="39" HEIGHT="23" ENG="-">-</TU>
<TE ALIGN="CENTER" VALIGN="MIDDLE" ACODE="MID_REP_RSN" WIDTH="82" HEIGHT="23">-</TE>
<TE ALIGN="CENTER" VALIGN="MIDDLE" ACODE="MID_REP_AMT" WIDTH="39" HEIGHT="23">-</TE>
<TE ALIGN="CENTER" VALIGN="MIDDLE" ACODE="MID_ETC" WIDTH="39" HEIGHT="23">-</TE>
</TR>

<TR ACOPY="N" ADELETE="N" HEIGHT="30">
<TD COLSPAN="4" ALIGN="CENTER" VALIGN="MIDDLE" AUPDATECONT="N" ENG="Middle priority subtotal" WIDTH="248" HEIGHT="23">중순위 소계</TD>
<TE ALIGN="RIGHT" VALIGN="MIDDLE" ACODE="MID_TOT_AMT" WIDTH="39" HEIGHT="23">-</TE>
<TD COLSPAN="9" ALIGN="CENTER" VALIGN="MIDDLE" AUPDATECONT="N" WIDTH="702" HEIGHT="23">-</TD>
</TR>

<TR ACOPY="N" ADELETE="N" HEIGHT="30">
<TD ROWSPAN="2" ALIGN="CENTER" VALIGN="MIDDLE" AUPDATECONT="N" ENG="Subordinated priority" WIDTH="96" HEIGHT="53">후순위</TD>
<TE ALIGN="CENTER" VALIGN="MIDDLE" ACODE="SUB_SEQ" WIDTH="39" HEIGHT="23">-</TE>
<TU ALIGN="CENTER" VALIGN="MIDDLE" AUNIT="SUB_FYN" AUNITVALUE="-" WIDTH="39" HEIGHT="23" ENG="-">-</TU>
<TU ALIGN="CENTER" VALIGN="MIDDLE" AUNIT="SUB_CUR" AUNITVALUE="-" WIDTH="47" HEIGHT="23" ENG="-">-</TU>
<TE ALIGN="RIGHT" VALIGN="MIDDLE" ACODE="SUB_AMT" WIDTH="39" HEIGHT="23">-</TE>
<TU ALIGN="CENTER" VALIGN="MIDDLE" AUNIT="SUB_PDT" AUNITVALUE="-" WIDTH="128" HEIGHT="23">-</TU>
<TU ALIGN="CENTER" VALIGN="MIDDLE" AUNIT="SUB_EDT" AUNITVALUE="-" WIDTH="128" HEIGHT="23">-</TU>
<TE ALIGN="CENTER" VALIGN="MIDDLE" ACODE="SUB_RAT" WIDTH="54" HEIGHT="23">-</TE>
<TE ALIGN="CENTER" VALIGN="MIDDLE" ACODE="SUB_INM" WIDTH="82" HEIGHT="23">-</TE>
<TU ALIGN="CENTER" VALIGN="MIDDLE" AUNIT="SUB_PKND" AUNITVALUE="-" WIDTH="39" HEIGHT="23" ENG="-">-</TU>
<TU ALIGN="CENTER" VALIGN="MIDDLE" AUNIT="SUB_CRT" AUNITVALUE="-" WIDTH="39" HEIGHT="23" ENG="-">-</TU>
<TE ALIGN="CENTER" VALIGN="MIDDLE" ACODE="SUB_REP_RSN" WIDTH="82" HEIGHT="23">-</TE>
<TE ALIGN="CENTER" VALIGN="MIDDLE" ACODE="SUB_REP_AMT" WIDTH="39" HEIGHT="23">-</TE>
<TE ALIGN="CENTER" VALIGN="MIDDLE" ACODE="SUB_ETC" WIDTH="39" HEIGHT="23">-</TE>
</TR>

<TR ACOPY="Y" ADELETE="N" HEIGHT="30">
<TE ALIGN="CENTER" VALIGN="MIDDLE" ACODE="SUB_SEQ" WIDTH="39" HEIGHT="23">-</TE>
<TU ALIGN="CENTER" VALIGN="MIDDLE" AUNIT="SUB_FYN" AUNITVALUE="-" WIDTH="39" HEIGHT="23" ENG="-">-</TU>
<TU ALIGN="CENTER" VALIGN="MIDDLE" AUNIT="SUB_CUR" AUNITVALUE="-" WIDTH="47" HEIGHT="23" ENG="-">-</TU>
<TE ALIGN="RIGHT" VALIGN="MIDDLE" ACODE="SUB_AMT" WIDTH="39" HEIGHT="23">-</TE>
<TU ALIGN="CENTER" VALIGN="MIDDLE" AUNIT="SUB_PDT" AUNITVALUE="-" WIDTH="128" HEIGHT="23">-</TU>
<TU ALIGN="CENTER" VALIGN="MIDDLE" AUNIT="SUB_EDT" AUNITVALUE="-" WIDTH="128" HEIGHT="23">-</TU>
<TE ALIGN="CENTER" VALIGN="MIDDLE" ACODE="SUB_RAT" WIDTH="54" HEIGHT="23">-</TE>
<TE ALIGN="CENTER" VALIGN="MIDDLE" ACODE="SUB_INM" WIDTH="82" HEIGHT="23">-</TE>
<TU ALIGN="CENTER" VALIGN="MIDDLE" AUNIT="SUB_PKND" AUNITVALUE="-" WIDTH="39" HEIGHT="23" ENG="-">-</TU>
<TU ALIGN="CENTER" VALIGN="MIDDLE" AUNIT="SUB_CRT" AUNITVALUE="-" WIDTH="39" HEIGHT="23" ENG="-">-</TU>
<TE ALIGN="CENTER" VALIGN="MIDDLE" ACODE="SUB_REP_RSN" WIDTH="82" HEIGHT="23">-</TE>
<TE ALIGN="CENTER" VALIGN="MIDDLE" ACODE="SUB_REP_AMT" WIDTH="39" HEIGHT="23">-</TE>
<TE ALIGN="CENTER" VALIGN="MIDDLE" ACODE="SUB_ETC" WIDTH="39" HEIGHT="23">-</TE>
</TR>

<TR ACOPY="N" ADELETE="N" HEIGHT="30">
<TD COLSPAN="4" ALIGN="CENTER" VALIGN="MIDDLE" AUPDATECONT="N" ENG="Subordinated priority subtotal" WIDTH="248" HEIGHT="23">후순위 소계</TD>
<TE ALIGN="RIGHT" VALIGN="MIDDLE" ACODE="SUB_TOT_AMT" WIDTH="39" HEIGHT="23">-</TE>
<TD COLSPAN="9" ALIGN="CENTER" VALIGN="MIDDLE" AUPDATECONT="N" WIDTH="702" HEIGHT="23">-</TD>
</TR>

<TR ACOPY="N" ADELETE="N" HEIGHT="30">
<TD COLSPAN="5" ALIGN="CENTER" VALIGN="MIDDLE" AUPDATECONT="N" ENG="Total" WIDTH="281" HEIGHT="23">합  계</TD>
<TE ALIGN="RIGHT" VALIGN="MIDDLE" ACODE="TOT_AMT" WIDTH="39" HEIGHT="23">100</TE>
<TD COLSPAN="9" ALIGN="CENTER" VALIGN="MIDDLE" AUPDATECONT="N" WIDTH="702" HEIGHT="23">-</TD>
</TR>
</TBODY>
</TABLE>
</TABLE-GROUP>

<TABLE WIDTH="1040" ACLASS="NORMAL" AFIXTABLE="N" BORDER="0">

<COLGROUP WIDTH="1040">
<COL WIDTH="1040"></COL>
</COLGROUP>

<TBODY>

<TR ACOPY="Y" ADELETE="Y" HEIGHT="53">
<TD WIDTH="1031" HEIGHT="46">※롯데캐피탈제사차유동화전문 유한회사가 발행한 선순위사채 중 1-8회차 (100억원, 만기 : 2026년 04월 04일)가 2026년 01월 04일 콜옵션 행사하여, 14억원이 조기상환되어 상환완료되었습니다. 이러한 사항을 신고합니다.</TD>
</TR>
</TBODY>
</TABLE>
</LIBRARY>

</SECTION-1>
</BODY>
</DOCUMENT>