<?xml version="1.0" encoding="utf-8"?>


<DOCUMENT xmlns:xsi="http://www.w3.org/2001/XMLSchema-instance" xsi:noNamespaceSchemaLocation="dart4.xsd">

<DOCUMENT-NAME ACODE="10611">투자설명서(집합투자증권)</DOCUMENT-NAME>
<FORMULA-VERSION ADATE="20231020">6.0</FORMULA-VERSION>
<COMPANY-NAME AREGCIK="00324548">한국투자신탁운용</COMPANY-NAME>


<BODY ATOCID="2">

<COVER>

<TABLE ACLASS="NORMAL" AFIXTABLE="N" BORDER="1" WIDTH="660">

<COLGROUP WIDTH="660">
<COL WIDTH="42"></COL>
<COL WIDTH="42"></COL>
<COL WIDTH="42"></COL>
<COL WIDTH="42"></COL>
<COL WIDTH="42"></COL>
<COL WIDTH="41"></COL>
<COL WIDTH="409"></COL>
</COLGROUP>

<TBODY>

<TR ACOPY="Y" ADELETE="Y" HEIGHT="57">
<TD USERMARK="F-13 B 0XFFFFFF BC0X1814FF" WIDTH="242" HEIGHT="50" COLSPAN="6" VALIGN="MIDDLE"> 투자위험등급 1등급[ 매우 높은 위험 ]</TD>

<TD WIDTH="400" HEIGHT="159" ROWSPAN="3" VALIGN="MIDDLE">
<SPAN USERMARK="F-13 B">한국투자신탁운용주식회사</SPAN>
<SPAN USERMARK="F-13 ">는 이 투자신탁의 </SPAN>
<SPAN USERMARK="F-15 B">투자대상 자산의 종류 및 위험도 등</SPAN>
<SPAN USERMARK="F-13 ">을 감안하여</SPAN>
<SPAN USERMARK="F-13 B"> 1등급으로 분류</SPAN>
<SPAN USERMARK="F-13 ">하였습니다.</SPAN>
<SPAN USERMARK="F-13 B"> 투자신탁의 위험 등급은 운용실적, 시장 상황 등에 따라 변경될 수 있다는 점을 유의하여 투자판단을 하시기 바랍니다.</SPAN>
</TD>
</TR>

<TR ACOPY="Y" ADELETE="Y" HEIGHT="30">
<TD USERMARK="B 0XFFFFFF BC0X1814FF" WIDTH="33" HEIGHT="23" ALIGN="CENTER" VALIGN="MIDDLE">1</TD>
<TD USERMARK="0XFFFFFF BC0X28BFFF" WIDTH="33" HEIGHT="23" ALIGN="CENTER" VALIGN="MIDDLE">2</TD>
<TD USERMARK="0XFFFFFF BC0X57CF8A" WIDTH="33" HEIGHT="23" ALIGN="CENTER" VALIGN="MIDDLE">3</TD>
<TD USERMARK="0XFFFFFF BC0XEEAE00" WIDTH="33" HEIGHT="23" ALIGN="CENTER" VALIGN="MIDDLE">4</TD>
<TD USERMARK="0XFFFFFF BC0XBD6F00" WIDTH="33" HEIGHT="23" ALIGN="CENTER" VALIGN="MIDDLE">5</TD>
<TD USERMARK="0XFFFFFF BC0X9D3272" WIDTH="32" HEIGHT="23" ALIGN="CENTER" VALIGN="MIDDLE">6</TD>
</TR>

<TR ACOPY="Y" ADELETE="Y" HEIGHT="79">
<TD USERMARK="B 0X1814FF" WIDTH="33" HEIGHT="72" ALIGN="CENTER" VALIGN="MIDDLE">매우높은위험</TD>
<TD USERMARK="0X28BFFF" WIDTH="33" HEIGHT="72" ALIGN="CENTER" VALIGN="MIDDLE">높은위험</TD>
<TD USERMARK="0X57CF8A" WIDTH="33" HEIGHT="72" ALIGN="CENTER" VALIGN="MIDDLE">다소높은위험</TD>
<TD USERMARK="0XEEAE00" WIDTH="33" HEIGHT="72" ALIGN="CENTER" VALIGN="MIDDLE">보통위험</TD>
<TD USERMARK="0XBD6F00" WIDTH="33" HEIGHT="72" ALIGN="CENTER" VALIGN="MIDDLE">낮은위험</TD>
<TD USERMARK="0X9D3272" WIDTH="32" HEIGHT="72" ALIGN="CENTER" VALIGN="MIDDLE">매우낮은위험</TD>
</TR>
</TBODY>
</TABLE>
<P> </P>
<COVER-TITLE ATOC="Y" AASSOCNOTE="COVER" ATOCID="1" ENG="Prospectus">투 자 설 명 서</COVER-TITLE>

<P>이 투자설명서는
<SPAN USERMARK="B 0X1814FF"> 한국투자 글로벌AI혁신산업 증권 투자신탁 2호(사모투자재간접형)</SPAN>
<SPAN>에 대한 자세한 내용을 담고 있습니다. 따라서 </SPAN>
<SPAN USERMARK="B 0X1814FF">한국투자 글로벌AI혁신산업 증권 투자신탁 2호(사모투자재간접형)</SPAN>
<SPAN>수익증권을 매입하기 전에 이 투자설명서를 읽어보시기 바랍니다.</SPAN>
</P>

<TABLE-GROUP ACLASS="_FUND_MAIN_" ADELETETABLE="N">

<TABLE ACLASS="EXTRACTION" AFIXTABLE="Y" WIDTH="600" BORDER="0">

<COLGROUP WIDTH="600">
<COL WIDTH="171"></COL>
<COL WIDTH="224"></COL>
<COL WIDTH="92"></COL>
<COL WIDTH="85"></COL>
<COL WIDTH="28"></COL>
</COLGROUP>

<TBODY>

<TR ACOPY="N" ADELETE="N" HEIGHT="79">
<TD WIDTH="162" HEIGHT="72" AUPDATECONT="N" ENG="1. Name of the collective investment scheme:">1. 집합투자기구 명칭 :</TD>
<TE WIDTH="215" HEIGHT="72" ACODE="FUND_NAME">한국투자 글로벌AI혁신산업 증권 투자신탁 2호(사모투자재간접형)</TE>
<TD WIDTH="83" HEIGHT="72" AUPDATECONT="N" ENG="(Fund code:">(펀드코드 :</TD>
<TE WIDTH="76" HEIGHT="72" ACODE="FUND_CODE" ALIGN="CENTER" USERMARK="F-14 ">ER862</TE>
<TD WIDTH="19" HEIGHT="72" AUPDATECONT="N">)</TD>
</TR>

<TR ACOPY="N" ADELETE="N" HEIGHT="30">
<TD COLSPAN="5" WIDTH="591" HEIGHT="23"></TD>
</TR>

<TR ACOPY="N" ADELETE="N" HEIGHT="30">
<TD WIDTH="162" HEIGHT="23" AUPDATECONT="N" ENG="2. Name of collective investment business entity">2. 집합투자업자 명칭 :</TD>
<TE COLSPAN="4" WIDTH="420" HEIGHT="23" ACODE="FUND_TRD">한국투자신탁운용주식회사</TE>
</TR>
</TBODY>
</TABLE>
</TABLE-GROUP>
<P></P>

<TABLE ACLASS="NORMAL" AFIXTABLE="N" WIDTH="600" BORDER="0">

<COLGROUP WIDTH="600">
<COL WIDTH="240"></COL>
<COL WIDTH="360"></COL>
</COLGROUP>

<TBODY>

<TR ACOPY="Y" ADELETE="Y" HEIGHT="99">
<TD WIDTH="231" HEIGHT="92">3. 판   매   회   사 :</TD>
<TD WIDTH="351" HEIGHT="92">각 판매회사 본·지점[판매회사에 대한 자세한 내용은 집합투자업자(kim.koreainvestment.com) 및 한국금융투자협회(www.kofia.or.kr)의 인터넷 홈페이지를 참고하시기 바랍니다]</TD>
</TR>

<TR ACOPY="Y" ADELETE="Y" HEIGHT="53">
<TD WIDTH="231" HEIGHT="46">4. 작 성 기 준 일 :</TD>
<TD WIDTH="351" HEIGHT="46">2025년 11월 28일</TD>
</TR>

<TR ACOPY="Y" ADELETE="Y" HEIGHT="53">
<TD WIDTH="231" HEIGHT="46">5. 증권신고서 효력발생일 :</TD>
<TD WIDTH="351" HEIGHT="46">2026년   1월   7일</TD>
</TR>

<TR ACOPY="Y" ADELETE="Y" HEIGHT="53">
<TD WIDTH="231" HEIGHT="46">6. 모집(매출) 증권의 종류 및 수 :</TD>
<TD WIDTH="351" HEIGHT="46">투자신탁의 수익증권(10억좌)</TD>
</TR>

<TR ACOPY="Y" ADELETE="Y" HEIGHT="53">
<TD WIDTH="231" HEIGHT="46">[모집(매출) 총액 :          ]</TD>
<TD WIDTH="351" HEIGHT="46"></TD>
</TR>

<TR ACOPY="Y" ADELETE="Y" HEIGHT="53">
<TD WIDTH="231" HEIGHT="46">7. 모집(매출) 기간(판매기간) : </TD>
<TD WIDTH="351" HEIGHT="46" USERMARK="B 0X0000FF">2026년 1월 8일 ~ 2026년 1월 21일</TD>
</TR>

<TR ACOPY="Y" ADELETE="Y" HEIGHT="30">
<TD WIDTH="231" HEIGHT="23"></TD>
<TD WIDTH="351" HEIGHT="23"></TD>
</TR>

<TR ACOPY="Y" ADELETE="Y" HEIGHT="30">
<TD COLSPAN="2" WIDTH="591" HEIGHT="23">8. 집합투자증권신고서 및 투자설명서의 열람장소</TD>
</TR>

<TR ACOPY="Y" ADELETE="Y" HEIGHT="30">
<TD COLSPAN="2" WIDTH="591" HEIGHT="23">   가. 집합투자증권신고서</TD>
</TR>

<TR ACOPY="Y" ADELETE="Y" HEIGHT="30">
<TD COLSPAN="2" WIDTH="591" HEIGHT="23">                       전자문서 : 금융위(금감원) 전자공시시스템 →  http://dart.fss.or.kr</TD>
</TR>

<TR ACOPY="Y" ADELETE="Y" HEIGHT="30">
<TD COLSPAN="2" WIDTH="591" HEIGHT="23">   나. 투자설명서</TD>
</TR>

<TR ACOPY="Y" ADELETE="Y" HEIGHT="30">
<TD COLSPAN="2" WIDTH="591" HEIGHT="23">                       전자문서 : 금융위(금감원) 전자공시시스템 →  http://dart.fss.or.kr</TD>
</TR>

<TR ACOPY="Y" ADELETE="Y" HEIGHT="99">

<TD COLSPAN="2" WIDTH="591" HEIGHT="92">
<P>                       서면문서 : </P>
<P>                       집합투자업자     → ☎02-2055-5000, kim.koreainvestment.com</P>
<P>                       한국금융투자협회 → ☎02-2003-9000, www.kofia.or.kr</P>
<P>                       판매회사 → 집합투자업자 또는 한국금융투자협회 홈페이지 참조</P>
</TD>
</TR>

<TR ACOPY="Y" ADELETE="Y" HEIGHT="30">
<TD COLSPAN="2" WIDTH="591" HEIGHT="23">9. (안정조작 또는 시장조성 관련) 해당사항 없음</TD>
</TR>

<TR ACOPY="Y" ADELETE="Y" HEIGHT="30">
<TD COLSPAN="2" WIDTH="591" HEIGHT="23"></TD>
</TR>

<TR ACOPY="Y" ADELETE="Y" HEIGHT="30">
<TD COLSPAN="2" WIDTH="591" HEIGHT="23"></TD>
</TR>
</TBODY>
</TABLE>

<TABLE ACLASS="NORMAL" AFIXTABLE="N" WIDTH="600" BORDER="1">

<COLGROUP WIDTH="600">
<COL WIDTH="600"></COL>
</COLGROUP>

<TBODY>

<TR ACOPY="Y" ADELETE="Y" HEIGHT="157">
<TD WIDTH="591" HEIGHT="150" AUPDATECONT="N" USERMARK="F-BT13 B 0X0000FF" ENG="Please note that the Financial Services Commission does not verify the accuracy or truthfulness of the information presented in the prospectus, nor does it guarantee or endorse the value of the securities. Additionally, these collective investment securities are performance-based dividend products not covered by the Depositor Protection Act. Therefore, investing in them carries the risk of potential loss of principal investment. Please exercise caution when considering these investments.">금융위원회가 투자설명서의 기재사항이 진실 또는 정확하다는 것을 인정하거나 그 증권의 가치를 보증 또는 승인하지 아니함을 유의하시기 바랍니다.또한 이 집합투자증권은「예금자보호법」에 의한 보호를 받지 않는 실적배당상품으로 투자원금의 손실이 발생할 수 있으므로 투자에 신중을 기하여 주시기 바랍니다. </TD>
</TR>
</TBODY>
</TABLE>
<PGBRK></PGBRK>
</COVER>

<LIBRARY>
<SECTION-1 ACLASS="MANDATORY" APARTSOURCE="SOURCE">
<TITLE ATOC="Y" ATOCID="2" ENG="[Main Text]">[ 본 문 ]</TITLE>

</SECTION-1></LIBRARY></BODY></DOCUMENT>