<?xml version="1.0" encoding="utf-8"?>


<DOCUMENT xmlns:xsi="http://www.w3.org/2001/XMLSchema-instance" xsi:noNamespaceSchemaLocation="dart4.xsd">

<DOCUMENT-NAME ACODE="80502">최대주주 등의 주식보유 변동</DOCUMENT-NAME>
<FORMULA-VERSION ADATE="20221227">6.0</FORMULA-VERSION>
<COMPANY-NAME AREGCIK="01414848">당진에코파워</COMPANY-NAME>


<BODY ATOCID="1">

<SECTION-1 ACLASS="MANDATORY" APARTSOURCE="SOURCE">
<TITLE ATOC="Y" AASSOCNOTE="D-0-1-0-0" ENG="Changes in Stock Holdings of the Largest Shareholder, etc." ATOCID="1">최대주주 등의 주식보유 변동</TITLE>
<P></P>

<TABLE-GROUP ACLASS="CRP_INFO" ADELETETABLE="N">

<TABLE ACLASS="EXTRACTION" AFIXTABLE="Y" WIDTH="707" BORDER="1">

<COLGROUP WIDTH="707">
<COL WIDTH="84"></COL>
<COL WIDTH="65"></COL>
<COL WIDTH="55"></COL>
<COL WIDTH="148"></COL>
<COL WIDTH="89"></COL>
<COL WIDTH="95"></COL>
<COL WIDTH="81"></COL>
<COL WIDTH="90"></COL>
</COLGROUP>

<TBODY>

<TR ACOPY="N" ADELETE="N" HEIGHT="53">
<TD WIDTH="75" VALIGN="MIDDLE" ALIGN="CENTER" AUPDATECONT="N" ENG="Name of business group" HEIGHT="46">기업집단명</TD>
<TE WIDTH="56" VALIGN="MIDDLE" ACODE="KB_NM" HEIGHT="46">에스케이</TE>
<TD WIDTH="46" VALIGN="MIDDLE" ALIGN="CENTER" AUPDATECONT="N" ENG="Company name" HEIGHT="46">회사명</TD>
<TE WIDTH="139" VALIGN="MIDDLE" ACODE="CRP_NM" HEIGHT="46">당진에코파워 주식회사</TE>
<TD WIDTH="80" VALIGN="MIDDLE" ALIGN="CENTER" AUPDATECONT="N" ENG="Date of disclosure" HEIGHT="46">공시일자</TD>
<TU WIDTH="86" VALIGN="MIDDLE" ALIGN="CENTER" AUNIT="DIS_DT" AUNITVALUE="20260105" HEIGHT="46">2026.01.05</TU>
<TD WIDTH="72" VALIGN="MIDDLE" ALIGN="CENTER" AUPDATECONT="N" ENG="Related laws" HEIGHT="46">관련법규</TD>
<TD WIDTH="81" VALIGN="MIDDLE" ALIGN="CENTER" AUPDATECONT="N" ENG="Fair Trade Act" HEIGHT="46">공정거래법</TD>
</TR>
</TBODY>
</TABLE>
</TABLE-GROUP>

<TABLE ACLASS="NORMAL" WIDTH="773" BORDER="0">

<COLGROUP WIDTH="773">
<COL WIDTH="773"></COL>
</COLGROUP>

<TBODY>

<TR ACOPY="Y" ADELETE="Y" HEIGHT="30">
<TD ALIGN="RIGHT" VALIGN="MIDDLE" WIDTH="764" HEIGHT="23">(단위: 주, %, 백만원)</TD>
</TR>
</TBODY>
</TABLE>

<TABLE BORDER="1" WIDTH="773" ACLASS="NORMAL">

<COLGROUP WIDTH="773">
<COL WIDTH="60"></COL>
<COL WIDTH="60"></COL>
<COL WIDTH="88"></COL>
<COL WIDTH="65"></COL>
<COL WIDTH="70"></COL>
<COL WIDTH="57"></COL>
<COL WIDTH="57"></COL>
<COL WIDTH="57"></COL>
<COL WIDTH="57"></COL>
<COL WIDTH="57"></COL>
<COL WIDTH="56"></COL>
<COL WIDTH="46"></COL>
<COL WIDTH="43"></COL>
</COLGROUP>

<THEAD>

<TR ACOPY="Y" ADELETE="Y" HEIGHT="30">
<TH ROWSPAN="3" WIDTH="51" VALIGN="MIDDLE" ACOPYCOL="Y" ADELETECOL="Y" AMOVECOL="N" HEIGHT="129">구분</TH>
<TH ROWSPAN="3" WIDTH="51" VALIGN="MIDDLE" ACOPYCOL="Y" ADELETECOL="Y" AMOVECOL="N" HEIGHT="129">주주명</TH>
<TH ROWSPAN="3" WIDTH="79" VALIGN="MIDDLE" ACOPYCOL="Y" ADELETECOL="Y" AMOVECOL="N" HEIGHT="129">동일인과의관계</TH>
<TH COLSPAN="8" WIDTH="467" VALIGN="MIDDLE" ACOPYCOL="Y" ADELETECOL="Y" AMOVECOL="N" HEIGHT="23">변동내역</TH>
<TH COLSPAN="2" ROWSPAN="2" WIDTH="80" VALIGN="MIDDLE" ACOPYCOL="Y" ADELETECOL="Y" AMOVECOL="N" HEIGHT="53">취득/처분</TH>
</TR>

<TR ACOPY="Y" ADELETE="Y" HEIGHT="30">
<TH ROWSPAN="2" VALIGN="MIDDLE" ACOPYCOL="Y" ADELETECOL="Y" AMOVECOL="N" WIDTH="56" HEIGHT="99">변동일</TH>
<TH ROWSPAN="2" VALIGN="MIDDLE" ACOPYCOL="Y" ADELETECOL="Y" AMOVECOL="N" WIDTH="61" HEIGHT="99">주식의종류(보통주/우선주)</TH>
<TH COLSPAN="2" VALIGN="MIDDLE" ACOPYCOL="Y" ADELETECOL="Y" AMOVECOL="N" WIDTH="105" HEIGHT="23">변동 전</TH>
<TH COLSPAN="2" VALIGN="MIDDLE" ACOPYCOL="Y" ADELETECOL="Y" AMOVECOL="N" WIDTH="105" HEIGHT="23">증감</TH>
<TH COLSPAN="2" VALIGN="MIDDLE" ACOPYCOL="Y" ADELETECOL="Y" AMOVECOL="N" WIDTH="104" HEIGHT="23">변동 후</TH>
</TR>

<TR ACOPY="Y" ADELETE="Y" HEIGHT="76">
<TH VALIGN="MIDDLE" ACOPYCOL="Y" ADELETECOL="Y" AMOVECOL="N" WIDTH="48" HEIGHT="69">주식수</TH>
<TH VALIGN="MIDDLE" ACOPYCOL="Y" ADELETECOL="Y" AMOVECOL="N" WIDTH="48" HEIGHT="69">지분율(A)</TH>
<TH VALIGN="MIDDLE" ACOPYCOL="Y" ADELETECOL="Y" AMOVECOL="N" WIDTH="48" HEIGHT="69">주식수</TH>
<TH VALIGN="MIDDLE" ACOPYCOL="Y" ADELETECOL="Y" AMOVECOL="N" WIDTH="48" HEIGHT="69">지분율(B=C-A)</TH>
<TH VALIGN="MIDDLE" ACOPYCOL="Y" ADELETECOL="Y" AMOVECOL="N" WIDTH="48" HEIGHT="69">주식수</TH>
<TH VALIGN="MIDDLE" ACOPYCOL="Y" ADELETECOL="Y" AMOVECOL="N" WIDTH="47" HEIGHT="69">지분율(C)</TH>
<TH VALIGN="MIDDLE" ACOPYCOL="Y" ADELETECOL="Y" AMOVECOL="N" WIDTH="37" HEIGHT="69">금액</TH>
<TH VALIGN="MIDDLE" ACOPYCOL="Y" ADELETECOL="Y" AMOVECOL="N" WIDTH="34" HEIGHT="69">단가</TH>
</TR>
</THEAD>

<TBODY>

<TR ACOPY="Y" ADELETE="Y" HEIGHT="76">
<TD VALIGN="MIDDLE" ALIGN="CENTER" ROWSPAN="7" WIDTH="51" HEIGHT="387">동일인및동일인관련자</TD>
<TD VALIGN="MIDDLE" ALIGN="CENTER" WIDTH="51" HEIGHT="69">에스케이가스(주)</TD>
<TD VALIGN="MIDDLE" ALIGN="CENTER" WIDTH="79" HEIGHT="69">계열회사</TD>
<TD VALIGN="MIDDLE" ALIGN="CENTER" WIDTH="56" HEIGHT="69">2025.12.24</TD>
<TD VALIGN="MIDDLE" ALIGN="CENTER" WIDTH="61" HEIGHT="69">보통주</TD>
<TD VALIGN="MIDDLE" ALIGN="CENTER" WIDTH="48" HEIGHT="69">8,164,800</TD>
<TD VALIGN="MIDDLE" ALIGN="CENTER" WIDTH="48" HEIGHT="69">54.87</TD>
<TD VALIGN="MIDDLE" ALIGN="CENTER" WIDTH="48" HEIGHT="69">1,656,000</TD>
<TD VALIGN="MIDDLE" ALIGN="CENTER" WIDTH="48" HEIGHT="69">11.13</TD>
<TD VALIGN="MIDDLE" ALIGN="CENTER" WIDTH="48" HEIGHT="69">9,820,800</TD>
<TD VALIGN="MIDDLE" ALIGN="CENTER" WIDTH="47" HEIGHT="69">66.00</TD>
<TD VALIGN="MIDDLE" ALIGN="CENTER" WIDTH="37" HEIGHT="69">16,559</TD>
<TD VALIGN="MIDDLE" ALIGN="CENTER" WIDTH="34" HEIGHT="69">9,999</TD>
</TR>

<TR ACOPY="Y" ADELETE="Y" HEIGHT="99">
<TD VALIGN="MIDDLE" ALIGN="CENTER" WIDTH="51" HEIGHT="92">한국동서발전 주식회사</TD>
<TD VALIGN="MIDDLE" ALIGN="CENTER" WIDTH="79" HEIGHT="92">비계열회사</TD>
<TD VALIGN="MIDDLE" ALIGN="CENTER" WIDTH="56" HEIGHT="92">-</TD>
<TD VALIGN="MIDDLE" ALIGN="CENTER" WIDTH="61" HEIGHT="92">보통주</TD>
<TD VALIGN="MIDDLE" ALIGN="CENTER" WIDTH="48" HEIGHT="92">5,059,200</TD>
<TD VALIGN="MIDDLE" ALIGN="CENTER" WIDTH="48" HEIGHT="92">34.00</TD>
<TD VALIGN="MIDDLE" ALIGN="CENTER" WIDTH="48" HEIGHT="92">-</TD>
<TD VALIGN="MIDDLE" ALIGN="CENTER" WIDTH="48" HEIGHT="92">-</TD>
<TD VALIGN="MIDDLE" ALIGN="CENTER" WIDTH="48" HEIGHT="92">5,059,200</TD>
<TD VALIGN="MIDDLE" ALIGN="CENTER" WIDTH="47" HEIGHT="92">34.00</TD>
<TD VALIGN="MIDDLE" ALIGN="CENTER" WIDTH="37" HEIGHT="92">-</TD>
<TD VALIGN="MIDDLE" ALIGN="CENTER" WIDTH="34" HEIGHT="92">-</TD>
</TR>

<TR ACOPY="Y" ADELETE="Y" HEIGHT="53">
<TD VALIGN="MIDDLE" ALIGN="CENTER" WIDTH="51" HEIGHT="46">한국산업은행</TD>
<TD VALIGN="MIDDLE" ALIGN="CENTER" WIDTH="79" HEIGHT="46">비계열회사</TD>
<TD VALIGN="MIDDLE" ALIGN="CENTER" WIDTH="56" HEIGHT="46">2025.12.24</TD>
<TD VALIGN="MIDDLE" ALIGN="CENTER" WIDTH="61" HEIGHT="46">보통주</TD>
<TD VALIGN="MIDDLE" ALIGN="CENTER" WIDTH="48" HEIGHT="46">1,656,000</TD>
<TD VALIGN="MIDDLE" ALIGN="CENTER" WIDTH="48" HEIGHT="46">11.13</TD>
<TD VALIGN="MIDDLE" ALIGN="CENTER" WIDTH="48" HEIGHT="46">△1,656,000</TD>
<TD VALIGN="MIDDLE" ALIGN="CENTER" WIDTH="48" HEIGHT="46">△11.13</TD>
<TD VALIGN="MIDDLE" ALIGN="CENTER" WIDTH="48" HEIGHT="46">-</TD>
<TD VALIGN="MIDDLE" ALIGN="CENTER" WIDTH="47" HEIGHT="46">-</TD>
<TD VALIGN="MIDDLE" ALIGN="CENTER" WIDTH="37" HEIGHT="46">16,559</TD>
<TD VALIGN="MIDDLE" ALIGN="CENTER" WIDTH="34" HEIGHT="46">9,999</TD>
</TR>

<TR ACOPY="Y" ADELETE="Y" HEIGHT="30">
<TD COLSPAN="2" VALIGN="MIDDLE" ALIGN="CENTER" WIDTH="139" HEIGHT="23">자기주식</TD>
<TD VALIGN="MIDDLE" ALIGN="CENTER" WIDTH="56" HEIGHT="23"></TD>
<TD VALIGN="MIDDLE" ALIGN="CENTER" WIDTH="61" HEIGHT="23"></TD>
<TD VALIGN="MIDDLE" ALIGN="CENTER" WIDTH="48" HEIGHT="23"></TD>
<TD VALIGN="MIDDLE" ALIGN="CENTER" WIDTH="48" HEIGHT="23"></TD>
<TD VALIGN="MIDDLE" ALIGN="CENTER" WIDTH="48" HEIGHT="23"></TD>
<TD VALIGN="MIDDLE" ALIGN="CENTER" WIDTH="48" HEIGHT="23"></TD>
<TD VALIGN="MIDDLE" ALIGN="CENTER" WIDTH="48" HEIGHT="23"></TD>
<TD VALIGN="MIDDLE" ALIGN="CENTER" WIDTH="47" HEIGHT="23"></TD>
<TD VALIGN="MIDDLE" ALIGN="CENTER" WIDTH="37" HEIGHT="23"></TD>
<TD VALIGN="MIDDLE" ALIGN="CENTER" WIDTH="34" HEIGHT="23"></TD>
</TR>

<TR ACOPY="Y" ADELETE="Y" HEIGHT="53">
<TD COLSPAN="2" ROWSPAN="3" VALIGN="MIDDLE" ALIGN="CENTER" WIDTH="139" HEIGHT="129">소계(A)</TD>
<TD ROWSPAN="3" VALIGN="MIDDLE" ALIGN="CENTER" WIDTH="56" HEIGHT="129">-</TD>
<TD VALIGN="MIDDLE" ALIGN="CENTER" WIDTH="61" HEIGHT="46">보통주</TD>
<TD VALIGN="MIDDLE" ALIGN="CENTER" WIDTH="48" HEIGHT="46">14,880,000</TD>
<TD VALIGN="MIDDLE" ALIGN="CENTER" WIDTH="48" HEIGHT="46">100</TD>
<TD VALIGN="MIDDLE" ALIGN="CENTER" WIDTH="48" HEIGHT="46"></TD>
<TD VALIGN="MIDDLE" ALIGN="CENTER" WIDTH="48" HEIGHT="46"></TD>
<TD VALIGN="MIDDLE" ALIGN="CENTER" WIDTH="48" HEIGHT="46">14,880,000</TD>
<TD VALIGN="MIDDLE" ALIGN="CENTER" WIDTH="47" HEIGHT="46">100</TD>
<TD ROWSPAN="3" VALIGN="MIDDLE" ALIGN="CENTER" WIDTH="37" HEIGHT="129">-</TD>
<TD ROWSPAN="3" VALIGN="MIDDLE" ALIGN="CENTER" WIDTH="34" HEIGHT="129">-</TD>
</TR>

<TR ACOPY="Y" ADELETE="Y" HEIGHT="30">
<TD VALIGN="MIDDLE" ALIGN="CENTER" WIDTH="61" HEIGHT="23">우선주</TD>
<TD VALIGN="MIDDLE" ALIGN="CENTER" WIDTH="48" HEIGHT="23"></TD>
<TD VALIGN="MIDDLE" ALIGN="CENTER" WIDTH="48" HEIGHT="23"></TD>
<TD VALIGN="MIDDLE" ALIGN="CENTER" WIDTH="48" HEIGHT="23"></TD>
<TD VALIGN="MIDDLE" ALIGN="CENTER" WIDTH="48" HEIGHT="23"></TD>
<TD VALIGN="MIDDLE" ALIGN="CENTER" WIDTH="48" HEIGHT="23"></TD>
<TD VALIGN="MIDDLE" ALIGN="CENTER" WIDTH="47" HEIGHT="23"></TD>
</TR>

<TR ACOPY="Y" ADELETE="Y" HEIGHT="53">
<TD VALIGN="MIDDLE" ALIGN="CENTER" WIDTH="61" HEIGHT="46">합  계</TD>
<TD VALIGN="MIDDLE" ALIGN="CENTER" WIDTH="48" HEIGHT="46">14,880,000</TD>
<TD VALIGN="MIDDLE" ALIGN="CENTER" WIDTH="48" HEIGHT="46">100</TD>
<TD VALIGN="MIDDLE" ALIGN="CENTER" WIDTH="48" HEIGHT="46"></TD>
<TD VALIGN="MIDDLE" ALIGN="CENTER" WIDTH="48" HEIGHT="46"></TD>
<TD VALIGN="MIDDLE" ALIGN="CENTER" WIDTH="48" HEIGHT="46">14,880,000</TD>
<TD VALIGN="MIDDLE" ALIGN="CENTER" WIDTH="47" HEIGHT="46">100</TD>
</TR>

<TR ACOPY="Y" ADELETE="Y" HEIGHT="30">
<TD VALIGN="MIDDLE" ALIGN="CENTER" ROWSPAN="5" WIDTH="51" HEIGHT="143">동일인측이아닌최다출자자</TD>
<TD VALIGN="MIDDLE" ALIGN="CENTER" WIDTH="51" HEIGHT="23">④</TD>
<TD VALIGN="MIDDLE" ALIGN="CENTER" WIDTH="79" HEIGHT="23"></TD>
<TD VALIGN="MIDDLE" ALIGN="CENTER" WIDTH="56" HEIGHT="23"></TD>
<TD VALIGN="MIDDLE" ALIGN="CENTER" WIDTH="61" HEIGHT="23"></TD>
<TD VALIGN="MIDDLE" ALIGN="CENTER" WIDTH="48" HEIGHT="23"></TD>
<TD VALIGN="MIDDLE" ALIGN="CENTER" WIDTH="48" HEIGHT="23"></TD>
<TD VALIGN="MIDDLE" ALIGN="CENTER" WIDTH="48" HEIGHT="23"></TD>
<TD VALIGN="MIDDLE" ALIGN="CENTER" WIDTH="48" HEIGHT="23"></TD>
<TD VALIGN="MIDDLE" ALIGN="CENTER" WIDTH="48" HEIGHT="23"></TD>
<TD VALIGN="MIDDLE" ALIGN="CENTER" WIDTH="47" HEIGHT="23"></TD>
<TD VALIGN="MIDDLE" ALIGN="CENTER" WIDTH="37" HEIGHT="23"></TD>
<TD VALIGN="MIDDLE" ALIGN="CENTER" WIDTH="34" HEIGHT="23"></TD>
</TR>

<TR ACOPY="Y" ADELETE="Y" HEIGHT="30">
<TD VALIGN="MIDDLE" ALIGN="CENTER" WIDTH="51" HEIGHT="23"></TD>
<TD VALIGN="MIDDLE" ALIGN="CENTER" WIDTH="79" HEIGHT="23"></TD>
<TD VALIGN="MIDDLE" ALIGN="CENTER" WIDTH="56" HEIGHT="23"></TD>
<TD VALIGN="MIDDLE" ALIGN="CENTER" WIDTH="61" HEIGHT="23"></TD>
<TD VALIGN="MIDDLE" ALIGN="CENTER" WIDTH="48" HEIGHT="23"></TD>
<TD VALIGN="MIDDLE" ALIGN="CENTER" WIDTH="48" HEIGHT="23"></TD>
<TD VALIGN="MIDDLE" ALIGN="CENTER" WIDTH="48" HEIGHT="23"></TD>
<TD VALIGN="MIDDLE" ALIGN="CENTER" WIDTH="48" HEIGHT="23"></TD>
<TD VALIGN="MIDDLE" ALIGN="CENTER" WIDTH="48" HEIGHT="23"></TD>
<TD VALIGN="MIDDLE" ALIGN="CENTER" WIDTH="47" HEIGHT="23"></TD>
<TD VALIGN="MIDDLE" ALIGN="CENTER" WIDTH="37" HEIGHT="23"></TD>
<TD VALIGN="MIDDLE" ALIGN="CENTER" WIDTH="34" HEIGHT="23"></TD>
</TR>

<TR ACOPY="Y" ADELETE="Y" HEIGHT="30">
<TD COLSPAN="2" ROWSPAN="3" VALIGN="MIDDLE" ALIGN="CENTER" WIDTH="139" HEIGHT="83">소계(B)</TD>
<TD ROWSPAN="3" VALIGN="MIDDLE" ALIGN="CENTER" WIDTH="56" HEIGHT="83">-</TD>
<TD VALIGN="MIDDLE" ALIGN="CENTER" WIDTH="61" HEIGHT="23">보통주</TD>
<TD VALIGN="MIDDLE" ALIGN="CENTER" WIDTH="48" HEIGHT="23"></TD>
<TD VALIGN="MIDDLE" ALIGN="CENTER" WIDTH="48" HEIGHT="23"></TD>
<TD VALIGN="MIDDLE" ALIGN="CENTER" WIDTH="48" HEIGHT="23"></TD>
<TD VALIGN="MIDDLE" ALIGN="CENTER" WIDTH="48" HEIGHT="23"></TD>
<TD VALIGN="MIDDLE" ALIGN="CENTER" WIDTH="48" HEIGHT="23"></TD>
<TD VALIGN="MIDDLE" ALIGN="CENTER" WIDTH="47" HEIGHT="23"></TD>
<TD ROWSPAN="3" VALIGN="MIDDLE" ALIGN="CENTER" WIDTH="37" HEIGHT="83">-</TD>
<TD ROWSPAN="3" VALIGN="MIDDLE" ALIGN="CENTER" WIDTH="34" HEIGHT="83">-</TD>
</TR>

<TR ACOPY="Y" ADELETE="Y" HEIGHT="30">
<TD VALIGN="MIDDLE" ALIGN="CENTER" WIDTH="61" HEIGHT="23">우선주</TD>
<TD VALIGN="MIDDLE" ALIGN="CENTER" WIDTH="48" HEIGHT="23"></TD>
<TD VALIGN="MIDDLE" ALIGN="CENTER" WIDTH="48" HEIGHT="23"></TD>
<TD VALIGN="MIDDLE" ALIGN="CENTER" WIDTH="48" HEIGHT="23"></TD>
<TD VALIGN="MIDDLE" ALIGN="CENTER" WIDTH="48" HEIGHT="23"></TD>
<TD VALIGN="MIDDLE" ALIGN="CENTER" WIDTH="48" HEIGHT="23"></TD>
<TD VALIGN="MIDDLE" ALIGN="CENTER" WIDTH="47" HEIGHT="23"></TD>
</TR>

<TR ACOPY="Y" ADELETE="Y" HEIGHT="30">
<TD VALIGN="MIDDLE" ALIGN="CENTER" WIDTH="61" HEIGHT="23">합  계</TD>
<TD VALIGN="MIDDLE" ALIGN="CENTER" WIDTH="48" HEIGHT="23"></TD>
<TD VALIGN="MIDDLE" ALIGN="CENTER" WIDTH="48" HEIGHT="23"></TD>
<TD VALIGN="MIDDLE" ALIGN="CENTER" WIDTH="48" HEIGHT="23"></TD>
<TD VALIGN="MIDDLE" ALIGN="CENTER" WIDTH="48" HEIGHT="23"></TD>
<TD VALIGN="MIDDLE" ALIGN="CENTER" WIDTH="48" HEIGHT="23"></TD>
<TD VALIGN="MIDDLE" ALIGN="CENTER" WIDTH="47" HEIGHT="23"></TD>
</TR>

<TR ACOPY="Y" ADELETE="Y" HEIGHT="30">
<TD COLSPAN="3" ROWSPAN="3" VALIGN="MIDDLE" ALIGN="CENTER" WIDTH="199" HEIGHT="83">기타 소계(C)</TD>
<TD ROWSPAN="3" VALIGN="MIDDLE" ALIGN="CENTER" WIDTH="56" HEIGHT="83">-</TD>
<TD VALIGN="MIDDLE" ALIGN="CENTER" WIDTH="61" HEIGHT="23">보통주</TD>
<TD VALIGN="MIDDLE" ALIGN="CENTER" WIDTH="48" HEIGHT="23"></TD>
<TD VALIGN="MIDDLE" ALIGN="CENTER" WIDTH="48" HEIGHT="23"></TD>
<TD VALIGN="MIDDLE" ALIGN="CENTER" WIDTH="48" HEIGHT="23"></TD>
<TD VALIGN="MIDDLE" ALIGN="CENTER" WIDTH="48" HEIGHT="23"></TD>
<TD VALIGN="MIDDLE" ALIGN="CENTER" WIDTH="48" HEIGHT="23"></TD>
<TD VALIGN="MIDDLE" ALIGN="CENTER" WIDTH="47" HEIGHT="23"></TD>
<TD ROWSPAN="3" VALIGN="MIDDLE" ALIGN="CENTER" WIDTH="37" HEIGHT="83">-</TD>
<TD ROWSPAN="3" VALIGN="MIDDLE" ALIGN="CENTER" WIDTH="34" HEIGHT="83">-</TD>
</TR>

<TR ACOPY="Y" ADELETE="Y" HEIGHT="30">
<TD VALIGN="MIDDLE" ALIGN="CENTER" WIDTH="61" HEIGHT="23">우선주</TD>
<TD VALIGN="MIDDLE" ALIGN="CENTER" WIDTH="48" HEIGHT="23"></TD>
<TD VALIGN="MIDDLE" ALIGN="CENTER" WIDTH="48" HEIGHT="23"></TD>
<TD VALIGN="MIDDLE" ALIGN="CENTER" WIDTH="48" HEIGHT="23"></TD>
<TD VALIGN="MIDDLE" ALIGN="CENTER" WIDTH="48" HEIGHT="23"></TD>
<TD VALIGN="MIDDLE" ALIGN="CENTER" WIDTH="48" HEIGHT="23"></TD>
<TD VALIGN="MIDDLE" ALIGN="CENTER" WIDTH="47" HEIGHT="23"></TD>
</TR>

<TR ACOPY="Y" ADELETE="Y" HEIGHT="30">
<TD VALIGN="MIDDLE" ALIGN="CENTER" WIDTH="61" HEIGHT="23">합  계</TD>
<TD VALIGN="MIDDLE" ALIGN="CENTER" WIDTH="48" HEIGHT="23"></TD>
<TD VALIGN="MIDDLE" ALIGN="CENTER" WIDTH="48" HEIGHT="23"></TD>
<TD VALIGN="MIDDLE" ALIGN="CENTER" WIDTH="48" HEIGHT="23"></TD>
<TD VALIGN="MIDDLE" ALIGN="CENTER" WIDTH="48" HEIGHT="23"></TD>
<TD VALIGN="MIDDLE" ALIGN="CENTER" WIDTH="48" HEIGHT="23"></TD>
<TD VALIGN="MIDDLE" ALIGN="CENTER" WIDTH="47" HEIGHT="23"></TD>
</TR>

<TR ACOPY="Y" ADELETE="Y" HEIGHT="53">
<TD COLSPAN="3" ROWSPAN="3" VALIGN="MIDDLE" ALIGN="CENTER" WIDTH="199" HEIGHT="129">전체 합계(A+B+C)</TD>
<TD ROWSPAN="3" VALIGN="MIDDLE" ALIGN="CENTER" WIDTH="56" HEIGHT="129">-</TD>
<TD VALIGN="MIDDLE" ALIGN="CENTER" WIDTH="61" HEIGHT="46">보통주</TD>
<TD VALIGN="MIDDLE" ALIGN="CENTER" WIDTH="48" HEIGHT="46">14,880,000</TD>
<TD VALIGN="MIDDLE" ALIGN="CENTER" WIDTH="48" HEIGHT="46">100</TD>
<TD VALIGN="MIDDLE" ALIGN="CENTER" WIDTH="48" HEIGHT="46"></TD>
<TD VALIGN="MIDDLE" ALIGN="CENTER" WIDTH="48" HEIGHT="46">100</TD>
<TD VALIGN="MIDDLE" ALIGN="CENTER" WIDTH="48" HEIGHT="46">14,880,000</TD>
<TD VALIGN="MIDDLE" ALIGN="CENTER" WIDTH="47" HEIGHT="46">100</TD>
<TD ROWSPAN="3" VALIGN="MIDDLE" ALIGN="CENTER" WIDTH="37" HEIGHT="129">-</TD>
<TD ROWSPAN="3" VALIGN="MIDDLE" ALIGN="CENTER" WIDTH="34" HEIGHT="129">-</TD>
</TR>

<TR ACOPY="Y" ADELETE="Y" HEIGHT="30">
<TD VALIGN="MIDDLE" ALIGN="CENTER" WIDTH="61" HEIGHT="23">우선주</TD>
<TD VALIGN="MIDDLE" ALIGN="CENTER" WIDTH="48" HEIGHT="23"></TD>
<TD VALIGN="MIDDLE" ALIGN="CENTER" WIDTH="48" HEIGHT="23">100</TD>
<TD VALIGN="MIDDLE" ALIGN="CENTER" WIDTH="48" HEIGHT="23"></TD>
<TD VALIGN="MIDDLE" ALIGN="CENTER" WIDTH="48" HEIGHT="23">100</TD>
<TD VALIGN="MIDDLE" ALIGN="CENTER" WIDTH="48" HEIGHT="23"></TD>
<TD VALIGN="MIDDLE" ALIGN="CENTER" WIDTH="47" HEIGHT="23">100</TD>
</TR>

<TR ACOPY="Y" ADELETE="Y" HEIGHT="53">
<TD VALIGN="MIDDLE" ALIGN="CENTER" WIDTH="61" HEIGHT="46">합  계</TD>
<TD VALIGN="MIDDLE" ALIGN="CENTER" WIDTH="48" HEIGHT="46">14,880,000</TD>
<TD VALIGN="MIDDLE" ALIGN="CENTER" WIDTH="48" HEIGHT="46">100</TD>
<TD VALIGN="MIDDLE" ALIGN="CENTER" WIDTH="48" HEIGHT="46"></TD>
<TD VALIGN="MIDDLE" ALIGN="CENTER" WIDTH="48" HEIGHT="46">100</TD>
<TD VALIGN="MIDDLE" ALIGN="CENTER" WIDTH="48" HEIGHT="46">14,880,000</TD>
<TD VALIGN="MIDDLE" ALIGN="CENTER" WIDTH="47" HEIGHT="46">100</TD>
</TR>
</TBODY>
</TABLE>
<P></P>
</SECTION-1>
</BODY>
</DOCUMENT>