<html>
 <head> 
  <meta content="gdi" http-equiv="X-UA-TextLayoutMetrics"> 
  <meta content="text/html; charset=euc-kr" http-equiv="Content-Type"> 
  <STYLE>
.xforms * { font-family: 돋움체;}
.xforms_title * { font-size: 13pt; padding : 0 0 10 0;}

.xforms table {
    font-size: 10px;
    padding:0px;
    border-collapse:collapse;
    color: #3D3D3D;
}
.xforms td {
    padding-left:0px;
    padding-top:0px;
    border-collapse:collapse;
    line-height:22px;
    color: #3D3D3D;
    /*text-align:right;*/
    vertical-align:middle;
    border: 1px solid #7f7f7f;
}

.xforms span {
    /*display: inline-block;*/
    padding-left:3px;
    padding-right: 1px;
    line-height:22px;
    padding-top:0px;
    padding-bottom:0px;
    text-align:left;
    vertical-align:middle;
    border: 0px solid #DBDBDB;
}

.xforms.img{
    border : 0px;
}

.xforms a:link {

    color: #194866;
    text-decoration: none;
}
.xforms a:active {

    color: #194866;
    text-decoration: none;
}
.xforms a:visited {
    color: #194866;
    text-decoration: none;
}

.xforms A:hover {
    color:008BE3;
    text-decoration: none;
}

.xforms_input{
    border: 0px solid #DBDBDB;
    padding-left:3px;
    padding-right: 1px;
    height:22px;
    padding-top:0px;
    padding-bottom:0px;
    text-align:left;
}
</STYLE> 
  <title>삼성FN리츠/감사보고서 제출/(2026.01.06)감사보고서 제출</title> 
 </head> 
 <body> 
  <div class="xforms"> 
   <div> 
    <span class="noprint" style="display:none;width:600px;font-size:10pt;"> </span> 
    <div class="xforms_title"> 
     <div> 
      <span style="width:598px;font-weight:bold;text-align:center;">감사보고서 제출</span> 
     </div> 
    </div> 
    <span class="noprint" style="display:none;width:600px;font-size:10pt;"> </span> 
    <span class="noprint" style="display:none;width:600px;font-size:10pt;"> </span> 
    <span style="width:600px;font-size:11pt;font-weight:bold;text-align:center;">[개별/별도재무제표 관련 감사의견 및 재무내용]</span> 
    <table border="1" bordercolordark="white" bordercolorlight="#666666" cellpadding="1" cellspacing="0" id="XFormD1_Form0_Table1" style="margin:0px 0px 20px 0px;width:598px;font-size:10pt;border:1px solid #7f7f7f;"> 
     <tbody> 
      <tr> 
       <td colspan="2" width="249"> <span style="width:249px;font-size:10pt;">1. 감사의견 및 재무내용</span> </td> 
       <td width="171"> <span style="width:171px;font-size:10pt;text-align:center;">당해사업연도</span> </td> 
       <td width="178"> <span style="width:178px;font-size:10pt;text-align:center;">직전사업연도</span> </td> 
      </tr> 
      <tr> 
       <td rowspan="2" width="154"> <span style="width:154px;font-size:10pt;">가. 결산기간</span> </td> 
       <td width="95"> <span style="width:95px;font-size:10pt;text-align:center;">시작일</span> </td> 
       <td width="171"> <span class="xforms_input" style="width:171px;font-size:10pt;">2025-08-01</span> </td> 
       <td width="178"> <span class="xforms_input" style="width:178px;font-size:10pt;">2025-05-01</span> </td> 
      </tr> 
      <tr> 
       <td width="95"> <span style="width:95px;font-size:10pt;text-align:center;">종료일</span> </td> 
       <td width="171"> <span class="xforms_input" style="width:171px;font-size:10pt;">2025-10-31</span> </td> 
       <td width="178"> <span class="xforms_input" style="width:178px;font-size:10pt;">2025-07-31</span> </td> 
      </tr> 
      <tr> 
       <td colspan="4" width="598"> <span style="width:598px;font-size:10pt;">나. 감사의견 등</span> </td> 
      </tr> 
      <tr> 
       <td colspan="2" width="249"> <span style="width:249px;font-size:10pt;">- 감사의견</span> </td> 
       <td width="171"> <span class="xforms_input" style="width:171px;font-size:10pt;">적정</span> </td> 
       <td width="178"> <span class="xforms_input" style="width:178px;font-size:10pt;">적정</span> </td> 
      </tr> 
      <tr> 
       <td colspan="2" width="249"> <span style="width:249px;font-size:10pt;">ㆍ계속기업 존속불확실성 사유 해당여부</span> </td> 
       <td width="171"> <span class="xforms_input" style="width:171px;font-size:10pt;">미해당</span> </td> 
       <td width="178"> <span class="xforms_input" style="width:178px;font-size:10pt;">미해당</span> </td> 
      </tr> 
      <tr> 
       <td colspan="2" width="249"> <span style="width:249px;font-size:10pt;">- 감사의견과 관련 없는 계속기업 존속 불확실성 기재여부</span> </td> 
       <td width="171"> <span class="xforms_input" style="width:171px;font-size:10pt;">미기재</span> </td> 
       <td width="178"> <span class="xforms_input" style="width:178px;font-size:10pt;">미기재</span> </td> 
      </tr> 
      <tr> 
       <td colspan="2" width="249"> <span style="width:249px;font-size:10pt;">- 내부회계관리제도 감사(검토)의견 비적정 등 여부</span> </td> 
       <td width="171"> <span class="xforms_input" style="width:171px;font-size:10pt;">-</span> </td> 
       <td width="178"> <span class="xforms_input" style="width:178px;font-size:10pt;">-</span> </td> 
      </tr> 
      <tr> 
       <td colspan="4" width="598"> <span style="width:598px;font-size:10pt;">다. 재무내용(원)</span> </td> 
      </tr> 
      <tr> 
       <td colspan="2" width="249"> <span style="width:249px;font-size:10pt;">- 자산총계</span> </td> 
       <td width="171"> <span class="xforms_input" style="width:171px;font-size:10pt;text-align:right;">868,078,558,297</span> </td> 
       <td width="178"> <span class="xforms_input" style="width:178px;font-size:10pt;text-align:right;">871,043,700,351</span> </td> 
      </tr> 
      <tr> 
       <td colspan="2" width="249"> <span style="width:249px;font-size:10pt;">- 부채총계</span> </td> 
       <td width="171"> <span class="xforms_input" style="width:171px;font-size:10pt;text-align:right;">461,532,884,850</span> </td> 
       <td width="178"> <span class="xforms_input" style="width:178px;font-size:10pt;text-align:right;">461,313,360,458</span> </td> 
      </tr> 
      <tr> 
       <td colspan="2" width="249"> <span style="width:249px;font-size:10pt;">- 자본총계</span> </td> 
       <td width="171"> <span class="xforms_input" style="width:171px;font-size:10pt;text-align:right;">406,545,673,447</span> </td> 
       <td width="178"> <span class="xforms_input" style="width:178px;font-size:10pt;text-align:right;">409,730,339,893</span> </td> 
      </tr> 
      <tr> 
       <td colspan="2" width="249"> <span style="width:249px;font-size:10pt;">- 자본금</span> </td> 
       <td width="171"> <span class="xforms_input" style="width:171px;font-size:10pt;text-align:right;">45,525,000,000</span> </td> 
       <td width="178"> <span class="xforms_input" style="width:178px;font-size:10pt;text-align:right;">45,525,000,000</span> </td> 
      </tr> 
      <tr> 
       <td colspan="4" width="598"> <span style="width:598px;font-size:10pt;">라. 손익내용(원)</span> </td> 
      </tr> 
      <tr> 
       <td colspan="2" width="249"> <span style="width:249px;font-size:10pt;">- 매출액</span> </td> 
       <td width="171"> <span class="xforms_input" style="width:171px;font-size:10pt;text-align:right;">12,236,124,626</span> </td> 
       <td width="178"> <span class="xforms_input" style="width:178px;font-size:10pt;text-align:right;">12,150,537,521</span> </td> 
      </tr> 
      <tr> 
       <td colspan="2" width="249"> <span style="width:249px;font-size:10pt;">- 영업이익</span> </td> 
       <td width="171"> <span class="xforms_input" style="width:171px;font-size:10pt;text-align:right;">7,403,212,797</span> </td> 
       <td width="178"> <span class="xforms_input" style="width:178px;font-size:10pt;text-align:right;">7,548,647,482</span> </td> 
      </tr> 
      <tr> 
       <td colspan="2" width="249"> <span style="width:249px;font-size:10pt;">- 법인세비용차감전계속사업이익</span> </td> 
       <td width="171"> <span class="xforms_input" style="width:171px;font-size:10pt;text-align:right;">3,068,333,554</span> </td> 
       <td width="178"> <span class="xforms_input" style="width:178px;font-size:10pt;text-align:right;">3,086,977,678</span> </td> 
      </tr> 
      <tr> 
       <td colspan="2" width="249"> <span style="width:249px;font-size:10pt;">- 당기순이익</span> </td> 
       <td width="171"> <span class="xforms_input" style="width:171px;font-size:10pt;text-align:right;">3,068,333,554</span> </td> 
       <td width="178"> <span class="xforms_input" style="width:178px;font-size:10pt;text-align:right;">3,086,977,678</span> </td> 
      </tr> 
      <tr> 
       <td colspan="2" width="249"> <span style="width:249px;font-size:10pt;">2. 회계감사인명</span> </td> 
       <td colspan="2" width="349"> <span class="xforms_input" style="width:349px;font-size:10pt;">이촌회계법인</span> </td> 
      </tr> 
      <tr> 
       <td colspan="2" width="249"> <span style="width:249px;font-size:10pt;">3. 감사보고서 수령일자</span> </td> 
       <td colspan="2" width="349"> <span class="xforms_input" style="width:349px;font-size:10pt;">2026-01-06</span> </td> 
      </tr> 
      <tr> 
       <td colspan="2" width="249"> <span style="width:249px;font-size:10pt;">4. 연결재무제표 제출대상 해당여부</span> </td> 
       <td colspan="2" width="349"> <span class="xforms_input" style="width:349px;font-size:10pt;">미해당</span> </td> 
      </tr> 
      <tr> 
       <td colspan="2" width="249"> <span style="width:249px;font-size:10pt;">5. 감사보고서상 횡령ㆍ배임사항 기재여부</span> </td> 
       <td colspan="2" width="349"> <span class="xforms_input" style="width:349px;font-size:10pt;">아니오</span> </td> 
      </tr> 
      <tr> 
       <td colspan="4" width="598"> <span style="width:598px;font-size:10pt;">6. 기타 투자판단과 관련한 중요사항</span> </td> 
      </tr> 
      <tr> 
       <td colspan="4" width="598"> <span class="xforms_input" style="width:598px;font-size:10pt;">1) 상기 재무내용 및 손익내용은 한국채택국제회계기준(K-IFRS)에 따라 작성되었습니다. <br xmlns:java="http://xml.apache.org/xalan/java"> <br xmlns:java="http://xml.apache.org/xalan/java">2) 외부감사인이 감사종료 후 당해법인에 제출하는 감사보고서는 주주총회의 승인절차를 걸쳐 확정된 재무제표가 아니므로 주주총회(승인)과정에서 변동될 수 있습니다.</span> </td> 
      </tr> 
      <tr> 
       <td colspan="2" width="249"> <span style="width:249px;font-size:10pt;">※ 관련공시</span> </td> 
       <td colspan="2" width="349"> <span class="xforms_input" style="width:349px;font-size:10pt;">-</span> </td> 
      </tr> 
     </tbody> 
    </table> 
    <span style="width:600px;font-size:11pt;font-weight:bold;text-align:center;">[자본잠식률]</span> 
    <span style="width:600px;font-size:10pt;text-align:right;">(단위 : %, 원)</span> 
    <table border="1" bordercolordark="white" bordercolorlight="#666666" cellpadding="1" cellspacing="0" id="XFormD13_Form0_Table3" style="margin:0px 0px 20px 0px;width:600px;font-size:10pt;border:1px solid #7f7f7f;"> 
     <tbody> 
      <tr> 
       <td width="201"> <span style="width:201px;font-size:10pt;text-align:center;">구분</span> </td> 
       <td width="201"> <span style="width:201px;font-size:10pt;text-align:center;">당해 사업연도</span> </td> 
       <td width="198"> <span style="width:198px;font-size:10pt;text-align:center;">직전 사업연도</span> </td> 
      </tr> 
      <tr> 
       <td width="201"> <span style="width:201px;font-size:10pt;">자본잠식률(%) =〔(자본금-자본총계)/자본금〕×100</span> </td> 
       <td width="201"> <span class="xforms_input" style="width:201px;font-size:10pt;text-align:right;">-</span> </td> 
       <td width="198"> <span class="xforms_input" style="width:198px;font-size:10pt;text-align:right;">-</span> </td> 
      </tr> 
      <tr> 
       <td width="201"> <span style="width:201px;font-size:10pt;">자본총계[지배회사 또는 지주회사인 경우에는 비지배지분 제외]</span> </td> 
       <td width="201"> <span class="xforms_input" style="width:201px;font-size:10pt;text-align:right;">406,545,673,447</span> </td> 
       <td width="198"> <span class="xforms_input" style="width:198px;font-size:10pt;text-align:right;">409,730,339,893</span> </td> 
      </tr> 
      <tr> 
       <td width="201"> <span style="width:201px;font-size:10pt;">자본금</span> </td> 
       <td width="201"> <span class="xforms_input" style="width:201px;font-size:10pt;text-align:right;">45,525,000,000</span> </td> 
       <td width="198"> <span class="xforms_input" style="width:198px;font-size:10pt;text-align:right;">45,525,000,000</span> </td> 
      </tr> 
     </tbody> 
    </table> 
    <span class="noprint" style="display:none;width:600px;font-size:10pt;"> </span> 
   </div> 
  </div>  
 </body>
</html>