<?xml version="1.0" encoding="utf-8"?>


<DOCUMENT xmlns:xsi="http://www.w3.org/2001/XMLSchema-instance" xsi:noNamespaceSchemaLocation="dart4.xsd">

<DOCUMENT-NAME ACODE="80706">특수관계인과의수익증권거래</DOCUMENT-NAME>
<FORMULA-VERSION ADATE="20240129">6.0</FORMULA-VERSION>
<COMPANY-NAME AREGCIK="00126256">삼성생명보험주식회사</COMPANY-NAME>


<BODY ATOCID="1">

<SECTION-1 ACLASS="MANDATORY" APARTSOURCE="SOURCE">
<TITLE ATOC="Y" AASSOCNOTE="D-0-1-0-0" ENG="Transaction of Beneficiary Certificates with Related Party" ATOCID="1">특수관계인과의 수익증권거래</TITLE>
<P></P>

<TABLE ACLASS="NORMAL" WIDTH="723" BORDER="1">

<COLGROUP WIDTH="723">
<COL WIDTH="93"></COL>
<COL WIDTH="48"></COL>
<COL WIDTH="63"></COL>
<COL WIDTH="135"></COL>
<COL WIDTH="78"></COL>
<COL WIDTH="81"></COL>
<COL WIDTH="78"></COL>
<COL WIDTH="147"></COL>
</COLGROUP>

<TBODY>

<TR ACOPY="Y" ADELETE="Y" HEIGHT="30">
<TD ALIGN="CENTER" VALIGN="MIDDLE" WIDTH="84" HEIGHT="23">기업집단명</TD>
<TD VALIGN="MIDDLE" WIDTH="39" HEIGHT="23" ALIGN="CENTER">삼성</TD>
<TD ALIGN="CENTER" VALIGN="MIDDLE" WIDTH="54" HEIGHT="23">회사명</TD>
<TD VALIGN="MIDDLE" WIDTH="126" HEIGHT="23" ALIGN="CENTER">삼성생명보험(주)</TD>
<TD ALIGN="CENTER" VALIGN="MIDDLE" WIDTH="69" HEIGHT="23">공시일자</TD>
<TD VALIGN="MIDDLE" WIDTH="72" ALIGN="CENTER" HEIGHT="23">'26. 1. 5</TD>
<TD ALIGN="CENTER" VALIGN="MIDDLE" WIDTH="69" HEIGHT="23">관련법규</TD>
<TD ALIGN="CENTER" VALIGN="MIDDLE" WIDTH="138" HEIGHT="23">공정거래법 제26조</TD>
</TR>
</TBODY>
</TABLE>
<P></P>

<TABLE ACLASS="NORMAL" AFIXTABLE="N" WIDTH="722" BORDER="0">

<COLGROUP WIDTH="722">
<COL WIDTH="299"></COL>
<COL WIDTH="423"></COL>
</COLGROUP>

<TBODY>

<TR ACOPY="Y" ADELETE="Y" HEIGHT="30">
<TD WIDTH="290" HEIGHT="23"></TD>
<TD ALIGN="RIGHT" WIDTH="414" HEIGHT="23">(단위 : 백만 원)</TD>
</TR>
</TBODY>
</TABLE>

<TABLE ACLASS="NORMAL" AFIXTABLE="N" WIDTH="724" BORDER="1">

<COLGROUP WIDTH="724">
<COL WIDTH="149"></COL>
<COL WIDTH="150"></COL>
<COL WIDTH="140"></COL>
<COL WIDTH="139"></COL>
<COL WIDTH="146"></COL>
</COLGROUP>

<TBODY>

<TR ACOPY="Y" ADELETE="Y" HEIGHT="30">
<TD COLSPAN="2" WIDTH="290" HEIGHT="23">1. 거래상대방</TD>
<TD WIDTH="131" ALIGN="CENTER" VALIGN="MIDDLE" HEIGHT="23">삼성자산운용(주)</TD>
<TD WIDTH="130" ALIGN="CENTER" VALIGN="MIDDLE" HEIGHT="23">회사와의 관계</TD>
<TD WIDTH="137" ALIGN="CENTER" VALIGN="MIDDLE" HEIGHT="23">계열회사</TD>
</TR>

<TR ACOPY="Y" ADELETE="Y" HEIGHT="30">
<TD COLSPAN="2" WIDTH="290" HEIGHT="23">2. 거래일자</TD>

<TD COLSPAN="3" ALIGN="CENTER" VALIGN="MIDDLE" WIDTH="416" HEIGHT="23">'26년 1월(예정) 
<SPAN USERMARK="F-8 "> </SPAN>
<SPAN USERMARK="F-9 ">주1)</SPAN>
</TD>
</TR>

<TR ACOPY="Y" ADELETE="Y" HEIGHT="30">
<TD COLSPAN="2" WIDTH="290" HEIGHT="23">3. 거래금액</TD>

<TD COLSPAN="3" ALIGN="CENTER" VALIGN="MIDDLE" WIDTH="416" HEIGHT="23">30,000 
<SPAN USERMARK="F-9 ">주2)</SPAN>
</TD>
</TR>

<TR ACOPY="Y" ADELETE="Y" HEIGHT="30">
<TD COLSPAN="2" WIDTH="290" HEIGHT="23">4. 잔액</TD>

<TD COLSPAN="3" ALIGN="CENTER" VALIGN="MIDDLE" WIDTH="416" HEIGHT="23">
<SPAN>8,891,819 </SPAN>
<SPAN USERMARK="F-9 ">주3)</SPAN>
</TD>
</TR>

<TR ACOPY="Y" ADELETE="Y" HEIGHT="30">
<TD ROWSPAN="4" VALIGN="MIDDLE" WIDTH="140" HEIGHT="113">5. 수익증권 내역</TD>
<TD WIDTH="141" HEIGHT="23">가. 수익증권 명칭</TD>
<TD COLSPAN="3" ALIGN="CENTER" VALIGN="MIDDLE" WIDTH="416" HEIGHT="23">삼성OCIO솔루션플러스 일반사모증권투자신탁 제1호</TD>
</TR>

<TR ACOPY="Y" ADELETE="Y" HEIGHT="30">
<TD WIDTH="141" HEIGHT="23">나. 펀드운용사</TD>
<TD ALIGN="CENTER" VALIGN="MIDDLE" WIDTH="131" HEIGHT="23">삼성자산운용(주)</TD>
<TD ALIGN="CENTER" VALIGN="MIDDLE" WIDTH="130" HEIGHT="23">회사와의 관계</TD>
<TD ALIGN="CENTER" VALIGN="MIDDLE" WIDTH="137" HEIGHT="23">계열회사</TD>
</TR>

<TR ACOPY="Y" ADELETE="Y" HEIGHT="30">
<TD WIDTH="141" HEIGHT="23">다. 기간</TD>
<TD COLSPAN="3" ALIGN="CENTER" VALIGN="MIDDLE" WIDTH="416" HEIGHT="23">-</TD>
</TR>

<TR ACOPY="Y" ADELETE="Y" HEIGHT="30">
<TD WIDTH="141" HEIGHT="23">라. 만기일</TD>
<TD COLSPAN="3" ALIGN="CENTER" VALIGN="MIDDLE" WIDTH="416" HEIGHT="23">해지일까지</TD>
</TR>

<TR ACOPY="Y" ADELETE="Y" HEIGHT="30">
<TD COLSPAN="2" WIDTH="290" HEIGHT="23">6. 거래목적</TD>

<TD COLSPAN="3" ALIGN="CENTER" VALIGN="MIDDLE" WIDTH="416" HEIGHT="23">퇴직연금 신탁계좌 상품매매 
<SPAN USERMARK="F-9 ">주4)</SPAN>
</TD>
</TR>

<TR ACOPY="Y" ADELETE="Y" HEIGHT="30">
<TD COLSPAN="2" WIDTH="290" HEIGHT="23">7. 이사회 의결일</TD>
<TD COLSPAN="3" ALIGN="CENTER" VALIGN="MIDDLE" WIDTH="416" HEIGHT="23">'25.12.30</TD>
</TR>

<TR ACOPY="Y" ADELETE="Y" HEIGHT="30">
<TD ROWSPAN="2" WIDTH="140" HEIGHT="53">- 사외이사 참석여부</TD>
<TD WIDTH="141" HEIGHT="23">참석(명)</TD>
<TD COLSPAN="3" ALIGN="CENTER" VALIGN="MIDDLE" WIDTH="416" HEIGHT="23">4</TD>
</TR>

<TR ACOPY="Y" ADELETE="Y" HEIGHT="30">
<TD WIDTH="141" HEIGHT="23">불참(명)</TD>
<TD COLSPAN="3" ALIGN="CENTER" VALIGN="MIDDLE" WIDTH="416" HEIGHT="23">-</TD>
</TR>

<TR ACOPY="Y" ADELETE="Y" HEIGHT="30">
<TD COLSPAN="2" WIDTH="290" HEIGHT="23">- 감사(감사위원)참석여부</TD>
<TD COLSPAN="3" ALIGN="CENTER" VALIGN="MIDDLE" WIDTH="416" HEIGHT="23">참석</TD>
</TR>

<TR ACOPY="Y" ADELETE="Y" HEIGHT="30">
<TD COLSPAN="2" WIDTH="290" HEIGHT="23">8. 기타</TD>

<TD COLSPAN="3" ALIGN="CENTER" VALIGN="MIDDLE" WIDTH="416" HEIGHT="23">
<SPAN>거래금액 변경 </SPAN>
<SPAN USERMARK="F-9 ">주5)</SPAN>
</TD>
</TR>

<TR ACOPY="Y" ADELETE="Y" HEIGHT="30">
<TD COLSPAN="2" WIDTH="290" HEIGHT="23">※ 관련공시일</TD>
<TD COLSPAN="3" ALIGN="CENTER" VALIGN="MIDDLE" WIDTH="416" HEIGHT="23">'24.12. 3</TD>
</TR>
</TBODY>
</TABLE>
<P USERMARK="F-GL11 ">주1) 거래일자는 본 수익증권의 매입약정 시점임주2) 거래금액은 당사 약정금액임주3) 삼성자산운용(주)와의 수익증권 총 거래잔액임('25.12.29 평가금액 기준)주4) 당사와 퇴직연금 자산관리신탁계약을 체결한 사용자의 퇴직연금 신탁계좌에서        상기펀드를 거래할 예정임주5) 당초 공시한 거래금액 250억에서 20% 이상 증가하여 변경공시하는 건임</P>
</SECTION-1>
</BODY>
</DOCUMENT>