<?xml version="1.0" encoding="utf-8"?>


<DOCUMENT xmlns:xsi="http://www.w3.org/2001/XMLSchema-instance" xsi:noNamespaceSchemaLocation="dart4.xsd">

<DOCUMENT-NAME ACODE="80702">동일인등출자계열회사와의상품ㆍ용역거래</DOCUMENT-NAME>
<FORMULA-VERSION ADATE="20250630">6.1</FORMULA-VERSION>
<COMPANY-NAME AREGCIK="00948065">(주)피앤에쓰</COMPANY-NAME>


<BODY ATOCID="1">

<SECTION-1 ACLASS="MANDATORY" APARTSOURCE="SOURCE">
<TITLE ATOC="Y" AASSOCNOTE="D-0-1-0-0" ENG="Transactions of Goods and Services with Affiliated Company Invested by the Same Person, etc." ATOCID="1">동일인 등 출자 계열회사와의 상품ㆍ용역거래</TITLE>
<P>【일괄공시】</P>

<TABLE ACLASS="NORMAL" WIDTH="745" BORDER="1">

<COLGROUP WIDTH="745">
<COL WIDTH="89"></COL>
<COL WIDTH="66"></COL>
<COL WIDTH="73"></COL>
<COL WIDTH="107"></COL>
<COL WIDTH="85"></COL>
<COL WIDTH="95"></COL>
<COL WIDTH="75"></COL>
<COL WIDTH="155"></COL>
</COLGROUP>

<TBODY>

<TR ACOPY="Y" ADELETE="Y" HEIGHT="53">
<TD ALIGN="CENTER" VALIGN="MIDDLE" WIDTH="80" HEIGHT="46">기업집단명</TD>
<TD VALIGN="MIDDLE" WIDTH="57" HEIGHT="46"> 지에스</TD>
<TD ALIGN="CENTER" VALIGN="MIDDLE" WIDTH="64" HEIGHT="46">회사명</TD>
<TD VALIGN="MIDDLE" WIDTH="98" HEIGHT="46">(주)피앤에쓰</TD>
<TD ALIGN="CENTER" VALIGN="MIDDLE" WIDTH="76" HEIGHT="46">공시일자</TD>
<TD VALIGN="MIDDLE" WIDTH="86" HEIGHT="46">2026.01.02</TD>
<TD ALIGN="CENTER" VALIGN="MIDDLE" WIDTH="66" HEIGHT="46">관련법규</TD>
<TD ALIGN="CENTER" VALIGN="MIDDLE" WIDTH="146" HEIGHT="46">공정거래법 제26조</TD>
</TR>
</TBODY>
</TABLE>
<P></P>

<TABLE ACLASS="NORMAL" AFIXTABLE="N" WIDTH="745" BORDER="0">

<COLGROUP WIDTH="745">
<COL WIDTH="745"></COL>
</COLGROUP>

<TBODY>

<TR ACOPY="Y" ADELETE="Y" HEIGHT="30">
<TD ALIGN="RIGHT" VALIGN="BOTTOM" WIDTH="736" HEIGHT="23">(단위 : 백만 원) </TD>
</TR>
</TBODY>
</TABLE>

<TABLE ACLASS="NORMAL" WIDTH="745" BORDER="1">

<COLGROUP WIDTH="745">
<COL WIDTH="91"></COL>
<COL WIDTH="103"></COL>
<COL WIDTH="55"></COL>
<COL WIDTH="55"></COL>
<COL WIDTH="55"></COL>
<COL WIDTH="54"></COL>
<COL WIDTH="54"></COL>
<COL WIDTH="56"></COL>
<COL WIDTH="56"></COL>
<COL WIDTH="56"></COL>
<COL WIDTH="55"></COL>
<COL WIDTH="55"></COL>
</COLGROUP>

<TBODY>

<TR ACOPY="Y" ADELETE="Y" HEIGHT="53">
<TD COLSPAN="3" VALIGN="MIDDLE" WIDTH="240" HEIGHT="46">1. 해당회사의 직전사업연도매출액(A)</TD>
<TD ALIGN="CENTER" VALIGN="MIDDLE" WIDTH="46" HEIGHT="46">31,538</TD>
<TD COLSPAN="4" ALIGN="CENTER" VALIGN="MIDDLE" WIDTH="210" HEIGHT="46">2. 거래상대방(동일인 등 출자계열회사)</TD>
<TD COLSPAN="4" ALIGN="CENTER" VALIGN="MIDDLE" WIDTH="213" HEIGHT="46">파르나스호텔(주)</TD>
</TR>

<TR ACOPY="Y" ADELETE="Y" HEIGHT="53">
<TD ROWSPAN="2" VALIGN="MIDDLE" WIDTH="82" HEIGHT="99">3. 이사회의결일</TD>
<TD ROWSPAN="2" ALIGN="CENTER" VALIGN="MIDDLE" WIDTH="94" HEIGHT="99">2025.12.29</TD>
<TD ROWSPAN="2" ALIGN="CENTER" VALIGN="MIDDLE" WIDTH="46" HEIGHT="99">사외이사참석여부</TD>
<TD ALIGN="CENTER" VALIGN="MIDDLE" WIDTH="46" HEIGHT="46">참석(명)</TD>
<TD ALIGN="CENTER" VALIGN="MIDDLE" COLSPAN="3" WIDTH="154" HEIGHT="46">-</TD>
<TD ROWSPAN="2" COLSPAN="2" ALIGN="CENTER" VALIGN="MIDDLE" WIDTH="103" HEIGHT="99">감사(감사위원)참석여부</TD>
<TD ROWSPAN="2" ALIGN="CENTER" VALIGN="MIDDLE" COLSPAN="3" WIDTH="157" HEIGHT="99">참석</TD>
</TR>

<TR ACOPY="Y" ADELETE="Y" HEIGHT="53">
<TD ALIGN="CENTER" VALIGN="MIDDLE" WIDTH="46" HEIGHT="46">불참(명)</TD>
<TD ALIGN="CENTER" VALIGN="MIDDLE" COLSPAN="3" WIDTH="154" HEIGHT="46">-</TD>
</TR>

<TR ACOPY="Y" ADELETE="Y" HEIGHT="30">
<TD COLSPAN="12" VALIGN="MIDDLE" WIDTH="736" HEIGHT="23">4. 동일인 등 출자 계열회사와의 상품ㆍ용역 거래금액</TD>
</TR>

<TR ACOPY="Y" ADELETE="Y" HEIGHT="53">
<TD ALIGN="CENTER" VALIGN="MIDDLE" WIDTH="82" HEIGHT="46">년도</TD>
<TD ALIGN="CENTER" VALIGN="MIDDLE" WIDTH="94" HEIGHT="46">거래기간</TD>
<TD ALIGN="CENTER" VALIGN="MIDDLE" WIDTH="46" HEIGHT="46">매출액(B)</TD>
<TD ALIGN="CENTER" VALIGN="MIDDLE" WIDTH="46" HEIGHT="46">매입액(C)</TD>
<TD COLSPAN="4" ALIGN="CENTER" VALIGN="MIDDLE" WIDTH="210" HEIGHT="46">합계액(D=B+C)</TD>
<TD COLSPAN="4" ALIGN="CENTER" VALIGN="MIDDLE" WIDTH="213" HEIGHT="46">매출액대비(D/A, %)</TD>
</TR>

<TR ACOPY="Y" ADELETE="Y" HEIGHT="30">
<TD ROWSPAN="4" ALIGN="CENTER" VALIGN="MIDDLE" WIDTH="82" HEIGHT="113">2026</TD>
<TD ALIGN="CENTER" VALIGN="MIDDLE" WIDTH="94" HEIGHT="23">1/4 분기</TD>
<TD ALIGN="CENTER" VALIGN="MIDDLE" WIDTH="46" HEIGHT="23">7,113</TD>
<TD ALIGN="CENTER" VALIGN="MIDDLE" WIDTH="46" HEIGHT="23"></TD>
<TD COLSPAN="4" ALIGN="CENTER" VALIGN="MIDDLE" WIDTH="210" HEIGHT="23">7,113</TD>
<TD COLSPAN="4" ALIGN="CENTER" VALIGN="MIDDLE" WIDTH="213" HEIGHT="23">23</TD>
</TR>

<TR ACOPY="Y" ADELETE="Y" HEIGHT="30">
<TD ALIGN="CENTER" VALIGN="MIDDLE" WIDTH="94" HEIGHT="23">2/4 분기</TD>
<TD ALIGN="CENTER" VALIGN="MIDDLE" WIDTH="46" HEIGHT="23">8,482</TD>
<TD ALIGN="CENTER" VALIGN="MIDDLE" WIDTH="46" HEIGHT="23"></TD>
<TD COLSPAN="4" ALIGN="CENTER" VALIGN="MIDDLE" WIDTH="210" HEIGHT="23">8,482</TD>
<TD COLSPAN="4" ALIGN="CENTER" VALIGN="MIDDLE" WIDTH="213" HEIGHT="23">27</TD>
</TR>

<TR ACOPY="Y" ADELETE="Y" HEIGHT="30">
<TD ALIGN="CENTER" VALIGN="MIDDLE" WIDTH="94" HEIGHT="23">3/4 분기</TD>
<TD ALIGN="CENTER" VALIGN="MIDDLE" WIDTH="46" HEIGHT="23">8,417</TD>
<TD ALIGN="CENTER" VALIGN="MIDDLE" WIDTH="46" HEIGHT="23"></TD>
<TD COLSPAN="4" ALIGN="CENTER" VALIGN="MIDDLE" WIDTH="210" HEIGHT="23">8,417</TD>
<TD COLSPAN="4" ALIGN="CENTER" VALIGN="MIDDLE" WIDTH="213" HEIGHT="23">27</TD>
</TR>

<TR ACOPY="Y" ADELETE="Y" HEIGHT="30">
<TD ALIGN="CENTER" VALIGN="MIDDLE" WIDTH="94" HEIGHT="23">4/4 분기</TD>
<TD ALIGN="CENTER" VALIGN="MIDDLE" WIDTH="46" HEIGHT="23">10,078</TD>
<TD ALIGN="CENTER" VALIGN="MIDDLE" WIDTH="46" HEIGHT="23"></TD>
<TD COLSPAN="4" ALIGN="CENTER" VALIGN="MIDDLE" WIDTH="210" HEIGHT="23">10,078</TD>
<TD COLSPAN="4" ALIGN="CENTER" VALIGN="MIDDLE" WIDTH="213" HEIGHT="23">32</TD>
</TR>

<TR ACOPY="Y" ADELETE="Y" HEIGHT="30">
<TD COLSPAN="12" VALIGN="MIDDLE" WIDTH="736" HEIGHT="23">5. 상품ㆍ용역 거래내역</TD>
</TR>

<TR ACOPY="Y" ADELETE="Y" HEIGHT="30">
<TD ROWSPAN="3" ALIGN="CENTER" VALIGN="MIDDLE" WIDTH="82" HEIGHT="106">거래기간</TD>
<TD ROWSPAN="3" ALIGN="CENTER" VALIGN="MIDDLE" WIDTH="94" HEIGHT="106">상품ㆍ용역계약명</TD>
<TD COLSPAN="10" ALIGN="CENTER" VALIGN="MIDDLE" WIDTH="542" HEIGHT="23">거래금액</TD>
</TR>

<TR ACOPY="Y" ADELETE="Y" HEIGHT="30">
<TD COLSPAN="5" ALIGN="CENTER" VALIGN="MIDDLE" WIDTH="264" HEIGHT="23">매출</TD>
<TD COLSPAN="5" ALIGN="CENTER" VALIGN="MIDDLE" WIDTH="269" HEIGHT="23">매입</TD>
</TR>

<TR ACOPY="Y" ADELETE="Y" HEIGHT="53">
<TD ALIGN="CENTER" VALIGN="MIDDLE" WIDTH="46" HEIGHT="46">거래대상</TD>
<TD ALIGN="CENTER" VALIGN="MIDDLE" WIDTH="46" HEIGHT="46">거래조건</TD>
<TD ALIGN="CENTER" VALIGN="MIDDLE" WIDTH="46" HEIGHT="46">거래목적</TD>
<TD ALIGN="CENTER" VALIGN="MIDDLE" WIDTH="45" HEIGHT="46">거래금액</TD>
<TD ALIGN="CENTER" VALIGN="MIDDLE" WIDTH="45" HEIGHT="46">계약체결방식</TD>
<TD ALIGN="CENTER" VALIGN="MIDDLE" WIDTH="47" HEIGHT="46">거래대상</TD>
<TD ALIGN="CENTER" VALIGN="MIDDLE" WIDTH="47" HEIGHT="46">거래조건</TD>
<TD ALIGN="CENTER" VALIGN="MIDDLE" WIDTH="47" HEIGHT="46">거래목적</TD>
<TD ALIGN="CENTER" VALIGN="MIDDLE" WIDTH="46" HEIGHT="46">거래금액</TD>
<TD ALIGN="CENTER" VALIGN="MIDDLE" WIDTH="46" HEIGHT="46">계약체결방식</TD>
</TR>

<TR ACOPY="Y" ADELETE="Y" HEIGHT="76">
<TD ALIGN="CENTER" VALIGN="MIDDLE" WIDTH="82" HEIGHT="69">1/4 분기</TD>
<TD ALIGN="CENTER" VALIGN="MIDDLE" WIDTH="94" HEIGHT="69">나인트리호텔 통합위탁운영 계약</TD>
<TD ALIGN="CENTER" VALIGN="MIDDLE" WIDTH="46" HEIGHT="69">용역서비스</TD>
<TD ALIGN="CENTER" VALIGN="MIDDLE" WIDTH="46" HEIGHT="69">현금</TD>
<TD ALIGN="CENTER" VALIGN="MIDDLE" WIDTH="46" HEIGHT="69">위탁운영</TD>
<TD ALIGN="CENTER" VALIGN="MIDDLE" WIDTH="45" HEIGHT="69">7,113</TD>
<TD ALIGN="CENTER" VALIGN="MIDDLE" WIDTH="45" HEIGHT="69">수의계약</TD>
<TD ALIGN="CENTER" VALIGN="MIDDLE" WIDTH="47" HEIGHT="69"></TD>
<TD ALIGN="CENTER" VALIGN="MIDDLE" WIDTH="47" HEIGHT="69"></TD>
<TD ALIGN="CENTER" VALIGN="MIDDLE" WIDTH="47" HEIGHT="69"></TD>
<TD ALIGN="CENTER" VALIGN="MIDDLE" WIDTH="46" HEIGHT="69"></TD>
<TD ALIGN="CENTER" VALIGN="MIDDLE" WIDTH="46" HEIGHT="69"></TD>
</TR>

<TR ACOPY="Y" ADELETE="Y" HEIGHT="76">
<TD ALIGN="CENTER" VALIGN="MIDDLE" WIDTH="82" HEIGHT="69">2/4 분기</TD>
<TD ALIGN="CENTER" VALIGN="MIDDLE" WIDTH="94" HEIGHT="69">나인트리호텔 통합위탁운영 계약</TD>
<TD ALIGN="CENTER" VALIGN="MIDDLE" WIDTH="46" HEIGHT="69">용역서비스</TD>
<TD ALIGN="CENTER" VALIGN="MIDDLE" WIDTH="46" HEIGHT="69">현금</TD>
<TD ALIGN="CENTER" VALIGN="MIDDLE" WIDTH="46" HEIGHT="69">위탁운영</TD>
<TD ALIGN="CENTER" VALIGN="MIDDLE" WIDTH="45" HEIGHT="69">8,482</TD>
<TD ALIGN="CENTER" VALIGN="MIDDLE" WIDTH="45" HEIGHT="69">수의계약</TD>
<TD ALIGN="CENTER" VALIGN="MIDDLE" WIDTH="47" HEIGHT="69"></TD>
<TD ALIGN="CENTER" VALIGN="MIDDLE" WIDTH="47" HEIGHT="69"></TD>
<TD ALIGN="CENTER" VALIGN="MIDDLE" WIDTH="47" HEIGHT="69"></TD>
<TD ALIGN="CENTER" VALIGN="MIDDLE" WIDTH="46" HEIGHT="69"></TD>
<TD ALIGN="CENTER" VALIGN="MIDDLE" WIDTH="46" HEIGHT="69"></TD>
</TR>

<TR ACOPY="Y" ADELETE="Y" HEIGHT="76">
<TD ALIGN="CENTER" VALIGN="MIDDLE" WIDTH="82" HEIGHT="69">3/4 분기</TD>
<TD ALIGN="CENTER" VALIGN="MIDDLE" WIDTH="94" HEIGHT="69">나인트리호텔 통합위탁운영 계약</TD>
<TD ALIGN="CENTER" VALIGN="MIDDLE" WIDTH="46" HEIGHT="69">용역서비스</TD>
<TD ALIGN="CENTER" VALIGN="MIDDLE" WIDTH="46" HEIGHT="69">현금</TD>
<TD ALIGN="CENTER" VALIGN="MIDDLE" WIDTH="46" HEIGHT="69">위탁운영</TD>
<TD ALIGN="CENTER" VALIGN="MIDDLE" WIDTH="45" HEIGHT="69">8,417</TD>
<TD ALIGN="CENTER" VALIGN="MIDDLE" WIDTH="45" HEIGHT="69">수의계약</TD>
<TD ALIGN="CENTER" VALIGN="MIDDLE" WIDTH="47" HEIGHT="69"></TD>
<TD ALIGN="CENTER" VALIGN="MIDDLE" WIDTH="47" HEIGHT="69"></TD>
<TD ALIGN="CENTER" VALIGN="MIDDLE" WIDTH="47" HEIGHT="69"></TD>
<TD ALIGN="CENTER" VALIGN="MIDDLE" WIDTH="46" HEIGHT="69"></TD>
<TD ALIGN="CENTER" VALIGN="MIDDLE" WIDTH="46" HEIGHT="69"></TD>
</TR>

<TR ACOPY="Y" ADELETE="Y" HEIGHT="76">
<TD ALIGN="CENTER" VALIGN="MIDDLE" WIDTH="82" HEIGHT="69">4/4 분기</TD>
<TD ALIGN="CENTER" VALIGN="MIDDLE" WIDTH="94" HEIGHT="69">나인트리호텔 통합위탁운영 계약</TD>
<TD ALIGN="CENTER" VALIGN="MIDDLE" WIDTH="46" HEIGHT="69">용역서비스</TD>
<TD ALIGN="CENTER" VALIGN="MIDDLE" WIDTH="46" HEIGHT="69">현금</TD>
<TD ALIGN="CENTER" VALIGN="MIDDLE" WIDTH="46" HEIGHT="69">위탁운영</TD>
<TD ALIGN="CENTER" VALIGN="MIDDLE" WIDTH="45" HEIGHT="69">10,078</TD>
<TD ALIGN="CENTER" VALIGN="MIDDLE" WIDTH="45" HEIGHT="69">수의계약</TD>
<TD ALIGN="CENTER" VALIGN="MIDDLE" WIDTH="47" HEIGHT="69"></TD>
<TD ALIGN="CENTER" VALIGN="MIDDLE" WIDTH="47" HEIGHT="69"></TD>
<TD ALIGN="CENTER" VALIGN="MIDDLE" WIDTH="47" HEIGHT="69"></TD>
<TD ALIGN="CENTER" VALIGN="MIDDLE" WIDTH="46" HEIGHT="69"></TD>
<TD ALIGN="CENTER" VALIGN="MIDDLE" WIDTH="46" HEIGHT="69"></TD>
</TR>

<TR ACOPY="Y" ADELETE="Y" HEIGHT="30">
<TD VALIGN="MIDDLE" COLSPAN="12" WIDTH="736" HEIGHT="23">6. 계약체결방식 유형별 일괄공시(공시규정 제9조의2 제4항 관련)</TD>
</TR>

<TR ACOPY="Y" ADELETE="Y" HEIGHT="30">
<TD ROWSPAN="3" ALIGN="CENTER" VALIGN="MIDDLE" WIDTH="82" HEIGHT="83">1/4 분기</TD>
<TD ALIGN="CENTER" VALIGN="MIDDLE" ROWSPAN="2" WIDTH="94" HEIGHT="53">계약체결방식</TD>
<TD ALIGN="CENTER" VALIGN="MIDDLE" COLSPAN="5" WIDTH="264" HEIGHT="23">매출</TD>
<TD ALIGN="CENTER" VALIGN="MIDDLE" COLSPAN="5" WIDTH="269" HEIGHT="23">매입</TD>
</TR>

<TR ACOPY="Y" ADELETE="Y" HEIGHT="30">
<TD ALIGN="CENTER" VALIGN="MIDDLE" COLSPAN="3" WIDTH="156" HEIGHT="23">주요거래대상</TD>
<TD ALIGN="CENTER" VALIGN="MIDDLE" COLSPAN="2" WIDTH="99" HEIGHT="23">거래금액</TD>
<TD ALIGN="CENTER" VALIGN="MIDDLE" COLSPAN="3" WIDTH="159" HEIGHT="23">주요거래대상</TD>
<TD ALIGN="CENTER" VALIGN="MIDDLE" COLSPAN="2" WIDTH="101" HEIGHT="23">거래금액</TD>
</TR>

<TR ACOPY="Y" ADELETE="Y" HEIGHT="30">
<TD ALIGN="CENTER" VALIGN="MIDDLE" WIDTH="94" HEIGHT="23">수의계약</TD>
<TD ALIGN="CENTER" VALIGN="MIDDLE" COLSPAN="3" WIDTH="156" HEIGHT="23">위탁운영수수료</TD>
<TD ALIGN="CENTER" VALIGN="MIDDLE" COLSPAN="2" WIDTH="99" HEIGHT="23">7,113</TD>
<TD ALIGN="CENTER" VALIGN="MIDDLE" COLSPAN="3" WIDTH="159" HEIGHT="23"></TD>
<TD ALIGN="CENTER" VALIGN="MIDDLE" COLSPAN="2" WIDTH="101" HEIGHT="23"></TD>
</TR>

<TR ACOPY="Y" ADELETE="Y" HEIGHT="30">
<TD ROWSPAN="3" ALIGN="CENTER" VALIGN="MIDDLE" WIDTH="82" HEIGHT="83">2/4 분기</TD>
<TD ALIGN="CENTER" VALIGN="MIDDLE" ROWSPAN="2" WIDTH="94" HEIGHT="53">계약체결방식</TD>
<TD ALIGN="CENTER" VALIGN="MIDDLE" COLSPAN="5" WIDTH="264" HEIGHT="23">매출</TD>
<TD ALIGN="CENTER" VALIGN="MIDDLE" COLSPAN="5" WIDTH="269" HEIGHT="23">매입</TD>
</TR>

<TR ACOPY="Y" ADELETE="Y" HEIGHT="30">
<TD ALIGN="CENTER" VALIGN="MIDDLE" COLSPAN="3" WIDTH="156" HEIGHT="23">주요거래대상</TD>
<TD ALIGN="CENTER" VALIGN="MIDDLE" COLSPAN="2" WIDTH="99" HEIGHT="23">거래금액</TD>
<TD ALIGN="CENTER" VALIGN="MIDDLE" COLSPAN="3" WIDTH="159" HEIGHT="23">주요거래대상</TD>
<TD ALIGN="CENTER" VALIGN="MIDDLE" COLSPAN="2" WIDTH="101" HEIGHT="23">거래금액</TD>
</TR>

<TR ACOPY="Y" ADELETE="Y" HEIGHT="30">
<TD ALIGN="CENTER" VALIGN="MIDDLE" WIDTH="94" HEIGHT="23">수의계약</TD>

<TD ALIGN="CENTER" VALIGN="MIDDLE" COLSPAN="3" WIDTH="156" HEIGHT="23">
<SPAN>위탁운영수수료</SPAN>
</TD>

<TD ALIGN="CENTER" VALIGN="MIDDLE" COLSPAN="2" WIDTH="99" HEIGHT="23">
<SPAN>8,482</SPAN>
</TD>
<TD ALIGN="CENTER" VALIGN="MIDDLE" COLSPAN="3" WIDTH="159" HEIGHT="23"></TD>
<TD ALIGN="CENTER" VALIGN="MIDDLE" COLSPAN="2" WIDTH="101" HEIGHT="23"></TD>
</TR>

<TR ACOPY="Y" ADELETE="Y" HEIGHT="30">
<TD ROWSPAN="3" ALIGN="CENTER" VALIGN="MIDDLE" WIDTH="82" HEIGHT="83">3/4 분기</TD>
<TD ALIGN="CENTER" VALIGN="MIDDLE" ROWSPAN="2" WIDTH="94" HEIGHT="53">계약체결방식</TD>
<TD ALIGN="CENTER" VALIGN="MIDDLE" COLSPAN="5" WIDTH="264" HEIGHT="23">매출</TD>
<TD ALIGN="CENTER" VALIGN="MIDDLE" COLSPAN="5" WIDTH="269" HEIGHT="23">매입</TD>
</TR>

<TR ACOPY="Y" ADELETE="Y" HEIGHT="30">
<TD ALIGN="CENTER" VALIGN="MIDDLE" COLSPAN="3" WIDTH="156" HEIGHT="23">주요거래대상</TD>
<TD ALIGN="CENTER" VALIGN="MIDDLE" COLSPAN="2" WIDTH="99" HEIGHT="23">거래금액</TD>
<TD ALIGN="CENTER" VALIGN="MIDDLE" COLSPAN="3" WIDTH="159" HEIGHT="23">주요거래대상</TD>
<TD ALIGN="CENTER" VALIGN="MIDDLE" COLSPAN="2" WIDTH="101" HEIGHT="23">거래금액</TD>
</TR>

<TR ACOPY="Y" ADELETE="Y" HEIGHT="30">
<TD ALIGN="CENTER" VALIGN="MIDDLE" WIDTH="94" HEIGHT="23">수의계약</TD>

<TD ALIGN="CENTER" VALIGN="MIDDLE" COLSPAN="3" WIDTH="156" HEIGHT="23">
<SPAN>위탁운영수수료</SPAN>
</TD>

<TD ALIGN="CENTER" VALIGN="MIDDLE" COLSPAN="2" WIDTH="99" HEIGHT="23">
<SPAN>8,417</SPAN>
</TD>
<TD ALIGN="CENTER" VALIGN="MIDDLE" COLSPAN="3" WIDTH="159" HEIGHT="23"></TD>
<TD ALIGN="CENTER" VALIGN="MIDDLE" COLSPAN="2" WIDTH="101" HEIGHT="23"></TD>
</TR>

<TR ACOPY="Y" ADELETE="Y" HEIGHT="30">
<TD ROWSPAN="3" ALIGN="CENTER" VALIGN="MIDDLE" WIDTH="82" HEIGHT="83">4/4 분기</TD>
<TD ALIGN="CENTER" VALIGN="MIDDLE" ROWSPAN="2" WIDTH="94" HEIGHT="53">계약체결방식</TD>
<TD ALIGN="CENTER" VALIGN="MIDDLE" COLSPAN="5" WIDTH="264" HEIGHT="23">매출</TD>
<TD ALIGN="CENTER" VALIGN="MIDDLE" COLSPAN="5" WIDTH="269" HEIGHT="23">매입</TD>
</TR>

<TR ACOPY="Y" ADELETE="Y" HEIGHT="30">
<TD ALIGN="CENTER" VALIGN="MIDDLE" COLSPAN="3" WIDTH="156" HEIGHT="23">주요거래대상</TD>
<TD ALIGN="CENTER" VALIGN="MIDDLE" COLSPAN="2" WIDTH="99" HEIGHT="23">거래금액</TD>
<TD ALIGN="CENTER" VALIGN="MIDDLE" COLSPAN="3" WIDTH="159" HEIGHT="23">주요거래대상</TD>
<TD ALIGN="CENTER" VALIGN="MIDDLE" COLSPAN="2" WIDTH="101" HEIGHT="23">거래금액</TD>
</TR>

<TR ACOPY="Y" ADELETE="Y" HEIGHT="30">
<TD ALIGN="CENTER" VALIGN="MIDDLE" WIDTH="94" HEIGHT="23">수의계약</TD>

<TD ALIGN="CENTER" VALIGN="MIDDLE" COLSPAN="3" WIDTH="156" HEIGHT="23">
<SPAN>위탁운영수수료</SPAN>
</TD>

<TD ALIGN="CENTER" VALIGN="MIDDLE" COLSPAN="2" WIDTH="99" HEIGHT="23">
<SPAN>10,078</SPAN>
</TD>
<TD ALIGN="CENTER" VALIGN="MIDDLE" COLSPAN="3" WIDTH="159" HEIGHT="23"></TD>
<TD ALIGN="CENTER" VALIGN="MIDDLE" COLSPAN="2" WIDTH="101" HEIGHT="23"></TD>
</TR>

<TR ACOPY="Y" ADELETE="Y" HEIGHT="53">
<TD COLSPAN="2" VALIGN="MIDDLE" WIDTH="185" HEIGHT="46">7. 기타</TD>
<TD COLSPAN="10" ALIGN="CENTER" VALIGN="MIDDLE" WIDTH="542" HEIGHT="46">1) 당해회사의 직접사업연도 매출액은 2024년 기준임..2) 4~6의 거래금액은 추정치이므로 차후 변동될 수 있음.</TD>
</TR>
</TBODY>
</TABLE>
<P></P>
</SECTION-1>
</BODY>
</DOCUMENT>