<html>
 <head> 
  <meta content="gdi" http-equiv="X-UA-TextLayoutMetrics"> 
  <meta content="text/html; charset=euc-kr" http-equiv="Content-Type"> 
  <STYLE>
.xforms * { font-family: 돋움체;}
.xforms_title * { font-size: 13pt; padding : 0 0 10 0;}

.xforms table {
    font-size: 10px;
    padding:0px;
    border-collapse:collapse;
    color: #3D3D3D;
}
.xforms td {
    padding-left:0px;
    padding-top:0px;
    border-collapse:collapse;
    line-height:22px;
    color: #3D3D3D;
    /*text-align:right;*/
    vertical-align:middle;
    border: 1px solid #7f7f7f;
}

.xforms span {
    /*display: inline-block;*/
    padding-left:3px;
    padding-right: 1px;
    line-height:22px;
    padding-top:0px;
    padding-bottom:0px;
    text-align:left;
    vertical-align:middle;
    border: 0px solid #DBDBDB;
}

.xforms.img{
    border : 0px;
}

.xforms a:link {

    color: #194866;
    text-decoration: none;
}
.xforms a:active {

    color: #194866;
    text-decoration: none;
}
.xforms a:visited {
    color: #194866;
    text-decoration: none;
}

.xforms A:hover {
    color:008BE3;
    text-decoration: none;
}

.xforms_input{
    border: 0px solid #DBDBDB;
    padding-left:3px;
    padding-right: 1px;
    height:22px;
    padding-top:0px;
    padding-bottom:0px;
    text-align:left;
}
</STYLE> 
  <title>유아이디/감자 결정(종속회사의 주요경영사항)/(2026.01.05)감자 결정(종속회사의 주요경영사항)</title> 
 </head> 
 <body> 
  <div class="xforms"> 
   <div> 
    <span class="noprint" style="display:none;width:600px;font-size:10pt;"> </span> 
    <div class="xforms_title"> 
     <div> 
      <span style="width:598px;font-weight:bold;text-align:center;">감자 결정(종속회사의 주요경영사항)</span> 
     </div> 
    </div> 
    <table border="1" bordercolordark="white" bordercolorlight="#666666" cellpadding="1" cellspacing="0" id="XFormD3_Form0_Table1" style="margin:0px 0px 20px 0px;width:600px;font-size:10pt;border:1px solid #7f7f7f;"> 
     <tbody> 
      <tr> 
       <td width="136"> <span style="width:136px;font-size:10pt;">종속회사인</span> </td> 
       <td width="264"> <span class="xforms_input" style="width:264px;font-size:10pt;">송도애니파크 주식회사</span> </td> 
       <td width="200"> <span style="width:200px;font-size:10pt;">의 주요경영사항 신고</span> </td> 
      </tr> 
     </tbody> 
    </table> 
    <table border="1" bordercolordark="white" bordercolorlight="#666666" cellpadding="1" cellspacing="0" id="XFormD2_Form0_Table0" style="margin:0px 0px 20px 0px;width:600px;font-size:10pt;border:1px solid #7f7f7f;"> 
     <tbody> 
      <tr> 
       <td rowspan="2" width="167"> <span style="width:167px;font-size:10pt;">1. 감자주식의 종류와 수</span> </td> 
       <td width="150"> <span style="width:150px;font-size:10pt;text-align:center;">보통주식(주)</span> </td> 
       <td colspan="2" width="283"> <span class="xforms_input" style="width:283px;font-size:10pt;text-align:right;">449,682</span> </td> 
      </tr> 
      <tr> 
       <td width="150"> <span style="width:150px;font-size:10pt;text-align:center;">종류주식(주)</span> </td> 
       <td colspan="2" width="283"> <span class="xforms_input" style="width:283px;font-size:10pt;text-align:right;">-</span> </td> 
      </tr> 
      <tr> 
       <td colspan="2" width="317"> <span style="width:317px;font-size:10pt;">2. 1주당 액면가액(원)</span> </td> 
       <td colspan="2" width="283"> <span class="xforms_input" style="width:283px;font-size:10pt;text-align:right;">5,000</span> </td> 
      </tr> 
      <tr> 
       <td colspan="2" rowspan="2" width="317"> <span style="width:317px;font-size:10pt;">3. 감자전후 자본금</span> </td> 
       <td width="140"> <span style="width:140px;font-size:10pt;text-align:center;">감자전(원)</span> </td> 
       <td width="143"> <span style="width:143px;font-size:10pt;text-align:center;">감자후(원)</span> </td> 
      </tr> 
      <tr> 
       <td width="140"> <span class="xforms_input" style="width:140px;font-size:10pt;text-align:right;">8,213,410,000</span> </td> 
       <td width="143"> <span class="xforms_input" style="width:143px;font-size:10pt;text-align:right;">5,965,000,000</span> </td> 
      </tr> 
      <tr> 
       <td rowspan="3" width="167"> <span style="width:167px;font-size:10pt;">4. 감자전후 발행주식수</span> </td> 
       <td width="150"> <span style="width:150px;font-size:10pt;text-align:center;">구분</span> </td> 
       <td width="140"> <span style="width:140px;font-size:10pt;text-align:center;">감자전(주)</span> </td> 
       <td width="143"> <span style="width:143px;font-size:10pt;text-align:center;">감자후(주)</span> </td> 
      </tr> 
      <tr> 
       <td width="150"> <span style="width:150px;font-size:10pt;text-align:center;">보통주식(주)</span> </td> 
       <td width="140"> <span class="xforms_input" style="width:140px;font-size:10pt;text-align:right;">1,642,682</span> </td> 
       <td width="143"> <span class="xforms_input" style="width:143px;font-size:10pt;text-align:right;">1,193,000</span> </td> 
      </tr> 
      <tr> 
       <td width="150"> <span style="width:150px;font-size:10pt;text-align:center;">종류주식(주)</span> </td> 
       <td width="140"> <span class="xforms_input" style="width:140px;font-size:10pt;text-align:right;">-</span> </td> 
       <td width="143"> <span class="xforms_input" style="width:143px;font-size:10pt;text-align:right;">-</span> </td> 
      </tr> 
      <tr> 
       <td rowspan="2" width="167"> <span style="width:167px;font-size:10pt;">5. 감자비율</span> </td> 
       <td width="150"> <span style="width:150px;font-size:10pt;text-align:center;">보통주식 (%)</span> </td> 
       <td colspan="2" width="283"> <span class="xforms_input" style="width:283px;font-size:10pt;text-align:right;">27.37</span> </td> 
      </tr> 
      <tr> 
       <td width="150"> <span style="width:150px;font-size:10pt;text-align:center;">종류주식 (%)</span> </td> 
       <td colspan="2" width="283"> <span class="xforms_input" style="width:283px;font-size:10pt;text-align:right;">-</span> </td> 
      </tr> 
      <tr> 
       <td colspan="2" width="317"> <span style="width:317px;font-size:10pt;">6. 감자기준일</span> </td> 
       <td colspan="2" width="283"> <span class="xforms_input" style="width:283px;font-size:10pt;">2026-01-27</span> </td> 
      </tr> 
      <tr> 
       <td colspan="2" width="317"> <span style="width:317px;font-size:10pt;">7. 감자방법</span> </td> 
       <td colspan="2" width="283"> <span class="xforms_input" style="width:283px;font-size:10pt;">유상감자(주식소각)</span> </td> 
      </tr> 
      <tr> 
       <td colspan="2" width="317"> <span style="width:317px;font-size:10pt;">8. 감자사유</span> </td> 
       <td colspan="2" width="283"> <span class="xforms_input" style="width:283px;font-size:10pt;">외국법인 자본투자자의 투자금회수</span> </td> 
      </tr> 
      <tr> 
       <td rowspan="4" width="167"> <span style="width:167px;font-size:10pt;">9. 감자일정</span> </td> 
       <td width="150"> <span style="width:150px;font-size:10pt;text-align:center;">주주총회예정일</span> </td> 
       <td colspan="2" width="283"> <span class="xforms_input" style="width:283px;font-size:10pt;">2026-01-09</span> </td> 
      </tr> 
      <tr> 
       <td width="150"> <span style="width:150px;font-size:10pt;text-align:center;">명의개서정지기간</span> </td> 
       <td colspan="2" width="283"> <span class="xforms_input" style="width:283px;font-size:10pt;">-</span> </td> 
      </tr> 
      <tr> 
       <td width="150"> <span style="width:150px;font-size:10pt;text-align:center;">구주권제출기간</span> </td> 
       <td colspan="2" width="283"> <span class="xforms_input" style="width:283px;font-size:10pt;">2026-01-10 ~ 2026-01-26</span> </td> 
      </tr> 
      <tr> 
       <td width="150"> <span style="width:150px;font-size:10pt;text-align:center;">신주권교부예정일</span> </td> 
       <td colspan="2" width="283"> <span class="xforms_input" style="width:283px;font-size:10pt;">-</span> </td> 
      </tr> 
      <tr> 
       <td colspan="2" width="317"> <span style="width:317px;font-size:10pt;">10. 채권자이의제출기간</span> </td> 
       <td colspan="2" width="283"> <span class="xforms_input" style="width:283px;font-size:10pt;">-</span> </td> 
      </tr> 
      <tr> 
       <td colspan="2" width="317"> <span style="width:317px;font-size:10pt;">11. 구주권제출 및 신주권교부장소</span> </td> 
       <td colspan="2" width="283"> <span class="xforms_input" style="width:283px;font-size:10pt;">송도애니파크 본점 소재지</span> </td> 
      </tr> 
      <tr> 
       <td colspan="2" width="317"> <span style="width:317px;font-size:10pt;">12. 이사회결의일(결정일)</span> </td> 
       <td colspan="2" width="283"> <span class="xforms_input" style="width:283px;font-size:10pt;">2026-01-05</span> </td> 
      </tr> 
      <tr> 
       <td rowspan="2" width="167"> <span style="width:167px;font-size:10pt;">
         <!--?javax.xml.transform.disable-output-escaping?--> 
         <!--?javax.xml.transform.enable-output-escaping?-->- 사외이사 참석여부</span> </td> 
       <td width="150"> <span style="width:150px;font-size:10pt;text-align:center;">참석(명)</span> </td> 
       <td colspan="2" width="283"> <span class="xforms_input" style="width:283px;font-size:10pt;text-align:right;">-</span> </td> 
      </tr> 
      <tr> 
       <td width="150"> <span style="width:150px;font-size:10pt;text-align:center;">불참(명)</span> </td> 
       <td colspan="2" width="283"> <span class="xforms_input" style="width:283px;font-size:10pt;text-align:right;">-</span> </td> 
      </tr> 
      <tr> 
       <td colspan="2" width="317"> <span style="width:317px;font-size:10pt;">
         <!--?javax.xml.transform.disable-output-escaping?--> 
         <!--?javax.xml.transform.enable-output-escaping?-->- 감사(사외이사가 아닌 감사위원) 참석여부</span> </td> 
       <td colspan="2" width="283"> <span class="xforms_input" style="width:283px;font-size:10pt;">참석</span> </td> 
      </tr> 
      <tr> 
       <td colspan="2" width="317"> <span style="width:317px;font-size:10pt;">13. 공정거래위원회 신고대상 여부</span> </td> 
       <td colspan="2" width="283"> <span class="xforms_input" style="width:283px;font-size:10pt;">미해당</span> </td> 
      </tr> 
      <tr> 
       <td colspan="2" rowspan="2" width="317"> <span style="width:317px;font-size:10pt;">14. 기타 투자판단에 참고할 사항</span> </td> 
       <td colspan="2" width="283"> <span class="xforms_input" style="width:283px;font-size:10pt;">
         <!--?javax.xml.transform.disable-output-escaping?--> 
         <!--?javax.xml.transform.enable-output-escaping?-->1. 상기 6. 감자기준일은 예상 종결일을 기재 하였으며, 상황에따라 변경될수 있습니다. <br xmlns:java="http://xml.apache.org/xalan/java">
         <!--?javax.xml.transform.disable-output-escaping?--> 
         <!--?javax.xml.transform.enable-output-escaping?-->2. `종속회사 및 지배회사의 자산총액`은 2024년말 연결재무제표 기준으로 작성하였습니다.</span> </td> 
      </tr> 
      <tr> 
       <td width="140"> <span style="width:140px;font-size:10pt;">※ 관련공시</span> </td> 
       <td width="143"> <span class="xforms_input" style="width:143px;font-size:10pt;">-</span> </td> 
      </tr> 
     </tbody> 
    </table> 
    <span style="width:600px;font-size:11pt;font-weight:bold;">[종속회사에 관한 사항]</span> 
    <table border="1" bordercolordark="white" bordercolorlight="#666666" cellpadding="1" cellspacing="0" id="XFormD3_Form0_Table2" style="margin:0px 0px 20px 0px;width:600px;font-size:10pt;border:1px solid #7f7f7f;"> 
     <tbody> 
      <tr> 
       <td width="237"> <span style="width:237px;font-size:10pt;">종속회사명</span> </td> 
       <td width="158"> <span class="xforms_input" style="width:158px;font-size:10pt;">송도애니파크주식회사</span> </td> 
       <td width="47"> <span style="width:47px;font-size:10pt;text-align:center;">영문</span> </td> 
       <td width="158"> <span class="xforms_input" style="width:158px;font-size:10pt;">Songdo Anipark Co.,LTD</span> </td> 
      </tr> 
      <tr> 
       <td width="237"> <span style="width:237px;font-size:10pt;">
         <!--?javax.xml.transform.disable-output-escaping?--> 
         <!--?javax.xml.transform.enable-output-escaping?-->- 대표자</span> </td> 
       <td colspan="3" width="363"> <span class="xforms_input" style="width:363px;font-size:10pt;">박종수</span> </td> 
      </tr> 
      <tr> 
       <td width="237"> <span style="width:237px;font-size:10pt;">
         <!--?javax.xml.transform.disable-output-escaping?--> 
         <!--?javax.xml.transform.enable-output-escaping?-->- 주요사업</span> </td> 
       <td colspan="3" width="363"> <span class="xforms_input" style="width:363px;font-size:10pt;">부동산관리업</span> </td> 
      </tr> 
      <tr> 
       <td width="237"> <span style="width:237px;font-size:10pt;">
         <!--?javax.xml.transform.disable-output-escaping?--> 
         <!--?javax.xml.transform.enable-output-escaping?-->- 주요종속회사 여부</span> </td> 
       <td colspan="3" width="363"> <span class="xforms_input" style="width:363px;font-size:10pt;">해당</span> </td> 
      </tr> 
      <tr> 
       <td width="237"> <span style="width:237px;font-size:10pt;">종속회사의 자산총액(원)</span> </td> 
       <td colspan="3" width="363"> <span class="xforms_input" style="width:363px;font-size:10pt;text-align:right;">18,170,036,598</span> </td> 
      </tr> 
      <tr> 
       <td width="237"> <span style="width:237px;font-size:10pt;">지배회사의 연결 자산총액(원)</span> </td> 
       <td colspan="3" width="363"> <span class="xforms_input" style="width:363px;font-size:10pt;text-align:right;">43,229,983,991</span> </td> 
      </tr> 
      <tr> 
       <td width="237"> <span style="width:237px;font-size:10pt;">지배회사의 연결 자산총액 대비(%)</span> </td> 
       <td colspan="3" width="363"> <span class="xforms_input" style="width:363px;font-size:10pt;text-align:right;">42.03</span> </td> 
      </tr> 
     </tbody> 
    </table> 
   </div> 
  </div>  
 </body>
</html>