<?xml version="1.0" encoding="utf-8"?>


<DOCUMENT xmlns:xsi="http://www.w3.org/2001/XMLSchema-instance" xsi:noNamespaceSchemaLocation="dart4.xsd">

<DOCUMENT-NAME ACODE="11306">주요사항보고서(유상증자결정)</DOCUMENT-NAME>
<FORMULA-VERSION ADATE="20251230">6.3</FORMULA-VERSION>
<COMPANY-NAME AREGCIK="00683007">엑스큐어 주식회사</COMPANY-NAME>


<BODY ATOCID="2">

<LIBRARY>
<SECTION-1 ACLASS="MANDATORY" APARTSOURCE="SOURCE">
<TITLE ATOC="Y" AASSOCNOTE="D-0-0-0-0" ENG="Report on Major Issues／Reporting Obligations to the KRX" ATOCID="2">주요사항보고서 / 거래소 신고의무 사항</TITLE>

<TABLE ACLASS="NORMAL" AFIXTABLE="Y" WIDTH="600" BORDER="0">

<COLGROUP WIDTH="600">
<COL WIDTH="141"></COL>
<COL WIDTH="183"></COL>
<COL WIDTH="276"></COL>
</COLGROUP>

<TBODY>

<TR ACOPY="Y" ADELETE="Y" HEIGHT="30">
<TD COLSPAN="3" WIDTH="591" HEIGHT="23"></TD>
</TR>

<TR ACOPY="Y" ADELETE="Y" HEIGHT="53">
<TD COLSPAN="3" WIDTH="591" HEIGHT="46"></TD>
</TR>

<TR ACOPY="Y" ADELETE="Y" HEIGHT="30">
<TD COLSPAN="2" VALIGN="MIDDLE" WIDTH="315" HEIGHT="23">금융위원회 / 한국거래소 귀중</TD>
<TD ALIGN="RIGHT" VALIGN="MIDDLE" WIDTH="267" HEIGHT="23">2026 년 01 월 05 일</TD>
</TR>

<TR ACOPY="Y" ADELETE="Y" HEIGHT="53">
<TD COLSPAN="3" WIDTH="591" HEIGHT="46"></TD>
</TR>

<TR ACOPY="Y" ADELETE="Y" HEIGHT="30">
<TD WIDTH="132" HEIGHT="23">회     사     명  :</TD>
<TD COLSPAN="2" WIDTH="450" HEIGHT="23">엑스큐어 주식회사</TD>
</TR>

<TR ACOPY="Y" ADELETE="Y" HEIGHT="30">
<TD WIDTH="132" HEIGHT="23">대  표   이  사  :</TD>
<TD COLSPAN="2" WIDTH="450" HEIGHT="23">안 은 철</TD>
</TR>

<TR ACOPY="Y" ADELETE="Y" HEIGHT="30">
<TD WIDTH="132" HEIGHT="23">본 점  소 재 지 :</TD>
<TD COLSPAN="2" WIDTH="450" HEIGHT="23">경기도 과천시 과천대로 12길 117, 과천펜타원 D동 6층</TD>
</TR>

<TR ACOPY="Y" ADELETE="Y" HEIGHT="30">
<TD WIDTH="132" HEIGHT="23"></TD>
<TD COLSPAN="2" WIDTH="450" HEIGHT="23">(전  화) 031-689-3119</TD>
</TR>

<TR ACOPY="Y" ADELETE="Y" HEIGHT="30">
<TD WIDTH="132" HEIGHT="23"></TD>
<TD COLSPAN="2" WIDTH="450" HEIGHT="23">(홈페이지) http://www.xcure.co.kr</TD>
</TR>

<TR ACOPY="Y" ADELETE="Y" HEIGHT="30">
<TD WIDTH="132" HEIGHT="23"></TD>
<TD COLSPAN="2" WIDTH="450" HEIGHT="23"></TD>
</TR>

<TR ACOPY="Y" ADELETE="Y" HEIGHT="30">
<TD COLSPAN="3" WIDTH="591" HEIGHT="23"></TD>
</TR>

<TR ACOPY="Y" ADELETE="Y" HEIGHT="30">
<TD COLSPAN="3" WIDTH="591" HEIGHT="23"></TD>
</TR>

<TR ACOPY="Y" ADELETE="Y" HEIGHT="30">
<TD WIDTH="132" HEIGHT="23">작 성 책 임 자 :</TD>
<TD WIDTH="174" HEIGHT="23">(직  책) 전무이사</TD>
<TD WIDTH="267" HEIGHT="23">(성  명) 김 건 완</TD>
</TR>

<TR ACOPY="Y" ADELETE="Y" HEIGHT="30">
<TD WIDTH="132" HEIGHT="23"></TD>
<TD COLSPAN="2" WIDTH="450" HEIGHT="23">(전  화) 031-689-3119</TD>
</TR>

<TR ACOPY="Y" ADELETE="Y" HEIGHT="30">
<TD COLSPAN="3" WIDTH="591" HEIGHT="23"></TD>
</TR>
</TBODY>
</TABLE>
<P></P>
<PGBRK></PGBRK>
</SECTION-1>
</LIBRARY>


<SECTION-1 ACLASS="MANDATORY" APARTSOURCE="SOURCE">
<TITLE ATOC="Y" AASSOCNOTE="D-0-1-0-0" ENG="Decision on Paid-In Capital Increase" ATOCID="1">유상증자 결정</TITLE>
<P></P>

<TABLE-GROUP ACLASS="CST_CNT" ADELETETABLE="N">

<TABLE ACLASS="EXTRACTION" AFIXTABLE="Y" WIDTH="600" BORDER="1">

<COLGROUP WIDTH="600">
<COL WIDTH="160"></COL>
<COL WIDTH="172"></COL>
<COL WIDTH="268"></COL>
</COLGROUP>

<TBODY>

<TR ACOPY="Y" ADELETE="Y" HEIGHT="30">
<TD ROWSPAN="2" VALIGN="MIDDLE" WIDTH="151" HEIGHT="53" AUPDATECONT="N" ENG="1. Class and number of new shares">1. 신주의 종류와 수</TD>
<TD ALIGN="CENTER" WIDTH="163" HEIGHT="23" AUPDATECONT="N" ENG="Common stock (shrs.)">보통주식 (주)</TD>
<TE ALIGN="RIGHT" WIDTH="259" HEIGHT="23" ACODE="CST_CNT">5,021,000</TE>
</TR>

<TR ACOPY="Y" ADELETE="Y" HEIGHT="30">
<TD ALIGN="CENTER" WIDTH="163" HEIGHT="23" AUPDATECONT="N" ENG="Different classes of stocks (shrs.)">기타주식 (주)</TD>
<TE ALIGN="RIGHT" WIDTH="259" HEIGHT="23" ACODE="PST_CNT">-</TE>
</TR>

<TR ACOPY="Y" ADELETE="Y" HEIGHT="30">
<TD COLSPAN="2" WIDTH="323" HEIGHT="23" AUPDATECONT="N" ENG="2. Par value per share (KRW)">2. 1주당 액면가액 (원)</TD>
<TE ALIGN="RIGHT" WIDTH="259" HEIGHT="23" ACODE="FVAL">500</TE>
</TR>

<TR ACOPY="Y" ADELETE="Y" HEIGHT="30">
<TD ROWSPAN="2" VALIGN="MIDDLE" WIDTH="151" HEIGHT="53" AUPDATECONT="N" ENG="3. Total number of shares issued before capital increase (shrs.)">3. 증자전     발행주식총수 (주)</TD>
<TD ALIGN="CENTER" WIDTH="163" HEIGHT="23" AUPDATECONT="N" ENG="Common stock (shrs.)">보통주식 (주)</TD>
<TE ALIGN="RIGHT" WIDTH="259" HEIGHT="23" ACODE="BFR_CST_CNT">23,307,078</TE>
</TR>

<TR ACOPY="Y" ADELETE="Y" HEIGHT="30">
<TD ALIGN="CENTER" WIDTH="163" HEIGHT="23" AUPDATECONT="N" ENG="Different classes of stocks (shrs.)">기타주식 (주)</TD>
<TE ALIGN="RIGHT" WIDTH="259" HEIGHT="23" ACODE="BFR_PST_CNT">-</TE>
</TR>

<TR ACOPY="Y" ADELETE="Y" HEIGHT="30">
<TD ROWSPAN="6" VALIGN="MIDDLE" WIDTH="151" HEIGHT="196" AUPDATECONT="N" ENG="4. Purpose of funding">4. 자금조달의 목적</TD>
<TD ALIGN="CENTER" WIDTH="163" HEIGHT="23" AUPDATECONT="N" ENG="Facility investment (KRW)">시설자금 (원)</TD>
<TE ALIGN="RIGHT" WIDTH="259" HEIGHT="23" ACODE="FND_USE1">-</TE>
</TR>

<TR ACOPY="Y" ADELETE="Y" HEIGHT="30">
<TD ALIGN="CENTER" WIDTH="163" HEIGHT="23" AUPDATECONT="N" ENG="Business acquisition (KRW)">영업양수자금 (원)</TD>
<TE ALIGN="RIGHT" WIDTH="259" HEIGHT="23" ACODE="FND_USE_SQ">-</TE>
</TR>

<TR ACOPY="Y" ADELETE="Y" HEIGHT="30">
<TD ALIGN="CENTER" VALIGN="MIDDLE" WIDTH="163" HEIGHT="23" AUPDATECONT="N" ENG="Operating capital (KRW)">운영자금 (원)</TD>
<TE ALIGN="RIGHT" WIDTH="259" HEIGHT="23" ACODE="FND_USE2">6,000,095,000</TE>
</TR>

<TR ACOPY="Y" ADELETE="Y" HEIGHT="30">
<TD ALIGN="CENTER" VALIGN="MIDDLE" WIDTH="163" HEIGHT="23" AUPDATECONT="N" ENG="Debt repayment (KRW)">채무상환자금 (원)</TD>
<TE ALIGN="RIGHT" WIDTH="259" HEIGHT="23" ACODE="FND_USE_RD">-</TE>
</TR>

<TR ACOPY="Y" ADELETE="Y" HEIGHT="53">
<TD ALIGN="CENTER" VALIGN="MIDDLE" WIDTH="163" HEIGHT="46" AUPDATECONT="N" ENG="Acquisition of securities issued by other corporations (KRW)">타법인 증권취득자금 (원)</TD>
<TE ALIGN="RIGHT" VALIGN="MIDDLE" WIDTH="259" HEIGHT="46" ACODE="ANC_ACQ_AMT">-</TE>
</TR>

<TR ACOPY="Y" ADELETE="Y" HEIGHT="30">
<TD ALIGN="CENTER" WIDTH="163" HEIGHT="23" AUPDATECONT="N" ENG="Other purposes (KRW)">기타자금 (원)</TD>
<TE ALIGN="RIGHT" WIDTH="259" HEIGHT="23" ACODE="FND_USE3">-</TE>
</TR>

<TR ACOPY="Y" ADELETE="Y" HEIGHT="30">
<TD COLSPAN="2" VALIGN="MIDDLE" WIDTH="323" HEIGHT="23" AUPDATECONT="N" ENG="5. Capital increase method">5. 증자방식</TD>
<TU ALIGN="CENTER" WIDTH="259" HEIGHT="23" AUNIT="CI_MTH" AUNITVALUE="6" ENG="Capital increase by third-party allotment">제3자배정증자</TU>
</TR>
</TBODY>
</TABLE>
</TABLE-GROUP>
<P>※ 기타주식에 관한 사항</P>

<TABLE-GROUP ACLASS="STO_ETC" ADELETETABLE="N">

<TABLE ACLASS="EXTRACTION" AFIXTABLE="Y" WIDTH="600" BORDER="1">

<COLGROUP WIDTH="600">
<COL WIDTH="235"></COL>
<COL WIDTH="365"></COL>
</COLGROUP>

<TBODY>

<TR ACOPY="N" ADELETE="N" HEIGHT="30">
<TD WIDTH="226" HEIGHT="23" AUPDATECONT="N" ENG="Basis in articles of incorporation">정관의 근거</TD>
<TE WIDTH="356" HEIGHT="23" VALIGN="MIDDLE" ACODE="AOI_BAS">-</TE>
</TR>

<TR ACOPY="N" ADELETE="N" HEIGHT="30">
<TD WIDTH="226" HEIGHT="23" AUPDATECONT="N" ENG="Details of stocks">주식의 내용</TD>
<TE WIDTH="356" HEIGHT="23" VALIGN="MIDDLE" ACODE="STO_CNT">-</TE>
</TR>

<TR ACOPY="N" ADELETE="N" HEIGHT="30">
<TD WIDTH="226" HEIGHT="23" AUPDATECONT="N" ENG="Others">기타</TD>
<TE WIDTH="356" HEIGHT="23" VALIGN="MIDDLE" ACODE="ETC_CNT">-</TE>
</TR>
</TBODY>
</TABLE>
</TABLE-GROUP>

<P></P>

<LIBRARY>
<TABLE-GROUP ACLASS="THD_ASN_INC" ADELETETABLE="N">

<TABLE ACLASS="EXTRACTION" AFIXTABLE="Y" WIDTH="599" BORDER="1">

<COLGROUP WIDTH="599">
<COL WIDTH="149"></COL>
<COL WIDTH="200"></COL>
<COL WIDTH="89"></COL>
<COL WIDTH="161"></COL>
</COLGROUP>

<TBODY>

<TR ACOPY="N" ADELETE="N" HEIGHT="30">
<TD ROWSPAN="2" VALIGN="MIDDLE" WIDTH="140" HEIGHT="53" AUPDATECONT="N" ENG="6. Issuing price of new shares">6. 신주 발행가액</TD>
<TD ALIGN="CENTER" WIDTH="191" HEIGHT="23" AUPDATECONT="N" ENG="Common stock (KRW)">보통주식 (원)</TD>
<TE ALIGN="RIGHT" WIDTH="241" HEIGHT="23" ACODE="CST_ISS_VAL" COLSPAN="2">1,195</TE>
</TR>

<TR ACOPY="N" ADELETE="N" HEIGHT="30">
<TD ALIGN="CENTER" WIDTH="191" HEIGHT="23" AUPDATECONT="N" ENG="Different classes of stocks (KRW)">기타주식 (원)</TD>
<TE ALIGN="RIGHT" WIDTH="241" HEIGHT="23" ACODE="PST_ISS_VAL" COLSPAN="2">-</TE>
</TR>

<TR ACOPY="N" ADELETE="N" HEIGHT="30">
<TD ROWSPAN="2" VALIGN="MIDDLE" WIDTH="140" HEIGHT="53" AUPDATECONT="N" ENG="7. Base stock price">7. 기준주가</TD>
<TD ALIGN="CENTER" WIDTH="191" HEIGHT="23" AUPDATECONT="N" ENG="Common stock (KRW)">보통주식 (원)</TD>
<TE ALIGN="RIGHT" WIDTH="241" HEIGHT="23" ACODE="CST_STD_VAL" COLSPAN="2">1,328</TE>
</TR>

<TR ACOPY="N" ADELETE="N" HEIGHT="30">
<TD ALIGN="CENTER" WIDTH="191" HEIGHT="23" AUPDATECONT="N" ENG="Different classes of stocks (KRW)">기타주식 (원)</TD>
<TE ALIGN="RIGHT" WIDTH="241" HEIGHT="23" ACODE="PST_STD_VAL" COLSPAN="2">-</TE>
</TR>

<TR ACOPY="N" ADELETE="N" HEIGHT="99">
<TD COLSPAN="2" WIDTH="340" HEIGHT="92" AUPDATECONT="N" ENG="7-1. Base stock price calculation method">7-1. 기준주가 산정방법</TD>
<TU WIDTH="241" HEIGHT="92" AUNIT="STD_MTH" AUNITVALUE="2" COLSPAN="2" ENG="Minimum value of the common stocks [the simple average, latest weighted arithmetic average stock price of the weighted arithmetic average stock price of the past one month / week / latest date, with the day before the date of board resolution as the record date]">최소값[이사회결의일 전일을 기산일로 하여 과거 1개월간ㆍ1주일간ㆍ최근일 가중산술평균주가의 단순평균, 최근일 가중산술평균주가]</TU>
</TR>

<TR ACOPY="N" ADELETE="N" HEIGHT="30">
<TD COLSPAN="2" WIDTH="340" HEIGHT="23" AUPDATECONT="N" ENG="7-2. Discount or premium ratio to the base stock price (%)">7-2. 기준주가에 대한 할인율 또는 할증율 (%)</TD>
<TE ALIGN="CENTER" WIDTH="241" HEIGHT="23" ACODE="DC_RATE" COLSPAN="2" VALIGN="MIDDLE">-10</TE>
</TR>

<TR ACOPY="N" ADELETE="N" HEIGHT="168">
<TD COLSPAN="2" WIDTH="340" HEIGHT="161" AUPDATECONT="N" ENG="7-3. Basis for the calculation of the discount ratio (Premium ratio)">7-3. 할인율(할증률) 산정 근거</TD>
<TE WIDTH="241" HEIGHT="161" ACODE="DC_RATE_RS" COLSPAN="2" ALIGN="CENTER" VALIGN="MIDDLE">「증권의 발행 및 공시등에 관한 규정」 제5-18조 유상증자의 발행가액 결정 규정에 따라 제3자배정 유상증자의 경우 기준주가에 10% 이내의 할인율을 정하여 발행가액을 산정할 수 있으며, 이사회 결의로 10% 할인율을 적용함.</TE>
</TR>

<TR ACOPY="N" ADELETE="N" HEIGHT="168">
<TD COLSPAN="2" WIDTH="340" HEIGHT="161" AUPDATECONT="N" ENG="8. Basis in articles of incorporation on third-party allotment">8. 제3자배정에 대한 정관의 근거</TD>
<TE WIDTH="241" HEIGHT="161" ACODE="ART_BAS" COLSPAN="2" ALIGN="CENTER" VALIGN="MIDDLE">당사 정관 제10조 2항 7(발행주식총수의 100분의 70을 초과하지 않는 범위 내에서 사업상 중요한 기술도입, 연구개발, 생산·판매·자본제휴, 재무구조 개선 등 경영상 목적을 달성하기 위하여 그 상대방에게 신주를 발행하는 경우)</TE>
</TR>

<TR ACOPY="N" ADELETE="N" HEIGHT="30">
<TD COLSPAN="2" WIDTH="340" HEIGHT="23" AUPDATECONT="N" ENG="9. Payment date">9. 납입일</TD>
<TU ALIGN="CENTER" WIDTH="241" HEIGHT="23" AUNIT="PYM_DT" AUNITVALUE="20260303" COLSPAN="2" VALIGN="MIDDLE">2026년 03월 03일</TU>
</TR>

<TR ACOPY="N" ADELETE="N" HEIGHT="30">
<TD COLSPAN="2" WIDTH="340" HEIGHT="23" AUPDATECONT="N" ENG="10. Record date for dividend on new shares">10. 신주의 배당기산일</TD>
<TU ALIGN="CENTER" WIDTH="241" HEIGHT="23" AUNIT="DV_ST_DT" AUNITVALUE="20260101" COLSPAN="2" VALIGN="MIDDLE">2026년 01월 01일</TU>
</TR>

<TR ACOPY="N" ADELETE="N" HEIGHT="30">
<TD COLSPAN="2" WIDTH="340" HEIGHT="23" AUPDATECONT="N" ENG="11. Scheduled delivery date of new share certificates">11. 신주권교부예정일</TD>
<TU ALIGN="CENTER" WIDTH="241" HEIGHT="23" AUNIT="NST_GV_DT" AUNITVALUE="-" COLSPAN="2" VALIGN="MIDDLE">-</TU>
</TR>

<TR ACOPY="N" ADELETE="N" HEIGHT="30">
<TD COLSPAN="2" WIDTH="340" HEIGHT="23" AUPDATECONT="N" ENG="12. Scheduled listing date of new shares">12. 신주의 상장 예정일</TD>
<TU ALIGN="CENTER" WIDTH="241" HEIGHT="23" AUNIT="LST_PLN_DT" AUNITVALUE="20260327" COLSPAN="2" VALIGN="MIDDLE">2026년 03월 27일</TU>
</TR>

<TR ACOPY="N" ADELETE="N" HEIGHT="30">
<TD COLSPAN="2" VALIGN="MIDDLE" WIDTH="340" HEIGHT="23" AUPDATECONT="N" ENG="13. Whether deemed a backdoor listing caused by contribution in kind">13. 현물출자로 인한 우회상장 해당여부</TD>
<TU ALIGN="CENTER" WIDTH="241" HEIGHT="23" AUNIT="PIN_BL_YN" AUNITVALUE="N" COLSPAN="2" VALIGN="MIDDLE" ENG="No">아니오</TU>
</TR>

<TR ACOPY="N" ADELETE="N" HEIGHT="30">
<TD COLSPAN="2" VALIGN="MIDDLE" WIDTH="340" HEIGHT="23" AUPDATECONT="N" ENG="- Whether there is in kind contributions">   - 현물출자가 있는지 여부</TD>
<TU ALIGN="CENTER" WIDTH="241" HEIGHT="23" AUNIT="PIN_EXT_YN" AUNITVALUE="N" COLSPAN="2" VALIGN="MIDDLE" ENG="No">아니오</TU>
</TR>

<TR ACOPY="N" ADELETE="N" HEIGHT="53">
<TD COLSPAN="2" VALIGN="MIDDLE" WIDTH="340" HEIGHT="46" AUPDATECONT="N" ENG="- Whether there are shares of stock-unlisted corporations among contribution in kind">   - 현물출자 재산 중 주권비상장법인주식이       있는지 여부</TD>
<TU ALIGN="CENTER" WIDTH="241" HEIGHT="46" AUNIT="PIN_SLC_YN" AUNITVALUE="A" COLSPAN="2" VALIGN="MIDDLE" ENG="N/A">해당없음</TU>
</TR>

<TR ACOPY="N" ADELETE="N" HEIGHT="30">
<TD ROWSPAN="2" VALIGN="MIDDLE" WIDTH="140" HEIGHT="76" AUPDATECONT="N" ENG="- Value of investment in kind for shares to be paid">   - 납입예정 주식의      현물출자 가액</TD>
<TD ALIGN="CENTER" VALIGN="MIDDLE" WIDTH="191" HEIGHT="23" AUPDATECONT="N" ENG="Value in kind contribution (KRW)">현물출자가액(원)</TD>
<TE ALIGN="CENTER" WIDTH="241" HEIGHT="23" ACODE="PIN_VAL" COLSPAN="2">-</TE>
</TR>

<TR ACOPY="N" ADELETE="N" HEIGHT="53">
<TD ALIGN="CENTER" VALIGN="MIDDLE" WIDTH="191" HEIGHT="46" AUPDATECONT="N" ENG="Ratio to the company’s total assets in the latest fiscal year (%)">당사 최근사업연도 자산총액 대비(%)</TD>
<TE ALIGN="CENTER" WIDTH="241" HEIGHT="46" ACODE="PIN_AST_RT" COLSPAN="2">-</TE>
</TR>

<TR ACOPY="N" ADELETE="N" HEIGHT="30">
<TD COLSPAN="2" VALIGN="MIDDLE" WIDTH="340" HEIGHT="23" AUPDATECONT="N" ENG="- Total number of shares to be paid">   - 납입예정 주식수</TD>
<TE ALIGN="CENTER" WIDTH="241" HEIGHT="23" ACODE="PAY_EXP_CNT" COLSPAN="2">-</TE>
</TR>

<TR ACOPY="N" ADELETE="N" HEIGHT="30">
<TD COLSPAN="2" VALIGN="MIDDLE" WIDTH="340" HEIGHT="23" AUPDATECONT="N" ENG="14. Whether satisfying backdoor listing requirements">14. 우회상장 요건 충족여부</TD>
<TU ALIGN="CENTER" WIDTH="241" HEIGHT="23" AUNIT="BL_CON_YN" AUNITVALUE="A" COLSPAN="2" ENG="N/A">해당없음</TU>
</TR>

<TR ACOPY="N" ADELETE="N" HEIGHT="30">
<TD COLSPAN="2" VALIGN="MIDDLE" WIDTH="340" HEIGHT="23" AUPDATECONT="N" ENG="15. Board resolution date (decision date)">15. 이사회결의일(결정일)</TD>
<TU ALIGN="CENTER" WIDTH="241" HEIGHT="23" AUNIT="DRC_DT" AUNITVALUE="20260105" COLSPAN="2">2026년 01월 05일</TU>
</TR>

<TR ACOPY="N" ADELETE="N" HEIGHT="30">
<TD ROWSPAN="2" VALIGN="MIDDLE" WIDTH="140" HEIGHT="53" AUPDATECONT="N" ENG="- Attendance of outside directors">   - 사외이사      참석여부</TD>
<TD ALIGN="CENTER" WIDTH="191" HEIGHT="23" AUPDATECONT="N" ENG="Present (No.)">참석 (명)</TD>
<TE ALIGN="CENTER" WIDTH="241" HEIGHT="23" ACODE="ATD_CNT" COLSPAN="2">1</TE>
</TR>

<TR ACOPY="N" ADELETE="N" HEIGHT="30">
<TD ALIGN="CENTER" WIDTH="191" HEIGHT="23" AUPDATECONT="N" ENG="Absent (No.)">불참 (명)</TD>
<TE ALIGN="CENTER" WIDTH="241" HEIGHT="23" ACODE="NATD_CNT" COLSPAN="2">1</TE>
</TR>

<TR ACOPY="N" ADELETE="N" HEIGHT="30">
<TD COLSPAN="2" WIDTH="340" HEIGHT="23" AUPDATECONT="N" ENG="- Attendance of auditors (members of Audit Committee)">   - 감사(감사위원) 참석여부</TD>
<TU ALIGN="CENTER" WIDTH="241" HEIGHT="23" AUNIT="ADT_ATD_YN" AUNITVALUE="N" COLSPAN="2" ENG="Absent">불참</TU>
</TR>

<TR ACOPY="N" ADELETE="N" HEIGHT="30">
<TD COLSPAN="2" WIDTH="340" HEIGHT="23" AUPDATECONT="N" ENG="16. Whether subject to file securities registration statement">16. 증권신고서 제출대상 여부</TD>
<TU ALIGN="CENTER" WIDTH="241" HEIGHT="23" AUNIT="RPT_SM_YN" AUNITVALUE="N" COLSPAN="2" ENG="No">아니오</TU>
</TR>

<TR ACOPY="N" ADELETE="N" HEIGHT="30">
<TD COLSPAN="2" WIDTH="340" HEIGHT="23" AUPDATECONT="N" ENG="17. Reasons for exemption from filing securities registration statement, if exempted">17. 제출을 면제받은 경우 그 사유</TD>
<TE WIDTH="241" HEIGHT="23" ACODE="RPT_SBM" COLSPAN="2" ALIGN="CENTER" VALIGN="MIDDLE">면제(1년간 전량 보호예수)</TE>
</TR>

<TR ACOPY="N" ADELETE="N" HEIGHT="30">
<TD COLSPAN="2" VALIGN="MIDDLE" WIDTH="340" HEIGHT="83" AUPDATECONT="N" ROWSPAN="3" ENG="18. Short selling transaction period during which subscriptions are prohibited">18. 청약이 금지되는 공매도 거래 기간</TD>
<TD WIDTH="80" HEIGHT="23" ALIGN="CENTER" AUPDATECONT="N" ENG="Whether applicable">해당여부</TD>
<TU WIDTH="152" HEIGHT="23" ALIGN="CENTER" AUNIT="SSL_YN" AUNITVALUE="N" ENG="No">아니오</TU>
</TR>

<TR ACOPY="N" ADELETE="N" HEIGHT="30">
<TD WIDTH="80" HEIGHT="23" ALIGN="CENTER" AUPDATECONT="N" ENG="Start date">시작일</TD>
<TU WIDTH="152" HEIGHT="23" ALIGN="CENTER" AUNIT="SSL_BGN_DT" AUNITVALUE="-">-</TU>
</TR>

<TR ACOPY="N" ADELETE="N" HEIGHT="30">
<TD WIDTH="80" HEIGHT="23" ALIGN="CENTER" AUPDATECONT="N" ENG="End date">종료일</TD>
<TU WIDTH="152" HEIGHT="23" ALIGN="CENTER" AUNIT="SSL_END_DT" AUNITVALUE="-">-</TU>
</TR>

<TR ACOPY="N" ADELETE="N" HEIGHT="30">
<TD COLSPAN="2" WIDTH="340" HEIGHT="23" AUPDATECONT="N" ENG="19. Whether subject to the Fair Trade Commission reporting requirements">19. 공정거래위원회 신고대상 여부</TD>
<TU ALIGN="CENTER" WIDTH="241" HEIGHT="23" AUNIT="TRD_YN" AUNITVALUE="N" COLSPAN="2" ENG="Non-applicable">미해당</TU>
</TR>
</TBODY>
</TABLE>
</TABLE-GROUP>

<TABLE ACLASS="NORMAL" AFIXTABLE="Y" WIDTH="600" BORDER="0">

<COLGROUP WIDTH="600">
<COL WIDTH="600"></COL>
</COLGROUP>

<TBODY>

<TR ACOPY="N" ADELETE="N" HEIGHT="30">
<TD WIDTH="591" HEIGHT="23" AUPDATECONT="N" ENG="20. Other matters to be factored into investment decisions">20. 기타 투자판단에 참고할 사항</TD>
</TR>
</TBODY>
</TABLE>
<P>1) 주금의 납입일 및 납입처  (1) 납입일 : 2026년 3월 3일  (2) 납입처 : KEB하나은행 강남구청역지점</P>
<P></P>

<LIBRARY>
<P>▶기준주가로 최소값[이사회결의일 전일을 기산일로 하여 과거 1개월간ㆍ1주일간ㆍ최근일 가중산술평균주가의 단순평균, 최근일 가중산술평균주가] 이용시 다음표를 추가</P>

<TABLE-GROUP ACLASS="THD_STD_MTH2" ADELETETABLE="N">

<TABLE ACLASS="EXTRACTION" AFIXTABLE="Y" WIDTH="601" BORDER="0">

<COLGROUP WIDTH="601">
<COL WIDTH="302"></COL>
<COL WIDTH="299"></COL>
</COLGROUP>

<TBODY>

<TR ACOPY="N" ADELETE="N" HEIGHT="30">
<TD VALIGN="BOTTOM" WIDTH="293" HEIGHT="23" AUPDATECONT="N"></TD>
<TU ALIGN="RIGHT" VALIGN="BOTTOM" WIDTH="290" HEIGHT="23" AUNIT="STOCKWON" AUNITVALUE="1" ENG="(Unit: shares, KRW)">(단위 : 주, 원)</TU>
</TR>
</TBODY>
</TABLE>

<TABLE ACLASS="EXTRACTION" AFIXTABLE="Y" WIDTH="600" BORDER="1">

<COLGROUP WIDTH="600">
<COL WIDTH="276"></COL>
<COL WIDTH="108"></COL>
<COL WIDTH="108"></COL>
<COL WIDTH="108"></COL>
</COLGROUP>

<THEAD>

<TR ACOPY="N" ADELETE="N" HEIGHT="53">
<TH VALIGN="MIDDLE" WIDTH="267" HEIGHT="46" ACOPYCOL="N" ADELETECOL="N" AMOVECOL="N" AUPDATECONT="N" ENG="Category">구 분</TH>
<TH VALIGN="MIDDLE" WIDTH="99" HEIGHT="46" ACOPYCOL="N" ADELETECOL="N" AMOVECOL="N" AUPDATECONT="N" ENG="Transaction volume">거래량</TH>
<TH VALIGN="MIDDLE" WIDTH="99" HEIGHT="46" ACOPYCOL="N" ADELETECOL="N" AMOVECOL="N" AUPDATECONT="N" ENG="Transaction amount">거래대금</TH>
<TH VALIGN="MIDDLE" WIDTH="99" HEIGHT="46" ACOPYCOL="N" ADELETECOL="N" AMOVECOL="N" AUPDATECONT="N" ENG="Weighted arithmetic average stock price">가중산술평균주가</TH>
</TR>
</THEAD>

<TBODY>

<TR ACOPY="N" ADELETE="N" HEIGHT="30">
<TD VALIGN="MIDDLE" WIDTH="267" HEIGHT="23" AUPDATECONT="N" ENG="Weighted arithmetic average stock price of the past month (A)">과거 1개월간의 가중산술평균주가(A)</TD>
<TE ALIGN="RIGHT" VALIGN="MIDDLE" WIDTH="99" HEIGHT="23" ACODE="BSN_AMT_A">2,841,515</TE>
<TE ALIGN="RIGHT" VALIGN="MIDDLE" WIDTH="99" HEIGHT="23" ACODE="BSN_PRC_A">3,674,042,891</TE>
<TE ALIGN="RIGHT" VALIGN="MIDDLE" WIDTH="99" HEIGHT="23" ACODE="AVG_VAL_A">1,293.0</TE>
</TR>

<TR ACOPY="N" ADELETE="N" HEIGHT="30">
<TD VALIGN="MIDDLE" WIDTH="267" HEIGHT="23" AUPDATECONT="N" ENG="Weighted arithmetic average stock price of the past week (B)">과거 1주일간의 가중산술평균주가(B)</TD>
<TE ALIGN="RIGHT" VALIGN="MIDDLE" WIDTH="99" HEIGHT="23" ACODE="BSN_AMT_B">338,277</TE>
<TE ALIGN="RIGHT" VALIGN="MIDDLE" WIDTH="99" HEIGHT="23" ACODE="BSN_PRC_B">446,065,906</TE>
<TE ALIGN="RIGHT" VALIGN="MIDDLE" WIDTH="99" HEIGHT="23" ACODE="AVG_VAL_B">1,318.6</TE>
</TR>

<TR ACOPY="N" ADELETE="N" HEIGHT="30">
<TD VALIGN="MIDDLE" WIDTH="267" HEIGHT="23" AUPDATECONT="N" ENG="Weighted arithmetic average stock price of the latest date (C)">최근일 가중산술평균주가(C)</TD>
<TE ALIGN="RIGHT" VALIGN="MIDDLE" WIDTH="99" HEIGHT="23" ACODE="BSN_AMT_C">163,844</TE>
<TE ALIGN="RIGHT" VALIGN="MIDDLE" WIDTH="99" HEIGHT="23" ACODE="BSN_PRC_C">224,501,976</TE>
<TE ALIGN="RIGHT" VALIGN="MIDDLE" WIDTH="99" HEIGHT="23" ACODE="AVG_VAL_C">1,370.2</TE>
</TR>

<TR ACOPY="N" ADELETE="N" HEIGHT="30">
<TD COLSPAN="3" VALIGN="MIDDLE" WIDTH="483" HEIGHT="23" AUPDATECONT="N" ENG="Arithmetic average stock price (D) of (A), (B), (C)">(A),(B),(C)의 산술평균주가(D)</TD>
<TE ALIGN="RIGHT" VALIGN="MIDDLE" WIDTH="99" HEIGHT="23" ACODE="AVG_VAL_D">1,327.3</TE>
</TR>

<TR ACOPY="N" ADELETE="N" HEIGHT="30">
<TD COLSPAN="3" VALIGN="MIDDLE" WIDTH="483" HEIGHT="23" AUPDATECONT="N" ENG="Base stock price: Lower of (C) and (D)">기준주가 : (C)와(D)중 낮은 가액</TD>
<TE ALIGN="RIGHT" VALIGN="MIDDLE" WIDTH="99" HEIGHT="23" ACODE="STD_VAL">1,327.3</TE>
</TR>

<TR ACOPY="N" ADELETE="N" HEIGHT="30">
<TD COLSPAN="3" VALIGN="MIDDLE" WIDTH="483" HEIGHT="23" AUPDATECONT="N" ENG="Discount or premium ratio (%)">할인율 또는 할증률 (%)</TD>
<TE ALIGN="RIGHT" VALIGN="MIDDLE" WIDTH="99" HEIGHT="23" ACODE="DC_RATE">-10</TE>
</TR>

<TR ACOPY="N" ADELETE="N" HEIGHT="30">
<TD COLSPAN="3" VALIGN="MIDDLE" WIDTH="483" HEIGHT="23" AUPDATECONT="N" ENG="Issuing price">발행가액</TD>
<TE ALIGN="RIGHT" VALIGN="MIDDLE" WIDTH="99" HEIGHT="23" ACODE="ISS_VAL">1,195</TE>
</TR>
</TBODY>
</TABLE>
</TABLE-GROUP>
</LIBRARY>

<P></P>

<TABLE-GROUP ACLASS="THD_ASN_OBJ" ADELETETABLE="N">

<TABLE ACLASS="NORMAL" AFIXTABLE="Y" WIDTH="600" BORDER="0">

<COLGROUP WIDTH="600">
<COL WIDTH="600"></COL>
</COLGROUP>

<TBODY>

<TR ACOPY="N" ADELETE="N" HEIGHT="30">
<TD WIDTH="591" HEIGHT="23" AUPDATECONT="N" ENG="【Basis, Purpose, etc. of Third-party Allotment】">【제3자배정 근거, 목적 등】</TD>
</TR>
</TBODY>
</TABLE>

<TABLE ACLASS="EXTRACTION" AFIXTABLE="N" WIDTH="600" BORDER="1">

<COLGROUP WIDTH="600">
<COL WIDTH="300"></COL>
<COL WIDTH="300"></COL>
</COLGROUP>

<THEAD>

<TR ACOPY="N" ADELETE="N" HEIGHT="30">
<TH VALIGN="MIDDLE" WIDTH="291" HEIGHT="23" ACOPYCOL="N" ADELETECOL="N" AMOVECOL="N" AUPDATECONT="N" ENG="Basis in articles of incorporation on third-party allotment">제3자배정 근거가 되는 정관규정</TH>
<TH VALIGN="MIDDLE" WIDTH="291" HEIGHT="23" ACOPYCOL="N" ADELETECOL="N" AMOVECOL="N" AUPDATECONT="N" ENG="Purpose of capital increase by third-party allotment">제3자배정 증자의 목적</TH>
</TR>
</THEAD>

<TBODY>

<TR ACOPY="Y" ADELETE="N" HEIGHT="1687">

<TE WIDTH="291" HEIGHT="1680" ACODE="RULE">
<P USERMARK="F-12  A-J">정관 제10조(신주인수권)① 주주는 그가 소유한 주식의 수에 비례하여 신주의 배정을 받을 권리를 갖는다.</P>
<P USERMARK="F-12  A-J">② 회사는 제1항의 규정에도 불구하고 다음 각 호의 어느 하나에 해당하는 경우 이사회의 결의로 주주 이외의 자에게 신주를 배정할 수 있다. </P>
<P USERMARK="F-12  A-J">1. 발행주식총수의 100분의 70을 초과하지 않는 범위 내에서 자본시장과 금융투자업에 관한 법률 제165조의6에 따라 일반공모증자 방식으로 신주를 발행하는 경우 </P>
<P USERMARK="F-12  A-J">2. 상법 제542조의3에 따른 주식매수선택권의 행사로 인하여 신주를 발행하는 경우 </P>
<P USERMARK="F-12  A-J">3. 우리사주조합원에게 주식을 배정하는 경우 </P>
<P USERMARK="F-12  A-J">4. 근로복지기본법 제39조의 규정에 의한 우리사주매수선택권의 행사로 인하여 신주를 발행하는 경우 </P>
<P USERMARK="F-12  A-J">5. 자본시장과 금융투자업에 관한 법률 제165조의 16에 의하여 이사회의 결의로 증권예탁증권(DR) 발행에 따라 신주를 발행하는 경우</P>
<P USERMARK="F-12  A-J">6. 발행주식총수의 100분의 70을 초과하지 않는 범위 내에서 긴급한 자금 조달을 위하여 국내외 금융기관 또는 기관투자자에게 신주를 발행하는 경우 </P>
<P USERMARK="F-12  A-J">7. 발행주식총수의 100분의 70을 초과하지 않는 범위 내에서 사업상 중요한 기술도입, 연구개발, 생산·판매·자본제휴, 재무구조 개선 등 경영상 목적을 달성하기 위하여 그 상대방에게 신주를 발행하는 경우 </P>
<P USERMARK="F-12  A-J">8. 주권을 코스닥시장에 상장하기 위하여 신주를 모집하거나 인수인에게 인수하게 하는 경우 </P>
<P USERMARK="F-12  A-J">9. 발행주식총수의 100분의 70을 초과하지 않는 범위 내에서 경영상 필요로 외국인투자촉진법에 의한 외국인투자가에게 신주를 발행하는 경우 </P>
<P USERMARK="F-12  A-J">10. 발행주식총수의 100분의 70을 초과하지 않는 범위 내에서 중소기업창업지원법에 의한 중소기업창업투자회사에 신주를 배정하는 경우 </P>
<P USERMARK="F-12  A-J">11. 발행주식총수의 100분의 70을 초과하지 않는 범위 내에서 재무구조의 개선 등 회사의 경영상 목적을 달성하기 위하여 국내외의 금융기관, 기관투자자, 투자조합 또는 법인 및 개인 등에게 신주를 발행하는 경우 </P>
<P USERMARK="F-12  A-J">③ 제1항과 제2항 각 호 중 어느 하나의 규정에 의해 신주를 발행할 경우 발행할 주식의 종류와 수 및 발행가격 등은 이사회의 결의로 한다. </P>
<P USERMARK="F-12  A-J">④ 신주인수권의 포기 또는 상실에 따른 주식과 신주배정에서 발생한 단주에 대한 처리방법은 이사회의 결의로 정한다.</P>
<P USERMARK="F-12  A-J">⑤ 제2항에 따라 주주외의 자에게 신주를 배정하는 경우 상법 제416조 제1호, 제2호, 제2호의2, 제3호 및 제4호에서 정하는 사항을 그 납입기일의 2주 전까지 주주에게 통지하거나 공고하여야 한다. 다만, 자본시장과금융투자업에 관한 법률 제165조의9에 따라 주요사항보고서를 금융위원회 및 거래소에 공시함으로써 그 통지 및 공고를 갈음할 수 있다. </P>
<P USERMARK="F-12  A-J">⑥ 회사는 제1항에 따라 신주를 배정하는 경우에는 주주에게 신주인수권증서를 발행하여야 한다. </P>
</TE>
<TE WIDTH="291" HEIGHT="1680" ACODE="OBJ">원활한 경영활동을 위한 운영자금 조달</TE>
</TR>
</TBODY>
</TABLE>
</TABLE-GROUP>
<P></P>

<TABLE ACLASS="NORMAL" AFIXTABLE="Y" WIDTH="600" BORDER="0">

<COLGROUP WIDTH="600">
<COL WIDTH="600"></COL>
</COLGROUP>

<TBODY>

<TR ACOPY="N" ADELETE="N" HEIGHT="30">
<TD WIDTH="591" HEIGHT="23" AUPDATECONT="N" ENG="【Intended Use of Funds in Detail on third-party allotment】">【제3자배정 조달자금의 구체적 사용목적】</TD>
</TR>
</TBODY>
</TABLE>

<LIBRARY>
<TABLE-GROUP ACLASS="TBL_FND1" ADELETETABLE="N">

<TABLE ACLASS="NORMAL" AFIXTABLE="Y" WIDTH="600" BORDER="0">

<COLGROUP WIDTH="600">
<COL WIDTH="600"></COL>
</COLGROUP>

<TBODY>

<TR ACOPY="N" ADELETE="N" HEIGHT="30">
<TD WIDTH="591" HEIGHT="23" AUPDATECONT="N" ENG="[In the case of operating capital and other purposes]">【운영자금ㆍ기타자금의 경우】</TD>
</TR>
</TBODY>
</TABLE>

<TABLE ACLASS="EXTRACTION" AFIXTABLE="Y" WIDTH="664" BORDER="0">

<COLGROUP WIDTH="664">
<COL WIDTH="459"></COL>
<COL WIDTH="205"></COL>
</COLGROUP>

<TBODY>

<TR ACOPY="N" ADELETE="N" HEIGHT="30">
<TD WIDTH="450" HEIGHT="23" AUPDATECONT="N" VALIGN="MIDDLE"></TD>
<TU WIDTH="196" HEIGHT="23" VALIGN="MIDDLE" ALIGN="RIGHT" AUNIT="WON" AUNITVALUE="1" ENG="(Unit: KRW)">(단위 : 원)</TU>
</TR>
</TBODY>
</TABLE>

<TABLE ACLASS="EXTRACTION" WIDTH="665" BORDER="1">

<COLGROUP WIDTH="665">
<COL WIDTH="78"></COL>
<COL WIDTH="218"></COL>
<COL WIDTH="113"></COL>
<COL WIDTH="54"></COL>
<COL WIDTH="89"></COL>
<COL WIDTH="113"></COL>
</COLGROUP>

<TBODY>

<TR ACOPY="N" ADELETE="N" HEIGHT="30">
<TD ROWSPAN="2" ALIGN="CENTER" VALIGN="MIDDLE" WIDTH="69" HEIGHT="53" AUPDATECONT="N" ENG="Purpose of fund use">자금용도</TD>
<TD ROWSPAN="2" ALIGN="CENTER" VALIGN="MIDDLE" WIDTH="209" HEIGHT="53" AUPDATECONT="N" ENG="Details*">세부내역*</TD>
<TD COLSPAN="4" ALIGN="CENTER" VALIGN="MIDDLE" WIDTH="360" HEIGHT="23" AUPDATECONT="N" ENG="Estimated amount to use by year">연도별 사용 예정 금액</TD>
</TR>

<TR ACOPY="N" ADELETE="N" HEIGHT="30">
<TE ALIGN="CENTER" VALIGN="MIDDLE" WIDTH="104" HEIGHT="23" ACODE="FND1_PRD1">'26년</TE>
<TE ALIGN="CENTER" VALIGN="MIDDLE" WIDTH="45" HEIGHT="23" ACODE="FND1_PRD2">'27년</TE>
<TE ALIGN="CENTER" VALIGN="MIDDLE" WIDTH="80" HEIGHT="23" ACODE="FND1_PRD3">'28년 이후</TE>
<TD ALIGN="CENTER" VALIGN="MIDDLE" WIDTH="104" HEIGHT="23" AUPDATECONT="N" ENG="Total">합계</TD>
</TR>

<TR ACOPY="Y" ADELETE="N" HEIGHT="30">
<TU ALIGN="CENTER" VALIGN="MIDDLE" WIDTH="69" HEIGHT="23" AUNIT="FND1_PPS" AUNITVALUE="1" ENG="Operating capital">운영자금</TU>
<TE ALIGN="CENTER" VALIGN="MIDDLE" WIDTH="209" HEIGHT="23" ACODE="FND1_DTL">인건비, 일반경비 등 운영자금</TE>
<TE ALIGN="RIGHT" VALIGN="MIDDLE" WIDTH="104" HEIGHT="23" ACODE="FND1_AMT1">6,000,095,000</TE>
<TE ALIGN="RIGHT" VALIGN="MIDDLE" WIDTH="45" HEIGHT="23" ACODE="FND1_AMT2">-</TE>
<TE ALIGN="RIGHT" VALIGN="MIDDLE" WIDTH="80" HEIGHT="23" ACODE="FND1_AMT3">-</TE>
<TE ALIGN="RIGHT" VALIGN="MIDDLE" WIDTH="104" HEIGHT="23" ACODE="FND1_AMTT">6,000,095,000</TE>
</TR>
</TBODY>
</TABLE>
</TABLE-GROUP>
<P>* 다음 문구를 참고하여 운영ㆍ기타자금의 세부내역을 구체적으로 기재한다.</P>
<P>   (작성예시) '□□□ 공정기술 개발을 위한 연구개발비(인건비, 재료비) 투자'</P>
</LIBRARY>

<P></P>

<TABLE-GROUP ACLASS="THD_ASN_LST" ADELETETABLE="N">

<TABLE ACLASS="NORMAL" AFIXTABLE="Y" WIDTH="600" BORDER="0">

<COLGROUP WIDTH="600">
<COL WIDTH="600"></COL>
</COLGROUP>

<TBODY>

<TR ACOPY="N" ADELETE="N" HEIGHT="30">
<TD WIDTH="591" HEIGHT="23" AUPDATECONT="N" ENG="【Selection process, Transaction Details, Allotment Details, etc. per Third-party Allotment Participant】">【제3자배정 대상자별 선정경위, 거래내역, 배정내역 등】</TD>
</TR>
</TBODY>
</TABLE>

<TABLE ACLASS="EXTRACTION" AFIXTABLE="N" WIDTH="636" BORDER="1">

<COLGROUP WIDTH="636">
<COL WIDTH="77"></COL>
<COL WIDTH="77"></COL>
<COL WIDTH="205"></COL>
<COL WIDTH="106"></COL>
<COL WIDTH="84"></COL>
<COL WIDTH="87"></COL>
</COLGROUP>

<THEAD>

<TR ACOPY="N" ADELETE="N" HEIGHT="99">
<TH VALIGN="MIDDLE" WIDTH="68" HEIGHT="92" ACOPYCOL="N" ADELETECOL="N" AMOVECOL="N" AUPDATECONT="N" ENG="Name of the third-party allotment participants">제3자배정 대상자</TH>
<TH VALIGN="MIDDLE" WIDTH="68" HEIGHT="92" ACOPYCOL="N" ADELETECOL="N" AMOVECOL="N" AUPDATECONT="N" ENG="Relationship to company or the largest shareholder">회사 또는최대주주와의 관계</TH>
<TH VALIGN="MIDDLE" WIDTH="196" HEIGHT="92" ACOPYCOL="N" ADELETECOL="N" AMOVECOL="N" AUPDATECONT="N" ENG="Circumstances of selection">선정경위</TH>
<TH VALIGN="MIDDLE" WIDTH="97" HEIGHT="92" ACOPYCOL="N" ADELETECOL="N" AMOVECOL="N" AUPDATECONT="N" ENG="Details of trading & planning within six months before and after decision on capital increase">증자결정 전후 6월이내 거래내역 및 계획</TH>
<TH VALIGN="MIDDLE" WIDTH="75" HEIGHT="92" ACOPYCOL="N" ADELETECOL="N" AMOVECOL="N" AUPDATECONT="N" ENG="Total number of shares to be allocated (shrs.)">배정주식수 (주)</TH>
<TH VALIGN="MIDDLE" WIDTH="78" HEIGHT="92" ACOPYCOL="N" ADELETECOL="N" AMOVECOL="N" AUPDATECONT="N" ENG="Note">비 고</TH>
</TR>
</THEAD>

<TBODY>

<TR ACOPY="Y" ADELETE="N" HEIGHT="145">
<TE WIDTH="68" HEIGHT="138" ACODE="PART" ALIGN="CENTER" VALIGN="MIDDLE">레이투자조합</TE>
<TE WIDTH="68" HEIGHT="138" ACODE="RLT" ALIGN="CENTER" VALIGN="MIDDLE">-</TE>
<TE WIDTH="196" HEIGHT="138" ACODE="SLT_JDG" ALIGN="CENTER" VALIGN="MIDDLE">회사 경영상 목적 달성 및 필요 자금의 신속한 조달을 위해 투자자의 의향 및 납입능력, 시기 등을 고려하여 이사회에서 선정함</TE>
<TE WIDTH="97" HEIGHT="138" ACODE="MNTH" ALIGN="CENTER" VALIGN="MIDDLE">해당사항 없음</TE>
<TE ALIGN="CENTER" WIDTH="75" HEIGHT="138" ACODE="ALL_CNT" VALIGN="MIDDLE">5,021,000</TE>
<TE WIDTH="78" HEIGHT="138" ACODE="ETC" ALIGN="CENTER" VALIGN="MIDDLE">1년간 보호예수</TE>
</TR>
</TBODY>
</TABLE>
</TABLE-GROUP>
<P></P>

<LIBRARY>
<TABLE ACLASS="NORMAL" AFIXTABLE="Y" WIDTH="600" BORDER="0">

<COLGROUP WIDTH="600">
<COL WIDTH="600"></COL>
</COLGROUP>

<TBODY>

<TR ACOPY="N" ADELETE="N" HEIGHT="30">
<TD WIDTH="591" HEIGHT="23" AUPDATECONT="N" ENG="【If a corporation or an organization is included among the third-party allotment participants】">【제3자배정 대상자 중 법인 또는 단체가 포함된 경우】</TD>
</TR>
</TBODY>
</TABLE>

<TABLE ACLASS="NORMAL" AFIXTABLE="Y" WIDTH="600" BORDER="0">

<COLGROUP WIDTH="600">
<COL WIDTH="300"></COL>
<COL WIDTH="300"></COL>
</COLGROUP>

<TBODY>

<TR ACOPY="N" ADELETE="N" HEIGHT="30">
<TD WIDTH="291" HEIGHT="23" AUPDATECONT="N" VALIGN="MIDDLE" ENG="(1) Basic information of the corporation or organization">(1) 법인 또는 단체의 기본정보</TD>
<TD WIDTH="291" HEIGHT="23" AUPDATECONT="N" VALIGN="MIDDLE" ALIGN="RIGHT"></TD>
</TR>
</TBODY>
</TABLE>

<TABLE-GROUP ACLASS="THD_ASN_BAS" ADELETETABLE="N">

<TABLE ACLASS="EXTRACTION" AFIXTABLE="N" WIDTH="598" BORDER="1">

<COLGROUP WIDTH="598">
<COL WIDTH="74"></COL>
<COL WIDTH="73"></COL>
<COL WIDTH="76"></COL>
<COL WIDTH="75"></COL>
<COL WIDTH="75"></COL>
<COL WIDTH="75"></COL>
<COL WIDTH="75"></COL>
<COL WIDTH="75"></COL>
</COLGROUP>

<THEAD>

<TR ACOPY="N" ADELETE="N" HEIGHT="53">
<TH VALIGN="MIDDLE" WIDTH="65" HEIGHT="76" ACOPYCOL="N" ADELETECOL="N" AMOVECOL="N" AUPDATECONT="N" ROWSPAN="2" ENG="Name">명 칭</TH>
<TH VALIGN="MIDDLE" WIDTH="64" HEIGHT="76" ACOPYCOL="N" ADELETECOL="N" AMOVECOL="N" AUPDATECONT="N" ROWSPAN="2" ENG="Number of investors (persons)">출자자수(명)</TH>
<TH VALIGN="MIDDLE" WIDTH="142" HEIGHT="46" ACOPYCOL="N" ADELETECOL="N" AMOVECOL="N" AUPDATECONT="N" COLSPAN="2" ENG="CEO (Representative member)">대표이사(대표조합원)</TH>
<TH VALIGN="MIDDLE" WIDTH="141" HEIGHT="46" ACOPYCOL="N" ADELETECOL="N" AMOVECOL="N" AUPDATECONT="N" COLSPAN="2" ENG="Executor (Executive member)">업무집행자(업무집행조합원)</TH>
<TH VALIGN="MIDDLE" WIDTH="141" HEIGHT="46" ACOPYCOL="N" ADELETECOL="N" AMOVECOL="N" AUPDATECONT="N" COLSPAN="2" ENG="Largest shareholder (Largest investor)">최대주주(최대출자자)</TH>
</TR>

<TR ACOPY="N" ADELETE="N" HEIGHT="30">
<TH VALIGN="MIDDLE" WIDTH="67" HEIGHT="23" ACOPYCOL="N" ADELETECOL="N" AMOVECOL="N" AUPDATECONT="N" ENG="Name">성명</TH>
<TH VALIGN="MIDDLE" WIDTH="66" HEIGHT="23" ACOPYCOL="N" ADELETECOL="N" AMOVECOL="N" AUPDATECONT="N" ENG="Ratio (%)">지분(%)</TH>
<TH VALIGN="MIDDLE" WIDTH="66" HEIGHT="23" ACOPYCOL="N" ADELETECOL="N" AMOVECOL="N" AUPDATECONT="N" ENG="Name">성명</TH>
<TH VALIGN="MIDDLE" WIDTH="66" HEIGHT="23" ACOPYCOL="N" ADELETECOL="N" AMOVECOL="N" AUPDATECONT="N" ENG="Ratio (%)">지분(%)</TH>
<TH VALIGN="MIDDLE" WIDTH="66" HEIGHT="23" ACOPYCOL="N" ADELETECOL="N" AMOVECOL="N" AUPDATECONT="N" ENG="Name">성명</TH>
<TH VALIGN="MIDDLE" WIDTH="66" HEIGHT="23" ACOPYCOL="N" ADELETECOL="N" AMOVECOL="N" AUPDATECONT="N" ENG="Ratio (%)">지분(%)</TH>
</TR>
</THEAD>

<TBODY>

<TR ACOPY="N" ADELETE="N" HEIGHT="30">
<TE WIDTH="65" HEIGHT="53" ACODE="BAS_NAME" VALIGN="MIDDLE" ALIGN="CENTER" ROWSPAN="2">레이투자조합</TE>
<TE WIDTH="64" HEIGHT="53" ACODE="BAS_CNT" VALIGN="MIDDLE" ALIGN="RIGHT" ROWSPAN="2">3</TE>
<TE WIDTH="67" HEIGHT="23" ACODE="BAS_NAM1" VALIGN="MIDDLE" ALIGN="CENTER">방원숙</TE>
<TE WIDTH="66" HEIGHT="23" ACODE="BAS_RAT1" VALIGN="MIDDLE" ALIGN="RIGHT">33.3</TE>
<TE WIDTH="66" HEIGHT="23" ACODE="BAS_NAM2" VALIGN="MIDDLE" ALIGN="CENTER">-</TE>
<TE WIDTH="66" HEIGHT="23" ACODE="BAS_RAT2" VALIGN="MIDDLE" ALIGN="RIGHT">-</TE>
<TE ALIGN="CENTER" WIDTH="66" HEIGHT="23" ACODE="BAS_NAM3" VALIGN="MIDDLE">방원숙</TE>
<TE WIDTH="66" HEIGHT="23" ACODE="BAS_RAT3" VALIGN="MIDDLE" ALIGN="RIGHT">33.3</TE>
</TR>

<TR ACOPY="Y" ADELETE="N" HEIGHT="30">
<TE WIDTH="67" HEIGHT="23" ACODE="BAS_NAM1" VALIGN="MIDDLE" ALIGN="CENTER">-</TE>
<TE WIDTH="66" HEIGHT="23" ACODE="BAS_RAT1" VALIGN="MIDDLE" ALIGN="RIGHT">-</TE>
<TE WIDTH="66" HEIGHT="23" ACODE="BAS_NAM2" VALIGN="MIDDLE" ALIGN="CENTER">-</TE>
<TE WIDTH="66" HEIGHT="23" ACODE="BAS_RAT2" VALIGN="MIDDLE" ALIGN="RIGHT">-</TE>
<TE ALIGN="CENTER" WIDTH="66" HEIGHT="23" ACODE="BAS_NAM3" VALIGN="MIDDLE">-</TE>
<TE WIDTH="66" HEIGHT="23" ACODE="BAS_RAT3" VALIGN="MIDDLE" ALIGN="RIGHT">-</TE>
</TR>
</TBODY>
</TABLE>
</TABLE-GROUP>

<P>* 해당법인은 신설법인으로 하기 최근 결산기 주요 재무사항이 없습니다.</P>

<TABLE ACLASS="NORMAL" AFIXTABLE="Y" WIDTH="600" BORDER="0">

<COLGROUP WIDTH="600">
<COL WIDTH="459"></COL>
<COL WIDTH="141"></COL>
</COLGROUP>

<TBODY>

<TR ACOPY="N" ADELETE="N" HEIGHT="30">
<TD WIDTH="450" HEIGHT="23" AUPDATECONT="N" VALIGN="MIDDLE" ENG="(2) Major financial details of the corporation or organization for the latest fiscal year">(2) 법인 또는 단체의 최근 결산기 주요 재무사항</TD>
<TD WIDTH="132" HEIGHT="23" AUPDATECONT="N" VALIGN="MIDDLE" ALIGN="RIGHT" ENG="(Unit: KRW million)">(단위 : 백만원)</TD>
</TR>
</TBODY>
</TABLE>

<TABLE-GROUP ACLASS="THD_ASN_FIN" ADELETETABLE="N">

<TABLE ACLASS="EXTRACTION" AFIXTABLE="N" WIDTH="598" BORDER="1">

<COLGROUP WIDTH="598">
<COL WIDTH="150"></COL>
<COL WIDTH="150"></COL>
<COL WIDTH="149"></COL>
<COL WIDTH="149"></COL>
</COLGROUP>

<TBODY>

<TR ACOPY="N" ADELETE="N" HEIGHT="30">
<TD ALIGN="CENTER" VALIGN="MIDDLE" WIDTH="141" HEIGHT="23" AUPDATECONT="N" ENG="Fiscal year">회계연도</TD>
<TE ALIGN="CENTER" VALIGN="MIDDLE" WIDTH="141" HEIGHT="23" ACODE="FIN_YER">-</TE>
<TD ALIGN="CENTER" VALIGN="MIDDLE" WIDTH="140" HEIGHT="23" AUPDATECONT="N" ENG="Period">결산기</TD>
<TE ALIGN="CENTER" VALIGN="MIDDLE" WIDTH="140" HEIGHT="23" ACODE="FIN_CLO">-</TE>
</TR>

<TR ACOPY="N" ADELETE="N" HEIGHT="30">
<TD ALIGN="CENTER" VALIGN="MIDDLE" WIDTH="141" HEIGHT="23" AUPDATECONT="N" ENG="Total assets">자산총계</TD>
<TE ALIGN="CENTER" VALIGN="MIDDLE" WIDTH="141" HEIGHT="23" ACODE="FIN_AST">-</TE>
<TD ALIGN="CENTER" VALIGN="MIDDLE" WIDTH="140" HEIGHT="23" AUPDATECONT="N" ENG="Sales">매출액</TD>
<TE ALIGN="CENTER" VALIGN="MIDDLE" WIDTH="140" HEIGHT="23" ACODE="FIN_SAL">-</TE>
</TR>

<TR ACOPY="N" ADELETE="N" HEIGHT="30">
<TD ALIGN="CENTER" VALIGN="MIDDLE" WIDTH="141" HEIGHT="23" AUPDATECONT="N" ENG="Total liabilities">부채총계</TD>
<TE ALIGN="CENTER" VALIGN="MIDDLE" WIDTH="141" HEIGHT="23" ACODE="FIN_DEB">-</TE>
<TD ALIGN="CENTER" VALIGN="MIDDLE" WIDTH="140" HEIGHT="23" AUPDATECONT="N" ENG="Profit (loss)">당기순손익</TD>
<TE ALIGN="CENTER" VALIGN="MIDDLE" WIDTH="140" HEIGHT="23" ACODE="FIN_PRF">-</TE>
</TR>

<TR ACOPY="N" ADELETE="N" HEIGHT="30">
<TD ALIGN="CENTER" VALIGN="MIDDLE" WIDTH="141" HEIGHT="23" AUPDATECONT="N" ENG="Total equity">자본총계</TD>
<TE ALIGN="CENTER" VALIGN="MIDDLE" WIDTH="141" HEIGHT="23" ACODE="FIN_CAP">-</TE>
<TD ALIGN="CENTER" VALIGN="MIDDLE" WIDTH="140" HEIGHT="23" AUPDATECONT="N" ENG="External auditor">외부감사인</TD>
<TE ALIGN="CENTER" VALIGN="MIDDLE" WIDTH="140" HEIGHT="23" ACODE="FIN_AUD">-</TE>
</TR>

<TR ACOPY="N" ADELETE="N" HEIGHT="30">
<TD ALIGN="CENTER" VALIGN="MIDDLE" WIDTH="141" HEIGHT="23" AUPDATECONT="N" ENG="Issued capital">자본금</TD>
<TE ALIGN="CENTER" VALIGN="MIDDLE" WIDTH="141" HEIGHT="23" ACODE="FIN_CAS">-</TE>
<TD ALIGN="CENTER" VALIGN="MIDDLE" WIDTH="140" HEIGHT="23" AUPDATECONT="N" ENG="Audit opinion">감사의견</TD>
<TE ALIGN="CENTER" VALIGN="MIDDLE" WIDTH="140" HEIGHT="23" ACODE="FIN_OPN">-</TE>
</TR>
</TBODY>
</TABLE>
</TABLE-GROUP>

<LIBRARY>
<TABLE-GROUP ACLASS="MTH_BCK" ADELETETABLE="N">

<TABLE ACLASS="EXTRACTION" AFIXTABLE="Y" WIDTH="598" BORDER="1">

<COLGROUP WIDTH="598">
<COL WIDTH="93"></COL>
<COL WIDTH="207"></COL>
<COL WIDTH="80"></COL>
<COL WIDTH="218"></COL>
</COLGROUP>

<TBODY>

<TR ACOPY="N" ADELETE="N" HEIGHT="30">
<TD ALIGN="CENTER" VALIGN="MIDDLE" WIDTH="84" HEIGHT="23" AUPDATECONT="N" ENG="Method of Fundraising">조달방법</TD>
<TE ALIGN="CENTER" VALIGN="MIDDLE" WIDTH="198" HEIGHT="23" ACODE="FUDR_MTH">조합원의 출자</TE>
<TD ALIGN="CENTER" VALIGN="MIDDLE" WIDTH="71" HEIGHT="23" AUPDATECONT="N" ENG="Background of Fundraising">조성경위</TD>
<TE ALIGN="CENTER" VALIGN="MIDDLE" WIDTH="209" HEIGHT="23" ACODE="FUDR_BCK">타법인 지분투자</TE>
</TR>
</TBODY>
</TABLE>
</TABLE-GROUP>
</LIBRARY>

<P></P>

</LIBRARY></LIBRARY><P></P>

<P></P>
</SECTION-1>
</BODY>
</DOCUMENT>