<?xml version="1.0" encoding="utf-8"?>


<DOCUMENT xmlns:xsi="http://www.w3.org/2001/XMLSchema-instance" xsi:noNamespaceSchemaLocation="dart4.xsd">

<DOCUMENT-NAME ACODE="80701">계열금융회사를거래상대방으로한단기금융상품거래의분기별공시</DOCUMENT-NAME>
<FORMULA-VERSION ADATE="20240129">6.0</FORMULA-VERSION>
<COMPANY-NAME AREGCIK="00104768">가온전선(주)</COMPANY-NAME>


<BODY ATOCID="1">

<SECTION-1 ACLASS="MANDATORY" APARTSOURCE="SOURCE">
<TITLE ATOC="Y" AASSOCNOTE="D-0-1-0-0" ENG="Quarterly Disclosure of Short-term Financial Instrument Transactions with Affiliated Financial Company as Trading Partner" ATOCID="1">계열금융회사를 거래상대방으로 한 단기금융상품 거래의 분기별 공시</TITLE>
<P></P>
<P></P>

<TABLE ACLASS="NORMAL" WIDTH="896" BORDER="1">

<COLGROUP WIDTH="896">
<COL WIDTH="89"></COL>
<COL WIDTH="129"></COL>
<COL WIDTH="108"></COL>
<COL WIDTH="128"></COL>
<COL WIDTH="111"></COL>
<COL WIDTH="95"></COL>
<COL WIDTH="75"></COL>
<COL WIDTH="161"></COL>
</COLGROUP>

<TBODY>

<TR ACOPY="Y" ADELETE="Y" HEIGHT="30">
<TD ALIGN="CENTER" VALIGN="MIDDLE" WIDTH="80" HEIGHT="23">기업집단명</TD>
<TD VALIGN="MIDDLE" WIDTH="120" HEIGHT="23" ALIGN="CENTER">엘에스</TD>
<TD ALIGN="CENTER" VALIGN="MIDDLE" WIDTH="99" HEIGHT="23">회사명</TD>
<TD VALIGN="MIDDLE" WIDTH="119" HEIGHT="23" ALIGN="CENTER">가온전선(주)</TD>
<TD ALIGN="CENTER" VALIGN="MIDDLE" WIDTH="102" HEIGHT="23">공시일자</TD>
<TD VALIGN="MIDDLE" WIDTH="86" HEIGHT="23">2026.01.05</TD>
<TD ALIGN="CENTER" VALIGN="MIDDLE" WIDTH="66" HEIGHT="23">관련법규</TD>
<TD ALIGN="CENTER" VALIGN="MIDDLE" WIDTH="152" HEIGHT="23">공정거래법 제26조</TD>
</TR>
</TBODY>
</TABLE>
<P></P>

<TABLE ACLASS="NORMAL" AFIXTABLE="N" WIDTH="895" BORDER="0">

<COLGROUP WIDTH="895">
<COL WIDTH="448"></COL>
<COL WIDTH="447"></COL>
</COLGROUP>

<TBODY>

<TR ACOPY="Y" ADELETE="Y" HEIGHT="30">
<TD WIDTH="439" HEIGHT="23"></TD>
<TD ALIGN="RIGHT" WIDTH="438" HEIGHT="23">(단위 : 억 원, %)</TD>
</TR>
</TBODY>
</TABLE>

<TABLE ACLASS="NORMAL" AFIXTABLE="N" WIDTH="894" BORDER="1">

<COLGROUP WIDTH="894">
<COL WIDTH="162"></COL>
<COL WIDTH="121"></COL>
<COL WIDTH="115"></COL>
<COL WIDTH="143"></COL>
<COL WIDTH="114"></COL>
<COL WIDTH="97"></COL>
<COL WIDTH="142"></COL>
</COLGROUP>

<THEAD>

<TR ACOPY="Y" ADELETE="Y" HEIGHT="30">
<TH ROWSPAN="2" VALIGN="MIDDLE" WIDTH="153" ACOPYCOL="Y" ADELETECOL="Y" AMOVECOL="N" HEIGHT="53">거래상대방</TH>
<TH ROWSPAN="2" VALIGN="MIDDLE" WIDTH="112" ACOPYCOL="Y" ADELETECOL="Y" AMOVECOL="N" HEIGHT="53">거래일자</TH>
<TH ROWSPAN="2" VALIGN="MIDDLE" WIDTH="106" ACOPYCOL="Y" ADELETECOL="Y" AMOVECOL="N" HEIGHT="53">거래대상</TH>
<TH ROWSPAN="2" VALIGN="MIDDLE" WIDTH="134" ACOPYCOL="Y" ADELETECOL="Y" AMOVECOL="N" HEIGHT="53">거래금액</TH>
<TH COLSPAN="2" VALIGN="MIDDLE" WIDTH="202" ACOPYCOL="Y" ADELETECOL="Y" AMOVECOL="N" HEIGHT="23">거래조건</TH>
<TH ROWSPAN="2" VALIGN="MIDDLE" WIDTH="133" ACOPYCOL="Y" ADELETECOL="Y" AMOVECOL="N" HEIGHT="53">거래목적</TH>
</TR>

<TR ACOPY="Y" ADELETE="Y" HEIGHT="30">
<TH VALIGN="MIDDLE" ACOPYCOL="Y" ADELETECOL="Y" AMOVECOL="N" WIDTH="105" HEIGHT="23">단가/이자율</TH>
<TH VALIGN="MIDDLE" ACOPYCOL="Y" ADELETECOL="Y" AMOVECOL="N" WIDTH="88" HEIGHT="23">기타</TH>
</TR>
</THEAD>

<TBODY>

<TR ACOPY="Y" ADELETE="Y" HEIGHT="30">
<TD ROWSPAN="4" ALIGN="CENTER" VALIGN="MIDDLE" WIDTH="153" HEIGHT="113">LS증권(주)</TD>
<TD VALIGN="MIDDLE" WIDTH="112" HEIGHT="23" ALIGN="CENTER">2025-10-14</TD>
<TD VALIGN="MIDDLE" WIDTH="106" HEIGHT="23" ALIGN="CENTER">MMF</TD>
<TD VALIGN="MIDDLE" WIDTH="134" HEIGHT="23" ALIGN="RIGHT">100 </TD>
<TD VALIGN="MIDDLE" WIDTH="105" HEIGHT="23" ALIGN="CENTER">시장실세금리</TD>
<TD VALIGN="MIDDLE" WIDTH="88" HEIGHT="23" ALIGN="CENTER">-</TD>
<TD VALIGN="MIDDLE" WIDTH="133" HEIGHT="23" ALIGN="CENTER">자금 운용</TD>
</TR>

<TR ACOPY="Y" ADELETE="Y" HEIGHT="30">
<TD VALIGN="MIDDLE" WIDTH="112" HEIGHT="23" ALIGN="CENTER">2025-11-04</TD>
<TD VALIGN="MIDDLE" WIDTH="106" HEIGHT="23" ALIGN="CENTER">MMF</TD>
<TD VALIGN="MIDDLE" WIDTH="134" HEIGHT="23" ALIGN="RIGHT">300 </TD>
<TD VALIGN="MIDDLE" WIDTH="105" HEIGHT="23" ALIGN="CENTER">시장실세금리</TD>
<TD VALIGN="MIDDLE" WIDTH="88" HEIGHT="23" ALIGN="CENTER">-</TD>
<TD VALIGN="MIDDLE" WIDTH="133" HEIGHT="23" ALIGN="CENTER">자금 운용</TD>
</TR>

<TR ACOPY="Y" ADELETE="Y" HEIGHT="30">
<TD VALIGN="MIDDLE" WIDTH="112" HEIGHT="23" ALIGN="CENTER">2025-12-02</TD>
<TD VALIGN="MIDDLE" WIDTH="106" HEIGHT="23" ALIGN="CENTER">MMF</TD>
<TD VALIGN="MIDDLE" WIDTH="134" HEIGHT="23" ALIGN="RIGHT">100 </TD>
<TD VALIGN="MIDDLE" WIDTH="105" HEIGHT="23" ALIGN="CENTER">시장실세금리</TD>
<TD VALIGN="MIDDLE" WIDTH="88" HEIGHT="23" ALIGN="CENTER">-</TD>
<TD VALIGN="MIDDLE" WIDTH="133" HEIGHT="23" ALIGN="CENTER">자금 운용</TD>
</TR>

<TR ACOPY="Y" ADELETE="Y" HEIGHT="30">
<TD COLSPAN="2" ALIGN="CENTER" VALIGN="MIDDLE" WIDTH="227" HEIGHT="23">소   계</TD>
<TD VALIGN="MIDDLE" WIDTH="134" HEIGHT="23" ALIGN="RIGHT">500 </TD>
<TD VALIGN="MIDDLE" WIDTH="105" HEIGHT="23" ALIGN="CENTER">-</TD>
<TD VALIGN="MIDDLE" WIDTH="88" HEIGHT="23" ALIGN="CENTER">-</TD>
<TD VALIGN="MIDDLE" WIDTH="133" HEIGHT="23" ALIGN="CENTER">-</TD>
</TR>

<TR ACOPY="Y" ADELETE="Y" HEIGHT="30">
<TD COLSPAN="3" ALIGN="CENTER" VALIGN="MIDDLE" WIDTH="389" HEIGHT="23">합      계</TD>
<TD VALIGN="MIDDLE" WIDTH="134" HEIGHT="23" ALIGN="RIGHT">500 </TD>
<TD VALIGN="MIDDLE" WIDTH="105" HEIGHT="23" ALIGN="CENTER">-</TD>
<TD VALIGN="MIDDLE" WIDTH="88" HEIGHT="23" ALIGN="CENTER">-</TD>
<TD VALIGN="MIDDLE" WIDTH="133" HEIGHT="23" ALIGN="CENTER">-</TD>
</TR>

<TR ACOPY="Y" ADELETE="Y" HEIGHT="53">
<TD COLSPAN="3" ALIGN="CENTER" VALIGN="MIDDLE" WIDTH="389" HEIGHT="46">※ 관련공시일</TD>

<TD VALIGN="MIDDLE" COLSPAN="4" WIDTH="487" HEIGHT="46">
<A REFNO="20250808000240" REFTYPE="REFNO">2025.08.08 약관에 의한 금융거래시 계열금융회사의 거래상대방의 공시</A>
<SPAN USERMARK="0X242424"></SPAN>
</TD>
</TR>
</TBODY>
</TABLE>
<P></P>
</SECTION-1>
</BODY>
</DOCUMENT>