<html>
 <head> 
  <meta content="gdi" http-equiv="X-UA-TextLayoutMetrics"> 
  <meta content="text/html; charset=euc-kr" http-equiv="Content-Type"> 
  <STYLE>
.xforms * { font-family: 돋움체;}
.xforms_title * { font-size: 13pt; padding : 0 0 10 0;}

.xforms table {
    font-size: 10px;
    padding:0px;
    border-collapse:collapse;
    color: #3D3D3D;
}
.xforms td {
    padding-left:0px;
    padding-top:0px;
    border-collapse:collapse;
    line-height:22px;
    color: #3D3D3D;
    /*text-align:right;*/
    vertical-align:middle;
    border: 1px solid #7f7f7f;
}

.xforms span {
    /*display: inline-block;*/
    padding-left:3px;
    padding-right: 1px;
    line-height:22px;
    padding-top:0px;
    padding-bottom:0px;
    text-align:left;
    vertical-align:middle;
    border: 0px solid #DBDBDB;
}

.xforms.img{
    border : 0px;
}

.xforms a:link {

    color: #194866;
    text-decoration: none;
}
.xforms a:active {

    color: #194866;
    text-decoration: none;
}
.xforms a:visited {
    color: #194866;
    text-decoration: none;
}

.xforms A:hover {
    color:008BE3;
    text-decoration: none;
}

.xforms_input{
    border: 0px solid #DBDBDB;
    padding-left:3px;
    padding-right: 1px;
    height:22px;
    padding-top:0px;
    padding-bottom:0px;
    text-align:left;
}
</STYLE> 
  <title>루트락/전환가액의 조정/(2026.01.05)전환가액의 조정(제3회차)</title> 
 </head> 
 <body> 
  <div class="xforms"> 
   <div> 
    <span class="noprint" style="display:none;width:600px;font-size:10pt;"> </span> 
    <div class="xforms_title"> 
     <div> 
      <span style="width:588px;font-weight:bold;text-align:center;">전환가액의 조정</span> 
     </div> 
    </div> 
    <table border="1" bordercolordark="white" bordercolorlight="#666666" cellpadding="1" cellspacing="0" id="XFormD25_Form0_RepeatTable1" style="margin:0px 0px 20px 0px;width:599px;font-size:10pt;border:1px solid #7f7f7f;"> 
     <tbody> 
      <tr> 
       <td colspan="2" rowspan="2" width="167"> <span style="width:167px;font-size:10pt;">1. 조정에 관한 사항</span> </td> 
       <td width="41"> <span style="width:41px;font-size:10pt;text-align:center;">회차</span> </td> 
       <td width="79"> <span style="width:79px;font-size:10pt;text-align:center;">상장여부</span> </td> 
       <td width="142"> <span style="width:142px;font-size:10pt;text-align:center;">조정전 전환가액(원)</span> </td> 
       <td colspan="2" width="170"> <span style="width:170px;font-size:10pt;text-align:center;">조정후 전환가액(원)</span> </td> 
      </tr> 
      <tr> 
       <td width="41"> <span class="xforms_input" style="width:41px;font-size:10pt;text-align:right;">3</span> </td> 
       <td width="79"> <span class="xforms_input" style="width:79px;font-size:10pt;text-align:center;">비상장</span> </td> 
       <td width="142"> <span class="xforms_input" style="width:142px;font-size:10pt;text-align:right;">1,026</span> </td> 
       <td colspan="2" width="170"> <span class="xforms_input" style="width:170px;font-size:10pt;text-align:right;">1,101</span> </td> 
      </tr> 
      <tr> 
       <td colspan="2" rowspan="2" width="167"> <span style="width:167px;font-size:10pt;">2. 전환가능주식수 변동</span> </td> 
       <td width="41"> <span style="width:41px;font-size:10pt;text-align:center;">회차</span> </td> 
       <td colspan="2" width="221"> <span style="width:221px;font-size:10pt;text-align:center;">미전환사채의 권면(전자등록)총액 (통화단위)</span> </td> 
       <td width="84"> <span style="width:84px;font-size:10pt;text-align:center;">조정전 전환가능 주식수 (주)</span> </td> 
       <td width="86"> <span style="width:86px;font-size:10pt;text-align:center;">조정후 전환가능 주식수 (주)</span> </td> 
      </tr> 
      <tr> 
       <td width="41"> <span class="xforms_input" style="width:41px;font-size:10pt;text-align:right;">3</span> </td> 
       <td width="79"> <span class="xforms_input" style="width:79px;font-size:10pt;text-align:right;">5,170,000,000</span> </td> 
       <td width="142"> <span class="xforms_input" style="width:142px;font-size:10pt;">KRW : South-Korean Won</span> </td> 
       <td width="84"> <span class="xforms_input" style="width:84px;font-size:10pt;text-align:right;">5,038,986</span> </td> 
       <td width="86"> <span class="xforms_input" style="width:86px;font-size:10pt;text-align:right;">4,695,731</span> </td> 
      </tr> 
      <tr> 
       <td colspan="2" width="167"> <span style="width:167px;font-size:10pt;">3. 조정사유</span> </td> 
       <td colspan="5" width="432"> <span class="xforms_input" style="width:432px;font-size:10pt;">시가변동(상승)에 따른 전환가액의 조정</span> </td> 
      </tr> 
      <tr> 
       <td colspan="2" width="167"> <span style="width:167px;font-size:10pt;">4. 조정근거 및 방법</span> </td> 
       <td colspan="5" width="432"> <span class="xforms_input" style="width:432px;font-size:10pt;">1) 조정근거 <br xmlns:java="http://xml.apache.org/xalan/java">본 사채 발행 후 매3개월이 되는 날마다 전환가액 조정일로 하고, 각 전환가액 조정일 전일을 기산일로 하여 기산일로부터 소급한 1개월 가중산술평균주가, 1주일 가중산술평균주가, 최근일 가중산술평균주가를 산술평균한 가액과 최근일 가중산술평균주가 중 높은 가액이 본건 전환사채의 전환가액보다 낮은 경우에는 그 가액을 새로운 전환가액으로 조정한다. 단, 새로운 전환가액은 발행 당시 전환가액(조정일 전에 신주의 할인발행 등의 사유로 전환가액을 이미 조정한 경우에는 이를 감안하여 산정한 가격)의 70% 이상이어야 된다. <br xmlns:java="http://xml.apache.org/xalan/java"> <br xmlns:java="http://xml.apache.org/xalan/java"> <br xmlns:java="http://xml.apache.org/xalan/java">2)조정방법 <br xmlns:java="http://xml.apache.org/xalan/java">①1개월 가중산술평균주가      : 1,048.61원 <br xmlns:java="http://xml.apache.org/xalan/java">②1주일 가중산술평균주가      :   965.49원 <br xmlns:java="http://xml.apache.org/xalan/java">③최근일 가중산술평균주가     : 1,100.49원 <br xmlns:java="http://xml.apache.org/xalan/java">④산술평균가액[(①+②+③)/3]  : 1,038.20원 <br xmlns:java="http://xml.apache.org/xalan/java">⑤기준주가(Max ③,④)         : 1,100.49원 <br xmlns:java="http://xml.apache.org/xalan/java">⑥직전 전환가액               : 1,026원 <br xmlns:java="http://xml.apache.org/xalan/java">⑦전환가액 조정한도(70%)      : 876원 <br xmlns:java="http://xml.apache.org/xalan/java">⑧조정후 전환가액             : 1,101원(원단위 미만 절상)</span> </td> 
      </tr> 
      <tr> 
       <td colspan="2" width="167"> <span style="width:167px;font-size:10pt;">5. 조정가액 적용일</span> </td> 
       <td colspan="5" width="432"> <span class="xforms_input" style="width:432px;font-size:10pt;">2025-12-20</span> </td> 
      </tr> 
      <tr> 
       <td colspan="2" width="167"> <span style="width:167px;font-size:10pt;">6. 이사회결의일(결정일)</span> </td> 
       <td colspan="5" width="432"> <span class="xforms_input" style="width:432px;font-size:10pt;">-</span> </td> 
      </tr> 
      <tr> 
       <td rowspan="2" width="101"> <span style="width:101px;font-size:10pt;">- 사외이사 참석여부</span> </td> 
       <td width="66"> <span style="width:66px;font-size:10pt;">참석(명)</span> </td> 
       <td colspan="5" width="432"> <span class="xforms_input" style="width:432px;font-size:10pt;text-align:right;">-</span> </td> 
      </tr> 
      <tr> 
       <td width="66"> <span style="width:66px;font-size:10pt;">불참(명)</span> </td> 
       <td colspan="5" width="432"> <span class="xforms_input" style="width:432px;font-size:10pt;text-align:right;">-</span> </td> 
      </tr> 
      <tr> 
       <td colspan="2" width="167"> <span style="width:167px;font-size:10pt;">- 감사(사외이사가 아닌 감사위원) 참석여부</span> </td> 
       <td colspan="5" width="432"> <span class="xforms_input" style="width:432px;font-size:10pt;">-</span> </td> 
      </tr> 
      <tr> 
       <td colspan="2" rowspan="2" width="167"> <span style="width:167px;font-size:10pt;">7. 기타 투자판단과 관련한 중요사항</span> </td> 
       <td colspan="5" width="432"> <span class="xforms_input" style="width:432px;font-size:10pt;">상기 사항은 시가변동에 의한 전환가액 조정으로 별도의 이사회를 개최하지 않습니다.</span> </td> 
      </tr> 
      <tr> 
       <td colspan="2" width="120"> <span style="width:120px;font-size:10pt;">※ 관련공시</span> </td> 
       <td colspan="3" width="312"> <span class="xforms_input" style="width:312px;font-size:10pt;">2024-06-20 증권발행결과(자율공시) (제3회차 CB) <br xmlns:java="http://xml.apache.org/xalan/java">2024-06-17 전환사채권발행결정(3회차) <br xmlns:java="http://xml.apache.org/xalan/java">2024-12-24 전환가액의 조정(3회차) <br xmlns:java="http://xml.apache.org/xalan/java">2025-04-23 전환가액의 조정(3회차) <br xmlns:java="http://xml.apache.org/xalan/java">2025-06-20 전환가액의 조정(3회차) <br xmlns:java="http://xml.apache.org/xalan/java">2025-11-25 전환가액의 조정(3회차)</span> </td> 
      </tr> 
     </tbody> 
    </table> 
   </div> 
  </div>  
 </body>
</html>