<?xml version="1.0" encoding="utf-8"?>


<DOCUMENT xmlns:xsi="http://www.w3.org/2001/XMLSchema-instance" xsi:noNamespaceSchemaLocation="dart4.xsd">

<DOCUMENT-NAME ACODE="12000">합병등종료보고서</DOCUMENT-NAME>
<FORMULA-VERSION SUBVER="1" ADATE="20090204">6.0</FORMULA-VERSION>
<COMPANY-NAME AREGCIK="00362122">(주)나래나노텍</COMPANY-NAME>


<BODY ATOCID="8">

<COVER>
<COVER-TITLE ATOC="Y" AASSOCNOTE="COVER" ENG="Merger Completion Report etc." ATOCID="1">합병등 종료보고서</COVER-TITLE>

<TABLE-GROUP ACLASS="_RPT_RSN_" ADELETETABLE="N">

<TABLE ACLASS="EXTRACTION" AFIXTABLE="N" WIDTH="600" BORDER="0">

<COLGROUP WIDTH="600">
<COL WIDTH="161"></COL>
<COL WIDTH="439"></COL>
</COLGROUP>

<TBODY>

<TR ACOPY="N" ADELETE="N" HEIGHT="30">
<TU COLSPAN="2" ALIGN="CENTER" VALIGN="MIDDLE" WIDTH="591" AUNIT="RPT_RSN_TP" AUNITVALUE="A" HEIGHT="23" ENG="(Asset Transfer/acquisition)">(자 산 양 수 도)</TU>
</TR>

<TR ACOPY="Y" ADELETE="Y" HEIGHT="76">
<TD CLASS="NORMAL" COLSPAN="2" WIDTH="591" HEIGHT="69"></TD>
</TR>

<TR ACOPY="Y" ADELETE="Y" HEIGHT="30">
<TD CLASS="NORMAL" VALIGN="MIDDLE" WIDTH="152" HEIGHT="23">금융감독원장 귀하</TD>
<TD CLASS="NORMAL" ALIGN="RIGHT" VALIGN="MIDDLE" WIDTH="430" HEIGHT="23">2026년     01월    06일</TD>
</TR>

<TR ACOPY="Y" ADELETE="Y" HEIGHT="53">
<TD CLASS="NORMAL" VALIGN="MIDDLE" WIDTH="152" HEIGHT="46"></TD>
<TD CLASS="NORMAL" VALIGN="MIDDLE" WIDTH="430" HEIGHT="46"></TD>
</TR>

<TR ACOPY="Y" ADELETE="Y" HEIGHT="53">
<TD CLASS="NORMAL" VALIGN="MIDDLE" WIDTH="152" HEIGHT="46">회       사       명 :</TD>

<TD CLASS="NORMAL" VALIGN="MIDDLE" WIDTH="430" HEIGHT="46">
<SPAN>주식회사 나래나노텍</SPAN>
</TD>
</TR>

<TR ACOPY="Y" ADELETE="Y" HEIGHT="53">
<TD CLASS="NORMAL" VALIGN="MIDDLE" WIDTH="152" HEIGHT="46">대   표     이   사 :</TD>

<TD CLASS="NORMAL" VALIGN="MIDDLE" WIDTH="430" HEIGHT="46">
<SPAN>김 민 호, 김 추 호</SPAN>
</TD>
</TR>

<TR ACOPY="Y" ADELETE="Y" HEIGHT="30">
<TD CLASS="NORMAL" VALIGN="MIDDLE" WIDTH="152" HEIGHT="23">본  점  소  재  지 :</TD>

<TD CLASS="NORMAL" VALIGN="MIDDLE" WIDTH="430" HEIGHT="23">
<SPAN>경기도 용인시 처인구 이동읍 백옥대로 250</SPAN>
</TD>
</TR>

<TR ACOPY="Y" ADELETE="Y" HEIGHT="30">
<TD CLASS="NORMAL" VALIGN="MIDDLE" WIDTH="152" HEIGHT="23"></TD>

<TD CLASS="NORMAL" VALIGN="MIDDLE" WIDTH="430" HEIGHT="23">(전  화) 
<SPAN>031-337-2600</SPAN>
</TD>
</TR>

<TR ACOPY="Y" ADELETE="Y" HEIGHT="30">
<TD CLASS="NORMAL" VALIGN="MIDDLE" WIDTH="152" HEIGHT="23"></TD>

<TD CLASS="NORMAL" VALIGN="MIDDLE" WIDTH="430" HEIGHT="23">(홈페이지) 
<SPAN> http://www.naraenano.co.kr</SPAN>
</TD>
</TR>

<TR ACOPY="Y" ADELETE="Y" HEIGHT="30">
<TD CLASS="NORMAL" VALIGN="MIDDLE" WIDTH="152" HEIGHT="23"></TD>
<TD CLASS="NORMAL" VALIGN="MIDDLE" WIDTH="430" HEIGHT="23"></TD>
</TR>

<TR ACOPY="Y" ADELETE="Y" HEIGHT="30">
<TD CLASS="NORMAL" VALIGN="MIDDLE" WIDTH="152" HEIGHT="23">작  성  책  임  자 :</TD>

<TD CLASS="NORMAL" VALIGN="MIDDLE" WIDTH="430" HEIGHT="23">(직  책) 
<SPAN>관리본부장</SPAN>                 (성  명) 
<SPAN>이상록</SPAN>
</TD>
</TR>

<TR ACOPY="Y" ADELETE="Y" HEIGHT="30">
<TD CLASS="NORMAL" VALIGN="MIDDLE" WIDTH="152" HEIGHT="23"></TD>

<TD CLASS="NORMAL" VALIGN="MIDDLE" WIDTH="430" HEIGHT="23">(전  화) 
<SPAN>031-337-2600</SPAN>
</TD>
</TR>

<TR ACOPY="Y" ADELETE="Y" HEIGHT="53">
<TD CLASS="NORMAL" VALIGN="MIDDLE" WIDTH="152" HEIGHT="46"></TD>
<TD CLASS="NORMAL" VALIGN="MIDDLE" WIDTH="430" HEIGHT="46"></TD>
</TR>
</TBODY>
</TABLE>
</TABLE-GROUP>
<PGBRK></PGBRK>
</COVER>

<SECTION-1 ACLASS="MANDATORY" APARTSOURCE="SOURCE">

<SECTION-2 ACLASS="MANDATORY">
<TITLE ATOC="Y" AASSOCNOTE="D-0-0-1-0" ENG="Ⅰ. Schedule" ATOCID="2">Ⅰ. 일정</TITLE>

<P>
<SPAN>본 보고서는 2025년 12월 26일 자 주요사항보고서(유형자산양도결정)에 관한 종료 보고서입니다. 보고일 현재 당사와 양수인간에 소유권등기 이전이 완료됨에 따라 사실상 본 거래가 종료되었음을 보고합니다. </SPAN>
<SPAN USERMARK="B">1. 거래의 개요</SPAN>
<SPAN></SPAN>
</P>

<TABLE WIDTH="611" ACLASS="NORMAL" AFIXTABLE="N" BORDER="1">

<COLGROUP WIDTH="611">
<COL WIDTH="144"></COL>
<COL WIDTH="467"></COL>
</COLGROUP>

<THEAD>

<TR ACOPY="Y" ADELETE="Y" HEIGHT="30">
<TH WIDTH="135" ACOPYCOL="Y" ADELETECOL="Y" AMOVECOL="N" HEIGHT="23">구  분</TH>
<TH WIDTH="458" ACOPYCOL="Y" ADELETECOL="Y" AMOVECOL="N" HEIGHT="23">내용</TH>
</TR>
</THEAD>

<TBODY>

<TR ACOPY="Y" ADELETE="Y" HEIGHT="30">
<TD ALIGN="CENTER" VALIGN="MIDDLE" WIDTH="135" HEIGHT="23">자산구분</TD>
<TD ALIGN="CENTER" VALIGN="MIDDLE" WIDTH="458" HEIGHT="23">토지</TD>
</TR>

<TR ACOPY="Y" ADELETE="Y" HEIGHT="53">
<TD ALIGN="CENTER" VALIGN="MIDDLE" WIDTH="135" HEIGHT="46">양도대상</TD>

<TD ALIGN="CENTER" VALIGN="MIDDLE" WIDTH="458" HEIGHT="46">
<SPAN>경기도 용인시 처인구 이동읍 시미리 188 외 10개필지 (토지면적 :  49,813㎡) </SPAN>
</TD>
</TR>

<TR ACOPY="Y" ADELETE="Y" HEIGHT="30">
<TD ALIGN="CENTER" VALIGN="MIDDLE" WIDTH="135" HEIGHT="23">양도인</TD>

<TD ALIGN="CENTER" VALIGN="MIDDLE" WIDTH="458" HEIGHT="23">
<SPAN>주식회사 나래나노텍</SPAN>
</TD>
</TR>

<TR ACOPY="Y" ADELETE="Y" HEIGHT="30">
<TD ALIGN="CENTER" VALIGN="MIDDLE" WIDTH="135" HEIGHT="23">양수인</TD>

<TD ALIGN="CENTER" VALIGN="MIDDLE" WIDTH="458" HEIGHT="23">
<SPAN>한국토지주택공사</SPAN>
</TD>
</TR>

<TR ACOPY="Y" ADELETE="Y" HEIGHT="30">
<TD ALIGN="CENTER" VALIGN="MIDDLE" WIDTH="135" HEIGHT="23">양도금액</TD>

<TD ALIGN="CENTER" VALIGN="MIDDLE" WIDTH="458" HEIGHT="23">
<SPAN>85,378,229,000원</SPAN>
</TD>
</TR>
</TBODY>
</TABLE>

<P>
<SPAN>※ 상기 양도금액은 부가세 및 제세공과금, 수수료 등의 부대비용을 제외한 부동산매매계약서상 매매대금입니다.</SPAN>
<SPAN></SPAN>
<SPAN USERMARK="B">2. 주요 일정</SPAN>
<SPAN> </SPAN>
</P>

<TABLE WIDTH="645" ACLASS="NORMAL" AFIXTABLE="N" BORDER="1">

<COLGROUP WIDTH="645">
<COL WIDTH="198"></COL>
<COL WIDTH="284"></COL>
<COL WIDTH="163"></COL>
</COLGROUP>

<THEAD>

<TR ACOPY="Y" ADELETE="Y" HEIGHT="31">
<TH WIDTH="189" USERMARK="F-12  BC0XF2F2F2" ACOPYCOL="Y" ADELETECOL="Y" AMOVECOL="N" HEIGHT="24">구 분</TH>
<TH WIDTH="275" USERMARK="F-12  BC0XF2F2F2" ACOPYCOL="Y" ADELETECOL="Y" AMOVECOL="N" HEIGHT="24">내 용</TH>
<TH WIDTH="154" USERMARK="F-12  BC0XF2F2F2" ACOPYCOL="Y" ADELETECOL="Y" AMOVECOL="N" HEIGHT="24">비 고</TH>
</TR>
</THEAD>

<TBODY>

<TR ACOPY="Y" ADELETE="Y" HEIGHT="31">
<TD ALIGN="CENTER" USERMARK="F-12 " WIDTH="189" HEIGHT="24">외부평가기간</TD>
<TD ALIGN="CENTER" USERMARK="F-12 " WIDTH="275" HEIGHT="24">2025년 12월 18일 ~ 2025년 12월 26일</TD>
<TD ALIGN="CENTER" USERMARK="F-12 " WIDTH="154" HEIGHT="24">대주회계법인</TD>
</TR>

<TR ACOPY="Y" ADELETE="Y" HEIGHT="31">
<TD ALIGN="CENTER" USERMARK="F-12 " WIDTH="189" HEIGHT="24">이사회결의일</TD>
<TD ALIGN="CENTER" USERMARK="F-12 " WIDTH="275" HEIGHT="24">2025년 12월 26일</TD>
<TD ALIGN="CENTER" USERMARK="F-12 " WIDTH="154" HEIGHT="24">주요사항보고서 제출</TD>
</TR>

<TR ACOPY="Y" ADELETE="Y" HEIGHT="31">
<TD ALIGN="CENTER" USERMARK="F-12 " WIDTH="189" HEIGHT="24">계약체결일</TD>
<TD ALIGN="CENTER" USERMARK="F-12 " WIDTH="275" HEIGHT="24">2025년 12월 26일</TD>
<TD ALIGN="CENTER" USERMARK="F-12 " WIDTH="154" HEIGHT="24">-</TD>
</TR>

<TR ACOPY="Y" ADELETE="Y" HEIGHT="31">
<TD ALIGN="CENTER" USERMARK="F-12 " WIDTH="189" HEIGHT="24">등기접수일</TD>
<TD ALIGN="CENTER" USERMARK="F-12 " WIDTH="275" HEIGHT="24">2025년 12월 30일</TD>
<TD ALIGN="CENTER" USERMARK="F-12 " WIDTH="154" HEIGHT="24">-</TD>
</TR>

<TR ACOPY="Y" ADELETE="Y" HEIGHT="31">
<TD ALIGN="CENTER" USERMARK="F-12 " WIDTH="189" HEIGHT="24">등기완료일</TD>
<TD ALIGN="CENTER" USERMARK="F-12 " WIDTH="275" HEIGHT="24">2026년 01월 06일</TD>
<TD ALIGN="CENTER" USERMARK="F-12 " WIDTH="154" HEIGHT="24">-</TD>
</TR>

<TR ACOPY="Y" ADELETE="Y" HEIGHT="31">
<TD ALIGN="CENTER" USERMARK="F-12 " WIDTH="189" HEIGHT="24">합병등종료보고서 제출일</TD>
<TD ALIGN="CENTER" USERMARK="F-12 " WIDTH="275" HEIGHT="24">2026년 01월 06일</TD>
<TD ALIGN="CENTER" USERMARK="F-12 " WIDTH="154" HEIGHT="24">-</TD>
</TR>
</TBODY>
</TABLE>

<P>
<SPAN>※ </SPAN>
<SPAN> 거래대금의 지급시기는 계약서상 소유권이전 등기가 완료된 이후 지급되며, 계약체결이후 약 20일이 소요될 것으로 예상됩니다. </SPAN>
<SPAN></SPAN>
<SPAN></SPAN>
</P>
</SECTION-2>

<SECTION-2 ACLASS="MANDATORY">
<TITLE ATOC="Y" AASSOCNOTE="D-0-0-2-0" ENG="Ⅱ. Changes in the Equity Ratios of Major Shareholders, etc." ATOCID="3">Ⅱ. 대주주등 지분변동 상황</TITLE>

<P>
<SPAN>-해당사항 없습니다.</SPAN>
</P>
</SECTION-2>

<SECTION-2 ACLASS="MANDATORY">
<TITLE ATOC="Y" AASSOCNOTE="D-0-0-3-0" ENG="Ⅲ. Exercise of the Appraisal Rights" ATOCID="4">Ⅲ. 주식매수청구권 행사</TITLE>

<P>
<SPAN>-해당사항 없습니다.</SPAN>
</P>
</SECTION-2>

<SECTION-2 ACLASS="MANDATORY">
<TITLE ATOC="Y" AASSOCNOTE="D-0-0-4-0" ENG="IV. Matters Related to Creditor Protection" ATOCID="5">Ⅳ. 채권자보호에 관한 사항</TITLE>

<P>
<SPAN>-해당사항 없습니다.</SPAN>
</P>
</SECTION-2>

<SECTION-2 ACLASS="MANDATORY">
<TITLE ATOC="Y" AASSOCNOTE="D-0-0-5-0" ENG="V. Status of Related Litigation" ATOCID="6">Ⅴ. 관련 소송의 현황</TITLE>

<P>
<SPAN>-해당사항 없습니다.</SPAN>
</P>
</SECTION-2>

<SECTION-2 ACLASS="MANDATORY">
<TITLE ATOC="Y" AASSOCNOTE="D-0-0-6-0" ENG="Ⅵ. Matters Related to Allotment of New Shares, etc." ATOCID="7">Ⅵ. 신주배정 등에 관한 사항</TITLE>

<P>
<SPAN>-해당사항 없습니다.</SPAN>
</P>
<P></P>
</SECTION-2>

<SECTION-2 ACLASS="MANDATORY">
<TITLE ATOC="Y" AASSOCNOTE="D-0-0-7-0" ENG="Ⅶ. Summary of Financial Information Before and After [Merger, etc.]" ATOCID="8">Ⅶ. [합병등] 전ㆍ후의 요약재무정보</TITLE>

<P USERMARK="A-R">[단위:   원]
</P>

<TABLE WIDTH="580" ACLASS="NORMAL" AFIXTABLE="N" BORDER="1">

<COLGROUP WIDTH="580">
<COL WIDTH="154"></COL>
<COL WIDTH="142"></COL>
<COL WIDTH="142"></COL>
<COL WIDTH="142"></COL>
</COLGROUP>

<TBODY>

<TR ACOPY="Y" ADELETE="Y" HEIGHT="30">
<TD WIDTH="145" USERMARK="F-10 B BC0XD9D9D9" ALIGN="CENTER" VALIGN="MIDDLE" HEIGHT="23">구분</TD>
<TD WIDTH="133" USERMARK="F-10 B BC0XD9D9D9" ALIGN="CENTER" VALIGN="MIDDLE" HEIGHT="23">자산양수도 전</TD>
<TD WIDTH="133" USERMARK="F-10 B BC0XD9D9D9" ALIGN="CENTER" VALIGN="MIDDLE" HEIGHT="23">증감액</TD>
<TD WIDTH="133" USERMARK="F-10 B BC0XD9D9D9" ALIGN="CENTER" VALIGN="MIDDLE" HEIGHT="23">자산양수도 후</TD>
</TR>

<TR ACOPY="Y" ADELETE="Y" HEIGHT="30">
<TD VALIGN="MIDDLE" USERMARK="F-10 " WIDTH="145" HEIGHT="23">유동자산</TD>
<TD USERMARK="F-10 " ALIGN="RIGHT" VALIGN="MIDDLE" WIDTH="133" HEIGHT="23">35,963,619,255 </TD>
<TD USERMARK="F-10 " ALIGN="RIGHT" VALIGN="MIDDLE" WIDTH="133" HEIGHT="23">85,378,229,000 </TD>
<TD USERMARK="F-10 " ALIGN="RIGHT" VALIGN="MIDDLE" WIDTH="133" HEIGHT="23">121,341,848,255 </TD>
</TR>

<TR ACOPY="Y" ADELETE="Y" HEIGHT="30">
<TD VALIGN="MIDDLE" USERMARK="F-10 " WIDTH="145" HEIGHT="23">비유동자산</TD>
<TD USERMARK="F-10 " ALIGN="RIGHT" VALIGN="MIDDLE" WIDTH="133" HEIGHT="23">109,329,326,209 </TD>
<TD USERMARK="F-10 " ALIGN="RIGHT" VALIGN="MIDDLE" WIDTH="133" HEIGHT="23">(22,415,850,000)</TD>
<TD USERMARK="F-10 " ALIGN="RIGHT" VALIGN="MIDDLE" WIDTH="133" HEIGHT="23">86,913,476,209 </TD>
</TR>

<TR ACOPY="Y" ADELETE="Y" HEIGHT="30">
<TD USERMARK="F-10 B" VALIGN="MIDDLE" WIDTH="145" HEIGHT="23">자산총계</TD>
<TD USERMARK="F-10 B" ALIGN="RIGHT" VALIGN="MIDDLE" WIDTH="133" HEIGHT="23">145,292,945,464 </TD>
<TD USERMARK="F-10 B" ALIGN="RIGHT" VALIGN="MIDDLE" WIDTH="133" HEIGHT="23">62,962,379,000 </TD>
<TD USERMARK="F-10 B" ALIGN="RIGHT" VALIGN="MIDDLE" WIDTH="133" HEIGHT="23">208,255,324,464 </TD>
</TR>

<TR ACOPY="Y" ADELETE="Y" HEIGHT="30">
<TD VALIGN="MIDDLE" USERMARK="F-10 " WIDTH="145" HEIGHT="23">유동부채</TD>
<TD USERMARK="F-10 " ALIGN="RIGHT" VALIGN="MIDDLE" WIDTH="133" HEIGHT="23">68,006,803,453 </TD>
<TD USERMARK="F-10 " ALIGN="RIGHT" VALIGN="MIDDLE" WIDTH="133" HEIGHT="23">-</TD>
<TD USERMARK="F-10 " ALIGN="RIGHT" VALIGN="MIDDLE" WIDTH="133" HEIGHT="23">68,006,803,453 </TD>
</TR>

<TR ACOPY="Y" ADELETE="Y" HEIGHT="30">
<TD VALIGN="MIDDLE" USERMARK="F-10 " WIDTH="145" HEIGHT="23">비유동부채</TD>
<TD USERMARK="F-10 " ALIGN="RIGHT" VALIGN="MIDDLE" WIDTH="133" HEIGHT="23">10,818,348,314 </TD>
<TD USERMARK="F-10 " ALIGN="RIGHT" VALIGN="MIDDLE" WIDTH="133" HEIGHT="23">-</TD>
<TD USERMARK="F-10 " ALIGN="RIGHT" VALIGN="MIDDLE" WIDTH="133" HEIGHT="23">10,818,348,314 </TD>
</TR>

<TR ACOPY="Y" ADELETE="Y" HEIGHT="30">
<TD USERMARK="F-10 B" VALIGN="MIDDLE" WIDTH="145" HEIGHT="23">부채총계</TD>
<TD USERMARK="F-10 B" ALIGN="RIGHT" VALIGN="MIDDLE" WIDTH="133" HEIGHT="23">78,825,151,767 </TD>
<TD USERMARK="F-10 B" ALIGN="RIGHT" VALIGN="MIDDLE" WIDTH="133" HEIGHT="23">-</TD>
<TD USERMARK="F-10 B" ALIGN="RIGHT" VALIGN="MIDDLE" WIDTH="133" HEIGHT="23">78,825,151,767 </TD>
</TR>

<TR ACOPY="Y" ADELETE="Y" HEIGHT="30">
<TD VALIGN="MIDDLE" USERMARK="F-10 " WIDTH="145" HEIGHT="23">자본금</TD>
<TD USERMARK="F-10 " ALIGN="RIGHT" VALIGN="MIDDLE" WIDTH="133" HEIGHT="23">6,435,671,000 </TD>
<TD USERMARK="F-10 " ALIGN="RIGHT" VALIGN="MIDDLE" WIDTH="133" HEIGHT="23">-</TD>
<TD USERMARK="F-10 " ALIGN="RIGHT" VALIGN="MIDDLE" WIDTH="133" HEIGHT="23">6,435,671,000 </TD>
</TR>

<TR ACOPY="Y" ADELETE="Y" HEIGHT="30">
<TD VALIGN="MIDDLE" USERMARK="F-10 " WIDTH="145" HEIGHT="23">자본잉여금</TD>
<TD USERMARK="F-10 " ALIGN="RIGHT" VALIGN="MIDDLE" WIDTH="133" HEIGHT="23">51,262,231,220 </TD>
<TD USERMARK="F-10 " ALIGN="RIGHT" VALIGN="MIDDLE" WIDTH="133" HEIGHT="23">-</TD>
<TD USERMARK="F-10 " ALIGN="RIGHT" VALIGN="MIDDLE" WIDTH="133" HEIGHT="23">51,262,231,220 </TD>
</TR>

<TR ACOPY="Y" ADELETE="Y" HEIGHT="30">
<TD VALIGN="MIDDLE" USERMARK="F-10 " WIDTH="145" HEIGHT="23">자본조정</TD>
<TD USERMARK="F-10 " ALIGN="RIGHT" VALIGN="MIDDLE" WIDTH="133" HEIGHT="23">-</TD>
<TD USERMARK="F-10 " ALIGN="RIGHT" VALIGN="MIDDLE" WIDTH="133" HEIGHT="23">-</TD>
<TD USERMARK="F-10 " ALIGN="RIGHT" VALIGN="MIDDLE" WIDTH="133" HEIGHT="23">-</TD>
</TR>

<TR ACOPY="Y" ADELETE="Y" HEIGHT="30">
<TD VALIGN="MIDDLE" USERMARK="F-10 " WIDTH="145" HEIGHT="23">기타포괄손익누계액</TD>
<TD USERMARK="F-10 " ALIGN="RIGHT" VALIGN="MIDDLE" WIDTH="133" HEIGHT="23">3,883,874,616 </TD>
<TD USERMARK="F-10 " ALIGN="RIGHT" VALIGN="MIDDLE" WIDTH="133" HEIGHT="23">-</TD>
<TD USERMARK="F-10 " ALIGN="RIGHT" VALIGN="MIDDLE" WIDTH="133" HEIGHT="23">3,883,874,616 </TD>
</TR>

<TR ACOPY="Y" ADELETE="Y" HEIGHT="30">
<TD VALIGN="MIDDLE" USERMARK="F-10 " WIDTH="145" HEIGHT="23">이익잉여금(결손금)</TD>
<TD USERMARK="F-10 " ALIGN="RIGHT" VALIGN="MIDDLE" WIDTH="133" HEIGHT="23">4,886,016,861 </TD>
<TD USERMARK="F-10 " ALIGN="RIGHT" VALIGN="MIDDLE" WIDTH="133" HEIGHT="23">62,962,379,000 </TD>
<TD USERMARK="F-10 " ALIGN="RIGHT" VALIGN="MIDDLE" WIDTH="133" HEIGHT="23">67,848,395,861 </TD>
</TR>

<TR ACOPY="Y" ADELETE="Y" HEIGHT="30">
<TD USERMARK="F-10 B" VALIGN="MIDDLE" WIDTH="145" HEIGHT="23">자본총계</TD>
<TD USERMARK="F-10 B" ALIGN="RIGHT" VALIGN="MIDDLE" WIDTH="133" HEIGHT="23">66,467,793,697 </TD>
<TD USERMARK="F-10 B" ALIGN="RIGHT" VALIGN="MIDDLE" WIDTH="133" HEIGHT="23">62,962,379,000 </TD>
<TD USERMARK="F-10 B" ALIGN="RIGHT" VALIGN="MIDDLE" WIDTH="133" HEIGHT="23">129,430,172,697 </TD>
</TR>

<TR ACOPY="Y" ADELETE="Y" HEIGHT="30">
<TD USERMARK="F-10 B" VALIGN="MIDDLE" WIDTH="145" HEIGHT="23">부채 및 자본 총계</TD>
<TD USERMARK="F-10 B" ALIGN="RIGHT" VALIGN="MIDDLE" WIDTH="133" HEIGHT="23">145,292,945,464 </TD>
<TD USERMARK="F-10 B" ALIGN="RIGHT" VALIGN="MIDDLE" WIDTH="133" HEIGHT="23">62,962,379,000 </TD>
<TD USERMARK="F-10 B" ALIGN="RIGHT" VALIGN="MIDDLE" WIDTH="133" HEIGHT="23">208,255,324,464 </TD>
</TR>
</TBODY>
</TABLE>

<P>
<SPAN></SPAN>
<SPAN></SPAN>
<SPAN>※ 상기 양도 전 재무정보는 2025년 09월 30일 </SPAN>
<SPAN>한국채택국제회계기준 연결재무제표 기준으로 작성되었습니다.</SPAN>
<SPAN> </SPAN>
<SPAN>※ 상기 재무정보는 본 자산양도와 관련된 금액만 단순 가감한 내역이므로 외부감사인의 감사 또는 검토 결과에 따라 실제 재무제표와 차이가 발생할 수 있습니다.</SPAN>
<SPAN></SPAN>
</P>
</SECTION-2>
</SECTION-1>
</BODY>
</DOCUMENT>