<html>
 <head> 
  <meta content="gdi" http-equiv="X-UA-TextLayoutMetrics"> 
  <meta content="text/html; charset=euc-kr" http-equiv="Content-Type"> 
  <STYLE>
.xforms * { font-family: 돋움체;}
.xforms_title * { font-size: 13pt; padding : 0 0 10 0;}

.xforms table {
    font-size: 10px;
    padding:0px;
    border-collapse:collapse;
    color: #3D3D3D;
}
.xforms td {
    padding-left:0px;
    padding-top:0px;
    border-collapse:collapse;
    line-height:22px;
    color: #3D3D3D;
    /*text-align:right;*/
    vertical-align:middle;
    border: 1px solid #7f7f7f;
}

.xforms span {
    /*display: inline-block;*/
    padding-left:3px;
    padding-right: 1px;
    line-height:22px;
    padding-top:0px;
    padding-bottom:0px;
    text-align:left;
    vertical-align:middle;
    border: 0px solid #DBDBDB;
}

.xforms.img{
    border : 0px;
}

.xforms a:link {

    color: #194866;
    text-decoration: none;
}
.xforms a:active {

    color: #194866;
    text-decoration: none;
}
.xforms a:visited {
    color: #194866;
    text-decoration: none;
}

.xforms A:hover {
    color:008BE3;
    text-decoration: none;
}

.xforms_input{
    border: 0px solid #DBDBDB;
    padding-left:3px;
    padding-right: 1px;
    height:22px;
    padding-top:0px;
    padding-bottom:0px;
    text-align:left;
}
</STYLE> 
  <title>현대자동차/영업(잠정)실적(공정공시)/(2026.01.05)영업(잠정)실적(공정공시)</title> 
 </head> 
 <body> 
  <div class="xforms"> 
   <div> 
    <span class="noprint" style="display:none;width:600px;font-size:10pt;"> </span> 
    <div class="xforms_title"> 
     <div> 
      <span style="width:600px;font-weight:bold;text-align:center;">영업(잠정)실적(공정공시)</span> 
     </div> 
    </div> 
    <span class="noprint" style="display:none;width:600px;font-size:10pt;"> </span> 
    <table border="1" bordercolordark="white" bordercolorlight="#666666" cellpadding="1" cellspacing="0" id="XFormD1_Form0_Table0" style="margin:0px 0px 20px 0px;width:599px;font-size:10pt;border:1px solid #7f7f7f;"> 
     <tbody> 
      <tr> 
       <td colspan="4" width="599"> <span style="width:599px;font-size:10pt;">실적기간</span> </td> 
      </tr> 
      <tr> 
       <td width="202"> <span style="width:202px;font-size:10pt;">당기실적</span> </td> 
       <td width="184"> <span class="xforms_input" style="width:184px;font-size:10pt;">2025-12-01</span> </td> 
       <td width="27"> <span style="width:27px;font-size:10pt;text-align:center;">~</span> </td> 
       <td width="186"> <span class="xforms_input" style="width:186px;font-size:10pt;">2025-12-31</span> </td> 
      </tr> 
      <tr> 
       <td width="202"> <span style="width:202px;font-size:10pt;">전기실적</span> </td> 
       <td width="184"> <span class="xforms_input" style="width:184px;font-size:10pt;">2025-11-01</span> </td> 
       <td width="27"> <span style="width:27px;font-size:10pt;text-align:center;">~</span> </td> 
       <td width="186"> <span class="xforms_input" style="width:186px;font-size:10pt;">2025-11-30</span> </td> 
      </tr> 
      <tr> 
       <td width="202"> <span style="width:202px;font-size:10pt;">전년동기실적</span> </td> 
       <td width="184"> <span class="xforms_input" style="width:184px;font-size:10pt;">2024-12-01</span> </td> 
       <td width="27"> <span style="width:27px;font-size:10pt;text-align:center;">~</span> </td> 
       <td width="186"> <span class="xforms_input" style="width:186px;font-size:10pt;">2024-12-31</span> </td> 
      </tr> 
      <tr> 
       <td width="202"> <span style="width:202px;font-size:10pt;">당기누계실적</span> </td> 
       <td width="184"> <span class="xforms_input" style="width:184px;font-size:10pt;">2025-01-01</span> </td> 
       <td width="27"> <span style="width:27px;font-size:10pt;text-align:center;">~</span> </td> 
       <td width="186"> <span class="xforms_input" style="width:186px;font-size:10pt;">2025-12-31</span> </td> 
      </tr> 
      <tr> 
       <td width="202"> <span style="width:202px;font-size:10pt;">전년동기누적실적</span> </td> 
       <td width="184"> <span class="xforms_input" style="width:184px;font-size:10pt;">2024-01-01</span> </td> 
       <td width="27"> <span style="width:27px;font-size:10pt;text-align:center;">~</span> </td> 
       <td width="186"> <span class="xforms_input" style="width:186px;font-size:10pt;">2024-12-31</span> </td> 
      </tr> 
     </tbody> 
    </table> 
    <table border="1" bordercolordark="white" bordercolorlight="#666666" cellpadding="1" cellspacing="0" id="XFormD1_Form0_RepeatTable1" style="margin:0px 0px 20px 0px;width:602px;font-size:10pt;border:1px solid #7f7f7f;"> 
     <tbody> 
      <tr> 
       <td colspan="9" width="602"> <span style="width:602px;font-size:10pt;">※ 동 정보는 잠정치로서 향후 확정치와는 다를 수 있음.</span> </td> 
      </tr> 
      <tr> 
       <td colspan="4" width="308"> <span style="width:308px;font-size:10pt;">1. 실적내용</span> </td> 
       <td colspan="5" width="294"> <span class="xforms_input" style="width:294px;font-size:10pt;text-align:right;">단위 : 백만원, %</span> </td> 
      </tr> 
      <tr> 
       <td colspan="2" rowspan="2" width="160"> <span style="width:160px;font-size:10pt;text-align:center;">구분</span> </td> 
       <td width="73"> <span style="width:73px;font-size:10pt;text-align:center;">당기실적</span> </td> 
       <td width="75"> <span style="width:75px;font-size:10pt;text-align:center;">전기실적</span> </td> 
       <td colspan="2" width="113"> <span style="width:113px;font-size:10pt;text-align:center;">전기대비</span> </td> 
       <td width="67"> <span style="width:67px;font-size:10pt;text-align:center;">전년동기실적</span> </td> 
       <td colspan="2" width="114"> <span style="width:114px;font-size:10pt;text-align:center;">전년동기대비</span> </td> 
      </tr> 
      <tr> 
       <td width="73"> <span class="xforms_input" style="width:73px;font-size:10pt;text-align:center;">(-)</span> </td> 
       <td width="75"> <span class="xforms_input" style="width:75px;font-size:10pt;text-align:center;">(-)</span> </td> 
       <td width="51"> <span style="width:51px;font-size:10pt;text-align:center;">증감율(%)</span> </td> 
       <td width="62"> <span style="width:62px;font-size:10pt;text-align:center;">흑자적자전환여부</span> </td> 
       <td width="67"> <span class="xforms_input" style="width:67px;font-size:10pt;text-align:center;">(-)</span> </td> 
       <td width="52"> <span style="width:52px;font-size:10pt;text-align:center;">증감율(%)</span> </td> 
       <td width="62"> <span style="width:62px;font-size:10pt;text-align:center;">흑자적자전환여부</span> </td> 
      </tr> 
      <tr> 
       <td rowspan="2" width="76"> <span style="width:76px;font-size:10pt;text-align:center;">매출액</span> </td> 
       <td width="84"> <span style="width:84px;font-size:10pt;text-align:center;">당해실적</span> </td> 
       <td width="73"> <span class="xforms_input" style="width:73px;font-size:10pt;text-align:right;">-</span> </td> 
       <td width="75"> <span class="xforms_input" style="width:75px;font-size:10pt;text-align:right;">-</span> </td> 
       <td width="51"> <span class="xforms_input" style="width:51px;font-size:10pt;text-align:right;">-</span> </td> 
       <td width="62"> <span class="xforms_input" style="width:62px;font-size:10pt;">-</span> </td> 
       <td width="67"> <span class="xforms_input" style="width:67px;font-size:10pt;text-align:right;">-</span> </td> 
       <td width="52"> <span class="xforms_input" style="width:52px;font-size:10pt;text-align:right;">-</span> </td> 
       <td width="62"> <span class="xforms_input" style="width:62px;font-size:10pt;">-</span> </td> 
      </tr> 
      <tr> 
       <td width="84"> <span style="width:84px;font-size:10pt;text-align:center;">누계실적</span> </td> 
       <td width="73"> <span class="xforms_input" style="width:73px;font-size:10pt;text-align:right;">-</span> </td> 
       <td width="75"> <span style="width:75px;font-size:10pt;text-align:right;">-</span> </td> 
       <td width="51"> <span style="width:51px;font-size:10pt;text-align:right;">-</span> </td> 
       <td width="62"> <span style="width:62px;font-size:10pt;">-</span> </td> 
       <td width="67"> <span class="xforms_input" style="width:67px;font-size:10pt;text-align:right;">-</span> </td> 
       <td width="52"> <span class="xforms_input" style="width:52px;font-size:10pt;text-align:right;">-</span> </td> 
       <td width="62"> <span class="xforms_input" style="width:62px;font-size:10pt;">-</span> </td> 
      </tr> 
      <tr> 
       <td rowspan="2" width="76"> <span style="width:76px;font-size:10pt;text-align:center;">영업이익</span> </td> 
       <td width="84"> <span style="width:84px;font-size:10pt;text-align:center;">당해실적</span> </td> 
       <td width="73"> <span class="xforms_input" style="width:73px;font-size:10pt;text-align:right;">-</span> </td> 
       <td width="75"> <span class="xforms_input" style="width:75px;font-size:10pt;text-align:right;">-</span> </td> 
       <td width="51"> <span class="xforms_input" style="width:51px;font-size:10pt;text-align:right;">-</span> </td> 
       <td width="62"> <span class="xforms_input" style="width:62px;font-size:10pt;">-</span> </td> 
       <td width="67"> <span class="xforms_input" style="width:67px;font-size:10pt;text-align:right;">-</span> </td> 
       <td width="52"> <span class="xforms_input" style="width:52px;font-size:10pt;text-align:right;">-</span> </td> 
       <td width="62"> <span class="xforms_input" style="width:62px;font-size:10pt;">-</span> </td> 
      </tr> 
      <tr> 
       <td width="84"> <span style="width:84px;font-size:10pt;text-align:center;">누계실적</span> </td> 
       <td width="73"> <span class="xforms_input" style="width:73px;font-size:10pt;text-align:right;">-</span> </td> 
       <td width="75"> <span style="width:75px;font-size:10pt;text-align:right;">-</span> </td> 
       <td width="51"> <span style="width:51px;font-size:10pt;text-align:right;">-</span> </td> 
       <td width="62"> <span style="width:62px;font-size:10pt;">-</span> </td> 
       <td width="67"> <span class="xforms_input" style="width:67px;font-size:10pt;text-align:right;">-</span> </td> 
       <td width="52"> <span class="xforms_input" style="width:52px;font-size:10pt;text-align:right;">-</span> </td> 
       <td width="62"> <span class="xforms_input" style="width:62px;font-size:10pt;">-</span> </td> 
      </tr> 
      <tr> 
       <td rowspan="2" width="76"> <span style="width:76px;font-size:10pt;text-align:center;">법인세비용차감전계속사업이익</span> </td> 
       <td width="84"> <span style="width:84px;font-size:10pt;text-align:center;">당해실적</span> </td> 
       <td width="73"> <span class="xforms_input" style="width:73px;font-size:10pt;text-align:right;">-</span> </td> 
       <td width="75"> <span class="xforms_input" style="width:75px;font-size:10pt;text-align:right;">-</span> </td> 
       <td width="51"> <span class="xforms_input" style="width:51px;font-size:10pt;text-align:right;">-</span> </td> 
       <td width="62"> <span class="xforms_input" style="width:62px;font-size:10pt;">-</span> </td> 
       <td width="67"> <span class="xforms_input" style="width:67px;font-size:10pt;text-align:right;">-</span> </td> 
       <td width="52"> <span class="xforms_input" style="width:52px;font-size:10pt;text-align:right;">-</span> </td> 
       <td width="62"> <span class="xforms_input" style="width:62px;font-size:10pt;">-</span> </td> 
      </tr> 
      <tr> 
       <td width="84"> <span style="width:84px;font-size:10pt;text-align:center;">누계실적</span> </td> 
       <td width="73"> <span class="xforms_input" style="width:73px;font-size:10pt;text-align:right;">-</span> </td> 
       <td width="75"> <span style="width:75px;font-size:10pt;text-align:right;">-</span> </td> 
       <td width="51"> <span style="width:51px;font-size:10pt;text-align:right;">-</span> </td> 
       <td width="62"> <span style="width:62px;font-size:10pt;">-</span> </td> 
       <td width="67"> <span class="xforms_input" style="width:67px;font-size:10pt;text-align:right;">-</span> </td> 
       <td width="52"> <span class="xforms_input" style="width:52px;font-size:10pt;text-align:right;">-</span> </td> 
       <td width="62"> <span class="xforms_input" style="width:62px;font-size:10pt;">-</span> </td> 
      </tr> 
      <tr> 
       <td rowspan="2" width="76"> <span style="width:76px;font-size:10pt;text-align:center;">당기순이익</span> </td> 
       <td width="84"> <span style="width:84px;font-size:10pt;text-align:center;">당해실적</span> </td> 
       <td width="73"> <span class="xforms_input" style="width:73px;font-size:10pt;text-align:right;">-</span> </td> 
       <td width="75"> <span class="xforms_input" style="width:75px;font-size:10pt;text-align:right;">-</span> </td> 
       <td width="51"> <span class="xforms_input" style="width:51px;font-size:10pt;text-align:right;">-</span> </td> 
       <td width="62"> <span class="xforms_input" style="width:62px;font-size:10pt;">-</span> </td> 
       <td width="67"> <span class="xforms_input" style="width:67px;font-size:10pt;text-align:right;">-</span> </td> 
       <td width="52"> <span class="xforms_input" style="width:52px;font-size:10pt;text-align:right;">-</span> </td> 
       <td width="62"> <span class="xforms_input" style="width:62px;font-size:10pt;">-</span> </td> 
      </tr> 
      <tr> 
       <td width="84"> <span style="width:84px;font-size:10pt;text-align:center;">누계실적</span> </td> 
       <td width="73"> <span class="xforms_input" style="width:73px;font-size:10pt;text-align:right;">-</span> </td> 
       <td width="75"> <span style="width:75px;font-size:10pt;text-align:right;">-</span> </td> 
       <td width="51"> <span style="width:51px;font-size:10pt;text-align:right;">-</span> </td> 
       <td width="62"> <span style="width:62px;font-size:10pt;">-</span> </td> 
       <td width="67"> <span class="xforms_input" style="width:67px;font-size:10pt;text-align:right;">-</span> </td> 
       <td width="52"> <span class="xforms_input" style="width:52px;font-size:10pt;text-align:right;">-</span> </td> 
       <td width="62"> <span class="xforms_input" style="width:62px;font-size:10pt;">-</span> </td> 
      </tr> 
      <tr> 
       <td colspan="2" width="160"> <span class="xforms_input" style="width:160px;font-size:10pt;">구분(단위:대,%)</span> </td> 
       <td width="73"> <span class="xforms_input" style="width:73px;font-size:10pt;text-align:right;">당기실적 <br xmlns:java="http://xml.apache.org/xalan/java">(2025년12월)</span> </td> 
       <td width="75"> <span class="xforms_input" style="width:75px;font-size:10pt;text-align:right;">전기실적 <br xmlns:java="http://xml.apache.org/xalan/java">(2025년11월)</span> </td> 
       <td width="51"> <span class="xforms_input" style="width:51px;font-size:10pt;text-align:right;">전기대비 <br xmlns:java="http://xml.apache.org/xalan/java">증감율(%)</span> </td> 
       <td width="62"> <span class="xforms_input" style="width:62px;font-size:10pt;">흑자적자전환여부</span> </td> 
       <td width="67"> <span class="xforms_input" style="width:67px;font-size:10pt;text-align:right;">전년동기실적 <br xmlns:java="http://xml.apache.org/xalan/java">(2024년12월)</span> </td> 
       <td width="52"> <span class="xforms_input" style="width:52px;font-size:10pt;text-align:right;">전년동기 <br xmlns:java="http://xml.apache.org/xalan/java">대비 <br xmlns:java="http://xml.apache.org/xalan/java">증감율(%)</span> </td> 
       <td width="62"> <span class="xforms_input" style="width:62px;font-size:10pt;">흑자적자전환여부</span> </td> 
      </tr> 
      <tr> 
       <td colspan="2" width="160"> <span class="xforms_input" style="width:160px;font-size:10pt;">국내</span> </td> 
       <td width="73"> <span class="xforms_input" style="width:73px;font-size:10pt;text-align:right;">62,666</span> </td> 
       <td width="75"> <span class="xforms_input" style="width:75px;font-size:10pt;text-align:right;">61,008</span> </td> 
       <td width="51"> <span class="xforms_input" style="width:51px;font-size:10pt;text-align:right;">2.7</span> </td> 
       <td width="62"> <span class="xforms_input" style="width:62px;font-size:10pt;">-</span> </td> 
       <td width="67"> <span class="xforms_input" style="width:67px;font-size:10pt;text-align:right;">61,323</span> </td> 
       <td width="52"> <span class="xforms_input" style="width:52px;font-size:10pt;text-align:right;">2.2</span> </td> 
       <td width="62"> <span class="xforms_input" style="width:62px;font-size:10pt;">-</span> </td> 
      </tr> 
      <tr> 
       <td colspan="2" width="160"> <span class="xforms_input" style="width:160px;font-size:10pt;">해외</span> </td> 
       <td width="73"> <span class="xforms_input" style="width:73px;font-size:10pt;text-align:right;">265,727</span> </td> 
       <td width="75"> <span class="xforms_input" style="width:75px;font-size:10pt;text-align:right;">291,350</span> </td> 
       <td width="51"> <span class="xforms_input" style="width:51px;font-size:10pt;text-align:right;">-8.8</span> </td> 
       <td width="62"> <span class="xforms_input" style="width:62px;font-size:10pt;">-</span> </td> 
       <td width="67"> <span class="xforms_input" style="width:67px;font-size:10pt;text-align:right;">268,967</span> </td> 
       <td width="52"> <span class="xforms_input" style="width:52px;font-size:10pt;text-align:right;">-1.2</span> </td> 
       <td width="62"> <span class="xforms_input" style="width:62px;font-size:10pt;">-</span> </td> 
      </tr> 
      <tr> 
       <td colspan="2" width="160"> <span class="xforms_input" style="width:160px;font-size:10pt;">계</span> </td> 
       <td width="73"> <span class="xforms_input" style="width:73px;font-size:10pt;text-align:right;">328,393</span> </td> 
       <td width="75"> <span class="xforms_input" style="width:75px;font-size:10pt;text-align:right;">352,358</span> </td> 
       <td width="51"> <span class="xforms_input" style="width:51px;font-size:10pt;text-align:right;">-6.8</span> </td> 
       <td width="62"> <span class="xforms_input" style="width:62px;font-size:10pt;">-</span> </td> 
       <td width="67"> <span class="xforms_input" style="width:67px;font-size:10pt;text-align:right;">330,290</span> </td> 
       <td width="52"> <span class="xforms_input" style="width:52px;font-size:10pt;text-align:right;">-0.6</span> </td> 
       <td width="62"> <span class="xforms_input" style="width:62px;font-size:10pt;">-</span> </td> 
      </tr> 
      <tr> 
       <td colspan="2" width="160"> <span class="xforms_input" style="width:160px;font-size:10pt;">구분(단위:대,%)</span> </td> 
       <td width="73"> <span class="xforms_input" style="width:73px;font-size:10pt;text-align:right;">당기누적 <br xmlns:java="http://xml.apache.org/xalan/java">(2025년1월~12월)</span> </td> 
       <td width="75"> <span class="xforms_input" style="width:75px;font-size:10pt;text-align:right;">-</span> </td> 
       <td width="51"> <span class="xforms_input" style="width:51px;font-size:10pt;text-align:right;">-</span> </td> 
       <td width="62"> <span class="xforms_input" style="width:62px;font-size:10pt;">흑자적자전환여부</span> </td> 
       <td width="67"> <span class="xforms_input" style="width:67px;font-size:10pt;text-align:right;">전년동기누적 <br xmlns:java="http://xml.apache.org/xalan/java">(2024년1월~12월)</span> </td> 
       <td width="52"> <span class="xforms_input" style="width:52px;font-size:10pt;text-align:right;">전년동기 <br xmlns:java="http://xml.apache.org/xalan/java">누적대비 <br xmlns:java="http://xml.apache.org/xalan/java">증감율(%)</span> </td> 
       <td width="62"> <span class="xforms_input" style="width:62px;font-size:10pt;">흑자적자전환여부</span> </td> 
      </tr> 
      <tr> 
       <td colspan="2" width="160"> <span class="xforms_input" style="width:160px;font-size:10pt;">국내</span> </td> 
       <td width="73"> <span class="xforms_input" style="width:73px;font-size:10pt;text-align:right;">712,954</span> </td> 
       <td width="75"> <span class="xforms_input" style="width:75px;font-size:10pt;text-align:right;">-</span> </td> 
       <td width="51"> <span class="xforms_input" style="width:51px;font-size:10pt;text-align:right;">-</span> </td> 
       <td width="62"> <span class="xforms_input" style="width:62px;font-size:10pt;">-</span> </td> 
       <td width="67"> <span class="xforms_input" style="width:67px;font-size:10pt;text-align:right;">705,010</span> </td> 
       <td width="52"> <span class="xforms_input" style="width:52px;font-size:10pt;text-align:right;">1.1</span> </td> 
       <td width="62"> <span class="xforms_input" style="width:62px;font-size:10pt;">-</span> </td> 
      </tr> 
      <tr> 
       <td colspan="2" width="160"> <span class="xforms_input" style="width:160px;font-size:10pt;">해외</span> </td> 
       <td width="73"> <span class="xforms_input" style="width:73px;font-size:10pt;text-align:right;">3,425,226</span> </td> 
       <td width="75"> <span class="xforms_input" style="width:75px;font-size:10pt;text-align:right;">-</span> </td> 
       <td width="51"> <span class="xforms_input" style="width:51px;font-size:10pt;text-align:right;">-</span> </td> 
       <td width="62"> <span class="xforms_input" style="width:62px;font-size:10pt;">-</span> </td> 
       <td width="67"> <span class="xforms_input" style="width:67px;font-size:10pt;text-align:right;">3,436,949</span> </td> 
       <td width="52"> <span class="xforms_input" style="width:52px;font-size:10pt;text-align:right;">-0.3</span> </td> 
       <td width="62"> <span class="xforms_input" style="width:62px;font-size:10pt;">-</span> </td> 
      </tr> 
      <tr> 
       <td colspan="2" width="160"> <span class="xforms_input" style="width:160px;font-size:10pt;">계</span> </td> 
       <td width="73"> <span class="xforms_input" style="width:73px;font-size:10pt;text-align:right;">4,138,180</span> </td> 
       <td width="75"> <span class="xforms_input" style="width:75px;font-size:10pt;text-align:right;">-</span> </td> 
       <td width="51"> <span class="xforms_input" style="width:51px;font-size:10pt;text-align:right;">-</span> </td> 
       <td width="62"> <span class="xforms_input" style="width:62px;font-size:10pt;">-</span> </td> 
       <td width="67"> <span class="xforms_input" style="width:67px;font-size:10pt;text-align:right;">4,141,959</span> </td> 
       <td width="52"> <span class="xforms_input" style="width:52px;font-size:10pt;text-align:right;">-0.1</span> </td> 
       <td width="62"> <span class="xforms_input" style="width:62px;font-size:10pt;">-</span> </td> 
      </tr> 
      <tr> 
       <td colspan="2" rowspan="5" width="160"> <span style="width:160px;font-size:10pt;">2. 정보제공내역</span> </td> 
       <td colspan="2" width="148"> <span style="width:148px;font-size:10pt;">정보제공자</span> </td> 
       <td colspan="5" width="294"> <span class="xforms_input" style="width:294px;font-size:10pt;">커뮤니케이션센터</span> </td> 
      </tr> 
      <tr> 
       <td colspan="2" width="148"> <span style="width:148px;font-size:10pt;">정보제공대상자</span> </td> 
       <td colspan="5" width="294"> <span class="xforms_input" style="width:294px;font-size:10pt;">언론사 등</span> </td> 
      </tr> 
      <tr> 
       <td colspan="2" width="148"> <span style="width:148px;font-size:10pt;">정보제공(예정)일자</span> </td> 
       <td colspan="5" width="294"> <span class="xforms_input" style="width:294px;font-size:10pt;">공정공시 이후</span> </td> 
      </tr> 
      <tr> 
       <td colspan="2" width="148"> <span style="width:148px;font-size:10pt;">정보제공(예정)시간</span> </td> 
       <td colspan="5" width="294"> <span class="xforms_input" style="width:294px;font-size:10pt;">공정공시 이후</span> </td> 
      </tr> 
      <tr> 
       <td colspan="2" width="148"> <span style="width:148px;font-size:10pt;">행사명(장소)</span> </td> 
       <td colspan="5" width="294"> <span class="xforms_input" style="width:294px;font-size:10pt;">보도자료 배포 등</span> </td> 
      </tr> 
      <tr> 
       <td colspan="2" rowspan="2" width="160"> <span style="width:160px;font-size:10pt;">3. 연락처</span> </td> 
       <td colspan="2" width="148"> <span style="width:148px;font-size:10pt;">관련부서</span> </td> 
       <td colspan="5" width="294"> <span class="xforms_input" style="width:294px;font-size:10pt;">커뮤니케이션센터</span> </td> 
      </tr> 
      <tr> 
       <td colspan="2" width="148"> <span style="width:148px;font-size:10pt;">전화번호</span> </td> 
       <td colspan="5" width="294"> <span class="xforms_input" style="width:294px;font-size:10pt;">02-3464-2116</span> </td> 
      </tr> 
      <tr> 
       <td colspan="9" width="602"> <span style="width:602px;font-size:10pt;">4. 기타 투자판단과 관련한 중요사항</span> </td> 
      </tr> 
      <tr> 
       <td colspan="9" width="602"> <span class="xforms_input" style="width:602px;font-size:10pt;">◎ 판매실적 주요내용 <br xmlns:java="http://xml.apache.org/xalan/java"> <br xmlns:java="http://xml.apache.org/xalan/java">- '25년 전 세계 시장서 총 413만 8,180대 판매, '24년 대비 0.1% 감소 <br xmlns:java="http://xml.apache.org/xalan/java">
         <!--?javax.xml.transform.disable-output-escaping?--> 
         <!--?javax.xml.transform.enable-output-escaping?-->       ·국내 시장서 총 71만 2,954대 판매, '24년 대비 1.1% 증가 <br xmlns:java="http://xml.apache.org/xalan/java">
         <!--?javax.xml.transform.disable-output-escaping?--> 
         <!--?javax.xml.transform.enable-output-escaping?-->       ·해외 시장서 총 342만 5,226대 판매, '24년 대비 0.3% 감소 <br xmlns:java="http://xml.apache.org/xalan/java">
         <!--?javax.xml.transform.disable-output-escaping?--> 
         <!--?javax.xml.transform.enable-output-escaping?-->       ·'25년 12월은 국내 6만 2,666대, 해외 26만 5,727대 등 32만 8,393대 판매 <br xmlns:java="http://xml.apache.org/xalan/java">
         <!--?javax.xml.transform.disable-output-escaping?--> 
         <!--?javax.xml.transform.enable-output-escaping?-->  <br xmlns:java="http://xml.apache.org/xalan/java">※ 기타 세부내용은 첨부의 보도자료를 참조하시기 바랍니다.</span> </td> 
      </tr> 
      <tr> 
       <td colspan="2" width="160"> <span style="width:160px;font-size:10pt;">※ 관련공시</span> </td> 
       <td colspan="7" width="442"> <span class="xforms_input" style="width:442px;font-size:10pt;">-</span> </td> 
      </tr> 
     </tbody> 
    </table> 
   </div> 
  </div>  
 </body>
</html>