<?xml version="1.0" encoding="utf-8"?>


<DOCUMENT xmlns:xsi="http://www.w3.org/2001/XMLSchema-instance" xsi:noNamespaceSchemaLocation="dart4.xsd">

<DOCUMENT-NAME ACODE="80718">특수관계인으로부터자금차입</DOCUMENT-NAME>
<FORMULA-VERSION ADATE="20240129">6.0</FORMULA-VERSION>
<COMPANY-NAME AREGCIK="01800470">에프앤에이치2312유동화전문(유)</COMPANY-NAME>


<BODY ATOCID="1">

<SECTION-1 ACLASS="MANDATORY" APARTSOURCE="SOURCE">
<TITLE ATOC="Y" AASSOCNOTE="D-0-1-0-0" ENG="Borrowing Funds from Related Party" ATOCID="1">특수관계인으로부터 자금차입</TITLE>
<P></P>

<TABLE ACLASS="NORMAL" WIDTH="693" BORDER="1">

<COLGROUP WIDTH="693">
<COL WIDTH="91"></COL>
<COL WIDTH="48"></COL>
<COL WIDTH="57"></COL>
<COL WIDTH="132"></COL>
<COL WIDTH="77"></COL>
<COL WIDTH="92"></COL>
<COL WIDTH="96"></COL>
<COL WIDTH="100"></COL>
</COLGROUP>

<TBODY>

<TR ACOPY="Y" ADELETE="Y" HEIGHT="99">
<TD ALIGN="CENTER" VALIGN="MIDDLE" WIDTH="82" HEIGHT="92">기업집단명</TD>
<TD VALIGN="MIDDLE" WIDTH="39" HEIGHT="92">대신</TD>
<TD ALIGN="CENTER" VALIGN="MIDDLE" WIDTH="48" HEIGHT="92">회사명</TD>
<TD VALIGN="MIDDLE" WIDTH="123" HEIGHT="92">에프앤에이치2312유동화전문(유)</TD>
<TD ALIGN="CENTER" VALIGN="MIDDLE" WIDTH="68" HEIGHT="92">공시일자</TD>
<TD VALIGN="MIDDLE" WIDTH="83" HEIGHT="92">2026.01.06.</TD>
<TD ALIGN="CENTER" VALIGN="MIDDLE" WIDTH="87" HEIGHT="92">관련법규</TD>
<TD ALIGN="CENTER" VALIGN="MIDDLE" WIDTH="91" HEIGHT="92">공정거래법 제26조</TD>
</TR>
</TBODY>
</TABLE>
<P></P>

<TABLE ACLASS="NORMAL" AFIXTABLE="N" WIDTH="697" BORDER="0">

<COLGROUP WIDTH="697">
<COL WIDTH="235"></COL>
<COL WIDTH="462"></COL>
</COLGROUP>

<TBODY>

<TR ACOPY="Y" ADELETE="Y" HEIGHT="30">
<TD WIDTH="226" HEIGHT="23"></TD>
<TD ALIGN="RIGHT" WIDTH="453" HEIGHT="23">(단위 : 백만 원)</TD>
</TR>
</TBODY>
</TABLE>

<TABLE BORDER="1" WIDTH="699" ACLASS="NORMAL">

<COLGROUP WIDTH="699">
<COL WIDTH="156"></COL>
<COL WIDTH="84"></COL>
<COL WIDTH="140"></COL>
<COL WIDTH="111"></COL>
<COL WIDTH="208"></COL>
</COLGROUP>

<TBODY>

<TR ACOPY="Y" ADELETE="Y" HEIGHT="30">
<TD COLSPAN="2" VALIGN="MIDDLE" WIDTH="231" HEIGHT="23">1. 차입유형</TD>
<TD COLSPAN="3" ALIGN="CENTER" VALIGN="MIDDLE" WIDTH="450" HEIGHT="23">단기차입금</TD>
</TR>

<TR ACOPY="Y" ADELETE="Y" HEIGHT="30">
<TD COLSPAN="5" VALIGN="MIDDLE" WIDTH="690" HEIGHT="23">2. 차입 내역</TD>
</TR>

<TR ACOPY="Y" ADELETE="Y" HEIGHT="30">
<TD COLSPAN="2" VALIGN="MIDDLE" WIDTH="231" HEIGHT="23">가. 계약체결일</TD>
<TD COLSPAN="3" ALIGN="CENTER" VALIGN="MIDDLE" WIDTH="450" HEIGHT="23">2026.01.05</TD>
</TR>

<TR ACOPY="Y" ADELETE="Y" HEIGHT="53">
<TD COLSPAN="2" VALIGN="MIDDLE" WIDTH="231" HEIGHT="46">나. 차입처</TD>
<TD ALIGN="CENTER" VALIGN="MIDDLE" WIDTH="131" HEIGHT="46">에프디에이치2006유동화전문(유)</TD>
<TD ALIGN="CENTER" VALIGN="MIDDLE" WIDTH="102" HEIGHT="46">회사와의 관계</TD>
<TD ALIGN="CENTER" VALIGN="MIDDLE" WIDTH="199" HEIGHT="46">계열회사</TD>
</TR>

<TR ACOPY="Y" ADELETE="Y" HEIGHT="53">
<TD COLSPAN="2" VALIGN="MIDDLE" WIDTH="231" HEIGHT="46">다. 차입기간</TD>
<TD ALIGN="CENTER" VALIGN="MIDDLE" WIDTH="131" HEIGHT="46">2026.01.05.~2026.04.04.</TD>
<TD ALIGN="CENTER" VALIGN="MIDDLE" WIDTH="102" HEIGHT="46">상환일</TD>
<TD ALIGN="CENTER" VALIGN="MIDDLE" WIDTH="199" HEIGHT="46">2026.04.04</TD>
</TR>

<TR ACOPY="Y" ADELETE="Y" HEIGHT="30">
<TD COLSPAN="2" VALIGN="MIDDLE" WIDTH="231" HEIGHT="23">라. 차입금액</TD>
<TD COLSPAN="3" ALIGN="CENTER" VALIGN="MIDDLE" WIDTH="450" HEIGHT="23">800</TD>
</TR>

<TR ACOPY="Y" ADELETE="Y" HEIGHT="30">
<TD COLSPAN="2" VALIGN="MIDDLE" WIDTH="231" HEIGHT="23">- 직전사업연도말 자기자본 </TD>
<TD COLSPAN="3" ALIGN="CENTER" VALIGN="MIDDLE" WIDTH="450" HEIGHT="23">-5,606</TD>
</TR>

<TR ACOPY="Y" ADELETE="Y" HEIGHT="30">
<TD COLSPAN="2" VALIGN="MIDDLE" WIDTH="231" HEIGHT="23">- 자기자본대비 (%)</TD>
<TD COLSPAN="3" ALIGN="CENTER" VALIGN="MIDDLE" WIDTH="450" HEIGHT="23">-14.27%</TD>
</TR>

<TR ACOPY="Y" ADELETE="Y" HEIGHT="30">
<TD COLSPAN="2" VALIGN="MIDDLE" WIDTH="231" HEIGHT="23">마. 이자율(%)</TD>
<TD COLSPAN="3" ALIGN="CENTER" VALIGN="MIDDLE" WIDTH="450" HEIGHT="23">연 4.6%</TD>
</TR>

<TR ACOPY="Y" ADELETE="Y" HEIGHT="30">
<TD COLSPAN="2" VALIGN="MIDDLE" WIDTH="231" HEIGHT="23">바. 상환방법</TD>
<TD COLSPAN="3" ALIGN="CENTER" VALIGN="MIDDLE" WIDTH="450" HEIGHT="23">만기 일시상환</TD>
</TR>

<TR ACOPY="Y" ADELETE="Y" HEIGHT="30">
<TD COLSPAN="2" VALIGN="MIDDLE" WIDTH="231" HEIGHT="23">3. 자금용도</TD>
<TD COLSPAN="3" ALIGN="CENTER" VALIGN="MIDDLE" WIDTH="450" HEIGHT="23">운영자금</TD>
</TR>

<TR ACOPY="Y" ADELETE="Y" HEIGHT="53">
<TD COLSPAN="2" VALIGN="MIDDLE" WIDTH="231" HEIGHT="46">4. 거래상대방과의 차입총계 (해당 사업연도 기준)</TD>
<TD COLSPAN="3" ALIGN="CENTER" VALIGN="MIDDLE" WIDTH="450" HEIGHT="46">800</TD>
</TR>

<TR ACOPY="Y" ADELETE="Y" HEIGHT="30">
<TD COLSPAN="2" VALIGN="MIDDLE" WIDTH="231" HEIGHT="23">5. 이사회 의결일</TD>
<TD COLSPAN="3" ALIGN="CENTER" VALIGN="MIDDLE" WIDTH="450" HEIGHT="23">2026.01.05.</TD>
</TR>

<TR ACOPY="Y" ADELETE="Y" HEIGHT="30">
<TD ROWSPAN="2" VALIGN="MIDDLE" WIDTH="147" HEIGHT="53">- 사외이사 참석여부</TD>
<TD ALIGN="CENTER" VALIGN="MIDDLE" WIDTH="75" HEIGHT="23">참석(명)</TD>
<TD COLSPAN="3" ALIGN="CENTER" VALIGN="MIDDLE" WIDTH="450" HEIGHT="23">-</TD>
</TR>

<TR ACOPY="Y" ADELETE="Y" HEIGHT="30">
<TD ALIGN="CENTER" VALIGN="MIDDLE" WIDTH="75" HEIGHT="23">불참(명)</TD>
<TD COLSPAN="3" ALIGN="CENTER" VALIGN="MIDDLE" WIDTH="450" HEIGHT="23">-</TD>
</TR>

<TR ACOPY="Y" ADELETE="Y" HEIGHT="30">
<TD COLSPAN="2" VALIGN="MIDDLE" WIDTH="231" HEIGHT="23">- 감사(감사위원)참석여부</TD>
<TD COLSPAN="3" ALIGN="CENTER" VALIGN="MIDDLE" WIDTH="450" HEIGHT="23">-</TD>
</TR>

<TR ACOPY="Y" ADELETE="Y" HEIGHT="53">
<TD COLSPAN="2" VALIGN="MIDDLE" WIDTH="231" HEIGHT="46">6. 해당회사의 직전사업연도말 자산총액 </TD>
<TD ALIGN="CENTER" VALIGN="MIDDLE" WIDTH="131" HEIGHT="46">65,692</TD>
<TD ALIGN="CENTER" VALIGN="MIDDLE" WIDTH="102" HEIGHT="46">자산총액 대비(%)</TD>
<TD ALIGN="CENTER" VALIGN="MIDDLE" WIDTH="199" HEIGHT="46">1.22%</TD>
</TR>

<TR ACOPY="Y" ADELETE="Y" HEIGHT="145">
<TD COLSPAN="2" VALIGN="MIDDLE" WIDTH="231" HEIGHT="138">7. 기타</TD>
<TD COLSPAN="3" VALIGN="MIDDLE" WIDTH="450" HEIGHT="138">- 상기 '4. 거래상대방과의 차입총계'는 금번 건을 포함한 금액임.- 상기 '5. 이사회 의결일'은 당사가 상법상 이사회를 구성할 수 없는 회사이므로, 이를 사원총회로 갈음하였음.- 상기 내용은 진행과정 중 일부 변동될 수 있음.</TD>
</TR>

<TR ACOPY="Y" ADELETE="Y" HEIGHT="30">
<TD COLSPAN="2" VALIGN="MIDDLE" WIDTH="231" HEIGHT="23">※ 관련공시일</TD>
<TD COLSPAN="3" ALIGN="CENTER" VALIGN="MIDDLE" WIDTH="450" HEIGHT="23">-</TD>
</TR>
</TBODY>
</TABLE>
<P></P>
</SECTION-1>
</BODY>
</DOCUMENT>