<html>
 <head> 
  <meta content="gdi" http-equiv="X-UA-TextLayoutMetrics"> 
  <meta content="text/html; charset=euc-kr" http-equiv="Content-Type"> 
  <STYLE>
.xforms * { font-family: 돋움체;}
.xforms_title * { font-size: 13pt; padding : 0 0 10 0;}

.xforms table {
    font-size: 10px;
    padding:0px;
    border-collapse:collapse;
    color: #3D3D3D;
}
.xforms td {
    padding-left:0px;
    padding-top:0px;
    border-collapse:collapse;
    line-height:22px;
    color: #3D3D3D;
    /*text-align:right;*/
    vertical-align:middle;
    border: 1px solid #7f7f7f;
}

.xforms span {
    /*display: inline-block;*/
    padding-left:3px;
    padding-right: 1px;
    line-height:22px;
    padding-top:0px;
    padding-bottom:0px;
    text-align:left;
    vertical-align:middle;
    border: 0px solid #DBDBDB;
}

.xforms.img{
    border : 0px;
}

.xforms a:link {

    color: #194866;
    text-decoration: none;
}
.xforms a:active {

    color: #194866;
    text-decoration: none;
}
.xforms a:visited {
    color: #194866;
    text-decoration: none;
}

.xforms A:hover {
    color:008BE3;
    text-decoration: none;
}

.xforms_input{
    border: 0px solid #DBDBDB;
    padding-left:3px;
    padding-right: 1px;
    height:22px;
    padding-top:0px;
    padding-bottom:0px;
    text-align:left;
}
</STYLE> 
  <title>포바이포/단일판매ㆍ공급계약체결(자율공시)/(2026.01.05)단일판매ㆍ공급계약체결(자율공시)</title> 
 </head> 
 <body> 
  <div class="xforms"> 
   <div> 
    <span class="noprint" style="display:none;width:600px;font-size:10pt;"> </span> 
    <div class="xforms_title"> 
     <div> 
      <span style="width:600px;font-weight:bold;text-align:center;">단일판매ㆍ공급계약 체결(자율공시)</span> 
     </div> 
    </div> 
    <span class="noprint" style="display:none;width:600px;font-size:10pt;"> </span> 
    <table border="1" bordercolordark="white" bordercolorlight="#666666" cellpadding="1" cellspacing="0" id="XFormD9_Form0_Table0" style="margin:0px 0px 20px 0px;width:594px;border:1px solid #7f7f7f;"> 
     <tbody> 
      <tr> 
       <td colspan="2" width="305"> <span style="width:305px;font-size:10pt;">1. 판매ㆍ공급계약 내용</span> </td> 
       <td width="289"> <span class="xforms_input" style="width:289px;font-size:10pt;">김해시립김영원미술관 전시체험시설 등 연출 설계 및 제작 설치 용역(2차분)</span> </td> 
      </tr> 
      <tr> 
       <td rowspan="6" width="148"> <span style="width:148px;font-size:10pt;">2. 계약내역</span> </td> 
       <td width="157"> <span style="width:157px;font-size:10pt;">조건부 계약여부</span> </td> 
       <td width="289"> <span class="xforms_input" style="width:289px;font-size:10pt;">미해당</span> </td> 
      </tr> 
      <tr> 
       <td width="157"> <span style="width:157px;font-size:10pt;">확정 계약금액</span> </td> 
       <td width="289"> <span class="xforms_input" style="width:289px;font-size:10pt;text-align:right;">1,797,272,728</span> </td> 
      </tr> 
      <tr> 
       <td width="157"> <span style="width:157px;font-size:10pt;">조건부 계약금액</span> </td> 
       <td width="289"> <span class="xforms_input" style="width:289px;font-size:10pt;text-align:right;">-</span> </td> 
      </tr> 
      <tr> 
       <td width="157"> <span style="width:157px;font-size:10pt;">계약금액 총액(원)</span> </td> 
       <td width="289"> <span class="xforms_input" style="width:289px;font-size:10pt;text-align:right;">1,797,272,728</span> </td> 
      </tr> 
      <tr> 
       <td width="157"> <span style="width:157px;font-size:10pt;">최근 매출액(원)</span> </td> 
       <td width="289"> <span class="xforms_input" style="width:289px;font-size:10pt;text-align:right;">33,275,914,511</span> </td> 
      </tr> 
      <tr> 
       <td width="157"> <span style="width:157px;font-size:10pt;">매출액 대비(%)</span> </td> 
       <td width="289"> <span class="xforms_input" style="width:289px;font-size:10pt;text-align:right;">5.40</span> </td> 
      </tr> 
      <tr> 
       <td colspan="2" width="305"> <span style="width:305px;font-size:10pt;">3. 계약상대방</span> </td> 
       <td width="289"> <span class="xforms_input" style="width:289px;font-size:10pt;">경상남도 김해시</span> </td> 
      </tr> 
      <tr> 
       <td colspan="2" width="305"> <span style="width:305px;font-size:10pt;">- 최근 매출액(원)</span> </td> 
       <td width="289"> <span class="xforms_input" style="width:289px;font-size:10pt;text-align:right;">-</span> </td> 
      </tr> 
      <tr> 
       <td colspan="2" width="305"> <span style="width:305px;font-size:10pt;">- 주요사업</span> </td> 
       <td width="289"> <span class="xforms_input" style="width:289px;font-size:10pt;">-</span> </td> 
      </tr> 
      <tr> 
       <td colspan="2" width="305"> <span style="width:305px;font-size:10pt;">- 회사와의 관계</span> </td> 
       <td width="289"> <span class="xforms_input" style="width:289px;font-size:10pt;">-</span> </td> 
      </tr> 
      <tr> 
       <td colspan="2" width="305"> <span style="width:305px;font-size:10pt;">- 회사와 최근 3년간 동종계약 이행여부</span> </td> 
       <td width="289"> <span class="xforms_input" style="width:289px;font-size:10pt;">해당</span> </td> 
      </tr> 
      <tr> 
       <td colspan="2" width="305"> <span style="width:305px;font-size:10pt;">4. 판매ㆍ공급지역</span> </td> 
       <td width="289"> <span class="xforms_input" style="width:289px;font-size:10pt;">경상남도 김해시</span> </td> 
      </tr> 
      <tr> 
       <td rowspan="2" width="148"> <span style="width:148px;font-size:10pt;">5. 계약기간</span> </td> 
       <td width="157"> <span style="width:157px;font-size:10pt;text-align:center;">시작일</span> </td> 
       <td width="289"> <span class="xforms_input" style="width:289px;font-size:10pt;">2026-01-01</span> </td> 
      </tr> 
      <tr> 
       <td width="157"> <span style="width:157px;font-size:10pt;text-align:center;">종료일</span> </td> 
       <td width="289"> <span class="xforms_input" style="width:289px;font-size:10pt;">2026-03-31</span> </td> 
      </tr> 
      <tr> 
       <td rowspan="2" width="148"> <span style="width:148px;font-size:10pt;">6. 주요 계약조건</span> </td> 
       <td width="157"> <span style="width:157px;font-size:10pt;">계약금ㆍ선급금 유무</span> </td> 
       <td width="289"> <span class="xforms_input" style="width:289px;font-size:10pt;">무</span> </td> 
      </tr> 
      <tr> 
       <td width="157"> <span style="width:157px;font-size:10pt;">대금지급 조건 등</span> </td> 
       <td width="289"> <span class="xforms_input" style="width:289px;font-size:10pt;">-</span> </td> 
      </tr> 
      <tr> 
       <td rowspan="3" width="148"> <span style="width:148px;font-size:10pt;">7. 판매ㆍ공급방식</span> </td> 
       <td width="157"> <span style="width:157px;font-size:10pt;">자체생산</span> </td> 
       <td width="289"> <span class="xforms_input" style="width:289px;font-size:10pt;">해당</span> </td> 
      </tr> 
      <tr> 
       <td width="157"> <span style="width:157px;font-size:10pt;">외주생산</span> </td> 
       <td width="289"> <span class="xforms_input" style="width:289px;font-size:10pt;">미해당</span> </td> 
      </tr> 
      <tr> 
       <td width="157"> <span style="width:157px;font-size:10pt;">기타</span> </td> 
       <td width="289"> <span class="xforms_input" style="width:289px;font-size:10pt;">-</span> </td> 
      </tr> 
      <tr> 
       <td colspan="2" width="305"> <span style="width:305px;font-size:10pt;">8. 계약(수주)일자</span> </td> 
       <td width="289"> <span class="xforms_input" style="width:289px;font-size:10pt;">2026-01-02</span> </td> 
      </tr> 
      <tr> 
       <td colspan="3" width="594"> <span style="width:594px;font-size:10pt;">9. 기타 투자판단에 참고할 사항</span> </td> 
      </tr> 
      <tr> 
       <td colspan="3" width="594"> <span class="xforms_input" style="width:594px;font-size:10pt;">- 본 용역의 총용역부가금액은 3,812,841,818원이며,총완수일자는 2026.03.31.입니다. <br xmlns:java="http://xml.apache.org/xalan/java"> <br xmlns:java="http://xml.apache.org/xalan/java">- 상기 계약금액은 부가가치세를 제외한 금액입니다. <br xmlns:java="http://xml.apache.org/xalan/java"> <br xmlns:java="http://xml.apache.org/xalan/java">- 상기 최근 매출액은 당사의 2024년 연결 기준 매출액입니다. <br xmlns:java="http://xml.apache.org/xalan/java"> <br xmlns:java="http://xml.apache.org/xalan/java">- 상기 계약금액 및 계약기간 등 계약조건은 향후 진행과정에 따라 변동될 수 있습니다.</span> </td> 
      </tr> 
      <tr> 
       <td width="148"> <span style="width:148px;font-size:10pt;">※ 관련공시</span> </td> 
       <td colspan="2" width="446"> <span style="width:446px;font-size:10pt;"> <a href="http://kind.krx.co.kr/common/disclsviewer.do?method=search&amp;acptno=20250312000262&amp;rcpno=20250312000262&amp;orgid=K&amp;tran=Y&amp;langTpCd=0" target="_blank" xmlns="http://www.w3.org/1999/xhtml" xmlns:xf="http://www.w3.org/2002/xforms" xmlns:xh="http://www.w3.org/1999/xhtml" xmlns:xsd="http://www.w3.org/2001/XMLSchema">2025-03-12 수시공시의무관련사항(공정공시)(김해시립김영원미술관 전시체험시설 등 연출 설계 및 제작·설치 용역 낙찰)</a> <br xmlns:java="http://xml.apache.org/xalan/java"> <a href="http://kind.krx.co.kr/common/disclsviewer.do?method=search&amp;acptno=20250312000269&amp;rcpno=20250312000269&amp;orgid=K&amp;tran=Y&amp;langTpCd=0" target="_blank" xmlns="http://www.w3.org/1999/xhtml" xmlns:xf="http://www.w3.org/2002/xforms" xmlns:xh="http://www.w3.org/1999/xhtml" xmlns:xsd="http://www.w3.org/2001/XMLSchema">2025-03-12 단일판매ㆍ공급계약체결(자율공시)</a> <br xmlns:java="http://xml.apache.org/xalan/java"> <a href="http://kind.krx.co.kr/common/disclsviewer.do?method=search&amp;acptno=20251230001200&amp;rcpno=20251230001200&amp;orgid=K&amp;tran=Y&amp;langTpCd=0" target="_blank" xmlns="http://www.w3.org/1999/xhtml" xmlns:xf="http://www.w3.org/2002/xforms" xmlns:xh="http://www.w3.org/1999/xhtml" xmlns:xsd="http://www.w3.org/2001/XMLSchema">2025-12-30 단일판매ㆍ공급계약체결(자율공시)</a> <br xmlns:java="http://xml.apache.org/xalan/java"> </span> </td> 
      </tr> 
     </tbody> 
    </table> 
   </div> 
  </div>  
 </body>
</html>