<?xml version="1.0" encoding="utf-8"?>


<DOCUMENT xmlns:xsi="http://www.w3.org/2001/XMLSchema-instance" xsi:noNamespaceSchemaLocation="dart4.xsd">

<DOCUMENT-NAME ACODE="11333">주요사항보고서(자기주식 처분 결정)</DOCUMENT-NAME>
<FORMULA-VERSION ADATE="20251230">6.2</FORMULA-VERSION>
<COMPANY-NAME AREGCIK="00103015">고려제약</COMPANY-NAME>


<BODY ATOCID="2">

<LIBRARY>
<SECTION-1 ACLASS="MANDATORY" APARTSOURCE="SOURCE">
<TITLE ATOC="Y" AASSOCNOTE="D-0-0-0-0" ENG="Report on Major Issues／Reporting Obligations to the KRX" ATOCID="2">주요사항보고서 / 거래소 신고의무 사항</TITLE>

<TABLE ACLASS="NORMAL" AFIXTABLE="Y" WIDTH="600" BORDER="0">

<COLGROUP WIDTH="600">
<COL WIDTH="141"></COL>
<COL WIDTH="183"></COL>
<COL WIDTH="276"></COL>
</COLGROUP>

<TBODY>

<TR ACOPY="Y" ADELETE="Y" HEIGHT="30">
<TD COLSPAN="3" WIDTH="591" HEIGHT="23"></TD>
</TR>

<TR ACOPY="Y" ADELETE="Y" HEIGHT="53">
<TD COLSPAN="3" WIDTH="591" HEIGHT="46"></TD>
</TR>

<TR ACOPY="Y" ADELETE="Y" HEIGHT="30">
<TD COLSPAN="2" VALIGN="MIDDLE" WIDTH="315" HEIGHT="23">금융위원회 / 한국거래소 귀중</TD>
<TD ALIGN="RIGHT" VALIGN="MIDDLE" WIDTH="267" HEIGHT="23">  2026년   01월   05일</TD>
</TR>

<TR ACOPY="Y" ADELETE="Y" HEIGHT="53">
<TD COLSPAN="3" WIDTH="591" HEIGHT="46"></TD>
</TR>

<TR ACOPY="Y" ADELETE="Y" HEIGHT="30">
<TD WIDTH="132" HEIGHT="23">회     사     명  :</TD>
<TD COLSPAN="2" WIDTH="450" HEIGHT="23">고려제약주식회사</TD>
</TR>

<TR ACOPY="Y" ADELETE="Y" HEIGHT="30">
<TD WIDTH="132" HEIGHT="23">대  표   이  사  :</TD>
<TD COLSPAN="2" WIDTH="450" HEIGHT="23">박해룡,박상훈</TD>
</TR>

<TR ACOPY="Y" ADELETE="Y" HEIGHT="30">
<TD WIDTH="132" HEIGHT="23">본 점  소 재 지 :</TD>
<TD COLSPAN="2" WIDTH="450" HEIGHT="23">경기도 이천시 신둔면 원적로 69-10</TD>
</TR>

<TR ACOPY="Y" ADELETE="Y" HEIGHT="30">
<TD WIDTH="132" HEIGHT="23"></TD>
<TD COLSPAN="2" WIDTH="450" HEIGHT="23">(전  화)031-634-7100</TD>
</TR>

<TR ACOPY="Y" ADELETE="Y" HEIGHT="30">
<TD WIDTH="132" HEIGHT="23"></TD>
<TD COLSPAN="2" WIDTH="450" HEIGHT="23">(홈페이지)http://www.nicepharma.com</TD>
</TR>

<TR ACOPY="Y" ADELETE="Y" HEIGHT="30">
<TD WIDTH="132" HEIGHT="23"></TD>
<TD COLSPAN="2" WIDTH="450" HEIGHT="23"></TD>
</TR>

<TR ACOPY="Y" ADELETE="Y" HEIGHT="30">
<TD COLSPAN="3" WIDTH="591" HEIGHT="23"></TD>
</TR>

<TR ACOPY="Y" ADELETE="Y" HEIGHT="30">
<TD COLSPAN="3" WIDTH="591" HEIGHT="23"></TD>
</TR>

<TR ACOPY="Y" ADELETE="Y" HEIGHT="30">
<TD WIDTH="132" HEIGHT="23">작 성 책 임 자 :</TD>
<TD WIDTH="174" HEIGHT="23">(직  책)관리본부장</TD>
<TD WIDTH="267" HEIGHT="23">(성  명)이경득</TD>
</TR>

<TR ACOPY="Y" ADELETE="Y" HEIGHT="30">
<TD WIDTH="132" HEIGHT="23"></TD>
<TD COLSPAN="2" WIDTH="450" HEIGHT="23">(전  화)02-529-6100</TD>
</TR>

<TR ACOPY="Y" ADELETE="Y" HEIGHT="30">
<TD COLSPAN="3" WIDTH="591" HEIGHT="23"></TD>
</TR>
</TBODY>
</TABLE>
<P></P>
<PGBRK></PGBRK>
</SECTION-1>
</LIBRARY>


<SECTION-1 ACLASS="MANDATORY" APARTSOURCE="SOURCE">
<TITLE ATOC="Y" AASSOCNOTE="D-0-1-0-0" ENG="Decision on Disposal of Treasury Stock" ATOCID="1">자기주식 처분 결정</TITLE>
<P></P>

<TABLE-GROUP ACLASS="TBL_SEL_STK" ADELETETABLE="N">

<TABLE ACLASS="EXTRACTION" AFIXTABLE="Y" WIDTH="609" BORDER="1">

<COLGROUP WIDTH="609">
<COL WIDTH="100"></COL>
<COL WIDTH="167"></COL>
<COL WIDTH="101"></COL>
<COL WIDTH="81"></COL>
<COL WIDTH="80"></COL>
<COL WIDTH="80"></COL>
</COLGROUP>

<TBODY>

<TR ACOPY="N" ADELETE="N" HEIGHT="30">
<TD ROWSPAN="2" COLSPAN="2" VALIGN="MIDDLE" WIDTH="258" HEIGHT="53" AUPDATECONT="N" ENG="1. Shares to be disposed of (shrs.)">1. 처분예정주식(주)</TD>
<TD ALIGN="CENTER" WIDTH="92" HEIGHT="23" AUPDATECONT="N" ENG="Common stock">보통주식</TD>
<TE COLSPAN="3" ALIGN="RIGHT" WIDTH="232" HEIGHT="23" ACODE="SEL_OSTK">4,102</TE>
</TR>

<TR ACOPY="N" ADELETE="N" HEIGHT="30">
<TD ALIGN="CENTER" WIDTH="92" HEIGHT="23" AUPDATECONT="N" ENG="Different classes of stocks">기타주식</TD>
<TE COLSPAN="3" ALIGN="RIGHT" WIDTH="232" HEIGHT="23" ACODE="SEL_ESTK">-</TE>
</TR>

<TR ACOPY="N" ADELETE="N" HEIGHT="30">
<TD ROWSPAN="2" COLSPAN="2" VALIGN="MIDDLE" WIDTH="258" HEIGHT="53" AUPDATECONT="N" ENG="2. Price of shares to be disposed of (KRW)">2. 처분 대상 주식가격(원)</TD>
<TD ALIGN="CENTER" WIDTH="92" HEIGHT="23" AUPDATECONT="N" ENG="Common stock">보통주식</TD>
<TE COLSPAN="3" ALIGN="RIGHT" WIDTH="232" HEIGHT="23" ACODE="SEL_OSTK_SPRC">4,320</TE>
</TR>

<TR ACOPY="N" ADELETE="N" HEIGHT="30">
<TD ALIGN="CENTER" WIDTH="92" HEIGHT="23" AUPDATECONT="N" ENG="Different classes of stocks">기타주식</TD>
<TE COLSPAN="3" ALIGN="RIGHT" WIDTH="232" HEIGHT="23" ACODE="SEL_ESTK_SPRC">-</TE>
</TR>

<TR ACOPY="N" ADELETE="N" HEIGHT="30">
<TD ROWSPAN="2" COLSPAN="2" VALIGN="MIDDLE" WIDTH="258" HEIGHT="53" AUPDATECONT="N" ENG="3. Estimated disposal amount (KRW)">3. 처분예정금액(원)</TD>
<TD ALIGN="CENTER" WIDTH="92" HEIGHT="23" AUPDATECONT="N" ENG="Common stock">보통주식</TD>
<TE COLSPAN="3" ALIGN="RIGHT" WIDTH="232" HEIGHT="23" ACODE="SEL_OSTK_PRC">17,720,640</TE>
</TR>

<TR ACOPY="N" ADELETE="N" HEIGHT="30">
<TD ALIGN="CENTER" WIDTH="92" HEIGHT="23" AUPDATECONT="N" ENG="Different classes of stocks">기타주식</TD>
<TE COLSPAN="3" ALIGN="RIGHT" WIDTH="232" HEIGHT="23" ACODE="SEL_ESTK_PRC">-</TE>
</TR>

<TR ACOPY="N" ADELETE="N" HEIGHT="30">
<TD ROWSPAN="2" COLSPAN="2" VALIGN="MIDDLE" WIDTH="258" HEIGHT="53" AUPDATECONT="N" ENG="4. Scheduled disposal period">4. 처분예정기간</TD>
<TD ALIGN="CENTER" WIDTH="92" HEIGHT="23" AUPDATECONT="N" ENG="Start date">시작일</TD>
<TU COLSPAN="3" ALIGN="CENTER" WIDTH="232" HEIGHT="23" AUNIT="SEL_BGN" AUNITVALUE="20260106">2026년 01월 06일</TU>
</TR>

<TR ACOPY="N" ADELETE="N" HEIGHT="30">
<TD ALIGN="CENTER" WIDTH="92" HEIGHT="23" AUPDATECONT="N" ENG="End date">종료일</TD>
<TU COLSPAN="3" ALIGN="CENTER" WIDTH="232" HEIGHT="23" AUNIT="SEL_END" AUNITVALUE="20260206">2026년 02월 06일</TU>
</TR>

<TR ACOPY="N" ADELETE="N" HEIGHT="30">
<TD COLSPAN="3" WIDTH="359" HEIGHT="23" AUPDATECONT="N" ENG="5. Purpose of disposal">5. 처분목적</TD>
<TE COLSPAN="3" WIDTH="232" HEIGHT="23" ACODE="SEL_PPS" VALIGN="MIDDLE">퇴직자 인센티브 자사주 지급</TE>
</TR>

<TR ACOPY="N" ADELETE="N" HEIGHT="30">
<TD ROWSPAN="4" VALIGN="MIDDLE" WIDTH="91" HEIGHT="113" AUPDATECONT="N" ENG="6. Disposal method">6. 처분방법</TD>
<TD VALIGN="MIDDLE" WIDTH="259" HEIGHT="23" AUPDATECONT="N" COLSPAN="2" ALIGN="CENTER" ENG="Sale on the market (shrs.)">시장을 통한 매도(주)</TD>
<TE ALIGN="RIGHT" WIDTH="232" HEIGHT="23" ACODE="SEL_MTH_MRK" COLSPAN="3">-</TE>
</TR>

<TR ACOPY="N" ADELETE="N" HEIGHT="30">
<TD WIDTH="259" HEIGHT="23" AUPDATECONT="N" COLSPAN="2" VALIGN="MIDDLE" ALIGN="CENTER" ENG="Off-hours block trading (shrs.)">시간외대량매매(주)</TD>
<TE ALIGN="RIGHT" WIDTH="232" HEIGHT="23" ACODE="SEL_MTH_OVT" COLSPAN="3">-</TE>
</TR>

<TR ACOPY="N" ADELETE="N" HEIGHT="30">
<TD VALIGN="MIDDLE" WIDTH="259" HEIGHT="23" AUPDATECONT="N" COLSPAN="2" ALIGN="CENTER" ENG="Disposal in OTC (shrs.)">장외처분(주)</TD>
<TE ALIGN="RIGHT" WIDTH="232" HEIGHT="23" ACODE="SEL_MTH_OMRK" COLSPAN="3">-</TE>
</TR>

<TR ACOPY="N" ADELETE="N" HEIGHT="30">
<TD WIDTH="259" HEIGHT="23" AUPDATECONT="N" COLSPAN="2" VALIGN="MIDDLE" ALIGN="CENTER" ENG="Others (shrs.)">기 타(주)</TD>
<TE ALIGN="RIGHT" WIDTH="232" HEIGHT="23" ACODE="SEL_MTH_ETC" COLSPAN="3">4,102</TE>
</TR>

<TR ACOPY="N" ADELETE="N" HEIGHT="30">
<TD COLSPAN="3" WIDTH="359" HEIGHT="23" AUPDATECONT="N" ENG="7. Counterparty">7. 처분상대방</TD>
<TE COLSPAN="3" WIDTH="232" HEIGHT="23" ACODE="DSPS_PARN" VALIGN="MIDDLE">남상철, 정병조</TE>
</TR>

<TR ACOPY="N" ADELETE="N" HEIGHT="30">
<TD COLSPAN="3" WIDTH="359" HEIGHT="23" AUPDATECONT="N" ENG="8. Entrusted brokerage company">8. 위탁투자중개업자</TD>
<TE COLSPAN="3" WIDTH="232" HEIGHT="23" ACODE="CI_BRK" VALIGN="MIDDLE">-</TE>
</TR>

<TR ACOPY="N" ADELETE="N" HEIGHT="30">
<TD ROWSPAN="4" VALIGN="MIDDLE" WIDTH="91" HEIGHT="113" AUPDATECONT="N" ENG="9. Treasury stock holding before disposal">9. 처분 전  자기주식  보유현황</TD>
<TD ROWSPAN="2" VALIGN="MIDDLE" WIDTH="158" HEIGHT="53" AUPDATECONT="N" ALIGN="CENTER" ENG="Acquisition within profits available for dividends (shrs.)">배당가능이익범위 내 취득(주)</TD>
<TD ALIGN="CENTER" WIDTH="92" HEIGHT="23" AUPDATECONT="N" ENG="Common stock">보통주식</TD>
<TE ALIGN="RIGHT" WIDTH="72" HEIGHT="23" ACODE="HLD_OSTK">180,337</TE>
<TD ALIGN="CENTER" WIDTH="71" HEIGHT="23" AUPDATECONT="N" ENG="Ratio (%)">비율(%)</TD>
<TE ALIGN="RIGHT" WIDTH="71" HEIGHT="23" ACODE="HLD_OSTK_RT">1.6</TE>
</TR>

<TR ACOPY="N" ADELETE="N" HEIGHT="30">
<TD ALIGN="CENTER" WIDTH="92" HEIGHT="23" AUPDATECONT="N" ENG="Different classes of stocks">기타주식</TD>
<TE ALIGN="RIGHT" WIDTH="72" HEIGHT="23" ACODE="HLD_ESTK">-</TE>
<TD ALIGN="CENTER" WIDTH="71" HEIGHT="23" AUPDATECONT="N" ENG="Ratio (%)">비율(%)</TD>
<TE ALIGN="RIGHT" WIDTH="71" HEIGHT="23" ACODE="HLD_ESTK_RT">-</TE>
</TR>

<TR ACOPY="N" ADELETE="N" HEIGHT="30">
<TD ROWSPAN="2" VALIGN="MIDDLE" WIDTH="158" HEIGHT="53" AUPDATECONT="N" ALIGN="CENTER" ENG="Other acquisition (shrs.)">기타취득(주)</TD>
<TD ALIGN="CENTER" WIDTH="92" HEIGHT="23" AUPDATECONT="N" ENG="Common stock">보통주식</TD>
<TE ALIGN="RIGHT" WIDTH="72" HEIGHT="23" ACODE="EG_OSTK">-</TE>
<TD ALIGN="CENTER" WIDTH="71" HEIGHT="23" AUPDATECONT="N" ENG="Ratio (%)">비율(%)</TD>
<TE ALIGN="RIGHT" WIDTH="71" HEIGHT="23" ACODE="EG_OSTK_RT">-</TE>
</TR>

<TR ACOPY="N" ADELETE="N" HEIGHT="30">
<TD ALIGN="CENTER" WIDTH="92" HEIGHT="23" AUPDATECONT="N" ENG="Different classes of stocks">기타주식</TD>
<TE ALIGN="RIGHT" WIDTH="72" HEIGHT="23" ACODE="EG_ESTK">-</TE>
<TD ALIGN="CENTER" WIDTH="71" HEIGHT="23" AUPDATECONT="N" ENG="Ratio (%)">비율(%)</TD>
<TE ALIGN="RIGHT" WIDTH="71" HEIGHT="23" ACODE="EG_ESTK_RT">-</TE>
</TR>

<TR ACOPY="N" ADELETE="N" HEIGHT="30">
<TD COLSPAN="3" WIDTH="359" HEIGHT="23" AUPDATECONT="N" ENG="10. Disposal decision date">10. 처분결정일</TD>
<TU COLSPAN="3" ALIGN="CENTER" WIDTH="232" HEIGHT="23" AUNIT="SEL_DATE" AUNITVALUE="20260105">2026년 01월 05일</TU>
</TR>

<TR ACOPY="N" ADELETE="N" HEIGHT="30">
<TD ROWSPAN="2" COLSPAN="2" VALIGN="MIDDLE" WIDTH="258" HEIGHT="53" AUPDATECONT="N" ENG="- Attendance of outside directors">   - 사외이사참석여부</TD>
<TD ALIGN="CENTER" WIDTH="92" HEIGHT="23" AUPDATECONT="N" ENG="Present (No.)">참석(명)</TD>
<TE COLSPAN="3" ALIGN="RIGHT" WIDTH="232" HEIGHT="23" ACODE="ATD_CNT">1</TE>
</TR>

<TR ACOPY="N" ADELETE="N" HEIGHT="30">
<TD ALIGN="CENTER" WIDTH="92" HEIGHT="23" AUPDATECONT="N" ENG="Absent (No.)">불참(명)</TD>
<TE COLSPAN="3" ALIGN="RIGHT" WIDTH="232" HEIGHT="23" ACODE="NATD_CNT">-</TE>
</TR>

<TR ACOPY="N" ADELETE="N" HEIGHT="30">
<TD COLSPAN="3" WIDTH="359" HEIGHT="23" AUPDATECONT="N" ENG="- Attendance of auditors (Members of Audit Committee who are not outside directors)">   - 감사(사외이사가 아닌 감사위원)참석여부</TD>
<TU COLSPAN="3" ALIGN="CENTER" WIDTH="232" HEIGHT="23" AUNIT="ADT_ATD_YN" AUNITVALUE="Y" ENG="Present">참석</TU>
</TR>

<TR ACOPY="N" ADELETE="N" HEIGHT="30">
<TD ROWSPAN="2" COLSPAN="2" VALIGN="MIDDLE" WIDTH="258" HEIGHT="53" AUPDATECONT="N" ENG="11. Limit of selling order per day">11. 1일 매도 주문수량 한도</TD>
<TD ALIGN="CENTER" WIDTH="92" HEIGHT="23" AUPDATECONT="N" ENG="Common stock">보통주식</TD>
<TE COLSPAN="3" ALIGN="RIGHT" WIDTH="232" HEIGHT="23" ACODE="SEL_OSTK_LMT">-</TE>
</TR>

<TR ACOPY="N" ADELETE="N" HEIGHT="30">
<TD ALIGN="CENTER" WIDTH="92" HEIGHT="23" AUPDATECONT="N" ENG="Different classes of stocks">기타주식</TD>
<TE COLSPAN="3" ALIGN="RIGHT" WIDTH="232" HEIGHT="23" ACODE="SEL_ESTK_LMT">-</TE>
</TR>
</TBODY>
</TABLE>
</TABLE-GROUP>

<TABLE ACLASS="NORMAL" AFIXTABLE="Y" WIDTH="600" BORDER="0">

<COLGROUP WIDTH="600">
<COL WIDTH="600"></COL>
</COLGROUP>

<TBODY>

<TR ACOPY="N" ADELETE="N" HEIGHT="30">
<TD WIDTH="591" HEIGHT="23" AUPDATECONT="N" ENG="12. Other matters to be factored into investment decisions">12. 기타 투자판단에 참고할 사항</TD>
</TR>
</TBODY>
</TABLE>
<P>1) 상기 "2. 처분 대상 주식가격"은 본 이사회결의일 전일 (2026년 01월  02일) 종가 (4,320원) 기준이며 상기 "3. 처분예정금액은" 처분 대상 주식가격에 처분예정주식 수를 곱한 금액으로 실제 처분되는 주식가격 및 처분금액은 향후 주가변동에 따라 달라질 수 있습니다.2) 처분근거는 당사퇴직자 인센티브 지급규정에 따라 직원이 퇴직시 근속연수를 기준으로 퇴직자에게 인센티브를 지급하고 있습니다.  성명 : 남상철, 정병조3) 처분방법은 당사 자기주식계좌에서 퇴직자에게 주식을 현물로 지급하는 방식입니다.4) 상기 "8.처분 전 자기주식보유현항"의 보통주식 비율은 총 발행주식 11,000,000주를 기준으로 계산한 비율입니다.5) 상기 "9. 처분결정일"은 이사회 결의일입니다.</P>
<P></P>

<TABLE-GROUP ACLASS="TBL_OWN_STK" ADELETETABLE="N">

<TABLE ACLASS="NORMAL" AFIXTABLE="Y" WIDTH="600" BORDER="0">

<COLGROUP WIDTH="600">
<COL WIDTH="600"></COL>
</COLGROUP>

<TBODY>

<TR ACOPY="N" ADELETE="N" HEIGHT="30">
<TD WIDTH="591" HEIGHT="23" AUPDATECONT="N" ENG="【Status of Treasury Stock Holding before Decision on Disposal of Treasury Stock】">【자기주식 처분 결정 전 자기주식 보유현황】</TD>
</TR>
</TBODY>
</TABLE>

<TABLE ACLASS="EXTRACTION" AFIXTABLE="Y" WIDTH="765" BORDER="0">

<COLGROUP WIDTH="765">
<COL WIDTH="765"></COL>
</COLGROUP>

<TBODY>

<TR ACOPY="N" ADELETE="N" HEIGHT="30">
<TU ALIGN="RIGHT" VALIGN="BOTTOM" WIDTH="756" HEIGHT="23" AUNIT="STOCK" AUNITVALUE="1" ENG="(Unit: shares)">(단위 : 주)</TU>
</TR>
</TBODY>
</TABLE>

<TABLE ACLASS="EXTRACTION" AFIXTABLE="Y" WIDTH="767" BORDER="1">

<COLGROUP WIDTH="767">
<COL WIDTH="62"></COL>
<COL WIDTH="58"></COL>
<COL WIDTH="123"></COL>
<COL WIDTH="99"></COL>
<COL WIDTH="71"></COL>
<COL WIDTH="73"></COL>
<COL WIDTH="74"></COL>
<COL WIDTH="72"></COL>
<COL WIDTH="69"></COL>
<COL WIDTH="66"></COL>
</COLGROUP>

<THEAD>

<TR ACOPY="N" ADELETE="N" HEIGHT="30">
<TH VALIGN="MIDDLE" WIDTH="234" HEIGHT="53" ACOPYCOL="N" ADELETECOL="N" AMOVECOL="N" AUPDATECONT="N" ROWSPAN="2" COLSPAN="3" ENG="Acquisition method">취득방법</TH>
<TH VALIGN="MIDDLE" WIDTH="90" HEIGHT="53" ACOPYCOL="N" ADELETECOL="N" AMOVECOL="N" AUPDATECONT="N" ROWSPAN="2" ENG="Type of shares">주식의 종류</TH>
<TH VALIGN="MIDDLE" WIDTH="62" HEIGHT="53" ACOPYCOL="N" ADELETECOL="N" AMOVECOL="N" AUPDATECONT="N" ROWSPAN="2" ENG="Beginning balance">기초수량</TH>
<TH VALIGN="MIDDLE" WIDTH="210" HEIGHT="23" ACOPYCOL="N" ADELETECOL="N" AMOVECOL="N" AUPDATECONT="N" COLSPAN="3" ENG="Change in quantity">변동 수량</TH>
<TH VALIGN="MIDDLE" WIDTH="60" HEIGHT="53" ACOPYCOL="N" ADELETECOL="N" AMOVECOL="N" AUPDATECONT="N" ROWSPAN="2" ENG="Closing balance">기말수량</TH>
<TH VALIGN="MIDDLE" WIDTH="57" HEIGHT="53" ACOPYCOL="N" ADELETECOL="N" AMOVECOL="N" AUPDATECONT="N" ROWSPAN="2" ENG="Note">비고</TH>
</TR>

<TR ACOPY="N" ADELETE="N" HEIGHT="30">
<TH VALIGN="MIDDLE" WIDTH="64" HEIGHT="23" ACOPYCOL="N" ADELETECOL="N" AMOVECOL="N" AUPDATECONT="N" ENG="Acquisition (+)">취득(+)</TH>
<TH VALIGN="MIDDLE" WIDTH="65" HEIGHT="23" ACOPYCOL="N" ADELETECOL="N" AMOVECOL="N" AUPDATECONT="N" ENG="Disposal (-)">처분(-)</TH>
<TH VALIGN="MIDDLE" WIDTH="63" HEIGHT="23" ACOPYCOL="N" ADELETECOL="N" AMOVECOL="N" AUPDATECONT="N" ENG="Retirement (-)">소각(-)</TH>
</TR>
</THEAD>

<TBODY>

<TR ACOPY="N" ADELETE="N" HEIGHT="30">
<TD ROWSPAN="14" ALIGN="CENTER" VALIGN="MIDDLE" WIDTH="53" HEIGHT="413" AUPDATECONT="N" ENG="Acquisition within profits available for dividends">배당가능이익범위이내취득</TD>
<TD ROWSPAN="8" ALIGN="CENTER" VALIGN="MIDDLE" WIDTH="49" HEIGHT="233" AUPDATECONT="N" ENG="Direct acquisition">직접취득</TD>
<TD ALIGN="CENTER" VALIGN="MIDDLE" WIDTH="114" HEIGHT="53" AUPDATECONT="N" ROWSPAN="2" ENG="Direct acquisition on the exchange">장내 직접 취득</TD>
<TD ALIGN="CENTER" VALIGN="MIDDLE" WIDTH="90" HEIGHT="23" AUPDATECONT="N" ENG="Common stock">보통주식</TD>
<TE ALIGN="RIGHT" VALIGN="MIDDLE" WIDTH="62" HEIGHT="23" ACODE="DI_OSTK_BGN">180,337</TE>
<TE ALIGN="RIGHT" VALIGN="MIDDLE" WIDTH="64" HEIGHT="23" ACODE="DI_OSTK_ACQ">-</TE>
<TE ALIGN="RIGHT" VALIGN="MIDDLE" WIDTH="65" HEIGHT="23" ACODE="DI_OSTK_TRD">-</TE>
<TE ALIGN="RIGHT" VALIGN="MIDDLE" WIDTH="63" HEIGHT="23" ACODE="DI_OSTK_RTM">-</TE>
<TE ALIGN="RIGHT" VALIGN="MIDDLE" WIDTH="60" HEIGHT="23" ACODE="DI_OSTK_END">180,337</TE>
<TE VALIGN="MIDDLE" WIDTH="57" HEIGHT="23" ACODE="DI_OSTK_NOTE">-</TE>
</TR>

<TR ACOPY="N" ADELETE="N" HEIGHT="30">
<TD ALIGN="CENTER" VALIGN="MIDDLE" WIDTH="90" HEIGHT="23" AUPDATECONT="N" ENG="Different classes of stocks">기타주식</TD>
<TE ALIGN="RIGHT" VALIGN="MIDDLE" WIDTH="62" HEIGHT="23" ACODE="DI_ESTK_BGN">-</TE>
<TE ALIGN="RIGHT" VALIGN="MIDDLE" WIDTH="64" HEIGHT="23" ACODE="DI_ESTK_ACQ">-</TE>
<TE ALIGN="RIGHT" VALIGN="MIDDLE" WIDTH="65" HEIGHT="23" ACODE="DI_ESTK_TRD">-</TE>
<TE ALIGN="RIGHT" VALIGN="MIDDLE" WIDTH="63" HEIGHT="23" ACODE="DI_ESTK_RTM">-</TE>
<TE ALIGN="RIGHT" VALIGN="MIDDLE" WIDTH="60" HEIGHT="23" ACODE="DI_ESTK_END">-</TE>
<TE VALIGN="MIDDLE" WIDTH="57" HEIGHT="23" ACODE="DI_ESTK_NOTE">-</TE>
</TR>

<TR ACOPY="N" ADELETE="N" HEIGHT="30">
<TD ALIGN="CENTER" VALIGN="MIDDLE" WIDTH="114" HEIGHT="53" AUPDATECONT="N" ROWSPAN="2" ENG="Direct acquisition in OTC">장외직접 취득</TD>
<TD ALIGN="CENTER" VALIGN="MIDDLE" WIDTH="90" HEIGHT="23" AUPDATECONT="N" ENG="Common stock">보통주식</TD>
<TE ALIGN="RIGHT" VALIGN="MIDDLE" WIDTH="62" HEIGHT="23" ACODE="DO_OSTK_BGN">-</TE>
<TE ALIGN="RIGHT" VALIGN="MIDDLE" WIDTH="64" HEIGHT="23" ACODE="DO_OSTK_ACQ">-</TE>
<TE ALIGN="RIGHT" VALIGN="MIDDLE" WIDTH="65" HEIGHT="23" ACODE="DO_OSTK_TRD">-</TE>
<TE ALIGN="RIGHT" VALIGN="MIDDLE" WIDTH="63" HEIGHT="23" ACODE="DO_OSTK_RTM">-</TE>
<TE ALIGN="RIGHT" VALIGN="MIDDLE" WIDTH="60" HEIGHT="23" ACODE="DO_OSTK_END">-</TE>
<TE VALIGN="MIDDLE" WIDTH="57" HEIGHT="23" ACODE="DO_OSTK_NOTE">-</TE>
</TR>

<TR ACOPY="N" ADELETE="N" HEIGHT="30">
<TD ALIGN="CENTER" VALIGN="MIDDLE" WIDTH="90" HEIGHT="23" AUPDATECONT="N" ENG="Different classes of stocks">기타주식</TD>
<TE ALIGN="RIGHT" VALIGN="MIDDLE" WIDTH="62" HEIGHT="23" ACODE="DO_ESTK_BGN">-</TE>
<TE ALIGN="RIGHT" VALIGN="MIDDLE" WIDTH="64" HEIGHT="23" ACODE="DO_ESTK_ACQ">-</TE>
<TE ALIGN="RIGHT" VALIGN="MIDDLE" WIDTH="65" HEIGHT="23" ACODE="DO_ESTK_TRD">-</TE>
<TE ALIGN="RIGHT" VALIGN="MIDDLE" WIDTH="63" HEIGHT="23" ACODE="DO_ESTK_RTM">-</TE>
<TE ALIGN="RIGHT" VALIGN="MIDDLE" WIDTH="60" HEIGHT="23" ACODE="DO_ESTK_END">-</TE>
<TE VALIGN="MIDDLE" WIDTH="57" HEIGHT="23" ACODE="DO_ESTK_NOTE">-</TE>
</TR>

<TR ACOPY="N" ADELETE="N" HEIGHT="30">
<TD ALIGN="CENTER" VALIGN="MIDDLE" WIDTH="114" HEIGHT="53" AUPDATECONT="N" ROWSPAN="2" ENG="Tender offer">공개매수</TD>
<TD ALIGN="CENTER" VALIGN="MIDDLE" WIDTH="90" HEIGHT="23" AUPDATECONT="N" ENG="Common stock">보통주식</TD>
<TE ALIGN="RIGHT" VALIGN="MIDDLE" WIDTH="62" HEIGHT="23" ACODE="DP_OSTK_BGN">-</TE>
<TE ALIGN="RIGHT" VALIGN="MIDDLE" WIDTH="64" HEIGHT="23" ACODE="DP_OSTK_ACQ">-</TE>
<TE ALIGN="RIGHT" VALIGN="MIDDLE" WIDTH="65" HEIGHT="23" ACODE="DP_OSTK_TRD">-</TE>
<TE ALIGN="RIGHT" VALIGN="MIDDLE" WIDTH="63" HEIGHT="23" ACODE="DP_OSTK_RTM">-</TE>
<TE ALIGN="RIGHT" VALIGN="MIDDLE" WIDTH="60" HEIGHT="23" ACODE="DP_OSTK_END">-</TE>
<TE VALIGN="MIDDLE" WIDTH="57" HEIGHT="23" ACODE="DP_OSTK_NOTE">-</TE>
</TR>

<TR ACOPY="N" ADELETE="N" HEIGHT="30">
<TD ALIGN="CENTER" VALIGN="MIDDLE" WIDTH="90" HEIGHT="23" AUPDATECONT="N" ENG="Different classes of stocks">기타주식</TD>
<TE ALIGN="RIGHT" VALIGN="MIDDLE" WIDTH="62" HEIGHT="23" ACODE="DP_ESTK_BGN">-</TE>
<TE ALIGN="RIGHT" VALIGN="MIDDLE" WIDTH="64" HEIGHT="23" ACODE="DP_ESTK_ACQ">-</TE>
<TE ALIGN="RIGHT" VALIGN="MIDDLE" WIDTH="65" HEIGHT="23" ACODE="DP_ESTK_TRD">-</TE>
<TE ALIGN="RIGHT" VALIGN="MIDDLE" WIDTH="63" HEIGHT="23" ACODE="DP_ESTK_RTM">-</TE>
<TE ALIGN="RIGHT" VALIGN="MIDDLE" WIDTH="60" HEIGHT="23" ACODE="DP_ESTK_END">-</TE>
<TE VALIGN="MIDDLE" WIDTH="57" HEIGHT="23" ACODE="DP_ESTK_NOTE">-</TE>
</TR>

<TR ACOPY="N" ADELETE="N" HEIGHT="30">
<TD ALIGN="CENTER" VALIGN="MIDDLE" WIDTH="114" HEIGHT="53" AUPDATECONT="N" ROWSPAN="2" ENG="Subtotal (a)">소계(a)</TD>
<TD ALIGN="CENTER" VALIGN="MIDDLE" WIDTH="90" HEIGHT="23" AUPDATECONT="N" ENG="Common stock">보통주식</TD>
<TE ALIGN="RIGHT" VALIGN="MIDDLE" WIDTH="62" HEIGHT="23" ACODE="DSUM_OSTK_BGN">180,337</TE>
<TE ALIGN="RIGHT" VALIGN="MIDDLE" WIDTH="64" HEIGHT="23" ACODE="DSUM_OSTK_ACQ">-</TE>
<TE ALIGN="RIGHT" VALIGN="MIDDLE" WIDTH="65" HEIGHT="23" ACODE="DSUM_OSTK_TRD">-</TE>
<TE ALIGN="RIGHT" VALIGN="MIDDLE" WIDTH="63" HEIGHT="23" ACODE="DSUM_OSTK_RTM">-</TE>
<TE ALIGN="RIGHT" VALIGN="MIDDLE" WIDTH="60" HEIGHT="23" ACODE="DSUM_OSTK_END">180,337</TE>
<TE VALIGN="MIDDLE" WIDTH="57" HEIGHT="23" ACODE="DSUM_OSTK_NOTE">-</TE>
</TR>

<TR ACOPY="N" ADELETE="N" HEIGHT="30">
<TD ALIGN="CENTER" VALIGN="MIDDLE" WIDTH="90" HEIGHT="23" AUPDATECONT="N" ENG="Different classes of stocks">기타주식</TD>
<TE ALIGN="RIGHT" VALIGN="MIDDLE" WIDTH="62" HEIGHT="23" ACODE="DSUM_ESTK_BGN">-</TE>
<TE ALIGN="RIGHT" VALIGN="MIDDLE" WIDTH="64" HEIGHT="23" ACODE="DSUM_ESTK_ACQ">-</TE>
<TE ALIGN="RIGHT" VALIGN="MIDDLE" WIDTH="65" HEIGHT="23" ACODE="DSUM_ESTK_TRD">-</TE>
<TE ALIGN="RIGHT" VALIGN="MIDDLE" WIDTH="63" HEIGHT="23" ACODE="DSUM_ESTK_RTM">-</TE>
<TE ALIGN="RIGHT" VALIGN="MIDDLE" WIDTH="60" HEIGHT="23" ACODE="DSUM_ESTK_END">-</TE>
<TE VALIGN="MIDDLE" WIDTH="57" HEIGHT="23" ACODE="DSUM_ESTK_NOTE">-</TE>
</TR>

<TR ACOPY="N" ADELETE="N" HEIGHT="30">
<TD ROWSPAN="6" ALIGN="CENTER" VALIGN="MIDDLE" WIDTH="49" HEIGHT="173" AUPDATECONT="N" ENG="Acquisition by trust contract">신탁계약에 의한취득</TD>
<TD ALIGN="CENTER" VALIGN="MIDDLE" WIDTH="114" HEIGHT="53" AUPDATECONT="N" ROWSPAN="2" ENG="Number of shares indirectly held through trust contracts">수탁자 보유물량</TD>
<TD ALIGN="CENTER" VALIGN="MIDDLE" WIDTH="90" HEIGHT="23" AUPDATECONT="N" ENG="Common stock">보통주식</TD>
<TE ALIGN="RIGHT" VALIGN="MIDDLE" WIDTH="62" HEIGHT="23" ACODE="TF_OSTK_BGN">-</TE>
<TE ALIGN="RIGHT" VALIGN="MIDDLE" WIDTH="64" HEIGHT="23" ACODE="TF_OSTK_ACQ">-</TE>
<TE ALIGN="RIGHT" VALIGN="MIDDLE" WIDTH="65" HEIGHT="23" ACODE="TF_OSTK_TRD">-</TE>
<TE ALIGN="RIGHT" VALIGN="MIDDLE" WIDTH="63" HEIGHT="23" ACODE="TF_OSTK_RTM">-</TE>
<TE ALIGN="RIGHT" VALIGN="MIDDLE" WIDTH="60" HEIGHT="23" ACODE="TF_OSTK_END">-</TE>
<TE VALIGN="MIDDLE" WIDTH="57" HEIGHT="23" ACODE="TF_OSTK_NOTE">-</TE>
</TR>

<TR ACOPY="N" ADELETE="N" HEIGHT="30">
<TD ALIGN="CENTER" VALIGN="MIDDLE" WIDTH="90" HEIGHT="23" AUPDATECONT="N" ENG="Different classes of stocks">기타주식</TD>
<TE ALIGN="RIGHT" VALIGN="MIDDLE" WIDTH="62" HEIGHT="23" ACODE="TF_ESTK_BGN">-</TE>
<TE ALIGN="RIGHT" VALIGN="MIDDLE" WIDTH="64" HEIGHT="23" ACODE="TF_ESTK_ACQ">-</TE>
<TE ALIGN="RIGHT" VALIGN="MIDDLE" WIDTH="65" HEIGHT="23" ACODE="TF_ESTK_TRD">-</TE>
<TE ALIGN="RIGHT" VALIGN="MIDDLE" WIDTH="63" HEIGHT="23" ACODE="TF_ESTK_RTM">-</TE>
<TE ALIGN="RIGHT" VALIGN="MIDDLE" WIDTH="60" HEIGHT="23" ACODE="TF_ESTK_END">-</TE>
<TE VALIGN="MIDDLE" WIDTH="57" HEIGHT="23" ACODE="TF_ESTK_NOTE">-</TE>
</TR>

<TR ACOPY="N" ADELETE="N" HEIGHT="30">
<TD ALIGN="CENTER" VALIGN="MIDDLE" WIDTH="114" HEIGHT="53" AUPDATECONT="N" ROWSPAN="2" ENG="Number of shares directly held">현물보유물량</TD>
<TD ALIGN="CENTER" VALIGN="MIDDLE" WIDTH="90" HEIGHT="23" AUPDATECONT="N" ENG="Common stock">보통주식</TD>
<TE ALIGN="RIGHT" VALIGN="MIDDLE" WIDTH="62" HEIGHT="23" ACODE="TS_OSTK_BGN">-</TE>
<TE ALIGN="RIGHT" VALIGN="MIDDLE" WIDTH="64" HEIGHT="23" ACODE="TS_OSTK_ACQ">-</TE>
<TE ALIGN="RIGHT" VALIGN="MIDDLE" WIDTH="65" HEIGHT="23" ACODE="TS_OSTK_TRD">-</TE>
<TE ALIGN="RIGHT" VALIGN="MIDDLE" WIDTH="63" HEIGHT="23" ACODE="TS_OSTK_RTM">-</TE>
<TE ALIGN="RIGHT" VALIGN="MIDDLE" WIDTH="60" HEIGHT="23" ACODE="TS_OSTK_END">-</TE>
<TE VALIGN="MIDDLE" WIDTH="57" HEIGHT="23" ACODE="TS_OSTK_NOTE">-</TE>
</TR>

<TR ACOPY="N" ADELETE="N" HEIGHT="30">
<TD ALIGN="CENTER" VALIGN="MIDDLE" WIDTH="90" HEIGHT="23" AUPDATECONT="N" ENG="Different classes of stocks">기타주식</TD>
<TE ALIGN="RIGHT" VALIGN="MIDDLE" WIDTH="62" HEIGHT="23" ACODE="TS_ESTK_BGN">-</TE>
<TE ALIGN="RIGHT" VALIGN="MIDDLE" WIDTH="64" HEIGHT="23" ACODE="TS_ESTK_ACQ">-</TE>
<TE ALIGN="RIGHT" VALIGN="MIDDLE" WIDTH="65" HEIGHT="23" ACODE="TS_ESTK_TRD">-</TE>
<TE ALIGN="RIGHT" VALIGN="MIDDLE" WIDTH="63" HEIGHT="23" ACODE="TS_ESTK_RTM">-</TE>
<TE ALIGN="RIGHT" VALIGN="MIDDLE" WIDTH="60" HEIGHT="23" ACODE="TS_ESTK_END">-</TE>
<TE VALIGN="MIDDLE" WIDTH="57" HEIGHT="23" ACODE="TS_ESTK_NOTE">-</TE>
</TR>

<TR ACOPY="N" ADELETE="N" HEIGHT="30">
<TD ALIGN="CENTER" VALIGN="MIDDLE" WIDTH="114" HEIGHT="53" AUPDATECONT="N" ROWSPAN="2" ENG="Subtotal (b)">소계(b)</TD>
<TD ALIGN="CENTER" VALIGN="MIDDLE" WIDTH="90" HEIGHT="23" AUPDATECONT="N" ENG="Common stock">보통주식</TD>
<TE ALIGN="RIGHT" VALIGN="MIDDLE" WIDTH="62" HEIGHT="23" ACODE="TSUM_OSTK_BGN">-</TE>
<TE ALIGN="RIGHT" VALIGN="MIDDLE" WIDTH="64" HEIGHT="23" ACODE="TSUM_OSTK_ACQ">-</TE>
<TE ALIGN="RIGHT" VALIGN="MIDDLE" WIDTH="65" HEIGHT="23" ACODE="TSUM_OSTK_TRD">-</TE>
<TE ALIGN="RIGHT" VALIGN="MIDDLE" WIDTH="63" HEIGHT="23" ACODE="TSUM_OSTK_RTM">-</TE>
<TE ALIGN="RIGHT" VALIGN="MIDDLE" WIDTH="60" HEIGHT="23" ACODE="TSUM_OSTK_END">-</TE>
<TE VALIGN="MIDDLE" WIDTH="57" HEIGHT="23" ACODE="TSUM_OSTK_NOTE">-</TE>
</TR>

<TR ACOPY="N" ADELETE="N" HEIGHT="30">
<TD ALIGN="CENTER" VALIGN="MIDDLE" WIDTH="90" HEIGHT="23" AUPDATECONT="N" ENG="Different classes of stocks">기타주식</TD>
<TE ALIGN="RIGHT" VALIGN="MIDDLE" WIDTH="62" HEIGHT="23" ACODE="TSUM_ESTK_BGN">-</TE>
<TE ALIGN="RIGHT" VALIGN="MIDDLE" WIDTH="64" HEIGHT="23" ACODE="TSUM_ESTK_ACQ">-</TE>
<TE ALIGN="RIGHT" VALIGN="MIDDLE" WIDTH="65" HEIGHT="23" ACODE="TSUM_ESTK_TRD">-</TE>
<TE ALIGN="RIGHT" VALIGN="MIDDLE" WIDTH="63" HEIGHT="23" ACODE="TSUM_ESTK_RTM">-</TE>
<TE ALIGN="RIGHT" VALIGN="MIDDLE" WIDTH="60" HEIGHT="23" ACODE="TSUM_ESTK_END">-</TE>
<TE VALIGN="MIDDLE" WIDTH="57" HEIGHT="23" ACODE="TSUM_ESTK_NOTE">-</TE>
</TR>

<TR ACOPY="N" ADELETE="N" HEIGHT="30">
<TD ROWSPAN="2" ALIGN="CENTER" VALIGN="MIDDLE" WIDTH="234" HEIGHT="53" AUPDATECONT="N" COLSPAN="3" ENG="Other acquisition (c)">기타 취득(c)</TD>
<TD ALIGN="CENTER" VALIGN="MIDDLE" WIDTH="90" HEIGHT="23" AUPDATECONT="N" ENG="Common stock">보통주식</TD>
<TE ALIGN="RIGHT" VALIGN="MIDDLE" WIDTH="62" HEIGHT="23" ACODE="EG_OSTK_BGN">-</TE>
<TE ALIGN="RIGHT" VALIGN="MIDDLE" WIDTH="64" HEIGHT="23" ACODE="EG_OSTK_ACQ">-</TE>
<TE ALIGN="RIGHT" VALIGN="MIDDLE" WIDTH="65" HEIGHT="23" ACODE="EG_OSTK_TRD">-</TE>
<TE ALIGN="RIGHT" VALIGN="MIDDLE" WIDTH="63" HEIGHT="23" ACODE="EG_OSTK_RTM">-</TE>
<TE ALIGN="RIGHT" VALIGN="MIDDLE" WIDTH="60" HEIGHT="23" ACODE="EG_OSTK_END">-</TE>
<TE VALIGN="MIDDLE" WIDTH="57" HEIGHT="23" ACODE="EG_OSTK_NOTE">-</TE>
</TR>

<TR ACOPY="N" ADELETE="N" HEIGHT="30">
<TD ALIGN="CENTER" VALIGN="MIDDLE" WIDTH="90" HEIGHT="23" AUPDATECONT="N" ENG="Different classes of stocks">기타주식</TD>
<TE ALIGN="RIGHT" VALIGN="MIDDLE" WIDTH="62" HEIGHT="23" ACODE="EG_ESTK_BGN">-</TE>
<TE ALIGN="RIGHT" VALIGN="MIDDLE" WIDTH="64" HEIGHT="23" ACODE="EG_ESTK_ACQ">-</TE>
<TE ALIGN="RIGHT" VALIGN="MIDDLE" WIDTH="65" HEIGHT="23" ACODE="EG_ESTK_TRD">-</TE>
<TE ALIGN="RIGHT" VALIGN="MIDDLE" WIDTH="63" HEIGHT="23" ACODE="EG_ESTK_RTM">-</TE>
<TE ALIGN="RIGHT" VALIGN="MIDDLE" WIDTH="60" HEIGHT="23" ACODE="EG_ESTK_END">-</TE>
<TE VALIGN="MIDDLE" WIDTH="57" HEIGHT="23" ACODE="EG_ESTK_NOTE">-</TE>
</TR>

<TR ACOPY="N" ADELETE="N" HEIGHT="30">
<TD ROWSPAN="2" ALIGN="CENTER" VALIGN="MIDDLE" WIDTH="234" HEIGHT="53" AUPDATECONT="N" COLSPAN="3" ENG="Total (a+b+c)">총 계(a+b+c)</TD>
<TD ALIGN="CENTER" VALIGN="MIDDLE" WIDTH="90" HEIGHT="23" AUPDATECONT="N" ENG="Common stock">보통주식</TD>
<TE ALIGN="RIGHT" VALIGN="MIDDLE" WIDTH="62" HEIGHT="23" ACODE="TOT_OSTK_BGN">180,337</TE>
<TE ALIGN="RIGHT" VALIGN="MIDDLE" WIDTH="64" HEIGHT="23" ACODE="TOT_OSTK_ACQ">-</TE>
<TE ALIGN="RIGHT" VALIGN="MIDDLE" WIDTH="65" HEIGHT="23" ACODE="TOT_OSTK_TRD">-</TE>
<TE ALIGN="RIGHT" VALIGN="MIDDLE" WIDTH="63" HEIGHT="23" ACODE="TOT_OSTK_RTM">-</TE>
<TE ALIGN="RIGHT" VALIGN="MIDDLE" WIDTH="60" HEIGHT="23" ACODE="TOT_OSTK_END">180,337</TE>
<TE VALIGN="MIDDLE" WIDTH="57" HEIGHT="23" ACODE="TOT_OSTK_NOTE">-</TE>
</TR>

<TR ACOPY="N" ADELETE="N" HEIGHT="30">
<TD ALIGN="CENTER" VALIGN="MIDDLE" WIDTH="90" HEIGHT="23" AUPDATECONT="N" ENG="Different classes of stocks">기타주식</TD>
<TE ALIGN="RIGHT" VALIGN="MIDDLE" WIDTH="62" HEIGHT="23" ACODE="TOT_ESTK_BGN">-</TE>
<TE ALIGN="RIGHT" VALIGN="MIDDLE" WIDTH="64" HEIGHT="23" ACODE="TOT_ESTK_ACQ">-</TE>
<TE ALIGN="RIGHT" VALIGN="MIDDLE" WIDTH="65" HEIGHT="23" ACODE="TOT_ESTK_TRD">-</TE>
<TE ALIGN="RIGHT" VALIGN="MIDDLE" WIDTH="63" HEIGHT="23" ACODE="TOT_ESTK_RTM">-</TE>
<TE ALIGN="RIGHT" VALIGN="MIDDLE" WIDTH="60" HEIGHT="23" ACODE="TOT_ESTK_END">-</TE>
<TE VALIGN="MIDDLE" WIDTH="57" HEIGHT="23" ACODE="TOT_ESTK_NOTE">-</TE>
</TR>
</TBODY>
</TABLE>
</TABLE-GROUP>
<P></P>
<PGBRK></PGBRK>

<TABLE ACLASS="NORMAL" AFIXTABLE="Y" WIDTH="608" BORDER="0">

<COLGROUP WIDTH="608">
<COL WIDTH="608"></COL>
</COLGROUP>

<TBODY>

<TR ACOPY="N" ADELETE="N" HEIGHT="30">
<TD WIDTH="599" HEIGHT="23" AUPDATECONT="N" ENG="【Additional matters to disclose】">【추가공시 사항】</TD>
</TR>
</TBODY>
</TABLE>
<P USERMARK="B">1. 처분상대방별 회사 또는 최대주주와의 관계</P>

<TABLE WIDTH="607" BORDER="1" ACLASS="NORMAL">

<COLGROUP WIDTH="607">
<COL WIDTH="123"></COL>
<COL WIDTH="484"></COL>
</COLGROUP>

<THEAD>

<TR ACOPY="Y" ADELETE="Y" HEIGHT="30">
<TH WIDTH="114" ACOPYCOL="Y" ADELETECOL="Y" AMOVECOL="N" VALIGN="MIDDLE" HEIGHT="23">구분</TH>
<TH WIDTH="475" ACOPYCOL="Y" ADELETECOL="Y" AMOVECOL="N" VALIGN="MIDDLE" HEIGHT="23">회사 또는 최대주주와의 관계</TH>
</TR>
</THEAD>

<TBODY>

<TR ACOPY="Y" ADELETE="Y" HEIGHT="53">
<TD ALIGN="CENTER" VALIGN="MIDDLE" WIDTH="114" HEIGHT="46">남상철</TD>
<TD ALIGN="CENTER" VALIGN="MIDDLE" WIDTH="475" HEIGHT="46">당사 및 당사의 최대주주와 특수관계 등이 없음</TD>
</TR>

<TR ACOPY="Y" ADELETE="Y" HEIGHT="53">
<TD ALIGN="CENTER" VALIGN="MIDDLE" WIDTH="114" HEIGHT="46">정병조</TD>
<TD ALIGN="CENTER" VALIGN="MIDDLE" WIDTH="475" HEIGHT="46">당사 및 당사의 최대주주와 특수관계 등이 없음</TD>
</TR>
</TBODY>
</TABLE>
<P></P>
<P USERMARK="B">2. 처분상대방 선정사유</P>
<P>당사 퇴직자 인센티브 지급규정에 따라 직원이 퇴직시 근속연수를 기준으로 퇴직자에게 인센티브를 지급하고 있습니다.</P>
<P USERMARK="B">3. 처분상대방별 처분주식수(주)</P>

<TABLE WIDTH="600" ACLASS="NORMAL" AFIXTABLE="N" BORDER="1">

<COLGROUP WIDTH="600">
<COL WIDTH="300"></COL>
<COL WIDTH="300"></COL>
</COLGROUP>

<THEAD>

<TR ACOPY="Y" ADELETE="Y" HEIGHT="30">
<TH VALIGN="MIDDLE" WIDTH="291" ACOPYCOL="Y" ADELETECOL="Y" AMOVECOL="N" HEIGHT="23">구분</TH>
<TH VALIGN="MIDDLE" WIDTH="291" ACOPYCOL="Y" ADELETECOL="Y" AMOVECOL="N" HEIGHT="23">수량(주)</TH>
</TR>
</THEAD>

<TBODY>

<TR ACOPY="Y" ADELETE="Y" HEIGHT="30">
<TD ALIGN="CENTER" VALIGN="MIDDLE" WIDTH="291" HEIGHT="23">남상철</TD>
<TD ALIGN="CENTER" VALIGN="MIDDLE" WIDTH="291" HEIGHT="23">2,149</TD>
</TR>

<TR ACOPY="Y" ADELETE="Y" HEIGHT="30">
<TD ALIGN="CENTER" VALIGN="MIDDLE" WIDTH="291" HEIGHT="23">정병조</TD>
<TD ALIGN="CENTER" VALIGN="MIDDLE" WIDTH="291" HEIGHT="23">1,953</TD>
</TR>
</TBODY>
</TABLE>
<P USERMARK="B">4. 가격 산정근거</P>
<P>처분 대상 주식가격은 본 이사회결의일 전일 (2026년 01월  02일) 종가(4,320원)를 기준으로 산정합니다.</P>
<P USERMARK="B">5. 예상되는 주식가치 희석효과</P>
<P>처분 예정수량(4,102주)은 발행주식총수의 0.037%에 해당하며, 이에 따라 유통주식수가 증가하나, 장외거래를 통해 거래하기 때문에 주식가치 희석효과는 미미할 것으로 예상됩니다.</P>
<P USERMARK="B">6. 기타 투자판단에 참고할 사항</P>
<P>해당사항 없습니다.</P>
</SECTION-1>
</BODY>
</DOCUMENT>