<?xml version="1.0" encoding="utf-8"?>


<DOCUMENT xmlns:xsi="http://www.w3.org/2001/XMLSchema-instance" xsi:noNamespaceSchemaLocation="dart4.xsd">

<DOCUMENT-NAME ACODE="10611">투자설명서(집합투자증권)</DOCUMENT-NAME>
<FORMULA-VERSION ADATE="20231020">6.0</FORMULA-VERSION>
<COMPANY-NAME AREGCIK="00477424">브이아이피자산운용</COMPANY-NAME>


<BODY ATOCID="6">

<LIBRARY>
<CORRECTION>
<TITLE ATOC="Y" AASSOCNOTE="CORRECTION" ATOCID="2" ENG="Report of Disclosure Revision">정 정 신 고 (보고)</TITLE>

<TABLE ACLASS="NORMAL" AFIXTABLE="N" WIDTH="600" BORDER="0">

<COLGROUP WIDTH="600">
<COL WIDTH="600"></COL>
</COLGROUP>

<TBODY>

<TR ACOPY="Y" ADELETE="Y" HEIGHT="30">
<TD WIDTH="591" HEIGHT="23"></TD>
</TR>

<TR ACOPY="Y" ADELETE="Y" HEIGHT="30">
<TD ALIGN="RIGHT" WIDTH="591" HEIGHT="23">2026년 01월 06일</TD>
</TR>
</TBODY>
</TABLE>
<P></P>
<P></P>
<P USERMARK="F-14 ">1. 정정대상 공시서류 : 투자설명서</P>
<P></P>
<P USERMARK="F-14 ">2. 정정대상 공시서류의 최초제출일 : 2023.03.31</P>

<P>3. 
<SPAN USERMARK="F-14 ">정정요구ㆍ명령관련 여부 : 아니요</SPAN>
</P>
<P USERMARK="F-14 ">4. 정정사항</P>

<TABLE WIDTH="599" ACLASS="NORMAL" AFIXTABLE="N" BORDER="1">

<COLGROUP WIDTH="599">
<COL WIDTH="110"></COL>
<COL WIDTH="115"></COL>
<COL WIDTH="184"></COL>
<COL WIDTH="190"></COL>
</COLGROUP>

<THEAD>

<TR ACOPY="Y" ADELETE="Y" HEIGHT="30">
<TH VALIGN="MIDDLE" USERMARK="B" WIDTH="101" ACOPYCOL="Y" ADELETECOL="Y" AMOVECOL="N" HEIGHT="23">항  목</TH>
<TH VALIGN="MIDDLE" USERMARK="B" WIDTH="106" ACOPYCOL="Y" ADELETECOL="Y" AMOVECOL="N" HEIGHT="23">정정사유 </TH>
<TH VALIGN="MIDDLE" USERMARK="B" WIDTH="175" ACOPYCOL="Y" ADELETECOL="Y" AMOVECOL="N" HEIGHT="23">정 정 전</TH>
<TH VALIGN="MIDDLE" USERMARK="B" WIDTH="181" ACOPYCOL="Y" ADELETECOL="Y" AMOVECOL="N" HEIGHT="23">정 정 후</TH>
</TR>
</THEAD>

<TBODY>

<TR ACOPY="Y" ADELETE="Y" HEIGHT="30">
<TD ALIGN="CENTER" VALIGN="MIDDLE" COLSPAN="4" WIDTH="590" HEIGHT="23">요약정보</TD>
</TR>

<TR ACOPY="Y" ADELETE="Y" HEIGHT="154">
<TD USERMARK="F-10 " WIDTH="101" HEIGHT="147">주요투자위험<성과연동 운용보수 지급에 따른 위험></TD>
<TD USERMARK="F-10 " WIDTH="106" HEIGHT="147">성과운용보수 성과평가 대상기간 및 보수율 주석 변경</TD>
<TD USERMARK="F-10 U" WIDTH="175" HEIGHT="147">* 위의 보수 산정방식에 따라 계산된 성과운용보수율은 연 0.80%(총 운용보수 : 1.60%)이며, 2025년 10월 2일부터 적용합니다. (성과평가 대상기간 : 2024.10.01~2025.09.30)</TD>
<TD USERMARK="F-10 BU" WIDTH="181" HEIGHT="147">* 위의 보수 산정방식에 따라 계산된 성과운용보수율은 연 0.80%(총 운용보수 : 1.60%)이며, 2026년 1월 6일부터 적용합니다. (성과평가 대상기간 : 2025.01.01~2025.12.31)</TD>
</TR>

<TR ACOPY="Y" ADELETE="Y" HEIGHT="28">
<TD USERMARK="F-10 " ROWSPAN="2" WIDTH="101" HEIGHT="175">13. 보수 및 수수료에 관한 사항다. 보수 및 지급내역에 관한 사항 <성과연동 운용보수 지급내역></TD>
<TD VALIGN="MIDDLE" USERMARK="F-10 " WIDTH="106" HEIGHT="21">추가</TD>
<TD ALIGN="JUSTIFY" VALIGN="MIDDLE" USERMARK="F-10 U" WIDTH="175" HEIGHT="21">-</TD>
<TD ALIGN="JUSTIFY" VALIGN="MIDDLE" USERMARK="F-10 BU" WIDTH="181" HEIGHT="21">3분기 : 연 1.60%</TD>
</TR>

<TR ACOPY="Y" ADELETE="Y" HEIGHT="154">
<TD USERMARK="F-10 " WIDTH="106" HEIGHT="147">성과운용보수 성과평가 대상기간 및 보수율 주석 변경</TD>
<TD USERMARK="F-10 U" WIDTH="175" HEIGHT="147">* 위의 보수 산정방식에 따라 계산된 성과운용보수율은 연 0.80%(총 운용보수 : 1.60%)이며, 2025년 10월 2일부터 적용합니다. (성과평가 대상기간 : 2024.10.01~2025.09.30)</TD>
<TD USERMARK="F-10 BU" WIDTH="181" HEIGHT="147">* 위의 보수 산정방식에 따라 계산된 성과운용보수율은 연 0.80%(총 운용보수 : 1.60%)이며, 2026년 1월 6일부터 적용합니다. (성과평가 대상기간 : 2025.01.01~2025.12.31)</TD>
</TR>
</TBODY>
</TABLE>
<PGBRK></PGBRK>
</CORRECTION>
</LIBRARY>


<COVER>

<TABLE ACLASS="NORMAL" AFIXTABLE="N" WIDTH="618" BORDER="1">

<COLGROUP WIDTH="618">
<COL WIDTH="42"></COL>
<COL WIDTH="42"></COL>
<COL WIDTH="42"></COL>
<COL WIDTH="42"></COL>
<COL WIDTH="42"></COL>
<COL WIDTH="41"></COL>
<COL WIDTH="367"></COL>
</COLGROUP>

<TBODY>

<TR ACOPY="Y" ADELETE="Y" HEIGHT="57">
<TD VALIGN="MIDDLE" WIDTH="242" USERMARK="F-BT13 B 0XFFFFFF BC0X28BFFF" COLSPAN="6" HEIGHT="50"> 투자위험등급 2등급[ 높은 위험 ]</TD>

<TD WIDTH="358" ROWSPAN="3" USERMARK="F-BT " HEIGHT="158">
<SPAN USERMARK="F-13 B">(주)브이아이피자산운용은 </SPAN>
<SPAN USERMARK="F-13 B 0X0000FF">이</SPAN>
<SPAN USERMARK="F-13 B"> </SPAN>
<SPAN USERMARK="F-13 B 0X1814FF">투자신탁의 </SPAN>
<SPAN USERMARK="F-15 B 0X1814FF">투자대상 자산의 종류 및 위험도 등</SPAN>
<SPAN USERMARK="B 0X1814FF">을 감안하여 2등급으로 분류</SPAN>
<SPAN USERMARK="B">하였습니다</SPAN>
<SPAN>.</SPAN>
<SPAN USERMARK="F-13 B">펀드의 위험 등급은 운용실적, 시장 상황 등에 따라 변경될 수 있다는 점을 유의하여 투자판단을 하시기 바랍니다.</SPAN>
</TD>
</TR>

<TR ACOPY="Y" ADELETE="Y" HEIGHT="32">
<TD ALIGN="CENTER" VALIGN="MIDDLE" USERMARK="F-BT B 0XFFFFFF BC0X1814FF" WIDTH="33" HEIGHT="25">1</TD>
<TD ALIGN="CENTER" VALIGN="MIDDLE" USERMARK="F-BT  0XFFFFFF BC0X28BFFF" WIDTH="33" HEIGHT="25">2</TD>
<TD ALIGN="CENTER" VALIGN="MIDDLE" USERMARK="F-BT  0XFFFFFF BC0X57CF8A" WIDTH="33" HEIGHT="25">3</TD>
<TD ALIGN="CENTER" VALIGN="MIDDLE" USERMARK="F-BT  0XFFFFFF BC0XEEAE00" WIDTH="33" HEIGHT="25">4</TD>
<TD ALIGN="CENTER" VALIGN="MIDDLE" USERMARK="F-BT  0XFFFFFF BC0XBD6F00" WIDTH="33" HEIGHT="25">5</TD>
<TD ALIGN="CENTER" VALIGN="MIDDLE" USERMARK="F-BT  0XFFFFFF BC0X9D3272" WIDTH="32" HEIGHT="25">6</TD>
</TR>

<TR ACOPY="Y" ADELETE="Y" HEIGHT="76">
<TD ALIGN="CENTER" VALIGN="MIDDLE" USERMARK="F-BT B 0X1814FF" WIDTH="33" HEIGHT="69">매우높은위험</TD>
<TD ALIGN="CENTER" VALIGN="MIDDLE" USERMARK="F-BT B 0XFFFFFF BC0X28BFFF" WIDTH="33" HEIGHT="69">높은위험</TD>
<TD ALIGN="CENTER" VALIGN="MIDDLE" USERMARK="F-BT  0X57CF8A" WIDTH="33" HEIGHT="69">다소높은위험</TD>
<TD ALIGN="CENTER" VALIGN="MIDDLE" USERMARK="F-BT  0XEEAE00" WIDTH="33" HEIGHT="69">보통위험</TD>
<TD ALIGN="CENTER" VALIGN="MIDDLE" USERMARK="F-BT  0XBD6F00" WIDTH="33" HEIGHT="69">낮은위험</TD>
<TD ALIGN="CENTER" VALIGN="MIDDLE" USERMARK="F-BT  0X9D3272" WIDTH="32" HEIGHT="69">매우낮은위험</TD>
</TR>
</TBODY>
</TABLE>
<P></P>
<COVER-TITLE ATOC="Y" AASSOCNOTE="COVER" ATOCID="1" ENG="Prospectus">투 자 설 명 서</COVER-TITLE>
<P>이 투자설명서는 VIP한국형가치투자증권자투자신탁[주식]에 대한 자세한 내용을 담고 있습니다.  따라서 VIP한국형가치투자증권자투자신탁[주식] 수익증권을 매입하기 전에 이 투자설명서를 읽어보시기 바랍니다.</P>

<TABLE-GROUP ACLASS="_FUND_MAIN_" ADELETETABLE="N">

<TABLE ACLASS="EXTRACTION" AFIXTABLE="Y" WIDTH="610" BORDER="0">

<COLGROUP WIDTH="610">
<COL WIDTH="234"></COL>
<COL WIDTH="215"></COL>
<COL WIDTH="86"></COL>
<COL WIDTH="54"></COL>
<COL WIDTH="21"></COL>
</COLGROUP>

<TBODY>

<TR ACOPY="N" ADELETE="N" HEIGHT="55">
<TD WIDTH="225" AUPDATECONT="N" ENG="1. Name of the collective investment scheme:" HEIGHT="48">1. 집합투자기구 명칭 :</TD>
<TE WIDTH="206" ACODE="FUND_NAME" USERMARK="F-BT " HEIGHT="48">VIP한국형가치투자증권자투자신탁[주식]</TE>
<TD WIDTH="77" AUPDATECONT="N" ENG="(Fund code:" HEIGHT="48">(펀드코드 :</TD>
<TE WIDTH="45" ACODE="FUND_CODE" ALIGN="CENTER" USERMARK="F-BT " HEIGHT="48">E1728</TE>
<TD WIDTH="12" AUPDATECONT="N" HEIGHT="48">)</TD>
</TR>

<TR ACOPY="N" ADELETE="N" HEIGHT="31">
<TD COLSPAN="5" USERMARK="F-BT12 " WIDTH="601" HEIGHT="24"></TD>
</TR>

<TR ACOPY="N" ADELETE="N" HEIGHT="31">
<TD AUPDATECONT="N" ENG="2. Name of collective investment business entity" WIDTH="225" HEIGHT="24">2. 집합투자업자 명칭 :</TD>
<TE COLSPAN="4" ACODE="FUND_TRD" USERMARK="F-BT " WIDTH="367" HEIGHT="24">(주)브이아이피자산운용</TE>
</TR>
</TBODY>
</TABLE>
</TABLE-GROUP>

<TABLE ACLASS="NORMAL" AFIXTABLE="N" WIDTH="600" BORDER="0">

<COLGROUP WIDTH="600">
<COL WIDTH="234"></COL>
<COL WIDTH="366"></COL>
</COLGROUP>

<TBODY>

<TR ACOPY="Y" ADELETE="Y" HEIGHT="103">
<TD WIDTH="225" USERMARK="F-BT " HEIGHT="96">3. 판   매   회   사 :</TD>
<TD WIDTH="357" USERMARK="F-BT " HEIGHT="96">판매회사에 대한 자세한 내용은 한국금융투자협회(www.kofia.or.kr)및 집합투자업자의 인터넷 홈페이지(www.vipasset.co.kr)를 참고하시기 바랍니다.</TD>
</TR>

<TR ACOPY="Y" ADELETE="Y" HEIGHT="55">
<TD USERMARK="F-BT " WIDTH="225" HEIGHT="48">4. 작 성 기 준 일 :</TD>
<TD USERMARK="F-BT " WIDTH="357" HEIGHT="48">2025년 12월 31일</TD>
</TR>

<TR ACOPY="Y" ADELETE="Y" HEIGHT="76">
<TD USERMARK="F-BT " WIDTH="225" HEIGHT="69">5. 증권신고서 효력발생일 :</TD>
<TD USERMARK="F-BT " WIDTH="357" HEIGHT="69">2026년 1월 6일</TD>
</TR>

<TR ACOPY="Y" ADELETE="Y" HEIGHT="79">
<TD USERMARK="F-BT " WIDTH="225" HEIGHT="72">6. 모집(매출) 증권의 종류 및 수 :</TD>
<TD USERMARK="F-BT " WIDTH="357" HEIGHT="72">투자신탁의 수익증권 (1좌당 1원)</TD>
</TR>

<TR ACOPY="Y" ADELETE="Y" HEIGHT="76">
<TD USERMARK="F-BT " WIDTH="225" HEIGHT="69">[모집(매출) 총액 : 10조좌]</TD>
<TD USERMARK="F-BT " WIDTH="357" HEIGHT="69"></TD>
</TR>

<TR ACOPY="Y" ADELETE="Y" HEIGHT="76">
<TD USERMARK="F-BT " WIDTH="225" HEIGHT="69">7. 모집(매출) 기간(판매기간) : </TD>
<TD USERMARK="F-BT " WIDTH="357" HEIGHT="69">2023년 4월 3일부터 투자신탁 해지일까지</TD>
</TR>

<TR ACOPY="Y" ADELETE="Y" HEIGHT="31">
<TD USERMARK="F-BT " WIDTH="225" HEIGHT="24"></TD>
<TD USERMARK="F-BT " WIDTH="357" HEIGHT="24"></TD>
</TR>

<TR ACOPY="Y" ADELETE="Y" HEIGHT="31">
<TD COLSPAN="2" USERMARK="F-BT " WIDTH="591" HEIGHT="24">8. 집합투자증권신고서 및 투자설명서의 열람장소</TD>
</TR>

<TR ACOPY="Y" ADELETE="Y" HEIGHT="31">
<TD COLSPAN="2" USERMARK="F-BT " WIDTH="591" HEIGHT="24">   가. 집합투자증권신고서</TD>
</TR>

<TR ACOPY="Y" ADELETE="Y" HEIGHT="55">
<TD COLSPAN="2" USERMARK="F-BT " WIDTH="591" HEIGHT="48">                       전자문서 : 금융위(금감원) 전자공시시스템 →  http://dart.fss.or.kr</TD>
</TR>

<TR ACOPY="Y" ADELETE="Y" HEIGHT="31">
<TD COLSPAN="2" USERMARK="F-BT " WIDTH="591" HEIGHT="24">   나. 투자설명서</TD>
</TR>

<TR ACOPY="Y" ADELETE="Y" HEIGHT="31">
<TD COLSPAN="2" USERMARK="F-BT " WIDTH="591" HEIGHT="24">                전자문서 : 금융위(금감원) 전자공시시스템 →  http://dart.fss.or.kr</TD>
</TR>

<TR ACOPY="Y" ADELETE="Y" HEIGHT="145">

<TD COLSPAN="2" USERMARK="F-BT " WIDTH="591" HEIGHT="138">
<P USERMARK="F-BT ">                서면문서 : 집합투자업자 → Tel.02-6202-8157, www.vipasset.co.kr</P>
<P USERMARK="F-BT ">                               한국금융투자협회 → Tel.02-2003-9000, www.kofia.or.kr</P>
<P USERMARK="F-BT ">                               판매회사 → 집합투자업자 또는 한국금융투자협회 홈페이지 참조</P>
</TD>
</TR>

<TR ACOPY="Y" ADELETE="Y" HEIGHT="31">
<TD COLSPAN="2" USERMARK="F-BT " WIDTH="591" HEIGHT="24">9. (안정조작 또는 시장조성 관련)</TD>
</TR>

<TR ACOPY="Y" ADELETE="Y" HEIGHT="31">
<TD COLSPAN="2" USERMARK="F-BT " WIDTH="591" HEIGHT="24"></TD>
</TR>

<TR ACOPY="Y" ADELETE="Y" HEIGHT="76">
<TD COLSPAN="2" USERMARK="F-BT " WIDTH="591" HEIGHT="69">※ 효력발생일까지 증권신고서의 기재사항 중 일부가 변경될 수 있으며, 개방형 집합투자증권인 경우 효력발생일 이후(청약일 이후)에도 변경될 수 있습니다.</TD>
</TR>
</TBODY>
</TABLE>

<TABLE ACLASS="NORMAL" AFIXTABLE="N" WIDTH="600" BORDER="1">

<COLGROUP WIDTH="600">
<COL WIDTH="600"></COL>
</COLGROUP>

<TBODY>

<TR ACOPY="Y" ADELETE="Y" HEIGHT="157">
<TD WIDTH="591" AUPDATECONT="N" USERMARK="F-BT13 B 0X0000FF" ENG="Please note that the Financial Services Commission does not verify the accuracy or truthfulness of the information presented in the prospectus, nor does it guarantee or endorse the value of the securities. Additionally, these collective investment securities are performance-based dividend products not covered by the Depositor Protection Act. Therefore, investing in them carries the risk of potential loss of principal investment. Please exercise caution when considering these investments." HEIGHT="150">금융위원회가 투자설명서의 기재사항이 진실 또는 정확하다는 것을 인정하거나 그 증권의 가치를 보증 또는 승인하지 아니함을 유의하시기 바랍니다.또한 이 집합투자증권은「예금자보호법」에 의한 보호를 받지 않는 실적배당상품으로 투자원금의 손실이 발생할 수 있으므로 투자에 신중을 기하여 주시기 바랍니다. </TD>
</TR>
</TBODY>
</TABLE>
<PGBRK></PGBRK>
</COVER>

<LIBRARY>
<SECTION-1 ACLASS="MANDATORY" APARTSOURCE="SOURCE">
<TITLE ATOC="Y" ATOCID="6" ENG="[Main Text]">[ 본 문 ]</TITLE>

</SECTION-1></LIBRARY></BODY></DOCUMENT>