<html>
 <head> 
  <meta content="gdi" http-equiv="X-UA-TextLayoutMetrics"> 
  <meta content="text/html; charset=euc-kr" http-equiv="Content-Type"> 
  <STYLE>
.xforms * { font-family: 돋움체;}
.xforms_title * { font-size: 13pt; padding : 0 0 10 0;}

.xforms table {
    font-size: 10px;
    padding:0px;
    border-collapse:collapse;
    color: #3D3D3D;
}
.xforms td {
    padding-left:0px;
    padding-top:0px;
    border-collapse:collapse;
    line-height:22px;
    color: #3D3D3D;
    /*text-align:right;*/
    vertical-align:middle;
    border: 1px solid #7f7f7f;
}

.xforms span {
    /*display: inline-block;*/
    padding-left:3px;
    padding-right: 1px;
    line-height:22px;
    padding-top:0px;
    padding-bottom:0px;
    text-align:left;
    vertical-align:middle;
    border: 0px solid #DBDBDB;
}

.xforms.img{
    border : 0px;
}

.xforms a:link {

    color: #194866;
    text-decoration: none;
}
.xforms a:active {

    color: #194866;
    text-decoration: none;
}
.xforms a:visited {
    color: #194866;
    text-decoration: none;
}

.xforms A:hover {
    color:008BE3;
    text-decoration: none;
}

.xforms_input{
    border: 0px solid #DBDBDB;
    padding-left:3px;
    padding-right: 1px;
    height:22px;
    padding-top:0px;
    padding-bottom:0px;
    text-align:left;
}
</STYLE> 
  <title>광무/타법인주식및출자증권취득결정/(2026.01.05)타법인주식및출자증권취득결정</title> 
 </head> 
 <body> 
  <div class="xforms"> 
   <div> 
    <span class="noprint" style="display:none;width:600px;font-size:10pt;"> </span> 
    <div class="xforms_title"> 
     <div> 
      <span style="width:598px;font-weight:bold;text-align:center;">타법인 주식 및 출자증권 취득결정</span> 
     </div> 
    </div> 
    <span class="noprint" style="display:none;width:600px;font-size:10pt;"> </span> 
    <table border="1" bordercolordark="white" bordercolorlight="#666666" cellpadding="1" cellspacing="0" id="XFormD6_Form0_Table0" style="margin:0px 0px 20px 0px;width:599px;border:1px solid #666666;"> 
     <tbody> 
      <tr> 
       <td rowspan="3" width="102"> <span style="width:102px;font-size:10pt;">1. 발행회사</span> </td> 
       <td width="169"> <span style="width:169px;font-size:10pt;">회사명(국적)</span> </td> 
       <td width="132"> <span class="xforms_input" style="width:132px;font-size:10pt;">대진첨단소재(주)</span> </td> 
       <td width="101"> <span style="width:101px;font-size:10pt;">대표이사</span> </td> 
       <td width="95"> <span class="xforms_input" style="width:95px;font-size:10pt;">김기범</span> </td> 
      </tr> 
      <tr> 
       <td width="169"> <span style="width:169px;font-size:10pt;">자본금(원)</span> </td> 
       <td width="132"> <span class="xforms_input" style="width:132px;font-size:10pt;text-align:right;">7,417,410,000</span> </td> 
       <td width="101"> <span style="width:101px;font-size:10pt;">회사와 관계</span> </td> 
       <td width="95"> <span class="xforms_input" style="width:95px;font-size:10pt;">-</span> </td> 
      </tr> 
      <tr> 
       <td width="169"> <span style="width:169px;font-size:10pt;">발행주식총수(주)</span> </td> 
       <td width="132"> <span class="xforms_input" style="width:132px;font-size:10pt;text-align:right;">14,834,820</span> </td> 
       <td width="101"> <span style="width:101px;font-size:10pt;">주요사업</span> </td> 
       <td width="95"> <span class="xforms_input" style="width:95px;font-size:10pt;">이차전지공정용 소재 및 원료, 자동차부품용 소재 제조 및 판매</span> </td> 
      </tr> 
      <tr> 
       <td colspan="2" width="271"> <span style="width:271px;font-size:10pt;">-최근 6월 이내 제3자 배정에 의한 신주취득 여부</span> </td> 
       <td colspan="3" width="328"> <span class="xforms_input" style="width:328px;font-size:10pt;">아니오</span> </td> 
      </tr> 
      <tr> 
       <td rowspan="5" width="102"> <span style="width:102px;font-size:10pt;">2. 취득내역</span> </td> 
       <td width="169"> <span style="width:169px;font-size:10pt;">취득주식수(주)</span> </td> 
       <td colspan="3" width="328"> <span class="xforms_input" style="width:328px;font-size:10pt;text-align:right;">2,966,000</span> </td> 
      </tr> 
      <tr> 
       <td width="169"> <span style="width:169px;font-size:10pt;">취득금액(원)</span> </td> 
       <td colspan="3" width="328"> <span class="xforms_input" style="width:328px;font-size:10pt;text-align:right;">12,913,964,000</span> </td> 
      </tr> 
      <tr> 
       <td width="169"> <span style="width:169px;font-size:10pt;">자기자본(원)</span> </td> 
       <td colspan="3" width="328"> <span class="xforms_input" style="width:328px;font-size:10pt;text-align:right;">251,269,659,151</span> </td> 
      </tr> 
      <tr> 
       <td width="169"> <span style="width:169px;font-size:10pt;">자기자본대비(%)</span> </td> 
       <td colspan="3" width="328"> <span class="xforms_input" style="width:328px;font-size:10pt;text-align:right;">5.14</span> </td> 
      </tr> 
      <tr> 
       <td width="169"> <span style="width:169px;font-size:10pt;">대기업 여부</span> </td> 
       <td colspan="3" width="328"> <span class="xforms_input" style="width:328px;font-size:10pt;">해당</span> </td> 
      </tr> 
      <tr> 
       <td rowspan="2" width="102"> <span style="width:102px;font-size:10pt;">3. 취득후 소유주식수 및 지분비율</span> </td> 
       <td width="169"> <span style="width:169px;font-size:10pt;">소유주식수(주)</span> </td> 
       <td colspan="3" width="328"> <span class="xforms_input" style="width:328px;font-size:10pt;text-align:right;">2,966,000</span> </td> 
      </tr> 
      <tr> 
       <td width="169"> <span style="width:169px;font-size:10pt;">지분비율(%)</span> </td> 
       <td colspan="3" width="328"> <span class="xforms_input" style="width:328px;font-size:10pt;text-align:right;">16.66</span> </td> 
      </tr> 
      <tr> 
       <td colspan="2" width="271"> <span style="width:271px;font-size:10pt;">4. 취득방법</span> </td> 
       <td colspan="3" width="328"> <span class="xforms_input" style="width:328px;font-size:10pt;">유상증자 신주취득(현금취득)</span> </td> 
      </tr> 
      <tr> 
       <td colspan="2" width="271"> <span style="width:271px;font-size:10pt;">5. 취득목적</span> </td> 
       <td colspan="3" width="328"> <span class="xforms_input" style="width:328px;font-size:10pt;">전략적 사업제휴 및 투자수익 도모</span> </td> 
      </tr> 
      <tr> 
       <td colspan="2" width="271"> <span style="width:271px;font-size:10pt;">6. 취득예정일자</span> </td> 
       <td colspan="3" width="328"> <span class="xforms_input" style="width:328px;font-size:10pt;">2026-01-05</span> </td> 
      </tr> 
      <tr> 
       <td colspan="2" width="271"> <span style="width:271px;font-size:10pt;">7. 자산양수의 주요사항보고서 제출대상 여부</span> </td> 
       <td colspan="3" width="328"> <span class="xforms_input" style="width:328px;font-size:10pt;">아니오</span> </td> 
      </tr> 
      <tr> 
       <td colspan="2" width="271"> <span style="width:271px;font-size:10pt;">-최근 사업연도말 자산총액(원)</span> </td> 
       <td width="132"> <span class="xforms_input" style="width:132px;font-size:10pt;text-align:right;">282,270,869,425</span> </td> 
       <td width="101"> <span style="width:101px;font-size:10pt;">취득가액/자산총액(%)</span> </td> 
       <td width="95"> <span class="xforms_input" style="width:95px;font-size:10pt;text-align:right;">4.58</span> </td> 
      </tr> 
      <tr> 
       <td colspan="2" width="271"> <span style="width:271px;font-size:10pt;">8. 우회상장 해당 여부</span> </td> 
       <td colspan="3" width="328"> <span class="xforms_input" style="width:328px;font-size:10pt;">해당사항없음</span> </td> 
      </tr> 
      <tr> 
       <td colspan="2" width="271"> <span style="width:271px;font-size:10pt;">-향후 6월이내 제3자배정 증자 등 계획</span> </td> 
       <td colspan="3" width="328"> <span class="xforms_input" style="width:328px;font-size:10pt;">해당사항없음</span> </td> 
      </tr> 
      <tr> 
       <td colspan="2" width="271"> <span style="width:271px;font-size:10pt;">9. 발행회사(타법인)의 우회상장 요건 충족여부</span> </td> 
       <td colspan="3" width="328"> <span class="xforms_input" style="width:328px;font-size:10pt;">해당사항없음</span> </td> 
      </tr> 
      <tr> 
       <td colspan="2" width="271"> <span style="width:271px;font-size:10pt;">10. 이사회결의일(결정일)</span> </td> 
       <td colspan="3" width="328"> <span class="xforms_input" style="width:328px;font-size:10pt;">2026-01-05</span> </td> 
      </tr> 
      <tr> 
       <td rowspan="2" width="102"> <span style="width:102px;font-size:10pt;">-사외이사 참석여부</span> </td> 
       <td width="169"> <span style="width:169px;font-size:10pt;">참석(명)</span> </td> 
       <td colspan="3" width="328"> <span class="xforms_input" style="width:328px;font-size:10pt;text-align:right;">1</span> </td> 
      </tr> 
      <tr> 
       <td width="169"> <span style="width:169px;font-size:10pt;">불참(명)</span> </td> 
       <td colspan="3" width="328"> <span class="xforms_input" style="width:328px;font-size:10pt;text-align:right;">1</span> </td> 
      </tr> 
      <tr> 
       <td colspan="2" width="271"> <span style="width:271px;font-size:10pt;">-감사(감사위원) 참석여부</span> </td> 
       <td colspan="3" width="328"> <span class="xforms_input" style="width:328px;font-size:10pt;">참석</span> </td> 
      </tr> 
      <tr> 
       <td colspan="2" width="271"> <span style="width:271px;font-size:10pt;">11. 공정거래위원회 신고대상 여부</span> </td> 
       <td colspan="3" width="328"> <span class="xforms_input" style="width:328px;font-size:10pt;">미해당</span> </td> 
      </tr> 
      <tr> 
       <td colspan="2" width="271"> <span style="width:271px;font-size:10pt;">12. 풋옵션계약 등의 체결여부</span> </td> 
       <td colspan="3" width="328"> <span class="xforms_input" style="width:328px;font-size:10pt;">아니오</span> </td> 
      </tr> 
      <tr> 
       <td colspan="2" width="271"> <span style="width:271px;font-size:10pt;">-계약내용</span> </td> 
       <td colspan="3" width="328"> <span class="xforms_input" style="width:328px;font-size:10pt;">-</span> </td> 
      </tr> 
      <tr> 
       <td colspan="2" width="271"> <span style="width:271px;font-size:10pt;">13. 기타 투자판단에 참고할 사항</span> </td> 
       <td colspan="3" width="328"> <span class="xforms_input" style="width:328px;font-size:10pt;">1) 본건은 대진첨단소재(주)의 제3자배정 유상증자에 의한 신주취득입니다. <br xmlns:java="http://xml.apache.org/xalan/java"> <br xmlns:java="http://xml.apache.org/xalan/java">2) 1. 발행회사의 자본금, 발행주식총수는 2025년 12월 31일 기준입니다. <br xmlns:java="http://xml.apache.org/xalan/java"> <br xmlns:java="http://xml.apache.org/xalan/java">3) 2. 취득내역의 자기자본(원)은 최근 사업연도말의 자기자본에서 최근 사업연도말 경과 후 자본금 및 자본잉여금의 증감액을 가감하였습니다. <br xmlns:java="http://xml.apache.org/xalan/java"> <br xmlns:java="http://xml.apache.org/xalan/java">4) 6. 취득예정일자'는 주금납입일입니다. <br xmlns:java="http://xml.apache.org/xalan/java"> <br xmlns:java="http://xml.apache.org/xalan/java">5) 하기 '발행회사의 요약 재무사항'은 당해년도(2024년), 전년도(2023년), 전전년도(2022년) 연결기준입니다.</span> </td> 
      </tr> 
     </tbody> 
    </table> 
    <span style="width:608px;font-size:11pt;font-weight:bold;">[발행회사의 요약 재무상황]</span> 
    <span style="width:608px;font-size:10pt;text-align:right;">(단위 : 백만원)</span> 
    <table border="1" bordercolordark="white" bordercolorlight="#666666" cellpadding="1" cellspacing="0" id="XFormD6_Form0_Table2" style="margin:0px 0px 20px 0px;width:601px;font-size:10pt;text-align:center;border:1px solid #7f7f7f;"> 
     <tbody> 
      <tr> 
       <td width="92"> <span style="width:92px;font-size:10pt;text-align:center;">구분</span> </td> 
       <td width="85"> <span style="width:85px;font-size:10pt;text-align:center;">자산총계</span> </td> 
       <td width="87"> <span style="width:87px;font-size:10pt;text-align:center;">부채총계</span> </td> 
       <td width="84"> <span style="width:84px;font-size:10pt;text-align:center;">자본총계</span> </td> 
       <td width="88"> <span style="width:88px;font-size:10pt;text-align:center;">자본금</span> </td> 
       <td width="84"> <span style="width:84px;font-size:10pt;text-align:center;">매출액</span> </td> 
       <td width="81"> <span style="width:81px;font-size:10pt;text-align:center;">당기순이익</span> </td> 
      </tr> 
      <tr> 
       <td width="92"> <span style="width:92px;font-size:10pt;text-align:center;">당해년도</span> </td> 
       <td width="85"> <span class="xforms_input" style="width:85px;font-size:10pt;text-align:right;">142,980</span> </td> 
       <td width="87"> <span class="xforms_input" style="width:87px;font-size:10pt;text-align:right;">81,223</span> </td> 
       <td width="84"> <span class="xforms_input" style="width:84px;font-size:10pt;text-align:right;">61,757</span> </td> 
       <td width="88"> <span class="xforms_input" style="width:88px;font-size:10pt;text-align:right;">5,853</span> </td> 
       <td width="84"> <span class="xforms_input" style="width:84px;font-size:10pt;text-align:right;">88,993</span> </td> 
       <td width="81"> <span class="xforms_input" style="width:81px;font-size:10pt;text-align:right;">-373</span> </td> 
      </tr> 
      <tr> 
       <td width="92"> <span style="width:92px;font-size:10pt;text-align:center;">전년도</span> </td> 
       <td width="85"> <span class="xforms_input" style="width:85px;font-size:10pt;text-align:right;">122,486</span> </td> 
       <td width="87"> <span class="xforms_input" style="width:87px;font-size:10pt;text-align:right;">66,796</span> </td> 
       <td width="84"> <span class="xforms_input" style="width:84px;font-size:10pt;text-align:right;">55,689</span> </td> 
       <td width="88"> <span class="xforms_input" style="width:88px;font-size:10pt;text-align:right;">2,913</span> </td> 
       <td width="84"> <span class="xforms_input" style="width:84px;font-size:10pt;text-align:right;">64,646</span> </td> 
       <td width="81"> <span class="xforms_input" style="width:81px;font-size:10pt;text-align:right;">352</span> </td> 
      </tr> 
      <tr> 
       <td width="92"> <span style="width:92px;font-size:10pt;text-align:center;">전전년도</span> </td> 
       <td width="85"> <span class="xforms_input" style="width:85px;font-size:10pt;text-align:right;">83,797</span> </td> 
       <td width="87"> <span class="xforms_input" style="width:87px;font-size:10pt;text-align:right;">37,424</span> </td> 
       <td width="84"> <span class="xforms_input" style="width:84px;font-size:10pt;text-align:right;">46,374</span> </td> 
       <td width="88"> <span class="xforms_input" style="width:88px;font-size:10pt;text-align:right;">2,780</span> </td> 
       <td width="84"> <span class="xforms_input" style="width:84px;font-size:10pt;text-align:right;">53,596</span> </td> 
       <td width="81"> <span class="xforms_input" style="width:81px;font-size:10pt;text-align:right;">-30,224</span> </td> 
      </tr> 
     </tbody> 
    </table> 
    <div id="LIB_L7039" style="width:600px;font-size:10pt;;padding:0 0 20 0"> 
     <div> 
      <div> 
       <span style="width:591px;font-size:11pt;font-weight:bold;">[상대방에 관한 사항]</span> 
       <table border="1" bordercolordark="white" bordercolorlight="#666666" cellpadding="1" cellspacing="0" id="XFormG1_Form0_RepeatTable0" style="margin:0px 0px 20px 0px;width:584px;font-size:10pt;border:1px solid #7f7f7f;"> 
        <tbody> 
         <tr> 
          <td colspan="4" width="584"> <span style="width:584px;font-size:10pt;">1. 인적사항</span> </td> 
         </tr> 
         <tr> 
          <td colspan="4" width="584"> <span style="width:584px;font-size:10pt;">- 기본사항</span> </td> 
         </tr> 
         <tr> 
          <td width="146"> <span style="width:146px;font-size:10pt;text-align:center;">성명(명칭)</span> </td> 
          <td width="129"> <span style="width:129px;font-size:10pt;text-align:center;">국적</span> </td> 
          <td width="163"> <span style="width:163px;font-size:10pt;text-align:center;">주소(본점소재지)[읍ㆍ면ㆍ동까지만 기재]</span> </td> 
          <td width="146"> <span style="width:146px;font-size:10pt;text-align:center;">생년월일(사업자등록번호 등)</span> </td> 
         </tr> 
         <tr> 
          <td width="146"> <span class="xforms_input" style="width:146px;font-size:10pt;">대진첨단소재(주)</span> </td> 
          <td width="129"> <span class="xforms_input" style="width:129px;font-size:10pt;">대한민국</span> </td> 
          <td width="163"> <span class="xforms_input" style="width:163px;font-size:10pt;">서울시 송파구 올림픽로</span> </td> 
          <td width="146"> <span class="xforms_input" style="width:146px;font-size:10pt;">206-88-01153</span> </td> 
         </tr> 
         <tr> 
          <td colspan="2" width="275"> <span style="width:275px;font-size:10pt;text-align:center;">직업(사업내용)</span> </td> 
          <td colspan="2" width="309"> <span class="xforms_input" style="width:309px;font-size:10pt;">이차전지공정용 소재 및 원료, 자동차부품용 소재 제조 및 판매</span> </td> 
         </tr> 
         <tr> 
          <td colspan="4" width="584"> <span style="width:584px;font-size:10pt;">- 최대주주ㆍ대표이사ㆍ대표집행임원 현황 및 재무상황 등(상대방이 법인인 경우)</span> </td> 
         </tr> 
         <tr> 
          <td width="146"> <span style="width:146px;font-size:10pt;text-align:center;">구분</span> </td> 
          <td width="129"> <span style="width:129px;font-size:10pt;text-align:center;">성명</span> </td> 
          <td width="163"> <span style="width:163px;font-size:10pt;text-align:center;">주식수</span> </td> 
          <td width="146"> <span style="width:146px;font-size:10pt;text-align:center;">지분율(%)</span> </td> 
         </tr> 
         <tr> 
          <td width="146"> <span class="xforms_input" style="width:146px;font-size:10pt;">최대주주</span> </td> 
          <td width="129"> <span class="xforms_input" style="width:129px;font-size:10pt;">유성준</span> </td> 
          <td width="163"> <span class="xforms_input" style="width:163px;font-size:10pt;text-align:right;">3,901,244</span> </td> 
          <td width="146"> <span class="xforms_input" style="width:146px;font-size:10pt;text-align:right;">26.30</span> </td> 
         </tr> 
         <tr> 
          <td width="146"> <span class="xforms_input" style="width:146px;font-size:10pt;">대표이사</span> </td> 
          <td width="129"> <span class="xforms_input" style="width:129px;font-size:10pt;">김기범</span> </td> 
          <td width="163"> <span class="xforms_input" style="width:163px;font-size:10pt;text-align:right;">-</span> </td> 
          <td width="146"> <span class="xforms_input" style="width:146px;font-size:10pt;text-align:right;">-</span> </td> 
         </tr> 
         <tr> 
          <td colspan="4" width="584"> <span style="width:584px;font-size:10pt;text-align:right;">(단위 : 백만원)</span> </td> 
         </tr> 
         <tr> 
          <td width="146"> <span style="width:146px;font-size:10pt;">해당 사업연도</span> </td> 
          <td width="129"> <span class="xforms_input" style="width:129px;font-size:10pt;">2024년</span> </td> 
          <td width="163"> <span style="width:163px;font-size:10pt;">결산기</span> </td> 
          <td width="146"> <span class="xforms_input" style="width:146px;font-size:10pt;">12월</span> </td> 
         </tr> 
         <tr> 
          <td width="146"> <span style="width:146px;font-size:10pt;">자산총계</span> </td> 
          <td width="129"> <span class="xforms_input" style="width:129px;font-size:10pt;text-align:right;">142,980</span> </td> 
          <td width="163"> <span style="width:163px;font-size:10pt;">자본금</span> </td> 
          <td width="146"> <span class="xforms_input" style="width:146px;font-size:10pt;text-align:right;">5,853</span> </td> 
         </tr> 
         <tr> 
          <td width="146"> <span style="width:146px;font-size:10pt;">부채총계</span> </td> 
          <td width="129"> <span class="xforms_input" style="width:129px;font-size:10pt;text-align:right;">81,223</span> </td> 
          <td width="163"> <span style="width:163px;font-size:10pt;">매출액</span> </td> 
          <td width="146"> <span class="xforms_input" style="width:146px;font-size:10pt;text-align:right;">88,993</span> </td> 
         </tr> 
         <tr> 
          <td width="146"> <span style="width:146px;font-size:10pt;">자본총계</span> </td> 
          <td width="129"> <span class="xforms_input" style="width:129px;font-size:10pt;text-align:right;">61,757</span> </td> 
          <td width="163"> <span style="width:163px;font-size:10pt;">당기순손익</span> </td> 
          <td width="146"> <span class="xforms_input" style="width:146px;font-size:10pt;text-align:right;">-373</span> </td> 
         </tr> 
         <tr> 
          <td width="146"> <span style="width:146px;font-size:10pt;">외부감사인</span> </td> 
          <td width="129"> <span class="xforms_input" style="width:129px;font-size:10pt;">태성회계법인</span> </td> 
          <td width="163"> <span style="width:163px;font-size:10pt;">휴업 여부</span> </td> 
          <td width="146"> <span class="xforms_input" style="width:146px;font-size:10pt;">아니오</span> </td> 
         </tr> 
         <tr> 
          <td width="146"> <span style="width:146px;font-size:10pt;">감사의견</span> </td> 
          <td width="129"> <span class="xforms_input" style="width:129px;font-size:10pt;">적정</span> </td> 
          <td width="163"> <span style="width:163px;font-size:10pt;">폐업 여부</span> </td> 
          <td width="146"> <span class="xforms_input" style="width:146px;font-size:10pt;">아니오</span> </td> 
         </tr> 
         <tr> 
          <td colspan="4" width="584"> <span style="width:584px;font-size:10pt;">2. 상대방과의 관계</span> </td> 
         </tr> 
         <tr> 
          <td colspan="2" width="275"> <span style="width:275px;font-size:10pt;">1. 회사와 상대방과의 관계</span> </td> 
          <td colspan="2" width="309"> <span class="xforms_input" style="width:309px;font-size:10pt;">-</span> </td> 
         </tr> 
         <tr> 
          <td colspan="2" width="275"> <span style="width:275px;font-size:10pt;">2. 회사의 최대주주ㆍ임원과 상대방과의 관계</span> </td> 
          <td width="163"> <span style="width:163px;font-size:10pt;text-align:center;">성명</span> </td> 
          <td width="146"> <span style="width:146px;font-size:10pt;text-align:center;">상대방과의 관계</span> </td> 
         </tr> 
         <tr> 
          <td colspan="2" width="275"> <span class="xforms_input" style="width:275px;font-size:10pt;">-</span> </td> 
          <td width="163"> <span class="xforms_input" style="width:163px;font-size:10pt;">-</span> </td> 
          <td width="146"> <span class="xforms_input" style="width:146px;font-size:10pt;">-</span> </td> 
         </tr> 
         <tr> 
          <td colspan="4" width="584"> <span style="width:584px;font-size:10pt;">3. 최근 3년간 거래내역(일상적 거래 제외)</span> </td> 
         </tr> 
         <tr> 
          <td width="146"> <span style="width:146px;font-size:10pt;text-align:center;">구분</span> </td> 
          <td colspan="3" width="438"> <span style="width:438px;font-size:10pt;text-align:center;">거래 내역</span> </td> 
         </tr> 
         <tr> 
          <td width="146"> <span style="width:146px;font-size:10pt;text-align:center;">당해년도</span> </td> 
          <td colspan="3" width="438"> <span class="xforms_input" style="width:438px;font-size:10pt;">-</span> </td> 
         </tr> 
         <tr> 
          <td width="146"> <span style="width:146px;font-size:10pt;text-align:center;">전년도</span> </td> 
          <td colspan="3" width="438"> <span class="xforms_input" style="width:438px;font-size:10pt;">2025.12.19. 자금대여(1,000,000,000원) <br java="http://xml.apache.org/xalan/java">2025.12.29. 자금대여(2,000,000,000원)</span> </td> 
         </tr> 
         <tr> 
          <td width="146"> <span style="width:146px;font-size:10pt;text-align:center;">전전년도</span> </td> 
          <td colspan="3" width="438"> <span class="xforms_input" style="width:438px;font-size:10pt;">-</span> </td> 
         </tr> 
        </tbody> 
       </table> 
      </div> 
     </div> 
    </div> 
    <span class="noprint" style="display:none;width:600px;font-size:10pt;"> </span> 
   </div> 
  </div>  
 </body>
</html>