<?xml version="1.0" encoding="utf-8"?>


<DOCUMENT xmlns:xsi="http://www.w3.org/2001/XMLSchema-instance" xsi:noNamespaceSchemaLocation="dart4.xsd">

<DOCUMENT-NAME ACODE="80718">특수관계인으로부터자금차입</DOCUMENT-NAME>
<FORMULA-VERSION ADATE="20240129">6.0</FORMULA-VERSION>
<COMPANY-NAME AREGCIK="01576005">(주)챔피언스시티복합개발피에프브이</COMPANY-NAME>


<BODY ATOCID="1">

<SECTION-1 ACLASS="MANDATORY" APARTSOURCE="SOURCE">
<TITLE ATOC="Y" AASSOCNOTE="D-0-1-0-0" ENG="Borrowing Funds from Related Party" ATOCID="1">특수관계인으로부터 자금차입</TITLE>
<P></P>

<TABLE ACLASS="NORMAL" WIDTH="876" BORDER="1">

<COLGROUP WIDTH="876">
<COL WIDTH="93"></COL>
<COL WIDTH="48"></COL>
<COL WIDTH="63"></COL>
<COL WIDTH="270"></COL>
<COL WIDTH="78"></COL>
<COL WIDTH="102"></COL>
<COL WIDTH="78"></COL>
<COL WIDTH="144"></COL>
</COLGROUP>

<TBODY>

<TR ACOPY="Y" ADELETE="Y" HEIGHT="30">
<TD ALIGN="CENTER" VALIGN="MIDDLE" WIDTH="84" HEIGHT="23">기업집단명</TD>
<TD VALIGN="MIDDLE" WIDTH="39" HEIGHT="23" ALIGN="CENTER">신영</TD>
<TD ALIGN="CENTER" VALIGN="MIDDLE" WIDTH="54" HEIGHT="23">회사명</TD>
<TD VALIGN="MIDDLE" WIDTH="261" HEIGHT="23" ALIGN="CENTER">(주)챔피언스시티복합개발피에프브이</TD>
<TD ALIGN="CENTER" VALIGN="MIDDLE" WIDTH="69" HEIGHT="23">공시일자</TD>
<TD VALIGN="MIDDLE" WIDTH="93" HEIGHT="23" ALIGN="CENTER">2026. 01. 06</TD>
<TD ALIGN="CENTER" VALIGN="MIDDLE" WIDTH="69" HEIGHT="23">관련법규</TD>
<TD ALIGN="CENTER" VALIGN="MIDDLE" WIDTH="135" HEIGHT="23">공정거래법 제26조</TD>
</TR>
</TBODY>
</TABLE>
<P></P>

<TABLE ACLASS="NORMAL" AFIXTABLE="N" WIDTH="889" BORDER="0">

<COLGROUP WIDTH="889">
<COL WIDTH="235"></COL>
<COL WIDTH="654"></COL>
</COLGROUP>

<TBODY>

<TR ACOPY="Y" ADELETE="Y" HEIGHT="30">
<TD WIDTH="226" HEIGHT="23"></TD>
<TD ALIGN="RIGHT" WIDTH="645" HEIGHT="23">(단위 : 백만 원)</TD>
</TR>
</TBODY>
</TABLE>

<TABLE BORDER="1" WIDTH="889" ACLASS="NORMAL">

<COLGROUP WIDTH="889">
<COL WIDTH="156"></COL>
<COL WIDTH="75"></COL>
<COL WIDTH="267"></COL>
<COL WIDTH="136"></COL>
<COL WIDTH="255"></COL>
</COLGROUP>

<TBODY>

<TR ACOPY="Y" ADELETE="Y" HEIGHT="30">
<TD COLSPAN="2" VALIGN="MIDDLE" WIDTH="222" HEIGHT="23">1. 차입유형</TD>
<TD COLSPAN="3" ALIGN="CENTER" VALIGN="MIDDLE" WIDTH="649" HEIGHT="23">장기차입금</TD>
</TR>

<TR ACOPY="Y" ADELETE="Y" HEIGHT="30">
<TD COLSPAN="5" VALIGN="MIDDLE" WIDTH="880" HEIGHT="23">2. 차입 내역</TD>
</TR>

<TR ACOPY="Y" ADELETE="Y" HEIGHT="30">
<TD COLSPAN="2" VALIGN="MIDDLE" WIDTH="222" HEIGHT="23">가. 계약체결일</TD>
<TD COLSPAN="3" ALIGN="CENTER" VALIGN="MIDDLE" WIDTH="649" HEIGHT="23">2025. 12. 31</TD>
</TR>

<TR ACOPY="Y" ADELETE="Y" HEIGHT="30">
<TD COLSPAN="2" VALIGN="MIDDLE" WIDTH="222" HEIGHT="23">나. 차입처</TD>
<TD ALIGN="CENTER" VALIGN="MIDDLE" WIDTH="258" HEIGHT="23">(주)신영</TD>
<TD ALIGN="CENTER" VALIGN="MIDDLE" WIDTH="127" HEIGHT="23">회사와의 관계</TD>
<TD ALIGN="CENTER" VALIGN="MIDDLE" WIDTH="246" HEIGHT="23">계열회사</TD>
</TR>

<TR ACOPY="Y" ADELETE="Y" HEIGHT="53">
<TD COLSPAN="2" VALIGN="MIDDLE" WIDTH="222" HEIGHT="46">다. 차입기간</TD>
<TD ALIGN="CENTER" VALIGN="MIDDLE" WIDTH="258" HEIGHT="46">2025. 12. 31 ~ 2031. 12. 31(또는 사업 정산 시 중 빠른 날까지)</TD>
<TD ALIGN="CENTER" VALIGN="MIDDLE" WIDTH="127" HEIGHT="46">상환일</TD>
<TD ALIGN="CENTER" VALIGN="MIDDLE" WIDTH="246" HEIGHT="46">2031. 12. 31(또는 사업 정산 시 중 빠른 날까지)</TD>
</TR>

<TR ACOPY="Y" ADELETE="Y" HEIGHT="30">
<TD COLSPAN="2" VALIGN="MIDDLE" WIDTH="222" HEIGHT="23">라. 차입금액</TD>
<TD COLSPAN="3" ALIGN="CENTER" VALIGN="MIDDLE" WIDTH="649" HEIGHT="23">4,520</TD>
</TR>

<TR ACOPY="Y" ADELETE="Y" HEIGHT="30">
<TD COLSPAN="2" VALIGN="MIDDLE" WIDTH="222" HEIGHT="23">- 직전사업연도말 자기자본 </TD>
<TD COLSPAN="3" ALIGN="CENTER" VALIGN="MIDDLE" WIDTH="649" HEIGHT="23">6,491</TD>
</TR>

<TR ACOPY="Y" ADELETE="Y" HEIGHT="30">
<TD COLSPAN="2" VALIGN="MIDDLE" WIDTH="222" HEIGHT="23">- 자기자본대비 (%)</TD>
<TD COLSPAN="3" ALIGN="CENTER" VALIGN="MIDDLE" WIDTH="649" HEIGHT="23">69.63</TD>
</TR>

<TR ACOPY="Y" ADELETE="Y" HEIGHT="30">
<TD COLSPAN="2" VALIGN="MIDDLE" WIDTH="222" HEIGHT="23">마. 이자율(%)</TD>
<TD COLSPAN="3" ALIGN="CENTER" VALIGN="MIDDLE" WIDTH="649" HEIGHT="23">당사의 챔피언스시티 복합개발사업 관련 대출약정에 따른 최후 순위 대주의 금리와 동일한 금리</TD>
</TR>

<TR ACOPY="Y" ADELETE="Y" HEIGHT="30">
<TD COLSPAN="2" VALIGN="MIDDLE" WIDTH="222" HEIGHT="23">바. 상환방법</TD>
<TD COLSPAN="3" ALIGN="CENTER" VALIGN="MIDDLE" WIDTH="649" HEIGHT="23">만기일시상환(중도상환가능)</TD>
</TR>

<TR ACOPY="Y" ADELETE="Y" HEIGHT="30">
<TD COLSPAN="2" VALIGN="MIDDLE" WIDTH="222" HEIGHT="23">3. 자금용도</TD>
<TD COLSPAN="3" ALIGN="CENTER" VALIGN="MIDDLE" WIDTH="649" HEIGHT="23">운영자금</TD>
</TR>

<TR ACOPY="Y" ADELETE="Y" HEIGHT="53">
<TD COLSPAN="2" VALIGN="MIDDLE" WIDTH="222" HEIGHT="46">4. 거래상대방과의 차입총계 (해당 사업연도 기준)</TD>
<TD COLSPAN="3" ALIGN="CENTER" VALIGN="MIDDLE" WIDTH="649" HEIGHT="46">39,880</TD>
</TR>

<TR ACOPY="Y" ADELETE="Y" HEIGHT="30">
<TD COLSPAN="2" VALIGN="MIDDLE" WIDTH="222" HEIGHT="23">5. 이사회 의결일</TD>
<TD COLSPAN="3" ALIGN="CENTER" VALIGN="MIDDLE" WIDTH="649" HEIGHT="23">2025. 12. 30</TD>
</TR>

<TR ACOPY="Y" ADELETE="Y" HEIGHT="30">
<TD ROWSPAN="2" VALIGN="MIDDLE" WIDTH="147" HEIGHT="53">- 사외이사 참석여부</TD>
<TD ALIGN="CENTER" VALIGN="MIDDLE" WIDTH="66" HEIGHT="23">참석(명)</TD>
<TD COLSPAN="3" ALIGN="CENTER" VALIGN="MIDDLE" WIDTH="649" HEIGHT="23">-</TD>
</TR>

<TR ACOPY="Y" ADELETE="Y" HEIGHT="30">
<TD ALIGN="CENTER" VALIGN="MIDDLE" WIDTH="66" HEIGHT="23">불참(명)</TD>
<TD COLSPAN="3" ALIGN="CENTER" VALIGN="MIDDLE" WIDTH="649" HEIGHT="23">-</TD>
</TR>

<TR ACOPY="Y" ADELETE="Y" HEIGHT="30">
<TD COLSPAN="2" VALIGN="MIDDLE" WIDTH="222" HEIGHT="23">- 감사(감사위원)참석여부</TD>
<TD COLSPAN="3" ALIGN="CENTER" VALIGN="MIDDLE" WIDTH="649" HEIGHT="23">참석</TD>
</TR>

<TR ACOPY="Y" ADELETE="Y" HEIGHT="53">
<TD COLSPAN="2" VALIGN="MIDDLE" WIDTH="222" HEIGHT="46">6. 해당회사의 직전사업연도말 자산총액 </TD>
<TD ALIGN="CENTER" VALIGN="MIDDLE" WIDTH="258" HEIGHT="46">1,081,376</TD>
<TD ALIGN="CENTER" VALIGN="MIDDLE" WIDTH="127" HEIGHT="46">자산총액 대비(%)</TD>
<TD ALIGN="CENTER" VALIGN="MIDDLE" WIDTH="246" HEIGHT="46">0.42</TD>
</TR>

<TR ACOPY="Y" ADELETE="Y" HEIGHT="76">
<TD COLSPAN="2" VALIGN="MIDDLE" WIDTH="222" HEIGHT="69">7. 기타</TD>
<TD COLSPAN="3" VALIGN="MIDDLE" WIDTH="649" HEIGHT="69">1. 본 건은 당사의 챔피언스시티 복합개발사업 추진비용을 주주사로부터 차입하는 건입니다.2. 자기자본은 이사회의결일 기준 납입자본금입니다. (자본잠식법인)</TD>
</TR>

<TR ACOPY="Y" ADELETE="Y" HEIGHT="30">
<TD COLSPAN="2" VALIGN="MIDDLE" WIDTH="222" HEIGHT="23">※ 관련공시일</TD>
<TD COLSPAN="3" ALIGN="CENTER" VALIGN="MIDDLE" WIDTH="649" HEIGHT="23">-</TD>
</TR>
</TBODY>
</TABLE>
<P></P>
</SECTION-1>
</BODY>
</DOCUMENT>