<?xml version="1.0" encoding="utf-8"?>


<DOCUMENT xmlns:xsi="http://www.w3.org/2001/XMLSchema-instance" xsi:noNamespaceSchemaLocation="dart4.xsd">

<DOCUMENT-NAME ACODE="12000">합병등종료보고서</DOCUMENT-NAME>
<FORMULA-VERSION SUBVER="1" ADATE="20090204">6.0</FORMULA-VERSION>
<COMPANY-NAME AREGCIK="01466832">주식회사 라피치</COMPANY-NAME>


<BODY ATOCID="8">

<COVER>
<COVER-TITLE ATOC="Y" AASSOCNOTE="COVER" ENG="Merger Completion Report etc." ATOCID="1">합병등 종료보고서</COVER-TITLE>

<TABLE-GROUP ACLASS="_RPT_RSN_" ADELETETABLE="N">

<TABLE ACLASS="EXTRACTION" AFIXTABLE="N" WIDTH="600" BORDER="0">

<COLGROUP WIDTH="600">
<COL WIDTH="161"></COL>
<COL WIDTH="439"></COL>
</COLGROUP>

<TBODY>

<TR ACOPY="N" ADELETE="N" HEIGHT="30">
<TU COLSPAN="2" ALIGN="CENTER" VALIGN="MIDDLE" WIDTH="591" HEIGHT="23" AUNIT="RPT_RSN_TP" AUNITVALUE="A" ENG="(Asset Transfer/acquisition)">(자 산 양 수 도)</TU>
</TR>

<TR ACOPY="Y" ADELETE="Y" HEIGHT="76">
<TD CLASS="NORMAL" COLSPAN="2" WIDTH="591" HEIGHT="69"></TD>
</TR>

<TR ACOPY="Y" ADELETE="Y" HEIGHT="30">
<TD CLASS="NORMAL" VALIGN="MIDDLE" WIDTH="152" HEIGHT="23">금융감독원장 귀하</TD>
<TD CLASS="NORMAL" ALIGN="RIGHT" VALIGN="MIDDLE" WIDTH="430" HEIGHT="23">2026년 01월 07일</TD>
</TR>

<TR ACOPY="Y" ADELETE="Y" HEIGHT="30">
<TD CLASS="NORMAL" VALIGN="MIDDLE" WIDTH="152" HEIGHT="23"></TD>
<TD CLASS="NORMAL" VALIGN="MIDDLE" WIDTH="430" HEIGHT="23"></TD>
</TR>

<TR ACOPY="Y" ADELETE="Y" HEIGHT="30">
<TD CLASS="NORMAL" VALIGN="MIDDLE" WIDTH="152" HEIGHT="23">회       사       명 :</TD>
<TD CLASS="NORMAL" WIDTH="430" HEIGHT="23">주식회사 라피치</TD>
</TR>

<TR ACOPY="Y" ADELETE="Y" HEIGHT="30">
<TD CLASS="NORMAL" VALIGN="MIDDLE" WIDTH="152" HEIGHT="23">대   표     이   사 :</TD>
<TD CLASS="NORMAL" WIDTH="430" HEIGHT="23">어 범 석</TD>
</TR>

<TR ACOPY="Y" ADELETE="Y" HEIGHT="30">
<TD CLASS="NORMAL" VALIGN="MIDDLE" WIDTH="152" HEIGHT="23">본  점  소  재  지 :</TD>
<TD CLASS="NORMAL" WIDTH="430" HEIGHT="23">서울특별시 강남구 도곡로 8길 6 지호빌딩 3층</TD>
</TR>

<TR ACOPY="Y" ADELETE="Y" HEIGHT="30">
<TD CLASS="NORMAL" VALIGN="MIDDLE" WIDTH="152" HEIGHT="23"></TD>
<TD CLASS="NORMAL" WIDTH="430" HEIGHT="23">(전  화) 02-3420-9114</TD>
</TR>

<TR ACOPY="Y" ADELETE="Y" HEIGHT="30">
<TD CLASS="NORMAL" VALIGN="MIDDLE" WIDTH="152" HEIGHT="23"></TD>
<TD CLASS="NORMAL" WIDTH="430" HEIGHT="23">(홈페이지)http://rapeech.com</TD>
</TR>

<TR ACOPY="Y" ADELETE="Y" HEIGHT="30">
<TD CLASS="NORMAL" VALIGN="MIDDLE" WIDTH="152" HEIGHT="23"></TD>
<TD CLASS="NORMAL" VALIGN="MIDDLE" WIDTH="430" HEIGHT="23"></TD>
</TR>

<TR ACOPY="Y" ADELETE="Y" HEIGHT="30">
<TD CLASS="NORMAL" VALIGN="MIDDLE" WIDTH="152" HEIGHT="23">작  성  책  임  자 :</TD>
<TD CLASS="NORMAL" WIDTH="430" HEIGHT="23">(직  책) 부사장                 (성  명) 오범근</TD>
</TR>

<TR ACOPY="Y" ADELETE="Y" HEIGHT="30">
<TD CLASS="NORMAL" VALIGN="MIDDLE" WIDTH="152" HEIGHT="23"></TD>
<TD CLASS="NORMAL" WIDTH="430" HEIGHT="23">(전  화) 02-3420-9114</TD>
</TR>

<TR ACOPY="Y" ADELETE="Y" HEIGHT="30">
<TD CLASS="NORMAL" VALIGN="MIDDLE" WIDTH="152" HEIGHT="23"></TD>
<TD CLASS="NORMAL" VALIGN="MIDDLE" WIDTH="430" HEIGHT="23"></TD>
</TR>
</TBODY>
</TABLE>
</TABLE-GROUP>
<PGBRK></PGBRK>
</COVER>

<SECTION-1 ACLASS="MANDATORY" APARTSOURCE="SOURCE">

<SECTION-2 ACLASS="MANDATORY">
<TITLE ATOC="Y" AASSOCNOTE="D-0-0-1-0" ENG="Ⅰ. Schedule" ATOCID="2">Ⅰ. 일정</TITLE>
<P>본 보고서는 2025년 10월 21일자 주요사항보고서(타법인 주식 및 출자증권 양도결정)에 관한 사항으로 2026년 1월 7일 주식 양도 및 대금수령이 완료되어, 거래가 종료되었음을 보고합니다.</P>
<P USERMARK="B">1. 거래의 개요</P>

<TABLE WIDTH="600" ACLASS="NORMAL" AFIXTABLE="N" BORDER="1">

<COLGROUP WIDTH="600">
<COL WIDTH="195"></COL>
<COL WIDTH="405"></COL>
</COLGROUP>

<TBODY>

<TR ACOPY="Y" ADELETE="Y" HEIGHT="30">
<TD ALIGN="CENTER" VALIGN="MIDDLE" USERMARK="BC0XD7D7D7" WIDTH="186" HEIGHT="23">구분</TD>
<TD ALIGN="CENTER" VALIGN="MIDDLE" USERMARK="BC0XD7D7D7" WIDTH="396" HEIGHT="23">내용</TD>
</TR>

<TR ACOPY="Y" ADELETE="Y" HEIGHT="30">
<TD ALIGN="CENTER" VALIGN="MIDDLE" WIDTH="186" HEIGHT="23">발행회사</TD>
<TD ALIGN="CENTER" VALIGN="MIDDLE" WIDTH="396" HEIGHT="23">서경엔씨에스</TD>
</TR>

<TR ACOPY="Y" ADELETE="Y" HEIGHT="30">
<TD ALIGN="CENTER" VALIGN="MIDDLE" ROWSPAN="2" WIDTH="186" HEIGHT="53">양수도 대상자산</TD>
<TD ALIGN="CENTER" VALIGN="MIDDLE" WIDTH="396" HEIGHT="23">서경엔씨에스 보통주</TD>
</TR>

<TR ACOPY="Y" ADELETE="Y" HEIGHT="30">
<TD ALIGN="CENTER" VALIGN="MIDDLE" WIDTH="396" HEIGHT="23">51,000주</TD>
</TR>

<TR ACOPY="Y" ADELETE="Y" HEIGHT="30">
<TD ALIGN="CENTER" VALIGN="MIDDLE" WIDTH="186" HEIGHT="23">양수금액</TD>
<TD ALIGN="CENTER" VALIGN="MIDDLE" WIDTH="396" HEIGHT="23">11,600,000,000원</TD>
</TR>

<TR ACOPY="Y" ADELETE="Y" HEIGHT="30">
<TD ALIGN="CENTER" VALIGN="MIDDLE" WIDTH="186" HEIGHT="23">양수인</TD>
<TD ALIGN="CENTER" VALIGN="MIDDLE" WIDTH="396" HEIGHT="23">주식회사 라피치</TD>
</TR>

<TR ACOPY="Y" ADELETE="Y" HEIGHT="30">
<TD ALIGN="CENTER" VALIGN="MIDDLE" WIDTH="186" HEIGHT="23">양도인</TD>
<TD ALIGN="CENTER" VALIGN="MIDDLE" WIDTH="396" HEIGHT="23">김진태</TD>
</TR>
</TBODY>
</TABLE>

<P>
<SPAN USERMARK="B">2. 주요진행일정</SPAN>
</P>

<TABLE WIDTH="600" ACLASS="NORMAL" AFIXTABLE="N" BORDER="1">

<COLGROUP WIDTH="600">
<COL WIDTH="195"></COL>
<COL WIDTH="255"></COL>
<COL WIDTH="150"></COL>
</COLGROUP>

<TBODY>

<TR ACOPY="Y" ADELETE="Y" HEIGHT="30">
<TD ALIGN="CENTER" VALIGN="MIDDLE" USERMARK="BC0XD7D7D7" WIDTH="186" HEIGHT="23">구분</TD>
<TD ALIGN="CENTER" VALIGN="MIDDLE" USERMARK="BC0XD7D7D7" WIDTH="246" HEIGHT="23">일자</TD>
<TD USERMARK="BC0XD7D7D7" WIDTH="141" ALIGN="CENTER" VALIGN="MIDDLE" HEIGHT="23">비고</TD>
</TR>

<TR ACOPY="Y" ADELETE="Y" HEIGHT="30">
<TD ALIGN="CENTER" VALIGN="MIDDLE" WIDTH="186" HEIGHT="23">외부평가계약일</TD>
<TD ALIGN="CENTER" VALIGN="MIDDLE" WIDTH="246" HEIGHT="23">2025.08.01</TD>
<TD ALIGN="CENTER" VALIGN="MIDDLE" WIDTH="141" HEIGHT="23">-</TD>
</TR>

<TR ACOPY="Y" ADELETE="Y" HEIGHT="30">
<TD ALIGN="CENTER" VALIGN="MIDDLE" WIDTH="186" HEIGHT="23">외부평가기간</TD>
<TD ALIGN="CENTER" VALIGN="MIDDLE" WIDTH="246" HEIGHT="23">2025.08.18 ~ 2025.09.19</TD>
<TD ALIGN="CENTER" VALIGN="MIDDLE" WIDTH="141" HEIGHT="23">정동회계법인</TD>
</TR>

<TR ACOPY="Y" ADELETE="Y" HEIGHT="30">
<TD ALIGN="CENTER" VALIGN="MIDDLE" WIDTH="186" HEIGHT="23">이사회결의일</TD>
<TD ALIGN="CENTER" VALIGN="MIDDLE" WIDTH="246" HEIGHT="23">2025.10.20</TD>
<TD ALIGN="CENTER" VALIGN="MIDDLE" WIDTH="141" HEIGHT="23">-</TD>
</TR>

<TR ACOPY="Y" ADELETE="Y" HEIGHT="30">
<TD ALIGN="CENTER" VALIGN="MIDDLE" WIDTH="186" HEIGHT="23">주식양수도계약 체결일</TD>
<TD ALIGN="CENTER" VALIGN="MIDDLE" WIDTH="246" HEIGHT="23">2025.10.21</TD>
<TD ALIGN="CENTER" VALIGN="MIDDLE" WIDTH="141" HEIGHT="23">-</TD>
</TR>

<TR ACOPY="Y" ADELETE="Y" HEIGHT="30">
<TD ALIGN="CENTER" VALIGN="MIDDLE" WIDTH="186" HEIGHT="23">주요사항보고서 제출일</TD>
<TD ALIGN="CENTER" VALIGN="MIDDLE" WIDTH="246" HEIGHT="23">2025.10.21</TD>
<TD ALIGN="CENTER" VALIGN="MIDDLE" WIDTH="141" HEIGHT="23">-</TD>
</TR>

<TR ACOPY="Y" ADELETE="Y" HEIGHT="30">
<TD ALIGN="CENTER" VALIGN="MIDDLE" ROWSPAN="2" WIDTH="186" HEIGHT="53">대금 지급 일정</TD>
<TD ALIGN="CENTER" VALIGN="MIDDLE" WIDTH="246" HEIGHT="23">2025.10.21</TD>
<TD ALIGN="CENTER" VALIGN="MIDDLE" WIDTH="141" HEIGHT="23">계약금</TD>
</TR>

<TR ACOPY="Y" ADELETE="Y" HEIGHT="30">
<TD ALIGN="CENTER" VALIGN="MIDDLE" WIDTH="246" HEIGHT="23">2026.01.07</TD>
<TD ALIGN="CENTER" VALIGN="MIDDLE" WIDTH="141" HEIGHT="23">잔금</TD>
</TR>
</TBODY>
</TABLE>

<P>
<SPAN USERMARK="B">3. 대금지급방법</SPAN>
</P>

<TABLE WIDTH="600" ACLASS="NORMAL" AFIXTABLE="N" BORDER="1">

<COLGROUP WIDTH="600">
<COL WIDTH="195"></COL>
<COL WIDTH="128"></COL>
<COL WIDTH="127"></COL>
<COL WIDTH="150"></COL>
</COLGROUP>

<TBODY>

<TR ACOPY="Y" ADELETE="Y" HEIGHT="30">
<TD ALIGN="CENTER" VALIGN="MIDDLE" USERMARK="BC0XD7D7D7" WIDTH="186" HEIGHT="23">구분</TD>
<TD ALIGN="CENTER" VALIGN="MIDDLE" USERMARK="BC0XD7D7D7" WIDTH="119" HEIGHT="23">일자</TD>
<TD WIDTH="118" USERMARK="BC0XD7D7D7" ALIGN="CENTER" VALIGN="MIDDLE" HEIGHT="23">지급금액</TD>
<TD ALIGN="CENTER" VALIGN="MIDDLE" USERMARK="BC0XD7D7D7" WIDTH="141" HEIGHT="23">지급방법</TD>
</TR>

<TR ACOPY="Y" ADELETE="Y" HEIGHT="30">
<TD ALIGN="CENTER" VALIGN="MIDDLE" WIDTH="186" HEIGHT="23">계약금</TD>
<TD ALIGN="CENTER" VALIGN="MIDDLE" WIDTH="119" HEIGHT="23">2025.10.21</TD>
<TD WIDTH="118" HEIGHT="23" ALIGN="RIGHT" VALIGN="MIDDLE">3,480,000,000원</TD>
<TD ALIGN="CENTER" VALIGN="MIDDLE" WIDTH="141" HEIGHT="23">현금지급</TD>
</TR>

<TR ACOPY="Y" ADELETE="Y" HEIGHT="30">
<TD ALIGN="CENTER" VALIGN="MIDDLE" WIDTH="186" HEIGHT="23">잔금</TD>
<TD ALIGN="CENTER" VALIGN="MIDDLE" WIDTH="119" HEIGHT="23">2026.01.07</TD>
<TD WIDTH="118" HEIGHT="23" ALIGN="RIGHT" VALIGN="MIDDLE">8,120,000,000원</TD>
<TD ALIGN="CENTER" VALIGN="MIDDLE" WIDTH="141" HEIGHT="23">현금지급</TD>
</TR>

<TR ACOPY="Y" ADELETE="Y" HEIGHT="30">
<TD ALIGN="CENTER" VALIGN="MIDDLE" WIDTH="314" HEIGHT="23" COLSPAN="2">합계</TD>
<TD WIDTH="118" HEIGHT="23" ALIGN="RIGHT" VALIGN="MIDDLE">11,600,000,000원</TD>
<TD ALIGN="CENTER" VALIGN="MIDDLE" WIDTH="141" HEIGHT="23">-</TD>
</TR>
</TBODY>
</TABLE>
<P></P>
</SECTION-2>

<SECTION-2 ACLASS="MANDATORY">
<TITLE ATOC="Y" AASSOCNOTE="D-0-0-2-0" ENG="Ⅱ. Changes in the Equity Ratios of Major Shareholders, etc." ATOCID="3">Ⅱ. 대주주등 지분변동 상황</TITLE>
<P>해당사항 없음</P>
</SECTION-2>

<SECTION-2 ACLASS="MANDATORY">
<TITLE ATOC="Y" AASSOCNOTE="D-0-0-3-0" ENG="Ⅲ. Exercise of the Appraisal Rights" ATOCID="4">Ⅲ. 주식매수청구권 행사</TITLE>
<P>해당사항 없음</P>
</SECTION-2>

<SECTION-2 ACLASS="MANDATORY">
<TITLE ATOC="Y" AASSOCNOTE="D-0-0-4-0" ENG="IV. Matters Related to Creditor Protection" ATOCID="5">Ⅳ. 채권자보호에 관한 사항</TITLE>
<P>해당사항 없음</P>
</SECTION-2>

<SECTION-2 ACLASS="MANDATORY">
<TITLE ATOC="Y" AASSOCNOTE="D-0-0-5-0" ENG="V. Status of Related Litigation" ATOCID="6">Ⅴ. 관련 소송의 현황</TITLE>
<P>해당사항 없음</P>
</SECTION-2>

<SECTION-2 ACLASS="MANDATORY">
<TITLE ATOC="Y" AASSOCNOTE="D-0-0-6-0" ENG="Ⅵ. Matters Related to Allotment of New Shares, etc." ATOCID="7">Ⅵ. 신주배정 등에 관한 사항</TITLE>
<P>해당사항 없음</P>
</SECTION-2>

<SECTION-2 ACLASS="MANDATORY">
<TITLE ATOC="Y" AASSOCNOTE="D-0-0-7-0" ENG="Ⅶ. Summary of Financial Information Before and After [Merger, etc.]" ATOCID="8">Ⅶ. [합병등] 전ㆍ후의 요약재무정보</TITLE>
<P USERMARK="A-R">단위 : 백만원</P>

<TABLE WIDTH="598" ACLASS="NORMAL" AFIXTABLE="N" BORDER="1">

<COLGROUP WIDTH="598">
<COL WIDTH="164"></COL>
<COL WIDTH="145"></COL>
<COL WIDTH="145"></COL>
<COL WIDTH="144"></COL>
</COLGROUP>

<THEAD>

<TR ACOPY="Y" ADELETE="Y" HEIGHT="30">
<TH VALIGN="MIDDLE" ACOPYCOL="Y" ADELETECOL="Y" AMOVECOL="N" WIDTH="155" HEIGHT="23">구분</TH>
<TH VALIGN="MIDDLE" ACOPYCOL="Y" ADELETECOL="Y" AMOVECOL="N" WIDTH="136" HEIGHT="23">자산양수도 전</TH>
<TH VALIGN="MIDDLE" ACOPYCOL="Y" ADELETECOL="Y" AMOVECOL="N" WIDTH="136" HEIGHT="23">증가 또는 감소</TH>
<TH VALIGN="MIDDLE" ACOPYCOL="Y" ADELETECOL="Y" AMOVECOL="N" WIDTH="135" HEIGHT="23">자산 양수 후</TH>
</TR>
</THEAD>

<TBODY>

<TR ACOPY="Y" ADELETE="Y" HEIGHT="30">

<TD VALIGN="MIDDLE" WIDTH="155" HEIGHT="23">
<P>자산</P>
</TD>
<TD ALIGN="RIGHT" VALIGN="MIDDLE" WIDTH="136" HEIGHT="23"></TD>
<TD ALIGN="RIGHT" VALIGN="MIDDLE" WIDTH="136" HEIGHT="23"></TD>
<TD ALIGN="RIGHT" VALIGN="MIDDLE" WIDTH="135" HEIGHT="23"></TD>
</TR>

<TR ACOPY="Y" ADELETE="Y" HEIGHT="30">

<TD VALIGN="MIDDLE" WIDTH="155" HEIGHT="23">
<P>  유동자산</P>
</TD>
<TD ALIGN="RIGHT" VALIGN="MIDDLE" WIDTH="136" HEIGHT="23">9,602</TD>
<TD ALIGN="RIGHT" VALIGN="MIDDLE" WIDTH="136" HEIGHT="23">(5,800)</TD>
<TD ALIGN="RIGHT" VALIGN="MIDDLE" WIDTH="135" HEIGHT="23">3,802</TD>
</TR>

<TR ACOPY="Y" ADELETE="Y" HEIGHT="30">

<TD VALIGN="MIDDLE" WIDTH="155" HEIGHT="23">
<P>  비유동자산</P>
</TD>
<TD ALIGN="RIGHT" VALIGN="MIDDLE" WIDTH="136" HEIGHT="23">3,385</TD>
<TD ALIGN="RIGHT" VALIGN="MIDDLE" WIDTH="136" HEIGHT="23">11,600</TD>
<TD ALIGN="RIGHT" VALIGN="MIDDLE" WIDTH="135" HEIGHT="23">14,985</TD>
</TR>

<TR ACOPY="Y" ADELETE="Y" HEIGHT="30">

<TD VALIGN="MIDDLE" WIDTH="155" HEIGHT="23">
<P>  자산총계</P>
</TD>
<TD ALIGN="RIGHT" VALIGN="MIDDLE" WIDTH="136" HEIGHT="23">12,987</TD>
<TD ALIGN="RIGHT" VALIGN="MIDDLE" WIDTH="136" HEIGHT="23">5,800</TD>
<TD ALIGN="RIGHT" VALIGN="MIDDLE" WIDTH="135" HEIGHT="23">18,787</TD>
</TR>

<TR ACOPY="Y" ADELETE="Y" HEIGHT="30">
<TD VALIGN="MIDDLE" WIDTH="155" HEIGHT="23">부채</TD>
<TD ALIGN="RIGHT" VALIGN="MIDDLE" WIDTH="136" HEIGHT="23"></TD>
<TD ALIGN="RIGHT" VALIGN="MIDDLE" WIDTH="136" HEIGHT="23"></TD>
<TD ALIGN="RIGHT" VALIGN="MIDDLE" WIDTH="135" HEIGHT="23"></TD>
</TR>

<TR ACOPY="Y" ADELETE="Y" HEIGHT="30">

<TD VALIGN="MIDDLE" WIDTH="155" HEIGHT="23">
<P>  유동부채</P>
</TD>
<TD ALIGN="RIGHT" VALIGN="MIDDLE" WIDTH="136" HEIGHT="23">2,186</TD>
<TD ALIGN="RIGHT" VALIGN="MIDDLE" WIDTH="136" HEIGHT="23">2,300</TD>
<TD ALIGN="RIGHT" VALIGN="MIDDLE" WIDTH="135" HEIGHT="23">4,486</TD>
</TR>

<TR ACOPY="Y" ADELETE="Y" HEIGHT="30">

<TD VALIGN="MIDDLE" WIDTH="155" HEIGHT="23">
<P>  비유동부채</P>
</TD>
<TD ALIGN="RIGHT" VALIGN="MIDDLE" WIDTH="136" HEIGHT="23">3,669</TD>
<TD ALIGN="RIGHT" VALIGN="MIDDLE" WIDTH="136" HEIGHT="23">3,500</TD>
<TD ALIGN="RIGHT" VALIGN="MIDDLE" WIDTH="135" HEIGHT="23">7,169</TD>
</TR>

<TR ACOPY="Y" ADELETE="Y" HEIGHT="30">

<TD VALIGN="MIDDLE" WIDTH="155" HEIGHT="23">
<P>  부채총계</P>
</TD>
<TD ALIGN="RIGHT" VALIGN="MIDDLE" WIDTH="136" HEIGHT="23">5,855</TD>
<TD ALIGN="RIGHT" VALIGN="MIDDLE" WIDTH="136" HEIGHT="23">5,800</TD>
<TD ALIGN="RIGHT" VALIGN="MIDDLE" WIDTH="135" HEIGHT="23">11,655</TD>
</TR>

<TR ACOPY="Y" ADELETE="Y" HEIGHT="30">
<TD VALIGN="MIDDLE" WIDTH="155" HEIGHT="23">자본</TD>
<TD ALIGN="RIGHT" VALIGN="MIDDLE" WIDTH="136" HEIGHT="23"></TD>
<TD ALIGN="RIGHT" VALIGN="MIDDLE" WIDTH="136" HEIGHT="23"></TD>
<TD ALIGN="RIGHT" VALIGN="MIDDLE" WIDTH="135" HEIGHT="23"></TD>
</TR>

<TR ACOPY="Y" ADELETE="Y" HEIGHT="30">

<TD VALIGN="MIDDLE" WIDTH="155" HEIGHT="23">
<P>  자본금</P>
</TD>
<TD ALIGN="RIGHT" VALIGN="MIDDLE" WIDTH="136" HEIGHT="23">1,725</TD>
<TD ALIGN="RIGHT" VALIGN="MIDDLE" WIDTH="136" HEIGHT="23">-</TD>
<TD ALIGN="RIGHT" VALIGN="MIDDLE" WIDTH="135" HEIGHT="23">1,725</TD>
</TR>

<TR ACOPY="Y" ADELETE="Y" HEIGHT="30">

<TD VALIGN="MIDDLE" WIDTH="155" HEIGHT="23">
<P>  자본잉여금</P>
</TD>
<TD ALIGN="RIGHT" VALIGN="MIDDLE" WIDTH="136" HEIGHT="23">7,895</TD>
<TD ALIGN="RIGHT" VALIGN="MIDDLE" WIDTH="136" HEIGHT="23">-</TD>
<TD ALIGN="RIGHT" VALIGN="MIDDLE" WIDTH="135" HEIGHT="23">7,895</TD>
</TR>

<TR ACOPY="Y" ADELETE="Y" HEIGHT="30">

<TD VALIGN="MIDDLE" WIDTH="155" HEIGHT="23">
<P>  기타포괄손익누계액</P>
</TD>
<TD ALIGN="RIGHT" VALIGN="MIDDLE" WIDTH="136" HEIGHT="23">13</TD>
<TD ALIGN="RIGHT" VALIGN="MIDDLE" WIDTH="136" HEIGHT="23">-</TD>
<TD ALIGN="RIGHT" VALIGN="MIDDLE" WIDTH="135" HEIGHT="23">13</TD>
</TR>

<TR ACOPY="Y" ADELETE="Y" HEIGHT="30">

<TD VALIGN="MIDDLE" WIDTH="155" HEIGHT="23">
<P>  이익잉여금(결손금)</P>
</TD>
<TD ALIGN="RIGHT" VALIGN="MIDDLE" WIDTH="136" HEIGHT="23">(2,501)</TD>
<TD ALIGN="RIGHT" VALIGN="MIDDLE" WIDTH="136" HEIGHT="23">-</TD>
<TD ALIGN="RIGHT" VALIGN="MIDDLE" WIDTH="135" HEIGHT="23">(2,501)</TD>
</TR>

<TR ACOPY="Y" ADELETE="Y" HEIGHT="30">

<TD VALIGN="MIDDLE" WIDTH="155" HEIGHT="23">
<P>  자본총계</P>
</TD>
<TD ALIGN="RIGHT" VALIGN="MIDDLE" WIDTH="136" HEIGHT="23">7,132</TD>
<TD ALIGN="RIGHT" VALIGN="MIDDLE" WIDTH="136" HEIGHT="23">-</TD>
<TD ALIGN="RIGHT" VALIGN="MIDDLE" WIDTH="135" HEIGHT="23">7,132</TD>
</TR>

<TR ACOPY="Y" ADELETE="Y" HEIGHT="30">
<TD VALIGN="MIDDLE" WIDTH="155" HEIGHT="23">자본과부채총계</TD>
<TD ALIGN="RIGHT" VALIGN="MIDDLE" WIDTH="136" HEIGHT="23">12,987</TD>
<TD ALIGN="RIGHT" VALIGN="MIDDLE" WIDTH="136" HEIGHT="23">5,800</TD>
<TD ALIGN="RIGHT" VALIGN="MIDDLE" WIDTH="135" HEIGHT="23">18,787</TD>
</TR>
</TBODY>
</TABLE>
<P>주) 상기 재무정보는 2025년 반기 기준의 별도 재무상태표를 기준으로 작성되었으며, 해당 자산양수도 거래 관련 계정과목별 단순가감 내역이므로 실제 재무상태표와 차이가 발생할 수 있습니다.</P>
</SECTION-2>
</SECTION-1>
</BODY>
</DOCUMENT>