<?xml version="1.0" encoding="utf-8"?>


<DOCUMENT xmlns:xsi="http://www.w3.org/2001/XMLSchema-instance" xsi:noNamespaceSchemaLocation="dart4.xsd">

<DOCUMENT-NAME ACODE="10611">투자설명서(집합투자증권)</DOCUMENT-NAME>
<FORMULA-VERSION ADATE="20231020">6.0</FORMULA-VERSION>
<COMPANY-NAME AREGCIK="00405463">HDC자산운용(주)</COMPANY-NAME>


<BODY ATOCID="3">

<LIBRARY>
<CORRECTION>
<TITLE ATOC="Y" AASSOCNOTE="CORRECTION" ATOCID="1" ENG="Report of Disclosure Revision">정 정 신 고 (보고)</TITLE>

<TABLE ACLASS="NORMAL" AFIXTABLE="N" WIDTH="600" BORDER="0">

<COLGROUP WIDTH="600">
<COL WIDTH="600"></COL>
</COLGROUP>

<TBODY>

<TR ACOPY="Y" ADELETE="Y" HEIGHT="30">
<TD WIDTH="591" HEIGHT="23"></TD>
</TR>

<TR ACOPY="Y" ADELETE="Y" HEIGHT="30">
<TD ALIGN="RIGHT" WIDTH="591" HEIGHT="23">2026년 1월 7일</TD>
</TR>
</TBODY>
</TABLE>
<P USERMARK="F-GL11 "></P>
<P USERMARK="F-GL11 ">1. 정정대상 공시서류 : 투자설명서</P>
<P USERMARK="F-GL11 "></P>
<P USERMARK="F-GL11 ">2. 정정대상 공시서류의 최초제출일 : 2021년 9월 10일3. 정정요구ㆍ명령 관련 여부 : 아니오</P>
<P USERMARK="F-GL11 ">4. 정정사유 : 공모주 기타 전략 부분 수정(Post-IPO 전략 제한사항 및 문구 수정)</P>
<P USERMARK="F-GL11 ">5. 정정사항 : </P>
<P USERMARK="F-GL11 "></P>

<TABLE ACLASS="NORMAL" AFIXTABLE="N" BORDER="1" WIDTH="611">

<COLGROUP WIDTH="611">
<COL WIDTH="132"></COL>
<COL WIDTH="113"></COL>
<COL WIDTH="183"></COL>
<COL WIDTH="183"></COL>
</COLGROUP>

<TBODY>

<TR ACOPY="Y" ADELETE="Y" HEIGHT="28">
<TD WIDTH="123" USERMARK="F-BT10 B BC0XF2F2F2" ALIGN="CENTER" HEIGHT="21">항 목</TD>
<TD WIDTH="104" USERMARK="F-BT10 B BC0XF2F2F2" ALIGN="CENTER" HEIGHT="21">정정 사유</TD>
<TD WIDTH="174" USERMARK="F-BT10 B BC0XF2F2F2" ALIGN="CENTER" HEIGHT="21">정정 전</TD>
<TD WIDTH="174" USERMARK="F-BT10 B BC0XF2F2F2" ALIGN="CENTER" HEIGHT="21">정정 후</TD>
</TR>

<TR ACOPY="Y" ADELETE="Y" HEIGHT="28">
<TD COLSPAN="4" WIDTH="602" USERMARK="F-BT10  BC0XF2F2F2" ALIGN="JUSTIFY" HEIGHT="21">[요약정보]</TD>
</TR>

<TR ACOPY="Y" ADELETE="Y" HEIGHT="28">
<TD WIDTH="123" ALIGN="JUSTIFY" USERMARK="F-BT10 " HEIGHT="21">운용전문인력</TD>
<TD WIDTH="104" ALIGN="JUSTIFY" USERMARK="F-BT10 " HEIGHT="21">업데이트</TD>
<TD WIDTH="174" ALIGN="JUSTIFY" USERMARK="F-BT10 " HEIGHT="21">-</TD>
<TD WIDTH="174" ALIGN="JUSTIFY" USERMARK="F-BT10 " HEIGHT="21">- 작성 기준일 기준 업데이트</TD>
</TR>

<TR ACOPY="Y" ADELETE="Y" HEIGHT="28">
<TD COLSPAN="4" WIDTH="602" USERMARK="F-BT10  BC0XF2F2F2" HEIGHT="21">제2부. 집합투자기구에 관한 사항</TD>
</TR>

<TR ACOPY="Y" ADELETE="Y" HEIGHT="49">
<TD WIDTH="123" USERMARK="F-BT10 " HEIGHT="42">2. 집합투자기구의 연혁</TD>
<TD WIDTH="104" ALIGN="JUSTIFY" USERMARK="F-BT10 " HEIGHT="42">업데이트</TD>
<TD WIDTH="174" ALIGN="JUSTIFY" USERMARK="F-BT10 " HEIGHT="42">-</TD>
<TD WIDTH="174" ALIGN="JUSTIFY" USERMARK="F-BT10 " HEIGHT="42">- 최근 기준 업데이트</TD>
</TR>

<TR ACOPY="Y" ADELETE="Y" HEIGHT="49">
<TD WIDTH="123" USERMARK="F-BT10 " HEIGHT="42">5. 운용전문인력에 관한 사항</TD>
<TD WIDTH="104" ALIGN="JUSTIFY" USERMARK="F-BT10 " HEIGHT="42">업데이트</TD>

<TD WIDTH="174" HEIGHT="42">
<P USERMARK="F-BT10  A-J">-</P>
<P USERMARK="F-BT10  A-J"> </P>
</TD>
<TD WIDTH="174" ALIGN="JUSTIFY" USERMARK="F-BT10 " HEIGHT="42">- 작성 기준일 기준 업데이트</TD>
</TR>

<TR ACOPY="Y" ADELETE="Y" HEIGHT="280">

<TD WIDTH="123" HEIGHT="273">
<P USERMARK="F-BT10  A-L">9. 집합투자기구의 투자전략, 위험관리 및 수익구조</P>
<P USERMARK="F-BT10  A-L">가. 투자전략 및 위험관리</P>
</TD>

<TD WIDTH="104" HEIGHT="273">
<P USERMARK="F-BT10  A-J">기타 전략 수정</P>
<P USERMARK="F-BT10  A-J">(Post-IPO 제한 수정)</P>
</TD>

<TD WIDTH="174" HEIGHT="273">
<P USERMARK="F-BT10  A-J">(1) 투자전략 </P>
<P USERMARK="F-BT10  A-J">▶ 공모주 투자전략</P>
<P USERMARK="F-BT10  A-J">1)~3) (생략)</P>
<P USERMARK="F-BT10  A-J"> </P>
<P USERMARK="F-BT10  A-J">4) 기타 투자전략</P>
<P USERMARK="F-BT10  A-J">- 실권주도 공모주와 동일한 방식으로 적극적 참여</P>

<P USERMARK="F-BT10  A-J">
<SPAN>- Post-IPO 투자</SPAN>
<SPAN USERMARK="U">전략</SPAN>
<SPAN>(</SPAN>
<SPAN USERMARK="U">수급교란에 의한 저평가가 현저한 경우에 제한적으로 단기트레이딩 가능. 단, 상장후 6개월 이내로 제한</SPAN>
<SPAN>)</SPAN>
</P>
<P USERMARK="F-BT10  A-J"> </P>
</TD>

<TD WIDTH="174" HEIGHT="273">
<P USERMARK="F-BT10  A-J">(1) 투자전략 </P>
<P USERMARK="F-BT10  A-J">▶ 공모주 투자전략</P>
<P USERMARK="F-BT10  A-J">1)~3) (현행과 같음)</P>
<P USERMARK="F-BT10  A-J"> </P>
<P USERMARK="F-BT10  A-J">4) 기타 투자전략</P>
<P USERMARK="F-BT10  A-J">- 실권주도 공모주와 동일한 방식으로 적극적 참여</P>

<P USERMARK="F-BT10  A-J">
<SPAN>- Post-IPO 투자(</SPAN>
<SPAN USERMARK="U">상장 후 3년 이내 기업 중 종목의 저평가가 현저한 경우 및 시장에서 주목받지 못하는 상승 모멘텀이 있는 종목의 경우 전략적 트레이딩)</SPAN>
</P>
</TD>
</TR>

<TR ACOPY="Y" ADELETE="Y" HEIGHT="28">
<TD COLSPAN="4" WIDTH="602" USERMARK="F-BT10  BC0XF2F2F2" ALIGN="JUSTIFY" HEIGHT="21">제4부. 집합투자기구 관련회사에 관한 사항</TD>
</TR>

<TR ACOPY="Y" ADELETE="Y" HEIGHT="49">

<TD WIDTH="123" HEIGHT="42">
<P USERMARK="F-BT10  A-J">1. 집합투자업자</P>
<P USERMARK="F-BT10  A-J">에 관한 사항</P>
</TD>
<TD WIDTH="104" ALIGN="JUSTIFY" USERMARK="F-BT10 " HEIGHT="42">업데이트</TD>

<TD WIDTH="174" HEIGHT="42">
<P USERMARK="F-BT10  A-J">라. 운용자산 규모</P>
<P USERMARK="F-BT10  A-J">-</P>
</TD>

<TD WIDTH="174" HEIGHT="42">
<P USERMARK="F-BT10  A-J">라. 운용자산 규모</P>
<P USERMARK="F-BT10  A-J">- 작성 기준일 기준 업데이트</P>
</TD>
</TR>
</TBODY>
</TABLE>
<P USERMARK="F-GL11 "></P>
<PGBRK></PGBRK>
</CORRECTION>
</LIBRARY>


<COVER>

<TABLE ACLASS="NORMAL" AFIXTABLE="N" WIDTH="619" BORDER="1">

<COLGROUP WIDTH="619">
<COL WIDTH="42"></COL>
<COL WIDTH="42"></COL>
<COL WIDTH="42"></COL>
<COL WIDTH="42"></COL>
<COL WIDTH="42"></COL>
<COL WIDTH="41"></COL>
<COL WIDTH="368"></COL>
</COLGROUP>

<TBODY>

<TR ACOPY="Y" ADELETE="Y" HEIGHT="69">
<TD VALIGN="MIDDLE" WIDTH="242" HEIGHT="62" USERMARK="F-13 B 0XFFFFFF BC0XBD6F00" COLSPAN="6" ALIGN="CENTER"> 투자위험등급 5등급[ 낮은 위험 ]</TD>

<TD WIDTH="359" HEIGHT="168" VALIGN="MIDDLE" ROWSPAN="3">

<P USERMARK="B">HDC자산운용(주)는 이 투자신탁의 
<SPAN USERMARK="F-12  0X0000FF">실제 수익률 변동성</SPAN>을 감안하여
<SPAN USERMARK="0X0000FF"> 5등급</SPAN>으로 분류하였습니다. 
</P>
<P USERMARK="B">펀드의 위험 등급은 운용실적, 시장 상황 등에 따라 변경될 수 있다는 점을 유의하여 투자판단을 하시기 바랍니다.</P>
</TD>
</TR>

<TR ACOPY="Y" ADELETE="Y" HEIGHT="30">
<TD ALIGN="CENTER" VALIGN="MIDDLE" WIDTH="33" HEIGHT="23" USERMARK="B 0XFFFFFF BC0X1814FF">1</TD>
<TD ALIGN="CENTER" VALIGN="MIDDLE" WIDTH="33" HEIGHT="23" USERMARK="0XFFFFFF BC0X28BFFF">2</TD>
<TD ALIGN="CENTER" VALIGN="MIDDLE" WIDTH="33" HEIGHT="23" USERMARK="0XFFFFFF BC0X57CF8A">3</TD>
<TD ALIGN="CENTER" VALIGN="MIDDLE" WIDTH="33" HEIGHT="23" USERMARK="0XFFFFFF BC0XEEAE00">4</TD>
<TD ALIGN="CENTER" VALIGN="MIDDLE" WIDTH="33" HEIGHT="23" USERMARK="B 0XFFFFFF BC0XBD6F00">5</TD>
<TD ALIGN="CENTER" VALIGN="MIDDLE" WIDTH="32" HEIGHT="23" USERMARK="0XFFFFFF BC0X9D3272">6</TD>
</TR>

<TR ACOPY="Y" ADELETE="Y" HEIGHT="76">
<TD ALIGN="CENTER" VALIGN="MIDDLE" WIDTH="33" HEIGHT="69" USERMARK="F-10 B 0X1814FF">매우높은위험</TD>
<TD ALIGN="CENTER" VALIGN="MIDDLE" WIDTH="33" HEIGHT="69" USERMARK="F-10 B 0X28BFFF">높은위험</TD>
<TD ALIGN="CENTER" VALIGN="MIDDLE" WIDTH="33" HEIGHT="69" USERMARK="F-10 B 0X57CF8A">다소높은위험</TD>
<TD ALIGN="CENTER" VALIGN="MIDDLE" WIDTH="33" HEIGHT="69" USERMARK="F-10 B 0XEEAE00">보통위험</TD>
<TD ALIGN="CENTER" VALIGN="MIDDLE" WIDTH="33" HEIGHT="69" USERMARK="F-10 B 0XBD6F00">낮은위험</TD>
<TD ALIGN="CENTER" VALIGN="MIDDLE" WIDTH="32" HEIGHT="69" USERMARK="F-10 B 0X9D3272">매우낮은위험</TD>
</TR>
</TBODY>
</TABLE>
<P></P>
<COVER-TITLE ATOC="Y" AASSOCNOTE="COVER" ATOCID="2" ENG="Prospectus">투 자 설 명 서</COVER-TITLE>

<P USERMARK="F-GL11 ">
<SPAN USERMARK="F-10 ">이 투자설명서는</SPAN>
<SPAN USERMARK="F-10 B"> HDC날아라공모주알파증권투자신탁(채권혼합)</SPAN>
<SPAN USERMARK="F-10 ">에 대한 자세한 내용을 담고 있습니다. 따라서 </SPAN>
<SPAN USERMARK="F-10 B">HDC날아라공모주알파증권투자신탁(채권혼합)</SPAN>
<SPAN USERMARK="F-10 "> 수익증권을 매입하기 전에 반드시 이 투자설명서를 읽어 보시기 바랍니다. </SPAN>
</P>

<TABLE-GROUP ACLASS="_FUND_MAIN_" ADELETETABLE="N">

<TABLE ACLASS="EXTRACTION" AFIXTABLE="Y" WIDTH="600" BORDER="0">

<COLGROUP WIDTH="600">
<COL WIDTH="171"></COL>
<COL WIDTH="224"></COL>
<COL WIDTH="92"></COL>
<COL WIDTH="85"></COL>
<COL WIDTH="28"></COL>
</COLGROUP>

<TBODY>

<TR ACOPY="N" ADELETE="N" HEIGHT="53">
<TD WIDTH="162" HEIGHT="46" AUPDATECONT="N" ENG="1. Name of the collective investment scheme:">1. 집합투자기구 명칭 :</TD>
<TE WIDTH="215" HEIGHT="46" ACODE="FUND_NAME">HDC날아라공모주알파증권투자신탁(채권혼합)</TE>
<TD WIDTH="83" HEIGHT="46" AUPDATECONT="N" ENG="(Fund code:">(펀드코드 :</TD>
<TE WIDTH="76" HEIGHT="46" ACODE="FUND_CODE" ALIGN="CENTER"> DN030</TE>
<TD WIDTH="19" HEIGHT="46" AUPDATECONT="N">)</TD>
</TR>

<TR ACOPY="N" ADELETE="N" HEIGHT="30">
<TD COLSPAN="5" WIDTH="591" HEIGHT="23"></TD>
</TR>

<TR ACOPY="N" ADELETE="N" HEIGHT="30">
<TD WIDTH="162" HEIGHT="23" AUPDATECONT="N" ENG="2. Name of collective investment business entity">2. 집합투자업자 명칭 :</TD>
<TE COLSPAN="4" WIDTH="420" HEIGHT="23" ACODE="FUND_TRD">HDC자산운용주식회사</TE>
</TR>
</TBODY>
</TABLE>
</TABLE-GROUP>
<P></P>

<TABLE ACLASS="NORMAL" AFIXTABLE="N" WIDTH="600" BORDER="0">

<COLGROUP WIDTH="600">
<COL WIDTH="240"></COL>
<COL WIDTH="360"></COL>
</COLGROUP>

<TBODY>

<TR ACOPY="Y" ADELETE="Y" HEIGHT="53">
<TD WIDTH="231" HEIGHT="46">3. 판   매   회   사 :</TD>
<TD WIDTH="351" HEIGHT="46">판매회사 본ㆍ지점</TD>
</TR>

<TR ACOPY="Y" ADELETE="Y" HEIGHT="53">
<TD WIDTH="231" HEIGHT="46">4. 작 성 기 준 일 :</TD>
<TD WIDTH="351" HEIGHT="46" USERMARK="0XC00020">2025년 12월 22일</TD>
</TR>

<TR ACOPY="Y" ADELETE="Y" HEIGHT="53">
<TD WIDTH="231" HEIGHT="46">5. 증권신고서 효력발생일 :</TD>
<TD WIDTH="351" HEIGHT="46" USERMARK="0X0000FF">2026년 1월 7일</TD>
</TR>

<TR ACOPY="Y" ADELETE="Y" HEIGHT="53">
<TD WIDTH="231" HEIGHT="46">6. 모집(매출) 증권의 종류 및 수 :</TD>
<TD WIDTH="351" HEIGHT="46">투자신탁의 수익증권(1조좌)</TD>
</TR>

<TR ACOPY="Y" ADELETE="Y" HEIGHT="53">
<TD WIDTH="231" HEIGHT="46">[모집(매출) 총액 : 1조원]</TD>
<TD WIDTH="351" HEIGHT="46"></TD>
</TR>

<TR ACOPY="Y" ADELETE="Y" HEIGHT="53">
<TD WIDTH="231" HEIGHT="46">7. 모집(매출) 기간(판매기간) : </TD>
<TD WIDTH="351" HEIGHT="46">일괄신고서를 제출하는 개방형 집합투자기구로  모집기간을 정하지 않고 계속 모집 할 수 있습니다.</TD>
</TR>

<TR ACOPY="Y" ADELETE="Y" HEIGHT="30">
<TD WIDTH="231" HEIGHT="23"></TD>
<TD WIDTH="351" HEIGHT="23"></TD>
</TR>

<TR ACOPY="Y" ADELETE="Y" HEIGHT="30">
<TD COLSPAN="2" WIDTH="591" HEIGHT="23">8. 집합투자증권신고서 및 투자설명서의 열람장소</TD>
</TR>

<TR ACOPY="Y" ADELETE="Y" HEIGHT="30">
<TD COLSPAN="2" WIDTH="591" HEIGHT="23">   가. 집합투자증권신고서</TD>
</TR>

<TR ACOPY="Y" ADELETE="Y" HEIGHT="30">
<TD COLSPAN="2" WIDTH="591" HEIGHT="23">                       전자문서 : 금융위(금감원) 전자공시시스템 →  http://dart.fss.or.kr</TD>
</TR>

<TR ACOPY="Y" ADELETE="Y" HEIGHT="30">
<TD COLSPAN="2" WIDTH="591" HEIGHT="23">   나. 투자설명서</TD>
</TR>

<TR ACOPY="Y" ADELETE="Y" HEIGHT="30">
<TD COLSPAN="2" WIDTH="591" HEIGHT="23">                       전자문서 : 금융위(금감원) 전자공시시스템 →  http://dart.fss.or.kr</TD>
</TR>

<TR ACOPY="Y" ADELETE="Y" HEIGHT="30">
<TD COLSPAN="2" WIDTH="591" HEIGHT="23">                       서면문서 : 집합투자업자(www.hdcasset.com), 판매회사 및 협회</TD>
</TR>

<TR ACOPY="Y" ADELETE="Y" HEIGHT="30">
<TD COLSPAN="2" WIDTH="591" HEIGHT="23">9. (안정조작 또는 시장조성 관련) : 해당사항 없음</TD>
</TR>

<TR ACOPY="Y" ADELETE="Y" HEIGHT="30">
<TD COLSPAN="2" WIDTH="591" HEIGHT="23"></TD>
</TR>

<TR ACOPY="Y" ADELETE="Y" HEIGHT="53">
<TD COLSPAN="2" WIDTH="591" HEIGHT="46">※ 효력발생일까지 증권신고서의 기재사항 중 일부가 변경될 수 있으며, 개방형 집합투자증권인 경우 효력발생일 이후(청약일 이후)에도 변경될 수 있습니다.</TD>
</TR>
</TBODY>
</TABLE>

<TABLE ACLASS="NORMAL" AFIXTABLE="N" WIDTH="600" BORDER="1">

<COLGROUP WIDTH="600">
<COL WIDTH="600"></COL>
</COLGROUP>

<TBODY>

<TR ACOPY="Y" ADELETE="Y" HEIGHT="157">
<TD WIDTH="591" HEIGHT="150" AUPDATECONT="N" USERMARK="F-BT13 B 0X0000FF" ENG="Please note that the Financial Services Commission does not verify the accuracy or truthfulness of the information presented in the prospectus, nor does it guarantee or endorse the value of the securities. Additionally, these collective investment securities are performance-based dividend products not covered by the Depositor Protection Act. Therefore, investing in them carries the risk of potential loss of principal investment. Please exercise caution when considering these investments.">금융위원회가 투자설명서의 기재사항이 진실 또는 정확하다는 것을 인정하거나 그 증권의 가치를 보증 또는 승인하지 아니함을 유의하시기 바랍니다.또한 이 집합투자증권은「예금자보호법」에 의한 보호를 받지 않는 실적배당상품으로 투자원금의 손실이 발생할 수 있으므로 투자에 신중을 기하여 주시기 바랍니다. </TD>
</TR>
</TBODY>
</TABLE>
<PGBRK></PGBRK>
</COVER>

<LIBRARY>
<SECTION-1 ACLASS="MANDATORY" APARTSOURCE="SOURCE">
<TITLE ATOC="Y" ATOCID="3" ENG="[Main Text]">[ 본 문 ]</TITLE>

</SECTION-1></LIBRARY></BODY></DOCUMENT>