<?xml version="1.0" encoding="utf-8"?>


<DOCUMENT xmlns:xsi="http://www.w3.org/2001/XMLSchema-instance" xsi:noNamespaceSchemaLocation="dart4.xsd">

<DOCUMENT-NAME ACODE="80719">특수관계인에대한자금대여</DOCUMENT-NAME>
<FORMULA-VERSION ADATE="20240129">6.0</FORMULA-VERSION>
<COMPANY-NAME AREGCIK="01485518">에프디에이치2006유동화전문(유)</COMPANY-NAME>


<BODY ATOCID="1">

<SECTION-1 ACLASS="MANDATORY" APARTSOURCE="SOURCE">
<TITLE ATOC="Y" AASSOCNOTE="D-0-1-0-0" ENG="Lending Funds to Related Party" ATOCID="1">특수관계인에 대한 자금대여</TITLE>
<P></P>

<TABLE ACLASS="NORMAL" WIDTH="707" BORDER="1">

<COLGROUP WIDTH="707">
<COL WIDTH="89"></COL>
<COL WIDTH="60"></COL>
<COL WIDTH="59"></COL>
<COL WIDTH="134"></COL>
<COL WIDTH="70"></COL>
<COL WIDTH="88"></COL>
<COL WIDTH="96"></COL>
<COL WIDTH="111"></COL>
</COLGROUP>

<TBODY>

<TR ACOPY="Y" ADELETE="Y" HEIGHT="76">
<TD ALIGN="CENTER" VALIGN="MIDDLE" WIDTH="80" HEIGHT="69">기업집단명</TD>
<TD VALIGN="MIDDLE" WIDTH="51" HEIGHT="69" ALIGN="CENTER">대신</TD>
<TD ALIGN="CENTER" VALIGN="MIDDLE" WIDTH="50" HEIGHT="69">회사명</TD>
<TD VALIGN="MIDDLE" WIDTH="125" HEIGHT="69">에프디에이치2006유동화전문(유)</TD>
<TD ALIGN="CENTER" VALIGN="MIDDLE" WIDTH="61" HEIGHT="69">공시일자</TD>
<TD VALIGN="MIDDLE" WIDTH="79" HEIGHT="69">2026.01.06</TD>
<TD ALIGN="CENTER" VALIGN="MIDDLE" WIDTH="87" HEIGHT="69">관련법규</TD>
<TD ALIGN="CENTER" VALIGN="MIDDLE" WIDTH="102" HEIGHT="69">공정거래법 제26조</TD>
</TR>
</TBODY>
</TABLE>
<P></P>

<TABLE ACLASS="NORMAL" AFIXTABLE="N" WIDTH="684" BORDER="0">

<COLGROUP WIDTH="684">
<COL WIDTH="235"></COL>
<COL WIDTH="449"></COL>
</COLGROUP>

<TBODY>

<TR ACOPY="Y" ADELETE="Y" HEIGHT="30">
<TD WIDTH="226" HEIGHT="23"></TD>
<TD ALIGN="RIGHT" WIDTH="440" HEIGHT="23">(단위 : 백만 원)</TD>
</TR>
</TBODY>
</TABLE>

<TABLE BORDER="1" WIDTH="684" ACLASS="NORMAL">

<COLGROUP WIDTH="684">
<COL WIDTH="113"></COL>
<COL WIDTH="72"></COL>
<COL WIDTH="97"></COL>
<COL WIDTH="100"></COL>
<COL WIDTH="115"></COL>
<COL WIDTH="187"></COL>
</COLGROUP>

<TBODY>

<TR ACOPY="Y" ADELETE="Y" HEIGHT="76">
<TD COLSPAN="3" VALIGN="MIDDLE" WIDTH="273" HEIGHT="69">1. 거래상대방</TD>
<TD ALIGN="CENTER" VALIGN="MIDDLE" WIDTH="91" HEIGHT="69">에프앤에이치2312유동화전문(유)</TD>
<TD ALIGN="CENTER" VALIGN="MIDDLE" WIDTH="106" HEIGHT="69">회사와의 관계</TD>
<TD ALIGN="CENTER" VALIGN="MIDDLE" WIDTH="178" HEIGHT="69">계열회사</TD>
</TR>

<TR ACOPY="Y" ADELETE="Y" HEIGHT="30">
<TD ROWSPAN="4" VALIGN="MIDDLE" WIDTH="104" HEIGHT="113">2. 대여금 내역</TD>
<TD COLSPAN="2" VALIGN="MIDDLE" WIDTH="160" HEIGHT="23">가. 거래일자</TD>
<TD COLSPAN="3" ALIGN="CENTER" VALIGN="MIDDLE" WIDTH="393" HEIGHT="23">2026.01.05.</TD>
</TR>

<TR ACOPY="Y" ADELETE="Y" HEIGHT="30">
<TD COLSPAN="2" VALIGN="MIDDLE" WIDTH="160" HEIGHT="23">나. 거래금액</TD>
<TD COLSPAN="3" ALIGN="CENTER" VALIGN="MIDDLE" WIDTH="393" HEIGHT="23">800</TD>
</TR>

<TR ACOPY="Y" ADELETE="Y" HEIGHT="30">
<TD COLSPAN="2" VALIGN="MIDDLE" WIDTH="160" HEIGHT="23">다. 거래상대방 총잔액</TD>
<TD COLSPAN="3" ALIGN="CENTER" VALIGN="MIDDLE" WIDTH="393" HEIGHT="23">800</TD>
</TR>

<TR ACOPY="Y" ADELETE="Y" HEIGHT="30">
<TD COLSPAN="2" VALIGN="MIDDLE" WIDTH="160" HEIGHT="23">라. 이자율(%)</TD>
<TD COLSPAN="3" ALIGN="CENTER" VALIGN="MIDDLE" WIDTH="393" HEIGHT="23">연 4.6%</TD>
</TR>

<TR ACOPY="Y" ADELETE="Y" HEIGHT="30">
<TD COLSPAN="3" VALIGN="MIDDLE" WIDTH="273" HEIGHT="23">3. 거래의 목적</TD>
<TD COLSPAN="3" ALIGN="CENTER" VALIGN="MIDDLE" WIDTH="393" HEIGHT="23">운영자금</TD>
</TR>

<TR ACOPY="Y" ADELETE="Y" HEIGHT="30">
<TD COLSPAN="3" VALIGN="MIDDLE" WIDTH="273" HEIGHT="23">4. 이사회 의결일</TD>
<TD COLSPAN="3" ALIGN="CENTER" VALIGN="MIDDLE" WIDTH="393" HEIGHT="23">2026.01.05.</TD>
</TR>

<TR ACOPY="Y" ADELETE="Y" HEIGHT="30">
<TD COLSPAN="2" ROWSPAN="2" VALIGN="MIDDLE" WIDTH="176" HEIGHT="53">- 사외이사 참석여부</TD>
<TD ALIGN="CENTER" VALIGN="MIDDLE" WIDTH="88" HEIGHT="23">참석(명)</TD>
<TD COLSPAN="3" ALIGN="CENTER" VALIGN="MIDDLE" WIDTH="393" HEIGHT="23">-</TD>
</TR>

<TR ACOPY="Y" ADELETE="Y" HEIGHT="30">
<TD ALIGN="CENTER" VALIGN="MIDDLE" WIDTH="88" HEIGHT="23">불참(명)</TD>
<TD COLSPAN="3" ALIGN="CENTER" VALIGN="MIDDLE" WIDTH="393" HEIGHT="23">-</TD>
</TR>

<TR ACOPY="Y" ADELETE="Y" HEIGHT="30">
<TD COLSPAN="3" VALIGN="MIDDLE" WIDTH="273" HEIGHT="23">- 감사(감사위원)참석여부</TD>
<TD COLSPAN="3" ALIGN="CENTER" VALIGN="MIDDLE" WIDTH="393" HEIGHT="23">-</TD>
</TR>

<TR ACOPY="Y" ADELETE="Y" HEIGHT="237">
<TD COLSPAN="3" VALIGN="MIDDLE" WIDTH="273" HEIGHT="230">5. 기타</TD>
<TD COLSPAN="3" ALIGN="CENTER" VALIGN="MIDDLE" WIDTH="393" HEIGHT="230">- 상기 '2. 대여금 내역'의 '나. 거래금액'의 대여기간은 2026년 1월 5일부터 2026년 4월 4일까지임.- 상기 '2. 대여금내역'의 '다. 거래상대방 총잔액'은 금번 대여 금액을 포함한 총 대여 한도 금액임.- 상기 '4. 이사회 의결일'은 당사가 상법상 이사회를 구성할 수 없는 회사이므로, 이를 사원총회로 갈음하였음.- 상기 내용은 진행과정 중 일부 변동될 수 있음.</TD>
</TR>

<TR ACOPY="Y" ADELETE="Y" HEIGHT="30">
<TD COLSPAN="3" VALIGN="MIDDLE" WIDTH="273" HEIGHT="23">※ 관련공시일</TD>
<TD COLSPAN="3" ALIGN="CENTER" VALIGN="MIDDLE" WIDTH="393" HEIGHT="23">-</TD>
</TR>
</TBODY>
</TABLE>
<P></P>
</SECTION-1>
</BODY>
</DOCUMENT>