<html>
 <head> 
  <meta content="gdi" http-equiv="X-UA-TextLayoutMetrics"> 
  <meta content="text/html; charset=euc-kr" http-equiv="Content-Type"> 
  <STYLE>
.xforms * { font-family: 돋움체;}
.xforms_title * { font-size: 13pt; padding : 0 0 10 0;}

.xforms table {
    font-size: 10px;
    padding:0px;
    border-collapse:collapse;
    color: #3D3D3D;
}
.xforms td {
    padding-left:0px;
    padding-top:0px;
    border-collapse:collapse;
    line-height:22px;
    color: #3D3D3D;
    /*text-align:right;*/
    vertical-align:middle;
    border: 1px solid #7f7f7f;
}

.xforms span {
    /*display: inline-block;*/
    padding-left:3px;
    padding-right: 1px;
    line-height:22px;
    padding-top:0px;
    padding-bottom:0px;
    text-align:left;
    vertical-align:middle;
    border: 0px solid #DBDBDB;
}

.xforms.img{
    border : 0px;
}

.xforms a:link {

    color: #194866;
    text-decoration: none;
}
.xforms a:active {

    color: #194866;
    text-decoration: none;
}
.xforms a:visited {
    color: #194866;
    text-decoration: none;
}

.xforms A:hover {
    color:008BE3;
    text-decoration: none;
}

.xforms_input{
    border: 0px solid #DBDBDB;
    padding-left:3px;
    padding-right: 1px;
    height:22px;
    padding-top:0px;
    padding-bottom:0px;
    text-align:left;
}
</STYLE> 
  <title>현대약품/매출액또는손익구조30%(대규모법인은15%)이상변경/(2026.01.05)매출액또는손익구조30%(대규모법인은15%)이상변경</title> 
 </head> 
 <body> 
  <div class="xforms"> 
   <div> 
    <span class="noprint" style="display:none;width:600px;font-size:10pt;"> </span> 
    <div class="xforms_title"> 
     <div> 
      <span style="width:600px;font-weight:bold;text-align:center;">매출액 또는 손익구조 30%(대규모법인 15%)이상 변경</span> 
     </div> 
    </div> 
    <span class="noprint" style="display:none;width:600px;font-size:10pt;"> </span> 
    <table border="1" bordercolordark="white" bordercolorlight="#666666" cellpadding="1" cellspacing="0" id="XFormD50_Form0_Table1" style="margin:0px 0px 20px 0px;width:602px;font-size:10pt;border:1px solid #7f7f7f;"> 
     <tbody> 
      <tr> 
       <td colspan="7" width="602"> <span style="width:602px;font-size:10pt;">※ 동 정보는 동사가 작성한 결산자료로서, 외부감사인의 감사결과 수치가 변경 될 수 있으므로 추후 「감사보고서 제출」공시를 반드시 확인하여 주시기 바랍니다.</span> </td> 
      </tr> 
      <tr> 
       <td colspan="2" width="191"> <span style="width:191px;font-size:10pt;">1. 재무제표의 종류</span> </td> 
       <td colspan="5" width="411"> <span class="xforms_input" style="width:411px;font-size:10pt;">개별</span> </td> 
      </tr> 
      <tr> 
       <td colspan="2" width="191"> <span style="width:191px;font-size:10pt;">2. 결산기간</span> </td> 
       <td colspan="2" width="176"> <span style="width:176px;font-size:10pt;text-align:center;">당해사업연도</span> </td> 
       <td colspan="3" width="235"> <span style="width:235px;font-size:10pt;text-align:center;">직전사업연도</span> </td> 
      </tr> 
      <tr> 
       <td colspan="2" width="191"> <span style="width:191px;font-size:10pt;">- 시작일</span> </td> 
       <td colspan="2" width="176"> <span class="xforms_input" style="width:176px;font-size:10pt;">2024-12-01</span> </td> 
       <td colspan="3" width="235"> <span class="xforms_input" style="width:235px;font-size:10pt;">2023-12-01</span> </td> 
      </tr> 
      <tr> 
       <td colspan="2" width="191"> <span style="width:191px;font-size:10pt;">- 종료일</span> </td> 
       <td colspan="2" width="176"> <span class="xforms_input" style="width:176px;font-size:10pt;">2025-11-30</span> </td> 
       <td colspan="3" width="235"> <span class="xforms_input" style="width:235px;font-size:10pt;">2024-11-30</span> </td> 
      </tr> 
      <tr> 
       <td colspan="2" width="191"> <span style="width:191px;font-size:10pt;">3. 매출액 또는 손익구조 변동내용(단위:천원)</span> </td> 
       <td width="88"> <span style="width:88px;font-size:10pt;text-align:center;">당해사업연도</span> </td> 
       <td width="88"> <span style="width:88px;font-size:10pt;text-align:center;">직전사업연도</span> </td> 
       <td width="85"> <span style="width:85px;font-size:10pt;text-align:center;">증감금액</span> </td> 
       <td width="68"> <span style="width:68px;font-size:10pt;text-align:center;">증감비율(%)</span> </td> 
       <td width="82"> <span style="width:82px;font-size:10pt;text-align:center;">흑자적자전환여부</span> </td> 
      </tr> 
      <tr> 
       <td colspan="2" width="191"> <span style="width:191px;font-size:10pt;">- 매출액</span> </td> 
       <td width="88"> <span class="xforms_input" style="width:88px;font-size:10pt;text-align:right;">191,794,999</span> </td> 
       <td width="88"> <span class="xforms_input" style="width:88px;font-size:10pt;text-align:right;">175,735,499</span> </td> 
       <td width="85"> <span class="xforms_input" style="width:85px;font-size:10pt;text-align:right;">16,059,500</span> </td> 
       <td width="68"> <span class="xforms_input" style="width:68px;font-size:10pt;text-align:right;">9.1</span> </td> 
       <td width="82"> <span class="xforms_input" style="width:82px;font-size:10pt;">-</span> </td> 
      </tr> 
      <tr> 
       <td colspan="2" width="191"> <span style="width:191px;font-size:10pt;">- 영업이익</span> </td> 
       <td width="88"> <span class="xforms_input" style="width:88px;font-size:10pt;text-align:right;">4,195,821</span> </td> 
       <td width="88"> <span class="xforms_input" style="width:88px;font-size:10pt;text-align:right;">180,886</span> </td> 
       <td width="85"> <span class="xforms_input" style="width:85px;font-size:10pt;text-align:right;">4,014,935</span> </td> 
       <td width="68"> <span class="xforms_input" style="width:68px;font-size:10pt;text-align:right;">2,219.6</span> </td> 
       <td width="82"> <span class="xforms_input" style="width:82px;font-size:10pt;">-</span> </td> 
      </tr> 
      <tr> 
       <td colspan="2" width="191"> <span style="width:191px;font-size:10pt;">- 법인세비용차감전계속사업이익</span> </td> 
       <td width="88"> <span class="xforms_input" style="width:88px;font-size:10pt;text-align:right;">2,371,700</span> </td> 
       <td width="88"> <span class="xforms_input" style="width:88px;font-size:10pt;text-align:right;">-1,733,000</span> </td> 
       <td width="85"> <span class="xforms_input" style="width:85px;font-size:10pt;text-align:right;">4,104,700</span> </td> 
       <td width="68"> <span class="xforms_input" style="width:68px;font-size:10pt;text-align:right;">-</span> </td> 
       <td width="82"> <span class="xforms_input" style="width:82px;font-size:10pt;">흑자전환</span> </td> 
      </tr> 
      <tr> 
       <td colspan="2" width="191"> <span style="width:191px;font-size:10pt;">- 당기순이익</span> </td> 
       <td width="88"> <span class="xforms_input" style="width:88px;font-size:10pt;text-align:right;">2,330,238</span> </td> 
       <td width="88"> <span class="xforms_input" style="width:88px;font-size:10pt;text-align:right;">-574,888</span> </td> 
       <td width="85"> <span class="xforms_input" style="width:85px;font-size:10pt;text-align:right;">2,905,126</span> </td> 
       <td width="68"> <span class="xforms_input" style="width:68px;font-size:10pt;text-align:right;">-</span> </td> 
       <td width="82"> <span class="xforms_input" style="width:82px;font-size:10pt;">흑자전환</span> </td> 
      </tr> 
      <tr> 
       <td colspan="2" width="191"> <span style="width:191px;font-size:10pt;">- 대규모법인여부</span> </td> 
       <td colspan="5" width="411"> <span class="xforms_input" style="width:411px;font-size:10pt;">미해당</span> </td> 
      </tr> 
      <tr> 
       <td colspan="2" width="191"> <span style="width:191px;font-size:10pt;">4. 재무현황(단위:천원)</span> </td> 
       <td colspan="2" width="176"> <span style="width:176px;font-size:10pt;text-align:center;">당해사업연도</span> </td> 
       <td colspan="3" width="235"> <span style="width:235px;font-size:10pt;text-align:center;">직전사업연도</span> </td> 
      </tr> 
      <tr> 
       <td colspan="2" width="191"> <span style="width:191px;font-size:10pt;">- 자산총계</span> </td> 
       <td colspan="2" width="176"> <span class="xforms_input" style="width:176px;font-size:10pt;text-align:right;">162,982,542</span> </td> 
       <td colspan="3" width="235"> <span class="xforms_input" style="width:235px;font-size:10pt;text-align:right;">156,396,200</span> </td> 
      </tr> 
      <tr> 
       <td colspan="2" width="191"> <span style="width:191px;font-size:10pt;">- 부채총계</span> </td> 
       <td colspan="2" width="176"> <span class="xforms_input" style="width:176px;font-size:10pt;text-align:right;">81,065,350</span> </td> 
       <td colspan="3" width="235"> <span class="xforms_input" style="width:235px;font-size:10pt;text-align:right;">77,322,024</span> </td> 
      </tr> 
      <tr> 
       <td colspan="2" width="191"> <span style="width:191px;font-size:10pt;">- 자본총계</span> </td> 
       <td colspan="2" width="176"> <span class="xforms_input" style="width:176px;font-size:10pt;text-align:right;">81,917,192</span> </td> 
       <td colspan="3" width="235"> <span class="xforms_input" style="width:235px;font-size:10pt;text-align:right;">79,074,176</span> </td> 
      </tr> 
      <tr> 
       <td colspan="2" width="191"> <span style="width:191px;font-size:10pt;">- 자본금</span> </td> 
       <td colspan="2" width="176"> <span class="xforms_input" style="width:176px;font-size:10pt;text-align:right;">16,000,000</span> </td> 
       <td colspan="3" width="235"> <span class="xforms_input" style="width:235px;font-size:10pt;text-align:right;">16,000,000</span> </td> 
      </tr> 
      <tr> 
       <td colspan="2" width="191"> <span style="width:191px;font-size:10pt;">- 자본잠식률(%) =〔(자본금-자본총계)/자본금〕×100</span> </td> 
       <td colspan="2" width="176"> <span class="xforms_input" style="width:176px;font-size:10pt;text-align:right;">-</span> </td> 
       <td colspan="3" width="235"> <span class="xforms_input" style="width:235px;font-size:10pt;text-align:right;">-</span> </td> 
      </tr> 
      <tr> 
       <td colspan="2" width="191"> <span style="width:191px;font-size:10pt;">5. 매출액 또는 손익구조 변동 주요원인</span> </td> 
       <td colspan="5" width="411"> <span class="xforms_input" style="width:411px;font-size:10pt;">매출증가에 따른 이익개선</span> </td> 
      </tr> 
      <tr> 
       <td colspan="2" width="191"> <span style="width:191px;font-size:10pt;">6. 이사회결의일(결정일)</span> </td> 
       <td colspan="5" width="411"> <span class="xforms_input" style="width:411px;font-size:10pt;">2026-01-05</span> </td> 
      </tr> 
      <tr> 
       <td rowspan="2" width="93"> <span style="width:93px;font-size:10pt;">- 사외이사 참석여부</span> </td> 
       <td width="98"> <span style="width:98px;font-size:10pt;text-align:center;">참석(명)</span> </td> 
       <td colspan="5" width="411"> <span class="xforms_input" style="width:411px;font-size:10pt;text-align:right;">-</span> </td> 
      </tr> 
      <tr> 
       <td width="98"> <span style="width:98px;font-size:10pt;text-align:center;">불참(명)</span> </td> 
       <td colspan="5" width="411"> <span class="xforms_input" style="width:411px;font-size:10pt;text-align:right;">-</span> </td> 
      </tr> 
      <tr> 
       <td colspan="2" width="191"> <span style="width:191px;font-size:10pt;">- 감사(사외이사가 아닌 감사위원) 참석여부</span> </td> 
       <td colspan="5" width="411"> <span class="xforms_input" style="width:411px;font-size:10pt;">-</span> </td> 
      </tr> 
      <tr> 
       <td colspan="7" width="602"> <span style="width:602px;font-size:10pt;">7. 기타 투자판단과 관련한 중요사항</span> </td> 
      </tr> 
      <tr> 
       <td colspan="7" width="602"> <span class="xforms_input" style="width:602px;font-size:10pt;">- 상기 실적은 한국채택국제회계기준(K-IFRS)에 따라 작성된 개별재무제표의 잠정 영업실적입니다. <br xmlns:java="http://xml.apache.org/xalan/java">- 상기 내용 중 당해사업연도 실적은 외부감사인의 회계감사가 완료되지 않은 상태에서 작성된 자료이며, 회계감사 과정에서 변동될 수 있습니다. <br xmlns:java="http://xml.apache.org/xalan/java">- 상기 이사회 결의일(결정일)은 당사의 결산이사회 결의일이 아닌 감사전 재무제표의 증권선물위원회 제출일입니다.</span> </td> 
      </tr> 
      <tr> 
       <td width="93"> <span style="width:93px;font-size:10pt;">※ 관련공시</span> </td> 
       <td colspan="6" width="509"> <span class="xforms_input" style="width:509px;font-size:10pt;">-</span> </td> 
      </tr> 
     </tbody> 
    </table> 
    <span class="noprint" style="display:none;width:600px;font-size:10pt;"> </span> 
    <span class="noprint" style="display:none;width:600px;font-size:10pt;"> </span> 
    <span class="noprint" style="display:none;width:600px;font-size:10pt;"> </span> 
   </div> 
  </div>  
 </body>
</html>