<?xml version="1.0" encoding="utf-8"?>


<DOCUMENT xmlns:xsi="http://www.w3.org/2001/XMLSchema-instance" xsi:noNamespaceSchemaLocation="dart4.xsd">

<DOCUMENT-NAME ACODE="12010">주식매수선택권 부여에 관한 신고</DOCUMENT-NAME>
<FORMULA-VERSION ADATE="20180119">6.0</FORMULA-VERSION>
<COMPANY-NAME AREGCIK="01335851">주식회사 박셀바이오</COMPANY-NAME>


<BODY ATOCID="3">

<LIBRARY>
<CORRECTION>
<TITLE ATOC="Y" AASSOCNOTE="CORRECTION" ENG="Report of Disclosure Revision" ATOCID="3">정 정 신 고 (보고)</TITLE>

<TABLE ACLASS="NORMAL" AFIXTABLE="Y" WIDTH="600" BORDER="0">

<COLGROUP WIDTH="600">
<COL WIDTH="600"></COL>
</COLGROUP>

<TBODY>

<TR ACOPY="N" ADELETE="N" HEIGHT="30">
<TD WIDTH="591" HEIGHT="23"></TD>
</TR>

<TR ACOPY="N" ADELETE="N" HEIGHT="30">
<TD WIDTH="591" HEIGHT="23" ALIGN="RIGHT">2026년 1월 6일</TD>
</TR>
</TBODY>
</TABLE>
<P></P>
<P></P>

<TABLE ACLASS="NORMAL" AFIXTABLE="Y" WIDTH="600" BORDER="0">

<COLGROUP WIDTH="600">
<COL WIDTH="165"></COL>
<COL WIDTH="435"></COL>
</COLGROUP>

<TBODY>

<TR ACOPY="N" ADELETE="N" HEIGHT="30">
<TD WIDTH="156" VALIGN="MIDDLE" AUPDATECONT="N" ENG="1. Disclosure document to be revised:" HEIGHT="23">1. 정정대상 공시서류 :</TD>
<TD WIDTH="426" VALIGN="MIDDLE" HEIGHT="23"> 주식매수선택권 부여에 관한 신고</TD>
</TR>
</TBODY>
</TABLE>
<P></P>

<TABLE ACLASS="NORMAL" AFIXTABLE="Y" WIDTH="600" BORDER="0">

<COLGROUP WIDTH="600">
<COL WIDTH="260"></COL>
<COL WIDTH="340"></COL>
</COLGROUP>

<TBODY>

<TR ACOPY="N" ADELETE="N" HEIGHT="30">
<TD WIDTH="251" VALIGN="MIDDLE" AUPDATECONT="N" ENG="2. First submission date of disclosure document to be revised:" HEIGHT="23">2. 정정대상 공시서류의 최초제출일 :</TD>
<TD WIDTH="331" VALIGN="MIDDLE" HEIGHT="23">2025년   2월  18일</TD>
</TR>
</TBODY>
</TABLE>
<P></P>

<TABLE ACLASS="NORMAL" AFIXTABLE="Y" WIDTH="600" BORDER="0">

<COLGROUP WIDTH="600">
<COL WIDTH="600"></COL>
</COLGROUP>

<TBODY>

<TR ACOPY="N" ADELETE="N" HEIGHT="30">
<TD WIDTH="591" HEIGHT="23" VALIGN="MIDDLE" AUPDATECONT="N" ENG="3. Revised Information">3. 정정사항</TD>
</TR>
</TBODY>
</TABLE>

<TABLE ACLASS="NORMAL" AFIXTABLE="N" WIDTH="626" BORDER="1">

<COLGROUP WIDTH="626">
<COL WIDTH="233"></COL>
<COL WIDTH="213"></COL>
<COL WIDTH="90"></COL>
<COL WIDTH="90"></COL>
</COLGROUP>

<THEAD>

<TR ACOPY="N" ADELETE="N" HEIGHT="30">
<TH WIDTH="224" VALIGN="MIDDLE" ACOPYCOL="N" ADELETECOL="N" AMOVECOL="N" AUPDATECONT="N" ENG="Items" HEIGHT="23">항  목</TH>
<TH WIDTH="204" VALIGN="MIDDLE" ACOPYCOL="N" ADELETECOL="N" AMOVECOL="N" AUPDATECONT="N" ENG="Reason for revision" HEIGHT="23">정정사유</TH>
<TH WIDTH="81" VALIGN="MIDDLE" ACOPYCOL="N" ADELETECOL="N" AMOVECOL="N" AUPDATECONT="N" ENG="Before revision" HEIGHT="23">정 정 전</TH>
<TH WIDTH="81" VALIGN="MIDDLE" ACOPYCOL="N" ADELETECOL="N" AMOVECOL="N" AUPDATECONT="N" ENG="After revision" HEIGHT="23">정 정 후</TH>
</TR>
</THEAD>

<TBODY>

<TR ACOPY="Y" ADELETE="Y" HEIGHT="30">
<TD VALIGN="MIDDLE" WIDTH="224" HEIGHT="23">1. 부여대상자 (명)</TD>
<TD ROWSPAN="4" ALIGN="CENTER" VALIGN="MIDDLE" WIDTH="204" HEIGHT="182">부여대상자 퇴사에 따른 주식매수선택권 일부 부여 취소</TD>
<TD ALIGN="CENTER" VALIGN="MIDDLE" WIDTH="81" HEIGHT="23">5</TD>
<TD ALIGN="CENTER" VALIGN="MIDDLE" WIDTH="81" HEIGHT="23">4</TD>
</TR>

<TR ACOPY="Y" ADELETE="Y" HEIGHT="53">
<TD VALIGN="MIDDLE" WIDTH="224" HEIGHT="46">2. 당해부여 주식 (주)</TD>
<TD ALIGN="CENTER" VALIGN="MIDDLE" WIDTH="81" HEIGHT="46">25,500</TD>
<TD ALIGN="CENTER" VALIGN="MIDDLE" WIDTH="81" HEIGHT="46">23,500</TD>
</TR>

<TR ACOPY="Y" ADELETE="Y" HEIGHT="53">
<TD VALIGN="MIDDLE" WIDTH="224" HEIGHT="46">8. 당해부여 후 총부여 현황 (주)</TD>
<TD ALIGN="CENTER" VALIGN="MIDDLE" WIDTH="81" HEIGHT="46">77,443</TD>
<TD ALIGN="CENTER" VALIGN="MIDDLE" WIDTH="81" HEIGHT="46">69,328</TD>
</TR>

<TR ACOPY="Y" ADELETE="Y" HEIGHT="53">
<TD VALIGN="MIDDLE" WIDTH="224" HEIGHT="46">10. 기타투자판단에 참고할 사항 [대상자별 부여내역]</TD>
<TD ALIGN="CENTER" VALIGN="MIDDLE" WIDTH="81" HEIGHT="46">주1</TD>
<TD ALIGN="CENTER" VALIGN="MIDDLE" WIDTH="81" HEIGHT="46">주2</TD>
</TR>
</TBODY>
</TABLE>
<P>주1 정정 전</P>

<TABLE ACLASS="NORMAL" AFIXTABLE="N" WIDTH="600" BORDER="0">

<COLGROUP WIDTH="600">
<COL WIDTH="273"></COL>
<COL WIDTH="327"></COL>
</COLGROUP>

<TBODY>

<TR ACOPY="Y" ADELETE="Y" HEIGHT="30">
<TD WIDTH="264" HEIGHT="23">[ 대상자별 부여내역 ]</TD>
<TD WIDTH="318" HEIGHT="23"></TD>
</TR>
</TBODY>
</TABLE>

<TABLE ACLASS="NORMAL" AFIXTABLE="N" WIDTH="600" BORDER="1">

<COLGROUP WIDTH="600">
<COL WIDTH="139"></COL>
<COL WIDTH="88"></COL>
<COL WIDTH="91"></COL>
<COL WIDTH="95"></COL>
<COL WIDTH="105"></COL>
<COL WIDTH="82"></COL>
</COLGROUP>

<THEAD>

<TR ACOPY="Y" ADELETE="Y" HEIGHT="30">
<TH ROWSPAN="2" VALIGN="MIDDLE" WIDTH="130" ACOPYCOL="Y" ADELETECOL="Y" AMOVECOL="N" HEIGHT="53">부여대상자명</TH>
<TH ROWSPAN="2" VALIGN="MIDDLE" WIDTH="79" ACOPYCOL="Y" ADELETECOL="Y" AMOVECOL="N" HEIGHT="53">관 계</TH>
<TH COLSPAN="2" VALIGN="MIDDLE" WIDTH="177" ACOPYCOL="Y" ADELETECOL="Y" AMOVECOL="N" HEIGHT="23">부여주식 (주)</TH>
<TH ROWSPAN="2" VALIGN="MIDDLE" WIDTH="96" ACOPYCOL="Y" ADELETECOL="Y" AMOVECOL="N" HEIGHT="53">공정가치</TH>
<TH ROWSPAN="2" VALIGN="MIDDLE" WIDTH="73" ACOPYCOL="Y" ADELETECOL="Y" AMOVECOL="N" HEIGHT="53">비 고</TH>
</TR>

<TR ACOPY="Y" ADELETE="Y" HEIGHT="30">
<TH VALIGN="MIDDLE" ACOPYCOL="Y" ADELETECOL="Y" AMOVECOL="N" WIDTH="82" HEIGHT="23">보통주식</TH>
<TH VALIGN="MIDDLE" ACOPYCOL="Y" ADELETECOL="Y" AMOVECOL="N" WIDTH="86" HEIGHT="23">기타주식</TH>
</TR>
</THEAD>

<TBODY>

<TR ACOPY="Y" ADELETE="Y" HEIGHT="30">
<TD ALIGN="CENTER" VALIGN="MIDDLE" WIDTH="130" HEIGHT="23">O O O</TD>
<TD ALIGN="CENTER" VALIGN="MIDDLE" WIDTH="79" HEIGHT="23">미등기임원</TD>
<TD ALIGN="RIGHT" VALIGN="MIDDLE" WIDTH="82" HEIGHT="23">15,000</TD>
<TD ALIGN="RIGHT" VALIGN="MIDDLE" WIDTH="86" HEIGHT="23">-</TD>
<TD ALIGN="CENTER" VALIGN="MIDDLE" WIDTH="96" HEIGHT="23">7,269</TD>
<TD ALIGN="CENTER" VALIGN="MIDDLE" WIDTH="73" HEIGHT="23">-</TD>
</TR>

<TR ACOPY="Y" ADELETE="Y" HEIGHT="30">
<TD ALIGN="CENTER" VALIGN="MIDDLE" WIDTH="130" HEIGHT="23">O O O</TD>
<TD ALIGN="CENTER" VALIGN="MIDDLE" WIDTH="79" HEIGHT="23">미등기임원</TD>
<TD ALIGN="RIGHT" VALIGN="MIDDLE" WIDTH="82" HEIGHT="23">2,000</TD>
<TD ALIGN="RIGHT" VALIGN="MIDDLE" WIDTH="86" HEIGHT="23">-</TD>
<TD ALIGN="CENTER" VALIGN="MIDDLE" WIDTH="96" HEIGHT="23">7,269</TD>
<TD ALIGN="CENTER" VALIGN="MIDDLE" WIDTH="73" HEIGHT="23">-</TD>
</TR>

<TR ACOPY="Y" ADELETE="Y" HEIGHT="30">
<TD ALIGN="CENTER" VALIGN="MIDDLE" WIDTH="130" HEIGHT="23">O O O</TD>
<TD ALIGN="CENTER" VALIGN="MIDDLE" WIDTH="79" HEIGHT="23">미등기임원</TD>
<TD ALIGN="RIGHT" VALIGN="MIDDLE" WIDTH="82" HEIGHT="23">2,000</TD>
<TD ALIGN="RIGHT" VALIGN="MIDDLE" WIDTH="86" HEIGHT="23">-</TD>
<TD ALIGN="CENTER" VALIGN="MIDDLE" WIDTH="96" HEIGHT="23">7,269</TD>
<TD ALIGN="CENTER" VALIGN="MIDDLE" WIDTH="73" HEIGHT="23">-</TD>
</TR>

<TR ACOPY="Y" ADELETE="Y" HEIGHT="30">
<TD ALIGN="CENTER" VALIGN="MIDDLE" WIDTH="130" HEIGHT="23">O O O</TD>
<TD ALIGN="CENTER" VALIGN="MIDDLE" WIDTH="79" HEIGHT="23">미등기임원</TD>
<TD ALIGN="RIGHT" VALIGN="MIDDLE" WIDTH="82" HEIGHT="23">2,000</TD>
<TD ALIGN="RIGHT" VALIGN="MIDDLE" WIDTH="86" HEIGHT="23">-</TD>
<TD ALIGN="CENTER" VALIGN="MIDDLE" WIDTH="96" HEIGHT="23">7,269</TD>
<TD ALIGN="CENTER" VALIGN="MIDDLE" WIDTH="73" HEIGHT="23">-</TD>
</TR>

<TR ACOPY="Y" ADELETE="Y" HEIGHT="30">
<TD ALIGN="CENTER" VALIGN="MIDDLE" WIDTH="130" HEIGHT="23">O O O</TD>
<TD ALIGN="CENTER" VALIGN="MIDDLE" WIDTH="79" HEIGHT="23">미등기임원</TD>
<TD ALIGN="RIGHT" VALIGN="MIDDLE" WIDTH="82" HEIGHT="23">4,500</TD>
<TD ALIGN="RIGHT" VALIGN="MIDDLE" WIDTH="86" HEIGHT="23">-</TD>
<TD ALIGN="CENTER" VALIGN="MIDDLE" WIDTH="96" HEIGHT="23">7,269</TD>
<TD ALIGN="CENTER" VALIGN="MIDDLE" WIDTH="73" HEIGHT="23">-</TD>
</TR>
</TBODY>
</TABLE>
<P></P>
<P>주2 정정 후</P>

<TABLE ACLASS="NORMAL" AFIXTABLE="N" WIDTH="600" BORDER="0">

<COLGROUP WIDTH="600">
<COL WIDTH="273"></COL>
<COL WIDTH="327"></COL>
</COLGROUP>

<TBODY>

<TR ACOPY="Y" ADELETE="Y" HEIGHT="30">
<TD WIDTH="264" HEIGHT="23">[ 대상자별 부여내역 ]</TD>
<TD WIDTH="318" HEIGHT="23"></TD>
</TR>
</TBODY>
</TABLE>

<TABLE ACLASS="NORMAL" AFIXTABLE="N" WIDTH="600" BORDER="1">

<COLGROUP WIDTH="600">
<COL WIDTH="139"></COL>
<COL WIDTH="88"></COL>
<COL WIDTH="91"></COL>
<COL WIDTH="95"></COL>
<COL WIDTH="105"></COL>
<COL WIDTH="82"></COL>
</COLGROUP>

<THEAD>

<TR ACOPY="Y" ADELETE="Y" HEIGHT="30">
<TH ROWSPAN="2" VALIGN="MIDDLE" WIDTH="130" HEIGHT="53" ACOPYCOL="Y" ADELETECOL="Y" AMOVECOL="N">부여대상자명</TH>
<TH ROWSPAN="2" VALIGN="MIDDLE" WIDTH="79" HEIGHT="53" ACOPYCOL="Y" ADELETECOL="Y" AMOVECOL="N">관 계</TH>
<TH COLSPAN="2" VALIGN="MIDDLE" WIDTH="177" HEIGHT="23" ACOPYCOL="Y" ADELETECOL="Y" AMOVECOL="N">부여주식 (주)</TH>
<TH ROWSPAN="2" VALIGN="MIDDLE" WIDTH="96" HEIGHT="53" ACOPYCOL="Y" ADELETECOL="Y" AMOVECOL="N">공정가치</TH>
<TH ROWSPAN="2" VALIGN="MIDDLE" WIDTH="73" HEIGHT="53" ACOPYCOL="Y" ADELETECOL="Y" AMOVECOL="N">비 고</TH>
</TR>

<TR ACOPY="Y" ADELETE="Y" HEIGHT="30">
<TH VALIGN="MIDDLE" WIDTH="82" HEIGHT="23" ACOPYCOL="Y" ADELETECOL="Y" AMOVECOL="N">보통주식</TH>
<TH VALIGN="MIDDLE" WIDTH="86" HEIGHT="23" ACOPYCOL="Y" ADELETECOL="Y" AMOVECOL="N">기타주식</TH>
</TR>
</THEAD>

<TBODY>

<TR ACOPY="Y" ADELETE="Y" HEIGHT="30">
<TD ALIGN="CENTER" WIDTH="130" HEIGHT="23" VALIGN="MIDDLE">O O O</TD>
<TD ALIGN="CENTER" WIDTH="79" HEIGHT="23" VALIGN="MIDDLE">미등기임원</TD>
<TD ALIGN="RIGHT" WIDTH="82" HEIGHT="23" VALIGN="MIDDLE">15,000</TD>
<TD ALIGN="RIGHT" WIDTH="86" HEIGHT="23" VALIGN="MIDDLE">-</TD>
<TD ALIGN="CENTER" WIDTH="96" HEIGHT="23" VALIGN="MIDDLE">7,269</TD>
<TD ALIGN="CENTER" WIDTH="73" HEIGHT="23" VALIGN="MIDDLE">-</TD>
</TR>

<TR ACOPY="Y" ADELETE="Y" HEIGHT="30">
<TD ALIGN="CENTER" WIDTH="130" HEIGHT="23" VALIGN="MIDDLE">O O O</TD>
<TD ALIGN="CENTER" WIDTH="79" HEIGHT="23" VALIGN="MIDDLE">미등기임원</TD>
<TD ALIGN="RIGHT" WIDTH="82" HEIGHT="23" VALIGN="MIDDLE">2,000</TD>
<TD ALIGN="RIGHT" WIDTH="86" HEIGHT="23" VALIGN="MIDDLE">-</TD>
<TD ALIGN="CENTER" WIDTH="96" HEIGHT="23" VALIGN="MIDDLE">7,269</TD>
<TD ALIGN="CENTER" WIDTH="73" HEIGHT="23" VALIGN="MIDDLE">-</TD>
</TR>

<TR ACOPY="Y" ADELETE="Y" HEIGHT="30">
<TD ALIGN="CENTER" WIDTH="130" HEIGHT="23" VALIGN="MIDDLE">O O O</TD>
<TD ALIGN="CENTER" WIDTH="79" HEIGHT="23" VALIGN="MIDDLE">미등기임원</TD>
<TD ALIGN="RIGHT" WIDTH="82" HEIGHT="23" VALIGN="MIDDLE">2,000</TD>
<TD ALIGN="RIGHT" WIDTH="86" HEIGHT="23" VALIGN="MIDDLE">-</TD>
<TD ALIGN="CENTER" WIDTH="96" HEIGHT="23" VALIGN="MIDDLE">7,269</TD>
<TD ALIGN="CENTER" WIDTH="73" HEIGHT="23" VALIGN="MIDDLE">-</TD>
</TR>

<TR ACOPY="Y" ADELETE="Y" HEIGHT="30">
<TD ALIGN="CENTER" WIDTH="130" HEIGHT="23" VALIGN="MIDDLE">O O O</TD>
<TD ALIGN="CENTER" WIDTH="79" HEIGHT="23" VALIGN="MIDDLE">미등기임원</TD>
<TD ALIGN="RIGHT" WIDTH="82" HEIGHT="23" VALIGN="MIDDLE">4,500</TD>
<TD ALIGN="RIGHT" WIDTH="86" HEIGHT="23" VALIGN="MIDDLE">-</TD>
<TD ALIGN="CENTER" WIDTH="96" HEIGHT="23" VALIGN="MIDDLE">7,269</TD>
<TD ALIGN="CENTER" WIDTH="73" HEIGHT="23" VALIGN="MIDDLE">-</TD>
</TR>
</TBODY>
</TABLE>
<PGBRK></PGBRK>
</CORRECTION>
</LIBRARY>


<COVER>
<P></P>
<COVER-TITLE ATOC="Y" AASSOCNOTE="COVER" ENG="Report on the Grant of Stock Options" ATOCID="1">주식매수선택권 부여에 관한 신고</COVER-TITLE>

<TABLE ACLASS="NORMAL" AFIXTABLE="Y" WIDTH="600" BORDER="0">

<COLGROUP WIDTH="600">
<COL WIDTH="131"></COL>
<COL WIDTH="169"></COL>
<COL WIDTH="300"></COL>
</COLGROUP>

<TBODY>

<TR ACOPY="Y" ADELETE="Y" HEIGHT="30">
<TD COLSPAN="3" WIDTH="591" HEIGHT="23"></TD>
</TR>

<TR ACOPY="Y" ADELETE="Y" HEIGHT="30">
<TD COLSPAN="3" WIDTH="591" HEIGHT="23">금융위원회/한국거래소 귀중</TD>
</TR>

<TR ACOPY="Y" ADELETE="Y" HEIGHT="30">
<TD COLSPAN="3" ALIGN="RIGHT" VALIGN="MIDDLE" WIDTH="591" HEIGHT="23">  2025년     2월   18일</TD>
</TR>

<TR ACOPY="Y" ADELETE="Y" HEIGHT="53">
<TD COLSPAN="3" WIDTH="591" HEIGHT="46"></TD>
</TR>

<TR ACOPY="Y" ADELETE="Y" HEIGHT="30">
<TD WIDTH="122" HEIGHT="23">회   사   명 :</TD>
<TD COLSPAN="2" WIDTH="460" HEIGHT="23">주식회사 박셀바이오</TD>
</TR>

<TR ACOPY="Y" ADELETE="Y" HEIGHT="30">
<TD WIDTH="122" HEIGHT="23">대 표 이 사 :</TD>
<TD COLSPAN="2" WIDTH="460" HEIGHT="23">이 제 중</TD>
</TR>

<TR ACOPY="Y" ADELETE="Y" HEIGHT="30">
<TD WIDTH="122" HEIGHT="23">본 점 소 재 지 :</TD>
<TD COLSPAN="2" WIDTH="460" HEIGHT="23">전라남도 화순군 화순읍 산단길 98-1</TD>
</TR>

<TR ACOPY="Y" ADELETE="Y" HEIGHT="30">
<TD WIDTH="122" HEIGHT="23"></TD>
<TD COLSPAN="2" WIDTH="460" HEIGHT="23">(전   화) 061-373-0046</TD>
</TR>

<TR ACOPY="Y" ADELETE="Y" HEIGHT="30">
<TD WIDTH="122" HEIGHT="23"></TD>
<TD COLSPAN="2" WIDTH="460" HEIGHT="23">(홈페이지) http://www.vaxcell-bio.com</TD>
</TR>

<TR ACOPY="Y" ADELETE="Y" HEIGHT="53">
<TD COLSPAN="3" WIDTH="591" HEIGHT="46"></TD>
</TR>

<TR ACOPY="Y" ADELETE="Y" HEIGHT="30">
<TD WIDTH="122" HEIGHT="23">작 성  책 임 자 :</TD>
<TD WIDTH="160" HEIGHT="23">(직  책) 경영부문장</TD>
<TD WIDTH="291" HEIGHT="23">(성  명) 정 성 창</TD>
</TR>

<TR ACOPY="Y" ADELETE="Y" HEIGHT="30">
<TD WIDTH="122" HEIGHT="23"></TD>
<TD COLSPAN="2" WIDTH="460" HEIGHT="23">(전  화) 061-376-0046</TD>
</TR>

<TR ACOPY="Y" ADELETE="Y" HEIGHT="30">
<TD COLSPAN="3" WIDTH="591" HEIGHT="23"></TD>
</TR>
</TBODY>
</TABLE>
<P></P>
<PGBRK></PGBRK>
</COVER>

<SECTION-1 ACLASS="MANDATORY" APARTSOURCE="SOURCE">
<TITLE ATOC="Y" AASSOCNOTE="D-0-1-0-0" ENG="Grant of Stock Options" ATOCID="2">주식매수선택권 부여</TITLE>
<P></P>

<TABLE-GROUP ACLASS="TBL1" ADELETETABLE="N">

<TABLE ACLASS="EXTRACTION" AFIXTABLE="Y" WIDTH="599" BORDER="1">

<COLGROUP WIDTH="599">
<COL WIDTH="75"></COL>
<COL WIDTH="91"></COL>
<COL WIDTH="174"></COL>
<COL WIDTH="259"></COL>
</COLGROUP>

<TBODY>

<TR ACOPY="Y" ADELETE="Y" HEIGHT="53">
<TD ROWSPAN="2" COLSPAN="2" VALIGN="MIDDLE" WIDTH="157" HEIGHT="99" AUPDATECONT="N" ENG="1. Number of recipients (persons)">1. 부여대상자(명)</TD>
<TD ALIGN="CENTER" VALIGN="MIDDLE" WIDTH="165" HEIGHT="46" AUPDATECONT="N" ENG="Director, auditor or employee of the listed company">해당 상장회사의 이사ㆍ감사 또는 피용자</TD>
<TE ALIGN="RIGHT" VALIGN="MIDDLE" WIDTH="250" HEIGHT="46" ACODE="TRG_CNT_01">4</TE>
</TR>

<TR ACOPY="Y" ADELETE="Y" HEIGHT="53">
<TD ALIGN="CENTER" VALIGN="MIDDLE" WIDTH="165" HEIGHT="46" AUPDATECONT="N" ENG="Director, auditor or employee of a related company">관계회사의 이사ㆍ감사 또는 피용자</TD>
<TE ALIGN="RIGHT" VALIGN="MIDDLE" WIDTH="250" HEIGHT="46" ACODE="TRG_CNT_02">-</TE>
</TR>

<TR ACOPY="Y" ADELETE="Y" HEIGHT="30">
<TD ROWSPAN="2" COLSPAN="2" VALIGN="MIDDLE" WIDTH="157" HEIGHT="53" AUPDATECONT="N" ENG="2. Number of shares granted (shrs.)">2. 당해부여 주식 (주)</TD>
<TD ALIGN="CENTER" VALIGN="MIDDLE" WIDTH="165" HEIGHT="23" AUPDATECONT="N" ENG="Common stock">보통주식</TD>
<TE ALIGN="RIGHT" VALIGN="MIDDLE" WIDTH="250" HEIGHT="23" ACODE="CST_GV_CNT">23,500</TE>
</TR>

<TR ACOPY="Y" ADELETE="Y" HEIGHT="30">
<TD ALIGN="CENTER" VALIGN="MIDDLE" WIDTH="165" HEIGHT="23" AUPDATECONT="N" ENG="Different classes of stocks">기타주식</TD>
<TE ALIGN="RIGHT" VALIGN="MIDDLE" WIDTH="250" HEIGHT="23" ACODE="PST_GV_CNT">-</TE>
</TR>

<TR ACOPY="Y" ADELETE="Y" HEIGHT="30">
<TD ROWSPAN="4" VALIGN="MIDDLE" WIDTH="66" HEIGHT="113" AUPDATECONT="N" ENG="3. Exercise conditions">3. 행사   조건</TD>
<TD ROWSPAN="2" ALIGN="CENTER" VALIGN="MIDDLE" WIDTH="82" HEIGHT="53" AUPDATECONT="N" ENG="Exercise period">행사기간</TD>
<TD ALIGN="CENTER" VALIGN="MIDDLE" WIDTH="165" HEIGHT="23" AUPDATECONT="N" ENG="Start date">시작일</TD>
<TU ALIGN="CENTER" VALIGN="MIDDLE" WIDTH="250" HEIGHT="23" AUNIT="EXE_BSN_DT" AUNITVALUE="20270218">2027년 02월 18일</TU>
</TR>

<TR ACOPY="Y" ADELETE="Y" HEIGHT="30">
<TD ALIGN="CENTER" VALIGN="MIDDLE" WIDTH="165" HEIGHT="23" AUPDATECONT="N" ENG="End date">종료일</TD>
<TU ALIGN="CENTER" VALIGN="MIDDLE" WIDTH="250" HEIGHT="23" AUNIT="EXE_END_DT" AUNITVALUE="20320217">2032년 02월 17일</TU>
</TR>

<TR ACOPY="Y" ADELETE="Y" HEIGHT="30">
<TD ROWSPAN="2" ALIGN="CENTER" VALIGN="MIDDLE" WIDTH="82" HEIGHT="53" AUPDATECONT="N" ENG="Exercise price (KRW)">행사가격 (원)</TD>
<TD ALIGN="CENTER" VALIGN="MIDDLE" WIDTH="165" HEIGHT="23" AUPDATECONT="N" ENG="Common stock">보통주식</TD>
<TE ALIGN="RIGHT" VALIGN="MIDDLE" WIDTH="250" HEIGHT="23" ACODE="CST_EXE_PRC">10,215</TE>
</TR>

<TR ACOPY="Y" ADELETE="Y" HEIGHT="30">
<TD ALIGN="CENTER" VALIGN="MIDDLE" WIDTH="165" HEIGHT="23" AUPDATECONT="N" ENG="Different classes of stocks">기타주식</TD>
<TE ALIGN="RIGHT" VALIGN="MIDDLE" WIDTH="250" HEIGHT="23" ACODE="PST_EXE_PRC">-</TE>
</TR>

<TR ACOPY="Y" ADELETE="Y" HEIGHT="30">
<TD COLSPAN="3" VALIGN="MIDDLE" WIDTH="331" HEIGHT="23" AUPDATECONT="N" ENG="4. Grant method">4. 부여방법</TD>
<TU ALIGN="CENTER" VALIGN="MIDDLE" WIDTH="250" HEIGHT="23" AUNIT="SOPT_MTH2" AUNITVALUE="100" ENG="Grant of new shares">신주교부</TU>
</TR>

<TR ACOPY="Y" ADELETE="Y" HEIGHT="30">
<TD COLSPAN="3" VALIGN="MIDDLE" WIDTH="331" HEIGHT="23" AUPDATECONT="N" ENG="5. Grant resolution body">5. 부여결의 기관</TD>
<TE VALIGN="MIDDLE" WIDTH="250" HEIGHT="23" ACODE="GRT_ORG" ALIGN="CENTER">이사회</TE>
</TR>

<TR ACOPY="Y" ADELETE="Y" HEIGHT="30">
<TD COLSPAN="3" VALIGN="MIDDLE" WIDTH="331" HEIGHT="23" AUPDATECONT="N" ENG="6. Grant date">6. 부여일자</TD>
<TU ALIGN="CENTER" VALIGN="MIDDLE" WIDTH="250" HEIGHT="23" AUNIT="GV_DT" AUNITVALUE="20250218">2025년 02월 18일</TU>
</TR>

<TR ACOPY="Y" ADELETE="Y" HEIGHT="30">
<TD COLSPAN="3" VALIGN="MIDDLE" WIDTH="331" HEIGHT="23" AUPDATECONT="N" ENG="7. Basis for grant">7. 부여근거</TD>
<TE VALIGN="MIDDLE" WIDTH="250" HEIGHT="23" ACODE="GRT_BS" ALIGN="CENTER">정관 제11조 주식매수선택권</TE>
</TR>

<TR ACOPY="Y" ADELETE="Y" HEIGHT="30">
<TD ROWSPAN="2" COLSPAN="2" VALIGN="MIDDLE" WIDTH="157" HEIGHT="53" AUPDATECONT="N" ENG="8. Total grant after current grant (shrs.)">8. 당해부여 후    총부여  현황 (주)</TD>
<TD ALIGN="CENTER" VALIGN="MIDDLE" WIDTH="165" HEIGHT="23" AUPDATECONT="N" ENG="Common stock">보통주식</TD>
<TE ALIGN="RIGHT" VALIGN="MIDDLE" WIDTH="250" HEIGHT="23" ACODE="TOT_CST_GV_CNT">69,328</TE>
</TR>

<TR ACOPY="Y" ADELETE="Y" HEIGHT="30">
<TD ALIGN="CENTER" VALIGN="MIDDLE" WIDTH="165" HEIGHT="23" AUPDATECONT="N" ENG="Different classes of stocks">기타주식</TD>
<TE ALIGN="RIGHT" VALIGN="MIDDLE" WIDTH="250" HEIGHT="23" ACODE="TOT_PST_GV_CNT">-</TE>
</TR>

<TR ACOPY="Y" ADELETE="Y" HEIGHT="30">
<TD COLSPAN="3" VALIGN="MIDDLE" WIDTH="331" HEIGHT="23" AUPDATECONT="N" ENG="9. Board resolution date (If board resolution is granted)">9. 이사회 결의일(이사회결의로 부여한 경우)</TD>
<TU VALIGN="MIDDLE" WIDTH="250" HEIGHT="23" AUNIT="DRC_DT" ALIGN="CENTER" AUNITVALUE="20250218">2025년 02월 18일</TU>
</TR>

<TR ACOPY="Y" ADELETE="Y" HEIGHT="30">
<TD ROWSPAN="2" COLSPAN="2" VALIGN="MIDDLE" WIDTH="157" HEIGHT="53" AUPDATECONT="N" ENG="- Attendance of outside directors"> - 사외이사참석여부</TD>
<TD ALIGN="CENTER" VALIGN="MIDDLE" WIDTH="165" HEIGHT="23" AUPDATECONT="N" ENG="Present (No.)">참석 (명)</TD>
<TE ALIGN="RIGHT" VALIGN="MIDDLE" WIDTH="250" HEIGHT="23" ACODE="ATD_CNT">1</TE>
</TR>

<TR ACOPY="Y" ADELETE="Y" HEIGHT="30">
<TD ALIGN="CENTER" VALIGN="MIDDLE" WIDTH="165" HEIGHT="23" AUPDATECONT="N" ENG="Absent (No.)">불참 (명)</TD>
<TE ALIGN="RIGHT" VALIGN="MIDDLE" WIDTH="250" HEIGHT="23" ACODE="NATD_CNT">-</TE>
</TR>

<TR ACOPY="Y" ADELETE="Y" HEIGHT="30">
<TD COLSPAN="3" VALIGN="MIDDLE" WIDTH="331" HEIGHT="23" AUPDATECONT="N" ENG="- Attendance of auditors (members of Audit Committee)"> - 감사(감사위원)참석여부</TD>
<TU VALIGN="MIDDLE" WIDTH="250" HEIGHT="23" AUNIT="ADT_ATD_YN" ALIGN="CENTER" AUNITVALUE="Y" ENG="Present">참석</TU>
</TR>
</TBODY>
</TABLE>
</TABLE-GROUP>
<P>10. 기타 투자판단에 참고할 사항</P>
<P>* 상기 당해부여 후 총부여 현황은 해당 부여일 시점의 총 부여현황이며, 정정공시 제출일 현재 총 부여주식수는 84,328주 입니다. </P>
<P></P>

<TABLE-GROUP ACLASS="TBL2" ADELETETABLE="N">

<TABLE ACLASS="NORMAL" AFIXTABLE="Y" WIDTH="600" BORDER="0">

<COLGROUP WIDTH="600">
<COL WIDTH="273"></COL>
<COL WIDTH="327"></COL>
</COLGROUP>

<TBODY>

<TR ACOPY="Y" ADELETE="Y" HEIGHT="30">
<TD WIDTH="264" HEIGHT="23" AUPDATECONT="N" ENG="[ Details of Grant per Recipient ]">[ 대상자별 부여내역 ]</TD>
<TD WIDTH="318" HEIGHT="23"></TD>
</TR>
</TBODY>
</TABLE>

<TABLE ACLASS="EXTRACTION" AFIXTABLE="N" WIDTH="600" BORDER="1">

<COLGROUP WIDTH="600">
<COL WIDTH="139"></COL>
<COL WIDTH="88"></COL>
<COL WIDTH="91"></COL>
<COL WIDTH="95"></COL>
<COL WIDTH="105"></COL>
<COL WIDTH="82"></COL>
</COLGROUP>

<THEAD>

<TR ACOPY="N" ADELETE="N" HEIGHT="30">
<TH ROWSPAN="2" VALIGN="MIDDLE" WIDTH="130" HEIGHT="53" ACOPYCOL="N" ADELETECOL="N" AMOVECOL="N" AUPDATECONT="N" ENG="Name of recipient">부여대상자명</TH>
<TH ROWSPAN="2" VALIGN="MIDDLE" WIDTH="79" HEIGHT="53" ACOPYCOL="N" ADELETECOL="N" AMOVECOL="N" AUPDATECONT="N" ENG="Relationship">관 계</TH>
<TH COLSPAN="2" VALIGN="MIDDLE" WIDTH="177" HEIGHT="23" ACOPYCOL="N" ADELETECOL="N" AMOVECOL="N" AUPDATECONT="N" ENG="Stock granted (shrs.)">부여주식 (주)</TH>
<TH ROWSPAN="2" VALIGN="MIDDLE" WIDTH="96" HEIGHT="53" ACOPYCOL="N" ADELETECOL="N" AMOVECOL="N" AUPDATECONT="N" ENG="Fair value">공정가치</TH>
<TH ROWSPAN="2" VALIGN="MIDDLE" WIDTH="73" HEIGHT="53" ACOPYCOL="N" ADELETECOL="N" AMOVECOL="N" AUPDATECONT="N" ENG="Note">비 고</TH>
</TR>

<TR ACOPY="N" ADELETE="N" HEIGHT="30">
<TH VALIGN="MIDDLE" WIDTH="82" HEIGHT="23" ACOPYCOL="N" ADELETECOL="N" AMOVECOL="N" AUPDATECONT="N" ENG="Common stock">보통주식</TH>
<TH VALIGN="MIDDLE" WIDTH="86" HEIGHT="23" ACOPYCOL="N" ADELETECOL="N" AMOVECOL="N" AUPDATECONT="N" ENG="Different classes of stocks">기타주식</TH>
</TR>
</THEAD>

<TBODY>

<TR ACOPY="Y" ADELETE="N" HEIGHT="30">
<TE ALIGN="CENTER" WIDTH="130" HEIGHT="23" ACODE="GV_TRG_NM" VALIGN="MIDDLE">O O O</TE>
<TE ALIGN="CENTER" WIDTH="79" HEIGHT="23" ACODE="GVRLT" VALIGN="MIDDLE">미등기임원</TE>
<TE ALIGN="RIGHT" WIDTH="82" HEIGHT="23" ACODE="CST_GV_CNT" VALIGN="MIDDLE">15,000</TE>
<TE ALIGN="RIGHT" WIDTH="86" HEIGHT="23" ACODE="PST_GV_CNT" VALIGN="MIDDLE">-</TE>
<TE ALIGN="CENTER" WIDTH="96" HEIGHT="23" ACODE="OFF_PRC" VALIGN="MIDDLE">7,269</TE>
<TE ALIGN="CENTER" WIDTH="73" HEIGHT="23" ACODE="GV_RMK" VALIGN="MIDDLE">-</TE>
</TR>

<TR ACOPY="Y" ADELETE="Y" HEIGHT="30">
<TE ALIGN="CENTER" WIDTH="130" HEIGHT="23" ACODE="GV_TRG_NM" VALIGN="MIDDLE">O O O</TE>
<TE ALIGN="CENTER" WIDTH="79" HEIGHT="23" ACODE="GVRLT" VALIGN="MIDDLE">미등기임원</TE>
<TE ALIGN="RIGHT" WIDTH="82" HEIGHT="23" ACODE="CST_GV_CNT" VALIGN="MIDDLE">2,000</TE>
<TE ALIGN="RIGHT" WIDTH="86" HEIGHT="23" ACODE="PST_GV_CNT" VALIGN="MIDDLE">-</TE>
<TE ALIGN="CENTER" WIDTH="96" HEIGHT="23" ACODE="OFF_PRC" VALIGN="MIDDLE">7,269</TE>
<TE ALIGN="CENTER" WIDTH="73" HEIGHT="23" ACODE="GV_RMK" VALIGN="MIDDLE">-</TE>
</TR>

<TR ACOPY="Y" ADELETE="Y" HEIGHT="30">
<TE ALIGN="CENTER" WIDTH="130" HEIGHT="23" ACODE="GV_TRG_NM" VALIGN="MIDDLE">O O O</TE>
<TE ALIGN="CENTER" WIDTH="79" HEIGHT="23" ACODE="GVRLT" VALIGN="MIDDLE">미등기임원</TE>
<TE ALIGN="RIGHT" WIDTH="82" HEIGHT="23" ACODE="CST_GV_CNT" VALIGN="MIDDLE">2,000</TE>
<TE ALIGN="RIGHT" WIDTH="86" HEIGHT="23" ACODE="PST_GV_CNT" VALIGN="MIDDLE">-</TE>
<TE ALIGN="CENTER" WIDTH="96" HEIGHT="23" ACODE="OFF_PRC" VALIGN="MIDDLE">7,269</TE>
<TE ALIGN="CENTER" WIDTH="73" HEIGHT="23" ACODE="GV_RMK" VALIGN="MIDDLE">-</TE>
</TR>

<TR ACOPY="Y" ADELETE="Y" HEIGHT="30">
<TE ALIGN="CENTER" WIDTH="130" HEIGHT="23" ACODE="GV_TRG_NM" VALIGN="MIDDLE">O O O</TE>
<TE ALIGN="CENTER" WIDTH="79" HEIGHT="23" ACODE="GVRLT" VALIGN="MIDDLE">미등기임원</TE>
<TE ALIGN="RIGHT" WIDTH="82" HEIGHT="23" ACODE="CST_GV_CNT" VALIGN="MIDDLE">4,500</TE>
<TE ALIGN="RIGHT" WIDTH="86" HEIGHT="23" ACODE="PST_GV_CNT" VALIGN="MIDDLE">-</TE>
<TE ALIGN="CENTER" WIDTH="96" HEIGHT="23" ACODE="OFF_PRC" VALIGN="MIDDLE">7,269</TE>
<TE ALIGN="CENTER" WIDTH="73" HEIGHT="23" ACODE="GV_RMK" VALIGN="MIDDLE">-</TE>
</TR>
</TBODY>
</TABLE>
</TABLE-GROUP>
<P>주1)  주식 공정가치 산정 및 주요가정1. 산정방법 : 공정가액접근법                  (옵션가격결정 모형 중 Black-Scholes Model 적용)2. 공정가치 산정가정 가. 권리부여일 전일의 종가 : 9,790원 (2025년 2월 17일 종가) 나. 행사가격 : 10,215원 다. 무위험이자율 : 2.88%  (부여일 직전일 기준 7년 만기 국고채이자율) 라. 기대행사기간 : 7년 마. 예상주가변동성 : 58,20% 바. 상기 공정가치 산출결과는 외부감사인 의견에 따라 수정 될 수 있음</P>
<P>※ 기타주식에 관한 사항</P>

<TABLE-GROUP ACLASS="STO_ETC" ADELETETABLE="N">

<TABLE ACLASS="EXTRACTION" AFIXTABLE="Y" WIDTH="600" BORDER="1">

<COLGROUP WIDTH="600">
<COL WIDTH="235"></COL>
<COL WIDTH="365"></COL>
</COLGROUP>

<TBODY>

<TR ACOPY="N" ADELETE="N" HEIGHT="30">
<TD WIDTH="226" HEIGHT="23" AUPDATECONT="N" ENG="Basis in articles of incorporation">정관의 근거</TD>
<TE WIDTH="356" HEIGHT="23" VALIGN="MIDDLE" ACODE="AOI_BAS" ALIGN="CENTER">-</TE>
</TR>

<TR ACOPY="N" ADELETE="N" HEIGHT="30">
<TD WIDTH="226" HEIGHT="23" AUPDATECONT="N" ENG="Details of stocks">주식의 내용</TD>
<TE WIDTH="356" HEIGHT="23" VALIGN="MIDDLE" ACODE="STO_CNT" ALIGN="CENTER">-</TE>
</TR>

<TR ACOPY="N" ADELETE="N" HEIGHT="30">
<TD WIDTH="226" HEIGHT="23" AUPDATECONT="N" ENG="Others">기타</TD>
<TE WIDTH="356" HEIGHT="23" VALIGN="MIDDLE" ACODE="ETC_CNT" ALIGN="CENTER">-</TE>
</TR>
</TBODY>
</TABLE>
</TABLE-GROUP>
</SECTION-1>
</BODY>
</DOCUMENT>