<?xml version="1.0" encoding="utf-8"?>


<DOCUMENT xmlns:xsi="http://www.w3.org/2001/XMLSchema-instance" xsi:noNamespaceSchemaLocation="dart4.xsd">

<DOCUMENT-NAME ACODE="80514">타인을 위한 채무보증 결정</DOCUMENT-NAME>
<FORMULA-VERSION SUBVER="1" ADATE="20240501">6.0</FORMULA-VERSION>
<COMPANY-NAME AREGCIK="00561121">중앙일보엠앤피(주)</COMPANY-NAME>


<BODY ATOCID="1">

<SECTION-1 ACLASS="MANDATORY" APARTSOURCE="SOURCE">
<TITLE ATOC="Y" AASSOCNOTE="D-0-1-0-0" ENG="Decision on Debt Guarantees for Others" ATOCID="1">타인을 위한 채무보증 결정</TITLE>
<P></P>

<TABLE-GROUP ACLASS="CRP_INFO" ADELETETABLE="N">

<TABLE ACLASS="EXTRACTION" AFIXTABLE="Y" WIDTH="695" BORDER="1">

<COLGROUP WIDTH="695">
<COL WIDTH="93"></COL>
<COL WIDTH="48"></COL>
<COL WIDTH="63"></COL>
<COL WIDTH="150"></COL>
<COL WIDTH="78"></COL>
<COL WIDTH="92"></COL>
<COL WIDTH="78"></COL>
<COL WIDTH="93"></COL>
</COLGROUP>

<TBODY>

<TR ACOPY="N" ADELETE="N" HEIGHT="30">
<TD WIDTH="84" VALIGN="MIDDLE" ALIGN="CENTER" HEIGHT="23" AUPDATECONT="N" ENG="Name of business group">기업집단명</TD>
<TE WIDTH="39" VALIGN="MIDDLE" HEIGHT="23" ACODE="KB_NM">중앙</TE>
<TD WIDTH="54" VALIGN="MIDDLE" ALIGN="CENTER" HEIGHT="23" AUPDATECONT="N" ENG="Company name">회사명</TD>
<TE WIDTH="141" VALIGN="MIDDLE" HEIGHT="23" ACODE="CRP_NM">중앙일보엠앤피(주)</TE>
<TD WIDTH="69" VALIGN="MIDDLE" ALIGN="CENTER" HEIGHT="23" AUPDATECONT="N" ENG="Date of disclosure">공시일자</TD>
<TU WIDTH="83" VALIGN="MIDDLE" ALIGN="CENTER" HEIGHT="23" AUNIT="DIS_DT" AUNITVALUE="20260105">2026.01.05</TU>
<TD WIDTH="69" VALIGN="MIDDLE" ALIGN="CENTER" HEIGHT="23" AUPDATECONT="N" ENG="Related laws">관련법규</TD>
<TD WIDTH="84" VALIGN="MIDDLE" ALIGN="CENTER" HEIGHT="23" AUPDATECONT="N" ENG="Fair Trade Act">공정거래법</TD>
</TR>
</TBODY>
</TABLE>
</TABLE-GROUP>

<TABLE-GROUP ACLASS="DEBT_CFM" ADELETETABLE="N">

<TABLE ACLASS="EXTRACTION" AFIXTABLE="Y" WIDTH="695" BORDER="1">

<COLGROUP WIDTH="695">
<COL WIDTH="157"></COL>
<COL WIDTH="73"></COL>
<COL WIDTH="73"></COL>
<COL WIDTH="392"></COL>
</COLGROUP>

<TBODY>

<TR ACOPY="Y" ADELETE="Y" HEIGHT="30">
<TD COLSPAN="3" VALIGN="MIDDLE" WIDTH="294" HEIGHT="23" AUPDATECONT="N" ENG="1. Debtor">1. 채무자</TD>
<TE WIDTH="383" HEIGHT="23" ACODE="DEBT_NM" ALIGN="CENTER" VALIGN="MIDDLE">미디어프린팅넷(주)</TE>
</TR>

<TR ACOPY="Y" ADELETE="Y" HEIGHT="30">
<TD COLSPAN="3" VALIGN="MIDDLE" WIDTH="294" HEIGHT="23" AUPDATECONT="N" ENG="- Relationship to company"> - 회사와의 관계</TD>
<TE WIDTH="383" HEIGHT="23" ACODE="CRP_REL" ALIGN="CENTER" VALIGN="MIDDLE">계열회사</TE>
</TR>

<TR ACOPY="Y" ADELETE="Y" HEIGHT="30">
<TD COLSPAN="3" VALIGN="MIDDLE" WIDTH="294" HEIGHT="23" AUPDATECONT="N" ENG="2. Creditor">2. 채권자</TD>
<TE WIDTH="383" HEIGHT="23" ACODE="CRDT_NM" ALIGN="CENTER" VALIGN="MIDDLE">팔달 새마을금고</TE>
</TR>

<TR ACOPY="Y" ADELETE="Y" HEIGHT="30">
<TD COLSPAN="3" VALIGN="MIDDLE" WIDTH="294" HEIGHT="23" AUPDATECONT="N" ENG="3. Debt (borrowing) amount (KRW)">3. 채무(차입)금액 (원)</TD>
<TE ALIGN="RIGHT" WIDTH="383" HEIGHT="23" ACODE="DEBT_AMT">2,000,000,000</TE>
</TR>

<TR ACOPY="Y" ADELETE="Y" HEIGHT="30">
<TD ROWSPAN="6" VALIGN="MIDDLE" WIDTH="148" HEIGHT="173" AUPDATECONT="N" ENG="4. Debt guarantee details">4. 채무보증 내역</TD>
<TD COLSPAN="2" VALIGN="MIDDLE" WIDTH="137" HEIGHT="23" AUPDATECONT="N" ALIGN="CENTER" ENG="Amount of debt guaranteed (KRW)">채무보증금액 (원)</TD>
<TE ALIGN="RIGHT" WIDTH="383" HEIGHT="23" ACODE="SEC_AMT">2,400,000,000</TE>
</TR>

<TR ACOPY="Y" ADELETE="Y" HEIGHT="30">
<TD COLSPAN="2" VALIGN="MIDDLE" WIDTH="137" HEIGHT="23" AUPDATECONT="N" ALIGN="CENTER" ENG="Equity (KRW)">자기자본 (원)</TD>
<TE ALIGN="RIGHT" WIDTH="383" HEIGHT="23" ACODE="BFR_FSY_CPT">12,820,000,000</TE>
</TR>

<TR ACOPY="Y" ADELETE="Y" HEIGHT="30">
<TD COLSPAN="2" VALIGN="MIDDLE" WIDTH="137" HEIGHT="23" AUPDATECONT="N" ALIGN="CENTER" ENG="Ratio to equity (%)">자기자본 대비 (%)</TD>
<TE ALIGN="RIGHT" WIDTH="383" HEIGHT="23" ACODE="CPT_RT">18.72</TE>
</TR>

<TR ACOPY="Y" ADELETE="Y" HEIGHT="30">
<TD COLSPAN="2" VALIGN="MIDDLE" WIDTH="137" HEIGHT="23" AUPDATECONT="N" ALIGN="CENTER" ENG="Whether a large-sized corporation">대규모법인 여부</TD>
<TU ALIGN="CENTER" WIDTH="383" HEIGHT="23" AUNIT="BIG_CRP_YN" AUNITVALUE="N" ENG="Non-applicable">미해당</TU>
</TR>

<TR ACOPY="Y" ADELETE="Y" HEIGHT="30">
<TD ROWSPAN="2" ALIGN="CENTER" VALIGN="MIDDLE" WIDTH="64" HEIGHT="53" AUPDATECONT="N" ENG="Debt guarantee period">채무보증기간</TD>
<TD ALIGN="CENTER" VALIGN="MIDDLE" WIDTH="64" HEIGHT="23" AUPDATECONT="N" ENG="Start date">시작일</TD>
<TU ALIGN="CENTER" WIDTH="383" HEIGHT="23" AUNIT="SEC_BGN_DT" AUNITVALUE="20261224">2026.12.24</TU>
</TR>

<TR ACOPY="Y" ADELETE="Y" HEIGHT="30">
<TD ALIGN="CENTER" VALIGN="MIDDLE" WIDTH="64" HEIGHT="23" AUPDATECONT="N" ENG="End date">종료일</TD>
<TU ALIGN="CENTER" WIDTH="383" HEIGHT="23" AUNIT="SEC_END_DT" AUNITVALUE="20281224">2028.12.24</TU>
</TR>

<TR ACOPY="Y" ADELETE="Y" HEIGHT="30">
<TD COLSPAN="3" VALIGN="MIDDLE" WIDTH="294" HEIGHT="23" AUPDATECONT="N" ENG="5. Total balance of debt guarantee (KRW)">5. 채무보증 총 잔액 (원)</TD>
<TE ALIGN="RIGHT" VALIGN="MIDDLE" WIDTH="383" HEIGHT="23" ACODE="SEC_TOT_AMT">2,400,000,000</TE>
</TR>

<TR ACOPY="Y" ADELETE="Y" HEIGHT="30">
<TD COLSPAN="3" VALIGN="MIDDLE" WIDTH="294" HEIGHT="23" AUPDATECONT="N" ENG="6. Board resolution date (decision date)">6. 이사회결의일(결정일)</TD>
<TU ALIGN="CENTER" WIDTH="383" HEIGHT="23" AUNIT="DRC_DT" AUNITVALUE="20251217">2025.12.17</TU>
</TR>

<TR ACOPY="Y" ADELETE="Y" HEIGHT="30">
<TD ROWSPAN="2" VALIGN="MIDDLE" WIDTH="148" HEIGHT="53" AUPDATECONT="N" ENG="- Attendance of outside directors"> - 사외이사 참석여부</TD>
<TD COLSPAN="2" ALIGN="CENTER" VALIGN="MIDDLE" WIDTH="137" HEIGHT="23" AUPDATECONT="N" ENG="Present (No.)">참석 (명)</TD>
<TE ALIGN="CENTER" WIDTH="383" HEIGHT="23" ACODE="ATD_CNT">-</TE>
</TR>

<TR ACOPY="Y" ADELETE="Y" HEIGHT="30">
<TD COLSPAN="2" ALIGN="CENTER" VALIGN="MIDDLE" WIDTH="137" HEIGHT="23" AUPDATECONT="N" ENG="Absent (No.)">불참 (명)</TD>
<TE ALIGN="CENTER" WIDTH="383" HEIGHT="23" ACODE="NATD_CNT">-</TE>
</TR>

<TR ACOPY="Y" ADELETE="Y" HEIGHT="30">
<TD COLSPAN="3" VALIGN="MIDDLE" WIDTH="294" HEIGHT="23" AUPDATECONT="N" ENG="- Attendance of auditors (members of Audit Committee)"> - 감사(감사위원) 참석여부</TD>
<TU ALIGN="CENTER" WIDTH="383" HEIGHT="23" AUNIT="ADT_ATD_YN" AUNITVALUE="Y" ENG="Present">참석</TU>
</TR>

<TR ACOPY="Y" ADELETE="Y" HEIGHT="145">
<TD COLSPAN="3" VALIGN="MIDDLE" WIDTH="294" HEIGHT="138" AUPDATECONT="N" ENG="7. Other matters to be factored into investment decisions">7. 기타 투자판단에 참고할 사항</TD>
<TE WIDTH="383" HEIGHT="138" ACODE="ETC">- 상기 '4. 채무보증 내역 中 자기자본'은 완전자본잠식으로 2024년말 재무제표 상 자본금 기준임.- 상기 '5. 채무보증 총 잔액'은 본건 채무보증금액을 포함한 금액임.</TE>
</TR>
</TBODY>
</TABLE>
</TABLE-GROUP>
<P></P>

<TABLE-GROUP ACLASS="DEBT_DTL" ADELETETABLE="N">

<TABLE ACLASS="NORMAL" AFIXTABLE="Y" WIDTH="694" BORDER="0">

<COLGROUP WIDTH="694">
<COL WIDTH="694"></COL>
</COLGROUP>

<TBODY>

<TR ACOPY="N" ADELETE="N" HEIGHT="30">
<TD WIDTH="685" HEIGHT="23" AUPDATECONT="N" ENG="【 Balance of Debt Guarantee per Debtor 】">【 채무자별 채무보증 잔액 】</TD>
</TR>
</TBODY>
</TABLE>

<TABLE ACLASS="EXTRACTION" AFIXTABLE="N" WIDTH="694" BORDER="1">

<COLGROUP WIDTH="694">
<COL WIDTH="172"></COL>
<COL WIDTH="172"></COL>
<COL WIDTH="172"></COL>
<COL WIDTH="178"></COL>
</COLGROUP>

<THEAD>

<TR ACOPY="N" ADELETE="N" HEIGHT="30">
<TH WIDTH="163" HEIGHT="23" ACOPYCOL="N" ADELETECOL="N" AMOVECOL="N" AUPDATECONT="N" ENG="Debtor">채무자</TH>
<TH WIDTH="163" HEIGHT="23" ACOPYCOL="N" ADELETECOL="N" AMOVECOL="N" AUPDATECONT="N" ENG="Relationship">관계</TH>
<TH WIDTH="163" HEIGHT="23" ACOPYCOL="N" ADELETECOL="N" AMOVECOL="N" AUPDATECONT="N" ENG="Balance of debt guarantee (KRW)">채무보증잔액(원)</TH>
<TH WIDTH="169" HEIGHT="23" ACOPYCOL="N" ADELETECOL="N" AMOVECOL="N" AUPDATECONT="N" ENG="Note">비 고</TH>
</TR>
</THEAD>

<TBODY>

<TR ACOPY="Y" ADELETE="N" HEIGHT="30">
<TE WIDTH="163" HEIGHT="23" ACODE="DEBT_NM" ALIGN="CENTER" VALIGN="MIDDLE">미디어프린팅넷(주)</TE>
<TE WIDTH="163" HEIGHT="23" ACODE="RLT" ALIGN="CENTER" VALIGN="MIDDLE">계열회사</TE>
<TE ALIGN="RIGHT" WIDTH="163" HEIGHT="23" ACODE="SEC_AMT" VALIGN="MIDDLE">2,400,000,000</TE>
<TE WIDTH="169" HEIGHT="23" ACODE="NOTE" ALIGN="CENTER" VALIGN="MIDDLE">팔달 새마을금고</TE>
</TR>
</TBODY>
</TABLE>
</TABLE-GROUP>
<P></P>
</SECTION-1>
</BODY>
</DOCUMENT>