<?xml version="1.0" encoding="utf-8"?>


<DOCUMENT xmlns:xsi="http://www.w3.org/2001/XMLSchema-instance" xsi:noNamespaceSchemaLocation="dart4.xsd">

<DOCUMENT-NAME ACODE="80507">비유동자산 취득결정</DOCUMENT-NAME>
<FORMULA-VERSION ADATE="20221227">6.0</FORMULA-VERSION>
<COMPANY-NAME AREGCIK="01816921">(주)더현대광주</COMPANY-NAME>


<BODY ATOCID="1">

<SECTION-1 ACLASS="MANDATORY" APARTSOURCE="SOURCE">
<TITLE ATOC="Y" AASSOCNOTE="D-0-1-0-0" ENG="Decision on Acquisition of Non-Current Assets" ATOCID="1">비유동자산 취득결정</TITLE>
<P></P>

<TABLE-GROUP ACLASS="CRP_INFO" ADELETETABLE="N">

<TABLE ACLASS="EXTRACTION" AFIXTABLE="Y" WIDTH="617" BORDER="1">

<COLGROUP WIDTH="617">
<COL WIDTH="84"></COL>
<COL WIDTH="65"></COL>
<COL WIDTH="55"></COL>
<COL WIDTH="93"></COL>
<COL WIDTH="74"></COL>
<COL WIDTH="74"></COL>
<COL WIDTH="74"></COL>
<COL WIDTH="98"></COL>
</COLGROUP>

<TBODY>

<TR ACOPY="N" ADELETE="N" HEIGHT="53">
<TD WIDTH="75" VALIGN="MIDDLE" ALIGN="CENTER" HEIGHT="46" AUPDATECONT="N" ENG="Name of business group">기업집단명</TD>
<TE WIDTH="56" VALIGN="MIDDLE" HEIGHT="46" ACODE="KB_NM">현대백화점</TE>
<TD WIDTH="46" VALIGN="MIDDLE" ALIGN="CENTER" HEIGHT="46" AUPDATECONT="N" ENG="Company name">회사명</TD>
<TE WIDTH="84" VALIGN="MIDDLE" HEIGHT="46" ACODE="CRP_NM">(주)더현대광주</TE>
<TD WIDTH="65" VALIGN="MIDDLE" ALIGN="CENTER" HEIGHT="46" AUPDATECONT="N" ENG="Date of disclosure">공시일자</TD>
<TU WIDTH="65" VALIGN="MIDDLE" ALIGN="CENTER" HEIGHT="46" AUNIT="DIS_DT" AUNITVALUE="20260105">2026.01.05</TU>
<TD WIDTH="65" VALIGN="MIDDLE" ALIGN="CENTER" HEIGHT="46" AUPDATECONT="N" ENG="Related laws">관련법규</TD>
<TD WIDTH="89" VALIGN="MIDDLE" ALIGN="CENTER" HEIGHT="46" AUPDATECONT="N" ENG="Fair Trade Act">공정거래법</TD>
</TR>
</TBODY>
</TABLE>
</TABLE-GROUP>

<TABLE-GROUP ACLASS="OSM_263" ADELETETABLE="N">

<TABLE ACLASS="EXTRACTION" AFIXTABLE="Y" WIDTH="615" BORDER="1">

<COLGROUP WIDTH="615">
<COL WIDTH="167"></COL>
<COL WIDTH="93"></COL>
<COL WIDTH="355"></COL>
</COLGROUP>

<TBODY>

<TR ACOPY="Y" ADELETE="Y" HEIGHT="30">
<TD COLSPAN="2" WIDTH="251" HEIGHT="23" AUPDATECONT="N" ENG="1. Object of acquisition">1. 취득 목적물</TD>
<TE WIDTH="346" HEIGHT="23" ACODE="OSM_263_01" ALIGN="CENTER" VALIGN="MIDDLE">더현대광주 복합쇼핑몰 신축공사 계약</TE>
</TR>

<TR ACOPY="Y" ADELETE="Y" HEIGHT="30">
<TD COLSPAN="2" WIDTH="251" HEIGHT="23" AUPDATECONT="N" ENG="2. Size of acquisition object">2. 취득 목적물 규모</TD>
<TE WIDTH="346" HEIGHT="23" ACODE="OSM_263_02" ALIGN="CENTER" VALIGN="MIDDLE">건물(연면적): 270,736.29㎡</TE>
</TR>

<TR ACOPY="Y" ADELETE="Y" HEIGHT="30">
<TD COLSPAN="2" VALIGN="MIDDLE" WIDTH="251" HEIGHT="23" AUPDATECONT="N" ENG="3. Acquisition price (KRW)">3. 취득가액 (원)</TD>
<TE ALIGN="CENTER" WIDTH="346" HEIGHT="23" ACODE="OSM_263_03" VALIGN="MIDDLE">131,991,950,000</TE>
</TR>

<TR ACOPY="Y" ADELETE="Y" HEIGHT="30">
<TD COLSPAN="2" VALIGN="MIDDLE" WIDTH="251" HEIGHT="23" AUPDATECONT="N" ENG="- Total assets as of the end of the latest fiscal year (KRW)">   - 최근 사업연도말 자산총액 (원)</TD>
<TE ALIGN="CENTER" VALIGN="MIDDLE" WIDTH="346" HEIGHT="23" ACODE="BFR_FSY_ASST">63,487,255,000</TE>
</TR>

<TR ACOPY="Y" ADELETE="Y" HEIGHT="30">
<TD COLSPAN="2" VALIGN="MIDDLE" WIDTH="251" HEIGHT="23" AUPDATECONT="N" ENG="- Ratio to total assets (%)">   - 자산총액 대비 (%)</TD>
<TE ALIGN="CENTER" WIDTH="346" HEIGHT="23" ACODE="OSM_263_04" VALIGN="MIDDLE">207.90</TE>
</TR>

<TR ACOPY="Y" ADELETE="Y" HEIGHT="30">
<TD COLSPAN="2" VALIGN="MIDDLE" WIDTH="251" HEIGHT="23" AUPDATECONT="N" ENG="4. Counterparty">4. 거래상대방</TD>
<TE WIDTH="346" HEIGHT="23" ACODE="OSM_263_05" ALIGN="CENTER" VALIGN="MIDDLE">(주)정림씨엠건축사사무소 外 21개</TE>
</TR>

<TR ACOPY="Y" ADELETE="Y" HEIGHT="30">
<TD COLSPAN="2" VALIGN="MIDDLE" WIDTH="251" HEIGHT="23" AUPDATECONT="N" ENG="- Relationship to company">   - 회사와의 관계</TD>
<TE WIDTH="346" HEIGHT="23" ACODE="OSM_263_06" ALIGN="CENTER" VALIGN="MIDDLE">기타</TE>
</TR>

<TR ACOPY="Y" ADELETE="Y" HEIGHT="30">
<TD COLSPAN="2" VALIGN="MIDDLE" WIDTH="251" HEIGHT="23" AUPDATECONT="N" ENG="5. Purpose of acquisition">5. 취득목적</TD>
<TE WIDTH="346" HEIGHT="23" ACODE="OSM_263_07" ALIGN="CENTER" VALIGN="MIDDLE">더현대광주 복합쇼핑몰 신축공사</TE>
</TR>

<TR ACOPY="Y" ADELETE="Y" HEIGHT="30">
<TD COLSPAN="2" VALIGN="MIDDLE" WIDTH="251" HEIGHT="23" AUPDATECONT="N" ENG="6. Scheduled acquisition date">6. 취득예정일</TD>
<TU ALIGN="CENTER" WIDTH="346" HEIGHT="23" AUNIT="OSM_263_08" AUNITVALUE="20260105" VALIGN="MIDDLE">2026.01.05</TU>
</TR>

<TR ACOPY="Y" ADELETE="Y" HEIGHT="30">
<TD COLSPAN="2" VALIGN="MIDDLE" WIDTH="251" HEIGHT="23" AUPDATECONT="N" ENG="7. Main terms of contract">7. 주요계약조건</TD>
<TE WIDTH="346" HEIGHT="23" ACODE="OSM_263_09" ALIGN="CENTER" VALIGN="MIDDLE">기성청구 계획에 따라 대금 지급</TE>
</TR>

<TR ACOPY="Y" ADELETE="Y" HEIGHT="30">
<TD COLSPAN="2" VALIGN="MIDDLE" WIDTH="251" HEIGHT="23" AUPDATECONT="N" ENG="8. Method of raising capital">8. 자본조달방법</TD>
<TE WIDTH="346" HEIGHT="23" ACODE="CPT_PRC_MTH" ALIGN="CENTER" VALIGN="MIDDLE">자기자본 및 유상증자</TE>
</TR>

<TR ACOPY="Y" ADELETE="Y" HEIGHT="30">
<TD COLSPAN="2" VALIGN="MIDDLE" WIDTH="251" HEIGHT="23" AUPDATECONT="N" ENG="9. Acquisition method">9. 취득방법</TD>
<TE WIDTH="346" HEIGHT="23" ACODE="OBT_MTH" ALIGN="CENTER" VALIGN="MIDDLE">직접취득</TE>
</TR>

<TR ACOPY="Y" ADELETE="Y" HEIGHT="30">
<TD COLSPAN="2" VALIGN="MIDDLE" WIDTH="251" HEIGHT="23" AUPDATECONT="N" ENG="10. Board resolution date (decision date)">10. 이사회결의일(결정일)</TD>
<TU ALIGN="CENTER" WIDTH="346" HEIGHT="23" AUNIT="OSM_263_12" AUNITVALUE="20260105" VALIGN="MIDDLE">2026.01.05</TU>
</TR>

<TR ACOPY="Y" ADELETE="Y" HEIGHT="30">
<TD ROWSPAN="2" VALIGN="MIDDLE" WIDTH="158" HEIGHT="53" AUPDATECONT="N" ENG="- Attendance of outside directors">   - 사외이사 참석여부</TD>
<TD ALIGN="CENTER" WIDTH="84" HEIGHT="23" AUPDATECONT="N" ENG="Present (No.)">참석(명)</TD>
<TE ALIGN="CENTER" WIDTH="346" HEIGHT="23" ACODE="OSM_263_13" VALIGN="MIDDLE">-</TE>
</TR>

<TR ACOPY="Y" ADELETE="Y" HEIGHT="30">
<TD ALIGN="CENTER" WIDTH="84" HEIGHT="23" AUPDATECONT="N" ENG="Absent (No.)">불참(명)</TD>
<TE ALIGN="CENTER" WIDTH="346" HEIGHT="23" ACODE="OSM_263_14" VALIGN="MIDDLE">-</TE>
</TR>

<TR ACOPY="Y" ADELETE="Y" HEIGHT="53">
<TD COLSPAN="2" VALIGN="MIDDLE" WIDTH="251" HEIGHT="46" AUPDATECONT="N" ENG="- Attendance of auditors (members of Audit Committee who are not outside directors)">   - 감사(사외이사가 아닌 감사위원)       참석여부</TD>
<TU ALIGN="CENTER" VALIGN="MIDDLE" WIDTH="346" HEIGHT="46" AUNIT="OSM_263_15" AUNITVALUE="Y" ENG="Present">참석</TU>
</TR>

<TR ACOPY="Y" ADELETE="Y" HEIGHT="191">
<TD COLSPAN="2" VALIGN="MIDDLE" WIDTH="251" HEIGHT="184" AUPDATECONT="N" ENG="11. Other matters to be factored into investment decisions">11. 기타 투자판단에 참고할 사항</TD>
<TE WIDTH="346" HEIGHT="184" ACODE="OSM_263_17" ALIGN="JUSTIFY" VALIGN="MIDDLE">- 상기 '3. 취득가액'의 '최근 사업연도말 자산총액'은 2024년말 재무제표 기준임.- 상기 '6. 취득예정일'은 용역과정상에서 시점을 특정할 수 없는 관계로 이사회결의일을 기재함.- 기타 세부사항 및 변경사항은 대표이사에게 권한을 위임함.</TE>
</TR>

<TR ACOPY="Y" ADELETE="Y" HEIGHT="30">
<TD COLSPAN="2" VALIGN="MIDDLE" WIDTH="251" HEIGHT="23" AUPDATECONT="N" ENG="※ Date of related disclosure">※ 관련공시일</TD>
<TU ALIGN="CENTER" WIDTH="346" HEIGHT="23" AUNIT="REL_DS_DT" AUNITVALUE="-" VALIGN="MIDDLE">-</TU>
</TR>
</TBODY>
</TABLE>
</TABLE-GROUP>
<P></P>
</SECTION-1>
</BODY>
</DOCUMENT>