<html>
 <head> 
  <meta content="gdi" http-equiv="X-UA-TextLayoutMetrics"> 
  <meta content="text/html; charset=euc-kr" http-equiv="Content-Type"> 
  <STYLE>
.xforms * { font-family: 돋움체;}
.xforms_title * { font-size: 13pt; padding : 0 0 10 0;}

.xforms table {
    font-size: 10px;
    padding:0px;
    border-collapse:collapse;
    color: #3D3D3D;
}
.xforms td {
    padding-left:0px;
    padding-top:0px;
    border-collapse:collapse;
    line-height:22px;
    color: #3D3D3D;
    /*text-align:right;*/
    vertical-align:middle;
    border: 1px solid #7f7f7f;
}

.xforms span {
    /*display: inline-block;*/
    padding-left:3px;
    padding-right: 1px;
    line-height:22px;
    padding-top:0px;
    padding-bottom:0px;
    text-align:left;
    vertical-align:middle;
    border: 0px solid #DBDBDB;
}

.xforms.img{
    border : 0px;
}

.xforms a:link {

    color: #194866;
    text-decoration: none;
}
.xforms a:active {

    color: #194866;
    text-decoration: none;
}
.xforms a:visited {
    color: #194866;
    text-decoration: none;
}

.xforms A:hover {
    color:008BE3;
    text-decoration: none;
}

.xforms_input{
    border: 0px solid #DBDBDB;
    padding-left:3px;
    padding-right: 1px;
    height:22px;
    padding-top:0px;
    padding-bottom:0px;
    text-align:left;
}
</STYLE> 
  <title>삼미금속/신규시설투자등(자율공시)/(2026.01.06)신규시설투자등(자율공시)</title> 
 </head> 
 <body> 
  <div class="xforms"> 
   <div> 
    <span class="noprint" style="display:none;width:600px;font-size:10pt;"> </span> 
    <div class="xforms_title"> 
     <div> 
      <span style="width:600px;font-weight:bold;text-align:center;">신규 시설투자 등(자율공시)</span> 
     </div> 
    </div> 
    <span class="noprint" style="display:none;width:600px;font-size:10pt;"> </span> 
    <table border="1" bordercolordark="white" bordercolorlight="#666666" cellpadding="1" cellspacing="0" id="XFormD8_Form0_Table0" style="margin:0px 0px 20px 0px;width:600px;font-size:10pt;border:1px solid #7f7f7f;"> 
     <tbody> 
      <tr> 
       <td colspan="2" width="284"> <span style="width:284px;font-size:10pt;">1. 투자구분</span> </td> 
       <td colspan="2" width="316"> <span class="xforms_input" style="width:316px;font-size:10pt;">삼미금속 본사 공장 시설투자</span> </td> 
      </tr> 
      <tr> 
       <td rowspan="4" width="147"> <span style="width:147px;font-size:10pt;">2. 투자내역</span> </td> 
       <td width="137"> <span style="width:137px;font-size:10pt;">투자금액(원)</span> </td> 
       <td colspan="2" width="316"> <span class="xforms_input" style="width:316px;font-size:10pt;text-align:right;">8,990,000,000</span> </td> 
      </tr> 
      <tr> 
       <td width="137"> <span style="width:137px;font-size:10pt;">자기자본(원)</span> </td> 
       <td colspan="2" width="316"> <span class="xforms_input" style="width:316px;font-size:10pt;text-align:right;">91,110,794,246</span> </td> 
      </tr> 
      <tr> 
       <td width="137"> <span style="width:137px;font-size:10pt;">자기자본대비(%)</span> </td> 
       <td colspan="2" width="316"> <span class="xforms_input" style="width:316px;font-size:10pt;text-align:right;">9.87</span> </td> 
      </tr> 
      <tr> 
       <td width="137"> <span style="width:137px;font-size:10pt;">대규모법인해당여부</span> </td> 
       <td colspan="2" width="316"> <span class="xforms_input" style="width:316px;font-size:10pt;">미해당</span> </td> 
      </tr> 
      <tr> 
       <td colspan="2" width="284"> <span style="width:284px;font-size:10pt;">3. 투자목적</span> </td> 
       <td colspan="2" width="316"> <span class="xforms_input" style="width:316px;font-size:10pt;">커넥팅로드 완제품 생산을 위한 시설투자</span> </td> 
      </tr> 
      <tr> 
       <td rowspan="2" width="147"> <span style="width:147px;font-size:10pt;">4. 투자기간</span> </td> 
       <td width="137"> <span style="width:137px;font-size:10pt;text-align:center;">시작일</span> </td> 
       <td colspan="2" width="316"> <span class="xforms_input" style="width:316px;font-size:10pt;">2026-01-06</span> </td> 
      </tr> 
      <tr> 
       <td width="137"> <span style="width:137px;font-size:10pt;text-align:center;">종료일</span> </td> 
       <td colspan="2" width="316"> <span class="xforms_input" style="width:316px;font-size:10pt;">2026-12-31</span> </td> 
      </tr> 
      <tr> 
       <td colspan="2" width="284"> <span style="width:284px;font-size:10pt;">5. 이사회결의일(결정일)</span> </td> 
       <td colspan="2" width="316"> <span class="xforms_input" style="width:316px;font-size:10pt;">2026-01-06</span> </td> 
      </tr> 
      <tr> 
       <td rowspan="2" width="147"> <span style="width:147px;font-size:10pt;">-사외이사 참석여부</span> </td> 
       <td width="137"> <span style="width:137px;font-size:10pt;text-align:center;">참석(명)</span> </td> 
       <td colspan="2" width="316"> <span class="xforms_input" style="width:316px;font-size:10pt;text-align:right;">3</span> </td> 
      </tr> 
      <tr> 
       <td width="137"> <span style="width:137px;font-size:10pt;text-align:center;">불참(명)</span> </td> 
       <td colspan="2" width="316"> <span class="xforms_input" style="width:316px;font-size:10pt;text-align:right;">-</span> </td> 
      </tr> 
      <tr> 
       <td colspan="2" width="284"> <span style="width:284px;font-size:10pt;">-감사(감사위원) 참석여부</span> </td> 
       <td colspan="2" width="316"> <span class="xforms_input" style="width:316px;font-size:10pt;">참석</span> </td> 
      </tr> 
      <tr> 
       <td colspan="2" rowspan="2" width="284"> <span style="width:284px;font-size:10pt;">6. 기타 투자판단에 참고할 사항</span> </td> 
       <td colspan="2" width="316"> <span class="xforms_input" style="width:316px;font-size:10pt;">1. 상기 투자내역의 자기자본은 2024년 자기자본 금액에서 자본금과 자본잉여금의 변동내역을 반영한 금액이며 외부감사 과정 중 외부감사인의 의견에 의해 금액이 변동될 수 있습니다. <br xmlns:java="http://xml.apache.org/xalan/java"> <br xmlns:java="http://xml.apache.org/xalan/java">2. 상기 투자금액은 부가세 별도 기준입니다. <br xmlns:java="http://xml.apache.org/xalan/java"> <br xmlns:java="http://xml.apache.org/xalan/java">3. 상기 시설투자와 관련하여 당사 소유의 토지에 시설을 신축함에 따라 금번 투자금액에 토지취득금액은 포함하지 않았습니다. <br xmlns:java="http://xml.apache.org/xalan/java"> <br xmlns:java="http://xml.apache.org/xalan/java">4. 상기 투자기간의 시작일은 이사회결의일이며 종료일은 예상시점으로 연내에 종료 할 예정입니다. <br xmlns:java="http://xml.apache.org/xalan/java"> <br xmlns:java="http://xml.apache.org/xalan/java">5. 상기 투자금액 및 투자기간은 예정사항으로 향후인허가과정과 공사진행경과, 경영환경변화등에 따라 변동될 수 있습니다. <br xmlns:java="http://xml.apache.org/xalan/java"> <br xmlns:java="http://xml.apache.org/xalan/java">6. 기타 관련 세부사항은 대표이사에게 위임하였습니다. <br xmlns:java="http://xml.apache.org/xalan/java"> <br xmlns:java="http://xml.apache.org/xalan/java">7. 투자소재지 : 경남 창원시 성산구 공단로 589</span> </td> 
      </tr> 
      <tr> 
       <td width="90"> <span style="width:90px;font-size:10pt;">※관련공시</span> </td> 
       <td width="226"> <span class="xforms_input" style="width:226px;font-size:10pt;">-</span> </td> 
      </tr> 
     </tbody> 
    </table> 
   </div> 
  </div>  
 </body>
</html>