<?xml version="1.0" encoding="utf-8"?>


<DOCUMENT xmlns:xsi="http://www.w3.org/2001/XMLSchema-instance" xsi:noNamespaceSchemaLocation="dart4.xsd">

<DOCUMENT-NAME ACODE="00634">임원ㆍ주요주주 특정증권등 소유상황보고서</DOCUMENT-NAME>
<FORMULA-VERSION ADATE="20251201">6.1</FORMULA-VERSION>
<COMPANY-NAME AREGCIK="00116824">동아쏘시오홀딩스(주)</COMPANY-NAME>

<SUMMARY>
<EXTRACTION ACODE="OUTDATE" AFEATURE="BOTH">20251001</EXTRACTION>
</SUMMARY>


<BODY ATOCID="7">

<COVER>
<P></P>
<COVER-TITLE ATOC="Y" AASSOCNOTE="COVER" ENG="Report on Status of Specific Securities, etc. Owned by Executives and Major Shareholders" ATOCID="1">임원ㆍ주요주주 특정증권등 소유상황보고서</COVER-TITLE>
<P></P>

<TABLE-GROUP ACLASS="RPT_RSP_DT" ADELETETABLE="N">

<TABLE ACLASS="EXTRACTION" AFIXTABLE="Y" WIDTH="600" BORDER="0">

<COLGROUP WIDTH="600">
<COL WIDTH="260"></COL>
<COL WIDTH="163"></COL>
<COL WIDTH="177"></COL>
</COLGROUP>

<TBODY>

<TR ACOPY="Y" ADELETE="Y" HEIGHT="30">
<TD WIDTH="251" HEIGHT="23">증권선물위원회 귀중</TD>
<TD WIDTH="154" HEIGHT="23"></TD>
<TD ALIGN="CENTER" WIDTH="168" HEIGHT="23"></TD>
</TR>

<TR ACOPY="Y" ADELETE="Y" HEIGHT="30">
<TD WIDTH="251" HEIGHT="23">한국거래소 귀중</TD>
<TD WIDTH="154" HEIGHT="23"></TD>
<TD ALIGN="CENTER" WIDTH="168" HEIGHT="23"></TD>
</TR>

<TR ACOPY="Y" ADELETE="Y" HEIGHT="30">
<TD ROWSPAN="2" WIDTH="251" HEIGHT="53"></TD>
<TD WIDTH="154" HEIGHT="23" AUPDATECONT="N" ENG="Date of occurrence of reporting obligation:">보고의무발생일   :</TD>
<TU ALIGN="CENTER" WIDTH="168" HEIGHT="23" AUNIT="RPT_RSP_DT" AUNITVALUE="20251001">2025년 10월 01일</TU>
</TR>

<TR ACOPY="Y" ADELETE="Y" HEIGHT="30">
<TD WIDTH="154" HEIGHT="23" AUPDATECONT="N" ENG="Report preparation date:">보고서작성기준일 : </TD>
<TU ALIGN="CENTER" WIDTH="168" HEIGHT="23" AUNIT="RPT_REF_DT" AUNITVALUE="20251231">2025년 12월 31일</TU>
</TR>
</TBODY>
</TABLE>
</TABLE-GROUP>
<P></P>

<TABLE ACLASS="NORMAL" AFIXTABLE="Y" WIDTH="600" BORDER="1">

<COLGROUP WIDTH="600">
<COL WIDTH="600"></COL>
</COLGROUP>

<TBODY>

<TR ACOPY="Y" ADELETE="Y" HEIGHT="76">
<TD WIDTH="591" HEIGHT="69" AUPDATECONT="N" ENG="※ I hereby confirm that my ownership status of specific securities, etc., as of the date of preparation of the report has been accurately disclosed in accordance with applicable laws and regulations and with due diligence in writing, and that there are no misstatements or omissions of important matters.">※ 보고자 본인은 보고서작성기준일 현재 본인의 특정증권등의 소유상황을 관련 법규 및 기재상의 주의에 따라 정확하게 작성하였고, 중요한 사항의 허위기재 또는 기재누락이 없음을 확인합니다.</TD>
</TR>
</TBODY>
</TABLE>
<P></P>

<TABLE ACLASS="NORMAL" AFIXTABLE="N" WIDTH="600" BORDER="0">

<COLGROUP WIDTH="600">
<COL WIDTH="169"></COL>
<COL WIDTH="431"></COL>
</COLGROUP>

<TBODY>

<TR ACOPY="Y" ADELETE="Y" HEIGHT="30">
<TD ALIGN="CENTER" VALIGN="MIDDLE" WIDTH="160" HEIGHT="23">보고자 :</TD>
<TD VALIGN="MIDDLE" WIDTH="422" HEIGHT="23">국민연금공단</TD>
</TR>
</TBODY>
</TABLE>
<P></P>
<P></P>
<PGBRK></PGBRK>
<P></P>
</COVER>

<LIBRARY>
<SECTION-1 ACLASS="MANDATORY" APARTSOURCE="SOURCE">

<SECTION-2 ACLASS="MANDATORY">
<TITLE ATOC="Y" AASSOCNOTE="D-0-1-1-0" ENG="1. Matters related to the issuing company" ATOCID="2">1. 발행회사에 관한 사항</TITLE>

<TABLE-GROUP ACLASS="CRP_NM" ADELETETABLE="N">

<TABLE ACLASS="EXTRACTION" AFIXTABLE="Y" WIDTH="600" BORDER="1">

<COLGROUP WIDTH="600">
<COL WIDTH="150"></COL>
<COL WIDTH="137"></COL>
<COL WIDTH="163"></COL>
<COL WIDTH="150"></COL>
</COLGROUP>

<TBODY>

<TR ACOPY="Y" ADELETE="Y" HEIGHT="30">
<TD ALIGN="CENTER" VALIGN="MIDDLE" WIDTH="141" HEIGHT="23" AUPDATECONT="N" ENG="Company name">회 사 명</TD>
<TE VALIGN="MIDDLE" WIDTH="441" HEIGHT="23" ACODE="CRP_NM" COLSPAN="3">동아쏘시오홀딩스(주)</TE>
</TR>

<TR ACOPY="Y" ADELETE="Y" HEIGHT="30">
<TD ALIGN="CENTER" VALIGN="MIDDLE" WIDTH="141" HEIGHT="23" AUPDATECONT="N" ENG="Corporation type">법인구분</TD>
<TU ALIGN="CENTER" VALIGN="MIDDLE" WIDTH="128" HEIGHT="23" AUNIT="CRP_DST" AUNITVALUE="1" ENG="KOSPI market listed corporation">유가증권상장법인</TU>
<TD ALIGN="CENTER" VALIGN="MIDDLE" WIDTH="154" HEIGHT="23" AUPDATECONT="N" ENG="Company code">회사코드 </TD>
<TE ALIGN="CENTER" VALIGN="MIDDLE" WIDTH="141" HEIGHT="23" ACODE="CRP_CD">000640</TE>
</TR>

<TR ACOPY="Y" ADELETE="Y" HEIGHT="30">
<TD ALIGN="CENTER" VALIGN="MIDDLE" WIDTH="141" HEIGHT="23" AUPDATECONT="N" ENG="Total number of shares issued">발행주식 총수</TD>
<TE ALIGN="CENTER" VALIGN="MIDDLE" WIDTH="441" HEIGHT="23" ACODE="FLT_SUM" COLSPAN="3">6,536,434</TE>
</TR>
</TBODY>
</TABLE>
</TABLE-GROUP>
<P></P>
</SECTION-2>

<SECTION-2 ACLASS="MANDATORY">
<TITLE ATOC="Y" AASSOCNOTE="D-0-1-2-0" ENG="2. Matters related to the reporting entity" ATOCID="3">2. 보고자에 관한 사항</TITLE>

<TABLE-GROUP ACLASS="IFR_NM" ADELETETABLE="N">

<TABLE ACLASS="EXTRACTION" AFIXTABLE="Y" WIDTH="600" BORDER="1">

<COLGROUP WIDTH="600">
<COL WIDTH="133"></COL>
<COL WIDTH="115"></COL>
<COL WIDTH="127"></COL>
<COL WIDTH="89"></COL>
<COL WIDTH="136"></COL>
</COLGROUP>

<TBODY>

<TR ACOPY="Y" ADELETE="Y" HEIGHT="30">
<TD ALIGN="CENTER" VALIGN="MIDDLE" WIDTH="124" HEIGHT="23" AUPDATECONT="N" ENG="Type of reporting">보고구분</TD>
<TU ALIGN="CENTER" VALIGN="MIDDLE" WIDTH="106" HEIGHT="23" AUNIT="RPT_DST" AUNITVALUE="2" ENG="Changes">변동</TU>
<TD ALIGN="CENTER" VALIGN="MIDDLE" WIDTH="118" HEIGHT="23" AUPDATECONT="N" ENG="Reporting entity classification">보고자 구분</TD>
<TU COLSPAN="2" ALIGN="CENTER" VALIGN="MIDDLE" WIDTH="216" HEIGHT="23" AUNIT="IFR_TP" AUNITVALUE="Y" ENG="Professional investors such as pension funds">연기금등 전문투자자</TU>
</TR>

<TR ACOPY="Y" ADELETE="Y" HEIGHT="76">
<TD ROWSPAN="2" ALIGN="CENTER" VALIGN="MIDDLE" WIDTH="124" HEIGHT="99" AUPDATECONT="N" ENG="Name (Title)">성명(명칭)</TD>
<TD ALIGN="CENTER" VALIGN="MIDDLE" WIDTH="106" HEIGHT="69" AUPDATECONT="N" ENG="Korean">한     글</TD>
<TE ALIGN="CENTER" VALIGN="MIDDLE" WIDTH="118" HEIGHT="69" ACODE="IFR_NM">국민연금공단</TE>
<TD ALIGN="CENTER" VALIGN="MIDDLE" WIDTH="80" HEIGHT="69" AUPDATECONT="N" ENG="Chinese characters (English)">한자(영문)</TD>
<TE ALIGN="CENTER" VALIGN="MIDDLE" WIDTH="127" HEIGHT="69" ACODE="IFR_NM_HJ">國民年金公團 (National Pension Service)</TE>
</TR>

<TR ACOPY="Y" ADELETE="Y" HEIGHT="30">
<TD COLSPAN="2" ALIGN="CENTER" VALIGN="MIDDLE" WIDTH="233" HEIGHT="23" AUPDATECONT="N" ENG="Date of birth or business registration No., etc.">생년월일 또는 사업자등록번호 등</TD>
<TE COLSPAN="2" ALIGN="CENTER" VALIGN="MIDDLE" WIDTH="216" HEIGHT="23" ACODE="IFR_ID2">219-82-01593</TE>
</TR>

<TR ACOPY="Y" ADELETE="Y" HEIGHT="76">
<TD ALIGN="CENTER" VALIGN="MIDDLE" WIDTH="124" HEIGHT="69" AUPDATECONT="N" ENG="Address (Head office) [Building name/number can be omitted]">주소(본점소재지)[읍ㆍ면ㆍ동까지만 기재]</TD>
<TE COLSPAN="4" VALIGN="MIDDLE" WIDTH="458" HEIGHT="69" ACODE="IFR_ADR2">전북특별자치도 전주시 덕진구 기지로 180(만성동)</TE>
</TR>

<TR ACOPY="Y" ADELETE="Y" HEIGHT="30">
<TD ROWSPAN="3" ALIGN="CENTER" VALIGN="MIDDLE" WIDTH="124" HEIGHT="83" AUPDATECONT="N" ENG="Relationship to issuing company">발행회사와의 관계</TD>
<TD ALIGN="CENTER" VALIGN="MIDDLE" WIDTH="106" HEIGHT="23" AUPDATECONT="N" ENG="Executives (registered or not)">임원(등기여부)</TD>
<TU ALIGN="CENTER" VALIGN="MIDDLE" WIDTH="118" HEIGHT="23" AUNIT="STF_RYN" AUNITVALUE="98" ENG="-">-</TU>
<TD ALIGN="CENTER" VALIGN="MIDDLE" WIDTH="80" HEIGHT="23" AUPDATECONT="N" ENG="Position">직위명</TD>
<TE ALIGN="CENTER" VALIGN="MIDDLE" WIDTH="127" HEIGHT="23" ACODE="STF_PSM">-</TE>
</TR>

<TR ACOPY="Y" ADELETE="Y" HEIGHT="30">
<TD ALIGN="CENTER" VALIGN="MIDDLE" WIDTH="106" HEIGHT="23" AUPDATECONT="N" ENG="Appointment date">선임일</TD>
<TU ALIGN="CENTER" VALIGN="MIDDLE" WIDTH="118" HEIGHT="23" AUNIT="STF_APT_DT" AUNITVALUE="-">-</TU>
<TD ALIGN="CENTER" VALIGN="MIDDLE" WIDTH="80" HEIGHT="23" AUPDATECONT="N" ENG="Retirement date">퇴임일</TD>
<TU ALIGN="CENTER" VALIGN="MIDDLE" WIDTH="127" HEIGHT="23" AUNIT="STF_RET_DT" AUNITVALUE="-">-</TU>
</TR>

<TR ACOPY="Y" ADELETE="Y" HEIGHT="30">
<TD ALIGN="CENTER" VALIGN="MIDDLE" WIDTH="106" HEIGHT="23" AUPDATECONT="N" ENG="Principal shareholder">주요주주</TD>
<TU COLSPAN="3" ALIGN="CENTER" VALIGN="MIDDLE" WIDTH="343" HEIGHT="23" AUNIT="MAIN_SH" AUNITVALUE="1" ENG="Shareholders holding 10% or more">10%이상주주</TU>
</TR>

<TR ACOPY="Y" ADELETE="Y" HEIGHT="30">
<TD ROWSPAN="4" ALIGN="CENTER" VALIGN="MIDDLE" WIDTH="124" HEIGHT="113" AUPDATECONT="N" ENG="Contact points and person in charge">업무상 연락처및 담당자</TD>
<TD ALIGN="CENTER" VALIGN="MIDDLE" WIDTH="106" HEIGHT="23" AUPDATECONT="N" ENG="Affiliated company">소속회사</TD>
<TE ALIGN="CENTER" VALIGN="MIDDLE" WIDTH="118" HEIGHT="23" ACODE="RSP_MAN_DPT">국민연금공단</TE>
<TD ALIGN="CENTER" VALIGN="MIDDLE" WIDTH="80" HEIGHT="23" AUPDATECONT="N" ENG="Department">부      서</TD>
<TE ALIGN="CENTER" VALIGN="MIDDLE" WIDTH="127" HEIGHT="23" ACODE="RSP_MAN_DPT2">증권자산관리부</TE>
</TR>

<TR ACOPY="Y" ADELETE="Y" HEIGHT="30">
<TD ALIGN="CENTER" VALIGN="MIDDLE" WIDTH="106" HEIGHT="23" AUPDATECONT="N" ENG="Position">직      위</TD>
<TE ALIGN="CENTER" VALIGN="MIDDLE" WIDTH="118" HEIGHT="23" ACODE="RSP_MAN_PST">과장</TE>
<TD ALIGN="CENTER" VALIGN="MIDDLE" WIDTH="80" HEIGHT="23" AUPDATECONT="N" ENG="(Tel.)">전화번호</TD>
<TE ALIGN="CENTER" VALIGN="MIDDLE" WIDTH="127" HEIGHT="23" ACODE="RSP_MAN_PHN2">063-71******</TE>
</TR>

<TR ACOPY="Y" ADELETE="Y" HEIGHT="30">
<TD ALIGN="CENTER" VALIGN="MIDDLE" WIDTH="106" HEIGHT="23" AUPDATECONT="N" ENG="Name">성      명</TD>
<TE ALIGN="CENTER" VALIGN="MIDDLE" WIDTH="118" HEIGHT="23" ACODE="RSP_MAN">김현서</TE>
<TD ALIGN="CENTER" VALIGN="MIDDLE" WIDTH="80" HEIGHT="23" AUPDATECONT="N" ENG="Fax No.">팩스번호</TD>
<TE ALIGN="CENTER" VALIGN="MIDDLE" WIDTH="127" HEIGHT="23" ACODE="RSP_MAN_FAX">063-90******</TE>
</TR>

<TR ACOPY="Y" ADELETE="Y" HEIGHT="30">
<TD ALIGN="CENTER" VALIGN="MIDDLE" WIDTH="106" HEIGHT="23" AUPDATECONT="N" ENG="E-mail address">이메일 주소</TD>
<TE COLSPAN="3" ALIGN="CENTER" VALIGN="MIDDLE" WIDTH="343" HEIGHT="23" ACODE="RSP_MAN_EML">******nps.or.kr</TE>
</TR>
</TBODY>
</TABLE>
</TABLE-GROUP>

<P></P>
</SECTION-2>

<SECTION-2 ACLASS="MANDATORY">
<TITLE ATOC="Y" ENG="3. Ownership status of specific securities, etc." ATOCID="4">3. 특정증권등의 소유상황</TITLE>

<SECTION-3 ACLASS="MANDATORY">
<TITLE ATOC="Y" AASSOCNOTE="D-0-1-3-1" ENG="A. Number and ownership ratio of specific securities owned, etc." ATOCID="5">가. 소유 특정증권등의 수 및 소유비율</TITLE>

<TABLE-GROUP ACLASS="BFR_PS_CNT" ADELETETABLE="N">

<TABLE ACLASS="EXTRACTION" AFIXTABLE="Y" WIDTH="590" BORDER="1">

<COLGROUP WIDTH="590">
<COL WIDTH="90"></COL>
<COL WIDTH="127"></COL>
<COL WIDTH="126"></COL>
<COL WIDTH="70"></COL>
<COL WIDTH="111"></COL>
<COL WIDTH="66"></COL>
</COLGROUP>

<THEAD>

<TR ACOPY="Y" ADELETE="Y" HEIGHT="30">
<TH ROWSPAN="2" VALIGN="MIDDLE" WIDTH="81" HEIGHT="76" ACOPYCOL="Y" ADELETECOL="Y" AMOVECOL="N" AUPDATECONT="N"></TH>
<TH ROWSPAN="2" VALIGN="MIDDLE" WIDTH="118" HEIGHT="76" ACOPYCOL="Y" ADELETECOL="Y" AMOVECOL="N" AUPDATECONT="N" ENG="Report preparation date">보고서작성 기준일</TH>
<TH COLSPAN="2" VALIGN="MIDDLE" WIDTH="187" HEIGHT="23" ACOPYCOL="Y" ADELETECOL="Y" AMOVECOL="N" AUPDATECONT="N" ENG="Specific securities, etc.">특정증권등</TH>
<TH COLSPAN="2" VALIGN="MIDDLE" WIDTH="168" HEIGHT="23" ACOPYCOL="Y" ADELETECOL="Y" AMOVECOL="N" AUPDATECONT="N" ENG="Share certificates">주권</TH>
</TR>

<TR ACOPY="Y" ADELETE="Y" HEIGHT="53">
<TH VALIGN="MIDDLE" WIDTH="117" HEIGHT="46" ACOPYCOL="Y" ADELETECOL="Y" AMOVECOL="N" AUPDATECONT="N" ENG="Number of specific securities, etc. (shrs.)">특정증권등의수(주)</TH>
<TH VALIGN="MIDDLE" WIDTH="61" HEIGHT="46" ACOPYCOL="Y" ADELETECOL="Y" AMOVECOL="N" AUPDATECONT="N" ENG="Ratio (%)">비율(%)</TH>
<TH VALIGN="MIDDLE" WIDTH="102" HEIGHT="46" ACOPYCOL="Y" ADELETECOL="Y" AMOVECOL="N" AUPDATECONT="N" ENG="Number of shares (shrs.)">주식수(주)</TH>
<TH VALIGN="MIDDLE" WIDTH="57" HEIGHT="46" ACOPYCOL="Y" ADELETECOL="Y" AMOVECOL="N" AUPDATECONT="N" ENG="Ratio (%)">비율(%)</TH>
</TR>
</THEAD>

<TBODY>

<TR ACOPY="Y" ADELETE="Y" HEIGHT="53">
<TD ALIGN="CENTER" VALIGN="MIDDLE" WIDTH="81" HEIGHT="46" AUPDATECONT="N" ENG="Previous report">직전보고서</TD>
<TU ALIGN="CENTER" VALIGN="MIDDLE" WIDTH="118" HEIGHT="46" AUNIT="BFR_RPT_DT" AUNITVALUE="20250930">2025년 09월 30일</TU>
<TE ALIGN="RIGHT" VALIGN="MIDDLE" WIDTH="117" HEIGHT="46" ACODE="BFR_UN_CNT">718,379</TE>
<TE ALIGN="RIGHT" VALIGN="MIDDLE" WIDTH="61" HEIGHT="46" ACODE="BFR_UN_RT">10.99</TE>
<TE ALIGN="RIGHT" VALIGN="MIDDLE" WIDTH="102" HEIGHT="46" ACODE="BFR_PS_CPT_CNT">718,379</TE>
<TE ALIGN="RIGHT" VALIGN="MIDDLE" WIDTH="57" HEIGHT="46" ACODE="BFR_PS_CPT_RT">10.99</TE>
</TR>

<TR ACOPY="Y" ADELETE="Y" HEIGHT="53">
<TD ALIGN="CENTER" VALIGN="MIDDLE" WIDTH="81" HEIGHT="46" AUPDATECONT="N" ENG="Current report">이번보고서</TD>
<TU ALIGN="CENTER" VALIGN="MIDDLE" WIDTH="118" HEIGHT="46" AUNIT="AFR_RPT_DT" AUNITVALUE="20251231">2025년 12월 31일</TU>
<TE ALIGN="RIGHT" VALIGN="MIDDLE" WIDTH="117" HEIGHT="46" ACODE="AFR_UN_CNT">734,980</TE>
<TE ALIGN="RIGHT" VALIGN="MIDDLE" WIDTH="61" HEIGHT="46" ACODE="AFR_UN_RT">11.24</TE>
<TE ALIGN="RIGHT" VALIGN="MIDDLE" WIDTH="102" HEIGHT="46" ACODE="AFR_PS_CPT_CNT">734,980</TE>
<TE ALIGN="RIGHT" VALIGN="MIDDLE" WIDTH="57" HEIGHT="46" ACODE="AFR_PS_CPT_RT">11.24</TE>
</TR>

<TR ACOPY="Y" ADELETE="Y" HEIGHT="30">
<TD COLSPAN="2" ALIGN="CENTER" VALIGN="MIDDLE" WIDTH="208" HEIGHT="23" AUPDATECONT="N" ENG="Increase or decrease">증     감</TD>
<TE ALIGN="RIGHT" VALIGN="MIDDLE" WIDTH="117" HEIGHT="23" ACODE="MDF_UN_CNT">16,601</TE>
<TE ALIGN="RIGHT" VALIGN="MIDDLE" WIDTH="61" HEIGHT="23" ACODE="MDF_UN_RT">0.25</TE>
<TE ALIGN="RIGHT" VALIGN="MIDDLE" WIDTH="102" HEIGHT="23" ACODE="MDF_PS_CPT_CNT">16,601</TE>
<TE ALIGN="RIGHT" VALIGN="MIDDLE" WIDTH="57" HEIGHT="23" ACODE="MDF_PS_CPT_RT">0.25</TE>
</TR>
</TBODY>
</TABLE>
</TABLE-GROUP>
<P></P>
</SECTION-3>

<SECTION-3 ACLASS="MANDATORY">
<TITLE ATOC="Y" AASSOCNOTE="D-0-1-3-2" ENG="B. Ownership details by type of specific securities, etc." ATOCID="6">나. 특정증권등의 종류별 소유내역</TITLE>

<TABLE-GROUP ACLASS="CST_CNT1" ADELETETABLE="N">

<TABLE ACLASS="EXTRACTION" AFIXTABLE="N" WIDTH="714" BORDER="1">

<COLGROUP WIDTH="714">
<COL WIDTH="133"></COL>
<COL WIDTH="75"></COL>
<COL WIDTH="60"></COL>
<COL WIDTH="74"></COL>
<COL WIDTH="86"></COL>
<COL WIDTH="60"></COL>
<COL WIDTH="52"></COL>
<COL WIDTH="44"></COL>
<COL WIDTH="65"></COL>
<COL WIDTH="65"></COL>
</COLGROUP>

<THEAD>

<TR ACOPY="N" ADELETE="N" HEIGHT="30">
<TH COLSPAN="10" VALIGN="MIDDLE" WIDTH="705" HEIGHT="23" ACOPYCOL="N" ADELETECOL="N" AMOVECOL="N" AUPDATECONT="N" ENG="Details of specific securities, etc.">특정증권등의 내역</TH>
</TR>

<TR ACOPY="N" ADELETE="N" HEIGHT="30">
<TH VALIGN="MIDDLE" WIDTH="124" HEIGHT="76" ACOPYCOL="N" ADELETECOL="N" AMOVECOL="N" AUPDATECONT="N" ROWSPAN="2" ENG="Share certificates">주 권</TH>
<TH ROWSPAN="2" VALIGN="MIDDLE" WIDTH="66" HEIGHT="76" ACOPYCOL="N" ADELETECOL="N" AMOVECOL="N" AUPDATECONT="N" ENG="Those with warrants">신주인수권이표시된것</TH>
<TH ROWSPAN="2" VALIGN="MIDDLE" WIDTH="51" HEIGHT="76" ACOPYCOL="N" ADELETECOL="N" AMOVECOL="N" AUPDATECONT="N" ENG="Convertible bonds">전환사채권</TH>
<TH ROWSPAN="2" VALIGN="MIDDLE" WIDTH="65" HEIGHT="76" ACOPYCOL="N" ADELETECOL="N" AMOVECOL="N" AUPDATECONT="N" ENG="Bonds with warrants">신주인수권부사채권</TH>
<TH ROWSPAN="2" VALIGN="MIDDLE" WIDTH="77" HEIGHT="76" ACOPYCOL="N" ADELETECOL="N" AMOVECOL="N" AUPDATECONT="N" ENG="Participating bonds">이익참가부사채권</TH>
<TH ROWSPAN="2" VALIGN="MIDDLE" WIDTH="51" HEIGHT="76" ACOPYCOL="N" ADELETECOL="N" AMOVECOL="N" AUPDATECONT="N" ENG="Exchangeable bonds">교환사채권</TH>
<TH ROWSPAN="2" VALIGN="MIDDLE" WIDTH="43" HEIGHT="76" ACOPYCOL="N" ADELETECOL="N" AMOVECOL="N" AUPDATECONT="N" ENG="Depositary receipts">증권예탁증권</TH>
<TH ROWSPAN="2" VALIGN="MIDDLE" WIDTH="35" HEIGHT="76" ACOPYCOL="N" ADELETECOL="N" AMOVECOL="N" AUPDATECONT="N" ENG="Others">기타</TH>
<TH COLSPAN="2" VALIGN="MIDDLE" WIDTH="121" HEIGHT="23" ACOPYCOL="N" ADELETECOL="N" AMOVECOL="N" AUPDATECONT="N" ENG="Total">합 계</TH>
</TR>

<TR ACOPY="N" ADELETE="N" HEIGHT="53">
<TH VALIGN="MIDDLE" WIDTH="56" HEIGHT="46" ACOPYCOL="N" ADELETECOL="N" AMOVECOL="N" AUPDATECONT="N" ENG="Number of shares (shrs.)">주수(주)</TH>
<TH VALIGN="MIDDLE" WIDTH="56" HEIGHT="46" ACOPYCOL="N" ADELETECOL="N" AMOVECOL="N" AUPDATECONT="N" ENG="Ratio (%)">비율(%)</TH>
</TR>
</THEAD>

<TBODY>

<TR ACOPY="N" ADELETE="N" HEIGHT="30">
<TE ALIGN="RIGHT" VALIGN="MIDDLE" WIDTH="124" HEIGHT="23" ACODE="CPT_CNT">734,980</TE>
<TE ALIGN="RIGHT" VALIGN="MIDDLE" WIDTH="66" HEIGHT="23" ACODE="ACC_CNT">-</TE>
<TE ALIGN="RIGHT" VALIGN="MIDDLE" WIDTH="51" HEIGHT="23" ACODE="CB_CNT">-</TE>
<TE ALIGN="RIGHT" VALIGN="MIDDLE" WIDTH="65" HEIGHT="23" ACODE="LN_CNT">-</TE>
<TE ALIGN="RIGHT" VALIGN="MIDDLE" WIDTH="77" HEIGHT="23" ACODE="BN_CNT">-</TE>
<TE ALIGN="RIGHT" VALIGN="MIDDLE" WIDTH="51" HEIGHT="23" ACODE="EB_CNT">-</TE>
<TE ALIGN="RIGHT" VALIGN="MIDDLE" WIDTH="43" HEIGHT="23" ACODE="CF_CNT">-</TE>
<TE ALIGN="RIGHT" VALIGN="MIDDLE" WIDTH="35" HEIGHT="23" ACODE="ET_CNT">-</TE>
<TE ALIGN="RIGHT" VALIGN="MIDDLE" WIDTH="56" HEIGHT="23" ACODE="STK_CNT">734,980</TE>
<TE ALIGN="RIGHT" VALIGN="MIDDLE" WIDTH="56" HEIGHT="23" ACODE="STK_RT">11.24</TE>
</TR>

<TR ACOPY="N" ADELETE="N" HEIGHT="30">
<TD ALIGN="CENTER" VALIGN="MIDDLE" WIDTH="124" HEIGHT="53" AUPDATECONT="N" ROWSPAN="2">A</TD>
<TD ALIGN="CENTER" VALIGN="MIDDLE" WIDTH="66" HEIGHT="23" AUPDATECONT="N">B</TD>
<TD ALIGN="CENTER" VALIGN="MIDDLE" WIDTH="51" HEIGHT="23" AUPDATECONT="N">C</TD>
<TD ALIGN="CENTER" VALIGN="MIDDLE" WIDTH="65" HEIGHT="23" AUPDATECONT="N">D</TD>
<TD ALIGN="CENTER" VALIGN="MIDDLE" WIDTH="77" HEIGHT="23" AUPDATECONT="N">E</TD>
<TD ALIGN="CENTER" VALIGN="MIDDLE" WIDTH="51" HEIGHT="23" AUPDATECONT="N">F</TD>
<TD ALIGN="CENTER" VALIGN="MIDDLE" WIDTH="43" HEIGHT="23" AUPDATECONT="N">G</TD>
<TD ALIGN="CENTER" VALIGN="MIDDLE" WIDTH="35" HEIGHT="23" AUPDATECONT="N">H</TD>
<TD ROWSPAN="2" ALIGN="RIGHT" VALIGN="MIDDLE" WIDTH="56" HEIGHT="53" AUPDATECONT="N"></TD>
<TD ROWSPAN="2" ALIGN="RIGHT" VALIGN="MIDDLE" WIDTH="56" HEIGHT="53" AUPDATECONT="N"></TD>
</TR>

<TR ACOPY="N" ADELETE="N" HEIGHT="30">
<TD COLSPAN="7" ALIGN="CENTER" VALIGN="MIDDLE" WIDTH="442" HEIGHT="23" AUPDATECONT="N">I</TD>
</TR>
</TBODY>
</TABLE>
</TABLE-GROUP>
<P></P>

<TABLE-GROUP ACLASS="HLD_RT" ADELETETABLE="N">

<TABLE ACLASS="EXTRACTION" AFIXTABLE="Y" WIDTH="600" BORDER="1">

<COLGROUP WIDTH="600">
<COL WIDTH="118"></COL>
<COL WIDTH="169"></COL>
<COL WIDTH="165"></COL>
<COL WIDTH="148"></COL>
</COLGROUP>

<THEAD>

<TR ACOPY="Y" ADELETE="Y" HEIGHT="30">
<TH ROWSPAN="2" VALIGN="MIDDLE" WIDTH="109" HEIGHT="99" ACOPYCOL="Y" ADELETECOL="Y" AMOVECOL="N" AUPDATECONT="N" ENG="Total number of shares issued (J)">발행주식 총수(J)</TH>
<TH ROWSPAN="2" VALIGN="MIDDLE" WIDTH="160" HEIGHT="99" ACOPYCOL="Y" ADELETECOL="Y" AMOVECOL="N" AUPDATECONT="N" ENG="Number of specific securities other than stocks (B+C+D+E+F+G+H=I)">주식외 특정증권등의 수(B+C+D+E+F+G+H=I)</TH>
<TH COLSPAN="2" VALIGN="MIDDLE" WIDTH="304" HEIGHT="23" ACOPYCOL="Y" ADELETECOL="Y" AMOVECOL="N" AUPDATECONT="N" ENG="Holding ratio (%)">소유비율(%)</TH>
</TR>

<TR ACOPY="Y" ADELETE="Y" HEIGHT="76">
<TH VALIGN="MIDDLE" WIDTH="156" HEIGHT="69" ACOPYCOL="Y" ADELETECOL="Y" AMOVECOL="N" AUPDATECONT="N" ENG="Ownership ratio of specific securities, etc. [A+I / J+I-(F+G+H)※] × 100">특정증권등의 소유비율[A+I / J+I-(F+G+H)※] × 100</TH>
<TH VALIGN="MIDDLE" WIDTH="139" HEIGHT="69" ACOPYCOL="Y" ADELETECOL="Y" AMOVECOL="N" AUPDATECONT="N" ENG="Share certificates ownership ratio (A / J) × 100">주권의 소유비율(A / J) × 100</TH>
</TR>
</THEAD>

<TBODY>

<TR ACOPY="Y" ADELETE="Y" HEIGHT="30">
<TE ALIGN="RIGHT" WIDTH="109" HEIGHT="23" ACODE="VOT_STK_CNT">6,536,434</TE>
<TE ALIGN="RIGHT" WIDTH="160" HEIGHT="23" ACODE="HLD_STK_CNT">-</TE>
<TE ALIGN="RIGHT" WIDTH="156" HEIGHT="23" ACODE="HLD_STK_RT">11.24</TE>
<TE ALIGN="RIGHT" WIDTH="139" HEIGHT="23" ACODE="HLD_CMT_RT">11.24</TE>
</TR>
</TBODY>
</TABLE>
</TABLE-GROUP>
<P>※ 교환대상이 주식인 교환사채권 및 기초자산이 주식인 증권예탁증권, 파생결합증권 등에 한하여 분모에서 제외하고 소유비율을 산정</P>
</SECTION-3>

<SECTION-3 ACLASS="MANDATORY">
<TITLE ATOC="Y" AASSOCNOTE="D-0-1-3-3" ENG="C. Details of changes" ATOCID="7">다. 세부변동내역</TITLE>

<TABLE-GROUP ACLASS="RPT_RSN" ADELETETABLE="N">

<TABLE ACLASS="EXTRACTION" AFIXTABLE="N" WIDTH="822" BORDER="1">

<COLGROUP WIDTH="822">
<COL WIDTH="75"></COL>
<COL WIDTH="112"></COL>
<COL WIDTH="115"></COL>
<COL WIDTH="74"></COL>
<COL WIDTH="73"></COL>
<COL WIDTH="73"></COL>
<COL WIDTH="121"></COL>
<COL WIDTH="67"></COL>
<COL WIDTH="112"></COL>
</COLGROUP>

<THEAD>

<TR ACOPY="N" ADELETE="N" HEIGHT="30">
<TH ROWSPAN="2" VALIGN="MIDDLE" WIDTH="66" HEIGHT="53" ACOPYCOL="N" ADELETECOL="N" AMOVECOL="N" AUPDATECONT="N" ENG="Reason for reporting">보고사유</TH>
<TH ROWSPAN="2" VALIGN="MIDDLE" WIDTH="103" HEIGHT="53" ACOPYCOL="N" ADELETECOL="N" AMOVECOL="N" AUPDATECONT="N" ENG="Date of change*">변동일*</TH>
<TH ROWSPAN="2" VALIGN="MIDDLE" WIDTH="106" HEIGHT="53" ACOPYCOL="N" ADELETECOL="N" AMOVECOL="N" AUPDATECONT="N" ENG="Type of specific securities, etc.">특정증권등의종류</TH>
<TH COLSPAN="3" VALIGN="MIDDLE" WIDTH="211" HEIGHT="23" ACOPYCOL="N" ADELETECOL="N" AMOVECOL="N" AUPDATECONT="N" ENG="Number of shares held (shrs.)">소 유 주 식 수 (주)</TH>
<TH ROWSPAN="2" VALIGN="MIDDLE" WIDTH="112" HEIGHT="53" ACOPYCOL="N" ADELETECOL="N" AMOVECOL="N" AUPDATECONT="N" ENG="Acquisition/disposition unit price (KRW)**">취득/처분단가(원)**</TH>
<TH ROWSPAN="2" VALIGN="MIDDLE" WIDTH="58" HEIGHT="53" ACOPYCOL="N" ADELETECOL="N" AMOVECOL="N" AUPDATECONT="N" ENG="Note">비 고</TH>
<TH ROWSPAN="2" VALIGN="MIDDLE" WIDTH="103" HEIGHT="53" ACOPYCOL="N" ADELETECOL="N" AMOVECOL="N" AUPDATECONT="N" ENG="Reporting date of Pre-disclosure of insider trading">거래계획보고일자</TH>
</TR>

<TR ACOPY="N" ADELETE="N" HEIGHT="30">
<TH VALIGN="MIDDLE" WIDTH="65" HEIGHT="23" ACOPYCOL="N" ADELETECOL="N" AMOVECOL="N" AUPDATECONT="N" ENG="Before change">변동전</TH>
<TH VALIGN="MIDDLE" WIDTH="64" HEIGHT="23" ACOPYCOL="N" ADELETECOL="N" AMOVECOL="N" AUPDATECONT="N" ENG="Increase or decrease">증감</TH>
<TH VALIGN="MIDDLE" WIDTH="64" HEIGHT="23" ACOPYCOL="N" ADELETECOL="N" AMOVECOL="N" AUPDATECONT="N" ENG="After change">변동후</TH>
</TR>
</THEAD>

<TBODY>

<TR ACOPY="Y" ADELETE="N" HEIGHT="53">
<TU ALIGN="CENTER" VALIGN="MIDDLE" WIDTH="66" HEIGHT="46" AUNIT="RPT_RSN" AUNITVALUE="01" ENG="Acquisition in exchange(+)">장내매수(+)</TU>
<TU ALIGN="CENTER" VALIGN="MIDDLE" WIDTH="103" HEIGHT="46" AUNIT="MDF_DM" AUNITVALUE="20251001">2025년 10월 01일</TU>
<TU ALIGN="CENTER" VALIGN="MIDDLE" WIDTH="106" HEIGHT="46" AUNIT="STR_KND" AUNITVALUE="1" ENG="Common stock">보통주</TU>
<TE ALIGN="RIGHT" VALIGN="MIDDLE" WIDTH="65" HEIGHT="46" ACODE="BFR_STK_CNT">718,379</TE>
<TE ALIGN="RIGHT" VALIGN="MIDDLE" WIDTH="64" HEIGHT="46" ACODE="MDF_STK_CNT">1,289</TE>
<TE ALIGN="RIGHT" VALIGN="MIDDLE" WIDTH="64" HEIGHT="46" ACODE="AFR_STK_CNT">719,668</TE>
<TE ALIGN="RIGHT" VALIGN="MIDDLE" WIDTH="112" HEIGHT="46" ACODE="ACI_AMT2">115,478</TE>
<TE ALIGN="CENTER" VALIGN="MIDDLE" WIDTH="58" HEIGHT="46" ACODE="RMK">-</TE>
<TU ALIGN="CENTER" VALIGN="MIDDLE" WIDTH="103" HEIGHT="46" AUNIT="TRD_PLN_RD" AUNITVALUE="-">-</TU>
</TR>

<TR ACOPY="Y" ADELETE="Y" HEIGHT="53">
<TU ALIGN="CENTER" VALIGN="MIDDLE" WIDTH="66" HEIGHT="46" AUNIT="RPT_RSN" AUNITVALUE="02" ENG="Disposal in exchange(-)">장내매도(-)</TU>
<TU ALIGN="CENTER" VALIGN="MIDDLE" WIDTH="103" HEIGHT="46" AUNIT="MDF_DM" AUNITVALUE="20251001">2025년 10월 01일</TU>
<TU ALIGN="CENTER" VALIGN="MIDDLE" WIDTH="106" HEIGHT="46" AUNIT="STR_KND" AUNITVALUE="1" ENG="Common stock">보통주</TU>
<TE ALIGN="RIGHT" VALIGN="MIDDLE" WIDTH="65" HEIGHT="46" ACODE="BFR_STK_CNT">719,668</TE>
<TE ALIGN="RIGHT" VALIGN="MIDDLE" WIDTH="64" HEIGHT="46" ACODE="MDF_STK_CNT">-3,062</TE>
<TE ALIGN="RIGHT" VALIGN="MIDDLE" WIDTH="64" HEIGHT="46" ACODE="AFR_STK_CNT">716,606</TE>
<TE ALIGN="RIGHT" VALIGN="MIDDLE" WIDTH="112" HEIGHT="46" ACODE="ACI_AMT2">115,068</TE>
<TE ALIGN="CENTER" VALIGN="MIDDLE" WIDTH="58" HEIGHT="46" ACODE="RMK">-</TE>
<TU ALIGN="CENTER" VALIGN="MIDDLE" WIDTH="103" HEIGHT="46" AUNIT="TRD_PLN_RD" AUNITVALUE="-">-</TU>
</TR>

<TR ACOPY="Y" ADELETE="Y" HEIGHT="53">
<TU ALIGN="CENTER" VALIGN="MIDDLE" WIDTH="66" HEIGHT="46" AUNIT="RPT_RSN" AUNITVALUE="01" ENG="Acquisition in exchange(+)">장내매수(+)</TU>
<TU ALIGN="CENTER" VALIGN="MIDDLE" WIDTH="103" HEIGHT="46" AUNIT="MDF_DM" AUNITVALUE="20251002">2025년 10월 02일</TU>
<TU ALIGN="CENTER" VALIGN="MIDDLE" WIDTH="106" HEIGHT="46" AUNIT="STR_KND" AUNITVALUE="1" ENG="Common stock">보통주</TU>
<TE ALIGN="RIGHT" VALIGN="MIDDLE" WIDTH="65" HEIGHT="46" ACODE="BFR_STK_CNT">716,606</TE>
<TE ALIGN="RIGHT" VALIGN="MIDDLE" WIDTH="64" HEIGHT="46" ACODE="MDF_STK_CNT">1,289</TE>
<TE ALIGN="RIGHT" VALIGN="MIDDLE" WIDTH="64" HEIGHT="46" ACODE="AFR_STK_CNT">717,895</TE>
<TE ALIGN="RIGHT" VALIGN="MIDDLE" WIDTH="112" HEIGHT="46" ACODE="ACI_AMT2">115,688</TE>
<TE ALIGN="CENTER" VALIGN="MIDDLE" WIDTH="58" HEIGHT="46" ACODE="RMK">-</TE>
<TU ALIGN="CENTER" VALIGN="MIDDLE" WIDTH="103" HEIGHT="46" AUNIT="TRD_PLN_RD" AUNITVALUE="-">-</TU>
</TR>

<TR ACOPY="Y" ADELETE="Y" HEIGHT="53">
<TU ALIGN="CENTER" VALIGN="MIDDLE" WIDTH="66" HEIGHT="46" AUNIT="RPT_RSN" AUNITVALUE="01" ENG="Acquisition in exchange(+)">장내매수(+)</TU>
<TU ALIGN="CENTER" VALIGN="MIDDLE" WIDTH="103" HEIGHT="46" AUNIT="MDF_DM" AUNITVALUE="20251010">2025년 10월 10일</TU>
<TU ALIGN="CENTER" VALIGN="MIDDLE" WIDTH="106" HEIGHT="46" AUNIT="STR_KND" AUNITVALUE="1" ENG="Common stock">보통주</TU>
<TE ALIGN="RIGHT" VALIGN="MIDDLE" WIDTH="65" HEIGHT="46" ACODE="BFR_STK_CNT">717,895</TE>
<TE ALIGN="RIGHT" VALIGN="MIDDLE" WIDTH="64" HEIGHT="46" ACODE="MDF_STK_CNT">586</TE>
<TE ALIGN="RIGHT" VALIGN="MIDDLE" WIDTH="64" HEIGHT="46" ACODE="AFR_STK_CNT">718,481</TE>
<TE ALIGN="RIGHT" VALIGN="MIDDLE" WIDTH="112" HEIGHT="46" ACODE="ACI_AMT2">114,817</TE>
<TE ALIGN="CENTER" VALIGN="MIDDLE" WIDTH="58" HEIGHT="46" ACODE="RMK">-</TE>
<TU ALIGN="CENTER" VALIGN="MIDDLE" WIDTH="103" HEIGHT="46" AUNIT="TRD_PLN_RD" AUNITVALUE="-">-</TU>
</TR>

<TR ACOPY="Y" ADELETE="Y" HEIGHT="53">
<TU ALIGN="CENTER" VALIGN="MIDDLE" WIDTH="66" HEIGHT="46" AUNIT="RPT_RSN" AUNITVALUE="02" ENG="Disposal in exchange(-)">장내매도(-)</TU>
<TU ALIGN="CENTER" VALIGN="MIDDLE" WIDTH="103" HEIGHT="46" AUNIT="MDF_DM" AUNITVALUE="20251010">2025년 10월 10일</TU>
<TU ALIGN="CENTER" VALIGN="MIDDLE" WIDTH="106" HEIGHT="46" AUNIT="STR_KND" AUNITVALUE="1" ENG="Common stock">보통주</TU>
<TE ALIGN="RIGHT" VALIGN="MIDDLE" WIDTH="65" HEIGHT="46" ACODE="BFR_STK_CNT">718,481</TE>
<TE ALIGN="RIGHT" VALIGN="MIDDLE" WIDTH="64" HEIGHT="46" ACODE="MDF_STK_CNT">-9</TE>
<TE ALIGN="RIGHT" VALIGN="MIDDLE" WIDTH="64" HEIGHT="46" ACODE="AFR_STK_CNT">718,472</TE>
<TE ALIGN="RIGHT" VALIGN="MIDDLE" WIDTH="112" HEIGHT="46" ACODE="ACI_AMT2">114,533</TE>
<TE ALIGN="CENTER" VALIGN="MIDDLE" WIDTH="58" HEIGHT="46" ACODE="RMK">-</TE>
<TU ALIGN="CENTER" VALIGN="MIDDLE" WIDTH="103" HEIGHT="46" AUNIT="TRD_PLN_RD" AUNITVALUE="-">-</TU>
</TR>

<TR ACOPY="Y" ADELETE="Y" HEIGHT="53">
<TU ALIGN="CENTER" VALIGN="MIDDLE" WIDTH="66" HEIGHT="46" AUNIT="RPT_RSN" AUNITVALUE="01" ENG="Acquisition in exchange(+)">장내매수(+)</TU>
<TU ALIGN="CENTER" VALIGN="MIDDLE" WIDTH="103" HEIGHT="46" AUNIT="MDF_DM" AUNITVALUE="20251013">2025년 10월 13일</TU>
<TU ALIGN="CENTER" VALIGN="MIDDLE" WIDTH="106" HEIGHT="46" AUNIT="STR_KND" AUNITVALUE="1" ENG="Common stock">보통주</TU>
<TE ALIGN="RIGHT" VALIGN="MIDDLE" WIDTH="65" HEIGHT="46" ACODE="BFR_STK_CNT">718,472</TE>
<TE ALIGN="RIGHT" VALIGN="MIDDLE" WIDTH="64" HEIGHT="46" ACODE="MDF_STK_CNT">2,222</TE>
<TE ALIGN="RIGHT" VALIGN="MIDDLE" WIDTH="64" HEIGHT="46" ACODE="AFR_STK_CNT">720,694</TE>
<TE ALIGN="RIGHT" VALIGN="MIDDLE" WIDTH="112" HEIGHT="46" ACODE="ACI_AMT2">114,289</TE>
<TE ALIGN="CENTER" VALIGN="MIDDLE" WIDTH="58" HEIGHT="46" ACODE="RMK">-</TE>
<TU ALIGN="CENTER" VALIGN="MIDDLE" WIDTH="103" HEIGHT="46" AUNIT="TRD_PLN_RD" AUNITVALUE="-">-</TU>
</TR>

<TR ACOPY="Y" ADELETE="Y" HEIGHT="53">
<TU ALIGN="CENTER" VALIGN="MIDDLE" WIDTH="66" HEIGHT="46" AUNIT="RPT_RSN" AUNITVALUE="02" ENG="Disposal in exchange(-)">장내매도(-)</TU>
<TU ALIGN="CENTER" VALIGN="MIDDLE" WIDTH="103" HEIGHT="46" AUNIT="MDF_DM" AUNITVALUE="20251013">2025년 10월 13일</TU>
<TU ALIGN="CENTER" VALIGN="MIDDLE" WIDTH="106" HEIGHT="46" AUNIT="STR_KND" AUNITVALUE="1" ENG="Common stock">보통주</TU>
<TE ALIGN="RIGHT" VALIGN="MIDDLE" WIDTH="65" HEIGHT="46" ACODE="BFR_STK_CNT">720,694</TE>
<TE ALIGN="RIGHT" VALIGN="MIDDLE" WIDTH="64" HEIGHT="46" ACODE="MDF_STK_CNT">-3,000</TE>
<TE ALIGN="RIGHT" VALIGN="MIDDLE" WIDTH="64" HEIGHT="46" ACODE="AFR_STK_CNT">717,694</TE>
<TE ALIGN="RIGHT" VALIGN="MIDDLE" WIDTH="112" HEIGHT="46" ACODE="ACI_AMT2">113,070</TE>
<TE ALIGN="CENTER" VALIGN="MIDDLE" WIDTH="58" HEIGHT="46" ACODE="RMK">-</TE>
<TU ALIGN="CENTER" VALIGN="MIDDLE" WIDTH="103" HEIGHT="46" AUNIT="TRD_PLN_RD" AUNITVALUE="-">-</TU>
</TR>

<TR ACOPY="Y" ADELETE="Y" HEIGHT="53">
<TU ALIGN="CENTER" VALIGN="MIDDLE" WIDTH="66" HEIGHT="46" AUNIT="RPT_RSN" AUNITVALUE="01" ENG="Acquisition in exchange(+)">장내매수(+)</TU>
<TU ALIGN="CENTER" VALIGN="MIDDLE" WIDTH="103" HEIGHT="46" AUNIT="MDF_DM" AUNITVALUE="20251014">2025년 10월 14일</TU>
<TU ALIGN="CENTER" VALIGN="MIDDLE" WIDTH="106" HEIGHT="46" AUNIT="STR_KND" AUNITVALUE="1" ENG="Common stock">보통주</TU>
<TE ALIGN="RIGHT" VALIGN="MIDDLE" WIDTH="65" HEIGHT="46" ACODE="BFR_STK_CNT">717,694</TE>
<TE ALIGN="RIGHT" VALIGN="MIDDLE" WIDTH="64" HEIGHT="46" ACODE="MDF_STK_CNT">102</TE>
<TE ALIGN="RIGHT" VALIGN="MIDDLE" WIDTH="64" HEIGHT="46" ACODE="AFR_STK_CNT">717,796</TE>
<TE ALIGN="RIGHT" VALIGN="MIDDLE" WIDTH="112" HEIGHT="46" ACODE="ACI_AMT2">110,799</TE>
<TE ALIGN="CENTER" VALIGN="MIDDLE" WIDTH="58" HEIGHT="46" ACODE="RMK">-</TE>
<TU ALIGN="CENTER" VALIGN="MIDDLE" WIDTH="103" HEIGHT="46" AUNIT="TRD_PLN_RD" AUNITVALUE="-">-</TU>
</TR>

<TR ACOPY="Y" ADELETE="Y" HEIGHT="53">
<TU ALIGN="CENTER" VALIGN="MIDDLE" WIDTH="66" HEIGHT="46" AUNIT="RPT_RSN" AUNITVALUE="01" ENG="Acquisition in exchange(+)">장내매수(+)</TU>
<TU ALIGN="CENTER" VALIGN="MIDDLE" WIDTH="103" HEIGHT="46" AUNIT="MDF_DM" AUNITVALUE="20251015">2025년 10월 15일</TU>
<TU ALIGN="CENTER" VALIGN="MIDDLE" WIDTH="106" HEIGHT="46" AUNIT="STR_KND" AUNITVALUE="1" ENG="Common stock">보통주</TU>
<TE ALIGN="RIGHT" VALIGN="MIDDLE" WIDTH="65" HEIGHT="46" ACODE="BFR_STK_CNT">717,796</TE>
<TE ALIGN="RIGHT" VALIGN="MIDDLE" WIDTH="64" HEIGHT="46" ACODE="MDF_STK_CNT">973</TE>
<TE ALIGN="RIGHT" VALIGN="MIDDLE" WIDTH="64" HEIGHT="46" ACODE="AFR_STK_CNT">718,769</TE>
<TE ALIGN="RIGHT" VALIGN="MIDDLE" WIDTH="112" HEIGHT="46" ACODE="ACI_AMT2">108,009</TE>
<TE ALIGN="CENTER" VALIGN="MIDDLE" WIDTH="58" HEIGHT="46" ACODE="RMK">-</TE>
<TU ALIGN="CENTER" VALIGN="MIDDLE" WIDTH="103" HEIGHT="46" AUNIT="TRD_PLN_RD" AUNITVALUE="-">-</TU>
</TR>

<TR ACOPY="Y" ADELETE="Y" HEIGHT="53">
<TU ALIGN="CENTER" VALIGN="MIDDLE" WIDTH="66" HEIGHT="46" AUNIT="RPT_RSN" AUNITVALUE="02" ENG="Disposal in exchange(-)">장내매도(-)</TU>
<TU ALIGN="CENTER" VALIGN="MIDDLE" WIDTH="103" HEIGHT="46" AUNIT="MDF_DM" AUNITVALUE="20251015">2025년 10월 15일</TU>
<TU ALIGN="CENTER" VALIGN="MIDDLE" WIDTH="106" HEIGHT="46" AUNIT="STR_KND" AUNITVALUE="1" ENG="Common stock">보통주</TU>
<TE ALIGN="RIGHT" VALIGN="MIDDLE" WIDTH="65" HEIGHT="46" ACODE="BFR_STK_CNT">718,769</TE>
<TE ALIGN="RIGHT" VALIGN="MIDDLE" WIDTH="64" HEIGHT="46" ACODE="MDF_STK_CNT">-1,578</TE>
<TE ALIGN="RIGHT" VALIGN="MIDDLE" WIDTH="64" HEIGHT="46" ACODE="AFR_STK_CNT">717,191</TE>
<TE ALIGN="RIGHT" VALIGN="MIDDLE" WIDTH="112" HEIGHT="46" ACODE="ACI_AMT2">107,923</TE>
<TE ALIGN="CENTER" VALIGN="MIDDLE" WIDTH="58" HEIGHT="46" ACODE="RMK">-</TE>
<TU ALIGN="CENTER" VALIGN="MIDDLE" WIDTH="103" HEIGHT="46" AUNIT="TRD_PLN_RD" AUNITVALUE="-">-</TU>
</TR>

<TR ACOPY="Y" ADELETE="Y" HEIGHT="53">
<TU ALIGN="CENTER" VALIGN="MIDDLE" WIDTH="66" HEIGHT="46" AUNIT="RPT_RSN" AUNITVALUE="01" ENG="Acquisition in exchange(+)">장내매수(+)</TU>
<TU ALIGN="CENTER" VALIGN="MIDDLE" WIDTH="103" HEIGHT="46" AUNIT="MDF_DM" AUNITVALUE="20251016">2025년 10월 16일</TU>
<TU ALIGN="CENTER" VALIGN="MIDDLE" WIDTH="106" HEIGHT="46" AUNIT="STR_KND" AUNITVALUE="1" ENG="Common stock">보통주</TU>
<TE ALIGN="RIGHT" VALIGN="MIDDLE" WIDTH="65" HEIGHT="46" ACODE="BFR_STK_CNT">717,191</TE>
<TE ALIGN="RIGHT" VALIGN="MIDDLE" WIDTH="64" HEIGHT="46" ACODE="MDF_STK_CNT">969</TE>
<TE ALIGN="RIGHT" VALIGN="MIDDLE" WIDTH="64" HEIGHT="46" ACODE="AFR_STK_CNT">718,160</TE>
<TE ALIGN="RIGHT" VALIGN="MIDDLE" WIDTH="112" HEIGHT="46" ACODE="ACI_AMT2">107,525</TE>
<TE ALIGN="CENTER" VALIGN="MIDDLE" WIDTH="58" HEIGHT="46" ACODE="RMK">-</TE>
<TU ALIGN="CENTER" VALIGN="MIDDLE" WIDTH="103" HEIGHT="46" AUNIT="TRD_PLN_RD" AUNITVALUE="-">-</TU>
</TR>

<TR ACOPY="Y" ADELETE="Y" HEIGHT="53">
<TU ALIGN="CENTER" VALIGN="MIDDLE" WIDTH="66" HEIGHT="46" AUNIT="RPT_RSN" AUNITVALUE="02" ENG="Disposal in exchange(-)">장내매도(-)</TU>
<TU ALIGN="CENTER" VALIGN="MIDDLE" WIDTH="103" HEIGHT="46" AUNIT="MDF_DM" AUNITVALUE="20251016">2025년 10월 16일</TU>
<TU ALIGN="CENTER" VALIGN="MIDDLE" WIDTH="106" HEIGHT="46" AUNIT="STR_KND" AUNITVALUE="1" ENG="Common stock">보통주</TU>
<TE ALIGN="RIGHT" VALIGN="MIDDLE" WIDTH="65" HEIGHT="46" ACODE="BFR_STK_CNT">718,160</TE>
<TE ALIGN="RIGHT" VALIGN="MIDDLE" WIDTH="64" HEIGHT="46" ACODE="MDF_STK_CNT">-4,759</TE>
<TE ALIGN="RIGHT" VALIGN="MIDDLE" WIDTH="64" HEIGHT="46" ACODE="AFR_STK_CNT">713,401</TE>
<TE ALIGN="RIGHT" VALIGN="MIDDLE" WIDTH="112" HEIGHT="46" ACODE="ACI_AMT2">106,357</TE>
<TE ALIGN="CENTER" VALIGN="MIDDLE" WIDTH="58" HEIGHT="46" ACODE="RMK">-</TE>
<TU ALIGN="CENTER" VALIGN="MIDDLE" WIDTH="103" HEIGHT="46" AUNIT="TRD_PLN_RD" AUNITVALUE="-">-</TU>
</TR>

<TR ACOPY="Y" ADELETE="Y" HEIGHT="53">
<TU ALIGN="CENTER" VALIGN="MIDDLE" WIDTH="66" HEIGHT="46" AUNIT="RPT_RSN" AUNITVALUE="01" ENG="Acquisition in exchange(+)">장내매수(+)</TU>
<TU ALIGN="CENTER" VALIGN="MIDDLE" WIDTH="103" HEIGHT="46" AUNIT="MDF_DM" AUNITVALUE="20251017">2025년 10월 17일</TU>
<TU ALIGN="CENTER" VALIGN="MIDDLE" WIDTH="106" HEIGHT="46" AUNIT="STR_KND" AUNITVALUE="1" ENG="Common stock">보통주</TU>
<TE ALIGN="RIGHT" VALIGN="MIDDLE" WIDTH="65" HEIGHT="46" ACODE="BFR_STK_CNT">713,401</TE>
<TE ALIGN="RIGHT" VALIGN="MIDDLE" WIDTH="64" HEIGHT="46" ACODE="MDF_STK_CNT">1,269</TE>
<TE ALIGN="RIGHT" VALIGN="MIDDLE" WIDTH="64" HEIGHT="46" ACODE="AFR_STK_CNT">714,670</TE>
<TE ALIGN="RIGHT" VALIGN="MIDDLE" WIDTH="112" HEIGHT="46" ACODE="ACI_AMT2">106,757</TE>
<TE ALIGN="CENTER" VALIGN="MIDDLE" WIDTH="58" HEIGHT="46" ACODE="RMK">-</TE>
<TU ALIGN="CENTER" VALIGN="MIDDLE" WIDTH="103" HEIGHT="46" AUNIT="TRD_PLN_RD" AUNITVALUE="-">-</TU>
</TR>

<TR ACOPY="Y" ADELETE="Y" HEIGHT="53">
<TU ALIGN="CENTER" VALIGN="MIDDLE" WIDTH="66" HEIGHT="46" AUNIT="RPT_RSN" AUNITVALUE="02" ENG="Disposal in exchange(-)">장내매도(-)</TU>
<TU ALIGN="CENTER" VALIGN="MIDDLE" WIDTH="103" HEIGHT="46" AUNIT="MDF_DM" AUNITVALUE="20251017">2025년 10월 17일</TU>
<TU ALIGN="CENTER" VALIGN="MIDDLE" WIDTH="106" HEIGHT="46" AUNIT="STR_KND" AUNITVALUE="1" ENG="Common stock">보통주</TU>
<TE ALIGN="RIGHT" VALIGN="MIDDLE" WIDTH="65" HEIGHT="46" ACODE="BFR_STK_CNT">714,670</TE>
<TE ALIGN="RIGHT" VALIGN="MIDDLE" WIDTH="64" HEIGHT="46" ACODE="MDF_STK_CNT">-3,414</TE>
<TE ALIGN="RIGHT" VALIGN="MIDDLE" WIDTH="64" HEIGHT="46" ACODE="AFR_STK_CNT">711,256</TE>
<TE ALIGN="RIGHT" VALIGN="MIDDLE" WIDTH="112" HEIGHT="46" ACODE="ACI_AMT2">106,557</TE>
<TE ALIGN="CENTER" VALIGN="MIDDLE" WIDTH="58" HEIGHT="46" ACODE="RMK">-</TE>
<TU ALIGN="CENTER" VALIGN="MIDDLE" WIDTH="103" HEIGHT="46" AUNIT="TRD_PLN_RD" AUNITVALUE="-">-</TU>
</TR>

<TR ACOPY="Y" ADELETE="Y" HEIGHT="53">
<TU ALIGN="CENTER" VALIGN="MIDDLE" WIDTH="66" HEIGHT="46" AUNIT="RPT_RSN" AUNITVALUE="01" ENG="Acquisition in exchange(+)">장내매수(+)</TU>
<TU ALIGN="CENTER" VALIGN="MIDDLE" WIDTH="103" HEIGHT="46" AUNIT="MDF_DM" AUNITVALUE="20251020">2025년 10월 20일</TU>
<TU ALIGN="CENTER" VALIGN="MIDDLE" WIDTH="106" HEIGHT="46" AUNIT="STR_KND" AUNITVALUE="1" ENG="Common stock">보통주</TU>
<TE ALIGN="RIGHT" VALIGN="MIDDLE" WIDTH="65" HEIGHT="46" ACODE="BFR_STK_CNT">711,256</TE>
<TE ALIGN="RIGHT" VALIGN="MIDDLE" WIDTH="64" HEIGHT="46" ACODE="MDF_STK_CNT">1,260</TE>
<TE ALIGN="RIGHT" VALIGN="MIDDLE" WIDTH="64" HEIGHT="46" ACODE="AFR_STK_CNT">712,516</TE>
<TE ALIGN="RIGHT" VALIGN="MIDDLE" WIDTH="112" HEIGHT="46" ACODE="ACI_AMT2">107,449</TE>
<TE ALIGN="CENTER" VALIGN="MIDDLE" WIDTH="58" HEIGHT="46" ACODE="RMK">-</TE>
<TU ALIGN="CENTER" VALIGN="MIDDLE" WIDTH="103" HEIGHT="46" AUNIT="TRD_PLN_RD" AUNITVALUE="-">-</TU>
</TR>

<TR ACOPY="Y" ADELETE="Y" HEIGHT="53">
<TU ALIGN="CENTER" VALIGN="MIDDLE" WIDTH="66" HEIGHT="46" AUNIT="RPT_RSN" AUNITVALUE="02" ENG="Disposal in exchange(-)">장내매도(-)</TU>
<TU ALIGN="CENTER" VALIGN="MIDDLE" WIDTH="103" HEIGHT="46" AUNIT="MDF_DM" AUNITVALUE="20251020">2025년 10월 20일</TU>
<TU ALIGN="CENTER" VALIGN="MIDDLE" WIDTH="106" HEIGHT="46" AUNIT="STR_KND" AUNITVALUE="1" ENG="Common stock">보통주</TU>
<TE ALIGN="RIGHT" VALIGN="MIDDLE" WIDTH="65" HEIGHT="46" ACODE="BFR_STK_CNT">712,516</TE>
<TE ALIGN="RIGHT" VALIGN="MIDDLE" WIDTH="64" HEIGHT="46" ACODE="MDF_STK_CNT">-3,599</TE>
<TE ALIGN="RIGHT" VALIGN="MIDDLE" WIDTH="64" HEIGHT="46" ACODE="AFR_STK_CNT">708,917</TE>
<TE ALIGN="RIGHT" VALIGN="MIDDLE" WIDTH="112" HEIGHT="46" ACODE="ACI_AMT2">107,484</TE>
<TE ALIGN="CENTER" VALIGN="MIDDLE" WIDTH="58" HEIGHT="46" ACODE="RMK">-</TE>
<TU ALIGN="CENTER" VALIGN="MIDDLE" WIDTH="103" HEIGHT="46" AUNIT="TRD_PLN_RD" AUNITVALUE="-">-</TU>
</TR>

<TR ACOPY="Y" ADELETE="Y" HEIGHT="53">
<TU ALIGN="CENTER" VALIGN="MIDDLE" WIDTH="66" HEIGHT="46" AUNIT="RPT_RSN" AUNITVALUE="01" ENG="Acquisition in exchange(+)">장내매수(+)</TU>
<TU ALIGN="CENTER" VALIGN="MIDDLE" WIDTH="103" HEIGHT="46" AUNIT="MDF_DM" AUNITVALUE="20251021">2025년 10월 21일</TU>
<TU ALIGN="CENTER" VALIGN="MIDDLE" WIDTH="106" HEIGHT="46" AUNIT="STR_KND" AUNITVALUE="1" ENG="Common stock">보통주</TU>
<TE ALIGN="RIGHT" VALIGN="MIDDLE" WIDTH="65" HEIGHT="46" ACODE="BFR_STK_CNT">708,917</TE>
<TE ALIGN="RIGHT" VALIGN="MIDDLE" WIDTH="64" HEIGHT="46" ACODE="MDF_STK_CNT">1,274</TE>
<TE ALIGN="RIGHT" VALIGN="MIDDLE" WIDTH="64" HEIGHT="46" ACODE="AFR_STK_CNT">710,191</TE>
<TE ALIGN="RIGHT" VALIGN="MIDDLE" WIDTH="112" HEIGHT="46" ACODE="ACI_AMT2">106,273</TE>
<TE ALIGN="CENTER" VALIGN="MIDDLE" WIDTH="58" HEIGHT="46" ACODE="RMK">-</TE>
<TU ALIGN="CENTER" VALIGN="MIDDLE" WIDTH="103" HEIGHT="46" AUNIT="TRD_PLN_RD" AUNITVALUE="-">-</TU>
</TR>

<TR ACOPY="Y" ADELETE="Y" HEIGHT="53">
<TU ALIGN="CENTER" VALIGN="MIDDLE" WIDTH="66" HEIGHT="46" AUNIT="RPT_RSN" AUNITVALUE="01" ENG="Acquisition in exchange(+)">장내매수(+)</TU>
<TU ALIGN="CENTER" VALIGN="MIDDLE" WIDTH="103" HEIGHT="46" AUNIT="MDF_DM" AUNITVALUE="20251022">2025년 10월 22일</TU>
<TU ALIGN="CENTER" VALIGN="MIDDLE" WIDTH="106" HEIGHT="46" AUNIT="STR_KND" AUNITVALUE="1" ENG="Common stock">보통주</TU>
<TE ALIGN="RIGHT" VALIGN="MIDDLE" WIDTH="65" HEIGHT="46" ACODE="BFR_STK_CNT">710,191</TE>
<TE ALIGN="RIGHT" VALIGN="MIDDLE" WIDTH="64" HEIGHT="46" ACODE="MDF_STK_CNT">1,106</TE>
<TE ALIGN="RIGHT" VALIGN="MIDDLE" WIDTH="64" HEIGHT="46" ACODE="AFR_STK_CNT">711,297</TE>
<TE ALIGN="RIGHT" VALIGN="MIDDLE" WIDTH="112" HEIGHT="46" ACODE="ACI_AMT2">106,271</TE>
<TE ALIGN="CENTER" VALIGN="MIDDLE" WIDTH="58" HEIGHT="46" ACODE="RMK">-</TE>
<TU ALIGN="CENTER" VALIGN="MIDDLE" WIDTH="103" HEIGHT="46" AUNIT="TRD_PLN_RD" AUNITVALUE="-">-</TU>
</TR>

<TR ACOPY="Y" ADELETE="Y" HEIGHT="53">
<TU ALIGN="CENTER" VALIGN="MIDDLE" WIDTH="66" HEIGHT="46" AUNIT="RPT_RSN" AUNITVALUE="02" ENG="Disposal in exchange(-)">장내매도(-)</TU>
<TU ALIGN="CENTER" VALIGN="MIDDLE" WIDTH="103" HEIGHT="46" AUNIT="MDF_DM" AUNITVALUE="20251022">2025년 10월 22일</TU>
<TU ALIGN="CENTER" VALIGN="MIDDLE" WIDTH="106" HEIGHT="46" AUNIT="STR_KND" AUNITVALUE="1" ENG="Common stock">보통주</TU>
<TE ALIGN="RIGHT" VALIGN="MIDDLE" WIDTH="65" HEIGHT="46" ACODE="BFR_STK_CNT">711,297</TE>
<TE ALIGN="RIGHT" VALIGN="MIDDLE" WIDTH="64" HEIGHT="46" ACODE="MDF_STK_CNT">-3,352</TE>
<TE ALIGN="RIGHT" VALIGN="MIDDLE" WIDTH="64" HEIGHT="46" ACODE="AFR_STK_CNT">707,945</TE>
<TE ALIGN="RIGHT" VALIGN="MIDDLE" WIDTH="112" HEIGHT="46" ACODE="ACI_AMT2">106,059</TE>
<TE ALIGN="CENTER" VALIGN="MIDDLE" WIDTH="58" HEIGHT="46" ACODE="RMK">-</TE>
<TU ALIGN="CENTER" VALIGN="MIDDLE" WIDTH="103" HEIGHT="46" AUNIT="TRD_PLN_RD" AUNITVALUE="-">-</TU>
</TR>

<TR ACOPY="Y" ADELETE="Y" HEIGHT="53">
<TU ALIGN="CENTER" VALIGN="MIDDLE" WIDTH="66" HEIGHT="46" AUNIT="RPT_RSN" AUNITVALUE="01" ENG="Acquisition in exchange(+)">장내매수(+)</TU>
<TU ALIGN="CENTER" VALIGN="MIDDLE" WIDTH="103" HEIGHT="46" AUNIT="MDF_DM" AUNITVALUE="20251023">2025년 10월 23일</TU>
<TU ALIGN="CENTER" VALIGN="MIDDLE" WIDTH="106" HEIGHT="46" AUNIT="STR_KND" AUNITVALUE="1" ENG="Common stock">보통주</TU>
<TE ALIGN="RIGHT" VALIGN="MIDDLE" WIDTH="65" HEIGHT="46" ACODE="BFR_STK_CNT">707,945</TE>
<TE ALIGN="RIGHT" VALIGN="MIDDLE" WIDTH="64" HEIGHT="46" ACODE="MDF_STK_CNT">1,282</TE>
<TE ALIGN="RIGHT" VALIGN="MIDDLE" WIDTH="64" HEIGHT="46" ACODE="AFR_STK_CNT">709,227</TE>
<TE ALIGN="RIGHT" VALIGN="MIDDLE" WIDTH="112" HEIGHT="46" ACODE="ACI_AMT2">105,660</TE>
<TE ALIGN="CENTER" VALIGN="MIDDLE" WIDTH="58" HEIGHT="46" ACODE="RMK">-</TE>
<TU ALIGN="CENTER" VALIGN="MIDDLE" WIDTH="103" HEIGHT="46" AUNIT="TRD_PLN_RD" AUNITVALUE="-">-</TU>
</TR>

<TR ACOPY="Y" ADELETE="Y" HEIGHT="53">
<TU ALIGN="CENTER" VALIGN="MIDDLE" WIDTH="66" HEIGHT="46" AUNIT="RPT_RSN" AUNITVALUE="02" ENG="Disposal in exchange(-)">장내매도(-)</TU>
<TU ALIGN="CENTER" VALIGN="MIDDLE" WIDTH="103" HEIGHT="46" AUNIT="MDF_DM" AUNITVALUE="20251023">2025년 10월 23일</TU>
<TU ALIGN="CENTER" VALIGN="MIDDLE" WIDTH="106" HEIGHT="46" AUNIT="STR_KND" AUNITVALUE="1" ENG="Common stock">보통주</TU>
<TE ALIGN="RIGHT" VALIGN="MIDDLE" WIDTH="65" HEIGHT="46" ACODE="BFR_STK_CNT">709,227</TE>
<TE ALIGN="RIGHT" VALIGN="MIDDLE" WIDTH="64" HEIGHT="46" ACODE="MDF_STK_CNT">-3,488</TE>
<TE ALIGN="RIGHT" VALIGN="MIDDLE" WIDTH="64" HEIGHT="46" ACODE="AFR_STK_CNT">705,739</TE>
<TE ALIGN="RIGHT" VALIGN="MIDDLE" WIDTH="112" HEIGHT="46" ACODE="ACI_AMT2">105,543</TE>
<TE ALIGN="CENTER" VALIGN="MIDDLE" WIDTH="58" HEIGHT="46" ACODE="RMK">-</TE>
<TU ALIGN="CENTER" VALIGN="MIDDLE" WIDTH="103" HEIGHT="46" AUNIT="TRD_PLN_RD" AUNITVALUE="-">-</TU>
</TR>

<TR ACOPY="Y" ADELETE="Y" HEIGHT="53">
<TU ALIGN="CENTER" VALIGN="MIDDLE" WIDTH="66" HEIGHT="46" AUNIT="RPT_RSN" AUNITVALUE="01" ENG="Acquisition in exchange(+)">장내매수(+)</TU>
<TU ALIGN="CENTER" VALIGN="MIDDLE" WIDTH="103" HEIGHT="46" AUNIT="MDF_DM" AUNITVALUE="20251024">2025년 10월 24일</TU>
<TU ALIGN="CENTER" VALIGN="MIDDLE" WIDTH="106" HEIGHT="46" AUNIT="STR_KND" AUNITVALUE="1" ENG="Common stock">보통주</TU>
<TE ALIGN="RIGHT" VALIGN="MIDDLE" WIDTH="65" HEIGHT="46" ACODE="BFR_STK_CNT">705,739</TE>
<TE ALIGN="RIGHT" VALIGN="MIDDLE" WIDTH="64" HEIGHT="46" ACODE="MDF_STK_CNT">1,270</TE>
<TE ALIGN="RIGHT" VALIGN="MIDDLE" WIDTH="64" HEIGHT="46" ACODE="AFR_STK_CNT">707,009</TE>
<TE ALIGN="RIGHT" VALIGN="MIDDLE" WIDTH="112" HEIGHT="46" ACODE="ACI_AMT2">107,941</TE>
<TE ALIGN="CENTER" VALIGN="MIDDLE" WIDTH="58" HEIGHT="46" ACODE="RMK">-</TE>
<TU ALIGN="CENTER" VALIGN="MIDDLE" WIDTH="103" HEIGHT="46" AUNIT="TRD_PLN_RD" AUNITVALUE="-">-</TU>
</TR>

<TR ACOPY="Y" ADELETE="Y" HEIGHT="53">
<TU ALIGN="CENTER" VALIGN="MIDDLE" WIDTH="66" HEIGHT="46" AUNIT="RPT_RSN" AUNITVALUE="01" ENG="Acquisition in exchange(+)">장내매수(+)</TU>
<TU ALIGN="CENTER" VALIGN="MIDDLE" WIDTH="103" HEIGHT="46" AUNIT="MDF_DM" AUNITVALUE="20251027">2025년 10월 27일</TU>
<TU ALIGN="CENTER" VALIGN="MIDDLE" WIDTH="106" HEIGHT="46" AUNIT="STR_KND" AUNITVALUE="1" ENG="Common stock">보통주</TU>
<TE ALIGN="RIGHT" VALIGN="MIDDLE" WIDTH="65" HEIGHT="46" ACODE="BFR_STK_CNT">707,009</TE>
<TE ALIGN="RIGHT" VALIGN="MIDDLE" WIDTH="64" HEIGHT="46" ACODE="MDF_STK_CNT">1,295</TE>
<TE ALIGN="RIGHT" VALIGN="MIDDLE" WIDTH="64" HEIGHT="46" ACODE="AFR_STK_CNT">708,304</TE>
<TE ALIGN="RIGHT" VALIGN="MIDDLE" WIDTH="112" HEIGHT="46" ACODE="ACI_AMT2">110,601</TE>
<TE ALIGN="CENTER" VALIGN="MIDDLE" WIDTH="58" HEIGHT="46" ACODE="RMK">-</TE>
<TU ALIGN="CENTER" VALIGN="MIDDLE" WIDTH="103" HEIGHT="46" AUNIT="TRD_PLN_RD" AUNITVALUE="-">-</TU>
</TR>

<TR ACOPY="Y" ADELETE="Y" HEIGHT="53">
<TU ALIGN="CENTER" VALIGN="MIDDLE" WIDTH="66" HEIGHT="46" AUNIT="RPT_RSN" AUNITVALUE="02" ENG="Disposal in exchange(-)">장내매도(-)</TU>
<TU ALIGN="CENTER" VALIGN="MIDDLE" WIDTH="103" HEIGHT="46" AUNIT="MDF_DM" AUNITVALUE="20251027">2025년 10월 27일</TU>
<TU ALIGN="CENTER" VALIGN="MIDDLE" WIDTH="106" HEIGHT="46" AUNIT="STR_KND" AUNITVALUE="1" ENG="Common stock">보통주</TU>
<TE ALIGN="RIGHT" VALIGN="MIDDLE" WIDTH="65" HEIGHT="46" ACODE="BFR_STK_CNT">708,304</TE>
<TE ALIGN="RIGHT" VALIGN="MIDDLE" WIDTH="64" HEIGHT="46" ACODE="MDF_STK_CNT">-2,012</TE>
<TE ALIGN="RIGHT" VALIGN="MIDDLE" WIDTH="64" HEIGHT="46" ACODE="AFR_STK_CNT">706,292</TE>
<TE ALIGN="RIGHT" VALIGN="MIDDLE" WIDTH="112" HEIGHT="46" ACODE="ACI_AMT2">109,700</TE>
<TE ALIGN="CENTER" VALIGN="MIDDLE" WIDTH="58" HEIGHT="46" ACODE="RMK">-</TE>
<TU ALIGN="CENTER" VALIGN="MIDDLE" WIDTH="103" HEIGHT="46" AUNIT="TRD_PLN_RD" AUNITVALUE="-">-</TU>
</TR>

<TR ACOPY="Y" ADELETE="Y" HEIGHT="53">
<TU ALIGN="CENTER" VALIGN="MIDDLE" WIDTH="66" HEIGHT="46" AUNIT="RPT_RSN" AUNITVALUE="01" ENG="Acquisition in exchange(+)">장내매수(+)</TU>
<TU ALIGN="CENTER" VALIGN="MIDDLE" WIDTH="103" HEIGHT="46" AUNIT="MDF_DM" AUNITVALUE="20251028">2025년 10월 28일</TU>
<TU ALIGN="CENTER" VALIGN="MIDDLE" WIDTH="106" HEIGHT="46" AUNIT="STR_KND" AUNITVALUE="1" ENG="Common stock">보통주</TU>
<TE ALIGN="RIGHT" VALIGN="MIDDLE" WIDTH="65" HEIGHT="46" ACODE="BFR_STK_CNT">706,292</TE>
<TE ALIGN="RIGHT" VALIGN="MIDDLE" WIDTH="64" HEIGHT="46" ACODE="MDF_STK_CNT">1,309</TE>
<TE ALIGN="RIGHT" VALIGN="MIDDLE" WIDTH="64" HEIGHT="46" ACODE="AFR_STK_CNT">707,601</TE>
<TE ALIGN="RIGHT" VALIGN="MIDDLE" WIDTH="112" HEIGHT="46" ACODE="ACI_AMT2">108,702</TE>
<TE ALIGN="CENTER" VALIGN="MIDDLE" WIDTH="58" HEIGHT="46" ACODE="RMK">-</TE>
<TU ALIGN="CENTER" VALIGN="MIDDLE" WIDTH="103" HEIGHT="46" AUNIT="TRD_PLN_RD" AUNITVALUE="-">-</TU>
</TR>

<TR ACOPY="Y" ADELETE="Y" HEIGHT="53">
<TU ALIGN="CENTER" VALIGN="MIDDLE" WIDTH="66" HEIGHT="46" AUNIT="RPT_RSN" AUNITVALUE="01" ENG="Acquisition in exchange(+)">장내매수(+)</TU>
<TU ALIGN="CENTER" VALIGN="MIDDLE" WIDTH="103" HEIGHT="46" AUNIT="MDF_DM" AUNITVALUE="20251029">2025년 10월 29일</TU>
<TU ALIGN="CENTER" VALIGN="MIDDLE" WIDTH="106" HEIGHT="46" AUNIT="STR_KND" AUNITVALUE="1" ENG="Common stock">보통주</TU>
<TE ALIGN="RIGHT" VALIGN="MIDDLE" WIDTH="65" HEIGHT="46" ACODE="BFR_STK_CNT">707,601</TE>
<TE ALIGN="RIGHT" VALIGN="MIDDLE" WIDTH="64" HEIGHT="46" ACODE="MDF_STK_CNT">933</TE>
<TE ALIGN="RIGHT" VALIGN="MIDDLE" WIDTH="64" HEIGHT="46" ACODE="AFR_STK_CNT">708,534</TE>
<TE ALIGN="RIGHT" VALIGN="MIDDLE" WIDTH="112" HEIGHT="46" ACODE="ACI_AMT2">109,213</TE>
<TE ALIGN="CENTER" VALIGN="MIDDLE" WIDTH="58" HEIGHT="46" ACODE="RMK">-</TE>
<TU ALIGN="CENTER" VALIGN="MIDDLE" WIDTH="103" HEIGHT="46" AUNIT="TRD_PLN_RD" AUNITVALUE="-">-</TU>
</TR>

<TR ACOPY="Y" ADELETE="Y" HEIGHT="53">
<TU ALIGN="CENTER" VALIGN="MIDDLE" WIDTH="66" HEIGHT="46" AUNIT="RPT_RSN" AUNITVALUE="01" ENG="Acquisition in exchange(+)">장내매수(+)</TU>
<TU ALIGN="CENTER" VALIGN="MIDDLE" WIDTH="103" HEIGHT="46" AUNIT="MDF_DM" AUNITVALUE="20251030">2025년 10월 30일</TU>
<TU ALIGN="CENTER" VALIGN="MIDDLE" WIDTH="106" HEIGHT="46" AUNIT="STR_KND" AUNITVALUE="1" ENG="Common stock">보통주</TU>
<TE ALIGN="RIGHT" VALIGN="MIDDLE" WIDTH="65" HEIGHT="46" ACODE="BFR_STK_CNT">708,534</TE>
<TE ALIGN="RIGHT" VALIGN="MIDDLE" WIDTH="64" HEIGHT="46" ACODE="MDF_STK_CNT">1,076</TE>
<TE ALIGN="RIGHT" VALIGN="MIDDLE" WIDTH="64" HEIGHT="46" ACODE="AFR_STK_CNT">709,610</TE>
<TE ALIGN="RIGHT" VALIGN="MIDDLE" WIDTH="112" HEIGHT="46" ACODE="ACI_AMT2">109,600</TE>
<TE ALIGN="CENTER" VALIGN="MIDDLE" WIDTH="58" HEIGHT="46" ACODE="RMK">-</TE>
<TU ALIGN="CENTER" VALIGN="MIDDLE" WIDTH="103" HEIGHT="46" AUNIT="TRD_PLN_RD" AUNITVALUE="-">-</TU>
</TR>

<TR ACOPY="Y" ADELETE="Y" HEIGHT="53">
<TU ALIGN="CENTER" VALIGN="MIDDLE" WIDTH="66" HEIGHT="46" AUNIT="RPT_RSN" AUNITVALUE="02" ENG="Disposal in exchange(-)">장내매도(-)</TU>
<TU ALIGN="CENTER" VALIGN="MIDDLE" WIDTH="103" HEIGHT="46" AUNIT="MDF_DM" AUNITVALUE="20251030">2025년 10월 30일</TU>
<TU ALIGN="CENTER" VALIGN="MIDDLE" WIDTH="106" HEIGHT="46" AUNIT="STR_KND" AUNITVALUE="1" ENG="Common stock">보통주</TU>
<TE ALIGN="RIGHT" VALIGN="MIDDLE" WIDTH="65" HEIGHT="46" ACODE="BFR_STK_CNT">709,610</TE>
<TE ALIGN="RIGHT" VALIGN="MIDDLE" WIDTH="64" HEIGHT="46" ACODE="MDF_STK_CNT">-3,872</TE>
<TE ALIGN="RIGHT" VALIGN="MIDDLE" WIDTH="64" HEIGHT="46" ACODE="AFR_STK_CNT">705,738</TE>
<TE ALIGN="RIGHT" VALIGN="MIDDLE" WIDTH="112" HEIGHT="46" ACODE="ACI_AMT2">109,474</TE>
<TE ALIGN="CENTER" VALIGN="MIDDLE" WIDTH="58" HEIGHT="46" ACODE="RMK">-</TE>
<TU ALIGN="CENTER" VALIGN="MIDDLE" WIDTH="103" HEIGHT="46" AUNIT="TRD_PLN_RD" AUNITVALUE="-">-</TU>
</TR>

<TR ACOPY="Y" ADELETE="Y" HEIGHT="53">
<TU ALIGN="CENTER" VALIGN="MIDDLE" WIDTH="66" HEIGHT="46" AUNIT="RPT_RSN" AUNITVALUE="01" ENG="Acquisition in exchange(+)">장내매수(+)</TU>
<TU ALIGN="CENTER" VALIGN="MIDDLE" WIDTH="103" HEIGHT="46" AUNIT="MDF_DM" AUNITVALUE="20251031">2025년 10월 31일</TU>
<TU ALIGN="CENTER" VALIGN="MIDDLE" WIDTH="106" HEIGHT="46" AUNIT="STR_KND" AUNITVALUE="1" ENG="Common stock">보통주</TU>
<TE ALIGN="RIGHT" VALIGN="MIDDLE" WIDTH="65" HEIGHT="46" ACODE="BFR_STK_CNT">705,738</TE>
<TE ALIGN="RIGHT" VALIGN="MIDDLE" WIDTH="64" HEIGHT="46" ACODE="MDF_STK_CNT">1,637</TE>
<TE ALIGN="RIGHT" VALIGN="MIDDLE" WIDTH="64" HEIGHT="46" ACODE="AFR_STK_CNT">707,375</TE>
<TE ALIGN="RIGHT" VALIGN="MIDDLE" WIDTH="112" HEIGHT="46" ACODE="ACI_AMT2">109,817</TE>
<TE ALIGN="CENTER" VALIGN="MIDDLE" WIDTH="58" HEIGHT="46" ACODE="RMK">-</TE>
<TU ALIGN="CENTER" VALIGN="MIDDLE" WIDTH="103" HEIGHT="46" AUNIT="TRD_PLN_RD" AUNITVALUE="-">-</TU>
</TR>

<TR ACOPY="Y" ADELETE="Y" HEIGHT="53">
<TU ALIGN="CENTER" VALIGN="MIDDLE" WIDTH="66" HEIGHT="46" AUNIT="RPT_RSN" AUNITVALUE="02" ENG="Disposal in exchange(-)">장내매도(-)</TU>
<TU ALIGN="CENTER" VALIGN="MIDDLE" WIDTH="103" HEIGHT="46" AUNIT="MDF_DM" AUNITVALUE="20251031">2025년 10월 31일</TU>
<TU ALIGN="CENTER" VALIGN="MIDDLE" WIDTH="106" HEIGHT="46" AUNIT="STR_KND" AUNITVALUE="1" ENG="Common stock">보통주</TU>
<TE ALIGN="RIGHT" VALIGN="MIDDLE" WIDTH="65" HEIGHT="46" ACODE="BFR_STK_CNT">707,375</TE>
<TE ALIGN="RIGHT" VALIGN="MIDDLE" WIDTH="64" HEIGHT="46" ACODE="MDF_STK_CNT">-2,503</TE>
<TE ALIGN="RIGHT" VALIGN="MIDDLE" WIDTH="64" HEIGHT="46" ACODE="AFR_STK_CNT">704,872</TE>
<TE ALIGN="RIGHT" VALIGN="MIDDLE" WIDTH="112" HEIGHT="46" ACODE="ACI_AMT2">110,566</TE>
<TE ALIGN="CENTER" VALIGN="MIDDLE" WIDTH="58" HEIGHT="46" ACODE="RMK">-</TE>
<TU ALIGN="CENTER" VALIGN="MIDDLE" WIDTH="103" HEIGHT="46" AUNIT="TRD_PLN_RD" AUNITVALUE="-">-</TU>
</TR>

<TR ACOPY="Y" ADELETE="Y" HEIGHT="53">
<TU ALIGN="CENTER" VALIGN="MIDDLE" WIDTH="66" HEIGHT="46" AUNIT="RPT_RSN" AUNITVALUE="01" ENG="Acquisition in exchange(+)">장내매수(+)</TU>
<TU ALIGN="CENTER" VALIGN="MIDDLE" WIDTH="103" HEIGHT="46" AUNIT="MDF_DM" AUNITVALUE="20251103">2025년 11월 03일</TU>
<TU ALIGN="CENTER" VALIGN="MIDDLE" WIDTH="106" HEIGHT="46" AUNIT="STR_KND" AUNITVALUE="1" ENG="Common stock">보통주</TU>
<TE ALIGN="RIGHT" VALIGN="MIDDLE" WIDTH="65" HEIGHT="46" ACODE="BFR_STK_CNT">704,872</TE>
<TE ALIGN="RIGHT" VALIGN="MIDDLE" WIDTH="64" HEIGHT="46" ACODE="MDF_STK_CNT">3,212</TE>
<TE ALIGN="RIGHT" VALIGN="MIDDLE" WIDTH="64" HEIGHT="46" ACODE="AFR_STK_CNT">708,084</TE>
<TE ALIGN="RIGHT" VALIGN="MIDDLE" WIDTH="112" HEIGHT="46" ACODE="ACI_AMT2">109,759</TE>
<TE ALIGN="CENTER" VALIGN="MIDDLE" WIDTH="58" HEIGHT="46" ACODE="RMK">-</TE>
<TU ALIGN="CENTER" VALIGN="MIDDLE" WIDTH="103" HEIGHT="46" AUNIT="TRD_PLN_RD" AUNITVALUE="-">-</TU>
</TR>

<TR ACOPY="Y" ADELETE="Y" HEIGHT="53">
<TU ALIGN="CENTER" VALIGN="MIDDLE" WIDTH="66" HEIGHT="46" AUNIT="RPT_RSN" AUNITVALUE="01" ENG="Acquisition in exchange(+)">장내매수(+)</TU>
<TU ALIGN="CENTER" VALIGN="MIDDLE" WIDTH="103" HEIGHT="46" AUNIT="MDF_DM" AUNITVALUE="20251104">2025년 11월 04일</TU>
<TU ALIGN="CENTER" VALIGN="MIDDLE" WIDTH="106" HEIGHT="46" AUNIT="STR_KND" AUNITVALUE="1" ENG="Common stock">보통주</TU>
<TE ALIGN="RIGHT" VALIGN="MIDDLE" WIDTH="65" HEIGHT="46" ACODE="BFR_STK_CNT">708,084</TE>
<TE ALIGN="RIGHT" VALIGN="MIDDLE" WIDTH="64" HEIGHT="46" ACODE="MDF_STK_CNT">2,661</TE>
<TE ALIGN="RIGHT" VALIGN="MIDDLE" WIDTH="64" HEIGHT="46" ACODE="AFR_STK_CNT">710,745</TE>
<TE ALIGN="RIGHT" VALIGN="MIDDLE" WIDTH="112" HEIGHT="46" ACODE="ACI_AMT2">108,615</TE>
<TE ALIGN="CENTER" VALIGN="MIDDLE" WIDTH="58" HEIGHT="46" ACODE="RMK">-</TE>
<TU ALIGN="CENTER" VALIGN="MIDDLE" WIDTH="103" HEIGHT="46" AUNIT="TRD_PLN_RD" AUNITVALUE="-">-</TU>
</TR>

<TR ACOPY="Y" ADELETE="Y" HEIGHT="53">
<TU ALIGN="CENTER" VALIGN="MIDDLE" WIDTH="66" HEIGHT="46" AUNIT="RPT_RSN" AUNITVALUE="02" ENG="Disposal in exchange(-)">장내매도(-)</TU>
<TU ALIGN="CENTER" VALIGN="MIDDLE" WIDTH="103" HEIGHT="46" AUNIT="MDF_DM" AUNITVALUE="20251104">2025년 11월 04일</TU>
<TU ALIGN="CENTER" VALIGN="MIDDLE" WIDTH="106" HEIGHT="46" AUNIT="STR_KND" AUNITVALUE="1" ENG="Common stock">보통주</TU>
<TE ALIGN="RIGHT" VALIGN="MIDDLE" WIDTH="65" HEIGHT="46" ACODE="BFR_STK_CNT">710,745</TE>
<TE ALIGN="RIGHT" VALIGN="MIDDLE" WIDTH="64" HEIGHT="46" ACODE="MDF_STK_CNT">-121</TE>
<TE ALIGN="RIGHT" VALIGN="MIDDLE" WIDTH="64" HEIGHT="46" ACODE="AFR_STK_CNT">710,624</TE>
<TE ALIGN="RIGHT" VALIGN="MIDDLE" WIDTH="112" HEIGHT="46" ACODE="ACI_AMT2">108,814</TE>
<TE ALIGN="CENTER" VALIGN="MIDDLE" WIDTH="58" HEIGHT="46" ACODE="RMK">-</TE>
<TU ALIGN="CENTER" VALIGN="MIDDLE" WIDTH="103" HEIGHT="46" AUNIT="TRD_PLN_RD" AUNITVALUE="-">-</TU>
</TR>

<TR ACOPY="Y" ADELETE="Y" HEIGHT="53">
<TU ALIGN="CENTER" VALIGN="MIDDLE" WIDTH="66" HEIGHT="46" AUNIT="RPT_RSN" AUNITVALUE="01" ENG="Acquisition in exchange(+)">장내매수(+)</TU>
<TU ALIGN="CENTER" VALIGN="MIDDLE" WIDTH="103" HEIGHT="46" AUNIT="MDF_DM" AUNITVALUE="20251105">2025년 11월 05일</TU>
<TU ALIGN="CENTER" VALIGN="MIDDLE" WIDTH="106" HEIGHT="46" AUNIT="STR_KND" AUNITVALUE="1" ENG="Common stock">보통주</TU>
<TE ALIGN="RIGHT" VALIGN="MIDDLE" WIDTH="65" HEIGHT="46" ACODE="BFR_STK_CNT">710,624</TE>
<TE ALIGN="RIGHT" VALIGN="MIDDLE" WIDTH="64" HEIGHT="46" ACODE="MDF_STK_CNT">1,318</TE>
<TE ALIGN="RIGHT" VALIGN="MIDDLE" WIDTH="64" HEIGHT="46" ACODE="AFR_STK_CNT">711,942</TE>
<TE ALIGN="RIGHT" VALIGN="MIDDLE" WIDTH="112" HEIGHT="46" ACODE="ACI_AMT2">107,656</TE>
<TE ALIGN="CENTER" VALIGN="MIDDLE" WIDTH="58" HEIGHT="46" ACODE="RMK">-</TE>
<TU ALIGN="CENTER" VALIGN="MIDDLE" WIDTH="103" HEIGHT="46" AUNIT="TRD_PLN_RD" AUNITVALUE="-">-</TU>
</TR>

<TR ACOPY="Y" ADELETE="Y" HEIGHT="53">
<TU ALIGN="CENTER" VALIGN="MIDDLE" WIDTH="66" HEIGHT="46" AUNIT="RPT_RSN" AUNITVALUE="01" ENG="Acquisition in exchange(+)">장내매수(+)</TU>
<TU ALIGN="CENTER" VALIGN="MIDDLE" WIDTH="103" HEIGHT="46" AUNIT="MDF_DM" AUNITVALUE="20251106">2025년 11월 06일</TU>
<TU ALIGN="CENTER" VALIGN="MIDDLE" WIDTH="106" HEIGHT="46" AUNIT="STR_KND" AUNITVALUE="1" ENG="Common stock">보통주</TU>
<TE ALIGN="RIGHT" VALIGN="MIDDLE" WIDTH="65" HEIGHT="46" ACODE="BFR_STK_CNT">711,942</TE>
<TE ALIGN="RIGHT" VALIGN="MIDDLE" WIDTH="64" HEIGHT="46" ACODE="MDF_STK_CNT">1,381</TE>
<TE ALIGN="RIGHT" VALIGN="MIDDLE" WIDTH="64" HEIGHT="46" ACODE="AFR_STK_CNT">713,323</TE>
<TE ALIGN="RIGHT" VALIGN="MIDDLE" WIDTH="112" HEIGHT="46" ACODE="ACI_AMT2">108,719</TE>
<TE ALIGN="CENTER" VALIGN="MIDDLE" WIDTH="58" HEIGHT="46" ACODE="RMK">-</TE>
<TU ALIGN="CENTER" VALIGN="MIDDLE" WIDTH="103" HEIGHT="46" AUNIT="TRD_PLN_RD" AUNITVALUE="-">-</TU>
</TR>

<TR ACOPY="Y" ADELETE="Y" HEIGHT="53">
<TU ALIGN="CENTER" VALIGN="MIDDLE" WIDTH="66" HEIGHT="46" AUNIT="RPT_RSN" AUNITVALUE="01" ENG="Acquisition in exchange(+)">장내매수(+)</TU>
<TU ALIGN="CENTER" VALIGN="MIDDLE" WIDTH="103" HEIGHT="46" AUNIT="MDF_DM" AUNITVALUE="20251107">2025년 11월 07일</TU>
<TU ALIGN="CENTER" VALIGN="MIDDLE" WIDTH="106" HEIGHT="46" AUNIT="STR_KND" AUNITVALUE="1" ENG="Common stock">보통주</TU>
<TE ALIGN="RIGHT" VALIGN="MIDDLE" WIDTH="65" HEIGHT="46" ACODE="BFR_STK_CNT">713,323</TE>
<TE ALIGN="RIGHT" VALIGN="MIDDLE" WIDTH="64" HEIGHT="46" ACODE="MDF_STK_CNT">3,391</TE>
<TE ALIGN="RIGHT" VALIGN="MIDDLE" WIDTH="64" HEIGHT="46" ACODE="AFR_STK_CNT">716,714</TE>
<TE ALIGN="RIGHT" VALIGN="MIDDLE" WIDTH="112" HEIGHT="46" ACODE="ACI_AMT2">107,316</TE>
<TE ALIGN="CENTER" VALIGN="MIDDLE" WIDTH="58" HEIGHT="46" ACODE="RMK">-</TE>
<TU ALIGN="CENTER" VALIGN="MIDDLE" WIDTH="103" HEIGHT="46" AUNIT="TRD_PLN_RD" AUNITVALUE="-">-</TU>
</TR>

<TR ACOPY="Y" ADELETE="Y" HEIGHT="53">
<TU ALIGN="CENTER" VALIGN="MIDDLE" WIDTH="66" HEIGHT="46" AUNIT="RPT_RSN" AUNITVALUE="01" ENG="Acquisition in exchange(+)">장내매수(+)</TU>
<TU ALIGN="CENTER" VALIGN="MIDDLE" WIDTH="103" HEIGHT="46" AUNIT="MDF_DM" AUNITVALUE="20251110">2025년 11월 10일</TU>
<TU ALIGN="CENTER" VALIGN="MIDDLE" WIDTH="106" HEIGHT="46" AUNIT="STR_KND" AUNITVALUE="1" ENG="Common stock">보통주</TU>
<TE ALIGN="RIGHT" VALIGN="MIDDLE" WIDTH="65" HEIGHT="46" ACODE="BFR_STK_CNT">716,714</TE>
<TE ALIGN="RIGHT" VALIGN="MIDDLE" WIDTH="64" HEIGHT="46" ACODE="MDF_STK_CNT">4,343</TE>
<TE ALIGN="RIGHT" VALIGN="MIDDLE" WIDTH="64" HEIGHT="46" ACODE="AFR_STK_CNT">721,057</TE>
<TE ALIGN="RIGHT" VALIGN="MIDDLE" WIDTH="112" HEIGHT="46" ACODE="ACI_AMT2">108,762</TE>
<TE ALIGN="CENTER" VALIGN="MIDDLE" WIDTH="58" HEIGHT="46" ACODE="RMK">-</TE>
<TU ALIGN="CENTER" VALIGN="MIDDLE" WIDTH="103" HEIGHT="46" AUNIT="TRD_PLN_RD" AUNITVALUE="-">-</TU>
</TR>

<TR ACOPY="Y" ADELETE="Y" HEIGHT="53">
<TU ALIGN="CENTER" VALIGN="MIDDLE" WIDTH="66" HEIGHT="46" AUNIT="RPT_RSN" AUNITVALUE="01" ENG="Acquisition in exchange(+)">장내매수(+)</TU>
<TU ALIGN="CENTER" VALIGN="MIDDLE" WIDTH="103" HEIGHT="46" AUNIT="MDF_DM" AUNITVALUE="20251111">2025년 11월 11일</TU>
<TU ALIGN="CENTER" VALIGN="MIDDLE" WIDTH="106" HEIGHT="46" AUNIT="STR_KND" AUNITVALUE="1" ENG="Common stock">보통주</TU>
<TE ALIGN="RIGHT" VALIGN="MIDDLE" WIDTH="65" HEIGHT="46" ACODE="BFR_STK_CNT">721,057</TE>
<TE ALIGN="RIGHT" VALIGN="MIDDLE" WIDTH="64" HEIGHT="46" ACODE="MDF_STK_CNT">1,340</TE>
<TE ALIGN="RIGHT" VALIGN="MIDDLE" WIDTH="64" HEIGHT="46" ACODE="AFR_STK_CNT">722,397</TE>
<TE ALIGN="RIGHT" VALIGN="MIDDLE" WIDTH="112" HEIGHT="46" ACODE="ACI_AMT2">106,334</TE>
<TE ALIGN="CENTER" VALIGN="MIDDLE" WIDTH="58" HEIGHT="46" ACODE="RMK">-</TE>
<TU ALIGN="CENTER" VALIGN="MIDDLE" WIDTH="103" HEIGHT="46" AUNIT="TRD_PLN_RD" AUNITVALUE="-">-</TU>
</TR>

<TR ACOPY="Y" ADELETE="Y" HEIGHT="53">
<TU ALIGN="CENTER" VALIGN="MIDDLE" WIDTH="66" HEIGHT="46" AUNIT="RPT_RSN" AUNITVALUE="01" ENG="Acquisition in exchange(+)">장내매수(+)</TU>
<TU ALIGN="CENTER" VALIGN="MIDDLE" WIDTH="103" HEIGHT="46" AUNIT="MDF_DM" AUNITVALUE="20251112">2025년 11월 12일</TU>
<TU ALIGN="CENTER" VALIGN="MIDDLE" WIDTH="106" HEIGHT="46" AUNIT="STR_KND" AUNITVALUE="1" ENG="Common stock">보통주</TU>
<TE ALIGN="RIGHT" VALIGN="MIDDLE" WIDTH="65" HEIGHT="46" ACODE="BFR_STK_CNT">722,397</TE>
<TE ALIGN="RIGHT" VALIGN="MIDDLE" WIDTH="64" HEIGHT="46" ACODE="MDF_STK_CNT">1,556</TE>
<TE ALIGN="RIGHT" VALIGN="MIDDLE" WIDTH="64" HEIGHT="46" ACODE="AFR_STK_CNT">723,953</TE>
<TE ALIGN="RIGHT" VALIGN="MIDDLE" WIDTH="112" HEIGHT="46" ACODE="ACI_AMT2">104,450</TE>
<TE ALIGN="CENTER" VALIGN="MIDDLE" WIDTH="58" HEIGHT="46" ACODE="RMK">-</TE>
<TU ALIGN="CENTER" VALIGN="MIDDLE" WIDTH="103" HEIGHT="46" AUNIT="TRD_PLN_RD" AUNITVALUE="-">-</TU>
</TR>

<TR ACOPY="Y" ADELETE="Y" HEIGHT="53">
<TU ALIGN="CENTER" VALIGN="MIDDLE" WIDTH="66" HEIGHT="46" AUNIT="RPT_RSN" AUNITVALUE="01" ENG="Acquisition in exchange(+)">장내매수(+)</TU>
<TU ALIGN="CENTER" VALIGN="MIDDLE" WIDTH="103" HEIGHT="46" AUNIT="MDF_DM" AUNITVALUE="20251113">2025년 11월 13일</TU>
<TU ALIGN="CENTER" VALIGN="MIDDLE" WIDTH="106" HEIGHT="46" AUNIT="STR_KND" AUNITVALUE="1" ENG="Common stock">보통주</TU>
<TE ALIGN="RIGHT" VALIGN="MIDDLE" WIDTH="65" HEIGHT="46" ACODE="BFR_STK_CNT">723,953</TE>
<TE ALIGN="RIGHT" VALIGN="MIDDLE" WIDTH="64" HEIGHT="46" ACODE="MDF_STK_CNT">1,465</TE>
<TE ALIGN="RIGHT" VALIGN="MIDDLE" WIDTH="64" HEIGHT="46" ACODE="AFR_STK_CNT">725,418</TE>
<TE ALIGN="RIGHT" VALIGN="MIDDLE" WIDTH="112" HEIGHT="46" ACODE="ACI_AMT2">104,838</TE>
<TE ALIGN="CENTER" VALIGN="MIDDLE" WIDTH="58" HEIGHT="46" ACODE="RMK">-</TE>
<TU ALIGN="CENTER" VALIGN="MIDDLE" WIDTH="103" HEIGHT="46" AUNIT="TRD_PLN_RD" AUNITVALUE="-">-</TU>
</TR>

<TR ACOPY="Y" ADELETE="Y" HEIGHT="53">
<TU ALIGN="CENTER" VALIGN="MIDDLE" WIDTH="66" HEIGHT="46" AUNIT="RPT_RSN" AUNITVALUE="01" ENG="Acquisition in exchange(+)">장내매수(+)</TU>
<TU ALIGN="CENTER" VALIGN="MIDDLE" WIDTH="103" HEIGHT="46" AUNIT="MDF_DM" AUNITVALUE="20251114">2025년 11월 14일</TU>
<TU ALIGN="CENTER" VALIGN="MIDDLE" WIDTH="106" HEIGHT="46" AUNIT="STR_KND" AUNITVALUE="1" ENG="Common stock">보통주</TU>
<TE ALIGN="RIGHT" VALIGN="MIDDLE" WIDTH="65" HEIGHT="46" ACODE="BFR_STK_CNT">725,418</TE>
<TE ALIGN="RIGHT" VALIGN="MIDDLE" WIDTH="64" HEIGHT="46" ACODE="MDF_STK_CNT">1,508</TE>
<TE ALIGN="RIGHT" VALIGN="MIDDLE" WIDTH="64" HEIGHT="46" ACODE="AFR_STK_CNT">726,926</TE>
<TE ALIGN="RIGHT" VALIGN="MIDDLE" WIDTH="112" HEIGHT="46" ACODE="ACI_AMT2">107,154</TE>
<TE ALIGN="CENTER" VALIGN="MIDDLE" WIDTH="58" HEIGHT="46" ACODE="RMK">-</TE>
<TU ALIGN="CENTER" VALIGN="MIDDLE" WIDTH="103" HEIGHT="46" AUNIT="TRD_PLN_RD" AUNITVALUE="-">-</TU>
</TR>

<TR ACOPY="Y" ADELETE="Y" HEIGHT="53">
<TU ALIGN="CENTER" VALIGN="MIDDLE" WIDTH="66" HEIGHT="46" AUNIT="RPT_RSN" AUNITVALUE="01" ENG="Acquisition in exchange(+)">장내매수(+)</TU>
<TU ALIGN="CENTER" VALIGN="MIDDLE" WIDTH="103" HEIGHT="46" AUNIT="MDF_DM" AUNITVALUE="20251117">2025년 11월 17일</TU>
<TU ALIGN="CENTER" VALIGN="MIDDLE" WIDTH="106" HEIGHT="46" AUNIT="STR_KND" AUNITVALUE="1" ENG="Common stock">보통주</TU>
<TE ALIGN="RIGHT" VALIGN="MIDDLE" WIDTH="65" HEIGHT="46" ACODE="BFR_STK_CNT">726,926</TE>
<TE ALIGN="RIGHT" VALIGN="MIDDLE" WIDTH="64" HEIGHT="46" ACODE="MDF_STK_CNT">2,882</TE>
<TE ALIGN="RIGHT" VALIGN="MIDDLE" WIDTH="64" HEIGHT="46" ACODE="AFR_STK_CNT">729,808</TE>
<TE ALIGN="RIGHT" VALIGN="MIDDLE" WIDTH="112" HEIGHT="46" ACODE="ACI_AMT2">108,044</TE>
<TE ALIGN="CENTER" VALIGN="MIDDLE" WIDTH="58" HEIGHT="46" ACODE="RMK">-</TE>
<TU ALIGN="CENTER" VALIGN="MIDDLE" WIDTH="103" HEIGHT="46" AUNIT="TRD_PLN_RD" AUNITVALUE="-">-</TU>
</TR>

<TR ACOPY="Y" ADELETE="Y" HEIGHT="53">
<TU ALIGN="CENTER" VALIGN="MIDDLE" WIDTH="66" HEIGHT="46" AUNIT="RPT_RSN" AUNITVALUE="01" ENG="Acquisition in exchange(+)">장내매수(+)</TU>
<TU ALIGN="CENTER" VALIGN="MIDDLE" WIDTH="103" HEIGHT="46" AUNIT="MDF_DM" AUNITVALUE="20251118">2025년 11월 18일</TU>
<TU ALIGN="CENTER" VALIGN="MIDDLE" WIDTH="106" HEIGHT="46" AUNIT="STR_KND" AUNITVALUE="1" ENG="Common stock">보통주</TU>
<TE ALIGN="RIGHT" VALIGN="MIDDLE" WIDTH="65" HEIGHT="46" ACODE="BFR_STK_CNT">729,808</TE>
<TE ALIGN="RIGHT" VALIGN="MIDDLE" WIDTH="64" HEIGHT="46" ACODE="MDF_STK_CNT">1,669</TE>
<TE ALIGN="RIGHT" VALIGN="MIDDLE" WIDTH="64" HEIGHT="46" ACODE="AFR_STK_CNT">731,477</TE>
<TE ALIGN="RIGHT" VALIGN="MIDDLE" WIDTH="112" HEIGHT="46" ACODE="ACI_AMT2">108,042</TE>
<TE ALIGN="CENTER" VALIGN="MIDDLE" WIDTH="58" HEIGHT="46" ACODE="RMK">-</TE>
<TU ALIGN="CENTER" VALIGN="MIDDLE" WIDTH="103" HEIGHT="46" AUNIT="TRD_PLN_RD" AUNITVALUE="-">-</TU>
</TR>

<TR ACOPY="Y" ADELETE="Y" HEIGHT="53">
<TU ALIGN="CENTER" VALIGN="MIDDLE" WIDTH="66" HEIGHT="46" AUNIT="RPT_RSN" AUNITVALUE="01" ENG="Acquisition in exchange(+)">장내매수(+)</TU>
<TU ALIGN="CENTER" VALIGN="MIDDLE" WIDTH="103" HEIGHT="46" AUNIT="MDF_DM" AUNITVALUE="20251119">2025년 11월 19일</TU>
<TU ALIGN="CENTER" VALIGN="MIDDLE" WIDTH="106" HEIGHT="46" AUNIT="STR_KND" AUNITVALUE="1" ENG="Common stock">보통주</TU>
<TE ALIGN="RIGHT" VALIGN="MIDDLE" WIDTH="65" HEIGHT="46" ACODE="BFR_STK_CNT">731,477</TE>
<TE ALIGN="RIGHT" VALIGN="MIDDLE" WIDTH="64" HEIGHT="46" ACODE="MDF_STK_CNT">1,396</TE>
<TE ALIGN="RIGHT" VALIGN="MIDDLE" WIDTH="64" HEIGHT="46" ACODE="AFR_STK_CNT">732,873</TE>
<TE ALIGN="RIGHT" VALIGN="MIDDLE" WIDTH="112" HEIGHT="46" ACODE="ACI_AMT2">107,293</TE>
<TE ALIGN="CENTER" VALIGN="MIDDLE" WIDTH="58" HEIGHT="46" ACODE="RMK">-</TE>
<TU ALIGN="CENTER" VALIGN="MIDDLE" WIDTH="103" HEIGHT="46" AUNIT="TRD_PLN_RD" AUNITVALUE="-">-</TU>
</TR>

<TR ACOPY="Y" ADELETE="Y" HEIGHT="53">
<TU ALIGN="CENTER" VALIGN="MIDDLE" WIDTH="66" HEIGHT="46" AUNIT="RPT_RSN" AUNITVALUE="01" ENG="Acquisition in exchange(+)">장내매수(+)</TU>
<TU ALIGN="CENTER" VALIGN="MIDDLE" WIDTH="103" HEIGHT="46" AUNIT="MDF_DM" AUNITVALUE="20251120">2025년 11월 20일</TU>
<TU ALIGN="CENTER" VALIGN="MIDDLE" WIDTH="106" HEIGHT="46" AUNIT="STR_KND" AUNITVALUE="1" ENG="Common stock">보통주</TU>
<TE ALIGN="RIGHT" VALIGN="MIDDLE" WIDTH="65" HEIGHT="46" ACODE="BFR_STK_CNT">732,873</TE>
<TE ALIGN="RIGHT" VALIGN="MIDDLE" WIDTH="64" HEIGHT="46" ACODE="MDF_STK_CNT">1,381</TE>
<TE ALIGN="RIGHT" VALIGN="MIDDLE" WIDTH="64" HEIGHT="46" ACODE="AFR_STK_CNT">734,254</TE>
<TE ALIGN="RIGHT" VALIGN="MIDDLE" WIDTH="112" HEIGHT="46" ACODE="ACI_AMT2">106,971</TE>
<TE ALIGN="CENTER" VALIGN="MIDDLE" WIDTH="58" HEIGHT="46" ACODE="RMK">-</TE>
<TU ALIGN="CENTER" VALIGN="MIDDLE" WIDTH="103" HEIGHT="46" AUNIT="TRD_PLN_RD" AUNITVALUE="-">-</TU>
</TR>

<TR ACOPY="Y" ADELETE="Y" HEIGHT="53">
<TU ALIGN="CENTER" VALIGN="MIDDLE" WIDTH="66" HEIGHT="46" AUNIT="RPT_RSN" AUNITVALUE="02" ENG="Disposal in exchange(-)">장내매도(-)</TU>
<TU ALIGN="CENTER" VALIGN="MIDDLE" WIDTH="103" HEIGHT="46" AUNIT="MDF_DM" AUNITVALUE="20251120">2025년 11월 20일</TU>
<TU ALIGN="CENTER" VALIGN="MIDDLE" WIDTH="106" HEIGHT="46" AUNIT="STR_KND" AUNITVALUE="1" ENG="Common stock">보통주</TU>
<TE ALIGN="RIGHT" VALIGN="MIDDLE" WIDTH="65" HEIGHT="46" ACODE="BFR_STK_CNT">734,254</TE>
<TE ALIGN="RIGHT" VALIGN="MIDDLE" WIDTH="64" HEIGHT="46" ACODE="MDF_STK_CNT">-368</TE>
<TE ALIGN="RIGHT" VALIGN="MIDDLE" WIDTH="64" HEIGHT="46" ACODE="AFR_STK_CNT">733,886</TE>
<TE ALIGN="RIGHT" VALIGN="MIDDLE" WIDTH="112" HEIGHT="46" ACODE="ACI_AMT2">106,952</TE>
<TE ALIGN="CENTER" VALIGN="MIDDLE" WIDTH="58" HEIGHT="46" ACODE="RMK">-</TE>
<TU ALIGN="CENTER" VALIGN="MIDDLE" WIDTH="103" HEIGHT="46" AUNIT="TRD_PLN_RD" AUNITVALUE="-">-</TU>
</TR>

<TR ACOPY="Y" ADELETE="Y" HEIGHT="53">
<TU ALIGN="CENTER" VALIGN="MIDDLE" WIDTH="66" HEIGHT="46" AUNIT="RPT_RSN" AUNITVALUE="02" ENG="Disposal in exchange(-)">장내매도(-)</TU>
<TU ALIGN="CENTER" VALIGN="MIDDLE" WIDTH="103" HEIGHT="46" AUNIT="MDF_DM" AUNITVALUE="20251121">2025년 11월 21일</TU>
<TU ALIGN="CENTER" VALIGN="MIDDLE" WIDTH="106" HEIGHT="46" AUNIT="STR_KND" AUNITVALUE="1" ENG="Common stock">보통주</TU>
<TE ALIGN="RIGHT" VALIGN="MIDDLE" WIDTH="65" HEIGHT="46" ACODE="BFR_STK_CNT">733,886</TE>
<TE ALIGN="RIGHT" VALIGN="MIDDLE" WIDTH="64" HEIGHT="46" ACODE="MDF_STK_CNT">-59</TE>
<TE ALIGN="RIGHT" VALIGN="MIDDLE" WIDTH="64" HEIGHT="46" ACODE="AFR_STK_CNT">733,827</TE>
<TE ALIGN="RIGHT" VALIGN="MIDDLE" WIDTH="112" HEIGHT="46" ACODE="ACI_AMT2">108,367</TE>
<TE ALIGN="CENTER" VALIGN="MIDDLE" WIDTH="58" HEIGHT="46" ACODE="RMK">-</TE>
<TU ALIGN="CENTER" VALIGN="MIDDLE" WIDTH="103" HEIGHT="46" AUNIT="TRD_PLN_RD" AUNITVALUE="-">-</TU>
</TR>

<TR ACOPY="Y" ADELETE="Y" HEIGHT="53">
<TU ALIGN="CENTER" VALIGN="MIDDLE" WIDTH="66" HEIGHT="46" AUNIT="RPT_RSN" AUNITVALUE="01" ENG="Acquisition in exchange(+)">장내매수(+)</TU>
<TU ALIGN="CENTER" VALIGN="MIDDLE" WIDTH="103" HEIGHT="46" AUNIT="MDF_DM" AUNITVALUE="20251125">2025년 11월 25일</TU>
<TU ALIGN="CENTER" VALIGN="MIDDLE" WIDTH="106" HEIGHT="46" AUNIT="STR_KND" AUNITVALUE="1" ENG="Common stock">보통주</TU>
<TE ALIGN="RIGHT" VALIGN="MIDDLE" WIDTH="65" HEIGHT="46" ACODE="BFR_STK_CNT">733,827</TE>
<TE ALIGN="RIGHT" VALIGN="MIDDLE" WIDTH="64" HEIGHT="46" ACODE="MDF_STK_CNT">645</TE>
<TE ALIGN="RIGHT" VALIGN="MIDDLE" WIDTH="64" HEIGHT="46" ACODE="AFR_STK_CNT">734,472</TE>
<TE ALIGN="RIGHT" VALIGN="MIDDLE" WIDTH="112" HEIGHT="46" ACODE="ACI_AMT2">105,701</TE>
<TE ALIGN="CENTER" VALIGN="MIDDLE" WIDTH="58" HEIGHT="46" ACODE="RMK">-</TE>
<TU ALIGN="CENTER" VALIGN="MIDDLE" WIDTH="103" HEIGHT="46" AUNIT="TRD_PLN_RD" AUNITVALUE="-">-</TU>
</TR>

<TR ACOPY="Y" ADELETE="Y" HEIGHT="53">
<TU ALIGN="CENTER" VALIGN="MIDDLE" WIDTH="66" HEIGHT="46" AUNIT="RPT_RSN" AUNITVALUE="01" ENG="Acquisition in exchange(+)">장내매수(+)</TU>
<TU ALIGN="CENTER" VALIGN="MIDDLE" WIDTH="103" HEIGHT="46" AUNIT="MDF_DM" AUNITVALUE="20251126">2025년 11월 26일</TU>
<TU ALIGN="CENTER" VALIGN="MIDDLE" WIDTH="106" HEIGHT="46" AUNIT="STR_KND" AUNITVALUE="1" ENG="Common stock">보통주</TU>
<TE ALIGN="RIGHT" VALIGN="MIDDLE" WIDTH="65" HEIGHT="46" ACODE="BFR_STK_CNT">734,472</TE>
<TE ALIGN="RIGHT" VALIGN="MIDDLE" WIDTH="64" HEIGHT="46" ACODE="MDF_STK_CNT">125</TE>
<TE ALIGN="RIGHT" VALIGN="MIDDLE" WIDTH="64" HEIGHT="46" ACODE="AFR_STK_CNT">734,597</TE>
<TE ALIGN="RIGHT" VALIGN="MIDDLE" WIDTH="112" HEIGHT="46" ACODE="ACI_AMT2">110,147</TE>
<TE ALIGN="CENTER" VALIGN="MIDDLE" WIDTH="58" HEIGHT="46" ACODE="RMK">-</TE>
<TU ALIGN="CENTER" VALIGN="MIDDLE" WIDTH="103" HEIGHT="46" AUNIT="TRD_PLN_RD" AUNITVALUE="-">-</TU>
</TR>

<TR ACOPY="Y" ADELETE="Y" HEIGHT="53">
<TU ALIGN="CENTER" VALIGN="MIDDLE" WIDTH="66" HEIGHT="46" AUNIT="RPT_RSN" AUNITVALUE="02" ENG="Disposal in exchange(-)">장내매도(-)</TU>
<TU ALIGN="CENTER" VALIGN="MIDDLE" WIDTH="103" HEIGHT="46" AUNIT="MDF_DM" AUNITVALUE="20251126">2025년 11월 26일</TU>
<TU ALIGN="CENTER" VALIGN="MIDDLE" WIDTH="106" HEIGHT="46" AUNIT="STR_KND" AUNITVALUE="1" ENG="Common stock">보통주</TU>
<TE ALIGN="RIGHT" VALIGN="MIDDLE" WIDTH="65" HEIGHT="46" ACODE="BFR_STK_CNT">734,597</TE>
<TE ALIGN="RIGHT" VALIGN="MIDDLE" WIDTH="64" HEIGHT="46" ACODE="MDF_STK_CNT">-3,608</TE>
<TE ALIGN="RIGHT" VALIGN="MIDDLE" WIDTH="64" HEIGHT="46" ACODE="AFR_STK_CNT">730,989</TE>
<TE ALIGN="RIGHT" VALIGN="MIDDLE" WIDTH="112" HEIGHT="46" ACODE="ACI_AMT2">109,555</TE>
<TE ALIGN="CENTER" VALIGN="MIDDLE" WIDTH="58" HEIGHT="46" ACODE="RMK">-</TE>
<TU ALIGN="CENTER" VALIGN="MIDDLE" WIDTH="103" HEIGHT="46" AUNIT="TRD_PLN_RD" AUNITVALUE="-">-</TU>
</TR>

<TR ACOPY="Y" ADELETE="Y" HEIGHT="53">
<TU ALIGN="CENTER" VALIGN="MIDDLE" WIDTH="66" HEIGHT="46" AUNIT="RPT_RSN" AUNITVALUE="01" ENG="Acquisition in exchange(+)">장내매수(+)</TU>
<TU ALIGN="CENTER" VALIGN="MIDDLE" WIDTH="103" HEIGHT="46" AUNIT="MDF_DM" AUNITVALUE="20251127">2025년 11월 27일</TU>
<TU ALIGN="CENTER" VALIGN="MIDDLE" WIDTH="106" HEIGHT="46" AUNIT="STR_KND" AUNITVALUE="1" ENG="Common stock">보통주</TU>
<TE ALIGN="RIGHT" VALIGN="MIDDLE" WIDTH="65" HEIGHT="46" ACODE="BFR_STK_CNT">730,989</TE>
<TE ALIGN="RIGHT" VALIGN="MIDDLE" WIDTH="64" HEIGHT="46" ACODE="MDF_STK_CNT">3,631</TE>
<TE ALIGN="RIGHT" VALIGN="MIDDLE" WIDTH="64" HEIGHT="46" ACODE="AFR_STK_CNT">734,620</TE>
<TE ALIGN="RIGHT" VALIGN="MIDDLE" WIDTH="112" HEIGHT="46" ACODE="ACI_AMT2">109,931</TE>
<TE ALIGN="CENTER" VALIGN="MIDDLE" WIDTH="58" HEIGHT="46" ACODE="RMK">-</TE>
<TU ALIGN="CENTER" VALIGN="MIDDLE" WIDTH="103" HEIGHT="46" AUNIT="TRD_PLN_RD" AUNITVALUE="-">-</TU>
</TR>

<TR ACOPY="Y" ADELETE="Y" HEIGHT="53">
<TU ALIGN="CENTER" VALIGN="MIDDLE" WIDTH="66" HEIGHT="46" AUNIT="RPT_RSN" AUNITVALUE="01" ENG="Acquisition in exchange(+)">장내매수(+)</TU>
<TU ALIGN="CENTER" VALIGN="MIDDLE" WIDTH="103" HEIGHT="46" AUNIT="MDF_DM" AUNITVALUE="20251128">2025년 11월 28일</TU>
<TU ALIGN="CENTER" VALIGN="MIDDLE" WIDTH="106" HEIGHT="46" AUNIT="STR_KND" AUNITVALUE="1" ENG="Common stock">보통주</TU>
<TE ALIGN="RIGHT" VALIGN="MIDDLE" WIDTH="65" HEIGHT="46" ACODE="BFR_STK_CNT">734,620</TE>
<TE ALIGN="RIGHT" VALIGN="MIDDLE" WIDTH="64" HEIGHT="46" ACODE="MDF_STK_CNT">9</TE>
<TE ALIGN="RIGHT" VALIGN="MIDDLE" WIDTH="64" HEIGHT="46" ACODE="AFR_STK_CNT">734,629</TE>
<TE ALIGN="RIGHT" VALIGN="MIDDLE" WIDTH="112" HEIGHT="46" ACODE="ACI_AMT2">112,188</TE>
<TE ALIGN="CENTER" VALIGN="MIDDLE" WIDTH="58" HEIGHT="46" ACODE="RMK">-</TE>
<TU ALIGN="CENTER" VALIGN="MIDDLE" WIDTH="103" HEIGHT="46" AUNIT="TRD_PLN_RD" AUNITVALUE="-">-</TU>
</TR>

<TR ACOPY="Y" ADELETE="Y" HEIGHT="53">
<TU ALIGN="CENTER" VALIGN="MIDDLE" WIDTH="66" HEIGHT="46" AUNIT="RPT_RSN" AUNITVALUE="02" ENG="Disposal in exchange(-)">장내매도(-)</TU>
<TU ALIGN="CENTER" VALIGN="MIDDLE" WIDTH="103" HEIGHT="46" AUNIT="MDF_DM" AUNITVALUE="20251128">2025년 11월 28일</TU>
<TU ALIGN="CENTER" VALIGN="MIDDLE" WIDTH="106" HEIGHT="46" AUNIT="STR_KND" AUNITVALUE="1" ENG="Common stock">보통주</TU>
<TE ALIGN="RIGHT" VALIGN="MIDDLE" WIDTH="65" HEIGHT="46" ACODE="BFR_STK_CNT">734,629</TE>
<TE ALIGN="RIGHT" VALIGN="MIDDLE" WIDTH="64" HEIGHT="46" ACODE="MDF_STK_CNT">-2,820</TE>
<TE ALIGN="RIGHT" VALIGN="MIDDLE" WIDTH="64" HEIGHT="46" ACODE="AFR_STK_CNT">731,809</TE>
<TE ALIGN="RIGHT" VALIGN="MIDDLE" WIDTH="112" HEIGHT="46" ACODE="ACI_AMT2">112,462</TE>
<TE ALIGN="CENTER" VALIGN="MIDDLE" WIDTH="58" HEIGHT="46" ACODE="RMK">-</TE>
<TU ALIGN="CENTER" VALIGN="MIDDLE" WIDTH="103" HEIGHT="46" AUNIT="TRD_PLN_RD" AUNITVALUE="-">-</TU>
</TR>

<TR ACOPY="Y" ADELETE="Y" HEIGHT="53">
<TU ALIGN="CENTER" VALIGN="MIDDLE" WIDTH="66" HEIGHT="46" AUNIT="RPT_RSN" AUNITVALUE="01" ENG="Acquisition in exchange(+)">장내매수(+)</TU>
<TU ALIGN="CENTER" VALIGN="MIDDLE" WIDTH="103" HEIGHT="46" AUNIT="MDF_DM" AUNITVALUE="20251201">2025년 12월 01일</TU>
<TU ALIGN="CENTER" VALIGN="MIDDLE" WIDTH="106" HEIGHT="46" AUNIT="STR_KND" AUNITVALUE="1" ENG="Common stock">보통주</TU>
<TE ALIGN="RIGHT" VALIGN="MIDDLE" WIDTH="65" HEIGHT="46" ACODE="BFR_STK_CNT">731,809</TE>
<TE ALIGN="RIGHT" VALIGN="MIDDLE" WIDTH="64" HEIGHT="46" ACODE="MDF_STK_CNT">178</TE>
<TE ALIGN="RIGHT" VALIGN="MIDDLE" WIDTH="64" HEIGHT="46" ACODE="AFR_STK_CNT">731,987</TE>
<TE ALIGN="RIGHT" VALIGN="MIDDLE" WIDTH="112" HEIGHT="46" ACODE="ACI_AMT2">113,205</TE>
<TE ALIGN="CENTER" VALIGN="MIDDLE" WIDTH="58" HEIGHT="46" ACODE="RMK">-</TE>
<TU ALIGN="CENTER" VALIGN="MIDDLE" WIDTH="103" HEIGHT="46" AUNIT="TRD_PLN_RD" AUNITVALUE="-">-</TU>
</TR>

<TR ACOPY="Y" ADELETE="Y" HEIGHT="53">
<TU ALIGN="CENTER" VALIGN="MIDDLE" WIDTH="66" HEIGHT="46" AUNIT="RPT_RSN" AUNITVALUE="02" ENG="Disposal in exchange(-)">장내매도(-)</TU>
<TU ALIGN="CENTER" VALIGN="MIDDLE" WIDTH="103" HEIGHT="46" AUNIT="MDF_DM" AUNITVALUE="20251201">2025년 12월 01일</TU>
<TU ALIGN="CENTER" VALIGN="MIDDLE" WIDTH="106" HEIGHT="46" AUNIT="STR_KND" AUNITVALUE="1" ENG="Common stock">보통주</TU>
<TE ALIGN="RIGHT" VALIGN="MIDDLE" WIDTH="65" HEIGHT="46" ACODE="BFR_STK_CNT">731,987</TE>
<TE ALIGN="RIGHT" VALIGN="MIDDLE" WIDTH="64" HEIGHT="46" ACODE="MDF_STK_CNT">-3,271</TE>
<TE ALIGN="RIGHT" VALIGN="MIDDLE" WIDTH="64" HEIGHT="46" ACODE="AFR_STK_CNT">728,716</TE>
<TE ALIGN="RIGHT" VALIGN="MIDDLE" WIDTH="112" HEIGHT="46" ACODE="ACI_AMT2">113,139</TE>
<TE ALIGN="CENTER" VALIGN="MIDDLE" WIDTH="58" HEIGHT="46" ACODE="RMK">-</TE>
<TU ALIGN="CENTER" VALIGN="MIDDLE" WIDTH="103" HEIGHT="46" AUNIT="TRD_PLN_RD" AUNITVALUE="-">-</TU>
</TR>

<TR ACOPY="Y" ADELETE="Y" HEIGHT="53">
<TU ALIGN="CENTER" VALIGN="MIDDLE" WIDTH="66" HEIGHT="46" AUNIT="RPT_RSN" AUNITVALUE="01" ENG="Acquisition in exchange(+)">장내매수(+)</TU>
<TU ALIGN="CENTER" VALIGN="MIDDLE" WIDTH="103" HEIGHT="46" AUNIT="MDF_DM" AUNITVALUE="20251202">2025년 12월 02일</TU>
<TU ALIGN="CENTER" VALIGN="MIDDLE" WIDTH="106" HEIGHT="46" AUNIT="STR_KND" AUNITVALUE="1" ENG="Common stock">보통주</TU>
<TE ALIGN="RIGHT" VALIGN="MIDDLE" WIDTH="65" HEIGHT="46" ACODE="BFR_STK_CNT">728,716</TE>
<TE ALIGN="RIGHT" VALIGN="MIDDLE" WIDTH="64" HEIGHT="46" ACODE="MDF_STK_CNT">1,192</TE>
<TE ALIGN="RIGHT" VALIGN="MIDDLE" WIDTH="64" HEIGHT="46" ACODE="AFR_STK_CNT">729,908</TE>
<TE ALIGN="RIGHT" VALIGN="MIDDLE" WIDTH="112" HEIGHT="46" ACODE="ACI_AMT2">114,246</TE>
<TE ALIGN="CENTER" VALIGN="MIDDLE" WIDTH="58" HEIGHT="46" ACODE="RMK">-</TE>
<TU ALIGN="CENTER" VALIGN="MIDDLE" WIDTH="103" HEIGHT="46" AUNIT="TRD_PLN_RD" AUNITVALUE="-">-</TU>
</TR>

<TR ACOPY="Y" ADELETE="Y" HEIGHT="53">
<TU ALIGN="CENTER" VALIGN="MIDDLE" WIDTH="66" HEIGHT="46" AUNIT="RPT_RSN" AUNITVALUE="02" ENG="Disposal in exchange(-)">장내매도(-)</TU>
<TU ALIGN="CENTER" VALIGN="MIDDLE" WIDTH="103" HEIGHT="46" AUNIT="MDF_DM" AUNITVALUE="20251202">2025년 12월 02일</TU>
<TU ALIGN="CENTER" VALIGN="MIDDLE" WIDTH="106" HEIGHT="46" AUNIT="STR_KND" AUNITVALUE="1" ENG="Common stock">보통주</TU>
<TE ALIGN="RIGHT" VALIGN="MIDDLE" WIDTH="65" HEIGHT="46" ACODE="BFR_STK_CNT">729,908</TE>
<TE ALIGN="RIGHT" VALIGN="MIDDLE" WIDTH="64" HEIGHT="46" ACODE="MDF_STK_CNT">-120</TE>
<TE ALIGN="RIGHT" VALIGN="MIDDLE" WIDTH="64" HEIGHT="46" ACODE="AFR_STK_CNT">729,788</TE>
<TE ALIGN="RIGHT" VALIGN="MIDDLE" WIDTH="112" HEIGHT="46" ACODE="ACI_AMT2">113,680</TE>
<TE ALIGN="CENTER" VALIGN="MIDDLE" WIDTH="58" HEIGHT="46" ACODE="RMK">-</TE>
<TU ALIGN="CENTER" VALIGN="MIDDLE" WIDTH="103" HEIGHT="46" AUNIT="TRD_PLN_RD" AUNITVALUE="-">-</TU>
</TR>

<TR ACOPY="Y" ADELETE="Y" HEIGHT="53">
<TU ALIGN="CENTER" VALIGN="MIDDLE" WIDTH="66" HEIGHT="46" AUNIT="RPT_RSN" AUNITVALUE="01" ENG="Acquisition in exchange(+)">장내매수(+)</TU>
<TU ALIGN="CENTER" VALIGN="MIDDLE" WIDTH="103" HEIGHT="46" AUNIT="MDF_DM" AUNITVALUE="20251203">2025년 12월 03일</TU>
<TU ALIGN="CENTER" VALIGN="MIDDLE" WIDTH="106" HEIGHT="46" AUNIT="STR_KND" AUNITVALUE="1" ENG="Common stock">보통주</TU>
<TE ALIGN="RIGHT" VALIGN="MIDDLE" WIDTH="65" HEIGHT="46" ACODE="BFR_STK_CNT">729,788</TE>
<TE ALIGN="RIGHT" VALIGN="MIDDLE" WIDTH="64" HEIGHT="46" ACODE="MDF_STK_CNT">111</TE>
<TE ALIGN="RIGHT" VALIGN="MIDDLE" WIDTH="64" HEIGHT="46" ACODE="AFR_STK_CNT">729,899</TE>
<TE ALIGN="RIGHT" VALIGN="MIDDLE" WIDTH="112" HEIGHT="46" ACODE="ACI_AMT2">114,912</TE>
<TE ALIGN="CENTER" VALIGN="MIDDLE" WIDTH="58" HEIGHT="46" ACODE="RMK">-</TE>
<TU ALIGN="CENTER" VALIGN="MIDDLE" WIDTH="103" HEIGHT="46" AUNIT="TRD_PLN_RD" AUNITVALUE="-">-</TU>
</TR>

<TR ACOPY="Y" ADELETE="Y" HEIGHT="53">
<TU ALIGN="CENTER" VALIGN="MIDDLE" WIDTH="66" HEIGHT="46" AUNIT="RPT_RSN" AUNITVALUE="02" ENG="Disposal in exchange(-)">장내매도(-)</TU>
<TU ALIGN="CENTER" VALIGN="MIDDLE" WIDTH="103" HEIGHT="46" AUNIT="MDF_DM" AUNITVALUE="20251203">2025년 12월 03일</TU>
<TU ALIGN="CENTER" VALIGN="MIDDLE" WIDTH="106" HEIGHT="46" AUNIT="STR_KND" AUNITVALUE="1" ENG="Common stock">보통주</TU>
<TE ALIGN="RIGHT" VALIGN="MIDDLE" WIDTH="65" HEIGHT="46" ACODE="BFR_STK_CNT">729,899</TE>
<TE ALIGN="RIGHT" VALIGN="MIDDLE" WIDTH="64" HEIGHT="46" ACODE="MDF_STK_CNT">-2,299</TE>
<TE ALIGN="RIGHT" VALIGN="MIDDLE" WIDTH="64" HEIGHT="46" ACODE="AFR_STK_CNT">727,600</TE>
<TE ALIGN="RIGHT" VALIGN="MIDDLE" WIDTH="112" HEIGHT="46" ACODE="ACI_AMT2">114,745</TE>
<TE ALIGN="CENTER" VALIGN="MIDDLE" WIDTH="58" HEIGHT="46" ACODE="RMK">-</TE>
<TU ALIGN="CENTER" VALIGN="MIDDLE" WIDTH="103" HEIGHT="46" AUNIT="TRD_PLN_RD" AUNITVALUE="-">-</TU>
</TR>

<TR ACOPY="Y" ADELETE="Y" HEIGHT="53">
<TU ALIGN="CENTER" VALIGN="MIDDLE" WIDTH="66" HEIGHT="46" AUNIT="RPT_RSN" AUNITVALUE="01" ENG="Acquisition in exchange(+)">장내매수(+)</TU>
<TU ALIGN="CENTER" VALIGN="MIDDLE" WIDTH="103" HEIGHT="46" AUNIT="MDF_DM" AUNITVALUE="20251204">2025년 12월 04일</TU>
<TU ALIGN="CENTER" VALIGN="MIDDLE" WIDTH="106" HEIGHT="46" AUNIT="STR_KND" AUNITVALUE="1" ENG="Common stock">보통주</TU>
<TE ALIGN="RIGHT" VALIGN="MIDDLE" WIDTH="65" HEIGHT="46" ACODE="BFR_STK_CNT">727,600</TE>
<TE ALIGN="RIGHT" VALIGN="MIDDLE" WIDTH="64" HEIGHT="46" ACODE="MDF_STK_CNT">5,728</TE>
<TE ALIGN="RIGHT" VALIGN="MIDDLE" WIDTH="64" HEIGHT="46" ACODE="AFR_STK_CNT">733,328</TE>
<TE ALIGN="RIGHT" VALIGN="MIDDLE" WIDTH="112" HEIGHT="46" ACODE="ACI_AMT2">119,477</TE>
<TE ALIGN="CENTER" VALIGN="MIDDLE" WIDTH="58" HEIGHT="46" ACODE="RMK">-</TE>
<TU ALIGN="CENTER" VALIGN="MIDDLE" WIDTH="103" HEIGHT="46" AUNIT="TRD_PLN_RD" AUNITVALUE="-">-</TU>
</TR>

<TR ACOPY="Y" ADELETE="Y" HEIGHT="53">
<TU ALIGN="CENTER" VALIGN="MIDDLE" WIDTH="66" HEIGHT="46" AUNIT="RPT_RSN" AUNITVALUE="01" ENG="Acquisition in exchange(+)">장내매수(+)</TU>
<TU ALIGN="CENTER" VALIGN="MIDDLE" WIDTH="103" HEIGHT="46" AUNIT="MDF_DM" AUNITVALUE="20251205">2025년 12월 05일</TU>
<TU ALIGN="CENTER" VALIGN="MIDDLE" WIDTH="106" HEIGHT="46" AUNIT="STR_KND" AUNITVALUE="1" ENG="Common stock">보통주</TU>
<TE ALIGN="RIGHT" VALIGN="MIDDLE" WIDTH="65" HEIGHT="46" ACODE="BFR_STK_CNT">733,328</TE>
<TE ALIGN="RIGHT" VALIGN="MIDDLE" WIDTH="64" HEIGHT="46" ACODE="MDF_STK_CNT">108</TE>
<TE ALIGN="RIGHT" VALIGN="MIDDLE" WIDTH="64" HEIGHT="46" ACODE="AFR_STK_CNT">733,436</TE>
<TE ALIGN="RIGHT" VALIGN="MIDDLE" WIDTH="112" HEIGHT="46" ACODE="ACI_AMT2">119,285</TE>
<TE ALIGN="CENTER" VALIGN="MIDDLE" WIDTH="58" HEIGHT="46" ACODE="RMK">-</TE>
<TU ALIGN="CENTER" VALIGN="MIDDLE" WIDTH="103" HEIGHT="46" AUNIT="TRD_PLN_RD" AUNITVALUE="-">-</TU>
</TR>

<TR ACOPY="Y" ADELETE="Y" HEIGHT="53">
<TU ALIGN="CENTER" VALIGN="MIDDLE" WIDTH="66" HEIGHT="46" AUNIT="RPT_RSN" AUNITVALUE="01" ENG="Acquisition in exchange(+)">장내매수(+)</TU>
<TU ALIGN="CENTER" VALIGN="MIDDLE" WIDTH="103" HEIGHT="46" AUNIT="MDF_DM" AUNITVALUE="20251208">2025년 12월 08일</TU>
<TU ALIGN="CENTER" VALIGN="MIDDLE" WIDTH="106" HEIGHT="46" AUNIT="STR_KND" AUNITVALUE="1" ENG="Common stock">보통주</TU>
<TE ALIGN="RIGHT" VALIGN="MIDDLE" WIDTH="65" HEIGHT="46" ACODE="BFR_STK_CNT">733,436</TE>
<TE ALIGN="RIGHT" VALIGN="MIDDLE" WIDTH="64" HEIGHT="46" ACODE="MDF_STK_CNT">685</TE>
<TE ALIGN="RIGHT" VALIGN="MIDDLE" WIDTH="64" HEIGHT="46" ACODE="AFR_STK_CNT">734,121</TE>
<TE ALIGN="RIGHT" VALIGN="MIDDLE" WIDTH="112" HEIGHT="46" ACODE="ACI_AMT2">121,703</TE>
<TE ALIGN="CENTER" VALIGN="MIDDLE" WIDTH="58" HEIGHT="46" ACODE="RMK">-</TE>
<TU ALIGN="CENTER" VALIGN="MIDDLE" WIDTH="103" HEIGHT="46" AUNIT="TRD_PLN_RD" AUNITVALUE="-">-</TU>
</TR>

<TR ACOPY="Y" ADELETE="Y" HEIGHT="53">
<TU ALIGN="CENTER" VALIGN="MIDDLE" WIDTH="66" HEIGHT="46" AUNIT="RPT_RSN" AUNITVALUE="01" ENG="Acquisition in exchange(+)">장내매수(+)</TU>
<TU ALIGN="CENTER" VALIGN="MIDDLE" WIDTH="103" HEIGHT="46" AUNIT="MDF_DM" AUNITVALUE="20251209">2025년 12월 09일</TU>
<TU ALIGN="CENTER" VALIGN="MIDDLE" WIDTH="106" HEIGHT="46" AUNIT="STR_KND" AUNITVALUE="1" ENG="Common stock">보통주</TU>
<TE ALIGN="RIGHT" VALIGN="MIDDLE" WIDTH="65" HEIGHT="46" ACODE="BFR_STK_CNT">734,121</TE>
<TE ALIGN="RIGHT" VALIGN="MIDDLE" WIDTH="64" HEIGHT="46" ACODE="MDF_STK_CNT">935</TE>
<TE ALIGN="RIGHT" VALIGN="MIDDLE" WIDTH="64" HEIGHT="46" ACODE="AFR_STK_CNT">735,056</TE>
<TE ALIGN="RIGHT" VALIGN="MIDDLE" WIDTH="112" HEIGHT="46" ACODE="ACI_AMT2">120,778</TE>
<TE ALIGN="CENTER" VALIGN="MIDDLE" WIDTH="58" HEIGHT="46" ACODE="RMK">-</TE>
<TU ALIGN="CENTER" VALIGN="MIDDLE" WIDTH="103" HEIGHT="46" AUNIT="TRD_PLN_RD" AUNITVALUE="-">-</TU>
</TR>

<TR ACOPY="Y" ADELETE="Y" HEIGHT="53">
<TU ALIGN="CENTER" VALIGN="MIDDLE" WIDTH="66" HEIGHT="46" AUNIT="RPT_RSN" AUNITVALUE="01" ENG="Acquisition in exchange(+)">장내매수(+)</TU>
<TU ALIGN="CENTER" VALIGN="MIDDLE" WIDTH="103" HEIGHT="46" AUNIT="MDF_DM" AUNITVALUE="20251211">2025년 12월 11일</TU>
<TU ALIGN="CENTER" VALIGN="MIDDLE" WIDTH="106" HEIGHT="46" AUNIT="STR_KND" AUNITVALUE="1" ENG="Common stock">보통주</TU>
<TE ALIGN="RIGHT" VALIGN="MIDDLE" WIDTH="65" HEIGHT="46" ACODE="BFR_STK_CNT">735,056</TE>
<TE ALIGN="RIGHT" VALIGN="MIDDLE" WIDTH="64" HEIGHT="46" ACODE="MDF_STK_CNT">362</TE>
<TE ALIGN="RIGHT" VALIGN="MIDDLE" WIDTH="64" HEIGHT="46" ACODE="AFR_STK_CNT">735,418</TE>
<TE ALIGN="RIGHT" VALIGN="MIDDLE" WIDTH="112" HEIGHT="46" ACODE="ACI_AMT2">122,036</TE>
<TE ALIGN="CENTER" VALIGN="MIDDLE" WIDTH="58" HEIGHT="46" ACODE="RMK">-</TE>
<TU ALIGN="CENTER" VALIGN="MIDDLE" WIDTH="103" HEIGHT="46" AUNIT="TRD_PLN_RD" AUNITVALUE="-">-</TU>
</TR>

<TR ACOPY="Y" ADELETE="Y" HEIGHT="53">
<TU ALIGN="CENTER" VALIGN="MIDDLE" WIDTH="66" HEIGHT="46" AUNIT="RPT_RSN" AUNITVALUE="02" ENG="Disposal in exchange(-)">장내매도(-)</TU>
<TU ALIGN="CENTER" VALIGN="MIDDLE" WIDTH="103" HEIGHT="46" AUNIT="MDF_DM" AUNITVALUE="20251211">2025년 12월 11일</TU>
<TU ALIGN="CENTER" VALIGN="MIDDLE" WIDTH="106" HEIGHT="46" AUNIT="STR_KND" AUNITVALUE="1" ENG="Common stock">보통주</TU>
<TE ALIGN="RIGHT" VALIGN="MIDDLE" WIDTH="65" HEIGHT="46" ACODE="BFR_STK_CNT">735,418</TE>
<TE ALIGN="RIGHT" VALIGN="MIDDLE" WIDTH="64" HEIGHT="46" ACODE="MDF_STK_CNT">-112</TE>
<TE ALIGN="RIGHT" VALIGN="MIDDLE" WIDTH="64" HEIGHT="46" ACODE="AFR_STK_CNT">735,306</TE>
<TE ALIGN="RIGHT" VALIGN="MIDDLE" WIDTH="112" HEIGHT="46" ACODE="ACI_AMT2">121,447</TE>
<TE ALIGN="CENTER" VALIGN="MIDDLE" WIDTH="58" HEIGHT="46" ACODE="RMK">-</TE>
<TU ALIGN="CENTER" VALIGN="MIDDLE" WIDTH="103" HEIGHT="46" AUNIT="TRD_PLN_RD" AUNITVALUE="-">-</TU>
</TR>

<TR ACOPY="Y" ADELETE="Y" HEIGHT="53">
<TU ALIGN="CENTER" VALIGN="MIDDLE" WIDTH="66" HEIGHT="46" AUNIT="RPT_RSN" AUNITVALUE="01" ENG="Acquisition in exchange(+)">장내매수(+)</TU>
<TU ALIGN="CENTER" VALIGN="MIDDLE" WIDTH="103" HEIGHT="46" AUNIT="MDF_DM" AUNITVALUE="20251212">2025년 12월 12일</TU>
<TU ALIGN="CENTER" VALIGN="MIDDLE" WIDTH="106" HEIGHT="46" AUNIT="STR_KND" AUNITVALUE="1" ENG="Common stock">보통주</TU>
<TE ALIGN="RIGHT" VALIGN="MIDDLE" WIDTH="65" HEIGHT="46" ACODE="BFR_STK_CNT">735,306</TE>
<TE ALIGN="RIGHT" VALIGN="MIDDLE" WIDTH="64" HEIGHT="46" ACODE="MDF_STK_CNT">110</TE>
<TE ALIGN="RIGHT" VALIGN="MIDDLE" WIDTH="64" HEIGHT="46" ACODE="AFR_STK_CNT">735,416</TE>
<TE ALIGN="RIGHT" VALIGN="MIDDLE" WIDTH="112" HEIGHT="46" ACODE="ACI_AMT2">122,014</TE>
<TE ALIGN="CENTER" VALIGN="MIDDLE" WIDTH="58" HEIGHT="46" ACODE="RMK">-</TE>
<TU ALIGN="CENTER" VALIGN="MIDDLE" WIDTH="103" HEIGHT="46" AUNIT="TRD_PLN_RD" AUNITVALUE="-">-</TU>
</TR>

<TR ACOPY="Y" ADELETE="Y" HEIGHT="53">
<TU ALIGN="CENTER" VALIGN="MIDDLE" WIDTH="66" HEIGHT="46" AUNIT="RPT_RSN" AUNITVALUE="01" ENG="Acquisition in exchange(+)">장내매수(+)</TU>
<TU ALIGN="CENTER" VALIGN="MIDDLE" WIDTH="103" HEIGHT="46" AUNIT="MDF_DM" AUNITVALUE="20251216">2025년 12월 16일</TU>
<TU ALIGN="CENTER" VALIGN="MIDDLE" WIDTH="106" HEIGHT="46" AUNIT="STR_KND" AUNITVALUE="1" ENG="Common stock">보통주</TU>
<TE ALIGN="RIGHT" VALIGN="MIDDLE" WIDTH="65" HEIGHT="46" ACODE="BFR_STK_CNT">735,416</TE>
<TE ALIGN="RIGHT" VALIGN="MIDDLE" WIDTH="64" HEIGHT="46" ACODE="MDF_STK_CNT">948</TE>
<TE ALIGN="RIGHT" VALIGN="MIDDLE" WIDTH="64" HEIGHT="46" ACODE="AFR_STK_CNT">736,364</TE>
<TE ALIGN="RIGHT" VALIGN="MIDDLE" WIDTH="112" HEIGHT="46" ACODE="ACI_AMT2">122,044</TE>
<TE ALIGN="CENTER" VALIGN="MIDDLE" WIDTH="58" HEIGHT="46" ACODE="RMK">-</TE>
<TU ALIGN="CENTER" VALIGN="MIDDLE" WIDTH="103" HEIGHT="46" AUNIT="TRD_PLN_RD" AUNITVALUE="-">-</TU>
</TR>

<TR ACOPY="Y" ADELETE="Y" HEIGHT="53">
<TU ALIGN="CENTER" VALIGN="MIDDLE" WIDTH="66" HEIGHT="46" AUNIT="RPT_RSN" AUNITVALUE="01" ENG="Acquisition in exchange(+)">장내매수(+)</TU>
<TU ALIGN="CENTER" VALIGN="MIDDLE" WIDTH="103" HEIGHT="46" AUNIT="MDF_DM" AUNITVALUE="20251217">2025년 12월 17일</TU>
<TU ALIGN="CENTER" VALIGN="MIDDLE" WIDTH="106" HEIGHT="46" AUNIT="STR_KND" AUNITVALUE="1" ENG="Common stock">보통주</TU>
<TE ALIGN="RIGHT" VALIGN="MIDDLE" WIDTH="65" HEIGHT="46" ACODE="BFR_STK_CNT">736,364</TE>
<TE ALIGN="RIGHT" VALIGN="MIDDLE" WIDTH="64" HEIGHT="46" ACODE="MDF_STK_CNT">519</TE>
<TE ALIGN="RIGHT" VALIGN="MIDDLE" WIDTH="64" HEIGHT="46" ACODE="AFR_STK_CNT">736,883</TE>
<TE ALIGN="RIGHT" VALIGN="MIDDLE" WIDTH="112" HEIGHT="46" ACODE="ACI_AMT2">123,124</TE>
<TE ALIGN="CENTER" VALIGN="MIDDLE" WIDTH="58" HEIGHT="46" ACODE="RMK">-</TE>
<TU ALIGN="CENTER" VALIGN="MIDDLE" WIDTH="103" HEIGHT="46" AUNIT="TRD_PLN_RD" AUNITVALUE="-">-</TU>
</TR>

<TR ACOPY="Y" ADELETE="Y" HEIGHT="53">
<TU ALIGN="CENTER" VALIGN="MIDDLE" WIDTH="66" HEIGHT="46" AUNIT="RPT_RSN" AUNITVALUE="01" ENG="Acquisition in exchange(+)">장내매수(+)</TU>
<TU ALIGN="CENTER" VALIGN="MIDDLE" WIDTH="103" HEIGHT="46" AUNIT="MDF_DM" AUNITVALUE="20251218">2025년 12월 18일</TU>
<TU ALIGN="CENTER" VALIGN="MIDDLE" WIDTH="106" HEIGHT="46" AUNIT="STR_KND" AUNITVALUE="1" ENG="Common stock">보통주</TU>
<TE ALIGN="RIGHT" VALIGN="MIDDLE" WIDTH="65" HEIGHT="46" ACODE="BFR_STK_CNT">736,883</TE>
<TE ALIGN="RIGHT" VALIGN="MIDDLE" WIDTH="64" HEIGHT="46" ACODE="MDF_STK_CNT">361</TE>
<TE ALIGN="RIGHT" VALIGN="MIDDLE" WIDTH="64" HEIGHT="46" ACODE="AFR_STK_CNT">737,244</TE>
<TE ALIGN="RIGHT" VALIGN="MIDDLE" WIDTH="112" HEIGHT="46" ACODE="ACI_AMT2">121,640</TE>
<TE ALIGN="CENTER" VALIGN="MIDDLE" WIDTH="58" HEIGHT="46" ACODE="RMK">-</TE>
<TU ALIGN="CENTER" VALIGN="MIDDLE" WIDTH="103" HEIGHT="46" AUNIT="TRD_PLN_RD" AUNITVALUE="-">-</TU>
</TR>

<TR ACOPY="Y" ADELETE="Y" HEIGHT="53">
<TU ALIGN="CENTER" VALIGN="MIDDLE" WIDTH="66" HEIGHT="46" AUNIT="RPT_RSN" AUNITVALUE="01" ENG="Acquisition in exchange(+)">장내매수(+)</TU>
<TU ALIGN="CENTER" VALIGN="MIDDLE" WIDTH="103" HEIGHT="46" AUNIT="MDF_DM" AUNITVALUE="20251223">2025년 12월 23일</TU>
<TU ALIGN="CENTER" VALIGN="MIDDLE" WIDTH="106" HEIGHT="46" AUNIT="STR_KND" AUNITVALUE="1" ENG="Common stock">보통주</TU>
<TE ALIGN="RIGHT" VALIGN="MIDDLE" WIDTH="65" HEIGHT="46" ACODE="BFR_STK_CNT">737,244</TE>
<TE ALIGN="RIGHT" VALIGN="MIDDLE" WIDTH="64" HEIGHT="46" ACODE="MDF_STK_CNT">943</TE>
<TE ALIGN="RIGHT" VALIGN="MIDDLE" WIDTH="64" HEIGHT="46" ACODE="AFR_STK_CNT">738,187</TE>
<TE ALIGN="RIGHT" VALIGN="MIDDLE" WIDTH="112" HEIGHT="46" ACODE="ACI_AMT2">116,365</TE>
<TE ALIGN="CENTER" VALIGN="MIDDLE" WIDTH="58" HEIGHT="46" ACODE="RMK">-</TE>
<TU ALIGN="CENTER" VALIGN="MIDDLE" WIDTH="103" HEIGHT="46" AUNIT="TRD_PLN_RD" AUNITVALUE="-">-</TU>
</TR>

<TR ACOPY="Y" ADELETE="Y" HEIGHT="53">
<TU ALIGN="CENTER" VALIGN="MIDDLE" WIDTH="66" HEIGHT="46" AUNIT="RPT_RSN" AUNITVALUE="02" ENG="Disposal in exchange(-)">장내매도(-)</TU>
<TU ALIGN="CENTER" VALIGN="MIDDLE" WIDTH="103" HEIGHT="46" AUNIT="MDF_DM" AUNITVALUE="20251223">2025년 12월 23일</TU>
<TU ALIGN="CENTER" VALIGN="MIDDLE" WIDTH="106" HEIGHT="46" AUNIT="STR_KND" AUNITVALUE="1" ENG="Common stock">보통주</TU>
<TE ALIGN="RIGHT" VALIGN="MIDDLE" WIDTH="65" HEIGHT="46" ACODE="BFR_STK_CNT">738,187</TE>
<TE ALIGN="RIGHT" VALIGN="MIDDLE" WIDTH="64" HEIGHT="46" ACODE="MDF_STK_CNT">-509</TE>
<TE ALIGN="RIGHT" VALIGN="MIDDLE" WIDTH="64" HEIGHT="46" ACODE="AFR_STK_CNT">737,678</TE>
<TE ALIGN="RIGHT" VALIGN="MIDDLE" WIDTH="112" HEIGHT="46" ACODE="ACI_AMT2">116,252</TE>
<TE ALIGN="CENTER" VALIGN="MIDDLE" WIDTH="58" HEIGHT="46" ACODE="RMK">-</TE>
<TU ALIGN="CENTER" VALIGN="MIDDLE" WIDTH="103" HEIGHT="46" AUNIT="TRD_PLN_RD" AUNITVALUE="-">-</TU>
</TR>

<TR ACOPY="Y" ADELETE="Y" HEIGHT="53">
<TU ALIGN="CENTER" VALIGN="MIDDLE" WIDTH="66" HEIGHT="46" AUNIT="RPT_RSN" AUNITVALUE="02" ENG="Disposal in exchange(-)">장내매도(-)</TU>
<TU ALIGN="CENTER" VALIGN="MIDDLE" WIDTH="103" HEIGHT="46" AUNIT="MDF_DM" AUNITVALUE="20251224">2025년 12월 24일</TU>
<TU ALIGN="CENTER" VALIGN="MIDDLE" WIDTH="106" HEIGHT="46" AUNIT="STR_KND" AUNITVALUE="1" ENG="Common stock">보통주</TU>
<TE ALIGN="RIGHT" VALIGN="MIDDLE" WIDTH="65" HEIGHT="46" ACODE="BFR_STK_CNT">737,678</TE>
<TE ALIGN="RIGHT" VALIGN="MIDDLE" WIDTH="64" HEIGHT="46" ACODE="MDF_STK_CNT">-559</TE>
<TE ALIGN="RIGHT" VALIGN="MIDDLE" WIDTH="64" HEIGHT="46" ACODE="AFR_STK_CNT">737,119</TE>
<TE ALIGN="RIGHT" VALIGN="MIDDLE" WIDTH="112" HEIGHT="46" ACODE="ACI_AMT2">115,376</TE>
<TE ALIGN="CENTER" VALIGN="MIDDLE" WIDTH="58" HEIGHT="46" ACODE="RMK">-</TE>
<TU ALIGN="CENTER" VALIGN="MIDDLE" WIDTH="103" HEIGHT="46" AUNIT="TRD_PLN_RD" AUNITVALUE="-">-</TU>
</TR>

<TR ACOPY="Y" ADELETE="Y" HEIGHT="53">
<TU ALIGN="CENTER" VALIGN="MIDDLE" WIDTH="66" HEIGHT="46" AUNIT="RPT_RSN" AUNITVALUE="02" ENG="Disposal in exchange(-)">장내매도(-)</TU>
<TU ALIGN="CENTER" VALIGN="MIDDLE" WIDTH="103" HEIGHT="46" AUNIT="MDF_DM" AUNITVALUE="20251226">2025년 12월 26일</TU>
<TU ALIGN="CENTER" VALIGN="MIDDLE" WIDTH="106" HEIGHT="46" AUNIT="STR_KND" AUNITVALUE="1" ENG="Common stock">보통주</TU>
<TE ALIGN="RIGHT" VALIGN="MIDDLE" WIDTH="65" HEIGHT="46" ACODE="BFR_STK_CNT">737,119</TE>
<TE ALIGN="RIGHT" VALIGN="MIDDLE" WIDTH="64" HEIGHT="46" ACODE="MDF_STK_CNT">-1,438</TE>
<TE ALIGN="RIGHT" VALIGN="MIDDLE" WIDTH="64" HEIGHT="46" ACODE="AFR_STK_CNT">735,681</TE>
<TE ALIGN="RIGHT" VALIGN="MIDDLE" WIDTH="112" HEIGHT="46" ACODE="ACI_AMT2">114,608</TE>
<TE ALIGN="CENTER" VALIGN="MIDDLE" WIDTH="58" HEIGHT="46" ACODE="RMK">-</TE>
<TU ALIGN="CENTER" VALIGN="MIDDLE" WIDTH="103" HEIGHT="46" AUNIT="TRD_PLN_RD" AUNITVALUE="-">-</TU>
</TR>

<TR ACOPY="Y" ADELETE="Y" HEIGHT="53">
<TU ALIGN="CENTER" VALIGN="MIDDLE" WIDTH="66" HEIGHT="46" AUNIT="RPT_RSN" AUNITVALUE="02" ENG="Disposal in exchange(-)">장내매도(-)</TU>
<TU ALIGN="CENTER" VALIGN="MIDDLE" WIDTH="103" HEIGHT="46" AUNIT="MDF_DM" AUNITVALUE="20251229">2025년 12월 29일</TU>
<TU ALIGN="CENTER" VALIGN="MIDDLE" WIDTH="106" HEIGHT="46" AUNIT="STR_KND" AUNITVALUE="1" ENG="Common stock">보통주</TU>
<TE ALIGN="RIGHT" VALIGN="MIDDLE" WIDTH="65" HEIGHT="46" ACODE="BFR_STK_CNT">735,681</TE>
<TE ALIGN="RIGHT" VALIGN="MIDDLE" WIDTH="64" HEIGHT="46" ACODE="MDF_STK_CNT">-701</TE>
<TE ALIGN="RIGHT" VALIGN="MIDDLE" WIDTH="64" HEIGHT="46" ACODE="AFR_STK_CNT">734,980</TE>
<TE ALIGN="RIGHT" VALIGN="MIDDLE" WIDTH="112" HEIGHT="46" ACODE="ACI_AMT2">113,560</TE>
<TE ALIGN="CENTER" VALIGN="MIDDLE" WIDTH="58" HEIGHT="46" ACODE="RMK">-</TE>
<TU ALIGN="CENTER" VALIGN="MIDDLE" WIDTH="103" HEIGHT="46" AUNIT="TRD_PLN_RD" AUNITVALUE="-">-</TU>
</TR>

<TR ACOPY="N" ADELETE="N" HEIGHT="53">
<TD COLSPAN="3" ALIGN="CENTER" VALIGN="MIDDLE" WIDTH="293" HEIGHT="46" AUPDATECONT="N" ENG="Total">합  계</TD>
<TE ALIGN="RIGHT" VALIGN="MIDDLE" WIDTH="65" HEIGHT="46" ACODE="BFR_STK_SUM">718,379</TE>
<TE ALIGN="RIGHT" VALIGN="MIDDLE" WIDTH="64" HEIGHT="46" ACODE="MDF_STK_SUM">16,601</TE>
<TE ALIGN="RIGHT" VALIGN="MIDDLE" WIDTH="64" HEIGHT="46" ACODE="AFR_STK_SUM">734,980</TE>
<TE ALIGN="RIGHT" VALIGN="MIDDLE" WIDTH="112" HEIGHT="46" ACODE="ACI_AMT_SUM2">-</TE>
<TE ALIGN="CENTER" VALIGN="MIDDLE" WIDTH="58" HEIGHT="46" ACODE="SUM_RMK">-</TE>
<TD ALIGN="CENTER" VALIGN="MIDDLE" WIDTH="103" HEIGHT="46" AUPDATECONT="N"></TD>
</TR>
</TBODY>
</TABLE>
</TABLE-GROUP>
<P>*   증권시장에서 주식등을 매매한 경우에는 그 계약결제일</P>
<P>** 주식 외의 증권의 경우 해당 증권의 행사(전환ㆍ교환)가액 또는 해당 증권의 권리행사로 취득ㆍ처분하는 주식의 매매단가를 의미하며, (   )의 금액은 해당 증권의 매매단가를 의미</P>

<P></P>
</SECTION-3>
</SECTION-2>
</SECTION-1>
</LIBRARY>

</BODY>
</DOCUMENT>