<html>
 <head> 
  <meta content="gdi" http-equiv="X-UA-TextLayoutMetrics"> 
  <meta content="text/html; charset=euc-kr" http-equiv="Content-Type"> 
  <STYLE>
.xforms * { font-family: 돋움체;}
.xforms_title * { font-size: 13pt; padding : 0 0 10 0;}

.xforms table {
    font-size: 10px;
    padding:0px;
    border-collapse:collapse;
    color: #3D3D3D;
}
.xforms td {
    padding-left:0px;
    padding-top:0px;
    border-collapse:collapse;
    line-height:22px;
    color: #3D3D3D;
    /*text-align:right;*/
    vertical-align:middle;
    border: 1px solid #7f7f7f;
}

.xforms span {
    /*display: inline-block;*/
    padding-left:3px;
    padding-right: 1px;
    line-height:22px;
    padding-top:0px;
    padding-bottom:0px;
    text-align:left;
    vertical-align:middle;
    border: 0px solid #DBDBDB;
}

.xforms.img{
    border : 0px;
}

.xforms a:link {

    color: #194866;
    text-decoration: none;
}
.xforms a:active {

    color: #194866;
    text-decoration: none;
}
.xforms a:visited {
    color: #194866;
    text-decoration: none;
}

.xforms A:hover {
    color:008BE3;
    text-decoration: none;
}

.xforms_input{
    border: 0px solid #DBDBDB;
    padding-left:3px;
    padding-right: 1px;
    height:22px;
    padding-top:0px;
    padding-bottom:0px;
    text-align:left;
}
</STYLE> 
  <title>KC그린홀딩스/투자판단 관련 주요경영사항/(2026.01.05)투자판단 관련 주요경영사항</title> 
 </head> 
 <body> 
  <div class="xforms"> 
   <div> 
    <span class="noprint" style="display:none;width:600px;font-size:10pt;"> </span> 
    <div class="xforms_title"> 
     <div> 
      <span style="width:596px;font-weight:bold;text-align:center;">투자판단 관련 주요경영사항</span> 
     </div> 
    </div> 
    <div id="LIB_LC101" style="width:600px;font-size:10pt;;padding:0 0 20 0"> 
     <div> 
      <div> 
       <table border="1" bordercolordark="white" bordercolorlight="#666666" cellpadding="1" cellspacing="0" id="XFormD2_Form0_Table0" style="margin:0px 0px 20px 0px;width:600px;font-size:10pt;border:1px solid #7f7f7f;"> 
        <tbody> 
         <tr> 
          <td width="134"> <span style="width:134px;font-size:10pt;">자회사인</span> </td> 
          <td width="194"> <span class="xforms_input" style="width:194px;font-size:10pt;">케이씨글라스 주식회사</span> </td> 
          <td width="272"> <span style="width:272px;font-size:10pt;">의 주요경영사항신고</span> </td> 
         </tr> 
        </tbody> 
       </table> 
      </div> 
     </div> 
    </div> 
    <table border="1" bordercolordark="white" bordercolorlight="#666666" cellpadding="1" cellspacing="0" id="XFormD2_Form0_Table0" style="margin:0px 0px 20px 0px;width:596px;font-size:10pt;border:1px solid #7f7f7f;"> 
     <tbody> 
      <tr> 
       <td colspan="2" width="215"> <span style="width:215px;font-size:10pt;">1. 제목</span> </td> 
       <td width="381"> <span class="xforms_input" style="width:381px;font-size:10pt;">자회사 회생절차 관련 조건부 투자계약 체결에 관한 사항</span> </td> 
      </tr> 
      <tr> 
       <td colspan="2" width="215"> <span style="width:215px;font-size:10pt;">2. 주요내용</span> </td> 
       <td width="381"> <span class="xforms_input" style="width:381px;font-size:10pt;">당사의 종속회사인 회생회사 케이씨글라스 주식회사(이하 “회사”)는 수원회생법원 회생절차에서 인가 전 M&amp;A를 추진 중이며, Stalking-Horse Bidding 방식으로 조건부 투자계약을 체결하였습니다. 본 계약은 공개경쟁입찰 절차 및 회생절차 진행(회생계획안 인가 등)에 따라 내용 변경 또는 효력 상실 가능성이 있습니다. <br xmlns:java="http://xml.apache.org/xalan/java"> <br xmlns:java="http://xml.apache.org/xalan/java">가. 계약체결(효력발생)일 : 2026년 1월 2일         <br xmlns:java="http://xml.apache.org/xalan/java">
         <!--?javax.xml.transform.disable-output-escaping?--> 
         <!--?javax.xml.transform.enable-output-escaping?-->   (회생법원 허가일: 2026년 1월 2일) <br xmlns:java="http://xml.apache.org/xalan/java"> <br xmlns:java="http://xml.apache.org/xalan/java">나. 계약당사자 <br xmlns:java="http://xml.apache.org/xalan/java">
         <!--?javax.xml.transform.disable-output-escaping?--> 
         <!--?javax.xml.transform.enable-output-escaping?-->  - “갑” : 회생회사 케이씨글라스 주식회사 <br xmlns:java="http://xml.apache.org/xalan/java">
         <!--?javax.xml.transform.disable-output-escaping?--> 
         <!--?javax.xml.transform.enable-output-escaping?-->             (법률상 관리인 강준기) <br xmlns:java="http://xml.apache.org/xalan/java"> <br xmlns:java="http://xml.apache.org/xalan/java">
         <!--?javax.xml.transform.disable-output-escaping?--> 
         <!--?javax.xml.transform.enable-output-escaping?-->  - “을” : 오퍼스 제4호 기업재무안정 기관전용 사모 <br xmlns:java="http://xml.apache.org/xalan/java">
         <!--?javax.xml.transform.disable-output-escaping?--> 
         <!--?javax.xml.transform.enable-output-escaping?-->             투자합자회사(업무집행사원: 오퍼스프라이 <br xmlns:java="http://xml.apache.org/xalan/java">
         <!--?javax.xml.transform.disable-output-escaping?--> 
         <!--?javax.xml.transform.enable-output-escaping?-->             빗에퀴티 주식회사) <br xmlns:java="http://xml.apache.org/xalan/java"> <br xmlns:java="http://xml.apache.org/xalan/java">다. 계약조건 <br xmlns:java="http://xml.apache.org/xalan/java">
         <!--?javax.xml.transform.disable-output-escaping?--> 
         <!--?javax.xml.transform.enable-output-escaping?--> - 본 계약은 케이씨글라스 주식회사의 회생절차에 따른 <br xmlns:java="http://xml.apache.org/xalan/java">
         <!--?javax.xml.transform.disable-output-escaping?--> 
         <!--?javax.xml.transform.enable-output-escaping?-->   인가 전 M&amp;A를 위해 체결하는 조건부 투자계약으로 <br xmlns:java="http://xml.apache.org/xalan/java">
         <!--?javax.xml.transform.disable-output-escaping?--> 
         <!--?javax.xml.transform.enable-output-escaping?-->   회생법원의 허가 하에 공개경쟁 입찰 전 인수예정 <br xmlns:java="http://xml.apache.org/xalan/java">
         <!--?javax.xml.transform.disable-output-escaping?--> 
         <!--?javax.xml.transform.enable-output-escaping?-->   자를 미리 선정하는 방식으로 진행됩니다.</span> </td> 
      </tr> 
      <tr> 
       <td colspan="2" width="215"> <span style="width:215px;font-size:10pt;">3. 이사회결의일(결정일) 또는 사실확인일</span> </td> 
       <td width="381"> <span class="xforms_input" style="width:381px;font-size:10pt;">2026-01-02</span> </td> 
      </tr> 
      <tr> 
       <td rowspan="2" width="121"> <span style="width:121px;font-size:10pt;">- 사외이사 참석여부</span> </td> 
       <td width="94"> <span style="width:94px;font-size:10pt;text-align:center;">참석(명)</span> </td> 
       <td width="381"> <span class="xforms_input" style="width:381px;font-size:10pt;text-align:right;">-</span> </td> 
      </tr> 
      <tr> 
       <td width="94"> <span style="width:94px;font-size:10pt;text-align:center;">불참(명)</span> </td> 
       <td width="381"> <span class="xforms_input" style="width:381px;font-size:10pt;text-align:right;">-</span> </td> 
      </tr> 
      <tr> 
       <td colspan="2" width="215"> <span style="width:215px;font-size:10pt;">- 감사(사외이사가 아닌 감사위원) 참석여부</span> </td> 
       <td width="381"> <span class="xforms_input" style="width:381px;font-size:10pt;">-</span> </td> 
      </tr> 
      <tr> 
       <td colspan="3" width="596"> <span style="width:596px;font-size:10pt;">4. 기타 투자판단과 관련한 중요사항</span> </td> 
      </tr> 
      <tr> 
       <td colspan="3" width="596"> <span class="xforms_input" style="width:596px;font-size:10pt;">
         <!--?javax.xml.transform.disable-output-escaping?--> 
         <!--?javax.xml.transform.enable-output-escaping?-->  - 투자금액은 인가전 M&amp;A Stalking-Horse Bid 방식으로 진행됨에 따라 공개하지 않으 <br xmlns:java="http://xml.apache.org/xalan/java">
         <!--?javax.xml.transform.disable-output-escaping?--> 
         <!--?javax.xml.transform.enable-output-escaping?-->    며, 향후 공개경쟁입찰 공고 및 최종 인수예정자 확정 시 각각 공시 진행예정입니다. <br xmlns:java="http://xml.apache.org/xalan/java"> <br xmlns:java="http://xml.apache.org/xalan/java">
         <!--?javax.xml.transform.disable-output-escaping?--> 
         <!--?javax.xml.transform.enable-output-escaping?-->  - 상기 내용 및 일정 등은 당사 M&amp;A 절차에 따른 관련기관(법원 등)의 허가절차 및 <br xmlns:java="http://xml.apache.org/xalan/java">
         <!--?javax.xml.transform.disable-output-escaping?--> 
         <!--?javax.xml.transform.enable-output-escaping?-->    협의 과정에서 변동될 수 있습니다. <br xmlns:java="http://xml.apache.org/xalan/java"> <br xmlns:java="http://xml.apache.org/xalan/java">
         <!--?javax.xml.transform.disable-output-escaping?--> 
         <!--?javax.xml.transform.enable-output-escaping?-->  - 상기 3. 이사회결의일(결정일) 또는 사실확인일은 계약 효력발생일(2026-01-02) 기준 <br xmlns:java="http://xml.apache.org/xalan/java">
         <!--?javax.xml.transform.disable-output-escaping?--> 
         <!--?javax.xml.transform.enable-output-escaping?-->    이며, 회생법원 허가일은 2026-01-02입니다. <br xmlns:java="http://xml.apache.org/xalan/java"> <br xmlns:java="http://xml.apache.org/xalan/java">
         <!--?javax.xml.transform.disable-output-escaping?--> 
         <!--?javax.xml.transform.enable-output-escaping?-->  - 본 조건부 투자계약은 공개경쟁입찰 진행 및 최종 인수예정자 선정 결과(우선매수권 <br xmlns:java="http://xml.apache.org/xalan/java">
         <!--?javax.xml.transform.disable-output-escaping?--> 
         <!--?javax.xml.transform.enable-output-escaping?-->    행사 여부 포함) 등에 따라 내용 변경 또는 효력 상실 가능성이 있으며, 최종 인수예 <br xmlns:java="http://xml.apache.org/xalan/java">
         <!--?javax.xml.transform.disable-output-escaping?--> 
         <!--?javax.xml.transform.enable-output-escaping?-->    정자 확정 시 계약내용이 확정될 예정입니다. <br xmlns:java="http://xml.apache.org/xalan/java"> <br xmlns:java="http://xml.apache.org/xalan/java">
         <!--?javax.xml.transform.disable-output-escaping?--> 
         <!--?javax.xml.transform.enable-output-escaping?-->  - 본 계약은 “기명 날인한 후 법원의 허가를 얻은 때”부터 효력이 발생하는 점을 고 <br xmlns:java="http://xml.apache.org/xalan/java">
         <!--?javax.xml.transform.disable-output-escaping?--> 
         <!--?javax.xml.transform.enable-output-escaping?-->    려하여, 계약 효력발생 사실을 확인한 일자를 기재하였습니다. <br xmlns:java="http://xml.apache.org/xalan/java"> <br xmlns:java="http://xml.apache.org/xalan/java">
         <!--?javax.xml.transform.disable-output-escaping?--> 
         <!--?javax.xml.transform.enable-output-escaping?-->  - 본 계약의 내용은 공개경쟁입찰 결과 및 당사자 합의와 법원의 허가 등에 따라 변경 <br xmlns:java="http://xml.apache.org/xalan/java">
         <!--?javax.xml.transform.disable-output-escaping?--> 
         <!--?javax.xml.transform.enable-output-escaping?-->    될 수 있습니다. <br xmlns:java="http://xml.apache.org/xalan/java"> <br xmlns:java="http://xml.apache.org/xalan/java">
         <!--?javax.xml.transform.disable-output-escaping?--> 
         <!--?javax.xml.transform.enable-output-escaping?-->  - 향후예상일정(변동가능) <br xmlns:java="http://xml.apache.org/xalan/java">
         <!--?javax.xml.transform.disable-output-escaping?--> 
         <!--?javax.xml.transform.enable-output-escaping?-->    1) 공개경쟁입찰 절차 진행 <br xmlns:java="http://xml.apache.org/xalan/java">
         <!--?javax.xml.transform.disable-output-escaping?--> 
         <!--?javax.xml.transform.enable-output-escaping?-->    2) 최종 인수예정자 선정(우선매수권 행사 여부 포함) <br xmlns:java="http://xml.apache.org/xalan/java">
         <!--?javax.xml.transform.disable-output-escaping?--> 
         <!--?javax.xml.transform.enable-output-escaping?-->    3) 회생계획안 제출 및 관계인집회 <br xmlns:java="http://xml.apache.org/xalan/java">
         <!--?javax.xml.transform.disable-output-escaping?--> 
         <!--?javax.xml.transform.enable-output-escaping?-->    4) 회생계획안 법원 인가 및 신주/회사채 인수절차 진행</span> </td> 
      </tr> 
      <tr> 
       <td width="121"> <span style="width:121px;font-size:10pt;">※ 관련공시</span> </td> 
       <td colspan="2" width="475"> <span style="width:475px;font-size:10pt;"> <a href="http://kind.krx.co.kr/common/disclsviewer.do?method=search&amp;acptno=20250708000140&amp;rcpno=20250708000140&amp;orgid=G&amp;tran=Y&amp;langTpCd=0" target="_blank" xmlns="http://www.w3.org/1999/xhtml" xmlns:xf="http://www.w3.org/2002/xforms" xmlns:xh="http://www.w3.org/1999/xhtml" xmlns:xsd="http://www.w3.org/2001/XMLSchema">2025-07-08 회생절차개시결정(자회사의 주요경영사항)</a> <br xmlns:java="http://xml.apache.org/xalan/java"> <a href="http://kind.krx.co.kr/common/disclsviewer.do?method=search&amp;acptno=20250627000542&amp;rcpno=20250627000542&amp;orgid=G&amp;tran=Y&amp;langTpCd=0" target="_blank" xmlns="http://www.w3.org/1999/xhtml" xmlns:xf="http://www.w3.org/2002/xforms" xmlns:xh="http://www.w3.org/1999/xhtml" xmlns:xsd="http://www.w3.org/2001/XMLSchema">2025-06-27 회생절차개시신청(자회사의 주요경영사항)</a> <br xmlns:java="http://xml.apache.org/xalan/java"> </span> </td> 
      </tr> 
     </tbody> 
    </table> 
    <span class="noprint" style="display:none;width:600px;font-size:10pt;"> </span> 
    <span class="noprint" style="display:none;width:600px;font-size:10pt;"> </span> 
   </div> 
  </div>  
 </body>
</html>