<html>
 <head> 
  <meta content="gdi" http-equiv="X-UA-TextLayoutMetrics"> 
  <meta content="text/html; charset=euc-kr" http-equiv="Content-Type"> 
  <STYLE>
.xforms * { font-family: 돋움체;}
.xforms_title * { font-size: 13pt; padding : 0 0 10 0;}

.xforms table {
    font-size: 10px;
    padding:0px;
    border-collapse:collapse;
    color: #3D3D3D;
}
.xforms td {
    padding-left:0px;
    padding-top:0px;
    border-collapse:collapse;
    line-height:22px;
    color: #3D3D3D;
    /*text-align:right;*/
    vertical-align:middle;
    border: 1px solid #7f7f7f;
}

.xforms span {
    /*display: inline-block;*/
    padding-left:3px;
    padding-right: 1px;
    line-height:22px;
    padding-top:0px;
    padding-bottom:0px;
    text-align:left;
    vertical-align:middle;
    border: 0px solid #DBDBDB;
}

.xforms.img{
    border : 0px;
}

.xforms a:link {

    color: #194866;
    text-decoration: none;
}
.xforms a:active {

    color: #194866;
    text-decoration: none;
}
.xforms a:visited {
    color: #194866;
    text-decoration: none;
}

.xforms A:hover {
    color:008BE3;
    text-decoration: none;
}

.xforms_input{
    border: 0px solid #DBDBDB;
    padding-left:3px;
    padding-right: 1px;
    height:22px;
    padding-top:0px;
    padding-bottom:0px;
    text-align:left;
}
</STYLE> 
  <title>TS트릴리온/투자판단 관련 주요경영사항/(2026.01.05)투자판단 관련 주요경영사항(채권압류 및 추심명령 해제통지)</title> 
 </head> 
 <body> 
  <div class="xforms"> 
   <div> 
    <span class="noprint" style="display:none;width:600px;font-size:10pt;"> </span> 
    <div class="xforms_title"> 
     <div> 
      <span style="width:596px;font-weight:bold;text-align:center;">투자판단 관련 주요경영사항</span> 
     </div> 
    </div> 
    <span class="noprint" style="display:none;width:600px;font-size:10pt;"> </span> 
    <table border="1" bordercolordark="white" bordercolorlight="#666666" cellpadding="1" cellspacing="0" id="XFormD2_Form0_Table0" style="margin:0px 0px 20px 0px;width:596px;font-size:10pt;border:1px solid #7f7f7f;"> 
     <tbody> 
      <tr> 
       <td colspan="2" width="215"> <span style="width:215px;font-size:10pt;">1. 제목</span> </td> 
       <td width="381"> <span class="xforms_input" style="width:381px;font-size:10pt;">채권자 대여금 관련 채권압류 및 추심명령 해제통지</span> </td> 
      </tr> 
      <tr> 
       <td colspan="2" width="215"> <span style="width:215px;font-size:10pt;">2. 주요내용</span> </td> 
       <td width="381"> <span class="xforms_input" style="width:381px;font-size:10pt;">당사의 채권자인 장기영이 당사에 대한 대여금 채권을 회수하기 위해 행한 채권압류 및 추심명령을 포기하는 신청서를 법원에 제출하여 채권압류 및 추심명령이 해제가 되었으며 그 내용은 다음과 같습니다. <br xmlns:java="http://xml.apache.org/xalan/java"> <br xmlns:java="http://xml.apache.org/xalan/java">
         <!--?javax.xml.transform.disable-output-escaping?--> 
         <!--?javax.xml.transform.enable-output-escaping?-->              - 다    음  - <br xmlns:java="http://xml.apache.org/xalan/java"> <br xmlns:java="http://xml.apache.org/xalan/java">[사건번호] <br xmlns:java="http://xml.apache.org/xalan/java">서울남부지방법원 2024카단205406 채권가압류 <br xmlns:java="http://xml.apache.org/xalan/java"> <br xmlns:java="http://xml.apache.org/xalan/java">[채권자] <br xmlns:java="http://xml.apache.org/xalan/java">장기영 <br xmlns:java="http://xml.apache.org/xalan/java"> <br xmlns:java="http://xml.apache.org/xalan/java">[채무자] <br xmlns:java="http://xml.apache.org/xalan/java">주식회사 티에스트릴리온 <br xmlns:java="http://xml.apache.org/xalan/java"> <br xmlns:java="http://xml.apache.org/xalan/java">[제3채무자] <br xmlns:java="http://xml.apache.org/xalan/java"> <br xmlns:java="http://xml.apache.org/xalan/java">1. 쿠팡 주식회사 <br xmlns:java="http://xml.apache.org/xalan/java">2. 네이버 주식회사 <br xmlns:java="http://xml.apache.org/xalan/java">3. 주식회사 현대홈쇼핑 <br xmlns:java="http://xml.apache.org/xalan/java">4. 주식회사 지에스리테일 <br xmlns:java="http://xml.apache.org/xalan/java">5. 주식회사 비지글로벌 <br xmlns:java="http://xml.apache.org/xalan/java"> <br xmlns:java="http://xml.apache.org/xalan/java">[해제통지서] <br xmlns:java="http://xml.apache.org/xalan/java">위 사건에 관하여 별지와 같이 집행해제 신청이 있으므로 해제된 사실을 통지합니다. <br xmlns:java="http://xml.apache.org/xalan/java">* 별지 <br xmlns:java="http://xml.apache.org/xalan/java">
         <!--?javax.xml.transform.disable-output-escaping?--> 
         <!--?javax.xml.transform.enable-output-escaping?-->        압류할 채권의 표시 목록 <br xmlns:java="http://xml.apache.org/xalan/java">▣청구금액 금 2,500,000,000원 <br xmlns:java="http://xml.apache.org/xalan/java">▣제3채무자별 청구금액 <br xmlns:java="http://xml.apache.org/xalan/java">
         <!--?javax.xml.transform.disable-output-escaping?--> 
         <!--?javax.xml.transform.enable-output-escaping?--> 1. 제3채무자 쿠팡 주식회사 : 금 1,500,000,000원 <br xmlns:java="http://xml.apache.org/xalan/java">
         <!--?javax.xml.transform.disable-output-escaping?--> 
         <!--?javax.xml.transform.enable-output-escaping?--> 2. 제3채무자 네이버 주식회사 : 금 600,000,000원 <br xmlns:java="http://xml.apache.org/xalan/java">
         <!--?javax.xml.transform.disable-output-escaping?--> 
         <!--?javax.xml.transform.enable-output-escaping?--> 3. 제3채무자 주식회사 현대홈쇼핑 : 금 100,000,000원 <br xmlns:java="http://xml.apache.org/xalan/java">
         <!--?javax.xml.transform.disable-output-escaping?--> 
         <!--?javax.xml.transform.enable-output-escaping?--> 4. 제3채무자 주식회사 지에스리테일:금 100,000,000원 <br xmlns:java="http://xml.apache.org/xalan/java">
         <!--?javax.xml.transform.disable-output-escaping?--> 
         <!--?javax.xml.transform.enable-output-escaping?--> 5. 제3채무자 주식회사 비지글로벌: 금 200,000,000원</span> </td> 
      </tr> 
      <tr> 
       <td colspan="2" width="215"> <span style="width:215px;font-size:10pt;">3. 사실발생(확인)일</span> </td> 
       <td width="381"> <span class="xforms_input" style="width:381px;font-size:10pt;">2026-01-05</span> </td> 
      </tr> 
      <tr> 
       <td colspan="2" width="215"> <span style="width:215px;font-size:10pt;">4. 결정일</span> </td> 
       <td width="381"> <span class="xforms_input" style="width:381px;font-size:10pt;">2025-12-30</span> </td> 
      </tr> 
      <tr> 
       <td rowspan="2" width="121"> <span style="width:121px;font-size:10pt;">- 사외이사 참석여부</span> </td> 
       <td width="94"> <span style="width:94px;font-size:10pt;text-align:center;">참석(명)</span> </td> 
       <td width="381"> <span class="xforms_input" style="width:381px;font-size:10pt;text-align:right;">-</span> </td> 
      </tr> 
      <tr> 
       <td width="94"> <span style="width:94px;font-size:10pt;text-align:center;">불참(명)</span> </td> 
       <td width="381"> <span class="xforms_input" style="width:381px;font-size:10pt;text-align:right;">-</span> </td> 
      </tr> 
      <tr> 
       <td colspan="2" width="215"> <span style="width:215px;font-size:10pt;">- 감사(사외이사가 아닌 감사위원) 참석여부</span> </td> 
       <td width="381"> <span class="xforms_input" style="width:381px;font-size:10pt;">-</span> </td> 
      </tr> 
      <tr> 
       <td colspan="3" width="596"> <span style="width:596px;font-size:10pt;">5. 기타 투자판단과 관련한 중요사항</span> </td> 
      </tr> 
      <tr> 
       <td colspan="3" width="596"> <span class="xforms_input" style="width:596px;font-size:10pt;">- 사건의 명칭은 채권압류 및 추심명령 해제통지서입니다. <br xmlns:java="http://xml.apache.org/xalan/java">- 상기 [3.사실발생(확인)일]은 압류명령 해제통지서를 회사가 확인한 일자입니다.</span> </td> 
      </tr> 
      <tr> 
       <td width="121"> <span style="width:121px;font-size:10pt;">※ 관련공시</span> </td> 
       <td colspan="2" width="475"> <span style="width:475px;font-size:10pt;"> <a href="http://kind.krx.co.kr/common/disclsviewer.do?method=search&amp;acptno=20241016000464&amp;rcpno=20241016000464&amp;orgid=K&amp;tran=Y&amp;langTpCd=0" target="_blank" xmlns="http://www.w3.org/1999/xhtml" xmlns:xf="http://www.w3.org/2002/xforms" xmlns:xh="http://www.w3.org/1999/xhtml" xmlns:xsd="http://www.w3.org/2001/XMLSchema">2024-10-16 소송등의판결ㆍ결정(일정금액 이상의 청구)</a> <br xmlns:java="http://xml.apache.org/xalan/java"> </span> </td> 
      </tr> 
     </tbody> 
    </table> 
    <span class="noprint" style="display:none;width:600px;font-size:10pt;"> </span> 
    <span class="noprint" style="display:none;width:600px;font-size:10pt;"> </span> 
   </div> 
  </div>  
 </body>
</html>