<?xml version="1.0" encoding="utf-8"?>


<DOCUMENT xmlns:xsi="http://www.w3.org/2001/XMLSchema-instance" xsi:noNamespaceSchemaLocation="dart4.xsd">

<DOCUMENT-NAME ACODE="80502">최대주주 등의 주식보유 변동</DOCUMENT-NAME>
<FORMULA-VERSION ADATE="20221227">6.0</FORMULA-VERSION>
<COMPANY-NAME AREGCIK="01836624">지티엑스비(주)</COMPANY-NAME>


<BODY ATOCID="1">

<SECTION-1 ACLASS="MANDATORY" APARTSOURCE="SOURCE">
<TITLE ATOC="Y" AASSOCNOTE="D-0-1-0-0" ENG="Changes in Stock Holdings of the Largest Shareholder, etc." ATOCID="1">최대주주 등의 주식보유 변동</TITLE>
<P></P>

<TABLE-GROUP ACLASS="CRP_INFO" ADELETETABLE="N">

<TABLE ACLASS="EXTRACTION" AFIXTABLE="Y" WIDTH="1075" BORDER="1">

<COLGROUP WIDTH="1075">
<COL WIDTH="84"></COL>
<COL WIDTH="96"></COL>
<COL WIDTH="89"></COL>
<COL WIDTH="130"></COL>
<COL WIDTH="110"></COL>
<COL WIDTH="129"></COL>
<COL WIDTH="197"></COL>
<COL WIDTH="240"></COL>
</COLGROUP>

<TBODY>

<TR ACOPY="N" ADELETE="N" HEIGHT="30">
<TD WIDTH="75" VALIGN="MIDDLE" ALIGN="CENTER" HEIGHT="23" AUPDATECONT="N" ENG="Name of business group">기업집단명</TD>
<TE WIDTH="87" VALIGN="MIDDLE" HEIGHT="23" ACODE="KB_NM">중흥건설</TE>
<TD WIDTH="80" VALIGN="MIDDLE" ALIGN="CENTER" HEIGHT="23" AUPDATECONT="N" ENG="Company name">회사명</TD>
<TE WIDTH="121" VALIGN="MIDDLE" HEIGHT="23" ACODE="CRP_NM">지티엑스비(주)</TE>
<TD WIDTH="101" VALIGN="MIDDLE" ALIGN="CENTER" HEIGHT="23" AUPDATECONT="N" ENG="Date of disclosure">공시일자</TD>
<TU WIDTH="120" VALIGN="MIDDLE" ALIGN="CENTER" HEIGHT="23" AUNIT="DIS_DT" AUNITVALUE="20260106">2026.01.06</TU>
<TD WIDTH="188" VALIGN="MIDDLE" ALIGN="CENTER" HEIGHT="23" AUPDATECONT="N" ENG="Related laws">관련법규</TD>
<TD WIDTH="231" VALIGN="MIDDLE" ALIGN="CENTER" HEIGHT="23" AUPDATECONT="N" ENG="Fair Trade Act">공정거래법</TD>
</TR>
</TBODY>
</TABLE>
</TABLE-GROUP>

<TABLE ACLASS="NORMAL" WIDTH="1075" BORDER="0">

<COLGROUP WIDTH="1075">
<COL WIDTH="1075"></COL>
</COLGROUP>

<TBODY>

<TR ACOPY="Y" ADELETE="Y" HEIGHT="30">
<TD ALIGN="RIGHT" VALIGN="MIDDLE" WIDTH="1066" HEIGHT="23">(단위: 주, %, 천원)</TD>
</TR>
</TBODY>
</TABLE>

<TABLE BORDER="1" WIDTH="1074" ACLASS="NORMAL">

<COLGROUP WIDTH="1074">
<COL WIDTH="60"></COL>
<COL WIDTH="105"></COL>
<COL WIDTH="74"></COL>
<COL WIDTH="91"></COL>
<COL WIDTH="68"></COL>
<COL WIDTH="84"></COL>
<COL WIDTH="74"></COL>
<COL WIDTH="86"></COL>
<COL WIDTH="55"></COL>
<COL WIDTH="83"></COL>
<COL WIDTH="81"></COL>
<COL WIDTH="115"></COL>
<COL WIDTH="98"></COL>
</COLGROUP>

<THEAD>

<TR ACOPY="Y" ADELETE="Y" HEIGHT="30">
<TH ROWSPAN="3" WIDTH="51" VALIGN="MIDDLE" ACOPYCOL="Y" ADELETECOL="Y" AMOVECOL="N" HEIGHT="214">구분</TH>
<TH ROWSPAN="3" WIDTH="96" VALIGN="MIDDLE" ACOPYCOL="Y" ADELETECOL="Y" AMOVECOL="N" HEIGHT="214">주주명</TH>
<TH ROWSPAN="3" WIDTH="65" VALIGN="MIDDLE" ACOPYCOL="Y" ADELETECOL="Y" AMOVECOL="N" HEIGHT="214">동일인과의관계</TH>
<TH COLSPAN="8" WIDTH="613" VALIGN="MIDDLE" ACOPYCOL="Y" ADELETECOL="Y" AMOVECOL="N" HEIGHT="23">변동내역</TH>
<TH COLSPAN="2" ROWSPAN="2" WIDTH="204" VALIGN="MIDDLE" ACOPYCOL="Y" ADELETECOL="Y" AMOVECOL="N" HEIGHT="92">취득/처분</TH>
</TR>

<TR ACOPY="Y" ADELETE="Y" HEIGHT="69">
<TH ROWSPAN="2" VALIGN="MIDDLE" ACOPYCOL="Y" ADELETECOL="Y" AMOVECOL="N" WIDTH="82" HEIGHT="184">변동일</TH>
<TH ROWSPAN="2" VALIGN="MIDDLE" ACOPYCOL="Y" ADELETECOL="Y" AMOVECOL="N" WIDTH="59" HEIGHT="184">주식의종류(보통주/우선주)</TH>
<TH COLSPAN="2" VALIGN="MIDDLE" ACOPYCOL="Y" ADELETECOL="Y" AMOVECOL="N" WIDTH="149" HEIGHT="62">변동 전</TH>
<TH COLSPAN="2" VALIGN="MIDDLE" ACOPYCOL="Y" ADELETECOL="Y" AMOVECOL="N" WIDTH="132" HEIGHT="62">증감</TH>
<TH COLSPAN="2" VALIGN="MIDDLE" ACOPYCOL="Y" ADELETECOL="Y" AMOVECOL="N" WIDTH="155" HEIGHT="62">변동 후</TH>
</TR>

<TR ACOPY="Y" ADELETE="Y" HEIGHT="122">
<TH VALIGN="MIDDLE" ACOPYCOL="Y" ADELETECOL="Y" AMOVECOL="N" WIDTH="75" HEIGHT="115">주식수</TH>
<TH VALIGN="MIDDLE" ACOPYCOL="Y" ADELETECOL="Y" AMOVECOL="N" WIDTH="65" HEIGHT="115">지분율(A)</TH>
<TH VALIGN="MIDDLE" ACOPYCOL="Y" ADELETECOL="Y" AMOVECOL="N" WIDTH="77" HEIGHT="115">주식수</TH>
<TH VALIGN="MIDDLE" ACOPYCOL="Y" ADELETECOL="Y" AMOVECOL="N" WIDTH="46" HEIGHT="115">지분율(B=C-A)</TH>
<TH VALIGN="MIDDLE" ACOPYCOL="Y" ADELETECOL="Y" AMOVECOL="N" WIDTH="74" HEIGHT="115">주식수</TH>
<TH VALIGN="MIDDLE" ACOPYCOL="Y" ADELETECOL="Y" AMOVECOL="N" WIDTH="72" HEIGHT="115">지분율(C)</TH>
<TH VALIGN="MIDDLE" ACOPYCOL="Y" ADELETECOL="Y" AMOVECOL="N" WIDTH="106" HEIGHT="115">금액</TH>
<TH VALIGN="MIDDLE" ACOPYCOL="Y" ADELETECOL="Y" AMOVECOL="N" WIDTH="89" HEIGHT="115">단가</TH>
</TR>
</THEAD>

<TBODY>

<TR ACOPY="Y" ADELETE="Y" HEIGHT="53">
<TD VALIGN="MIDDLE" ALIGN="CENTER" ROWSPAN="5" WIDTH="51" HEIGHT="235">동일인및동일인관련자</TD>
<TD VALIGN="MIDDLE" ALIGN="CENTER" WIDTH="96" HEIGHT="46">(주)대우건설</TD>
<TD VALIGN="MIDDLE" ALIGN="CENTER" WIDTH="65" HEIGHT="46">계열회사(국내)</TD>
<TD VALIGN="MIDDLE" ALIGN="CENTER" WIDTH="82" HEIGHT="46">2025.12.29</TD>
<TD VALIGN="MIDDLE" ALIGN="CENTER" WIDTH="59" HEIGHT="46">보통주</TD>
<TD VALIGN="MIDDLE" ALIGN="CENTER" WIDTH="75" HEIGHT="46">13,182,680</TD>
<TD VALIGN="MIDDLE" ALIGN="CENTER" WIDTH="65" HEIGHT="46">37.15</TD>
<TD VALIGN="MIDDLE" ALIGN="CENTER" WIDTH="77" HEIGHT="46">-</TD>
<TD VALIGN="MIDDLE" ALIGN="CENTER" WIDTH="46" HEIGHT="46">-6.24</TD>
<TD VALIGN="MIDDLE" ALIGN="CENTER" WIDTH="74" HEIGHT="46">13,182,680</TD>
<TD VALIGN="MIDDLE" ALIGN="CENTER" WIDTH="72" HEIGHT="46">30.91</TD>
<TD VALIGN="MIDDLE" ALIGN="CENTER" WIDTH="106" HEIGHT="46">-</TD>
<TD VALIGN="MIDDLE" ALIGN="CENTER" WIDTH="89" HEIGHT="46">-</TD>
</TR>

<TR ACOPY="Y" ADELETE="Y" HEIGHT="30">
<TD COLSPAN="2" VALIGN="MIDDLE" ALIGN="CENTER" WIDTH="170" HEIGHT="23">자기주식</TD>
<TD VALIGN="MIDDLE" ALIGN="CENTER" WIDTH="82" HEIGHT="23">-</TD>
<TD VALIGN="MIDDLE" ALIGN="CENTER" WIDTH="59" HEIGHT="23">-</TD>
<TD VALIGN="MIDDLE" ALIGN="CENTER" WIDTH="75" HEIGHT="23">-</TD>
<TD VALIGN="MIDDLE" ALIGN="CENTER" WIDTH="65" HEIGHT="23">-</TD>
<TD VALIGN="MIDDLE" ALIGN="CENTER" WIDTH="77" HEIGHT="23">-</TD>
<TD VALIGN="MIDDLE" ALIGN="CENTER" WIDTH="46" HEIGHT="23">-</TD>
<TD VALIGN="MIDDLE" ALIGN="CENTER" WIDTH="74" HEIGHT="23">-</TD>
<TD VALIGN="MIDDLE" ALIGN="CENTER" WIDTH="72" HEIGHT="23">-</TD>
<TD VALIGN="MIDDLE" ALIGN="CENTER" WIDTH="106" HEIGHT="23">-</TD>
<TD VALIGN="MIDDLE" ALIGN="CENTER" WIDTH="89" HEIGHT="23">-</TD>
</TR>

<TR ACOPY="Y" ADELETE="Y" HEIGHT="53">
<TD COLSPAN="2" ROWSPAN="3" VALIGN="MIDDLE" ALIGN="CENTER" WIDTH="170" HEIGHT="152">소계(A)</TD>
<TD ROWSPAN="3" VALIGN="MIDDLE" ALIGN="CENTER" WIDTH="82" HEIGHT="152">-</TD>
<TD VALIGN="MIDDLE" ALIGN="CENTER" WIDTH="59" HEIGHT="46">보통주</TD>
<TD VALIGN="MIDDLE" ALIGN="CENTER" WIDTH="75" HEIGHT="46">13,182,680</TD>
<TD VALIGN="MIDDLE" ALIGN="CENTER" WIDTH="65" HEIGHT="46">37.15</TD>
<TD VALIGN="MIDDLE" ALIGN="CENTER" WIDTH="77" HEIGHT="46">-</TD>
<TD VALIGN="MIDDLE" ALIGN="CENTER" WIDTH="46" HEIGHT="46">-6.24</TD>
<TD VALIGN="MIDDLE" ALIGN="CENTER" WIDTH="74" HEIGHT="46">13,182,680</TD>
<TD VALIGN="MIDDLE" ALIGN="CENTER" WIDTH="72" HEIGHT="46">30.91</TD>
<TD ROWSPAN="3" VALIGN="MIDDLE" ALIGN="CENTER" WIDTH="106" HEIGHT="152">-</TD>
<TD ROWSPAN="3" VALIGN="MIDDLE" ALIGN="CENTER" WIDTH="89" HEIGHT="152">-</TD>
</TR>

<TR ACOPY="Y" ADELETE="Y" HEIGHT="53">
<TD VALIGN="MIDDLE" ALIGN="CENTER" WIDTH="59" HEIGHT="46">우선주</TD>
<TD VALIGN="MIDDLE" ALIGN="CENTER" WIDTH="75" HEIGHT="46">-</TD>
<TD VALIGN="MIDDLE" ALIGN="CENTER" WIDTH="65" HEIGHT="46">-</TD>
<TD VALIGN="MIDDLE" ALIGN="CENTER" WIDTH="77" HEIGHT="46">-</TD>
<TD VALIGN="MIDDLE" ALIGN="CENTER" WIDTH="46" HEIGHT="46">-</TD>
<TD VALIGN="MIDDLE" ALIGN="CENTER" WIDTH="74" HEIGHT="46">-</TD>
<TD VALIGN="MIDDLE" ALIGN="CENTER" WIDTH="72" HEIGHT="46">-</TD>
</TR>

<TR ACOPY="Y" ADELETE="Y" HEIGHT="53">
<TD VALIGN="MIDDLE" ALIGN="CENTER" WIDTH="59" HEIGHT="46">합  계</TD>
<TD VALIGN="MIDDLE" ALIGN="CENTER" WIDTH="75" HEIGHT="46">13,182,680</TD>
<TD VALIGN="MIDDLE" ALIGN="CENTER" WIDTH="65" HEIGHT="46">37.15</TD>
<TD VALIGN="MIDDLE" ALIGN="CENTER" WIDTH="77" HEIGHT="46">-</TD>
<TD VALIGN="MIDDLE" ALIGN="CENTER" WIDTH="46" HEIGHT="46">-6.24</TD>
<TD VALIGN="MIDDLE" ALIGN="CENTER" WIDTH="74" HEIGHT="46">13,182,680</TD>
<TD VALIGN="MIDDLE" ALIGN="CENTER" WIDTH="72" HEIGHT="46">30.91</TD>
</TR>

<TR ACOPY="Y" ADELETE="Y" HEIGHT="30">
<TD VALIGN="MIDDLE" ALIGN="CENTER" ROWSPAN="4" WIDTH="51" HEIGHT="182">동일인측이아닌최다출자자</TD>
<TD VALIGN="MIDDLE" ALIGN="CENTER" WIDTH="96" HEIGHT="23">-</TD>
<TD VALIGN="MIDDLE" ALIGN="CENTER" WIDTH="65" HEIGHT="23">-</TD>
<TD VALIGN="MIDDLE" ALIGN="CENTER" WIDTH="82" HEIGHT="23">-</TD>
<TD VALIGN="MIDDLE" ALIGN="CENTER" WIDTH="59" HEIGHT="23">-</TD>
<TD VALIGN="MIDDLE" ALIGN="CENTER" WIDTH="75" HEIGHT="23">-</TD>
<TD VALIGN="MIDDLE" ALIGN="CENTER" WIDTH="65" HEIGHT="23">-</TD>
<TD VALIGN="MIDDLE" ALIGN="CENTER" WIDTH="77" HEIGHT="23">-</TD>
<TD VALIGN="MIDDLE" ALIGN="CENTER" WIDTH="46" HEIGHT="23">-</TD>
<TD VALIGN="MIDDLE" ALIGN="CENTER" WIDTH="74" HEIGHT="23">-</TD>
<TD VALIGN="MIDDLE" ALIGN="CENTER" WIDTH="72" HEIGHT="23">-</TD>
<TD VALIGN="MIDDLE" ALIGN="CENTER" WIDTH="106" HEIGHT="23">-</TD>
<TD VALIGN="MIDDLE" ALIGN="CENTER" WIDTH="89" HEIGHT="23">-</TD>
</TR>

<TR ACOPY="Y" ADELETE="Y" HEIGHT="53">
<TD COLSPAN="2" ROWSPAN="3" VALIGN="MIDDLE" ALIGN="CENTER" WIDTH="170" HEIGHT="152">소계(B)</TD>
<TD ROWSPAN="3" VALIGN="MIDDLE" ALIGN="CENTER" WIDTH="82" HEIGHT="152">-</TD>
<TD VALIGN="MIDDLE" ALIGN="CENTER" WIDTH="59" HEIGHT="46">보통주</TD>
<TD VALIGN="MIDDLE" ALIGN="CENTER" WIDTH="75" HEIGHT="46">-</TD>
<TD VALIGN="MIDDLE" ALIGN="CENTER" WIDTH="65" HEIGHT="46">-</TD>
<TD VALIGN="MIDDLE" ALIGN="CENTER" WIDTH="77" HEIGHT="46">-</TD>
<TD VALIGN="MIDDLE" ALIGN="CENTER" WIDTH="46" HEIGHT="46">-</TD>
<TD VALIGN="MIDDLE" ALIGN="CENTER" WIDTH="74" HEIGHT="46">-</TD>
<TD VALIGN="MIDDLE" ALIGN="CENTER" WIDTH="72" HEIGHT="46">-</TD>
<TD ROWSPAN="3" VALIGN="MIDDLE" ALIGN="CENTER" WIDTH="106" HEIGHT="152">-</TD>
<TD ROWSPAN="3" VALIGN="MIDDLE" ALIGN="CENTER" WIDTH="89" HEIGHT="152">-</TD>
</TR>

<TR ACOPY="Y" ADELETE="Y" HEIGHT="53">
<TD VALIGN="MIDDLE" ALIGN="CENTER" WIDTH="59" HEIGHT="46">우선주</TD>
<TD VALIGN="MIDDLE" ALIGN="CENTER" WIDTH="75" HEIGHT="46">-</TD>
<TD VALIGN="MIDDLE" ALIGN="CENTER" WIDTH="65" HEIGHT="46">-</TD>
<TD VALIGN="MIDDLE" ALIGN="CENTER" WIDTH="77" HEIGHT="46">-</TD>
<TD VALIGN="MIDDLE" ALIGN="CENTER" WIDTH="46" HEIGHT="46">-</TD>
<TD VALIGN="MIDDLE" ALIGN="CENTER" WIDTH="74" HEIGHT="46">-</TD>
<TD VALIGN="MIDDLE" ALIGN="CENTER" WIDTH="72" HEIGHT="46">-</TD>
</TR>

<TR ACOPY="Y" ADELETE="Y" HEIGHT="53">
<TD VALIGN="MIDDLE" ALIGN="CENTER" WIDTH="59" HEIGHT="46">합  계</TD>
<TD VALIGN="MIDDLE" ALIGN="CENTER" WIDTH="75" HEIGHT="46">-</TD>
<TD VALIGN="MIDDLE" ALIGN="CENTER" WIDTH="65" HEIGHT="46">-</TD>
<TD VALIGN="MIDDLE" ALIGN="CENTER" WIDTH="77" HEIGHT="46">-</TD>
<TD VALIGN="MIDDLE" ALIGN="CENTER" WIDTH="46" HEIGHT="46">-</TD>
<TD VALIGN="MIDDLE" ALIGN="CENTER" WIDTH="74" HEIGHT="46">-</TD>
<TD VALIGN="MIDDLE" ALIGN="CENTER" WIDTH="72" HEIGHT="46">-</TD>
</TR>

<TR ACOPY="Y" ADELETE="Y" HEIGHT="53">
<TD COLSPAN="3" ROWSPAN="3" VALIGN="MIDDLE" ALIGN="CENTER" WIDTH="230" HEIGHT="152">기타 소계(C)</TD>
<TD ROWSPAN="3" VALIGN="MIDDLE" ALIGN="CENTER" WIDTH="82" HEIGHT="152">-</TD>
<TD VALIGN="MIDDLE" ALIGN="CENTER" WIDTH="59" HEIGHT="46">보통주</TD>
<TD VALIGN="MIDDLE" ALIGN="CENTER" WIDTH="75" HEIGHT="46">22,297,576</TD>
<TD VALIGN="MIDDLE" ALIGN="CENTER" WIDTH="65" HEIGHT="46">62.85</TD>
<TD VALIGN="MIDDLE" ALIGN="CENTER" WIDTH="77" HEIGHT="46">7,170,146</TD>
<TD VALIGN="MIDDLE" ALIGN="CENTER" WIDTH="46" HEIGHT="46">+6.24</TD>
<TD VALIGN="MIDDLE" ALIGN="CENTER" WIDTH="74" HEIGHT="46">29,467,722</TD>
<TD VALIGN="MIDDLE" ALIGN="CENTER" WIDTH="72" HEIGHT="46">69.09</TD>
<TD ROWSPAN="3" VALIGN="MIDDLE" ALIGN="CENTER" WIDTH="106" HEIGHT="152">35,850,730</TD>
<TD ROWSPAN="3" VALIGN="MIDDLE" ALIGN="CENTER" WIDTH="89" HEIGHT="152">5</TD>
</TR>

<TR ACOPY="Y" ADELETE="Y" HEIGHT="53">
<TD VALIGN="MIDDLE" ALIGN="CENTER" WIDTH="59" HEIGHT="46">우선주</TD>
<TD VALIGN="MIDDLE" ALIGN="CENTER" WIDTH="75" HEIGHT="46">-</TD>
<TD VALIGN="MIDDLE" ALIGN="CENTER" WIDTH="65" HEIGHT="46">-</TD>
<TD VALIGN="MIDDLE" ALIGN="CENTER" WIDTH="77" HEIGHT="46">-</TD>
<TD VALIGN="MIDDLE" ALIGN="CENTER" WIDTH="46" HEIGHT="46">-</TD>
<TD VALIGN="MIDDLE" ALIGN="CENTER" WIDTH="74" HEIGHT="46">-</TD>
<TD VALIGN="MIDDLE" ALIGN="CENTER" WIDTH="72" HEIGHT="46">-</TD>
</TR>

<TR ACOPY="Y" ADELETE="Y" HEIGHT="53">
<TD VALIGN="MIDDLE" ALIGN="CENTER" WIDTH="59" HEIGHT="46">합  계</TD>
<TD VALIGN="MIDDLE" ALIGN="CENTER" WIDTH="75" HEIGHT="46">22,297,576</TD>
<TD VALIGN="MIDDLE" ALIGN="CENTER" WIDTH="65" HEIGHT="46">62.85</TD>
<TD VALIGN="MIDDLE" ALIGN="CENTER" WIDTH="77" HEIGHT="46">7,170,146</TD>
<TD VALIGN="MIDDLE" ALIGN="CENTER" WIDTH="46" HEIGHT="46">+6.24</TD>
<TD VALIGN="MIDDLE" ALIGN="CENTER" WIDTH="74" HEIGHT="46">29,467,722</TD>
<TD VALIGN="MIDDLE" ALIGN="CENTER" WIDTH="72" HEIGHT="46">69.09</TD>
</TR>

<TR ACOPY="Y" ADELETE="Y" HEIGHT="53">
<TD COLSPAN="3" ROWSPAN="3" VALIGN="MIDDLE" ALIGN="CENTER" WIDTH="230" HEIGHT="152">전체 합계(A+B+C)</TD>
<TD ROWSPAN="3" VALIGN="MIDDLE" ALIGN="CENTER" WIDTH="82" HEIGHT="152">-</TD>
<TD VALIGN="MIDDLE" ALIGN="CENTER" WIDTH="59" HEIGHT="46">보통주</TD>
<TD VALIGN="MIDDLE" ALIGN="CENTER" WIDTH="75" HEIGHT="46">35,480,256</TD>
<TD VALIGN="MIDDLE" ALIGN="CENTER" WIDTH="65" HEIGHT="46">100</TD>
<TD VALIGN="MIDDLE" ALIGN="CENTER" WIDTH="77" HEIGHT="46">7,170,146</TD>
<TD VALIGN="MIDDLE" ALIGN="CENTER" WIDTH="46" HEIGHT="46">-</TD>
<TD VALIGN="MIDDLE" ALIGN="CENTER" WIDTH="74" HEIGHT="46">42,650,402</TD>
<TD VALIGN="MIDDLE" ALIGN="CENTER" WIDTH="72" HEIGHT="46">100</TD>
<TD ROWSPAN="3" VALIGN="MIDDLE" ALIGN="CENTER" WIDTH="106" HEIGHT="152">35,850,730</TD>
<TD ROWSPAN="3" VALIGN="MIDDLE" ALIGN="CENTER" WIDTH="89" HEIGHT="152">5</TD>
</TR>

<TR ACOPY="Y" ADELETE="Y" HEIGHT="53">
<TD VALIGN="MIDDLE" ALIGN="CENTER" WIDTH="59" HEIGHT="46">우선주</TD>
<TD VALIGN="MIDDLE" ALIGN="CENTER" WIDTH="75" HEIGHT="46">-</TD>
<TD VALIGN="MIDDLE" ALIGN="CENTER" WIDTH="65" HEIGHT="46">-</TD>
<TD VALIGN="MIDDLE" ALIGN="CENTER" WIDTH="77" HEIGHT="46">-</TD>
<TD VALIGN="MIDDLE" ALIGN="CENTER" WIDTH="46" HEIGHT="46">-</TD>
<TD VALIGN="MIDDLE" ALIGN="CENTER" WIDTH="74" HEIGHT="46">-</TD>
<TD VALIGN="MIDDLE" ALIGN="CENTER" WIDTH="72" HEIGHT="46">-</TD>
</TR>

<TR ACOPY="Y" ADELETE="Y" HEIGHT="53">
<TD VALIGN="MIDDLE" ALIGN="CENTER" WIDTH="59" HEIGHT="46">합  계</TD>
<TD VALIGN="MIDDLE" ALIGN="CENTER" WIDTH="75" HEIGHT="46">35,480,256</TD>
<TD VALIGN="MIDDLE" ALIGN="CENTER" WIDTH="65" HEIGHT="46">100</TD>
<TD VALIGN="MIDDLE" ALIGN="CENTER" WIDTH="77" HEIGHT="46">7,170,146</TD>
<TD VALIGN="MIDDLE" ALIGN="CENTER" WIDTH="46" HEIGHT="46">-</TD>
<TD VALIGN="MIDDLE" ALIGN="CENTER" WIDTH="74" HEIGHT="46">42,650,402</TD>
<TD VALIGN="MIDDLE" ALIGN="CENTER" WIDTH="72" HEIGHT="46">100</TD>
</TR>
</TBODY>
</TABLE>
<P></P>
</SECTION-1>
</BODY>
</DOCUMENT>