<?xml version="1.0" encoding="utf-8"?>


<DOCUMENT xmlns:xsi="http://www.w3.org/2001/XMLSchema-instance" xsi:noNamespaceSchemaLocation="dart4.xsd">

<DOCUMENT-NAME ACODE="80726">특수관계인에대한부동산임대</DOCUMENT-NAME>
<FORMULA-VERSION ADATE="20240129">6.0</FORMULA-VERSION>
<COMPANY-NAME AREGCIK="00126256">삼성생명보험주식회사</COMPANY-NAME>


<BODY ATOCID="1">

<SECTION-1 ACLASS="MANDATORY" APARTSOURCE="SOURCE">
<TITLE ATOC="Y" AASSOCNOTE="D-0-1-0-0" ENG="Rental of Real Estate for Related Party" ATOCID="1">특수관계인에 대한 부동산임대</TITLE>
<P></P>

<TABLE ACLASS="NORMAL" WIDTH="733" BORDER="1">

<COLGROUP WIDTH="733">
<COL WIDTH="93"></COL>
<COL WIDTH="48"></COL>
<COL WIDTH="63"></COL>
<COL WIDTH="135"></COL>
<COL WIDTH="78"></COL>
<COL WIDTH="75"></COL>
<COL WIDTH="78"></COL>
<COL WIDTH="163"></COL>
</COLGROUP>

<TBODY>

<TR ACOPY="Y" ADELETE="Y" HEIGHT="30">
<TD ALIGN="CENTER" VALIGN="MIDDLE" WIDTH="84" HEIGHT="23">기업집단명</TD>
<TD VALIGN="MIDDLE" WIDTH="39" HEIGHT="23" ALIGN="CENTER">삼성</TD>
<TD ALIGN="CENTER" VALIGN="MIDDLE" WIDTH="54" HEIGHT="23">회사명</TD>
<TD VALIGN="MIDDLE" WIDTH="126" HEIGHT="23" ALIGN="CENTER">삼성생명보험(주)</TD>
<TD ALIGN="CENTER" VALIGN="MIDDLE" WIDTH="69" HEIGHT="23">공시일자</TD>
<TD VALIGN="MIDDLE" WIDTH="66" HEIGHT="23" ALIGN="CENTER">'26. 1. 5</TD>
<TD ALIGN="CENTER" VALIGN="MIDDLE" WIDTH="69" HEIGHT="23">관련법규</TD>
<TD ALIGN="CENTER" VALIGN="MIDDLE" WIDTH="154" HEIGHT="23">공정거래법 제26조</TD>
</TR>
</TBODY>
</TABLE>
<P></P>

<TABLE ACLASS="NORMAL" AFIXTABLE="N" WIDTH="733" BORDER="0">

<COLGROUP WIDTH="733">
<COL WIDTH="733"></COL>
</COLGROUP>

<TBODY>

<TR ACOPY="Y" ADELETE="Y" HEIGHT="30">
<TD ALIGN="RIGHT" VALIGN="BOTTOM" WIDTH="724" HEIGHT="23">(단위 : 백만 원) </TD>
</TR>
</TBODY>
</TABLE>

<TABLE BORDER="1" WIDTH="733" ACLASS="NORMAL" AFIXTABLE="N">

<COLGROUP WIDTH="733">
<COL WIDTH="194"></COL>
<COL WIDTH="112"></COL>
<COL WIDTH="104"></COL>
<COL WIDTH="111"></COL>
<COL WIDTH="212"></COL>
</COLGROUP>

<TBODY>

<TR ACOPY="Y" ADELETE="Y" HEIGHT="30">
<TD VALIGN="MIDDLE" WIDTH="185" HEIGHT="23">1. 거래상대방</TD>
<TD COLSPAN="2" ALIGN="CENTER" VALIGN="MIDDLE" WIDTH="207" HEIGHT="23">(복)삼성생명공익재단</TD>
<TD ALIGN="CENTER" VALIGN="MIDDLE" WIDTH="102" HEIGHT="23">회사와의 관계</TD>
<TD ALIGN="CENTER" VALIGN="MIDDLE" WIDTH="203" HEIGHT="23">비영리법인</TD>
</TR>

<TR ACOPY="Y" ADELETE="Y" HEIGHT="30">
<TD ROWSPAN="7" VALIGN="MIDDLE" WIDTH="185" HEIGHT="203">2. 부동산 임대내역</TD>
<TD VALIGN="MIDDLE" WIDTH="103" HEIGHT="23">가. 임대일자</TD>
<TD COLSPAN="3" ALIGN="CENTER" VALIGN="MIDDLE" WIDTH="418" HEIGHT="23">'26. 1. 1</TD>
</TR>

<TR ACOPY="Y" ADELETE="Y" HEIGHT="30">
<TD VALIGN="MIDDLE" WIDTH="103" HEIGHT="23">나. 임대목적물</TD>
<TD COLSPAN="3" ALIGN="CENTER" VALIGN="MIDDLE" WIDTH="418" HEIGHT="23">건물</TD>
</TR>

<TR ACOPY="Y" ADELETE="Y" HEIGHT="30">
<TD VALIGN="MIDDLE" WIDTH="103" HEIGHT="23">다. 소재지</TD>
<TD COLSPAN="3" ALIGN="CENTER" VALIGN="MIDDLE" WIDTH="418" HEIGHT="23">서울시 강남구 일원로 81</TD>
</TR>

<TR ACOPY="Y" ADELETE="Y" HEIGHT="30">
<TD ROWSPAN="4" VALIGN="MIDDLE" WIDTH="103" HEIGHT="113">라. 거래내역</TD>
<TD ALIGN="CENTER" VALIGN="MIDDLE" WIDTH="95" HEIGHT="23">임대기간</TD>
<TD COLSPAN="2" ALIGN="CENTER" VALIGN="MIDDLE" WIDTH="314" HEIGHT="23">'26. 1. 1 ~ '30.12.31 </TD>
</TR>

<TR ACOPY="Y" ADELETE="Y" HEIGHT="30">
<TD ALIGN="CENTER" VALIGN="MIDDLE" WIDTH="95" HEIGHT="23">거래금액</TD>

<TD COLSPAN="2" ALIGN="CENTER" VALIGN="MIDDLE" WIDTH="314" HEIGHT="23">28,332 
<SPAN USERMARK="F-9 ">주1), 주2)</SPAN>
</TD>
</TR>

<TR ACOPY="Y" ADELETE="Y" HEIGHT="30">
<TD ALIGN="CENTER" VALIGN="MIDDLE" WIDTH="95" HEIGHT="23">- 보증금</TD>
<TD COLSPAN="2" ALIGN="CENTER" VALIGN="MIDDLE" WIDTH="314" HEIGHT="23">-</TD>
</TR>

<TR ACOPY="Y" ADELETE="Y" HEIGHT="30">
<TD ALIGN="CENTER" VALIGN="MIDDLE" WIDTH="95" HEIGHT="23">- 연간임대료</TD>
<TD COLSPAN="2" ALIGN="CENTER" VALIGN="MIDDLE" WIDTH="314" HEIGHT="23">28,332</TD>
</TR>

<TR ACOPY="Y" ADELETE="Y" HEIGHT="30">
<TD VALIGN="MIDDLE" WIDTH="185" HEIGHT="23">3. 거래의 목적</TD>
<TD COLSPAN="4" ALIGN="CENTER" VALIGN="MIDDLE" WIDTH="530" HEIGHT="23">임대차 계약</TD>
</TR>

<TR ACOPY="Y" ADELETE="Y" HEIGHT="30">
<TD VALIGN="MIDDLE" WIDTH="185" HEIGHT="23">4. 이사회 의결일</TD>
<TD COLSPAN="4" ALIGN="CENTER" VALIGN="MIDDLE" WIDTH="530" HEIGHT="23">'25.12.30</TD>
</TR>

<TR ACOPY="Y" ADELETE="Y" HEIGHT="30">
<TD ROWSPAN="2" VALIGN="MIDDLE" WIDTH="185" HEIGHT="53">- 사외이사 참석여부</TD>
<TD ALIGN="CENTER" VALIGN="MIDDLE" WIDTH="103" HEIGHT="23">참석(명)</TD>
<TD COLSPAN="3" ALIGN="CENTER" VALIGN="MIDDLE" WIDTH="418" HEIGHT="23">4</TD>
</TR>

<TR ACOPY="Y" ADELETE="Y" HEIGHT="30">
<TD ALIGN="CENTER" VALIGN="MIDDLE" WIDTH="103" HEIGHT="23">불참(명)</TD>
<TD COLSPAN="3" ALIGN="CENTER" VALIGN="MIDDLE" WIDTH="418" HEIGHT="23">-</TD>
</TR>

<TR ACOPY="Y" ADELETE="Y" HEIGHT="30">
<TD VALIGN="MIDDLE" WIDTH="185" HEIGHT="23">- 감사(감사위원)참석여부</TD>
<TD COLSPAN="4" ALIGN="CENTER" VALIGN="MIDDLE" WIDTH="530" HEIGHT="23">참석</TD>
</TR>

<TR ACOPY="Y" ADELETE="Y" HEIGHT="30">
<TD VALIGN="MIDDLE" WIDTH="185" HEIGHT="23">5. 기타</TD>
<TD COLSPAN="4" ALIGN="CENTER" VALIGN="MIDDLE" WIDTH="530" HEIGHT="23"> 계약 만료에 대한 재계약</TD>
</TR>

<TR ACOPY="Y" ADELETE="Y" HEIGHT="30">
<TD VALIGN="MIDDLE" WIDTH="185" HEIGHT="23">※ 관련공시일</TD>
<TD COLSPAN="4" ALIGN="CENTER" VALIGN="MIDDLE" WIDTH="530" HEIGHT="23">-</TD>
</TR>
</TBODY>
</TABLE>
<P USERMARK="F-GL11 ">주1) 거래금액 : 연간임대료 + 환산연간임대료       [환산연간임대료 = 보증금 X 관련법률에의한이자율(3.1%)]주2) 리모델링 공사 관련 매년 추가임대료 별도 발생('26년 6,800백만 원 예상)</P>
</SECTION-1>
</BODY>
</DOCUMENT>