<html>
 <head> 
  <meta content="gdi" http-equiv="X-UA-TextLayoutMetrics"> 
  <meta content="text/html; charset=euc-kr" http-equiv="Content-Type"> 
  <STYLE>
.xforms * { font-family: 돋움체;}
.xforms_title * { font-size: 13pt; padding : 0 0 10 0;}

.xforms table {
    font-size: 10px;
    padding:0px;
    border-collapse:collapse;
    color: #3D3D3D;
}
.xforms td {
    padding-left:0px;
    padding-top:0px;
    border-collapse:collapse;
    line-height:22px;
    color: #3D3D3D;
    /*text-align:right;*/
    vertical-align:middle;
    border: 1px solid #7f7f7f;
}

.xforms span {
    /*display: inline-block;*/
    padding-left:3px;
    padding-right: 1px;
    line-height:22px;
    padding-top:0px;
    padding-bottom:0px;
    text-align:left;
    vertical-align:middle;
    border: 0px solid #DBDBDB;
}

.xforms.img{
    border : 0px;
}

.xforms a:link {

    color: #194866;
    text-decoration: none;
}
.xforms a:active {

    color: #194866;
    text-decoration: none;
}
.xforms a:visited {
    color: #194866;
    text-decoration: none;
}

.xforms A:hover {
    color:008BE3;
    text-decoration: none;
}

.xforms_input{
    border: 0px solid #DBDBDB;
    padding-left:3px;
    padding-right: 1px;
    height:22px;
    padding-top:0px;
    padding-bottom:0px;
    text-align:left;
}
</STYLE> 
  <title>현대자동차/영업실적 등에 대한 전망(공정공시)/(2026.01.05)영업실적 등에 대한 전망(공정공시)</title> 
 </head> 
 <body> 
  <div class="xforms"> 
   <div> 
    <span class="noprint" style="display:none;width:600px;font-size:10pt;"> </span> 
    <div class="xforms_title"> 
     <div> 
      <span style="width:592px;font-weight:bold;text-align:center;">영업실적 등에 대한 전망(공정공시)</span> 
     </div> 
    </div> 
    <span class="noprint" style="display:none;width:600px;font-size:10pt;"> </span> 
    <table border="1" bordercolordark="white" bordercolorlight="#666666" cellpadding="1" cellspacing="0" id="XFormD1_Form0_RepeatTable0" style="margin:0px 0px 20px 0px;width:599px;font-size:10pt;border:1px solid #7f7f7f;"> 
     <tbody> 
      <tr> 
       <td colspan="8" width="599"> <span style="width:599px;font-size:10pt;">※ 동 정보는 예측정보로서 향후 실제 결과와는 다를 수 있음</span> </td> 
      </tr> 
      <tr> 
       <td colspan="8" width="599"> <span style="width:599px;font-size:10pt;">1. 영업실적 전망 내용</span> </td> 
      </tr> 
      <tr> 
       <td colspan="2" width="176"> <span style="width:176px;font-size:10pt;text-align:center;">구분(단위 : 억원)</span> </td> 
       <td width="72"> <span class="xforms_input" style="width:72px;font-size:10pt;">2026</span> </td> 
       <td width="81"> <span style="width:81px;font-size:10pt;">사업연도</span> </td> 
       <td width="69"> <span class="xforms_input" style="width:69px;font-size:10pt;">2027</span> </td> 
       <td width="67"> <span style="width:67px;font-size:10pt;">사업연도</span> </td> 
       <td width="64"> <span class="xforms_input" style="width:64px;font-size:10pt;">2028</span> </td> 
       <td width="70"> <span style="width:70px;font-size:10pt;">사업연도</span> </td> 
      </tr> 
      <tr> 
       <td rowspan="2" width="96"> <span style="width:96px;font-size:10pt;">대상기간</span> </td> 
       <td width="80"> <span style="width:80px;font-size:10pt;">시작일</span> </td> 
       <td colspan="2" width="153"> <span class="xforms_input" style="width:153px;font-size:10pt;">-</span> </td> 
       <td colspan="2" width="136"> <span class="xforms_input" style="width:136px;font-size:10pt;">-</span> </td> 
       <td colspan="2" width="134"> <span class="xforms_input" style="width:134px;font-size:10pt;">-</span> </td> 
      </tr> 
      <tr> 
       <td width="80"> <span style="width:80px;font-size:10pt;">종료일</span> </td> 
       <td colspan="2" width="153"> <span class="xforms_input" style="width:153px;font-size:10pt;">-</span> </td> 
       <td colspan="2" width="136"> <span class="xforms_input" style="width:136px;font-size:10pt;">-</span> </td> 
       <td colspan="2" width="134"> <span class="xforms_input" style="width:134px;font-size:10pt;">-</span> </td> 
      </tr> 
      <tr> 
       <td colspan="2" width="176"> <span style="width:176px;font-size:10pt;">매출액</span> </td> 
       <td colspan="2" width="153"> <span class="xforms_input" style="width:153px;font-size:10pt;text-align:right;">-</span> </td> 
       <td colspan="2" width="136"> <span class="xforms_input" style="width:136px;font-size:10pt;text-align:right;">-</span> </td> 
       <td colspan="2" width="134"> <span class="xforms_input" style="width:134px;font-size:10pt;text-align:right;">-</span> </td> 
      </tr> 
      <tr> 
       <td colspan="2" width="176"> <span style="width:176px;font-size:10pt;">영업이익</span> </td> 
       <td colspan="2" width="153"> <span class="xforms_input" style="width:153px;font-size:10pt;text-align:right;">-</span> </td> 
       <td colspan="2" width="136"> <span class="xforms_input" style="width:136px;font-size:10pt;text-align:right;">-</span> </td> 
       <td colspan="2" width="134"> <span class="xforms_input" style="width:134px;font-size:10pt;text-align:right;">-</span> </td> 
      </tr> 
      <tr> 
       <td colspan="2" width="176"> <span class="xforms_input" style="width:176px;font-size:10pt;">법인세비용차감전계속사업이익</span> </td> 
       <td colspan="2" width="153"> <span class="xforms_input" style="width:153px;font-size:10pt;text-align:right;">-</span> </td> 
       <td colspan="2" width="136"> <span class="xforms_input" style="width:136px;font-size:10pt;text-align:right;">-</span> </td> 
       <td colspan="2" width="134"> <span class="xforms_input" style="width:134px;font-size:10pt;text-align:right;">-</span> </td> 
      </tr> 
      <tr> 
       <td colspan="2" width="176"> <span style="width:176px;font-size:10pt;">당기순이익</span> </td> 
       <td colspan="2" width="153"> <span class="xforms_input" style="width:153px;font-size:10pt;text-align:right;">-</span> </td> 
       <td colspan="2" width="136"> <span class="xforms_input" style="width:136px;font-size:10pt;text-align:right;">-</span> </td> 
       <td colspan="2" width="134"> <span class="xforms_input" style="width:134px;font-size:10pt;text-align:right;">-</span> </td> 
      </tr> 
      <tr> 
       <td colspan="2" width="176"> <span class="xforms_input" style="width:176px;font-size:10pt;">2026년 판매목표(대수)</span> </td> 
       <td colspan="2" width="153"> <span class="xforms_input" style="width:153px;font-size:10pt;text-align:right;">4,158,300</span> </td> 
       <td colspan="2" width="136"> <span class="xforms_input" style="width:136px;font-size:10pt;text-align:right;">-</span> </td> 
       <td colspan="2" width="134"> <span class="xforms_input" style="width:134px;font-size:10pt;text-align:right;">-</span> </td> 
      </tr> 
      <tr> 
       <td colspan="2" width="176"> <span class="xforms_input" style="width:176px;font-size:10pt;">-국내</span> </td> 
       <td colspan="2" width="153"> <span class="xforms_input" style="width:153px;font-size:10pt;text-align:right;">700,000</span> </td> 
       <td colspan="2" width="136"> <span class="xforms_input" style="width:136px;font-size:10pt;text-align:right;">-</span> </td> 
       <td colspan="2" width="134"> <span class="xforms_input" style="width:134px;font-size:10pt;text-align:right;">-</span> </td> 
      </tr> 
      <tr> 
       <td colspan="2" width="176"> <span class="xforms_input" style="width:176px;font-size:10pt;">-해외</span> </td> 
       <td colspan="2" width="153"> <span class="xforms_input" style="width:153px;font-size:10pt;text-align:right;">3,458,300</span> </td> 
       <td colspan="2" width="136"> <span class="xforms_input" style="width:136px;font-size:10pt;text-align:right;">-</span> </td> 
       <td colspan="2" width="134"> <span class="xforms_input" style="width:134px;font-size:10pt;text-align:right;">-</span> </td> 
      </tr> 
      <tr> 
       <td colspan="4" width="329"> <span style="width:329px;font-size:10pt;">2. 전망 또는 예측의 근거</span> </td> 
       <td colspan="4" width="270"> <span class="xforms_input" style="width:270px;font-size:10pt;">- 2026년 판매목표는 주요지표 예측치와 사업환경 등을 감안한 당사 내부기준에 근거하여 수립되었습니다.</span> </td> 
      </tr> 
      <tr> 
       <td colspan="2" rowspan="5" width="176"> <span style="width:176px;font-size:10pt;">3. 정보제공내역</span> </td> 
       <td colspan="2" width="153"> <span style="width:153px;font-size:10pt;">정보제공자</span> </td> 
       <td colspan="4" width="270"> <span class="xforms_input" style="width:270px;font-size:10pt;">커뮤니케이션센터</span> </td> 
      </tr> 
      <tr> 
       <td colspan="2" width="153"> <span style="width:153px;font-size:10pt;">정보제공대상자</span> </td> 
       <td colspan="4" width="270"> <span class="xforms_input" style="width:270px;font-size:10pt;">언론사 등</span> </td> 
      </tr> 
      <tr> 
       <td colspan="2" width="153"> <span style="width:153px;font-size:10pt;">정보제공(예정)일자</span> </td> 
       <td colspan="4" width="270"> <span class="xforms_input" style="width:270px;font-size:10pt;">공정공시 이후</span> </td> 
      </tr> 
      <tr> 
       <td colspan="2" width="153"> <span style="width:153px;font-size:10pt;">정보제공(예정)시간</span> </td> 
       <td colspan="4" width="270"> <span class="xforms_input" style="width:270px;font-size:10pt;">공정공시 이후</span> </td> 
      </tr> 
      <tr> 
       <td colspan="2" width="153"> <span style="width:153px;font-size:10pt;">행사명(장소)</span> </td> 
       <td colspan="4" width="270"> <span class="xforms_input" style="width:270px;font-size:10pt;">보도자료 배포 등</span> </td> 
      </tr> 
      <tr> 
       <td colspan="2" rowspan="2" width="176"> <span style="width:176px;font-size:10pt;">4. 연락처</span> </td> 
       <td colspan="2" width="153"> <span style="width:153px;font-size:10pt;">관련부서</span> </td> 
       <td colspan="4" width="270"> <span class="xforms_input" style="width:270px;font-size:10pt;">커뮤니케이션센터</span> </td> 
      </tr> 
      <tr> 
       <td colspan="2" width="153"> <span style="width:153px;font-size:10pt;">전화번호</span> </td> 
       <td colspan="4" width="270"> <span class="xforms_input" style="width:270px;font-size:10pt;">02-3464-2116</span> </td> 
      </tr> 
      <tr> 
       <td colspan="8" width="599"> <span style="width:599px;font-size:10pt;">5. 기타 투자판단과 관련한 중요사항</span> </td> 
      </tr> 
      <tr> 
       <td colspan="8" width="599"> <span class="xforms_input" style="width:599px;font-size:10pt;">- 상기 1항의 '2026년 판매목표'는 경영여건 및 국내외 시장상황 등에 따라 변동될 수 있으며, 실제 결과와 일치하지 않을 수 있습니다.</span> </td> 
      </tr> 
      <tr> 
       <td colspan="2" width="176"> <span style="width:176px;font-size:10pt;">※ 관련공시</span> </td> 
       <td colspan="6" width="423"> <span class="xforms_input" style="width:423px;font-size:10pt;">-</span> </td> 
      </tr> 
     </tbody> 
    </table> 
    <div id="LIB_L9071" style="width:608px;font-size:10pt;;padding:0 0 20 0"> 
     <div> 
      <div> 
       <span style="width:600px;font-size:11pt;font-weight:bold;">[최근 영업실적 등에 대한 전망과 실적 차이]</span> 
       <table border="1" bordercolordark="white" bordercolorlight="#666666" cellpadding="1" cellspacing="0" id="XFormD3_Form0_RepeatTable0" style="margin:0px 0px 20px 0px;width:600px;border:1px solid #7f7f7f;"> 
        <tbody> 
         <tr> 
          <td width="142"> <span style="width:142px;font-size:10pt;">대상기간</span> </td> 
          <td width="142"> <span class="xforms_input" style="width:142px;font-size:10pt;">2025-01-01</span> </td> 
          <td width="142"> <span style="width:142px;font-size:10pt;text-align:center;">~</span> </td> 
          <td width="174"> <span class="xforms_input" style="width:174px;font-size:10pt;">2025-12-31</span> </td> 
         </tr> 
         <tr> 
          <td width="142"> <span style="width:142px;font-size:10pt;">구분(단위 : 억원)</span> </td> 
          <td width="142"> <span style="width:142px;font-size:10pt;text-align:center;">전망</span> </td> 
          <td width="142"> <span style="width:142px;font-size:10pt;text-align:center;">실적</span> </td> 
          <td width="174"> <span style="width:174px;font-size:10pt;text-align:center;">오차율</span> </td> 
         </tr> 
         <tr> 
          <td width="142"> <span style="width:142px;font-size:10pt;">매출액</span> </td> 
          <td width="142"> <span class="xforms_input" style="width:142px;font-size:10pt;text-align:right;">-</span> </td> 
          <td width="142"> <span class="xforms_input" style="width:142px;font-size:10pt;text-align:right;">-</span> </td> 
          <td width="174"> <span class="xforms_input" style="width:174px;font-size:10pt;text-align:right;">-</span> </td> 
         </tr> 
         <tr> 
          <td width="142"> <span style="width:142px;font-size:10pt;">영업이익</span> </td> 
          <td width="142"> <span class="xforms_input" style="width:142px;font-size:10pt;text-align:right;">-</span> </td> 
          <td width="142"> <span class="xforms_input" style="width:142px;font-size:10pt;text-align:right;">-</span> </td> 
          <td width="174"> <span class="xforms_input" style="width:174px;font-size:10pt;text-align:right;">-</span> </td> 
         </tr> 
         <tr> 
          <td width="142"> <span style="width:142px;font-size:10pt;">법인세비용차감전계속사업이익</span> </td> 
          <td width="142"> <span class="xforms_input" style="width:142px;font-size:10pt;text-align:right;">-</span> </td> 
          <td width="142"> <span class="xforms_input" style="width:142px;font-size:10pt;text-align:right;">-</span> </td> 
          <td width="174"> <span class="xforms_input" style="width:174px;font-size:10pt;text-align:right;">-</span> </td> 
         </tr> 
         <tr> 
          <td width="142"> <span style="width:142px;font-size:10pt;">당기순이익</span> </td> 
          <td width="142"> <span class="xforms_input" style="width:142px;font-size:10pt;text-align:right;">-</span> </td> 
          <td width="142"> <span class="xforms_input" style="width:142px;font-size:10pt;text-align:right;">-</span> </td> 
          <td width="174"> <span class="xforms_input" style="width:174px;font-size:10pt;text-align:right;">-</span> </td> 
         </tr> 
         <tr> 
          <td width="142"> <span class="xforms_input" style="width:142px;font-size:10pt;">2025년 판매목표(대수)</span> </td> 
          <td width="142"> <span class="xforms_input" style="width:142px;font-size:10pt;text-align:right;">4,174,000</span> </td> 
          <td width="142"> <span class="xforms_input" style="width:142px;font-size:10pt;text-align:right;">4,138,180</span> </td> 
          <td width="174"> <span class="xforms_input" style="width:174px;font-size:10pt;text-align:right;">-0.9</span> </td> 
         </tr> 
         <tr> 
          <td width="142"> <span class="xforms_input" style="width:142px;font-size:10pt;">-국내</span> </td> 
          <td width="142"> <span class="xforms_input" style="width:142px;font-size:10pt;text-align:right;">710,000</span> </td> 
          <td width="142"> <span class="xforms_input" style="width:142px;font-size:10pt;text-align:right;">712,954</span> </td> 
          <td width="174"> <span class="xforms_input" style="width:174px;font-size:10pt;text-align:right;">0.4</span> </td> 
         </tr> 
         <tr> 
          <td width="142"> <span class="xforms_input" style="width:142px;font-size:10pt;">-해외</span> </td> 
          <td width="142"> <span class="xforms_input" style="width:142px;font-size:10pt;text-align:right;">3,464,000</span> </td> 
          <td width="142"> <span class="xforms_input" style="width:142px;font-size:10pt;text-align:right;">3,425,226</span> </td> 
          <td width="174"> <span class="xforms_input" style="width:174px;font-size:10pt;text-align:right;">-1.1</span> </td> 
         </tr> 
        </tbody> 
       </table> 
      </div> 
     </div> 
    </div> 
   </div> 
  </div>  
 </body>
</html>