<?xml version="1.0" encoding="utf-8"?>


<DOCUMENT xmlns:xsi="http://www.w3.org/2001/XMLSchema-instance" xsi:noNamespaceSchemaLocation="dart4.xsd">

<DOCUMENT-NAME ACODE="00634">임원ㆍ주요주주 특정증권등 소유상황보고서</DOCUMENT-NAME>
<FORMULA-VERSION ADATE="20251201">6.1</FORMULA-VERSION>
<COMPANY-NAME AREGCIK="00121941">대상(주)</COMPANY-NAME>

<SUMMARY>
<EXTRACTION ACODE="OUTDATE" AFEATURE="BOTH">20251001</EXTRACTION>
</SUMMARY>


<BODY ATOCID="7">

<COVER>
<P></P>
<COVER-TITLE ATOC="Y" AASSOCNOTE="COVER" ENG="Report on Status of Specific Securities, etc. Owned by Executives and Major Shareholders" ATOCID="1">임원ㆍ주요주주 특정증권등 소유상황보고서</COVER-TITLE>
<P></P>

<TABLE-GROUP ACLASS="RPT_RSP_DT" ADELETETABLE="N">

<TABLE ACLASS="EXTRACTION" AFIXTABLE="Y" WIDTH="600" BORDER="0">

<COLGROUP WIDTH="600">
<COL WIDTH="260"></COL>
<COL WIDTH="163"></COL>
<COL WIDTH="177"></COL>
</COLGROUP>

<TBODY>

<TR ACOPY="Y" ADELETE="Y" HEIGHT="30">
<TD WIDTH="251" HEIGHT="23">증권선물위원회 귀중</TD>
<TD WIDTH="154" HEIGHT="23"></TD>
<TD ALIGN="CENTER" WIDTH="168" HEIGHT="23"></TD>
</TR>

<TR ACOPY="Y" ADELETE="Y" HEIGHT="30">
<TD WIDTH="251" HEIGHT="23">한국거래소 귀중</TD>
<TD WIDTH="154" HEIGHT="23"></TD>
<TD ALIGN="CENTER" WIDTH="168" HEIGHT="23"></TD>
</TR>

<TR ACOPY="Y" ADELETE="Y" HEIGHT="30">
<TD ROWSPAN="2" WIDTH="251" HEIGHT="53"></TD>
<TD WIDTH="154" HEIGHT="23" AUPDATECONT="N" ENG="Date of occurrence of reporting obligation:">보고의무발생일   :</TD>
<TU ALIGN="CENTER" WIDTH="168" HEIGHT="23" AUNIT="RPT_RSP_DT" AUNITVALUE="20251001">2025년 10월 01일</TU>
</TR>

<TR ACOPY="Y" ADELETE="Y" HEIGHT="30">
<TD WIDTH="154" HEIGHT="23" AUPDATECONT="N" ENG="Report preparation date:">보고서작성기준일 : </TD>
<TU ALIGN="CENTER" WIDTH="168" HEIGHT="23" AUNIT="RPT_REF_DT" AUNITVALUE="20251231">2025년 12월 31일</TU>
</TR>
</TBODY>
</TABLE>
</TABLE-GROUP>
<P></P>

<TABLE ACLASS="NORMAL" AFIXTABLE="Y" WIDTH="600" BORDER="1">

<COLGROUP WIDTH="600">
<COL WIDTH="600"></COL>
</COLGROUP>

<TBODY>

<TR ACOPY="Y" ADELETE="Y" HEIGHT="76">
<TD WIDTH="591" HEIGHT="69" AUPDATECONT="N" ENG="※ I hereby confirm that my ownership status of specific securities, etc., as of the date of preparation of the report has been accurately disclosed in accordance with applicable laws and regulations and with due diligence in writing, and that there are no misstatements or omissions of important matters.">※ 보고자 본인은 보고서작성기준일 현재 본인의 특정증권등의 소유상황을 관련 법규 및 기재상의 주의에 따라 정확하게 작성하였고, 중요한 사항의 허위기재 또는 기재누락이 없음을 확인합니다.</TD>
</TR>
</TBODY>
</TABLE>
<P></P>

<TABLE ACLASS="NORMAL" AFIXTABLE="N" WIDTH="600" BORDER="0">

<COLGROUP WIDTH="600">
<COL WIDTH="169"></COL>
<COL WIDTH="431"></COL>
</COLGROUP>

<TBODY>

<TR ACOPY="Y" ADELETE="Y" HEIGHT="30">
<TD ALIGN="CENTER" VALIGN="MIDDLE" WIDTH="160" HEIGHT="23">보고자 :</TD>
<TD VALIGN="MIDDLE" WIDTH="422" HEIGHT="23">국민연금공단</TD>
</TR>
</TBODY>
</TABLE>
<P></P>
<P></P>
<PGBRK></PGBRK>
<P></P>
</COVER>

<LIBRARY>
<SECTION-1 ACLASS="MANDATORY" APARTSOURCE="SOURCE">

<SECTION-2 ACLASS="MANDATORY">
<TITLE ATOC="Y" AASSOCNOTE="D-0-1-1-0" ENG="1. Matters related to the issuing company" ATOCID="2">1. 발행회사에 관한 사항</TITLE>

<TABLE-GROUP ACLASS="CRP_NM" ADELETETABLE="N">

<TABLE ACLASS="EXTRACTION" AFIXTABLE="Y" WIDTH="600" BORDER="1">

<COLGROUP WIDTH="600">
<COL WIDTH="150"></COL>
<COL WIDTH="137"></COL>
<COL WIDTH="163"></COL>
<COL WIDTH="150"></COL>
</COLGROUP>

<TBODY>

<TR ACOPY="Y" ADELETE="Y" HEIGHT="30">
<TD ALIGN="CENTER" VALIGN="MIDDLE" WIDTH="141" HEIGHT="23" AUPDATECONT="N" ENG="Company name">회 사 명</TD>
<TE VALIGN="MIDDLE" WIDTH="441" HEIGHT="23" ACODE="CRP_NM" COLSPAN="3">대상(주)</TE>
</TR>

<TR ACOPY="Y" ADELETE="Y" HEIGHT="30">
<TD ALIGN="CENTER" VALIGN="MIDDLE" WIDTH="141" HEIGHT="23" AUPDATECONT="N" ENG="Corporation type">법인구분</TD>
<TU ALIGN="CENTER" VALIGN="MIDDLE" WIDTH="128" HEIGHT="23" AUNIT="CRP_DST" AUNITVALUE="1" ENG="KOSPI market listed corporation">유가증권상장법인</TU>
<TD ALIGN="CENTER" VALIGN="MIDDLE" WIDTH="154" HEIGHT="23" AUPDATECONT="N" ENG="Company code">회사코드 </TD>
<TE ALIGN="CENTER" VALIGN="MIDDLE" WIDTH="141" HEIGHT="23" ACODE="CRP_CD">001680</TE>
</TR>

<TR ACOPY="Y" ADELETE="Y" HEIGHT="30">
<TD ALIGN="CENTER" VALIGN="MIDDLE" WIDTH="141" HEIGHT="23" AUPDATECONT="N" ENG="Total number of shares issued">발행주식 총수</TD>
<TE ALIGN="CENTER" VALIGN="MIDDLE" WIDTH="441" HEIGHT="23" ACODE="FLT_SUM" COLSPAN="3">36,018,248</TE>
</TR>
</TBODY>
</TABLE>
</TABLE-GROUP>
<P></P>
</SECTION-2>

<SECTION-2 ACLASS="MANDATORY">
<TITLE ATOC="Y" AASSOCNOTE="D-0-1-2-0" ENG="2. Matters related to the reporting entity" ATOCID="3">2. 보고자에 관한 사항</TITLE>

<TABLE-GROUP ACLASS="IFR_NM" ADELETETABLE="N">

<TABLE ACLASS="EXTRACTION" AFIXTABLE="Y" WIDTH="600" BORDER="1">

<COLGROUP WIDTH="600">
<COL WIDTH="133"></COL>
<COL WIDTH="115"></COL>
<COL WIDTH="127"></COL>
<COL WIDTH="89"></COL>
<COL WIDTH="136"></COL>
</COLGROUP>

<TBODY>

<TR ACOPY="Y" ADELETE="Y" HEIGHT="30">
<TD ALIGN="CENTER" VALIGN="MIDDLE" WIDTH="124" HEIGHT="23" AUPDATECONT="N" ENG="Type of reporting">보고구분</TD>
<TU ALIGN="CENTER" VALIGN="MIDDLE" WIDTH="106" HEIGHT="23" AUNIT="RPT_DST" AUNITVALUE="2" ENG="Changes">변동</TU>
<TD ALIGN="CENTER" VALIGN="MIDDLE" WIDTH="118" HEIGHT="23" AUPDATECONT="N" ENG="Reporting entity classification">보고자 구분</TD>
<TU COLSPAN="2" ALIGN="CENTER" VALIGN="MIDDLE" WIDTH="216" HEIGHT="23" AUNIT="IFR_TP" AUNITVALUE="Y" ENG="Professional investors such as pension funds">연기금등 전문투자자</TU>
</TR>

<TR ACOPY="Y" ADELETE="Y" HEIGHT="76">
<TD ROWSPAN="2" ALIGN="CENTER" VALIGN="MIDDLE" WIDTH="124" HEIGHT="99" AUPDATECONT="N" ENG="Name (Title)">성명(명칭)</TD>
<TD ALIGN="CENTER" VALIGN="MIDDLE" WIDTH="106" HEIGHT="69" AUPDATECONT="N" ENG="Korean">한     글</TD>
<TE ALIGN="CENTER" VALIGN="MIDDLE" WIDTH="118" HEIGHT="69" ACODE="IFR_NM">국민연금공단</TE>
<TD ALIGN="CENTER" VALIGN="MIDDLE" WIDTH="80" HEIGHT="69" AUPDATECONT="N" ENG="Chinese characters (English)">한자(영문)</TD>
<TE ALIGN="CENTER" VALIGN="MIDDLE" WIDTH="127" HEIGHT="69" ACODE="IFR_NM_HJ">國民年金公團 (National Pension Service)</TE>
</TR>

<TR ACOPY="Y" ADELETE="Y" HEIGHT="30">
<TD COLSPAN="2" ALIGN="CENTER" VALIGN="MIDDLE" WIDTH="233" HEIGHT="23" AUPDATECONT="N" ENG="Date of birth or business registration No., etc.">생년월일 또는 사업자등록번호 등</TD>
<TE COLSPAN="2" ALIGN="CENTER" VALIGN="MIDDLE" WIDTH="216" HEIGHT="23" ACODE="IFR_ID2">219-82-01593</TE>
</TR>

<TR ACOPY="Y" ADELETE="Y" HEIGHT="76">
<TD ALIGN="CENTER" VALIGN="MIDDLE" WIDTH="124" HEIGHT="69" AUPDATECONT="N" ENG="Address (Head office) [Building name/number can be omitted]">주소(본점소재지)[읍ㆍ면ㆍ동까지만 기재]</TD>
<TE COLSPAN="4" VALIGN="MIDDLE" WIDTH="458" HEIGHT="69" ACODE="IFR_ADR2">전북특별자치도 전주시 덕진구 기지로 180(만성동)</TE>
</TR>

<TR ACOPY="Y" ADELETE="Y" HEIGHT="30">
<TD ROWSPAN="3" ALIGN="CENTER" VALIGN="MIDDLE" WIDTH="124" HEIGHT="83" AUPDATECONT="N" ENG="Relationship to issuing company">발행회사와의 관계</TD>
<TD ALIGN="CENTER" VALIGN="MIDDLE" WIDTH="106" HEIGHT="23" AUPDATECONT="N" ENG="Executives (registered or not)">임원(등기여부)</TD>
<TU ALIGN="CENTER" VALIGN="MIDDLE" WIDTH="118" HEIGHT="23" AUNIT="STF_RYN" AUNITVALUE="98" ENG="-">-</TU>
<TD ALIGN="CENTER" VALIGN="MIDDLE" WIDTH="80" HEIGHT="23" AUPDATECONT="N" ENG="Position">직위명</TD>
<TE ALIGN="CENTER" VALIGN="MIDDLE" WIDTH="127" HEIGHT="23" ACODE="STF_PSM">-</TE>
</TR>

<TR ACOPY="Y" ADELETE="Y" HEIGHT="30">
<TD ALIGN="CENTER" VALIGN="MIDDLE" WIDTH="106" HEIGHT="23" AUPDATECONT="N" ENG="Appointment date">선임일</TD>
<TU ALIGN="CENTER" VALIGN="MIDDLE" WIDTH="118" HEIGHT="23" AUNIT="STF_APT_DT" AUNITVALUE="-">-</TU>
<TD ALIGN="CENTER" VALIGN="MIDDLE" WIDTH="80" HEIGHT="23" AUPDATECONT="N" ENG="Retirement date">퇴임일</TD>
<TU ALIGN="CENTER" VALIGN="MIDDLE" WIDTH="127" HEIGHT="23" AUNIT="STF_RET_DT" AUNITVALUE="-">-</TU>
</TR>

<TR ACOPY="Y" ADELETE="Y" HEIGHT="30">
<TD ALIGN="CENTER" VALIGN="MIDDLE" WIDTH="106" HEIGHT="23" AUPDATECONT="N" ENG="Principal shareholder">주요주주</TD>
<TU COLSPAN="3" ALIGN="CENTER" VALIGN="MIDDLE" WIDTH="343" HEIGHT="23" AUNIT="MAIN_SH" AUNITVALUE="1" ENG="Shareholders holding 10% or more">10%이상주주</TU>
</TR>

<TR ACOPY="Y" ADELETE="Y" HEIGHT="30">
<TD ROWSPAN="4" ALIGN="CENTER" VALIGN="MIDDLE" WIDTH="124" HEIGHT="113" AUPDATECONT="N" ENG="Contact points and person in charge">업무상 연락처및 담당자</TD>
<TD ALIGN="CENTER" VALIGN="MIDDLE" WIDTH="106" HEIGHT="23" AUPDATECONT="N" ENG="Affiliated company">소속회사</TD>
<TE ALIGN="CENTER" VALIGN="MIDDLE" WIDTH="118" HEIGHT="23" ACODE="RSP_MAN_DPT">국민연금공단</TE>
<TD ALIGN="CENTER" VALIGN="MIDDLE" WIDTH="80" HEIGHT="23" AUPDATECONT="N" ENG="Department">부      서</TD>
<TE ALIGN="CENTER" VALIGN="MIDDLE" WIDTH="127" HEIGHT="23" ACODE="RSP_MAN_DPT2">증권자산관리부</TE>
</TR>

<TR ACOPY="Y" ADELETE="Y" HEIGHT="30">
<TD ALIGN="CENTER" VALIGN="MIDDLE" WIDTH="106" HEIGHT="23" AUPDATECONT="N" ENG="Position">직      위</TD>
<TE ALIGN="CENTER" VALIGN="MIDDLE" WIDTH="118" HEIGHT="23" ACODE="RSP_MAN_PST">과장</TE>
<TD ALIGN="CENTER" VALIGN="MIDDLE" WIDTH="80" HEIGHT="23" AUPDATECONT="N" ENG="(Tel.)">전화번호</TD>
<TE ALIGN="CENTER" VALIGN="MIDDLE" WIDTH="127" HEIGHT="23" ACODE="RSP_MAN_PHN2">063-71******</TE>
</TR>

<TR ACOPY="Y" ADELETE="Y" HEIGHT="30">
<TD ALIGN="CENTER" VALIGN="MIDDLE" WIDTH="106" HEIGHT="23" AUPDATECONT="N" ENG="Name">성      명</TD>
<TE ALIGN="CENTER" VALIGN="MIDDLE" WIDTH="118" HEIGHT="23" ACODE="RSP_MAN">김현서</TE>
<TD ALIGN="CENTER" VALIGN="MIDDLE" WIDTH="80" HEIGHT="23" AUPDATECONT="N" ENG="Fax No.">팩스번호</TD>
<TE ALIGN="CENTER" VALIGN="MIDDLE" WIDTH="127" HEIGHT="23" ACODE="RSP_MAN_FAX">063-90******</TE>
</TR>

<TR ACOPY="Y" ADELETE="Y" HEIGHT="30">
<TD ALIGN="CENTER" VALIGN="MIDDLE" WIDTH="106" HEIGHT="23" AUPDATECONT="N" ENG="E-mail address">이메일 주소</TD>
<TE COLSPAN="3" ALIGN="CENTER" VALIGN="MIDDLE" WIDTH="343" HEIGHT="23" ACODE="RSP_MAN_EML">******nps.or.kr</TE>
</TR>
</TBODY>
</TABLE>
</TABLE-GROUP>

<P></P>
</SECTION-2>

<SECTION-2 ACLASS="MANDATORY">
<TITLE ATOC="Y" ENG="3. Ownership status of specific securities, etc." ATOCID="4">3. 특정증권등의 소유상황</TITLE>

<SECTION-3 ACLASS="MANDATORY">
<TITLE ATOC="Y" AASSOCNOTE="D-0-1-3-1" ENG="A. Number and ownership ratio of specific securities owned, etc." ATOCID="5">가. 소유 특정증권등의 수 및 소유비율</TITLE>

<TABLE-GROUP ACLASS="BFR_PS_CNT" ADELETETABLE="N">

<TABLE ACLASS="EXTRACTION" AFIXTABLE="Y" WIDTH="590" BORDER="1">

<COLGROUP WIDTH="590">
<COL WIDTH="90"></COL>
<COL WIDTH="127"></COL>
<COL WIDTH="126"></COL>
<COL WIDTH="70"></COL>
<COL WIDTH="111"></COL>
<COL WIDTH="66"></COL>
</COLGROUP>

<THEAD>

<TR ACOPY="Y" ADELETE="Y" HEIGHT="30">
<TH ROWSPAN="2" VALIGN="MIDDLE" WIDTH="81" HEIGHT="76" ACOPYCOL="Y" ADELETECOL="Y" AMOVECOL="N" AUPDATECONT="N"></TH>
<TH ROWSPAN="2" VALIGN="MIDDLE" WIDTH="118" HEIGHT="76" ACOPYCOL="Y" ADELETECOL="Y" AMOVECOL="N" AUPDATECONT="N" ENG="Report preparation date">보고서작성 기준일</TH>
<TH COLSPAN="2" VALIGN="MIDDLE" WIDTH="187" HEIGHT="23" ACOPYCOL="Y" ADELETECOL="Y" AMOVECOL="N" AUPDATECONT="N" ENG="Specific securities, etc.">특정증권등</TH>
<TH COLSPAN="2" VALIGN="MIDDLE" WIDTH="168" HEIGHT="23" ACOPYCOL="Y" ADELETECOL="Y" AMOVECOL="N" AUPDATECONT="N" ENG="Share certificates">주권</TH>
</TR>

<TR ACOPY="Y" ADELETE="Y" HEIGHT="53">
<TH VALIGN="MIDDLE" WIDTH="117" HEIGHT="46" ACOPYCOL="Y" ADELETECOL="Y" AMOVECOL="N" AUPDATECONT="N" ENG="Number of specific securities, etc. (shrs.)">특정증권등의수(주)</TH>
<TH VALIGN="MIDDLE" WIDTH="61" HEIGHT="46" ACOPYCOL="Y" ADELETECOL="Y" AMOVECOL="N" AUPDATECONT="N" ENG="Ratio (%)">비율(%)</TH>
<TH VALIGN="MIDDLE" WIDTH="102" HEIGHT="46" ACOPYCOL="Y" ADELETECOL="Y" AMOVECOL="N" AUPDATECONT="N" ENG="Number of shares (shrs.)">주식수(주)</TH>
<TH VALIGN="MIDDLE" WIDTH="57" HEIGHT="46" ACOPYCOL="Y" ADELETECOL="Y" AMOVECOL="N" AUPDATECONT="N" ENG="Ratio (%)">비율(%)</TH>
</TR>
</THEAD>

<TBODY>

<TR ACOPY="Y" ADELETE="Y" HEIGHT="53">
<TD ALIGN="CENTER" VALIGN="MIDDLE" WIDTH="81" HEIGHT="46" AUPDATECONT="N" ENG="Previous report">직전보고서</TD>
<TU ALIGN="CENTER" VALIGN="MIDDLE" WIDTH="118" HEIGHT="46" AUNIT="BFR_RPT_DT" AUNITVALUE="20250930">2025년 09월 30일</TU>
<TE ALIGN="RIGHT" VALIGN="MIDDLE" WIDTH="117" HEIGHT="46" ACODE="BFR_UN_CNT">4,517,530</TE>
<TE ALIGN="RIGHT" VALIGN="MIDDLE" WIDTH="61" HEIGHT="46" ACODE="BFR_UN_RT">12.54</TE>
<TE ALIGN="RIGHT" VALIGN="MIDDLE" WIDTH="102" HEIGHT="46" ACODE="BFR_PS_CPT_CNT">4,517,530</TE>
<TE ALIGN="RIGHT" VALIGN="MIDDLE" WIDTH="57" HEIGHT="46" ACODE="BFR_PS_CPT_RT">12.54</TE>
</TR>

<TR ACOPY="Y" ADELETE="Y" HEIGHT="53">
<TD ALIGN="CENTER" VALIGN="MIDDLE" WIDTH="81" HEIGHT="46" AUPDATECONT="N" ENG="Current report">이번보고서</TD>
<TU ALIGN="CENTER" VALIGN="MIDDLE" WIDTH="118" HEIGHT="46" AUNIT="AFR_RPT_DT" AUNITVALUE="20251231">2025년 12월 31일</TU>
<TE ALIGN="RIGHT" VALIGN="MIDDLE" WIDTH="117" HEIGHT="46" ACODE="AFR_UN_CNT">4,044,311</TE>
<TE ALIGN="RIGHT" VALIGN="MIDDLE" WIDTH="61" HEIGHT="46" ACODE="AFR_UN_RT">11.23</TE>
<TE ALIGN="RIGHT" VALIGN="MIDDLE" WIDTH="102" HEIGHT="46" ACODE="AFR_PS_CPT_CNT">4,044,311</TE>
<TE ALIGN="RIGHT" VALIGN="MIDDLE" WIDTH="57" HEIGHT="46" ACODE="AFR_PS_CPT_RT">11.23</TE>
</TR>

<TR ACOPY="Y" ADELETE="Y" HEIGHT="30">
<TD COLSPAN="2" ALIGN="CENTER" VALIGN="MIDDLE" WIDTH="208" HEIGHT="23" AUPDATECONT="N" ENG="Increase or decrease">증     감</TD>
<TE ALIGN="RIGHT" VALIGN="MIDDLE" WIDTH="117" HEIGHT="23" ACODE="MDF_UN_CNT">-473,219</TE>
<TE ALIGN="RIGHT" VALIGN="MIDDLE" WIDTH="61" HEIGHT="23" ACODE="MDF_UN_RT">-1.31</TE>
<TE ALIGN="RIGHT" VALIGN="MIDDLE" WIDTH="102" HEIGHT="23" ACODE="MDF_PS_CPT_CNT">-473,219</TE>
<TE ALIGN="RIGHT" VALIGN="MIDDLE" WIDTH="57" HEIGHT="23" ACODE="MDF_PS_CPT_RT">-1.31</TE>
</TR>
</TBODY>
</TABLE>
</TABLE-GROUP>
<P></P>
</SECTION-3>

<SECTION-3 ACLASS="MANDATORY">
<TITLE ATOC="Y" AASSOCNOTE="D-0-1-3-2" ENG="B. Ownership details by type of specific securities, etc." ATOCID="6">나. 특정증권등의 종류별 소유내역</TITLE>

<TABLE-GROUP ACLASS="CST_CNT1" ADELETETABLE="N">

<TABLE ACLASS="EXTRACTION" AFIXTABLE="N" WIDTH="714" BORDER="1">

<COLGROUP WIDTH="714">
<COL WIDTH="133"></COL>
<COL WIDTH="75"></COL>
<COL WIDTH="60"></COL>
<COL WIDTH="74"></COL>
<COL WIDTH="86"></COL>
<COL WIDTH="60"></COL>
<COL WIDTH="52"></COL>
<COL WIDTH="44"></COL>
<COL WIDTH="65"></COL>
<COL WIDTH="65"></COL>
</COLGROUP>

<THEAD>

<TR ACOPY="N" ADELETE="N" HEIGHT="30">
<TH COLSPAN="10" VALIGN="MIDDLE" WIDTH="705" HEIGHT="23" ACOPYCOL="N" ADELETECOL="N" AMOVECOL="N" AUPDATECONT="N" ENG="Details of specific securities, etc.">특정증권등의 내역</TH>
</TR>

<TR ACOPY="N" ADELETE="N" HEIGHT="30">
<TH VALIGN="MIDDLE" WIDTH="124" HEIGHT="76" ACOPYCOL="N" ADELETECOL="N" AMOVECOL="N" AUPDATECONT="N" ROWSPAN="2" ENG="Share certificates">주 권</TH>
<TH ROWSPAN="2" VALIGN="MIDDLE" WIDTH="66" HEIGHT="76" ACOPYCOL="N" ADELETECOL="N" AMOVECOL="N" AUPDATECONT="N" ENG="Those with warrants">신주인수권이표시된것</TH>
<TH ROWSPAN="2" VALIGN="MIDDLE" WIDTH="51" HEIGHT="76" ACOPYCOL="N" ADELETECOL="N" AMOVECOL="N" AUPDATECONT="N" ENG="Convertible bonds">전환사채권</TH>
<TH ROWSPAN="2" VALIGN="MIDDLE" WIDTH="65" HEIGHT="76" ACOPYCOL="N" ADELETECOL="N" AMOVECOL="N" AUPDATECONT="N" ENG="Bonds with warrants">신주인수권부사채권</TH>
<TH ROWSPAN="2" VALIGN="MIDDLE" WIDTH="77" HEIGHT="76" ACOPYCOL="N" ADELETECOL="N" AMOVECOL="N" AUPDATECONT="N" ENG="Participating bonds">이익참가부사채권</TH>
<TH ROWSPAN="2" VALIGN="MIDDLE" WIDTH="51" HEIGHT="76" ACOPYCOL="N" ADELETECOL="N" AMOVECOL="N" AUPDATECONT="N" ENG="Exchangeable bonds">교환사채권</TH>
<TH ROWSPAN="2" VALIGN="MIDDLE" WIDTH="43" HEIGHT="76" ACOPYCOL="N" ADELETECOL="N" AMOVECOL="N" AUPDATECONT="N" ENG="Depositary receipts">증권예탁증권</TH>
<TH ROWSPAN="2" VALIGN="MIDDLE" WIDTH="35" HEIGHT="76" ACOPYCOL="N" ADELETECOL="N" AMOVECOL="N" AUPDATECONT="N" ENG="Others">기타</TH>
<TH COLSPAN="2" VALIGN="MIDDLE" WIDTH="121" HEIGHT="23" ACOPYCOL="N" ADELETECOL="N" AMOVECOL="N" AUPDATECONT="N" ENG="Total">합 계</TH>
</TR>

<TR ACOPY="N" ADELETE="N" HEIGHT="53">
<TH VALIGN="MIDDLE" WIDTH="56" HEIGHT="46" ACOPYCOL="N" ADELETECOL="N" AMOVECOL="N" AUPDATECONT="N" ENG="Number of shares (shrs.)">주수(주)</TH>
<TH VALIGN="MIDDLE" WIDTH="56" HEIGHT="46" ACOPYCOL="N" ADELETECOL="N" AMOVECOL="N" AUPDATECONT="N" ENG="Ratio (%)">비율(%)</TH>
</TR>
</THEAD>

<TBODY>

<TR ACOPY="N" ADELETE="N" HEIGHT="53">
<TE ALIGN="RIGHT" VALIGN="MIDDLE" WIDTH="124" HEIGHT="46" ACODE="CPT_CNT">4,044,311</TE>
<TE ALIGN="RIGHT" VALIGN="MIDDLE" WIDTH="66" HEIGHT="46" ACODE="ACC_CNT">-</TE>
<TE ALIGN="RIGHT" VALIGN="MIDDLE" WIDTH="51" HEIGHT="46" ACODE="CB_CNT">-</TE>
<TE ALIGN="RIGHT" VALIGN="MIDDLE" WIDTH="65" HEIGHT="46" ACODE="LN_CNT">-</TE>
<TE ALIGN="RIGHT" VALIGN="MIDDLE" WIDTH="77" HEIGHT="46" ACODE="BN_CNT">-</TE>
<TE ALIGN="RIGHT" VALIGN="MIDDLE" WIDTH="51" HEIGHT="46" ACODE="EB_CNT">-</TE>
<TE ALIGN="RIGHT" VALIGN="MIDDLE" WIDTH="43" HEIGHT="46" ACODE="CF_CNT">-</TE>
<TE ALIGN="RIGHT" VALIGN="MIDDLE" WIDTH="35" HEIGHT="46" ACODE="ET_CNT">-</TE>
<TE ALIGN="RIGHT" VALIGN="MIDDLE" WIDTH="56" HEIGHT="46" ACODE="STK_CNT">4,044,311</TE>
<TE ALIGN="RIGHT" VALIGN="MIDDLE" WIDTH="56" HEIGHT="46" ACODE="STK_RT">11.23</TE>
</TR>

<TR ACOPY="N" ADELETE="N" HEIGHT="30">
<TD ALIGN="CENTER" VALIGN="MIDDLE" WIDTH="124" HEIGHT="53" AUPDATECONT="N" ROWSPAN="2">A</TD>
<TD ALIGN="CENTER" VALIGN="MIDDLE" WIDTH="66" HEIGHT="23" AUPDATECONT="N">B</TD>
<TD ALIGN="CENTER" VALIGN="MIDDLE" WIDTH="51" HEIGHT="23" AUPDATECONT="N">C</TD>
<TD ALIGN="CENTER" VALIGN="MIDDLE" WIDTH="65" HEIGHT="23" AUPDATECONT="N">D</TD>
<TD ALIGN="CENTER" VALIGN="MIDDLE" WIDTH="77" HEIGHT="23" AUPDATECONT="N">E</TD>
<TD ALIGN="CENTER" VALIGN="MIDDLE" WIDTH="51" HEIGHT="23" AUPDATECONT="N">F</TD>
<TD ALIGN="CENTER" VALIGN="MIDDLE" WIDTH="43" HEIGHT="23" AUPDATECONT="N">G</TD>
<TD ALIGN="CENTER" VALIGN="MIDDLE" WIDTH="35" HEIGHT="23" AUPDATECONT="N">H</TD>
<TD ROWSPAN="2" ALIGN="RIGHT" VALIGN="MIDDLE" WIDTH="56" HEIGHT="53" AUPDATECONT="N"></TD>
<TD ROWSPAN="2" ALIGN="RIGHT" VALIGN="MIDDLE" WIDTH="56" HEIGHT="53" AUPDATECONT="N"></TD>
</TR>

<TR ACOPY="N" ADELETE="N" HEIGHT="30">
<TD COLSPAN="7" ALIGN="CENTER" VALIGN="MIDDLE" WIDTH="442" HEIGHT="23" AUPDATECONT="N">I</TD>
</TR>
</TBODY>
</TABLE>
</TABLE-GROUP>
<P></P>

<TABLE-GROUP ACLASS="HLD_RT" ADELETETABLE="N">

<TABLE ACLASS="EXTRACTION" AFIXTABLE="Y" WIDTH="600" BORDER="1">

<COLGROUP WIDTH="600">
<COL WIDTH="118"></COL>
<COL WIDTH="169"></COL>
<COL WIDTH="165"></COL>
<COL WIDTH="148"></COL>
</COLGROUP>

<THEAD>

<TR ACOPY="Y" ADELETE="Y" HEIGHT="30">
<TH ROWSPAN="2" VALIGN="MIDDLE" WIDTH="109" HEIGHT="99" ACOPYCOL="Y" ADELETECOL="Y" AMOVECOL="N" AUPDATECONT="N" ENG="Total number of shares issued (J)">발행주식 총수(J)</TH>
<TH ROWSPAN="2" VALIGN="MIDDLE" WIDTH="160" HEIGHT="99" ACOPYCOL="Y" ADELETECOL="Y" AMOVECOL="N" AUPDATECONT="N" ENG="Number of specific securities other than stocks (B+C+D+E+F+G+H=I)">주식외 특정증권등의 수(B+C+D+E+F+G+H=I)</TH>
<TH COLSPAN="2" VALIGN="MIDDLE" WIDTH="304" HEIGHT="23" ACOPYCOL="Y" ADELETECOL="Y" AMOVECOL="N" AUPDATECONT="N" ENG="Holding ratio (%)">소유비율(%)</TH>
</TR>

<TR ACOPY="Y" ADELETE="Y" HEIGHT="76">
<TH VALIGN="MIDDLE" WIDTH="156" HEIGHT="69" ACOPYCOL="Y" ADELETECOL="Y" AMOVECOL="N" AUPDATECONT="N" ENG="Ownership ratio of specific securities, etc. [A+I / J+I-(F+G+H)※] × 100">특정증권등의 소유비율[A+I / J+I-(F+G+H)※] × 100</TH>
<TH VALIGN="MIDDLE" WIDTH="139" HEIGHT="69" ACOPYCOL="Y" ADELETECOL="Y" AMOVECOL="N" AUPDATECONT="N" ENG="Share certificates ownership ratio (A / J) × 100">주권의 소유비율(A / J) × 100</TH>
</TR>
</THEAD>

<TBODY>

<TR ACOPY="Y" ADELETE="Y" HEIGHT="30">
<TE ALIGN="RIGHT" WIDTH="109" HEIGHT="23" ACODE="VOT_STK_CNT">36,018,248</TE>
<TE ALIGN="RIGHT" WIDTH="160" HEIGHT="23" ACODE="HLD_STK_CNT">-</TE>
<TE ALIGN="RIGHT" WIDTH="156" HEIGHT="23" ACODE="HLD_STK_RT">11.23</TE>
<TE ALIGN="RIGHT" WIDTH="139" HEIGHT="23" ACODE="HLD_CMT_RT">11.23</TE>
</TR>
</TBODY>
</TABLE>
</TABLE-GROUP>
<P>※ 교환대상이 주식인 교환사채권 및 기초자산이 주식인 증권예탁증권, 파생결합증권 등에 한하여 분모에서 제외하고 소유비율을 산정</P>
</SECTION-3>

<SECTION-3 ACLASS="MANDATORY">
<TITLE ATOC="Y" AASSOCNOTE="D-0-1-3-3" ENG="C. Details of changes" ATOCID="7">다. 세부변동내역</TITLE>

<TABLE-GROUP ACLASS="RPT_RSN" ADELETETABLE="N">

<TABLE ACLASS="EXTRACTION" AFIXTABLE="N" WIDTH="822" BORDER="1">

<COLGROUP WIDTH="822">
<COL WIDTH="75"></COL>
<COL WIDTH="112"></COL>
<COL WIDTH="115"></COL>
<COL WIDTH="74"></COL>
<COL WIDTH="73"></COL>
<COL WIDTH="73"></COL>
<COL WIDTH="121"></COL>
<COL WIDTH="67"></COL>
<COL WIDTH="112"></COL>
</COLGROUP>

<THEAD>

<TR ACOPY="N" ADELETE="N" HEIGHT="30">
<TH ROWSPAN="2" VALIGN="MIDDLE" WIDTH="66" HEIGHT="53" ACOPYCOL="N" ADELETECOL="N" AMOVECOL="N" AUPDATECONT="N" ENG="Reason for reporting">보고사유</TH>
<TH ROWSPAN="2" VALIGN="MIDDLE" WIDTH="103" HEIGHT="53" ACOPYCOL="N" ADELETECOL="N" AMOVECOL="N" AUPDATECONT="N" ENG="Date of change*">변동일*</TH>
<TH ROWSPAN="2" VALIGN="MIDDLE" WIDTH="106" HEIGHT="53" ACOPYCOL="N" ADELETECOL="N" AMOVECOL="N" AUPDATECONT="N" ENG="Type of specific securities, etc.">특정증권등의종류</TH>
<TH COLSPAN="3" VALIGN="MIDDLE" WIDTH="211" HEIGHT="23" ACOPYCOL="N" ADELETECOL="N" AMOVECOL="N" AUPDATECONT="N" ENG="Number of shares held (shrs.)">소 유 주 식 수 (주)</TH>
<TH ROWSPAN="2" VALIGN="MIDDLE" WIDTH="112" HEIGHT="53" ACOPYCOL="N" ADELETECOL="N" AMOVECOL="N" AUPDATECONT="N" ENG="Acquisition/disposition unit price (KRW)**">취득/처분단가(원)**</TH>
<TH ROWSPAN="2" VALIGN="MIDDLE" WIDTH="58" HEIGHT="53" ACOPYCOL="N" ADELETECOL="N" AMOVECOL="N" AUPDATECONT="N" ENG="Note">비 고</TH>
<TH ROWSPAN="2" VALIGN="MIDDLE" WIDTH="103" HEIGHT="53" ACOPYCOL="N" ADELETECOL="N" AMOVECOL="N" AUPDATECONT="N" ENG="Reporting date of Pre-disclosure of insider trading">거래계획보고일자</TH>
</TR>

<TR ACOPY="N" ADELETE="N" HEIGHT="30">
<TH VALIGN="MIDDLE" WIDTH="65" HEIGHT="23" ACOPYCOL="N" ADELETECOL="N" AMOVECOL="N" AUPDATECONT="N" ENG="Before change">변동전</TH>
<TH VALIGN="MIDDLE" WIDTH="64" HEIGHT="23" ACOPYCOL="N" ADELETECOL="N" AMOVECOL="N" AUPDATECONT="N" ENG="Increase or decrease">증감</TH>
<TH VALIGN="MIDDLE" WIDTH="64" HEIGHT="23" ACOPYCOL="N" ADELETECOL="N" AMOVECOL="N" AUPDATECONT="N" ENG="After change">변동후</TH>
</TR>
</THEAD>

<TBODY>

<TR ACOPY="Y" ADELETE="N" HEIGHT="53">
<TU ALIGN="CENTER" VALIGN="MIDDLE" WIDTH="66" HEIGHT="46" AUNIT="RPT_RSN" AUNITVALUE="01" ENG="Acquisition in exchange(+)">장내매수(+)</TU>
<TU ALIGN="CENTER" VALIGN="MIDDLE" WIDTH="103" HEIGHT="46" AUNIT="MDF_DM" AUNITVALUE="20251001">2025년 10월 01일</TU>
<TU ALIGN="CENTER" VALIGN="MIDDLE" WIDTH="106" HEIGHT="46" AUNIT="STR_KND" AUNITVALUE="1" ENG="Common stock">보통주</TU>
<TE ALIGN="RIGHT" VALIGN="MIDDLE" WIDTH="65" HEIGHT="46" ACODE="BFR_STK_CNT">4,513,662</TE>
<TE ALIGN="RIGHT" VALIGN="MIDDLE" WIDTH="64" HEIGHT="46" ACODE="MDF_STK_CNT">31</TE>
<TE ALIGN="RIGHT" VALIGN="MIDDLE" WIDTH="64" HEIGHT="46" ACODE="AFR_STK_CNT">4,513,693</TE>
<TE ALIGN="RIGHT" VALIGN="MIDDLE" WIDTH="112" HEIGHT="46" ACODE="ACI_AMT2">22,033</TE>
<TE ALIGN="CENTER" VALIGN="MIDDLE" WIDTH="58" HEIGHT="46" ACODE="RMK">-</TE>
<TU ALIGN="CENTER" VALIGN="MIDDLE" WIDTH="103" HEIGHT="46" AUNIT="TRD_PLN_RD" AUNITVALUE="-">-</TU>
</TR>

<TR ACOPY="Y" ADELETE="Y" HEIGHT="53">
<TU ALIGN="CENTER" VALIGN="MIDDLE" WIDTH="66" HEIGHT="46" AUNIT="RPT_RSN" AUNITVALUE="02" ENG="Disposal in exchange(-)">장내매도(-)</TU>
<TU ALIGN="CENTER" VALIGN="MIDDLE" WIDTH="103" HEIGHT="46" AUNIT="MDF_DM" AUNITVALUE="20251001">2025년 10월 01일</TU>
<TU ALIGN="CENTER" VALIGN="MIDDLE" WIDTH="106" HEIGHT="46" AUNIT="STR_KND" AUNITVALUE="1" ENG="Common stock">보통주</TU>
<TE ALIGN="RIGHT" VALIGN="MIDDLE" WIDTH="65" HEIGHT="46" ACODE="BFR_STK_CNT">4,513,693</TE>
<TE ALIGN="RIGHT" VALIGN="MIDDLE" WIDTH="64" HEIGHT="46" ACODE="MDF_STK_CNT">-81</TE>
<TE ALIGN="RIGHT" VALIGN="MIDDLE" WIDTH="64" HEIGHT="46" ACODE="AFR_STK_CNT">4,513,612</TE>
<TE ALIGN="RIGHT" VALIGN="MIDDLE" WIDTH="112" HEIGHT="46" ACODE="ACI_AMT2">22,002</TE>
<TE ALIGN="CENTER" VALIGN="MIDDLE" WIDTH="58" HEIGHT="46" ACODE="RMK">-</TE>
<TU ALIGN="CENTER" VALIGN="MIDDLE" WIDTH="103" HEIGHT="46" AUNIT="TRD_PLN_RD" AUNITVALUE="-">-</TU>
</TR>

<TR ACOPY="Y" ADELETE="Y" HEIGHT="53">
<TU ALIGN="CENTER" VALIGN="MIDDLE" WIDTH="66" HEIGHT="46" AUNIT="RPT_RSN" AUNITVALUE="02" ENG="Disposal in exchange(-)">장내매도(-)</TU>
<TU ALIGN="CENTER" VALIGN="MIDDLE" WIDTH="103" HEIGHT="46" AUNIT="MDF_DM" AUNITVALUE="20251002">2025년 10월 02일</TU>
<TU ALIGN="CENTER" VALIGN="MIDDLE" WIDTH="106" HEIGHT="46" AUNIT="STR_KND" AUNITVALUE="1" ENG="Common stock">보통주</TU>
<TE ALIGN="RIGHT" VALIGN="MIDDLE" WIDTH="65" HEIGHT="46" ACODE="BFR_STK_CNT">4,513,612</TE>
<TE ALIGN="RIGHT" VALIGN="MIDDLE" WIDTH="64" HEIGHT="46" ACODE="MDF_STK_CNT">-472</TE>
<TE ALIGN="RIGHT" VALIGN="MIDDLE" WIDTH="64" HEIGHT="46" ACODE="AFR_STK_CNT">4,513,140</TE>
<TE ALIGN="RIGHT" VALIGN="MIDDLE" WIDTH="112" HEIGHT="46" ACODE="ACI_AMT2">22,001</TE>
<TE ALIGN="CENTER" VALIGN="MIDDLE" WIDTH="58" HEIGHT="46" ACODE="RMK">-</TE>
<TU ALIGN="CENTER" VALIGN="MIDDLE" WIDTH="103" HEIGHT="46" AUNIT="TRD_PLN_RD" AUNITVALUE="-">-</TU>
</TR>

<TR ACOPY="Y" ADELETE="Y" HEIGHT="53">
<TU ALIGN="CENTER" VALIGN="MIDDLE" WIDTH="66" HEIGHT="46" AUNIT="RPT_RSN" AUNITVALUE="02" ENG="Disposal in exchange(-)">장내매도(-)</TU>
<TU ALIGN="CENTER" VALIGN="MIDDLE" WIDTH="103" HEIGHT="46" AUNIT="MDF_DM" AUNITVALUE="20251010">2025년 10월 10일</TU>
<TU ALIGN="CENTER" VALIGN="MIDDLE" WIDTH="106" HEIGHT="46" AUNIT="STR_KND" AUNITVALUE="1" ENG="Common stock">보통주</TU>
<TE ALIGN="RIGHT" VALIGN="MIDDLE" WIDTH="65" HEIGHT="46" ACODE="BFR_STK_CNT">4,513,140</TE>
<TE ALIGN="RIGHT" VALIGN="MIDDLE" WIDTH="64" HEIGHT="46" ACODE="MDF_STK_CNT">-523</TE>
<TE ALIGN="RIGHT" VALIGN="MIDDLE" WIDTH="64" HEIGHT="46" ACODE="AFR_STK_CNT">4,512,617</TE>
<TE ALIGN="RIGHT" VALIGN="MIDDLE" WIDTH="112" HEIGHT="46" ACODE="ACI_AMT2">21,892</TE>
<TE ALIGN="CENTER" VALIGN="MIDDLE" WIDTH="58" HEIGHT="46" ACODE="RMK">-</TE>
<TU ALIGN="CENTER" VALIGN="MIDDLE" WIDTH="103" HEIGHT="46" AUNIT="TRD_PLN_RD" AUNITVALUE="-">-</TU>
</TR>

<TR ACOPY="Y" ADELETE="Y" HEIGHT="53">
<TU ALIGN="CENTER" VALIGN="MIDDLE" WIDTH="66" HEIGHT="46" AUNIT="RPT_RSN" AUNITVALUE="02" ENG="Disposal in exchange(-)">장내매도(-)</TU>
<TU ALIGN="CENTER" VALIGN="MIDDLE" WIDTH="103" HEIGHT="46" AUNIT="MDF_DM" AUNITVALUE="20251013">2025년 10월 13일</TU>
<TU ALIGN="CENTER" VALIGN="MIDDLE" WIDTH="106" HEIGHT="46" AUNIT="STR_KND" AUNITVALUE="1" ENG="Common stock">보통주</TU>
<TE ALIGN="RIGHT" VALIGN="MIDDLE" WIDTH="65" HEIGHT="46" ACODE="BFR_STK_CNT">4,512,617</TE>
<TE ALIGN="RIGHT" VALIGN="MIDDLE" WIDTH="64" HEIGHT="46" ACODE="MDF_STK_CNT">-4,490</TE>
<TE ALIGN="RIGHT" VALIGN="MIDDLE" WIDTH="64" HEIGHT="46" ACODE="AFR_STK_CNT">4,508,127</TE>
<TE ALIGN="RIGHT" VALIGN="MIDDLE" WIDTH="112" HEIGHT="46" ACODE="ACI_AMT2">22,020</TE>
<TE ALIGN="CENTER" VALIGN="MIDDLE" WIDTH="58" HEIGHT="46" ACODE="RMK">-</TE>
<TU ALIGN="CENTER" VALIGN="MIDDLE" WIDTH="103" HEIGHT="46" AUNIT="TRD_PLN_RD" AUNITVALUE="-">-</TU>
</TR>

<TR ACOPY="Y" ADELETE="Y" HEIGHT="53">
<TU ALIGN="CENTER" VALIGN="MIDDLE" WIDTH="66" HEIGHT="46" AUNIT="RPT_RSN" AUNITVALUE="02" ENG="Disposal in exchange(-)">장내매도(-)</TU>
<TU ALIGN="CENTER" VALIGN="MIDDLE" WIDTH="103" HEIGHT="46" AUNIT="MDF_DM" AUNITVALUE="20251014">2025년 10월 14일</TU>
<TU ALIGN="CENTER" VALIGN="MIDDLE" WIDTH="106" HEIGHT="46" AUNIT="STR_KND" AUNITVALUE="1" ENG="Common stock">보통주</TU>
<TE ALIGN="RIGHT" VALIGN="MIDDLE" WIDTH="65" HEIGHT="46" ACODE="BFR_STK_CNT">4,508,127</TE>
<TE ALIGN="RIGHT" VALIGN="MIDDLE" WIDTH="64" HEIGHT="46" ACODE="MDF_STK_CNT">-28,430</TE>
<TE ALIGN="RIGHT" VALIGN="MIDDLE" WIDTH="64" HEIGHT="46" ACODE="AFR_STK_CNT">4,479,697</TE>
<TE ALIGN="RIGHT" VALIGN="MIDDLE" WIDTH="112" HEIGHT="46" ACODE="ACI_AMT2">21,559</TE>
<TE ALIGN="CENTER" VALIGN="MIDDLE" WIDTH="58" HEIGHT="46" ACODE="RMK">-</TE>
<TU ALIGN="CENTER" VALIGN="MIDDLE" WIDTH="103" HEIGHT="46" AUNIT="TRD_PLN_RD" AUNITVALUE="-">-</TU>
</TR>

<TR ACOPY="Y" ADELETE="Y" HEIGHT="53">
<TU ALIGN="CENTER" VALIGN="MIDDLE" WIDTH="66" HEIGHT="46" AUNIT="RPT_RSN" AUNITVALUE="01" ENG="Acquisition in exchange(+)">장내매수(+)</TU>
<TU ALIGN="CENTER" VALIGN="MIDDLE" WIDTH="103" HEIGHT="46" AUNIT="MDF_DM" AUNITVALUE="20251015">2025년 10월 15일</TU>
<TU ALIGN="CENTER" VALIGN="MIDDLE" WIDTH="106" HEIGHT="46" AUNIT="STR_KND" AUNITVALUE="1" ENG="Common stock">보통주</TU>
<TE ALIGN="RIGHT" VALIGN="MIDDLE" WIDTH="65" HEIGHT="46" ACODE="BFR_STK_CNT">4,479,697</TE>
<TE ALIGN="RIGHT" VALIGN="MIDDLE" WIDTH="64" HEIGHT="46" ACODE="MDF_STK_CNT">470</TE>
<TE ALIGN="RIGHT" VALIGN="MIDDLE" WIDTH="64" HEIGHT="46" ACODE="AFR_STK_CNT">4,480,167</TE>
<TE ALIGN="RIGHT" VALIGN="MIDDLE" WIDTH="112" HEIGHT="46" ACODE="ACI_AMT2">21,217</TE>
<TE ALIGN="CENTER" VALIGN="MIDDLE" WIDTH="58" HEIGHT="46" ACODE="RMK">-</TE>
<TU ALIGN="CENTER" VALIGN="MIDDLE" WIDTH="103" HEIGHT="46" AUNIT="TRD_PLN_RD" AUNITVALUE="-">-</TU>
</TR>

<TR ACOPY="Y" ADELETE="Y" HEIGHT="53">
<TU ALIGN="CENTER" VALIGN="MIDDLE" WIDTH="66" HEIGHT="46" AUNIT="RPT_RSN" AUNITVALUE="02" ENG="Disposal in exchange(-)">장내매도(-)</TU>
<TU ALIGN="CENTER" VALIGN="MIDDLE" WIDTH="103" HEIGHT="46" AUNIT="MDF_DM" AUNITVALUE="20251015">2025년 10월 15일</TU>
<TU ALIGN="CENTER" VALIGN="MIDDLE" WIDTH="106" HEIGHT="46" AUNIT="STR_KND" AUNITVALUE="1" ENG="Common stock">보통주</TU>
<TE ALIGN="RIGHT" VALIGN="MIDDLE" WIDTH="65" HEIGHT="46" ACODE="BFR_STK_CNT">4,480,167</TE>
<TE ALIGN="RIGHT" VALIGN="MIDDLE" WIDTH="64" HEIGHT="46" ACODE="MDF_STK_CNT">-14,498</TE>
<TE ALIGN="RIGHT" VALIGN="MIDDLE" WIDTH="64" HEIGHT="46" ACODE="AFR_STK_CNT">4,465,669</TE>
<TE ALIGN="RIGHT" VALIGN="MIDDLE" WIDTH="112" HEIGHT="46" ACODE="ACI_AMT2">21,187</TE>
<TE ALIGN="CENTER" VALIGN="MIDDLE" WIDTH="58" HEIGHT="46" ACODE="RMK">-</TE>
<TU ALIGN="CENTER" VALIGN="MIDDLE" WIDTH="103" HEIGHT="46" AUNIT="TRD_PLN_RD" AUNITVALUE="-">-</TU>
</TR>

<TR ACOPY="Y" ADELETE="Y" HEIGHT="53">
<TU ALIGN="CENTER" VALIGN="MIDDLE" WIDTH="66" HEIGHT="46" AUNIT="RPT_RSN" AUNITVALUE="01" ENG="Acquisition in exchange(+)">장내매수(+)</TU>
<TU ALIGN="CENTER" VALIGN="MIDDLE" WIDTH="103" HEIGHT="46" AUNIT="MDF_DM" AUNITVALUE="20251016">2025년 10월 16일</TU>
<TU ALIGN="CENTER" VALIGN="MIDDLE" WIDTH="106" HEIGHT="46" AUNIT="STR_KND" AUNITVALUE="1" ENG="Common stock">보통주</TU>
<TE ALIGN="RIGHT" VALIGN="MIDDLE" WIDTH="65" HEIGHT="46" ACODE="BFR_STK_CNT">4,465,669</TE>
<TE ALIGN="RIGHT" VALIGN="MIDDLE" WIDTH="64" HEIGHT="46" ACODE="MDF_STK_CNT">357</TE>
<TE ALIGN="RIGHT" VALIGN="MIDDLE" WIDTH="64" HEIGHT="46" ACODE="AFR_STK_CNT">4,466,026</TE>
<TE ALIGN="RIGHT" VALIGN="MIDDLE" WIDTH="112" HEIGHT="46" ACODE="ACI_AMT2">21,079</TE>
<TE ALIGN="CENTER" VALIGN="MIDDLE" WIDTH="58" HEIGHT="46" ACODE="RMK">-</TE>
<TU ALIGN="CENTER" VALIGN="MIDDLE" WIDTH="103" HEIGHT="46" AUNIT="TRD_PLN_RD" AUNITVALUE="-">-</TU>
</TR>

<TR ACOPY="Y" ADELETE="Y" HEIGHT="53">
<TU ALIGN="CENTER" VALIGN="MIDDLE" WIDTH="66" HEIGHT="46" AUNIT="RPT_RSN" AUNITVALUE="02" ENG="Disposal in exchange(-)">장내매도(-)</TU>
<TU ALIGN="CENTER" VALIGN="MIDDLE" WIDTH="103" HEIGHT="46" AUNIT="MDF_DM" AUNITVALUE="20251016">2025년 10월 16일</TU>
<TU ALIGN="CENTER" VALIGN="MIDDLE" WIDTH="106" HEIGHT="46" AUNIT="STR_KND" AUNITVALUE="1" ENG="Common stock">보통주</TU>
<TE ALIGN="RIGHT" VALIGN="MIDDLE" WIDTH="65" HEIGHT="46" ACODE="BFR_STK_CNT">4,466,026</TE>
<TE ALIGN="RIGHT" VALIGN="MIDDLE" WIDTH="64" HEIGHT="46" ACODE="MDF_STK_CNT">-19,051</TE>
<TE ALIGN="RIGHT" VALIGN="MIDDLE" WIDTH="64" HEIGHT="46" ACODE="AFR_STK_CNT">4,446,975</TE>
<TE ALIGN="RIGHT" VALIGN="MIDDLE" WIDTH="112" HEIGHT="46" ACODE="ACI_AMT2">21,042</TE>
<TE ALIGN="CENTER" VALIGN="MIDDLE" WIDTH="58" HEIGHT="46" ACODE="RMK">-</TE>
<TU ALIGN="CENTER" VALIGN="MIDDLE" WIDTH="103" HEIGHT="46" AUNIT="TRD_PLN_RD" AUNITVALUE="-">-</TU>
</TR>

<TR ACOPY="Y" ADELETE="Y" HEIGHT="53">
<TU ALIGN="CENTER" VALIGN="MIDDLE" WIDTH="66" HEIGHT="46" AUNIT="RPT_RSN" AUNITVALUE="01" ENG="Acquisition in exchange(+)">장내매수(+)</TU>
<TU ALIGN="CENTER" VALIGN="MIDDLE" WIDTH="103" HEIGHT="46" AUNIT="MDF_DM" AUNITVALUE="20251017">2025년 10월 17일</TU>
<TU ALIGN="CENTER" VALIGN="MIDDLE" WIDTH="106" HEIGHT="46" AUNIT="STR_KND" AUNITVALUE="1" ENG="Common stock">보통주</TU>
<TE ALIGN="RIGHT" VALIGN="MIDDLE" WIDTH="65" HEIGHT="46" ACODE="BFR_STK_CNT">4,446,975</TE>
<TE ALIGN="RIGHT" VALIGN="MIDDLE" WIDTH="64" HEIGHT="46" ACODE="MDF_STK_CNT">2,000</TE>
<TE ALIGN="RIGHT" VALIGN="MIDDLE" WIDTH="64" HEIGHT="46" ACODE="AFR_STK_CNT">4,448,975</TE>
<TE ALIGN="RIGHT" VALIGN="MIDDLE" WIDTH="112" HEIGHT="46" ACODE="ACI_AMT2">21,308</TE>
<TE ALIGN="CENTER" VALIGN="MIDDLE" WIDTH="58" HEIGHT="46" ACODE="RMK">-</TE>
<TU ALIGN="CENTER" VALIGN="MIDDLE" WIDTH="103" HEIGHT="46" AUNIT="TRD_PLN_RD" AUNITVALUE="-">-</TU>
</TR>

<TR ACOPY="Y" ADELETE="Y" HEIGHT="53">
<TU ALIGN="CENTER" VALIGN="MIDDLE" WIDTH="66" HEIGHT="46" AUNIT="RPT_RSN" AUNITVALUE="02" ENG="Disposal in exchange(-)">장내매도(-)</TU>
<TU ALIGN="CENTER" VALIGN="MIDDLE" WIDTH="103" HEIGHT="46" AUNIT="MDF_DM" AUNITVALUE="20251017">2025년 10월 17일</TU>
<TU ALIGN="CENTER" VALIGN="MIDDLE" WIDTH="106" HEIGHT="46" AUNIT="STR_KND" AUNITVALUE="1" ENG="Common stock">보통주</TU>
<TE ALIGN="RIGHT" VALIGN="MIDDLE" WIDTH="65" HEIGHT="46" ACODE="BFR_STK_CNT">4,448,975</TE>
<TE ALIGN="RIGHT" VALIGN="MIDDLE" WIDTH="64" HEIGHT="46" ACODE="MDF_STK_CNT">-41,520</TE>
<TE ALIGN="RIGHT" VALIGN="MIDDLE" WIDTH="64" HEIGHT="46" ACODE="AFR_STK_CNT">4,407,455</TE>
<TE ALIGN="RIGHT" VALIGN="MIDDLE" WIDTH="112" HEIGHT="46" ACODE="ACI_AMT2">21,287</TE>
<TE ALIGN="CENTER" VALIGN="MIDDLE" WIDTH="58" HEIGHT="46" ACODE="RMK">-</TE>
<TU ALIGN="CENTER" VALIGN="MIDDLE" WIDTH="103" HEIGHT="46" AUNIT="TRD_PLN_RD" AUNITVALUE="-">-</TU>
</TR>

<TR ACOPY="Y" ADELETE="Y" HEIGHT="53">
<TU ALIGN="CENTER" VALIGN="MIDDLE" WIDTH="66" HEIGHT="46" AUNIT="RPT_RSN" AUNITVALUE="02" ENG="Disposal in exchange(-)">장내매도(-)</TU>
<TU ALIGN="CENTER" VALIGN="MIDDLE" WIDTH="103" HEIGHT="46" AUNIT="MDF_DM" AUNITVALUE="20251020">2025년 10월 20일</TU>
<TU ALIGN="CENTER" VALIGN="MIDDLE" WIDTH="106" HEIGHT="46" AUNIT="STR_KND" AUNITVALUE="1" ENG="Common stock">보통주</TU>
<TE ALIGN="RIGHT" VALIGN="MIDDLE" WIDTH="65" HEIGHT="46" ACODE="BFR_STK_CNT">4,407,455</TE>
<TE ALIGN="RIGHT" VALIGN="MIDDLE" WIDTH="64" HEIGHT="46" ACODE="MDF_STK_CNT">-31,719</TE>
<TE ALIGN="RIGHT" VALIGN="MIDDLE" WIDTH="64" HEIGHT="46" ACODE="AFR_STK_CNT">4,375,736</TE>
<TE ALIGN="RIGHT" VALIGN="MIDDLE" WIDTH="112" HEIGHT="46" ACODE="ACI_AMT2">21,259</TE>
<TE ALIGN="CENTER" VALIGN="MIDDLE" WIDTH="58" HEIGHT="46" ACODE="RMK">-</TE>
<TU ALIGN="CENTER" VALIGN="MIDDLE" WIDTH="103" HEIGHT="46" AUNIT="TRD_PLN_RD" AUNITVALUE="-">-</TU>
</TR>

<TR ACOPY="Y" ADELETE="Y" HEIGHT="53">
<TU ALIGN="CENTER" VALIGN="MIDDLE" WIDTH="66" HEIGHT="46" AUNIT="RPT_RSN" AUNITVALUE="02" ENG="Disposal in exchange(-)">장내매도(-)</TU>
<TU ALIGN="CENTER" VALIGN="MIDDLE" WIDTH="103" HEIGHT="46" AUNIT="MDF_DM" AUNITVALUE="20251021">2025년 10월 21일</TU>
<TU ALIGN="CENTER" VALIGN="MIDDLE" WIDTH="106" HEIGHT="46" AUNIT="STR_KND" AUNITVALUE="1" ENG="Common stock">보통주</TU>
<TE ALIGN="RIGHT" VALIGN="MIDDLE" WIDTH="65" HEIGHT="46" ACODE="BFR_STK_CNT">4,375,736</TE>
<TE ALIGN="RIGHT" VALIGN="MIDDLE" WIDTH="64" HEIGHT="46" ACODE="MDF_STK_CNT">-44,236</TE>
<TE ALIGN="RIGHT" VALIGN="MIDDLE" WIDTH="64" HEIGHT="46" ACODE="AFR_STK_CNT">4,331,500</TE>
<TE ALIGN="RIGHT" VALIGN="MIDDLE" WIDTH="112" HEIGHT="46" ACODE="ACI_AMT2">21,130</TE>
<TE ALIGN="CENTER" VALIGN="MIDDLE" WIDTH="58" HEIGHT="46" ACODE="RMK">-</TE>
<TU ALIGN="CENTER" VALIGN="MIDDLE" WIDTH="103" HEIGHT="46" AUNIT="TRD_PLN_RD" AUNITVALUE="-">-</TU>
</TR>

<TR ACOPY="Y" ADELETE="Y" HEIGHT="53">
<TU ALIGN="CENTER" VALIGN="MIDDLE" WIDTH="66" HEIGHT="46" AUNIT="RPT_RSN" AUNITVALUE="02" ENG="Disposal in exchange(-)">장내매도(-)</TU>
<TU ALIGN="CENTER" VALIGN="MIDDLE" WIDTH="103" HEIGHT="46" AUNIT="MDF_DM" AUNITVALUE="20251022">2025년 10월 22일</TU>
<TU ALIGN="CENTER" VALIGN="MIDDLE" WIDTH="106" HEIGHT="46" AUNIT="STR_KND" AUNITVALUE="1" ENG="Common stock">보통주</TU>
<TE ALIGN="RIGHT" VALIGN="MIDDLE" WIDTH="65" HEIGHT="46" ACODE="BFR_STK_CNT">4,331,500</TE>
<TE ALIGN="RIGHT" VALIGN="MIDDLE" WIDTH="64" HEIGHT="46" ACODE="MDF_STK_CNT">-23,291</TE>
<TE ALIGN="RIGHT" VALIGN="MIDDLE" WIDTH="64" HEIGHT="46" ACODE="AFR_STK_CNT">4,308,209</TE>
<TE ALIGN="RIGHT" VALIGN="MIDDLE" WIDTH="112" HEIGHT="46" ACODE="ACI_AMT2">21,129</TE>
<TE ALIGN="CENTER" VALIGN="MIDDLE" WIDTH="58" HEIGHT="46" ACODE="RMK">-</TE>
<TU ALIGN="CENTER" VALIGN="MIDDLE" WIDTH="103" HEIGHT="46" AUNIT="TRD_PLN_RD" AUNITVALUE="-">-</TU>
</TR>

<TR ACOPY="Y" ADELETE="Y" HEIGHT="53">
<TU ALIGN="CENTER" VALIGN="MIDDLE" WIDTH="66" HEIGHT="46" AUNIT="RPT_RSN" AUNITVALUE="01" ENG="Acquisition in exchange(+)">장내매수(+)</TU>
<TU ALIGN="CENTER" VALIGN="MIDDLE" WIDTH="103" HEIGHT="46" AUNIT="MDF_DM" AUNITVALUE="20251023">2025년 10월 23일</TU>
<TU ALIGN="CENTER" VALIGN="MIDDLE" WIDTH="106" HEIGHT="46" AUNIT="STR_KND" AUNITVALUE="1" ENG="Common stock">보통주</TU>
<TE ALIGN="RIGHT" VALIGN="MIDDLE" WIDTH="65" HEIGHT="46" ACODE="BFR_STK_CNT">4,308,209</TE>
<TE ALIGN="RIGHT" VALIGN="MIDDLE" WIDTH="64" HEIGHT="46" ACODE="MDF_STK_CNT">1,289</TE>
<TE ALIGN="RIGHT" VALIGN="MIDDLE" WIDTH="64" HEIGHT="46" ACODE="AFR_STK_CNT">4,309,498</TE>
<TE ALIGN="RIGHT" VALIGN="MIDDLE" WIDTH="112" HEIGHT="46" ACODE="ACI_AMT2">21,206</TE>
<TE ALIGN="CENTER" VALIGN="MIDDLE" WIDTH="58" HEIGHT="46" ACODE="RMK">-</TE>
<TU ALIGN="CENTER" VALIGN="MIDDLE" WIDTH="103" HEIGHT="46" AUNIT="TRD_PLN_RD" AUNITVALUE="-">-</TU>
</TR>

<TR ACOPY="Y" ADELETE="Y" HEIGHT="53">
<TU ALIGN="CENTER" VALIGN="MIDDLE" WIDTH="66" HEIGHT="46" AUNIT="RPT_RSN" AUNITVALUE="02" ENG="Disposal in exchange(-)">장내매도(-)</TU>
<TU ALIGN="CENTER" VALIGN="MIDDLE" WIDTH="103" HEIGHT="46" AUNIT="MDF_DM" AUNITVALUE="20251023">2025년 10월 23일</TU>
<TU ALIGN="CENTER" VALIGN="MIDDLE" WIDTH="106" HEIGHT="46" AUNIT="STR_KND" AUNITVALUE="1" ENG="Common stock">보통주</TU>
<TE ALIGN="RIGHT" VALIGN="MIDDLE" WIDTH="65" HEIGHT="46" ACODE="BFR_STK_CNT">4,309,498</TE>
<TE ALIGN="RIGHT" VALIGN="MIDDLE" WIDTH="64" HEIGHT="46" ACODE="MDF_STK_CNT">-47,274</TE>
<TE ALIGN="RIGHT" VALIGN="MIDDLE" WIDTH="64" HEIGHT="46" ACODE="AFR_STK_CNT">4,262,224</TE>
<TE ALIGN="RIGHT" VALIGN="MIDDLE" WIDTH="112" HEIGHT="46" ACODE="ACI_AMT2">21,119</TE>
<TE ALIGN="CENTER" VALIGN="MIDDLE" WIDTH="58" HEIGHT="46" ACODE="RMK">-</TE>
<TU ALIGN="CENTER" VALIGN="MIDDLE" WIDTH="103" HEIGHT="46" AUNIT="TRD_PLN_RD" AUNITVALUE="-">-</TU>
</TR>

<TR ACOPY="Y" ADELETE="Y" HEIGHT="53">
<TU ALIGN="CENTER" VALIGN="MIDDLE" WIDTH="66" HEIGHT="46" AUNIT="RPT_RSN" AUNITVALUE="02" ENG="Disposal in exchange(-)">장내매도(-)</TU>
<TU ALIGN="CENTER" VALIGN="MIDDLE" WIDTH="103" HEIGHT="46" AUNIT="MDF_DM" AUNITVALUE="20251024">2025년 10월 24일</TU>
<TU ALIGN="CENTER" VALIGN="MIDDLE" WIDTH="106" HEIGHT="46" AUNIT="STR_KND" AUNITVALUE="1" ENG="Common stock">보통주</TU>
<TE ALIGN="RIGHT" VALIGN="MIDDLE" WIDTH="65" HEIGHT="46" ACODE="BFR_STK_CNT">4,262,224</TE>
<TE ALIGN="RIGHT" VALIGN="MIDDLE" WIDTH="64" HEIGHT="46" ACODE="MDF_STK_CNT">-7,274</TE>
<TE ALIGN="RIGHT" VALIGN="MIDDLE" WIDTH="64" HEIGHT="46" ACODE="AFR_STK_CNT">4,254,950</TE>
<TE ALIGN="RIGHT" VALIGN="MIDDLE" WIDTH="112" HEIGHT="46" ACODE="ACI_AMT2">20,977</TE>
<TE ALIGN="CENTER" VALIGN="MIDDLE" WIDTH="58" HEIGHT="46" ACODE="RMK">-</TE>
<TU ALIGN="CENTER" VALIGN="MIDDLE" WIDTH="103" HEIGHT="46" AUNIT="TRD_PLN_RD" AUNITVALUE="-">-</TU>
</TR>

<TR ACOPY="Y" ADELETE="Y" HEIGHT="53">
<TU ALIGN="CENTER" VALIGN="MIDDLE" WIDTH="66" HEIGHT="46" AUNIT="RPT_RSN" AUNITVALUE="02" ENG="Disposal in exchange(-)">장내매도(-)</TU>
<TU ALIGN="CENTER" VALIGN="MIDDLE" WIDTH="103" HEIGHT="46" AUNIT="MDF_DM" AUNITVALUE="20251027">2025년 10월 27일</TU>
<TU ALIGN="CENTER" VALIGN="MIDDLE" WIDTH="106" HEIGHT="46" AUNIT="STR_KND" AUNITVALUE="1" ENG="Common stock">보통주</TU>
<TE ALIGN="RIGHT" VALIGN="MIDDLE" WIDTH="65" HEIGHT="46" ACODE="BFR_STK_CNT">4,254,950</TE>
<TE ALIGN="RIGHT" VALIGN="MIDDLE" WIDTH="64" HEIGHT="46" ACODE="MDF_STK_CNT">-36,783</TE>
<TE ALIGN="RIGHT" VALIGN="MIDDLE" WIDTH="64" HEIGHT="46" ACODE="AFR_STK_CNT">4,218,167</TE>
<TE ALIGN="RIGHT" VALIGN="MIDDLE" WIDTH="112" HEIGHT="46" ACODE="ACI_AMT2">21,037</TE>
<TE ALIGN="CENTER" VALIGN="MIDDLE" WIDTH="58" HEIGHT="46" ACODE="RMK">-</TE>
<TU ALIGN="CENTER" VALIGN="MIDDLE" WIDTH="103" HEIGHT="46" AUNIT="TRD_PLN_RD" AUNITVALUE="-">-</TU>
</TR>

<TR ACOPY="Y" ADELETE="Y" HEIGHT="53">
<TU ALIGN="CENTER" VALIGN="MIDDLE" WIDTH="66" HEIGHT="46" AUNIT="RPT_RSN" AUNITVALUE="02" ENG="Disposal in exchange(-)">장내매도(-)</TU>
<TU ALIGN="CENTER" VALIGN="MIDDLE" WIDTH="103" HEIGHT="46" AUNIT="MDF_DM" AUNITVALUE="20251028">2025년 10월 28일</TU>
<TU ALIGN="CENTER" VALIGN="MIDDLE" WIDTH="106" HEIGHT="46" AUNIT="STR_KND" AUNITVALUE="1" ENG="Common stock">보통주</TU>
<TE ALIGN="RIGHT" VALIGN="MIDDLE" WIDTH="65" HEIGHT="46" ACODE="BFR_STK_CNT">4,218,167</TE>
<TE ALIGN="RIGHT" VALIGN="MIDDLE" WIDTH="64" HEIGHT="46" ACODE="MDF_STK_CNT">-7,361</TE>
<TE ALIGN="RIGHT" VALIGN="MIDDLE" WIDTH="64" HEIGHT="46" ACODE="AFR_STK_CNT">4,210,806</TE>
<TE ALIGN="RIGHT" VALIGN="MIDDLE" WIDTH="112" HEIGHT="46" ACODE="ACI_AMT2">20,954</TE>
<TE ALIGN="CENTER" VALIGN="MIDDLE" WIDTH="58" HEIGHT="46" ACODE="RMK">-</TE>
<TU ALIGN="CENTER" VALIGN="MIDDLE" WIDTH="103" HEIGHT="46" AUNIT="TRD_PLN_RD" AUNITVALUE="-">-</TU>
</TR>

<TR ACOPY="Y" ADELETE="Y" HEIGHT="53">
<TU ALIGN="CENTER" VALIGN="MIDDLE" WIDTH="66" HEIGHT="46" AUNIT="RPT_RSN" AUNITVALUE="02" ENG="Disposal in exchange(-)">장내매도(-)</TU>
<TU ALIGN="CENTER" VALIGN="MIDDLE" WIDTH="103" HEIGHT="46" AUNIT="MDF_DM" AUNITVALUE="20251029">2025년 10월 29일</TU>
<TU ALIGN="CENTER" VALIGN="MIDDLE" WIDTH="106" HEIGHT="46" AUNIT="STR_KND" AUNITVALUE="1" ENG="Common stock">보통주</TU>
<TE ALIGN="RIGHT" VALIGN="MIDDLE" WIDTH="65" HEIGHT="46" ACODE="BFR_STK_CNT">4,210,806</TE>
<TE ALIGN="RIGHT" VALIGN="MIDDLE" WIDTH="64" HEIGHT="46" ACODE="MDF_STK_CNT">-28,308</TE>
<TE ALIGN="RIGHT" VALIGN="MIDDLE" WIDTH="64" HEIGHT="46" ACODE="AFR_STK_CNT">4,182,498</TE>
<TE ALIGN="RIGHT" VALIGN="MIDDLE" WIDTH="112" HEIGHT="46" ACODE="ACI_AMT2">20,969</TE>
<TE ALIGN="CENTER" VALIGN="MIDDLE" WIDTH="58" HEIGHT="46" ACODE="RMK">-</TE>
<TU ALIGN="CENTER" VALIGN="MIDDLE" WIDTH="103" HEIGHT="46" AUNIT="TRD_PLN_RD" AUNITVALUE="-">-</TU>
</TR>

<TR ACOPY="Y" ADELETE="Y" HEIGHT="53">
<TU ALIGN="CENTER" VALIGN="MIDDLE" WIDTH="66" HEIGHT="46" AUNIT="RPT_RSN" AUNITVALUE="02" ENG="Disposal in exchange(-)">장내매도(-)</TU>
<TU ALIGN="CENTER" VALIGN="MIDDLE" WIDTH="103" HEIGHT="46" AUNIT="MDF_DM" AUNITVALUE="20251030">2025년 10월 30일</TU>
<TU ALIGN="CENTER" VALIGN="MIDDLE" WIDTH="106" HEIGHT="46" AUNIT="STR_KND" AUNITVALUE="1" ENG="Common stock">보통주</TU>
<TE ALIGN="RIGHT" VALIGN="MIDDLE" WIDTH="65" HEIGHT="46" ACODE="BFR_STK_CNT">4,182,498</TE>
<TE ALIGN="RIGHT" VALIGN="MIDDLE" WIDTH="64" HEIGHT="46" ACODE="MDF_STK_CNT">-37,700</TE>
<TE ALIGN="RIGHT" VALIGN="MIDDLE" WIDTH="64" HEIGHT="46" ACODE="AFR_STK_CNT">4,144,798</TE>
<TE ALIGN="RIGHT" VALIGN="MIDDLE" WIDTH="112" HEIGHT="46" ACODE="ACI_AMT2">21,028</TE>
<TE ALIGN="CENTER" VALIGN="MIDDLE" WIDTH="58" HEIGHT="46" ACODE="RMK">-</TE>
<TU ALIGN="CENTER" VALIGN="MIDDLE" WIDTH="103" HEIGHT="46" AUNIT="TRD_PLN_RD" AUNITVALUE="-">-</TU>
</TR>

<TR ACOPY="Y" ADELETE="Y" HEIGHT="53">
<TU ALIGN="CENTER" VALIGN="MIDDLE" WIDTH="66" HEIGHT="46" AUNIT="RPT_RSN" AUNITVALUE="02" ENG="Disposal in exchange(-)">장내매도(-)</TU>
<TU ALIGN="CENTER" VALIGN="MIDDLE" WIDTH="103" HEIGHT="46" AUNIT="MDF_DM" AUNITVALUE="20251031">2025년 10월 31일</TU>
<TU ALIGN="CENTER" VALIGN="MIDDLE" WIDTH="106" HEIGHT="46" AUNIT="STR_KND" AUNITVALUE="1" ENG="Common stock">보통주</TU>
<TE ALIGN="RIGHT" VALIGN="MIDDLE" WIDTH="65" HEIGHT="46" ACODE="BFR_STK_CNT">4,144,798</TE>
<TE ALIGN="RIGHT" VALIGN="MIDDLE" WIDTH="64" HEIGHT="46" ACODE="MDF_STK_CNT">-7,291</TE>
<TE ALIGN="RIGHT" VALIGN="MIDDLE" WIDTH="64" HEIGHT="46" ACODE="AFR_STK_CNT">4,137,507</TE>
<TE ALIGN="RIGHT" VALIGN="MIDDLE" WIDTH="112" HEIGHT="46" ACODE="ACI_AMT2">21,032</TE>
<TE ALIGN="CENTER" VALIGN="MIDDLE" WIDTH="58" HEIGHT="46" ACODE="RMK">-</TE>
<TU ALIGN="CENTER" VALIGN="MIDDLE" WIDTH="103" HEIGHT="46" AUNIT="TRD_PLN_RD" AUNITVALUE="-">-</TU>
</TR>

<TR ACOPY="Y" ADELETE="Y" HEIGHT="53">
<TU ALIGN="CENTER" VALIGN="MIDDLE" WIDTH="66" HEIGHT="46" AUNIT="RPT_RSN" AUNITVALUE="02" ENG="Disposal in exchange(-)">장내매도(-)</TU>
<TU ALIGN="CENTER" VALIGN="MIDDLE" WIDTH="103" HEIGHT="46" AUNIT="MDF_DM" AUNITVALUE="20251103">2025년 11월 03일</TU>
<TU ALIGN="CENTER" VALIGN="MIDDLE" WIDTH="106" HEIGHT="46" AUNIT="STR_KND" AUNITVALUE="1" ENG="Common stock">보통주</TU>
<TE ALIGN="RIGHT" VALIGN="MIDDLE" WIDTH="65" HEIGHT="46" ACODE="BFR_STK_CNT">4,137,507</TE>
<TE ALIGN="RIGHT" VALIGN="MIDDLE" WIDTH="64" HEIGHT="46" ACODE="MDF_STK_CNT">-7,291</TE>
<TE ALIGN="RIGHT" VALIGN="MIDDLE" WIDTH="64" HEIGHT="46" ACODE="AFR_STK_CNT">4,130,216</TE>
<TE ALIGN="RIGHT" VALIGN="MIDDLE" WIDTH="112" HEIGHT="46" ACODE="ACI_AMT2">20,982</TE>
<TE ALIGN="CENTER" VALIGN="MIDDLE" WIDTH="58" HEIGHT="46" ACODE="RMK">-</TE>
<TU ALIGN="CENTER" VALIGN="MIDDLE" WIDTH="103" HEIGHT="46" AUNIT="TRD_PLN_RD" AUNITVALUE="-">-</TU>
</TR>

<TR ACOPY="Y" ADELETE="Y" HEIGHT="53">
<TU ALIGN="CENTER" VALIGN="MIDDLE" WIDTH="66" HEIGHT="46" AUNIT="RPT_RSN" AUNITVALUE="02" ENG="Disposal in exchange(-)">장내매도(-)</TU>
<TU ALIGN="CENTER" VALIGN="MIDDLE" WIDTH="103" HEIGHT="46" AUNIT="MDF_DM" AUNITVALUE="20251104">2025년 11월 04일</TU>
<TU ALIGN="CENTER" VALIGN="MIDDLE" WIDTH="106" HEIGHT="46" AUNIT="STR_KND" AUNITVALUE="1" ENG="Common stock">보통주</TU>
<TE ALIGN="RIGHT" VALIGN="MIDDLE" WIDTH="65" HEIGHT="46" ACODE="BFR_STK_CNT">4,130,216</TE>
<TE ALIGN="RIGHT" VALIGN="MIDDLE" WIDTH="64" HEIGHT="46" ACODE="MDF_STK_CNT">-12,034</TE>
<TE ALIGN="RIGHT" VALIGN="MIDDLE" WIDTH="64" HEIGHT="46" ACODE="AFR_STK_CNT">4,118,182</TE>
<TE ALIGN="RIGHT" VALIGN="MIDDLE" WIDTH="112" HEIGHT="46" ACODE="ACI_AMT2">20,836</TE>
<TE ALIGN="CENTER" VALIGN="MIDDLE" WIDTH="58" HEIGHT="46" ACODE="RMK">-</TE>
<TU ALIGN="CENTER" VALIGN="MIDDLE" WIDTH="103" HEIGHT="46" AUNIT="TRD_PLN_RD" AUNITVALUE="-">-</TU>
</TR>

<TR ACOPY="Y" ADELETE="Y" HEIGHT="53">
<TU ALIGN="CENTER" VALIGN="MIDDLE" WIDTH="66" HEIGHT="46" AUNIT="RPT_RSN" AUNITVALUE="02" ENG="Disposal in exchange(-)">장내매도(-)</TU>
<TU ALIGN="CENTER" VALIGN="MIDDLE" WIDTH="103" HEIGHT="46" AUNIT="MDF_DM" AUNITVALUE="20251106">2025년 11월 06일</TU>
<TU ALIGN="CENTER" VALIGN="MIDDLE" WIDTH="106" HEIGHT="46" AUNIT="STR_KND" AUNITVALUE="1" ENG="Common stock">보통주</TU>
<TE ALIGN="RIGHT" VALIGN="MIDDLE" WIDTH="65" HEIGHT="46" ACODE="BFR_STK_CNT">4,118,182</TE>
<TE ALIGN="RIGHT" VALIGN="MIDDLE" WIDTH="64" HEIGHT="46" ACODE="MDF_STK_CNT">-519</TE>
<TE ALIGN="RIGHT" VALIGN="MIDDLE" WIDTH="64" HEIGHT="46" ACODE="AFR_STK_CNT">4,117,663</TE>
<TE ALIGN="RIGHT" VALIGN="MIDDLE" WIDTH="112" HEIGHT="46" ACODE="ACI_AMT2">20,713</TE>
<TE ALIGN="CENTER" VALIGN="MIDDLE" WIDTH="58" HEIGHT="46" ACODE="RMK">-</TE>
<TU ALIGN="CENTER" VALIGN="MIDDLE" WIDTH="103" HEIGHT="46" AUNIT="TRD_PLN_RD" AUNITVALUE="-">-</TU>
</TR>

<TR ACOPY="Y" ADELETE="Y" HEIGHT="53">
<TU ALIGN="CENTER" VALIGN="MIDDLE" WIDTH="66" HEIGHT="46" AUNIT="RPT_RSN" AUNITVALUE="02" ENG="Disposal in exchange(-)">장내매도(-)</TU>
<TU ALIGN="CENTER" VALIGN="MIDDLE" WIDTH="103" HEIGHT="46" AUNIT="MDF_DM" AUNITVALUE="20251107">2025년 11월 07일</TU>
<TU ALIGN="CENTER" VALIGN="MIDDLE" WIDTH="106" HEIGHT="46" AUNIT="STR_KND" AUNITVALUE="1" ENG="Common stock">보통주</TU>
<TE ALIGN="RIGHT" VALIGN="MIDDLE" WIDTH="65" HEIGHT="46" ACODE="BFR_STK_CNT">4,117,663</TE>
<TE ALIGN="RIGHT" VALIGN="MIDDLE" WIDTH="64" HEIGHT="46" ACODE="MDF_STK_CNT">-180</TE>
<TE ALIGN="RIGHT" VALIGN="MIDDLE" WIDTH="64" HEIGHT="46" ACODE="AFR_STK_CNT">4,117,483</TE>
<TE ALIGN="RIGHT" VALIGN="MIDDLE" WIDTH="112" HEIGHT="46" ACODE="ACI_AMT2">20,556</TE>
<TE ALIGN="CENTER" VALIGN="MIDDLE" WIDTH="58" HEIGHT="46" ACODE="RMK">-</TE>
<TU ALIGN="CENTER" VALIGN="MIDDLE" WIDTH="103" HEIGHT="46" AUNIT="TRD_PLN_RD" AUNITVALUE="-">-</TU>
</TR>

<TR ACOPY="Y" ADELETE="Y" HEIGHT="53">
<TU ALIGN="CENTER" VALIGN="MIDDLE" WIDTH="66" HEIGHT="46" AUNIT="RPT_RSN" AUNITVALUE="01" ENG="Acquisition in exchange(+)">장내매수(+)</TU>
<TU ALIGN="CENTER" VALIGN="MIDDLE" WIDTH="103" HEIGHT="46" AUNIT="MDF_DM" AUNITVALUE="20251110">2025년 11월 10일</TU>
<TU ALIGN="CENTER" VALIGN="MIDDLE" WIDTH="106" HEIGHT="46" AUNIT="STR_KND" AUNITVALUE="1" ENG="Common stock">보통주</TU>
<TE ALIGN="RIGHT" VALIGN="MIDDLE" WIDTH="65" HEIGHT="46" ACODE="BFR_STK_CNT">4,117,483</TE>
<TE ALIGN="RIGHT" VALIGN="MIDDLE" WIDTH="64" HEIGHT="46" ACODE="MDF_STK_CNT">54</TE>
<TE ALIGN="RIGHT" VALIGN="MIDDLE" WIDTH="64" HEIGHT="46" ACODE="AFR_STK_CNT">4,117,537</TE>
<TE ALIGN="RIGHT" VALIGN="MIDDLE" WIDTH="112" HEIGHT="46" ACODE="ACI_AMT2">20,678</TE>
<TE ALIGN="CENTER" VALIGN="MIDDLE" WIDTH="58" HEIGHT="46" ACODE="RMK">-</TE>
<TU ALIGN="CENTER" VALIGN="MIDDLE" WIDTH="103" HEIGHT="46" AUNIT="TRD_PLN_RD" AUNITVALUE="-">-</TU>
</TR>

<TR ACOPY="Y" ADELETE="Y" HEIGHT="53">
<TU ALIGN="CENTER" VALIGN="MIDDLE" WIDTH="66" HEIGHT="46" AUNIT="RPT_RSN" AUNITVALUE="01" ENG="Acquisition in exchange(+)">장내매수(+)</TU>
<TU ALIGN="CENTER" VALIGN="MIDDLE" WIDTH="103" HEIGHT="46" AUNIT="MDF_DM" AUNITVALUE="20251112">2025년 11월 12일</TU>
<TU ALIGN="CENTER" VALIGN="MIDDLE" WIDTH="106" HEIGHT="46" AUNIT="STR_KND" AUNITVALUE="1" ENG="Common stock">보통주</TU>
<TE ALIGN="RIGHT" VALIGN="MIDDLE" WIDTH="65" HEIGHT="46" ACODE="BFR_STK_CNT">4,117,537</TE>
<TE ALIGN="RIGHT" VALIGN="MIDDLE" WIDTH="64" HEIGHT="46" ACODE="MDF_STK_CNT">51</TE>
<TE ALIGN="RIGHT" VALIGN="MIDDLE" WIDTH="64" HEIGHT="46" ACODE="AFR_STK_CNT">4,117,588</TE>
<TE ALIGN="RIGHT" VALIGN="MIDDLE" WIDTH="112" HEIGHT="46" ACODE="ACI_AMT2">21,041</TE>
<TE ALIGN="CENTER" VALIGN="MIDDLE" WIDTH="58" HEIGHT="46" ACODE="RMK">-</TE>
<TU ALIGN="CENTER" VALIGN="MIDDLE" WIDTH="103" HEIGHT="46" AUNIT="TRD_PLN_RD" AUNITVALUE="-">-</TU>
</TR>

<TR ACOPY="Y" ADELETE="Y" HEIGHT="53">
<TU ALIGN="CENTER" VALIGN="MIDDLE" WIDTH="66" HEIGHT="46" AUNIT="RPT_RSN" AUNITVALUE="01" ENG="Acquisition in exchange(+)">장내매수(+)</TU>
<TU ALIGN="CENTER" VALIGN="MIDDLE" WIDTH="103" HEIGHT="46" AUNIT="MDF_DM" AUNITVALUE="20251113">2025년 11월 13일</TU>
<TU ALIGN="CENTER" VALIGN="MIDDLE" WIDTH="106" HEIGHT="46" AUNIT="STR_KND" AUNITVALUE="1" ENG="Common stock">보통주</TU>
<TE ALIGN="RIGHT" VALIGN="MIDDLE" WIDTH="65" HEIGHT="46" ACODE="BFR_STK_CNT">4,117,588</TE>
<TE ALIGN="RIGHT" VALIGN="MIDDLE" WIDTH="64" HEIGHT="46" ACODE="MDF_STK_CNT">3,725</TE>
<TE ALIGN="RIGHT" VALIGN="MIDDLE" WIDTH="64" HEIGHT="46" ACODE="AFR_STK_CNT">4,121,313</TE>
<TE ALIGN="RIGHT" VALIGN="MIDDLE" WIDTH="112" HEIGHT="46" ACODE="ACI_AMT2">21,126</TE>
<TE ALIGN="CENTER" VALIGN="MIDDLE" WIDTH="58" HEIGHT="46" ACODE="RMK">-</TE>
<TU ALIGN="CENTER" VALIGN="MIDDLE" WIDTH="103" HEIGHT="46" AUNIT="TRD_PLN_RD" AUNITVALUE="-">-</TU>
</TR>

<TR ACOPY="Y" ADELETE="Y" HEIGHT="53">
<TU ALIGN="CENTER" VALIGN="MIDDLE" WIDTH="66" HEIGHT="46" AUNIT="RPT_RSN" AUNITVALUE="02" ENG="Disposal in exchange(-)">장내매도(-)</TU>
<TU ALIGN="CENTER" VALIGN="MIDDLE" WIDTH="103" HEIGHT="46" AUNIT="MDF_DM" AUNITVALUE="20251114">2025년 11월 14일</TU>
<TU ALIGN="CENTER" VALIGN="MIDDLE" WIDTH="106" HEIGHT="46" AUNIT="STR_KND" AUNITVALUE="1" ENG="Common stock">보통주</TU>
<TE ALIGN="RIGHT" VALIGN="MIDDLE" WIDTH="65" HEIGHT="46" ACODE="BFR_STK_CNT">4,121,313</TE>
<TE ALIGN="RIGHT" VALIGN="MIDDLE" WIDTH="64" HEIGHT="46" ACODE="MDF_STK_CNT">-1,877</TE>
<TE ALIGN="RIGHT" VALIGN="MIDDLE" WIDTH="64" HEIGHT="46" ACODE="AFR_STK_CNT">4,119,436</TE>
<TE ALIGN="RIGHT" VALIGN="MIDDLE" WIDTH="112" HEIGHT="46" ACODE="ACI_AMT2">21,311</TE>
<TE ALIGN="CENTER" VALIGN="MIDDLE" WIDTH="58" HEIGHT="46" ACODE="RMK">-</TE>
<TU ALIGN="CENTER" VALIGN="MIDDLE" WIDTH="103" HEIGHT="46" AUNIT="TRD_PLN_RD" AUNITVALUE="-">-</TU>
</TR>

<TR ACOPY="Y" ADELETE="Y" HEIGHT="53">
<TU ALIGN="CENTER" VALIGN="MIDDLE" WIDTH="66" HEIGHT="46" AUNIT="RPT_RSN" AUNITVALUE="02" ENG="Disposal in exchange(-)">장내매도(-)</TU>
<TU ALIGN="CENTER" VALIGN="MIDDLE" WIDTH="103" HEIGHT="46" AUNIT="MDF_DM" AUNITVALUE="20251117">2025년 11월 17일</TU>
<TU ALIGN="CENTER" VALIGN="MIDDLE" WIDTH="106" HEIGHT="46" AUNIT="STR_KND" AUNITVALUE="1" ENG="Common stock">보통주</TU>
<TE ALIGN="RIGHT" VALIGN="MIDDLE" WIDTH="65" HEIGHT="46" ACODE="BFR_STK_CNT">4,119,436</TE>
<TE ALIGN="RIGHT" VALIGN="MIDDLE" WIDTH="64" HEIGHT="46" ACODE="MDF_STK_CNT">-3,122</TE>
<TE ALIGN="RIGHT" VALIGN="MIDDLE" WIDTH="64" HEIGHT="46" ACODE="AFR_STK_CNT">4,116,314</TE>
<TE ALIGN="RIGHT" VALIGN="MIDDLE" WIDTH="112" HEIGHT="46" ACODE="ACI_AMT2">21,284</TE>
<TE ALIGN="CENTER" VALIGN="MIDDLE" WIDTH="58" HEIGHT="46" ACODE="RMK">-</TE>
<TU ALIGN="CENTER" VALIGN="MIDDLE" WIDTH="103" HEIGHT="46" AUNIT="TRD_PLN_RD" AUNITVALUE="-">-</TU>
</TR>

<TR ACOPY="Y" ADELETE="Y" HEIGHT="53">
<TU ALIGN="CENTER" VALIGN="MIDDLE" WIDTH="66" HEIGHT="46" AUNIT="RPT_RSN" AUNITVALUE="02" ENG="Disposal in exchange(-)">장내매도(-)</TU>
<TU ALIGN="CENTER" VALIGN="MIDDLE" WIDTH="103" HEIGHT="46" AUNIT="MDF_DM" AUNITVALUE="20251118">2025년 11월 18일</TU>
<TU ALIGN="CENTER" VALIGN="MIDDLE" WIDTH="106" HEIGHT="46" AUNIT="STR_KND" AUNITVALUE="1" ENG="Common stock">보통주</TU>
<TE ALIGN="RIGHT" VALIGN="MIDDLE" WIDTH="65" HEIGHT="46" ACODE="BFR_STK_CNT">4,116,314</TE>
<TE ALIGN="RIGHT" VALIGN="MIDDLE" WIDTH="64" HEIGHT="46" ACODE="MDF_STK_CNT">-1,088</TE>
<TE ALIGN="RIGHT" VALIGN="MIDDLE" WIDTH="64" HEIGHT="46" ACODE="AFR_STK_CNT">4,115,226</TE>
<TE ALIGN="RIGHT" VALIGN="MIDDLE" WIDTH="112" HEIGHT="46" ACODE="ACI_AMT2">21,327</TE>
<TE ALIGN="CENTER" VALIGN="MIDDLE" WIDTH="58" HEIGHT="46" ACODE="RMK">-</TE>
<TU ALIGN="CENTER" VALIGN="MIDDLE" WIDTH="103" HEIGHT="46" AUNIT="TRD_PLN_RD" AUNITVALUE="-">-</TU>
</TR>

<TR ACOPY="Y" ADELETE="Y" HEIGHT="53">
<TU ALIGN="CENTER" VALIGN="MIDDLE" WIDTH="66" HEIGHT="46" AUNIT="RPT_RSN" AUNITVALUE="02" ENG="Disposal in exchange(-)">장내매도(-)</TU>
<TU ALIGN="CENTER" VALIGN="MIDDLE" WIDTH="103" HEIGHT="46" AUNIT="MDF_DM" AUNITVALUE="20251119">2025년 11월 19일</TU>
<TU ALIGN="CENTER" VALIGN="MIDDLE" WIDTH="106" HEIGHT="46" AUNIT="STR_KND" AUNITVALUE="1" ENG="Common stock">보통주</TU>
<TE ALIGN="RIGHT" VALIGN="MIDDLE" WIDTH="65" HEIGHT="46" ACODE="BFR_STK_CNT">4,115,226</TE>
<TE ALIGN="RIGHT" VALIGN="MIDDLE" WIDTH="64" HEIGHT="46" ACODE="MDF_STK_CNT">-1,843</TE>
<TE ALIGN="RIGHT" VALIGN="MIDDLE" WIDTH="64" HEIGHT="46" ACODE="AFR_STK_CNT">4,113,383</TE>
<TE ALIGN="RIGHT" VALIGN="MIDDLE" WIDTH="112" HEIGHT="46" ACODE="ACI_AMT2">20,934</TE>
<TE ALIGN="CENTER" VALIGN="MIDDLE" WIDTH="58" HEIGHT="46" ACODE="RMK">-</TE>
<TU ALIGN="CENTER" VALIGN="MIDDLE" WIDTH="103" HEIGHT="46" AUNIT="TRD_PLN_RD" AUNITVALUE="-">-</TU>
</TR>

<TR ACOPY="Y" ADELETE="Y" HEIGHT="53">
<TU ALIGN="CENTER" VALIGN="MIDDLE" WIDTH="66" HEIGHT="46" AUNIT="RPT_RSN" AUNITVALUE="02" ENG="Disposal in exchange(-)">장내매도(-)</TU>
<TU ALIGN="CENTER" VALIGN="MIDDLE" WIDTH="103" HEIGHT="46" AUNIT="MDF_DM" AUNITVALUE="20251120">2025년 11월 20일</TU>
<TU ALIGN="CENTER" VALIGN="MIDDLE" WIDTH="106" HEIGHT="46" AUNIT="STR_KND" AUNITVALUE="1" ENG="Common stock">보통주</TU>
<TE ALIGN="RIGHT" VALIGN="MIDDLE" WIDTH="65" HEIGHT="46" ACODE="BFR_STK_CNT">4,113,383</TE>
<TE ALIGN="RIGHT" VALIGN="MIDDLE" WIDTH="64" HEIGHT="46" ACODE="MDF_STK_CNT">-1,896</TE>
<TE ALIGN="RIGHT" VALIGN="MIDDLE" WIDTH="64" HEIGHT="46" ACODE="AFR_STK_CNT">4,111,487</TE>
<TE ALIGN="RIGHT" VALIGN="MIDDLE" WIDTH="112" HEIGHT="46" ACODE="ACI_AMT2">20,701</TE>
<TE ALIGN="CENTER" VALIGN="MIDDLE" WIDTH="58" HEIGHT="46" ACODE="RMK">-</TE>
<TU ALIGN="CENTER" VALIGN="MIDDLE" WIDTH="103" HEIGHT="46" AUNIT="TRD_PLN_RD" AUNITVALUE="-">-</TU>
</TR>

<TR ACOPY="Y" ADELETE="Y" HEIGHT="53">
<TU ALIGN="CENTER" VALIGN="MIDDLE" WIDTH="66" HEIGHT="46" AUNIT="RPT_RSN" AUNITVALUE="01" ENG="Acquisition in exchange(+)">장내매수(+)</TU>
<TU ALIGN="CENTER" VALIGN="MIDDLE" WIDTH="103" HEIGHT="46" AUNIT="MDF_DM" AUNITVALUE="20251125">2025년 11월 25일</TU>
<TU ALIGN="CENTER" VALIGN="MIDDLE" WIDTH="106" HEIGHT="46" AUNIT="STR_KND" AUNITVALUE="1" ENG="Common stock">보통주</TU>
<TE ALIGN="RIGHT" VALIGN="MIDDLE" WIDTH="65" HEIGHT="46" ACODE="BFR_STK_CNT">4,111,487</TE>
<TE ALIGN="RIGHT" VALIGN="MIDDLE" WIDTH="64" HEIGHT="46" ACODE="MDF_STK_CNT">1,440</TE>
<TE ALIGN="RIGHT" VALIGN="MIDDLE" WIDTH="64" HEIGHT="46" ACODE="AFR_STK_CNT">4,112,927</TE>
<TE ALIGN="RIGHT" VALIGN="MIDDLE" WIDTH="112" HEIGHT="46" ACODE="ACI_AMT2">20,878</TE>
<TE ALIGN="CENTER" VALIGN="MIDDLE" WIDTH="58" HEIGHT="46" ACODE="RMK">-</TE>
<TU ALIGN="CENTER" VALIGN="MIDDLE" WIDTH="103" HEIGHT="46" AUNIT="TRD_PLN_RD" AUNITVALUE="-">-</TU>
</TR>

<TR ACOPY="Y" ADELETE="Y" HEIGHT="53">
<TU ALIGN="CENTER" VALIGN="MIDDLE" WIDTH="66" HEIGHT="46" AUNIT="RPT_RSN" AUNITVALUE="02" ENG="Disposal in exchange(-)">장내매도(-)</TU>
<TU ALIGN="CENTER" VALIGN="MIDDLE" WIDTH="103" HEIGHT="46" AUNIT="MDF_DM" AUNITVALUE="20251126">2025년 11월 26일</TU>
<TU ALIGN="CENTER" VALIGN="MIDDLE" WIDTH="106" HEIGHT="46" AUNIT="STR_KND" AUNITVALUE="1" ENG="Common stock">보통주</TU>
<TE ALIGN="RIGHT" VALIGN="MIDDLE" WIDTH="65" HEIGHT="46" ACODE="BFR_STK_CNT">4,112,927</TE>
<TE ALIGN="RIGHT" VALIGN="MIDDLE" WIDTH="64" HEIGHT="46" ACODE="MDF_STK_CNT">-4,511</TE>
<TE ALIGN="RIGHT" VALIGN="MIDDLE" WIDTH="64" HEIGHT="46" ACODE="AFR_STK_CNT">4,108,416</TE>
<TE ALIGN="RIGHT" VALIGN="MIDDLE" WIDTH="112" HEIGHT="46" ACODE="ACI_AMT2">20,832</TE>
<TE ALIGN="CENTER" VALIGN="MIDDLE" WIDTH="58" HEIGHT="46" ACODE="RMK">-</TE>
<TU ALIGN="CENTER" VALIGN="MIDDLE" WIDTH="103" HEIGHT="46" AUNIT="TRD_PLN_RD" AUNITVALUE="-">-</TU>
</TR>

<TR ACOPY="Y" ADELETE="Y" HEIGHT="53">
<TU ALIGN="CENTER" VALIGN="MIDDLE" WIDTH="66" HEIGHT="46" AUNIT="RPT_RSN" AUNITVALUE="01" ENG="Acquisition in exchange(+)">장내매수(+)</TU>
<TU ALIGN="CENTER" VALIGN="MIDDLE" WIDTH="103" HEIGHT="46" AUNIT="MDF_DM" AUNITVALUE="20251127">2025년 11월 27일</TU>
<TU ALIGN="CENTER" VALIGN="MIDDLE" WIDTH="106" HEIGHT="46" AUNIT="STR_KND" AUNITVALUE="1" ENG="Common stock">보통주</TU>
<TE ALIGN="RIGHT" VALIGN="MIDDLE" WIDTH="65" HEIGHT="46" ACODE="BFR_STK_CNT">4,108,416</TE>
<TE ALIGN="RIGHT" VALIGN="MIDDLE" WIDTH="64" HEIGHT="46" ACODE="MDF_STK_CNT">33</TE>
<TE ALIGN="RIGHT" VALIGN="MIDDLE" WIDTH="64" HEIGHT="46" ACODE="AFR_STK_CNT">4,108,449</TE>
<TE ALIGN="RIGHT" VALIGN="MIDDLE" WIDTH="112" HEIGHT="46" ACODE="ACI_AMT2">20,771</TE>
<TE ALIGN="CENTER" VALIGN="MIDDLE" WIDTH="58" HEIGHT="46" ACODE="RMK">-</TE>
<TU ALIGN="CENTER" VALIGN="MIDDLE" WIDTH="103" HEIGHT="46" AUNIT="TRD_PLN_RD" AUNITVALUE="-">-</TU>
</TR>

<TR ACOPY="Y" ADELETE="Y" HEIGHT="53">
<TU ALIGN="CENTER" VALIGN="MIDDLE" WIDTH="66" HEIGHT="46" AUNIT="RPT_RSN" AUNITVALUE="01" ENG="Acquisition in exchange(+)">장내매수(+)</TU>
<TU ALIGN="CENTER" VALIGN="MIDDLE" WIDTH="103" HEIGHT="46" AUNIT="MDF_DM" AUNITVALUE="20251128">2025년 11월 28일</TU>
<TU ALIGN="CENTER" VALIGN="MIDDLE" WIDTH="106" HEIGHT="46" AUNIT="STR_KND" AUNITVALUE="1" ENG="Common stock">보통주</TU>
<TE ALIGN="RIGHT" VALIGN="MIDDLE" WIDTH="65" HEIGHT="46" ACODE="BFR_STK_CNT">4,108,449</TE>
<TE ALIGN="RIGHT" VALIGN="MIDDLE" WIDTH="64" HEIGHT="46" ACODE="MDF_STK_CNT">45</TE>
<TE ALIGN="RIGHT" VALIGN="MIDDLE" WIDTH="64" HEIGHT="46" ACODE="AFR_STK_CNT">4,108,494</TE>
<TE ALIGN="RIGHT" VALIGN="MIDDLE" WIDTH="112" HEIGHT="46" ACODE="ACI_AMT2">20,817</TE>
<TE ALIGN="CENTER" VALIGN="MIDDLE" WIDTH="58" HEIGHT="46" ACODE="RMK">-</TE>
<TU ALIGN="CENTER" VALIGN="MIDDLE" WIDTH="103" HEIGHT="46" AUNIT="TRD_PLN_RD" AUNITVALUE="-">-</TU>
</TR>

<TR ACOPY="Y" ADELETE="Y" HEIGHT="53">
<TU ALIGN="CENTER" VALIGN="MIDDLE" WIDTH="66" HEIGHT="46" AUNIT="RPT_RSN" AUNITVALUE="01" ENG="Acquisition in exchange(+)">장내매수(+)</TU>
<TU ALIGN="CENTER" VALIGN="MIDDLE" WIDTH="103" HEIGHT="46" AUNIT="MDF_DM" AUNITVALUE="20251201">2025년 12월 01일</TU>
<TU ALIGN="CENTER" VALIGN="MIDDLE" WIDTH="106" HEIGHT="46" AUNIT="STR_KND" AUNITVALUE="1" ENG="Common stock">보통주</TU>
<TE ALIGN="RIGHT" VALIGN="MIDDLE" WIDTH="65" HEIGHT="46" ACODE="BFR_STK_CNT">4,108,494</TE>
<TE ALIGN="RIGHT" VALIGN="MIDDLE" WIDTH="64" HEIGHT="46" ACODE="MDF_STK_CNT">22</TE>
<TE ALIGN="RIGHT" VALIGN="MIDDLE" WIDTH="64" HEIGHT="46" ACODE="AFR_STK_CNT">4,108,516</TE>
<TE ALIGN="RIGHT" VALIGN="MIDDLE" WIDTH="112" HEIGHT="46" ACODE="ACI_AMT2">20,954</TE>
<TE ALIGN="CENTER" VALIGN="MIDDLE" WIDTH="58" HEIGHT="46" ACODE="RMK">-</TE>
<TU ALIGN="CENTER" VALIGN="MIDDLE" WIDTH="103" HEIGHT="46" AUNIT="TRD_PLN_RD" AUNITVALUE="-">-</TU>
</TR>

<TR ACOPY="Y" ADELETE="Y" HEIGHT="53">
<TU ALIGN="CENTER" VALIGN="MIDDLE" WIDTH="66" HEIGHT="46" AUNIT="RPT_RSN" AUNITVALUE="02" ENG="Disposal in exchange(-)">장내매도(-)</TU>
<TU ALIGN="CENTER" VALIGN="MIDDLE" WIDTH="103" HEIGHT="46" AUNIT="MDF_DM" AUNITVALUE="20251201">2025년 12월 01일</TU>
<TU ALIGN="CENTER" VALIGN="MIDDLE" WIDTH="106" HEIGHT="46" AUNIT="STR_KND" AUNITVALUE="1" ENG="Common stock">보통주</TU>
<TE ALIGN="RIGHT" VALIGN="MIDDLE" WIDTH="65" HEIGHT="46" ACODE="BFR_STK_CNT">4,108,516</TE>
<TE ALIGN="RIGHT" VALIGN="MIDDLE" WIDTH="64" HEIGHT="46" ACODE="MDF_STK_CNT">-15,000</TE>
<TE ALIGN="RIGHT" VALIGN="MIDDLE" WIDTH="64" HEIGHT="46" ACODE="AFR_STK_CNT">4,093,516</TE>
<TE ALIGN="RIGHT" VALIGN="MIDDLE" WIDTH="112" HEIGHT="46" ACODE="ACI_AMT2">20,925</TE>
<TE ALIGN="CENTER" VALIGN="MIDDLE" WIDTH="58" HEIGHT="46" ACODE="RMK">-</TE>
<TU ALIGN="CENTER" VALIGN="MIDDLE" WIDTH="103" HEIGHT="46" AUNIT="TRD_PLN_RD" AUNITVALUE="-">-</TU>
</TR>

<TR ACOPY="Y" ADELETE="Y" HEIGHT="53">
<TU ALIGN="CENTER" VALIGN="MIDDLE" WIDTH="66" HEIGHT="46" AUNIT="RPT_RSN" AUNITVALUE="02" ENG="Disposal in exchange(-)">장내매도(-)</TU>
<TU ALIGN="CENTER" VALIGN="MIDDLE" WIDTH="103" HEIGHT="46" AUNIT="MDF_DM" AUNITVALUE="20251202">2025년 12월 02일</TU>
<TU ALIGN="CENTER" VALIGN="MIDDLE" WIDTH="106" HEIGHT="46" AUNIT="STR_KND" AUNITVALUE="1" ENG="Common stock">보통주</TU>
<TE ALIGN="RIGHT" VALIGN="MIDDLE" WIDTH="65" HEIGHT="46" ACODE="BFR_STK_CNT">4,093,516</TE>
<TE ALIGN="RIGHT" VALIGN="MIDDLE" WIDTH="64" HEIGHT="46" ACODE="MDF_STK_CNT">-1,001</TE>
<TE ALIGN="RIGHT" VALIGN="MIDDLE" WIDTH="64" HEIGHT="46" ACODE="AFR_STK_CNT">4,092,515</TE>
<TE ALIGN="RIGHT" VALIGN="MIDDLE" WIDTH="112" HEIGHT="46" ACODE="ACI_AMT2">21,051</TE>
<TE ALIGN="CENTER" VALIGN="MIDDLE" WIDTH="58" HEIGHT="46" ACODE="RMK">-</TE>
<TU ALIGN="CENTER" VALIGN="MIDDLE" WIDTH="103" HEIGHT="46" AUNIT="TRD_PLN_RD" AUNITVALUE="-">-</TU>
</TR>

<TR ACOPY="Y" ADELETE="Y" HEIGHT="53">
<TU ALIGN="CENTER" VALIGN="MIDDLE" WIDTH="66" HEIGHT="46" AUNIT="RPT_RSN" AUNITVALUE="01" ENG="Acquisition in exchange(+)">장내매수(+)</TU>
<TU ALIGN="CENTER" VALIGN="MIDDLE" WIDTH="103" HEIGHT="46" AUNIT="MDF_DM" AUNITVALUE="20251208">2025년 12월 08일</TU>
<TU ALIGN="CENTER" VALIGN="MIDDLE" WIDTH="106" HEIGHT="46" AUNIT="STR_KND" AUNITVALUE="1" ENG="Common stock">보통주</TU>
<TE ALIGN="RIGHT" VALIGN="MIDDLE" WIDTH="65" HEIGHT="46" ACODE="BFR_STK_CNT">4,092,515</TE>
<TE ALIGN="RIGHT" VALIGN="MIDDLE" WIDTH="64" HEIGHT="46" ACODE="MDF_STK_CNT">614</TE>
<TE ALIGN="RIGHT" VALIGN="MIDDLE" WIDTH="64" HEIGHT="46" ACODE="AFR_STK_CNT">4,093,129</TE>
<TE ALIGN="RIGHT" VALIGN="MIDDLE" WIDTH="112" HEIGHT="46" ACODE="ACI_AMT2">21,182</TE>
<TE ALIGN="CENTER" VALIGN="MIDDLE" WIDTH="58" HEIGHT="46" ACODE="RMK">-</TE>
<TU ALIGN="CENTER" VALIGN="MIDDLE" WIDTH="103" HEIGHT="46" AUNIT="TRD_PLN_RD" AUNITVALUE="-">-</TU>
</TR>

<TR ACOPY="Y" ADELETE="Y" HEIGHT="53">
<TU ALIGN="CENTER" VALIGN="MIDDLE" WIDTH="66" HEIGHT="46" AUNIT="RPT_RSN" AUNITVALUE="01" ENG="Acquisition in exchange(+)">장내매수(+)</TU>
<TU ALIGN="CENTER" VALIGN="MIDDLE" WIDTH="103" HEIGHT="46" AUNIT="MDF_DM" AUNITVALUE="20251209">2025년 12월 09일</TU>
<TU ALIGN="CENTER" VALIGN="MIDDLE" WIDTH="106" HEIGHT="46" AUNIT="STR_KND" AUNITVALUE="1" ENG="Common stock">보통주</TU>
<TE ALIGN="RIGHT" VALIGN="MIDDLE" WIDTH="65" HEIGHT="46" ACODE="BFR_STK_CNT">4,093,129</TE>
<TE ALIGN="RIGHT" VALIGN="MIDDLE" WIDTH="64" HEIGHT="46" ACODE="MDF_STK_CNT">12,000</TE>
<TE ALIGN="RIGHT" VALIGN="MIDDLE" WIDTH="64" HEIGHT="46" ACODE="AFR_STK_CNT">4,105,129</TE>
<TE ALIGN="RIGHT" VALIGN="MIDDLE" WIDTH="112" HEIGHT="46" ACODE="ACI_AMT2">21,408</TE>
<TE ALIGN="CENTER" VALIGN="MIDDLE" WIDTH="58" HEIGHT="46" ACODE="RMK">-</TE>
<TU ALIGN="CENTER" VALIGN="MIDDLE" WIDTH="103" HEIGHT="46" AUNIT="TRD_PLN_RD" AUNITVALUE="-">-</TU>
</TR>

<TR ACOPY="Y" ADELETE="Y" HEIGHT="53">
<TU ALIGN="CENTER" VALIGN="MIDDLE" WIDTH="66" HEIGHT="46" AUNIT="RPT_RSN" AUNITVALUE="02" ENG="Disposal in exchange(-)">장내매도(-)</TU>
<TU ALIGN="CENTER" VALIGN="MIDDLE" WIDTH="103" HEIGHT="46" AUNIT="MDF_DM" AUNITVALUE="20251211">2025년 12월 11일</TU>
<TU ALIGN="CENTER" VALIGN="MIDDLE" WIDTH="106" HEIGHT="46" AUNIT="STR_KND" AUNITVALUE="1" ENG="Common stock">보통주</TU>
<TE ALIGN="RIGHT" VALIGN="MIDDLE" WIDTH="65" HEIGHT="46" ACODE="BFR_STK_CNT">4,105,129</TE>
<TE ALIGN="RIGHT" VALIGN="MIDDLE" WIDTH="64" HEIGHT="46" ACODE="MDF_STK_CNT">-8,091</TE>
<TE ALIGN="RIGHT" VALIGN="MIDDLE" WIDTH="64" HEIGHT="46" ACODE="AFR_STK_CNT">4,097,038</TE>
<TE ALIGN="RIGHT" VALIGN="MIDDLE" WIDTH="112" HEIGHT="46" ACODE="ACI_AMT2">20,991</TE>
<TE ALIGN="CENTER" VALIGN="MIDDLE" WIDTH="58" HEIGHT="46" ACODE="RMK">-</TE>
<TU ALIGN="CENTER" VALIGN="MIDDLE" WIDTH="103" HEIGHT="46" AUNIT="TRD_PLN_RD" AUNITVALUE="-">-</TU>
</TR>

<TR ACOPY="Y" ADELETE="Y" HEIGHT="53">
<TU ALIGN="CENTER" VALIGN="MIDDLE" WIDTH="66" HEIGHT="46" AUNIT="RPT_RSN" AUNITVALUE="02" ENG="Disposal in exchange(-)">장내매도(-)</TU>
<TU ALIGN="CENTER" VALIGN="MIDDLE" WIDTH="103" HEIGHT="46" AUNIT="MDF_DM" AUNITVALUE="20251212">2025년 12월 12일</TU>
<TU ALIGN="CENTER" VALIGN="MIDDLE" WIDTH="106" HEIGHT="46" AUNIT="STR_KND" AUNITVALUE="1" ENG="Common stock">보통주</TU>
<TE ALIGN="RIGHT" VALIGN="MIDDLE" WIDTH="65" HEIGHT="46" ACODE="BFR_STK_CNT">4,097,038</TE>
<TE ALIGN="RIGHT" VALIGN="MIDDLE" WIDTH="64" HEIGHT="46" ACODE="MDF_STK_CNT">-7,852</TE>
<TE ALIGN="RIGHT" VALIGN="MIDDLE" WIDTH="64" HEIGHT="46" ACODE="AFR_STK_CNT">4,089,186</TE>
<TE ALIGN="RIGHT" VALIGN="MIDDLE" WIDTH="112" HEIGHT="46" ACODE="ACI_AMT2">20,853</TE>
<TE ALIGN="CENTER" VALIGN="MIDDLE" WIDTH="58" HEIGHT="46" ACODE="RMK">-</TE>
<TU ALIGN="CENTER" VALIGN="MIDDLE" WIDTH="103" HEIGHT="46" AUNIT="TRD_PLN_RD" AUNITVALUE="-">-</TU>
</TR>

<TR ACOPY="Y" ADELETE="Y" HEIGHT="53">
<TU ALIGN="CENTER" VALIGN="MIDDLE" WIDTH="66" HEIGHT="46" AUNIT="RPT_RSN" AUNITVALUE="02" ENG="Disposal in exchange(-)">장내매도(-)</TU>
<TU ALIGN="CENTER" VALIGN="MIDDLE" WIDTH="103" HEIGHT="46" AUNIT="MDF_DM" AUNITVALUE="20251215">2025년 12월 15일</TU>
<TU ALIGN="CENTER" VALIGN="MIDDLE" WIDTH="106" HEIGHT="46" AUNIT="STR_KND" AUNITVALUE="1" ENG="Common stock">보통주</TU>
<TE ALIGN="RIGHT" VALIGN="MIDDLE" WIDTH="65" HEIGHT="46" ACODE="BFR_STK_CNT">4,089,186</TE>
<TE ALIGN="RIGHT" VALIGN="MIDDLE" WIDTH="64" HEIGHT="46" ACODE="MDF_STK_CNT">-5,153</TE>
<TE ALIGN="RIGHT" VALIGN="MIDDLE" WIDTH="64" HEIGHT="46" ACODE="AFR_STK_CNT">4,084,033</TE>
<TE ALIGN="RIGHT" VALIGN="MIDDLE" WIDTH="112" HEIGHT="46" ACODE="ACI_AMT2">20,982</TE>
<TE ALIGN="CENTER" VALIGN="MIDDLE" WIDTH="58" HEIGHT="46" ACODE="RMK">-</TE>
<TU ALIGN="CENTER" VALIGN="MIDDLE" WIDTH="103" HEIGHT="46" AUNIT="TRD_PLN_RD" AUNITVALUE="-">-</TU>
</TR>

<TR ACOPY="Y" ADELETE="Y" HEIGHT="53">
<TU ALIGN="CENTER" VALIGN="MIDDLE" WIDTH="66" HEIGHT="46" AUNIT="RPT_RSN" AUNITVALUE="02" ENG="Disposal in exchange(-)">장내매도(-)</TU>
<TU ALIGN="CENTER" VALIGN="MIDDLE" WIDTH="103" HEIGHT="46" AUNIT="MDF_DM" AUNITVALUE="20251216">2025년 12월 16일</TU>
<TU ALIGN="CENTER" VALIGN="MIDDLE" WIDTH="106" HEIGHT="46" AUNIT="STR_KND" AUNITVALUE="1" ENG="Common stock">보통주</TU>
<TE ALIGN="RIGHT" VALIGN="MIDDLE" WIDTH="65" HEIGHT="46" ACODE="BFR_STK_CNT">4,084,033</TE>
<TE ALIGN="RIGHT" VALIGN="MIDDLE" WIDTH="64" HEIGHT="46" ACODE="MDF_STK_CNT">-4,513</TE>
<TE ALIGN="RIGHT" VALIGN="MIDDLE" WIDTH="64" HEIGHT="46" ACODE="AFR_STK_CNT">4,079,520</TE>
<TE ALIGN="RIGHT" VALIGN="MIDDLE" WIDTH="112" HEIGHT="46" ACODE="ACI_AMT2">21,236</TE>
<TE ALIGN="CENTER" VALIGN="MIDDLE" WIDTH="58" HEIGHT="46" ACODE="RMK">-</TE>
<TU ALIGN="CENTER" VALIGN="MIDDLE" WIDTH="103" HEIGHT="46" AUNIT="TRD_PLN_RD" AUNITVALUE="-">-</TU>
</TR>

<TR ACOPY="Y" ADELETE="Y" HEIGHT="53">
<TU ALIGN="CENTER" VALIGN="MIDDLE" WIDTH="66" HEIGHT="46" AUNIT="RPT_RSN" AUNITVALUE="01" ENG="Acquisition in exchange(+)">장내매수(+)</TU>
<TU ALIGN="CENTER" VALIGN="MIDDLE" WIDTH="103" HEIGHT="46" AUNIT="MDF_DM" AUNITVALUE="20251217">2025년 12월 17일</TU>
<TU ALIGN="CENTER" VALIGN="MIDDLE" WIDTH="106" HEIGHT="46" AUNIT="STR_KND" AUNITVALUE="1" ENG="Common stock">보통주</TU>
<TE ALIGN="RIGHT" VALIGN="MIDDLE" WIDTH="65" HEIGHT="46" ACODE="BFR_STK_CNT">4,079,520</TE>
<TE ALIGN="RIGHT" VALIGN="MIDDLE" WIDTH="64" HEIGHT="46" ACODE="MDF_STK_CNT">626</TE>
<TE ALIGN="RIGHT" VALIGN="MIDDLE" WIDTH="64" HEIGHT="46" ACODE="AFR_STK_CNT">4,080,146</TE>
<TE ALIGN="RIGHT" VALIGN="MIDDLE" WIDTH="112" HEIGHT="46" ACODE="ACI_AMT2">21,563</TE>
<TE ALIGN="CENTER" VALIGN="MIDDLE" WIDTH="58" HEIGHT="46" ACODE="RMK">-</TE>
<TU ALIGN="CENTER" VALIGN="MIDDLE" WIDTH="103" HEIGHT="46" AUNIT="TRD_PLN_RD" AUNITVALUE="-">-</TU>
</TR>

<TR ACOPY="Y" ADELETE="Y" HEIGHT="53">
<TU ALIGN="CENTER" VALIGN="MIDDLE" WIDTH="66" HEIGHT="46" AUNIT="RPT_RSN" AUNITVALUE="02" ENG="Disposal in exchange(-)">장내매도(-)</TU>
<TU ALIGN="CENTER" VALIGN="MIDDLE" WIDTH="103" HEIGHT="46" AUNIT="MDF_DM" AUNITVALUE="20251217">2025년 12월 17일</TU>
<TU ALIGN="CENTER" VALIGN="MIDDLE" WIDTH="106" HEIGHT="46" AUNIT="STR_KND" AUNITVALUE="1" ENG="Common stock">보통주</TU>
<TE ALIGN="RIGHT" VALIGN="MIDDLE" WIDTH="65" HEIGHT="46" ACODE="BFR_STK_CNT">4,080,146</TE>
<TE ALIGN="RIGHT" VALIGN="MIDDLE" WIDTH="64" HEIGHT="46" ACODE="MDF_STK_CNT">-7,218</TE>
<TE ALIGN="RIGHT" VALIGN="MIDDLE" WIDTH="64" HEIGHT="46" ACODE="AFR_STK_CNT">4,072,928</TE>
<TE ALIGN="RIGHT" VALIGN="MIDDLE" WIDTH="112" HEIGHT="46" ACODE="ACI_AMT2">21,427</TE>
<TE ALIGN="CENTER" VALIGN="MIDDLE" WIDTH="58" HEIGHT="46" ACODE="RMK">-</TE>
<TU ALIGN="CENTER" VALIGN="MIDDLE" WIDTH="103" HEIGHT="46" AUNIT="TRD_PLN_RD" AUNITVALUE="-">-</TU>
</TR>

<TR ACOPY="Y" ADELETE="Y" HEIGHT="53">
<TU ALIGN="CENTER" VALIGN="MIDDLE" WIDTH="66" HEIGHT="46" AUNIT="RPT_RSN" AUNITVALUE="01" ENG="Acquisition in exchange(+)">장내매수(+)</TU>
<TU ALIGN="CENTER" VALIGN="MIDDLE" WIDTH="103" HEIGHT="46" AUNIT="MDF_DM" AUNITVALUE="20251218">2025년 12월 18일</TU>
<TU ALIGN="CENTER" VALIGN="MIDDLE" WIDTH="106" HEIGHT="46" AUNIT="STR_KND" AUNITVALUE="1" ENG="Common stock">보통주</TU>
<TE ALIGN="RIGHT" VALIGN="MIDDLE" WIDTH="65" HEIGHT="46" ACODE="BFR_STK_CNT">4,072,928</TE>
<TE ALIGN="RIGHT" VALIGN="MIDDLE" WIDTH="64" HEIGHT="46" ACODE="MDF_STK_CNT">99</TE>
<TE ALIGN="RIGHT" VALIGN="MIDDLE" WIDTH="64" HEIGHT="46" ACODE="AFR_STK_CNT">4,073,027</TE>
<TE ALIGN="RIGHT" VALIGN="MIDDLE" WIDTH="112" HEIGHT="46" ACODE="ACI_AMT2">21,353</TE>
<TE ALIGN="CENTER" VALIGN="MIDDLE" WIDTH="58" HEIGHT="46" ACODE="RMK">-</TE>
<TU ALIGN="CENTER" VALIGN="MIDDLE" WIDTH="103" HEIGHT="46" AUNIT="TRD_PLN_RD" AUNITVALUE="-">-</TU>
</TR>

<TR ACOPY="Y" ADELETE="Y" HEIGHT="53">
<TU ALIGN="CENTER" VALIGN="MIDDLE" WIDTH="66" HEIGHT="46" AUNIT="RPT_RSN" AUNITVALUE="02" ENG="Disposal in exchange(-)">장내매도(-)</TU>
<TU ALIGN="CENTER" VALIGN="MIDDLE" WIDTH="103" HEIGHT="46" AUNIT="MDF_DM" AUNITVALUE="20251219">2025년 12월 19일</TU>
<TU ALIGN="CENTER" VALIGN="MIDDLE" WIDTH="106" HEIGHT="46" AUNIT="STR_KND" AUNITVALUE="1" ENG="Common stock">보통주</TU>
<TE ALIGN="RIGHT" VALIGN="MIDDLE" WIDTH="65" HEIGHT="46" ACODE="BFR_STK_CNT">4,073,027</TE>
<TE ALIGN="RIGHT" VALIGN="MIDDLE" WIDTH="64" HEIGHT="46" ACODE="MDF_STK_CNT">-9,024</TE>
<TE ALIGN="RIGHT" VALIGN="MIDDLE" WIDTH="64" HEIGHT="46" ACODE="AFR_STK_CNT">4,064,003</TE>
<TE ALIGN="RIGHT" VALIGN="MIDDLE" WIDTH="112" HEIGHT="46" ACODE="ACI_AMT2">21,150</TE>
<TE ALIGN="CENTER" VALIGN="MIDDLE" WIDTH="58" HEIGHT="46" ACODE="RMK">-</TE>
<TU ALIGN="CENTER" VALIGN="MIDDLE" WIDTH="103" HEIGHT="46" AUNIT="TRD_PLN_RD" AUNITVALUE="-">-</TU>
</TR>

<TR ACOPY="Y" ADELETE="Y" HEIGHT="53">
<TU ALIGN="CENTER" VALIGN="MIDDLE" WIDTH="66" HEIGHT="46" AUNIT="RPT_RSN" AUNITVALUE="02" ENG="Disposal in exchange(-)">장내매도(-)</TU>
<TU ALIGN="CENTER" VALIGN="MIDDLE" WIDTH="103" HEIGHT="46" AUNIT="MDF_DM" AUNITVALUE="20251223">2025년 12월 23일</TU>
<TU ALIGN="CENTER" VALIGN="MIDDLE" WIDTH="106" HEIGHT="46" AUNIT="STR_KND" AUNITVALUE="1" ENG="Common stock">보통주</TU>
<TE ALIGN="RIGHT" VALIGN="MIDDLE" WIDTH="65" HEIGHT="46" ACODE="BFR_STK_CNT">4,064,003</TE>
<TE ALIGN="RIGHT" VALIGN="MIDDLE" WIDTH="64" HEIGHT="46" ACODE="MDF_STK_CNT">-18,045</TE>
<TE ALIGN="RIGHT" VALIGN="MIDDLE" WIDTH="64" HEIGHT="46" ACODE="AFR_STK_CNT">4,045,958</TE>
<TE ALIGN="RIGHT" VALIGN="MIDDLE" WIDTH="112" HEIGHT="46" ACODE="ACI_AMT2">21,189</TE>
<TE ALIGN="CENTER" VALIGN="MIDDLE" WIDTH="58" HEIGHT="46" ACODE="RMK">-</TE>
<TU ALIGN="CENTER" VALIGN="MIDDLE" WIDTH="103" HEIGHT="46" AUNIT="TRD_PLN_RD" AUNITVALUE="-">-</TU>
</TR>

<TR ACOPY="Y" ADELETE="Y" HEIGHT="53">
<TU ALIGN="CENTER" VALIGN="MIDDLE" WIDTH="66" HEIGHT="46" AUNIT="RPT_RSN" AUNITVALUE="02" ENG="Disposal in exchange(-)">장내매도(-)</TU>
<TU ALIGN="CENTER" VALIGN="MIDDLE" WIDTH="103" HEIGHT="46" AUNIT="MDF_DM" AUNITVALUE="20251226">2025년 12월 26일</TU>
<TU ALIGN="CENTER" VALIGN="MIDDLE" WIDTH="106" HEIGHT="46" AUNIT="STR_KND" AUNITVALUE="1" ENG="Common stock">보통주</TU>
<TE ALIGN="RIGHT" VALIGN="MIDDLE" WIDTH="65" HEIGHT="46" ACODE="BFR_STK_CNT">4,045,958</TE>
<TE ALIGN="RIGHT" VALIGN="MIDDLE" WIDTH="64" HEIGHT="46" ACODE="MDF_STK_CNT">-1,000</TE>
<TE ALIGN="RIGHT" VALIGN="MIDDLE" WIDTH="64" HEIGHT="46" ACODE="AFR_STK_CNT">4,044,958</TE>
<TE ALIGN="RIGHT" VALIGN="MIDDLE" WIDTH="112" HEIGHT="46" ACODE="ACI_AMT2">21,561</TE>
<TE ALIGN="CENTER" VALIGN="MIDDLE" WIDTH="58" HEIGHT="46" ACODE="RMK">-</TE>
<TU ALIGN="CENTER" VALIGN="MIDDLE" WIDTH="103" HEIGHT="46" AUNIT="TRD_PLN_RD" AUNITVALUE="-">-</TU>
</TR>

<TR ACOPY="Y" ADELETE="Y" HEIGHT="53">
<TU ALIGN="CENTER" VALIGN="MIDDLE" WIDTH="66" HEIGHT="46" AUNIT="RPT_RSN" AUNITVALUE="02" ENG="Disposal in exchange(-)">장내매도(-)</TU>
<TU ALIGN="CENTER" VALIGN="MIDDLE" WIDTH="103" HEIGHT="46" AUNIT="MDF_DM" AUNITVALUE="20251230">2025년 12월 30일</TU>
<TU ALIGN="CENTER" VALIGN="MIDDLE" WIDTH="106" HEIGHT="46" AUNIT="STR_KND" AUNITVALUE="1" ENG="Common stock">보통주</TU>
<TE ALIGN="RIGHT" VALIGN="MIDDLE" WIDTH="65" HEIGHT="46" ACODE="BFR_STK_CNT">4,044,958</TE>
<TE ALIGN="RIGHT" VALIGN="MIDDLE" WIDTH="64" HEIGHT="46" ACODE="MDF_STK_CNT">-4,515</TE>
<TE ALIGN="RIGHT" VALIGN="MIDDLE" WIDTH="64" HEIGHT="46" ACODE="AFR_STK_CNT">4,040,443</TE>
<TE ALIGN="RIGHT" VALIGN="MIDDLE" WIDTH="112" HEIGHT="46" ACODE="ACI_AMT2">21,372</TE>
<TE ALIGN="CENTER" VALIGN="MIDDLE" WIDTH="58" HEIGHT="46" ACODE="RMK">-</TE>
<TU ALIGN="CENTER" VALIGN="MIDDLE" WIDTH="103" HEIGHT="46" AUNIT="TRD_PLN_RD" AUNITVALUE="-">-</TU>
</TR>

<TR ACOPY="N" ADELETE="N" HEIGHT="53">
<TD COLSPAN="3" ALIGN="CENTER" VALIGN="MIDDLE" WIDTH="293" HEIGHT="46" AUPDATECONT="N" ENG="Total">합  계</TD>
<TE ALIGN="RIGHT" VALIGN="MIDDLE" WIDTH="65" HEIGHT="46" ACODE="BFR_STK_SUM">4,513,662</TE>
<TE ALIGN="RIGHT" VALIGN="MIDDLE" WIDTH="64" HEIGHT="46" ACODE="MDF_STK_SUM">-473,219</TE>
<TE ALIGN="RIGHT" VALIGN="MIDDLE" WIDTH="64" HEIGHT="46" ACODE="AFR_STK_SUM">4,040,443</TE>
<TE ALIGN="RIGHT" VALIGN="MIDDLE" WIDTH="112" HEIGHT="46" ACODE="ACI_AMT_SUM2">-</TE>
<TE ALIGN="CENTER" VALIGN="MIDDLE" WIDTH="58" HEIGHT="46" ACODE="SUM_RMK">-</TE>
<TD ALIGN="CENTER" VALIGN="MIDDLE" WIDTH="103" HEIGHT="46" AUPDATECONT="N"></TD>
</TR>
</TBODY>
</TABLE>
</TABLE-GROUP>
<P>*   증권시장에서 주식등을 매매한 경우에는 그 계약결제일</P>
<P>** 주식 외의 증권의 경우 해당 증권의 행사(전환ㆍ교환)가액 또는 해당 증권의 권리행사로 취득ㆍ처분하는 주식의 매매단가를 의미하며, (   )의 금액은 해당 증권의 매매단가를 의미</P>

<P></P>
</SECTION-3>
</SECTION-2>
</SECTION-1>
</LIBRARY>

</BODY>
</DOCUMENT>