<html>
 <head> 
  <meta content="gdi" http-equiv="X-UA-TextLayoutMetrics"> 
  <meta content="text/html; charset=euc-kr" http-equiv="Content-Type"> 
  <STYLE>
.xforms * { font-family: 돋움체;}
.xforms_title * { font-size: 13pt; padding : 0 0 10 0;}

.xforms table {
    font-size: 10px;
    padding:0px;
    border-collapse:collapse;
    color: #3D3D3D;
}
.xforms td {
    padding-left:0px;
    padding-top:0px;
    border-collapse:collapse;
    line-height:22px;
    color: #3D3D3D;
    /*text-align:right;*/
    vertical-align:middle;
    border: 1px solid #7f7f7f;
}

.xforms span {
    /*display: inline-block;*/
    padding-left:3px;
    padding-right: 1px;
    line-height:22px;
    padding-top:0px;
    padding-bottom:0px;
    text-align:left;
    vertical-align:middle;
    border: 0px solid #DBDBDB;
}

.xforms.img{
    border : 0px;
}

.xforms a:link {

    color: #194866;
    text-decoration: none;
}
.xforms a:active {

    color: #194866;
    text-decoration: none;
}
.xforms a:visited {
    color: #194866;
    text-decoration: none;
}

.xforms A:hover {
    color:008BE3;
    text-decoration: none;
}

.xforms_input{
    border: 0px solid #DBDBDB;
    padding-left:3px;
    padding-right: 1px;
    height:22px;
    padding-top:0px;
    padding-bottom:0px;
    text-align:left;
}
</STYLE> 
  <title>HD한국조선해양/영업실적 등에 대한 전망(공정공시)/(2026.01.05)영업실적 등에 대한 전망(공정공시)</title> 
 </head> 
 <body> 
  <div class="xforms"> 
   <div> 
    <span class="noprint" style="display:none;width:600px;font-size:10pt;"> </span> 
    <div class="xforms_title"> 
     <div> 
      <span style="width:592px;font-weight:bold;text-align:center;">영업실적 등에 대한 전망(공정공시)</span> 
     </div> 
    </div> 
    <div id="LIB_LC101" style="width:600px;font-size:10pt;;padding:0 0 20 0"> 
     <div> 
      <div> 
       <table border="1" bordercolordark="white" bordercolorlight="#666666" cellpadding="1" cellspacing="0" id="XFormD2_Form0_Table0" style="margin:0px 0px 20px 0px;width:600px;font-size:10pt;border:1px solid #7f7f7f;"> 
        <tbody> 
         <tr> 
          <td width="134"> <span style="width:134px;font-size:10pt;">자회사인</span> </td> 
          <td width="194"> <span class="xforms_input" style="width:194px;font-size:10pt;">에이치디현대삼호(주)</span> </td> 
          <td width="272"> <span style="width:272px;font-size:10pt;">의 주요경영사항신고</span> </td> 
         </tr> 
        </tbody> 
       </table> 
      </div> 
     </div> 
    </div> 
    <table border="1" bordercolordark="white" bordercolorlight="#666666" cellpadding="1" cellspacing="0" id="XFormD1_Form0_RepeatTable0" style="margin:0px 0px 20px 0px;width:599px;font-size:10pt;border:1px solid #7f7f7f;"> 
     <tbody> 
      <tr> 
       <td colspan="8" width="599"> <span style="width:599px;font-size:10pt;">※ 동 정보는 예측정보로서 향후 실제 결과와는 다를 수 있음</span> </td> 
      </tr> 
      <tr> 
       <td colspan="8" width="599"> <span style="width:599px;font-size:10pt;">1. 영업실적 전망 내용</span> </td> 
      </tr> 
      <tr> 
       <td colspan="2" width="176"> <span style="width:176px;font-size:10pt;text-align:center;">구분(단위 : 억원)</span> </td> 
       <td width="72"> <span class="xforms_input" style="width:72px;font-size:10pt;">2026</span> </td> 
       <td width="81"> <span style="width:81px;font-size:10pt;">사업연도</span> </td> 
       <td width="69"> <span class="xforms_input" style="width:69px;font-size:10pt;">2027</span> </td> 
       <td width="67"> <span style="width:67px;font-size:10pt;">사업연도</span> </td> 
       <td width="64"> <span class="xforms_input" style="width:64px;font-size:10pt;">2028</span> </td> 
       <td width="70"> <span style="width:70px;font-size:10pt;">사업연도</span> </td> 
      </tr> 
      <tr> 
       <td rowspan="2" width="96"> <span style="width:96px;font-size:10pt;">대상기간</span> </td> 
       <td width="80"> <span style="width:80px;font-size:10pt;">시작일</span> </td> 
       <td colspan="2" width="153"> <span class="xforms_input" style="width:153px;font-size:10pt;">2026-01-01</span> </td> 
       <td colspan="2" width="136"> <span class="xforms_input" style="width:136px;font-size:10pt;">-</span> </td> 
       <td colspan="2" width="134"> <span class="xforms_input" style="width:134px;font-size:10pt;">-</span> </td> 
      </tr> 
      <tr> 
       <td width="80"> <span style="width:80px;font-size:10pt;">종료일</span> </td> 
       <td colspan="2" width="153"> <span class="xforms_input" style="width:153px;font-size:10pt;">2026-12-31</span> </td> 
       <td colspan="2" width="136"> <span class="xforms_input" style="width:136px;font-size:10pt;">-</span> </td> 
       <td colspan="2" width="134"> <span class="xforms_input" style="width:134px;font-size:10pt;">-</span> </td> 
      </tr> 
      <tr> 
       <td colspan="2" width="176"> <span style="width:176px;font-size:10pt;">매출액</span> </td> 
       <td colspan="2" width="153"> <span class="xforms_input" style="width:153px;font-size:10pt;text-align:right;">83,166</span> </td> 
       <td colspan="2" width="136"> <span class="xforms_input" style="width:136px;font-size:10pt;text-align:right;">-</span> </td> 
       <td colspan="2" width="134"> <span class="xforms_input" style="width:134px;font-size:10pt;text-align:right;">-</span> </td> 
      </tr> 
      <tr> 
       <td colspan="2" width="176"> <span style="width:176px;font-size:10pt;">영업이익</span> </td> 
       <td colspan="2" width="153"> <span class="xforms_input" style="width:153px;font-size:10pt;text-align:right;">-</span> </td> 
       <td colspan="2" width="136"> <span class="xforms_input" style="width:136px;font-size:10pt;text-align:right;">-</span> </td> 
       <td colspan="2" width="134"> <span class="xforms_input" style="width:134px;font-size:10pt;text-align:right;">-</span> </td> 
      </tr> 
      <tr> 
       <td colspan="2" width="176"> <span class="xforms_input" style="width:176px;font-size:10pt;">법인세비용차감전순이익</span> </td> 
       <td colspan="2" width="153"> <span class="xforms_input" style="width:153px;font-size:10pt;text-align:right;">-</span> </td> 
       <td colspan="2" width="136"> <span class="xforms_input" style="width:136px;font-size:10pt;text-align:right;">-</span> </td> 
       <td colspan="2" width="134"> <span class="xforms_input" style="width:134px;font-size:10pt;text-align:right;">-</span> </td> 
      </tr> 
      <tr> 
       <td colspan="2" width="176"> <span style="width:176px;font-size:10pt;">당기순이익</span> </td> 
       <td colspan="2" width="153"> <span class="xforms_input" style="width:153px;font-size:10pt;text-align:right;">-</span> </td> 
       <td colspan="2" width="136"> <span class="xforms_input" style="width:136px;font-size:10pt;text-align:right;">-</span> </td> 
       <td colspan="2" width="134"> <span class="xforms_input" style="width:134px;font-size:10pt;text-align:right;">-</span> </td> 
      </tr> 
      <tr> 
       <td colspan="2" width="176"> <span class="xforms_input" style="width:176px;font-size:10pt;">수주(단위:백만불)</span> </td> 
       <td colspan="2" width="153"> <span class="xforms_input" style="width:153px;font-size:10pt;text-align:right;">5,048</span> </td> 
       <td colspan="2" width="136"> <span class="xforms_input" style="width:136px;font-size:10pt;text-align:right;">-</span> </td> 
       <td colspan="2" width="134"> <span class="xforms_input" style="width:134px;font-size:10pt;text-align:right;">-</span> </td> 
      </tr> 
      <tr> 
       <td colspan="4" width="329"> <span style="width:329px;font-size:10pt;">2. 전망 또는 예측의 근거</span> </td> 
       <td colspan="4" width="270"> <span class="xforms_input" style="width:270px;font-size:10pt;">2026년도 경영계획은 주요지표 예측치 및 사업환경을 감안한 내부기준에 근거하여 작성되었음</span> </td> 
      </tr> 
      <tr> 
       <td colspan="2" rowspan="5" width="176"> <span style="width:176px;font-size:10pt;">3. 정보제공내역</span> </td> 
       <td colspan="2" width="153"> <span style="width:153px;font-size:10pt;">정보제공자</span> </td> 
       <td colspan="4" width="270"> <span class="xforms_input" style="width:270px;font-size:10pt;">IR팀</span> </td> 
      </tr> 
      <tr> 
       <td colspan="2" width="153"> <span style="width:153px;font-size:10pt;">정보제공대상자</span> </td> 
       <td colspan="4" width="270"> <span class="xforms_input" style="width:270px;font-size:10pt;">기관투자자 및 애널리스트</span> </td> 
      </tr> 
      <tr> 
       <td colspan="2" width="153"> <span style="width:153px;font-size:10pt;">정보제공(예정)일자</span> </td> 
       <td colspan="4" width="270"> <span class="xforms_input" style="width:270px;font-size:10pt;">2026년 1월 5일</span> </td> 
      </tr> 
      <tr> 
       <td colspan="2" width="153"> <span style="width:153px;font-size:10pt;">정보제공(예정)시간</span> </td> 
       <td colspan="4" width="270"> <span class="xforms_input" style="width:270px;font-size:10pt;">공정공시 후 수시제공</span> </td> 
      </tr> 
      <tr> 
       <td colspan="2" width="153"> <span style="width:153px;font-size:10pt;">행사명(장소)</span> </td> 
       <td colspan="4" width="270"> <span class="xforms_input" style="width:270px;font-size:10pt;">-</span> </td> 
      </tr> 
      <tr> 
       <td colspan="2" rowspan="2" width="176"> <span style="width:176px;font-size:10pt;">4. 연락처</span> </td> 
       <td colspan="2" width="153"> <span style="width:153px;font-size:10pt;">관련부서</span> </td> 
       <td colspan="4" width="270"> <span class="xforms_input" style="width:270px;font-size:10pt;">IR팀</span> </td> 
      </tr> 
      <tr> 
       <td colspan="2" width="153"> <span style="width:153px;font-size:10pt;">전화번호</span> </td> 
       <td colspan="4" width="270"> <span class="xforms_input" style="width:270px;font-size:10pt;">02-746-4603</span> </td> 
      </tr> 
      <tr> 
       <td colspan="8" width="599"> <span style="width:599px;font-size:10pt;">5. 기타 투자판단과 관련한 중요사항</span> </td> 
      </tr> 
      <tr> 
       <td colspan="8" width="599"> <span class="xforms_input" style="width:599px;font-size:10pt;">-상기 예측내용은 한국채택국제회계기준(K-IFRS)에 따른 개별기준 계획이며, 국내외 영업상황 및 여건에 따라 실제 결과치와 상이할 수 있음. <br xmlns:java="http://xml.apache.org/xalan/java"> <br xmlns:java="http://xml.apache.org/xalan/java">-하기 [최근 영업실적 등에 대한 전망과 실적 차이] 관련 2025년 매출액 및 수주 실적은 잠정 집계치로서 실제 실적과 차이가 발생할 수 있음. <br xmlns:java="http://xml.apache.org/xalan/java"> <br xmlns:java="http://xml.apache.org/xalan/java">※ 자회사 주요경영사항에 관한 공시 <br xmlns:java="http://xml.apache.org/xalan/java">
         <!--?javax.xml.transform.disable-output-escaping?--> 
         <!--?javax.xml.transform.enable-output-escaping?-->    - 자회사명 : 에이치디현대삼호(주) <br xmlns:java="http://xml.apache.org/xalan/java">
         <!--?javax.xml.transform.disable-output-escaping?--> 
         <!--?javax.xml.transform.enable-output-escaping?-->    - 자산총액비중 : 13.55% <br xmlns:java="http://xml.apache.org/xalan/java">
         <!--?javax.xml.transform.disable-output-escaping?--> 
         <!--?javax.xml.transform.enable-output-escaping?-->    - 자산총액비중은 에이치디한국조선해양(주)의 2024년말 재무상태표 기준임.</span> </td> 
      </tr> 
      <tr> 
       <td colspan="2" width="176"> <span style="width:176px;font-size:10pt;">※ 관련공시</span> </td> 
       <td colspan="6" width="423"> <span class="xforms_input" style="width:423px;font-size:10pt;">-</span> </td> 
      </tr> 
     </tbody> 
    </table> 
    <div id="LIB_L9071" style="width:608px;font-size:10pt;;padding:0 0 20 0"> 
     <div> 
      <div> 
       <span style="width:600px;font-size:11pt;font-weight:bold;">[최근 영업실적 등에 대한 전망과 실적 차이]</span> 
       <table border="1" bordercolordark="white" bordercolorlight="#666666" cellpadding="1" cellspacing="0" id="XFormD3_Form0_RepeatTable0" style="margin:0px 0px 20px 0px;width:600px;border:1px solid #7f7f7f;"> 
        <tbody> 
         <tr> 
          <td width="142"> <span style="width:142px;font-size:10pt;">대상기간</span> </td> 
          <td width="142"> <span class="xforms_input" style="width:142px;font-size:10pt;">2025-01-01</span> </td> 
          <td width="142"> <span style="width:142px;font-size:10pt;text-align:center;">~</span> </td> 
          <td width="174"> <span class="xforms_input" style="width:174px;font-size:10pt;">2025-12-31</span> </td> 
         </tr> 
         <tr> 
          <td width="142"> <span style="width:142px;font-size:10pt;">구분(단위 : 억원)</span> </td> 
          <td width="142"> <span style="width:142px;font-size:10pt;text-align:center;">전망</span> </td> 
          <td width="142"> <span style="width:142px;font-size:10pt;text-align:center;">실적</span> </td> 
          <td width="174"> <span style="width:174px;font-size:10pt;text-align:center;">오차율</span> </td> 
         </tr> 
         <tr> 
          <td width="142"> <span style="width:142px;font-size:10pt;">매출액</span> </td> 
          <td width="142"> <span class="xforms_input" style="width:142px;font-size:10pt;text-align:right;">74,317</span> </td> 
          <td width="142"> <span class="xforms_input" style="width:142px;font-size:10pt;text-align:right;">80,718</span> </td> 
          <td width="174"> <span class="xforms_input" style="width:174px;font-size:10pt;text-align:right;">8.61</span> </td> 
         </tr> 
         <tr> 
          <td width="142"> <span style="width:142px;font-size:10pt;">영업이익</span> </td> 
          <td width="142"> <span class="xforms_input" style="width:142px;font-size:10pt;text-align:right;">-</span> </td> 
          <td width="142"> <span class="xforms_input" style="width:142px;font-size:10pt;text-align:right;">-</span> </td> 
          <td width="174"> <span class="xforms_input" style="width:174px;font-size:10pt;text-align:right;">-</span> </td> 
         </tr> 
         <tr> 
          <td width="142"> <span style="width:142px;font-size:10pt;">법인세비용차감전계속사업이익</span> </td> 
          <td width="142"> <span class="xforms_input" style="width:142px;font-size:10pt;text-align:right;">-</span> </td> 
          <td width="142"> <span class="xforms_input" style="width:142px;font-size:10pt;text-align:right;">-</span> </td> 
          <td width="174"> <span class="xforms_input" style="width:174px;font-size:10pt;text-align:right;">-</span> </td> 
         </tr> 
         <tr> 
          <td width="142"> <span style="width:142px;font-size:10pt;">당기순이익</span> </td> 
          <td width="142"> <span class="xforms_input" style="width:142px;font-size:10pt;text-align:right;">-</span> </td> 
          <td width="142"> <span class="xforms_input" style="width:142px;font-size:10pt;text-align:right;">-</span> </td> 
          <td width="174"> <span class="xforms_input" style="width:174px;font-size:10pt;text-align:right;">-</span> </td> 
         </tr> 
         <tr> 
          <td width="142"> <span class="xforms_input" style="width:142px;font-size:10pt;">수주(단위:백만불)</span> </td> 
          <td width="142"> <span class="xforms_input" style="width:142px;font-size:10pt;text-align:right;">4,571</span> </td> 
          <td width="142"> <span class="xforms_input" style="width:142px;font-size:10pt;text-align:right;">6,928</span> </td> 
          <td width="174"> <span class="xforms_input" style="width:174px;font-size:10pt;text-align:right;">51.56</span> </td> 
         </tr> 
        </tbody> 
       </table> 
      </div> 
     </div> 
    </div> 
   </div> 
  </div>  
 </body>
</html>