<html>
 <head> 
  <meta content="gdi" http-equiv="X-UA-TextLayoutMetrics"> 
  <meta content="text/html; charset=euc-kr" http-equiv="Content-Type"> 
  <STYLE>
.xforms * { font-family: 돋움체;}
.xforms_title * { font-size: 13pt; padding : 0 0 10 0;}

.xforms table {
    font-size: 10px;
    padding:0px;
    border-collapse:collapse;
    color: #3D3D3D;
}
.xforms td {
    padding-left:0px;
    padding-top:0px;
    border-collapse:collapse;
    line-height:22px;
    color: #3D3D3D;
    /*text-align:right;*/
    vertical-align:middle;
    border: 1px solid #7f7f7f;
}

.xforms span {
    /*display: inline-block;*/
    padding-left:3px;
    padding-right: 1px;
    line-height:22px;
    padding-top:0px;
    padding-bottom:0px;
    text-align:left;
    vertical-align:middle;
    border: 0px solid #DBDBDB;
}

.xforms.img{
    border : 0px;
}

.xforms a:link {

    color: #194866;
    text-decoration: none;
}
.xforms a:active {

    color: #194866;
    text-decoration: none;
}
.xforms a:visited {
    color: #194866;
    text-decoration: none;
}

.xforms A:hover {
    color:008BE3;
    text-decoration: none;
}

.xforms_input{
    border: 0px solid #DBDBDB;
    padding-left:3px;
    padding-right: 1px;
    height:22px;
    padding-top:0px;
    padding-bottom:0px;
    text-align:left;
}
</STYLE> 
  <title>금호건설/기업설명회(IR) 개최(안내공시)/(2026.01.06)기업설명회(IR) 개최(안내공시)</title> 
 </head> 
 <body> 
  <div class="xforms"> 
   <div> 
    <span class="noprint" style="display:none;width:600px;font-size:10pt;"> </span> 
    <div class="xforms_title"> 
     <div> 
      <span style="width:598px;font-weight:bold;text-align:center;">기업설명회(IR) 개최(안내공시)</span> 
     </div> 
    </div> 
    <table border="1" bordercolordark="white" bordercolorlight="#666666" cellpadding="1" cellspacing="0" id="XFormD29_Form0_Table8" style="margin:0px 0px 20px 0px;width:600px;font-size:10pt;border:1px solid #7f7f7f;"> 
     <tbody> 
      <tr> 
       <td rowspan="2" width="134"> <span style="width:134px;font-size:10pt;">1. 일시 및 장소</span> </td> 
       <td width="83"> <span style="width:83px;font-size:10pt;text-align:center;">일시</span> </td> 
       <td width="119"> <span class="xforms_input" style="width:119px;font-size:10pt;">2026-01-08</span> </td> 
       <td width="264"> <span class="xforms_input" style="width:264px;font-size:10pt;">14:20</span> </td> 
      </tr> 
      <tr> 
       <td width="83"> <span style="width:83px;font-size:10pt;text-align:center;">장소</span> </td> 
       <td colspan="2" width="383"> <span class="xforms_input" style="width:383px;font-size:10pt;">-</span> </td> 
      </tr> 
      <tr> 
       <td colspan="2" width="217"> <span style="width:217px;font-size:10pt;">2. 참가 대상자</span> </td> 
       <td colspan="2" width="383"> <span class="xforms_input" style="width:383px;font-size:10pt;">국내외 주요 기관투자자</span> </td> 
      </tr> 
      <tr> 
       <td colspan="2" width="217"> <span style="width:217px;font-size:10pt;">3. 개최목적</span> </td> 
       <td colspan="2" width="383"> <span class="xforms_input" style="width:383px;font-size:10pt;">한화투자증권 건설 Corporate Day 참가</span> </td> 
      </tr> 
      <tr> 
       <td colspan="2" width="217"> <span style="width:217px;font-size:10pt;">4. 개최방법</span> </td> 
       <td colspan="2" width="383"> <span class="xforms_input" style="width:383px;font-size:10pt;">Conference Call</span> </td> 
      </tr> 
      <tr> 
       <td colspan="2" width="217"> <span style="width:217px;font-size:10pt;">5. 후원기관</span> </td> 
       <td colspan="2" width="383"> <span class="xforms_input" style="width:383px;font-size:10pt;">한화투자증권</span> </td> 
      </tr> 
      <tr> 
       <td colspan="2" width="217"> <span style="width:217px;font-size:10pt;">6. 주요 설명회내용(요약)</span> </td> 
       <td colspan="2" width="383"> <span class="xforms_input" style="width:383px;font-size:10pt;">경영현황 설명 및 Q&amp;A</span> </td> 
      </tr> 
      <tr> 
       <td colspan="2" width="217"> <span style="width:217px;font-size:10pt;">7. 결정일자</span> </td> 
       <td colspan="2" width="383"> <span class="xforms_input" style="width:383px;font-size:10pt;">2026-01-06</span> </td> 
      </tr> 
      <tr> 
       <td colspan="2" rowspan="2" width="217"> <span style="width:217px;font-size:10pt;">8. IR 자료</span> </td> 
       <td width="119"> <span style="width:119px;font-size:10pt;text-align:center;">게재일시</span> </td> 
       <td width="264"> <span class="xforms_input" style="width:264px;font-size:10pt;">2026-01-08</span> </td> 
      </tr> 
      <tr> 
       <td width="119"> <span style="width:119px;font-size:10pt;text-align:center;">관련 웹페이지</span> </td> 
       <td width="264"> <span style="width:264px;font-size:10pt;"> <a href="http://www.kumhoenc.com" target="_blank" xmlns="http://www.w3.org/1999/xhtml" xmlns:xf="http://www.w3.org/2002/xforms" xmlns:xh="http://www.w3.org/1999/xhtml" xmlns:xsd="http://www.w3.org/2001/XMLSchema">http://www.kumhoenc.com</a> <br xmlns:java="http://xml.apache.org/xalan/java"> </span> </td> 
      </tr> 
      <tr> 
       <td colspan="2" rowspan="2" width="217"> <span style="width:217px;font-size:10pt;">9. 기타 투자판단과 관련한 중요사항</span> </td> 
       <td colspan="2" width="383"> <span class="xforms_input" style="width:383px;font-size:10pt;">○ 상기 일정은 당사의 사정에 따라 변경될 수 있습니다. <br xmlns:java="http://xml.apache.org/xalan/java">○ 기업설명회 자료는 당사 홈페이지에 게재할 예정입니다. <br xmlns:java="http://xml.apache.org/xalan/java">
         <!--?javax.xml.transform.disable-output-escaping?--> 
         <!--?javax.xml.transform.enable-output-escaping?-->   -  메인화면 &gt; 투자정보 &gt; IR자료실</span> </td> 
      </tr> 
      <tr> 
       <td width="119"> <span style="width:119px;font-size:10pt;">※ 관련공시</span> </td> 
       <td width="264"> <span class="xforms_input" style="width:264px;font-size:10pt;">-</span> </td> 
      </tr> 
     </tbody> 
    </table> 
   </div> 
  </div>  
 </body>
</html>