<html>
 <head> 
  <meta content="gdi" http-equiv="X-UA-TextLayoutMetrics"> 
  <meta content="text/html; charset=euc-kr" http-equiv="Content-Type"> 
  <STYLE>
.xforms * { font-family: 돋움체;}
.xforms_title * { font-size: 13pt; padding : 0 0 10 0;}

.xforms table {
    font-size: 10px;
    padding:0px;
    border-collapse:collapse;
    color: #3D3D3D;
}
.xforms td {
    padding-left:0px;
    padding-top:0px;
    border-collapse:collapse;
    line-height:22px;
    color: #3D3D3D;
    /*text-align:right;*/
    vertical-align:middle;
    border: 1px solid #7f7f7f;
}

.xforms span {
    /*display: inline-block;*/
    padding-left:3px;
    padding-right: 1px;
    line-height:22px;
    padding-top:0px;
    padding-bottom:0px;
    text-align:left;
    vertical-align:middle;
    border: 0px solid #DBDBDB;
}

.xforms.img{
    border : 0px;
}

.xforms a:link {

    color: #194866;
    text-decoration: none;
}
.xforms a:active {

    color: #194866;
    text-decoration: none;
}
.xforms a:visited {
    color: #194866;
    text-decoration: none;
}

.xforms A:hover {
    color:008BE3;
    text-decoration: none;
}

.xforms_input{
    border: 0px solid #DBDBDB;
    padding-left:3px;
    padding-right: 1px;
    height:22px;
    padding-top:0px;
    padding-bottom:0px;
    text-align:left;
}
</STYLE> 
  <title>코스맥스/투자판단 관련 주요경영사항/(2026.01.05)투자판단 관련 주요경영사항</title> 
 </head> 
 <body> 
  <div class="xforms"> 
   <div> 
    <span class="noprint" style="display:none;width:600px;font-size:10pt;"> </span> 
    <div class="xforms_title"> 
     <div> 
      <span style="width:596px;font-weight:bold;text-align:center;">투자판단 관련 주요경영사항</span> 
     </div> 
    </div> 
    <span class="noprint" style="display:none;width:600px;font-size:10pt;"> </span> 
    <table border="1" bordercolordark="white" bordercolorlight="#666666" cellpadding="1" cellspacing="0" id="XFormD2_Form0_Table0" style="margin:0px 0px 20px 0px;width:596px;font-size:10pt;border:1px solid #7f7f7f;"> 
     <tbody> 
      <tr> 
       <td colspan="2" width="215"> <span style="width:215px;font-size:10pt;">1. 제목</span> </td> 
       <td width="381"> <span class="xforms_input" style="width:381px;font-size:10pt;">특허권 취득</span> </td> 
      </tr> 
      <tr> 
       <td colspan="2" width="215"> <span style="width:215px;font-size:10pt;">2. 주요내용</span> </td> 
       <td width="381"> <span class="xforms_input" style="width:381px;font-size:10pt;">1. 특허명칭 <br xmlns:java="http://xml.apache.org/xalan/java">화장품 <br xmlns:java="http://xml.apache.org/xalan/java"> <br xmlns:java="http://xml.apache.org/xalan/java">2. 특허 주요내용 <br xmlns:java="http://xml.apache.org/xalan/java">본 발명은 색상이 묻어나지 않는 특성을 가지면서도 광택감을 구현할 수 있도록 설계되었으며, 사용 전 용기 내부에서 셰이커를 통해 제형을 효과적으로 재분산시킴으로써, 도포 후에는 제형이 2층상으로 자연 분리되어 상층에는 투명막이, 하층에는 색상이 위치하게 되어 색상 전이 없이 투명한 광택감과 높은 지속력을 제공하는 화장품에 관한 것이다. <br xmlns:java="http://xml.apache.org/xalan/java"> <br xmlns:java="http://xml.apache.org/xalan/java">3. 특허권사 <br xmlns:java="http://xml.apache.org/xalan/java">코스맥스 주식회사 <br xmlns:java="http://xml.apache.org/xalan/java"> <br xmlns:java="http://xml.apache.org/xalan/java">4. 특허취득일자 <br xmlns:java="http://xml.apache.org/xalan/java">2026-01-05 <br xmlns:java="http://xml.apache.org/xalan/java"> <br xmlns:java="http://xml.apache.org/xalan/java">5. 특허 활용계획 <br xmlns:java="http://xml.apache.org/xalan/java">향후 생산될 제품에 사용될 예정임.</span> </td> 
      </tr> 
      <tr> 
       <td colspan="2" width="215"> <span style="width:215px;font-size:10pt;">3. 이사회결의일(결정일) 또는 사실확인일</span> </td> 
       <td width="381"> <span class="xforms_input" style="width:381px;font-size:10pt;">2026-01-05</span> </td> 
      </tr> 
      <tr> 
       <td rowspan="2" width="121"> <span style="width:121px;font-size:10pt;">- 사외이사 참석여부</span> </td> 
       <td width="94"> <span style="width:94px;font-size:10pt;text-align:center;">참석(명)</span> </td> 
       <td width="381"> <span class="xforms_input" style="width:381px;font-size:10pt;text-align:right;">-</span> </td> 
      </tr> 
      <tr> 
       <td width="94"> <span style="width:94px;font-size:10pt;text-align:center;">불참(명)</span> </td> 
       <td width="381"> <span class="xforms_input" style="width:381px;font-size:10pt;text-align:right;">-</span> </td> 
      </tr> 
      <tr> 
       <td colspan="2" width="215"> <span style="width:215px;font-size:10pt;">- 감사(사외이사가 아닌 감사위원) 참석여부</span> </td> 
       <td width="381"> <span class="xforms_input" style="width:381px;font-size:10pt;">-</span> </td> 
      </tr> 
      <tr> 
       <td colspan="3" width="596"> <span style="width:596px;font-size:10pt;">4. 기타 투자판단과 관련한 중요사항</span> </td> 
      </tr> 
      <tr> 
       <td colspan="3" width="596"> <span class="xforms_input" style="width:596px;font-size:10pt;">상기 3. 이사회결의일(결정일) 또는 사실확인일은 특허법인으로부터의 특허수수료 납부 확인증 접수일임.</span> </td> 
      </tr> 
      <tr> 
       <td width="121"> <span style="width:121px;font-size:10pt;">※ 관련공시</span> </td> 
       <td colspan="2" width="475"> <span class="xforms_input" style="width:475px;font-size:10pt;">-</span> </td> 
      </tr> 
     </tbody> 
    </table> 
    <span class="noprint" style="display:none;width:600px;font-size:10pt;"> </span> 
    <span class="noprint" style="display:none;width:600px;font-size:10pt;"> </span> 
   </div> 
  </div>  
 </body>
</html>