<?xml version="1.0" encoding="utf-8"?>


<DOCUMENT xmlns:xsi="http://www.w3.org/2001/XMLSchema-instance" xsi:noNamespaceSchemaLocation="dart4.xsd">

<DOCUMENT-NAME ACODE="10800">증권발행실적보고서</DOCUMENT-NAME>
<FORMULA-VERSION ADATE="20230828">6.0</FORMULA-VERSION>
<COMPANY-NAME AREGCIK="00104856">삼성증권</COMPANY-NAME>


<BODY ATOCID="10">

<COVER>
<COVER-TITLE ATOC="Y" AASSOCNOTE="COVER" ATOCID="1" ENG="Post-Issuance Report">증권발행실적보고서</COVER-TITLE>

<TABLE ACLASS="NORMAL" AFIXTABLE="N" WIDTH="600" BORDER="0">

<COLGROUP WIDTH="600">
<COL WIDTH="161"></COL>
<COL WIDTH="439"></COL>
</COLGROUP>

<TBODY>

<TR ACOPY="Y" ADELETE="Y" HEIGHT="53">
<TD CLASS="NORMAL" COLSPAN="2" WIDTH="591" HEIGHT="46"></TD>
</TR>

<TR ACOPY="Y" ADELETE="Y" HEIGHT="30">
<TD CLASS="NORMAL" WIDTH="152" HEIGHT="23">금융감독원장 귀하</TD>
<TD CLASS="NORMAL" ALIGN="RIGHT" WIDTH="430" HEIGHT="23">2026년 01월 07일</TD>
</TR>

<TR ACOPY="Y" ADELETE="Y" HEIGHT="55">
<TD CLASS="NORMAL" WIDTH="152" HEIGHT="48"></TD>
<TD CLASS="NORMAL" WIDTH="430" HEIGHT="48"></TD>
</TR>

<TR ACOPY="Y" ADELETE="Y" HEIGHT="53">
<TD CLASS="NORMAL" WIDTH="152" HEIGHT="46">회 사 명 :</TD>
<TD CLASS="NORMAL" WIDTH="430" HEIGHT="46">삼성증권주식회사</TD>
</TR>

<TR ACOPY="Y" ADELETE="Y" HEIGHT="53">
<TD CLASS="NORMAL" WIDTH="152" HEIGHT="46">대표 이사:</TD>
<TD CLASS="NORMAL" WIDTH="430" HEIGHT="46">박   종   문</TD>
</TR>

<TR ACOPY="Y" ADELETE="Y" HEIGHT="32">
<TD CLASS="NORMAL" WIDTH="152" HEIGHT="25">본 점 소 재 지 :</TD>
<TD CLASS="NORMAL" WIDTH="430" HEIGHT="25">서울시 서초구 서초대로 74길 11 삼성전자 빌딩</TD>
</TR>

<TR ACOPY="Y" ADELETE="Y" HEIGHT="30">
<TD CLASS="NORMAL" WIDTH="152" HEIGHT="23"></TD>
<TD CLASS="NORMAL" WIDTH="430" HEIGHT="23">(전 화) 02-2020-8000</TD>
</TR>

<TR ACOPY="Y" ADELETE="Y" HEIGHT="30">
<TD CLASS="NORMAL" WIDTH="152" HEIGHT="23"></TD>
<TD CLASS="NORMAL" WIDTH="430" HEIGHT="23">(홈페이지) http://www.samsungpop.com</TD>
</TR>

<TR ACOPY="Y" ADELETE="Y" HEIGHT="31">
<TD CLASS="NORMAL" WIDTH="152" HEIGHT="24"></TD>
<TD CLASS="NORMAL" WIDTH="430" HEIGHT="24"></TD>
</TR>

<TR ACOPY="Y" ADELETE="Y" HEIGHT="30">
<TD CLASS="NORMAL" WIDTH="152" HEIGHT="23">작 성 책 임 자 :</TD>
<TD CLASS="NORMAL" WIDTH="430" HEIGHT="23">(직 책) Equity파생운용팀장 (성 명) 김   병   인</TD>
</TR>

<TR ACOPY="Y" ADELETE="Y" HEIGHT="30">
<TD CLASS="NORMAL" WIDTH="152" HEIGHT="23"></TD>
<TD CLASS="NORMAL" WIDTH="430" HEIGHT="23">(전 화) 02-2020-7636</TD>
</TR>

<TR ACOPY="Y" ADELETE="Y" HEIGHT="53">
<TD CLASS="NORMAL" WIDTH="152" HEIGHT="46"></TD>
<TD CLASS="NORMAL" WIDTH="430" HEIGHT="46"></TD>
</TR>
</TBODY>
</TABLE>
</COVER>

<SECTION-1 ACLASS="MANDATORY" APARTSOURCE="SOURCE">

<LIBRARY>
<SECTION-2 ACLASS="MANDATORY">
<TITLE ATOC="Y" AASSOCNOTE="L-0-0-1-0" ATOCID="2" ENG="Ⅰ. Subscription and Allotment">Ⅰ. 청약 및 배정에 관한 사항</TITLE>

<SECTION-3 ACLASS="MANDATORY">
<TITLE ATOC="Y" ATOCID="3" ENG="1. Subscription and payment schedule">1. 청약 및 납입일정</TITLE>

<TABLE-GROUP ACLASS="SB_DT_DV" ADELETETABLE="N">

<TABLE ACLASS="EXTRACTION" AFIXTABLE="N" WIDTH="600" BORDER="1">

<COLGROUP WIDTH="600">
<COL WIDTH="150"></COL>
<COL WIDTH="150"></COL>
<COL WIDTH="150"></COL>
<COL WIDTH="150"></COL>
</COLGROUP>

<THEAD>

<TR ACOPY="Y" ADELETE="Y" HEIGHT="30">
<TH VALIGN="MIDDLE" WIDTH="141" HEIGHT="23" ACOPYCOL="N" ADELETECOL="N" AMOVECOL="N" AUPDATECONT="N" ENG="Type of securities">증권의 종류</TH>
<TH VALIGN="MIDDLE" WIDTH="141" HEIGHT="23" ACOPYCOL="N" ADELETECOL="N" AMOVECOL="N" AUPDATECONT="N" ENG="Subscription start date">청약 개시일</TH>
<TH VALIGN="MIDDLE" WIDTH="141" HEIGHT="23" ACOPYCOL="N" ADELETECOL="N" AMOVECOL="N" AUPDATECONT="N" ENG="Subscription closing date">청약 종료일</TH>
<TH VALIGN="MIDDLE" WIDTH="141" HEIGHT="23" ACOPYCOL="N" ADELETECOL="N" AMOVECOL="N" AUPDATECONT="N" ENG="Payment date">납입일</TH>
</TR>
</THEAD>

<TBODY>

<TR ACOPY="Y" ADELETE="N" HEIGHT="53">
<TU ALIGN="CENTER" VALIGN="MIDDLE" WIDTH="141" HEIGHT="46" AUNIT="STK_KND" AUNITVALUE="4" ENG="Equity-linked bonds">주가연계파생결합사채</TU>
<TU ALIGN="CENTER" VALIGN="MIDDLE" WIDTH="141" HEIGHT="46" AUNIT="SB_STR_DT" AUNITVALUE="20260105">2026년 01월 05일</TU>
<TU ALIGN="CENTER" VALIGN="MIDDLE" WIDTH="141" HEIGHT="46" AUNIT="SB_END_DT" AUNITVALUE="20260106">2026년 01월 06일</TU>
<TU ALIGN="CENTER" VALIGN="MIDDLE" WIDTH="141" HEIGHT="46" AUNIT="PYM_DT" AUNITVALUE="20260106">2026년 01월 06일</TU>
</TR>
</TBODY>
</TABLE>
</TABLE-GROUP>
<P></P>
<P></P>
</SECTION-3>

<SECTION-3 ACLASS="MANDATORY">
<TITLE ATOC="Y" ATOCID="4" ENG="2. Underwriting amount by underwriting institution">2. 인수기관별 인수금액</TITLE>

<TABLE-GROUP ACLASS="ACC_AMT_DV" ADELETETABLE="N">

<TABLE ACLASS="EXTRACTION" AFIXTABLE="Y" WIDTH="600" BORDER="0">

<COLGROUP WIDTH="600">
<COL WIDTH="300"></COL>
<COL WIDTH="300"></COL>
</COLGROUP>

<TBODY>

<TR ACOPY="N" ADELETE="N" HEIGHT="30">
<TD VALIGN="BOTTOM" WIDTH="291" HEIGHT="23"></TD>
<TU ALIGN="RIGHT" VALIGN="BOTTOM" WIDTH="291" HEIGHT="23" AUNIT="WON" AUNITVALUE="1" ENG="(Unit: KRW)">(단위 : 원)</TU>
</TR>
</TBODY>
</TABLE>

<TABLE ACLASS="EXTRACTION" AFIXTABLE="N" WIDTH="600" BORDER="1">

<COLGROUP WIDTH="600">
<COL WIDTH="148"></COL>
<COL WIDTH="147"></COL>
<COL WIDTH="191"></COL>
<COL WIDTH="114"></COL>
</COLGROUP>

<THEAD>

<TR ACOPY="N" ADELETE="N" HEIGHT="30">
<TH VALIGN="MIDDLE" WIDTH="139" HEIGHT="23" ACOPYCOL="N" ADELETECOL="N" AMOVECOL="N" AUPDATECONT="N" ENG="Underwriting institution">인수기관</TH>
<TH VALIGN="MIDDLE" WIDTH="138" HEIGHT="23" ACOPYCOL="N" ADELETECOL="N" AMOVECOL="N" AUPDATECONT="N" ENG="Ordinal">회 차</TH>
<TH VALIGN="MIDDLE" WIDTH="182" HEIGHT="23" ACOPYCOL="N" ADELETECOL="N" AMOVECOL="N" AUPDATECONT="N" ENG="Underwriting amount">인수금액</TH>
<TH VALIGN="MIDDLE" WIDTH="105" HEIGHT="23" ACOPYCOL="N" ADELETECOL="N" AMOVECOL="N" AUPDATECONT="N" ENG="Ratio">비 율</TH>
</TR>
</THEAD>

<TBODY>

<TR ACOPY="Y" ADELETE="N" HEIGHT="30">
<TE ALIGN="CENTER" VALIGN="MIDDLE" WIDTH="139" HEIGHT="23" ACODE="ACC_ORG">0</TE>
<TE ALIGN="RIGHT" VALIGN="MIDDLE" WIDTH="138" HEIGHT="23" ACODE="SEQ_NO2">0</TE>
<TE ALIGN="RIGHT" VALIGN="MIDDLE" WIDTH="182" HEIGHT="23" ACODE="ACC_AMT">0</TE>
<TE ALIGN="RIGHT" VALIGN="MIDDLE" WIDTH="105" HEIGHT="23" ACODE="ACC_RT">0</TE>
</TR>

<TR ACOPY="Y" ADELETE="Y" HEIGHT="30">
<TE ALIGN="CENTER" VALIGN="MIDDLE" WIDTH="139" HEIGHT="23" ACODE="ACC_ORG">0</TE>
<TE ALIGN="RIGHT" VALIGN="MIDDLE" WIDTH="138" HEIGHT="23" ACODE="SEQ_NO2">0</TE>
<TE ALIGN="RIGHT" VALIGN="MIDDLE" WIDTH="182" HEIGHT="23" ACODE="ACC_AMT">0</TE>
<TE ALIGN="RIGHT" VALIGN="MIDDLE" WIDTH="105" HEIGHT="23" ACODE="ACC_RT">0</TE>
</TR>
</TBODY>
</TABLE>
</TABLE-GROUP>
<P>본 증권은 발행회사의 직접모집이므로 인수행위가 없습니다.</P>
</SECTION-3>

<SECTION-3 ACLASS="MANDATORY">
<TITLE ATOC="Y" ATOCID="5" ENG="3. Subscription and allotment status">3. 청약 및 배정현황</TITLE>

<TABLE-GROUP ACLASS="DST_CD_DV" ADELETETABLE="N">

<TABLE ACLASS="EXTRACTION" AFIXTABLE="Y" WIDTH="747" BORDER="0">

<COLGROUP WIDTH="747">
<COL WIDTH="374"></COL>
<COL WIDTH="373"></COL>
</COLGROUP>

<TBODY>

<TR ACOPY="Y" ADELETE="Y" HEIGHT="30">
<TD WIDTH="365" HEIGHT="23"></TD>
<TU ALIGN="RIGHT" WIDTH="364" HEIGHT="23" AUNIT="WONSTOCKPERCENT" AUNITVALUE="1" ENG="(Unit: KRW, shares, %)">(단위 : 원, 주, %)</TU>
</TR>
</TBODY>
</TABLE>

<TABLE ACLASS="EXTRACTION" AFIXTABLE="N" WIDTH="747" BORDER="1">

<COLGROUP WIDTH="747">
<COL WIDTH="70"></COL>
<COL WIDTH="117"></COL>
<COL WIDTH="91"></COL>
<COL WIDTH="122"></COL>
<COL WIDTH="72"></COL>
<COL WIDTH="97"></COL>
<COL WIDTH="117"></COL>
<COL WIDTH="61"></COL>
</COLGROUP>

<THEAD>

<TR ACOPY="N" ADELETE="N" HEIGHT="30">
<TH ROWSPAN="2" VALIGN="MIDDLE" WIDTH="61" HEIGHT="53" ACOPYCOL="N" ADELETECOL="N" AMOVECOL="N" AUPDATECONT="N" ENG="Ordinal">회 차</TH>
<TH VALIGN="MIDDLE" WIDTH="108" HEIGHT="53" ACOPYCOL="N" ADELETECOL="N" AMOVECOL="N" AUPDATECONT="N" ROWSPAN="2" ENG="Total amount of offering">모집 총액</TH>
<TH COLSPAN="3" VALIGN="MIDDLE" WIDTH="276" HEIGHT="23" ACOPYCOL="N" ADELETECOL="N" AMOVECOL="N" AUPDATECONT="N" ENG="Subscription status">청약현황</TH>
<TH COLSPAN="3" VALIGN="MIDDLE" WIDTH="266" HEIGHT="23" ACOPYCOL="N" ADELETECOL="N" AMOVECOL="N" AUPDATECONT="N" ENG="Final allotment status">최종배정현황</TH>
</TR>

<TR ACOPY="N" ADELETE="N" HEIGHT="30">
<TH VALIGN="MIDDLE" WIDTH="82" HEIGHT="23" ACOPYCOL="N" ADELETECOL="N" AMOVECOL="N" AUPDATECONT="N" ENG="Number of cases">건수</TH>
<TH VALIGN="MIDDLE" WIDTH="113" HEIGHT="23" ACOPYCOL="N" ADELETECOL="N" AMOVECOL="N" AUPDATECONT="N" ENG="Amount">금액</TH>
<TH VALIGN="MIDDLE" WIDTH="63" HEIGHT="23" ACOPYCOL="N" ADELETECOL="N" AMOVECOL="N" AUPDATECONT="N" ENG="Ratio">비율</TH>
<TH VALIGN="MIDDLE" WIDTH="88" HEIGHT="23" ACOPYCOL="N" ADELETECOL="N" AMOVECOL="N" AUPDATECONT="N" ENG="Number of cases">건수</TH>
<TH VALIGN="MIDDLE" WIDTH="108" HEIGHT="23" ACOPYCOL="N" ADELETECOL="N" AMOVECOL="N" AUPDATECONT="N" ENG="Amount">금액</TH>
<TH VALIGN="MIDDLE" WIDTH="52" HEIGHT="23" ACOPYCOL="N" ADELETECOL="N" AMOVECOL="N" AUPDATECONT="N" ENG="Ratio">비율</TH>
</TR>
</THEAD>

<TBODY>

<TR ACOPY="Y" ADELETE="N" HEIGHT="30">
<TE ALIGN="CENTER" WIDTH="61" HEIGHT="23" ACODE="SEQ_NO2">2804</TE>
<TE ALIGN="RIGHT" WIDTH="108" HEIGHT="23" ACODE="TOT_RET_AMT">15,000,000,000</TE>
<TE ALIGN="RIGHT" WIDTH="82" HEIGHT="23" ACODE="SB_CNT">376</TE>
<TE ALIGN="RIGHT" WIDTH="113" HEIGHT="23" ACODE="SB_AMT">387,090,000</TE>
<TE ALIGN="RIGHT" WIDTH="63" HEIGHT="23" ACODE="SB_RT">2.6</TE>
<TE ALIGN="RIGHT" WIDTH="88" HEIGHT="23" ACODE="DV_CNT">376</TE>
<TE ALIGN="RIGHT" WIDTH="108" HEIGHT="23" ACODE="DV_AMT">387,090,000</TE>
<TE ALIGN="RIGHT" WIDTH="52" HEIGHT="23" ACODE="DV_RT">2.6</TE>
</TR>

<TR ACOPY="Y" ADELETE="N" HEIGHT="30">
<TE ALIGN="CENTER" WIDTH="61" HEIGHT="23" ACODE="SEQ_NO2">2805</TE>
<TE ALIGN="RIGHT" WIDTH="108" HEIGHT="23" ACODE="TOT_RET_AMT">15,000,000,000</TE>
<TE ALIGN="RIGHT" WIDTH="82" HEIGHT="23" ACODE="SB_CNT">4</TE>
<TE ALIGN="RIGHT" WIDTH="113" HEIGHT="23" ACODE="SB_AMT">168,420,000</TE>
<TE ALIGN="RIGHT" WIDTH="63" HEIGHT="23" ACODE="SB_RT">1.1</TE>
<TE ALIGN="RIGHT" WIDTH="88" HEIGHT="23" ACODE="DV_CNT">4</TE>
<TE ALIGN="RIGHT" WIDTH="108" HEIGHT="23" ACODE="DV_AMT">168,420,000</TE>
<TE ALIGN="RIGHT" WIDTH="52" HEIGHT="23" ACODE="DV_RT">1.1</TE>
</TR>

<TR ACOPY="Y" ADELETE="N" HEIGHT="30">
<TE ALIGN="CENTER" WIDTH="61" HEIGHT="23" ACODE="SEQ_NO2">2806</TE>
<TE ALIGN="RIGHT" WIDTH="108" HEIGHT="23" ACODE="TOT_RET_AMT">15,000,000,000</TE>
<TE ALIGN="RIGHT" WIDTH="82" HEIGHT="23" ACODE="SB_CNT">2</TE>
<TE ALIGN="RIGHT" WIDTH="113" HEIGHT="23" ACODE="SB_AMT">568,040,000</TE>
<TE ALIGN="RIGHT" WIDTH="63" HEIGHT="23" ACODE="SB_RT">3.8</TE>
<TE ALIGN="RIGHT" WIDTH="88" HEIGHT="23" ACODE="DV_CNT">2</TE>
<TE ALIGN="RIGHT" WIDTH="108" HEIGHT="23" ACODE="DV_AMT">568,040,000</TE>
<TE ALIGN="RIGHT" WIDTH="52" HEIGHT="23" ACODE="DV_RT">3.8</TE>
</TR>
</TBODY>
</TABLE>
</TABLE-GROUP>
<P></P>
<P></P>
</SECTION-3>

<SECTION-3 ACLASS="MANDATORY">
<TITLE ATOC="Y" ATOCID="6" ENG="4. Allotment method">4. 배정방법</TITLE>
<P>다음 각호의 방식으로 처리합니다.(i) 공모결과 총 청약금액이 모집금액의 100% 이상인 경우 청약금액에 비례하여 안분배정함(1증권 미만 절사). 단, 위 안분배정으로 발생한 잔여수량에 대해서는 청약자의 청약금액이 큰 순서대로 해당 청약자에게 각 1증권씩 배정하되, 청약금액이 동일한 청약자가 경합하는 경우에는 위탁계좌 개설일이 앞서는 순서, 위탁계좌 개설일이 동일한 청약자가 경합하는 경우에는 위탁계좌번호가 앞서는 순서대로 잔여수량을 1증권씩 배정함. 그러한 배정에 따른 후에도 남게되는 잔여수량에 대해서는 배정을 하지 아니함으로써 미발행으로 처리함.(ii) 공모결과 총 청약금액이 모집금액의 100%에 미달하는 경우 미달분은 미납처리하여 부분납입으로 종결함.</P>
<P></P>
</SECTION-3>
</SECTION-2>

<SECTION-2 ACLASS="MANDATORY">
<TITLE ATOC="Y" AASSOCNOTE="L-0-0-3-0" ATOCID="7" ENG="Ⅱ. Date of Securities Delivery, etc.">Ⅱ. 증권교부일 등</TITLE>
<P></P>
<P>1) 증권교부일 : 해당사항 없음 (증권의 실물은 투자자에게 교부되지 아니하며, 투자자는 전자등록기관의 계좌관리기관등 자기계좌부 또는 계좌관리기관의 고객계좌부에의 전자등록을 통하여 본 증권을 보유합니다.)2) 상장일 : 해당사항 없음.</P>
<P>3) 증자등기일 : 해당사항 없음.</P>
</SECTION-2>

<SECTION-2 ACLASS="MANDATORY">
<TITLE ATOC="Y" AASSOCNOTE="L-0-0-4-0" ATOCID="8" ENG="Ⅲ. Disclosure Implementation Status">Ⅲ. 공시 이행상황</TITLE>
<P></P>
<P>가. 청약공고</P>

<TABLE ACLASS="NORMAL" AFIXTABLE="N" WIDTH="600" BORDER="1">

<COLGROUP WIDTH="600">
<COL WIDTH="200"></COL>
<COL WIDTH="200"></COL>
<COL WIDTH="200"></COL>
</COLGROUP>

<THEAD>

<TR ACOPY="Y" ADELETE="Y" HEIGHT="30">
<TH VALIGN="MIDDLE" WIDTH="191" HEIGHT="23" ACOPYCOL="Y" ADELETECOL="Y" AMOVECOL="N">구 분</TH>
<TH VALIGN="MIDDLE" WIDTH="191" HEIGHT="23" ACOPYCOL="Y" ADELETECOL="Y" AMOVECOL="N">장 소</TH>
<TH VALIGN="MIDDLE" WIDTH="191" HEIGHT="23" ACOPYCOL="Y" ADELETECOL="Y" AMOVECOL="N">일 자</TH>
</TR>
</THEAD>

<TBODY>

<TR ACOPY="Y" ADELETE="Y" HEIGHT="76">
<TD ROWSPAN="2" ALIGN="CENTER" VALIGN="MIDDLE" WIDTH="191" HEIGHT="99">청 약 공 고</TD>
<TD ALIGN="CENTER" VALIGN="MIDDLE" WIDTH="191" HEIGHT="69">금융위(금감원)전자공시시스템 홈페이지(http://dart.fss.or.kr)</TD>
<TD ALIGN="CENTER" VALIGN="MIDDLE" WIDTH="191" HEIGHT="69">2026년 01월 02일</TD>
</TR>

<TR ACOPY="Y" ADELETE="Y" HEIGHT="30">
<TD ALIGN="CENTER" VALIGN="MIDDLE" WIDTH="191" HEIGHT="23"></TD>
<TD ALIGN="CENTER" VALIGN="MIDDLE" WIDTH="191" HEIGHT="23"></TD>
</TR>
</TBODY>
</TABLE>
<P></P>
<P>나. 배정공고</P>

<TABLE ACLASS="NORMAL" AFIXTABLE="N" WIDTH="600" BORDER="1">

<COLGROUP WIDTH="600">
<COL WIDTH="200"></COL>
<COL WIDTH="200"></COL>
<COL WIDTH="200"></COL>
</COLGROUP>

<THEAD>

<TR ACOPY="Y" ADELETE="Y" HEIGHT="30">
<TH VALIGN="MIDDLE" WIDTH="191" HEIGHT="23" ACOPYCOL="Y" ADELETECOL="Y" AMOVECOL="N">구 분</TH>
<TH VALIGN="MIDDLE" WIDTH="191" HEIGHT="23" ACOPYCOL="Y" ADELETECOL="Y" AMOVECOL="N">장 소</TH>
<TH VALIGN="MIDDLE" WIDTH="191" HEIGHT="23" ACOPYCOL="Y" ADELETECOL="Y" AMOVECOL="N">일 자</TH>
</TR>
</THEAD>

<TBODY>

<TR ACOPY="Y" ADELETE="Y" HEIGHT="76">
<TD ROWSPAN="2" ALIGN="CENTER" VALIGN="MIDDLE" WIDTH="191" HEIGHT="99">배 정 공 고</TD>
<TD ALIGN="CENTER" VALIGN="MIDDLE" WIDTH="191" HEIGHT="69">금융위(금감원)전자공시시스템 홈페이지(http://dart.fss.or.kr)</TD>
<TD ALIGN="CENTER" VALIGN="MIDDLE" WIDTH="191" HEIGHT="69">2026년 01월 07일</TD>
</TR>

<TR ACOPY="Y" ADELETE="Y" HEIGHT="30">
<TD ALIGN="CENTER" VALIGN="MIDDLE" WIDTH="191" HEIGHT="23"></TD>
<TD ALIGN="CENTER" VALIGN="MIDDLE" WIDTH="191" HEIGHT="23"></TD>
</TR>
</TBODY>
</TABLE>
<P></P>
<P>다. 증권신고서(일괄신고 추가서류 포함) 공시</P>
<P>전자문서 : 금융위(금감원)홈페이지 → dart.fss.or.kr</P>
<P>라. 투자설명서 공시</P>
<P>전자문서 : 금융위(금감원)홈페이지 → dart.fss.or.kr</P>
</SECTION-2>

<SECTION-2 ACLASS="MANDATORY">
<TITLE ATOC="Y" AASSOCNOTE="L-0-0-5-0" ATOCID="9" ENG="Ⅳ. Details of Use of Procured Funds">Ⅳ. 조달된 자금의 사용내역</TITLE>
<P></P>
<P>가. 자금조달내역</P>

<TABLE ACLASS="NORMAL" AFIXTABLE="N" WIDTH="600" BORDER="0">

<COLGROUP WIDTH="600">
<COL WIDTH="71"></COL>
<COL WIDTH="375"></COL>
<COL WIDTH="51"></COL>
<COL WIDTH="103"></COL>
</COLGROUP>

<TBODY>

<TR ACOPY="Y" ADELETE="Y" HEIGHT="30">
<TD WIDTH="62" HEIGHT="23">[종목명 :</TD>
<TD WIDTH="366" HEIGHT="23">삼성증권 제2804회 주가연계파생결합사채</TD>
<TD WIDTH="42" HEIGHT="23">]</TD>
<TD ALIGN="RIGHT" VALIGN="BOTTOM" WIDTH="94" HEIGHT="23">(단위 : 원)</TD>
</TR>
</TBODY>
</TABLE>

<TABLE ACLASS="NORMAL" AFIXTABLE="N" WIDTH="621" BORDER="1">

<COLGROUP WIDTH="621">
<COL WIDTH="84"></COL>
<COL WIDTH="116"></COL>
<COL WIDTH="63"></COL>
<COL WIDTH="90"></COL>
<COL WIDTH="121"></COL>
<COL WIDTH="123"></COL>
<COL WIDTH="24"></COL>
</COLGROUP>

<THEAD>

<TR ACOPY="Y" ADELETE="Y" HEIGHT="30">
<TH ROWSPAN="2" VALIGN="MIDDLE" WIDTH="75" HEIGHT="104" ACOPYCOL="Y" ADELETECOL="Y" AMOVECOL="N">구 분</TH>
<TH ROWSPAN="2" VALIGN="MIDDLE" WIDTH="107" HEIGHT="104" ACOPYCOL="Y" ADELETECOL="Y" AMOVECOL="N">신고서상발행예정총액</TH>
<TH COLSPAN="3" VALIGN="MIDDLE" WIDTH="265" HEIGHT="23" ACOPYCOL="Y" ADELETECOL="Y" AMOVECOL="N">실제 자금조달총액</TH>
<TH ROWSPAN="2" VALIGN="MIDDLE" WIDTH="114" HEIGHT="104" ACOPYCOL="Y" ADELETECOL="Y" AMOVECOL="N">확정권면총액</TH>
<TH ROWSPAN="2" VALIGN="MIDDLE" WIDTH="15" HEIGHT="104" ACOPYCOL="Y" ADELETECOL="Y" AMOVECOL="N">비 고</TH>
</TR>

<TR ACOPY="Y" ADELETE="Y" HEIGHT="81">
<TH VALIGN="MIDDLE" WIDTH="54" HEIGHT="74" ACOPYCOL="Y" ADELETECOL="Y" AMOVECOL="N">발행가액(A)</TH>
<TH VALIGN="MIDDLE" WIDTH="81" HEIGHT="74" ACOPYCOL="Y" ADELETECOL="Y" AMOVECOL="N">수량(B)</TH>
<TH VALIGN="MIDDLE" WIDTH="112" HEIGHT="74" ACOPYCOL="Y" ADELETECOL="Y" AMOVECOL="N">발행총액(A×B)</TH>
</TR>
</THEAD>

<TBODY>

<TR ACOPY="Y" ADELETE="Y" HEIGHT="53">
<TD ALIGN="CENTER" VALIGN="MIDDLE" WIDTH="75" HEIGHT="46">모 집(a)</TD>
<TD ALIGN="RIGHT" WIDTH="107" HEIGHT="46">15,000,000,000</TD>
<TD ALIGN="RIGHT" WIDTH="54" HEIGHT="46">10,000</TD>
<TD ALIGN="RIGHT" WIDTH="81" HEIGHT="46">38,709</TD>
<TD ALIGN="RIGHT" WIDTH="112" HEIGHT="46">387,090,000</TD>
<TD ALIGN="RIGHT" WIDTH="114" HEIGHT="46">387,090,000</TD>
<TD WIDTH="15" HEIGHT="46">-</TD>
</TR>

<TR ACOPY="Y" ADELETE="Y" HEIGHT="30">
<TD ALIGN="CENTER" VALIGN="MIDDLE" WIDTH="75" HEIGHT="23">매 출(b)</TD>
<TD ALIGN="RIGHT" WIDTH="107" HEIGHT="23">0</TD>
<TD ALIGN="RIGHT" WIDTH="54" HEIGHT="23">0</TD>
<TD ALIGN="RIGHT" WIDTH="81" HEIGHT="23">0</TD>
<TD ALIGN="RIGHT" WIDTH="112" HEIGHT="23">0</TD>
<TD ALIGN="RIGHT" WIDTH="114" HEIGHT="23">0</TD>
<TD WIDTH="15" HEIGHT="23">-</TD>
</TR>

<TR ACOPY="Y" ADELETE="Y" HEIGHT="54">
<TD ALIGN="CENTER" VALIGN="MIDDLE" WIDTH="75" HEIGHT="47">총계(a + b)</TD>
<TD ALIGN="RIGHT" WIDTH="107" HEIGHT="47">15,000,000,000</TD>
<TD ALIGN="RIGHT" WIDTH="54" HEIGHT="47">10,000</TD>
<TD ALIGN="RIGHT" WIDTH="81" HEIGHT="47">38,709</TD>
<TD ALIGN="RIGHT" WIDTH="112" HEIGHT="47">387,090,000</TD>
<TD ALIGN="RIGHT" WIDTH="114" HEIGHT="47">387,090,000</TD>
<TD WIDTH="15" HEIGHT="47">-</TD>
</TR>
</TBODY>
</TABLE>

<TABLE ACLASS="NORMAL" AFIXTABLE="N" WIDTH="600" BORDER="0">

<COLGROUP WIDTH="600">
<COL WIDTH="71"></COL>
<COL WIDTH="375"></COL>
<COL WIDTH="51"></COL>
<COL WIDTH="103"></COL>
</COLGROUP>

<TBODY>

<TR ACOPY="Y" ADELETE="Y" HEIGHT="30">
<TD WIDTH="62" HEIGHT="23">[종목명 :</TD>
<TD WIDTH="366" HEIGHT="23">삼성증권 제2805회 주가연계파생결합사채</TD>
<TD WIDTH="42" HEIGHT="23">]</TD>
<TD ALIGN="RIGHT" VALIGN="BOTTOM" WIDTH="94" HEIGHT="23">(단위 : 원)</TD>
</TR>
</TBODY>
</TABLE>

<TABLE ACLASS="NORMAL" AFIXTABLE="N" WIDTH="621" BORDER="1">

<COLGROUP WIDTH="621">
<COL WIDTH="84"></COL>
<COL WIDTH="116"></COL>
<COL WIDTH="63"></COL>
<COL WIDTH="90"></COL>
<COL WIDTH="121"></COL>
<COL WIDTH="123"></COL>
<COL WIDTH="24"></COL>
</COLGROUP>

<THEAD>

<TR ACOPY="Y" ADELETE="Y" HEIGHT="30">
<TH ROWSPAN="2" VALIGN="MIDDLE" WIDTH="75" HEIGHT="104" ACOPYCOL="Y" ADELETECOL="Y" AMOVECOL="N">구 분</TH>
<TH ROWSPAN="2" VALIGN="MIDDLE" WIDTH="107" HEIGHT="104" ACOPYCOL="Y" ADELETECOL="Y" AMOVECOL="N">신고서상발행예정총액</TH>
<TH COLSPAN="3" VALIGN="MIDDLE" WIDTH="265" HEIGHT="23" ACOPYCOL="Y" ADELETECOL="Y" AMOVECOL="N">실제 자금조달총액</TH>
<TH ROWSPAN="2" VALIGN="MIDDLE" WIDTH="114" HEIGHT="104" ACOPYCOL="Y" ADELETECOL="Y" AMOVECOL="N">확정권면총액</TH>
<TH ROWSPAN="2" VALIGN="MIDDLE" WIDTH="15" HEIGHT="104" ACOPYCOL="Y" ADELETECOL="Y" AMOVECOL="N">비 고</TH>
</TR>

<TR ACOPY="Y" ADELETE="Y" HEIGHT="81">
<TH VALIGN="MIDDLE" WIDTH="54" HEIGHT="74" ACOPYCOL="Y" ADELETECOL="Y" AMOVECOL="N">발행가액(A)</TH>
<TH VALIGN="MIDDLE" WIDTH="81" HEIGHT="74" ACOPYCOL="Y" ADELETECOL="Y" AMOVECOL="N">수량(B)</TH>
<TH VALIGN="MIDDLE" WIDTH="112" HEIGHT="74" ACOPYCOL="Y" ADELETECOL="Y" AMOVECOL="N">발행총액(A×B)</TH>
</TR>
</THEAD>

<TBODY>

<TR ACOPY="Y" ADELETE="Y" HEIGHT="53">
<TD ALIGN="CENTER" VALIGN="MIDDLE" WIDTH="75" HEIGHT="46">모 집(a)</TD>
<TD ALIGN="RIGHT" WIDTH="107" HEIGHT="46">15,000,000,000</TD>
<TD ALIGN="RIGHT" WIDTH="54" HEIGHT="46">10,000</TD>
<TD ALIGN="RIGHT" WIDTH="81" HEIGHT="46">16,842</TD>
<TD ALIGN="RIGHT" WIDTH="112" HEIGHT="46">168,420,000</TD>
<TD ALIGN="RIGHT" WIDTH="114" HEIGHT="46">168,420,000</TD>
<TD WIDTH="15" HEIGHT="46">-</TD>
</TR>

<TR ACOPY="Y" ADELETE="Y" HEIGHT="30">
<TD ALIGN="CENTER" VALIGN="MIDDLE" WIDTH="75" HEIGHT="23">매 출(b)</TD>
<TD ALIGN="RIGHT" WIDTH="107" HEIGHT="23">0</TD>
<TD ALIGN="RIGHT" WIDTH="54" HEIGHT="23">0</TD>
<TD ALIGN="RIGHT" WIDTH="81" HEIGHT="23">0</TD>
<TD ALIGN="RIGHT" WIDTH="112" HEIGHT="23">0</TD>
<TD ALIGN="RIGHT" WIDTH="114" HEIGHT="23">0</TD>
<TD WIDTH="15" HEIGHT="23">-</TD>
</TR>

<TR ACOPY="Y" ADELETE="Y" HEIGHT="54">
<TD ALIGN="CENTER" VALIGN="MIDDLE" WIDTH="75" HEIGHT="47">총계(a + b)</TD>
<TD ALIGN="RIGHT" WIDTH="107" HEIGHT="47">15,000,000,000</TD>
<TD ALIGN="RIGHT" WIDTH="54" HEIGHT="47">10,000</TD>
<TD ALIGN="RIGHT" WIDTH="81" HEIGHT="47">16,842</TD>
<TD ALIGN="RIGHT" WIDTH="112" HEIGHT="47">168,420,000</TD>
<TD ALIGN="RIGHT" WIDTH="114" HEIGHT="47">168,420,000</TD>
<TD WIDTH="15" HEIGHT="47">-</TD>
</TR>
</TBODY>
</TABLE>

<TABLE ACLASS="NORMAL" AFIXTABLE="N" WIDTH="600" BORDER="0">

<COLGROUP WIDTH="600">
<COL WIDTH="71"></COL>
<COL WIDTH="375"></COL>
<COL WIDTH="51"></COL>
<COL WIDTH="103"></COL>
</COLGROUP>

<TBODY>

<TR ACOPY="Y" ADELETE="Y" HEIGHT="30">
<TD WIDTH="62" HEIGHT="23">[종목명 :</TD>
<TD WIDTH="366" HEIGHT="23">삼성증권 제2806회 주가연계파생결합사채</TD>
<TD WIDTH="42" HEIGHT="23">]</TD>
<TD ALIGN="RIGHT" VALIGN="BOTTOM" WIDTH="94" HEIGHT="23">(단위 : 원)</TD>
</TR>
</TBODY>
</TABLE>

<TABLE ACLASS="NORMAL" AFIXTABLE="N" WIDTH="621" BORDER="1">

<COLGROUP WIDTH="621">
<COL WIDTH="84"></COL>
<COL WIDTH="116"></COL>
<COL WIDTH="63"></COL>
<COL WIDTH="90"></COL>
<COL WIDTH="121"></COL>
<COL WIDTH="123"></COL>
<COL WIDTH="24"></COL>
</COLGROUP>

<THEAD>

<TR ACOPY="Y" ADELETE="Y" HEIGHT="30">
<TH ROWSPAN="2" VALIGN="MIDDLE" WIDTH="75" HEIGHT="104" ACOPYCOL="Y" ADELETECOL="Y" AMOVECOL="N">구 분</TH>
<TH ROWSPAN="2" VALIGN="MIDDLE" WIDTH="107" HEIGHT="104" ACOPYCOL="Y" ADELETECOL="Y" AMOVECOL="N">신고서상발행예정총액</TH>
<TH COLSPAN="3" VALIGN="MIDDLE" WIDTH="265" HEIGHT="23" ACOPYCOL="Y" ADELETECOL="Y" AMOVECOL="N">실제 자금조달총액</TH>
<TH ROWSPAN="2" VALIGN="MIDDLE" WIDTH="114" HEIGHT="104" ACOPYCOL="Y" ADELETECOL="Y" AMOVECOL="N">확정권면총액</TH>
<TH ROWSPAN="2" VALIGN="MIDDLE" WIDTH="15" HEIGHT="104" ACOPYCOL="Y" ADELETECOL="Y" AMOVECOL="N">비 고</TH>
</TR>

<TR ACOPY="Y" ADELETE="Y" HEIGHT="81">
<TH VALIGN="MIDDLE" WIDTH="54" HEIGHT="74" ACOPYCOL="Y" ADELETECOL="Y" AMOVECOL="N">발행가액(A)</TH>
<TH VALIGN="MIDDLE" WIDTH="81" HEIGHT="74" ACOPYCOL="Y" ADELETECOL="Y" AMOVECOL="N">수량(B)</TH>
<TH VALIGN="MIDDLE" WIDTH="112" HEIGHT="74" ACOPYCOL="Y" ADELETECOL="Y" AMOVECOL="N">발행총액(A×B)</TH>
</TR>
</THEAD>

<TBODY>

<TR ACOPY="Y" ADELETE="Y" HEIGHT="53">
<TD ALIGN="CENTER" VALIGN="MIDDLE" WIDTH="75" HEIGHT="46">모 집(a)</TD>
<TD ALIGN="RIGHT" WIDTH="107" HEIGHT="46">15,000,000,000</TD>
<TD ALIGN="RIGHT" WIDTH="54" HEIGHT="46">10,000</TD>
<TD ALIGN="RIGHT" WIDTH="81" HEIGHT="46">56,804</TD>
<TD ALIGN="RIGHT" WIDTH="112" HEIGHT="46">568,040,000</TD>
<TD ALIGN="RIGHT" WIDTH="114" HEIGHT="46">568,040,000</TD>
<TD WIDTH="15" HEIGHT="46">-</TD>
</TR>

<TR ACOPY="Y" ADELETE="Y" HEIGHT="30">
<TD ALIGN="CENTER" VALIGN="MIDDLE" WIDTH="75" HEIGHT="23">매 출(b)</TD>
<TD ALIGN="RIGHT" WIDTH="107" HEIGHT="23">0</TD>
<TD ALIGN="RIGHT" WIDTH="54" HEIGHT="23">0</TD>
<TD ALIGN="RIGHT" WIDTH="81" HEIGHT="23">0</TD>
<TD ALIGN="RIGHT" WIDTH="112" HEIGHT="23">0</TD>
<TD ALIGN="RIGHT" WIDTH="114" HEIGHT="23">0</TD>
<TD WIDTH="15" HEIGHT="23">-</TD>
</TR>

<TR ACOPY="Y" ADELETE="Y" HEIGHT="54">
<TD ALIGN="CENTER" VALIGN="MIDDLE" WIDTH="75" HEIGHT="47">총계(a + b)</TD>
<TD ALIGN="RIGHT" WIDTH="107" HEIGHT="47">15,000,000,000</TD>
<TD ALIGN="RIGHT" WIDTH="54" HEIGHT="47">10,000</TD>
<TD ALIGN="RIGHT" WIDTH="81" HEIGHT="47">56,804</TD>
<TD ALIGN="RIGHT" WIDTH="112" HEIGHT="47">568,040,000</TD>
<TD ALIGN="RIGHT" WIDTH="114" HEIGHT="47">568,040,000</TD>
<TD WIDTH="15" HEIGHT="47">-</TD>
</TR>
</TBODY>
</TABLE>
<P>나. 발행비용</P>
<P>(1) 인수수수료 : -</P>
<P>(2) 발행분담금 : 56,170 원</P>
<P>(3) 보증료 : -</P>
<P>(4) 기타비용 : -</P>
<P></P>
<P>다. 자금사용예정내역</P>
<P>(1) 개 요</P>
<P>- 중도 및 만기상환금액의 헷지를 위하여, 납입된 자금의 일부 또는 전체를 본 증권과 유사한 내용의 증권을 매입하거나 기초자산 및 그와 관련된 파생상품 등의 운용에 사용할 계획입니다.</P>
<P>(2) 사용내역</P>
<P>[종목명 : 삼성증권 제2804회 주가연계파생결합사채]</P>

<TABLE AFIXTABLE="N" WIDTH="600" BORDER="1" ACLASS="NORMAL">

<COLGROUP WIDTH="600">
<COL WIDTH="317"></COL>
<COL WIDTH="283"></COL>
</COLGROUP>

<TBODY>

<TR ACOPY="Y" ADELETE="Y" HEIGHT="30">
<TD ALIGN="CENTER" WIDTH="308" HEIGHT="23">내역</TD>
<TD ALIGN="CENTER" WIDTH="274" HEIGHT="23">금액</TD>
</TR>

<TR ACOPY="Y" ADELETE="Y" HEIGHT="30">
<TD ALIGN="CENTER" VALIGN="MIDDLE" WIDTH="308" HEIGHT="23">우량 등급 채권 및 선물, 옵션, 유동성 등 기타</TD>
<TD ALIGN="CENTER" VALIGN="MIDDLE" WIDTH="274" HEIGHT="23">387,090,000 원</TD>
</TR>

<TR ACOPY="Y" ADELETE="Y" HEIGHT="30">
<TD ALIGN="CENTER" VALIGN="MIDDLE" WIDTH="308" HEIGHT="23">합계</TD>
<TD ALIGN="CENTER" VALIGN="MIDDLE" WIDTH="274" HEIGHT="23">387,090,000 원</TD>
</TR>
</TBODY>
</TABLE>
<P>[종목명 : 삼성증권 제2805회 주가연계파생결합사채]</P>

<TABLE AFIXTABLE="N" WIDTH="600" BORDER="1" ACLASS="NORMAL">

<COLGROUP WIDTH="600">
<COL WIDTH="317"></COL>
<COL WIDTH="283"></COL>
</COLGROUP>

<TBODY>

<TR ACOPY="Y" ADELETE="Y" HEIGHT="30">
<TD ALIGN="CENTER" WIDTH="308" HEIGHT="23">내역</TD>
<TD ALIGN="CENTER" WIDTH="274" HEIGHT="23">금액</TD>
</TR>

<TR ACOPY="Y" ADELETE="Y" HEIGHT="30">
<TD ALIGN="CENTER" VALIGN="MIDDLE" WIDTH="308" HEIGHT="23">우량 등급 채권 및 선물, 옵션, 유동성 등 기타</TD>
<TD ALIGN="CENTER" VALIGN="MIDDLE" WIDTH="274" HEIGHT="23">168,420,000 원</TD>
</TR>

<TR ACOPY="Y" ADELETE="Y" HEIGHT="30">
<TD ALIGN="CENTER" VALIGN="MIDDLE" WIDTH="308" HEIGHT="23">합계</TD>
<TD ALIGN="CENTER" VALIGN="MIDDLE" WIDTH="274" HEIGHT="23">168,420,000 원</TD>
</TR>
</TBODY>
</TABLE>
<P>[종목명 : 삼성증권 제2806회 주가연계파생결합사채]</P>

<TABLE AFIXTABLE="N" WIDTH="600" BORDER="1" ACLASS="NORMAL">

<COLGROUP WIDTH="600">
<COL WIDTH="317"></COL>
<COL WIDTH="283"></COL>
</COLGROUP>

<TBODY>

<TR ACOPY="Y" ADELETE="Y" HEIGHT="30">
<TD ALIGN="CENTER" WIDTH="308" HEIGHT="23">내역</TD>
<TD ALIGN="CENTER" WIDTH="274" HEIGHT="23">금액</TD>
</TR>

<TR ACOPY="Y" ADELETE="Y" HEIGHT="30">
<TD ALIGN="CENTER" VALIGN="MIDDLE" WIDTH="308" HEIGHT="23">우량 등급 채권 및 선물, 옵션, 유동성 등 기타</TD>
<TD ALIGN="CENTER" VALIGN="MIDDLE" WIDTH="274" HEIGHT="23">568,040,000 원</TD>
</TR>

<TR ACOPY="Y" ADELETE="Y" HEIGHT="30">
<TD ALIGN="CENTER" VALIGN="MIDDLE" WIDTH="308" HEIGHT="23">합계</TD>
<TD ALIGN="CENTER" VALIGN="MIDDLE" WIDTH="274" HEIGHT="23">568,040,000 원</TD>
</TR>
</TBODY>
</TABLE>
<P></P>
</SECTION-2>

<SECTION-2 ACLASS="MANDATORY">
<TITLE ATOC="Y" AASSOCNOTE="L-0-0-8-0" ATOCID="10" ENG="Ⅴ. Confirmed Details of the Projected Profit and Loss Structure">Ⅴ. 예상손익구조의 확정내용</TITLE>
<P></P>

<P>[종목명 : 삼성증권 제2804회 주가연계파생결합사채]
<SPAN USERMARK="B">- 최초기준가격 및 만기상환내역</SPAN>
</P>

<TABLE ACLASS="NORMAL" AFIXTABLE="N" BORDER="1" WIDTH="586">

<COLGROUP WIDTH="586">
<COL WIDTH="171"></COL>
<COL WIDTH="415"></COL>
</COLGROUP>

<THEAD>

<TR ACOPY="Y" ADELETE="Y" HEIGHT="30">
<TH ACOPYCOL="Y" ADELETECOL="Y" AMOVECOL="N" USERMARK="B" WIDTH="162" HEIGHT="23">항 목</TH>
<TH ACOPYCOL="Y" ADELETECOL="Y" AMOVECOL="N" USERMARK="B" WIDTH="406" HEIGHT="23">내 용</TH>
</TR>
</THEAD>

<TBODY>

<TR ACOPY="Y" ADELETE="Y" HEIGHT="145">
<TD USERMARK="B 0XFF1200" WIDTH="162" HEIGHT="138">1) 최초기준가격 </TD>

<TD USERMARK="B 0XFF1200" WIDTH="406" HEIGHT="138">
<P USERMARK="B 0XFF1200">[KT 보통주(030200)]: [최초기준가격 결정일 현재 기초자산의 거래소 종가]※ 각 기초자산의 기준가격은 해당 각 거래소에서 발표되는 가격으로 그외의 거래소 등(전자 거래소, 대체 거래소 등 포함)에서 발표되는 가격과 다를 수 있습니다.</P>
</TD>
</TR>

<TR ACOPY="Y" ADELETE="Y" HEIGHT="237">
<TD USERMARK="B 0XFF1200" WIDTH="162" HEIGHT="230">2) 최초기준가격 결정일 (예정)</TD>
<TD USERMARK="B 0XFF1200" WIDTH="406" HEIGHT="230">[2026년 01월 06일]※ 각 기준가격 결정일은 해당 거래소가 위치한 현지 시간 기준으로 결정됩니다.※ 기준가격 결정일이 본 설명서상 정의된 거래소영업일이 아닌 경우 그 다음 거래소영업일이 해당 기준가격 결정일로 됩니다.※ 기초자산이 복수이고 기준가격 결정일이 어느 기초자산의 거래소영업일이 아닌 경우, 이후 모든 기초자산이 정상적으로 거래되는 최초 거래소영업일이 모든 기초자산의 기준가격 결정일로 됩니다.</TD>
</TR>

<TR ACOPY="Y" ADELETE="Y" HEIGHT="145">
<TD USERMARK="B 0XFF1200" WIDTH="162" HEIGHT="138">3) 최종기준가격</TD>

<TD USERMARK="B 0XFF1200" WIDTH="406" HEIGHT="138">
<P USERMARK="B 0XFF1200">[KT 보통주(030200)]: [최종기준가격 결정일 현재 기초자산의 거래소 종가]</P>
<P USERMARK="B 0XFF1200"></P>※ 각 기초자산의 기준가격은 해당 각 거래소에서 발표되는 가격으로 그외의 거래소 등(전자 거래소, 대체 거래소 등 포함)에서 발표되는 가격과 다를 수 있습니다.
</TD>
</TR>

<TR ACOPY="Y" ADELETE="Y" HEIGHT="237">
<TD USERMARK="B 0XFF1200" WIDTH="162" HEIGHT="230">4) 최종기준가격 결정일 (예정)</TD>
<TD USERMARK="B 0XFF1200" WIDTH="406" HEIGHT="230">만기일※ 기준가격 결정일은 해당 거래소가 위치한 현지 시간 기준으로 결정됩니다.※ 기준가격 결정일이 본 설명서상 정의된 거래소영업일이 아닌 경우 그 다음 거래소영업일이 해당 기준가격 결정일로 됩니다.※ 기초자산이 복수이고 기준가격 결정일이 어느 기초자산의 거래소영업일이 아닌 경우, 이후 모든 기초자산이 정상적으로 거래되는 최초 거래소영업일이 모든 기초자산의 기준가격 결정일로 됩니다.</TD>
</TR>

<TR ACOPY="Y" ADELETE="Y" HEIGHT="30">
<TD WIDTH="162" HEIGHT="23">5) 행사가격</TD>
<TD WIDTH="406" HEIGHT="23">[최초기준가격 x 300%]</TD>
</TR>

<TR ACOPY="Y" ADELETE="Y" HEIGHT="145">
<TD WIDTH="162" HEIGHT="138">6) 만기상환금액</TD>
<TD WIDTH="406" HEIGHT="138"><1> 최종기준가격이 행사가격보다 크거나 같은 경우, 발행회사는 [액면가액 x (100% + 0.69%)]를 만기상환금액으로 지급합니다.<2> 최종기준가격이 행사가격보다 작은 경우, 발행회사는 [액면가액 x (100% + 0.68%)]를 만기상환금액으로 지급합니다.</TD>
</TR>

<TR ACOPY="Y" ADELETE="Y" HEIGHT="30">
<TD WIDTH="162" HEIGHT="23">7) 만기상환금액 지급일</TD>
<TD WIDTH="406" HEIGHT="23">최종기준가격 결정일(불포함) 후 [2]영업일 </TD>
</TR>
</TBODY>
</TABLE>
<P></P>
<P>[종목명 : 삼성증권 제2805회 주가연계파생결합사채]</P>
<P USERMARK="B">- 최초기준가격 및 만기상환내역</P>

<TABLE ACLASS="NORMAL" AFIXTABLE="N" BORDER="1" WIDTH="586">

<COLGROUP WIDTH="586">
<COL WIDTH="171"></COL>
<COL WIDTH="415"></COL>
</COLGROUP>

<THEAD>

<TR ACOPY="Y" ADELETE="Y" HEIGHT="30">
<TH ACOPYCOL="Y" ADELETECOL="Y" AMOVECOL="N" USERMARK="B" WIDTH="162" HEIGHT="23">항 목</TH>
<TH ACOPYCOL="Y" ADELETECOL="Y" AMOVECOL="N" USERMARK="B" WIDTH="406" HEIGHT="23">내 용</TH>
</TR>
</THEAD>

<TBODY>

<TR ACOPY="Y" ADELETE="Y" HEIGHT="145">
<TD USERMARK="B 0XFF1200" WIDTH="162" HEIGHT="138">1) 최초기준가격 </TD>

<TD USERMARK="B 0XFF1200" WIDTH="406" HEIGHT="138">
<P USERMARK="B 0XFF1200">[KT 보통주(030200)]: [최초기준가격 결정일 현재 기초자산의 거래소 종가]※ 각 기초자산의 기준가격은 해당 각 거래소에서 발표되는 가격으로 그외의 거래소 등(전자 거래소, 대체 거래소 등 포함)에서 발표되는 가격과 다를 수 있습니다.</P>
</TD>
</TR>

<TR ACOPY="Y" ADELETE="Y" HEIGHT="237">
<TD USERMARK="B 0XFF1200" WIDTH="162" HEIGHT="230">2) 최초기준가격 결정일 (예정)</TD>
<TD USERMARK="B 0XFF1200" WIDTH="406" HEIGHT="230">[2026년 01월 06일]※ 각 기준가격 결정일은 해당 거래소가 위치한 현지 시간 기준으로 결정됩니다.※ 기준가격 결정일이 본 설명서상 정의된 거래소영업일이 아닌 경우 그 다음 거래소영업일이 해당 기준가격 결정일로 됩니다.※ 기초자산이 복수이고 기준가격 결정일이 어느 기초자산의 거래소영업일이 아닌 경우, 이후 모든 기초자산이 정상적으로 거래되는 최초 거래소영업일이 모든 기초자산의 기준가격 결정일로 됩니다.</TD>
</TR>

<TR ACOPY="Y" ADELETE="Y" HEIGHT="145">
<TD USERMARK="B 0XFF1200" WIDTH="162" HEIGHT="138">3) 최종기준가격</TD>

<TD USERMARK="B 0XFF1200" WIDTH="406" HEIGHT="138">
<P USERMARK="B 0XFF1200">[KT 보통주(030200)]: [최종기준가격 결정일 현재 기초자산의 거래소 종가]</P>
<P USERMARK="B 0XFF1200"></P>※ 각 기초자산의 기준가격은 해당 각 거래소에서 발표되는 가격으로 그외의 거래소 등(전자 거래소, 대체 거래소 등 포함)에서 발표되는 가격과 다를 수 있습니다.
</TD>
</TR>

<TR ACOPY="Y" ADELETE="Y" HEIGHT="237">
<TD USERMARK="B 0XFF1200" WIDTH="162" HEIGHT="230">4) 최종기준가격 결정일 (예정)</TD>
<TD USERMARK="B 0XFF1200" WIDTH="406" HEIGHT="230">만기일※ 기준가격 결정일은 해당 거래소가 위치한 현지 시간 기준으로 결정됩니다.※ 기준가격 결정일이 본 설명서상 정의된 거래소영업일이 아닌 경우 그 다음 거래소영업일이 해당 기준가격 결정일로 됩니다.※ 기초자산이 복수이고 기준가격 결정일이 어느 기초자산의 거래소영업일이 아닌 경우, 이후 모든 기초자산이 정상적으로 거래되는 최초 거래소영업일이 모든 기초자산의 기준가격 결정일로 됩니다.</TD>
</TR>

<TR ACOPY="Y" ADELETE="Y" HEIGHT="30">
<TD WIDTH="162" HEIGHT="23">5) 행사가격</TD>
<TD WIDTH="406" HEIGHT="23">[최초기준가격 x 300%]</TD>
</TR>

<TR ACOPY="Y" ADELETE="Y" HEIGHT="145">
<TD WIDTH="162" HEIGHT="138">6) 만기상환금액</TD>
<TD WIDTH="406" HEIGHT="138"><1> 최종기준가격이 행사가격보다 크거나 같은 경우, 발행회사는 [액면가액 x (100% + 1.41%)]를 만기상환금액으로 지급합니다.<2> 최종기준가격이 행사가격보다 작은 경우, 발행회사는 [액면가액 x (100% + 1.4%)]를 만기상환금액으로 지급합니다.</TD>
</TR>

<TR ACOPY="Y" ADELETE="Y" HEIGHT="30">
<TD WIDTH="162" HEIGHT="23">7) 만기상환금액 지급일</TD>
<TD WIDTH="406" HEIGHT="23">최종기준가격 결정일(불포함) 후 [2]영업일 </TD>
</TR>
</TBODY>
</TABLE>
<P>[종목명 : 삼성증권 제2806회 주가연계파생결합사채]</P>
<P USERMARK="B">- 최초기준가격 및 만기상환내역</P>

<TABLE ACLASS="NORMAL" AFIXTABLE="N" BORDER="1" WIDTH="586">

<COLGROUP WIDTH="586">
<COL WIDTH="171"></COL>
<COL WIDTH="415"></COL>
</COLGROUP>

<THEAD>

<TR ACOPY="Y" ADELETE="Y" HEIGHT="30">
<TH ACOPYCOL="Y" ADELETECOL="Y" AMOVECOL="N" USERMARK="B" WIDTH="162" HEIGHT="23">항 목</TH>
<TH ACOPYCOL="Y" ADELETECOL="Y" AMOVECOL="N" USERMARK="B" WIDTH="406" HEIGHT="23">내 용</TH>
</TR>
</THEAD>

<TBODY>

<TR ACOPY="Y" ADELETE="Y" HEIGHT="145">
<TD WIDTH="162" HEIGHT="138" USERMARK="B 0XFF1200">1) 최초기준가격 </TD>

<TD WIDTH="406" HEIGHT="138" USERMARK="B 0XFF1200">
<P USERMARK="B 0XFF1200">[KT 보통주(030200)]: [최초기준가격 결정일 현재 기초자산의 거래소 종가]※ 각 기초자산의 기준가격은 해당 각 거래소에서 발표되는 가격으로 그외의 거래소 등(전자 거래소, 대체 거래소 등 포함)에서 발표되는 가격과 다를 수 있습니다.</P>
</TD>
</TR>

<TR ACOPY="Y" ADELETE="Y" HEIGHT="237">
<TD WIDTH="162" HEIGHT="230" USERMARK="B 0XFF1200">2) 최초기준가격 결정일 (예정)</TD>
<TD WIDTH="406" HEIGHT="230" USERMARK="B 0XFF1200">[2026년 01월 06일]※ 각 기준가격 결정일은 해당 거래소가 위치한 현지 시간 기준으로 결정됩니다.※ 기준가격 결정일이 본 설명서상 정의된 거래소영업일이 아닌 경우 그 다음 거래소영업일이 해당 기준가격 결정일로 됩니다.※ 기초자산이 복수이고 기준가격 결정일이 어느 기초자산의 거래소영업일이 아닌 경우, 이후 모든 기초자산이 정상적으로 거래되는 최초 거래소영업일이 모든 기초자산의 기준가격 결정일로 됩니다.</TD>
</TR>

<TR ACOPY="Y" ADELETE="Y" HEIGHT="145">
<TD WIDTH="162" HEIGHT="138" USERMARK="B 0XFF1200">3) 최종기준가격</TD>

<TD WIDTH="406" HEIGHT="138" USERMARK="B 0XFF1200">
<P USERMARK="B 0XFF1200">[KT 보통주(030200)]: [최종기준가격 결정일 현재 기초자산의 거래소 종가]</P>
<P USERMARK="B 0XFF1200"></P>※ 각 기초자산의 기준가격은 해당 각 거래소에서 발표되는 가격으로 그외의 거래소 등(전자 거래소, 대체 거래소 등 포함)에서 발표되는 가격과 다를 수 있습니다.
</TD>
</TR>

<TR ACOPY="Y" ADELETE="Y" HEIGHT="237">
<TD WIDTH="162" HEIGHT="230" USERMARK="B 0XFF1200">4) 최종기준가격 결정일 (예정)</TD>
<TD WIDTH="406" HEIGHT="230" USERMARK="B 0XFF1200">만기일※ 기준가격 결정일은 해당 거래소가 위치한 현지 시간 기준으로 결정됩니다.※ 기준가격 결정일이 본 설명서상 정의된 거래소영업일이 아닌 경우 그 다음 거래소영업일이 해당 기준가격 결정일로 됩니다.※ 기초자산이 복수이고 기준가격 결정일이 어느 기초자산의 거래소영업일이 아닌 경우, 이후 모든 기초자산이 정상적으로 거래되는 최초 거래소영업일이 모든 기초자산의 기준가격 결정일로 됩니다.</TD>
</TR>

<TR ACOPY="Y" ADELETE="Y" HEIGHT="30">
<TD WIDTH="162" HEIGHT="23">5) 행사가격</TD>
<TD WIDTH="406" HEIGHT="23">[최초기준가격 x 300%]</TD>
</TR>

<TR ACOPY="Y" ADELETE="Y" HEIGHT="145">
<TD WIDTH="162" HEIGHT="138">6) 만기상환금액</TD>
<TD WIDTH="406" HEIGHT="138"><1> 최종기준가격이 행사가격보다 크거나 같은 경우, 발행회사는 [액면가액 x (100% + 2.91%)]를 만기상환금액으로 지급합니다.<2> 최종기준가격이 행사가격보다 작은 경우, 발행회사는 [액면가액 x (100% + 2.9%)]를 만기상환금액으로 지급합니다.</TD>
</TR>

<TR ACOPY="Y" ADELETE="Y" HEIGHT="30">
<TD WIDTH="162" HEIGHT="23">7) 만기상환금액 지급일</TD>
<TD WIDTH="406" HEIGHT="23">최종기준가격 결정일(불포함) 후 [2]영업일 </TD>
</TR>
</TBODY>
</TABLE>
<P></P>
<P></P>
</SECTION-2>
</LIBRARY>

</SECTION-1>
</BODY>
</DOCUMENT>