<html>
 <head> 
  <meta content="gdi" http-equiv="X-UA-TextLayoutMetrics"> 
  <meta content="text/html; charset=euc-kr" http-equiv="Content-Type"> 
  <STYLE>
.xforms * { font-family: 돋움체;}
.xforms_title * { font-size: 13pt; padding : 0 0 10 0;}

.xforms table {
    font-size: 10px;
    padding:0px;
    border-collapse:collapse;
    color: #3D3D3D;
}
.xforms td {
    padding-left:0px;
    padding-top:0px;
    border-collapse:collapse;
    line-height:22px;
    color: #3D3D3D;
    /*text-align:right;*/
    vertical-align:middle;
    border: 1px solid #7f7f7f;
}

.xforms span {
    /*display: inline-block;*/
    padding-left:3px;
    padding-right: 1px;
    line-height:22px;
    padding-top:0px;
    padding-bottom:0px;
    text-align:left;
    vertical-align:middle;
    border: 0px solid #DBDBDB;
}

.xforms.img{
    border : 0px;
}

.xforms a:link {

    color: #194866;
    text-decoration: none;
}
.xforms a:active {

    color: #194866;
    text-decoration: none;
}
.xforms a:visited {
    color: #194866;
    text-decoration: none;
}

.xforms A:hover {
    color:008BE3;
    text-decoration: none;
}

.xforms_input{
    border: 0px solid #DBDBDB;
    padding-left:3px;
    padding-right: 1px;
    height:22px;
    padding-top:0px;
    padding-bottom:0px;
    text-align:left;
}
</STYLE> 
  <title>파인테크닉스/전환가액의조정/(2026.01.05)전환가액의조정</title> 
 </head> 
 <body> 
  <div class="xforms"> 
   <div> 
    <span class="noprint" style="display:none;width:600px;font-size:10pt;"> </span> 
    <div class="xforms_title"> 
     <div> 
      <span style="width:596px;font-weight:bold;text-align:center;">전환가액의 조정</span> 
     </div> 
    </div> 
    <span class="noprint" style="display:none;width:600px;font-size:10pt;"> </span> 
    <table border="1" bordercolordark="white" bordercolorlight="#666666" cellpadding="1" cellspacing="0" id="XFormD25_Form0_RepeatTable1" style="margin:0px 0px 20px 0px;width:599px;font-size:10pt;border:1px solid #7f7f7f;"> 
     <tbody> 
      <tr> 
       <td colspan="2" rowspan="2" width="168"> <span style="width:168px;font-size:10pt;">1. 조정에 관한 사항</span> </td> 
       <td width="40"> <span style="width:40px;font-size:10pt;text-align:center;">회차</span> </td> 
       <td width="84"> <span style="width:84px;font-size:10pt;text-align:center;">상장여부</span> </td> 
       <td width="145"> <span style="width:145px;font-size:10pt;text-align:center;">조정전 전환가액 (원)</span> </td> 
       <td colspan="2" width="162"> <span style="width:162px;font-size:10pt;text-align:center;">조정후 전환가액 (원)</span> </td> 
      </tr> 
      <tr> 
       <td width="40"> <span class="xforms_input" style="width:40px;font-size:10pt;text-align:center;">9</span> </td> 
       <td width="84"> <span class="xforms_input" style="width:84px;font-size:10pt;text-align:center;">비상장</span> </td> 
       <td width="145"> <span class="xforms_input" style="width:145px;font-size:10pt;text-align:right;">1,388</span> </td> 
       <td colspan="2" width="162"> <span class="xforms_input" style="width:162px;font-size:10pt;text-align:right;">1,442</span> </td> 
      </tr> 
      <tr> 
       <td colspan="2" rowspan="2" width="168"> <span style="width:168px;font-size:10pt;">2. 전환가능주식수 변동</span> </td> 
       <td width="40"> <span style="width:40px;font-size:10pt;text-align:center;">회차</span> </td> 
       <td colspan="2" width="229"> <span style="width:229px;font-size:10pt;text-align:center;">미전환사채의 권면(전자등록)총액 (통화단위)</span> </td> 
       <td width="81"> <span style="width:81px;font-size:10pt;text-align:center;">조정전 전환가능 주식수 (주)</span> </td> 
       <td width="81"> <span style="width:81px;font-size:10pt;text-align:center;">조정후 전환가능 주식수 (주)</span> </td> 
      </tr> 
      <tr> 
       <td width="40"> <span class="xforms_input" style="width:40px;font-size:10pt;text-align:center;">9</span> </td> 
       <td width="84"> <span class="xforms_input" style="width:84px;font-size:10pt;text-align:right;">10,000,000,000</span> </td> 
       <td width="145"> <span class="xforms_input" style="width:145px;font-size:10pt;">KRW : South-Korean Won</span> </td> 
       <td width="81"> <span class="xforms_input" style="width:81px;font-size:10pt;text-align:right;">7,204,610</span> </td> 
       <td width="81"> <span class="xforms_input" style="width:81px;font-size:10pt;text-align:right;">6,934,812</span> </td> 
      </tr> 
      <tr> 
       <td colspan="2" width="168"> <span style="width:168px;font-size:10pt;">3. 조정사유</span> </td> 
       <td colspan="5" width="431"> <span class="xforms_input" style="width:431px;font-size:10pt;">시가에 의한 전환가액 상향 조정</span> </td> 
      </tr> 
      <tr> 
       <td colspan="2" width="168"> <span style="width:168px;font-size:10pt;">4. 조정근거 및 방법</span> </td> 
       <td colspan="5" width="431"> <span class="xforms_input" style="width:431px;font-size:10pt;">1. 조정근거 <br xmlns:java="http://xml.apache.org/xalan/java">1) 본 사채 발행 후 매 8개월이 경과한 날(해당일이 영업일이 아닌 경우 그 익영업일)을 전환가액 조정일로 하고, 각 전환가액 조정일 전일을 기산일로 하여 그 기산일로부터 소급한 1개월 가중산술평균주가, 1주일 가중산술평균주가 및 최근일 가중산술평균주가를 산술평균한 가액과 최근일 가중산술평균주가 중 높은 가격("시가산정액")이 해당 조정일 직전일 현재의 전환가액보다 낮은 경우 동 낮은 가격을 새로운 전환가액으로 한다. 단, 새로운 전환가액은 발행 당시 전환가액(조정일 전에 신주의 할인발행 등 또는 감자 등의 사유로 전환가액을 이미 하향 또는 상향 조정한 경우에는 이를 감안하여 산정한 가액)의 70% 이상이어야 한다. <br xmlns:java="http://xml.apache.org/xalan/java"> <br xmlns:java="http://xml.apache.org/xalan/java">2) 전환가액을 하향조정한 이후, 산정한 시가산정액이 해당 조정일 직전일 현재의 전환가액보다 높은 경우, 높은 가격을 새로운 전환가액으로 한다. 단, 새로운 전환가액은 발행 당시 전환가액(조정일 전에 신주의 할인발행 등 또는 감자 등의 사유로 전환가액을 이미 하향 또는 상향 조정한 경우에는 이를 감안하여 산정한 가액) 이내로 한다. <br xmlns:java="http://xml.apache.org/xalan/java"> <br xmlns:java="http://xml.apache.org/xalan/java">3) 조정 후 전환가액 중 호가단위 미만은 상위 호가단위로 절상한다. <br xmlns:java="http://xml.apache.org/xalan/java"> <br xmlns:java="http://xml.apache.org/xalan/java">2. 조정방법 <br xmlns:java="http://xml.apache.org/xalan/java">(A) 1개월 가중산술평균주가: 1,347.31원 <br xmlns:java="http://xml.apache.org/xalan/java">(B) 1주일 가중산술평균주가: 1,410.69원 <br xmlns:java="http://xml.apache.org/xalan/java">(C) 최근일 가중산술평균주가: 1,441.35원 <br xmlns:java="http://xml.apache.org/xalan/java">(D) 산술평균((A+B+C)/3): 1,399.78원 <br xmlns:java="http://xml.apache.org/xalan/java">(E) 기준주가(MAX(C,D)): 1,441.35원 <br xmlns:java="http://xml.apache.org/xalan/java">(F) 전환가액 한도: 상향 1,983원 / 하향 1,388원 <br xmlns:java="http://xml.apache.org/xalan/java">(G) 조정 전 전환가액: 1,388원 <br xmlns:java="http://xml.apache.org/xalan/java">(H) 조정 후 전환가액: 1,442원 <br xmlns:java="http://xml.apache.org/xalan/java">
         <!--?javax.xml.transform.disable-output-escaping?--> 
         <!--?javax.xml.transform.enable-output-escaping?-->   (호가단위 미만은 상위 호가단위로 절상)</span> </td> 
      </tr> 
      <tr> 
       <td colspan="2" width="168"> <span style="width:168px;font-size:10pt;">5. 조정가액 적용일</span> </td> 
       <td colspan="5" width="431"> <span class="xforms_input" style="width:431px;font-size:10pt;">2026-01-05</span> </td> 
      </tr> 
      <tr> 
       <td colspan="2" width="168"> <span style="width:168px;font-size:10pt;">6. 이사회결의일(결정일)</span> </td> 
       <td colspan="5" width="431"> <span class="xforms_input" style="width:431px;font-size:10pt;">-</span> </td> 
      </tr> 
      <tr> 
       <td rowspan="2" width="101"> <span style="width:101px;font-size:10pt;">- 사외이사 참석여부</span> </td> 
       <td width="67"> <span style="width:67px;font-size:10pt;">참석(명)</span> </td> 
       <td colspan="5" width="431"> <span class="xforms_input" style="width:431px;font-size:10pt;text-align:right;">-</span> </td> 
      </tr> 
      <tr> 
       <td width="67"> <span style="width:67px;font-size:10pt;">불참(명)</span> </td> 
       <td colspan="5" width="431"> <span class="xforms_input" style="width:431px;font-size:10pt;text-align:right;">-</span> </td> 
      </tr> 
      <tr> 
       <td colspan="2" width="168"> <span style="width:168px;font-size:10pt;">- 감사(사외이사가 아닌 감사위원) 참석여부</span> </td> 
       <td colspan="5" width="431"> <span class="xforms_input" style="width:431px;font-size:10pt;">-</span> </td> 
      </tr> 
      <tr> 
       <td colspan="2" rowspan="2" width="168"> <span style="width:168px;font-size:10pt;">7. 기타 투자판단에 참고할 사항</span> </td> 
       <td colspan="5" width="431"> <span class="xforms_input" style="width:431px;font-size:10pt;">상기 내용은 계약 당시 전환가액의 조정에 의한 변경으로 별도의 이사회 결의를 하지 않음</span> </td> 
      </tr> 
      <tr> 
       <td colspan="2" width="124"> <span style="width:124px;font-size:10pt;">※ 관련공시</span> </td> 
       <td colspan="3" width="307"> <span style="width:307px;font-size:10pt;"> <a href="http://kind.krx.co.kr/common/disclsviewer.do?method=search&amp;acptno=20230502000547&amp;rcpno=20230502000721&amp;orgid=F&amp;tran=Y&amp;langTpCd=0" target="_blank" xmlns="http://www.w3.org/1999/xhtml" xmlns:xf="http://www.w3.org/2002/xforms" xmlns:xh="http://www.w3.org/1999/xhtml" xmlns:xsd="http://www.w3.org/2001/XMLSchema">2023-05-02 전환사채권발행결정(제9회차)</a> <br xmlns:java="http://xml.apache.org/xalan/java"> <a href="http://kind.krx.co.kr/common/disclsviewer.do?method=search&amp;acptno=20230504000245&amp;rcpno=20230504000245&amp;orgid=K&amp;tran=Y&amp;langTpCd=0" target="_blank" xmlns="http://www.w3.org/1999/xhtml" xmlns:xf="http://www.w3.org/2002/xforms" xmlns:xh="http://www.w3.org/1999/xhtml" xmlns:xsd="http://www.w3.org/2001/XMLSchema">2023-05-04 증권 발행결과(자율공시)(제9회차 CB)</a> <br xmlns:java="http://xml.apache.org/xalan/java"> <a href="http://kind.krx.co.kr/common/disclsviewer.do?method=search&amp;acptno=20240104000351&amp;rcpno=20240104000351&amp;orgid=K&amp;tran=Y&amp;langTpCd=0" target="_blank" xmlns="http://www.w3.org/1999/xhtml" xmlns:xf="http://www.w3.org/2002/xforms" xmlns:xh="http://www.w3.org/1999/xhtml" xmlns:xsd="http://www.w3.org/2001/XMLSchema">2024-01-04 전환가액의조정</a> <br xmlns:java="http://xml.apache.org/xalan/java"> <a href="http://kind.krx.co.kr/common/disclsviewer.do?method=search&amp;acptno=20240904000059&amp;rcpno=20240904000059&amp;orgid=K&amp;tran=Y&amp;langTpCd=0" target="_blank" xmlns="http://www.w3.org/1999/xhtml" xmlns:xf="http://www.w3.org/2002/xforms" xmlns:xh="http://www.w3.org/1999/xhtml" xmlns:xsd="http://www.w3.org/2001/XMLSchema">2024-09-04 전환가액의조정</a> <br xmlns:java="http://xml.apache.org/xalan/java"> <a href="http://kind.krx.co.kr/common/disclsviewer.do?method=search&amp;acptno=20250116000265&amp;rcpno=20250116000265&amp;orgid=K&amp;tran=Y&amp;langTpCd=0" target="_blank" xmlns="http://www.w3.org/1999/xhtml" xmlns:xf="http://www.w3.org/2002/xforms" xmlns:xh="http://www.w3.org/1999/xhtml" xmlns:xsd="http://www.w3.org/2001/XMLSchema">2025-01-16 전환청구권행사</a> <br xmlns:java="http://xml.apache.org/xalan/java"> <a href="http://kind.krx.co.kr/common/disclsviewer.do?method=search&amp;acptno=20250304000931&amp;rcpno=20250304000931&amp;orgid=K&amp;tran=Y&amp;langTpCd=0" target="_blank" xmlns="http://www.w3.org/1999/xhtml" xmlns:xf="http://www.w3.org/2002/xforms" xmlns:xh="http://www.w3.org/1999/xhtml" xmlns:xsd="http://www.w3.org/2001/XMLSchema">2025-03-04 전환청구권행사</a> <br xmlns:java="http://xml.apache.org/xalan/java"> <a href="http://kind.krx.co.kr/common/disclsviewer.do?method=search&amp;acptno=20250331003527&amp;rcpno=20250331003527&amp;orgid=K&amp;tran=Y&amp;langTpCd=0" target="_blank" xmlns="http://www.w3.org/1999/xhtml" xmlns:xf="http://www.w3.org/2002/xforms" xmlns:xh="http://www.w3.org/1999/xhtml" xmlns:xsd="http://www.w3.org/2001/XMLSchema">2025-03-31 전환사채(해외전환사채포함)발행후만기전사채취득</a> <br xmlns:java="http://xml.apache.org/xalan/java"> <a href="http://kind.krx.co.kr/common/disclsviewer.do?method=search&amp;acptno=20250507000541&amp;rcpno=20250507000541&amp;orgid=K&amp;tran=Y&amp;langTpCd=0" target="_blank" xmlns="http://www.w3.org/1999/xhtml" xmlns:xf="http://www.w3.org/2002/xforms" xmlns:xh="http://www.w3.org/1999/xhtml" xmlns:xsd="http://www.w3.org/2001/XMLSchema">2025-05-07 전환사채(해외전환사채포함)발행후만기전사채취득</a> <br xmlns:java="http://xml.apache.org/xalan/java"> <a href="http://kind.krx.co.kr/common/disclsviewer.do?method=search&amp;acptno=20251104000293&amp;rcpno=20251104000293&amp;orgid=K&amp;tran=Y&amp;langTpCd=0" target="_blank" xmlns="http://www.w3.org/1999/xhtml" xmlns:xf="http://www.w3.org/2002/xforms" xmlns:xh="http://www.w3.org/1999/xhtml" xmlns:xsd="http://www.w3.org/2001/XMLSchema">2025-11-04 전환사채(해외전환사채포함)발행후만기전사채취득</a> <br xmlns:java="http://xml.apache.org/xalan/java"> <a href="http://kind.krx.co.kr/common/disclsviewer.do?method=search&amp;acptno=20251110000595&amp;rcpno=20251110000314&amp;orgid=F&amp;tran=Y&amp;langTpCd=0" target="_blank" xmlns="http://www.w3.org/1999/xhtml" xmlns:xf="http://www.w3.org/2002/xforms" xmlns:xh="http://www.w3.org/1999/xhtml" xmlns:xsd="http://www.w3.org/2001/XMLSchema">2025-11-10 유상증자결정(제3자배정)</a> <br xmlns:java="http://xml.apache.org/xalan/java"> <a href="http://kind.krx.co.kr/common/disclsviewer.do?method=search&amp;acptno=20251110000665&amp;rcpno=20251110000373&amp;orgid=F&amp;tran=Y&amp;langTpCd=0" target="_blank" xmlns="http://www.w3.org/1999/xhtml" xmlns:xf="http://www.w3.org/2002/xforms" xmlns:xh="http://www.w3.org/1999/xhtml" xmlns:xsd="http://www.w3.org/2001/XMLSchema">2025-11-10 자기 전환사채 매도 결정(제9회차)</a> <br xmlns:java="http://xml.apache.org/xalan/java"> <a href="http://kind.krx.co.kr/common/disclsviewer.do?method=search&amp;acptno=20251111000385&amp;rcpno=20251111000195&amp;orgid=F&amp;tran=Y&amp;langTpCd=0" target="_blank" xmlns="http://www.w3.org/1999/xhtml" xmlns:xf="http://www.w3.org/2002/xforms" xmlns:xh="http://www.w3.org/1999/xhtml" xmlns:xsd="http://www.w3.org/2001/XMLSchema">2025-11-11 자기 전환사채 매도 결정(제9회차)</a> <br xmlns:java="http://xml.apache.org/xalan/java"> <a href="http://kind.krx.co.kr/common/disclsviewer.do?method=search&amp;acptno=20251222000458&amp;rcpno=20251222000272&amp;orgid=F&amp;tran=Y&amp;langTpCd=0" target="_blank" xmlns="http://www.w3.org/1999/xhtml" xmlns:xf="http://www.w3.org/2002/xforms" xmlns:xh="http://www.w3.org/1999/xhtml" xmlns:xsd="http://www.w3.org/2001/XMLSchema">2025-12-22 유상증자결정(제3자배정)</a> <br xmlns:java="http://xml.apache.org/xalan/java"> <a href="http://kind.krx.co.kr/common/disclsviewer.do?method=search&amp;acptno=20251226000334&amp;rcpno=20251226000334&amp;orgid=K&amp;tran=Y&amp;langTpCd=0" target="_blank" xmlns="http://www.w3.org/1999/xhtml" xmlns:xf="http://www.w3.org/2002/xforms" xmlns:xh="http://www.w3.org/1999/xhtml" xmlns:xsd="http://www.w3.org/2001/XMLSchema">2025-12-26 증권 발행결과(자율공시)</a> <br xmlns:java="http://xml.apache.org/xalan/java"> <a href="http://kind.krx.co.kr/common/disclsviewer.do?method=search&amp;acptno=20251226000339&amp;rcpno=20251226000339&amp;orgid=K&amp;tran=Y&amp;langTpCd=0" target="_blank" xmlns="http://www.w3.org/1999/xhtml" xmlns:xf="http://www.w3.org/2002/xforms" xmlns:xh="http://www.w3.org/1999/xhtml" xmlns:xsd="http://www.w3.org/2001/XMLSchema">2025-12-26 전환가액의조정</a> <br xmlns:java="http://xml.apache.org/xalan/java"> <a href="http://kind.krx.co.kr/common/disclsviewer.do?method=search&amp;acptno=20251229000607&amp;rcpno=20251229000527&amp;orgid=F&amp;tran=Y&amp;langTpCd=0" target="_blank" xmlns="http://www.w3.org/1999/xhtml" xmlns:xf="http://www.w3.org/2002/xforms" xmlns:xh="http://www.w3.org/1999/xhtml" xmlns:xsd="http://www.w3.org/2001/XMLSchema">2025-12-29 자기 전환사채 매도 결정(제9회차)</a> <br xmlns:java="http://xml.apache.org/xalan/java"> <a href="http://kind.krx.co.kr/common/disclsviewer.do?method=search&amp;acptno=20251229000622&amp;rcpno=20251229000538&amp;orgid=F&amp;tran=Y&amp;langTpCd=0" target="_blank" xmlns="http://www.w3.org/1999/xhtml" xmlns:xf="http://www.w3.org/2002/xforms" xmlns:xh="http://www.w3.org/1999/xhtml" xmlns:xsd="http://www.w3.org/2001/XMLSchema">2025-12-29 자기 전환사채 매도 결정(제9회차)</a> <br xmlns:java="http://xml.apache.org/xalan/java"> </span> </td> 
      </tr> 
     </tbody> 
    </table> 
   </div> 
  </div>  
 </body>
</html>