<html>
 <head> 
  <meta content="gdi" http-equiv="X-UA-TextLayoutMetrics"> 
  <meta content="text/html; charset=euc-kr" http-equiv="Content-Type"> 
  <STYLE>
.xforms * { font-family: 돋움체;}
.xforms_title * { font-size: 13pt; padding : 0 0 10 0;}

.xforms table {
    font-size: 10px;
    padding:0px;
    border-collapse:collapse;
    color: #3D3D3D;
}
.xforms td {
    padding-left:0px;
    padding-top:0px;
    border-collapse:collapse;
    line-height:22px;
    color: #3D3D3D;
    /*text-align:right;*/
    vertical-align:middle;
    border: 1px solid #7f7f7f;
}

.xforms span {
    /*display: inline-block;*/
    padding-left:3px;
    padding-right: 1px;
    line-height:22px;
    padding-top:0px;
    padding-bottom:0px;
    text-align:left;
    vertical-align:middle;
    border: 0px solid #DBDBDB;
}

.xforms.img{
    border : 0px;
}

.xforms a:link {

    color: #194866;
    text-decoration: none;
}
.xforms a:active {

    color: #194866;
    text-decoration: none;
}
.xforms a:visited {
    color: #194866;
    text-decoration: none;
}

.xforms A:hover {
    color:008BE3;
    text-decoration: none;
}

.xforms_input{
    border: 0px solid #DBDBDB;
    padding-left:3px;
    padding-right: 1px;
    height:22px;
    padding-top:0px;
    padding-bottom:0px;
    text-align:left;
}
</STYLE> 
  <title>에스아이리소스/주주총회소집결의/(2026.01.05)주주총회소집결의(임시주주총회)</title> 
 </head> 
 <body> 
  <div class="xforms"> 
   <div> 
    <span class="noprint" style="display:none;width:600px;font-size:10pt;"> </span> 
    <div class="xforms_title"> 
     <div> 
      <span style="width:598px;font-weight:bold;text-align:center;">주주총회소집 결의</span> 
     </div> 
    </div> 
    <table border="1" bordercolordark="white" bordercolorlight="#666666" cellpadding="1" cellspacing="0" id="XFormD2_Form0_Table0" style="margin:0px 0px 20px 0px;width:594px;font-size:10pt;border:1px solid #7f7f7f;"> 
     <tbody> 
      <tr> 
       <td rowspan="2" width="168"> <span style="width:168px;font-size:10pt;">1. 일시</span> </td> 
       <td width="84"> <span style="width:84px;font-size:10pt;text-align:center;">날짜</span> </td> 
       <td colspan="2" width="342"> <span class="xforms_input" style="width:342px;font-size:10pt;">2026-02-27</span> </td> 
      </tr> 
      <tr> 
       <td width="84"> <span style="width:84px;font-size:10pt;text-align:center;">시간</span> </td> 
       <td colspan="2" width="342"> <span class="xforms_input" style="width:342px;font-size:10pt;">오전 9시</span> </td> 
      </tr> 
      <tr> 
       <td colspan="2" width="252"> <span style="width:252px;font-size:10pt;">2. 장소</span> </td> 
       <td colspan="2" width="342"> <span class="xforms_input" style="width:342px;font-size:10pt;">서울특별시 마포구 독막로 279, 3층 세미나실</span> </td> 
      </tr> 
      <tr> 
       <td colspan="2" width="252"> <span style="width:252px;font-size:10pt;">3. 의안 주요내용</span> </td> 
       <td colspan="2" width="342"> <span class="xforms_input" style="width:342px;font-size:10pt;">제1호의안 : 의장 전순옥 불신임 및 임시의장 선임의 건 <br xmlns:java="http://xml.apache.org/xalan/java"> <br xmlns:java="http://xml.apache.org/xalan/java">제2호의안 : 정관변경의 건 <br xmlns:java="http://xml.apache.org/xalan/java"> <br xmlns:java="http://xml.apache.org/xalan/java">제 3호의안 : 이사해임의 건 <br xmlns:java="http://xml.apache.org/xalan/java">3-1호 의안 : 사내이사 전순옥 해임의 건 <br xmlns:java="http://xml.apache.org/xalan/java">3-2호 의안 : 사내이사 최경덕 해임의 건 <br xmlns:java="http://xml.apache.org/xalan/java">3-3호 의안 : 사외이사 장성근 해임의 건 <br xmlns:java="http://xml.apache.org/xalan/java"> <br xmlns:java="http://xml.apache.org/xalan/java">제4호의안 : 신규이사 선임의 건 <br xmlns:java="http://xml.apache.org/xalan/java">4-1호 의안 : 사내이사 최봉진 선임의 건 <br xmlns:java="http://xml.apache.org/xalan/java">4-2호 의안 : 사내이사 하상현 선임의 건 <br xmlns:java="http://xml.apache.org/xalan/java">4-3호 의안 : 사내이사 오세용 선임의 건 <br xmlns:java="http://xml.apache.org/xalan/java">4-4호 의안 : 사외이사 김효수 선임의 건 <br xmlns:java="http://xml.apache.org/xalan/java">4-5호 의안 : 사외이사 유형석 선임의 건</span> </td> 
      </tr> 
      <tr> 
       <td colspan="2" width="252"> <span style="width:252px;font-size:10pt;">4. 이사회결의일(결정일)</span> </td> 
       <td colspan="2" width="342"> <span class="xforms_input" style="width:342px;font-size:10pt;">2026-01-05</span> </td> 
      </tr> 
      <tr> 
       <td rowspan="2" width="168"> <span style="width:168px;font-size:10pt;">-사외이사 참석여부</span> </td> 
       <td width="84"> <span style="width:84px;font-size:10pt;text-align:center;">참석(명)</span> </td> 
       <td colspan="2" width="342"> <span class="xforms_input" style="width:342px;font-size:10pt;text-align:right;">1</span> </td> 
      </tr> 
      <tr> 
       <td width="84"> <span style="width:84px;font-size:10pt;text-align:center;">불참(명)</span> </td> 
       <td colspan="2" width="342"> <span class="xforms_input" style="width:342px;font-size:10pt;text-align:right;">0</span> </td> 
      </tr> 
      <tr> 
       <td colspan="2" width="252"> <span style="width:252px;font-size:10pt;">-감사(사외이사가 아닌 감사위원) 참석여부</span> </td> 
       <td colspan="2" width="342"> <span class="xforms_input" style="width:342px;font-size:10pt;">참석</span> </td> 
      </tr> 
      <tr> 
       <td colspan="2" width="252"> <span style="width:252px;font-size:10pt;">-주주총회 구분</span> </td> 
       <td colspan="2" width="342"> <span class="xforms_input" style="width:342px;font-size:10pt;">임시주주총회</span> </td> 
      </tr> 
      <tr> 
       <td colspan="4" width="594"> <span style="width:594px;font-size:10pt;">5. 기타 투자판단에 참고할 사항</span> </td> 
      </tr> 
      <tr> 
       <td colspan="4" width="594"> <span class="xforms_input" style="width:594px;font-size:10pt;">1. 당사는 금번 임시주주총회에 상법 제368조의4에 따른 전자투표제를 채택하였으며, 주주는 총회장 출석 대신 전자적 방법으로 의결권을 행사할 수 있습니다. <br xmlns:java="http://xml.apache.org/xalan/java">2. 본 임시주주총회 소집결의는 주주 제안에 따른 건으로 사외이사 적격요건 확인중에 있습니다.</span> </td> 
      </tr> 
      <tr> 
       <td width="168"> <span style="width:168px;font-size:10pt;">※관련공시</span> </td> 
       <td colspan="3" width="426"> <span style="width:426px;font-size:10pt;"> <a href="http://kind.krx.co.kr/common/disclsviewer.do?method=search&amp;acptno=20260105000702&amp;rcpno=20260105000702&amp;orgid=K&amp;tran=Y&amp;langTpCd=0" target="_blank" xmlns="http://www.w3.org/1999/xhtml" xmlns:xf="http://www.w3.org/2002/xforms" xmlns:xh="http://www.w3.org/1999/xhtml" xmlns:xsd="http://www.w3.org/2001/XMLSchema">2026-01-05 주주명부폐쇄기간 또는 기준일 설정</a> <br xmlns:java="http://xml.apache.org/xalan/java"> </span> </td> 
      </tr> 
     </tbody> 
    </table> 
    <div id="LIB_L7021" style="width:600px;font-size:10pt;;padding:0 0 20 0"> 
     <div> 
      <div> 
       <span style="width:600px;font-size:11pt;font-weight:bold;">이사선임 세부내역</span> 
       <table border="1" bordercolordark="white" bordercolorlight="#666666" cellpadding="1" cellspacing="0" id="XFormD1_Form0_RepeatTable0" style="margin:0px 0px 20px 0px;width:598px;font-size:10pt;border:1px solid #7f7f7f;"> 
        <tbody> 
         <tr> 
          <td width="67"> <span style="width:67px;font-size:10pt;text-align:center;">성명</span> </td> 
          <td width="74"> <span style="width:74px;font-size:10pt;text-align:center;">출생년월</span> </td> 
          <td width="48"> <span style="width:48px;font-size:10pt;text-align:center;">임기</span> </td> 
          <td width="91"> <span style="width:91px;font-size:10pt;text-align:center;">신규선임여부</span> </td> 
          <td width="318"> <span style="width:318px;font-size:10pt;text-align:center;">주요경력(현직포함)</span> </td> 
         </tr> 
         <tr> 
          <td width="67"> <span class="xforms_input" style="width:67px;font-size:10pt;">최봉진</span> </td> 
          <td width="74"> <span class="xforms_input" style="width:74px;font-size:10pt;">1971-02</span> </td> 
          <td width="48"> <span class="xforms_input" style="width:48px;font-size:10pt;">-</span> </td> 
          <td width="91"> <span class="xforms_input" style="width:91px;font-size:10pt;">신규선임</span> </td> 
          <td width="318"> <span class="xforms_input" style="width:318px;font-size:10pt;">- 서울대학교 법대 졸업 <br java="http://xml.apache.org/xalan/java">- ㈜플랫폼파트너스 자산운용 마케팅부문 대표</span> </td> 
         </tr> 
         <tr> 
          <td width="67"> <span class="xforms_input" style="width:67px;font-size:10pt;">하상현</span> </td> 
          <td width="74"> <span class="xforms_input" style="width:74px;font-size:10pt;">1967-11</span> </td> 
          <td width="48"> <span class="xforms_input" style="width:48px;font-size:10pt;">-</span> </td> 
          <td width="91"> <span class="xforms_input" style="width:91px;font-size:10pt;">신규선임</span> </td> 
          <td width="318"> <span class="xforms_input" style="width:318px;font-size:10pt;">- 부산대 무역학과 졸업 <br java="http://xml.apache.org/xalan/java">- NH투자증권 부산금융센터장</span> </td> 
         </tr> 
         <tr> 
          <td width="67"> <span class="xforms_input" style="width:67px;font-size:10pt;">오세용</span> </td> 
          <td width="74"> <span class="xforms_input" style="width:74px;font-size:10pt;">1976-12</span> </td> 
          <td width="48"> <span class="xforms_input" style="width:48px;font-size:10pt;">-</span> </td> 
          <td width="91"> <span class="xforms_input" style="width:91px;font-size:10pt;">신규선임</span> </td> 
          <td width="318"> <span class="xforms_input" style="width:318px;font-size:10pt;">- 홍익대학교 컴퓨터공학과 <br java="http://xml.apache.org/xalan/java">- 소프트 뱅크그룹, SBI홀딩스</span> </td> 
         </tr> 
        </tbody> 
       </table> 
      </div> 
     </div> 
    </div> 
    <div id="LIB_L7020" style="width:600px;font-size:10pt;;padding:0 0 20 0"> 
     <div> 
      <div> 
       <span style="width:596px;font-size:11pt;font-weight:bold;">사외이사선임 세부내역</span> 
       <table border="1" bordercolordark="white" bordercolorlight="#666666" cellpadding="1" cellspacing="0" id="XFormD1_Form0_RepeatTable0" style="margin:0px 0px 20px 0px;width:597px;font-size:10pt;border:1px solid #7f7f7f;"> 
        <tbody> 
         <tr> 
          <td width="67"> <span style="width:67px;font-size:10pt;text-align:center;">성명</span> </td> 
          <td width="70"> <span style="width:70px;font-size:10pt;text-align:center;">출생년월</span> </td> 
          <td width="45"> <span style="width:45px;font-size:10pt;text-align:center;">임기</span> </td> 
          <td width="90"> <span style="width:90px;font-size:10pt;text-align:center;">신규선임여부</span> </td> 
          <td width="172"> <span style="width:172px;font-size:10pt;text-align:center;">주요경력(현직포함)</span> </td> 
          <td width="153"> <span style="width:153px;font-size:10pt;text-align:center;">이사 등으로 재직 중인 다른 법인명(직위)</span> </td> 
         </tr> 
         <tr> 
          <td width="67"> <span class="xforms_input" style="width:67px;font-size:10pt;">김효수</span> </td> 
          <td width="70"> <span class="xforms_input" style="width:70px;font-size:10pt;">1952-01</span> </td> 
          <td width="45"> <span class="xforms_input" style="width:45px;font-size:10pt;">-</span> </td> 
          <td width="90"> <span class="xforms_input" style="width:90px;font-size:10pt;">신규선임</span> </td> 
          <td width="172"> <span class="xforms_input" style="width:172px;font-size:10pt;">- 사내이사 최경덕 前 동업자 <br java="http://xml.apache.org/xalan/java">- 現 ㈜에스아이리소스 주주</span> </td> 
          <td width="153"> <span class="xforms_input" style="width:153px;font-size:10pt;">-</span> </td> 
         </tr> 
         <tr> 
          <td width="67"> <span class="xforms_input" style="width:67px;font-size:10pt;">유형석</span> </td> 
          <td width="70"> <span class="xforms_input" style="width:70px;font-size:10pt;">1968-01</span> </td> 
          <td width="45"> <span class="xforms_input" style="width:45px;font-size:10pt;">-</span> </td> 
          <td width="90"> <span class="xforms_input" style="width:90px;font-size:10pt;">신규선임</span> </td> 
          <td width="172"> <span class="xforms_input" style="width:172px;font-size:10pt;">- 연세대학교 정보대학원 ITMS <br java="http://xml.apache.org/xalan/java">- KT본사 부장</span> </td> 
          <td width="153"> <span class="xforms_input" style="width:153px;font-size:10pt;">-</span> </td> 
         </tr> 
        </tbody> 
       </table> 
      </div> 
     </div> 
    </div> 
    <span class="noprint" style="display:none;width:600px;font-size:10pt;"> </span> 
    <span class="noprint" style="display:none;width:600px;font-size:10pt;"> </span> 
    <span class="noprint" style="display:none;width:600px;font-size:10pt;"> </span> 
    <span class="noprint" style="display:none;width:600px;font-size:10pt;"> </span> 
    <span class="noprint" style="display:none;width:600px;font-size:10pt;"> </span> 
   </div> 
  </div>  
 </body>
</html>