<html>
 <head> 
  <meta content="gdi" http-equiv="X-UA-TextLayoutMetrics"> 
  <meta content="text/html; charset=euc-kr" http-equiv="Content-Type"> 
  <STYLE>
.xforms * { font-family: 돋움체;}
.xforms_title * { font-size: 13pt; padding : 0 0 10 0;}

.xforms table {
    font-size: 10px;
    padding:0px;
    border-collapse:collapse;
    color: #3D3D3D;
}
.xforms td {
    padding-left:0px;
    padding-top:0px;
    border-collapse:collapse;
    line-height:22px;
    color: #3D3D3D;
    /*text-align:right;*/
    vertical-align:middle;
    border: 1px solid #7f7f7f;
}

.xforms span {
    /*display: inline-block;*/
    padding-left:3px;
    padding-right: 1px;
    line-height:22px;
    padding-top:0px;
    padding-bottom:0px;
    text-align:left;
    vertical-align:middle;
    border: 0px solid #DBDBDB;
}

.xforms.img{
    border : 0px;
}

.xforms a:link {

    color: #194866;
    text-decoration: none;
}
.xforms a:active {

    color: #194866;
    text-decoration: none;
}
.xforms a:visited {
    color: #194866;
    text-decoration: none;
}

.xforms A:hover {
    color:008BE3;
    text-decoration: none;
}

.xforms_input{
    border: 0px solid #DBDBDB;
    padding-left:3px;
    padding-right: 1px;
    height:22px;
    padding-top:0px;
    padding-bottom:0px;
    text-align:left;
}
</STYLE> 
  <title>나노캠텍/전환가액의조정/(2026.01.05)전환가액의조정(제8회차)</title> 
 </head> 
 <body> 
  <div class="xforms"> 
   <div> 
    <span class="noprint" style="display:none;width:600px;font-size:10pt;"> </span> 
    <div class="xforms_title"> 
     <div> 
      <span style="width:596px;font-weight:bold;text-align:center;">전환가액의 조정</span> 
     </div> 
    </div> 
    <span class="noprint" style="display:none;width:600px;font-size:10pt;"> </span> 
    <table border="1" bordercolordark="white" bordercolorlight="#666666" cellpadding="1" cellspacing="0" id="XFormD25_Form0_RepeatTable1" style="margin:0px 0px 20px 0px;width:599px;font-size:10pt;border:1px solid #7f7f7f;"> 
     <tbody> 
      <tr> 
       <td colspan="2" rowspan="2" width="168"> <span style="width:168px;font-size:10pt;">1. 조정에 관한 사항</span> </td> 
       <td width="40"> <span style="width:40px;font-size:10pt;text-align:center;">회차</span> </td> 
       <td width="84"> <span style="width:84px;font-size:10pt;text-align:center;">상장여부</span> </td> 
       <td width="145"> <span style="width:145px;font-size:10pt;text-align:center;">조정전 전환가액 (원)</span> </td> 
       <td colspan="2" width="162"> <span style="width:162px;font-size:10pt;text-align:center;">조정후 전환가액 (원)</span> </td> 
      </tr> 
      <tr> 
       <td width="40"> <span class="xforms_input" style="width:40px;font-size:10pt;text-align:center;">8</span> </td> 
       <td width="84"> <span class="xforms_input" style="width:84px;font-size:10pt;text-align:center;">비상장</span> </td> 
       <td width="145"> <span class="xforms_input" style="width:145px;font-size:10pt;text-align:right;">691</span> </td> 
       <td colspan="2" width="162"> <span class="xforms_input" style="width:162px;font-size:10pt;text-align:right;">624</span> </td> 
      </tr> 
      <tr> 
       <td colspan="2" rowspan="2" width="168"> <span style="width:168px;font-size:10pt;">2. 전환가능주식수 변동</span> </td> 
       <td width="40"> <span style="width:40px;font-size:10pt;text-align:center;">회차</span> </td> 
       <td colspan="2" width="229"> <span style="width:229px;font-size:10pt;text-align:center;">미전환사채의 권면(전자등록)총액 (통화단위)</span> </td> 
       <td width="81"> <span style="width:81px;font-size:10pt;text-align:center;">조정전 전환가능 주식수 (주)</span> </td> 
       <td width="81"> <span style="width:81px;font-size:10pt;text-align:center;">조정후 전환가능 주식수 (주)</span> </td> 
      </tr> 
      <tr> 
       <td width="40"> <span class="xforms_input" style="width:40px;font-size:10pt;text-align:center;">8</span> </td> 
       <td width="84"> <span class="xforms_input" style="width:84px;font-size:10pt;text-align:right;">6,000,000,000</span> </td> 
       <td width="145"> <span class="xforms_input" style="width:145px;font-size:10pt;">KRW : South-Korean Won</span> </td> 
       <td width="81"> <span class="xforms_input" style="width:81px;font-size:10pt;text-align:right;">8,683,068</span> </td> 
       <td width="81"> <span class="xforms_input" style="width:81px;font-size:10pt;text-align:right;">9,615,384</span> </td> 
      </tr> 
      <tr> 
       <td colspan="2" width="168"> <span style="width:168px;font-size:10pt;">3. 조정사유</span> </td> 
       <td colspan="5" width="431"> <span class="xforms_input" style="width:431px;font-size:10pt;">시가변동에 따른 전환가액 조정</span> </td> 
      </tr> 
      <tr> 
       <td colspan="2" width="168"> <span style="width:168px;font-size:10pt;">4. 조정근거 및 방법</span> </td> 
       <td colspan="5" width="431"> <span class="xforms_input" style="width:431px;font-size:10pt;">(1) 조정근거 <br xmlns:java="http://xml.apache.org/xalan/java">6) 위 1)목 내지 5)목과는 별도로 본 사채 발행 후 매 3개월이 경과한 날(해당일이 영업일이 아닌 경우 그 익영업일)을 전환가액 조정일로 하고, 각 전환가액 조정일 전일을 기산일로 하여 그 기산일로부터 소급한 1개월 가중산술평균주가, 1주일 가중산술평균주가 및 최근일 가중산술평균주가를 산술평균한 가액과 최근일 가중산술평균주가 중 높은 가격(본 6)목 및 7)목에서 "시가산정액")이 해당 조정일 직전일 현재의 전환가액보다 낮은 경우 동 낮은 가격을 새로운 전환가액으로 한다. 단, 새로운 전환가액은 액면가까지로 한다(조정일 전에 신주의 할인발행 등 또는 감자 등의 사유로 전환가액을 이미 하향 또는 상향 조정한 경우에는 이를 감안하여 산정한 가액). <br xmlns:java="http://xml.apache.org/xalan/java"> <br xmlns:java="http://xml.apache.org/xalan/java">7) 위 6)목에 따라 전환가액을 하향조정한 이후, 위 6)목에 따라 산정한 시가산정액이 해당 조정일 직전일 현재의 전환가액보다 높은 경우, 높은 가격을 새로운 전환가액으로 한다. 단, 새로운 전환가액은 발행 당시 전환가액(조정일 전에 신주의 할인발행 등 또는 감자 등의 사유로 전환가액을 이미 하향 또는 상향 조정한 경우에는 이를 감안하여 산정한 가액) 이내로 한다. <br xmlns:java="http://xml.apache.org/xalan/java"> <br xmlns:java="http://xml.apache.org/xalan/java">8) 본 호에 의해 조정된 전환가액이 주식의 액면가 이하일 경우에는 액면가를 전환가액으로 하며, 각 전환사채의 전환으로 인하여 발행할 주식의 발행가액의 합계액은 각 전환사채의 발행가액을 초과할 수 없다. <br xmlns:java="http://xml.apache.org/xalan/java"> <br xmlns:java="http://xml.apache.org/xalan/java">9) 본 호에 의한 조정 후 전환가액 중 원단위 미만은 상위 원단위로 절상한다. <br xmlns:java="http://xml.apache.org/xalan/java"> <br xmlns:java="http://xml.apache.org/xalan/java">(2) 조정방법 <br xmlns:java="http://xml.apache.org/xalan/java">① 1개월 가중산술평균주가     :  650.0원 <br xmlns:java="http://xml.apache.org/xalan/java">② 1주일 가중산술평균주가     :  607.3원 <br xmlns:java="http://xml.apache.org/xalan/java">③ 최근일 가중산술평균주가    :  613.8원 <br xmlns:java="http://xml.apache.org/xalan/java">④ 산술평균주가[(①+③)/3]    :  623.7원 <br xmlns:java="http://xml.apache.org/xalan/java">⑤ ③과 ④중 높은가액         :  623.7원 <br xmlns:java="http://xml.apache.org/xalan/java">⑥ 조정전 전환가액            :  691원 <br xmlns:java="http://xml.apache.org/xalan/java">⑦ 조정후 전환가액            :  624원 <br xmlns:java="http://xml.apache.org/xalan/java">⑧ 최저조정한도               :  500원</span> </td> 
      </tr> 
      <tr> 
       <td colspan="2" width="168"> <span style="width:168px;font-size:10pt;">5. 조정가액 적용일</span> </td> 
       <td colspan="5" width="431"> <span class="xforms_input" style="width:431px;font-size:10pt;">2026-01-05</span> </td> 
      </tr> 
      <tr> 
       <td colspan="2" width="168"> <span style="width:168px;font-size:10pt;">6. 이사회결의일(결정일)</span> </td> 
       <td colspan="5" width="431"> <span class="xforms_input" style="width:431px;font-size:10pt;">-</span> </td> 
      </tr> 
      <tr> 
       <td rowspan="2" width="101"> <span style="width:101px;font-size:10pt;">- 사외이사 참석여부</span> </td> 
       <td width="67"> <span style="width:67px;font-size:10pt;">참석(명)</span> </td> 
       <td colspan="5" width="431"> <span class="xforms_input" style="width:431px;font-size:10pt;text-align:right;">-</span> </td> 
      </tr> 
      <tr> 
       <td width="67"> <span style="width:67px;font-size:10pt;">불참(명)</span> </td> 
       <td colspan="5" width="431"> <span class="xforms_input" style="width:431px;font-size:10pt;text-align:right;">-</span> </td> 
      </tr> 
      <tr> 
       <td colspan="2" width="168"> <span style="width:168px;font-size:10pt;">- 감사(사외이사가 아닌 감사위원) 참석여부</span> </td> 
       <td colspan="5" width="431"> <span class="xforms_input" style="width:431px;font-size:10pt;">-</span> </td> 
      </tr> 
      <tr> 
       <td colspan="2" rowspan="2" width="168"> <span style="width:168px;font-size:10pt;">7. 기타 투자판단에 참고할 사항</span> </td> 
       <td colspan="5" width="431"> <span class="xforms_input" style="width:431px;font-size:10pt;">상기 조정은 시가 변동에 의한 전환가액 조정으로 별도 이사회 결의를 하지 않았습니다.</span> </td> 
      </tr> 
      <tr> 
       <td colspan="2" width="124"> <span style="width:124px;font-size:10pt;">※ 관련공시</span> </td> 
       <td colspan="3" width="307"> <span style="width:307px;font-size:10pt;"> <a href="http://kind.krx.co.kr/common/disclsviewer.do?method=search&amp;acptno=20240104000176&amp;rcpno=20240104000176&amp;orgid=K&amp;tran=Y&amp;langTpCd=0" target="_blank" xmlns="http://www.w3.org/1999/xhtml" xmlns:xf="http://www.w3.org/2002/xforms" xmlns:xh="http://www.w3.org/1999/xhtml" xmlns:xsd="http://www.w3.org/2001/XMLSchema">2024-01-04 증권 발행결과(자율공시)(제8회차 CB)</a> <br xmlns:java="http://xml.apache.org/xalan/java"> <a href="http://kind.krx.co.kr/common/disclsviewer.do?method=search&amp;acptno=20240404000391&amp;rcpno=20240404000391&amp;orgid=K&amp;tran=Y&amp;langTpCd=0" target="_blank" xmlns="http://www.w3.org/1999/xhtml" xmlns:xf="http://www.w3.org/2002/xforms" xmlns:xh="http://www.w3.org/1999/xhtml" xmlns:xsd="http://www.w3.org/2001/XMLSchema">2024-04-04 전환가액의조정(제8회차)</a> <br xmlns:java="http://xml.apache.org/xalan/java"> <a href="http://kind.krx.co.kr/common/disclsviewer.do?method=search&amp;acptno=20240704000561&amp;rcpno=20240704000561&amp;orgid=K&amp;tran=Y&amp;langTpCd=0" target="_blank" xmlns="http://www.w3.org/1999/xhtml" xmlns:xf="http://www.w3.org/2002/xforms" xmlns:xh="http://www.w3.org/1999/xhtml" xmlns:xsd="http://www.w3.org/2001/XMLSchema">2024-07-04 전환가액의조정(제8회차)</a> <br xmlns:java="http://xml.apache.org/xalan/java"> <a href="http://kind.krx.co.kr/common/disclsviewer.do?method=search&amp;acptno=20241004000255&amp;rcpno=20241004000255&amp;orgid=K&amp;tran=Y&amp;langTpCd=0" target="_blank" xmlns="http://www.w3.org/1999/xhtml" xmlns:xf="http://www.w3.org/2002/xforms" xmlns:xh="http://www.w3.org/1999/xhtml" xmlns:xsd="http://www.w3.org/2001/XMLSchema">2024-10-04 전환가액의조정(제8회차)</a> <br xmlns:java="http://xml.apache.org/xalan/java"> <a href="http://kind.krx.co.kr/common/disclsviewer.do?method=search&amp;acptno=20250106000259&amp;rcpno=20250106000259&amp;orgid=K&amp;tran=Y&amp;langTpCd=0" target="_blank" xmlns="http://www.w3.org/1999/xhtml" xmlns:xf="http://www.w3.org/2002/xforms" xmlns:xh="http://www.w3.org/1999/xhtml" xmlns:xsd="http://www.w3.org/2001/XMLSchema">2025-01-06 전환가액의조정(제8회차)</a> <br xmlns:java="http://xml.apache.org/xalan/java"> <a href="http://kind.krx.co.kr/common/disclsviewer.do?method=search&amp;acptno=20250404000747&amp;rcpno=20250404000747&amp;orgid=K&amp;tran=Y&amp;langTpCd=0" target="_blank" xmlns="http://www.w3.org/1999/xhtml" xmlns:xf="http://www.w3.org/2002/xforms" xmlns:xh="http://www.w3.org/1999/xhtml" xmlns:xsd="http://www.w3.org/2001/XMLSchema">2025-04-04 전환가액의조정(제8회차)</a> <br xmlns:java="http://xml.apache.org/xalan/java"> <a href="http://kind.krx.co.kr/common/disclsviewer.do?method=search&amp;acptno=20251010000332&amp;rcpno=20251010000332&amp;orgid=K&amp;tran=Y&amp;langTpCd=0" target="_blank" xmlns="http://www.w3.org/1999/xhtml" xmlns:xf="http://www.w3.org/2002/xforms" xmlns:xh="http://www.w3.org/1999/xhtml" xmlns:xsd="http://www.w3.org/2001/XMLSchema">2025-10-10 전환가액의조정(제8회차)</a> <br xmlns:java="http://xml.apache.org/xalan/java"> </span> </td> 
      </tr> 
     </tbody> 
    </table> 
   </div> 
  </div>  
 </body>
</html>