<?xml version="1.0" encoding="utf-8"?>


<DOCUMENT xmlns:xsi="http://www.w3.org/2001/XMLSchema-instance" xsi:noNamespaceSchemaLocation="dart4.xsd">

<DOCUMENT-NAME ACODE="10800">증권발행실적보고서</DOCUMENT-NAME>
<FORMULA-VERSION SUBVER="1" ADATE="20230828">6.0</FORMULA-VERSION>
<COMPANY-NAME AREGCIK="00111722">미래에셋증권</COMPANY-NAME>


<BODY ATOCID="10">

<COVER>
<COVER-TITLE ATOC="Y" AASSOCNOTE="COVER" ATOCID="1" ENG="Post-Issuance Report">증권발행실적보고서</COVER-TITLE>

<TABLE ACLASS="NORMAL" AFIXTABLE="N" WIDTH="600" BORDER="0">

<COLGROUP WIDTH="600">
<COL WIDTH="161"></COL>
<COL WIDTH="439"></COL>
</COLGROUP>

<TBODY>

<TR ACOPY="Y" ADELETE="Y" HEIGHT="53">
<TD CLASS="NORMAL" COLSPAN="2" WIDTH="591" HEIGHT="46"></TD>
</TR>

<TR ACOPY="Y" ADELETE="Y" HEIGHT="30">
<TD CLASS="NORMAL" WIDTH="152" HEIGHT="23">금융감독원장 귀하</TD>
<TD CLASS="NORMAL" ALIGN="RIGHT" WIDTH="430" HEIGHT="23">2026년 01월 05일</TD>
</TR>

<TR ACOPY="Y" ADELETE="Y" HEIGHT="53">
<TD CLASS="NORMAL" WIDTH="152" HEIGHT="46"></TD>
<TD CLASS="NORMAL" WIDTH="430" HEIGHT="46"></TD>
</TR>

<TR ACOPY="Y" ADELETE="Y" HEIGHT="53">
<TD CLASS="NORMAL" WIDTH="152" HEIGHT="46">회       사       명 :</TD>
<TD CLASS="NORMAL" WIDTH="430" HEIGHT="46">미래에셋증권 주식회사</TD>
</TR>

<TR ACOPY="Y" ADELETE="Y" HEIGHT="53">
<TD CLASS="NORMAL" WIDTH="152" HEIGHT="46">대   표     이   사 :</TD>
<TD CLASS="NORMAL" WIDTH="430" HEIGHT="46">김미섭     (인)</TD>
</TR>

<TR ACOPY="Y" ADELETE="Y" HEIGHT="30">
<TD CLASS="NORMAL" WIDTH="152" HEIGHT="23">본  점  소  재  지 :</TD>
<TD CLASS="NORMAL" WIDTH="430" HEIGHT="23">서울시 중구 을지로5길 26 미래에셋센터원빌딩 이스트타워</TD>
</TR>

<TR ACOPY="Y" ADELETE="Y" HEIGHT="30">
<TD CLASS="NORMAL" WIDTH="152" HEIGHT="23"></TD>
<TD CLASS="NORMAL" WIDTH="430" HEIGHT="23">(전  화) 1588-6800</TD>
</TR>

<TR ACOPY="Y" ADELETE="Y" HEIGHT="30">
<TD CLASS="NORMAL" WIDTH="152" HEIGHT="23"></TD>
<TD CLASS="NORMAL" WIDTH="430" HEIGHT="23">(홈페이지)http://securities.miraeasset.com</TD>
</TR>

<TR ACOPY="Y" ADELETE="Y" HEIGHT="30">
<TD CLASS="NORMAL" WIDTH="152" HEIGHT="23"></TD>
<TD CLASS="NORMAL" WIDTH="430" HEIGHT="23"></TD>
</TR>

<TR ACOPY="Y" ADELETE="Y" HEIGHT="30">
<TD CLASS="NORMAL" WIDTH="152" HEIGHT="23">작  성  책  임  자 :</TD>
<TD CLASS="NORMAL" WIDTH="430" HEIGHT="23">(직  책)파생Solution팀장       (성  명)이호문</TD>
</TR>

<TR ACOPY="Y" ADELETE="Y" HEIGHT="30">
<TD CLASS="NORMAL" WIDTH="152" HEIGHT="23"></TD>
<TD CLASS="NORMAL" WIDTH="430" HEIGHT="23">(전  화) 1588-6800</TD>
</TR>

<TR ACOPY="Y" ADELETE="Y" HEIGHT="53">
<TD CLASS="NORMAL" WIDTH="152" HEIGHT="46"></TD>
<TD CLASS="NORMAL" WIDTH="430" HEIGHT="46"></TD>
</TR>
</TBODY>
</TABLE>
</COVER>

<SECTION-1 ACLASS="MANDATORY" APARTSOURCE="SOURCE">

<LIBRARY>
<SECTION-2 ACLASS="MANDATORY">
<TITLE ATOC="Y" AASSOCNOTE="L-0-0-1-0" ATOCID="2" ENG="Ⅰ. Subscription and Allotment">Ⅰ. 청약 및 배정에 관한 사항</TITLE>
<P></P>

<SECTION-3 ACLASS="MANDATORY">
<TITLE ATOC="Y" ATOCID="3" ENG="1. Subscription and payment schedule">1. 청약 및 납입일정</TITLE>

<TABLE-GROUP ACLASS="SB_DT_DV" ADELETETABLE="N">

<TABLE ACLASS="EXTRACTION" AFIXTABLE="N" WIDTH="600" BORDER="1">

<COLGROUP WIDTH="600">
<COL WIDTH="150"></COL>
<COL WIDTH="150"></COL>
<COL WIDTH="150"></COL>
<COL WIDTH="150"></COL>
</COLGROUP>

<THEAD>

<TR ACOPY="N" ADELETE="N" HEIGHT="30">
<TH VALIGN="MIDDLE" WIDTH="141" HEIGHT="23" ACOPYCOL="N" ADELETECOL="N" AMOVECOL="N" AUPDATECONT="N" ENG="Type of securities">증권의 종류</TH>
<TH VALIGN="MIDDLE" WIDTH="141" HEIGHT="23" ACOPYCOL="N" ADELETECOL="N" AMOVECOL="N" AUPDATECONT="N" ENG="Subscription start date">청약 개시일</TH>
<TH VALIGN="MIDDLE" WIDTH="141" HEIGHT="23" ACOPYCOL="N" ADELETECOL="N" AMOVECOL="N" AUPDATECONT="N" ENG="Subscription closing date">청약 종료일</TH>
<TH VALIGN="MIDDLE" WIDTH="141" HEIGHT="23" ACOPYCOL="N" ADELETECOL="N" AMOVECOL="N" AUPDATECONT="N" ENG="Payment date">납입일</TH>
</TR>
</THEAD>

<TBODY>

<TR ACOPY="Y" ADELETE="N" HEIGHT="53">
<TU ALIGN="CENTER" VALIGN="MIDDLE" WIDTH="141" HEIGHT="46" AUNIT="STK_KND" AUNITVALUE="4" ENG="Equity-linked bonds">주가연계파생결합사채</TU>
<TU ALIGN="CENTER" VALIGN="MIDDLE" WIDTH="141" HEIGHT="46" AUNIT="SB_STR_DT" AUNITVALUE="20260105">2026.01.05</TU>
<TU ALIGN="CENTER" VALIGN="MIDDLE" WIDTH="141" HEIGHT="46" AUNIT="SB_END_DT" AUNITVALUE="20260105">2026.01.05</TU>
<TU ALIGN="CENTER" VALIGN="MIDDLE" WIDTH="141" HEIGHT="46" AUNIT="PYM_DT" AUNITVALUE="20260105">2026.01.05</TU>
</TR>
</TBODY>
</TABLE>
</TABLE-GROUP>
<P></P>
<P></P>
</SECTION-3>

<SECTION-3 ACLASS="MANDATORY">
<TITLE ATOC="Y" ATOCID="4" ENG="2. Underwriting amount by underwriting institution">2. 인수기관별 인수금액</TITLE>

<TABLE-GROUP ACLASS="ACC_AMT_DV" ADELETETABLE="N">

<TABLE ACLASS="EXTRACTION" AFIXTABLE="Y" WIDTH="600" BORDER="0">

<COLGROUP WIDTH="600">
<COL WIDTH="300"></COL>
<COL WIDTH="300"></COL>
</COLGROUP>

<TBODY>

<TR ACOPY="N" ADELETE="N" HEIGHT="30">
<TD VALIGN="BOTTOM" WIDTH="291" HEIGHT="23"></TD>
<TU ALIGN="RIGHT" VALIGN="BOTTOM" WIDTH="291" HEIGHT="23" AUNIT="WON" AUNITVALUE="1" ENG="(Unit: KRW)">(단위 : 원)</TU>
</TR>
</TBODY>
</TABLE>

<TABLE ACLASS="EXTRACTION" AFIXTABLE="N" WIDTH="600" BORDER="1">

<COLGROUP WIDTH="600">
<COL WIDTH="148"></COL>
<COL WIDTH="147"></COL>
<COL WIDTH="191"></COL>
<COL WIDTH="114"></COL>
</COLGROUP>

<THEAD>

<TR ACOPY="N" ADELETE="N" HEIGHT="30">
<TH VALIGN="MIDDLE" WIDTH="139" HEIGHT="23" ACOPYCOL="N" ADELETECOL="N" AMOVECOL="N" AUPDATECONT="N" ENG="Underwriting institution">인수기관</TH>
<TH VALIGN="MIDDLE" WIDTH="138" HEIGHT="23" ACOPYCOL="N" ADELETECOL="N" AMOVECOL="N" AUPDATECONT="N" ENG="Ordinal">회 차</TH>
<TH VALIGN="MIDDLE" WIDTH="182" HEIGHT="23" ACOPYCOL="N" ADELETECOL="N" AMOVECOL="N" AUPDATECONT="N" ENG="Underwriting amount">인수금액</TH>
<TH VALIGN="MIDDLE" WIDTH="105" HEIGHT="23" ACOPYCOL="N" ADELETECOL="N" AMOVECOL="N" AUPDATECONT="N" ENG="Ratio">비 율</TH>
</TR>
</THEAD>

<TBODY>

<TR ACOPY="Y" ADELETE="N" HEIGHT="30">
<TE ALIGN="CENTER" VALIGN="MIDDLE" WIDTH="139" HEIGHT="23" ACODE="ACC_ORG">-</TE>
<TE ALIGN="CENTER" VALIGN="MIDDLE" WIDTH="138" HEIGHT="23" ACODE="SEQ_NO2">-</TE>
<TE ALIGN="CENTER" VALIGN="MIDDLE" WIDTH="182" HEIGHT="23" ACODE="ACC_AMT">-</TE>
<TE ALIGN="CENTER" VALIGN="MIDDLE" WIDTH="105" HEIGHT="23" ACODE="ACC_RT">-</TE>
</TR>
</TBODY>
</TABLE>
</TABLE-GROUP>
<P>- 발행사인 미래에셋증권 주식회사가 직접 모집하였으므로 인수기관이 없습니다.</P>
</SECTION-3>

<SECTION-3 ACLASS="MANDATORY">
<TITLE ATOC="Y" ATOCID="5" ENG="3. Subscription and allotment status">3. 청약 및 배정현황</TITLE>

<TABLE-GROUP ACLASS="DST_CD_DV" ADELETETABLE="N">

<TABLE ACLASS="EXTRACTION" AFIXTABLE="Y" WIDTH="600" BORDER="0">

<COLGROUP WIDTH="600">
<COL WIDTH="270"></COL>
<COL WIDTH="330"></COL>
</COLGROUP>

<TBODY>

<TR ACOPY="Y" ADELETE="Y" HEIGHT="30">
<TD WIDTH="261" HEIGHT="23"></TD>
<TU ALIGN="RIGHT" WIDTH="321" HEIGHT="23" AUNIT="WONSTOCKPERCENT" AUNITVALUE="1" ENG="(Unit: KRW, shares, %)">(단위 : 원, 주, %)</TU>
</TR>
</TBODY>
</TABLE>

<TABLE ACLASS="EXTRACTION" AFIXTABLE="N" WIDTH="538" BORDER="1">

<COLGROUP WIDTH="538">
<COL WIDTH="55"></COL>
<COL WIDTH="108"></COL>
<COL WIDTH="42"></COL>
<COL WIDTH="96"></COL>
<COL WIDTH="49"></COL>
<COL WIDTH="43"></COL>
<COL WIDTH="96"></COL>
<COL WIDTH="49"></COL>
</COLGROUP>

<THEAD>

<TR ACOPY="N" ADELETE="N" HEIGHT="30">
<TH ROWSPAN="2" VALIGN="MIDDLE" HEIGHT="53" ACOPYCOL="N" ADELETECOL="N" AMOVECOL="N" AUPDATECONT="N" WIDTH="46" ENG="Ordinal">회 차</TH>
<TH VALIGN="MIDDLE" HEIGHT="53" ACOPYCOL="N" ADELETECOL="N" AMOVECOL="N" AUPDATECONT="N" ROWSPAN="2" WIDTH="99" ENG="Total amount of offering">모집 총액</TH>
<TH COLSPAN="3" VALIGN="MIDDLE" HEIGHT="23" ACOPYCOL="N" ADELETECOL="N" AMOVECOL="N" AUPDATECONT="N" WIDTH="178" ENG="Subscription status">청약현황</TH>
<TH COLSPAN="3" VALIGN="MIDDLE" HEIGHT="23" ACOPYCOL="N" ADELETECOL="N" AMOVECOL="N" AUPDATECONT="N" WIDTH="179" ENG="Final allotment status">최종배정현황</TH>
</TR>

<TR ACOPY="N" ADELETE="N" HEIGHT="30">
<TH VALIGN="MIDDLE" HEIGHT="23" ACOPYCOL="N" ADELETECOL="N" AMOVECOL="N" AUPDATECONT="N" WIDTH="33" ENG="Number of cases">건수</TH>
<TH VALIGN="MIDDLE" HEIGHT="23" ACOPYCOL="N" ADELETECOL="N" AMOVECOL="N" AUPDATECONT="N" WIDTH="87" ENG="Amount">금액</TH>
<TH VALIGN="MIDDLE" HEIGHT="23" ACOPYCOL="N" ADELETECOL="N" AMOVECOL="N" AUPDATECONT="N" WIDTH="40" ENG="Ratio">비율</TH>
<TH VALIGN="MIDDLE" HEIGHT="23" ACOPYCOL="N" ADELETECOL="N" AMOVECOL="N" AUPDATECONT="N" WIDTH="34" ENG="Number of cases">건수</TH>
<TH VALIGN="MIDDLE" HEIGHT="23" ACOPYCOL="N" ADELETECOL="N" AMOVECOL="N" AUPDATECONT="N" WIDTH="87" ENG="Amount">금액</TH>
<TH VALIGN="MIDDLE" HEIGHT="23" ACOPYCOL="N" ADELETECOL="N" AMOVECOL="N" AUPDATECONT="N" WIDTH="40" ENG="Ratio">비율</TH>
</TR>
</THEAD>

<TBODY>

<TR ACOPY="Y" ADELETE="N" HEIGHT="28">
<TE ALIGN="CENTER" ACODE="SEQ_NO2" VALIGN="MIDDLE" USERMARK="F-10 " WIDTH="46" HEIGHT="21">3814</TE>
<TE ALIGN="CENTER" ACODE="TOT_RET_AMT" VALIGN="MIDDLE" USERMARK="F-10 " WIDTH="99" HEIGHT="21">14,925,000,000</TE>
<TE ALIGN="CENTER" ACODE="SB_CNT" VALIGN="MIDDLE" USERMARK="F-10 " WIDTH="33" HEIGHT="21">1</TE>
<TE ALIGN="CENTER" ACODE="SB_AMT" VALIGN="MIDDLE" USERMARK="F-10 " WIDTH="87" HEIGHT="21">1,034,800,000</TE>
<TE ALIGN="CENTER" ACODE="SB_RT" VALIGN="MIDDLE" USERMARK="F-10 " WIDTH="40" HEIGHT="21">6.93 </TE>
<TE ALIGN="CENTER" ACODE="DV_CNT" VALIGN="MIDDLE" USERMARK="F-10 " WIDTH="34" HEIGHT="21">1 </TE>
<TE ALIGN="CENTER" ACODE="DV_AMT" VALIGN="MIDDLE" USERMARK="F-10 " WIDTH="87" HEIGHT="21">1,034,800,000 </TE>
<TE ALIGN="CENTER" ACODE="DV_RT" VALIGN="MIDDLE" USERMARK="F-10 " WIDTH="40" HEIGHT="21">6.93 </TE>
</TR>

<TR ACOPY="Y" ADELETE="N" HEIGHT="28">
<TE ALIGN="CENTER" ACODE="SEQ_NO2" VALIGN="MIDDLE" USERMARK="F-10 " WIDTH="46" HEIGHT="21">3815</TE>
<TE ALIGN="CENTER" ACODE="TOT_RET_AMT" VALIGN="MIDDLE" USERMARK="F-10 " WIDTH="99" HEIGHT="21">14,925,000,000</TE>
<TE ALIGN="CENTER" ACODE="SB_CNT" VALIGN="MIDDLE" USERMARK="F-10 " WIDTH="33" HEIGHT="21">1</TE>
<TE ALIGN="CENTER" ACODE="SB_AMT" VALIGN="MIDDLE" USERMARK="F-10 " WIDTH="87" HEIGHT="21">6,065,520,000</TE>
<TE ALIGN="CENTER" ACODE="SB_RT" VALIGN="MIDDLE" USERMARK="F-10 " WIDTH="40" HEIGHT="21">40.64 </TE>
<TE ALIGN="CENTER" ACODE="DV_CNT" VALIGN="MIDDLE" USERMARK="F-10 " WIDTH="34" HEIGHT="21">1 </TE>
<TE ALIGN="CENTER" ACODE="DV_AMT" VALIGN="MIDDLE" USERMARK="F-10 " WIDTH="87" HEIGHT="21">6,065,520,000 </TE>
<TE ALIGN="CENTER" ACODE="DV_RT" VALIGN="MIDDLE" USERMARK="F-10 " WIDTH="40" HEIGHT="21">40.64 </TE>
</TR>

<TR ACOPY="Y" ADELETE="N" HEIGHT="28">
<TE ALIGN="CENTER" ACODE="SEQ_NO2" VALIGN="MIDDLE" USERMARK="F-10 " WIDTH="46" HEIGHT="21">3816</TE>
<TE ALIGN="CENTER" ACODE="TOT_RET_AMT" VALIGN="MIDDLE" USERMARK="F-10 " WIDTH="99" HEIGHT="21">14,925,000,000</TE>
<TE ALIGN="CENTER" ACODE="SB_CNT" VALIGN="MIDDLE" USERMARK="F-10 " WIDTH="33" HEIGHT="21">1</TE>
<TE ALIGN="CENTER" ACODE="SB_AMT" VALIGN="MIDDLE" USERMARK="F-10 " WIDTH="87" HEIGHT="21">3,589,960,000</TE>
<TE ALIGN="CENTER" ACODE="SB_RT" VALIGN="MIDDLE" USERMARK="F-10 " WIDTH="40" HEIGHT="21">24.05 </TE>
<TE ALIGN="CENTER" ACODE="DV_CNT" VALIGN="MIDDLE" USERMARK="F-10 " WIDTH="34" HEIGHT="21">1 </TE>
<TE ALIGN="CENTER" ACODE="DV_AMT" VALIGN="MIDDLE" USERMARK="F-10 " WIDTH="87" HEIGHT="21">3,589,960,000 </TE>
<TE ALIGN="CENTER" ACODE="DV_RT" VALIGN="MIDDLE" USERMARK="F-10 " WIDTH="40" HEIGHT="21">24.05 </TE>
</TR>
</TBODY>
</TABLE>
</TABLE-GROUP>
<P></P>
</SECTION-3>

<SECTION-3 ACLASS="MANDATORY">
<TITLE ATOC="Y" ATOCID="6" ENG="4. Allotment method">4. 배정방법</TITLE>
<P>가. 청약금액의 합계가 모집총액의 100% 이상인 경우, 각 계좌별로 최소청약단위 금액을 선배정한 후, 선배정한금액을 제외한 금액에 대해 각 계좌별 청약금액에 비례하여  안분배정합니다.단, 위 안분배정으로 발생한 잔여수량에 대해서는 청약자의 청약 금액이 큰 순서대로 해당 청약자에게 최소청약단위 금액으로 배정하되, 청약금액이 동일한 청약자가 경합하는 경우에는 본 증권의 청약 시점이 앞서는 순서대로 잔여수량을 최소청약단위 금액으로 배정합니다. 그러한 배정에 따른 후에도 남게되는 잔여수량에 대해서는 배정을 하지 아니함으로써 미발행으로 처리합니다.나. 공모결과 총 청약금액이 모집금액의 100%에 미달하는 경우 미달분은 미납처리하여 부분납입으로 종결합니다.</P>
</SECTION-3>
</SECTION-2>

<SECTION-2 ACLASS="MANDATORY">
<TITLE ATOC="Y" AASSOCNOTE="L-0-0-3-0" ATOCID="7" ENG="Ⅱ. Date of Securities Delivery, etc.">Ⅱ. 증권교부일 등</TITLE>
<P>1) 증권교부일 : 해당사항 없음 (본 증권은 주식·사채 등의 전자등록에 관한 법률에 따라 전자등록기관인 한국예탁결제원을 통하여 전자등록하여 발행하고, 실물을 발행하지 않습니다. 본 증권의 보유자는 전자등록기관의 계좌관리기관등 자기계좌부 또는 계좌관리기관의 고객계좌부에의 전자등록을 통하여 본 증권을 보유합니다.)2) 상장일 : 해당사항 없음.3) 증자등기일 : 해당사항 없음.</P>
</SECTION-2>

<SECTION-2 ACLASS="MANDATORY">
<TITLE ATOC="Y" AASSOCNOTE="L-0-0-4-0" ATOCID="8" ENG="Ⅲ. Disclosure Implementation Status">Ⅲ. 공시 이행상황</TITLE>
<P></P>
<P>가. 청약공고</P>

<TABLE ACLASS="NORMAL" AFIXTABLE="N" WIDTH="600" BORDER="1">

<COLGROUP WIDTH="600">
<COL WIDTH="130"></COL>
<COL WIDTH="270"></COL>
<COL WIDTH="200"></COL>
</COLGROUP>

<THEAD>

<TR ACOPY="Y" ADELETE="Y" HEIGHT="30">
<TH VALIGN="MIDDLE" ACOPYCOL="Y" ADELETECOL="Y" AMOVECOL="N" WIDTH="121" HEIGHT="23">구     분</TH>
<TH VALIGN="MIDDLE" ACOPYCOL="Y" ADELETECOL="Y" AMOVECOL="N" WIDTH="261" HEIGHT="23">신     문</TH>
<TH VALIGN="MIDDLE" ACOPYCOL="Y" ADELETECOL="Y" AMOVECOL="N" WIDTH="191" HEIGHT="23">일     자</TH>
</TR>
</THEAD>

<TBODY>

<TR ACOPY="Y" ADELETE="Y" HEIGHT="53">
<TD ALIGN="CENTER" VALIGN="MIDDLE" WIDTH="121" HEIGHT="46">청 약 공 고</TD>
<TD ALIGN="CENTER" VALIGN="MIDDLE" WIDTH="261" HEIGHT="46">미래에셋증권 홈페이지http://securities.miraeasset.com</TD>
<TD ALIGN="CENTER" VALIGN="MIDDLE" WIDTH="191" HEIGHT="46">2025년 12월 23일</TD>
</TR>
</TBODY>
</TABLE>
<P></P>
<P>나. 배정공고</P>

<TABLE ACLASS="NORMAL" AFIXTABLE="N" WIDTH="600" BORDER="1">

<COLGROUP WIDTH="600">
<COL WIDTH="130"></COL>
<COL WIDTH="270"></COL>
<COL WIDTH="200"></COL>
</COLGROUP>

<THEAD>

<TR ACOPY="Y" ADELETE="Y" HEIGHT="30">
<TH VALIGN="MIDDLE" ACOPYCOL="Y" ADELETECOL="Y" AMOVECOL="N" WIDTH="121" HEIGHT="23">구     분</TH>
<TH VALIGN="MIDDLE" ACOPYCOL="Y" ADELETECOL="Y" AMOVECOL="N" WIDTH="261" HEIGHT="23">신     문</TH>
<TH VALIGN="MIDDLE" ACOPYCOL="Y" ADELETECOL="Y" AMOVECOL="N" WIDTH="191" HEIGHT="23">일     자</TH>
</TR>
</THEAD>

<TBODY>

<TR ACOPY="Y" ADELETE="Y" HEIGHT="53">
<TD ALIGN="CENTER" VALIGN="MIDDLE" WIDTH="121" HEIGHT="46">배 정 공 고</TD>
<TD ALIGN="CENTER" VALIGN="MIDDLE" WIDTH="261" HEIGHT="46">미래에셋증권 홈페이지http://securities.miraeasset.com</TD>
<TD ALIGN="CENTER" VALIGN="MIDDLE" WIDTH="191" HEIGHT="46">2026년 01월 05일</TD>
</TR>
</TBODY>
</TABLE>
<P></P>
<P>다. 증권신고서(일괄신고 추가서류 포함) 공시</P>
<P>전자문서 : 금융위(금감원)홈페이지 → dart.fss.or.kr</P>
<P>라. 투자설명서 공시</P>
<P>1. 전자문서 : 금융위(금감원)홈페이지 → dart.fss.or.kr</P>
<P>2. 서면문서 : 미래에셋증권 본지점</P>
</SECTION-2>

<SECTION-2 ACLASS="MANDATORY">
<TITLE ATOC="Y" AASSOCNOTE="L-0-0-5-0" ATOCID="9" ENG="Ⅳ. Details of Use of Procured Funds">Ⅳ. 조달된 자금의 사용내역</TITLE>
<P></P>
<P>가. 자금조달내역</P>

<TABLE ACLASS="NORMAL" AFIXTABLE="N" WIDTH="711" BORDER="0">

<COLGROUP WIDTH="711">
<COL WIDTH="79"></COL>
<COL WIDTH="504"></COL>
<COL WIDTH="20"></COL>
<COL WIDTH="108"></COL>
</COLGROUP>

<TBODY>

<TR ACOPY="Y" ADELETE="Y" HEIGHT="30">
<TD WIDTH="70" HEIGHT="23">[종목명 :</TD>
<TD WIDTH="495" HEIGHT="23">미래에셋증권 제3814회 파생결합사채(ELB)</TD>
<TD WIDTH="11" HEIGHT="23">]</TD>
<TD ALIGN="RIGHT" VALIGN="BOTTOM" WIDTH="99" HEIGHT="23">(단위 : 원, 주)</TD>
</TR>
</TBODY>
</TABLE>

<TABLE ACLASS="NORMAL" AFIXTABLE="N" WIDTH="867" BORDER="1">

<COLGROUP WIDTH="867">
<COL WIDTH="124"></COL>
<COL WIDTH="134"></COL>
<COL WIDTH="114"></COL>
<COL WIDTH="124"></COL>
<COL WIDTH="124"></COL>
<COL WIDTH="124"></COL>
<COL WIDTH="123"></COL>
</COLGROUP>

<THEAD>

<TR ACOPY="Y" ADELETE="Y" HEIGHT="30">
<TH ROWSPAN="2" VALIGN="MIDDLE" WIDTH="115" HEIGHT="76" ACOPYCOL="Y" ADELETECOL="Y" AMOVECOL="N">구    분</TH>
<TH ROWSPAN="2" VALIGN="MIDDLE" WIDTH="125" HEIGHT="76" ACOPYCOL="Y" ADELETECOL="Y" AMOVECOL="N">신고서상발행예정총액</TH>
<TH COLSPAN="3" VALIGN="MIDDLE" WIDTH="353" HEIGHT="23" ACOPYCOL="Y" ADELETECOL="Y" AMOVECOL="N">실제 자금조달총액</TH>
<TH ROWSPAN="2" VALIGN="MIDDLE" WIDTH="115" HEIGHT="76" ACOPYCOL="Y" ADELETECOL="Y" AMOVECOL="N">확정권면총액</TH>
<TH ROWSPAN="2" VALIGN="MIDDLE" WIDTH="114" HEIGHT="76" ACOPYCOL="Y" ADELETECOL="Y" AMOVECOL="N">비  고</TH>
</TR>

<TR ACOPY="Y" ADELETE="Y" HEIGHT="53">
<TH VALIGN="MIDDLE" WIDTH="105" HEIGHT="46" ACOPYCOL="Y" ADELETECOL="Y" AMOVECOL="N">발행가액(A)</TH>
<TH VALIGN="MIDDLE" WIDTH="115" HEIGHT="46" ACOPYCOL="Y" ADELETECOL="Y" AMOVECOL="N">수량(B)</TH>
<TH VALIGN="MIDDLE" WIDTH="115" HEIGHT="46" ACOPYCOL="Y" ADELETECOL="Y" AMOVECOL="N">발행총액(A×B)</TH>
</TR>
</THEAD>

<TBODY>

<TR ACOPY="Y" ADELETE="Y" HEIGHT="30">
<TD ALIGN="CENTER" VALIGN="MIDDLE" WIDTH="115" HEIGHT="23">모    집(a)</TD>
<TD ALIGN="CENTER" WIDTH="125" HEIGHT="23">14,925,000,000</TD>
<TD ALIGN="CENTER" WIDTH="105" HEIGHT="23">9,950</TD>
<TD ALIGN="CENTER" WIDTH="115" HEIGHT="23">104,000</TD>
<TD ALIGN="CENTER" WIDTH="115" HEIGHT="23">1,034,800,000</TD>
<TD ALIGN="CENTER" WIDTH="115" HEIGHT="23">1,034,800,000</TD>
<TD WIDTH="114" HEIGHT="23" ALIGN="CENTER"></TD>
</TR>

<TR ACOPY="Y" ADELETE="Y" HEIGHT="30">
<TD ALIGN="CENTER" VALIGN="MIDDLE" WIDTH="115" HEIGHT="23">매    출(b)</TD>
<TD ALIGN="CENTER" WIDTH="125" HEIGHT="23">0</TD>
<TD ALIGN="CENTER" WIDTH="105" HEIGHT="23">0</TD>
<TD ALIGN="CENTER" WIDTH="115" HEIGHT="23">0</TD>
<TD ALIGN="CENTER" WIDTH="115" HEIGHT="23">0</TD>
<TD ALIGN="CENTER" WIDTH="115" HEIGHT="23">0</TD>
<TD WIDTH="114" HEIGHT="23" ALIGN="CENTER"></TD>
</TR>

<TR ACOPY="Y" ADELETE="Y" HEIGHT="30">
<TD ALIGN="CENTER" VALIGN="MIDDLE" WIDTH="115" HEIGHT="23">총계(a + b)</TD>
<TD ALIGN="CENTER" WIDTH="125" HEIGHT="23">14,925,000,000</TD>
<TD ALIGN="CENTER" WIDTH="105" HEIGHT="23">9,950</TD>
<TD ALIGN="CENTER" WIDTH="115" HEIGHT="23">104,000</TD>
<TD ALIGN="CENTER" WIDTH="115" HEIGHT="23">1,034,800,000</TD>
<TD ALIGN="CENTER" WIDTH="115" HEIGHT="23">1,034,800,000</TD>
<TD WIDTH="114" HEIGHT="23" ALIGN="CENTER"></TD>
</TR>
</TBODY>
</TABLE>
<P></P>

<TABLE ACLASS="NORMAL" AFIXTABLE="N" WIDTH="711" BORDER="0">

<COLGROUP WIDTH="711">
<COL WIDTH="79"></COL>
<COL WIDTH="504"></COL>
<COL WIDTH="20"></COL>
<COL WIDTH="108"></COL>
</COLGROUP>

<TBODY>

<TR ACOPY="Y" ADELETE="Y" HEIGHT="30">
<TD WIDTH="70" HEIGHT="23">[종목명 :</TD>
<TD WIDTH="495" HEIGHT="23">미래에셋증권 제3815회 파생결합사채(ELB)</TD>
<TD WIDTH="11" HEIGHT="23">]</TD>
<TD ALIGN="RIGHT" VALIGN="BOTTOM" WIDTH="99" HEIGHT="23">(단위 : 원, 주)</TD>
</TR>
</TBODY>
</TABLE>

<TABLE ACLASS="NORMAL" AFIXTABLE="N" WIDTH="867" BORDER="1">

<COLGROUP WIDTH="867">
<COL WIDTH="124"></COL>
<COL WIDTH="134"></COL>
<COL WIDTH="114"></COL>
<COL WIDTH="124"></COL>
<COL WIDTH="124"></COL>
<COL WIDTH="124"></COL>
<COL WIDTH="123"></COL>
</COLGROUP>

<THEAD>

<TR ACOPY="Y" ADELETE="Y" HEIGHT="30">
<TH ROWSPAN="2" VALIGN="MIDDLE" WIDTH="115" HEIGHT="76" ACOPYCOL="Y" ADELETECOL="Y" AMOVECOL="N">구    분</TH>
<TH ROWSPAN="2" VALIGN="MIDDLE" WIDTH="125" HEIGHT="76" ACOPYCOL="Y" ADELETECOL="Y" AMOVECOL="N">신고서상발행예정총액</TH>
<TH COLSPAN="3" VALIGN="MIDDLE" WIDTH="353" HEIGHT="23" ACOPYCOL="Y" ADELETECOL="Y" AMOVECOL="N">실제 자금조달총액</TH>
<TH ROWSPAN="2" VALIGN="MIDDLE" WIDTH="115" HEIGHT="76" ACOPYCOL="Y" ADELETECOL="Y" AMOVECOL="N">확정권면총액</TH>
<TH ROWSPAN="2" VALIGN="MIDDLE" WIDTH="114" HEIGHT="76" ACOPYCOL="Y" ADELETECOL="Y" AMOVECOL="N">비  고</TH>
</TR>

<TR ACOPY="Y" ADELETE="Y" HEIGHT="53">
<TH VALIGN="MIDDLE" WIDTH="105" HEIGHT="46" ACOPYCOL="Y" ADELETECOL="Y" AMOVECOL="N">발행가액(A)</TH>
<TH VALIGN="MIDDLE" WIDTH="115" HEIGHT="46" ACOPYCOL="Y" ADELETECOL="Y" AMOVECOL="N">수량(B)</TH>
<TH VALIGN="MIDDLE" WIDTH="115" HEIGHT="46" ACOPYCOL="Y" ADELETECOL="Y" AMOVECOL="N">발행총액(A×B)</TH>
</TR>
</THEAD>

<TBODY>

<TR ACOPY="Y" ADELETE="Y" HEIGHT="30">
<TD ALIGN="CENTER" VALIGN="MIDDLE" WIDTH="115" HEIGHT="23">모    집(a)</TD>
<TD ALIGN="CENTER" WIDTH="125" HEIGHT="23">14,925,000,000</TD>
<TD ALIGN="CENTER" WIDTH="105" HEIGHT="23">9,950</TD>
<TD ALIGN="CENTER" WIDTH="115" HEIGHT="23">609,600</TD>
<TD ALIGN="CENTER" WIDTH="115" HEIGHT="23">6,065,520,000</TD>
<TD ALIGN="CENTER" WIDTH="115" HEIGHT="23">6,065,520,000</TD>
<TD WIDTH="114" HEIGHT="23" ALIGN="CENTER"></TD>
</TR>

<TR ACOPY="Y" ADELETE="Y" HEIGHT="30">
<TD ALIGN="CENTER" VALIGN="MIDDLE" WIDTH="115" HEIGHT="23">매    출(b)</TD>
<TD ALIGN="CENTER" WIDTH="125" HEIGHT="23">0</TD>
<TD ALIGN="CENTER" WIDTH="105" HEIGHT="23">0</TD>
<TD ALIGN="CENTER" WIDTH="115" HEIGHT="23">0</TD>
<TD ALIGN="CENTER" WIDTH="115" HEIGHT="23">0</TD>
<TD ALIGN="CENTER" WIDTH="115" HEIGHT="23">0</TD>
<TD WIDTH="114" HEIGHT="23" ALIGN="CENTER"></TD>
</TR>

<TR ACOPY="Y" ADELETE="Y" HEIGHT="30">
<TD ALIGN="CENTER" VALIGN="MIDDLE" WIDTH="115" HEIGHT="23">총계(a + b)</TD>
<TD ALIGN="CENTER" WIDTH="125" HEIGHT="23">14,925,000,000</TD>
<TD ALIGN="CENTER" WIDTH="105" HEIGHT="23">9,950</TD>
<TD ALIGN="CENTER" WIDTH="115" HEIGHT="23">609,600</TD>
<TD ALIGN="CENTER" WIDTH="115" HEIGHT="23">6,065,520,000</TD>
<TD ALIGN="CENTER" WIDTH="115" HEIGHT="23">6,065,520,000</TD>
<TD WIDTH="114" HEIGHT="23" ALIGN="CENTER"></TD>
</TR>
</TBODY>
</TABLE>
<P></P>

<TABLE ACLASS="NORMAL" AFIXTABLE="N" WIDTH="711" BORDER="0">

<COLGROUP WIDTH="711">
<COL WIDTH="79"></COL>
<COL WIDTH="504"></COL>
<COL WIDTH="20"></COL>
<COL WIDTH="108"></COL>
</COLGROUP>

<TBODY>

<TR ACOPY="Y" ADELETE="Y" HEIGHT="30">
<TD WIDTH="70" HEIGHT="23">[종목명 :</TD>
<TD WIDTH="495" HEIGHT="23">미래에셋증권 제3816회 파생결합사채(ELB)</TD>
<TD WIDTH="11" HEIGHT="23">]</TD>
<TD ALIGN="RIGHT" VALIGN="BOTTOM" WIDTH="99" HEIGHT="23">(단위 : 원, 주)</TD>
</TR>
</TBODY>
</TABLE>

<TABLE ACLASS="NORMAL" AFIXTABLE="N" WIDTH="867" BORDER="1">

<COLGROUP WIDTH="867">
<COL WIDTH="124"></COL>
<COL WIDTH="134"></COL>
<COL WIDTH="114"></COL>
<COL WIDTH="124"></COL>
<COL WIDTH="124"></COL>
<COL WIDTH="124"></COL>
<COL WIDTH="123"></COL>
</COLGROUP>

<THEAD>

<TR ACOPY="Y" ADELETE="Y" HEIGHT="30">
<TH ROWSPAN="2" VALIGN="MIDDLE" WIDTH="115" HEIGHT="76" ACOPYCOL="Y" ADELETECOL="Y" AMOVECOL="N">구    분</TH>
<TH ROWSPAN="2" VALIGN="MIDDLE" WIDTH="125" HEIGHT="76" ACOPYCOL="Y" ADELETECOL="Y" AMOVECOL="N">신고서상발행예정총액</TH>
<TH COLSPAN="3" VALIGN="MIDDLE" WIDTH="353" HEIGHT="23" ACOPYCOL="Y" ADELETECOL="Y" AMOVECOL="N">실제 자금조달총액</TH>
<TH ROWSPAN="2" VALIGN="MIDDLE" WIDTH="115" HEIGHT="76" ACOPYCOL="Y" ADELETECOL="Y" AMOVECOL="N">확정권면총액</TH>
<TH ROWSPAN="2" VALIGN="MIDDLE" WIDTH="114" HEIGHT="76" ACOPYCOL="Y" ADELETECOL="Y" AMOVECOL="N">비  고</TH>
</TR>

<TR ACOPY="Y" ADELETE="Y" HEIGHT="53">
<TH VALIGN="MIDDLE" WIDTH="105" HEIGHT="46" ACOPYCOL="Y" ADELETECOL="Y" AMOVECOL="N">발행가액(A)</TH>
<TH VALIGN="MIDDLE" WIDTH="115" HEIGHT="46" ACOPYCOL="Y" ADELETECOL="Y" AMOVECOL="N">수량(B)</TH>
<TH VALIGN="MIDDLE" WIDTH="115" HEIGHT="46" ACOPYCOL="Y" ADELETECOL="Y" AMOVECOL="N">발행총액(A×B)</TH>
</TR>
</THEAD>

<TBODY>

<TR ACOPY="Y" ADELETE="Y" HEIGHT="30">
<TD ALIGN="CENTER" VALIGN="MIDDLE" WIDTH="115" HEIGHT="23">모    집(a)</TD>
<TD ALIGN="CENTER" WIDTH="125" HEIGHT="23">14,925,000,000</TD>
<TD ALIGN="CENTER" WIDTH="105" HEIGHT="23">9,950</TD>
<TD ALIGN="CENTER" WIDTH="115" HEIGHT="23">360,800</TD>
<TD ALIGN="CENTER" WIDTH="115" HEIGHT="23">3,589,960,000</TD>
<TD ALIGN="CENTER" WIDTH="115" HEIGHT="23">3,589,960,000</TD>
<TD WIDTH="114" HEIGHT="23" ALIGN="CENTER"></TD>
</TR>

<TR ACOPY="Y" ADELETE="Y" HEIGHT="30">
<TD ALIGN="CENTER" VALIGN="MIDDLE" WIDTH="115" HEIGHT="23">매    출(b)</TD>
<TD ALIGN="CENTER" WIDTH="125" HEIGHT="23">0</TD>
<TD ALIGN="CENTER" WIDTH="105" HEIGHT="23">0</TD>
<TD ALIGN="CENTER" WIDTH="115" HEIGHT="23">0</TD>
<TD ALIGN="CENTER" WIDTH="115" HEIGHT="23">0</TD>
<TD ALIGN="CENTER" WIDTH="115" HEIGHT="23">0</TD>
<TD WIDTH="114" HEIGHT="23" ALIGN="CENTER"></TD>
</TR>

<TR ACOPY="Y" ADELETE="Y" HEIGHT="30">
<TD ALIGN="CENTER" VALIGN="MIDDLE" WIDTH="115" HEIGHT="23">총계(a + b)</TD>
<TD ALIGN="CENTER" WIDTH="125" HEIGHT="23">14,925,000,000</TD>
<TD ALIGN="CENTER" WIDTH="105" HEIGHT="23">9,950</TD>
<TD ALIGN="CENTER" WIDTH="115" HEIGHT="23">360,800</TD>
<TD ALIGN="CENTER" WIDTH="115" HEIGHT="23">3,589,960,000</TD>
<TD ALIGN="CENTER" WIDTH="115" HEIGHT="23">3,589,960,000</TD>
<TD WIDTH="114" HEIGHT="23" ALIGN="CENTER"></TD>
</TR>
</TBODY>
</TABLE>
<P></P>
<P>나. 발행비용</P>

<TABLE ACLASS="NORMAL" AFIXTABLE="N" WIDTH="600" BORDER="0">

<COLGROUP WIDTH="600">
<COL WIDTH="600"></COL>
</COLGROUP>

<TBODY>

<TR ACOPY="Y" ADELETE="Y" HEIGHT="30">
<TD ALIGN="RIGHT" WIDTH="591" HEIGHT="23">(단위 : 원, 주)</TD>
</TR>
</TBODY>
</TABLE>

<TABLE ACLASS="NORMAL" AFIXTABLE="N" BORDER="1" WIDTH="706">

<COLGROUP WIDTH="706">
<COL WIDTH="364"></COL>
<COL WIDTH="95"></COL>
<COL WIDTH="97"></COL>
<COL WIDTH="71"></COL>
<COL WIDTH="79"></COL>
</COLGROUP>

<TBODY>

<TR ACOPY="Y" ADELETE="Y" HEIGHT="30">
<TD WIDTH="355" HEIGHT="23" ALIGN="CENTER" VALIGN="MIDDLE">구분</TD>
<TD WIDTH="86" HEIGHT="23" ALIGN="CENTER" VALIGN="MIDDLE">인수수수료</TD>
<TD WIDTH="88" HEIGHT="23" ALIGN="CENTER" VALIGN="MIDDLE">발행분담금</TD>
<TD WIDTH="62" HEIGHT="23" ALIGN="CENTER" VALIGN="MIDDLE">보증료</TD>
<TD WIDTH="70" HEIGHT="23" ALIGN="CENTER" VALIGN="MIDDLE">기타비용</TD>
</TR>

<TR ACOPY="Y" ADELETE="Y" HEIGHT="30">
<TD WIDTH="355" HEIGHT="23" ALIGN="CENTER">미래에셋증권 제3814회 파생결합사채(ELB)</TD>
<TD WIDTH="86" HEIGHT="23" ALIGN="CENTER"></TD>
<TD WIDTH="88" HEIGHT="23" ALIGN="CENTER">51,740</TD>
<TD WIDTH="62" HEIGHT="23" ALIGN="CENTER"></TD>
<TD WIDTH="70" HEIGHT="23" ALIGN="CENTER"></TD>
</TR>

<TR ACOPY="Y" ADELETE="Y" HEIGHT="30">
<TD WIDTH="355" HEIGHT="23" ALIGN="CENTER">미래에셋증권 제3815회 파생결합사채(ELB)</TD>
<TD WIDTH="86" HEIGHT="23" ALIGN="CENTER"></TD>
<TD WIDTH="88" HEIGHT="23" ALIGN="CENTER">303,270</TD>
<TD WIDTH="62" HEIGHT="23" ALIGN="CENTER"></TD>
<TD WIDTH="70" HEIGHT="23" ALIGN="CENTER"></TD>
</TR>

<TR ACOPY="Y" ADELETE="Y" HEIGHT="30">
<TD WIDTH="355" HEIGHT="23" ALIGN="CENTER">미래에셋증권 제3816회 파생결합사채(ELB)</TD>
<TD WIDTH="86" HEIGHT="23" ALIGN="CENTER"></TD>
<TD WIDTH="88" HEIGHT="23" ALIGN="CENTER">179,490</TD>
<TD WIDTH="62" HEIGHT="23" ALIGN="CENTER"></TD>
<TD WIDTH="70" HEIGHT="23" ALIGN="CENTER"></TD>
</TR>
</TBODY>
</TABLE>
<P></P>
<P>다. 자금사용예정내역</P>
<P>제3814-3816회 : 당해 증권의 발행으로 조달된 자금은 향후 발행조건에 의한 만기상환의 안정적인 지급을 위하여 우량채권의 매입 및 파생상품 거래등을 포함한 위험회피(헷지)거래에 사용합니다.</P>
</SECTION-2>

<SECTION-2 ACLASS="MANDATORY">
<TITLE ATOC="Y" AASSOCNOTE="L-0-0-8-0" ATOCID="10" ENG="Ⅴ. Confirmed Details of the Projected Profit and Loss Structure">Ⅴ. 예상손익구조의 확정내용</TITLE>
<P>(1) 제3814회 파생결합사채(주가연계파생결합사채)</P>
<P USERMARK="F-14 B 0XFF0000">1. 상품개요</P>

<TABLE ACLASS="NORMAL" AFIXTABLE="N" BORDER="1" WIDTH="622">

<COLGROUP WIDTH="622">
<COL WIDTH="87"></COL>
<COL WIDTH="121"></COL>
<COL WIDTH="414"></COL>
</COLGROUP>

<THEAD>

<TR ACOPY="Y" ADELETE="Y" HEIGHT="30">
<TH WIDTH="199" HEIGHT="23" COLSPAN="2" USERMARK="B"> 항목</TH>
<TH WIDTH="405" HEIGHT="23" USERMARK="B">내용</TH>
</TR>
</THEAD>

<TBODY>

<TR ACOPY="Y" ADELETE="Y" HEIGHT="76">
<TD WIDTH="199" HEIGHT="69" COLSPAN="2" ALIGN="CENTER" USERMARK="B">종목명</TD>
<TD WIDTH="405" HEIGHT="69" ALIGN="CENTER" USERMARK="B">미래에셋증권 제3814회 파생결합사채(주가연계파생결합사채)(낮은위험)(상품위험등급:5등급)</TD>
</TR>

<TR ACOPY="Y" ADELETE="Y" HEIGHT="30">
<TD WIDTH="199" HEIGHT="23" COLSPAN="2" ALIGN="CENTER" USERMARK="B">기초자산</TD>
<TD WIDTH="405" HEIGHT="23" USERMARK="B" ALIGN="CENTER">삼성전자 보통주</TD>
</TR>

<TR ACOPY="Y" ADELETE="Y" HEIGHT="30">
<TD WIDTH="199" HEIGHT="23" COLSPAN="2" ALIGN="CENTER" USERMARK="B">모 집 총 액</TD>
<TD WIDTH="405" HEIGHT="23" ALIGN="CENTER">14,925,000,000원</TD>
</TR>

<TR ACOPY="Y" ADELETE="Y" HEIGHT="30">
<TD WIDTH="199" HEIGHT="23" COLSPAN="2" ALIGN="CENTER" USERMARK="B">1증권당 액면가액</TD>
<TD WIDTH="405" HEIGHT="23" ALIGN="CENTER">10,000원</TD>
</TR>

<TR ACOPY="Y" ADELETE="Y" HEIGHT="30">
<TD WIDTH="199" HEIGHT="23" COLSPAN="2" ALIGN="CENTER" USERMARK="B">1증권당 발행가액</TD>
<TD WIDTH="405" HEIGHT="23" ALIGN="CENTER">9,950원</TD>
</TR>

<TR ACOPY="Y" ADELETE="Y" HEIGHT="30">
<TD WIDTH="199" HEIGHT="23" COLSPAN="2" ALIGN="CENTER" USERMARK="B">발행 수량</TD>
<TD WIDTH="405" HEIGHT="23" ALIGN="CENTER">1,500,000증권</TD>
</TR>

<TR ACOPY="Y" ADELETE="Y" HEIGHT="30">
<TD WIDTH="199" HEIGHT="23" COLSPAN="2" ALIGN="CENTER" USERMARK="B">최소청약금액</TD>
<TD WIDTH="405" HEIGHT="23" ALIGN="CENTER">4,975,000원</TD>
</TR>

<TR ACOPY="Y" ADELETE="Y" HEIGHT="30">
<TD WIDTH="78" HEIGHT="76" ROWSPAN="2" ALIGN="CENTER" USERMARK="B">청약기간</TD>
<TD WIDTH="112" HEIGHT="23" ALIGN="CENTER" USERMARK="B">청약시작일</TD>
<TD WIDTH="405" HEIGHT="23" ALIGN="CENTER">2026년 01월 05일</TD>
</TR>

<TR ACOPY="Y" ADELETE="Y" HEIGHT="53">
<TD WIDTH="112" HEIGHT="46" ALIGN="CENTER" USERMARK="B">청약종료일</TD>

<TD WIDTH="405" HEIGHT="46" ALIGN="CENTER">2026년 01월 05일
<SPAN USERMARK="B">(청약기간이후 청약취소 불가)</SPAN>
</TD>
</TR>

<TR ACOPY="Y" ADELETE="Y" HEIGHT="30">
<TD WIDTH="199" HEIGHT="23" COLSPAN="2" ALIGN="CENTER" USERMARK="B">납 입 일</TD>
<TD WIDTH="405" HEIGHT="23" ALIGN="CENTER">2026년 01월 05일</TD>
</TR>

<TR ACOPY="Y" ADELETE="Y" HEIGHT="30">
<TD WIDTH="199" HEIGHT="23" COLSPAN="2" ALIGN="CENTER" USERMARK="B">배정 및 환불일</TD>
<TD WIDTH="405" HEIGHT="23" ALIGN="CENTER">2026년 01월 05일</TD>
</TR>

<TR ACOPY="Y" ADELETE="Y" HEIGHT="30">
<TD WIDTH="199" HEIGHT="23" COLSPAN="2" ALIGN="CENTER" USERMARK="B">발 행 일</TD>
<TD WIDTH="405" HEIGHT="23" ALIGN="CENTER">2026년 01월 05일</TD>
</TR>

<TR ACOPY="Y" ADELETE="Y" HEIGHT="30">
<TD WIDTH="199" HEIGHT="23" COLSPAN="2" ALIGN="CENTER" USERMARK="B">전자등록기관</TD>
<TD WIDTH="405" HEIGHT="23" ALIGN="CENTER">한국예탁결제원</TD>
</TR>

<TR ACOPY="Y" ADELETE="Y" HEIGHT="30">
<TD WIDTH="199" HEIGHT="23" COLSPAN="2" ALIGN="CENTER" USERMARK="B">증권의 상장여부</TD>
<TD WIDTH="405" HEIGHT="23" ALIGN="CENTER">비상장</TD>
</TR>

<TR ACOPY="Y" ADELETE="Y" HEIGHT="53">
<TD WIDTH="199" HEIGHT="46" COLSPAN="2" ALIGN="CENTER" USERMARK="B">자동조기상환</TD>
<TD WIDTH="405" HEIGHT="46" ALIGN="CENTER">자세한 내용은 본 일괄신고추가서류'II. 증권의 권리내용 2. 권리의 내용'을 참조하시기 바랍니다.</TD>
</TR>

<TR ACOPY="Y" ADELETE="Y" HEIGHT="30">
<TD WIDTH="199" HEIGHT="23" COLSPAN="2" ALIGN="CENTER" USERMARK="B">자동조기상환시 결제방법</TD>
<TD WIDTH="405" HEIGHT="23" ALIGN="CENTER">현금결제</TD>
</TR>

<TR ACOPY="Y" ADELETE="Y" HEIGHT="53">
<TD WIDTH="199" HEIGHT="46" COLSPAN="2" ALIGN="CENTER" USERMARK="B">자동조기상환일[자동조기상환금액 지급일]</TD>
<TD WIDTH="405" HEIGHT="46" ALIGN="CENTER">해당 자동조기상환평가일(불포함) 후 2영업일</TD>
</TR>

<TR ACOPY="Y" ADELETE="Y" HEIGHT="30">
<TD WIDTH="199" HEIGHT="23" COLSPAN="2" ALIGN="CENTER" USERMARK="B">만 기 일</TD>
<TD WIDTH="405" HEIGHT="23" ALIGN="CENTER">2029년 01월 09일</TD>
</TR>

<TR ACOPY="Y" ADELETE="Y" HEIGHT="53">
<TD WIDTH="199" HEIGHT="46" COLSPAN="2" ALIGN="CENTER" USERMARK="B">만기상환</TD>
<TD WIDTH="405" HEIGHT="46" ALIGN="CENTER">자세한 내용은 본 일괄신고추가서류'II. 증권의 권리내용 2. 권리의 내용'을 참조하시기 바랍니다.</TD>
</TR>

<TR ACOPY="Y" ADELETE="Y" HEIGHT="30">
<TD WIDTH="199" HEIGHT="23" COLSPAN="2" ALIGN="CENTER" USERMARK="B">만기시 결제방법</TD>
<TD WIDTH="405" HEIGHT="23" ALIGN="CENTER">현금결제</TD>
</TR>

<TR ACOPY="Y" ADELETE="Y" HEIGHT="76">
<TD WIDTH="199" HEIGHT="69" COLSPAN="2" ALIGN="CENTER" USERMARK="B">발행취소에 관한 사항</TD>
<TD WIDTH="405" HEIGHT="69">청약금액의 합계가 4억 9750만원 미만일 경우, 발행인은 본 증권의 발행을 취소할 수 있습니다. 이 경우 청약금액은 환불일에 투자자들의 해당 청약계좌로 반환됩니다.</TD>
</TR>

<TR ACOPY="Y" ADELETE="Y" HEIGHT="214">
<TD WIDTH="199" HEIGHT="207" COLSPAN="2" ALIGN="CENTER" USERMARK="B">기타 유의사항</TD>
<TD WIDTH="405" HEIGHT="207">본 증권은 주식·사채 등의 전자등록에 관한 법률에 따라 전자등록기관인 한국예탁결제원을 통하여 전자등록하여 발행하고, 실물을 발행하지 않습니다. 본 증권의 보유자는 전자등록기관의 계좌관리기관등 자기계좌부 또는 계좌관리기관의 고객계좌부에의 전자등록을 통하여 본 증권을 보유합니다.자동조기상환일, 중도상환금액지급일, 월수익지급일, 만기일 등 각종 상환일이 공휴일인 경우 다음 영업일로 순연되며, 이에 대한 추가이자는 지급하지 않습니다.</TD>
</TR>
</TBODY>
</TABLE>
<P></P>
<P USERMARK="F-14 B 0XFF0000">2. 권리의 내용</P>
<P USERMARK="B 0XFF0000">(1) 평가일, 관찰일 및 평가방법</P>

<P USERMARK="F-11 ">○ 
<SPAN USERMARK="B">최초기준가격</SPAN> : 최초기준가격평가일에 기초자산 종가○ 
<SPAN USERMARK="B">최초기준가격평가일</SPAN> : 2026년 01월 05일
</P>

<P USERMARK="F-11 ">○ 
<SPAN USERMARK="B">자동조기상환평가가격</SPAN> : 해당 차수 자동조기상환평가일 기초자산 종가 
</P>

<P USERMARK="F-11 ">○
<SPAN USERMARK="B"> 자동조기상환평가일 및 상환금액</SPAN> :
</P>

<TABLE ACLASS="NORMAL" WIDTH="600" BORDER="1" AFIXTABLE="N">

<COLGROUP WIDTH="600">
<COL WIDTH="81"></COL>
<COL WIDTH="259"></COL>
<COL WIDTH="260"></COL>
</COLGROUP>

<THEAD>

<TR ACOPY="Y" ADELETE="Y" HEIGHT="30">
<TH WIDTH="72" HEIGHT="23" USERMARK="B">차수</TH>
<TH WIDTH="250" HEIGHT="23" USERMARK="B">자동조기상환평가일</TH>
<TH WIDTH="251" HEIGHT="23" USERMARK="B">상환금액</TH>
</TR>
</THEAD>

<TBODY>

<TR ACOPY="Y" ADELETE="Y" HEIGHT="30">
<TD ALIGN="CENTER" VALIGN="MIDDLE" WIDTH="72" HEIGHT="23">1차</TD>
<TD ALIGN="CENTER" VALIGN="MIDDLE" WIDTH="250" HEIGHT="23">2026년 07월 06일</TD>
<TD ALIGN="CENTER" VALIGN="MIDDLE" WIDTH="251" HEIGHT="23">액면금액 × 102.225%</TD>
</TR>

<TR ACOPY="Y" ADELETE="Y" HEIGHT="30">
<TD ALIGN="CENTER" VALIGN="MIDDLE" WIDTH="72" HEIGHT="23">2차</TD>
<TD ALIGN="CENTER" VALIGN="MIDDLE" WIDTH="250" HEIGHT="23">2027년 01월 05일</TD>
<TD ALIGN="CENTER" VALIGN="MIDDLE" WIDTH="251" HEIGHT="23">액면금액 × 104.45%</TD>
</TR>

<TR ACOPY="Y" ADELETE="Y" HEIGHT="30">
<TD ALIGN="CENTER" VALIGN="MIDDLE" WIDTH="72" HEIGHT="23">3차</TD>
<TD ALIGN="CENTER" VALIGN="MIDDLE" WIDTH="250" HEIGHT="23">2027년 07월 05일</TD>
<TD ALIGN="CENTER" VALIGN="MIDDLE" WIDTH="251" HEIGHT="23">액면금액 × 106.675%</TD>
</TR>

<TR ACOPY="Y" ADELETE="Y" HEIGHT="30">
<TD ALIGN="CENTER" VALIGN="MIDDLE" WIDTH="72" HEIGHT="23">4차</TD>
<TD ALIGN="CENTER" VALIGN="MIDDLE" WIDTH="250" HEIGHT="23">2028년 01월 05일</TD>
<TD ALIGN="CENTER" VALIGN="MIDDLE" WIDTH="251" HEIGHT="23">액면금액 × 108.90%</TD>
</TR>

<TR ACOPY="Y" ADELETE="Y" HEIGHT="30">
<TD ALIGN="CENTER" VALIGN="MIDDLE" WIDTH="72" HEIGHT="23">5차</TD>
<TD ALIGN="CENTER" VALIGN="MIDDLE" WIDTH="250" HEIGHT="23">2028년 07월 05일</TD>
<TD ALIGN="CENTER" VALIGN="MIDDLE" WIDTH="251" HEIGHT="23">액면금액 × 111.125%</TD>
</TR>
</TBODY>
</TABLE>

<P USERMARK="F-11 ">○ 
<SPAN USERMARK="B">자동조기상환일</SPAN> : 해당 차수 자동조기상환평가일(불포함) 후 2영업일 
</P>

<P USERMARK="F-11 ">○ 
<SPAN USERMARK="B">만기평가가격</SPAN> : 만기평가일 기초자산 종가○ 
<SPAN USERMARK="B">만기평가일</SPAN> : 2029년 01월 05일
</P>
<P USERMARK="B 0XFF0000">(2) 손익구조</P>

<TABLE ACLASS="NORMAL" WIDTH="627" BORDER="1">

<COLGROUP WIDTH="627">
<COL WIDTH="74"></COL>
<COL WIDTH="437"></COL>
<COL WIDTH="116"></COL>
</COLGROUP>

<THEAD>

<TR ACOPY="Y" ADELETE="Y" HEIGHT="30">
<TH WIDTH="65" HEIGHT="23" USERMARK="B">구분</TH>
<TH WIDTH="428" HEIGHT="23" USERMARK="B">내용</TH>
<TH WIDTH="107" HEIGHT="23" USERMARK="B">투자수익률</TH>
</TR>
</THEAD>

<TBODY>

<TR ACOPY="Y" ADELETE="Y" HEIGHT="467">
<TD ALIGN="CENTER" VALIGN="MIDDLE" WIDTH="65" USERMARK="B" HEIGHT="460">자동조기상환</TD>

<TD WIDTH="428" HEIGHT="460">
<SPAN>(1) 1차 자동조기상환평가일에 기초자산의 자동조기상환평가가격이 </SPAN>
<SPAN USERMARK="BU">최초기준가격의 [90%] 이상인 경우</SPAN>
<SPAN>-> 액면금액 * 102.225% 지급(2) 2차 자동조기상환평가일에 기초자산의 자동조기상환평가가격이 </SPAN>
<SPAN USERMARK="BU">최초기준가격의 [90%] 이상인 경우</SPAN>
<SPAN>-> 액면금액 * 104.45% 지급(3) 3차 자동조기상환평가일에 기초자산의 자동조기상환평가가격이 </SPAN>
<SPAN USERMARK="BU">최초기준가격의 [90%] 이상인 경우</SPAN>
<SPAN>-> 액면금액 * 106.675% 지급(4) 4차 자동조기상환평가일에 기초자산의 자동조기상환평가가격이 </SPAN>
<SPAN USERMARK="BU">최초기준가격의 [90%] 이상인 경우</SPAN>
<SPAN>-> 액면금액 * 108.90% 지급(5) 5차 자동조기상환평가일에 기초자산의 자동조기상환평가가격이 </SPAN>
<SPAN USERMARK="BU">최초기준가격의 [90%] 이상인 경우</SPAN>
<SPAN>-> 액면금액 * 111.125% 지급</SPAN>
</TD>
<TD ALIGN="CENTER" VALIGN="MIDDLE" WIDTH="107" HEIGHT="460">연 4.45%</TD>
</TR>

<TR ACOPY="Y" ADELETE="Y" HEIGHT="53">
<TD ALIGN="CENTER" VALIGN="MIDDLE" WIDTH="65" ROWSPAN="2" USERMARK="B" HEIGHT="99">만기상환</TD>

<TD VALIGN="MIDDLE" WIDTH="428" HEIGHT="46">
<SPAN>(6) </SPAN>
<SPAN USERMARK="BU">기초자산의 만기평가가격이 최초기준가격의 [90%] 이상인 경우</SPAN>
</TD>
<TD ALIGN="CENTER" VALIGN="MIDDLE" WIDTH="107" HEIGHT="46">13.35%(연 4.45%)</TD>
</TR>

<TR ACOPY="Y" ADELETE="Y" HEIGHT="53">

<TD VALIGN="MIDDLE" WIDTH="428" HEIGHT="46">
<SPAN>(7) </SPAN>
<SPAN USERMARK="BU 0X0000FF">기초자산의 만기평가가격이 최초기준가격의 [90%] 미만인 경우</SPAN>
</TD>
<TD ALIGN="CENTER" WIDTH="107" VALIGN="MIDDLE" HEIGHT="46">0%(액면금액 지급)</TD>
</TR>
</TBODY>
</TABLE>
<P></P>
<P>* 기재된 연 수익률은 상품별 비교 및 투자자의 이해를 돕기 위해 연 단위로 표시한 것이며, 발행일로부터 지급일까지 일할 계산하는 경우와 다를 수 있습니다.</P>
<P></P>
<P>(2) 제3815회 파생결합사채(주가연계파생결합사채)</P>
<P USERMARK="F-14 B 0XFF0000">1. 상품개요</P>

<TABLE ACLASS="NORMAL" AFIXTABLE="N" BORDER="1" WIDTH="622">

<COLGROUP WIDTH="622">
<COL WIDTH="87"></COL>
<COL WIDTH="121"></COL>
<COL WIDTH="414"></COL>
</COLGROUP>

<THEAD>

<TR ACOPY="Y" ADELETE="Y" HEIGHT="30">
<TH WIDTH="199" HEIGHT="23" COLSPAN="2" USERMARK="B"> 항목</TH>
<TH WIDTH="405" HEIGHT="23" USERMARK="B">내용</TH>
</TR>
</THEAD>

<TBODY>

<TR ACOPY="Y" ADELETE="Y" HEIGHT="76">
<TD WIDTH="199" HEIGHT="69" COLSPAN="2" ALIGN="CENTER" USERMARK="B">종목명</TD>
<TD WIDTH="405" HEIGHT="69" ALIGN="CENTER" USERMARK="B">미래에셋증권 제3815회 파생결합사채(주가연계파생결합사채)(낮은위험)(상품위험등급:5등급)</TD>
</TR>

<TR ACOPY="Y" ADELETE="Y" HEIGHT="30">
<TD WIDTH="199" HEIGHT="23" COLSPAN="2" ALIGN="CENTER" USERMARK="B">기초자산</TD>
<TD WIDTH="405" HEIGHT="23" USERMARK="B" ALIGN="CENTER">삼성전자 보통주</TD>
</TR>

<TR ACOPY="Y" ADELETE="Y" HEIGHT="30">
<TD WIDTH="199" HEIGHT="23" COLSPAN="2" ALIGN="CENTER" USERMARK="B">모 집 총 액</TD>
<TD WIDTH="405" HEIGHT="23" ALIGN="CENTER">14,925,000,000원</TD>
</TR>

<TR ACOPY="Y" ADELETE="Y" HEIGHT="30">
<TD WIDTH="199" HEIGHT="23" COLSPAN="2" ALIGN="CENTER" USERMARK="B">1증권당 액면가액</TD>
<TD WIDTH="405" HEIGHT="23" ALIGN="CENTER">10,000원</TD>
</TR>

<TR ACOPY="Y" ADELETE="Y" HEIGHT="30">
<TD WIDTH="199" HEIGHT="23" COLSPAN="2" ALIGN="CENTER" USERMARK="B">1증권당 발행가액</TD>
<TD WIDTH="405" HEIGHT="23" ALIGN="CENTER">9,950원</TD>
</TR>

<TR ACOPY="Y" ADELETE="Y" HEIGHT="30">
<TD WIDTH="199" HEIGHT="23" COLSPAN="2" ALIGN="CENTER" USERMARK="B">발행 수량</TD>
<TD WIDTH="405" HEIGHT="23" ALIGN="CENTER">1,500,000증권</TD>
</TR>

<TR ACOPY="Y" ADELETE="Y" HEIGHT="30">
<TD WIDTH="199" HEIGHT="23" COLSPAN="2" ALIGN="CENTER" USERMARK="B">최소청약금액</TD>
<TD WIDTH="405" HEIGHT="23" ALIGN="CENTER">4,975,000원</TD>
</TR>

<TR ACOPY="Y" ADELETE="Y" HEIGHT="30">
<TD WIDTH="78" HEIGHT="76" ROWSPAN="2" ALIGN="CENTER" USERMARK="B">청약기간</TD>
<TD WIDTH="112" HEIGHT="23" ALIGN="CENTER" USERMARK="B">청약시작일</TD>
<TD WIDTH="405" HEIGHT="23" ALIGN="CENTER">2026년 01월 05일</TD>
</TR>

<TR ACOPY="Y" ADELETE="Y" HEIGHT="53">
<TD WIDTH="112" HEIGHT="46" ALIGN="CENTER" USERMARK="B">청약종료일</TD>

<TD WIDTH="405" HEIGHT="46" ALIGN="CENTER">2026년 01월 05일
<SPAN USERMARK="B">(청약기간이후 청약취소 불가)</SPAN>
</TD>
</TR>

<TR ACOPY="Y" ADELETE="Y" HEIGHT="30">
<TD WIDTH="199" HEIGHT="23" COLSPAN="2" ALIGN="CENTER" USERMARK="B">납 입 일</TD>
<TD WIDTH="405" HEIGHT="23" ALIGN="CENTER">2026년 01월 05일</TD>
</TR>

<TR ACOPY="Y" ADELETE="Y" HEIGHT="30">
<TD WIDTH="199" HEIGHT="23" COLSPAN="2" ALIGN="CENTER" USERMARK="B">배정 및 환불일</TD>
<TD WIDTH="405" HEIGHT="23" ALIGN="CENTER">2026년 01월 05일</TD>
</TR>

<TR ACOPY="Y" ADELETE="Y" HEIGHT="30">
<TD WIDTH="199" HEIGHT="23" COLSPAN="2" ALIGN="CENTER" USERMARK="B">발 행 일</TD>
<TD WIDTH="405" HEIGHT="23" ALIGN="CENTER">2026년 01월 05일</TD>
</TR>

<TR ACOPY="Y" ADELETE="Y" HEIGHT="30">
<TD WIDTH="199" HEIGHT="23" COLSPAN="2" ALIGN="CENTER" USERMARK="B">전자등록기관</TD>
<TD WIDTH="405" HEIGHT="23" ALIGN="CENTER">한국예탁결제원</TD>
</TR>

<TR ACOPY="Y" ADELETE="Y" HEIGHT="30">
<TD WIDTH="199" HEIGHT="23" COLSPAN="2" ALIGN="CENTER" USERMARK="B">증권의 상장여부</TD>
<TD WIDTH="405" HEIGHT="23" ALIGN="CENTER">비상장</TD>
</TR>

<TR ACOPY="Y" ADELETE="Y" HEIGHT="53">
<TD WIDTH="199" HEIGHT="46" COLSPAN="2" ALIGN="CENTER" USERMARK="B">자동조기상환</TD>
<TD WIDTH="405" HEIGHT="46" ALIGN="CENTER">자세한 내용은 본 일괄신고추가서류'II. 증권의 권리내용 2. 권리의 내용'을 참조하시기 바랍니다.</TD>
</TR>

<TR ACOPY="Y" ADELETE="Y" HEIGHT="30">
<TD WIDTH="199" HEIGHT="23" COLSPAN="2" ALIGN="CENTER" USERMARK="B">자동조기상환시 결제방법</TD>
<TD WIDTH="405" HEIGHT="23" ALIGN="CENTER">현금결제</TD>
</TR>

<TR ACOPY="Y" ADELETE="Y" HEIGHT="53">
<TD WIDTH="199" HEIGHT="46" COLSPAN="2" ALIGN="CENTER" USERMARK="B">자동조기상환일[자동조기상환금액 지급일]</TD>
<TD WIDTH="405" HEIGHT="46" ALIGN="CENTER">해당 자동조기상환평가일(불포함) 후 2영업일</TD>
</TR>

<TR ACOPY="Y" ADELETE="Y" HEIGHT="30">
<TD WIDTH="199" HEIGHT="23" COLSPAN="2" ALIGN="CENTER" USERMARK="B">만 기 일</TD>
<TD WIDTH="405" HEIGHT="23" ALIGN="CENTER">2029년 01월 09일</TD>
</TR>

<TR ACOPY="Y" ADELETE="Y" HEIGHT="53">
<TD WIDTH="199" HEIGHT="46" COLSPAN="2" ALIGN="CENTER" USERMARK="B">만기상환</TD>
<TD WIDTH="405" HEIGHT="46" ALIGN="CENTER">자세한 내용은 본 일괄신고추가서류'II. 증권의 권리내용 2. 권리의 내용'을 참조하시기 바랍니다.</TD>
</TR>

<TR ACOPY="Y" ADELETE="Y" HEIGHT="30">
<TD WIDTH="199" HEIGHT="23" COLSPAN="2" ALIGN="CENTER" USERMARK="B">만기시 결제방법</TD>
<TD WIDTH="405" HEIGHT="23" ALIGN="CENTER">현금결제</TD>
</TR>

<TR ACOPY="Y" ADELETE="Y" HEIGHT="76">
<TD WIDTH="199" HEIGHT="69" COLSPAN="2" ALIGN="CENTER" USERMARK="B">발행취소에 관한 사항</TD>
<TD WIDTH="405" HEIGHT="69">청약금액의 합계가 4억 9750만원 미만일 경우, 발행인은 본 증권의 발행을 취소할 수 있습니다. 이 경우 청약금액은 환불일에 투자자들의 해당 청약계좌로 반환됩니다.</TD>
</TR>

<TR ACOPY="Y" ADELETE="Y" HEIGHT="214">
<TD WIDTH="199" HEIGHT="207" COLSPAN="2" ALIGN="CENTER" USERMARK="B">기타 유의사항</TD>
<TD WIDTH="405" HEIGHT="207">본 증권은 주식·사채 등의 전자등록에 관한 법률에 따라 전자등록기관인 한국예탁결제원을 통하여 전자등록하여 발행하고, 실물을 발행하지 않습니다. 본 증권의 보유자는 전자등록기관의 계좌관리기관등 자기계좌부 또는 계좌관리기관의 고객계좌부에의 전자등록을 통하여 본 증권을 보유합니다.자동조기상환일, 중도상환금액지급일, 월수익지급일, 만기일 등 각종 상환일이 공휴일인 경우 다음 영업일로 순연되며, 이에 대한 추가이자는 지급하지 않습니다.</TD>
</TR>
</TBODY>
</TABLE>
<P></P>
<P USERMARK="F-14 B 0XFF0000">2. 권리의 내용</P>
<P USERMARK="B 0XFF0000">(1) 평가일, 관찰일 및 평가방법</P>

<P USERMARK="F-11 ">○ 
<SPAN USERMARK="B">최초기준가격</SPAN> : 최초기준가격평가일에 기초자산 종가○ 
<SPAN USERMARK="B">최초기준가격평가일</SPAN> : 2026년 01월 05일
</P>

<P USERMARK="F-11 ">○
<SPAN USERMARK="B">월 수익 지급평가일</SPAN>
</P>

<TABLE ACLASS="NORMAL" AFIXTABLE="N" WIDTH="446" BORDER="1">

<COLGROUP WIDTH="446">
<COL WIDTH="77"></COL>
<COL WIDTH="146"></COL>
<COL WIDTH="77"></COL>
<COL WIDTH="146"></COL>
</COLGROUP>

<THEAD>

<TR ACOPY="Y" ADELETE="Y" HEIGHT="30">
<TH VALIGN="MIDDLE" WIDTH="68" HEIGHT="23">차수</TH>
<TH VALIGN="MIDDLE" WIDTH="137" HEIGHT="23">월수익지급평가일</TH>
<TH VALIGN="MIDDLE" WIDTH="68" HEIGHT="23">차수</TH>
<TH VALIGN="MIDDLE" WIDTH="137" HEIGHT="23">월수익지급평가일</TH>
</TR>
</THEAD>

<TBODY>

<TR ACOPY="Y" ADELETE="Y" HEIGHT="30">
<TD VALIGN="MIDDLE" ALIGN="CENTER" WIDTH="68" HEIGHT="23">1</TD>
<TD VALIGN="MIDDLE" ALIGN="CENTER" WIDTH="137" HEIGHT="23">2026년 02월 05일</TD>
<TD VALIGN="MIDDLE" ALIGN="CENTER" WIDTH="68" HEIGHT="23">19</TD>
<TD VALIGN="MIDDLE" ALIGN="CENTER" WIDTH="137" HEIGHT="23">2027년 08월 05일</TD>
</TR>

<TR ACOPY="Y" ADELETE="Y" HEIGHT="30">
<TD VALIGN="MIDDLE" ALIGN="CENTER" WIDTH="68" HEIGHT="23">2</TD>
<TD VALIGN="MIDDLE" ALIGN="CENTER" WIDTH="137" HEIGHT="23">2026년 03월 05일</TD>
<TD VALIGN="MIDDLE" ALIGN="CENTER" WIDTH="68" HEIGHT="23">20</TD>
<TD VALIGN="MIDDLE" ALIGN="CENTER" WIDTH="137" HEIGHT="23">2027년 09월 06일</TD>
</TR>

<TR ACOPY="Y" ADELETE="Y" HEIGHT="30">
<TD VALIGN="MIDDLE" ALIGN="CENTER" WIDTH="68" HEIGHT="23">3</TD>
<TD VALIGN="MIDDLE" ALIGN="CENTER" WIDTH="137" HEIGHT="23">2026년 04월 06일</TD>
<TD VALIGN="MIDDLE" ALIGN="CENTER" WIDTH="68" HEIGHT="23">21</TD>
<TD VALIGN="MIDDLE" ALIGN="CENTER" WIDTH="137" HEIGHT="23">2027년 10월 05일</TD>
</TR>

<TR ACOPY="Y" ADELETE="Y" HEIGHT="30">
<TD VALIGN="MIDDLE" ALIGN="CENTER" WIDTH="68" HEIGHT="23">4</TD>
<TD VALIGN="MIDDLE" ALIGN="CENTER" WIDTH="137" HEIGHT="23">2026년 05월 06일</TD>
<TD VALIGN="MIDDLE" ALIGN="CENTER" WIDTH="68" HEIGHT="23">22</TD>
<TD VALIGN="MIDDLE" ALIGN="CENTER" WIDTH="137" HEIGHT="23">2027년 11월 05일</TD>
</TR>

<TR ACOPY="Y" ADELETE="Y" HEIGHT="30">
<TD VALIGN="MIDDLE" ALIGN="CENTER" WIDTH="68" HEIGHT="23">5</TD>
<TD VALIGN="MIDDLE" ALIGN="CENTER" WIDTH="137" HEIGHT="23">2026년 06월 05일</TD>
<TD VALIGN="MIDDLE" ALIGN="CENTER" WIDTH="68" HEIGHT="23">23</TD>
<TD VALIGN="MIDDLE" ALIGN="CENTER" WIDTH="137" HEIGHT="23">2027년 12월 06일</TD>
</TR>

<TR ACOPY="Y" ADELETE="Y" HEIGHT="30">
<TD VALIGN="MIDDLE" ALIGN="CENTER" WIDTH="68" HEIGHT="23">6</TD>
<TD VALIGN="MIDDLE" ALIGN="CENTER" WIDTH="137" HEIGHT="23">2026년 07월 06일</TD>
<TD VALIGN="MIDDLE" ALIGN="CENTER" WIDTH="68" HEIGHT="23">24</TD>
<TD VALIGN="MIDDLE" ALIGN="CENTER" WIDTH="137" HEIGHT="23">2028년 01월 05일</TD>
</TR>

<TR ACOPY="Y" ADELETE="Y" HEIGHT="30">
<TD VALIGN="MIDDLE" ALIGN="CENTER" WIDTH="68" HEIGHT="23">7</TD>
<TD VALIGN="MIDDLE" ALIGN="CENTER" WIDTH="137" HEIGHT="23">2026년 08월 05일</TD>
<TD VALIGN="MIDDLE" ALIGN="CENTER" WIDTH="68" HEIGHT="23">25</TD>
<TD VALIGN="MIDDLE" ALIGN="CENTER" WIDTH="137" HEIGHT="23">2028년 02월 07일</TD>
</TR>

<TR ACOPY="Y" ADELETE="Y" HEIGHT="30">
<TD VALIGN="MIDDLE" ALIGN="CENTER" WIDTH="68" HEIGHT="23">8</TD>
<TD VALIGN="MIDDLE" ALIGN="CENTER" WIDTH="137" HEIGHT="23">2026년 09월 07일</TD>
<TD VALIGN="MIDDLE" ALIGN="CENTER" WIDTH="68" HEIGHT="23">26</TD>
<TD VALIGN="MIDDLE" ALIGN="CENTER" WIDTH="137" HEIGHT="23">2028년 03월 06일</TD>
</TR>

<TR ACOPY="Y" ADELETE="Y" HEIGHT="30">
<TD VALIGN="MIDDLE" ALIGN="CENTER" WIDTH="68" HEIGHT="23">9</TD>
<TD VALIGN="MIDDLE" ALIGN="CENTER" WIDTH="137" HEIGHT="23">2026년 10월 06일</TD>
<TD VALIGN="MIDDLE" ALIGN="CENTER" WIDTH="68" HEIGHT="23">27</TD>
<TD VALIGN="MIDDLE" ALIGN="CENTER" WIDTH="137" HEIGHT="23">2028년 04월 05일</TD>
</TR>

<TR ACOPY="Y" ADELETE="Y" HEIGHT="30">
<TD VALIGN="MIDDLE" ALIGN="CENTER" WIDTH="68" HEIGHT="23">10</TD>
<TD VALIGN="MIDDLE" ALIGN="CENTER" WIDTH="137" HEIGHT="23">2026년 11월 05일</TD>
<TD VALIGN="MIDDLE" ALIGN="CENTER" WIDTH="68" HEIGHT="23">28</TD>
<TD VALIGN="MIDDLE" ALIGN="CENTER" WIDTH="137" HEIGHT="23">2028년 05월 08일</TD>
</TR>

<TR ACOPY="Y" ADELETE="Y" HEIGHT="30">
<TD VALIGN="MIDDLE" ALIGN="CENTER" WIDTH="68" HEIGHT="23">11</TD>
<TD VALIGN="MIDDLE" ALIGN="CENTER" WIDTH="137" HEIGHT="23">2026년 12월 07일</TD>
<TD VALIGN="MIDDLE" ALIGN="CENTER" WIDTH="68" HEIGHT="23">29</TD>
<TD VALIGN="MIDDLE" ALIGN="CENTER" WIDTH="137" HEIGHT="23">2028년 06월 05일</TD>
</TR>

<TR ACOPY="Y" ADELETE="Y" HEIGHT="30">
<TD VALIGN="MIDDLE" ALIGN="CENTER" WIDTH="68" HEIGHT="23">12</TD>
<TD VALIGN="MIDDLE" ALIGN="CENTER" WIDTH="137" HEIGHT="23">2027년 01월 05일</TD>
<TD VALIGN="MIDDLE" ALIGN="CENTER" WIDTH="68" HEIGHT="23">30</TD>
<TD VALIGN="MIDDLE" ALIGN="CENTER" WIDTH="137" HEIGHT="23">2028년 07월 05일</TD>
</TR>

<TR ACOPY="Y" ADELETE="Y" HEIGHT="30">
<TD VALIGN="MIDDLE" ALIGN="CENTER" WIDTH="68" HEIGHT="23">13</TD>
<TD VALIGN="MIDDLE" ALIGN="CENTER" WIDTH="137" HEIGHT="23">2027년 02월 05일</TD>
<TD VALIGN="MIDDLE" ALIGN="CENTER" WIDTH="68" HEIGHT="23">31</TD>
<TD VALIGN="MIDDLE" ALIGN="CENTER" WIDTH="137" HEIGHT="23">2028년 08월 07일</TD>
</TR>

<TR ACOPY="Y" ADELETE="Y" HEIGHT="30">
<TD VALIGN="MIDDLE" ALIGN="CENTER" WIDTH="68" HEIGHT="23">14</TD>
<TD VALIGN="MIDDLE" ALIGN="CENTER" WIDTH="137" HEIGHT="23">2027년 03월 05일</TD>
<TD VALIGN="MIDDLE" ALIGN="CENTER" WIDTH="68" HEIGHT="23">32</TD>
<TD VALIGN="MIDDLE" ALIGN="CENTER" WIDTH="137" HEIGHT="23">2028년 09월 05일</TD>
</TR>

<TR ACOPY="Y" ADELETE="Y" HEIGHT="30">
<TD VALIGN="MIDDLE" ALIGN="CENTER" WIDTH="68" HEIGHT="23">15</TD>
<TD VALIGN="MIDDLE" ALIGN="CENTER" WIDTH="137" HEIGHT="23">2027년 04월 05일</TD>
<TD VALIGN="MIDDLE" ALIGN="CENTER" WIDTH="68" HEIGHT="23">33</TD>
<TD VALIGN="MIDDLE" ALIGN="CENTER" WIDTH="137" HEIGHT="23">2028년 10월 06일</TD>
</TR>

<TR ACOPY="Y" ADELETE="Y" HEIGHT="30">
<TD VALIGN="MIDDLE" ALIGN="CENTER" WIDTH="68" HEIGHT="23">16</TD>
<TD VALIGN="MIDDLE" ALIGN="CENTER" WIDTH="137" HEIGHT="23">2027년 05월 06일</TD>
<TD VALIGN="MIDDLE" ALIGN="CENTER" WIDTH="68" HEIGHT="23">34</TD>
<TD VALIGN="MIDDLE" ALIGN="CENTER" WIDTH="137" HEIGHT="23">2028년 11월 06일</TD>
</TR>

<TR ACOPY="Y" ADELETE="Y" HEIGHT="30">
<TD VALIGN="MIDDLE" ALIGN="CENTER" WIDTH="68" HEIGHT="23">17</TD>
<TD VALIGN="MIDDLE" ALIGN="CENTER" WIDTH="137" HEIGHT="23">2027년 06월 07일</TD>
<TD VALIGN="MIDDLE" ALIGN="CENTER" WIDTH="68" HEIGHT="23">35</TD>
<TD VALIGN="MIDDLE" ALIGN="CENTER" WIDTH="137" HEIGHT="23">2028년 12월 05일</TD>
</TR>

<TR ACOPY="Y" ADELETE="Y" HEIGHT="30">
<TD VALIGN="MIDDLE" ALIGN="CENTER" WIDTH="68" HEIGHT="23">18</TD>
<TD VALIGN="MIDDLE" ALIGN="CENTER" WIDTH="137" HEIGHT="23">2027년 07월 05일</TD>
<TD VALIGN="MIDDLE" ALIGN="CENTER" WIDTH="68" HEIGHT="23">36</TD>
<TD VALIGN="MIDDLE" ALIGN="CENTER" WIDTH="137" HEIGHT="23">2029년 01월 05일</TD>
</TR>
</TBODY>
</TABLE>

<P USERMARK="F-11 ">○ 
<SPAN USERMARK="B">월수익지급일</SPAN> : 해당 차수 월수익지급평가일(불포함) 후 2영업일    
</P>

<P USERMARK="F-11 ">○ 
<SPAN USERMARK="B">자동조기상환평가가격</SPAN> : 해당 차수 자동조기상환평가일 기초자산 종가 
</P>

<P USERMARK="F-11 ">○
<SPAN USERMARK="B"> 자동조기상환평가일 및 상환금액</SPAN> :
</P>

<TABLE ACLASS="NORMAL" WIDTH="600" BORDER="1" AFIXTABLE="N">

<COLGROUP WIDTH="600">
<COL WIDTH="81"></COL>
<COL WIDTH="259"></COL>
<COL WIDTH="260"></COL>
</COLGROUP>

<THEAD>

<TR ACOPY="Y" ADELETE="Y" HEIGHT="30">
<TH WIDTH="72" HEIGHT="23" USERMARK="B">차수</TH>
<TH WIDTH="250" HEIGHT="23" USERMARK="B">자동조기상환평가일</TH>
<TH WIDTH="251" HEIGHT="23" USERMARK="B">상환금액</TH>
</TR>
</THEAD>

<TBODY>

<TR ACOPY="Y" ADELETE="Y" HEIGHT="30">
<TD ALIGN="CENTER" VALIGN="MIDDLE" WIDTH="72" HEIGHT="23">1차</TD>
<TD ALIGN="CENTER" VALIGN="MIDDLE" WIDTH="250" HEIGHT="23">2026년 07월 06일</TD>
<TD ALIGN="CENTER" VALIGN="MIDDLE" WIDTH="251" HEIGHT="23">액면금액 × 100.00%</TD>
</TR>

<TR ACOPY="Y" ADELETE="Y" HEIGHT="30">
<TD ALIGN="CENTER" VALIGN="MIDDLE" WIDTH="72" HEIGHT="23">2차</TD>
<TD ALIGN="CENTER" VALIGN="MIDDLE" WIDTH="250" HEIGHT="23">2027년 01월 05일</TD>
<TD ALIGN="CENTER" VALIGN="MIDDLE" WIDTH="251" HEIGHT="23">액면금액 × 100.00%</TD>
</TR>

<TR ACOPY="Y" ADELETE="Y" HEIGHT="30">
<TD ALIGN="CENTER" VALIGN="MIDDLE" WIDTH="72" HEIGHT="23">3차</TD>
<TD ALIGN="CENTER" VALIGN="MIDDLE" WIDTH="250" HEIGHT="23">2027년 07월 05일</TD>
<TD ALIGN="CENTER" VALIGN="MIDDLE" WIDTH="251" HEIGHT="23">액면금액 × 100.00%</TD>
</TR>

<TR ACOPY="Y" ADELETE="Y" HEIGHT="30">
<TD ALIGN="CENTER" VALIGN="MIDDLE" WIDTH="72" HEIGHT="23">4차</TD>
<TD ALIGN="CENTER" VALIGN="MIDDLE" WIDTH="250" HEIGHT="23">2028년 01월 05일</TD>
<TD ALIGN="CENTER" VALIGN="MIDDLE" WIDTH="251" HEIGHT="23">액면금액 × 100.00%</TD>
</TR>

<TR ACOPY="Y" ADELETE="Y" HEIGHT="30">
<TD ALIGN="CENTER" VALIGN="MIDDLE" WIDTH="72" HEIGHT="23">5차</TD>
<TD ALIGN="CENTER" VALIGN="MIDDLE" WIDTH="250" HEIGHT="23">2028년 07월 05일</TD>
<TD ALIGN="CENTER" VALIGN="MIDDLE" WIDTH="251" HEIGHT="23">액면금액 × 100.00%</TD>
</TR>
</TBODY>
</TABLE>

<P USERMARK="F-11 ">○ 
<SPAN USERMARK="B">자동조기상환일</SPAN> : 해당 차수 자동조기상환평가일(불포함) 후 2영업일 
</P>

<P USERMARK="F-11 ">○ 
<SPAN USERMARK="B">만기평가가격</SPAN> : 만기평가일 기초자산 종가○ 
<SPAN USERMARK="B">만기평가일</SPAN> : 2029년 01월 05일
</P>
<P USERMARK="B 0XFF0000">(2) 손익구조</P>

<TABLE ACLASS="NORMAL" WIDTH="627" BORDER="1">

<COLGROUP WIDTH="627">
<COL WIDTH="74"></COL>
<COL WIDTH="437"></COL>
<COL WIDTH="116"></COL>
</COLGROUP>

<THEAD>

<TR ACOPY="Y" ADELETE="Y" HEIGHT="30">
<TH WIDTH="65" HEIGHT="23" USERMARK="B">구분</TH>
<TH WIDTH="428" HEIGHT="23" USERMARK="B">내용</TH>
<TH WIDTH="107" HEIGHT="23" USERMARK="B">투자수익률</TH>
</TR>
</THEAD>

<TBODY>

<TR ACOPY="Y" ADELETE="Y" HEIGHT="106">
<TD USERMARK="B" WIDTH="65" HEIGHT="99" ALIGN="CENTER" VALIGN="MIDDLE">월수익지급</TD>
<TD WIDTH="428" HEIGHT="99" VALIGN="MIDDLE">(1)매월 월 수익지급 평가일에 기초자산의 종가가 최초기준가격의 80%이상인 경우</TD>
<TD WIDTH="107" HEIGHT="99" ALIGN="CENTER" VALIGN="MIDDLE">0.4025%(연 4.83%)</TD>
</TR>

<TR ACOPY="Y" ADELETE="Y" HEIGHT="467">
<TD ALIGN="CENTER" VALIGN="MIDDLE" WIDTH="65" USERMARK="B" HEIGHT="460">자동조기상환</TD>

<TD WIDTH="428" HEIGHT="460">
<SPAN>(2) 1차 자동조기상환평가일에 기초자산의 자동조기상환평가가격이 </SPAN>
<SPAN USERMARK="BU">최초기준가격의 [95%] 이상인 경우</SPAN>
<SPAN>-> 액면금액 * 100.00% 지급(3) 2차 자동조기상환평가일에 기초자산의 자동조기상환평가가격이 </SPAN>
<SPAN USERMARK="BU">최초기준가격의 [95%] 이상인 경우</SPAN>
<SPAN>-> 액면금액 * 100.00% 지급(4) 3차 자동조기상환평가일에 기초자산의 자동조기상환평가가격이 </SPAN>
<SPAN USERMARK="BU">최초기준가격의 [95%] 이상인 경우</SPAN>
<SPAN>-> 액면금액 * 100.00% 지급(5) 4차 자동조기상환평가일에 기초자산의 자동조기상환평가가격이 </SPAN>
<SPAN USERMARK="BU">최초기준가격의 [95%] 이상인 경우</SPAN>
<SPAN>-> 액면금액 * 100.00% 지급(6) 5차 자동조기상환평가일에 기초자산의 자동조기상환평가가격이 </SPAN>
<SPAN USERMARK="BU">최초기준가격의 [95%] 이상인 경우</SPAN>
<SPAN>-> 액면금액 * 100.00% 지급</SPAN>
</TD>
<TD ALIGN="CENTER" VALIGN="MIDDLE" WIDTH="107" HEIGHT="460">0%(액면금액)</TD>
</TR>

<TR ACOPY="Y" ADELETE="Y" HEIGHT="53">
<TD ALIGN="CENTER" VALIGN="MIDDLE" WIDTH="65" ROWSPAN="2" USERMARK="B" HEIGHT="99">만기상환</TD>

<TD VALIGN="MIDDLE" WIDTH="428" HEIGHT="46">
<SPAN>(7) </SPAN>
<SPAN USERMARK="BU">기초자산의 만기평가가격이 최초기준가격의 [95%] 이상인 경우</SPAN>
</TD>
<TD ALIGN="CENTER" VALIGN="MIDDLE" WIDTH="107" HEIGHT="46">0%(액면금액)</TD>
</TR>

<TR ACOPY="Y" ADELETE="Y" HEIGHT="53">

<TD VALIGN="MIDDLE" WIDTH="428" HEIGHT="46">
<SPAN>(8) </SPAN>
<SPAN USERMARK="BU 0X0000FF">기초자산의 만기평가가격이 최초기준가격의 [95%] 미만인 경우</SPAN>
</TD>
<TD ALIGN="CENTER" WIDTH="107" VALIGN="MIDDLE" HEIGHT="46">0%(액면금액)</TD>
</TR>
</TBODY>
</TABLE>
<P></P>
<P>* 기재된 연 수익률은 상품별 비교 및 투자자의 이해를 돕기 위해 연 단위로 표시한 것이며, 발행일로부터 지급일까지 일할 계산하는 경우와 다를 수 있습니다.</P>
<P></P>
<P>(3) 제3816회 파생결합사채(주가연계파생결합사채)</P>
<P USERMARK="F-14 B 0XFF0000">1. 상품개요</P>

<TABLE ACLASS="NORMAL" AFIXTABLE="N" BORDER="1" WIDTH="622">

<COLGROUP WIDTH="622">
<COL WIDTH="87"></COL>
<COL WIDTH="121"></COL>
<COL WIDTH="414"></COL>
</COLGROUP>

<THEAD>

<TR ACOPY="Y" ADELETE="Y" HEIGHT="30">
<TH WIDTH="199" HEIGHT="23" COLSPAN="2" USERMARK="B"> 항목</TH>
<TH WIDTH="405" HEIGHT="23" USERMARK="B">내용</TH>
</TR>
</THEAD>

<TBODY>

<TR ACOPY="Y" ADELETE="Y" HEIGHT="76">
<TD WIDTH="199" HEIGHT="69" COLSPAN="2" ALIGN="CENTER" USERMARK="B">종목명</TD>
<TD WIDTH="405" HEIGHT="69" ALIGN="CENTER" USERMARK="B">미래에셋증권 제3816회 파생결합사채(주가연계파생결합사채)(낮은위험)(상품위험등급:5등급)</TD>
</TR>

<TR ACOPY="Y" ADELETE="Y" HEIGHT="30">
<TD WIDTH="199" HEIGHT="23" COLSPAN="2" ALIGN="CENTER" USERMARK="B">기초자산</TD>
<TD WIDTH="405" HEIGHT="23" USERMARK="B" ALIGN="CENTER">삼성전자 보통주</TD>
</TR>

<TR ACOPY="Y" ADELETE="Y" HEIGHT="30">
<TD WIDTH="199" HEIGHT="23" COLSPAN="2" ALIGN="CENTER" USERMARK="B">모 집 총 액</TD>
<TD WIDTH="405" HEIGHT="23" ALIGN="CENTER">14,925,000,000원</TD>
</TR>

<TR ACOPY="Y" ADELETE="Y" HEIGHT="30">
<TD WIDTH="199" HEIGHT="23" COLSPAN="2" ALIGN="CENTER" USERMARK="B">1증권당 액면가액</TD>
<TD WIDTH="405" HEIGHT="23" ALIGN="CENTER">10,000원</TD>
</TR>

<TR ACOPY="Y" ADELETE="Y" HEIGHT="30">
<TD WIDTH="199" HEIGHT="23" COLSPAN="2" ALIGN="CENTER" USERMARK="B">1증권당 발행가액</TD>
<TD WIDTH="405" HEIGHT="23" ALIGN="CENTER">9,950원</TD>
</TR>

<TR ACOPY="Y" ADELETE="Y" HEIGHT="30">
<TD WIDTH="199" HEIGHT="23" COLSPAN="2" ALIGN="CENTER" USERMARK="B">발행 수량</TD>
<TD WIDTH="405" HEIGHT="23" ALIGN="CENTER">1,500,000증권</TD>
</TR>

<TR ACOPY="Y" ADELETE="Y" HEIGHT="30">
<TD WIDTH="199" HEIGHT="23" COLSPAN="2" ALIGN="CENTER" USERMARK="B">최소청약금액</TD>
<TD WIDTH="405" HEIGHT="23" ALIGN="CENTER">4,975,000원</TD>
</TR>

<TR ACOPY="Y" ADELETE="Y" HEIGHT="30">
<TD WIDTH="78" HEIGHT="76" ROWSPAN="2" ALIGN="CENTER" USERMARK="B">청약기간</TD>
<TD WIDTH="112" HEIGHT="23" ALIGN="CENTER" USERMARK="B">청약시작일</TD>
<TD WIDTH="405" HEIGHT="23" ALIGN="CENTER">2026년 01월 05일</TD>
</TR>

<TR ACOPY="Y" ADELETE="Y" HEIGHT="53">
<TD WIDTH="112" HEIGHT="46" ALIGN="CENTER" USERMARK="B">청약종료일</TD>

<TD WIDTH="405" HEIGHT="46" ALIGN="CENTER">2026년 01월 05일
<SPAN USERMARK="B">(청약기간이후 청약취소 불가)</SPAN>
</TD>
</TR>

<TR ACOPY="Y" ADELETE="Y" HEIGHT="30">
<TD WIDTH="199" HEIGHT="23" COLSPAN="2" ALIGN="CENTER" USERMARK="B">납 입 일</TD>
<TD WIDTH="405" HEIGHT="23" ALIGN="CENTER">2026년 01월 05일</TD>
</TR>

<TR ACOPY="Y" ADELETE="Y" HEIGHT="30">
<TD WIDTH="199" HEIGHT="23" COLSPAN="2" ALIGN="CENTER" USERMARK="B">배정 및 환불일</TD>
<TD WIDTH="405" HEIGHT="23" ALIGN="CENTER">2026년 01월 05일</TD>
</TR>

<TR ACOPY="Y" ADELETE="Y" HEIGHT="30">
<TD WIDTH="199" HEIGHT="23" COLSPAN="2" ALIGN="CENTER" USERMARK="B">발 행 일</TD>
<TD WIDTH="405" HEIGHT="23" ALIGN="CENTER">2026년 01월 05일</TD>
</TR>

<TR ACOPY="Y" ADELETE="Y" HEIGHT="30">
<TD WIDTH="199" HEIGHT="23" COLSPAN="2" ALIGN="CENTER" USERMARK="B">전자등록기관</TD>
<TD WIDTH="405" HEIGHT="23" ALIGN="CENTER">한국예탁결제원</TD>
</TR>

<TR ACOPY="Y" ADELETE="Y" HEIGHT="30">
<TD WIDTH="199" HEIGHT="23" COLSPAN="2" ALIGN="CENTER" USERMARK="B">증권의 상장여부</TD>
<TD WIDTH="405" HEIGHT="23" ALIGN="CENTER">비상장</TD>
</TR>

<TR ACOPY="Y" ADELETE="Y" HEIGHT="53">
<TD WIDTH="199" HEIGHT="46" COLSPAN="2" ALIGN="CENTER" USERMARK="B">자동조기상환</TD>
<TD WIDTH="405" HEIGHT="46" ALIGN="CENTER">자세한 내용은 본 일괄신고추가서류'II. 증권의 권리내용 2. 권리의 내용'을 참조하시기 바랍니다.</TD>
</TR>

<TR ACOPY="Y" ADELETE="Y" HEIGHT="30">
<TD WIDTH="199" HEIGHT="23" COLSPAN="2" ALIGN="CENTER" USERMARK="B">자동조기상환시 결제방법</TD>
<TD WIDTH="405" HEIGHT="23" ALIGN="CENTER">현금결제</TD>
</TR>

<TR ACOPY="Y" ADELETE="Y" HEIGHT="53">
<TD WIDTH="199" HEIGHT="46" COLSPAN="2" ALIGN="CENTER" USERMARK="B">자동조기상환일[자동조기상환금액 지급일]</TD>
<TD WIDTH="405" HEIGHT="46" ALIGN="CENTER">해당 자동조기상환평가일(불포함) 후 2영업일</TD>
</TR>

<TR ACOPY="Y" ADELETE="Y" HEIGHT="30">
<TD WIDTH="199" HEIGHT="23" COLSPAN="2" ALIGN="CENTER" USERMARK="B">만 기 일</TD>
<TD WIDTH="405" HEIGHT="23" ALIGN="CENTER">2029년 01월 09일</TD>
</TR>

<TR ACOPY="Y" ADELETE="Y" HEIGHT="53">
<TD WIDTH="199" HEIGHT="46" COLSPAN="2" ALIGN="CENTER" USERMARK="B">만기상환</TD>
<TD WIDTH="405" HEIGHT="46" ALIGN="CENTER">자세한 내용은 본 일괄신고추가서류'II. 증권의 권리내용 2. 권리의 내용'을 참조하시기 바랍니다.</TD>
</TR>

<TR ACOPY="Y" ADELETE="Y" HEIGHT="30">
<TD WIDTH="199" HEIGHT="23" COLSPAN="2" ALIGN="CENTER" USERMARK="B">만기시 결제방법</TD>
<TD WIDTH="405" HEIGHT="23" ALIGN="CENTER">현금결제</TD>
</TR>

<TR ACOPY="Y" ADELETE="Y" HEIGHT="76">
<TD WIDTH="199" HEIGHT="69" COLSPAN="2" ALIGN="CENTER" USERMARK="B">발행취소에 관한 사항</TD>
<TD WIDTH="405" HEIGHT="69">청약금액의 합계가 4억 9750만원 미만일 경우, 발행인은 본 증권의 발행을 취소할 수 있습니다. 이 경우 청약금액은 환불일에 투자자들의 해당 청약계좌로 반환됩니다.</TD>
</TR>

<TR ACOPY="Y" ADELETE="Y" HEIGHT="214">
<TD WIDTH="199" HEIGHT="207" COLSPAN="2" ALIGN="CENTER" USERMARK="B">기타 유의사항</TD>
<TD WIDTH="405" HEIGHT="207">본 증권은 주식·사채 등의 전자등록에 관한 법률에 따라 전자등록기관인 한국예탁결제원을 통하여 전자등록하여 발행하고, 실물을 발행하지 않습니다. 본 증권의 보유자는 전자등록기관의 계좌관리기관등 자기계좌부 또는 계좌관리기관의 고객계좌부에의 전자등록을 통하여 본 증권을 보유합니다.자동조기상환일, 중도상환금액지급일, 월수익지급일, 만기일 등 각종 상환일이 공휴일인 경우 다음 영업일로 순연되며, 이에 대한 추가이자는 지급하지 않습니다.</TD>
</TR>
</TBODY>
</TABLE>
<P></P>
<P USERMARK="F-14 B 0XFF0000">2. 권리의 내용</P>
<P USERMARK="B 0XFF0000">(1) 평가일, 관찰일 및 평가방법</P>

<P USERMARK="F-11 ">○ 
<SPAN USERMARK="B">최초기준가격</SPAN> : 최초기준가격평가일에 기초자산 종가○ 
<SPAN USERMARK="B">최초기준가격평가일</SPAN> : 2026년 01월 05일
</P>

<P USERMARK="F-11 ">○
<SPAN USERMARK="B">월 수익 지급평가일</SPAN>
</P>

<TABLE ACLASS="NORMAL" AFIXTABLE="N" WIDTH="446" BORDER="1">

<COLGROUP WIDTH="446">
<COL WIDTH="77"></COL>
<COL WIDTH="146"></COL>
<COL WIDTH="77"></COL>
<COL WIDTH="146"></COL>
</COLGROUP>

<THEAD>

<TR ACOPY="Y" ADELETE="Y" HEIGHT="30">
<TH VALIGN="MIDDLE" WIDTH="68" HEIGHT="23">차수</TH>
<TH VALIGN="MIDDLE" WIDTH="137" HEIGHT="23">월수익지급평가일</TH>
<TH VALIGN="MIDDLE" WIDTH="68" HEIGHT="23">차수</TH>
<TH VALIGN="MIDDLE" WIDTH="137" HEIGHT="23">월수익지급평가일</TH>
</TR>
</THEAD>

<TBODY>

<TR ACOPY="Y" ADELETE="Y" HEIGHT="30">
<TD VALIGN="MIDDLE" ALIGN="CENTER" WIDTH="68" HEIGHT="23">1</TD>
<TD VALIGN="MIDDLE" ALIGN="CENTER" WIDTH="137" HEIGHT="23">2026년 02월 05일</TD>
<TD VALIGN="MIDDLE" ALIGN="CENTER" WIDTH="68" HEIGHT="23">19</TD>
<TD VALIGN="MIDDLE" ALIGN="CENTER" WIDTH="137" HEIGHT="23">2027년 08월 05일</TD>
</TR>

<TR ACOPY="Y" ADELETE="Y" HEIGHT="30">
<TD VALIGN="MIDDLE" ALIGN="CENTER" WIDTH="68" HEIGHT="23">2</TD>
<TD VALIGN="MIDDLE" ALIGN="CENTER" WIDTH="137" HEIGHT="23">2026년 03월 05일</TD>
<TD VALIGN="MIDDLE" ALIGN="CENTER" WIDTH="68" HEIGHT="23">20</TD>
<TD VALIGN="MIDDLE" ALIGN="CENTER" WIDTH="137" HEIGHT="23">2027년 09월 06일</TD>
</TR>

<TR ACOPY="Y" ADELETE="Y" HEIGHT="30">
<TD VALIGN="MIDDLE" ALIGN="CENTER" WIDTH="68" HEIGHT="23">3</TD>
<TD VALIGN="MIDDLE" ALIGN="CENTER" WIDTH="137" HEIGHT="23">2026년 04월 06일</TD>
<TD VALIGN="MIDDLE" ALIGN="CENTER" WIDTH="68" HEIGHT="23">21</TD>
<TD VALIGN="MIDDLE" ALIGN="CENTER" WIDTH="137" HEIGHT="23">2027년 10월 05일</TD>
</TR>

<TR ACOPY="Y" ADELETE="Y" HEIGHT="30">
<TD VALIGN="MIDDLE" ALIGN="CENTER" WIDTH="68" HEIGHT="23">4</TD>
<TD VALIGN="MIDDLE" ALIGN="CENTER" WIDTH="137" HEIGHT="23">2026년 05월 06일</TD>
<TD VALIGN="MIDDLE" ALIGN="CENTER" WIDTH="68" HEIGHT="23">22</TD>
<TD VALIGN="MIDDLE" ALIGN="CENTER" WIDTH="137" HEIGHT="23">2027년 11월 05일</TD>
</TR>

<TR ACOPY="Y" ADELETE="Y" HEIGHT="30">
<TD VALIGN="MIDDLE" ALIGN="CENTER" WIDTH="68" HEIGHT="23">5</TD>
<TD VALIGN="MIDDLE" ALIGN="CENTER" WIDTH="137" HEIGHT="23">2026년 06월 05일</TD>
<TD VALIGN="MIDDLE" ALIGN="CENTER" WIDTH="68" HEIGHT="23">23</TD>
<TD VALIGN="MIDDLE" ALIGN="CENTER" WIDTH="137" HEIGHT="23">2027년 12월 06일</TD>
</TR>

<TR ACOPY="Y" ADELETE="Y" HEIGHT="30">
<TD VALIGN="MIDDLE" ALIGN="CENTER" WIDTH="68" HEIGHT="23">6</TD>
<TD VALIGN="MIDDLE" ALIGN="CENTER" WIDTH="137" HEIGHT="23">2026년 07월 06일</TD>
<TD VALIGN="MIDDLE" ALIGN="CENTER" WIDTH="68" HEIGHT="23">24</TD>
<TD VALIGN="MIDDLE" ALIGN="CENTER" WIDTH="137" HEIGHT="23">2028년 01월 05일</TD>
</TR>

<TR ACOPY="Y" ADELETE="Y" HEIGHT="30">
<TD VALIGN="MIDDLE" ALIGN="CENTER" WIDTH="68" HEIGHT="23">7</TD>
<TD VALIGN="MIDDLE" ALIGN="CENTER" WIDTH="137" HEIGHT="23">2026년 08월 05일</TD>
<TD VALIGN="MIDDLE" ALIGN="CENTER" WIDTH="68" HEIGHT="23">25</TD>
<TD VALIGN="MIDDLE" ALIGN="CENTER" WIDTH="137" HEIGHT="23">2028년 02월 07일</TD>
</TR>

<TR ACOPY="Y" ADELETE="Y" HEIGHT="30">
<TD VALIGN="MIDDLE" ALIGN="CENTER" WIDTH="68" HEIGHT="23">8</TD>
<TD VALIGN="MIDDLE" ALIGN="CENTER" WIDTH="137" HEIGHT="23">2026년 09월 07일</TD>
<TD VALIGN="MIDDLE" ALIGN="CENTER" WIDTH="68" HEIGHT="23">26</TD>
<TD VALIGN="MIDDLE" ALIGN="CENTER" WIDTH="137" HEIGHT="23">2028년 03월 06일</TD>
</TR>

<TR ACOPY="Y" ADELETE="Y" HEIGHT="30">
<TD VALIGN="MIDDLE" ALIGN="CENTER" WIDTH="68" HEIGHT="23">9</TD>
<TD VALIGN="MIDDLE" ALIGN="CENTER" WIDTH="137" HEIGHT="23">2026년 10월 06일</TD>
<TD VALIGN="MIDDLE" ALIGN="CENTER" WIDTH="68" HEIGHT="23">27</TD>
<TD VALIGN="MIDDLE" ALIGN="CENTER" WIDTH="137" HEIGHT="23">2028년 04월 05일</TD>
</TR>

<TR ACOPY="Y" ADELETE="Y" HEIGHT="30">
<TD VALIGN="MIDDLE" ALIGN="CENTER" WIDTH="68" HEIGHT="23">10</TD>
<TD VALIGN="MIDDLE" ALIGN="CENTER" WIDTH="137" HEIGHT="23">2026년 11월 05일</TD>
<TD VALIGN="MIDDLE" ALIGN="CENTER" WIDTH="68" HEIGHT="23">28</TD>
<TD VALIGN="MIDDLE" ALIGN="CENTER" WIDTH="137" HEIGHT="23">2028년 05월 08일</TD>
</TR>

<TR ACOPY="Y" ADELETE="Y" HEIGHT="30">
<TD VALIGN="MIDDLE" ALIGN="CENTER" WIDTH="68" HEIGHT="23">11</TD>
<TD VALIGN="MIDDLE" ALIGN="CENTER" WIDTH="137" HEIGHT="23">2026년 12월 07일</TD>
<TD VALIGN="MIDDLE" ALIGN="CENTER" WIDTH="68" HEIGHT="23">29</TD>
<TD VALIGN="MIDDLE" ALIGN="CENTER" WIDTH="137" HEIGHT="23">2028년 06월 05일</TD>
</TR>

<TR ACOPY="Y" ADELETE="Y" HEIGHT="30">
<TD VALIGN="MIDDLE" ALIGN="CENTER" WIDTH="68" HEIGHT="23">12</TD>
<TD VALIGN="MIDDLE" ALIGN="CENTER" WIDTH="137" HEIGHT="23">2027년 01월 05일</TD>
<TD VALIGN="MIDDLE" ALIGN="CENTER" WIDTH="68" HEIGHT="23">30</TD>
<TD VALIGN="MIDDLE" ALIGN="CENTER" WIDTH="137" HEIGHT="23">2028년 07월 05일</TD>
</TR>

<TR ACOPY="Y" ADELETE="Y" HEIGHT="30">
<TD VALIGN="MIDDLE" ALIGN="CENTER" WIDTH="68" HEIGHT="23">13</TD>
<TD VALIGN="MIDDLE" ALIGN="CENTER" WIDTH="137" HEIGHT="23">2027년 02월 05일</TD>
<TD VALIGN="MIDDLE" ALIGN="CENTER" WIDTH="68" HEIGHT="23">31</TD>
<TD VALIGN="MIDDLE" ALIGN="CENTER" WIDTH="137" HEIGHT="23">2028년 08월 07일</TD>
</TR>

<TR ACOPY="Y" ADELETE="Y" HEIGHT="30">
<TD VALIGN="MIDDLE" ALIGN="CENTER" WIDTH="68" HEIGHT="23">14</TD>
<TD VALIGN="MIDDLE" ALIGN="CENTER" WIDTH="137" HEIGHT="23">2027년 03월 05일</TD>
<TD VALIGN="MIDDLE" ALIGN="CENTER" WIDTH="68" HEIGHT="23">32</TD>
<TD VALIGN="MIDDLE" ALIGN="CENTER" WIDTH="137" HEIGHT="23">2028년 09월 05일</TD>
</TR>

<TR ACOPY="Y" ADELETE="Y" HEIGHT="30">
<TD VALIGN="MIDDLE" ALIGN="CENTER" WIDTH="68" HEIGHT="23">15</TD>
<TD VALIGN="MIDDLE" ALIGN="CENTER" WIDTH="137" HEIGHT="23">2027년 04월 05일</TD>
<TD VALIGN="MIDDLE" ALIGN="CENTER" WIDTH="68" HEIGHT="23">33</TD>
<TD VALIGN="MIDDLE" ALIGN="CENTER" WIDTH="137" HEIGHT="23">2028년 10월 06일</TD>
</TR>

<TR ACOPY="Y" ADELETE="Y" HEIGHT="30">
<TD VALIGN="MIDDLE" ALIGN="CENTER" WIDTH="68" HEIGHT="23">16</TD>
<TD VALIGN="MIDDLE" ALIGN="CENTER" WIDTH="137" HEIGHT="23">2027년 05월 06일</TD>
<TD VALIGN="MIDDLE" ALIGN="CENTER" WIDTH="68" HEIGHT="23">34</TD>
<TD VALIGN="MIDDLE" ALIGN="CENTER" WIDTH="137" HEIGHT="23">2028년 11월 06일</TD>
</TR>

<TR ACOPY="Y" ADELETE="Y" HEIGHT="30">
<TD VALIGN="MIDDLE" ALIGN="CENTER" WIDTH="68" HEIGHT="23">17</TD>
<TD VALIGN="MIDDLE" ALIGN="CENTER" WIDTH="137" HEIGHT="23">2027년 06월 07일</TD>
<TD VALIGN="MIDDLE" ALIGN="CENTER" WIDTH="68" HEIGHT="23">35</TD>
<TD VALIGN="MIDDLE" ALIGN="CENTER" WIDTH="137" HEIGHT="23">2028년 12월 05일</TD>
</TR>

<TR ACOPY="Y" ADELETE="Y" HEIGHT="30">
<TD VALIGN="MIDDLE" ALIGN="CENTER" WIDTH="68" HEIGHT="23">18</TD>
<TD VALIGN="MIDDLE" ALIGN="CENTER" WIDTH="137" HEIGHT="23">2027년 07월 05일</TD>
<TD VALIGN="MIDDLE" ALIGN="CENTER" WIDTH="68" HEIGHT="23">36</TD>
<TD VALIGN="MIDDLE" ALIGN="CENTER" WIDTH="137" HEIGHT="23">2029년 01월 05일</TD>
</TR>
</TBODY>
</TABLE>

<P USERMARK="F-11 ">○ 
<SPAN USERMARK="B">월수익지급일</SPAN> : 해당 차수 월수익지급평가일(불포함) 후 2영업일    
</P>

<P USERMARK="F-11 ">○ 
<SPAN USERMARK="B">자동조기상환평가가격</SPAN> : 해당 차수 자동조기상환평가일 기초자산 종가 
</P>

<P USERMARK="F-11 ">○
<SPAN USERMARK="B"> 자동조기상환평가일 및 상환금액</SPAN> :
</P>

<TABLE ACLASS="NORMAL" WIDTH="600" BORDER="1" AFIXTABLE="N">

<COLGROUP WIDTH="600">
<COL WIDTH="81"></COL>
<COL WIDTH="259"></COL>
<COL WIDTH="260"></COL>
</COLGROUP>

<THEAD>

<TR ACOPY="Y" ADELETE="Y" HEIGHT="30">
<TH WIDTH="72" HEIGHT="23" USERMARK="B">차수</TH>
<TH WIDTH="250" HEIGHT="23" USERMARK="B">자동조기상환평가일</TH>
<TH WIDTH="251" HEIGHT="23" USERMARK="B">상환금액</TH>
</TR>
</THEAD>

<TBODY>

<TR ACOPY="Y" ADELETE="Y" HEIGHT="30">
<TD ALIGN="CENTER" VALIGN="MIDDLE" WIDTH="72" HEIGHT="23">1차</TD>
<TD ALIGN="CENTER" VALIGN="MIDDLE" WIDTH="250" HEIGHT="23">2026년 07월 06일</TD>
<TD ALIGN="CENTER" VALIGN="MIDDLE" WIDTH="251" HEIGHT="23">액면금액 × 100.00%</TD>
</TR>

<TR ACOPY="Y" ADELETE="Y" HEIGHT="30">
<TD ALIGN="CENTER" VALIGN="MIDDLE" WIDTH="72" HEIGHT="23">2차</TD>
<TD ALIGN="CENTER" VALIGN="MIDDLE" WIDTH="250" HEIGHT="23">2027년 01월 05일</TD>
<TD ALIGN="CENTER" VALIGN="MIDDLE" WIDTH="251" HEIGHT="23">액면금액 × 100.00%</TD>
</TR>

<TR ACOPY="Y" ADELETE="Y" HEIGHT="30">
<TD ALIGN="CENTER" VALIGN="MIDDLE" WIDTH="72" HEIGHT="23">3차</TD>
<TD ALIGN="CENTER" VALIGN="MIDDLE" WIDTH="250" HEIGHT="23">2027년 07월 05일</TD>
<TD ALIGN="CENTER" VALIGN="MIDDLE" WIDTH="251" HEIGHT="23">액면금액 × 100.00%</TD>
</TR>

<TR ACOPY="Y" ADELETE="Y" HEIGHT="30">
<TD ALIGN="CENTER" VALIGN="MIDDLE" WIDTH="72" HEIGHT="23">4차</TD>
<TD ALIGN="CENTER" VALIGN="MIDDLE" WIDTH="250" HEIGHT="23">2028년 01월 05일</TD>
<TD ALIGN="CENTER" VALIGN="MIDDLE" WIDTH="251" HEIGHT="23">액면금액 × 100.00%</TD>
</TR>

<TR ACOPY="Y" ADELETE="Y" HEIGHT="30">
<TD ALIGN="CENTER" VALIGN="MIDDLE" WIDTH="72" HEIGHT="23">5차</TD>
<TD ALIGN="CENTER" VALIGN="MIDDLE" WIDTH="250" HEIGHT="23">2028년 07월 05일</TD>
<TD ALIGN="CENTER" VALIGN="MIDDLE" WIDTH="251" HEIGHT="23">액면금액 × 100.00%</TD>
</TR>
</TBODY>
</TABLE>

<P USERMARK="F-11 ">○ 
<SPAN USERMARK="B">자동조기상환일</SPAN> : 해당 차수 자동조기상환평가일(불포함) 후 2영업일 
</P>

<P USERMARK="F-11 ">○ 
<SPAN USERMARK="B">만기평가가격</SPAN> : 만기평가일 기초자산 종가○ 
<SPAN USERMARK="B">만기평가일</SPAN> : 2029년 01월 05일
</P>
<P USERMARK="B 0XFF0000">(2) 손익구조</P>

<TABLE ACLASS="NORMAL" WIDTH="627" BORDER="1">

<COLGROUP WIDTH="627">
<COL WIDTH="74"></COL>
<COL WIDTH="437"></COL>
<COL WIDTH="116"></COL>
</COLGROUP>

<THEAD>

<TR ACOPY="Y" ADELETE="Y" HEIGHT="30">
<TH WIDTH="65" HEIGHT="23" USERMARK="B">구분</TH>
<TH WIDTH="428" HEIGHT="23" USERMARK="B">내용</TH>
<TH WIDTH="107" HEIGHT="23" USERMARK="B">투자수익률</TH>
</TR>
</THEAD>

<TBODY>

<TR ACOPY="Y" ADELETE="Y" HEIGHT="106">
<TD USERMARK="B" WIDTH="65" HEIGHT="99" ALIGN="CENTER" VALIGN="MIDDLE">월수익지급</TD>
<TD WIDTH="428" HEIGHT="99" VALIGN="MIDDLE">(1)매월 월 수익지급 평가일에 기초자산의 종가가 최초기준가격의 85%이상인 경우</TD>
<TD WIDTH="107" HEIGHT="99" ALIGN="CENTER" VALIGN="MIDDLE">0.47%(연 5.64%)</TD>
</TR>

<TR ACOPY="Y" ADELETE="Y" HEIGHT="467">
<TD ALIGN="CENTER" VALIGN="MIDDLE" WIDTH="65" USERMARK="B" HEIGHT="460">자동조기상환</TD>

<TD WIDTH="428" HEIGHT="460">
<SPAN>(2) 1차 자동조기상환평가일에 기초자산의 자동조기상환평가가격이 </SPAN>
<SPAN USERMARK="BU">최초기준가격의 [95%] 이상인 경우</SPAN>
<SPAN>-> 액면금액 * 100.00% 지급(3) 2차 자동조기상환평가일에 기초자산의 자동조기상환평가가격이 </SPAN>
<SPAN USERMARK="BU">최초기준가격의 [95%] 이상인 경우</SPAN>
<SPAN>-> 액면금액 * 100.00% 지급(4) 3차 자동조기상환평가일에 기초자산의 자동조기상환평가가격이 </SPAN>
<SPAN USERMARK="BU">최초기준가격의 [95%] 이상인 경우</SPAN>
<SPAN>-> 액면금액 * 100.00% 지급(5) 4차 자동조기상환평가일에 기초자산의 자동조기상환평가가격이 </SPAN>
<SPAN USERMARK="BU">최초기준가격의 [95%] 이상인 경우</SPAN>
<SPAN>-> 액면금액 * 100.00% 지급(6) 5차 자동조기상환평가일에 기초자산의 자동조기상환평가가격이 </SPAN>
<SPAN USERMARK="BU">최초기준가격의 [95%] 이상인 경우</SPAN>
<SPAN>-> 액면금액 * 100.00% 지급</SPAN>
</TD>
<TD ALIGN="CENTER" VALIGN="MIDDLE" WIDTH="107" HEIGHT="460">0%(액면금액)</TD>
</TR>

<TR ACOPY="Y" ADELETE="Y" HEIGHT="53">
<TD ALIGN="CENTER" VALIGN="MIDDLE" WIDTH="65" ROWSPAN="2" USERMARK="B" HEIGHT="99">만기상환</TD>

<TD VALIGN="MIDDLE" WIDTH="428" HEIGHT="46">
<SPAN>(7) </SPAN>
<SPAN USERMARK="BU">기초자산의 만기평가가격이 최초기준가격의 [95%] 이상인 경우</SPAN>
</TD>
<TD ALIGN="CENTER" VALIGN="MIDDLE" WIDTH="107" HEIGHT="46">0%(액면금액)</TD>
</TR>

<TR ACOPY="Y" ADELETE="Y" HEIGHT="53">

<TD VALIGN="MIDDLE" WIDTH="428" HEIGHT="46">
<SPAN>(8) </SPAN>
<SPAN USERMARK="BU 0X0000FF">기초자산의 만기평가가격이 최초기준가격의 [95%] 미만인 경우</SPAN>
</TD>
<TD ALIGN="CENTER" WIDTH="107" VALIGN="MIDDLE" HEIGHT="46">0%(액면금액)</TD>
</TR>
</TBODY>
</TABLE>
<P></P>
<P>* 기재된 연 수익률은 상품별 비교 및 투자자의 이해를 돕기 위해 연 단위로 표시한 것이며, 발행일로부터 지급일까지 일할 계산하는 경우와 다를 수 있습니다.</P>
<P></P>
</SECTION-2>
</LIBRARY>

</SECTION-1>
</BODY>
</DOCUMENT>