<?xml version="1.0" encoding="utf-8"?>


<DOCUMENT xmlns:xsi="http://www.w3.org/2001/XMLSchema-instance" xsi:noNamespaceSchemaLocation="dart4.xsd">

<DOCUMENT-NAME ACODE="80706">특수관계인과의수익증권거래</DOCUMENT-NAME>
<FORMULA-VERSION ADATE="20240129">6.0</FORMULA-VERSION>
<COMPANY-NAME AREGCIK="00126256">삼성생명보험주식회사</COMPANY-NAME>


<BODY ATOCID="2">

<LIBRARY>
<CORRECTION>
<TITLE ATOC="Y" AASSOCNOTE="CORRECTION" ENG="Report of Disclosure Revision" ATOCID="2">정 정 신 고 (보고)</TITLE>

<TABLE ACLASS="NORMAL" AFIXTABLE="Y" WIDTH="600" BORDER="0">

<COLGROUP WIDTH="600">
<COL WIDTH="600"></COL>
</COLGROUP>

<TBODY>

<TR ACOPY="N" ADELETE="N" HEIGHT="30">
<TD WIDTH="591" HEIGHT="23"></TD>
</TR>

<TR ACOPY="N" ADELETE="N" HEIGHT="30">
<TD WIDTH="591" HEIGHT="23" ALIGN="RIGHT">2026년 1월 6일</TD>
</TR>
</TBODY>
</TABLE>
<P></P>
<P></P>

<TABLE ACLASS="NORMAL" AFIXTABLE="Y" WIDTH="600" BORDER="0">

<COLGROUP WIDTH="600">
<COL WIDTH="165"></COL>
<COL WIDTH="435"></COL>
</COLGROUP>

<TBODY>

<TR ACOPY="N" ADELETE="N" HEIGHT="30">
<TD WIDTH="156" VALIGN="MIDDLE" AUPDATECONT="N" ENG="1. Disclosure document to be revised:" HEIGHT="23">1. 정정대상 공시서류 :</TD>
<TD WIDTH="426" VALIGN="MIDDLE" HEIGHT="23">특수관계인과의 수익증권거래</TD>
</TR>
</TBODY>
</TABLE>
<P></P>

<TABLE ACLASS="NORMAL" AFIXTABLE="Y" WIDTH="600" BORDER="0">

<COLGROUP WIDTH="600">
<COL WIDTH="260"></COL>
<COL WIDTH="340"></COL>
</COLGROUP>

<TBODY>

<TR ACOPY="N" ADELETE="N" HEIGHT="30">
<TD WIDTH="251" VALIGN="MIDDLE" AUPDATECONT="N" ENG="2. First submission date of disclosure document to be revised:" HEIGHT="23">2. 정정대상 공시서류의 최초제출일 :</TD>
<TD WIDTH="331" VALIGN="MIDDLE" HEIGHT="23">2025년 12월 3일</TD>
</TR>
</TBODY>
</TABLE>
<P></P>

<TABLE ACLASS="NORMAL" AFIXTABLE="Y" WIDTH="600" BORDER="0">

<COLGROUP WIDTH="600">
<COL WIDTH="600"></COL>
</COLGROUP>

<TBODY>

<TR ACOPY="N" ADELETE="N" HEIGHT="30">
<TD WIDTH="591" HEIGHT="23" VALIGN="MIDDLE" AUPDATECONT="N" ENG="3. Revised Information">3. 정정사항</TD>
</TR>
</TBODY>
</TABLE>

<TABLE ACLASS="NORMAL" AFIXTABLE="N" WIDTH="600" BORDER="1">

<COLGROUP WIDTH="600">
<COL WIDTH="150"></COL>
<COL WIDTH="150"></COL>
<COL WIDTH="150"></COL>
<COL WIDTH="150"></COL>
</COLGROUP>

<THEAD>

<TR ACOPY="N" ADELETE="N" HEIGHT="30">
<TH WIDTH="141" HEIGHT="23" VALIGN="MIDDLE" ACOPYCOL="N" ADELETECOL="N" AMOVECOL="N" AUPDATECONT="N" ENG="Items">항  목</TH>
<TH WIDTH="141" HEIGHT="23" VALIGN="MIDDLE" ACOPYCOL="N" ADELETECOL="N" AMOVECOL="N" AUPDATECONT="N" ENG="Reason for revision">정정사유</TH>
<TH WIDTH="141" HEIGHT="23" VALIGN="MIDDLE" ACOPYCOL="N" ADELETECOL="N" AMOVECOL="N" AUPDATECONT="N" ENG="Before revision">정 정 전</TH>
<TH WIDTH="141" HEIGHT="23" VALIGN="MIDDLE" ACOPYCOL="N" ADELETECOL="N" AMOVECOL="N" AUPDATECONT="N" ENG="After revision">정 정 후</TH>
</TR>
</THEAD>

<TBODY>

<TR ACOPY="Y" ADELETE="Y" HEIGHT="30">
<TD WIDTH="141" HEIGHT="23" VALIGN="MIDDLE">4. 잔액</TD>
<TD WIDTH="141" HEIGHT="23" ALIGN="CENTER" VALIGN="MIDDLE">단순 오기재 수정</TD>
<TD WIDTH="141" HEIGHT="23" ALIGN="CENTER" VALIGN="MIDDLE">9,755,800</TD>
<TD WIDTH="141" HEIGHT="23" ALIGN="CENTER" VALIGN="MIDDLE">8,723,557</TD>
</TR>
</TBODY>
</TABLE>
<P></P>
<PGBRK></PGBRK>
</CORRECTION>
</LIBRARY>


<SECTION-1 ACLASS="MANDATORY" APARTSOURCE="SOURCE">
<TITLE ATOC="Y" AASSOCNOTE="D-0-1-0-0" ENG="Transaction of Beneficiary Certificates with Related Party" ATOCID="1">특수관계인과의 수익증권거래</TITLE>
<P></P>

<TABLE ACLASS="NORMAL" WIDTH="719" BORDER="1">

<COLGROUP WIDTH="719">
<COL WIDTH="93"></COL>
<COL WIDTH="48"></COL>
<COL WIDTH="63"></COL>
<COL WIDTH="135"></COL>
<COL WIDTH="78"></COL>
<COL WIDTH="75"></COL>
<COL WIDTH="78"></COL>
<COL WIDTH="149"></COL>
</COLGROUP>

<TBODY>

<TR ACOPY="Y" ADELETE="Y" HEIGHT="30">
<TD ALIGN="CENTER" VALIGN="MIDDLE" WIDTH="84" HEIGHT="23">기업집단명</TD>
<TD VALIGN="MIDDLE" WIDTH="39" HEIGHT="23" ALIGN="CENTER">삼성</TD>
<TD ALIGN="CENTER" VALIGN="MIDDLE" WIDTH="54" HEIGHT="23">회사명</TD>
<TD VALIGN="MIDDLE" WIDTH="126" HEIGHT="23" ALIGN="CENTER">삼성생명보험(주)</TD>
<TD ALIGN="CENTER" VALIGN="MIDDLE" WIDTH="69" HEIGHT="23">공시일자</TD>
<TD VALIGN="MIDDLE" WIDTH="66" HEIGHT="23" ALIGN="CENTER">'26. 1. 6</TD>
<TD ALIGN="CENTER" VALIGN="MIDDLE" WIDTH="69" HEIGHT="23">관련법규</TD>
<TD ALIGN="CENTER" VALIGN="MIDDLE" WIDTH="140" HEIGHT="23">공정거래법 제26조</TD>
</TR>
</TBODY>
</TABLE>
<P></P>

<TABLE ACLASS="NORMAL" AFIXTABLE="N" WIDTH="719" BORDER="0">

<COLGROUP WIDTH="719">
<COL WIDTH="235"></COL>
<COL WIDTH="484"></COL>
</COLGROUP>

<TBODY>

<TR ACOPY="Y" ADELETE="Y" HEIGHT="30">
<TD WIDTH="226" HEIGHT="23"></TD>
<TD ALIGN="RIGHT" WIDTH="475" HEIGHT="23">(단위 : 백만 원)</TD>
</TR>
</TBODY>
</TABLE>

<TABLE ACLASS="NORMAL" AFIXTABLE="N" WIDTH="717" BORDER="1">

<COLGROUP WIDTH="717">
<COL WIDTH="149"></COL>
<COL WIDTH="150"></COL>
<COL WIDTH="137"></COL>
<COL WIDTH="124"></COL>
<COL WIDTH="157"></COL>
</COLGROUP>

<TBODY>

<TR ACOPY="Y" ADELETE="Y" HEIGHT="30">
<TD COLSPAN="2" WIDTH="290" HEIGHT="23">1. 거래상대방</TD>
<TD WIDTH="128" HEIGHT="23" ALIGN="CENTER" VALIGN="MIDDLE">삼성자산운용(주)</TD>
<TD WIDTH="115" HEIGHT="23" ALIGN="CENTER" VALIGN="MIDDLE">회사와의 관계</TD>
<TD WIDTH="148" HEIGHT="23" ALIGN="CENTER" VALIGN="MIDDLE">계열회사</TD>
</TR>

<TR ACOPY="Y" ADELETE="Y" HEIGHT="30">
<TD COLSPAN="2" WIDTH="290" HEIGHT="23">2. 거래일자</TD>

<TD COLSPAN="3" WIDTH="409" HEIGHT="23" ALIGN="CENTER" VALIGN="MIDDLE">          '26년 1분기(예정)
<SPAN USERMARK="F-8 "> 주1)</SPAN>
</TD>
</TR>

<TR ACOPY="Y" ADELETE="Y" HEIGHT="30">
<TD COLSPAN="2" WIDTH="290" HEIGHT="23">3. 거래금액</TD>
<TD WIDTH="409" HEIGHT="23" COLSPAN="3" ALIGN="CENTER" VALIGN="MIDDLE">348,000</TD>
</TR>

<TR ACOPY="Y" ADELETE="Y" HEIGHT="30">
<TD COLSPAN="2" WIDTH="290" HEIGHT="23">4. 잔액</TD>

<TD COLSPAN="3" WIDTH="409" HEIGHT="23" ALIGN="CENTER" VALIGN="MIDDLE">
<SPAN>8,723,557</SPAN>
<SPAN USERMARK="F-8 "> 주2)</SPAN>
</TD>
</TR>

<TR ACOPY="Y" ADELETE="Y" HEIGHT="30">
<TD ROWSPAN="4" VALIGN="MIDDLE" WIDTH="140" HEIGHT="113">5. 수익증권 내역</TD>
<TD WIDTH="141" HEIGHT="23">가. 수익증권 명칭</TD>
<TD COLSPAN="3" WIDTH="409" HEIGHT="23" ALIGN="CENTER" VALIGN="MIDDLE">삼성 인프라전략 일반사모투자신탁 제4호[지분]</TD>
</TR>

<TR ACOPY="Y" ADELETE="Y" HEIGHT="30">
<TD WIDTH="141" HEIGHT="23">나. 펀드운용사</TD>
<TD WIDTH="128" HEIGHT="23" ALIGN="CENTER" VALIGN="MIDDLE"> 삼성자산운용(주)</TD>
<TD WIDTH="115" HEIGHT="23" ALIGN="CENTER" VALIGN="MIDDLE">회사와의 관계</TD>
<TD WIDTH="148" HEIGHT="23" ALIGN="CENTER" VALIGN="MIDDLE">계열회사</TD>
</TR>

<TR ACOPY="Y" ADELETE="Y" HEIGHT="30">
<TD WIDTH="141" HEIGHT="23">다. 기간</TD>

<TD COLSPAN="3" WIDTH="409" HEIGHT="23" ALIGN="CENTER" VALIGN="MIDDLE">
<SPAN>396개월</SPAN>
<SPAN USERMARK="F-8 "> 주3)</SPAN>
</TD>
</TR>

<TR ACOPY="Y" ADELETE="Y" HEIGHT="30">
<TD WIDTH="141" HEIGHT="23">라. 만기일</TD>

<TD COLSPAN="3" WIDTH="409" HEIGHT="23" ALIGN="CENTER" VALIGN="MIDDLE">
<SPAN>신탁계약 체결일로부터 396개월</SPAN>
<SPAN USERMARK="F-8 "> 주3)</SPAN>
</TD>
</TR>

<TR ACOPY="Y" ADELETE="Y" HEIGHT="30">
<TD COLSPAN="2" WIDTH="290" HEIGHT="23">6. 거래목적</TD>
<TD COLSPAN="3" WIDTH="409" HEIGHT="23" ALIGN="CENTER" VALIGN="MIDDLE">수익증권 투자</TD>
</TR>

<TR ACOPY="Y" ADELETE="Y" HEIGHT="30">
<TD COLSPAN="2" WIDTH="290" HEIGHT="23">7. 이사회 의결일</TD>
<TD COLSPAN="3" WIDTH="409" HEIGHT="23" ALIGN="CENTER" VALIGN="MIDDLE">'25.11.28</TD>
</TR>

<TR ACOPY="Y" ADELETE="Y" HEIGHT="30">
<TD WIDTH="140" HEIGHT="53" ROWSPAN="2">- 사외이사 참석여부</TD>
<TD WIDTH="141" HEIGHT="23">참석(명)</TD>
<TD COLSPAN="3" WIDTH="409" HEIGHT="23" ALIGN="CENTER" VALIGN="MIDDLE">4</TD>
</TR>

<TR ACOPY="Y" ADELETE="Y" HEIGHT="30">
<TD WIDTH="141" HEIGHT="23">불참(명)</TD>
<TD COLSPAN="3" WIDTH="409" HEIGHT="23" ALIGN="CENTER" VALIGN="MIDDLE">-</TD>
</TR>

<TR ACOPY="Y" ADELETE="Y" HEIGHT="30">
<TD COLSPAN="2" WIDTH="290" HEIGHT="23">- 감사(감사위원)참석여부</TD>
<TD COLSPAN="3" WIDTH="409" HEIGHT="23" ALIGN="CENTER" VALIGN="MIDDLE">참석</TD>
</TR>

<TR ACOPY="Y" ADELETE="Y" HEIGHT="30">
<TD COLSPAN="2" WIDTH="290" HEIGHT="23">8. 기타</TD>
<TD COLSPAN="3" WIDTH="409" HEIGHT="23" ALIGN="CENTER" VALIGN="MIDDLE">-</TD>
</TR>

<TR ACOPY="Y" ADELETE="Y" HEIGHT="30">
<TD COLSPAN="2" WIDTH="290" HEIGHT="23">※ 관련공시일</TD>
<TD COLSPAN="3" ALIGN="CENTER" WIDTH="409" HEIGHT="23">-</TD>
</TR>
</TBODY>
</TABLE>
<P USERMARK="F-GL10 ">주1) 거래일자는 본 수익증권 약정체결 시점임주2) 거래상대방과의 수익증권 총 거래 잔액임 ('25.11.27 평가금액 기준)주3) 보유자산의 만기 연장 등 만기 미도래시 연장 가능 </P>
</SECTION-1>
</BODY>
</DOCUMENT>