<?xml version="1.0" encoding="utf-8"?>


<DOCUMENT xmlns:xsi="http://www.w3.org/2001/XMLSchema-instance" xsi:noNamespaceSchemaLocation="dart4.xsd">

<DOCUMENT-NAME ACODE="11305">주요사항보고서(해산사유 발생)</DOCUMENT-NAME>
<FORMULA-VERSION ADATE="20160118">6.0</FORMULA-VERSION>
<COMPANY-NAME AREGCIK="01511813">2020기보제이차유동화전문유한회사</COMPANY-NAME>


<BODY ATOCID="2">

<LIBRARY>
<SECTION-1 ACLASS="MANDATORY" APARTSOURCE="SOURCE">
<TITLE ATOC="Y" AASSOCNOTE="D-0-0-0-0" ENG="Report on Major Issues" ATOCID="2">주 요 사 항 보 고 서</TITLE>

<TABLE ACLASS="NORMAL" AFIXTABLE="Y" WIDTH="600" BORDER="0">

<COLGROUP WIDTH="600">
<COL WIDTH="138"></COL>
<COL WIDTH="183"></COL>
<COL WIDTH="279"></COL>
</COLGROUP>

<TBODY>

<TR ACOPY="Y" ADELETE="Y" HEIGHT="30">
<TD COLSPAN="3" WIDTH="591" HEIGHT="23"></TD>
</TR>

<TR ACOPY="Y" ADELETE="Y" HEIGHT="53">
<TD COLSPAN="3" WIDTH="591" HEIGHT="46"></TD>
</TR>

<TR ACOPY="Y" ADELETE="Y" HEIGHT="30">
<TD COLSPAN="2" VALIGN="MIDDLE" WIDTH="312" HEIGHT="23">금융위원회 귀중</TD>
<TD ALIGN="RIGHT" VALIGN="MIDDLE" WIDTH="270" HEIGHT="23"> 2026 년   1 월   5 일</TD>
</TR>

<TR ACOPY="Y" ADELETE="Y" HEIGHT="53">
<TD COLSPAN="3" WIDTH="591" HEIGHT="46"></TD>
</TR>

<TR ACOPY="Y" ADELETE="Y" HEIGHT="30">
<TD WIDTH="129" HEIGHT="23">회     사     명  :</TD>
<TD COLSPAN="2" WIDTH="453" HEIGHT="23">2020기보제이차유동화전문유한회사</TD>
</TR>

<TR ACOPY="Y" ADELETE="Y" HEIGHT="30">
<TD WIDTH="129" HEIGHT="23">대  표   이  사  :</TD>
<TD COLSPAN="2" WIDTH="453" HEIGHT="23">권  오  성</TD>
</TR>

<TR ACOPY="Y" ADELETE="Y" HEIGHT="30">
<TD WIDTH="129" HEIGHT="23">본 점  소 재 지 :</TD>
<TD COLSPAN="2" WIDTH="453" HEIGHT="23">서울특별시 종로구 새문안로3길 30 (내수동)</TD>
</TR>

<TR ACOPY="Y" ADELETE="Y" HEIGHT="30">
<TD WIDTH="129" HEIGHT="23"></TD>
<TD COLSPAN="2" WIDTH="453" HEIGHT="23">(전  화) 02-729-7745</TD>
</TR>

<TR ACOPY="Y" ADELETE="Y" HEIGHT="30">
<TD WIDTH="129" HEIGHT="23"></TD>
<TD COLSPAN="2" WIDTH="453" HEIGHT="23">(홈페이지)http://</TD>
</TR>

<TR ACOPY="Y" ADELETE="Y" HEIGHT="30">
<TD WIDTH="129" HEIGHT="23"></TD>
<TD COLSPAN="2" WIDTH="453" HEIGHT="23"></TD>
</TR>

<TR ACOPY="Y" ADELETE="Y" HEIGHT="30">
<TD COLSPAN="3" WIDTH="591" HEIGHT="23"></TD>
</TR>

<TR ACOPY="Y" ADELETE="Y" HEIGHT="30">
<TD COLSPAN="3" WIDTH="591" HEIGHT="23"></TD>
</TR>

<TR ACOPY="Y" ADELETE="Y" HEIGHT="30">
<TD WIDTH="129" HEIGHT="23">작 성 책 임 자 :</TD>
<TD WIDTH="174" HEIGHT="23">(직  책) 과 장</TD>
<TD WIDTH="270" HEIGHT="23">(성  명) 박 영 은</TD>
</TR>

<TR ACOPY="Y" ADELETE="Y" HEIGHT="30">
<TD WIDTH="129" HEIGHT="23"></TD>
<TD COLSPAN="2" WIDTH="453" HEIGHT="23">(전  화) 02-729-7972</TD>
</TR>

<TR ACOPY="Y" ADELETE="Y" HEIGHT="30">
<TD COLSPAN="3" WIDTH="591" HEIGHT="23"></TD>
</TR>
</TBODY>
</TABLE>
<P></P>
<PGBRK></PGBRK>
</SECTION-1>
</LIBRARY>


<SECTION-1 ACLASS="MANDATORY" APARTSOURCE="SOURCE">
<TITLE ATOC="Y" AASSOCNOTE="D-0-1-0-0" ENG="Occurrence of Causes for Corporate Dissolution" ATOCID="1">해산사유 발생</TITLE>
<P></P>

<TABLE-GROUP ACLASS="OSM_203" ADELETETABLE="N">

<TABLE ACLASS="EXTRACTION" AFIXTABLE="Y" WIDTH="597" BORDER="1">

<COLGROUP WIDTH="597">
<COL WIDTH="164"></COL>
<COL WIDTH="141"></COL>
<COL WIDTH="292"></COL>
</COLGROUP>

<TBODY>

<TR ACOPY="Y" ADELETE="Y" HEIGHT="76">
<TD COLSPAN="2" VALIGN="MIDDLE" WIDTH="296" HEIGHT="69" AUPDATECONT="N" ENG="1. Cause for dissolution">1. 해산사유</TD>
<TE WIDTH="283" HEIGHT="69" ACODE="OSM_203_01">2020기보제이차유동화전문(유)가 자산유동화법에 따라 발행한 유동화증권의 상환이 불가능하여 파산선고 및 동시폐지</TE>
</TR>

<TR ACOPY="Y" ADELETE="Y" HEIGHT="30">
<TD COLSPAN="2" VALIGN="MIDDLE" WIDTH="296" HEIGHT="23" AUPDATECONT="N" ENG="2. Details of dissolution">2. 해산내용</TD>
<TE WIDTH="283" HEIGHT="23" ACODE="OSM_203_02">정관에 따른 해산사유발생(파산)</TE>
</TR>

<TR ACOPY="Y" ADELETE="Y" HEIGHT="30">
<TD COLSPAN="2" VALIGN="MIDDLE" WIDTH="296" HEIGHT="23" AUPDATECONT="N" ENG="3. Date of occurrence of causes for corporate dissolution (decision date)">3. 해산사유발생일(결정일)</TD>
<TU ALIGN="CENTER" WIDTH="283" HEIGHT="23" AUNIT="OSM_203_05" AUNITVALUE="20251230">2025년 12월 30일</TU>
</TR>

<TR ACOPY="Y" ADELETE="Y" HEIGHT="30">
<TD ROWSPAN="2" VALIGN="MIDDLE" WIDTH="155" HEIGHT="53" AUPDATECONT="N" ENG="- Attendance of outside directors">   - 사외이사 참석여부</TD>
<TD ALIGN="CENTER" VALIGN="MIDDLE" WIDTH="132" HEIGHT="23" AUPDATECONT="N" ENG="Present (No.)">참석 (명)</TD>
<TE ALIGN="CENTER" WIDTH="283" HEIGHT="23" ACODE="OSM_203_06">-</TE>
</TR>

<TR ACOPY="Y" ADELETE="Y" HEIGHT="30">
<TD ALIGN="CENTER" VALIGN="MIDDLE" WIDTH="132" HEIGHT="23" AUPDATECONT="N" ENG="Absent (No.)">불참 (명)</TD>
<TE ALIGN="CENTER" WIDTH="283" HEIGHT="23" ACODE="OSM_203_07">-</TE>
</TR>

<TR ACOPY="Y" ADELETE="Y" HEIGHT="30">
<TD COLSPAN="2" VALIGN="MIDDLE" WIDTH="296" HEIGHT="23" AUPDATECONT="N" ENG="- Attendance of auditors (members of Audit Committee)">   - 감사(감사위원) 참석 여부</TD>
<TU ALIGN="CENTER" WIDTH="283" HEIGHT="23" AUNIT="OSM_203_08" AUNITVALUE="-" ENG="-">-</TU>
</TR>
</TBODY>
</TABLE>
</TABLE-GROUP>
<P></P>

<TABLE ACLASS="NORMAL" AFIXTABLE="Y" WIDTH="600" BORDER="0">

<COLGROUP WIDTH="600">
<COL WIDTH="600"></COL>
</COLGROUP>

<TBODY>

<TR ACOPY="N" ADELETE="N" HEIGHT="30">
<TD WIDTH="591" HEIGHT="23" AUPDATECONT="N" ENG="4. Other matters to be factored into investment decisions">4. 기타 투자판단에 참고할 사항</TD>
</TR>
</TBODY>
</TABLE>
<P>해당사항 없음</P>
<P></P>
</SECTION-1>
</BODY>
</DOCUMENT>