<html>
 <head> 
  <meta content="gdi" http-equiv="X-UA-TextLayoutMetrics"> 
  <meta content="text/html; charset=euc-kr" http-equiv="Content-Type"> 
  <STYLE>
.xforms * { font-family: 돋움체;}
.xforms_title * { font-size: 13pt; padding : 0 0 10 0;}

.xforms table {
    font-size: 10px;
    padding:0px;
    border-collapse:collapse;
    color: #3D3D3D;
}
.xforms td {
    padding-left:0px;
    padding-top:0px;
    border-collapse:collapse;
    line-height:22px;
    color: #3D3D3D;
    /*text-align:right;*/
    vertical-align:middle;
    border: 1px solid #7f7f7f;
}

.xforms span {
    /*display: inline-block;*/
    padding-left:3px;
    padding-right: 1px;
    line-height:22px;
    padding-top:0px;
    padding-bottom:0px;
    text-align:left;
    vertical-align:middle;
    border: 0px solid #DBDBDB;
}

.xforms.img{
    border : 0px;
}

.xforms a:link {

    color: #194866;
    text-decoration: none;
}
.xforms a:active {

    color: #194866;
    text-decoration: none;
}
.xforms a:visited {
    color: #194866;
    text-decoration: none;
}

.xforms A:hover {
    color:008BE3;
    text-decoration: none;
}

.xforms_input{
    border: 0px solid #DBDBDB;
    padding-left:3px;
    padding-right: 1px;
    height:22px;
    padding-top:0px;
    padding-bottom:0px;
    text-align:left;
}
</STYLE> 
  <title>아이티센코어/대표이사 변경/(2026.01.05)대표이사 변경</title> 
 </head> 
 <body> 
  <div class="xforms"> 
   <div> 
    <span class="noprint" style="display:none;width:600px;font-size:10pt;"> </span> 
    <div class="xforms_title"> 
     <div> 
      <span style="width:592px;font-weight:bold;text-align:center;">대표이사 변경</span> 
     </div> 
    </div> 
    <table border="1" bordercolordark="white" bordercolorlight="#666666" cellpadding="1" cellspacing="0" id="XFormD1_Form0_Table0" style="margin:0px 0px 20px 0px;width:600px;font-size:10pt;border:1px solid #7f7f7f;"> 
     <tbody> 
      <tr> 
       <td rowspan="2" width="156"> <span style="width:156px;font-size:10pt;">1. 변경내용</span> </td> 
       <td width="143"> <span style="width:143px;font-size:10pt;text-align:center;">변경전 대표이사</span> </td> 
       <td colspan="2" width="301"> <span class="xforms_input" style="width:301px;font-size:10pt;">김우성</span> </td> 
      </tr> 
      <tr> 
       <td width="143"> <span style="width:143px;font-size:10pt;text-align:center;">변경후 대표이사</span> </td> 
       <td colspan="2" width="301"> <span class="xforms_input" style="width:301px;font-size:10pt;">김완호</span> </td> 
      </tr> 
      <tr> 
       <td colspan="2" width="299"> <span style="width:299px;font-size:10pt;">2. 변경사유</span> </td> 
       <td colspan="2" width="301"> <span class="xforms_input" style="width:301px;font-size:10pt;">대표이사 일신상의 사임에 따른 신규 대표이사 선임</span> </td> 
      </tr> 
      <tr> 
       <td colspan="2" width="299"> <span style="width:299px;font-size:10pt;">3. 변경일</span> </td> 
       <td colspan="2" width="301"> <span class="xforms_input" style="width:301px;font-size:10pt;">2026-01-05</span> </td> 
      </tr> 
      <tr> 
       <td colspan="2" width="299"> <span style="width:299px;font-size:10pt;">4. 이사회결의일</span> </td> 
       <td colspan="2" width="301"> <span class="xforms_input" style="width:301px;font-size:10pt;">2026-01-05</span> </td> 
      </tr> 
      <tr> 
       <td rowspan="2" width="156"> <span style="width:156px;font-size:10pt;">-사외이사 참석여부</span> </td> 
       <td width="143"> <span style="width:143px;font-size:10pt;text-align:center;">참석(명)</span> </td> 
       <td colspan="2" width="301"> <span class="xforms_input" style="width:301px;font-size:10pt;text-align:right;">-</span> </td> 
      </tr> 
      <tr> 
       <td width="143"> <span style="width:143px;font-size:10pt;text-align:center;">불참(명)</span> </td> 
       <td colspan="2" width="301"> <span class="xforms_input" style="width:301px;font-size:10pt;text-align:right;">-</span> </td> 
      </tr> 
      <tr> 
       <td colspan="2" width="299"> <span style="width:299px;font-size:10pt;">-감사(사외이사가 아닌 감사위원)참석여부</span> </td> 
       <td colspan="2" width="301"> <span class="xforms_input" style="width:301px;font-size:10pt;">참석</span> </td> 
      </tr> 
      <tr> 
       <td colspan="2" rowspan="2" width="299"> <span style="width:299px;font-size:10pt;">5. 기타 투자판단과 관련한 중요사항</span> </td> 
       <td colspan="2" width="301"> <span class="xforms_input" style="width:301px;font-size:10pt;">-</span> </td> 
      </tr> 
      <tr> 
       <td width="88"> <span style="width:88px;font-size:10pt;">※ 관련공시</span> </td> 
       <td width="213"> <span class="xforms_input" style="width:213px;font-size:10pt;">-</span> </td> 
      </tr> 
     </tbody> 
    </table> 
    <span style="width:600px;font-size:11pt;font-weight:bold;">[변경후 대표이사 전체내역 ]</span> 
    <table border="1" bordercolordark="white" bordercolorlight="#666666" cellpadding="1" cellspacing="0" id="XFormD2_Form0_RepeatTable0" style="margin:0px 0px 20px 0px;width:600px;border:1px solid #7f7f7f;"> 
     <tbody> 
      <tr> 
       <td width="100"> <span style="width:100px;font-size:10pt;text-align:center;">성 명</span> </td> 
       <td width="100"> <span style="width:100px;font-size:10pt;text-align:center;">생년월일</span> </td> 
       <td width="130"> <span style="width:130px;font-size:10pt;text-align:center;">최대주주와의 관계</span> </td> 
       <td width="94"> <span style="width:94px;font-size:10pt;text-align:center;">주식수</span> </td> 
       <td width="89"> <span style="width:89px;font-size:10pt;text-align:center;">지분율(%)</span> </td> 
       <td width="87"> <span style="width:87px;font-size:10pt;text-align:center;">비고</span> </td> 
      </tr> 
      <tr> 
       <td width="100"> <span class="xforms_input" style="width:100px;font-size:10pt;">김완호</span> </td> 
       <td width="100"> <span class="xforms_input" style="width:100px;font-size:10pt;">1971-09-27</span> </td> 
       <td width="130"> <span class="xforms_input" style="width:130px;font-size:10pt;">특수관계인</span> </td> 
       <td width="94"> <span class="xforms_input" style="width:94px;font-size:10pt;text-align:right;">162,960</span> </td> 
       <td width="89"> <span class="xforms_input" style="width:89px;font-size:10pt;text-align:right;">5.63%</span> </td> 
       <td width="87"> <span class="xforms_input" style="width:87px;font-size:10pt;">-</span> </td> 
      </tr> 
     </tbody> 
    </table> 
    <span style="width:600px;font-size:11pt;font-weight:bold;">[주요경력]</span> 
    <table border="1" bordercolordark="white" bordercolorlight="#666666" cellpadding="1" cellspacing="0" id="XFormD2_Form0_RepeatTable1" style="margin:0px 0px 20px 0px;width:600px;border:1px solid #7f7f7f;"> 
     <tbody> 
      <tr> 
       <td width="103"> <span style="width:103px;font-size:10pt;text-align:center;">성 명</span> </td> 
       <td width="116"> <span style="width:116px;font-size:10pt;text-align:center;">회사명</span> </td> 
       <td width="90"> <span style="width:90px;font-size:10pt;text-align:center;">직위</span> </td> 
       <td width="104"> <span style="width:104px;font-size:10pt;text-align:center;">입사연월일</span> </td> 
       <td width="99"> <span style="width:99px;font-size:10pt;text-align:center;">퇴사연월일</span> </td> 
       <td width="88"> <span style="width:88px;font-size:10pt;text-align:center;">비고</span> </td> 
      </tr> 
      <tr> 
       <td width="103"> <span class="xforms_input" style="width:103px;font-size:10pt;">김완호</span> </td> 
       <td width="116"> <span class="xforms_input" style="width:116px;font-size:10pt;">시너지온</span> </td> 
       <td width="90"> <span class="xforms_input" style="width:90px;font-size:10pt;">대표이사</span> </td> 
       <td width="104"> <span class="xforms_input" style="width:104px;font-size:10pt;">2025-01-01</span> </td> 
       <td width="99"> <span class="xforms_input" style="width:99px;font-size:10pt;">-</span> </td> 
       <td width="88"> <span class="xforms_input" style="width:88px;font-size:10pt;">-</span> </td> 
      </tr> 
      <tr> 
       <td width="103"> <span class="xforms_input" style="width:103px;font-size:10pt;">김완호</span> </td> 
       <td width="116"> <span class="xforms_input" style="width:116px;font-size:10pt;">아이티센씨티에스</span> </td> 
       <td width="90"> <span class="xforms_input" style="width:90px;font-size:10pt;">집행임원</span> </td> 
       <td width="104"> <span class="xforms_input" style="width:104px;font-size:10pt;">2021-06-01</span> </td> 
       <td width="99"> <span class="xforms_input" style="width:99px;font-size:10pt;">2024-12-31</span> </td> 
       <td width="88"> <span class="xforms_input" style="width:88px;font-size:10pt;">-</span> </td> 
      </tr> 
      <tr> 
       <td width="103"> <span class="xforms_input" style="width:103px;font-size:10pt;">김완호</span> </td> 
       <td width="116"> <span class="xforms_input" style="width:116px;font-size:10pt;">아이티센글로벌</span> </td> 
       <td width="90"> <span class="xforms_input" style="width:90px;font-size:10pt;">-</span> </td> 
       <td width="104"> <span class="xforms_input" style="width:104px;font-size:10pt;">2005-08-20</span> </td> 
       <td width="99"> <span class="xforms_input" style="width:99px;font-size:10pt;">2017-03-03</span> </td> 
       <td width="88"> <span class="xforms_input" style="width:88px;font-size:10pt;">-</span> </td> 
      </tr> 
     </tbody> 
    </table> 
   </div> 
  </div>  
 </body>
</html>