<html>
 <head> 
  <meta content="gdi" http-equiv="X-UA-TextLayoutMetrics"> 
  <meta content="text/html; charset=euc-kr" http-equiv="Content-Type"> 
  <STYLE>
.xforms * { font-family: 돋움체;}
.xforms_title * { font-size: 13pt; padding : 0 0 10 0;}

.xforms table {
    font-size: 10px;
    padding:0px;
    border-collapse:collapse;
    color: #3D3D3D;
}
.xforms td {
    padding-left:0px;
    padding-top:0px;
    border-collapse:collapse;
    line-height:22px;
    color: #3D3D3D;
    /*text-align:right;*/
    vertical-align:middle;
    border: 1px solid #7f7f7f;
}

.xforms span {
    /*display: inline-block;*/
    padding-left:3px;
    padding-right: 1px;
    line-height:22px;
    padding-top:0px;
    padding-bottom:0px;
    text-align:left;
    vertical-align:middle;
    border: 0px solid #DBDBDB;
}

.xforms.img{
    border : 0px;
}

.xforms a:link {

    color: #194866;
    text-decoration: none;
}
.xforms a:active {

    color: #194866;
    text-decoration: none;
}
.xforms a:visited {
    color: #194866;
    text-decoration: none;
}

.xforms A:hover {
    color:008BE3;
    text-decoration: none;
}

.xforms_input{
    border: 0px solid #DBDBDB;
    padding-left:3px;
    padding-right: 1px;
    height:22px;
    padding-top:0px;
    padding-bottom:0px;
    text-align:left;
}
</STYLE> 
  <title>GKL/영업(잠정)실적(공정공시)/(2026.01.05)영업(잠정)실적(공정공시)</title> 
 </head> 
 <body> 
  <div class="xforms"> 
   <div> 
    <span class="noprint" style="display:none;width:600px;font-size:10pt;"> </span> 
    <div class="xforms_title"> 
     <div> 
      <span style="width:600px;font-weight:bold;text-align:center;">영업(잠정)실적(공정공시)</span> 
     </div> 
    </div> 
    <span class="noprint" style="display:none;width:600px;font-size:10pt;"> </span> 
    <table border="1" bordercolordark="white" bordercolorlight="#666666" cellpadding="1" cellspacing="0" id="XFormD1_Form0_Table0" style="margin:0px 0px 20px 0px;width:599px;font-size:10pt;border:1px solid #7f7f7f;"> 
     <tbody> 
      <tr> 
       <td colspan="4" width="599"> <span style="width:599px;font-size:10pt;">실적기간</span> </td> 
      </tr> 
      <tr> 
       <td width="202"> <span style="width:202px;font-size:10pt;">당기실적</span> </td> 
       <td width="184"> <span class="xforms_input" style="width:184px;font-size:10pt;">2025-12-01</span> </td> 
       <td width="27"> <span style="width:27px;font-size:10pt;text-align:center;">~</span> </td> 
       <td width="186"> <span class="xforms_input" style="width:186px;font-size:10pt;">2025-12-31</span> </td> 
      </tr> 
      <tr> 
       <td width="202"> <span style="width:202px;font-size:10pt;">전기실적</span> </td> 
       <td width="184"> <span class="xforms_input" style="width:184px;font-size:10pt;">2025-11-01</span> </td> 
       <td width="27"> <span style="width:27px;font-size:10pt;text-align:center;">~</span> </td> 
       <td width="186"> <span class="xforms_input" style="width:186px;font-size:10pt;">2025-11-30</span> </td> 
      </tr> 
      <tr> 
       <td width="202"> <span style="width:202px;font-size:10pt;">전년동기실적</span> </td> 
       <td width="184"> <span class="xforms_input" style="width:184px;font-size:10pt;">2024-12-01</span> </td> 
       <td width="27"> <span style="width:27px;font-size:10pt;text-align:center;">~</span> </td> 
       <td width="186"> <span class="xforms_input" style="width:186px;font-size:10pt;">2024-12-31</span> </td> 
      </tr> 
      <tr> 
       <td width="202"> <span style="width:202px;font-size:10pt;">당기누계실적</span> </td> 
       <td width="184"> <span class="xforms_input" style="width:184px;font-size:10pt;">2025-01-01</span> </td> 
       <td width="27"> <span style="width:27px;font-size:10pt;text-align:center;">~</span> </td> 
       <td width="186"> <span class="xforms_input" style="width:186px;font-size:10pt;">2025-12-31</span> </td> 
      </tr> 
      <tr> 
       <td width="202"> <span style="width:202px;font-size:10pt;">전년동기누적실적</span> </td> 
       <td width="184"> <span class="xforms_input" style="width:184px;font-size:10pt;">2024-01-01</span> </td> 
       <td width="27"> <span style="width:27px;font-size:10pt;text-align:center;">~</span> </td> 
       <td width="186"> <span class="xforms_input" style="width:186px;font-size:10pt;">2024-12-31</span> </td> 
      </tr> 
     </tbody> 
    </table> 
    <table border="1" bordercolordark="white" bordercolorlight="#666666" cellpadding="1" cellspacing="0" id="XFormD1_Form0_RepeatTable1" style="margin:0px 0px 20px 0px;width:602px;font-size:10pt;border:1px solid #7f7f7f;"> 
     <tbody> 
      <tr> 
       <td colspan="9" width="602"> <span style="width:602px;font-size:10pt;">※ 동 정보는 잠정치로서 향후 확정치와는 다를 수 있음.</span> </td> 
      </tr> 
      <tr> 
       <td colspan="4" width="308"> <span style="width:308px;font-size:10pt;">1. 실적내용</span> </td> 
       <td colspan="5" width="294"> <span class="xforms_input" style="width:294px;font-size:10pt;text-align:right;">단위 : 백만원, %</span> </td> 
      </tr> 
      <tr> 
       <td colspan="2" rowspan="2" width="160"> <span style="width:160px;font-size:10pt;text-align:center;">구분</span> </td> 
       <td width="73"> <span style="width:73px;font-size:10pt;text-align:center;">당기실적</span> </td> 
       <td width="75"> <span style="width:75px;font-size:10pt;text-align:center;">전기실적</span> </td> 
       <td colspan="2" width="113"> <span style="width:113px;font-size:10pt;text-align:center;">전기대비</span> </td> 
       <td width="67"> <span style="width:67px;font-size:10pt;text-align:center;">전년동기실적</span> </td> 
       <td colspan="2" width="114"> <span style="width:114px;font-size:10pt;text-align:center;">전년동기대비</span> </td> 
      </tr> 
      <tr> 
       <td width="73"> <span class="xforms_input" style="width:73px;font-size:10pt;text-align:center;">( - )</span> </td> 
       <td width="75"> <span class="xforms_input" style="width:75px;font-size:10pt;text-align:center;">( - )</span> </td> 
       <td width="51"> <span style="width:51px;font-size:10pt;text-align:center;">증감율(%)</span> </td> 
       <td width="62"> <span style="width:62px;font-size:10pt;text-align:center;">흑자적자전환여부</span> </td> 
       <td width="67"> <span class="xforms_input" style="width:67px;font-size:10pt;text-align:center;">( - )</span> </td> 
       <td width="52"> <span style="width:52px;font-size:10pt;text-align:center;">증감율(%)</span> </td> 
       <td width="62"> <span style="width:62px;font-size:10pt;text-align:center;">흑자적자전환여부</span> </td> 
      </tr> 
      <tr> 
       <td rowspan="2" width="76"> <span style="width:76px;font-size:10pt;text-align:center;">매출액</span> </td> 
       <td width="84"> <span style="width:84px;font-size:10pt;text-align:center;">당해실적</span> </td> 
       <td width="73"> <span class="xforms_input" style="width:73px;font-size:10pt;text-align:right;">-</span> </td> 
       <td width="75"> <span class="xforms_input" style="width:75px;font-size:10pt;text-align:right;">-</span> </td> 
       <td width="51"> <span class="xforms_input" style="width:51px;font-size:10pt;text-align:right;">-</span> </td> 
       <td width="62"> <span class="xforms_input" style="width:62px;font-size:10pt;">-</span> </td> 
       <td width="67"> <span class="xforms_input" style="width:67px;font-size:10pt;text-align:right;">-</span> </td> 
       <td width="52"> <span class="xforms_input" style="width:52px;font-size:10pt;text-align:right;">-</span> </td> 
       <td width="62"> <span class="xforms_input" style="width:62px;font-size:10pt;">-</span> </td> 
      </tr> 
      <tr> 
       <td width="84"> <span style="width:84px;font-size:10pt;text-align:center;">누계실적</span> </td> 
       <td width="73"> <span class="xforms_input" style="width:73px;font-size:10pt;text-align:right;">-</span> </td> 
       <td width="75"> <span style="width:75px;font-size:10pt;text-align:right;">-</span> </td> 
       <td width="51"> <span style="width:51px;font-size:10pt;text-align:right;">-</span> </td> 
       <td width="62"> <span style="width:62px;font-size:10pt;">-</span> </td> 
       <td width="67"> <span class="xforms_input" style="width:67px;font-size:10pt;text-align:right;">-</span> </td> 
       <td width="52"> <span class="xforms_input" style="width:52px;font-size:10pt;text-align:right;">-</span> </td> 
       <td width="62"> <span class="xforms_input" style="width:62px;font-size:10pt;">-</span> </td> 
      </tr> 
      <tr> 
       <td rowspan="2" width="76"> <span style="width:76px;font-size:10pt;text-align:center;">영업이익</span> </td> 
       <td width="84"> <span style="width:84px;font-size:10pt;text-align:center;">당해실적</span> </td> 
       <td width="73"> <span class="xforms_input" style="width:73px;font-size:10pt;text-align:right;">-</span> </td> 
       <td width="75"> <span class="xforms_input" style="width:75px;font-size:10pt;text-align:right;">-</span> </td> 
       <td width="51"> <span class="xforms_input" style="width:51px;font-size:10pt;text-align:right;">-</span> </td> 
       <td width="62"> <span class="xforms_input" style="width:62px;font-size:10pt;">-</span> </td> 
       <td width="67"> <span class="xforms_input" style="width:67px;font-size:10pt;text-align:right;">-</span> </td> 
       <td width="52"> <span class="xforms_input" style="width:52px;font-size:10pt;text-align:right;">-</span> </td> 
       <td width="62"> <span class="xforms_input" style="width:62px;font-size:10pt;">-</span> </td> 
      </tr> 
      <tr> 
       <td width="84"> <span style="width:84px;font-size:10pt;text-align:center;">누계실적</span> </td> 
       <td width="73"> <span class="xforms_input" style="width:73px;font-size:10pt;text-align:right;">-</span> </td> 
       <td width="75"> <span style="width:75px;font-size:10pt;text-align:right;">-</span> </td> 
       <td width="51"> <span style="width:51px;font-size:10pt;text-align:right;">-</span> </td> 
       <td width="62"> <span style="width:62px;font-size:10pt;">-</span> </td> 
       <td width="67"> <span class="xforms_input" style="width:67px;font-size:10pt;text-align:right;">-</span> </td> 
       <td width="52"> <span class="xforms_input" style="width:52px;font-size:10pt;text-align:right;">-</span> </td> 
       <td width="62"> <span class="xforms_input" style="width:62px;font-size:10pt;">-</span> </td> 
      </tr> 
      <tr> 
       <td rowspan="2" width="76"> <span style="width:76px;font-size:10pt;text-align:center;">법인세비용차감전계속사업이익</span> </td> 
       <td width="84"> <span style="width:84px;font-size:10pt;text-align:center;">당해실적</span> </td> 
       <td width="73"> <span class="xforms_input" style="width:73px;font-size:10pt;text-align:right;">-</span> </td> 
       <td width="75"> <span class="xforms_input" style="width:75px;font-size:10pt;text-align:right;">-</span> </td> 
       <td width="51"> <span class="xforms_input" style="width:51px;font-size:10pt;text-align:right;">-</span> </td> 
       <td width="62"> <span class="xforms_input" style="width:62px;font-size:10pt;">-</span> </td> 
       <td width="67"> <span class="xforms_input" style="width:67px;font-size:10pt;text-align:right;">-</span> </td> 
       <td width="52"> <span class="xforms_input" style="width:52px;font-size:10pt;text-align:right;">-</span> </td> 
       <td width="62"> <span class="xforms_input" style="width:62px;font-size:10pt;">-</span> </td> 
      </tr> 
      <tr> 
       <td width="84"> <span style="width:84px;font-size:10pt;text-align:center;">누계실적</span> </td> 
       <td width="73"> <span class="xforms_input" style="width:73px;font-size:10pt;text-align:right;">-</span> </td> 
       <td width="75"> <span style="width:75px;font-size:10pt;text-align:right;">-</span> </td> 
       <td width="51"> <span style="width:51px;font-size:10pt;text-align:right;">-</span> </td> 
       <td width="62"> <span style="width:62px;font-size:10pt;">-</span> </td> 
       <td width="67"> <span class="xforms_input" style="width:67px;font-size:10pt;text-align:right;">-</span> </td> 
       <td width="52"> <span class="xforms_input" style="width:52px;font-size:10pt;text-align:right;">-</span> </td> 
       <td width="62"> <span class="xforms_input" style="width:62px;font-size:10pt;">-</span> </td> 
      </tr> 
      <tr> 
       <td rowspan="2" width="76"> <span style="width:76px;font-size:10pt;text-align:center;">당기순이익</span> </td> 
       <td width="84"> <span style="width:84px;font-size:10pt;text-align:center;">당해실적</span> </td> 
       <td width="73"> <span class="xforms_input" style="width:73px;font-size:10pt;text-align:right;">-</span> </td> 
       <td width="75"> <span class="xforms_input" style="width:75px;font-size:10pt;text-align:right;">-</span> </td> 
       <td width="51"> <span class="xforms_input" style="width:51px;font-size:10pt;text-align:right;">-</span> </td> 
       <td width="62"> <span class="xforms_input" style="width:62px;font-size:10pt;">-</span> </td> 
       <td width="67"> <span class="xforms_input" style="width:67px;font-size:10pt;text-align:right;">-</span> </td> 
       <td width="52"> <span class="xforms_input" style="width:52px;font-size:10pt;text-align:right;">-</span> </td> 
       <td width="62"> <span class="xforms_input" style="width:62px;font-size:10pt;">-</span> </td> 
      </tr> 
      <tr> 
       <td width="84"> <span style="width:84px;font-size:10pt;text-align:center;">누계실적</span> </td> 
       <td width="73"> <span class="xforms_input" style="width:73px;font-size:10pt;text-align:right;">-</span> </td> 
       <td width="75"> <span style="width:75px;font-size:10pt;text-align:right;">-</span> </td> 
       <td width="51"> <span style="width:51px;font-size:10pt;text-align:right;">-</span> </td> 
       <td width="62"> <span style="width:62px;font-size:10pt;">-</span> </td> 
       <td width="67"> <span class="xforms_input" style="width:67px;font-size:10pt;text-align:right;">-</span> </td> 
       <td width="52"> <span class="xforms_input" style="width:52px;font-size:10pt;text-align:right;">-</span> </td> 
       <td width="62"> <span class="xforms_input" style="width:62px;font-size:10pt;">-</span> </td> 
      </tr> 
      <tr> 
       <td colspan="2" width="160"> <span class="xforms_input" style="width:160px;font-size:10pt;">구분(단위:백만원,%)</span> </td> 
       <td width="73"> <span class="xforms_input" style="width:73px;font-size:10pt;text-align:right;">당기실적</span> </td> 
       <td width="75"> <span class="xforms_input" style="width:75px;font-size:10pt;text-align:right;">전기실적</span> </td> 
       <td width="51"> <span class="xforms_input" style="width:51px;font-size:10pt;text-align:right;">전기 <br xmlns:java="http://xml.apache.org/xalan/java">대비 <br xmlns:java="http://xml.apache.org/xalan/java">증감율(%)</span> </td> 
       <td width="62"> <span class="xforms_input" style="width:62px;font-size:10pt;">흑자적자 <br xmlns:java="http://xml.apache.org/xalan/java">전환여부</span> </td> 
       <td width="67"> <span class="xforms_input" style="width:67px;font-size:10pt;text-align:right;">전년동기실적</span> </td> 
       <td width="52"> <span class="xforms_input" style="width:52px;font-size:10pt;text-align:right;">전년동기대비증감율(%)</span> </td> 
       <td width="62"> <span class="xforms_input" style="width:62px;font-size:10pt;">흑자적자 <br xmlns:java="http://xml.apache.org/xalan/java">전환여부</span> </td> 
      </tr> 
      <tr> 
       <td colspan="2" width="160"> <span class="xforms_input" style="width:160px;font-size:10pt;">카지노매출액</span> </td> 
       <td width="73"> <span class="xforms_input" style="width:73px;font-size:10pt;text-align:right;">36,302</span> </td> 
       <td width="75"> <span class="xforms_input" style="width:75px;font-size:10pt;text-align:right;">41,749</span> </td> 
       <td width="51"> <span class="xforms_input" style="width:51px;font-size:10pt;text-align:right;">-13.0</span> </td> 
       <td width="62"> <span class="xforms_input" style="width:62px;font-size:10pt;">-</span> </td> 
       <td width="67"> <span class="xforms_input" style="width:67px;font-size:10pt;text-align:right;">38,775</span> </td> 
       <td width="52"> <span class="xforms_input" style="width:52px;font-size:10pt;text-align:right;">-6.4</span> </td> 
       <td width="62"> <span class="xforms_input" style="width:62px;font-size:10pt;">-</span> </td> 
      </tr> 
      <tr> 
       <td colspan="2" width="160"> <span class="xforms_input" style="width:160px;font-size:10pt;">- 테이블</span> </td> 
       <td width="73"> <span class="xforms_input" style="width:73px;font-size:10pt;text-align:right;">33,068</span> </td> 
       <td width="75"> <span class="xforms_input" style="width:75px;font-size:10pt;text-align:right;">38,376</span> </td> 
       <td width="51"> <span class="xforms_input" style="width:51px;font-size:10pt;text-align:right;">-13.8</span> </td> 
       <td width="62"> <span class="xforms_input" style="width:62px;font-size:10pt;">-</span> </td> 
       <td width="67"> <span class="xforms_input" style="width:67px;font-size:10pt;text-align:right;">35,713</span> </td> 
       <td width="52"> <span class="xforms_input" style="width:52px;font-size:10pt;text-align:right;">-7.4</span> </td> 
       <td width="62"> <span class="xforms_input" style="width:62px;font-size:10pt;">-</span> </td> 
      </tr> 
      <tr> 
       <td colspan="2" width="160"> <span class="xforms_input" style="width:160px;font-size:10pt;">- 머  신</span> </td> 
       <td width="73"> <span class="xforms_input" style="width:73px;font-size:10pt;text-align:right;">3,234</span> </td> 
       <td width="75"> <span class="xforms_input" style="width:75px;font-size:10pt;text-align:right;">3,373</span> </td> 
       <td width="51"> <span class="xforms_input" style="width:51px;font-size:10pt;text-align:right;">-4.1</span> </td> 
       <td width="62"> <span class="xforms_input" style="width:62px;font-size:10pt;">-</span> </td> 
       <td width="67"> <span class="xforms_input" style="width:67px;font-size:10pt;text-align:right;">3,062</span> </td> 
       <td width="52"> <span class="xforms_input" style="width:52px;font-size:10pt;text-align:right;">5.6</span> </td> 
       <td width="62"> <span class="xforms_input" style="width:62px;font-size:10pt;">-</span> </td> 
      </tr> 
      <tr> 
       <td colspan="2" width="160"> <span class="xforms_input" style="width:160px;font-size:10pt;">구분(단위:백만원,%)</span> </td> 
       <td width="73"> <span class="xforms_input" style="width:73px;font-size:10pt;text-align:right;">당기누계 <br xmlns:java="http://xml.apache.org/xalan/java">실적</span> </td> 
       <td width="75"> <span class="xforms_input" style="width:75px;font-size:10pt;text-align:right;">-</span> </td> 
       <td width="51"> <span class="xforms_input" style="width:51px;font-size:10pt;text-align:right;">-</span> </td> 
       <td width="62"> <span class="xforms_input" style="width:62px;font-size:10pt;">-</span> </td> 
       <td width="67"> <span class="xforms_input" style="width:67px;font-size:10pt;text-align:right;">전년동기누적실적</span> </td> 
       <td width="52"> <span class="xforms_input" style="width:52px;font-size:10pt;text-align:right;">전년동기누적대비 <br xmlns:java="http://xml.apache.org/xalan/java">증감율 <br xmlns:java="http://xml.apache.org/xalan/java">(%)</span> </td> 
       <td width="62"> <span class="xforms_input" style="width:62px;font-size:10pt;">흑자적자 <br xmlns:java="http://xml.apache.org/xalan/java">전환여부</span> </td> 
      </tr> 
      <tr> 
       <td colspan="2" width="160"> <span class="xforms_input" style="width:160px;font-size:10pt;">카지노매출액</span> </td> 
       <td width="73"> <span class="xforms_input" style="width:73px;font-size:10pt;text-align:right;">425,326</span> </td> 
       <td width="75"> <span class="xforms_input" style="width:75px;font-size:10pt;text-align:right;">-</span> </td> 
       <td width="51"> <span class="xforms_input" style="width:51px;font-size:10pt;text-align:right;">-</span> </td> 
       <td width="62"> <span class="xforms_input" style="width:62px;font-size:10pt;">-</span> </td> 
       <td width="67"> <span class="xforms_input" style="width:67px;font-size:10pt;text-align:right;">393,688</span> </td> 
       <td width="52"> <span class="xforms_input" style="width:52px;font-size:10pt;text-align:right;">8.0</span> </td> 
       <td width="62"> <span class="xforms_input" style="width:62px;font-size:10pt;">-</span> </td> 
      </tr> 
      <tr> 
       <td colspan="2" width="160"> <span class="xforms_input" style="width:160px;font-size:10pt;">- 테이블</span> </td> 
       <td width="73"> <span class="xforms_input" style="width:73px;font-size:10pt;text-align:right;">385,888</span> </td> 
       <td width="75"> <span class="xforms_input" style="width:75px;font-size:10pt;text-align:right;">-</span> </td> 
       <td width="51"> <span class="xforms_input" style="width:51px;font-size:10pt;text-align:right;">-</span> </td> 
       <td width="62"> <span class="xforms_input" style="width:62px;font-size:10pt;">-</span> </td> 
       <td width="67"> <span class="xforms_input" style="width:67px;font-size:10pt;text-align:right;">358,808</span> </td> 
       <td width="52"> <span class="xforms_input" style="width:52px;font-size:10pt;text-align:right;">7.5</span> </td> 
       <td width="62"> <span class="xforms_input" style="width:62px;font-size:10pt;">-</span> </td> 
      </tr> 
      <tr> 
       <td colspan="2" width="160"> <span class="xforms_input" style="width:160px;font-size:10pt;">- 머  신</span> </td> 
       <td width="73"> <span class="xforms_input" style="width:73px;font-size:10pt;text-align:right;">39,438</span> </td> 
       <td width="75"> <span class="xforms_input" style="width:75px;font-size:10pt;text-align:right;">-</span> </td> 
       <td width="51"> <span class="xforms_input" style="width:51px;font-size:10pt;text-align:right;">-</span> </td> 
       <td width="62"> <span class="xforms_input" style="width:62px;font-size:10pt;">-</span> </td> 
       <td width="67"> <span class="xforms_input" style="width:67px;font-size:10pt;text-align:right;">34,880</span> </td> 
       <td width="52"> <span class="xforms_input" style="width:52px;font-size:10pt;text-align:right;">13.1</span> </td> 
       <td width="62"> <span class="xforms_input" style="width:62px;font-size:10pt;">-</span> </td> 
      </tr> 
      <tr> 
       <td colspan="2" rowspan="5" width="160"> <span style="width:160px;font-size:10pt;">2. 정보제공내역</span> </td> 
       <td colspan="2" width="148"> <span style="width:148px;font-size:10pt;">정보제공자</span> </td> 
       <td colspan="5" width="294"> <span class="xforms_input" style="width:294px;font-size:10pt;">그랜드코리아레저(주)</span> </td> 
      </tr> 
      <tr> 
       <td colspan="2" width="148"> <span style="width:148px;font-size:10pt;">정보제공대상자</span> </td> 
       <td colspan="5" width="294"> <span class="xforms_input" style="width:294px;font-size:10pt;">일반투자자, 국내외 기관투자자, <br xmlns:java="http://xml.apache.org/xalan/java">애널리스트, 언론사 등</span> </td> 
      </tr> 
      <tr> 
       <td colspan="2" width="148"> <span style="width:148px;font-size:10pt;">정보제공(예정)일자</span> </td> 
       <td colspan="5" width="294"> <span class="xforms_input" style="width:294px;font-size:10pt;">공정공시 이후 수시 제공</span> </td> 
      </tr> 
      <tr> 
       <td colspan="2" width="148"> <span style="width:148px;font-size:10pt;">정보제공(예정)시간</span> </td> 
       <td colspan="5" width="294"> <span class="xforms_input" style="width:294px;font-size:10pt;">공정공시 이후 수시 제공</span> </td> 
      </tr> 
      <tr> 
       <td colspan="2" width="148"> <span style="width:148px;font-size:10pt;">행사명(장소)</span> </td> 
       <td colspan="5" width="294"> <span class="xforms_input" style="width:294px;font-size:10pt;">-</span> </td> 
      </tr> 
      <tr> 
       <td colspan="2" rowspan="2" width="160"> <span style="width:160px;font-size:10pt;">3. 연락처</span> </td> 
       <td colspan="2" width="148"> <span style="width:148px;font-size:10pt;">관련부서</span> </td> 
       <td colspan="5" width="294"> <span class="xforms_input" style="width:294px;font-size:10pt;">회계팀</span> </td> 
      </tr> 
      <tr> 
       <td colspan="2" width="148"> <span style="width:148px;font-size:10pt;">전화번호</span> </td> 
       <td colspan="5" width="294"> <span class="xforms_input" style="width:294px;font-size:10pt;">02-6421-6476</span> </td> 
      </tr> 
      <tr> 
       <td colspan="9" width="602"> <span style="width:602px;font-size:10pt;">4. 기타 투자판단과 관련한 중요사항</span> </td> 
      </tr> 
      <tr> 
       <td colspan="9" width="602"> <span class="xforms_input" style="width:602px;font-size:10pt;">※ 드롭액 : 고객이 칩 구입을 위해 지불한 금액(단위:백만원) <br xmlns:java="http://xml.apache.org/xalan/java">================================================================================== <br xmlns:java="http://xml.apache.org/xalan/java">
         <!--?javax.xml.transform.disable-output-escaping?--> 
         <!--?javax.xml.transform.enable-output-escaping?--> 당기실적    전기실적    전기대비증감율(%)    전년동기실적   전년동기대비증감율(%) <br xmlns:java="http://xml.apache.org/xalan/java">
         <!--?javax.xml.transform.disable-output-escaping?--> 
         <!--?javax.xml.transform.enable-output-escaping?--> 330,368     326,974          1.0%              275,657           19.8% <br xmlns:java="http://xml.apache.org/xalan/java">---------------------------------------------------------------------------------- <br xmlns:java="http://xml.apache.org/xalan/java">
         <!--?javax.xml.transform.disable-output-escaping?--> 
         <!--?javax.xml.transform.enable-output-escaping?-->  당기누적       전년동기누적실적       전년동기누적대비증감율(%) <br xmlns:java="http://xml.apache.org/xalan/java">
         <!--?javax.xml.transform.disable-output-escaping?--> 
         <!--?javax.xml.transform.enable-output-escaping?--> 3,703,192          3,648,116                  1.5% <br xmlns:java="http://xml.apache.org/xalan/java">================================================================================== <br xmlns:java="http://xml.apache.org/xalan/java">1. 상기 실적은 잠정 실적으로 향후 변경될 수 있습니다. <br xmlns:java="http://xml.apache.org/xalan/java"> <br xmlns:java="http://xml.apache.org/xalan/java">2. 실적 관련자료는 '당사 홈페이지 IR 실적자료실(https://www.grandkorea.com)에 <br xmlns:java="http://xml.apache.org/xalan/java">
         <!--?javax.xml.transform.disable-output-escaping?--> 
         <!--?javax.xml.transform.enable-output-escaping?-->   게시될 예정입니다.</span> </td> 
      </tr> 
      <tr> 
       <td colspan="2" width="160"> <span style="width:160px;font-size:10pt;">※ 관련공시</span> </td> 
       <td colspan="7" width="442"> <span class="xforms_input" style="width:442px;font-size:10pt;">-</span> </td> 
      </tr> 
     </tbody> 
    </table> 
   </div> 
  </div>  
 </body>
</html>