<?xml version="1.0" encoding="utf-8"?>


<DOCUMENT xmlns:xsi="http://www.w3.org/2001/XMLSchema-instance" xsi:noNamespaceSchemaLocation="dart4.xsd">

<DOCUMENT-NAME ACODE="80735">특수관계인으로부터받은담보</DOCUMENT-NAME>
<FORMULA-VERSION ADATE="20240129">6.0</FORMULA-VERSION>
<COMPANY-NAME AREGCIK="01249466">농업회사법인(주)삼라농원</COMPANY-NAME>


<BODY ATOCID="1">

<SECTION-1 ACLASS="MANDATORY" APARTSOURCE="SOURCE">
<TITLE ATOC="Y" AASSOCNOTE="D-0-1-0-0" ENG="Collateral Received from Related Party" ATOCID="1">특수관계인으로부터 받은 담보</TITLE>
<P></P>

<TABLE ACLASS="NORMAL" WIDTH="693" BORDER="1">

<COLGROUP WIDTH="693">
<COL WIDTH="93"></COL>
<COL WIDTH="40"></COL>
<COL WIDTH="63"></COL>
<COL WIDTH="105"></COL>
<COL WIDTH="78"></COL>
<COL WIDTH="92"></COL>
<COL WIDTH="78"></COL>
<COL WIDTH="144"></COL>
</COLGROUP>

<TBODY>

<TR ACOPY="Y" ADELETE="Y" HEIGHT="30">
<TD ALIGN="CENTER" VALIGN="MIDDLE" WIDTH="84" HEIGHT="23">기업집단명</TD>
<TD VALIGN="MIDDLE" WIDTH="31" HEIGHT="23" ALIGN="CENTER">SM</TD>
<TD ALIGN="CENTER" VALIGN="MIDDLE" WIDTH="54" HEIGHT="23">회사명</TD>
<TD VALIGN="MIDDLE" WIDTH="96" HEIGHT="23" ALIGN="CENTER">(주)삼라농원</TD>
<TD ALIGN="CENTER" VALIGN="MIDDLE" WIDTH="69" HEIGHT="23">공시일자</TD>
<TD VALIGN="MIDDLE" WIDTH="83" HEIGHT="23" ALIGN="CENTER">2026.01.06</TD>
<TD ALIGN="CENTER" VALIGN="MIDDLE" WIDTH="69" HEIGHT="23">관련법규</TD>
<TD ALIGN="CENTER" VALIGN="MIDDLE" WIDTH="135" HEIGHT="23">공정거래법 제26조</TD>
</TR>
</TBODY>
</TABLE>
<P></P>

<TABLE ACLASS="NORMAL" AFIXTABLE="N" WIDTH="612" BORDER="0">

<COLGROUP WIDTH="612">
<COL WIDTH="612"></COL>
</COLGROUP>

<TBODY>

<TR ACOPY="Y" ADELETE="Y" HEIGHT="30">
<TD ALIGN="RIGHT" VALIGN="BOTTOM" WIDTH="603" HEIGHT="23">(단위 : 백만 원) </TD>
</TR>
</TBODY>
</TABLE>

<TABLE BORDER="1" WIDTH="612" ACLASS="NORMAL">

<COLGROUP WIDTH="612">
<COL WIDTH="100"></COL>
<COL WIDTH="84"></COL>
<COL WIDTH="88"></COL>
<COL WIDTH="100"></COL>
<COL WIDTH="111"></COL>
<COL WIDTH="129"></COL>
</COLGROUP>

<TBODY>

<TR ACOPY="Y" ADELETE="Y" HEIGHT="30">
<TD COLSPAN="3" VALIGN="MIDDLE" WIDTH="263" HEIGHT="23">1. 담보제공자</TD>
<TD ALIGN="CENTER" VALIGN="MIDDLE" WIDTH="91" HEIGHT="23">(주)삼라</TD>
<TD ALIGN="CENTER" VALIGN="MIDDLE" WIDTH="102" HEIGHT="23">회사와의 관계</TD>
<TD ALIGN="CENTER" VALIGN="MIDDLE" WIDTH="120" HEIGHT="23">계열회사</TD>
</TR>

<TR ACOPY="Y" ADELETE="Y" HEIGHT="30">
<TD ROWSPAN="8" VALIGN="MIDDLE" WIDTH="91" HEIGHT="233">2. 담보 내역</TD>
<TD COLSPAN="2" VALIGN="MIDDLE" WIDTH="163" HEIGHT="23">가. 담보받은 일자</TD>
<TD COLSPAN="3" ALIGN="CENTER" VALIGN="MIDDLE" WIDTH="331" HEIGHT="23">2025.12.30</TD>
</TR>

<TR ACOPY="Y" ADELETE="Y" HEIGHT="30">
<TD COLSPAN="2" VALIGN="MIDDLE" WIDTH="163" HEIGHT="23">나. 채권자</TD>
<TD COLSPAN="3" ALIGN="CENTER" VALIGN="MIDDLE" WIDTH="331" HEIGHT="23">에스엠상선(주)</TD>
</TR>

<TR ACOPY="Y" ADELETE="Y" HEIGHT="30">
<TD COLSPAN="2" VALIGN="MIDDLE" WIDTH="163" HEIGHT="23">다. 담보물</TD>
<TD COLSPAN="3" ALIGN="CENTER" VALIGN="MIDDLE" WIDTH="331" HEIGHT="23">에스엠자산개발(주) 주식 90,189주</TD>
</TR>

<TR ACOPY="Y" ADELETE="Y" HEIGHT="30">
<TD COLSPAN="2" VALIGN="MIDDLE" WIDTH="163" HEIGHT="23">라. 담보기간</TD>
<TD COLSPAN="3" ALIGN="CENTER" VALIGN="MIDDLE" WIDTH="331" HEIGHT="23">2025.12.30~2026.12.30</TD>
</TR>

<TR ACOPY="Y" ADELETE="Y" HEIGHT="30">
<TD COLSPAN="2" VALIGN="MIDDLE" WIDTH="163" HEIGHT="23">마. 담보한도 </TD>
<TD COLSPAN="3" ALIGN="CENTER" VALIGN="MIDDLE" WIDTH="331" HEIGHT="23">1,650</TD>
</TR>

<TR ACOPY="Y" ADELETE="Y" HEIGHT="30">
<TD COLSPAN="2" VALIGN="MIDDLE" WIDTH="163" HEIGHT="23">바. 담보금액 </TD>
<TD COLSPAN="3" ALIGN="CENTER" VALIGN="MIDDLE" WIDTH="331" HEIGHT="23">1,100</TD>
</TR>

<TR ACOPY="Y" ADELETE="Y" HEIGHT="30">
<TD COLSPAN="2" VALIGN="MIDDLE" WIDTH="163" HEIGHT="23">사. 거래상대방 총잔액</TD>
<TD COLSPAN="3" ALIGN="CENTER" VALIGN="MIDDLE" WIDTH="331" HEIGHT="23">10,890</TD>
</TR>

<TR ACOPY="Y" ADELETE="Y" HEIGHT="30">
<TD COLSPAN="2" VALIGN="MIDDLE" WIDTH="163" HEIGHT="23">아. 거래의 조건</TD>
<TD COLSPAN="3" ALIGN="CENTER" VALIGN="MIDDLE" WIDTH="331" HEIGHT="23">거래금액의 50%의 정기예금이자율 3.1%</TD>
</TR>

<TR ACOPY="Y" ADELETE="Y" HEIGHT="30">
<TD COLSPAN="3" VALIGN="MIDDLE" WIDTH="263" HEIGHT="23">3. 이사회 의결일</TD>
<TD COLSPAN="3" ALIGN="CENTER" VALIGN="MIDDLE" WIDTH="331" HEIGHT="23">2025.12.30</TD>
</TR>

<TR ACOPY="Y" ADELETE="Y" HEIGHT="30">
<TD COLSPAN="2" ROWSPAN="2" VALIGN="MIDDLE" WIDTH="175" HEIGHT="53">- 사외이사 참석여부</TD>
<TD ALIGN="CENTER" VALIGN="MIDDLE" WIDTH="79" HEIGHT="23">참석(명)</TD>
<TD COLSPAN="3" ALIGN="CENTER" VALIGN="MIDDLE" WIDTH="331" HEIGHT="23">-</TD>
</TR>

<TR ACOPY="Y" ADELETE="Y" HEIGHT="30">
<TD ALIGN="CENTER" VALIGN="MIDDLE" WIDTH="79" HEIGHT="23">불참(명)</TD>
<TD COLSPAN="3" ALIGN="CENTER" VALIGN="MIDDLE" WIDTH="331" HEIGHT="23">-</TD>
</TR>

<TR ACOPY="Y" ADELETE="Y" HEIGHT="30">
<TD COLSPAN="3" VALIGN="MIDDLE" WIDTH="263" HEIGHT="23">- 감사(감사위원)참석여부</TD>
<TD COLSPAN="3" ALIGN="CENTER" VALIGN="MIDDLE" WIDTH="331" HEIGHT="23">불참</TD>
</TR>

<TR ACOPY="Y" ADELETE="Y" HEIGHT="490">
<TD COLSPAN="3" VALIGN="MIDDLE" WIDTH="263" HEIGHT="483">4. 기타</TD>
<TD COLSPAN="3" VALIGN="MIDDLE" WIDTH="331" HEIGHT="483">1. 본건은 (주)삼라농원이 에스엠상선(주)로부터 차입을 위해 (주)삼라가 보유한 에스엠자산개발(주) 주식을 담보로 제공하는 건임.2. 상기 '2.마의 담보한도'는 [담보제공주식수(90,189) X 1주당 단가(주식가치평가보고서 기준 18,295원)] 금액임.3. 상기 '2.바의 담보금액'은 차입금 원금임.4. 상기 '2.사의 거래상대방 총잔액'은 금번 담보한도 금액을 포함한 금액임.5. 상기 '2.아의 거래의 조건'의 정기예금이자율은 법인세법시행규칙 제6조에 따른 이자율이며 변동될 수 있음.6. 상기 '3.이사회의결일'은 임시주주총회 의결일이며, 당사는 본 공시일 현재 상법상 이사회 설립요건(이사 3인이상)에 미달하여 이사회는 개최하지 않음.</TD>
</TR>

<TR ACOPY="Y" ADELETE="Y" HEIGHT="30">
<TD COLSPAN="3" VALIGN="MIDDLE" WIDTH="263" HEIGHT="23">※ 관련공시일</TD>
<TD COLSPAN="3" ALIGN="CENTER" VALIGN="MIDDLE" WIDTH="331" HEIGHT="23">-</TD>
</TR>
</TBODY>
</TABLE>
</SECTION-1>
</BODY>
</DOCUMENT>