<?xml version="1.0" encoding="utf-8"?>


<DOCUMENT xmlns:xsi="http://www.w3.org/2001/XMLSchema-instance" xsi:noNamespaceSchemaLocation="dart4.xsd">

<DOCUMENT-NAME ACODE="11306">주요사항보고서(유상증자결정)</DOCUMENT-NAME>
<FORMULA-VERSION ADATE="20251230">6.3</FORMULA-VERSION>
<COMPANY-NAME AREGCIK="01694903">주식회사 뷰텔</COMPANY-NAME>


<BODY ATOCID="2">

<LIBRARY>
<SECTION-1 ACLASS="MANDATORY" APARTSOURCE="SOURCE">
<TITLE ATOC="Y" AASSOCNOTE="D-0-0-0-0" ENG="Report on Major Issues" ATOCID="2">주 요 사 항 보 고 서</TITLE>

<TABLE ACLASS="NORMAL" AFIXTABLE="Y" WIDTH="600" BORDER="0">

<COLGROUP WIDTH="600">
<COL WIDTH="138"></COL>
<COL WIDTH="183"></COL>
<COL WIDTH="279"></COL>
</COLGROUP>

<TBODY>

<TR ACOPY="Y" ADELETE="Y" HEIGHT="30">
<TD COLSPAN="3" WIDTH="591" HEIGHT="23"></TD>
</TR>

<TR ACOPY="Y" ADELETE="Y" HEIGHT="53">
<TD COLSPAN="3" WIDTH="591" HEIGHT="46"></TD>
</TR>

<TR ACOPY="Y" ADELETE="Y" HEIGHT="30">
<TD COLSPAN="2" VALIGN="MIDDLE" WIDTH="312" HEIGHT="23">금융위원회 귀중</TD>
<TD ALIGN="RIGHT" VALIGN="MIDDLE" WIDTH="270" HEIGHT="23">  2026년     01월     06일</TD>
</TR>

<TR ACOPY="Y" ADELETE="Y" HEIGHT="53">
<TD COLSPAN="3" WIDTH="591" HEIGHT="46"></TD>
</TR>

<TR ACOPY="Y" ADELETE="Y" HEIGHT="30">
<TD WIDTH="129" HEIGHT="23">회     사     명  :</TD>
<TD COLSPAN="2" WIDTH="453" HEIGHT="23"> 주식회사 뷰텔</TD>
</TR>

<TR ACOPY="Y" ADELETE="Y" HEIGHT="30">
<TD WIDTH="129" HEIGHT="23">대  표   이  사  :</TD>
<TD COLSPAN="2" WIDTH="453" HEIGHT="23"> 윤 지 현</TD>
</TR>

<TR ACOPY="Y" ADELETE="Y" HEIGHT="30">
<TD WIDTH="129" HEIGHT="23">본 점  소 재 지 :</TD>
<TD COLSPAN="2" WIDTH="453" HEIGHT="23"> 경기도 성남시 중원구 둔촌대로 484, 시콕스타워 508-510호</TD>
</TR>

<TR ACOPY="Y" ADELETE="Y" HEIGHT="30">
<TD WIDTH="129" HEIGHT="23"></TD>
<TD COLSPAN="2" WIDTH="453" HEIGHT="23">(전  화) 031-707-0314</TD>
</TR>

<TR ACOPY="Y" ADELETE="Y" HEIGHT="30">
<TD WIDTH="129" HEIGHT="23"></TD>
<TD COLSPAN="2" WIDTH="453" HEIGHT="23">(홈페이지)http://www.view-tel.co.kr</TD>
</TR>

<TR ACOPY="Y" ADELETE="Y" HEIGHT="30">
<TD WIDTH="129" HEIGHT="23"></TD>
<TD COLSPAN="2" WIDTH="453" HEIGHT="23"></TD>
</TR>

<TR ACOPY="Y" ADELETE="Y" HEIGHT="30">
<TD COLSPAN="3" WIDTH="591" HEIGHT="23"></TD>
</TR>

<TR ACOPY="Y" ADELETE="Y" HEIGHT="30">
<TD COLSPAN="3" WIDTH="591" HEIGHT="23"></TD>
</TR>

<TR ACOPY="Y" ADELETE="Y" HEIGHT="30">
<TD WIDTH="129" HEIGHT="23">작 성 책 임 자 :</TD>
<TD WIDTH="174" HEIGHT="23">(직  책) 이사</TD>
<TD WIDTH="270" HEIGHT="23">(성  명) 정 병 훈</TD>
</TR>

<TR ACOPY="Y" ADELETE="Y" HEIGHT="30">
<TD WIDTH="129" HEIGHT="23"></TD>
<TD COLSPAN="2" WIDTH="453" HEIGHT="23">(전  화) 031-707-0314</TD>
</TR>

<TR ACOPY="Y" ADELETE="Y" HEIGHT="30">
<TD COLSPAN="3" WIDTH="591" HEIGHT="23"></TD>
</TR>
</TBODY>
</TABLE>
<P></P>
<PGBRK></PGBRK>
</SECTION-1>
</LIBRARY>


<SECTION-1 ACLASS="MANDATORY" APARTSOURCE="SOURCE">
<TITLE ATOC="Y" AASSOCNOTE="D-0-1-0-0" ENG="Decision on Paid-In Capital Increase" ATOCID="1">유상증자 결정</TITLE>
<P></P>

<TABLE-GROUP ACLASS="CST_CNT" ADELETETABLE="N">

<TABLE ACLASS="EXTRACTION" AFIXTABLE="Y" WIDTH="600" BORDER="1">

<COLGROUP WIDTH="600">
<COL WIDTH="160"></COL>
<COL WIDTH="172"></COL>
<COL WIDTH="268"></COL>
</COLGROUP>

<TBODY>

<TR ACOPY="Y" ADELETE="Y" HEIGHT="30">
<TD ROWSPAN="2" VALIGN="MIDDLE" WIDTH="151" HEIGHT="53" AUPDATECONT="N" ENG="1. Class and number of new shares">1. 신주의 종류와 수</TD>
<TD ALIGN="CENTER" WIDTH="163" HEIGHT="23" AUPDATECONT="N" ENG="Common stock (shrs.)">보통주식 (주)</TD>
<TE ALIGN="RIGHT" WIDTH="259" HEIGHT="23" ACODE="CST_CNT">-</TE>
</TR>

<TR ACOPY="Y" ADELETE="Y" HEIGHT="30">
<TD ALIGN="CENTER" WIDTH="163" HEIGHT="23" AUPDATECONT="N" ENG="Different classes of stocks (shrs.)">기타주식 (주)</TD>
<TE ALIGN="RIGHT" WIDTH="259" HEIGHT="23" ACODE="PST_CNT">72,223</TE>
</TR>

<TR ACOPY="Y" ADELETE="Y" HEIGHT="30">
<TD COLSPAN="2" WIDTH="323" HEIGHT="23" AUPDATECONT="N" ENG="2. Par value per share (KRW)">2. 1주당 액면가액 (원)</TD>
<TE ALIGN="RIGHT" WIDTH="259" HEIGHT="23" ACODE="FVAL">500</TE>
</TR>

<TR ACOPY="Y" ADELETE="Y" HEIGHT="30">
<TD ROWSPAN="2" VALIGN="MIDDLE" WIDTH="151" HEIGHT="53" AUPDATECONT="N" ENG="3. Total number of shares issued before capital increase (shrs.)">3. 증자전     발행주식총수 (주)</TD>
<TD ALIGN="CENTER" WIDTH="163" HEIGHT="23" AUPDATECONT="N" ENG="Common stock (shrs.)">보통주식 (주)</TD>
<TE ALIGN="RIGHT" WIDTH="259" HEIGHT="23" ACODE="BFR_CST_CNT">4,442,292</TE>
</TR>

<TR ACOPY="Y" ADELETE="Y" HEIGHT="30">
<TD ALIGN="CENTER" WIDTH="163" HEIGHT="23" AUPDATECONT="N" ENG="Different classes of stocks (shrs.)">기타주식 (주)</TD>
<TE ALIGN="RIGHT" WIDTH="259" HEIGHT="23" ACODE="BFR_PST_CNT">680,118</TE>
</TR>

<TR ACOPY="Y" ADELETE="Y" HEIGHT="30">
<TD ROWSPAN="6" VALIGN="MIDDLE" WIDTH="151" HEIGHT="196" AUPDATECONT="N" ENG="4. Purpose of funding">4. 자금조달의 목적</TD>
<TD ALIGN="CENTER" WIDTH="163" HEIGHT="23" AUPDATECONT="N" ENG="Facility investment (KRW)">시설자금 (원)</TD>
<TE ALIGN="RIGHT" WIDTH="259" HEIGHT="23" ACODE="FND_USE1">-</TE>
</TR>

<TR ACOPY="Y" ADELETE="Y" HEIGHT="30">
<TD ALIGN="CENTER" WIDTH="163" HEIGHT="23" AUPDATECONT="N" ENG="Business acquisition (KRW)">영업양수자금 (원)</TD>
<TE ALIGN="RIGHT" WIDTH="259" HEIGHT="23" ACODE="FND_USE_SQ">-</TE>
</TR>

<TR ACOPY="Y" ADELETE="Y" HEIGHT="30">
<TD ALIGN="CENTER" VALIGN="MIDDLE" WIDTH="163" HEIGHT="23" AUPDATECONT="N" ENG="Operating capital (KRW)">운영자금 (원)</TD>
<TE ALIGN="RIGHT" WIDTH="259" HEIGHT="23" ACODE="FND_USE2">1,300,014,000</TE>
</TR>

<TR ACOPY="Y" ADELETE="Y" HEIGHT="30">
<TD ALIGN="CENTER" VALIGN="MIDDLE" WIDTH="163" HEIGHT="23" AUPDATECONT="N" ENG="Debt repayment (KRW)">채무상환자금 (원)</TD>
<TE ALIGN="RIGHT" WIDTH="259" HEIGHT="23" ACODE="FND_USE_RD">-</TE>
</TR>

<TR ACOPY="Y" ADELETE="Y" HEIGHT="53">
<TD ALIGN="CENTER" VALIGN="MIDDLE" WIDTH="163" HEIGHT="46" AUPDATECONT="N" ENG="Acquisition of securities issued by other corporations (KRW)">타법인 증권취득자금 (원)</TD>
<TE ALIGN="RIGHT" VALIGN="MIDDLE" WIDTH="259" HEIGHT="46" ACODE="ANC_ACQ_AMT">-</TE>
</TR>

<TR ACOPY="Y" ADELETE="Y" HEIGHT="30">
<TD ALIGN="CENTER" WIDTH="163" HEIGHT="23" AUPDATECONT="N" ENG="Other purposes (KRW)">기타자금 (원)</TD>
<TE ALIGN="RIGHT" WIDTH="259" HEIGHT="23" ACODE="FND_USE3">-</TE>
</TR>

<TR ACOPY="Y" ADELETE="Y" HEIGHT="30">
<TD COLSPAN="2" VALIGN="MIDDLE" WIDTH="323" HEIGHT="23" AUPDATECONT="N" ENG="5. Capital increase method">5. 증자방식</TD>
<TU ALIGN="CENTER" WIDTH="259" HEIGHT="23" AUNIT="CI_MTH" AUNITVALUE="6" ENG="Capital increase by third-party allotment">제3자배정증자</TU>
</TR>
</TBODY>
</TABLE>
</TABLE-GROUP>
<P>※ 기타주식에 관한 사항</P>

<TABLE-GROUP ACLASS="STO_ETC" ADELETETABLE="N">

<TABLE ACLASS="EXTRACTION" AFIXTABLE="Y" WIDTH="600" BORDER="1">

<COLGROUP WIDTH="600">
<COL WIDTH="235"></COL>
<COL WIDTH="365"></COL>
</COLGROUP>

<TBODY>

<TR ACOPY="N" ADELETE="N" HEIGHT="30">
<TD WIDTH="226" HEIGHT="23" AUPDATECONT="N" ENG="Basis in articles of incorporation">정관의 근거</TD>
<TE WIDTH="356" HEIGHT="23" VALIGN="MIDDLE" ACODE="AOI_BAS">제9조, 제9조의 2</TE>
</TR>

<TR ACOPY="N" ADELETE="N" HEIGHT="30">
<TD WIDTH="226" HEIGHT="23" AUPDATECONT="N" ENG="Details of stocks">주식의 내용</TD>
<TE WIDTH="356" HEIGHT="23" VALIGN="MIDDLE" ACODE="STO_CNT">상환전환우선주식</TE>
</TR>

<TR ACOPY="N" ADELETE="N" HEIGHT="30">
<TD WIDTH="226" HEIGHT="23" AUPDATECONT="N" ENG="Others">기타</TD>
<TE WIDTH="356" HEIGHT="23" VALIGN="MIDDLE" ACODE="ETC_CNT">-</TE>
</TR>
</TBODY>
</TABLE>
</TABLE-GROUP>

<LIBRARY>
<TABLE-GROUP ACLASS="TG_RDT_CVT" ADELETETABLE="N">

<TABLE ACLASS="EXTRACTION" AFIXTABLE="Y" WIDTH="599" BORDER="1">

<COLGROUP WIDTH="599">
<COL WIDTH="101"></COL>
<COL WIDTH="102"></COL>
<COL WIDTH="154"></COL>
<COL WIDTH="242"></COL>
</COLGROUP>

<TBODY>

<TR ACOPY="N" ADELETE="N" HEIGHT="145">
<TD ROWSPAN="5" VALIGN="MIDDLE" WIDTH="92" HEIGHT="350" AUPDATECONT="N" ALIGN="CENTER" ENG="Details of redemption">상환에관한 사항</TD>
<TD ALIGN="CENTER" WIDTH="247" HEIGHT="138" AUPDATECONT="N" COLSPAN="2" ENG="Redemption terms">상환조건</TD>
<TE WIDTH="233" HEIGHT="138" ACODE="RDT_CDT">제3자배정대상자는 거래완결일(주금납입)의 다음날로부터 3년이 경과한 날부터 존속기간 만료일까지(발행일로부터 10년) 발행인에 대하여 본건 주식의 전부 또는 일부의 상환을 청구할 권리를 가진다.</TE>
</TR>

<TR ACOPY="N" ADELETE="N" HEIGHT="99">
<TD ALIGN="CENTER" WIDTH="247" HEIGHT="92" AUPDATECONT="N" COLSPAN="2" ENG="Redemption method">상환방법</TD>
<TE WIDTH="233" HEIGHT="92" ACODE="RDT_MTD">발행인은 상환청구를 받은 날로부터 30일 또는 60일 이내에 상법 제462조에 따른 배당가능이익의 범위 내에서 현금으로 상환한다.</TE>
</TR>

<TR ACOPY="N" ADELETE="N" HEIGHT="30">
<TD ALIGN="CENTER" WIDTH="247" HEIGHT="23" AUPDATECONT="N" COLSPAN="2" ENG="Redemption period">상환기간</TD>
<TU ALIGN="CENTER" WIDTH="233" HEIGHT="23" AUNIT="RDT_PRD" AUNITVALUE="20290121-20360120">2029.01.21 ~ 2036.01.20</TU>
</TR>

<TR ACOPY="N" ADELETE="N" HEIGHT="30">
<TD ALIGN="CENTER" WIDTH="247" HEIGHT="23" AUPDATECONT="N" COLSPAN="2" ENG="Redemption price per share">주당 상환가액</TD>
<TE ALIGN="RIGHT" WIDTH="233" HEIGHT="23" ACODE="RDT_VAL">-</TE>
</TR>

<TR ACOPY="N" ADELETE="N" HEIGHT="53">
<TD ALIGN="CENTER" WIDTH="247" HEIGHT="46" AUPDATECONT="N" COLSPAN="2" ENG="If redemption is scheduled within 1 year">1년 이내상환 예정인 경우</TD>
<TE WIDTH="233" HEIGHT="46" ACODE="RDT_INY1" VALIGN="MIDDLE" ALIGN="CENTER">해당없음</TE>
</TR>

<TR ACOPY="N" ADELETE="N" HEIGHT="30">
<TD ROWSPAN="12" VALIGN="MIDDLE" WIDTH="92" HEIGHT="1411" AUPDATECONT="N" ALIGN="CENTER" ENG="Matters concerning conversion">전환에관한 사항</TD>
<TD ALIGN="CENTER" VALIGN="MIDDLE" WIDTH="247" HEIGHT="23" AUPDATECONT="N" COLSPAN="2" ENG="Conversion ratio (%)">전환비율(%)</TD>
<TE WIDTH="233" HEIGHT="23" ACODE="EXE_RT" VALIGN="MIDDLE" ALIGN="RIGHT">100</TE>
</TR>

<TR ACOPY="N" ADELETE="N" HEIGHT="30">
<TD ALIGN="CENTER" VALIGN="MIDDLE" WIDTH="247" HEIGHT="23" AUPDATECONT="N" COLSPAN="2" ENG="Conversion price (KRW/share)">전환가액(원/주)</TD>
<TE WIDTH="233" HEIGHT="23" ACODE="EXE_PRC" VALIGN="MIDDLE" ALIGN="RIGHT">18,000</TE>
</TR>

<TR ACOPY="N" ADELETE="N" HEIGHT="191">
<TD ALIGN="CENTER" VALIGN="MIDDLE" WIDTH="247" HEIGHT="184" AUPDATECONT="N" COLSPAN="2" ENG="Determination method for the conversion price">전환가액결정방법</TD>
<TE WIDTH="233" HEIGHT="184" ACODE="EXE_FUNC" VALIGN="MIDDLE">본건 주식의 보통주로의 전환비율은 종류주식 1주당 보통주 1주로 한다.(단, 발행인은 자본의 증감 및주식관련사채의 발행과 관련하여 각 사항의 실행일로부터 2주전까지 서면으로 통지한 뒤 각 사항의 시행일의 전일까지 제3자배정대상자로부터 서면동의를 얻어야 한다.)</TE>
</TR>

<TR ACOPY="N" ADELETE="N" HEIGHT="30">
<TD ALIGN="CENTER" VALIGN="MIDDLE" WIDTH="93" HEIGHT="106" AUPDATECONT="N" ROWSPAN="3" ENG="Shares to be issued by conversion">전환에 따라발행할 주식</TD>
<TD ALIGN="CENTER" VALIGN="MIDDLE" WIDTH="145" HEIGHT="23" AUPDATECONT="N" ENG="Class of shares">종류</TD>
<TE WIDTH="233" HEIGHT="23" ACODE="CVT_KND" VALIGN="MIDDLE" ALIGN="CENTER">보통주식</TE>
</TR>

<TR ACOPY="N" ADELETE="N" HEIGHT="30">
<TD ALIGN="CENTER" VALIGN="MIDDLE" WIDTH="145" HEIGHT="23" AUPDATECONT="N" ENG="Number of shares">주식수</TD>
<TE WIDTH="233" HEIGHT="23" ACODE="CVT_CNT" VALIGN="MIDDLE" ALIGN="RIGHT">72,223</TE>
</TR>

<TR ACOPY="N" ADELETE="N" HEIGHT="53">
<TD ALIGN="CENTER" VALIGN="MIDDLE" WIDTH="145" HEIGHT="46" AUPDATECONT="N" ENG="Ratio to total number of shares (%)">주식총수대비 비율(%)</TD>
<TE WIDTH="233" HEIGHT="46" ACODE="CVT_RT" VALIGN="MIDDLE" ALIGN="RIGHT">1.39</TE>
</TR>

<TR ACOPY="N" ADELETE="N" HEIGHT="30">
<TD ALIGN="CENTER" VALIGN="MIDDLE" WIDTH="93" HEIGHT="53" AUPDATECONT="N" ROWSPAN="2" ENG="Conversion request period">전환청구기간</TD>
<TD ALIGN="CENTER" VALIGN="MIDDLE" WIDTH="145" HEIGHT="23" AUPDATECONT="N" ENG="Start date">시작일</TD>
<TU ALIGN="CENTER" WIDTH="233" HEIGHT="23" AUNIT="CVT_BGN_DT" AUNITVALUE="20260121">2026.01.21</TU>
</TR>

<TR ACOPY="N" ADELETE="N" HEIGHT="30">
<TD ALIGN="CENTER" VALIGN="MIDDLE" WIDTH="145" HEIGHT="23" AUPDATECONT="N" ENG="End date">종료일</TD>
<TU ALIGN="CENTER" WIDTH="233" HEIGHT="23" AUNIT="CVT_END_DT" AUNITVALUE="20360119">2036.01.19</TU>
</TR>

<TR ACOPY="N" ADELETE="N" HEIGHT="835">
<TD ALIGN="CENTER" VALIGN="MIDDLE" WIDTH="247" HEIGHT="828" AUPDATECONT="N" COLSPAN="2" ENG="Details of conversion price adjustment">전환가액 조정에 관한 사항</TD>
<TE WIDTH="233" HEIGHT="828" ACODE="EXE_REG" VALIGN="MIDDLE">- 발행인의 IPO공모단가 혹은 피인수 가격의 70%에 해당하는 금액이 본건 주식의 전환가격을 하회하는 경우, 본건 주식의 전환가액을 공모단가 등의 70% 또는 90%에 해당하는 금액으로 조정한다.- 본건 주식의 전환 전에 그당시의 본건 주식의 전환가격을 하회하는 발행가격으로 유상증자 또는 주식관련 사채를 발행할 경우 전환가격은 그 하회하는 발행가격으로 조정한다.- 본건 주식의 발행 이후 주식배당,무상증자 등으로 발행주식수가 증가하는 경우, 본건 주식의 주주는 발행인으로부터 주주가 보유한 신주와 같은 조건 및 종류의 주식으로 무상지급을 받도록 하되 아래의수식을 따른다.- A = B * ((C/D)-1)A: 본건 주주 무상지급 주식수B: 발행전 본건 주주 보유 주식수C: 발행후 회사 발행 주식총수D: 발행전 회사 발행 주식총수- 발행인이 타사와 합병시 교환비율 산정을 위한 평가액이 그 당시의 본건 주식의 전환가격을 하회하는 경우, 본건 주식의 평가액이 전환가격에 사용되도록 전환비율을 조정한다.- 발행인의 주식을 분할 또는 병합하는 경우 전환비율은 그 분할 또는 병합의 비율에 따라 조정된다- 발행인이 전환전에 무상감자를 할 경우 전환비율은 그 감자의 비율에 따라 조정한다.</TE>
</TR>

<TR ACOPY="N" ADELETE="N" HEIGHT="30">
<TD ALIGN="CENTER" VALIGN="MIDDLE" WIDTH="93" HEIGHT="152" AUPDATECONT="N" ROWSPAN="3" ENG="Adjustment of the conversion prices due to a decrease in the market price">시가하락에따른전환가액조정</TD>
<TD ALIGN="CENTER" VALIGN="MIDDLE" WIDTH="145" HEIGHT="23" AUPDATECONT="N" ENG="Minimum refixing price (KRW)">최저 조정가액(원)</TD>
<TE ALIGN="RIGHT" WIDTH="233" HEIGHT="23" ACODE="MIN_PRC" VALIGN="MIDDLE">-</TE>
</TR>

<TR ACOPY="N" ADELETE="N" HEIGHT="30">
<TD ALIGN="CENTER" VALIGN="MIDDLE" WIDTH="145" HEIGHT="23" AUPDATECONT="N" ENG="Legal basis of minimum refixing">최저 조정가액 근거</TD>
<TE WIDTH="233" HEIGHT="23" ACODE="MIN_RSN" VALIGN="MIDDLE" ALIGN="CENTER">해당없음</TE>
</TR>

<TR ACOPY="N" ADELETE="N" HEIGHT="99">
<TD ALIGN="CENTER" VALIGN="MIDDLE" WIDTH="145" HEIGHT="92" AUPDATECONT="N" ENG="The remaining issuance limit that may be adjusted to below 70% of the conversion price at the time of issuance (KRW)">발행당시 전환가액의70%미만으로조정가능한잔여발행한도(원)</TD>
<TE ALIGN="RIGHT" WIDTH="233" HEIGHT="92" ACODE="CTR_LMT" VALIGN="MIDDLE">-</TE>
</TR>

<TR ACOPY="N" ADELETE="N" HEIGHT="30">
<TD COLSPAN="3" VALIGN="MIDDLE" WIDTH="348" HEIGHT="23" AUPDATECONT="N" ENG="Period of continuation (Validity period of preferred stock rights)">존속기간(우선주권리의 유효기간)</TD>
<TU WIDTH="233" HEIGHT="23" AUNIT="EXT_DT" AUNITVALUE="20360120" VALIGN="MIDDLE" ALIGN="CENTER">2036.01.20</TU>
</TR>

<TR ACOPY="N" ADELETE="N" HEIGHT="214">
<TD COLSPAN="3" VALIGN="MIDDLE" WIDTH="348" HEIGHT="207" AUPDATECONT="N" ENG="Matters on voting rights">의결권에 관한 사항</TD>
<TE WIDTH="233" HEIGHT="207" ACODE="VTR_INFO">- 본건 주식 1주당 보통주와 동일하게 1개의 의결권을 갖는다. 본건 주식에 불리한 주주총회 결의 등이있는 때에는 전체 주주총회와 별도로 그 안건에 대하여 본건 주식의 종류주주총회 결의를 거쳐야 한다.- 본건 주식은 존속기간 만료 다음날 별도의 의사표시 없이 보통주로전환된다.</TE>
</TR>

<TR ACOPY="N" ADELETE="N" HEIGHT="30">
<TD COLSPAN="3" VALIGN="MIDDLE" WIDTH="348" HEIGHT="23" AUPDATECONT="N" ENG="Matters on options">옵션에 관한 사항</TD>
<TE WIDTH="233" HEIGHT="23" ACODE="OPT_FCT" ALIGN="CENTER" VALIGN="MIDDLE">해당없음</TE>
</TR>

<TR ACOPY="N" ADELETE="N" HEIGHT="651">
<TD COLSPAN="3" VALIGN="MIDDLE" WIDTH="348" HEIGHT="644" AUPDATECONT="N" ENG="Matters on profit dividends">이익배당에 관한 사항</TD>
<TE WIDTH="233" HEIGHT="644" ACODE="DVD_INFO">- 본건 주식은 참가적,누적적 우선주로 1주당 액면가액 기준 연복리 1%의 배당을 누적적으로 우선 배당 받고, 보통주의 배당률이 종류주식의 배당률을 초과할 경우에는 초과하는 부분에 대하여 보통주와 동일한 배당률로 함께 참가하여 배당 받는다.- 주식배당의 경우, 종류주식과 보통주를 합한 발행주식 총수에 대한 비율에 따라, 같은 종류의 주식으로 배당을 받을 권리를 갖는다.- 본건 주식의 효력발생일이 속하는 영업년도의 직전 영업년도 말에 주주가 되는 것으로 본다. 배당금의 지급시기를 주주총회에서 따로 정하지 아니한 경우, 발행인은 주주총회에서 재무제표의 승인 및 배당결의가 있은 날로부터 1개월 이내에 본건 주식의 주주에게 배당금을 지급한다.- 본건 주식의 전부 또는 일부의 전환권이 행사된 경우, 전환된 주식에 대하여 전환전까지의 기간동안 배당결의 되었으나 그 배당금이 지급되지 아니하였다면 동 미지급 배당금에 해당하는 금액을 발행인이 주주에게 별도로 지급한다.</TE>
</TR>

<TR ACOPY="N" ADELETE="N" HEIGHT="490">
<TD COLSPAN="3" WIDTH="348" HEIGHT="483" AUPDATECONT="N" ENG="Other agreements (Shareholder agreements, financial agreements, etc.)">기타 약정사항(주주간 약정 및 재무약정 사항 등)</TD>
<TE WIDTH="233" HEIGHT="483" ACODE="ETC_CTR_INFO" VALIGN="MIDDLE">- 발행인이 유상증자 등 지분증권을 발행하는 경우, 제3자배정대상자는 보유 지분비율에 따라 위 지분증권을 다른 제3자보다 우선하여 인수하거나 매입할 권리를 갖는다- 제3자배정대상자는 회사의 경영 및 재산 상태를 확인하고 관리가 필요하다고 판단하는 경우 외부 전문가를 파견하여 회계 감사 및 조사등을 실행할 수 있다.- 이해관계인은 제3자배정대상자의 사전 서면동의 없이 주식처분을 하여서는 아니된다. 처분시에는 주식을 양수하는 제3자로 하여금 본 계약에 따른 이해관계인의 권리의무 일체를 승계하도록 해야한다.- 제3자배정대상자는 계약서에 명시된 사유가 발생시 발행인 또는 이해관계인에게 본건 주식 전부 또는 일부를 매수할 것을 청구할 수 있다.(주식매수청구권)</TE>
</TR>
</TBODY>
</TABLE>
</TABLE-GROUP>
<P USERMARK="F-10 ">※ 상환에 관한 사항은 20. 기타투자판단 (5) 기타참고사항을 참조해 주시기 바랍니다.※ 전환비율 및 전환으로 발행할 주식수는 전환가격의 조정이 이루어질 경우 변동 가능합니다.</P>
</LIBRARY>


<LIBRARY>
<TABLE-GROUP ACLASS="THD_ASN_INC" ADELETETABLE="N">

<TABLE ACLASS="EXTRACTION" AFIXTABLE="Y" WIDTH="599" BORDER="1">

<COLGROUP WIDTH="599">
<COL WIDTH="149"></COL>
<COL WIDTH="200"></COL>
<COL WIDTH="89"></COL>
<COL WIDTH="161"></COL>
</COLGROUP>

<TBODY>

<TR ACOPY="N" ADELETE="N" HEIGHT="30">
<TD ROWSPAN="2" VALIGN="MIDDLE" WIDTH="140" HEIGHT="53" AUPDATECONT="N" ENG="6. Issuing price of new shares">6. 신주 발행가액</TD>
<TD ALIGN="CENTER" WIDTH="191" HEIGHT="23" AUPDATECONT="N" ENG="Common stock (KRW)">보통주식 (원)</TD>
<TE ALIGN="RIGHT" WIDTH="241" HEIGHT="23" ACODE="CST_ISS_VAL" COLSPAN="2">-</TE>
</TR>

<TR ACOPY="N" ADELETE="N" HEIGHT="30">
<TD ALIGN="CENTER" WIDTH="191" HEIGHT="23" AUPDATECONT="N" ENG="Different classes of stocks (KRW)">기타주식 (원)</TD>
<TE ALIGN="RIGHT" WIDTH="241" HEIGHT="23" ACODE="PST_ISS_VAL" COLSPAN="2">18,000</TE>
</TR>

<TR ACOPY="N" ADELETE="N" HEIGHT="30">
<TD ROWSPAN="2" VALIGN="MIDDLE" WIDTH="140" HEIGHT="53" AUPDATECONT="N" ENG="7. Base stock price">7. 기준주가</TD>
<TD ALIGN="CENTER" WIDTH="191" HEIGHT="23" AUPDATECONT="N" ENG="Common stock (KRW)">보통주식 (원)</TD>
<TE ALIGN="RIGHT" WIDTH="241" HEIGHT="23" ACODE="CST_STD_VAL" COLSPAN="2">-</TE>
</TR>

<TR ACOPY="N" ADELETE="N" HEIGHT="30">
<TD ALIGN="CENTER" WIDTH="191" HEIGHT="23" AUPDATECONT="N" ENG="Different classes of stocks (KRW)">기타주식 (원)</TD>
<TE ALIGN="RIGHT" WIDTH="241" HEIGHT="23" ACODE="PST_STD_VAL" COLSPAN="2">-</TE>
</TR>

<TR ACOPY="N" ADELETE="N" HEIGHT="53">
<TD COLSPAN="2" WIDTH="340" HEIGHT="46" AUPDATECONT="N" ENG="7-1. Base stock price calculation method">7-1. 기준주가 산정방법</TD>
<TU WIDTH="241" HEIGHT="46" AUNIT="STD_MTH" AUNITVALUE="3" COLSPAN="2" ENG="Appraised value of stocks without an established market price">시가가 형성되지 않은 종목의 평가액</TU>
</TR>

<TR ACOPY="N" ADELETE="N" HEIGHT="30">
<TD COLSPAN="2" WIDTH="340" HEIGHT="23" AUPDATECONT="N" ENG="7-2. Discount or premium ratio to the base stock price (%)">7-2. 기준주가에 대한 할인율 또는 할증율 (%)</TD>
<TE ALIGN="RIGHT" WIDTH="241" HEIGHT="23" ACODE="DC_RATE" COLSPAN="2">-</TE>
</TR>

<TR ACOPY="N" ADELETE="N" HEIGHT="30">
<TD COLSPAN="2" WIDTH="340" HEIGHT="23" AUPDATECONT="N" ENG="7-3. Basis for the calculation of the discount ratio (Premium ratio)">7-3. 할인율(할증률) 산정 근거</TD>
<TE WIDTH="241" HEIGHT="23" ACODE="DC_RATE_RS" COLSPAN="2" ALIGN="CENTER" VALIGN="MIDDLE">-</TE>
</TR>

<TR ACOPY="N" ADELETE="N" HEIGHT="30">
<TD COLSPAN="2" WIDTH="340" HEIGHT="23" AUPDATECONT="N" ENG="8. Basis in articles of incorporation on third-party allotment">8. 제3자배정에 대한 정관의 근거</TD>
<TE WIDTH="241" HEIGHT="23" ACODE="ART_BAS" COLSPAN="2" ALIGN="CENTER" VALIGN="MIDDLE">제10조</TE>
</TR>

<TR ACOPY="N" ADELETE="N" HEIGHT="30">
<TD COLSPAN="2" WIDTH="340" HEIGHT="23" AUPDATECONT="N" ENG="9. Payment date">9. 납입일</TD>
<TU ALIGN="CENTER" WIDTH="241" HEIGHT="23" AUNIT="PYM_DT" AUNITVALUE="20260120" COLSPAN="2">2026.01.20</TU>
</TR>

<TR ACOPY="N" ADELETE="N" HEIGHT="30">
<TD COLSPAN="2" WIDTH="340" HEIGHT="23" AUPDATECONT="N" ENG="10. Record date for dividend on new shares">10. 신주의 배당기산일</TD>
<TU ALIGN="CENTER" WIDTH="241" HEIGHT="23" AUNIT="DV_ST_DT" AUNITVALUE="20260101" COLSPAN="2">2026.01.01</TU>
</TR>

<TR ACOPY="N" ADELETE="N" HEIGHT="30">
<TD COLSPAN="2" WIDTH="340" HEIGHT="23" AUPDATECONT="N" ENG="11. Scheduled delivery date of new share certificates">11. 신주권교부예정일</TD>
<TU ALIGN="CENTER" WIDTH="241" HEIGHT="23" AUNIT="NST_GV_DT" AUNITVALUE="20260219" COLSPAN="2">2026.02.19</TU>
</TR>

<TR ACOPY="N" ADELETE="N" HEIGHT="30">
<TD COLSPAN="2" WIDTH="340" HEIGHT="23" AUPDATECONT="N" ENG="12. Scheduled listing date of new shares">12. 신주의 상장 예정일</TD>
<TU ALIGN="CENTER" WIDTH="241" HEIGHT="23" AUNIT="LST_PLN_DT" AUNITVALUE="-" COLSPAN="2">-</TU>
</TR>

<TR ACOPY="N" ADELETE="N" HEIGHT="30">
<TD COLSPAN="2" VALIGN="MIDDLE" WIDTH="340" HEIGHT="23" AUPDATECONT="N" ENG="13. Whether deemed a backdoor listing caused by contribution in kind">13. 현물출자로 인한 우회상장 해당여부</TD>
<TU ALIGN="CENTER" WIDTH="241" HEIGHT="23" AUNIT="PIN_BL_YN" AUNITVALUE="N" COLSPAN="2" ENG="No">아니오</TU>
</TR>

<TR ACOPY="N" ADELETE="N" HEIGHT="30">
<TD COLSPAN="2" VALIGN="MIDDLE" WIDTH="340" HEIGHT="23" AUPDATECONT="N" ENG="- Whether there is in kind contributions">   - 현물출자가 있는지 여부</TD>
<TU ALIGN="CENTER" WIDTH="241" HEIGHT="23" AUNIT="PIN_EXT_YN" AUNITVALUE="N" COLSPAN="2" ENG="No">아니오</TU>
</TR>

<TR ACOPY="N" ADELETE="N" HEIGHT="53">
<TD COLSPAN="2" VALIGN="MIDDLE" WIDTH="340" HEIGHT="46" AUPDATECONT="N" ENG="- Whether there are shares of stock-unlisted corporations among contribution in kind">   - 현물출자 재산 중 주권비상장법인주식이       있는지 여부</TD>
<TU ALIGN="CENTER" WIDTH="241" HEIGHT="46" AUNIT="PIN_SLC_YN" AUNITVALUE="A" COLSPAN="2" ENG="N/A">해당없음</TU>
</TR>

<TR ACOPY="N" ADELETE="N" HEIGHT="30">
<TD ROWSPAN="2" VALIGN="MIDDLE" WIDTH="140" HEIGHT="76" AUPDATECONT="N" ENG="- Value of investment in kind for shares to be paid">   - 납입예정 주식의      현물출자 가액</TD>
<TD ALIGN="CENTER" VALIGN="MIDDLE" WIDTH="191" HEIGHT="23" AUPDATECONT="N" ENG="Value in kind contribution (KRW)">현물출자가액(원)</TD>
<TE ALIGN="CENTER" WIDTH="241" HEIGHT="23" ACODE="PIN_VAL" COLSPAN="2">-</TE>
</TR>

<TR ACOPY="N" ADELETE="N" HEIGHT="53">
<TD ALIGN="CENTER" VALIGN="MIDDLE" WIDTH="191" HEIGHT="46" AUPDATECONT="N" ENG="Ratio to the company’s total assets in the latest fiscal year (%)">당사 최근사업연도 자산총액 대비(%)</TD>
<TE ALIGN="CENTER" WIDTH="241" HEIGHT="46" ACODE="PIN_AST_RT" COLSPAN="2">-</TE>
</TR>

<TR ACOPY="N" ADELETE="N" HEIGHT="30">
<TD COLSPAN="2" VALIGN="MIDDLE" WIDTH="340" HEIGHT="23" AUPDATECONT="N" ENG="- Total number of shares to be paid">   - 납입예정 주식수</TD>
<TE ALIGN="CENTER" WIDTH="241" HEIGHT="23" ACODE="PAY_EXP_CNT" COLSPAN="2">-</TE>
</TR>

<TR ACOPY="N" ADELETE="N" HEIGHT="30">
<TD COLSPAN="2" VALIGN="MIDDLE" WIDTH="340" HEIGHT="23" AUPDATECONT="N" ENG="14. Whether satisfying backdoor listing requirements">14. 우회상장 요건 충족여부</TD>
<TU ALIGN="CENTER" WIDTH="241" HEIGHT="23" AUNIT="BL_CON_YN" AUNITVALUE="A" COLSPAN="2" ENG="N/A">해당없음</TU>
</TR>

<TR ACOPY="N" ADELETE="N" HEIGHT="30">
<TD COLSPAN="2" VALIGN="MIDDLE" WIDTH="340" HEIGHT="23" AUPDATECONT="N" ENG="15. Board resolution date (decision date)">15. 이사회결의일(결정일)</TD>
<TU ALIGN="CENTER" WIDTH="241" HEIGHT="23" AUNIT="DRC_DT" AUNITVALUE="20260105" COLSPAN="2">2026.01.05</TU>
</TR>

<TR ACOPY="N" ADELETE="N" HEIGHT="30">
<TD ROWSPAN="2" VALIGN="MIDDLE" WIDTH="140" HEIGHT="53" AUPDATECONT="N" ENG="- Attendance of outside directors">   - 사외이사      참석여부</TD>
<TD ALIGN="CENTER" WIDTH="191" HEIGHT="23" AUPDATECONT="N" ENG="Present (No.)">참석 (명)</TD>
<TE ALIGN="CENTER" WIDTH="241" HEIGHT="23" ACODE="ATD_CNT" COLSPAN="2">-</TE>
</TR>

<TR ACOPY="N" ADELETE="N" HEIGHT="30">
<TD ALIGN="CENTER" WIDTH="191" HEIGHT="23" AUPDATECONT="N" ENG="Absent (No.)">불참 (명)</TD>
<TE ALIGN="CENTER" WIDTH="241" HEIGHT="23" ACODE="NATD_CNT" COLSPAN="2">1</TE>
</TR>

<TR ACOPY="N" ADELETE="N" HEIGHT="30">
<TD COLSPAN="2" WIDTH="340" HEIGHT="23" AUPDATECONT="N" ENG="- Attendance of auditors (members of Audit Committee)">   - 감사(감사위원) 참석여부</TD>
<TU ALIGN="CENTER" WIDTH="241" HEIGHT="23" AUNIT="ADT_ATD_YN" AUNITVALUE="N" COLSPAN="2" ENG="Absent">불참</TU>
</TR>

<TR ACOPY="N" ADELETE="N" HEIGHT="30">
<TD COLSPAN="2" WIDTH="340" HEIGHT="23" AUPDATECONT="N" ENG="16. Whether subject to file securities registration statement">16. 증권신고서 제출대상 여부</TD>
<TU ALIGN="CENTER" WIDTH="241" HEIGHT="23" AUNIT="RPT_SM_YN" AUNITVALUE="N" COLSPAN="2" ENG="No">아니오</TU>
</TR>

<TR ACOPY="N" ADELETE="N" HEIGHT="237">
<TD COLSPAN="2" WIDTH="340" HEIGHT="230" AUPDATECONT="N" ENG="17. Reasons for exemption from filing securities registration statement, if exempted">17. 제출을 면제받은 경우 그 사유</TD>
<TE WIDTH="241" HEIGHT="230" ACODE="RPT_SBM" COLSPAN="2">비상장법인의 사모발행으로 증권의 발행 및 공시 등에 관한 규정 제2-2조 제2항 제1호의 규정에 따라 증권을 발행한 후 지체없이 한국예탁결제원에 예탁하고 그 예탁일(주권교부일)부터 1년간 해당 증권을 인출하거나 매각(매매의 예약 등을 포함)하지 않기로 하는 내용의 예탁계약을 체결한 후 그 예탁계약을 이행할 예정</TE>
</TR>

<TR ACOPY="N" ADELETE="N" HEIGHT="30">
<TD COLSPAN="2" VALIGN="MIDDLE" WIDTH="340" HEIGHT="83" AUPDATECONT="N" ROWSPAN="3" ENG="18. Short selling transaction period during which subscriptions are prohibited">18. 청약이 금지되는 공매도 거래 기간</TD>
<TD WIDTH="80" HEIGHT="23" ALIGN="CENTER" AUPDATECONT="N" ENG="Whether applicable">해당여부</TD>
<TU WIDTH="152" HEIGHT="23" ALIGN="CENTER" AUNIT="SSL_YN" AUNITVALUE="N" ENG="No">아니오</TU>
</TR>

<TR ACOPY="N" ADELETE="N" HEIGHT="30">
<TD WIDTH="80" HEIGHT="23" ALIGN="CENTER" AUPDATECONT="N" ENG="Start date">시작일</TD>
<TU WIDTH="152" HEIGHT="23" ALIGN="CENTER" AUNIT="SSL_BGN_DT" AUNITVALUE="-">-</TU>
</TR>

<TR ACOPY="N" ADELETE="N" HEIGHT="30">
<TD WIDTH="80" HEIGHT="23" ALIGN="CENTER" AUPDATECONT="N" ENG="End date">종료일</TD>
<TU WIDTH="152" HEIGHT="23" ALIGN="CENTER" AUNIT="SSL_END_DT" AUNITVALUE="-">-</TU>
</TR>

<TR ACOPY="N" ADELETE="N" HEIGHT="30">
<TD COLSPAN="2" WIDTH="340" HEIGHT="23" AUPDATECONT="N" ENG="19. Whether subject to the Fair Trade Commission reporting requirements">19. 공정거래위원회 신고대상 여부</TD>
<TU ALIGN="CENTER" WIDTH="241" HEIGHT="23" AUNIT="TRD_YN" AUNITVALUE="N" COLSPAN="2" ENG="Non-applicable">미해당</TU>
</TR>
</TBODY>
</TABLE>
</TABLE-GROUP>

<TABLE ACLASS="NORMAL" AFIXTABLE="Y" WIDTH="600" BORDER="0">

<COLGROUP WIDTH="600">
<COL WIDTH="600"></COL>
</COLGROUP>

<TBODY>

<TR ACOPY="N" ADELETE="N" HEIGHT="30">
<TD WIDTH="591" HEIGHT="23" AUPDATECONT="N" ENG="20. Other matters to be factored into investment decisions">20. 기타 투자판단에 참고할 사항</TD>
</TR>
</TBODY>
</TABLE>
<P USERMARK="F-10 ">(1) 본건 주식의 발행가액은 발행인과 청약인 간 합의에 의해 결정되었습니다.(2) 금번 유상증자로 발행되는 신주는 전량 한국예탁결제원에 1년간 보호예수 됩니다.(3) 기타 세부사항 및 본건 이행에 관한 업무처리는 대표이사에게 포괄적으로 위임하였습니다.(4) 본 유상증자의 일정 및 내용은 관계기관 및 내부 사정에 따라 변경될 수 있습니다.(5) 기타 참고사항</P>

<TABLE WIDTH="624" ACLASS="NORMAL" AFIXTABLE="N" BORDER="1">

<COLGROUP WIDTH="624">
<COL WIDTH="139"></COL>
<COL WIDTH="485"></COL>
</COLGROUP>

<TBODY>

<TR ACOPY="Y" ADELETE="Y" HEIGHT="447">
<TD USERMARK="F-9 " WIDTH="130" HEIGHT="440">기타주식에 관한 정관의근거</TD>
<TD USERMARK="F-9 " WIDTH="476" HEIGHT="440">제9조(주식의 종류)1. 회사가 발행 할 주식은 보통주식과 종류주식으로 한다.2. 회사가 발행하는 종류주식은 이익배당 또는 잔여재산분배에 관한 우선주식, 의결권 배제 또는 제한에 관한 주식, 상환주식, 전환주식 및 이들의 전분 또는 일부를 혼합한 주식으로 한다.제9조의 2(이익배당, 의결권배제 또는 제한, 주식의 상환 및 전환, 잔여재산분배에 관한 종류주식)1. 회사는 이익배당, 의결권 배제 도는 제한, 주식의 상환 및 전환, 잔여재산분배에 관한 종류주식을 발행할 수 있다.2. 제5조의 발행예정주식총수 중 종류주식의 발행한도는 발행주식총수의 4분의 1로한다.3. 종류주식에 대하여는 우선 배당한다. 종류주식에 대한 우선배당은 1주의 금액을 기준으로 연0% 이상 20% 이내에서 이사회가 정한 배당률에 따라 현금으로 지급한다4. 종류주식에 대하여 제3항에 따른 배당을 하고 보통주식에 대하여 종류주식의 배당률과 동률의 배당을 한 후, 잔여배당가능이익이 있으면 보통주식과 종류주식에 대하여 동등한 비율로 배당한다.5. 종류주식에 대하여 제3항에 따른 배당을 하지 못한 사업연도가 있는 경우에는 미배당분을 누적하여 다음 사업연도의 배당시에 우선하여 배당한다.6. 회사가 발행하는 종류주식은 의결권이 없는 것으로 하되, 발행시 이사회 결의에 의하여 의결권이 있는 종류주식을 발행할 수 있다.7. 회사가 유상증자 또는 무상증자를 실시하는 경우 종류주식에 대한 신주의 배정은, 무상증자의 경우에는 같은 종류의 종류주식으로 유상증자의 경우에는 이사회의 결의로써 그 주식의 종류를 정한다.</TD>
</TR>

<TR ACOPY="Y" ADELETE="Y" HEIGHT="67">
<TD USERMARK="F-9 " WIDTH="130" HEIGHT="60">상환에 관한 사항(주당 상환가액)</TD>
<TD USERMARK="F-9 " WIDTH="476" HEIGHT="60">본건 주식의 인수단가와 동 금액에 대하여 거래완결일(주금납입)의 다음날부터 상환일까지 연복리 8%를 적용하여 산출한 이자금액의 합계액으로 하되 발행일부터 상환일까지 지급된 배당금이 있을 경우 이를 차감하여 계산하기로 한다.</TD>
</TR>

<TR ACOPY="Y" ADELETE="Y" HEIGHT="30">
<TD USERMARK="F-9 " WIDTH="130" HEIGHT="23">전환비율</TD>
<TD USERMARK="F-9 " WIDTH="476" HEIGHT="23">본건 주식의 보통주로의 전환비율은 종류주식 1주당 보통주 1주로 한다.</TD>
</TR>

<TR ACOPY="Y" ADELETE="Y" HEIGHT="30">
<TD USERMARK="F-9 " WIDTH="130" HEIGHT="23">전환가액</TD>
<TD USERMARK="F-9 " WIDTH="476" HEIGHT="23">최초의 전환가격은 본건 주식의 주당 발행가액으로 한다.</TD>
</TR>

<TR ACOPY="Y" ADELETE="Y" HEIGHT="127">
<TD USERMARK="F-9 " WIDTH="130" HEIGHT="120">기타 약정사항</TD>
<TD USERMARK="F-9 " WIDTH="476" HEIGHT="120">* 잔여재산분배에 관한 사항- 회사가 청산될 때 종류주식에 대하여 인수가액 및 그 인수가액에 대하여 연복리 비율로 산정한 금액을 합한 금액의 한도에서 보통주식에 우선하여 잔여재산의 분배를 한다.- 본건 주식에 대한 우선 분배를 한 후 보통주에 대한 주당 분배금액이 본건 주식에 대한 주당 분배금액을 초과하는 경우에 본건 종류의 주주는 초과하는 부분에 대하여 보통주의 주주와 동일한 분배율로 함께 참가하여 잔여재산을 분배받을 권리가 있다.</TD>
</TR>

<TR ACOPY="Y" ADELETE="Y" HEIGHT="257">
<TD USERMARK="F-9 " WIDTH="130" HEIGHT="250">제3자 배정에 대한 정관의 근거</TD>

<TD USERMARK="F-9 " WIDTH="476" HEIGHT="250">
<P USERMARK="F-9 ">제10조(신주인수권)</P>
<P USERMARK="F-9 ">1. 주주는 그가 소유한 주식의 수에 비례하여 신주의 배정을 받을 권리를 갖는다. </P>
<P USERMARK="F-9 ">2. 회사는 제1항의 규정에도 불구하고 다음 각 호의 어느 하나에 해당하는 경우 이사회의 결의로 주주 외의 자에게 신주를 배정할 수 있다.</P>
<P USERMARK="F-9 ">① ~ ⑦ 생략</P>
<P USERMARK="F-9 ">⑧ 발행주식총수의 100분의 20을 초과하지 않는 범위 내에서 긴급한 자금조달을 위하여 국내외 금융기관 또는 기관투자자, 일반법인 및 개인에게 신주를 발행하는 경우</P>
<P USERMARK="F-9 ">⑨ ~ ⑪ 생략</P>
<P USERMARK="F-9 ">3. 제2항 각 호 중 어느 하나의 규정에 의하여 신주를 발행할 경우 발행할 주식의 종류와 수 및 발행가격 등은 이사회의 결의로 정한다.</P>
<P USERMARK="F-9 ">4. 신주인수권의 포기 또는 상실에 따른 주식과 신주배정에서 발생한 단주에 대한 처리방법은 이사회의 결의로 정한다.</P>
</TD>
</TR>
</TBODY>
</TABLE>
<P></P>

<LIBRARY>
<P>▶주권상장법인이 증권시장에서 시가가 형성되어 있지 않은 종목을 발행하고자 하는 경우 다음의 정보를 추가 기재</P>

<TABLE-GROUP ACLASS="THD_STD_MTH3" ADELETETABLE="N">

<TABLE ACLASS="EXTRACTION" AFIXTABLE="Y" WIDTH="601" BORDER="0">

<COLGROUP WIDTH="601">
<COL WIDTH="302"></COL>
<COL WIDTH="299"></COL>
</COLGROUP>

<TBODY>

<TR ACOPY="N" ADELETE="N" HEIGHT="30">
<TD VALIGN="BOTTOM" WIDTH="293" HEIGHT="23" AUPDATECONT="N"></TD>
<TD ALIGN="RIGHT" VALIGN="BOTTOM" WIDTH="290" HEIGHT="23" AUPDATECONT="N" ENG="(Unit: KRW, %)">(단위 : 원, %)</TD>
</TR>
</TBODY>
</TABLE>

<TABLE ACLASS="EXTRACTION" AFIXTABLE="N" WIDTH="600" BORDER="1">

<COLGROUP WIDTH="600">
<COL WIDTH="85"></COL>
<COL WIDTH="85"></COL>
<COL WIDTH="85"></COL>
<COL WIDTH="85"></COL>
<COL WIDTH="101"></COL>
<COL WIDTH="54"></COL>
<COL WIDTH="105"></COL>
</COLGROUP>

<THEAD>

<TR ACOPY="N" ADELETE="N" HEIGHT="53">
<TH COLSPAN="2" VALIGN="MIDDLE" WIDTH="161" HEIGHT="46" ACOPYCOL="N" ADELETECOL="N" AMOVECOL="N" AUPDATECONT="N" ENG="Details of the trading suspension">거래정지관련 정보</TH>
<TH COLSPAN="2" VALIGN="MIDDLE" WIDTH="161" HEIGHT="46" ACOPYCOL="N" ADELETECOL="N" AMOVECOL="N" AUPDATECONT="N" ENG="Method for evaluating the base stock price">기준주가 평가방법</TH>
<TH ROWSPAN="2" VALIGN="MIDDLE" WIDTH="92" HEIGHT="122" ACOPYCOL="N" ADELETECOL="N" AMOVECOL="N" AUPDATECONT="N" ENG="Increase/ Decrease ratio compared to closing price (%) (B-A)/A*100">종가대비증감비율(B-A)/A*100</TH>
<TH COLSPAN="2" VALIGN="MIDDLE" WIDTH="150" HEIGHT="46" ACOPYCOL="N" ADELETECOL="N" AMOVECOL="N" AUPDATECONT="N" ENG="External valuation">외부평가</TH>
</TR>

<TR ACOPY="N" ADELETE="N" HEIGHT="76">
<TH VALIGN="MIDDLE" WIDTH="76" HEIGHT="69" ACOPYCOL="N" ADELETECOL="N" AMOVECOL="N" AUPDATECONT="N" ENG="Suspension date of transactions">거래정지일</TH>
<TH VALIGN="MIDDLE" WIDTH="76" HEIGHT="69" ACOPYCOL="N" ADELETECOL="N" AMOVECOL="N" AUPDATECONT="N" ENG="Last closing price before the trading suspension (A)">거래정지전최종종가(A)</TH>
<TH VALIGN="MIDDLE" WIDTH="76" HEIGHT="69" ACOPYCOL="N" ADELETECOL="N" AMOVECOL="N" AUPDATECONT="N" ENG="Assessment method">평가방법</TH>
<TH VALIGN="MIDDLE" WIDTH="76" HEIGHT="69" ACOPYCOL="N" ADELETECOL="N" AMOVECOL="N" AUPDATECONT="N" ENG="Valuation amount (B)">평가금액(B)</TH>
<TH VALIGN="MIDDLE" WIDTH="45" HEIGHT="69" ACOPYCOL="N" ADELETECOL="N" AMOVECOL="N" AUPDATECONT="N" ENG="If implemented">수행여부</TH>
<TH VALIGN="MIDDLE" WIDTH="96" HEIGHT="69" ACOPYCOL="N" ADELETECOL="N" AMOVECOL="N" AUPDATECONT="N" ENG="Valuation institution">평가기관명</TH>
</TR>
</THEAD>

<TBODY>

<TR ACOPY="Y" ADELETE="N" HEIGHT="30">
<TU ROWSPAN="3" ALIGN="CENTER" VALIGN="MIDDLE" WIDTH="76" HEIGHT="83" AUNIT="BSN_STOP_DT" AUNITVALUE="-">-</TU>
<TE ROWSPAN="3" ALIGN="RIGHT" VALIGN="MIDDLE" WIDTH="76" HEIGHT="83" ACODE="BSN_STOP_VAL">-</TE>
<TE ALIGN="CENTER" VALIGN="MIDDLE" WIDTH="76" HEIGHT="23" ACODE="EVAL_MTH">-</TE>
<TE ALIGN="RIGHT" VALIGN="MIDDLE" WIDTH="76" HEIGHT="23" ACODE="EVAL_PRC">-</TE>
<TE ALIGN="RIGHT" VALIGN="MIDDLE" WIDTH="92" HEIGHT="23" ACODE="SE_RATE">-</TE>
<TE ROWSPAN="3" ALIGN="CENTER" VALIGN="MIDDLE" WIDTH="45" HEIGHT="83" ACODE="EXT_EVAL_YN">-</TE>
<TE ALIGN="CENTER" VALIGN="MIDDLE" WIDTH="96" HEIGHT="23" ACODE="EVAL_ORG">-</TE>
</TR>

<TR ACOPY="Y" ADELETE="N" HEIGHT="30">
<TE ALIGN="CENTER" VALIGN="MIDDLE" WIDTH="76" HEIGHT="23" ACODE="EVAL_MTH">-</TE>
<TE ALIGN="RIGHT" VALIGN="MIDDLE" WIDTH="76" HEIGHT="23" ACODE="EVAL_PRC">-</TE>
<TE ALIGN="RIGHT" VALIGN="MIDDLE" WIDTH="92" HEIGHT="23" ACODE="SE_RATE">-</TE>
<TE ALIGN="CENTER" VALIGN="MIDDLE" WIDTH="96" HEIGHT="23" ACODE="EVAL_ORG">-</TE>
</TR>

<TR ACOPY="Y" ADELETE="Y" HEIGHT="30">
<TE ALIGN="CENTER" VALIGN="MIDDLE" WIDTH="76" HEIGHT="23" ACODE="EVAL_MTH">-</TE>
<TE ALIGN="RIGHT" VALIGN="MIDDLE" WIDTH="76" HEIGHT="23" ACODE="EVAL_PRC">-</TE>
<TE ALIGN="RIGHT" VALIGN="MIDDLE" WIDTH="92" HEIGHT="23" ACODE="SE_RATE">-</TE>
<TE ALIGN="CENTER" VALIGN="MIDDLE" WIDTH="96" HEIGHT="23" ACODE="EVAL_ORG">-</TE>
</TR>
</TBODY>
</TABLE>
</TABLE-GROUP>
<P></P>

<P></P>

<P></P>
</LIBRARY>

<P></P>

<TABLE-GROUP ACLASS="THD_ASN_OBJ" ADELETETABLE="N">

<TABLE ACLASS="NORMAL" AFIXTABLE="Y" WIDTH="600" BORDER="0">

<COLGROUP WIDTH="600">
<COL WIDTH="600"></COL>
</COLGROUP>

<TBODY>

<TR ACOPY="N" ADELETE="N" HEIGHT="30">
<TD WIDTH="591" HEIGHT="23" AUPDATECONT="N" ENG="【Basis, Purpose, etc. of Third-party Allotment】">【제3자배정 근거, 목적 등】</TD>
</TR>
</TBODY>
</TABLE>

<TABLE ACLASS="EXTRACTION" AFIXTABLE="N" WIDTH="600" BORDER="1">

<COLGROUP WIDTH="600">
<COL WIDTH="300"></COL>
<COL WIDTH="300"></COL>
</COLGROUP>

<THEAD>

<TR ACOPY="N" ADELETE="N" HEIGHT="30">
<TH VALIGN="MIDDLE" WIDTH="291" HEIGHT="23" ACOPYCOL="N" ADELETECOL="N" AMOVECOL="N" AUPDATECONT="N" ENG="Basis in articles of incorporation on third-party allotment">제3자배정 근거가 되는 정관규정</TH>
<TH VALIGN="MIDDLE" WIDTH="291" HEIGHT="23" ACOPYCOL="N" ADELETECOL="N" AMOVECOL="N" AUPDATECONT="N" ENG="Purpose of capital increase by third-party allotment">제3자배정 증자의 목적</TH>
</TR>
</THEAD>

<TBODY>

<TR ACOPY="Y" ADELETE="N" HEIGHT="214">
<TE WIDTH="291" HEIGHT="207" ACODE="RULE">제10조 2항의 82. 회사는 제1항의 규정에도 불구하고 다음 각호의 어느 하나에 해당하는 경우 이사회의 결의로 주주 외의 자에게 신주를 배정할 수 있다.⑧ 발행주식총수의 100분의 20을 초과하지 않는 범위 내에서 긴급한 자금조달을 위하여 국내외 금융기관 또는 기관투자자, 일반법인 및 개인에게 신주를 발행하는 경우</TE>
<TE WIDTH="291" HEIGHT="207" ACODE="OBJ">- 운영비용 및 개발제품 원자재 구입 등</TE>
</TR>

<TR ACOPY="Y" ADELETE="Y" HEIGHT="122">
<TE WIDTH="291" HEIGHT="115" ACODE="RULE">제10조 3항3. 제2항 각 호 중 어느 하나의 규정에 의하여 신주를 발행할 경우 발행할 주식의 종류와 수 및 발행가격 등은 이사회의 결의로 정한다.</TE>
<TE WIDTH="291" HEIGHT="115" ACODE="OBJ" ALIGN="CENTER" VALIGN="MIDDLE">-</TE>
</TR>
</TBODY>
</TABLE>
</TABLE-GROUP>
<P></P>

<TABLE ACLASS="NORMAL" AFIXTABLE="Y" WIDTH="600" BORDER="0">

<COLGROUP WIDTH="600">
<COL WIDTH="600"></COL>
</COLGROUP>

<TBODY>

<TR ACOPY="N" ADELETE="N" HEIGHT="30">
<TD WIDTH="591" HEIGHT="23" AUPDATECONT="N" ENG="【Intended Use of Funds in Detail on third-party allotment】">【제3자배정 조달자금의 구체적 사용목적】</TD>
</TR>
</TBODY>
</TABLE>

<LIBRARY>
<TABLE-GROUP ACLASS="TBL_FND1" ADELETETABLE="N">

<TABLE ACLASS="NORMAL" AFIXTABLE="Y" WIDTH="600" BORDER="0">

<COLGROUP WIDTH="600">
<COL WIDTH="600"></COL>
</COLGROUP>

<TBODY>

<TR ACOPY="N" ADELETE="N" HEIGHT="30">
<TD WIDTH="591" HEIGHT="23" AUPDATECONT="N" ENG="[In the case of operating capital and other purposes]">【운영자금ㆍ기타자금의 경우】</TD>
</TR>
</TBODY>
</TABLE>

<TABLE ACLASS="EXTRACTION" AFIXTABLE="Y" WIDTH="600" BORDER="0">

<COLGROUP WIDTH="600">
<COL WIDTH="459"></COL>
<COL WIDTH="141"></COL>
</COLGROUP>

<TBODY>

<TR ACOPY="N" ADELETE="N" HEIGHT="30">
<TD WIDTH="450" HEIGHT="23" AUPDATECONT="N" VALIGN="MIDDLE"></TD>
<TU WIDTH="132" HEIGHT="23" VALIGN="MIDDLE" ALIGN="RIGHT" AUNIT="WON" AUNITVALUE="3" ENG="(Unit: KRW million)">(단위 : 백만원)</TU>
</TR>
</TBODY>
</TABLE>

<TABLE ACLASS="EXTRACTION" WIDTH="600" BORDER="1">

<COLGROUP WIDTH="600">
<COL WIDTH="100"></COL>
<COL WIDTH="162"></COL>
<COL WIDTH="85"></COL>
<COL WIDTH="85"></COL>
<COL WIDTH="84"></COL>
<COL WIDTH="84"></COL>
</COLGROUP>

<TBODY>

<TR ACOPY="N" ADELETE="N" HEIGHT="30">
<TD ROWSPAN="2" ALIGN="CENTER" VALIGN="MIDDLE" WIDTH="91" HEIGHT="53" AUPDATECONT="N" ENG="Purpose of fund use">자금용도</TD>
<TD ROWSPAN="2" ALIGN="CENTER" VALIGN="MIDDLE" WIDTH="153" HEIGHT="53" AUPDATECONT="N" ENG="Details*">세부내역*</TD>
<TD COLSPAN="4" ALIGN="CENTER" VALIGN="MIDDLE" WIDTH="329" HEIGHT="23" AUPDATECONT="N" ENG="Estimated amount to use by year">연도별 사용 예정 금액</TD>
</TR>

<TR ACOPY="N" ADELETE="N" HEIGHT="30">
<TE ALIGN="CENTER" VALIGN="MIDDLE" WIDTH="76" HEIGHT="23" ACODE="FND1_PRD1">'26년</TE>
<TE ALIGN="CENTER" VALIGN="MIDDLE" WIDTH="76" HEIGHT="23" ACODE="FND1_PRD2">'27년</TE>
<TE ALIGN="CENTER" VALIGN="MIDDLE" WIDTH="75" HEIGHT="23" ACODE="FND1_PRD3">'28년 이후</TE>
<TD ALIGN="CENTER" VALIGN="MIDDLE" WIDTH="75" HEIGHT="23" AUPDATECONT="N" ENG="Total">합계</TD>
</TR>

<TR ACOPY="Y" ADELETE="N" HEIGHT="76">
<TU ALIGN="CENTER" VALIGN="MIDDLE" WIDTH="91" HEIGHT="69" AUNIT="FND1_PPS" AUNITVALUE="1" ENG="Operating capital">운영자금</TU>
<TE ALIGN="CENTER" VALIGN="MIDDLE" WIDTH="153" HEIGHT="69" ACODE="FND1_DTL">비침습 혈당기 기술 고도화를 위한 연구개발/인건비</TE>
<TE ALIGN="RIGHT" VALIGN="MIDDLE" WIDTH="76" HEIGHT="69" ACODE="FND1_AMT1">500</TE>
<TE ALIGN="RIGHT" VALIGN="MIDDLE" WIDTH="76" HEIGHT="69" ACODE="FND1_AMT2">200</TE>
<TE ALIGN="RIGHT" VALIGN="MIDDLE" WIDTH="75" HEIGHT="69" ACODE="FND1_AMT3">-</TE>
<TE ALIGN="RIGHT" VALIGN="MIDDLE" WIDTH="75" HEIGHT="69" ACODE="FND1_AMTT">700</TE>
</TR>

<TR ACOPY="Y" ADELETE="Y" HEIGHT="53">
<TU ALIGN="CENTER" VALIGN="MIDDLE" WIDTH="91" HEIGHT="46" AUNIT="FND1_PPS" AUNITVALUE="2" ENG="Other purposes">기타자금</TU>
<TE ALIGN="CENTER" VALIGN="MIDDLE" WIDTH="153" HEIGHT="46" ACODE="FND1_DTL">비침습 혈당기 마케팅/영업</TE>
<TE ALIGN="RIGHT" VALIGN="MIDDLE" WIDTH="76" HEIGHT="46" ACODE="FND1_AMT1">300</TE>
<TE ALIGN="RIGHT" VALIGN="MIDDLE" WIDTH="76" HEIGHT="46" ACODE="FND1_AMT2">300</TE>
<TE ALIGN="RIGHT" VALIGN="MIDDLE" WIDTH="75" HEIGHT="46" ACODE="FND1_AMT3">-</TE>
<TE ALIGN="RIGHT" VALIGN="MIDDLE" WIDTH="75" HEIGHT="46" ACODE="FND1_AMTT">600</TE>
</TR>
</TBODY>
</TABLE>
</TABLE-GROUP>
<P></P>
</LIBRARY>

<P></P>

<TABLE-GROUP ACLASS="THD_ASN_LST" ADELETETABLE="N">

<TABLE ACLASS="NORMAL" AFIXTABLE="Y" WIDTH="600" BORDER="0">

<COLGROUP WIDTH="600">
<COL WIDTH="600"></COL>
</COLGROUP>

<TBODY>

<TR ACOPY="N" ADELETE="N" HEIGHT="30">
<TD WIDTH="591" HEIGHT="23" AUPDATECONT="N" ENG="【Selection process, Transaction Details, Allotment Details, etc. per Third-party Allotment Participant】">【제3자배정 대상자별 선정경위, 거래내역, 배정내역 등】</TD>
</TR>
</TBODY>
</TABLE>

<TABLE ACLASS="EXTRACTION" AFIXTABLE="N" WIDTH="598" BORDER="1">

<COLGROUP WIDTH="598">
<COL WIDTH="102"></COL>
<COL WIDTH="78"></COL>
<COL WIDTH="151"></COL>
<COL WIDTH="104"></COL>
<COL WIDTH="83"></COL>
<COL WIDTH="80"></COL>
</COLGROUP>

<THEAD>

<TR ACOPY="N" ADELETE="N" HEIGHT="76">
<TH VALIGN="MIDDLE" WIDTH="93" ACOPYCOL="N" ADELETECOL="N" AMOVECOL="N" AUPDATECONT="N" ENG="Name of the third-party allotment participants" HEIGHT="69">제3자배정 대상자</TH>
<TH VALIGN="MIDDLE" WIDTH="69" ACOPYCOL="N" ADELETECOL="N" AMOVECOL="N" AUPDATECONT="N" ENG="Relationship to company or the largest shareholder" HEIGHT="69">회사 또는최대주주와의 관계</TH>
<TH VALIGN="MIDDLE" WIDTH="142" ACOPYCOL="N" ADELETECOL="N" AMOVECOL="N" AUPDATECONT="N" ENG="Circumstances of selection" HEIGHT="69">선정경위</TH>
<TH VALIGN="MIDDLE" WIDTH="95" ACOPYCOL="N" ADELETECOL="N" AMOVECOL="N" AUPDATECONT="N" ENG="Details of trading & planning within six months before and after decision on capital increase" HEIGHT="69">증자결정 전후 6월이내 거래내역 및 계획</TH>
<TH VALIGN="MIDDLE" WIDTH="74" ACOPYCOL="N" ADELETECOL="N" AMOVECOL="N" AUPDATECONT="N" ENG="Total number of shares to be allocated (shrs.)" HEIGHT="69">배정주식수 (주)</TH>
<TH VALIGN="MIDDLE" WIDTH="71" ACOPYCOL="N" ADELETECOL="N" AMOVECOL="N" AUPDATECONT="N" ENG="Note" HEIGHT="69">비 고</TH>
</TR>
</THEAD>

<TBODY>

<TR ACOPY="Y" ADELETE="N" HEIGHT="76">
<TE ACODE="PART" VALIGN="MIDDLE" WIDTH="93" HEIGHT="69">(주)글루온채권투자일임</TE>
<TE ACODE="RLT" ALIGN="CENTER" VALIGN="MIDDLE" WIDTH="69" HEIGHT="69">-</TE>
<TE ACODE="SLT_JDG" ALIGN="CENTER" VALIGN="MIDDLE" WIDTH="142" HEIGHT="69">투자의향 및 회사의 경영상 목표달성 등을 고려하여 선정</TE>
<TE ACODE="MNTH" ALIGN="CENTER" VALIGN="MIDDLE" WIDTH="95" HEIGHT="69">-</TE>
<TE ALIGN="CENTER" ACODE="ALL_CNT" VALIGN="MIDDLE" WIDTH="74" HEIGHT="69">16,667</TE>
<TE ACODE="ETC" ALIGN="CENTER" VALIGN="MIDDLE" WIDTH="71" HEIGHT="69">예탁결제원 1년간 보호예수</TE>
</TR>

<TR ACOPY="Y" ADELETE="Y" HEIGHT="76">
<TE ACODE="PART" VALIGN="MIDDLE" WIDTH="93" HEIGHT="69">인탑스 아이피 스케일업펀드</TE>
<TE ACODE="RLT" ALIGN="CENTER" VALIGN="MIDDLE" WIDTH="69" HEIGHT="69">-</TE>
<TE ACODE="SLT_JDG" ALIGN="CENTER" VALIGN="MIDDLE" WIDTH="142" HEIGHT="69">투자의향 및 회사의 경영상 목표달성 등을 고려하여 선정</TE>
<TE ACODE="MNTH" ALIGN="CENTER" VALIGN="MIDDLE" WIDTH="95" HEIGHT="69">-</TE>
<TE ALIGN="CENTER" ACODE="ALL_CNT" VALIGN="MIDDLE" WIDTH="74" HEIGHT="69">27,778</TE>
<TE ACODE="ETC" ALIGN="CENTER" VALIGN="MIDDLE" WIDTH="71" HEIGHT="69">예탁결제원 1년간 보호예수</TE>
</TR>

<TR ACOPY="Y" ADELETE="Y" HEIGHT="99">
<TE ACODE="PART" VALIGN="MIDDLE" WIDTH="93" HEIGHT="92">인탑스 SaaS주도 혁신성장펀드</TE>
<TE ACODE="RLT" ALIGN="CENTER" VALIGN="MIDDLE" WIDTH="69" HEIGHT="92">-</TE>
<TE ACODE="SLT_JDG" ALIGN="CENTER" VALIGN="MIDDLE" WIDTH="142" HEIGHT="92">투자의향 및 회사의 경영상 목표달성 등을 고려하여 선정</TE>
<TE ACODE="MNTH" ALIGN="CENTER" VALIGN="MIDDLE" WIDTH="95" HEIGHT="92">-</TE>
<TE ALIGN="CENTER" ACODE="ALL_CNT" VALIGN="MIDDLE" WIDTH="74" HEIGHT="92">27,778</TE>
<TE ACODE="ETC" ALIGN="CENTER" VALIGN="MIDDLE" WIDTH="71" HEIGHT="92">예탁결제원 1년간 보호예수</TE>
</TR>
</TBODY>
</TABLE>
</TABLE-GROUP>
<P></P>

<LIBRARY>
<TABLE ACLASS="NORMAL" AFIXTABLE="Y" WIDTH="600" BORDER="0">

<COLGROUP WIDTH="600">
<COL WIDTH="600"></COL>
</COLGROUP>

<TBODY>

<TR ACOPY="N" ADELETE="N" HEIGHT="30">
<TD WIDTH="591" HEIGHT="23" AUPDATECONT="N" ENG="【If a corporation or an organization is included among the third-party allotment participants】">【제3자배정 대상자 중 법인 또는 단체가 포함된 경우】</TD>
</TR>
</TBODY>
</TABLE>

<TABLE ACLASS="NORMAL" AFIXTABLE="Y" WIDTH="600" BORDER="0">

<COLGROUP WIDTH="600">
<COL WIDTH="300"></COL>
<COL WIDTH="300"></COL>
</COLGROUP>

<TBODY>

<TR ACOPY="N" ADELETE="N" HEIGHT="30">
<TD WIDTH="291" HEIGHT="23" AUPDATECONT="N" VALIGN="MIDDLE" ENG="(1) Basic information of the corporation or organization">(1) 법인 또는 단체의 기본정보</TD>
<TD WIDTH="291" HEIGHT="23" AUPDATECONT="N" VALIGN="MIDDLE" ALIGN="RIGHT"></TD>
</TR>
</TBODY>
</TABLE>

<TABLE-GROUP ACLASS="THD_ASN_BAS" ADELETETABLE="N">

<TABLE ACLASS="EXTRACTION" AFIXTABLE="N" WIDTH="598" BORDER="1">

<COLGROUP WIDTH="598">
<COL WIDTH="74"></COL>
<COL WIDTH="73"></COL>
<COL WIDTH="76"></COL>
<COL WIDTH="75"></COL>
<COL WIDTH="75"></COL>
<COL WIDTH="75"></COL>
<COL WIDTH="75"></COL>
<COL WIDTH="75"></COL>
</COLGROUP>

<THEAD>

<TR ACOPY="N" ADELETE="N" HEIGHT="53">
<TH VALIGN="MIDDLE" WIDTH="65" HEIGHT="76" ACOPYCOL="N" ADELETECOL="N" AMOVECOL="N" AUPDATECONT="N" ROWSPAN="2" ENG="Name">명 칭</TH>
<TH VALIGN="MIDDLE" WIDTH="64" HEIGHT="76" ACOPYCOL="N" ADELETECOL="N" AMOVECOL="N" AUPDATECONT="N" ROWSPAN="2" ENG="Number of investors (persons)">출자자수(명)</TH>
<TH VALIGN="MIDDLE" WIDTH="142" HEIGHT="46" ACOPYCOL="N" ADELETECOL="N" AMOVECOL="N" AUPDATECONT="N" COLSPAN="2" ENG="CEO (Representative member)">대표이사(대표조합원)</TH>
<TH VALIGN="MIDDLE" WIDTH="141" HEIGHT="46" ACOPYCOL="N" ADELETECOL="N" AMOVECOL="N" AUPDATECONT="N" COLSPAN="2" ENG="Executor (Executive member)">업무집행자(업무집행조합원)</TH>
<TH VALIGN="MIDDLE" WIDTH="141" HEIGHT="46" ACOPYCOL="N" ADELETECOL="N" AMOVECOL="N" AUPDATECONT="N" COLSPAN="2" ENG="Largest shareholder (Largest investor)">최대주주(최대출자자)</TH>
</TR>

<TR ACOPY="N" ADELETE="N" HEIGHT="30">
<TH VALIGN="MIDDLE" WIDTH="67" HEIGHT="23" ACOPYCOL="N" ADELETECOL="N" AMOVECOL="N" AUPDATECONT="N" ENG="Name">성명</TH>
<TH VALIGN="MIDDLE" WIDTH="66" HEIGHT="23" ACOPYCOL="N" ADELETECOL="N" AMOVECOL="N" AUPDATECONT="N" ENG="Ratio (%)">지분(%)</TH>
<TH VALIGN="MIDDLE" WIDTH="66" HEIGHT="23" ACOPYCOL="N" ADELETECOL="N" AMOVECOL="N" AUPDATECONT="N" ENG="Name">성명</TH>
<TH VALIGN="MIDDLE" WIDTH="66" HEIGHT="23" ACOPYCOL="N" ADELETECOL="N" AMOVECOL="N" AUPDATECONT="N" ENG="Ratio (%)">지분(%)</TH>
<TH VALIGN="MIDDLE" WIDTH="66" HEIGHT="23" ACOPYCOL="N" ADELETECOL="N" AMOVECOL="N" AUPDATECONT="N" ENG="Name">성명</TH>
<TH VALIGN="MIDDLE" WIDTH="66" HEIGHT="23" ACOPYCOL="N" ADELETECOL="N" AMOVECOL="N" AUPDATECONT="N" ENG="Ratio (%)">지분(%)</TH>
</TR>
</THEAD>

<TBODY>

<TR ACOPY="N" ADELETE="N" HEIGHT="30">
<TE WIDTH="65" HEIGHT="69" ACODE="BAS_NAME" VALIGN="MIDDLE" ALIGN="CENTER" ROWSPAN="2">(주)글루온채권투자일임</TE>
<TE WIDTH="64" HEIGHT="69" ACODE="BAS_CNT" VALIGN="MIDDLE" ALIGN="RIGHT" ROWSPAN="2">10</TE>
<TE WIDTH="67" HEIGHT="23" ACODE="BAS_NAM1" VALIGN="MIDDLE" ALIGN="CENTER">신재철</TE>
<TE WIDTH="66" HEIGHT="23" ACODE="BAS_RAT1" VALIGN="MIDDLE" ALIGN="RIGHT">12.77</TE>
<TE WIDTH="66" HEIGHT="23" ACODE="BAS_NAM2" VALIGN="MIDDLE" ALIGN="CENTER">-</TE>
<TE WIDTH="66" HEIGHT="23" ACODE="BAS_RAT2" VALIGN="MIDDLE" ALIGN="RIGHT">-</TE>
<TE ALIGN="CENTER" WIDTH="66" HEIGHT="23" ACODE="BAS_NAM3" VALIGN="MIDDLE">김물결</TE>
<TE WIDTH="66" HEIGHT="23" ACODE="BAS_RAT3" VALIGN="MIDDLE" ALIGN="RIGHT">23.40</TE>
</TR>

<TR ACOPY="Y" ADELETE="N" HEIGHT="46">
<TE WIDTH="67" HEIGHT="39" ACODE="BAS_NAM1" VALIGN="MIDDLE" ALIGN="CENTER">-</TE>
<TE WIDTH="66" HEIGHT="39" ACODE="BAS_RAT1" VALIGN="MIDDLE" ALIGN="RIGHT">-</TE>
<TE WIDTH="66" HEIGHT="39" ACODE="BAS_NAM2" VALIGN="MIDDLE" ALIGN="CENTER">-</TE>
<TE WIDTH="66" HEIGHT="39" ACODE="BAS_RAT2" VALIGN="MIDDLE" ALIGN="RIGHT">-</TE>
<TE ALIGN="CENTER" WIDTH="66" HEIGHT="39" ACODE="BAS_NAM3" VALIGN="MIDDLE">-</TE>
<TE WIDTH="66" HEIGHT="39" ACODE="BAS_RAT3" VALIGN="MIDDLE" ALIGN="RIGHT">-</TE>
</TR>
</TBODY>
</TABLE>
</TABLE-GROUP>

<P></P>

<TABLE ACLASS="NORMAL" AFIXTABLE="Y" WIDTH="600" BORDER="0">

<COLGROUP WIDTH="600">
<COL WIDTH="459"></COL>
<COL WIDTH="141"></COL>
</COLGROUP>

<TBODY>

<TR ACOPY="N" ADELETE="N" HEIGHT="30">
<TD WIDTH="450" HEIGHT="23" AUPDATECONT="N" VALIGN="MIDDLE" ENG="(2) Major financial details of the corporation or organization for the latest fiscal year">(2) 법인 또는 단체의 최근 결산기 주요 재무사항</TD>
<TD WIDTH="132" HEIGHT="23" AUPDATECONT="N" VALIGN="MIDDLE" ALIGN="RIGHT" ENG="(Unit: KRW million)">(단위 : 백만원)</TD>
</TR>
</TBODY>
</TABLE>

<TABLE-GROUP ACLASS="THD_ASN_FIN" ADELETETABLE="N">

<TABLE ACLASS="EXTRACTION" AFIXTABLE="N" WIDTH="598" BORDER="1">

<COLGROUP WIDTH="598">
<COL WIDTH="150"></COL>
<COL WIDTH="150"></COL>
<COL WIDTH="149"></COL>
<COL WIDTH="149"></COL>
</COLGROUP>

<TBODY>

<TR ACOPY="N" ADELETE="N" HEIGHT="30">
<TD ALIGN="CENTER" VALIGN="MIDDLE" WIDTH="141" HEIGHT="23" AUPDATECONT="N" ENG="Fiscal year">회계연도</TD>
<TE ALIGN="CENTER" VALIGN="MIDDLE" WIDTH="141" HEIGHT="23" ACODE="FIN_YER">2024</TE>
<TD ALIGN="CENTER" VALIGN="MIDDLE" WIDTH="140" HEIGHT="23" AUPDATECONT="N" ENG="Period">결산기</TD>
<TE ALIGN="CENTER" VALIGN="MIDDLE" WIDTH="140" HEIGHT="23" ACODE="FIN_CLO">제5기(3월결산)</TE>
</TR>

<TR ACOPY="N" ADELETE="N" HEIGHT="30">
<TD ALIGN="CENTER" VALIGN="MIDDLE" WIDTH="141" HEIGHT="23" AUPDATECONT="N" ENG="Total assets">자산총계</TD>
<TE ALIGN="RIGHT" VALIGN="MIDDLE" WIDTH="141" HEIGHT="23" ACODE="FIN_AST">2,847</TE>
<TD ALIGN="CENTER" VALIGN="MIDDLE" WIDTH="140" HEIGHT="23" AUPDATECONT="N" ENG="Sales">매출액</TD>
<TE ALIGN="RIGHT" VALIGN="MIDDLE" WIDTH="140" HEIGHT="23" ACODE="FIN_SAL">838</TE>
</TR>

<TR ACOPY="N" ADELETE="N" HEIGHT="30">
<TD ALIGN="CENTER" VALIGN="MIDDLE" WIDTH="141" HEIGHT="23" AUPDATECONT="N" ENG="Total liabilities">부채총계</TD>
<TE ALIGN="RIGHT" VALIGN="MIDDLE" WIDTH="141" HEIGHT="23" ACODE="FIN_DEB">252</TE>
<TD ALIGN="CENTER" VALIGN="MIDDLE" WIDTH="140" HEIGHT="23" AUPDATECONT="N" ENG="Profit (loss)">당기순손익</TD>
<TE ALIGN="RIGHT" VALIGN="MIDDLE" WIDTH="140" HEIGHT="23" ACODE="FIN_PRF">-139</TE>
</TR>

<TR ACOPY="N" ADELETE="N" HEIGHT="30">
<TD ALIGN="CENTER" VALIGN="MIDDLE" WIDTH="141" HEIGHT="23" AUPDATECONT="N" ENG="Total equity">자본총계</TD>
<TE ALIGN="RIGHT" VALIGN="MIDDLE" WIDTH="141" HEIGHT="23" ACODE="FIN_CAP">2,595</TE>
<TD ALIGN="CENTER" VALIGN="MIDDLE" WIDTH="140" HEIGHT="23" AUPDATECONT="N" ENG="External auditor">외부감사인</TD>
<TE ALIGN="CENTER" VALIGN="MIDDLE" WIDTH="140" HEIGHT="23" ACODE="FIN_AUD">한울회계법인</TE>
</TR>

<TR ACOPY="N" ADELETE="N" HEIGHT="30">
<TD ALIGN="CENTER" VALIGN="MIDDLE" WIDTH="141" HEIGHT="23" AUPDATECONT="N" ENG="Issued capital">자본금</TD>
<TE ALIGN="RIGHT" VALIGN="MIDDLE" WIDTH="141" HEIGHT="23" ACODE="FIN_CAS">2,350</TE>
<TD ALIGN="CENTER" VALIGN="MIDDLE" WIDTH="140" HEIGHT="23" AUPDATECONT="N" ENG="Audit opinion">감사의견</TD>
<TE ALIGN="CENTER" VALIGN="MIDDLE" WIDTH="140" HEIGHT="23" ACODE="FIN_OPN">적정</TE>
</TR>
</TBODY>
</TABLE>
</TABLE-GROUP>

<P></P>

</LIBRARY><LIBRARY>
<TABLE ACLASS="NORMAL" AFIXTABLE="Y" WIDTH="600" BORDER="0">

<COLGROUP WIDTH="600">
<COL WIDTH="600"></COL>
</COLGROUP>

<TBODY>

<TR ACOPY="N" ADELETE="N" HEIGHT="30">
<TD WIDTH="591" HEIGHT="23" AUPDATECONT="N" ENG="【If a corporation or an organization is included among the third-party allotment participants】">【제3자배정 대상자 중 법인 또는 단체가 포함된 경우】</TD>
</TR>
</TBODY>
</TABLE>

<TABLE ACLASS="NORMAL" AFIXTABLE="Y" WIDTH="600" BORDER="0">

<COLGROUP WIDTH="600">
<COL WIDTH="300"></COL>
<COL WIDTH="300"></COL>
</COLGROUP>

<TBODY>

<TR ACOPY="N" ADELETE="N" HEIGHT="30">
<TD WIDTH="291" HEIGHT="23" AUPDATECONT="N" VALIGN="MIDDLE" ENG="(1) Basic information of the corporation or organization">(1) 법인 또는 단체의 기본정보</TD>
<TD WIDTH="291" HEIGHT="23" AUPDATECONT="N" VALIGN="MIDDLE" ALIGN="RIGHT"></TD>
</TR>
</TBODY>
</TABLE>

<TABLE-GROUP ACLASS="THD_ASN_BAS" ADELETETABLE="N">

<TABLE ACLASS="EXTRACTION" AFIXTABLE="N" WIDTH="598" BORDER="1">

<COLGROUP WIDTH="598">
<COL WIDTH="81"></COL>
<COL WIDTH="66"></COL>
<COL WIDTH="76"></COL>
<COL WIDTH="75"></COL>
<COL WIDTH="75"></COL>
<COL WIDTH="75"></COL>
<COL WIDTH="75"></COL>
<COL WIDTH="75"></COL>
</COLGROUP>

<THEAD>

<TR ACOPY="N" ADELETE="N" HEIGHT="53">
<TH VALIGN="MIDDLE" WIDTH="72" HEIGHT="76" ACOPYCOL="N" ADELETECOL="N" AMOVECOL="N" AUPDATECONT="N" ROWSPAN="2" ENG="Name">명 칭</TH>
<TH VALIGN="MIDDLE" WIDTH="57" HEIGHT="76" ACOPYCOL="N" ADELETECOL="N" AMOVECOL="N" AUPDATECONT="N" ROWSPAN="2" ENG="Number of investors (persons)">출자자수(명)</TH>
<TH VALIGN="MIDDLE" WIDTH="142" HEIGHT="46" ACOPYCOL="N" ADELETECOL="N" AMOVECOL="N" AUPDATECONT="N" COLSPAN="2" ENG="CEO (Representative member)">대표이사(대표조합원)</TH>
<TH VALIGN="MIDDLE" WIDTH="141" HEIGHT="46" ACOPYCOL="N" ADELETECOL="N" AMOVECOL="N" AUPDATECONT="N" COLSPAN="2" ENG="Executor (Executive member)">업무집행자(업무집행조합원)</TH>
<TH VALIGN="MIDDLE" WIDTH="141" HEIGHT="46" ACOPYCOL="N" ADELETECOL="N" AMOVECOL="N" AUPDATECONT="N" COLSPAN="2" ENG="Largest shareholder (Largest investor)">최대주주(최대출자자)</TH>
</TR>

<TR ACOPY="N" ADELETE="N" HEIGHT="30">
<TH VALIGN="MIDDLE" WIDTH="67" HEIGHT="23" ACOPYCOL="N" ADELETECOL="N" AMOVECOL="N" AUPDATECONT="N" ENG="Name">성명</TH>
<TH VALIGN="MIDDLE" WIDTH="66" HEIGHT="23" ACOPYCOL="N" ADELETECOL="N" AMOVECOL="N" AUPDATECONT="N" ENG="Ratio (%)">지분(%)</TH>
<TH VALIGN="MIDDLE" WIDTH="66" HEIGHT="23" ACOPYCOL="N" ADELETECOL="N" AMOVECOL="N" AUPDATECONT="N" ENG="Name">성명</TH>
<TH VALIGN="MIDDLE" WIDTH="66" HEIGHT="23" ACOPYCOL="N" ADELETECOL="N" AMOVECOL="N" AUPDATECONT="N" ENG="Ratio (%)">지분(%)</TH>
<TH VALIGN="MIDDLE" WIDTH="66" HEIGHT="23" ACOPYCOL="N" ADELETECOL="N" AMOVECOL="N" AUPDATECONT="N" ENG="Name">성명</TH>
<TH VALIGN="MIDDLE" WIDTH="66" HEIGHT="23" ACOPYCOL="N" ADELETECOL="N" AMOVECOL="N" AUPDATECONT="N" ENG="Ratio (%)">지분(%)</TH>
</TR>
</THEAD>

<TBODY>

<TR ACOPY="N" ADELETE="N" HEIGHT="76">
<TE WIDTH="72" HEIGHT="115" ACODE="BAS_NAME" VALIGN="MIDDLE" ALIGN="CENTER" ROWSPAN="2">인탑스 아이피 스케일업펀드</TE>
<TE WIDTH="57" HEIGHT="115" ACODE="BAS_CNT" VALIGN="MIDDLE" ALIGN="RIGHT" ROWSPAN="2">6</TE>
<TE WIDTH="67" HEIGHT="69" ACODE="BAS_NAM1" VALIGN="MIDDLE" ALIGN="CENTER">-</TE>
<TE WIDTH="66" HEIGHT="69" ACODE="BAS_RAT1" VALIGN="MIDDLE" ALIGN="RIGHT">-</TE>
<TE WIDTH="66" HEIGHT="69" ACODE="BAS_NAM2" VALIGN="MIDDLE" ALIGN="CENTER">인탑스인베스트먼트(주)</TE>
<TE WIDTH="66" HEIGHT="69" ACODE="BAS_RAT2" VALIGN="MIDDLE" ALIGN="RIGHT">5.75</TE>
<TE ALIGN="CENTER" WIDTH="66" HEIGHT="69" ACODE="BAS_NAM3" VALIGN="MIDDLE">한국모태펀드</TE>
<TE WIDTH="66" HEIGHT="69" ACODE="BAS_RAT3" VALIGN="MIDDLE" ALIGN="RIGHT">56.25</TE>
</TR>

<TR ACOPY="Y" ADELETE="N" HEIGHT="46">
<TE WIDTH="67" HEIGHT="39" ACODE="BAS_NAM1" VALIGN="MIDDLE" ALIGN="CENTER">-</TE>
<TE WIDTH="66" HEIGHT="39" ACODE="BAS_RAT1" VALIGN="MIDDLE" ALIGN="RIGHT">-</TE>
<TE WIDTH="66" HEIGHT="39" ACODE="BAS_NAM2" VALIGN="MIDDLE" ALIGN="CENTER">-</TE>
<TE WIDTH="66" HEIGHT="39" ACODE="BAS_RAT2" VALIGN="MIDDLE" ALIGN="RIGHT">-</TE>
<TE ALIGN="CENTER" WIDTH="66" HEIGHT="39" ACODE="BAS_NAM3" VALIGN="MIDDLE">-</TE>
<TE WIDTH="66" HEIGHT="39" ACODE="BAS_RAT3" VALIGN="MIDDLE" ALIGN="RIGHT">-</TE>
</TR>
</TBODY>
</TABLE>
</TABLE-GROUP>

<P></P>

<TABLE ACLASS="NORMAL" AFIXTABLE="Y" WIDTH="600" BORDER="0">

<COLGROUP WIDTH="600">
<COL WIDTH="459"></COL>
<COL WIDTH="141"></COL>
</COLGROUP>

<TBODY>

<TR ACOPY="N" ADELETE="N" HEIGHT="30">
<TD WIDTH="450" HEIGHT="23" AUPDATECONT="N" VALIGN="MIDDLE" ENG="(2) Major financial details of the corporation or organization for the latest fiscal year">(2) 법인 또는 단체의 최근 결산기 주요 재무사항</TD>
<TD WIDTH="132" HEIGHT="23" AUPDATECONT="N" VALIGN="MIDDLE" ALIGN="RIGHT" ENG="(Unit: KRW million)">(단위 : 백만원)</TD>
</TR>
</TBODY>
</TABLE>

<TABLE-GROUP ACLASS="THD_ASN_FIN" ADELETETABLE="N">

<TABLE ACLASS="EXTRACTION" AFIXTABLE="N" WIDTH="598" BORDER="1">

<COLGROUP WIDTH="598">
<COL WIDTH="150"></COL>
<COL WIDTH="150"></COL>
<COL WIDTH="149"></COL>
<COL WIDTH="149"></COL>
</COLGROUP>

<TBODY>

<TR ACOPY="N" ADELETE="N" HEIGHT="30">
<TD ALIGN="CENTER" VALIGN="MIDDLE" WIDTH="141" HEIGHT="23" AUPDATECONT="N" ENG="Fiscal year">회계연도</TD>
<TE ALIGN="CENTER" VALIGN="MIDDLE" WIDTH="141" HEIGHT="23" ACODE="FIN_YER">2024</TE>
<TD ALIGN="CENTER" VALIGN="MIDDLE" WIDTH="140" HEIGHT="23" AUPDATECONT="N" ENG="Period">결산기</TD>
<TE ALIGN="CENTER" VALIGN="MIDDLE" WIDTH="140" HEIGHT="23" ACODE="FIN_CLO">2기</TE>
</TR>

<TR ACOPY="N" ADELETE="N" HEIGHT="30">
<TD ALIGN="CENTER" VALIGN="MIDDLE" WIDTH="141" HEIGHT="23" AUPDATECONT="N" ENG="Total assets">자산총계</TD>
<TE ALIGN="RIGHT" VALIGN="MIDDLE" WIDTH="141" HEIGHT="23" ACODE="FIN_AST">11,252</TE>
<TD ALIGN="CENTER" VALIGN="MIDDLE" WIDTH="140" HEIGHT="23" AUPDATECONT="N" ENG="Sales">매출액</TD>
<TE ALIGN="RIGHT" VALIGN="MIDDLE" WIDTH="140" HEIGHT="23" ACODE="FIN_SAL">11</TE>
</TR>

<TR ACOPY="N" ADELETE="N" HEIGHT="30">
<TD ALIGN="CENTER" VALIGN="MIDDLE" WIDTH="141" HEIGHT="23" AUPDATECONT="N" ENG="Total liabilities">부채총계</TD>
<TE ALIGN="RIGHT" VALIGN="MIDDLE" WIDTH="141" HEIGHT="23" ACODE="FIN_DEB">3</TE>
<TD ALIGN="CENTER" VALIGN="MIDDLE" WIDTH="140" HEIGHT="23" AUPDATECONT="N" ENG="Profit (loss)">당기순손익</TD>
<TE ALIGN="RIGHT" VALIGN="MIDDLE" WIDTH="140" HEIGHT="23" ACODE="FIN_PRF">-501</TE>
</TR>

<TR ACOPY="N" ADELETE="N" HEIGHT="30">
<TD ALIGN="CENTER" VALIGN="MIDDLE" WIDTH="141" HEIGHT="23" AUPDATECONT="N" ENG="Total equity">자본총계</TD>
<TE ALIGN="RIGHT" VALIGN="MIDDLE" WIDTH="141" HEIGHT="23" ACODE="FIN_CAP">11,249</TE>
<TD ALIGN="CENTER" VALIGN="MIDDLE" WIDTH="140" HEIGHT="23" AUPDATECONT="N" ENG="External auditor">외부감사인</TD>
<TE ALIGN="CENTER" VALIGN="MIDDLE" WIDTH="140" HEIGHT="23" ACODE="FIN_AUD">대현회계법인</TE>
</TR>

<TR ACOPY="N" ADELETE="N" HEIGHT="30">
<TD ALIGN="CENTER" VALIGN="MIDDLE" WIDTH="141" HEIGHT="23" AUPDATECONT="N" ENG="Issued capital">자본금</TD>
<TE ALIGN="RIGHT" VALIGN="MIDDLE" WIDTH="141" HEIGHT="23" ACODE="FIN_CAS">12,000</TE>
<TD ALIGN="CENTER" VALIGN="MIDDLE" WIDTH="140" HEIGHT="23" AUPDATECONT="N" ENG="Audit opinion">감사의견</TD>
<TE ALIGN="CENTER" VALIGN="MIDDLE" WIDTH="140" HEIGHT="23" ACODE="FIN_OPN">적정</TE>
</TR>
</TBODY>
</TABLE>
</TABLE-GROUP>

<P></P>

</LIBRARY><LIBRARY>
<TABLE ACLASS="NORMAL" AFIXTABLE="Y" WIDTH="600" BORDER="0">

<COLGROUP WIDTH="600">
<COL WIDTH="600"></COL>
</COLGROUP>

<TBODY>

<TR ACOPY="N" ADELETE="N" HEIGHT="30">
<TD WIDTH="591" HEIGHT="23" AUPDATECONT="N" ENG="【If a corporation or an organization is included among the third-party allotment participants】">【제3자배정 대상자 중 법인 또는 단체가 포함된 경우】</TD>
</TR>
</TBODY>
</TABLE>

<TABLE ACLASS="NORMAL" AFIXTABLE="Y" WIDTH="600" BORDER="0">

<COLGROUP WIDTH="600">
<COL WIDTH="300"></COL>
<COL WIDTH="300"></COL>
</COLGROUP>

<TBODY>

<TR ACOPY="N" ADELETE="N" HEIGHT="30">
<TD WIDTH="291" HEIGHT="23" AUPDATECONT="N" VALIGN="MIDDLE" ENG="(1) Basic information of the corporation or organization">(1) 법인 또는 단체의 기본정보</TD>
<TD WIDTH="291" HEIGHT="23" AUPDATECONT="N" VALIGN="MIDDLE" ALIGN="RIGHT"></TD>
</TR>
</TBODY>
</TABLE>

<TABLE-GROUP ACLASS="THD_ASN_BAS" ADELETETABLE="N">

<TABLE ACLASS="EXTRACTION" AFIXTABLE="N" WIDTH="598" BORDER="1">

<COLGROUP WIDTH="598">
<COL WIDTH="82"></COL>
<COL WIDTH="65"></COL>
<COL WIDTH="76"></COL>
<COL WIDTH="75"></COL>
<COL WIDTH="75"></COL>
<COL WIDTH="75"></COL>
<COL WIDTH="75"></COL>
<COL WIDTH="75"></COL>
</COLGROUP>

<THEAD>

<TR ACOPY="N" ADELETE="N" HEIGHT="53">
<TH VALIGN="MIDDLE" WIDTH="73" HEIGHT="76" ACOPYCOL="N" ADELETECOL="N" AMOVECOL="N" AUPDATECONT="N" ROWSPAN="2" ENG="Name">명 칭</TH>
<TH VALIGN="MIDDLE" WIDTH="56" HEIGHT="76" ACOPYCOL="N" ADELETECOL="N" AMOVECOL="N" AUPDATECONT="N" ROWSPAN="2" ENG="Number of investors (persons)">출자자수(명)</TH>
<TH VALIGN="MIDDLE" WIDTH="142" HEIGHT="46" ACOPYCOL="N" ADELETECOL="N" AMOVECOL="N" AUPDATECONT="N" COLSPAN="2" ENG="CEO (Representative member)">대표이사(대표조합원)</TH>
<TH VALIGN="MIDDLE" WIDTH="141" HEIGHT="46" ACOPYCOL="N" ADELETECOL="N" AMOVECOL="N" AUPDATECONT="N" COLSPAN="2" ENG="Executor (Executive member)">업무집행자(업무집행조합원)</TH>
<TH VALIGN="MIDDLE" WIDTH="141" HEIGHT="46" ACOPYCOL="N" ADELETECOL="N" AMOVECOL="N" AUPDATECONT="N" COLSPAN="2" ENG="Largest shareholder (Largest investor)">최대주주(최대출자자)</TH>
</TR>

<TR ACOPY="N" ADELETE="N" HEIGHT="30">
<TH VALIGN="MIDDLE" WIDTH="67" HEIGHT="23" ACOPYCOL="N" ADELETECOL="N" AMOVECOL="N" AUPDATECONT="N" ENG="Name">성명</TH>
<TH VALIGN="MIDDLE" WIDTH="66" HEIGHT="23" ACOPYCOL="N" ADELETECOL="N" AMOVECOL="N" AUPDATECONT="N" ENG="Ratio (%)">지분(%)</TH>
<TH VALIGN="MIDDLE" WIDTH="66" HEIGHT="23" ACOPYCOL="N" ADELETECOL="N" AMOVECOL="N" AUPDATECONT="N" ENG="Name">성명</TH>
<TH VALIGN="MIDDLE" WIDTH="66" HEIGHT="23" ACOPYCOL="N" ADELETECOL="N" AMOVECOL="N" AUPDATECONT="N" ENG="Ratio (%)">지분(%)</TH>
<TH VALIGN="MIDDLE" WIDTH="66" HEIGHT="23" ACOPYCOL="N" ADELETECOL="N" AMOVECOL="N" AUPDATECONT="N" ENG="Name">성명</TH>
<TH VALIGN="MIDDLE" WIDTH="66" HEIGHT="23" ACOPYCOL="N" ADELETECOL="N" AMOVECOL="N" AUPDATECONT="N" ENG="Ratio (%)">지분(%)</TH>
</TR>
</THEAD>

<TBODY>

<TR ACOPY="N" ADELETE="N" HEIGHT="76">
<TE WIDTH="73" HEIGHT="138" ACODE="BAS_NAME" VALIGN="MIDDLE" ALIGN="CENTER" ROWSPAN="2">인탑스 SaaS주도 혁신성장펀드</TE>
<TE WIDTH="56" HEIGHT="138" ACODE="BAS_CNT" VALIGN="MIDDLE" ALIGN="RIGHT" ROWSPAN="2">7</TE>
<TE WIDTH="67" HEIGHT="69" ACODE="BAS_NAM1" VALIGN="MIDDLE" ALIGN="CENTER">-</TE>
<TE WIDTH="66" HEIGHT="69" ACODE="BAS_RAT1" VALIGN="MIDDLE" ALIGN="RIGHT">-</TE>
<TE WIDTH="66" HEIGHT="69" ACODE="BAS_NAM2" VALIGN="MIDDLE" ALIGN="CENTER">인탑스인베스트먼트(주)</TE>
<TE WIDTH="66" HEIGHT="69" ACODE="BAS_RAT2" VALIGN="MIDDLE" ALIGN="RIGHT">8.7</TE>
<TE ALIGN="CENTER" WIDTH="66" HEIGHT="69" ACODE="BAS_NAM3" VALIGN="MIDDLE">한국모태펀드</TE>
<TE WIDTH="66" HEIGHT="69" ACODE="BAS_RAT3" VALIGN="MIDDLE" ALIGN="RIGHT">43.48</TE>
</TR>

<TR ACOPY="Y" ADELETE="N" HEIGHT="69">
<TE WIDTH="67" HEIGHT="62" ACODE="BAS_NAM1" VALIGN="MIDDLE" ALIGN="CENTER">-</TE>
<TE WIDTH="66" HEIGHT="62" ACODE="BAS_RAT1" VALIGN="MIDDLE" ALIGN="RIGHT">-</TE>
<TE WIDTH="66" HEIGHT="62" ACODE="BAS_NAM2" VALIGN="MIDDLE" ALIGN="CENTER">-</TE>
<TE WIDTH="66" HEIGHT="62" ACODE="BAS_RAT2" VALIGN="MIDDLE" ALIGN="RIGHT">-</TE>
<TE ALIGN="CENTER" WIDTH="66" HEIGHT="62" ACODE="BAS_NAM3" VALIGN="MIDDLE">-</TE>
<TE WIDTH="66" HEIGHT="62" ACODE="BAS_RAT3" VALIGN="MIDDLE" ALIGN="RIGHT">-</TE>
</TR>
</TBODY>
</TABLE>
</TABLE-GROUP>

<P></P>

<TABLE ACLASS="NORMAL" AFIXTABLE="Y" WIDTH="600" BORDER="0">

<COLGROUP WIDTH="600">
<COL WIDTH="459"></COL>
<COL WIDTH="141"></COL>
</COLGROUP>

<TBODY>

<TR ACOPY="N" ADELETE="N" HEIGHT="30">
<TD WIDTH="450" HEIGHT="23" AUPDATECONT="N" VALIGN="MIDDLE" ENG="(2) Major financial details of the corporation or organization for the latest fiscal year">(2) 법인 또는 단체의 최근 결산기 주요 재무사항</TD>
<TD WIDTH="132" HEIGHT="23" AUPDATECONT="N" VALIGN="MIDDLE" ALIGN="RIGHT" ENG="(Unit: KRW million)">(단위 : 백만원)</TD>
</TR>
</TBODY>
</TABLE>

<TABLE-GROUP ACLASS="THD_ASN_FIN" ADELETETABLE="N">

<TABLE ACLASS="EXTRACTION" AFIXTABLE="N" WIDTH="598" BORDER="1">

<COLGROUP WIDTH="598">
<COL WIDTH="150"></COL>
<COL WIDTH="150"></COL>
<COL WIDTH="149"></COL>
<COL WIDTH="149"></COL>
</COLGROUP>

<TBODY>

<TR ACOPY="N" ADELETE="N" HEIGHT="30">
<TD ALIGN="CENTER" VALIGN="MIDDLE" WIDTH="141" HEIGHT="23" AUPDATECONT="N" ENG="Fiscal year">회계연도</TD>
<TE ALIGN="CENTER" VALIGN="MIDDLE" WIDTH="141" HEIGHT="23" ACODE="FIN_YER">2024</TE>
<TD ALIGN="CENTER" VALIGN="MIDDLE" WIDTH="140" HEIGHT="23" AUPDATECONT="N" ENG="Period">결산기</TD>
<TE ALIGN="CENTER" VALIGN="MIDDLE" WIDTH="140" HEIGHT="23" ACODE="FIN_CLO">1기</TE>
</TR>

<TR ACOPY="N" ADELETE="N" HEIGHT="30">
<TD ALIGN="CENTER" VALIGN="MIDDLE" WIDTH="141" HEIGHT="23" AUPDATECONT="N" ENG="Total assets">자산총계</TD>
<TE ALIGN="RIGHT" VALIGN="MIDDLE" WIDTH="141" HEIGHT="23" ACODE="FIN_AST">9,061</TE>
<TD ALIGN="CENTER" VALIGN="MIDDLE" WIDTH="140" HEIGHT="23" AUPDATECONT="N" ENG="Sales">매출액</TD>
<TE ALIGN="RIGHT" VALIGN="MIDDLE" WIDTH="140" HEIGHT="23" ACODE="FIN_SAL">7</TE>
</TR>

<TR ACOPY="N" ADELETE="N" HEIGHT="30">
<TD ALIGN="CENTER" VALIGN="MIDDLE" WIDTH="141" HEIGHT="23" AUPDATECONT="N" ENG="Total liabilities">부채총계</TD>
<TE ALIGN="RIGHT" VALIGN="MIDDLE" WIDTH="141" HEIGHT="23" ACODE="FIN_DEB">2</TE>
<TD ALIGN="CENTER" VALIGN="MIDDLE" WIDTH="140" HEIGHT="23" AUPDATECONT="N" ENG="Profit (loss)">당기순손익</TD>
<TE ALIGN="RIGHT" VALIGN="MIDDLE" WIDTH="140" HEIGHT="23" ACODE="FIN_PRF">-135</TE>
</TR>

<TR ACOPY="N" ADELETE="N" HEIGHT="30">
<TD ALIGN="CENTER" VALIGN="MIDDLE" WIDTH="141" HEIGHT="23" AUPDATECONT="N" ENG="Total equity">자본총계</TD>
<TE ALIGN="RIGHT" VALIGN="MIDDLE" WIDTH="141" HEIGHT="23" ACODE="FIN_CAP">9,058</TE>
<TD ALIGN="CENTER" VALIGN="MIDDLE" WIDTH="140" HEIGHT="23" AUPDATECONT="N" ENG="External auditor">외부감사인</TD>
<TE ALIGN="CENTER" VALIGN="MIDDLE" WIDTH="140" HEIGHT="23" ACODE="FIN_AUD">대현회계법인</TE>
</TR>

<TR ACOPY="N" ADELETE="N" HEIGHT="30">
<TD ALIGN="CENTER" VALIGN="MIDDLE" WIDTH="141" HEIGHT="23" AUPDATECONT="N" ENG="Issued capital">자본금</TD>
<TE ALIGN="RIGHT" VALIGN="MIDDLE" WIDTH="141" HEIGHT="23" ACODE="FIN_CAS">9,200</TE>
<TD ALIGN="CENTER" VALIGN="MIDDLE" WIDTH="140" HEIGHT="23" AUPDATECONT="N" ENG="Audit opinion">감사의견</TD>
<TE ALIGN="CENTER" VALIGN="MIDDLE" WIDTH="140" HEIGHT="23" ACODE="FIN_OPN">적정</TE>
</TR>
</TBODY>
</TABLE>
</TABLE-GROUP>

<P></P>

</LIBRARY></LIBRARY><P></P>

<P></P>
</SECTION-1>
</BODY>
</DOCUMENT>