<?xml version="1.0" encoding="utf-8"?>


<DOCUMENT xmlns:xsi="http://www.w3.org/2001/XMLSchema-instance" xsi:noNamespaceSchemaLocation="dart4.xsd">

<DOCUMENT-NAME ACODE="10820">증권발행실적보고서(집합투자증권)</DOCUMENT-NAME>
<FORMULA-VERSION ADATE="20160121">6.0</FORMULA-VERSION>
<COMPANY-NAME AREGCIK="00241412">교보악사자산운용주식회사</COMPANY-NAME>


<BODY ATOCID="7">

<COVER>
<COVER-TITLE ATOC="Y" AASSOCNOTE="COVER" ATOCID="1" ENG="Post-Issuance Report">증권발행실적보고서</COVER-TITLE>

<TABLE ACLASS="NORMAL" AFIXTABLE="N" WIDTH="600" BORDER="0">

<COLGROUP WIDTH="600">
<COL WIDTH="161"></COL>
<COL WIDTH="439"></COL>
</COLGROUP>

<TBODY>

<TR ACOPY="Y" ADELETE="Y" HEIGHT="30">
<TD COLSPAN="2" ALIGN="CENTER" VALIGN="MIDDLE" WIDTH="591" HEIGHT="23">[집합투자증권]</TD>
</TR>

<TR ACOPY="Y" ADELETE="Y" HEIGHT="76">
<TD COLSPAN="2" VALIGN="MIDDLE" WIDTH="591" HEIGHT="69"></TD>
</TR>

<TR ACOPY="Y" ADELETE="Y" HEIGHT="30">
<TD VALIGN="MIDDLE" WIDTH="152" HEIGHT="23">금융감독원장 귀하</TD>
<TD ALIGN="RIGHT" VALIGN="MIDDLE" WIDTH="430" HEIGHT="23">2026년    1월   6일</TD>
</TR>

<TR ACOPY="Y" ADELETE="Y" HEIGHT="30">
<TD VALIGN="MIDDLE" WIDTH="152" HEIGHT="23"></TD>
<TD ALIGN="RIGHT" VALIGN="MIDDLE" WIDTH="430" HEIGHT="23"></TD>
</TR>
</TBODY>
</TABLE>

<TABLE-GROUP ACLASS="_FUND_MAIN_" ADELETETABLE="N">

<TABLE ACLASS="EXTRACTION" AFIXTABLE="Y" WIDTH="600" BORDER="0">

<COLGROUP WIDTH="600">
<COL WIDTH="161"></COL>
<COL WIDTH="248"></COL>
<COL WIDTH="86"></COL>
<COL WIDTH="77"></COL>
<COL WIDTH="28"></COL>
</COLGROUP>

<TBODY>

<TR ACOPY="Y" ADELETE="Y" HEIGHT="53">
<TD VALIGN="MIDDLE" WIDTH="152" HEIGHT="46" AUPDATECONT="N" ENG="Name of the collective investment scheme:">집합투자기구 명칭 :</TD>
<TE VALIGN="MIDDLE" WIDTH="239" HEIGHT="46" ACODE="FUND_NAME">교보악사 글로벌 마켓파워 증권 자투자신탁(UH) [주식] </TE>
<TD VALIGN="MIDDLE" WIDTH="77" HEIGHT="46" AUPDATECONT="N" ENG="(Fund code:">(펀드코드 :</TD>
<TE ALIGN="CENTER" VALIGN="MIDDLE" WIDTH="68" HEIGHT="46" ACODE="FUND_CODE">A5157</TE>
<TD VALIGN="MIDDLE" WIDTH="19" HEIGHT="46" AUPDATECONT="N">)</TD>
</TR>

<TR ACOPY="Y" ADELETE="Y" HEIGHT="30">
<TD COLSPAN="5" WIDTH="591" HEIGHT="23"></TD>
</TR>
</TBODY>
</TABLE>
</TABLE-GROUP>

<TABLE ACLASS="NORMAL" AFIXTABLE="N" WIDTH="600" BORDER="0">

<COLGROUP WIDTH="600">
<COL WIDTH="161"></COL>
<COL WIDTH="439"></COL>
</COLGROUP>

<TBODY>

<TR ACOPY="Y" ADELETE="Y" HEIGHT="30">
<TD CLASS="NORMAL" WIDTH="152" HEIGHT="23">집합투자업자 명칭 :</TD>
<TD CLASS="NORMAL" WIDTH="430" HEIGHT="23">교보악사자산운용주식회사</TD>
</TR>

<TR ACOPY="Y" ADELETE="Y" HEIGHT="30">
<TD CLASS="NORMAL" WIDTH="152" HEIGHT="23"></TD>
<TD CLASS="NORMAL" WIDTH="430" HEIGHT="23"></TD>
</TR>

<TR ACOPY="Y" ADELETE="Y" HEIGHT="30">
<TD CLASS="NORMAL" WIDTH="152" HEIGHT="23">연        락       처 :</TD>
<TD CLASS="NORMAL" WIDTH="430" HEIGHT="23"></TD>
</TR>

<TR ACOPY="Y" ADELETE="Y" HEIGHT="30">
<TD CLASS="NORMAL" WIDTH="152" HEIGHT="23"></TD>
<TD CLASS="NORMAL" WIDTH="430" HEIGHT="23">(전  화) 02-767-9600</TD>
</TR>

<TR ACOPY="Y" ADELETE="Y" HEIGHT="30">
<TD CLASS="NORMAL" WIDTH="152" HEIGHT="23"></TD>
<TD CLASS="NORMAL" WIDTH="430" HEIGHT="23">(홈페이지) http://www.kyoboaxa-im.co.kr</TD>
</TR>

<TR ACOPY="Y" ADELETE="Y" HEIGHT="30">
<TD CLASS="NORMAL" WIDTH="152" HEIGHT="23"></TD>
<TD CLASS="NORMAL" WIDTH="430" HEIGHT="23"></TD>
</TR>

<TR ACOPY="Y" ADELETE="Y" HEIGHT="30">
<TD CLASS="NORMAL" WIDTH="152" HEIGHT="23">작  성  책  임  자 :</TD>
<TD CLASS="NORMAL" WIDTH="430" HEIGHT="23">(직  책) 본 부 장              (성  명) 강 석 훈</TD>
</TR>

<TR ACOPY="Y" ADELETE="Y" HEIGHT="30">
<TD CLASS="NORMAL" WIDTH="152" HEIGHT="23"></TD>
<TD CLASS="NORMAL" WIDTH="430" HEIGHT="23">(전  화) 02-767-9736</TD>
</TR>

<TR ACOPY="Y" ADELETE="Y" HEIGHT="53">
<TD CLASS="NORMAL" WIDTH="152" HEIGHT="46"></TD>
<TD CLASS="NORMAL" WIDTH="430" HEIGHT="46"></TD>
</TR>

<TR ACOPY="Y" ADELETE="Y" HEIGHT="30">
<TD CLASS="NORMAL" COLSPAN="2" ALIGN="RIGHT" WIDTH="591" HEIGHT="23">2025년    1월   6일</TD>
</TR>

<TR ACOPY="Y" ADELETE="Y" HEIGHT="53">
<TD CLASS="NORMAL" COLSPAN="2" ALIGN="RIGHT" WIDTH="591" HEIGHT="46">[교보악사 글로벌 마켓파워 증권 자투자신탁(UH) [주식]]</TD>
</TR>

<TR ACOPY="Y" ADELETE="Y" HEIGHT="53">
<TD CLASS="NORMAL" COLSPAN="2" ALIGN="RIGHT" WIDTH="591" HEIGHT="46">교보악사자산운용주식회사  대표이사   조 휘 성   (인)</TD>
</TR>
</TBODY>
</TABLE>
<P></P>

<IMAGE>
<IMG WIDTH="421" HEIGHT="201" ALIGN="CENTER" HSPACE="0">명판.jpg</IMG>
<IMG-CAPTION ATOC="N">명판</IMG-CAPTION>
</IMAGE>
<PGBRK></PGBRK>
</COVER>

<SECTION-1 ACLASS="MANDATORY" APARTSOURCE="SOURCE">

<SECTION-2 ACLASS="MANDATORY">
<TITLE ATOC="Y" AASSOCNOTE="D-0-0-1-0" ATOCID="2" ENG="1. Name of the collective investment scheme">1. 집합투자기구의 명칭</TITLE>

<TABLE ACLASS="NORMAL" AFIXTABLE="N" BORDER="1" WIDTH="600">

<COLGROUP WIDTH="600">
<COL WIDTH="406"></COL>
<COL WIDTH="194"></COL>
</COLGROUP>

<TBODY>

<TR ACOPY="Y" ADELETE="Y" HEIGHT="30">
<TD WIDTH="397" HEIGHT="23" ALIGN="CENTER" VALIGN="MIDDLE">집합투자기구 명칭</TD>
<TD WIDTH="185" HEIGHT="23" ALIGN="CENTER" VALIGN="MIDDLE">금융투자협회 펀드코드 </TD>
</TR>

<TR ACOPY="Y" ADELETE="Y" HEIGHT="30">
<TD WIDTH="397" HEIGHT="23" ALIGN="CENTER" VALIGN="MIDDLE">교보악사 글로벌 마켓파워 증권 자투자신탁(UH) [주식]</TD>
<TD WIDTH="185" HEIGHT="23" VALIGN="MIDDLE" ALIGN="CENTER">A5157</TD>
</TR>
</TBODY>
</TABLE>
<P></P>
</SECTION-2>

<SECTION-2 ACLASS="MANDATORY">
<TITLE ATOC="Y" AASSOCNOTE="D-0-0-2-0" ATOCID="3" ENG="2. Type and form of the collective investment scheme">2. 집합투자기구의 종류 및 형태</TITLE>
<P USERMARK="F-GL11 ">가. 형태별 종류 : 투자신탁</P>
<P USERMARK="F-GL11 ">나. 운용자산별 종류 : 증권(주식형)</P>
<P USERMARK="F-GL11 ">다. 개방형ㆍ폐쇄형 구분 : 개방형 (환매가 가능한 투자신탁)</P>
<P USERMARK="F-GL11 ">라. 추가형ㆍ단위형 구분 : 추가형 (추가로 자금납입이 가능한 투자신탁)</P>
<P USERMARK="F-GL11 ">마. 특수형태 표시 : - 종류형(판매보수 등의 차이로 인하여 기준가격이 다른 투자신탁)- 모자형 (모투자신탁이 발행하는 집합투자증권을 취득하는 구조의 투자신탁)</P>
</SECTION-2>

<SECTION-2 ACLASS="MANDATORY">
<TITLE ATOC="Y" AASSOCNOTE="D-0-0-3-0" ATOCID="4" ENG="3. Matters related to the issuance of collective investment securities">3. 집합투자증권 발행에 관한 사항</TITLE>
<P USERMARK="B P16">가. 집합투자증권 발행 내역</P>

<LIBRARY>
<TABLE-GROUP ACLASS="ACC_ADD" ADELETETABLE="N">

<TABLE ACLASS="EXTRACTION" WIDTH="600" BORDER="1" AFIXTABLE="Y">

<COLGROUP WIDTH="600">
<COL WIDTH="87"></COL>
<COL WIDTH="158"></COL>
<COL WIDTH="178"></COL>
<COL WIDTH="177"></COL>
</COLGROUP>

<THEAD>

<TR ACOPY="N" ADELETE="N" HEIGHT="53">
<TH COLSPAN="2" VALIGN="MIDDLE" WIDTH="236" HEIGHT="46" ACOPYCOL="N" ADELETECOL="N" AMOVECOL="N" AUPDATECONT="N" ENG="Category">구 분</TH>
<TH VALIGN="MIDDLE" WIDTH="169" HEIGHT="46" ACOPYCOL="N" ADELETECOL="N" AMOVECOL="N" AUPDATECONT="N" ENG="Number of units/amount">좌수/금액</TH>
<TH VALIGN="MIDDLE" WIDTH="168" HEIGHT="46" ACOPYCOL="N" ADELETECOL="N" AMOVECOL="N" AUPDATECONT="N" ENG="Note (Amount subject to issuance contribution)">비 고(발행분담금 대상금액)</TH>
</TR>
</THEAD>

<TBODY>

<TR ACOPY="N" ADELETE="N" HEIGHT="30">
<TD ROWSPAN="3" VALIGN="MIDDLE" WIDTH="78" HEIGHT="83" AUPDATECONT="N" ALIGN="CENTER" ENG="Number of units">좌수</TD>
<TD ALIGN="CENTER" VALIGN="MIDDLE" WIDTH="149" HEIGHT="23" AUPDATECONT="N" ENG="Number of units established">설정 좌수 </TD>
<TE WIDTH="169" HEIGHT="23" ACODE="CNT_STUP" VALIGN="MIDDLE" ALIGN="RIGHT" USERMARK="0X444444">6,234,596 </TE>
<TD WIDTH="168" HEIGHT="23" VALIGN="MIDDLE" ALIGN="RIGHT" USERMARK="0X444444">　</TD>
</TR>

<TR ACOPY="N" ADELETE="N" HEIGHT="30">
<TD ALIGN="CENTER" VALIGN="MIDDLE" WIDTH="149" HEIGHT="23" AUPDATECONT="N" ENG="Number of cancelled units">해지 좌수 </TD>
<TE WIDTH="169" HEIGHT="23" ACODE="CNT_CLS" VALIGN="MIDDLE" ALIGN="RIGHT" USERMARK="0X444444">4,907,021,481 </TE>
<TD WIDTH="168" HEIGHT="23" VALIGN="MIDDLE" ALIGN="RIGHT" USERMARK="0X444444">　</TD>
</TR>

<TR ACOPY="N" ADELETE="N" HEIGHT="30">
<TD ALIGN="CENTER" VALIGN="MIDDLE" WIDTH="149" HEIGHT="23" AUPDATECONT="N" ENG="Increased or decreased">증 감 </TD>
<TE WIDTH="169" HEIGHT="23" ACODE="CNT_MRGN" VALIGN="MIDDLE" ALIGN="RIGHT" USERMARK="0X444444">-4,900,786,885 </TE>
<TD WIDTH="168" HEIGHT="23" VALIGN="MIDDLE" ALIGN="RIGHT" USERMARK="0X444444">　</TD>
</TR>

<TR ACOPY="N" ADELETE="N" HEIGHT="30">
<TD ROWSPAN="4" VALIGN="MIDDLE" WIDTH="78" HEIGHT="136" AUPDATECONT="N" ALIGN="CENTER" ENG="Amount">금액</TD>
<TD ALIGN="CENTER" VALIGN="MIDDLE" WIDTH="149" HEIGHT="23" AUPDATECONT="N" ENG="Amount established">설정 금액 </TD>
<TE WIDTH="169" HEIGHT="23" ACODE="ACC_STUP" VALIGN="MIDDLE" ALIGN="RIGHT" USERMARK="0X444444">14,722,629 </TE>
<TE WIDTH="168" HEIGHT="23" ACODE="ACC_RMRK1" VALIGN="MIDDLE" ALIGN="RIGHT" USERMARK="0X444444">14,722,629 </TE>
</TR>

<TR ACOPY="N" ADELETE="N" HEIGHT="30">
<TD ALIGN="CENTER" VALIGN="MIDDLE" WIDTH="149" HEIGHT="23" AUPDATECONT="N" ENG="Cancellation amount">해지 금액 </TD>
<TE WIDTH="169" HEIGHT="23" ACODE="ACC_CLS" VALIGN="MIDDLE" ALIGN="RIGHT" USERMARK="0X444444">12,010,217,111 </TE>
<TE WIDTH="168" HEIGHT="23" ACODE="ACC_RMRK2" VALIGN="MIDDLE" ALIGN="RIGHT" USERMARK="0X444444">16,610,626,819 </TE>
</TR>

<TR ACOPY="N" ADELETE="N" HEIGHT="53">
<TD ALIGN="CENTER" VALIGN="MIDDLE" WIDTH="149" HEIGHT="46" AUPDATECONT="N" ENG="Net redemption amount up to the previous year">직전연도까지의순환매금액</TD>
<TE WIDTH="169" HEIGHT="46" ACODE="ACC_RET" VALIGN="MIDDLE" ALIGN="RIGHT" USERMARK="0X444444">4,600,409,708</TE>
<TE WIDTH="168" HEIGHT="46" ACODE="ACC_RMRK4" VALIGN="MIDDLE" ALIGN="RIGHT" USERMARK="0X444444">0 </TE>
</TR>

<TR ACOPY="N" ADELETE="N" HEIGHT="30">
<TD ALIGN="CENTER" VALIGN="MIDDLE" WIDTH="149" HEIGHT="23" AUPDATECONT="N" ENG="Increased or decreased">증 감 </TD>
<TE WIDTH="169" HEIGHT="23" ACODE="ACC_MRGN" VALIGN="MIDDLE" ALIGN="RIGHT" USERMARK="0X444444">-11,995,494,482 </TE>
<TE WIDTH="168" HEIGHT="23" ACODE="ACC_RMRK3" VALIGN="MIDDLE" ALIGN="RIGHT" USERMARK="0X444444">-16,595,904,190 </TE>
</TR>

<TR ACOPY="N" ADELETE="N" HEIGHT="30">
<TD ROWSPAN="3" VALIGN="MIDDLE" WIDTH="78" HEIGHT="83" AUPDATECONT="N" ALIGN="CENTER" ENG="Net assets">순자산</TD>
<TD ALIGN="CENTER" VALIGN="MIDDLE" WIDTH="149" HEIGHT="23" AUPDATECONT="N" ENG="Net assets at the beginning of the period">기초 순자산 </TD>
<TE WIDTH="169" HEIGHT="23" ACODE="ASST_BGN" VALIGN="MIDDLE" ALIGN="RIGHT" USERMARK="0X444444">61,092,531,379 </TE>
<TD WIDTH="168" HEIGHT="23" VALIGN="MIDDLE" ALIGN="RIGHT" USERMARK="0X444444">　</TD>
</TR>

<TR ACOPY="N" ADELETE="N" HEIGHT="30">
<TD ALIGN="CENTER" VALIGN="MIDDLE" WIDTH="149" HEIGHT="23" AUPDATECONT="N" ENG="Net assets at the end of the period">기말 순자산 </TD>
<TE WIDTH="169" HEIGHT="23" ACODE="ASST_END" VALIGN="MIDDLE" ALIGN="RIGHT" USERMARK="0X444444">59,815,194,548 </TE>
<TD WIDTH="168" HEIGHT="23" VALIGN="MIDDLE" ALIGN="RIGHT" USERMARK="0X444444">　</TD>
</TR>

<TR ACOPY="N" ADELETE="N" HEIGHT="30">
<TD ALIGN="CENTER" VALIGN="MIDDLE" WIDTH="149" HEIGHT="23" AUPDATECONT="N" ENG="Increased or decreased">증 감 </TD>
<TE WIDTH="169" HEIGHT="23" ACODE="ASST_MRGN" VALIGN="MIDDLE" ALIGN="RIGHT" USERMARK="0X444444">-1,277,336,831 </TE>
<TD WIDTH="168" HEIGHT="23" VALIGN="MIDDLE" ALIGN="RIGHT" USERMARK="0X444444">　</TD>
</TR>
</TBODY>
</TABLE>
</TABLE-GROUP>
</LIBRARY>

<P USERMARK="F-GL11 ">주1) 대상기간 : 2024.12.13 - 2025.12.12주2) 발행분담금 대상금액은 이익분배에 의한 재투자분을 제외합니다.</P>
<P USERMARK="B P16">나. 집합투자증권 발행 비용</P>

<TABLE ACLASS="NORMAL" AFIXTABLE="N" BORDER="1" WIDTH="600">

<COLGROUP WIDTH="600">
<COL WIDTH="132"></COL>
<COL WIDTH="144"></COL>
<COL WIDTH="162"></COL>
<COL WIDTH="162"></COL>
</COLGROUP>

<TBODY>

<TR ACOPY="Y" ADELETE="Y" HEIGHT="30">
<TD WIDTH="267" HEIGHT="23" COLSPAN="2" ALIGN="CENTER">발행비용 구분</TD>
<TD WIDTH="153" HEIGHT="23" ALIGN="CENTER">금액(원)</TD>
<TD WIDTH="153" HEIGHT="23" ALIGN="CENTER">비고</TD>
</TR>

<TR ACOPY="Y" ADELETE="Y" HEIGHT="30">
<TD WIDTH="123" HEIGHT="83" ROWSPAN="3" ALIGN="CENTER">발행분담금</TD>
<TD WIDTH="135" HEIGHT="23" ALIGN="CENTER">집합투자업자</TD>
<TD WIDTH="153" HEIGHT="23" ALIGN="RIGHT" VALIGN="MIDDLE"></TD>
<TD WIDTH="153" HEIGHT="23" ALIGN="CENTER"></TD>
</TR>

<TR ACOPY="Y" ADELETE="Y" HEIGHT="30">
<TD WIDTH="135" HEIGHT="23" ALIGN="CENTER">펀드</TD>
<TD WIDTH="153" HEIGHT="23" ALIGN="RIGHT" VALIGN="MIDDLE"></TD>
<TD WIDTH="153" HEIGHT="23" ALIGN="CENTER"></TD>
</TR>

<TR ACOPY="Y" ADELETE="Y" HEIGHT="30">
<TD WIDTH="135" HEIGHT="23" ALIGN="CENTER">소계</TD>
<TD WIDTH="153" HEIGHT="23" ALIGN="RIGHT" VALIGN="MIDDLE"></TD>
<TD WIDTH="153" HEIGHT="23" ALIGN="CENTER"></TD>
</TR>

<TR ACOPY="Y" ADELETE="Y" HEIGHT="30">
<TD WIDTH="267" HEIGHT="23" COLSPAN="2" ALIGN="CENTER">기타비용</TD>
<TD WIDTH="153" HEIGHT="23" ALIGN="RIGHT" VALIGN="MIDDLE">660,000</TD>
<TD WIDTH="153" HEIGHT="23" ALIGN="CENTER"></TD>
</TR>

<TR ACOPY="Y" ADELETE="Y" HEIGHT="30">
<TD WIDTH="267" HEIGHT="23" COLSPAN="2" ALIGN="CENTER">총 계</TD>
<TD WIDTH="153" HEIGHT="23" ALIGN="RIGHT" VALIGN="MIDDLE"> 660,000</TD>
<TD WIDTH="153" HEIGHT="23" ALIGN="CENTER"></TD>
</TR>
</TBODY>
</TABLE>
<P USERMARK="F-GL11 ">(주1) 기타비용의 종류 - 채권평가보수, 펀드평가보수, 펀드결제수수료, 지수사용료, 감사보수, 기타위탁보수 (위원회보수, 보관대리인보수, 지급대리인보수, 후원기금), 기타비용 (기타비용,청산비용, 감독이사보수, 해외거래예탁비용), 기타보험관련보수, 부동산감정평가수수료, 부동산법률자문수수료 등</P>
</SECTION-2>

<SECTION-2 ACLASS="MANDATORY">
<TITLE ATOC="Y" AASSOCNOTE="D-0-0-4-0" ATOCID="5" ENG="4. Matters related to the subscription, allotment, and underwriting">4. 청약, 배정 및 인수에 관한 사항</TITLE>
<P USERMARK="F-GL11 ">해당사항 없음</P>
</SECTION-2>

<SECTION-2 ACLASS="MANDATORY">
<TITLE ATOC="Y" AASSOCNOTE="D-0-0-5-0" ATOCID="6" ENG="5. Matters related to listing and capital increase registration">5. 상장 및 증자등기에 관한 사항</TITLE>
<P USERMARK="F-GL11 ">해당사항 없음</P>
</SECTION-2>

<SECTION-2 ACLASS="MANDATORY">
<TITLE ATOC="Y" AASSOCNOTE="D-0-0-6-0" ATOCID="7" ENG="6. Disclosure implementation status">6. 공시이행상황</TITLE>
<P USERMARK="B P16">가. 증권신고서 및 정정신고서 공시</P>

<TABLE ACLASS="NORMAL" AFIXTABLE="N" BORDER="1" WIDTH="600">

<COLGROUP WIDTH="600">
<COL WIDTH="103"></COL>
<COL WIDTH="497"></COL>
</COLGROUP>

<TBODY>

<TR ACOPY="Y" ADELETE="Y" HEIGHT="30">
<TD WIDTH="94" HEIGHT="23">제출일</TD>
<TD WIDTH="488" HEIGHT="23">주요 내용</TD>
</TR>

<TR ACOPY="Y" ADELETE="Y" HEIGHT="30">
<TD WIDTH="94" HEIGHT="23">2011.07.14</TD>
<TD WIDTH="488" HEIGHT="23">최초 제출</TD>
</TR>

<TR ACOPY="Y" ADELETE="Y" HEIGHT="30">
<TD WIDTH="94" HEIGHT="23">2012.03.23</TD>
<TD WIDTH="488" HEIGHT="23">책임운용전문인력에 관한 사항 변경</TD>
</TR>

<TR ACOPY="Y" ADELETE="Y" HEIGHT="30">
<TD WIDTH="94" HEIGHT="23">2012.05.21</TD>
<TD WIDTH="488" HEIGHT="23">Class Ae 수익증권 신설</TD>
</TR>

<TR ACOPY="Y" ADELETE="Y" HEIGHT="168">
<TD WIDTH="94" HEIGHT="161">2013.04.19</TD>

<TD WIDTH="488" HEIGHT="161">
<P>- 결산에 따른 정기갱신- 소득세법 개정('13.01.01)에 따른 금융소득종합과세 기준금액 관한 사항 변경</P>
<P>- 자본시장과 금융투자업에 관한 법률 및 동법 시행령, 「기업공시서식 작성기준」개정사항 등 반영</P>
<P>- 예금보험관계 표시에 관한 규정 개정[2012.02.27 시행]에 따른 예금자보호안내문 관련 문구 수정</P>
</TD>
</TR>

<TR ACOPY="Y" ADELETE="Y" HEIGHT="53">
<TD WIDTH="94" HEIGHT="46">2014.01.16</TD>

<TD WIDTH="488" HEIGHT="46">
<P>- 결산에 따른 갱신</P>
<P>- 자본시장법 및 동법시행령 개정사항 반영</P>
</TD>
</TR>

<TR ACOPY="Y" ADELETE="Y" HEIGHT="30">
<TD WIDTH="94" HEIGHT="23">2014.03.11</TD>
<TD WIDTH="488" HEIGHT="23">Class S 수익증권 신설</TD>
</TR>

<TR ACOPY="Y" ADELETE="Y" HEIGHT="122">
<TD WIDTH="94" HEIGHT="115">2014.09.05</TD>

<TD WIDTH="488" HEIGHT="115">
<P>- 책임운용전문인력 변경</P>
<P>- 미국 해외금융계좌납세협력법 (FATCA)과 관련하여 투자결정시 유의사항, 투자위험(기타위험)에 관한 사항 신설</P>
<P>- 기업공시서식기준 개정('14.06.01시행)에 따른 투자결정시 유의사항 변경</P>
</TD>
</TR>

<TR ACOPY="Y" ADELETE="Y" HEIGHT="283">
<TD WIDTH="94" HEIGHT="276">2015.01.21</TD>

<TD WIDTH="488" HEIGHT="276">
<P>- 결산에 따른 정기갱신 </P>
<P>- 기업공시서식기준 개정('14.10.01)에 따른 투자결정시 유의사항 신설</P>
<P>- 이 투자신탁이 투자하는 모투자신탁의 투자대상 확대 (채권 투자대상에 전자단기사채 추가, 환매조건부매수 신설)</P>
<P>- 자본시장과 금융투자업에 관한 법률 개정사항 반영(집합투자기구의 해지 및 회계감사에 관한 사항)</P>
<P>- 지방세법 개정('15.1.1시행) 사항 반영 - ‘수익자에 대한 과세율에 관한 사항’ 中 “내국법인에 대한 과세율 변경(14% →15.4%)”</P>
<P>- 모자형 집합투자기구 내에 다른 자투자신탁 삭제 : 교보악사 재형 글로벌다이나믹 증권 자투자신탁[채권혼합] 및 교보악사 행복한 연금 글로벌 마켓파워 증권 자투자신탁[주식]</P>
<P>- 이 투자신탁이 투자하는 모투자신탁의 투자전략 및 비교지수 변경</P>
</TD>
</TR>

<TR ACOPY="Y" ADELETE="Y" HEIGHT="76">
<TD WIDTH="94" HEIGHT="69">2015.09.02</TD>

<TD WIDTH="488" HEIGHT="69">
<P>- Class CP2, S-P 수익증권 신설</P>
<P>- Class CP 수익증권 환매수수료 삭제</P>
<P>- 모투자신탁 투자전략(포트폴리오 구성원칙 및 리밸런싱) 변경</P>
</TD>
</TR>

<TR ACOPY="Y" ADELETE="Y" HEIGHT="168">
<TD WIDTH="94" HEIGHT="161">2016.01.07</TD>
<TD WIDTH="488" HEIGHT="161">- 결산에 따른 정기갱신- 모투자신탁의 투자전략 변경(포트폴리오 구성원칙 中 종목 선정기준, 포트폴리오 구성전략 신설, 리밸런싱에 관한 사항)- 비교지수 변경- 자본시장법 및 동법 시행령 개정사항 반영- 작성기준일 변경에 따른 운용전문인력 관한 사항, 집합투자기구 투자실적 추이, 집합투자업자에 관한 사항 등에 업데이트</TD>
</TR>

<TR ACOPY="Y" ADELETE="Y" HEIGHT="53">
<TD WIDTH="94" HEIGHT="46">2016.02.23</TD>
<TD WIDTH="488" HEIGHT="46">조세특례제한법 제91조의17에 따른 ‘해외주식투자전용집합투자증권저축’에 관한 사항 신설(투자결정시 유의사항 및 과세)</TD>
</TR>

<TR ACOPY="Y" ADELETE="Y" HEIGHT="30">
<TD WIDTH="94" HEIGHT="23">2016.06.23</TD>
<TD WIDTH="488" HEIGHT="23">투자위험 등급 분류 체계 개편 내용 반영</TD>
</TR>

<TR ACOPY="Y" ADELETE="Y" HEIGHT="30">
<TD WIDTH="94" HEIGHT="23">2016.07.04</TD>
<TD WIDTH="488" HEIGHT="23">책임운용전문인력 변경(최준 → 차상용)</TD>
</TR>

<TR ACOPY="Y" ADELETE="Y" HEIGHT="99">
<TD WIDTH="94" HEIGHT="92">2017.01.12</TD>

<TD WIDTH="488" HEIGHT="92">
<P>- 운용역 변경(차상용 -> 박영열)</P>
<P>- 결산에 따른 실제 수익률 변동성 변경 및 분류기준 오류 정정</P>
<P>- 소득세법 개정에 따른 이익금 유보 </P>
<P>- 재무정보 확정에 따른 운용성과 등 업데이트</P>
</TD>
</TR>

<TR ACOPY="Y" ADELETE="Y" HEIGHT="53">
<TD WIDTH="94" HEIGHT="46">2018.02.06</TD>

<TD WIDTH="488" HEIGHT="46">
<P>- 투자전략(포트폴리오 구성 등) 변경 - 재무정보 확정에 따른 운용성과 등 업데이트</P>
</TD>
</TR>

<TR ACOPY="Y" ADELETE="Y" HEIGHT="76">
<TD WIDTH="94" HEIGHT="69">2018.12.11</TD>

<TD WIDTH="488" HEIGHT="69">
<P>- 집합투자업자 보수 인하- 환매수수료 삭제</P>
<P>- 운용성과 등 업데이트</P>
</TD>
</TR>

<TR ACOPY="Y" ADELETE="Y" HEIGHT="30">
<TD WIDTH="94" HEIGHT="23">2019.01.25</TD>
<TD WIDTH="488" HEIGHT="23">결산기 재무제표 확정에 따른 갱신 및 수익률 변동성 변경</TD>
</TR>

<TR ACOPY="Y" ADELETE="Y" HEIGHT="76">
<TD WIDTH="94" HEIGHT="69">2019.09.09</TD>

<TD WIDTH="488" HEIGHT="69">
<P>- 기업공시서식 작성기준 개정사항 등 반영- 「주식·사채 등의 전자등록에 관한 법률」시행(2019.09.16)에 따른 변경</P>
</TD>
</TR>

<TR ACOPY="Y" ADELETE="Y" HEIGHT="30">
<TD WIDTH="94" HEIGHT="23">2020.02.05</TD>
<TD WIDTH="488" HEIGHT="23">결산기 재무제표 확정에 따른 갱신 및 수익률 변동성 변경</TD>
</TR>

<TR ACOPY="Y" ADELETE="Y" HEIGHT="30">
<TD WIDTH="94" HEIGHT="23">2021.01.07</TD>
<TD WIDTH="488" HEIGHT="23">결산기 재무제표 확정에 따른 갱신 및 투자위험등급 변경 </TD>
</TR>

<TR ACOPY="Y" ADELETE="Y" HEIGHT="30">
<TD WIDTH="94" HEIGHT="23">2021.01.21</TD>
<TD WIDTH="488" HEIGHT="23">일반사무관리회사 변경(신한아이타스 → 하나펀드서비스)</TD>
</TR>

<TR ACOPY="Y" ADELETE="Y" HEIGHT="237">
<TD WIDTH="94" HEIGHT="230">2022.01.21</TD>

<TD WIDTH="488" HEIGHT="230">
<P>- 결산기 재무제표 확정에 따른 갱신 및 실제수익률 변동성 변경 </P>
<P>(실제 수익률 변동성 '2등급’ 19.40%’-> 실제 수익률 변동성 '2등급’ 18.64%’)</P>
<P>- 자본시장법 시행령 제260조 개정에 따른 집합투자재산 평가방법 개정사항 반영</P>
<P>- 자본시장과 금융투자업에 관한 법률ㆍ금융투자업규정 및 기업공시서식 개정사항 반영</P>
<P>- 모투자신탁 투자전략부분 자구수정 및 BM비교지수 수치 현황 일부업데이트</P>
<P>- Class AF 수익증권 가입자격 신설</P>
</TD>
</TR>

<TR ACOPY="Y" ADELETE="Y" HEIGHT="99">
<TD WIDTH="94" HEIGHT="92">2022.12.30</TD>

<TD WIDTH="488" HEIGHT="92">
<P>- 결산기 재무제표 확정에 따른 갱신 및 실제수익률 변동성 변경  </P>
<P>(실제 수익률 변동성 '2등급’ 16.76%’-> 실제 수익률 변동성 '2등급’ 17.29%’)</P>
<P>-기타위험문구추가</P>
</TD>
</TR>

<TR ACOPY="Y" ADELETE="Y" HEIGHT="145">
<TD WIDTH="94" HEIGHT="138">2023.12.20</TD>

<TD WIDTH="488" HEIGHT="138">
<P>- 결산기 재무제표 확정에 따른 갱신 및 투자위험등급 변경 </P>
<P>(실제 수익률 변동성 '2등급’ 17.29%’-> 실제 수익률 변동성 '3등급’ 12.18%) </P>
<P>- 자본시장법, 시행령 및 금융투자업규정 등 개정사항 반영</P>
<P>- 기업공시서식 개정사항 반영</P>
<P>- 연금계좌 및 퇴직연금 과세 개정사항 반영</P>
</TD>
</TR>

<TR ACOPY="Y" ADELETE="Y" HEIGHT="191">
<TD WIDTH="94" HEIGHT="184">2025.01.17</TD>

<TD WIDTH="488" HEIGHT="184" VALIGN="MIDDLE">
<P USERMARK="A-J">- 결산기 재무제표 확정에 따른 갱신 및 투자위험등급 산정기준 변경  </P>
<P USERMARK="A-J">(실제 수익률 변동성 '3등급’ 12.18%’ -> 일간 수익률의 최대손실예상액 '3등급’ 29.22%’)</P>
<P USERMARK="A-J">- 기업공시서식 개정사항 반영</P>
<P USERMARK="A-J">- 소득세법 개정사항 반영</P>
<P USERMARK="A-J">- 예금보험관계 표시 및 설명, 확인에 관한 규정 개정사항 반영</P>
<P USERMARK="A-J">- 금융투자회사의 영업 및 업무에 관한 규정 시행세칙 개정(종류S 등 정의 변경)에 따른 기재정정</P>
</TD>
</TR>
</TBODY>
</TABLE>
<P USERMARK="P32"></P>
<P USERMARK="B P16">나. 투자설명서 공시</P>

<TABLE ACLASS="NORMAL" AFIXTABLE="N" BORDER="1" WIDTH="600">

<COLGROUP WIDTH="600">
<COL WIDTH="103"></COL>
<COL WIDTH="497"></COL>
</COLGROUP>

<TBODY>

<TR ACOPY="Y" ADELETE="Y" HEIGHT="30">
<TD WIDTH="94" HEIGHT="23">제출일</TD>
<TD WIDTH="488" HEIGHT="23">주요 내용</TD>
</TR>

<TR ACOPY="Y" ADELETE="Y" HEIGHT="30">
<TD WIDTH="94" HEIGHT="23">2011.08.01</TD>
<TD WIDTH="488" HEIGHT="23">최초 제출</TD>
</TR>

<TR ACOPY="Y" ADELETE="Y" HEIGHT="30">
<TD WIDTH="94" HEIGHT="23">2012.03.27</TD>
<TD WIDTH="488" HEIGHT="23">책임운용전문인력에 관한 사항 변경</TD>
</TR>

<TR ACOPY="Y" ADELETE="Y" HEIGHT="30">
<TD WIDTH="94" HEIGHT="23">2012.05.23</TD>
<TD WIDTH="488" HEIGHT="23">Class Ae 수익증권 신설</TD>
</TR>

<TR ACOPY="Y" ADELETE="Y" HEIGHT="168">
<TD WIDTH="94" HEIGHT="161">2013.04.24</TD>

<TD WIDTH="488" HEIGHT="161">
<P>- 결산에 따른 정기갱신- 소득세법 개정('13.01.01)에 따른 금융소득종합과세 기준금액 관한 사항 변경</P>
<P>- 자본시장과 금융투자업에 관한 법률 및 동법 시행령, 「기업공시서식 작성기준」개정사항 등 반영</P>
<P>- 예금보험관계 표시에 관한 규정 개정[2012.02.27 시행]에 따른 예금자보호안내문 관련 문구 수정</P>
</TD>
</TR>

<TR ACOPY="Y" ADELETE="Y" HEIGHT="53">
<TD WIDTH="94" HEIGHT="46">2014.01.20</TD>

<TD WIDTH="488" HEIGHT="46">
<P>- 결산에 따른 갱신</P>
<P>- 자본시장법 및 동법시행령 개정사항 반영</P>
</TD>
</TR>

<TR ACOPY="Y" ADELETE="Y" HEIGHT="30">
<TD WIDTH="94" HEIGHT="23">2014.03.14</TD>
<TD WIDTH="488" HEIGHT="23">Class S 수익증권 신설</TD>
</TR>

<TR ACOPY="Y" ADELETE="Y" HEIGHT="122">
<TD WIDTH="94" HEIGHT="115">2014.09.16</TD>

<TD WIDTH="488" HEIGHT="115">
<P>- 책임운용전문인력 변경</P>
<P>- 미국 해외금융계좌납세협력법 (FATCA)과 관련하여 투자결정시 유의사항, 투자위험(기타위험)에 관한 사항 신설</P>
<P>- 기업공시서식기준 개정('14.06.01시행)에 따른 투자결정시 유의사항 변경</P>
</TD>
</TR>

<TR ACOPY="Y" ADELETE="Y" HEIGHT="283">
<TD WIDTH="94" HEIGHT="276">2015.01.29</TD>

<TD WIDTH="488" HEIGHT="276">
<P>- 결산에 따른 정기갱신 </P>
<P>- 기업공시서식기준 개정('14.10.01)에 따른 투자결정시 유의사항 신설</P>
<P>- 이 투자신탁이 투자하는 모투자신탁의 투자대상 확대 (채권 투자대상에 전자단기사채 추가, 환매조건부매수 신설)</P>
<P>- 자본시장과 금융투자업에 관한 법률 개정사항 반영(집합투자기구의 해지 및 회계감사에 관한 사항)</P>
<P>- 지방세법 개정('15.1.1시행) 사항 반영 - ‘수익자에 대한 과세율에 관한 사항’ 中 “내국법인에 대한 과세율 변경(14% →15.4%)”</P>
<P>- 모자형 집합투자기구 내에 다른 자투자신탁 삭제 : 교보악사 재형 글로벌다이나믹 증권 자투자신탁[채권혼합] 및 교보악사 행복한 연금 글로벌 마켓파워 증권 자투자신탁[주식]</P>
<P>- 이 투자신탁이 투자하는 모투자신탁의 투자전략 및 비교지수 변경</P>
</TD>
</TR>

<TR ACOPY="Y" ADELETE="Y" HEIGHT="76">
<TD WIDTH="94" HEIGHT="69">2015.09.09</TD>

<TD WIDTH="488" HEIGHT="69">
<P>- Class CP2, S-P 수익증권 신설</P>
<P>- Class CP 수익증권 환매수수료 삭제</P>
<P>- 모투자신탁 투자전략(포트폴리오 구성원칙 및 리밸런싱) 변경</P>
</TD>
</TR>

<TR ACOPY="Y" ADELETE="Y" HEIGHT="168">
<TD WIDTH="94" HEIGHT="161">2016.01.11</TD>
<TD WIDTH="488" HEIGHT="161">- 결산에 따른 정기갱신- 모투자신탁의 투자전략 변경(포트폴리오 구성원칙 中 종목 선정기준, 포트폴리오 구성전략 신설, 리밸런싱에 관한 사항)- 비교지수 변경- 자본시장법 및 동법 시행령 개정사항 반영- 작성기준일 변경에 따른 운용전문인력 관한 사항, 집합투자기구 투자실적 추이, 집합투자업자에 관한 사항 등에 업데이트</TD>
</TR>

<TR ACOPY="Y" ADELETE="Y" HEIGHT="53">
<TD WIDTH="94" HEIGHT="46">2016.02.29</TD>
<TD WIDTH="488" HEIGHT="46">조세특례제한법 제91조의17에 따른 ‘해외주식투자전용집합투자증권저축’에 관한 사항 신설(투자결정시 유의사항 및 과세)</TD>
</TR>

<TR ACOPY="Y" ADELETE="Y" HEIGHT="30">
<TD WIDTH="94" HEIGHT="23">2016.07.04</TD>
<TD WIDTH="488" HEIGHT="23">투자위험 등급 분류 체계 개편 내용 반영</TD>
</TR>

<TR ACOPY="Y" ADELETE="Y" HEIGHT="30">
<TD WIDTH="94" HEIGHT="23">2016.07.05</TD>
<TD WIDTH="488" HEIGHT="23">책임운용전문인력 변경(최준 → 차상용)</TD>
</TR>

<TR ACOPY="Y" ADELETE="Y" HEIGHT="99">
<TD WIDTH="94" HEIGHT="92">2017.01.16</TD>

<TD WIDTH="488" HEIGHT="92">
<P>- 운용역 변경(차상용 -> 박영열)</P>
<P>- 결산에 따른 실제 수익률 변동성 변경 및 분류기준 오류 정정</P>
<P>- 소득세법 개정에 따른 이익금 유보 </P>
<P>- 재무정보 확정에 따른 운용성과 등 업데이트</P>
</TD>
</TR>

<TR ACOPY="Y" ADELETE="Y" HEIGHT="53">
<TD WIDTH="94" HEIGHT="46">2018.02.09</TD>

<TD WIDTH="488" HEIGHT="46">
<P>- 투자전략(포트폴리오 구성 등) 변경 - 재무정보 확정에 따른 운용성과 등 업데이트</P>
</TD>
</TR>

<TR ACOPY="Y" ADELETE="Y" HEIGHT="76">
<TD WIDTH="94" HEIGHT="69">2018.12.18</TD>

<TD WIDTH="488" HEIGHT="69">
<P>- 집합투자업자 보수 인하- 환매수수료 삭제</P>
<P>- 운용성과 등 업데이트</P>
</TD>
</TR>

<TR ACOPY="Y" ADELETE="Y" HEIGHT="30">
<TD WIDTH="94" HEIGHT="23">2019.02.01</TD>
<TD WIDTH="488" HEIGHT="23">결산기 재무제표 확정에 따른 갱신 및 수익률 변동성 변경</TD>
</TR>

<TR ACOPY="Y" ADELETE="Y" HEIGHT="76">
<TD WIDTH="94" HEIGHT="69">2019.09.16</TD>

<TD WIDTH="488" HEIGHT="69">
<P>- 기업공시서식 작성기준 개정사항 등 반영- 「주식·사채 등의 전자등록에 관한 법률」시행(2019.09.16)에 따른 변경</P>
</TD>
</TR>

<TR ACOPY="Y" ADELETE="Y" HEIGHT="30">
<TD WIDTH="94" HEIGHT="23">2020.02.12</TD>
<TD WIDTH="488" HEIGHT="23">결산기 재무제표 확정에 따른 갱신 및 수익률 변동성 변경</TD>
</TR>

<TR ACOPY="Y" ADELETE="Y" HEIGHT="30">
<TD WIDTH="94" HEIGHT="23">2021.01.14</TD>
<TD WIDTH="488" HEIGHT="23">결산기 재무제표 확정에 따른 갱신 및 투자위험등급 변경 </TD>
</TR>

<TR ACOPY="Y" ADELETE="Y" HEIGHT="30">
<TD WIDTH="94" HEIGHT="23">2021.01.28</TD>
<TD WIDTH="488" HEIGHT="23">일반사무관리회사 변경(신한아이타스 → 하나펀드서비스)</TD>
</TR>

<TR ACOPY="Y" ADELETE="Y" HEIGHT="237">
<TD WIDTH="94" HEIGHT="230">2022.01.28</TD>

<TD WIDTH="488" HEIGHT="230">
<P>- 결산기 재무제표 확정에 따른 갱신 및 실제수익률 변동성 변경 </P>
<P>(실제 수익률 변동성 '2등급’ 19.40%’-> 실제 수익률 변동성 '2등급’ 18.64%’)</P>
<P>- 자본시장법 시행령 제260조 개정에 따른 집합투자재산 평가방법 개정사항 반영</P>
<P>- 자본시장과 금융투자업에 관한 법률ㆍ금융투자업규정 및 기업공시서식 개정사항 반영</P>
<P>- 모투자신탁 투자전략부분 자구수정 및 BM비교지수 수치 현황 일부업데이트</P>
<P>- Class AF 수익증권 가입자격 신설</P>
</TD>
</TR>

<TR ACOPY="Y" ADELETE="Y" HEIGHT="99">
<TD WIDTH="94" HEIGHT="92">2023.01.06</TD>

<TD WIDTH="488" HEIGHT="92">
<P>- 결산기 재무제표 확정에 따른 갱신 및 실제수익률 변동성 변경  </P>
<P>(실제 수익률 변동성 '2등급’ 16.76%’-> 실제 수익률 변동성 '2등급’ 17.29%’)</P>
<P>-기타위험문구추가</P>
</TD>
</TR>

<TR ACOPY="Y" ADELETE="Y" HEIGHT="145">
<TD WIDTH="94" HEIGHT="138">2023.12.27</TD>

<TD WIDTH="488" HEIGHT="138">
<P>- 결산기 재무제표 확정에 따른 갱신 및 투자위험등급 변경 </P>
<P>(실제 수익률 변동성 '2등급’ 17.29%’-> 실제 수익률 변동성 '3등급’ 12.18%) </P>
<P>- 자본시장법, 시행령 및 금융투자업규정 등 개정사항 반영</P>
<P>- 기업공시서식 개정사항 반영</P>
<P>- 연금계좌 및 퇴직연금 과세 개정사항 반영</P>
</TD>
</TR>

<TR ACOPY="Y" ADELETE="Y" HEIGHT="191">
<TD ALIGN="CENTER" VALIGN="MIDDLE" WIDTH="94" HEIGHT="184">2025.01.24</TD>

<TD VALIGN="MIDDLE" WIDTH="488" HEIGHT="184">
<P USERMARK="A-J">- 결산기 재무제표 확정에 따른 갱신 및 투자위험등급 산정기준 변경  </P>
<P USERMARK="A-J">(실제 수익률 변동성 '3등급’ 12.18%’ -> 일간 수익률의 최대손실예상액 '3등급’ 29.22%’)</P>
<P USERMARK="A-J">- 기업공시서식 개정사항 반영</P>
<P USERMARK="A-J">- 소득세법 개정사항 반영</P>
<P USERMARK="A-J">- 예금보험관계 표시 및 설명, 확인에 관한 규정 개정사항 반영</P>
<P USERMARK="A-J">- 금융투자회사의 영업 및 업무에 관한 규정 시행세칙 개정(종류S 등 정의 변경)에 따른 기재정정</P>
</TD>
</TR>
</TBODY>
</TABLE>
<P USERMARK="B P16">다. 증권발행실적보고서 공시</P>

<TABLE ACLASS="NORMAL" AFIXTABLE="N" BORDER="1" WIDTH="600">

<COLGROUP WIDTH="600">
<COL WIDTH="103"></COL>
<COL WIDTH="497"></COL>
</COLGROUP>

<TBODY>

<TR ACOPY="Y" ADELETE="Y" HEIGHT="30">
<TD WIDTH="94" HEIGHT="23">제출일</TD>
<TD WIDTH="488" HEIGHT="23">주요 내용</TD>
</TR>

<TR ACOPY="Y" ADELETE="Y" HEIGHT="30">
<TD WIDTH="94" HEIGHT="23">2012.12.27</TD>
<TD WIDTH="488" HEIGHT="23">최초 제출 (대상기간 : 2011.12.13~2012.12.12)</TD>
</TR>

<TR ACOPY="Y" ADELETE="Y" HEIGHT="30">
<TD WIDTH="94" HEIGHT="23">2013.12.24</TD>
<TD WIDTH="488" HEIGHT="23">증권발행실적보고서 제출 (대상기간 : 2012.12.13 - 2013.12.12)</TD>
</TR>

<TR ACOPY="Y" ADELETE="Y" HEIGHT="30">
<TD WIDTH="94" HEIGHT="23">2014.12.24</TD>
<TD WIDTH="488" HEIGHT="23">증권발행실적보고서 제출 (대상기간 : 2013.12.13 - 2014.12.12)</TD>
</TR>

<TR ACOPY="Y" ADELETE="Y" HEIGHT="30">
<TD WIDTH="94" HEIGHT="23">2015.12.23</TD>
<TD WIDTH="488" HEIGHT="23">증권발행실적보고서 제출 (대상기간 : 2014.12.13 - 2015.12.12)</TD>
</TR>

<TR ACOPY="Y" ADELETE="Y" HEIGHT="30">
<TD WIDTH="94" HEIGHT="23">2016.12.23</TD>
<TD WIDTH="488" HEIGHT="23">증권발행실적보고서 제출 (대상기간 : 2015.12.13 - 2016.12.12)</TD>
</TR>

<TR ACOPY="Y" ADELETE="Y" HEIGHT="30">
<TD WIDTH="94" HEIGHT="23">2017.12.18</TD>
<TD WIDTH="488" HEIGHT="23">증권발행실적보고서 제출 (대상기간 : 2016.12.13 - 2017.12.12)</TD>
</TR>

<TR ACOPY="Y" ADELETE="Y" HEIGHT="30">
<TD WIDTH="94" HEIGHT="23">2018.12.20</TD>
<TD WIDTH="488" HEIGHT="23">증권발행실적보고서 제출 (대상기간 : 2017.12.13 - 2018.12.12)</TD>
</TR>

<TR ACOPY="Y" ADELETE="Y" HEIGHT="30">
<TD WIDTH="94" HEIGHT="23">2019.12.31</TD>
<TD WIDTH="488" HEIGHT="23">증권발행실적보고서 제출 (대상기간 : 2018.12.13 - 2019.12.12)</TD>
</TR>

<TR ACOPY="Y" ADELETE="Y" HEIGHT="30">
<TD WIDTH="94" HEIGHT="23">2020.12.30</TD>
<TD WIDTH="488" HEIGHT="23">증권발행실적보고서 제출 (대상기간 :  2019.12.13 - 2020.12.12)</TD>
</TR>

<TR ACOPY="Y" ADELETE="Y" HEIGHT="30">
<TD WIDTH="94" HEIGHT="23">2021.12.28</TD>
<TD WIDTH="488" HEIGHT="23">증권발행실적보고서 제출 (대상기간 :  2020.12.13 - 2021.12.12)</TD>
</TR>

<TR ACOPY="Y" ADELETE="Y" HEIGHT="30">
<TD WIDTH="94" HEIGHT="23">2022.12.15</TD>
<TD WIDTH="488" HEIGHT="23">증권발행실적보고서 제출 (대상기간 :  2021.12.13 - 2022.12.12)</TD>
</TR>

<TR ACOPY="Y" ADELETE="Y" HEIGHT="30">
<TD WIDTH="94" HEIGHT="23">2023.12.15</TD>
<TD WIDTH="488" HEIGHT="23">증권발행실적보고서 제출 (대상기간 :  2022.12.13 - 2023.12.12)</TD>
</TR>

<TR ACOPY="Y" ADELETE="Y" HEIGHT="30">
<TD WIDTH="94" HEIGHT="23">2023.12.23</TD>
<TD WIDTH="488" HEIGHT="23">증권발행실적보고서 제출 (대상기간 :  2023.12.13 - 2024.12.12)</TD>
</TR>

<TR ACOPY="Y" ADELETE="Y" HEIGHT="30">
<TD WIDTH="94" HEIGHT="23">2026.01.06</TD>
<TD WIDTH="488" HEIGHT="23">증권발행실적보고서 제출 (대상기간 :  2024.12.13 - 2025.12.12)</TD>
</TR>
</TBODY>
</TABLE>
<P USERMARK="P32"></P>
</SECTION-2>
</SECTION-1>
</BODY>
</DOCUMENT>