<?xml version="1.0" encoding="utf-8"?>


<DOCUMENT xmlns:xsi="http://www.w3.org/2001/XMLSchema-instance" xsi:noNamespaceSchemaLocation="dart4.xsd">

<DOCUMENT-NAME ACODE="10611">투자설명서(집합투자증권)</DOCUMENT-NAME>
<FORMULA-VERSION ADATE="20231020">6.0</FORMULA-VERSION>
<COMPANY-NAME AREGCIK="00324548">한국투자신탁운용</COMPANY-NAME>


<BODY ATOCID="4">

<LIBRARY>
<CORRECTION>
<TITLE ATOC="Y" AASSOCNOTE="CORRECTION" ATOCID="4" ENG="Report of Disclosure Revision">정 정 신 고 (보고)</TITLE>

<TABLE ACLASS="NORMAL" AFIXTABLE="N" WIDTH="600" BORDER="0">

<COLGROUP WIDTH="600">
<COL WIDTH="600"></COL>
</COLGROUP>

<TBODY>

<TR ACOPY="Y" ADELETE="Y" HEIGHT="30">
<TD WIDTH="591" HEIGHT="23"></TD>
</TR>

<TR ACOPY="Y" ADELETE="Y" HEIGHT="30">
<TD ALIGN="RIGHT" WIDTH="591" HEIGHT="23">2026년 1월 6일</TD>
</TR>
</TBODY>
</TABLE>
<P></P>
<P></P>

<TABLE ACLASS="NORMAL" AFIXTABLE="Y" WIDTH="600" BORDER="0">

<COLGROUP WIDTH="600">
<COL WIDTH="165"></COL>
<COL WIDTH="435"></COL>
</COLGROUP>

<TBODY>

<TR ACOPY="N" ADELETE="N" HEIGHT="30">
<TD VALIGN="MIDDLE" AUPDATECONT="N" ENG="1. Disclosure document to be revised:" WIDTH="156" HEIGHT="23">1. 정정대상 공시서류 :</TD>
<TD VALIGN="MIDDLE" WIDTH="426" HEIGHT="23">투자설명서</TD>
</TR>
</TBODY>
</TABLE>
<P></P>

<TABLE ACLASS="NORMAL" AFIXTABLE="Y" WIDTH="600" BORDER="0">

<COLGROUP WIDTH="600">
<COL WIDTH="260"></COL>
<COL WIDTH="340"></COL>
</COLGROUP>

<TBODY>

<TR ACOPY="N" ADELETE="N" HEIGHT="30">
<TD VALIGN="MIDDLE" AUPDATECONT="N" ENG="2. First submission date of disclosure document to be revised:" WIDTH="251" HEIGHT="23">2. 정정대상 공시서류의 최초제출일 :</TD>
<TD VALIGN="MIDDLE" WIDTH="331" HEIGHT="23">2023년 12월 28일</TD>
</TR>
</TBODY>
</TABLE>
<P></P>

<TABLE ACLASS="NORMAL" AFIXTABLE="Y" WIDTH="600" BORDER="0">

<COLGROUP WIDTH="600">
<COL WIDTH="600"></COL>
</COLGROUP>

<TBODY>

<TR ACOPY="N" ADELETE="N" HEIGHT="30">
<TD WIDTH="591" HEIGHT="23" VALIGN="MIDDLE" AUPDATECONT="N" ENG="3. Revised Information">3. 정정사항</TD>
</TR>
</TBODY>
</TABLE>
<P>- 책임운용전문인력 변경(이태경 → 강성수, 2026.01.06 시행)</P>

<TABLE BORDER="1" ACLASS="NORMAL" AFIXTABLE="N" WIDTH="671">

<COLGROUP WIDTH="671">
<COL WIDTH="108"></COL>
<COL WIDTH="119"></COL>
<COL WIDTH="122"></COL>
<COL WIDTH="161"></COL>
<COL WIDTH="161"></COL>
</COLGROUP>

<THEAD>

<TR ACOPY="N" ADELETE="N" HEIGHT="53">
<TH VALIGN="MIDDLE" ACOPYCOL="N" ADELETECOL="N" AMOVECOL="N" AUPDATECONT="N" ENG="Items" WIDTH="99" HEIGHT="46">항  목</TH>
<TH VALIGN="MIDDLE" ACOPYCOL="N" ADELETECOL="N" AMOVECOL="N" AUPDATECONT="N" ENG="If related to revision request/order" WIDTH="110" HEIGHT="46">정정요구ㆍ명령관련 여부</TH>
<TH VALIGN="MIDDLE" ACOPYCOL="N" ADELETECOL="N" AMOVECOL="N" AUPDATECONT="N" ENG="Reason for revision" WIDTH="113" HEIGHT="46">정정사유</TH>
<TH VALIGN="MIDDLE" ACOPYCOL="N" ADELETECOL="N" AMOVECOL="N" AUPDATECONT="N" ENG="Before revision" WIDTH="152" HEIGHT="46">정 정 전</TH>
<TH VALIGN="MIDDLE" ACOPYCOL="N" ADELETECOL="N" AMOVECOL="N" AUPDATECONT="N" ENG="After revision" WIDTH="152" HEIGHT="46">정 정 후</TH>
</TR>
</THEAD>

<TBODY>

<TR ACOPY="Y" ADELETE="Y" HEIGHT="99">
<TD WIDTH="99" HEIGHT="92">제2부. 5. 가. 운용전문인력(1) 책임운용전문인력</TD>
<TD ALIGN="CENTER" WIDTH="110" HEIGHT="92">아니오</TD>
<TD WIDTH="113" HEIGHT="92">책임운용전문인력 변경</TD>

<TD ALIGN="CENTER" WIDTH="152" HEIGHT="92">
<P USERMARK="U A-C">이태경</P>
</TD>

<TD ALIGN="CENTER" WIDTH="152" HEIGHT="92">
<P USERMARK="U A-C">강성수</P>
</TD>
</TR>
</TBODY>
</TABLE>
<PGBRK></PGBRK>
</CORRECTION>
</LIBRARY>


<COVER>

<TABLE ACLASS="NORMAL" AFIXTABLE="N" BORDER="1" WIDTH="620">

<COLGROUP WIDTH="620">
<COL WIDTH="42"></COL>
<COL WIDTH="42"></COL>
<COL WIDTH="42"></COL>
<COL WIDTH="42"></COL>
<COL WIDTH="42"></COL>
<COL WIDTH="42"></COL>
<COL WIDTH="368"></COL>
</COLGROUP>

<TBODY>

<TR ACOPY="Y" ADELETE="Y" HEIGHT="57">
<TD USERMARK="F-13 B 0XFFFFFF BC0X57CF8A" COLSPAN="6" VALIGN="MIDDLE" WIDTH="243" HEIGHT="50"> 투자위험등급 3등급[ 다소높은위험 ]</TD>

<TD ROWSPAN="3" VALIGN="MIDDLE" WIDTH="359" HEIGHT="156">
<SPAN USERMARK="F-13 B">한국투자신탁운용주식회사</SPAN>
<SPAN USERMARK="F-13 ">는 이 투자신탁의 </SPAN>
<SPAN USERMARK="F-15 B">투자대상자산의 종류 및 위험도 등</SPAN>
<SPAN USERMARK="F-13 ">을 감안하여</SPAN>
<SPAN USERMARK="F-13 B"> 3등급으로 분류</SPAN>
<SPAN USERMARK="F-13 ">하였습니다.</SPAN>
<SPAN USERMARK="F-13 B"> 투자신탁의 위험 등급은 운용실적, 시장 상황 등에 따라 변경될 수 있다는 점을 유의하여 투자판단을 하시기 바랍니다.</SPAN>
</TD>
</TR>

<TR ACOPY="Y" ADELETE="Y" HEIGHT="30">
<TD USERMARK="0XFFFFFF BC0X1814FF" ALIGN="CENTER" VALIGN="MIDDLE" WIDTH="33" HEIGHT="23">1</TD>
<TD USERMARK="0XFFFFFF BC0X28BFFF" ALIGN="CENTER" VALIGN="MIDDLE" WIDTH="33" HEIGHT="23">2</TD>
<TD USERMARK="B 0XFFFFFF BC0X57CF8A" ALIGN="CENTER" VALIGN="MIDDLE" WIDTH="33" HEIGHT="23">3</TD>
<TD USERMARK="0XFFFFFF BC0XEEAE00" ALIGN="CENTER" VALIGN="MIDDLE" WIDTH="33" HEIGHT="23">4</TD>
<TD USERMARK="0XFFFFFF BC0XBD6F00" ALIGN="CENTER" VALIGN="MIDDLE" WIDTH="33" HEIGHT="23">5</TD>
<TD USERMARK="0XFFFFFF BC0X9D3272" ALIGN="CENTER" VALIGN="MIDDLE" WIDTH="33" HEIGHT="23">6</TD>
</TR>

<TR ACOPY="Y" ADELETE="Y" HEIGHT="76">
<TD USERMARK="0X1814FF" ALIGN="CENTER" VALIGN="MIDDLE" WIDTH="33" HEIGHT="69">매우높은위험</TD>
<TD USERMARK="0X28BFFF" ALIGN="CENTER" VALIGN="MIDDLE" WIDTH="33" HEIGHT="69">높은위험</TD>
<TD USERMARK="B 0X57CF8A" ALIGN="CENTER" VALIGN="MIDDLE" WIDTH="33" HEIGHT="69">다소높은위험</TD>
<TD USERMARK="0XEEAE00" ALIGN="CENTER" VALIGN="MIDDLE" WIDTH="33" HEIGHT="69">보통위험</TD>
<TD USERMARK="0XBD6F00" ALIGN="CENTER" VALIGN="MIDDLE" WIDTH="33" HEIGHT="69">낮은위험</TD>
<TD USERMARK="0X9D3272" ALIGN="CENTER" VALIGN="MIDDLE" WIDTH="33" HEIGHT="69">매우낮은위험</TD>
</TR>
</TBODY>
</TABLE>
<P></P>
<COVER-TITLE ATOC="Y" AASSOCNOTE="COVER" ATOCID="2" ENG="Prospectus">투 자 설 명 서</COVER-TITLE>
<P></P>

<P>이 투자설명서는 
<SPAN USERMARK="0X0000FF">한국투자 골든그로스 글로벌 자산배분 증권 투자신탁(혼합-재간접형)</SPAN>에 대한 자세한 내용을 담고 있습니다. 따라서 
<SPAN USERMARK="0X0000FF">한국투자 골든그로스 글로벌 자산배분 증권 투자신탁(혼합-재간접형)</SPAN> 수익증권을 매입하기 전에 이 투자설명서를 읽어보시기 바랍니다.
</P>

<TABLE-GROUP ACLASS="_FUND_MAIN_" ADELETETABLE="N">

<TABLE ACLASS="EXTRACTION" AFIXTABLE="Y" WIDTH="600" BORDER="0">

<COLGROUP WIDTH="600">
<COL WIDTH="171"></COL>
<COL WIDTH="224"></COL>
<COL WIDTH="92"></COL>
<COL WIDTH="85"></COL>
<COL WIDTH="28"></COL>
</COLGROUP>

<TBODY>

<TR ACOPY="N" ADELETE="N" HEIGHT="76">
<TD AUPDATECONT="N" WIDTH="162" HEIGHT="69" ENG="1. Name of the collective investment scheme:">1. 집합투자기구 명칭 :</TD>
<TE ACODE="FUND_NAME" WIDTH="215" HEIGHT="69">한국투자 골든그로스 글로벌 자산배분 증권 투자신탁(혼합-재간접형)</TE>
<TD AUPDATECONT="N" WIDTH="83" HEIGHT="69" ENG="(Fund code:">(펀드코드 :</TD>
<TE ACODE="FUND_CODE" ALIGN="CENTER" WIDTH="76" HEIGHT="69">E8308</TE>
<TD AUPDATECONT="N" WIDTH="19" HEIGHT="69">)</TD>
</TR>

<TR ACOPY="N" ADELETE="N" HEIGHT="30">
<TD COLSPAN="5" WIDTH="591" HEIGHT="23"></TD>
</TR>

<TR ACOPY="N" ADELETE="N" HEIGHT="30">
<TD AUPDATECONT="N" WIDTH="162" HEIGHT="23" ENG="2. Name of collective investment business entity">2. 집합투자업자 명칭 :</TD>
<TE COLSPAN="4" ACODE="FUND_TRD" WIDTH="420" HEIGHT="23">한국투자신탁운용주식회사</TE>
</TR>
</TBODY>
</TABLE>
</TABLE-GROUP>
<P></P>

<TABLE ACLASS="NORMAL" AFIXTABLE="N" WIDTH="600" BORDER="0">

<COLGROUP WIDTH="600">
<COL WIDTH="240"></COL>
<COL WIDTH="360"></COL>
</COLGROUP>

<TBODY>

<TR ACOPY="Y" ADELETE="Y" HEIGHT="99">
<TD WIDTH="231" HEIGHT="92">3. 판   매   회   사 :</TD>
<TD WIDTH="351" HEIGHT="92">각 판매회사 본·지점[판매회사에 대한 자세한 내용은 집합투자업자(kim.koreainvestment.com) 및 한국금융투자협회(www.kofia.or.kr)의 인터넷 홈페이지를 참고하시기 바랍니다]</TD>
</TR>

<TR ACOPY="Y" ADELETE="Y" HEIGHT="53">
<TD WIDTH="231" HEIGHT="46">4. 작 성 기 준 일 :</TD>
<TD WIDTH="351" HEIGHT="46">2025년 1월 31일</TD>
</TR>

<TR ACOPY="Y" ADELETE="Y" HEIGHT="53">
<TD WIDTH="231" HEIGHT="46">5. 증권신고서 효력발생일 :</TD>
<TD WIDTH="351" HEIGHT="46">2026년 1월 6일</TD>
</TR>

<TR ACOPY="Y" ADELETE="Y" HEIGHT="53">
<TD WIDTH="231" HEIGHT="46">6. 모집(매출) 증권의 종류 및 수 :</TD>
<TD WIDTH="351" HEIGHT="46">투자신탁의 수익증권(10조좌)</TD>
</TR>

<TR ACOPY="Y" ADELETE="Y" HEIGHT="53">
<TD WIDTH="231" HEIGHT="46">[모집(매출) 총액 :  10조좌 ]</TD>
<TD WIDTH="351" HEIGHT="46"></TD>
</TR>

<TR ACOPY="Y" ADELETE="Y" HEIGHT="53">
<TD WIDTH="231" HEIGHT="46">7. 모집(매출) 기간(판매기간) : </TD>
<TD WIDTH="351" HEIGHT="46">일괄신고서를 제출하는 개방형 집합투자기구로 모집기간을 정하지 아니하고 계속 모집할 수 있습니다</TD>
</TR>

<TR ACOPY="Y" ADELETE="Y" HEIGHT="30">
<TD WIDTH="231" HEIGHT="23"></TD>
<TD WIDTH="351" HEIGHT="23"></TD>
</TR>

<TR ACOPY="Y" ADELETE="Y" HEIGHT="30">
<TD COLSPAN="2" WIDTH="591" HEIGHT="23">8. 집합투자증권신고서 및 투자설명서의 열람장소</TD>
</TR>

<TR ACOPY="Y" ADELETE="Y" HEIGHT="30">
<TD COLSPAN="2" WIDTH="591" HEIGHT="23">   가. 집합투자증권신고서</TD>
</TR>

<TR ACOPY="Y" ADELETE="Y" HEIGHT="30">
<TD COLSPAN="2" WIDTH="591" HEIGHT="23">                전자문서 : 금융위(금감원) 전자공시시스템 →  http://dart.fss.or.kr</TD>
</TR>

<TR ACOPY="Y" ADELETE="Y" HEIGHT="30">
<TD COLSPAN="2" WIDTH="591" HEIGHT="23">   나. 투자설명서</TD>
</TR>

<TR ACOPY="Y" ADELETE="Y" HEIGHT="30">
<TD COLSPAN="2" WIDTH="591" HEIGHT="23">                전자문서 : 금융위(금감원) 전자공시시스템 →  http://dart.fss.or.kr</TD>
</TR>

<TR ACOPY="Y" ADELETE="Y" HEIGHT="76">
<TD COLSPAN="2" WIDTH="591" HEIGHT="69">                서면문서 : 집합투자업자       → ☎02-2055-5555, kim.koreainvestment.com                               한국금융투자협회 → ☎02-2003-9000, www.kofia.or.kr                               판매회사 → 집합투자업자 또는 한국금융투자협회 홈페이지 참조</TD>
</TR>

<TR ACOPY="Y" ADELETE="Y" HEIGHT="30">
<TD COLSPAN="2" WIDTH="591" HEIGHT="23">9. (안정조작 또는 시장조성 관련)   해당사항 없음</TD>
</TR>

<TR ACOPY="Y" ADELETE="Y" HEIGHT="30">
<TD COLSPAN="2" WIDTH="591" HEIGHT="23"></TD>
</TR>

<TR ACOPY="Y" ADELETE="Y" HEIGHT="53">
<TD COLSPAN="2" WIDTH="591" HEIGHT="46">※ 개방형 집합투자증권인 경우 증권신고서의 효력발생일 이후(청약일 이후)에도 기재사항이 변경될 수 있습니다.</TD>
</TR>
</TBODY>
</TABLE>

<TABLE ACLASS="NORMAL" AFIXTABLE="N" WIDTH="600" BORDER="1">

<COLGROUP WIDTH="600">
<COL WIDTH="600"></COL>
</COLGROUP>

<TBODY>

<TR ACOPY="Y" ADELETE="Y" HEIGHT="157">
<TD AUPDATECONT="N" USERMARK="F-BT13 B 0X0000FF" WIDTH="591" HEIGHT="150" ENG="Please note that the Financial Services Commission does not verify the accuracy or truthfulness of the information presented in the prospectus, nor does it guarantee or endorse the value of the securities. Additionally, these collective investment securities are performance-based dividend products not covered by the Depositor Protection Act. Therefore, investing in them carries the risk of potential loss of principal investment. Please exercise caution when considering these investments.">금융위원회가 투자설명서의 기재사항이 진실 또는 정확하다는 것을 인정하거나 그 증권의 가치를 보증 또는 승인하지 아니함을 유의하시기 바랍니다.또한 이 집합투자증권은「예금자보호법」에 의한 보호를 받지 않는 실적배당상품으로 투자원금의 손실이 발생할 수 있으므로 투자에 신중을 기하여 주시기 바랍니다. </TD>
</TR>
</TBODY>
</TABLE>
<PGBRK></PGBRK>
</COVER>

<LIBRARY>
<SECTION-1 ACLASS="MANDATORY" APARTSOURCE="SOURCE">
<TITLE ATOC="Y" ATOCID="3" ENG="[Main Text]">[ 본 문 ]</TITLE>

</SECTION-1></LIBRARY></BODY></DOCUMENT>