<?xml version="1.0" encoding="utf-8"?>


<DOCUMENT xmlns:xsi="http://www.w3.org/2001/XMLSchema-instance" xsi:noNamespaceSchemaLocation="dart4.xsd">

<DOCUMENT-NAME ACODE="10611">투자설명서(집합투자증권)</DOCUMENT-NAME>
<FORMULA-VERSION ADATE="20231020">6.0</FORMULA-VERSION>
<COMPANY-NAME AREGCIK="00326272">하나자산운용주식회사</COMPANY-NAME>


<BODY ATOCID="4">

<LIBRARY>
<CORRECTION>
<TITLE ATOC="Y" AASSOCNOTE="CORRECTION" ATOCID="4" ENG="Report of Disclosure Revision">정 정 신 고 (보고)</TITLE>

<TABLE ACLASS="NORMAL" AFIXTABLE="N" WIDTH="600" BORDER="0">

<COLGROUP WIDTH="600">
<COL WIDTH="600"></COL>
</COLGROUP>

<TBODY>

<TR ACOPY="Y" ADELETE="Y" HEIGHT="30">
<TD WIDTH="591" HEIGHT="23"></TD>
</TR>

<TR ACOPY="Y" ADELETE="Y" HEIGHT="30">
<TD ALIGN="RIGHT" WIDTH="591" HEIGHT="23">2026년 01월 07일</TD>
</TR>
</TBODY>
</TABLE>
<P></P>
<P></P>
<P USERMARK="F-14 ">1. 정정대상 공시서류 : 투자설명서</P>
<P></P>
<P USERMARK="F-14 ">2. 정정대상 공시서류의 최초제출일 :   2009년 04월 24일</P>
<P USERMARK="F-14 "></P>
<P USERMARK="F-14 ">3. 정정사유 </P>
<P USERMARK="F-14 ">-     모투자신탁 추가 </P>
<P USERMARK="F-14 ">-     보수율 인하</P>
<P USERMARK="F-14 ">4. 정정요구ㆍ명령관련 여부 : 아니오</P>
<P USERMARK="F-14 ">5. 정정사항</P>

<TABLE WIDTH="629" ACLASS="NORMAL" AFIXTABLE="N" BORDER="1">

<COLGROUP WIDTH="629">
<COL WIDTH="101"></COL>
<COL WIDTH="95"></COL>
<COL WIDTH="217"></COL>
<COL WIDTH="216"></COL>
</COLGROUP>

<TBODY>

<TR ACOPY="Y" ADELETE="Y" HEIGHT="31">
<TD WIDTH="92" USERMARK="F-10 B BC0XC0C0C0" ALIGN="CENTER" VALIGN="MIDDLE" HEIGHT="24">구  분</TD>
<TD WIDTH="86" USERMARK="F-10 B BC0XC0C0C0" ALIGN="CENTER" VALIGN="MIDDLE" HEIGHT="24">변경사유</TD>
<TD WIDTH="208" USERMARK="F-10 B BC0XC0C0C0" ALIGN="CENTER" VALIGN="MIDDLE" HEIGHT="24">변 경 전</TD>
<TD WIDTH="207" USERMARK="F-10 B BC0XC0C0C0" ALIGN="CENTER" VALIGN="MIDDLE" HEIGHT="24">변 경 후</TD>
</TR>

<TR ACOPY="Y" ADELETE="Y" HEIGHT="28">
<TD COLSPAN="4" WIDTH="620" ALIGN="CENTER" USERMARK="F-10 B" HEIGHT="21">요약정보</TD>
</TR>

<TR ACOPY="Y" ADELETE="Y" HEIGHT="49">

<TD WIDTH="92" HEIGHT="42">
<P USERMARK="F-10  A-J">투자목적 </P>
<P USERMARK="F-10  A-J">및 전략</P>
</TD>
<TD WIDTH="86" ALIGN="JUSTIFY" USERMARK="F-10 " HEIGHT="42">모투자신탁 추가</TD>
<TD WIDTH="208" ALIGN="CENTER" VALIGN="MIDDLE" USERMARK="F-10 B" HEIGHT="42"><모투자신탁 투자전략 추가></TD>
<TD WIDTH="207" ALIGN="JUSTIFY" USERMARK="F-10 B" HEIGHT="42">하나그레이터코리아증권모투자신탁[주식]</TD>
</TR>

<TR ACOPY="Y" ADELETE="Y" HEIGHT="42">
<TD WIDTH="92" ALIGN="JUSTIFY" USERMARK="F-10 " HEIGHT="35">투자비용</TD>
<TD WIDTH="86" ALIGN="JUSTIFY" USERMARK="F-10 " HEIGHT="35">보수율 인하</TD>
<TD WIDTH="208" ALIGN="CENTER" VALIGN="MIDDLE" USERMARK="F-10 B" HEIGHT="35"><변경 전1></TD>
<TD WIDTH="207" ALIGN="CENTER" VALIGN="MIDDLE" USERMARK="F-10 B" HEIGHT="35"><변경 후1></TD>
</TR>

<TR ACOPY="Y" ADELETE="Y" HEIGHT="28">
<TD COLSPAN="4" WIDTH="620" ALIGN="CENTER" VALIGN="MIDDLE" USERMARK="F-10 B" HEIGHT="21">제2부 집합투자기구에 관한 사항</TD>
</TR>

<TR ACOPY="Y" ADELETE="Y" HEIGHT="70">
<TD WIDTH="92" ALIGN="JUSTIFY" USERMARK="F-10 " HEIGHT="63">5. 운용전문인력에 관한 사항</TD>
<TD WIDTH="86" ALIGN="JUSTIFY" USERMARK="F-10 " HEIGHT="63">모투자신탁 추가</TD>
<TD WIDTH="208" ALIGN="CENTER" VALIGN="MIDDLE" USERMARK="F-10 B" HEIGHT="63"><모투자신탁 운용역 추가></TD>

<TD WIDTH="207" HEIGHT="63">
<P USERMARK="F-10 B A-C">하나그레이터코리아증권모투자신탁[주식]</P>
<P USERMARK="F-10 B A-C">책임 : 박정엽</P>
</TD>
</TR>

<TR ACOPY="Y" ADELETE="Y" HEIGHT="49">
<TD WIDTH="92" ALIGN="JUSTIFY" USERMARK="F-10 " HEIGHT="42">6. 집합투자기구의 구조</TD>
<TD WIDTH="86" ALIGN="JUSTIFY" VALIGN="MIDDLE" USERMARK="F-10 " HEIGHT="42">모투자신탁 추가</TD>
<TD WIDTH="208" ALIGN="CENTER" VALIGN="MIDDLE" USERMARK="F-10 B" HEIGHT="42"><모투자신탁 투자대상 추가></TD>
<TD WIDTH="207" ALIGN="CENTER" VALIGN="MIDDLE" USERMARK="F-10 B" HEIGHT="42">하나그레이터코리아증권모투자신탁[주식]</TD>
</TR>

<TR ACOPY="Y" ADELETE="Y" HEIGHT="49">
<TD WIDTH="92" ALIGN="JUSTIFY" USERMARK="F-10 " HEIGHT="42">8.집합투자기구의 투자대상</TD>
<TD WIDTH="86" ALIGN="JUSTIFY" VALIGN="MIDDLE" USERMARK="F-10 " HEIGHT="42">모투자신탁 추가</TD>
<TD WIDTH="208" ALIGN="CENTER" VALIGN="MIDDLE" USERMARK="F-10 B" HEIGHT="42"><모투자신탁 투자대상 추가></TD>
<TD WIDTH="207" ALIGN="CENTER" VALIGN="MIDDLE" USERMARK="F-10 B" HEIGHT="42">하나그레이터코리아증권모투자신탁[주식]</TD>
</TR>

<TR ACOPY="Y" ADELETE="Y" HEIGHT="91">
<TD WIDTH="92" ALIGN="JUSTIFY" USERMARK="F-10 " HEIGHT="84">9. 집합투자기구의 투자전략, 위험관리 및 수익구조</TD>
<TD WIDTH="86" ALIGN="JUSTIFY" VALIGN="MIDDLE" USERMARK="F-10 " HEIGHT="84">모투자신탁 추가</TD>
<TD WIDTH="208" ALIGN="CENTER" VALIGN="MIDDLE" USERMARK="F-10 B" HEIGHT="84"><모투자신탁 투자전략 추가></TD>
<TD WIDTH="207" ALIGN="CENTER" VALIGN="MIDDLE" USERMARK="F-10 B" HEIGHT="84">하나그레이터코리아증권모투자신탁[주식]</TD>
</TR>

<TR ACOPY="Y" ADELETE="Y" HEIGHT="70">
<TD WIDTH="92" ALIGN="JUSTIFY" USERMARK="F-10 " HEIGHT="63">13. 보수 및 수수료에 관한 사항</TD>
<TD WIDTH="86" ALIGN="JUSTIFY" USERMARK="F-10 " HEIGHT="63">보수율 인하</TD>
<TD WIDTH="208" ALIGN="CENTER" VALIGN="MIDDLE" USERMARK="F-10 B" HEIGHT="63"><변경 전2></TD>
<TD WIDTH="207" ALIGN="CENTER" VALIGN="MIDDLE" USERMARK="F-10 B" HEIGHT="63"><변경 후2></TD>
</TR>
</TBODY>
</TABLE>
<P USERMARK="F-11 B"><변경 전1></P>

<TABLE BORDER="1" ACLASS="NORMAL" AFIXTABLE="N" WIDTH="677">

<COLGROUP WIDTH="677">
<COL WIDTH="100"></COL>
<COL WIDTH="70"></COL>
<COL WIDTH="56"></COL>
<COL WIDTH="56"></COL>
<COL WIDTH="65"></COL>
<COL WIDTH="65"></COL>
<COL WIDTH="53"></COL>
<COL WIDTH="53"></COL>
<COL WIDTH="53"></COL>
<COL WIDTH="53"></COL>
<COL WIDTH="53"></COL>
</COLGROUP>

<TBODY>

<TR ACOPY="Y" ADELETE="Y" HEIGHT="47">

<TD ROWSPAN="3" WIDTH="91" USERMARK="BC0XD9D9D9" VALIGN="MIDDLE" HEIGHT="110">
<P USERMARK="F-9 B A-C">클래스</P>
<P USERMARK="F-9 B A-C">종류</P>
</TD>

<TD COLSPAN="5" WIDTH="303" USERMARK="BC0XD9D9D9" VALIGN="MIDDLE" HEIGHT="40">
<P USERMARK="F-9 B A-C">투자자가 부담하는</P>
<P USERMARK="F-9 B A-C">수수료 및 총보수 및 비용 (연간, %)</P>
</TD>

<TD COLSPAN="5" WIDTH="256" USERMARK="BC0XD9D9D9" VALIGN="MIDDLE" HEIGHT="40">
<P USERMARK="F-9 B A-C">1,000만원 투자시 투자자가 부담하는</P>
<P USERMARK="F-9 B A-C">투자기간별 총보수.비용 예시 (단위:천원)</P>
</TD>
</TR>

<TR ACOPY="Y" ADELETE="Y" HEIGHT="23">

<TD ROWSPAN="2" WIDTH="61" USERMARK="BC0XD9D9D9" VALIGN="MIDDLE" HEIGHT="63">
<P USERMARK="F-9 B A-C">판매</P>
<P USERMARK="F-9 B A-C">수수료</P>
</TD>

<TD ROWSPAN="2" WIDTH="47" USERMARK="BC0XD9D9D9" VALIGN="MIDDLE" HEIGHT="63">
<P USERMARK="F-9 B A-C">총</P>
<P USERMARK="F-9 B A-C">보수</P>
</TD>
<TD WIDTH="47" USERMARK="F-6  BC0XD9D9D9" ALIGN="CENTER" VALIGN="MIDDLE" HEIGHT="16"></TD>

<TD ROWSPAN="2" WIDTH="56" USERMARK="BC0XD9D9D9" VALIGN="MIDDLE" HEIGHT="63">
<P USERMARK="F-9 B A-C">동종유형</P>
<P USERMARK="F-9 B A-C">총보수</P>
</TD>
<TD ROWSPAN="2" WIDTH="56" USERMARK="F-9 B BC0XD9D9D9" ALIGN="CENTER" VALIGN="MIDDLE" HEIGHT="63">총보수비용</TD>
<TD ROWSPAN="2" WIDTH="44" USERMARK="F-9 B BC0XD9D9D9" ALIGN="CENTER" VALIGN="MIDDLE" HEIGHT="63">1년</TD>
<TD ROWSPAN="2" WIDTH="44" USERMARK="F-9 B BC0XD9D9D9" ALIGN="CENTER" VALIGN="MIDDLE" HEIGHT="63">2년</TD>
<TD ROWSPAN="2" WIDTH="44" USERMARK="F-9 B BC0XD9D9D9" ALIGN="CENTER" VALIGN="MIDDLE" HEIGHT="63">3년</TD>
<TD ROWSPAN="2" WIDTH="44" USERMARK="F-9 B BC0XD9D9D9" ALIGN="CENTER" VALIGN="MIDDLE" HEIGHT="63">5년</TD>
<TD ROWSPAN="2" WIDTH="44" USERMARK="F-9 B BC0XD9D9D9" ALIGN="CENTER" VALIGN="MIDDLE" HEIGHT="63">10년</TD>
</TR>

<TR ACOPY="Y" ADELETE="Y" HEIGHT="47">

<TD WIDTH="47" USERMARK="BC0XD9D9D9" VALIGN="MIDDLE" HEIGHT="40">
<P USERMARK="F-9 B A-C">판매</P>
<P USERMARK="F-9 B A-C">보수</P>
</TD>
</TR>

<TR ACOPY="Y" ADELETE="Y" HEIGHT="47">

<TD WIDTH="91" USERMARK="BC0XD9D9D9" VALIGN="MIDDLE" HEIGHT="40">
<P USERMARK="F-9 B A-C">수수료선취-</P>
<P USERMARK="F-9 B A-C">오프라인(A)</P>
</TD>
<TD WIDTH="61" ALIGN="CENTER" VALIGN="MIDDLE" USERMARK="F-9 " HEIGHT="40">납입금액의 1.0% 이내</TD>
<TD WIDTH="47" ALIGN="CENTER" VALIGN="MIDDLE" USERMARK="F-9 B" HEIGHT="40">1.287</TD>
<TD WIDTH="47" ALIGN="CENTER" VALIGN="MIDDLE" USERMARK="F-9 B" HEIGHT="40">0.542</TD>
<TD WIDTH="56" ALIGN="CENTER" VALIGN="MIDDLE" USERMARK="F-9 " HEIGHT="40">1.38</TD>
<TD WIDTH="56" ALIGN="CENTER" VALIGN="MIDDLE" USERMARK="F-9 B" HEIGHT="40">1.287 </TD>
<TD WIDTH="44" ALIGN="CENTER" VALIGN="MIDDLE" USERMARK="F-9 B" HEIGHT="40">231</TD>
<TD WIDTH="44" ALIGN="CENTER" VALIGN="MIDDLE" USERMARK="F-9 B" HEIGHT="40">368</TD>
<TD WIDTH="44" ALIGN="CENTER" VALIGN="MIDDLE" USERMARK="F-9 B" HEIGHT="40">512</TD>
<TD WIDTH="44" ALIGN="CENTER" VALIGN="MIDDLE" USERMARK="F-9 B" HEIGHT="40">821</TD>
<TD WIDTH="44" ALIGN="CENTER" VALIGN="MIDDLE" USERMARK="F-9 B" HEIGHT="40">1,742</TD>
</TR>

<TR ACOPY="Y" ADELETE="Y" HEIGHT="70">

<TD WIDTH="91" USERMARK="BC0XD9D9D9" VALIGN="MIDDLE" HEIGHT="63">
<P USERMARK="F-9 B A-C">수수료미징구-</P>

<P USERMARK="A-C">
<SPAN USERMARK="F-9 B">오프라인-</SPAN>
<SPAN> </SPAN>
<SPAN USERMARK="F-9 B">보수체감(C1)</SPAN>
</P>
</TD>
<TD WIDTH="61" ALIGN="CENTER" VALIGN="MIDDLE" USERMARK="F-9 " HEIGHT="63">없음</TD>
<TD WIDTH="47" ALIGN="CENTER" VALIGN="MIDDLE" USERMARK="F-9 B" HEIGHT="63">1.995</TD>
<TD WIDTH="47" ALIGN="CENTER" VALIGN="MIDDLE" USERMARK="F-9 B" HEIGHT="63">1.250</TD>
<TD WIDTH="56" ALIGN="CENTER" VALIGN="MIDDLE" USERMARK="F-9 " HEIGHT="63">1.59</TD>
<TD WIDTH="56" ALIGN="CENTER" VALIGN="MIDDLE" USERMARK="F-9 B" HEIGHT="63">1.995 </TD>
<TD WIDTH="44" ALIGN="CENTER" VALIGN="MIDDLE" USERMARK="F-9 B" HEIGHT="63">204</TD>
<TD WIDTH="44" ALIGN="CENTER" VALIGN="MIDDLE" USERMARK="F-9 B" HEIGHT="63">406</TD>
<TD WIDTH="44" ALIGN="CENTER" VALIGN="MIDDLE" USERMARK="F-9 B" HEIGHT="63">603</TD>
<TD WIDTH="44" ALIGN="CENTER" VALIGN="MIDDLE" USERMARK="F-9 B" HEIGHT="63">982</TD>
<TD WIDTH="44" ALIGN="CENTER" VALIGN="MIDDLE" USERMARK="F-9 B" HEIGHT="63">2,064</TD>
</TR>

<TR ACOPY="Y" ADELETE="Y" HEIGHT="47">

<TD WIDTH="91" USERMARK="BC0XD9D9D9" VALIGN="MIDDLE" HEIGHT="40">
<P USERMARK="F-9 B A-C">수수료미징구-</P>
<P USERMARK="F-9 B A-C">온라인(C-E)</P>
</TD>
<TD WIDTH="61" ALIGN="CENTER" VALIGN="MIDDLE" USERMARK="F-9 " HEIGHT="40">없음</TD>
<TD WIDTH="47" ALIGN="CENTER" VALIGN="MIDDLE" USERMARK="F-9 B" HEIGHT="40">1.245</TD>
<TD WIDTH="47" ALIGN="CENTER" VALIGN="MIDDLE" USERMARK="F-9 B" HEIGHT="40">0.500</TD>
<TD WIDTH="56" ALIGN="CENTER" VALIGN="MIDDLE" USERMARK="F-9 " HEIGHT="40">1.17</TD>
<TD WIDTH="56" ALIGN="CENTER" VALIGN="MIDDLE" USERMARK="F-9 B" HEIGHT="40">1.245 </TD>
<TD WIDTH="44" ALIGN="CENTER" VALIGN="MIDDLE" USERMARK="F-9 B" HEIGHT="40">128</TD>
<TD WIDTH="44" ALIGN="CENTER" VALIGN="MIDDLE" USERMARK="F-9 B" HEIGHT="40">262</TD>
<TD WIDTH="44" ALIGN="CENTER" VALIGN="MIDDLE" USERMARK="F-9 B" HEIGHT="40">402</TD>
<TD WIDTH="44" ALIGN="CENTER" VALIGN="MIDDLE" USERMARK="F-9 B" HEIGHT="40">705</TD>
<TD WIDTH="44" ALIGN="CENTER" VALIGN="MIDDLE" USERMARK="F-9 B" HEIGHT="40">1,605</TD>
</TR>
</TBODY>
</TABLE>
<P USERMARK="F-11 "> </P>
<P USERMARK="F-11 B"><변경 후1></P>

<TABLE BORDER="1" ACLASS="NORMAL" AFIXTABLE="N" WIDTH="672">

<COLGROUP WIDTH="672">
<COL WIDTH="99"></COL>
<COL WIDTH="70"></COL>
<COL WIDTH="56"></COL>
<COL WIDTH="56"></COL>
<COL WIDTH="65"></COL>
<COL WIDTH="65"></COL>
<COL WIDTH="52"></COL>
<COL WIDTH="52"></COL>
<COL WIDTH="52"></COL>
<COL WIDTH="52"></COL>
<COL WIDTH="53"></COL>
</COLGROUP>

<TBODY>

<TR ACOPY="Y" ADELETE="Y" HEIGHT="47">

<TD ROWSPAN="3" WIDTH="90" USERMARK="BC0XD9D9D9" VALIGN="MIDDLE" HEIGHT="114">
<P USERMARK="F-9 B A-C">클래스</P>
<P USERMARK="F-9 B A-C">종류</P>
</TD>

<TD COLSPAN="5" WIDTH="303" USERMARK="BC0XD9D9D9" VALIGN="MIDDLE" HEIGHT="40">
<P USERMARK="F-9 B A-C">투자자가 부담하는</P>
<P USERMARK="F-9 B A-C">수수료 및 총보수 및 비용 (연간, %)</P>
</TD>

<TD COLSPAN="5" WIDTH="252" USERMARK="BC0XD9D9D9" VALIGN="MIDDLE" HEIGHT="40">
<P USERMARK="F-9 B A-C">1,000만원 투자시 투자자가 부담하는</P>
<P USERMARK="F-9 B A-C">투자기간별 총보수.비용 예시 (단위:천원)</P>
</TD>
</TR>

<TR ACOPY="Y" ADELETE="Y" HEIGHT="27">

<TD ROWSPAN="2" WIDTH="61" USERMARK="BC0XD9D9D9" VALIGN="MIDDLE" HEIGHT="67">
<P USERMARK="F-9 B A-C">판매</P>
<P USERMARK="F-9 B A-C">수수료</P>
</TD>

<TD ROWSPAN="2" WIDTH="47" USERMARK="BC0XD9D9D9" VALIGN="MIDDLE" HEIGHT="67">
<P USERMARK="F-9 B A-C">총</P>
<P USERMARK="F-9 B A-C">보수</P>
</TD>
<TD WIDTH="47" USERMARK="F-9  BC0XD9D9D9" ALIGN="CENTER" VALIGN="MIDDLE" HEIGHT="20"></TD>

<TD ROWSPAN="2" WIDTH="56" USERMARK="BC0XD9D9D9" VALIGN="MIDDLE" HEIGHT="67">
<P USERMARK="F-9 B A-C">동종유형</P>
<P USERMARK="F-9 B A-C">총보수</P>
</TD>
<TD ROWSPAN="2" WIDTH="56" USERMARK="F-9 B BC0XD9D9D9" ALIGN="CENTER" VALIGN="MIDDLE" HEIGHT="67">총보수비용</TD>
<TD ROWSPAN="2" WIDTH="43" USERMARK="F-9 B BC0XD9D9D9" ALIGN="CENTER" VALIGN="MIDDLE" HEIGHT="67">1년</TD>
<TD ROWSPAN="2" WIDTH="43" USERMARK="F-9 B BC0XD9D9D9" ALIGN="CENTER" VALIGN="MIDDLE" HEIGHT="67">2년</TD>
<TD ROWSPAN="2" WIDTH="43" USERMARK="F-9 B BC0XD9D9D9" ALIGN="CENTER" VALIGN="MIDDLE" HEIGHT="67">3년</TD>
<TD ROWSPAN="2" WIDTH="43" USERMARK="F-9 B BC0XD9D9D9" ALIGN="CENTER" VALIGN="MIDDLE" HEIGHT="67">5년</TD>
<TD ROWSPAN="2" WIDTH="44" USERMARK="F-9 B BC0XD9D9D9" ALIGN="CENTER" VALIGN="MIDDLE" HEIGHT="67">10년</TD>
</TR>

<TR ACOPY="Y" ADELETE="Y" HEIGHT="47">

<TD WIDTH="47" USERMARK="BC0XD9D9D9" VALIGN="MIDDLE" HEIGHT="40">
<P USERMARK="F-9 B A-C">판매</P>
<P USERMARK="F-9 B A-C">보수</P>
</TD>
</TR>

<TR ACOPY="Y" ADELETE="Y" HEIGHT="47">

<TD WIDTH="90" USERMARK="BC0XD9D9D9" VALIGN="MIDDLE" HEIGHT="40">
<P USERMARK="F-9 B A-C">수수료선취-</P>
<P USERMARK="F-9 B A-C">오프라인(A)</P>
</TD>
<TD WIDTH="61" ALIGN="CENTER" VALIGN="MIDDLE" USERMARK="F-9 " HEIGHT="40">납입금액의 1.0% 이내</TD>
<TD WIDTH="47" ALIGN="CENTER" VALIGN="MIDDLE" USERMARK="F-9 B" HEIGHT="40">0.9870</TD>
<TD WIDTH="47" ALIGN="CENTER" VALIGN="MIDDLE" USERMARK="F-9 B" HEIGHT="40">0.3594</TD>
<TD WIDTH="56" ALIGN="CENTER" VALIGN="MIDDLE" USERMARK="F-9 " HEIGHT="40">1.380</TD>
<TD WIDTH="56" ALIGN="CENTER" VALIGN="MIDDLE" USERMARK="F-9 B" HEIGHT="40">0.9870</TD>
<TD WIDTH="43" ALIGN="CENTER" VALIGN="MIDDLE" USERMARK="F-9 B" HEIGHT="40">200</TD>
<TD WIDTH="43" ALIGN="CENTER" VALIGN="MIDDLE" USERMARK="F-9 B" HEIGHT="40">305</TD>
<TD WIDTH="43" ALIGN="CENTER" VALIGN="MIDDLE" USERMARK="F-9 B" HEIGHT="40">416</TD>
<TD WIDTH="43" ALIGN="CENTER" VALIGN="MIDDLE" USERMARK="F-9 B" HEIGHT="40">653</TD>
<TD WIDTH="44" ALIGN="CENTER" VALIGN="MIDDLE" USERMARK="F-9 B" HEIGHT="40">1,359</TD>
</TR>

<TR ACOPY="Y" ADELETE="Y" HEIGHT="67">

<TD WIDTH="90" USERMARK="BC0XD9D9D9" VALIGN="MIDDLE" HEIGHT="60">
<P USERMARK="F-9 B A-C">수수료미징구-</P>

<P USERMARK="A-C">
<SPAN USERMARK="F-9 B">오프라인-</SPAN>
<SPAN USERMARK="F-9 "> </SPAN>
<SPAN USERMARK="F-9 B">보수체감(C1)</SPAN>
</P>
</TD>
<TD WIDTH="61" ALIGN="CENTER" VALIGN="MIDDLE" USERMARK="F-9 " HEIGHT="60">없음</TD>
<TD WIDTH="47" ALIGN="CENTER" VALIGN="MIDDLE" USERMARK="F-9 B" HEIGHT="60">1.7276</TD>
<TD WIDTH="47" ALIGN="CENTER" VALIGN="MIDDLE" USERMARK="F-9 B" HEIGHT="60">1.100</TD>
<TD WIDTH="56" ALIGN="CENTER" VALIGN="MIDDLE" USERMARK="F-9 " HEIGHT="60">1.590</TD>
<TD WIDTH="56" ALIGN="CENTER" VALIGN="MIDDLE" USERMARK="F-9 B" HEIGHT="60">1.7276</TD>
<TD WIDTH="43" ALIGN="CENTER" VALIGN="MIDDLE" USERMARK="F-9 B" HEIGHT="60">177</TD>
<TD WIDTH="43" ALIGN="CENTER" VALIGN="MIDDLE" USERMARK="F-9 B" HEIGHT="60">352</TD>
<TD WIDTH="43" ALIGN="CENTER" VALIGN="MIDDLE" USERMARK="F-9 B" HEIGHT="60">525</TD>
<TD WIDTH="43" ALIGN="CENTER" VALIGN="MIDDLE" USERMARK="F-9 B" HEIGHT="60">860</TD>
<TD WIDTH="44" ALIGN="CENTER" VALIGN="MIDDLE" USERMARK="F-9 B" HEIGHT="60">1,819</TD>
</TR>

<TR ACOPY="Y" ADELETE="Y" HEIGHT="47">

<TD WIDTH="90" USERMARK="BC0XD9D9D9" VALIGN="MIDDLE" HEIGHT="40">
<P USERMARK="F-9 B A-C">수수료미징구-</P>
<P USERMARK="F-9 B A-C">온라인(C-E)</P>
</TD>
<TD WIDTH="61" ALIGN="CENTER" VALIGN="MIDDLE" USERMARK="F-9 " HEIGHT="40">없음</TD>
<TD WIDTH="47" ALIGN="CENTER" VALIGN="MIDDLE" USERMARK="F-9 B" HEIGHT="40">1.0776</TD>
<TD WIDTH="47" ALIGN="CENTER" VALIGN="MIDDLE" USERMARK="F-9 B" HEIGHT="40">0.450</TD>
<TD WIDTH="56" ALIGN="CENTER" VALIGN="MIDDLE" USERMARK="F-9 " HEIGHT="40">1.170</TD>
<TD WIDTH="56" ALIGN="CENTER" VALIGN="MIDDLE" USERMARK="F-9 B" HEIGHT="40">1.0776</TD>
<TD WIDTH="43" ALIGN="CENTER" VALIGN="MIDDLE" USERMARK="F-9 B" HEIGHT="40">110</TD>
<TD WIDTH="43" ALIGN="CENTER" VALIGN="MIDDLE" USERMARK="F-9 B" HEIGHT="40">226</TD>
<TD WIDTH="43" ALIGN="CENTER" VALIGN="MIDDLE" USERMARK="F-9 B" HEIGHT="40">348</TD>
<TD WIDTH="43" ALIGN="CENTER" VALIGN="MIDDLE" USERMARK="F-9 B" HEIGHT="40">610</TD>
<TD WIDTH="44" ALIGN="CENTER" VALIGN="MIDDLE" USERMARK="F-9 B" HEIGHT="40">1,389</TD>
</TR>
</TBODY>
</TABLE>
<P USERMARK="F-11 "> </P>
<P USERMARK="F-11 B"><변경 전2></P>

<TABLE BORDER="1" ACLASS="NORMAL" AFIXTABLE="N" WIDTH="764">

<COLGROUP WIDTH="764">
<COL WIDTH="26"></COL>
<COL WIDTH="87"></COL>
<COL WIDTH="66"></COL>
<COL WIDTH="68"></COL>
<COL WIDTH="66"></COL>
<COL WIDTH="69"></COL>
<COL WIDTH="61"></COL>
<COL WIDTH="61"></COL>
<COL WIDTH="73"></COL>
<COL WIDTH="64"></COL>
<COL WIDTH="57"></COL>
<COL WIDTH="66"></COL>
</COLGROUP>

<TBODY>

<TR ACOPY="Y" ADELETE="Y" HEIGHT="27">
<TD COLSPAN="2" ROWSPAN="2" WIDTH="104" USERMARK="F-9 B 0XFFFFFF BC0X919500" ALIGN="CENTER" VALIGN="MIDDLE" HEIGHT="107">종류형 명칭</TD>
<TD COLSPAN="10" WIDTH="642" USERMARK="F-9 B 0XFFFFFF BC0X919500" ALIGN="CENTER" VALIGN="MIDDLE" HEIGHT="20">지급비율(연간, %)</TD>
</TR>

<TR ACOPY="Y" ADELETE="Y" HEIGHT="87">
<TD WIDTH="57" USERMARK="F-9  0XFFFFFF BC0X919500" ALIGN="CENTER" VALIGN="MIDDLE" HEIGHT="80">집합투자업자보수</TD>
<TD WIDTH="59" USERMARK="F-9  0XFFFFFF BC0X919500" ALIGN="CENTER" VALIGN="MIDDLE" HEIGHT="80">판매회사보수</TD>
<TD WIDTH="57" USERMARK="F-9  0XFFFFFF BC0X919500" ALIGN="CENTER" VALIGN="MIDDLE" HEIGHT="80">수탁회사보수</TD>
<TD WIDTH="60" USERMARK="F-9  0XFFFFFF BC0X919500" ALIGN="CENTER" VALIGN="MIDDLE" HEIGHT="80">일반사무관리회사보수</TD>
<TD WIDTH="52" USERMARK="F-9 B 0XFFFFFF BC0X919500" ALIGN="CENTER" VALIGN="MIDDLE" HEIGHT="80">총 보수</TD>
<TD WIDTH="52" USERMARK="F-9  0XFFFFFF BC0X919500" ALIGN="CENTER" VALIGN="MIDDLE" HEIGHT="80">기타비용주1)</TD>

<TD WIDTH="64" USERMARK="BC0X919500" VALIGN="MIDDLE" HEIGHT="80">
<P USERMARK="F-9 B 0XFFFFFF A-C">총보수.</P>
<P USERMARK="F-9 B 0XFFFFFF A-C">비용</P>
<P USERMARK="F-9 B 0XFFFFFF A-C">주2)</P>
</TD>
<TD WIDTH="55" USERMARK="F-9  0XFFFFFF BC0X919500" ALIGN="CENTER" VALIGN="MIDDLE" HEIGHT="80">(동종유형 총 보수)주3)</TD>

<TD WIDTH="48" USERMARK="BC0X919500" VALIGN="MIDDLE" HEIGHT="80">
<P USERMARK="F-9 B 0XFFFFFF A-C">합성총보수.</P>
<P USERMARK="F-9 B 0XFFFFFF A-C">비용</P>
<P USERMARK="F-9 B 0XFFFFFF A-C">주4)</P>
</TD>
<TD WIDTH="57" USERMARK="F-9  0XFFFFFF BC0X919500" ALIGN="CENTER" VALIGN="MIDDLE" HEIGHT="80">증권거래비용주5)</TD>
</TR>

<TR ACOPY="Y" ADELETE="Y" HEIGHT="47">
<TD WIDTH="17" USERMARK="F-9  BC0XD9D9D9" ALIGN="CENTER" VALIGN="MIDDLE" HEIGHT="40">A</TD>
<TD WIDTH="78" USERMARK="F-9  BC0XD9D9D9" ALIGN="CENTER" VALIGN="MIDDLE" HEIGHT="40">수수료선취-오프라인</TD>
<TD WIDTH="57" ALIGN="CENTER" VALIGN="MIDDLE" USERMARK="F-9 B" HEIGHT="40">0.700</TD>
<TD WIDTH="59" ALIGN="CENTER" VALIGN="MIDDLE" USERMARK="F-9 B" HEIGHT="40">0.542</TD>
<TD WIDTH="57" ALIGN="CENTER" VALIGN="MIDDLE" USERMARK="F-9 " HEIGHT="40">0.030</TD>
<TD WIDTH="60" ALIGN="CENTER" VALIGN="MIDDLE" USERMARK="F-9 " HEIGHT="40">0.015</TD>
<TD WIDTH="52" ALIGN="CENTER" VALIGN="MIDDLE" USERMARK="F-9 B" HEIGHT="40">1.287</TD>
<TD WIDTH="52" ALIGN="CENTER" VALIGN="MIDDLE" USERMARK="F-9 " HEIGHT="40">0.000 </TD>
<TD WIDTH="64" ALIGN="CENTER" VALIGN="MIDDLE" USERMARK="F-9 B" HEIGHT="40">1.2870 </TD>
<TD WIDTH="55" ALIGN="CENTER" VALIGN="MIDDLE" USERMARK="F-9 " HEIGHT="40">1.380 </TD>
<TD WIDTH="48" ALIGN="CENTER" VALIGN="MIDDLE" USERMARK="F-9 B" HEIGHT="40">1.2870 </TD>
<TD WIDTH="57" ALIGN="CENTER" VALIGN="MIDDLE" USERMARK="F-9 " HEIGHT="40">0.2310 </TD>
</TR>

<TR ACOPY="Y" ADELETE="Y" HEIGHT="67">
<TD WIDTH="17" USERMARK="F-9  BC0XD9D9D9" ALIGN="CENTER" VALIGN="MIDDLE" HEIGHT="60">C1</TD>
<TD WIDTH="78" USERMARK="F-9  BC0XD9D9D9" ALIGN="CENTER" VALIGN="MIDDLE" HEIGHT="60">수수료미징구-오프라인-보수체감</TD>
<TD WIDTH="57" ALIGN="CENTER" VALIGN="MIDDLE" USERMARK="F-9 B" HEIGHT="60">0.700</TD>
<TD WIDTH="59" ALIGN="CENTER" VALIGN="MIDDLE" USERMARK="F-9 B" HEIGHT="60">1.250</TD>
<TD WIDTH="57" ALIGN="CENTER" VALIGN="MIDDLE" USERMARK="F-9 " HEIGHT="60">0.030</TD>
<TD WIDTH="60" ALIGN="CENTER" VALIGN="MIDDLE" USERMARK="F-9 " HEIGHT="60">0.015</TD>
<TD WIDTH="52" ALIGN="CENTER" VALIGN="MIDDLE" USERMARK="F-9 B" HEIGHT="60">1.995</TD>
<TD WIDTH="52" ALIGN="CENTER" VALIGN="MIDDLE" USERMARK="F-9 " HEIGHT="60">0.000 </TD>
<TD WIDTH="64" ALIGN="CENTER" VALIGN="MIDDLE" USERMARK="F-9 B" HEIGHT="60">1.9950 </TD>
<TD WIDTH="55" ALIGN="CENTER" VALIGN="MIDDLE" USERMARK="F-9 " HEIGHT="60">1.590 </TD>
<TD WIDTH="48" ALIGN="CENTER" VALIGN="MIDDLE" USERMARK="F-9 B" HEIGHT="60">1.9950 </TD>
<TD WIDTH="57" ALIGN="CENTER" VALIGN="MIDDLE" USERMARK="F-9 " HEIGHT="60">0.0000 </TD>
</TR>

<TR ACOPY="Y" ADELETE="Y" HEIGHT="67">
<TD WIDTH="17" USERMARK="F-9  BC0XD9D9D9" ALIGN="CENTER" VALIGN="MIDDLE" HEIGHT="60">C2</TD>
<TD WIDTH="78" USERMARK="F-9  BC0XD9D9D9" ALIGN="CENTER" VALIGN="MIDDLE" HEIGHT="60">수수료미징구-오프라인-보수체감</TD>
<TD WIDTH="57" ALIGN="CENTER" VALIGN="MIDDLE" USERMARK="F-9 B" HEIGHT="60">0.700</TD>
<TD WIDTH="59" ALIGN="CENTER" VALIGN="MIDDLE" USERMARK="F-9 B" HEIGHT="60">1.125</TD>
<TD WIDTH="57" ALIGN="CENTER" VALIGN="MIDDLE" USERMARK="F-9 " HEIGHT="60">0.030</TD>
<TD WIDTH="60" ALIGN="CENTER" VALIGN="MIDDLE" USERMARK="F-9 " HEIGHT="60">0.015</TD>
<TD WIDTH="52" ALIGN="CENTER" VALIGN="MIDDLE" USERMARK="F-9 B" HEIGHT="60">1.870</TD>
<TD WIDTH="52" ALIGN="CENTER" VALIGN="MIDDLE" USERMARK="F-9 " HEIGHT="60">0.000 </TD>
<TD WIDTH="64" ALIGN="CENTER" VALIGN="MIDDLE" USERMARK="F-9 B" HEIGHT="60">1.8700 </TD>
<TD WIDTH="55" ALIGN="CENTER" VALIGN="MIDDLE" USERMARK="F-9 " HEIGHT="60">-</TD>
<TD WIDTH="48" ALIGN="CENTER" VALIGN="MIDDLE" USERMARK="F-9 B" HEIGHT="60">1.8700 </TD>
<TD WIDTH="57" ALIGN="CENTER" VALIGN="MIDDLE" USERMARK="F-9 " HEIGHT="60">0.0000</TD>
</TR>

<TR ACOPY="Y" ADELETE="Y" HEIGHT="67">
<TD WIDTH="17" USERMARK="F-9  BC0XD9D9D9" ALIGN="CENTER" VALIGN="MIDDLE" HEIGHT="60">C3</TD>
<TD WIDTH="78" USERMARK="F-9  BC0XD9D9D9" ALIGN="CENTER" VALIGN="MIDDLE" HEIGHT="60">수수료미징구-오프라인-보수체감</TD>
<TD WIDTH="57" ALIGN="CENTER" VALIGN="MIDDLE" USERMARK="F-9 B" HEIGHT="60">0.700</TD>
<TD WIDTH="59" ALIGN="CENTER" VALIGN="MIDDLE" USERMARK="F-9 B" HEIGHT="60">1.000</TD>
<TD WIDTH="57" ALIGN="CENTER" VALIGN="MIDDLE" USERMARK="F-9 " HEIGHT="60">0.030</TD>
<TD WIDTH="60" ALIGN="CENTER" VALIGN="MIDDLE" USERMARK="F-9 " HEIGHT="60">0.015</TD>
<TD WIDTH="52" ALIGN="CENTER" VALIGN="MIDDLE" USERMARK="F-9 B" HEIGHT="60">1.745</TD>
<TD WIDTH="52" ALIGN="CENTER" VALIGN="MIDDLE" USERMARK="F-9 " HEIGHT="60">0.000 </TD>
<TD WIDTH="64" ALIGN="CENTER" VALIGN="MIDDLE" USERMARK="F-9 B" HEIGHT="60">1.7450 </TD>
<TD WIDTH="55" ALIGN="CENTER" VALIGN="MIDDLE" USERMARK="F-9 " HEIGHT="60">-</TD>
<TD WIDTH="48" ALIGN="CENTER" VALIGN="MIDDLE" USERMARK="F-9 B" HEIGHT="60">1.7450 </TD>
<TD WIDTH="57" ALIGN="CENTER" VALIGN="MIDDLE" USERMARK="F-9 " HEIGHT="60">0.0000 </TD>
</TR>

<TR ACOPY="Y" ADELETE="Y" HEIGHT="67">
<TD WIDTH="17" USERMARK="F-9  BC0XD9D9D9" ALIGN="CENTER" VALIGN="MIDDLE" HEIGHT="60">C4</TD>
<TD WIDTH="78" USERMARK="F-9  BC0XD9D9D9" ALIGN="CENTER" VALIGN="MIDDLE" HEIGHT="60">수수료미징구-오프라인-보수체감</TD>
<TD WIDTH="57" ALIGN="CENTER" VALIGN="MIDDLE" USERMARK="F-9 B" HEIGHT="60">0.700</TD>
<TD WIDTH="59" ALIGN="CENTER" VALIGN="MIDDLE" USERMARK="F-9 B" HEIGHT="60">0.875</TD>
<TD WIDTH="57" ALIGN="CENTER" VALIGN="MIDDLE" USERMARK="F-9 " HEIGHT="60">0.030</TD>
<TD WIDTH="60" ALIGN="CENTER" VALIGN="MIDDLE" USERMARK="F-9 " HEIGHT="60">0.015</TD>
<TD WIDTH="52" ALIGN="CENTER" VALIGN="MIDDLE" USERMARK="F-9 B" HEIGHT="60">1.620</TD>
<TD WIDTH="52" ALIGN="CENTER" VALIGN="MIDDLE" USERMARK="F-9 " HEIGHT="60">0.000 </TD>
<TD WIDTH="64" ALIGN="CENTER" VALIGN="MIDDLE" USERMARK="F-9 B" HEIGHT="60">1.6200 </TD>
<TD WIDTH="55" ALIGN="CENTER" VALIGN="MIDDLE" USERMARK="F-9 " HEIGHT="60">-</TD>
<TD WIDTH="48" ALIGN="CENTER" VALIGN="MIDDLE" USERMARK="F-9 B" HEIGHT="60">1.6200 </TD>
<TD WIDTH="57" ALIGN="CENTER" VALIGN="MIDDLE" USERMARK="F-9 " HEIGHT="60">0.0000 </TD>
</TR>

<TR ACOPY="Y" ADELETE="Y" HEIGHT="67">
<TD WIDTH="17" USERMARK="F-9  BC0XD9D9D9" ALIGN="CENTER" VALIGN="MIDDLE" HEIGHT="60">C5</TD>
<TD WIDTH="78" USERMARK="F-9  BC0XD9D9D9" ALIGN="CENTER" VALIGN="MIDDLE" HEIGHT="60">수수료미징구-오프라인-보수체감</TD>
<TD WIDTH="57" ALIGN="CENTER" VALIGN="MIDDLE" USERMARK="F-9 B" HEIGHT="60">0.700</TD>
<TD WIDTH="59" ALIGN="CENTER" VALIGN="MIDDLE" USERMARK="F-9 B" HEIGHT="60">0.750</TD>
<TD WIDTH="57" ALIGN="CENTER" VALIGN="MIDDLE" USERMARK="F-9 " HEIGHT="60">0.030</TD>
<TD WIDTH="60" ALIGN="CENTER" VALIGN="MIDDLE" USERMARK="F-9 " HEIGHT="60">0.015</TD>
<TD WIDTH="52" ALIGN="CENTER" VALIGN="MIDDLE" USERMARK="F-9 B" HEIGHT="60">1.495</TD>
<TD WIDTH="52" ALIGN="CENTER" VALIGN="MIDDLE" USERMARK="F-9 " HEIGHT="60">0.0022 </TD>
<TD WIDTH="64" ALIGN="CENTER" VALIGN="MIDDLE" USERMARK="F-9 B" HEIGHT="60">1.4972 </TD>
<TD WIDTH="55" ALIGN="CENTER" VALIGN="MIDDLE" USERMARK="F-9 " HEIGHT="60">-</TD>
<TD WIDTH="48" ALIGN="CENTER" VALIGN="MIDDLE" USERMARK="F-9 B" HEIGHT="60">1.4972 </TD>
<TD WIDTH="57" ALIGN="CENTER" VALIGN="MIDDLE" USERMARK="F-9 " HEIGHT="60">0.2311 </TD>
</TR>

<TR ACOPY="Y" ADELETE="Y" HEIGHT="47">
<TD WIDTH="17" USERMARK="F-9  BC0XD9D9D9" ALIGN="CENTER" VALIGN="MIDDLE" HEIGHT="40">C-E</TD>
<TD WIDTH="78" USERMARK="F-9  BC0XD9D9D9" ALIGN="CENTER" VALIGN="MIDDLE" HEIGHT="40">수수료미징구-온라인</TD>
<TD WIDTH="57" ALIGN="CENTER" VALIGN="MIDDLE" USERMARK="F-9 B" HEIGHT="40">0.700</TD>
<TD WIDTH="59" ALIGN="CENTER" VALIGN="MIDDLE" USERMARK="F-9 B" HEIGHT="40">0.500</TD>
<TD WIDTH="57" ALIGN="CENTER" VALIGN="MIDDLE" USERMARK="F-9 " HEIGHT="40">0.030</TD>
<TD WIDTH="60" ALIGN="CENTER" VALIGN="MIDDLE" USERMARK="F-9 " HEIGHT="40">0.015</TD>
<TD WIDTH="52" ALIGN="CENTER" VALIGN="MIDDLE" USERMARK="F-9 B" HEIGHT="40">1.245</TD>
<TD WIDTH="52" ALIGN="CENTER" VALIGN="MIDDLE" USERMARK="F-9 " HEIGHT="40">0.000 </TD>
<TD WIDTH="64" ALIGN="CENTER" VALIGN="MIDDLE" USERMARK="F-9 B" HEIGHT="40">1.2450 </TD>
<TD WIDTH="55" ALIGN="CENTER" VALIGN="MIDDLE" USERMARK="F-9 " HEIGHT="40">1.170 </TD>
<TD WIDTH="48" ALIGN="CENTER" VALIGN="MIDDLE" USERMARK="F-9 B" HEIGHT="40">1.2450 </TD>
<TD WIDTH="57" ALIGN="CENTER" VALIGN="MIDDLE" USERMARK="F-9 " HEIGHT="40">0.2308 </TD>
</TR>

<TR ACOPY="Y" ADELETE="Y" HEIGHT="47">
<TD WIDTH="17" USERMARK="F-9  BC0XD9D9D9" ALIGN="CENTER" VALIGN="MIDDLE" HEIGHT="40">C-F</TD>
<TD WIDTH="78" USERMARK="F-9  BC0XD9D9D9" ALIGN="CENTER" VALIGN="MIDDLE" HEIGHT="40">수수료미징구-오프라인-기관</TD>
<TD WIDTH="57" ALIGN="CENTER" VALIGN="MIDDLE" USERMARK="F-9 B" HEIGHT="40">0.700</TD>
<TD WIDTH="59" ALIGN="CENTER" VALIGN="MIDDLE" USERMARK="F-9 " HEIGHT="40">0.030</TD>
<TD WIDTH="57" ALIGN="CENTER" VALIGN="MIDDLE" USERMARK="F-9 " HEIGHT="40">0.030</TD>
<TD WIDTH="60" ALIGN="CENTER" VALIGN="MIDDLE" USERMARK="F-9 " HEIGHT="40">0.015</TD>
<TD WIDTH="52" ALIGN="CENTER" VALIGN="MIDDLE" USERMARK="F-9 B" HEIGHT="40">0.775</TD>
<TD WIDTH="52" ALIGN="CENTER" VALIGN="MIDDLE" USERMARK="F-9 " HEIGHT="40">0.000 </TD>
<TD WIDTH="64" ALIGN="CENTER" VALIGN="MIDDLE" USERMARK="F-9 B" HEIGHT="40">0.7750 </TD>
<TD WIDTH="55" ALIGN="CENTER" VALIGN="MIDDLE" USERMARK="F-9 " HEIGHT="40">- </TD>
<TD WIDTH="48" ALIGN="CENTER" VALIGN="MIDDLE" USERMARK="F-9 B" HEIGHT="40">0.7750 </TD>
<TD WIDTH="57" ALIGN="CENTER" VALIGN="MIDDLE" USERMARK="F-9 " HEIGHT="40">0.0000 </TD>
</TR>

<TR ACOPY="Y" ADELETE="Y" HEIGHT="47">
<TD WIDTH="17" USERMARK="F-9  BC0XD9D9D9" ALIGN="CENTER" VALIGN="MIDDLE" HEIGHT="40">C-W</TD>
<TD WIDTH="78" USERMARK="F-9  BC0XD9D9D9" ALIGN="CENTER" VALIGN="MIDDLE" HEIGHT="40">수수료미징구-오프라인-랩</TD>
<TD WIDTH="57" ALIGN="CENTER" VALIGN="MIDDLE" USERMARK="F-9 B" HEIGHT="40">0.700</TD>
<TD WIDTH="59" ALIGN="CENTER" VALIGN="MIDDLE" USERMARK="F-9 " HEIGHT="40">0.000</TD>
<TD WIDTH="57" ALIGN="CENTER" VALIGN="MIDDLE" USERMARK="F-9 " HEIGHT="40">0.030</TD>
<TD WIDTH="60" ALIGN="CENTER" VALIGN="MIDDLE" USERMARK="F-9 " HEIGHT="40">0.015</TD>
<TD WIDTH="52" ALIGN="CENTER" VALIGN="MIDDLE" USERMARK="F-9 B" HEIGHT="40">0.745</TD>
<TD WIDTH="52" ALIGN="CENTER" VALIGN="MIDDLE" USERMARK="F-9 " HEIGHT="40">0.000 </TD>
<TD WIDTH="64" ALIGN="CENTER" VALIGN="MIDDLE" USERMARK="F-9 B" HEIGHT="40">0.7450 </TD>
<TD WIDTH="55" ALIGN="CENTER" VALIGN="MIDDLE" USERMARK="F-9 " HEIGHT="40">-</TD>
<TD WIDTH="48" ALIGN="CENTER" VALIGN="MIDDLE" USERMARK="F-9 B" HEIGHT="40">0.7450 </TD>
<TD WIDTH="57" ALIGN="CENTER" VALIGN="MIDDLE" USERMARK="F-9 " HEIGHT="40">0.0000 </TD>
</TR>

<TR ACOPY="Y" ADELETE="Y" HEIGHT="67">
<TD WIDTH="17" USERMARK="F-9  BC0XD9D9D9" ALIGN="CENTER" VALIGN="MIDDLE" HEIGHT="60">AG</TD>
<TD WIDTH="78" USERMARK="F-9  BC0XD9D9D9" ALIGN="CENTER" VALIGN="MIDDLE" HEIGHT="60">수수료선취-오프라인-무권유저비용</TD>
<TD WIDTH="57" ALIGN="CENTER" VALIGN="MIDDLE" USERMARK="F-9 B" HEIGHT="60">0.700</TD>
<TD WIDTH="59" ALIGN="CENTER" VALIGN="MIDDLE" USERMARK="F-9 B" HEIGHT="60">0.350</TD>
<TD WIDTH="57" ALIGN="CENTER" VALIGN="MIDDLE" USERMARK="F-9 " HEIGHT="60">0.030</TD>
<TD WIDTH="60" ALIGN="CENTER" VALIGN="MIDDLE" USERMARK="F-9 " HEIGHT="60">0.015</TD>
<TD WIDTH="52" ALIGN="CENTER" VALIGN="MIDDLE" USERMARK="F-9 B" HEIGHT="60">1.095</TD>
<TD WIDTH="52" ALIGN="CENTER" VALIGN="MIDDLE" USERMARK="F-9 " HEIGHT="60">0.000 </TD>
<TD WIDTH="64" ALIGN="CENTER" VALIGN="MIDDLE" USERMARK="F-9 B" HEIGHT="60">1.0950 </TD>
<TD WIDTH="55" ALIGN="CENTER" VALIGN="MIDDLE" USERMARK="F-9 " HEIGHT="60">-</TD>
<TD WIDTH="48" ALIGN="CENTER" VALIGN="MIDDLE" USERMARK="F-9 B" HEIGHT="60">1.0950 </TD>
<TD WIDTH="57" ALIGN="CENTER" VALIGN="MIDDLE" USERMARK="F-9 " HEIGHT="60">0.0000 </TD>
</TR>

<TR ACOPY="Y" ADELETE="Y" HEIGHT="67">
<TD WIDTH="17" USERMARK="F-9  BC0XD9D9D9" ALIGN="CENTER" VALIGN="MIDDLE" HEIGHT="60">CG</TD>
<TD WIDTH="78" USERMARK="F-9  BC0XD9D9D9" ALIGN="CENTER" VALIGN="MIDDLE" HEIGHT="60">수수료미징구-오프라인-무권유저비용</TD>
<TD WIDTH="57" ALIGN="CENTER" VALIGN="MIDDLE" USERMARK="F-9 B" HEIGHT="60">0.700</TD>
<TD WIDTH="59" ALIGN="CENTER" VALIGN="MIDDLE" USERMARK="F-9 B" HEIGHT="60">0.650</TD>
<TD WIDTH="57" ALIGN="CENTER" VALIGN="MIDDLE" USERMARK="F-9 " HEIGHT="60">0.030</TD>
<TD WIDTH="60" ALIGN="CENTER" VALIGN="MIDDLE" USERMARK="F-9 " HEIGHT="60">0.015</TD>
<TD WIDTH="52" ALIGN="CENTER" VALIGN="MIDDLE" USERMARK="F-9 B" HEIGHT="60">1.395</TD>
<TD WIDTH="52" ALIGN="CENTER" VALIGN="MIDDLE" USERMARK="F-9 " HEIGHT="60">0.000 </TD>
<TD WIDTH="64" ALIGN="CENTER" VALIGN="MIDDLE" USERMARK="F-9 B" HEIGHT="60">1.3950 </TD>
<TD WIDTH="55" ALIGN="CENTER" VALIGN="MIDDLE" USERMARK="F-9 " HEIGHT="60">-</TD>
<TD WIDTH="48" ALIGN="CENTER" VALIGN="MIDDLE" USERMARK="F-9 B" HEIGHT="60">1.3950 </TD>
<TD WIDTH="57" ALIGN="CENTER" VALIGN="MIDDLE" USERMARK="F-9 " HEIGHT="60">0.0000 </TD>
</TR>

<TR ACOPY="Y" ADELETE="Y" HEIGHT="47">
<TD COLSPAN="2" WIDTH="104" USERMARK="F-9  BC0XD9D9D9" ALIGN="CENTER" VALIGN="MIDDLE" HEIGHT="40">지급시기</TD>

<TD COLSPAN="5" WIDTH="321" VALIGN="MIDDLE" HEIGHT="40">
<P USERMARK="F-9  A-C">6개월 후급,</P>
<P USERMARK="F-9  A-C">신탁의 일부해지 및 전부해지 시　</P>
</TD>

<TD WIDTH="52" VALIGN="MIDDLE" HEIGHT="40">
<P USERMARK="F-9  A-C">사유</P>
<P USERMARK="F-9  A-C">발생시</P>
</TD>
<TD WIDTH="64" ALIGN="CENTER" VALIGN="MIDDLE" USERMARK="F-9 " HEIGHT="40">-</TD>
<TD WIDTH="55" ALIGN="CENTER" VALIGN="MIDDLE" USERMARK="F-9 " HEIGHT="40">-</TD>
<TD WIDTH="48" ALIGN="CENTER" VALIGN="MIDDLE" USERMARK="F-9 " HEIGHT="40">-</TD>

<TD WIDTH="57" VALIGN="MIDDLE" HEIGHT="40">
<P USERMARK="F-9  A-C">사유</P>
<P USERMARK="F-9  A-C">발생시</P>
</TD>
</TR>
</TBODY>
</TABLE>
<P USERMARK="F-11 "> </P>
<P USERMARK="F-11 ">※1,000만원을 투자할 경우 투자자가 부담하게 되는 보수 .비용의 투자기간별 예시(누적)</P>

<TABLE BORDER="1" ACLASS="NORMAL" AFIXTABLE="N" WIDTH="750">

<COLGROUP WIDTH="750">
<COL WIDTH="63"></COL>
<COL WIDTH="140"></COL>
<COL WIDTH="217"></COL>
<COL WIDTH="66"></COL>
<COL WIDTH="66"></COL>
<COL WIDTH="66"></COL>
<COL WIDTH="66"></COL>
<COL WIDTH="66"></COL>
</COLGROUP>

<TBODY>

<TR ACOPY="Y" ADELETE="Y" HEIGHT="43">
<TD COLSPAN="3" WIDTH="411" USERMARK="F-9 B 0XFFFFFF BC0X919500" ALIGN="CENTER" VALIGN="MIDDLE" HEIGHT="36">종류형 명칭</TD>
<TD WIDTH="57" USERMARK="F-9 B 0XFFFFFF BC0X919500" ALIGN="CENTER" VALIGN="MIDDLE" HEIGHT="36">1년</TD>
<TD WIDTH="57" USERMARK="F-9 B 0XFFFFFF BC0X919500" ALIGN="CENTER" VALIGN="MIDDLE" HEIGHT="36">2년</TD>
<TD WIDTH="57" USERMARK="F-9 B 0XFFFFFF BC0X919500" ALIGN="CENTER" VALIGN="MIDDLE" HEIGHT="36">3년</TD>
<TD WIDTH="57" USERMARK="F-9 B 0XFFFFFF BC0X919500" ALIGN="CENTER" VALIGN="MIDDLE" HEIGHT="36">5년</TD>
<TD WIDTH="57" USERMARK="F-9 B 0XFFFFFF BC0X919500" ALIGN="CENTER" VALIGN="MIDDLE" HEIGHT="36">10년</TD>
</TR>

<TR ACOPY="Y" ADELETE="Y" HEIGHT="27">
<TD ROWSPAN="2" WIDTH="54" USERMARK="F-9  BC0XD9D9D9" ALIGN="CENTER" VALIGN="MIDDLE" HEIGHT="47">A</TD>
<TD ROWSPAN="2" WIDTH="131" USERMARK="F-9  BC0XD9D9D9" ALIGN="CENTER" VALIGN="MIDDLE" HEIGHT="47">수수료선취-오프라인</TD>
<TD WIDTH="208" ALIGN="CENTER" VALIGN="MIDDLE" USERMARK="F-9 " HEIGHT="20">판매수수료 및 보수ㆍ비용</TD>
<TD WIDTH="57" ALIGN="CENTER" VALIGN="MIDDLE" USERMARK="F-9 B" HEIGHT="20">231</TD>
<TD WIDTH="57" ALIGN="CENTER" VALIGN="MIDDLE" USERMARK="F-9 B" HEIGHT="20">368</TD>
<TD WIDTH="57" ALIGN="CENTER" VALIGN="MIDDLE" USERMARK="F-9 B" HEIGHT="20">512</TD>
<TD WIDTH="57" ALIGN="CENTER" VALIGN="MIDDLE" USERMARK="F-9 B" HEIGHT="20">821</TD>
<TD WIDTH="57" ALIGN="CENTER" VALIGN="MIDDLE" USERMARK="F-9 B" HEIGHT="20">1,742</TD>
</TR>

<TR ACOPY="Y" ADELETE="Y" HEIGHT="27">
<TD WIDTH="208" ALIGN="CENTER" VALIGN="MIDDLE" USERMARK="F-9 " HEIGHT="20">판매수수료 및 합성 총보수ㆍ비용</TD>
<TD WIDTH="57" ALIGN="CENTER" VALIGN="MIDDLE" USERMARK="F-9 B" HEIGHT="20">231</TD>
<TD WIDTH="57" ALIGN="CENTER" VALIGN="MIDDLE" USERMARK="F-9 B" HEIGHT="20">368</TD>
<TD WIDTH="57" ALIGN="CENTER" VALIGN="MIDDLE" USERMARK="F-9 B" HEIGHT="20">512</TD>
<TD WIDTH="57" ALIGN="CENTER" VALIGN="MIDDLE" USERMARK="F-9 B" HEIGHT="20">821</TD>
<TD WIDTH="57" ALIGN="CENTER" VALIGN="MIDDLE" USERMARK="F-9 B" HEIGHT="20">1,742</TD>
</TR>

<TR ACOPY="Y" ADELETE="Y" HEIGHT="27">
<TD ROWSPAN="2" WIDTH="54" USERMARK="F-9  BC0XD9D9D9" ALIGN="CENTER" VALIGN="MIDDLE" HEIGHT="47">C1</TD>
<TD ROWSPAN="2" WIDTH="131" USERMARK="F-9  BC0XD9D9D9" ALIGN="CENTER" VALIGN="MIDDLE" HEIGHT="47">수수료미징구-오프라인-보수체감</TD>
<TD WIDTH="208" ALIGN="CENTER" VALIGN="MIDDLE" USERMARK="F-9 " HEIGHT="20">판매수수료 및 보수ㆍ비용</TD>
<TD WIDTH="57" ALIGN="CENTER" VALIGN="MIDDLE" USERMARK="F-9 B" HEIGHT="20">204</TD>
<TD WIDTH="57" ALIGN="CENTER" VALIGN="MIDDLE" USERMARK="F-9 B" HEIGHT="20">406</TD>
<TD WIDTH="57" ALIGN="CENTER" VALIGN="MIDDLE" USERMARK="F-9 B" HEIGHT="20">603</TD>
<TD WIDTH="57" ALIGN="CENTER" VALIGN="MIDDLE" USERMARK="F-9 B" HEIGHT="20">981</TD>
<TD WIDTH="57" ALIGN="CENTER" VALIGN="MIDDLE" USERMARK="F-9 B" HEIGHT="20">2,062</TD>
</TR>

<TR ACOPY="Y" ADELETE="Y" HEIGHT="27">
<TD WIDTH="208" ALIGN="CENTER" VALIGN="MIDDLE" USERMARK="F-9 " HEIGHT="20">판매수수료 및 합성 총보수ㆍ비용</TD>
<TD WIDTH="57" ALIGN="CENTER" VALIGN="MIDDLE" USERMARK="F-9 B" HEIGHT="20">204</TD>
<TD WIDTH="57" ALIGN="CENTER" VALIGN="MIDDLE" USERMARK="F-9 B" HEIGHT="20">406</TD>
<TD WIDTH="57" ALIGN="CENTER" VALIGN="MIDDLE" USERMARK="F-9 B" HEIGHT="20">603</TD>
<TD WIDTH="57" ALIGN="CENTER" VALIGN="MIDDLE" USERMARK="F-9 B" HEIGHT="20">982</TD>
<TD WIDTH="57" ALIGN="CENTER" VALIGN="MIDDLE" USERMARK="F-9 B" HEIGHT="20">2,064</TD>
</TR>

<TR ACOPY="Y" ADELETE="Y" HEIGHT="27">
<TD ROWSPAN="2" WIDTH="54" USERMARK="F-9  BC0XD9D9D9" ALIGN="CENTER" VALIGN="MIDDLE" HEIGHT="47">C-E</TD>
<TD ROWSPAN="2" WIDTH="131" USERMARK="F-9  BC0XD9D9D9" ALIGN="CENTER" VALIGN="MIDDLE" HEIGHT="47">수수료미징구-온라인</TD>
<TD WIDTH="208" ALIGN="CENTER" VALIGN="MIDDLE" USERMARK="F-9 " HEIGHT="20">판매수수료 및 보수ㆍ비용</TD>
<TD WIDTH="57" ALIGN="CENTER" VALIGN="MIDDLE" USERMARK="F-9 B" HEIGHT="20">128</TD>
<TD WIDTH="57" ALIGN="CENTER" VALIGN="MIDDLE" USERMARK="F-9 B" HEIGHT="20">262</TD>
<TD WIDTH="57" ALIGN="CENTER" VALIGN="MIDDLE" USERMARK="F-9 B" HEIGHT="20">402</TD>
<TD WIDTH="57" ALIGN="CENTER" VALIGN="MIDDLE" USERMARK="F-9 B" HEIGHT="20">705</TD>
<TD WIDTH="57" ALIGN="CENTER" VALIGN="MIDDLE" USERMARK="F-9 B" HEIGHT="20">1,605</TD>
</TR>

<TR ACOPY="Y" ADELETE="Y" HEIGHT="27">
<TD WIDTH="208" ALIGN="CENTER" VALIGN="MIDDLE" USERMARK="F-9 " HEIGHT="20">판매수수료 및 합성 총보수ㆍ비용</TD>
<TD WIDTH="57" ALIGN="CENTER" VALIGN="MIDDLE" USERMARK="F-9 B" HEIGHT="20">128</TD>
<TD WIDTH="57" ALIGN="CENTER" VALIGN="MIDDLE" USERMARK="F-9 B" HEIGHT="20">262</TD>
<TD WIDTH="57" ALIGN="CENTER" VALIGN="MIDDLE" USERMARK="F-9 B" HEIGHT="20">402</TD>
<TD WIDTH="57" ALIGN="CENTER" VALIGN="MIDDLE" USERMARK="F-9 B" HEIGHT="20">705</TD>
<TD WIDTH="57" ALIGN="CENTER" VALIGN="MIDDLE" USERMARK="F-9 B" HEIGHT="20">1,605</TD>
</TR>

<TR ACOPY="Y" ADELETE="Y" HEIGHT="27">
<TD ROWSPAN="2" WIDTH="54" USERMARK="F-9  BC0XD9D9D9" ALIGN="CENTER" VALIGN="MIDDLE" HEIGHT="47">C-F</TD>
<TD ROWSPAN="2" WIDTH="131" USERMARK="F-9  BC0XD9D9D9" ALIGN="CENTER" VALIGN="MIDDLE" HEIGHT="47">수수료미징구-오프라인-기관</TD>
<TD WIDTH="208" ALIGN="CENTER" VALIGN="MIDDLE" USERMARK="F-9 " HEIGHT="20">판매수수료 및 보수ㆍ비용</TD>
<TD WIDTH="57" ALIGN="CENTER" VALIGN="MIDDLE" USERMARK="F-9 B" HEIGHT="20">79</TD>
<TD WIDTH="57" ALIGN="CENTER" VALIGN="MIDDLE" USERMARK="F-9 B" HEIGHT="20">163</TD>
<TD WIDTH="57" ALIGN="CENTER" VALIGN="MIDDLE" USERMARK="F-9 B" HEIGHT="20">250</TD>
<TD WIDTH="57" ALIGN="CENTER" VALIGN="MIDDLE" USERMARK="F-9 B" HEIGHT="20">439</TD>
<TD WIDTH="57" ALIGN="CENTER" VALIGN="MIDDLE" USERMARK="F-9 B" HEIGHT="20">999</TD>
</TR>

<TR ACOPY="Y" ADELETE="Y" HEIGHT="27">
<TD WIDTH="208" ALIGN="CENTER" VALIGN="MIDDLE" USERMARK="F-9 " HEIGHT="20">판매수수료 및 합성 총보수ㆍ비용</TD>
<TD WIDTH="57" ALIGN="CENTER" VALIGN="MIDDLE" USERMARK="F-9 B" HEIGHT="20">79</TD>
<TD WIDTH="57" ALIGN="CENTER" VALIGN="MIDDLE" USERMARK="F-9 B" HEIGHT="20">163</TD>
<TD WIDTH="57" ALIGN="CENTER" VALIGN="MIDDLE" USERMARK="F-9 B" HEIGHT="20">250</TD>
<TD WIDTH="57" ALIGN="CENTER" VALIGN="MIDDLE" USERMARK="F-9 B" HEIGHT="20">439</TD>
<TD WIDTH="57" ALIGN="CENTER" VALIGN="MIDDLE" USERMARK="F-9 B" HEIGHT="20">999</TD>
</TR>

<TR ACOPY="Y" ADELETE="Y" HEIGHT="27">
<TD ROWSPAN="2" WIDTH="54" USERMARK="F-9  BC0XD9D9D9" ALIGN="CENTER" VALIGN="MIDDLE" HEIGHT="47">C-W</TD>
<TD ROWSPAN="2" WIDTH="131" USERMARK="F-9  BC0XD9D9D9" ALIGN="CENTER" VALIGN="MIDDLE" HEIGHT="47">수수료미징구-오프라인-랩</TD>
<TD WIDTH="208" ALIGN="CENTER" VALIGN="MIDDLE" USERMARK="F-9 " HEIGHT="20">판매수수료 및 보수ㆍ비용</TD>
<TD WIDTH="57" ALIGN="CENTER" VALIGN="MIDDLE" USERMARK="F-9 B" HEIGHT="20">76</TD>
<TD WIDTH="57" ALIGN="CENTER" VALIGN="MIDDLE" USERMARK="F-9 B" HEIGHT="20">157</TD>
<TD WIDTH="57" ALIGN="CENTER" VALIGN="MIDDLE" USERMARK="F-9 B" HEIGHT="20">241</TD>
<TD WIDTH="57" ALIGN="CENTER" VALIGN="MIDDLE" USERMARK="F-9 B" HEIGHT="20">422</TD>
<TD WIDTH="57" ALIGN="CENTER" VALIGN="MIDDLE" USERMARK="F-9 B" HEIGHT="20">960</TD>
</TR>

<TR ACOPY="Y" ADELETE="Y" HEIGHT="27">
<TD WIDTH="208" ALIGN="CENTER" VALIGN="MIDDLE" USERMARK="F-9 " HEIGHT="20">판매수수료 및 합성 총보수ㆍ비용</TD>
<TD WIDTH="57" ALIGN="CENTER" VALIGN="MIDDLE" USERMARK="F-9 B" HEIGHT="20">76</TD>
<TD WIDTH="57" ALIGN="CENTER" VALIGN="MIDDLE" USERMARK="F-9 B" HEIGHT="20">157</TD>
<TD WIDTH="57" ALIGN="CENTER" VALIGN="MIDDLE" USERMARK="F-9 B" HEIGHT="20">241</TD>
<TD WIDTH="57" ALIGN="CENTER" VALIGN="MIDDLE" USERMARK="F-9 B" HEIGHT="20">422</TD>
<TD WIDTH="57" ALIGN="CENTER" VALIGN="MIDDLE" USERMARK="F-9 B" HEIGHT="20">960</TD>
</TR>

<TR ACOPY="Y" ADELETE="Y" HEIGHT="27">
<TD ROWSPAN="2" WIDTH="54" USERMARK="F-9  BC0XD9D9D9" ALIGN="CENTER" VALIGN="MIDDLE" HEIGHT="47">AG</TD>
<TD ROWSPAN="2" WIDTH="131" USERMARK="F-9  BC0XD9D9D9" ALIGN="CENTER" VALIGN="MIDDLE" HEIGHT="47">수수료선취-오프라인-무권유저비용</TD>
<TD WIDTH="208" ALIGN="CENTER" VALIGN="MIDDLE" USERMARK="F-9 " HEIGHT="20">판매수수료 및 보수ㆍ비용</TD>
<TD WIDTH="57" ALIGN="CENTER" VALIGN="MIDDLE" USERMARK="F-9 B" HEIGHT="20">162</TD>
<TD WIDTH="57" ALIGN="CENTER" VALIGN="MIDDLE" USERMARK="F-9 B" HEIGHT="20">279</TD>
<TD WIDTH="57" ALIGN="CENTER" VALIGN="MIDDLE" USERMARK="F-9 B" HEIGHT="20">402</TD>
<TD WIDTH="57" ALIGN="CENTER" VALIGN="MIDDLE" USERMARK="F-9 B" HEIGHT="20">667</TD>
<TD WIDTH="57" ALIGN="CENTER" VALIGN="MIDDLE" USERMARK="F-9 B" HEIGHT="20">1,454</TD>
</TR>

<TR ACOPY="Y" ADELETE="Y" HEIGHT="27">
<TD WIDTH="208" ALIGN="CENTER" VALIGN="MIDDLE" USERMARK="F-9 " HEIGHT="20">판매수수료 및 합성 총보수ㆍ비용</TD>
<TD WIDTH="57" ALIGN="CENTER" VALIGN="MIDDLE" USERMARK="F-9 B" HEIGHT="20">162</TD>
<TD WIDTH="57" ALIGN="CENTER" VALIGN="MIDDLE" USERMARK="F-9 B" HEIGHT="20">279</TD>
<TD WIDTH="57" ALIGN="CENTER" VALIGN="MIDDLE" USERMARK="F-9 B" HEIGHT="20">402</TD>
<TD WIDTH="57" ALIGN="CENTER" VALIGN="MIDDLE" USERMARK="F-9 B" HEIGHT="20">667</TD>
<TD WIDTH="57" ALIGN="CENTER" VALIGN="MIDDLE" USERMARK="F-9 B" HEIGHT="20">1,454</TD>
</TR>

<TR ACOPY="Y" ADELETE="Y" HEIGHT="27">
<TD ROWSPAN="2" WIDTH="54" USERMARK="F-9  BC0XD9D9D9" ALIGN="CENTER" VALIGN="MIDDLE" HEIGHT="47">CG</TD>
<TD ROWSPAN="2" WIDTH="131" USERMARK="F-9  BC0XD9D9D9" ALIGN="CENTER" VALIGN="MIDDLE" HEIGHT="47">수수료미징구-오프라인-무권유저비용</TD>
<TD WIDTH="208" ALIGN="CENTER" VALIGN="MIDDLE" USERMARK="F-9 " HEIGHT="20">판매수수료 및 보수ㆍ비용</TD>
<TD WIDTH="57" ALIGN="CENTER" VALIGN="MIDDLE" USERMARK="F-9 B" HEIGHT="20">143</TD>
<TD WIDTH="57" ALIGN="CENTER" VALIGN="MIDDLE" USERMARK="F-9 B" HEIGHT="20">293</TD>
<TD WIDTH="57" ALIGN="CENTER" VALIGN="MIDDLE" USERMARK="F-9 B" HEIGHT="20">451</TD>
<TD WIDTH="57" ALIGN="CENTER" VALIGN="MIDDLE" USERMARK="F-9 B" HEIGHT="20">790</TD>
<TD WIDTH="57" ALIGN="CENTER" VALIGN="MIDDLE" USERMARK="F-9 B" HEIGHT="20">1,798</TD>
</TR>

<TR ACOPY="Y" ADELETE="Y" HEIGHT="27">
<TD WIDTH="208" ALIGN="CENTER" VALIGN="MIDDLE" USERMARK="F-9 " HEIGHT="20">판매수수료 및 합성 총보수ㆍ비용</TD>
<TD WIDTH="57" ALIGN="CENTER" VALIGN="MIDDLE" USERMARK="F-9 B" HEIGHT="20">143</TD>
<TD WIDTH="57" ALIGN="CENTER" VALIGN="MIDDLE" USERMARK="F-9 B" HEIGHT="20">293</TD>
<TD WIDTH="57" ALIGN="CENTER" VALIGN="MIDDLE" USERMARK="F-9 B" HEIGHT="20">451</TD>
<TD WIDTH="57" ALIGN="CENTER" VALIGN="MIDDLE" USERMARK="F-9 B" HEIGHT="20">790</TD>
<TD WIDTH="57" ALIGN="CENTER" VALIGN="MIDDLE" USERMARK="F-9 B" HEIGHT="20">1,798</TD>
</TR>
</TBODY>
</TABLE>
<P USERMARK="F-11 "> </P>
<P USERMARK="F-11 B"><변경 후2></P>

<TABLE BORDER="1" ACLASS="NORMAL" AFIXTABLE="N" WIDTH="774">

<COLGROUP WIDTH="774">
<COL WIDTH="26"></COL>
<COL WIDTH="87"></COL>
<COL WIDTH="61"></COL>
<COL WIDTH="66"></COL>
<COL WIDTH="61"></COL>
<COL WIDTH="75"></COL>
<COL WIDTH="70"></COL>
<COL WIDTH="67"></COL>
<COL WIDTH="63"></COL>
<COL WIDTH="62"></COL>
<COL WIDTH="68"></COL>
<COL WIDTH="68"></COL>
</COLGROUP>

<TBODY>

<TR ACOPY="Y" ADELETE="Y" HEIGHT="27">
<TD COLSPAN="2" ROWSPAN="2" WIDTH="104" USERMARK="F-9 B 0XFFFFFF BC0X919500" ALIGN="CENTER" VALIGN="MIDDLE" HEIGHT="107">종류형 명칭</TD>
<TD COLSPAN="10" WIDTH="652" USERMARK="F-9 B 0XFFFFFF BC0X919500" ALIGN="CENTER" HEIGHT="20">지급비율(연간, %)</TD>
</TR>

<TR ACOPY="Y" ADELETE="Y" HEIGHT="87">
<TD WIDTH="52" USERMARK="F-9  0XFFFFFF BC0X919500" ALIGN="CENTER" VALIGN="MIDDLE" HEIGHT="80">집합투자업자보수</TD>
<TD WIDTH="57" USERMARK="F-9  0XFFFFFF BC0X919500" ALIGN="CENTER" VALIGN="MIDDLE" HEIGHT="80">판매회사보수</TD>
<TD WIDTH="52" USERMARK="F-9  0XFFFFFF BC0X919500" ALIGN="CENTER" VALIGN="MIDDLE" HEIGHT="80">수탁회사보수</TD>
<TD WIDTH="66" USERMARK="F-9  0XFFFFFF BC0X919500" ALIGN="CENTER" VALIGN="MIDDLE" HEIGHT="80">일반사무관리회사보수</TD>
<TD WIDTH="61" USERMARK="F-9 B 0XFFFFFF BC0X919500" ALIGN="CENTER" VALIGN="MIDDLE" HEIGHT="80">총 보수</TD>
<TD WIDTH="58" USERMARK="F-9  0XFFFFFF BC0X919500" ALIGN="CENTER" VALIGN="MIDDLE" HEIGHT="80">기타비용주1)</TD>

<TD WIDTH="54" USERMARK="BC0X919500" VALIGN="MIDDLE" HEIGHT="80">
<P USERMARK="F-9 B 0XFFFFFF A-C">총보수.</P>
<P USERMARK="F-9 B 0XFFFFFF A-C">비용</P>
<P USERMARK="F-9 B 0XFFFFFF A-C">주2)</P>
</TD>
<TD WIDTH="53" USERMARK="F-9  0XFFFFFF BC0X919500" ALIGN="CENTER" VALIGN="MIDDLE" HEIGHT="80">(동종유형 총 보수)주3)</TD>

<TD WIDTH="59" USERMARK="BC0X919500" VALIGN="MIDDLE" HEIGHT="80">
<P USERMARK="F-9 B 0XFFFFFF A-C">합성총보수.</P>
<P USERMARK="F-9 B 0XFFFFFF A-C">비용</P>
<P USERMARK="F-9 B 0XFFFFFF A-C">주4)</P>
</TD>
<TD WIDTH="59" USERMARK="F-9  0XFFFFFF BC0X919500" ALIGN="CENTER" VALIGN="MIDDLE" HEIGHT="80">증권거래비용주5)</TD>
</TR>

<TR ACOPY="Y" ADELETE="Y" HEIGHT="47">
<TD WIDTH="17" USERMARK="F-9  BC0XD9D9D9" ALIGN="CENTER" VALIGN="MIDDLE" HEIGHT="40">A</TD>
<TD WIDTH="78" USERMARK="F-9  BC0XD9D9D9" ALIGN="CENTER" VALIGN="MIDDLE" HEIGHT="40">수수료선취-오프라인</TD>
<TD WIDTH="52" ALIGN="CENTER" VALIGN="MIDDLE" USERMARK="F-9 B" HEIGHT="40">0.5826</TD>
<TD WIDTH="57" ALIGN="CENTER" VALIGN="MIDDLE" USERMARK="F-9 B" HEIGHT="40">0.3594</TD>
<TD WIDTH="52" ALIGN="CENTER" VALIGN="MIDDLE" USERMARK="F-9 " HEIGHT="40">0.030</TD>
<TD WIDTH="66" ALIGN="CENTER" VALIGN="MIDDLE" USERMARK="F-9 " HEIGHT="40">0.015</TD>
<TD WIDTH="61" ALIGN="CENTER" VALIGN="MIDDLE" USERMARK="F-9 B" HEIGHT="40">0.9870</TD>
<TD WIDTH="58" ALIGN="CENTER" VALIGN="MIDDLE" USERMARK="F-9 " HEIGHT="40">0.000 </TD>
<TD WIDTH="54" ALIGN="CENTER" VALIGN="MIDDLE" USERMARK="F-9 B" HEIGHT="40">0.9870</TD>
<TD WIDTH="53" ALIGN="CENTER" VALIGN="MIDDLE" USERMARK="F-9 " HEIGHT="40">1.380 </TD>
<TD WIDTH="59" ALIGN="CENTER" VALIGN="MIDDLE" USERMARK="F-9 B" HEIGHT="40">0.9870</TD>
<TD WIDTH="59" ALIGN="CENTER" VALIGN="MIDDLE" USERMARK="F-9 " HEIGHT="40">0.2310 </TD>
</TR>

<TR ACOPY="Y" ADELETE="Y" HEIGHT="67">
<TD WIDTH="17" USERMARK="F-9  BC0XD9D9D9" ALIGN="CENTER" VALIGN="MIDDLE" HEIGHT="60">C1</TD>
<TD WIDTH="78" USERMARK="F-9  BC0XD9D9D9" ALIGN="CENTER" VALIGN="MIDDLE" HEIGHT="60">수수료미징구-오프라인-보수체감</TD>
<TD WIDTH="52" ALIGN="CENTER" VALIGN="MIDDLE" USERMARK="F-9 B" HEIGHT="60">0.5826</TD>
<TD WIDTH="57" ALIGN="CENTER" VALIGN="MIDDLE" USERMARK="F-9 B" HEIGHT="60">1.1000</TD>
<TD WIDTH="52" ALIGN="CENTER" VALIGN="MIDDLE" USERMARK="F-9 " HEIGHT="60">0.030</TD>
<TD WIDTH="66" ALIGN="CENTER" VALIGN="MIDDLE" USERMARK="F-9 " HEIGHT="60">0.015</TD>
<TD WIDTH="61" ALIGN="CENTER" VALIGN="MIDDLE" USERMARK="F-9 B" HEIGHT="60">1.7276</TD>
<TD WIDTH="58" ALIGN="CENTER" VALIGN="MIDDLE" USERMARK="F-9 " HEIGHT="60">0.000 </TD>
<TD WIDTH="54" ALIGN="CENTER" VALIGN="MIDDLE" USERMARK="F-9 B" HEIGHT="60">1.7276</TD>
<TD WIDTH="53" ALIGN="CENTER" VALIGN="MIDDLE" USERMARK="F-9 " HEIGHT="60">1.590 </TD>
<TD WIDTH="59" ALIGN="CENTER" VALIGN="MIDDLE" USERMARK="F-9 B" HEIGHT="60">1.7276</TD>
<TD WIDTH="59" ALIGN="CENTER" VALIGN="MIDDLE" USERMARK="F-9 " HEIGHT="60">0.0000 </TD>
</TR>

<TR ACOPY="Y" ADELETE="Y" HEIGHT="67">
<TD WIDTH="17" USERMARK="F-9  BC0XD9D9D9" ALIGN="CENTER" VALIGN="MIDDLE" HEIGHT="60">C2</TD>
<TD WIDTH="78" USERMARK="F-9  BC0XD9D9D9" ALIGN="CENTER" VALIGN="MIDDLE" HEIGHT="60">수수료미징구-오프라인-보수체감</TD>
<TD WIDTH="52" ALIGN="CENTER" VALIGN="MIDDLE" USERMARK="F-9 B" HEIGHT="60">0.5826</TD>
<TD WIDTH="57" ALIGN="CENTER" VALIGN="MIDDLE" USERMARK="F-9 B" HEIGHT="60">1.0000</TD>
<TD WIDTH="52" ALIGN="CENTER" VALIGN="MIDDLE" USERMARK="F-9 " HEIGHT="60">0.030</TD>
<TD WIDTH="66" ALIGN="CENTER" VALIGN="MIDDLE" USERMARK="F-9 " HEIGHT="60">0.015</TD>
<TD WIDTH="61" ALIGN="CENTER" VALIGN="MIDDLE" USERMARK="F-9 B" HEIGHT="60">1.6276</TD>
<TD WIDTH="58" ALIGN="CENTER" VALIGN="MIDDLE" USERMARK="F-9 " HEIGHT="60">0.000 </TD>
<TD WIDTH="54" ALIGN="CENTER" VALIGN="MIDDLE" USERMARK="F-9 B" HEIGHT="60">1.6276</TD>
<TD WIDTH="53" ALIGN="CENTER" VALIGN="MIDDLE" USERMARK="F-9 " HEIGHT="60">-</TD>
<TD WIDTH="59" ALIGN="CENTER" VALIGN="MIDDLE" USERMARK="F-9 B" HEIGHT="60">1.6276</TD>
<TD WIDTH="59" ALIGN="CENTER" VALIGN="MIDDLE" USERMARK="F-9 " HEIGHT="60">0.0000</TD>
</TR>

<TR ACOPY="Y" ADELETE="Y" HEIGHT="67">
<TD WIDTH="17" USERMARK="F-9  BC0XD9D9D9" ALIGN="CENTER" VALIGN="MIDDLE" HEIGHT="60">C3</TD>
<TD WIDTH="78" USERMARK="F-9  BC0XD9D9D9" ALIGN="CENTER" VALIGN="MIDDLE" HEIGHT="60">수수료미징구-오프라인-보수체감</TD>
<TD WIDTH="52" ALIGN="CENTER" VALIGN="MIDDLE" USERMARK="F-9 B" HEIGHT="60">0.5826</TD>
<TD WIDTH="57" ALIGN="CENTER" VALIGN="MIDDLE" USERMARK="F-9 B" HEIGHT="60">0.9000</TD>
<TD WIDTH="52" ALIGN="CENTER" VALIGN="MIDDLE" USERMARK="F-9 " HEIGHT="60">0.030</TD>
<TD WIDTH="66" ALIGN="CENTER" VALIGN="MIDDLE" USERMARK="F-9 " HEIGHT="60">0.015</TD>
<TD WIDTH="61" ALIGN="CENTER" VALIGN="MIDDLE" USERMARK="F-9 B" HEIGHT="60">1.5276</TD>
<TD WIDTH="58" ALIGN="CENTER" VALIGN="MIDDLE" USERMARK="F-9 " HEIGHT="60">0.000 </TD>
<TD WIDTH="54" ALIGN="CENTER" VALIGN="MIDDLE" USERMARK="F-9 B" HEIGHT="60">1.5276</TD>
<TD WIDTH="53" ALIGN="CENTER" VALIGN="MIDDLE" USERMARK="F-9 " HEIGHT="60">-</TD>
<TD WIDTH="59" ALIGN="CENTER" VALIGN="MIDDLE" USERMARK="F-9 B" HEIGHT="60">1.5276</TD>
<TD WIDTH="59" ALIGN="CENTER" VALIGN="MIDDLE" USERMARK="F-9 " HEIGHT="60">0.0000 </TD>
</TR>

<TR ACOPY="Y" ADELETE="Y" HEIGHT="67">
<TD WIDTH="17" USERMARK="F-9  BC0XD9D9D9" ALIGN="CENTER" VALIGN="MIDDLE" HEIGHT="60">C4</TD>
<TD WIDTH="78" USERMARK="F-9  BC0XD9D9D9" ALIGN="CENTER" VALIGN="MIDDLE" HEIGHT="60">수수료미징구-오프라인-보수체감</TD>
<TD WIDTH="52" ALIGN="CENTER" VALIGN="MIDDLE" USERMARK="F-9 B" HEIGHT="60">0.5826</TD>
<TD WIDTH="57" ALIGN="CENTER" VALIGN="MIDDLE" USERMARK="F-9 B" HEIGHT="60">0.8000</TD>
<TD WIDTH="52" ALIGN="CENTER" VALIGN="MIDDLE" USERMARK="F-9 " HEIGHT="60">0.030</TD>
<TD WIDTH="66" ALIGN="CENTER" VALIGN="MIDDLE" USERMARK="F-9 " HEIGHT="60">0.015</TD>
<TD WIDTH="61" ALIGN="CENTER" VALIGN="MIDDLE" USERMARK="F-9 B" HEIGHT="60">1.4276</TD>
<TD WIDTH="58" ALIGN="CENTER" VALIGN="MIDDLE" USERMARK="F-9 " HEIGHT="60">0.000 </TD>
<TD WIDTH="54" ALIGN="CENTER" VALIGN="MIDDLE" USERMARK="F-9 B" HEIGHT="60">1.4276</TD>
<TD WIDTH="53" ALIGN="CENTER" VALIGN="MIDDLE" USERMARK="F-9 " HEIGHT="60">-</TD>
<TD WIDTH="59" ALIGN="CENTER" VALIGN="MIDDLE" USERMARK="F-9 B" HEIGHT="60">1.4276</TD>
<TD WIDTH="59" ALIGN="CENTER" VALIGN="MIDDLE" USERMARK="F-9 " HEIGHT="60">0.0000 </TD>
</TR>

<TR ACOPY="Y" ADELETE="Y" HEIGHT="67">
<TD WIDTH="17" USERMARK="F-9  BC0XD9D9D9" ALIGN="CENTER" VALIGN="MIDDLE" HEIGHT="60">C5</TD>
<TD WIDTH="78" USERMARK="F-9  BC0XD9D9D9" ALIGN="CENTER" VALIGN="MIDDLE" HEIGHT="60">수수료미징구-오프라인-보수체감</TD>
<TD WIDTH="52" ALIGN="CENTER" VALIGN="MIDDLE" USERMARK="F-9 B" HEIGHT="60">0.5826</TD>
<TD WIDTH="57" ALIGN="CENTER" VALIGN="MIDDLE" USERMARK="F-9 B" HEIGHT="60">0.7000</TD>
<TD WIDTH="52" ALIGN="CENTER" VALIGN="MIDDLE" USERMARK="F-9 " HEIGHT="60">0.030</TD>
<TD WIDTH="66" ALIGN="CENTER" VALIGN="MIDDLE" USERMARK="F-9 " HEIGHT="60">0.015</TD>
<TD WIDTH="61" ALIGN="CENTER" VALIGN="MIDDLE" USERMARK="F-9 B" HEIGHT="60">1.3276</TD>
<TD WIDTH="58" ALIGN="CENTER" VALIGN="MIDDLE" USERMARK="F-9 " HEIGHT="60">0.0022 </TD>
<TD WIDTH="54" ALIGN="CENTER" VALIGN="MIDDLE" USERMARK="F-9 B" HEIGHT="60">1.3298</TD>
<TD WIDTH="53" ALIGN="CENTER" VALIGN="MIDDLE" USERMARK="F-9 " HEIGHT="60">-</TD>
<TD WIDTH="59" ALIGN="CENTER" VALIGN="MIDDLE" USERMARK="F-9 B" HEIGHT="60">1.3298</TD>
<TD WIDTH="59" ALIGN="CENTER" VALIGN="MIDDLE" USERMARK="F-9 " HEIGHT="60">0.2311 </TD>
</TR>

<TR ACOPY="Y" ADELETE="Y" HEIGHT="47">
<TD WIDTH="17" USERMARK="F-9  BC0XD9D9D9" ALIGN="CENTER" VALIGN="MIDDLE" HEIGHT="40">C-E</TD>
<TD WIDTH="78" USERMARK="F-9  BC0XD9D9D9" ALIGN="CENTER" VALIGN="MIDDLE" HEIGHT="40">수수료미징구-온라인</TD>
<TD WIDTH="52" ALIGN="CENTER" VALIGN="MIDDLE" USERMARK="F-9 B" HEIGHT="40">0.5826</TD>
<TD WIDTH="57" ALIGN="CENTER" VALIGN="MIDDLE" USERMARK="F-9 B" HEIGHT="40">0.4500</TD>
<TD WIDTH="52" ALIGN="CENTER" VALIGN="MIDDLE" USERMARK="F-9 " HEIGHT="40">0.030</TD>
<TD WIDTH="66" ALIGN="CENTER" VALIGN="MIDDLE" USERMARK="F-9 " HEIGHT="40">0.015</TD>
<TD WIDTH="61" ALIGN="CENTER" VALIGN="MIDDLE" USERMARK="F-9 B" HEIGHT="40">1.0776</TD>
<TD WIDTH="58" ALIGN="CENTER" VALIGN="MIDDLE" USERMARK="F-9 " HEIGHT="40">0.000 </TD>
<TD WIDTH="54" ALIGN="CENTER" VALIGN="MIDDLE" USERMARK="F-9 B" HEIGHT="40">1.0776</TD>
<TD WIDTH="53" ALIGN="CENTER" VALIGN="MIDDLE" USERMARK="F-9 " HEIGHT="40">1.170 </TD>
<TD WIDTH="59" ALIGN="CENTER" VALIGN="MIDDLE" USERMARK="F-9 B" HEIGHT="40">1.0776</TD>
<TD WIDTH="59" ALIGN="CENTER" VALIGN="MIDDLE" USERMARK="F-9 " HEIGHT="40">0.2308 </TD>
</TR>

<TR ACOPY="Y" ADELETE="Y" HEIGHT="47">
<TD WIDTH="17" USERMARK="F-9  BC0XD9D9D9" ALIGN="CENTER" VALIGN="MIDDLE" HEIGHT="40">C-F</TD>
<TD WIDTH="78" USERMARK="F-9  BC0XD9D9D9" ALIGN="CENTER" VALIGN="MIDDLE" HEIGHT="40">수수료미징구-오프라인-기관</TD>
<TD WIDTH="52" ALIGN="CENTER" VALIGN="MIDDLE" USERMARK="F-9 B" HEIGHT="40">0.5826</TD>
<TD WIDTH="57" ALIGN="CENTER" VALIGN="MIDDLE" USERMARK="F-9 " HEIGHT="40">0.0300</TD>
<TD WIDTH="52" ALIGN="CENTER" VALIGN="MIDDLE" USERMARK="F-9 " HEIGHT="40">0.030</TD>
<TD WIDTH="66" ALIGN="CENTER" VALIGN="MIDDLE" USERMARK="F-9 " HEIGHT="40">0.015</TD>
<TD WIDTH="61" ALIGN="CENTER" VALIGN="MIDDLE" USERMARK="F-9 B" HEIGHT="40">0.6576</TD>
<TD WIDTH="58" ALIGN="CENTER" VALIGN="MIDDLE" USERMARK="F-9 " HEIGHT="40">0.000 </TD>
<TD WIDTH="54" ALIGN="CENTER" VALIGN="MIDDLE" USERMARK="F-9 B" HEIGHT="40">0.6576</TD>
<TD WIDTH="53" ALIGN="CENTER" VALIGN="MIDDLE" USERMARK="F-9 " HEIGHT="40">- </TD>
<TD WIDTH="59" ALIGN="CENTER" VALIGN="MIDDLE" USERMARK="F-9 B" HEIGHT="40">0.6576</TD>
<TD WIDTH="59" ALIGN="CENTER" VALIGN="MIDDLE" USERMARK="F-9 " HEIGHT="40">0.0000 </TD>
</TR>

<TR ACOPY="Y" ADELETE="Y" HEIGHT="47">
<TD WIDTH="17" USERMARK="F-9  BC0XD9D9D9" ALIGN="CENTER" VALIGN="MIDDLE" HEIGHT="40">C-W</TD>
<TD WIDTH="78" USERMARK="F-9  BC0XD9D9D9" ALIGN="CENTER" VALIGN="MIDDLE" HEIGHT="40">수수료미징구-오프라인-랩</TD>
<TD WIDTH="52" ALIGN="CENTER" VALIGN="MIDDLE" USERMARK="F-9 B" HEIGHT="40">0.5826</TD>
<TD WIDTH="57" ALIGN="CENTER" VALIGN="MIDDLE" USERMARK="F-9 " HEIGHT="40">0.0000</TD>
<TD WIDTH="52" ALIGN="CENTER" VALIGN="MIDDLE" USERMARK="F-9 " HEIGHT="40">0.030</TD>
<TD WIDTH="66" ALIGN="CENTER" VALIGN="MIDDLE" USERMARK="F-9 " HEIGHT="40">0.015</TD>
<TD WIDTH="61" ALIGN="CENTER" VALIGN="MIDDLE" USERMARK="F-9 B" HEIGHT="40">0.6276</TD>
<TD WIDTH="58" ALIGN="CENTER" VALIGN="MIDDLE" USERMARK="F-9 " HEIGHT="40">0.000 </TD>
<TD WIDTH="54" ALIGN="CENTER" VALIGN="MIDDLE" USERMARK="F-9 B" HEIGHT="40">0.6276</TD>
<TD WIDTH="53" ALIGN="CENTER" VALIGN="MIDDLE" USERMARK="F-9 " HEIGHT="40">-</TD>
<TD WIDTH="59" ALIGN="CENTER" VALIGN="MIDDLE" USERMARK="F-9 B" HEIGHT="40">0.6276</TD>
<TD WIDTH="59" ALIGN="CENTER" VALIGN="MIDDLE" USERMARK="F-9 " HEIGHT="40">0.0000 </TD>
</TR>

<TR ACOPY="Y" ADELETE="Y" HEIGHT="67">
<TD WIDTH="17" USERMARK="F-9  BC0XD9D9D9" ALIGN="CENTER" VALIGN="MIDDLE" HEIGHT="60">AG</TD>
<TD WIDTH="78" USERMARK="F-9  BC0XD9D9D9" ALIGN="CENTER" VALIGN="MIDDLE" HEIGHT="60">수수료선취-오프라인-무권유저비용</TD>
<TD WIDTH="52" ALIGN="CENTER" VALIGN="MIDDLE" USERMARK="F-9 B" HEIGHT="60">0.5826</TD>
<TD WIDTH="57" ALIGN="CENTER" VALIGN="MIDDLE" USERMARK="F-9 B" HEIGHT="60">0.1700</TD>
<TD WIDTH="52" ALIGN="CENTER" VALIGN="MIDDLE" USERMARK="F-9 " HEIGHT="60">0.030</TD>
<TD WIDTH="66" ALIGN="CENTER" VALIGN="MIDDLE" USERMARK="F-9 " HEIGHT="60">0.015</TD>
<TD WIDTH="61" ALIGN="CENTER" VALIGN="MIDDLE" USERMARK="F-9 B" HEIGHT="60">0.7976</TD>
<TD WIDTH="58" ALIGN="CENTER" VALIGN="MIDDLE" USERMARK="F-9 " HEIGHT="60">0.000 </TD>
<TD WIDTH="54" ALIGN="CENTER" VALIGN="MIDDLE" USERMARK="F-9 B" HEIGHT="60">0.7976</TD>
<TD WIDTH="53" ALIGN="CENTER" VALIGN="MIDDLE" USERMARK="F-9 " HEIGHT="60">-</TD>
<TD WIDTH="59" ALIGN="CENTER" VALIGN="MIDDLE" USERMARK="F-9 B" HEIGHT="60">0.7976</TD>
<TD WIDTH="59" ALIGN="CENTER" VALIGN="MIDDLE" USERMARK="F-9 " HEIGHT="60">0.0000 </TD>
</TR>

<TR ACOPY="Y" ADELETE="Y" HEIGHT="67">
<TD WIDTH="17" USERMARK="F-9  BC0XD9D9D9" ALIGN="CENTER" VALIGN="MIDDLE" HEIGHT="60">CG</TD>
<TD WIDTH="78" USERMARK="F-9  BC0XD9D9D9" ALIGN="CENTER" VALIGN="MIDDLE" HEIGHT="60">수수료미징구-오프라인-무권유저비용</TD>
<TD WIDTH="52" ALIGN="CENTER" VALIGN="MIDDLE" USERMARK="F-9 B" HEIGHT="60">0.5826</TD>
<TD WIDTH="57" ALIGN="CENTER" VALIGN="MIDDLE" USERMARK="F-9 B" HEIGHT="60">0.5000</TD>
<TD WIDTH="52" ALIGN="CENTER" VALIGN="MIDDLE" USERMARK="F-9 " HEIGHT="60">0.030</TD>
<TD WIDTH="66" ALIGN="CENTER" VALIGN="MIDDLE" USERMARK="F-9 " HEIGHT="60">0.015</TD>
<TD WIDTH="61" ALIGN="CENTER" VALIGN="MIDDLE" USERMARK="F-9 B" HEIGHT="60">1.1276</TD>
<TD WIDTH="58" ALIGN="CENTER" VALIGN="MIDDLE" USERMARK="F-9 " HEIGHT="60">0.000 </TD>
<TD WIDTH="54" ALIGN="CENTER" VALIGN="MIDDLE" USERMARK="F-9 B" HEIGHT="60">1.1276 </TD>
<TD WIDTH="53" ALIGN="CENTER" VALIGN="MIDDLE" USERMARK="F-9 " HEIGHT="60">-</TD>
<TD WIDTH="59" ALIGN="CENTER" VALIGN="MIDDLE" USERMARK="F-9 B" HEIGHT="60">1.1276</TD>
<TD WIDTH="59" ALIGN="CENTER" VALIGN="MIDDLE" USERMARK="F-9 " HEIGHT="60">0.0000 </TD>
</TR>

<TR ACOPY="Y" ADELETE="Y" HEIGHT="47">
<TD COLSPAN="2" WIDTH="104" USERMARK="F-9  BC0XD9D9D9" ALIGN="CENTER" VALIGN="MIDDLE" HEIGHT="40">지급시기</TD>

<TD COLSPAN="5" WIDTH="324" VALIGN="MIDDLE" HEIGHT="40">
<P USERMARK="F-9  A-C">6개월 후급,</P>
<P USERMARK="F-9  A-C">신탁의 일부해지 및 전부해지 시　</P>
</TD>

<TD WIDTH="58" VALIGN="MIDDLE" HEIGHT="40">
<P USERMARK="F-9  A-C">사유</P>
<P USERMARK="F-9  A-C">발생시</P>
</TD>
<TD WIDTH="54" ALIGN="CENTER" VALIGN="MIDDLE" USERMARK="F-9 " HEIGHT="40">-</TD>
<TD WIDTH="53" ALIGN="CENTER" VALIGN="MIDDLE" USERMARK="F-9 " HEIGHT="40">-</TD>
<TD WIDTH="59" ALIGN="CENTER" VALIGN="MIDDLE" USERMARK="F-9 " HEIGHT="40">-</TD>

<TD WIDTH="59" VALIGN="MIDDLE" HEIGHT="40">
<P USERMARK="F-9  A-C">사유</P>
<P USERMARK="F-9  A-C">발생시</P>
</TD>
</TR>
</TBODY>
</TABLE>
<P USERMARK="F-11 "> </P>
<P USERMARK="F-11 ">※1,000만원을 투자할 경우 투자자가 부담하게 되는 보수 .비용의 투자기간별 예시(누적)</P>

<TABLE BORDER="1" ACLASS="NORMAL" AFIXTABLE="N" WIDTH="750">

<COLGROUP WIDTH="750">
<COL WIDTH="63"></COL>
<COL WIDTH="140"></COL>
<COL WIDTH="217"></COL>
<COL WIDTH="66"></COL>
<COL WIDTH="66"></COL>
<COL WIDTH="66"></COL>
<COL WIDTH="66"></COL>
<COL WIDTH="66"></COL>
</COLGROUP>

<TBODY>

<TR ACOPY="Y" ADELETE="Y" HEIGHT="43">
<TD COLSPAN="3" WIDTH="411" USERMARK="F-9 B 0XFFFFFF BC0X919500" ALIGN="CENTER" VALIGN="MIDDLE" HEIGHT="36">종류형 명칭</TD>
<TD WIDTH="57" USERMARK="F-9 B 0XFFFFFF BC0X919500" ALIGN="CENTER" VALIGN="MIDDLE" HEIGHT="36">1년</TD>
<TD WIDTH="57" USERMARK="F-9 B 0XFFFFFF BC0X919500" ALIGN="CENTER" VALIGN="MIDDLE" HEIGHT="36">2년</TD>
<TD WIDTH="57" USERMARK="F-9 B 0XFFFFFF BC0X919500" ALIGN="CENTER" VALIGN="MIDDLE" HEIGHT="36">3년</TD>
<TD WIDTH="57" USERMARK="F-9 B 0XFFFFFF BC0X919500" ALIGN="CENTER" VALIGN="MIDDLE" HEIGHT="36">5년</TD>
<TD WIDTH="57" USERMARK="F-9 B 0XFFFFFF BC0X919500" ALIGN="CENTER" VALIGN="MIDDLE" HEIGHT="36">10년</TD>
</TR>

<TR ACOPY="Y" ADELETE="Y" HEIGHT="27">
<TD ROWSPAN="2" WIDTH="54" USERMARK="F-9  BC0XD9D9D9" ALIGN="CENTER" VALIGN="MIDDLE" HEIGHT="47">A</TD>
<TD ROWSPAN="2" WIDTH="131" USERMARK="F-9  BC0XD9D9D9" ALIGN="CENTER" VALIGN="MIDDLE" HEIGHT="47">수수료선취-오프라인</TD>
<TD WIDTH="208" ALIGN="CENTER" VALIGN="MIDDLE" USERMARK="F-9 " HEIGHT="20">판매수수료 및 보수ㆍ비용</TD>
<TD WIDTH="57" ALIGN="CENTER" VALIGN="MIDDLE" USERMARK="F-9 B" HEIGHT="20">200</TD>
<TD WIDTH="57" ALIGN="CENTER" VALIGN="MIDDLE" USERMARK="F-9 B" HEIGHT="20">305</TD>
<TD WIDTH="57" ALIGN="CENTER" VALIGN="MIDDLE" USERMARK="F-9 B" HEIGHT="20">416</TD>
<TD WIDTH="57" ALIGN="CENTER" VALIGN="MIDDLE" USERMARK="F-9 B" HEIGHT="20">653</TD>
<TD WIDTH="57" ALIGN="CENTER" VALIGN="MIDDLE" USERMARK="F-9 B" HEIGHT="20">1,359</TD>
</TR>

<TR ACOPY="Y" ADELETE="Y" HEIGHT="27">
<TD WIDTH="208" ALIGN="CENTER" VALIGN="MIDDLE" USERMARK="F-9 " HEIGHT="20">판매수수료 및 합성 총보수ㆍ비용</TD>
<TD WIDTH="57" ALIGN="CENTER" VALIGN="MIDDLE" USERMARK="F-9 B" HEIGHT="20">200</TD>
<TD WIDTH="57" ALIGN="CENTER" VALIGN="MIDDLE" USERMARK="F-9 B" HEIGHT="20">305</TD>
<TD WIDTH="57" ALIGN="CENTER" VALIGN="MIDDLE" USERMARK="F-9 B" HEIGHT="20">416</TD>
<TD WIDTH="57" ALIGN="CENTER" VALIGN="MIDDLE" USERMARK="F-9 B" HEIGHT="20">653</TD>
<TD WIDTH="57" ALIGN="CENTER" VALIGN="MIDDLE" USERMARK="F-9 B" HEIGHT="20">1,359</TD>
</TR>

<TR ACOPY="Y" ADELETE="Y" HEIGHT="27">
<TD ROWSPAN="2" WIDTH="54" USERMARK="F-9  BC0XD9D9D9" ALIGN="CENTER" VALIGN="MIDDLE" HEIGHT="47">C1</TD>
<TD ROWSPAN="2" WIDTH="131" USERMARK="F-9  BC0XD9D9D9" ALIGN="CENTER" VALIGN="MIDDLE" HEIGHT="47">수수료미징구-오프라인-보수체감</TD>
<TD WIDTH="208" ALIGN="CENTER" VALIGN="MIDDLE" USERMARK="F-9 " HEIGHT="20">판매수수료 및 보수ㆍ비용</TD>
<TD WIDTH="57" ALIGN="CENTER" VALIGN="MIDDLE" USERMARK="F-9 B" HEIGHT="20">177</TD>
<TD WIDTH="57" ALIGN="CENTER" VALIGN="MIDDLE" USERMARK="F-9 B" HEIGHT="20">352</TD>
<TD WIDTH="57" ALIGN="CENTER" VALIGN="MIDDLE" USERMARK="F-9 B" HEIGHT="20">525</TD>
<TD WIDTH="57" ALIGN="CENTER" VALIGN="MIDDLE" USERMARK="F-9 B" HEIGHT="20">860</TD>
<TD WIDTH="57" ALIGN="CENTER" VALIGN="MIDDLE" USERMARK="F-9 B" HEIGHT="20">1,819</TD>
</TR>

<TR ACOPY="Y" ADELETE="Y" HEIGHT="27">
<TD WIDTH="208" ALIGN="CENTER" VALIGN="MIDDLE" USERMARK="F-9 " HEIGHT="20">판매수수료 및 합성 총보수ㆍ비용</TD>
<TD WIDTH="57" ALIGN="CENTER" VALIGN="MIDDLE" USERMARK="F-9 B" HEIGHT="20">177</TD>
<TD WIDTH="57" ALIGN="CENTER" VALIGN="MIDDLE" USERMARK="F-9 B" HEIGHT="20">352</TD>
<TD WIDTH="57" ALIGN="CENTER" VALIGN="MIDDLE" USERMARK="F-9 B" HEIGHT="20">525</TD>
<TD WIDTH="57" ALIGN="CENTER" VALIGN="MIDDLE" USERMARK="F-9 B" HEIGHT="20">860</TD>
<TD WIDTH="57" ALIGN="CENTER" VALIGN="MIDDLE" USERMARK="F-9 B" HEIGHT="20">1,819</TD>
</TR>

<TR ACOPY="Y" ADELETE="Y" HEIGHT="27">
<TD ROWSPAN="2" WIDTH="54" USERMARK="F-9  BC0XD9D9D9" ALIGN="CENTER" VALIGN="MIDDLE" HEIGHT="47">C-E</TD>
<TD ROWSPAN="2" WIDTH="131" USERMARK="F-9  BC0XD9D9D9" ALIGN="CENTER" VALIGN="MIDDLE" HEIGHT="47">수수료미징구-온라인</TD>
<TD WIDTH="208" ALIGN="CENTER" VALIGN="MIDDLE" USERMARK="F-9 " HEIGHT="20">판매수수료 및 보수ㆍ비용</TD>
<TD WIDTH="57" ALIGN="CENTER" VALIGN="MIDDLE" USERMARK="F-9 B" HEIGHT="20">110</TD>
<TD WIDTH="57" ALIGN="CENTER" VALIGN="MIDDLE" USERMARK="F-9 B" HEIGHT="20">226</TD>
<TD WIDTH="57" ALIGN="CENTER" VALIGN="MIDDLE" USERMARK="F-9 B" HEIGHT="20">348</TD>
<TD WIDTH="57" ALIGN="CENTER" VALIGN="MIDDLE" USERMARK="F-9 B" HEIGHT="20">610</TD>
<TD WIDTH="57" ALIGN="CENTER" VALIGN="MIDDLE" USERMARK="F-9 B" HEIGHT="20">1,389</TD>
</TR>

<TR ACOPY="Y" ADELETE="Y" HEIGHT="27">
<TD WIDTH="208" ALIGN="CENTER" VALIGN="MIDDLE" USERMARK="F-9 " HEIGHT="20">판매수수료 및 합성 총보수ㆍ비용</TD>
<TD WIDTH="57" ALIGN="CENTER" VALIGN="MIDDLE" USERMARK="F-9 B" HEIGHT="20">110</TD>
<TD WIDTH="57" ALIGN="CENTER" VALIGN="MIDDLE" USERMARK="F-9 B" HEIGHT="20">226</TD>
<TD WIDTH="57" ALIGN="CENTER" VALIGN="MIDDLE" USERMARK="F-9 B" HEIGHT="20">348</TD>
<TD WIDTH="57" ALIGN="CENTER" VALIGN="MIDDLE" USERMARK="F-9 B" HEIGHT="20">610</TD>
<TD WIDTH="57" ALIGN="CENTER" VALIGN="MIDDLE" USERMARK="F-9 B" HEIGHT="20">1,389</TD>
</TR>

<TR ACOPY="Y" ADELETE="Y" HEIGHT="27">
<TD ROWSPAN="2" WIDTH="54" USERMARK="F-9  BC0XD9D9D9" ALIGN="CENTER" VALIGN="MIDDLE" HEIGHT="47">C-F</TD>
<TD ROWSPAN="2" WIDTH="131" USERMARK="F-9  BC0XD9D9D9" ALIGN="CENTER" VALIGN="MIDDLE" HEIGHT="47">수수료미징구-오프라인-기관</TD>
<TD WIDTH="208" ALIGN="CENTER" VALIGN="MIDDLE" USERMARK="F-9 " HEIGHT="20">판매수수료 및 보수ㆍ비용</TD>
<TD WIDTH="57" ALIGN="CENTER" VALIGN="MIDDLE" USERMARK="F-9 B" HEIGHT="20">67</TD>
<TD WIDTH="57" ALIGN="CENTER" VALIGN="MIDDLE" USERMARK="F-9 B" HEIGHT="20">138</TD>
<TD WIDTH="57" ALIGN="CENTER" VALIGN="MIDDLE" USERMARK="F-9 B" HEIGHT="20">212</TD>
<TD WIDTH="57" ALIGN="CENTER" VALIGN="MIDDLE" USERMARK="F-9 B" HEIGHT="20">372</TD>
<TD WIDTH="57" ALIGN="CENTER" VALIGN="MIDDLE" USERMARK="F-9 B" HEIGHT="20">848</TD>
</TR>

<TR ACOPY="Y" ADELETE="Y" HEIGHT="27">
<TD WIDTH="208" ALIGN="CENTER" VALIGN="MIDDLE" USERMARK="F-9 " HEIGHT="20">판매수수료 및 합성 총보수ㆍ비용</TD>
<TD WIDTH="57" ALIGN="CENTER" VALIGN="MIDDLE" USERMARK="F-9 B" HEIGHT="20">67</TD>
<TD WIDTH="57" ALIGN="CENTER" VALIGN="MIDDLE" USERMARK="F-9 B" HEIGHT="20">138</TD>
<TD WIDTH="57" ALIGN="CENTER" VALIGN="MIDDLE" USERMARK="F-9 B" HEIGHT="20">212</TD>
<TD WIDTH="57" ALIGN="CENTER" VALIGN="MIDDLE" USERMARK="F-9 B" HEIGHT="20">372</TD>
<TD WIDTH="57" ALIGN="CENTER" VALIGN="MIDDLE" USERMARK="F-9 B" HEIGHT="20">848</TD>
</TR>

<TR ACOPY="Y" ADELETE="Y" HEIGHT="27">
<TD ROWSPAN="2" WIDTH="54" USERMARK="F-9  BC0XD9D9D9" ALIGN="CENTER" VALIGN="MIDDLE" HEIGHT="47">C-W</TD>
<TD ROWSPAN="2" WIDTH="131" USERMARK="F-9  BC0XD9D9D9" ALIGN="CENTER" VALIGN="MIDDLE" HEIGHT="47">수수료미징구-오프라인-랩</TD>
<TD WIDTH="208" ALIGN="CENTER" VALIGN="MIDDLE" USERMARK="F-9 " HEIGHT="20">판매수수료 및 보수ㆍ비용</TD>
<TD WIDTH="57" ALIGN="CENTER" VALIGN="MIDDLE" USERMARK="F-9 B" HEIGHT="20">64</TD>
<TD WIDTH="57" ALIGN="CENTER" VALIGN="MIDDLE" USERMARK="F-9 B" HEIGHT="20">132</TD>
<TD WIDTH="57" ALIGN="CENTER" VALIGN="MIDDLE" USERMARK="F-9 B" HEIGHT="20">203</TD>
<TD WIDTH="57" ALIGN="CENTER" VALIGN="MIDDLE" USERMARK="F-9 B" HEIGHT="20">355</TD>
<TD WIDTH="57" ALIGN="CENTER" VALIGN="MIDDLE" USERMARK="F-9 B" HEIGHT="20">809</TD>
</TR>

<TR ACOPY="Y" ADELETE="Y" HEIGHT="27">
<TD WIDTH="208" ALIGN="CENTER" VALIGN="MIDDLE" USERMARK="F-9 " HEIGHT="20">판매수수료 및 합성 총보수ㆍ비용</TD>
<TD WIDTH="57" ALIGN="CENTER" VALIGN="MIDDLE" USERMARK="F-9 B" HEIGHT="20">64</TD>
<TD WIDTH="57" ALIGN="CENTER" VALIGN="MIDDLE" USERMARK="F-9 B" HEIGHT="20">132</TD>
<TD WIDTH="57" ALIGN="CENTER" VALIGN="MIDDLE" USERMARK="F-9 B" HEIGHT="20">203</TD>
<TD WIDTH="57" ALIGN="CENTER" VALIGN="MIDDLE" USERMARK="F-9 B" HEIGHT="20">355</TD>
<TD WIDTH="57" ALIGN="CENTER" VALIGN="MIDDLE" USERMARK="F-9 B" HEIGHT="20">809</TD>
</TR>

<TR ACOPY="Y" ADELETE="Y" HEIGHT="27">
<TD ROWSPAN="2" WIDTH="54" USERMARK="F-9  BC0XD9D9D9" ALIGN="CENTER" VALIGN="MIDDLE" HEIGHT="47">AG</TD>
<TD ROWSPAN="2" WIDTH="131" USERMARK="F-9  BC0XD9D9D9" ALIGN="CENTER" VALIGN="MIDDLE" HEIGHT="47">수수료선취-오프라인-무권유저비용</TD>
<TD WIDTH="208" ALIGN="CENTER" VALIGN="MIDDLE" USERMARK="F-9 " HEIGHT="20">판매수수료 및 보수ㆍ비용</TD>
<TD WIDTH="57" ALIGN="CENTER" VALIGN="MIDDLE" USERMARK="F-9 B" HEIGHT="20">131</TD>
<TD WIDTH="57" ALIGN="CENTER" VALIGN="MIDDLE" USERMARK="F-9 B" HEIGHT="20">217</TD>
<TD WIDTH="57" ALIGN="CENTER" VALIGN="MIDDLE" USERMARK="F-9 B" HEIGHT="20">306</TD>
<TD WIDTH="57" ALIGN="CENTER" VALIGN="MIDDLE" USERMARK="F-9 B" HEIGHT="20">499</TD>
<TD WIDTH="57" ALIGN="CENTER" VALIGN="MIDDLE" USERMARK="F-9 B" HEIGHT="20">1,073</TD>
</TR>

<TR ACOPY="Y" ADELETE="Y" HEIGHT="27">
<TD WIDTH="208" ALIGN="CENTER" VALIGN="MIDDLE" USERMARK="F-9 " HEIGHT="20">판매수수료 및 합성 총보수ㆍ비용</TD>
<TD WIDTH="57" ALIGN="CENTER" VALIGN="MIDDLE" USERMARK="F-9 B" HEIGHT="20">131</TD>
<TD WIDTH="57" ALIGN="CENTER" VALIGN="MIDDLE" USERMARK="F-9 B" HEIGHT="20">217</TD>
<TD WIDTH="57" ALIGN="CENTER" VALIGN="MIDDLE" USERMARK="F-9 B" HEIGHT="20">306</TD>
<TD WIDTH="57" ALIGN="CENTER" VALIGN="MIDDLE" USERMARK="F-9 B" HEIGHT="20">499</TD>
<TD WIDTH="57" ALIGN="CENTER" VALIGN="MIDDLE" USERMARK="F-9 B" HEIGHT="20">1,073</TD>
</TR>

<TR ACOPY="Y" ADELETE="Y" HEIGHT="27">
<TD ROWSPAN="2" WIDTH="54" USERMARK="F-9  BC0XD9D9D9" ALIGN="CENTER" VALIGN="MIDDLE" HEIGHT="47">CG</TD>
<TD ROWSPAN="2" WIDTH="131" USERMARK="F-9  BC0XD9D9D9" ALIGN="CENTER" VALIGN="MIDDLE" HEIGHT="47">수수료미징구-오프라인-무권유저비용</TD>
<TD WIDTH="208" ALIGN="CENTER" VALIGN="MIDDLE" USERMARK="F-9 " HEIGHT="20">판매수수료 및 보수ㆍ비용</TD>
<TD WIDTH="57" ALIGN="CENTER" VALIGN="MIDDLE" USERMARK="F-9 B" HEIGHT="20">116</TD>
<TD WIDTH="57" ALIGN="CENTER" VALIGN="MIDDLE" USERMARK="F-9 B" HEIGHT="20">237</TD>
<TD WIDTH="57" ALIGN="CENTER" VALIGN="MIDDLE" USERMARK="F-9 B" HEIGHT="20">364</TD>
<TD WIDTH="57" ALIGN="CENTER" VALIGN="MIDDLE" USERMARK="F-9 B" HEIGHT="20">639</TD>
<TD WIDTH="57" ALIGN="CENTER" VALIGN="MIDDLE" USERMARK="F-9 B" HEIGHT="20">1,454</TD>
</TR>

<TR ACOPY="Y" ADELETE="Y" HEIGHT="27">
<TD WIDTH="208" ALIGN="CENTER" VALIGN="MIDDLE" USERMARK="F-9 " HEIGHT="20">판매수수료 및 합성 총보수ㆍ비용</TD>
<TD WIDTH="57" ALIGN="CENTER" VALIGN="MIDDLE" USERMARK="F-9 B" HEIGHT="20">116</TD>
<TD WIDTH="57" ALIGN="CENTER" VALIGN="MIDDLE" USERMARK="F-9 B" HEIGHT="20">237</TD>
<TD WIDTH="57" ALIGN="CENTER" VALIGN="MIDDLE" USERMARK="F-9 B" HEIGHT="20">364</TD>
<TD WIDTH="57" ALIGN="CENTER" VALIGN="MIDDLE" USERMARK="F-9 B" HEIGHT="20">639</TD>
<TD WIDTH="57" ALIGN="CENTER" VALIGN="MIDDLE" USERMARK="F-9 B" HEIGHT="20">1,454</TD>
</TR>
</TBODY>
</TABLE>
<PGBRK></PGBRK>
</CORRECTION>
</LIBRARY>


<COVER>

<TABLE ACLASS="NORMAL" AFIXTABLE="N" WIDTH="602" BORDER="1">

<COLGROUP WIDTH="602">
<COL WIDTH="42"></COL>
<COL WIDTH="42"></COL>
<COL WIDTH="42"></COL>
<COL WIDTH="42"></COL>
<COL WIDTH="42"></COL>
<COL WIDTH="41"></COL>
<COL WIDTH="351"></COL>
</COLGROUP>

<TBODY>

<TR ACOPY="Y" ADELETE="Y" HEIGHT="57">
<TD WIDTH="242" HEIGHT="50" USERMARK="F-13 B BC0X28BFFF" COLSPAN="6"> 투자위험등급 2등급[ 높은 위험 ]</TD>

<TD WIDTH="342" HEIGHT="184" VALIGN="MIDDLE" ROWSPAN="3">
<SPAN USERMARK="F-13 B">하나자산운용(주)는</SPAN>
<SPAN USERMARK="F-13 "> 이 투자신탁의 </SPAN>
<SPAN USERMARK="F-14 B 0X0000FF">실제 수익률 변동성(일간 수익률의 최대손실예상액)</SPAN>
<SPAN USERMARK="F-13 ">을 감안하여 </SPAN>
<SPAN USERMARK="F-13 BU 0X0000FF">2등급</SPAN>
<SPAN USERMARK="F-13 B">으로 분류</SPAN>
<SPAN USERMARK="F-13 ">하였습니다. </SPAN>
<SPAN USERMARK="F-13 B">펀드의 위험 등급은 운용실적, 시장 상황 등에 따라 변경될 수 있다는 점을 유의하여 투자판단을 하시기 바랍니다.</SPAN>
</TD>
</TR>

<TR ACOPY="Y" ADELETE="Y" HEIGHT="30">
<TD ALIGN="CENTER" VALIGN="MIDDLE" WIDTH="33" HEIGHT="23" USERMARK="B 0XFFFFFF BC0X1814FF">1</TD>
<TD ALIGN="CENTER" VALIGN="MIDDLE" WIDTH="33" HEIGHT="23" USERMARK="B BC0X28BFFF">2</TD>
<TD ALIGN="CENTER" VALIGN="MIDDLE" WIDTH="33" HEIGHT="23" USERMARK="B BC0X31FFFF">3</TD>
<TD ALIGN="CENTER" VALIGN="MIDDLE" WIDTH="33" HEIGHT="23" USERMARK="B 0XFFFFFF BC0X54AF00">4</TD>
<TD ALIGN="CENTER" VALIGN="MIDDLE" WIDTH="33" HEIGHT="23" USERMARK="B 0XFFFFFF BC0XEEAE00">5</TD>
<TD ALIGN="CENTER" VALIGN="MIDDLE" WIDTH="32" HEIGHT="23" USERMARK="B 0XFFFFFF BC0X5F2400">6</TD>
</TR>

<TR ACOPY="Y" ADELETE="Y" HEIGHT="104">
<TD ALIGN="CENTER" VALIGN="MIDDLE" WIDTH="33" HEIGHT="97" USERMARK="B 0X1814FF">매우높은위험</TD>
<TD ALIGN="CENTER" VALIGN="MIDDLE" WIDTH="33" HEIGHT="97" USERMARK="B 0X28BFFF">높은위험</TD>
<TD ALIGN="CENTER" VALIGN="MIDDLE" WIDTH="33" HEIGHT="97" USERMARK="B 0X57CF8A">다소높은위험</TD>
<TD ALIGN="CENTER" VALIGN="MIDDLE" WIDTH="33" HEIGHT="97" USERMARK="B 0XEEAE00">보통위험</TD>
<TD ALIGN="CENTER" VALIGN="MIDDLE" WIDTH="33" HEIGHT="97" USERMARK="B 0XBD6F00">낮은위험</TD>
<TD ALIGN="CENTER" VALIGN="MIDDLE" WIDTH="32" HEIGHT="97" USERMARK="B 0X9D3272">매우낮은위험</TD>
</TR>
</TBODY>
</TABLE>
<P></P>
<COVER-TITLE ATOC="Y" AASSOCNOTE="COVER" ATOCID="2" ENG="Prospectus">투 자 설 명 서</COVER-TITLE>

<P>이 투자설명서는 
<SPAN USERMARK="B">'하나대한민국1호증권자투자신탁[주식]</SPAN>'에 대한 자세한 내용을 담고 있습니다.  따라서 
<SPAN USERMARK="B">'하나대한민국1호증권자투자신탁[주식]</SPAN>' 수익증권을 매입하기 전에 이 투자설명서를 읽어보시기 바랍니다.
</P>

<TABLE-GROUP ACLASS="_FUND_MAIN_" ADELETETABLE="N">

<TABLE ACLASS="EXTRACTION" AFIXTABLE="Y" WIDTH="600" BORDER="0">

<COLGROUP WIDTH="600">
<COL WIDTH="171"></COL>
<COL WIDTH="224"></COL>
<COL WIDTH="92"></COL>
<COL WIDTH="85"></COL>
<COL WIDTH="28"></COL>
</COLGROUP>

<TBODY>

<TR ACOPY="N" ADELETE="N" HEIGHT="53">
<TD WIDTH="162" HEIGHT="46" AUPDATECONT="N" ENG="1. Name of the collective investment scheme:">1. 집합투자기구 명칭 :</TD>
<TE WIDTH="215" HEIGHT="46" ACODE="FUND_NAME">하나대한민국1호증권자투자신탁[주식]</TE>
<TD WIDTH="83" HEIGHT="46" AUPDATECONT="N" ENG="(Fund code:">(펀드코드 :</TD>
<TE WIDTH="76" HEIGHT="46" ACODE="FUND_CODE" ALIGN="CENTER">15443</TE>
<TD WIDTH="19" HEIGHT="46" AUPDATECONT="N">)</TD>
</TR>

<TR ACOPY="N" ADELETE="N" HEIGHT="30">
<TD COLSPAN="5" WIDTH="591" HEIGHT="23"></TD>
</TR>

<TR ACOPY="N" ADELETE="N" HEIGHT="30">
<TD WIDTH="162" HEIGHT="23" AUPDATECONT="N" ENG="2. Name of collective investment business entity">2. 집합투자업자 명칭 :</TD>
<TE COLSPAN="4" WIDTH="420" HEIGHT="23" ACODE="FUND_TRD">하나자산운용 주식회사</TE>
</TR>
</TBODY>
</TABLE>
</TABLE-GROUP>
<P></P>

<TABLE ACLASS="NORMAL" AFIXTABLE="N" WIDTH="600" BORDER="0">

<COLGROUP WIDTH="600">
<COL WIDTH="240"></COL>
<COL WIDTH="360"></COL>
</COLGROUP>

<TBODY>

<TR ACOPY="Y" ADELETE="Y" HEIGHT="99">
<TD WIDTH="231" HEIGHT="92">3. 판   매   회   사 :</TD>
<TD WIDTH="351" HEIGHT="92">각 판매회사 본·지점(판매회사에 대한 자세한 내용은 금융투자협회(www.kofia.or.kr) 및 집합투자업자(www.hanaam.com)의 인터넷 홈페이지를 참고하시기 바랍니다.</TD>
</TR>

<TR ACOPY="Y" ADELETE="Y" HEIGHT="53">
<TD WIDTH="231" HEIGHT="46">4. 작 성 기 준 일 :</TD>
<TD WIDTH="351" HEIGHT="46">2025년 01월 13일</TD>
</TR>

<TR ACOPY="Y" ADELETE="Y" HEIGHT="53">
<TD WIDTH="231" HEIGHT="46">5. 증권신고서 효력발생일 :</TD>
<TD WIDTH="351" HEIGHT="46">2026년 01월 07일</TD>
</TR>

<TR ACOPY="Y" ADELETE="Y" HEIGHT="53">
<TD WIDTH="231" HEIGHT="46">6. 모집(매출) 증권의 종류 및 수 :</TD>
<TD WIDTH="351" HEIGHT="46">투자신탁의 수익증권 [5,000억좌]</TD>
</TR>

<TR ACOPY="Y" ADELETE="Y" HEIGHT="53">
<TD WIDTH="231" HEIGHT="46">[모집(매출) 총액 :          ]</TD>
<TD WIDTH="351" HEIGHT="46"></TD>
</TR>

<TR ACOPY="Y" ADELETE="Y" HEIGHT="53">
<TD WIDTH="231" HEIGHT="46">7. 모집(매출) 기간(판매기간) : </TD>
<TD WIDTH="351" HEIGHT="46">이 집합투자기구는 개방형 집합투자기구로서 모집기간을 정하지 아니하고 계속 모집할 수 있습니다.</TD>
</TR>

<TR ACOPY="Y" ADELETE="Y" HEIGHT="30">
<TD WIDTH="231" HEIGHT="23"></TD>
<TD WIDTH="351" HEIGHT="23"></TD>
</TR>

<TR ACOPY="Y" ADELETE="Y" HEIGHT="30">
<TD COLSPAN="2" WIDTH="591" HEIGHT="23">8. 집합투자증권신고서 및 투자설명서의 열람장소</TD>
</TR>

<TR ACOPY="Y" ADELETE="Y" HEIGHT="30">
<TD COLSPAN="2" WIDTH="591" HEIGHT="23">   가. 집합투자증권신고서</TD>
</TR>

<TR ACOPY="Y" ADELETE="Y" HEIGHT="30">
<TD COLSPAN="2" WIDTH="591" HEIGHT="23">                       전자문서 : 금융위(금감원) 전자공시시스템 →  http://dart.fss.or.kr</TD>
</TR>

<TR ACOPY="Y" ADELETE="Y" HEIGHT="30">
<TD COLSPAN="2" WIDTH="591" HEIGHT="23">   나. 투자설명서</TD>
</TR>

<TR ACOPY="Y" ADELETE="Y" HEIGHT="30">
<TD COLSPAN="2" WIDTH="591" HEIGHT="23">                       전자문서 : 금융위(금감원) 전자공시시스템 →  http://dart.fss.or.kr</TD>
</TR>

<TR ACOPY="Y" ADELETE="Y" HEIGHT="30">
<TD COLSPAN="2" WIDTH="591" HEIGHT="23">                       서면문서 : 집합투자업자, 판매회사 및 협회 (전화번호, 홈페이지 주소)</TD>
</TR>

<TR ACOPY="Y" ADELETE="Y" HEIGHT="30">
<TD COLSPAN="2" WIDTH="591" HEIGHT="23">9. (안정조작 또는 시장조성 관련) : 해당사항 없음</TD>
</TR>

<TR ACOPY="Y" ADELETE="Y" HEIGHT="30">
<TD COLSPAN="2" WIDTH="591" HEIGHT="23"></TD>
</TR>

<TR ACOPY="Y" ADELETE="Y" HEIGHT="53">
<TD COLSPAN="2" WIDTH="591" HEIGHT="46">※ 효력발생일까지 증권신고서의 기재사항 중 일부가 변경될 수 있으며, 개방형 집합투자증권인 경우 효력발생일 이후(청약일 이후)에도 변경될 수 있습니다.</TD>
</TR>
</TBODY>
</TABLE>

<TABLE ACLASS="NORMAL" AFIXTABLE="N" WIDTH="600" BORDER="1">

<COLGROUP WIDTH="600">
<COL WIDTH="600"></COL>
</COLGROUP>

<TBODY>

<TR ACOPY="Y" ADELETE="Y" HEIGHT="157">
<TD WIDTH="591" HEIGHT="150" AUPDATECONT="N" USERMARK="F-BT13 B 0X0000FF" ENG="Please note that the Financial Services Commission does not verify the accuracy or truthfulness of the information presented in the prospectus, nor does it guarantee or endorse the value of the securities. Additionally, these collective investment securities are performance-based dividend products not covered by the Depositor Protection Act. Therefore, investing in them carries the risk of potential loss of principal investment. Please exercise caution when considering these investments.">금융위원회가 투자설명서의 기재사항이 진실 또는 정확하다는 것을 인정하거나 그 증권의 가치를 보증 또는 승인하지 아니함을 유의하시기 바랍니다.또한 이 집합투자증권은「예금자보호법」에 의한 보호를 받지 않는 실적배당상품으로 투자원금의 손실이 발생할 수 있으므로 투자에 신중을 기하여 주시기 바랍니다. </TD>
</TR>
</TBODY>
</TABLE>
<PGBRK></PGBRK>
</COVER>

<LIBRARY>
<SECTION-1 ACLASS="MANDATORY" APARTSOURCE="SOURCE">
<TITLE ATOC="Y" ATOCID="3" ENG="[Main Text]">[ 본 문 ]</TITLE>

</SECTION-1></LIBRARY></BODY></DOCUMENT>