<html>
 <head> 
  <meta content="gdi" http-equiv="X-UA-TextLayoutMetrics"> 
  <meta content="text/html; charset=euc-kr" http-equiv="Content-Type"> 
  <STYLE>
.xforms * { font-family: 돋움체;}
.xforms_title * { font-size: 13pt; padding : 0 0 10 0;}

.xforms table {
    font-size: 10px;
    padding:0px;
    border-collapse:collapse;
    color: #3D3D3D;
}
.xforms td {
    padding-left:0px;
    padding-top:0px;
    border-collapse:collapse;
    line-height:22px;
    color: #3D3D3D;
    /*text-align:right;*/
    vertical-align:middle;
    border: 1px solid #7f7f7f;
}

.xforms span {
    /*display: inline-block;*/
    padding-left:3px;
    padding-right: 1px;
    line-height:22px;
    padding-top:0px;
    padding-bottom:0px;
    text-align:left;
    vertical-align:middle;
    border: 0px solid #DBDBDB;
}

.xforms.img{
    border : 0px;
}

.xforms a:link {

    color: #194866;
    text-decoration: none;
}
.xforms a:active {

    color: #194866;
    text-decoration: none;
}
.xforms a:visited {
    color: #194866;
    text-decoration: none;
}

.xforms A:hover {
    color:008BE3;
    text-decoration: none;
}

.xforms_input{
    border: 0px solid #DBDBDB;
    padding-left:3px;
    padding-right: 1px;
    height:22px;
    padding-top:0px;
    padding-bottom:0px;
    text-align:left;
}
</STYLE> 
  <title>아이로보틱스/소송등의판결ㆍ결정/(2026.01.07)소송등의판결ㆍ결정(증거보전(재항고))</title> 
 </head> 
 <body> 
  <div class="xforms"> 
   <div> 
    <span class="noprint" style="display:none;width:600px;font-size:10pt;"> </span> 
    <div class="xforms_title"> 
     <div> 
      <span style="width:592px;font-weight:bold;text-align:center;">소송 등의 판결ㆍ결정</span> 
     </div> 
    </div> 
    <span class="noprint" style="display:none;width:600px;font-size:10pt;"> </span> 
    <table border="1" bordercolordark="white" bordercolorlight="#666666" cellpadding="1" cellspacing="0" id="XFormD1_Form0_Table0" style="margin:0px 0px 20px 0px;width:592px;font-size:10pt;border:1px solid #7f7f7f;"> 
     <tbody> 
      <tr> 
       <td width="226"> <span style="width:226px;font-size:10pt;">1. 사건의 명칭</span> </td> 
       <td width="151"> <span class="xforms_input" style="width:151px;font-size:10pt;">증거보전(재항고)</span> </td> 
       <td width="71"> <span style="width:71px;font-size:10pt;text-align:center;">사건번호</span> </td> 
       <td width="144"> <span class="xforms_input" style="width:144px;font-size:10pt;">2025마8224</span> </td> 
      </tr> 
      <tr> 
       <td width="226"> <span style="width:226px;font-size:10pt;">2. 원고ㆍ신청인</span> </td> 
       <td colspan="3" width="366"> <span class="xforms_input" style="width:366px;font-size:10pt;">최봉진 외 21명</span> </td> 
      </tr> 
      <tr> 
       <td width="226"> <span style="width:226px;font-size:10pt;">3. 판결ㆍ결정내용</span> </td> 
       <td colspan="3" width="366"> <span class="xforms_input" style="width:366px;font-size:10pt;">재항고를 모두 기각한다. <br xmlns:java="http://xml.apache.org/xalan/java"> <br xmlns:java="http://xml.apache.org/xalan/java">재항고비용은 신청인들이 부담한다.</span> </td> 
      </tr> 
      <tr> 
       <td width="226"> <span style="width:226px;font-size:10pt;">4. 판결ㆍ결정사유</span> </td> 
       <td colspan="3" width="366"> <span class="xforms_input" style="width:366px;font-size:10pt;">이 사건 재항고는 「상고심절차에 관한 특례법」 제7조, 제4조에 해당하여 이유 없으므로 위 법 제5조에 의하여 관여 대법관의 일치된 의견으로 주문과 같이 결정한다.</span> </td> 
      </tr> 
      <tr> 
       <td width="226"> <span style="width:226px;font-size:10pt;">5. 관할법원</span> </td> 
       <td colspan="3" width="366"> <span class="xforms_input" style="width:366px;font-size:10pt;">대법원</span> </td> 
      </tr> 
      <tr> 
       <td width="226"> <span style="width:226px;font-size:10pt;">6. 판결ㆍ결정일자</span> </td> 
       <td colspan="3" width="366"> <span class="xforms_input" style="width:366px;font-size:10pt;">2026-01-06</span> </td> 
      </tr> 
      <tr> 
       <td width="226"> <span style="width:226px;font-size:10pt;">7. 확인일자</span> </td> 
       <td colspan="3" width="366"> <span class="xforms_input" style="width:366px;font-size:10pt;">2026-01-07</span> </td> 
      </tr> 
      <tr> 
       <td width="226"> <span style="width:226px;font-size:10pt;">8. 기타 투자판단에 참고할 사항</span> </td> 
       <td colspan="3" width="366"> <span class="xforms_input" style="width:366px;font-size:10pt;">- 상기 7.확인일자는 결정문의 당사 접수일입니다. <br xmlns:java="http://xml.apache.org/xalan/java"> <br xmlns:java="http://xml.apache.org/xalan/java">[관련공시] <br xmlns:java="http://xml.apache.org/xalan/java"> <br xmlns:java="http://xml.apache.org/xalan/java">2025-04-01 소송 등의 제기ㆍ신청(경영권 분쟁 소송)(증거보전신청) <br xmlns:java="http://xml.apache.org/xalan/java">2025-04-08 소송등의판결ㆍ결정(증거보전) <br xmlns:java="http://xml.apache.org/xalan/java">2025-04-09 [기재정정]소송등의판결ㆍ결정(증거보전) <br xmlns:java="http://xml.apache.org/xalan/java">2025-07-10 소송 등의 제기ㆍ신청(경영권 분쟁 소송) <br xmlns:java="http://xml.apache.org/xalan/java">2025-08-25 소송등의판결ㆍ결정(증거보전(항고)) <br xmlns:java="http://xml.apache.org/xalan/java">2025-09-05 소송 등의 제기ㆍ신청(경영권 분쟁 소송)(증거보전(재항고)) <br xmlns:java="http://xml.apache.org/xalan/java">2025-11-12 [기재정정]소송 등의 제기ㆍ신청(경영권 분쟁 소송)(증거보전(재항고))</span> </td> 
      </tr> 
     </tbody> 
    </table> 
   </div> 
  </div>  
 </body>
</html>