<?xml version="1.0" encoding="utf-8"?>


<DOCUMENT xmlns:xsi="http://www.w3.org/2001/XMLSchema-instance" xsi:noNamespaceSchemaLocation="dart4.xsd">

<DOCUMENT-NAME ACODE="10800">증권발행실적보고서</DOCUMENT-NAME>
<FORMULA-VERSION SUBVER="1" ADATE="20230828">6.0</FORMULA-VERSION>
<COMPANY-NAME AREGCIK="00113465">하나증권</COMPANY-NAME>


<BODY ATOCID="10">

<COVER>
<COVER-TITLE ATOC="Y" AASSOCNOTE="COVER" ATOCID="1" ENG="Post-Issuance Report">증권발행실적보고서</COVER-TITLE>

<TABLE ACLASS="NORMAL" AFIXTABLE="N" WIDTH="600" BORDER="0">

<COLGROUP WIDTH="600">
<COL WIDTH="161"></COL>
<COL WIDTH="439"></COL>
</COLGROUP>

<TBODY>

<TR ACOPY="Y" ADELETE="Y" HEIGHT="53">
<TD CLASS="NORMAL" COLSPAN="2" WIDTH="591" HEIGHT="46"></TD>
</TR>

<TR ACOPY="Y" ADELETE="Y" HEIGHT="30">
<TD CLASS="NORMAL" WIDTH="152" HEIGHT="23">금융감독원장 귀하</TD>
<TD CLASS="NORMAL" ALIGN="RIGHT" WIDTH="430" HEIGHT="23">2026년 01월 05일</TD>
</TR>

<TR ACOPY="Y" ADELETE="Y" HEIGHT="53">
<TD CLASS="NORMAL" WIDTH="152" HEIGHT="46"></TD>
<TD CLASS="NORMAL" WIDTH="430" HEIGHT="46"></TD>
</TR>

<TR ACOPY="Y" ADELETE="Y" HEIGHT="53">
<TD CLASS="NORMAL" WIDTH="152" HEIGHT="46">회       사       명 :</TD>
<TD CLASS="NORMAL" WIDTH="430" HEIGHT="46">하나증권 주식회사</TD>
</TR>

<TR ACOPY="Y" ADELETE="Y" HEIGHT="53">
<TD CLASS="NORMAL" WIDTH="152" HEIGHT="46">대   표     이   사 :</TD>
<TD CLASS="NORMAL" WIDTH="430" HEIGHT="46">강성묵</TD>
</TR>

<TR ACOPY="Y" ADELETE="Y" HEIGHT="30">
<TD CLASS="NORMAL" WIDTH="152" HEIGHT="23">본  점  소  재  지 :</TD>
<TD CLASS="NORMAL" WIDTH="430" HEIGHT="23">서울특별시 영등포구 의사당대로 82</TD>
</TR>

<TR ACOPY="Y" ADELETE="Y" HEIGHT="30">
<TD CLASS="NORMAL" WIDTH="152" HEIGHT="23"></TD>
<TD CLASS="NORMAL" WIDTH="430" HEIGHT="23">(전화)02) 3771-3111</TD>
</TR>

<TR ACOPY="Y" ADELETE="Y" HEIGHT="30">
<TD CLASS="NORMAL" WIDTH="152" HEIGHT="23"></TD>
<TD CLASS="NORMAL" WIDTH="430" HEIGHT="23">(홈페이지)http://www.hanaw.com</TD>
</TR>

<TR ACOPY="Y" ADELETE="Y" HEIGHT="30">
<TD CLASS="NORMAL" WIDTH="152" HEIGHT="23"></TD>
<TD CLASS="NORMAL" WIDTH="430" HEIGHT="23"></TD>
</TR>

<TR ACOPY="Y" ADELETE="Y" HEIGHT="30">
<TD CLASS="NORMAL" WIDTH="152" HEIGHT="23">작  성  책  임  자 :</TD>
<TD CLASS="NORMAL" WIDTH="430" HEIGHT="23">(직  책) S&T지원실장      (성  명) 주지영</TD>
</TR>

<TR ACOPY="Y" ADELETE="Y" HEIGHT="30">
<TD CLASS="NORMAL" WIDTH="152" HEIGHT="23"></TD>
<TD CLASS="NORMAL" WIDTH="430" HEIGHT="23">(전  화) 02) 3771 - 3152</TD>
</TR>

<TR ACOPY="Y" ADELETE="Y" HEIGHT="53">
<TD CLASS="NORMAL" WIDTH="152" HEIGHT="46"></TD>
<TD CLASS="NORMAL" WIDTH="430" HEIGHT="46"></TD>
</TR>
</TBODY>
</TABLE>
</COVER>

<SECTION-1 ACLASS="MANDATORY" APARTSOURCE="SOURCE">

<LIBRARY>
<SECTION-2 ACLASS="MANDATORY">
<TITLE ATOC="Y" AASSOCNOTE="L-0-0-1-0" ATOCID="2" ENG="Ⅰ. Subscription and Allotment">Ⅰ. 청약 및 배정에 관한 사항</TITLE>
<P></P>

<SECTION-3 ACLASS="MANDATORY">
<TITLE ATOC="Y" ATOCID="3" ENG="1. Subscription and payment schedule">1. 청약 및 납입일정</TITLE>

<TABLE-GROUP ACLASS="SB_DT_DV" ADELETETABLE="N">

<TABLE ACLASS="EXTRACTION" AFIXTABLE="N" WIDTH="600" BORDER="1">

<COLGROUP WIDTH="600">
<COL WIDTH="150"></COL>
<COL WIDTH="150"></COL>
<COL WIDTH="150"></COL>
<COL WIDTH="150"></COL>
</COLGROUP>

<THEAD>

<TR ACOPY="N" ADELETE="N" HEIGHT="30">
<TH VALIGN="MIDDLE" WIDTH="141" HEIGHT="23" ACOPYCOL="N" ADELETECOL="N" AMOVECOL="N" AUPDATECONT="N" ENG="Type of securities">증권의 종류</TH>
<TH VALIGN="MIDDLE" WIDTH="141" HEIGHT="23" ACOPYCOL="N" ADELETECOL="N" AMOVECOL="N" AUPDATECONT="N" ENG="Subscription start date">청약 개시일</TH>
<TH VALIGN="MIDDLE" WIDTH="141" HEIGHT="23" ACOPYCOL="N" ADELETECOL="N" AMOVECOL="N" AUPDATECONT="N" ENG="Subscription closing date">청약 종료일</TH>
<TH VALIGN="MIDDLE" WIDTH="141" HEIGHT="23" ACOPYCOL="N" ADELETECOL="N" AMOVECOL="N" AUPDATECONT="N" ENG="Payment date">납입일</TH>
</TR>
</THEAD>

<TBODY>

<TR ACOPY="Y" ADELETE="N" HEIGHT="30">
<TU ALIGN="CENTER" VALIGN="MIDDLE" WIDTH="141" HEIGHT="23" AUNIT="STK_KND" AUNITVALUE="1" ENG="Equity-linked securities">주가연계증권</TU>
<TU ALIGN="CENTER" VALIGN="MIDDLE" WIDTH="141" HEIGHT="23" AUNIT="SB_STR_DT" AUNITVALUE="20251229">2025년 12월 29일</TU>
<TU ALIGN="CENTER" VALIGN="MIDDLE" WIDTH="141" HEIGHT="23" AUNIT="SB_END_DT" AUNITVALUE="20260105">2026년 01월 05일</TU>
<TU ALIGN="CENTER" VALIGN="MIDDLE" WIDTH="141" HEIGHT="23" AUNIT="PYM_DT" AUNITVALUE="20260105">2026년 01월 05일</TU>
</TR>
</TBODY>
</TABLE>
</TABLE-GROUP>
<P></P>
<P></P>
</SECTION-3>

<SECTION-3 ACLASS="MANDATORY">
<TITLE ATOC="Y" ATOCID="4" ENG="2. Underwriting amount by underwriting institution">2. 인수기관별 인수금액</TITLE>

<TABLE-GROUP ACLASS="ACC_AMT_DV" ADELETETABLE="N">

<TABLE ACLASS="EXTRACTION" AFIXTABLE="Y" WIDTH="600" BORDER="0">

<COLGROUP WIDTH="600">
<COL WIDTH="300"></COL>
<COL WIDTH="300"></COL>
</COLGROUP>

<TBODY>

<TR ACOPY="N" ADELETE="N" HEIGHT="30">
<TD VALIGN="BOTTOM" WIDTH="291" HEIGHT="23"></TD>
<TU ALIGN="RIGHT" VALIGN="BOTTOM" WIDTH="291" HEIGHT="23" AUNIT="WON" AUNITVALUE="1" ENG="(Unit: KRW)">(단위 : 원)</TU>
</TR>
</TBODY>
</TABLE>

<TABLE ACLASS="EXTRACTION" AFIXTABLE="N" WIDTH="600" BORDER="1">

<COLGROUP WIDTH="600">
<COL WIDTH="148"></COL>
<COL WIDTH="147"></COL>
<COL WIDTH="191"></COL>
<COL WIDTH="114"></COL>
</COLGROUP>

<THEAD>

<TR ACOPY="N" ADELETE="N" HEIGHT="30">
<TH VALIGN="MIDDLE" WIDTH="139" HEIGHT="23" ACOPYCOL="N" ADELETECOL="N" AMOVECOL="N" AUPDATECONT="N" ENG="Underwriting institution">인수기관</TH>
<TH VALIGN="MIDDLE" WIDTH="138" HEIGHT="23" ACOPYCOL="N" ADELETECOL="N" AMOVECOL="N" AUPDATECONT="N" ENG="Ordinal">회 차</TH>
<TH VALIGN="MIDDLE" WIDTH="182" HEIGHT="23" ACOPYCOL="N" ADELETECOL="N" AMOVECOL="N" AUPDATECONT="N" ENG="Underwriting amount">인수금액</TH>
<TH VALIGN="MIDDLE" WIDTH="105" HEIGHT="23" ACOPYCOL="N" ADELETECOL="N" AMOVECOL="N" AUPDATECONT="N" ENG="Ratio">비 율</TH>
</TR>
</THEAD>

<TBODY>

<TR ACOPY="Y" ADELETE="N" HEIGHT="30">
<TE ALIGN="CENTER" VALIGN="MIDDLE" WIDTH="139" HEIGHT="23" ACODE="ACC_ORG">-</TE>
<TE ALIGN="CENTER" VALIGN="MIDDLE" WIDTH="138" HEIGHT="23" ACODE="SEQ_NO2">-</TE>
<TE ALIGN="CENTER" VALIGN="MIDDLE" WIDTH="182" HEIGHT="23" ACODE="ACC_AMT">-</TE>
<TE ALIGN="CENTER" VALIGN="MIDDLE" WIDTH="105" HEIGHT="23" ACODE="ACC_RT">-</TE>
</TR>
</TBODY>
</TABLE>
</TABLE-GROUP>
<P USERMARK="F-GL ">- 발행사인 하나증권 주식회사가 직접 모집하였으므로 인수기관이 없습니다.</P>
</SECTION-3>

<SECTION-3 ACLASS="MANDATORY">
<TITLE ATOC="Y" ATOCID="5" ENG="3. Subscription and allotment status">3. 청약 및 배정현황</TITLE>

<TABLE-GROUP ACLASS="DST_CD_DV" ADELETETABLE="N">

<TABLE ACLASS="EXTRACTION" AFIXTABLE="Y" WIDTH="600" BORDER="0">

<COLGROUP WIDTH="600">
<COL WIDTH="270"></COL>
<COL WIDTH="330"></COL>
</COLGROUP>

<TBODY>

<TR ACOPY="Y" ADELETE="Y" HEIGHT="30">
<TD WIDTH="261" HEIGHT="23"></TD>
<TU ALIGN="RIGHT" WIDTH="321" HEIGHT="23" AUNIT="WONSTOCKPERCENT" AUNITVALUE="1" ENG="(Unit: KRW, shares, %)">(단위 : 원, 주, %)</TU>
</TR>
</TBODY>
</TABLE>

<TABLE ACLASS="EXTRACTION" AFIXTABLE="N" WIDTH="628" BORDER="1">

<COLGROUP WIDTH="628">
<COL WIDTH="145"></COL>
<COL WIDTH="108"></COL>
<COL WIDTH="42"></COL>
<COL WIDTH="96"></COL>
<COL WIDTH="49"></COL>
<COL WIDTH="43"></COL>
<COL WIDTH="96"></COL>
<COL WIDTH="49"></COL>
</COLGROUP>

<THEAD>

<TR ACOPY="N" ADELETE="N" HEIGHT="30">
<TH ROWSPAN="2" VALIGN="MIDDLE" HEIGHT="53" ACOPYCOL="N" ADELETECOL="N" AMOVECOL="N" AUPDATECONT="N" WIDTH="136" ENG="Ordinal">회 차</TH>
<TH VALIGN="MIDDLE" HEIGHT="53" ACOPYCOL="N" ADELETECOL="N" AMOVECOL="N" AUPDATECONT="N" ROWSPAN="2" WIDTH="99" ENG="Total amount of offering">모집 총액</TH>
<TH COLSPAN="3" VALIGN="MIDDLE" HEIGHT="23" ACOPYCOL="N" ADELETECOL="N" AMOVECOL="N" AUPDATECONT="N" WIDTH="178" ENG="Subscription status">청약현황</TH>
<TH COLSPAN="3" VALIGN="MIDDLE" HEIGHT="23" ACOPYCOL="N" ADELETECOL="N" AMOVECOL="N" AUPDATECONT="N" WIDTH="179" ENG="Final allotment status">최종배정현황</TH>
</TR>

<TR ACOPY="N" ADELETE="N" HEIGHT="30">
<TH VALIGN="MIDDLE" HEIGHT="23" ACOPYCOL="N" ADELETECOL="N" AMOVECOL="N" AUPDATECONT="N" WIDTH="33" ENG="Number of cases">건수</TH>
<TH VALIGN="MIDDLE" HEIGHT="23" ACOPYCOL="N" ADELETECOL="N" AMOVECOL="N" AUPDATECONT="N" WIDTH="87" ENG="Amount">금액</TH>
<TH VALIGN="MIDDLE" HEIGHT="23" ACOPYCOL="N" ADELETECOL="N" AMOVECOL="N" AUPDATECONT="N" WIDTH="40" ENG="Ratio">비율</TH>
<TH VALIGN="MIDDLE" HEIGHT="23" ACOPYCOL="N" ADELETECOL="N" AMOVECOL="N" AUPDATECONT="N" WIDTH="34" ENG="Number of cases">건수</TH>
<TH VALIGN="MIDDLE" HEIGHT="23" ACOPYCOL="N" ADELETECOL="N" AMOVECOL="N" AUPDATECONT="N" WIDTH="87" ENG="Amount">금액</TH>
<TH VALIGN="MIDDLE" HEIGHT="23" ACOPYCOL="N" ADELETECOL="N" AMOVECOL="N" AUPDATECONT="N" WIDTH="40" ENG="Ratio">비율</TH>
</TR>
</THEAD>

<TBODY>

<TR ACOPY="Y" ADELETE="N" HEIGHT="28">
<TE ALIGN="CENTER" ACODE="SEQ_NO2" VALIGN="MIDDLE" USERMARK="F-10 " WIDTH="136" HEIGHT="21">17331</TE>
<TE ALIGN="CENTER" ACODE="TOT_RET_AMT" VALIGN="MIDDLE" USERMARK="F-10 " WIDTH="99" HEIGHT="21">1,000,000,000</TE>
<TE ALIGN="CENTER" ACODE="SB_CNT" VALIGN="MIDDLE" USERMARK="F-10 " WIDTH="33" HEIGHT="21">1</TE>
<TE ALIGN="CENTER" ACODE="SB_AMT" VALIGN="MIDDLE" USERMARK="F-10 " WIDTH="87" HEIGHT="21">717,000,000</TE>
<TE ALIGN="CENTER" ACODE="SB_RT" VALIGN="MIDDLE" USERMARK="F-10 " WIDTH="40" HEIGHT="21">71.70 </TE>
<TE ALIGN="CENTER" ACODE="DV_CNT" VALIGN="MIDDLE" USERMARK="F-10 " WIDTH="34" HEIGHT="21">1 </TE>
<TE ALIGN="CENTER" ACODE="DV_AMT" VALIGN="MIDDLE" USERMARK="F-10 " WIDTH="87" HEIGHT="21">717,000,000 </TE>
<TE ALIGN="CENTER" ACODE="DV_RT" VALIGN="MIDDLE" USERMARK="F-10 " WIDTH="40" HEIGHT="21">71.70 </TE>
</TR>
</TBODY>
</TABLE>
</TABLE-GROUP>
<P></P>
</SECTION-3>

<SECTION-3 ACLASS="MANDATORY">
<TITLE ATOC="Y" ATOCID="6" ENG="4. Allotment method">4. 배정방법</TITLE>
<P USERMARK="F-GL ">제17331회는 총 청약금액이 모집한도금액에 미달하여 청약금액 전액을 배정하였습니다.</P>
</SECTION-3>
</SECTION-2>

<SECTION-2 ACLASS="MANDATORY">
<TITLE ATOC="Y" AASSOCNOTE="L-0-0-3-0" ATOCID="7" ENG="Ⅱ. Date of Securities Delivery, etc.">Ⅱ. 증권교부일 등</TITLE>
<P USERMARK="F-GL ">가. 유가증권교부일 : 해당사항 없음 (본 증권의 보유자는 전자등록기관의 계좌관리기관등 자기계좌부 또는 계좌관리기관의 고객계좌부에의 전자등록을 통하여 본 증권을 보유합니다.)나. 상장일 : 해당사항 없음.다. 증자등기일 : 해당사항 없음.</P>
</SECTION-2>

<SECTION-2 ACLASS="MANDATORY">
<TITLE ATOC="Y" AASSOCNOTE="L-0-0-4-0" ATOCID="8" ENG="Ⅲ. Disclosure Implementation Status">Ⅲ. 공시 이행상황</TITLE>
<P></P>
<P USERMARK="F-GL ">가. 청약공고</P>

<TABLE ACLASS="NORMAL" AFIXTABLE="N" WIDTH="600" BORDER="1">

<COLGROUP WIDTH="600">
<COL WIDTH="200"></COL>
<COL WIDTH="200"></COL>
<COL WIDTH="200"></COL>
</COLGROUP>

<THEAD>

<TR ACOPY="Y" ADELETE="Y" HEIGHT="30">
<TH VALIGN="MIDDLE" WIDTH="191" HEIGHT="23" ACOPYCOL="Y" ADELETECOL="Y" AMOVECOL="N">구     분</TH>
<TH VALIGN="MIDDLE" WIDTH="191" HEIGHT="23" ACOPYCOL="Y" ADELETECOL="Y" AMOVECOL="N">신     문</TH>
<TH VALIGN="MIDDLE" WIDTH="191" HEIGHT="23" ACOPYCOL="Y" ADELETECOL="Y" AMOVECOL="N">일     자</TH>
</TR>
</THEAD>

<TBODY>

<TR ACOPY="Y" ADELETE="Y" HEIGHT="53">
<TD ROWSPAN="2" ALIGN="CENTER" VALIGN="MIDDLE" WIDTH="191" HEIGHT="76">청 약 공 고</TD>
<TD ALIGN="CENTER" VALIGN="MIDDLE" WIDTH="191" HEIGHT="46">하나증권 홈페이지(http://www.hanaw.com)</TD>
<TD ALIGN="CENTER" VALIGN="MIDDLE" WIDTH="191" HEIGHT="46">2025년 12월 24일</TD>
</TR>

<TR ACOPY="Y" ADELETE="Y" HEIGHT="30">
<TD ALIGN="CENTER" VALIGN="MIDDLE" WIDTH="191" HEIGHT="23"></TD>
<TD ALIGN="CENTER" VALIGN="MIDDLE" WIDTH="191" HEIGHT="23"></TD>
</TR>
</TBODY>
</TABLE>
<P USERMARK="F-GL "></P>
<P USERMARK="F-GL ">나. 배정공고</P>

<TABLE ACLASS="NORMAL" AFIXTABLE="N" WIDTH="600" BORDER="1">

<COLGROUP WIDTH="600">
<COL WIDTH="200"></COL>
<COL WIDTH="200"></COL>
<COL WIDTH="200"></COL>
</COLGROUP>

<THEAD>

<TR ACOPY="Y" ADELETE="Y" HEIGHT="30">
<TH VALIGN="MIDDLE" WIDTH="191" HEIGHT="23" ACOPYCOL="Y" ADELETECOL="Y" AMOVECOL="N">구     분</TH>
<TH VALIGN="MIDDLE" WIDTH="191" HEIGHT="23" ACOPYCOL="Y" ADELETECOL="Y" AMOVECOL="N">신     문</TH>
<TH VALIGN="MIDDLE" WIDTH="191" HEIGHT="23" ACOPYCOL="Y" ADELETECOL="Y" AMOVECOL="N">일     자</TH>
</TR>
</THEAD>

<TBODY>

<TR ACOPY="Y" ADELETE="Y" HEIGHT="53">
<TD ROWSPAN="2" ALIGN="CENTER" VALIGN="MIDDLE" WIDTH="191" HEIGHT="76">배 정 공 고</TD>
<TD ALIGN="CENTER" VALIGN="MIDDLE" WIDTH="191" HEIGHT="46">하나증권 홈페이지(http://www.hanaw.com)</TD>
<TD ALIGN="CENTER" VALIGN="MIDDLE" WIDTH="191" HEIGHT="46">2026년 01월 05일</TD>
</TR>

<TR ACOPY="Y" ADELETE="Y" HEIGHT="30">
<TD ALIGN="CENTER" VALIGN="MIDDLE" WIDTH="191" HEIGHT="23"></TD>
<TD ALIGN="CENTER" VALIGN="MIDDLE" WIDTH="191" HEIGHT="23"></TD>
</TR>
</TBODY>
</TABLE>
<P USERMARK="F-GL "></P>
<P USERMARK="F-GL ">다. 증권신고서(일괄신고 추가서류 포함) 공시</P>
<P USERMARK="F-GL ">전자문서 : 금융위(금감원)홈페이지 → dart.fss.or.kr</P>
<P USERMARK="F-GL ">라. 투자설명서 공시</P>
<P USERMARK="F-GL ">- 전자문서 : 금융위(금감원)홈페이지 → dart.fss.or.kr</P>
<P USERMARK="F-GL ">- 서면문서 : 하나증권 본점(서울특별시 영등포구 의사당대로 82) 및 지점</P>
</SECTION-2>

<SECTION-2 ACLASS="MANDATORY">
<TITLE ATOC="Y" AASSOCNOTE="L-0-0-5-0" ATOCID="9" ENG="Ⅳ. Details of Use of Procured Funds">Ⅳ. 조달된 자금의 사용내역</TITLE>
<P></P>
<P USERMARK="F-GL ">가. 총괄</P>

<TABLE ACLASS="NORMAL" AFIXTABLE="N" WIDTH="665" BORDER="0">

<COLGROUP WIDTH="665">
<COL WIDTH="71"></COL>
<COL WIDTH="405"></COL>
<COL WIDTH="21"></COL>
<COL WIDTH="168"></COL>
</COLGROUP>

<TBODY>

<TR ACOPY="Y" ADELETE="Y" HEIGHT="30">
<TD WIDTH="62" HEIGHT="23">[종목명 :</TD>
<TD WIDTH="396" HEIGHT="23">하나증권 제17331회 파생결합증권(주가연계증권)</TD>
<TD WIDTH="12" HEIGHT="23">]</TD>
<TD ALIGN="RIGHT" VALIGN="BOTTOM" WIDTH="159" HEIGHT="23">(단위 : 원)</TD>
</TR>
</TBODY>
</TABLE>

<TABLE ACLASS="NORMAL" AFIXTABLE="N" WIDTH="867" BORDER="1">

<COLGROUP WIDTH="867">
<COL WIDTH="124"></COL>
<COL WIDTH="134"></COL>
<COL WIDTH="114"></COL>
<COL WIDTH="124"></COL>
<COL WIDTH="124"></COL>
<COL WIDTH="124"></COL>
<COL WIDTH="123"></COL>
</COLGROUP>

<THEAD>

<TR ACOPY="Y" ADELETE="Y" HEIGHT="30">
<TH ROWSPAN="2" VALIGN="MIDDLE" WIDTH="115" HEIGHT="76" ACOPYCOL="Y" ADELETECOL="Y" AMOVECOL="N">구    분</TH>
<TH ROWSPAN="2" VALIGN="MIDDLE" WIDTH="125" HEIGHT="76" ACOPYCOL="Y" ADELETECOL="Y" AMOVECOL="N">신고서상발행예정총액</TH>
<TH COLSPAN="3" VALIGN="MIDDLE" WIDTH="353" HEIGHT="23" ACOPYCOL="Y" ADELETECOL="Y" AMOVECOL="N">실제 자금조달총액</TH>
<TH ROWSPAN="2" VALIGN="MIDDLE" WIDTH="115" HEIGHT="76" ACOPYCOL="Y" ADELETECOL="Y" AMOVECOL="N">확정권면총액</TH>
<TH ROWSPAN="2" VALIGN="MIDDLE" WIDTH="114" HEIGHT="76" ACOPYCOL="Y" ADELETECOL="Y" AMOVECOL="N">비  고</TH>
</TR>

<TR ACOPY="Y" ADELETE="Y" HEIGHT="53">
<TH VALIGN="MIDDLE" WIDTH="105" HEIGHT="46" ACOPYCOL="Y" ADELETECOL="Y" AMOVECOL="N">발행가액(A)</TH>
<TH VALIGN="MIDDLE" WIDTH="115" HEIGHT="46" ACOPYCOL="Y" ADELETECOL="Y" AMOVECOL="N">수량(B)</TH>
<TH VALIGN="MIDDLE" WIDTH="115" HEIGHT="46" ACOPYCOL="Y" ADELETECOL="Y" AMOVECOL="N">발행총액(A×B)</TH>
</TR>
</THEAD>

<TBODY>

<TR ACOPY="Y" ADELETE="Y" HEIGHT="30">
<TD ALIGN="CENTER" VALIGN="MIDDLE" WIDTH="115" HEIGHT="23">모    집(a)</TD>
<TD ALIGN="CENTER" WIDTH="125" HEIGHT="23">1,000,000,000</TD>
<TD ALIGN="CENTER" WIDTH="105" HEIGHT="23">10,000</TD>
<TD ALIGN="CENTER" WIDTH="115" HEIGHT="23">71,700</TD>
<TD ALIGN="CENTER" WIDTH="115" HEIGHT="23">717,000,000</TD>
<TD ALIGN="CENTER" WIDTH="115" HEIGHT="23">717,000,000</TD>
<TD WIDTH="114" HEIGHT="23" ALIGN="CENTER"></TD>
</TR>

<TR ACOPY="Y" ADELETE="Y" HEIGHT="30">
<TD ALIGN="CENTER" VALIGN="MIDDLE" WIDTH="115" HEIGHT="23">매    출(b)</TD>
<TD ALIGN="CENTER" WIDTH="125" HEIGHT="23">-</TD>
<TD ALIGN="CENTER" WIDTH="105" HEIGHT="23">-</TD>
<TD ALIGN="CENTER" WIDTH="115" HEIGHT="23">-</TD>
<TD ALIGN="CENTER" WIDTH="115" HEIGHT="23">-</TD>
<TD ALIGN="CENTER" WIDTH="115" HEIGHT="23">-</TD>
<TD WIDTH="114" HEIGHT="23" ALIGN="CENTER"></TD>
</TR>

<TR ACOPY="Y" ADELETE="Y" HEIGHT="30">
<TD ALIGN="CENTER" VALIGN="MIDDLE" WIDTH="115" HEIGHT="23">총계(a + b)</TD>
<TD ALIGN="CENTER" WIDTH="125" HEIGHT="23">1,000,000,000</TD>
<TD ALIGN="CENTER" WIDTH="105" HEIGHT="23">10,000</TD>
<TD ALIGN="CENTER" WIDTH="115" HEIGHT="23">71,700</TD>
<TD ALIGN="CENTER" WIDTH="115" HEIGHT="23">717,000,000</TD>
<TD ALIGN="CENTER" WIDTH="115" HEIGHT="23">717,000,000</TD>
<TD WIDTH="114" HEIGHT="23" ALIGN="CENTER"></TD>
</TR>
</TBODY>
</TABLE>
<P></P>
<P USERMARK="F-GL ">나. 발행비용[금융감독원 발행분담금]</P>

<TABLE ACLASS="NORMAL" AFIXTABLE="N" BORDER="1" WIDTH="706">

<COLGROUP WIDTH="706">
<COL WIDTH="379"></COL>
<COL WIDTH="327"></COL>
</COLGROUP>

<THEAD>

<TR ACOPY="Y" ADELETE="Y" HEIGHT="30">
<TH WIDTH="370" HEIGHT="23" VALIGN="MIDDLE">구분</TH>
<TH WIDTH="318" HEIGHT="23" VALIGN="MIDDLE">발행분담금(원)</TH>
</TR>
</THEAD>

<TBODY>

<TR ACOPY="Y" ADELETE="Y" HEIGHT="53">
<TD WIDTH="370" HEIGHT="46" ALIGN="CENTER">하나증권 제17331회 파생결합증권(주가연계증권)</TD>
<TD WIDTH="318" HEIGHT="46" ALIGN="RIGHT" VALIGN="MIDDLE">35,850</TD>
</TR>

<TR ACOPY="Y" ADELETE="Y" HEIGHT="30">
<TD WIDTH="370" HEIGHT="23" ALIGN="CENTER">합계</TD>
<TD WIDTH="318" HEIGHT="23" ALIGN="RIGHT">35,850</TD>
</TR>
</TBODY>
</TABLE>
<P USERMARK="F-GL ">※ 금융기관분담금징수등에관한규정 제5조 제1항 제3호에 의해 발행분담금으로 발행총액의 1만분의 0.5를 금융감독원에 지급함.</P>
<P></P>
<P USERMARK="F-GL ">다. 자금사용예정내역</P>
<P USERMARK="F-GL ">본 증권의 발행으로 조달된 자금은 본 증권의 만기상환금액의 헷지를 위하여 납입된 자금의 일부 또는 전체를 본 유가증권과 유사한 내용의 파생결합증권 또는 사채를 매입 하거나 기초자산 및 그와 관련된 파생상품 등의 운용에 사용할 계획입니다.</P>
</SECTION-2>

<SECTION-2 ACLASS="MANDATORY">
<TITLE ATOC="Y" AASSOCNOTE="L-0-0-8-0" ATOCID="10" ENG="Ⅴ. Confirmed Details of the Projected Profit and Loss Structure">Ⅴ. 예상손익구조의 확정내용</TITLE>
<P></P>
<P USERMARK="F-GL14 B 0XFF0000">하나증권 제17331회 파생결합증권(주가연계증권)</P>

<TABLE ACLASS="NORMAL" AFIXTABLE="N" BORDER="1" WIDTH="617">

<COLGROUP WIDTH="617">
<COL WIDTH="78"></COL>
<COL WIDTH="134"></COL>
<COL WIDTH="405"></COL>
</COLGROUP>

<THEAD>

<TR ACOPY="Y" ADELETE="Y" HEIGHT="30">
<TH COLSPAN="2" USERMARK="B" WIDTH="203" HEIGHT="23"> 항목</TH>
<TH USERMARK="B" WIDTH="396" HEIGHT="23">내용</TH>
</TR>
</THEAD>

<TBODY>

<TR ACOPY="Y" ADELETE="Y" HEIGHT="53">
<TD COLSPAN="2" ALIGN="CENTER" VALIGN="MIDDLE" USERMARK="B" WIDTH="203" HEIGHT="46">종목명</TD>
<TD VALIGN="MIDDLE" USERMARK="B" WIDTH="396" HEIGHT="46">하나증권 제17331회 파생결합증권(주가연계증권)(매우높은위험,원금비보장형)</TD>
</TR>

<TR ACOPY="Y" ADELETE="Y" HEIGHT="53">
<TD VALIGN="MIDDLE" COLSPAN="2" ALIGN="CENTER" USERMARK="B" WIDTH="203" HEIGHT="46">기초자산</TD>
<TD VALIGN="MIDDLE" USERMARK="B" WIDTH="396" HEIGHT="46">EURO STOXX50 지수 / NIKKEI225 지수 / S&P500 지수</TD>
</TR>

<TR ACOPY="Y" ADELETE="Y" HEIGHT="30">
<TD VALIGN="MIDDLE" ROWSPAN="2" ALIGN="CENTER" USERMARK="B" WIDTH="69" HEIGHT="76">청약기간</TD>
<TD VALIGN="MIDDLE" ALIGN="CENTER" USERMARK="B" WIDTH="125" HEIGHT="23">청약시작일</TD>
<TD VALIGN="MIDDLE" WIDTH="396" HEIGHT="23">2025년 12월 29일</TD>
</TR>

<TR ACOPY="Y" ADELETE="Y" HEIGHT="53">
<TD VALIGN="MIDDLE" ALIGN="CENTER" USERMARK="B" WIDTH="125" HEIGHT="46">청약종료일</TD>

<TD VALIGN="MIDDLE" WIDTH="396" HEIGHT="46">2026년 01월 05일 (13:30)
<SPAN USERMARK="B">(청약기간이후 청약취소 불가)</SPAN>
</TD>
</TR>

<TR ACOPY="Y" ADELETE="Y" HEIGHT="30">
<TD VALIGN="MIDDLE" COLSPAN="2" ALIGN="CENTER" USERMARK="B" WIDTH="203" HEIGHT="23">배 정 일</TD>
<TD VALIGN="MIDDLE" WIDTH="396" HEIGHT="23">2026년 01월 05일</TD>
</TR>

<TR ACOPY="Y" ADELETE="Y" HEIGHT="30">
<TD VALIGN="MIDDLE" COLSPAN="2" ALIGN="CENTER" USERMARK="B" WIDTH="203" HEIGHT="23">납 입 일</TD>
<TD VALIGN="MIDDLE" WIDTH="396" HEIGHT="23">2026년 01월 05일</TD>
</TR>

<TR ACOPY="Y" ADELETE="Y" HEIGHT="30">
<TD VALIGN="MIDDLE" COLSPAN="2" ALIGN="CENTER" USERMARK="B" WIDTH="203" HEIGHT="23">환 불 일</TD>
<TD VALIGN="MIDDLE" WIDTH="396" HEIGHT="23">2026년 01월 05일</TD>
</TR>

<TR ACOPY="Y" ADELETE="Y" HEIGHT="30">
<TD VALIGN="MIDDLE" COLSPAN="2" ALIGN="CENTER" USERMARK="B" WIDTH="203" HEIGHT="23">발 행 일</TD>
<TD VALIGN="MIDDLE" WIDTH="396" HEIGHT="23">2026년 01월 05일</TD>
</TR>

<TR ACOPY="Y" ADELETE="Y" HEIGHT="30">
<TD VALIGN="MIDDLE" COLSPAN="2" ALIGN="CENTER" USERMARK="B" WIDTH="203" HEIGHT="23">전자등록기관</TD>
<TD VALIGN="MIDDLE" WIDTH="396" HEIGHT="23">한국예탁결제원</TD>
</TR>

<TR ACOPY="Y" ADELETE="Y" HEIGHT="30">
<TD VALIGN="MIDDLE" COLSPAN="2" ALIGN="CENTER" USERMARK="B" WIDTH="203" HEIGHT="23">증권의 상장여부</TD>
<TD VALIGN="MIDDLE" WIDTH="396" HEIGHT="23">비상장</TD>
</TR>

<TR ACOPY="Y" ADELETE="Y" HEIGHT="76">
<TD VALIGN="MIDDLE" COLSPAN="2" ALIGN="CENTER" USERMARK="B" WIDTH="203" HEIGHT="69">자동조기상환</TD>
<TD VALIGN="MIDDLE" WIDTH="396" HEIGHT="69">자세한 내용은 본 일괄신고추가서류'II. 증권의 권리내용 2. 권리의 내용'을 참조하시기 바랍니다.</TD>
</TR>

<TR ACOPY="Y" ADELETE="Y" HEIGHT="30">
<TD VALIGN="MIDDLE" COLSPAN="2" ALIGN="CENTER" USERMARK="B" WIDTH="203" HEIGHT="23">자동조기상환시 결제방법</TD>
<TD VALIGN="MIDDLE" WIDTH="396" HEIGHT="23">현금결제</TD>
</TR>

<TR ACOPY="Y" ADELETE="Y" HEIGHT="53">
<TD VALIGN="MIDDLE" COLSPAN="2" ALIGN="CENTER" USERMARK="B" WIDTH="203" HEIGHT="46">자동조기상환일[자동조기상환금액 지급일]</TD>
<TD VALIGN="MIDDLE" WIDTH="396" HEIGHT="46">해당 자동조기상환평가일(불포함) 후 3영업일</TD>
</TR>

<TR ACOPY="Y" ADELETE="Y" HEIGHT="30">
<TD VALIGN="MIDDLE" COLSPAN="2" ALIGN="CENTER" USERMARK="B" WIDTH="203" HEIGHT="23">만 기 일</TD>
<TD VALIGN="MIDDLE" WIDTH="396" HEIGHT="23">2029년 01월 04일</TD>
</TR>

<TR ACOPY="Y" ADELETE="Y" HEIGHT="76">
<TD VALIGN="MIDDLE" COLSPAN="2" ALIGN="CENTER" USERMARK="B" WIDTH="203" HEIGHT="69">만기상환</TD>
<TD VALIGN="MIDDLE" WIDTH="396" HEIGHT="69">자세한 내용은 본 일괄신고추가서류'II. 증권의 권리내용 2. 권리의 내용'을 참조하시기 바랍니다.</TD>
</TR>

<TR ACOPY="Y" ADELETE="Y" HEIGHT="30">
<TD VALIGN="MIDDLE" COLSPAN="2" ALIGN="CENTER" USERMARK="B" WIDTH="203" HEIGHT="23">만기시 결제방법</TD>
<TD VALIGN="MIDDLE" WIDTH="396" HEIGHT="23">현금결제</TD>
</TR>

<TR ACOPY="Y" ADELETE="Y" HEIGHT="76">
<TD VALIGN="MIDDLE" COLSPAN="2" ALIGN="CENTER" USERMARK="B" WIDTH="203" HEIGHT="69">발행취소에 관한 사항</TD>
<TD VALIGN="MIDDLE" WIDTH="396" HEIGHT="69">청약금액의 합계가 10억원 미만일 경우, 발행인은 본 증권의 발행을 취소할 수 있습니다. 이 경우 청약금액은 환불일에 투자자들의 해당 청약계좌로 반환됩니다.</TD>
</TR>

<TR ACOPY="Y" ADELETE="Y" HEIGHT="145">
<TD VALIGN="MIDDLE" COLSPAN="2" ALIGN="CENTER" USERMARK="B" WIDTH="203" HEIGHT="138">고난도금융투자상품해당여부</TD>

<TD VALIGN="MIDDLE" WIDTH="396" HEIGHT="138">본 증권은 자본시장법 시행령 제2조제7호에서 정하는 
<SPAN USERMARK="B">고난도금융투자상품에 해당</SPAN>하며 
<SPAN USERMARK="B">만기 또는 자동조기상환시 기초자산 가격변동에 따라 원금의 20%를 초과하는 손실</SPAN>이 발생할 수 있습니다. 
<SPAN USERMARK="B">또한 </SPAN>기초자산 가격변동 이외의 요인(투자자 요청에 따른 중도상환, 발행인의 지급 불이행 등)으로 
<SPAN USERMARK="B">추가 손실이 발생할 수 있습니다.</SPAN>
</TD>
</TR>

<TR ACOPY="Y" ADELETE="Y" HEIGHT="237">
<TD VALIGN="MIDDLE" COLSPAN="2" ALIGN="CENTER" USERMARK="B" WIDTH="203" HEIGHT="230">기타 유의사항</TD>
<TD VALIGN="MIDDLE" WIDTH="396" HEIGHT="230">본 증권은 주식·사채 등의 전자등록에 관한 법률에 따라 전자등록기관인 한국예탁결제원을 통하여 전자등록하여 발행하고, 실물을 발행하지 않습니다. 본 증권의 보유자는 전자등록기관의 계좌관리기관등 자기계좌부 또는 계좌관리기관의 고객계좌부에의 전자등록을 통하여 본 증권을 보유합니다.자동조기상환일, 중도상환금액지급일, 월수익지급일, 만기일 등 각종 상환일이 공휴일인 경우 다음 영업일로 순연되며, 이에 대한 추가이자는 지급하지 않습니다.</TD>
</TR>
</TBODY>
</TABLE>
<P></P>

<P USERMARK="F-GL11 ">
<SPAN USERMARK="B">가. 최초기준가격</SPAN>
<SPAN>○ 최초기준가격 : 최초기준가격평가일 각 기초자산 종가○ </SPAN>
<SPAN USERMARK="B">최초기준가격평가일 </SPAN>
<SPAN>: 2026년 01월 05일(현지 거래소 기준)</SPAN>
</P>

<P USERMARK="F-GL11 ">
<SPAN USERMARK="B">나. 자동조기상환</SPAN>
</P>

<P USERMARK="F-GL11 ">○
<SPAN USERMARK="B"> 어느 자동조기상환평가일에 자동조기상환이 발생</SPAN>하는 경우 발행인은 
<SPAN USERMARK="B">해당 차수의 자동조기상환일에 해당 차수의 상환금액을 지급</SPAN>함으로써 본 증권을 상환
</P>

<P USERMARK="F-GL11 ">○
<SPAN USERMARK="B">자동조기상환 발생조건</SPAN>
</P>

<TABLE ACLASS="NORMAL" WIDTH="660" BORDER="1" AFIXTABLE="N">

<COLGROUP WIDTH="660">
<COL WIDTH="60"></COL>
<COL WIDTH="600"></COL>
</COLGROUP>

<THEAD>

<TR ACOPY="Y" ADELETE="Y" HEIGHT="30">
<TH USERMARK="B" ACOPYCOL="Y" ADELETECOL="Y" AMOVECOL="N" WIDTH="51" HEIGHT="23">차수</TH>
<TH USERMARK="B" ACOPYCOL="Y" ADELETECOL="Y" AMOVECOL="N" WIDTH="591" HEIGHT="23">자동조기상환 발생조건</TH>
</TR>
</THEAD>

<TBODY>

<TR ACOPY="Y" ADELETE="Y" HEIGHT="30">
<TD ALIGN="CENTER" WIDTH="51" HEIGHT="23">1차</TD>

<TD WIDTH="591" HEIGHT="23">모든 기초자산의 1차 자동조기상환평가가격이 
<SPAN USERMARK="BU">각 최초기준가격의 80% 이상인 경우</SPAN>
</TD>
</TR>

<TR ACOPY="Y" ADELETE="Y" HEIGHT="30">
<TD ALIGN="CENTER" WIDTH="51" HEIGHT="23">2차</TD>

<TD WIDTH="591" HEIGHT="23">모든 기초자산의 2차 자동조기상환평가가격이 
<SPAN USERMARK="BU">각 최초기준가격의 80% 이상인 경우</SPAN>
</TD>
</TR>

<TR ACOPY="Y" ADELETE="Y" HEIGHT="30">
<TD ALIGN="CENTER" WIDTH="51" HEIGHT="23">3차</TD>

<TD WIDTH="591" HEIGHT="23">모든 기초자산의 3차 자동조기상환평가가격이 
<SPAN USERMARK="BU">각 최초기준가격의 80% 이상인 경우</SPAN>
</TD>
</TR>

<TR ACOPY="Y" ADELETE="Y" HEIGHT="30">
<TD ALIGN="CENTER" WIDTH="51" HEIGHT="23">4차</TD>

<TD WIDTH="591" HEIGHT="23">모든 기초자산의 4차 자동조기상환평가가격이 
<SPAN USERMARK="BU">각 최초기준가격의 80% 이상인 경우</SPAN>
</TD>
</TR>

<TR ACOPY="Y" ADELETE="Y" HEIGHT="30">
<TD ALIGN="CENTER" WIDTH="51" HEIGHT="23">5차</TD>

<TD WIDTH="591" HEIGHT="23">모든 기초자산의 5차 자동조기상환평가가격이 
<SPAN USERMARK="BU">각 최초기준가격의 75% 이상인 경우</SPAN>
</TD>
</TR>
</TBODY>
</TABLE>
<P USERMARK="F-GL11 ">○ 자동조기상환평가가격 : 해당 차수 자동조기상환평가일 각 기초자산 종가</P>

<P USERMARK="F-GL11 ">○
<SPAN USERMARK="B"> 자동조기상환평가일 및 상환금액</SPAN>
</P>

<TABLE ACLASS="NORMAL" WIDTH="600" BORDER="1" AFIXTABLE="N">

<COLGROUP WIDTH="600">
<COL WIDTH="81"></COL>
<COL WIDTH="319"></COL>
<COL WIDTH="200"></COL>
</COLGROUP>

<THEAD>

<TR ACOPY="Y" ADELETE="Y" HEIGHT="30">
<TH WIDTH="72" HEIGHT="23" USERMARK="B">차수</TH>
<TH WIDTH="310" HEIGHT="23" USERMARK="B">자동조기상환평가일</TH>
<TH WIDTH="191" HEIGHT="23" USERMARK="B">상환금액</TH>
</TR>
</THEAD>

<TBODY>

<TR ACOPY="Y" ADELETE="Y" HEIGHT="30">
<TD ALIGN="CENTER" VALIGN="MIDDLE" WIDTH="72" HEIGHT="23">1차</TD>
<TD ALIGN="CENTER" VALIGN="MIDDLE" WIDTH="310" HEIGHT="23">2026년 06월 29일</TD>
<TD ALIGN="CENTER" VALIGN="MIDDLE" WIDTH="191" HEIGHT="23">액면금액 ×103.30%</TD>
</TR>

<TR ACOPY="Y" ADELETE="Y" HEIGHT="30">
<TD ALIGN="CENTER" VALIGN="MIDDLE" WIDTH="72" HEIGHT="23">2차</TD>
<TD ALIGN="CENTER" VALIGN="MIDDLE" WIDTH="310" HEIGHT="23">2026년 12월 29일</TD>
<TD ALIGN="CENTER" VALIGN="MIDDLE" WIDTH="191" HEIGHT="23">액면금액 ×106.60%</TD>
</TR>

<TR ACOPY="Y" ADELETE="Y" HEIGHT="30">
<TD ALIGN="CENTER" VALIGN="MIDDLE" WIDTH="72" HEIGHT="23">3차</TD>
<TD ALIGN="CENTER" VALIGN="MIDDLE" WIDTH="310" HEIGHT="23">2027년 06월 29일</TD>
<TD ALIGN="CENTER" VALIGN="MIDDLE" WIDTH="191" HEIGHT="23">액면금액 ×109.90%</TD>
</TR>

<TR ACOPY="Y" ADELETE="Y" HEIGHT="30">
<TD ALIGN="CENTER" VALIGN="MIDDLE" WIDTH="72" HEIGHT="23">4차</TD>
<TD ALIGN="CENTER" VALIGN="MIDDLE" WIDTH="310" HEIGHT="23">2027년 12월 29일</TD>
<TD ALIGN="CENTER" VALIGN="MIDDLE" WIDTH="191" HEIGHT="23">액면금액 ×113.20%</TD>
</TR>

<TR ACOPY="Y" ADELETE="Y" HEIGHT="30">
<TD ALIGN="CENTER" VALIGN="MIDDLE" WIDTH="72" HEIGHT="23">5차</TD>
<TD ALIGN="CENTER" VALIGN="MIDDLE" WIDTH="310" HEIGHT="23">2028년 06월 29일</TD>
<TD ALIGN="CENTER" VALIGN="MIDDLE" WIDTH="191" HEIGHT="23">액면금액 ×116.50%</TD>
</TR>
</TBODY>
</TABLE>
<P USERMARK="F-GL11 ">○ 자동조기상환일 : 해당 차수 자동조기상환평가일(불포함) 후 3영업일</P>
<P USERMARK="F-GL11 ">○ 자동조기상환 발생에 따라 상환이 이루어진 경우 본 증권은 종료되고 발행인은 이후 본 증권에 대하여 여하한 추가적인 의무를 부담하지 않음.</P>
<P USERMARK="F-GL11 B">다. 만기상환</P>
<P USERMARK="F-GL11 ">○ 자동조기상환이 발생하지 않은 경우 발행인은 만기일에 아래 만기상환금액 결정조건에 따라 결정된 상환금액을 지급함으로써 본 증권을 상환함.</P>

<TABLE ACLASS="NORMAL" BORDER="1" AFIXTABLE="N" WIDTH="582">

<COLGROUP WIDTH="582">
<COL WIDTH="429"></COL>
<COL WIDTH="153"></COL>
</COLGROUP>

<THEAD>

<TR ACOPY="Y" ADELETE="Y" HEIGHT="30">
<TH USERMARK="B" WIDTH="420" HEIGHT="23">만기상환금액 결정조건</TH>
<TH USERMARK="B" WIDTH="144" HEIGHT="23">상환금액</TH>
</TR>
</THEAD>

<TBODY>

<TR ACOPY="Y" ADELETE="Y" HEIGHT="53">

<TD VALIGN="MIDDLE" WIDTH="420" HEIGHT="46">① 
<SPAN USERMARK="BU">모든 기초자산의 만기평가가격이 각 최초기준가격의 65% 이상인 경우</SPAN>
</TD>
<TD ALIGN="CENTER" VALIGN="MIDDLE" WIDTH="144" HEIGHT="46">액면금액×119.80%</TD>
</TR>

<TR ACOPY="Y" ADELETE="Y" HEIGHT="99">

<TD VALIGN="MIDDLE" WIDTH="420" HEIGHT="92">② 
<SPAN USERMARK="BU">모든 기초자산의 만기평가가격 중 어느 하나라도 각 최초기준가격의 65% 미만인 경우.</SPAN>
</TD>
<TD ALIGN="CENTER" VALIGN="MIDDLE" WIDTH="144" HEIGHT="92">액면금액 ×(기준종목의 만기평가가격/기준종목의 최초기준가격)</TD>
</TR>
</TBODY>
</TABLE>
<P USERMARK="F-GL10 B">*기준종목 :모든 기초자산 중 [만기평가가격/최초기준가격]의 비율이 가장 낮은 기초자산</P>

<P USERMARK="F-GL11 ">○ 
<SPAN USERMARK="B">만기평가가격</SPAN> : 만기평가일 각 기초자산 종가○ 
<SPAN USERMARK="B">만기평가일</SPAN> : 2028년 12월 29일○ 
<SPAN USERMARK="B">만기일</SPAN> : 2029년 01월 04일               (만기일 결정 방식 : 만기평가일(불포함) 후 3영업일)
</P>
<P></P>

<TABLE ACLASS="NORMAL" AFIXTABLE="N" BORDER="0" WIDTH="600">

<COLGROUP WIDTH="600">
<COL WIDTH="600"></COL>
</COLGROUP>

<TBODY>

<TR ACOPY="Y" ADELETE="Y" HEIGHT="30">
<TD WIDTH="591" HEIGHT="23" ALIGN="RIGHT">2026년 01월 05일</TD>
</TR>

<TR ACOPY="Y" ADELETE="Y" HEIGHT="30">
<TD WIDTH="591" HEIGHT="23" ALIGN="RIGHT">하나증권 주식회사</TD>
</TR>

<TR ACOPY="Y" ADELETE="Y" HEIGHT="30">
<TD WIDTH="591" HEIGHT="23" ALIGN="RIGHT">대표이사    강성묵   (인)</TD>
</TR>
</TBODY>
</TABLE>
<P></P>
</SECTION-2>
</LIBRARY>

</SECTION-1>
</BODY>
</DOCUMENT>