<?xml version="1.0" encoding="utf-8"?>


<DOCUMENT xmlns:xsi="http://www.w3.org/2001/XMLSchema-instance" xsi:noNamespaceSchemaLocation="dart4.xsd">

<DOCUMENT-NAME ACODE="10800">증권발행실적보고서</DOCUMENT-NAME>
<FORMULA-VERSION ADATE="20230828">6.0</FORMULA-VERSION>
<COMPANY-NAME AREGCIK="00104856">삼성증권</COMPANY-NAME>


<BODY ATOCID="10">

<COVER>
<COVER-TITLE ATOC="Y" AASSOCNOTE="COVER" ATOCID="1" ENG="Post-Issuance Report">증권발행실적보고서</COVER-TITLE>

<TABLE ACLASS="NORMAL" AFIXTABLE="N" WIDTH="600" BORDER="0">

<COLGROUP WIDTH="600">
<COL WIDTH="161"></COL>
<COL WIDTH="439"></COL>
</COLGROUP>

<TBODY>

<TR ACOPY="Y" ADELETE="Y" HEIGHT="53">
<TD CLASS="NORMAL" COLSPAN="2" WIDTH="591" HEIGHT="46"></TD>
</TR>

<TR ACOPY="Y" ADELETE="Y" HEIGHT="30">
<TD CLASS="NORMAL" WIDTH="152" HEIGHT="23">금융감독원장 귀하</TD>
<TD CLASS="NORMAL" ALIGN="RIGHT" WIDTH="430" HEIGHT="23">2026년 01월 06일</TD>
</TR>

<TR ACOPY="Y" ADELETE="Y" HEIGHT="55">
<TD CLASS="NORMAL" WIDTH="152" HEIGHT="48"></TD>
<TD CLASS="NORMAL" WIDTH="430" HEIGHT="48"></TD>
</TR>

<TR ACOPY="Y" ADELETE="Y" HEIGHT="53">
<TD CLASS="NORMAL" WIDTH="152" HEIGHT="46">회 사 명 :</TD>
<TD CLASS="NORMAL" WIDTH="430" HEIGHT="46">삼성증권주식회사</TD>
</TR>

<TR ACOPY="Y" ADELETE="Y" HEIGHT="53">
<TD CLASS="NORMAL" WIDTH="152" HEIGHT="46">대표 이사:</TD>
<TD CLASS="NORMAL" WIDTH="430" HEIGHT="46">박   종   문</TD>
</TR>

<TR ACOPY="Y" ADELETE="Y" HEIGHT="32">
<TD CLASS="NORMAL" WIDTH="152" HEIGHT="25">본 점 소 재 지 :</TD>
<TD CLASS="NORMAL" WIDTH="430" HEIGHT="25">서울시 서초구 서초대로 74길 11 삼성전자 빌딩</TD>
</TR>

<TR ACOPY="Y" ADELETE="Y" HEIGHT="30">
<TD CLASS="NORMAL" WIDTH="152" HEIGHT="23"></TD>
<TD CLASS="NORMAL" WIDTH="430" HEIGHT="23">(전 화) 02-2020-8000</TD>
</TR>

<TR ACOPY="Y" ADELETE="Y" HEIGHT="30">
<TD CLASS="NORMAL" WIDTH="152" HEIGHT="23"></TD>
<TD CLASS="NORMAL" WIDTH="430" HEIGHT="23">(홈페이지) http://www.samsungpop.com</TD>
</TR>

<TR ACOPY="Y" ADELETE="Y" HEIGHT="31">
<TD CLASS="NORMAL" WIDTH="152" HEIGHT="24"></TD>
<TD CLASS="NORMAL" WIDTH="430" HEIGHT="24"></TD>
</TR>

<TR ACOPY="Y" ADELETE="Y" HEIGHT="30">
<TD CLASS="NORMAL" WIDTH="152" HEIGHT="23">작 성 책 임 자 :</TD>
<TD CLASS="NORMAL" WIDTH="430" HEIGHT="23">(직 책) Equity파생운용팀장 (성 명) 김   병   인</TD>
</TR>

<TR ACOPY="Y" ADELETE="Y" HEIGHT="30">
<TD CLASS="NORMAL" WIDTH="152" HEIGHT="23"></TD>
<TD CLASS="NORMAL" WIDTH="430" HEIGHT="23">(전 화) 02-2020-7636</TD>
</TR>

<TR ACOPY="Y" ADELETE="Y" HEIGHT="53">
<TD CLASS="NORMAL" WIDTH="152" HEIGHT="46"></TD>
<TD CLASS="NORMAL" WIDTH="430" HEIGHT="46"></TD>
</TR>
</TBODY>
</TABLE>
</COVER>

<SECTION-1 ACLASS="MANDATORY" APARTSOURCE="SOURCE">

<LIBRARY>
<SECTION-2 ACLASS="MANDATORY">
<TITLE ATOC="Y" AASSOCNOTE="L-0-0-1-0" ATOCID="2" ENG="Ⅰ. Subscription and Allotment">Ⅰ. 청약 및 배정에 관한 사항</TITLE>

<SECTION-3 ACLASS="MANDATORY">
<TITLE ATOC="Y" ATOCID="3" ENG="1. Subscription and payment schedule">1. 청약 및 납입일정</TITLE>

<TABLE-GROUP ACLASS="SB_DT_DV" ADELETETABLE="N">

<TABLE ACLASS="EXTRACTION" AFIXTABLE="N" WIDTH="600" BORDER="1">

<COLGROUP WIDTH="600">
<COL WIDTH="150"></COL>
<COL WIDTH="150"></COL>
<COL WIDTH="150"></COL>
<COL WIDTH="150"></COL>
</COLGROUP>

<THEAD>

<TR ACOPY="Y" ADELETE="Y" HEIGHT="30">
<TH VALIGN="MIDDLE" WIDTH="141" ACOPYCOL="N" ADELETECOL="N" AMOVECOL="N" AUPDATECONT="N" HEIGHT="23" ENG="Type of securities">증권의 종류</TH>
<TH VALIGN="MIDDLE" WIDTH="141" ACOPYCOL="N" ADELETECOL="N" AMOVECOL="N" AUPDATECONT="N" HEIGHT="23" ENG="Subscription start date">청약 개시일</TH>
<TH VALIGN="MIDDLE" WIDTH="141" ACOPYCOL="N" ADELETECOL="N" AMOVECOL="N" AUPDATECONT="N" HEIGHT="23" ENG="Subscription closing date">청약 종료일</TH>
<TH VALIGN="MIDDLE" WIDTH="141" ACOPYCOL="N" ADELETECOL="N" AMOVECOL="N" AUPDATECONT="N" HEIGHT="23" ENG="Payment date">납입일</TH>
</TR>
</THEAD>

<TBODY>

<TR ACOPY="Y" ADELETE="N" HEIGHT="30">
<TU ALIGN="CENTER" VALIGN="MIDDLE" AUNIT="STK_KND" AUNITVALUE="1" WIDTH="141" HEIGHT="23" ENG="Equity-linked securities">주가연계증권</TU>
<TU ALIGN="CENTER" VALIGN="MIDDLE" AUNIT="SB_STR_DT" AUNITVALUE="20260105" WIDTH="141" HEIGHT="23">2026년 01월 05일</TU>
<TU ALIGN="CENTER" VALIGN="MIDDLE" AUNIT="SB_END_DT" AUNITVALUE="20260106" WIDTH="141" HEIGHT="23">2026년 01월 06일</TU>
<TU ALIGN="CENTER" VALIGN="MIDDLE" AUNIT="PYM_DT" AUNITVALUE="20260106" WIDTH="141" HEIGHT="23">2026년 01월 06일</TU>
</TR>
</TBODY>
</TABLE>
</TABLE-GROUP>
<P></P>
<P></P>
</SECTION-3>

<SECTION-3 ACLASS="MANDATORY">
<TITLE ATOC="Y" ATOCID="4" ENG="2. Underwriting amount by underwriting institution">2. 인수기관별 인수금액</TITLE>

<TABLE-GROUP ACLASS="ACC_AMT_DV" ADELETETABLE="N">

<TABLE ACLASS="EXTRACTION" AFIXTABLE="Y" WIDTH="600" BORDER="0">

<COLGROUP WIDTH="600">
<COL WIDTH="300"></COL>
<COL WIDTH="300"></COL>
</COLGROUP>

<TBODY>

<TR ACOPY="N" ADELETE="N" HEIGHT="30">
<TD VALIGN="BOTTOM" WIDTH="291" HEIGHT="23"></TD>
<TU ALIGN="RIGHT" VALIGN="BOTTOM" WIDTH="291" AUNIT="WON" AUNITVALUE="1" HEIGHT="23" ENG="(Unit: KRW)">(단위 : 원)</TU>
</TR>
</TBODY>
</TABLE>

<TABLE ACLASS="EXTRACTION" AFIXTABLE="N" WIDTH="600" BORDER="1">

<COLGROUP WIDTH="600">
<COL WIDTH="148"></COL>
<COL WIDTH="147"></COL>
<COL WIDTH="191"></COL>
<COL WIDTH="114"></COL>
</COLGROUP>

<THEAD>

<TR ACOPY="N" ADELETE="N" HEIGHT="30">
<TH VALIGN="MIDDLE" WIDTH="139" ACOPYCOL="N" ADELETECOL="N" AMOVECOL="N" AUPDATECONT="N" HEIGHT="23" ENG="Underwriting institution">인수기관</TH>
<TH VALIGN="MIDDLE" WIDTH="138" ACOPYCOL="N" ADELETECOL="N" AMOVECOL="N" AUPDATECONT="N" HEIGHT="23" ENG="Ordinal">회 차</TH>
<TH VALIGN="MIDDLE" WIDTH="182" ACOPYCOL="N" ADELETECOL="N" AMOVECOL="N" AUPDATECONT="N" HEIGHT="23" ENG="Underwriting amount">인수금액</TH>
<TH VALIGN="MIDDLE" WIDTH="105" ACOPYCOL="N" ADELETECOL="N" AMOVECOL="N" AUPDATECONT="N" HEIGHT="23" ENG="Ratio">비 율</TH>
</TR>
</THEAD>

<TBODY>

<TR ACOPY="Y" ADELETE="N" HEIGHT="30">
<TE ALIGN="CENTER" VALIGN="MIDDLE" ACODE="ACC_ORG" WIDTH="139" HEIGHT="23">0</TE>
<TE ALIGN="RIGHT" VALIGN="MIDDLE" ACODE="SEQ_NO2" WIDTH="138" HEIGHT="23">0</TE>
<TE ALIGN="RIGHT" VALIGN="MIDDLE" ACODE="ACC_AMT" WIDTH="182" HEIGHT="23">0</TE>
<TE ALIGN="RIGHT" VALIGN="MIDDLE" ACODE="ACC_RT" WIDTH="105" HEIGHT="23">0</TE>
</TR>

<TR ACOPY="Y" ADELETE="Y" HEIGHT="30">
<TE ALIGN="CENTER" VALIGN="MIDDLE" ACODE="ACC_ORG" WIDTH="139" HEIGHT="23">0</TE>
<TE ALIGN="RIGHT" VALIGN="MIDDLE" ACODE="SEQ_NO2" WIDTH="138" HEIGHT="23">0</TE>
<TE ALIGN="RIGHT" VALIGN="MIDDLE" ACODE="ACC_AMT" WIDTH="182" HEIGHT="23">0</TE>
<TE ALIGN="RIGHT" VALIGN="MIDDLE" ACODE="ACC_RT" WIDTH="105" HEIGHT="23">0</TE>
</TR>
</TBODY>
</TABLE>
</TABLE-GROUP>
<P>본 증권은 발행회사의 직접모집이므로 인수행위가 없습니다.</P>
</SECTION-3>

<SECTION-3 ACLASS="MANDATORY">
<TITLE ATOC="Y" ATOCID="5" ENG="3. Subscription and allotment status">3. 청약 및 배정현황</TITLE>

<TABLE-GROUP ACLASS="DST_CD_DV" ADELETETABLE="N">

<TABLE ACLASS="EXTRACTION" AFIXTABLE="Y" WIDTH="747" BORDER="0">

<COLGROUP WIDTH="747">
<COL WIDTH="374"></COL>
<COL WIDTH="373"></COL>
</COLGROUP>

<TBODY>

<TR ACOPY="Y" ADELETE="Y" HEIGHT="30">
<TD WIDTH="365" HEIGHT="23"></TD>
<TU ALIGN="RIGHT" WIDTH="364" AUNIT="WONSTOCKPERCENT" AUNITVALUE="1" HEIGHT="23" ENG="(Unit: KRW, shares, %)">(단위 : 원, 주, %)</TU>
</TR>
</TBODY>
</TABLE>

<TABLE ACLASS="EXTRACTION" AFIXTABLE="N" WIDTH="747" BORDER="1">

<COLGROUP WIDTH="747">
<COL WIDTH="70"></COL>
<COL WIDTH="117"></COL>
<COL WIDTH="91"></COL>
<COL WIDTH="122"></COL>
<COL WIDTH="72"></COL>
<COL WIDTH="97"></COL>
<COL WIDTH="117"></COL>
<COL WIDTH="61"></COL>
</COLGROUP>

<THEAD>

<TR ACOPY="N" ADELETE="N" HEIGHT="30">
<TH ROWSPAN="2" VALIGN="MIDDLE" WIDTH="61" ACOPYCOL="N" ADELETECOL="N" AMOVECOL="N" AUPDATECONT="N" HEIGHT="53" ENG="Ordinal">회 차</TH>
<TH VALIGN="MIDDLE" WIDTH="108" ACOPYCOL="N" ADELETECOL="N" AMOVECOL="N" AUPDATECONT="N" ROWSPAN="2" HEIGHT="53" ENG="Total amount of offering">모집 총액</TH>
<TH COLSPAN="3" VALIGN="MIDDLE" WIDTH="276" ACOPYCOL="N" ADELETECOL="N" AMOVECOL="N" AUPDATECONT="N" HEIGHT="23" ENG="Subscription status">청약현황</TH>
<TH COLSPAN="3" VALIGN="MIDDLE" WIDTH="266" ACOPYCOL="N" ADELETECOL="N" AMOVECOL="N" AUPDATECONT="N" HEIGHT="23" ENG="Final allotment status">최종배정현황</TH>
</TR>

<TR ACOPY="N" ADELETE="N" HEIGHT="30">
<TH VALIGN="MIDDLE" ACOPYCOL="N" ADELETECOL="N" AMOVECOL="N" AUPDATECONT="N" WIDTH="82" HEIGHT="23" ENG="Number of cases">건수</TH>
<TH VALIGN="MIDDLE" ACOPYCOL="N" ADELETECOL="N" AMOVECOL="N" AUPDATECONT="N" WIDTH="113" HEIGHT="23" ENG="Amount">금액</TH>
<TH VALIGN="MIDDLE" ACOPYCOL="N" ADELETECOL="N" AMOVECOL="N" AUPDATECONT="N" WIDTH="63" HEIGHT="23" ENG="Ratio">비율</TH>
<TH VALIGN="MIDDLE" ACOPYCOL="N" ADELETECOL="N" AMOVECOL="N" AUPDATECONT="N" WIDTH="88" HEIGHT="23" ENG="Number of cases">건수</TH>
<TH VALIGN="MIDDLE" ACOPYCOL="N" ADELETECOL="N" AMOVECOL="N" AUPDATECONT="N" WIDTH="108" HEIGHT="23" ENG="Amount">금액</TH>
<TH VALIGN="MIDDLE" ACOPYCOL="N" ADELETECOL="N" AMOVECOL="N" AUPDATECONT="N" WIDTH="52" HEIGHT="23" ENG="Ratio">비율</TH>
</TR>
</THEAD>

<TBODY>

<TR ACOPY="Y" ADELETE="N" HEIGHT="30">
<TE ALIGN="CENTER" ACODE="SEQ_NO2" WIDTH="61" HEIGHT="23">30662</TE>
<TE ALIGN="RIGHT" ACODE="TOT_RET_AMT" WIDTH="108" HEIGHT="23">9,900,000,000</TE>
<TE ALIGN="RIGHT" ACODE="SB_CNT" WIDTH="82" HEIGHT="23">1</TE>
<TE ALIGN="RIGHT" ACODE="SB_AMT" WIDTH="113" HEIGHT="23">3,960,000,000</TE>
<TE ALIGN="RIGHT" ACODE="SB_RT" WIDTH="63" HEIGHT="23">40.0</TE>
<TE ALIGN="RIGHT" ACODE="DV_CNT" WIDTH="88" HEIGHT="23">1</TE>
<TE ALIGN="RIGHT" ACODE="DV_AMT" WIDTH="108" HEIGHT="23">3,960,000,000</TE>
<TE ALIGN="RIGHT" ACODE="DV_RT" WIDTH="52" HEIGHT="23">40.0</TE>
</TR>
</TBODY>
</TABLE>
</TABLE-GROUP>
<P></P>
<P></P>
</SECTION-3>

<SECTION-3 ACLASS="MANDATORY">
<TITLE ATOC="Y" ATOCID="6" ENG="4. Allotment method">4. 배정방법</TITLE>
<P>다음 각호의 방식으로 처리합니다.(i) 공모결과 총 청약금액이 모집금액의 100% 이상인 경우 청약금액에 비례하여 안분배정함(1증권 미만 절사). 단, 위 안분배정으로 발생한 잔여수량에 대해서는 청약자의 청약금액이 큰 순서대로 해당 청약자에게 각 1증권씩 배정하되, 청약금액이 동일한 청약자가 경합하는 경우에는 위탁계좌 개설일이 앞서는 순서, 위탁계좌 개설일이 동일한 청약자가 경합하는 경우에는 위탁계좌번호가 앞서는 순서대로 잔여수량을 1증권씩 배정함. 그러한 배정에 따른 후에도 남게되는 잔여수량에 대해서는 배정을 하지 아니함으로써 미발행으로 처리함.(ii) 공모결과 총 청약금액이 모집금액의 100%에 미달하는 경우 미달분은 미납처리하여 부분납입으로 종결함.</P>
<P></P>
</SECTION-3>
</SECTION-2>

<SECTION-2 ACLASS="MANDATORY">
<TITLE ATOC="Y" AASSOCNOTE="L-0-0-3-0" ATOCID="7" ENG="Ⅱ. Date of Securities Delivery, etc.">Ⅱ. 증권교부일 등</TITLE>
<P></P>
<P>1) 증권교부일 : 해당사항 없음 (증권의 실물은 투자자에게 교부되지 아니하며, 투자자는 전자등록기관의 계좌관리기관등 자기계좌부 또는 계좌관리기관의 고객계좌부에의 전자등록을 통하여 본 증권을 보유합니다.)2) 상장일 : 해당사항 없음.</P>
<P>3) 증자등기일 : 해당사항 없음.</P>
</SECTION-2>

<SECTION-2 ACLASS="MANDATORY">
<TITLE ATOC="Y" AASSOCNOTE="L-0-0-4-0" ATOCID="8" ENG="Ⅲ. Disclosure Implementation Status">Ⅲ. 공시 이행상황</TITLE>
<P></P>
<P>가. 청약공고</P>

<TABLE ACLASS="NORMAL" AFIXTABLE="N" WIDTH="600" BORDER="1">

<COLGROUP WIDTH="600">
<COL WIDTH="200"></COL>
<COL WIDTH="200"></COL>
<COL WIDTH="200"></COL>
</COLGROUP>

<THEAD>

<TR ACOPY="Y" ADELETE="Y" HEIGHT="30">
<TH VALIGN="MIDDLE" WIDTH="191" ACOPYCOL="Y" ADELETECOL="Y" AMOVECOL="N" HEIGHT="23">구 분</TH>
<TH VALIGN="MIDDLE" WIDTH="191" ACOPYCOL="Y" ADELETECOL="Y" AMOVECOL="N" HEIGHT="23">장 소</TH>
<TH VALIGN="MIDDLE" WIDTH="191" ACOPYCOL="Y" ADELETECOL="Y" AMOVECOL="N" HEIGHT="23">일 자</TH>
</TR>
</THEAD>

<TBODY>

<TR ACOPY="Y" ADELETE="Y" HEIGHT="76">
<TD ROWSPAN="2" ALIGN="CENTER" VALIGN="MIDDLE" WIDTH="191" HEIGHT="99">청 약 공 고</TD>
<TD ALIGN="CENTER" VALIGN="MIDDLE" WIDTH="191" HEIGHT="69">금융위(금감원)전자공시시스템 홈페이지(http://dart.fss.or.kr)</TD>
<TD ALIGN="CENTER" VALIGN="MIDDLE" WIDTH="191" HEIGHT="69">2025년 12월 24일</TD>
</TR>

<TR ACOPY="Y" ADELETE="Y" HEIGHT="30">
<TD ALIGN="CENTER" VALIGN="MIDDLE" WIDTH="191" HEIGHT="23"></TD>
<TD ALIGN="CENTER" VALIGN="MIDDLE" WIDTH="191" HEIGHT="23"></TD>
</TR>
</TBODY>
</TABLE>
<P></P>
<P>나. 배정공고</P>

<TABLE ACLASS="NORMAL" AFIXTABLE="N" WIDTH="600" BORDER="1">

<COLGROUP WIDTH="600">
<COL WIDTH="200"></COL>
<COL WIDTH="200"></COL>
<COL WIDTH="200"></COL>
</COLGROUP>

<THEAD>

<TR ACOPY="Y" ADELETE="Y" HEIGHT="30">
<TH VALIGN="MIDDLE" WIDTH="191" ACOPYCOL="Y" ADELETECOL="Y" AMOVECOL="N" HEIGHT="23">구 분</TH>
<TH VALIGN="MIDDLE" WIDTH="191" ACOPYCOL="Y" ADELETECOL="Y" AMOVECOL="N" HEIGHT="23">장 소</TH>
<TH VALIGN="MIDDLE" WIDTH="191" ACOPYCOL="Y" ADELETECOL="Y" AMOVECOL="N" HEIGHT="23">일 자</TH>
</TR>
</THEAD>

<TBODY>

<TR ACOPY="Y" ADELETE="Y" HEIGHT="76">
<TD ROWSPAN="2" ALIGN="CENTER" VALIGN="MIDDLE" WIDTH="191" HEIGHT="99">배 정 공 고</TD>
<TD ALIGN="CENTER" VALIGN="MIDDLE" WIDTH="191" HEIGHT="69">금융위(금감원)전자공시시스템 홈페이지(http://dart.fss.or.kr)</TD>
<TD ALIGN="CENTER" VALIGN="MIDDLE" WIDTH="191" HEIGHT="69">2026년 01월 06일</TD>
</TR>

<TR ACOPY="Y" ADELETE="Y" HEIGHT="30">
<TD ALIGN="CENTER" VALIGN="MIDDLE" WIDTH="191" HEIGHT="23"></TD>
<TD ALIGN="CENTER" VALIGN="MIDDLE" WIDTH="191" HEIGHT="23"></TD>
</TR>
</TBODY>
</TABLE>
<P></P>
<P>다. 증권신고서(일괄신고 추가서류 포함) 공시</P>
<P>전자문서 : 금융위(금감원)홈페이지 → dart.fss.or.kr</P>
<P>라. 투자설명서 공시</P>
<P>전자문서 : 금융위(금감원)홈페이지 → dart.fss.or.kr</P>
</SECTION-2>

<SECTION-2 ACLASS="MANDATORY">
<TITLE ATOC="Y" AASSOCNOTE="L-0-0-5-0" ATOCID="9" ENG="Ⅳ. Details of Use of Procured Funds">Ⅳ. 조달된 자금의 사용내역</TITLE>
<P></P>
<P>가. 자금조달내역</P>

<TABLE ACLASS="NORMAL" AFIXTABLE="N" WIDTH="600" BORDER="0">

<COLGROUP WIDTH="600">
<COL WIDTH="71"></COL>
<COL WIDTH="375"></COL>
<COL WIDTH="51"></COL>
<COL WIDTH="103"></COL>
</COLGROUP>

<TBODY>

<TR ACOPY="Y" ADELETE="Y" HEIGHT="30">
<TD WIDTH="62" HEIGHT="23">[종목명 :</TD>
<TD WIDTH="366" HEIGHT="23">삼성증권 제30662회 주가연계증권</TD>
<TD WIDTH="42" HEIGHT="23">]</TD>
<TD ALIGN="RIGHT" VALIGN="BOTTOM" WIDTH="94" HEIGHT="23">(단위 : 원)</TD>
</TR>
</TBODY>
</TABLE>

<TABLE ACLASS="NORMAL" AFIXTABLE="N" WIDTH="621" BORDER="1">

<COLGROUP WIDTH="621">
<COL WIDTH="84"></COL>
<COL WIDTH="116"></COL>
<COL WIDTH="63"></COL>
<COL WIDTH="90"></COL>
<COL WIDTH="121"></COL>
<COL WIDTH="123"></COL>
<COL WIDTH="24"></COL>
</COLGROUP>

<THEAD>

<TR ACOPY="Y" ADELETE="Y" HEIGHT="30">
<TH ROWSPAN="2" VALIGN="MIDDLE" WIDTH="75" ACOPYCOL="Y" ADELETECOL="Y" AMOVECOL="N" HEIGHT="104">구 분</TH>
<TH ROWSPAN="2" VALIGN="MIDDLE" WIDTH="107" ACOPYCOL="Y" ADELETECOL="Y" AMOVECOL="N" HEIGHT="104">신고서상발행예정총액</TH>
<TH COLSPAN="3" VALIGN="MIDDLE" WIDTH="265" ACOPYCOL="Y" ADELETECOL="Y" AMOVECOL="N" HEIGHT="23">실제 자금조달총액</TH>
<TH ROWSPAN="2" VALIGN="MIDDLE" WIDTH="114" ACOPYCOL="Y" ADELETECOL="Y" AMOVECOL="N" HEIGHT="104">확정권면총액</TH>
<TH ROWSPAN="2" VALIGN="MIDDLE" WIDTH="15" ACOPYCOL="Y" ADELETECOL="Y" AMOVECOL="N" HEIGHT="104">비 고</TH>
</TR>

<TR ACOPY="Y" ADELETE="Y" HEIGHT="81">
<TH VALIGN="MIDDLE" ACOPYCOL="Y" ADELETECOL="Y" AMOVECOL="N" WIDTH="54" HEIGHT="74">발행가액(A)</TH>
<TH VALIGN="MIDDLE" ACOPYCOL="Y" ADELETECOL="Y" AMOVECOL="N" WIDTH="81" HEIGHT="74">수량(B)</TH>
<TH VALIGN="MIDDLE" ACOPYCOL="Y" ADELETECOL="Y" AMOVECOL="N" WIDTH="112" HEIGHT="74">발행총액(A×B)</TH>
</TR>
</THEAD>

<TBODY>

<TR ACOPY="Y" ADELETE="Y" HEIGHT="53">
<TD ALIGN="CENTER" VALIGN="MIDDLE" WIDTH="75" HEIGHT="46">모 집(a)</TD>
<TD ALIGN="RIGHT" WIDTH="107" HEIGHT="46">9,900,000,000</TD>
<TD ALIGN="RIGHT" WIDTH="54" HEIGHT="46">9,900</TD>
<TD ALIGN="RIGHT" WIDTH="81" HEIGHT="46">400,000</TD>
<TD ALIGN="RIGHT" WIDTH="112" HEIGHT="46">3,960,000,000</TD>
<TD ALIGN="RIGHT" WIDTH="114" HEIGHT="46">3,960,000,000</TD>
<TD WIDTH="15" HEIGHT="46">-</TD>
</TR>

<TR ACOPY="Y" ADELETE="Y" HEIGHT="30">
<TD ALIGN="CENTER" VALIGN="MIDDLE" WIDTH="75" HEIGHT="23">매 출(b)</TD>
<TD ALIGN="RIGHT" WIDTH="107" HEIGHT="23">0</TD>
<TD ALIGN="RIGHT" WIDTH="54" HEIGHT="23">0</TD>
<TD ALIGN="RIGHT" WIDTH="81" HEIGHT="23">0</TD>
<TD ALIGN="RIGHT" WIDTH="112" HEIGHT="23">0</TD>
<TD ALIGN="RIGHT" WIDTH="114" HEIGHT="23">0</TD>
<TD WIDTH="15" HEIGHT="23">-</TD>
</TR>

<TR ACOPY="Y" ADELETE="Y" HEIGHT="54">
<TD ALIGN="CENTER" VALIGN="MIDDLE" WIDTH="75" HEIGHT="47">총계(a + b)</TD>
<TD ALIGN="RIGHT" WIDTH="107" HEIGHT="47">9,900,000,000</TD>
<TD ALIGN="RIGHT" WIDTH="54" HEIGHT="47">9,900</TD>
<TD ALIGN="RIGHT" WIDTH="81" HEIGHT="47">400,000</TD>
<TD ALIGN="RIGHT" WIDTH="112" HEIGHT="47">3,960,000,000</TD>
<TD ALIGN="RIGHT" WIDTH="114" HEIGHT="47">3,960,000,000</TD>
<TD WIDTH="15" HEIGHT="47">-</TD>
</TR>
</TBODY>
</TABLE>
<P>나. 발행비용</P>
<P>(1) 인수수수료 : -</P>
<P>(2) 발행분담금 : 198,000 원</P>
<P>(3) 보증료 : -</P>
<P>(4) 기타비용 : -</P>
<P></P>
<P>다. 자금사용예정내역</P>
<P>(1) 개 요</P>
<P>- 중도 및 만기상환금액의 헷지를 위하여, 납입된 자금의 일부 또는 전체를 본 증권과 유사한 내용의 증권을 매입하거나 기초자산 및 그와 관련된 파생상품 등의 운용에 사용할 계획입니다.</P>
<P>(2) 사용내역</P>
<P>[종목명 : 삼성증권 제30662회 주가연계증권]</P>

<TABLE AFIXTABLE="N" WIDTH="600" BORDER="1" ACLASS="NORMAL">

<COLGROUP WIDTH="600">
<COL WIDTH="317"></COL>
<COL WIDTH="283"></COL>
</COLGROUP>

<TBODY>

<TR ACOPY="Y" ADELETE="Y" HEIGHT="30">
<TD ALIGN="CENTER" WIDTH="308" HEIGHT="23">내역</TD>
<TD ALIGN="CENTER" WIDTH="274" HEIGHT="23">금액</TD>
</TR>

<TR ACOPY="Y" ADELETE="Y" HEIGHT="30">
<TD ALIGN="CENTER" VALIGN="MIDDLE" WIDTH="308" HEIGHT="23">우량 등급 채권 및 선물, 옵션, 유동성 등 기타</TD>
<TD ALIGN="CENTER" VALIGN="MIDDLE" WIDTH="274" HEIGHT="23">3,960,000,000 원</TD>
</TR>

<TR ACOPY="Y" ADELETE="Y" HEIGHT="30">
<TD ALIGN="CENTER" VALIGN="MIDDLE" WIDTH="308" HEIGHT="23">합계</TD>
<TD ALIGN="CENTER" VALIGN="MIDDLE" WIDTH="274" HEIGHT="23">3,960,000,000 원</TD>
</TR>
</TBODY>
</TABLE>
<P></P>
</SECTION-2>

<SECTION-2 ACLASS="MANDATORY">
<TITLE ATOC="Y" AASSOCNOTE="L-0-0-8-0" ATOCID="10" ENG="Ⅴ. Confirmed Details of the Projected Profit and Loss Structure">Ⅴ. 예상손익구조의 확정내용</TITLE>
<P></P>
<P>[종목명 : 삼성증권 제30662회 주가연계증권]</P>
<P>- 최초기준가격 및 자동조기상환내역</P>

<TABLE ACLASS="NORMAL" AFIXTABLE="N" BORDER="1" WIDTH="586">

<COLGROUP WIDTH="586">
<COL WIDTH="171"></COL>
<COL WIDTH="415"></COL>
</COLGROUP>

<THEAD>

<TR ACOPY="Y" ADELETE="Y" HEIGHT="30">
<TH ACOPYCOL="Y" ADELETECOL="Y" AMOVECOL="N" USERMARK="B" WIDTH="162" HEIGHT="23">항 목</TH>
<TH ACOPYCOL="Y" ADELETECOL="Y" AMOVECOL="N" USERMARK="B" WIDTH="406" HEIGHT="23">내 용</TH>
</TR>
</THEAD>

<TBODY>

<TR ACOPY="Y" ADELETE="Y" HEIGHT="168">
<TD WIDTH="162" HEIGHT="161">1) 최초기준가격 </TD>

<TD WIDTH="406" HEIGHT="161">
<P>[KOSPI200]: [최초기준가격 결정일 현재 기초자산의 거래소 종가 또는 산출된 종가]</P>
<P>[EUROSTOXX50]: [최초기준가격 결정일 현재 기초자산의 거래소 종가 또는 산출된 종가]</P>
<P>[S&P500]: [최초기준가격 결정일 현재 기초자산의 거래소 종가 또는 산출된 종가]</P>
<P></P>
</TD>
</TR>

<TR ACOPY="Y" ADELETE="Y" HEIGHT="237">
<TD USERMARK="B 0XFF0000" WIDTH="162" HEIGHT="230">2) 최초기준가격 결정일 (예정) </TD>
<TD USERMARK="B 0XFF0000" WIDTH="406" HEIGHT="230">[2026년 01월 05일]※ 각 기준가격 결정일은 해당 거래소가 위치한 현지 시간 기준으로 결정됩니다.※ 기준가격 결정일이 본 설명서상 정의된 거래소영업일이 아닌 경우 그 다음 거래소영업일이 해당 기준가격 결정일로 됩니다.※ 기초자산이 복수이고 기준가격 결정일이 어느 기초자산의 거래소영업일이 아닌 경우, 이후 모든 기초자산이 정상적으로 거래되는 최초 거래소영업일이 모든 기초자산의 기준가격 결정일로 됩니다.</TD>
</TR>

<TR ACOPY="Y" ADELETE="Y" HEIGHT="76">
<TD USERMARK="B 0XFF0000" WIDTH="162" HEIGHT="69">3) 중간기준가격 </TD>

<TD USERMARK="B 0XFF0000" WIDTH="406" HEIGHT="69">
<P USERMARK="B 0XFF0000">각 중간기준가격 결정일 현재 각 기초자산의 거래소 종가 또는 산출된 종가(총 [5]회)</P>
<P></P>
</TD>
</TR>

<TR ACOPY="Y" ADELETE="Y" HEIGHT="329">
<TD USERMARK="B 0XFF0000" WIDTH="162" HEIGHT="322">4) 중간기준가격 결정일(예정) </TD>
<TD USERMARK="B 0XFF0000" WIDTH="406" HEIGHT="322">1차: 2026년 07월 01일2차: 2026년 12월 30일3차: 2027년 07월 01일4차: 2028년 01월 03일5차: 2028년 07월 03일※ 각 기준가격 결정일은 해당 거래소가 위치한 현지 시간 기준으로 결정됩니다.※ 기준가격 결정일이 본 설명서상 정의된 거래소영업일이 아닌 경우 그 다음 거래소영업일이 해당 기준가격 결정일로 됩니다.※ 기초자산이 복수이고 기준가격 결정일이 어느 기초자산의 거래소영업일이 아닌 경우, 이후 모든 기초자산이 정상적으로 거래되는 최초 거래소영업일이 모든 기초자산의 기준가격 결정일로 됩니다.</TD>
</TR>

<TR ACOPY="Y" ADELETE="Y" HEIGHT="467">
<TD WIDTH="162" HEIGHT="460">5) 중간기준가격 결정일 행사가격</TD>

<TD WIDTH="406" HEIGHT="460">
<P>1차 중간기준가격 결정일 행사가격:</P>
<P>[KOSPI200] : [최초기준가격 x 85%]</P>
<P>[EUROSTOXX50] : [최초기준가격 x 85%]</P>
<P>[S&P500] : [최초기준가격 x 85%]</P>
<P>2차 중간기준가격 결정일 행사가격:</P>
<P>[KOSPI200] : [최초기준가격 x 85%]</P>
<P>[EUROSTOXX50] : [최초기준가격 x 85%]</P>
<P>[S&P500] : [최초기준가격 x 85%]</P>
<P>3차 중간기준가격 결정일 행사가격:</P>
<P>[KOSPI200] : [최초기준가격 x 80%]</P>
<P>[EUROSTOXX50] : [최초기준가격 x 80%]</P>
<P>[S&P500] : [최초기준가격 x 80%]</P>
<P>4차 중간기준가격 결정일 행사가격:</P>
<P>[KOSPI200] : [최초기준가격 x 75%]</P>
<P>[EUROSTOXX50] : [최초기준가격 x 75%]</P>
<P>[S&P500] : [최초기준가격 x 75%]</P>
<P>5차 중간기준가격 결정일 행사가격:</P>
<P>[KOSPI200] : [최초기준가격 x 70%]</P>
<P>[EUROSTOXX50] : [최초기준가격 x 70%]</P>
<P>[S&P500] : [최초기준가격 x 70%]</P>
</TD>
</TR>

<TR ACOPY="Y" ADELETE="Y" HEIGHT="789">
<TD WIDTH="162" HEIGHT="782">6) 자동조기상환조건 및 자동조기상환금액 </TD>
<TD WIDTH="406" HEIGHT="782"><1>1차 중간기준가격 결정일에 각 기초자산의 해당 중간기준가격이 모두 1차 중간기준가격 결정일 행사가격보다 크거나 같으면, 1차 중간기준가격 결정일에 본 증권에 대한 발행회사의 자동조기상환 이행의무가 발생합니다. 이 때 상환금액은 [액면가액 x (100% + 3.3%)]로 합니다.<2>위 <1>에 의한 자동조기상환 이행의무가 발생하지 않은 경우, 2차 중간기준가격 결정일에 각 기초자산의 해당 중간기준가격이 모두 2차 중간기준가격 결정일 행사가격보다 크거나 같으면, 2차 중간기준가격 결정일에 본 증권에 대한 발행회사의 자동조기상환 이행의무가 발생합니다. 이 때 상환금액은 [액면가액 x (100% + 6.6%)]로 합니다.<3>위 <2>에 의한 자동조기상환 이행의무가 발생하지 않은 경우, 3차 중간기준가격 결정일에 각 기초자산의 해당 중간기준가격이 모두 3차 중간기준가격 결정일 행사가격보다 크거나 같으면, 3차 중간기준가격 결정일에 본 증권에 대한 발행회사의 자동조기상환 이행의무가 발생합니다. 이 때 상환금액은 [액면가액 x (100% + 9.9%)]로 합니다.<4>위 <3>에 의한 자동조기상환 이행의무가 발생하지 않은 경우, 4차 중간기준가격 결정일에 각 기초자산의 해당 중간기준가격이 모두 4차 중간기준가격 결정일 행사가격보다 크거나 같으면, 4차 중간기준가격 결정일에 본 증권에 대한 발행회사의 자동조기상환 이행의무가 발생합니다. 이 때 상환금액은 [액면가액 x (100% + 13.2%)]로 합니다.<5>위 <4>에 의한 자동조기상환 이행의무가 발생하지 않은 경우, 5차 중간기준가격 결정일에 각 기초자산의 해당 중간기준가격이 모두 5차 중간기준가격 결정일 행사가격보다 크거나 같으면, 5차 중간기준가격 결정일에 본 증권에 대한 발행회사의 자동조기상환 이행의무가 발생합니다. 이 때 상환금액은 [액면가액 x (100% + 16.5%)]로 합니다.위의 각 경우가 모두 발생하지 않으면 발행회사의 자동조기상환 이행의무는 발생하지 않으며, 일단 자동조기상환 이행의무가 발생하면, 발행회사는 자동조기상환금액 지급의무 외에 추가적인 상환의무를 부담하지 않습니다.</TD>
</TR>

<TR ACOPY="Y" ADELETE="Y" HEIGHT="53">
<TD WIDTH="162" HEIGHT="46">7) 자동조기상환금액 지급일 </TD>
<TD WIDTH="406" HEIGHT="46">해당 중간기준가격 결정일(불포함) 후 [2]영업일 </TD>
</TR>
</TBODY>
</TABLE>

<P USERMARK="F-GL11 ">
<SPAN USERMARK="B">- 만기상환내역</SPAN>
</P>

<TABLE ACLASS="NORMAL" AFIXTABLE="N" BORDER="1" WIDTH="586">

<COLGROUP WIDTH="586">
<COL WIDTH="171"></COL>
<COL WIDTH="415"></COL>
</COLGROUP>

<THEAD>

<TR ACOPY="Y" ADELETE="Y" HEIGHT="30">
<TH ACOPYCOL="Y" ADELETECOL="Y" AMOVECOL="N" USERMARK="B" WIDTH="162" HEIGHT="23">항 목</TH>
<TH ACOPYCOL="Y" ADELETECOL="Y" AMOVECOL="N" USERMARK="B" WIDTH="406" HEIGHT="23">내 용</TH>
</TR>
</THEAD>

<TBODY>

<TR ACOPY="Y" ADELETE="Y" HEIGHT="168">
<TD USERMARK="B 0XFF0000" WIDTH="162" HEIGHT="161">1) 최종기준가격 </TD>

<TD USERMARK="B 0XFF0000" WIDTH="406" HEIGHT="161">
<P USERMARK="B 0XFF0000">[KOSPI200]: [최종기준가격 결정일 현재 기초자산의 거래소 종가 또는 산출된 종가]</P>
<P USERMARK="B 0XFF0000">[EUROSTOXX50]: [최종기준가격 결정일 현재 기초자산의 거래소 종가 또는 산출된 종가]</P>
<P USERMARK="B 0XFF0000">[S&P500]: [최종기준가격 결정일 현재 기초자산의 거래소 종가 또는 산출된 종가]</P>
<P></P>
</TD>
</TR>

<TR ACOPY="Y" ADELETE="Y" HEIGHT="237">
<TD WIDTH="162" HEIGHT="230">2) 최종기준가격 결정일 (예정) </TD>
<TD WIDTH="406" HEIGHT="230">만기일※ 각 기준가격 결정일은 해당 거래소가 위치한 현지 시간 기준으로 결정됩니다.※ 기준가격 결정일이 본 설명서상 정의된 거래소영업일이 아닌 경우 그 다음 거래소영업일이 해당 기준가격 결정일로 됩니다.※ 기초자산이 복수이고 기준가격 결정일이 어느 기초자산의 거래소영업일이 아닌 경우, 이후 모든 기초자산이 정상적으로 거래되는 최초 거래소영업일이 모든 기초자산의 기준가격 결정일로 됩니다.</TD>
</TR>

<TR ACOPY="Y" ADELETE="Y" HEIGHT="76">
<TD WIDTH="162" HEIGHT="69">3) 만기행사가격 </TD>
<TD WIDTH="406" HEIGHT="69">[KOSPI200]: [최초기준가격 x 55%][EUROSTOXX50]: [최초기준가격 x 55%][S&P500]: [최초기준가격 x 55%]</TD>
</TR>

<TR ACOPY="Y" ADELETE="Y" HEIGHT="76">
<TD WIDTH="162" HEIGHT="69">4) Worst 가격변동률 </TD>
<TD WIDTH="406" HEIGHT="69">각 기초자산에 대하여[(최종기준가격 - 최초기준가격) / 최초기준가격] 을 계산하여 얻은 값들 중 최소의 값 </TD>
</TR>

<TR ACOPY="Y" ADELETE="Y" HEIGHT="191">
<TD WIDTH="162" HEIGHT="184">5) 만기상환금액 </TD>
<TD WIDTH="406" HEIGHT="184"><1> 상기 자동조기상환 이행의무가 발생하지 않은 경우 각 기초자산의 최종기준가격이 모두 각각의 만기행사가격보다 크거나 같게 되면, 발행회사는 [액면가액 x (100% + [19.8%])]를 만기상환금액으로 지급합니다.<2> 하나의 기초자산이라도 최종기준가격이 해당 만기행사가격보다 작게 되면 발행회사는 [액면가액 x (Worst 가격변동률 + 1)]을 만기상환금액으로 지급합니다. 이 경우에는 원금의 손실이 발생합니다.</TD>
</TR>

<TR ACOPY="Y" ADELETE="Y" HEIGHT="53">
<TD WIDTH="162" HEIGHT="46">6) 만기상환금액 지급일 </TD>
<TD WIDTH="406" HEIGHT="46">최종기준가격 결정일(불포함) 후 [2]영업일 </TD>
</TR>
</TBODY>
</TABLE>
</SECTION-2>
</LIBRARY>

</SECTION-1>
</BODY>
</DOCUMENT>