<?xml version="1.0" encoding="utf-8"?>


<DOCUMENT xmlns:xsi="http://www.w3.org/2001/XMLSchema-instance" xsi:noNamespaceSchemaLocation="dart4.xsd">

<DOCUMENT-NAME ACODE="80901">지급수단별ㆍ지급기간별지급금액및분쟁조정기구에관한사항</DOCUMENT-NAME>
<FORMULA-VERSION ADATE="20240607">6.0</FORMULA-VERSION>
<COMPANY-NAME AREGCIK="01132713">농업회사법인(주)팜엔코</COMPANY-NAME>


<BODY ATOCID="2">

<LIBRARY>
<CORRECTION>
<TITLE ATOC="Y" AASSOCNOTE="CORRECTION" ENG="Report of Disclosure Revision" ATOCID="2">정 정 신 고 (보고)</TITLE>

<TABLE ACLASS="NORMAL" AFIXTABLE="Y" WIDTH="600" BORDER="0">

<COLGROUP WIDTH="600">
<COL WIDTH="600"></COL>
</COLGROUP>

<TBODY>

<TR ACOPY="N" ADELETE="N" HEIGHT="30">
<TD WIDTH="591" HEIGHT="23"></TD>
</TR>

<TR ACOPY="N" ADELETE="N" HEIGHT="30">
<TD WIDTH="591" HEIGHT="23" ALIGN="RIGHT">2026년 01월 05일</TD>
</TR>
</TBODY>
</TABLE>
<P></P>
<P></P>

<TABLE ACLASS="NORMAL" AFIXTABLE="Y" WIDTH="619" BORDER="0">

<COLGROUP WIDTH="619">
<COL WIDTH="171"></COL>
<COL WIDTH="448"></COL>
</COLGROUP>

<TBODY>

<TR ACOPY="N" ADELETE="N" HEIGHT="30">
<TD WIDTH="162" VALIGN="MIDDLE" AUPDATECONT="N" ENG="1. Disclosure document to be revised:" HEIGHT="23">1. 정정대상 공시서류 :</TD>
<TD WIDTH="439" VALIGN="MIDDLE" HEIGHT="23">지급수단별ㆍ지급기간별 지급금액 및 분쟁조정기구에 관한 사항</TD>
</TR>
</TBODY>
</TABLE>
<P></P>

<TABLE ACLASS="NORMAL" AFIXTABLE="Y" WIDTH="600" BORDER="0">

<COLGROUP WIDTH="600">
<COL WIDTH="260"></COL>
<COL WIDTH="340"></COL>
</COLGROUP>

<TBODY>

<TR ACOPY="N" ADELETE="N" HEIGHT="30">
<TD WIDTH="251" VALIGN="MIDDLE" AUPDATECONT="N" ENG="2. First submission date of disclosure document to be revised:" HEIGHT="23">2. 정정대상 공시서류의 최초제출일 :</TD>
<TD WIDTH="331" VALIGN="MIDDLE" HEIGHT="23">2025.08.12</TD>
</TR>
</TBODY>
</TABLE>
<P></P>

<TABLE ACLASS="NORMAL" AFIXTABLE="Y" WIDTH="600" BORDER="0">

<COLGROUP WIDTH="600">
<COL WIDTH="600"></COL>
</COLGROUP>

<TBODY>

<TR ACOPY="N" ADELETE="N" HEIGHT="30">
<TD WIDTH="591" HEIGHT="23" VALIGN="MIDDLE" AUPDATECONT="N" ENG="3. Revised Information">3. 정정사항</TD>
</TR>
</TBODY>
</TABLE>

<TABLE ACLASS="NORMAL" AFIXTABLE="N" WIDTH="600" BORDER="1">

<COLGROUP WIDTH="600">
<COL WIDTH="231"></COL>
<COL WIDTH="123"></COL>
<COL WIDTH="123"></COL>
<COL WIDTH="123"></COL>
</COLGROUP>

<THEAD>

<TR ACOPY="N" ADELETE="N" HEIGHT="30">
<TH WIDTH="222" HEIGHT="23" VALIGN="MIDDLE" ACOPYCOL="N" ADELETECOL="N" AMOVECOL="N" AUPDATECONT="N" ENG="Items">항  목</TH>
<TH WIDTH="114" HEIGHT="23" VALIGN="MIDDLE" ACOPYCOL="N" ADELETECOL="N" AMOVECOL="N" AUPDATECONT="N" ENG="Reason for revision">정정사유</TH>
<TH WIDTH="114" HEIGHT="23" VALIGN="MIDDLE" ACOPYCOL="N" ADELETECOL="N" AMOVECOL="N" AUPDATECONT="N" ENG="Before revision">정 정 전</TH>
<TH WIDTH="114" HEIGHT="23" VALIGN="MIDDLE" ACOPYCOL="N" ADELETECOL="N" AMOVECOL="N" AUPDATECONT="N" ENG="After revision">정 정 후</TH>
</TR>
</THEAD>

<TBODY>

<TR ACOPY="Y" ADELETE="Y" HEIGHT="30">
<TD WIDTH="222" HEIGHT="23">1. (제1호) 지급수단별 지급금액</TD>
<TD WIDTH="114" HEIGHT="23" ALIGN="CENTER" VALIGN="MIDDLE">단순 기재오류</TD>
<TD WIDTH="114" HEIGHT="23" ALIGN="CENTER" VALIGN="MIDDLE">주1)</TD>
<TD WIDTH="114" HEIGHT="23" ALIGN="CENTER" VALIGN="MIDDLE">주2)</TD>
</TR>
</TBODY>
</TABLE>
<P>주1) (제1호) 비중 합계 = 100,00 (단순 기재오류 사항 : ',' 기호 입력)</P>

<TABLE WIDTH="954" ACLASS="NORMAL" AFIXTABLE="N" BORDER="1">

<COLGROUP WIDTH="954">
<COL WIDTH="48"></COL>
<COL WIDTH="92"></COL>
<COL WIDTH="58"></COL>
<COL WIDTH="58"></COL>
<COL WIDTH="58"></COL>
<COL WIDTH="58"></COL>
<COL WIDTH="58"></COL>
<COL WIDTH="58"></COL>
<COL WIDTH="58"></COL>
<COL WIDTH="58"></COL>
<COL WIDTH="58"></COL>
<COL WIDTH="58"></COL>
<COL WIDTH="58"></COL>
<COL WIDTH="84"></COL>
<COL WIDTH="92"></COL>
</COLGROUP>

<THEAD>

<TR ACOPY="Y" ADELETE="Y" HEIGHT="30">
<TH VALIGN="MIDDLE" ROWSPAN="2" WIDTH="39" ACOPYCOL="Y" ADELETECOL="Y" AMOVECOL="N" HEIGHT="122"></TH>
<TH VALIGN="MIDDLE" ROWSPAN="2" WIDTH="83" ACOPYCOL="Y" ADELETECOL="Y" AMOVECOL="N" HEIGHT="122">현금및수표</TH>
<TH VALIGN="MIDDLE" COLSPAN="4" WIDTH="223" ACOPYCOL="Y" ADELETECOL="Y" AMOVECOL="N" HEIGHT="23">상생결제</TH>
<TH VALIGN="MIDDLE" COLSPAN="4" WIDTH="223" ACOPYCOL="Y" ADELETECOL="Y" AMOVECOL="N" HEIGHT="23">어음대체결제수단</TH>
<TH VALIGN="MIDDLE" COLSPAN="3" WIDTH="165" ACOPYCOL="Y" ADELETECOL="Y" AMOVECOL="N" HEIGHT="23">어음</TH>
<TH VALIGN="MIDDLE" ROWSPAN="2" WIDTH="75" ACOPYCOL="Y" ADELETECOL="Y" AMOVECOL="N" HEIGHT="122">기타</TH>
<TH VALIGN="MIDDLE" ROWSPAN="2" WIDTH="83" ACOPYCOL="Y" ADELETECOL="Y" AMOVECOL="N" HEIGHT="122">계</TH>
</TR>

<TR ACOPY="Y" ADELETE="Y" HEIGHT="99">
<TH VALIGN="MIDDLE" ACOPYCOL="Y" ADELETECOL="Y" AMOVECOL="N" WIDTH="49" HEIGHT="92">만기10일이하</TH>
<TH VALIGN="MIDDLE" ACOPYCOL="Y" ADELETECOL="Y" AMOVECOL="N" WIDTH="49" HEIGHT="92">10일초과60일이하</TH>
<TH VALIGN="MIDDLE" ACOPYCOL="Y" ADELETECOL="Y" AMOVECOL="N" WIDTH="49" HEIGHT="92">60일초과</TH>
<TH VALIGN="MIDDLE" ACOPYCOL="Y" ADELETECOL="Y" AMOVECOL="N" WIDTH="49" HEIGHT="92">소계</TH>
<TH VALIGN="MIDDLE" ACOPYCOL="Y" ADELETECOL="Y" AMOVECOL="N" WIDTH="49" HEIGHT="92">만기1일이하</TH>
<TH VALIGN="MIDDLE" ACOPYCOL="Y" ADELETECOL="Y" AMOVECOL="N" WIDTH="49" HEIGHT="92">1일초과60일이하</TH>
<TH VALIGN="MIDDLE" ACOPYCOL="Y" ADELETECOL="Y" AMOVECOL="N" WIDTH="49" HEIGHT="92">60일초과</TH>
<TH VALIGN="MIDDLE" ACOPYCOL="Y" ADELETECOL="Y" AMOVECOL="N" WIDTH="49" HEIGHT="92">소계</TH>
<TH VALIGN="MIDDLE" ACOPYCOL="Y" ADELETECOL="Y" AMOVECOL="N" WIDTH="49" HEIGHT="92">어음(만기60일이하)</TH>
<TH VALIGN="MIDDLE" ACOPYCOL="Y" ADELETECOL="Y" AMOVECOL="N" WIDTH="49" HEIGHT="92">어음(만기60일초과)</TH>
<TH VALIGN="MIDDLE" ACOPYCOL="Y" ADELETECOL="Y" AMOVECOL="N" WIDTH="49" HEIGHT="92">소계</TH>
</TR>
</THEAD>

<TBODY>

<TR ACOPY="Y" ADELETE="Y" HEIGHT="53">
<TD ALIGN="CENTER" VALIGN="MIDDLE" WIDTH="39" HEIGHT="46">지급금액</TD>
<TD ALIGN="RIGHT" VALIGN="MIDDLE" WIDTH="83" HEIGHT="46">8,387</TD>
<TD ALIGN="RIGHT" VALIGN="MIDDLE" WIDTH="49" HEIGHT="46">-</TD>
<TD ALIGN="RIGHT" VALIGN="MIDDLE" WIDTH="49" HEIGHT="46">-</TD>
<TD ALIGN="RIGHT" VALIGN="MIDDLE" WIDTH="49" HEIGHT="46">-</TD>
<TD ALIGN="RIGHT" VALIGN="MIDDLE" WIDTH="49" HEIGHT="46">-</TD>
<TD ALIGN="RIGHT" VALIGN="MIDDLE" WIDTH="49" HEIGHT="46">-</TD>
<TD ALIGN="RIGHT" VALIGN="MIDDLE" WIDTH="49" HEIGHT="46">-</TD>
<TD ALIGN="RIGHT" VALIGN="MIDDLE" WIDTH="49" HEIGHT="46">-</TD>
<TD ALIGN="RIGHT" VALIGN="MIDDLE" WIDTH="49" HEIGHT="46">-</TD>
<TD ALIGN="RIGHT" VALIGN="MIDDLE" WIDTH="49" HEIGHT="46">-</TD>
<TD ALIGN="RIGHT" VALIGN="MIDDLE" WIDTH="49" HEIGHT="46">-</TD>
<TD ALIGN="RIGHT" VALIGN="MIDDLE" WIDTH="49" HEIGHT="46">-</TD>
<TD ALIGN="RIGHT" VALIGN="MIDDLE" WIDTH="75" HEIGHT="46">-</TD>
<TD ALIGN="RIGHT" VALIGN="MIDDLE" WIDTH="83" HEIGHT="46">8,387</TD>
</TR>

<TR ACOPY="Y" ADELETE="Y" HEIGHT="30">
<TD ALIGN="CENTER" VALIGN="MIDDLE" WIDTH="39" HEIGHT="23">비중</TD>
<TD ALIGN="CENTER" VALIGN="MIDDLE" WIDTH="83" HEIGHT="23">100.00</TD>
<TD ALIGN="CENTER" VALIGN="MIDDLE" WIDTH="49" HEIGHT="23">-</TD>
<TD ALIGN="CENTER" VALIGN="MIDDLE" WIDTH="49" HEIGHT="23">-</TD>
<TD ALIGN="CENTER" VALIGN="MIDDLE" WIDTH="49" HEIGHT="23">-</TD>
<TD ALIGN="CENTER" VALIGN="MIDDLE" WIDTH="49" HEIGHT="23">-</TD>
<TD ALIGN="CENTER" VALIGN="MIDDLE" WIDTH="49" HEIGHT="23">-</TD>
<TD ALIGN="CENTER" VALIGN="MIDDLE" WIDTH="49" HEIGHT="23">-</TD>
<TD ALIGN="CENTER" VALIGN="MIDDLE" WIDTH="49" HEIGHT="23">-</TD>
<TD ALIGN="CENTER" VALIGN="MIDDLE" WIDTH="49" HEIGHT="23">-</TD>
<TD ALIGN="CENTER" VALIGN="MIDDLE" WIDTH="49" HEIGHT="23">-</TD>
<TD ALIGN="CENTER" VALIGN="MIDDLE" WIDTH="49" HEIGHT="23">-</TD>
<TD ALIGN="CENTER" VALIGN="MIDDLE" WIDTH="49" HEIGHT="23">-</TD>
<TD ALIGN="CENTER" VALIGN="MIDDLE" WIDTH="75" HEIGHT="23">-</TD>
<TD ALIGN="CENTER" VALIGN="MIDDLE" USERMARK="B" WIDTH="83" HEIGHT="23">100,00</TD>
</TR>

<TR ACOPY="Y" ADELETE="Y" HEIGHT="30">
<TD ALIGN="RIGHT" VALIGN="MIDDLE" COLSPAN="10" WIDTH="595" HEIGHT="23">현금결제비율</TD>
<TD ALIGN="CENTER" VALIGN="MIDDLE" COLSPAN="5" WIDTH="341" HEIGHT="23">100.00</TD>
</TR>

<TR ACOPY="Y" ADELETE="Y" HEIGHT="30">
<TD ALIGN="RIGHT" VALIGN="MIDDLE" COLSPAN="10" WIDTH="595" HEIGHT="23">현금성결제비율</TD>
<TD ALIGN="CENTER" VALIGN="MIDDLE" COLSPAN="5" WIDTH="341" HEIGHT="23">100.00</TD>
</TR>

<TR ACOPY="Y" ADELETE="Y" HEIGHT="30">
<TD ALIGN="CENTER" VALIGN="MIDDLE" WIDTH="39" HEIGHT="23">비고</TD>
<TD VALIGN="MIDDLE" COLSPAN="14" WIDTH="897" HEIGHT="23">-</TD>
</TR>
</TBODY>
</TABLE>
<P>주2) (제1호) 비중 합계 = 100.00 (단순 기재정정 : ',' → '.')</P>

<TABLE WIDTH="954" ACLASS="NORMAL" AFIXTABLE="N" BORDER="1">

<COLGROUP WIDTH="954">
<COL WIDTH="48"></COL>
<COL WIDTH="92"></COL>
<COL WIDTH="58"></COL>
<COL WIDTH="58"></COL>
<COL WIDTH="58"></COL>
<COL WIDTH="58"></COL>
<COL WIDTH="58"></COL>
<COL WIDTH="58"></COL>
<COL WIDTH="58"></COL>
<COL WIDTH="58"></COL>
<COL WIDTH="58"></COL>
<COL WIDTH="58"></COL>
<COL WIDTH="58"></COL>
<COL WIDTH="84"></COL>
<COL WIDTH="92"></COL>
</COLGROUP>

<THEAD>

<TR ACOPY="Y" ADELETE="Y" HEIGHT="30">
<TH VALIGN="MIDDLE" ROWSPAN="2" WIDTH="39" ACOPYCOL="Y" ADELETECOL="Y" AMOVECOL="N" HEIGHT="122"></TH>
<TH VALIGN="MIDDLE" ROWSPAN="2" WIDTH="83" ACOPYCOL="Y" ADELETECOL="Y" AMOVECOL="N" HEIGHT="122">현금및수표</TH>
<TH VALIGN="MIDDLE" COLSPAN="4" WIDTH="223" ACOPYCOL="Y" ADELETECOL="Y" AMOVECOL="N" HEIGHT="23">상생결제</TH>
<TH VALIGN="MIDDLE" COLSPAN="4" WIDTH="223" ACOPYCOL="Y" ADELETECOL="Y" AMOVECOL="N" HEIGHT="23">어음대체결제수단</TH>
<TH VALIGN="MIDDLE" COLSPAN="3" WIDTH="165" ACOPYCOL="Y" ADELETECOL="Y" AMOVECOL="N" HEIGHT="23">어음</TH>
<TH VALIGN="MIDDLE" ROWSPAN="2" WIDTH="75" ACOPYCOL="Y" ADELETECOL="Y" AMOVECOL="N" HEIGHT="122">기타</TH>
<TH VALIGN="MIDDLE" ROWSPAN="2" WIDTH="83" ACOPYCOL="Y" ADELETECOL="Y" AMOVECOL="N" HEIGHT="122">계</TH>
</TR>

<TR ACOPY="Y" ADELETE="Y" HEIGHT="99">
<TH VALIGN="MIDDLE" ACOPYCOL="Y" ADELETECOL="Y" AMOVECOL="N" WIDTH="49" HEIGHT="92">만기10일이하</TH>
<TH VALIGN="MIDDLE" ACOPYCOL="Y" ADELETECOL="Y" AMOVECOL="N" WIDTH="49" HEIGHT="92">10일초과60일이하</TH>
<TH VALIGN="MIDDLE" ACOPYCOL="Y" ADELETECOL="Y" AMOVECOL="N" WIDTH="49" HEIGHT="92">60일초과</TH>
<TH VALIGN="MIDDLE" ACOPYCOL="Y" ADELETECOL="Y" AMOVECOL="N" WIDTH="49" HEIGHT="92">소계</TH>
<TH VALIGN="MIDDLE" ACOPYCOL="Y" ADELETECOL="Y" AMOVECOL="N" WIDTH="49" HEIGHT="92">만기1일이하</TH>
<TH VALIGN="MIDDLE" ACOPYCOL="Y" ADELETECOL="Y" AMOVECOL="N" WIDTH="49" HEIGHT="92">1일초과60일이하</TH>
<TH VALIGN="MIDDLE" ACOPYCOL="Y" ADELETECOL="Y" AMOVECOL="N" WIDTH="49" HEIGHT="92">60일초과</TH>
<TH VALIGN="MIDDLE" ACOPYCOL="Y" ADELETECOL="Y" AMOVECOL="N" WIDTH="49" HEIGHT="92">소계</TH>
<TH VALIGN="MIDDLE" ACOPYCOL="Y" ADELETECOL="Y" AMOVECOL="N" WIDTH="49" HEIGHT="92">어음(만기60일이하)</TH>
<TH VALIGN="MIDDLE" ACOPYCOL="Y" ADELETECOL="Y" AMOVECOL="N" WIDTH="49" HEIGHT="92">어음(만기60일초과)</TH>
<TH VALIGN="MIDDLE" ACOPYCOL="Y" ADELETECOL="Y" AMOVECOL="N" WIDTH="49" HEIGHT="92">소계</TH>
</TR>
</THEAD>

<TBODY>

<TR ACOPY="Y" ADELETE="Y" HEIGHT="53">
<TD ALIGN="CENTER" VALIGN="MIDDLE" WIDTH="39" HEIGHT="46">지급금액</TD>
<TD ALIGN="RIGHT" VALIGN="MIDDLE" WIDTH="83" HEIGHT="46">8,387</TD>
<TD ALIGN="RIGHT" VALIGN="MIDDLE" WIDTH="49" HEIGHT="46">-</TD>
<TD ALIGN="RIGHT" VALIGN="MIDDLE" WIDTH="49" HEIGHT="46">-</TD>
<TD ALIGN="RIGHT" VALIGN="MIDDLE" WIDTH="49" HEIGHT="46">-</TD>
<TD ALIGN="RIGHT" VALIGN="MIDDLE" WIDTH="49" HEIGHT="46">-</TD>
<TD ALIGN="RIGHT" VALIGN="MIDDLE" WIDTH="49" HEIGHT="46">-</TD>
<TD ALIGN="RIGHT" VALIGN="MIDDLE" WIDTH="49" HEIGHT="46">-</TD>
<TD ALIGN="RIGHT" VALIGN="MIDDLE" WIDTH="49" HEIGHT="46">-</TD>
<TD ALIGN="RIGHT" VALIGN="MIDDLE" WIDTH="49" HEIGHT="46">-</TD>
<TD ALIGN="RIGHT" VALIGN="MIDDLE" WIDTH="49" HEIGHT="46">-</TD>
<TD ALIGN="RIGHT" VALIGN="MIDDLE" WIDTH="49" HEIGHT="46">-</TD>
<TD ALIGN="RIGHT" VALIGN="MIDDLE" WIDTH="49" HEIGHT="46">-</TD>
<TD ALIGN="RIGHT" VALIGN="MIDDLE" WIDTH="75" HEIGHT="46">-</TD>
<TD ALIGN="RIGHT" VALIGN="MIDDLE" WIDTH="83" HEIGHT="46">8,387</TD>
</TR>

<TR ACOPY="Y" ADELETE="Y" HEIGHT="30">
<TD ALIGN="CENTER" VALIGN="MIDDLE" WIDTH="39" HEIGHT="23">비중</TD>
<TD ALIGN="CENTER" VALIGN="MIDDLE" WIDTH="83" HEIGHT="23">100.00</TD>
<TD ALIGN="CENTER" VALIGN="MIDDLE" WIDTH="49" HEIGHT="23">-</TD>
<TD ALIGN="CENTER" VALIGN="MIDDLE" WIDTH="49" HEIGHT="23">-</TD>
<TD ALIGN="CENTER" VALIGN="MIDDLE" WIDTH="49" HEIGHT="23">-</TD>
<TD ALIGN="CENTER" VALIGN="MIDDLE" WIDTH="49" HEIGHT="23">-</TD>
<TD ALIGN="CENTER" VALIGN="MIDDLE" WIDTH="49" HEIGHT="23">-</TD>
<TD ALIGN="CENTER" VALIGN="MIDDLE" WIDTH="49" HEIGHT="23">-</TD>
<TD ALIGN="CENTER" VALIGN="MIDDLE" WIDTH="49" HEIGHT="23">-</TD>
<TD ALIGN="CENTER" VALIGN="MIDDLE" WIDTH="49" HEIGHT="23">-</TD>
<TD ALIGN="CENTER" VALIGN="MIDDLE" WIDTH="49" HEIGHT="23">-</TD>
<TD ALIGN="CENTER" VALIGN="MIDDLE" WIDTH="49" HEIGHT="23">-</TD>
<TD ALIGN="CENTER" VALIGN="MIDDLE" WIDTH="49" HEIGHT="23">-</TD>
<TD ALIGN="CENTER" VALIGN="MIDDLE" WIDTH="75" HEIGHT="23">-</TD>
<TD ALIGN="CENTER" VALIGN="MIDDLE" USERMARK="B" WIDTH="83" HEIGHT="23">100.00</TD>
</TR>

<TR ACOPY="Y" ADELETE="Y" HEIGHT="30">
<TD ALIGN="RIGHT" VALIGN="MIDDLE" COLSPAN="10" WIDTH="595" HEIGHT="23">현금결제비율</TD>
<TD ALIGN="CENTER" VALIGN="MIDDLE" COLSPAN="5" WIDTH="341" HEIGHT="23">100.00</TD>
</TR>

<TR ACOPY="Y" ADELETE="Y" HEIGHT="30">
<TD ALIGN="RIGHT" VALIGN="MIDDLE" COLSPAN="10" WIDTH="595" HEIGHT="23">현금성결제비율</TD>
<TD ALIGN="CENTER" VALIGN="MIDDLE" COLSPAN="5" WIDTH="341" HEIGHT="23">100.00</TD>
</TR>

<TR ACOPY="Y" ADELETE="Y" HEIGHT="30">
<TD ALIGN="CENTER" VALIGN="MIDDLE" WIDTH="39" HEIGHT="23">비고</TD>
<TD VALIGN="MIDDLE" COLSPAN="14" WIDTH="897" HEIGHT="23">-</TD>
</TR>
</TBODY>
</TABLE>
<PGBRK></PGBRK>
</CORRECTION>
</LIBRARY>


<SECTION-1 ACLASS="MANDATORY" APARTSOURCE="SOURCE">
<TITLE ATOC="Y" AASSOCNOTE="D-0-1-0-0" ENG="Matters Concerning Payment Amount for Each Payment Method/Payment Period and Dispute Resolution Organization" ATOCID="1">지급수단별ㆍ지급기간별 지급금액 및 분쟁조정기구에 관한 사항</TITLE>
<P></P>

<TABLE ACLASS="NORMAL" WIDTH="905" BORDER="1">

<COLGROUP WIDTH="905">
<COL WIDTH="63"></COL>
<COL WIDTH="48"></COL>
<COL WIDTH="63"></COL>
<COL WIDTH="180"></COL>
<COL WIDTH="78"></COL>
<COL WIDTH="92"></COL>
<COL WIDTH="108"></COL>
<COL WIDTH="108"></COL>
<COL WIDTH="78"></COL>
<COL WIDTH="87"></COL>
</COLGROUP>

<TBODY>

<TR ACOPY="Y" ADELETE="Y" HEIGHT="53">
<TD ALIGN="CENTER" VALIGN="MIDDLE" WIDTH="54" HEIGHT="46">기업집단명</TD>
<TD ALIGN="CENTER" VALIGN="MIDDLE" WIDTH="39" HEIGHT="46">하림</TD>
<TD ALIGN="CENTER" VALIGN="MIDDLE" WIDTH="54" HEIGHT="46">회사명</TD>
<TD ALIGN="CENTER" VALIGN="MIDDLE" WIDTH="171" HEIGHT="46">농업회사법인(주)팜엔코</TD>
<TD ALIGN="CENTER" VALIGN="MIDDLE" WIDTH="69" HEIGHT="46">공시일자</TD>
<TD ALIGN="CENTER" VALIGN="MIDDLE" WIDTH="83" HEIGHT="46">2026.01.05</TD>
<TD ALIGN="CENTER" VALIGN="MIDDLE" WIDTH="99" HEIGHT="46">공시대상기간</TD>
<TD ALIGN="CENTER" VALIGN="MIDDLE" WIDTH="99" HEIGHT="46">2025.01.01~ 2025.06.30</TD>
<TD ALIGN="CENTER" VALIGN="MIDDLE" WIDTH="69" HEIGHT="46">관련법규</TD>
<TD ALIGN="CENTER" VALIGN="MIDDLE" WIDTH="78" HEIGHT="46">하도급법제13조의3</TD>
</TR>
</TBODY>
</TABLE>
<P></P>
<P>1. (제1호) 지급수단별 지급금액</P>

<TABLE ACLASS="NORMAL" WIDTH="956" BORDER="0">

<COLGROUP WIDTH="956">
<COL WIDTH="956"></COL>
</COLGROUP>

<TBODY>

<TR ACOPY="Y" ADELETE="Y" HEIGHT="30">
<TD ALIGN="RIGHT" WIDTH="947" HEIGHT="23">[지급금액 단위(천원), 비중(%, 소수점 둘째자리)]</TD>
</TR>
</TBODY>
</TABLE>

<TABLE ACLASS="NORMAL" WIDTH="954" BORDER="1">

<COLGROUP WIDTH="954">
<COL WIDTH="48"></COL>
<COL WIDTH="92"></COL>
<COL WIDTH="58"></COL>
<COL WIDTH="58"></COL>
<COL WIDTH="58"></COL>
<COL WIDTH="58"></COL>
<COL WIDTH="58"></COL>
<COL WIDTH="58"></COL>
<COL WIDTH="58"></COL>
<COL WIDTH="58"></COL>
<COL WIDTH="58"></COL>
<COL WIDTH="58"></COL>
<COL WIDTH="58"></COL>
<COL WIDTH="84"></COL>
<COL WIDTH="92"></COL>
</COLGROUP>

<THEAD>

<TR ACOPY="Y" ADELETE="Y" HEIGHT="30">
<TH ROWSPAN="2" VALIGN="MIDDLE" WIDTH="39" ACOPYCOL="Y" ADELETECOL="Y" AMOVECOL="N" HEIGHT="122"></TH>
<TH ROWSPAN="2" VALIGN="MIDDLE" WIDTH="83" ACOPYCOL="Y" ADELETECOL="Y" AMOVECOL="N" HEIGHT="122">현금및수표</TH>
<TH COLSPAN="4" VALIGN="MIDDLE" WIDTH="223" ACOPYCOL="Y" ADELETECOL="Y" AMOVECOL="N" HEIGHT="23">상생결제</TH>
<TH COLSPAN="4" VALIGN="MIDDLE" WIDTH="223" ACOPYCOL="Y" ADELETECOL="Y" AMOVECOL="N" HEIGHT="23">어음대체결제수단</TH>
<TH COLSPAN="3" VALIGN="MIDDLE" WIDTH="165" ACOPYCOL="Y" ADELETECOL="Y" AMOVECOL="N" HEIGHT="23">어음</TH>
<TH ROWSPAN="2" VALIGN="MIDDLE" WIDTH="75" ACOPYCOL="Y" ADELETECOL="Y" AMOVECOL="N" HEIGHT="122">기타</TH>
<TH ROWSPAN="2" VALIGN="MIDDLE" WIDTH="83" ACOPYCOL="Y" ADELETECOL="Y" AMOVECOL="N" HEIGHT="122">계</TH>
</TR>

<TR ACOPY="Y" ADELETE="Y" HEIGHT="99">
<TH VALIGN="MIDDLE" ACOPYCOL="Y" ADELETECOL="Y" AMOVECOL="N" WIDTH="49" HEIGHT="92">만기10일이하</TH>
<TH VALIGN="MIDDLE" ACOPYCOL="Y" ADELETECOL="Y" AMOVECOL="N" WIDTH="49" HEIGHT="92">10일초과60일이하</TH>
<TH VALIGN="MIDDLE" ACOPYCOL="Y" ADELETECOL="Y" AMOVECOL="N" WIDTH="49" HEIGHT="92">60일초과</TH>
<TH VALIGN="MIDDLE" ACOPYCOL="Y" ADELETECOL="Y" AMOVECOL="N" WIDTH="49" HEIGHT="92">소계</TH>
<TH VALIGN="MIDDLE" ACOPYCOL="Y" ADELETECOL="Y" AMOVECOL="N" WIDTH="49" HEIGHT="92">만기1일이하</TH>
<TH VALIGN="MIDDLE" ACOPYCOL="Y" ADELETECOL="Y" AMOVECOL="N" WIDTH="49" HEIGHT="92">1일초과60일이하</TH>
<TH VALIGN="MIDDLE" ACOPYCOL="Y" ADELETECOL="Y" AMOVECOL="N" WIDTH="49" HEIGHT="92">60일초과</TH>
<TH VALIGN="MIDDLE" ACOPYCOL="Y" ADELETECOL="Y" AMOVECOL="N" WIDTH="49" HEIGHT="92">소계</TH>
<TH VALIGN="MIDDLE" ACOPYCOL="Y" ADELETECOL="Y" AMOVECOL="N" WIDTH="49" HEIGHT="92">어음(만기60일이하)</TH>
<TH VALIGN="MIDDLE" ACOPYCOL="Y" ADELETECOL="Y" AMOVECOL="N" WIDTH="49" HEIGHT="92">어음(만기60일초과)</TH>
<TH VALIGN="MIDDLE" ACOPYCOL="Y" ADELETECOL="Y" AMOVECOL="N" WIDTH="49" HEIGHT="92">소계</TH>
</TR>
</THEAD>

<TBODY>

<TR ACOPY="Y" ADELETE="Y" HEIGHT="53">
<TD ALIGN="CENTER" VALIGN="MIDDLE" WIDTH="39" HEIGHT="46">지급금액</TD>
<TD ALIGN="RIGHT" VALIGN="MIDDLE" WIDTH="83" HEIGHT="46">8,387</TD>
<TD ALIGN="RIGHT" VALIGN="MIDDLE" WIDTH="49" HEIGHT="46">-</TD>
<TD ALIGN="RIGHT" VALIGN="MIDDLE" WIDTH="49" HEIGHT="46">-</TD>
<TD ALIGN="RIGHT" VALIGN="MIDDLE" WIDTH="49" HEIGHT="46">-</TD>
<TD ALIGN="RIGHT" VALIGN="MIDDLE" WIDTH="49" HEIGHT="46">-</TD>
<TD ALIGN="RIGHT" VALIGN="MIDDLE" WIDTH="49" HEIGHT="46">-</TD>
<TD ALIGN="RIGHT" VALIGN="MIDDLE" WIDTH="49" HEIGHT="46">-</TD>
<TD ALIGN="RIGHT" VALIGN="MIDDLE" WIDTH="49" HEIGHT="46">-</TD>
<TD ALIGN="RIGHT" VALIGN="MIDDLE" WIDTH="49" HEIGHT="46">-</TD>
<TD ALIGN="RIGHT" VALIGN="MIDDLE" WIDTH="49" HEIGHT="46">-</TD>
<TD ALIGN="RIGHT" VALIGN="MIDDLE" WIDTH="49" HEIGHT="46">-</TD>
<TD ALIGN="RIGHT" VALIGN="MIDDLE" WIDTH="49" HEIGHT="46">-</TD>
<TD ALIGN="RIGHT" VALIGN="MIDDLE" WIDTH="75" HEIGHT="46">-</TD>
<TD ALIGN="RIGHT" VALIGN="MIDDLE" WIDTH="83" HEIGHT="46">8,387</TD>
</TR>

<TR ACOPY="Y" ADELETE="Y" HEIGHT="30">
<TD ALIGN="CENTER" VALIGN="MIDDLE" WIDTH="39" HEIGHT="23">비중</TD>
<TD ALIGN="CENTER" VALIGN="MIDDLE" WIDTH="83" HEIGHT="23">100.00</TD>
<TD ALIGN="CENTER" VALIGN="MIDDLE" WIDTH="49" HEIGHT="23">-</TD>
<TD ALIGN="CENTER" VALIGN="MIDDLE" WIDTH="49" HEIGHT="23">-</TD>
<TD ALIGN="CENTER" VALIGN="MIDDLE" WIDTH="49" HEIGHT="23">-</TD>
<TD ALIGN="CENTER" VALIGN="MIDDLE" WIDTH="49" HEIGHT="23">-</TD>
<TD ALIGN="CENTER" VALIGN="MIDDLE" WIDTH="49" HEIGHT="23">-</TD>
<TD ALIGN="CENTER" VALIGN="MIDDLE" WIDTH="49" HEIGHT="23">-</TD>
<TD ALIGN="CENTER" VALIGN="MIDDLE" WIDTH="49" HEIGHT="23">-</TD>
<TD ALIGN="CENTER" VALIGN="MIDDLE" WIDTH="49" HEIGHT="23">-</TD>
<TD ALIGN="CENTER" VALIGN="MIDDLE" WIDTH="49" HEIGHT="23">-</TD>
<TD ALIGN="CENTER" VALIGN="MIDDLE" WIDTH="49" HEIGHT="23">-</TD>
<TD ALIGN="CENTER" VALIGN="MIDDLE" WIDTH="49" HEIGHT="23">-</TD>
<TD ALIGN="CENTER" VALIGN="MIDDLE" WIDTH="75" HEIGHT="23">-</TD>
<TD ALIGN="CENTER" VALIGN="MIDDLE" WIDTH="83" HEIGHT="23">100.00</TD>
</TR>

<TR ACOPY="Y" ADELETE="Y" HEIGHT="30">
<TD COLSPAN="10" ALIGN="RIGHT" VALIGN="MIDDLE" WIDTH="595" HEIGHT="23">현금결제비율</TD>
<TD COLSPAN="5" ALIGN="CENTER" VALIGN="MIDDLE" WIDTH="341" HEIGHT="23">100.00</TD>
</TR>

<TR ACOPY="Y" ADELETE="Y" HEIGHT="30">
<TD COLSPAN="10" ALIGN="RIGHT" VALIGN="MIDDLE" WIDTH="595" HEIGHT="23">현금성결제비율</TD>
<TD COLSPAN="5" ALIGN="CENTER" VALIGN="MIDDLE" WIDTH="341" HEIGHT="23">100.00</TD>
</TR>

<TR ACOPY="Y" ADELETE="Y" HEIGHT="30">
<TD ALIGN="CENTER" VALIGN="MIDDLE" WIDTH="39" HEIGHT="23">비고</TD>
<TD COLSPAN="14" VALIGN="MIDDLE" WIDTH="897" HEIGHT="23">-</TD>
</TR>
</TBODY>
</TABLE>
<P></P>
<P></P>
<P>2. (제2호) 지급기간별 지급금액</P>

<TABLE ACLASS="NORMAL" WIDTH="600" BORDER="0">

<COLGROUP WIDTH="600">
<COL WIDTH="600"></COL>
</COLGROUP>

<TBODY>

<TR ACOPY="Y" ADELETE="Y" HEIGHT="30">
<TD ALIGN="RIGHT" WIDTH="591" HEIGHT="23">[지급금액 단위(천원), 비중(%, 소수점 둘째자리)]</TD>
</TR>
</TBODY>
</TABLE>

<TABLE ACLASS="NORMAL" WIDTH="600" BORDER="1">

<COLGROUP WIDTH="600">
<COL WIDTH="100"></COL>
<COL WIDTH="100"></COL>
<COL WIDTH="100"></COL>
<COL WIDTH="100"></COL>
<COL WIDTH="100"></COL>
<COL WIDTH="100"></COL>
</COLGROUP>

<THEAD>

<TR ACOPY="Y" ADELETE="Y" HEIGHT="53">
<TH VALIGN="MIDDLE" WIDTH="91" HEIGHT="46" ACOPYCOL="Y" ADELETECOL="Y" AMOVECOL="N"></TH>
<TH VALIGN="MIDDLE" WIDTH="91" HEIGHT="46" ACOPYCOL="Y" ADELETECOL="Y" AMOVECOL="N">10일 이내</TH>
<TH VALIGN="MIDDLE" WIDTH="91" HEIGHT="46" ACOPYCOL="Y" ADELETECOL="Y" AMOVECOL="N">10일 초과15일 이하</TH>
<TH VALIGN="MIDDLE" WIDTH="91" HEIGHT="46" ACOPYCOL="Y" ADELETECOL="Y" AMOVECOL="N">15일 초과30일 이하</TH>
<TH VALIGN="MIDDLE" WIDTH="91" HEIGHT="46" ACOPYCOL="Y" ADELETECOL="Y" AMOVECOL="N">30일 초과60일 이하</TH>
<TH VALIGN="MIDDLE" WIDTH="91" HEIGHT="46" ACOPYCOL="Y" ADELETECOL="Y" AMOVECOL="N">60일 초과</TH>
</TR>
</THEAD>

<TBODY>

<TR ACOPY="Y" ADELETE="Y" HEIGHT="30">
<TD ALIGN="CENTER" WIDTH="91" HEIGHT="23">지급금액</TD>
<TD ALIGN="RIGHT" VALIGN="MIDDLE" WIDTH="91" HEIGHT="23">-</TD>
<TD ALIGN="RIGHT" VALIGN="MIDDLE" WIDTH="91" HEIGHT="23">-</TD>
<TD ALIGN="RIGHT" VALIGN="MIDDLE" WIDTH="91" HEIGHT="23">8,387</TD>
<TD ALIGN="RIGHT" VALIGN="MIDDLE" WIDTH="91" HEIGHT="23">-</TD>
<TD ALIGN="RIGHT" VALIGN="MIDDLE" WIDTH="91" HEIGHT="23">-</TD>
</TR>

<TR ACOPY="Y" ADELETE="Y" HEIGHT="30">
<TD ALIGN="CENTER" WIDTH="91" HEIGHT="23">비중</TD>
<TD ALIGN="CENTER" VALIGN="MIDDLE" WIDTH="91" HEIGHT="23">-</TD>
<TD ALIGN="CENTER" VALIGN="MIDDLE" WIDTH="91" HEIGHT="23">-</TD>
<TD ALIGN="CENTER" VALIGN="MIDDLE" WIDTH="91" HEIGHT="23">100.00</TD>
<TD ALIGN="CENTER" VALIGN="MIDDLE" WIDTH="91" HEIGHT="23">-</TD>
<TD ALIGN="CENTER" VALIGN="MIDDLE" WIDTH="91" HEIGHT="23">-</TD>
</TR>

<TR ACOPY="Y" ADELETE="Y" HEIGHT="30">
<TD ALIGN="CENTER" WIDTH="91" HEIGHT="23">비고</TD>
<TD VALIGN="MIDDLE" WIDTH="491" HEIGHT="23" COLSPAN="5">-</TD>
</TR>
</TBODY>
</TABLE>
<P>3. (제3호) 분쟁조정기구에 관한 사항</P>

<TABLE BORDER="1" WIDTH="600" ACLASS="NORMAL">

<COLGROUP WIDTH="600">
<COL WIDTH="300"></COL>
<COL WIDTH="300"></COL>
</COLGROUP>

<TBODY>

<TR ACOPY="Y" ADELETE="Y" HEIGHT="30">
<TD ALIGN="CENTER" VALIGN="MIDDLE" WIDTH="291" HEIGHT="23"></TD>
<TD ALIGN="CENTER" VALIGN="MIDDLE" WIDTH="291" HEIGHT="23">내용</TD>
</TR>

<TR ACOPY="Y" ADELETE="Y" HEIGHT="30">
<TD ALIGN="CENTER" VALIGN="MIDDLE" WIDTH="291" HEIGHT="23">분쟁조정기구 설치 여부</TD>
<TD ALIGN="CENTER" VALIGN="MIDDLE" WIDTH="291" HEIGHT="23">X</TD>
</TR>

<TR ACOPY="Y" ADELETE="Y" HEIGHT="30">
<TD ALIGN="CENTER" VALIGN="MIDDLE" WIDTH="291" HEIGHT="23">담당부서 및 연락처</TD>
<TD ALIGN="CENTER" VALIGN="MIDDLE" WIDTH="291" HEIGHT="23">-</TD>
</TR>

<TR ACOPY="Y" ADELETE="Y" HEIGHT="30">
<TD ALIGN="CENTER" VALIGN="MIDDLE" WIDTH="291" HEIGHT="23">분쟁조정 신청 절차ㆍ방법</TD>
<TD ALIGN="CENTER" VALIGN="MIDDLE" WIDTH="291" HEIGHT="23">-</TD>
</TR>

<TR ACOPY="Y" ADELETE="Y" HEIGHT="30">
<TD ALIGN="CENTER" VALIGN="MIDDLE" WIDTH="291" HEIGHT="23">분쟁조정 예상 소요기간</TD>
<TD ALIGN="CENTER" VALIGN="MIDDLE" WIDTH="291" HEIGHT="23">-</TD>
</TR>

<TR ACOPY="Y" ADELETE="Y" HEIGHT="30">
<TD ALIGN="CENTER" VALIGN="MIDDLE" WIDTH="291" HEIGHT="23">비고</TD>
<TD ALIGN="CENTER" VALIGN="MIDDLE" WIDTH="291" HEIGHT="23">-</TD>
</TR>
</TBODY>
</TABLE>
<P></P>
</SECTION-1>
</BODY>
</DOCUMENT>