<?xml version="1.0" encoding="utf-8"?>


<DOCUMENT xmlns:xsi="http://www.w3.org/2001/XMLSchema-instance" xsi:noNamespaceSchemaLocation="dart4.xsd">

<DOCUMENT-NAME ACODE="10820">증권발행실적보고서(집합투자증권)</DOCUMENT-NAME>
<FORMULA-VERSION ADATE="20160121">6.0</FORMULA-VERSION>
<COMPANY-NAME AREGCIK="00241412">교보악사자산운용주식회사</COMPANY-NAME>


<BODY ATOCID="7">

<COVER>
<COVER-TITLE ATOC="Y" AASSOCNOTE="COVER" ATOCID="1" ENG="Post-Issuance Report">증권발행실적보고서</COVER-TITLE>

<TABLE ACLASS="NORMAL" AFIXTABLE="N" WIDTH="600" BORDER="0">

<COLGROUP WIDTH="600">
<COL WIDTH="161"></COL>
<COL WIDTH="439"></COL>
</COLGROUP>

<TBODY>

<TR ACOPY="Y" ADELETE="Y" HEIGHT="30">
<TD COLSPAN="2" ALIGN="CENTER" VALIGN="MIDDLE" WIDTH="591" HEIGHT="23">[집합투자증권]</TD>
</TR>

<TR ACOPY="Y" ADELETE="Y" HEIGHT="76">
<TD COLSPAN="2" VALIGN="MIDDLE" WIDTH="591" HEIGHT="69"></TD>
</TR>

<TR ACOPY="Y" ADELETE="Y" HEIGHT="30">
<TD VALIGN="MIDDLE" WIDTH="152" HEIGHT="23">금융감독원장 귀하</TD>
<TD ALIGN="RIGHT" VALIGN="MIDDLE" WIDTH="430" HEIGHT="23">2025년   1월   6일</TD>
</TR>

<TR ACOPY="Y" ADELETE="Y" HEIGHT="30">
<TD VALIGN="MIDDLE" WIDTH="152" HEIGHT="23"></TD>
<TD ALIGN="RIGHT" VALIGN="MIDDLE" WIDTH="430" HEIGHT="23"></TD>
</TR>
</TBODY>
</TABLE>

<TABLE-GROUP ACLASS="_FUND_MAIN_" ADELETETABLE="N">

<TABLE ACLASS="EXTRACTION" AFIXTABLE="Y" WIDTH="600" BORDER="0">

<COLGROUP WIDTH="600">
<COL WIDTH="161"></COL>
<COL WIDTH="248"></COL>
<COL WIDTH="86"></COL>
<COL WIDTH="77"></COL>
<COL WIDTH="28"></COL>
</COLGROUP>

<TBODY>

<TR ACOPY="Y" ADELETE="Y" HEIGHT="53">
<TD VALIGN="MIDDLE" WIDTH="152" HEIGHT="46" AUPDATECONT="N" ENG="Name of the collective investment scheme:">집합투자기구 명칭 :</TD>
<TE VALIGN="MIDDLE" WIDTH="239" HEIGHT="46" ACODE="FUND_NAME">교보악사 완전소중한 증권 자투자회사 K-1호(채권혼합)</TE>
<TD VALIGN="MIDDLE" WIDTH="77" HEIGHT="46" AUPDATECONT="N" ENG="(Fund code:">(펀드코드 :</TD>
<TE ALIGN="CENTER" VALIGN="MIDDLE" WIDTH="68" HEIGHT="46" ACODE="FUND_CODE">67343</TE>
<TD VALIGN="MIDDLE" WIDTH="19" HEIGHT="46" AUPDATECONT="N">)</TD>
</TR>

<TR ACOPY="Y" ADELETE="Y" HEIGHT="30">
<TD COLSPAN="5" WIDTH="591" HEIGHT="23"></TD>
</TR>
</TBODY>
</TABLE>
</TABLE-GROUP>

<TABLE ACLASS="NORMAL" AFIXTABLE="N" WIDTH="600" BORDER="0">

<COLGROUP WIDTH="600">
<COL WIDTH="161"></COL>
<COL WIDTH="439"></COL>
</COLGROUP>

<TBODY>

<TR ACOPY="Y" ADELETE="Y" HEIGHT="30">
<TD CLASS="NORMAL" WIDTH="152" HEIGHT="23">집합투자업자 명칭 :</TD>
<TD CLASS="NORMAL" WIDTH="430" HEIGHT="23">교보악사자산운용주식회사</TD>
</TR>

<TR ACOPY="Y" ADELETE="Y" HEIGHT="30">
<TD CLASS="NORMAL" WIDTH="152" HEIGHT="23"></TD>
<TD CLASS="NORMAL" WIDTH="430" HEIGHT="23"></TD>
</TR>

<TR ACOPY="Y" ADELETE="Y" HEIGHT="30">
<TD CLASS="NORMAL" WIDTH="152" HEIGHT="23">연        락       처 :</TD>
<TD CLASS="NORMAL" WIDTH="430" HEIGHT="23"></TD>
</TR>

<TR ACOPY="Y" ADELETE="Y" HEIGHT="30">
<TD CLASS="NORMAL" WIDTH="152" HEIGHT="23"></TD>
<TD CLASS="NORMAL" WIDTH="430" HEIGHT="23">(전  화) 02-767-9600</TD>
</TR>

<TR ACOPY="Y" ADELETE="Y" HEIGHT="30">
<TD CLASS="NORMAL" WIDTH="152" HEIGHT="23"></TD>
<TD CLASS="NORMAL" WIDTH="430" HEIGHT="23">(홈페이지) http://www.kyoboaxa-im.co.kr</TD>
</TR>

<TR ACOPY="Y" ADELETE="Y" HEIGHT="30">
<TD CLASS="NORMAL" WIDTH="152" HEIGHT="23"></TD>
<TD CLASS="NORMAL" WIDTH="430" HEIGHT="23"></TD>
</TR>

<TR ACOPY="Y" ADELETE="Y" HEIGHT="30">
<TD CLASS="NORMAL" WIDTH="152" HEIGHT="23">작  성  책  임  자 :</TD>
<TD CLASS="NORMAL" WIDTH="430" HEIGHT="23">(직  책) 본 부 장                (성  명) 강 석 훈</TD>
</TR>

<TR ACOPY="Y" ADELETE="Y" HEIGHT="30">
<TD CLASS="NORMAL" WIDTH="152" HEIGHT="23"></TD>
<TD CLASS="NORMAL" WIDTH="430" HEIGHT="23">(전  화) 02-767-9736</TD>
</TR>

<TR ACOPY="Y" ADELETE="Y" HEIGHT="53">
<TD CLASS="NORMAL" WIDTH="152" HEIGHT="46"></TD>
<TD CLASS="NORMAL" WIDTH="430" HEIGHT="46"></TD>
</TR>

<TR ACOPY="Y" ADELETE="Y" HEIGHT="30">
<TD CLASS="NORMAL" COLSPAN="2" ALIGN="RIGHT" WIDTH="591" HEIGHT="23">2025년    1월    6일</TD>
</TR>

<TR ACOPY="Y" ADELETE="Y" HEIGHT="53">
<TD CLASS="NORMAL" COLSPAN="2" ALIGN="RIGHT" WIDTH="591" HEIGHT="46">[ 교보악사 완전소중한 증권 자투자회사 K-1호(채권혼합) ]</TD>
</TR>

<TR ACOPY="Y" ADELETE="Y" HEIGHT="53">
<TD CLASS="NORMAL" COLSPAN="2" ALIGN="RIGHT" WIDTH="591" HEIGHT="46">교보악사자산운용주식회사  대표이사   조 휘 성   (인)</TD>
</TR>
</TBODY>
</TABLE>
<P></P>

<IMAGE>
<IMG WIDTH="421" HEIGHT="201" ALIGN="CENTER" HSPACE="0">명판.jpg</IMG>
<IMG-CAPTION ATOC="N">명판</IMG-CAPTION>
</IMAGE>
<PGBRK></PGBRK>
</COVER>

<SECTION-1 ACLASS="MANDATORY" APARTSOURCE="SOURCE">

<SECTION-2 ACLASS="MANDATORY">
<TITLE ATOC="Y" AASSOCNOTE="D-0-0-1-0" ATOCID="2" ENG="1. Name of the collective investment scheme">1. 집합투자기구의 명칭</TITLE>

<TABLE ACLASS="NORMAL" AFIXTABLE="N" BORDER="1" WIDTH="606">

<COLGROUP WIDTH="606">
<COL WIDTH="400"></COL>
<COL WIDTH="206"></COL>
</COLGROUP>

<TBODY>

<TR ACOPY="Y" ADELETE="Y" HEIGHT="30">
<TD WIDTH="391" HEIGHT="23" ALIGN="CENTER">집합투자기구 명칭</TD>
<TD WIDTH="197" HEIGHT="23" ALIGN="CENTER">금융투자협회 펀드코드</TD>
</TR>

<TR ACOPY="Y" ADELETE="Y" HEIGHT="30">
<TD WIDTH="391" HEIGHT="23" ALIGN="CENTER">교보악사 완전소중한 증권 자투자회사 K-1호(채권혼합)</TD>
<TD WIDTH="197" HEIGHT="23" ALIGN="CENTER">67343</TD>
</TR>
</TBODY>
</TABLE>
<P></P>
</SECTION-2>

<SECTION-2 ACLASS="MANDATORY">
<TITLE ATOC="Y" AASSOCNOTE="D-0-0-2-0" ATOCID="3" ENG="2. Type and form of the collective investment scheme">2. 집합투자기구의 종류 및 형태</TITLE>
<P USERMARK="F-GL ">가. 형태별 종류 : 투자회사</P>
<P USERMARK="F-GL ">나. 운용자산별 종류 : 증권(채권혼합형)</P>
<P USERMARK="F-GL ">다. 개방형ㆍ폐쇄형 구분 : 개방형(중도환매가능)</P>
<P USERMARK="F-GL ">라. 추가형ㆍ단위형 구분 : 추가형(계속 모집이 가능)</P>
<P USERMARK="F-GL ">마. 특수형태 표시 : 모자형 (모투자신탁이 발행하는 집합투자증권을 취득하는 구조의 투자신탁)</P>
</SECTION-2>

<SECTION-2 ACLASS="MANDATORY">
<TITLE ATOC="Y" AASSOCNOTE="D-0-0-3-0" ATOCID="4" ENG="3. Matters related to the issuance of collective investment securities">3. 집합투자증권 발행에 관한 사항</TITLE>
<P USERMARK="B P16">가. 집합투자증권 발행 내역</P>

<LIBRARY>
<TABLE-GROUP ACLASS="ACC_ADD" ADELETETABLE="N">

<TABLE ACLASS="EXTRACTION" WIDTH="600" BORDER="1" AFIXTABLE="Y">

<COLGROUP WIDTH="600">
<COL WIDTH="87"></COL>
<COL WIDTH="158"></COL>
<COL WIDTH="178"></COL>
<COL WIDTH="177"></COL>
</COLGROUP>

<THEAD>

<TR ACOPY="N" ADELETE="N" HEIGHT="53">
<TH COLSPAN="2" VALIGN="MIDDLE" WIDTH="236" HEIGHT="46" ACOPYCOL="N" ADELETECOL="N" AMOVECOL="N" AUPDATECONT="N" ENG="Category">구 분</TH>
<TH VALIGN="MIDDLE" WIDTH="169" HEIGHT="46" ACOPYCOL="N" ADELETECOL="N" AMOVECOL="N" AUPDATECONT="N" ENG="Number of units/amount">좌수/금액</TH>
<TH VALIGN="MIDDLE" WIDTH="168" HEIGHT="46" ACOPYCOL="N" ADELETECOL="N" AMOVECOL="N" AUPDATECONT="N" ENG="Note (Amount subject to issuance contribution)">비 고(발행분담금 대상금액)</TH>
</TR>
</THEAD>

<TBODY>

<TR ACOPY="N" ADELETE="N" HEIGHT="30">
<TD ROWSPAN="3" VALIGN="MIDDLE" WIDTH="78" HEIGHT="83" AUPDATECONT="N" ALIGN="CENTER" ENG="Number of units">좌수</TD>
<TD ALIGN="CENTER" VALIGN="MIDDLE" WIDTH="149" HEIGHT="23" AUPDATECONT="N" ENG="Number of units established">설정 좌수 </TD>
<TE WIDTH="169" HEIGHT="23" ACODE="CNT_STUP" VALIGN="MIDDLE" ALIGN="RIGHT" USERMARK="0X444444">0 </TE>
<TD WIDTH="168" HEIGHT="23" VALIGN="MIDDLE" ALIGN="RIGHT" USERMARK="0X444444">　</TD>
</TR>

<TR ACOPY="N" ADELETE="N" HEIGHT="30">
<TD ALIGN="CENTER" VALIGN="MIDDLE" WIDTH="149" HEIGHT="23" AUPDATECONT="N" ENG="Number of cancelled units">해지 좌수 </TD>
<TE WIDTH="169" HEIGHT="23" ACODE="CNT_CLS" VALIGN="MIDDLE" ALIGN="RIGHT" USERMARK="0X444444">109,603,085 </TE>
<TD WIDTH="168" HEIGHT="23" VALIGN="MIDDLE" ALIGN="RIGHT" USERMARK="0X444444">　</TD>
</TR>

<TR ACOPY="N" ADELETE="N" HEIGHT="30">
<TD ALIGN="CENTER" VALIGN="MIDDLE" WIDTH="149" HEIGHT="23" AUPDATECONT="N" ENG="Increased or decreased">증 감 </TD>
<TE WIDTH="169" HEIGHT="23" ACODE="CNT_MRGN" VALIGN="MIDDLE" ALIGN="RIGHT" USERMARK="0X444444">-109,603,085 </TE>
<TD WIDTH="168" HEIGHT="23" VALIGN="MIDDLE" ALIGN="RIGHT" USERMARK="0X444444">　</TD>
</TR>

<TR ACOPY="N" ADELETE="N" HEIGHT="30">
<TD ROWSPAN="4" VALIGN="MIDDLE" WIDTH="78" HEIGHT="136" AUPDATECONT="N" ALIGN="CENTER" ENG="Amount">금액</TD>
<TD ALIGN="CENTER" VALIGN="MIDDLE" WIDTH="149" HEIGHT="23" AUPDATECONT="N" ENG="Amount established">설정 금액 </TD>
<TE WIDTH="169" HEIGHT="23" ACODE="ACC_STUP" VALIGN="MIDDLE" ALIGN="RIGHT" USERMARK="0X444444">0 </TE>
<TE WIDTH="168" HEIGHT="23" ACODE="ACC_RMRK1" VALIGN="MIDDLE" ALIGN="RIGHT" USERMARK="0X444444">0 </TE>
</TR>

<TR ACOPY="N" ADELETE="N" HEIGHT="30">
<TD ALIGN="CENTER" VALIGN="MIDDLE" WIDTH="149" HEIGHT="23" AUPDATECONT="N" ENG="Cancellation amount">해지 금액 </TD>
<TE WIDTH="169" HEIGHT="23" ACODE="ACC_CLS" VALIGN="MIDDLE" ALIGN="RIGHT" USERMARK="0X444444">108,188,317 </TE>
<TE WIDTH="168" HEIGHT="23" ACODE="ACC_RMRK2" VALIGN="MIDDLE" ALIGN="RIGHT" USERMARK="0X444444">33,048,727,085 </TE>
</TR>

<TR ACOPY="N" ADELETE="N" HEIGHT="53">
<TD ALIGN="CENTER" VALIGN="MIDDLE" WIDTH="149" HEIGHT="46" AUPDATECONT="N" ENG="Net redemption amount up to the previous year">직전연도까지의순환매금액</TD>
<TE WIDTH="169" HEIGHT="46" ACODE="ACC_RET" VALIGN="MIDDLE" ALIGN="RIGHT" USERMARK="0X444444">32,940,538,768</TE>
<TE WIDTH="168" HEIGHT="46" ACODE="ACC_RMRK4" VALIGN="MIDDLE" ALIGN="RIGHT" USERMARK="0X444444">0 </TE>
</TR>

<TR ACOPY="N" ADELETE="N" HEIGHT="30">
<TD ALIGN="CENTER" VALIGN="MIDDLE" WIDTH="149" HEIGHT="23" AUPDATECONT="N" ENG="Increased or decreased">증 감 </TD>
<TE WIDTH="169" HEIGHT="23" ACODE="ACC_MRGN" VALIGN="MIDDLE" ALIGN="RIGHT" USERMARK="0X444444">-108,188,317 </TE>
<TE WIDTH="168" HEIGHT="23" ACODE="ACC_RMRK3" VALIGN="MIDDLE" ALIGN="RIGHT" USERMARK="0X444444">-33,048,727,085 </TE>
</TR>

<TR ACOPY="N" ADELETE="N" HEIGHT="30">
<TD ROWSPAN="3" VALIGN="MIDDLE" WIDTH="78" HEIGHT="83" AUPDATECONT="N" ALIGN="CENTER" ENG="Net assets">순자산</TD>
<TD ALIGN="CENTER" VALIGN="MIDDLE" WIDTH="149" HEIGHT="23" AUPDATECONT="N" ENG="Net assets at the beginning of the period">기초 순자산 </TD>
<TE WIDTH="169" HEIGHT="23" ACODE="ASST_BGN" VALIGN="MIDDLE" ALIGN="RIGHT" USERMARK="0X444444">212,578,764 </TE>
<TD WIDTH="168" HEIGHT="23" VALIGN="MIDDLE" ALIGN="RIGHT" USERMARK="0X444444">　</TD>
</TR>

<TR ACOPY="N" ADELETE="N" HEIGHT="30">
<TD ALIGN="CENTER" VALIGN="MIDDLE" WIDTH="149" HEIGHT="23" AUPDATECONT="N" ENG="Net assets at the end of the period">기말 순자산 </TD>
<TE WIDTH="169" HEIGHT="23" ACODE="ASST_END" VALIGN="MIDDLE" ALIGN="RIGHT" USERMARK="0X444444">112,646,782 </TE>
<TD WIDTH="168" HEIGHT="23" VALIGN="MIDDLE" ALIGN="RIGHT" USERMARK="0X444444">　</TD>
</TR>

<TR ACOPY="N" ADELETE="N" HEIGHT="30">
<TD ALIGN="CENTER" VALIGN="MIDDLE" WIDTH="149" HEIGHT="23" AUPDATECONT="N" ENG="Increased or decreased">증 감 </TD>
<TE WIDTH="169" HEIGHT="23" ACODE="ASST_MRGN" VALIGN="MIDDLE" ALIGN="RIGHT" USERMARK="0X444444">-99,931,982 </TE>
<TD WIDTH="168" HEIGHT="23" VALIGN="MIDDLE" ALIGN="RIGHT" USERMARK="0X444444">　</TD>
</TR>
</TBODY>
</TABLE>
</TABLE-GROUP>
</LIBRARY>

<P USERMARK="F-GL11 ">주1) 대상기간 : 2024.12.14 - 2025.12.13주2) 발행분담금 대상금액은 이익분배에 의한 재투자분을 제외합니다.</P>
<P USERMARK="B P16">나. 집합투자증권 발행 비용</P>

<TABLE ACLASS="NORMAL" AFIXTABLE="N" BORDER="1" WIDTH="600">

<COLGROUP WIDTH="600">
<COL WIDTH="132"></COL>
<COL WIDTH="144"></COL>
<COL WIDTH="162"></COL>
<COL WIDTH="162"></COL>
</COLGROUP>

<TBODY>

<TR ACOPY="Y" ADELETE="Y" HEIGHT="30">
<TD WIDTH="267" COLSPAN="2" ALIGN="CENTER" HEIGHT="23">발행비용 구분</TD>
<TD WIDTH="153" ALIGN="CENTER" HEIGHT="23">금액(원)</TD>
<TD WIDTH="153" ALIGN="CENTER" HEIGHT="23">비고</TD>
</TR>

<TR ACOPY="Y" ADELETE="Y" HEIGHT="30">
<TD ROWSPAN="3" ALIGN="CENTER" WIDTH="123" HEIGHT="83">발행분담금</TD>
<TD ALIGN="CENTER" WIDTH="135" HEIGHT="23">집합투자업자</TD>
<TD ALIGN="RIGHT" VALIGN="MIDDLE" WIDTH="153" HEIGHT="23" USERMARK="0X444444">0 </TD>
<TD ALIGN="CENTER" WIDTH="153" HEIGHT="23"></TD>
</TR>

<TR ACOPY="Y" ADELETE="Y" HEIGHT="30">
<TD ALIGN="CENTER" WIDTH="135" HEIGHT="23">펀드</TD>
<TD ALIGN="RIGHT" VALIGN="MIDDLE" WIDTH="153" HEIGHT="23" USERMARK="0X444444">0 </TD>
<TD ALIGN="CENTER" WIDTH="153" HEIGHT="23"></TD>
</TR>

<TR ACOPY="Y" ADELETE="Y" HEIGHT="30">
<TD ALIGN="CENTER" WIDTH="135" HEIGHT="23">소계</TD>
<TD ALIGN="RIGHT" VALIGN="MIDDLE" WIDTH="153" HEIGHT="23" USERMARK="0X444444">0 </TD>
<TD ALIGN="CENTER" WIDTH="153" HEIGHT="23"></TD>
</TR>

<TR ACOPY="Y" ADELETE="Y" HEIGHT="30">
<TD COLSPAN="2" ALIGN="CENTER" WIDTH="267" HEIGHT="23">기타비용</TD>
<TD ALIGN="RIGHT" VALIGN="MIDDLE" WIDTH="153" HEIGHT="23" USERMARK="0X444444">  4,220,870 </TD>
<TD ALIGN="CENTER" WIDTH="153" HEIGHT="23"></TD>
</TR>

<TR ACOPY="Y" ADELETE="Y" HEIGHT="30">
<TD COLSPAN="2" ALIGN="CENTER" WIDTH="267" HEIGHT="23">총 계</TD>
<TD ALIGN="RIGHT" VALIGN="MIDDLE" WIDTH="153" HEIGHT="23" USERMARK="0X444444">    4,220,870 </TD>
<TD ALIGN="CENTER" WIDTH="153" HEIGHT="23"></TD>
</TR>
</TBODY>
</TABLE>
<P USERMARK="F-GL11 ">(주1) 기타비용의 종류 - 채권평가보수, 펀드평가보수, 펀드결제수수료, 지수사용료, 감사보수, 기타위탁보수 (위원회보수, 보관대리인보수, 지급대리인보수, 후원기금), 기타비용 (기타비용,청산비용, 감독이사보수, 해외거래예탁비용), 기타보험관련보수, 부동산감정평가수수료, 부동산법률자문수수료</P>
</SECTION-2>

<SECTION-2 ACLASS="MANDATORY">
<TITLE ATOC="Y" AASSOCNOTE="D-0-0-4-0" ATOCID="5" ENG="4. Matters related to the subscription, allotment, and underwriting">4. 청약, 배정 및 인수에 관한 사항</TITLE>
<P USERMARK="F-GL11 ">해당사항 없음</P>
</SECTION-2>

<SECTION-2 ACLASS="MANDATORY">
<TITLE ATOC="Y" AASSOCNOTE="D-0-0-5-0" ATOCID="6" ENG="5. Matters related to listing and capital increase registration">5. 상장 및 증자등기에 관한 사항</TITLE>
<P USERMARK="F-GL11 ">해당사항 없음</P>
</SECTION-2>

<SECTION-2 ACLASS="MANDATORY">
<TITLE ATOC="Y" AASSOCNOTE="D-0-0-6-0" ATOCID="7" ENG="6. Disclosure implementation status">6. 공시이행상황</TITLE>
<P USERMARK="B P16">가. 증권신고서 및 정정신고서 공시</P>

<TABLE ACLASS="NORMAL" AFIXTABLE="N" BORDER="1" WIDTH="567">

<COLGROUP WIDTH="567">
<COL WIDTH="94"></COL>
<COL WIDTH="473"></COL>
</COLGROUP>

<TBODY>

<TR ACOPY="Y" ADELETE="Y" HEIGHT="30">
<TD WIDTH="85" HEIGHT="23">공시일</TD>
<TD WIDTH="464" HEIGHT="23">주요내용</TD>
</TR>

<TR ACOPY="Y" ADELETE="Y" HEIGHT="30">
<TD WIDTH="85" HEIGHT="23">2009.04.17</TD>
<TD WIDTH="464" HEIGHT="23">최초 제출</TD>
</TR>

<TR ACOPY="Y" ADELETE="Y" HEIGHT="30">
<TD WIDTH="85" HEIGHT="23">2009.10.30</TD>
<TD WIDTH="464" HEIGHT="23">주식 및 주식관련 장내파생상품 투자비율 신설 등</TD>
</TR>

<TR ACOPY="Y" ADELETE="Y" HEIGHT="30">
<TD WIDTH="85" HEIGHT="23">2010.04.23</TD>
<TD WIDTH="464" HEIGHT="23">판매회사 보수 인하</TD>
</TR>

<TR ACOPY="Y" ADELETE="Y" HEIGHT="76">
<TD WIDTH="85" HEIGHT="69">2012.07.17</TD>
<TD WIDTH="464" HEIGHT="69">- 결산에 따른 정기갱신- 예금보험관계 표시에 관한 규정 개정[2012.02.27시행]에 따른 예금자보호안내문 관련 문구 수정</TD>
</TR>

<TR ACOPY="Y" ADELETE="Y" HEIGHT="76">
<TD WIDTH="85" HEIGHT="69">2013.04.26</TD>
<TD WIDTH="464" HEIGHT="69">- 결산에 따른 정기갱신- 자본시장과 금융투자업에 관한 법률 및 동법 시행령 개정사항 반영- 소득세법 개정('13.01.01)에 따른 금융소득종합과세 기준금액 변경</TD>
</TR>

<TR ACOPY="Y" ADELETE="Y" HEIGHT="53">
<TD WIDTH="85" HEIGHT="46">2014.02.03</TD>

<TD WIDTH="464" HEIGHT="46">
<P>- 결산에 따른 정기갱신</P>
<P>- 자본시장법 및 동법시행령 개정사항 반영</P>
</TD>
</TR>

<TR ACOPY="Y" ADELETE="Y" HEIGHT="30">
<TD WIDTH="85" HEIGHT="23">2014.04.17</TD>
<TD WIDTH="464" HEIGHT="23">책임운용전문인력 변경</TD>
</TR>

<TR ACOPY="Y" ADELETE="Y" HEIGHT="168">
<TD WIDTH="85" HEIGHT="161">2014.12.16</TD>

<TD WIDTH="464" HEIGHT="161">
<P>- 결산에 따른 정기갱신</P>
<P>- 투자대상 확대 (채권 투자대상에 전자단기사채 추가, 환매조건부매수 신설, 집합투자증권 투자한도 변경)</P>
<P>- 기업공시서식기준 개정('14.06.01/'14.10.01시행)에 따른 투자결정시 유의사항 변경</P>
<P>- 미국 해외금융계좌납세협력법 (FATCA)과 관련하여 투자결정시 유의사항, 투자위험(기타위험)에 관한 사항 신설</P>
</TD>
</TR>

<TR ACOPY="Y" ADELETE="Y" HEIGHT="283">
<TD WIDTH="85" HEIGHT="276">2016.03.15</TD>
<TD WIDTH="464" HEIGHT="276">1) 결산에 따른 정기갱신2) 기업공시서식 작성기준 개정 사항 반영 :- 제5부. 기타 투자자보호를 위해 필요한 사항 - 집합투자업자의 고유재산투자에 관한 사항” 신설(‘15.02.10시행)- 기업공시서식 작성기준 개정(’16.01.21)에 따른 요약정보 신설3) 지방세법 개정(‘15.1.1시행)에 따라 내국법인 과세율 변경4) 책임운용전문인력 변경5) 소규모 집합투자기구 정리 및 발행억제를 위한 관리에 관한 사항 신설6) 채권 및 어음 신용평가 등급 관련 문구 수정7) 작성기준일 변경에 따른 운용전문인력 관한 사항, 집합투자기구 투자실적 추이, 집합투자업자에 관한 사항 등에 업데이트</TD>
</TR>

<TR ACOPY="Y" ADELETE="Y" HEIGHT="30">
<TD WIDTH="85" HEIGHT="23">2016.05.31</TD>
<TD WIDTH="464" HEIGHT="23">책임운용전문인력 변경(이종환 → 이은석)</TD>
</TR>

<TR ACOPY="Y" ADELETE="Y" HEIGHT="30">
<TD WIDTH="85" HEIGHT="23">2016.06.23</TD>
<TD WIDTH="464" HEIGHT="23">투자위험 등급 분류 체계 개편 내용 반영</TD>
</TR>

<TR ACOPY="Y" ADELETE="Y" HEIGHT="76">
<TD WIDTH="85" HEIGHT="69">2016.07.19</TD>
<TD WIDTH="464" HEIGHT="69">1) 펀드명칭 변경 : 교보악사 완전소중한 증권투자회사 K-1호(채권혼합) → 교보악사 완전소중한 증권자투자회사 K-1호(채권혼합)2) 모자형 구조로 변경</TD>
</TR>

<TR ACOPY="Y" ADELETE="Y" HEIGHT="53">
<TD WIDTH="85" HEIGHT="46">2016.12.26</TD>

<TD WIDTH="464" HEIGHT="46">
<P>- 결산에 따른 실제 수익률 변동성 변경</P>
<P>- 재무정보 확정에 따른 운용성과 등 업데이트</P>
</TD>
</TR>

<TR ACOPY="Y" ADELETE="Y" HEIGHT="53">
<TD WIDTH="85" HEIGHT="46">2017.02.16</TD>

<TD WIDTH="464" HEIGHT="46">
<P>- 모투자신탁의 중소형 주식 투자비율 변경</P>
<P>- 운용역 변경(이은석 -> 홍기석)</P>
</TD>
</TR>

<TR ACOPY="Y" ADELETE="Y" HEIGHT="30">
<TD WIDTH="85" HEIGHT="23">2017.08.23</TD>
<TD WIDTH="464" HEIGHT="23">환매수수료 삭제</TD>
</TR>

<TR ACOPY="Y" ADELETE="Y" HEIGHT="30">
<TD WIDTH="85" HEIGHT="23">2018.01.11</TD>
<TD WIDTH="464" HEIGHT="23">재무정보 확정에 따른 수익률변동성 및 운용성과 등 업데이트</TD>
</TR>

<TR ACOPY="Y" ADELETE="Y" HEIGHT="30">
<TD WIDTH="85" HEIGHT="23">2019.01.25</TD>
<TD WIDTH="464" HEIGHT="23">결산기 재무제표 확정에 따른 갱신 및 수익률 변동성 변경</TD>
</TR>

<TR ACOPY="Y" ADELETE="Y" HEIGHT="76">
<TD WIDTH="85" HEIGHT="69">2019.09.09</TD>

<TD WIDTH="464" HEIGHT="69">
<P>- 기업공시서식 작성기준 개정사항 등 반영- 「주식·사채 등의 전자등록에 관한 법률」시행(2019.09.16)에 따른 변경</P>
</TD>
</TR>

<TR ACOPY="Y" ADELETE="Y" HEIGHT="30">
<TD WIDTH="85" HEIGHT="23">2020.02.05</TD>
<TD WIDTH="464" HEIGHT="23">결산기 재무제표 확정에 따른 갱신 및 수익률 변동성 변경</TD>
</TR>

<TR ACOPY="Y" ADELETE="Y" HEIGHT="30">
<TD WIDTH="85" HEIGHT="23">2021.01.07</TD>
<TD WIDTH="464" HEIGHT="23">결산기 재무제표 확정에 따른 갱신 및 투자위험등급 변경</TD>
</TR>

<TR ACOPY="Y" ADELETE="Y" HEIGHT="30">
<TD WIDTH="85" HEIGHT="23">2021.01.21</TD>
<TD WIDTH="464" HEIGHT="23">일반사무관리회사 변경(신한아이타스 → 하나펀드서비스)</TD>
</TR>

<TR ACOPY="Y" ADELETE="Y" HEIGHT="53">
<TD WIDTH="85" HEIGHT="46">2021.06.10</TD>

<TD WIDTH="464" HEIGHT="46">
<P>- 책임운용전문인력 변경 (홍기석 → 조인욱)</P>
<P>- 기업공시서식 개정사항 반영</P>
</TD>
</TR>

<TR ACOPY="Y" ADELETE="Y" HEIGHT="122">
<TD WIDTH="85" HEIGHT="115">2022.01.21</TD>

<TD WIDTH="464" HEIGHT="115">
<P>- 결산기 재무제표 확정에 따른 갱신 및 실제수익률 변동성 변경  </P>
<P> (실제 수익률 변동성 '4등급' '5.49'%' -> 실제 수익률 변동성 '4등급’ '5.08%’) </P>
<P> - 자본시장법 시행령 제260조 개정에 따른 집합투자재산 평가방법 개정사항 반영</P>
</TD>
</TR>

<TR ACOPY="Y" ADELETE="Y" HEIGHT="76">
<TD WIDTH="85" HEIGHT="69">2022.12.30</TD>

<TD WIDTH="464" HEIGHT="69">
<P>- 결산기 재무제표 확정에 따른 갱신 및 실제수익률 변동성 변경  </P>
<P> (실제 수익률 변동성 '4등급' '5.08'%' -> 실제 수익률 변동성 '4등급’ '5.41%’) </P>
</TD>
</TR>

<TR ACOPY="Y" ADELETE="Y" HEIGHT="30">
<TD WIDTH="85" HEIGHT="23">2023.03.10</TD>
<TD WIDTH="464" HEIGHT="23">운용전문인력 변경 (조인욱 → 이병수)</TD>
</TR>

<TR ACOPY="Y" ADELETE="Y" HEIGHT="122">
<TD WIDTH="85" HEIGHT="115">2023.12.20</TD>

<TD WIDTH="464" HEIGHT="115">
<P>- 결산기 재무제표 확정에 따른 갱신 및 투자위험등급 변경  </P>
<P>(실제 수익률 변동성 '4등급’ 5.41%-> 실제 수익률 변동성 '5등급’ 4.17%)</P>
<P>- 자본시장법, 시행령 및 금융투자업규정 등 개정사항 반영</P>
<P>- 기업공시서식 개정사항 반영</P>
</TD>
</TR>

<TR ACOPY="Y" ADELETE="Y" HEIGHT="122">
<TD WIDTH="85" HEIGHT="115">2025.01.17</TD>

<TD WIDTH="464" HEIGHT="115">
<P USERMARK="A-L">- 결산기 재무제표 확정에 따른 갱신 및 투자위험등급 산정기준 변경 (실제 수익률 변동성 ‘5등급‘ 4.17%‘ -> 일간 수익률의 최대손실예상액 ‘5등급‘ 9.43%‘)</P>
<P USERMARK="A-L">- 기업공시서식 개정사항 반영</P>
<P USERMARK="A-L">- 예금보험관계 표시 및 설명, 확인에 관한 규정 개정사항 반영</P>
</TD>
</TR>

<TR ACOPY="Y" ADELETE="Y" HEIGHT="30">
<TD WIDTH="85" HEIGHT="23">2025.04.04</TD>
<TD WIDTH="464" HEIGHT="23">책임운용전문인력 변경 (이병수 → 장영)</TD>
</TR>
</TBODY>
</TABLE>
<P USERMARK="P32"></P>
<P USERMARK="B P16">나. 투자설명서 공시</P>

<TABLE ACLASS="NORMAL" AFIXTABLE="N" BORDER="1" WIDTH="571">

<COLGROUP WIDTH="571">
<COL WIDTH="95"></COL>
<COL WIDTH="476"></COL>
</COLGROUP>

<TBODY>

<TR ACOPY="Y" ADELETE="Y" HEIGHT="30">
<TD WIDTH="86" HEIGHT="23">공시일</TD>
<TD WIDTH="467" HEIGHT="23">주요내용</TD>
</TR>

<TR ACOPY="Y" ADELETE="Y" HEIGHT="30">
<TD WIDTH="86" HEIGHT="23">2009.05.06</TD>
<TD WIDTH="467" HEIGHT="23">최초 제출</TD>
</TR>

<TR ACOPY="Y" ADELETE="Y" HEIGHT="30">
<TD WIDTH="86" HEIGHT="23">2009.11.02</TD>
<TD WIDTH="467" HEIGHT="23">주식 및 주식관련 장내파생상품 투자비율 신설 등</TD>
</TR>

<TR ACOPY="Y" ADELETE="Y" HEIGHT="30">
<TD WIDTH="86" HEIGHT="23">2010.05.03</TD>
<TD WIDTH="467" HEIGHT="23">판매회사 보수 인하</TD>
</TR>

<TR ACOPY="Y" ADELETE="Y" HEIGHT="76">
<TD WIDTH="86" HEIGHT="69">2012.07.18</TD>
<TD WIDTH="467" HEIGHT="69">- 결산에 따른 정기갱신- 예금보험관계 표시에 관한 규정 개정[2012.02.27시행]에 따른 예금자보호안내문 관련 문구 수정</TD>
</TR>

<TR ACOPY="Y" ADELETE="Y" HEIGHT="76">
<TD WIDTH="86" HEIGHT="69">2013.04.30</TD>
<TD WIDTH="467" HEIGHT="69">- 결산에 따른 정기갱신- 자본시장과 금융투자업에 관한 법률 및 동법 시행령 개정사항 반영- 소득세법 개정('13.01.01)에 따른 금융소득종합과세 기준금액 변경</TD>
</TR>

<TR ACOPY="Y" ADELETE="Y" HEIGHT="53">
<TD WIDTH="86" HEIGHT="46">2014.02.05</TD>

<TD WIDTH="467" HEIGHT="46">
<P>- 결산에 따른 정기갱신</P>
<P>- 자본시장법 및 동법시행령 개정사항 반영</P>
</TD>
</TR>

<TR ACOPY="Y" ADELETE="Y" HEIGHT="30">
<TD WIDTH="86" HEIGHT="23">2014.04.21</TD>
<TD WIDTH="467" HEIGHT="23">책임운용전문인력 변경</TD>
</TR>

<TR ACOPY="Y" ADELETE="Y" HEIGHT="168">
<TD WIDTH="86" HEIGHT="161">2014.12.19</TD>

<TD WIDTH="467" HEIGHT="161">
<P>- 결산에 따른 정기갱신</P>
<P>- 투자대상 확대 (채권 투자대상에 전자단기사채 추가, 환매조건부매수 신설, 집합투자증권 투자한도 변경)</P>
<P>- 기업공시서식기준 개정('14.06.01/'14.10.01시행)에 따른 투자결정시 유의사항 변경</P>
<P>- 미국 해외금융계좌납세협력법 (FATCA)과 관련하여 투자결정시 유의사항, 투자위험(기타위험)에 관한 사항 신설</P>
</TD>
</TR>

<TR ACOPY="Y" ADELETE="Y" HEIGHT="283">
<TD WIDTH="86" HEIGHT="276">2016.03.18</TD>
<TD WIDTH="467" HEIGHT="276">1) 결산에 따른 정기갱신2) 기업공시서식 작성기준 개정 사항 반영 :- 제5부. 기타 투자자보호를 위해 필요한 사항 - 집합투자업자의 고유재산투자에 관한 사항” 신설(‘15.02.10시행)- 기업공시서식 작성기준 개정(’16.01.21)에 따른 요약정보 신설3) 지방세법 개정(‘15.1.1시행)에 따라 내국법인 과세율 변경4) 책임운용전문인력 변경5) 소규모 집합투자기구 정리 및 발행억제를 위한 관리에 관한 사항 신설6) 채권 및 어음 신용평가 등급 관련 문구 수정7) 작성기준일 변경에 따른 운용전문인력 관한 사항, 집합투자기구 투자실적 추이, 집합투자업자에 관한 사항 등에 업데이트</TD>
</TR>

<TR ACOPY="Y" ADELETE="Y" HEIGHT="30">
<TD WIDTH="86" HEIGHT="23">2016.06.03</TD>
<TD WIDTH="467" HEIGHT="23">책임운용전문인력 변경(이종환 → 이은석)</TD>
</TR>

<TR ACOPY="Y" ADELETE="Y" HEIGHT="30">
<TD WIDTH="86" HEIGHT="23">2016.07.04</TD>
<TD WIDTH="467" HEIGHT="23">투자위험 등급 분류 체계 개편 내용 반영</TD>
</TR>

<TR ACOPY="Y" ADELETE="Y" HEIGHT="76">
<TD WIDTH="86" HEIGHT="69">2016.07.22</TD>
<TD WIDTH="467" HEIGHT="69">1) 펀드명칭 변경 : 교보악사 완전소중한 증권투자회사 K-1호(채권혼합) → 교보악사 완전소중한 증권자투자회사 K-1호(채권혼합)2) 모자형 구조로 변경</TD>
</TR>

<TR ACOPY="Y" ADELETE="Y" HEIGHT="53">
<TD WIDTH="86" HEIGHT="46">2016.12.29</TD>

<TD WIDTH="467" HEIGHT="46">
<P>- 결산에 따른 실제 수익률 변동성 변경</P>
<P>- 재무정보 확정에 따른 운용성과 등 업데이트</P>
</TD>
</TR>

<TR ACOPY="Y" ADELETE="Y" HEIGHT="53">
<TD WIDTH="86" HEIGHT="46">2017.02.22</TD>

<TD WIDTH="467" HEIGHT="46">
<P>- 모투자신탁의 중소형 주식 투자비율 변경</P>
<P>- 운용역 변경(이은석 -> 홍기석)</P>
</TD>
</TR>

<TR ACOPY="Y" ADELETE="Y" HEIGHT="30">
<TD WIDTH="86" HEIGHT="23">2017.08.28</TD>
<TD WIDTH="467" HEIGHT="23">환매수수료 삭제</TD>
</TR>

<TR ACOPY="Y" ADELETE="Y" HEIGHT="30">
<TD WIDTH="86" HEIGHT="23">2018.01.17</TD>
<TD WIDTH="467" HEIGHT="23">재무정보 확정에 따른 수익률변동성 및 운용성과 등 업데이트</TD>
</TR>

<TR ACOPY="Y" ADELETE="Y" HEIGHT="30">
<TD WIDTH="86" HEIGHT="23">2019.02.01</TD>
<TD WIDTH="467" HEIGHT="23">결산기 재무제표 확정에 따른 갱신 및 수익률 변동성 변경</TD>
</TR>

<TR ACOPY="Y" ADELETE="Y" HEIGHT="76">
<TD WIDTH="86" HEIGHT="69">2019.09.16</TD>

<TD WIDTH="467" HEIGHT="69">
<P>- 기업공시서식 작성기준 개정사항 등 반영- 「주식·사채 등의 전자등록에 관한 법률」시행(2019.09.16)에 따른 변경</P>
</TD>
</TR>

<TR ACOPY="Y" ADELETE="Y" HEIGHT="30">
<TD WIDTH="86" HEIGHT="23">2020.02.12</TD>
<TD WIDTH="467" HEIGHT="23">결산기 재무제표 확정에 따른 갱신 및 수익률 변동성 변경</TD>
</TR>

<TR ACOPY="Y" ADELETE="Y" HEIGHT="30">
<TD WIDTH="86" HEIGHT="23">2021.01.14</TD>
<TD WIDTH="467" HEIGHT="23">결산기 재무제표 확정에 따른 갱신 및 투자위험등급 변경</TD>
</TR>

<TR ACOPY="Y" ADELETE="Y" HEIGHT="30">
<TD WIDTH="86" HEIGHT="23">2021.01.28</TD>
<TD WIDTH="467" HEIGHT="23">일반사무관리회사 변경(신한아이타스 → 하나펀드서비스)</TD>
</TR>

<TR ACOPY="Y" ADELETE="Y" HEIGHT="53">
<TD WIDTH="86" HEIGHT="46">2021.06.16</TD>

<TD WIDTH="467" HEIGHT="46">
<P>- 책임운용전문인력 변경 (홍기석 → 조인욱)</P>
<P>- 기업공시서식 개정사항 반영</P>
</TD>
</TR>

<TR ACOPY="Y" ADELETE="Y" HEIGHT="122">
<TD WIDTH="86" HEIGHT="115">2022.01.28</TD>

<TD WIDTH="467" HEIGHT="115">
<P>- 결산기 재무제표 확정에 따른 갱신 및 실제수익률 변동성 변경  </P>
<P> (실제 수익률 변동성 '4등급' '5.49'%' -> 실제 수익률 변동성 '4등급’ '5.08%’) </P>
<P> - 자본시장법 시행령 제260조 개정에 따른 집합투자재산 평가방법 개정사항 반영</P>
</TD>
</TR>

<TR ACOPY="Y" ADELETE="Y" HEIGHT="76">
<TD WIDTH="86" HEIGHT="69">2023.01.06</TD>

<TD WIDTH="467" HEIGHT="69">
<P>- 결산기 재무제표 확정에 따른 갱신 및 실제수익률 변동성 변경  </P>
<P> (실제 수익률 변동성 '4등급' '5.08'%' -> 실제 수익률 변동성 '4등급’ '5.41%’) </P>
</TD>
</TR>

<TR ACOPY="Y" ADELETE="Y" HEIGHT="30">
<TD WIDTH="86" HEIGHT="23">2023.03.17</TD>
<TD WIDTH="467" HEIGHT="23">운용전문인력 변경 (조인욱 → 이병수)</TD>
</TR>

<TR ACOPY="Y" ADELETE="Y" HEIGHT="122">
<TD WIDTH="86" HEIGHT="115">2023.12.27</TD>

<TD WIDTH="467" HEIGHT="115">
<P>- 결산기 재무제표 확정에 따른 갱신 및 투자위험등급 변경  </P>
<P>(실제 수익률 변동성 '4등급’ 5.41%-> 실제 수익률 변동성 '5등급’ 4.17%)</P>
<P>- 자본시장법, 시행령 및 금융투자업규정 등 개정사항 반영</P>
<P>- 기업공시서식 개정사항 반영</P>
</TD>
</TR>

<TR ACOPY="Y" ADELETE="Y" HEIGHT="122">
<TD WIDTH="86" HEIGHT="115">2025.01.24</TD>

<TD WIDTH="467" HEIGHT="115">
<P USERMARK="A-L">- 결산기 재무제표 확정에 따른 갱신 및 투자위험등급 산정기준 변경 (실제 수익률 변동성 ‘5등급‘ 4.17%‘ -> 일간 수익률의 최대손실예상액 ‘5등급‘ 9.43%‘)</P>
<P USERMARK="A-L">- 기업공시서식 개정사항 반영</P>
<P USERMARK="A-L">- 예금보험관계 표시 및 설명, 확인에 관한 규정 개정사항 반영</P>
</TD>
</TR>

<TR ACOPY="Y" ADELETE="Y" HEIGHT="30">
<TD WIDTH="86" HEIGHT="23">2025.04.11</TD>
<TD WIDTH="467" HEIGHT="23">책임운용전문인력 변경 (이병수 → 장영)</TD>
</TR>
</TBODY>
</TABLE>
<P USERMARK="P32"></P>
<P USERMARK="B P16">다. 증권발행실적보고서 공시</P>

<TABLE ACLASS="NORMAL" AFIXTABLE="N" BORDER="1" WIDTH="575">

<COLGROUP WIDTH="575">
<COL WIDTH="96"></COL>
<COL WIDTH="479"></COL>
</COLGROUP>

<TBODY>

<TR ACOPY="Y" ADELETE="Y" HEIGHT="30">
<TD WIDTH="87" HEIGHT="23">공시일</TD>
<TD WIDTH="470" HEIGHT="23">주요내용</TD>
</TR>

<TR ACOPY="Y" ADELETE="Y" HEIGHT="30">
<TD WIDTH="87" HEIGHT="23">2009.12.14</TD>
<TD WIDTH="470" HEIGHT="23">최초 제출 (대상기간 : 2009.05.03~2009.12.13)</TD>
</TR>

<TR ACOPY="Y" ADELETE="Y" HEIGHT="30">
<TD WIDTH="87" HEIGHT="23">2011.01.11</TD>
<TD WIDTH="470" HEIGHT="23">증권발행실적보고서 제출 (대상기간 : 2009.12.14 ~ 2010.12.13)</TD>
</TR>

<TR ACOPY="Y" ADELETE="Y" HEIGHT="30">
<TD WIDTH="87" HEIGHT="23">2011.12.26</TD>
<TD WIDTH="470" HEIGHT="23">증권발행실적보고서 제출 (대상기간 : 2010.12.14 ~ 2011.12.13)</TD>
</TR>

<TR ACOPY="Y" ADELETE="Y" HEIGHT="30">
<TD WIDTH="87" HEIGHT="23">2012.12.27</TD>
<TD WIDTH="470" HEIGHT="23">증권발행실적보고서 제출 (대상기간 : 2011.12.14 ~ 2012.12.13)</TD>
</TR>

<TR ACOPY="Y" ADELETE="Y" HEIGHT="30">
<TD WIDTH="87" HEIGHT="23">2013.12.24</TD>
<TD WIDTH="470" HEIGHT="23">증권발행실적보고서 제출 (대상기간 : 2012.12.14 ~ 2013.12.13)</TD>
</TR>

<TR ACOPY="Y" ADELETE="Y" HEIGHT="30">
<TD WIDTH="87" HEIGHT="23">2014.12.24</TD>
<TD WIDTH="470" HEIGHT="23">증권발행실적보고서 제출 (대상기간 : 2013.12.14 ~ 2014.12.13)</TD>
</TR>

<TR ACOPY="Y" ADELETE="Y" HEIGHT="30">
<TD WIDTH="87" HEIGHT="23">2015.12.24</TD>
<TD WIDTH="470" HEIGHT="23">증권발행실적보고서 제출 (대상기간 : 2014.12.14 ~ 2015.12.13)</TD>
</TR>

<TR ACOPY="Y" ADELETE="Y" HEIGHT="30">
<TD WIDTH="87" HEIGHT="23">2016.12.23</TD>
<TD WIDTH="470" HEIGHT="23">증권발행실적보고서 제출 (대상기간 : 2015.12.14 ~ 2016.12.13)</TD>
</TR>

<TR ACOPY="Y" ADELETE="Y" HEIGHT="30">
<TD WIDTH="87" HEIGHT="23">2017.12.18</TD>
<TD WIDTH="470" HEIGHT="23">증권발행실적보고서 제출 (대상기간 : 2016.12.14 ~ 2017.12.13)</TD>
</TR>

<TR ACOPY="Y" ADELETE="Y" HEIGHT="30">
<TD WIDTH="87" HEIGHT="23">2018.12.20</TD>
<TD WIDTH="470" HEIGHT="23">증권발행실적보고서 제출 (대상기간 : 2017.12.14 ~ 2018.12.13)</TD>
</TR>

<TR ACOPY="Y" ADELETE="Y" HEIGHT="30">
<TD WIDTH="87" HEIGHT="23">2019.12.31</TD>
<TD WIDTH="470" HEIGHT="23">증권발행실적보고서 제출 (대상기간 : 2018.12.14 ~ 2019.12.13)</TD>
</TR>

<TR ACOPY="Y" ADELETE="Y" HEIGHT="30">
<TD WIDTH="87" HEIGHT="23">2020.12.30</TD>
<TD WIDTH="470" HEIGHT="23">증권발행실적보고서 제출 (대상기간 : 2019.12.14 - 2020.12.13)</TD>
</TR>

<TR ACOPY="Y" ADELETE="Y" HEIGHT="30">
<TD WIDTH="87" HEIGHT="23">2021.12.29</TD>
<TD WIDTH="470" HEIGHT="23">증권발행실적보고서 제출 (대상기간 : 2020.12.14 - 2021.12.13)</TD>
</TR>

<TR ACOPY="Y" ADELETE="Y" HEIGHT="30">
<TD WIDTH="87" HEIGHT="23">2022.12.15</TD>
<TD WIDTH="470" HEIGHT="23">증권발행실적보고서 제출 (대상기간 : 2021.12.14 - 2022.12.13)</TD>
</TR>

<TR ACOPY="Y" ADELETE="Y" HEIGHT="30">
<TD WIDTH="87" HEIGHT="23">2023.12.15</TD>
<TD WIDTH="470" HEIGHT="23">증권발행실적보고서 제출 (대상기간 : 2022.12.14 - 2023.12.13)</TD>
</TR>

<TR ACOPY="Y" ADELETE="Y" HEIGHT="30">
<TD WIDTH="87" HEIGHT="23">2024.12.23</TD>
<TD WIDTH="470" HEIGHT="23">증권발행실적보고서 제출 (대상기간 : 2023.12.14 - 2024.12.13)</TD>
</TR>

<TR ACOPY="Y" ADELETE="Y" HEIGHT="30">
<TD WIDTH="87" HEIGHT="23">2026.01.06</TD>
<TD WIDTH="470" HEIGHT="23">증권발행실적보고서 제출 (대상기간 : 2024.12.14 - 2025.12.13)</TD>
</TR>
</TBODY>
</TABLE>
<P USERMARK="P32"></P>
</SECTION-2>
</SECTION-1>
</BODY>
</DOCUMENT>