<html>
 <head> 
  <meta content="gdi" http-equiv="X-UA-TextLayoutMetrics"> 
  <meta content="text/html; charset=euc-kr" http-equiv="Content-Type"> 
  <STYLE>
.xforms * { font-family: 돋움체;}
.xforms_title * { font-size: 13pt; padding : 0 0 10 0;}

.xforms table {
    font-size: 10px;
    padding:0px;
    border-collapse:collapse;
    color: #3D3D3D;
}
.xforms td {
    padding-left:0px;
    padding-top:0px;
    border-collapse:collapse;
    line-height:22px;
    color: #3D3D3D;
    /*text-align:right;*/
    vertical-align:middle;
    border: 1px solid #7f7f7f;
}

.xforms span {
    /*display: inline-block;*/
    padding-left:3px;
    padding-right: 1px;
    line-height:22px;
    padding-top:0px;
    padding-bottom:0px;
    text-align:left;
    vertical-align:middle;
    border: 0px solid #DBDBDB;
}

.xforms.img{
    border : 0px;
}

.xforms a:link {

    color: #194866;
    text-decoration: none;
}
.xforms a:active {

    color: #194866;
    text-decoration: none;
}
.xforms a:visited {
    color: #194866;
    text-decoration: none;
}

.xforms A:hover {
    color:008BE3;
    text-decoration: none;
}

.xforms_input{
    border: 0px solid #DBDBDB;
    padding-left:3px;
    padding-right: 1px;
    height:22px;
    padding-top:0px;
    padding-bottom:0px;
    text-align:left;
}
</STYLE> 
  <title>대진첨단소재/주주총회소집결의/(2026.01.05)주주총회소집결의</title> 
 </head> 
 <body> 
  <div class="xforms"> 
   <div> 
    <div id="LIB_LC000" style="width:600px;font-size:10pt;;padding:0 0 20 0"> 
     <div> 
      <div> 
       <span style="width:600px;font-size:10pt;font-weight:bold;text-align:center;">정정신고(보고)</span> 
       <table border="0" bordercolordark="white" bordercolorlight="#666666" cellpadding="1" cellspacing="0" id="XFormD8_Form0_Table1" style="margin:0px 0px 20px 0px;width:600px;font-size:10pt;"> 
        <tbody> 
         <tr> 
          <td width="434"> <span style="width:434px;font-size:10pt;text-align:right;">정정일자</span> </td> 
          <td width="166"> <span class="xforms_input" style="width:166px;font-size:10pt;">2026-01-05</span> </td> 
         </tr> 
        </tbody> 
       </table> 
       <table border="1" bordercolordark="white" bordercolorlight="#666666" cellpadding="1" cellspacing="0" id="XFormD8_Form0_RepeatTable0" style="margin:0px 0px 20px 0px;width:600px;font-size:10pt;border:1px solid #7f7f7f;"> 
        <tbody> 
         <tr> 
          <td width="200"> <span style="width:200px;font-size:10pt;">1. 정정관련 공시서류</span> </td> 
          <td colspan="2" width="400"> <span class="xforms_input" style="width:400px;font-size:10pt;">주주총회소집결의</span> </td> 
         </tr> 
         <tr> 
          <td width="200"> <span style="width:200px;font-size:10pt;">2. 정정관련 공시서류제출일</span> </td> 
          <td colspan="2" width="400"> <span class="xforms_input" style="width:400px;font-size:10pt;">2025-12-19</span> </td> 
         </tr> 
         <tr> 
          <td width="200"> <span style="width:200px;font-size:10pt;">3. 정정사유</span> </td> 
          <td colspan="2" width="400"> <span class="xforms_input" style="width:400px;font-size:10pt;">임시주주총회 의안 주요내용 확정</span> </td> 
         </tr> 
         <tr> 
          <td colspan="3" width="600"> <span style="width:600px;font-size:10pt;">4. 정정사항</span> </td> 
         </tr> 
         <tr> 
          <td width="200"> <span style="width:200px;font-size:10pt;text-align:center;">정정항목</span> </td> 
          <td width="200"> <span style="width:200px;font-size:10pt;text-align:center;">정정전</span> </td> 
          <td width="200"> <span style="width:200px;font-size:10pt;text-align:center;">정정후</span> </td> 
         </tr> 
         <tr> 
          <td width="200"> <span class="xforms_input" style="width:200px;font-size:10pt;">3. 의안 주요내용</span> </td> 
          <td width="200"> <span class="xforms_input" style="width:200px;font-size:10pt;">세부 변동내역은 추후 이사회를 통해 확정</span> </td> 
          <td width="200"> <span class="xforms_input" style="width:200px;font-size:10pt;">제1호 의안 : 정관 일부 변경의건 <br java="http://xml.apache.org/xalan/java"> <br java="http://xml.apache.org/xalan/java">제2호 의안 : 이사 선임의 건 <br java="http://xml.apache.org/xalan/java">제2-1호 의안: 사내이사 우태경(신규선임) <br java="http://xml.apache.org/xalan/java">제2-2호 의안: 사내이사 오정백(신규선임) <br java="http://xml.apache.org/xalan/java">제2-3호 의안: 사외이사 정도균(신규선임)</span> </td> 
         </tr> 
        </tbody> 
       </table> 
       <table border="1" bordercolordark="white" bordercolorlight="#666666" cellpadding="1" cellspacing="0" id="XFormD8_Form0_Table0" style="margin:0px 0px 20px 0px;width:599px;font-size:10pt;border:1px solid #7f7f7f;"> 
        <tbody> 
         <tr> 
          <td width="599"> <span class="xforms_input" style="width:599px;font-size:10pt;">-</span> </td> 
         </tr> 
        </tbody> 
       </table> 
      </div> 
     </div> 
    </div> 
    <div class="xforms_title"> 
     <div> 
      <span style="width:598px;font-weight:bold;text-align:center;">주주총회소집 결의</span> 
     </div> 
    </div> 
    <table border="1" bordercolordark="white" bordercolorlight="#666666" cellpadding="1" cellspacing="0" id="XFormD2_Form0_Table0" style="margin:0px 0px 20px 0px;width:594px;font-size:10pt;border:1px solid #7f7f7f;"> 
     <tbody> 
      <tr> 
       <td rowspan="2" width="168"> <span style="width:168px;font-size:10pt;">1. 일시</span> </td> 
       <td width="84"> <span style="width:84px;font-size:10pt;text-align:center;">날짜</span> </td> 
       <td colspan="2" width="342"> <span class="xforms_input" style="width:342px;font-size:10pt;">2026-02-04</span> </td> 
      </tr> 
      <tr> 
       <td width="84"> <span style="width:84px;font-size:10pt;text-align:center;">시간</span> </td> 
       <td colspan="2" width="342"> <span class="xforms_input" style="width:342px;font-size:10pt;">오전 9시</span> </td> 
      </tr> 
      <tr> 
       <td colspan="2" width="252"> <span style="width:252px;font-size:10pt;">2. 장소</span> </td> 
       <td colspan="2" width="342"> <span class="xforms_input" style="width:342px;font-size:10pt;">서울시 송파구 올림픽로 342, 4층 본점회의실</span> </td> 
      </tr> 
      <tr> 
       <td colspan="2" width="252"> <span style="width:252px;font-size:10pt;">3. 의안 주요내용</span> </td> 
       <td colspan="2" width="342"> <span class="xforms_input" style="width:342px;font-size:10pt;">제1호 의안 : 정관 일부 변경의건 <br xmlns:java="http://xml.apache.org/xalan/java"> <br xmlns:java="http://xml.apache.org/xalan/java">제2호 의안 : 이사 선임의 건 <br xmlns:java="http://xml.apache.org/xalan/java">제2-1호 의안: 사내이사 우태경(신규선임) <br xmlns:java="http://xml.apache.org/xalan/java">제2-2호 의안: 사내이사 오정백(신규선임) <br xmlns:java="http://xml.apache.org/xalan/java">제2-3호 의안: 사외이사 정도균(신규선임)</span> </td> 
      </tr> 
      <tr> 
       <td colspan="2" width="252"> <span style="width:252px;font-size:10pt;">4. 이사회결의일(결정일)</span> </td> 
       <td colspan="2" width="342"> <span class="xforms_input" style="width:342px;font-size:10pt;">2025-12-19</span> </td> 
      </tr> 
      <tr> 
       <td rowspan="2" width="168"> <span style="width:168px;font-size:10pt;">-사외이사 참석여부</span> </td> 
       <td width="84"> <span style="width:84px;font-size:10pt;text-align:center;">참석(명)</span> </td> 
       <td colspan="2" width="342"> <span class="xforms_input" style="width:342px;font-size:10pt;text-align:right;">2</span> </td> 
      </tr> 
      <tr> 
       <td width="84"> <span style="width:84px;font-size:10pt;text-align:center;">불참(명)</span> </td> 
       <td colspan="2" width="342"> <span class="xforms_input" style="width:342px;font-size:10pt;text-align:right;">0</span> </td> 
      </tr> 
      <tr> 
       <td colspan="2" width="252"> <span style="width:252px;font-size:10pt;">-감사(사외이사가 아닌 감사위원) 참석여부</span> </td> 
       <td colspan="2" width="342"> <span class="xforms_input" style="width:342px;font-size:10pt;">참석</span> </td> 
      </tr> 
      <tr> 
       <td colspan="2" width="252"> <span style="width:252px;font-size:10pt;">-주주총회 구분</span> </td> 
       <td colspan="2" width="342"> <span class="xforms_input" style="width:342px;font-size:10pt;">임시주주총회</span> </td> 
      </tr> 
      <tr> 
       <td colspan="4" width="594"> <span style="width:594px;font-size:10pt;">5. 기타 투자판단에 참고할 사항</span> </td> 
      </tr> 
      <tr> 
       <td colspan="4" width="594"> <span class="xforms_input" style="width:594px;font-size:10pt;">-</span> </td> 
      </tr> 
      <tr> 
       <td width="168"> <span style="width:168px;font-size:10pt;">※관련공시</span> </td> 
       <td colspan="3" width="426"> <span style="width:426px;font-size:10pt;"> <a href="http://kind.krx.co.kr/common/disclsviewer.do?method=search&amp;acptno=20251219000782&amp;rcpno=20251219000782&amp;orgid=K&amp;tran=Y&amp;langTpCd=0" target="_blank" xmlns="http://www.w3.org/1999/xhtml" xmlns:xf="http://www.w3.org/2002/xforms" xmlns:xh="http://www.w3.org/1999/xhtml" xmlns:xsd="http://www.w3.org/2001/XMLSchema">2025-12-19 주주총회소집결의</a> <br xmlns:java="http://xml.apache.org/xalan/java"> <a href="http://kind.krx.co.kr/common/disclsviewer.do?method=search&amp;acptno=20251219000817&amp;rcpno=20251219000817&amp;orgid=K&amp;tran=Y&amp;langTpCd=0" target="_blank" xmlns="http://www.w3.org/1999/xhtml" xmlns:xf="http://www.w3.org/2002/xforms" xmlns:xh="http://www.w3.org/1999/xhtml" xmlns:xsd="http://www.w3.org/2001/XMLSchema">2025-12-19 주주명부폐쇄기간 또는 기준일 설정</a> <br xmlns:java="http://xml.apache.org/xalan/java"> </span> </td> 
      </tr> 
     </tbody> 
    </table> 
    <div id="LIB_L7021" style="width:600px;font-size:10pt;;padding:0 0 20 0"> 
     <div> 
      <div> 
       <span style="width:600px;font-size:11pt;font-weight:bold;">이사선임 세부내역</span> 
       <table border="1" bordercolordark="white" bordercolorlight="#666666" cellpadding="1" cellspacing="0" id="XFormD1_Form0_RepeatTable0" style="margin:0px 0px 20px 0px;width:598px;font-size:10pt;border:1px solid #7f7f7f;"> 
        <tbody> 
         <tr> 
          <td width="67"> <span style="width:67px;font-size:10pt;text-align:center;">성명</span> </td> 
          <td width="74"> <span style="width:74px;font-size:10pt;text-align:center;">출생년월</span> </td> 
          <td width="48"> <span style="width:48px;font-size:10pt;text-align:center;">임기</span> </td> 
          <td width="91"> <span style="width:91px;font-size:10pt;text-align:center;">신규선임여부</span> </td> 
          <td width="318"> <span style="width:318px;font-size:10pt;text-align:center;">주요경력(현직포함)</span> </td> 
         </tr> 
         <tr> 
          <td width="67"> <span class="xforms_input" style="width:67px;font-size:10pt;">우태경</span> </td> 
          <td width="74"> <span class="xforms_input" style="width:74px;font-size:10pt;">1972-11</span> </td> 
          <td width="48"> <span class="xforms_input" style="width:48px;font-size:10pt;">3년</span> </td> 
          <td width="91"> <span class="xforms_input" style="width:91px;font-size:10pt;">신규선임</span> </td> 
          <td width="318"> <span class="xforms_input" style="width:318px;font-size:10pt;">경희대학교 졸 <br java="http://xml.apache.org/xalan/java">現) 글로벌경제 대표 <br java="http://xml.apache.org/xalan/java">前) 사조마을</span> </td> 
         </tr> 
         <tr> 
          <td width="67"> <span class="xforms_input" style="width:67px;font-size:10pt;">오정백</span> </td> 
          <td width="74"> <span class="xforms_input" style="width:74px;font-size:10pt;">1967-05</span> </td> 
          <td width="48"> <span class="xforms_input" style="width:48px;font-size:10pt;">3년</span> </td> 
          <td width="91"> <span class="xforms_input" style="width:91px;font-size:10pt;">신규선임</span> </td> 
          <td width="318"> <span class="xforms_input" style="width:318px;font-size:10pt;">단국대학교 기계공학과 졸 <br java="http://xml.apache.org/xalan/java">前) 대우전자 중국 HOME사 기술고문</span> </td> 
         </tr> 
        </tbody> 
       </table> 
      </div> 
     </div> 
    </div> 
    <div id="LIB_L7020" style="width:600px;font-size:10pt;;padding:0 0 20 0"> 
     <div> 
      <div> 
       <span style="width:596px;font-size:11pt;font-weight:bold;">사외이사선임 세부내역</span> 
       <table border="1" bordercolordark="white" bordercolorlight="#666666" cellpadding="1" cellspacing="0" id="XFormD1_Form0_RepeatTable0" style="margin:0px 0px 20px 0px;width:597px;font-size:10pt;border:1px solid #7f7f7f;"> 
        <tbody> 
         <tr> 
          <td width="67"> <span style="width:67px;font-size:10pt;text-align:center;">성명</span> </td> 
          <td width="70"> <span style="width:70px;font-size:10pt;text-align:center;">출생년월</span> </td> 
          <td width="45"> <span style="width:45px;font-size:10pt;text-align:center;">임기</span> </td> 
          <td width="90"> <span style="width:90px;font-size:10pt;text-align:center;">신규선임여부</span> </td> 
          <td width="172"> <span style="width:172px;font-size:10pt;text-align:center;">주요경력(현직포함)</span> </td> 
          <td width="153"> <span style="width:153px;font-size:10pt;text-align:center;">이사 등으로 재직 중인 다른 법인명(직위)</span> </td> 
         </tr> 
         <tr> 
          <td width="67"> <span class="xforms_input" style="width:67px;font-size:10pt;">정도균</span> </td> 
          <td width="70"> <span class="xforms_input" style="width:70px;font-size:10pt;">1965-09</span> </td> 
          <td width="45"> <span class="xforms_input" style="width:45px;font-size:10pt;">3년</span> </td> 
          <td width="90"> <span class="xforms_input" style="width:90px;font-size:10pt;">신규선임</span> </td> 
          <td width="172"> <span class="xforms_input" style="width:172px;font-size:10pt;">영남대학교 무역학과 졸 <br java="http://xml.apache.org/xalan/java">前) 삼우회계사무소</span> </td> 
          <td width="153"> <span class="xforms_input" style="width:153px;font-size:10pt;">-</span> </td> 
         </tr> 
        </tbody> 
       </table> 
      </div> 
     </div> 
    </div> 
    <span class="noprint" style="display:none;width:600px;font-size:10pt;"> </span> 
    <span class="noprint" style="display:none;width:600px;font-size:10pt;"> </span> 
    <span class="noprint" style="display:none;width:600px;font-size:10pt;"> </span> 
    <span class="noprint" style="display:none;width:600px;font-size:10pt;"> </span> 
    <span class="noprint" style="display:none;width:600px;font-size:10pt;"> </span> 
   </div> 
  </div>  
 </body>
</html>