<?xml version="1.0" encoding="utf-8"?>


<DOCUMENT xmlns:xsi="http://www.w3.org/2001/XMLSchema-instance" xsi:noNamespaceSchemaLocation="dart4.xsd">

<DOCUMENT-NAME ACODE="12000">합병등종료보고서</DOCUMENT-NAME>
<FORMULA-VERSION SUBVER="1" ADATE="20090204">6.0</FORMULA-VERSION>
<COMPANY-NAME AREGCIK="01817920">주식회사 페스카로</COMPANY-NAME>


<BODY ATOCID="8">

<COVER>
<COVER-TITLE ATOC="Y" AASSOCNOTE="COVER" ENG="Merger Completion Report etc." ATOCID="1">합병등 종료보고서</COVER-TITLE>

<TABLE-GROUP ACLASS="_RPT_RSN_" ADELETETABLE="N">

<TABLE ACLASS="EXTRACTION" AFIXTABLE="N" WIDTH="600" BORDER="0">

<COLGROUP WIDTH="600">
<COL WIDTH="161"></COL>
<COL WIDTH="439"></COL>
</COLGROUP>

<TBODY>

<TR ACOPY="N" ADELETE="N" HEIGHT="30">
<TU COLSPAN="2" ALIGN="CENTER" VALIGN="MIDDLE" WIDTH="591" HEIGHT="23" AUNIT="RPT_RSN_TP" AUNITVALUE="A" ENG="(Asset Transfer/acquisition)">(자 산 양 수 도)</TU>
</TR>

<TR ACOPY="Y" ADELETE="Y" HEIGHT="76">
<TD CLASS="NORMAL" COLSPAN="2" WIDTH="591" HEIGHT="69"></TD>
</TR>

<TR ACOPY="Y" ADELETE="Y" HEIGHT="30">
<TD CLASS="NORMAL" VALIGN="MIDDLE" WIDTH="152" HEIGHT="23">금융감독원장 귀하</TD>
<TD CLASS="NORMAL" ALIGN="RIGHT" VALIGN="MIDDLE" WIDTH="430" HEIGHT="23">2026년      01월     05일</TD>
</TR>

<TR ACOPY="Y" ADELETE="Y" HEIGHT="53">
<TD CLASS="NORMAL" VALIGN="MIDDLE" WIDTH="152" HEIGHT="46"></TD>
<TD CLASS="NORMAL" VALIGN="MIDDLE" WIDTH="430" HEIGHT="46"></TD>
</TR>

<TR ACOPY="Y" ADELETE="Y" HEIGHT="53">
<TD CLASS="NORMAL" VALIGN="MIDDLE" WIDTH="152" HEIGHT="46">회       사       명 :</TD>
<TD CLASS="NORMAL" VALIGN="MIDDLE" WIDTH="430" HEIGHT="46">주식회사 페스카로</TD>
</TR>

<TR ACOPY="Y" ADELETE="Y" HEIGHT="53">
<TD CLASS="NORMAL" VALIGN="MIDDLE" WIDTH="152" HEIGHT="46">대   표     이   사 :</TD>
<TD CLASS="NORMAL" VALIGN="MIDDLE" WIDTH="430" HEIGHT="46">홍석민</TD>
</TR>

<TR ACOPY="Y" ADELETE="Y" HEIGHT="30">
<TD CLASS="NORMAL" VALIGN="MIDDLE" WIDTH="152" HEIGHT="23">본  점  소  재  지 :</TD>
<TD CLASS="NORMAL" VALIGN="MIDDLE" WIDTH="430" HEIGHT="23">경기도 수원시 영통구 광교중앙로 266번길 40, 4층</TD>
</TR>

<TR ACOPY="Y" ADELETE="Y" HEIGHT="30">
<TD CLASS="NORMAL" VALIGN="MIDDLE" WIDTH="152" HEIGHT="23"></TD>
<TD CLASS="NORMAL" VALIGN="MIDDLE" WIDTH="430" HEIGHT="23">(전  화)031-8001-6788</TD>
</TR>

<TR ACOPY="Y" ADELETE="Y" HEIGHT="30">
<TD CLASS="NORMAL" VALIGN="MIDDLE" WIDTH="152" HEIGHT="23"></TD>
<TD CLASS="NORMAL" VALIGN="MIDDLE" WIDTH="430" HEIGHT="23">(홈페이지) http://www.fescaro.com</TD>
</TR>

<TR ACOPY="Y" ADELETE="Y" HEIGHT="30">
<TD CLASS="NORMAL" VALIGN="MIDDLE" WIDTH="152" HEIGHT="23"></TD>
<TD CLASS="NORMAL" VALIGN="MIDDLE" WIDTH="430" HEIGHT="23"></TD>
</TR>

<TR ACOPY="Y" ADELETE="Y" HEIGHT="30">
<TD CLASS="NORMAL" VALIGN="MIDDLE" WIDTH="152" HEIGHT="23">작  성  책  임  자 :</TD>
<TD CLASS="NORMAL" VALIGN="MIDDLE" WIDTH="430" HEIGHT="23">(직  책) 상무                 (성  명) 이영탁</TD>
</TR>

<TR ACOPY="Y" ADELETE="Y" HEIGHT="30">
<TD CLASS="NORMAL" VALIGN="MIDDLE" WIDTH="152" HEIGHT="23"></TD>
<TD CLASS="NORMAL" VALIGN="MIDDLE" WIDTH="430" HEIGHT="23">(전  화) 031-360-6788</TD>
</TR>

<TR ACOPY="Y" ADELETE="Y" HEIGHT="53">
<TD CLASS="NORMAL" VALIGN="MIDDLE" WIDTH="152" HEIGHT="46"></TD>
<TD CLASS="NORMAL" VALIGN="MIDDLE" WIDTH="430" HEIGHT="46"></TD>
</TR>
</TBODY>
</TABLE>
</TABLE-GROUP>
<PGBRK></PGBRK>
</COVER>

<SECTION-1 ACLASS="MANDATORY" APARTSOURCE="SOURCE">

<SECTION-2 ACLASS="MANDATORY">
<TITLE ATOC="Y" AASSOCNOTE="D-0-0-1-0" ENG="Ⅰ. Schedule" ATOCID="2">Ⅰ. 일정</TITLE>
<P></P>

<P> 본 종료보고서는 2026년 01월 05일자 주요사항보고서(타법인 주식 및 출자증권 양수 결정)에 관한 종료 보고입니다.본 주식 양수 거래는 모트랩(주)의 기명식 보통주 20,000주를 양수하는 것으로 최대주주인 김남종 외 2인과 2025년 12월 22일 주식 양수도계약을 체결하였고 2026년 01월 05일 잔금 지급 후 주식 양수도가 완료되어 본 거래가 정상적으로 종료되었음을 보고합니다.
<SPAN USERMARK="B">1. 자산양수도 양도내역 및 가액</SPAN>
</P>

<TABLE BORDER="1" WIDTH="600" ACLASS="NORMAL" AFIXTABLE="N">

<COLGROUP WIDTH="600">
<COL WIDTH="300"></COL>
<COL WIDTH="300"></COL>
</COLGROUP>

<THEAD>

<TR ACOPY="Y" ADELETE="Y" HEIGHT="30">
<TH WIDTH="291" USERMARK="BC0XDCDCDC" VALIGN="MIDDLE" ACOPYCOL="Y" ADELETECOL="Y" AMOVECOL="N" HEIGHT="23">구분</TH>
<TH WIDTH="291" USERMARK="BC0XDCDCDC" VALIGN="MIDDLE" ACOPYCOL="Y" ADELETECOL="Y" AMOVECOL="N" HEIGHT="23">내역</TH>
</TR>
</THEAD>

<TBODY>

<TR ACOPY="Y" ADELETE="Y" HEIGHT="30">
<TD ALIGN="CENTER" VALIGN="MIDDLE" WIDTH="291" HEIGHT="23">발행회사</TD>
<TD ALIGN="CENTER" VALIGN="MIDDLE" WIDTH="291" HEIGHT="23">모트랩(주)</TD>
</TR>

<TR ACOPY="Y" ADELETE="Y" HEIGHT="30">
<TD ALIGN="CENTER" VALIGN="MIDDLE" WIDTH="291" HEIGHT="23">양수 대상자산</TD>
<TD ALIGN="CENTER" VALIGN="MIDDLE" WIDTH="291" HEIGHT="23">기명식 보통주 20,000주(100%)</TD>
</TR>

<TR ACOPY="Y" ADELETE="Y" HEIGHT="30">
<TD ALIGN="CENTER" VALIGN="MIDDLE" WIDTH="291" HEIGHT="23">양수방법</TD>
<TD ALIGN="CENTER" VALIGN="MIDDLE" WIDTH="291" HEIGHT="23">현금 취득</TD>
</TR>

<TR ACOPY="Y" ADELETE="Y" HEIGHT="30">
<TD ALIGN="CENTER" VALIGN="MIDDLE" WIDTH="291" HEIGHT="23">양수가액</TD>
<TD ALIGN="CENTER" VALIGN="MIDDLE" WIDTH="291" HEIGHT="23">5,000,000,000원</TD>
</TR>

<TR ACOPY="Y" ADELETE="Y" HEIGHT="76">
<TD ALIGN="CENTER" VALIGN="MIDDLE" WIDTH="291" HEIGHT="69">거래상대방</TD>
<TD ALIGN="CENTER" VALIGN="MIDDLE" WIDTH="291" HEIGHT="69">김남종(최대주주)박찬용차재환</TD>
</TR>
</TBODY>
</TABLE>
<P USERMARK="F-11 "></P>
<P USERMARK="B">2. 주요진행일정</P>

<TABLE BORDER="1" WIDTH="603" ACLASS="NORMAL" AFIXTABLE="N">

<COLGROUP WIDTH="603">
<COL WIDTH="174"></COL>
<COL WIDTH="268"></COL>
<COL WIDTH="161"></COL>
</COLGROUP>

<THEAD>

<TR ACOPY="Y" ADELETE="Y" HEIGHT="30">
<TH WIDTH="165" USERMARK="BC0XDCDCDC" VALIGN="MIDDLE" ACOPYCOL="Y" ADELETECOL="Y" AMOVECOL="N" HEIGHT="23">구    분</TH>
<TH WIDTH="259" USERMARK="BC0XDCDCDC" VALIGN="MIDDLE" ACOPYCOL="Y" ADELETECOL="Y" AMOVECOL="N" HEIGHT="23">일   자 </TH>
<TH WIDTH="152" USERMARK="BC0XDCDCDC" ACOPYCOL="Y" ADELETECOL="Y" AMOVECOL="N" HEIGHT="23">비  고</TH>
</TR>
</THEAD>

<TBODY>

<TR ACOPY="Y" ADELETE="Y" HEIGHT="30">
<TD ALIGN="CENTER" WIDTH="165" VALIGN="MIDDLE" HEIGHT="23">외부평가기간</TD>
<TD ALIGN="CENTER" WIDTH="259" VALIGN="MIDDLE" HEIGHT="23">2025년 11월 17일 ~ 2025년 12월 22일</TD>
<TD ALIGN="CENTER" WIDTH="152" VALIGN="MIDDLE" HEIGHT="23">한서회계법인</TD>
</TR>

<TR ACOPY="Y" ADELETE="Y" HEIGHT="30">
<TD ALIGN="CENTER" WIDTH="165" VALIGN="MIDDLE" HEIGHT="23">이사회결의일</TD>
<TD ALIGN="CENTER" WIDTH="259" VALIGN="MIDDLE" HEIGHT="23">2025년 12월 22일</TD>
<TD ALIGN="CENTER" WIDTH="152" VALIGN="MIDDLE" HEIGHT="23">-</TD>
</TR>

<TR ACOPY="Y" ADELETE="Y" HEIGHT="30">
<TD ALIGN="CENTER" WIDTH="165" VALIGN="MIDDLE" HEIGHT="23">주요사항보고서 제출일</TD>
<TD ALIGN="CENTER" WIDTH="259" VALIGN="MIDDLE" HEIGHT="23">2025년 12월 22일</TD>
<TD ALIGN="CENTER" WIDTH="152" VALIGN="MIDDLE" HEIGHT="23">-</TD>
</TR>

<TR ACOPY="Y" ADELETE="Y" HEIGHT="30">
<TD ALIGN="CENTER" WIDTH="165" VALIGN="MIDDLE" HEIGHT="23">주식매매계약체결일</TD>
<TD ALIGN="CENTER" WIDTH="259" VALIGN="MIDDLE" HEIGHT="23">2025년 12월 22일</TD>
<TD ALIGN="CENTER" WIDTH="152" VALIGN="MIDDLE" HEIGHT="23">-</TD>
</TR>

<TR ACOPY="Y" ADELETE="Y" HEIGHT="53">
<TD ALIGN="CENTER" WIDTH="165" VALIGN="MIDDLE" HEIGHT="46">거래종결일</TD>
<TD ALIGN="CENTER" WIDTH="259" VALIGN="MIDDLE" HEIGHT="46">2026년 01월 05일</TD>
<TD ALIGN="CENTER" WIDTH="152" VALIGN="MIDDLE" HEIGHT="46">잔금 지급 완료 및주식인수</TD>
</TR>
</TBODY>
</TABLE>
<P USERMARK="F-11 "></P>
</SECTION-2>

<SECTION-2 ACLASS="MANDATORY">
<TITLE ATOC="Y" AASSOCNOTE="D-0-0-2-0" ENG="Ⅱ. Changes in the Equity Ratios of Major Shareholders, etc." ATOCID="3">Ⅱ. 대주주등 지분변동 상황</TITLE>
<P>- 해당사항 없음</P>
</SECTION-2>

<SECTION-2 ACLASS="MANDATORY">
<TITLE ATOC="Y" AASSOCNOTE="D-0-0-3-0" ENG="Ⅲ. Exercise of the Appraisal Rights" ATOCID="4">Ⅲ. 주식매수청구권 행사</TITLE>
<P>- 해당사항 없음</P>
<P></P>
</SECTION-2>

<SECTION-2 ACLASS="MANDATORY">
<TITLE ATOC="Y" AASSOCNOTE="D-0-0-4-0" ENG="IV. Matters Related to Creditor Protection" ATOCID="5">Ⅳ. 채권자보호에 관한 사항</TITLE>
<P>- 해당사항 없음</P>
<P></P>
</SECTION-2>

<SECTION-2 ACLASS="MANDATORY">
<TITLE ATOC="Y" AASSOCNOTE="D-0-0-5-0" ENG="V. Status of Related Litigation" ATOCID="6">Ⅴ. 관련 소송의 현황</TITLE>
<P>- 해당사항 없음</P>
</SECTION-2>

<SECTION-2 ACLASS="MANDATORY">
<TITLE ATOC="Y" AASSOCNOTE="D-0-0-6-0" ENG="Ⅵ. Matters Related to Allotment of New Shares, etc." ATOCID="7">Ⅵ. 신주배정 등에 관한 사항</TITLE>
<P>- 해당사항 없음</P>
</SECTION-2>

<SECTION-2 ACLASS="MANDATORY">
<TITLE ATOC="Y" AASSOCNOTE="D-0-0-7-0" ENG="Ⅶ. Summary of Financial Information Before and After [Merger, etc.]" ATOCID="8">Ⅶ. [합병등] 전ㆍ후의 요약재무정보</TITLE>
<P></P>
<P USERMARK="A-R">(단위 : 백만원)</P>

<TABLE BORDER="1" WIDTH="600" ACLASS="NORMAL" AFIXTABLE="N">

<COLGROUP WIDTH="600">
<COL WIDTH="150"></COL>
<COL WIDTH="150"></COL>
<COL WIDTH="150"></COL>
<COL WIDTH="150"></COL>
</COLGROUP>

<THEAD>

<TR ACOPY="Y" ADELETE="Y" HEIGHT="30">
<TH WIDTH="141" USERMARK="BC0XDCDCDC" ACOPYCOL="Y" ADELETECOL="Y" AMOVECOL="N" HEIGHT="23">구 분</TH>
<TH WIDTH="141" USERMARK="BC0XDCDCDC" ACOPYCOL="Y" ADELETECOL="Y" AMOVECOL="N" HEIGHT="23">주식양수 전</TH>
<TH WIDTH="141" USERMARK="BC0XDCDCDC" ACOPYCOL="Y" ADELETECOL="Y" AMOVECOL="N" HEIGHT="23">증감액</TH>
<TH WIDTH="141" USERMARK="BC0XDCDCDC" ACOPYCOL="Y" ADELETECOL="Y" AMOVECOL="N" HEIGHT="23">주식양수 후</TH>
</TR>
</THEAD>

<TBODY>

<TR ACOPY="Y" ADELETE="Y" HEIGHT="30">
<TD WIDTH="141" VALIGN="MIDDLE" HEIGHT="23">유동자산</TD>
<TD ALIGN="RIGHT" WIDTH="141" VALIGN="MIDDLE" HEIGHT="23">              39,673 </TD>
<TD ALIGN="RIGHT" WIDTH="141" VALIGN="MIDDLE" HEIGHT="23">                3,859 </TD>
<TD ALIGN="RIGHT" WIDTH="141" VALIGN="MIDDLE" HEIGHT="23">              43,532 </TD>
</TR>

<TR ACOPY="Y" ADELETE="Y" HEIGHT="30">
<TD WIDTH="141" VALIGN="MIDDLE" HEIGHT="23">비유동자산</TD>
<TD ALIGN="RIGHT" WIDTH="141" VALIGN="MIDDLE" HEIGHT="23">                2,649 </TD>
<TD ALIGN="RIGHT" WIDTH="141" VALIGN="MIDDLE" HEIGHT="23">                  501 </TD>
<TD ALIGN="RIGHT" WIDTH="141" VALIGN="MIDDLE" HEIGHT="23">                3,150 </TD>
</TR>

<TR ACOPY="Y" ADELETE="Y" HEIGHT="30">
<TD ALIGN="CENTER" WIDTH="141" VALIGN="MIDDLE" HEIGHT="23">자산총계</TD>
<TD ALIGN="RIGHT" WIDTH="141" VALIGN="MIDDLE" HEIGHT="23">              42,322 </TD>
<TD ALIGN="RIGHT" WIDTH="141" VALIGN="MIDDLE" HEIGHT="23">                4,360 </TD>
<TD ALIGN="RIGHT" WIDTH="141" VALIGN="MIDDLE" HEIGHT="23">              46,682 </TD>
</TR>

<TR ACOPY="Y" ADELETE="Y" HEIGHT="30">
<TD WIDTH="141" VALIGN="MIDDLE" HEIGHT="23">유동부채</TD>
<TD ALIGN="RIGHT" WIDTH="141" VALIGN="MIDDLE" HEIGHT="23">                2,085 </TD>
<TD ALIGN="RIGHT" WIDTH="141" VALIGN="MIDDLE" HEIGHT="23">                  304 </TD>
<TD ALIGN="RIGHT" WIDTH="141" VALIGN="MIDDLE" HEIGHT="23">                2,389 </TD>
</TR>

<TR ACOPY="Y" ADELETE="Y" HEIGHT="30">
<TD WIDTH="141" VALIGN="MIDDLE" HEIGHT="23">비유동부채</TD>
<TD ALIGN="RIGHT" WIDTH="141" VALIGN="MIDDLE" HEIGHT="23">                  339 </TD>
<TD ALIGN="RIGHT" WIDTH="141" VALIGN="MIDDLE" HEIGHT="23">                      - </TD>
<TD ALIGN="RIGHT" WIDTH="141" VALIGN="MIDDLE" HEIGHT="23">                  339 </TD>
</TR>

<TR ACOPY="Y" ADELETE="Y" HEIGHT="30">
<TD ALIGN="CENTER" WIDTH="141" VALIGN="MIDDLE" HEIGHT="23">부채총계</TD>
<TD ALIGN="RIGHT" WIDTH="141" VALIGN="MIDDLE" HEIGHT="23">                2,424 </TD>
<TD ALIGN="RIGHT" WIDTH="141" VALIGN="MIDDLE" HEIGHT="23">                  304 </TD>
<TD ALIGN="RIGHT" WIDTH="141" VALIGN="MIDDLE" HEIGHT="23">                2,728 </TD>
</TR>

<TR ACOPY="Y" ADELETE="Y" HEIGHT="30">
<TD WIDTH="141" VALIGN="MIDDLE" HEIGHT="23">자본금</TD>
<TD ALIGN="RIGHT" WIDTH="141" VALIGN="MIDDLE" HEIGHT="23">                4,162 </TD>
<TD ALIGN="RIGHT" WIDTH="141" VALIGN="MIDDLE" HEIGHT="23">                  100 </TD>
<TD ALIGN="RIGHT" WIDTH="141" VALIGN="MIDDLE" HEIGHT="23">                4,262 </TD>
</TR>

<TR ACOPY="Y" ADELETE="Y" HEIGHT="30">
<TD WIDTH="141" VALIGN="MIDDLE" HEIGHT="23">주식발행초과금</TD>
<TD ALIGN="RIGHT" WIDTH="141" VALIGN="MIDDLE" HEIGHT="23">              44,094 </TD>
<TD ALIGN="RIGHT" WIDTH="141" VALIGN="MIDDLE" HEIGHT="23">                      - </TD>
<TD ALIGN="RIGHT" WIDTH="141" VALIGN="MIDDLE" HEIGHT="23">              44,094 </TD>
</TR>

<TR ACOPY="Y" ADELETE="Y" HEIGHT="30">
<TD WIDTH="141" VALIGN="MIDDLE" HEIGHT="23">기타자본항목</TD>
<TD ALIGN="RIGHT" WIDTH="141" VALIGN="MIDDLE" HEIGHT="23">                 (666) </TD>
<TD ALIGN="RIGHT" WIDTH="141" VALIGN="MIDDLE" HEIGHT="23">                      - </TD>
<TD ALIGN="RIGHT" WIDTH="141" VALIGN="MIDDLE" HEIGHT="23">                 (666) </TD>
</TR>

<TR ACOPY="Y" ADELETE="Y" HEIGHT="30">
<TD WIDTH="141" VALIGN="MIDDLE" HEIGHT="23">기타포괄손익누계</TD>
<TD ALIGN="RIGHT" WIDTH="141" VALIGN="MIDDLE" HEIGHT="23">                      - </TD>
<TD ALIGN="RIGHT" WIDTH="141" VALIGN="MIDDLE" HEIGHT="23">                      - </TD>
<TD ALIGN="RIGHT" WIDTH="141" VALIGN="MIDDLE" HEIGHT="23">                      - </TD>
</TR>

<TR ACOPY="Y" ADELETE="Y" HEIGHT="30">
<TD WIDTH="141" VALIGN="MIDDLE" HEIGHT="23">이익잉여금(결손금)</TD>
<TD ALIGN="RIGHT" WIDTH="141" VALIGN="MIDDLE" HEIGHT="23">              (7,692) </TD>
<TD ALIGN="RIGHT" WIDTH="141" VALIGN="MIDDLE" HEIGHT="23">                3,956 </TD>
<TD ALIGN="RIGHT" WIDTH="141" VALIGN="MIDDLE" HEIGHT="23">              (3,736) </TD>
</TR>

<TR ACOPY="Y" ADELETE="Y" HEIGHT="30">
<TD ALIGN="CENTER" WIDTH="141" VALIGN="MIDDLE" HEIGHT="23">자본총계</TD>
<TD ALIGN="RIGHT" WIDTH="141" VALIGN="MIDDLE" HEIGHT="23">              39,898 </TD>
<TD ALIGN="RIGHT" WIDTH="141" VALIGN="MIDDLE" HEIGHT="23">                4,056 </TD>
<TD ALIGN="RIGHT" WIDTH="141" VALIGN="MIDDLE" HEIGHT="23">              43,954 </TD>
</TR>

<TR ACOPY="Y" ADELETE="Y" HEIGHT="30">
<TD ALIGN="CENTER" WIDTH="141" VALIGN="MIDDLE" HEIGHT="23"></TD>
<TD ALIGN="RIGHT" WIDTH="141" VALIGN="MIDDLE" HEIGHT="23">              42,322 </TD>
<TD ALIGN="RIGHT" WIDTH="141" VALIGN="MIDDLE" HEIGHT="23">                4,360 </TD>
<TD ALIGN="RIGHT" WIDTH="141" VALIGN="MIDDLE" HEIGHT="23">              46,682 </TD>
</TR>
</TBODY>
</TABLE>
<P>주1) 상기 '자산양수도 전' 요약재무정보는 본 보고서 제출일 현재 이용가능한 최근 사업연도의 재무제표인 2025년 9월 30일의 별도 재무상태표를 기준으로 작성하였으며, 실제 자산양수도일(2026년 1월 5일) 기준으로 작성될 재무상태표와는 차이가 발생할 수 있습니다.주2) 상기 '자산양수도 후' 재무정보는 외부감사인의 감사(검토)가 이루어지지 않은 재무상태표로 본 자산양수도와 관련된 금액만 단순 가감한 내역이므로 실제 재무정보와 차이가 있을 수 있으며, 외부감사인의 감사(검토)에 따라 변동될 수 있습니다.</P>
</SECTION-2>
</SECTION-1>
</BODY>
</DOCUMENT>