<?xml version="1.0" encoding="utf-8"?>


<DOCUMENT xmlns:xsi="http://www.w3.org/2001/XMLSchema-instance" xsi:noNamespaceSchemaLocation="dart4.xsd">

<DOCUMENT-NAME ACODE="80701">계열금융회사를거래상대방으로한단기금융상품거래의분기별공시</DOCUMENT-NAME>
<FORMULA-VERSION ADATE="20240129">6.0</FORMULA-VERSION>
<COMPANY-NAME AREGCIK="00105855">LS ELECTRIC</COMPANY-NAME>


<BODY ATOCID="1">

<SECTION-1 ACLASS="MANDATORY" APARTSOURCE="SOURCE">
<TITLE ATOC="Y" AASSOCNOTE="D-0-1-0-0" ENG="Quarterly Disclosure of Short-term Financial Instrument Transactions with Affiliated Financial Company as Trading Partner" ATOCID="1">계열금융회사를 거래상대방으로 한 단기금융상품 거래의 분기별 공시</TITLE>
<P></P>

<TABLE ACLASS="NORMAL" WIDTH="761" BORDER="1">

<COLGROUP WIDTH="761">
<COL WIDTH="93"></COL>
<COL WIDTH="63"></COL>
<COL WIDTH="63"></COL>
<COL WIDTH="150"></COL>
<COL WIDTH="78"></COL>
<COL WIDTH="92"></COL>
<COL WIDTH="78"></COL>
<COL WIDTH="144"></COL>
</COLGROUP>

<TBODY>

<TR ACOPY="Y" ADELETE="Y" HEIGHT="30">
<TD ALIGN="CENTER" VALIGN="MIDDLE" WIDTH="84" HEIGHT="23">기업집단명</TD>
<TD VALIGN="MIDDLE" WIDTH="54" HEIGHT="23" ALIGN="CENTER">엘에스</TD>
<TD ALIGN="CENTER" VALIGN="MIDDLE" WIDTH="54" HEIGHT="23">회사명</TD>
<TD VALIGN="MIDDLE" WIDTH="141" HEIGHT="23" ALIGN="CENTER">엘에스일렉트릭(주)</TD>
<TD ALIGN="CENTER" VALIGN="MIDDLE" WIDTH="69" HEIGHT="23">공시일자</TD>
<TD VALIGN="MIDDLE" WIDTH="83" HEIGHT="23" ALIGN="CENTER">2026.01.05</TD>
<TD ALIGN="CENTER" VALIGN="MIDDLE" WIDTH="69" HEIGHT="23">관련법규</TD>
<TD ALIGN="CENTER" VALIGN="MIDDLE" WIDTH="135" HEIGHT="23">공정거래법 제26조</TD>
</TR>
</TBODY>
</TABLE>
<P></P>

<TABLE ACLASS="NORMAL" AFIXTABLE="N" WIDTH="759" BORDER="0">

<COLGROUP WIDTH="759">
<COL WIDTH="448"></COL>
<COL WIDTH="311"></COL>
</COLGROUP>

<TBODY>

<TR ACOPY="Y" ADELETE="Y" HEIGHT="30">
<TD WIDTH="439" HEIGHT="23"></TD>
<TD ALIGN="RIGHT" WIDTH="302" HEIGHT="23">(단위 : 억 원, %)</TD>
</TR>
</TBODY>
</TABLE>

<TABLE ACLASS="NORMAL" AFIXTABLE="N" WIDTH="760" BORDER="1">

<COLGROUP WIDTH="760">
<COL WIDTH="99"></COL>
<COL WIDTH="106"></COL>
<COL WIDTH="88"></COL>
<COL WIDTH="96"></COL>
<COL WIDTH="132"></COL>
<COL WIDTH="71"></COL>
<COL WIDTH="168"></COL>
</COLGROUP>

<THEAD>

<TR ACOPY="Y" ADELETE="Y" HEIGHT="30">
<TH ROWSPAN="2" VALIGN="MIDDLE" WIDTH="90" HEIGHT="53" ACOPYCOL="Y" ADELETECOL="Y" AMOVECOL="N">거래상대방</TH>
<TH ROWSPAN="2" VALIGN="MIDDLE" WIDTH="97" HEIGHT="53" ACOPYCOL="Y" ADELETECOL="Y" AMOVECOL="N">거래일자</TH>
<TH ROWSPAN="2" VALIGN="MIDDLE" WIDTH="79" HEIGHT="53" ACOPYCOL="Y" ADELETECOL="Y" AMOVECOL="N">거래대상</TH>
<TH ROWSPAN="2" VALIGN="MIDDLE" WIDTH="87" HEIGHT="53" ACOPYCOL="Y" ADELETECOL="Y" AMOVECOL="N">거래금액</TH>
<TH COLSPAN="2" VALIGN="MIDDLE" WIDTH="194" HEIGHT="23" ACOPYCOL="Y" ADELETECOL="Y" AMOVECOL="N">거래조건</TH>
<TH ROWSPAN="2" VALIGN="MIDDLE" WIDTH="159" HEIGHT="53" ACOPYCOL="Y" ADELETECOL="Y" AMOVECOL="N">거래목적</TH>
</TR>

<TR ACOPY="Y" ADELETE="Y" HEIGHT="30">
<TH VALIGN="MIDDLE" WIDTH="123" HEIGHT="23" ACOPYCOL="Y" ADELETECOL="Y" AMOVECOL="N">단가/이자율</TH>
<TH VALIGN="MIDDLE" WIDTH="62" HEIGHT="23" ACOPYCOL="Y" ADELETECOL="Y" AMOVECOL="N">기타</TH>
</TR>
</THEAD>

<TBODY>

<TR ACOPY="Y" ADELETE="Y" HEIGHT="30">
<TD ROWSPAN="8" ALIGN="CENTER" VALIGN="MIDDLE" WIDTH="90" HEIGHT="233">LS증권(주)</TD>
<TD VALIGN="MIDDLE" WIDTH="97" HEIGHT="23" ALIGN="CENTER">2025.10.23</TD>
<TD VALIGN="MIDDLE" WIDTH="79" HEIGHT="203" ALIGN="CENTER" ROWSPAN="7">MMF</TD>
<TD VALIGN="MIDDLE" WIDTH="87" HEIGHT="23" ALIGN="RIGHT">(200)</TD>
<TD VALIGN="MIDDLE" WIDTH="123" HEIGHT="203" ALIGN="CENTER" ROWSPAN="7">시장실세금리</TD>
<TD VALIGN="MIDDLE" WIDTH="62" HEIGHT="23" ALIGN="CENTER">-</TD>
<TD VALIGN="MIDDLE" WIDTH="159" HEIGHT="203" ALIGN="CENTER" ROWSPAN="7">여유자금운용</TD>
</TR>

<TR ACOPY="Y" ADELETE="Y" HEIGHT="30">
<TD VALIGN="MIDDLE" WIDTH="97" HEIGHT="23" ALIGN="CENTER">2025.10.31</TD>
<TD VALIGN="MIDDLE" WIDTH="87" HEIGHT="23" ALIGN="RIGHT">400</TD>
<TD VALIGN="MIDDLE" WIDTH="62" HEIGHT="23" ALIGN="CENTER">-</TD>
</TR>

<TR ACOPY="Y" ADELETE="Y" HEIGHT="30">
<TD VALIGN="MIDDLE" WIDTH="97" HEIGHT="23" ALIGN="CENTER">2025.11.18</TD>
<TD VALIGN="MIDDLE" WIDTH="87" HEIGHT="23" ALIGN="RIGHT">(200)</TD>
<TD VALIGN="MIDDLE" WIDTH="62" HEIGHT="23" ALIGN="CENTER">-</TD>
</TR>

<TR ACOPY="Y" ADELETE="Y" HEIGHT="30">
<TD VALIGN="MIDDLE" WIDTH="97" HEIGHT="23" ALIGN="CENTER">2025.11.24</TD>
<TD VALIGN="MIDDLE" WIDTH="87" HEIGHT="23" ALIGN="RIGHT">(200)</TD>
<TD VALIGN="MIDDLE" WIDTH="62" HEIGHT="23" ALIGN="CENTER">-</TD>
</TR>

<TR ACOPY="Y" ADELETE="Y" HEIGHT="30">
<TD VALIGN="MIDDLE" WIDTH="97" HEIGHT="23" ALIGN="CENTER">2025.12.18</TD>
<TD VALIGN="MIDDLE" WIDTH="87" HEIGHT="23" ALIGN="RIGHT">200</TD>
<TD VALIGN="MIDDLE" WIDTH="62" HEIGHT="23" ALIGN="CENTER">-</TD>
</TR>

<TR ACOPY="Y" ADELETE="Y" HEIGHT="30">
<TD VALIGN="MIDDLE" WIDTH="97" HEIGHT="23" ALIGN="CENTER">2025.12.26</TD>
<TD VALIGN="MIDDLE" WIDTH="87" HEIGHT="23" ALIGN="RIGHT">(200)</TD>
<TD VALIGN="MIDDLE" WIDTH="62" HEIGHT="23" ALIGN="CENTER">-</TD>
</TR>

<TR ACOPY="Y" ADELETE="Y" HEIGHT="30">
<TD VALIGN="MIDDLE" WIDTH="97" HEIGHT="23" ALIGN="CENTER">2025.12.31</TD>
<TD VALIGN="MIDDLE" WIDTH="87" HEIGHT="23" ALIGN="RIGHT">200</TD>
<TD VALIGN="MIDDLE" WIDTH="62" HEIGHT="23" ALIGN="CENTER">-</TD>
</TR>

<TR ACOPY="Y" ADELETE="Y" HEIGHT="30">
<TD COLSPAN="2" ALIGN="CENTER" VALIGN="MIDDLE" WIDTH="185" HEIGHT="23">소   계</TD>
<TD VALIGN="MIDDLE" WIDTH="87" HEIGHT="23" ALIGN="RIGHT">0</TD>
<TD VALIGN="MIDDLE" WIDTH="123" HEIGHT="23" ALIGN="CENTER">-</TD>
<TD VALIGN="MIDDLE" WIDTH="62" HEIGHT="23" ALIGN="CENTER">-</TD>
<TD VALIGN="MIDDLE" WIDTH="159" HEIGHT="23" ALIGN="CENTER">-</TD>
</TR>

<TR ACOPY="Y" ADELETE="Y" HEIGHT="30">
<TD COLSPAN="3" ALIGN="CENTER" VALIGN="MIDDLE" WIDTH="284" HEIGHT="23">합      계</TD>
<TD VALIGN="MIDDLE" WIDTH="87" HEIGHT="23" ALIGN="RIGHT">0</TD>
<TD VALIGN="MIDDLE" WIDTH="123" HEIGHT="23" ALIGN="CENTER">-</TD>
<TD VALIGN="MIDDLE" WIDTH="62" HEIGHT="23" ALIGN="CENTER">-</TD>
<TD VALIGN="MIDDLE" WIDTH="159" HEIGHT="23" ALIGN="CENTER">-</TD>
</TR>

<TR ACOPY="Y" ADELETE="Y" HEIGHT="30">
<TD COLSPAN="3" ALIGN="CENTER" VALIGN="MIDDLE" WIDTH="284" HEIGHT="23">※ 관련공시일</TD>
<TD VALIGN="MIDDLE" WIDTH="458" HEIGHT="23" COLSPAN="4" ALIGN="CENTER">2025.08.29</TD>
</TR>
</TBODY>
</TABLE>
<P USERMARK="F-GL10 ">* 당사의 2025년 12월 31일 기준 MMF의 잔고는 200억 입니다.</P>
</SECTION-1>
</BODY>
</DOCUMENT>