<html>
 <head> 
  <meta content="gdi" http-equiv="X-UA-TextLayoutMetrics"> 
  <meta content="text/html; charset=euc-kr" http-equiv="Content-Type"> 
  <STYLE>
.xforms * { font-family: 돋움체;}
.xforms_title * { font-size: 13pt; padding : 0 0 10 0;}

.xforms table {
    font-size: 10px;
    padding:0px;
    border-collapse:collapse;
    color: #3D3D3D;
}
.xforms td {
    padding-left:0px;
    padding-top:0px;
    border-collapse:collapse;
    line-height:22px;
    color: #3D3D3D;
    /*text-align:right;*/
    vertical-align:middle;
    border: 1px solid #7f7f7f;
}

.xforms span {
    /*display: inline-block;*/
    padding-left:3px;
    padding-right: 1px;
    line-height:22px;
    padding-top:0px;
    padding-bottom:0px;
    text-align:left;
    vertical-align:middle;
    border: 0px solid #DBDBDB;
}

.xforms.img{
    border : 0px;
}

.xforms a:link {

    color: #194866;
    text-decoration: none;
}
.xforms a:active {

    color: #194866;
    text-decoration: none;
}
.xforms a:visited {
    color: #194866;
    text-decoration: none;
}

.xforms A:hover {
    color:008BE3;
    text-decoration: none;
}

.xforms_input{
    border: 0px solid #DBDBDB;
    padding-left:3px;
    padding-right: 1px;
    height:22px;
    padding-top:0px;
    padding-bottom:0px;
    text-align:left;
}
</STYLE> 
  <title>세방전지/주식 소각 결정/(2026.01.06)주식 소각 결정</title> 
 </head> 
 <body> 
  <div class="xforms"> 
   <div> 
    <span class="noprint" style="display:none;width:600px;font-size:10pt;"> </span> 
    <div class="xforms_title"> 
     <div> 
      <span style="width:588px;font-weight:bold;text-align:center;">주식 소각 결정</span> 
     </div> 
    </div> 
    <span class="noprint" style="display:none;width:600px;font-size:10pt;"> </span> 
    <table border="1" bordercolordark="white" bordercolorlight="#666666" cellpadding="1" cellspacing="0" id="XFormD1_Form0_Table0" style="margin:0px 0px 20px 0px;width:600px;font-size:10pt;border:1px solid #7f7f7f;"> 
     <tbody> 
      <tr> 
       <td rowspan="2" width="165"> <span style="width:165px;font-size:10pt;">1. 소각할 주식의 종류와 수</span> </td> 
       <td width="106"> <span style="width:106px;font-size:10pt;">보통주식 (주)</span> </td> 
       <td colspan="2" width="329"> <span class="xforms_input" style="width:329px;font-size:10pt;text-align:right;">140,000</span> </td> 
      </tr> 
      <tr> 
       <td width="106"> <span style="width:106px;font-size:10pt;">종류주식 (주)</span> </td> 
       <td colspan="2" width="329"> <span class="xforms_input" style="width:329px;font-size:10pt;text-align:right;">-</span> </td> 
      </tr> 
      <tr> 
       <td rowspan="2" width="165"> <span style="width:165px;font-size:10pt;">2. 발행주식 총수</span> </td> 
       <td width="106"> <span style="width:106px;font-size:10pt;">보통주식 (주)</span> </td> 
       <td colspan="2" width="329"> <span class="xforms_input" style="width:329px;font-size:10pt;text-align:right;">14,000,000</span> </td> 
      </tr> 
      <tr> 
       <td width="106"> <span style="width:106px;font-size:10pt;">종류주식 (주)</span> </td> 
       <td colspan="2" width="329"> <span class="xforms_input" style="width:329px;font-size:10pt;text-align:right;">-</span> </td> 
      </tr> 
      <tr> 
       <td colspan="2" width="271"> <span style="width:271px;font-size:10pt;">3. 1주당 가액(원)</span> </td> 
       <td colspan="2" width="329"> <span class="xforms_input" style="width:329px;font-size:10pt;text-align:right;">500</span> </td> 
      </tr> 
      <tr> 
       <td colspan="2" width="271"> <span style="width:271px;font-size:10pt;">4. 소각예정금액(원)</span> </td> 
       <td colspan="2" width="329"> <span class="xforms_input" style="width:329px;font-size:10pt;text-align:right;">8,666,000,000</span> </td> 
      </tr> 
      <tr> 
       <td rowspan="2" width="165"> <span style="width:165px;font-size:10pt;">5. 소각을 위한 자기주식 취득 예정기간</span> </td> 
       <td width="106"> <span style="width:106px;font-size:10pt;">시작일</span> </td> 
       <td colspan="2" width="329"> <span class="xforms_input" style="width:329px;font-size:10pt;">-</span> </td> 
      </tr> 
      <tr> 
       <td width="106"> <span style="width:106px;font-size:10pt;">종료일</span> </td> 
       <td colspan="2" width="329"> <span class="xforms_input" style="width:329px;font-size:10pt;">-</span> </td> 
      </tr> 
      <tr> 
       <td colspan="2" width="271"> <span style="width:271px;font-size:10pt;">6. 소각할 주식의 취득방법</span> </td> 
       <td colspan="2" width="329"> <span class="xforms_input" style="width:329px;font-size:10pt;">기취득 자기주식</span> </td> 
      </tr> 
      <tr> 
       <td colspan="2" width="271"> <span style="width:271px;font-size:10pt;">7. 소각 예정일</span> </td> 
       <td colspan="2" width="329"> <span class="xforms_input" style="width:329px;font-size:10pt;">2026-01-09</span> </td> 
      </tr> 
      <tr> 
       <td colspan="2" width="271"> <span style="width:271px;font-size:10pt;">8. 자기주식 취득 위탁 투자중개업자</span> </td> 
       <td colspan="2" width="329"> <span class="xforms_input" style="width:329px;font-size:10pt;">-</span> </td> 
      </tr> 
      <tr> 
       <td colspan="2" width="271"> <span style="width:271px;font-size:10pt;">9. 이사회결의일(결정일)</span> </td> 
       <td colspan="2" width="329"> <span class="xforms_input" style="width:329px;font-size:10pt;">2026-01-06</span> </td> 
      </tr> 
      <tr> 
       <td rowspan="2" width="165"> <span style="width:165px;font-size:10pt;">
         <!--?javax.xml.transform.disable-output-escaping?--> 
         <!--?javax.xml.transform.enable-output-escaping?-->- 사외이사 참석여부</span> </td> 
       <td width="106"> <span style="width:106px;font-size:10pt;">참석(명)</span> </td> 
       <td colspan="2" width="329"> <span class="xforms_input" style="width:329px;font-size:10pt;text-align:right;">3</span> </td> 
      </tr> 
      <tr> 
       <td width="106"> <span style="width:106px;font-size:10pt;">불참(명)</span> </td> 
       <td colspan="2" width="329"> <span class="xforms_input" style="width:329px;font-size:10pt;text-align:right;">0</span> </td> 
      </tr> 
      <tr> 
       <td colspan="2" width="271"> <span style="width:271px;font-size:10pt;">
         <!--?javax.xml.transform.disable-output-escaping?--> 
         <!--?javax.xml.transform.enable-output-escaping?-->- 감사(사외이사가 아닌 감사위원) 참석여부</span> </td> 
       <td colspan="2" width="329"> <span class="xforms_input" style="width:329px;font-size:10pt;">-</span> </td> 
      </tr> 
      <tr> 
       <td colspan="2" width="271"> <span style="width:271px;font-size:10pt;">10. 공정거래위원회 신고대상 여부</span> </td> 
       <td colspan="2" width="329"> <span class="xforms_input" style="width:329px;font-size:10pt;">미해당</span> </td> 
      </tr> 
      <tr> 
       <td colspan="2" rowspan="2" width="271"> <span style="width:271px;font-size:10pt;">11. 기타 투자판단과 관련한 중요사항</span> </td> 
       <td colspan="2" width="329"> <span class="xforms_input" style="width:329px;font-size:10pt;">- 본 자기주식 소각의 목적은 주주가치 제고입니다. <br xmlns:java="http://xml.apache.org/xalan/java"> <br xmlns:java="http://xml.apache.org/xalan/java">- 본 자기주식 소각은 상법 제343조제1항에 따라 이사회 결의에 의해 배당가능이익 범위 내에서 기 취득한 자기주식을 소각하는 건으로, 발행주식총수는 감소하나, 자본금은 감소하지 않습니다. <br xmlns:java="http://xml.apache.org/xalan/java"> <br xmlns:java="http://xml.apache.org/xalan/java">- 상기'2. 발행주식총수 - 보통주식(주)'은 소각 전 주식 수이며, 소각 완료 후 보통주의 발행주식총수는 13,860,000주 입니다. <br xmlns:java="http://xml.apache.org/xalan/java"> <br xmlns:java="http://xml.apache.org/xalan/java">- 상기'4. 소각예정금액'은 이사회결의일 전일(1/5) 종가인 61,900원에 소각대상 자기주식을 곱한 금액입니다. <br xmlns:java="http://xml.apache.org/xalan/java"> <br xmlns:java="http://xml.apache.org/xalan/java">- 상기'7. 소각 예정일'은 관계 기관과의 협의 및 행정절차 등에 따라 변경 될 수 있습니다. <br xmlns:java="http://xml.apache.org/xalan/java"> <br xmlns:java="http://xml.apache.org/xalan/java">- 상기 주식 소각은 기 취득한 자기주식을 소각하는 경우로 본 공시로 자기주식처분 공시를 갈음합니다.</span> </td> 
      </tr> 
      <tr> 
       <td width="95"> <span style="width:95px;font-size:10pt;">※관련공시</span> </td> 
       <td width="234"> <span style="width:234px;font-size:10pt;"> <a href="http://kind.krx.co.kr/common/disclsviewer.do?method=search&amp;acptno=20251127000374&amp;rcpno=20251127000374&amp;orgid=G&amp;tran=Y&amp;langTpCd=0" target="_blank" xmlns="http://www.w3.org/1999/xhtml" xmlns:xf="http://www.w3.org/2002/xforms" xmlns:xh="http://www.w3.org/1999/xhtml" xmlns:xsd="http://www.w3.org/2001/XMLSchema">2025-11-27 기업가치 제고 계획(자율공시)</a> <br xmlns:java="http://xml.apache.org/xalan/java"> </span> </td> 
      </tr> 
     </tbody> 
    </table> 
    <span class="noprint" style="display:none;width:604px;font-size:10pt;"> </span> 
   </div> 
  </div>  
 </body>
</html>