<html>
 <head> 
  <meta content="gdi" http-equiv="X-UA-TextLayoutMetrics"> 
  <meta content="text/html; charset=euc-kr" http-equiv="Content-Type"> 
  <STYLE>
.xforms * { font-family: 돋움체;}
.xforms_title * { font-size: 13pt; padding : 0 0 10 0;}

.xforms table {
    font-size: 10px;
    padding:0px;
    border-collapse:collapse;
    color: #3D3D3D;
}
.xforms td {
    padding-left:0px;
    padding-top:0px;
    border-collapse:collapse;
    line-height:22px;
    color: #3D3D3D;
    /*text-align:right;*/
    vertical-align:middle;
    border: 1px solid #7f7f7f;
}

.xforms span {
    /*display: inline-block;*/
    padding-left:3px;
    padding-right: 1px;
    line-height:22px;
    padding-top:0px;
    padding-bottom:0px;
    text-align:left;
    vertical-align:middle;
    border: 0px solid #DBDBDB;
}

.xforms.img{
    border : 0px;
}

.xforms a:link {

    color: #194866;
    text-decoration: none;
}
.xforms a:active {

    color: #194866;
    text-decoration: none;
}
.xforms a:visited {
    color: #194866;
    text-decoration: none;
}

.xforms A:hover {
    color:008BE3;
    text-decoration: none;
}

.xforms_input{
    border: 0px solid #DBDBDB;
    padding-left:3px;
    padding-right: 1px;
    height:22px;
    padding-top:0px;
    padding-bottom:0px;
    text-align:left;
}
</STYLE> 
  <title>금호전기/전환가액ㆍ신주인수권행사가액ㆍ교환가액의 조정(안내공시)/(2026.01.05)전환가액ㆍ신주인수권행사가액ㆍ교환가액의 조정(안내공시)</title> 
 </head> 
 <body> 
  <div class="xforms"> 
   <div> 
    <span class="noprint" style="display:none;width:600px;font-size:10pt;"> </span> 
    <div class="xforms_title"> 
     <div> 
      <span style="width:592px;font-weight:bold;text-align:center;">전환가액ㆍ신주인수권행사가액ㆍ교환가액의 조정(안내공시)</span> 
     </div> 
    </div> 
    <span class="noprint" style="display:none;width:600px;font-size:10pt;"> </span> 
    <table border="1" bordercolordark="white" bordercolorlight="#666666" cellpadding="1" cellspacing="0" id="XFormD1_Form0_RepeatTable0" style="margin:0px 0px 20px 0px;width:600px;font-size:10pt;border:1px solid #7f7f7f;"> 
     <tbody> 
      <tr> 
       <td colspan="2" width="218"> <span style="width:218px;font-size:10pt;">1. 구분</span> </td> 
       <td colspan="3" width="382"> <span class="xforms_input" style="width:382px;font-size:10pt;">전환가액의 조정</span> </td> 
      </tr> 
      <tr> 
       <td colspan="2" width="218"> <span style="width:218px;font-size:10pt;">2. 증권의 종류</span> </td> 
       <td colspan="3" width="382"> <span class="xforms_input" style="width:382px;font-size:10pt;">제11회 무기명식 무보증 사모 전환사채</span> </td> 
      </tr> 
      <tr> 
       <td colspan="2" width="218"> <span style="width:218px;font-size:10pt;">
         <!--?javax.xml.transform.disable-output-escaping?--> 
         <!--?javax.xml.transform.enable-output-escaping?-->- 신주인수권증권의 상장여부</span> </td> 
       <td colspan="3" width="382"> <span class="xforms_input" style="width:382px;font-size:10pt;">아니오</span> </td> 
      </tr> 
      <tr> 
       <td rowspan="2" width="150"> <span style="width:150px;font-size:10pt;">3. 조정에 관한 사항</span> </td> 
       <td width="68"> <span style="width:68px;font-size:10pt;text-align:center;">회차</span> </td> 
       <td width="149"> <span style="width:149px;font-size:10pt;text-align:center;">조정전 가액(원)</span> </td> 
       <td colspan="2" width="233"> <span style="width:233px;font-size:10pt;text-align:center;">조정후 가액(원)</span> </td> 
      </tr> 
      <tr> 
       <td width="68"> <span class="xforms_input" style="width:68px;font-size:10pt;text-align:right;">11</span> </td> 
       <td width="149"> <span class="xforms_input" style="width:149px;font-size:10pt;text-align:right;">831</span> </td> 
       <td colspan="2" width="233"> <span class="xforms_input" style="width:233px;font-size:10pt;text-align:right;">552</span> </td> 
      </tr> 
      <tr> 
       <td rowspan="2" width="150"> <span style="width:150px;font-size:10pt;">4. 전환ㆍ행사ㆍ교환가능 주식수 변동</span> </td> 
       <td width="68"> <span style="width:68px;font-size:10pt;text-align:center;">회차</span> </td> 
       <td width="149"> <span style="width:149px;font-size:10pt;text-align:center;">미행사증권의 권면(전자등록)총액(원)</span> </td> 
       <td width="117"> <span style="width:117px;font-size:10pt;text-align:center;">조정전 전환ㆍ행사ㆍ교환 가능주식수 (주)</span> </td> 
       <td width="116"> <span style="width:116px;font-size:10pt;text-align:center;">조정후 전환ㆍ행사ㆍ교환 가능주식수 (주)</span> </td> 
      </tr> 
      <tr> 
       <td width="68"> <span class="xforms_input" style="width:68px;font-size:10pt;text-align:right;">11</span> </td> 
       <td width="149"> <span class="xforms_input" style="width:149px;font-size:10pt;text-align:right;">180,000,000</span> </td> 
       <td width="117"> <span class="xforms_input" style="width:117px;font-size:10pt;text-align:right;">216,606</span> </td> 
       <td width="116"> <span class="xforms_input" style="width:116px;font-size:10pt;text-align:right;">326,086</span> </td> 
      </tr> 
      <tr> 
       <td colspan="2" width="218"> <span style="width:218px;font-size:10pt;">5. 조정사유</span> </td> 
       <td colspan="3" width="382"> <span class="xforms_input" style="width:382px;font-size:10pt;">시가하락에 따른 전환가액 조정</span> </td> 
      </tr> 
      <tr> 
       <td colspan="2" width="218"> <span style="width:218px;font-size:10pt;">6. 조정근거 및 방법</span> </td> 
       <td colspan="3" width="382"> <span class="xforms_input" style="width:382px;font-size:10pt;">1. 조정근거 <br xmlns:java="http://xml.apache.org/xalan/java"> <br xmlns:java="http://xml.apache.org/xalan/java">2023년12월21일 공시된 전환사채권 발행결정공시 내용 중 전환가액조정에 관한사항 <br xmlns:java="http://xml.apache.org/xalan/java"> <br xmlns:java="http://xml.apache.org/xalan/java">가. 본 사채권을 소유한 자가 전환청구를 하기 전에 발행회사가 사채권자의 사전 서면 동의를 얻어 본 사채 발행 당시의 전환가액을 하회하는 발행가액으로 유상증자를 하거나 전환가액을 하회하는 전환 또는 행사가격으로 전환사채, 신주인수권부사채, 전환주식, 신주인수권의 부여, 스톡옵션 부여 기타 주식을 인수할 권리를 표창하는 일체의 주식연계증권 등을 발행하는 경우에는 당해 증권 발행 시의 발행가액, 전환 또는 행사가격으로 본 사채의 전환가액을 하향 조정한다. 본 항에 따른 전환가격의 조정일은 유상증자는 신주의 발행(납입)일, 전환사채 및 신주인수권부사채는 사채의 발행(납입)일, 신주인수권의 부여, 스톡옵션 부여, 기타주식을 인수할 권리를 부여하는 경우에는 권리가 최초로 행사가능한 날로 한다. <br xmlns:java="http://xml.apache.org/xalan/java"> <br xmlns:java="http://xml.apache.org/xalan/java">나. 본 사채권을 소유한 자가 전환청구를 하기 전에 발행회사가 시가를 하회하는 발행가액으로 유상증자, 주식배당 및 준비금의 자본전입 등을 함으로써 주식을 발행하거나 또는 시가를 하회하는 전환가액 또는 행사가액으로 전환사채 또는 신주인수권부사채를 발행하는 경우에는 아래와 같이 전환가액을 조정한다. 단, 유·무상증자를 병행 실시하는 경우, 유상증자 1주당 발행가액이 조정 전 전환가액을 상회하는 때에는 유상증자에 의한 신발행주식수는 전환가액 조정에 적용하지 아니하고 무상증자에 의한 신발행주식수만을 적용한다. 본 목에 따른 전환가액의 조정일은 유상증자, 주식배당, 준비금의 자본전입 등으로 인한 신주발행일 또는 전환사채 및 신주인수권부사채의 발행일로 한다. 다만, 본 목의 계산방법에 의한 조정 후 전환가액과 (가)목의 전환가액을 비교하여 낮은 가격을 조정 후 전환가액으로 한다. <br xmlns:java="http://xml.apache.org/xalan/java">조정 후 전환가격 = 조정 전 전환가격× [{A+(B×C/D)} / (A+B)] <br xmlns:java="http://xml.apache.org/xalan/java">A: 기발행주식수 <br xmlns:java="http://xml.apache.org/xalan/java">B: 신발행주식수 <br xmlns:java="http://xml.apache.org/xalan/java">C: 1주당발행가격 <br xmlns:java="http://xml.apache.org/xalan/java">D: 시가 <br xmlns:java="http://xml.apache.org/xalan/java">다만, 위 산식 중 "기발행주식수"는 당해 조정사유가 발생하기 직전일 현재의 발행주식총수로 하며, 전환사채 또는 신주인수권부사채를 발행할 경우 "신발행주식수"는 당해 사채 발행 시 전환가액으로 전부 주식으로 전환되거나 당해 사채 발행 시 행사가액으로 신주인수권이 전부 행사될 경우 발행될 주식의 수로 한다. 또한, 위 산식 중 "1주당 발행가격"은 주식분할, 무상증자, 주식배당의 경우에는 영(0)으로 하고, 전환사채 또는 신주인수권부사채를 발행할 경우에는 당해 사채 발행 시 전환가액 또는 행사가액으로 하며, 위 산식에서 "시가"라 함은 발행가액 산정의 기준이 되는 기준주가(유상증자의 경우 확정발행가액 산정에 사용된 기준주가만을 사용함) 또는 권리락주가(유상증자 이외의 경우에는 조정사유 발생 전일을 기산일로 하여 계산한 기준주가)로 한다. <br xmlns:java="http://xml.apache.org/xalan/java"> <br xmlns:java="http://xml.apache.org/xalan/java">다. 합병, 자본의 감소, 주식분할 및 병합 등에 의하여 전 <br xmlns:java="http://xml.apache.org/xalan/java">환가액의 조정이 필요한 경우에는 당해 합병, 자본의 감소, 주식분할 및 병합 등 직전에 전액 전환되어 주식으로 발행되었더라면 사채권자가 가질 수 있었던 주식수에 따른 가치에 상응하도록 전환가액을 조정하며, 발행회사는 합병, 자본의 감소, 주식분할 및 병합 등 절차의 일환으로 그와 같은 조정에 필요한 조치를 취하여야 한다. 발행회사가 이러한 조치를 하지 못함으로 인하여 사채권자가 손해를 입은 경우 발행회사는 그 손해를 배상하여야 한다. <br xmlns:java="http://xml.apache.org/xalan/java"> <br xmlns:java="http://xml.apache.org/xalan/java">라. 감자 및 주식 병합 등 주식가치 상승사유가 발생하는 경우 감자 및 주식 병합 등으로 인한 조정비율만큼 상향하여 반영하는 조건으로 전환가액을 조정한다. 단, 감자 및 주식병합 등을 위한 주주총회 결의일 전일을 기산일로 하여 “증권의발행및공시등에관한규정” 제 5-22조 제1항 본문의 규정에 의하여 산정(제3호는 제외한다)한 가액(이하 “산정가액”이라 한다)이 액면가액 미만이면서 기산일 전에 전환가액을 액면가액으로 이미 조정한 경우(전환가액을 액면가액 미만으로 조정할 수 있는 경우는 제외한다)에는 조정 후 전환가액은 산정가액을 기준으로 감자 및 주식병합 등으로 인한 조정비율만큼 상향 조정한 가액 이상으로 조정한다. <br xmlns:java="http://xml.apache.org/xalan/java"> <br xmlns:java="http://xml.apache.org/xalan/java">마. 위 (가) 내지 (라)와는 별도로, 본 사채 발행 후 매3개월이 경과한 날(2024년 04월 03일, 2024년 07월 03일, 2024년 10월 03일, 2025년 01월 03일, 2025년 04월 03일, 2025년 07월 03일, 2025년 10월 03일, 2026년 01월 03일, 2026년 04월 03일, 2026년 07월 03일, 2026년 10월 03일)을 전환가액 조정일로 하고, 각 전환가액 조정일 전일을 기산일로 하여 (i) 그 기산일로부터 소급한 1개월 가중산술평균주가, 1주일 가중산술평균주가 및 기산일 가중산술평균주가를 산술평균한 가액과 (ii) 기산일 가중산술평균주가 중 높은 가격이 해당 조정일 직전일 현재의 전환가액보다 낮은 경우 동 낮은 가격을 새로운 전환가액으로 한다. 단, 새로운 전환가액의 조정한도는 발행회사의 정관 제3장 제14조2(전환사채의 발행)의 제④항에 따라 액면가에 해당하는 가격으로 한다. <br xmlns:java="http://xml.apache.org/xalan/java"> <br xmlns:java="http://xml.apache.org/xalan/java">바. 위 (마)목과는 별도로, 위 (마)목에 따라 산정한 시가산정가액이 해당 조정일 직전일 현재의 전환가액보다 높은 경우에는 동 높은 가액을 새로운 전환가액으로 한다. 단, 본 목에 따른 조정 후 전환가액은 최초 전환가액(조정일 전에 신주의 할인발행 등 또는 감자 등의 사유로 전환가액을 이미 하향 또는 상향 조정한 경우에는 이를 감안하여 산정한 가액)을 상한으로 한다. <br xmlns:java="http://xml.apache.org/xalan/java"> <br xmlns:java="http://xml.apache.org/xalan/java">사. 위 (가)목 내지 (바)목에 의하여 조정된 전환가액이 주식의 액면가 이하일 경우에는 액면가를 전환가액으로 하며, 각 전환사채의 전환으로 인하여 발행할 주식의 발행가액의 합계액은 각 전환사채의 발행가액을 초과할 수 없다. <br xmlns:java="http://xml.apache.org/xalan/java"> <br xmlns:java="http://xml.apache.org/xalan/java">아. 본 호에 의한 조정 후 전환가액 중 원단위 미만은 절상한다. <br xmlns:java="http://xml.apache.org/xalan/java"> <br xmlns:java="http://xml.apache.org/xalan/java">2. 조정내역 <br xmlns:java="http://xml.apache.org/xalan/java">가. 행사가액 <br xmlns:java="http://xml.apache.org/xalan/java">조정 전 전환가격 : 831원 <br xmlns:java="http://xml.apache.org/xalan/java">(A) 1개월 가중산술평균주가  = 573.29원 <br xmlns:java="http://xml.apache.org/xalan/java">(B) 1주일 가중산술평균주가  = 540.60원 <br xmlns:java="http://xml.apache.org/xalan/java">(C) 최근일 가중산술평균주가 = 540.36원 <br xmlns:java="http://xml.apache.org/xalan/java">(D) 산술평균[(A+B+C)/3]     = 551.42원 <br xmlns:java="http://xml.apache.org/xalan/java">(E) 기준행사가액 [MAX(C,D)] = 551.42원 <br xmlns:java="http://xml.apache.org/xalan/java">조정 후 확정 전환가격 : 552원</span> </td> 
      </tr> 
      <tr> 
       <td colspan="2" width="218"> <span style="width:218px;font-size:10pt;">7. 조정가액 적용일</span> </td> 
       <td colspan="3" width="382"> <span class="xforms_input" style="width:382px;font-size:10pt;">2026-01-03</span> </td> 
      </tr> 
      <tr> 
       <td colspan="2" width="218"> <span style="width:218px;font-size:10pt;">8. 이사회결의일(결정일)</span> </td> 
       <td colspan="3" width="382"> <span class="xforms_input" style="width:382px;font-size:10pt;">-</span> </td> 
      </tr> 
      <tr> 
       <td rowspan="2" width="150"> <span style="width:150px;font-size:10pt;">
         <!--?javax.xml.transform.disable-output-escaping?--> 
         <!--?javax.xml.transform.enable-output-escaping?-->- 사외이사 참석여부</span> </td> 
       <td width="68"> <span style="width:68px;font-size:10pt;text-align:center;">참석(명)</span> </td> 
       <td colspan="3" width="382"> <span class="xforms_input" style="width:382px;font-size:10pt;text-align:right;">-</span> </td> 
      </tr> 
      <tr> 
       <td width="68"> <span style="width:68px;font-size:10pt;text-align:center;">불참(명)</span> </td> 
       <td colspan="3" width="382"> <span class="xforms_input" style="width:382px;font-size:10pt;text-align:right;">-</span> </td> 
      </tr> 
      <tr> 
       <td colspan="2" width="218"> <span style="width:218px;font-size:10pt;">
         <!--?javax.xml.transform.disable-output-escaping?--> 
         <!--?javax.xml.transform.enable-output-escaping?-->- 감사(사외이사가 아닌 감사위원) 참석여부</span> </td> 
       <td colspan="3" width="382"> <span class="xforms_input" style="width:382px;font-size:10pt;">-</span> </td> 
      </tr> 
      <tr> 
       <td colspan="2" rowspan="2" width="218"> <span style="width:218px;font-size:10pt;">9. 기타 투자판단과 관련한 중요사항</span> </td> 
       <td colspan="3" width="382"> <span class="xforms_input" style="width:382px;font-size:10pt;">위 (바)목에 근거하여 최초 전환가액인 552원으로 조정</span> </td> 
      </tr> 
      <tr> 
       <td width="149"> <span style="width:149px;font-size:10pt;">※관련공시</span> </td> 
       <td colspan="2" width="233"> <span class="xforms_input" style="width:233px;font-size:10pt;">-</span> </td> 
      </tr> 
     </tbody> 
    </table> 
   </div> 
  </div>  
 </body>
</html>