<html>
 <head> 
  <meta content="gdi" http-equiv="X-UA-TextLayoutMetrics"> 
  <meta content="text/html; charset=euc-kr" http-equiv="Content-Type"> 
  <STYLE>
.xforms * { font-family: 돋움체;}
.xforms_title * { font-size: 13pt; padding : 0 0 10 0;}

.xforms table {
    font-size: 10px;
    padding:0px;
    border-collapse:collapse;
    color: #3D3D3D;
}
.xforms td {
    padding-left:0px;
    padding-top:0px;
    border-collapse:collapse;
    line-height:22px;
    color: #3D3D3D;
    /*text-align:right;*/
    vertical-align:middle;
    border: 1px solid #7f7f7f;
}

.xforms span {
    /*display: inline-block;*/
    padding-left:3px;
    padding-right: 1px;
    line-height:22px;
    padding-top:0px;
    padding-bottom:0px;
    text-align:left;
    vertical-align:middle;
    border: 0px solid #DBDBDB;
}

.xforms.img{
    border : 0px;
}

.xforms a:link {

    color: #194866;
    text-decoration: none;
}
.xforms a:active {

    color: #194866;
    text-decoration: none;
}
.xforms a:visited {
    color: #194866;
    text-decoration: none;
}

.xforms A:hover {
    color:008BE3;
    text-decoration: none;
}

.xforms_input{
    border: 0px solid #DBDBDB;
    padding-left:3px;
    padding-right: 1px;
    height:22px;
    padding-top:0px;
    padding-bottom:0px;
    text-align:left;
}
</STYLE> 
  <title>에이비프로바이오/주주총회소집결의/(2026.01.05)주주총회소집결의(임시주주총회)</title> 
 </head> 
 <body> 
  <div class="xforms"> 
   <div> 
    <div id="LIB_LC000" style="width:600px;font-size:10pt;;padding:0 0 20 0"> 
     <div> 
      <div> 
       <span style="width:600px;font-size:10pt;font-weight:bold;text-align:center;">정정신고(보고)</span> 
       <table border="0" bordercolordark="white" bordercolorlight="#666666" cellpadding="1" cellspacing="0" id="XFormD8_Form0_Table1" style="margin:0px 0px 20px 0px;width:600px;font-size:10pt;"> 
        <tbody> 
         <tr> 
          <td width="434"> <span style="width:434px;font-size:10pt;text-align:right;">정정일자</span> </td> 
          <td width="166"> <span class="xforms_input" style="width:166px;font-size:10pt;">2026-01-05</span> </td> 
         </tr> 
        </tbody> 
       </table> 
       <table border="1" bordercolordark="white" bordercolorlight="#666666" cellpadding="1" cellspacing="0" id="XFormD8_Form0_RepeatTable0" style="margin:0px 0px 20px 0px;width:600px;font-size:10pt;border:1px solid #7f7f7f;"> 
        <tbody> 
         <tr> 
          <td width="200"> <span style="width:200px;font-size:10pt;">1. 정정관련 공시서류</span> </td> 
          <td colspan="2" width="400"> <span class="xforms_input" style="width:400px;font-size:10pt;">주주총회소집결의(임시주주총회)</span> </td> 
         </tr> 
         <tr> 
          <td width="200"> <span style="width:200px;font-size:10pt;">2. 정정관련 공시서류제출일</span> </td> 
          <td colspan="2" width="400"> <span class="xforms_input" style="width:400px;font-size:10pt;">2025-11-11</span> </td> 
         </tr> 
         <tr> 
          <td width="200"> <span style="width:200px;font-size:10pt;">3. 정정사유</span> </td> 
          <td colspan="2" width="400"> <span class="xforms_input" style="width:400px;font-size:10pt;">일정 변경 및 부의안건 기재정정</span> </td> 
         </tr> 
         <tr> 
          <td colspan="3" width="600"> <span style="width:600px;font-size:10pt;">4. 정정사항</span> </td> 
         </tr> 
         <tr> 
          <td width="200"> <span style="width:200px;font-size:10pt;text-align:center;">정정항목</span> </td> 
          <td width="200"> <span style="width:200px;font-size:10pt;text-align:center;">정정전</span> </td> 
          <td width="200"> <span style="width:200px;font-size:10pt;text-align:center;">정정후</span> </td> 
         </tr> 
         <tr> 
          <td width="200"> <span class="xforms_input" style="width:200px;font-size:10pt;">1. 일시 <br java="http://xml.apache.org/xalan/java"> 날짜</span> </td> 
          <td width="200"> <span class="xforms_input" style="width:200px;font-size:10pt;">2026-01-06</span> </td> 
          <td width="200"> <span class="xforms_input" style="width:200px;font-size:10pt;">2026-01-23</span> </td> 
         </tr> 
         <tr> 
          <td width="200"> <span class="xforms_input" style="width:200px;font-size:10pt;">3. 의안 주요내용</span> </td> 
          <td width="200"> <span class="xforms_input" style="width:200px;font-size:10pt;">- 제1호 의안 : 이사해임의 건 <br java="http://xml.apache.org/xalan/java">제1-1호 의안 : 사내이사 이재용 해임의 건 <br java="http://xml.apache.org/xalan/java">제1-2호 의안 : 사내이사 장호준 해임의 건 <br java="http://xml.apache.org/xalan/java">제1-3호 의안 : 사내이사 조호성 해임의 건 <br java="http://xml.apache.org/xalan/java">제1-4호 의안 : 사내이사 권형석 해임의 건 <br java="http://xml.apache.org/xalan/java">제1-5호 의안 : 사외이사 권진만 해임의 건 <br java="http://xml.apache.org/xalan/java">제1-6호 의안 : 사외이사 이시원 해임의 건 <br java="http://xml.apache.org/xalan/java"> <br java="http://xml.apache.org/xalan/java">- 제2호 의안 이사 선임의 건 (신규선임) <br java="http://xml.apache.org/xalan/java">제2-1호 의안 : 사내이사 김병준 선임의 건 <br java="http://xml.apache.org/xalan/java">제2-2호 의안 : 사내이사 인태경 선임의 건 <br java="http://xml.apache.org/xalan/java">제2-3호 의안 : 사내이사 김경철 선임의 건 <br java="http://xml.apache.org/xalan/java">제2-4호 의안 : 사외이사 왕현철 선임의 건 <br java="http://xml.apache.org/xalan/java">제2-5호 의안 : 사외이사 이원구 선임의 건 <br java="http://xml.apache.org/xalan/java">제2-6호 의안 : 사외이사 최호석 선임의 건 <br java="http://xml.apache.org/xalan/java"> <br java="http://xml.apache.org/xalan/java">- 제3호 의안 분리선출에 따라 감사위원이 되는 사외이사 김한민 선임의 건 (신규선임) <br java="http://xml.apache.org/xalan/java"> <br java="http://xml.apache.org/xalan/java">- 제4호 의안 감사위원회 위원 선임의 건 (신규선임) <br java="http://xml.apache.org/xalan/java">제4-1호 의안 : 감사위원회 위원 이원구 선임의 건 <br java="http://xml.apache.org/xalan/java">제4-2호 의안 : 감사위원회 위원 최호석 선임의 건</span> </td> 
          <td width="200"> <span class="xforms_input" style="width:200px;font-size:10pt;">- 제1호 의안 : 정관 일부 변경의 건 <br java="http://xml.apache.org/xalan/java">- 제2호 의안 이사 선임의 건(신규선임) <br java="http://xml.apache.org/xalan/java">제2-1호 의안 : 사내이사 김병준 선임의 건 <br java="http://xml.apache.org/xalan/java">제2-2호 의안 : 사내이사 인태경 선임의 건 <br java="http://xml.apache.org/xalan/java">제2-3호 의안 : 사외이사 왕현철 선임의 건 <br java="http://xml.apache.org/xalan/java">제2-4호 의안 : 사외이사 최호석 선임의 건 <br java="http://xml.apache.org/xalan/java">- 제3호 의안 분리선출에 따라 감사위원이 되는 사외이사 김한민 선임의 건(신규선임) <br java="http://xml.apache.org/xalan/java">- 제4호 의안 : 자본 감소의 건(10:1)</span> </td> 
         </tr> 
         <tr> 
          <td width="200"> <span class="xforms_input" style="width:200px;font-size:10pt;">이사선임 세부내역 <br java="http://xml.apache.org/xalan/java">성명</span> </td> 
          <td width="200"> <span class="xforms_input" style="width:200px;font-size:10pt;">김경철</span> </td> 
          <td width="200"> <span class="xforms_input" style="width:200px;font-size:10pt;">삭제</span> </td> 
         </tr> 
         <tr> 
          <td width="200"> <span class="xforms_input" style="width:200px;font-size:10pt;">이사선임 세부내역 <br java="http://xml.apache.org/xalan/java">출생년월</span> </td> 
          <td width="200"> <span class="xforms_input" style="width:200px;font-size:10pt;">1971-03</span> </td> 
          <td width="200"> <span class="xforms_input" style="width:200px;font-size:10pt;">삭제</span> </td> 
         </tr> 
         <tr> 
          <td width="200"> <span class="xforms_input" style="width:200px;font-size:10pt;">이사선임 세부내역 <br java="http://xml.apache.org/xalan/java">주요경력(현직포함)</span> </td> 
          <td width="200"> <span class="xforms_input" style="width:200px;font-size:10pt;">고려대 일어일문학과 <br java="http://xml.apache.org/xalan/java">전:SK 이노베이션 영업총괄 부장 <br java="http://xml.apache.org/xalan/java">전:SK Materials 중국법인장</span> </td> 
          <td width="200"> <span class="xforms_input" style="width:200px;font-size:10pt;">삭제</span> </td> 
         </tr> 
         <tr> 
          <td width="200"> <span class="xforms_input" style="width:200px;font-size:10pt;">사외이사선임 세부내역 <br java="http://xml.apache.org/xalan/java">성명</span> </td> 
          <td width="200"> <span class="xforms_input" style="width:200px;font-size:10pt;">이원구</span> </td> 
          <td width="200"> <span class="xforms_input" style="width:200px;font-size:10pt;">삭제</span> </td> 
         </tr> 
         <tr> 
          <td width="200"> <span class="xforms_input" style="width:200px;font-size:10pt;">사외이사선임 세부내역 <br java="http://xml.apache.org/xalan/java">출생년월</span> </td> 
          <td width="200"> <span class="xforms_input" style="width:200px;font-size:10pt;">1971-07</span> </td> 
          <td width="200"> <span class="xforms_input" style="width:200px;font-size:10pt;">삭제</span> </td> 
         </tr> 
         <tr> 
          <td width="200"> <span class="xforms_input" style="width:200px;font-size:10pt;">사외이사선임 세부내역 <br java="http://xml.apache.org/xalan/java">주요경력(현직포함)</span> </td> 
          <td width="200"> <span class="xforms_input" style="width:200px;font-size:10pt;">한양대학교 졸업 <br java="http://xml.apache.org/xalan/java">현: 법무법인 율플러스 대표변호사 <br java="http://xml.apache.org/xalan/java">전:법부법인 창조 변호사 <br java="http://xml.apache.org/xalan/java">전:대통령비서실 반부패비서관</span> </td> 
          <td width="200"> <span class="xforms_input" style="width:200px;font-size:10pt;">삭제</span> </td> 
         </tr> 
         <tr> 
          <td width="200"> <span class="xforms_input" style="width:200px;font-size:10pt;">사외이사선임 세부내역 <br java="http://xml.apache.org/xalan/java">이사 등으로 재직 중인 다른 법인명(직위)</span> </td> 
          <td width="200"> <span class="xforms_input" style="width:200px;font-size:10pt;">법무법인 율플러스 구성원</span> </td> 
          <td width="200"> <span class="xforms_input" style="width:200px;font-size:10pt;">삭제</span> </td> 
         </tr> 
         <tr> 
          <td width="200"> <span class="xforms_input" style="width:200px;font-size:10pt;">감사위원선임 세부내역 <br java="http://xml.apache.org/xalan/java">성명</span> </td> 
          <td width="200"> <span class="xforms_input" style="width:200px;font-size:10pt;">이원구 <br java="http://xml.apache.org/xalan/java">최호석</span> </td> 
          <td width="200"> <span class="xforms_input" style="width:200px;font-size:10pt;">삭제</span> </td> 
         </tr> 
         <tr> 
          <td width="200"> <span class="xforms_input" style="width:200px;font-size:10pt;">감사위원선임 세부내역 <br java="http://xml.apache.org/xalan/java">출생년월</span> </td> 
          <td width="200"> <span class="xforms_input" style="width:200px;font-size:10pt;">1971-07 <br java="http://xml.apache.org/xalan/java">1976-01</span> </td> 
          <td width="200"> <span class="xforms_input" style="width:200px;font-size:10pt;">삭제</span> </td> 
         </tr> 
         <tr> 
          <td width="200"> <span class="xforms_input" style="width:200px;font-size:10pt;">감사위원선임 세부내역 <br java="http://xml.apache.org/xalan/java">주요경력(현직포함)</span> </td> 
          <td width="200"> <span class="xforms_input" style="width:200px;font-size:10pt;">한양대학교 졸업 <br java="http://xml.apache.org/xalan/java">현: 법무법인 율플러스 대표변호사 <br java="http://xml.apache.org/xalan/java">전:법부법인 창조 변호사 <br java="http://xml.apache.org/xalan/java">전:대통령비서실 반부패비서관 <br java="http://xml.apache.org/xalan/java">한양대학교 졸업 <br java="http://xml.apache.org/xalan/java">현:법무법인 김장리 파트너변호사 <br java="http://xml.apache.org/xalan/java">전:법무법인 원 소속변호사 <br java="http://xml.apache.org/xalan/java">전:아시아신탁 ㈜ 변호사</span> </td> 
          <td width="200"> <span class="xforms_input" style="width:200px;font-size:10pt;">삭제</span> </td> 
         </tr> 
        </tbody> 
       </table> 
       <table border="1" bordercolordark="white" bordercolorlight="#666666" cellpadding="1" cellspacing="0" id="XFormD8_Form0_Table0" style="margin:0px 0px 20px 0px;width:599px;font-size:10pt;border:1px solid #7f7f7f;"> 
        <tbody> 
         <tr> 
          <td width="599"> <span class="xforms_input" style="width:599px;font-size:10pt;">-</span> </td> 
         </tr> 
        </tbody> 
       </table> 
      </div> 
     </div> 
    </div> 
    <div class="xforms_title"> 
     <div> 
      <span style="width:598px;font-weight:bold;text-align:center;">주주총회소집 결의</span> 
     </div> 
    </div> 
    <table border="1" bordercolordark="white" bordercolorlight="#666666" cellpadding="1" cellspacing="0" id="XFormD2_Form0_Table0" style="margin:0px 0px 20px 0px;width:594px;font-size:10pt;border:1px solid #7f7f7f;"> 
     <tbody> 
      <tr> 
       <td rowspan="2" width="168"> <span style="width:168px;font-size:10pt;">1. 일시</span> </td> 
       <td width="84"> <span style="width:84px;font-size:10pt;text-align:center;">날짜</span> </td> 
       <td colspan="2" width="342"> <span class="xforms_input" style="width:342px;font-size:10pt;">2026-01-23</span> </td> 
      </tr> 
      <tr> 
       <td width="84"> <span style="width:84px;font-size:10pt;text-align:center;">시간</span> </td> 
       <td colspan="2" width="342"> <span class="xforms_input" style="width:342px;font-size:10pt;">오전 9:00</span> </td> 
      </tr> 
      <tr> 
       <td colspan="2" width="252"> <span style="width:252px;font-size:10pt;">2. 장소</span> </td> 
       <td colspan="2" width="342"> <span class="xforms_input" style="width:342px;font-size:10pt;">대구광역시 달성군 유가읍 테크노순환로1길 70 본사 2층 회의실</span> </td> 
      </tr> 
      <tr> 
       <td colspan="2" width="252"> <span style="width:252px;font-size:10pt;">3. 의안 주요내용</span> </td> 
       <td colspan="2" width="342"> <span class="xforms_input" style="width:342px;font-size:10pt;">- 제1호 의안 : 정관 일부 변경의 건 <br xmlns:java="http://xml.apache.org/xalan/java">- 제2호 의안 이사 선임의 건(신규선임) <br xmlns:java="http://xml.apache.org/xalan/java">제2-1호 의안 : 사내이사 김병준 선임의 건 <br xmlns:java="http://xml.apache.org/xalan/java">제2-2호 의안 : 사내이사 인태경 선임의 건 <br xmlns:java="http://xml.apache.org/xalan/java">제2-3호 의안 : 사외이사 왕현철 선임의 건 <br xmlns:java="http://xml.apache.org/xalan/java">제2-4호 의안 : 사외이사 최호석 선임의 건 <br xmlns:java="http://xml.apache.org/xalan/java">- 제3호 의안 분리선출에 따라 감사위원이 되는 사외이사 김한민 선임의 건(신규선임) <br xmlns:java="http://xml.apache.org/xalan/java">- 제4호 의안 : 자본 감소의 건(10:1)</span> </td> 
      </tr> 
      <tr> 
       <td colspan="2" width="252"> <span style="width:252px;font-size:10pt;">4. 이사회결의일(결정일)</span> </td> 
       <td colspan="2" width="342"> <span class="xforms_input" style="width:342px;font-size:10pt;">2025-11-11</span> </td> 
      </tr> 
      <tr> 
       <td rowspan="2" width="168"> <span style="width:168px;font-size:10pt;">-사외이사 참석여부</span> </td> 
       <td width="84"> <span style="width:84px;font-size:10pt;text-align:center;">참석(명)</span> </td> 
       <td colspan="2" width="342"> <span class="xforms_input" style="width:342px;font-size:10pt;text-align:right;">2</span> </td> 
      </tr> 
      <tr> 
       <td width="84"> <span style="width:84px;font-size:10pt;text-align:center;">불참(명)</span> </td> 
       <td colspan="2" width="342"> <span class="xforms_input" style="width:342px;font-size:10pt;text-align:right;">0</span> </td> 
      </tr> 
      <tr> 
       <td colspan="2" width="252"> <span style="width:252px;font-size:10pt;">-감사(사외이사가 아닌 감사위원) 참석여부</span> </td> 
       <td colspan="2" width="342"> <span class="xforms_input" style="width:342px;font-size:10pt;">참석</span> </td> 
      </tr> 
      <tr> 
       <td colspan="2" width="252"> <span style="width:252px;font-size:10pt;">-주주총회 구분</span> </td> 
       <td colspan="2" width="342"> <span class="xforms_input" style="width:342px;font-size:10pt;">임시주주총회</span> </td> 
      </tr> 
      <tr> 
       <td colspan="4" width="594"> <span style="width:594px;font-size:10pt;">5. 기타 투자판단에 참고할 사항</span> </td> 
      </tr> 
      <tr> 
       <td colspan="4" width="594"> <span class="xforms_input" style="width:594px;font-size:10pt;">- 상기 임시주주총회는 주주제안에 의한 소집입니다.</span> </td> 
      </tr> 
      <tr> 
       <td width="168"> <span style="width:168px;font-size:10pt;">※관련공시</span> </td> 
       <td colspan="3" width="426"> <span class="xforms_input" style="width:426px;font-size:10pt;">-</span> </td> 
      </tr> 
     </tbody> 
    </table> 
    <div id="LIB_L7021" style="width:600px;font-size:10pt;;padding:0 0 20 0"> 
     <div> 
      <div> 
       <span style="width:600px;font-size:11pt;font-weight:bold;">이사선임 세부내역</span> 
       <table border="1" bordercolordark="white" bordercolorlight="#666666" cellpadding="1" cellspacing="0" id="XFormD1_Form0_RepeatTable0" style="margin:0px 0px 20px 0px;width:598px;font-size:10pt;border:1px solid #7f7f7f;"> 
        <tbody> 
         <tr> 
          <td width="67"> <span style="width:67px;font-size:10pt;text-align:center;">성명</span> </td> 
          <td width="74"> <span style="width:74px;font-size:10pt;text-align:center;">출생년월</span> </td> 
          <td width="48"> <span style="width:48px;font-size:10pt;text-align:center;">임기</span> </td> 
          <td width="91"> <span style="width:91px;font-size:10pt;text-align:center;">신규선임여부</span> </td> 
          <td width="318"> <span style="width:318px;font-size:10pt;text-align:center;">주요경력(현직포함)</span> </td> 
         </tr> 
         <tr> 
          <td width="67"> <span class="xforms_input" style="width:67px;font-size:10pt;">김병준</span> </td> 
          <td width="74"> <span class="xforms_input" style="width:74px;font-size:10pt;">1977-01</span> </td> 
          <td width="48"> <span class="xforms_input" style="width:48px;font-size:10pt;">3년</span> </td> 
          <td width="91"> <span class="xforms_input" style="width:91px;font-size:10pt;">신규선임</span> </td> 
          <td width="318"> <span class="xforms_input" style="width:318px;font-size:10pt;">전:바이온㈜ 대표이사 <br java="http://xml.apache.org/xalan/java">전:㈜센트롤 부사장</span> </td> 
         </tr> 
         <tr> 
          <td width="67"> <span class="xforms_input" style="width:67px;font-size:10pt;">인태경</span> </td> 
          <td width="74"> <span class="xforms_input" style="width:74px;font-size:10pt;">1971-03</span> </td> 
          <td width="48"> <span class="xforms_input" style="width:48px;font-size:10pt;">3년</span> </td> 
          <td width="91"> <span class="xforms_input" style="width:91px;font-size:10pt;">신규선임</span> </td> 
          <td width="318"> <span class="xforms_input" style="width:318px;font-size:10pt;">포항공대 재료공학과 석사 <br java="http://xml.apache.org/xalan/java">전:대우전자 책임연구원 <br java="http://xml.apache.org/xalan/java">전:필립스코리아 조명사업부장 <br java="http://xml.apache.org/xalan/java">전:루미레즈코리아 조명사업부 이사</span> </td> 
         </tr> 
        </tbody> 
       </table> 
      </div> 
     </div> 
    </div> 
    <div id="LIB_L7020" style="width:600px;font-size:10pt;;padding:0 0 20 0"> 
     <div> 
      <div> 
       <span style="width:596px;font-size:11pt;font-weight:bold;">사외이사선임 세부내역</span> 
       <table border="1" bordercolordark="white" bordercolorlight="#666666" cellpadding="1" cellspacing="0" id="XFormD1_Form0_RepeatTable0" style="margin:0px 0px 20px 0px;width:597px;font-size:10pt;border:1px solid #7f7f7f;"> 
        <tbody> 
         <tr> 
          <td width="67"> <span style="width:67px;font-size:10pt;text-align:center;">성명</span> </td> 
          <td width="70"> <span style="width:70px;font-size:10pt;text-align:center;">출생년월</span> </td> 
          <td width="45"> <span style="width:45px;font-size:10pt;text-align:center;">임기</span> </td> 
          <td width="90"> <span style="width:90px;font-size:10pt;text-align:center;">신규선임여부</span> </td> 
          <td width="172"> <span style="width:172px;font-size:10pt;text-align:center;">주요경력(현직포함)</span> </td> 
          <td width="153"> <span style="width:153px;font-size:10pt;text-align:center;">이사 등으로 재직 중인 다른 법인명(직위)</span> </td> 
         </tr> 
         <tr> 
          <td width="67"> <span class="xforms_input" style="width:67px;font-size:10pt;">왕현철</span> </td> 
          <td width="70"> <span class="xforms_input" style="width:70px;font-size:10pt;">1976-09</span> </td> 
          <td width="45"> <span class="xforms_input" style="width:45px;font-size:10pt;">3년</span> </td> 
          <td width="90"> <span class="xforms_input" style="width:90px;font-size:10pt;">신규선임</span> </td> 
          <td width="172"> <span class="xforms_input" style="width:172px;font-size:10pt;">한국기술교육대학 박사 <br java="http://xml.apache.org/xalan/java">현: 평택대학교 지능형반도체과 교수 <br java="http://xml.apache.org/xalan/java">전:한국폴리텍대학 반도체과 교수</span> </td> 
          <td width="153"> <span class="xforms_input" style="width:153px;font-size:10pt;">-</span> </td> 
         </tr> 
         <tr> 
          <td width="67"> <span class="xforms_input" style="width:67px;font-size:10pt;">최호석</span> </td> 
          <td width="70"> <span class="xforms_input" style="width:70px;font-size:10pt;">1976-01</span> </td> 
          <td width="45"> <span class="xforms_input" style="width:45px;font-size:10pt;">3년</span> </td> 
          <td width="90"> <span class="xforms_input" style="width:90px;font-size:10pt;">신규선임</span> </td> 
          <td width="172"> <span class="xforms_input" style="width:172px;font-size:10pt;">한양대학교 졸업 <br java="http://xml.apache.org/xalan/java">현:법무법인 김장리 파트너변호사 <br java="http://xml.apache.org/xalan/java">전:법무법인 원 소속변호사 <br java="http://xml.apache.org/xalan/java">전:아시아신탁 ㈜ 변호사</span> </td> 
          <td width="153"> <span class="xforms_input" style="width:153px;font-size:10pt;">-</span> </td> 
         </tr> 
         <tr> 
          <td width="67"> <span class="xforms_input" style="width:67px;font-size:10pt;">김한민</span> </td> 
          <td width="70"> <span class="xforms_input" style="width:70px;font-size:10pt;">1982-02</span> </td> 
          <td width="45"> <span class="xforms_input" style="width:45px;font-size:10pt;">3년</span> </td> 
          <td width="90"> <span class="xforms_input" style="width:90px;font-size:10pt;">신규선임</span> </td> 
          <td width="172"> <span class="xforms_input" style="width:172px;font-size:10pt;">숭실대학교 졸업 <br java="http://xml.apache.org/xalan/java">현:인덕회계법인 이사 <br java="http://xml.apache.org/xalan/java">전:안진회계법인 회계사</span> </td> 
          <td width="153"> <span class="xforms_input" style="width:153px;font-size:10pt;">㈜코스텍시스 사외이사</span> </td> 
         </tr> 
        </tbody> 
       </table> 
      </div> 
     </div> 
    </div> 
    <div id="LIB_L7018" style="width:600px;font-size:10pt;;padding:0 0 20 0"> 
     <div> 
      <div> 
       <span style="width:600px;font-size:11pt;font-weight:bold;">감사위원선임 세부내역</span> 
       <table border="1" bordercolordark="white" bordercolorlight="#666666" cellpadding="1" cellspacing="0" id="XFormD7_Form0_RepeatTable0" style="margin:0px 0px 20px 0px;width:598px;font-size:10pt;border:1px solid #7f7f7f;"> 
        <tbody> 
         <tr> 
          <td width="74"> <span style="width:74px;font-size:10pt;text-align:center;">성명</span> </td> 
          <td width="78"> <span style="width:78px;font-size:10pt;text-align:center;">출생년월</span> </td> 
          <td width="41"> <span style="width:41px;font-size:10pt;text-align:center;">임기</span> </td> 
          <td width="89"> <span style="width:89px;font-size:10pt;text-align:center;">신규선임여부</span> </td> 
          <td width="89"> <span style="width:89px;font-size:10pt;text-align:center;">사외이사여부</span> </td> 
          <td width="227"> <span style="width:227px;font-size:10pt;text-align:center;">주요경력(현직포함)</span> </td> 
         </tr> 
         <tr> 
          <td width="74"> <span class="xforms_input" style="width:74px;font-size:10pt;">김한민</span> </td> 
          <td width="78"> <span class="xforms_input" style="width:78px;font-size:10pt;">1982-02</span> </td> 
          <td width="41"> <span class="xforms_input" style="width:41px;font-size:10pt;">3년</span> </td> 
          <td width="89"> <span class="xforms_input" style="width:89px;font-size:10pt;">신규선임</span> </td> 
          <td width="89"> <span class="xforms_input" style="width:89px;font-size:10pt;">사외이사인 감사위원</span> </td> 
          <td width="227"> <span class="xforms_input" style="width:227px;font-size:10pt;">숭실대학교 졸업 <br java="http://xml.apache.org/xalan/java">현:인덕회계법인 이사 <br java="http://xml.apache.org/xalan/java">전:안진회계법인 회계사</span> </td> 
         </tr> 
        </tbody> 
       </table> 
      </div> 
     </div> 
    </div> 
    <span class="noprint" style="display:none;width:600px;font-size:10pt;"> </span> 
    <span class="noprint" style="display:none;width:600px;font-size:10pt;"> </span> 
    <span class="noprint" style="display:none;width:600px;font-size:10pt;"> </span> 
    <div id="LIB_L7101" style="width:600px;font-size:10pt;;padding:0 0 20 0"> 
     <div> 
      <div> 
       <span style="width:600px;font-size:11pt;font-weight:bold;">【 정관상 기준일 설정 및 변경 세부내역 】</span> 
       <table border="1" bordercolordark="white" bordercolorlight="#666666" cellpadding="1" cellspacing="0" id="XFormG1_Form0_Table0" style="margin:0px 0px 20px 0px;width:592px;border:1px solid #7f7f7f;"> 
        <tbody> 
         <tr> 
          <td colspan="3" width="426"> <span style="width:426px;font-size:10pt;text-align:center;">정기주주총회 소집을 위한 권리주주 확정 기준일</span> </td> 
          <td width="166"> <span class="xforms_input" style="width:166px;font-size:10pt;text-align:center;">03-31</span> </td> 
         </tr> 
         <tr> 
          <td rowspan="5" width="156"> <span style="width:156px;font-size:10pt;text-align:center;">이익배당 기준일</span> </td> 
          <td colspan="2" width="270"> <span style="width:270px;font-size:10pt;text-align:center;">결산배당</span> </td> 
          <td width="166"> <span class="xforms_input" style="width:166px;font-size:10pt;text-align:center;">03-31</span> </td> 
         </tr> 
         <tr> 
          <td colspan="2" width="270"> <span style="width:270px;font-size:10pt;text-align:center;">중간배당</span> </td> 
          <td width="166"> <span class="xforms_input" style="width:166px;font-size:10pt;text-align:center;">-</span> </td> 
         </tr> 
         <tr> 
          <td rowspan="3" width="156"> <span style="width:156px;font-size:10pt;text-align:center;">분기배당</span> </td> 
          <td width="114"> <span style="width:114px;font-size:10pt;text-align:center;">1분기</span> </td> 
          <td width="166"> <span class="xforms_input" style="width:166px;font-size:10pt;text-align:center;">-</span> </td> 
         </tr> 
         <tr> 
          <td width="114"> <span style="width:114px;font-size:10pt;text-align:center;">2분기</span> </td> 
          <td width="166"> <span class="xforms_input" style="width:166px;font-size:10pt;text-align:center;">-</span> </td> 
         </tr> 
         <tr> 
          <td width="114"> <span style="width:114px;font-size:10pt;text-align:center;">3분기</span> </td> 
          <td width="166"> <span class="xforms_input" style="width:166px;font-size:10pt;text-align:center;">-</span> </td> 
         </tr> 
        </tbody> 
       </table> 
      </div> 
     </div> 
    </div> 
   </div> 
  </div>  
 </body>
</html>