<?xml version="1.0" encoding="utf-8"?>


<DOCUMENT xmlns:xsi="http://www.w3.org/2001/XMLSchema-instance" xsi:noNamespaceSchemaLocation="dart4.xsd">

<DOCUMENT-NAME ACODE="80718">특수관계인으로부터자금차입</DOCUMENT-NAME>
<FORMULA-VERSION ADATE="20240129">6.0</FORMULA-VERSION>
<COMPANY-NAME AREGCIK="01249466">농업회사법인(주)삼라농원</COMPANY-NAME>


<BODY ATOCID="1">

<SECTION-1 ACLASS="MANDATORY" APARTSOURCE="SOURCE">
<TITLE ATOC="Y" AASSOCNOTE="D-0-1-0-0" ENG="Borrowing Funds from Related Party" ATOCID="1">특수관계인으로부터 자금차입</TITLE>
<P></P>

<TABLE ACLASS="NORMAL" WIDTH="693" BORDER="1">

<COLGROUP WIDTH="693">
<COL WIDTH="93"></COL>
<COL WIDTH="40"></COL>
<COL WIDTH="63"></COL>
<COL WIDTH="105"></COL>
<COL WIDTH="78"></COL>
<COL WIDTH="92"></COL>
<COL WIDTH="78"></COL>
<COL WIDTH="144"></COL>
</COLGROUP>

<TBODY>

<TR ACOPY="Y" ADELETE="Y" HEIGHT="30">
<TD ALIGN="CENTER" VALIGN="MIDDLE" WIDTH="84" HEIGHT="23">기업집단명</TD>
<TD VALIGN="MIDDLE" WIDTH="31" HEIGHT="23" ALIGN="CENTER">SM</TD>
<TD ALIGN="CENTER" VALIGN="MIDDLE" WIDTH="54" HEIGHT="23">회사명</TD>
<TD VALIGN="MIDDLE" WIDTH="96" HEIGHT="23" ALIGN="CENTER">(주)삼라농원</TD>
<TD ALIGN="CENTER" VALIGN="MIDDLE" WIDTH="69" HEIGHT="23">공시일자</TD>
<TD VALIGN="MIDDLE" WIDTH="83" HEIGHT="23" ALIGN="CENTER">2026.01.06</TD>
<TD ALIGN="CENTER" VALIGN="MIDDLE" WIDTH="69" HEIGHT="23">관련법규</TD>
<TD ALIGN="CENTER" VALIGN="MIDDLE" WIDTH="135" HEIGHT="23">공정거래법 제26조</TD>
</TR>
</TBODY>
</TABLE>
<P></P>

<TABLE ACLASS="NORMAL" AFIXTABLE="N" WIDTH="637" BORDER="0">

<COLGROUP WIDTH="637">
<COL WIDTH="235"></COL>
<COL WIDTH="402"></COL>
</COLGROUP>

<TBODY>

<TR ACOPY="Y" ADELETE="Y" HEIGHT="30">
<TD WIDTH="226" HEIGHT="23"></TD>
<TD ALIGN="RIGHT" WIDTH="393" HEIGHT="23">(단위 : 백만 원)</TD>
</TR>
</TBODY>
</TABLE>

<TABLE BORDER="1" WIDTH="636" ACLASS="NORMAL">

<COLGROUP WIDTH="636">
<COL WIDTH="156"></COL>
<COL WIDTH="75"></COL>
<COL WIDTH="177"></COL>
<COL WIDTH="136"></COL>
<COL WIDTH="92"></COL>
</COLGROUP>

<TBODY>

<TR ACOPY="Y" ADELETE="Y" HEIGHT="30">
<TD COLSPAN="2" VALIGN="MIDDLE" WIDTH="222" HEIGHT="23">1. 차입유형</TD>
<TD COLSPAN="3" ALIGN="CENTER" VALIGN="MIDDLE" WIDTH="396" HEIGHT="23">단기차입금</TD>
</TR>

<TR ACOPY="Y" ADELETE="Y" HEIGHT="30">
<TD COLSPAN="5" VALIGN="MIDDLE" WIDTH="627" HEIGHT="23">2. 차입 내역</TD>
</TR>

<TR ACOPY="Y" ADELETE="Y" HEIGHT="30">
<TD COLSPAN="2" VALIGN="MIDDLE" WIDTH="222" HEIGHT="23">가. 계약체결일</TD>
<TD COLSPAN="3" ALIGN="CENTER" VALIGN="MIDDLE" WIDTH="396" HEIGHT="23">2025.12.30</TD>
</TR>

<TR ACOPY="Y" ADELETE="Y" HEIGHT="30">
<TD COLSPAN="2" VALIGN="MIDDLE" WIDTH="222" HEIGHT="23">나. 차입처</TD>
<TD ALIGN="CENTER" VALIGN="MIDDLE" WIDTH="168" HEIGHT="23">에스엠상선(주)</TD>
<TD ALIGN="CENTER" VALIGN="MIDDLE" WIDTH="127" HEIGHT="23">회사와의 관계</TD>
<TD ALIGN="CENTER" VALIGN="MIDDLE" WIDTH="83" HEIGHT="23">계열회사</TD>
</TR>

<TR ACOPY="Y" ADELETE="Y" HEIGHT="30">
<TD COLSPAN="2" VALIGN="MIDDLE" WIDTH="222" HEIGHT="23">다. 차입기간</TD>
<TD ALIGN="CENTER" VALIGN="MIDDLE" WIDTH="168" HEIGHT="23">2025.12.30~2026.12.30</TD>
<TD ALIGN="CENTER" VALIGN="MIDDLE" WIDTH="127" HEIGHT="23">상환일</TD>
<TD ALIGN="CENTER" VALIGN="MIDDLE" WIDTH="83" HEIGHT="23">2026.12.30</TD>
</TR>

<TR ACOPY="Y" ADELETE="Y" HEIGHT="30">
<TD COLSPAN="2" VALIGN="MIDDLE" WIDTH="222" HEIGHT="23">라. 차입금액</TD>
<TD COLSPAN="3" ALIGN="CENTER" VALIGN="MIDDLE" WIDTH="396" HEIGHT="23">1,100</TD>
</TR>

<TR ACOPY="Y" ADELETE="Y" HEIGHT="30">
<TD COLSPAN="2" VALIGN="MIDDLE" WIDTH="222" HEIGHT="23">- 직전사업연도말 자기자본 </TD>
<TD COLSPAN="3" ALIGN="CENTER" VALIGN="MIDDLE" WIDTH="396" HEIGHT="23">2,754</TD>
</TR>

<TR ACOPY="Y" ADELETE="Y" HEIGHT="30">
<TD COLSPAN="2" VALIGN="MIDDLE" WIDTH="222" HEIGHT="23">- 자기자본대비 (%)</TD>
<TD COLSPAN="3" ALIGN="CENTER" VALIGN="MIDDLE" WIDTH="396" HEIGHT="23">39.94</TD>
</TR>

<TR ACOPY="Y" ADELETE="Y" HEIGHT="30">
<TD COLSPAN="2" VALIGN="MIDDLE" WIDTH="222" HEIGHT="23">마. 이자율(%)</TD>
<TD COLSPAN="3" ALIGN="CENTER" VALIGN="MIDDLE" WIDTH="396" HEIGHT="23">5.8</TD>
</TR>

<TR ACOPY="Y" ADELETE="Y" HEIGHT="30">
<TD COLSPAN="2" VALIGN="MIDDLE" WIDTH="222" HEIGHT="23">바. 상환방법</TD>
<TD COLSPAN="3" ALIGN="CENTER" VALIGN="MIDDLE" WIDTH="396" HEIGHT="23">만기일시상환</TD>
</TR>

<TR ACOPY="Y" ADELETE="Y" HEIGHT="30">
<TD COLSPAN="2" VALIGN="MIDDLE" WIDTH="222" HEIGHT="23">3. 자금용도</TD>
<TD COLSPAN="3" ALIGN="CENTER" VALIGN="MIDDLE" WIDTH="396" HEIGHT="23">운영자금</TD>
</TR>

<TR ACOPY="Y" ADELETE="Y" HEIGHT="53">
<TD COLSPAN="2" VALIGN="MIDDLE" WIDTH="222" HEIGHT="46">4. 거래상대방과의 차입총계 (해당 사업연도 기준)</TD>
<TD COLSPAN="3" ALIGN="CENTER" VALIGN="MIDDLE" WIDTH="396" HEIGHT="46">1,100</TD>
</TR>

<TR ACOPY="Y" ADELETE="Y" HEIGHT="30">
<TD COLSPAN="2" VALIGN="MIDDLE" WIDTH="222" HEIGHT="23">5. 이사회 의결일</TD>
<TD COLSPAN="3" ALIGN="CENTER" VALIGN="MIDDLE" WIDTH="396" HEIGHT="23">2025.12.30</TD>
</TR>

<TR ACOPY="Y" ADELETE="Y" HEIGHT="30">
<TD ROWSPAN="2" VALIGN="MIDDLE" WIDTH="147" HEIGHT="53">- 사외이사 참석여부</TD>
<TD ALIGN="CENTER" VALIGN="MIDDLE" WIDTH="66" HEIGHT="23">참석(명)</TD>
<TD COLSPAN="3" ALIGN="CENTER" VALIGN="MIDDLE" WIDTH="396" HEIGHT="23">-</TD>
</TR>

<TR ACOPY="Y" ADELETE="Y" HEIGHT="30">
<TD ALIGN="CENTER" VALIGN="MIDDLE" WIDTH="66" HEIGHT="23">불참(명)</TD>
<TD COLSPAN="3" ALIGN="CENTER" VALIGN="MIDDLE" WIDTH="396" HEIGHT="23">-</TD>
</TR>

<TR ACOPY="Y" ADELETE="Y" HEIGHT="30">
<TD COLSPAN="2" VALIGN="MIDDLE" WIDTH="222" HEIGHT="23">- 감사(감사위원)참석여부</TD>
<TD COLSPAN="3" ALIGN="CENTER" VALIGN="MIDDLE" WIDTH="396" HEIGHT="23">불참</TD>
</TR>

<TR ACOPY="Y" ADELETE="Y" HEIGHT="53">
<TD COLSPAN="2" VALIGN="MIDDLE" WIDTH="222" HEIGHT="46">6. 해당회사의 직전사업연도말 자산총액 </TD>
<TD ALIGN="CENTER" VALIGN="MIDDLE" WIDTH="168" HEIGHT="46">15,309</TD>
<TD ALIGN="CENTER" VALIGN="MIDDLE" WIDTH="127" HEIGHT="46">자산총액 대비(%)</TD>
<TD ALIGN="CENTER" VALIGN="MIDDLE" WIDTH="83" HEIGHT="46">7.19</TD>
</TR>

<TR ACOPY="Y" ADELETE="Y" HEIGHT="375">
<TD COLSPAN="2" VALIGN="MIDDLE" WIDTH="222" HEIGHT="368">7. 기타</TD>
<TD COLSPAN="3" VALIGN="MIDDLE" WIDTH="396" HEIGHT="368">1. 상기 '2.라. 차입금액 중 직전사업연도말 자기자본' 및 '6.해당회사의 직전사업연도말 자산총액'은 2024년말 개별재무제표 기준임.2. 상기'2.차입내역'의 '바.상환방법'관련 해당 차입금은 분할상환 가능하고 수수료없이 중도상환 가능함.3. 상기'4.거래상대방과의 차입총계'는 금번 거래금액을 포함한 금액임.4. 상기'5.이사회 의결일'은 임시주주총회 의결일이며, 당사는 본 공시일 현재 상법상 이사회 설립요건(이사 3인이상)에 미달하여 이사회는 개최하지 않음.5. 상기 차입거래와 관련하여 (주)삼라 보유 에스엠자산개발(주) 주식 90,189주를 담보로 제공함.</TD>
</TR>

<TR ACOPY="Y" ADELETE="Y" HEIGHT="30">
<TD COLSPAN="2" VALIGN="MIDDLE" WIDTH="222" HEIGHT="23">※ 관련공시일</TD>
<TD COLSPAN="3" ALIGN="CENTER" VALIGN="MIDDLE" WIDTH="396" HEIGHT="23">-</TD>
</TR>
</TBODY>
</TABLE>
<P></P>
</SECTION-1>
</BODY>
</DOCUMENT>