<html>
 <head> 
  <meta content="gdi" http-equiv="X-UA-TextLayoutMetrics"> 
  <meta content="text/html; charset=euc-kr" http-equiv="Content-Type"> 
  <STYLE>
.xforms * { font-family: 돋움체;}
.xforms_title * { font-size: 13pt; padding : 0 0 10 0;}

.xforms table {
    font-size: 10px;
    padding:0px;
    border-collapse:collapse;
    color: #3D3D3D;
}
.xforms td {
    padding-left:0px;
    padding-top:0px;
    border-collapse:collapse;
    line-height:22px;
    color: #3D3D3D;
    /*text-align:right;*/
    vertical-align:middle;
    border: 1px solid #7f7f7f;
}

.xforms span {
    /*display: inline-block;*/
    padding-left:3px;
    padding-right: 1px;
    line-height:22px;
    padding-top:0px;
    padding-bottom:0px;
    text-align:left;
    vertical-align:middle;
    border: 0px solid #DBDBDB;
}

.xforms.img{
    border : 0px;
}

.xforms a:link {

    color: #194866;
    text-decoration: none;
}
.xforms a:active {

    color: #194866;
    text-decoration: none;
}
.xforms a:visited {
    color: #194866;
    text-decoration: none;
}

.xforms A:hover {
    color:008BE3;
    text-decoration: none;
}

.xforms_input{
    border: 0px solid #DBDBDB;
    padding-left:3px;
    padding-right: 1px;
    height:22px;
    padding-top:0px;
    padding-bottom:0px;
    text-align:left;
}
</STYLE> 
  <title>부광약품/투자판단 관련 주요경영사항/(2026.01.05)투자판단 관련 주요경영사항</title> 
 </head> 
 <body> 
  <div class="xforms"> 
   <div> 
    <span class="noprint" style="display:none;width:600px;font-size:10pt;"> </span> 
    <div class="xforms_title"> 
     <div> 
      <span style="width:596px;font-weight:bold;text-align:center;">투자판단 관련 주요경영사항</span> 
     </div> 
    </div> 
    <span class="noprint" style="display:none;width:600px;font-size:10pt;"> </span> 
    <table border="1" bordercolordark="white" bordercolorlight="#666666" cellpadding="1" cellspacing="0" id="XFormD2_Form0_Table0" style="margin:0px 0px 20px 0px;width:596px;font-size:10pt;border:1px solid #7f7f7f;"> 
     <tbody> 
      <tr> 
       <td colspan="2" width="215"> <span style="width:215px;font-size:10pt;">1. 제목</span> </td> 
       <td width="381"> <span class="xforms_input" style="width:381px;font-size:10pt;">회생회사 한국유니온제약㈜ 인수M&amp;A 최종 인수자 선정</span> </td> 
      </tr> 
      <tr> 
       <td colspan="2" width="215"> <span style="width:215px;font-size:10pt;">2. 주요내용</span> </td> 
       <td width="381"> <span class="xforms_input" style="width:381px;font-size:10pt;">당사는 회생회사인 한국유니온제약㈜ 인수를 위한 조건부투자계약을 체결하였었고, 공개입찰을 통하여 아래와 같이 최종인수자로 선정되었음을 안내드립니다. <br xmlns:java="http://xml.apache.org/xalan/java"> <br xmlns:java="http://xml.apache.org/xalan/java">1. 인수대상 : 한국유니온제약㈜ <br xmlns:java="http://xml.apache.org/xalan/java"> <br xmlns:java="http://xml.apache.org/xalan/java">2. 최종인수대상자 : 부광약품㈜ <br xmlns:java="http://xml.apache.org/xalan/java"> <br xmlns:java="http://xml.apache.org/xalan/java">3. 인수방식 : 신주인수 (제3자배정 유상증자) <br xmlns:java="http://xml.apache.org/xalan/java">- 발행할 주식의 종류 : 기명식 보통주 <br xmlns:java="http://xml.apache.org/xalan/java">- 신주대금 납입기일 : 회생계획안에서 정하는 날 <br xmlns:java="http://xml.apache.org/xalan/java">- 인수금액 : 삼백억원(30,000,000,000) <br xmlns:java="http://xml.apache.org/xalan/java"> <br xmlns:java="http://xml.apache.org/xalan/java">4. 계약금 납입완료 : 삼십억원(3,000,000,000 / 인수대금의 10%) <br xmlns:java="http://xml.apache.org/xalan/java"> <br xmlns:java="http://xml.apache.org/xalan/java">5. 인수대금 잔금 납입기간 : 회생계획안 결의를 위한 관계인 집회기일로부터 5영업일 전까지 한국유니온제약㈜ 이 지정하는 회사명의의 은행계좌에 납입하여야 함. <br xmlns:java="http://xml.apache.org/xalan/java">
         <!--?javax.xml.transform.disable-output-escaping?--> 
         <!--?javax.xml.transform.enable-output-escaping?-->              <br xmlns:java="http://xml.apache.org/xalan/java">6. 매각주간사 :원진회계법인 <br xmlns:java="http://xml.apache.org/xalan/java"> <br xmlns:java="http://xml.apache.org/xalan/java">7. 기타사항 <br xmlns:java="http://xml.apache.org/xalan/java">최종 인수금액은 회생절차에 따라 변경될 수 있습니다.</span> </td> 
      </tr> 
      <tr> 
       <td colspan="2" width="215"> <span style="width:215px;font-size:10pt;">3. 이사회결의일(결정일) 또는 사실확인일</span> </td> 
       <td width="381"> <span class="xforms_input" style="width:381px;font-size:10pt;">2026-01-05</span> </td> 
      </tr> 
      <tr> 
       <td rowspan="2" width="121"> <span style="width:121px;font-size:10pt;">- 사외이사 참석여부</span> </td> 
       <td width="94"> <span style="width:94px;font-size:10pt;text-align:center;">참석(명)</span> </td> 
       <td width="381"> <span class="xforms_input" style="width:381px;font-size:10pt;text-align:right;">-</span> </td> 
      </tr> 
      <tr> 
       <td width="94"> <span style="width:94px;font-size:10pt;text-align:center;">불참(명)</span> </td> 
       <td width="381"> <span class="xforms_input" style="width:381px;font-size:10pt;text-align:right;">-</span> </td> 
      </tr> 
      <tr> 
       <td colspan="2" width="215"> <span style="width:215px;font-size:10pt;">- 감사(사외이사가 아닌 감사위원) 참석여부</span> </td> 
       <td width="381"> <span class="xforms_input" style="width:381px;font-size:10pt;">-</span> </td> 
      </tr> 
      <tr> 
       <td colspan="3" width="596"> <span style="width:596px;font-size:10pt;">4. 기타 투자판단과 관련한 중요사항</span> </td> 
      </tr> 
      <tr> 
       <td colspan="3" width="596"> <span class="xforms_input" style="width:596px;font-size:10pt;">- 상기 '3. 이사회결의일(결정일)또는 사실확인일' 일자는 인수대상회사의 최종인수자선정 공문 수령일자입니다. <br xmlns:java="http://xml.apache.org/xalan/java"> <br xmlns:java="http://xml.apache.org/xalan/java">- 본 조건부 투자계약은 법원의 허가 및 관계인집회의 승인과정에서 세부사항이 일부 변경될 수 있습니다.</span> </td> 
      </tr> 
      <tr> 
       <td width="121"> <span style="width:121px;font-size:10pt;">※ 관련공시</span> </td> 
       <td colspan="2" width="475"> <span style="width:475px;font-size:10pt;"> <a href="http://kind.krx.co.kr/common/disclsviewer.do?method=search&amp;acptno=20251217000370&amp;rcpno=20251217000370&amp;orgid=G&amp;tran=Y&amp;langTpCd=0" target="_blank" xmlns="http://www.w3.org/1999/xhtml" xmlns:xf="http://www.w3.org/2002/xforms" xmlns:xh="http://www.w3.org/1999/xhtml" xmlns:xsd="http://www.w3.org/2001/XMLSchema">2025-12-17 투자판단 관련 주요경영사항</a> <br xmlns:java="http://xml.apache.org/xalan/java"> </span> </td> 
      </tr> 
     </tbody> 
    </table> 
    <span class="noprint" style="display:none;width:600px;font-size:10pt;"> </span> 
    <span class="noprint" style="display:none;width:600px;font-size:10pt;"> </span> 
   </div> 
  </div>  
 </body>
</html>