<html>
 <head> 
  <meta content="gdi" http-equiv="X-UA-TextLayoutMetrics"> 
  <meta content="text/html; charset=euc-kr" http-equiv="Content-Type"> 
  <STYLE>
.xforms * { font-family: 돋움체;}
.xforms_title * { font-size: 13pt; padding : 0 0 10 0;}

.xforms table {
    font-size: 10px;
    padding:0px;
    border-collapse:collapse;
    color: #3D3D3D;
}
.xforms td {
    padding-left:0px;
    padding-top:0px;
    border-collapse:collapse;
    line-height:22px;
    color: #3D3D3D;
    /*text-align:right;*/
    vertical-align:middle;
    border: 1px solid #7f7f7f;
}

.xforms span {
    /*display: inline-block;*/
    padding-left:3px;
    padding-right: 1px;
    line-height:22px;
    padding-top:0px;
    padding-bottom:0px;
    text-align:left;
    vertical-align:middle;
    border: 0px solid #DBDBDB;
}

.xforms.img{
    border : 0px;
}

.xforms a:link {

    color: #194866;
    text-decoration: none;
}
.xforms a:active {

    color: #194866;
    text-decoration: none;
}
.xforms a:visited {
    color: #194866;
    text-decoration: none;
}

.xforms A:hover {
    color:008BE3;
    text-decoration: none;
}

.xforms_input{
    border: 0px solid #DBDBDB;
    padding-left:3px;
    padding-right: 1px;
    height:22px;
    padding-top:0px;
    padding-bottom:0px;
    text-align:left;
}
</STYLE> 
  <title>KS인더스트리/기타 경영사항(자율공시)/(2026.01.07)기타 경영사항(자율공시)(주주명부열람등사 가처분 결정에 따른 즉시항고장 접수)</title> 
 </head> 
 <body> 
  <div class="xforms"> 
   <div> 
    <div id="LIB_LC000" style="width:600px;font-size:10pt;;padding:0 0 20 0"> 
     <div> 
      <div> 
       <span style="width:600px;font-size:10pt;font-weight:bold;text-align:center;">정정신고(보고)</span> 
       <table border="0" bordercolordark="white" bordercolorlight="#666666" cellpadding="1" cellspacing="0" id="XFormD8_Form0_Table1" style="margin:0px 0px 20px 0px;width:600px;font-size:10pt;"> 
        <tbody> 
         <tr> 
          <td width="434"> <span style="width:434px;font-size:10pt;text-align:right;">정정일자</span> </td> 
          <td width="166"> <span class="xforms_input" style="width:166px;font-size:10pt;">2026-01-07</span> </td> 
         </tr> 
        </tbody> 
       </table> 
       <table border="1" bordercolordark="white" bordercolorlight="#666666" cellpadding="1" cellspacing="0" id="XFormD8_Form0_RepeatTable0" style="margin:0px 0px 20px 0px;width:600px;font-size:10pt;border:1px solid #7f7f7f;"> 
        <tbody> 
         <tr> 
          <td width="200"> <span style="width:200px;font-size:10pt;">1. 정정관련 공시서류</span> </td> 
          <td colspan="2" width="400"> <span class="xforms_input" style="width:400px;font-size:10pt;">기타 경영사항(자율공시)</span> </td> 
         </tr> 
         <tr> 
          <td width="200"> <span style="width:200px;font-size:10pt;">2. 정정관련 공시서류제출일</span> </td> 
          <td colspan="2" width="400"> <span class="xforms_input" style="width:400px;font-size:10pt;">2026-01-06</span> </td> 
         </tr> 
         <tr> 
          <td width="200"> <span style="width:200px;font-size:10pt;">3. 정정사유</span> </td> 
          <td colspan="2" width="400"> <span class="xforms_input" style="width:400px;font-size:10pt;">보정명령에 따른 정정</span> </td> 
         </tr> 
         <tr> 
          <td colspan="3" width="600"> <span style="width:600px;font-size:10pt;">4. 정정사항</span> </td> 
         </tr> 
         <tr> 
          <td width="200"> <span style="width:200px;font-size:10pt;text-align:center;">정정항목</span> </td> 
          <td width="200"> <span style="width:200px;font-size:10pt;text-align:center;">정정전</span> </td> 
          <td width="200"> <span style="width:200px;font-size:10pt;text-align:center;">정정후</span> </td> 
         </tr> 
         <tr> 
          <td width="200"> <span class="xforms_input" style="width:200px;font-size:10pt;">1.제목</span> </td> 
          <td width="200"> <span class="xforms_input" style="width:200px;font-size:10pt;">주주명부열람등사 가처분 결정에 따른 즉시항고장 접수</span> </td> 
          <td width="200"> <span class="xforms_input" style="width:200px;font-size:10pt;">항고취지 및 항고이유 변경신청서</span> </td> 
         </tr> 
         <tr> 
          <td width="200"> <span class="xforms_input" style="width:200px;font-size:10pt;">2.주요내용</span> </td> 
          <td width="200"> <span class="xforms_input" style="width:200px;font-size:10pt;">4.항고취지 <br java="http://xml.apache.org/xalan/java"> 1) 원심결정을 취소한다. <br java="http://xml.apache.org/xalan/java"> 2) 채권자의 신청을 기각한다. <br java="http://xml.apache.org/xalan/java"> 3) 소송비용은 제1, 2심 모두 채권자가 부담한다. <br java="http://xml.apache.org/xalan/java">라는 결정을 구합니다.</span> </td> 
          <td width="200"> <span class="xforms_input" style="width:200px;font-size:10pt;">4.항고취지 <br java="http://xml.apache.org/xalan/java">1)원심결정 중'채무자가 제1항의 의무를 이행하지 아니하는 경우, 채무자는 채권자에게 그 이행 완료일까지 1일당 20,000,000원씩을 지급하라.’는 간접강제 부분의 결정을 취소한다. <br java="http://xml.apache.org/xalan/java">2)소송비용은 제1,2심 모두 채권자가 부담한다. <br java="http://xml.apache.org/xalan/java">라는 결정을 구합니다.</span> </td> 
         </tr> 
         <tr> 
          <td width="200"> <span class="xforms_input" style="width:200px;font-size:10pt;">4.기타 투자판단에 참고할 사항</span> </td> 
          <td width="200"> <span class="xforms_input" style="width:200px;font-size:10pt;">상기 "3. 결정(확인)일자"는 당사가 제출한 즉시항고장을 법원이 접수한 일자입니다.</span> </td> 
          <td width="200"> <span class="xforms_input" style="width:200px;font-size:10pt;">상기 "3. 결정(확인)일자"는 당사가 제출한 항고취지 및 항고이유 변경신청서를 법원이 접수한 일자입니다.</span> </td> 
         </tr> 
        </tbody> 
       </table> 
       <table border="1" bordercolordark="white" bordercolorlight="#666666" cellpadding="1" cellspacing="0" id="XFormD8_Form0_Table0" style="margin:0px 0px 20px 0px;width:599px;font-size:10pt;border:1px solid #7f7f7f;"> 
        <tbody> 
         <tr> 
          <td width="599"> <span class="xforms_input" style="width:599px;font-size:10pt;">-</span> </td> 
         </tr> 
        </tbody> 
       </table> 
      </div> 
     </div> 
    </div> 
    <div class="xforms_title"> 
     <div> 
      <span style="width:600px;font-weight:bold;text-align:center;">기타 경영사항(자율공시)</span> 
     </div> 
    </div> 
    <span class="noprint" style="display:none;width:600px;font-size:10pt;"> </span> 
    <table border="1" bordercolordark="white" bordercolorlight="#666666" cellpadding="1" cellspacing="0" id="XFormD5_Form0_Table0" style="margin:0px 0px 20px 0px;width:599px;font-size:10pt;border:1px solid #7f7f7f;"> 
     <tbody> 
      <tr> 
       <td width="219"> <span style="width:219px;font-size:10pt;">1. 제목</span> </td> 
       <td colspan="2" width="380"> <span class="xforms_input" style="width:380px;font-size:10pt;">항고취지 및 항고이유 변경신청서</span> </td> 
      </tr> 
      <tr> 
       <td width="219"> <span style="width:219px;font-size:10pt;">2. 주요내용</span> </td> 
       <td colspan="2" width="380"> <span class="xforms_input" style="width:380px;font-size:10pt;">1.사건번호 : 창원지방법원 마산지원 2025카합20043 <br xmlns:java="http://xml.apache.org/xalan/java"> <br xmlns:java="http://xml.apache.org/xalan/java">2.항고인(채무자) : 주식회사 케이에스인더스트리 <br xmlns:java="http://xml.apache.org/xalan/java"> <br xmlns:java="http://xml.apache.org/xalan/java">3.상대방(채권자) : 이엘엠시스템 주식회사 <br xmlns:java="http://xml.apache.org/xalan/java"> <br xmlns:java="http://xml.apache.org/xalan/java">4.항고취지 <br xmlns:java="http://xml.apache.org/xalan/java">1)원심결정 중'채무자가 제1항의 의무를 이행하지 아니하는 경우, 채무자는 채권자에게 그 이행 완료일까지 1일당 20,000,000원씩을 지급하라.’는 간접강제 부분의 결정을 취소한다. <br xmlns:java="http://xml.apache.org/xalan/java">2)소송비용은 제1,2심 모두 채권자가 부담한다. <br xmlns:java="http://xml.apache.org/xalan/java">라는 결정을 구합니다.</span> </td> 
      </tr> 
      <tr> 
       <td width="219"> <span style="width:219px;font-size:10pt;">3. 결정(확인)일자</span> </td> 
       <td colspan="2" width="380"> <span class="xforms_input" style="width:380px;font-size:10pt;">2026-01-06</span> </td> 
      </tr> 
      <tr> 
       <td colspan="3" width="599"> <span style="width:599px;font-size:10pt;">4. 기타 투자판단에 참고할 사항</span> </td> 
      </tr> 
      <tr> 
       <td colspan="3" width="599"> <span class="xforms_input" style="width:599px;font-size:10pt;">상기 "3. 결정(확인)일자"는 당사가 제출한 항고취지 및 항고이유 변경신청서를 법원이 접수한 일자입니다.</span> </td> 
      </tr> 
      <tr> 
       <td width="219"> <span style="width:219px;font-size:10pt;">※ 관련공시</span> </td> 
       <td colspan="2" width="380"> <span style="width:380px;font-size:10pt;"> <a href="http://kind.krx.co.kr/common/disclsviewer.do?method=search&amp;acptno=20260106000364&amp;rcpno=20260106000364&amp;orgid=K&amp;tran=Y&amp;langTpCd=0" target="_blank" xmlns="http://www.w3.org/1999/xhtml" xmlns:xf="http://www.w3.org/2002/xforms" xmlns:xh="http://www.w3.org/1999/xhtml" xmlns:xsd="http://www.w3.org/2001/XMLSchema">2026-01-06 기타 경영사항(자율공시)(주주명부열람등사 가처분 결정에 따른 즉시항고장 접수)</a> <br xmlns:java="http://xml.apache.org/xalan/java"> <a href="http://kind.krx.co.kr/common/disclsviewer.do?method=search&amp;acptno=20260105000167&amp;rcpno=20260105000167&amp;orgid=K&amp;tran=Y&amp;langTpCd=0" target="_blank" xmlns="http://www.w3.org/1999/xhtml" xmlns:xf="http://www.w3.org/2002/xforms" xmlns:xh="http://www.w3.org/1999/xhtml" xmlns:xsd="http://www.w3.org/2001/XMLSchema">2026-01-05 소송등의판결ㆍ결정(주주명부 열람 및 등사)</a> <br xmlns:java="http://xml.apache.org/xalan/java"> </span> </td> 
      </tr> 
     </tbody> 
    </table> 
    <span class="noprint" style="display:none;width:600px;font-size:10pt;"> </span> 
    <span class="noprint" style="display:none;width:600px;font-size:10pt;"> </span> 
   </div> 
  </div>  
 </body>
</html>