<html>
 <head> 
  <meta content="gdi" http-equiv="X-UA-TextLayoutMetrics"> 
  <meta content="text/html; charset=euc-kr" http-equiv="Content-Type"> 
  <STYLE>
.xforms * { font-family: 돋움체;}
.xforms_title * { font-size: 13pt; padding : 0 0 10 0;}

.xforms table {
    font-size: 10px;
    padding:0px;
    border-collapse:collapse;
    color: #3D3D3D;
}
.xforms td {
    padding-left:0px;
    padding-top:0px;
    border-collapse:collapse;
    line-height:22px;
    color: #3D3D3D;
    /*text-align:right;*/
    vertical-align:middle;
    border: 1px solid #7f7f7f;
}

.xforms span {
    /*display: inline-block;*/
    padding-left:3px;
    padding-right: 1px;
    line-height:22px;
    padding-top:0px;
    padding-bottom:0px;
    text-align:left;
    vertical-align:middle;
    border: 0px solid #DBDBDB;
}

.xforms.img{
    border : 0px;
}

.xforms a:link {

    color: #194866;
    text-decoration: none;
}
.xforms a:active {

    color: #194866;
    text-decoration: none;
}
.xforms a:visited {
    color: #194866;
    text-decoration: none;
}

.xforms A:hover {
    color:008BE3;
    text-decoration: none;
}

.xforms_input{
    border: 0px solid #DBDBDB;
    padding-left:3px;
    padding-right: 1px;
    height:22px;
    padding-top:0px;
    padding-bottom:0px;
    text-align:left;
}
</STYLE> 
  <title>인크레더블버즈/불성실공시법인지정예고/(2026.01.05)불성실공시법인지정예고(공시변경)</title> 
 </head> 
 <body> 
  <div class="xforms"> 
   <div> 
    <span class="noprint" style="display:none;width:600px;font-size:10pt;"> </span> 
    <div class="xforms_title"> 
     <div> 
      <span style="width:590px;font-weight:bold;text-align:center;">불성실공시법인지정예고</span> 
     </div> 
    </div> 
    <table border="1" bordercolordark="white" bordercolorlight="#666666" cellpadding="1" cellspacing="0" id="XFormD12_Form0_Table0" style="margin:0px 0px 20px 0px;width:589px;font-size:10pt;border:1px solid #7f7f7f;"> 
     <tbody> 
      <tr> 
       <td colspan="2" width="589"> <span style="width:589px;font-size:10pt;">1. 불성실공시법인 지정예고내역</span> </td> 
      </tr> 
      <tr> 
       <td width="269"> <span style="width:269px;font-size:10pt;">불성실공시 유형</span> </td> 
       <td width="320"> <span class="xforms_input" style="width:320px;font-size:10pt;">공시변경</span> </td> 
      </tr> 
      <tr> 
       <td width="269"> <span style="width:269px;font-size:10pt;">내용</span> </td> 
       <td width="320"> <span class="xforms_input" style="width:320px;font-size:10pt;">유상증자 발행주식수 100분의 20 이상 변경</span> </td> 
      </tr> 
      <tr> 
       <td width="269"> <span class="xforms_input" style="width:269px;font-size:10pt;">원공시일</span> </td> 
       <td width="320"> <span class="xforms_input" style="width:320px;font-size:10pt;">2025-05-08</span> </td> 
      </tr> 
      <tr> 
       <td width="269"> <span style="width:269px;font-size:10pt;">공시일</span> </td> 
       <td width="320"> <span class="xforms_input" style="width:320px;font-size:10pt;">2025-12-10</span> </td> 
      </tr> 
      <tr> 
       <td width="269"> <span style="width:269px;font-size:10pt;">지정예고일</span> </td> 
       <td width="320"> <span class="xforms_input" style="width:320px;font-size:10pt;">2026-01-05</span> </td> 
      </tr> 
      <tr> 
       <td width="269"> <span style="width:269px;font-size:10pt;">2. 불성실공시법인지정여부 결정시한</span> </td> 
       <td width="320"> <span class="xforms_input" style="width:320px;font-size:10pt;">2026-01-28</span> </td> 
      </tr> 
      <tr> 
       <td width="269"> <span style="width:269px;font-size:10pt;">3. 최근 1년간 불성실공시법인 부과벌점</span> </td> 
       <td width="320"> <span class="xforms_input" style="width:320px;font-size:10pt;">8.0</span> </td> 
      </tr> 
      <tr> 
       <td width="269"> <span style="width:269px;font-size:10pt;">4. 근거규정</span> </td> 
       <td width="320"> <span class="xforms_input" style="width:320px;font-size:10pt;">코스닥시장 공시규정 제29조 및 제32조</span> </td> 
      </tr> 
      <tr> 
       <td width="269"> <span style="width:269px;font-size:10pt;">5. 기타</span> </td> 
       <td width="320"> <span class="xforms_input" style="width:320px;font-size:10pt;">* 최종 불성실공시법인으로 지정되는 경우로서 당해 부과벌점이 8.0점 이상인 경우 1일간 매매거래가 정지될 수 있음 <br xmlns:java="http://xml.apache.org/xalan/java"> <br xmlns:java="http://xml.apache.org/xalan/java">* 동 건에 따른 부과벌점을 포함하여 최근 1년간 누계벌점이 15점 이상이 되는 경우 코스닥시장상장규정 제56조 제1항 제12호에 따라 상장적격성 실질심사 대상이 될 수 있음</span> </td> 
      </tr> 
     </tbody> 
    </table> 
   </div> 
  </div>  
 </body>
</html>