<html>
 <head> 
  <meta content="gdi" http-equiv="X-UA-TextLayoutMetrics"> 
  <meta content="text/html; charset=euc-kr" http-equiv="Content-Type"> 
  <STYLE>
.xforms * { font-family: 돋움체;}
.xforms_title * { font-size: 13pt; padding : 0 0 10 0;}

.xforms table {
    font-size: 10px;
    padding:0px;
    border-collapse:collapse;
    color: #3D3D3D;
}
.xforms td {
    padding-left:0px;
    padding-top:0px;
    border-collapse:collapse;
    line-height:22px;
    color: #3D3D3D;
    /*text-align:right;*/
    vertical-align:middle;
    border: 1px solid #7f7f7f;
}

.xforms span {
    /*display: inline-block;*/
    padding-left:3px;
    padding-right: 1px;
    line-height:22px;
    padding-top:0px;
    padding-bottom:0px;
    text-align:left;
    vertical-align:middle;
    border: 0px solid #DBDBDB;
}

.xforms.img{
    border : 0px;
}

.xforms a:link {

    color: #194866;
    text-decoration: none;
}
.xforms a:active {

    color: #194866;
    text-decoration: none;
}
.xforms a:visited {
    color: #194866;
    text-decoration: none;
}

.xforms A:hover {
    color:008BE3;
    text-decoration: none;
}

.xforms_input{
    border: 0px solid #DBDBDB;
    padding-left:3px;
    padding-right: 1px;
    height:22px;
    padding-top:0px;
    padding-bottom:0px;
    text-align:left;
}
</STYLE> 
  <title>KS인더스트리/소송등의판결ㆍ결정/(2026.01.05)소송등의판결ㆍ결정(주주명부 열람 및 등사)</title> 
 </head> 
 <body> 
  <div class="xforms"> 
   <div> 
    <span class="noprint" style="display:none;width:600px;font-size:10pt;"> </span> 
    <div class="xforms_title"> 
     <div> 
      <span style="width:592px;font-weight:bold;text-align:center;">소송 등의 판결ㆍ결정</span> 
     </div> 
    </div> 
    <span class="noprint" style="display:none;width:600px;font-size:10pt;"> </span> 
    <table border="1" bordercolordark="white" bordercolorlight="#666666" cellpadding="1" cellspacing="0" id="XFormD1_Form0_Table0" style="margin:0px 0px 20px 0px;width:592px;font-size:10pt;border:1px solid #7f7f7f;"> 
     <tbody> 
      <tr> 
       <td width="226"> <span style="width:226px;font-size:10pt;">1. 사건의 명칭</span> </td> 
       <td width="151"> <span class="xforms_input" style="width:151px;font-size:10pt;">주주명부 열람및 등사</span> </td> 
       <td width="71"> <span style="width:71px;font-size:10pt;text-align:center;">사건번호</span> </td> 
       <td width="144"> <span class="xforms_input" style="width:144px;font-size:10pt;">2025카합20043</span> </td> 
      </tr> 
      <tr> 
       <td width="226"> <span style="width:226px;font-size:10pt;">2. 원고ㆍ신청인</span> </td> 
       <td colspan="3" width="366"> <span class="xforms_input" style="width:366px;font-size:10pt;">이엘엠시스템 주식회사</span> </td> 
      </tr> 
      <tr> 
       <td width="226"> <span style="width:226px;font-size:10pt;">3. 판결ㆍ결정내용</span> </td> 
       <td colspan="3" width="366"> <span class="xforms_input" style="width:366px;font-size:10pt;">[채권자] <br xmlns:java="http://xml.apache.org/xalan/java">이엘엠시스템 주식회사 <br xmlns:java="http://xml.apache.org/xalan/java"> <br xmlns:java="http://xml.apache.org/xalan/java">[채무자] <br xmlns:java="http://xml.apache.org/xalan/java">주식회사 케이에스인더스트리 <br xmlns:java="http://xml.apache.org/xalan/java"> <br xmlns:java="http://xml.apache.org/xalan/java">[주문] <br xmlns:java="http://xml.apache.org/xalan/java">1. 채무자는 이 결정을 송달받은 날의 3일 후부터 토요일 및 공휴일을 제외한 5 영업일 동안 영업시간 내에 한하여 채무자의 본점에서 채권자 또는 그 대리인에게 채무자의 주주명부(2026. 1. 2. 기준, 주주의 성명, 주소 전체, 각 주주가 가진 주식의 종류와 수량이 기재된 것)를 열람 및 등사(열전사 방식에 의한 서면 복사, 사진촬영 및 USB 등 이동식 저장장치로의 복사 및 컴퓨터 소프트 파일 형태로의 제공 포함)하도록 허용하여야 한다. <br xmlns:java="http://xml.apache.org/xalan/java"> <br xmlns:java="http://xml.apache.org/xalan/java">2. 채무자가 제1항의 의무를 이행하지 아니하는 경우, 채무자는 채권자에게 그 이행완료일까지 1일당 20,000,000원씩을 지급하라. <br xmlns:java="http://xml.apache.org/xalan/java"> <br xmlns:java="http://xml.apache.org/xalan/java">3.채권자의 나머지 신청을 기각한다. <br xmlns:java="http://xml.apache.org/xalan/java"> <br xmlns:java="http://xml.apache.org/xalan/java">4.소송비용은 채무자가 부담한다.</span> </td> 
      </tr> 
      <tr> 
       <td width="226"> <span style="width:226px;font-size:10pt;">4. 판결ㆍ결정사유</span> </td> 
       <td colspan="3" width="366"> <span class="xforms_input" style="width:366px;font-size:10pt;">채권자의 신청은 위 인정범위 내에서 이유 있으므로 이를 인용하고 , 나머지는 신청은 이유 없으므로 이를 기각하기로 하여 주문과 같이 결정한다.</span> </td> 
      </tr> 
      <tr> 
       <td width="226"> <span style="width:226px;font-size:10pt;">5. 관할법원</span> </td> 
       <td colspan="3" width="366"> <span class="xforms_input" style="width:366px;font-size:10pt;">창원지방법원 마산지원</span> </td> 
      </tr> 
      <tr> 
       <td width="226"> <span style="width:226px;font-size:10pt;">6. 판결ㆍ결정일자</span> </td> 
       <td colspan="3" width="366"> <span class="xforms_input" style="width:366px;font-size:10pt;">2026-01-02</span> </td> 
      </tr> 
      <tr> 
       <td width="226"> <span style="width:226px;font-size:10pt;">7. 확인일자</span> </td> 
       <td colspan="3" width="366"> <span class="xforms_input" style="width:366px;font-size:10pt;">2026-01-05</span> </td> 
      </tr> 
      <tr> 
       <td width="226"> <span style="width:226px;font-size:10pt;">8. 기타 투자판단에 참고할 사항</span> </td> 
       <td colspan="3" width="366"> <span class="xforms_input" style="width:366px;font-size:10pt;">- 상기 [7. 확인일자]는 결정문을 당사 법무대리인으로부터 접수하여 확인한 일자 입니다. <br xmlns:java="http://xml.apache.org/xalan/java">[관련공시] <br xmlns:java="http://xml.apache.org/xalan/java">2025.12.31 소송 등의 제기ㆍ신청(경영권 분쟁 소송) <br xmlns:java="http://xml.apache.org/xalan/java">주주명부 열람및 등사 신청서</span> </td> 
      </tr> 
     </tbody> 
    </table> 
   </div> 
  </div>  
 </body>
</html>