<?xml version="1.0" encoding="utf-8"?>


<DOCUMENT xmlns:xsi="http://www.w3.org/2001/XMLSchema-instance" xsi:noNamespaceSchemaLocation="dart4.xsd">

<DOCUMENT-NAME ACODE="80901">지급수단별ㆍ지급기간별지급금액및분쟁조정기구에관한사항</DOCUMENT-NAME>
<FORMULA-VERSION ADATE="20240607">6.0</FORMULA-VERSION>
<COMPANY-NAME AREGCIK="00577991">에이치앤브이물류(주)</COMPANY-NAME>


<BODY ATOCID="2">

<LIBRARY>
<CORRECTION>
<TITLE ATOC="Y" AASSOCNOTE="CORRECTION" ENG="Report of Disclosure Revision" ATOCID="2">정 정 신 고 (보고)</TITLE>

<TABLE ACLASS="NORMAL" AFIXTABLE="Y" WIDTH="600" BORDER="0">

<COLGROUP WIDTH="600">
<COL WIDTH="600"></COL>
</COLGROUP>

<TBODY>

<TR ACOPY="N" ADELETE="N" HEIGHT="30">
<TD WIDTH="591" HEIGHT="23"></TD>
</TR>

<TR ACOPY="N" ADELETE="N" HEIGHT="30">
<TD WIDTH="591" HEIGHT="23" ALIGN="RIGHT">2026년 01월 06일</TD>
</TR>
</TBODY>
</TABLE>
<P></P>
<P></P>

<TABLE ACLASS="NORMAL" AFIXTABLE="Y" WIDTH="610" BORDER="0">

<COLGROUP WIDTH="610">
<COL WIDTH="165"></COL>
<COL WIDTH="445"></COL>
</COLGROUP>

<TBODY>

<TR ACOPY="N" ADELETE="N" HEIGHT="53">
<TD WIDTH="156" VALIGN="MIDDLE" AUPDATECONT="N" ENG="1. Disclosure document to be revised:" HEIGHT="46">1. 정정대상 공시서류 :</TD>
<TD WIDTH="436" VALIGN="MIDDLE" HEIGHT="46">지급수단별ㆍ지급기간별 지급급액 및 분쟁조정기구에 관한 사항</TD>
</TR>
</TBODY>
</TABLE>
<P></P>

<TABLE ACLASS="NORMAL" AFIXTABLE="Y" WIDTH="600" BORDER="0">

<COLGROUP WIDTH="600">
<COL WIDTH="260"></COL>
<COL WIDTH="340"></COL>
</COLGROUP>

<TBODY>

<TR ACOPY="N" ADELETE="N" HEIGHT="30">
<TD WIDTH="251" VALIGN="MIDDLE" AUPDATECONT="N" ENG="2. First submission date of disclosure document to be revised:" HEIGHT="23">2. 정정대상 공시서류의 최초제출일 :</TD>
<TD WIDTH="331" VALIGN="MIDDLE" HEIGHT="23"> 2025.08.13</TD>
</TR>
</TBODY>
</TABLE>
<P></P>

<TABLE ACLASS="NORMAL" AFIXTABLE="Y" WIDTH="600" BORDER="0">

<COLGROUP WIDTH="600">
<COL WIDTH="600"></COL>
</COLGROUP>

<TBODY>

<TR ACOPY="N" ADELETE="N" HEIGHT="30">
<TD WIDTH="591" HEIGHT="23" VALIGN="MIDDLE" AUPDATECONT="N" ENG="3. Revised Information">3. 정정사항</TD>
</TR>
</TBODY>
</TABLE>

<TABLE ACLASS="NORMAL" AFIXTABLE="N" WIDTH="722" BORDER="1">

<COLGROUP WIDTH="722">
<COL WIDTH="150"></COL>
<COL WIDTH="141"></COL>
<COL WIDTH="114"></COL>
<COL WIDTH="317"></COL>
</COLGROUP>

<THEAD>

<TR ACOPY="N" ADELETE="N" HEIGHT="30">
<TH WIDTH="141" HEIGHT="23" VALIGN="MIDDLE" ACOPYCOL="N" ADELETECOL="N" AMOVECOL="N" AUPDATECONT="N" ENG="Items">항  목</TH>
<TH WIDTH="132" HEIGHT="23" VALIGN="MIDDLE" ACOPYCOL="N" ADELETECOL="N" AMOVECOL="N" AUPDATECONT="N" ENG="Reason for revision">정정사유</TH>
<TH WIDTH="105" HEIGHT="23" VALIGN="MIDDLE" ACOPYCOL="N" ADELETECOL="N" AMOVECOL="N" AUPDATECONT="N" ENG="Before revision">정 정 전</TH>
<TH WIDTH="308" HEIGHT="23" VALIGN="MIDDLE" ACOPYCOL="N" ADELETECOL="N" AMOVECOL="N" AUPDATECONT="N" ENG="After revision">정 정 후</TH>
</TR>
</THEAD>

<TBODY>

<TR ACOPY="Y" ADELETE="Y" HEIGHT="245">
<TD WIDTH="141" HEIGHT="238">3.(제3호) 분쟁조정기구에 관한 사항</TD>
<TD WIDTH="132" HEIGHT="238">표기방법오류 수정</TD>
<TD WIDTH="105" HEIGHT="238">해당사항없음</TD>

<TD WIDTH="308" HEIGHT="238">

<TABLE WIDTH="300" BORDER="1">

<COLGROUP WIDTH="300">
<COL WIDTH="194"></COL>
<COL WIDTH="106"></COL>
</COLGROUP>

<TBODY>

<TR ACOPY="Y" ADELETE="Y" HEIGHT="30">
<TD WIDTH="185" HEIGHT="23"></TD>
<TD WIDTH="97" HEIGHT="23" ALIGN="CENTER" VALIGN="MIDDLE">내용</TD>
</TR>

<TR ACOPY="Y" ADELETE="Y" HEIGHT="36">
<TD WIDTH="185" HEIGHT="29" ALIGN="CENTER" VALIGN="MIDDLE">분쟁조정기구 설치 여부</TD>
<TD WIDTH="97" HEIGHT="29" ALIGN="CENTER" VALIGN="MIDDLE">X</TD>
</TR>

<TR ACOPY="Y" ADELETE="Y" HEIGHT="35">
<TD WIDTH="185" HEIGHT="28" ALIGN="CENTER" VALIGN="MIDDLE">담당부서 및 연락처</TD>
<TD WIDTH="97" HEIGHT="28" ALIGN="CENTER" VALIGN="MIDDLE"></TD>
</TR>

<TR ACOPY="Y" ADELETE="Y" HEIGHT="38">
<TD WIDTH="185" HEIGHT="31" ALIGN="CENTER" VALIGN="MIDDLE">분쟁조정 신청 절차ㆍ방법</TD>
<TD WIDTH="97" HEIGHT="31" ALIGN="CENTER" VALIGN="MIDDLE"></TD>
</TR>

<TR ACOPY="Y" ADELETE="Y" HEIGHT="34">
<TD WIDTH="185" HEIGHT="27" ALIGN="CENTER" VALIGN="MIDDLE">분쟁조정 예상 소요기간</TD>
<TD WIDTH="97" HEIGHT="27" ALIGN="CENTER" VALIGN="MIDDLE"></TD>
</TR>

<TR ACOPY="Y" ADELETE="Y" HEIGHT="30">
<TD WIDTH="185" HEIGHT="23" ALIGN="CENTER" VALIGN="MIDDLE">비고</TD>
<TD WIDTH="97" HEIGHT="23" ALIGN="CENTER" VALIGN="MIDDLE"></TD>
</TR>
</TBODY>
</TABLE>
</TD>
</TR>
</TBODY>
</TABLE>
<P></P>
<PGBRK></PGBRK>
</CORRECTION>
</LIBRARY>


<SECTION-1 ACLASS="MANDATORY" APARTSOURCE="SOURCE">
<TITLE ATOC="Y" AASSOCNOTE="D-0-1-0-0" ENG="Matters Concerning Payment Amount for Each Payment Method/Payment Period and Dispute Resolution Organization" ATOCID="1">지급수단별ㆍ지급기간별 지급금액 및 분쟁조정기구에 관한 사항</TITLE>
<P></P>

<TABLE ACLASS="NORMAL" WIDTH="785" BORDER="1">

<COLGROUP WIDTH="785">
<COL WIDTH="79"></COL>
<COL WIDTH="79"></COL>
<COL WIDTH="79"></COL>
<COL WIDTH="79"></COL>
<COL WIDTH="79"></COL>
<COL WIDTH="78"></COL>
<COL WIDTH="78"></COL>
<COL WIDTH="78"></COL>
<COL WIDTH="78"></COL>
<COL WIDTH="78"></COL>
</COLGROUP>

<TBODY>

<TR ACOPY="Y" ADELETE="Y" HEIGHT="76">
<TD ALIGN="CENTER" VALIGN="MIDDLE" WIDTH="70" HEIGHT="69">기업집단명</TD>
<TD ALIGN="CENTER" VALIGN="MIDDLE" WIDTH="70" HEIGHT="69">장금상선(주)</TD>
<TD ALIGN="CENTER" VALIGN="MIDDLE" WIDTH="70" HEIGHT="69">회사명</TD>
<TD ALIGN="CENTER" VALIGN="MIDDLE" WIDTH="70" HEIGHT="69">에이치앤브이물류(주)</TD>
<TD ALIGN="CENTER" VALIGN="MIDDLE" WIDTH="70" HEIGHT="69">공시일자</TD>
<TD ALIGN="CENTER" VALIGN="MIDDLE" WIDTH="69" HEIGHT="69">2025.8.13</TD>
<TD ALIGN="CENTER" VALIGN="MIDDLE" WIDTH="69" HEIGHT="69">공시대상기간</TD>
<TD ALIGN="CENTER" VALIGN="MIDDLE" WIDTH="69" HEIGHT="69">2025.1.1~2025.6.30</TD>
<TD ALIGN="CENTER" VALIGN="MIDDLE" WIDTH="69" HEIGHT="69">관련법규</TD>
<TD ALIGN="CENTER" VALIGN="MIDDLE" WIDTH="69" HEIGHT="69">하도급법제13조의3</TD>
</TR>
</TBODY>
</TABLE>
<P></P>
<P>1. (제1호) 지급수단별 지급금액 해당사항 없음</P>
<P></P>
<P>2. (제2호) 지급기간별 지급금액 해당사항 없음3. (제3호) 분쟁조정기구에 관한 사항 해당사항 없음</P>
</SECTION-1>
</BODY>
</DOCUMENT>