<?xml version="1.0" encoding="utf-8"?>


<DOCUMENT xmlns:xsi="http://www.w3.org/2001/XMLSchema-instance" xsi:noNamespaceSchemaLocation="dart4.xsd">

<DOCUMENT-NAME ACODE="10840">소액공모실적보고서</DOCUMENT-NAME>
<FORMULA-VERSION SUBVER="1" ADATE="20220117">6.0</FORMULA-VERSION>
<COMPANY-NAME AREGCIK="01593668">주식회사 센서뷰</COMPANY-NAME>


<BODY ATOCID="13">

<COVER>
<COVER-TITLE ATOC="Y" AASSOCNOTE="COVER" ENG="Small Public Offering Performance Report" ATOCID="1">소액공모실적보고서</COVER-TITLE>

<TABLE ACLASS="NORMAL" AFIXTABLE="N" WIDTH="600" BORDER="0">

<COLGROUP WIDTH="600">
<COL WIDTH="161"></COL>
<COL WIDTH="439"></COL>
</COLGROUP>

<TBODY>

<TR ACOPY="Y" ADELETE="Y" HEIGHT="30">
<TD CLASS="NORMAL" COLSPAN="2" WIDTH="591" HEIGHT="23"></TD>
</TR>

<TR ACOPY="Y" ADELETE="Y" HEIGHT="30">
<TD CLASS="NORMAL" WIDTH="152" HEIGHT="23">금융감독원장 귀하</TD>
<TD CLASS="NORMAL" ALIGN="RIGHT" WIDTH="430" HEIGHT="23">2026년      1월     7일</TD>
</TR>

<TR ACOPY="Y" ADELETE="Y" HEIGHT="30">
<TD CLASS="NORMAL" WIDTH="152" HEIGHT="23"></TD>
<TD CLASS="NORMAL" WIDTH="430" HEIGHT="23"></TD>
</TR>

<TR ACOPY="Y" ADELETE="Y" HEIGHT="30">
<TD CLASS="NORMAL" WIDTH="152" HEIGHT="23">회       사       명 :</TD>
<TD CLASS="NORMAL" WIDTH="430" HEIGHT="23">주식회사 센서뷰</TD>
</TR>

<TR ACOPY="Y" ADELETE="Y" HEIGHT="30">
<TD CLASS="NORMAL" WIDTH="152" HEIGHT="23">대   표     이   사 :</TD>
<TD CLASS="NORMAL" WIDTH="430" HEIGHT="23">김 병 남</TD>
</TR>

<TR ACOPY="Y" ADELETE="Y" HEIGHT="30">
<TD CLASS="NORMAL" WIDTH="152" HEIGHT="23">본  점  소  재  지 :</TD>
<TD CLASS="NORMAL" WIDTH="430" HEIGHT="23">경기도 성남시 수정구 달래내로46, 403호</TD>
</TR>

<TR ACOPY="Y" ADELETE="Y" HEIGHT="30">
<TD CLASS="NORMAL" WIDTH="152" HEIGHT="23"></TD>
<TD CLASS="NORMAL" WIDTH="430" HEIGHT="23">(전  화) 031-780-7443</TD>
</TR>

<TR ACOPY="Y" ADELETE="Y" HEIGHT="30">
<TD CLASS="NORMAL" WIDTH="152" HEIGHT="23"></TD>
<TD CLASS="NORMAL" WIDTH="430" HEIGHT="23">(홈페이지) http://www.sensor-view.com</TD>
</TR>

<TR ACOPY="Y" ADELETE="Y" HEIGHT="30">
<TD CLASS="NORMAL" WIDTH="152" HEIGHT="23"></TD>
<TD CLASS="NORMAL" WIDTH="430" HEIGHT="23"></TD>
</TR>

<TR ACOPY="Y" ADELETE="Y" HEIGHT="30">
<TD CLASS="NORMAL" WIDTH="152" HEIGHT="23">작  성  책  임  자 :</TD>
<TD CLASS="NORMAL" WIDTH="430" HEIGHT="23">(직  책) 상무이사         (성  명) 금 교 홍</TD>
</TR>

<TR ACOPY="Y" ADELETE="Y" HEIGHT="30">
<TD CLASS="NORMAL" WIDTH="152" HEIGHT="23"></TD>
<TD CLASS="NORMAL" WIDTH="430" HEIGHT="23">(전  화) 031-607-7750</TD>
</TR>

<TR ACOPY="Y" ADELETE="Y" HEIGHT="30">
<TD CLASS="NORMAL" WIDTH="152" HEIGHT="23"></TD>
<TD CLASS="NORMAL" WIDTH="430" HEIGHT="23"></TD>
</TR>
</TBODY>
</TABLE>
</COVER>

<SECTION-1 ACLASS="MANDATORY" APARTSOURCE="SOURCE">

<LIBRARY>
<SECTION-2 ACLASS="MANDATORY">
<TITLE ATOC="Y" AASSOCNOTE="L-0-0-1-0" ENG="Ⅰ. Issuance Overview" ATOCID="2">Ⅰ. 발행개요</TITLE>

<SECTION-3 ACLASS="MANDATORY">
<TITLE ATOC="Y" ENG="1. Company overview" ATOCID="3">1. 기업개요</TITLE>

<TABLE-GROUP ACLASS="CRP_OTLN" ADELETETABLE="N">

<TABLE ACLASS="EXTRACTION" AFIXTABLE="Y" WIDTH="600" BORDER="1">

<COLGROUP WIDTH="600">
<COL WIDTH="200"></COL>
<COL WIDTH="200"></COL>
<COL WIDTH="200"></COL>
</COLGROUP>

<THEAD>

<TR ACOPY="N" ADELETE="N" HEIGHT="30">
<TH VALIGN="MIDDLE" WIDTH="191" HEIGHT="23" ACOPYCOL="N" ADELETECOL="N" AMOVECOL="N" AUPDATECONT="N" ENG="Listing classification">상장구분</TH>
<TH VALIGN="MIDDLE" WIDTH="191" HEIGHT="23" ACOPYCOL="N" ADELETECOL="N" AMOVECOL="N" AUPDATECONT="N" ENG="Company size">기업규모</TH>
<TH VALIGN="MIDDLE" WIDTH="191" HEIGHT="23" ACOPYCOL="N" ADELETECOL="N" AMOVECOL="N" AUPDATECONT="N" ENG="Industry category">업종구분</TH>
</TR>
</THEAD>

<TBODY>

<TR ACOPY="N" ADELETE="N" HEIGHT="30">
<TU WIDTH="191" HEIGHT="23" AUNIT="CRP_RGS_CLS" VALIGN="MIDDLE" ALIGN="CENTER" AUNITVALUE="2" ENG="KOSDAQ">코스닥</TU>
<TU WIDTH="191" HEIGHT="23" AUNIT="CRP_SCL" VALIGN="MIDDLE" ALIGN="CENTER" AUNITVALUE="2" ENG="Small and medium enterprise">중소기업</TU>
<TU WIDTH="191" HEIGHT="23" AUNIT="CRP_CODE" VALIGN="MIDDLE" ALIGN="CENTER" AUNITVALUE="33" ENG="Other product manufacturing">기타 제품 제조업</TU>
</TR>
</TBODY>
</TABLE>
</TABLE-GROUP>
<P></P>
<P></P>
</SECTION-3>

<SECTION-3 ACLASS="MANDATORY">
<TITLE ATOC="Y" ENG="2. Issuance overview" ATOCID="4">2. 발행 개요</TITLE>

<TABLE-GROUP ACLASS="PBL_OTLN" ADELETETABLE="N">

<TABLE ACLASS="EXTRACTION" AFIXTABLE="Y" WIDTH="600" BORDER="0">

<COLGROUP WIDTH="600">
<COL WIDTH="300"></COL>
<COL WIDTH="300"></COL>
</COLGROUP>

<TBODY>

<TR ACOPY="N" ADELETE="N" HEIGHT="30">
<TD VALIGN="BOTTOM" WIDTH="291" HEIGHT="23"></TD>
<TU ALIGN="RIGHT" VALIGN="BOTTOM" WIDTH="291" HEIGHT="23" AUNIT="WON" AUNITVALUE="1" ENG="(Unit: KRW)">(단위 : 원)</TU>
</TR>
</TBODY>
</TABLE>

<TABLE ACLASS="EXTRACTION" AFIXTABLE="Y" WIDTH="600" BORDER="1">

<COLGROUP WIDTH="600">
<COL WIDTH="200"></COL>
<COL WIDTH="200"></COL>
<COL WIDTH="200"></COL>
</COLGROUP>

<THEAD>

<TR ACOPY="Y" ADELETE="Y" HEIGHT="30">
<TH VALIGN="MIDDLE" WIDTH="191" HEIGHT="23" ACOPYCOL="N" ADELETECOL="N" AMOVECOL="N" AUPDATECONT="N" ENG="Category">구분</TH>
<TH VALIGN="MIDDLE" WIDTH="191" HEIGHT="23" ACOPYCOL="N" ADELETECOL="N" AMOVECOL="N" AUPDATECONT="N" ENG="Total issuance amount">발행총액</TH>
<TH VALIGN="MIDDLE" WIDTH="191" HEIGHT="23" ACOPYCOL="N" ADELETECOL="N" AMOVECOL="N" AUPDATECONT="N" ENG="Note">비고</TH>
</TR>
</THEAD>

<TBODY>

<TR ACOPY="N" ADELETE="N" HEIGHT="30">
<TU WIDTH="191" HEIGHT="23" AUNIT="DST_SMR" VALIGN="MIDDLE" ALIGN="CENTER" AUNITVALUE="3" ENG="Others">기타</TU>
<TE WIDTH="191" HEIGHT="23" VALIGN="MIDDLE" ALIGN="CENTER" ACODE="INC_SL_PO_SUM">999,997,725</TE>
<TD WIDTH="191" HEIGHT="23" VALIGN="MIDDLE" ALIGN="CENTER">소액공모(제3자배정)</TD>
</TR>
</TBODY>
</TABLE>
</TABLE-GROUP>
<P></P>
<P></P>
</SECTION-3>
</SECTION-2>

<SECTION-2 ACLASS="MANDATORY">
<TITLE ATOC="Y" AASSOCNOTE="L-0-0-2-0" ENG="Ⅱ. Subscription and Allotment" ATOCID="5">Ⅱ. 청약 및 배정에 관한 사항</TITLE>

<SECTION-3 ACLASS="MANDATORY">
<TITLE ATOC="Y" ENG="1. Subscription and payment schedule" ATOCID="6">1. 청약 및 납입일정</TITLE>

<TABLE-GROUP ACLASS="SB_DT" ADELETETABLE="N">

<TABLE ACLASS="EXTRACTION" AFIXTABLE="N" WIDTH="600" BORDER="1">

<COLGROUP WIDTH="600">
<COL WIDTH="150"></COL>
<COL WIDTH="150"></COL>
<COL WIDTH="150"></COL>
<COL WIDTH="150"></COL>
</COLGROUP>

<THEAD>

<TR ACOPY="N" ADELETE="N" HEIGHT="30">
<TH VALIGN="MIDDLE" WIDTH="141" HEIGHT="23" ACOPYCOL="N" ADELETECOL="N" AMOVECOL="N" AUPDATECONT="N" ENG="Category">구분</TH>
<TH VALIGN="MIDDLE" WIDTH="141" HEIGHT="23" ACOPYCOL="N" ADELETECOL="N" AMOVECOL="N" AUPDATECONT="N" ENG="Subscription start date">청약개시일</TH>
<TH VALIGN="MIDDLE" WIDTH="141" HEIGHT="23" ACOPYCOL="N" ADELETECOL="N" AMOVECOL="N" AUPDATECONT="N" ENG="Subscription closing date">청약종료일</TH>
<TH VALIGN="MIDDLE" WIDTH="141" HEIGHT="23" ACOPYCOL="N" ADELETECOL="N" AMOVECOL="N" AUPDATECONT="N" ENG="Payment date">납입기일</TH>
</TR>
</THEAD>

<TBODY>

<TR ACOPY="Y" ADELETE="N" HEIGHT="30">
<TE ALIGN="CENTER" VALIGN="MIDDLE" WIDTH="141" HEIGHT="23" ACODE="SB_CO">소액공모(제3자배정)</TE>
<TU ALIGN="CENTER" VALIGN="MIDDLE" WIDTH="141" HEIGHT="23" AUNIT="SB_STR_DT" AUNITVALUE="20251229">2025년 12월 29일</TU>
<TU ALIGN="CENTER" VALIGN="MIDDLE" WIDTH="141" HEIGHT="23" AUNIT="SB_END_DT" AUNITVALUE="20251229">2025년 12월 29일</TU>
<TU ALIGN="CENTER" VALIGN="MIDDLE" WIDTH="141" HEIGHT="23" AUNIT="PYM_DT" AUNITVALUE="20260107">2026년 01월 07일</TU>
</TR>
</TBODY>
</TABLE>
</TABLE-GROUP>
<P></P>
<P></P>
</SECTION-3>

<SECTION-3 ACLASS="MANDATORY">
<TITLE ATOC="Y" ENG="2. Underwriting amount by underwriting institution" ATOCID="7">2. 인수기관별 인수금액</TITLE>

<TABLE-GROUP ACLASS="ACC_AMT" ADELETETABLE="N">

<TABLE ACLASS="EXTRACTION" AFIXTABLE="Y" WIDTH="600" BORDER="0">

<COLGROUP WIDTH="600">
<COL WIDTH="300"></COL>
<COL WIDTH="300"></COL>
</COLGROUP>

<TBODY>

<TR ACOPY="N" ADELETE="N" HEIGHT="30">
<TD VALIGN="BOTTOM" WIDTH="291" HEIGHT="23"></TD>
<TU ALIGN="RIGHT" VALIGN="BOTTOM" WIDTH="291" HEIGHT="23" AUNIT="WON" AUNITVALUE="1" ENG="(Unit: KRW)">(단위 : 원)</TU>
</TR>
</TBODY>
</TABLE>

<TABLE ACLASS="EXTRACTION" AFIXTABLE="N" WIDTH="600" BORDER="1">

<COLGROUP WIDTH="600">
<COL WIDTH="148"></COL>
<COL WIDTH="119"></COL>
<COL WIDTH="116"></COL>
<COL WIDTH="111"></COL>
<COL WIDTH="106"></COL>
</COLGROUP>

<THEAD>

<TR ACOPY="N" ADELETE="N" HEIGHT="30">
<TH VALIGN="MIDDLE" WIDTH="139" HEIGHT="23" ACOPYCOL="N" ADELETECOL="N" AMOVECOL="N" AUPDATECONT="N" ENG="Underwriting institution">인수기관</TH>
<TH VALIGN="MIDDLE" WIDTH="110" HEIGHT="23" ACOPYCOL="N" ADELETECOL="N" AMOVECOL="N" AUPDATECONT="N" ENG="Underwriting quantity">인수수량</TH>
<TH VALIGN="MIDDLE" WIDTH="107" HEIGHT="23" ACOPYCOL="N" ADELETECOL="N" AMOVECOL="N" AUPDATECONT="N" ENG="Underwriting amount">인수금액</TH>
<TH VALIGN="MIDDLE" WIDTH="102" HEIGHT="23" ACOPYCOL="N" ADELETECOL="N" AMOVECOL="N" AUPDATECONT="N" ENG="Ratio (%)">비 율(%)</TH>
<TH VALIGN="MIDDLE" WIDTH="97" HEIGHT="23" ACOPYCOL="N" ADELETECOL="N" AMOVECOL="N" AUPDATECONT="N" ENG="Note">비  고</TH>
</TR>
</THEAD>

<TBODY>

<TR ACOPY="Y" ADELETE="N" HEIGHT="30">
<TE ALIGN="CENTER" VALIGN="MIDDLE" WIDTH="139" HEIGHT="23" ACODE="ACC_ORG">-</TE>
<TE ALIGN="RIGHT" VALIGN="MIDDLE" WIDTH="110" HEIGHT="23" ACODE="ACC_CNT">-</TE>
<TE ALIGN="RIGHT" VALIGN="MIDDLE" WIDTH="107" HEIGHT="23" ACODE="ACC_AMT">-</TE>
<TE ALIGN="RIGHT" VALIGN="MIDDLE" WIDTH="102" HEIGHT="23" ACODE="ACC_RT">-</TE>
<TE VALIGN="MIDDLE" WIDTH="97" HEIGHT="23" ACODE="NOTE" ALIGN="CENTER">-</TE>
</TR>

<TR ACOPY="N" ADELETE="N" HEIGHT="30">
<TD ALIGN="CENTER" VALIGN="MIDDLE" WIDTH="139" HEIGHT="23" AUPDATECONT="N" ENG="Total">계</TD>
<TE ALIGN="RIGHT" VALIGN="MIDDLE" WIDTH="110" HEIGHT="23" ACODE="TOT_ACC_CNT">-</TE>
<TE ALIGN="RIGHT" VALIGN="MIDDLE" WIDTH="107" HEIGHT="23" ACODE="TOT_ACC_AMT">-</TE>
<TE ALIGN="RIGHT" VALIGN="MIDDLE" WIDTH="102" HEIGHT="23" ACODE="TOT_ACC_RT">-</TE>
<TE VALIGN="MIDDLE" WIDTH="97" HEIGHT="23" ACODE="TOT_NOTE" ALIGN="CENTER">-</TE>
</TR>
</TBODY>
</TABLE>
</TABLE-GROUP>
<P></P>
<P></P>
</SECTION-3>

<SECTION-3 ACLASS="MANDATORY">
<TITLE ATOC="Y" ENG="3. Subscription and allotment status" ATOCID="8">3. 청약 및 배정현황</TITLE>

<TABLE-GROUP ACLASS="DST_CD" ADELETETABLE="N">

<TABLE ACLASS="EXTRACTION" AFIXTABLE="Y" WIDTH="834" BORDER="0">

<COLGROUP WIDTH="834">
<COL WIDTH="429"></COL>
<COL WIDTH="405"></COL>
</COLGROUP>

<TBODY>

<TR ACOPY="Y" ADELETE="Y" HEIGHT="30">
<TD WIDTH="420" HEIGHT="23"></TD>
<TU ALIGN="RIGHT" WIDTH="396" HEIGHT="23" AUNIT="WONSTOCKPERCENT" AUNITVALUE="1" ENG="(Unit: KRW, shares, %)">(단위 : 원, 주, %)</TU>
</TR>
</TBODY>
</TABLE>

<TABLE ACLASS="EXTRACTION" AFIXTABLE="N" WIDTH="833" BORDER="1">

<COLGROUP WIDTH="833">
<COL WIDTH="180"></COL>
<COL WIDTH="71"></COL>
<COL WIDTH="48"></COL>
<COL WIDTH="48"></COL>
<COL WIDTH="71"></COL>
<COL WIDTH="100"></COL>
<COL WIDTH="48"></COL>
<COL WIDTH="48"></COL>
<COL WIDTH="71"></COL>
<COL WIDTH="100"></COL>
<COL WIDTH="48"></COL>
</COLGROUP>

<THEAD>

<TR ACOPY="N" ADELETE="N" HEIGHT="30">
<TH ROWSPAN="2" VALIGN="MIDDLE" WIDTH="171" ACOPYCOL="N" ADELETECOL="N" AMOVECOL="N" AUPDATECONT="N" ENG="Category" HEIGHT="53">구  분</TH>
<TH COLSPAN="2" VALIGN="MIDDLE" WIDTH="110" ACOPYCOL="N" ADELETECOL="N" AMOVECOL="N" AUPDATECONT="N" ENG="Initial allotment details" HEIGHT="23">최초 배정내역</TH>
<TH COLSPAN="4" VALIGN="MIDDLE" WIDTH="258" ACOPYCOL="N" ADELETECOL="N" AMOVECOL="N" AUPDATECONT="N" ENG="Subscription status" HEIGHT="23">청약현황</TH>
<TH COLSPAN="4" VALIGN="MIDDLE" WIDTH="258" ACOPYCOL="N" ADELETECOL="N" AMOVECOL="N" AUPDATECONT="N" ENG="Allotment status" HEIGHT="23">배정현황</TH>
</TR>

<TR ACOPY="N" ADELETE="N" HEIGHT="30">
<TH VALIGN="MIDDLE" ACOPYCOL="N" ADELETECOL="N" AMOVECOL="N" AUPDATECONT="N" ENG="Quantity" WIDTH="62" HEIGHT="23">수량</TH>
<TH VALIGN="MIDDLE" ACOPYCOL="N" ADELETECOL="N" AMOVECOL="N" AUPDATECONT="N" ENG="Ratio" WIDTH="39" HEIGHT="23">비율</TH>
<TH VALIGN="MIDDLE" ACOPYCOL="N" ADELETECOL="N" AMOVECOL="N" AUPDATECONT="N" ENG="Number of cases" WIDTH="39" HEIGHT="23">건수</TH>
<TH VALIGN="MIDDLE" ACOPYCOL="N" ADELETECOL="N" AMOVECOL="N" AUPDATECONT="N" ENG="Quantity" WIDTH="62" HEIGHT="23">수량</TH>
<TH VALIGN="MIDDLE" ACOPYCOL="N" ADELETECOL="N" AMOVECOL="N" AUPDATECONT="N" ENG="Amount" WIDTH="91" HEIGHT="23">금액</TH>
<TH VALIGN="MIDDLE" ACOPYCOL="N" ADELETECOL="N" AMOVECOL="N" AUPDATECONT="N" ENG="Ratio" WIDTH="39" HEIGHT="23">비율</TH>
<TH VALIGN="MIDDLE" ACOPYCOL="N" ADELETECOL="N" AMOVECOL="N" AUPDATECONT="N" ENG="Number of cases" WIDTH="39" HEIGHT="23">건수</TH>
<TH VALIGN="MIDDLE" ACOPYCOL="N" ADELETECOL="N" AMOVECOL="N" AUPDATECONT="N" ENG="Quantity" WIDTH="62" HEIGHT="23">수량</TH>
<TH VALIGN="MIDDLE" ACOPYCOL="N" ADELETECOL="N" AMOVECOL="N" AUPDATECONT="N" ENG="Amount" WIDTH="91" HEIGHT="23">금액</TH>
<TH VALIGN="MIDDLE" ACOPYCOL="N" ADELETECOL="N" AMOVECOL="N" AUPDATECONT="N" ENG="Ratio" WIDTH="39" HEIGHT="23">비율</TH>
</TR>
</THEAD>

<TBODY>

<TR ACOPY="Y" ADELETE="N" HEIGHT="30">
<TE ALIGN="CENTER" ACODE="DST_CD" WIDTH="171" HEIGHT="23">(주)아이코닉스헬스케어</TE>
<TE ALIGN="RIGHT" ACODE="FST_DV_CNT" VALIGN="MIDDLE" WIDTH="62" HEIGHT="23">187,793</TE>
<TE ALIGN="RIGHT" ACODE="FST_DV_RT" VALIGN="MIDDLE" WIDTH="39" HEIGHT="23">20</TE>
<TE ALIGN="RIGHT" ACODE="SB_CNT" VALIGN="MIDDLE" WIDTH="39" HEIGHT="23">1</TE>
<TE ALIGN="RIGHT" ACODE="SB_ST_CNT" VALIGN="MIDDLE" WIDTH="62" HEIGHT="23">187,793</TE>
<TE ALIGN="RIGHT" ACODE="SB_AMT" VALIGN="MIDDLE" WIDTH="91" HEIGHT="23">199,999,545</TE>
<TE ALIGN="RIGHT" ACODE="SB_RT" VALIGN="MIDDLE" WIDTH="39" HEIGHT="23">20</TE>
<TE ALIGN="RIGHT" ACODE="DV_CNT" VALIGN="MIDDLE" WIDTH="39" HEIGHT="23">1</TE>
<TE ALIGN="RIGHT" ACODE="DV_ST_CNT" VALIGN="MIDDLE" WIDTH="62" HEIGHT="23">187,793</TE>
<TE ALIGN="RIGHT" ACODE="DV_AMT" VALIGN="MIDDLE" WIDTH="91" HEIGHT="23">199,999,545</TE>
<TE ALIGN="RIGHT" ACODE="DV_RT" VALIGN="MIDDLE" WIDTH="39" HEIGHT="23">20</TE>
</TR>

<TR ACOPY="Y" ADELETE="Y" HEIGHT="30">
<TE ALIGN="CENTER" ACODE="DST_CD" WIDTH="171" HEIGHT="23">에버그린1호조합</TE>
<TE ALIGN="RIGHT" ACODE="FST_DV_CNT" VALIGN="MIDDLE" WIDTH="62" HEIGHT="23">281,690</TE>
<TE ALIGN="RIGHT" ACODE="FST_DV_RT" VALIGN="MIDDLE" WIDTH="39" HEIGHT="23">30</TE>
<TE ALIGN="RIGHT" ACODE="SB_CNT" VALIGN="MIDDLE" WIDTH="39" HEIGHT="23">1</TE>
<TE ALIGN="RIGHT" ACODE="SB_ST_CNT" VALIGN="MIDDLE" WIDTH="62" HEIGHT="23">281,690</TE>
<TE ALIGN="RIGHT" ACODE="SB_AMT" VALIGN="MIDDLE" WIDTH="91" HEIGHT="23">299,999,850</TE>
<TE ALIGN="RIGHT" ACODE="SB_RT" VALIGN="MIDDLE" WIDTH="39" HEIGHT="23">30</TE>
<TE ALIGN="RIGHT" ACODE="DV_CNT" VALIGN="MIDDLE" WIDTH="39" HEIGHT="23">1</TE>
<TE ALIGN="RIGHT" ACODE="DV_ST_CNT" VALIGN="MIDDLE" WIDTH="62" HEIGHT="23">281,690</TE>
<TE ALIGN="RIGHT" ACODE="DV_AMT" VALIGN="MIDDLE" WIDTH="91" HEIGHT="23">299,999,850</TE>
<TE ALIGN="RIGHT" ACODE="DV_RT" VALIGN="MIDDLE" WIDTH="39" HEIGHT="23">30</TE>
</TR>

<TR ACOPY="Y" ADELETE="Y" HEIGHT="30">
<TE ALIGN="CENTER" ACODE="DST_CD" WIDTH="171" HEIGHT="23">조옥희</TE>
<TE ALIGN="RIGHT" ACODE="FST_DV_CNT" VALIGN="MIDDLE" WIDTH="62" HEIGHT="23">375,586</TE>
<TE ALIGN="RIGHT" ACODE="FST_DV_RT" VALIGN="MIDDLE" WIDTH="39" HEIGHT="23">40</TE>
<TE ALIGN="RIGHT" ACODE="SB_CNT" VALIGN="MIDDLE" WIDTH="39" HEIGHT="23">1</TE>
<TE ALIGN="RIGHT" ACODE="SB_ST_CNT" VALIGN="MIDDLE" WIDTH="62" HEIGHT="23">375,586</TE>
<TE ALIGN="RIGHT" ACODE="SB_AMT" VALIGN="MIDDLE" WIDTH="91" HEIGHT="23">399,999,090</TE>
<TE ALIGN="RIGHT" ACODE="SB_RT" VALIGN="MIDDLE" WIDTH="39" HEIGHT="23">40</TE>
<TE ALIGN="RIGHT" ACODE="DV_CNT" VALIGN="MIDDLE" WIDTH="39" HEIGHT="23">1</TE>
<TE ALIGN="RIGHT" ACODE="DV_ST_CNT" VALIGN="MIDDLE" WIDTH="62" HEIGHT="23">375,586</TE>
<TE ALIGN="RIGHT" ACODE="DV_AMT" VALIGN="MIDDLE" WIDTH="91" HEIGHT="23">399,999,090</TE>
<TE ALIGN="RIGHT" ACODE="DV_RT" VALIGN="MIDDLE" WIDTH="39" HEIGHT="23">40</TE>
</TR>

<TR ACOPY="Y" ADELETE="Y" HEIGHT="30">
<TE ALIGN="CENTER" ACODE="DST_CD" WIDTH="171" HEIGHT="23">스페이스테크1호조합</TE>
<TE ALIGN="RIGHT" ACODE="FST_DV_CNT" VALIGN="MIDDLE" WIDTH="62" HEIGHT="23">93,896</TE>
<TE ALIGN="RIGHT" ACODE="FST_DV_RT" VALIGN="MIDDLE" WIDTH="39" HEIGHT="23">10</TE>
<TE ALIGN="RIGHT" ACODE="SB_CNT" VALIGN="MIDDLE" WIDTH="39" HEIGHT="23">1</TE>
<TE ALIGN="RIGHT" ACODE="SB_ST_CNT" VALIGN="MIDDLE" WIDTH="62" HEIGHT="23">93,896</TE>
<TE ALIGN="RIGHT" ACODE="SB_AMT" VALIGN="MIDDLE" WIDTH="91" HEIGHT="23">99,999,240</TE>
<TE ALIGN="RIGHT" ACODE="SB_RT" VALIGN="MIDDLE" WIDTH="39" HEIGHT="23">10</TE>
<TE ALIGN="RIGHT" ACODE="DV_CNT" VALIGN="MIDDLE" WIDTH="39" HEIGHT="23">1</TE>
<TE ALIGN="RIGHT" ACODE="DV_ST_CNT" VALIGN="MIDDLE" WIDTH="62" HEIGHT="23">93,896</TE>
<TE ALIGN="RIGHT" ACODE="DV_AMT" VALIGN="MIDDLE" WIDTH="91" HEIGHT="23">99,999,240</TE>
<TE ALIGN="RIGHT" ACODE="DV_RT" VALIGN="MIDDLE" WIDTH="39" HEIGHT="23">10</TE>
</TR>

<TR ACOPY="N" ADELETE="N" HEIGHT="30">
<TD ALIGN="CENTER" WIDTH="171" HEIGHT="23">계</TD>
<TD ALIGN="RIGHT" VALIGN="MIDDLE" WIDTH="62" HEIGHT="23">938,965</TD>
<TD ALIGN="RIGHT" VALIGN="MIDDLE" WIDTH="39" HEIGHT="23">100</TD>
<TD ALIGN="RIGHT" VALIGN="MIDDLE" WIDTH="39" HEIGHT="23">4</TD>
<TD ALIGN="RIGHT" VALIGN="MIDDLE" WIDTH="62" HEIGHT="23">938,965</TD>
<TD ALIGN="RIGHT" VALIGN="MIDDLE" WIDTH="91" HEIGHT="23">999,997,725</TD>
<TD ALIGN="RIGHT" VALIGN="MIDDLE" WIDTH="39" HEIGHT="23">100</TD>
<TD ALIGN="RIGHT" VALIGN="MIDDLE" WIDTH="39" HEIGHT="23">4</TD>
<TD ALIGN="RIGHT" VALIGN="MIDDLE" WIDTH="62" HEIGHT="23">938,965</TD>
<TE ALIGN="RIGHT" ACODE="DV_AMT_TOT" VALIGN="MIDDLE" WIDTH="91" HEIGHT="23">999,997,725</TE>
<TD ALIGN="RIGHT" VALIGN="MIDDLE" WIDTH="39" HEIGHT="23">100</TD>
</TR>
</TBODY>
</TABLE>
</TABLE-GROUP>
<P></P>
<P></P>
</SECTION-3>
</SECTION-2>

<SECTION-2 ACLASS="MANDATORY">
<TITLE ATOC="Y" AASSOCNOTE="L-0-0-3-0" ENG="Ⅲ. Changes in the Shareholding Ratio of Major Shareholders Before and After Paid-in Capital Increase" ATOCID="9">Ⅲ. 유상증자 전후의 주요주주 지분변동</TITLE>
<P></P>

<TABLE BORDER="1" WIDTH="591" ACLASS="NORMAL" AFIXTABLE="N">

<COLGROUP WIDTH="591">
<COL WIDTH="99"></COL>
<COL WIDTH="99"></COL>
<COL WIDTH="99"></COL>
<COL WIDTH="98"></COL>
<COL WIDTH="98"></COL>
<COL WIDTH="98"></COL>
</COLGROUP>

<THEAD>

<TR ACOPY="Y" ADELETE="Y" HEIGHT="30">
<TH ROWSPAN="2" WIDTH="90" USERMARK="BC0XDCDCDC" VALIGN="MIDDLE" ACOPYCOL="Y" ADELETECOL="Y" AMOVECOL="N" HEIGHT="53">주주</TH>
<TH ROWSPAN="2" WIDTH="90" USERMARK="BC0XDCDCDC" VALIGN="MIDDLE" ACOPYCOL="Y" ADELETECOL="Y" AMOVECOL="N" HEIGHT="53">관계</TH>
<TH COLSPAN="2" WIDTH="188" USERMARK="BC0XDCDCDC" VALIGN="MIDDLE" ACOPYCOL="Y" ADELETECOL="Y" AMOVECOL="N" HEIGHT="23">증자 전</TH>
<TH COLSPAN="2" WIDTH="187" USERMARK="BC0XDCDCDC" VALIGN="MIDDLE" ACOPYCOL="Y" ADELETECOL="Y" AMOVECOL="N" HEIGHT="23">증자 후</TH>
</TR>

<TR ACOPY="Y" ADELETE="Y" HEIGHT="30">
<TH USERMARK="BC0XDCDCDC" VALIGN="MIDDLE" ACOPYCOL="Y" ADELETECOL="Y" AMOVECOL="N" WIDTH="90" HEIGHT="23">주식수</TH>
<TH USERMARK="BC0XDCDCDC" VALIGN="MIDDLE" ACOPYCOL="Y" ADELETECOL="Y" AMOVECOL="N" WIDTH="89" HEIGHT="23">지분율(%)</TH>
<TH USERMARK="BC0XDCDCDC" VALIGN="MIDDLE" ACOPYCOL="Y" ADELETECOL="Y" AMOVECOL="N" WIDTH="89" HEIGHT="23">주식수</TH>
<TH USERMARK="BC0XDCDCDC" VALIGN="MIDDLE" ACOPYCOL="Y" ADELETECOL="Y" AMOVECOL="N" WIDTH="89" HEIGHT="23">지분율(%)</TH>
</TR>
</THEAD>

<TBODY>

<TR ACOPY="Y" ADELETE="Y" HEIGHT="30">
<TD VALIGN="MIDDLE" WIDTH="90" HEIGHT="23" ALIGN="CENTER">김병남</TD>
<TD VALIGN="MIDDLE" WIDTH="90" HEIGHT="23" ALIGN="CENTER">최대주주</TD>
<TD ALIGN="RIGHT" VALIGN="MIDDLE" WIDTH="90" HEIGHT="23">3,903,128</TD>
<TD ALIGN="RIGHT" VALIGN="MIDDLE" WIDTH="89" HEIGHT="23">8.65</TD>
<TD ALIGN="RIGHT" VALIGN="MIDDLE" WIDTH="89" HEIGHT="23">3,903,128</TD>
<TD ALIGN="RIGHT" VALIGN="MIDDLE" WIDTH="89" HEIGHT="23">8.47</TD>
</TR>

<TR ACOPY="Y" ADELETE="Y" HEIGHT="30">
<TD VALIGN="MIDDLE" WIDTH="90" HEIGHT="23" ALIGN="CENTER">강경일</TD>
<TD VALIGN="MIDDLE" WIDTH="90" HEIGHT="23" ALIGN="CENTER">집행임원</TD>
<TD ALIGN="RIGHT" VALIGN="MIDDLE" WIDTH="90" HEIGHT="23">1,866,314</TD>
<TD ALIGN="RIGHT" VALIGN="MIDDLE" WIDTH="89" HEIGHT="23">4.13</TD>
<TD ALIGN="RIGHT" VALIGN="MIDDLE" WIDTH="89" HEIGHT="23">1,866,314</TD>
<TD ALIGN="RIGHT" VALIGN="MIDDLE" WIDTH="89" HEIGHT="23">4.05</TD>
</TR>

<TR ACOPY="Y" ADELETE="Y" HEIGHT="30">
<TD VALIGN="MIDDLE" WIDTH="90" HEIGHT="23" ALIGN="CENTER">이수재</TD>
<TD VALIGN="MIDDLE" WIDTH="90" HEIGHT="23" ALIGN="CENTER">집행임원</TD>
<TD ALIGN="RIGHT" VALIGN="MIDDLE" WIDTH="90" HEIGHT="23">25,500</TD>
<TD ALIGN="RIGHT" VALIGN="MIDDLE" WIDTH="89" HEIGHT="23">0.06</TD>
<TD ALIGN="RIGHT" VALIGN="MIDDLE" WIDTH="89" HEIGHT="23">25,500</TD>
<TD ALIGN="RIGHT" VALIGN="MIDDLE" WIDTH="89" HEIGHT="23">0.06</TD>
</TR>

<TR ACOPY="Y" ADELETE="Y" HEIGHT="30">
<TD VALIGN="MIDDLE" WIDTH="90" HEIGHT="23" ALIGN="CENTER">엄상진</TD>
<TD VALIGN="MIDDLE" WIDTH="90" HEIGHT="23" ALIGN="CENTER">집행임원</TD>
<TD ALIGN="RIGHT" VALIGN="MIDDLE" WIDTH="90" HEIGHT="23">60,077</TD>
<TD ALIGN="RIGHT" VALIGN="MIDDLE" WIDTH="89" HEIGHT="23">0.13</TD>
<TD ALIGN="RIGHT" VALIGN="MIDDLE" WIDTH="89" HEIGHT="23">60,077</TD>
<TD ALIGN="RIGHT" VALIGN="MIDDLE" WIDTH="89" HEIGHT="23">0.13</TD>
</TR>

<TR ACOPY="Y" ADELETE="Y" HEIGHT="30">
<TD VALIGN="MIDDLE" WIDTH="90" HEIGHT="23" ALIGN="CENTER">이욱주</TD>
<TD VALIGN="MIDDLE" WIDTH="90" HEIGHT="23" ALIGN="CENTER">집행임원</TD>
<TD ALIGN="RIGHT" VALIGN="MIDDLE" WIDTH="90" HEIGHT="23">66,898</TD>
<TD ALIGN="RIGHT" VALIGN="MIDDLE" WIDTH="89" HEIGHT="23">0.15</TD>
<TD ALIGN="RIGHT" VALIGN="MIDDLE" WIDTH="89" HEIGHT="23">66,898</TD>
<TD ALIGN="RIGHT" VALIGN="MIDDLE" WIDTH="89" HEIGHT="23">0.15</TD>
</TR>

<TR ACOPY="Y" ADELETE="Y" HEIGHT="30">
<TD VALIGN="MIDDLE" WIDTH="90" HEIGHT="23" ALIGN="CENTER">금교홍</TD>
<TD VALIGN="MIDDLE" WIDTH="90" HEIGHT="23" ALIGN="CENTER">집행임원</TD>
<TD ALIGN="RIGHT" VALIGN="MIDDLE" WIDTH="90" HEIGHT="23">60,654</TD>
<TD ALIGN="RIGHT" VALIGN="MIDDLE" WIDTH="89" HEIGHT="23">0.13</TD>
<TD ALIGN="RIGHT" VALIGN="MIDDLE" WIDTH="89" HEIGHT="23">60,654</TD>
<TD ALIGN="RIGHT" VALIGN="MIDDLE" WIDTH="89" HEIGHT="23">0.13</TD>
</TR>

<TR ACOPY="Y" ADELETE="Y" HEIGHT="30">
<TD VALIGN="MIDDLE" WIDTH="90" HEIGHT="23" ALIGN="CENTER">이승재</TD>
<TD VALIGN="MIDDLE" WIDTH="90" HEIGHT="23" ALIGN="CENTER">집행임원</TD>
<TD ALIGN="RIGHT" VALIGN="MIDDLE" WIDTH="90" HEIGHT="23">25,300</TD>
<TD ALIGN="RIGHT" VALIGN="MIDDLE" WIDTH="89" HEIGHT="23">0.06</TD>
<TD ALIGN="RIGHT" VALIGN="MIDDLE" WIDTH="89" HEIGHT="23">25,300</TD>
<TD ALIGN="RIGHT" VALIGN="MIDDLE" WIDTH="89" HEIGHT="23">0.05</TD>
</TR>

<TR ACOPY="Y" ADELETE="Y" HEIGHT="30">
<TD VALIGN="MIDDLE" WIDTH="90" HEIGHT="23" ALIGN="CENTER">박병하</TD>
<TD VALIGN="MIDDLE" WIDTH="90" HEIGHT="23" ALIGN="CENTER">집행임원</TD>
<TD ALIGN="RIGHT" VALIGN="MIDDLE" WIDTH="90" HEIGHT="23">77,175</TD>
<TD ALIGN="RIGHT" VALIGN="MIDDLE" WIDTH="89" HEIGHT="23">0.17</TD>
<TD ALIGN="RIGHT" VALIGN="MIDDLE" WIDTH="89" HEIGHT="23">77,175</TD>
<TD ALIGN="RIGHT" VALIGN="MIDDLE" WIDTH="89" HEIGHT="23">0.17</TD>
</TR>

<TR ACOPY="Y" ADELETE="Y" HEIGHT="30">
<TD COLSPAN="2" ALIGN="CENTER" VALIGN="MIDDLE" WIDTH="189" HEIGHT="23">합 계</TD>
<TD ALIGN="RIGHT" VALIGN="MIDDLE" WIDTH="90" HEIGHT="23">6,085,046</TD>
<TD ALIGN="RIGHT" VALIGN="MIDDLE" WIDTH="89" HEIGHT="23">13.48</TD>
<TD ALIGN="RIGHT" VALIGN="MIDDLE" WIDTH="89" HEIGHT="23">6,085,046</TD>
<TD ALIGN="RIGHT" VALIGN="MIDDLE" WIDTH="89" HEIGHT="23">13.20</TD>
</TR>
</TBODY>
</TABLE>
<P>주)발행주식총수 기준- 증자전 : 45,143,365주- 증자후 : 46,082,330주(소액공모 유상증자로 인한 주식수 증가 938,965주) </P>
<P></P>
</SECTION-2>

<SECTION-2 ACLASS="MANDATORY">
<TITLE ATOC="Y" AASSOCNOTE="L-0-0-4-0" ENG="Ⅳ. Date of Securities Delivery, etc." ATOCID="10">Ⅳ. 증권교부일 등</TITLE>
<P></P>
<P>- 주권상장예정일 : 2026년 1월 30일</P>
<P>- 배정된 주식은 청약자의 주식계좌에 자동 입고되며, 상기 일정은 관계기관과의 협의 과정에 의해 변경될 수 있습니다.</P>
<P></P>
</SECTION-2>

<SECTION-2 ACLASS="MANDATORY">
<TITLE ATOC="Y" AASSOCNOTE="L-0-0-6-0" ENG="Ⅴ. Details of Use of Procured Funds" ATOCID="11">Ⅴ. 조달된 자금의 사용내역</TITLE>

<SECTION-3 ACLASS="MANDATORY">
<TITLE ATOC="Y" ENG="1. Details of funding" ATOCID="12">1. 자금조달 내용</TITLE>

<TABLE-GROUP ACLASS="INC_SL" ADELETETABLE="N">

<TABLE ACLASS="EXTRACTION" AFIXTABLE="Y" WIDTH="600" BORDER="0">

<COLGROUP WIDTH="600">
<COL WIDTH="308"></COL>
<COL WIDTH="292"></COL>
</COLGROUP>

<TBODY>

<TR ACOPY="N" ADELETE="N" HEIGHT="30">
<TD WIDTH="299" HEIGHT="23"></TD>
<TU ALIGN="RIGHT" VALIGN="BOTTOM" WIDTH="283" HEIGHT="23" AUNIT="WONSTOCK" AUNITVALUE="1" ENG="(Unit: KRW, shares)">(단위 : 원, 주)</TU>
</TR>
</TBODY>
</TABLE>

<TABLE ACLASS="EXTRACTION" AFIXTABLE="Y" WIDTH="600" BORDER="1">

<COLGROUP WIDTH="600">
<COL WIDTH="59"></COL>
<COL WIDTH="72"></COL>
<COL WIDTH="124"></COL>
<COL WIDTH="96"></COL>
<COL WIDTH="96"></COL>
<COL WIDTH="95"></COL>
<COL WIDTH="58"></COL>
</COLGROUP>

<THEAD>

<TR ACOPY="Y" ADELETE="Y" HEIGHT="30">
<TH ROWSPAN="2" VALIGN="MIDDLE" WIDTH="50" ACOPYCOL="Y" ADELETECOL="Y" AMOVECOL="N" AUPDATECONT="N" ENG="Category" HEIGHT="53">구분</TH>
<TH ROWSPAN="2" VALIGN="MIDDLE" WIDTH="63" ACOPYCOL="Y" ADELETECOL="Y" AMOVECOL="N" AUPDATECONT="N" ENG="Stock classification" HEIGHT="53">주식구분</TH>
<TH ROWSPAN="2" VALIGN="MIDDLE" WIDTH="115" ACOPYCOL="Y" ADELETECOL="Y" AMOVECOL="N" AUPDATECONT="N" ENG="Total amount to be issued under the statement" HEIGHT="53">신고서상발행예정총액</TH>
<TH COLSPAN="3" VALIGN="MIDDLE" WIDTH="278" ACOPYCOL="Y" ADELETECOL="Y" AMOVECOL="N" AUPDATECONT="N" ENG="Actual amount raised" HEIGHT="23">실제 조달금액</TH>
<TH ROWSPAN="2" VALIGN="MIDDLE" WIDTH="49" ACOPYCOL="Y" ADELETECOL="Y" AMOVECOL="N" AUPDATECONT="N" ENG="Note" HEIGHT="53">비고</TH>
</TR>

<TR ACOPY="Y" ADELETE="Y" HEIGHT="30">
<TH VALIGN="MIDDLE" ACOPYCOL="Y" ADELETECOL="Y" AMOVECOL="N" AUPDATECONT="N" ENG="Issuing price" WIDTH="87" HEIGHT="23">발행가액</TH>
<TH VALIGN="MIDDLE" ACOPYCOL="Y" ADELETECOL="Y" AMOVECOL="N" AUPDATECONT="N" ENG="Quantity" WIDTH="87" HEIGHT="23">수 량</TH>
<TH VALIGN="MIDDLE" ACOPYCOL="Y" ADELETECOL="Y" AMOVECOL="N" AUPDATECONT="N" ENG="Total issuance amount" WIDTH="86" HEIGHT="23">발행총액</TH>
</TR>
</THEAD>

<TBODY>

<TR ACOPY="Y" ADELETE="Y" HEIGHT="30">
<TD ROWSPAN="3" ALIGN="CENTER" VALIGN="MIDDLE" AUPDATECONT="N" ENG="Offering" WIDTH="50" HEIGHT="83">모집</TD>
<TD ALIGN="CENTER" VALIGN="MIDDLE" AUPDATECONT="N" ENG="Common stock" WIDTH="63" HEIGHT="23">보통주</TD>
<TD ALIGN="RIGHT" WIDTH="115" HEIGHT="23">999,997,725</TD>
<TE ALIGN="RIGHT" ACODE="INC_CST_AMT" WIDTH="87" HEIGHT="23">1,065</TE>
<TE ALIGN="RIGHT" ACODE="INC_CST_CNT" WIDTH="87" HEIGHT="23">938,965</TE>
<TE ALIGN="RIGHT" ACODE="INC_CST_TOT" WIDTH="86" HEIGHT="23">999,997,725</TE>
<TD WIDTH="49" HEIGHT="23">-</TD>
</TR>

<TR ACOPY="Y" ADELETE="Y" HEIGHT="30">
<TD ALIGN="CENTER" VALIGN="MIDDLE" AUPDATECONT="N" ENG="Preferred stock" WIDTH="63" HEIGHT="23">우선주</TD>
<TD ALIGN="RIGHT" WIDTH="115" HEIGHT="23">-</TD>
<TE ALIGN="RIGHT" ACODE="INC_PST_AMT" WIDTH="87" HEIGHT="23">-</TE>
<TE ALIGN="RIGHT" ACODE="INC_PST_CNT" WIDTH="87" HEIGHT="23">-</TE>
<TE ALIGN="RIGHT" ACODE="INC_PST_TOT" WIDTH="86" HEIGHT="23">-</TE>
<TD WIDTH="49" HEIGHT="23">-</TD>
</TR>

<TR ACOPY="Y" ADELETE="Y" HEIGHT="30">
<TD ALIGN="CENTER" VALIGN="MIDDLE" AUPDATECONT="N" ENG="Total" WIDTH="63" HEIGHT="23">계</TD>
<TD ALIGN="RIGHT" WIDTH="115" HEIGHT="23">999,997,725</TD>
<TD ALIGN="RIGHT" WIDTH="87" HEIGHT="23">1,065</TD>
<TE ALIGN="RIGHT" ACODE="INC_CNT_TOT" WIDTH="87" HEIGHT="23">938,965</TE>
<TE ALIGN="RIGHT" ACODE="INC_TOT" WIDTH="86" HEIGHT="23">999,997,725</TE>
<TD WIDTH="49" HEIGHT="23">-</TD>
</TR>

<TR ACOPY="Y" ADELETE="Y" HEIGHT="30">
<TD ROWSPAN="3" ALIGN="CENTER" VALIGN="MIDDLE" AUPDATECONT="N" ENG="Sales" WIDTH="50" HEIGHT="83">매출</TD>
<TD ALIGN="CENTER" VALIGN="MIDDLE" AUPDATECONT="N" ENG="Common stock" WIDTH="63" HEIGHT="23">보통주</TD>
<TD ALIGN="RIGHT" WIDTH="115" HEIGHT="23">-</TD>
<TE ALIGN="RIGHT" ACODE="SL_CST_AMT" WIDTH="87" HEIGHT="23">-</TE>
<TE ALIGN="RIGHT" ACODE="SL_CST_CNT" WIDTH="87" HEIGHT="23">-</TE>
<TE ALIGN="RIGHT" ACODE="SL_CST_TOT" WIDTH="86" HEIGHT="23">-</TE>
<TD WIDTH="49" HEIGHT="23">-</TD>
</TR>

<TR ACOPY="Y" ADELETE="Y" HEIGHT="30">
<TD ALIGN="CENTER" VALIGN="MIDDLE" AUPDATECONT="N" ENG="Preferred stock" WIDTH="63" HEIGHT="23">우선주</TD>
<TD ALIGN="RIGHT" WIDTH="115" HEIGHT="23">-</TD>
<TE ALIGN="RIGHT" ACODE="SL_PST_AMT" WIDTH="87" HEIGHT="23">-</TE>
<TE ALIGN="RIGHT" ACODE="SL_PST_CNT" WIDTH="87" HEIGHT="23">-</TE>
<TE ALIGN="RIGHT" ACODE="SL_PST_TOT" WIDTH="86" HEIGHT="23">-</TE>
<TD WIDTH="49" HEIGHT="23">-</TD>
</TR>

<TR ACOPY="Y" ADELETE="Y" HEIGHT="30">
<TD ALIGN="CENTER" VALIGN="MIDDLE" AUPDATECONT="N" ENG="Total" WIDTH="63" HEIGHT="23">계</TD>
<TD ALIGN="RIGHT" WIDTH="115" HEIGHT="23">-</TD>
<TD ALIGN="RIGHT" WIDTH="87" HEIGHT="23">-</TD>
<TE ALIGN="RIGHT" ACODE="SL_CNT_TOT" WIDTH="87" HEIGHT="23">-</TE>
<TE ALIGN="RIGHT" ACODE="SL_TOT" WIDTH="86" HEIGHT="23">-</TE>
<TD WIDTH="49" HEIGHT="23">-</TD>
</TR>

<TR ACOPY="Y" ADELETE="Y" HEIGHT="30">
<TD COLSPAN="2" ALIGN="CENTER" VALIGN="MIDDLE" AUPDATECONT="N" ENG="Total" WIDTH="122" HEIGHT="23">총  계</TD>
<TD ALIGN="RIGHT" WIDTH="115" HEIGHT="23">999,997,725</TD>
<TE ALIGN="RIGHT" ACODE="INC_SL_AMT_SUM" WIDTH="87" HEIGHT="23">1,065</TE>
<TE ALIGN="RIGHT" ACODE="INC_SL_CNT_SUM" WIDTH="87" HEIGHT="23">938,965</TE>
<TE ALIGN="RIGHT" ACODE="INC_SL_SUM" WIDTH="86" HEIGHT="23">999,997,725</TE>
<TD WIDTH="49" HEIGHT="23">-</TD>
</TR>
</TBODY>
</TABLE>
</TABLE-GROUP>
<P></P>
<P></P>
</SECTION-3>

<SECTION-3 ACLASS="MANDATORY">
<TITLE ATOC="Y" ENG="2. Purpose of use of funds" ATOCID="13">2. 자금의 사용목적</TITLE>

<TABLE-GROUP ACLASS="INC_PRPS" ADELETETABLE="N">

<TABLE ACLASS="EXTRACTION" AFIXTABLE="Y" WIDTH="576" BORDER="0">

<COLGROUP WIDTH="576">
<COL WIDTH="300"></COL>
<COL WIDTH="276"></COL>
</COLGROUP>

<TBODY>

<TR ACOPY="Y" ADELETE="Y" HEIGHT="30">
<TD WIDTH="291" HEIGHT="23"></TD>
<TU ALIGN="RIGHT" VALIGN="BOTTOM" WIDTH="267" HEIGHT="23" AUNIT="WON" AUNITVALUE="1" ENG="(Unit: KRW)">(단위 : 원)</TU>
</TR>
</TBODY>
</TABLE>

<TABLE ACLASS="EXTRACTION" AFIXTABLE="Y" WIDTH="575" BORDER="1">

<COLGROUP WIDTH="575">
<COL WIDTH="78"></COL>
<COL WIDTH="78"></COL>
<COL WIDTH="100"></COL>
<COL WIDTH="78"></COL>
<COL WIDTH="93"></COL>
<COL WIDTH="48"></COL>
<COL WIDTH="100"></COL>
</COLGROUP>

<THEAD>

<TR ACOPY="Y" ADELETE="Y" HEIGHT="53">
<TH VALIGN="MIDDLE" WIDTH="69" HEIGHT="46" AUPDATECONT="N" ACOPYCOL="N" ADELETECOL="N" AMOVECOL="N" ENG="Facility investment">시설자금</TH>
<TH VALIGN="MIDDLE" WIDTH="69" HEIGHT="46" AUPDATECONT="N" ACOPYCOL="N" ADELETECOL="N" AMOVECOL="N" ENG="Business acquisition">영업양수자금</TH>
<TH VALIGN="MIDDLE" WIDTH="91" HEIGHT="46" AUPDATECONT="N" ACOPYCOL="N" ADELETECOL="N" AMOVECOL="N" ENG="Operating capital">운영자금</TH>
<TH VALIGN="MIDDLE" WIDTH="69" HEIGHT="46" AUPDATECONT="N" ACOPYCOL="N" ADELETECOL="N" AMOVECOL="N" ENG="Debt repayment">채무상환자금</TH>
<TH VALIGN="MIDDLE" WIDTH="84" HEIGHT="46" AUPDATECONT="N" ACOPYCOL="N" ADELETECOL="N" AMOVECOL="N" ENG="Acquisition of other corporation’s securities">타법인증권취득자금</TH>
<TH VALIGN="MIDDLE" WIDTH="39" HEIGHT="46" AUPDATECONT="N" ACOPYCOL="N" ADELETECOL="N" AMOVECOL="N" ENG="Others">기타</TH>
<TH VALIGN="MIDDLE" WIDTH="91" HEIGHT="46" AUPDATECONT="N" ACOPYCOL="N" ADELETECOL="N" AMOVECOL="N" ENG="Total">계</TH>
</TR>
</THEAD>

<TBODY>

<TR ACOPY="N" ADELETE="N" HEIGHT="30">
<TE WIDTH="69" HEIGHT="23" ACODE="FND_USE1" VALIGN="MIDDLE" ALIGN="RIGHT">-</TE>
<TE WIDTH="69" HEIGHT="23" ACODE="FND_USE_SQ" VALIGN="MIDDLE" ALIGN="RIGHT">-</TE>
<TE WIDTH="91" HEIGHT="23" ACODE="FND_USE2" VALIGN="MIDDLE" ALIGN="RIGHT">999,997,725</TE>
<TE WIDTH="69" HEIGHT="23" ACODE="FND_USE5" VALIGN="MIDDLE" ALIGN="RIGHT">-</TE>
<TE WIDTH="84" HEIGHT="23" ACODE="FND_USE_AS" VALIGN="MIDDLE" ALIGN="RIGHT">-</TE>
<TE WIDTH="39" HEIGHT="23" ACODE="FND_USE4" VALIGN="MIDDLE" ALIGN="RIGHT">-</TE>
<TE WIDTH="91" HEIGHT="23" ACODE="FND_USE_SUM" VALIGN="MIDDLE" ALIGN="RIGHT">999,997,725</TE>
</TR>
</TBODY>
</TABLE>
</TABLE-GROUP>
<P></P>
<P></P>
</SECTION-3>
</SECTION-2>
</LIBRARY>

</SECTION-1>
</BODY>
</DOCUMENT>