<?xml version="1.0" encoding="utf-8"?>


<DOCUMENT xmlns:xsi="http://www.w3.org/2001/XMLSchema-instance" xsi:noNamespaceSchemaLocation="dart4.xsd">

<DOCUMENT-NAME ACODE="80901">지급수단별ㆍ지급기간별지급금액및분쟁조정기구에관한사항</DOCUMENT-NAME>
<FORMULA-VERSION ADATE="20240607">6.0</FORMULA-VERSION>
<COMPANY-NAME AREGCIK="00126308">삼성이앤에이(주)</COMPANY-NAME>


<BODY ATOCID="2">

<LIBRARY>
<CORRECTION>
<TITLE ATOC="Y" AASSOCNOTE="CORRECTION" ENG="Report of Disclosure Revision" ATOCID="2">정 정 신 고 (보고)</TITLE>

<TABLE ACLASS="NORMAL" AFIXTABLE="Y" WIDTH="600" BORDER="0">

<COLGROUP WIDTH="600">
<COL WIDTH="600"></COL>
</COLGROUP>

<TBODY>

<TR ACOPY="N" ADELETE="N" HEIGHT="30">
<TD WIDTH="591" HEIGHT="23"></TD>
</TR>

<TR ACOPY="N" ADELETE="N" HEIGHT="30">
<TD WIDTH="591" HEIGHT="23" ALIGN="RIGHT">2026년 1월 5일</TD>
</TR>
</TBODY>
</TABLE>
<P></P>
<P></P>

<TABLE ACLASS="NORMAL" AFIXTABLE="Y" WIDTH="623" BORDER="0">

<COLGROUP WIDTH="623">
<COL WIDTH="165"></COL>
<COL WIDTH="458"></COL>
</COLGROUP>

<TBODY>

<TR ACOPY="N" ADELETE="N" HEIGHT="53">
<TD WIDTH="156" VALIGN="MIDDLE" AUPDATECONT="N" ENG="1. Disclosure document to be revised:" HEIGHT="46">1. 정정대상 공시서류 :</TD>

<TD WIDTH="449" VALIGN="MIDDLE" HEIGHT="46">
<SPAN>지급수단별ㆍ지급기간별 지급금액 및 분쟁조정기구에 관한 사항</SPAN>
</TD>
</TR>
</TBODY>
</TABLE>
<P></P>

<TABLE ACLASS="NORMAL" AFIXTABLE="Y" WIDTH="600" BORDER="0">

<COLGROUP WIDTH="600">
<COL WIDTH="260"></COL>
<COL WIDTH="340"></COL>
</COLGROUP>

<TBODY>

<TR ACOPY="N" ADELETE="N" HEIGHT="30">
<TD WIDTH="251" VALIGN="MIDDLE" AUPDATECONT="N" ENG="2. First submission date of disclosure document to be revised:" HEIGHT="23">2. 정정대상 공시서류의 최초제출일 :</TD>
<TD WIDTH="331" VALIGN="MIDDLE" HEIGHT="23">2025.08.14</TD>
</TR>
</TBODY>
</TABLE>
<P></P>

<TABLE ACLASS="NORMAL" AFIXTABLE="Y" WIDTH="600" BORDER="0">

<COLGROUP WIDTH="600">
<COL WIDTH="600"></COL>
</COLGROUP>

<TBODY>

<TR ACOPY="N" ADELETE="N" HEIGHT="30">
<TD WIDTH="591" HEIGHT="23" VALIGN="MIDDLE" AUPDATECONT="N" ENG="3. Revised Information">3. 정정사항</TD>
</TR>
</TBODY>
</TABLE>

<TABLE ACLASS="NORMAL" AFIXTABLE="N" WIDTH="600" BORDER="1">

<COLGROUP WIDTH="600">
<COL WIDTH="150"></COL>
<COL WIDTH="150"></COL>
<COL WIDTH="150"></COL>
<COL WIDTH="150"></COL>
</COLGROUP>

<THEAD>

<TR ACOPY="N" ADELETE="N" HEIGHT="30">
<TH WIDTH="141" HEIGHT="23" VALIGN="MIDDLE" ACOPYCOL="N" ADELETECOL="N" AMOVECOL="N" AUPDATECONT="N" ENG="Items">항  목</TH>
<TH WIDTH="141" HEIGHT="23" VALIGN="MIDDLE" ACOPYCOL="N" ADELETECOL="N" AMOVECOL="N" AUPDATECONT="N" ENG="Reason for revision">정정사유</TH>
<TH WIDTH="141" HEIGHT="23" VALIGN="MIDDLE" ACOPYCOL="N" ADELETECOL="N" AMOVECOL="N" AUPDATECONT="N" ENG="Before revision">정 정 전</TH>
<TH WIDTH="141" HEIGHT="23" VALIGN="MIDDLE" ACOPYCOL="N" ADELETECOL="N" AMOVECOL="N" AUPDATECONT="N" ENG="After revision">정 정 후</TH>
</TR>
</THEAD>

<TBODY>

<TR ACOPY="Y" ADELETE="Y" HEIGHT="30">
<TD WIDTH="141" HEIGHT="23" ALIGN="CENTER" VALIGN="MIDDLE">현금 및 수표 비중</TD>
<TD WIDTH="141" HEIGHT="23" ALIGN="CENTER" VALIGN="MIDDLE">단순기재 오류</TD>
<TD WIDTH="141" HEIGHT="23" ALIGN="CENTER" VALIGN="MIDDLE">100.00&</TD>
<TD WIDTH="141" HEIGHT="23" ALIGN="CENTER" VALIGN="MIDDLE">100.00%</TD>
</TR>
</TBODY>
</TABLE>
<P></P>
<PGBRK></PGBRK>
</CORRECTION>
</LIBRARY>


<SECTION-1 ACLASS="MANDATORY" APARTSOURCE="SOURCE">
<TITLE ATOC="Y" AASSOCNOTE="D-0-1-0-0" ENG="Matters Concerning Payment Amount for Each Payment Method/Payment Period and Dispute Resolution Organization" ATOCID="1">지급수단별ㆍ지급기간별 지급금액 및 분쟁조정기구에 관한 사항</TITLE>
<P></P>

<TABLE ACLASS="NORMAL" WIDTH="943" BORDER="1">

<COLGROUP WIDTH="943">
<COL WIDTH="74"></COL>
<COL WIDTH="58"></COL>
<COL WIDTH="62"></COL>
<COL WIDTH="137"></COL>
<COL WIDTH="78"></COL>
<COL WIDTH="89"></COL>
<COL WIDTH="111"></COL>
<COL WIDTH="172"></COL>
<COL WIDTH="76"></COL>
<COL WIDTH="86"></COL>
</COLGROUP>

<TBODY>

<TR ACOPY="Y" ADELETE="Y" HEIGHT="53">
<TD ALIGN="CENTER" VALIGN="MIDDLE" WIDTH="65" HEIGHT="46">기업집단명</TD>
<TD ALIGN="CENTER" VALIGN="MIDDLE" WIDTH="49" HEIGHT="46">삼성</TD>
<TD ALIGN="CENTER" VALIGN="MIDDLE" WIDTH="53" HEIGHT="46">회사명</TD>
<TD ALIGN="CENTER" VALIGN="MIDDLE" WIDTH="128" HEIGHT="46">삼성이앤에이(주)</TD>
<TD ALIGN="CENTER" VALIGN="MIDDLE" WIDTH="69" HEIGHT="46">공시일자</TD>
<TD ALIGN="CENTER" VALIGN="MIDDLE" WIDTH="80" HEIGHT="46">2025.08.14</TD>
<TD ALIGN="CENTER" VALIGN="MIDDLE" WIDTH="102" HEIGHT="46">공시대상기간</TD>
<TD ALIGN="CENTER" VALIGN="MIDDLE" WIDTH="163" HEIGHT="46">2025.01.01~2025.06.30</TD>
<TD ALIGN="CENTER" VALIGN="MIDDLE" WIDTH="67" HEIGHT="46">관련법규</TD>
<TD ALIGN="CENTER" VALIGN="MIDDLE" WIDTH="77" HEIGHT="46">하도급법제13조의3</TD>
</TR>
</TBODY>
</TABLE>
<P></P>
<P>1. (제1호) 지급수단별 지급금액</P>

<TABLE ACLASS="NORMAL" WIDTH="943" BORDER="0">

<COLGROUP WIDTH="943">
<COL WIDTH="943"></COL>
</COLGROUP>

<TBODY>

<TR ACOPY="Y" ADELETE="Y" HEIGHT="30">
<TD ALIGN="RIGHT" WIDTH="934" HEIGHT="23">[지급금액 단위(천원), 비중(%, 소수점 둘째자리)]</TD>
</TR>
</TBODY>
</TABLE>

<TABLE ACLASS="NORMAL" WIDTH="944" BORDER="1">

<COLGROUP WIDTH="944">
<COL WIDTH="48"></COL>
<COL WIDTH="100"></COL>
<COL WIDTH="58"></COL>
<COL WIDTH="58"></COL>
<COL WIDTH="58"></COL>
<COL WIDTH="58"></COL>
<COL WIDTH="58"></COL>
<COL WIDTH="58"></COL>
<COL WIDTH="58"></COL>
<COL WIDTH="58"></COL>
<COL WIDTH="58"></COL>
<COL WIDTH="58"></COL>
<COL WIDTH="58"></COL>
<COL WIDTH="58"></COL>
<COL WIDTH="100"></COL>
</COLGROUP>

<THEAD>

<TR ACOPY="Y" ADELETE="Y" HEIGHT="30">
<TH ROWSPAN="2" VALIGN="MIDDLE" WIDTH="39" ACOPYCOL="Y" ADELETECOL="Y" AMOVECOL="N" HEIGHT="122"></TH>
<TH ROWSPAN="2" VALIGN="MIDDLE" WIDTH="91" ACOPYCOL="Y" ADELETECOL="Y" AMOVECOL="N" HEIGHT="122">현금및수표</TH>
<TH COLSPAN="4" VALIGN="MIDDLE" WIDTH="223" ACOPYCOL="Y" ADELETECOL="Y" AMOVECOL="N" HEIGHT="23">상생결제</TH>
<TH COLSPAN="4" VALIGN="MIDDLE" WIDTH="223" ACOPYCOL="Y" ADELETECOL="Y" AMOVECOL="N" HEIGHT="23">어음대체결제수단</TH>
<TH COLSPAN="3" VALIGN="MIDDLE" WIDTH="165" ACOPYCOL="Y" ADELETECOL="Y" AMOVECOL="N" HEIGHT="23">어음</TH>
<TH ROWSPAN="2" VALIGN="MIDDLE" WIDTH="49" ACOPYCOL="Y" ADELETECOL="Y" AMOVECOL="N" HEIGHT="122">기타</TH>
<TH ROWSPAN="2" VALIGN="MIDDLE" WIDTH="91" ACOPYCOL="Y" ADELETECOL="Y" AMOVECOL="N" HEIGHT="122">계</TH>
</TR>

<TR ACOPY="Y" ADELETE="Y" HEIGHT="99">
<TH VALIGN="MIDDLE" ACOPYCOL="Y" ADELETECOL="Y" AMOVECOL="N" WIDTH="49" HEIGHT="92">만기10일이하</TH>
<TH VALIGN="MIDDLE" ACOPYCOL="Y" ADELETECOL="Y" AMOVECOL="N" WIDTH="49" HEIGHT="92">10일초과60일이하</TH>
<TH VALIGN="MIDDLE" ACOPYCOL="Y" ADELETECOL="Y" AMOVECOL="N" WIDTH="49" HEIGHT="92">60일초과</TH>
<TH VALIGN="MIDDLE" ACOPYCOL="Y" ADELETECOL="Y" AMOVECOL="N" WIDTH="49" HEIGHT="92">소계</TH>
<TH VALIGN="MIDDLE" ACOPYCOL="Y" ADELETECOL="Y" AMOVECOL="N" WIDTH="49" HEIGHT="92">만기1일이하</TH>
<TH VALIGN="MIDDLE" ACOPYCOL="Y" ADELETECOL="Y" AMOVECOL="N" WIDTH="49" HEIGHT="92">1일초과60일이하</TH>
<TH VALIGN="MIDDLE" ACOPYCOL="Y" ADELETECOL="Y" AMOVECOL="N" WIDTH="49" HEIGHT="92">60일초과</TH>
<TH VALIGN="MIDDLE" ACOPYCOL="Y" ADELETECOL="Y" AMOVECOL="N" WIDTH="49" HEIGHT="92">소계</TH>
<TH VALIGN="MIDDLE" ACOPYCOL="Y" ADELETECOL="Y" AMOVECOL="N" WIDTH="49" HEIGHT="92">어음(만기60일이하)</TH>
<TH VALIGN="MIDDLE" ACOPYCOL="Y" ADELETECOL="Y" AMOVECOL="N" WIDTH="49" HEIGHT="92">어음(만기60일초과)</TH>
<TH VALIGN="MIDDLE" ACOPYCOL="Y" ADELETECOL="Y" AMOVECOL="N" WIDTH="49" HEIGHT="92">소계</TH>
</TR>
</THEAD>

<TBODY>

<TR ACOPY="Y" ADELETE="Y" HEIGHT="53">
<TD ALIGN="CENTER" VALIGN="MIDDLE" WIDTH="39" HEIGHT="46">지급금액</TD>
<TD ALIGN="RIGHT" VALIGN="MIDDLE" WIDTH="91" HEIGHT="46">871,292,878</TD>
<TD ALIGN="RIGHT" VALIGN="MIDDLE" WIDTH="49" HEIGHT="46">-</TD>
<TD ALIGN="RIGHT" VALIGN="MIDDLE" WIDTH="49" HEIGHT="46">-</TD>
<TD ALIGN="RIGHT" VALIGN="MIDDLE" WIDTH="49" HEIGHT="46">-</TD>
<TD ALIGN="RIGHT" VALIGN="MIDDLE" WIDTH="49" HEIGHT="46">-</TD>
<TD ALIGN="RIGHT" VALIGN="MIDDLE" WIDTH="49" HEIGHT="46">-</TD>
<TD ALIGN="RIGHT" VALIGN="MIDDLE" WIDTH="49" HEIGHT="46">-</TD>
<TD ALIGN="RIGHT" VALIGN="MIDDLE" WIDTH="49" HEIGHT="46">-</TD>
<TD ALIGN="RIGHT" VALIGN="MIDDLE" WIDTH="49" HEIGHT="46">-</TD>
<TD ALIGN="RIGHT" VALIGN="MIDDLE" WIDTH="49" HEIGHT="46">-</TD>
<TD ALIGN="RIGHT" VALIGN="MIDDLE" WIDTH="49" HEIGHT="46">-</TD>
<TD ALIGN="RIGHT" VALIGN="MIDDLE" WIDTH="49" HEIGHT="46">-</TD>
<TD ALIGN="RIGHT" VALIGN="MIDDLE" WIDTH="49" HEIGHT="46">-</TD>
<TD ALIGN="RIGHT" VALIGN="MIDDLE" WIDTH="91" HEIGHT="46">871,292,878</TD>
</TR>

<TR ACOPY="Y" ADELETE="Y" HEIGHT="30">
<TD ALIGN="CENTER" VALIGN="MIDDLE" WIDTH="39" HEIGHT="23">비중</TD>
<TD ALIGN="CENTER" VALIGN="MIDDLE" WIDTH="91" HEIGHT="23">100.00%</TD>
<TD ALIGN="CENTER" VALIGN="MIDDLE" WIDTH="49" HEIGHT="23">0.00%</TD>
<TD ALIGN="CENTER" VALIGN="MIDDLE" WIDTH="49" HEIGHT="23">0.00%</TD>
<TD ALIGN="CENTER" VALIGN="MIDDLE" WIDTH="49" HEIGHT="23">0.00%</TD>
<TD ALIGN="CENTER" VALIGN="MIDDLE" WIDTH="49" HEIGHT="23">0.00%</TD>
<TD ALIGN="CENTER" VALIGN="MIDDLE" WIDTH="49" HEIGHT="23">0.00%</TD>
<TD ALIGN="CENTER" VALIGN="MIDDLE" WIDTH="49" HEIGHT="23">0.00%</TD>
<TD ALIGN="CENTER" VALIGN="MIDDLE" WIDTH="49" HEIGHT="23">0.00%</TD>
<TD ALIGN="CENTER" VALIGN="MIDDLE" WIDTH="49" HEIGHT="23">0.00%</TD>
<TD ALIGN="CENTER" VALIGN="MIDDLE" WIDTH="49" HEIGHT="23">0.00%</TD>
<TD ALIGN="CENTER" VALIGN="MIDDLE" WIDTH="49" HEIGHT="23">0.00%</TD>
<TD ALIGN="CENTER" VALIGN="MIDDLE" WIDTH="49" HEIGHT="23">0.00%</TD>
<TD ALIGN="CENTER" VALIGN="MIDDLE" WIDTH="49" HEIGHT="23">0.00%</TD>
<TD ALIGN="CENTER" VALIGN="MIDDLE" WIDTH="91" HEIGHT="23">100.00%</TD>
</TR>

<TR ACOPY="Y" ADELETE="Y" HEIGHT="30">
<TD COLSPAN="10" ALIGN="RIGHT" VALIGN="MIDDLE" WIDTH="603" HEIGHT="23">현금결제비율</TD>
<TD COLSPAN="5" ALIGN="CENTER" VALIGN="MIDDLE" WIDTH="323" HEIGHT="23">100.00%</TD>
</TR>

<TR ACOPY="Y" ADELETE="Y" HEIGHT="30">
<TD COLSPAN="10" ALIGN="RIGHT" VALIGN="MIDDLE" WIDTH="603" HEIGHT="23">현금성결제비율</TD>
<TD COLSPAN="5" ALIGN="CENTER" VALIGN="MIDDLE" WIDTH="323" HEIGHT="23">100.00%</TD>
</TR>

<TR ACOPY="Y" ADELETE="Y" HEIGHT="53">
<TD ALIGN="CENTER" VALIGN="MIDDLE" WIDTH="39" HEIGHT="46">비고</TD>
<TD COLSPAN="14" VALIGN="MIDDLE" WIDTH="887" HEIGHT="46">- 하도급법 대상 수급사업자인 국내 중소기업과의 거래에서 직전 반기 기간동안에 지급한 금액 기준('23.1.12일 이후 계약체결 건)- 기업규모 및 위탁내용 등 하도급거래 판단이 모호한 거래 포함</TD>
</TR>
</TBODY>
</TABLE>
<P></P>
<P></P>
<P>2. (제2호) 지급기간별 지급금액</P>

<TABLE ACLASS="NORMAL" WIDTH="940" BORDER="0">

<COLGROUP WIDTH="940">
<COL WIDTH="940"></COL>
</COLGROUP>

<TBODY>

<TR ACOPY="Y" ADELETE="Y" HEIGHT="30">
<TD ALIGN="RIGHT" WIDTH="931" HEIGHT="23">[지급금액 단위(천원), 비중(%, 소수점 둘째자리)]</TD>
</TR>
</TBODY>
</TABLE>

<TABLE ACLASS="NORMAL" WIDTH="941" BORDER="1">

<COLGROUP WIDTH="941">
<COL WIDTH="78"></COL>
<COL WIDTH="173"></COL>
<COL WIDTH="173"></COL>
<COL WIDTH="173"></COL>
<COL WIDTH="172"></COL>
<COL WIDTH="172"></COL>
</COLGROUP>

<THEAD>

<TR ACOPY="Y" ADELETE="Y" HEIGHT="30">
<TH VALIGN="MIDDLE" WIDTH="69" HEIGHT="23" ACOPYCOL="Y" ADELETECOL="Y" AMOVECOL="N"></TH>
<TH VALIGN="MIDDLE" WIDTH="164" HEIGHT="23" ACOPYCOL="Y" ADELETECOL="Y" AMOVECOL="N">10일 이내</TH>
<TH VALIGN="MIDDLE" WIDTH="164" HEIGHT="23" ACOPYCOL="Y" ADELETECOL="Y" AMOVECOL="N">10일 초과 15일 이하</TH>
<TH VALIGN="MIDDLE" WIDTH="164" HEIGHT="23" ACOPYCOL="Y" ADELETECOL="Y" AMOVECOL="N">15일 초과 30일 이하</TH>
<TH VALIGN="MIDDLE" WIDTH="163" HEIGHT="23" ACOPYCOL="Y" ADELETECOL="Y" AMOVECOL="N">30일 초과 60일 이하</TH>
<TH VALIGN="MIDDLE" WIDTH="163" HEIGHT="23" ACOPYCOL="Y" ADELETECOL="Y" AMOVECOL="N">60일 초과</TH>
</TR>
</THEAD>

<TBODY>

<TR ACOPY="Y" ADELETE="Y" HEIGHT="30">
<TD ALIGN="CENTER" WIDTH="69" HEIGHT="23">지급금액</TD>
<TD ALIGN="RIGHT" VALIGN="MIDDLE" WIDTH="164" HEIGHT="23">549,309,803</TD>
<TD ALIGN="RIGHT" VALIGN="MIDDLE" WIDTH="164" HEIGHT="23">169,427,192</TD>
<TD ALIGN="RIGHT" VALIGN="MIDDLE" WIDTH="164" HEIGHT="23">108,935,952</TD>
<TD ALIGN="RIGHT" VALIGN="MIDDLE" WIDTH="163" HEIGHT="23">43,619,929</TD>
<TD ALIGN="RIGHT" VALIGN="MIDDLE" WIDTH="163" HEIGHT="23">-</TD>
</TR>

<TR ACOPY="Y" ADELETE="Y" HEIGHT="30">
<TD ALIGN="CENTER" WIDTH="69" HEIGHT="23">비중</TD>
<TD ALIGN="CENTER" VALIGN="MIDDLE" WIDTH="164" HEIGHT="23">63.05%</TD>
<TD ALIGN="CENTER" VALIGN="MIDDLE" WIDTH="164" HEIGHT="23">19.45%</TD>
<TD ALIGN="CENTER" VALIGN="MIDDLE" WIDTH="164" HEIGHT="23">12.50%</TD>
<TD ALIGN="CENTER" VALIGN="MIDDLE" WIDTH="163" HEIGHT="23">5.01%</TD>
<TD ALIGN="CENTER" VALIGN="MIDDLE" WIDTH="163" HEIGHT="23">0.00%</TD>
</TR>

<TR ACOPY="Y" ADELETE="Y" HEIGHT="30">
<TD ALIGN="CENTER" WIDTH="69" HEIGHT="23">비고</TD>
<TD VALIGN="MIDDLE" WIDTH="854" HEIGHT="23" COLSPAN="5">- 천단위 버림으로 제1호의 총액과 2천원 차이 발생</TD>
</TR>
</TBODY>
</TABLE>
<P>3. (제3호) 분쟁조정기구에 관한 사항</P>

<TABLE BORDER="1" WIDTH="941" ACLASS="NORMAL">

<COLGROUP WIDTH="941">
<COL WIDTH="188"></COL>
<COL WIDTH="753"></COL>
</COLGROUP>

<TBODY>

<TR ACOPY="Y" ADELETE="Y" HEIGHT="30">
<TD ALIGN="CENTER" VALIGN="MIDDLE" WIDTH="179" HEIGHT="23"></TD>
<TD ALIGN="CENTER" VALIGN="MIDDLE" WIDTH="744" HEIGHT="23">내용</TD>
</TR>

<TR ACOPY="Y" ADELETE="Y" HEIGHT="30">
<TD ALIGN="CENTER" VALIGN="MIDDLE" WIDTH="179" HEIGHT="23">분쟁조정기구 설치 여부</TD>
<TD ALIGN="CENTER" VALIGN="MIDDLE" WIDTH="744" HEIGHT="23">O</TD>
</TR>

<TR ACOPY="Y" ADELETE="Y" HEIGHT="53">
<TD ALIGN="CENTER" VALIGN="MIDDLE" WIDTH="179" HEIGHT="46">담당부서 및 연락처</TD>
<TD ALIGN="CENTER" VALIGN="MIDDLE" WIDTH="744" HEIGHT="46">담당부서: 법무그룹연락처: 02-2053-5273</TD>
</TR>

<TR ACOPY="Y" ADELETE="Y" HEIGHT="329">
<TD ALIGN="CENTER" VALIGN="MIDDLE" WIDTH="179" HEIGHT="322">분쟁조정 신청 절차ㆍ방법</TD>
<TD VALIGN="MIDDLE" WIDTH="744" HEIGHT="322">당사 분쟁조정기구를 통해 분쟁조정이 필요하다면 Partner Portal (https://partner.samsungena.co.kr/) 을 접속, 로그인하여 「하도급거래 분쟁조정신청」을 제출해야 합니다.조정신청 대상이 되는 하도급거래, 신청취지, 신청이유를 밝혀 주시고,신청이유에 기재한 사실 및 주장을 입증할 수 있는 자료를 함께 제출해 주시기 바랍니다. <조정신청 작성내용>1) 하도급거래: 현장명, 계약명, 계약번호, 삼성이앤에이 현장 담당자명2) 조정요청내용: 신청취지, 신청이유 등 - 신청취지: 신청인이 요구하는 핵심적인 내용을 구체적으로 기재 - 신청이유: 신청인이 분쟁조정신청에 이르게 된 이유, 경위 및 신청취지의 작성 근거 등 최대한 자세하게 작성3) 입증자료 첨부:신청이유에 기재한 사실 및 주장을 입증할 수 있는 자료* 하도급법 적용대상이 아닌 경우는 조정신청 대상에 해당되지 않아, 조정절차가 진행되지 않을 수 있습니다. </TD>
</TR>

<TR ACOPY="Y" ADELETE="Y" HEIGHT="30">
<TD ALIGN="CENTER" VALIGN="MIDDLE" WIDTH="179" HEIGHT="23">분쟁조정 예상 소요기간</TD>
<TD ALIGN="CENTER" VALIGN="MIDDLE" WIDTH="744" HEIGHT="23">분쟁조정 신청일로부터 60일 이내 (단, 내용 및 입증 자료 등에 따라 연장될 수 있습니다.)</TD>
</TR>

<TR ACOPY="Y" ADELETE="Y" HEIGHT="30">
<TD ALIGN="CENTER" VALIGN="MIDDLE" WIDTH="179" HEIGHT="23">비고</TD>
<TD ALIGN="CENTER" VALIGN="MIDDLE" WIDTH="744" HEIGHT="23">특이사항 없음</TD>
</TR>
</TBODY>
</TABLE>
<P></P>
</SECTION-1>
</BODY>
</DOCUMENT>