<html>
 <head> 
  <meta content="gdi" http-equiv="X-UA-TextLayoutMetrics"> 
  <meta content="text/html; charset=euc-kr" http-equiv="Content-Type"> 
  <STYLE>
.xforms * { font-family: 돋움체;}
.xforms_title * { font-size: 13pt; padding : 0 0 10 0;}

.xforms table {
    font-size: 10px;
    padding:0px;
    border-collapse:collapse;
    color: #3D3D3D;
}
.xforms td {
    padding-left:0px;
    padding-top:0px;
    border-collapse:collapse;
    line-height:22px;
    color: #3D3D3D;
    /*text-align:right;*/
    vertical-align:middle;
    border: 1px solid #7f7f7f;
}

.xforms span {
    /*display: inline-block;*/
    padding-left:3px;
    padding-right: 1px;
    line-height:22px;
    padding-top:0px;
    padding-bottom:0px;
    text-align:left;
    vertical-align:middle;
    border: 0px solid #DBDBDB;
}

.xforms.img{
    border : 0px;
}

.xforms a:link {

    color: #194866;
    text-decoration: none;
}
.xforms a:active {

    color: #194866;
    text-decoration: none;
}
.xforms a:visited {
    color: #194866;
    text-decoration: none;
}

.xforms A:hover {
    color:008BE3;
    text-decoration: none;
}

.xforms_input{
    border: 0px solid #DBDBDB;
    padding-left:3px;
    padding-right: 1px;
    height:22px;
    padding-top:0px;
    padding-bottom:0px;
    text-align:left;
}
</STYLE> 
  <title>모아데이타/전환가액의조정/(2026.01.05)전환가액의조정</title> 
 </head> 
 <body> 
  <div class="xforms"> 
   <div> 
    <span class="noprint" style="display:none;width:600px;font-size:10pt;"> </span> 
    <div class="xforms_title"> 
     <div> 
      <span style="width:596px;font-weight:bold;text-align:center;">전환가액의 조정</span> 
     </div> 
    </div> 
    <span class="noprint" style="display:none;width:600px;font-size:10pt;"> </span> 
    <table border="1" bordercolordark="white" bordercolorlight="#666666" cellpadding="1" cellspacing="0" id="XFormD25_Form0_RepeatTable1" style="margin:0px 0px 20px 0px;width:599px;font-size:10pt;border:1px solid #7f7f7f;"> 
     <tbody> 
      <tr> 
       <td colspan="2" rowspan="2" width="168"> <span style="width:168px;font-size:10pt;">1. 조정에 관한 사항</span> </td> 
       <td width="40"> <span style="width:40px;font-size:10pt;text-align:center;">회차</span> </td> 
       <td width="84"> <span style="width:84px;font-size:10pt;text-align:center;">상장여부</span> </td> 
       <td width="145"> <span style="width:145px;font-size:10pt;text-align:center;">조정전 전환가액 (원)</span> </td> 
       <td colspan="2" width="162"> <span style="width:162px;font-size:10pt;text-align:center;">조정후 전환가액 (원)</span> </td> 
      </tr> 
      <tr> 
       <td width="40"> <span class="xforms_input" style="width:40px;font-size:10pt;text-align:center;">10</span> </td> 
       <td width="84"> <span class="xforms_input" style="width:84px;font-size:10pt;text-align:center;">비상장</span> </td> 
       <td width="145"> <span class="xforms_input" style="width:145px;font-size:10pt;text-align:right;">1,180</span> </td> 
       <td colspan="2" width="162"> <span class="xforms_input" style="width:162px;font-size:10pt;text-align:right;">1,039</span> </td> 
      </tr> 
      <tr> 
       <td colspan="2" rowspan="2" width="168"> <span style="width:168px;font-size:10pt;">2. 전환가능주식수 변동</span> </td> 
       <td width="40"> <span style="width:40px;font-size:10pt;text-align:center;">회차</span> </td> 
       <td colspan="2" width="229"> <span style="width:229px;font-size:10pt;text-align:center;">미전환사채의 권면(전자등록)총액 (통화단위)</span> </td> 
       <td width="81"> <span style="width:81px;font-size:10pt;text-align:center;">조정전 전환가능 주식수 (주)</span> </td> 
       <td width="81"> <span style="width:81px;font-size:10pt;text-align:center;">조정후 전환가능 주식수 (주)</span> </td> 
      </tr> 
      <tr> 
       <td width="40"> <span class="xforms_input" style="width:40px;font-size:10pt;text-align:center;">10</span> </td> 
       <td width="84"> <span class="xforms_input" style="width:84px;font-size:10pt;text-align:right;">2,000,000,000</span> </td> 
       <td width="145"> <span class="xforms_input" style="width:145px;font-size:10pt;">KRW : South-Korean Won</span> </td> 
       <td width="81"> <span class="xforms_input" style="width:81px;font-size:10pt;text-align:right;">1,694,915</span> </td> 
       <td width="81"> <span class="xforms_input" style="width:81px;font-size:10pt;text-align:right;">1,924,927</span> </td> 
      </tr> 
      <tr> 
       <td colspan="2" width="168"> <span style="width:168px;font-size:10pt;">3. 조정사유</span> </td> 
       <td colspan="5" width="431"> <span class="xforms_input" style="width:431px;font-size:10pt;">시가 하락에 따른 전환가액 조정</span> </td> 
      </tr> 
      <tr> 
       <td colspan="2" width="168"> <span style="width:168px;font-size:10pt;">4. 조정근거 및 방법</span> </td> 
       <td colspan="5" width="431"> <span class="xforms_input" style="width:431px;font-size:10pt;">1) 조정 근거 <br xmlns:java="http://xml.apache.org/xalan/java">라. 위 가. 내지 다. 와는 별도로 본 사채 발행일로부터 매 3개월이 되는 날마다 전환가액을 조정하고 발행일로부터 1년이 경과한 시점부터는 매 7개월 단위로 조정하되, 조정일 전일을 기산일로 하여 최근 1개월 가중산술평균주가, 1주일 가중산술평균주가, 최근일 가중산술평균주가를 산술평균한 가액과 최근일 가중산술평균주가 중 높은 가액과 직전 전환가액을 비교하여 둘 중 낮은 가격으로 조정하기로 한다. 다만, 전환가액의 최저 조정한도는 발행 당시의 전환가액(조정일 전에 신주의 할인발행 등의 사유로 전환가액을 이미 조정한 경우에는 이를 감안하여 산정한 가액)의 70%에 해당하는 가액으로 한다. <br xmlns:java="http://xml.apache.org/xalan/java"> <br xmlns:java="http://xml.apache.org/xalan/java">바. 위 라. 와는 별도로 시가가 하락하여, 전환가액의 하향조정이 있었음에도 불구하고, 기타의 사유로 주식가치 상승사유가 발생하는 경우, 본 사채 발행일로부터 매 3개월이 경과한 날과 발행일로부터 1년이 경과한 시점부터는 매 7개월 단위로 전환가액 조정일로 하고, 조정일 전일을 기산일로 하여 최근 1개월 가중산술평균주가, 1주일 가중산술평균주가, 최근일 가중산술평균주가를 산술평균한 가액과 최근일 가중산술평균주가 중 높은 가액과 직전 전환가액을 비교하여 둘 중 높은 가격으로 상향조정하기로 한다. 단, 전환가액을 상향조정하는 경우 조정 후 전환가액은 발행당시의 전환가액(조정일 전에 신주의 할인발행 등 또는 감자 등의 사유로 전환가액을 이미 하향 또는 상향 조정한 경우에는 이를 감안하여 산정한 가액)이내로 한다. <br xmlns:java="http://xml.apache.org/xalan/java"> <br xmlns:java="http://xml.apache.org/xalan/java">사. 본호에 의한 조정 후 전환가액 중 원단위 미만은 절상한다. <br xmlns:java="http://xml.apache.org/xalan/java"> <br xmlns:java="http://xml.apache.org/xalan/java">2) 조정 방법 <br xmlns:java="http://xml.apache.org/xalan/java">① 1개월 가중산술평균주가 :      974.28원 <br xmlns:java="http://xml.apache.org/xalan/java">② 1주일 가중산술평균주가 :    1,020.29원 <br xmlns:java="http://xml.apache.org/xalan/java">③ 최근일 가중산술평균주가 :     999.63원 <br xmlns:java="http://xml.apache.org/xalan/java">④ 산술평균주가((①+②+③)/3) :  998.07원 <br xmlns:java="http://xml.apache.org/xalan/java">⑤ 기준주가(MAX(③,④)) :         1,000원(원단위 미만 절상) <br xmlns:java="http://xml.apache.org/xalan/java">⑥ 최초 전환가액 :                1,484원 <br xmlns:java="http://xml.apache.org/xalan/java">⑦ 전환가액의 최저 조정한도가액 : 1,039원 <br xmlns:java="http://xml.apache.org/xalan/java">⑧ 조정 전 전환가액 :             1,180원 <br xmlns:java="http://xml.apache.org/xalan/java">⑨ 조정 후 전환가액 :             1,039원</span> </td> 
      </tr> 
      <tr> 
       <td colspan="2" width="168"> <span style="width:168px;font-size:10pt;">5. 조정가액 적용일</span> </td> 
       <td colspan="5" width="431"> <span class="xforms_input" style="width:431px;font-size:10pt;">2026-01-03</span> </td> 
      </tr> 
      <tr> 
       <td colspan="2" width="168"> <span style="width:168px;font-size:10pt;">6. 이사회결의일(결정일)</span> </td> 
       <td colspan="5" width="431"> <span class="xforms_input" style="width:431px;font-size:10pt;">-</span> </td> 
      </tr> 
      <tr> 
       <td rowspan="2" width="101"> <span style="width:101px;font-size:10pt;">- 사외이사 참석여부</span> </td> 
       <td width="67"> <span style="width:67px;font-size:10pt;">참석(명)</span> </td> 
       <td colspan="5" width="431"> <span class="xforms_input" style="width:431px;font-size:10pt;text-align:right;">-</span> </td> 
      </tr> 
      <tr> 
       <td width="67"> <span style="width:67px;font-size:10pt;">불참(명)</span> </td> 
       <td colspan="5" width="431"> <span class="xforms_input" style="width:431px;font-size:10pt;text-align:right;">-</span> </td> 
      </tr> 
      <tr> 
       <td colspan="2" width="168"> <span style="width:168px;font-size:10pt;">- 감사(사외이사가 아닌 감사위원) 참석여부</span> </td> 
       <td colspan="5" width="431"> <span class="xforms_input" style="width:431px;font-size:10pt;">-</span> </td> 
      </tr> 
      <tr> 
       <td colspan="2" rowspan="2" width="168"> <span style="width:168px;font-size:10pt;">7. 기타 투자판단에 참고할 사항</span> </td> 
       <td colspan="5" width="431"> <span class="xforms_input" style="width:431px;font-size:10pt;">상기 사항은 시가하락에 따른 전환가액 조정으로 별도의 이사회결의를 필요로 하지 않음.</span> </td> 
      </tr> 
      <tr> 
       <td colspan="2" width="124"> <span style="width:124px;font-size:10pt;">※ 관련공시</span> </td> 
       <td colspan="3" width="307"> <span style="width:307px;font-size:10pt;"> <a href="http://kind.krx.co.kr/common/disclsviewer.do?method=search&amp;acptno=20250630001060&amp;rcpno=20250630000863&amp;orgid=F&amp;tran=Y&amp;langTpCd=0" target="_blank" xmlns="http://www.w3.org/1999/xhtml" xmlns:xf="http://www.w3.org/2002/xforms" xmlns:xh="http://www.w3.org/1999/xhtml" xmlns:xsd="http://www.w3.org/2001/XMLSchema">2025-06-30 전환사채권발행결정(제10회차)</a> <br xmlns:java="http://xml.apache.org/xalan/java"> <a href="http://kind.krx.co.kr/common/disclsviewer.do?method=search&amp;acptno=20250703000337&amp;rcpno=20250703000267&amp;orgid=F&amp;tran=Y&amp;langTpCd=0" target="_blank" xmlns="http://www.w3.org/1999/xhtml" xmlns:xf="http://www.w3.org/2002/xforms" xmlns:xh="http://www.w3.org/1999/xhtml" xmlns:xsd="http://www.w3.org/2001/XMLSchema">2025-07-03 전환사채권발행결정(제10회차)</a> <br xmlns:java="http://xml.apache.org/xalan/java"> <a href="http://kind.krx.co.kr/common/disclsviewer.do?method=search&amp;acptno=20250703000384&amp;rcpno=20250703000384&amp;orgid=K&amp;tran=Y&amp;langTpCd=0" target="_blank" xmlns="http://www.w3.org/1999/xhtml" xmlns:xf="http://www.w3.org/2002/xforms" xmlns:xh="http://www.w3.org/1999/xhtml" xmlns:xsd="http://www.w3.org/2001/XMLSchema">2025-07-03 증권 발행결과(자율공시)</a> <br xmlns:java="http://xml.apache.org/xalan/java"> <a href="http://kind.krx.co.kr/common/disclsviewer.do?method=search&amp;acptno=20251010000373&amp;rcpno=20251010000373&amp;orgid=K&amp;tran=Y&amp;langTpCd=0" target="_blank" xmlns="http://www.w3.org/1999/xhtml" xmlns:xf="http://www.w3.org/2002/xforms" xmlns:xh="http://www.w3.org/1999/xhtml" xmlns:xsd="http://www.w3.org/2001/XMLSchema">2025-10-10 전환가액의조정</a> <br xmlns:java="http://xml.apache.org/xalan/java"> </span> </td> 
      </tr> 
     </tbody> 
    </table> 
   </div> 
  </div>  
 </body>
</html>