<?xml version="1.0" encoding="utf-8"?>


<DOCUMENT xmlns:xsi="http://www.w3.org/2001/XMLSchema-instance" xsi:noNamespaceSchemaLocation="dart4.xsd">

<DOCUMENT-NAME ACODE="80809">공시대상기업집단의특수관계인과의예ㆍ적금 거래</DOCUMENT-NAME>
<FORMULA-VERSION ADATE="20240129">6.0</FORMULA-VERSION>
<COMPANY-NAME AREGCIK="01605088">재단법인 DB김준기문화재단</COMPANY-NAME>


<BODY ATOCID="1">

<SECTION-1 ACLASS="MANDATORY" APARTSOURCE="SOURCE">
<TITLE ATOC="Y" AASSOCNOTE="D-0-1-0-0" ENG="Transactions of Deposit and Installment Savings with Related Party of Corporate Groups subject to Disclosure" ATOCID="1">공시대상기업집단의 특수관계인과의 예ㆍ적금 거래</TITLE>
<P></P>

<TABLE ACLASS="NORMAL" AFIXTABLE="N" BORDER="1" WIDTH="721">

<COLGROUP WIDTH="721">
<COL WIDTH="91"></COL>
<COL WIDTH="90"></COL>
<COL WIDTH="90"></COL>
<COL WIDTH="90"></COL>
<COL WIDTH="90"></COL>
<COL WIDTH="90"></COL>
<COL WIDTH="90"></COL>
<COL WIDTH="90"></COL>
</COLGROUP>

<TBODY>

<TR ACOPY="Y" ADELETE="Y" HEIGHT="53">
<TD WIDTH="82" HEIGHT="46" ALIGN="CENTER" VALIGN="MIDDLE">기업집단명</TD>
<TD WIDTH="81" HEIGHT="46" ALIGN="CENTER" VALIGN="MIDDLE">DB</TD>
<TD WIDTH="81" HEIGHT="46" ALIGN="CENTER" VALIGN="MIDDLE">공 익법인명</TD>
<TD WIDTH="81" HEIGHT="46" ALIGN="CENTER" VALIGN="MIDDLE">(재)DB김준기문화재단</TD>
<TD WIDTH="81" HEIGHT="46" ALIGN="CENTER" VALIGN="MIDDLE">공시일자</TD>
<TD WIDTH="81" HEIGHT="46" ALIGN="CENTER" VALIGN="MIDDLE">2026.01.07</TD>
<TD WIDTH="81" HEIGHT="46" ALIGN="CENTER" VALIGN="MIDDLE">관련법규</TD>
<TD WIDTH="81" HEIGHT="46" ALIGN="CENTER" VALIGN="MIDDLE">공정거래법 제29조</TD>
</TR>
</TBODY>
</TABLE>
<P></P>

<TABLE ACLASS="NORMAL" WIDTH="721" BORDER="0" AFIXTABLE="N">

<COLGROUP WIDTH="721">
<COL WIDTH="721"></COL>
</COLGROUP>

<TBODY>

<TR ACOPY="Y" ADELETE="Y" HEIGHT="30">
<TD ALIGN="RIGHT" VALIGN="MIDDLE" WIDTH="712" HEIGHT="23">(단위 : 백만원)</TD>
</TR>
</TBODY>
</TABLE>

<TABLE ACLASS="NORMAL" WIDTH="724" BORDER="1" AFIXTABLE="N">

<COLGROUP WIDTH="724">
<COL WIDTH="121"></COL>
<COL WIDTH="121"></COL>
<COL WIDTH="76"></COL>
<COL WIDTH="166"></COL>
<COL WIDTH="120"></COL>
<COL WIDTH="120"></COL>
</COLGROUP>

<TBODY>

<TR ACOPY="Y" ADELETE="Y" HEIGHT="30">
<TD COLSPAN="3" VALIGN="MIDDLE" WIDTH="309" HEIGHT="23">1. 예ㆍ적금 수신회사</TD>
<TD VALIGN="MIDDLE" WIDTH="157" HEIGHT="23" ALIGN="CENTER">(주)DB저축은행</TD>
<TD ALIGN="CENTER" VALIGN="MIDDLE" WIDTH="111" HEIGHT="23">관 계</TD>
<TD VALIGN="MIDDLE" WIDTH="111" HEIGHT="23" ALIGN="CENTER">계열회사</TD>
</TR>

<TR ACOPY="Y" ADELETE="Y" HEIGHT="30">
<TD COLSPAN="3" VALIGN="MIDDLE" WIDTH="309" HEIGHT="23">2. 예ㆍ적금일</TD>
<TD COLSPAN="3" VALIGN="MIDDLE" WIDTH="397" HEIGHT="23" ALIGN="CENTER">2026년 1월 6일</TD>
</TR>

<TR ACOPY="Y" ADELETE="Y" HEIGHT="30">
<TD COLSPAN="3" VALIGN="MIDDLE" WIDTH="309" HEIGHT="23">3. 예ㆍ적금의 종류</TD>
<TD COLSPAN="3" VALIGN="MIDDLE" WIDTH="397" HEIGHT="23" ALIGN="CENTER">정기예금</TD>
</TR>

<TR ACOPY="Y" ADELETE="Y" HEIGHT="30">
<TD COLSPAN="3" VALIGN="MIDDLE" WIDTH="309" HEIGHT="23">4. 예ㆍ적금 금액</TD>
<TD COLSPAN="3" VALIGN="MIDDLE" WIDTH="397" HEIGHT="23" ALIGN="CENTER">10,904</TD>
</TR>

<TR ACOPY="Y" ADELETE="Y" HEIGHT="30">
<TD ROWSPAN="3" VALIGN="MIDDLE" WIDTH="112" HEIGHT="83">5. 거래내역</TD>
<TD COLSPAN="2" VALIGN="MIDDLE" WIDTH="188" HEIGHT="23">가. 이자율(%)</TD>
<TD COLSPAN="3" VALIGN="MIDDLE" WIDTH="397" HEIGHT="23" ALIGN="CENTER">2.97</TD>
</TR>

<TR ACOPY="Y" ADELETE="Y" HEIGHT="30">
<TD COLSPAN="2" VALIGN="MIDDLE" WIDTH="188" HEIGHT="23">나. 만기일</TD>
<TD COLSPAN="3" VALIGN="MIDDLE" WIDTH="397" HEIGHT="23" ALIGN="CENTER">2027년 7월 6일</TD>
</TR>

<TR ACOPY="Y" ADELETE="Y" HEIGHT="30">
<TD COLSPAN="2" VALIGN="MIDDLE" WIDTH="188" HEIGHT="23">다. 기간(일수)</TD>
<TD COLSPAN="3" VALIGN="MIDDLE" WIDTH="397" HEIGHT="23" ALIGN="CENTER">547일</TD>
</TR>

<TR ACOPY="Y" ADELETE="Y" HEIGHT="30">
<TD COLSPAN="3" VALIGN="MIDDLE" WIDTH="309" HEIGHT="23">6. 거래목적</TD>
<TD COLSPAN="3" VALIGN="MIDDLE" WIDTH="397" HEIGHT="23" ALIGN="CENTER">기본재산의 운영</TD>
</TR>

<TR ACOPY="Y" ADELETE="Y" HEIGHT="30">
<TD COLSPAN="3" VALIGN="MIDDLE" WIDTH="309" HEIGHT="23">7. 이사회 의결일</TD>
<TD COLSPAN="3" VALIGN="MIDDLE" WIDTH="397" HEIGHT="23" ALIGN="CENTER">2025년 12월 31일</TD>
</TR>

<TR ACOPY="Y" ADELETE="Y" HEIGHT="30">
<TD ROWSPAN="2" COLSPAN="2" VALIGN="MIDDLE" WIDTH="233" HEIGHT="53"> - 이사 참석현황</TD>
<TD ALIGN="CENTER" VALIGN="MIDDLE" WIDTH="67" HEIGHT="23">참석(명)</TD>
<TD COLSPAN="3" VALIGN="MIDDLE" WIDTH="397" HEIGHT="23" ALIGN="CENTER">7</TD>
</TR>

<TR ACOPY="Y" ADELETE="Y" HEIGHT="30">
<TD ALIGN="CENTER" VALIGN="MIDDLE" WIDTH="67" HEIGHT="23">불참(명)</TD>
<TD COLSPAN="3" VALIGN="MIDDLE" WIDTH="397" HEIGHT="23" ALIGN="CENTER">3</TD>
</TR>

<TR ACOPY="Y" ADELETE="Y" HEIGHT="30">
<TD COLSPAN="3" VALIGN="MIDDLE" WIDTH="309" HEIGHT="23"> - 감사 참석 여부</TD>
<TD COLSPAN="3" VALIGN="MIDDLE" WIDTH="397" HEIGHT="23" ALIGN="CENTER">참석</TD>
</TR>

<TR ACOPY="Y" ADELETE="Y" HEIGHT="30">
<TD COLSPAN="3" VALIGN="MIDDLE" WIDTH="309" HEIGHT="23">8. 기타</TD>
<TD COLSPAN="3" VALIGN="MIDDLE" WIDTH="397" HEIGHT="23" ALIGN="CENTER">- 상기 5-가 이자율은 가입세부조건에 따라 변동될 수 있음</TD>
</TR>

<TR ACOPY="Y" ADELETE="Y" HEIGHT="30">
<TD COLSPAN="3" VALIGN="MIDDLE" WIDTH="309" HEIGHT="23"> ※ 관련공시일</TD>
<TD COLSPAN="3" VALIGN="MIDDLE" WIDTH="397" HEIGHT="23" ALIGN="CENTER">해당 없음</TD>
</TR>
</TBODY>
</TABLE>
</SECTION-1>
</BODY>
</DOCUMENT>