<html>
 <head> 
  <meta content="gdi" http-equiv="X-UA-TextLayoutMetrics"> 
  <meta content="text/html; charset=euc-kr" http-equiv="Content-Type"> 
  <STYLE>
.xforms * { font-family: 돋움체;}
.xforms_title * { font-size: 13pt; padding : 0 0 10 0;}

.xforms table {
    font-size: 10px;
    padding:0px;
    border-collapse:collapse;
    color: #3D3D3D;
}
.xforms td {
    padding-left:0px;
    padding-top:0px;
    border-collapse:collapse;
    line-height:22px;
    color: #3D3D3D;
    /*text-align:right;*/
    vertical-align:middle;
    border: 1px solid #7f7f7f;
}

.xforms span {
    /*display: inline-block;*/
    padding-left:3px;
    padding-right: 1px;
    line-height:22px;
    padding-top:0px;
    padding-bottom:0px;
    text-align:left;
    vertical-align:middle;
    border: 0px solid #DBDBDB;
}

.xforms.img{
    border : 0px;
}

.xforms a:link {

    color: #194866;
    text-decoration: none;
}
.xforms a:active {

    color: #194866;
    text-decoration: none;
}
.xforms a:visited {
    color: #194866;
    text-decoration: none;
}

.xforms A:hover {
    color:008BE3;
    text-decoration: none;
}

.xforms_input{
    border: 0px solid #DBDBDB;
    padding-left:3px;
    padding-right: 1px;
    height:22px;
    padding-top:0px;
    padding-bottom:0px;
    text-align:left;
}
</STYLE> 
  <title>중앙첨단소재/최대주주변경/(2026.01.05)최대주주변경</title> 
 </head> 
 <body> 
  <div class="xforms"> 
   <div> 
    <span class="noprint" style="display:none;width:600px;font-size:10pt;"> </span> 
    <div class="xforms_title"> 
     <div> 
      <span style="width:598px;font-weight:bold;text-align:center;">최대주주 변경</span> 
     </div> 
    </div> 
    <table border="1" bordercolordark="white" bordercolorlight="#666666" cellpadding="1" cellspacing="0" id="XFormD6_Form0_Table0" style="margin:0px 0px 20px 0px;width:600px;font-size:10pt;border:1px solid #7f7f7f;"> 
     <tbody> 
      <tr> 
       <td rowspan="6" width="85"> <span style="width:85px;font-size:10pt;">1. 변경내용</span> </td> 
       <td rowspan="3" width="69"> <span style="width:69px;font-size:10pt;text-align:center;">변경전</span> </td> 
       <td width="116"> <span style="width:116px;font-size:10pt;">최대주주등</span> </td> 
       <td colspan="3" width="330"> <span class="xforms_input" style="width:330px;font-size:10pt;">(주)광무 외 2</span> </td> 
      </tr> 
      <tr> 
       <td width="116"> <span style="width:116px;font-size:10pt;">소유주식수(주)</span> </td> 
       <td colspan="3" width="330"> <span class="xforms_input" style="width:330px;font-size:10pt;text-align:right;">32,208,155</span> </td> 
      </tr> 
      <tr> 
       <td width="116"> <span style="width:116px;font-size:10pt;">소유비율(%)</span> </td> 
       <td colspan="3" width="330"> <span class="xforms_input" style="width:330px;font-size:10pt;text-align:right;">28.99</span> </td> 
      </tr> 
      <tr> 
       <td rowspan="3" width="69"> <span style="width:69px;font-size:10pt;text-align:center;">변경후</span> </td> 
       <td width="116"> <span style="width:116px;font-size:10pt;">최대주주등</span> </td> 
       <td colspan="3" width="330"> <span class="xforms_input" style="width:330px;font-size:10pt;">(주)엔켐</span> </td> 
      </tr> 
      <tr> 
       <td width="116"> <span style="width:116px;font-size:10pt;">소유주식수(주)</span> </td> 
       <td colspan="3" width="330"> <span class="xforms_input" style="width:330px;font-size:10pt;text-align:right;">16,142,059</span> </td> 
      </tr> 
      <tr> 
       <td width="116"> <span style="width:116px;font-size:10pt;">소유비율(%)</span> </td> 
       <td colspan="3" width="330"> <span class="xforms_input" style="width:330px;font-size:10pt;text-align:right;">14.53</span> </td> 
      </tr> 
      <tr> 
       <td colspan="3" width="270"> <span style="width:270px;font-size:10pt;">2. 변경사유</span> </td> 
       <td colspan="3" width="330"> <span class="xforms_input" style="width:330px;font-size:10pt;">변경 후 최대주주 (주)엔켐이 발행하는 전환사채의 인수자인 (주)아틀라스팔천이 납입금으로 보유중인 (주)중앙첨단소재의 주식 5,850,320주 대용납입하여 (주)엔켐으로 최대주주가 변경됨</span> </td> 
      </tr> 
      <tr> 
       <td colspan="3" width="270"> <span style="width:270px;font-size:10pt;">-실권주 인수로 인한 변경 여부</span> </td> 
       <td colspan="3" width="330"> <span class="xforms_input" style="width:330px;font-size:10pt;">아니오</span> </td> 
      </tr> 
      <tr> 
       <td colspan="3" width="270"> <span style="width:270px;font-size:10pt;">-양수도 주식의 의무보유 여부</span> </td> 
       <td colspan="3" width="330"> <span class="xforms_input" style="width:330px;font-size:10pt;">아니오</span> </td> 
      </tr> 
      <tr> 
       <td colspan="3" width="270"> <span style="width:270px;font-size:10pt;">3. 지분인수목적</span> </td> 
       <td colspan="3" width="330"> <span class="xforms_input" style="width:330px;font-size:10pt;">소유지분의 강화</span> </td> 
      </tr> 
      <tr> 
       <td colspan="2" rowspan="5" width="154"> <span style="width:154px;font-size:10pt;">-인수자금 조달방법</span> </td> 
       <td width="116"> <span style="width:116px;font-size:10pt;">자기자금(원)</span> </td> 
       <td colspan="3" width="330"> <span class="xforms_input" style="width:330px;font-size:10pt;text-align:right;">15,700,000,000</span> </td> 
      </tr> 
      <tr> 
       <td width="116"> <span style="width:116px;font-size:10pt;">차입금(원)</span> </td> 
       <td colspan="3" width="330"> <span class="xforms_input" style="width:330px;font-size:10pt;text-align:right;">-</span> </td> 
      </tr> 
      <tr> 
       <td width="116"> <span style="width:116px;font-size:10pt;">차입처</span> </td> 
       <td colspan="3" width="330"> <span class="xforms_input" style="width:330px;font-size:10pt;">-</span> </td> 
      </tr> 
      <tr> 
       <td width="116"> <span style="width:116px;font-size:10pt;">차입기간</span> </td> 
       <td width="150"> <span class="xforms_input" style="width:150px;font-size:10pt;">-</span> </td> 
       <td width="30"> <span style="width:30px;font-size:10pt;text-align:center;">~</span> </td> 
       <td width="150"> <span class="xforms_input" style="width:150px;font-size:10pt;">-</span> </td> 
      </tr> 
      <tr> 
       <td width="116"> <span style="width:116px;font-size:10pt;">담보내역</span> </td> 
       <td colspan="3" width="330"> <span class="xforms_input" style="width:330px;font-size:10pt;">-</span> </td> 
      </tr> 
      <tr> 
       <td colspan="3" width="270"> <span style="width:270px;font-size:10pt;">-인수후 임원 선ㆍ해임 계획</span> </td> 
       <td colspan="3" width="330"> <span class="xforms_input" style="width:330px;font-size:10pt;">현재 계획중인 사항은 없습니다.</span> </td> 
      </tr> 
      <tr> 
       <td colspan="3" width="270"> <span style="width:270px;font-size:10pt;">4. 변경일자</span> </td> 
       <td colspan="3" width="330"> <span class="xforms_input" style="width:330px;font-size:10pt;">2026-01-05</span> </td> 
      </tr> 
      <tr> 
       <td colspan="3" width="270"> <span style="width:270px;font-size:10pt;">5. 변경확인일자</span> </td> 
       <td colspan="3" width="330"> <span class="xforms_input" style="width:330px;font-size:10pt;">2026-01-05</span> </td> 
      </tr> 
      <tr> 
       <td colspan="6" width="600"> <span style="width:600px;font-size:10pt;">6. 기타 투자판단에 참고할 사항</span> </td> 
      </tr> 
      <tr> 
       <td colspan="6" width="600"> <span class="xforms_input" style="width:600px;font-size:10pt;">- 변경 후 최대주주 (주)엔켐은 기존 회사 발행주식 10,291,739주를 보유하고 있습니다. <br xmlns:java="http://xml.apache.org/xalan/java"> <br xmlns:java="http://xml.apache.org/xalan/java">- 변경 후 최대주주 (주)엔켐이 발행하는 전환사채의 인수자인 (주)아틀라스팔천이 보유중인 (주)중앙첨단소재 보통주 5,850,320주 대용납입하여 최대주주가 변경되는 것 입니다. <br xmlns:java="http://xml.apache.org/xalan/java"> <br xmlns:java="http://xml.apache.org/xalan/java">- 상기 ‘4. 변경일자’ 및 ‘5. 변경확인일자’는 (주)엔켐 전환사채 인수를 대가로 (주)중앙첨단소재 주식을 대용납입 일자입니다. <br xmlns:java="http://xml.apache.org/xalan/java"> <br xmlns:java="http://xml.apache.org/xalan/java">- 하기 '변경 후 최대주주에 관한 사항'의 주요 재무정보는 (주)엔켐의 IFRS 적용 2024년 연결기준 재무사항입니다.</span> </td> 
      </tr> 
      <tr> 
       <td colspan="2" width="154"> <span style="width:154px;font-size:10pt;">※ 관련공시</span> </td> 
       <td colspan="4" width="446"> <span style="width:446px;font-size:10pt;"> <a href="http://kind.krx.co.kr/common/disclsviewer.do?method=search&amp;acptno=20251226000619&amp;rcpno=20251226000619&amp;orgid=K&amp;tran=Y&amp;langTpCd=0" target="_blank" xmlns="http://www.w3.org/1999/xhtml" xmlns:xf="http://www.w3.org/2002/xforms" xmlns:xh="http://www.w3.org/1999/xhtml" xmlns:xsd="http://www.w3.org/2001/XMLSchema">2025-12-26 최대주주 변경을 수반하는 주식양수도 계약 체결</a> <br xmlns:java="http://xml.apache.org/xalan/java"> </span> </td> 
      </tr> 
     </tbody> 
    </table> 
    <span style="width:598px;font-size:11pt;font-weight:bold;">[세부변경내역]</span> 
    <table border="1" bordercolordark="white" bordercolorlight="#666666" cellpadding="1" cellspacing="0" id="XFormD7_Form0_RepeatTable0" style="margin:0px 0px 20px 0px;width:602px;text-align:center;border:1px solid #7f7f7f;"> 
     <tbody> 
      <tr> 
       <td rowspan="2" width="86"> <span style="width:86px;font-size:10pt;text-align:center;">성명(법인명,조합명,기타단체명)</span> </td> 
       <td rowspan="2" width="105"> <span style="width:105px;font-size:10pt;text-align:center;">관계</span> </td> 
       <td colspan="2" width="170"> <span style="width:170px;font-size:10pt;text-align:center;">변경전</span> </td> 
       <td colspan="2" width="173"> <span style="width:173px;font-size:10pt;text-align:center;">변경후</span> </td> 
       <td rowspan="2" width="68"> <span style="width:68px;font-size:10pt;text-align:center;">비고</span> </td> 
      </tr> 
      <tr> 
       <td width="86"> <span style="width:86px;font-size:10pt;text-align:center;">주식수(주)</span> </td> 
       <td width="84"> <span style="width:84px;font-size:10pt;text-align:center;">지분율(%)</span> </td> 
       <td width="90"> <span style="width:90px;font-size:10pt;text-align:center;">주식수(주)</span> </td> 
       <td width="83"> <span style="width:83px;font-size:10pt;text-align:center;">지분율(%)</span> </td> 
      </tr> 
      <tr> 
       <td width="86"> <span class="xforms_input" style="width:86px;font-size:10pt;">(주)광무</span> </td> 
       <td width="105"> <span class="xforms_input" style="width:105px;font-size:10pt;text-align:center;">변경전 최대주주</span> </td> 
       <td width="86"> <span class="xforms_input" style="width:86px;font-size:10pt;text-align:right;">16,066,096</span> </td> 
       <td width="84"> <span class="xforms_input" style="width:84px;font-size:10pt;text-align:right;">14.46</span> </td> 
       <td width="90"> <span class="xforms_input" style="width:90px;font-size:10pt;text-align:right;">16,066,096</span> </td> 
       <td width="83"> <span class="xforms_input" style="width:83px;font-size:10pt;text-align:right;">14.46</span> </td> 
       <td width="68"> <span class="xforms_input" style="width:68px;font-size:10pt;">-</span> </td> 
      </tr> 
      <tr> 
       <td width="86"> <span class="xforms_input" style="width:86px;font-size:10pt;">(주)엔켐</span> </td> 
       <td width="105"> <span class="xforms_input" style="width:105px;font-size:10pt;text-align:center;">변경후 최대주주</span> </td> 
       <td width="86"> <span class="xforms_input" style="width:86px;font-size:10pt;text-align:right;">10,291,739</span> </td> 
       <td width="84"> <span class="xforms_input" style="width:84px;font-size:10pt;text-align:right;">9.26</span> </td> 
       <td width="90"> <span class="xforms_input" style="width:90px;font-size:10pt;text-align:right;">16,142,059</span> </td> 
       <td width="83"> <span class="xforms_input" style="width:83px;font-size:10pt;text-align:right;">14.53</span> </td> 
       <td width="68"> <span class="xforms_input" style="width:68px;font-size:10pt;">-</span> </td> 
      </tr> 
      <tr> 
       <td width="86"> <span class="xforms_input" style="width:86px;font-size:10pt;">(주)아틀라스팔천</span> </td> 
       <td width="105"> <span class="xforms_input" style="width:105px;font-size:10pt;text-align:center;">변경전 최대주주의 특수관계인</span> </td> 
       <td width="86"> <span class="xforms_input" style="width:86px;font-size:10pt;text-align:right;">5,850,320</span> </td> 
       <td width="84"> <span class="xforms_input" style="width:84px;font-size:10pt;text-align:right;">5.27</span> </td> 
       <td width="90"> <span class="xforms_input" style="width:90px;font-size:10pt;text-align:right;">-</span> </td> 
       <td width="83"> <span class="xforms_input" style="width:83px;font-size:10pt;text-align:right;">-</span> </td> 
       <td width="68"> <span class="xforms_input" style="width:68px;font-size:10pt;">-</span> </td> 
      </tr> 
     </tbody> 
    </table> 
    <span class="noprint" style="display:none;width:600px;font-size:10pt;"> </span> 
    <div id="LIB_L7069" style="width:600px;font-size:10pt;;padding:0 0 20 0"> 
     <div> 
      <div> 
       <span style="width:600px;font-size:11pt;font-weight:bold;">[변경 후 최대주주(일반 법인인 경우)에 관한 사항]</span> 
       <table border="1" bordercolordark="white" bordercolorlight="#666666" cellpadding="1" cellspacing="0" id="XFormG2_Form0_Table0" style="margin:0px 0px 20px 0px;width:596px;font-size:10pt;border:1px solid #7f7f7f;"> 
        <tbody> 
         <tr> 
          <td colspan="4" width="596"> <span style="width:596px;font-size:10pt;">1. 법인의 기본정보</span> </td> 
         </tr> 
         <tr> 
          <td width="149"> <span style="width:149px;font-size:10pt;text-align:center;">법인명</span> </td> 
          <td width="149"> <span style="width:149px;font-size:10pt;text-align:center;">국적</span> </td> 
          <td width="149"> <span style="width:149px;font-size:10pt;text-align:center;">주소(본점소재지)[읍ㆍ면ㆍ동까지만 기재]</span> </td> 
          <td width="149"> <span style="width:149px;font-size:10pt;text-align:center;">법인등록번호</span> </td> 
         </tr> 
         <tr> 
          <td width="149"> <span class="xforms_input" style="width:149px;font-size:10pt;">(주)엔켐</span> </td> 
          <td width="149"> <span class="xforms_input" style="width:149px;font-size:10pt;">대한민국</span> </td> 
          <td width="149"> <span class="xforms_input" style="width:149px;font-size:10pt;">충청북도 제천시 바이오밸리로 107</span> </td> 
          <td width="149"> <span class="xforms_input" style="width:149px;font-size:10pt;">304-81-25799</span> </td> 
         </tr> 
         <tr> 
          <td width="149"> <span style="width:149px;font-size:10pt;text-align:center;">주요 사업내용</span> </td> 
          <td colspan="3" width="447"> <span class="xforms_input" style="width:447px;font-size:10pt;">2차전지 및 EDLC용 전해액 제조 및 판매</span> </td> 
         </tr> 
         <tr> 
          <td colspan="4" width="596"> <span style="width:596px;font-size:10pt;">- 최대주주ㆍ대표이사ㆍ대표집행임원 현황 및 지분정보</span> </td> 
         </tr> 
         <tr> 
          <td width="149"> <span style="width:149px;font-size:10pt;text-align:center;">구분</span> </td> 
          <td width="149"> <span style="width:149px;font-size:10pt;text-align:center;">성명</span> </td> 
          <td width="149"> <span style="width:149px;font-size:10pt;text-align:center;">소유 주식수(주)</span> </td> 
          <td width="149"> <span style="width:149px;font-size:10pt;text-align:center;">지분율(%)</span> </td> 
         </tr> 
         <tr> 
          <td width="149"> <span class="xforms_input" style="width:149px;font-size:10pt;">최대주주</span> </td> 
          <td width="149"> <span class="xforms_input" style="width:149px;font-size:10pt;">오정강</span> </td> 
          <td width="149"> <span class="xforms_input" style="width:149px;font-size:10pt;text-align:right;">3,148,643</span> </td> 
          <td width="149"> <span class="xforms_input" style="width:149px;font-size:10pt;text-align:right;">14.47</span> </td> 
         </tr> 
         <tr> 
          <td width="149"> <span class="xforms_input" style="width:149px;font-size:10pt;">대표이사</span> </td> 
          <td width="149"> <span class="xforms_input" style="width:149px;font-size:10pt;">오정강</span> </td> 
          <td width="149"> <span class="xforms_input" style="width:149px;font-size:10pt;text-align:right;">3,148,643</span> </td> 
          <td width="149"> <span class="xforms_input" style="width:149px;font-size:10pt;text-align:right;">14.47</span> </td> 
         </tr> 
        </tbody> 
       </table> 
       <table border="1" bordercolordark="white" bordercolorlight="#666666" cellpadding="1" cellspacing="0" id="XFormG2_Form0_RepeatTable3" style="margin:0px 0px 20px 0px;width:596px;font-size:10pt;border:1px solid #7f7f7f;"> 
        <tbody> 
         <tr> 
          <td colspan="8" width="596"> <span style="width:596px;font-size:10pt;">- 최대주주ㆍ대표이사ㆍ대표집행임원의 임원 경력</span> </td> 
         </tr> 
         <tr> 
          <td width="55"> <span style="width:55px;font-size:10pt;text-align:center;">성명</span> </td> 
          <td width="66"> <span style="width:66px;font-size:10pt;text-align:center;">회사명</span> </td> 
          <td width="94"> <span style="width:94px;font-size:10pt;text-align:center;">상장여부</span> </td> 
          <td width="91"> <span style="width:91px;font-size:10pt;text-align:center;">상장폐지일 (상장폐지된 법인의 경우)</span> </td> 
          <td width="48"> <span style="width:48px;font-size:10pt;text-align:center;">직위</span> </td> 
          <td width="90"> <span style="width:90px;font-size:10pt;text-align:center;">입사연월일</span> </td> 
          <td width="90"> <span style="width:90px;font-size:10pt;text-align:center;">퇴사연월일</span> </td> 
          <td width="62"> <span style="width:62px;font-size:10pt;text-align:center;">비고</span> </td> 
         </tr> 
         <tr> 
          <td width="55"> <span class="xforms_input" style="width:55px;font-size:10pt;">오정강</span> </td> 
          <td width="66"> <span class="xforms_input" style="width:66px;font-size:10pt;">(주)엔켐</span> </td> 
          <td width="94"> <span class="xforms_input" style="width:94px;font-size:10pt;">상장(코스닥)</span> </td> 
          <td width="91"> <span class="xforms_input" style="width:91px;font-size:10pt;">-</span> </td> 
          <td width="48"> <span class="xforms_input" style="width:48px;font-size:10pt;">대표이사</span> </td> 
          <td width="90"> <span class="xforms_input" style="width:90px;font-size:10pt;">2012-01-26</span> </td> 
          <td width="90"> <span class="xforms_input" style="width:90px;font-size:10pt;">-</span> </td> 
          <td width="62"> <span class="xforms_input" style="width:62px;font-size:10pt;">-</span> </td> 
         </tr> 
        </tbody> 
       </table> 
       <table border="1" bordercolordark="white" bordercolorlight="#666666" cellpadding="1" cellspacing="0" id="XFormG2_Form0_RepeatTable0" style="margin:0px 0px 20px 0px;width:596px;font-size:10pt;border:1px solid #7f7f7f;"> 
        <tbody> 
         <tr> 
          <td colspan="7" width="596"> <span style="width:596px;font-size:10pt;">- 최대주주ㆍ대표이사ㆍ대표집행임원의 상장법인 최대주주 이력</span> </td> 
         </tr> 
         <tr> 
          <td rowspan="2" width="67"> <span style="width:67px;font-size:10pt;text-align:center;">성명</span> </td> 
          <td rowspan="2" width="90"> <span style="width:90px;font-size:10pt;text-align:center;">회사명</span> </td> 
          <td rowspan="2" width="98"> <span style="width:98px;font-size:10pt;text-align:center;">상장여부</span> </td> 
          <td rowspan="2" width="100"> <span style="width:100px;font-size:10pt;text-align:center;">상장폐지일 (상장폐지된 법인의 경우)</span> </td> 
          <td colspan="2" width="180"> <span style="width:180px;font-size:10pt;text-align:center;">최대주주에 해당하는 기간</span> </td> 
          <td rowspan="2" width="61"> <span style="width:61px;font-size:10pt;text-align:center;">비고</span> </td> 
         </tr> 
         <tr> 
          <td width="90"> <span style="width:90px;font-size:10pt;text-align:center;">시작일</span> </td> 
          <td width="90"> <span style="width:90px;font-size:10pt;text-align:center;">종료일</span> </td> 
         </tr> 
         <tr> 
          <td width="67"> <span class="xforms_input" style="width:67px;font-size:10pt;">오정강</span> </td> 
          <td width="90"> <span class="xforms_input" style="width:90px;font-size:10pt;">(주)엔켐</span> </td> 
          <td width="98"> <span class="xforms_input" style="width:98px;font-size:10pt;">상장(코스닥)</span> </td> 
          <td width="100"> <span class="xforms_input" style="width:100px;font-size:10pt;">-</span> </td> 
          <td width="90"> <span class="xforms_input" style="width:90px;font-size:10pt;">2023-04-12</span> </td> 
          <td width="90"> <span class="xforms_input" style="width:90px;font-size:10pt;">-</span> </td> 
          <td width="61"> <span class="xforms_input" style="width:61px;font-size:10pt;">-</span> </td> 
         </tr> 
        </tbody> 
       </table> 
       <table border="1" bordercolordark="white" bordercolorlight="#666666" cellpadding="1" cellspacing="0" id="XFormG2_Form0_RepeatTable1" style="margin:0px 0px 20px 0px;width:596px;font-size:10pt;border:1px solid #7f7f7f;"> 
        <tbody> 
         <tr> 
          <td colspan="4" width="596"> <span style="width:596px;font-size:10pt;">2. 주요 재무사항 등 (단위 : 백만원)</span> </td> 
         </tr> 
         <tr> 
          <td width="149"> <span style="width:149px;font-size:10pt;text-align:center;">해당 사업연도</span> </td> 
          <td width="149"> <span class="xforms_input" style="width:149px;font-size:10pt;">2024</span> </td> 
          <td width="149"> <span style="width:149px;font-size:10pt;text-align:center;">결산기</span> </td> 
          <td width="149"> <span class="xforms_input" style="width:149px;font-size:10pt;">13기</span> </td> 
         </tr> 
         <tr> 
          <td width="149"> <span style="width:149px;font-size:10pt;text-align:center;">자산총계</span> </td> 
          <td width="149"> <span class="xforms_input" style="width:149px;font-size:10pt;text-align:right;">1,126,930</span> </td> 
          <td width="149"> <span style="width:149px;font-size:10pt;text-align:center;">자본금</span> </td> 
          <td width="149"> <span class="xforms_input" style="width:149px;font-size:10pt;text-align:right;">10,555</span> </td> 
         </tr> 
         <tr> 
          <td width="149"> <span style="width:149px;font-size:10pt;text-align:center;">부채총계</span> </td> 
          <td width="149"> <span class="xforms_input" style="width:149px;font-size:10pt;text-align:right;">660,117</span> </td> 
          <td width="149"> <span style="width:149px;font-size:10pt;text-align:center;">매출액</span> </td> 
          <td width="149"> <span class="xforms_input" style="width:149px;font-size:10pt;text-align:right;">365,709</span> </td> 
         </tr> 
         <tr> 
          <td width="149"> <span style="width:149px;font-size:10pt;text-align:center;">자본총계</span> </td> 
          <td width="149"> <span class="xforms_input" style="width:149px;font-size:10pt;text-align:right;">466,813</span> </td> 
          <td width="149"> <span style="width:149px;font-size:10pt;text-align:center;">당기순손익</span> </td> 
          <td width="149"> <span class="xforms_input" style="width:149px;font-size:10pt;text-align:right;">-571,164</span> </td> 
         </tr> 
         <tr> 
          <td width="149"> <span style="width:149px;font-size:10pt;text-align:center;">외부감사인</span> </td> 
          <td width="149"> <span class="xforms_input" style="width:149px;font-size:10pt;">현대회계법인</span> </td> 
          <td width="149"> <span style="width:149px;font-size:10pt;text-align:center;">휴업 여부</span> </td> 
          <td width="149"> <span class="xforms_input" style="width:149px;font-size:10pt;">아니오</span> </td> 
         </tr> 
         <tr> 
          <td width="149"> <span style="width:149px;font-size:10pt;text-align:center;">감사의견</span> </td> 
          <td width="149"> <span class="xforms_input" style="width:149px;font-size:10pt;">적정의견</span> </td> 
          <td width="149"> <span style="width:149px;font-size:10pt;text-align:center;">폐업 여부</span> </td> 
          <td width="149"> <span class="xforms_input" style="width:149px;font-size:10pt;">아니오</span> </td> 
         </tr> 
         <tr> 
          <td colspan="4" width="596"> <span style="width:596px;font-size:10pt;">3. 당해 상장법인과의 관계</span> </td> 
         </tr> 
         <tr> 
          <td colspan="2" width="298"> <span style="width:298px;font-size:10pt;">- 상장법인과 최대주주(법인)와의 관계</span> </td> 
          <td colspan="2" width="298"> <span class="xforms_input" style="width:298px;font-size:10pt;">최대주주</span> </td> 
         </tr> 
         <tr> 
          <td colspan="2" width="298"> <span style="width:298px;font-size:10pt;">- 상장법인의 임원 등과 최대주주(법인)와의 관계</span> </td> 
          <td width="149"> <span style="width:149px;font-size:10pt;text-align:center;">성명</span> </td> 
          <td width="149"> <span style="width:149px;font-size:10pt;text-align:center;">최대주주(법인)와의 관계</span> </td> 
         </tr> 
         <tr> 
          <td colspan="2" width="298"> <span class="xforms_input" style="width:298px;font-size:10pt;">-</span> </td> 
          <td width="149"> <span class="xforms_input" style="width:149px;font-size:10pt;">-</span> </td> 
          <td width="149"> <span class="xforms_input" style="width:149px;font-size:10pt;">-</span> </td> 
         </tr> 
         <tr> 
          <td colspan="4" width="596"> <span style="width:596px;font-size:10pt;">4. 당해 상장법인과의 최대주주(법인)간 최근 3년 거래내역(일상적 거래 제외)</span> </td> 
         </tr> 
         <tr> 
          <td width="149"> <span style="width:149px;font-size:10pt;text-align:center;">구분</span> </td> 
          <td colspan="3" width="447"> <span style="width:447px;font-size:10pt;text-align:center;">거래 내역</span> </td> 
         </tr> 
         <tr> 
          <td width="149"> <span style="width:149px;font-size:10pt;text-align:center;">당해년도</span> </td> 
          <td colspan="3" width="447"> <span class="xforms_input" style="width:447px;font-size:10pt;">-</span> </td> 
         </tr> 
         <tr> 
          <td width="149"> <span style="width:149px;font-size:10pt;text-align:center;">전년도</span> </td> 
          <td colspan="3" width="447"> <span class="xforms_input" style="width:447px;font-size:10pt;">-</span> </td> 
         </tr> 
         <tr> 
          <td width="149"> <span style="width:149px;font-size:10pt;text-align:center;">전전년도</span> </td> 
          <td colspan="3" width="447"> <span class="xforms_input" style="width:447px;font-size:10pt;">2023년 7월 7일 제14회 전환사채 인수(220억)</span> </td> 
         </tr> 
        </tbody> 
       </table> 
      </div> 
     </div> 
    </div> 
    <span class="noprint" style="display:none;width:600px;font-size:10pt;"> </span> 
    <span class="noprint" style="display:none;width:600px;font-size:10pt;"> </span> 
    <span class="noprint" style="display:none;width:600px;font-size:10pt;"> </span> 
    <span class="noprint" style="display:none;width:600px;font-size:10pt;"> </span> 
   </div> 
  </div>  
 </body>
</html>