<html>
 <head> 
  <meta content="gdi" http-equiv="X-UA-TextLayoutMetrics"> 
  <meta content="text/html; charset=euc-kr" http-equiv="Content-Type"> 
  <STYLE>
.xforms * { font-family: 돋움체;}
.xforms_title * { font-size: 13pt; padding : 0 0 10 0;}

.xforms table {
    font-size: 10px;
    padding:0px;
    border-collapse:collapse;
    color: #3D3D3D;
}
.xforms td {
    padding-left:0px;
    padding-top:0px;
    border-collapse:collapse;
    line-height:22px;
    color: #3D3D3D;
    /*text-align:right;*/
    vertical-align:middle;
    border: 1px solid #7f7f7f;
}

.xforms span {
    /*display: inline-block;*/
    padding-left:3px;
    padding-right: 1px;
    line-height:22px;
    padding-top:0px;
    padding-bottom:0px;
    text-align:left;
    vertical-align:middle;
    border: 0px solid #DBDBDB;
}

.xforms.img{
    border : 0px;
}

.xforms a:link {

    color: #194866;
    text-decoration: none;
}
.xforms a:active {

    color: #194866;
    text-decoration: none;
}
.xforms a:visited {
    color: #194866;
    text-decoration: none;
}

.xforms A:hover {
    color:008BE3;
    text-decoration: none;
}

.xforms_input{
    border: 0px solid #DBDBDB;
    padding-left:3px;
    padding-right: 1px;
    height:22px;
    padding-top:0px;
    padding-bottom:0px;
    text-align:left;
}
</STYLE> 
  <title>소프트캠프/영업(잠정)실적(공정공시)/(2026.01.06)영업(잠정)실적(공정공시)</title> 
 </head> 
 <body> 
  <div class="xforms"> 
   <div> 
    <span class="noprint" style="display:none;width:600px;font-size:10pt;"> </span> 
    <div class="xforms_title"> 
     <div> 
      <span style="width:592px;font-weight:bold;text-align:center;">영업(잠정)실적(공정공시)</span> 
     </div> 
    </div> 
    <span class="noprint" style="display:none;width:600px;font-size:10pt;"> </span> 
    <table border="1" bordercolordark="white" bordercolorlight="#666666" cellpadding="1" cellspacing="0" id="XFormD1_Form0_Table0" style="margin:0px 0px 20px 0px;width:599px;font-size:10pt;border:1px solid #7f7f7f;"> 
     <tbody> 
      <tr> 
       <td colspan="4" width="599"> <span style="width:599px;font-size:10pt;">실적기간</span> </td> 
      </tr> 
      <tr> 
       <td width="205"> <span style="width:205px;font-size:10pt;">당기실적</span> </td> 
       <td width="183"> <span class="xforms_input" style="width:183px;font-size:10pt;">2025-10-01</span> </td> 
       <td width="24"> <span style="width:24px;font-size:10pt;text-align:center;">~</span> </td> 
       <td width="187"> <span class="xforms_input" style="width:187px;font-size:10pt;">2025-12-31</span> </td> 
      </tr> 
      <tr> 
       <td width="205"> <span style="width:205px;font-size:10pt;">전기실적</span> </td> 
       <td width="183"> <span class="xforms_input" style="width:183px;font-size:10pt;">2025-07-01</span> </td> 
       <td width="24"> <span style="width:24px;font-size:10pt;text-align:center;">~</span> </td> 
       <td width="187"> <span class="xforms_input" style="width:187px;font-size:10pt;">2025-09-30</span> </td> 
      </tr> 
      <tr> 
       <td width="205"> <span style="width:205px;font-size:10pt;">전년동기실적</span> </td> 
       <td width="183"> <span class="xforms_input" style="width:183px;font-size:10pt;">2024-10-01</span> </td> 
       <td width="24"> <span style="width:24px;font-size:10pt;text-align:center;">~</span> </td> 
       <td width="187"> <span class="xforms_input" style="width:187px;font-size:10pt;">2024-12-31</span> </td> 
      </tr> 
      <tr> 
       <td width="205"> <span style="width:205px;font-size:10pt;">당기누계실적</span> </td> 
       <td width="183"> <span class="xforms_input" style="width:183px;font-size:10pt;">2025-01-01</span> </td> 
       <td width="24"> <span style="width:24px;font-size:10pt;text-align:center;">~</span> </td> 
       <td width="187"> <span class="xforms_input" style="width:187px;font-size:10pt;">2025-12-31</span> </td> 
      </tr> 
      <tr> 
       <td width="205"> <span style="width:205px;font-size:10pt;">전년동기누적실적</span> </td> 
       <td width="183"> <span class="xforms_input" style="width:183px;font-size:10pt;">2024-01-01</span> </td> 
       <td width="24"> <span style="width:24px;font-size:10pt;text-align:center;">~</span> </td> 
       <td width="187"> <span class="xforms_input" style="width:187px;font-size:10pt;">2024-12-31</span> </td> 
      </tr> 
     </tbody> 
    </table> 
    <table border="1" bordercolordark="white" bordercolorlight="#666666" cellpadding="1" cellspacing="0" id="XFormD1_Form0_RepeatTable0" style="margin:0px 0px 20px 0px;width:600px;font-size:10pt;border:1px solid #7f7f7f;"> 
     <tbody> 
      <tr> 
       <td colspan="9" width="600"> <span style="width:600px;font-size:10pt;">※ 당해 정보는 확정치가 아닌 잠정치로 결산 결과 등에 따라 변경될 수 있음.</span> </td> 
      </tr> 
      <tr> 
       <td colspan="9" width="600"> <span style="width:600px;font-size:10pt;">1. 실적내용</span> </td> 
      </tr> 
      <tr> 
       <td colspan="2" rowspan="2" width="161"> <span style="width:161px;font-size:10pt;text-align:center;">구분 (단위:백만원, %)</span> </td> 
       <td width="75"> <span style="width:75px;font-size:10pt;text-align:center;">당기실적</span> </td> 
       <td width="76"> <span style="width:76px;font-size:10pt;text-align:center;">전기실적</span> </td> 
       <td colspan="2" width="112"> <span style="width:112px;font-size:10pt;text-align:center;">전기대비</span> </td> 
       <td width="63"> <span style="width:63px;font-size:10pt;text-align:center;">전년동기실적</span> </td> 
       <td colspan="2" width="113"> <span style="width:113px;font-size:10pt;text-align:center;">전년동기대비</span> </td> 
      </tr> 
      <tr> 
       <td width="75"> <span class="xforms_input" style="width:75px;font-size:10pt;text-align:center;">(25년4분기)</span> </td> 
       <td width="76"> <span class="xforms_input" style="width:76px;font-size:10pt;text-align:center;">(25년3분기)</span> </td> 
       <td width="48"> <span style="width:48px;font-size:10pt;text-align:center;">증감율(%)</span> </td> 
       <td width="64"> <span style="width:64px;font-size:10pt;text-align:center;">흑자적자전환여부</span> </td> 
       <td width="63"> <span class="xforms_input" style="width:63px;font-size:10pt;text-align:center;">(24년4분기)</span> </td> 
       <td width="47"> <span style="width:47px;font-size:10pt;text-align:center;">증감율(%)</span> </td> 
       <td width="66"> <span style="width:66px;font-size:10pt;text-align:center;">흑자적자전환여부</span> </td> 
      </tr> 
      <tr> 
       <td rowspan="2" width="89"> <span style="width:89px;font-size:10pt;">매출액</span> </td> 
       <td width="72"> <span style="width:72px;font-size:10pt;">당해실적</span> </td> 
       <td width="75"> <span class="xforms_input" style="width:75px;font-size:10pt;text-align:right;">9,414</span> </td> 
       <td width="76"> <span class="xforms_input" style="width:76px;font-size:10pt;text-align:right;">6,339</span> </td> 
       <td width="48"> <span class="xforms_input" style="width:48px;font-size:10pt;text-align:right;">48.5</span> </td> 
       <td width="64"> <span class="xforms_input" style="width:64px;font-size:10pt;">-</span> </td> 
       <td width="63"> <span class="xforms_input" style="width:63px;font-size:10pt;text-align:right;">5,916</span> </td> 
       <td width="47"> <span class="xforms_input" style="width:47px;font-size:10pt;text-align:right;">59.1</span> </td> 
       <td width="66"> <span class="xforms_input" style="width:66px;font-size:10pt;">-</span> </td> 
      </tr> 
      <tr> 
       <td width="72"> <span style="width:72px;font-size:10pt;">누계실적</span> </td> 
       <td width="75"> <span class="xforms_input" style="width:75px;font-size:10pt;text-align:right;">24,763</span> </td> 
       <td width="76"> <span style="width:76px;font-size:10pt;text-align:right;">-</span> </td> 
       <td width="48"> <span style="width:48px;font-size:10pt;text-align:right;">-</span> </td> 
       <td width="64"> <span style="width:64px;font-size:10pt;">-</span> </td> 
       <td width="63"> <span class="xforms_input" style="width:63px;font-size:10pt;text-align:right;">16,603</span> </td> 
       <td width="47"> <span class="xforms_input" style="width:47px;font-size:10pt;text-align:right;">49.1</span> </td> 
       <td width="66"> <span class="xforms_input" style="width:66px;font-size:10pt;">-</span> </td> 
      </tr> 
      <tr> 
       <td rowspan="2" width="89"> <span style="width:89px;font-size:10pt;">영업이익</span> </td> 
       <td width="72"> <span style="width:72px;font-size:10pt;">당해실적</span> </td> 
       <td width="75"> <span class="xforms_input" style="width:75px;font-size:10pt;text-align:right;">2,730</span> </td> 
       <td width="76"> <span class="xforms_input" style="width:76px;font-size:10pt;text-align:right;">692</span> </td> 
       <td width="48"> <span class="xforms_input" style="width:48px;font-size:10pt;text-align:right;">294.2</span> </td> 
       <td width="64"> <span class="xforms_input" style="width:64px;font-size:10pt;">-</span> </td> 
       <td width="63"> <span class="xforms_input" style="width:63px;font-size:10pt;text-align:right;">1,337</span> </td> 
       <td width="47"> <span class="xforms_input" style="width:47px;font-size:10pt;text-align:right;">104.2</span> </td> 
       <td width="66"> <span class="xforms_input" style="width:66px;font-size:10pt;">-</span> </td> 
      </tr> 
      <tr> 
       <td width="72"> <span style="width:72px;font-size:10pt;">누계실적</span> </td> 
       <td width="75"> <span class="xforms_input" style="width:75px;font-size:10pt;text-align:right;">3,320</span> </td> 
       <td width="76"> <span style="width:76px;font-size:10pt;text-align:right;">-</span> </td> 
       <td width="48"> <span style="width:48px;font-size:10pt;text-align:right;">-</span> </td> 
       <td width="64"> <span style="width:64px;font-size:10pt;">-</span> </td> 
       <td width="63"> <span class="xforms_input" style="width:63px;font-size:10pt;text-align:right;">-1,434</span> </td> 
       <td width="47"> <span class="xforms_input" style="width:47px;font-size:10pt;text-align:right;">-</span> </td> 
       <td width="66"> <span class="xforms_input" style="width:66px;font-size:10pt;">흑자전환</span> </td> 
      </tr> 
      <tr> 
       <td rowspan="2" width="89"> <span style="width:89px;font-size:10pt;">법인세비용차감전계속사업이익</span> </td> 
       <td width="72"> <span style="width:72px;font-size:10pt;">당해실적</span> </td> 
       <td width="75"> <span class="xforms_input" style="width:75px;font-size:10pt;text-align:right;">1,941</span> </td> 
       <td width="76"> <span class="xforms_input" style="width:76px;font-size:10pt;text-align:right;">555</span> </td> 
       <td width="48"> <span class="xforms_input" style="width:48px;font-size:10pt;text-align:right;">249.6</span> </td> 
       <td width="64"> <span class="xforms_input" style="width:64px;font-size:10pt;">-</span> </td> 
       <td width="63"> <span class="xforms_input" style="width:63px;font-size:10pt;text-align:right;">866</span> </td> 
       <td width="47"> <span class="xforms_input" style="width:47px;font-size:10pt;text-align:right;">124.1</span> </td> 
       <td width="66"> <span class="xforms_input" style="width:66px;font-size:10pt;">-</span> </td> 
      </tr> 
      <tr> 
       <td width="72"> <span style="width:72px;font-size:10pt;">누계실적</span> </td> 
       <td width="75"> <span class="xforms_input" style="width:75px;font-size:10pt;text-align:right;">2,384</span> </td> 
       <td width="76"> <span style="width:76px;font-size:10pt;text-align:right;">-</span> </td> 
       <td width="48"> <span style="width:48px;font-size:10pt;text-align:right;">-</span> </td> 
       <td width="64"> <span style="width:64px;font-size:10pt;">-</span> </td> 
       <td width="63"> <span class="xforms_input" style="width:63px;font-size:10pt;text-align:right;">293</span> </td> 
       <td width="47"> <span class="xforms_input" style="width:47px;font-size:10pt;text-align:right;">713.9</span> </td> 
       <td width="66"> <span class="xforms_input" style="width:66px;font-size:10pt;">-</span> </td> 
      </tr> 
      <tr> 
       <td rowspan="2" width="89"> <span style="width:89px;font-size:10pt;">당기순이익</span> </td> 
       <td width="72"> <span style="width:72px;font-size:10pt;">당해실적</span> </td> 
       <td width="75"> <span class="xforms_input" style="width:75px;font-size:10pt;text-align:right;">1,521</span> </td> 
       <td width="76"> <span class="xforms_input" style="width:76px;font-size:10pt;text-align:right;">555</span> </td> 
       <td width="48"> <span class="xforms_input" style="width:48px;font-size:10pt;text-align:right;">174.0</span> </td> 
       <td width="64"> <span class="xforms_input" style="width:64px;font-size:10pt;">-</span> </td> 
       <td width="63"> <span class="xforms_input" style="width:63px;font-size:10pt;text-align:right;">866</span> </td> 
       <td width="47"> <span class="xforms_input" style="width:47px;font-size:10pt;text-align:right;">75.6</span> </td> 
       <td width="66"> <span class="xforms_input" style="width:66px;font-size:10pt;">-</span> </td> 
      </tr> 
      <tr> 
       <td width="72"> <span style="width:72px;font-size:10pt;">누계실적</span> </td> 
       <td width="75"> <span class="xforms_input" style="width:75px;font-size:10pt;text-align:right;">1,904</span> </td> 
       <td width="76"> <span style="width:76px;font-size:10pt;text-align:right;">-</span> </td> 
       <td width="48"> <span style="width:48px;font-size:10pt;text-align:right;">-</span> </td> 
       <td width="64"> <span style="width:64px;font-size:10pt;">-</span> </td> 
       <td width="63"> <span class="xforms_input" style="width:63px;font-size:10pt;text-align:right;">293</span> </td> 
       <td width="47"> <span class="xforms_input" style="width:47px;font-size:10pt;text-align:right;">549.9</span> </td> 
       <td width="66"> <span class="xforms_input" style="width:66px;font-size:10pt;">-</span> </td> 
      </tr> 
      <tr> 
       <td colspan="2" width="161"> <span class="xforms_input" style="width:161px;font-size:10pt;">-</span> </td> 
       <td width="75"> <span class="xforms_input" style="width:75px;font-size:10pt;text-align:right;">-</span> </td> 
       <td width="76"> <span class="xforms_input" style="width:76px;font-size:10pt;text-align:right;">-</span> </td> 
       <td width="48"> <span class="xforms_input" style="width:48px;font-size:10pt;text-align:right;">-</span> </td> 
       <td width="64"> <span class="xforms_input" style="width:64px;font-size:10pt;">-</span> </td> 
       <td width="63"> <span class="xforms_input" style="width:63px;font-size:10pt;text-align:right;">-</span> </td> 
       <td width="47"> <span class="xforms_input" style="width:47px;font-size:10pt;text-align:right;">-</span> </td> 
       <td width="66"> <span class="xforms_input" style="width:66px;font-size:10pt;">-</span> </td> 
      </tr> 
      <tr> 
       <td colspan="2" rowspan="5" width="161"> <span style="width:161px;font-size:10pt;">2. 정보제공내역</span> </td> 
       <td colspan="2" width="151"> <span style="width:151px;font-size:10pt;">정보제공자</span> </td> 
       <td colspan="5" width="288"> <span class="xforms_input" style="width:288px;font-size:10pt;">소프트캠프(주)</span> </td> 
      </tr> 
      <tr> 
       <td colspan="2" width="151"> <span style="width:151px;font-size:10pt;">정보제공대상자</span> </td> 
       <td colspan="5" width="288"> <span class="xforms_input" style="width:288px;font-size:10pt;">기관투자자,일반투자자,애널리스트,언론기관 등</span> </td> 
      </tr> 
      <tr> 
       <td colspan="2" width="151"> <span style="width:151px;font-size:10pt;">정보제공(예정)일자</span> </td> 
       <td colspan="5" width="288"> <span class="xforms_input" style="width:288px;font-size:10pt;">공정공시 이후 수시 제공</span> </td> 
      </tr> 
      <tr> 
       <td colspan="2" width="151"> <span style="width:151px;font-size:10pt;">정보제공(예정)시간</span> </td> 
       <td colspan="5" width="288"> <span class="xforms_input" style="width:288px;font-size:10pt;">-</span> </td> 
      </tr> 
      <tr> 
       <td colspan="2" width="151"> <span style="width:151px;font-size:10pt;">행사명(장소)</span> </td> 
       <td colspan="5" width="288"> <span class="xforms_input" style="width:288px;font-size:10pt;">-</span> </td> 
      </tr> 
      <tr> 
       <td colspan="2" rowspan="6" width="161"> <span style="width:161px;font-size:10pt;">3. 연락처</span> </td> 
       <td colspan="2" width="151"> <span style="width:151px;font-size:10pt;">공시책임자(성명)</span> </td> 
       <td colspan="5" width="288"> <span class="xforms_input" style="width:288px;font-size:10pt;">이정훈 상무</span> </td> 
      </tr> 
      <tr> 
       <td colspan="2" width="151"> <span style="width:151px;font-size:10pt;">공시책임자(전화번호)</span> </td> 
       <td colspan="5" width="288"> <span class="xforms_input" style="width:288px;font-size:10pt;">02-2219-2413</span> </td> 
      </tr> 
      <tr> 
       <td colspan="2" width="151"> <span style="width:151px;font-size:10pt;">공시담당자(성명)</span> </td> 
       <td colspan="5" width="288"> <span class="xforms_input" style="width:288px;font-size:10pt;">양미랑 팀장</span> </td> 
      </tr> 
      <tr> 
       <td colspan="2" width="151"> <span style="width:151px;font-size:10pt;">공시담당자(전화번호)</span> </td> 
       <td colspan="5" width="288"> <span class="xforms_input" style="width:288px;font-size:10pt;">02-2219-2416</span> </td> 
      </tr> 
      <tr> 
       <td colspan="2" width="151"> <span style="width:151px;font-size:10pt;">관련부서명</span> </td> 
       <td colspan="5" width="288"> <span class="xforms_input" style="width:288px;font-size:10pt;">경영관리본부</span> </td> 
      </tr> 
      <tr> 
       <td colspan="2" width="151"> <span style="width:151px;font-size:10pt;">관련부서(전화번호)</span> </td> 
       <td colspan="5" width="288"> <span class="xforms_input" style="width:288px;font-size:10pt;">02-2219-2416</span> </td> 
      </tr> 
      <tr> 
       <td colspan="2" rowspan="2" width="161"> <span style="width:161px;font-size:10pt;">4. 기타 투자판단에 참고할 사항</span> </td> 
       <td colspan="7" width="439"> <span class="xforms_input" style="width:439px;font-size:10pt;">- 상기 영업실적은 한국채택국제회계기준(K-IFRS)에 따라 작성된 별도재무제표 기준 실적입니다. <br xmlns:java="http://xml.apache.org/xalan/java"> <br xmlns:java="http://xml.apache.org/xalan/java">- 상기 내용은 내부 결산이사회 및 외부 감사인의 검토(감사)의견이 반영되지 않은 내부 결산자료이며 투자자의 편의를 위해 제공되는 자료로서 향후 변동될 수 있음에 유의하시기 바랍니다.</span> </td> 
      </tr> 
      <tr> 
       <td colspan="2" width="151"> <span style="width:151px;font-size:10pt;">관련공시</span> </td> 
       <td colspan="5" width="288"> <span class="xforms_input" style="width:288px;font-size:10pt;">-</span> </td> 
      </tr> 
     </tbody> 
    </table> 
   </div> 
  </div>  
 </body>
</html>