<html>
 <head> 
  <meta content="gdi" http-equiv="X-UA-TextLayoutMetrics"> 
  <meta content="text/html; charset=euc-kr" http-equiv="Content-Type"> 
  <STYLE>
.xforms * { font-family: 돋움체;}
.xforms_title * { font-size: 13pt; padding : 0 0 10 0;}

.xforms table {
    font-size: 10px;
    padding:0px;
    border-collapse:collapse;
    color: #3D3D3D;
}
.xforms td {
    padding-left:0px;
    padding-top:0px;
    border-collapse:collapse;
    line-height:22px;
    color: #3D3D3D;
    /*text-align:right;*/
    vertical-align:middle;
    border: 1px solid #7f7f7f;
}

.xforms span {
    /*display: inline-block;*/
    padding-left:3px;
    padding-right: 1px;
    line-height:22px;
    padding-top:0px;
    padding-bottom:0px;
    text-align:left;
    vertical-align:middle;
    border: 0px solid #DBDBDB;
}

.xforms.img{
    border : 0px;
}

.xforms a:link {

    color: #194866;
    text-decoration: none;
}
.xforms a:active {

    color: #194866;
    text-decoration: none;
}
.xforms a:visited {
    color: #194866;
    text-decoration: none;
}

.xforms A:hover {
    color:008BE3;
    text-decoration: none;
}

.xforms_input{
    border: 0px solid #DBDBDB;
    padding-left:3px;
    padding-right: 1px;
    height:22px;
    padding-top:0px;
    padding-bottom:0px;
    text-align:left;
}
</STYLE> 
  <title>조이웍스앤코/대표이사변경/(2026.01.07)대표이사변경</title> 
 </head> 
 <body> 
  <div class="xforms"> 
   <div> 
    <span class="noprint" style="display:none;width:600px;font-size:10pt;"> </span> 
    <div class="xforms_title"> 
     <div> 
      <span style="width:600px;font-weight:bold;text-align:center;">대표이사 변경</span> 
     </div> 
    </div> 
    <span class="noprint" style="display:none;width:600px;font-size:10pt;"> </span> 
    <table border="1" bordercolordark="white" bordercolorlight="#666666" cellpadding="1" cellspacing="0" id="XFormD1_Form0_Table0" style="margin:0px 0px 20px 0px;width:600px;font-size:10pt;border:1px solid #7f7f7f;"> 
     <tbody> 
      <tr> 
       <td rowspan="2" width="132"> <span style="width:132px;font-size:10pt;">1. 변경내용</span> </td> 
       <td width="153"> <span style="width:153px;font-size:10pt;text-align:center;">변경전 대표이사</span> </td> 
       <td colspan="2" width="315"> <span class="xforms_input" style="width:315px;font-size:10pt;">조성환, 송윤섭 (각자대표이사)</span> </td> 
      </tr> 
      <tr> 
       <td width="153"> <span style="width:153px;font-size:10pt;text-align:center;">변경후 대표이사</span> </td> 
       <td colspan="2" width="315"> <span class="xforms_input" style="width:315px;font-size:10pt;">송윤섭 (단독대표이사)</span> </td> 
      </tr> 
      <tr> 
       <td colspan="2" width="285"> <span style="width:285px;font-size:10pt;">2. 변경사유</span> </td> 
       <td colspan="2" width="315"> <span class="xforms_input" style="width:315px;font-size:10pt;">조성환 대표이사 사임</span> </td> 
      </tr> 
      <tr> 
       <td colspan="2" width="285"> <span style="width:285px;font-size:10pt;">3. 변경일</span> </td> 
       <td colspan="2" width="315"> <span class="xforms_input" style="width:315px;font-size:10pt;">2026-01-07</span> </td> 
      </tr> 
      <tr> 
       <td colspan="2" width="285"> <span style="width:285px;font-size:10pt;">4. 이사회결의일</span> </td> 
       <td colspan="2" width="315"> <span class="xforms_input" style="width:315px;font-size:10pt;">-</span> </td> 
      </tr> 
      <tr> 
       <td rowspan="2" width="132"> <span style="width:132px;font-size:10pt;">-사외이사 참석여부</span> </td> 
       <td width="153"> <span style="width:153px;font-size:10pt;text-align:center;">참석(명)</span> </td> 
       <td colspan="2" width="315"> <span class="xforms_input" style="width:315px;font-size:10pt;text-align:right;">-</span> </td> 
      </tr> 
      <tr> 
       <td width="153"> <span style="width:153px;font-size:10pt;text-align:center;">불참(명)</span> </td> 
       <td colspan="2" width="315"> <span class="xforms_input" style="width:315px;font-size:10pt;text-align:right;">-</span> </td> 
      </tr> 
      <tr> 
       <td colspan="2" width="285"> <span style="width:285px;font-size:10pt;">-감사(사외이사가 아닌 감사위원) 참석여부</span> </td> 
       <td colspan="2" width="315"> <span class="xforms_input" style="width:315px;font-size:10pt;">-</span> </td> 
      </tr> 
      <tr> 
       <td colspan="4" width="600"> <span style="width:600px;font-size:10pt;">5. 기타 투자판단과 관련한 중요사항</span> </td> 
      </tr> 
      <tr> 
       <td colspan="4" width="600"> <span class="xforms_input" style="width:600px;font-size:10pt;">- 조성환 대표이사는 일신상 사유로 대표이사직을 사임하였으며, 이에 송윤섭 단독 <br xmlns:java="http://xml.apache.org/xalan/java">대표이사 체제로 변경되었습니다. <br xmlns:java="http://xml.apache.org/xalan/java">
         <!--?javax.xml.transform.disable-output-escaping?--> 
         <!--?javax.xml.transform.enable-output-escaping?--> <br xmlns:java="http://xml.apache.org/xalan/java">
         <!--?javax.xml.transform.disable-output-escaping?--> 
         <!--?javax.xml.transform.enable-output-escaping?-->- 3. 변경일은 조성환 대표이사의 사임서 제출일입니다.</span> </td> 
      </tr> 
      <tr> 
       <td width="132"> <span style="width:132px;font-size:10pt;">※ 관련공시</span> </td> 
       <td colspan="3" width="468"> <span class="xforms_input" style="width:468px;font-size:10pt;">-</span> </td> 
      </tr> 
     </tbody> 
    </table> 
    <span style="width:600px;font-size:11pt;font-weight:bold;">변경후 대표이사 전체 내역</span> 
    <table border="1" bordercolordark="white" bordercolorlight="#666666" cellpadding="1" cellspacing="0" id="XFormD2_Form0_RepeatTable0" style="margin:0px 0px 20px 0px;width:600px;border:1px solid #7f7f7f;"> 
     <tbody> 
      <tr> 
       <td width="100"> <span style="width:100px;font-size:10pt;text-align:center;">성명</span> </td> 
       <td width="100"> <span style="width:100px;font-size:10pt;text-align:center;">생년월일</span> </td> 
       <td width="130"> <span style="width:130px;font-size:10pt;text-align:center;">최대주주와의 관계</span> </td> 
       <td width="94"> <span style="width:94px;font-size:10pt;text-align:center;">주식수(주)</span> </td> 
       <td width="89"> <span style="width:89px;font-size:10pt;text-align:center;">지분비율(%)</span> </td> 
       <td width="87"> <span style="width:87px;font-size:10pt;text-align:center;">비고</span> </td> 
      </tr> 
      <tr> 
       <td width="100"> <span class="xforms_input" style="width:100px;font-size:10pt;">송윤섭</span> </td> 
       <td width="100"> <span class="xforms_input" style="width:100px;font-size:10pt;">1970-10-12</span> </td> 
       <td width="130"> <span class="xforms_input" style="width:130px;font-size:10pt;">대표이사</span> </td> 
       <td width="94"> <span class="xforms_input" style="width:94px;font-size:10pt;text-align:right;">-</span> </td> 
       <td width="89"> <span class="xforms_input" style="width:89px;font-size:10pt;text-align:right;">-</span> </td> 
       <td width="87"> <span class="xforms_input" style="width:87px;font-size:10pt;">-</span> </td> 
      </tr> 
     </tbody> 
    </table> 
    <span style="width:600px;font-size:11pt;font-weight:bold;">주요경력</span> 
    <table border="1" bordercolordark="white" bordercolorlight="#666666" cellpadding="1" cellspacing="0" id="XFormD2_Form0_RepeatTable2" style="margin:0px 0px 20px 0px;width:600px;font-size:10pt;border:1px solid #7f7f7f;"> 
     <tbody> 
      <tr> 
       <td width="75"> <span style="width:75px;font-size:10pt;text-align:center;">성명</span> </td> 
       <td width="75"> <span style="width:75px;font-size:10pt;text-align:center;">회사명</span> </td> 
       <td width="89"> <span style="width:89px;font-size:10pt;text-align:center;">상장여부</span> </td> 
       <td width="78"> <span style="width:78px;font-size:10pt;text-align:center;">상장폐지일(상장폐지된 법인의 경우)</span> </td> 
       <td width="64"> <span style="width:64px;font-size:10pt;text-align:center;">직위</span> </td> 
       <td width="78"> <span style="width:78px;font-size:10pt;text-align:center;">입사연월일</span> </td> 
       <td width="77"> <span style="width:77px;font-size:10pt;text-align:center;">퇴사연월일</span> </td> 
       <td width="64"> <span style="width:64px;font-size:10pt;text-align:center;">비고</span> </td> 
      </tr> 
      <tr> 
       <td width="75"> <span class="xforms_input" style="width:75px;font-size:10pt;">송윤섭</span> </td> 
       <td width="75"> <span class="xforms_input" style="width:75px;font-size:10pt;">대진대학교</span> </td> 
       <td width="89"> <span class="xforms_input" style="width:89px;font-size:10pt;">비상장</span> </td> 
       <td width="78"> <span class="xforms_input" style="width:78px;font-size:10pt;">-</span> </td> 
       <td width="64"> <span class="xforms_input" style="width:64px;font-size:10pt;">부교수</span> </td> 
       <td width="78"> <span class="xforms_input" style="width:78px;font-size:10pt;">2020-09-01</span> </td> 
       <td width="77"> <span class="xforms_input" style="width:77px;font-size:10pt;">2025-08-31</span> </td> 
       <td width="64"> <span class="xforms_input" style="width:64px;font-size:10pt;">-</span> </td> 
      </tr> 
     </tbody> 
    </table> 
   </div> 
  </div>  
 </body>
</html>