<?xml version="1.0" encoding="utf-8"?>


<DOCUMENT xmlns:xsi="http://www.w3.org/2001/XMLSchema-instance" xsi:noNamespaceSchemaLocation="dart4.xsd">

<DOCUMENT-NAME ACODE="11306">주요사항보고서(유상증자결정)</DOCUMENT-NAME>
<FORMULA-VERSION ADATE="20251230">6.3</FORMULA-VERSION>
<COMPANY-NAME AREGCIK="01263527">(주)카이노스메드</COMPANY-NAME>


<BODY ATOCID="3">

<LIBRARY>
<CORRECTION>
<TITLE ATOC="Y" AASSOCNOTE="CORRECTION" ENG="Report of Disclosure Revision" ATOCID="3">정 정 신 고 (보고)</TITLE>

<TABLE ACLASS="NORMAL" AFIXTABLE="Y" WIDTH="600" BORDER="0">

<COLGROUP WIDTH="600">
<COL WIDTH="600"></COL>
</COLGROUP>

<TBODY>

<TR ACOPY="N" ADELETE="N" HEIGHT="30">
<TD WIDTH="591" HEIGHT="23"></TD>
</TR>

<TR ACOPY="N" ADELETE="N" HEIGHT="30">
<TD WIDTH="591" HEIGHT="23" ALIGN="RIGHT">2026년 01월 05일</TD>
</TR>
</TBODY>
</TABLE>
<P></P>
<P></P>

<TABLE ACLASS="NORMAL" AFIXTABLE="Y" WIDTH="600" BORDER="0">

<COLGROUP WIDTH="600">
<COL WIDTH="165"></COL>
<COL WIDTH="435"></COL>
</COLGROUP>

<TBODY>

<TR ACOPY="N" ADELETE="N" HEIGHT="30">
<TD WIDTH="156" VALIGN="MIDDLE" AUPDATECONT="N" ENG="1. Disclosure document to be revised:" HEIGHT="23">1. 정정대상 공시서류 :</TD>
<TD WIDTH="426" VALIGN="MIDDLE" HEIGHT="23">주요사항보고서 / 거래소 신고의무 사항</TD>
</TR>
</TBODY>
</TABLE>
<P></P>

<TABLE ACLASS="NORMAL" AFIXTABLE="Y" WIDTH="600" BORDER="0">

<COLGROUP WIDTH="600">
<COL WIDTH="260"></COL>
<COL WIDTH="340"></COL>
</COLGROUP>

<TBODY>

<TR ACOPY="N" ADELETE="N" HEIGHT="30">
<TD WIDTH="251" VALIGN="MIDDLE" AUPDATECONT="N" ENG="2. First submission date of disclosure document to be revised:" HEIGHT="23">2. 정정대상 공시서류의 최초제출일 :</TD>
<TD WIDTH="331" VALIGN="MIDDLE" HEIGHT="23">2024년 12월 20일</TD>
</TR>
</TBODY>
</TABLE>
<P></P>

<TABLE ACLASS="NORMAL" AFIXTABLE="Y" WIDTH="600" BORDER="0">

<COLGROUP WIDTH="600">
<COL WIDTH="600"></COL>
</COLGROUP>

<TBODY>

<TR ACOPY="N" ADELETE="N" HEIGHT="30">
<TD WIDTH="591" HEIGHT="23" VALIGN="MIDDLE" AUPDATECONT="N" ENG="3. Revised Information">3. 정정사항</TD>
</TR>
</TBODY>
</TABLE>

<TABLE ACLASS="NORMAL" AFIXTABLE="N" WIDTH="600" BORDER="1">

<COLGROUP WIDTH="600">
<COL WIDTH="150"></COL>
<COL WIDTH="150"></COL>
<COL WIDTH="150"></COL>
<COL WIDTH="150"></COL>
</COLGROUP>

<THEAD>

<TR ACOPY="N" ADELETE="N" HEIGHT="30">
<TH WIDTH="141" VALIGN="MIDDLE" ACOPYCOL="N" ADELETECOL="N" AMOVECOL="N" AUPDATECONT="N" ENG="Items" HEIGHT="23">항  목</TH>
<TH WIDTH="141" VALIGN="MIDDLE" ACOPYCOL="N" ADELETECOL="N" AMOVECOL="N" AUPDATECONT="N" ENG="Reason for revision" HEIGHT="23">정정사유</TH>
<TH WIDTH="141" VALIGN="MIDDLE" ACOPYCOL="N" ADELETECOL="N" AMOVECOL="N" AUPDATECONT="N" ENG="Before revision" HEIGHT="23">정 정 전</TH>
<TH WIDTH="141" VALIGN="MIDDLE" ACOPYCOL="N" ADELETECOL="N" AMOVECOL="N" AUPDATECONT="N" ENG="After revision" HEIGHT="23">정 정 후</TH>
</TR>
</THEAD>

<TBODY>

<TR ACOPY="Y" ADELETE="Y" HEIGHT="30">
<TD WIDTH="141" HEIGHT="23">9. 납입일</TD>
<TD WIDTH="141" HEIGHT="23">일정변경</TD>
<TD ALIGN="CENTER" VALIGN="MIDDLE" WIDTH="141" HEIGHT="23" USERMARK="B 0X0000FF">2026년 01월 05일</TD>
<TD ALIGN="CENTER" VALIGN="MIDDLE" WIDTH="141" HEIGHT="23" USERMARK="B 0X5F2400">2026년 01월 23일</TD>
</TR>

<TR ACOPY="Y" ADELETE="Y" HEIGHT="53">
<TD WIDTH="141" HEIGHT="46">12. 신주의 상장 예정일</TD>
<TD WIDTH="141" HEIGHT="46">일정변경</TD>
<TD ALIGN="CENTER" VALIGN="MIDDLE" WIDTH="141" HEIGHT="46" USERMARK="B 0X0000FF">2026년 01월 30일</TD>
<TD ALIGN="CENTER" VALIGN="MIDDLE" WIDTH="141" HEIGHT="46" USERMARK="B 0X5F2400">2026년 02월 20일</TD>
</TR>

<TR ACOPY="Y" ADELETE="Y" HEIGHT="53">
<TD WIDTH="141" HEIGHT="46">20. 기타 투자판단에 참고할 사항</TD>
<TD WIDTH="141" HEIGHT="46">일정변경</TD>
<TD ALIGN="CENTER" VALIGN="MIDDLE" WIDTH="141" HEIGHT="46" USERMARK="B 0X120FC8">정정전1)</TD>
<TD ALIGN="CENTER" VALIGN="MIDDLE" WIDTH="141" HEIGHT="46" USERMARK="B 0X5F2400">정정후1)</TD>
</TR>
</TBODY>
</TABLE>

<P>
<SPAN USERMARK="B 0X120FC8">정정전 1)</SPAN>
</P>

<TABLE ACLASS="NORMAL" AFIXTABLE="N" WIDTH="600" BORDER="0">

<COLGROUP WIDTH="600">
<COL WIDTH="600"></COL>
</COLGROUP>

<TBODY>

<TR ACOPY="Y" ADELETE="Y" HEIGHT="30">
<TD WIDTH="591" HEIGHT="23">【운영자금ㆍ기타자금의 경우】</TD>
</TR>
</TBODY>
</TABLE>

<TABLE ACLASS="NORMAL" AFIXTABLE="N" WIDTH="600" BORDER="0">

<COLGROUP WIDTH="600">
<COL WIDTH="459"></COL>
<COL WIDTH="141"></COL>
</COLGROUP>

<TBODY>

<TR ACOPY="Y" ADELETE="Y" HEIGHT="30">
<TD WIDTH="450" HEIGHT="23" VALIGN="MIDDLE"></TD>
<TD WIDTH="132" HEIGHT="23" VALIGN="MIDDLE" ALIGN="RIGHT">(단위 : 백만원)</TD>
</TR>
</TBODY>
</TABLE>

<TABLE ACLASS="NORMAL" WIDTH="600" BORDER="1" AFIXTABLE="N">

<COLGROUP WIDTH="600">
<COL WIDTH="100"></COL>
<COL WIDTH="100"></COL>
<COL WIDTH="100"></COL>
<COL WIDTH="100"></COL>
<COL WIDTH="100"></COL>
<COL WIDTH="100"></COL>
</COLGROUP>

<TBODY>

<TR ACOPY="Y" ADELETE="Y" HEIGHT="30">
<TD ROWSPAN="2" ALIGN="CENTER" VALIGN="MIDDLE" WIDTH="91" HEIGHT="53">자금용도</TD>
<TD ROWSPAN="2" ALIGN="CENTER" VALIGN="MIDDLE" WIDTH="91" HEIGHT="53">세부내역*</TD>
<TD COLSPAN="4" ALIGN="CENTER" VALIGN="MIDDLE" WIDTH="391" HEIGHT="23">연도별 사용 예정 금액</TD>
</TR>

<TR ACOPY="Y" ADELETE="Y" HEIGHT="30">
<TD ALIGN="CENTER" VALIGN="MIDDLE" USERMARK="B 0X0000FF" WIDTH="91" HEIGHT="23">'25년</TD>
<TD ALIGN="CENTER" VALIGN="MIDDLE" USERMARK="B 0X0000FF" WIDTH="91" HEIGHT="23">'26년</TD>
<TD ALIGN="CENTER" VALIGN="MIDDLE" USERMARK="B 0X0000FF" WIDTH="91" HEIGHT="23">'27년 이후</TD>
<TD ALIGN="CENTER" VALIGN="MIDDLE" WIDTH="91" HEIGHT="23">합계</TD>
</TR>

<TR ACOPY="Y" ADELETE="Y" HEIGHT="53">
<TD ALIGN="CENTER" VALIGN="MIDDLE" WIDTH="91" HEIGHT="46">운영자금</TD>
<TD ALIGN="CENTER" VALIGN="MIDDLE" WIDTH="91" HEIGHT="46">연구개발비용 및 운영자금</TD>
<TD ALIGN="RIGHT" VALIGN="MIDDLE" USERMARK="B 0X0000FF" WIDTH="91" HEIGHT="46">3,497</TD>
<TD ALIGN="RIGHT" VALIGN="MIDDLE" USERMARK="B 0X0000FF" WIDTH="91" HEIGHT="46">5,000</TD>
<TD ALIGN="RIGHT" VALIGN="MIDDLE" USERMARK="B 0X0000FF" WIDTH="91" HEIGHT="46">6,000</TD>
<TD ALIGN="RIGHT" VALIGN="MIDDLE" WIDTH="91" HEIGHT="46">14,497</TD>
</TR>
</TBODY>
</TABLE>

<P>
<SPAN USERMARK="B 0X5F2400">정정후 1)</SPAN>
</P>

<TABLE ACLASS="NORMAL" AFIXTABLE="N" WIDTH="600" BORDER="0">

<COLGROUP WIDTH="600">
<COL WIDTH="600"></COL>
</COLGROUP>

<TBODY>

<TR ACOPY="Y" ADELETE="Y" HEIGHT="30">
<TD WIDTH="591" HEIGHT="23">【운영자금ㆍ기타자금의 경우】</TD>
</TR>
</TBODY>
</TABLE>

<TABLE ACLASS="NORMAL" AFIXTABLE="N" WIDTH="600" BORDER="0">

<COLGROUP WIDTH="600">
<COL WIDTH="459"></COL>
<COL WIDTH="141"></COL>
</COLGROUP>

<TBODY>

<TR ACOPY="Y" ADELETE="Y" HEIGHT="30">
<TD WIDTH="450" HEIGHT="23" VALIGN="MIDDLE"></TD>
<TD WIDTH="132" HEIGHT="23" VALIGN="MIDDLE" ALIGN="RIGHT">(단위 : 백만원)</TD>
</TR>
</TBODY>
</TABLE>

<TABLE ACLASS="NORMAL" WIDTH="600" BORDER="1" AFIXTABLE="N">

<COLGROUP WIDTH="600">
<COL WIDTH="100"></COL>
<COL WIDTH="100"></COL>
<COL WIDTH="100"></COL>
<COL WIDTH="100"></COL>
<COL WIDTH="100"></COL>
<COL WIDTH="100"></COL>
</COLGROUP>

<TBODY>

<TR ACOPY="Y" ADELETE="Y" HEIGHT="30">
<TD ROWSPAN="2" ALIGN="CENTER" VALIGN="MIDDLE" WIDTH="91" HEIGHT="53">자금용도</TD>
<TD ROWSPAN="2" ALIGN="CENTER" VALIGN="MIDDLE" WIDTH="91" HEIGHT="53">세부내역*</TD>
<TD COLSPAN="4" ALIGN="CENTER" VALIGN="MIDDLE" WIDTH="391" HEIGHT="23">연도별 사용 예정 금액</TD>
</TR>

<TR ACOPY="Y" ADELETE="Y" HEIGHT="30">
<TD ALIGN="CENTER" VALIGN="MIDDLE" WIDTH="91" HEIGHT="23" USERMARK="B 0X5F2400">'26년</TD>
<TD ALIGN="CENTER" VALIGN="MIDDLE" WIDTH="91" HEIGHT="23" USERMARK="B 0X5F2400">'27년</TD>
<TD ALIGN="CENTER" VALIGN="MIDDLE" WIDTH="91" HEIGHT="23" USERMARK="B 0X5F2400">'28년 이후</TD>
<TD ALIGN="CENTER" VALIGN="MIDDLE" WIDTH="91" HEIGHT="23">합계</TD>
</TR>

<TR ACOPY="Y" ADELETE="Y" HEIGHT="53">
<TD ALIGN="CENTER" VALIGN="MIDDLE" WIDTH="91" HEIGHT="46">운영자금</TD>
<TD ALIGN="CENTER" VALIGN="MIDDLE" WIDTH="91" HEIGHT="46">연구개발비용 및 운영자금</TD>
<TD ALIGN="RIGHT" VALIGN="MIDDLE" WIDTH="91" HEIGHT="46" USERMARK="B 0X5F2400">3,497</TD>
<TD ALIGN="RIGHT" VALIGN="MIDDLE" WIDTH="91" HEIGHT="46" USERMARK="B 0X5F2400">5,000</TD>
<TD ALIGN="RIGHT" VALIGN="MIDDLE" WIDTH="91" HEIGHT="46" USERMARK="B 0X5F2400">6,000</TD>
<TD ALIGN="RIGHT" VALIGN="MIDDLE" WIDTH="91" HEIGHT="46">14,497</TD>
</TR>
</TBODY>
</TABLE>
<P></P>
<PGBRK></PGBRK>
</CORRECTION>
</LIBRARY>


<LIBRARY>
<SECTION-1 ACLASS="MANDATORY" APARTSOURCE="SOURCE">
<TITLE ATOC="Y" AASSOCNOTE="D-0-0-0-0" ENG="Report on Major Issues／Reporting Obligations to the KRX" ATOCID="2">주요사항보고서 / 거래소 신고의무 사항</TITLE>

<TABLE ACLASS="NORMAL" AFIXTABLE="Y" WIDTH="600" BORDER="0">

<COLGROUP WIDTH="600">
<COL WIDTH="141"></COL>
<COL WIDTH="183"></COL>
<COL WIDTH="276"></COL>
</COLGROUP>

<TBODY>

<TR ACOPY="Y" ADELETE="Y" HEIGHT="30">
<TD COLSPAN="3" WIDTH="591" HEIGHT="23"></TD>
</TR>

<TR ACOPY="Y" ADELETE="Y" HEIGHT="53">
<TD COLSPAN="3" WIDTH="591" HEIGHT="46"></TD>
</TR>

<TR ACOPY="Y" ADELETE="Y" HEIGHT="30">
<TD COLSPAN="2" VALIGN="MIDDLE" WIDTH="315" HEIGHT="23">금융위원회 / 한국거래소 귀중</TD>
<TD ALIGN="RIGHT" VALIGN="MIDDLE" WIDTH="267" HEIGHT="23">  2024년     12월     20일</TD>
</TR>

<TR ACOPY="Y" ADELETE="Y" HEIGHT="53">
<TD COLSPAN="3" WIDTH="591" HEIGHT="46"></TD>
</TR>

<TR ACOPY="Y" ADELETE="Y" HEIGHT="30">
<TD WIDTH="132" HEIGHT="23">회     사     명  :</TD>
<TD COLSPAN="2" WIDTH="450" HEIGHT="23">주식회사 카이노스메드</TD>
</TR>

<TR ACOPY="Y" ADELETE="Y" HEIGHT="30">
<TD WIDTH="132" HEIGHT="23">대  표   이  사  :</TD>
<TD COLSPAN="2" WIDTH="450" HEIGHT="23">이기섭</TD>
</TR>

<TR ACOPY="Y" ADELETE="Y" HEIGHT="30">
<TD WIDTH="132" HEIGHT="23">본 점  소 재 지 :</TD>
<TD COLSPAN="2" WIDTH="450" HEIGHT="23">경기도 성남시 분당구 대왕판교로700 코리아바이오파크 A동 3층</TD>
</TR>

<TR ACOPY="Y" ADELETE="Y" HEIGHT="30">
<TD WIDTH="132" HEIGHT="23"></TD>
<TD COLSPAN="2" WIDTH="450" HEIGHT="23">(전  화)02-567-7419</TD>
</TR>

<TR ACOPY="Y" ADELETE="Y" HEIGHT="30">
<TD WIDTH="132" HEIGHT="23"></TD>
<TD COLSPAN="2" WIDTH="450" HEIGHT="23">(홈페이지)http://www.kainosmedicine.com</TD>
</TR>

<TR ACOPY="Y" ADELETE="Y" HEIGHT="30">
<TD WIDTH="132" HEIGHT="23"></TD>
<TD COLSPAN="2" WIDTH="450" HEIGHT="23"></TD>
</TR>

<TR ACOPY="Y" ADELETE="Y" HEIGHT="30">
<TD COLSPAN="3" WIDTH="591" HEIGHT="23"></TD>
</TR>

<TR ACOPY="Y" ADELETE="Y" HEIGHT="30">
<TD COLSPAN="3" WIDTH="591" HEIGHT="23"></TD>
</TR>

<TR ACOPY="Y" ADELETE="Y" HEIGHT="30">
<TD WIDTH="132" HEIGHT="23">작 성 책 임 자 :</TD>
<TD WIDTH="174" HEIGHT="23">(직  책) 대표이사     </TD>
<TD WIDTH="267" HEIGHT="23">(성  명)이 기 섭</TD>
</TR>

<TR ACOPY="Y" ADELETE="Y" HEIGHT="30">
<TD WIDTH="132" HEIGHT="23"></TD>
<TD COLSPAN="2" WIDTH="450" HEIGHT="23">(전  화)02-567-7417</TD>
</TR>

<TR ACOPY="Y" ADELETE="Y" HEIGHT="30">
<TD COLSPAN="3" WIDTH="591" HEIGHT="23"></TD>
</TR>
</TBODY>
</TABLE>
<P></P>
<PGBRK></PGBRK>
</SECTION-1>
</LIBRARY>


<SECTION-1 ACLASS="MANDATORY" APARTSOURCE="SOURCE">
<TITLE ATOC="Y" AASSOCNOTE="D-0-1-0-0" ENG="Decision on Paid-In Capital Increase" ATOCID="1">유상증자 결정</TITLE>
<P></P>

<TABLE-GROUP ACLASS="CST_CNT" ADELETETABLE="N">

<TABLE ACLASS="EXTRACTION" AFIXTABLE="Y" WIDTH="600" BORDER="1">

<COLGROUP WIDTH="600">
<COL WIDTH="160"></COL>
<COL WIDTH="172"></COL>
<COL WIDTH="268"></COL>
</COLGROUP>

<TBODY>

<TR ACOPY="Y" ADELETE="Y" HEIGHT="30">
<TD ROWSPAN="2" VALIGN="MIDDLE" WIDTH="151" HEIGHT="53" AUPDATECONT="N" ENG="1. Class and number of new shares">1. 신주의 종류와 수</TD>
<TD ALIGN="CENTER" WIDTH="163" HEIGHT="23" AUPDATECONT="N" ENG="Common stock (shrs.)">보통주식 (주)</TD>
<TE ALIGN="RIGHT" WIDTH="259" HEIGHT="23" ACODE="CST_CNT">  5,696,267</TE>
</TR>

<TR ACOPY="Y" ADELETE="Y" HEIGHT="30">
<TD ALIGN="CENTER" WIDTH="163" HEIGHT="23" AUPDATECONT="N" ENG="Different classes of stocks (shrs.)">기타주식 (주)</TD>
<TE ALIGN="RIGHT" WIDTH="259" HEIGHT="23" ACODE="PST_CNT">-</TE>
</TR>

<TR ACOPY="Y" ADELETE="Y" HEIGHT="30">
<TD COLSPAN="2" WIDTH="323" HEIGHT="23" AUPDATECONT="N" ENG="2. Par value per share (KRW)">2. 1주당 액면가액 (원)</TD>
<TE ALIGN="RIGHT" WIDTH="259" HEIGHT="23" ACODE="FVAL">500</TE>
</TR>

<TR ACOPY="Y" ADELETE="Y" HEIGHT="30">
<TD ROWSPAN="2" VALIGN="MIDDLE" WIDTH="151" HEIGHT="53" AUPDATECONT="N" ENG="3. Total number of shares issued before capital increase (shrs.)">3. 증자전     발행주식총수 (주)</TD>
<TD ALIGN="CENTER" WIDTH="163" HEIGHT="23" AUPDATECONT="N" ENG="Common stock (shrs.)">보통주식 (주)</TD>
<TE ALIGN="RIGHT" WIDTH="259" HEIGHT="23" ACODE="BFR_CST_CNT">28,180,793</TE>
</TR>

<TR ACOPY="Y" ADELETE="Y" HEIGHT="30">
<TD ALIGN="CENTER" WIDTH="163" HEIGHT="23" AUPDATECONT="N" ENG="Different classes of stocks (shrs.)">기타주식 (주)</TD>
<TE ALIGN="RIGHT" WIDTH="259" HEIGHT="23" ACODE="BFR_PST_CNT">-</TE>
</TR>

<TR ACOPY="Y" ADELETE="Y" HEIGHT="30">
<TD ROWSPAN="6" VALIGN="MIDDLE" WIDTH="151" HEIGHT="196" AUPDATECONT="N" ENG="4. Purpose of funding">4. 자금조달의 목적</TD>
<TD ALIGN="CENTER" WIDTH="163" HEIGHT="23" AUPDATECONT="N" ENG="Facility investment (KRW)">시설자금 (원)</TD>
<TE ALIGN="RIGHT" WIDTH="259" HEIGHT="23" ACODE="FND_USE1">-</TE>
</TR>

<TR ACOPY="Y" ADELETE="Y" HEIGHT="30">
<TD ALIGN="CENTER" WIDTH="163" HEIGHT="23" AUPDATECONT="N" ENG="Business acquisition (KRW)">영업양수자금 (원)</TD>
<TE ALIGN="RIGHT" WIDTH="259" HEIGHT="23" ACODE="FND_USE_SQ">-</TE>
</TR>

<TR ACOPY="Y" ADELETE="Y" HEIGHT="30">
<TD ALIGN="CENTER" VALIGN="MIDDLE" WIDTH="163" HEIGHT="23" AUPDATECONT="N" ENG="Operating capital (KRW)">운영자금 (원)</TD>
<TE ALIGN="RIGHT" WIDTH="259" HEIGHT="23" ACODE="FND_USE2">14,496,999,515</TE>
</TR>

<TR ACOPY="Y" ADELETE="Y" HEIGHT="30">
<TD ALIGN="CENTER" VALIGN="MIDDLE" WIDTH="163" HEIGHT="23" AUPDATECONT="N" ENG="Debt repayment (KRW)">채무상환자금 (원)</TD>
<TE ALIGN="RIGHT" WIDTH="259" HEIGHT="23" ACODE="FND_USE_RD">-</TE>
</TR>

<TR ACOPY="Y" ADELETE="Y" HEIGHT="53">
<TD ALIGN="CENTER" VALIGN="MIDDLE" WIDTH="163" HEIGHT="46" AUPDATECONT="N" ENG="Acquisition of securities issued by other corporations (KRW)">타법인 증권취득자금 (원)</TD>
<TE ALIGN="RIGHT" VALIGN="MIDDLE" WIDTH="259" HEIGHT="46" ACODE="ANC_ACQ_AMT">-</TE>
</TR>

<TR ACOPY="Y" ADELETE="Y" HEIGHT="30">
<TD ALIGN="CENTER" WIDTH="163" HEIGHT="23" AUPDATECONT="N" ENG="Other purposes (KRW)">기타자금 (원)</TD>
<TE ALIGN="RIGHT" WIDTH="259" HEIGHT="23" ACODE="FND_USE3">-</TE>
</TR>

<TR ACOPY="Y" ADELETE="Y" HEIGHT="30">
<TD COLSPAN="2" VALIGN="MIDDLE" WIDTH="323" HEIGHT="23" AUPDATECONT="N" ENG="5. Capital increase method">5. 증자방식</TD>
<TU ALIGN="CENTER" WIDTH="259" HEIGHT="23" AUNIT="CI_MTH" AUNITVALUE="6" ENG="Capital increase by third-party allotment">제3자배정증자</TU>
</TR>
</TBODY>
</TABLE>
</TABLE-GROUP>
<P>※ 기타주식에 관한 사항</P>

<TABLE-GROUP ACLASS="STO_ETC" ADELETETABLE="N">

<TABLE ACLASS="EXTRACTION" AFIXTABLE="Y" WIDTH="600" BORDER="1">

<COLGROUP WIDTH="600">
<COL WIDTH="235"></COL>
<COL WIDTH="365"></COL>
</COLGROUP>

<TBODY>

<TR ACOPY="N" ADELETE="N" HEIGHT="30">
<TD WIDTH="226" HEIGHT="23" AUPDATECONT="N" ENG="Basis in articles of incorporation">정관의 근거</TD>
<TE WIDTH="356" HEIGHT="23" VALIGN="MIDDLE" ACODE="AOI_BAS">-</TE>
</TR>

<TR ACOPY="N" ADELETE="N" HEIGHT="30">
<TD WIDTH="226" HEIGHT="23" AUPDATECONT="N" ENG="Details of stocks">주식의 내용</TD>
<TE WIDTH="356" HEIGHT="23" VALIGN="MIDDLE" ACODE="STO_CNT">-</TE>
</TR>

<TR ACOPY="N" ADELETE="N" HEIGHT="30">
<TD WIDTH="226" HEIGHT="23" AUPDATECONT="N" ENG="Others">기타</TD>
<TE WIDTH="356" HEIGHT="23" VALIGN="MIDDLE" ACODE="ETC_CNT">-</TE>
</TR>
</TBODY>
</TABLE>
</TABLE-GROUP>

<P></P>

<LIBRARY>
<TABLE-GROUP ACLASS="THD_ASN_INC" ADELETETABLE="N">

<TABLE ACLASS="EXTRACTION" AFIXTABLE="Y" WIDTH="599" BORDER="1">

<COLGROUP WIDTH="599">
<COL WIDTH="149"></COL>
<COL WIDTH="200"></COL>
<COL WIDTH="89"></COL>
<COL WIDTH="161"></COL>
</COLGROUP>

<TBODY>

<TR ACOPY="N" ADELETE="N" HEIGHT="30">
<TD ROWSPAN="2" VALIGN="MIDDLE" WIDTH="140" HEIGHT="53" AUPDATECONT="N" ENG="6. Issuing price of new shares">6. 신주 발행가액</TD>
<TD ALIGN="CENTER" WIDTH="191" HEIGHT="23" AUPDATECONT="N" ENG="Common stock (KRW)">보통주식 (원)</TD>
<TE ALIGN="RIGHT" WIDTH="241" HEIGHT="23" ACODE="CST_ISS_VAL" COLSPAN="2">2,545</TE>
</TR>

<TR ACOPY="N" ADELETE="N" HEIGHT="30">
<TD ALIGN="CENTER" WIDTH="191" HEIGHT="23" AUPDATECONT="N" ENG="Different classes of stocks (KRW)">기타주식 (원)</TD>
<TE ALIGN="RIGHT" WIDTH="241" HEIGHT="23" ACODE="PST_ISS_VAL" COLSPAN="2">-</TE>
</TR>

<TR ACOPY="N" ADELETE="N" HEIGHT="30">
<TD ROWSPAN="2" VALIGN="MIDDLE" WIDTH="140" HEIGHT="53" AUPDATECONT="N" ENG="7. Base stock price">7. 기준주가</TD>
<TD ALIGN="CENTER" WIDTH="191" HEIGHT="23" AUPDATECONT="N" ENG="Common stock (KRW)">보통주식 (원)</TD>
<TE ALIGN="RIGHT" WIDTH="241" HEIGHT="23" ACODE="CST_STD_VAL" COLSPAN="2">2,823</TE>
</TR>

<TR ACOPY="N" ADELETE="N" HEIGHT="30">
<TD ALIGN="CENTER" WIDTH="191" HEIGHT="23" AUPDATECONT="N" ENG="Different classes of stocks (KRW)">기타주식 (원)</TD>
<TE ALIGN="RIGHT" WIDTH="241" HEIGHT="23" ACODE="PST_STD_VAL" COLSPAN="2">-</TE>
</TR>

<TR ACOPY="N" ADELETE="N" HEIGHT="99">
<TD COLSPAN="2" WIDTH="340" HEIGHT="92" AUPDATECONT="N" ENG="7-1. Base stock price calculation method">7-1. 기준주가 산정방법</TD>
<TU WIDTH="241" HEIGHT="92" AUNIT="STD_MTH" AUNITVALUE="2" COLSPAN="2" ENG="Minimum value of the common stocks [the simple average, latest weighted arithmetic average stock price of the weighted arithmetic average stock price of the past one month / week / latest date, with the day before the date of board resolution as the record date]">최소값[이사회결의일 전일을 기산일로 하여 과거 1개월간ㆍ1주일간ㆍ최근일 가중산술평균주가의 단순평균, 최근일 가중산술평균주가]</TU>
</TR>

<TR ACOPY="N" ADELETE="N" HEIGHT="30">
<TD COLSPAN="2" WIDTH="340" HEIGHT="23" AUPDATECONT="N" ENG="7-2. Discount or premium ratio to the base stock price (%)">7-2. 기준주가에 대한 할인율 또는 할증율 (%)</TD>
<TE ALIGN="RIGHT" WIDTH="241" HEIGHT="23" ACODE="DC_RATE" COLSPAN="2">-10</TE>
</TR>

<TR ACOPY="N" ADELETE="N" HEIGHT="168">
<TD COLSPAN="2" WIDTH="340" HEIGHT="161" AUPDATECONT="N" ENG="7-3. Basis for the calculation of the discount ratio (Premium ratio)">7-3. 할인율(할증률) 산정 근거</TD>
<TE WIDTH="241" HEIGHT="161" ACODE="DC_RATE_RS" COLSPAN="2">「증권의 발행 및 공시등에 관한 규정」 제5-18조 유상증자의 발행가액 결정 규정에 따라 제3자배정 유상증자의 경우 기준주가에 10% 이내의 할인율을 정하여 발행가액을 산정할 수 있으며, 이사회 결의로 10% 할인율을 적용함.</TE>
</TR>

<TR ACOPY="N" ADELETE="N" HEIGHT="30">
<TD COLSPAN="2" WIDTH="340" HEIGHT="23" AUPDATECONT="N" ENG="8. Basis in articles of incorporation on third-party allotment">8. 제3자배정에 대한 정관의 근거</TD>
<TE WIDTH="241" HEIGHT="23" ACODE="ART_BAS" COLSPAN="2">정관 제9조제2항</TE>
</TR>

<TR ACOPY="N" ADELETE="N" HEIGHT="30">
<TD COLSPAN="2" WIDTH="340" HEIGHT="23" AUPDATECONT="N" ENG="9. Payment date">9. 납입일</TD>
<TU ALIGN="CENTER" WIDTH="241" HEIGHT="23" AUNIT="PYM_DT" AUNITVALUE="20260123" COLSPAN="2">2026년 01월 23일</TU>
</TR>

<TR ACOPY="N" ADELETE="N" HEIGHT="30">
<TD COLSPAN="2" WIDTH="340" HEIGHT="23" AUPDATECONT="N" ENG="10. Record date for dividend on new shares">10. 신주의 배당기산일</TD>
<TU ALIGN="CENTER" WIDTH="241" HEIGHT="23" AUNIT="DV_ST_DT" AUNITVALUE="20260101" COLSPAN="2">2026년 01월 01일</TU>
</TR>

<TR ACOPY="N" ADELETE="N" HEIGHT="30">
<TD COLSPAN="2" WIDTH="340" HEIGHT="23" AUPDATECONT="N" ENG="11. Scheduled delivery date of new share certificates">11. 신주권교부예정일</TD>
<TU ALIGN="CENTER" WIDTH="241" HEIGHT="23" AUNIT="NST_GV_DT" AUNITVALUE="-" COLSPAN="2">-</TU>
</TR>

<TR ACOPY="N" ADELETE="N" HEIGHT="30">
<TD COLSPAN="2" WIDTH="340" HEIGHT="23" AUPDATECONT="N" ENG="12. Scheduled listing date of new shares">12. 신주의 상장 예정일</TD>
<TU ALIGN="CENTER" WIDTH="241" HEIGHT="23" AUNIT="LST_PLN_DT" AUNITVALUE="20260220" COLSPAN="2">2026년 02월 20일</TU>
</TR>

<TR ACOPY="N" ADELETE="N" HEIGHT="30">
<TD COLSPAN="2" VALIGN="MIDDLE" WIDTH="340" HEIGHT="23" AUPDATECONT="N" ENG="13. Whether deemed a backdoor listing caused by contribution in kind">13. 현물출자로 인한 우회상장 해당여부</TD>
<TU ALIGN="CENTER" WIDTH="241" HEIGHT="23" AUNIT="PIN_BL_YN" AUNITVALUE="N" COLSPAN="2" ENG="No">아니오</TU>
</TR>

<TR ACOPY="N" ADELETE="N" HEIGHT="30">
<TD COLSPAN="2" VALIGN="MIDDLE" WIDTH="340" HEIGHT="23" AUPDATECONT="N" ENG="- Whether there is in kind contributions">   - 현물출자가 있는지 여부</TD>
<TU ALIGN="CENTER" WIDTH="241" HEIGHT="23" AUNIT="PIN_EXT_YN" AUNITVALUE="N" COLSPAN="2" ENG="No">아니오</TU>
</TR>

<TR ACOPY="N" ADELETE="N" HEIGHT="53">
<TD COLSPAN="2" VALIGN="MIDDLE" WIDTH="340" HEIGHT="46" AUPDATECONT="N" ENG="- Whether there are shares of stock-unlisted corporations among contribution in kind">   - 현물출자 재산 중 주권비상장법인주식이       있는지 여부</TD>
<TU ALIGN="CENTER" WIDTH="241" HEIGHT="46" AUNIT="PIN_SLC_YN" AUNITVALUE="N" COLSPAN="2" ENG="No">아니오</TU>
</TR>

<TR ACOPY="N" ADELETE="N" HEIGHT="30">
<TD ROWSPAN="2" VALIGN="MIDDLE" WIDTH="140" HEIGHT="76" AUPDATECONT="N" ENG="- Value of investment in kind for shares to be paid">   - 납입예정 주식의      현물출자 가액</TD>
<TD ALIGN="CENTER" VALIGN="MIDDLE" WIDTH="191" HEIGHT="23" AUPDATECONT="N" ENG="Value in kind contribution (KRW)">현물출자가액(원)</TD>
<TE ALIGN="CENTER" WIDTH="241" HEIGHT="23" ACODE="PIN_VAL" COLSPAN="2">-</TE>
</TR>

<TR ACOPY="N" ADELETE="N" HEIGHT="53">
<TD ALIGN="CENTER" VALIGN="MIDDLE" WIDTH="191" HEIGHT="46" AUPDATECONT="N" ENG="Ratio to the company’s total assets in the latest fiscal year (%)">당사 최근사업연도 자산총액 대비(%)</TD>
<TE ALIGN="CENTER" WIDTH="241" HEIGHT="46" ACODE="PIN_AST_RT" COLSPAN="2">-</TE>
</TR>

<TR ACOPY="N" ADELETE="N" HEIGHT="30">
<TD COLSPAN="2" VALIGN="MIDDLE" WIDTH="340" HEIGHT="23" AUPDATECONT="N" ENG="- Total number of shares to be paid">   - 납입예정 주식수</TD>
<TE ALIGN="CENTER" WIDTH="241" HEIGHT="23" ACODE="PAY_EXP_CNT" COLSPAN="2">-</TE>
</TR>

<TR ACOPY="N" ADELETE="N" HEIGHT="30">
<TD COLSPAN="2" VALIGN="MIDDLE" WIDTH="340" HEIGHT="23" AUPDATECONT="N" ENG="14. Whether satisfying backdoor listing requirements">14. 우회상장 요건 충족여부</TD>
<TU ALIGN="CENTER" WIDTH="241" HEIGHT="23" AUNIT="BL_CON_YN" AUNITVALUE="N" COLSPAN="2" ENG="No">아니오</TU>
</TR>

<TR ACOPY="N" ADELETE="N" HEIGHT="30">
<TD COLSPAN="2" VALIGN="MIDDLE" WIDTH="340" HEIGHT="23" AUPDATECONT="N" ENG="15. Board resolution date (decision date)">15. 이사회결의일(결정일)</TD>
<TU ALIGN="CENTER" WIDTH="241" HEIGHT="23" AUNIT="DRC_DT" AUNITVALUE="20241220" COLSPAN="2">2024년 12월 20일</TU>
</TR>

<TR ACOPY="N" ADELETE="N" HEIGHT="30">
<TD ROWSPAN="2" VALIGN="MIDDLE" WIDTH="140" HEIGHT="53" AUPDATECONT="N" ENG="- Attendance of outside directors">   - 사외이사      참석여부</TD>
<TD ALIGN="CENTER" WIDTH="191" HEIGHT="23" AUPDATECONT="N" ENG="Present (No.)">참석 (명)</TD>
<TE ALIGN="CENTER" WIDTH="241" HEIGHT="23" ACODE="ATD_CNT" COLSPAN="2">1</TE>
</TR>

<TR ACOPY="N" ADELETE="N" HEIGHT="30">
<TD ALIGN="CENTER" WIDTH="191" HEIGHT="23" AUPDATECONT="N" ENG="Absent (No.)">불참 (명)</TD>
<TE ALIGN="CENTER" WIDTH="241" HEIGHT="23" ACODE="NATD_CNT" COLSPAN="2">0</TE>
</TR>

<TR ACOPY="N" ADELETE="N" HEIGHT="30">
<TD COLSPAN="2" WIDTH="340" HEIGHT="23" AUPDATECONT="N" ENG="- Attendance of auditors (members of Audit Committee)">   - 감사(감사위원) 참석여부</TD>
<TU ALIGN="CENTER" WIDTH="241" HEIGHT="23" AUNIT="ADT_ATD_YN" AUNITVALUE="Y" COLSPAN="2" ENG="Present">참석</TU>
</TR>

<TR ACOPY="N" ADELETE="N" HEIGHT="30">
<TD COLSPAN="2" WIDTH="340" HEIGHT="23" AUPDATECONT="N" ENG="16. Whether subject to file securities registration statement">16. 증권신고서 제출대상 여부</TD>
<TU ALIGN="CENTER" WIDTH="241" HEIGHT="23" AUNIT="RPT_SM_YN" AUNITVALUE="N" COLSPAN="2" ENG="No">아니오</TU>
</TR>

<TR ACOPY="N" ADELETE="N" HEIGHT="30">
<TD COLSPAN="2" WIDTH="340" HEIGHT="23" AUPDATECONT="N" ENG="17. Reasons for exemption from filing securities registration statement, if exempted">17. 제출을 면제받은 경우 그 사유</TD>
<TE WIDTH="241" HEIGHT="23" ACODE="RPT_SBM" COLSPAN="2" ALIGN="CENTER" VALIGN="MIDDLE">사모(보호예수기간 1년)</TE>
</TR>

<TR ACOPY="N" ADELETE="N" HEIGHT="30">
<TD COLSPAN="2" VALIGN="MIDDLE" WIDTH="340" HEIGHT="83" AUPDATECONT="N" ROWSPAN="3" ENG="18. Short selling transaction period during which subscriptions are prohibited">18. 청약이 금지되는 공매도 거래 기간</TD>
<TD WIDTH="80" HEIGHT="23" ALIGN="CENTER" AUPDATECONT="N" ENG="Whether applicable">해당여부</TD>
<TU WIDTH="152" HEIGHT="23" ALIGN="CENTER" AUNIT="SSL_YN" AUNITVALUE="N" ENG="No">아니오</TU>
</TR>

<TR ACOPY="N" ADELETE="N" HEIGHT="30">
<TD WIDTH="80" HEIGHT="23" ALIGN="CENTER" AUPDATECONT="N" ENG="Start date">시작일</TD>
<TU WIDTH="152" HEIGHT="23" ALIGN="CENTER" AUNIT="SSL_BGN_DT" AUNITVALUE="-">-</TU>
</TR>

<TR ACOPY="N" ADELETE="N" HEIGHT="30">
<TD WIDTH="80" HEIGHT="23" ALIGN="CENTER" AUPDATECONT="N" ENG="End date">종료일</TD>
<TU WIDTH="152" HEIGHT="23" ALIGN="CENTER" AUNIT="SSL_END_DT" AUNITVALUE="-">-</TU>
</TR>

<TR ACOPY="N" ADELETE="N" HEIGHT="30">
<TD COLSPAN="2" WIDTH="340" HEIGHT="23" AUPDATECONT="N" ENG="19. Whether subject to the Fair Trade Commission reporting requirements">19. 공정거래위원회 신고대상 여부</TD>
<TU ALIGN="CENTER" WIDTH="241" HEIGHT="23" AUNIT="TRD_YN" AUNITVALUE="N" COLSPAN="2" ENG="Non-applicable">미해당</TU>
</TR>
</TBODY>
</TABLE>
</TABLE-GROUP>

<TABLE ACLASS="NORMAL" AFIXTABLE="Y" WIDTH="600" BORDER="0">

<COLGROUP WIDTH="600">
<COL WIDTH="600"></COL>
</COLGROUP>

<TBODY>

<TR ACOPY="N" ADELETE="N" HEIGHT="30">
<TD WIDTH="591" HEIGHT="23" AUPDATECONT="N" ENG="20. Other matters to be factored into investment decisions">20. 기타 투자판단에 참고할 사항</TD>
</TR>
</TBODY>
</TABLE>
<P></P>
<P>가. 신주의 청약일: 2024년 12월 20일</P>
<P>나. 주금납입처: 우리은행 판교벤처밸리지점다. 신주 발행가액 산정근거-「증권의 발행 및 공시 등에 관한 규정」 제5-18조제2항에 따라 본 신주 발행을 위한 이사회 결의일 전일을 기산일로 하여 과거 1개월 가중산술평균주가, 1주일간 가중산술평균주가 및 최근일 가중산술평균주가를 산술평균하여 산정한 가액과 최근일 가중산술평균주가 중 낮은 가액으로 하여 산출된 가액에 할인율 10.00%를 적용하여 산정한다(단, 호가단위 미만은 호가단위로 절상하기로 하며, 그 가액이 액면가액 미만인 경우 액면가액으로 한다)라. 기타사항- 상기 신주의 발행가액은 확정가액입니다.- 상기 사항은 주식발행업무, 유관기관과의 협의과정에서 변경될 수 있습니다.- 신주 발행에 관한 세부적인 사항은 대표이사에게 위임합니다.- 금번 유상증자로 발행될 주식은 한국예탁결제원에 전량 1년간 보호예수 예정입니다.- 2025.03.04 당사의 제3자배정 유상증자 결의에 따라, 해당 주금 납입 및 금번 신주 발행에 따른 주금납입 완료 시 당사의 최대주주는 이기섭(납입후 지분율 6.64%)에서 Chiron Global Group Pty Ltd. (납입후 지분율 14.25%)로 변경될 예정입니다. 이와 관련한 사항은 주금 납입 당일 별도로 공시할 예정입니다.</P>
<P></P>

<LIBRARY>
<P>▶기준주가로 최소값[이사회결의일 전일을 기산일로 하여 과거 1개월간ㆍ1주일간ㆍ최근일 가중산술평균주가의 단순평균, 최근일 가중산술평균주가] 이용시 다음표를 추가</P>

<TABLE-GROUP ACLASS="THD_STD_MTH2" ADELETETABLE="N">

<TABLE ACLASS="EXTRACTION" AFIXTABLE="Y" WIDTH="601" BORDER="0">

<COLGROUP WIDTH="601">
<COL WIDTH="302"></COL>
<COL WIDTH="299"></COL>
</COLGROUP>

<TBODY>

<TR ACOPY="N" ADELETE="N" HEIGHT="30">
<TD VALIGN="BOTTOM" WIDTH="293" HEIGHT="23" AUPDATECONT="N"></TD>
<TU ALIGN="RIGHT" VALIGN="BOTTOM" WIDTH="290" HEIGHT="23" AUNIT="STOCKWON" AUNITVALUE="1" ENG="(Unit: shares, KRW)">(단위 : 주, 원)</TU>
</TR>
</TBODY>
</TABLE>

<TABLE ACLASS="EXTRACTION" AFIXTABLE="Y" WIDTH="603" BORDER="1">

<COLGROUP WIDTH="603">
<COL WIDTH="268"></COL>
<COL WIDTH="84"></COL>
<COL WIDTH="121"></COL>
<COL WIDTH="130"></COL>
</COLGROUP>

<THEAD>

<TR ACOPY="N" ADELETE="N" HEIGHT="53">
<TH VALIGN="MIDDLE" WIDTH="259" HEIGHT="46" ACOPYCOL="N" ADELETECOL="N" AMOVECOL="N" AUPDATECONT="N" ENG="Category">구 분</TH>
<TH VALIGN="MIDDLE" WIDTH="75" HEIGHT="46" ACOPYCOL="N" ADELETECOL="N" AMOVECOL="N" AUPDATECONT="N" ENG="Transaction volume">거래량</TH>
<TH VALIGN="MIDDLE" WIDTH="112" HEIGHT="46" ACOPYCOL="N" ADELETECOL="N" AMOVECOL="N" AUPDATECONT="N" ENG="Transaction amount">거래대금</TH>
<TH VALIGN="MIDDLE" WIDTH="121" HEIGHT="46" ACOPYCOL="N" ADELETECOL="N" AMOVECOL="N" AUPDATECONT="N" ENG="Weighted arithmetic average stock price">가중산술평균주가</TH>
</TR>
</THEAD>

<TBODY>

<TR ACOPY="N" ADELETE="N" HEIGHT="30">
<TD VALIGN="MIDDLE" WIDTH="259" HEIGHT="23" AUPDATECONT="N" ENG="Weighted arithmetic average stock price of the past month (A)">과거 1개월간의 가중산술평균주가(A)</TD>
<TE ALIGN="RIGHT" VALIGN="MIDDLE" WIDTH="75" HEIGHT="23" ACODE="BSN_AMT_A">8,814,289</TE>
<TE ALIGN="RIGHT" VALIGN="MIDDLE" WIDTH="112" HEIGHT="23" ACODE="BSN_PRC_A">24,349,706,025</TE>
<TE ALIGN="RIGHT" VALIGN="MIDDLE" WIDTH="121" HEIGHT="23" ACODE="AVG_VAL_A">2,763</TE>
</TR>

<TR ACOPY="N" ADELETE="N" HEIGHT="30">
<TD VALIGN="MIDDLE" WIDTH="259" HEIGHT="23" AUPDATECONT="N" ENG="Weighted arithmetic average stock price of the past week (B)">과거 1주일간의 가중산술평균주가(B)</TD>
<TE ALIGN="RIGHT" VALIGN="MIDDLE" WIDTH="75" HEIGHT="23" ACODE="BSN_AMT_B">3,605,892</TE>
<TE ALIGN="RIGHT" VALIGN="MIDDLE" WIDTH="112" HEIGHT="23" ACODE="BSN_PRC_B">9,806,670,550</TE>
<TE ALIGN="RIGHT" VALIGN="MIDDLE" WIDTH="121" HEIGHT="23" ACODE="AVG_VAL_B">2,720</TE>
</TR>

<TR ACOPY="N" ADELETE="N" HEIGHT="30">
<TD VALIGN="MIDDLE" WIDTH="259" HEIGHT="23" AUPDATECONT="N" ENG="Weighted arithmetic average stock price of the latest date (C)">최근일 가중산술평균주가(C)</TD>
<TE ALIGN="RIGHT" VALIGN="MIDDLE" WIDTH="75" HEIGHT="23" ACODE="BSN_AMT_C">1,551,016</TE>
<TE ALIGN="RIGHT" VALIGN="MIDDLE" WIDTH="112" HEIGHT="23" ACODE="BSN_PRC_C">4,634,472,815</TE>
<TE ALIGN="RIGHT" VALIGN="MIDDLE" WIDTH="121" HEIGHT="23" ACODE="AVG_VAL_C">2,988</TE>
</TR>

<TR ACOPY="N" ADELETE="N" HEIGHT="30">
<TD COLSPAN="3" VALIGN="MIDDLE" WIDTH="464" HEIGHT="23" AUPDATECONT="N" ENG="Arithmetic average stock price (D) of (A), (B), (C)">(A),(B),(C)의 산술평균주가(D)</TD>
<TE ALIGN="RIGHT" VALIGN="MIDDLE" WIDTH="121" HEIGHT="23" ACODE="AVG_VAL_D">2,823</TE>
</TR>

<TR ACOPY="N" ADELETE="N" HEIGHT="30">
<TD COLSPAN="3" VALIGN="MIDDLE" WIDTH="464" HEIGHT="23" AUPDATECONT="N" ENG="Base stock price: Lower of (C) and (D)">기준주가 : (C)와(D)중 낮은 가액</TD>
<TE ALIGN="RIGHT" VALIGN="MIDDLE" WIDTH="121" HEIGHT="23" ACODE="STD_VAL">2,823</TE>
</TR>

<TR ACOPY="N" ADELETE="N" HEIGHT="30">
<TD COLSPAN="3" VALIGN="MIDDLE" WIDTH="464" HEIGHT="23" AUPDATECONT="N" ENG="Discount or premium ratio (%)">할인율 또는 할증률 (%)</TD>
<TE ALIGN="RIGHT" VALIGN="MIDDLE" WIDTH="121" HEIGHT="23" ACODE="DC_RATE">-10</TE>
</TR>

<TR ACOPY="N" ADELETE="N" HEIGHT="30">
<TD COLSPAN="3" VALIGN="MIDDLE" WIDTH="464" HEIGHT="23" AUPDATECONT="N" ENG="Issuing price">발행가액</TD>
<TE ALIGN="RIGHT" VALIGN="MIDDLE" WIDTH="121" HEIGHT="23" ACODE="ISS_VAL">2,545</TE>
</TR>
</TBODY>
</TABLE>
</TABLE-GROUP>
</LIBRARY>

<P></P>

<TABLE-GROUP ACLASS="THD_ASN_OBJ" ADELETETABLE="N">

<TABLE ACLASS="NORMAL" AFIXTABLE="Y" WIDTH="600" BORDER="0">

<COLGROUP WIDTH="600">
<COL WIDTH="600"></COL>
</COLGROUP>

<TBODY>

<TR ACOPY="N" ADELETE="N" HEIGHT="30">
<TD WIDTH="591" HEIGHT="23" AUPDATECONT="N" ENG="【Basis, Purpose, etc. of Third-party Allotment】">【제3자배정 근거, 목적 등】</TD>
</TR>
</TBODY>
</TABLE>

<TABLE ACLASS="EXTRACTION" AFIXTABLE="N" WIDTH="600" BORDER="1">

<COLGROUP WIDTH="600">
<COL WIDTH="300"></COL>
<COL WIDTH="300"></COL>
</COLGROUP>

<THEAD>

<TR ACOPY="N" ADELETE="N" HEIGHT="30">
<TH VALIGN="MIDDLE" WIDTH="291" HEIGHT="23" ACOPYCOL="N" ADELETECOL="N" AMOVECOL="N" AUPDATECONT="N" ENG="Basis in articles of incorporation on third-party allotment">제3자배정 근거가 되는 정관규정</TH>
<TH VALIGN="MIDDLE" WIDTH="291" HEIGHT="23" ACOPYCOL="N" ADELETECOL="N" AMOVECOL="N" AUPDATECONT="N" ENG="Purpose of capital increase by third-party allotment">제3자배정 증자의 목적</TH>
</TR>
</THEAD>

<TBODY>

<TR ACOPY="Y" ADELETE="N" HEIGHT="1341">
<TE WIDTH="291" HEIGHT="1334" ACODE="RULE">제9조 (신주인수권)1. 당회사의 신주발행에 있어서 그가 소유한 주식의 수에 비례하여 신주의 배정을 받을 권리를 갖는다.2. 1항의 규정에도 불구하고 다음 각 호의 경우에는 이사회의 결의로 주주 이외의 자에게 신주를 배정할 수 있다.① 발행주식총수의 100분의 50을 초과하지 않는 범위 내에서 자본시장과 금융투자업에 관한 법률에 따라 일반공모증자 방식으로 신주를 발행하는 경우② 발행하는 주식총수의 100분의 20 범위 내에서 우리사주조합원에게 주식을 우선 배정하는 경우③ 상법에 따른 주식매수선택권의 행사로 인하여 신주를 발행하는 경우④ 자본시장과 금융투자업에 관한 법률에 의하여 주식예탁증서(DR) 발행에 따라 신주를 발행하는 경우⑤ 경영상 필요로 외국인투자촉진법에 의한 외국인 투자를 위하여 신주를 발행하는 경우⑥ 발행주식총수의 100분의 20을 초과하지 않는 범위 내에서 회사가 첨단기술의 도입, 사업다각화, 해외진출, 원활한 자금조달 등 전략적 제휴를 위하여 상대회사에 신주를 발행하는 경우⑦ 발행주식총수의 100분의 20을 초과하지 않는 범위내에서 긴급한 자금조달을 위하여 국내외 금융기관 또는 기관투자자에게 신주를 발행하는 경우⑧ 발행주식총수의 100분의 20을 초과하지 않는 범위내에서 사업상 중요한 기술도입, 연구개발, 생산·판매·자본제휴를 위하여 그 상대방에게 신주를 발행하는 경우⑨ 주권을 유가증권 시장 또는 코스닥 시장에 상장하기 위하여 신주를 모집하거나 인수인에게 인수하게 하는 경우⑩ 증권 인수업무 등에 관한 규정 제10조의2(신주인수권)에 의거하여 신주를 발행하는 경우⑪ 중소기업창업지원법 및 벤처기업육성에 관한 특별법에 의하여 조성된 창업지원 기금의 관리기관이 출자하기 위하여 신주를 발행하는 경우3. 제2항 각 호 중 어느 하나의 규정에 의해 신주를 발행할 경우 발행할 주식의 종류와 수 및 발행가격 등은 이사회의 결의로 정한다.4. 주주가 신주인수권의 일부 또는 전부를 포기하거나 상실한 경우와 신주발행에 있어서 단주가 발생한 경우에는 그 처리방법은 이사회의 결의로 정한다.5. 제2항에 따라 주주 외의 자에게 신주를 배정하는 경우 회사는 상법 제416조제1호, 제2호, 제2호의2, 제3호 및 제4호에서 정하는 사항을 그 납입기일의 2주 전까지 주주에게 통지하거나 공고하여야 한다.</TE>
<TE WIDTH="291" HEIGHT="1334" ACODE="OBJ">연구개발비 등 운영자금</TE>
</TR>
</TBODY>
</TABLE>
</TABLE-GROUP>
<P></P>

<TABLE ACLASS="NORMAL" AFIXTABLE="Y" WIDTH="600" BORDER="0">

<COLGROUP WIDTH="600">
<COL WIDTH="600"></COL>
</COLGROUP>

<TBODY>

<TR ACOPY="N" ADELETE="N" HEIGHT="30">
<TD WIDTH="591" HEIGHT="23" AUPDATECONT="N" ENG="【Intended Use of Funds in Detail on third-party allotment】">【제3자배정 조달자금의 구체적 사용목적】</TD>
</TR>
</TBODY>
</TABLE>

<LIBRARY>
<TABLE-GROUP ACLASS="TBL_FND1" ADELETETABLE="N">

<TABLE ACLASS="NORMAL" AFIXTABLE="Y" WIDTH="600" BORDER="0">

<COLGROUP WIDTH="600">
<COL WIDTH="600"></COL>
</COLGROUP>

<TBODY>

<TR ACOPY="N" ADELETE="N" HEIGHT="30">
<TD WIDTH="591" HEIGHT="23" AUPDATECONT="N" ENG="[In the case of operating capital and other purposes]">【운영자금ㆍ기타자금의 경우】</TD>
</TR>
</TBODY>
</TABLE>

<TABLE ACLASS="EXTRACTION" AFIXTABLE="Y" WIDTH="600" BORDER="0">

<COLGROUP WIDTH="600">
<COL WIDTH="459"></COL>
<COL WIDTH="141"></COL>
</COLGROUP>

<TBODY>

<TR ACOPY="N" ADELETE="N" HEIGHT="30">
<TD WIDTH="450" HEIGHT="23" AUPDATECONT="N" VALIGN="MIDDLE"></TD>
<TU WIDTH="132" HEIGHT="23" VALIGN="MIDDLE" ALIGN="RIGHT" AUNIT="WON" AUNITVALUE="3" ENG="(Unit: KRW million)">(단위 : 백만원)</TU>
</TR>
</TBODY>
</TABLE>

<TABLE ACLASS="EXTRACTION" WIDTH="600" BORDER="1">

<COLGROUP WIDTH="600">
<COL WIDTH="100"></COL>
<COL WIDTH="100"></COL>
<COL WIDTH="100"></COL>
<COL WIDTH="100"></COL>
<COL WIDTH="100"></COL>
<COL WIDTH="100"></COL>
</COLGROUP>

<TBODY>

<TR ACOPY="N" ADELETE="N" HEIGHT="30">
<TD ROWSPAN="2" ALIGN="CENTER" VALIGN="MIDDLE" WIDTH="91" HEIGHT="53" AUPDATECONT="N" ENG="Purpose of fund use">자금용도</TD>
<TD ROWSPAN="2" ALIGN="CENTER" VALIGN="MIDDLE" WIDTH="91" HEIGHT="53" AUPDATECONT="N" ENG="Details*">세부내역*</TD>
<TD COLSPAN="4" ALIGN="CENTER" VALIGN="MIDDLE" WIDTH="391" HEIGHT="23" AUPDATECONT="N" ENG="Estimated amount to use by year">연도별 사용 예정 금액</TD>
</TR>

<TR ACOPY="N" ADELETE="N" HEIGHT="30">
<TE ALIGN="CENTER" VALIGN="MIDDLE" WIDTH="91" HEIGHT="23" ACODE="FND1_PRD1" USERMARK="B 0X5F2400">'26년</TE>
<TE ALIGN="CENTER" VALIGN="MIDDLE" WIDTH="91" HEIGHT="23" ACODE="FND1_PRD2" USERMARK="B 0X5F2400">'27년</TE>
<TE ALIGN="CENTER" VALIGN="MIDDLE" WIDTH="91" HEIGHT="23" ACODE="FND1_PRD3" USERMARK="B 0X5F2400">'28년 이후</TE>
<TD ALIGN="CENTER" VALIGN="MIDDLE" WIDTH="91" HEIGHT="23" AUPDATECONT="N" ENG="Total">합계</TD>
</TR>

<TR ACOPY="Y" ADELETE="N" HEIGHT="53">
<TU ALIGN="CENTER" VALIGN="MIDDLE" WIDTH="91" HEIGHT="46" AUNIT="FND1_PPS" AUNITVALUE="1" ENG="Operating capital">운영자금</TU>
<TE ALIGN="CENTER" VALIGN="MIDDLE" WIDTH="91" HEIGHT="46" ACODE="FND1_DTL">연구개발비용 및 운영자금</TE>
<TE ALIGN="RIGHT" VALIGN="MIDDLE" WIDTH="91" HEIGHT="46" ACODE="FND1_AMT1" USERMARK="B 0X5F2400">3,497</TE>
<TE ALIGN="RIGHT" VALIGN="MIDDLE" WIDTH="91" HEIGHT="46" ACODE="FND1_AMT2" USERMARK="B 0X5F2400">5,000</TE>
<TE ALIGN="RIGHT" VALIGN="MIDDLE" WIDTH="91" HEIGHT="46" ACODE="FND1_AMT3" USERMARK="B 0X5F2400">6,000</TE>
<TE ALIGN="RIGHT" VALIGN="MIDDLE" WIDTH="91" HEIGHT="46" ACODE="FND1_AMTT">14,497</TE>
</TR>
</TBODY>
</TABLE>
</TABLE-GROUP>
<P>* 다음 문구를 참고하여 운영ㆍ기타자금의 세부내역을 구체적으로 기재한다.</P>
<P>   (작성예시) '□□□ 공정기술 개발을 위한 연구개발비(인건비, 재료비) 투자'</P>
</LIBRARY>

<P></P>

<TABLE-GROUP ACLASS="THD_ASN_LST" ADELETETABLE="N">

<TABLE ACLASS="NORMAL" AFIXTABLE="Y" WIDTH="600" BORDER="0">

<COLGROUP WIDTH="600">
<COL WIDTH="600"></COL>
</COLGROUP>

<TBODY>

<TR ACOPY="N" ADELETE="N" HEIGHT="30">
<TD WIDTH="591" HEIGHT="23" AUPDATECONT="N" ENG="【Selection process, Transaction Details, Allotment Details, etc. per Third-party Allotment Participant】">【제3자배정 대상자별 선정경위, 거래내역, 배정내역 등】</TD>
</TR>
</TBODY>
</TABLE>

<TABLE ACLASS="EXTRACTION" AFIXTABLE="N" WIDTH="598" BORDER="1">

<COLGROUP WIDTH="598">
<COL WIDTH="77"></COL>
<COL WIDTH="77"></COL>
<COL WIDTH="177"></COL>
<COL WIDTH="104"></COL>
<COL WIDTH="83"></COL>
<COL WIDTH="80"></COL>
</COLGROUP>

<THEAD>

<TR ACOPY="N" ADELETE="N" HEIGHT="76">
<TH VALIGN="MIDDLE" WIDTH="68" HEIGHT="69" ACOPYCOL="N" ADELETECOL="N" AMOVECOL="N" AUPDATECONT="N" ENG="Name of the third-party allotment participants">제3자배정 대상자</TH>
<TH VALIGN="MIDDLE" WIDTH="68" HEIGHT="69" ACOPYCOL="N" ADELETECOL="N" AMOVECOL="N" AUPDATECONT="N" ENG="Relationship to company or the largest shareholder">회사 또는최대주주와의 관계</TH>
<TH VALIGN="MIDDLE" WIDTH="168" HEIGHT="69" ACOPYCOL="N" ADELETECOL="N" AMOVECOL="N" AUPDATECONT="N" ENG="Circumstances of selection">선정경위</TH>
<TH VALIGN="MIDDLE" WIDTH="95" HEIGHT="69" ACOPYCOL="N" ADELETECOL="N" AMOVECOL="N" AUPDATECONT="N" ENG="Details of trading & planning within six months before and after decision on capital increase">증자결정 전후 6월이내 거래내역 및 계획</TH>
<TH VALIGN="MIDDLE" WIDTH="74" HEIGHT="69" ACOPYCOL="N" ADELETECOL="N" AMOVECOL="N" AUPDATECONT="N" ENG="Total number of shares to be allocated (shrs.)">배정주식수 (주)</TH>
<TH VALIGN="MIDDLE" WIDTH="71" HEIGHT="69" ACOPYCOL="N" ADELETECOL="N" AMOVECOL="N" AUPDATECONT="N" ENG="Note">비 고</TH>
</TR>
</THEAD>

<TBODY>

<TR ACOPY="Y" ADELETE="N" HEIGHT="122">
<TE WIDTH="68" HEIGHT="115" ACODE="PART" USERMARK="F-12 ">Chiron Global Group Pty Ltd. </TE>
<TE WIDTH="68" HEIGHT="115" ACODE="RLT">-</TE>
<TE WIDTH="168" HEIGHT="115" ACODE="SLT_JDG">회사의 경영상 목적 달성과 신속한 자금조달을 위해 투자자의 의향, 납입 능력 및 시기 등을 고려하여 이사회에서 선정</TE>
<TE WIDTH="95" HEIGHT="115" ACODE="MNTH">-</TE>
<TE ALIGN="RIGHT" WIDTH="74" HEIGHT="115" ACODE="ALL_CNT">5,696,267</TE>
<TE WIDTH="71" HEIGHT="115" ACODE="ETC">1년간 한국예탁결제원에 보호예수</TE>
</TR>
</TBODY>
</TABLE>
</TABLE-GROUP>
<P></P>
<P></P>

<LIBRARY>
<TABLE ACLASS="NORMAL" AFIXTABLE="Y" WIDTH="600" BORDER="0">

<COLGROUP WIDTH="600">
<COL WIDTH="600"></COL>
</COLGROUP>

<TBODY>

<TR ACOPY="N" ADELETE="N" HEIGHT="30">
<TD WIDTH="591" HEIGHT="23" AUPDATECONT="N" ENG="【If a corporation or an organization is included among the third-party allotment participants】">【제3자배정 대상자 중 법인 또는 단체가 포함된 경우】</TD>
</TR>
</TBODY>
</TABLE>

<TABLE ACLASS="NORMAL" AFIXTABLE="Y" WIDTH="600" BORDER="0">

<COLGROUP WIDTH="600">
<COL WIDTH="300"></COL>
<COL WIDTH="300"></COL>
</COLGROUP>

<TBODY>

<TR ACOPY="N" ADELETE="N" HEIGHT="30">
<TD WIDTH="291" HEIGHT="23" AUPDATECONT="N" VALIGN="MIDDLE" ENG="(1) Basic information of the corporation or organization">(1) 법인 또는 단체의 기본정보</TD>
<TD WIDTH="291" HEIGHT="23" AUPDATECONT="N" VALIGN="MIDDLE" ALIGN="RIGHT"></TD>
</TR>
</TBODY>
</TABLE>

<TABLE-GROUP ACLASS="THD_ASN_BAS" ADELETETABLE="N">

<TABLE ACLASS="EXTRACTION" AFIXTABLE="N" WIDTH="598" BORDER="1">

<COLGROUP WIDTH="598">
<COL WIDTH="74"></COL>
<COL WIDTH="73"></COL>
<COL WIDTH="76"></COL>
<COL WIDTH="75"></COL>
<COL WIDTH="75"></COL>
<COL WIDTH="75"></COL>
<COL WIDTH="75"></COL>
<COL WIDTH="75"></COL>
</COLGROUP>

<THEAD>

<TR ACOPY="N" ADELETE="N" HEIGHT="53">
<TH VALIGN="MIDDLE" WIDTH="65" HEIGHT="76" ACOPYCOL="N" ADELETECOL="N" AMOVECOL="N" AUPDATECONT="N" ROWSPAN="2" ENG="Name">명 칭</TH>
<TH VALIGN="MIDDLE" WIDTH="64" HEIGHT="76" ACOPYCOL="N" ADELETECOL="N" AMOVECOL="N" AUPDATECONT="N" ROWSPAN="2" ENG="Number of investors (persons)">출자자수(명)</TH>
<TH VALIGN="MIDDLE" WIDTH="142" HEIGHT="46" ACOPYCOL="N" ADELETECOL="N" AMOVECOL="N" AUPDATECONT="N" COLSPAN="2" ENG="CEO (Representative member)">대표이사(대표조합원)</TH>
<TH VALIGN="MIDDLE" WIDTH="141" HEIGHT="46" ACOPYCOL="N" ADELETECOL="N" AMOVECOL="N" AUPDATECONT="N" COLSPAN="2" ENG="Executor (Executive member)">업무집행자(업무집행조합원)</TH>
<TH VALIGN="MIDDLE" WIDTH="141" HEIGHT="46" ACOPYCOL="N" ADELETECOL="N" AMOVECOL="N" AUPDATECONT="N" COLSPAN="2" ENG="Largest shareholder (Largest investor)">최대주주(최대출자자)</TH>
</TR>

<TR ACOPY="N" ADELETE="N" HEIGHT="30">
<TH VALIGN="MIDDLE" WIDTH="67" HEIGHT="23" ACOPYCOL="N" ADELETECOL="N" AMOVECOL="N" AUPDATECONT="N" ENG="Name">성명</TH>
<TH VALIGN="MIDDLE" WIDTH="66" HEIGHT="23" ACOPYCOL="N" ADELETECOL="N" AMOVECOL="N" AUPDATECONT="N" ENG="Ratio (%)">지분(%)</TH>
<TH VALIGN="MIDDLE" WIDTH="66" HEIGHT="23" ACOPYCOL="N" ADELETECOL="N" AMOVECOL="N" AUPDATECONT="N" ENG="Name">성명</TH>
<TH VALIGN="MIDDLE" WIDTH="66" HEIGHT="23" ACOPYCOL="N" ADELETECOL="N" AMOVECOL="N" AUPDATECONT="N" ENG="Ratio (%)">지분(%)</TH>
<TH VALIGN="MIDDLE" WIDTH="66" HEIGHT="23" ACOPYCOL="N" ADELETECOL="N" AMOVECOL="N" AUPDATECONT="N" ENG="Name">성명</TH>
<TH VALIGN="MIDDLE" WIDTH="66" HEIGHT="23" ACOPYCOL="N" ADELETECOL="N" AMOVECOL="N" AUPDATECONT="N" ENG="Ratio (%)">지분(%)</TH>
</TR>
</THEAD>

<TBODY>

<TR ACOPY="N" ADELETE="N" HEIGHT="76">
<TE WIDTH="65" HEIGHT="111" ACODE="BAS_NAME" VALIGN="MIDDLE" ALIGN="CENTER" ROWSPAN="2" USERMARK="F-10 ">Chiron Global Group Pty Ltd.</TE>
<TE WIDTH="64" HEIGHT="111" ACODE="BAS_CNT" VALIGN="MIDDLE" ALIGN="RIGHT" ROWSPAN="2">1</TE>
<TE WIDTH="67" HEIGHT="69" ACODE="BAS_NAM1" VALIGN="MIDDLE" ALIGN="CENTER">Klaus heinrich SELINGER</TE>
<TE WIDTH="66" HEIGHT="69" ACODE="BAS_RAT1" VALIGN="MIDDLE" ALIGN="RIGHT">100</TE>
<TE WIDTH="66" HEIGHT="69" ACODE="BAS_NAM2" VALIGN="MIDDLE" ALIGN="CENTER">-</TE>
<TE WIDTH="66" HEIGHT="69" ACODE="BAS_RAT2" VALIGN="MIDDLE" ALIGN="RIGHT">-</TE>
<TE ALIGN="CENTER" WIDTH="66" HEIGHT="69" ACODE="BAS_NAM3" VALIGN="MIDDLE">Klaus heinrich SELINGER</TE>
<TE WIDTH="66" HEIGHT="69" ACODE="BAS_RAT3" VALIGN="MIDDLE" ALIGN="RIGHT">100</TE>
</TR>

<TR ACOPY="Y" ADELETE="N" HEIGHT="42">
<TE WIDTH="67" HEIGHT="35" ACODE="BAS_NAM1" VALIGN="MIDDLE" ALIGN="CENTER">-</TE>
<TE WIDTH="66" HEIGHT="35" ACODE="BAS_RAT1" VALIGN="MIDDLE" ALIGN="RIGHT">-</TE>
<TE WIDTH="66" HEIGHT="35" ACODE="BAS_NAM2" VALIGN="MIDDLE" ALIGN="CENTER">-</TE>
<TE WIDTH="66" HEIGHT="35" ACODE="BAS_RAT2" VALIGN="MIDDLE" ALIGN="RIGHT">-</TE>
<TE ALIGN="CENTER" WIDTH="66" HEIGHT="35" ACODE="BAS_NAM3" VALIGN="MIDDLE">-</TE>
<TE WIDTH="66" HEIGHT="35" ACODE="BAS_RAT3" VALIGN="MIDDLE" ALIGN="RIGHT">-</TE>
</TR>
</TBODY>
</TABLE>
</TABLE-GROUP>

<P></P>

<TABLE ACLASS="NORMAL" AFIXTABLE="Y" WIDTH="600" BORDER="0">

<COLGROUP WIDTH="600">
<COL WIDTH="459"></COL>
<COL WIDTH="141"></COL>
</COLGROUP>

<TBODY>

<TR ACOPY="N" ADELETE="N" HEIGHT="30">
<TD WIDTH="450" HEIGHT="23" AUPDATECONT="N" VALIGN="MIDDLE" ENG="(2) Major financial details of the corporation or organization for the latest fiscal year">(2) 법인 또는 단체의 최근 결산기 주요 재무사항</TD>
<TD WIDTH="132" HEIGHT="23" AUPDATECONT="N" VALIGN="MIDDLE" ALIGN="RIGHT" ENG="(Unit: KRW million)">(단위 : 백만원)</TD>
</TR>
</TBODY>
</TABLE>

<TABLE-GROUP ACLASS="THD_ASN_FIN" ADELETETABLE="N">

<TABLE ACLASS="EXTRACTION" AFIXTABLE="N" WIDTH="598" BORDER="1">

<COLGROUP WIDTH="598">
<COL WIDTH="150"></COL>
<COL WIDTH="150"></COL>
<COL WIDTH="149"></COL>
<COL WIDTH="149"></COL>
</COLGROUP>

<TBODY>

<TR ACOPY="N" ADELETE="N" HEIGHT="30">
<TD ALIGN="CENTER" VALIGN="MIDDLE" WIDTH="141" HEIGHT="23" AUPDATECONT="N" ENG="Fiscal year">회계연도</TD>
<TE ALIGN="CENTER" VALIGN="MIDDLE" WIDTH="141" HEIGHT="23" ACODE="FIN_YER">-</TE>
<TD ALIGN="CENTER" VALIGN="MIDDLE" WIDTH="140" HEIGHT="23" AUPDATECONT="N" ENG="Period">결산기</TD>
<TE ALIGN="CENTER" VALIGN="MIDDLE" WIDTH="140" HEIGHT="23" ACODE="FIN_CLO">-</TE>
</TR>

<TR ACOPY="N" ADELETE="N" HEIGHT="30">
<TD ALIGN="CENTER" VALIGN="MIDDLE" WIDTH="141" HEIGHT="23" AUPDATECONT="N" ENG="Total assets">자산총계</TD>
<TE ALIGN="RIGHT" VALIGN="MIDDLE" WIDTH="141" HEIGHT="23" ACODE="FIN_AST">-</TE>
<TD ALIGN="CENTER" VALIGN="MIDDLE" WIDTH="140" HEIGHT="23" AUPDATECONT="N" ENG="Sales">매출액</TD>
<TE ALIGN="RIGHT" VALIGN="MIDDLE" WIDTH="140" HEIGHT="23" ACODE="FIN_SAL">-</TE>
</TR>

<TR ACOPY="N" ADELETE="N" HEIGHT="30">
<TD ALIGN="CENTER" VALIGN="MIDDLE" WIDTH="141" HEIGHT="23" AUPDATECONT="N" ENG="Total liabilities">부채총계</TD>
<TE ALIGN="RIGHT" VALIGN="MIDDLE" WIDTH="141" HEIGHT="23" ACODE="FIN_DEB">-</TE>
<TD ALIGN="CENTER" VALIGN="MIDDLE" WIDTH="140" HEIGHT="23" AUPDATECONT="N" ENG="Profit (loss)">당기순손익</TD>
<TE ALIGN="RIGHT" VALIGN="MIDDLE" WIDTH="140" HEIGHT="23" ACODE="FIN_PRF">-</TE>
</TR>

<TR ACOPY="N" ADELETE="N" HEIGHT="30">
<TD ALIGN="CENTER" VALIGN="MIDDLE" WIDTH="141" HEIGHT="23" AUPDATECONT="N" ENG="Total equity">자본총계</TD>
<TE ALIGN="RIGHT" VALIGN="MIDDLE" WIDTH="141" HEIGHT="23" ACODE="FIN_CAP">-</TE>
<TD ALIGN="CENTER" VALIGN="MIDDLE" WIDTH="140" HEIGHT="23" AUPDATECONT="N" ENG="External auditor">외부감사인</TD>
<TE ALIGN="CENTER" VALIGN="MIDDLE" WIDTH="140" HEIGHT="23" ACODE="FIN_AUD">-</TE>
</TR>

<TR ACOPY="N" ADELETE="N" HEIGHT="30">
<TD ALIGN="CENTER" VALIGN="MIDDLE" WIDTH="141" HEIGHT="23" AUPDATECONT="N" ENG="Issued capital">자본금</TD>
<TE ALIGN="RIGHT" VALIGN="MIDDLE" WIDTH="141" HEIGHT="23" ACODE="FIN_CAS">-</TE>
<TD ALIGN="CENTER" VALIGN="MIDDLE" WIDTH="140" HEIGHT="23" AUPDATECONT="N" ENG="Audit opinion">감사의견</TD>
<TE ALIGN="CENTER" VALIGN="MIDDLE" WIDTH="140" HEIGHT="23" ACODE="FIN_OPN">-</TE>
</TR>
</TBODY>
</TABLE>
</TABLE-GROUP>

<P>- 상기 "(2) 법인 또는 단체의 최근 결산기 주요 재무사항" 은 추후 정정공시 할 예정입니다.</P>

</LIBRARY></LIBRARY><P></P>

<LIBRARY>
<TABLE ACLASS="NORMAL" AFIXTABLE="Y" WIDTH="600" BORDER="0">

<COLGROUP WIDTH="600">
<COL WIDTH="600"></COL>
</COLGROUP>

<TBODY>

<TR ACOPY="Y" ADELETE="Y" HEIGHT="30">
<TD WIDTH="591" HEIGHT="23" AUPDATECONT="N" ENG="【If the Report on Major Issues is revised 5 times or more in relation to the third-party allotment】">【제3자배정으로서 주요사항보고서가 5회 이상 정정되는 경우】</TD>
</TR>
</TBODY>
</TABLE>

<TABLE-GROUP ACLASS="TBL_CRT " ADELETETABLE="N">

<TABLE ACLASS="EXTRACTION" AFIXTABLE="N" WIDTH="598" BORDER="1">

<COLGROUP WIDTH="598">
<COL WIDTH="234"></COL>
<COL WIDTH="364"></COL>
</COLGROUP>

<TBODY>

<TR ACOPY="N" ADELETE="N" HEIGHT="30">
<TD WIDTH="225" HEIGHT="23" AUPDATECONT="N" ENG="Reasons for revision">정정 사유</TD>
<TE WIDTH="355" HEIGHT="23" ACODE="CRT_RSN" VALIGN="MIDDLE">기재정정</TE>
</TR>

<TR ACOPY="N" ADELETE="N" HEIGHT="30">
<TD WIDTH="225" HEIGHT="23" AUPDATECONT="N" ENG="Future plans">향후 계획</TD>
<TE WIDTH="355" HEIGHT="23" ACODE="CRT_PLN" VALIGN="MIDDLE">납입 일정에 맞추어 진행 예정</TE>
</TR>
</TBODY>
</TABLE>
</TABLE-GROUP>
<P></P>
<P></P>
</LIBRARY>

<P></P>
</SECTION-1>
</BODY>
</DOCUMENT>