<?xml version="1.0" encoding="utf-8"?>


<DOCUMENT xmlns:xsi="http://www.w3.org/2001/XMLSchema-instance" xsi:noNamespaceSchemaLocation="dart4.xsd">

<DOCUMENT-NAME ACODE="10820">증권발행실적보고서(집합투자증권)</DOCUMENT-NAME>
<FORMULA-VERSION ADATE="20160121">6.0</FORMULA-VERSION>
<COMPANY-NAME AREGCIK="00241412">교보악사자산운용주식회사</COMPANY-NAME>


<BODY ATOCID="7">

<COVER>
<COVER-TITLE ATOC="Y" AASSOCNOTE="COVER" ATOCID="1" ENG="Post-Issuance Report">증권발행실적보고서</COVER-TITLE>

<TABLE ACLASS="NORMAL" AFIXTABLE="N" WIDTH="600" BORDER="0">

<COLGROUP WIDTH="600">
<COL WIDTH="161"></COL>
<COL WIDTH="439"></COL>
</COLGROUP>

<TBODY>

<TR ACOPY="Y" ADELETE="Y" HEIGHT="30">
<TD COLSPAN="2" ALIGN="CENTER" VALIGN="MIDDLE" WIDTH="591" HEIGHT="23">[집합투자증권]</TD>
</TR>

<TR ACOPY="Y" ADELETE="Y" HEIGHT="76">
<TD COLSPAN="2" VALIGN="MIDDLE" WIDTH="591" HEIGHT="69"></TD>
</TR>

<TR ACOPY="Y" ADELETE="Y" HEIGHT="30">
<TD VALIGN="MIDDLE" WIDTH="152" HEIGHT="23">금융감독원장 귀하</TD>
<TD ALIGN="RIGHT" VALIGN="MIDDLE" WIDTH="430" HEIGHT="23">2026년    1월    6일</TD>
</TR>

<TR ACOPY="Y" ADELETE="Y" HEIGHT="30">
<TD VALIGN="MIDDLE" WIDTH="152" HEIGHT="23"></TD>
<TD ALIGN="RIGHT" VALIGN="MIDDLE" WIDTH="430" HEIGHT="23"></TD>
</TR>
</TBODY>
</TABLE>

<TABLE-GROUP ACLASS="_FUND_MAIN_" ADELETETABLE="N">

<TABLE ACLASS="EXTRACTION" AFIXTABLE="Y" WIDTH="600" BORDER="0">

<COLGROUP WIDTH="600">
<COL WIDTH="161"></COL>
<COL WIDTH="248"></COL>
<COL WIDTH="86"></COL>
<COL WIDTH="77"></COL>
<COL WIDTH="28"></COL>
</COLGROUP>

<TBODY>

<TR ACOPY="Y" ADELETE="Y" HEIGHT="53">
<TD VALIGN="MIDDLE" WIDTH="152" HEIGHT="46" AUPDATECONT="N" ENG="Name of the collective investment scheme:">집합투자기구 명칭 :</TD>
<TE VALIGN="MIDDLE" WIDTH="239" HEIGHT="46" ACODE="FUND_NAME">교보악사 파워인덱스 증권 자투자신탁 1호(주식)</TE>
<TD VALIGN="MIDDLE" WIDTH="77" HEIGHT="46" AUPDATECONT="N" ENG="(Fund code:">(펀드코드 :</TD>
<TE ALIGN="CENTER" VALIGN="MIDDLE" WIDTH="68" HEIGHT="46" ACODE="FUND_CODE">89527</TE>
<TD VALIGN="MIDDLE" WIDTH="19" HEIGHT="46" AUPDATECONT="N">)</TD>
</TR>

<TR ACOPY="Y" ADELETE="Y" HEIGHT="30">
<TD COLSPAN="5" WIDTH="591" HEIGHT="23"></TD>
</TR>
</TBODY>
</TABLE>
</TABLE-GROUP>

<TABLE ACLASS="NORMAL" AFIXTABLE="N" WIDTH="600" BORDER="0">

<COLGROUP WIDTH="600">
<COL WIDTH="161"></COL>
<COL WIDTH="439"></COL>
</COLGROUP>

<TBODY>

<TR ACOPY="Y" ADELETE="Y" HEIGHT="30">
<TD CLASS="NORMAL" WIDTH="152" HEIGHT="23">집합투자업자 명칭 :</TD>
<TD CLASS="NORMAL" WIDTH="430" HEIGHT="23">교보악사자산운용주식회사</TD>
</TR>

<TR ACOPY="Y" ADELETE="Y" HEIGHT="30">
<TD CLASS="NORMAL" WIDTH="152" HEIGHT="23"></TD>
<TD CLASS="NORMAL" WIDTH="430" HEIGHT="23"></TD>
</TR>

<TR ACOPY="Y" ADELETE="Y" HEIGHT="30">
<TD CLASS="NORMAL" WIDTH="152" HEIGHT="23">연        락       처 :</TD>
<TD CLASS="NORMAL" WIDTH="430" HEIGHT="23"></TD>
</TR>

<TR ACOPY="Y" ADELETE="Y" HEIGHT="30">
<TD CLASS="NORMAL" WIDTH="152" HEIGHT="23"></TD>
<TD CLASS="NORMAL" WIDTH="430" HEIGHT="23">(전  화) 02-767-9600</TD>
</TR>

<TR ACOPY="Y" ADELETE="Y" HEIGHT="30">
<TD CLASS="NORMAL" WIDTH="152" HEIGHT="23"></TD>
<TD CLASS="NORMAL" WIDTH="430" HEIGHT="23">(홈페이지) http://www.kyoboaxa-im.co.kr</TD>
</TR>

<TR ACOPY="Y" ADELETE="Y" HEIGHT="30">
<TD CLASS="NORMAL" WIDTH="152" HEIGHT="23"></TD>
<TD CLASS="NORMAL" WIDTH="430" HEIGHT="23"></TD>
</TR>

<TR ACOPY="Y" ADELETE="Y" HEIGHT="30">
<TD CLASS="NORMAL" WIDTH="152" HEIGHT="23">작  성  책  임  자 :</TD>
<TD CLASS="NORMAL" WIDTH="430" HEIGHT="23">(직  책) 본 부 장              (성  명) 강 석 훈</TD>
</TR>

<TR ACOPY="Y" ADELETE="Y" HEIGHT="30">
<TD CLASS="NORMAL" WIDTH="152" HEIGHT="23"></TD>
<TD CLASS="NORMAL" WIDTH="430" HEIGHT="23">(전  화) 02-767-9736</TD>
</TR>

<TR ACOPY="Y" ADELETE="Y" HEIGHT="53">
<TD CLASS="NORMAL" WIDTH="152" HEIGHT="46"></TD>
<TD CLASS="NORMAL" WIDTH="430" HEIGHT="46"></TD>
</TR>

<TR ACOPY="Y" ADELETE="Y" HEIGHT="30">
<TD CLASS="NORMAL" COLSPAN="2" ALIGN="RIGHT" WIDTH="591" HEIGHT="23">2025년    1월    6일</TD>
</TR>

<TR ACOPY="Y" ADELETE="Y" HEIGHT="53">
<TD CLASS="NORMAL" COLSPAN="2" ALIGN="RIGHT" WIDTH="591" HEIGHT="46">[교보악사 파워인덱스 증권 자투자신탁 1호(주식)]</TD>
</TR>

<TR ACOPY="Y" ADELETE="Y" HEIGHT="53">
<TD CLASS="NORMAL" COLSPAN="2" ALIGN="RIGHT" WIDTH="591" HEIGHT="46">교보악사자산운용주식회사  대표이사   조 휘 성   (인)</TD>
</TR>
</TBODY>
</TABLE>
<P></P>

<IMAGE>
<IMG WIDTH="421" HEIGHT="201" ALIGN="CENTER" HSPACE="0">명판.jpg</IMG>
<IMG-CAPTION ATOC="N">명판</IMG-CAPTION>
</IMAGE>
<P></P>
<PGBRK></PGBRK>
</COVER>

<SECTION-1 ACLASS="MANDATORY" APARTSOURCE="SOURCE">

<SECTION-2 ACLASS="MANDATORY">
<TITLE ATOC="Y" AASSOCNOTE="D-0-0-1-0" ATOCID="2" ENG="1. Name of the collective investment scheme">1. 집합투자기구의 명칭</TITLE>

<TABLE ACLASS="NORMAL" AFIXTABLE="N" BORDER="1" WIDTH="600">

<COLGROUP WIDTH="600">
<COL WIDTH="406"></COL>
<COL WIDTH="194"></COL>
</COLGROUP>

<THEAD>

<TR ACOPY="Y" ADELETE="Y" HEIGHT="30">
<TH WIDTH="397" HEIGHT="23" ACOPYCOL="Y" ADELETECOL="Y" AMOVECOL="N">집합투자기구 명칭</TH>
<TH WIDTH="185" HEIGHT="23" ACOPYCOL="Y" ADELETECOL="Y" AMOVECOL="N">금융투자협회 펀드코드 </TH>
</TR>
</THEAD>

<TBODY>

<TR ACOPY="Y" ADELETE="Y" HEIGHT="30">
<TD WIDTH="397" HEIGHT="23" ALIGN="CENTER" VALIGN="MIDDLE">교보악사 파워인덱스 증권 자투자신탁 1호(주식) </TD>
<TD WIDTH="185" HEIGHT="23" ALIGN="CENTER" VALIGN="MIDDLE">89527 </TD>
</TR>
</TBODY>
</TABLE>
<P></P>
</SECTION-2>

<SECTION-2 ACLASS="MANDATORY">
<TITLE ATOC="Y" AASSOCNOTE="D-0-0-2-0" ATOCID="3" ENG="2. Type and form of the collective investment scheme">2. 집합투자기구의 종류 및 형태</TITLE>
<P USERMARK="F-GL11 ">가. 형태별 종류 : 투자신탁</P>
<P USERMARK="F-GL11 ">나. 운용자산별 종류 : 증권(주식형)</P>
<P USERMARK="F-GL11 ">다. 개방형ㆍ폐쇄형 구분 : 개방형 (환매가 가능한 투자신탁)</P>
<P USERMARK="F-GL11 ">라. 추가형ㆍ단위형 구분 : 추가형 (추가로 자금납입이 가능한 투자신탁)</P>
<P USERMARK="F-GL11 ">마. 특수형태 표시 : - 종류형 (판매보수 등의 차이로 인하여 기준가격이 다른 투자신탁)- 모자형(모투자신탁이 발행하는 집합투자증권을 취득하는 구조의 투자신탁)</P>
</SECTION-2>

<SECTION-2 ACLASS="MANDATORY">
<TITLE ATOC="Y" AASSOCNOTE="D-0-0-3-0" ATOCID="4" ENG="3. Matters related to the issuance of collective investment securities">3. 집합투자증권 발행에 관한 사항</TITLE>
<P USERMARK="B P16">가. 집합투자증권 발행 내역</P>

<LIBRARY>
<TABLE-GROUP ACLASS="ACC_ADD" ADELETETABLE="N">

<TABLE ACLASS="EXTRACTION" WIDTH="600" BORDER="1" AFIXTABLE="Y">

<COLGROUP WIDTH="600">
<COL WIDTH="87"></COL>
<COL WIDTH="158"></COL>
<COL WIDTH="178"></COL>
<COL WIDTH="177"></COL>
</COLGROUP>

<THEAD>

<TR ACOPY="N" ADELETE="N" HEIGHT="53">
<TH COLSPAN="2" VALIGN="MIDDLE" WIDTH="236" HEIGHT="46" ACOPYCOL="N" ADELETECOL="N" AMOVECOL="N" AUPDATECONT="N" ENG="Category">구 분</TH>
<TH VALIGN="MIDDLE" WIDTH="169" HEIGHT="46" ACOPYCOL="N" ADELETECOL="N" AMOVECOL="N" AUPDATECONT="N" ENG="Number of units/amount">좌수/금액</TH>
<TH VALIGN="MIDDLE" WIDTH="168" HEIGHT="46" ACOPYCOL="N" ADELETECOL="N" AMOVECOL="N" AUPDATECONT="N" ENG="Note (Amount subject to issuance contribution)">비 고(발행분담금 대상금액)</TH>
</TR>
</THEAD>

<TBODY>

<TR ACOPY="N" ADELETE="N" HEIGHT="31">
<TD ROWSPAN="3" VALIGN="MIDDLE" WIDTH="78" HEIGHT="86" AUPDATECONT="N" ALIGN="CENTER" ENG="Number of units">좌수</TD>
<TD ALIGN="CENTER" VALIGN="MIDDLE" WIDTH="149" HEIGHT="24" AUPDATECONT="N" ENG="Number of units established">설정 좌수 </TD>
<TE WIDTH="169" HEIGHT="24" ACODE="CNT_STUP" VALIGN="MIDDLE" ALIGN="RIGHT" USERMARK="0X444444">212,671,754,444 </TE>
<TD WIDTH="168" HEIGHT="24" VALIGN="MIDDLE" ALIGN="RIGHT" USERMARK="0X444444">　</TD>
</TR>

<TR ACOPY="N" ADELETE="N" HEIGHT="31">
<TD ALIGN="CENTER" VALIGN="MIDDLE" WIDTH="149" HEIGHT="24" AUPDATECONT="N" ENG="Number of cancelled units">해지 좌수 </TD>
<TE WIDTH="169" HEIGHT="24" ACODE="CNT_CLS" VALIGN="MIDDLE" ALIGN="RIGHT" USERMARK="0X444444">195,437,723,954 </TE>
<TD WIDTH="168" HEIGHT="24" VALIGN="MIDDLE" ALIGN="RIGHT" USERMARK="0X444444">　</TD>
</TR>

<TR ACOPY="N" ADELETE="N" HEIGHT="31">
<TD ALIGN="CENTER" VALIGN="MIDDLE" WIDTH="149" HEIGHT="24" AUPDATECONT="N" ENG="Increased or decreased">증 감 </TD>
<TE WIDTH="169" HEIGHT="24" ACODE="CNT_MRGN" VALIGN="MIDDLE" ALIGN="RIGHT" USERMARK="0X444444">17,234,030,490 </TE>
<TD WIDTH="168" HEIGHT="24" VALIGN="MIDDLE" ALIGN="RIGHT" USERMARK="0X444444">　</TD>
</TR>

<TR ACOPY="N" ADELETE="N" HEIGHT="31">
<TD ROWSPAN="4" VALIGN="MIDDLE" WIDTH="78" HEIGHT="139" AUPDATECONT="N" ALIGN="CENTER" ENG="Amount">금액</TD>
<TD ALIGN="CENTER" VALIGN="MIDDLE" WIDTH="149" HEIGHT="24" AUPDATECONT="N" ENG="Amount established">설정 금액 </TD>
<TE WIDTH="169" HEIGHT="24" ACODE="ACC_STUP" VALIGN="MIDDLE" ALIGN="RIGHT" USERMARK="0X444444">366,602,500,202 </TE>
<TE WIDTH="168" HEIGHT="24" ACODE="ACC_RMRK1" VALIGN="MIDDLE" ALIGN="RIGHT" USERMARK="0X444444">366,602,500,202 </TE>
</TR>

<TR ACOPY="N" ADELETE="N" HEIGHT="31">
<TD ALIGN="CENTER" VALIGN="MIDDLE" WIDTH="149" HEIGHT="24" AUPDATECONT="N" ENG="Cancellation amount">해지 금액 </TD>
<TE WIDTH="169" HEIGHT="24" ACODE="ACC_CLS" VALIGN="MIDDLE" ALIGN="RIGHT" USERMARK="0X444444">333,783,802,045 </TE>
<TE WIDTH="168" HEIGHT="24" ACODE="ACC_RMRK2" VALIGN="MIDDLE" ALIGN="RIGHT" USERMARK="0X444444">437,732,074,901 </TE>
</TR>

<TR ACOPY="N" ADELETE="N" HEIGHT="53">
<TD ALIGN="CENTER" VALIGN="MIDDLE" WIDTH="149" HEIGHT="46" AUPDATECONT="N" ENG="Net redemption amount up to the previous year">직전연도까지의순환매금액</TD>
<TE WIDTH="169" HEIGHT="46" ACODE="ACC_RET" VALIGN="MIDDLE" ALIGN="RIGHT" USERMARK="0X444444">103,948,272,856</TE>
<TE WIDTH="168" HEIGHT="46" ACODE="ACC_RMRK4" VALIGN="MIDDLE" ALIGN="RIGHT" USERMARK="0X444444">0</TE>
</TR>

<TR ACOPY="N" ADELETE="N" HEIGHT="31">
<TD ALIGN="CENTER" VALIGN="MIDDLE" WIDTH="149" HEIGHT="24" AUPDATECONT="N" ENG="Increased or decreased">증 감 </TD>
<TE WIDTH="169" HEIGHT="24" ACODE="ACC_MRGN" VALIGN="MIDDLE" ALIGN="RIGHT" USERMARK="0X444444">32,818,698,157 </TE>
<TE WIDTH="168" HEIGHT="24" ACODE="ACC_RMRK3" VALIGN="MIDDLE" ALIGN="RIGHT" USERMARK="0X444444">-71,129,574,699 </TE>
</TR>

<TR ACOPY="N" ADELETE="N" HEIGHT="31">
<TD ROWSPAN="3" VALIGN="MIDDLE" WIDTH="78" HEIGHT="86" AUPDATECONT="N" ALIGN="CENTER" ENG="Net assets">순자산</TD>
<TD ALIGN="CENTER" VALIGN="MIDDLE" WIDTH="149" HEIGHT="24" AUPDATECONT="N" ENG="Net assets at the beginning of the period">기초 순자산 </TD>
<TE WIDTH="169" HEIGHT="24" ACODE="ASST_BGN" VALIGN="MIDDLE" ALIGN="RIGHT" USERMARK="0X444444">315,183,603,697 </TE>
<TD WIDTH="168" HEIGHT="24" VALIGN="MIDDLE" ALIGN="RIGHT" USERMARK="0X444444">　</TD>
</TR>

<TR ACOPY="N" ADELETE="N" HEIGHT="31">
<TD ALIGN="CENTER" VALIGN="MIDDLE" WIDTH="149" HEIGHT="24" AUPDATECONT="N" ENG="Net assets at the end of the period">기말 순자산 </TD>
<TE WIDTH="169" HEIGHT="24" ACODE="ASST_END" VALIGN="MIDDLE" ALIGN="RIGHT" USERMARK="0X444444">582,521,136,419 </TE>
<TD WIDTH="168" HEIGHT="24" VALIGN="MIDDLE" ALIGN="RIGHT" USERMARK="0X444444">　</TD>
</TR>

<TR ACOPY="N" ADELETE="N" HEIGHT="31">
<TD ALIGN="CENTER" VALIGN="MIDDLE" WIDTH="149" HEIGHT="24" AUPDATECONT="N" ENG="Increased or decreased">증 감 </TD>
<TE WIDTH="169" HEIGHT="24" ACODE="ASST_MRGN" VALIGN="MIDDLE" ALIGN="RIGHT" USERMARK="0X444444">267,337,532,722 </TE>
<TD WIDTH="168" HEIGHT="24" VALIGN="MIDDLE" ALIGN="RIGHT" USERMARK="0X444444">　</TD>
</TR>
</TBODY>
</TABLE>
</TABLE-GROUP>
</LIBRARY>

<P USERMARK="F-GL11 ">주1) 대상기간 : 2024.12.19 - 2025.12.18주2) 발행분담금 대상금액은 이익분배에 의한 재투자분을 제외합니다.</P>
<P USERMARK="B P16">나. 집합투자증권 발행 비용</P>

<TABLE ACLASS="NORMAL" AFIXTABLE="N" BORDER="1" WIDTH="600">

<COLGROUP WIDTH="600">
<COL WIDTH="124"></COL>
<COL WIDTH="123"></COL>
<COL WIDTH="179"></COL>
<COL WIDTH="174"></COL>
</COLGROUP>

<THEAD>

<TR ACOPY="Y" ADELETE="Y" HEIGHT="30">
<TH WIDTH="238" HEIGHT="23" COLSPAN="2" ACOPYCOL="Y" ADELETECOL="Y" AMOVECOL="N">발행비용 구분</TH>
<TH WIDTH="170" HEIGHT="23" ACOPYCOL="Y" ADELETECOL="Y" AMOVECOL="N">금액(원)</TH>
<TH WIDTH="165" HEIGHT="23" ACOPYCOL="Y" ADELETECOL="Y" AMOVECOL="N">비고</TH>
</TR>
</THEAD>

<TBODY>

<TR ACOPY="Y" ADELETE="Y" HEIGHT="30">
<TD WIDTH="115" HEIGHT="83" ROWSPAN="3" ALIGN="CENTER">발행분담금</TD>
<TD WIDTH="114" HEIGHT="23" ALIGN="CENTER">집합투자업자</TD>
<TD WIDTH="170" HEIGHT="23" ALIGN="RIGHT">0 </TD>
<TD WIDTH="165" HEIGHT="23" ALIGN="CENTER"></TD>
</TR>

<TR ACOPY="Y" ADELETE="Y" HEIGHT="30">
<TD WIDTH="114" HEIGHT="23" ALIGN="CENTER">펀드</TD>
<TD WIDTH="170" HEIGHT="23" ALIGN="RIGHT">0 </TD>
<TD WIDTH="165" HEIGHT="23" ALIGN="CENTER"></TD>
</TR>

<TR ACOPY="Y" ADELETE="Y" HEIGHT="30">
<TD WIDTH="114" HEIGHT="23" ALIGN="CENTER">소계</TD>
<TD WIDTH="170" HEIGHT="23" ALIGN="RIGHT">없음</TD>
<TD WIDTH="165" HEIGHT="23" ALIGN="CENTER"></TD>
</TR>

<TR ACOPY="Y" ADELETE="Y" HEIGHT="30">
<TD WIDTH="238" HEIGHT="23" COLSPAN="2" ALIGN="CENTER">기타비용</TD>
<TD WIDTH="170" HEIGHT="23" ALIGN="RIGHT">660,000 </TD>
<TD WIDTH="165" HEIGHT="23" ALIGN="CENTER"></TD>
</TR>

<TR ACOPY="Y" ADELETE="Y" HEIGHT="30">
<TD WIDTH="238" HEIGHT="23" COLSPAN="2" ALIGN="CENTER">총 계</TD>
<TD WIDTH="170" HEIGHT="23" ALIGN="RIGHT">660,000 </TD>
<TD WIDTH="165" HEIGHT="23" ALIGN="CENTER"></TD>
</TR>
</TBODY>
</TABLE>
<P USERMARK="F-GL11 ">(주1) 기타비용의 종류 - 채권평가보수, 펀드평가보수, 펀드결제수수료, 지수사용료, 감사보수, 기타위탁보수 (위원회보수, 보관대리인보수, 지급대리인보수, 후원기금), 기타비용 (기타비용,청산비용, 감독이사보수, 해외거래예탁비용), 기타보험관련보수, 부동산감정평가수수료, 부동산법률자문수수료 등</P>
</SECTION-2>

<SECTION-2 ACLASS="MANDATORY">
<TITLE ATOC="Y" AASSOCNOTE="D-0-0-4-0" ATOCID="5" ENG="4. Matters related to the subscription, allotment, and underwriting">4. 청약, 배정 및 인수에 관한 사항</TITLE>
<P USERMARK="F-GL11 ">해당사항 없음</P>
</SECTION-2>

<SECTION-2 ACLASS="MANDATORY">
<TITLE ATOC="Y" AASSOCNOTE="D-0-0-5-0" ATOCID="6" ENG="5. Matters related to listing and capital increase registration">5. 상장 및 증자등기에 관한 사항</TITLE>
<P USERMARK="F-GL11 ">해당사항 없음</P>
</SECTION-2>

<SECTION-2 ACLASS="MANDATORY">
<TITLE ATOC="Y" AASSOCNOTE="D-0-0-6-0" ATOCID="7" ENG="6. Disclosure implementation status">6. 공시이행상황</TITLE>
<P USERMARK="B P16">가. 증권신고서 및 정정신고서 공시</P>

<TABLE ACLASS="NORMAL" AFIXTABLE="N" BORDER="1" WIDTH="582">

<COLGROUP WIDTH="582">
<COL WIDTH="114"></COL>
<COL WIDTH="468"></COL>
</COLGROUP>

<TBODY>

<TR ACOPY="Y" ADELETE="Y" HEIGHT="30">
<TD WIDTH="105" HEIGHT="23">공시일</TD>
<TD WIDTH="459" HEIGHT="23">주요내용</TD>
</TR>

<TR ACOPY="Y" ADELETE="Y" HEIGHT="30">
<TD WIDTH="105" HEIGHT="23">2009.04.17</TD>
<TD WIDTH="459" HEIGHT="23">최초 제출 (자본시장법 전환)</TD>
</TR>

<TR ACOPY="Y" ADELETE="Y" HEIGHT="53">
<TD WIDTH="105" HEIGHT="46">2009.10.09</TD>
<TD WIDTH="459" HEIGHT="46">1) 법인세법시행령 개정에 따른Class Af 수익증권 가입자격 변경2) 소득세법 및 소득세법 시행령 개정에 따른 이익분배 조항 신설</TD>
</TR>

<TR ACOPY="Y" ADELETE="Y" HEIGHT="145">
<TD WIDTH="105" HEIGHT="138">2010.02.22</TD>
<TD WIDTH="459" HEIGHT="138">1) 결산에 따른 정기갱신2) 조세특례제한법 개정(2010.1.1)에 따른 과세에 관한 사항 반영3) 자본시장법 시행령 개정(2009.12.21, 자산운용보고서 및 자산보관ㆍ관리보고서에 관한 사항)에 따른 반영4) Class C장기주택마련 수익증권과 관련하여 조세특례제한법 개정 사항 반영</TD>
</TR>

<TR ACOPY="Y" ADELETE="Y" HEIGHT="122">
<TD WIDTH="105" HEIGHT="115">2011.03.14</TD>
<TD WIDTH="459" HEIGHT="115">1) 자본시장법 시행령 개정(2010.06.13, 소규모펀드 해지 및 수시공시에 관한 사항)에 따른 반영2) Class CP (퇴직연금 전용 수익증권) 신설3) 결산에 따른 정기갱신4) 채권평가회사 명칭 변경 (한국채권평가 → 한국자산평가)</TD>
</TR>

<TR ACOPY="Y" ADELETE="Y" HEIGHT="30">
<TD WIDTH="105" HEIGHT="23">2012.03.06</TD>
<TD WIDTH="459" HEIGHT="23">결산에 따른 정기갱신</TD>
</TR>

<TR ACOPY="Y" ADELETE="Y" HEIGHT="30">
<TD WIDTH="105" HEIGHT="23">2012.05.09</TD>
<TD WIDTH="459" HEIGHT="23">모자형 집합투자기구 내에 다른 자투자신탁 신설</TD>
</TR>

<TR ACOPY="Y" ADELETE="Y" HEIGHT="168">
<TD WIDTH="105" HEIGHT="161">2013.03.20</TD>

<TD WIDTH="459" HEIGHT="161">
<P>1) 결산에 따른 정기갱신2) 예금보험관계 표시에 관한 규정 개정[2012.02.27 시행]에 따른 예금자보호안내문 관련 문구 수정</P>
<P>3) 소득세법 개정('13.01.01)에 따른 금융소득종합과세 기준금액 관한 사항 변경</P>
<P>4) 자본시장과 금융투자업에 관한 법률 및 동법 시행령 개정사항 반영</P>
</TD>
</TR>

<TR ACOPY="Y" ADELETE="Y" HEIGHT="76">
<TD WIDTH="105" HEIGHT="69">2013.12.24</TD>

<TD WIDTH="459" HEIGHT="69">
<P>1) 결산에 따른 정기갱신2) 자본시장법 및 동법시행령 개정사항 반영</P>
<P>3) 채권평가회사(에프앤자산평가) 추가</P>
</TD>
</TR>

<TR ACOPY="Y" ADELETE="Y" HEIGHT="76">
<TD WIDTH="105" HEIGHT="69">2014.03.18</TD>

<TD WIDTH="459" HEIGHT="69">
<P>1) 모자형 집합투자기구 내에 다른 자투자신탁 신설</P>
<P>2) 집합투자업자에 관한 사항 업데이트(요약 재무내용 및 운용자산 규모)</P>
</TD>
</TR>

<TR ACOPY="Y" ADELETE="Y" HEIGHT="329">
<TD WIDTH="105" HEIGHT="322">2014.08.21</TD>

<TD WIDTH="459" HEIGHT="322">
<P>1) Class S 수익증권 신설</P>
<P>2) 기업공시서식기준 개정('14.06.01)에 따른 투자결정시 유의사항 변경</P>
<P>3) 미국 해외금융계좌납세협력법(FATCA)과 관련하여 투자결정시 유의사항, 투자위험(기타위험)에 관한 사항 신설</P>
<P>4) 이 투자신탁이 주로 투자하는 모투자신탁의 '집합투자증권등' 투자비중 변경 및 환매조건부매수 투자한도 신설</P>
<P>5) 모자형 집합투자기구 내에 다른 자투자신탁 삭제 -  - 교보악사 파워인덱스 목표전환형 증권 자투자신탁 1호[주식]    [운용전환일 이후] 교보악사 Tomorrow 목표전환형 증권 자투   자신탁 1호[채권]   - 교보악사 파워인덱스 증권 자투자신탁 1호 (채권혼합)</P>
<P>6) 모자형 집합투자기구 내에 다른 자투자신탁 신설    - 교보악사 우리겨레통일 증권 자투자신탁[주식]’</P>
</TD>
</TR>

<TR ACOPY="Y" ADELETE="Y" HEIGHT="214">

<TD WIDTH="105" HEIGHT="207">
<P>2015.01.16</P>
</TD>

<TD WIDTH="459" HEIGHT="207">
<P>1) 결산에 따른 정기갱신</P>
<P>2) 기업공시서식기준 개정('14.10.01)에 따른 투자결정시 유의사항 신설</P>
<P>3) 이 투자신탁이 투자하는 모투자신탁의 투자대상 확대 (채권 투자대상에 전자단기사채 추가, 집합투자증권 中 ETF에 대한 투자한도 변경)</P>
<P>4) 자본시장과 금융투자업에 관한 법률 개정사항 반영</P>
<P>5) 지방세법 개정('15.1.1시행)  사항 반영- 수익자에 대한 과세율에 관한 사항 中 “내국법인에 대한 과세율 변경(14% →15.4%)”</P>
</TD>
</TR>

<TR ACOPY="Y" ADELETE="Y" HEIGHT="30">

<TD WIDTH="105" HEIGHT="23">
<P>2015.06.30</P>
</TD>

<TD WIDTH="459" HEIGHT="23">
<P>Class CP 환매수수료 변경 (90일 미만 이익금의 70% → 없음)</P>
</TD>
</TR>

<TR ACOPY="Y" ADELETE="Y" HEIGHT="145">

<TD WIDTH="105" HEIGHT="138">
<P>2015.11.19</P>
</TD>

<TD WIDTH="459" HEIGHT="138">
<P>1) 환매수수료 삭제</P>
<P>2) 부책임운용전문인력 신설</P>
<P>3) 자본시장법 및 동법 시행령 개정사항 반영(모투자신탁에 관한 사항 포함)</P>
<P>4) 기업공시서식 작성기준 개정('15.02.10) 사항 반영 : 집합투자업자의 고유재산 투자에 관한 사항 신설등</P>
</TD>
</TR>

<TR ACOPY="Y" ADELETE="Y" HEIGHT="145">
<TD WIDTH="105" HEIGHT="138">2016.03.29</TD>
<TD WIDTH="459" HEIGHT="138">1) Class CW 신설 2) 결산에 따른 정기갱신 3) 소규모 집합투자기구 정리 및 발생억제를 위한 관리에 관한 사항 신설 4) 작성기준일 변경에 따른 운용전문인력 관한 사항, 집합투자기구 투자실적 추이, 집합투자업자에 관한 사항 등에 업데이트</TD>
</TR>

<TR ACOPY="Y" ADELETE="Y" HEIGHT="30">
<TD WIDTH="105" HEIGHT="23">2016.06.23</TD>
<TD WIDTH="459" HEIGHT="23">투자위험 등급 분류 체계 개편 내용 반영</TD>
</TR>

<TR ACOPY="Y" ADELETE="Y" HEIGHT="30">
<TD WIDTH="105" HEIGHT="23">2016.07.26</TD>
<TD WIDTH="459" HEIGHT="23">판매 및 환매의 기준시점 변경 (15시 → 15시30분)</TD>
</TR>

<TR ACOPY="Y" ADELETE="Y" HEIGHT="168">
<TD WIDTH="105" HEIGHT="161">2016.10.27</TD>

<TD WIDTH="459" HEIGHT="161">
<P>- 모자형 집합투자기구로의 변경</P>
<P>(시행령 제245조제5항제2호에 따른 소규모투자신탁의 집합투자재산 전부를 이미 설정된 모집합투자기구로 이전)</P>
<P>- 투자신탁 명칭, 모자구조 변경에 따른 운용전략 변경</P>
<P>- 모자형 구조로의 변경에 따른 전반적인 기재사항 반영</P>
<P>- 온라인 클래스 추가</P>
<P>- 소득세법 개정에 따른 이익분배 유보</P>
</TD>
</TR>

<TR ACOPY="Y" ADELETE="Y" HEIGHT="53">
<TD WIDTH="105" HEIGHT="46">2017.01.12</TD>

<TD WIDTH="459" HEIGHT="46">
<P>- 결산에 따른 실제 수익률 변동성 변경</P>
<P>- 소득세법 개정에 따른 이익금 유보</P>
</TD>
</TR>

<TR ACOPY="Y" ADELETE="Y" HEIGHT="30">
<TD WIDTH="105" HEIGHT="23">2017.02.24</TD>
<TD WIDTH="459" HEIGHT="23">재무정보 확정에 따른 운용성과 등 업데이트</TD>
</TR>

<TR ACOPY="Y" ADELETE="Y" HEIGHT="30">
<TD WIDTH="105" HEIGHT="23">2017.04.25</TD>
<TD WIDTH="459" HEIGHT="23">클린 클래스(Class AG 및Class CG)신설</TD>
</TR>

<TR ACOPY="Y" ADELETE="Y" HEIGHT="53">
<TD WIDTH="105" HEIGHT="46">2017.06.09</TD>

<TD WIDTH="459" HEIGHT="46">
<P>- 집합투자업자보수 인하</P>
<P>- 재무정보 확정에 따른 운용성과 등 업데이트</P>
</TD>
</TR>

<TR ACOPY="Y" ADELETE="Y" HEIGHT="30">
<TD WIDTH="105" HEIGHT="23">2017.07.17</TD>
<TD WIDTH="459" HEIGHT="23">퇴직연금 클래스(C-R, C-Re) 신설</TD>
</TR>

<TR ACOPY="Y" ADELETE="Y" HEIGHT="30">
<TD WIDTH="105" HEIGHT="23">2017.07.24</TD>
<TD WIDTH="459" HEIGHT="23">온라인 클래스(Ae, C-Pe) 신설</TD>
</TR>

<TR ACOPY="Y" ADELETE="Y" HEIGHT="30">
<TD WIDTH="105" HEIGHT="23">2017.11.09</TD>
<TD WIDTH="459" HEIGHT="23">연금클래스 신설</TD>
</TR>

<TR ACOPY="Y" ADELETE="Y" HEIGHT="30">
<TD WIDTH="105" HEIGHT="23">2017.12.11</TD>
<TD WIDTH="459" HEIGHT="23">ClassCh 판매보수 인하</TD>
</TR>

<TR ACOPY="Y" ADELETE="Y" HEIGHT="30">
<TD WIDTH="105" HEIGHT="23">2018.03.08</TD>
<TD WIDTH="459" HEIGHT="23">결산기 재무제표 확정에 따른 갱신 및 수익률 변동성 변경</TD>
</TR>

<TR ACOPY="Y" ADELETE="Y" HEIGHT="30">
<TD WIDTH="105" HEIGHT="23">2019.01.25</TD>
<TD WIDTH="459" HEIGHT="23">결산기 재무제표 확정에 따른 갱신 및 수익률 변동성 변경</TD>
</TR>

<TR ACOPY="Y" ADELETE="Y" HEIGHT="30">
<TD WIDTH="105" HEIGHT="23">2019.03.20</TD>
<TD WIDTH="459" HEIGHT="23">Cf 클래스 추가</TD>
</TR>

<TR ACOPY="Y" ADELETE="Y" HEIGHT="76">
<TD WIDTH="105" HEIGHT="69">2019.09.09</TD>

<TD WIDTH="459" HEIGHT="69">
<P>- 기업공시서식 작성기준 개정사항 등 반영-「주식·사채 등의 전자등록에 관한 법률」시행(2019.09.16)에 따른 변경</P>
</TD>
</TR>

<TR ACOPY="Y" ADELETE="Y" HEIGHT="53">
<TD WIDTH="105" HEIGHT="46">2020.02.05</TD>
<TD WIDTH="459" HEIGHT="46">- Class S-P (퇴직) 신설- 결산기 재무제표 확정에 따른 갱신 및 수익률 변동성 변경</TD>
</TR>

<TR ACOPY="Y" ADELETE="Y" HEIGHT="30">
<TD WIDTH="105" HEIGHT="23">2021.01.07</TD>
<TD WIDTH="459" HEIGHT="23">결산기 재무제표 확정에 따른 갱신 및 투자위험등급 변경</TD>
</TR>

<TR ACOPY="Y" ADELETE="Y" HEIGHT="30">
<TD WIDTH="105" HEIGHT="23">2021.01.21</TD>
<TD WIDTH="459" HEIGHT="23">일반사무관리회사 변경(신한아이타스 → 하나펀드서비스)</TD>
</TR>

<TR ACOPY="Y" ADELETE="Y" HEIGHT="76">
<TD WIDTH="105" HEIGHT="69">2021.06.10</TD>

<TD WIDTH="459" HEIGHT="69">
<P>- 전자증권법 시행에 따른 내용 추가 반영</P>
<P>- 자본시장과 금융투자업에 관한 법률ㆍ금융투자업규정 및 기업공시서식 개정사항 반영</P>
</TD>
</TR>

<TR ACOPY="Y" ADELETE="Y" HEIGHT="145">
<TD WIDTH="105" HEIGHT="138">2022.01.21</TD>

<TD WIDTH="459" HEIGHT="138">
<P>- 결산기 재무제표 확정에 따른 갱신 및 실제수익률 변동성 변경  </P>
<P>(실제 수익률 변동성 '2등급' '21.23'%' -> 실제 수익률 변동성 '2등급’ 21.58%’) </P>
<P>- 자본시장법 시행령 제260조 개정에 따른 집합투자재산 평가방법 개정사항 반영</P>
<P>- 연금계좌 과세 개정사항 반영</P>
</TD>
</TR>

<TR ACOPY="Y" ADELETE="Y" HEIGHT="53">
<TD WIDTH="105" HEIGHT="46">2022.04.15</TD>

<TD WIDTH="459" HEIGHT="46">
<P>운용전문인력 변경 </P>
<P>(책임: 박찬 → 임지영 / 부책임: 임지영 → 김정민)</P>
</TD>
</TR>

<TR ACOPY="Y" ADELETE="Y" HEIGHT="76">
<TD WIDTH="105" HEIGHT="69">2023.01.20</TD>

<TD WIDTH="459" HEIGHT="69">
<P>- 결산기 재무제표 확정에 따른 갱신 및 실제수익률 변동성 변경 </P>
<P> (실제 수익률 변동성 '2등급' '21.58'%' -> 실제 수익률 변동성 '2등급’ ‘22.15%’)</P>
</TD>
</TR>

<TR ACOPY="Y" ADELETE="Y" HEIGHT="145">
<TD WIDTH="105" HEIGHT="138">2023.12.20</TD>

<TD WIDTH="459" HEIGHT="138">
<P>- 결산기 재무제표 확정에 따른 갱신 및 실제수익률 변동성 변경 </P>
<P>(실제 수익률 변동성 '2등급’ 22.15%’-> 실제 수익률 변동성 '2등급’ 16.16%) </P>
<P>- 자본시장법, 시행령 및 금융투자업규정 등 개정사항 반영</P>
<P>- 연금계좌 및 퇴직연금 과세 개정사항 반영</P>
<P>- 기업공시서식 개정사항 반영</P>
</TD>
</TR>

<TR ACOPY="Y" ADELETE="Y" HEIGHT="30">
<TD WIDTH="105" HEIGHT="23">2024.03.13</TD>
<TD WIDTH="459" HEIGHT="23">운용전문인력변경(부책임: 김정민 삭제)</TD>
</TR>

<TR ACOPY="Y" ADELETE="Y" HEIGHT="191">
<TD WIDTH="105" HEIGHT="184">2025.01.17</TD>

<TD WIDTH="459" HEIGHT="184">
<P USERMARK="A-L">- 결산기 재무제표 확정에 따른 갱신 및 투자위험등급 산정기준 변경</P>
<P USERMARK="A-L">(실제 수익률 변동성 '2등급’ 16.16%’ -> 일간 수익률의 최대손실예상액 '2등급’ 37.69%’)</P>
<P USERMARK="A-L">- 기업공시서식 개정사항 반영</P>
<P USERMARK="A-L">- 소득세법 개정사항 반영</P>
<P USERMARK="A-L">- 예금보험관계 표시 및 설명, 확인에 관한 규정 개정사항 반영</P>
<P USERMARK="A-L">- 금융투자회사의 영업 및 업무에 관한 규정 시행세칙 개정(종류S 등 정의 변경)에 따른 기재정정</P>
</TD>
</TR>
</TBODY>
</TABLE>
<P USERMARK="B P16">나. 투자설명서 공시</P>

<TABLE ACLASS="NORMAL" AFIXTABLE="N" BORDER="1" WIDTH="580">

<COLGROUP WIDTH="580">
<COL WIDTH="113"></COL>
<COL WIDTH="467"></COL>
</COLGROUP>

<TBODY>

<TR ACOPY="Y" ADELETE="Y" HEIGHT="30">
<TD WIDTH="104" HEIGHT="23">공시일</TD>
<TD WIDTH="458" HEIGHT="23">주요내용</TD>
</TR>

<TR ACOPY="Y" ADELETE="Y" HEIGHT="30">
<TD WIDTH="104" HEIGHT="23">2009.05.06</TD>
<TD WIDTH="458" HEIGHT="23">최초 제출 (자본시장법 전환)</TD>
</TR>

<TR ACOPY="Y" ADELETE="Y" HEIGHT="53">
<TD WIDTH="104" HEIGHT="46">2009.10.15</TD>
<TD WIDTH="458" HEIGHT="46">1) 법인세법시행령 개정에 따른Class Af 수익증권 가입자격 변경2) 소득세법 및 소득세법 시행령 개정에 따른 이익분배 조항 신설</TD>
</TR>

<TR ACOPY="Y" ADELETE="Y" HEIGHT="145">
<TD WIDTH="104" HEIGHT="138">2010.02.24</TD>
<TD WIDTH="458" HEIGHT="138">1) 결산에 따른 정기갱신2) 조세특례제한법 개정(2010.1.1)에 따른 과세에 관한 사항 반영3) 자본시장법 시행령 개정(2009.12.21, 자산운용보고서 및 자산보관ㆍ관리보고서에 관한 사항)에 따른 반영4) Class C장기주택마련 수익증권과 관련하여 조세특례제한법 개정 사항 반영</TD>
</TR>

<TR ACOPY="Y" ADELETE="Y" HEIGHT="122">
<TD WIDTH="104" HEIGHT="115">2011.03.16</TD>
<TD WIDTH="458" HEIGHT="115">1) 자본시장법 시행령 개정(2010.06.13, 소규모펀드 해지 및 수시공시에 관한 사항)에 따른 반영2) Class CP (퇴직연금 전용 수익증권) 신설3) 결산에 따른 정기갱신4) 채권평가회사 명칭 변경 (한국채권평가 → 한국자산평가)</TD>
</TR>

<TR ACOPY="Y" ADELETE="Y" HEIGHT="30">
<TD WIDTH="104" HEIGHT="23">2012.03.08</TD>
<TD WIDTH="458" HEIGHT="23">결산에 따른 정기갱신</TD>
</TR>

<TR ACOPY="Y" ADELETE="Y" HEIGHT="30">
<TD WIDTH="104" HEIGHT="23">2012.05.16</TD>
<TD WIDTH="458" HEIGHT="23">모자형 집합투자기구 내에 다른 자투자신탁 신설</TD>
</TR>

<TR ACOPY="Y" ADELETE="Y" HEIGHT="168">
<TD WIDTH="104" HEIGHT="161">2013.03.21</TD>

<TD WIDTH="458" HEIGHT="161">
<P>1) 결산에 따른 정기갱신2) 예금보험관계 표시에 관한 규정 개정[2012.02.27 시행]에 따른 예금자보호안내문 관련 문구 수정</P>
<P>3) 소득세법 개정('13.01.01)에 따른 금융소득종합과세 기준금액 관한 사항 변경</P>
<P>4) 자본시장과 금융투자업에 관한 법률 및 동법 시행령 개정사항 반영</P>
</TD>
</TR>

<TR ACOPY="Y" ADELETE="Y" HEIGHT="76">
<TD WIDTH="104" HEIGHT="69">2013.12.30</TD>

<TD WIDTH="458" HEIGHT="69">
<P>1) 결산에 따른 정기갱신2) 자본시장법 및 동법시행령 개정사항 반영</P>
<P>3) 채권평가회사(에프앤자산평가) 추가</P>
</TD>
</TR>

<TR ACOPY="Y" ADELETE="Y" HEIGHT="76">
<TD WIDTH="104" HEIGHT="69">2014.03.20</TD>

<TD WIDTH="458" HEIGHT="69">
<P>1) 모자형 집합투자기구 내에 다른 자투자신탁 신설</P>
<P>2) 집합투자업자에 관한 사항 업데이트(요약 재무내용 및 운용자산 규모)</P>
</TD>
</TR>

<TR ACOPY="Y" ADELETE="Y" HEIGHT="329">
<TD WIDTH="104" HEIGHT="322">2014.08.27</TD>

<TD WIDTH="458" HEIGHT="322">
<P>1) Class S 수익증권 신설</P>
<P>2) 기업공시서식기준 개정('14.06.01)에 따른 투자결정시 유의사항 변경</P>
<P>3) 미국 해외금융계좌납세협력법(FATCA)과 관련하여 투자결정시 유의사항, 투자위험(기타위험)에 관한 사항 신설</P>
<P>4) 이 투자신탁이 주로 투자하는 모투자신탁의 '집합투자증권등' 투자비중 변경 및 환매조건부매수 투자한도 신설</P>
<P>5) 모자형 집합투자기구 내에 다른 자투자신탁 삭제 -  - 교보악사 파워인덱스 목표전환형 증권 자투자신탁 1호[주식]    [운용전환일 이후] 교보악사 Tomorrow 목표전환형 증권 자투   자신탁 1호[채권]   - 교보악사 파워인덱스 증권 자투자신탁 1호 (채권혼합)</P>
<P>6) 모자형 집합투자기구 내에 다른 자투자신탁 신설    - 교보악사 우리겨레통일 증권 자투자신탁[주식]’</P>
</TD>
</TR>

<TR ACOPY="Y" ADELETE="Y" HEIGHT="214">

<TD WIDTH="104" HEIGHT="207">
<P>2015.01.21</P>
</TD>

<TD WIDTH="458" HEIGHT="207">
<P>1) 결산에 따른 정기갱신</P>
<P>2) 기업공시서식기준 개정('14.10.01)에 따른 투자결정시 유의사항 신설</P>
<P>3) 이 투자신탁이 투자하는 모투자신탁의 투자대상 확대 (채권 투자대상에 전자단기사채 추가, 집합투자증권 中 ETF에 대한 투자한도 변경)</P>
<P>4) 자본시장과 금융투자업에 관한 법률 개정사항 반영</P>
<P>5) 지방세법 개정('15.1.1시행)  사항 반영- 수익자에 대한 과세율에 관한 사항 中 “내국법인에 대한 과세율 변경(14% →15.4%)”</P>
</TD>
</TR>

<TR ACOPY="Y" ADELETE="Y" HEIGHT="30">

<TD WIDTH="104" HEIGHT="23">
<P>2015.07.03</P>
</TD>

<TD WIDTH="458" HEIGHT="23">
<P>Class CP 환매수수료 변경 (90일 미만 이익금의 70% → 없음)</P>
</TD>
</TR>

<TR ACOPY="Y" ADELETE="Y" HEIGHT="145">

<TD WIDTH="104" HEIGHT="138">
<P>2015.11.23</P>
</TD>

<TD WIDTH="458" HEIGHT="138">
<P>1) 환매수수료 삭제</P>
<P>2) 부책임운용전문인력 신설</P>
<P>3) 자본시장법 및 동법 시행령 개정사항 반영(모투자신탁에 관한 사항 포함)</P>
<P>4) 기업공시서식 작성기준 개정('15.02.10) 사항 반영 : 집합투자업자의 고유재산 투자에 관한 사항 신설등</P>
</TD>
</TR>

<TR ACOPY="Y" ADELETE="Y" HEIGHT="145">
<TD WIDTH="104" HEIGHT="138">2016.04.01</TD>
<TD WIDTH="458" HEIGHT="138">1) Class CW 신설 2) 결산에 따른 정기갱신 3) 소규모 집합투자기구 정리 및 발생억제를 위한 관리에 관한 사항 신설 4) 작성기준일 변경에 따른 운용전문인력 관한 사항, 집합투자기구 투자실적 추이, 집합투자업자에 관한 사항 등에 업데이트</TD>
</TR>

<TR ACOPY="Y" ADELETE="Y" HEIGHT="30">
<TD WIDTH="104" HEIGHT="23">2016.07.04</TD>
<TD WIDTH="458" HEIGHT="23">투자위험 등급 분류 체계 개편 내용 반영</TD>
</TR>

<TR ACOPY="Y" ADELETE="Y" HEIGHT="30">
<TD WIDTH="104" HEIGHT="23">2016.08.01</TD>
<TD WIDTH="458" HEIGHT="23">판매 및 환매의 기준시점 변경 (15시 → 15시30분)</TD>
</TR>

<TR ACOPY="Y" ADELETE="Y" HEIGHT="168">
<TD WIDTH="104" HEIGHT="161">2016.11.02</TD>

<TD WIDTH="458" HEIGHT="161">
<P>- 모자형 집합투자기구로의 변경</P>
<P>(시행령 제245조제5항제2호에 따른 소규모투자신탁의 집합투자재산 전부를 이미 설정된 모집합투자기구로 이전)</P>
<P>- 투자신탁 명칭, 모자구조 변경에 따른 운용전략 변경</P>
<P>- 모자형 구조로의 변경에 따른 전반적인 기재사항 반영</P>
<P>- 온라인 클래스 추가</P>
<P>- 소득세법 개정에 따른 이익분배 유보</P>
</TD>
</TR>

<TR ACOPY="Y" ADELETE="Y" HEIGHT="53">
<TD WIDTH="104" HEIGHT="46">2017.01.16</TD>

<TD WIDTH="458" HEIGHT="46">
<P>- 결산에 따른 실제 수익률 변동성 변경</P>
<P>- 소득세법 개정에 따른 이익금 유보</P>
</TD>
</TR>

<TR ACOPY="Y" ADELETE="Y" HEIGHT="30">
<TD WIDTH="104" HEIGHT="23">2017.03.03</TD>
<TD WIDTH="458" HEIGHT="23">재무정보 확정에 따른 운용성과 등 업데이트</TD>
</TR>

<TR ACOPY="Y" ADELETE="Y" HEIGHT="30">
<TD WIDTH="104" HEIGHT="23">2017.05.02</TD>
<TD WIDTH="458" HEIGHT="23">클린 클래스(Class AG 및Class CG)신설</TD>
</TR>

<TR ACOPY="Y" ADELETE="Y" HEIGHT="53">
<TD WIDTH="104" HEIGHT="46">2017.06.15</TD>

<TD WIDTH="458" HEIGHT="46">
<P>- 집합투자업자보수 인하</P>
<P>- 재무정보 확정에 따른 운용성과 등 업데이트</P>
</TD>
</TR>

<TR ACOPY="Y" ADELETE="Y" HEIGHT="30">
<TD WIDTH="104" HEIGHT="23">2017.07.24</TD>
<TD WIDTH="458" HEIGHT="23">퇴직연금 클래스(C-R, C-Re) 신설</TD>
</TR>

<TR ACOPY="Y" ADELETE="Y" HEIGHT="30">
<TD WIDTH="104" HEIGHT="23">2017.07.31</TD>
<TD WIDTH="458" HEIGHT="23">온라인 클래스(Ae, C-Pe) 신설</TD>
</TR>

<TR ACOPY="Y" ADELETE="Y" HEIGHT="30">
<TD WIDTH="104" HEIGHT="23">2017.11.15</TD>
<TD WIDTH="458" HEIGHT="23">연금클래스 신설</TD>
</TR>

<TR ACOPY="Y" ADELETE="Y" HEIGHT="30">
<TD WIDTH="104" HEIGHT="23">2017.12.15</TD>
<TD WIDTH="458" HEIGHT="23">ClassCh 판매보수 인하</TD>
</TR>

<TR ACOPY="Y" ADELETE="Y" HEIGHT="30">
<TD WIDTH="104" HEIGHT="23">2018.03.14</TD>
<TD WIDTH="458" HEIGHT="23">결산기 재무제표 확정에 따른 갱신 및 수익률 변동성 변경</TD>
</TR>

<TR ACOPY="Y" ADELETE="Y" HEIGHT="30">
<TD WIDTH="104" HEIGHT="23">2019.02.01</TD>
<TD WIDTH="458" HEIGHT="23">결산기 재무제표 확정에 따른 갱신 및 수익률 변동성 변경</TD>
</TR>

<TR ACOPY="Y" ADELETE="Y" HEIGHT="30">
<TD WIDTH="104" HEIGHT="23">2019.03.26</TD>
<TD WIDTH="458" HEIGHT="23">Cf 클래스 추가</TD>
</TR>

<TR ACOPY="Y" ADELETE="Y" HEIGHT="76">
<TD WIDTH="104" HEIGHT="69">2019.09.16</TD>

<TD WIDTH="458" HEIGHT="69">
<P>- 기업공시서식 작성기준 개정사항 등 반영- 「주식·사채 등의 전자등록에 관한 법률」시행(2019.09.16)에 따른 변경</P>
</TD>
</TR>

<TR ACOPY="Y" ADELETE="Y" HEIGHT="53">
<TD WIDTH="104" HEIGHT="46">2020.02.12</TD>
<TD WIDTH="458" HEIGHT="46">- Class S-P (퇴직) 신설- 결산기 재무제표 확정에 따른 갱신 및 수익률 변동성 변경</TD>
</TR>

<TR ACOPY="Y" ADELETE="Y" HEIGHT="30">
<TD WIDTH="104" HEIGHT="23">2021.01.07</TD>
<TD WIDTH="458" HEIGHT="23">결산기 재무제표 확정에 따른 갱신 및 투자위험등급 변경</TD>
</TR>

<TR ACOPY="Y" ADELETE="Y" HEIGHT="30">
<TD WIDTH="104" HEIGHT="23">2021.01.28</TD>
<TD WIDTH="458" HEIGHT="23">일반사무관리회사 변경(신한아이타스 → 하나펀드서비스)</TD>
</TR>

<TR ACOPY="Y" ADELETE="Y" HEIGHT="76">
<TD WIDTH="104" HEIGHT="69">2021.06.16</TD>

<TD WIDTH="458" HEIGHT="69">
<P>- 전자증권법 시행에 따른 내용 추가 반영</P>
<P>- 자본시장과 금융투자업에 관한 법률ㆍ금융투자업규정 및 기업공시서식 개정사항 반영</P>
</TD>
</TR>

<TR ACOPY="Y" ADELETE="Y" HEIGHT="145">
<TD WIDTH="104" HEIGHT="138">2022.01.28</TD>

<TD WIDTH="458" HEIGHT="138">
<P>- 결산기 재무제표 확정에 따른 갱신 및 실제수익률 변동성 변경  </P>
<P>(실제 수익률 변동성 '2등급' '21.23'%' -> 실제 수익률 변동성 '2등급’ 21.58%’) </P>
<P>- 자본시장법 시행령 제260조 개정에 따른 집합투자재산 평가방법 개정사항 반영</P>
<P>- 연금계좌 과세 개정사항 반영</P>
</TD>
</TR>

<TR ACOPY="Y" ADELETE="Y" HEIGHT="53">
<TD WIDTH="104" HEIGHT="46">2022.04.22</TD>

<TD WIDTH="458" HEIGHT="46">
<P>운용전문인력 변경 </P>
<P>(책임: 박찬 → 임지영 / 부책임: 임지영 → 김정민)</P>
</TD>
</TR>

<TR ACOPY="Y" ADELETE="Y" HEIGHT="76">
<TD WIDTH="104" HEIGHT="69">2023.01.27</TD>

<TD WIDTH="458" HEIGHT="69">
<P>- 결산기 재무제표 확정에 따른 갱신 및 실제수익률 변동성 변경 </P>
<P> (실제 수익률 변동성 '2등급' '21.58'%' -> 실제 수익률 변동성 '2등급’ ‘22.15%’)</P>
</TD>
</TR>

<TR ACOPY="Y" ADELETE="Y" HEIGHT="145">
<TD WIDTH="104" HEIGHT="138">2023.12.27</TD>

<TD WIDTH="458" HEIGHT="138">
<P>- 결산기 재무제표 확정에 따른 갱신 및 실제수익률 변동성 변경 </P>
<P>(실제 수익률 변동성 '2등급’ 22.15%’-> 실제 수익률 변동성 '2등급’ 16.16%) </P>
<P>- 자본시장법, 시행령 및 금융투자업규정 등 개정사항 반영</P>
<P>- 연금계좌 및 퇴직연금 과세 개정사항 반영</P>
<P>- 기업공시서식 개정사항 반영</P>
</TD>
</TR>

<TR ACOPY="Y" ADELETE="Y" HEIGHT="30">
<TD WIDTH="104" HEIGHT="23">2024.03.20</TD>
<TD WIDTH="458" HEIGHT="23">운용전문인력변경(부책임: 김정민 삭제)</TD>
</TR>

<TR ACOPY="Y" ADELETE="Y" HEIGHT="191">
<TD WIDTH="104" HEIGHT="184">2025.01.24</TD>

<TD WIDTH="458" HEIGHT="184">
<P USERMARK="A-L">- 결산기 재무제표 확정에 따른 갱신 및 투자위험등급 산정기준 변경</P>
<P USERMARK="A-L">(실제 수익률 변동성 '2등급’ 16.16%’ -> 일간 수익률의 최대손실예상액 '2등급’ 37.69%’)</P>
<P USERMARK="A-L">- 기업공시서식 개정사항 반영</P>
<P USERMARK="A-L">- 소득세법 개정사항 반영</P>
<P USERMARK="A-L">- 예금보험관계 표시 및 설명, 확인에 관한 규정 개정사항 반영</P>
<P USERMARK="A-L">- 금융투자회사의 영업 및 업무에 관한 규정 시행세칙 개정(종류S 등 정의 변경)에 따른 기재정정</P>
</TD>
</TR>
</TBODY>
</TABLE>
<P USERMARK="B P16">다. 증권발행실적보고서 공시</P>

<TABLE ACLASS="NORMAL" AFIXTABLE="N" BORDER="1" WIDTH="575">

<COLGROUP WIDTH="575">
<COL WIDTH="114"></COL>
<COL WIDTH="461"></COL>
</COLGROUP>

<TBODY>

<TR ACOPY="Y" ADELETE="Y" HEIGHT="30">
<TD WIDTH="105" HEIGHT="23">공시일</TD>
<TD WIDTH="452" HEIGHT="23">주요내용</TD>
</TR>

<TR ACOPY="Y" ADELETE="Y" HEIGHT="30">
<TD WIDTH="105" HEIGHT="23">2009.12.28</TD>
<TD WIDTH="452" HEIGHT="23">최초 제출 (대상기간 : 2009.05.03~2009.12.18)</TD>
</TR>

<TR ACOPY="Y" ADELETE="Y" HEIGHT="30">
<TD WIDTH="105" HEIGHT="23">2011.01.11</TD>
<TD WIDTH="452" HEIGHT="23">증권발행실적보고서 제출 (대상기간 : 2009.12.19 ~ 2010.12.18)</TD>
</TR>

<TR ACOPY="Y" ADELETE="Y" HEIGHT="30">
<TD WIDTH="105" HEIGHT="23">2011.12.26</TD>
<TD WIDTH="452" HEIGHT="23">증권발행실적보고서 제출 (대상기간 : 2010.12.19 ~ 2011.12.18)</TD>
</TR>

<TR ACOPY="Y" ADELETE="Y" HEIGHT="30">
<TD WIDTH="105" HEIGHT="23">2013.01.09</TD>
<TD WIDTH="452" HEIGHT="23">증권발행실적보고서 제출 (대상기간 : 2011.12.19 ~ 2012.12.18)</TD>
</TR>

<TR ACOPY="Y" ADELETE="Y" HEIGHT="30">
<TD WIDTH="105" HEIGHT="23">2014.01.09</TD>
<TD WIDTH="452" HEIGHT="23">증권발행실적보고서 제출 (대상기간 : 2012.12.19 ~ 2013.12.18)</TD>
</TR>

<TR ACOPY="Y" ADELETE="Y" HEIGHT="30">
<TD WIDTH="105" HEIGHT="23">2014.12.24</TD>
<TD WIDTH="452" HEIGHT="23">증권발행실적보고서 제출 (대상기간 : 2013.12.19 ~ 2014.12.18)</TD>
</TR>

<TR ACOPY="Y" ADELETE="Y" HEIGHT="30">
<TD WIDTH="105" HEIGHT="23">2016.01.11</TD>
<TD WIDTH="452" HEIGHT="23">증권발행실적보고서 제출 (대상기간 : 2014.12.19 - 2015.12.18)</TD>
</TR>

<TR ACOPY="Y" ADELETE="Y" HEIGHT="30">
<TD WIDTH="105" HEIGHT="23">2016.12.23</TD>
<TD WIDTH="452" HEIGHT="23">증권발행실적보고서 제출 (대상기간 : 2015.12.19 - 2016.12.18)</TD>
</TR>

<TR ACOPY="Y" ADELETE="Y" HEIGHT="30">
<TD WIDTH="105" HEIGHT="23">2018.01.09</TD>
<TD WIDTH="452" HEIGHT="23">증권발행실적보고서 제출 (대상기간 : 2016.12.19 - 2017.12.18)</TD>
</TR>

<TR ACOPY="Y" ADELETE="Y" HEIGHT="30">
<TD WIDTH="105" HEIGHT="23">2019.01.11</TD>
<TD WIDTH="452" HEIGHT="23">증권발행실적보고서 제출 (대상기간 : 2017.12.19 - 2018.12.18)</TD>
</TR>

<TR ACOPY="Y" ADELETE="Y" HEIGHT="30">
<TD WIDTH="105" HEIGHT="23">2020.01.16</TD>
<TD WIDTH="452" HEIGHT="23">증권발행실적보고서 제출 (대상기간 : 2018.12.19 - 2019.12.18)</TD>
</TR>

<TR ACOPY="Y" ADELETE="Y" HEIGHT="30">
<TD WIDTH="105" HEIGHT="23">2020.12.30</TD>
<TD WIDTH="452" HEIGHT="23">증권발행실적보고서 제출 (대상기간 : 2019.12.19 - 2020.12.18)</TD>
</TR>

<TR ACOPY="Y" ADELETE="Y" HEIGHT="30">
<TD WIDTH="105" HEIGHT="23">2021.12.28</TD>
<TD WIDTH="452" HEIGHT="23">증권발행실적보고서 제출 (대상기간 : 2020.12.19 - 2021.12.18)</TD>
</TR>

<TR ACOPY="Y" ADELETE="Y" HEIGHT="30">
<TD WIDTH="105" HEIGHT="23">2023.01.11</TD>
<TD WIDTH="452" HEIGHT="23">증권발행실적보고서 제출 (대상기간 : 2021.12.19 - 2022.12.18)</TD>
</TR>

<TR ACOPY="Y" ADELETE="Y" HEIGHT="30">
<TD WIDTH="105" HEIGHT="23">2024.01.11</TD>
<TD WIDTH="452" HEIGHT="23">증권발행실적보고서 제출 (대상기간 : 2022.12.19 - 2023.12.18)</TD>
</TR>

<TR ACOPY="Y" ADELETE="Y" HEIGHT="30">
<TD WIDTH="105" HEIGHT="23">2024.12.23</TD>
<TD WIDTH="452" HEIGHT="23">증권발행실적보고서 제출 (대상기간 : 2023.12.19 - 2024.12.18)</TD>
</TR>

<TR ACOPY="Y" ADELETE="Y" HEIGHT="30">
<TD WIDTH="105" HEIGHT="23">2026.01.06</TD>
<TD WIDTH="452" HEIGHT="23">증권발행실적보고서 제출 (대상기간 : 2024.12.19 - 2025.12.18)</TD>
</TR>
</TBODY>
</TABLE>
<P USERMARK="P32"></P>
</SECTION-2>
</SECTION-1>
</BODY>
</DOCUMENT>