<?xml version="1.0" encoding="utf-8"?>


<DOCUMENT xmlns:xsi="http://www.w3.org/2001/XMLSchema-instance" xsi:noNamespaceSchemaLocation="dart4.xsd">

<DOCUMENT-NAME ACODE="12010">주식매수선택권 부여에 관한 신고</DOCUMENT-NAME>
<FORMULA-VERSION ADATE="20180119">6.0</FORMULA-VERSION>
<COMPANY-NAME AREGCIK="01806951">폰드그룹(주)</COMPANY-NAME>


<BODY ATOCID="3">

<LIBRARY>
<CORRECTION>
<TITLE ATOC="Y" AASSOCNOTE="CORRECTION" ENG="Report of Disclosure Revision" ATOCID="3">정 정 신 고 (보고)</TITLE>

<TABLE ACLASS="NORMAL" AFIXTABLE="Y" WIDTH="600" BORDER="0">

<COLGROUP WIDTH="600">
<COL WIDTH="600"></COL>
</COLGROUP>

<TBODY>

<TR ACOPY="N" ADELETE="N" HEIGHT="30">
<TD WIDTH="591" HEIGHT="23"></TD>
</TR>

<TR ACOPY="N" ADELETE="N" HEIGHT="30">
<TD ALIGN="RIGHT" WIDTH="591" HEIGHT="23">2026 년 1 월 5 일</TD>
</TR>
</TBODY>
</TABLE>
<P></P>
<P></P>

<TABLE ACLASS="NORMAL" AFIXTABLE="Y" WIDTH="600" BORDER="0">

<COLGROUP WIDTH="600">
<COL WIDTH="165"></COL>
<COL WIDTH="435"></COL>
</COLGROUP>

<TBODY>

<TR ACOPY="N" ADELETE="N" HEIGHT="30">
<TD WIDTH="156" VALIGN="MIDDLE" AUPDATECONT="N" ENG="1. Disclosure document to be revised:" HEIGHT="23">1. 정정대상 공시서류 :</TD>
<TD WIDTH="426" VALIGN="MIDDLE" HEIGHT="23">주식매수선택권 부여에 관한 신고</TD>
</TR>
</TBODY>
</TABLE>
<P></P>

<TABLE ACLASS="NORMAL" AFIXTABLE="Y" WIDTH="600" BORDER="0">

<COLGROUP WIDTH="600">
<COL WIDTH="260"></COL>
<COL WIDTH="340"></COL>
</COLGROUP>

<TBODY>

<TR ACOPY="N" ADELETE="N" HEIGHT="30">
<TD WIDTH="251" VALIGN="MIDDLE" AUPDATECONT="N" ENG="2. First submission date of disclosure document to be revised:" HEIGHT="23">2. 정정대상 공시서류의 최초제출일 :</TD>
<TD WIDTH="331" VALIGN="MIDDLE" HEIGHT="23">2025년 3월 31일</TD>
</TR>
</TBODY>
</TABLE>
<P></P>

<TABLE ACLASS="NORMAL" AFIXTABLE="Y" WIDTH="600" BORDER="0">

<COLGROUP WIDTH="600">
<COL WIDTH="600"></COL>
</COLGROUP>

<TBODY>

<TR ACOPY="N" ADELETE="N" HEIGHT="30">
<TD WIDTH="591" VALIGN="MIDDLE" AUPDATECONT="N" ENG="3. Revised Information" HEIGHT="23">3. 정정사항</TD>
</TR>
</TBODY>
</TABLE>

<TABLE ACLASS="NORMAL" AFIXTABLE="N" WIDTH="1014" BORDER="1">

<COLGROUP WIDTH="1014">
<COL WIDTH="244"></COL>
<COL WIDTH="258"></COL>
<COL WIDTH="313"></COL>
<COL WIDTH="97"></COL>
<COL WIDTH="102"></COL>
</COLGROUP>

<THEAD>

<TR ACOPY="N" ADELETE="N" HEIGHT="30">
<TH WIDTH="493" VALIGN="MIDDLE" ACOPYCOL="N" ADELETECOL="N" AMOVECOL="N" AUPDATECONT="N" ENG="Items" COLSPAN="2" HEIGHT="23">항  목</TH>
<TH WIDTH="304" VALIGN="MIDDLE" ACOPYCOL="N" ADELETECOL="N" AMOVECOL="N" AUPDATECONT="N" ENG="Reason for revision" HEIGHT="23">정정사유</TH>
<TH WIDTH="88" VALIGN="MIDDLE" ACOPYCOL="N" ADELETECOL="N" AMOVECOL="N" AUPDATECONT="N" ENG="Before revision" HEIGHT="23">정 정 전</TH>
<TH WIDTH="93" VALIGN="MIDDLE" ACOPYCOL="N" ADELETECOL="N" AMOVECOL="N" AUPDATECONT="N" ENG="After revision" HEIGHT="23">정 정 후</TH>
</TR>
</THEAD>

<TBODY>

<TR ACOPY="Y" ADELETE="Y" HEIGHT="30">
<TD VALIGN="MIDDLE" COLSPAN="2" WIDTH="493" HEIGHT="23">2. 당해부여 주식 (주)</TD>

<TD VALIGN="MIDDLE" WIDTH="304" HEIGHT="23">
<SPAN>무상증자에 따른 부여주식수 조정</SPAN>
</TD>

<TD ALIGN="RIGHT" VALIGN="MIDDLE" WIDTH="88" HEIGHT="23">
<SPAN>170,000</SPAN>
</TD>
<TD ALIGN="RIGHT" VALIGN="MIDDLE" WIDTH="93" HEIGHT="23"> 302,631</TD>
</TR>

<TR ACOPY="Y" ADELETE="Y" HEIGHT="30">

<TD VALIGN="MIDDLE" WIDTH="235" HEIGHT="23">
<SPAN>3. 행사조건</SPAN>
</TD>

<TD VALIGN="MIDDLE" WIDTH="249" HEIGHT="23">
<SPAN>행</SPAN>
<SPAN>사가격(원)</SPAN>
</TD>

<TD VALIGN="MIDDLE" WIDTH="304" HEIGHT="23">
<SPAN>무상증자에 따른 행사가격 조정</SPAN>
</TD>

<TD ALIGN="RIGHT" VALIGN="MIDDLE" WIDTH="88" HEIGHT="23">
<SPAN>5,861</SPAN>
</TD>
<TD ALIGN="RIGHT" VALIGN="MIDDLE" WIDTH="93" HEIGHT="23">3,293</TD>
</TR>

<TR ACOPY="Y" ADELETE="Y" HEIGHT="30">

<TD WIDTH="235" HEIGHT="23">
<SPAN>8. 당해부여 후 총부여현황 (주)</SPAN>
</TD>

<TD WIDTH="249" HEIGHT="23">
<SPAN>보통주식</SPAN>
</TD>

<TD VALIGN="MIDDLE" WIDTH="304" HEIGHT="23">
<SPAN>무상증자에 따른 부여주식수 조정</SPAN>
</TD>

<TD ALIGN="RIGHT" VALIGN="MIDDLE" WIDTH="88" HEIGHT="23">
<SPAN>230,305</SPAN>
</TD>
<TD ALIGN="RIGHT" VALIGN="MIDDLE" WIDTH="93" HEIGHT="23">409,988</TD>
</TR>

<TR ACOPY="Y" ADELETE="Y" HEIGHT="76">
<TD VALIGN="MIDDLE" WIDTH="235" HEIGHT="69">10. 기타 투자 판단에 참고할 사항</TD>

<TD WIDTH="249" HEIGHT="69">나. 행사가격
<SPAN>사. 공정가치 산정방법 및 주요 가정</SPAN>
<SPAN>[ 대상자별 부여내역 ]</SPAN>
<SPAN></SPAN>
</TD>

<TD VALIGN="MIDDLE" WIDTH="304" HEIGHT="69">
<SPAN>무상증자에 따른 행사가격, 부여주식수 조정</SPAN>
</TD>
<TD ALIGN="CENTER" VALIGN="MIDDLE" WIDTH="88" HEIGHT="69">주1) 정정전</TD>
<TD ALIGN="CENTER" VALIGN="MIDDLE" WIDTH="93" HEIGHT="69">주2) 정정 후</TD>
</TR>
</TBODY>
</TABLE>

<P>
<SPAN USERMARK="B">주1) 정정전 </SPAN>
<SPAN>나. 행사가격은 자본시장과 금융투자업에 관한 법률 시행령 제176조의 7 제3항 제1호 규정을 준용하여 주주총회 전일을 기산일로 하여 과거 1주일, 1개월, 2개월간의 각 거래량을 가중치로 하여 가중평균한 가격의 산술평균가격입니다.</SPAN>
<SPAN>사. 공정가치 산정방법 및 주요 가정하기 "공정가치"는 해당주식의 시가가 아닌 주식매수선택권에 대한 공정가치이며, 공정가액접근법 중 이항모형을 적용하였습니다. 공정가치 산정 가정은 다음과 같습니다.</SPAN>
<SPAN>(1) 주당 공정가치:  2,094.93원(2) 권리부여일의 전일 종가 :  5,750원(3) 행사가격 : 5,861원(4) 무위험이자율 : 2.73%(5) 시가배당률 : 0%(6) 행사기간 :  2027.03.31~2032.03.30(7) 변동성 : 40.00%</SPAN>
<SPAN>* 상기 내역은 회계감사 의견에 따라 수정될 수 있습니다.</SPAN>
</P>

<TABLE BORDER="0" WIDTH="600" ACLASS="NORMAL" AFIXTABLE="N">

<COLGROUP WIDTH="600">
<COL WIDTH="273"></COL>
<COL WIDTH="327"></COL>
</COLGROUP>

<TBODY>

<TR ACOPY="Y" ADELETE="Y" HEIGHT="30">
<TD WIDTH="264" HEIGHT="23">[ 대상자별 부여내역 ]</TD>
<TD WIDTH="318" HEIGHT="23"></TD>
</TR>
</TBODY>
</TABLE>

<TABLE BORDER="1" WIDTH="600" ACLASS="NORMAL" AFIXTABLE="N">

<COLGROUP WIDTH="600">
<COL WIDTH="139"></COL>
<COL WIDTH="88"></COL>
<COL WIDTH="91"></COL>
<COL WIDTH="95"></COL>
<COL WIDTH="105"></COL>
<COL WIDTH="82"></COL>
</COLGROUP>

<THEAD>

<TR ACOPY="Y" ADELETE="Y" HEIGHT="30">
<TH ROWSPAN="2" WIDTH="130" USERMARK="BC0XDCDCDC" VALIGN="MIDDLE" ACOPYCOL="Y" ADELETECOL="Y" AMOVECOL="N" HEIGHT="53">부여대상자명</TH>
<TH ROWSPAN="2" WIDTH="79" USERMARK="BC0XDCDCDC" VALIGN="MIDDLE" ACOPYCOL="Y" ADELETECOL="Y" AMOVECOL="N" HEIGHT="53">관 계</TH>
<TH COLSPAN="2" WIDTH="177" USERMARK="BC0XDCDCDC" VALIGN="MIDDLE" ACOPYCOL="Y" ADELETECOL="Y" AMOVECOL="N" HEIGHT="23">부여주식 (주)</TH>
<TH ROWSPAN="2" WIDTH="96" USERMARK="BC0XDCDCDC" VALIGN="MIDDLE" ACOPYCOL="Y" ADELETECOL="Y" AMOVECOL="N" HEIGHT="53">공정가치</TH>
<TH ROWSPAN="2" WIDTH="73" USERMARK="BC0XDCDCDC" VALIGN="MIDDLE" ACOPYCOL="Y" ADELETECOL="Y" AMOVECOL="N" HEIGHT="53">비 고</TH>
</TR>

<TR ACOPY="Y" ADELETE="Y" HEIGHT="30">
<TH USERMARK="BC0XDCDCDC" VALIGN="MIDDLE" ACOPYCOL="Y" ADELETECOL="Y" AMOVECOL="N" WIDTH="82" HEIGHT="23">보통주식</TH>
<TH USERMARK="BC0XDCDCDC" VALIGN="MIDDLE" ACOPYCOL="Y" ADELETECOL="Y" AMOVECOL="N" WIDTH="86" HEIGHT="23">기타주식</TH>
</TR>
</THEAD>

<TBODY>

<TR ACOPY="Y" ADELETE="Y" HEIGHT="30">
<TD ALIGN="CENTER" VALIGN="MIDDLE" WIDTH="130" HEIGHT="23">임종민</TD>
<TD ALIGN="CENTER" VALIGN="MIDDLE" WIDTH="79" HEIGHT="23">대표이사</TD>
<TD ALIGN="RIGHT" VALIGN="MIDDLE" WIDTH="82" HEIGHT="23">100,000</TD>
<TD ALIGN="RIGHT" VALIGN="MIDDLE" WIDTH="86" HEIGHT="23">-</TD>
<TD ALIGN="CENTER" VALIGN="MIDDLE" WIDTH="96" HEIGHT="23">2,094.93</TD>
<TD ALIGN="CENTER" VALIGN="MIDDLE" WIDTH="73" HEIGHT="23">-</TD>
</TR>

<TR ACOPY="Y" ADELETE="Y" HEIGHT="30">
<TD ALIGN="CENTER" VALIGN="MIDDLE" WIDTH="130" HEIGHT="23">김유진</TD>
<TD ALIGN="CENTER" VALIGN="MIDDLE" WIDTH="79" HEIGHT="23">대표이사</TD>
<TD ALIGN="RIGHT" VALIGN="MIDDLE" WIDTH="82" HEIGHT="23">70,000</TD>
<TD ALIGN="RIGHT" VALIGN="MIDDLE" WIDTH="86" HEIGHT="23">-</TD>
<TD ALIGN="CENTER" VALIGN="MIDDLE" WIDTH="96" HEIGHT="23">2,094.93</TD>
<TD ALIGN="CENTER" VALIGN="MIDDLE" WIDTH="73" HEIGHT="23">-</TD>
</TR>
</TBODY>
</TABLE>

<P>
<SPAN></SPAN>
<SPAN USERMARK="B">주2) 정정후</SPAN>
<SPAN USERMARK="B"></SPAN>
<SPAN>나. 행사가격은 자본시장과 금융투자업에 관한 법률 시행령 제176조의 7 제3항 제1호 규정을 준용하여 주주총회 전일을 기산일로 하여 과거 1주일, 1개월, 2개월간의 각 거래량을 가중치로 하여 가중평균한 가격의 산술평균가격입니다.</SPAN>
<SPAN> </SPAN>
<SPAN>2025년 12월 9일  </SPAN>
<SPAN>보통주 1주당 신주 </SPAN>
<SPAN>0.7801750</SPAN>
<SPAN>주를 발행하는 이사회 결의에 따른 무상증자로 인하여 행사가격은 기존 5,861원에서 3,293원으로 조정되었습니다.</SPAN>
<SPAN></SPAN>
<SPAN USERMARK="B"></SPAN>
<SPAN></SPAN>
</P>

<P>
<SPAN>사. 공정가치 산정방법 및 주요 가정하기 "공정가치"는 해당주식의 시가가 아닌 주식매수선택권에 대한 공정가치이며, 공정가액접근법 중 이항모형을 적용하였습니다. 공정가치 산정 가정은 다음과 같습니다.</SPAN>
<SPAN>(1) 주당 공정가치:  </SPAN>
<SPAN>2,265.45원</SPAN>
<SPAN>(2) 권리부여일의 전일 종가 :  5,300원(3) 행사가격 : 3,293원(4) 무위험이자율 : 3.13%(5) 시가배당률 : 4.7%(6) 행사기간 :  2027.03.31~2032.03.30(7) 변동성 : 42.1%</SPAN>
<SPAN>* 상기 내역은 회계감사 의견에 따라 수정 될 수 있습니다.</SPAN>
</P>

<TABLE BORDER="0" WIDTH="600" ACLASS="NORMAL" AFIXTABLE="N">

<COLGROUP WIDTH="600">
<COL WIDTH="273"></COL>
<COL WIDTH="327"></COL>
</COLGROUP>

<TBODY>

<TR ACOPY="Y" ADELETE="Y" HEIGHT="30">
<TD WIDTH="264" HEIGHT="23">[ 대상자별 부여내역 ]</TD>
<TD WIDTH="318" HEIGHT="23"></TD>
</TR>
</TBODY>
</TABLE>

<TABLE BORDER="1" WIDTH="600" ACLASS="NORMAL" AFIXTABLE="N">

<COLGROUP WIDTH="600">
<COL WIDTH="139"></COL>
<COL WIDTH="88"></COL>
<COL WIDTH="91"></COL>
<COL WIDTH="95"></COL>
<COL WIDTH="105"></COL>
<COL WIDTH="82"></COL>
</COLGROUP>

<THEAD>

<TR ACOPY="Y" ADELETE="Y" HEIGHT="30">
<TH ROWSPAN="2" WIDTH="130" USERMARK="BC0XDCDCDC" VALIGN="MIDDLE" ACOPYCOL="Y" ADELETECOL="Y" AMOVECOL="N" HEIGHT="53">부여대상자명</TH>
<TH ROWSPAN="2" WIDTH="79" USERMARK="BC0XDCDCDC" VALIGN="MIDDLE" ACOPYCOL="Y" ADELETECOL="Y" AMOVECOL="N" HEIGHT="53">관 계</TH>
<TH COLSPAN="2" WIDTH="177" USERMARK="BC0XDCDCDC" VALIGN="MIDDLE" ACOPYCOL="Y" ADELETECOL="Y" AMOVECOL="N" HEIGHT="23">부여주식 (주)</TH>
<TH ROWSPAN="2" WIDTH="96" USERMARK="BC0XDCDCDC" VALIGN="MIDDLE" ACOPYCOL="Y" ADELETECOL="Y" AMOVECOL="N" HEIGHT="53">공정가치</TH>
<TH ROWSPAN="2" WIDTH="73" USERMARK="BC0XDCDCDC" VALIGN="MIDDLE" ACOPYCOL="Y" ADELETECOL="Y" AMOVECOL="N" HEIGHT="53">비 고</TH>
</TR>

<TR ACOPY="Y" ADELETE="Y" HEIGHT="30">
<TH USERMARK="BC0XDCDCDC" VALIGN="MIDDLE" ACOPYCOL="Y" ADELETECOL="Y" AMOVECOL="N" WIDTH="82" HEIGHT="23">보통주식</TH>
<TH USERMARK="BC0XDCDCDC" VALIGN="MIDDLE" ACOPYCOL="Y" ADELETECOL="Y" AMOVECOL="N" WIDTH="86" HEIGHT="23">기타주식</TH>
</TR>
</THEAD>

<TBODY>

<TR ACOPY="Y" ADELETE="Y" HEIGHT="30">
<TD ALIGN="CENTER" VALIGN="MIDDLE" WIDTH="130" HEIGHT="23">임종민</TD>
<TD ALIGN="CENTER" VALIGN="MIDDLE" WIDTH="79" HEIGHT="23">대표이사</TD>
<TD ALIGN="RIGHT" VALIGN="MIDDLE" WIDTH="82" HEIGHT="23">178,018</TD>
<TD ALIGN="RIGHT" VALIGN="MIDDLE" WIDTH="86" HEIGHT="23">-</TD>

<TD ALIGN="RIGHT" VALIGN="MIDDLE" WIDTH="96" HEIGHT="23">
<SPAN></SPAN>
<SPAN>2,265.45</SPAN>
</TD>
<TD ALIGN="CENTER" VALIGN="MIDDLE" WIDTH="73" HEIGHT="23">-</TD>
</TR>

<TR ACOPY="Y" ADELETE="Y" HEIGHT="30">
<TD ALIGN="CENTER" VALIGN="MIDDLE" WIDTH="130" HEIGHT="23">김유진</TD>
<TD ALIGN="CENTER" VALIGN="MIDDLE" WIDTH="79" HEIGHT="23">대표이사</TD>
<TD ALIGN="RIGHT" VALIGN="MIDDLE" WIDTH="82" HEIGHT="23">124,613</TD>
<TD ALIGN="RIGHT" VALIGN="MIDDLE" WIDTH="86" HEIGHT="23">-</TD>

<TD ALIGN="RIGHT" VALIGN="MIDDLE" WIDTH="96" HEIGHT="23">
<SPAN></SPAN>
<SPAN>2,265.45</SPAN>
</TD>
<TD ALIGN="CENTER" VALIGN="MIDDLE" WIDTH="73" HEIGHT="23">-</TD>
</TR>
</TBODY>
</TABLE>
<P></P>
<PGBRK></PGBRK>
</CORRECTION>
</LIBRARY>


<COVER>
<P></P>
<COVER-TITLE ATOC="Y" AASSOCNOTE="COVER" ENG="Report on the Grant of Stock Options" ATOCID="1">주식매수선택권 부여에 관한 신고</COVER-TITLE>

<TABLE ACLASS="NORMAL" AFIXTABLE="Y" WIDTH="600" BORDER="0">

<COLGROUP WIDTH="600">
<COL WIDTH="131"></COL>
<COL WIDTH="169"></COL>
<COL WIDTH="300"></COL>
</COLGROUP>

<TBODY>

<TR ACOPY="Y" ADELETE="Y" HEIGHT="30">
<TD COLSPAN="3" WIDTH="591" HEIGHT="23"></TD>
</TR>

<TR ACOPY="Y" ADELETE="Y" HEIGHT="30">
<TD COLSPAN="3" WIDTH="591" HEIGHT="23">금융위원회/한국거래소 귀중</TD>
</TR>

<TR ACOPY="Y" ADELETE="Y" HEIGHT="30">
<TD COLSPAN="3" ALIGN="RIGHT" VALIGN="MIDDLE" WIDTH="591" HEIGHT="23"> 2025 년   03 월   31 일</TD>
</TR>

<TR ACOPY="Y" ADELETE="Y" HEIGHT="53">
<TD COLSPAN="3" WIDTH="591" HEIGHT="46"></TD>
</TR>

<TR ACOPY="Y" ADELETE="Y" HEIGHT="30">
<TD WIDTH="122" HEIGHT="23">회   사   명 :</TD>
<TD COLSPAN="2" WIDTH="460" HEIGHT="23">폰드그룹 주식회사</TD>
</TR>

<TR ACOPY="Y" ADELETE="Y" HEIGHT="30">
<TD WIDTH="122" HEIGHT="23">대 표 이 사 :</TD>
<TD COLSPAN="2" WIDTH="460" HEIGHT="23">임종민, 김유진</TD>
</TR>

<TR ACOPY="Y" ADELETE="Y" HEIGHT="30">
<TD WIDTH="122" HEIGHT="23">본 점 소 재 지 :</TD>
<TD COLSPAN="2" WIDTH="460" HEIGHT="23">서울특별시 영등포구 여의대로 108, 42층(여의도동, 파크원타워1)</TD>
</TR>

<TR ACOPY="Y" ADELETE="Y" HEIGHT="30">
<TD WIDTH="122" HEIGHT="23"></TD>
<TD COLSPAN="2" WIDTH="460" HEIGHT="23">(전  화) 02-6390-8000</TD>
</TR>

<TR ACOPY="Y" ADELETE="Y" HEIGHT="30">
<TD WIDTH="122" HEIGHT="23"></TD>
<TD COLSPAN="2" WIDTH="460" HEIGHT="23">(홈페이지) www.pond-group.co.kr</TD>
</TR>

<TR ACOPY="Y" ADELETE="Y" HEIGHT="53">
<TD COLSPAN="3" WIDTH="591" HEIGHT="46"></TD>
</TR>

<TR ACOPY="Y" ADELETE="Y" HEIGHT="30">
<TD WIDTH="122" HEIGHT="23">작 성  책 임 자 :</TD>

<TD WIDTH="160" HEIGHT="23">(직  책) 
<SPAN>대표이사  </SPAN>
</TD>

<TD WIDTH="291" HEIGHT="23">(성  명) 
<SPAN>임종민</SPAN>
</TD>
</TR>

<TR ACOPY="Y" ADELETE="Y" HEIGHT="30">
<TD WIDTH="122" HEIGHT="23"></TD>

<TD COLSPAN="2" WIDTH="460" HEIGHT="23">(전  화) 
<SPAN>02-6390-8000</SPAN>
</TD>
</TR>

<TR ACOPY="Y" ADELETE="Y" HEIGHT="30">
<TD COLSPAN="3" WIDTH="591" HEIGHT="23"></TD>
</TR>
</TBODY>
</TABLE>
<P></P>
<PGBRK></PGBRK>
</COVER>

<SECTION-1 ACLASS="MANDATORY" APARTSOURCE="SOURCE">
<TITLE ATOC="Y" AASSOCNOTE="D-0-1-0-0" ENG="Grant of Stock Options" ATOCID="2">주식매수선택권 부여</TITLE>
<P></P>

<TABLE-GROUP ACLASS="TBL1" ADELETETABLE="N">

<TABLE ACLASS="EXTRACTION" AFIXTABLE="Y" WIDTH="599" BORDER="1">

<COLGROUP WIDTH="599">
<COL WIDTH="75"></COL>
<COL WIDTH="91"></COL>
<COL WIDTH="174"></COL>
<COL WIDTH="259"></COL>
</COLGROUP>

<TBODY>

<TR ACOPY="Y" ADELETE="Y" HEIGHT="53">
<TD ROWSPAN="2" COLSPAN="2" VALIGN="MIDDLE" WIDTH="157" AUPDATECONT="N" ENG="1. Number of recipients (persons)" HEIGHT="99">1. 부여대상자(명)</TD>
<TD ALIGN="CENTER" VALIGN="MIDDLE" WIDTH="165" AUPDATECONT="N" ENG="Director, auditor or employee of the listed company" HEIGHT="46">해당 상장회사의 이사ㆍ감사 또는 피용자</TD>
<TE ALIGN="RIGHT" VALIGN="MIDDLE" WIDTH="250" ACODE="TRG_CNT_01" HEIGHT="46">2</TE>
</TR>

<TR ACOPY="Y" ADELETE="Y" HEIGHT="53">
<TD ALIGN="CENTER" VALIGN="MIDDLE" AUPDATECONT="N" ENG="Director, auditor or employee of a related company" WIDTH="165" HEIGHT="46">관계회사의 이사ㆍ감사 또는 피용자</TD>
<TE ALIGN="RIGHT" VALIGN="MIDDLE" ACODE="TRG_CNT_02" WIDTH="250" HEIGHT="46">-</TE>
</TR>

<TR ACOPY="Y" ADELETE="Y" HEIGHT="30">
<TD ROWSPAN="2" COLSPAN="2" VALIGN="MIDDLE" AUPDATECONT="N" ENG="2. Number of shares granted (shrs.)" WIDTH="157" HEIGHT="53">2. 당해부여 주식 (주)</TD>
<TD ALIGN="CENTER" VALIGN="MIDDLE" AUPDATECONT="N" ENG="Common stock" WIDTH="165" HEIGHT="23">보통주식</TD>

<TE ALIGN="RIGHT" VALIGN="MIDDLE" ACODE="CST_GV_CNT" WIDTH="250" HEIGHT="23">
<SPAN>302,631</SPAN>
</TE>
</TR>

<TR ACOPY="Y" ADELETE="Y" HEIGHT="30">
<TD ALIGN="CENTER" VALIGN="MIDDLE" AUPDATECONT="N" ENG="Different classes of stocks" WIDTH="165" HEIGHT="23">기타주식</TD>
<TE ALIGN="RIGHT" VALIGN="MIDDLE" ACODE="PST_GV_CNT" WIDTH="250" HEIGHT="23">-</TE>
</TR>

<TR ACOPY="Y" ADELETE="Y" HEIGHT="30">
<TD ROWSPAN="4" VALIGN="MIDDLE" AUPDATECONT="N" ENG="3. Exercise conditions" WIDTH="66" HEIGHT="113">3. 행사   조건</TD>
<TD ROWSPAN="2" ALIGN="CENTER" VALIGN="MIDDLE" AUPDATECONT="N" ENG="Exercise period" WIDTH="82" HEIGHT="53">행사기간</TD>
<TD ALIGN="CENTER" VALIGN="MIDDLE" AUPDATECONT="N" ENG="Start date" WIDTH="165" HEIGHT="23">시작일</TD>
<TU ALIGN="CENTER" VALIGN="MIDDLE" AUNIT="EXE_BSN_DT" AUNITVALUE="20270331" WIDTH="250" HEIGHT="23">2027년 03월 31일</TU>
</TR>

<TR ACOPY="Y" ADELETE="Y" HEIGHT="30">
<TD ALIGN="CENTER" VALIGN="MIDDLE" AUPDATECONT="N" ENG="End date" WIDTH="165" HEIGHT="23">종료일</TD>
<TU ALIGN="CENTER" VALIGN="MIDDLE" AUNIT="EXE_END_DT" AUNITVALUE="20320330" WIDTH="250" HEIGHT="23">2032년 03월 30일</TU>
</TR>

<TR ACOPY="Y" ADELETE="Y" HEIGHT="30">
<TD ROWSPAN="2" ALIGN="CENTER" VALIGN="MIDDLE" AUPDATECONT="N" ENG="Exercise price (KRW)" WIDTH="82" HEIGHT="53">행사가격 (원)</TD>
<TD ALIGN="CENTER" VALIGN="MIDDLE" AUPDATECONT="N" ENG="Common stock" WIDTH="165" HEIGHT="23">보통주식</TD>

<TE ALIGN="RIGHT" VALIGN="MIDDLE" ACODE="CST_EXE_PRC" WIDTH="250" HEIGHT="23">
<SPAN>3,293</SPAN>
</TE>
</TR>

<TR ACOPY="Y" ADELETE="Y" HEIGHT="30">
<TD ALIGN="CENTER" VALIGN="MIDDLE" AUPDATECONT="N" ENG="Different classes of stocks" WIDTH="165" HEIGHT="23">기타주식</TD>
<TE ALIGN="RIGHT" VALIGN="MIDDLE" ACODE="PST_EXE_PRC" WIDTH="250" HEIGHT="23">-</TE>
</TR>

<TR ACOPY="Y" ADELETE="Y" HEIGHT="30">
<TD COLSPAN="3" VALIGN="MIDDLE" AUPDATECONT="N" ENG="4. Grant method" WIDTH="331" HEIGHT="23">4. 부여방법</TD>
<TU ALIGN="CENTER" VALIGN="MIDDLE" AUNIT="SOPT_MTH2" AUNITVALUE="111" WIDTH="250" HEIGHT="23" ENG="Grant of new shares, Grant of treasury stock, Compensation for difference">신주교부 , 자기주식교부 , 차액보상</TU>
</TR>

<TR ACOPY="Y" ADELETE="Y" HEIGHT="30">
<TD COLSPAN="3" VALIGN="MIDDLE" AUPDATECONT="N" ENG="5. Grant resolution body" WIDTH="331" HEIGHT="23">5. 부여결의 기관</TD>
<TE VALIGN="MIDDLE" ACODE="GRT_ORG" ALIGN="CENTER" WIDTH="250" HEIGHT="23">주주총회</TE>
</TR>

<TR ACOPY="Y" ADELETE="Y" HEIGHT="30">
<TD COLSPAN="3" VALIGN="MIDDLE" AUPDATECONT="N" ENG="6. Grant date" WIDTH="331" HEIGHT="23">6. 부여일자</TD>
<TU ALIGN="CENTER" VALIGN="MIDDLE" AUNIT="GV_DT" AUNITVALUE="20250331" WIDTH="250" HEIGHT="23">2025년 03월 31일</TU>
</TR>

<TR ACOPY="Y" ADELETE="Y" HEIGHT="76">
<TD COLSPAN="3" VALIGN="MIDDLE" AUPDATECONT="N" ENG="7. Basis for grant" WIDTH="331" HEIGHT="69">7. 부여근거</TD>

<TE VALIGN="MIDDLE" ACODE="GRT_BS" ALIGN="CENTER" WIDTH="250" HEIGHT="69">
<SPAN>정관 제10조의 2에 근거</SPAN>
<SPAN>(세부사항은 '10. 기타 투자판단에</SPAN>
<SPAN>참고할 사항'에 기재)</SPAN>
</TE>
</TR>

<TR ACOPY="Y" ADELETE="Y" HEIGHT="30">
<TD ROWSPAN="2" COLSPAN="2" VALIGN="MIDDLE" AUPDATECONT="N" ENG="8. Total grant after current grant (shrs.)" WIDTH="157" HEIGHT="53">8. 당해부여 후    총부여  현황 (주)</TD>
<TD ALIGN="CENTER" VALIGN="MIDDLE" AUPDATECONT="N" ENG="Common stock" WIDTH="165" HEIGHT="23">보통주식</TD>

<TE ALIGN="RIGHT" VALIGN="MIDDLE" ACODE="TOT_CST_GV_CNT" WIDTH="250" HEIGHT="23">
<SPAN>409,988</SPAN>
</TE>
</TR>

<TR ACOPY="Y" ADELETE="Y" HEIGHT="30">
<TD ALIGN="CENTER" VALIGN="MIDDLE" AUPDATECONT="N" ENG="Different classes of stocks" WIDTH="165" HEIGHT="23">기타주식</TD>
<TE ALIGN="RIGHT" VALIGN="MIDDLE" ACODE="TOT_PST_GV_CNT" WIDTH="250" HEIGHT="23">-</TE>
</TR>

<TR ACOPY="Y" ADELETE="Y" HEIGHT="30">
<TD COLSPAN="3" VALIGN="MIDDLE" AUPDATECONT="N" ENG="9. Board resolution date (If board resolution is granted)" WIDTH="331" HEIGHT="23">9. 이사회 결의일(이사회결의로 부여한 경우)</TD>
<TU VALIGN="MIDDLE" AUNIT="DRC_DT" ALIGN="CENTER" AUNITVALUE="-" WIDTH="250" HEIGHT="23">-</TU>
</TR>

<TR ACOPY="Y" ADELETE="Y" HEIGHT="30">
<TD ROWSPAN="2" COLSPAN="2" VALIGN="MIDDLE" AUPDATECONT="N" ENG="- Attendance of outside directors" WIDTH="157" HEIGHT="53"> - 사외이사참석여부</TD>
<TD ALIGN="CENTER" VALIGN="MIDDLE" AUPDATECONT="N" ENG="Present (No.)" WIDTH="165" HEIGHT="23">참석 (명)</TD>
<TE ALIGN="RIGHT" VALIGN="MIDDLE" ACODE="ATD_CNT" WIDTH="250" HEIGHT="23">-</TE>
</TR>

<TR ACOPY="Y" ADELETE="Y" HEIGHT="30">
<TD ALIGN="CENTER" VALIGN="MIDDLE" AUPDATECONT="N" ENG="Absent (No.)" WIDTH="165" HEIGHT="23">불참 (명)</TD>
<TE ALIGN="RIGHT" VALIGN="MIDDLE" ACODE="NATD_CNT" WIDTH="250" HEIGHT="23">-</TE>
</TR>

<TR ACOPY="Y" ADELETE="Y" HEIGHT="30">
<TD COLSPAN="3" VALIGN="MIDDLE" AUPDATECONT="N" ENG="- Attendance of auditors (members of Audit Committee)" WIDTH="331" HEIGHT="23"> - 감사(감사위원)참석여부</TD>
<TU VALIGN="MIDDLE" AUNIT="ADT_ATD_YN" ALIGN="CENTER" AUNITVALUE="-" WIDTH="250" HEIGHT="23" ENG="-">-</TU>
</TR>
</TBODY>
</TABLE>
</TABLE-GROUP>

<P>
<SPAN>10. 기타 투자판단에 참고할 사항</SPAN>
</P>
<P>가. 부여근거: 당사 정관 제10조의2(주식매수선택권)① 당 회사는 임, 직원에게 발행주식총수의 100분의 15 범위 내에서 주식매수선택권을 주주총회의 특별결의로 부여할 수 있다. 다만 상법 제542조의3 제3항의 규정에 따라 발행주식총수의 100분의 3 범위 내에서 이사회의 결의로 주식매수선택권을 부여할 수 있다. 이사회의 결의로 주식매수선택권을 부여한 경우 회사는 부여 후 처음으로 소집되는 주주총회의 승인을 받아야 한다. 주주총회 또는 이사회 결의에 의해 부여하는 주식매수선택권은 경영성과목표 또는 시장지수 등에 연동하는 성과연동형으로 할 수 있다.</P>
<P>② 주식매수선택권을 부여 받을 자는 회사의 설립, 경영과 기술혁신 등에 기여하거</P>
<P>나 기여할 수 있는 회사의 이사, 감사 또는 피용자 및 「상법 시행령」 제30조 제1항이 정하는 관계회사의 이사, 감사 또는 피용자로 한다. </P>

<P>
<SPAN>나. 행사가격은 자본시장과 금융투자업에 관한 법률 시행령 제176조의 7 제3항 제1호 규정을 준용하여 주주총회 전일을 기산일로 하여 과거 1주일, 1개월, 2개월간의 각 거래량을 가중치로 하여 가중평균한 가격의 산술평균가격입니다.</SPAN>
<SPAN> </SPAN>
<SPAN>2025년 12월 9일  </SPAN>
<SPAN>보통주 1주당 신주 </SPAN>
<SPAN>0.7801750</SPAN>
<SPAN>주를 발행하는 이사회 결의에 따른 무상증자로 인하여 행사가격은 기존 5,861원에서 3,293원으로 조정되었습니다.</SPAN>
<SPAN></SPAN>
<SPAN USERMARK="B"></SPAN>
<SPAN></SPAN>
</P>

<P>다. 행사기간 및 조건주식매수선택권은 부여일로부터 2년이 경과하는 날로부터 5년 이내에 행사가 가능하며, 부여대상자가 부여 받은 날로부터 2년 이상 재직시 행사가 가능합니다.라. 부여방법신주발행 교부, 자기주식 교부, 차액보상(현금 또는 자기주식) 중 이사회 결의로 결정합니다.마. 행사가격 조정에 관한 사항주식매수선택권의 부여일 이후 행사일 이전에 유.무상증자, 주식배당, 전환사채  또는 신주인수권부사채의 발행, 주식분할과 병합 등으로 인하여 주식가치에 중대한 변화가 발생하는 경우 주식매수선택권 부여계약에 따라 행사가격 및 수량을 조정할 수 있습니다.바. 기타 세부사항은 주식매수선택권과 관련된 제반법규, 당사 정관 및 계약서 등에정하는 바에 따릅니다.
<SPAN>사. 공정가치 산정방법 및 주요 가정하기 "공정가치"는 해당주식의 시가가 아닌 주식매수선택권에 대한 공정가치이며, 공정가액접근법 중 이항모형을 적용하였습니다. 공정가치 산정 가정은 다음과 같습니다.</SPAN>
<SPAN></SPAN>
<SPAN>(1) 주당 공정가치:  </SPAN>
<SPAN>2,265.45원</SPAN>
<SPAN>(2) 권리부여일의 전일 종가 :  5,300원(3) 행사가격 : 3,293원(4) 무위험이자율 : 3.13%(5) 시가배당률 : 4.7%(6) 행사기간 :  2027.03.31~2032.03.30(7) 변동성 : 42.1%</SPAN>
<SPAN>* 상기 내역은 회계감사 의견에 따라 수정 될 수 있습니다.</SPAN>
</P>
<P></P>

<TABLE-GROUP ACLASS="TBL2" ADELETETABLE="N">

<TABLE ACLASS="NORMAL" AFIXTABLE="Y" WIDTH="600" BORDER="0">

<COLGROUP WIDTH="600">
<COL WIDTH="273"></COL>
<COL WIDTH="327"></COL>
</COLGROUP>

<TBODY>

<TR ACOPY="Y" ADELETE="Y" HEIGHT="30">
<TD WIDTH="264" AUPDATECONT="N" ENG="[ Details of Grant per Recipient ]" HEIGHT="23">[ 대상자별 부여내역 ]</TD>
<TD WIDTH="318" HEIGHT="23"></TD>
</TR>
</TBODY>
</TABLE>

<TABLE ACLASS="EXTRACTION" AFIXTABLE="N" WIDTH="600" BORDER="1">

<COLGROUP WIDTH="600">
<COL WIDTH="139"></COL>
<COL WIDTH="88"></COL>
<COL WIDTH="91"></COL>
<COL WIDTH="95"></COL>
<COL WIDTH="105"></COL>
<COL WIDTH="82"></COL>
</COLGROUP>

<THEAD>

<TR ACOPY="N" ADELETE="N" HEIGHT="30">
<TH ROWSPAN="2" VALIGN="MIDDLE" WIDTH="130" ACOPYCOL="N" ADELETECOL="N" AMOVECOL="N" AUPDATECONT="N" ENG="Name of recipient" HEIGHT="53">부여대상자명</TH>
<TH ROWSPAN="2" VALIGN="MIDDLE" WIDTH="79" ACOPYCOL="N" ADELETECOL="N" AMOVECOL="N" AUPDATECONT="N" ENG="Relationship" HEIGHT="53">관 계</TH>
<TH COLSPAN="2" VALIGN="MIDDLE" WIDTH="177" ACOPYCOL="N" ADELETECOL="N" AMOVECOL="N" AUPDATECONT="N" ENG="Stock granted (shrs.)" HEIGHT="23">부여주식 (주)</TH>
<TH ROWSPAN="2" VALIGN="MIDDLE" WIDTH="96" ACOPYCOL="N" ADELETECOL="N" AMOVECOL="N" AUPDATECONT="N" ENG="Fair value" HEIGHT="53">공정가치</TH>
<TH ROWSPAN="2" VALIGN="MIDDLE" WIDTH="73" ACOPYCOL="N" ADELETECOL="N" AMOVECOL="N" AUPDATECONT="N" ENG="Note" HEIGHT="53">비 고</TH>
</TR>

<TR ACOPY="N" ADELETE="N" HEIGHT="30">
<TH VALIGN="MIDDLE" ACOPYCOL="N" ADELETECOL="N" AMOVECOL="N" AUPDATECONT="N" ENG="Common stock" WIDTH="82" HEIGHT="23">보통주식</TH>
<TH VALIGN="MIDDLE" ACOPYCOL="N" ADELETECOL="N" AMOVECOL="N" AUPDATECONT="N" ENG="Different classes of stocks" WIDTH="86" HEIGHT="23">기타주식</TH>
</TR>
</THEAD>

<TBODY>

<TR ACOPY="Y" ADELETE="N" HEIGHT="32">
<TE ALIGN="CENTER" ACODE="GV_TRG_NM" VALIGN="MIDDLE" WIDTH="130" HEIGHT="25">임종민</TE>
<TE ALIGN="CENTER" ACODE="GVRLT" VALIGN="MIDDLE" WIDTH="79" HEIGHT="25">대표이사</TE>
<TE ALIGN="RIGHT" ACODE="CST_GV_CNT" VALIGN="MIDDLE" WIDTH="82" HEIGHT="25">178,018</TE>
<TE ALIGN="RIGHT" ACODE="PST_GV_CNT" VALIGN="MIDDLE" WIDTH="86" HEIGHT="25">-</TE>

<TE ALIGN="CENTER" ACODE="OFF_PRC" VALIGN="MIDDLE" WIDTH="96" HEIGHT="25">
<SPAN>2,265.45</SPAN>
</TE>
<TE ALIGN="CENTER" ACODE="GV_RMK" VALIGN="MIDDLE" WIDTH="73" HEIGHT="25">-</TE>
</TR>

<TR ACOPY="Y" ADELETE="Y" HEIGHT="30">
<TE ALIGN="CENTER" ACODE="GV_TRG_NM" VALIGN="MIDDLE" WIDTH="130" HEIGHT="23">김유진</TE>
<TE ALIGN="CENTER" ACODE="GVRLT" VALIGN="MIDDLE" WIDTH="79" HEIGHT="23">대표이사</TE>
<TE ALIGN="RIGHT" ACODE="CST_GV_CNT" VALIGN="MIDDLE" WIDTH="82" HEIGHT="23">124,613</TE>
<TE ALIGN="RIGHT" ACODE="PST_GV_CNT" VALIGN="MIDDLE" WIDTH="86" HEIGHT="23">-</TE>

<TE ALIGN="CENTER" ACODE="OFF_PRC" VALIGN="MIDDLE" WIDTH="96" HEIGHT="23">
<SPAN>2,265.45</SPAN>
</TE>
<TE ALIGN="CENTER" ACODE="GV_RMK" VALIGN="MIDDLE" WIDTH="73" HEIGHT="23">-</TE>
</TR>
</TBODY>
</TABLE>
</TABLE-GROUP>
<P></P>
<P>※ 기타주식에 관한 사항</P>

<TABLE-GROUP ACLASS="STO_ETC" ADELETETABLE="N">

<TABLE ACLASS="EXTRACTION" AFIXTABLE="Y" WIDTH="600" BORDER="1">

<COLGROUP WIDTH="600">
<COL WIDTH="235"></COL>
<COL WIDTH="365"></COL>
</COLGROUP>

<TBODY>

<TR ACOPY="N" ADELETE="N" HEIGHT="30">
<TD WIDTH="226" AUPDATECONT="N" ENG="Basis in articles of incorporation" HEIGHT="23">정관의 근거</TD>
<TE WIDTH="356" VALIGN="MIDDLE" ACODE="AOI_BAS" ALIGN="CENTER" HEIGHT="23">당사 정관 제10의 2(주식매수선택권)</TE>
</TR>

<TR ACOPY="N" ADELETE="N" HEIGHT="30">
<TD AUPDATECONT="N" ENG="Details of stocks" WIDTH="226" HEIGHT="23">주식의 내용</TD>
<TE VALIGN="MIDDLE" ACODE="STO_CNT" ALIGN="CENTER" WIDTH="356" HEIGHT="23">-</TE>
</TR>

<TR ACOPY="N" ADELETE="N" HEIGHT="30">
<TD AUPDATECONT="N" ENG="Others" WIDTH="226" HEIGHT="23">기타</TD>
<TE VALIGN="MIDDLE" ACODE="ETC_CNT" ALIGN="CENTER" WIDTH="356" HEIGHT="23">-</TE>
</TR>
</TBODY>
</TABLE>
</TABLE-GROUP>
</SECTION-1>
</BODY>
</DOCUMENT>