<?xml version="1.0" encoding="utf-8"?>


<DOCUMENT xmlns:xsi="http://www.w3.org/2001/XMLSchema-instance" xsi:noNamespaceSchemaLocation="dart4.xsd">

<DOCUMENT-NAME ACODE="80808">공시대상기업집단의특수관계인과의수익증권거래</DOCUMENT-NAME>
<FORMULA-VERSION ADATE="20240129">6.0</FORMULA-VERSION>
<COMPANY-NAME AREGCIK="01603831">사회복지법인미래에셋박현주재단</COMPANY-NAME>


<BODY ATOCID="2">

<LIBRARY>
<CORRECTION>
<TITLE ATOC="Y" AASSOCNOTE="CORRECTION" ENG="Report of Disclosure Revision" ATOCID="2">정 정 신 고 (보고)</TITLE>

<TABLE ACLASS="NORMAL" AFIXTABLE="Y" WIDTH="600" BORDER="0">

<COLGROUP WIDTH="600">
<COL WIDTH="600"></COL>
</COLGROUP>

<TBODY>

<TR ACOPY="N" ADELETE="N" HEIGHT="30">
<TD WIDTH="591" HEIGHT="23"></TD>
</TR>

<TR ACOPY="N" ADELETE="N" HEIGHT="30">
<TD WIDTH="591" HEIGHT="23" ALIGN="RIGHT">2026년 01월 05일</TD>
</TR>
</TBODY>
</TABLE>
<P></P>
<P></P>

<TABLE ACLASS="NORMAL" AFIXTABLE="Y" WIDTH="600" BORDER="0">

<COLGROUP WIDTH="600">
<COL WIDTH="165"></COL>
<COL WIDTH="435"></COL>
</COLGROUP>

<TBODY>

<TR ACOPY="N" ADELETE="N" HEIGHT="30">
<TD WIDTH="156" VALIGN="MIDDLE" AUPDATECONT="N" ENG="1. Disclosure document to be revised:" HEIGHT="23">1. 정정대상 공시서류 :</TD>
<TD WIDTH="426" VALIGN="MIDDLE" HEIGHT="23">공시대상기업집단의특수관계인과의수익증권거래 </TD>
</TR>
</TBODY>
</TABLE>
<P></P>

<TABLE ACLASS="NORMAL" AFIXTABLE="Y" WIDTH="600" BORDER="0">

<COLGROUP WIDTH="600">
<COL WIDTH="260"></COL>
<COL WIDTH="340"></COL>
</COLGROUP>

<TBODY>

<TR ACOPY="N" ADELETE="N" HEIGHT="30">
<TD WIDTH="251" VALIGN="MIDDLE" AUPDATECONT="N" ENG="2. First submission date of disclosure document to be revised:" HEIGHT="23">2. 정정대상 공시서류의 최초제출일 :</TD>
<TD WIDTH="331" VALIGN="MIDDLE" HEIGHT="23">2025.12.02</TD>
</TR>
</TBODY>
</TABLE>
<P></P>

<TABLE ACLASS="NORMAL" AFIXTABLE="Y" WIDTH="600" BORDER="0">

<COLGROUP WIDTH="600">
<COL WIDTH="600"></COL>
</COLGROUP>

<TBODY>

<TR ACOPY="N" ADELETE="N" HEIGHT="30">
<TD WIDTH="591" HEIGHT="23" VALIGN="MIDDLE" AUPDATECONT="N" ENG="3. Revised Information">3. 정정사항</TD>
</TR>
</TBODY>
</TABLE>

<TABLE ACLASS="NORMAL" AFIXTABLE="N" WIDTH="600" BORDER="1">

<COLGROUP WIDTH="600">
<COL WIDTH="126"></COL>
<COL WIDTH="162"></COL>
<COL WIDTH="158"></COL>
<COL WIDTH="154"></COL>
</COLGROUP>

<THEAD>

<TR ACOPY="N" ADELETE="N" HEIGHT="30">
<TH WIDTH="117" HEIGHT="23" VALIGN="MIDDLE" ACOPYCOL="N" ADELETECOL="N" AMOVECOL="N" AUPDATECONT="N" ENG="Items">항  목</TH>
<TH WIDTH="153" HEIGHT="23" VALIGN="MIDDLE" ACOPYCOL="N" ADELETECOL="N" AMOVECOL="N" AUPDATECONT="N" ENG="Reason for revision">정정사유</TH>
<TH WIDTH="149" HEIGHT="23" VALIGN="MIDDLE" ACOPYCOL="N" ADELETECOL="N" AMOVECOL="N" AUPDATECONT="N" ENG="Before revision">정 정 전</TH>
<TH WIDTH="145" HEIGHT="23" VALIGN="MIDDLE" ACOPYCOL="N" ADELETECOL="N" AMOVECOL="N" AUPDATECONT="N" ENG="After revision">정 정 후</TH>
</TR>
</THEAD>

<TBODY>

<TR ACOPY="Y" ADELETE="Y" HEIGHT="122">
<TD WIDTH="117" HEIGHT="115">2. 거래일자</TD>
<TD WIDTH="153" HEIGHT="115">실제 거래일로 수정</TD>
<TD WIDTH="149" HEIGHT="115">2025년 12월~2026년 1월 예정(재단 주무관청 승인을 득한 후 거래 예정)</TD>
<TD WIDTH="145" HEIGHT="115">2026.01.02</TD>
</TR>

<TR ACOPY="Y" ADELETE="Y" HEIGHT="122">
<TD WIDTH="117" HEIGHT="115">8. 기타</TD>
<TD WIDTH="153" HEIGHT="115">재단 주무관청 승인을 득한 후 거래</TD>
<TD WIDTH="149" HEIGHT="115">사회복지사업법 제23조에 의거, 재단 주무관청의 승인 여부에 따라 거래 예정임</TD>
<TD WIDTH="145" HEIGHT="115">주무관청 승인(25.12.30)을 득한 후 실제 금융상품 거래(26.01.02)에 따라 수정공시함</TD>
</TR>

<TR ACOPY="Y" ADELETE="Y" HEIGHT="122">
<TD WIDTH="117" HEIGHT="115">※관련공시일</TD>
<TD WIDTH="153" HEIGHT="115">-</TD>
<TD WIDTH="149" HEIGHT="115">해당없음</TD>
<TD WIDTH="145" HEIGHT="115">2025.12.02</TD>
</TR>
</TBODY>
</TABLE>
<P></P>
<PGBRK></PGBRK>
</CORRECTION>
</LIBRARY>


<SECTION-1 ACLASS="MANDATORY" APARTSOURCE="SOURCE">
<TITLE ATOC="Y" AASSOCNOTE="D-0-1-0-0" ENG="Transactions of Beneficiary Certificates with Related Party of Corporate Groups subject to Disclosure" ATOCID="1">공시대상기업집단의 특수관계인과의 수익증권거래</TITLE>
<P></P>

<TABLE ACLASS="NORMAL" AFIXTABLE="N" BORDER="1" WIDTH="721">

<COLGROUP WIDTH="721">
<COL WIDTH="91"></COL>
<COL WIDTH="90"></COL>
<COL WIDTH="90"></COL>
<COL WIDTH="90"></COL>
<COL WIDTH="90"></COL>
<COL WIDTH="90"></COL>
<COL WIDTH="90"></COL>
<COL WIDTH="90"></COL>
</COLGROUP>

<TBODY>

<TR ACOPY="Y" ADELETE="Y" HEIGHT="53">
<TD WIDTH="82" HEIGHT="46" ALIGN="CENTER" VALIGN="MIDDLE">기업집단명</TD>
<TD WIDTH="81" HEIGHT="46" ALIGN="CENTER" VALIGN="MIDDLE">미래에셋</TD>
<TD WIDTH="81" HEIGHT="46" ALIGN="CENTER" VALIGN="MIDDLE">공 익법인명</TD>
<TD WIDTH="81" HEIGHT="46" ALIGN="CENTER" VALIGN="MIDDLE">미래에셋박현주재단</TD>
<TD WIDTH="81" HEIGHT="46" ALIGN="CENTER" VALIGN="MIDDLE">공시일자</TD>
<TD WIDTH="81" HEIGHT="46" ALIGN="CENTER" VALIGN="MIDDLE">2026.01.05</TD>
<TD WIDTH="81" HEIGHT="46" ALIGN="CENTER" VALIGN="MIDDLE">관련법규</TD>
<TD WIDTH="81" HEIGHT="46" ALIGN="CENTER" VALIGN="MIDDLE">공정거래법 제29조</TD>
</TR>
</TBODY>
</TABLE>
<P></P>

<TABLE ACLASS="NORMAL" WIDTH="721" BORDER="0" AFIXTABLE="N">

<COLGROUP WIDTH="721">
<COL WIDTH="721"></COL>
</COLGROUP>

<TBODY>

<TR ACOPY="Y" ADELETE="Y" HEIGHT="30">
<TD ALIGN="RIGHT" VALIGN="MIDDLE" WIDTH="712" HEIGHT="23">(단위 : 백만원)</TD>
</TR>
</TBODY>
</TABLE>

<TABLE ACLASS="NORMAL" WIDTH="724" BORDER="1" AFIXTABLE="N">

<COLGROUP WIDTH="724">
<COL WIDTH="121"></COL>
<COL WIDTH="121"></COL>
<COL WIDTH="76"></COL>
<COL WIDTH="166"></COL>
<COL WIDTH="120"></COL>
<COL WIDTH="120"></COL>
</COLGROUP>

<TBODY>

<TR ACOPY="Y" ADELETE="Y" HEIGHT="53">
<TD COLSPAN="3" VALIGN="MIDDLE" WIDTH="309" HEIGHT="46">1. 거래상대방</TD>
<TD VALIGN="MIDDLE" WIDTH="157" HEIGHT="46">미래에셋자산운용</TD>
<TD ALIGN="CENTER" VALIGN="MIDDLE" WIDTH="111" HEIGHT="46">관 계</TD>
<TD VALIGN="MIDDLE" WIDTH="111" HEIGHT="46">특수관계인(비영리법인)</TD>
</TR>

<TR ACOPY="Y" ADELETE="Y" HEIGHT="53">
<TD COLSPAN="3" VALIGN="MIDDLE" WIDTH="309" HEIGHT="46">2. 거래일자</TD>

<TD COLSPAN="3" VALIGN="MIDDLE" WIDTH="397" HEIGHT="46">
<SPAN>2026.01.02</SPAN>
</TD>
</TR>

<TR ACOPY="Y" ADELETE="Y" HEIGHT="30">
<TD COLSPAN="3" VALIGN="MIDDLE" WIDTH="309" HEIGHT="23">3. 거래금액</TD>
<TD COLSPAN="3" VALIGN="MIDDLE" WIDTH="397" HEIGHT="23">1,850</TD>
</TR>

<TR ACOPY="Y" ADELETE="Y" HEIGHT="30">
<TD COLSPAN="3" VALIGN="MIDDLE" WIDTH="309" HEIGHT="23">4. 잔액</TD>
<TD COLSPAN="3" VALIGN="MIDDLE" WIDTH="397" HEIGHT="23">1,850</TD>
</TR>

<TR ACOPY="Y" ADELETE="Y" HEIGHT="30">
<TD ROWSPAN="4" VALIGN="MIDDLE" WIDTH="112" HEIGHT="136">5. 수익증권    내역</TD>
<TD COLSPAN="2" VALIGN="MIDDLE" WIDTH="188" HEIGHT="23">가. 수익증권 명칭</TD>
<TD COLSPAN="3" VALIGN="MIDDLE" WIDTH="397" HEIGHT="23">미래에셋 헤지펀드셀렉션 혼합자산자투자신탁</TD>
</TR>

<TR ACOPY="Y" ADELETE="Y" HEIGHT="53">
<TD COLSPAN="2" VALIGN="MIDDLE" WIDTH="188" HEIGHT="46">나. 펀드운용사</TD>
<TD VALIGN="MIDDLE" WIDTH="157" HEIGHT="46">미래에셋자산운용</TD>
<TD ALIGN="CENTER" VALIGN="MIDDLE" WIDTH="111" HEIGHT="46">관 계</TD>
<TD VALIGN="MIDDLE" WIDTH="111" HEIGHT="46">특수관계인(비영리법인)</TD>
</TR>

<TR ACOPY="Y" ADELETE="Y" HEIGHT="30">
<TD COLSPAN="2" VALIGN="MIDDLE" WIDTH="188" HEIGHT="23">다. 기간</TD>
<TD COLSPAN="3" VALIGN="MIDDLE" WIDTH="397" HEIGHT="23">-</TD>
</TR>

<TR ACOPY="Y" ADELETE="Y" HEIGHT="30">
<TD COLSPAN="2" VALIGN="MIDDLE" WIDTH="188" HEIGHT="23">라. 만기일</TD>
<TD COLSPAN="3" VALIGN="MIDDLE" WIDTH="397" HEIGHT="23">-</TD>
</TR>

<TR ACOPY="Y" ADELETE="Y" HEIGHT="30">
<TD COLSPAN="3" VALIGN="MIDDLE" WIDTH="309" HEIGHT="23">6. 거래목적</TD>
<TD COLSPAN="3" VALIGN="MIDDLE" WIDTH="397" HEIGHT="23">자금운용을 위한 금융상품 가입</TD>
</TR>

<TR ACOPY="Y" ADELETE="Y" HEIGHT="30">
<TD COLSPAN="3" VALIGN="MIDDLE" WIDTH="309" HEIGHT="23">7. 이사회 의결일</TD>
<TD COLSPAN="3" VALIGN="MIDDLE" WIDTH="397" HEIGHT="23">2025.11.26</TD>
</TR>

<TR ACOPY="Y" ADELETE="Y" HEIGHT="30">
<TD ROWSPAN="2" COLSPAN="2" VALIGN="MIDDLE" WIDTH="233" HEIGHT="53"> - 이사 참석현황</TD>
<TD ALIGN="CENTER" VALIGN="MIDDLE" WIDTH="67" HEIGHT="23">참석(명)</TD>
<TD COLSPAN="3" VALIGN="MIDDLE" WIDTH="397" HEIGHT="23">6</TD>
</TR>

<TR ACOPY="Y" ADELETE="Y" HEIGHT="30">
<TD ALIGN="CENTER" VALIGN="MIDDLE" WIDTH="67" HEIGHT="23">불참(명)</TD>
<TD COLSPAN="3" VALIGN="MIDDLE" WIDTH="397" HEIGHT="23">1</TD>
</TR>

<TR ACOPY="Y" ADELETE="Y" HEIGHT="30">
<TD COLSPAN="3" VALIGN="MIDDLE" WIDTH="309" HEIGHT="23"> - 감사 참석 여부</TD>
<TD COLSPAN="3" VALIGN="MIDDLE" WIDTH="397" HEIGHT="23">참석</TD>
</TR>

<TR ACOPY="Y" ADELETE="Y" HEIGHT="53">
<TD COLSPAN="3" VALIGN="MIDDLE" WIDTH="309" HEIGHT="46">8. 기타</TD>

<TD COLSPAN="3" VALIGN="MIDDLE" WIDTH="397" HEIGHT="46">
<SPAN>주무관청 승인(25.12.30)을 득한 후 실제 금융상품 거래(26.01.02)에 따라 수정공시함</SPAN>
</TD>
</TR>

<TR ACOPY="Y" ADELETE="Y" HEIGHT="30">
<TD COLSPAN="3" VALIGN="MIDDLE" WIDTH="309" HEIGHT="23"> ※ 관련공시일</TD>
<TD COLSPAN="3" VALIGN="MIDDLE" WIDTH="397" HEIGHT="23">해당없음</TD>
</TR>
</TBODY>
</TABLE>
</SECTION-1>
</BODY>
</DOCUMENT>