<html>
 <head> 
  <meta content="gdi" http-equiv="X-UA-TextLayoutMetrics"> 
  <meta content="text/html; charset=euc-kr" http-equiv="Content-Type"> 
  <STYLE>
.xforms * { font-family: 돋움체;}
.xforms_title * { font-size: 13pt; padding : 0 0 10 0;}

.xforms table {
    font-size: 10px;
    padding:0px;
    border-collapse:collapse;
    color: #3D3D3D;
}
.xforms td {
    padding-left:0px;
    padding-top:0px;
    border-collapse:collapse;
    line-height:22px;
    color: #3D3D3D;
    /*text-align:right;*/
    vertical-align:middle;
    border: 1px solid #7f7f7f;
}

.xforms span {
    /*display: inline-block;*/
    padding-left:3px;
    padding-right: 1px;
    line-height:22px;
    padding-top:0px;
    padding-bottom:0px;
    text-align:left;
    vertical-align:middle;
    border: 0px solid #DBDBDB;
}

.xforms.img{
    border : 0px;
}

.xforms a:link {

    color: #194866;
    text-decoration: none;
}
.xforms a:active {

    color: #194866;
    text-decoration: none;
}
.xforms a:visited {
    color: #194866;
    text-decoration: none;
}

.xforms A:hover {
    color:008BE3;
    text-decoration: none;
}

.xforms_input{
    border: 0px solid #DBDBDB;
    padding-left:3px;
    padding-right: 1px;
    height:22px;
    padding-top:0px;
    padding-bottom:0px;
    text-align:left;
}
</STYLE> 
  <title>구영테크/타인에대한채무보증결정/(2026.01.05)타인에대한채무보증결정</title> 
 </head> 
 <body> 
  <div class="xforms"> 
   <div> 
    <span class="noprint" style="display:none;width:600px;font-size:10pt;"> </span> 
    <div class="xforms_title"> 
     <div> 
      <span style="width:598px;font-weight:bold;text-align:center;">타인에 대한 채무보증 결정</span> 
     </div> 
    </div> 
    <span class="noprint" style="display:none;width:600px;font-size:10pt;"> </span> 
    <table border="1" bordercolordark="white" bordercolorlight="#666666" cellpadding="1" cellspacing="0" id="XFormD3_Form0_Table4" style="margin:0px 0px 20px 0px;width:600px;font-size:10pt;border:1px solid #7f7f7f;"> 
     <tbody> 
      <tr> 
       <td colspan="3" width="291"> <span style="width:291px;font-size:10pt;">1. 채무자</span> </td> 
       <td width="309"> <span class="xforms_input" style="width:309px;font-size:10pt;">Car Tech, LLC.</span> </td> 
      </tr> 
      <tr> 
       <td colspan="3" width="291"> <span style="width:291px;font-size:10pt;">-회사와의 관계</span> </td> 
       <td width="309"> <span class="xforms_input" style="width:309px;font-size:10pt;">계열회사</span> </td> 
      </tr> 
      <tr> 
       <td colspan="3" width="291"> <span style="width:291px;font-size:10pt;">2. 채권자</span> </td> 
       <td width="309"> <span class="xforms_input" style="width:309px;font-size:10pt;">한국수출입은행</span> </td> 
      </tr> 
      <tr> 
       <td colspan="3" width="291"> <span style="width:291px;font-size:10pt;">3. 채무(차입)금액(원)</span> </td> 
       <td width="309"> <span class="xforms_input" style="width:309px;font-size:10pt;text-align:right;">43,263,000,000</span> </td> 
      </tr> 
      <tr> 
       <td rowspan="6" width="127"> <span style="width:127px;font-size:10pt;">4. 채무보증내역</span> </td> 
       <td colspan="2" width="164"> <span style="width:164px;font-size:10pt;">채무보증금액(원)</span> </td> 
       <td width="309"> <span class="xforms_input" style="width:309px;font-size:10pt;text-align:right;">43,263,000,000</span> </td> 
      </tr> 
      <tr> 
       <td colspan="2" width="164"> <span style="width:164px;font-size:10pt;">자기자본(원)</span> </td> 
       <td width="309"> <span class="xforms_input" style="width:309px;font-size:10pt;text-align:right;">130,500,728,510</span> </td> 
      </tr> 
      <tr> 
       <td colspan="2" width="164"> <span style="width:164px;font-size:10pt;">자기자본대비(%)</span> </td> 
       <td width="309"> <span class="xforms_input" style="width:309px;font-size:10pt;text-align:right;">33.15</span> </td> 
      </tr> 
      <tr> 
       <td colspan="2" width="164"> <span style="width:164px;font-size:10pt;">대기업해당여부</span> </td> 
       <td width="309"> <span class="xforms_input" style="width:309px;font-size:10pt;">해당</span> </td> 
      </tr> 
      <tr> 
       <td rowspan="2" width="104"> <span style="width:104px;font-size:10pt;text-align:center;">채무보증기간</span> </td> 
       <td width="60"> <span style="width:60px;font-size:10pt;text-align:center;">시작일</span> </td> 
       <td width="309"> <span class="xforms_input" style="width:309px;font-size:10pt;">2026-01-06</span> </td> 
      </tr> 
      <tr> 
       <td width="60"> <span style="width:60px;font-size:10pt;text-align:center;">종료일</span> </td> 
       <td width="309"> <span class="xforms_input" style="width:309px;font-size:10pt;">2027-01-06</span> </td> 
      </tr> 
      <tr> 
       <td colspan="3" width="291"> <span style="width:291px;font-size:10pt;">5. 채무보증 총 잔액(원)</span> </td> 
       <td width="309"> <span class="xforms_input" style="width:309px;font-size:10pt;text-align:right;">234,485,460,000</span> </td> 
      </tr> 
      <tr> 
       <td colspan="3" width="291"> <span style="width:291px;font-size:10pt;">6. 이사회결의일(결정일)</span> </td> 
       <td width="309"> <span class="xforms_input" style="width:309px;font-size:10pt;">2026-01-05</span> </td> 
      </tr> 
      <tr> 
       <td rowspan="2" width="127"> <span style="width:127px;font-size:10pt;">-사외이사 참석여부</span> </td> 
       <td colspan="2" width="164"> <span style="width:164px;font-size:10pt;text-align:center;">참석(명)</span> </td> 
       <td width="309"> <span class="xforms_input" style="width:309px;font-size:10pt;text-align:right;">1</span> </td> 
      </tr> 
      <tr> 
       <td colspan="2" width="164"> <span style="width:164px;font-size:10pt;text-align:center;">불참(명)</span> </td> 
       <td width="309"> <span class="xforms_input" style="width:309px;font-size:10pt;text-align:right;">2</span> </td> 
      </tr> 
      <tr> 
       <td colspan="3" width="291"> <span style="width:291px;font-size:10pt;">-감사(감사위원) 참석여부</span> </td> 
       <td width="309"> <span class="xforms_input" style="width:309px;font-size:10pt;">-</span> </td> 
      </tr> 
      <tr> 
       <td colspan="3" width="291"> <span style="width:291px;font-size:10pt;">7. 기타 투자판단에 참고할 사항</span> </td> 
       <td width="309"> <span class="xforms_input" style="width:309px;font-size:10pt;">-. 상기 채무보증 결정은 당사의 해외계열사(지분율 100%)인 Car Tech, LLC의 차입에 대한 연대보증의 건입니다. <br xmlns:java="http://xml.apache.org/xalan/java"> <br xmlns:java="http://xml.apache.org/xalan/java">-. 상기 '3. 채무(차입)금액'의 외화금액은 USD 30,000,000이며, 상기 '4. 채무보증내역의 채무보증금액'의 외화금액은 USD 30,000,000입니다. <br xmlns:java="http://xml.apache.org/xalan/java"> <br xmlns:java="http://xml.apache.org/xalan/java">-. 채무자의 기존 차입(USD 10,000,000)에 대해 상환 후, 신규 차입 진행의 건입니다. <br xmlns:java="http://xml.apache.org/xalan/java"> <br xmlns:java="http://xml.apache.org/xalan/java">-. 상기 '4. 채무보증내역의 자기자본'은 한국채택국제회계기준(K-IFRS)에 따라 작성된 최근 사업연도말(2024년) 연결재무제표 기준입니다. <br xmlns:java="http://xml.apache.org/xalan/java"> <br xmlns:java="http://xml.apache.org/xalan/java">-. 상기 본문 및 하단 금액의 적용환율은 이사회결의일인 2026년 01월 05일 최초고시매매기준환율인 1,442.10원을 적용하였습니다.</span> </td> 
      </tr> 
     </tbody> 
    </table> 
    <span style="width:598px;font-size:11pt;font-weight:bold;">[채무자별 채무보증 잔액]</span> 
    <table border="1" bordercolordark="white" bordercolorlight="#666666" cellpadding="1" cellspacing="0" id="XFormD3_Form0_RepeatTable0" style="margin:0px 0px 20px 0px;width:595px;font-size:10pt;border:1px solid #7f7f7f;"> 
     <tbody> 
      <tr> 
       <td width="122"> <span style="width:122px;font-size:10pt;text-align:center;">채무자</span> </td> 
       <td width="105"> <span style="width:105px;font-size:10pt;text-align:center;">관계</span> </td> 
       <td width="137"> <span style="width:137px;font-size:10pt;text-align:center;">채무보증잔액(원)</span> </td> 
       <td width="136"> <span style="width:136px;font-size:10pt;text-align:center;">채무보증기간</span> </td> 
       <td width="95"> <span style="width:95px;font-size:10pt;text-align:center;">비고</span> </td> 
      </tr> 
      <tr> 
       <td width="122"> <span class="xforms_input" style="width:122px;font-size:10pt;">Car Tech, LLC</span> </td> 
       <td width="105"> <span class="xforms_input" style="width:105px;font-size:10pt;">계열회사</span> </td> 
       <td width="137"> <span class="xforms_input" style="width:137px;font-size:10pt;text-align:right;">43,263,000,000</span> </td> 
       <td width="136"> <span class="xforms_input" style="width:136px;font-size:10pt;">2026.01.06 부터 <br xmlns:java="http://xml.apache.org/xalan/java">2027.01.06 까지</span> </td> 
       <td width="95"> <span class="xforms_input" style="width:95px;font-size:10pt;">USD 30,000,000</span> </td> 
      </tr> 
      <tr> 
       <td width="122"> <span class="xforms_input" style="width:122px;font-size:10pt;">Guyoung Tech USA, INC</span> </td> 
       <td width="105"> <span class="xforms_input" style="width:105px;font-size:10pt;">계열회사</span> </td> 
       <td width="137"> <span class="xforms_input" style="width:137px;font-size:10pt;text-align:right;">5,768,400,000</span> </td> 
       <td width="136"> <span class="xforms_input" style="width:136px;font-size:10pt;">2025.01.24 부터 <br xmlns:java="http://xml.apache.org/xalan/java">2026.01.24 까지</span> </td> 
       <td width="95"> <span class="xforms_input" style="width:95px;font-size:10pt;">USD 4,000,000</span> </td> 
      </tr> 
      <tr> 
       <td width="122"> <span class="xforms_input" style="width:122px;font-size:10pt;">Guyoung Tech USA, INC</span> </td> 
       <td width="105"> <span class="xforms_input" style="width:105px;font-size:10pt;">계열회사</span> </td> 
       <td width="137"> <span class="xforms_input" style="width:137px;font-size:10pt;text-align:right;">14,421,000,000</span> </td> 
       <td width="136"> <span class="xforms_input" style="width:136px;font-size:10pt;">2025.01.24 부터 <br xmlns:java="http://xml.apache.org/xalan/java">2026.01.24 까지</span> </td> 
       <td width="95"> <span class="xforms_input" style="width:95px;font-size:10pt;">USD 10,000,000</span> </td> 
      </tr> 
      <tr> 
       <td width="122"> <span class="xforms_input" style="width:122px;font-size:10pt;">Guyoung Tech USA, INC</span> </td> 
       <td width="105"> <span class="xforms_input" style="width:105px;font-size:10pt;">계열회사</span> </td> 
       <td width="137"> <span class="xforms_input" style="width:137px;font-size:10pt;text-align:right;">10,094,700,000</span> </td> 
       <td width="136"> <span class="xforms_input" style="width:136px;font-size:10pt;">2025.10.22 부터 <br xmlns:java="http://xml.apache.org/xalan/java">2026.10.21 까지</span> </td> 
       <td width="95"> <span class="xforms_input" style="width:95px;font-size:10pt;">USD 7,000,000</span> </td> 
      </tr> 
      <tr> 
       <td width="122"> <span class="xforms_input" style="width:122px;font-size:10pt;">Guyoung Tech USA, INC</span> </td> 
       <td width="105"> <span class="xforms_input" style="width:105px;font-size:10pt;">계열회사</span> </td> 
       <td width="137"> <span class="xforms_input" style="width:137px;font-size:10pt;text-align:right;">13,844,160,000</span> </td> 
       <td width="136"> <span class="xforms_input" style="width:136px;font-size:10pt;">2025.10.24 부터 <br xmlns:java="http://xml.apache.org/xalan/java">2030.10.24 까지</span> </td> 
       <td width="95"> <span class="xforms_input" style="width:95px;font-size:10pt;">USD 9,600,000</span> </td> 
      </tr> 
      <tr> 
       <td width="122"> <span class="xforms_input" style="width:122px;font-size:10pt;">Guyoung Tech USA, INC</span> </td> 
       <td width="105"> <span class="xforms_input" style="width:105px;font-size:10pt;">계열회사</span> </td> 
       <td width="137"> <span class="xforms_input" style="width:137px;font-size:10pt;text-align:right;">34,610,400,000</span> </td> 
       <td width="136"> <span class="xforms_input" style="width:136px;font-size:10pt;">2025.12.01 부터 <br xmlns:java="http://xml.apache.org/xalan/java">2026.11.30 까지</span> </td> 
       <td width="95"> <span class="xforms_input" style="width:95px;font-size:10pt;">USD 24,000,000</span> </td> 
      </tr> 
      <tr> 
       <td width="122"> <span class="xforms_input" style="width:122px;font-size:10pt;">Guyoung Tech USA, INC</span> </td> 
       <td width="105"> <span class="xforms_input" style="width:105px;font-size:10pt;">계열회사</span> </td> 
       <td width="137"> <span class="xforms_input" style="width:137px;font-size:10pt;text-align:right;">28,842,000,000</span> </td> 
       <td width="136"> <span class="xforms_input" style="width:136px;font-size:10pt;">2025.12.23 부터 <br xmlns:java="http://xml.apache.org/xalan/java">2030.12.23 까지</span> </td> 
       <td width="95"> <span class="xforms_input" style="width:95px;font-size:10pt;">USD 20,000,000</span> </td> 
      </tr> 
      <tr> 
       <td width="122"> <span class="xforms_input" style="width:122px;font-size:10pt;">Car Tech, LLC</span> </td> 
       <td width="105"> <span class="xforms_input" style="width:105px;font-size:10pt;">계열회사</span> </td> 
       <td width="137"> <span class="xforms_input" style="width:137px;font-size:10pt;text-align:right;">14,421,000,000</span> </td> 
       <td width="136"> <span class="xforms_input" style="width:136px;font-size:10pt;">2025.12.11 부터 <br xmlns:java="http://xml.apache.org/xalan/java">2026.02.13 까지</span> </td> 
       <td width="95"> <span class="xforms_input" style="width:95px;font-size:10pt;">USD 10,000,000</span> </td> 
      </tr> 
      <tr> 
       <td width="122"> <span class="xforms_input" style="width:122px;font-size:10pt;">Guyoung Tech USA, INC</span> </td> 
       <td width="105"> <span class="xforms_input" style="width:105px;font-size:10pt;">계열회사</span> </td> 
       <td width="137"> <span class="xforms_input" style="width:137px;font-size:10pt;text-align:right;">69,220,800,000</span> </td> 
       <td width="136"> <span class="xforms_input" style="width:136px;font-size:10pt;">2024.12.30 부터 <br xmlns:java="http://xml.apache.org/xalan/java">2032.12.30 까지</span> </td> 
       <td width="95"> <span class="xforms_input" style="width:95px;font-size:10pt;">USD 48,000,000</span> </td> 
      </tr> 
     </tbody> 
    </table> 
    <table border="1" bordercolordark="white" bordercolorlight="#666666" cellpadding="1" cellspacing="0" id="XFormD3_Form0_Table3" style="margin:0px 0px 20px 0px;width:597px;font-size:10pt;border:1px solid #7f7f7f;"> 
     <tbody> 
      <tr> 
       <td width="126"> <span style="width:126px;font-size:10pt;">※관련 공시법규</span> </td> 
       <td width="471"> <span class="xforms_input" style="width:471px;font-size:10pt;">자본시장법</span> </td> 
      </tr> 
     </tbody> 
    </table> 
    <span class="noprint" style="display:none;width:600px;font-size:10pt;"> </span> 
    <div id="LIB_L7040" style="width:600px;font-size:10pt;;padding:0 0 20 0"> 
     <div> 
      <div> 
       <span style="width:589px;font-size:11pt;font-weight:bold;">[채무자에 관한 사항]</span> 
       <table border="1" bordercolordark="white" bordercolorlight="#666666" cellpadding="1" cellspacing="0" id="XFormG1_Form0_RepeatTable0" style="margin:0px 0px 20px 0px;width:584px;font-size:10pt;border:1px solid #7f7f7f;"> 
        <tbody> 
         <tr> 
          <td colspan="4" width="584"> <span style="width:584px;font-size:10pt;">1. 인적사항</span> </td> 
         </tr> 
         <tr> 
          <td colspan="4" width="584"> <span style="width:584px;font-size:10pt;">- 기본사항</span> </td> 
         </tr> 
         <tr> 
          <td width="146"> <span style="width:146px;font-size:10pt;text-align:center;">성명(명칭)</span> </td> 
          <td width="137"> <span style="width:137px;font-size:10pt;text-align:center;">국적</span> </td> 
          <td width="155"> <span style="width:155px;font-size:10pt;text-align:center;">주소(본점소재지)[읍ㆍ면ㆍ동까지만 기재]</span> </td> 
          <td width="146"> <span style="width:146px;font-size:10pt;text-align:center;">생년월일(사업자등록번호 등)</span> </td> 
         </tr> 
         <tr> 
          <td width="146"> <span class="xforms_input" style="width:146px;font-size:10pt;">Car Tech, LLC</span> </td> 
          <td width="137"> <span class="xforms_input" style="width:137px;font-size:10pt;">미국</span> </td> 
          <td width="155"> <span class="xforms_input" style="width:155px;font-size:10pt;">600 CAR TECH DRIVE OPELIKA, ALABAMA, 36801</span> </td> 
          <td width="146"> <span class="xforms_input" style="width:146px;font-size:10pt;">000-360553</span> </td> 
         </tr> 
         <tr> 
          <td colspan="2" width="283"> <span style="width:283px;font-size:10pt;text-align:center;">직업(사업내용)</span> </td> 
          <td colspan="2" width="301"> <span class="xforms_input" style="width:301px;font-size:10pt;">자동차부품생산</span> </td> 
         </tr> 
         <tr> 
          <td colspan="4" width="584"> <span style="width:584px;font-size:10pt;">- 최대주주ㆍ대표이사ㆍ대표집행임원 현황 및 재무상황 등(채무자가 법인인 경우)</span> </td> 
         </tr> 
         <tr> 
          <td width="146"> <span style="width:146px;font-size:10pt;text-align:center;">구분</span> </td> 
          <td width="137"> <span style="width:137px;font-size:10pt;text-align:center;">성명</span> </td> 
          <td width="155"> <span style="width:155px;font-size:10pt;text-align:center;">주식수</span> </td> 
          <td width="146"> <span style="width:146px;font-size:10pt;text-align:center;">지분율(%)</span> </td> 
         </tr> 
         <tr> 
          <td width="146"> <span class="xforms_input" style="width:146px;font-size:10pt;text-align:center;">최대주주</span> </td> 
          <td width="137"> <span class="xforms_input" style="width:137px;font-size:10pt;">(주)구영테크</span> </td> 
          <td width="155"> <span class="xforms_input" style="width:155px;font-size:10pt;text-align:right;">30,337,741</span> </td> 
          <td width="146"> <span class="xforms_input" style="width:146px;font-size:10pt;text-align:right;">100.00</span> </td> 
         </tr> 
         <tr> 
          <td width="146"> <span class="xforms_input" style="width:146px;font-size:10pt;text-align:center;">대표이사</span> </td> 
          <td width="137"> <span class="xforms_input" style="width:137px;font-size:10pt;">이희상</span> </td> 
          <td width="155"> <span class="xforms_input" style="width:155px;font-size:10pt;text-align:right;">-</span> </td> 
          <td width="146"> <span class="xforms_input" style="width:146px;font-size:10pt;text-align:right;">-</span> </td> 
         </tr> 
         <tr> 
          <td colspan="4" width="584"> <span style="width:584px;font-size:10pt;text-align:right;">(단위 : 백만원)</span> </td> 
         </tr> 
         <tr> 
          <td width="146"> <span style="width:146px;font-size:10pt;">해당 사업연도</span> </td> 
          <td width="137"> <span class="xforms_input" style="width:137px;font-size:10pt;">2024.01.01~2024.12.31</span> </td> 
          <td width="155"> <span style="width:155px;font-size:10pt;">결산기</span> </td> 
          <td width="146"> <span class="xforms_input" style="width:146px;font-size:10pt;">2024.12.31</span> </td> 
         </tr> 
         <tr> 
          <td width="146"> <span style="width:146px;font-size:10pt;">자산총계</span> </td> 
          <td width="137"> <span class="xforms_input" style="width:137px;font-size:10pt;text-align:right;">219,828</span> </td> 
          <td width="155"> <span style="width:155px;font-size:10pt;">자본금</span> </td> 
          <td width="146"> <span class="xforms_input" style="width:146px;font-size:10pt;text-align:right;">44,597</span> </td> 
         </tr> 
         <tr> 
          <td width="146"> <span style="width:146px;font-size:10pt;">부채총계</span> </td> 
          <td width="137"> <span class="xforms_input" style="width:137px;font-size:10pt;text-align:right;">195,532</span> </td> 
          <td width="155"> <span style="width:155px;font-size:10pt;">매출액</span> </td> 
          <td width="146"> <span class="xforms_input" style="width:146px;font-size:10pt;text-align:right;">82,062</span> </td> 
         </tr> 
         <tr> 
          <td width="146"> <span style="width:146px;font-size:10pt;">자본총계</span> </td> 
          <td width="137"> <span class="xforms_input" style="width:137px;font-size:10pt;text-align:right;">24,296</span> </td> 
          <td width="155"> <span style="width:155px;font-size:10pt;">당기순손익</span> </td> 
          <td width="146"> <span class="xforms_input" style="width:146px;font-size:10pt;text-align:right;">-17,260</span> </td> 
         </tr> 
         <tr> 
          <td width="146"> <span style="width:146px;font-size:10pt;">외부감사인</span> </td> 
          <td width="137"> <span class="xforms_input" style="width:137px;font-size:10pt;">KLICHS LLP</span> </td> 
          <td width="155"> <span style="width:155px;font-size:10pt;">휴업 여부</span> </td> 
          <td width="146"> <span class="xforms_input" style="width:146px;font-size:10pt;">아니오</span> </td> 
         </tr> 
         <tr> 
          <td width="146"> <span style="width:146px;font-size:10pt;">감사의견</span> </td> 
          <td width="137"> <span class="xforms_input" style="width:137px;font-size:10pt;">적정</span> </td> 
          <td width="155"> <span style="width:155px;font-size:10pt;">폐업 여부</span> </td> 
          <td width="146"> <span class="xforms_input" style="width:146px;font-size:10pt;">아니오</span> </td> 
         </tr> 
         <tr> 
          <td colspan="4" width="584"> <span style="width:584px;font-size:10pt;">2. 채무자와의 관계</span> </td> 
         </tr> 
         <tr> 
          <td colspan="2" width="283"> <span style="width:283px;font-size:10pt;">1. 회사와 채무자와의 관계</span> </td> 
          <td colspan="2" width="301"> <span class="xforms_input" style="width:301px;font-size:10pt;">계열회사</span> </td> 
         </tr> 
         <tr> 
          <td colspan="2" width="283"> <span style="width:283px;font-size:10pt;">2. 회사의 최대주주ㆍ임원과 채무자와의 관계</span> </td> 
          <td width="155"> <span style="width:155px;font-size:10pt;text-align:center;">성명</span> </td> 
          <td width="146"> <span style="width:146px;font-size:10pt;text-align:center;">채무자와의 관계</span> </td> 
         </tr> 
         <tr> 
          <td colspan="2" width="283"> <span class="xforms_input" style="width:283px;font-size:10pt;">최대주주</span> </td> 
          <td width="155"> <span class="xforms_input" style="width:155px;font-size:10pt;">(주)미광정공</span> </td> 
          <td width="146"> <span class="xforms_input" style="width:146px;font-size:10pt;">계열회사</span> </td> 
         </tr> 
         <tr> 
          <td colspan="2" width="283"> <span class="xforms_input" style="width:283px;font-size:10pt;">이사</span> </td> 
          <td width="155"> <span class="xforms_input" style="width:155px;font-size:10pt;">이희상</span> </td> 
          <td width="146"> <span class="xforms_input" style="width:146px;font-size:10pt;">대표이사</span> </td> 
         </tr> 
         <tr> 
          <td colspan="2" width="283"> <span class="xforms_input" style="width:283px;font-size:10pt;">이사</span> </td> 
          <td width="155"> <span class="xforms_input" style="width:155px;font-size:10pt;">이유현</span> </td> 
          <td width="146"> <span class="xforms_input" style="width:146px;font-size:10pt;">이사</span> </td> 
         </tr> 
         <tr> 
          <td colspan="2" width="283"> <span class="xforms_input" style="width:283px;font-size:10pt;">이사</span> </td> 
          <td width="155"> <span class="xforms_input" style="width:155px;font-size:10pt;">이종명</span> </td> 
          <td width="146"> <span class="xforms_input" style="width:146px;font-size:10pt;">이사</span> </td> 
         </tr> 
         <tr> 
          <td colspan="4" width="584"> <span style="width:584px;font-size:10pt;">3. 최근 3년간 거래내역(일상적 거래 제외)</span> </td> 
         </tr> 
         <tr> 
          <td width="146"> <span style="width:146px;font-size:10pt;text-align:center;">구분</span> </td> 
          <td colspan="3" width="438"> <span style="width:438px;font-size:10pt;text-align:center;">거래 내역</span> </td> 
         </tr> 
         <tr> 
          <td width="146"> <span style="width:146px;font-size:10pt;text-align:center;">당해년도</span> </td> 
          <td colspan="3" width="438"> <span class="xforms_input" style="width:438px;font-size:10pt;">USD 30,000,000 지급보증</span> </td> 
         </tr> 
         <tr> 
          <td width="146"> <span style="width:146px;font-size:10pt;text-align:center;">전년도</span> </td> 
          <td colspan="3" width="438"> <span class="xforms_input" style="width:438px;font-size:10pt;">USD  2,000,000 대여 <br java="http://xml.apache.org/xalan/java">USD 10,000,000 지급보증</span> </td> 
         </tr> 
         <tr> 
          <td width="146"> <span style="width:146px;font-size:10pt;text-align:center;">전전년도</span> </td> 
          <td colspan="3" width="438"> <span class="xforms_input" style="width:438px;font-size:10pt;">-</span> </td> 
         </tr> 
        </tbody> 
       </table> 
      </div> 
     </div> 
    </div> 
   </div> 
  </div>  
 </body>
</html>