<?xml version="1.0" encoding="utf-8"?>


<DOCUMENT xmlns:xsi="http://www.w3.org/2001/XMLSchema-instance" xsi:noNamespaceSchemaLocation="dart4.xsd">

<DOCUMENT-NAME ACODE="80901">지급수단별ㆍ지급기간별지급금액및분쟁조정기구에관한사항</DOCUMENT-NAME>
<FORMULA-VERSION ADATE="20240607">6.0</FORMULA-VERSION>
<COMPANY-NAME AREGCIK="00230656">에스케이핀크스(주)</COMPANY-NAME>


<BODY ATOCID="2">

<LIBRARY>
<CORRECTION>
<TITLE ATOC="Y" AASSOCNOTE="CORRECTION" ENG="Report of Disclosure Revision" ATOCID="2">정 정 신 고 (보고)</TITLE>

<TABLE ACLASS="NORMAL" AFIXTABLE="Y" WIDTH="600" BORDER="0">

<COLGROUP WIDTH="600">
<COL WIDTH="600"></COL>
</COLGROUP>

<TBODY>

<TR ACOPY="N" ADELETE="N" HEIGHT="30">
<TD WIDTH="591" HEIGHT="23"></TD>
</TR>

<TR ACOPY="N" ADELETE="N" HEIGHT="30">
<TD ALIGN="RIGHT" WIDTH="591" HEIGHT="23">2026년 01월 06일</TD>
</TR>
</TBODY>
</TABLE>
<P></P>
<P></P>

<TABLE ACLASS="NORMAL" AFIXTABLE="Y" WIDTH="626" BORDER="0">

<COLGROUP WIDTH="626">
<COL WIDTH="165"></COL>
<COL WIDTH="461"></COL>
</COLGROUP>

<TBODY>

<TR ACOPY="N" ADELETE="N" HEIGHT="53">
<TD WIDTH="156" VALIGN="MIDDLE" AUPDATECONT="N" ENG="1. Disclosure document to be revised:" HEIGHT="46">1. 정정대상 공시서류 :</TD>
<TD WIDTH="452" VALIGN="MIDDLE" HEIGHT="46">지급수단별ㆍ지급기간별 지급금액 및 분쟁조정기구에 관한 사항</TD>
</TR>
</TBODY>
</TABLE>
<P></P>

<TABLE ACLASS="NORMAL" AFIXTABLE="Y" WIDTH="600" BORDER="0">

<COLGROUP WIDTH="600">
<COL WIDTH="260"></COL>
<COL WIDTH="340"></COL>
</COLGROUP>

<TBODY>

<TR ACOPY="N" ADELETE="N" HEIGHT="30">
<TD WIDTH="251" VALIGN="MIDDLE" AUPDATECONT="N" ENG="2. First submission date of disclosure document to be revised:" HEIGHT="23">2. 정정대상 공시서류의 최초제출일 :</TD>
<TD WIDTH="331" VALIGN="MIDDLE" HEIGHT="23"> 2025년 08월 11일</TD>
</TR>
</TBODY>
</TABLE>
<P></P>

<TABLE ACLASS="NORMAL" AFIXTABLE="Y" WIDTH="600" BORDER="0">

<COLGROUP WIDTH="600">
<COL WIDTH="600"></COL>
</COLGROUP>

<TBODY>

<TR ACOPY="N" ADELETE="N" HEIGHT="30">
<TD WIDTH="591" VALIGN="MIDDLE" AUPDATECONT="N" ENG="3. Revised Information" HEIGHT="23">3. 정정사항</TD>
</TR>
</TBODY>
</TABLE>

<TABLE ACLASS="NORMAL" AFIXTABLE="N" WIDTH="600" BORDER="1">

<COLGROUP WIDTH="600">
<COL WIDTH="172"></COL>
<COL WIDTH="128"></COL>
<COL WIDTH="150"></COL>
<COL WIDTH="150"></COL>
</COLGROUP>

<THEAD>

<TR ACOPY="N" ADELETE="N" HEIGHT="30">
<TH WIDTH="163" VALIGN="MIDDLE" ACOPYCOL="N" ADELETECOL="N" AMOVECOL="N" AUPDATECONT="N" ENG="Items" HEIGHT="23">항  목</TH>
<TH WIDTH="119" VALIGN="MIDDLE" ACOPYCOL="N" ADELETECOL="N" AMOVECOL="N" AUPDATECONT="N" ENG="Reason for revision" HEIGHT="23">정정사유</TH>
<TH WIDTH="141" VALIGN="MIDDLE" ACOPYCOL="N" ADELETECOL="N" AMOVECOL="N" AUPDATECONT="N" ENG="Before revision" HEIGHT="23">정 정 전</TH>
<TH WIDTH="141" VALIGN="MIDDLE" ACOPYCOL="N" ADELETECOL="N" AMOVECOL="N" AUPDATECONT="N" ENG="After revision" HEIGHT="23">정 정 후</TH>
</TR>
</THEAD>

<TBODY>

<TR ACOPY="Y" ADELETE="Y" HEIGHT="53">
<TD ALIGN="CENTER" WIDTH="163" HEIGHT="46">1. (제1호) 지급수단별 지급금액</TD>
<TD ALIGN="CENTER" WIDTH="119" HEIGHT="46" VALIGN="MIDDLE">단순 기재 오류</TD>
<TD ALIGN="CENTER" WIDTH="141" HEIGHT="46" VALIGN="MIDDLE"> % 기재</TD>
<TD ALIGN="CENTER" WIDTH="141" HEIGHT="46" VALIGN="MIDDLE">% 제외</TD>
</TR>

<TR ACOPY="Y" ADELETE="Y" HEIGHT="55">

<TD ALIGN="CENTER" WIDTH="163" HEIGHT="48">
<SPAN USERMARK="F-12 ">2. (제2호) 지급기간별 지급금</SPAN>
<SPAN>액</SPAN>
</TD>
<TD ALIGN="CENTER" WIDTH="119" HEIGHT="48" VALIGN="MIDDLE">단순 기재 오류</TD>
<TD ALIGN="CENTER" WIDTH="141" HEIGHT="48" VALIGN="MIDDLE"> % 기재</TD>
<TD ALIGN="CENTER" WIDTH="141" HEIGHT="48" VALIGN="MIDDLE">% 제외</TD>
</TR>
</TBODY>
</TABLE>
<P></P>
<PGBRK></PGBRK>
</CORRECTION>
</LIBRARY>


<SECTION-1 ACLASS="MANDATORY" APARTSOURCE="SOURCE">
<TITLE ATOC="Y" AASSOCNOTE="D-0-1-0-0" ENG="Matters Concerning Payment Amount for Each Payment Method/Payment Period and Dispute Resolution Organization" ATOCID="1">지급수단별ㆍ지급기간별 지급금액 및 분쟁조정기구에 관한 사항</TITLE>
<P></P>

<TABLE ACLASS="NORMAL" WIDTH="963" BORDER="1">

<COLGROUP WIDTH="963">
<COL WIDTH="64"></COL>
<COL WIDTH="74"></COL>
<COL WIDTH="59"></COL>
<COL WIDTH="183"></COL>
<COL WIDTH="73"></COL>
<COL WIDTH="98"></COL>
<COL WIDTH="71"></COL>
<COL WIDTH="178"></COL>
<COL WIDTH="53"></COL>
<COL WIDTH="110"></COL>
</COLGROUP>

<TBODY>

<TR ACOPY="Y" ADELETE="Y" HEIGHT="62">
<TD ALIGN="CENTER" VALIGN="MIDDLE" WIDTH="55" HEIGHT="55">기업집단명</TD>
<TD ALIGN="CENTER" VALIGN="MIDDLE" WIDTH="65" HEIGHT="55">에스케이</TD>
<TD ALIGN="CENTER" VALIGN="MIDDLE" WIDTH="50" HEIGHT="55">회사명</TD>
<TD ALIGN="CENTER" VALIGN="MIDDLE" WIDTH="174" HEIGHT="55">에스케이핀크스주식회사</TD>
<TD ALIGN="CENTER" VALIGN="MIDDLE" WIDTH="64" HEIGHT="55">공시일자</TD>
<TD ALIGN="CENTER" VALIGN="MIDDLE" WIDTH="89" HEIGHT="55">2025.08.11</TD>
<TD ALIGN="CENTER" VALIGN="MIDDLE" WIDTH="62" HEIGHT="55">공시대상기간</TD>
<TD ALIGN="CENTER" VALIGN="MIDDLE" WIDTH="169" HEIGHT="55">2025.01.01~2025.06.30</TD>
<TD ALIGN="CENTER" VALIGN="MIDDLE" WIDTH="44" HEIGHT="55">관련법규</TD>
<TD ALIGN="CENTER" VALIGN="MIDDLE" WIDTH="101" HEIGHT="55">하도급법제13조의3</TD>
</TR>
</TBODY>
</TABLE>
<P></P>
<P>1. (제1호) 지급수단별 지급금액</P>

<TABLE ACLASS="NORMAL" WIDTH="790" BORDER="0">

<COLGROUP WIDTH="790">
<COL WIDTH="790"></COL>
</COLGROUP>

<TBODY>

<TR ACOPY="Y" ADELETE="Y" HEIGHT="30">
<TD ALIGN="RIGHT" WIDTH="781" HEIGHT="23">[지급금액 단위(천원), 비중(%, 소수점 둘째자리)]</TD>
</TR>
</TBODY>
</TABLE>

<TABLE ACLASS="NORMAL" WIDTH="993" BORDER="1">

<COLGROUP WIDTH="993">
<COL WIDTH="65"></COL>
<COL WIDTH="79"></COL>
<COL WIDTH="64"></COL>
<COL WIDTH="64"></COL>
<COL WIDTH="64"></COL>
<COL WIDTH="49"></COL>
<COL WIDTH="64"></COL>
<COL WIDTH="64"></COL>
<COL WIDTH="64"></COL>
<COL WIDTH="64"></COL>
<COL WIDTH="64"></COL>
<COL WIDTH="64"></COL>
<COL WIDTH="64"></COL>
<COL WIDTH="64"></COL>
<COL WIDTH="96"></COL>
</COLGROUP>

<THEAD>

<TR ACOPY="Y" ADELETE="Y" HEIGHT="30">
<TH ROWSPAN="2" VALIGN="MIDDLE" WIDTH="56" ACOPYCOL="Y" ADELETECOL="Y" AMOVECOL="N" HEIGHT="122"></TH>
<TH ROWSPAN="2" VALIGN="MIDDLE" WIDTH="70" ACOPYCOL="Y" ADELETECOL="Y" AMOVECOL="N" HEIGHT="122">현금및수표</TH>
<TH COLSPAN="4" VALIGN="MIDDLE" WIDTH="232" ACOPYCOL="Y" ADELETECOL="Y" AMOVECOL="N" HEIGHT="23">상생결제</TH>
<TH COLSPAN="4" VALIGN="MIDDLE" WIDTH="247" ACOPYCOL="Y" ADELETECOL="Y" AMOVECOL="N" HEIGHT="23">어음대체결제수단</TH>
<TH COLSPAN="3" VALIGN="MIDDLE" WIDTH="183" ACOPYCOL="Y" ADELETECOL="Y" AMOVECOL="N" HEIGHT="23">어음</TH>
<TH ROWSPAN="2" VALIGN="MIDDLE" WIDTH="55" ACOPYCOL="Y" ADELETECOL="Y" AMOVECOL="N" HEIGHT="122">기타</TH>
<TH ROWSPAN="2" VALIGN="MIDDLE" WIDTH="87" ACOPYCOL="Y" ADELETECOL="Y" AMOVECOL="N" HEIGHT="122">계</TH>
</TR>

<TR ACOPY="Y" ADELETE="Y" HEIGHT="99">
<TH VALIGN="MIDDLE" ACOPYCOL="Y" ADELETECOL="Y" AMOVECOL="N" WIDTH="55" HEIGHT="92">만기10일이하</TH>
<TH VALIGN="MIDDLE" ACOPYCOL="Y" ADELETECOL="Y" AMOVECOL="N" WIDTH="55" HEIGHT="92">10일초과60일이하</TH>
<TH VALIGN="MIDDLE" ACOPYCOL="Y" ADELETECOL="Y" AMOVECOL="N" WIDTH="55" HEIGHT="92">60일초과</TH>
<TH VALIGN="MIDDLE" ACOPYCOL="Y" ADELETECOL="Y" AMOVECOL="N" WIDTH="40" HEIGHT="92">소계</TH>
<TH VALIGN="MIDDLE" ACOPYCOL="Y" ADELETECOL="Y" AMOVECOL="N" WIDTH="55" HEIGHT="92">만기1일이하</TH>
<TH VALIGN="MIDDLE" ACOPYCOL="Y" ADELETECOL="Y" AMOVECOL="N" WIDTH="55" HEIGHT="92">1일초과60일이하</TH>
<TH VALIGN="MIDDLE" ACOPYCOL="Y" ADELETECOL="Y" AMOVECOL="N" WIDTH="55" HEIGHT="92">60일초과</TH>
<TH VALIGN="MIDDLE" ACOPYCOL="Y" ADELETECOL="Y" AMOVECOL="N" WIDTH="55" HEIGHT="92">소계</TH>
<TH VALIGN="MIDDLE" ACOPYCOL="Y" ADELETECOL="Y" AMOVECOL="N" WIDTH="55" HEIGHT="92">어음(만기60일이하)</TH>
<TH VALIGN="MIDDLE" ACOPYCOL="Y" ADELETECOL="Y" AMOVECOL="N" WIDTH="55" HEIGHT="92">어음(만기60일초과)</TH>
<TH VALIGN="MIDDLE" ACOPYCOL="Y" ADELETECOL="Y" AMOVECOL="N" WIDTH="55" HEIGHT="92">소계</TH>
</TR>
</THEAD>

<TBODY>

<TR ACOPY="Y" ADELETE="Y" HEIGHT="53">
<TD ALIGN="CENTER" VALIGN="MIDDLE" WIDTH="56" HEIGHT="46">지급금액</TD>
<TD ALIGN="CENTER" VALIGN="MIDDLE" WIDTH="70" HEIGHT="46">1,046,512</TD>
<TD ALIGN="RIGHT" VALIGN="MIDDLE" WIDTH="55" HEIGHT="46">-</TD>
<TD ALIGN="RIGHT" VALIGN="MIDDLE" WIDTH="55" HEIGHT="46">-</TD>
<TD ALIGN="RIGHT" VALIGN="MIDDLE" WIDTH="55" HEIGHT="46">-</TD>
<TD ALIGN="RIGHT" VALIGN="MIDDLE" WIDTH="40" HEIGHT="46">-</TD>
<TD ALIGN="RIGHT" VALIGN="MIDDLE" WIDTH="55" HEIGHT="46">-</TD>
<TD ALIGN="RIGHT" VALIGN="MIDDLE" WIDTH="55" HEIGHT="46">-</TD>
<TD ALIGN="RIGHT" VALIGN="MIDDLE" WIDTH="55" HEIGHT="46">-</TD>
<TD ALIGN="RIGHT" VALIGN="MIDDLE" WIDTH="55" HEIGHT="46">-</TD>
<TD ALIGN="RIGHT" VALIGN="MIDDLE" WIDTH="55" HEIGHT="46">-</TD>
<TD ALIGN="RIGHT" VALIGN="MIDDLE" WIDTH="55" HEIGHT="46">-</TD>
<TD ALIGN="RIGHT" VALIGN="MIDDLE" WIDTH="55" HEIGHT="46">-</TD>
<TD ALIGN="RIGHT" VALIGN="MIDDLE" WIDTH="55" HEIGHT="46">-</TD>
<TD ALIGN="CENTER" VALIGN="MIDDLE" WIDTH="87" HEIGHT="46">1,046,512</TD>
</TR>

<TR ACOPY="Y" ADELETE="Y" HEIGHT="30">
<TD ALIGN="CENTER" VALIGN="MIDDLE" WIDTH="56" HEIGHT="23">비중</TD>
<TD ALIGN="CENTER" VALIGN="MIDDLE" WIDTH="70" HEIGHT="23">100.00</TD>
<TD ALIGN="RIGHT" VALIGN="MIDDLE" WIDTH="55" HEIGHT="23">-</TD>
<TD ALIGN="RIGHT" VALIGN="MIDDLE" WIDTH="55" HEIGHT="23">-</TD>
<TD ALIGN="RIGHT" VALIGN="MIDDLE" WIDTH="55" HEIGHT="23">-</TD>
<TD ALIGN="RIGHT" VALIGN="MIDDLE" WIDTH="40" HEIGHT="23">-</TD>
<TD ALIGN="RIGHT" VALIGN="MIDDLE" WIDTH="55" HEIGHT="23">-</TD>
<TD ALIGN="RIGHT" VALIGN="MIDDLE" WIDTH="55" HEIGHT="23">-</TD>
<TD ALIGN="RIGHT" VALIGN="MIDDLE" WIDTH="55" HEIGHT="23">-</TD>
<TD ALIGN="RIGHT" VALIGN="MIDDLE" WIDTH="55" HEIGHT="23">-</TD>
<TD ALIGN="RIGHT" VALIGN="MIDDLE" WIDTH="55" HEIGHT="23">-</TD>
<TD ALIGN="RIGHT" VALIGN="MIDDLE" WIDTH="55" HEIGHT="23">-</TD>
<TD ALIGN="RIGHT" VALIGN="MIDDLE" WIDTH="55" HEIGHT="23">-</TD>
<TD ALIGN="RIGHT" VALIGN="MIDDLE" WIDTH="55" HEIGHT="23">-</TD>
<TD ALIGN="CENTER" VALIGN="MIDDLE" WIDTH="87" HEIGHT="23">100.00</TD>
</TR>

<TR ACOPY="Y" ADELETE="Y" HEIGHT="30">
<TD COLSPAN="10" ALIGN="RIGHT" VALIGN="MIDDLE" WIDTH="632" HEIGHT="23">현금결제비율</TD>
<TD COLSPAN="5" ALIGN="CENTER" VALIGN="MIDDLE" WIDTH="343" HEIGHT="23">100.00</TD>
</TR>

<TR ACOPY="Y" ADELETE="Y" HEIGHT="30">
<TD COLSPAN="10" ALIGN="RIGHT" VALIGN="MIDDLE" WIDTH="632" HEIGHT="23">현금성결제비율</TD>
<TD COLSPAN="5" ALIGN="CENTER" VALIGN="MIDDLE" WIDTH="343" HEIGHT="23">100.00</TD>
</TR>

<TR ACOPY="Y" ADELETE="Y" HEIGHT="30">
<TD ALIGN="CENTER" VALIGN="MIDDLE" WIDTH="56" HEIGHT="23">비고</TD>
<TD COLSPAN="14" VALIGN="MIDDLE" WIDTH="919" HEIGHT="23"></TD>
</TR>
</TBODY>
</TABLE>
<P>※ ⑮(현금결제비율) = ① + ② + ⑥    ⓐ(현금성결제비율) = ① + ② + ③ + ⑥ + ⑦</P>
<P></P>
<P>2. (제2호) 지급기간별 지급금액</P>

<TABLE ACLASS="NORMAL" WIDTH="600" BORDER="0">

<COLGROUP WIDTH="600">
<COL WIDTH="600"></COL>
</COLGROUP>

<TBODY>

<TR ACOPY="Y" ADELETE="Y" HEIGHT="30">
<TD ALIGN="RIGHT" WIDTH="591" HEIGHT="23">[지급금액 단위(천원), 비중(%, 소수점 둘째자리)]</TD>
</TR>
</TBODY>
</TABLE>

<TABLE ACLASS="NORMAL" WIDTH="600" BORDER="1">

<COLGROUP WIDTH="600">
<COL WIDTH="100"></COL>
<COL WIDTH="100"></COL>
<COL WIDTH="100"></COL>
<COL WIDTH="100"></COL>
<COL WIDTH="100"></COL>
<COL WIDTH="100"></COL>
</COLGROUP>

<THEAD>

<TR ACOPY="Y" ADELETE="Y" HEIGHT="53">
<TH VALIGN="MIDDLE" WIDTH="91" ACOPYCOL="Y" ADELETECOL="Y" AMOVECOL="N" HEIGHT="46"></TH>
<TH VALIGN="MIDDLE" WIDTH="91" ACOPYCOL="Y" ADELETECOL="Y" AMOVECOL="N" HEIGHT="46">10일 이내</TH>
<TH VALIGN="MIDDLE" WIDTH="91" ACOPYCOL="Y" ADELETECOL="Y" AMOVECOL="N" HEIGHT="46">10일 초과15일 이하</TH>
<TH VALIGN="MIDDLE" WIDTH="91" ACOPYCOL="Y" ADELETECOL="Y" AMOVECOL="N" HEIGHT="46">15일 초과30일 이하</TH>
<TH VALIGN="MIDDLE" WIDTH="91" ACOPYCOL="Y" ADELETECOL="Y" AMOVECOL="N" HEIGHT="46">30일 초과60일 이하</TH>
<TH VALIGN="MIDDLE" WIDTH="91" ACOPYCOL="Y" ADELETECOL="Y" AMOVECOL="N" HEIGHT="46">60일 초과</TH>
</TR>
</THEAD>

<TBODY>

<TR ACOPY="Y" ADELETE="Y" HEIGHT="30">
<TD ALIGN="CENTER" WIDTH="91" HEIGHT="23">지급금액</TD>
<TD ALIGN="RIGHT" VALIGN="MIDDLE" WIDTH="91" HEIGHT="23">-</TD>
<TD ALIGN="RIGHT" VALIGN="MIDDLE" WIDTH="91" HEIGHT="23">-</TD>
<TD ALIGN="CENTER" VALIGN="MIDDLE" WIDTH="91" HEIGHT="23">911,146</TD>
<TD ALIGN="CENTER" VALIGN="MIDDLE" WIDTH="91" HEIGHT="23">135,366</TD>
<TD ALIGN="RIGHT" VALIGN="MIDDLE" WIDTH="91" HEIGHT="23">-</TD>
</TR>

<TR ACOPY="Y" ADELETE="Y" HEIGHT="30">
<TD ALIGN="CENTER" WIDTH="91" HEIGHT="23">비중</TD>
<TD ALIGN="RIGHT" VALIGN="MIDDLE" WIDTH="91" HEIGHT="23">-</TD>
<TD ALIGN="RIGHT" VALIGN="MIDDLE" WIDTH="91" HEIGHT="23">-</TD>
<TD ALIGN="CENTER" VALIGN="MIDDLE" WIDTH="91" HEIGHT="23">87.07</TD>
<TD ALIGN="CENTER" VALIGN="MIDDLE" WIDTH="91" HEIGHT="23">12.93</TD>
<TD ALIGN="RIGHT" VALIGN="MIDDLE" WIDTH="91" HEIGHT="23">-</TD>
</TR>

<TR ACOPY="Y" ADELETE="Y" HEIGHT="30">
<TD ALIGN="CENTER" WIDTH="91" HEIGHT="23">비고</TD>
<TD VALIGN="MIDDLE" COLSPAN="5" WIDTH="491" HEIGHT="23"></TD>
</TR>
</TBODY>
</TABLE>
<P>3. (제3호) 분쟁조정기구에 관한 사항</P>

<TABLE BORDER="1" WIDTH="600" ACLASS="NORMAL">

<COLGROUP WIDTH="600">
<COL WIDTH="300"></COL>
<COL WIDTH="300"></COL>
</COLGROUP>

<TBODY>

<TR ACOPY="Y" ADELETE="Y" HEIGHT="30">
<TD ALIGN="CENTER" VALIGN="MIDDLE" WIDTH="291" HEIGHT="23"></TD>
<TD ALIGN="CENTER" VALIGN="MIDDLE" WIDTH="291" HEIGHT="23">내용</TD>
</TR>

<TR ACOPY="Y" ADELETE="Y" HEIGHT="30">
<TD ALIGN="CENTER" VALIGN="MIDDLE" WIDTH="291" HEIGHT="23">분쟁조정기구 설치 여부</TD>
<TD ALIGN="CENTER" VALIGN="MIDDLE" WIDTH="291" HEIGHT="23">X</TD>
</TR>

<TR ACOPY="Y" ADELETE="Y" HEIGHT="30">
<TD ALIGN="CENTER" VALIGN="MIDDLE" WIDTH="291" HEIGHT="23">담당부서 및 연락처</TD>
<TD ALIGN="CENTER" VALIGN="MIDDLE" WIDTH="291" HEIGHT="23">-</TD>
</TR>

<TR ACOPY="Y" ADELETE="Y" HEIGHT="30">
<TD ALIGN="CENTER" VALIGN="MIDDLE" WIDTH="291" HEIGHT="23">분쟁조정 신청 절차ㆍ방법</TD>
<TD ALIGN="CENTER" VALIGN="MIDDLE" WIDTH="291" HEIGHT="23">-</TD>
</TR>

<TR ACOPY="Y" ADELETE="Y" HEIGHT="30">
<TD ALIGN="CENTER" VALIGN="MIDDLE" WIDTH="291" HEIGHT="23">분쟁조정 예상 소요기간</TD>
<TD ALIGN="CENTER" VALIGN="MIDDLE" WIDTH="291" HEIGHT="23">-</TD>
</TR>

<TR ACOPY="Y" ADELETE="Y" HEIGHT="30">
<TD ALIGN="CENTER" VALIGN="MIDDLE" WIDTH="291" HEIGHT="23">비고</TD>
<TD ALIGN="CENTER" VALIGN="MIDDLE" WIDTH="291" HEIGHT="23">-</TD>
</TR>
</TBODY>
</TABLE>
<P></P>
</SECTION-1>
</BODY>
</DOCUMENT>