<?xml version="1.0" encoding="utf-8"?>


<DOCUMENT xmlns:xsi="http://www.w3.org/2001/XMLSchema-instance" xsi:noNamespaceSchemaLocation="dart4.xsd">

<DOCUMENT-NAME ACODE="00728">자산유동화관련중요사항발생등보고서(기타)</DOCUMENT-NAME>
<FORMULA-VERSION ADATE="20240112">6.0</FORMULA-VERSION>
<COMPANY-NAME AREGCIK="01511813">2020기보제이차유동화전문유한회사</COMPANY-NAME>


<BODY ATOCID="1">

<SECTION-1 ACLASS="MANDATORY" APARTSOURCE="SOURCE">
<TITLE ATOC="Y" AASSOCNOTE="D-0-1-0-0" ATOCID="1" ENG="Report on Occurrence of Important Matters, etc. Related to Asset Securitization">자산유동화관련중요사항발생등보고서</TITLE>
<P USERMARK="F-14 "></P>
<P USERMARK="F-14 ">자산유동화관련 등록ㆍ신고등 현황 :</P>
<P USERMARK="F-14 "></P>

<TABLE ACLASS="NORMAL" AFIXTABLE="N" BORDER="1" WIDTH="609">

<COLGROUP WIDTH="609">
<COL WIDTH="41"></COL>
<COL WIDTH="402"></COL>
<COL WIDTH="109"></COL>
<COL WIDTH="57"></COL>
</COLGROUP>

<THEAD>

<TR ACOPY="Y" ADELETE="Y" HEIGHT="30">
<TH VALIGN="MIDDLE" ACOPYCOL="Y" ADELETECOL="Y" AMOVECOL="N" WIDTH="32" HEIGHT="23">번호</TH>
<TH VALIGN="MIDDLE" ACOPYCOL="Y" ADELETECOL="Y" AMOVECOL="N" WIDTH="393" HEIGHT="23">보고서명</TH>
<TH VALIGN="MIDDLE" ACOPYCOL="Y" ADELETECOL="Y" AMOVECOL="N" WIDTH="100" HEIGHT="23">접수일자</TH>
<TH VALIGN="MIDDLE" ACOPYCOL="Y" ADELETECOL="Y" AMOVECOL="N" WIDTH="48" HEIGHT="23">비고</TH>
</TR>
</THEAD>

<TBODY>

<TR ACOPY="Y" ADELETE="Y" HEIGHT="30">
<TD ALIGN="CENTER" VALIGN="MIDDLE" WIDTH="32" HEIGHT="23">1</TD>
<TD WIDTH="393" HEIGHT="23">주요사항보고서(해산사유발생)</TD>
<TD ALIGN="CENTER" VALIGN="MIDDLE" USERMARK="0X333333" WIDTH="100" HEIGHT="23">2026.01.05</TD>
<TD ALIGN="CENTER" VALIGN="MIDDLE" WIDTH="48" HEIGHT="23">　</TD>
</TR>

<TR ACOPY="Y" ADELETE="Y" HEIGHT="30">
<TD ALIGN="CENTER" VALIGN="MIDDLE" WIDTH="32" HEIGHT="23">2</TD>

<TD WIDTH="393" HEIGHT="23">
<SPAN>사업보고서(유동화전문회사) (2025.08)</SPAN>
</TD>

<TD ALIGN="CENTER" VALIGN="MIDDLE" USERMARK="0X333333" WIDTH="100" HEIGHT="23">
<SPAN>2025.11.25</SPAN>
</TD>
<TD ALIGN="CENTER" VALIGN="MIDDLE" WIDTH="48" HEIGHT="23"></TD>
</TR>

<TR ACOPY="Y" ADELETE="Y" HEIGHT="30">
<TD ALIGN="CENTER" VALIGN="MIDDLE" WIDTH="32" HEIGHT="23">3</TD>
<TD WIDTH="393" HEIGHT="23">[첨부정정]사업보고서(유동화전문회사) (2025.05)</TD>
<TD ALIGN="CENTER" VALIGN="MIDDLE" USERMARK="0X333333" WIDTH="100" HEIGHT="23">2025.09.29</TD>
<TD ALIGN="CENTER" VALIGN="MIDDLE" WIDTH="48" HEIGHT="23">　</TD>
</TR>

<TR ACOPY="Y" ADELETE="Y" HEIGHT="30">
<TD ALIGN="CENTER" VALIGN="MIDDLE" WIDTH="32" HEIGHT="23">4</TD>
<TD WIDTH="393" HEIGHT="23">사업보고서(유동화전문회사) (2025.05)</TD>
<TD ALIGN="CENTER" VALIGN="MIDDLE" USERMARK="0X333333" WIDTH="100" HEIGHT="23">2025.08.21</TD>
<TD ALIGN="CENTER" VALIGN="MIDDLE" WIDTH="48" HEIGHT="23">정</TD>
</TR>

<TR ACOPY="Y" ADELETE="Y" HEIGHT="30">
<TD ALIGN="CENTER" VALIGN="MIDDLE" WIDTH="32" HEIGHT="23">5</TD>
<TD WIDTH="393" HEIGHT="23">사업보고서(유동화전문회사) (2025.02)</TD>
<TD ALIGN="CENTER" VALIGN="MIDDLE" USERMARK="0X333333" WIDTH="100" HEIGHT="23">2025.05.13</TD>
<TD ALIGN="CENTER" VALIGN="MIDDLE" WIDTH="48" HEIGHT="23">　</TD>
</TR>

<TR ACOPY="Y" ADELETE="Y" HEIGHT="30">
<TD ALIGN="CENTER" VALIGN="MIDDLE" WIDTH="32" HEIGHT="23">6</TD>
<TD USERMARK="0X333333" WIDTH="393" HEIGHT="23">자산유동화관련중요사항발생등보고서(기타)</TD>
<TD ALIGN="CENTER" VALIGN="MIDDLE" USERMARK="0X333333" WIDTH="100" HEIGHT="23">2025.05.09</TD>
<TD ALIGN="CENTER" VALIGN="MIDDLE" WIDTH="48" HEIGHT="23">　</TD>
</TR>

<TR ACOPY="Y" ADELETE="Y" HEIGHT="30">
<TD ALIGN="CENTER" VALIGN="MIDDLE" WIDTH="32" HEIGHT="23">7</TD>
<TD USERMARK="0X333333" WIDTH="393" HEIGHT="23">사업보고서(유동화전문회사) (2024.11)</TD>
<TD ALIGN="CENTER" VALIGN="MIDDLE" USERMARK="0X333333" WIDTH="100" HEIGHT="23">2025.02.18</TD>
<TD ALIGN="CENTER" VALIGN="MIDDLE" WIDTH="48" HEIGHT="23">　</TD>
</TR>

<TR ACOPY="Y" ADELETE="Y" HEIGHT="30">
<TD ALIGN="CENTER" VALIGN="MIDDLE" WIDTH="32" HEIGHT="23">8</TD>
<TD USERMARK="0X333333" VALIGN="MIDDLE" WIDTH="393" HEIGHT="23">사업보고서(유동화전문회사) (2024.08)</TD>
<TD ALIGN="CENTER" VALIGN="MIDDLE" USERMARK="0X333333" WIDTH="100" HEIGHT="23">2024.11.20</TD>
<TD ALIGN="CENTER" VALIGN="MIDDLE" WIDTH="48" HEIGHT="23">　</TD>
</TR>

<TR ACOPY="Y" ADELETE="Y" HEIGHT="30">
<TD ALIGN="CENTER" VALIGN="MIDDLE" WIDTH="32" HEIGHT="23">9</TD>
<TD USERMARK="F-10 " VALIGN="MIDDLE" WIDTH="393" HEIGHT="23">사업보고서(유동화전문회사) (2024.05)</TD>
<TD ALIGN="CENTER" VALIGN="MIDDLE" USERMARK="0X333333" WIDTH="100" HEIGHT="23">2024.08.14</TD>
<TD ALIGN="CENTER" VALIGN="MIDDLE" WIDTH="48" HEIGHT="23">　</TD>
</TR>

<TR ACOPY="Y" ADELETE="Y" HEIGHT="30">
<TD ALIGN="CENTER" VALIGN="MIDDLE" WIDTH="32" HEIGHT="23">10</TD>
<TD USERMARK="0X333333" VALIGN="MIDDLE" WIDTH="393" HEIGHT="23">사업보고서(유동화전문회사) (2024.02)</TD>
<TD ALIGN="CENTER" VALIGN="MIDDLE" USERMARK="0X333333" WIDTH="100" HEIGHT="23">2024.05.21</TD>
<TD ALIGN="CENTER" VALIGN="MIDDLE" WIDTH="48" HEIGHT="23">　</TD>
</TR>

<TR ACOPY="Y" ADELETE="Y" HEIGHT="30">
<TD ALIGN="CENTER" VALIGN="MIDDLE" WIDTH="32" HEIGHT="23">11</TD>
<TD WIDTH="393" HEIGHT="23">사업보고서(유동화전문회사) (2023.11)</TD>
<TD ALIGN="CENTER" VALIGN="MIDDLE" WIDTH="100" HEIGHT="23">2024.02.19</TD>
<TD ALIGN="CENTER" VALIGN="MIDDLE" WIDTH="48" HEIGHT="23">　</TD>
</TR>

<TR ACOPY="Y" ADELETE="Y" HEIGHT="30">
<TD ALIGN="CENTER" VALIGN="MIDDLE" WIDTH="32" HEIGHT="23">12</TD>
<TD WIDTH="393" HEIGHT="23">사업보고서(유동화전문회사) (2023.08)</TD>
<TD ALIGN="CENTER" VALIGN="MIDDLE" WIDTH="100" HEIGHT="23">2023.11.21</TD>
<TD ALIGN="CENTER" VALIGN="MIDDLE" WIDTH="48" HEIGHT="23">　</TD>
</TR>

<TR ACOPY="Y" ADELETE="Y" HEIGHT="30">
<TD ALIGN="CENTER" VALIGN="MIDDLE" WIDTH="32" HEIGHT="23">13</TD>
<TD WIDTH="393" HEIGHT="23">사업보고서(유동화전문회사) (2023.05)</TD>
<TD ALIGN="CENTER" VALIGN="MIDDLE" WIDTH="100" HEIGHT="23">2023.08.22</TD>
<TD ALIGN="CENTER" VALIGN="MIDDLE" WIDTH="48" HEIGHT="23">　</TD>
</TR>

<TR ACOPY="Y" ADELETE="Y" HEIGHT="30">
<TD ALIGN="CENTER" VALIGN="MIDDLE" WIDTH="32" HEIGHT="23">14</TD>
<TD WIDTH="393" HEIGHT="23">사업보고서(유동화전문회사) (2023.02)</TD>
<TD ALIGN="CENTER" VALIGN="MIDDLE" WIDTH="100" HEIGHT="23">2023.05.18</TD>
<TD ALIGN="CENTER" VALIGN="MIDDLE" WIDTH="48" HEIGHT="23">　</TD>
</TR>

<TR ACOPY="Y" ADELETE="Y" HEIGHT="30">
<TD ALIGN="CENTER" VALIGN="MIDDLE" WIDTH="32" HEIGHT="23">15</TD>
<TD WIDTH="393" HEIGHT="23">자산유동화관련중요사항발생등보고서(기타)</TD>
<TD ALIGN="CENTER" VALIGN="MIDDLE" WIDTH="100" HEIGHT="23">2023.02.27</TD>
<TD ALIGN="CENTER" VALIGN="MIDDLE" WIDTH="48" HEIGHT="23">　</TD>
</TR>

<TR ACOPY="Y" ADELETE="Y" HEIGHT="30">
<TD ALIGN="CENTER" VALIGN="MIDDLE" WIDTH="32" HEIGHT="23">16</TD>
<TD WIDTH="393" HEIGHT="23">사업보고서(유동화전문회사) (2022.11)</TD>
<TD ALIGN="CENTER" VALIGN="MIDDLE" WIDTH="100" HEIGHT="23">2023.02.15</TD>
<TD ALIGN="CENTER" VALIGN="MIDDLE" WIDTH="48" HEIGHT="23">　</TD>
</TR>

<TR ACOPY="Y" ADELETE="Y" HEIGHT="30">
<TD ALIGN="CENTER" VALIGN="MIDDLE" WIDTH="32" HEIGHT="23">17</TD>
<TD WIDTH="393" HEIGHT="23">사업보고서(유동화전문회사) (2022.08)</TD>
<TD ALIGN="CENTER" VALIGN="MIDDLE" WIDTH="100" HEIGHT="23">2022.11.24</TD>
<TD ALIGN="CENTER" VALIGN="MIDDLE" WIDTH="48" HEIGHT="23">　</TD>
</TR>

<TR ACOPY="Y" ADELETE="Y" HEIGHT="30">
<TD ALIGN="CENTER" VALIGN="MIDDLE" WIDTH="32" HEIGHT="23">18</TD>
<TD WIDTH="393" HEIGHT="23">사업보고서(유동화전문회사) (2022.05)</TD>
<TD ALIGN="CENTER" VALIGN="MIDDLE" WIDTH="100" HEIGHT="23">2022.08.24</TD>
<TD ALIGN="CENTER" VALIGN="MIDDLE" WIDTH="48" HEIGHT="23">　</TD>
</TR>

<TR ACOPY="Y" ADELETE="Y" HEIGHT="30">
<TD ALIGN="CENTER" VALIGN="MIDDLE" WIDTH="32" HEIGHT="23">19</TD>
<TD WIDTH="393" HEIGHT="23">사업보고서(유동화전문회사) (2022.02)</TD>
<TD ALIGN="CENTER" VALIGN="MIDDLE" WIDTH="100" HEIGHT="23">2022.05.27</TD>
<TD ALIGN="CENTER" VALIGN="MIDDLE" WIDTH="48" HEIGHT="23">　</TD>
</TR>

<TR ACOPY="Y" ADELETE="Y" HEIGHT="30">
<TD ALIGN="CENTER" VALIGN="MIDDLE" WIDTH="32" HEIGHT="23">20</TD>
<TD WIDTH="393" HEIGHT="23">[첨부정정]사업보고서(유동화전문회사) (2021.11)</TD>
<TD ALIGN="CENTER" VALIGN="MIDDLE" WIDTH="100" HEIGHT="23">2022.03.10</TD>
<TD ALIGN="CENTER" VALIGN="MIDDLE" WIDTH="48" HEIGHT="23">　</TD>
</TR>

<TR ACOPY="Y" ADELETE="Y" HEIGHT="30">
<TD ALIGN="CENTER" VALIGN="MIDDLE" WIDTH="32" HEIGHT="23">21</TD>
<TD WIDTH="393" HEIGHT="23">사업보고서(유동화전문회사) (2021.11)</TD>
<TD ALIGN="CENTER" VALIGN="MIDDLE" WIDTH="100" HEIGHT="23">2022.02.16</TD>
<TD ALIGN="CENTER" VALIGN="MIDDLE" WIDTH="48" HEIGHT="23">정</TD>
</TR>

<TR ACOPY="Y" ADELETE="Y" HEIGHT="30">
<TD ALIGN="CENTER" VALIGN="MIDDLE" WIDTH="32" HEIGHT="23">22</TD>
<TD WIDTH="393" HEIGHT="23">사업보고서(유동화전문회사) (2021.08)</TD>
<TD ALIGN="CENTER" VALIGN="MIDDLE" WIDTH="100" HEIGHT="23">2021.11.25</TD>
<TD ALIGN="CENTER" VALIGN="MIDDLE" WIDTH="48" HEIGHT="23">　</TD>
</TR>

<TR ACOPY="Y" ADELETE="Y" HEIGHT="30">
<TD ALIGN="CENTER" VALIGN="MIDDLE" WIDTH="32" HEIGHT="23">23</TD>
<TD WIDTH="393" HEIGHT="23">사업보고서(유동화전문회사) (2021.05)</TD>
<TD ALIGN="CENTER" VALIGN="MIDDLE" WIDTH="100" HEIGHT="23">2021.08.24</TD>
<TD ALIGN="CENTER" VALIGN="MIDDLE" WIDTH="48" HEIGHT="23">　</TD>
</TR>

<TR ACOPY="Y" ADELETE="Y" HEIGHT="30">
<TD ALIGN="CENTER" VALIGN="MIDDLE" WIDTH="32" HEIGHT="23">24</TD>
<TD WIDTH="393" HEIGHT="23">사업보고서(유동화전문회사) (2021.02)</TD>
<TD ALIGN="CENTER" VALIGN="MIDDLE" WIDTH="100" HEIGHT="23">2021.05.31</TD>
<TD ALIGN="CENTER" VALIGN="MIDDLE" WIDTH="48" HEIGHT="23">　</TD>
</TR>

<TR ACOPY="Y" ADELETE="Y" HEIGHT="30">
<TD ALIGN="CENTER" VALIGN="MIDDLE" WIDTH="32" HEIGHT="23">25</TD>
<TD WIDTH="393" HEIGHT="23">증권발행실적보고서</TD>
<TD ALIGN="CENTER" VALIGN="MIDDLE" WIDTH="100" HEIGHT="23">2020.11.25</TD>
<TD ALIGN="CENTER" VALIGN="MIDDLE" WIDTH="48" HEIGHT="23">　</TD>
</TR>

<TR ACOPY="Y" ADELETE="Y" HEIGHT="30">
<TD ALIGN="CENTER" VALIGN="MIDDLE" WIDTH="32" HEIGHT="23">26</TD>
<TD WIDTH="393" HEIGHT="23">투자설명서</TD>
<TD ALIGN="CENTER" VALIGN="MIDDLE" WIDTH="100" HEIGHT="23">2020.11.24</TD>
<TD ALIGN="CENTER" VALIGN="MIDDLE" WIDTH="48" HEIGHT="23">　</TD>
</TR>

<TR ACOPY="Y" ADELETE="Y" HEIGHT="30">
<TD ALIGN="CENTER" VALIGN="MIDDLE" WIDTH="32" HEIGHT="23">27</TD>
<TD WIDTH="393" HEIGHT="23">[발행조건확정]증권신고서(유동화증권)</TD>
<TD ALIGN="CENTER" VALIGN="MIDDLE" WIDTH="100" HEIGHT="23">2020.11.23</TD>
<TD ALIGN="CENTER" VALIGN="MIDDLE" WIDTH="48" HEIGHT="23">　</TD>
</TR>

<TR ACOPY="Y" ADELETE="Y" HEIGHT="30">
<TD ALIGN="CENTER" VALIGN="MIDDLE" WIDTH="32" HEIGHT="23">28</TD>
<TD WIDTH="393" HEIGHT="23">[기재정정]증권신고서(유동화증권)</TD>
<TD ALIGN="CENTER" VALIGN="MIDDLE" WIDTH="100" HEIGHT="23">2020.11.23</TD>
<TD ALIGN="CENTER" VALIGN="MIDDLE" WIDTH="48" HEIGHT="23">정</TD>
</TR>

<TR ACOPY="Y" ADELETE="Y" HEIGHT="30">
<TD ALIGN="CENTER" VALIGN="MIDDLE" WIDTH="32" HEIGHT="23">29</TD>
<TD WIDTH="393" HEIGHT="23">자산양도등의등록신청서</TD>
<TD ALIGN="CENTER" VALIGN="MIDDLE" WIDTH="100" HEIGHT="23">2020.11.23</TD>
<TD ALIGN="CENTER" VALIGN="MIDDLE" WIDTH="48" HEIGHT="23">　</TD>
</TR>

<TR ACOPY="Y" ADELETE="Y" HEIGHT="30">
<TD ALIGN="CENTER" VALIGN="MIDDLE" WIDTH="32" HEIGHT="23">30</TD>
<TD WIDTH="393" HEIGHT="23">[기재정정]자산유동화계획의등록신청서(유동화전문회사)</TD>
<TD ALIGN="CENTER" VALIGN="MIDDLE" WIDTH="100" HEIGHT="23">2020.11.23</TD>
<TD ALIGN="CENTER" VALIGN="MIDDLE" WIDTH="48" HEIGHT="23">　</TD>
</TR>

<TR ACOPY="Y" ADELETE="Y" HEIGHT="30">
<TD ALIGN="CENTER" VALIGN="MIDDLE" WIDTH="32" HEIGHT="23">31</TD>
<TD WIDTH="393" HEIGHT="23">[기재정정]증권신고서(유동화증권)</TD>
<TD ALIGN="CENTER" VALIGN="MIDDLE" WIDTH="100" HEIGHT="23">2020.11.18</TD>
<TD ALIGN="CENTER" VALIGN="MIDDLE" WIDTH="48" HEIGHT="23">정</TD>
</TR>

<TR ACOPY="Y" ADELETE="Y" HEIGHT="30">
<TD ALIGN="CENTER" VALIGN="MIDDLE" WIDTH="32" HEIGHT="23">32</TD>
<TD WIDTH="393" HEIGHT="23">[기재정정]자산유동화계획의등록신청서(유동화전문회사)</TD>
<TD ALIGN="CENTER" VALIGN="MIDDLE" WIDTH="100" HEIGHT="23">2020.11.18</TD>
<TD ALIGN="CENTER" VALIGN="MIDDLE" WIDTH="48" HEIGHT="23">정</TD>
</TR>

<TR ACOPY="Y" ADELETE="Y" HEIGHT="30">
<TD ALIGN="CENTER" VALIGN="MIDDLE" WIDTH="32" HEIGHT="23">33</TD>
<TD WIDTH="393" HEIGHT="23">증권신고서(유동화증권)</TD>
<TD ALIGN="CENTER" VALIGN="MIDDLE" WIDTH="100" HEIGHT="23">2020.11.16</TD>
<TD ALIGN="CENTER" VALIGN="MIDDLE" WIDTH="48" HEIGHT="23">정</TD>
</TR>

<TR ACOPY="Y" ADELETE="Y" HEIGHT="30">
<TD ALIGN="CENTER" VALIGN="MIDDLE" WIDTH="32" HEIGHT="23">34</TD>
<TD WIDTH="393" HEIGHT="23">자산유동화계획의등록신청서(유동화전문회사)</TD>
<TD ALIGN="CENTER" VALIGN="MIDDLE" WIDTH="100" HEIGHT="23">2020.11.13</TD>
<TD ALIGN="CENTER" VALIGN="MIDDLE" WIDTH="48" HEIGHT="23">정</TD>
</TR>
</TBODY>
</TABLE>
<P USERMARK="F-14 "></P>
<P USERMARK="F-14 ">금융위원회 귀중                                                 2026년  1월   5일</P>
<P USERMARK="F-14 "></P>
<P USERMARK="F-14 ">회    사    명 :  2020기보제이차유동화전문 유한회사</P>
<P USERMARK="F-14 ">대  표  이  사 : 권   오   성   (인)</P>
<P USERMARK="F-14 "></P>
<P USERMARK="F-14 ">본 점 소 재 지 : 서울특별시 종로구 새문안로3길 30 (내수동)</P>
<P USERMARK="F-14 ">                     ( 전   화 )  02-729-7745</P>
<P USERMARK="F-14 "></P>
<P USERMARK="F-14 ">작 성 책 임 자 :  (업무수탁기관 및 담당부서)중소기업은행 수탁사업부</P>
<P USERMARK="F-14 ">                        (직책 및 성명)   과 장   박  영  은                        (전 화)  02-729-7972</P>
<P USERMARK="F-14 "></P>
<P USERMARK="F-14 ">보 고 사 항 : 유동화전문유한회사 파산선고결정 및 동시폐지</P>

<LIBRARY>
<TABLE-GROUP ACLASS="TBL_BRT" ADELETETABLE="N">

<TABLE ACLASS="NORMAL" AFIXTABLE="Y" WIDTH="600" BORDER="0">

<COLGROUP WIDTH="600">
<COL WIDTH="600"></COL>
</COLGROUP>

<TBODY>

<TR ACOPY="Y" ADELETE="Y" HEIGHT="30">
<TD WIDTH="591" HEIGHT="23" AUPDATECONT="N" ENG="【Bankruptcy】">【파산】</TD>
</TR>
</TBODY>
</TABLE>

<TABLE ACLASS="EXTRACTION" AFIXTABLE="Y" WIDTH="567" BORDER="1">

<COLGROUP WIDTH="567">
<COL WIDTH="137"></COL>
<COL WIDTH="372"></COL>
<COL WIDTH="58"></COL>
</COLGROUP>

<THEAD>

<TR ACOPY="Y" ADELETE="N" HEIGHT="30">
<TH WIDTH="128" HEIGHT="23" ACOPYCOL="N" ADELETECOL="N" AMOVECOL="N" AUPDATECONT="N" ENG="Date">날  짜</TH>
<TH WIDTH="363" HEIGHT="23" ACOPYCOL="N" ADELETECOL="N" AMOVECOL="N" AUPDATECONT="N" ENG="Reasons for occurrence">발생사유</TH>
<TH WIDTH="49" HEIGHT="23" ACOPYCOL="N" ADELETECOL="N" AMOVECOL="N" AUPDATECONT="N" ENG="Note">비  고</TH>
</TR>
</THEAD>

<TBODY>

<TR ACOPY="Y" ADELETE="N" HEIGHT="99">
<TU WIDTH="128" HEIGHT="92" AUNIT="BRT_DT" AUNITVALUE="20251230" VALIGN="MIDDLE" ALIGN="CENTER">2025년 12월 30일</TU>
<TE WIDTH="363" HEIGHT="92" ACODE="BRT_RSN">지급불능과 부채초과의 파산원인 존재 및 파산재단으로 파산절차의 비용 충당 부족이 인정되어 2025년 12월 30일 관할 법원으로부터 파산선고 및 파산폐지 결정받음.</TE>
<TE WIDTH="49" HEIGHT="92" ACODE="BRT_ETC" VALIGN="MIDDLE" ALIGN="CENTER">-</TE>
</TR>
</TBODY>
</TABLE>
</TABLE-GROUP>
<P></P>

<TABLE ACLASS="NORMAL" AFIXTABLE="N" BORDER="0" WIDTH="606">

<COLGROUP WIDTH="606">
<COL WIDTH="606"></COL>
</COLGROUP>

<TBODY>

<TR ACOPY="Y" ADELETE="Y" HEIGHT="99">
<TD WIDTH="597" HEIGHT="92">- 2020기보제이차유동화전문(유)는 2020년 11월 23일 양수한 채권의 원리금이 제대로 회수되지 못하였고 이로 인하여 2020년 11월 24일 발행한 후순위사채 원리금을 상환하지 못하였습니다. 현재 지급불능과 부채초과의 상태로 채무를 변제할 수 없는 상황입니다. 이에 관할 법원은 2025년 12월 30일 파산을 선고 결정. 이를 신고하는 바입니다.</TD>
</TR>
</TBODY>
</TABLE>

<P>
<SPAN USERMARK="F-GL B">1. 파산 사유</SPAN>
<SPAN USERMARK="F-GL11 ">- 후순위사채 미상환 및 채무자가 지급불능의 상태에 있어, 2025.12.30. 파산선고결정 받음. (2025하합1094 파산선고)</SPAN>
</P>
<P USERMARK="F-GL B">2. 회사 연혁</P>

<TABLE ACLASS="NORMAL" AFIXTABLE="N" BORDER="1" WIDTH="464">

<COLGROUP WIDTH="464">
<COL WIDTH="110"></COL>
<COL WIDTH="354"></COL>
</COLGROUP>

<THEAD>

<TR ACOPY="Y" ADELETE="Y" HEIGHT="30">
<TH WIDTH="101" HEIGHT="23" ACOPYCOL="Y" ADELETECOL="Y" AMOVECOL="N">일    자</TH>
<TH WIDTH="345" HEIGHT="23" ACOPYCOL="Y" ADELETECOL="Y" AMOVECOL="N">내     용</TH>
</TR>
</THEAD>

<TBODY>

<TR ACOPY="Y" ADELETE="Y" HEIGHT="30">
<TD WIDTH="101" HEIGHT="23" ALIGN="CENTER">2020.10.26</TD>
<TD WIDTH="345" HEIGHT="23">회사 설립</TD>
</TR>

<TR ACOPY="Y" ADELETE="Y" HEIGHT="30">
<TD WIDTH="101" HEIGHT="23" ALIGN="CENTER">2020.11.13</TD>
<TD WIDTH="345" HEIGHT="23">자산유동화계획등록 신청</TD>
</TR>

<TR ACOPY="Y" ADELETE="Y" HEIGHT="30">
<TD WIDTH="101" HEIGHT="23" ALIGN="CENTER">2020.11.24</TD>
<TD WIDTH="345" HEIGHT="23">유동화사채 발행</TD>
</TR>

<TR ACOPY="Y" ADELETE="Y" HEIGHT="30">
<TD WIDTH="101" HEIGHT="23" ALIGN="CENTER">2022.11.24</TD>
<TD WIDTH="345" HEIGHT="23">1-1 선순위 유동화사채 상환</TD>
</TR>

<TR ACOPY="Y" ADELETE="Y" HEIGHT="30">
<TD WIDTH="101" HEIGHT="23" ALIGN="CENTER">2025.12.30</TD>
<TD WIDTH="345" HEIGHT="23">파산선고 및 파산폐지 결정 (2025하합1094)</TD>
</TR>
</TBODY>
</TABLE>

<P>
<SPAN USERMARK="F-GL B">3. 자산유동화계획 참여기관</SPAN>
</P>

<TABLE ACLASS="NORMAL" AFIXTABLE="N" BORDER="1" WIDTH="612">

<COLGROUP WIDTH="612">
<COL WIDTH="217"></COL>
<COL WIDTH="395"></COL>
</COLGROUP>

<THEAD>

<TR ACOPY="Y" ADELETE="Y" HEIGHT="30">
<TH WIDTH="208" HEIGHT="23" ACOPYCOL="Y" ADELETECOL="Y" AMOVECOL="N">구     분</TH>
<TH WIDTH="386" HEIGHT="23" ACOPYCOL="Y" ADELETECOL="Y" AMOVECOL="N">기  관  명</TH>
</TR>
</THEAD>

<TBODY>

<TR ACOPY="Y" ADELETE="Y" HEIGHT="30">
<TD WIDTH="208" HEIGHT="23" ALIGN="CENTER">자산관리자</TD>
<TD WIDTH="386" HEIGHT="23">기술보증기금</TD>
</TR>

<TR ACOPY="Y" ADELETE="Y" HEIGHT="30">
<TD WIDTH="208" HEIGHT="23" ALIGN="CENTER">업무수탁자</TD>
<TD WIDTH="386" HEIGHT="23">중소기업은행</TD>
</TR>

<TR ACOPY="Y" ADELETE="Y" HEIGHT="30">
<TD WIDTH="208" HEIGHT="23" ALIGN="CENTER">신용공여자</TD>
<TD WIDTH="386" HEIGHT="23">중소기업은행</TD>
</TR>

<TR ACOPY="Y" ADELETE="Y" HEIGHT="99">
<TD WIDTH="208" HEIGHT="92" ALIGN="CENTER" VALIGN="MIDDLE">공동주관회사</TD>
<TD WIDTH="386" HEIGHT="92">한국투자증권(주)아이비케이투자증권(주)코리아에셋투자증권(주)메리츠증권(주)</TD>
</TR>

<TR ACOPY="Y" ADELETE="Y" HEIGHT="30">
<TD WIDTH="208" HEIGHT="23" ALIGN="CENTER">법률자문기관</TD>
<TD WIDTH="386" HEIGHT="23">김앤장 법률사무소</TD>
</TR>

<TR ACOPY="Y" ADELETE="Y" HEIGHT="30">
<TD WIDTH="208" HEIGHT="23" ALIGN="CENTER">자산실사&자산평가 기관</TD>
<TD WIDTH="386" HEIGHT="23">우영 회계법인</TD>
</TR>

<TR ACOPY="Y" ADELETE="Y" HEIGHT="30">
<TD WIDTH="208" HEIGHT="23" ALIGN="CENTER">신용평가기관</TD>
<TD WIDTH="386" HEIGHT="23">NICE신용평가, 한국기업평가</TD>
</TR>

<TR ACOPY="Y" ADELETE="Y" HEIGHT="30">
<TD WIDTH="208" HEIGHT="23" ALIGN="CENTER">신용공여에 관한 부분보증기관</TD>
<TD WIDTH="386" HEIGHT="23">기술보증기금</TD>
</TR>
</TBODY>
</TABLE>

<P>
<SPAN USERMARK="F-GL B">4. 유동화증권의 발행 및 상환현황</SPAN>
</P>

<TABLE BORDER="1" WIDTH="1049" ACLASS="NORMAL" AFIXTABLE="N">

<COLGROUP WIDTH="1049">
<COL WIDTH="29"></COL>
<COL WIDTH="70"></COL>
<COL WIDTH="42"></COL>
<COL WIDTH="40"></COL>
<COL WIDTH="50"></COL>
<COL WIDTH="102"></COL>
<COL WIDTH="102"></COL>
<COL WIDTH="104"></COL>
<COL WIDTH="75"></COL>
<COL WIDTH="108"></COL>
<COL WIDTH="79"></COL>
<COL WIDTH="67"></COL>
<COL WIDTH="98"></COL>
<COL WIDTH="83"></COL>
</COLGROUP>

<THEAD>

<TR ACOPY="Y" ADELETE="Y" HEIGHT="30">
<TH ROWSPAN="2" WIDTH="20" VALIGN="MIDDLE" ACOPYCOL="Y" ADELETECOL="Y" AMOVECOL="N" HEIGHT="53">종류</TH>
<TH ROWSPAN="2" WIDTH="61" VALIGN="MIDDLE" ACOPYCOL="Y" ADELETECOL="Y" AMOVECOL="N" HEIGHT="53">선/중/후순위</TH>
<TH ROWSPAN="2" WIDTH="33" VALIGN="MIDDLE" ACOPYCOL="Y" ADELETECOL="Y" AMOVECOL="N" HEIGHT="53">회차</TH>
<TH ROWSPAN="2" WIDTH="31" VALIGN="MIDDLE" ACOPYCOL="Y" ADELETECOL="Y" AMOVECOL="N" HEIGHT="53">해외발행</TH>
<TH ROWSPAN="2" WIDTH="41" VALIGN="MIDDLE" ACOPYCOL="Y" ADELETECOL="Y" AMOVECOL="N" HEIGHT="53">통화단위</TH>
<TH ROWSPAN="2" WIDTH="93" VALIGN="MIDDLE" ACOPYCOL="Y" ADELETECOL="Y" AMOVECOL="N" HEIGHT="53">발행금액</TH>
<TH ROWSPAN="2" WIDTH="93" VALIGN="MIDDLE" ACOPYCOL="Y" ADELETECOL="Y" AMOVECOL="N" HEIGHT="53">발행일</TH>
<TH ROWSPAN="2" WIDTH="95" VALIGN="MIDDLE" ACOPYCOL="Y" ADELETECOL="Y" AMOVECOL="N" HEIGHT="53">만기일</TH>
<TH ROWSPAN="2" WIDTH="66" VALIGN="MIDDLE" ACOPYCOL="Y" ADELETECOL="Y" AMOVECOL="N" HEIGHT="53">이자율</TH>
<TH ROWSPAN="2" WIDTH="99" VALIGN="MIDDLE" ACOPYCOL="Y" ADELETECOL="Y" AMOVECOL="N" HEIGHT="53">이자지급방법</TH>
<TH ROWSPAN="2" WIDTH="70" VALIGN="MIDDLE" ACOPYCOL="Y" ADELETECOL="Y" AMOVECOL="N" HEIGHT="53">발행방법</TH>
<TH COLSPAN="2" WIDTH="156" VALIGN="MIDDLE" ACOPYCOL="Y" ADELETECOL="Y" AMOVECOL="N" HEIGHT="23">상환여부</TH>
<TH ROWSPAN="2" WIDTH="74" VALIGN="MIDDLE" ACOPYCOL="Y" ADELETECOL="Y" AMOVECOL="N" HEIGHT="53">상환여부</TH>
</TR>

<TR ACOPY="Y" ADELETE="Y" HEIGHT="30">
<TH VALIGN="MIDDLE" ACOPYCOL="Y" ADELETECOL="Y" AMOVECOL="N" WIDTH="58" HEIGHT="23">사유</TH>
<TH VALIGN="MIDDLE" ACOPYCOL="Y" ADELETECOL="Y" AMOVECOL="N" WIDTH="89" HEIGHT="23">금액</TH>
</TR>
</THEAD>

<TBODY>

<TR ACOPY="Y" ADELETE="Y" HEIGHT="30">
<TD ROWSPAN="4" VALIGN="MIDDLE" ALIGN="CENTER" WIDTH="20" HEIGHT="113">사채</TD>
<TD VALIGN="MIDDLE" ALIGN="CENTER" WIDTH="61" HEIGHT="23">선순위</TD>
<TD VALIGN="MIDDLE" ALIGN="CENTER" WIDTH="33" HEIGHT="23">1-1</TD>
<TD VALIGN="MIDDLE" ALIGN="CENTER" WIDTH="31" HEIGHT="23">Ｘ</TD>
<TD VALIGN="MIDDLE" ALIGN="CENTER" WIDTH="41" HEIGHT="23">1억원</TD>
<TD VALIGN="MIDDLE" ALIGN="RIGHT" WIDTH="93" HEIGHT="23">738.8760</TD>
<TD VALIGN="MIDDLE" ALIGN="CENTER" WIDTH="93" HEIGHT="23">2020-11-24</TD>
<TD VALIGN="MIDDLE" ALIGN="CENTER" WIDTH="95" HEIGHT="23">2022-11-24</TD>
<TD VALIGN="MIDDLE" ALIGN="CENTER" WIDTH="66" HEIGHT="23">1.155%</TD>
<TD ALIGN="CENTER" WIDTH="99" HEIGHT="23">3개월 후급</TD>
<TD VALIGN="MIDDLE" ALIGN="CENTER" WIDTH="70" HEIGHT="23">공모</TD>
<TD VALIGN="MIDDLE" ALIGN="CENTER" WIDTH="58" HEIGHT="23">만기</TD>
<TD VALIGN="MIDDLE" ALIGN="RIGHT" WIDTH="89" HEIGHT="23">738.8760</TD>
<TD VALIGN="MIDDLE" ALIGN="CENTER" WIDTH="74" HEIGHT="23">만기상환</TD>
</TR>

<TR ACOPY="Y" ADELETE="Y" HEIGHT="30">
<TD COLSPAN="4" VALIGN="MIDDLE" ALIGN="CENTER" WIDTH="193" HEIGHT="23">선순위 소계</TD>
<TD VALIGN="MIDDLE" ALIGN="RIGHT" WIDTH="93" HEIGHT="23">738.8760</TD>
<TD COLSPAN="8" VALIGN="MIDDLE" ALIGN="CENTER" WIDTH="707" HEIGHT="23">-</TD>
</TR>

<TR ACOPY="Y" ADELETE="Y" HEIGHT="30">
<TD VALIGN="MIDDLE" ALIGN="CENTER" WIDTH="61" HEIGHT="23">후순위</TD>
<TD VALIGN="MIDDLE" ALIGN="CENTER" WIDTH="33" HEIGHT="23">1-2</TD>
<TD VALIGN="MIDDLE" ALIGN="CENTER" WIDTH="31" HEIGHT="23">Ｘ</TD>
<TD VALIGN="MIDDLE" ALIGN="CENTER" WIDTH="41" HEIGHT="23">1억원</TD>
<TD VALIGN="MIDDLE" ALIGN="RIGHT" WIDTH="93" HEIGHT="23">15.0777</TD>
<TD VALIGN="MIDDLE" ALIGN="CENTER" WIDTH="93" HEIGHT="23">2020-11-24</TD>
<TD VALIGN="MIDDLE" ALIGN="CENTER" WIDTH="95" HEIGHT="23">2023-02-24</TD>
<TD VALIGN="MIDDLE" ALIGN="CENTER" WIDTH="66" HEIGHT="23">5.00%</TD>
<TD ALIGN="CENTER" WIDTH="99" HEIGHT="23">만기일시지급</TD>
<TD VALIGN="MIDDLE" ALIGN="CENTER" WIDTH="70" HEIGHT="23">공모</TD>
<TD VALIGN="MIDDLE" ALIGN="CENTER" WIDTH="58" HEIGHT="23">-</TD>
<TD VALIGN="MIDDLE" ALIGN="CENTER" WIDTH="89" HEIGHT="23">-</TD>
<TD VALIGN="MIDDLE" ALIGN="CENTER" WIDTH="74" HEIGHT="23">미상환</TD>
</TR>

<TR ACOPY="Y" ADELETE="Y" HEIGHT="30">
<TD COLSPAN="4" VALIGN="MIDDLE" ALIGN="CENTER" WIDTH="193" HEIGHT="23">후순위 소계</TD>
<TD VALIGN="MIDDLE" ALIGN="RIGHT" WIDTH="93" HEIGHT="23">15.0777</TD>
<TD COLSPAN="8" ALIGN="CENTER" WIDTH="707" HEIGHT="23">-</TD>
</TR>

<TR ACOPY="Y" ADELETE="Y" HEIGHT="30">
<TD COLSPAN="5" VALIGN="MIDDLE" ALIGN="CENTER" WIDTH="222" HEIGHT="23">합 계</TD>
<TD VALIGN="MIDDLE" ALIGN="RIGHT" WIDTH="93" HEIGHT="23">753.9537</TD>
<TD COLSPAN="8" ALIGN="CENTER" WIDTH="707" HEIGHT="23">-</TD>
</TR>
</TBODY>
</TABLE>
<PGBRK></PGBRK>

<P>
<SPAN USERMARK="F-GL B">5. 첨부서류</SPAN>
<SPAN USERMARK="F-GL ">-폐지결정문 등</SPAN>
</P>

<IMAGE>
<IMG WIDTH="594" HEIGHT="840" ALIGN="CENTER" HSPACE="0">(2020기보제이차)파산결정문_1.jpg</IMG>
<IMG-CAPTION ATOC="N">(2020기보제이차)파산결정문_1</IMG-CAPTION>
</IMAGE>

<IMAGE>
<IMG WIDTH="594" HEIGHT="840" ALIGN="CENTER" HSPACE="0">(2020기보제이차)파산결정문_2.jpg</IMG>
<IMG-CAPTION ATOC="N">(2020기보제이차)파산결정문_2</IMG-CAPTION>
</IMAGE>

<IMAGE>
<IMG WIDTH="594" HEIGHT="840" ALIGN="CENTER" HSPACE="0">(2020기보제이차)파산결정문_3.jpg</IMG>
<IMG-CAPTION ATOC="N">(2020기보제이차)파산결정문_3</IMG-CAPTION>
</IMAGE>

<IMAGE>
<IMG WIDTH="594" HEIGHT="840" ALIGN="CENTER" HSPACE="0">(2020기보제이차)파산결정문_4.jpg</IMG>
<IMG-CAPTION ATOC="N">(2020기보제이차)파산결정문_4</IMG-CAPTION>
</IMAGE>
</LIBRARY>

</SECTION-1>
</BODY>
</DOCUMENT>