<?xml version="1.0" encoding="utf-8"?>


<DOCUMENT xmlns:xsi="http://www.w3.org/2001/XMLSchema-instance" xsi:noNamespaceSchemaLocation="dart4.xsd">

<DOCUMENT-NAME ACODE="10800">증권발행실적보고서</DOCUMENT-NAME>
<FORMULA-VERSION SUBVER="1" ADATE="20230828">6.0</FORMULA-VERSION>
<COMPANY-NAME AREGCIK="00148610">한화투자증권</COMPANY-NAME>


<BODY ATOCID="10">

<COVER>
<COVER-TITLE ATOC="Y" AASSOCNOTE="COVER" ATOCID="1" ENG="Post-Issuance Report">증권발행실적보고서</COVER-TITLE>

<TABLE ACLASS="NORMAL" AFIXTABLE="N" WIDTH="600" BORDER="0">

<COLGROUP WIDTH="600">
<COL WIDTH="161"></COL>
<COL WIDTH="439"></COL>
</COLGROUP>

<TBODY>

<TR ACOPY="Y" ADELETE="Y" HEIGHT="53">
<TD CLASS="NORMAL" COLSPAN="2" WIDTH="591" HEIGHT="46"></TD>
</TR>

<TR ACOPY="Y" ADELETE="Y" HEIGHT="30">
<TD CLASS="NORMAL" WIDTH="152" HEIGHT="23">금융감독원장 귀하</TD>
<TD CLASS="NORMAL" ALIGN="RIGHT" WIDTH="430" HEIGHT="23">2026년 01월 05일</TD>
</TR>

<TR ACOPY="Y" ADELETE="Y" HEIGHT="53">
<TD CLASS="NORMAL" WIDTH="152" HEIGHT="46"></TD>
<TD CLASS="NORMAL" WIDTH="430" HEIGHT="46"></TD>
</TR>

<TR ACOPY="Y" ADELETE="Y" HEIGHT="53">
<TD CLASS="NORMAL" WIDTH="152" HEIGHT="46">회       사       명 :</TD>
<TD CLASS="NORMAL" WIDTH="430" HEIGHT="46">한화투자증권 주식회사</TD>
</TR>

<TR ACOPY="Y" ADELETE="Y" HEIGHT="53">
<TD CLASS="NORMAL" WIDTH="152" HEIGHT="46">대   표     이   사 :</TD>
<TD CLASS="NORMAL" WIDTH="430" HEIGHT="46">장병호 (인)</TD>
</TR>

<TR ACOPY="Y" ADELETE="Y" HEIGHT="30">
<TD CLASS="NORMAL" WIDTH="152" HEIGHT="23">본  점  소  재  지 :</TD>
<TD CLASS="NORMAL" WIDTH="430" HEIGHT="23">서울특별시 영등포구 여의대로 56</TD>
</TR>

<TR ACOPY="Y" ADELETE="Y" HEIGHT="30">
<TD CLASS="NORMAL" WIDTH="152" HEIGHT="23"></TD>
<TD CLASS="NORMAL" WIDTH="430" HEIGHT="23">(전  화) 02-3772-7000</TD>
</TR>

<TR ACOPY="Y" ADELETE="Y" HEIGHT="30">
<TD CLASS="NORMAL" WIDTH="152" HEIGHT="23"></TD>
<TD CLASS="NORMAL" WIDTH="430" HEIGHT="23">(홈페이지)http://www.hanwhawm.com</TD>
</TR>

<TR ACOPY="Y" ADELETE="Y" HEIGHT="30">
<TD CLASS="NORMAL" WIDTH="152" HEIGHT="23"></TD>
<TD CLASS="NORMAL" WIDTH="430" HEIGHT="23"></TD>
</TR>

<TR ACOPY="Y" ADELETE="Y" HEIGHT="30">
<TD CLASS="NORMAL" WIDTH="152" HEIGHT="23">작  성  책  임  자 :</TD>
<TD CLASS="NORMAL" WIDTH="430" HEIGHT="23">(직  책)파생솔루션팀장     (성  명)정영협</TD>
</TR>

<TR ACOPY="Y" ADELETE="Y" HEIGHT="30">
<TD CLASS="NORMAL" WIDTH="152" HEIGHT="23"></TD>
<TD CLASS="NORMAL" WIDTH="430" HEIGHT="23">(전  화)02-3772-7048</TD>
</TR>

<TR ACOPY="Y" ADELETE="Y" HEIGHT="53">
<TD CLASS="NORMAL" WIDTH="152" HEIGHT="46"></TD>
<TD CLASS="NORMAL" WIDTH="430" HEIGHT="46"></TD>
</TR>
</TBODY>
</TABLE>
</COVER>

<SECTION-1 ACLASS="MANDATORY" APARTSOURCE="SOURCE">

<LIBRARY>
<SECTION-2 ACLASS="MANDATORY">
<TITLE ATOC="Y" AASSOCNOTE="L-0-0-1-0" ATOCID="2" ENG="Ⅰ. Subscription and Allotment">Ⅰ. 청약 및 배정에 관한 사항</TITLE>
<P></P>

<SECTION-3 ACLASS="MANDATORY">
<TITLE ATOC="Y" ATOCID="3" ENG="1. Subscription and payment schedule">1. 청약 및 납입일정</TITLE>

<TABLE-GROUP ACLASS="SB_DT_DV" ADELETETABLE="N">

<TABLE ACLASS="EXTRACTION" AFIXTABLE="N" WIDTH="600" BORDER="1">

<COLGROUP WIDTH="600">
<COL WIDTH="162"></COL>
<COL WIDTH="138"></COL>
<COL WIDTH="150"></COL>
<COL WIDTH="150"></COL>
</COLGROUP>

<THEAD>

<TR ACOPY="N" ADELETE="N" HEIGHT="30">
<TH VALIGN="MIDDLE" WIDTH="153" HEIGHT="23" ACOPYCOL="N" ADELETECOL="N" AMOVECOL="N" AUPDATECONT="N" ENG="Type of securities">증권의 종류</TH>
<TH VALIGN="MIDDLE" WIDTH="129" HEIGHT="23" ACOPYCOL="N" ADELETECOL="N" AMOVECOL="N" AUPDATECONT="N" ENG="Subscription start date">청약 개시일</TH>
<TH VALIGN="MIDDLE" WIDTH="141" HEIGHT="23" ACOPYCOL="N" ADELETECOL="N" AMOVECOL="N" AUPDATECONT="N" ENG="Subscription closing date">청약 종료일</TH>
<TH VALIGN="MIDDLE" WIDTH="141" HEIGHT="23" ACOPYCOL="N" ADELETECOL="N" AMOVECOL="N" AUPDATECONT="N" ENG="Payment date">납입일</TH>
</TR>
</THEAD>

<TBODY>

<TR ACOPY="Y" ADELETE="N" HEIGHT="30">
<TU ALIGN="CENTER" VALIGN="MIDDLE" WIDTH="153" HEIGHT="23" AUNIT="STK_KND" AUNITVALUE="4" ENG="Equity-linked bonds">주가연계파생결합사채</TU>
<TU ALIGN="CENTER" VALIGN="MIDDLE" WIDTH="129" HEIGHT="23" AUNIT="SB_STR_DT" AUNITVALUE="20260105">2026.01.05</TU>
<TU ALIGN="CENTER" VALIGN="MIDDLE" WIDTH="141" HEIGHT="23" AUNIT="SB_END_DT" AUNITVALUE="20260105">2026.01.05</TU>
<TU ALIGN="CENTER" VALIGN="MIDDLE" WIDTH="141" HEIGHT="23" AUNIT="PYM_DT" AUNITVALUE="20260105">2026.01.05</TU>
</TR>
</TBODY>
</TABLE>
</TABLE-GROUP>
<P></P>
<P></P>
</SECTION-3>

<SECTION-3 ACLASS="MANDATORY">
<TITLE ATOC="Y" ATOCID="4" ENG="2. Underwriting amount by underwriting institution">2. 인수기관별 인수금액</TITLE>

<TABLE-GROUP ACLASS="ACC_AMT_DV" ADELETETABLE="N">

<TABLE ACLASS="EXTRACTION" AFIXTABLE="Y" WIDTH="600" BORDER="0">

<COLGROUP WIDTH="600">
<COL WIDTH="300"></COL>
<COL WIDTH="300"></COL>
</COLGROUP>

<TBODY>

<TR ACOPY="N" ADELETE="N" HEIGHT="30">
<TD VALIGN="BOTTOM" WIDTH="291" HEIGHT="23"></TD>
<TU ALIGN="RIGHT" VALIGN="BOTTOM" WIDTH="291" HEIGHT="23" AUNIT="WON" AUNITVALUE="1" ENG="(Unit: KRW)">(단위 : 원)</TU>
</TR>
</TBODY>
</TABLE>

<TABLE ACLASS="EXTRACTION" AFIXTABLE="N" WIDTH="600" BORDER="1">

<COLGROUP WIDTH="600">
<COL WIDTH="148"></COL>
<COL WIDTH="147"></COL>
<COL WIDTH="191"></COL>
<COL WIDTH="114"></COL>
</COLGROUP>

<THEAD>

<TR ACOPY="N" ADELETE="N" HEIGHT="30">
<TH VALIGN="MIDDLE" WIDTH="139" HEIGHT="23" ACOPYCOL="N" ADELETECOL="N" AMOVECOL="N" AUPDATECONT="N" ENG="Underwriting institution">인수기관</TH>
<TH VALIGN="MIDDLE" WIDTH="138" HEIGHT="23" ACOPYCOL="N" ADELETECOL="N" AMOVECOL="N" AUPDATECONT="N" ENG="Ordinal">회 차</TH>
<TH VALIGN="MIDDLE" WIDTH="182" HEIGHT="23" ACOPYCOL="N" ADELETECOL="N" AMOVECOL="N" AUPDATECONT="N" ENG="Underwriting amount">인수금액</TH>
<TH VALIGN="MIDDLE" WIDTH="105" HEIGHT="23" ACOPYCOL="N" ADELETECOL="N" AMOVECOL="N" AUPDATECONT="N" ENG="Ratio">비 율</TH>
</TR>
</THEAD>

<TBODY>

<TR ACOPY="Y" ADELETE="N" HEIGHT="30">
<TE ALIGN="CENTER" VALIGN="MIDDLE" WIDTH="139" HEIGHT="23" ACODE="ACC_ORG">-</TE>
<TE ALIGN="CENTER" VALIGN="MIDDLE" WIDTH="138" HEIGHT="23" ACODE="SEQ_NO2">-</TE>
<TE ALIGN="CENTER" VALIGN="MIDDLE" WIDTH="182" HEIGHT="23" ACODE="ACC_AMT">-</TE>
<TE ALIGN="CENTER" VALIGN="MIDDLE" WIDTH="105" HEIGHT="23" ACODE="ACC_RT">-</TE>
</TR>
</TBODY>
</TABLE>
</TABLE-GROUP>
<P>발행사인 한화투자증권 주식회사가 직접 모집하였으므로 별도의 인수기관이 없습니다.</P>
</SECTION-3>

<SECTION-3 ACLASS="MANDATORY">
<TITLE ATOC="Y" ATOCID="5" ENG="3. Subscription and allotment status">3. 청약 및 배정현황</TITLE>

<TABLE-GROUP ACLASS="DST_CD_DV" ADELETETABLE="N">

<TABLE ACLASS="EXTRACTION" AFIXTABLE="Y" WIDTH="747" BORDER="0">

<COLGROUP WIDTH="747">
<COL WIDTH="602"></COL>
<COL WIDTH="145"></COL>
</COLGROUP>

<TBODY>

<TR ACOPY="Y" ADELETE="Y" HEIGHT="30">
<TD WIDTH="593" HEIGHT="23"></TD>
<TU ALIGN="RIGHT" WIDTH="136" HEIGHT="23" AUNIT="WONSTOCKPERCENT" AUNITVALUE="1" ENG="(Unit: KRW, shares, %)">(단위 : 원, 주, %)</TU>
</TR>
</TBODY>
</TABLE>

<TABLE ACLASS="EXTRACTION" AFIXTABLE="N" WIDTH="747" BORDER="1">

<COLGROUP WIDTH="747">
<COL WIDTH="70"></COL>
<COL WIDTH="146"></COL>
<COL WIDTH="61"></COL>
<COL WIDTH="144"></COL>
<COL WIDTH="59"></COL>
<COL WIDTH="64"></COL>
<COL WIDTH="145"></COL>
<COL WIDTH="58"></COL>
</COLGROUP>

<THEAD>

<TR ACOPY="N" ADELETE="N" HEIGHT="30">
<TH ROWSPAN="2" VALIGN="MIDDLE" WIDTH="61" HEIGHT="53" ACOPYCOL="N" ADELETECOL="N" AMOVECOL="N" AUPDATECONT="N" ENG="Ordinal">회 차</TH>
<TH VALIGN="MIDDLE" WIDTH="137" HEIGHT="53" ACOPYCOL="N" ADELETECOL="N" AMOVECOL="N" AUPDATECONT="N" ROWSPAN="2" ENG="Total amount of offering">모집 총액</TH>
<TH COLSPAN="3" VALIGN="MIDDLE" WIDTH="255" HEIGHT="23" ACOPYCOL="N" ADELETECOL="N" AMOVECOL="N" AUPDATECONT="N" ENG="Subscription status">청약현황</TH>
<TH COLSPAN="3" VALIGN="MIDDLE" WIDTH="258" HEIGHT="23" ACOPYCOL="N" ADELETECOL="N" AMOVECOL="N" AUPDATECONT="N" ENG="Final allotment status">최종배정현황</TH>
</TR>

<TR ACOPY="N" ADELETE="N" HEIGHT="30">
<TH VALIGN="MIDDLE" WIDTH="52" HEIGHT="23" ACOPYCOL="N" ADELETECOL="N" AMOVECOL="N" AUPDATECONT="N" ENG="Number of cases">건수</TH>
<TH VALIGN="MIDDLE" WIDTH="135" HEIGHT="23" ACOPYCOL="N" ADELETECOL="N" AMOVECOL="N" AUPDATECONT="N" ENG="Amount">금액</TH>
<TH VALIGN="MIDDLE" WIDTH="50" HEIGHT="23" ACOPYCOL="N" ADELETECOL="N" AMOVECOL="N" AUPDATECONT="N" ENG="Ratio">비율</TH>
<TH VALIGN="MIDDLE" WIDTH="55" HEIGHT="23" ACOPYCOL="N" ADELETECOL="N" AMOVECOL="N" AUPDATECONT="N" ENG="Number of cases">건수</TH>
<TH VALIGN="MIDDLE" WIDTH="136" HEIGHT="23" ACOPYCOL="N" ADELETECOL="N" AMOVECOL="N" AUPDATECONT="N" ENG="Amount">금액</TH>
<TH VALIGN="MIDDLE" WIDTH="49" HEIGHT="23" ACOPYCOL="N" ADELETECOL="N" AMOVECOL="N" AUPDATECONT="N" ENG="Ratio">비율</TH>
</TR>
</THEAD>

<TBODY>

<TR ACOPY="Y" ADELETE="N" HEIGHT="30">
<TE ALIGN="CENTER" WIDTH="61" HEIGHT="23" ACODE="SEQ_NO2">921</TE>
<TE ALIGN="RIGHT" WIDTH="137" HEIGHT="23" ACODE="TOT_RET_AMT" VALIGN="MIDDLE">9,985,000,000</TE>
<TE ALIGN="RIGHT" WIDTH="52" HEIGHT="23" ACODE="SB_CNT" VALIGN="MIDDLE">0</TE>
<TE ALIGN="RIGHT" WIDTH="135" HEIGHT="23" ACODE="SB_AMT" VALIGN="MIDDLE">0</TE>
<TE ALIGN="RIGHT" WIDTH="50" HEIGHT="23" ACODE="SB_RT" VALIGN="MIDDLE">0</TE>
<TE ALIGN="RIGHT" WIDTH="55" HEIGHT="23" ACODE="DV_CNT" VALIGN="MIDDLE">0</TE>
<TE ALIGN="RIGHT" WIDTH="136" HEIGHT="23" ACODE="DV_AMT" VALIGN="MIDDLE">0</TE>
<TE ALIGN="RIGHT" WIDTH="49" HEIGHT="23" ACODE="DV_RT" VALIGN="MIDDLE">0</TE>
</TR>
</TBODY>
</TABLE>
</TABLE-GROUP>
<P></P>
</SECTION-3>

<SECTION-3 ACLASS="MANDATORY">
<TITLE ATOC="Y" ATOCID="6" ENG="4. Allotment method">4. 배정방법</TITLE>

<P>한화스마트ELB 제921호 파생결합사채는 공모결과 총 청약금액이 모집금액에 미달하여 
<SPAN USERMARK="B">발행이 취소</SPAN>되었습니다.
</P>
</SECTION-3>
</SECTION-2>

<SECTION-2 ACLASS="MANDATORY">
<TITLE ATOC="Y" AASSOCNOTE="L-0-0-3-0" ATOCID="7" ENG="Ⅱ. Date of Securities Delivery, etc.">Ⅱ. 증권교부일 등</TITLE>
<P>2026년 01월 05일</P>
</SECTION-2>

<SECTION-2 ACLASS="MANDATORY">
<TITLE ATOC="Y" AASSOCNOTE="L-0-0-4-0" ATOCID="8" ENG="Ⅲ. Disclosure Implementation Status">Ⅲ. 공시 이행상황</TITLE>
<P></P>
<P>가. 청약공고</P>

<TABLE ACLASS="NORMAL" AFIXTABLE="N" WIDTH="626" BORDER="1">

<COLGROUP WIDTH="626">
<COL WIDTH="114"></COL>
<COL WIDTH="368"></COL>
<COL WIDTH="144"></COL>
</COLGROUP>

<THEAD>

<TR ACOPY="Y" ADELETE="Y" HEIGHT="30">
<TH VALIGN="MIDDLE" WIDTH="105" HEIGHT="23" ACOPYCOL="Y" ADELETECOL="Y" AMOVECOL="N">구     분</TH>
<TH VALIGN="MIDDLE" WIDTH="359" HEIGHT="23" ACOPYCOL="Y" ADELETECOL="Y" AMOVECOL="N">신     문</TH>
<TH VALIGN="MIDDLE" WIDTH="135" HEIGHT="23" ACOPYCOL="Y" ADELETECOL="Y" AMOVECOL="N">일     자</TH>
</TR>
</THEAD>

<TBODY>

<TR ACOPY="Y" ADELETE="Y" HEIGHT="30">
<TD ALIGN="CENTER" VALIGN="MIDDLE" WIDTH="105" HEIGHT="23">청 약 공 고</TD>
<TD ALIGN="CENTER" VALIGN="MIDDLE" WIDTH="359" HEIGHT="23" USERMARK="F-DU ">금융위(금감원) 전자공시시스템(http://dart.fss.or.kr)</TD>
<TD ALIGN="CENTER" VALIGN="MIDDLE" WIDTH="135" HEIGHT="23">2025년 12월 24일</TD>
</TR>
</TBODY>
</TABLE>
<P></P>
<P>나. 배정공고</P>

<TABLE ACLASS="NORMAL" AFIXTABLE="N" WIDTH="626" BORDER="1">

<COLGROUP WIDTH="626">
<COL WIDTH="115"></COL>
<COL WIDTH="365"></COL>
<COL WIDTH="146"></COL>
</COLGROUP>

<THEAD>

<TR ACOPY="Y" ADELETE="Y" HEIGHT="30">
<TH VALIGN="MIDDLE" WIDTH="106" HEIGHT="23" ACOPYCOL="Y" ADELETECOL="Y" AMOVECOL="N">구     분</TH>
<TH VALIGN="MIDDLE" WIDTH="356" HEIGHT="23" ACOPYCOL="Y" ADELETECOL="Y" AMOVECOL="N">신     문</TH>
<TH VALIGN="MIDDLE" WIDTH="137" HEIGHT="23" ACOPYCOL="Y" ADELETECOL="Y" AMOVECOL="N">일     자</TH>
</TR>
</THEAD>

<TBODY>

<TR ACOPY="Y" ADELETE="Y" HEIGHT="30">
<TD ALIGN="CENTER" VALIGN="MIDDLE" WIDTH="106" HEIGHT="23">배 정 공 고</TD>
<TD ALIGN="CENTER" VALIGN="MIDDLE" WIDTH="356" HEIGHT="23">개별통지</TD>
<TD ALIGN="CENTER" VALIGN="MIDDLE" WIDTH="137" HEIGHT="23">2026년 01월 05일</TD>
</TR>
</TBODY>
</TABLE>
<P></P>
<P>다. 증권신고서(일괄신고 추가서류 포함) 공시전자문서 : 금융위(금감원) 전자공시시스템 → http://dart.fss.or.kr</P>
<P>라. 투자설명서 공시전자문서 : 금융위(금감원) 전자공시시스템() → http://dart.fss.or.kr</P>
</SECTION-2>

<SECTION-2 ACLASS="MANDATORY">
<TITLE ATOC="Y" AASSOCNOTE="L-0-0-5-0" ATOCID="9" ENG="Ⅳ. Details of Use of Procured Funds">Ⅳ. 조달된 자금의 사용내역</TITLE>
<P></P>
<P>가. 자금조달내역</P>

<TABLE ACLASS="NORMAL" AFIXTABLE="N" WIDTH="631" BORDER="0">

<COLGROUP WIDTH="631">
<COL WIDTH="80"></COL>
<COL WIDTH="436"></COL>
<COL WIDTH="25"></COL>
<COL WIDTH="90"></COL>
</COLGROUP>

<TBODY>

<TR ACOPY="Y" ADELETE="Y" HEIGHT="30">
<TD WIDTH="71" HEIGHT="23">[종목명 :</TD>
<TD WIDTH="427" HEIGHT="23">한화스마트ELB 제921호 파생결합사채(주가연계파생결합사채)</TD>
<TD WIDTH="16" HEIGHT="23">]</TD>
<TD ALIGN="RIGHT" VALIGN="BOTTOM" WIDTH="81" HEIGHT="23">(단위 : 원)</TD>
</TR>
</TBODY>
</TABLE>

<TABLE ACLASS="NORMAL" AFIXTABLE="N" WIDTH="750" BORDER="1">

<COLGROUP WIDTH="750">
<COL WIDTH="91"></COL>
<COL WIDTH="122"></COL>
<COL WIDTH="64"></COL>
<COL WIDTH="87"></COL>
<COL WIDTH="128"></COL>
<COL WIDTH="129"></COL>
<COL WIDTH="129"></COL>
</COLGROUP>

<THEAD>

<TR ACOPY="Y" ADELETE="Y" HEIGHT="30">
<TH ROWSPAN="2" VALIGN="MIDDLE" WIDTH="82" HEIGHT="99" ACOPYCOL="Y" ADELETECOL="Y" AMOVECOL="N">구    분</TH>
<TH ROWSPAN="2" VALIGN="MIDDLE" WIDTH="113" HEIGHT="99" ACOPYCOL="Y" ADELETECOL="Y" AMOVECOL="N">신고서상발행예정총액</TH>
<TH COLSPAN="3" VALIGN="MIDDLE" WIDTH="270" HEIGHT="23" ACOPYCOL="Y" ADELETECOL="Y" AMOVECOL="N">실제 자금조달총액</TH>
<TH ROWSPAN="2" VALIGN="MIDDLE" WIDTH="120" HEIGHT="99" ACOPYCOL="Y" ADELETECOL="Y" AMOVECOL="N">확정권면총액</TH>
<TH ROWSPAN="2" VALIGN="MIDDLE" WIDTH="120" HEIGHT="99" ACOPYCOL="Y" ADELETECOL="Y" AMOVECOL="N">비    고</TH>
</TR>

<TR ACOPY="Y" ADELETE="Y" HEIGHT="76">
<TH VALIGN="MIDDLE" WIDTH="55" HEIGHT="69" ACOPYCOL="Y" ADELETECOL="Y" AMOVECOL="N">발행가액(A)</TH>
<TH VALIGN="MIDDLE" WIDTH="78" HEIGHT="69" ACOPYCOL="Y" ADELETECOL="Y" AMOVECOL="N">수량(B)</TH>
<TH VALIGN="MIDDLE" WIDTH="119" HEIGHT="69" ACOPYCOL="Y" ADELETECOL="Y" AMOVECOL="N">발행총액(A×B)</TH>
</TR>
</THEAD>

<TBODY>

<TR ACOPY="Y" ADELETE="Y" HEIGHT="30">
<TD ALIGN="CENTER" VALIGN="MIDDLE" WIDTH="82" HEIGHT="23">모    집(a)</TD>
<TD ALIGN="RIGHT" WIDTH="113" HEIGHT="23">9,985,000,000</TD>
<TD ALIGN="RIGHT" WIDTH="55" HEIGHT="23">9,985</TD>
<TD ALIGN="RIGHT" WIDTH="78" HEIGHT="23">0</TD>
<TD ALIGN="RIGHT" WIDTH="119" HEIGHT="23">0</TD>
<TD ALIGN="RIGHT" WIDTH="120" HEIGHT="23">0</TD>
<TD ALIGN="RIGHT" WIDTH="120" HEIGHT="23"></TD>
</TR>

<TR ACOPY="Y" ADELETE="Y" HEIGHT="30">
<TD ALIGN="CENTER" VALIGN="MIDDLE" WIDTH="82" HEIGHT="23">매    출(b)</TD>
<TD ALIGN="RIGHT" WIDTH="113" HEIGHT="23">0</TD>
<TD ALIGN="RIGHT" WIDTH="55" HEIGHT="23">0</TD>
<TD ALIGN="RIGHT" WIDTH="78" HEIGHT="23">0</TD>
<TD ALIGN="RIGHT" WIDTH="119" HEIGHT="23">0</TD>
<TD ALIGN="RIGHT" WIDTH="120" HEIGHT="23">0</TD>
<TD ALIGN="RIGHT" WIDTH="120" HEIGHT="23"></TD>
</TR>

<TR ACOPY="Y" ADELETE="Y" HEIGHT="30">
<TD ALIGN="CENTER" VALIGN="MIDDLE" WIDTH="82" HEIGHT="23">총계(a + b)</TD>
<TD ALIGN="RIGHT" WIDTH="113" HEIGHT="23">9,985,000,000</TD>
<TD ALIGN="RIGHT" WIDTH="55" HEIGHT="23">9,985</TD>
<TD ALIGN="RIGHT" WIDTH="78" HEIGHT="23">0</TD>
<TD ALIGN="RIGHT" WIDTH="119" HEIGHT="23">0</TD>
<TD ALIGN="RIGHT" WIDTH="120" HEIGHT="23">0</TD>
<TD ALIGN="RIGHT" WIDTH="120" HEIGHT="23"></TD>
</TR>
</TBODY>
</TABLE>
<P></P>
<P>나. 발행비용</P>

<TABLE ACLASS="NORMAL" AFIXTABLE="N" BORDER="1" WIDTH="504">

<COLGROUP WIDTH="504">
<COL WIDTH="297"></COL>
<COL WIDTH="207"></COL>
</COLGROUP>

<THEAD>

<TR ACOPY="Y" ADELETE="Y" HEIGHT="30">
<TH WIDTH="288" HEIGHT="23" VALIGN="MIDDLE" ACOPYCOL="Y" ADELETECOL="Y" AMOVECOL="N">구  분</TH>
<TH WIDTH="198" HEIGHT="23" VALIGN="MIDDLE" ACOPYCOL="Y" ADELETECOL="Y" AMOVECOL="N">발행분담금</TH>
</TR>
</THEAD>

<TBODY>

<TR ACOPY="Y" ADELETE="Y" HEIGHT="30">
<TD WIDTH="288" HEIGHT="23" ALIGN="CENTER">한화스마트ELB 제921호 파생결합사채</TD>
<TD WIDTH="198" HEIGHT="23" ALIGN="RIGHT" VALIGN="MIDDLE">0 원</TD>
</TR>

<TR ACOPY="Y" ADELETE="Y" HEIGHT="30">
<TD WIDTH="288" HEIGHT="23" ALIGN="CENTER">합   계</TD>
<TD WIDTH="198" HEIGHT="23" ALIGN="RIGHT" VALIGN="MIDDLE">0 원</TD>
</TR>
</TBODY>
</TABLE>
<P>* 발행분담금(원 이하 절사)</P>
<P>다. 자금사용예정내역</P>
<P>중도 및 만기상환금액의 위험회피(Hedge)거래를 위하여 납입된 자금의 일부 또는 전부를 본 유가증권과 유사한 내용의 증권을 매입하거나 기초자산 및 그와 관련된 파생상품 등의 운용에 사용할 계획입니다.</P>
</SECTION-2>

<SECTION-2 ACLASS="MANDATORY">
<TITLE ATOC="Y" AASSOCNOTE="L-0-0-8-0" ATOCID="10" ENG="Ⅴ. Confirmed Details of the Projected Profit and Loss Structure">Ⅴ. 예상손익구조의 확정내용</TITLE>
<P></P>
<P USERMARK="B">[한화스마트ELB 제921호 파생결합사채(주가연계파생결합사채)]</P>

<P>
<SPAN USERMARK="B"> -발행취소로 해당사항 없음</SPAN>
</P>
<P></P>

<TABLE ACLASS="NORMAL" AFIXTABLE="N" BORDER="0" WIDTH="591">

<COLGROUP WIDTH="591">
<COL WIDTH="591"></COL>
</COLGROUP>

<TBODY>

<TR ACOPY="Y" ADELETE="Y" HEIGHT="30">
<TD WIDTH="582" HEIGHT="23" ALIGN="RIGHT">2026년 01월 05일</TD>
</TR>

<TR ACOPY="Y" ADELETE="Y" HEIGHT="30">
<TD WIDTH="582" HEIGHT="23" ALIGN="RIGHT">한화투자증권 주식회사</TD>
</TR>

<TR ACOPY="Y" ADELETE="Y" HEIGHT="30">
<TD WIDTH="582" HEIGHT="23" ALIGN="RIGHT">대표이사    장병호    (인)</TD>
</TR>
</TBODY>
</TABLE>
</SECTION-2>
</LIBRARY>

</SECTION-1>
</BODY>
</DOCUMENT>