<?xml version="1.0" encoding="utf-8"?>


<DOCUMENT xmlns:xsi="http://www.w3.org/2001/XMLSchema-instance" xsi:noNamespaceSchemaLocation="dart4.xsd">

<DOCUMENT-NAME ACODE="10100">일괄신고서(채무증권)</DOCUMENT-NAME>
<FORMULA-VERSION ADATE="20240520">6.0</FORMULA-VERSION>
<COMPANY-NAME AREGCIK="00383019">한국서부발전</COMPANY-NAME>


<BODY ATOCID="9">

<COVER>
<COVER-TITLE ATOC="Y" AASSOCNOTE="COVER" ATOCID="1" ENG="Shelf Registration">일 괄 신 고 서</COVER-TITLE>

<TABLE ACLASS="NORMAL" AFIXTABLE="N" WIDTH="600" BORDER="0">

<COLGROUP WIDTH="600">
<COL WIDTH="192"></COL>
<COL WIDTH="408"></COL>
</COLGROUP>

<TBODY>

<TR ACOPY="Y" ADELETE="Y" HEIGHT="76">
<TD COLSPAN="2" WIDTH="591" HEIGHT="69"></TD>
</TR>

<TR ACOPY="Y" ADELETE="Y" HEIGHT="30">
<TD WIDTH="183" HEIGHT="23">금융위원회 귀중</TD>
<TD ALIGN="RIGHT" WIDTH="399" HEIGHT="23">2026년      1월     5일</TD>
</TR>

<TR ACOPY="Y" ADELETE="Y" HEIGHT="53">
<TD WIDTH="183" HEIGHT="46"></TD>
<TD WIDTH="399" HEIGHT="46"></TD>
</TR>

<TR ACOPY="Y" ADELETE="Y" HEIGHT="53">
<TD WIDTH="183" HEIGHT="46">회       사       명 :</TD>
<TD WIDTH="399" HEIGHT="46">한국서부발전(주)</TD>
</TR>

<TR ACOPY="Y" ADELETE="Y" HEIGHT="53">
<TD WIDTH="183" HEIGHT="46">대   표     이   사 :</TD>
<TD WIDTH="399" HEIGHT="46">이 정 복</TD>
</TR>

<TR ACOPY="Y" ADELETE="Y" HEIGHT="53">
<TD WIDTH="183" HEIGHT="46">본  점  소  재  지 :</TD>
<TD WIDTH="399" HEIGHT="46">충청남도 태안군 태안읍 중앙로 285</TD>
</TR>

<TR ACOPY="Y" ADELETE="Y" HEIGHT="30">
<TD WIDTH="183" HEIGHT="23"></TD>
<TD WIDTH="399" HEIGHT="23">(전  화) 041-400-1000</TD>
</TR>

<TR ACOPY="Y" ADELETE="Y" HEIGHT="30">
<TD WIDTH="183" HEIGHT="23"></TD>
<TD WIDTH="399" HEIGHT="23">(홈페이지) http://www.iwest.co.kr</TD>
</TR>

<TR ACOPY="Y" ADELETE="Y" HEIGHT="30">
<TD WIDTH="183" HEIGHT="23"></TD>
<TD WIDTH="399" HEIGHT="23"></TD>
</TR>

<TR ACOPY="Y" ADELETE="Y" HEIGHT="30">
<TD WIDTH="183" HEIGHT="23">작  성  책  임  자 :</TD>
<TD WIDTH="399" HEIGHT="23">(직  책) 재무예산실장    (성  명) 김 선 아</TD>
</TR>

<TR ACOPY="Y" ADELETE="Y" HEIGHT="30">
<TD WIDTH="183" HEIGHT="23"></TD>
<TD WIDTH="399" HEIGHT="23">(전  화) 041-400-1230</TD>
</TR>

<TR ACOPY="Y" ADELETE="Y" HEIGHT="30">
<TD WIDTH="183" HEIGHT="23"></TD>
<TD WIDTH="399" HEIGHT="23"></TD>
</TR>

<TR ACOPY="Y" ADELETE="Y" HEIGHT="53">
<TD WIDTH="183" HEIGHT="46">일괄신고의 대상증권 :</TD>
<TD WIDTH="399" HEIGHT="46">한국서부발전 주식회사 사채</TD>
</TR>
</TBODY>
</TABLE>
<P></P>

<TABLE-GROUP ACLASS="PB_DT" ADELETETABLE="N">

<TABLE ACLASS="EXTRACTION" AFIXTABLE="N" BORDER="0" WIDTH="600">

<COLGROUP WIDTH="600">
<COL WIDTH="192"></COL>
<COL WIDTH="210"></COL>
<COL WIDTH="146"></COL>
<COL WIDTH="52"></COL>
</COLGROUP>

<TBODY>

<TR ACOPY="N" ADELETE="N" HEIGHT="30">
<TD WIDTH="183" ROWSPAN="2" AUPDATECONT="N" HEIGHT="53" ENG="Scheduled issuance period:">발행예정기간 :</TD>
<TD WIDTH="201" AUPDATECONT="N" ALIGN="RIGHT" HEIGHT="23" ENG="Scheduled effective date of the shelf registration">일괄신고의 효력발생 예정일(</TD>
<TU WIDTH="137" ALIGN="CENTER" AUNIT="PB_BGN_DT" AUNITVALUE="20260113" HEIGHT="23">2026년 01월 13일</TU>
<TD WIDTH="43" AUPDATECONT="N" HEIGHT="23" ENG="From ( )">)부터</TD>
</TR>

<TR ACOPY="N" ADELETE="N" HEIGHT="30">
<TD ALIGN="RIGHT" WIDTH="201" HEIGHT="23">            352일이 경과한 날(</TD>
<TU ALIGN="CENTER" AUNIT="PB_END_DT" AUNITVALUE="20261231" WIDTH="137" HEIGHT="23">2026년 12월 31일</TU>
<TD AUPDATECONT="N" WIDTH="43" HEIGHT="23" ENG=") has passed">)까지</TD>
</TR>
</TBODY>
</TABLE>
</TABLE-GROUP>
<P></P>

<TABLE-GROUP ACLASS="PB_PLN_AMT" ADELETETABLE="N">

<TABLE ACLASS="EXTRACTION" AFIXTABLE="N" BORDER="0" WIDTH="600">

<COLGROUP WIDTH="600">
<COL WIDTH="192"></COL>
<COL WIDTH="352"></COL>
<COL WIDTH="56"></COL>
</COLGROUP>

<TBODY>

<TR ACOPY="N" ADELETE="N" HEIGHT="30">
<TD WIDTH="183" AUPDATECONT="N" HEIGHT="23" ENG="Amount to be issued:">발행예정금액 : </TD>
<TE WIDTH="343" ACODE="PB_PLN_TOT" ALIGN="RIGHT" HEIGHT="23">1,800,000,000,000</TE>
<TD WIDTH="47" AUPDATECONT="N" HEIGHT="23" ENG="KRW">원</TD>
</TR>
</TBODY>
</TABLE>
</TABLE-GROUP>
<P></P>

<TABLE ACLASS="NORMAL" AFIXTABLE="N" BORDER="0" WIDTH="600">

<COLGROUP WIDTH="600">
<COL WIDTH="192"></COL>
<COL WIDTH="408"></COL>
</COLGROUP>

<TBODY>

<TR ACOPY="Y" ADELETE="Y" HEIGHT="30">
<TD WIDTH="183" HEIGHT="23">일괄신고서의 열람장소 :</TD>
<TD WIDTH="399" HEIGHT="23">금융위(금감원) 전자공시시스템 →  http://dart.fss.or.kr</TD>
</TR>
</TBODY>
</TABLE>
<PGBRK></PGBRK>
</COVER>

<SECTION-1 AID="CEO-CERT" ACLASS="MANDATORY" APARTSOURCE="SOURCE">
<TITLE ATOC="Y" AASSOCNOTE="TTL_CEO_CERT" ATOCID="2" ENG="【Confirmation by CEO, etc.】">【 대표이사 등의 확인 】</TITLE>

<IMAGE>
<IMG WIDTH="594" HEIGHT="840" ALIGN="CENTER" HSPACE="0">대표이사 등의 확인서명(숫자 기입).jpg</IMG>
<IMG-CAPTION ATOC="N">대표이사 등의 확인서명</IMG-CAPTION>
</IMAGE>
<P></P>
</SECTION-1>

<LIBRARY>
<PART ACLASS="MANDATORY" APARTSOURCE="SOURCE">
<TITLE ATOC="Y" ATOCID="3" ENG="【 Main Text 】">【 본 문 】</TITLE>
<P></P>
<P>1. 참조사항「Ⅰ. 회사의 개요」∼ 「XII. 상세표」의 내용은 2025년  11월  14일 금융위원회에 제출한 분기보고서를 참조하시기 바랍니다.2. 참조서류 공시장소</P>

<TABLE ACLASS="NORMAL" WIDTH="600" BORDER="1" AFIXTABLE="N">

<COLGROUP WIDTH="600">
<COL WIDTH="111"></COL>
<COL WIDTH="138"></COL>
<COL WIDTH="351"></COL>
</COLGROUP>

<TBODY>

<TR ACOPY="Y" ADELETE="Y" HEIGHT="30">
<TD ALIGN="CENTER" VALIGN="MIDDLE" WIDTH="102" USERMARK="BC0XD7D7D7" HEIGHT="23">참조서류</TD>
<TD COLSPAN="2" ALIGN="CENTER" VALIGN="MIDDLE" WIDTH="480" USERMARK="BC0XD7D7D7" HEIGHT="23">공시장소</TD>
</TR>

<TR ACOPY="Y" ADELETE="Y" HEIGHT="30">
<TD ROWSPAN="2" ALIGN="CENTER" VALIGN="MIDDLE" WIDTH="102" HEIGHT="53">분기보고서</TD>
<TD ROWSPAN="2" ALIGN="CENTER" VALIGN="MIDDLE" WIDTH="129" HEIGHT="53">금융위원회</TD>
<TD WIDTH="342" HEIGHT="23">(주  소): 서울특별시 중구 세종대로 209</TD>
</TR>

<TR ACOPY="Y" ADELETE="Y" HEIGHT="30">
<TD WIDTH="342" HEIGHT="23">(전화번호): 02-2100-2500</TD>
</TR>
</TBODY>
</TABLE>
<P>3. 참조방법 : 금융위(금감원) 홈페이지 → http://dart.fss.or.kr</P>
<PGBRK></PGBRK>
</PART>
</LIBRARY>


<PART ACLASS="MANDATORY" APARTSOURCE="SOURCE">
<TITLE ATOC="Y" ATOCID="4" ENG="【Confirmation from Experts】">【 전문가의 확인 】</TITLE>
<P></P>

<SECTION-1 ACLASS="MANDATORY" APARTSOURCE="SOURCE">

<SECTION-2 ACLASS="MANDATORY">
<TITLE ATOC="Y" AASSOCNOTE="D-11-0-1-0" ATOCID="5" ENG="1. Confirmation from experts">1. 전문가의 확인</TITLE>
<P>○ 해당사항 없음</P>
</SECTION-2>

<SECTION-2 ACLASS="MANDATORY">
<TITLE ATOC="Y" AASSOCNOTE="D-11-0-2-0" ATOCID="6" ENG="2. Relationship to experts">2. 전문가와의 이해관계</TITLE>
<P>○ 해당사항 없음</P>
<PGBRK></PGBRK>
</SECTION-2>
</SECTION-1>
</PART>

<LIBRARY>
<PART ACLASS="MANDATORY" APARTSOURCE="SOURCE">
<TITLE ATOC="Y" AASSOCNOTE="REQ_CHK_NT" ENG="【 Issuer Requirements Satisfaction Checklist  】" ATOCID="9">【 발행인요건 충족여부 확인표 】</TITLE>
<P></P>

<TABLE-GROUP ACLASS="REQ_CHK" ADELETETABLE="N">

<TABLE ACLASS="EXTRACTION" WIDTH="600" BORDER="1" AFIXTABLE="Y">

<COLGROUP WIDTH="600">
<COL WIDTH="322"></COL>
<COL WIDTH="113"></COL>
<COL WIDTH="165"></COL>
</COLGROUP>

<THEAD>

<TR ACOPY="N" ADELETE="N" HEIGHT="30">
<TH VALIGN="MIDDLE" WIDTH="313" AUPDATECONT="N" ENG="Criteria" HEIGHT="23">기  준</TH>
<TH VALIGN="MIDDLE" WIDTH="104" AUPDATECONT="N" ENG="Satisfaction status" HEIGHT="23">충족여부</TH>
<TH VALIGN="MIDDLE" WIDTH="156" AUPDATECONT="N" ENG="Details" HEIGHT="23">세부내역</TH>
</TR>
</THEAD>

<TBODY>

<TR ACOPY="N" ADELETE="N" HEIGHT="53">
<TD AUPDATECONT="N" ENG="① A stock-listed corporation that has been listed for 5 years." WIDTH="313" HEIGHT="46">① 주권상장법인으로서 주권이 상장된 지 5년이 경과하였음</TD>
<TU AUNIT="REQ_CHK1" AUNITVALUE="2" VALIGN="MIDDLE" ALIGN="CENTER" WIDTH="104" HEIGHT="46" ENG="Not Satisfied">미충족</TU>
<TD VALIGN="MIDDLE" WIDTH="156" HEIGHT="46"></TD>
</TR>

<TR ACOPY="N" ADELETE="N" HEIGHT="76">
<TD AUPDATECONT="N" ENG="② As of the last trading day of the latest fiscal year, the amount calculated by multiplying the stock price of the stock-listed corporation by the total number of issued stocks is more than KRW 500 billion." WIDTH="313" HEIGHT="69">② 최근 사업연도의 최종 매매거래일 현재 해당 주권상장법인의 주권의 가격에 발행총수를 곱하여 산출한 금액이 5천억원 이상임</TD>
<TU AUNIT="REQ_CHK2" AUNITVALUE="2" VALIGN="MIDDLE" ALIGN="CENTER" WIDTH="104" HEIGHT="69" ENG="Not Satisfied">미충족</TU>
<TD VALIGN="MIDDLE" WIDTH="156" HEIGHT="69"></TD>
</TR>

<TR ACOPY="N" ADELETE="N" HEIGHT="53">
<TD AUPDATECONT="N" ENG="③ Annual reports, semi-annual reports, and quarterly reports for the past three years have been submitted on schedule." WIDTH="313" HEIGHT="46">③ 최근 3년간 사업보고서ㆍ반기보고서 및 분기보고서를 기한내 제출하였음</TD>
<TU AUNIT="REQ_CHK3" AUNITVALUE="1" VALIGN="MIDDLE" ALIGN="CENTER" WIDTH="104" HEIGHT="46" ENG="Satisfied">충족</TU>
<TD VALIGN="MIDDLE" WIDTH="156" HEIGHT="46"></TD>
</TR>

<TR ACOPY="N" ADELETE="N" HEIGHT="76">
<TD AUPDATECONT="N" ENG="④ There has been no record of receiving sanctions from the Financial Services Commission or the Exchange for disclosure violations in the last three years as prescribed by the Financial Services Commission." WIDTH="313" HEIGHT="69">④ 최근 3년간 공시위반으로 금융위원회 또는 거래소로부터 금융위원회가 정하여 고시하는 제재를 받은 사실이 없음</TD>
<TU AUNIT="REQ_CHK4" AUNITVALUE="1" VALIGN="MIDDLE" ALIGN="CENTER" WIDTH="104" HEIGHT="69" ENG="Satisfied">충족</TU>
<TD VALIGN="MIDDLE" WIDTH="156" HEIGHT="69"></TD>
</TR>

<TR ACOPY="N" ADELETE="N" HEIGHT="53">
<TD AUPDATECONT="N" ENG="③ The audit opinion of the accounting auditor on the financial statements for the latest fiscal year was Unqualified." WIDTH="313" HEIGHT="46">⑤ 최근 사업연도의 재무제표에 대한 회계감사인의 감사의견이 적정임</TD>
<TU AUNIT="REQ_CHK5" AUNITVALUE="1" VALIGN="MIDDLE" ALIGN="CENTER" WIDTH="104" HEIGHT="46" ENG="Satisfied">충족</TU>
<TD VALIGN="MIDDLE" WIDTH="156" HEIGHT="46"></TD>
</TR>

<TR ACOPY="N" ADELETE="N" HEIGHT="122">
<TD AUPDATECONT="N" ENG="⑥ There has been no record of receiving a penalty of a fine or more under the Act and this Ordinance, or receiving a penalty of a fine or more under the Act in connection with a violation of accounting standards pursuant to Article 5 of the Act on External Audit of Stock Companies, Etc." WIDTH="313" HEIGHT="115">⑥ 최근 3년간 법 및 이 영에 따라 벌금형 이상의 형을 선고받거나 「주식회사 등의 외부감사에 관한 법률」제5조에 따른 회계처리기준의 위반과 관련하여 해당 법률에 따라 벌금형 이상의 형을 선고받은 사실이 없음</TD>
<TU AUNIT="REQ_CHK6" AUNITVALUE="1" VALIGN="MIDDLE" ALIGN="CENTER" WIDTH="104" HEIGHT="115" ENG="Satisfied">충족</TU>
<TD VALIGN="MIDDLE" WIDTH="156" HEIGHT="115"></TD>
</TR>
</TBODY>
</TABLE>
</TABLE-GROUP>
<P></P>
</PART>
</LIBRARY>

</BODY>
</DOCUMENT>