<?xml version="1.0" encoding="utf-8"?>


<DOCUMENT xmlns:xsi="http://www.w3.org/2001/XMLSchema-instance" xsi:noNamespaceSchemaLocation="dart4.xsd">

<DOCUMENT-NAME ACODE="00637">주식등의 대량보유상황보고서(약식)</DOCUMENT-NAME>
<FORMULA-VERSION ADATE="20231229">6.0</FORMULA-VERSION>
<COMPANY-NAME AREGCIK="00125664">삼미금속(주)</COMPANY-NAME>

<SUMMARY>
<EXTRACTION ACODE="HOLDCHECK" AFEATURE="BOTH">1111</EXTRACTION>
<EXTRACTION ACODE="HOLDRSN" AFEATURE="BOTH">1000</EXTRACTION>
<EXTRACTION ACODE="OUTDATE" AFEATURE="BOTH">20250405</EXTRACTION>
</SUMMARY>


<BODY ATOCID="19">

<COVER>
<COVER-TITLE ATOC="Y" AASSOCNOTE="COVER" ENG="Report on Significant Holdings of Stocks, etc." ATOCID="1">주식등의 대량보유상황보고서</COVER-TITLE>

<TABLE-GROUP ACLASS="RPT_RSP_DT" ADELETETABLE="N">

<TABLE ACLASS="EXTRACTION" AFIXTABLE="Y" WIDTH="604" BORDER="0">

<COLGROUP WIDTH="604">
<COL WIDTH="299"></COL>
<COL WIDTH="145"></COL>
<COL WIDTH="160"></COL>
</COLGROUP>

<TBODY>

<TR ACOPY="N" ADELETE="N" HEIGHT="53">
<TD COLSPAN="3" VALIGN="MIDDLE" WIDTH="595" AUPDATECONT="N" ALIGN="CENTER" ENG="(Short form: Except for cases where “the purpose of holding the stocks is not to exercise influence over the issuer’s business administration” as defined in report types under Article 147 of the Financial Investment Services and Capital Markets Act, and for cases where the reporting entity qualifies as a professional investor under the latter part of Paragraph 1 of the same Article.)" HEIGHT="46">(약식서식 : 자본시장과 금융투자업에 관한 법률 제147조에 의한 보고 중 '경영권에 영향을 주기 위한 목적'이 아닌 경우 및 보고자가 동조 제1항 후단에 따른 전문투자자인 경우)</TD>
</TR>

<TR ACOPY="N" ADELETE="N" HEIGHT="76">
<TD COLSPAN="3" ALIGN="CENTER" VALIGN="MIDDLE" WIDTH="595" HEIGHT="69"></TD>
</TR>

<TR ACOPY="N" ADELETE="N" HEIGHT="30">
<TD VALIGN="MIDDLE" WIDTH="290" HEIGHT="23">금융위원회 귀중</TD>
<TD VALIGN="MIDDLE" AUPDATECONT="N" ENG="Date of occurrence of reporting obligation:" WIDTH="136" HEIGHT="23">보고의무발생일　 :</TD>
<TU ALIGN="CENTER" VALIGN="MIDDLE" AUNIT="RPT_RSP_DT" AUNITVALUE="20251229" WIDTH="151" HEIGHT="23">2025년 12월 29일</TU>
</TR>

<TR ACOPY="N" ADELETE="N" HEIGHT="30">
<TD VALIGN="MIDDLE" WIDTH="290" HEIGHT="23">한국거래소 귀중</TD>
<TD VALIGN="MIDDLE" AUPDATECONT="N" ENG="Report preparation date:" WIDTH="136" HEIGHT="23">보고서작성기준일 :</TD>
<TU ALIGN="CENTER" VALIGN="MIDDLE" AUNIT="RPT_REF_DT" AUNITVALUE="20260105" WIDTH="151" HEIGHT="23">2026년 01월 05일</TU>
</TR>

<TR ACOPY="N" ADELETE="N" HEIGHT="53">
<TD VALIGN="MIDDLE" WIDTH="290" HEIGHT="46"></TD>
<TD VALIGN="MIDDLE" AUPDATECONT="N" ENG="Reporting entity:" WIDTH="136" HEIGHT="46">보고자 : </TD>
<TE ALIGN="CENTER" VALIGN="MIDDLE" ACODE="RPT_RSP_NM" WIDTH="151" HEIGHT="46">IBKS-YG 턴어라운드 신기술투자조합 제1호</TE>
</TR>
</TBODY>
</TABLE>
</TABLE-GROUP>
<P></P>

<TABLE-GROUP ACLASS="SUM_INF" ADELETETABLE="N">

<TABLE ACLASS="EXTRACTION" AFIXTABLE="Y" WIDTH="600" BORDER="1">

<COLGROUP WIDTH="600">
<COL WIDTH="210"></COL>
<COL WIDTH="104"></COL>
<COL WIDTH="150"></COL>
<COL WIDTH="136"></COL>
</COLGROUP>

<TBODY>

<TR ACOPY="N" ADELETE="N" HEIGHT="30">
<TD COLSPAN="4" ALIGN="CENTER" VALIGN="MIDDLE" WIDTH="591" AUPDATECONT="N" ENG="Summary of Information" HEIGHT="23">요약정보</TD>
</TR>

<TR ACOPY="N" ADELETE="N" HEIGHT="53">
<TD ALIGN="CENTER" VALIGN="MIDDLE" AUPDATECONT="N" ENG="Classification of professional investors to whom special reporting cases apply" WIDTH="201" HEIGHT="46">보고특례 적용전문투자자 구분</TD>
<TU ALIGN="CENTER" VALIGN="MIDDLE" AUNIT="SEP_INV" AUNITVALUE="-" COLSPAN="3" WIDTH="381" HEIGHT="46" ENG="-">-</TU>
</TR>

<TR ACOPY="N" ADELETE="N" HEIGHT="30">
<TD ALIGN="CENTER" VALIGN="MIDDLE" AUPDATECONT="N" ENG="Issuing company name" WIDTH="201" HEIGHT="23">발행회사명</TD>
<TE ALIGN="CENTER" VALIGN="MIDDLE" ACODE="CRP_NM" WIDTH="95" HEIGHT="23">삼미금속(주)</TE>
<TD ALIGN="CENTER" VALIGN="MIDDLE" AUPDATECONT="N" ENG="Relationship to issuing company" WIDTH="141" HEIGHT="23">발행회사와의 관계</TD>
<TU ALIGN="CENTER" VALIGN="MIDDLE" AUNIT="FLT_CRP_RLT" AUNITVALUE="16" WIDTH="127" HEIGHT="23" ENG="Others">기타</TU>
</TR>

<TR ACOPY="N" ADELETE="N" HEIGHT="30">
<TD ALIGN="CENTER" VALIGN="MIDDLE" AUPDATECONT="N" ENG="Type of reporting" WIDTH="201" HEIGHT="23">보고구분</TD>
<TU COLSPAN="3" ALIGN="CENTER" VALIGN="MIDDLE" AUNIT="RPT_DST1" AUNITVALUE="2" WIDTH="381" HEIGHT="23" ENG="Changes">변동</TU>
</TR>

<TR ACOPY="N" ADELETE="N" HEIGHT="30">
<TD ROWSPAN="3" ALIGN="CENTER" VALIGN="MIDDLE" AUPDATECONT="N" ENG="Number of stocks, etc. held and holding ratio" WIDTH="201" HEIGHT="83">보유주식등의 수 및 보유비율</TD>
<TD ALIGN="CENTER" VALIGN="MIDDLE" AUPDATECONT="N" WIDTH="95" HEIGHT="23"></TD>
<TD ALIGN="CENTER" VALIGN="MIDDLE" AUPDATECONT="N" ENG="Number of shares held, etc." WIDTH="141" HEIGHT="23">보유주식등의 수</TD>
<TD ALIGN="CENTER" VALIGN="MIDDLE" AUPDATECONT="N" ENG="Holdings ratio" WIDTH="127" HEIGHT="23">보유비율</TD>
</TR>

<TR ACOPY="N" ADELETE="N" HEIGHT="30">
<TD ALIGN="CENTER" VALIGN="MIDDLE" AUPDATECONT="N" ENG="Previous report" WIDTH="95" HEIGHT="23">직전 보고서</TD>
<TE ALIGN="CENTER" VALIGN="MIDDLE" ACODE="SUM_BMT_CNT" WIDTH="141" HEIGHT="23">6,533,333</TE>
<TE ALIGN="CENTER" VALIGN="MIDDLE" ACODE="SUM_BMT_RT" WIDTH="127" HEIGHT="23">16.5</TE>
</TR>

<TR ACOPY="N" ADELETE="N" HEIGHT="30">
<TD ALIGN="CENTER" VALIGN="MIDDLE" AUPDATECONT="N" ENG="Current report" WIDTH="95" HEIGHT="23">이번 보고서</TD>
<TE ALIGN="CENTER" VALIGN="MIDDLE" ACODE="SUM_TMT_CNT" WIDTH="141" HEIGHT="23">2,830,489</TE>
<TE ALIGN="CENTER" VALIGN="MIDDLE" ACODE="SUM_TMT_RT" WIDTH="127" HEIGHT="23">12.4</TE>
</TR>

<TR ACOPY="N" ADELETE="N" HEIGHT="30">
<TD ROWSPAN="3" ALIGN="CENTER" VALIGN="MIDDLE" AUPDATECONT="N" ENG="Number of voting rights and holding ratio" WIDTH="201" HEIGHT="83">의결권의 수 및보유비율</TD>
<TD ALIGN="CENTER" VALIGN="MIDDLE" AUPDATECONT="N" WIDTH="95" HEIGHT="23"></TD>
<TD ALIGN="CENTER" VALIGN="MIDDLE" AUPDATECONT="N" ENG="Number of voting rights" WIDTH="141" HEIGHT="23">의결권의 수</TD>
<TD ALIGN="CENTER" VALIGN="MIDDLE" AUPDATECONT="N" ENG="Holdings ratio" WIDTH="127" HEIGHT="23">보유비율</TD>
</TR>

<TR ACOPY="N" ADELETE="N" HEIGHT="30">
<TD ALIGN="CENTER" VALIGN="MIDDLE" AUPDATECONT="N" ENG="Previous report" WIDTH="95" HEIGHT="23">직전 보고서</TD>
<TE ALIGN="CENTER" VALIGN="MIDDLE" ACODE="VR_BMT_CNT" WIDTH="141" HEIGHT="23">-</TE>
<TE ALIGN="CENTER" VALIGN="MIDDLE" ACODE="VR_BMT_RT" WIDTH="127" HEIGHT="23">-</TE>
</TR>

<TR ACOPY="N" ADELETE="N" HEIGHT="30">
<TD ALIGN="CENTER" VALIGN="MIDDLE" AUPDATECONT="N" ENG="Current report" WIDTH="95" HEIGHT="23">이번 보고서</TD>
<TE ALIGN="CENTER" VALIGN="MIDDLE" ACODE="VR_TMT_CNT" WIDTH="141" HEIGHT="23">-</TE>
<TE ALIGN="CENTER" VALIGN="MIDDLE" ACODE="VR_TMT_RT" WIDTH="127" HEIGHT="23">-</TE>
</TR>

<TR ACOPY="N" ADELETE="N" HEIGHT="30">
<TD ALIGN="CENTER" VALIGN="MIDDLE" AUPDATECONT="N" ENG="Reason for reporting" WIDTH="201" HEIGHT="23">보고사유</TD>
<TE COLSPAN="3" ALIGN="CENTER" VALIGN="MIDDLE" ACODE="SUM_CHN_RWN" WIDTH="381" HEIGHT="23">합병으로 인한 특수관계자 추가</TE>
</TR>

<TR ACOPY="N" ADELETE="N" HEIGHT="30">
<TD ALIGN="CENTER" VALIGN="MIDDLE" AUPDATECONT="N" ENG="Purpose of holding" WIDTH="201" HEIGHT="23">보유목적</TD>
<TU COLSPAN="3" ALIGN="CENTER" VALIGN="MIDDLE" AUNIT="PUR_OWN" AUNITVALUE="02" WIDTH="381" HEIGHT="23" ENG="Simple investment">단순투자</TU>
</TR>
</TBODY>
</TABLE>
</TABLE-GROUP>
<P></P>

<TABLE ACLASS="NORMAL" AFIXTABLE="Y" WIDTH="600" BORDER="1">

<COLGROUP WIDTH="600">
<COL WIDTH="600"></COL>
</COLGROUP>

<TBODY>

<TR ACOPY="Y" ADELETE="Y" HEIGHT="76">
<TD WIDTH="591" HEIGHT="69" AUPDATECONT="N" ENG="※ I hereby confirm that the holding status of stocks, etc. of myself and my related parties as of the date of preparation of the report has been accurately disclosed in accordance with applicable laws and regulations and with due diligence in writing, and that there are no misstatements or omissions of important matters.">※ 보고자 본인은 보고서작성기준일 현재 본인과 특별관계자의 주식등의 보유상황을 관련 법규 및 기재상의 주의에 따라 정확하게 작성하였고, 중요한 사항의 허위기재 또는 기재누락이 없음을 확인합니다.</TD>
</TR>
</TBODY>
</TABLE>
<P></P>
<PGBRK></PGBRK>
</COVER>

<LIBRARY>
<SECTION-1 AID="PART-CERT" ACLASS="MANDATORY" APARTSOURCE="SOURCE">
<TITLE ATOC="Y" AASSOCNOTE="TTL_PART_CERT" ENG="Written Confirmation (For simple investment purposes)" ATOCID="19">확인서(단순투자 목적)</TITLE>

<IMAGE>
<IMG WIDTH="594" HEIGHT="840" ALIGN="CENTER" HSPACE="0">ibks-yg 턴어라운드 신기술투자조합 제1호_확인서.jpg</IMG>
<IMG-CAPTION ATOC="N">ibks-yg 턴어라운드 신기술투자조합 제1호_확인서</IMG-CAPTION>
</IMAGE>
<P></P>
<PGBRK></PGBRK>
</SECTION-1>
</LIBRARY>


<LIBRARY>
<SECTION-1 ACLASS="MANDATORY" APARTSOURCE="SOURCE">
<TITLE ATOC="Y" ENG="Part 1 Overview of the Report" ATOCID="3">제1부 보고의 개요</TITLE>
<P></P>

<SECTION-2 ACLASS="MANDATORY">
<TITLE ATOC="Y" AASSOCNOTE="D-1-1-0-0" ENG="1. Matters related to the issuing company" ATOCID="4">1. 발행회사에 관한 사항</TITLE>

<TABLE-GROUP ACLASS="CRP_NM" ADELETETABLE="N">

<TABLE ACLASS="EXTRACTION" AFIXTABLE="Y" WIDTH="600" BORDER="1">

<COLGROUP WIDTH="600">
<COL WIDTH="104"></COL>
<COL WIDTH="173"></COL>
<COL WIDTH="216"></COL>
<COL WIDTH="107"></COL>
</COLGROUP>

<TBODY>

<TR ACOPY="N" ADELETE="N" HEIGHT="30">
<TD ALIGN="CENTER" VALIGN="MIDDLE" WIDTH="95" HEIGHT="23" AUPDATECONT="N" ENG="Company name">회사명</TD>
<TE VALIGN="MIDDLE" WIDTH="164" HEIGHT="23" ACODE="CRP_NM" ALIGN="CENTER">삼미금속(주)</TE>
<TD ALIGN="CENTER" VALIGN="MIDDLE" WIDTH="207" HEIGHT="23" AUPDATECONT="N" ENG="Company code">회사코드</TD>
<TE ALIGN="CENTER" VALIGN="MIDDLE" WIDTH="98" HEIGHT="23" ACODE="CRP_CD">012210</TE>
</TR>

<TR ACOPY="N" ADELETE="N" HEIGHT="30">
<TD ALIGN="CENTER" VALIGN="MIDDLE" WIDTH="95" HEIGHT="23" AUPDATECONT="N" ENG="Corporation type">법인구분</TD>
<TU ALIGN="CENTER" VALIGN="MIDDLE" WIDTH="164" HEIGHT="23" AUNIT="CRP_DST" AUNITVALUE="2" ENG="KOSDAQ market listed corporation">코스닥상장법인</TU>
<TD ALIGN="CENTER" VALIGN="MIDDLE" WIDTH="207" HEIGHT="23" AUPDATECONT="N" ENG="Total number of voting shares (shrs.)">의결권있는 발행주식 총수(주)</TD>
<TE ALIGN="CENTER" VALIGN="MIDDLE" WIDTH="98" HEIGHT="23" ACODE="FLT_STK_CNT">22,192,012</TE>
</TR>
</TBODY>
</TABLE>
</TABLE-GROUP>
<P></P>
</SECTION-2>

<SECTION-2 ACLASS="MANDATORY">
<TITLE ATOC="Y" ENG="2. Matters related to significant holders" ATOCID="5">2. 대량보유자에 관한 사항</TITLE>

<SECTION-3 ACLASS="MANDATORY">
<TITLE ATOC="Y" AASSOCNOTE="D-1-2-1-0" ENG="A. Reporting entity" ATOCID="6">가. 보고자</TITLE>
<P>(1) 보고자 개요</P>

<TABLE-GROUP ACLASS="RPT_DST1" ADELETETABLE="N">

<TABLE ACLASS="EXTRACTION" AFIXTABLE="Y" WIDTH="773" BORDER="1">

<COLGROUP WIDTH="773">
<COL WIDTH="178"></COL>
<COL WIDTH="89"></COL>
<COL WIDTH="187"></COL>
<COL WIDTH="111"></COL>
<COL WIDTH="33"></COL>
<COL WIDTH="175"></COL>
</COLGROUP>

<TBODY>

<TR ACOPY="N" ADELETE="N" HEIGHT="30">
<TD ALIGN="CENTER" VALIGN="MIDDLE" WIDTH="169" AUPDATECONT="N" ENG="Type of reporting" HEIGHT="23">보고구분</TD>
<TU COLSPAN="2" ALIGN="CENTER" VALIGN="MIDDLE" WIDTH="267" AUNIT="RPT_DST1" AUNITVALUE="2" HEIGHT="23" ENG="Changes">변동</TU>
<TU COLSPAN="3" ALIGN="CENTER" VALIGN="MIDDLE" WIDTH="310" AUNIT="RPT_DST2" AUNITVALUE="2" HEIGHT="23" ENG="Collective">연명</TU>
</TR>

<TR ACOPY="N" ADELETE="N" HEIGHT="30">
<TD ALIGN="CENTER" VALIGN="MIDDLE" AUPDATECONT="N" ENG="Reporting entity classification" WIDTH="169" HEIGHT="23">보고자 구분</TD>
<TU COLSPAN="2" ALIGN="CENTER" VALIGN="MIDDLE" AUNIT="CRP_TP" AUNITVALUE="W" WIDTH="267" HEIGHT="23" ENG="Association under law">법령상 조합</TU>
<TD COLSPAN="2" ALIGN="CENTER" VALIGN="MIDDLE" AUPDATECONT="N" ENG="Nationality" WIDTH="135" HEIGHT="23">국 적</TD>
<TE ALIGN="CENTER" VALIGN="MIDDLE" ACODE="IFR_NT" WIDTH="166" HEIGHT="23">대한민국</TE>
</TR>

<TR ACOPY="N" ADELETE="N" HEIGHT="53">
<TD ALIGN="CENTER" VALIGN="MIDDLE" AUPDATECONT="N" COLSPAN="3" ENG="Basis for reporting entity classification (only if entered as association or other organizations under law)" WIDTH="445" HEIGHT="46">보고자 구분 기재 근거(법령상 조합 또는 기타단체로 기재한 경우만 기재)</TD>
<TE COLSPAN="3" ALIGN="CENTER" VALIGN="MIDDLE" ACODE="IFR_BASE" WIDTH="310" HEIGHT="46">여신전문금융업법 제41조에 따른 신기술사업금융업자의 신기술사업투자조합</TE>
</TR>

<TR ACOPY="N" ADELETE="N" HEIGHT="76">
<TD ALIGN="CENTER" VALIGN="MIDDLE" AUPDATECONT="N" ENG="Name (Title)" WIDTH="169" HEIGHT="69">성명(명칭)</TD>
<TD ALIGN="CENTER" VALIGN="MIDDLE" AUPDATECONT="N" ENG="Korean" WIDTH="80" HEIGHT="69">한글</TD>
<TE ALIGN="CENTER" VALIGN="MIDDLE" ACODE="IFR_NM" WIDTH="178" HEIGHT="69">아이비케이에스 와이지 턴어라운드 신기술투자조합 제1호</TE>
<TD ALIGN="CENTER" VALIGN="MIDDLE" AUPDATECONT="N" ENG="Chinese characters (English)" WIDTH="102" HEIGHT="69">한자(영문)</TD>
<TE COLSPAN="2" ALIGN="CENTER" VALIGN="MIDDLE" ACODE="IFR_NM_HJ" WIDTH="199" HEIGHT="69">IBKS-YG Turn around Fund</TE>
</TR>

<TR ACOPY="N" ADELETE="N" HEIGHT="53">
<TD ALIGN="CENTER" VALIGN="MIDDLE" AUPDATECONT="N" ENG="Address (Head office) [Building name/number can be omitted]" WIDTH="169" HEIGHT="46">주소(본점소재지)[읍ㆍ면ㆍ동까지만 기재]</TD>
<TE COLSPAN="2" VALIGN="MIDDLE" ACODE="IFR_ADR2" ALIGN="CENTER" WIDTH="267" HEIGHT="46">서울시 영등포구 국제금융로</TE>
<TD COLSPAN="2" ALIGN="CENTER" VALIGN="MIDDLE" AUPDATECONT="N" ENG="Date of birth or business registration No., etc." WIDTH="135" HEIGHT="46">생년월일 또는사업자등록번호 등</TD>
<TE ALIGN="CENTER" VALIGN="MIDDLE" ACODE="IFR_ID" WIDTH="166" HEIGHT="46">694-80-03406</TE>
</TR>

<TR ACOPY="N" ADELETE="N" HEIGHT="30">
<TD ALIGN="CENTER" VALIGN="MIDDLE" AUPDATECONT="N" ENG="Occupation (Details of business)" WIDTH="169" HEIGHT="23">직업(사업내용)</TD>
<TE COLSPAN="2" VALIGN="MIDDLE" ACODE="IFR_JOB" ALIGN="CENTER" WIDTH="267" HEIGHT="23">신기술사업투자조합</TE>
<TD COLSPAN="2" ALIGN="CENTER" VALIGN="MIDDLE" AUPDATECONT="N" ENG="Relationship to issuing company" WIDTH="135" HEIGHT="23">발행회사와의 관계</TD>
<TU ALIGN="CENTER" VALIGN="MIDDLE" AUNIT="FLT_CRP_RLT" AUNITVALUE="16" WIDTH="166" HEIGHT="23" ENG="Others">기타</TU>
</TR>

<TR ACOPY="N" ADELETE="N" HEIGHT="30">
<TD ROWSPAN="4" ALIGN="CENTER" VALIGN="MIDDLE" AUPDATECONT="N" ENG="Contact points and person in charge" WIDTH="169" HEIGHT="113">업무상 연락처및 담당자</TD>
<TD ALIGN="CENTER" VALIGN="MIDDLE" AUPDATECONT="N" ENG="Affiliated company" WIDTH="80" HEIGHT="23">소속회사</TD>
<TE VALIGN="MIDDLE" ACODE="RSP_MAN_ADR2" ALIGN="CENTER" WIDTH="178" HEIGHT="23">아이비케이투자증권(주)</TE>
<TD COLSPAN="2" ALIGN="CENTER" VALIGN="MIDDLE" AUPDATECONT="N" ENG="Department" WIDTH="135" HEIGHT="23">부서</TD>
<TE ALIGN="CENTER" VALIGN="MIDDLE" ACODE="RSP_MAN_DPT" WIDTH="166" HEIGHT="23">SME투자부</TE>
</TR>

<TR ACOPY="N" ADELETE="N" HEIGHT="30">
<TD ALIGN="CENTER" VALIGN="MIDDLE" AUPDATECONT="N" ENG="Position" WIDTH="80" HEIGHT="23">직위</TD>
<TE VALIGN="MIDDLE" ACODE="RSP_MAN_PST" ALIGN="CENTER" WIDTH="178" HEIGHT="23">선임주임</TE>
<TD COLSPAN="2" ALIGN="CENTER" VALIGN="MIDDLE" AUPDATECONT="N" ENG="(Tel.)" WIDTH="135" HEIGHT="23">전화번호</TD>
<TE ALIGN="CENTER" VALIGN="MIDDLE" ACODE="RSP_MAN_PHN2" WIDTH="166" HEIGHT="23">02-691******</TE>
</TR>

<TR ACOPY="N" ADELETE="N" HEIGHT="30">
<TD ALIGN="CENTER" VALIGN="MIDDLE" AUPDATECONT="N" ENG="Name" WIDTH="80" HEIGHT="23">성명</TD>
<TE VALIGN="MIDDLE" ACODE="RSP_MAN" ALIGN="CENTER" WIDTH="178" HEIGHT="23">최성우</TE>
<TD COLSPAN="2" ALIGN="CENTER" VALIGN="MIDDLE" AUPDATECONT="N" ENG="Fax No." WIDTH="135" HEIGHT="23">팩스번호</TD>
<TE ALIGN="CENTER" VALIGN="MIDDLE" ACODE="RSP_MAN_FAX" WIDTH="166" HEIGHT="23">02-691******</TE>
</TR>

<TR ACOPY="N" ADELETE="N" HEIGHT="30">
<TD ALIGN="CENTER" VALIGN="MIDDLE" AUPDATECONT="N" ENG="E-mail address" WIDTH="80" HEIGHT="23">이메일 주소</TD>
<TE VALIGN="MIDDLE" ACODE="RSP_MAN_EML" ALIGN="CENTER" COLSPAN="4" WIDTH="497" HEIGHT="23">******i04@ibks.com</TE>
</TR>
</TBODY>
</TABLE>
</TABLE-GROUP>

<P></P>

<P>(2) 보고자에 대한 구체적인 사항(법인, 기타단체, 법령상조합, 민법상 조합의 경우 기재)                                                                                 
<SPAN USERMARK="F-10 ">(2025년 9월 30일 기준, 단위: 원)</SPAN>
</P>

<TABLE-GROUP ACLASS="REP_SUB" ADELETETABLE="N">

<TABLE ACLASS="EXTRACTION" AFIXTABLE="Y" WIDTH="600" BORDER="1">

<COLGROUP WIDTH="600">
<COL WIDTH="170"></COL>
<COL WIDTH="139"></COL>
<COL WIDTH="165"></COL>
<COL WIDTH="126"></COL>
</COLGROUP>

<TBODY>

<TR ACOPY="N" ADELETE="N" HEIGHT="53">
<TD ALIGN="CENTER" VALIGN="MIDDLE" WIDTH="161" AUPDATECONT="N" ENG="Legal personality" HEIGHT="46">법적성격</TD>
<TE WIDTH="421" ACODE="SUB_CHA" COLSPAN="3" VALIGN="MIDDLE" ALIGN="CENTER" HEIGHT="46">여신전문금융업법 제41조에 따른 신기술사업금융업자의 신기술사업투자조합</TE>
</TR>

<TR ACOPY="N" ADELETE="N" HEIGHT="53">
<TD ALIGN="CENTER" VALIGN="MIDDLE" AUPDATECONT="N" ENG="Total assets (or total assets under management)" WIDTH="161" HEIGHT="46">자산총액(또는 운용자산총액)</TD>
<TE ACODE="SUB_AST" VALIGN="MIDDLE" ALIGN="RIGHT" WIDTH="130" HEIGHT="46">6,704,187,797</TE>
<TD ALIGN="CENTER" VALIGN="MIDDLE" AUPDATECONT="N" ENG="Total liabilities" WIDTH="156" HEIGHT="46">부채총액</TD>
<TE ACODE="SUB_DEB" VALIGN="MIDDLE" ALIGN="RIGHT" WIDTH="117" HEIGHT="46">0</TE>
</TR>

<TR ACOPY="N" ADELETE="N" HEIGHT="30">
<TD ALIGN="CENTER" VALIGN="MIDDLE" AUPDATECONT="N" ENG="Total equity" WIDTH="161" HEIGHT="23">자본총액</TD>
<TE ACODE="SUB_CAP" VALIGN="MIDDLE" ALIGN="RIGHT" WIDTH="130" HEIGHT="23">6,704,187,797</TE>
<TD ALIGN="CENTER" VALIGN="MIDDLE" AUPDATECONT="N" ENG="Issued capital" WIDTH="156" HEIGHT="23">자본금</TD>
<TE ACODE="SUB_EQU" VALIGN="MIDDLE" ALIGN="RIGHT" WIDTH="117" HEIGHT="23">6,800,000,000</TE>
</TR>

<TR ACOPY="N" ADELETE="N" HEIGHT="76">
<TD ALIGN="CENTER" VALIGN="MIDDLE" AUPDATECONT="N" ENG="Representative (representative member or executive member)" WIDTH="161" HEIGHT="69">대표자(대표조합원 또는업무집행조합원)</TD>
<TE ACODE="SUB_REP" COLSPAN="3" VALIGN="MIDDLE" ALIGN="CENTER" WIDTH="421" HEIGHT="69">아이비케이투자증권 주식회사, 주식회사 와이지인베스트먼트</TE>
</TR>

<TR ACOPY="N" ADELETE="N" HEIGHT="53">
<TD ALIGN="CENTER" VALIGN="MIDDLE" AUPDATECONT="N" ENG="Decision-making body (decision-maker)" WIDTH="161" HEIGHT="46">의사결정기구(의사결정권자)</TD>
<TE ACODE="SUB_DEC" COLSPAN="3" VALIGN="MIDDLE" ALIGN="CENTER" WIDTH="421" HEIGHT="46">조합원 총회</TE>
</TR>

<TR ACOPY="N" ADELETE="N" HEIGHT="53">
<TD ALIGN="CENTER" VALIGN="MIDDLE" AUPDATECONT="N" ENG="Largest shareholder (largest investor)" WIDTH="161" HEIGHT="46">최대주주(최다출자자)</TD>
<TE ACODE="SUB_LAR" VALIGN="MIDDLE" ALIGN="CENTER" WIDTH="130" HEIGHT="46">엔에이치투자증권(주)</TE>
<TD ALIGN="CENTER" VALIGN="MIDDLE" AUPDATECONT="N" ENG="Shareholding ratio of the largest shareholder (%) (investment ratio of the largest investor)" WIDTH="156" HEIGHT="46">최대주주 지분율(%)(최다출자자 출자비율)</TD>
<TE ACODE="SUB_LRT" VALIGN="MIDDLE" ALIGN="RIGHT" WIDTH="117" HEIGHT="46">29.41</TE>
</TR>
</TBODY>
</TABLE>
</TABLE-GROUP>

<P></P>
</SECTION-3>

<SECTION-3 ACLASS="MANDATORY">
<TITLE ATOC="Y" AASSOCNOTE="D-1-2-2-0" ENG="B. Specially related parties" ATOCID="7">나. 특별관계자</TITLE>
<P>(1) 특별관계자 개요</P>

<TABLE-GROUP ACLASS="SPC_NM" ADELETETABLE="N">

<TABLE ACLASS="EXTRACTION" AFIXTABLE="N" WIDTH="785" BORDER="1">

<COLGROUP WIDTH="785">
<COL WIDTH="37"></COL>
<COL WIDTH="74"></COL>
<COL WIDTH="59"></COL>
<COL WIDTH="91"></COL>
<COL WIDTH="95"></COL>
<COL WIDTH="95"></COL>
<COL WIDTH="169"></COL>
<COL WIDTH="85"></COL>
<COL WIDTH="80"></COL>
</COLGROUP>

<THEAD>

<TR ACOPY="N" ADELETE="N" HEIGHT="99">
<TH VALIGN="MIDDLE" WIDTH="28" ACOPYCOL="N" ADELETECOL="N" AMOVECOL="N" AUPDATECONT="N" ENG="Sequential No." HEIGHT="92">연번</TH>
<TH VALIGN="MIDDLE" WIDTH="65" ACOPYCOL="N" ADELETECOL="N" AMOVECOL="N" AUPDATECONT="N" ENG="Name (Title)" HEIGHT="92">성 명(명칭)</TH>
<TH VALIGN="MIDDLE" WIDTH="50" ACOPYCOL="N" ADELETECOL="N" AMOVECOL="N" AUPDATECONT="N" ENG="Category" HEIGHT="92">구분</TH>
<TH VALIGN="MIDDLE" WIDTH="82" ACOPYCOL="N" ADELETECOL="N" AMOVECOL="N" AUPDATECONT="N" ENG="Detailed relationship with the reporting entity" HEIGHT="92">보고자와의구체적 관계</TH>
<TH VALIGN="MIDDLE" WIDTH="86" ACOPYCOL="N" ADELETECOL="N" AMOVECOL="N" AUPDATECONT="N" ENG="Date of birth or business registration No., etc." HEIGHT="92">생년월일또는사업자등록번호 등</TH>
<TH VALIGN="MIDDLE" WIDTH="86" ACOPYCOL="N" ADELETECOL="N" AMOVECOL="N" AUPDATECONT="N" ENG="Nationality" HEIGHT="92">국적</TH>
<TH VALIGN="MIDDLE" WIDTH="160" ACOPYCOL="N" ADELETECOL="N" AMOVECOL="N" AUPDATECONT="N" ENG="Address (Location)" HEIGHT="92">주  소(소재지)</TH>
<TH VALIGN="MIDDLE" WIDTH="76" ACOPYCOL="N" ADELETECOL="N" AMOVECOL="N" AUPDATECONT="N" ENG="Occupation (Details of business)" HEIGHT="92">직  업(사업내용)</TH>
<TH VALIGN="MIDDLE" WIDTH="71" ACOPYCOL="N" ADELETECOL="N" AMOVECOL="N" AUPDATECONT="N" ENG="Relationship to issuing company" HEIGHT="92">발행회사와의 관계</TH>
</TR>
</THEAD>

<TBODY>

<TR ACOPY="Y" ADELETE="N" HEIGHT="99">
<TE ALIGN="CENTER" VALIGN="MIDDLE" ACODE="SEQ_NO" WIDTH="28" HEIGHT="92">1</TE>
<TE ALIGN="CENTER" VALIGN="MIDDLE" ACODE="SPC_NM" WIDTH="65" HEIGHT="92">아이비케이투자증권 주식회사</TE>
<TU ALIGN="CENTER" VALIGN="MIDDLE" AUNIT="SPC_TP" AUNITVALUE="K" WIDTH="50" HEIGHT="92" ENG="Financial institution">금융기관</TU>
<TU ALIGN="CENTER" VALIGN="MIDDLE" AUNIT="IFR_RLT" AUNITVALUE="O" WIDTH="82" HEIGHT="92" ENG="Association member">조합원</TU>
<TE ALIGN="CENTER" VALIGN="MIDDLE" ACODE="SPC_ID2" WIDTH="86" HEIGHT="92">107-87-09467</TE>
<TE ALIGN="CENTER" VALIGN="MIDDLE" ACODE="SPC_NT" WIDTH="86" HEIGHT="92">대한민국</TE>
<TE VALIGN="MIDDLE" ACODE="ADR2" WIDTH="160" HEIGHT="92">서울시 영등포구 국제금융로</TE>
<TE VALIGN="MIDDLE" ACODE="JOB" WIDTH="76" HEIGHT="92">금융업</TE>
<TU VALIGN="MIDDLE" AUNIT="FLT_CRP_RLT" AUNITVALUE="16" WIDTH="71" HEIGHT="92" ENG="Others">기타</TU>
</TR>

<TR ACOPY="Y" ADELETE="Y" HEIGHT="99">
<TE ALIGN="CENTER" VALIGN="MIDDLE" ACODE="SEQ_NO" WIDTH="28" HEIGHT="92">2</TE>
<TE ALIGN="CENTER" VALIGN="MIDDLE" ACODE="SPC_NM" WIDTH="65" HEIGHT="92">주식회사 와이지인베스트먼트</TE>
<TU ALIGN="CENTER" VALIGN="MIDDLE" AUNIT="SPC_TP" AUNITVALUE="K" WIDTH="50" HEIGHT="92" ENG="Financial institution">금융기관</TU>
<TU ALIGN="CENTER" VALIGN="MIDDLE" AUNIT="IFR_RLT" AUNITVALUE="O" WIDTH="82" HEIGHT="92" ENG="Association member">조합원</TU>
<TE ALIGN="CENTER" VALIGN="MIDDLE" ACODE="SPC_ID2" WIDTH="86" HEIGHT="92">870-81-00373</TE>
<TE ALIGN="CENTER" VALIGN="MIDDLE" ACODE="SPC_NT" WIDTH="86" HEIGHT="92">대한민국</TE>
<TE VALIGN="MIDDLE" ACODE="ADR2" WIDTH="160" HEIGHT="92">서울시 영등포구 국제금융로</TE>
<TE VALIGN="MIDDLE" ACODE="JOB" WIDTH="76" HEIGHT="92">금융업</TE>
<TU VALIGN="MIDDLE" AUNIT="FLT_CRP_RLT" AUNITVALUE="16" WIDTH="71" HEIGHT="92" ENG="Others">기타</TU>
</TR>

<TR ACOPY="Y" ADELETE="Y" HEIGHT="168">
<TE ALIGN="CENTER" VALIGN="MIDDLE" ACODE="SEQ_NO" WIDTH="28" HEIGHT="161">3</TE>
<TE ALIGN="CENTER" VALIGN="MIDDLE" ACODE="SPC_NM" WIDTH="65" HEIGHT="161">아이비케이에스 와이지 턴어라운드 신기술투자조합 제1호</TE>
<TU ALIGN="CENTER" VALIGN="MIDDLE" AUNIT="SPC_TP" AUNITVALUE="W" WIDTH="50" HEIGHT="161" ENG="Association under law">법령상 조합</TU>
<TU ALIGN="CENTER" VALIGN="MIDDLE" AUNIT="IFR_RLT" AUNITVALUE="A" WIDTH="82" HEIGHT="161" ENG="Joint holder">공동보유자</TU>
<TE ALIGN="CENTER" VALIGN="MIDDLE" ACODE="SPC_ID2" WIDTH="86" HEIGHT="161">694-80-03406</TE>
<TE ALIGN="CENTER" VALIGN="MIDDLE" ACODE="SPC_NT" WIDTH="86" HEIGHT="161">대한민국</TE>
<TE VALIGN="MIDDLE" ACODE="ADR2" WIDTH="160" HEIGHT="161">서울시 영등포구 국제금융로</TE>
<TE VALIGN="MIDDLE" ACODE="JOB" WIDTH="76" HEIGHT="161">신기술투자조합</TE>
<TU VALIGN="MIDDLE" AUNIT="FLT_CRP_RLT" AUNITVALUE="02" WIDTH="71" HEIGHT="161" ENG="Major shareholders">주요주주</TU>
</TR>

<TR ACOPY="Y" ADELETE="Y" HEIGHT="168">
<TE ALIGN="CENTER" VALIGN="MIDDLE" ACODE="SEQ_NO" WIDTH="28" HEIGHT="161">4</TE>
<TE ALIGN="CENTER" VALIGN="MIDDLE" ACODE="SPC_NM" WIDTH="65" HEIGHT="161">아이비케이에스 넥스트 스케일업 신기술투자조합</TE>
<TU ALIGN="CENTER" VALIGN="MIDDLE" AUNIT="SPC_TP" AUNITVALUE="W" WIDTH="50" HEIGHT="161" ENG="Association under law">법령상 조합</TU>
<TU ALIGN="CENTER" VALIGN="MIDDLE" AUNIT="IFR_RLT" AUNITVALUE="A" WIDTH="82" HEIGHT="161" ENG="Joint holder">공동보유자</TU>
<TE ALIGN="CENTER" VALIGN="MIDDLE" ACODE="SPC_ID2" WIDTH="86" HEIGHT="161">471-80-03384</TE>
<TE ALIGN="CENTER" VALIGN="MIDDLE" ACODE="SPC_NT" WIDTH="86" HEIGHT="161">대한민국</TE>
<TE VALIGN="MIDDLE" ACODE="ADR2" WIDTH="160" HEIGHT="161">서울시 영등포구 국제금융로</TE>
<TE VALIGN="MIDDLE" ACODE="JOB" WIDTH="76" HEIGHT="161">신기술투자조합</TE>
<TU VALIGN="MIDDLE" AUNIT="FLT_CRP_RLT" AUNITVALUE="13" WIDTH="71" HEIGHT="161" ENG="Shareholders">주주</TU>
</TR>
</TBODY>
</TABLE>
</TABLE-GROUP>

<TABLE ACLASS="NORMAL" AFIXTABLE="N" WIDTH="600" BORDER="0">

<COLGROUP WIDTH="600">
<COL WIDTH="600"></COL>
</COLGROUP>

<TBODY>

<TR ACOPY="Y" ADELETE="Y" HEIGHT="30">
<TD WIDTH="591" HEIGHT="23">* 주소는 읍ㆍ면ㆍ동까지만 기재</TD>
</TR>
</TBODY>
</TABLE>

<P></P>

<P>(2) 특별관계자에 대한 구체적인 사항(법인, 기타단체, 법령상조합, 민법상 조합의 경우 기재)                                                               
<SPAN USERMARK="F-10 ">(2025년 3분기 연결재무제표 기준, 단위: 백만원)</SPAN>
</P>

<TABLE-GROUP ACLASS="SPE_SUB" ADELETETABLE="N">

<TABLE ACLASS="EXTRACTION" AFIXTABLE="Y" WIDTH="600" BORDER="1">

<COLGROUP WIDTH="600">
<COL WIDTH="170"></COL>
<COL WIDTH="139"></COL>
<COL WIDTH="165"></COL>
<COL WIDTH="126"></COL>
</COLGROUP>

<TBODY>

<TR ACOPY="N" ADELETE="N" HEIGHT="30">
<TD ALIGN="CENTER" VALIGN="MIDDLE" WIDTH="161" HEIGHT="23" AUPDATECONT="N" ENG="Legal personality">법적성격</TD>
<TE WIDTH="421" HEIGHT="23" ACODE="SUB_CHA" COLSPAN="3" VALIGN="MIDDLE" ALIGN="CENTER">아이비케이투자증권 주식회사</TE>
</TR>

<TR ACOPY="N" ADELETE="N" HEIGHT="53">
<TD ALIGN="CENTER" VALIGN="MIDDLE" WIDTH="161" HEIGHT="46" AUPDATECONT="N" ENG="Total assets (or total assets under management)">자산총액(또는 운용자산총액)</TD>
<TE WIDTH="130" HEIGHT="46" ACODE="SUB_AST" VALIGN="MIDDLE" ALIGN="RIGHT">11,335,854</TE>
<TD ALIGN="CENTER" VALIGN="MIDDLE" WIDTH="156" HEIGHT="46" AUPDATECONT="N" ENG="Total liabilities">부채총액</TD>
<TE WIDTH="117" HEIGHT="46" ACODE="SUB_DEB" VALIGN="MIDDLE" ALIGN="RIGHT">10,090,721</TE>
</TR>

<TR ACOPY="N" ADELETE="N" HEIGHT="30">
<TD ALIGN="CENTER" VALIGN="MIDDLE" WIDTH="161" HEIGHT="23" AUPDATECONT="N" ENG="Total equity">자본총액</TD>
<TE WIDTH="130" HEIGHT="23" ACODE="SUB_CAP" VALIGN="MIDDLE" ALIGN="RIGHT">1,245,133</TE>
<TD ALIGN="CENTER" VALIGN="MIDDLE" WIDTH="156" HEIGHT="23" AUPDATECONT="N" ENG="Issued capital">자본금</TD>
<TE WIDTH="117" HEIGHT="23" ACODE="SUB_EQU" VALIGN="MIDDLE" ALIGN="RIGHT">630,937</TE>
</TR>

<TR ACOPY="N" ADELETE="N" HEIGHT="76">
<TD ALIGN="CENTER" VALIGN="MIDDLE" WIDTH="161" HEIGHT="69" AUPDATECONT="N" ENG="Representative (representative member or executive member)">대표자(대표조합원 또는업무집행조합원)</TD>
<TE WIDTH="421" HEIGHT="69" ACODE="SUB_REP" COLSPAN="3" VALIGN="MIDDLE" ALIGN="CENTER">서정학</TE>
</TR>

<TR ACOPY="N" ADELETE="N" HEIGHT="53">
<TD ALIGN="CENTER" VALIGN="MIDDLE" WIDTH="161" HEIGHT="46" AUPDATECONT="N" ENG="Decision-making body (decision-maker)">의사결정기구(의사결정권자)</TD>
<TE WIDTH="421" HEIGHT="46" ACODE="SUB_DEC" COLSPAN="3" VALIGN="MIDDLE" ALIGN="CENTER">주주총회 및 이사회</TE>
</TR>

<TR ACOPY="N" ADELETE="N" HEIGHT="53">
<TD ALIGN="CENTER" VALIGN="MIDDLE" WIDTH="161" HEIGHT="46" AUPDATECONT="N" ENG="Largest shareholder (largest investor)">최대주주(최다출자자)</TD>
<TE WIDTH="130" HEIGHT="46" ACODE="SUB_LAR" VALIGN="MIDDLE" ALIGN="CENTER">중소기업은행</TE>
<TD ALIGN="CENTER" VALIGN="MIDDLE" WIDTH="156" HEIGHT="46" AUPDATECONT="N" ENG="Shareholding ratio of the largest shareholder (%) (investment ratio of the largest investor)">최대주주 지분율(%)(최다출자자 출자비율)</TD>
<TE WIDTH="117" HEIGHT="46" ACODE="SUB_LRT" VALIGN="MIDDLE" ALIGN="RIGHT">87.78</TE>
</TR>
</TBODY>
</TABLE>
</TABLE-GROUP>
<P USERMARK="F-10  A-R">                                                                                        (2024년 12월 31일 기준, 단위: 백만원)</P>

<TABLE WIDTH="600" ACLASS="NORMAL" AFIXTABLE="N" BORDER="1">

<COLGROUP WIDTH="600">
<COL WIDTH="170"></COL>
<COL WIDTH="139"></COL>
<COL WIDTH="165"></COL>
<COL WIDTH="126"></COL>
</COLGROUP>

<TBODY>

<TR ACOPY="Y" ADELETE="Y" HEIGHT="30">
<TD ALIGN="CENTER" VALIGN="MIDDLE" WIDTH="161" HEIGHT="23">법적성격</TD>
<TD ALIGN="CENTER" VALIGN="MIDDLE" COLSPAN="3" WIDTH="421" HEIGHT="23">주식회사 와이지인베스트먼트</TD>
</TR>

<TR ACOPY="Y" ADELETE="Y" HEIGHT="53">
<TD ALIGN="CENTER" VALIGN="MIDDLE" WIDTH="161" HEIGHT="46">자산총액(또는 운용자산총액)</TD>
<TD ALIGN="RIGHT" VALIGN="MIDDLE" WIDTH="130" HEIGHT="46">37,829</TD>
<TD ALIGN="CENTER" VALIGN="MIDDLE" WIDTH="156" HEIGHT="46">부채총액</TD>
<TD ALIGN="RIGHT" VALIGN="MIDDLE" WIDTH="117" HEIGHT="46">1,036</TD>
</TR>

<TR ACOPY="Y" ADELETE="Y" HEIGHT="30">
<TD ALIGN="CENTER" VALIGN="MIDDLE" WIDTH="161" HEIGHT="23">자본총액</TD>
<TD ALIGN="RIGHT" VALIGN="MIDDLE" WIDTH="130" HEIGHT="23">36,793</TD>
<TD ALIGN="CENTER" VALIGN="MIDDLE" WIDTH="156" HEIGHT="23">자본금</TD>
<TD ALIGN="RIGHT" VALIGN="MIDDLE" WIDTH="117" HEIGHT="23">15,300</TD>
</TR>

<TR ACOPY="Y" ADELETE="Y" HEIGHT="76">
<TD ALIGN="CENTER" VALIGN="MIDDLE" WIDTH="161" HEIGHT="69">대표자(대표조합원 또는업무집행조합원)</TD>
<TD ALIGN="CENTER" VALIGN="MIDDLE" COLSPAN="3" WIDTH="421" HEIGHT="69">한상봉</TD>
</TR>

<TR ACOPY="Y" ADELETE="Y" HEIGHT="53">
<TD ALIGN="CENTER" VALIGN="MIDDLE" WIDTH="161" HEIGHT="46">의사결정기구(의사결정권자)</TD>
<TD ALIGN="CENTER" VALIGN="MIDDLE" COLSPAN="3" WIDTH="421" HEIGHT="46">이사회,투자심의위원회</TD>
</TR>

<TR ACOPY="Y" ADELETE="Y" HEIGHT="53">
<TD ALIGN="CENTER" VALIGN="MIDDLE" WIDTH="161" HEIGHT="46">최대주주(최다출자자)</TD>
<TD ALIGN="CENTER" VALIGN="MIDDLE" WIDTH="130" HEIGHT="46">(주)와이지플러스</TD>
<TD ALIGN="CENTER" VALIGN="MIDDLE" WIDTH="156" HEIGHT="46">최대주주 지분율(%)(최다출자자 출자비율)</TD>
<TD ALIGN="RIGHT" VALIGN="MIDDLE" WIDTH="117" HEIGHT="46">100</TD>
</TR>
</TBODY>
</TABLE>
<P USERMARK="F-10  A-R">   (2025년 9월 30일 기준, 단위: 백만원)</P>

<TABLE WIDTH="600" ACLASS="NORMAL" AFIXTABLE="N" BORDER="1">

<COLGROUP WIDTH="600">
<COL WIDTH="170"></COL>
<COL WIDTH="139"></COL>
<COL WIDTH="165"></COL>
<COL WIDTH="126"></COL>
</COLGROUP>

<TBODY>

<TR ACOPY="Y" ADELETE="Y" HEIGHT="30">
<TD ALIGN="CENTER" VALIGN="MIDDLE" WIDTH="161" HEIGHT="23">법적성격</TD>
<TD ALIGN="CENTER" VALIGN="MIDDLE" COLSPAN="3" WIDTH="421" HEIGHT="23">아이비케이에스 넥스트 스케일업 신기술투자조합</TD>
</TR>

<TR ACOPY="Y" ADELETE="Y" HEIGHT="53">
<TD ALIGN="CENTER" VALIGN="MIDDLE" WIDTH="161" HEIGHT="46">자산총액(또는 운용자산총액)</TD>
<TD ALIGN="RIGHT" VALIGN="MIDDLE" WIDTH="130" HEIGHT="46">10,681</TD>
<TD ALIGN="CENTER" VALIGN="MIDDLE" WIDTH="156" HEIGHT="46">부채총액</TD>
<TD ALIGN="RIGHT" VALIGN="MIDDLE" WIDTH="117" HEIGHT="46">0</TD>
</TR>

<TR ACOPY="Y" ADELETE="Y" HEIGHT="30">
<TD ALIGN="CENTER" VALIGN="MIDDLE" WIDTH="161" HEIGHT="23">자본총액</TD>
<TD ALIGN="RIGHT" VALIGN="MIDDLE" WIDTH="130" HEIGHT="23">10,681</TD>
<TD ALIGN="CENTER" VALIGN="MIDDLE" WIDTH="156" HEIGHT="23">자본금</TD>
<TD ALIGN="RIGHT" VALIGN="MIDDLE" WIDTH="117" HEIGHT="23">8,000</TD>
</TR>

<TR ACOPY="Y" ADELETE="Y" HEIGHT="76">
<TD ALIGN="CENTER" VALIGN="MIDDLE" WIDTH="161" HEIGHT="69">대표자(대표조합원 또는업무집행조합원)</TD>
<TD ALIGN="CENTER" VALIGN="MIDDLE" COLSPAN="3" WIDTH="421" HEIGHT="69">아이비케이투자증권(주)</TD>
</TR>

<TR ACOPY="Y" ADELETE="Y" HEIGHT="53">
<TD ALIGN="CENTER" VALIGN="MIDDLE" WIDTH="161" HEIGHT="46">의사결정기구(의사결정권자)</TD>
<TD ALIGN="CENTER" VALIGN="MIDDLE" COLSPAN="3" WIDTH="421" HEIGHT="46">조합원 총회</TD>
</TR>

<TR ACOPY="Y" ADELETE="Y" HEIGHT="53">
<TD ALIGN="CENTER" VALIGN="MIDDLE" WIDTH="161" HEIGHT="46">최대주주(최다출자자)</TD>
<TD ALIGN="CENTER" VALIGN="MIDDLE" WIDTH="130" HEIGHT="46">특정금전신탁의 신탁업자</TD>
<TD ALIGN="CENTER" VALIGN="MIDDLE" WIDTH="156" HEIGHT="46">최대주주 지분율(%)(최다출자자 출자비율)</TD>
<TD ALIGN="RIGHT" VALIGN="MIDDLE" WIDTH="117" HEIGHT="46">39.4</TD>
</TR>
</TBODY>
</TABLE>

<P></P>
</SECTION-3>

<SECTION-3 ACLASS="MANDATORY">
<TITLE ATOC="Y" AASSOCNOTE="D-1-2-3-0" ENG="C. Collective investment business entity" ATOCID="8">다. 집합투자업자</TITLE>
<P>(보고자 또는 특별관계자가 규정 제3-10조 제2항에 따른 "집합투자기구"인 경우에 한함) </P>
<P>(1) 집합투자업자 개요</P>

<TABLE-GROUP ACLASS="ASST_MNG" ADELETETABLE="N">

<TABLE ACLASS="EXTRACTION" AFIXTABLE="N" WIDTH="660" BORDER="1">

<COLGROUP WIDTH="660">
<COL WIDTH="42"></COL>
<COL WIDTH="80"></COL>
<COL WIDTH="95"></COL>
<COL WIDTH="109"></COL>
<COL WIDTH="68"></COL>
<COL WIDTH="215"></COL>
<COL WIDTH="51"></COL>
</COLGROUP>

<THEAD>

<TR ACOPY="N" ADELETE="N" HEIGHT="53">
<TH VALIGN="MIDDLE" WIDTH="33" HEIGHT="46" ACOPYCOL="N" ADELETECOL="N" AMOVECOL="N" AUPDATECONT="N" ENG="Sequential No.">연번</TH>
<TH VALIGN="MIDDLE" WIDTH="71" HEIGHT="46" ACOPYCOL="N" ADELETECOL="N" AMOVECOL="N" AUPDATECONT="N" ENG="Name">명칭</TH>
<TH VALIGN="MIDDLE" WIDTH="86" HEIGHT="46" ACOPYCOL="N" ADELETECOL="N" AMOVECOL="N" AUPDATECONT="N" ENG="Business registration No., etc.">사업자등록번호 등</TH>
<TH VALIGN="MIDDLE" WIDTH="100" HEIGHT="46" ACOPYCOL="N" ADELETECOL="N" AMOVECOL="N" AUPDATECONT="N" ENG="Target collective investment scheme">대상 집합투자기구</TH>
<TH VALIGN="MIDDLE" WIDTH="59" HEIGHT="46" ACOPYCOL="N" ADELETECOL="N" AMOVECOL="N" AUPDATECONT="N" ENG="Nationality">국적</TH>
<TH VALIGN="MIDDLE" WIDTH="206" HEIGHT="46" ACOPYCOL="N" ADELETECOL="N" AMOVECOL="N" AUPDATECONT="N" ENG="Address (Location)">주  소(소재지)</TH>
<TH VALIGN="MIDDLE" WIDTH="42" HEIGHT="46" ACOPYCOL="N" ADELETECOL="N" AMOVECOL="N" AUPDATECONT="N" ENG="Note">비고</TH>
</TR>
</THEAD>

<TBODY>

<TR ACOPY="Y" ADELETE="N" HEIGHT="30">
<TE ALIGN="CENTER" VALIGN="MIDDLE" WIDTH="33" HEIGHT="23" ACODE="SEQ_NO">-</TE>
<TE ALIGN="CENTER" VALIGN="MIDDLE" WIDTH="71" HEIGHT="23" ACODE="SPC_NM">-</TE>
<TE ALIGN="CENTER" VALIGN="MIDDLE" WIDTH="86" HEIGHT="23" ACODE="SPC_ID2">-</TE>
<TE ALIGN="CENTER" VALIGN="MIDDLE" WIDTH="100" HEIGHT="23" ACODE="TGT_INV">-</TE>
<TE ALIGN="CENTER" VALIGN="MIDDLE" WIDTH="59" HEIGHT="23" ACODE="SPC_NT">-</TE>
<TE VALIGN="MIDDLE" WIDTH="206" HEIGHT="23" ACODE="ADR2">-</TE>
<TE VALIGN="MIDDLE" WIDTH="42" HEIGHT="23" ACODE="RMK">-</TE>
</TR>

<TR ACOPY="Y" ADELETE="Y" HEIGHT="30">
<TE ALIGN="CENTER" VALIGN="MIDDLE" WIDTH="33" HEIGHT="23" ACODE="SEQ_NO">-</TE>
<TE ALIGN="CENTER" VALIGN="MIDDLE" WIDTH="71" HEIGHT="23" ACODE="SPC_NM">-</TE>
<TE ALIGN="CENTER" VALIGN="MIDDLE" WIDTH="86" HEIGHT="23" ACODE="SPC_ID2">-</TE>
<TE ALIGN="CENTER" VALIGN="MIDDLE" WIDTH="100" HEIGHT="23" ACODE="TGT_INV">-</TE>
<TE ALIGN="CENTER" VALIGN="MIDDLE" WIDTH="59" HEIGHT="23" ACODE="SPC_NT">-</TE>
<TE VALIGN="MIDDLE" WIDTH="206" HEIGHT="23" ACODE="ADR2">-</TE>
<TE VALIGN="MIDDLE" WIDTH="42" HEIGHT="23" ACODE="RMK">-</TE>
</TR>
</TBODY>
</TABLE>
</TABLE-GROUP>
<P></P>
<P>(2) 집합투자업자에 대한 구체적인 사항</P>

<TABLE ACLASS="NORMAL" AFIXTABLE="N" WIDTH="600" BORDER="1">

<COLGROUP WIDTH="600">
<COL WIDTH="150"></COL>
<COL WIDTH="150"></COL>
<COL WIDTH="150"></COL>
<COL WIDTH="150"></COL>
</COLGROUP>

<TBODY>

<TR ACOPY="Y" ADELETE="Y" HEIGHT="30">
<TD ALIGN="CENTER" VALIGN="MIDDLE" WIDTH="141" HEIGHT="23">법적성격</TD>
<TD COLSPAN="3" WIDTH="441" HEIGHT="23" VALIGN="MIDDLE" ALIGN="CENTER">-</TD>
</TR>

<TR ACOPY="Y" ADELETE="Y" HEIGHT="30">
<TD ALIGN="CENTER" VALIGN="MIDDLE" WIDTH="141" HEIGHT="23">자본금</TD>
<TD WIDTH="141" HEIGHT="23" VALIGN="MIDDLE" ALIGN="CENTER">-</TD>
<TD ALIGN="CENTER" VALIGN="MIDDLE" WIDTH="141" HEIGHT="23">운용자산총액</TD>
<TD WIDTH="141" HEIGHT="23" VALIGN="MIDDLE" ALIGN="CENTER">-</TD>
</TR>

<TR ACOPY="Y" ADELETE="Y" HEIGHT="30">
<TD ALIGN="CENTER" VALIGN="MIDDLE" WIDTH="141" HEIGHT="23">대표자</TD>
<TD COLSPAN="3" WIDTH="441" HEIGHT="23" VALIGN="MIDDLE" ALIGN="CENTER">-</TD>
</TR>

<TR ACOPY="Y" ADELETE="Y" HEIGHT="53">
<TD ALIGN="CENTER" VALIGN="MIDDLE" WIDTH="141" HEIGHT="46">의사결정기구(의사결정권자)</TD>
<TD COLSPAN="3" WIDTH="441" HEIGHT="46" VALIGN="MIDDLE" ALIGN="CENTER">-</TD>
</TR>

<TR ACOPY="Y" ADELETE="Y" HEIGHT="53">
<TD ALIGN="CENTER" VALIGN="MIDDLE" WIDTH="141" HEIGHT="46">최대주주(법인 대표자)</TD>
<TD WIDTH="141" HEIGHT="46" VALIGN="MIDDLE" ALIGN="CENTER">-</TD>
<TD ALIGN="CENTER" VALIGN="MIDDLE" WIDTH="141" HEIGHT="46">최대주주 지분율</TD>
<TD WIDTH="141" HEIGHT="46" VALIGN="MIDDLE" ALIGN="CENTER">-</TD>
</TR>
</TBODY>
</TABLE>
<P></P>
</SECTION-3>
</SECTION-2>

<SECTION-2 ACLASS="MANDATORY">
<TITLE ATOC="Y" AASSOCNOTE="D-1-3-0-0" ENG="3. Number of stocks, etc. held and holding ratio" ATOCID="9">3. 보유주식등의 수 및 보유비율</TITLE>

<TABLE-GROUP ACLASS="BFR_IFR" ADELETETABLE="N">

<TABLE ACLASS="EXTRACTION" AFIXTABLE="Y" WIDTH="820" BORDER="1">

<COLGROUP WIDTH="820">
<COL WIDTH="87"></COL>
<COL WIDTH="127"></COL>
<COL WIDTH="90"></COL>
<COL WIDTH="102"></COL>
<COL WIDTH="102"></COL>
<COL WIDTH="54"></COL>
<COL WIDTH="98"></COL>
<COL WIDTH="62"></COL>
<COL WIDTH="98"></COL>
</COLGROUP>

<THEAD>

<TR ACOPY="Y" ADELETE="Y" HEIGHT="30">
<TH ROWSPAN="2" VALIGN="MIDDLE" WIDTH="78" ACOPYCOL="Y" ADELETECOL="Y" AMOVECOL="N" AUPDATECONT="N" HEIGHT="76"></TH>
<TH ROWSPAN="2" VALIGN="MIDDLE" WIDTH="118" ACOPYCOL="Y" ADELETECOL="Y" AMOVECOL="N" AUPDATECONT="N" ENG="Report preparation date:" HEIGHT="76">보고서작성기준일</TH>
<TH COLSPAN="2" VALIGN="MIDDLE" WIDTH="183" ACOPYCOL="Y" ADELETECOL="Y" AMOVECOL="N" AUPDATECONT="N" ENG="Reporting entity" HEIGHT="23">보고자</TH>
<TH COLSPAN="2" VALIGN="MIDDLE" WIDTH="147" ACOPYCOL="Y" ADELETECOL="Y" AMOVECOL="N" AUPDATECONT="N" ENG="Stocks, etc." HEIGHT="23">주식등</TH>
<TH COLSPAN="2" VALIGN="MIDDLE" WIDTH="151" ACOPYCOL="Y" ADELETECOL="Y" AMOVECOL="N" AUPDATECONT="N" ENG="Share certificates" HEIGHT="23">주권</TH>
<TH ROWSPAN="2" VALIGN="MIDDLE" WIDTH="89" ACOPYCOL="Y" ADELETECOL="Y" AMOVECOL="N" AUPDATECONT="N" ENG="Total number of voting shares (shrs.)" HEIGHT="76">의결권 있는 발행주식총수(주)</TH>
</TR>

<TR ACOPY="Y" ADELETE="Y" HEIGHT="53">
<TH VALIGN="MIDDLE" ACOPYCOL="Y" ADELETECOL="Y" AMOVECOL="N" AUPDATECONT="N" ENG="Name" WIDTH="81" HEIGHT="46">본인 성명</TH>
<TH VALIGN="MIDDLE" ACOPYCOL="Y" ADELETECOL="Y" AMOVECOL="N" AUPDATECONT="N" ENG="Number of specially related parties" WIDTH="93" HEIGHT="46">특별관계자수</TH>
<TH VALIGN="MIDDLE" ACOPYCOL="Y" ADELETECOL="Y" AMOVECOL="N" AUPDATECONT="N" ENG="Number of shares, etc. (shrs.)" WIDTH="93" HEIGHT="46">주식등의 수(주)</TH>
<TH VALIGN="MIDDLE" ACOPYCOL="Y" ADELETECOL="Y" AMOVECOL="N" AUPDATECONT="N" ENG="Ratio (%)" WIDTH="45" HEIGHT="46">비율(%)</TH>
<TH VALIGN="MIDDLE" ACOPYCOL="Y" ADELETECOL="Y" AMOVECOL="N" AUPDATECONT="N" ENG="Number of shares (shrs.)" WIDTH="89" HEIGHT="46">주식수(주)</TH>
<TH VALIGN="MIDDLE" ACOPYCOL="Y" ADELETECOL="Y" AMOVECOL="N" AUPDATECONT="N" ENG="Ratio (%)" WIDTH="53" HEIGHT="46">비율(%)</TH>
</TR>
</THEAD>

<TBODY>

<TR ACOPY="Y" ADELETE="Y" HEIGHT="122">
<TD ALIGN="CENTER" VALIGN="MIDDLE" AUPDATECONT="N" ENG="Previous report" WIDTH="78" HEIGHT="115">직전보고서</TD>
<TU ALIGN="CENTER" VALIGN="MIDDLE" AUNIT="BFR_RPT_DT" AUNITVALUE="20250304" WIDTH="118" HEIGHT="115">2025년 03월 04일</TU>
<TE ALIGN="CENTER" VALIGN="MIDDLE" ACODE="BFR_IFR" WIDTH="81" HEIGHT="115">아이비케이에스 와이지 턴어라운드 신기술투자조합 제1호</TE>
<TE ALIGN="RIGHT" VALIGN="MIDDLE" ACODE="BFR_RPT_CNT" WIDTH="93" HEIGHT="115">3</TE>
<TE ALIGN="RIGHT" VALIGN="MIDDLE" ACODE="BFR_STK_CNT" WIDTH="93" HEIGHT="115">6,533,333</TE>
<TE ALIGN="RIGHT" VALIGN="MIDDLE" ACODE="BFR_STK_RT" WIDTH="45" HEIGHT="115">16.5</TE>
<TE ALIGN="RIGHT" VALIGN="MIDDLE" ACODE="BFR_CMT_CNT" WIDTH="89" HEIGHT="115">6,533,333</TE>
<TE ALIGN="RIGHT" VALIGN="MIDDLE" ACODE="BFR_CMT_RT" WIDTH="53" HEIGHT="115">16.5</TE>
<TE ALIGN="RIGHT" VALIGN="MIDDLE" ACODE="BFR_STK_CT" WIDTH="89" HEIGHT="115">39,533,218</TE>
</TR>

<TR ACOPY="Y" ADELETE="Y" HEIGHT="122">
<TD ALIGN="CENTER" VALIGN="MIDDLE" AUPDATECONT="N" ENG="Current report" WIDTH="78" HEIGHT="115">이번보고서</TD>
<TU ALIGN="CENTER" VALIGN="MIDDLE" AUNIT="THS_RPT_DT" AUNITVALUE="20260105" WIDTH="118" HEIGHT="115">2026년 01월 05일</TU>
<TE ALIGN="CENTER" VALIGN="MIDDLE" ACODE="THS_IFR" WIDTH="81" HEIGHT="115">아이비케이에스 와이지 턴어라운드 신기술투자조합 제1호</TE>
<TE ALIGN="RIGHT" VALIGN="MIDDLE" ACODE="THS_RPT_CNT" WIDTH="93" HEIGHT="115">3</TE>
<TE ALIGN="RIGHT" VALIGN="MIDDLE" ACODE="THS_STK_CNT" WIDTH="93" HEIGHT="115">2,830,489</TE>
<TE ALIGN="RIGHT" VALIGN="MIDDLE" ACODE="THS_STK_RT" WIDTH="45" HEIGHT="115">12.4</TE>
<TE ALIGN="RIGHT" VALIGN="MIDDLE" ACODE="THS_CMT_CNT" WIDTH="89" HEIGHT="115">2,178,970</TE>
<TE ALIGN="RIGHT" VALIGN="MIDDLE" ACODE="THS_CMT_RT" WIDTH="53" HEIGHT="115">9.8</TE>
<TE ALIGN="RIGHT" VALIGN="MIDDLE" ACODE="THS_STK_CT" WIDTH="89" HEIGHT="115">22,192,012</TE>
</TR>

<TR ACOPY="Y" ADELETE="Y" HEIGHT="30">
<TD COLSPAN="4" ALIGN="CENTER" VALIGN="MIDDLE" AUPDATECONT="N" ENG="Increase or decrease" WIDTH="397" HEIGHT="23">증    감</TD>
<TE ALIGN="RIGHT" VALIGN="MIDDLE" ACODE="MDF_STK_CNT" WIDTH="93" HEIGHT="23">-3,702,844</TE>
<TE ALIGN="RIGHT" VALIGN="MIDDLE" ACODE="MDF_STK_RT" WIDTH="45" HEIGHT="23">-4.1</TE>
<TE ALIGN="RIGHT" VALIGN="MIDDLE" ACODE="MDF_CMT_CNT" WIDTH="89" HEIGHT="23">-4,354,363</TE>
<TE ALIGN="RIGHT" VALIGN="MIDDLE" ACODE="MDF_CMT_RT" WIDTH="53" HEIGHT="23">-6.7</TE>
<TE ALIGN="RIGHT" VALIGN="MIDDLE" ACODE="MDF_STK_CT" WIDTH="89" HEIGHT="23">-17,341,206</TE>
</TR>
</TBODY>
</TABLE>
</TABLE-GROUP>
<P></P>
</SECTION-2>

<SECTION-2 ACLASS="MANDATORY">
<TITLE ATOC="Y" AASSOCNOTE="D-1-4-0-0" ENG="4. Reasons for change [Modification]" ATOCID="10">4. 변동[변경]사유</TITLE>

<TABLE-GROUP ACLASS="CHN_RSN_DTL" ADELETETABLE="N">

<TABLE ACLASS="EXTRACTION" AFIXTABLE="Y" WIDTH="600" BORDER="1">

<COLGROUP WIDTH="600">
<COL WIDTH="106"></COL>
<COL WIDTH="494"></COL>
</COLGROUP>

<TBODY>

<TR ACOPY="Y" ADELETE="Y" HEIGHT="30">
<TD ALIGN="CENTER" VALIGN="MIDDLE" WIDTH="97" HEIGHT="23" AUPDATECONT="N" ENG="Method of change">변동방법</TD>
<TE WIDTH="485" HEIGHT="23" ACODE="CHN_HOW">지분 5% 이상 취득으로 인한 최초 보고</TE>
</TR>

<TR ACOPY="Y" ADELETE="Y" HEIGHT="30">
<TD ALIGN="CENTER" VALIGN="MIDDLE" WIDTH="97" HEIGHT="23" AUPDATECONT="N" ENG="Reasons for the change">변동사유</TD>
<TE WIDTH="485" HEIGHT="23" ACODE="CHN_RSN">주식 병합 및 합병</TE>
</TR>

<TR ACOPY="Y" ADELETE="Y" HEIGHT="30">
<TD ALIGN="CENTER" VALIGN="MIDDLE" WIDTH="97" HEIGHT="23" AUPDATECONT="N" ENG="Reasons for change">변경사유</TD>
<TE WIDTH="485" HEIGHT="23" ACODE="CHN_RSM">-</TE>
</TR>
</TBODY>
</TABLE>
</TABLE-GROUP>
<P>,</P>
<P></P>
</SECTION-2>

</SECTION-1><SECTION-1 ACLASS="MANDATORY" APARTSOURCE="SOURCE">
<TITLE ATOC="Y" ENG="Part 2 Details of Significant Holdings" ATOCID="11">제2부 대량보유내역</TITLE>
<P></P>

<SECTION-2 ACLASS="MANDATORY">
<TITLE ATOC="Y" AASSOCNOTE="D-2-1-0-0" ENG="1. Details of reporting entity and specially related parties’ holdings by stock class, etc." ATOCID="12">1. 보고자 및 특별관계자의 주식등의 종류별 보유내역</TITLE>

<TABLE-GROUP ACLASS="CST_CNT1" ADELETETABLE="N">

<TABLE ACLASS="EXTRACTION" AFIXTABLE="N" WIDTH="879" BORDER="1">

<COLGROUP WIDTH="879">
<COL WIDTH="55"></COL>
<COL WIDTH="69"></COL>
<COL WIDTH="103"></COL>
<COL WIDTH="66"></COL>
<COL WIDTH="63"></COL>
<COL WIDTH="68"></COL>
<COL WIDTH="76"></COL>
<COL WIDTH="58"></COL>
<COL WIDTH="74"></COL>
<COL WIDTH="59"></COL>
<COL WIDTH="47"></COL>
<COL WIDTH="38"></COL>
<COL WIDTH="52"></COL>
<COL WIDTH="51"></COL>
</COLGROUP>

<THEAD>

<TR ACOPY="N" ADELETE="N" HEIGHT="30">
<TH ROWSPAN="3" VALIGN="MIDDLE" WIDTH="46" ACOPYCOL="N" ADELETECOL="N" AMOVECOL="N" AUPDATECONT="N" ENG="Relationship" HEIGHT="175">관 계</TH>
<TH ROWSPAN="3" VALIGN="MIDDLE" WIDTH="60" ACOPYCOL="N" ADELETECOL="N" AMOVECOL="N" AUPDATECONT="N" ENG="Name (Title)" HEIGHT="175">성 명(명칭)</TH>
<TH ROWSPAN="3" VALIGN="MIDDLE" WIDTH="94" ACOPYCOL="N" ADELETECOL="N" AMOVECOL="N" AUPDATECONT="N" ENG="Date of birth or business registration No., etc." HEIGHT="175">생년월일또는사업자등록번호 등</TH>
<TH COLSPAN="11" VALIGN="MIDDLE" WIDTH="643" ACOPYCOL="N" ADELETECOL="N" AMOVECOL="N" AUPDATECONT="N" ENG="Details of stocks held, etc." HEIGHT="23">보유주식등의 내역</TH>
</TR>

<TR ACOPY="N" ADELETE="N" HEIGHT="30">
<TH COLSPAN="3" VALIGN="MIDDLE" ACOPYCOL="N" ADELETECOL="N" AMOVECOL="N" AUPDATECONT="N" ENG="Share certificates" WIDTH="188" HEIGHT="23">주 권</TH>
<TH ROWSPAN="2" VALIGN="MIDDLE" ACOPYCOL="N" ADELETECOL="N" AMOVECOL="N" AUPDATECONT="N" ENG="Those with warrants" WIDTH="67" HEIGHT="145">신주인수권이표시된것</TH>
<TH ROWSPAN="2" VALIGN="MIDDLE" ACOPYCOL="N" ADELETECOL="N" AMOVECOL="N" AUPDATECONT="N" ENG="Convertible bonds" WIDTH="49" HEIGHT="145">전환사채권</TH>
<TH ROWSPAN="2" VALIGN="MIDDLE" ACOPYCOL="N" ADELETECOL="N" AMOVECOL="N" AUPDATECONT="N" ENG="Bonds with warrants" WIDTH="65" HEIGHT="145">신주인수권부사채권</TH>
<TH ROWSPAN="2" VALIGN="MIDDLE" ACOPYCOL="N" ADELETECOL="N" AMOVECOL="N" AUPDATECONT="N" ENG="Exchangeable bonds" WIDTH="50" HEIGHT="145">교환사채권</TH>
<TH ROWSPAN="2" VALIGN="MIDDLE" ACOPYCOL="N" ADELETECOL="N" AMOVECOL="N" AUPDATECONT="N" ENG="Depositary receipts" WIDTH="38" HEIGHT="145">증권예탁증권</TH>
<TH ROWSPAN="2" VALIGN="MIDDLE" ACOPYCOL="N" ADELETECOL="N" AMOVECOL="N" AUPDATECONT="N" ENG="Others" WIDTH="29" HEIGHT="145">기타</TH>
<TH COLSPAN="2" VALIGN="MIDDLE" ACOPYCOL="N" ADELETECOL="N" AMOVECOL="N" AUPDATECONT="N" ENG="Total" WIDTH="94" HEIGHT="23">합 계</TH>
</TR>

<TR ACOPY="N" ADELETE="N" HEIGHT="122">
<TH VALIGN="MIDDLE" ACOPYCOL="N" ADELETECOL="N" AMOVECOL="N" AUPDATECONT="N" ENG="Voting share" WIDTH="57" HEIGHT="115">의결권있는주식</TH>
<TH VALIGN="MIDDLE" ACOPYCOL="N" ADELETECOL="N" AMOVECOL="N" AUPDATECONT="N" ENG="Stocks to be redeemed with voting share" WIDTH="54" HEIGHT="115">의결권있는 주식으로상환될주식</TH>
<TH VALIGN="MIDDLE" ACOPYCOL="N" ADELETECOL="N" AMOVECOL="N" AUPDATECONT="N" ENG="Stocks to be converted to voting share" WIDTH="59" HEIGHT="115">의결권있는 주식으로전환될 주식</TH>
<TH VALIGN="MIDDLE" ACOPYCOL="N" ADELETECOL="N" AMOVECOL="N" AUPDATECONT="N" ENG="Number of shares (shrs.)" WIDTH="43" HEIGHT="115">주수(주)</TH>
<TH VALIGN="MIDDLE" ACOPYCOL="N" ADELETECOL="N" AMOVECOL="N" AUPDATECONT="N" ENG="Ratio (%)" WIDTH="42" HEIGHT="115">비율(%)</TH>
</TR>
</THEAD>

<TBODY>

<TR ACOPY="N" ADELETE="N" HEIGHT="168">
<TD ALIGN="CENTER" VALIGN="MIDDLE" AUPDATECONT="N" ENG="Reporting entity" WIDTH="46" HEIGHT="161">보고자</TD>
<TE ALIGN="CENTER" VALIGN="MIDDLE" ACODE="SPC_NM" WIDTH="60" HEIGHT="161">아이비케이에스 와이지 턴어라운드 신기술투자조합 제1호</TE>
<TE ALIGN="CENTER" VALIGN="MIDDLE" ACODE="SPC_ID2" WIDTH="94" HEIGHT="161">694-80-03406</TE>
<TE ALIGN="RIGHT" VALIGN="MIDDLE" ACODE="ATK_CNT" WIDTH="57" HEIGHT="161">1,924,071</TE>
<TE ALIGN="RIGHT" VALIGN="MIDDLE" ACODE="REP_CNT" WIDTH="54" HEIGHT="161">-</TE>
<TE ALIGN="RIGHT" VALIGN="MIDDLE" ACODE="CHN_CNT" WIDTH="59" HEIGHT="161">-</TE>
<TE ALIGN="RIGHT" VALIGN="MIDDLE" ACODE="ACC_CNT" WIDTH="67" HEIGHT="161">-</TE>
<TE ALIGN="RIGHT" VALIGN="MIDDLE" ACODE="CB_CNT" WIDTH="49" HEIGHT="161">-</TE>
<TE ALIGN="RIGHT" VALIGN="MIDDLE" ACODE="LN_CNT" WIDTH="65" HEIGHT="161">-</TE>
<TE ALIGN="RIGHT" VALIGN="MIDDLE" ACODE="EB_CNT" WIDTH="50" HEIGHT="161">-</TE>
<TE ALIGN="RIGHT" VALIGN="MIDDLE" ACODE="CF_CNT" WIDTH="38" HEIGHT="161">-</TE>
<TE ALIGN="RIGHT" VALIGN="MIDDLE" ACODE="ET_CNT" WIDTH="29" HEIGHT="161">-</TE>
<TE ALIGN="RIGHT" VALIGN="MIDDLE" ACODE="STK_CNT" WIDTH="43" HEIGHT="161">1,924,071</TE>
<TE ALIGN="RIGHT" VALIGN="MIDDLE" ACODE="STK_RT" WIDTH="42" HEIGHT="161">8.4</TE>
</TR>

<TR ACOPY="N" ADELETE="N" HEIGHT="76">
<TD ROWSPAN="3" ALIGN="CENTER" VALIGN="MIDDLE" AUPDATECONT="N" ENG="Specially related parties" WIDTH="46" HEIGHT="290">특별관계자</TD>
<TE ALIGN="CENTER" VALIGN="MIDDLE" ACODE="SPC_NM" WIDTH="60" HEIGHT="69">아이비케이투자증권(주)</TE>
<TE ALIGN="CENTER" VALIGN="MIDDLE" ACODE="SPC_ID2" WIDTH="94" HEIGHT="69">107-87-09467</TE>
<TE ALIGN="RIGHT" VALIGN="MIDDLE" ACODE="ATK_CNT" WIDTH="57" HEIGHT="69">8,233</TE>
<TE ALIGN="RIGHT" VALIGN="MIDDLE" ACODE="REP_CNT" WIDTH="54" HEIGHT="69">-</TE>
<TE ALIGN="RIGHT" VALIGN="MIDDLE" ACODE="CHN_CNT" WIDTH="59" HEIGHT="69">-</TE>
<TE ALIGN="RIGHT" VALIGN="MIDDLE" ACODE="ACC_CNT" WIDTH="67" HEIGHT="69">-</TE>
<TE ALIGN="RIGHT" VALIGN="MIDDLE" ACODE="CB_CNT" WIDTH="49" HEIGHT="69">651,519</TE>
<TE ALIGN="RIGHT" VALIGN="MIDDLE" ACODE="LN_CNT" WIDTH="65" HEIGHT="69">-</TE>
<TE ALIGN="RIGHT" VALIGN="MIDDLE" ACODE="EB_CNT" WIDTH="50" HEIGHT="69">-</TE>
<TE ALIGN="RIGHT" VALIGN="MIDDLE" ACODE="CF_CNT" WIDTH="38" HEIGHT="69">-</TE>
<TE ALIGN="RIGHT" VALIGN="MIDDLE" ACODE="ET_CNT" WIDTH="29" HEIGHT="69">-</TE>
<TE ALIGN="RIGHT" VALIGN="MIDDLE" ACODE="STK_CNT" WIDTH="43" HEIGHT="69">659,752</TE>
<TE ALIGN="RIGHT" VALIGN="MIDDLE" ACODE="STK_RT" WIDTH="42" HEIGHT="69">2.9</TE>
</TR>

<TR ACOPY="Y" ADELETE="N" HEIGHT="76">
<TE ALIGN="CENTER" VALIGN="MIDDLE" ACODE="SPC_NM" WIDTH="60" HEIGHT="69">(주)와이지인베스트먼트</TE>
<TE ALIGN="CENTER" VALIGN="MIDDLE" ACODE="SPC_ID2" WIDTH="94" HEIGHT="69">870-81-00373</TE>
<TE ALIGN="RIGHT" VALIGN="MIDDLE" ACODE="ATK_CNT" WIDTH="57" HEIGHT="69">-</TE>
<TE ALIGN="RIGHT" VALIGN="MIDDLE" ACODE="REP_CNT" WIDTH="54" HEIGHT="69">-</TE>
<TE ALIGN="RIGHT" VALIGN="MIDDLE" ACODE="CHN_CNT" WIDTH="59" HEIGHT="69">-</TE>
<TE ALIGN="RIGHT" VALIGN="MIDDLE" ACODE="ACC_CNT" WIDTH="67" HEIGHT="69">-</TE>
<TE ALIGN="RIGHT" VALIGN="MIDDLE" ACODE="CB_CNT" WIDTH="49" HEIGHT="69">-</TE>
<TE ALIGN="RIGHT" VALIGN="MIDDLE" ACODE="LN_CNT" WIDTH="65" HEIGHT="69">-</TE>
<TE ALIGN="RIGHT" VALIGN="MIDDLE" ACODE="EB_CNT" WIDTH="50" HEIGHT="69">-</TE>
<TE ALIGN="RIGHT" VALIGN="MIDDLE" ACODE="CF_CNT" WIDTH="38" HEIGHT="69">-</TE>
<TE ALIGN="RIGHT" VALIGN="MIDDLE" ACODE="ET_CNT" WIDTH="29" HEIGHT="69">-</TE>
<TE ALIGN="RIGHT" VALIGN="MIDDLE" ACODE="STK_CNT" WIDTH="43" HEIGHT="69">-</TE>
<TE ALIGN="RIGHT" VALIGN="MIDDLE" ACODE="STK_RT" WIDTH="42" HEIGHT="69">-</TE>
</TR>

<TR ACOPY="Y" ADELETE="Y" HEIGHT="145">
<TE ALIGN="CENTER" VALIGN="MIDDLE" ACODE="SPC_NM" WIDTH="60" HEIGHT="138">아이비케이에스 넥스트 스케일업 신기술투자조합</TE>
<TE ALIGN="CENTER" VALIGN="MIDDLE" ACODE="SPC_ID2" WIDTH="94" HEIGHT="138">471-80-03384</TE>
<TE ALIGN="RIGHT" VALIGN="MIDDLE" ACODE="ATK_CNT" WIDTH="57" HEIGHT="138">246,666</TE>
<TE ALIGN="RIGHT" VALIGN="MIDDLE" ACODE="REP_CNT" WIDTH="54" HEIGHT="138">-</TE>
<TE ALIGN="RIGHT" VALIGN="MIDDLE" ACODE="CHN_CNT" WIDTH="59" HEIGHT="138">-</TE>
<TE ALIGN="RIGHT" VALIGN="MIDDLE" ACODE="ACC_CNT" WIDTH="67" HEIGHT="138">-</TE>
<TE ALIGN="RIGHT" VALIGN="MIDDLE" ACODE="CB_CNT" WIDTH="49" HEIGHT="138">-</TE>
<TE ALIGN="RIGHT" VALIGN="MIDDLE" ACODE="LN_CNT" WIDTH="65" HEIGHT="138">-</TE>
<TE ALIGN="RIGHT" VALIGN="MIDDLE" ACODE="EB_CNT" WIDTH="50" HEIGHT="138">-</TE>
<TE ALIGN="RIGHT" VALIGN="MIDDLE" ACODE="CF_CNT" WIDTH="38" HEIGHT="138">-</TE>
<TE ALIGN="RIGHT" VALIGN="MIDDLE" ACODE="ET_CNT" WIDTH="29" HEIGHT="138">-</TE>
<TE ALIGN="RIGHT" VALIGN="MIDDLE" ACODE="STK_CNT" WIDTH="43" HEIGHT="138">246,666</TE>
<TE ALIGN="RIGHT" VALIGN="MIDDLE" ACODE="STK_RT" WIDTH="42" HEIGHT="138">1.1</TE>
</TR>

<TR ACOPY="N" ADELETE="N" HEIGHT="30">
<TD ROWSPAN="2" COLSPAN="3" ALIGN="CENTER" VALIGN="MIDDLE" AUPDATECONT="N" WIDTH="218" HEIGHT="53"></TD>
<TD ALIGN="CENTER" VALIGN="MIDDLE" AUPDATECONT="N" ROWSPAN="2" WIDTH="57" HEIGHT="53">A</TD>
<TD ALIGN="CENTER" VALIGN="MIDDLE" AUPDATECONT="N" WIDTH="54" HEIGHT="23">a1</TD>
<TD ALIGN="CENTER" VALIGN="MIDDLE" AUPDATECONT="N" WIDTH="59" HEIGHT="23">a2</TD>
<TD ALIGN="CENTER" VALIGN="MIDDLE" AUPDATECONT="N" WIDTH="67" HEIGHT="23">B</TD>
<TD ALIGN="CENTER" VALIGN="MIDDLE" AUPDATECONT="N" WIDTH="49" HEIGHT="23">C</TD>
<TD ALIGN="CENTER" VALIGN="MIDDLE" AUPDATECONT="N" WIDTH="65" HEIGHT="23">D</TD>
<TD ALIGN="CENTER" VALIGN="MIDDLE" AUPDATECONT="N" WIDTH="50" HEIGHT="23">E</TD>
<TD ALIGN="CENTER" VALIGN="MIDDLE" AUPDATECONT="N" WIDTH="38" HEIGHT="23">F</TD>
<TD ALIGN="CENTER" VALIGN="MIDDLE" AUPDATECONT="N" WIDTH="29" HEIGHT="23">G</TD>
<TD ROWSPAN="2" ALIGN="CENTER" VALIGN="MIDDLE" AUPDATECONT="N" WIDTH="43" HEIGHT="53"></TD>
<TD ROWSPAN="2" ALIGN="CENTER" VALIGN="MIDDLE" AUPDATECONT="N" WIDTH="42" HEIGHT="53"></TD>
</TR>

<TR ACOPY="N" ADELETE="N" HEIGHT="30">
<TD COLSPAN="8" ALIGN="CENTER" VALIGN="MIDDLE" AUPDATECONT="N" WIDTH="474" HEIGHT="23">H</TD>
</TR>
</TBODY>
</TABLE>
</TABLE-GROUP>
<P></P>

<TABLE-GROUP ACLASS="HLD_RT" ADELETETABLE="N">

<TABLE ACLASS="EXTRACTION" AFIXTABLE="Y" WIDTH="600" BORDER="1">

<COLGROUP WIDTH="600">
<COL WIDTH="124"></COL>
<COL WIDTH="163"></COL>
<COL WIDTH="176"></COL>
<COL WIDTH="137"></COL>
</COLGROUP>

<THEAD>

<TR ACOPY="Y" ADELETE="Y" HEIGHT="30">
<TH ROWSPAN="2" VALIGN="MIDDLE" WIDTH="115" ACOPYCOL="Y" ADELETECOL="Y" AMOVECOL="N" AUPDATECONT="N" ENG="Total number of voting shares (I)" HEIGHT="99">의결권있는발행주식 총수(I)</TH>
<TH ROWSPAN="2" VALIGN="MIDDLE" WIDTH="154" ACOPYCOL="Y" ADELETECOL="Y" AMOVECOL="N" AUPDATECONT="N" ENG="Number of potential shares held (a1+a2+B+C+D+E+F+G=H)" HEIGHT="99">보유잠재주식의 수(a1+a2+B+C+D+E+F+G=H)</TH>
<TH COLSPAN="2" VALIGN="MIDDLE" WIDTH="304" ACOPYCOL="Y" ADELETECOL="Y" AMOVECOL="N" AUPDATECONT="N" ENG="Holding ratio (%)" HEIGHT="23">보유비율(%)</TH>
</TR>

<TR ACOPY="Y" ADELETE="Y" HEIGHT="76">
<TH VALIGN="MIDDLE" ACOPYCOL="Y" ADELETECOL="Y" AMOVECOL="N" AUPDATECONT="N" ENG="Holding ratio of stocks, etc. [A+H / I+H-(E+F+G)※] × 100" WIDTH="167" HEIGHT="69">주식등의 보유비율[A+H / I+H-(E+F+G)※] × 100 </TH>
<TH VALIGN="MIDDLE" ACOPYCOL="Y" ADELETECOL="Y" AMOVECOL="N" AUPDATECONT="N" ENG="Holding ratio of share certificates (A / I) ×  100" WIDTH="128" HEIGHT="69">주권의 보유비율(A / I) × 100  </TH>
</TR>
</THEAD>

<TBODY>

<TR ACOPY="Y" ADELETE="Y" HEIGHT="30">
<TE ALIGN="RIGHT" ACODE="VOT_STK_CNT" WIDTH="115" HEIGHT="23">22,192,012</TE>
<TE ALIGN="RIGHT" ACODE="HLD_STK_CNT" WIDTH="154" HEIGHT="23">651,519</TE>
<TE ALIGN="RIGHT" ACODE="HLD_STK_RT" WIDTH="167" HEIGHT="23">12.4</TE>
<TE ALIGN="RIGHT" ACODE="HLD_CMT_RT" WIDTH="128" HEIGHT="23">9.8</TE>
</TR>
</TBODY>
</TABLE>
</TABLE-GROUP>
<P>※ 교환대상이 주식인 교환사채권, 기초자산이 주식인 증권예탁증권ㆍ파생결합증권 및 자기주식을 교부하는 주식매수선택권 등에 한하여 분모에서 제외하고 보유비율을 산정</P>
<P></P>

</SECTION-2><SECTION-2 ACLASS="MANDATORY">
<TITLE ATOC="Y" AASSOCNOTE="D-2-2-0-0" ENG="2. Details of holding by own account and customer account (Financial institutions only)" ATOCID="13">2. 자기계정 및 고객계정별 보유내역(금융기관에 한함)</TITLE>

<TABLE-GROUP ACLASS="SF_CNS" ADELETETABLE="N">

<TABLE ACLASS="EXTRACTION" AFIXTABLE="N" WIDTH="700" BORDER="1">

<COLGROUP WIDTH="700">
<COL WIDTH="86"></COL>
<COL WIDTH="87"></COL>
<COL WIDTH="107"></COL>
<COL WIDTH="75"></COL>
<COL WIDTH="105"></COL>
<COL WIDTH="70"></COL>
<COL WIDTH="98"></COL>
<COL WIDTH="72"></COL>
</COLGROUP>

<THEAD>

<TR ACOPY="N" ADELETE="N" HEIGHT="46">
<TH ROWSPAN="2" VALIGN="MIDDLE" WIDTH="77" ACOPYCOL="N" ADELETECOL="N" AMOVECOL="N" AUPDATECONT="N" ENG="Name" HEIGHT="69">명칭</TH>
<TH ROWSPAN="2" VALIGN="MIDDLE" WIDTH="78" ACOPYCOL="N" ADELETECOL="N" AMOVECOL="N" AUPDATECONT="N" ENG="Relationship to the reporting entity" HEIGHT="69">보고자와의관계</TH>
<TH COLSPAN="4" WIDTH="348" ACOPYCOL="N" ADELETECOL="N" AMOVECOL="N" AUPDATECONT="N" ENG="Details by account" HEIGHT="39">계정별 내역</TH>
<TH COLSPAN="2" WIDTH="161" ACOPYCOL="N" ADELETECOL="N" AMOVECOL="N" AUPDATECONT="N" ENG="Total" HEIGHT="39">합  계</TH>
</TR>

<TR ACOPY="N" ADELETE="N" HEIGHT="30">
<TH ACOPYCOL="N" ADELETECOL="N" AMOVECOL="N" AUPDATECONT="N" ENG="Own account (shrs.)" WIDTH="98" HEIGHT="23">자기계정(주)</TH>
<TH ACOPYCOL="N" ADELETECOL="N" AMOVECOL="N" AUPDATECONT="N" ENG="Ratio (%)" WIDTH="66" HEIGHT="23">비율(%)</TH>
<TH ACOPYCOL="N" ADELETECOL="N" AMOVECOL="N" AUPDATECONT="N" ENG="Customer account (shrs.)" WIDTH="96" HEIGHT="23">고객계정(주)</TH>
<TH ACOPYCOL="N" ADELETECOL="N" AMOVECOL="N" AUPDATECONT="N" ENG="Ratio (%)" WIDTH="61" HEIGHT="23">비율(%)</TH>
<TH ACOPYCOL="N" ADELETECOL="N" AMOVECOL="N" AUPDATECONT="N" ENG="Total (shrs.)" WIDTH="89" HEIGHT="23">계(주)</TH>
<TH ACOPYCOL="N" ADELETECOL="N" AMOVECOL="N" AUPDATECONT="N" ENG="Ratio (%)" WIDTH="63" HEIGHT="23">비율(%)</TH>
</TR>
</THEAD>

<TBODY>

<TR ACOPY="Y" ADELETE="N" HEIGHT="76">
<TE ALIGN="CENTER" VALIGN="MIDDLE" ACODE="SPC_NM" WIDTH="77" HEIGHT="69">아이비케이투자증권(주)</TE>
<TU ALIGN="CENTER" VALIGN="MIDDLE" AUNIT="IFR_RLT2" AUNITVALUE="S" WIDTH="78" HEIGHT="69" ENG="Related party">특수관계인</TU>
<TE ALIGN="RIGHT" VALIGN="MIDDLE" ACODE="SF_CNT" WIDTH="98" HEIGHT="69">659,752</TE>
<TE ALIGN="RIGHT" VALIGN="MIDDLE" ACODE="SF_RT" WIDTH="66" HEIGHT="69">2.9</TE>
<TE ALIGN="RIGHT" VALIGN="MIDDLE" ACODE="CNS_CNT" WIDTH="96" HEIGHT="69">0</TE>
<TE ALIGN="RIGHT" VALIGN="MIDDLE" ACODE="CNS_RT" WIDTH="61" HEIGHT="69">0</TE>
<TE ALIGN="RIGHT" VALIGN="MIDDLE" ACODE="CNT_SUM" WIDTH="89" HEIGHT="69">659,752</TE>
<TE ALIGN="RIGHT" VALIGN="MIDDLE" ACODE="RT_SUM" WIDTH="63" HEIGHT="69">2.9</TE>
</TR>

<TR ACOPY="Y" ADELETE="Y" HEIGHT="76">
<TE ALIGN="CENTER" VALIGN="MIDDLE" ACODE="SPC_NM" WIDTH="77" HEIGHT="69">(주)와이지인베스트먼트</TE>
<TU ALIGN="CENTER" VALIGN="MIDDLE" AUNIT="IFR_RLT2" AUNITVALUE="S" WIDTH="78" HEIGHT="69" ENG="Related party">특수관계인</TU>
<TE ALIGN="RIGHT" VALIGN="MIDDLE" ACODE="SF_CNT" WIDTH="98" HEIGHT="69">0</TE>
<TE ALIGN="RIGHT" VALIGN="MIDDLE" ACODE="SF_RT" WIDTH="66" HEIGHT="69">0</TE>
<TE ALIGN="RIGHT" VALIGN="MIDDLE" ACODE="CNS_CNT" WIDTH="96" HEIGHT="69">0</TE>
<TE ALIGN="RIGHT" VALIGN="MIDDLE" ACODE="CNS_RT" WIDTH="61" HEIGHT="69">0</TE>
<TE ALIGN="RIGHT" VALIGN="MIDDLE" ACODE="CNT_SUM" WIDTH="89" HEIGHT="69">0</TE>
<TE ALIGN="RIGHT" VALIGN="MIDDLE" ACODE="RT_SUM" WIDTH="63" HEIGHT="69">0</TE>
</TR>

<TR ACOPY="N" ADELETE="N" HEIGHT="30">
<TD COLSPAN="2" ALIGN="CENTER" VALIGN="MIDDLE" AUPDATECONT="N" ENG="Total" WIDTH="164" HEIGHT="23">합  계</TD>
<TE ALIGN="RIGHT" VALIGN="MIDDLE" ACODE="SF_CNT_SUM" WIDTH="98" HEIGHT="23">659,752</TE>
<TE ALIGN="RIGHT" VALIGN="MIDDLE" ACODE="SF_RT_SUM" WIDTH="66" HEIGHT="23">2.9</TE>
<TE ALIGN="RIGHT" VALIGN="MIDDLE" ACODE="CNS_CNT_SUM" WIDTH="96" HEIGHT="23">0</TE>
<TE ALIGN="RIGHT" VALIGN="MIDDLE" ACODE="CNS_RT_SUM" WIDTH="61" HEIGHT="23">0</TE>
<TE ALIGN="RIGHT" VALIGN="MIDDLE" ACODE="ALL_CNT_SUM" WIDTH="89" HEIGHT="23">659,752</TE>
<TE ALIGN="RIGHT" VALIGN="MIDDLE" ACODE="ALL_RT_SUM" WIDTH="63" HEIGHT="23">2.9</TE>
</TR>
</TBODY>
</TABLE>
</TABLE-GROUP>
<P></P>
<PGBRK></PGBRK>
</SECTION-2>
</SECTION-1>

<SECTION-1 ACLASS="MANDATORY" APARTSOURCE="SOURCE">
<TITLE ATOC="Y" ENG="Part 3 Significant Changes Since the Last Reporting Date" ATOCID="14">제3부 직전보고일 이후 대량변동 내역</TITLE>
<P></P>

<SECTION-2 ACLASS="MANDATORY">
<TITLE ATOC="Y" AASSOCNOTE="D-3-1-0-0" ENG="1. Summary of changes" ATOCID="15">1. 변동내역 총괄표</TITLE>

<SECTION-3 ACLASS="MANDATORY">
<TITLE ATOC="Y" ENG="A. Details of changes in stocks, etc." ATOCID="16">가. 주식등의 변동내역</TITLE>

<TABLE-GROUP ACLASS="CST_CNT2" ADELETETABLE="N">

<TABLE ACLASS="EXTRACTION" AFIXTABLE="N" WIDTH="871" BORDER="1">

<COLGROUP WIDTH="871">
<COL WIDTH="55"></COL>
<COL WIDTH="69"></COL>
<COL WIDTH="102"></COL>
<COL WIDTH="60"></COL>
<COL WIDTH="63"></COL>
<COL WIDTH="68"></COL>
<COL WIDTH="77"></COL>
<COL WIDTH="58"></COL>
<COL WIDTH="73"></COL>
<COL WIDTH="59"></COL>
<COL WIDTH="46"></COL>
<COL WIDTH="38"></COL>
<COL WIDTH="52"></COL>
<COL WIDTH="51"></COL>
</COLGROUP>

<THEAD>

<TR ACOPY="N" ADELETE="N" HEIGHT="30">
<TH ROWSPAN="3" VALIGN="MIDDLE" WIDTH="46" ACOPYCOL="N" ADELETECOL="N" AMOVECOL="N" AUPDATECONT="N" ENG="Relationship" HEIGHT="175">관 계</TH>
<TH ROWSPAN="3" VALIGN="MIDDLE" WIDTH="60" ACOPYCOL="N" ADELETECOL="N" AMOVECOL="N" AUPDATECONT="N" ENG="Name (Title)" HEIGHT="175">성 명(명칭)</TH>
<TH ROWSPAN="3" VALIGN="MIDDLE" WIDTH="93" ACOPYCOL="N" ADELETECOL="N" AMOVECOL="N" AUPDATECONT="N" ENG="Date of birth or business registration No., etc." HEIGHT="175">생년월일또는사업자등록번호 등</TH>
<TH COLSPAN="11" VALIGN="MIDDLE" WIDTH="636" ACOPYCOL="N" ADELETECOL="N" AMOVECOL="N" AUPDATECONT="N" ENG="Increase/decrease of shares, etc." HEIGHT="23">증감주식등의 내역</TH>
</TR>

<TR ACOPY="N" ADELETE="N" HEIGHT="30">
<TH COLSPAN="3" VALIGN="MIDDLE" ACOPYCOL="N" ADELETECOL="N" AMOVECOL="N" AUPDATECONT="N" ENG="Share certificates" WIDTH="182" HEIGHT="23">주 권</TH>
<TH ROWSPAN="2" VALIGN="MIDDLE" ACOPYCOL="N" ADELETECOL="N" AMOVECOL="N" AUPDATECONT="N" ENG="Those with warrants" WIDTH="68" HEIGHT="145">신주인수권이표시된것</TH>
<TH ROWSPAN="2" VALIGN="MIDDLE" ACOPYCOL="N" ADELETECOL="N" AMOVECOL="N" AUPDATECONT="N" ENG="Convertible bonds" WIDTH="49" HEIGHT="145">전환사채권</TH>
<TH ROWSPAN="2" VALIGN="MIDDLE" ACOPYCOL="N" ADELETECOL="N" AMOVECOL="N" AUPDATECONT="N" ENG="Bonds with warrants" WIDTH="64" HEIGHT="145">신주인수권부사채권</TH>
<TH ROWSPAN="2" VALIGN="MIDDLE" ACOPYCOL="N" ADELETECOL="N" AMOVECOL="N" AUPDATECONT="N" ENG="Exchangeable bonds" WIDTH="50" HEIGHT="145">교환사채권</TH>
<TH ROWSPAN="2" VALIGN="MIDDLE" ACOPYCOL="N" ADELETECOL="N" AMOVECOL="N" AUPDATECONT="N" ENG="Depositary receipts" WIDTH="37" HEIGHT="145">증권예탁증권</TH>
<TH ROWSPAN="2" VALIGN="MIDDLE" ACOPYCOL="N" ADELETECOL="N" AMOVECOL="N" AUPDATECONT="N" ENG="Others" WIDTH="29" HEIGHT="145">기타</TH>
<TH COLSPAN="2" VALIGN="MIDDLE" ACOPYCOL="N" ADELETECOL="N" AMOVECOL="N" AUPDATECONT="N" ENG="Total" WIDTH="94" HEIGHT="23">합 계</TH>
</TR>

<TR ACOPY="N" ADELETE="N" HEIGHT="122">
<TH VALIGN="MIDDLE" ACOPYCOL="N" ADELETECOL="N" AMOVECOL="N" AUPDATECONT="N" ENG="Voting share" WIDTH="51" HEIGHT="115">의결권있는주식</TH>
<TH VALIGN="MIDDLE" ACOPYCOL="N" ADELETECOL="N" AMOVECOL="N" AUPDATECONT="N" ENG="Stocks to be redeemed with voting share" WIDTH="54" HEIGHT="115">의결권있는 주식으로상환될주식</TH>
<TH VALIGN="MIDDLE" ACOPYCOL="N" ADELETECOL="N" AMOVECOL="N" AUPDATECONT="N" ENG="Stocks to be converted to voting share" WIDTH="59" HEIGHT="115">의결권있는 주식으로전환될 주식</TH>
<TH VALIGN="MIDDLE" ACOPYCOL="N" ADELETECOL="N" AMOVECOL="N" AUPDATECONT="N" ENG="Number of shares (shrs.)" WIDTH="43" HEIGHT="115">주수(주)</TH>
<TH VALIGN="MIDDLE" ACOPYCOL="N" ADELETECOL="N" AMOVECOL="N" AUPDATECONT="N" ENG="Ratio (%)" WIDTH="42" HEIGHT="115">비율(%)</TH>
</TR>
</THEAD>

<TBODY>

<TR ACOPY="N" ADELETE="N" HEIGHT="168">
<TD ALIGN="CENTER" VALIGN="MIDDLE" AUPDATECONT="N" ENG="Reporting entity" WIDTH="46" HEIGHT="161">보고자</TD>
<TE ALIGN="CENTER" VALIGN="MIDDLE" ACODE="SPC_NM" WIDTH="60" HEIGHT="161">아이비케이에스 와이지 턴어라운드 신기술투자조합 제1호</TE>
<TE ALIGN="CENTER" VALIGN="MIDDLE" ACODE="SPC_ID2" WIDTH="93" HEIGHT="161">694-80-03406</TE>
<TE ALIGN="RIGHT" VALIGN="MIDDLE" ACODE="ATK_CNT" WIDTH="51" HEIGHT="161">1,924,071</TE>
<TE ALIGN="RIGHT" VALIGN="MIDDLE" ACODE="REP_CNT" WIDTH="54" HEIGHT="161">-</TE>
<TE ALIGN="RIGHT" VALIGN="MIDDLE" ACODE="CHN_CNT" WIDTH="59" HEIGHT="161">-</TE>
<TE ALIGN="RIGHT" VALIGN="MIDDLE" ACODE="ACC_CNT" WIDTH="68" HEIGHT="161">-</TE>
<TE ALIGN="RIGHT" VALIGN="MIDDLE" ACODE="CB_CNT" WIDTH="49" HEIGHT="161">-</TE>
<TE ALIGN="RIGHT" VALIGN="MIDDLE" ACODE="LN_CNT" WIDTH="64" HEIGHT="161">-</TE>
<TE ALIGN="RIGHT" VALIGN="MIDDLE" ACODE="EB_CNT" WIDTH="50" HEIGHT="161">-</TE>
<TE ALIGN="RIGHT" VALIGN="MIDDLE" ACODE="CF_CNT" WIDTH="37" HEIGHT="161">-</TE>
<TE ALIGN="RIGHT" VALIGN="MIDDLE" ACODE="ET_CNT" WIDTH="29" HEIGHT="161">-</TE>
<TE ALIGN="RIGHT" VALIGN="MIDDLE" ACODE="STK_CNT" WIDTH="43" HEIGHT="161">1,924,071</TE>
<TE ALIGN="RIGHT" VALIGN="MIDDLE" ACODE="STK_RT" WIDTH="42" HEIGHT="161">8.4</TE>
</TR>

<TR ACOPY="N" ADELETE="N" HEIGHT="76">
<TD ROWSPAN="3" ALIGN="CENTER" VALIGN="MIDDLE" AUPDATECONT="N" ENG="Specially related parties" WIDTH="46" HEIGHT="290">특별관계자</TD>
<TE ALIGN="CENTER" VALIGN="MIDDLE" ACODE="SPC_NM" WIDTH="60" HEIGHT="69">아이비케이투자증권(주)</TE>
<TE ALIGN="CENTER" VALIGN="MIDDLE" ACODE="SPC_ID2" WIDTH="93" HEIGHT="69">107-87-09467</TE>
<TE ALIGN="RIGHT" VALIGN="MIDDLE" ACODE="ATK_CNT" WIDTH="51" HEIGHT="69">8,233</TE>
<TE ALIGN="RIGHT" VALIGN="MIDDLE" ACODE="REP_CNT" WIDTH="54" HEIGHT="69">-</TE>
<TE ALIGN="RIGHT" VALIGN="MIDDLE" ACODE="CHN_CNT" WIDTH="59" HEIGHT="69">-</TE>
<TE ALIGN="RIGHT" VALIGN="MIDDLE" ACODE="ACC_CNT" WIDTH="68" HEIGHT="69">-</TE>
<TE ALIGN="RIGHT" VALIGN="MIDDLE" ACODE="CB_CNT" WIDTH="49" HEIGHT="69">651,519</TE>
<TE ALIGN="RIGHT" VALIGN="MIDDLE" ACODE="LN_CNT" WIDTH="64" HEIGHT="69">-</TE>
<TE ALIGN="RIGHT" VALIGN="MIDDLE" ACODE="EB_CNT" WIDTH="50" HEIGHT="69">-</TE>
<TE ALIGN="RIGHT" VALIGN="MIDDLE" ACODE="CF_CNT" WIDTH="37" HEIGHT="69">-</TE>
<TE ALIGN="RIGHT" VALIGN="MIDDLE" ACODE="ET_CNT" WIDTH="29" HEIGHT="69">-</TE>
<TE ALIGN="RIGHT" VALIGN="MIDDLE" ACODE="STK_CNT" WIDTH="43" HEIGHT="69">659,752</TE>
<TE ALIGN="RIGHT" VALIGN="MIDDLE" ACODE="STK_RT" WIDTH="42" HEIGHT="69">2.9</TE>
</TR>

<TR ACOPY="Y" ADELETE="N" HEIGHT="76">
<TE ALIGN="CENTER" VALIGN="MIDDLE" ACODE="SPC_NM" WIDTH="60" HEIGHT="69">(주)와이지인베스트먼트</TE>
<TE ALIGN="CENTER" VALIGN="MIDDLE" ACODE="SPC_ID2" WIDTH="93" HEIGHT="69">870-81-00373</TE>
<TE ALIGN="RIGHT" VALIGN="MIDDLE" ACODE="ATK_CNT" WIDTH="51" HEIGHT="69">-</TE>
<TE ALIGN="RIGHT" VALIGN="MIDDLE" ACODE="REP_CNT" WIDTH="54" HEIGHT="69">-</TE>
<TE ALIGN="RIGHT" VALIGN="MIDDLE" ACODE="CHN_CNT" WIDTH="59" HEIGHT="69">-</TE>
<TE ALIGN="RIGHT" VALIGN="MIDDLE" ACODE="ACC_CNT" WIDTH="68" HEIGHT="69">-</TE>
<TE ALIGN="RIGHT" VALIGN="MIDDLE" ACODE="CB_CNT" WIDTH="49" HEIGHT="69">-</TE>
<TE ALIGN="RIGHT" VALIGN="MIDDLE" ACODE="LN_CNT" WIDTH="64" HEIGHT="69">-</TE>
<TE ALIGN="RIGHT" VALIGN="MIDDLE" ACODE="EB_CNT" WIDTH="50" HEIGHT="69">-</TE>
<TE ALIGN="RIGHT" VALIGN="MIDDLE" ACODE="CF_CNT" WIDTH="37" HEIGHT="69">-</TE>
<TE ALIGN="RIGHT" VALIGN="MIDDLE" ACODE="ET_CNT" WIDTH="29" HEIGHT="69">-</TE>
<TE ALIGN="RIGHT" VALIGN="MIDDLE" ACODE="STK_CNT" WIDTH="43" HEIGHT="69">-</TE>
<TE ALIGN="RIGHT" VALIGN="MIDDLE" ACODE="STK_RT" WIDTH="42" HEIGHT="69">-</TE>
</TR>

<TR ACOPY="Y" ADELETE="Y" HEIGHT="145">
<TE ALIGN="CENTER" VALIGN="MIDDLE" ACODE="SPC_NM" WIDTH="60" HEIGHT="138">아이비케이에스 넥스트 스케일업 신기술투자조합</TE>
<TE ALIGN="CENTER" VALIGN="MIDDLE" ACODE="SPC_ID2" WIDTH="93" HEIGHT="138">471-80-03384</TE>
<TE ALIGN="RIGHT" VALIGN="MIDDLE" ACODE="ATK_CNT" WIDTH="51" HEIGHT="138">246,666</TE>
<TE ALIGN="RIGHT" VALIGN="MIDDLE" ACODE="REP_CNT" WIDTH="54" HEIGHT="138">-</TE>
<TE ALIGN="RIGHT" VALIGN="MIDDLE" ACODE="CHN_CNT" WIDTH="59" HEIGHT="138">-</TE>
<TE ALIGN="RIGHT" VALIGN="MIDDLE" ACODE="ACC_CNT" WIDTH="68" HEIGHT="138">-</TE>
<TE ALIGN="RIGHT" VALIGN="MIDDLE" ACODE="CB_CNT" WIDTH="49" HEIGHT="138">-</TE>
<TE ALIGN="RIGHT" VALIGN="MIDDLE" ACODE="LN_CNT" WIDTH="64" HEIGHT="138">-</TE>
<TE ALIGN="RIGHT" VALIGN="MIDDLE" ACODE="EB_CNT" WIDTH="50" HEIGHT="138">-</TE>
<TE ALIGN="RIGHT" VALIGN="MIDDLE" ACODE="CF_CNT" WIDTH="37" HEIGHT="138">-</TE>
<TE ALIGN="RIGHT" VALIGN="MIDDLE" ACODE="ET_CNT" WIDTH="29" HEIGHT="138">-</TE>
<TE ALIGN="RIGHT" VALIGN="MIDDLE" ACODE="STK_CNT" WIDTH="43" HEIGHT="138">246,666</TE>
<TE ALIGN="RIGHT" VALIGN="MIDDLE" ACODE="STK_RT" WIDTH="42" HEIGHT="138">1.1</TE>
</TR>
</TBODY>
</TABLE>
</TABLE-GROUP>
<P></P>
</SECTION-3>
</SECTION-2>

<SECTION-2 ACLASS="MANDATORY">
<TITLE ATOC="Y" AASSOCNOTE="D-3-2-0-0" ENG="2. Details of changes" ATOCID="17">2. 세부변동내역</TITLE>

<SECTION-3 ACLASS="MANDATORY">
<TITLE ATOC="Y" ENG="A. Details of changes in stocks, etc." ATOCID="18">가. 주식등의 세부변동내역</TITLE>

<TABLE-GROUP ACLASS="HLD_MTH" ADELETETABLE="N">

<TABLE ACLASS="EXTRACTION" AFIXTABLE="Y" WIDTH="865" BORDER="0">

<COLGROUP WIDTH="865">
<COL WIDTH="865"></COL>
</COLGROUP>

<TBODY>

<TR ACOPY="N" ADELETE="N" HEIGHT="30">
<TD ALIGN="RIGHT" VALIGN="BOTTOM" WIDTH="856" HEIGHT="23" AUPDATECONT="N" ENG="(Unit: shares, KRW)">(단위 : 주, 원)</TD>
</TR>
</TBODY>
</TABLE>

<TABLE ACLASS="EXTRACTION" AFIXTABLE="N" WIDTH="865" BORDER="1">

<COLGROUP WIDTH="865">
<COL WIDTH="86"></COL>
<COL WIDTH="135"></COL>
<COL WIDTH="87"></COL>
<COL WIDTH="94"></COL>
<COL WIDTH="73"></COL>
<COL WIDTH="81"></COL>
<COL WIDTH="89"></COL>
<COL WIDTH="77"></COL>
<COL WIDTH="49"></COL>
<COL WIDTH="51"></COL>
<COL WIDTH="43"></COL>
</COLGROUP>

<THEAD>

<TR ACOPY="N" ADELETE="N" HEIGHT="46">
<TH ROWSPAN="2" VALIGN="MIDDLE" WIDTH="77" ACOPYCOL="N" ADELETECOL="N" AMOVECOL="N" AUPDATECONT="N" ENG="Name (Title)" HEIGHT="69">성명(명칭)</TH>
<TH ROWSPAN="2" VALIGN="MIDDLE" WIDTH="126" ACOPYCOL="N" ADELETECOL="N" AMOVECOL="N" AUPDATECONT="N" ENG="Date of birth or business registration No., etc." HEIGHT="69">생년월일 또는사업자등록번호 등</TH>
<TH ROWSPAN="2" VALIGN="MIDDLE" WIDTH="78" ACOPYCOL="N" ADELETECOL="N" AMOVECOL="N" AUPDATECONT="N" ENG="Date of change*" HEIGHT="69">변동일*</TH>
<TH ROWSPAN="2" VALIGN="MIDDLE" WIDTH="85" ACOPYCOL="N" ADELETECOL="N" AMOVECOL="N" AUPDATECONT="N" ENG="Acquisition/disposal method" HEIGHT="69">취득/처분방법</TH>
<TH ROWSPAN="2" VALIGN="MIDDLE" WIDTH="64" ACOPYCOL="N" ADELETECOL="N" AMOVECOL="N" AUPDATECONT="N" ENG="Type of shares, etc." HEIGHT="69">주식등의종류</TH>
<TH COLSPAN="3" VALIGN="MIDDLE" WIDTH="238" ACOPYCOL="N" ADELETECOL="N" AMOVECOL="N" AUPDATECONT="N" ENG="Details of change" HEIGHT="39">변동 내역</TH>
<TH ROWSPAN="2" VALIGN="MIDDLE" WIDTH="91" ACOPYCOL="N" ADELETECOL="N" AMOVECOL="N" AUPDATECONT="N" COLSPAN="2" ENG="Acquisition/Disposal unit price**" HEIGHT="69">취득/처분단가**</TH>
<TH ROWSPAN="2" VALIGN="MIDDLE" WIDTH="34" ACOPYCOL="N" ADELETECOL="N" AMOVECOL="N" AUPDATECONT="N" ENG="Note" HEIGHT="69">비 고</TH>
</TR>

<TR ACOPY="N" ADELETE="N" HEIGHT="30">
<TH VALIGN="MIDDLE" ACOPYCOL="N" ADELETECOL="N" AMOVECOL="N" AUPDATECONT="N" ENG="Before change" WIDTH="72" HEIGHT="23">변동전</TH>
<TH VALIGN="MIDDLE" ACOPYCOL="N" ADELETECOL="N" AMOVECOL="N" AUPDATECONT="N" ENG="Increase or decrease" WIDTH="80" HEIGHT="23">증감</TH>
<TH VALIGN="MIDDLE" ACOPYCOL="N" ADELETECOL="N" AMOVECOL="N" AUPDATECONT="N" ENG="After change" WIDTH="68" HEIGHT="23">변동후</TH>
</TR>
</THEAD>

<TBODY>

<TR ACOPY="Y" ADELETE="N" HEIGHT="145">
<TE ALIGN="CENTER" ACODE="SPC_NM" VALIGN="MIDDLE" WIDTH="77" HEIGHT="138">아이비케이에스 와이지 턴어라운드 신기술투자조합 제1호</TE>
<TE ALIGN="CENTER" ACODE="SPC_ID2" VALIGN="MIDDLE" WIDTH="126" HEIGHT="138">694-80-03406</TE>
<TU ALIGN="CENTER" AUNIT="MDF_DT" VALIGN="MIDDLE" AUNITVALUE="20250405" WIDTH="78" HEIGHT="138">2025년 04월 05일</TU>
<TU ALIGN="CENTER" AUNIT="HLD_MTH" VALIGN="MIDDLE" AUNITVALUE="89" WIDTH="85" HEIGHT="138" ENG="Stock consolidation">주식병합</TU>
<TU ALIGN="CENTER" AUNIT="STK_KND" VALIGN="MIDDLE" AUNITVALUE="11" WIDTH="64" HEIGHT="138" ENG="Voting share">의결권있는 주식</TU>
<TE ALIGN="RIGHT" ACODE="BFR_MDF_CNT" VALIGN="MIDDLE" WIDTH="72" HEIGHT="138">5,200,000</TE>
<TE ALIGN="RIGHT" ACODE="MDF_SDK_CNT" VALIGN="MIDDLE" WIDTH="80" HEIGHT="138">-2,600,000</TE>
<TE ALIGN="RIGHT" ACODE="AFR_MDF_CNT" VALIGN="MIDDLE" WIDTH="68" HEIGHT="138">2,600,000</TE>
<TE ALIGN="RIGHT" ACODE="HLD_UNT_PRJ" VALIGN="MIDDLE" WIDTH="40" HEIGHT="138">0</TE>
<TE ALIGN="CENTER" ACODE="HLD_UNT_PRG" VALIGN="MIDDLE" WIDTH="42" HEIGHT="138">()</TE>
<TE ACODE="RMK" VALIGN="MIDDLE" ALIGN="CENTER" WIDTH="34" HEIGHT="138">-</TE>
</TR>

<TR ACOPY="Y" ADELETE="Y" HEIGHT="145">
<TE ALIGN="CENTER" ACODE="SPC_NM" VALIGN="MIDDLE" WIDTH="77" HEIGHT="138">아이비케이에스 와이지 턴어라운드 신기술투자조합 제1호</TE>
<TE ALIGN="CENTER" ACODE="SPC_ID2" VALIGN="MIDDLE" WIDTH="126" HEIGHT="138">694-80-03406</TE>
<TU ALIGN="CENTER" AUNIT="MDF_DT" VALIGN="MIDDLE" AUNITVALUE="20251229" WIDTH="78" HEIGHT="138">2025년 12월 29일</TU>
<TU ALIGN="CENTER" AUNIT="HLD_MTH" VALIGN="MIDDLE" AUNITVALUE="02" WIDTH="85" HEIGHT="138" ENG="Disposal in exchange(-)">장내매도(-)</TU>
<TU ALIGN="CENTER" AUNIT="STK_KND" VALIGN="MIDDLE" AUNITVALUE="11" WIDTH="64" HEIGHT="138" ENG="Voting share">의결권있는 주식</TU>
<TE ALIGN="RIGHT" ACODE="BFR_MDF_CNT" VALIGN="MIDDLE" WIDTH="72" HEIGHT="138">2,600,000</TE>
<TE ALIGN="RIGHT" ACODE="MDF_SDK_CNT" VALIGN="MIDDLE" WIDTH="80" HEIGHT="138">-515,000</TE>
<TE ACODE="AFR_MDF_CNT" VALIGN="MIDDLE" WIDTH="68" HEIGHT="138">2,085,000</TE>
<TE ALIGN="RIGHT" ACODE="HLD_UNT_PRJ" VALIGN="MIDDLE" WIDTH="40" HEIGHT="138">0</TE>
<TE ALIGN="CENTER" ACODE="HLD_UNT_PRG" VALIGN="MIDDLE" WIDTH="42" HEIGHT="138">13,230</TE>
<TE ACODE="RMK" VALIGN="MIDDLE" ALIGN="CENTER" WIDTH="34" HEIGHT="138">-</TE>
</TR>

<TR ACOPY="Y" ADELETE="Y" HEIGHT="145">
<TE ALIGN="CENTER" ACODE="SPC_NM" VALIGN="MIDDLE" WIDTH="77" HEIGHT="138">아이비케이에스 와이지 턴어라운드 신기술투자조합 제1호</TE>
<TE ALIGN="CENTER" ACODE="SPC_ID2" VALIGN="MIDDLE" WIDTH="126" HEIGHT="138">694-80-03406</TE>
<TU ALIGN="CENTER" AUNIT="MDF_DT" VALIGN="MIDDLE" AUNITVALUE="20251230" WIDTH="78" HEIGHT="138">2025년 12월 30일</TU>
<TU ALIGN="CENTER" AUNIT="HLD_MTH" VALIGN="MIDDLE" AUNITVALUE="02" WIDTH="85" HEIGHT="138" ENG="Disposal in exchange(-)">장내매도(-)</TU>
<TU ALIGN="CENTER" AUNIT="STK_KND" VALIGN="MIDDLE" AUNITVALUE="11" WIDTH="64" HEIGHT="138" ENG="Voting share">의결권있는 주식</TU>
<TE ALIGN="RIGHT" ACODE="BFR_MDF_CNT" VALIGN="MIDDLE" WIDTH="72" HEIGHT="138">2,085,000</TE>
<TE ALIGN="RIGHT" ACODE="MDF_SDK_CNT" VALIGN="MIDDLE" WIDTH="80" HEIGHT="138">-60,862</TE>
<TE ACODE="AFR_MDF_CNT" VALIGN="MIDDLE" WIDTH="68" HEIGHT="138">2,024,138</TE>
<TE ALIGN="RIGHT" ACODE="HLD_UNT_PRJ" VALIGN="MIDDLE" WIDTH="40" HEIGHT="138">0</TE>
<TE ALIGN="CENTER" ACODE="HLD_UNT_PRG" VALIGN="MIDDLE" WIDTH="42" HEIGHT="138">13,409</TE>
<TE ACODE="RMK" VALIGN="MIDDLE" ALIGN="CENTER" WIDTH="34" HEIGHT="138">-</TE>
</TR>

<TR ACOPY="Y" ADELETE="Y" HEIGHT="145">
<TE ALIGN="CENTER" ACODE="SPC_NM" VALIGN="MIDDLE" WIDTH="77" HEIGHT="138">아이비케이에스 와이지 턴어라운드 신기술투자조합 제1호</TE>
<TE ALIGN="CENTER" ACODE="SPC_ID2" VALIGN="MIDDLE" WIDTH="126" HEIGHT="138">694-80-03406</TE>
<TU ALIGN="CENTER" AUNIT="MDF_DT" VALIGN="MIDDLE" AUNITVALUE="20260102" WIDTH="78" HEIGHT="138">2026년 01월 02일</TU>
<TU ALIGN="CENTER" AUNIT="HLD_MTH" VALIGN="MIDDLE" AUNITVALUE="02" WIDTH="85" HEIGHT="138" ENG="Disposal in exchange(-)">장내매도(-)</TU>
<TU ALIGN="CENTER" AUNIT="STK_KND" VALIGN="MIDDLE" AUNITVALUE="11" WIDTH="64" HEIGHT="138" ENG="Voting share">의결권있는 주식</TU>
<TE ALIGN="RIGHT" ACODE="BFR_MDF_CNT" VALIGN="MIDDLE" WIDTH="72" HEIGHT="138">2,024,138</TE>
<TE ALIGN="RIGHT" ACODE="MDF_SDK_CNT" VALIGN="MIDDLE" WIDTH="80" HEIGHT="138">-67</TE>
<TE ACODE="AFR_MDF_CNT" VALIGN="MIDDLE" ALIGN="CENTER" WIDTH="68" HEIGHT="138">2,024,071</TE>
<TE ALIGN="RIGHT" ACODE="HLD_UNT_PRJ" VALIGN="MIDDLE" WIDTH="40" HEIGHT="138">0</TE>
<TE ALIGN="CENTER" ACODE="HLD_UNT_PRG" VALIGN="MIDDLE" WIDTH="42" HEIGHT="138">10,050</TE>
<TE ACODE="RMK" VALIGN="MIDDLE" ALIGN="CENTER" WIDTH="34" HEIGHT="138">-</TE>
</TR>

<TR ACOPY="Y" ADELETE="Y" HEIGHT="145">
<TE ALIGN="CENTER" ACODE="SPC_NM" VALIGN="MIDDLE" WIDTH="77" HEIGHT="138">아이비케이에스 와이지 턴어라운드 신기술투자조합 제1호</TE>
<TE ALIGN="CENTER" ACODE="SPC_ID2" VALIGN="MIDDLE" WIDTH="126" HEIGHT="138">694-80-03406</TE>
<TU ALIGN="CENTER" AUNIT="MDF_DT" VALIGN="MIDDLE" AUNITVALUE="20260105" WIDTH="78" HEIGHT="138">2026년 01월 05일</TU>
<TU ALIGN="CENTER" AUNIT="HLD_MTH" VALIGN="MIDDLE" AUNITVALUE="02" WIDTH="85" HEIGHT="138" ENG="Disposal in exchange(-)">장내매도(-)</TU>
<TU ALIGN="CENTER" AUNIT="STK_KND" VALIGN="MIDDLE" AUNITVALUE="11" WIDTH="64" HEIGHT="138" ENG="Voting share">의결권있는 주식</TU>
<TE ALIGN="RIGHT" ACODE="BFR_MDF_CNT" VALIGN="MIDDLE" WIDTH="72" HEIGHT="138">2,024,071</TE>
<TE ALIGN="RIGHT" ACODE="MDF_SDK_CNT" VALIGN="MIDDLE" WIDTH="80" HEIGHT="138">-100,000</TE>
<TE ACODE="AFR_MDF_CNT" VALIGN="MIDDLE" ALIGN="CENTER" WIDTH="68" HEIGHT="138">1,924,071</TE>
<TE ALIGN="RIGHT" ACODE="HLD_UNT_PRJ" VALIGN="MIDDLE" WIDTH="40" HEIGHT="138">0</TE>
<TE ALIGN="RIGHT" ACODE="HLD_UNT_PRG" VALIGN="MIDDLE" WIDTH="42" HEIGHT="138">9,317</TE>
<TE ACODE="RMK" VALIGN="MIDDLE" ALIGN="CENTER" WIDTH="34" HEIGHT="138">-</TE>
</TR>

<TR ACOPY="Y" ADELETE="Y" HEIGHT="122">
<TE ALIGN="CENTER" ACODE="SPC_NM" VALIGN="MIDDLE" WIDTH="77" HEIGHT="115">아이비케이에스 넥스트 스케일업 신기술투자조합</TE>
<TE ALIGN="CENTER" ACODE="SPC_ID2" VALIGN="MIDDLE" WIDTH="126" HEIGHT="115">471-80-03384</TE>
<TU ALIGN="CENTER" AUNIT="MDF_DT" VALIGN="MIDDLE" AUNITVALUE="20250405" WIDTH="78" HEIGHT="115">2025년 04월 05일</TU>
<TU ALIGN="CENTER" AUNIT="HLD_MTH" VALIGN="MIDDLE" AUNITVALUE="89" WIDTH="85" HEIGHT="115" ENG="Stock consolidation">주식병합</TU>
<TU ALIGN="CENTER" AUNIT="STK_KND" VALIGN="MIDDLE" AUNITVALUE="11" WIDTH="64" HEIGHT="115" ENG="Voting share">의결권있는 주식</TU>
<TE ALIGN="RIGHT" ACODE="BFR_MDF_CNT" VALIGN="MIDDLE" WIDTH="72" HEIGHT="115">1,333,333</TE>
<TE ALIGN="RIGHT" ACODE="MDF_SDK_CNT" VALIGN="MIDDLE" WIDTH="80" HEIGHT="115">-666,667</TE>
<TE ALIGN="RIGHT" ACODE="AFR_MDF_CNT" VALIGN="MIDDLE" WIDTH="68" HEIGHT="115">666,666</TE>
<TE ALIGN="RIGHT" ACODE="HLD_UNT_PRJ" VALIGN="MIDDLE" WIDTH="40" HEIGHT="115">0</TE>
<TE ALIGN="CENTER" ACODE="HLD_UNT_PRG" VALIGN="MIDDLE" WIDTH="42" HEIGHT="115">()</TE>
<TE ACODE="RMK" VALIGN="MIDDLE" ALIGN="CENTER" WIDTH="34" HEIGHT="115">-</TE>
</TR>

<TR ACOPY="Y" ADELETE="Y" HEIGHT="122">
<TE ALIGN="CENTER" ACODE="SPC_NM" VALIGN="MIDDLE" WIDTH="77" HEIGHT="115">아이비케이에스 넥스트 스케일업 신기술투자조합</TE>
<TE ALIGN="CENTER" ACODE="SPC_ID2" VALIGN="MIDDLE" WIDTH="126" HEIGHT="115">471-80-03384</TE>
<TU ALIGN="CENTER" AUNIT="MDF_DT" VALIGN="MIDDLE" AUNITVALUE="20251229" WIDTH="78" HEIGHT="115">2025년 12월 29일</TU>
<TU ALIGN="CENTER" AUNIT="HLD_MTH" VALIGN="MIDDLE" AUNITVALUE="02" WIDTH="85" HEIGHT="115" ENG="Disposal in exchange(-)">장내매도(-)</TU>
<TU ALIGN="CENTER" AUNIT="STK_KND" VALIGN="MIDDLE" AUNITVALUE="11" WIDTH="64" HEIGHT="115" ENG="Voting share">의결권있는 주식</TU>
<TE ALIGN="RIGHT" ACODE="BFR_MDF_CNT" VALIGN="MIDDLE" WIDTH="72" HEIGHT="115">666,666</TE>
<TE ALIGN="RIGHT" ACODE="MDF_SDK_CNT" VALIGN="MIDDLE" WIDTH="80" HEIGHT="115">-200,000</TE>
<TE ALIGN="RIGHT" ACODE="AFR_MDF_CNT" VALIGN="MIDDLE" WIDTH="68" HEIGHT="115">466,666</TE>
<TE ALIGN="RIGHT" ACODE="HLD_UNT_PRJ" VALIGN="MIDDLE" WIDTH="40" HEIGHT="115">0</TE>
<TE ALIGN="CENTER" ACODE="HLD_UNT_PRG" VALIGN="MIDDLE" WIDTH="42" HEIGHT="115">13,230</TE>
<TE ACODE="RMK" VALIGN="MIDDLE" ALIGN="CENTER" WIDTH="34" HEIGHT="115">-</TE>
</TR>

<TR ACOPY="Y" ADELETE="Y" HEIGHT="122">
<TE ALIGN="CENTER" ACODE="SPC_NM" VALIGN="MIDDLE" WIDTH="77" HEIGHT="115">아이비케이에스 넥스트 스케일업 신기술투자조합</TE>
<TE ALIGN="CENTER" ACODE="SPC_ID2" VALIGN="MIDDLE" WIDTH="126" HEIGHT="115">471-80-03384</TE>
<TU ALIGN="CENTER" AUNIT="MDF_DT" VALIGN="MIDDLE" AUNITVALUE="20251230" WIDTH="78" HEIGHT="115">2025년 12월 30일</TU>
<TU ALIGN="CENTER" AUNIT="HLD_MTH" VALIGN="MIDDLE" AUNITVALUE="02" WIDTH="85" HEIGHT="115" ENG="Disposal in exchange(-)">장내매도(-)</TU>
<TU ALIGN="CENTER" AUNIT="STK_KND" VALIGN="MIDDLE" AUNITVALUE="11" WIDTH="64" HEIGHT="115" ENG="Voting share">의결권있는 주식</TU>
<TE ALIGN="RIGHT" ACODE="BFR_MDF_CNT" VALIGN="MIDDLE" WIDTH="72" HEIGHT="115">466,666</TE>
<TE ALIGN="RIGHT" ACODE="MDF_SDK_CNT" VALIGN="MIDDLE" WIDTH="80" HEIGHT="115">-70,000</TE>
<TE ALIGN="RIGHT" ACODE="AFR_MDF_CNT" VALIGN="MIDDLE" WIDTH="68" HEIGHT="115">396,666</TE>
<TE ALIGN="RIGHT" ACODE="HLD_UNT_PRJ" VALIGN="MIDDLE" WIDTH="40" HEIGHT="115">0</TE>
<TE ALIGN="RIGHT" ACODE="HLD_UNT_PRG" VALIGN="MIDDLE" WIDTH="42" HEIGHT="115">13,385</TE>
<TE ACODE="RMK" VALIGN="MIDDLE" ALIGN="CENTER" WIDTH="34" HEIGHT="115">-</TE>
</TR>

<TR ACOPY="Y" ADELETE="Y" HEIGHT="122">
<TE ALIGN="CENTER" ACODE="SPC_NM" VALIGN="MIDDLE" WIDTH="77" HEIGHT="115">아이비케이에스 넥스트 스케일업 신기술투자조합</TE>
<TE ALIGN="CENTER" ACODE="SPC_ID2" VALIGN="MIDDLE" WIDTH="126" HEIGHT="115">471-80-03384</TE>
<TU ALIGN="CENTER" AUNIT="MDF_DT" VALIGN="MIDDLE" AUNITVALUE="20260102" WIDTH="78" HEIGHT="115">2026년 01월 02일</TU>
<TU ALIGN="CENTER" AUNIT="HLD_MTH" VALIGN="MIDDLE" AUNITVALUE="02" WIDTH="85" HEIGHT="115" ENG="Disposal in exchange(-)">장내매도(-)</TU>
<TU ALIGN="CENTER" AUNIT="STK_KND" VALIGN="MIDDLE" AUNITVALUE="11" WIDTH="64" HEIGHT="115" ENG="Voting share">의결권있는 주식</TU>
<TE ALIGN="RIGHT" ACODE="BFR_MDF_CNT" VALIGN="MIDDLE" WIDTH="72" HEIGHT="115">396,666</TE>
<TE ALIGN="RIGHT" ACODE="MDF_SDK_CNT" VALIGN="MIDDLE" WIDTH="80" HEIGHT="115">-150,000</TE>
<TE ALIGN="RIGHT" ACODE="AFR_MDF_CNT" VALIGN="MIDDLE" WIDTH="68" HEIGHT="115">246,666</TE>
<TE ALIGN="RIGHT" ACODE="HLD_UNT_PRJ" VALIGN="MIDDLE" WIDTH="40" HEIGHT="115">0</TE>
<TE ALIGN="RIGHT" ACODE="HLD_UNT_PRG" VALIGN="MIDDLE" WIDTH="42" HEIGHT="115">8,857</TE>
<TE ACODE="RMK" VALIGN="MIDDLE" ALIGN="CENTER" WIDTH="34" HEIGHT="115">-</TE>
</TR>

<TR ACOPY="Y" ADELETE="Y" HEIGHT="76">
<TE ALIGN="CENTER" ACODE="SPC_NM" VALIGN="MIDDLE" WIDTH="77" HEIGHT="69">아이비케이투자증권 주식회사</TE>
<TE ALIGN="CENTER" ACODE="SPC_ID2" VALIGN="MIDDLE" WIDTH="126" HEIGHT="69">107-87-09467</TE>
<TU ALIGN="CENTER" AUNIT="MDF_DT" VALIGN="MIDDLE" AUNITVALUE="20251229" WIDTH="78" HEIGHT="69">2025년 12월 29일</TU>
<TU ALIGN="CENTER" AUNIT="HLD_MTH" VALIGN="MIDDLE" AUNITVALUE="47" WIDTH="85" HEIGHT="69" ENG="Merger(+)">합병(+)</TU>
<TU ALIGN="CENTER" AUNIT="STK_KND" VALIGN="MIDDLE" AUNITVALUE="11" WIDTH="64" HEIGHT="69" ENG="Voting share">의결권있는 주식</TU>
<TE ALIGN="RIGHT" ACODE="BFR_MDF_CNT" VALIGN="MIDDLE" WIDTH="72" HEIGHT="69">-</TE>
<TE ALIGN="RIGHT" ACODE="MDF_SDK_CNT" VALIGN="MIDDLE" WIDTH="80" HEIGHT="69">8,233</TE>
<TE ALIGN="RIGHT" ACODE="AFR_MDF_CNT" VALIGN="MIDDLE" WIDTH="68" HEIGHT="69">8,233</TE>
<TE ALIGN="RIGHT" ACODE="HLD_UNT_PRJ" VALIGN="MIDDLE" WIDTH="40" HEIGHT="69">2,552</TE>
<TE ALIGN="CENTER" ACODE="HLD_UNT_PRG" VALIGN="MIDDLE" WIDTH="42" HEIGHT="69">()</TE>
<TE ACODE="RMK" VALIGN="MIDDLE" ALIGN="CENTER" WIDTH="34" HEIGHT="69">-</TE>
</TR>

<TR ACOPY="Y" ADELETE="Y" HEIGHT="76">
<TE ALIGN="CENTER" ACODE="SPC_NM" VALIGN="MIDDLE" WIDTH="77" HEIGHT="69">아이비케이투자증권 주식회사</TE>
<TE ALIGN="CENTER" ACODE="SPC_ID2" VALIGN="MIDDLE" WIDTH="126" HEIGHT="69">107-87-09467</TE>
<TU ALIGN="CENTER" AUNIT="MDF_DT" VALIGN="MIDDLE" AUNITVALUE="20251229" WIDTH="78" HEIGHT="69">2025년 12월 29일</TU>
<TU ALIGN="CENTER" AUNIT="HLD_MTH" VALIGN="MIDDLE" AUNITVALUE="47" WIDTH="85" HEIGHT="69" ENG="Merger(+)">합병(+)</TU>
<TU ALIGN="CENTER" AUNIT="STK_KND" VALIGN="MIDDLE" AUNITVALUE="4" WIDTH="64" HEIGHT="69" ENG="Convertible bonds">전환사채권</TU>
<TE ALIGN="RIGHT" ACODE="BFR_MDF_CNT" VALIGN="MIDDLE" WIDTH="72" HEIGHT="69">-</TE>
<TE ALIGN="RIGHT" ACODE="MDF_SDK_CNT" VALIGN="MIDDLE" WIDTH="80" HEIGHT="69">651,519</TE>
<TE ALIGN="RIGHT" ACODE="AFR_MDF_CNT" VALIGN="MIDDLE" WIDTH="68" HEIGHT="69">651,519</TE>
<TE ALIGN="RIGHT" ACODE="HLD_UNT_PRJ" VALIGN="MIDDLE" WIDTH="40" HEIGHT="69">1,827</TE>
<TE ALIGN="CENTER" ACODE="HLD_UNT_PRG" VALIGN="MIDDLE" WIDTH="42" HEIGHT="69">()</TE>
<TE ACODE="RMK" VALIGN="MIDDLE" ALIGN="CENTER" WIDTH="34" HEIGHT="69">-</TE>
</TR>
</TBODY>
</TABLE>
</TABLE-GROUP>
<P>※ 자본시장과 금융투자업에 관한 법률 시행령 제154조제4항 및 제5항제2호부터 제3호까지의 규정에 따라 국가, 지방자치단체, 한국은행 및 주식등의 보유목적이 발행인의 경영권에 영향을 미치기 위한 것이 아닌 보고특례 적용 전문투자자(증권의 발행 및 공시에 관한 규정 제3-14조)의 경우에는 각 보고의무발생일(「변동일」란에 기재)별로 변동내역을 일괄하여 기재하며 「취득/처분방법」, 「취득/처분단가」란은 그 기재를 생략할 수 있다.</P>
<P>*   증권시장에서 주식등을 매매한 경우에는 그 계약체결일</P>
<P>** 주식 외의 증권의 경우 해당 증권의 행사(전환ㆍ교환)가액 또는 해당 증권의 권리행사로 취득ㆍ처분하는 주식의 매매단가를 의미하며, (   )의 금액은 해당 증권의 매매단가를 의미</P>
<PGBRK></PGBRK>
</SECTION-3>
</SECTION-2>
</SECTION-1>

</LIBRARY></BODY></DOCUMENT>