<?xml version="1.0" encoding="utf-8"?>


<DOCUMENT xmlns:xsi="http://www.w3.org/2001/XMLSchema-instance" xsi:noNamespaceSchemaLocation="dart4.xsd">

<DOCUMENT-NAME ACODE="80901">지급수단별ㆍ지급기간별지급금액및분쟁조정기구에관한사항</DOCUMENT-NAME>
<FORMULA-VERSION ADATE="20240607">6.0</FORMULA-VERSION>
<COMPANY-NAME AREGCIK="01389047">천안북부일반산업단지(주)</COMPANY-NAME>


<BODY ATOCID="1">

<SECTION-1 ACLASS="MANDATORY" APARTSOURCE="SOURCE">
<TITLE ATOC="Y" AASSOCNOTE="D-0-1-0-0" ENG="Matters Concerning Payment Amount for Each Payment Method/Payment Period and Dispute Resolution Organization" ATOCID="1">지급수단별ㆍ지급기간별 지급금액 및 분쟁조정기구에 관한 사항</TITLE>
<P></P>

<TABLE ACLASS="NORMAL" WIDTH="785" BORDER="1">

<COLGROUP WIDTH="785">
<COL WIDTH="79"></COL>
<COL WIDTH="79"></COL>
<COL WIDTH="79"></COL>
<COL WIDTH="79"></COL>
<COL WIDTH="79"></COL>
<COL WIDTH="69"></COL>
<COL WIDTH="70"></COL>
<COL WIDTH="102"></COL>
<COL WIDTH="71"></COL>
<COL WIDTH="78"></COL>
</COLGROUP>

<TBODY>

<TR ACOPY="Y" ADELETE="Y" HEIGHT="76">
<TD ALIGN="CENTER" VALIGN="MIDDLE" WIDTH="70" HEIGHT="69">기업집단명</TD>
<TD ALIGN="CENTER" VALIGN="MIDDLE" WIDTH="70" HEIGHT="69">코오롱</TD>
<TD ALIGN="CENTER" VALIGN="MIDDLE" WIDTH="70" HEIGHT="69">회사명</TD>
<TD ALIGN="CENTER" VALIGN="MIDDLE" WIDTH="70" HEIGHT="69">천안북부일반산업단지㈜</TD>
<TD ALIGN="CENTER" VALIGN="MIDDLE" WIDTH="70" HEIGHT="69">공시일자</TD>
<TD ALIGN="CENTER" VALIGN="MIDDLE" WIDTH="60" HEIGHT="69">2025.08.11.</TD>
<TD ALIGN="CENTER" VALIGN="MIDDLE" WIDTH="61" HEIGHT="69">공시대상기간</TD>
<TD ALIGN="CENTER" VALIGN="MIDDLE" WIDTH="93" HEIGHT="69">2024.07.01 ~ 2024.12.31</TD>
<TD ALIGN="CENTER" VALIGN="MIDDLE" WIDTH="62" HEIGHT="69">관련법규</TD>
<TD ALIGN="CENTER" VALIGN="MIDDLE" WIDTH="69" HEIGHT="69">하도급법제13조의3</TD>
</TR>
</TBODY>
</TABLE>
<P></P>
<P>1. (제1호) 지급수단별 지급금액</P>

<TABLE ACLASS="NORMAL" WIDTH="790" BORDER="0">

<COLGROUP WIDTH="790">
<COL WIDTH="790"></COL>
</COLGROUP>

<TBODY>

<TR ACOPY="Y" ADELETE="Y" HEIGHT="30">
<TD ALIGN="RIGHT" WIDTH="781" HEIGHT="23">[지급금액 단위(천원), 비중(%, 소수점 둘째자리)]</TD>
</TR>
</TBODY>
</TABLE>

<TABLE ACLASS="NORMAL" WIDTH="786" BORDER="1">

<COLGROUP WIDTH="786">
<COL WIDTH="53"></COL>
<COL WIDTH="96"></COL>
<COL WIDTH="47"></COL>
<COL WIDTH="52"></COL>
<COL WIDTH="44"></COL>
<COL WIDTH="38"></COL>
<COL WIDTH="39"></COL>
<COL WIDTH="53"></COL>
<COL WIDTH="44"></COL>
<COL WIDTH="38"></COL>
<COL WIDTH="52"></COL>
<COL WIDTH="49"></COL>
<COL WIDTH="39"></COL>
<COL WIDTH="45"></COL>
<COL WIDTH="97"></COL>
</COLGROUP>

<THEAD>

<TR ACOPY="Y" ADELETE="Y" HEIGHT="30">
<TH ROWSPAN="2" VALIGN="MIDDLE" WIDTH="44" HEIGHT="122" ACOPYCOL="Y" ADELETECOL="Y" AMOVECOL="N"></TH>
<TH ROWSPAN="2" VALIGN="MIDDLE" WIDTH="87" HEIGHT="122" ACOPYCOL="Y" ADELETECOL="Y" AMOVECOL="N">현금및수표</TH>
<TH COLSPAN="4" VALIGN="MIDDLE" WIDTH="172" HEIGHT="23" ACOPYCOL="Y" ADELETECOL="Y" AMOVECOL="N">상생결제</TH>
<TH COLSPAN="4" VALIGN="MIDDLE" WIDTH="165" HEIGHT="23" ACOPYCOL="Y" ADELETECOL="Y" AMOVECOL="N">어음대체결제수단</TH>
<TH COLSPAN="3" VALIGN="MIDDLE" WIDTH="131" HEIGHT="23" ACOPYCOL="Y" ADELETECOL="Y" AMOVECOL="N">어음</TH>
<TH ROWSPAN="2" VALIGN="MIDDLE" WIDTH="36" HEIGHT="122" ACOPYCOL="Y" ADELETECOL="Y" AMOVECOL="N">기타</TH>
<TH ROWSPAN="2" VALIGN="MIDDLE" WIDTH="88" HEIGHT="122" ACOPYCOL="Y" ADELETECOL="Y" AMOVECOL="N">계</TH>
</TR>

<TR ACOPY="Y" ADELETE="Y" HEIGHT="99">
<TH VALIGN="MIDDLE" WIDTH="38" HEIGHT="92" ACOPYCOL="Y" ADELETECOL="Y" AMOVECOL="N">만기10일이하</TH>
<TH VALIGN="MIDDLE" WIDTH="43" HEIGHT="92" ACOPYCOL="Y" ADELETECOL="Y" AMOVECOL="N">10일초과60일이하</TH>
<TH VALIGN="MIDDLE" WIDTH="35" HEIGHT="92" ACOPYCOL="Y" ADELETECOL="Y" AMOVECOL="N">60일초과</TH>
<TH VALIGN="MIDDLE" WIDTH="29" HEIGHT="92" ACOPYCOL="Y" ADELETECOL="Y" AMOVECOL="N">소계</TH>
<TH VALIGN="MIDDLE" WIDTH="30" HEIGHT="92" ACOPYCOL="Y" ADELETECOL="Y" AMOVECOL="N">만기1일이하</TH>
<TH VALIGN="MIDDLE" WIDTH="44" HEIGHT="92" ACOPYCOL="Y" ADELETECOL="Y" AMOVECOL="N">1일초과60일이하</TH>
<TH VALIGN="MIDDLE" WIDTH="35" HEIGHT="92" ACOPYCOL="Y" ADELETECOL="Y" AMOVECOL="N">60일초과</TH>
<TH VALIGN="MIDDLE" WIDTH="29" HEIGHT="92" ACOPYCOL="Y" ADELETECOL="Y" AMOVECOL="N">소계</TH>
<TH VALIGN="MIDDLE" WIDTH="43" HEIGHT="92" ACOPYCOL="Y" ADELETECOL="Y" AMOVECOL="N">어음(만기60일이하)</TH>
<TH VALIGN="MIDDLE" WIDTH="40" HEIGHT="92" ACOPYCOL="Y" ADELETECOL="Y" AMOVECOL="N">어음(만기60일초과)</TH>
<TH VALIGN="MIDDLE" WIDTH="30" HEIGHT="92" ACOPYCOL="Y" ADELETECOL="Y" AMOVECOL="N">소계</TH>
</TR>
</THEAD>

<TBODY>

<TR ACOPY="Y" ADELETE="Y" HEIGHT="53">
<TD ALIGN="CENTER" VALIGN="MIDDLE" WIDTH="44" HEIGHT="46">지급금액</TD>
<TD ALIGN="RIGHT" VALIGN="MIDDLE" WIDTH="87" HEIGHT="46">32,716,727</TD>
<TD ALIGN="CENTER" VALIGN="MIDDLE" WIDTH="38" HEIGHT="46">-</TD>
<TD ALIGN="CENTER" VALIGN="MIDDLE" WIDTH="43" HEIGHT="46">-</TD>
<TD ALIGN="CENTER" VALIGN="MIDDLE" WIDTH="35" HEIGHT="46">-</TD>
<TD ALIGN="CENTER" VALIGN="MIDDLE" WIDTH="29" HEIGHT="46">-</TD>
<TD ALIGN="CENTER" VALIGN="MIDDLE" WIDTH="30" HEIGHT="46">-</TD>
<TD ALIGN="CENTER" VALIGN="MIDDLE" WIDTH="44" HEIGHT="46">-</TD>
<TD ALIGN="CENTER" VALIGN="MIDDLE" WIDTH="35" HEIGHT="46">-</TD>
<TD ALIGN="CENTER" VALIGN="MIDDLE" WIDTH="29" HEIGHT="46">-</TD>
<TD ALIGN="CENTER" VALIGN="MIDDLE" WIDTH="43" HEIGHT="46">-</TD>
<TD ALIGN="CENTER" VALIGN="MIDDLE" WIDTH="40" HEIGHT="46">-</TD>
<TD ALIGN="CENTER" VALIGN="MIDDLE" WIDTH="30" HEIGHT="46">-</TD>
<TD ALIGN="CENTER" VALIGN="MIDDLE" WIDTH="36" HEIGHT="46">-</TD>
<TD ALIGN="RIGHT" VALIGN="MIDDLE" WIDTH="88" HEIGHT="46">32,716,727</TD>
</TR>

<TR ACOPY="Y" ADELETE="Y" HEIGHT="53">
<TD ALIGN="CENTER" VALIGN="MIDDLE" WIDTH="44" HEIGHT="46">비중</TD>
<TD ALIGN="CENTER" VALIGN="MIDDLE" WIDTH="87" HEIGHT="46">100.00</TD>
<TD ALIGN="CENTER" VALIGN="MIDDLE" WIDTH="38" HEIGHT="46">-</TD>
<TD ALIGN="CENTER" VALIGN="MIDDLE" WIDTH="43" HEIGHT="46">-</TD>
<TD ALIGN="CENTER" VALIGN="MIDDLE" WIDTH="35" HEIGHT="46">-</TD>
<TD ALIGN="CENTER" VALIGN="MIDDLE" WIDTH="29" HEIGHT="46">-</TD>
<TD ALIGN="CENTER" VALIGN="MIDDLE" WIDTH="30" HEIGHT="46">-</TD>
<TD ALIGN="CENTER" VALIGN="MIDDLE" WIDTH="44" HEIGHT="46">-</TD>
<TD ALIGN="CENTER" VALIGN="MIDDLE" WIDTH="35" HEIGHT="46">-</TD>
<TD ALIGN="CENTER" VALIGN="MIDDLE" WIDTH="29" HEIGHT="46">-</TD>
<TD ALIGN="CENTER" VALIGN="MIDDLE" WIDTH="43" HEIGHT="46">-</TD>
<TD ALIGN="CENTER" VALIGN="MIDDLE" WIDTH="40" HEIGHT="46">-</TD>
<TD ALIGN="CENTER" VALIGN="MIDDLE" WIDTH="30" HEIGHT="46">-</TD>
<TD ALIGN="CENTER" VALIGN="MIDDLE" WIDTH="36" HEIGHT="46">-</TD>
<TD ALIGN="CENTER" VALIGN="MIDDLE" WIDTH="88" HEIGHT="46">100.00</TD>
</TR>

<TR ACOPY="Y" ADELETE="Y" HEIGHT="30">
<TD COLSPAN="10" ALIGN="RIGHT" VALIGN="MIDDLE" WIDTH="495" HEIGHT="23">현금결제비율</TD>
<TD COLSPAN="5" ALIGN="CENTER" VALIGN="MIDDLE" WIDTH="273" HEIGHT="23">100.00</TD>
</TR>

<TR ACOPY="Y" ADELETE="Y" HEIGHT="30">
<TD COLSPAN="10" ALIGN="RIGHT" VALIGN="MIDDLE" WIDTH="495" HEIGHT="23">현금성결제비율</TD>
<TD COLSPAN="5" ALIGN="CENTER" VALIGN="MIDDLE" WIDTH="273" HEIGHT="23">100.00</TD>
</TR>

<TR ACOPY="Y" ADELETE="Y" HEIGHT="30">
<TD ALIGN="CENTER" VALIGN="MIDDLE" WIDTH="44" HEIGHT="23">비고</TD>
<TD COLSPAN="14" VALIGN="MIDDLE" WIDTH="724" HEIGHT="23"></TD>
</TR>
</TBODY>
</TABLE>
<P>※ (현금결제비율) = 100.00    (현금성결제비율) = 100.00</P>
<P></P>
<P>2. (제2호) 지급기간별 지급금액</P>

<TABLE ACLASS="NORMAL" WIDTH="600" BORDER="0">

<COLGROUP WIDTH="600">
<COL WIDTH="600"></COL>
</COLGROUP>

<TBODY>

<TR ACOPY="Y" ADELETE="Y" HEIGHT="30">
<TD ALIGN="RIGHT" WIDTH="591" HEIGHT="23">[지급금액 단위(천원), 비중(%, 소수점 둘째자리)]</TD>
</TR>
</TBODY>
</TABLE>

<TABLE ACLASS="NORMAL" WIDTH="600" BORDER="1">

<COLGROUP WIDTH="600">
<COL WIDTH="100"></COL>
<COL WIDTH="100"></COL>
<COL WIDTH="100"></COL>
<COL WIDTH="100"></COL>
<COL WIDTH="100"></COL>
<COL WIDTH="100"></COL>
</COLGROUP>

<THEAD>

<TR ACOPY="Y" ADELETE="Y" HEIGHT="53">
<TH VALIGN="MIDDLE" WIDTH="91" HEIGHT="46" ACOPYCOL="Y" ADELETECOL="Y" AMOVECOL="N"></TH>
<TH VALIGN="MIDDLE" WIDTH="91" HEIGHT="46" ACOPYCOL="Y" ADELETECOL="Y" AMOVECOL="N">10일 이내</TH>
<TH VALIGN="MIDDLE" WIDTH="91" HEIGHT="46" ACOPYCOL="Y" ADELETECOL="Y" AMOVECOL="N">10일 초과15일 이하</TH>
<TH VALIGN="MIDDLE" WIDTH="91" HEIGHT="46" ACOPYCOL="Y" ADELETECOL="Y" AMOVECOL="N">15일 초과30일 이하</TH>
<TH VALIGN="MIDDLE" WIDTH="91" HEIGHT="46" ACOPYCOL="Y" ADELETECOL="Y" AMOVECOL="N">30일 초과60일 이하</TH>
<TH VALIGN="MIDDLE" WIDTH="91" HEIGHT="46" ACOPYCOL="Y" ADELETECOL="Y" AMOVECOL="N">60일 초과</TH>
</TR>
</THEAD>

<TBODY>

<TR ACOPY="Y" ADELETE="Y" HEIGHT="30">
<TD ALIGN="CENTER" WIDTH="91" HEIGHT="23">지급금액</TD>
<TD ALIGN="RIGHT" VALIGN="MIDDLE" WIDTH="91" HEIGHT="23">22,826,440</TD>
<TD ALIGN="RIGHT" VALIGN="MIDDLE" WIDTH="91" HEIGHT="23">562,051</TD>
<TD ALIGN="RIGHT" VALIGN="MIDDLE" WIDTH="91" HEIGHT="23">9,328,236</TD>
<TD ALIGN="CENTER" VALIGN="MIDDLE" WIDTH="91" HEIGHT="23">-</TD>
<TD ALIGN="CENTER" VALIGN="MIDDLE" WIDTH="91" HEIGHT="23">-</TD>
</TR>

<TR ACOPY="Y" ADELETE="Y" HEIGHT="30">
<TD ALIGN="CENTER" WIDTH="91" HEIGHT="23">비중</TD>
<TD ALIGN="CENTER" VALIGN="MIDDLE" WIDTH="91" HEIGHT="23">69.77</TD>
<TD ALIGN="CENTER" VALIGN="MIDDLE" WIDTH="91" HEIGHT="23">1.72</TD>
<TD ALIGN="CENTER" VALIGN="MIDDLE" WIDTH="91" HEIGHT="23">28.51</TD>
<TD ALIGN="CENTER" VALIGN="MIDDLE" WIDTH="91" HEIGHT="23">-</TD>
<TD ALIGN="CENTER" VALIGN="MIDDLE" WIDTH="91" HEIGHT="23">-</TD>
</TR>

<TR ACOPY="Y" ADELETE="Y" HEIGHT="30">
<TD ALIGN="CENTER" WIDTH="91" HEIGHT="23">비고</TD>
<TD VALIGN="MIDDLE" WIDTH="491" HEIGHT="23" COLSPAN="5"></TD>
</TR>
</TBODY>
</TABLE>
<P>3. (제3호) 분쟁조정기구에 관한 사항</P>

<TABLE BORDER="1" WIDTH="600" ACLASS="NORMAL">

<COLGROUP WIDTH="600">
<COL WIDTH="300"></COL>
<COL WIDTH="300"></COL>
</COLGROUP>

<TBODY>

<TR ACOPY="Y" ADELETE="Y" HEIGHT="30">
<TD ALIGN="CENTER" VALIGN="MIDDLE" WIDTH="291" HEIGHT="23"></TD>
<TD ALIGN="CENTER" VALIGN="MIDDLE" WIDTH="291" HEIGHT="23">내용</TD>
</TR>

<TR ACOPY="Y" ADELETE="Y" HEIGHT="30">
<TD ALIGN="CENTER" VALIGN="MIDDLE" WIDTH="291" HEIGHT="23">분쟁조정기구 설치 여부</TD>
<TD ALIGN="CENTER" VALIGN="MIDDLE" WIDTH="291" HEIGHT="23">X</TD>
</TR>

<TR ACOPY="Y" ADELETE="Y" HEIGHT="30">
<TD ALIGN="CENTER" VALIGN="MIDDLE" WIDTH="291" HEIGHT="23">담당부서 및 연락처</TD>
<TD ALIGN="CENTER" VALIGN="MIDDLE" WIDTH="291" HEIGHT="23">-</TD>
</TR>

<TR ACOPY="Y" ADELETE="Y" HEIGHT="30">
<TD ALIGN="CENTER" VALIGN="MIDDLE" WIDTH="291" HEIGHT="23">분쟁조정 신청 절차ㆍ방법</TD>
<TD ALIGN="CENTER" VALIGN="MIDDLE" WIDTH="291" HEIGHT="23">-</TD>
</TR>

<TR ACOPY="Y" ADELETE="Y" HEIGHT="30">
<TD ALIGN="CENTER" VALIGN="MIDDLE" WIDTH="291" HEIGHT="23">분쟁조정 예상 소요기간</TD>
<TD ALIGN="CENTER" VALIGN="MIDDLE" WIDTH="291" HEIGHT="23">-</TD>
</TR>

<TR ACOPY="Y" ADELETE="Y" HEIGHT="30">
<TD ALIGN="CENTER" VALIGN="MIDDLE" WIDTH="291" HEIGHT="23">비고</TD>
<TD ALIGN="CENTER" VALIGN="MIDDLE" WIDTH="291" HEIGHT="23">-</TD>
</TR>
</TBODY>
</TABLE>
<P></P>
</SECTION-1>
</BODY>
</DOCUMENT>