<!DOCTYPE html PUBLIC "-//W3C//DTD XHTML 1.0 Transitional//EN" "http://www.w3.org/TR/xhtml1/DTD/xhtml1-transitional.dtd">
<html xmlns="http://www.w3.org/1999/xhtml">
<HEAD>
<META http-equiv="Content-Type" content="text/html; charset=euc-kr"/>
</HEAD>
<body>
<STYLE>
	.PGBRK			{page-break-after:always}
	.COVER-TITLE	{TEXT-ALIGN:CENTER; color: #ff8625; FONT-FAMILY:  HY헤드라인M;  FONT-WEIGHT: bold; FONT-SIZE: 28px; LETTER-SPACING: -1px; line-height:28px; height:45px; WIDTH:600px;}
	.P				{TEXT-ALIGN:JUSTIFY; FONT-FAMILY:돋움; COLOR:#666666; LINE-HEIGHT:18px; WIDTH:600px;}
	.P-LARGE		{TEXT-ALIGN:LEFT; FONT-FAMILY:돋움; FONT-SIZE:14px; COLOR:#000000; WIDTH:600px; LETTER-SPACING:0.01cm;}
	.P-MEDIUM		{TEXT-ALIGN:LEFT; FONT-FAMILY:돋움; FONT-SIZE:14px; COLOR:#000000; WIDTH:600;}
	.P-SMALL		{TEXT-ALIGN:LEFT; FONT-FAMILY:바탕 ;FONT-SIZE:14px; COLOR:#000000;WIDTH:600px;}

	.TABLE			{TEXT-ALIGN:LEFT; FONT-FAMILY:돋움; FONT-SIZE:12px; COLOR:#666666;}
	.TH				{FONT-FAMILY:돋움; FONT-SIZE:12px; COLOR:#666666; BACKGROUND-COLOR:#dddddd; LINE-HEIGHT:17px; LETTER-SPACING:-0.02cm; font-weight:bold; WORD-WRAP:BREAK-WORD; MARGIN:0PX;}
	.TD				{FONT-FAMILY:돋움; FONT-SIZE:12px; COLOR:#666666; WORD-WRAP:BREAK-WORD; MARGIN:0PX;}
	TH				{FONT-FAMILY:돋움; FONT-SIZE:12px; COLOR:#666666; BACKGROUND-COLOR:#dddddd; LINE-HEIGHT:17px; LETTER-SPACING:-0.02cm; font-weight:bold; WORD-WRAP:BREAK-WORD; MARGIN:0PX;}
	TD				{FONT-FAMILY:돋움; FONT-SIZE:12px; COLOR:#000000; WORD-WRAP:BREAK-WORD; MARGIN:0PX;}
	
	.SECTION-1		{TEXT-ALIGN:LEFT;FONT-FAMILY:돋움;FONT-SIZE:14px; FONT-WEIGHT:bold; LETTER-SPACING:-1px; COLOR:#035fa3;WIDTH:600px;}
	.SECTION-2 		{TEXT-ALIGN:LEFT;FONT-FAMILY:돋움;FONT-SIZE:14px; FONT-WEIGHT:bold; LETTER-SPACING:-1px; COLOR:#038ed5;WIDTH:600px;}
	.SECTION-3 		{TEXT-ALIGN:LEFT;FONT-FAMILY:돋움;FONT-SIZE:12px; FONT-WEIGHT:bold; LETTER-SPACING:-1px; color:#333333;WIDTH:600px;}
	.SECTION-4 		{TEXT-ALIGN:LEFT;FONT-FAMILY:돋움;FONT-SIZE:12px;color:#0387cb;WIDTH:600px;}


	.PART			{TEXT-ALIGN:LEFT;FONT-FAMILY:궁서;FONT-SIZE:22pt;FONT-WEIGHT:bold;COLOR:#00aaac;WIDTH:600px;}
	.TABLE-GROUP	{TEXT-ALIGN:LEFT;FONT-FAMILY:돋움;FONT-SIZE:12px;FONT-WEIGHT:bold;COLOR:#00aaac;WIDTH:600px;}
	BODY			{FONT-FAMILY:돋움;FONT-SIZE:12px; MARGIN-LEFT:20px;WIDTH:600px;}
	.CORRECTION		{TEXT-ALIGN:LEFT;FONT-FAMILY:돋움;FONT-SIZE:12px;FONT-WEIGHT:bold;COLOR:#00aaac;WIDTH:600px;}
</STYLE>

<P class="SECTION-1">
<a name="#2">주권매매거래정지</a>
</P>

<table cellpadding="1" cellspacing="0" borderColorLight="black" borderColorDark="white" width="608" border="1">

<TR valign="TOP" align="LEFT">
<TD height="24" width="180" align="LEFT" colspan="2" rowspan="1" class="TH">1.대상종목</TD>
<TD height="24" width="251" align="LEFT" colspan="1" rowspan="1">(주)에이비프로바이오</TD>
<TD height="24" width="187" align="LEFT" colspan="1" rowspan="1">보통주</TD>
</TR>
<TR valign="TOP" align="LEFT">
<TD height="24" width="180" align="LEFT" colspan="2" rowspan="1" class="TH">2.정지사유</TD>
<TD height="24" width="428" align="LEFT" colspan="2" rowspan="1">
<pre style="FONT-FAMILY:돋움; FONT-SIZE:12px;white-space:pre-wrap;margin:0px;">자본감소</pre>
</TD>
</TR>
<TR valign="TOP" align="LEFT">
<TD height="48" width="90" align="LEFT" colspan="1" rowspan="2" class="TH">3.정지기간</TD>
<TD height="24" width="90" align="LEFT" colspan="1" rowspan="1" class="TH">가.정지일시</TD>
<TD height="24" width="228" align="LEFT" colspan="1" rowspan="1">2026-01-05</TD>
<TD height="24" width="200" align="LEFT" colspan="1" rowspan="1">16:57:00</TD>
</TR>
<TR valign="TOP" align="LEFT">
<TD height="24" width="90" align="LEFT" colspan="1" rowspan="1" class="TH">나.만료일시</TD>
<TD height="24" width="428" align="LEFT" colspan="2" rowspan="1"><pre style="FONT-FAMILY:돋움; FONT-SIZE:12px;white-space:pre-wrap;margin:0px;">장종료시까지</pre></TD>
</TR>
<TR valign="TOP" align="LEFT">
<TD height="24" width="180" align="LEFT" colspan="2" rowspan="1" class="TH">4.근거규정</TD>
<TD height="24" width="428" align="LEFT" colspan="2" rowspan="1"><pre style="FONT-FAMILY:돋움; FONT-SIZE:12px;white-space:pre-wrap;margin:0px;">코스닥시장공시규정 제37조 및 동규정시행세칙 제18조</pre></TD>
</TR>
<TR valign="TOP" align="LEFT">
<TD height="24" width="180" align="LEFT" colspan="2" rowspan="1" class="TH">5.기타</TD>
<TD height="24" width="428" align="LEFT" colspan="2" rowspan="1"><pre style="FONT-FAMILY:돋움; FONT-SIZE:12px;white-space:pre-wrap;margin:0px;">코스닥시장업무규정시행세칙 제26조의 규정에 의거 매매거래 재개일의 
장개시전 시간외매매는 성립되지 않습니다.</pre></TD>
</TR>
</table>
<P></P>
</body>
</html>