<html>
 <head> 
  <meta content="gdi" http-equiv="X-UA-TextLayoutMetrics"> 
  <meta content="text/html; charset=euc-kr" http-equiv="Content-Type"> 
  <STYLE>
.xforms * { font-family: 돋움체;}
.xforms_title * { font-size: 13pt; padding : 0 0 10 0;}

.xforms table {
    font-size: 10px;
    padding:0px;
    border-collapse:collapse;
    color: #3D3D3D;
}
.xforms td {
    padding-left:0px;
    padding-top:0px;
    border-collapse:collapse;
    line-height:22px;
    color: #3D3D3D;
    /*text-align:right;*/
    vertical-align:middle;
    border: 1px solid #7f7f7f;
}

.xforms span {
    /*display: inline-block;*/
    padding-left:3px;
    padding-right: 1px;
    line-height:22px;
    padding-top:0px;
    padding-bottom:0px;
    text-align:left;
    vertical-align:middle;
    border: 0px solid #DBDBDB;
}

.xforms.img{
    border : 0px;
}

.xforms a:link {

    color: #194866;
    text-decoration: none;
}
.xforms a:active {

    color: #194866;
    text-decoration: none;
}
.xforms a:visited {
    color: #194866;
    text-decoration: none;
}

.xforms A:hover {
    color:008BE3;
    text-decoration: none;
}

.xforms_input{
    border: 0px solid #DBDBDB;
    padding-left:3px;
    padding-right: 1px;
    height:22px;
    padding-top:0px;
    padding-bottom:0px;
    text-align:left;
}
</STYLE> 
  <title>머큐리/자산재평가결과(자율공시)/(2026.01.06)자산재평가결과(자율공시)</title> 
 </head> 
 <body> 
  <div class="xforms"> 
   <div> 
    <span class="noprint" style="display:none;width:600px;font-size:10pt;"> </span> 
    <div class="xforms_title"> 
     <div> 
      <span style="width:592px;font-weight:bold;text-align:center;">자산재평가 결과(자율공시)</span> 
     </div> 
    </div> 
    <span class="noprint" style="display:none;width:600px;font-size:10pt;"> </span> 
    <table border="1" bordercolordark="white" bordercolorlight="#666666" cellpadding="1" cellspacing="0" id="XFormD1_Form0_RepeatTable0" style="margin:0px 0px 20px 0px;width:590px;font-size:10pt;border:1px solid #666666;"> 
     <tbody> 
      <tr> 
       <td width="170"> <span style="width:170px;font-size:10pt;">1. 재평가 목적물</span> </td> 
       <td colspan="4" width="420"> <span class="xforms_input" style="width:420px;font-size:10pt;">토지</span> </td> 
      </tr> 
      <tr> 
       <td width="170"> <span style="width:170px;font-size:10pt;">2. 재평가 대상</span> </td> 
       <td colspan="4" width="420"> <span class="xforms_input" style="width:420px;font-size:10pt;">인천광역시 서구 가좌동 531-6</span> </td> 
      </tr> 
      <tr> 
       <td width="170"> <span style="width:170px;font-size:10pt;">3. 재평가 기준일</span> </td> 
       <td colspan="4" width="420"> <span class="xforms_input" style="width:420px;font-size:10pt;">2025-12-31</span> </td> 
      </tr> 
      <tr> 
       <td width="170"> <span style="width:170px;font-size:10pt;">4. 재평가 내역(단위:원)</span> </td> 
       <td width="104"> <span style="width:104px;font-size:10pt;text-align:center;">재평가 목적물</span> </td> 
       <td width="106"> <span style="width:106px;font-size:10pt;text-align:center;">장부가액</span> </td> 
       <td width="112"> <span style="width:112px;font-size:10pt;text-align:center;">재평가금액</span> </td> 
       <td width="98"> <span style="width:98px;font-size:10pt;text-align:center;">재평가차액</span> </td> 
      </tr> 
      <tr> 
       <td width="170"> <span style="width:170px;font-size:10pt;"> <br xmlns:java="http://xml.apache.org/xalan/java"></span> </td> 
       <td width="104"> <span class="xforms_input" style="width:104px;font-size:10pt;">토지</span> </td> 
       <td width="106"> <span class="xforms_input" style="width:106px;font-size:10pt;text-align:right;">10,005,367,521</span> </td> 
       <td width="112"> <span class="xforms_input" style="width:112px;font-size:10pt;text-align:right;">68,538,393,000</span> </td> 
       <td width="98"> <span class="xforms_input" style="width:98px;font-size:10pt;text-align:right;">58,533,025,479</span> </td> 
      </tr> 
      <tr> 
       <td colspan="2" width="274"> <span style="width:274px;font-size:10pt;text-align:center;">합계</span> </td> 
       <td width="106"> <span class="xforms_input" style="width:106px;font-size:10pt;text-align:right;">10,005,367,521</span> </td> 
       <td width="112"> <span class="xforms_input" style="width:112px;font-size:10pt;text-align:right;">68,538,393,000</span> </td> 
       <td width="98"> <span class="xforms_input" style="width:98px;font-size:10pt;text-align:right;">58,533,025,479</span> </td> 
      </tr> 
      <tr> 
       <td colspan="2" width="274"> <span style="width:274px;font-size:10pt;text-align:center;">자산총액</span> </td> 
       <td colspan="3" width="316"> <span class="xforms_input" style="width:316px;font-size:10pt;text-align:right;">126,734,165,829</span> </td> 
      </tr> 
      <tr> 
       <td colspan="2" width="274"> <span style="width:274px;font-size:10pt;text-align:center;">재평가차액의 자산총액대비 비율(%)</span> </td> 
       <td colspan="3" width="316"> <span class="xforms_input" style="width:316px;font-size:10pt;text-align:right;">46.2</span> </td> 
      </tr> 
      <tr> 
       <td colspan="2" width="274"> <span style="width:274px;font-size:10pt;text-align:center;">대기업여부</span> </td> 
       <td colspan="3" width="316"> <span class="xforms_input" style="width:316px;font-size:10pt;">미해당</span> </td> 
      </tr> 
      <tr> 
       <td width="170"> <span style="width:170px;font-size:10pt;">5. 회계처리 예정내역</span> </td> 
       <td colspan="4" width="420"> <span class="xforms_input" style="width:420px;font-size:10pt;">- 자산 <br xmlns:java="http://xml.apache.org/xalan/java">유형자산(토지)의 증가 : 58,533,025,479원 <br xmlns:java="http://xml.apache.org/xalan/java"> <br xmlns:java="http://xml.apache.org/xalan/java">- 자본 <br xmlns:java="http://xml.apache.org/xalan/java">기타포괄손익누계액(재평가잉여금)의 증가 : 58,533,025,479원</span> </td> 
      </tr> 
      <tr> 
       <td width="170"> <span style="width:170px;font-size:10pt;">6. 평가기관</span> </td> 
       <td colspan="4" width="420"> <span class="xforms_input" style="width:420px;font-size:10pt;">하이테크감정평가법인 주식회사</span> </td> 
      </tr> 
      <tr> 
       <td width="170"> <span style="width:170px;font-size:10pt;">7. 결정(확인)일자</span> </td> 
       <td colspan="4" width="420"> <span class="xforms_input" style="width:420px;font-size:10pt;">2026-01-05</span> </td> 
      </tr> 
      <tr> 
       <td rowspan="2" width="170"> <span style="width:170px;font-size:10pt;">8. 기타 투자판단에 참고할 사항</span> </td> 
       <td colspan="4" width="420"> <span class="xforms_input" style="width:420px;font-size:10pt;">1. 자산재평가 목적 <br xmlns:java="http://xml.apache.org/xalan/java">
         <!--?javax.xml.transform.disable-output-escaping?--> 
         <!--?javax.xml.transform.enable-output-escaping?-->- K-IFRS(한국채택국제회계기준)에 의거 자산의 실질가치 반영 <br xmlns:java="http://xml.apache.org/xalan/java">
         <!--?javax.xml.transform.disable-output-escaping?--> 
         <!--?javax.xml.transform.enable-output-escaping?-->- 자산 및 자본증대효과를 통한 재무구조 개선 <br xmlns:java="http://xml.apache.org/xalan/java"> <br xmlns:java="http://xml.apache.org/xalan/java">2. 상기 4항 장부가액은 토지의 재평가전 2025년 11월 30일    기준가액입니다. <br xmlns:java="http://xml.apache.org/xalan/java"> <br xmlns:java="http://xml.apache.org/xalan/java">3. 상기 4항 자산총액은 2024년 12월 31일 별도재무제표 기준입니다. <br xmlns:java="http://xml.apache.org/xalan/java"> <br xmlns:java="http://xml.apache.org/xalan/java">4. 상기 5항 회계처리 예정내역에 기재한 내용은 외부회계감사 결과에 따라 변경될 수 있습니다. <br xmlns:java="http://xml.apache.org/xalan/java"> <br xmlns:java="http://xml.apache.org/xalan/java">5. 상기 7항 결정(확인)일자는 감정평가서를 수령한 날짜입니다.</span> </td> 
      </tr> 
      <tr> 
       <td width="104"> <span style="width:104px;font-size:10pt;">※관련공시</span> </td> 
       <td colspan="3" width="316"> <span style="width:316px;font-size:10pt;"> <a href="http://kind.krx.co.kr/common/disclsviewer.do?method=search&amp;acptno=20251218000591&amp;rcpno=20251218000591&amp;orgid=K&amp;tran=Y&amp;langTpCd=0" target="_blank" xmlns="http://www.w3.org/1999/xhtml" xmlns:xf="http://www.w3.org/2002/xforms" xmlns:xh="http://www.w3.org/1999/xhtml" xmlns:xsd="http://www.w3.org/2001/XMLSchema">2025-12-18 자산재평가 실시 결정(자율공시)</a> <br xmlns:java="http://xml.apache.org/xalan/java"> </span> </td> 
      </tr> 
     </tbody> 
    </table> 
   </div> 
  </div>  
 </body>
</html>