<?xml version="1.0" encoding="utf-8"?>


<DOCUMENT xmlns:xsi="http://www.w3.org/2001/XMLSchema-instance" xsi:noNamespaceSchemaLocation="dart4.xsd">

<DOCUMENT-NAME ACODE="12010">주식매수선택권 부여에 관한 신고</DOCUMENT-NAME>
<FORMULA-VERSION ADATE="20180119">1.3</FORMULA-VERSION>
<COMPANY-NAME AREGCIK="01335851">주식회사 박셀바이오</COMPANY-NAME>


<BODY ATOCID="3">

<LIBRARY>
<CORRECTION>
<TITLE ATOC="Y" AASSOCNOTE="CORRECTION" ENG="Report of Disclosure Revision" ATOCID="3">정 정 신 고 (보고)</TITLE>

<TABLE ACLASS="NORMAL" AFIXTABLE="Y" WIDTH="600" BORDER="0">

<COLGROUP WIDTH="600">
<COL WIDTH="600"></COL>
</COLGROUP>

<TBODY>

<TR ACOPY="N" ADELETE="N" HEIGHT="30">
<TD WIDTH="591" HEIGHT="23"></TD>
</TR>

<TR ACOPY="N" ADELETE="N" HEIGHT="30">
<TD WIDTH="591" HEIGHT="23" ALIGN="RIGHT">2026년  1월  6일</TD>
</TR>
</TBODY>
</TABLE>
<P USERMARK="F-GL "></P>
<P USERMARK="F-GL "></P>

<TABLE ACLASS="NORMAL" AFIXTABLE="Y" WIDTH="600" BORDER="0">

<COLGROUP WIDTH="600">
<COL WIDTH="165"></COL>
<COL WIDTH="435"></COL>
</COLGROUP>

<TBODY>

<TR ACOPY="N" ADELETE="N" HEIGHT="30">
<TD WIDTH="156" VALIGN="MIDDLE" AUPDATECONT="N" ENG="1. Disclosure document to be revised:" HEIGHT="23">1. 정정대상 공시서류 :</TD>
<TD WIDTH="426" VALIGN="MIDDLE" HEIGHT="23">주식매수선택권 부여에 관한 신고</TD>
</TR>
</TBODY>
</TABLE>
<P USERMARK="F-GL "></P>

<TABLE ACLASS="NORMAL" AFIXTABLE="Y" WIDTH="600" BORDER="0">

<COLGROUP WIDTH="600">
<COL WIDTH="260"></COL>
<COL WIDTH="340"></COL>
</COLGROUP>

<TBODY>

<TR ACOPY="N" ADELETE="N" HEIGHT="30">
<TD WIDTH="251" VALIGN="MIDDLE" AUPDATECONT="N" ENG="2. First submission date of disclosure document to be revised:" HEIGHT="23">2. 정정대상 공시서류의 최초제출일 :</TD>
<TD WIDTH="331" VALIGN="MIDDLE" HEIGHT="23">2022년  2월  7일</TD>
</TR>
</TBODY>
</TABLE>
<P USERMARK="F-GL "></P>

<TABLE ACLASS="NORMAL" AFIXTABLE="Y" WIDTH="600" BORDER="0">

<COLGROUP WIDTH="600">
<COL WIDTH="600"></COL>
</COLGROUP>

<TBODY>

<TR ACOPY="N" ADELETE="N" HEIGHT="30">
<TD WIDTH="591" HEIGHT="23" VALIGN="MIDDLE" AUPDATECONT="N" ENG="3. Revised Information">3. 정정사항</TD>
</TR>
</TBODY>
</TABLE>

<TABLE ACLASS="NORMAL" AFIXTABLE="N" WIDTH="605" BORDER="1">

<COLGROUP WIDTH="605">
<COL WIDTH="233"></COL>
<COL WIDTH="225"></COL>
<COL WIDTH="74"></COL>
<COL WIDTH="73"></COL>
</COLGROUP>

<THEAD>

<TR ACOPY="N" ADELETE="N" HEIGHT="30">
<TH WIDTH="224" HEIGHT="23" VALIGN="MIDDLE" ACOPYCOL="N" ADELETECOL="N" AMOVECOL="N" AUPDATECONT="N" ENG="Items">항  목</TH>
<TH WIDTH="216" HEIGHT="23" VALIGN="MIDDLE" ACOPYCOL="N" ADELETECOL="N" AMOVECOL="N" AUPDATECONT="N" ENG="Reason for revision">정정사유</TH>
<TH WIDTH="65" HEIGHT="23" VALIGN="MIDDLE" ACOPYCOL="N" ADELETECOL="N" AMOVECOL="N" AUPDATECONT="N" ENG="Before revision">정 정 전</TH>
<TH WIDTH="64" HEIGHT="23" VALIGN="MIDDLE" ACOPYCOL="N" ADELETECOL="N" AMOVECOL="N" AUPDATECONT="N" ENG="After revision">정 정 후</TH>
</TR>
</THEAD>

<TBODY>

<TR ACOPY="Y" ADELETE="Y" HEIGHT="30">
<TD WIDTH="224" HEIGHT="23" VALIGN="MIDDLE">1. 부여대상자 (명)</TD>
<TD WIDTH="216" HEIGHT="136" ROWSPAN="4" ALIGN="CENTER" VALIGN="MIDDLE">부여대상자의 행사기간 개시일 이후 미행사 주식의 기간 경과로 인한 취소</TD>
<TD WIDTH="65" HEIGHT="23" ALIGN="CENTER" VALIGN="MIDDLE">1</TD>
<TD WIDTH="64" HEIGHT="23" ALIGN="CENTER" VALIGN="MIDDLE">-</TD>
</TR>

<TR ACOPY="Y" ADELETE="Y" HEIGHT="30">
<TD WIDTH="224" HEIGHT="23" VALIGN="MIDDLE">2. 당해부여 주식 (주)</TD>
<TD WIDTH="65" HEIGHT="23" ALIGN="CENTER" VALIGN="MIDDLE">4,500</TD>
<TD WIDTH="64" HEIGHT="23" ALIGN="CENTER" VALIGN="MIDDLE">-</TD>
</TR>

<TR ACOPY="Y" ADELETE="Y" HEIGHT="30">
<TD WIDTH="224" HEIGHT="23" VALIGN="MIDDLE">8. 당해부여 후 총부여 현황 (주)</TD>
<TD WIDTH="65" HEIGHT="23" ALIGN="CENTER" VALIGN="MIDDLE">10,500</TD>
<TD WIDTH="64" HEIGHT="23" ALIGN="CENTER" VALIGN="MIDDLE">8,037</TD>
</TR>

<TR ACOPY="Y" ADELETE="Y" HEIGHT="53">
<TD WIDTH="224" HEIGHT="46" VALIGN="MIDDLE">10. 기타투자판단에 참고할 사항 [대상자별 부여내역]</TD>
<TD WIDTH="65" HEIGHT="46" ALIGN="CENTER" VALIGN="MIDDLE">주1</TD>
<TD WIDTH="64" HEIGHT="46" ALIGN="CENTER" VALIGN="MIDDLE">주2</TD>
</TR>
</TBODY>
</TABLE>
<P USERMARK="F-GL ">주1 ) 정정 전</P>

<TABLE WIDTH="600" ACLASS="NORMAL" AFIXTABLE="N" BORDER="0">

<COLGROUP WIDTH="600">
<COL WIDTH="273"></COL>
<COL WIDTH="327"></COL>
</COLGROUP>

<TBODY>

<TR ACOPY="Y" ADELETE="Y" HEIGHT="30">
<TD WIDTH="264" HEIGHT="23">[ 대상자별 부여내역 ]</TD>
<TD WIDTH="318" HEIGHT="23"></TD>
</TR>
</TBODY>
</TABLE>

<TABLE WIDTH="600" ACLASS="NORMAL" AFIXTABLE="N" BORDER="1">

<COLGROUP WIDTH="600">
<COL WIDTH="139"></COL>
<COL WIDTH="88"></COL>
<COL WIDTH="91"></COL>
<COL WIDTH="95"></COL>
<COL WIDTH="105"></COL>
<COL WIDTH="82"></COL>
</COLGROUP>

<THEAD>

<TR ACOPY="Y" ADELETE="Y" HEIGHT="30">
<TH ROWSPAN="2" WIDTH="130" USERMARK="BC0XDCDCDC" VALIGN="MIDDLE" ACOPYCOL="Y" ADELETECOL="Y" AMOVECOL="N" HEIGHT="53">부여대상자명</TH>
<TH ROWSPAN="2" WIDTH="79" USERMARK="BC0XDCDCDC" VALIGN="MIDDLE" ACOPYCOL="Y" ADELETECOL="Y" AMOVECOL="N" HEIGHT="53">관 계</TH>
<TH COLSPAN="2" WIDTH="177" USERMARK="BC0XDCDCDC" VALIGN="MIDDLE" ACOPYCOL="Y" ADELETECOL="Y" AMOVECOL="N" HEIGHT="23">부여주식 (주)</TH>
<TH ROWSPAN="2" WIDTH="96" USERMARK="BC0XDCDCDC" VALIGN="MIDDLE" ACOPYCOL="Y" ADELETECOL="Y" AMOVECOL="N" HEIGHT="53">공정가치</TH>
<TH ROWSPAN="2" WIDTH="73" USERMARK="BC0XDCDCDC" VALIGN="MIDDLE" ACOPYCOL="Y" ADELETECOL="Y" AMOVECOL="N" HEIGHT="53">비 고</TH>
</TR>

<TR ACOPY="Y" ADELETE="Y" HEIGHT="30">
<TH USERMARK="BC0XDCDCDC" VALIGN="MIDDLE" ACOPYCOL="Y" ADELETECOL="Y" AMOVECOL="N" WIDTH="82" HEIGHT="23">보통주식</TH>
<TH USERMARK="BC0XDCDCDC" VALIGN="MIDDLE" ACOPYCOL="Y" ADELETECOL="Y" AMOVECOL="N" WIDTH="86" HEIGHT="23">기타주식</TH>
</TR>
</THEAD>

<TBODY>

<TR ACOPY="Y" ADELETE="Y" HEIGHT="30">
<TD ALIGN="CENTER" VALIGN="MIDDLE" WIDTH="130" HEIGHT="23">하선아</TD>
<TD ALIGN="CENTER" VALIGN="MIDDLE" WIDTH="79" HEIGHT="23">직원</TD>
<TD ALIGN="RIGHT" VALIGN="MIDDLE" WIDTH="82" HEIGHT="23">4,500</TD>
<TD ALIGN="RIGHT" VALIGN="MIDDLE" WIDTH="86" HEIGHT="23">-</TD>
<TD ALIGN="RIGHT" VALIGN="MIDDLE" WIDTH="96" HEIGHT="23">18,501</TD>
<TD ALIGN="CENTER" VALIGN="MIDDLE" WIDTH="73" HEIGHT="23">-</TD>
</TR>
</TBODY>
</TABLE>

<P>
<SPAN USERMARK="F-GL ">주2 ) 정정 후</SPAN>
</P>

<TABLE WIDTH="600" ACLASS="NORMAL" AFIXTABLE="N" BORDER="0">

<COLGROUP WIDTH="600">
<COL WIDTH="273"></COL>
<COL WIDTH="327"></COL>
</COLGROUP>

<TBODY>

<TR ACOPY="Y" ADELETE="Y" HEIGHT="30">
<TD WIDTH="264" HEIGHT="23">[ 대상자별 부여내역 ]</TD>
<TD WIDTH="318" HEIGHT="23"></TD>
</TR>
</TBODY>
</TABLE>

<TABLE WIDTH="600" ACLASS="NORMAL" AFIXTABLE="N" BORDER="1">

<COLGROUP WIDTH="600">
<COL WIDTH="139"></COL>
<COL WIDTH="88"></COL>
<COL WIDTH="91"></COL>
<COL WIDTH="95"></COL>
<COL WIDTH="105"></COL>
<COL WIDTH="82"></COL>
</COLGROUP>

<THEAD>

<TR ACOPY="Y" ADELETE="Y" HEIGHT="30">
<TH VALIGN="MIDDLE" USERMARK="BC0XDCDCDC" ROWSPAN="2" WIDTH="130" ACOPYCOL="Y" ADELETECOL="Y" AMOVECOL="N" HEIGHT="53">부여대상자명</TH>
<TH VALIGN="MIDDLE" USERMARK="BC0XDCDCDC" ROWSPAN="2" WIDTH="79" ACOPYCOL="Y" ADELETECOL="Y" AMOVECOL="N" HEIGHT="53">관 계</TH>
<TH VALIGN="MIDDLE" USERMARK="BC0XDCDCDC" COLSPAN="2" WIDTH="177" ACOPYCOL="Y" ADELETECOL="Y" AMOVECOL="N" HEIGHT="23">부여주식 (주)</TH>
<TH VALIGN="MIDDLE" USERMARK="BC0XDCDCDC" ROWSPAN="2" WIDTH="96" ACOPYCOL="Y" ADELETECOL="Y" AMOVECOL="N" HEIGHT="53">공정가치</TH>
<TH VALIGN="MIDDLE" USERMARK="BC0XDCDCDC" ROWSPAN="2" WIDTH="73" ACOPYCOL="Y" ADELETECOL="Y" AMOVECOL="N" HEIGHT="53">비 고</TH>
</TR>

<TR ACOPY="Y" ADELETE="Y" HEIGHT="30">
<TH VALIGN="MIDDLE" USERMARK="BC0XDCDCDC" ACOPYCOL="Y" ADELETECOL="Y" AMOVECOL="N" WIDTH="82" HEIGHT="23">보통주식</TH>
<TH VALIGN="MIDDLE" USERMARK="BC0XDCDCDC" ACOPYCOL="Y" ADELETECOL="Y" AMOVECOL="N" WIDTH="86" HEIGHT="23">기타주식</TH>
</TR>
</THEAD>

<TBODY>

<TR ACOPY="Y" ADELETE="Y" HEIGHT="30">
<TD ALIGN="CENTER" VALIGN="MIDDLE" WIDTH="130" HEIGHT="23">-</TD>
<TD ALIGN="CENTER" VALIGN="MIDDLE" WIDTH="79" HEIGHT="23">-</TD>
<TD ALIGN="RIGHT" VALIGN="MIDDLE" WIDTH="82" HEIGHT="23">-</TD>
<TD ALIGN="RIGHT" VALIGN="MIDDLE" WIDTH="86" HEIGHT="23">-</TD>
<TD ALIGN="RIGHT" VALIGN="MIDDLE" WIDTH="96" HEIGHT="23">-</TD>
<TD ALIGN="CENTER" VALIGN="MIDDLE" WIDTH="73" HEIGHT="23">-</TD>
</TR>
</TBODY>
</TABLE>
<PGBRK></PGBRK>
</CORRECTION>
</LIBRARY>


<COVER>
<COVER-TITLE ATOC="Y" AASSOCNOTE="COVER" ATOCID="1" ENG="Report on the Grant of Stock Options">주식매수선택권 부여에 관한 신고</COVER-TITLE>

<TABLE ACLASS="NORMAL" AFIXTABLE="Y" WIDTH="600" BORDER="0">

<COLGROUP WIDTH="600">
<COL WIDTH="131"></COL>
<COL WIDTH="204"></COL>
<COL WIDTH="265"></COL>
</COLGROUP>

<TBODY>

<TR ACOPY="Y" ADELETE="Y" HEIGHT="30">
<TD COLSPAN="3" WIDTH="591" HEIGHT="23"></TD>
</TR>

<TR ACOPY="Y" ADELETE="Y" HEIGHT="30">
<TD COLSPAN="3" WIDTH="591" HEIGHT="23">금융위원회/한국거래소 귀중</TD>
</TR>

<TR ACOPY="Y" ADELETE="Y" HEIGHT="30">
<TD COLSPAN="3" ALIGN="RIGHT" VALIGN="MIDDLE" WIDTH="591" HEIGHT="23">2022 년    2월   7일</TD>
</TR>

<TR ACOPY="Y" ADELETE="Y" HEIGHT="53">
<TD COLSPAN="3" WIDTH="591" HEIGHT="46"></TD>
</TR>

<TR ACOPY="Y" ADELETE="Y" HEIGHT="30">
<TD WIDTH="122" HEIGHT="23">회   사   명 :</TD>
<TD COLSPAN="2" WIDTH="460" HEIGHT="23"> 주식회사 박셀바이오</TD>
</TR>

<TR ACOPY="Y" ADELETE="Y" HEIGHT="30">
<TD WIDTH="122" HEIGHT="23">대 표 이 사 :</TD>
<TD COLSPAN="2" WIDTH="460" HEIGHT="23"> 이 제 중</TD>
</TR>

<TR ACOPY="Y" ADELETE="Y" HEIGHT="30">
<TD WIDTH="122" HEIGHT="23">본 점 소 재 지 :</TD>
<TD COLSPAN="2" WIDTH="460" HEIGHT="23"> 전라남도 화순군 화순읍 산단길 98-1</TD>
</TR>

<TR ACOPY="Y" ADELETE="Y" HEIGHT="30">
<TD WIDTH="122" HEIGHT="23"></TD>
<TD COLSPAN="2" WIDTH="460" HEIGHT="23">(전   화) 061-373-0046</TD>
</TR>

<TR ACOPY="Y" ADELETE="Y" HEIGHT="30">
<TD WIDTH="122" HEIGHT="23"></TD>
<TD COLSPAN="2" WIDTH="460" HEIGHT="23">(홈페이지) http://www.vaxcell-bio.com</TD>
</TR>

<TR ACOPY="Y" ADELETE="Y" HEIGHT="53">
<TD COLSPAN="3" WIDTH="591" HEIGHT="46"></TD>
</TR>

<TR ACOPY="Y" ADELETE="Y" HEIGHT="30">
<TD WIDTH="122" HEIGHT="23">작 성  책 임 자 :</TD>
<TD WIDTH="195" HEIGHT="23">(직  책) 경영부문장</TD>
<TD WIDTH="256" HEIGHT="23">(성  명) 정 성 창</TD>
</TR>

<TR ACOPY="Y" ADELETE="Y" HEIGHT="30">
<TD WIDTH="122" HEIGHT="23"></TD>
<TD COLSPAN="2" WIDTH="460" HEIGHT="23">(전  화) 061-376-0046</TD>
</TR>

<TR ACOPY="Y" ADELETE="Y" HEIGHT="30">
<TD COLSPAN="3" WIDTH="591" HEIGHT="23"></TD>
</TR>
</TBODY>
</TABLE>
<P USERMARK="F-GL "></P>
<PGBRK></PGBRK>
</COVER>

<SECTION-1 ACLASS="MANDATORY" APARTSOURCE="SOURCE">
<TITLE ATOC="Y" AASSOCNOTE="D-0-1-0-0" ATOCID="2" ENG="Grant of Stock Options">주식매수선택권 부여</TITLE>
<P USERMARK="F-GL "></P>

<TABLE-GROUP ACLASS="TBL1" ADELETETABLE="N">

<TABLE ACLASS="EXTRACTION" AFIXTABLE="Y" WIDTH="599" BORDER="1">

<COLGROUP WIDTH="599">
<COL WIDTH="75"></COL>
<COL WIDTH="91"></COL>
<COL WIDTH="174"></COL>
<COL WIDTH="259"></COL>
</COLGROUP>

<TBODY>

<TR ACOPY="Y" ADELETE="Y" HEIGHT="53">
<TD ROWSPAN="2" COLSPAN="2" VALIGN="MIDDLE" WIDTH="157" HEIGHT="99" AUPDATECONT="N" ENG="1. Number of recipients (persons)">1. 부여대상자(명)</TD>
<TD ALIGN="CENTER" VALIGN="MIDDLE" WIDTH="165" HEIGHT="46" AUPDATECONT="N" ENG="Director, auditor or employee of the listed company">해당 상장회사의 이사ㆍ감사 또는 피용자</TD>
<TE ALIGN="RIGHT" VALIGN="MIDDLE" WIDTH="250" HEIGHT="46" ACODE="TRG_CNT_01">0</TE>
</TR>

<TR ACOPY="Y" ADELETE="Y" HEIGHT="53">
<TD ALIGN="CENTER" VALIGN="MIDDLE" WIDTH="165" HEIGHT="46" AUPDATECONT="N" ENG="Director, auditor or employee of a related company">관계회사의 이사ㆍ감사 또는 피용자</TD>
<TE ALIGN="RIGHT" VALIGN="MIDDLE" WIDTH="250" HEIGHT="46" ACODE="TRG_CNT_02">-</TE>
</TR>

<TR ACOPY="Y" ADELETE="Y" HEIGHT="30">
<TD ROWSPAN="2" COLSPAN="2" VALIGN="MIDDLE" WIDTH="157" HEIGHT="53" AUPDATECONT="N" ENG="2. Number of shares granted (shrs.)">2. 당해부여 주식 (주)</TD>
<TD ALIGN="CENTER" VALIGN="MIDDLE" WIDTH="165" HEIGHT="23" AUPDATECONT="N" ENG="Common stock">보통주식</TD>
<TE ALIGN="RIGHT" VALIGN="MIDDLE" WIDTH="250" HEIGHT="23" ACODE="CST_GV_CNT">-</TE>
</TR>

<TR ACOPY="Y" ADELETE="Y" HEIGHT="30">
<TD ALIGN="CENTER" VALIGN="MIDDLE" WIDTH="165" HEIGHT="23" AUPDATECONT="N" ENG="Different classes of stocks">기타주식</TD>
<TE ALIGN="RIGHT" VALIGN="MIDDLE" WIDTH="250" HEIGHT="23" ACODE="PST_GV_CNT">-</TE>
</TR>

<TR ACOPY="Y" ADELETE="Y" HEIGHT="30">
<TD ROWSPAN="4" VALIGN="MIDDLE" WIDTH="66" HEIGHT="113" AUPDATECONT="N" ENG="3. Exercise conditions">3. 행사   조건</TD>
<TD ROWSPAN="2" ALIGN="CENTER" VALIGN="MIDDLE" WIDTH="82" HEIGHT="53" AUPDATECONT="N" ENG="Exercise period">행사기간</TD>
<TD ALIGN="CENTER" VALIGN="MIDDLE" WIDTH="165" HEIGHT="23" AUPDATECONT="N" ENG="Start date">시작일</TD>
<TU ALIGN="CENTER" VALIGN="MIDDLE" WIDTH="250" HEIGHT="23" AUNIT="EXE_BSN_DT" AUNITVALUE="20240207">2024년 02월 07일</TU>
</TR>

<TR ACOPY="Y" ADELETE="Y" HEIGHT="30">
<TD ALIGN="CENTER" VALIGN="MIDDLE" WIDTH="165" HEIGHT="23" AUPDATECONT="N" ENG="End date">종료일</TD>
<TU ALIGN="CENTER" VALIGN="MIDDLE" WIDTH="250" HEIGHT="23" AUNIT="EXE_END_DT" AUNITVALUE="20290206">2029년 02월 06일</TU>
</TR>

<TR ACOPY="Y" ADELETE="Y" HEIGHT="30">
<TD ROWSPAN="2" ALIGN="CENTER" VALIGN="MIDDLE" WIDTH="82" HEIGHT="53" AUPDATECONT="N" ENG="Exercise price (KRW)">행사가격 (원)</TD>
<TD ALIGN="CENTER" VALIGN="MIDDLE" WIDTH="165" HEIGHT="23" AUPDATECONT="N" ENG="Common stock">보통주식</TD>
<TE ALIGN="RIGHT" VALIGN="MIDDLE" WIDTH="250" HEIGHT="23" ACODE="CST_EXE_PRC">30,877</TE>
</TR>

<TR ACOPY="Y" ADELETE="Y" HEIGHT="30">
<TD ALIGN="CENTER" VALIGN="MIDDLE" WIDTH="165" HEIGHT="23" AUPDATECONT="N" ENG="Different classes of stocks">기타주식</TD>
<TE ALIGN="RIGHT" VALIGN="MIDDLE" WIDTH="250" HEIGHT="23" ACODE="PST_EXE_PRC">-</TE>
</TR>

<TR ACOPY="Y" ADELETE="Y" HEIGHT="30">
<TD COLSPAN="3" VALIGN="MIDDLE" WIDTH="331" HEIGHT="23" AUPDATECONT="N" ENG="4. Grant method">4. 부여방법</TD>
<TU ALIGN="CENTER" VALIGN="MIDDLE" WIDTH="250" HEIGHT="23" AUNIT="SOPT_MTH2" AUNITVALUE="100">신주교부</TU>
</TR>

<TR ACOPY="Y" ADELETE="Y" HEIGHT="30">
<TD COLSPAN="3" VALIGN="MIDDLE" WIDTH="331" HEIGHT="23" AUPDATECONT="N" ENG="5. Grant resolution body">5. 부여결의 기관</TD>
<TE VALIGN="MIDDLE" WIDTH="250" HEIGHT="23" ACODE="GRT_ORG" ALIGN="CENTER">이사회</TE>
</TR>

<TR ACOPY="Y" ADELETE="Y" HEIGHT="30">
<TD COLSPAN="3" VALIGN="MIDDLE" WIDTH="331" HEIGHT="23" AUPDATECONT="N" ENG="6. Grant date">6. 부여일자</TD>
<TU ALIGN="CENTER" VALIGN="MIDDLE" WIDTH="250" HEIGHT="23" AUNIT="GV_DT" AUNITVALUE="20220207">2022년 02월 07일</TU>
</TR>

<TR ACOPY="Y" ADELETE="Y" HEIGHT="30">
<TD COLSPAN="3" VALIGN="MIDDLE" WIDTH="331" HEIGHT="23" AUPDATECONT="N" ENG="7. Basis for grant">7. 부여근거</TD>
<TE VALIGN="MIDDLE" WIDTH="250" HEIGHT="23" ACODE="GRT_BS" ALIGN="CENTER">정관 제11조 주식매수선택권</TE>
</TR>

<TR ACOPY="Y" ADELETE="Y" HEIGHT="30">
<TD ROWSPAN="2" COLSPAN="2" VALIGN="MIDDLE" WIDTH="157" HEIGHT="53" AUPDATECONT="N" ENG="8. Total grant after current grant (shrs.)">8. 당해부여 후    총부여  현황 (주)</TD>
<TD ALIGN="CENTER" VALIGN="MIDDLE" WIDTH="165" HEIGHT="23" AUPDATECONT="N" ENG="Common stock">보통주식</TD>
<TE ALIGN="RIGHT" VALIGN="MIDDLE" WIDTH="250" HEIGHT="23" ACODE="TOT_CST_GV_CNT">8,037</TE>
</TR>

<TR ACOPY="Y" ADELETE="Y" HEIGHT="30">
<TD ALIGN="CENTER" VALIGN="MIDDLE" WIDTH="165" HEIGHT="23" AUPDATECONT="N" ENG="Different classes of stocks">기타주식</TD>
<TE ALIGN="RIGHT" VALIGN="MIDDLE" WIDTH="250" HEIGHT="23" ACODE="TOT_PST_GV_CNT">-</TE>
</TR>

<TR ACOPY="Y" ADELETE="Y" HEIGHT="30">
<TD COLSPAN="3" VALIGN="MIDDLE" WIDTH="331" HEIGHT="23" AUPDATECONT="N" ENG="9. Board resolution date (If board resolution is granted)">9. 이사회 결의일(이사회결의로 부여한 경우)</TD>
<TU VALIGN="MIDDLE" WIDTH="250" HEIGHT="23" AUNIT="DRC_DT" ALIGN="CENTER" AUNITVALUE="20220207">2022년 02월 07일</TU>
</TR>

<TR ACOPY="Y" ADELETE="Y" HEIGHT="30">
<TD ROWSPAN="2" COLSPAN="2" VALIGN="MIDDLE" WIDTH="157" HEIGHT="53" AUPDATECONT="N" ENG="- Attendance of outside directors"> - 사외이사참석여부</TD>
<TD ALIGN="CENTER" VALIGN="MIDDLE" WIDTH="165" HEIGHT="23" AUPDATECONT="N" ENG="Present (No.)">참석 (명)</TD>
<TE ALIGN="RIGHT" VALIGN="MIDDLE" WIDTH="250" HEIGHT="23" ACODE="ATD_CNT">1</TE>
</TR>

<TR ACOPY="Y" ADELETE="Y" HEIGHT="30">
<TD ALIGN="CENTER" VALIGN="MIDDLE" WIDTH="165" HEIGHT="23" AUPDATECONT="N" ENG="Absent (No.)">불참 (명)</TD>
<TE ALIGN="RIGHT" VALIGN="MIDDLE" WIDTH="250" HEIGHT="23" ACODE="NATD_CNT">-</TE>
</TR>

<TR ACOPY="Y" ADELETE="Y" HEIGHT="30">
<TD COLSPAN="3" VALIGN="MIDDLE" WIDTH="331" HEIGHT="23" AUPDATECONT="N" ENG="- Attendance of auditors (members of Audit Committee)"> - 감사(감사위원)참석여부</TD>
<TU VALIGN="MIDDLE" WIDTH="250" HEIGHT="23" AUNIT="ADT_ATD_YN" ALIGN="CENTER" AUNITVALUE="Y">참석</TU>
</TR>
</TBODY>
</TABLE>
</TABLE-GROUP>
<P USERMARK="F-GL11 ">10. 기타 투자판단에 참고할 사항</P>
<P USERMARK="F-GL11 ">* 상기 당해부여 후 총부여 현황은 해당 부여일 시점의 총 부여현황이며, 정정공시 제출일 현재 총 부여주식수는 84,328 입니다. </P>
<P USERMARK="F-GL11 ">(1) 부여근거상법 제340조의2(주식매수선택권), 제542조의3(주식매수선택권) 및 당사 정관 제11조(주식매수선택권)에 의거하여  2022년 02월 07일 소집된 이사회에서 부여. 이후 처음으로 소집되는 주주총회에서 승인받을 예정임.(2) 행사가격주식매수선택권의 부여일을 기준으로 자본시장과금융투자업에 관한 법률 시행령 제176조의7제3항 규정을 준용하여 평가한 시가 이상으로 하여 결정한 가액(부여일 전일부터 과거2개월, 과거1개월, 과거1주간의 각 거래량 가중산술평균가격의 산술평균가격과 주식의 권면가액 중 높은 가액)(3) 기타 세부사항은 주식매수선택권과 관련한 제반 법규 및 당사정관, 주식매수선택권 부여 계약서 등에서 정하는 바에 따르며 계약 체결에 관한 일체의 권한은 대표이사에게 위임함.. </P>
<P USERMARK="F-GL11 ">(4) 공정가치 산정방법 및 주요가정1) 산정방법: 공정가액접근법 (옵션가격 결정모형 중 Black-Scholes Model 적용)</P>
<P USERMARK="F-GL11 ">2) 공정가치 산정- 권리부여일의 전일의 주가 : 35,900원 (2022년 2월 4일 종가)- 행사가격 : 42,274원- 무위험이자율 : 2.25% (부여일 전일 7년만기 국고채 수익률)- 기대행사기간 : 7년- 예상주가변동성 : 52.52%- 상기 내용은 회계감사 의견에 따라 수정될 수 있습니다.</P>
<P USERMARK="F-GL "></P>

<TABLE-GROUP ACLASS="TBL2" ADELETETABLE="N">

<TABLE ACLASS="NORMAL" AFIXTABLE="Y" WIDTH="600" BORDER="0">

<COLGROUP WIDTH="600">
<COL WIDTH="273"></COL>
<COL WIDTH="327"></COL>
</COLGROUP>

<TBODY>

<TR ACOPY="Y" ADELETE="Y" HEIGHT="30">
<TD WIDTH="264" AUPDATECONT="N" ENG="[ Details of Grant per Recipient ]" HEIGHT="23">[ 대상자별 부여내역 ]</TD>
<TD WIDTH="318" HEIGHT="23"></TD>
</TR>
</TBODY>
</TABLE>

<TABLE ACLASS="EXTRACTION" AFIXTABLE="N" WIDTH="600" BORDER="1">

<COLGROUP WIDTH="600">
<COL WIDTH="139"></COL>
<COL WIDTH="88"></COL>
<COL WIDTH="91"></COL>
<COL WIDTH="95"></COL>
<COL WIDTH="105"></COL>
<COL WIDTH="82"></COL>
</COLGROUP>

<THEAD>

<TR ACOPY="N" ADELETE="N" HEIGHT="30">
<TH ROWSPAN="2" VALIGN="MIDDLE" WIDTH="130" ACOPYCOL="N" ADELETECOL="N" AMOVECOL="N" AUPDATECONT="N" HEIGHT="53" ENG="Name of recipient">부여대상자명</TH>
<TH ROWSPAN="2" VALIGN="MIDDLE" WIDTH="79" ACOPYCOL="N" ADELETECOL="N" AMOVECOL="N" AUPDATECONT="N" HEIGHT="53" ENG="Relationship">관 계</TH>
<TH COLSPAN="2" VALIGN="MIDDLE" WIDTH="177" ACOPYCOL="N" ADELETECOL="N" AMOVECOL="N" AUPDATECONT="N" HEIGHT="23" ENG="Stock granted (shrs.)">부여주식 (주)</TH>
<TH ROWSPAN="2" VALIGN="MIDDLE" WIDTH="96" ACOPYCOL="N" ADELETECOL="N" AMOVECOL="N" AUPDATECONT="N" HEIGHT="53" ENG="Fair value">공정가치</TH>
<TH ROWSPAN="2" VALIGN="MIDDLE" WIDTH="73" ACOPYCOL="N" ADELETECOL="N" AMOVECOL="N" AUPDATECONT="N" HEIGHT="53" ENG="Note">비 고</TH>
</TR>

<TR ACOPY="N" ADELETE="N" HEIGHT="30">
<TH VALIGN="MIDDLE" ACOPYCOL="N" ADELETECOL="N" AMOVECOL="N" AUPDATECONT="N" WIDTH="82" HEIGHT="23" ENG="Common stock">보통주식</TH>
<TH VALIGN="MIDDLE" ACOPYCOL="N" ADELETECOL="N" AMOVECOL="N" AUPDATECONT="N" WIDTH="86" HEIGHT="23" ENG="Different classes of stocks">기타주식</TH>
</TR>
</THEAD>

<TBODY>

<TR ACOPY="Y" ADELETE="N" HEIGHT="30">
<TE ALIGN="CENTER" ACODE="GV_TRG_NM" VALIGN="MIDDLE" WIDTH="130" HEIGHT="23">-</TE>
<TE ALIGN="CENTER" ACODE="GVRLT" VALIGN="MIDDLE" WIDTH="79" HEIGHT="23">-</TE>
<TE ALIGN="RIGHT" ACODE="CST_GV_CNT" VALIGN="MIDDLE" WIDTH="82" HEIGHT="23">-</TE>
<TE ALIGN="RIGHT" ACODE="PST_GV_CNT" VALIGN="MIDDLE" WIDTH="86" HEIGHT="23">-</TE>
<TE ALIGN="RIGHT" ACODE="OFF_PRC" VALIGN="MIDDLE" WIDTH="96" HEIGHT="23">-</TE>
<TE ALIGN="CENTER" ACODE="GV_RMK" VALIGN="MIDDLE" WIDTH="73" HEIGHT="23">-</TE>
</TR>
</TBODY>
</TABLE>
</TABLE-GROUP>
<P USERMARK="F-GL "></P>
<P USERMARK="F-GL ">※ 기타주식에 관한 사항</P>

<TABLE-GROUP ACLASS="STO_ETC" ADELETETABLE="N">

<TABLE ACLASS="EXTRACTION" AFIXTABLE="Y" WIDTH="600" BORDER="1">

<COLGROUP WIDTH="600">
<COL WIDTH="235"></COL>
<COL WIDTH="365"></COL>
</COLGROUP>

<TBODY>

<TR ACOPY="N" ADELETE="N" HEIGHT="30">
<TD WIDTH="226" HEIGHT="23" AUPDATECONT="N" ENG="Basis in articles of incorporation">정관의 근거</TD>
<TE WIDTH="356" HEIGHT="23" VALIGN="MIDDLE" ACODE="AOI_BAS" ALIGN="CENTER">-</TE>
</TR>

<TR ACOPY="N" ADELETE="N" HEIGHT="30">
<TD WIDTH="226" HEIGHT="23" AUPDATECONT="N" ENG="Details of stocks">주식의 내용</TD>
<TE WIDTH="356" HEIGHT="23" VALIGN="MIDDLE" ACODE="STO_CNT" ALIGN="CENTER">-</TE>
</TR>

<TR ACOPY="N" ADELETE="N" HEIGHT="30">
<TD WIDTH="226" HEIGHT="23" AUPDATECONT="N" ENG="Others">기타</TD>
<TE WIDTH="356" HEIGHT="23" VALIGN="MIDDLE" ACODE="ETC_CNT" ALIGN="CENTER">-</TE>
</TR>
</TBODY>
</TABLE>
</TABLE-GROUP>
</SECTION-1>
</BODY>
</DOCUMENT>