<?xml version="1.0" encoding="utf-8"?>


<DOCUMENT xmlns:xsi="http://www.w3.org/2001/XMLSchema-instance" xsi:noNamespaceSchemaLocation="dart4.xsd">

<DOCUMENT-NAME ACODE="10611">투자설명서(집합투자증권)</DOCUMENT-NAME>
<FORMULA-VERSION ADATE="20231020">6.0</FORMULA-VERSION>
<COMPANY-NAME AREGCIK="00453804">NH-Amundi자산운용(주)</COMPANY-NAME>


<BODY ATOCID="3">

<LIBRARY>
<CORRECTION>
<TITLE ATOC="Y" AASSOCNOTE="CORRECTION" ATOCID="1" ENG="Report of Disclosure Revision">정 정 신 고 (보고)</TITLE>

<TABLE ACLASS="NORMAL" AFIXTABLE="N" WIDTH="600" BORDER="0">

<COLGROUP WIDTH="600">
<COL WIDTH="600"></COL>
</COLGROUP>

<TBODY>

<TR ACOPY="Y" ADELETE="Y" HEIGHT="30">
<TD WIDTH="591" HEIGHT="23"></TD>
</TR>

<TR ACOPY="Y" ADELETE="Y" HEIGHT="30">
<TD ALIGN="RIGHT" WIDTH="591" HEIGHT="23">2026년 1월 6일</TD>
</TR>
</TBODY>
</TABLE>
<P></P>
<P USERMARK="F-14 ">1. 정정대상 공시서류 : 투자설명서</P>
<P USERMARK="F-14 "></P>
<P USERMARK="F-14 ">2. 정정대상 공시서류의 최초제출일 : 2017년 10월 30일</P>
<P></P>
<P USERMARK="F-14 ">3. 정정요구ㆍ명령 관련 여부 : 아니오</P>
<P USERMARK="F-14 ">4. 정정사유 : </P>
<P USERMARK="A-L">- 투자신탁 결산으로 인한 재무제표 및 운용실적 등 갱신</P>
<P USERMARK="A-L">- 변동성(최대손실예상액) 변경사항 반영 (19.85% → 16.65%, 4등급 유지)</P>
<P USERMARK="F-14 "></P>
<P USERMARK="F-14 ">5. 정정사항</P>

<TABLE WIDTH="690" ACLASS="NORMAL" AFIXTABLE="N" BORDER="1">

<COLGROUP WIDTH="690">
<COL WIDTH="132"></COL>
<COL WIDTH="274"></COL>
<COL WIDTH="284"></COL>
</COLGROUP>

<TBODY>

<TR ACOPY="Y" ADELETE="Y" HEIGHT="30">
<TD WIDTH="123" ALIGN="CENTER" VALIGN="MIDDLE" HEIGHT="23">구분</TD>
<TD WIDTH="265" ALIGN="CENTER" VALIGN="MIDDLE" HEIGHT="23">변경전</TD>
<TD WIDTH="275" ALIGN="CENTER" VALIGN="MIDDLE" HEIGHT="23">변경후</TD>
</TR>

<TR ACOPY="Y" ADELETE="Y" HEIGHT="99">

<TD WIDTH="123" HEIGHT="92">
<P USERMARK="A-L"><요약정보></P>
<P USERMARK="A-L">투자비용</P>
<P USERMARK="A-L">투자실적추이</P>
<P USERMARK="A-L">운용전문인력</P>
</TD>
<TD WIDTH="265" ALIGN="JUSTIFY" HEIGHT="92">-</TD>
<TD WIDTH="275" ALIGN="JUSTIFY" HEIGHT="92">결산일 및 작성기준일 기준으로 갱신</TD>
</TR>

<TR ACOPY="Y" ADELETE="Y" HEIGHT="53">
<TD WIDTH="123" HEIGHT="46">제2부. 2. 집합투자기구의 연혁</TD>
<TD WIDTH="265" ALIGN="JUSTIFY" HEIGHT="46">-</TD>
<TD WIDTH="275" ALIGN="JUSTIFY" HEIGHT="46">효력발생일 기준으로 갱신</TD>
</TR>

<TR ACOPY="Y" ADELETE="Y" HEIGHT="53">
<TD WIDTH="123" HEIGHT="46">제2부. 5. 운용전문인력</TD>
<TD WIDTH="265" ALIGN="JUSTIFY" HEIGHT="46">-</TD>
<TD WIDTH="275" ALIGN="JUSTIFY" HEIGHT="46">작성기준일 기준으로 갱신</TD>
</TR>

<TR ACOPY="Y" ADELETE="Y" HEIGHT="53">
<TD WIDTH="123" HEIGHT="46">제2부. 6. 집합투자기구의 구조</TD>

<TD WIDTH="265" HEIGHT="46">
<P USERMARK="A-J">다. 모자형 구조</P>
<P USERMARK="A-J">-</P>
</TD>

<TD WIDTH="275" HEIGHT="46">
<P USERMARK="A-J">다. 모자형 구조</P>
<P USERMARK="A-J">구조 업데이트</P>
</TD>
</TR>

<TR ACOPY="Y" ADELETE="Y" HEIGHT="214">
<TD WIDTH="123" HEIGHT="207">제2부. 10. 집합투자기구의 투자위험</TD>

<TD WIDTH="265" HEIGHT="207">
<P USERMARK="A-J">라. 이 집합투자기구에 적합한 투자자 유형 </P>

<P USERMARK="F-BT9  A-J">
<SPAN USERMARK="F-GL11 ">이 투자신탁의 시장위험(VaR)은 최근 결산시점을 기준으로 과거 3년간의 일간 수익률의 최대손실예상액을 이용하여 측정합니다. 이 투자신탁의 최대손실예상액(VaR)은 </SPAN>
<SPAN USERMARK="F-GL11 U">19.85%</SPAN>
<SPAN USERMARK="F-GL11 ">로 시장위험 등급기준에 따라 6등급 중 4등급에 해당되는 보통 위험을 지니고 있습니다.</SPAN>
</P>
</TD>

<TD WIDTH="275" HEIGHT="207">
<P USERMARK="A-J">라. 이 집합투자기구에 적합한 투자자 유형 </P>

<P USERMARK="F-BT9  A-J">
<SPAN USERMARK="F-GL11 ">이 투자신탁의 시장위험(VaR)은 최근 결산시점을 기준으로 과거 3년간의 일간 수익률의 최대손실예상액을 이용하여 측정합니다. 이 투자신탁의 최대손실예상액(VaR)은 </SPAN>
<SPAN USERMARK="F-GL11 U">16.65%</SPAN>
<SPAN USERMARK="F-GL11 ">로 시장위험 등급기준에 따라 6등급 중 4등급에 해당되는 보통 위험을 지니고 있습니다.</SPAN>
</P>
</TD>
</TR>

<TR ACOPY="Y" ADELETE="Y" HEIGHT="76">
<TD WIDTH="123" HEIGHT="69">제2부. 13. 보수 및 수수료에 관한 사항</TD>
<TD WIDTH="265" ALIGN="JUSTIFY" HEIGHT="69">-</TD>
<TD WIDTH="275" ALIGN="JUSTIFY" HEIGHT="69">결산일 기준으로 갱신</TD>
</TR>

<TR ACOPY="Y" ADELETE="Y" HEIGHT="99">
<TD WIDTH="123" HEIGHT="92">제3부. 집합투자기구의 재무 및 운용실적 등에 관한 사항</TD>
<TD WIDTH="265" ALIGN="JUSTIFY" HEIGHT="92">-</TD>
<TD WIDTH="275" ALIGN="JUSTIFY" HEIGHT="92">결산일 및 작성기준일 기준으로 갱신</TD>
</TR>

<TR ACOPY="Y" ADELETE="Y" HEIGHT="76">
<TD WIDTH="123" HEIGHT="69">제4부. 1. 집합투자업자에 관한 사항</TD>

<TD WIDTH="265" HEIGHT="69">
<P USERMARK="A-J">-</P>
<P USERMARK="A-J"> </P>
</TD>

<TD WIDTH="275" HEIGHT="69">
<P USERMARK="A-J">작성기준일 기준으로 갱신</P>
<P USERMARK="A-J"> </P>
</TD>
</TR>

<TR ACOPY="Y" ADELETE="Y" HEIGHT="76">
<TD WIDTH="123" HEIGHT="69">제5부. 4. 이해관계인 등과의 거래에 관한 사항</TD>
<TD WIDTH="265" ALIGN="JUSTIFY" HEIGHT="69">-</TD>
<TD WIDTH="275" ALIGN="JUSTIFY" HEIGHT="69">결산일 기준으로 갱신</TD>
</TR>
</TBODY>
</TABLE>
<PGBRK></PGBRK>
</CORRECTION>
</LIBRARY>


<COVER>

<TABLE ACLASS="NORMAL" AFIXTABLE="N" WIDTH="620" BORDER="1">

<COLGROUP WIDTH="620">
<COL WIDTH="42"></COL>
<COL WIDTH="42"></COL>
<COL WIDTH="42"></COL>
<COL WIDTH="42"></COL>
<COL WIDTH="42"></COL>
<COL WIDTH="41"></COL>
<COL WIDTH="369"></COL>
</COLGROUP>

<TBODY>

<TR ACOPY="Y" ADELETE="Y" HEIGHT="62">
<TD VALIGN="BOTTOM" WIDTH="242" USERMARK="B 0XFFFFFF BC0X54AF00" COLSPAN="6" ALIGN="CENTER" HEIGHT="55"> 투자위험등급 4등급[ 보통 위험 ]</TD>

<TD WIDTH="360" VALIGN="MIDDLE" ROWSPAN="3" HEIGHT="162">
<SPAN USERMARK="F-13 B">NH-Amundi 자산운용(주)는</SPAN>
<SPAN USERMARK="F-13 "> 이 투자신탁의 </SPAN>
<SPAN USERMARK="F-13 B">실제 수익률 변동성</SPAN>
<SPAN USERMARK="F-13 ">을 감안하여 </SPAN>
<SPAN USERMARK="F-13 B">(4)등급으로 분류</SPAN>
<SPAN USERMARK="F-13 ">하였습니다. </SPAN>
<SPAN USERMARK="F-13 B">펀드의 위험 등급은 운용실적, 시장 상황 등에 따라 변경될 수 있다는 점을 유의하여 투자판단을 하시기 바랍니다.</SPAN>
</TD>
</TR>

<TR ACOPY="Y" ADELETE="Y" HEIGHT="31">
<TD ALIGN="CENTER" VALIGN="MIDDLE" USERMARK="B 0XFFFFFF BC0X1814FF" WIDTH="33" HEIGHT="24">1</TD>
<TD ALIGN="CENTER" VALIGN="MIDDLE" USERMARK="B 0XFFFFFF BC0X28BFFF" WIDTH="33" HEIGHT="24">2</TD>
<TD ALIGN="CENTER" VALIGN="MIDDLE" USERMARK="B BC0X31FFFF" WIDTH="33" HEIGHT="24">3</TD>
<TD ALIGN="CENTER" VALIGN="MIDDLE" USERMARK="B 0XFFFFFF BC0X54AF00" WIDTH="33" HEIGHT="24">4</TD>
<TD ALIGN="CENTER" VALIGN="MIDDLE" USERMARK="B 0XFFFFFF BC0XEEAE00" WIDTH="33" HEIGHT="24">5</TD>
<TD ALIGN="CENTER" VALIGN="MIDDLE" USERMARK="B 0XFFFFFF BC0X5F2400" WIDTH="32" HEIGHT="24">6</TD>
</TR>

<TR ACOPY="Y" ADELETE="Y" HEIGHT="76">
<TD ALIGN="CENTER" VALIGN="MIDDLE" USERMARK="B 0X1814FF" WIDTH="33" HEIGHT="69">매우높은위험</TD>
<TD ALIGN="CENTER" VALIGN="MIDDLE" USERMARK="B 0X28BFFF" WIDTH="33" HEIGHT="69">높은위험</TD>
<TD ALIGN="CENTER" VALIGN="MIDDLE" USERMARK="B" WIDTH="33" HEIGHT="69">다소높은위험</TD>
<TD ALIGN="CENTER" VALIGN="MIDDLE" USERMARK="B 0XFFFFFF BC0X54AF00" WIDTH="33" HEIGHT="69">보통위험</TD>
<TD ALIGN="CENTER" VALIGN="MIDDLE" USERMARK="B 0XEEAE00" WIDTH="33" HEIGHT="69">낮은위험</TD>
<TD ALIGN="CENTER" VALIGN="MIDDLE" USERMARK="B 0X5F2400" WIDTH="32" HEIGHT="69">매우낮은위험</TD>
</TR>
</TBODY>
</TABLE>
<P></P>
<COVER-TITLE ATOC="Y" AASSOCNOTE="COVER" ATOCID="2" ENG="Prospectus">투 자 설 명 서</COVER-TITLE>

<P>이 투자설명서는 
<SPAN USERMARK="B 0X0000FF">NH-Amundi 글로벌 하이브리드채권 증권자투자신탁(UH)[채권혼합-재간접형]</SPAN>에 대한 자세한 내용을 담고 있습니다.  따라서 
<SPAN USERMARK="B 0X1814FF">NH-Amundi 글로벌 하이브리드채권 증권자투자신탁(</SPAN>
<SPAN USERMARK="B 0X0000FF">U</SPAN>
<SPAN USERMARK="B 0X1814FF">H)[채권혼합-재간접형]</SPAN>수익증권을 매입하기 전에 이 투자설명서를 읽어보시기 바랍니다.
</P>

<TABLE-GROUP ACLASS="_FUND_MAIN_" ADELETETABLE="N">

<TABLE ACLASS="EXTRACTION" AFIXTABLE="Y" WIDTH="600" BORDER="0">

<COLGROUP WIDTH="600">
<COL WIDTH="171"></COL>
<COL WIDTH="224"></COL>
<COL WIDTH="92"></COL>
<COL WIDTH="85"></COL>
<COL WIDTH="28"></COL>
</COLGROUP>

<TBODY>

<TR ACOPY="N" ADELETE="N" HEIGHT="76">
<TD WIDTH="162" AUPDATECONT="N" ENG="1. Name of the collective investment scheme:" HEIGHT="69">1. 집합투자기구 명칭 :</TD>
<TE WIDTH="215" ACODE="FUND_NAME" HEIGHT="69">NH-Amundi 글로벌 하이브리드채권 증권자투자신탁(UH)[채권혼합-재간접형]</TE>
<TD WIDTH="83" AUPDATECONT="N" ENG="(Fund code:" HEIGHT="69">(펀드코드 :</TD>
<TE WIDTH="76" ACODE="FUND_CODE" ALIGN="CENTER" HEIGHT="69">BY701</TE>
<TD WIDTH="19" AUPDATECONT="N" HEIGHT="69">)</TD>
</TR>

<TR ACOPY="N" ADELETE="N" HEIGHT="30">
<TD COLSPAN="5" WIDTH="591" HEIGHT="23"></TD>
</TR>

<TR ACOPY="N" ADELETE="N" HEIGHT="30">
<TD AUPDATECONT="N" ENG="2. Name of collective investment business entity" WIDTH="162" HEIGHT="23">2. 집합투자업자 명칭 :</TD>
<TE COLSPAN="4" ACODE="FUND_TRD" WIDTH="420" HEIGHT="23">NH-Amundi자산운용주식회사 </TE>
</TR>
</TBODY>
</TABLE>
</TABLE-GROUP>
<P></P>

<TABLE ACLASS="NORMAL" AFIXTABLE="N" WIDTH="600" BORDER="0">

<COLGROUP WIDTH="600">
<COL WIDTH="240"></COL>
<COL WIDTH="360"></COL>
</COLGROUP>

<TBODY>

<TR ACOPY="Y" ADELETE="Y" HEIGHT="53">
<TD WIDTH="231" HEIGHT="46">3. 판   매   회   사 :</TD>
<TD WIDTH="351" HEIGHT="46">각 판매회사 본·지점 </TD>
</TR>

<TR ACOPY="Y" ADELETE="Y" HEIGHT="53">
<TD WIDTH="231" HEIGHT="46">4. 작 성 기 준 일 :</TD>
<TD WIDTH="351" HEIGHT="46">2025년 11월 3일</TD>
</TR>

<TR ACOPY="Y" ADELETE="Y" HEIGHT="53">
<TD WIDTH="231" HEIGHT="46">5. 증권신고서 효력발생일 :</TD>
<TD WIDTH="351" HEIGHT="46">2026년 1월 6일</TD>
</TR>

<TR ACOPY="Y" ADELETE="Y" HEIGHT="53">
<TD WIDTH="231" HEIGHT="46">6. 모집(매출) 증권의 종류 및 수 :[모집(매출) 총액 :          ]</TD>
<TD WIDTH="351" HEIGHT="46">투자신탁의 수익증권 (10조좌)</TD>
</TR>

<TR ACOPY="Y" ADELETE="Y" HEIGHT="30">
<TD WIDTH="231" HEIGHT="23"></TD>
<TD WIDTH="351" HEIGHT="23"></TD>
</TR>

<TR ACOPY="Y" ADELETE="Y" HEIGHT="53">
<TD WIDTH="231" HEIGHT="46">7. 모집(매출) 기간(판매기간) : </TD>
<TD WIDTH="351" HEIGHT="46">2017년 11월 3일 모집 개시 이후 특별한 사유가 없는 한 영업일에 한하여 모집, 판매됩니다.</TD>
</TR>

<TR ACOPY="Y" ADELETE="Y" HEIGHT="30">
<TD WIDTH="231" HEIGHT="23"></TD>
<TD WIDTH="351" HEIGHT="23"></TD>
</TR>

<TR ACOPY="Y" ADELETE="Y" HEIGHT="30">
<TD COLSPAN="2" WIDTH="591" HEIGHT="23">8. 집합투자증권신고서 및 투자설명서의 열람장소</TD>
</TR>

<TR ACOPY="Y" ADELETE="Y" HEIGHT="30">
<TD COLSPAN="2" WIDTH="591" HEIGHT="23">   가. 집합투자증권신고서</TD>
</TR>

<TR ACOPY="Y" ADELETE="Y" HEIGHT="30">
<TD COLSPAN="2" WIDTH="591" HEIGHT="23">                       전자문서 : 금융위(금감원) 전자공시시스템 →  http://dart.fss.or.kr</TD>
</TR>

<TR ACOPY="Y" ADELETE="Y" HEIGHT="30">
<TD COLSPAN="2" WIDTH="591" HEIGHT="23">   나. 투자설명서</TD>
</TR>

<TR ACOPY="Y" ADELETE="Y" HEIGHT="30">
<TD COLSPAN="2" WIDTH="591" HEIGHT="23">                       전자문서 : 금융위(금감원) 전자공시시스템 →  http://dart.fss.or.kr</TD>
</TR>

<TR ACOPY="Y" ADELETE="Y" HEIGHT="30">
<TD COLSPAN="2" WIDTH="591" HEIGHT="23">                       서면문서 : 집합투자업자, 각 판매회사</TD>
</TR>

<TR ACOPY="Y" ADELETE="Y" HEIGHT="53">
<TD COLSPAN="2" WIDTH="591" HEIGHT="46">※ 판매회사에 대한 자세한 내용은 한국금융투자협회 전자공시서비스(dis.kofia.or.kr) 및 집합투자업자(www.nh-amundi.com)의 인터넷 홈페이지를 참고하시기 바랍니다.</TD>
</TR>

<TR ACOPY="Y" ADELETE="Y" HEIGHT="30">
<TD COLSPAN="2" WIDTH="591" HEIGHT="23">9. (안정조작 또는 시장조성 관련) : 본 집합투자기구에는 해당사항이 없습니다.</TD>
</TR>

<TR ACOPY="Y" ADELETE="Y" HEIGHT="53">
<TD COLSPAN="2" WIDTH="591" HEIGHT="46">※ 효력발생일까지 증권신고서의 기재사항 중 일부가 변경될 수 있으며, 개방형 집합투자증권인 경우 효력발생일 이후에도 변경될 수 있습니다.</TD>
</TR>
</TBODY>
</TABLE>

<TABLE ACLASS="NORMAL" AFIXTABLE="N" WIDTH="600" BORDER="1">

<COLGROUP WIDTH="600">
<COL WIDTH="600"></COL>
</COLGROUP>

<TBODY>

<TR ACOPY="Y" ADELETE="Y" HEIGHT="157">
<TD WIDTH="591" AUPDATECONT="N" USERMARK="F-BT13 B 0X0000FF" ENG="Please note that the Financial Services Commission does not verify the accuracy or truthfulness of the information presented in the prospectus, nor does it guarantee or endorse the value of the securities. Additionally, these collective investment securities are performance-based dividend products not covered by the Depositor Protection Act. Therefore, investing in them carries the risk of potential loss of principal investment. Please exercise caution when considering these investments." HEIGHT="150">금융위원회가 투자설명서의 기재사항이 진실 또는 정확하다는 것을 인정하거나 그 증권의 가치를 보증 또는 승인하지 아니함을 유의하시기 바랍니다.또한 이 집합투자증권은「예금자보호법」에 의한 보호를 받지 않는 실적배당상품으로 투자원금의 손실이 발생할 수 있으므로 투자에 신중을 기하여 주시기 바랍니다. </TD>
</TR>
</TBODY>
</TABLE>
<PGBRK></PGBRK>
</COVER>

<LIBRARY>
<SECTION-1 ACLASS="MANDATORY" APARTSOURCE="SOURCE">
<TITLE ATOC="Y" ATOCID="3" ENG="[Main Text]">[ 본 문 ]</TITLE>

</SECTION-1></LIBRARY></BODY></DOCUMENT>