<?xml version="1.0" encoding="utf-8"?>


<DOCUMENT xmlns:xsi="http://www.w3.org/2001/XMLSchema-instance" xsi:noNamespaceSchemaLocation="dart4.xsd">

<DOCUMENT-NAME ACODE="80706">특수관계인과의수익증권거래</DOCUMENT-NAME>
<FORMULA-VERSION ADATE="20240129">6.0</FORMULA-VERSION>
<COMPANY-NAME AREGCIK="00126256">삼성생명보험주식회사</COMPANY-NAME>


<BODY ATOCID="1">

<SECTION-1 ACLASS="MANDATORY" APARTSOURCE="SOURCE">
<TITLE ATOC="Y" AASSOCNOTE="D-0-1-0-0" ENG="Transaction of Beneficiary Certificates with Related Party" ATOCID="1">특수관계인과의 수익증권거래</TITLE>
<P></P>

<TABLE ACLASS="NORMAL" WIDTH="769" BORDER="1">

<COLGROUP WIDTH="769">
<COL WIDTH="93"></COL>
<COL WIDTH="48"></COL>
<COL WIDTH="63"></COL>
<COL WIDTH="135"></COL>
<COL WIDTH="78"></COL>
<COL WIDTH="81"></COL>
<COL WIDTH="78"></COL>
<COL WIDTH="193"></COL>
</COLGROUP>

<TBODY>

<TR ACOPY="Y" ADELETE="Y" HEIGHT="30">
<TD ALIGN="CENTER" VALIGN="MIDDLE" WIDTH="84" HEIGHT="23">기업집단명</TD>
<TD VALIGN="MIDDLE" WIDTH="39" HEIGHT="23" ALIGN="CENTER">삼성</TD>
<TD ALIGN="CENTER" VALIGN="MIDDLE" WIDTH="54" HEIGHT="23">회사명</TD>
<TD VALIGN="MIDDLE" WIDTH="126" HEIGHT="23" ALIGN="CENTER">삼성생명보험(주)</TD>
<TD ALIGN="CENTER" VALIGN="MIDDLE" WIDTH="69" HEIGHT="23">공시일자</TD>
<TD VALIGN="MIDDLE" WIDTH="72" HEIGHT="23" ALIGN="CENTER">'26. 1. 5</TD>
<TD ALIGN="CENTER" VALIGN="MIDDLE" WIDTH="69" HEIGHT="23">관련법규</TD>
<TD ALIGN="CENTER" VALIGN="MIDDLE" WIDTH="184" HEIGHT="23">공정거래법 제26조</TD>
</TR>
</TBODY>
</TABLE>
<P></P>

<TABLE ACLASS="NORMAL" AFIXTABLE="N" WIDTH="771" BORDER="0">

<COLGROUP WIDTH="771">
<COL WIDTH="300"></COL>
<COL WIDTH="471"></COL>
</COLGROUP>

<TBODY>

<TR ACOPY="Y" ADELETE="Y" HEIGHT="30">
<TD WIDTH="291" HEIGHT="23"></TD>
<TD ALIGN="RIGHT" WIDTH="462" HEIGHT="23">(단위 : 백만 원)</TD>
</TR>
</TBODY>
</TABLE>

<TABLE ACLASS="NORMAL" AFIXTABLE="N" WIDTH="772" BORDER="1">

<COLGROUP WIDTH="772">
<COL WIDTH="156"></COL>
<COL WIDTH="138"></COL>
<COL WIDTH="178"></COL>
<COL WIDTH="153"></COL>
<COL WIDTH="147"></COL>
</COLGROUP>

<TBODY>

<TR ACOPY="Y" ADELETE="Y" HEIGHT="53">
<TD COLSPAN="2" WIDTH="285" HEIGHT="46" VALIGN="MIDDLE">1. 거래상대방</TD>
<TD WIDTH="169" HEIGHT="46" ALIGN="CENTER" VALIGN="MIDDLE">삼성에스알에이자산운용(주)</TD>
<TD WIDTH="144" HEIGHT="46" ALIGN="CENTER" VALIGN="MIDDLE">회사와의 관계</TD>
<TD WIDTH="138" HEIGHT="46" ALIGN="CENTER" VALIGN="MIDDLE">계열회사</TD>
</TR>

<TR ACOPY="Y" ADELETE="Y" HEIGHT="30">
<TD COLSPAN="2" WIDTH="285" HEIGHT="23" VALIGN="MIDDLE">2. 거래일자</TD>
<TD COLSPAN="3" WIDTH="469" HEIGHT="23" ALIGN="CENTER" VALIGN="MIDDLE">'26.1월(예정)</TD>
</TR>

<TR ACOPY="Y" ADELETE="Y" HEIGHT="30">
<TD COLSPAN="2" WIDTH="285" HEIGHT="23" VALIGN="MIDDLE">3. 거래금액</TD>

<TD WIDTH="469" HEIGHT="23" COLSPAN="3" ALIGN="CENTER" VALIGN="MIDDLE">149,616
<SPAN USERMARK="F-9 ">  주1)</SPAN>
</TD>
</TR>

<TR ACOPY="Y" ADELETE="Y" HEIGHT="30">
<TD COLSPAN="2" WIDTH="285" HEIGHT="23" VALIGN="MIDDLE">4. 잔액</TD>

<TD COLSPAN="3" WIDTH="469" HEIGHT="23" ALIGN="CENTER" VALIGN="MIDDLE">10,068,719  
<SPAN USERMARK="F-9 ">주2)</SPAN>
</TD>
</TR>

<TR ACOPY="Y" ADELETE="Y" HEIGHT="30">
<TD ROWSPAN="4" VALIGN="MIDDLE" WIDTH="147" HEIGHT="136">5. 수익증권 내역</TD>
<TD WIDTH="129" HEIGHT="23" VALIGN="MIDDLE">가. 수익증권 명칭</TD>
<TD COLSPAN="3" WIDTH="469" HEIGHT="23" ALIGN="CENTER" VALIGN="MIDDLE">삼성SRA글로벌코어오피스전문투자형사모부동산투자신탁 제1호</TD>
</TR>

<TR ACOPY="Y" ADELETE="Y" HEIGHT="53">
<TD WIDTH="129" HEIGHT="46" VALIGN="MIDDLE">나. 펀드운용사</TD>
<TD WIDTH="169" HEIGHT="46" ALIGN="CENTER" VALIGN="MIDDLE">삼섬에스알에이자산운용(주)</TD>
<TD WIDTH="144" HEIGHT="46" ALIGN="CENTER" VALIGN="MIDDLE">회사와의 관계</TD>
<TD WIDTH="138" HEIGHT="46" ALIGN="CENTER" VALIGN="MIDDLE">계열회사</TD>
</TR>

<TR ACOPY="Y" ADELETE="Y" HEIGHT="30">
<TD WIDTH="129" HEIGHT="23" VALIGN="MIDDLE">다. 기간</TD>
<TD COLSPAN="3" WIDTH="469" HEIGHT="23" ALIGN="CENTER" VALIGN="MIDDLE">'15. 9. 8 ~ '32. 6.30</TD>
</TR>

<TR ACOPY="Y" ADELETE="Y" HEIGHT="30">
<TD WIDTH="129" HEIGHT="23" VALIGN="MIDDLE">라. 만기일</TD>
<TD COLSPAN="3" WIDTH="469" HEIGHT="23" ALIGN="CENTER" VALIGN="MIDDLE">'32. 6.30</TD>
</TR>

<TR ACOPY="Y" ADELETE="Y" HEIGHT="30">
<TD COLSPAN="2" WIDTH="285" HEIGHT="23" VALIGN="MIDDLE">6. 거래목적</TD>
<TD COLSPAN="3" WIDTH="469" HEIGHT="23" ALIGN="CENTER" VALIGN="MIDDLE">수익증권 투자</TD>
</TR>

<TR ACOPY="Y" ADELETE="Y" HEIGHT="30">
<TD COLSPAN="2" WIDTH="285" HEIGHT="23" VALIGN="MIDDLE">7. 이사회 의결일</TD>
<TD COLSPAN="3" WIDTH="469" HEIGHT="23" ALIGN="CENTER" VALIGN="MIDDLE">'25.12.30</TD>
</TR>

<TR ACOPY="Y" ADELETE="Y" HEIGHT="30">
<TD WIDTH="147" HEIGHT="53" ROWSPAN="2" VALIGN="MIDDLE">- 사외이사 참석여부</TD>
<TD WIDTH="129" HEIGHT="23" VALIGN="MIDDLE">참석(명)</TD>
<TD COLSPAN="3" WIDTH="469" HEIGHT="23" ALIGN="CENTER" VALIGN="MIDDLE">4</TD>
</TR>

<TR ACOPY="Y" ADELETE="Y" HEIGHT="30">
<TD WIDTH="129" HEIGHT="23" VALIGN="MIDDLE">불참(명)</TD>
<TD COLSPAN="3" WIDTH="469" HEIGHT="23" ALIGN="CENTER" VALIGN="MIDDLE">-</TD>
</TR>

<TR ACOPY="Y" ADELETE="Y" HEIGHT="30">
<TD COLSPAN="2" WIDTH="285" HEIGHT="23" VALIGN="MIDDLE">- 감사(감사위원)참석여부</TD>
<TD COLSPAN="3" WIDTH="469" HEIGHT="23" ALIGN="CENTER" VALIGN="MIDDLE">참석</TD>
</TR>

<TR ACOPY="Y" ADELETE="Y" HEIGHT="30">
<TD COLSPAN="2" WIDTH="285" HEIGHT="23" VALIGN="MIDDLE">8. 기타</TD>

<TD COLSPAN="3" WIDTH="469" HEIGHT="23" ALIGN="CENTER" VALIGN="MIDDLE">만기 6년 연장 
<SPAN USERMARK="F-9 ">주3)</SPAN>
</TD>
</TR>

<TR ACOPY="Y" ADELETE="Y" HEIGHT="30">
<TD COLSPAN="2" WIDTH="285" HEIGHT="23" VALIGN="MIDDLE">※ 관련공시일</TD>
<TD COLSPAN="3" ALIGN="CENTER" WIDTH="469" HEIGHT="23" VALIGN="MIDDLE">'15. 6.19, '23. 6.26</TD>
</TR>
</TBODY>
</TABLE>
<P USERMARK="F-GL11 ">주1) 당사 투자원금 기준주2) 삼성에스알에이자산운용(주)과의 수익증권 총 거래잔액임('25.12.29 투자원금 기준)주3) 최초 설정일은 '15. 9. 8일로, 기존 만기 '26. 6.30일에서 '32. 6.30일로 만기 연장함</P>
</SECTION-1>
</BODY>
</DOCUMENT>