<?xml version="1.0" encoding="utf-8"?>


<DOCUMENT xmlns:xsi="http://www.w3.org/2001/XMLSchema-instance" xsi:noNamespaceSchemaLocation="dart4.xsd">

<DOCUMENT-NAME ACODE="11306">주요사항보고서(유상증자결정)</DOCUMENT-NAME>
<FORMULA-VERSION ADATE="20251230">6.3</FORMULA-VERSION>
<COMPANY-NAME AREGCIK="00977650">(주)엔케이맥스</COMPANY-NAME>


<BODY ATOCID="3">

<LIBRARY>
<CORRECTION>
<TITLE ATOC="Y" AASSOCNOTE="CORRECTION" ENG="Report of Disclosure Revision" ATOCID="3">정 정 신 고 (보고)</TITLE>

<TABLE ACLASS="NORMAL" AFIXTABLE="Y" WIDTH="600" BORDER="0">

<COLGROUP WIDTH="600">
<COL WIDTH="600"></COL>
</COLGROUP>

<TBODY>

<TR ACOPY="N" ADELETE="N" HEIGHT="30">
<TD WIDTH="591" HEIGHT="23"></TD>
</TR>

<TR ACOPY="N" ADELETE="N" HEIGHT="30">
<TD WIDTH="591" HEIGHT="23" ALIGN="RIGHT">2026년 1월 7일</TD>
</TR>
</TBODY>
</TABLE>
<P></P>
<P></P>

<TABLE ACLASS="NORMAL" AFIXTABLE="Y" WIDTH="600" BORDER="0">

<COLGROUP WIDTH="600">
<COL WIDTH="165"></COL>
<COL WIDTH="435"></COL>
</COLGROUP>

<TBODY>

<TR ACOPY="N" ADELETE="N" HEIGHT="30">
<TD WIDTH="156" VALIGN="MIDDLE" AUPDATECONT="N" ENG="1. Disclosure document to be revised:" HEIGHT="23">1. 정정대상 공시서류 :</TD>
<TD WIDTH="426" VALIGN="MIDDLE" HEIGHT="23">주요사항보고서/거래소 신고의무 사항</TD>
</TR>
</TBODY>
</TABLE>
<P></P>

<TABLE ACLASS="NORMAL" AFIXTABLE="Y" WIDTH="600" BORDER="0">

<COLGROUP WIDTH="600">
<COL WIDTH="260"></COL>
<COL WIDTH="340"></COL>
</COLGROUP>

<TBODY>

<TR ACOPY="N" ADELETE="N" HEIGHT="30">
<TD WIDTH="251" VALIGN="MIDDLE" AUPDATECONT="N" ENG="2. First submission date of disclosure document to be revised:" HEIGHT="23">2. 정정대상 공시서류의 최초제출일 :</TD>
<TD WIDTH="331" VALIGN="MIDDLE" HEIGHT="23">2025년 12월 15일</TD>
</TR>
</TBODY>
</TABLE>
<P></P>

<TABLE ACLASS="NORMAL" AFIXTABLE="Y" WIDTH="600" BORDER="0">

<COLGROUP WIDTH="600">
<COL WIDTH="600"></COL>
</COLGROUP>

<TBODY>

<TR ACOPY="N" ADELETE="N" HEIGHT="30">
<TD WIDTH="591" HEIGHT="23" VALIGN="MIDDLE" AUPDATECONT="N" ENG="3. Revised Information">3. 정정사항</TD>
</TR>
</TBODY>
</TABLE>

<TABLE ACLASS="NORMAL" AFIXTABLE="N" WIDTH="735" BORDER="1">

<COLGROUP WIDTH="735">
<COL WIDTH="164"></COL>
<COL WIDTH="258"></COL>
<COL WIDTH="156"></COL>
<COL WIDTH="157"></COL>
</COLGROUP>

<THEAD>

<TR ACOPY="N" ADELETE="N" HEIGHT="30">
<TH WIDTH="155" HEIGHT="23" VALIGN="MIDDLE" ACOPYCOL="N" ADELETECOL="N" AMOVECOL="N" AUPDATECONT="N" ENG="Items">항  목</TH>
<TH WIDTH="249" HEIGHT="23" VALIGN="MIDDLE" ACOPYCOL="N" ADELETECOL="N" AMOVECOL="N" AUPDATECONT="N" ENG="Reason for revision">정정사유</TH>
<TH WIDTH="147" HEIGHT="23" VALIGN="MIDDLE" ACOPYCOL="N" ADELETECOL="N" AMOVECOL="N" AUPDATECONT="N" ENG="Before revision">정 정 전</TH>
<TH WIDTH="148" HEIGHT="23" VALIGN="MIDDLE" ACOPYCOL="N" ADELETECOL="N" AMOVECOL="N" AUPDATECONT="N" ENG="After revision">정 정 후</TH>
</TR>
</THEAD>

<TBODY>

<TR ACOPY="Y" ADELETE="Y" HEIGHT="30">
<TD WIDTH="155" HEIGHT="23">12.신주의 상장예정일</TD>
<TD WIDTH="249" HEIGHT="23">신주상장예정일 변경으로 인한 정정</TD>
<TD WIDTH="147" HEIGHT="23"> 2026년 1월 15일</TD>
<TD WIDTH="148" HEIGHT="23">2026년 1월 29일</TD>
</TR>
</TBODY>
</TABLE>
<P></P>
<PGBRK></PGBRK>
</CORRECTION>
</LIBRARY>


<LIBRARY>
<SECTION-1 ACLASS="MANDATORY" APARTSOURCE="SOURCE">
<TITLE ATOC="Y" AASSOCNOTE="D-0-0-0-0" ENG="Report on Major Issues／Reporting Obligations to the KRX" ATOCID="2">주요사항보고서 / 거래소 신고의무 사항</TITLE>

<TABLE ACLASS="NORMAL" AFIXTABLE="Y" WIDTH="600" BORDER="0">

<COLGROUP WIDTH="600">
<COL WIDTH="141"></COL>
<COL WIDTH="183"></COL>
<COL WIDTH="276"></COL>
</COLGROUP>

<TBODY>

<TR ACOPY="Y" ADELETE="Y" HEIGHT="30">
<TD COLSPAN="3" WIDTH="591" HEIGHT="23"></TD>
</TR>

<TR ACOPY="Y" ADELETE="Y" HEIGHT="53">
<TD COLSPAN="3" WIDTH="591" HEIGHT="46"></TD>
</TR>

<TR ACOPY="Y" ADELETE="Y" HEIGHT="30">
<TD COLSPAN="2" VALIGN="MIDDLE" WIDTH="315" HEIGHT="23">금융위원회 / 한국거래소 귀중</TD>
<TD ALIGN="RIGHT" VALIGN="MIDDLE" WIDTH="267" HEIGHT="23"> 2025 년   12  월  15  일</TD>
</TR>

<TR ACOPY="Y" ADELETE="Y" HEIGHT="53">
<TD COLSPAN="3" WIDTH="591" HEIGHT="46"></TD>
</TR>

<TR ACOPY="Y" ADELETE="Y" HEIGHT="30">
<TD WIDTH="132" HEIGHT="23">회     사     명  :</TD>
<TD COLSPAN="2" WIDTH="450" HEIGHT="23">주식회사 엔케이맥스</TD>
</TR>

<TR ACOPY="Y" ADELETE="Y" HEIGHT="30">
<TD WIDTH="132" HEIGHT="23">대  표   이  사  :</TD>
<TD COLSPAN="2" WIDTH="450" HEIGHT="23">김 용 만</TD>
</TR>

<TR ACOPY="Y" ADELETE="Y" HEIGHT="53">
<TD WIDTH="132" HEIGHT="46">본 점  소 재 지 :</TD>
<TD COLSPAN="2" WIDTH="450" HEIGHT="46">경기도 성남시 분당구 돌마로 172, 1층 및 6층(정자동, 분당서울대학교병원 헬스케어혁신파크)</TD>
</TR>

<TR ACOPY="Y" ADELETE="Y" HEIGHT="30">
<TD WIDTH="132" HEIGHT="23"></TD>
<TD COLSPAN="2" WIDTH="450" HEIGHT="23">(전  화) 031-8017-8114</TD>
</TR>

<TR ACOPY="Y" ADELETE="Y" HEIGHT="30">
<TD WIDTH="132" HEIGHT="23"></TD>
<TD COLSPAN="2" WIDTH="450" HEIGHT="23">(홈페이지)http://nkmax.com</TD>
</TR>

<TR ACOPY="Y" ADELETE="Y" HEIGHT="30">
<TD WIDTH="132" HEIGHT="23"></TD>
<TD COLSPAN="2" WIDTH="450" HEIGHT="23"></TD>
</TR>

<TR ACOPY="Y" ADELETE="Y" HEIGHT="30">
<TD COLSPAN="3" WIDTH="591" HEIGHT="23"></TD>
</TR>

<TR ACOPY="Y" ADELETE="Y" HEIGHT="30">
<TD COLSPAN="3" WIDTH="591" HEIGHT="23"></TD>
</TR>

<TR ACOPY="Y" ADELETE="Y" HEIGHT="30">
<TD WIDTH="132" HEIGHT="23">작 성 책 임 자 :</TD>
<TD WIDTH="174" HEIGHT="23">(직  책) 전 무 </TD>
<TD WIDTH="267" HEIGHT="23">(성  명) 김 래 현</TD>
</TR>

<TR ACOPY="Y" ADELETE="Y" HEIGHT="30">
<TD WIDTH="132" HEIGHT="23"></TD>
<TD COLSPAN="2" WIDTH="450" HEIGHT="23">(전  화) 031- 603-9998</TD>
</TR>

<TR ACOPY="Y" ADELETE="Y" HEIGHT="30">
<TD COLSPAN="3" WIDTH="591" HEIGHT="23"></TD>
</TR>
</TBODY>
</TABLE>
<P></P>
<PGBRK></PGBRK>
</SECTION-1>
</LIBRARY>


<SECTION-1 ACLASS="MANDATORY" APARTSOURCE="SOURCE">
<TITLE ATOC="Y" AASSOCNOTE="D-0-1-0-0" ENG="Decision on Paid-In Capital Increase" ATOCID="1">유상증자 결정</TITLE>
<P></P>

<TABLE-GROUP ACLASS="CST_CNT" ADELETETABLE="N">

<TABLE ACLASS="EXTRACTION" AFIXTABLE="Y" WIDTH="600" BORDER="1">

<COLGROUP WIDTH="600">
<COL WIDTH="160"></COL>
<COL WIDTH="172"></COL>
<COL WIDTH="268"></COL>
</COLGROUP>

<TBODY>

<TR ACOPY="Y" ADELETE="Y" HEIGHT="30">
<TD ROWSPAN="2" VALIGN="MIDDLE" WIDTH="151" HEIGHT="53" AUPDATECONT="N" ENG="1. Class and number of new shares">1. 신주의 종류와 수</TD>
<TD ALIGN="CENTER" WIDTH="163" HEIGHT="23" AUPDATECONT="N" ENG="Common stock (shrs.)">보통주식 (주)</TD>
<TE ALIGN="RIGHT" WIDTH="259" HEIGHT="23" ACODE="CST_CNT">569,942</TE>
</TR>

<TR ACOPY="Y" ADELETE="Y" HEIGHT="30">
<TD ALIGN="CENTER" WIDTH="163" HEIGHT="23" AUPDATECONT="N" ENG="Different classes of stocks (shrs.)">기타주식 (주)</TD>
<TE ALIGN="RIGHT" WIDTH="259" HEIGHT="23" ACODE="PST_CNT">-</TE>
</TR>

<TR ACOPY="Y" ADELETE="Y" HEIGHT="30">
<TD COLSPAN="2" WIDTH="323" HEIGHT="23" AUPDATECONT="N" ENG="2. Par value per share (KRW)">2. 1주당 액면가액 (원)</TD>
<TE ALIGN="RIGHT" WIDTH="259" HEIGHT="23" ACODE="FVAL">100</TE>
</TR>

<TR ACOPY="Y" ADELETE="Y" HEIGHT="30">
<TD ROWSPAN="2" VALIGN="MIDDLE" WIDTH="151" HEIGHT="53" AUPDATECONT="N" ENG="3. Total number of shares issued before capital increase (shrs.)">3. 증자전     발행주식총수 (주)</TD>
<TD ALIGN="CENTER" WIDTH="163" HEIGHT="23" AUPDATECONT="N" ENG="Common stock (shrs.)">보통주식 (주)</TD>
<TE ALIGN="RIGHT" WIDTH="259" HEIGHT="23" ACODE="BFR_CST_CNT">71,378,535</TE>
</TR>

<TR ACOPY="Y" ADELETE="Y" HEIGHT="30">
<TD ALIGN="CENTER" WIDTH="163" HEIGHT="23" AUPDATECONT="N" ENG="Different classes of stocks (shrs.)">기타주식 (주)</TD>
<TE ALIGN="RIGHT" WIDTH="259" HEIGHT="23" ACODE="BFR_PST_CNT">-</TE>
</TR>

<TR ACOPY="Y" ADELETE="Y" HEIGHT="30">
<TD ROWSPAN="6" VALIGN="MIDDLE" WIDTH="151" HEIGHT="196" AUPDATECONT="N" ENG="4. Purpose of funding">4. 자금조달의 목적</TD>
<TD ALIGN="CENTER" WIDTH="163" HEIGHT="23" AUPDATECONT="N" ENG="Facility investment (KRW)">시설자금 (원)</TD>
<TE ALIGN="RIGHT" WIDTH="259" HEIGHT="23" ACODE="FND_USE1">-</TE>
</TR>

<TR ACOPY="Y" ADELETE="Y" HEIGHT="30">
<TD ALIGN="CENTER" WIDTH="163" HEIGHT="23" AUPDATECONT="N" ENG="Business acquisition (KRW)">영업양수자금 (원)</TD>
<TE ALIGN="RIGHT" WIDTH="259" HEIGHT="23" ACODE="FND_USE_SQ">-</TE>
</TR>

<TR ACOPY="Y" ADELETE="Y" HEIGHT="30">
<TD ALIGN="CENTER" VALIGN="MIDDLE" WIDTH="163" HEIGHT="23" AUPDATECONT="N" ENG="Operating capital (KRW)">운영자금 (원)</TD>
<TE ALIGN="RIGHT" WIDTH="259" HEIGHT="23" ACODE="FND_USE2">-</TE>
</TR>

<TR ACOPY="Y" ADELETE="Y" HEIGHT="30">
<TD ALIGN="CENTER" VALIGN="MIDDLE" WIDTH="163" HEIGHT="23" AUPDATECONT="N" ENG="Debt repayment (KRW)">채무상환자금 (원)</TD>
<TE ALIGN="RIGHT" WIDTH="259" HEIGHT="23" ACODE="FND_USE_RD">-</TE>
</TR>

<TR ACOPY="Y" ADELETE="Y" HEIGHT="53">
<TD ALIGN="CENTER" VALIGN="MIDDLE" WIDTH="163" HEIGHT="46" AUPDATECONT="N" ENG="Acquisition of securities issued by other corporations (KRW)">타법인 증권취득자금 (원)</TD>
<TE ALIGN="RIGHT" VALIGN="MIDDLE" WIDTH="259" HEIGHT="46" ACODE="ANC_ACQ_AMT">-</TE>
</TR>

<TR ACOPY="Y" ADELETE="Y" HEIGHT="30">
<TD ALIGN="CENTER" WIDTH="163" HEIGHT="23" AUPDATECONT="N" ENG="Other purposes (KRW)">기타자금 (원)</TD>
<TE ALIGN="RIGHT" WIDTH="259" HEIGHT="23" ACODE="FND_USE3">1,353,613,221</TE>
</TR>

<TR ACOPY="Y" ADELETE="Y" HEIGHT="30">
<TD COLSPAN="2" VALIGN="MIDDLE" WIDTH="323" HEIGHT="23" AUPDATECONT="N" ENG="5. Capital increase method">5. 증자방식</TD>
<TU ALIGN="CENTER" WIDTH="259" HEIGHT="23" AUNIT="CI_MTH" AUNITVALUE="6" ENG="Capital increase by third-party allotment">제3자배정증자</TU>
</TR>
</TBODY>
</TABLE>
</TABLE-GROUP>
<P>※ 기타주식에 관한 사항</P>

<TABLE-GROUP ACLASS="STO_ETC" ADELETETABLE="N">

<TABLE ACLASS="EXTRACTION" AFIXTABLE="Y" WIDTH="600" BORDER="1">

<COLGROUP WIDTH="600">
<COL WIDTH="235"></COL>
<COL WIDTH="365"></COL>
</COLGROUP>

<TBODY>

<TR ACOPY="N" ADELETE="N" HEIGHT="99">
<TD WIDTH="226" HEIGHT="92" AUPDATECONT="N" ENG="Basis in articles of incorporation">정관의 근거</TD>

<TE WIDTH="356" HEIGHT="92" VALIGN="MIDDLE" ACODE="AOI_BAS">
<SPAN USERMARK="0X3D3D3D">제10조(신주인수권)</SPAN>
<SPAN></SPAN>
<SPAN USERMARK="0X3D3D3D">7. 회생절차에 따라 유상 신주를 발행하는 경우 및 M&A를 통한 재무구조 개선을 위하여 유상 신주를 발행하는 경우</SPAN>
</TE>
</TR>

<TR ACOPY="N" ADELETE="N" HEIGHT="30">
<TD WIDTH="226" HEIGHT="23" AUPDATECONT="N" ENG="Details of stocks">주식의 내용</TD>
<TE WIDTH="356" HEIGHT="23" VALIGN="MIDDLE" ACODE="STO_CNT" USERMARK="0X3D3D3D">회생채권을 출자전환하여 신주를 발행하는 경우</TE>
</TR>

<TR ACOPY="N" ADELETE="N" HEIGHT="30">
<TD WIDTH="226" HEIGHT="23" AUPDATECONT="N" ENG="Others">기타</TD>
<TE WIDTH="356" HEIGHT="23" VALIGN="MIDDLE" ACODE="ETC_CNT">-</TE>
</TR>
</TBODY>
</TABLE>
</TABLE-GROUP>

<P></P>

<LIBRARY>
<TABLE-GROUP ACLASS="THD_ASN_INC" ADELETETABLE="N">

<TABLE ACLASS="EXTRACTION" AFIXTABLE="Y" WIDTH="599" BORDER="1">

<COLGROUP WIDTH="599">
<COL WIDTH="149"></COL>
<COL WIDTH="200"></COL>
<COL WIDTH="89"></COL>
<COL WIDTH="161"></COL>
</COLGROUP>

<TBODY>

<TR ACOPY="N" ADELETE="N" HEIGHT="30">
<TD ROWSPAN="2" VALIGN="MIDDLE" WIDTH="140" HEIGHT="53" AUPDATECONT="N" ENG="6. Issuing price of new shares">6. 신주 발행가액</TD>
<TD ALIGN="CENTER" WIDTH="191" HEIGHT="23" AUPDATECONT="N" ENG="Common stock (KRW)">보통주식 (원)</TD>
<TE ALIGN="RIGHT" WIDTH="241" HEIGHT="23" ACODE="CST_ISS_VAL" COLSPAN="2">2,375</TE>
</TR>

<TR ACOPY="N" ADELETE="N" HEIGHT="30">
<TD ALIGN="CENTER" WIDTH="191" HEIGHT="23" AUPDATECONT="N" ENG="Different classes of stocks (KRW)">기타주식 (원)</TD>
<TE ALIGN="RIGHT" WIDTH="241" HEIGHT="23" ACODE="PST_ISS_VAL" COLSPAN="2">-</TE>
</TR>

<TR ACOPY="N" ADELETE="N" HEIGHT="30">
<TD ROWSPAN="2" VALIGN="MIDDLE" WIDTH="140" HEIGHT="53" AUPDATECONT="N" ENG="7. Base stock price">7. 기준주가</TD>
<TD ALIGN="CENTER" WIDTH="191" HEIGHT="23" AUPDATECONT="N" ENG="Common stock (KRW)">보통주식 (원)</TD>
<TE ALIGN="RIGHT" WIDTH="241" HEIGHT="23" ACODE="CST_STD_VAL" COLSPAN="2">-</TE>
</TR>

<TR ACOPY="N" ADELETE="N" HEIGHT="30">
<TD ALIGN="CENTER" WIDTH="191" HEIGHT="23" AUPDATECONT="N" ENG="Different classes of stocks (KRW)">기타주식 (원)</TD>
<TE ALIGN="RIGHT" WIDTH="241" HEIGHT="23" ACODE="PST_STD_VAL" COLSPAN="2">-</TE>
</TR>

<TR ACOPY="N" ADELETE="N" HEIGHT="53">
<TD COLSPAN="2" WIDTH="340" HEIGHT="46" AUPDATECONT="N" ENG="7-1. Base stock price calculation method">7-1. 기준주가 산정방법</TD>
<TU WIDTH="241" HEIGHT="46" AUNIT="STD_MTH" AUNITVALUE="3" COLSPAN="2" ENG="Appraised value of stocks without an established market price">시가가 형성되지 않은 종목의 평가액</TU>
</TR>

<TR ACOPY="N" ADELETE="N" HEIGHT="30">
<TD COLSPAN="2" WIDTH="340" HEIGHT="23" AUPDATECONT="N" ENG="7-2. Discount or premium ratio to the base stock price (%)">7-2. 기준주가에 대한 할인율 또는 할증율 (%)</TD>
<TE ALIGN="RIGHT" WIDTH="241" HEIGHT="23" ACODE="DC_RATE" COLSPAN="2">-</TE>
</TR>

<TR ACOPY="N" ADELETE="N" HEIGHT="30">
<TD COLSPAN="2" WIDTH="340" HEIGHT="23" AUPDATECONT="N" ENG="7-3. Basis for the calculation of the discount ratio (Premium ratio)">7-3. 할인율(할증률) 산정 근거</TD>
<TE WIDTH="241" HEIGHT="23" ACODE="DC_RATE_RS" COLSPAN="2">-</TE>
</TR>

<TR ACOPY="N" ADELETE="N" HEIGHT="122">
<TD COLSPAN="2" WIDTH="340" HEIGHT="115" AUPDATECONT="N" ENG="8. Basis in articles of incorporation on third-party allotment">8. 제3자배정에 대한 정관의 근거</TD>

<TE WIDTH="241" HEIGHT="115" ACODE="ART_BAS" COLSPAN="2">
<SPAN USERMARK="0X3D3D3D">제10조(신주인수권)</SPAN>
<SPAN></SPAN>
<SPAN USERMARK="0X3D3D3D">7. 회생절차에 따라 유상 신주를 발행하는 경우 및 M&A를 통한 재무구조 개선을 위하여 유상 신주를 발행하는 경우</SPAN>
</TE>
</TR>

<TR ACOPY="N" ADELETE="N" HEIGHT="30">
<TD COLSPAN="2" WIDTH="340" HEIGHT="23" AUPDATECONT="N" ENG="9. Payment date">9. 납입일</TD>
<TU ALIGN="CENTER" WIDTH="241" HEIGHT="23" AUNIT="PYM_DT" AUNITVALUE="20251230" COLSPAN="2">2025년 12월 30일</TU>
</TR>

<TR ACOPY="N" ADELETE="N" HEIGHT="30">
<TD COLSPAN="2" WIDTH="340" HEIGHT="23" AUPDATECONT="N" ENG="10. Record date for dividend on new shares">10. 신주의 배당기산일</TD>
<TU ALIGN="CENTER" WIDTH="241" HEIGHT="23" AUNIT="DV_ST_DT" AUNITVALUE="20250101" COLSPAN="2">2025년 01월 01일</TU>
</TR>

<TR ACOPY="N" ADELETE="N" HEIGHT="30">
<TD COLSPAN="2" WIDTH="340" HEIGHT="23" AUPDATECONT="N" ENG="11. Scheduled delivery date of new share certificates">11. 신주권교부예정일</TD>
<TU ALIGN="CENTER" WIDTH="241" HEIGHT="23" AUNIT="NST_GV_DT" AUNITVALUE="-" COLSPAN="2">-</TU>
</TR>

<TR ACOPY="N" ADELETE="N" HEIGHT="30">
<TD COLSPAN="2" WIDTH="340" HEIGHT="23" AUPDATECONT="N" ENG="12. Scheduled listing date of new shares">12. 신주의 상장 예정일</TD>
<TU ALIGN="CENTER" WIDTH="241" HEIGHT="23" AUNIT="LST_PLN_DT" AUNITVALUE="20260129" COLSPAN="2">2026년 01월 29일</TU>
</TR>

<TR ACOPY="N" ADELETE="N" HEIGHT="30">
<TD COLSPAN="2" VALIGN="MIDDLE" WIDTH="340" HEIGHT="23" AUPDATECONT="N" ENG="13. Whether deemed a backdoor listing caused by contribution in kind">13. 현물출자로 인한 우회상장 해당여부</TD>
<TU ALIGN="CENTER" WIDTH="241" HEIGHT="23" AUNIT="PIN_BL_YN" AUNITVALUE="N" COLSPAN="2" ENG="No">아니오</TU>
</TR>

<TR ACOPY="N" ADELETE="N" HEIGHT="30">
<TD COLSPAN="2" VALIGN="MIDDLE" WIDTH="340" HEIGHT="23" AUPDATECONT="N" ENG="- Whether there is in kind contributions">   - 현물출자가 있는지 여부</TD>
<TU ALIGN="CENTER" WIDTH="241" HEIGHT="23" AUNIT="PIN_EXT_YN" AUNITVALUE="N" COLSPAN="2" ENG="No">아니오</TU>
</TR>

<TR ACOPY="N" ADELETE="N" HEIGHT="53">
<TD COLSPAN="2" VALIGN="MIDDLE" WIDTH="340" HEIGHT="46" AUPDATECONT="N" ENG="- Whether there are shares of stock-unlisted corporations among contribution in kind">   - 현물출자 재산 중 주권비상장법인주식이       있는지 여부</TD>
<TU ALIGN="CENTER" WIDTH="241" HEIGHT="46" AUNIT="PIN_SLC_YN" AUNITVALUE="N" COLSPAN="2" ENG="No">아니오</TU>
</TR>

<TR ACOPY="N" ADELETE="N" HEIGHT="30">
<TD ROWSPAN="2" VALIGN="MIDDLE" WIDTH="140" HEIGHT="76" AUPDATECONT="N" ENG="- Value of investment in kind for shares to be paid">   - 납입예정 주식의      현물출자 가액</TD>
<TD ALIGN="CENTER" VALIGN="MIDDLE" WIDTH="191" HEIGHT="23" AUPDATECONT="N" ENG="Value in kind contribution (KRW)">현물출자가액(원)</TD>
<TE ALIGN="CENTER" WIDTH="241" HEIGHT="23" ACODE="PIN_VAL" COLSPAN="2">-</TE>
</TR>

<TR ACOPY="N" ADELETE="N" HEIGHT="53">
<TD ALIGN="CENTER" VALIGN="MIDDLE" WIDTH="191" HEIGHT="46" AUPDATECONT="N" ENG="Ratio to the company’s total assets in the latest fiscal year (%)">당사 최근사업연도 자산총액 대비(%)</TD>
<TE ALIGN="CENTER" WIDTH="241" HEIGHT="46" ACODE="PIN_AST_RT" COLSPAN="2">-</TE>
</TR>

<TR ACOPY="N" ADELETE="N" HEIGHT="30">
<TD COLSPAN="2" VALIGN="MIDDLE" WIDTH="340" HEIGHT="23" AUPDATECONT="N" ENG="- Total number of shares to be paid">   - 납입예정 주식수</TD>
<TE ALIGN="CENTER" WIDTH="241" HEIGHT="23" ACODE="PAY_EXP_CNT" COLSPAN="2">-</TE>
</TR>

<TR ACOPY="N" ADELETE="N" HEIGHT="30">
<TD COLSPAN="2" VALIGN="MIDDLE" WIDTH="340" HEIGHT="23" AUPDATECONT="N" ENG="14. Whether satisfying backdoor listing requirements">14. 우회상장 요건 충족여부</TD>
<TU ALIGN="CENTER" WIDTH="241" HEIGHT="23" AUNIT="BL_CON_YN" AUNITVALUE="A" COLSPAN="2" ENG="N/A">해당없음</TU>
</TR>

<TR ACOPY="N" ADELETE="N" HEIGHT="30">
<TD COLSPAN="2" VALIGN="MIDDLE" WIDTH="340" HEIGHT="23" AUPDATECONT="N" ENG="15. Board resolution date (decision date)">15. 이사회결의일(결정일)</TD>
<TU ALIGN="CENTER" WIDTH="241" HEIGHT="23" AUNIT="DRC_DT" AUNITVALUE="20251215" COLSPAN="2">2025년 12월 15일</TU>
</TR>

<TR ACOPY="N" ADELETE="N" HEIGHT="30">
<TD ROWSPAN="2" VALIGN="MIDDLE" WIDTH="140" HEIGHT="53" AUPDATECONT="N" ENG="- Attendance of outside directors">   - 사외이사      참석여부</TD>
<TD ALIGN="CENTER" WIDTH="191" HEIGHT="23" AUPDATECONT="N" ENG="Present (No.)">참석 (명)</TD>
<TE ALIGN="CENTER" WIDTH="241" HEIGHT="23" ACODE="ATD_CNT" COLSPAN="2">4</TE>
</TR>

<TR ACOPY="N" ADELETE="N" HEIGHT="30">
<TD ALIGN="CENTER" WIDTH="191" HEIGHT="23" AUPDATECONT="N" ENG="Absent (No.)">불참 (명)</TD>
<TE ALIGN="CENTER" WIDTH="241" HEIGHT="23" ACODE="NATD_CNT" COLSPAN="2">2</TE>
</TR>

<TR ACOPY="N" ADELETE="N" HEIGHT="30">
<TD COLSPAN="2" WIDTH="340" HEIGHT="23" AUPDATECONT="N" ENG="- Attendance of auditors (members of Audit Committee)">   - 감사(감사위원) 참석여부</TD>
<TU ALIGN="CENTER" WIDTH="241" HEIGHT="23" AUNIT="ADT_ATD_YN" AUNITVALUE="Y" COLSPAN="2" ENG="Present">참석</TU>
</TR>

<TR ACOPY="N" ADELETE="N" HEIGHT="30">
<TD COLSPAN="2" WIDTH="340" HEIGHT="23" AUPDATECONT="N" ENG="16. Whether subject to file securities registration statement">16. 증권신고서 제출대상 여부</TD>
<TU ALIGN="CENTER" WIDTH="241" HEIGHT="23" AUNIT="RPT_SM_YN" AUNITVALUE="N" COLSPAN="2" ENG="No">아니오</TU>
</TR>

<TR ACOPY="N" ADELETE="N" HEIGHT="168">
<TD COLSPAN="2" WIDTH="340" HEIGHT="161" AUPDATECONT="N" ENG="17. Reasons for exemption from filing securities registration statement, if exempted">17. 제출을 면제받은 경우 그 사유</TD>
<TE WIDTH="241" HEIGHT="161" ACODE="RPT_SBM" COLSPAN="2" USERMARK="0X3D3D3D">「채무자회생및 파산에관한법률」제277조 주식회사인 채무자 또는 신회사가 주식 또는 사채를 발행하는 때에는 「 자본시장과금융투자업에관한 법률」제119조(모집 또는 매출의 신고)의 규정을 적용하지 아니한다.</TE>
</TR>

<TR ACOPY="N" ADELETE="N" HEIGHT="30">
<TD COLSPAN="2" VALIGN="MIDDLE" WIDTH="340" HEIGHT="83" AUPDATECONT="N" ROWSPAN="3" ENG="18. Short selling transaction period during which subscriptions are prohibited">18. 청약이 금지되는 공매도 거래 기간</TD>
<TD WIDTH="80" HEIGHT="23" ALIGN="CENTER" AUPDATECONT="N" ENG="Whether applicable">해당여부</TD>
<TU WIDTH="152" HEIGHT="23" ALIGN="CENTER" AUNIT="SSL_YN" AUNITVALUE="N" ENG="No">아니오</TU>
</TR>

<TR ACOPY="N" ADELETE="N" HEIGHT="30">
<TD WIDTH="80" HEIGHT="23" ALIGN="CENTER" AUPDATECONT="N" ENG="Start date">시작일</TD>
<TU WIDTH="152" HEIGHT="23" ALIGN="CENTER" AUNIT="SSL_BGN_DT" AUNITVALUE="-">-</TU>
</TR>

<TR ACOPY="N" ADELETE="N" HEIGHT="30">
<TD WIDTH="80" HEIGHT="23" ALIGN="CENTER" AUPDATECONT="N" ENG="End date">종료일</TD>
<TU WIDTH="152" HEIGHT="23" ALIGN="CENTER" AUNIT="SSL_END_DT" AUNITVALUE="-">-</TU>
</TR>

<TR ACOPY="N" ADELETE="N" HEIGHT="30">
<TD COLSPAN="2" WIDTH="340" HEIGHT="23" AUPDATECONT="N" ENG="19. Whether subject to the Fair Trade Commission reporting requirements">19. 공정거래위원회 신고대상 여부</TD>
<TU ALIGN="CENTER" WIDTH="241" HEIGHT="23" AUNIT="TRD_YN" AUNITVALUE="N" COLSPAN="2" ENG="Non-applicable">미해당</TU>
</TR>
</TBODY>
</TABLE>
</TABLE-GROUP>

<TABLE ACLASS="NORMAL" AFIXTABLE="Y" WIDTH="600" BORDER="0">

<COLGROUP WIDTH="600">
<COL WIDTH="600"></COL>
</COLGROUP>

<TBODY>

<TR ACOPY="N" ADELETE="N" HEIGHT="30">
<TD WIDTH="591" HEIGHT="23" AUPDATECONT="N" ENG="20. Other matters to be factored into investment decisions">20. 기타 투자판단에 참고할 사항</TD>
</TR>
</TBODY>
</TABLE>

<P>
<SPAN USERMARK="F-11  0X3D3D3D">1) 금번 제3자배정 유상증자 건은 당사 회생절차중 소송채무가 조사확정재판 결정에 따라  확정된 회생채권자(회생채권상거래채권 )에 대한 출자전환으로  주식총수는</SPAN>
<SPAN USERMARK="F-11 "></SPAN>
<SPAN USERMARK="F-11  0X3D3D3D">569,942주 입니다.</SPAN>
<SPAN USERMARK="F-11 "></SPAN>
<SPAN USERMARK="F-11  0X3D3D3D">2) 당사는 "채무자 회생 및 파산에 관한 법률"에 따라 2025년 06월 18일 서울회생법원으로부터 회생계획인가를 받은 회사로서, 2025년 9월 4일 회생절차 종결결정을허가 받은 회사입니다.</SPAN>
<SPAN USERMARK="F-11 "></SPAN>
<SPAN USERMARK="F-11  0X3D3D3D">3) 당사는 인가 받은 회생계획에 따라 1차  제3자배정 출자전환(효력발생일 2025년 6월 19일), 주식병합(효력발생일 2025년 06월 26일), 제3자배정 유상증자 (효력발생일 2025년 06월  27일)를 순차적으로 실시하였습니다.</SPAN>
<SPAN USERMARK="F-11 "></SPAN>
<SPAN USERMARK="F-11  0X3D3D3D">4) 상기1. '신주의 종류와 수' 의 보통주식 569,942주는 출자전환 주식총수 2,707,226주에 대하여 회생계획에 따라 주식병합(액면 500원의 보통주 4.75주를 액면가 100원의 보통주 1주로 병합)을 적용한 주식수 입니다.</SPAN>
<SPAN USERMARK="F-11 "></SPAN>
<SPAN USERMARK="F-11  0X3D3D3D">5) 주식수 결정은 액면가 500원으로 산정 하였으나,  액면감소 병합 효력발생일</SPAN>
<SPAN USERMARK="F-11 "></SPAN>
<SPAN USERMARK="F-11  0X3D3D3D">(2025. 12. 31) 적용된 액면가액  100원 입니다.</SPAN>
<SPAN USERMARK="F-11 "></SPAN>
<SPAN USERMARK="F-11  0X3D3D3D">6) 상기 6. 신주 발행가액은 출자전환 대상채권 1,353,613,221원을 회생계획에 따라</SPAN>
<SPAN USERMARK="F-11 "></SPAN>
<SPAN USERMARK="F-11  0X3D3D3D">  500원으로 출자전환후 4.75 : 1 주식병합을 적용한 569,942주로 나눈 금액입니다</SPAN>
<SPAN USERMARK="F-11 "></SPAN>
<SPAN USERMARK="F-11  0X3D3D3D">7) 상기 9. 납입일은 신주의 효력발생일 입니다.</SPAN>
<SPAN USERMARK="F-11 "></SPAN>
<SPAN USERMARK="F-11  0X3D3D3D">8) 회생계획의 권리변경에 따라 회생채권자가 주금을 신규로 납입하지 아니하며, 출자전환으로 인하여 발생하는 1주 미만의 단주는 무상 소각합니다.</SPAN>
<SPAN USERMARK="F-11 "></SPAN>
<SPAN USERMARK="F-11  0X3D3D3D">9) 상기 12. 신주상장예정일은 관계기관의 실무절차에 따라 변경될 수  있으며 변경될 경우 즉시 재공시 예정입니다.</SPAN>
</P>
<P></P>

<LIBRARY>
<P>▶주권상장법인이 증권시장에서 시가가 형성되어 있지 않은 종목을 발행하고자 하는 경우 다음의 정보를 추가 기재</P>

<TABLE-GROUP ACLASS="THD_STD_MTH3" ADELETETABLE="N">

<TABLE ACLASS="EXTRACTION" AFIXTABLE="Y" WIDTH="601" BORDER="0">

<COLGROUP WIDTH="601">
<COL WIDTH="302"></COL>
<COL WIDTH="299"></COL>
</COLGROUP>

<TBODY>

<TR ACOPY="N" ADELETE="N" HEIGHT="30">
<TD VALIGN="BOTTOM" WIDTH="293" HEIGHT="23" AUPDATECONT="N"></TD>
<TD ALIGN="RIGHT" VALIGN="BOTTOM" WIDTH="290" HEIGHT="23" AUPDATECONT="N" ENG="(Unit: KRW, %)">(단위 : 원, %)</TD>
</TR>
</TBODY>
</TABLE>

<TABLE ACLASS="EXTRACTION" AFIXTABLE="N" WIDTH="600" BORDER="1">

<COLGROUP WIDTH="600">
<COL WIDTH="85"></COL>
<COL WIDTH="85"></COL>
<COL WIDTH="85"></COL>
<COL WIDTH="85"></COL>
<COL WIDTH="101"></COL>
<COL WIDTH="54"></COL>
<COL WIDTH="105"></COL>
</COLGROUP>

<THEAD>

<TR ACOPY="N" ADELETE="N" HEIGHT="53">
<TH COLSPAN="2" VALIGN="MIDDLE" WIDTH="161" HEIGHT="46" ACOPYCOL="N" ADELETECOL="N" AMOVECOL="N" AUPDATECONT="N" ENG="Details of the trading suspension">거래정지관련 정보</TH>
<TH COLSPAN="2" VALIGN="MIDDLE" WIDTH="161" HEIGHT="46" ACOPYCOL="N" ADELETECOL="N" AMOVECOL="N" AUPDATECONT="N" ENG="Method for evaluating the base stock price">기준주가 평가방법</TH>
<TH ROWSPAN="2" VALIGN="MIDDLE" WIDTH="92" HEIGHT="122" ACOPYCOL="N" ADELETECOL="N" AMOVECOL="N" AUPDATECONT="N" ENG="Increase/ Decrease ratio compared to closing price (%) (B-A)/A*100">종가대비증감비율(B-A)/A*100</TH>
<TH COLSPAN="2" VALIGN="MIDDLE" WIDTH="150" HEIGHT="46" ACOPYCOL="N" ADELETECOL="N" AMOVECOL="N" AUPDATECONT="N" ENG="External valuation">외부평가</TH>
</TR>

<TR ACOPY="N" ADELETE="N" HEIGHT="76">
<TH VALIGN="MIDDLE" WIDTH="76" HEIGHT="69" ACOPYCOL="N" ADELETECOL="N" AMOVECOL="N" AUPDATECONT="N" ENG="Suspension date of transactions">거래정지일</TH>
<TH VALIGN="MIDDLE" WIDTH="76" HEIGHT="69" ACOPYCOL="N" ADELETECOL="N" AMOVECOL="N" AUPDATECONT="N" ENG="Last closing price before the trading suspension (A)">거래정지전최종종가(A)</TH>
<TH VALIGN="MIDDLE" WIDTH="76" HEIGHT="69" ACOPYCOL="N" ADELETECOL="N" AMOVECOL="N" AUPDATECONT="N" ENG="Assessment method">평가방법</TH>
<TH VALIGN="MIDDLE" WIDTH="76" HEIGHT="69" ACOPYCOL="N" ADELETECOL="N" AMOVECOL="N" AUPDATECONT="N" ENG="Valuation amount (B)">평가금액(B)</TH>
<TH VALIGN="MIDDLE" WIDTH="45" HEIGHT="69" ACOPYCOL="N" ADELETECOL="N" AMOVECOL="N" AUPDATECONT="N" ENG="If implemented">수행여부</TH>
<TH VALIGN="MIDDLE" WIDTH="96" HEIGHT="69" ACOPYCOL="N" ADELETECOL="N" AMOVECOL="N" AUPDATECONT="N" ENG="Valuation institution">평가기관명</TH>
</TR>
</THEAD>

<TBODY>

<TR ACOPY="Y" ADELETE="N" HEIGHT="30">
<TU ROWSPAN="3" ALIGN="CENTER" VALIGN="MIDDLE" WIDTH="76" HEIGHT="83" AUNIT="BSN_STOP_DT" AUNITVALUE="20240325">2024년 03월 25일</TU>
<TE ROWSPAN="3" ALIGN="RIGHT" VALIGN="MIDDLE" WIDTH="76" HEIGHT="83" ACODE="BSN_STOP_VAL">2,020</TE>
<TE ALIGN="CENTER" VALIGN="MIDDLE" WIDTH="76" HEIGHT="23" ACODE="EVAL_MTH">-</TE>
<TE ALIGN="RIGHT" VALIGN="MIDDLE" WIDTH="76" HEIGHT="23" ACODE="EVAL_PRC">-</TE>
<TE ALIGN="RIGHT" VALIGN="MIDDLE" WIDTH="92" HEIGHT="23" ACODE="SE_RATE">-</TE>
<TE ROWSPAN="3" ALIGN="CENTER" VALIGN="MIDDLE" WIDTH="45" HEIGHT="83" ACODE="EXT_EVAL_YN">-</TE>
<TE ALIGN="CENTER" VALIGN="MIDDLE" WIDTH="96" HEIGHT="23" ACODE="EVAL_ORG">-</TE>
</TR>

<TR ACOPY="Y" ADELETE="N" HEIGHT="30">
<TE ALIGN="CENTER" VALIGN="MIDDLE" WIDTH="76" HEIGHT="23" ACODE="EVAL_MTH">-</TE>
<TE ALIGN="RIGHT" VALIGN="MIDDLE" WIDTH="76" HEIGHT="23" ACODE="EVAL_PRC">-</TE>
<TE ALIGN="RIGHT" VALIGN="MIDDLE" WIDTH="92" HEIGHT="23" ACODE="SE_RATE">-</TE>
<TE ALIGN="CENTER" VALIGN="MIDDLE" WIDTH="96" HEIGHT="23" ACODE="EVAL_ORG">-</TE>
</TR>

<TR ACOPY="Y" ADELETE="Y" HEIGHT="30">
<TE ALIGN="CENTER" VALIGN="MIDDLE" WIDTH="76" HEIGHT="23" ACODE="EVAL_MTH">-</TE>
<TE ALIGN="RIGHT" VALIGN="MIDDLE" WIDTH="76" HEIGHT="23" ACODE="EVAL_PRC">-</TE>
<TE ALIGN="RIGHT" VALIGN="MIDDLE" WIDTH="92" HEIGHT="23" ACODE="SE_RATE">-</TE>
<TE ALIGN="CENTER" VALIGN="MIDDLE" WIDTH="96" HEIGHT="23" ACODE="EVAL_ORG">-</TE>
</TR>
</TBODY>
</TABLE>
</TABLE-GROUP>
<P></P>

<P></P>

<P></P>
</LIBRARY>

<P></P>

<TABLE-GROUP ACLASS="THD_ASN_OBJ" ADELETETABLE="N">

<TABLE ACLASS="NORMAL" AFIXTABLE="Y" WIDTH="600" BORDER="0">

<COLGROUP WIDTH="600">
<COL WIDTH="600"></COL>
</COLGROUP>

<TBODY>

<TR ACOPY="N" ADELETE="N" HEIGHT="30">
<TD WIDTH="591" HEIGHT="23" AUPDATECONT="N" ENG="【Basis, Purpose, etc. of Third-party Allotment】">【제3자배정 근거, 목적 등】</TD>
</TR>
</TBODY>
</TABLE>

<TABLE ACLASS="EXTRACTION" AFIXTABLE="N" WIDTH="600" BORDER="1">

<COLGROUP WIDTH="600">
<COL WIDTH="300"></COL>
<COL WIDTH="300"></COL>
</COLGROUP>

<THEAD>

<TR ACOPY="N" ADELETE="N" HEIGHT="30">
<TH VALIGN="MIDDLE" WIDTH="291" HEIGHT="23" ACOPYCOL="N" ADELETECOL="N" AMOVECOL="N" AUPDATECONT="N" ENG="Basis in articles of incorporation on third-party allotment">제3자배정 근거가 되는 정관규정</TH>
<TH VALIGN="MIDDLE" WIDTH="291" HEIGHT="23" ACOPYCOL="N" ADELETECOL="N" AMOVECOL="N" AUPDATECONT="N" ENG="Purpose of capital increase by third-party allotment">제3자배정 증자의 목적</TH>
</TR>
</THEAD>

<TBODY>

<TR ACOPY="Y" ADELETE="N" HEIGHT="99">

<TE WIDTH="291" HEIGHT="92" ACODE="RULE">
<SPAN USERMARK="0X3D3D3D">제10조(신주인수권)</SPAN>
<SPAN USERMARK="0X3D3D3D">7. 회생절차에 따라 유상 신주를 발행하는 경우 및 M&A를 통한 재무구조 개선을 위하여 유상 신주를 발행하는 경우</SPAN>
</TE>
<TE WIDTH="291" HEIGHT="92" ACODE="OBJ" USERMARK="0X3D3D3D">회생채권의 출자전환을 통한 채무변제</TE>
</TR>
</TBODY>
</TABLE>
</TABLE-GROUP>
<P></P>

<TABLE ACLASS="NORMAL" AFIXTABLE="Y" WIDTH="600" BORDER="0">

<COLGROUP WIDTH="600">
<COL WIDTH="600"></COL>
</COLGROUP>

<TBODY>

<TR ACOPY="N" ADELETE="N" HEIGHT="30">
<TD WIDTH="591" HEIGHT="23" AUPDATECONT="N" ENG="【Intended Use of Funds in Detail on third-party allotment】">【제3자배정 조달자금의 구체적 사용목적】</TD>
</TR>
</TBODY>
</TABLE>

<LIBRARY>
<TABLE-GROUP ACLASS="TBL_FND1" ADELETETABLE="N">

<TABLE ACLASS="NORMAL" AFIXTABLE="Y" WIDTH="600" BORDER="0">

<COLGROUP WIDTH="600">
<COL WIDTH="600"></COL>
</COLGROUP>

<TBODY>

<TR ACOPY="N" ADELETE="N" HEIGHT="30">
<TD WIDTH="591" HEIGHT="23" AUPDATECONT="N" ENG="[In the case of operating capital and other purposes]">【운영자금ㆍ기타자금의 경우】</TD>
</TR>
</TBODY>
</TABLE>

<TABLE ACLASS="EXTRACTION" AFIXTABLE="Y" WIDTH="600" BORDER="0">

<COLGROUP WIDTH="600">
<COL WIDTH="459"></COL>
<COL WIDTH="141"></COL>
</COLGROUP>

<TBODY>

<TR ACOPY="N" ADELETE="N" HEIGHT="30">
<TD WIDTH="450" HEIGHT="23" AUPDATECONT="N" VALIGN="MIDDLE"></TD>
<TU WIDTH="132" HEIGHT="23" VALIGN="MIDDLE" ALIGN="RIGHT" AUNIT="WON" AUNITVALUE="1" ENG="(Unit: KRW)">(단위 : 원)</TU>
</TR>
</TBODY>
</TABLE>

<TABLE ACLASS="EXTRACTION" WIDTH="600" BORDER="1">

<COLGROUP WIDTH="600">
<COL WIDTH="100"></COL>
<COL WIDTH="100"></COL>
<COL WIDTH="100"></COL>
<COL WIDTH="100"></COL>
<COL WIDTH="100"></COL>
<COL WIDTH="100"></COL>
</COLGROUP>

<TBODY>

<TR ACOPY="N" ADELETE="N" HEIGHT="30">
<TD ROWSPAN="2" ALIGN="CENTER" VALIGN="MIDDLE" WIDTH="91" HEIGHT="53" AUPDATECONT="N" ENG="Purpose of fund use">자금용도</TD>
<TD ROWSPAN="2" ALIGN="CENTER" VALIGN="MIDDLE" WIDTH="91" HEIGHT="53" AUPDATECONT="N" ENG="Details*">세부내역*</TD>
<TD COLSPAN="4" ALIGN="CENTER" VALIGN="MIDDLE" WIDTH="391" HEIGHT="23" AUPDATECONT="N" ENG="Estimated amount to use by year">연도별 사용 예정 금액</TD>
</TR>

<TR ACOPY="N" ADELETE="N" HEIGHT="30">
<TE ALIGN="CENTER" VALIGN="MIDDLE" WIDTH="91" HEIGHT="23" ACODE="FND1_PRD1">'25년</TE>
<TE ALIGN="CENTER" VALIGN="MIDDLE" WIDTH="91" HEIGHT="23" ACODE="FND1_PRD2">'26년</TE>
<TE ALIGN="CENTER" VALIGN="MIDDLE" WIDTH="91" HEIGHT="23" ACODE="FND1_PRD3">'27년 이후</TE>
<TD ALIGN="CENTER" VALIGN="MIDDLE" WIDTH="91" HEIGHT="23" AUPDATECONT="N" ENG="Total">합계</TD>
</TR>

<TR ACOPY="Y" ADELETE="N" HEIGHT="53">
<TU ALIGN="CENTER" VALIGN="MIDDLE" WIDTH="91" HEIGHT="46" AUNIT="FND1_PPS" AUNITVALUE="2" ENG="Other purposes">기타자금</TU>
<TE ALIGN="CENTER" VALIGN="MIDDLE" WIDTH="91" HEIGHT="46" ACODE="FND1_DTL">회생채권의 변제</TE>
<TE ALIGN="RIGHT" VALIGN="MIDDLE" WIDTH="91" HEIGHT="46" ACODE="FND1_AMT1">1,353,613,221</TE>
<TE ALIGN="RIGHT" VALIGN="MIDDLE" WIDTH="91" HEIGHT="46" ACODE="FND1_AMT2">-</TE>
<TE ALIGN="RIGHT" VALIGN="MIDDLE" WIDTH="91" HEIGHT="46" ACODE="FND1_AMT3">-</TE>
<TE ALIGN="RIGHT" VALIGN="MIDDLE" WIDTH="91" HEIGHT="46" ACODE="FND1_AMTT">1,353,613,221</TE>
</TR>
</TBODY>
</TABLE>
</TABLE-GROUP>
<P>* 다음 문구를 참고하여 운영ㆍ기타자금의 세부내역을 구체적으로 기재한다.</P>
<P>   (작성예시) '□□□ 공정기술 개발을 위한 연구개발비(인건비, 재료비) 투자'</P>
</LIBRARY>

<P></P>

<TABLE-GROUP ACLASS="THD_ASN_LST" ADELETETABLE="N">

<TABLE ACLASS="NORMAL" AFIXTABLE="Y" WIDTH="600" BORDER="0">

<COLGROUP WIDTH="600">
<COL WIDTH="600"></COL>
</COLGROUP>

<TBODY>

<TR ACOPY="N" ADELETE="N" HEIGHT="30">
<TD WIDTH="591" HEIGHT="23" AUPDATECONT="N" ENG="【Selection process, Transaction Details, Allotment Details, etc. per Third-party Allotment Participant】">【제3자배정 대상자별 선정경위, 거래내역, 배정내역 등】</TD>
</TR>
</TBODY>
</TABLE>

<TABLE ACLASS="EXTRACTION" AFIXTABLE="N" WIDTH="938" BORDER="1">

<COLGROUP WIDTH="938">
<COL WIDTH="183"></COL>
<COL WIDTH="143"></COL>
<COL WIDTH="143"></COL>
<COL WIDTH="291"></COL>
<COL WIDTH="125"></COL>
<COL WIDTH="53"></COL>
</COLGROUP>

<THEAD>

<TR ACOPY="N" ADELETE="N" HEIGHT="53">
<TH VALIGN="MIDDLE" WIDTH="174" HEIGHT="46" ACOPYCOL="N" ADELETECOL="N" AMOVECOL="N" AUPDATECONT="N" ENG="Name of the third-party allotment participants">제3자배정 대상자</TH>
<TH VALIGN="MIDDLE" WIDTH="134" HEIGHT="46" ACOPYCOL="N" ADELETECOL="N" AMOVECOL="N" AUPDATECONT="N" ENG="Relationship to company or the largest shareholder">회사 또는최대주주와의 관계</TH>
<TH VALIGN="MIDDLE" WIDTH="134" HEIGHT="46" ACOPYCOL="N" ADELETECOL="N" AMOVECOL="N" AUPDATECONT="N" ENG="Circumstances of selection">선정경위</TH>
<TH VALIGN="MIDDLE" WIDTH="282" HEIGHT="46" ACOPYCOL="N" ADELETECOL="N" AMOVECOL="N" AUPDATECONT="N" ENG="Details of trading & planning within six months before and after decision on capital increase">증자결정 전후 6월이내 거래내역 및 계획</TH>
<TH VALIGN="MIDDLE" WIDTH="116" HEIGHT="46" ACOPYCOL="N" ADELETECOL="N" AMOVECOL="N" AUPDATECONT="N" ENG="Total number of shares to be allocated (shrs.)">배정주식수 (주)</TH>
<TH VALIGN="MIDDLE" WIDTH="44" HEIGHT="46" ACOPYCOL="N" ADELETECOL="N" AMOVECOL="N" AUPDATECONT="N" ENG="Note">비 고</TH>
</TR>
</THEAD>

<TBODY>

<TR ACOPY="Y" ADELETE="N" HEIGHT="30">
<TE WIDTH="174" HEIGHT="23" ACODE="PART">바이브앤컴퍼니주식회사</TE>
<TE WIDTH="134" HEIGHT="23" ACODE="RLT">-</TE>
<TE WIDTH="134" HEIGHT="23" ACODE="SLT_JDG">회생채권 출자전환</TE>
<TE WIDTH="282" HEIGHT="23" ACODE="MNTH">-</TE>
<TE ALIGN="RIGHT" WIDTH="116" HEIGHT="23" ACODE="ALL_CNT">569,942</TE>
<TE WIDTH="44" HEIGHT="23" ACODE="ETC">-</TE>
</TR>
</TBODY>
</TABLE>
</TABLE-GROUP>
<P></P>
<P></P>

</LIBRARY><P></P>

<P></P>
</SECTION-1>
</BODY>
</DOCUMENT>