<?xml version="1.0" encoding="utf-8"?>


<DOCUMENT xmlns:xsi="http://www.w3.org/2001/XMLSchema-instance" xsi:noNamespaceSchemaLocation="dart4.xsd">

<DOCUMENT-NAME ACODE="00636">주식등의 대량보유상황보고서(일반)</DOCUMENT-NAME>
<FORMULA-VERSION ADATE="20231229">6.0</FORMULA-VERSION>
<COMPANY-NAME AREGCIK="01068658">디딤이앤에프</COMPANY-NAME>

<SUMMARY>
<EXTRACTION ACODE="HOLDCHECK" AFEATURE="BOTH">0000</EXTRACTION>
<EXTRACTION ACODE="HOLDRSN" AFEATURE="BOTH">0000</EXTRACTION>
<EXTRACTION ACODE="OUTDATE" AFEATURE="BOTH"></EXTRACTION>
</SUMMARY>


<BODY ATOCID="28">

<COVER>
<COVER-TITLE ATOC="Y" AASSOCNOTE="COVER" ATOCID="1" ENG="Report on Significant Holdings of Stocks, etc.">주식등의 대량보유상황보고서</COVER-TITLE>

<TABLE-GROUP ACLASS="RPT_RSP_DT" ADELETETABLE="N">

<TABLE ACLASS="EXTRACTION" AFIXTABLE="Y" WIDTH="600" BORDER="0">

<COLGROUP WIDTH="600">
<COL WIDTH="299"></COL>
<COL WIDTH="145"></COL>
<COL WIDTH="156"></COL>
</COLGROUP>

<TBODY>

<TR ACOPY="Y" ADELETE="Y" HEIGHT="53">
<TD COLSPAN="3" ALIGN="CENTER" VALIGN="MIDDLE" WIDTH="591" AUPDATECONT="N" ENG="(General form: For cases where “the purpose of holding the stocks is not to exercise influence over the issuer’s business administration” as defined in report types under Article 147 of the Financial Investment Services and Capital Markets Act)" HEIGHT="46">(일반서식 : 자본시장과 금융투자업에 관한 법률 제147조에 의한 보고 중 '경영권에 영향을 주기 위한 목적'의 경우)</TD>
</TR>

<TR ACOPY="Y" ADELETE="Y" HEIGHT="76">
<TD COLSPAN="3" ALIGN="CENTER" VALIGN="MIDDLE" WIDTH="591" HEIGHT="69"></TD>
</TR>

<TR ACOPY="Y" ADELETE="Y" HEIGHT="30">
<TD VALIGN="MIDDLE" WIDTH="290" HEIGHT="23">금융위원회 귀중</TD>
<TD VALIGN="MIDDLE" AUPDATECONT="N" ENG="Date of occurrence of reporting obligation:" WIDTH="136" HEIGHT="23">보고의무발생일　 :</TD>
<TU ALIGN="CENTER" VALIGN="MIDDLE" AUNIT="RPT_RSP_DT" AUNITVALUE="20260105" WIDTH="147" HEIGHT="23">2026년 01월 05일</TU>
</TR>

<TR ACOPY="Y" ADELETE="Y" HEIGHT="30">
<TD VALIGN="MIDDLE" WIDTH="290" HEIGHT="23">한국거래소 귀중</TD>
<TD VALIGN="MIDDLE" AUPDATECONT="N" ENG="Report preparation date:" WIDTH="136" HEIGHT="23">보고서작성기준일 :</TD>
<TU ALIGN="CENTER" VALIGN="MIDDLE" AUNIT="RPT_REF_DT" AUNITVALUE="20260105" WIDTH="147" HEIGHT="23">2026년 01월 05일</TU>
</TR>

<TR ACOPY="Y" ADELETE="Y" HEIGHT="30">
<TD VALIGN="MIDDLE" WIDTH="290" HEIGHT="23"></TD>
<TD VALIGN="MIDDLE" AUPDATECONT="N" ENG="Reporting entity:" WIDTH="136" HEIGHT="23">보고자 : </TD>
<TE ALIGN="CENTER" VALIGN="MIDDLE" ACODE="RPT_RSP_NM" WIDTH="147" HEIGHT="23">김상훈</TE>
</TR>
</TBODY>
</TABLE>
</TABLE-GROUP>
<P></P>

<TABLE-GROUP ACLASS="SUM_INF" ADELETETABLE="N">

<TABLE ACLASS="EXTRACTION" AFIXTABLE="Y" WIDTH="627" BORDER="1">

<COLGROUP WIDTH="627">
<COL WIDTH="108"></COL>
<COL WIDTH="206"></COL>
<COL WIDTH="150"></COL>
<COL WIDTH="163"></COL>
</COLGROUP>

<TBODY>

<TR ACOPY="N" ADELETE="N" HEIGHT="30">
<TD COLSPAN="4" ALIGN="CENTER" VALIGN="MIDDLE" WIDTH="618" AUPDATECONT="N" ENG="Summary of Information" HEIGHT="23">요약정보</TD>
</TR>

<TR ACOPY="Y" ADELETE="Y" HEIGHT="30">
<TD ALIGN="CENTER" VALIGN="MIDDLE" AUPDATECONT="N" ENG="Issuing company name" WIDTH="99" HEIGHT="23">발행회사명</TD>
<TE ALIGN="CENTER" VALIGN="MIDDLE" ACODE="CRP_NM" WIDTH="197" HEIGHT="23">디딤이앤에프(선샤인푸드)</TE>
<TD ALIGN="CENTER" VALIGN="MIDDLE" AUPDATECONT="N" ENG="Relationship to issuing company" WIDTH="141" HEIGHT="23">발행회사와의 관계</TD>
<TU ALIGN="CENTER" VALIGN="MIDDLE" AUNIT="FLT_CRP_RLT" AUNITVALUE="13" WIDTH="154" HEIGHT="23" ENG="Shareholders">주주</TU>
</TR>

<TR ACOPY="N" ADELETE="N" HEIGHT="30">
<TD ALIGN="CENTER" VALIGN="MIDDLE" AUPDATECONT="N" ENG="Type of reporting" WIDTH="99" HEIGHT="23">보고구분</TD>
<TU COLSPAN="3" ALIGN="CENTER" VALIGN="MIDDLE" AUNIT="RPT_DST1" AUNITVALUE="3" WIDTH="510" HEIGHT="23" ENG="Changes">변경</TU>
</TR>

<TR ACOPY="N" ADELETE="N" HEIGHT="30">
<TD ROWSPAN="3" ALIGN="CENTER" VALIGN="MIDDLE" AUPDATECONT="N" ENG="Number of stocks, etc. held and holding ratio" WIDTH="99" HEIGHT="83">보유주식등의 수 및 보유비율</TD>
<TD ALIGN="CENTER" VALIGN="MIDDLE" AUPDATECONT="N" WIDTH="197" HEIGHT="23"></TD>
<TD ALIGN="CENTER" VALIGN="MIDDLE" AUPDATECONT="N" ENG="Number of shares held, etc." WIDTH="141" HEIGHT="23">보유주식등의 수</TD>
<TD ALIGN="CENTER" VALIGN="MIDDLE" AUPDATECONT="N" ENG="Holdings ratio" WIDTH="154" HEIGHT="23">보유비율</TD>
</TR>

<TR ACOPY="N" ADELETE="N" HEIGHT="30">
<TD ALIGN="CENTER" VALIGN="MIDDLE" AUPDATECONT="N" ENG="Previous report" WIDTH="197" HEIGHT="23">직전 보고서</TD>
<TE ALIGN="CENTER" VALIGN="MIDDLE" ACODE="SUM_BMT_CNT" WIDTH="141" HEIGHT="23">473,999</TE>
<TE ALIGN="CENTER" VALIGN="MIDDLE" ACODE="SUM_BMT_RT" WIDTH="154" HEIGHT="23">6.74</TE>
</TR>

<TR ACOPY="N" ADELETE="N" HEIGHT="30">
<TD ALIGN="CENTER" VALIGN="MIDDLE" AUPDATECONT="N" ENG="Current report" WIDTH="197" HEIGHT="23">이번 보고서</TD>
<TE ALIGN="CENTER" VALIGN="MIDDLE" ACODE="SUM_TMT_CNT" WIDTH="141" HEIGHT="23">473,999</TE>
<TE ALIGN="CENTER" VALIGN="MIDDLE" ACODE="SUM_TMT_RT" WIDTH="154" HEIGHT="23">6.74</TE>
</TR>

<TR ACOPY="N" ADELETE="N" HEIGHT="30">
<TD ROWSPAN="3" ALIGN="CENTER" VALIGN="MIDDLE" AUPDATECONT="N" ENG="Number and ratio of stocks, etc. with major contracts" WIDTH="99" HEIGHT="83">주요계약체결 주식등의 수 및 비율</TD>
<TD ALIGN="CENTER" VALIGN="MIDDLE" AUPDATECONT="N" WIDTH="197" HEIGHT="23"></TD>
<TD ALIGN="CENTER" VALIGN="MIDDLE" AUPDATECONT="N" ENG="Number of shares, etc." WIDTH="141" HEIGHT="23">주식등의 수</TD>
<TD ALIGN="CENTER" VALIGN="MIDDLE" AUPDATECONT="N" ENG="Ratio" WIDTH="154" HEIGHT="23">비율</TD>
</TR>

<TR ACOPY="N" ADELETE="N" HEIGHT="30">
<TD ALIGN="CENTER" VALIGN="MIDDLE" AUPDATECONT="N" ENG="Previous report" WIDTH="197" HEIGHT="23">직전 보고서</TD>
<TE ALIGN="CENTER" VALIGN="MIDDLE" ACODE="CTR_BMT_CNT" WIDTH="141" HEIGHT="23">-</TE>
<TE ALIGN="CENTER" VALIGN="MIDDLE" ACODE="CTR_BMT_RT" WIDTH="154" HEIGHT="23">-</TE>
</TR>

<TR ACOPY="N" ADELETE="N" HEIGHT="30">
<TD ALIGN="CENTER" VALIGN="MIDDLE" AUPDATECONT="N" ENG="Current report" WIDTH="197" HEIGHT="23">이번 보고서</TD>
<TE ALIGN="CENTER" VALIGN="MIDDLE" ACODE="CTR_TMT_CNT" WIDTH="141" HEIGHT="23">-</TE>
<TE ALIGN="CENTER" VALIGN="MIDDLE" ACODE="CTR_TMT_RT" WIDTH="154" HEIGHT="23">-</TE>
</TR>

<TR ACOPY="N" ADELETE="N" HEIGHT="30">
<TD ROWSPAN="3" ALIGN="CENTER" VALIGN="MIDDLE" AUPDATECONT="N" ENG="Number of voting rights and holding ratio" WIDTH="99" HEIGHT="83">의결권의 수 및 보유비율</TD>
<TD ALIGN="CENTER" VALIGN="MIDDLE" AUPDATECONT="N" WIDTH="197" HEIGHT="23"></TD>
<TD ALIGN="CENTER" VALIGN="MIDDLE" AUPDATECONT="N" ENG="Number of voting rights" WIDTH="141" HEIGHT="23">의결권의 수</TD>
<TD ALIGN="CENTER" VALIGN="MIDDLE" AUPDATECONT="N" ENG="Holdings ratio" WIDTH="154" HEIGHT="23">보유비율</TD>
</TR>

<TR ACOPY="N" ADELETE="N" HEIGHT="30">
<TD ALIGN="CENTER" VALIGN="MIDDLE" AUPDATECONT="N" ENG="Previous report" WIDTH="197" HEIGHT="23">직전 보고서</TD>
<TE ALIGN="CENTER" VALIGN="MIDDLE" ACODE="VR_BMT_CNT" WIDTH="141" HEIGHT="23">473,999</TE>
<TE ALIGN="CENTER" VALIGN="MIDDLE" ACODE="VR_BMT_RT" WIDTH="154" HEIGHT="23">6.74</TE>
</TR>

<TR ACOPY="N" ADELETE="N" HEIGHT="30">
<TD ALIGN="CENTER" VALIGN="MIDDLE" AUPDATECONT="N" ENG="Current report" WIDTH="197" HEIGHT="23">이번 보고서</TD>
<TE ALIGN="CENTER" VALIGN="MIDDLE" ACODE="VR_TMT_CNT" WIDTH="141" HEIGHT="23">473,999</TE>
<TE ALIGN="CENTER" VALIGN="MIDDLE" ACODE="VR_TMT_RT" WIDTH="154" HEIGHT="23">6.74</TE>
</TR>

<TR ACOPY="N" ADELETE="N" HEIGHT="39">
<TD ROWSPAN="3" ALIGN="CENTER" VALIGN="MIDDLE" AUPDATECONT="N" ENG="Number and ratio of voting rights, etc. with major contracts" WIDTH="99" HEIGHT="92">주요계약체결 의결권의 수 및비율</TD>
<TD ALIGN="CENTER" VALIGN="MIDDLE" AUPDATECONT="N" WIDTH="197" HEIGHT="32"></TD>
<TD ALIGN="CENTER" VALIGN="MIDDLE" AUPDATECONT="N" ENG="Number of voting rights" WIDTH="141" HEIGHT="32">의결권의 수</TD>
<TD ALIGN="CENTER" VALIGN="MIDDLE" AUPDATECONT="N" ENG="Ratio" WIDTH="154" HEIGHT="32">비율</TD>
</TR>

<TR ACOPY="N" ADELETE="N" HEIGHT="30">
<TD ALIGN="CENTER" VALIGN="MIDDLE" AUPDATECONT="N" ENG="Previous report" WIDTH="197" HEIGHT="23">직전 보고서</TD>
<TE ALIGN="CENTER" VALIGN="MIDDLE" ACODE="CVR_BMT_CNT" WIDTH="141" HEIGHT="23">-</TE>
<TE ALIGN="CENTER" VALIGN="MIDDLE" ACODE="CVR_BMT_RT" WIDTH="154" HEIGHT="23">-</TE>
</TR>

<TR ACOPY="N" ADELETE="N" HEIGHT="30">
<TD ALIGN="CENTER" VALIGN="MIDDLE" AUPDATECONT="N" ENG="Current report" WIDTH="197" HEIGHT="23">이번 보고서</TD>
<TE ALIGN="CENTER" VALIGN="MIDDLE" ACODE="CVR_TMT_CNT" WIDTH="141" HEIGHT="23">-</TE>
<TE ALIGN="CENTER" VALIGN="MIDDLE" ACODE="CVR_TMT_RT" WIDTH="154" HEIGHT="23">-</TE>
</TR>

<TR ACOPY="N" ADELETE="N" HEIGHT="31">
<TD ALIGN="CENTER" VALIGN="MIDDLE" AUPDATECONT="N" ENG="Reason for reporting" WIDTH="99" HEIGHT="24">보고사유</TD>
<TE COLSPAN="3" VALIGN="MIDDLE" ACODE="SUM_CHN_RWN" USERMARK="F-12 " ALIGN="CENTER" WIDTH="510" HEIGHT="24">형사고소 관련(불구속 기소)</TE>
</TR>
</TBODY>
</TABLE>
</TABLE-GROUP>
<P></P>

<TABLE ACLASS="NORMAL" AFIXTABLE="Y" WIDTH="600" BORDER="1">

<COLGROUP WIDTH="600">
<COL WIDTH="600"></COL>
</COLGROUP>

<TBODY>

<TR ACOPY="Y" ADELETE="Y" HEIGHT="76">
<TD WIDTH="591" AUPDATECONT="N" ENG="※ I hereby confirm that the holding status of stocks, etc. of myself and my related parties as of the date of preparation of the report has been accurately disclosed in accordance with applicable laws and regulations and with due diligence in writing, and that there are no misstatements or omissions of important matters." HEIGHT="69">※ 보고자 본인은 보고서작성기준일 현재 본인과 특별관계자의 주식등의 보유상황을 관련 법규 및 기재상의 주의에 따라 정확하게 작성하였고, 중요한 사항의 허위기재 또는 기재누락이 없음을 확인합니다.</TD>
</TR>
</TBODY>
</TABLE>
<P></P>
<PGBRK></PGBRK>
</COVER>

<LIBRARY>
<SECTION-1 ACLASS="MANDATORY" APARTSOURCE="SOURCE">
<TITLE ATOC="Y" ATOCID="2" ENG="Part 1 Overview of the Report">제1부 보고의 개요</TITLE>
<P></P>

<SECTION-2 ACLASS="MANDATORY">
<TITLE ATOC="Y" AASSOCNOTE="D-1-1-0-0" ATOCID="3" ENG="1. Matters related to the issuing company">1. 발행회사에 관한 사항</TITLE>

<TABLE-GROUP ACLASS="CRP_NM" ADELETETABLE="N">

<TABLE ACLASS="EXTRACTION" AFIXTABLE="Y" WIDTH="600" BORDER="1">

<COLGROUP WIDTH="600">
<COL WIDTH="104"></COL>
<COL WIDTH="186"></COL>
<COL WIDTH="218"></COL>
<COL WIDTH="92"></COL>
</COLGROUP>

<TBODY>

<TR ACOPY="N" ADELETE="N" HEIGHT="53">
<TD ALIGN="CENTER" VALIGN="MIDDLE" WIDTH="95" AUPDATECONT="N" ENG="Company name" HEIGHT="46">회사명</TD>
<TE VALIGN="MIDDLE" WIDTH="177" ACODE="CRP_NM" HEIGHT="46">디딤이앤에프(선샤인푸드)</TE>
<TD ALIGN="CENTER" VALIGN="MIDDLE" WIDTH="209" AUPDATECONT="N" ENG="Company code" HEIGHT="46">회사코드</TD>
<TE ALIGN="CENTER" VALIGN="MIDDLE" WIDTH="83" ACODE="CRP_CD" HEIGHT="46">217620</TE>
</TR>

<TR ACOPY="N" ADELETE="N" HEIGHT="53">
<TD ALIGN="CENTER" VALIGN="MIDDLE" AUPDATECONT="N" ENG="Corporation type" WIDTH="95" HEIGHT="46">법인구분</TD>
<TU ALIGN="CENTER" VALIGN="MIDDLE" AUNIT="CRP_DST" AUNITVALUE="2" WIDTH="177" HEIGHT="46" ENG="KOSDAQ market listed corporation">코스닥상장법인</TU>
<TD ALIGN="CENTER" VALIGN="MIDDLE" AUPDATECONT="N" ENG="Total number of voting shares (shrs.)" WIDTH="209" HEIGHT="46">의결권있는 발행주식 총수(주)</TD>
<TE ALIGN="CENTER" VALIGN="MIDDLE" ACODE="FLT_STK_CNT" WIDTH="83" HEIGHT="46">7,035,087</TE>
</TR>
</TBODY>
</TABLE>
</TABLE-GROUP>
<P></P>
</SECTION-2>

<SECTION-2 ACLASS="MANDATORY">
<TITLE ATOC="Y" ATOCID="4" ENG="2. Matters related to significant holders">2. 대량보유자에 관한 사항</TITLE>

<SECTION-3 ACLASS="MANDATORY">
<TITLE ATOC="Y" AASSOCNOTE="D-1-2-1-0" ATOCID="5" ENG="A. Reporting entity">가. 보고자</TITLE>
<P>(1) 보고자 개요</P>

<TABLE-GROUP ACLASS="RPT_DST1" ADELETETABLE="N">

<TABLE ACLASS="EXTRACTION" AFIXTABLE="Y" WIDTH="773" BORDER="1">

<COLGROUP WIDTH="773">
<COL WIDTH="178"></COL>
<COL WIDTH="89"></COL>
<COL WIDTH="187"></COL>
<COL WIDTH="111"></COL>
<COL WIDTH="33"></COL>
<COL WIDTH="175"></COL>
</COLGROUP>

<TBODY>

<TR ACOPY="N" ADELETE="N" HEIGHT="30">
<TD ALIGN="CENTER" VALIGN="MIDDLE" WIDTH="169" AUPDATECONT="N" ENG="Type of reporting" HEIGHT="23">보고구분</TD>
<TU COLSPAN="2" ALIGN="CENTER" VALIGN="MIDDLE" WIDTH="267" AUNIT="RPT_DST1" AUNITVALUE="3" HEIGHT="23" ENG="Changes">변경</TU>
<TU COLSPAN="3" ALIGN="CENTER" VALIGN="MIDDLE" WIDTH="310" AUNIT="RPT_DST2" AUNITVALUE="1" HEIGHT="23" ENG="Individual">개별</TU>
</TR>

<TR ACOPY="N" ADELETE="N" HEIGHT="30">
<TD ALIGN="CENTER" VALIGN="MIDDLE" AUPDATECONT="N" ENG="Reporting entity classification" WIDTH="169" HEIGHT="23">보고자 구분</TD>
<TU COLSPAN="2" ALIGN="CENTER" VALIGN="MIDDLE" AUNIT="CRP_TP" AUNITVALUE="D" WIDTH="267" HEIGHT="23" ENG="Individual (domestic)">개인(국내)</TU>
<TD COLSPAN="2" ALIGN="CENTER" VALIGN="MIDDLE" AUPDATECONT="N" ENG="Nationality" WIDTH="135" HEIGHT="23">국 적</TD>
<TE ALIGN="CENTER" VALIGN="MIDDLE" ACODE="IFR_NT" WIDTH="166" HEIGHT="23">대한민국</TE>
</TR>

<TR ACOPY="N" ADELETE="N" HEIGHT="53">
<TD ALIGN="CENTER" VALIGN="MIDDLE" AUPDATECONT="N" COLSPAN="3" ENG="Basis for reporting entity classification (only if entered as association or other organizations under law)" WIDTH="445" HEIGHT="46">보고자 구분 기재 근거(법령상 조합 또는 기타단체로 기재한 경우만 기재)</TD>
<TE COLSPAN="3" ALIGN="CENTER" VALIGN="MIDDLE" ACODE="IFR_BASE" WIDTH="310" HEIGHT="46">-</TE>
</TR>

<TR ACOPY="N" ADELETE="N" HEIGHT="30">
<TD ALIGN="CENTER" VALIGN="MIDDLE" AUPDATECONT="N" ENG="Name (Title)" WIDTH="169" HEIGHT="23">성명(명칭)</TD>
<TD ALIGN="CENTER" VALIGN="MIDDLE" AUPDATECONT="N" ENG="Korean" WIDTH="80" HEIGHT="23">한글</TD>
<TE ALIGN="CENTER" VALIGN="MIDDLE" ACODE="IFR_NM" WIDTH="178" HEIGHT="23">김상훈</TE>
<TD ALIGN="CENTER" VALIGN="MIDDLE" AUPDATECONT="N" ENG="Chinese characters (English)" WIDTH="102" HEIGHT="23">한자(영문)</TD>
<TE COLSPAN="2" ALIGN="CENTER" VALIGN="MIDDLE" ACODE="IFR_NM_HJ" WIDTH="199" HEIGHT="23">Shawn Kim</TE>
</TR>

<TR ACOPY="N" ADELETE="N" HEIGHT="53">
<TD ALIGN="CENTER" VALIGN="MIDDLE" AUPDATECONT="N" ENG="Address (Head office) [Building name/number can be omitted]" WIDTH="169" HEIGHT="46">주소(본점소재지)[읍ㆍ면ㆍ동까지만 기재]</TD>
<TE COLSPAN="2" VALIGN="MIDDLE" ACODE="IFR_ADR2" ALIGN="CENTER" WIDTH="267" HEIGHT="46">서울시 송파구 잠실동</TE>
<TD COLSPAN="2" ALIGN="CENTER" VALIGN="MIDDLE" AUPDATECONT="N" ENG="Date of birth or business registration No., etc." WIDTH="135" HEIGHT="46">생년월일 또는사업자등록번호 등</TD>
<TE ALIGN="CENTER" VALIGN="MIDDLE" ACODE="IFR_ID" WIDTH="166" HEIGHT="46">780824</TE>
</TR>

<TR ACOPY="N" ADELETE="N" HEIGHT="30">
<TD ALIGN="CENTER" VALIGN="MIDDLE" AUPDATECONT="N" ENG="Occupation (Details of business)" WIDTH="169" HEIGHT="23">직업(사업내용)</TD>
<TE COLSPAN="2" VALIGN="MIDDLE" ACODE="IFR_JOB" ALIGN="CENTER" WIDTH="267" HEIGHT="23">모험가(투자)</TE>
<TD COLSPAN="2" ALIGN="CENTER" VALIGN="MIDDLE" AUPDATECONT="N" ENG="Relationship to issuing company" WIDTH="135" HEIGHT="23">발행회사와의 관계</TD>
<TU ALIGN="CENTER" VALIGN="MIDDLE" AUNIT="FLT_CRP_RLT" AUNITVALUE="13" WIDTH="166" HEIGHT="23" ENG="Shareholders">주주</TU>
</TR>

<TR ACOPY="N" ADELETE="N" HEIGHT="53">
<TD ROWSPAN="4" ALIGN="CENTER" VALIGN="MIDDLE" AUPDATECONT="N" ENG="Contact points and person in charge" WIDTH="169" HEIGHT="136">업무상 연락처및 담당자</TD>
<TD ALIGN="CENTER" VALIGN="MIDDLE" AUPDATECONT="N" ENG="Affiliated company" WIDTH="80" HEIGHT="46">소속회사</TD>
<TE VALIGN="MIDDLE" ACODE="RSP_MAN_ADR2" ALIGN="CENTER" WIDTH="178" HEIGHT="46">주식회사 접속</TE>
<TD COLSPAN="2" ALIGN="CENTER" VALIGN="MIDDLE" AUPDATECONT="N" ENG="Department" WIDTH="135" HEIGHT="46">부서</TD>
<TE ALIGN="CENTER" VALIGN="MIDDLE" ACODE="RSP_MAN_DPT" WIDTH="166" HEIGHT="46"> 서사 기록실</TE>
</TR>

<TR ACOPY="N" ADELETE="N" HEIGHT="30">
<TD ALIGN="CENTER" VALIGN="MIDDLE" AUPDATECONT="N" ENG="Position" WIDTH="80" HEIGHT="23">직위</TD>
<TE VALIGN="MIDDLE" ACODE="RSP_MAN_PST" ALIGN="CENTER" WIDTH="178" HEIGHT="23">대표이사</TE>
<TD COLSPAN="2" ALIGN="CENTER" VALIGN="MIDDLE" AUPDATECONT="N" ENG="(Tel.)" WIDTH="135" HEIGHT="23">전화번호</TD>
<TE ALIGN="CENTER" VALIGN="MIDDLE" ACODE="RSP_MAN_PHN2" WIDTH="166" HEIGHT="23">888</TE>
</TR>

<TR ACOPY="N" ADELETE="N" HEIGHT="30">
<TD ALIGN="CENTER" VALIGN="MIDDLE" AUPDATECONT="N" ENG="Name" WIDTH="80" HEIGHT="23">성명</TD>
<TE VALIGN="MIDDLE" ACODE="RSP_MAN" ALIGN="CENTER" WIDTH="178" HEIGHT="23">김상훈</TE>
<TD COLSPAN="2" ALIGN="CENTER" VALIGN="MIDDLE" AUPDATECONT="N" ENG="Fax No." WIDTH="135" HEIGHT="23">팩스번호</TD>
<TE ALIGN="CENTER" VALIGN="MIDDLE" ACODE="RSP_MAN_FAX" WIDTH="166" HEIGHT="23">888</TE>
</TR>

<TR ACOPY="N" ADELETE="N" HEIGHT="30">
<TD ALIGN="CENTER" VALIGN="MIDDLE" AUPDATECONT="N" ENG="E-mail address" WIDTH="80" HEIGHT="23">이메일 주소</TD>
<TE VALIGN="MIDDLE" ACODE="RSP_MAN_EML" ALIGN="CENTER" COLSPAN="4" WIDTH="497" HEIGHT="23">******_hellgate@gmail.com</TE>
</TR>
</TBODY>
</TABLE>
</TABLE-GROUP>

<P></P>
<P>(2) 보고자에 대한 구체적인 사항(법인, 기타단체, 법령상조합, 민법상 조합의 경우 기재)</P>

<TABLE-GROUP ACLASS="REP_SUB" ADELETETABLE="N">

<TABLE ACLASS="EXTRACTION" AFIXTABLE="Y" WIDTH="600" BORDER="1">

<COLGROUP WIDTH="600">
<COL WIDTH="170"></COL>
<COL WIDTH="139"></COL>
<COL WIDTH="165"></COL>
<COL WIDTH="126"></COL>
</COLGROUP>

<TBODY>

<TR ACOPY="N" ADELETE="N" HEIGHT="30">
<TD ALIGN="CENTER" VALIGN="MIDDLE" WIDTH="161" AUPDATECONT="N" ENG="Legal personality" HEIGHT="23">법적성격</TD>
<TE WIDTH="421" ACODE="SUB_CHA" COLSPAN="3" VALIGN="MIDDLE" ALIGN="CENTER" HEIGHT="23">-</TE>
</TR>

<TR ACOPY="N" ADELETE="N" HEIGHT="53">
<TD ALIGN="CENTER" VALIGN="MIDDLE" AUPDATECONT="N" ENG="Total assets (or total assets under management)" WIDTH="161" HEIGHT="46">자산총액(또는 운용자산총액)</TD>
<TE ACODE="SUB_AST" VALIGN="MIDDLE" ALIGN="RIGHT" WIDTH="130" HEIGHT="46">-</TE>
<TD ALIGN="CENTER" VALIGN="MIDDLE" AUPDATECONT="N" ENG="Total liabilities" WIDTH="156" HEIGHT="46">부채총액</TD>
<TE ACODE="SUB_DEB" VALIGN="MIDDLE" ALIGN="RIGHT" WIDTH="117" HEIGHT="46">-</TE>
</TR>

<TR ACOPY="N" ADELETE="N" HEIGHT="30">
<TD ALIGN="CENTER" VALIGN="MIDDLE" AUPDATECONT="N" ENG="Total equity" WIDTH="161" HEIGHT="23">자본총액</TD>
<TE ACODE="SUB_CAP" VALIGN="MIDDLE" ALIGN="RIGHT" WIDTH="130" HEIGHT="23">-</TE>
<TD ALIGN="CENTER" VALIGN="MIDDLE" AUPDATECONT="N" ENG="Issued capital" WIDTH="156" HEIGHT="23">자본금</TD>
<TE ACODE="SUB_EQU" VALIGN="MIDDLE" ALIGN="RIGHT" WIDTH="117" HEIGHT="23">-</TE>
</TR>

<TR ACOPY="N" ADELETE="N" HEIGHT="76">
<TD ALIGN="CENTER" VALIGN="MIDDLE" AUPDATECONT="N" ENG="Representative (representative member or executive member)" WIDTH="161" HEIGHT="69">대표자(대표조합원 또는업무집행조합원)</TD>
<TE ACODE="SUB_REP" COLSPAN="3" VALIGN="MIDDLE" ALIGN="CENTER" WIDTH="421" HEIGHT="69">-</TE>
</TR>

<TR ACOPY="N" ADELETE="N" HEIGHT="53">
<TD ALIGN="CENTER" VALIGN="MIDDLE" AUPDATECONT="N" ENG="Decision-making body (decision-maker)" WIDTH="161" HEIGHT="46">의사결정기구(의사결정권자)</TD>
<TE ACODE="SUB_DEC" COLSPAN="3" VALIGN="MIDDLE" ALIGN="CENTER" WIDTH="421" HEIGHT="46">-</TE>
</TR>

<TR ACOPY="N" ADELETE="N" HEIGHT="53">
<TD ALIGN="CENTER" VALIGN="MIDDLE" AUPDATECONT="N" ENG="Largest shareholder (largest investor)" WIDTH="161" HEIGHT="46">최대주주(최다출자자)</TD>
<TE ACODE="SUB_LAR" VALIGN="MIDDLE" ALIGN="CENTER" WIDTH="130" HEIGHT="46">-</TE>
<TD ALIGN="CENTER" VALIGN="MIDDLE" AUPDATECONT="N" ENG="Shareholding ratio of the largest shareholder (%) (investment ratio of the largest investor)" WIDTH="156" HEIGHT="46">최대주주 지분율(%)(최다출자자 출자비율)</TD>
<TE ACODE="SUB_LRT" VALIGN="MIDDLE" ALIGN="RIGHT" WIDTH="117" HEIGHT="46">-</TE>
</TR>
</TBODY>
</TABLE>
</TABLE-GROUP>

<P></P>
</SECTION-3>

<SECTION-3 ACLASS="MANDATORY">
<TITLE ATOC="Y" AASSOCNOTE="D-1-2-2-0" ATOCID="6" ENG="B. Specially related parties">나. 특별관계자</TITLE>
<P>(1) 특별관계자 개요</P>

<TABLE-GROUP ACLASS="SPC_NM" ADELETETABLE="N">

<TABLE ACLASS="EXTRACTION" AFIXTABLE="N" WIDTH="785" BORDER="1">

<COLGROUP WIDTH="785">
<COL WIDTH="37"></COL>
<COL WIDTH="74"></COL>
<COL WIDTH="59"></COL>
<COL WIDTH="91"></COL>
<COL WIDTH="95"></COL>
<COL WIDTH="95"></COL>
<COL WIDTH="169"></COL>
<COL WIDTH="85"></COL>
<COL WIDTH="80"></COL>
</COLGROUP>

<THEAD>

<TR ACOPY="N" ADELETE="N" HEIGHT="99">
<TH VALIGN="MIDDLE" WIDTH="28" ACOPYCOL="N" ADELETECOL="N" AMOVECOL="N" AUPDATECONT="N" ENG="Sequential No." HEIGHT="92">연번</TH>
<TH VALIGN="MIDDLE" WIDTH="65" ACOPYCOL="N" ADELETECOL="N" AMOVECOL="N" AUPDATECONT="N" ENG="Name (Title)" HEIGHT="92">성 명(명칭)</TH>
<TH VALIGN="MIDDLE" WIDTH="50" ACOPYCOL="N" ADELETECOL="N" AMOVECOL="N" AUPDATECONT="N" ENG="Category" HEIGHT="92">구분</TH>
<TH VALIGN="MIDDLE" WIDTH="82" ACOPYCOL="N" ADELETECOL="N" AMOVECOL="N" AUPDATECONT="N" ENG="Detailed relationship with the reporting entity" HEIGHT="92">보고자와의구체적 관계</TH>
<TH VALIGN="MIDDLE" WIDTH="86" ACOPYCOL="N" ADELETECOL="N" AMOVECOL="N" AUPDATECONT="N" ENG="Date of birth or business registration No., etc." HEIGHT="92">생년월일또는사업자등록번호 등</TH>
<TH VALIGN="MIDDLE" WIDTH="86" ACOPYCOL="N" ADELETECOL="N" AMOVECOL="N" AUPDATECONT="N" ENG="Nationality" HEIGHT="92">국적</TH>
<TH VALIGN="MIDDLE" WIDTH="160" ACOPYCOL="N" ADELETECOL="N" AMOVECOL="N" AUPDATECONT="N" ENG="Address (Location)" HEIGHT="92">주  소(소재지)</TH>
<TH VALIGN="MIDDLE" WIDTH="76" ACOPYCOL="N" ADELETECOL="N" AMOVECOL="N" AUPDATECONT="N" ENG="Occupation (Details of business)" HEIGHT="92">직  업(사업내용)</TH>
<TH VALIGN="MIDDLE" WIDTH="71" ACOPYCOL="N" ADELETECOL="N" AMOVECOL="N" AUPDATECONT="N" ENG="Relationship to issuing company" HEIGHT="92">발행회사와의 관계</TH>
</TR>
</THEAD>

<TBODY>

<TR ACOPY="Y" ADELETE="N" HEIGHT="30">
<TE ALIGN="CENTER" VALIGN="MIDDLE" ACODE="SEQ_NO" WIDTH="28" HEIGHT="23">-</TE>
<TE ALIGN="CENTER" VALIGN="MIDDLE" ACODE="SPC_NM" WIDTH="65" HEIGHT="23">-</TE>
<TU ALIGN="CENTER" VALIGN="MIDDLE" AUNIT="SPC_TP" AUNITVALUE="-" WIDTH="50" HEIGHT="23" ENG="-">-</TU>
<TU ALIGN="CENTER" VALIGN="MIDDLE" AUNIT="IFR_RLT" AUNITVALUE="-" WIDTH="82" HEIGHT="23" ENG="-">-</TU>
<TE ALIGN="CENTER" VALIGN="MIDDLE" ACODE="SPC_ID2" WIDTH="86" HEIGHT="23">-</TE>
<TE ALIGN="CENTER" VALIGN="MIDDLE" ACODE="SPC_NT" WIDTH="86" HEIGHT="23">-</TE>
<TE VALIGN="MIDDLE" ACODE="ADR2" WIDTH="160" HEIGHT="23">-</TE>
<TE VALIGN="MIDDLE" ACODE="JOB" WIDTH="76" HEIGHT="23">-</TE>
<TU VALIGN="MIDDLE" AUNIT="FLT_CRP_RLT" AUNITVALUE="-" WIDTH="71" HEIGHT="23" ENG="-">-</TU>
</TR>
</TBODY>
</TABLE>
</TABLE-GROUP>

<TABLE ACLASS="NORMAL" AFIXTABLE="N" WIDTH="600" BORDER="0">

<COLGROUP WIDTH="600">
<COL WIDTH="600"></COL>
</COLGROUP>

<TBODY>

<TR ACOPY="Y" ADELETE="Y" HEIGHT="30">
<TD WIDTH="591" HEIGHT="23">* 주소는 읍ㆍ면ㆍ동까지만 기재</TD>
</TR>
</TBODY>
</TABLE>

<P></P>
<P>(2) 특별관계자에 대한 구체적인 사항(법인, 기타단체, 법령상조합, 민법상 조합의 경우 기재)</P>

<TABLE-GROUP ACLASS="SPE_SUB" ADELETETABLE="N">

<TABLE ACLASS="EXTRACTION" AFIXTABLE="Y" WIDTH="600" BORDER="1">

<COLGROUP WIDTH="600">
<COL WIDTH="170"></COL>
<COL WIDTH="139"></COL>
<COL WIDTH="165"></COL>
<COL WIDTH="126"></COL>
</COLGROUP>

<TBODY>

<TR ACOPY="N" ADELETE="N" HEIGHT="30">
<TD ALIGN="CENTER" VALIGN="MIDDLE" WIDTH="161" AUPDATECONT="N" ENG="Legal personality" HEIGHT="23">법적성격</TD>
<TE WIDTH="421" ACODE="SUB_CHA" COLSPAN="3" VALIGN="MIDDLE" ALIGN="CENTER" HEIGHT="23">-</TE>
</TR>

<TR ACOPY="N" ADELETE="N" HEIGHT="53">
<TD ALIGN="CENTER" VALIGN="MIDDLE" AUPDATECONT="N" ENG="Total assets (or total assets under management)" WIDTH="161" HEIGHT="46">자산총액(또는 운용자산총액)</TD>
<TE ACODE="SUB_AST" VALIGN="MIDDLE" ALIGN="RIGHT" WIDTH="130" HEIGHT="46">-</TE>
<TD ALIGN="CENTER" VALIGN="MIDDLE" AUPDATECONT="N" ENG="Total liabilities" WIDTH="156" HEIGHT="46">부채총액</TD>
<TE ACODE="SUB_DEB" VALIGN="MIDDLE" ALIGN="RIGHT" WIDTH="117" HEIGHT="46">-</TE>
</TR>

<TR ACOPY="N" ADELETE="N" HEIGHT="30">
<TD ALIGN="CENTER" VALIGN="MIDDLE" AUPDATECONT="N" ENG="Total equity" WIDTH="161" HEIGHT="23">자본총액</TD>
<TE ACODE="SUB_CAP" VALIGN="MIDDLE" ALIGN="RIGHT" WIDTH="130" HEIGHT="23">-</TE>
<TD ALIGN="CENTER" VALIGN="MIDDLE" AUPDATECONT="N" ENG="Issued capital" WIDTH="156" HEIGHT="23">자본금</TD>
<TE ACODE="SUB_EQU" VALIGN="MIDDLE" ALIGN="RIGHT" WIDTH="117" HEIGHT="23">-</TE>
</TR>

<TR ACOPY="N" ADELETE="N" HEIGHT="76">
<TD ALIGN="CENTER" VALIGN="MIDDLE" AUPDATECONT="N" ENG="Representative (representative member or executive member)" WIDTH="161" HEIGHT="69">대표자(대표조합원 또는업무집행조합원)</TD>
<TE ACODE="SUB_REP" COLSPAN="3" VALIGN="MIDDLE" ALIGN="CENTER" WIDTH="421" HEIGHT="69">-</TE>
</TR>

<TR ACOPY="N" ADELETE="N" HEIGHT="53">
<TD ALIGN="CENTER" VALIGN="MIDDLE" AUPDATECONT="N" ENG="Decision-making body (decision-maker)" WIDTH="161" HEIGHT="46">의사결정기구(의사결정권자)</TD>
<TE ACODE="SUB_DEC" COLSPAN="3" VALIGN="MIDDLE" ALIGN="CENTER" WIDTH="421" HEIGHT="46">-</TE>
</TR>

<TR ACOPY="N" ADELETE="N" HEIGHT="53">
<TD ALIGN="CENTER" VALIGN="MIDDLE" AUPDATECONT="N" ENG="Largest shareholder (largest investor)" WIDTH="161" HEIGHT="46">최대주주(최다출자자)</TD>
<TE ACODE="SUB_LAR" VALIGN="MIDDLE" ALIGN="CENTER" WIDTH="130" HEIGHT="46">-</TE>
<TD ALIGN="CENTER" VALIGN="MIDDLE" AUPDATECONT="N" ENG="Shareholding ratio of the largest shareholder (%) (investment ratio of the largest investor)" WIDTH="156" HEIGHT="46">최대주주 지분율(%)(최다출자자 출자비율)</TD>
<TE ACODE="SUB_LRT" VALIGN="MIDDLE" ALIGN="RIGHT" WIDTH="117" HEIGHT="46">-</TE>
</TR>
</TBODY>
</TABLE>
</TABLE-GROUP>
<P></P>

<P></P>
</SECTION-3>

<SECTION-3 ACLASS="MANDATORY">
<TITLE ATOC="Y" AASSOCNOTE="D-1-2-3-0" ATOCID="7" ENG="C. Collective investment business entity">다. 집합투자업자</TITLE>
<P>(보고자 또는 특별관계자가 규정 제3-10조 제2항에 따른 "집합투자기구"인 경우에 한함) </P>
<P>(1) 집합투자업자 개요</P>

<TABLE-GROUP ACLASS="ASST_MNG" ADELETETABLE="N">

<TABLE ACLASS="EXTRACTION" AFIXTABLE="N" WIDTH="660" BORDER="1">

<COLGROUP WIDTH="660">
<COL WIDTH="42"></COL>
<COL WIDTH="80"></COL>
<COL WIDTH="95"></COL>
<COL WIDTH="109"></COL>
<COL WIDTH="68"></COL>
<COL WIDTH="215"></COL>
<COL WIDTH="51"></COL>
</COLGROUP>

<THEAD>

<TR ACOPY="N" ADELETE="N" HEIGHT="53">
<TH VALIGN="MIDDLE" WIDTH="33" ACOPYCOL="N" ADELETECOL="N" AMOVECOL="N" AUPDATECONT="N" ENG="Sequential No." HEIGHT="46">연번</TH>
<TH VALIGN="MIDDLE" WIDTH="71" ACOPYCOL="N" ADELETECOL="N" AMOVECOL="N" AUPDATECONT="N" ENG="Name" HEIGHT="46">명칭</TH>
<TH VALIGN="MIDDLE" WIDTH="86" ACOPYCOL="N" ADELETECOL="N" AMOVECOL="N" AUPDATECONT="N" ENG="Business registration No., etc." HEIGHT="46">사업자등록번호 등</TH>
<TH VALIGN="MIDDLE" WIDTH="100" ACOPYCOL="N" ADELETECOL="N" AMOVECOL="N" AUPDATECONT="N" ENG="Target collective investment scheme" HEIGHT="46">대상 집합투자기구</TH>
<TH VALIGN="MIDDLE" WIDTH="59" ACOPYCOL="N" ADELETECOL="N" AMOVECOL="N" AUPDATECONT="N" ENG="Nationality" HEIGHT="46">국적</TH>
<TH VALIGN="MIDDLE" WIDTH="206" ACOPYCOL="N" ADELETECOL="N" AMOVECOL="N" AUPDATECONT="N" ENG="Address (Location)" HEIGHT="46">주  소(소재지)</TH>
<TH VALIGN="MIDDLE" WIDTH="42" ACOPYCOL="N" ADELETECOL="N" AMOVECOL="N" AUPDATECONT="N" ENG="Note" HEIGHT="46">비고</TH>
</TR>
</THEAD>

<TBODY>

<TR ACOPY="Y" ADELETE="N" HEIGHT="30">
<TE ALIGN="CENTER" VALIGN="MIDDLE" ACODE="SEQ_NO" WIDTH="33" HEIGHT="23">-</TE>
<TE ALIGN="CENTER" VALIGN="MIDDLE" ACODE="SPC_NM" WIDTH="71" HEIGHT="23">-</TE>
<TE ALIGN="CENTER" VALIGN="MIDDLE" ACODE="SPC_ID2" WIDTH="86" HEIGHT="23">-</TE>
<TE ALIGN="CENTER" VALIGN="MIDDLE" ACODE="TGT_INV" WIDTH="100" HEIGHT="23">-</TE>
<TE ALIGN="CENTER" VALIGN="MIDDLE" ACODE="SPC_NT" WIDTH="59" HEIGHT="23">-</TE>
<TE VALIGN="MIDDLE" ACODE="ADR2" WIDTH="206" HEIGHT="23">-</TE>
<TE VALIGN="MIDDLE" ACODE="RMK" WIDTH="42" HEIGHT="23">-</TE>
</TR>

<TR ACOPY="Y" ADELETE="Y" HEIGHT="30">
<TE ALIGN="CENTER" VALIGN="MIDDLE" ACODE="SEQ_NO" WIDTH="33" HEIGHT="23">-</TE>
<TE ALIGN="CENTER" VALIGN="MIDDLE" ACODE="SPC_NM" WIDTH="71" HEIGHT="23">-</TE>
<TE ALIGN="CENTER" VALIGN="MIDDLE" ACODE="SPC_ID2" WIDTH="86" HEIGHT="23">-</TE>
<TE ALIGN="CENTER" VALIGN="MIDDLE" ACODE="TGT_INV" WIDTH="100" HEIGHT="23">-</TE>
<TE ALIGN="CENTER" VALIGN="MIDDLE" ACODE="SPC_NT" WIDTH="59" HEIGHT="23">-</TE>
<TE VALIGN="MIDDLE" ACODE="ADR2" WIDTH="206" HEIGHT="23">-</TE>
<TE VALIGN="MIDDLE" ACODE="RMK" WIDTH="42" HEIGHT="23">-</TE>
</TR>
</TBODY>
</TABLE>
</TABLE-GROUP>
<P></P>
<P>(2) 집합투자업자에 대한 구체적인 사항</P>

<TABLE ACLASS="NORMAL" AFIXTABLE="N" WIDTH="600" BORDER="1">

<COLGROUP WIDTH="600">
<COL WIDTH="150"></COL>
<COL WIDTH="150"></COL>
<COL WIDTH="150"></COL>
<COL WIDTH="150"></COL>
</COLGROUP>

<TBODY>

<TR ACOPY="Y" ADELETE="Y" HEIGHT="30">
<TD ALIGN="CENTER" VALIGN="MIDDLE" WIDTH="141" HEIGHT="23">법적성격</TD>
<TD COLSPAN="3" WIDTH="441" VALIGN="MIDDLE" HEIGHT="23">-</TD>
</TR>

<TR ACOPY="Y" ADELETE="Y" HEIGHT="30">
<TD ALIGN="CENTER" VALIGN="MIDDLE" WIDTH="141" HEIGHT="23">자본금</TD>
<TD VALIGN="MIDDLE" WIDTH="141" HEIGHT="23">-</TD>
<TD ALIGN="CENTER" VALIGN="MIDDLE" WIDTH="141" HEIGHT="23">운용자산총액</TD>
<TD VALIGN="MIDDLE" WIDTH="141" HEIGHT="23">-</TD>
</TR>

<TR ACOPY="Y" ADELETE="Y" HEIGHT="30">
<TD ALIGN="CENTER" VALIGN="MIDDLE" WIDTH="141" HEIGHT="23">대표자</TD>
<TD COLSPAN="3" VALIGN="MIDDLE" WIDTH="441" HEIGHT="23">-</TD>
</TR>

<TR ACOPY="Y" ADELETE="Y" HEIGHT="53">
<TD ALIGN="CENTER" VALIGN="MIDDLE" WIDTH="141" HEIGHT="46">의사결정기구(의사결정권자)</TD>
<TD COLSPAN="3" VALIGN="MIDDLE" WIDTH="441" HEIGHT="46">-</TD>
</TR>

<TR ACOPY="Y" ADELETE="Y" HEIGHT="53">
<TD ALIGN="CENTER" VALIGN="MIDDLE" WIDTH="141" HEIGHT="46">최대주주(법인 대표자)</TD>
<TD VALIGN="MIDDLE" WIDTH="141" HEIGHT="46">-</TD>
<TD ALIGN="CENTER" VALIGN="MIDDLE" WIDTH="141" HEIGHT="46">최대주주 지분율</TD>
<TD VALIGN="MIDDLE" WIDTH="141" HEIGHT="46">-</TD>
</TR>
</TBODY>
</TABLE>
<P></P>
</SECTION-3>
</SECTION-2>

<SECTION-2 ACLASS="MANDATORY">
<TITLE ATOC="Y" AASSOCNOTE="D-1-3-0-0" ATOCID="8" ENG="3. Number of stocks, etc. held and holding ratio">3. 보유주식등의 수 및 보유비율</TITLE>

<TABLE-GROUP ACLASS="BFR_IFR" ADELETETABLE="N">

<TABLE ACLASS="EXTRACTION" AFIXTABLE="Y" WIDTH="820" BORDER="1">

<COLGROUP WIDTH="820">
<COL WIDTH="87"></COL>
<COL WIDTH="136"></COL>
<COL WIDTH="81"></COL>
<COL WIDTH="102"></COL>
<COL WIDTH="102"></COL>
<COL WIDTH="54"></COL>
<COL WIDTH="98"></COL>
<COL WIDTH="63"></COL>
<COL WIDTH="97"></COL>
</COLGROUP>

<THEAD>

<TR ACOPY="Y" ADELETE="Y" HEIGHT="30">
<TH ROWSPAN="2" VALIGN="MIDDLE" WIDTH="78" ACOPYCOL="Y" ADELETECOL="Y" AMOVECOL="N" AUPDATECONT="N" HEIGHT="76"></TH>
<TH ROWSPAN="2" VALIGN="MIDDLE" WIDTH="127" ACOPYCOL="Y" ADELETECOL="Y" AMOVECOL="N" AUPDATECONT="N" ENG="Report preparation date:" HEIGHT="76">보고서작성기준일</TH>
<TH COLSPAN="2" VALIGN="MIDDLE" WIDTH="174" ACOPYCOL="Y" ADELETECOL="Y" AMOVECOL="N" AUPDATECONT="N" ENG="Reporting entity" HEIGHT="23">보고자</TH>
<TH COLSPAN="2" VALIGN="MIDDLE" WIDTH="147" ACOPYCOL="Y" ADELETECOL="Y" AMOVECOL="N" AUPDATECONT="N" ENG="Stocks, etc." HEIGHT="23">주식등</TH>
<TH COLSPAN="2" VALIGN="MIDDLE" WIDTH="152" ACOPYCOL="Y" ADELETECOL="Y" AMOVECOL="N" AUPDATECONT="N" ENG="Share certificates" HEIGHT="23">주권</TH>
<TH ROWSPAN="2" VALIGN="MIDDLE" WIDTH="88" ACOPYCOL="Y" ADELETECOL="Y" AMOVECOL="N" AUPDATECONT="N" ENG="Total number of voting shares (shrs.)" HEIGHT="76">의결권 있는 발행주식총수(주)</TH>
</TR>

<TR ACOPY="Y" ADELETE="Y" HEIGHT="53">
<TH VALIGN="MIDDLE" ACOPYCOL="Y" ADELETECOL="Y" AMOVECOL="N" AUPDATECONT="N" ENG="Name" WIDTH="72" HEIGHT="46">본인 성명</TH>
<TH VALIGN="MIDDLE" ACOPYCOL="Y" ADELETECOL="Y" AMOVECOL="N" AUPDATECONT="N" ENG="Number of specially related parties" WIDTH="93" HEIGHT="46">특별관계자수</TH>
<TH VALIGN="MIDDLE" ACOPYCOL="Y" ADELETECOL="Y" AMOVECOL="N" AUPDATECONT="N" ENG="Number of shares, etc. (shrs.)" WIDTH="93" HEIGHT="46">주식등의 수(주)</TH>
<TH VALIGN="MIDDLE" ACOPYCOL="Y" ADELETECOL="Y" AMOVECOL="N" AUPDATECONT="N" ENG="Ratio (%)" WIDTH="45" HEIGHT="46">비율(%)</TH>
<TH VALIGN="MIDDLE" ACOPYCOL="Y" ADELETECOL="Y" AMOVECOL="N" AUPDATECONT="N" ENG="Number of shares (shrs.)" WIDTH="89" HEIGHT="46">주식수(주)</TH>
<TH VALIGN="MIDDLE" ACOPYCOL="Y" ADELETECOL="Y" AMOVECOL="N" AUPDATECONT="N" ENG="Ratio (%)" WIDTH="54" HEIGHT="46">비율(%)</TH>
</TR>
</THEAD>

<TBODY>

<TR ACOPY="Y" ADELETE="Y" HEIGHT="30">
<TD ALIGN="CENTER" VALIGN="MIDDLE" AUPDATECONT="N" ENG="Previous report" WIDTH="78" HEIGHT="23">직전보고서</TD>
<TU ALIGN="CENTER" VALIGN="MIDDLE" AUNIT="BFR_RPT_DT" AUNITVALUE="20251013" WIDTH="127" HEIGHT="23">2025년 10월 13일</TU>
<TE ALIGN="CENTER" VALIGN="MIDDLE" ACODE="BFR_IFR" WIDTH="72" HEIGHT="23">김상훈</TE>
<TE ALIGN="RIGHT" VALIGN="MIDDLE" ACODE="BFR_RPT_CNT" WIDTH="93" HEIGHT="23">0</TE>
<TE ALIGN="RIGHT" VALIGN="MIDDLE" ACODE="BFR_STK_CNT" WIDTH="93" HEIGHT="23">473,999</TE>
<TE ALIGN="RIGHT" VALIGN="MIDDLE" ACODE="BFR_STK_RT" WIDTH="45" HEIGHT="23">6.74</TE>
<TE ALIGN="RIGHT" VALIGN="MIDDLE" ACODE="BFR_CMT_CNT" WIDTH="89" HEIGHT="23">473,999</TE>
<TE ALIGN="RIGHT" VALIGN="MIDDLE" ACODE="BFR_CMT_RT" WIDTH="54" HEIGHT="23">6.74</TE>
<TE ALIGN="RIGHT" VALIGN="MIDDLE" ACODE="BFR_STK_CT" WIDTH="88" HEIGHT="23">7,035,087</TE>
</TR>

<TR ACOPY="Y" ADELETE="Y" HEIGHT="30">
<TD ALIGN="CENTER" VALIGN="MIDDLE" AUPDATECONT="N" ENG="Current report" WIDTH="78" HEIGHT="23">이번보고서</TD>
<TU ALIGN="CENTER" VALIGN="MIDDLE" AUNIT="THS_RPT_DT" AUNITVALUE="20260105" WIDTH="127" HEIGHT="23">2026년 01월 05일</TU>
<TE ALIGN="CENTER" VALIGN="MIDDLE" ACODE="THS_IFR" WIDTH="72" HEIGHT="23">김상훈</TE>
<TE ALIGN="RIGHT" VALIGN="MIDDLE" ACODE="THS_RPT_CNT" WIDTH="93" HEIGHT="23">0</TE>
<TE ALIGN="RIGHT" VALIGN="MIDDLE" ACODE="THS_STK_CNT" WIDTH="93" HEIGHT="23">473,999</TE>
<TE ALIGN="RIGHT" VALIGN="MIDDLE" ACODE="THS_STK_RT" WIDTH="45" HEIGHT="23">6.74</TE>
<TE ALIGN="RIGHT" VALIGN="MIDDLE" ACODE="THS_CMT_CNT" WIDTH="89" HEIGHT="23">473,999</TE>
<TE ALIGN="RIGHT" VALIGN="MIDDLE" ACODE="THS_CMT_RT" WIDTH="54" HEIGHT="23">6.74</TE>
<TE ALIGN="RIGHT" VALIGN="MIDDLE" ACODE="THS_STK_CT" WIDTH="88" HEIGHT="23">7,035,087</TE>
</TR>

<TR ACOPY="Y" ADELETE="Y" HEIGHT="30">
<TD COLSPAN="4" ALIGN="CENTER" VALIGN="MIDDLE" AUPDATECONT="N" ENG="Increase or decrease" WIDTH="397" HEIGHT="23">증    감</TD>
<TE ALIGN="RIGHT" VALIGN="MIDDLE" ACODE="MDF_STK_CNT" WIDTH="93" HEIGHT="23">0</TE>
<TE ALIGN="RIGHT" VALIGN="MIDDLE" ACODE="MDF_STK_RT" WIDTH="45" HEIGHT="23">0</TE>
<TE ALIGN="RIGHT" VALIGN="MIDDLE" ACODE="MDF_CMT_CNT" WIDTH="89" HEIGHT="23">0</TE>
<TE ALIGN="RIGHT" VALIGN="MIDDLE" ACODE="MDF_CMT_RT" WIDTH="54" HEIGHT="23">0</TE>
<TE ALIGN="RIGHT" VALIGN="MIDDLE" ACODE="MDF_STK_CT" WIDTH="88" HEIGHT="23">0</TE>
</TR>
</TBODY>
</TABLE>
</TABLE-GROUP>
<P></P>
</SECTION-2>

<SECTION-2 ACLASS="MANDATORY">
<TITLE ATOC="Y" AASSOCNOTE="D-1-4-0-0" ATOCID="9" ENG="4. Purpose of holding">4. 보유목적</TITLE>

<TABLE-GROUP ACLASS="HLD_OBJ_DTL" ADELETETABLE="N">

<TABLE ACLASS="EXTRACTION" AFIXTABLE="Y" WIDTH="153" BORDER="1">

<COLGROUP WIDTH="153">
<COL WIDTH="153"></COL>
</COLGROUP>

<TBODY>

<TR ACOPY="Y" ADELETE="Y" HEIGHT="30">
<TU WIDTH="144" VALIGN="MIDDLE" AUNIT="PUR_OWN" AUNITVALUE="01" HEIGHT="23" ENG="Influence on management">경영권 영향</TU>
</TR>
</TBODY>
</TABLE>

<TABLE ACLASS="EXTRACTION" AFIXTABLE="Y" WIDTH="600" BORDER="1">

<COLGROUP WIDTH="600">
<COL WIDTH="600"></COL>
</COLGROUP>

<TBODY>

<TR ACOPY="Y" ADELETE="Y" HEIGHT="1135">

<TE WIDTH="591" ACODE="HLD_OBJ_DTL" USERMARK="F-12 " HEIGHT="1128">
<P>주주 여러분께 안내드립니다.</P>
<P>주주 여러분의 알 권리와 정보 비대칭 해소를 위해,확인된 사실에 한하여 아래와 같이 안내드립니다.</P>
<P>관할 검찰청으로부터 통지된 내용에 따르면,아래 사건에 대하여 불구속 기소되어 공판 절차가 진행될 예정임이 확인되었습니다.</P>
<P>*사건번호: 2025형제59015호</P>
<P>*관할기관: 인천지방검찰청</P>
<P>*진행 현황: 불구속 기소(공판 진행 예정)</P>
<P>*관련 혐의: 업무상 배임, 상법 위반</P>
<P>*대상: 현 대표이사 등 사건 관련 피의자</P>
<P>본 안내는 수사기관의 공식 통지에 근거한 절차적 진행 상황의 공유이며,해당 사건의 유·무죄 및 법적 책임 여부는 향후 법원의 판단을 통해 확정될사안입니다.</P>
<P>이번 사안의 영향은 본인에게만 국한되지 않습니다.이 기업의 구조 안에는 주주와 직원, 가맹점주와 그 현장의 직원들, 그리고협력업체분들까지 포함해 수만 명의 이해관계자가 함께 연결되어 있습니다.경영권을 올바르게 사용하지 못한 결정들은 본인을 넘어 많은 사람들의 삶에직접적인 영향을 미치게 됩니다.</P>
<P>기업은 누군가의 사익을 위한 사냥의 대상이 되어서는 안 되며, 경영권은 기업을소모하는 수단이 아니라 지속 가능성과 신뢰를 지키기 위한 책임이어야 한다고생각합니다.</P>
<P>무자본 M&A를 활용한 기업 사냥은 기업의 지속 가능성을 근본부터 흔들 수 있다는사실을, 저는 이 회사를 통해 경험했습니다.</P>
<P>본 형사 고소는 이러한 구조적 문제와 그로 인해 발생할 수 있는 영향들을수사기관에 알리기 위한 절차적 선택이었습니다.</P>
<P>향후 재판 절차의 진행 과정 중 주주 판단에 참고할 만한 중요한 변동 사항이확인될 경우, 관련 사실에 한하여 추가로 공유드릴 예정입니다.마지막으로, 이 글을 읽는 모든 분들께 개인적인 경험에 근거한 한 가지 당부를전하고자 합니다.무자본 M&A와 밀접하게 연관된 구조를 가진 회사에 대해서는 그 위험을 충분히인지하시고, 각별히 신중한 판단을 하시기를 바랍니다.</P>
<P>앞으로 대한민국 주식시장에서 이러한 일들이 반복되지 않기를 기원합니다.</P>
<P></P>
<P USERMARK="F-12 ">                                          https://con-salad.com</P>
</TE>
</TR>
</TBODY>
</TABLE>
</TABLE-GROUP>
<P></P>
</SECTION-2>

<SECTION-2 ACLASS="MANDATORY">
<TITLE ATOC="Y" AASSOCNOTE="D-1-5-0-0" ATOCID="10" ENG="5. Reasons for change [Modification]">5. 변동[변경]사유</TITLE>

<TABLE-GROUP ACLASS="CHN_RSN_DTL" ADELETETABLE="N">

<TABLE ACLASS="EXTRACTION" AFIXTABLE="Y" WIDTH="623" BORDER="1">

<COLGROUP WIDTH="623">
<COL WIDTH="106"></COL>
<COL WIDTH="517"></COL>
</COLGROUP>

<TBODY>

<TR ACOPY="Y" ADELETE="Y" HEIGHT="30">
<TD ALIGN="CENTER" VALIGN="MIDDLE" WIDTH="97" AUPDATECONT="N" ENG="Method of change" HEIGHT="23">변동방법</TD>
<TE WIDTH="508" ACODE="CHN_HOW" HEIGHT="23">-</TE>
</TR>

<TR ACOPY="Y" ADELETE="Y" HEIGHT="32">
<TD ALIGN="CENTER" VALIGN="MIDDLE" AUPDATECONT="N" ENG="Reasons for the change" WIDTH="97" HEIGHT="25">변동사유</TD>
<TE ACODE="CHN_RSN" WIDTH="508" HEIGHT="25">-</TE>
</TR>

<TR ACOPY="Y" ADELETE="Y" HEIGHT="31">
<TD ALIGN="CENTER" VALIGN="MIDDLE" AUPDATECONT="N" ENG="Reasons for change" WIDTH="97" HEIGHT="24">변경사유</TD>
<TE ACODE="CHN_RSM" USERMARK="F-12 " WIDTH="508" HEIGHT="24">형사고소 불구속 기소(공판 진행 예정) </TE>
</TR>
</TBODY>
</TABLE>
</TABLE-GROUP>
<P></P>
<PGBRK></PGBRK>
</SECTION-2>
</SECTION-1>

<SECTION-1 ACLASS="MANDATORY" APARTSOURCE="SOURCE">
<TITLE ATOC="Y" ATOCID="11" ENG="Part 2 Details of Significant Holdings">제2부 대량보유내역</TITLE>
<P></P>

<SECTION-2 ACLASS="MANDATORY">
<TITLE ATOC="Y" ATOCID="12" ENG="1. Holding status by reporting entity and specially related party">1. 보고자 및 특별관계자별 보유내역</TITLE>

<SECTION-3 ACLASS="MANDATORY">
<TITLE ATOC="Y" AASSOCNOTE="D-2-1-1-0" ATOCID="13" ENG="A. Holdings details by type of stock, etc.">가. 주식등의 종류별 보유내역</TITLE>

<TABLE-GROUP ACLASS="CST_CNT1" ADELETETABLE="N">

<TABLE ACLASS="EXTRACTION" AFIXTABLE="N" WIDTH="893" BORDER="1">

<COLGROUP WIDTH="893">
<COL WIDTH="55"></COL>
<COL WIDTH="69"></COL>
<COL WIDTH="102"></COL>
<COL WIDTH="85"></COL>
<COL WIDTH="39"></COL>
<COL WIDTH="68"></COL>
<COL WIDTH="77"></COL>
<COL WIDTH="62"></COL>
<COL WIDTH="73"></COL>
<COL WIDTH="60"></COL>
<COL WIDTH="52"></COL>
<COL WIDTH="30"></COL>
<COL WIDTH="75"></COL>
<COL WIDTH="46"></COL>
</COLGROUP>

<THEAD>

<TR ACOPY="N" ADELETE="N" HEIGHT="30">
<TH ROWSPAN="3" VALIGN="MIDDLE" WIDTH="46" ACOPYCOL="N" ADELETECOL="N" AMOVECOL="N" AUPDATECONT="N" ENG="Relationship" HEIGHT="267">관 계</TH>
<TH ROWSPAN="3" VALIGN="MIDDLE" WIDTH="60" ACOPYCOL="N" ADELETECOL="N" AMOVECOL="N" AUPDATECONT="N" ENG="Name (Title)" HEIGHT="267">성 명(명칭)</TH>
<TH ROWSPAN="3" VALIGN="MIDDLE" WIDTH="93" ACOPYCOL="N" ADELETECOL="N" AMOVECOL="N" AUPDATECONT="N" ENG="Date of birth or business registration No., etc." HEIGHT="267">생년월일또는사업자등록번호 등</TH>
<TH COLSPAN="11" VALIGN="MIDDLE" WIDTH="658" ACOPYCOL="N" ADELETECOL="N" AMOVECOL="N" AUPDATECONT="N" ENG="Details of stocks held, etc." HEIGHT="23">보유주식등의 내역</TH>
</TR>

<TR ACOPY="N" ADELETE="N" HEIGHT="30">
<TH COLSPAN="3" VALIGN="MIDDLE" ACOPYCOL="N" ADELETECOL="N" AMOVECOL="N" AUPDATECONT="N" ENG="Share certificates" WIDTH="183" HEIGHT="23">주 권</TH>
<TH ROWSPAN="2" VALIGN="MIDDLE" ACOPYCOL="N" ADELETECOL="N" AMOVECOL="N" AUPDATECONT="N" ENG="Those with warrants" WIDTH="68" HEIGHT="237">신주인수권이표시된것</TH>
<TH ROWSPAN="2" VALIGN="MIDDLE" ACOPYCOL="N" ADELETECOL="N" AMOVECOL="N" AUPDATECONT="N" ENG="Convertible bonds" WIDTH="53" HEIGHT="237">전환사채권</TH>
<TH ROWSPAN="2" VALIGN="MIDDLE" ACOPYCOL="N" ADELETECOL="N" AMOVECOL="N" AUPDATECONT="N" ENG="Bonds with warrants" WIDTH="64" HEIGHT="237">신주인수권부사채권</TH>
<TH ROWSPAN="2" VALIGN="MIDDLE" ACOPYCOL="N" ADELETECOL="N" AMOVECOL="N" AUPDATECONT="N" ENG="Exchangeable bonds" WIDTH="51" HEIGHT="237">교환사채권</TH>
<TH ROWSPAN="2" VALIGN="MIDDLE" ACOPYCOL="N" ADELETECOL="N" AMOVECOL="N" AUPDATECONT="N" ENG="Depositary receipts" WIDTH="43" HEIGHT="237">증권예탁증권</TH>
<TH ROWSPAN="2" VALIGN="MIDDLE" ACOPYCOL="N" ADELETECOL="N" AMOVECOL="N" AUPDATECONT="N" ENG="Others" WIDTH="21" HEIGHT="237">기타</TH>
<TH COLSPAN="2" VALIGN="MIDDLE" ACOPYCOL="N" ADELETECOL="N" AMOVECOL="N" AUPDATECONT="N" ENG="Total" WIDTH="112" HEIGHT="23">합 계</TH>
</TR>

<TR ACOPY="N" ADELETE="N" HEIGHT="214">
<TH VALIGN="MIDDLE" ACOPYCOL="N" ADELETECOL="N" AMOVECOL="N" AUPDATECONT="N" ENG="Voting share" WIDTH="76" HEIGHT="207">의결권있는주식</TH>
<TH VALIGN="MIDDLE" ACOPYCOL="N" ADELETECOL="N" AMOVECOL="N" AUPDATECONT="N" ENG="Stocks to be redeemed with voting share" WIDTH="30" HEIGHT="207">의결권있는 주식으로상환될주식</TH>
<TH VALIGN="MIDDLE" ACOPYCOL="N" ADELETECOL="N" AMOVECOL="N" AUPDATECONT="N" ENG="Stocks to be converted to voting share" WIDTH="59" HEIGHT="207">의결권있는 주식으로전환될 주식</TH>
<TH VALIGN="MIDDLE" ACOPYCOL="N" ADELETECOL="N" AMOVECOL="N" AUPDATECONT="N" ENG="Number of shares (shrs.)" WIDTH="66" HEIGHT="207">주수(주)</TH>
<TH VALIGN="MIDDLE" ACOPYCOL="N" ADELETECOL="N" AMOVECOL="N" AUPDATECONT="N" ENG="Ratio (%)" WIDTH="37" HEIGHT="207">비율(%)</TH>
</TR>
</THEAD>

<TBODY>

<TR ACOPY="N" ADELETE="N" HEIGHT="30">
<TD ALIGN="CENTER" VALIGN="MIDDLE" AUPDATECONT="N" ENG="Reporting entity" WIDTH="46" HEIGHT="23">보고자</TD>
<TE ALIGN="CENTER" VALIGN="MIDDLE" ACODE="SPC_NM" WIDTH="60" HEIGHT="23">김상훈</TE>
<TE ALIGN="CENTER" VALIGN="MIDDLE" ACODE="SPC_ID2" WIDTH="93" HEIGHT="23">780824</TE>
<TE ALIGN="RIGHT" VALIGN="MIDDLE" ACODE="ATK_CNT" WIDTH="76" HEIGHT="23">473,999</TE>
<TE ALIGN="RIGHT" VALIGN="MIDDLE" ACODE="REP_CNT" WIDTH="30" HEIGHT="23">-</TE>
<TE ALIGN="RIGHT" VALIGN="MIDDLE" ACODE="CHN_CNT" WIDTH="59" HEIGHT="23">-</TE>
<TE ALIGN="RIGHT" VALIGN="MIDDLE" ACODE="ACC_CNT" WIDTH="68" HEIGHT="23">-</TE>
<TE ALIGN="RIGHT" VALIGN="MIDDLE" ACODE="CB_CNT" WIDTH="53" HEIGHT="23">-</TE>
<TE ALIGN="RIGHT" VALIGN="MIDDLE" ACODE="LN_CNT" WIDTH="64" HEIGHT="23">-</TE>
<TE ALIGN="RIGHT" VALIGN="MIDDLE" ACODE="EB_CNT" WIDTH="51" HEIGHT="23">-</TE>
<TE ALIGN="RIGHT" VALIGN="MIDDLE" ACODE="CF_CNT" WIDTH="43" HEIGHT="23">-</TE>
<TE ALIGN="RIGHT" VALIGN="MIDDLE" ACODE="ET_CNT" WIDTH="21" HEIGHT="23">-</TE>
<TE ALIGN="RIGHT" VALIGN="MIDDLE" ACODE="STK_CNT" WIDTH="66" HEIGHT="23">473,999</TE>
<TE ALIGN="RIGHT" VALIGN="MIDDLE" ACODE="STK_RT" WIDTH="37" HEIGHT="23">6.74</TE>
</TR>

<TR ACOPY="N" ADELETE="N" HEIGHT="30">
<TD ROWSPAN="3" ALIGN="CENTER" VALIGN="MIDDLE" AUPDATECONT="N" ENG="Specially related parties" WIDTH="46" HEIGHT="83">특별관계자</TD>
<TE ALIGN="CENTER" VALIGN="MIDDLE" ACODE="SPC_NM" WIDTH="60" HEIGHT="23">-</TE>
<TE ALIGN="CENTER" VALIGN="MIDDLE" ACODE="SPC_ID2" WIDTH="93" HEIGHT="23">-</TE>
<TE ALIGN="RIGHT" VALIGN="MIDDLE" ACODE="ATK_CNT" WIDTH="76" HEIGHT="23">-</TE>
<TE ALIGN="RIGHT" VALIGN="MIDDLE" ACODE="REP_CNT" WIDTH="30" HEIGHT="23">-</TE>
<TE ALIGN="RIGHT" VALIGN="MIDDLE" ACODE="CHN_CNT" WIDTH="59" HEIGHT="23">-</TE>
<TE ALIGN="RIGHT" VALIGN="MIDDLE" ACODE="ACC_CNT" WIDTH="68" HEIGHT="23">-</TE>
<TE ALIGN="RIGHT" VALIGN="MIDDLE" ACODE="CB_CNT" WIDTH="53" HEIGHT="23">-</TE>
<TE ALIGN="RIGHT" VALIGN="MIDDLE" ACODE="LN_CNT" WIDTH="64" HEIGHT="23">-</TE>
<TE ALIGN="RIGHT" VALIGN="MIDDLE" ACODE="EB_CNT" WIDTH="51" HEIGHT="23">-</TE>
<TE ALIGN="RIGHT" VALIGN="MIDDLE" ACODE="CF_CNT" WIDTH="43" HEIGHT="23">-</TE>
<TE ALIGN="RIGHT" VALIGN="MIDDLE" ACODE="ET_CNT" WIDTH="21" HEIGHT="23">-</TE>
<TE ALIGN="RIGHT" VALIGN="MIDDLE" ACODE="STK_CNT" WIDTH="66" HEIGHT="23">-</TE>
<TE ALIGN="RIGHT" VALIGN="MIDDLE" ACODE="STK_RT" WIDTH="37" HEIGHT="23">-</TE>
</TR>

<TR ACOPY="Y" ADELETE="N" HEIGHT="30">
<TE ALIGN="CENTER" VALIGN="MIDDLE" ACODE="SPC_NM" WIDTH="60" HEIGHT="23">-</TE>
<TE ALIGN="CENTER" VALIGN="MIDDLE" ACODE="SPC_ID2" WIDTH="93" HEIGHT="23">-</TE>
<TE ALIGN="RIGHT" VALIGN="MIDDLE" ACODE="ATK_CNT" WIDTH="76" HEIGHT="23">-</TE>
<TE ALIGN="RIGHT" VALIGN="MIDDLE" ACODE="REP_CNT" WIDTH="30" HEIGHT="23">-</TE>
<TE ALIGN="RIGHT" VALIGN="MIDDLE" ACODE="CHN_CNT" WIDTH="59" HEIGHT="23">-</TE>
<TE ALIGN="RIGHT" VALIGN="MIDDLE" ACODE="ACC_CNT" WIDTH="68" HEIGHT="23">-</TE>
<TE ALIGN="RIGHT" VALIGN="MIDDLE" ACODE="CB_CNT" WIDTH="53" HEIGHT="23">-</TE>
<TE ALIGN="RIGHT" VALIGN="MIDDLE" ACODE="LN_CNT" WIDTH="64" HEIGHT="23">-</TE>
<TE ALIGN="RIGHT" VALIGN="MIDDLE" ACODE="EB_CNT" WIDTH="51" HEIGHT="23">-</TE>
<TE ALIGN="RIGHT" VALIGN="MIDDLE" ACODE="CF_CNT" WIDTH="43" HEIGHT="23">-</TE>
<TE ALIGN="RIGHT" VALIGN="MIDDLE" ACODE="ET_CNT" WIDTH="21" HEIGHT="23">-</TE>
<TE ALIGN="RIGHT" VALIGN="MIDDLE" ACODE="STK_CNT" WIDTH="66" HEIGHT="23">-</TE>
<TE ALIGN="RIGHT" VALIGN="MIDDLE" ACODE="STK_RT" WIDTH="37" HEIGHT="23">-</TE>
</TR>

<TR ACOPY="Y" ADELETE="Y" HEIGHT="30">
<TE ALIGN="CENTER" VALIGN="MIDDLE" ACODE="SPC_NM" WIDTH="60" HEIGHT="23">-</TE>
<TE ALIGN="CENTER" VALIGN="MIDDLE" ACODE="SPC_ID2" WIDTH="93" HEIGHT="23">-</TE>
<TE ALIGN="RIGHT" VALIGN="MIDDLE" ACODE="ATK_CNT" WIDTH="76" HEIGHT="23">-</TE>
<TE ALIGN="RIGHT" VALIGN="MIDDLE" ACODE="REP_CNT" WIDTH="30" HEIGHT="23">-</TE>
<TE ALIGN="RIGHT" VALIGN="MIDDLE" ACODE="CHN_CNT" WIDTH="59" HEIGHT="23">-</TE>
<TE ALIGN="RIGHT" VALIGN="MIDDLE" ACODE="ACC_CNT" WIDTH="68" HEIGHT="23">-</TE>
<TE ALIGN="RIGHT" VALIGN="MIDDLE" ACODE="CB_CNT" WIDTH="53" HEIGHT="23">-</TE>
<TE ALIGN="RIGHT" VALIGN="MIDDLE" ACODE="LN_CNT" WIDTH="64" HEIGHT="23">-</TE>
<TE ALIGN="RIGHT" VALIGN="MIDDLE" ACODE="EB_CNT" WIDTH="51" HEIGHT="23">-</TE>
<TE ALIGN="RIGHT" VALIGN="MIDDLE" ACODE="CF_CNT" WIDTH="43" HEIGHT="23">-</TE>
<TE ALIGN="RIGHT" VALIGN="MIDDLE" ACODE="ET_CNT" WIDTH="21" HEIGHT="23">-</TE>
<TE ALIGN="RIGHT" VALIGN="MIDDLE" ACODE="STK_CNT" WIDTH="66" HEIGHT="23">-</TE>
<TE ALIGN="RIGHT" VALIGN="MIDDLE" ACODE="STK_RT" WIDTH="37" HEIGHT="23">-</TE>
</TR>

<TR ACOPY="N" ADELETE="N" HEIGHT="30">
<TD ROWSPAN="2" COLSPAN="3" ALIGN="CENTER" VALIGN="MIDDLE" AUPDATECONT="N" WIDTH="217" HEIGHT="53"></TD>
<TD ALIGN="CENTER" VALIGN="MIDDLE" AUPDATECONT="N" ROWSPAN="2" WIDTH="76" HEIGHT="53">A</TD>
<TD ALIGN="CENTER" VALIGN="MIDDLE" AUPDATECONT="N" WIDTH="30" HEIGHT="23">a1</TD>
<TD ALIGN="CENTER" VALIGN="MIDDLE" AUPDATECONT="N" WIDTH="59" HEIGHT="23">a2</TD>
<TD ALIGN="CENTER" VALIGN="MIDDLE" AUPDATECONT="N" WIDTH="68" HEIGHT="23">B</TD>
<TD ALIGN="CENTER" VALIGN="MIDDLE" AUPDATECONT="N" WIDTH="53" HEIGHT="23">C</TD>
<TD ALIGN="CENTER" VALIGN="MIDDLE" AUPDATECONT="N" WIDTH="64" HEIGHT="23">D</TD>
<TD ALIGN="CENTER" VALIGN="MIDDLE" AUPDATECONT="N" WIDTH="51" HEIGHT="23">E</TD>
<TD ALIGN="CENTER" VALIGN="MIDDLE" AUPDATECONT="N" WIDTH="43" HEIGHT="23">F</TD>
<TD ALIGN="CENTER" VALIGN="MIDDLE" AUPDATECONT="N" WIDTH="21" HEIGHT="23">G</TD>
<TD ROWSPAN="2" ALIGN="CENTER" VALIGN="MIDDLE" AUPDATECONT="N" WIDTH="66" HEIGHT="53"></TD>
<TD ROWSPAN="2" ALIGN="CENTER" VALIGN="MIDDLE" AUPDATECONT="N" WIDTH="37" HEIGHT="53"></TD>
</TR>

<TR ACOPY="N" ADELETE="N" HEIGHT="30">
<TD COLSPAN="8" ALIGN="CENTER" VALIGN="MIDDLE" AUPDATECONT="N" WIDTH="452" HEIGHT="23">H</TD>
</TR>
</TBODY>
</TABLE>
</TABLE-GROUP>
<P></P>

<TABLE-GROUP ACLASS="HLD_RT" ADELETETABLE="N">

<TABLE ACLASS="EXTRACTION" AFIXTABLE="Y" WIDTH="600" BORDER="1">

<COLGROUP WIDTH="600">
<COL WIDTH="124"></COL>
<COL WIDTH="163"></COL>
<COL WIDTH="176"></COL>
<COL WIDTH="137"></COL>
</COLGROUP>

<THEAD>

<TR ACOPY="Y" ADELETE="Y" HEIGHT="30">
<TH ROWSPAN="2" VALIGN="MIDDLE" WIDTH="115" ACOPYCOL="Y" ADELETECOL="Y" AMOVECOL="N" AUPDATECONT="N" ENG="Total number of voting shares (I)" HEIGHT="99">의결권있는발행주식 총수(I)</TH>
<TH ROWSPAN="2" VALIGN="MIDDLE" WIDTH="154" ACOPYCOL="Y" ADELETECOL="Y" AMOVECOL="N" AUPDATECONT="N" ENG="Number of potential shares held (a1+a2+B+C+D+E+F+G=H)" HEIGHT="99">보유잠재주식의 수(a1+a2+B+C+D+E+F+G=H)</TH>
<TH COLSPAN="2" VALIGN="MIDDLE" WIDTH="304" ACOPYCOL="Y" ADELETECOL="Y" AMOVECOL="N" AUPDATECONT="N" ENG="Holding ratio (%)" HEIGHT="23">보유비율(%)</TH>
</TR>

<TR ACOPY="Y" ADELETE="Y" HEIGHT="76">
<TH VALIGN="MIDDLE" ACOPYCOL="Y" ADELETECOL="Y" AMOVECOL="N" AUPDATECONT="N" ENG="Holding ratio of stocks, etc. [A+H / I+H-(E+F+G)※] × 100" WIDTH="167" HEIGHT="69">주식등의 보유비율[A+H / I+H-(E+F+G)※] × 100 </TH>
<TH VALIGN="MIDDLE" ACOPYCOL="Y" ADELETECOL="Y" AMOVECOL="N" AUPDATECONT="N" ENG="Holding ratio of share certificates (A / I) × 100" WIDTH="128" HEIGHT="69">주권의 보유비율(A / I) × 100  </TH>
</TR>
</THEAD>

<TBODY>

<TR ACOPY="Y" ADELETE="Y" HEIGHT="30">
<TE ALIGN="RIGHT" ACODE="VOT_STK_CNT" WIDTH="115" HEIGHT="23">7,035,087</TE>
<TE ALIGN="RIGHT" ACODE="HLD_STK_CNT" WIDTH="154" HEIGHT="23">-</TE>
<TE ALIGN="RIGHT" ACODE="HLD_STK_RT" WIDTH="167" HEIGHT="23">6.74</TE>
<TE ALIGN="RIGHT" ACODE="HLD_CMT_RT" WIDTH="128" HEIGHT="23">6.74</TE>
</TR>
</TBODY>
</TABLE>
</TABLE-GROUP>
<P>※ 교환대상이 주식인 교환사채권, 기초자산이 주식인 증권예탁증권ㆍ파생결합증권 및 자기주식을 교부하는 주식매수선택권 등에 한하여 분모에서 제외하고 보유비율을 산정</P>
</SECTION-3>

<SECTION-3 ACLASS="MANDATORY">
<TITLE ATOC="Y" AASSOCNOTE="D-2-1-2-0" ATOCID="14" ENG="B. Details of holdings by holding type">나. 보유형태별 보유내역</TITLE>

<TABLE-GROUP ACLASS="HLD_STK" ADELETETABLE="N">

<TABLE ACLASS="EXTRACTION" AFIXTABLE="N" WIDTH="754" BORDER="1">

<COLGROUP WIDTH="754">
<COL WIDTH="57"></COL>
<COL WIDTH="56"></COL>
<COL WIDTH="86"></COL>
<COL WIDTH="77"></COL>
<COL WIDTH="52"></COL>
<COL WIDTH="49"></COL>
<COL WIDTH="59"></COL>
<COL WIDTH="59"></COL>
<COL WIDTH="59"></COL>
<COL WIDTH="62"></COL>
<COL WIDTH="88"></COL>
<COL WIDTH="50"></COL>
</COLGROUP>

<THEAD>

<TR ACOPY="N" ADELETE="N" HEIGHT="53">
<TH ROWSPAN="2" VALIGN="MIDDLE" WIDTH="48" ACOPYCOL="N" ADELETECOL="N" AMOVECOL="N" AUPDATECONT="N" ENG="Relationship" HEIGHT="122">관계</TH>
<TH ROWSPAN="2" VALIGN="MIDDLE" WIDTH="47" ACOPYCOL="N" ADELETECOL="N" AMOVECOL="N" AUPDATECONT="N" ENG="Name (Title)" HEIGHT="122">성명(명칭)</TH>
<TH ROWSPAN="2" VALIGN="MIDDLE" WIDTH="77" ACOPYCOL="N" ADELETECOL="N" AMOVECOL="N" AUPDATECONT="N" ENG="Date of birth or business registration No., etc." HEIGHT="122">생년월일또는사업자등록번호 등</TH>
<TH COLSPAN="7" VALIGN="MIDDLE" WIDTH="408" ACOPYCOL="N" ADELETECOL="N" AMOVECOL="N" AUPDATECONT="N" ENG="Holdings similar to ownership under Article 142 of the Enforcement Decree of The Financial Investment Services And Capital Markets Act" HEIGHT="46">소유에 준하는 보유(자본시장과 금융투자업에 관한 법률 시행령 제142조) 형태</TH>
<TH COLSPAN="2" VALIGN="MIDDLE" WIDTH="129" ACOPYCOL="N" ADELETECOL="N" AMOVECOL="N" AUPDATECONT="N" ENG="Total" HEIGHT="46">합계</TH>
</TR>

<TR ACOPY="N" ADELETE="N" HEIGHT="76">
<TH VALIGN="MIDDLE" ACOPYCOL="N" ADELETECOL="N" AMOVECOL="N" AUPDATECONT="N" ENG="Subparagraph 1" WIDTH="68" HEIGHT="69">제1호</TH>
<TH VALIGN="MIDDLE" ACOPYCOL="N" ADELETECOL="N" AMOVECOL="N" AUPDATECONT="N" ENG="Subparagraph 2" WIDTH="43" HEIGHT="69">제2호</TH>
<TH VALIGN="MIDDLE" ACOPYCOL="N" ADELETECOL="N" AMOVECOL="N" AUPDATECONT="N" ENG="Subparagraph 3" WIDTH="40" HEIGHT="69">제3호</TH>
<TH VALIGN="MIDDLE" ACOPYCOL="N" ADELETECOL="N" AMOVECOL="N" AUPDATECONT="N" ENG="Subparagraph 4" WIDTH="50" HEIGHT="69">제4호</TH>
<TH VALIGN="MIDDLE" ACOPYCOL="N" ADELETECOL="N" AMOVECOL="N" AUPDATECONT="N" ENG="Subparagraph 5" WIDTH="50" HEIGHT="69">제5호</TH>
<TH VALIGN="MIDDLE" ACOPYCOL="N" ADELETECOL="N" AMOVECOL="N" AUPDATECONT="N" ENG="Subparagraph 6" WIDTH="50" HEIGHT="69">제6호</TH>
<TH VALIGN="MIDDLE" ACOPYCOL="N" ADELETECOL="N" AMOVECOL="N" AUPDATECONT="N" ENG="Subparagraph 7" WIDTH="53" HEIGHT="69">제7호</TH>
<TH VALIGN="MIDDLE" ACOPYCOL="N" ADELETECOL="N" AMOVECOL="N" AUPDATECONT="N" ENG="Number of shares" WIDTH="79" HEIGHT="69">주수</TH>
<TH VALIGN="MIDDLE" ACOPYCOL="N" ADELETECOL="N" AMOVECOL="N" AUPDATECONT="N" ENG="Ratio" WIDTH="41" HEIGHT="69">비율</TH>
</TR>
</THEAD>

<TBODY>

<TR ACOPY="N" ADELETE="N" HEIGHT="30">
<TD ALIGN="CENTER" VALIGN="MIDDLE" AUPDATECONT="N" ENG="Reporting entity" WIDTH="48" HEIGHT="23">보고자</TD>
<TE ALIGN="CENTER" VALIGN="MIDDLE" ACODE="SPC_NM" WIDTH="47" HEIGHT="23">김상훈</TE>
<TE ALIGN="CENTER" VALIGN="MIDDLE" ACODE="SPC_ID2" WIDTH="77" HEIGHT="23">780824</TE>
<TE ALIGN="RIGHT" VALIGN="MIDDLE" ACODE="STK_CNT1" WIDTH="68" HEIGHT="23">473,999</TE>
<TE ALIGN="RIGHT" VALIGN="MIDDLE" ACODE="STK_CNT2" WIDTH="43" HEIGHT="23">-</TE>
<TE ALIGN="RIGHT" VALIGN="MIDDLE" ACODE="STK_CNT3" WIDTH="40" HEIGHT="23">-</TE>
<TE ALIGN="RIGHT" VALIGN="MIDDLE" ACODE="STK_CNT4" WIDTH="50" HEIGHT="23">-</TE>
<TE ALIGN="RIGHT" VALIGN="MIDDLE" ACODE="STK_CNT5" WIDTH="50" HEIGHT="23">-</TE>
<TE ALIGN="RIGHT" VALIGN="MIDDLE" ACODE="STK_CNT6" WIDTH="50" HEIGHT="23">-</TE>
<TE ALIGN="RIGHT" VALIGN="MIDDLE" ACODE="STK_CNT7" WIDTH="53" HEIGHT="23">-</TE>
<TE ALIGN="RIGHT" VALIGN="MIDDLE" ACODE="HLD_TOT_CNT" WIDTH="79" HEIGHT="23">473,999</TE>
<TE ALIGN="RIGHT" VALIGN="MIDDLE" ACODE="HLD_TOT_RT" WIDTH="41" HEIGHT="23">6.74</TE>
</TR>

<TR ACOPY="N" ADELETE="N" HEIGHT="30">
<TD ROWSPAN="3" ALIGN="CENTER" VALIGN="MIDDLE" AUPDATECONT="N" ENG="Specially related parties" WIDTH="48" HEIGHT="83">특별관계자</TD>
<TE ALIGN="CENTER" VALIGN="MIDDLE" ACODE="SPC_NM" WIDTH="47" HEIGHT="23">-</TE>
<TE ALIGN="CENTER" VALIGN="MIDDLE" ACODE="SPC_ID2" WIDTH="77" HEIGHT="23">-</TE>
<TE ALIGN="RIGHT" VALIGN="MIDDLE" ACODE="STK_CNT1" WIDTH="68" HEIGHT="23">-</TE>
<TE ALIGN="RIGHT" VALIGN="MIDDLE" ACODE="STK_CNT2" WIDTH="43" HEIGHT="23">-</TE>
<TE ALIGN="RIGHT" VALIGN="MIDDLE" ACODE="STK_CNT3" WIDTH="40" HEIGHT="23">-</TE>
<TE ALIGN="RIGHT" VALIGN="MIDDLE" ACODE="STK_CNT4" WIDTH="50" HEIGHT="23">-</TE>
<TE ALIGN="RIGHT" VALIGN="MIDDLE" ACODE="STK_CNT5" WIDTH="50" HEIGHT="23">-</TE>
<TE ALIGN="RIGHT" VALIGN="MIDDLE" ACODE="STK_CNT6" WIDTH="50" HEIGHT="23">-</TE>
<TE ALIGN="RIGHT" VALIGN="MIDDLE" ACODE="STK_CNT7" WIDTH="53" HEIGHT="23">-</TE>
<TE ALIGN="RIGHT" VALIGN="MIDDLE" ACODE="HLD_TOT_CNT" WIDTH="79" HEIGHT="23">-</TE>
<TE ALIGN="RIGHT" VALIGN="MIDDLE" ACODE="HLD_TOT_RT" WIDTH="41" HEIGHT="23">-</TE>
</TR>

<TR ACOPY="Y" ADELETE="N" HEIGHT="30">
<TE ALIGN="CENTER" VALIGN="MIDDLE" ACODE="SPC_NM" WIDTH="47" HEIGHT="23">-</TE>
<TE ALIGN="CENTER" VALIGN="MIDDLE" ACODE="SPC_ID2" WIDTH="77" HEIGHT="23">-</TE>
<TE ALIGN="RIGHT" VALIGN="MIDDLE" ACODE="STK_CNT1" WIDTH="68" HEIGHT="23">-</TE>
<TE ALIGN="RIGHT" VALIGN="MIDDLE" ACODE="STK_CNT2" WIDTH="43" HEIGHT="23">-</TE>
<TE ALIGN="RIGHT" VALIGN="MIDDLE" ACODE="STK_CNT3" WIDTH="40" HEIGHT="23">-</TE>
<TE ALIGN="RIGHT" VALIGN="MIDDLE" ACODE="STK_CNT4" WIDTH="50" HEIGHT="23">-</TE>
<TE ALIGN="RIGHT" VALIGN="MIDDLE" ACODE="STK_CNT5" WIDTH="50" HEIGHT="23">-</TE>
<TE ALIGN="RIGHT" VALIGN="MIDDLE" ACODE="STK_CNT6" WIDTH="50" HEIGHT="23">-</TE>
<TE ALIGN="RIGHT" VALIGN="MIDDLE" ACODE="STK_CNT7" WIDTH="53" HEIGHT="23">-</TE>
<TE ALIGN="RIGHT" VALIGN="MIDDLE" ACODE="HLD_TOT_CNT" WIDTH="79" HEIGHT="23">-</TE>
<TE ALIGN="RIGHT" VALIGN="MIDDLE" ACODE="HLD_TOT_RT" WIDTH="41" HEIGHT="23">-</TE>
</TR>

<TR ACOPY="Y" ADELETE="Y" HEIGHT="30">
<TE ALIGN="CENTER" VALIGN="MIDDLE" ACODE="SPC_NM" WIDTH="47" HEIGHT="23">-</TE>
<TE ALIGN="CENTER" VALIGN="MIDDLE" ACODE="SPC_ID2" WIDTH="77" HEIGHT="23">-</TE>
<TE ALIGN="RIGHT" VALIGN="MIDDLE" ACODE="STK_CNT1" WIDTH="68" HEIGHT="23">-</TE>
<TE ALIGN="RIGHT" VALIGN="MIDDLE" ACODE="STK_CNT2" WIDTH="43" HEIGHT="23">-</TE>
<TE ALIGN="RIGHT" VALIGN="MIDDLE" ACODE="STK_CNT3" WIDTH="40" HEIGHT="23">-</TE>
<TE ALIGN="RIGHT" VALIGN="MIDDLE" ACODE="STK_CNT4" WIDTH="50" HEIGHT="23">-</TE>
<TE ALIGN="RIGHT" VALIGN="MIDDLE" ACODE="STK_CNT5" WIDTH="50" HEIGHT="23">-</TE>
<TE ALIGN="RIGHT" VALIGN="MIDDLE" ACODE="STK_CNT6" WIDTH="50" HEIGHT="23">-</TE>
<TE ALIGN="RIGHT" VALIGN="MIDDLE" ACODE="STK_CNT7" WIDTH="53" HEIGHT="23">-</TE>
<TE ALIGN="RIGHT" VALIGN="MIDDLE" ACODE="HLD_TOT_CNT" WIDTH="79" HEIGHT="23">-</TE>
<TE ALIGN="RIGHT" VALIGN="MIDDLE" ACODE="HLD_TOT_RT" WIDTH="41" HEIGHT="23">-</TE>
</TR>
</TBODY>
</TABLE>
</TABLE-GROUP>

<TABLE ACLASS="NORMAL" AFIXTABLE="Y" WIDTH="600" BORDER="0">

<COLGROUP WIDTH="600">
<COL WIDTH="600"></COL>
</COLGROUP>

<TBODY>

<TR ACOPY="Y" ADELETE="Y" HEIGHT="352">
<TD WIDTH="591" AUPDATECONT="N" ENG="※ Holdings similar to ownership (Article 142 of the Enforcement Decree of the Financial Investment Services And Capital Markets Act) - Subparagraph 1. Where stocks, etc. are owned on a person’s own account, regardless of in whose name they are held - Subparagraph 2. Where a person holds a right to claim delivery of stocks, etc., pursuant to legal provisions, transaction, or other contracts - Subparagraph 3. Where a person holds a voting right (including the power to instruct exercise of the voting right) of stocks, etc., pursuant to legal provisions, monetary trust contract, collateral agreement, or any other contracts - Subparagraph 4. Where a person holds a right to acquire or dispose of the relevant stocks, etc., pursuant to legal provisions, monetary trust contract, collateral agreement, discretionary investment contract, or any other contracts - Subparagraph 5. Where a person holds a right to complete a trade by unilateral reservation for trading stocks, etc., and acquires the status of purchaser by exercising that right - Subparagraph 6. Where a person holds a contractual right as prescribed in Article 5 (1) 2 of the Act to a contract for an underlying asset of stocks, etc., and acquires the status of purchaser by exercising that contractual right - Subparagraph 7. Where a person holds a stock option and acquires the status of purchaser by exercising that stock option." HEIGHT="345">※ 소유에 준하는 보유(자본시장과 금융투자업에 관한 법률 시행령 제142조) - 제1호 누구의 명의로든지 자기의 계산으로 주식등을 소유하는 경우 - 제2호 법률의 규정이나 매매, 그 밖의 계약에 따라 주식등의 인도청구권을 가지는경우 - 제3호 법률의 규정이나 금전의 신탁계약ㆍ담보계약, 그 밖의 계약에 따라 해당 주식등            의 의결권(의결권의 행사를 지시할 수 있는 권한을 포함한다)을 가지는 경우 - 제4호 법률의 규정이나 금전의 신탁계약ㆍ담보계약ㆍ투자일임계약, 그 밖의 계약에               따라 해당 주식등의 취득이나 처분의 권한을 가지는 경우 - 제5호 주식등의 매매의 일방예약을 하고 해당 매매를 완결할 권리를 취득하는 경우로             서 그 권리행사에 의하여 매수인으로서의 지위를 가지는 경우 - 제6호 주식등을 기초자산으로 하는 법 제5조제1항제2호에 따른 계약상의 권리를 가지            는 경우로서 그 권리의 행사에 의하여 매수인으로서의 지위를 가지는 경우 - 제7호 주식매수선택권을 부여받은 경우로서 그 권리의 행사에 의하여 매수인으로서의            지위를 가지는 경우</TD>
</TR>
</TBODY>
</TABLE>
<P></P>

</SECTION-3></SECTION-2><SECTION-2 ACLASS="MANDATORY">
<TITLE ATOC="Y" ATOCID="15" ENG="2. Contracts related to shares held, etc.">2. 보유주식등에 관한 계약</TITLE>

<SECTION-3 ACLASS="MANDATORY">
<TITLE ATOC="Y" AASSOCNOTE="D-2-2-1-0" ATOCID="16" ENG="A. Whether there is a contract">가. 계약 여부</TITLE>

<TABLE-GROUP ACLASS="TRD_RVQ" ADELETETABLE="N">

<TABLE ACLASS="EXTRACTION" AFIXTABLE="Y" WIDTH="600" BORDER="1">

<COLGROUP WIDTH="600">
<COL WIDTH="600"></COL>
</COLGROUP>

<TBODY>

<TR ACOPY="N" ADELETE="N" HEIGHT="30">
<TD ALIGN="CENTER" VALIGN="MIDDLE" WIDTH="591" AUPDATECONT="N" ENG="Whether there are major contracts such as trust, collateral, loan, discretionary, over-the-counter sales, joint holding, etc. concluded or changed" HEIGHT="23">신탁ㆍ담보ㆍ대차ㆍ일임ㆍ장외매매ㆍ공동보유 등 주요계약 체결, 변경 여부</TD>
</TR>

<TR ACOPY="N" ADELETE="N" HEIGHT="30">
<TU ALIGN="CENTER" VALIGN="MIDDLE" AUNIT="TRD_RVQ_SEL" AUNITVALUE="N" WIDTH="591" HEIGHT="23" ENG="None">없음</TU>
</TR>
</TBODY>
</TABLE>
</TABLE-GROUP>
<P>*주요계약 체결ㆍ변경사실 미보고시 해당 미보고분에 대해 의결권이 제한될 수 있음</P>

<P></P>
</SECTION-3>

<SECTION-3 ACLASS="MANDATORY">
<TITLE ATOC="Y" AASSOCNOTE="D-2-2-2-0" ATOCID="17" ENG="B. Details of contract">나. 계약 내용</TITLE>

<TABLE-GROUP ACLASS="TRD_RVL" ADELETETABLE="N">

<TABLE ACLASS="EXTRACTION" AFIXTABLE="N" WIDTH="878" BORDER="1">

<COLGROUP WIDTH="878">
<COL WIDTH="53"></COL>
<COL WIDTH="79"></COL>
<COL WIDTH="84"></COL>
<COL WIDTH="135"></COL>
<COL WIDTH="72"></COL>
<COL WIDTH="72"></COL>
<COL WIDTH="66"></COL>
<COL WIDTH="66"></COL>
<COL WIDTH="79"></COL>
<COL WIDTH="59"></COL>
<COL WIDTH="58"></COL>
<COL WIDTH="55"></COL>
</COLGROUP>

<THEAD>

<TR ACOPY="N" ADELETE="N" HEIGHT="53">
<TH VALIGN="MIDDLE" WIDTH="44" ACOPYCOL="N" ADELETECOL="N" AMOVECOL="N" AUPDATECONT="N" ENG="Sequential No." HEIGHT="46">연번</TH>
<TH VALIGN="MIDDLE" WIDTH="70" ACOPYCOL="N" ADELETECOL="N" AMOVECOL="N" AUPDATECONT="N" ENG="Name (Title)" HEIGHT="46">성명(명칭)</TH>
<TH VALIGN="MIDDLE" WIDTH="75" ACOPYCOL="N" ADELETECOL="N" AMOVECOL="N" AUPDATECONT="N" ENG="Relationship to the reporting entity" HEIGHT="46">보고자와의관계</TH>
<TH VALIGN="MIDDLE" WIDTH="126" ACOPYCOL="N" ADELETECOL="N" AMOVECOL="N" AUPDATECONT="N" ENG="Date of birth or business registration No., etc." HEIGHT="46">생년월일 또는사업자등록번호 등</TH>
<TH VALIGN="MIDDLE" WIDTH="63" ACOPYCOL="N" ADELETECOL="N" AMOVECOL="N" AUPDATECONT="N" ENG="Type of shares, etc." HEIGHT="46">주식등의종류</TH>
<TH VALIGN="MIDDLE" WIDTH="63" ACOPYCOL="N" ADELETECOL="N" AMOVECOL="N" AUPDATECONT="N" ENG="Number of shares, etc." HEIGHT="46">주식등의수</TH>
<TH VALIGN="MIDDLE" WIDTH="57" ACOPYCOL="N" ADELETECOL="N" AMOVECOL="N" AUPDATECONT="N" ENG="Counterparty of contract" HEIGHT="46">계약 상대방</TH>
<TH VALIGN="MIDDLE" WIDTH="57" ACOPYCOL="N" ADELETECOL="N" AMOVECOL="N" AUPDATECONT="N" ENG="Type of contract" HEIGHT="46">계약의종류</TH>
<TH VALIGN="MIDDLE" WIDTH="70" ACOPYCOL="N" ADELETECOL="N" AMOVECOL="N" AUPDATECONT="N" ENG="Date of contract (amendment)" HEIGHT="46">계약체결(변경)일</TH>
<TH VALIGN="MIDDLE" WIDTH="50" ACOPYCOL="N" ADELETECOL="N" AMOVECOL="N" AUPDATECONT="N" ENG="Contract period" HEIGHT="46">계약기간</TH>
<TH VALIGN="MIDDLE" WIDTH="49" ACOPYCOL="N" ADELETECOL="N" AMOVECOL="N" AUPDATECONT="N" ENG="Ratio" HEIGHT="46">비율</TH>
<TH VALIGN="MIDDLE" WIDTH="46" ACOPYCOL="N" ADELETECOL="N" AMOVECOL="N" AUPDATECONT="N" ENG="Note" HEIGHT="46">비고</TH>
</TR>
</THEAD>

<TBODY>

<TR ACOPY="Y" ADELETE="N" HEIGHT="30">
<TE ALIGN="CENTER" ACODE="SEQ_NO2" VALIGN="MIDDLE" WIDTH="44" HEIGHT="23">-</TE>
<TE ALIGN="CENTER" ACODE="SPC_NM" VALIGN="MIDDLE" WIDTH="70" HEIGHT="23">-</TE>
<TU ALIGN="CENTER" AUNIT="IFR_RLT2" VALIGN="MIDDLE" AUNITVALUE="-" WIDTH="75" HEIGHT="23" ENG="-">-</TU>
<TE ALIGN="CENTER" ACODE="SPC_ID2" VALIGN="MIDDLE" WIDTH="126" HEIGHT="23">-</TE>
<TU ALIGN="CENTER" AUNIT="STK_KND" VALIGN="MIDDLE" AUNITVALUE="9" WIDTH="63" HEIGHT="23" ENG="-">-</TU>
<TE ALIGN="RIGHT" ACODE="STK_CNT" VALIGN="MIDDLE" WIDTH="63" HEIGHT="23">-</TE>
<TE ALIGN="CENTER" ACODE="TRD_RVL" WIDTH="57" HEIGHT="23">-</TE>
<TE ACODE="TRD_KND" ALIGN="CENTER" WIDTH="57" HEIGHT="23">-</TE>
<TU AUNIT="TRD_SIN" AUNITVALUE="-" VALIGN="MIDDLE" ALIGN="CENTER" WIDTH="70" HEIGHT="23">-</TU>
<TE ACODE="TRD_PRD" VALIGN="MIDDLE" ALIGN="CENTER" WIDTH="50" HEIGHT="23">-</TE>
<TE ACODE="TRD_RT" VALIGN="MIDDLE" ALIGN="RIGHT" WIDTH="49" HEIGHT="23">-</TE>
<TE ACODE="TRD_RMK" VALIGN="MIDDLE" ALIGN="CENTER" WIDTH="46" HEIGHT="23">-</TE>
</TR>

<TR ACOPY="Y" ADELETE="Y" HEIGHT="30">
<TE ALIGN="CENTER" ACODE="SEQ_NO2" VALIGN="MIDDLE" WIDTH="44" HEIGHT="23">-</TE>
<TE ALIGN="CENTER" ACODE="SPC_NM" VALIGN="MIDDLE" WIDTH="70" HEIGHT="23">-</TE>
<TU ALIGN="CENTER" AUNIT="IFR_RLT2" VALIGN="MIDDLE" AUNITVALUE="-" WIDTH="75" HEIGHT="23" ENG="-">-</TU>
<TE ALIGN="CENTER" ACODE="SPC_ID2" VALIGN="MIDDLE" WIDTH="126" HEIGHT="23">-</TE>
<TU ALIGN="CENTER" AUNIT="STK_KND" VALIGN="MIDDLE" AUNITVALUE="9" WIDTH="63" HEIGHT="23" ENG="-">-</TU>
<TE ALIGN="RIGHT" ACODE="STK_CNT" VALIGN="MIDDLE" WIDTH="63" HEIGHT="23">-</TE>
<TE ALIGN="CENTER" ACODE="TRD_RVL" WIDTH="57" HEIGHT="23">-</TE>
<TE ACODE="TRD_KND" ALIGN="CENTER" WIDTH="57" HEIGHT="23">-</TE>
<TU AUNIT="TRD_SIN" AUNITVALUE="-" VALIGN="MIDDLE" ALIGN="CENTER" WIDTH="70" HEIGHT="23">-</TU>
<TE ACODE="TRD_PRD" VALIGN="MIDDLE" ALIGN="CENTER" WIDTH="50" HEIGHT="23">-</TE>
<TE ACODE="TRD_RT" VALIGN="MIDDLE" ALIGN="RIGHT" WIDTH="49" HEIGHT="23">-</TE>
<TE ACODE="TRD_RMK" VALIGN="MIDDLE" ALIGN="CENTER" WIDTH="46" HEIGHT="23">-</TE>
</TR>

<TR ACOPY="N" ADELETE="N" HEIGHT="30">
<TD COLSPAN="5" ALIGN="CENTER" AUPDATECONT="N" VALIGN="MIDDLE" ENG="Total (Total number of shares, etc.)" WIDTH="414" HEIGHT="23">합계(주식등의 수)</TD>
<TE ALIGN="RIGHT" ACODE="SUM_STK_CNT" VALIGN="MIDDLE" WIDTH="63" HEIGHT="23">-</TE>
<TD COLSPAN="4" ALIGN="CENTER" AUPDATECONT="N" VALIGN="MIDDLE" ENG="Total (Ratio)" WIDTH="261" HEIGHT="23">합계(비율)</TD>
<TE ALIGN="RIGHT" ACODE="SUM_TRD_RT" VALIGN="MIDDLE" WIDTH="49" HEIGHT="23">-</TE>
<TE ACODE="SUM_TRD_RMK" VALIGN="MIDDLE" ALIGN="CENTER" WIDTH="46" HEIGHT="23">-</TE>
</TR>
</TBODY>
</TABLE>
</TABLE-GROUP>
<P></P>
</SECTION-3>

<SECTION-3 ACLASS="MANDATORY">
<TITLE ATOC="Y" AASSOCNOTE="D-2-2-3-0" ATOCID="18" ENG="C. Additional information if the major contract is a collateral contract">다. 주요계약이 담보계약인 경우 추가 기재사항</TITLE>

<TABLE-GROUP ACLASS="SEC_CONT" ADELETETABLE="N">

<TABLE ACLASS="EXTRACTION" AFIXTABLE="N" WIDTH="612" BORDER="1">

<COLGROUP WIDTH="612">
<COL WIDTH="43"></COL>
<COL WIDTH="108"></COL>
<COL WIDTH="103"></COL>
<COL WIDTH="97"></COL>
<COL WIDTH="87"></COL>
<COL WIDTH="95"></COL>
<COL WIDTH="79"></COL>
</COLGROUP>

<THEAD>

<TR ACOPY="N" ADELETE="N" HEIGHT="53">
<TH VALIGN="MIDDLE" WIDTH="34" ACOPYCOL="N" ADELETECOL="N" AMOVECOL="N" AUPDATECONT="N" ENG="Sequential No." HEIGHT="46">연번</TH>
<TH VALIGN="MIDDLE" WIDTH="99" ACOPYCOL="N" ADELETECOL="N" AMOVECOL="N" AUPDATECONT="N" ENG="Number of shares, etc." HEIGHT="46">주식등의 수</TH>
<TH VALIGN="MIDDLE" WIDTH="94" ACOPYCOL="N" ADELETECOL="N" AMOVECOL="N" AUPDATECONT="N" ENG="Amount of loan" HEIGHT="46">대출금액</TH>
<TH VALIGN="MIDDLE" WIDTH="88" ACOPYCOL="N" ADELETECOL="N" AMOVECOL="N" AUPDATECONT="N" ENG="Debtor" HEIGHT="46">채무자</TH>
<TH VALIGN="MIDDLE" WIDTH="78" ACOPYCOL="N" ADELETECOL="N" AMOVECOL="N" AUPDATECONT="N" ENG="Interest rate" HEIGHT="46">이자율</TH>
<TH VALIGN="MIDDLE" WIDTH="86" ACOPYCOL="N" ADELETECOL="N" AMOVECOL="N" AUPDATECONT="N" ENG="Collateral maintenance ratio" HEIGHT="46">담보유지비율</TH>
<TH VALIGN="MIDDLE" WIDTH="70" ACOPYCOL="N" ADELETECOL="N" AMOVECOL="N" AUPDATECONT="N" ENG="Others" HEIGHT="46">기타</TH>
</TR>
</THEAD>

<TBODY>

<TR ACOPY="Y" ADELETE="N" HEIGHT="30">
<TE ALIGN="CENTER" ACODE="SEQ_NO2" VALIGN="MIDDLE" WIDTH="34" HEIGHT="23">-</TE>
<TE ALIGN="RIGHT" ACODE="SEC_CNT" VALIGN="MIDDLE" WIDTH="99" HEIGHT="23">-</TE>
<TE ALIGN="RIGHT" ACODE="SEC_MOY" VALIGN="MIDDLE" WIDTH="94" HEIGHT="23">-</TE>
<TE ALIGN="CENTER" ACODE="SEC_DEB" VALIGN="MIDDLE" WIDTH="88" HEIGHT="23">-</TE>
<TE ALIGN="RIGHT" ACODE="SEC_INT" VALIGN="MIDDLE" WIDTH="78" HEIGHT="23">-</TE>
<TE ACODE="SEC_KEP" ALIGN="RIGHT" VALIGN="MIDDLE" WIDTH="86" HEIGHT="23">-</TE>
<TE ACODE="SEC_ETC" VALIGN="MIDDLE" ALIGN="CENTER" WIDTH="70" HEIGHT="23">-</TE>
</TR>

<TR ACOPY="Y" ADELETE="Y" HEIGHT="30">
<TE ALIGN="CENTER" ACODE="SEQ_NO2" VALIGN="MIDDLE" WIDTH="34" HEIGHT="23">-</TE>
<TE ALIGN="RIGHT" ACODE="SEC_CNT" VALIGN="MIDDLE" WIDTH="99" HEIGHT="23">-</TE>
<TE ALIGN="RIGHT" ACODE="SEC_MOY" VALIGN="MIDDLE" WIDTH="94" HEIGHT="23">-</TE>
<TE ALIGN="CENTER" ACODE="SEC_DEB" VALIGN="MIDDLE" WIDTH="88" HEIGHT="23">-</TE>
<TE ALIGN="RIGHT" ACODE="SEC_INT" VALIGN="MIDDLE" WIDTH="78" HEIGHT="23">-</TE>
<TE ACODE="SEC_KEP" ALIGN="RIGHT" VALIGN="MIDDLE" WIDTH="86" HEIGHT="23">-</TE>
<TE ACODE="SEC_ETC" VALIGN="MIDDLE" ALIGN="CENTER" WIDTH="70" HEIGHT="23">-</TE>
</TR>
</TBODY>
</TABLE>
</TABLE-GROUP>
<P></P>
</SECTION-3>
</SECTION-2>

<SECTION-2 ACLASS="MANDATORY">
<TITLE ATOC="Y" AASSOCNOTE="D-2-3-0-0" ATOCID="19" ENG="3. Details of holding by own account and customer account (Financial institutions only)">3. 자기계정 및 고객계정별 보유내역(금융기관에 한함)</TITLE>

<TABLE-GROUP ACLASS="SF_CNS" ADELETETABLE="N">

<TABLE ACLASS="EXTRACTION" AFIXTABLE="N" WIDTH="700" BORDER="1">

<COLGROUP WIDTH="700">
<COL WIDTH="84"></COL>
<COL WIDTH="89"></COL>
<COL WIDTH="107"></COL>
<COL WIDTH="75"></COL>
<COL WIDTH="105"></COL>
<COL WIDTH="70"></COL>
<COL WIDTH="98"></COL>
<COL WIDTH="72"></COL>
</COLGROUP>

<THEAD>

<TR ACOPY="N" ADELETE="N" HEIGHT="30">
<TH ROWSPAN="2" VALIGN="MIDDLE" WIDTH="75" ACOPYCOL="N" ADELETECOL="N" AMOVECOL="N" AUPDATECONT="N" ENG="Name" HEIGHT="53">명칭</TH>
<TH ROWSPAN="2" VALIGN="MIDDLE" WIDTH="80" ACOPYCOL="N" ADELETECOL="N" AMOVECOL="N" AUPDATECONT="N" ENG="Relationship to the reporting entity" HEIGHT="53">보고자와의관계</TH>
<TH COLSPAN="4" WIDTH="348" ACOPYCOL="N" ADELETECOL="N" AMOVECOL="N" AUPDATECONT="N" ENG="Details by account" HEIGHT="23">계정별 내역</TH>
<TH COLSPAN="2" WIDTH="161" ACOPYCOL="N" ADELETECOL="N" AMOVECOL="N" AUPDATECONT="N" ENG="Total" HEIGHT="23">합  계</TH>
</TR>

<TR ACOPY="N" ADELETE="N" HEIGHT="30">
<TH ACOPYCOL="N" ADELETECOL="N" AMOVECOL="N" AUPDATECONT="N" ENG="Own account (shrs.)" WIDTH="98" HEIGHT="23">자기계정(주)</TH>
<TH ACOPYCOL="N" ADELETECOL="N" AMOVECOL="N" AUPDATECONT="N" ENG="Ratio (%)" WIDTH="66" HEIGHT="23">비율(%)</TH>
<TH ACOPYCOL="N" ADELETECOL="N" AMOVECOL="N" AUPDATECONT="N" ENG="Customer account (shrs.)" WIDTH="96" HEIGHT="23">고객계정(주)</TH>
<TH ACOPYCOL="N" ADELETECOL="N" AMOVECOL="N" AUPDATECONT="N" ENG="Ratio (%)" WIDTH="61" HEIGHT="23">비율(%)</TH>
<TH ACOPYCOL="N" ADELETECOL="N" AMOVECOL="N" AUPDATECONT="N" ENG="Total (shrs.)" WIDTH="89" HEIGHT="23">계(주)</TH>
<TH ACOPYCOL="N" ADELETECOL="N" AMOVECOL="N" AUPDATECONT="N" ENG="Ratio (%)" WIDTH="63" HEIGHT="23">비율(%)</TH>
</TR>
</THEAD>

<TBODY>

<TR ACOPY="Y" ADELETE="N" HEIGHT="30">
<TE ALIGN="CENTER" VALIGN="MIDDLE" ACODE="SPC_NM" WIDTH="75" HEIGHT="23">-</TE>
<TU ALIGN="CENTER" VALIGN="MIDDLE" AUNIT="IFR_RLT2" AUNITVALUE="-" WIDTH="80" HEIGHT="23" ENG="-">-</TU>
<TE ALIGN="RIGHT" VALIGN="MIDDLE" ACODE="SF_CNT" WIDTH="98" HEIGHT="23">-</TE>
<TE ALIGN="RIGHT" VALIGN="MIDDLE" ACODE="SF_RT" WIDTH="66" HEIGHT="23">-</TE>
<TE ALIGN="RIGHT" VALIGN="MIDDLE" ACODE="CNS_CNT" WIDTH="96" HEIGHT="23">-</TE>
<TE ALIGN="RIGHT" VALIGN="MIDDLE" ACODE="CNS_RT" WIDTH="61" HEIGHT="23">-</TE>
<TE ALIGN="RIGHT" VALIGN="MIDDLE" ACODE="CNT_SUM" WIDTH="89" HEIGHT="23">-</TE>
<TE ALIGN="RIGHT" VALIGN="MIDDLE" ACODE="RT_SUM" WIDTH="63" HEIGHT="23">-</TE>
</TR>

<TR ACOPY="Y" ADELETE="Y" HEIGHT="30">
<TE ALIGN="CENTER" VALIGN="MIDDLE" ACODE="SPC_NM" WIDTH="75" HEIGHT="23">-</TE>
<TU ALIGN="CENTER" VALIGN="MIDDLE" AUNIT="IFR_RLT2" AUNITVALUE="-" WIDTH="80" HEIGHT="23" ENG="-">-</TU>
<TE ALIGN="RIGHT" VALIGN="MIDDLE" ACODE="SF_CNT" WIDTH="98" HEIGHT="23">-</TE>
<TE ALIGN="RIGHT" VALIGN="MIDDLE" ACODE="SF_RT" WIDTH="66" HEIGHT="23">-</TE>
<TE ALIGN="RIGHT" VALIGN="MIDDLE" ACODE="CNS_CNT" WIDTH="96" HEIGHT="23">-</TE>
<TE ALIGN="RIGHT" VALIGN="MIDDLE" ACODE="CNS_RT" WIDTH="61" HEIGHT="23">-</TE>
<TE ALIGN="RIGHT" VALIGN="MIDDLE" ACODE="CNT_SUM" WIDTH="89" HEIGHT="23">-</TE>
<TE ALIGN="RIGHT" VALIGN="MIDDLE" ACODE="RT_SUM" WIDTH="63" HEIGHT="23">-</TE>
</TR>

<TR ACOPY="N" ADELETE="N" HEIGHT="30">
<TD COLSPAN="2" ALIGN="CENTER" VALIGN="MIDDLE" AUPDATECONT="N" ENG="Total" WIDTH="164" HEIGHT="23">합  계</TD>
<TE ALIGN="RIGHT" VALIGN="MIDDLE" ACODE="SF_CNT_SUM" WIDTH="98" HEIGHT="23">-</TE>
<TE ALIGN="RIGHT" VALIGN="MIDDLE" ACODE="SF_RT_SUM" WIDTH="66" HEIGHT="23">-</TE>
<TE ALIGN="RIGHT" VALIGN="MIDDLE" ACODE="CNS_CNT_SUM" WIDTH="96" HEIGHT="23">-</TE>
<TE ALIGN="RIGHT" VALIGN="MIDDLE" ACODE="CNS_RT_SUM" WIDTH="61" HEIGHT="23">-</TE>
<TE ALIGN="RIGHT" VALIGN="MIDDLE" ACODE="ALL_CNT_SUM" WIDTH="89" HEIGHT="23">-</TE>
<TE ALIGN="RIGHT" VALIGN="MIDDLE" ACODE="ALL_RT_SUM" WIDTH="63" HEIGHT="23">-</TE>
</TR>
</TBODY>
</TABLE>
</TABLE-GROUP>
<P></P>
<PGBRK></PGBRK>
</SECTION-2>
</SECTION-1>

<SECTION-1 ACLASS="MANDATORY" APARTSOURCE="SOURCE">
<TITLE ATOC="Y" ATOCID="20" ENG="Part 3 Significant Changes Since the Last Reporting Date">제3부 직전보고일 이후 대량변동 내역</TITLE>
<P></P>

<SECTION-2 ACLASS="MANDATORY">
<TITLE ATOC="Y" AASSOCNOTE="D-3-1-0-0" ATOCID="21" ENG="1. Summary of changes">1. 변동내역 총괄표</TITLE>

<SECTION-3 ACLASS="MANDATORY">
<TITLE ATOC="Y" ATOCID="22" ENG="A. Details of changes in stocks, etc.">가. 주식등의 변동내역</TITLE>

<TABLE-GROUP ACLASS="CST_CNT2" ADELETETABLE="N">

<TABLE ACLASS="EXTRACTION" AFIXTABLE="N" WIDTH="881" BORDER="1">

<COLGROUP WIDTH="881">
<COL WIDTH="58"></COL>
<COL WIDTH="69"></COL>
<COL WIDTH="77"></COL>
<COL WIDTH="81"></COL>
<COL WIDTH="45"></COL>
<COL WIDTH="68"></COL>
<COL WIDTH="76"></COL>
<COL WIDTH="60"></COL>
<COL WIDTH="72"></COL>
<COL WIDTH="61"></COL>
<COL WIDTH="48"></COL>
<COL WIDTH="21"></COL>
<COL WIDTH="79"></COL>
<COL WIDTH="66"></COL>
</COLGROUP>

<THEAD>

<TR ACOPY="N" ADELETE="N" HEIGHT="30">
<TH ROWSPAN="3" VALIGN="MIDDLE" WIDTH="49" ACOPYCOL="N" ADELETECOL="N" AMOVECOL="N" AUPDATECONT="N" ENG="Relationship" HEIGHT="244">관 계</TH>
<TH ROWSPAN="3" VALIGN="MIDDLE" WIDTH="60" ACOPYCOL="N" ADELETECOL="N" AMOVECOL="N" AUPDATECONT="N" ENG="Name (Title)" HEIGHT="244">성 명(명칭)</TH>
<TH ROWSPAN="3" VALIGN="MIDDLE" WIDTH="68" ACOPYCOL="N" ADELETECOL="N" AMOVECOL="N" AUPDATECONT="N" ENG="Date of birth or business registration No., etc." HEIGHT="244">생년월일또는사업자등록번호 등</TH>
<TH COLSPAN="11" VALIGN="MIDDLE" WIDTH="668" ACOPYCOL="N" ADELETECOL="N" AMOVECOL="N" AUPDATECONT="N" ENG="Increase/decrease of shares, etc." HEIGHT="23">증감주식등의 내역</TH>
</TR>

<TR ACOPY="N" ADELETE="N" HEIGHT="30">
<TH COLSPAN="3" VALIGN="MIDDLE" ACOPYCOL="N" ADELETECOL="N" AMOVECOL="N" AUPDATECONT="N" ENG="Share certificates" WIDTH="185" HEIGHT="23">주 권</TH>
<TH ROWSPAN="2" VALIGN="MIDDLE" ACOPYCOL="N" ADELETECOL="N" AMOVECOL="N" AUPDATECONT="N" ENG="Those with warrants" WIDTH="67" HEIGHT="214">신주인수권이표시된것</TH>
<TH ROWSPAN="2" VALIGN="MIDDLE" ACOPYCOL="N" ADELETECOL="N" AMOVECOL="N" AUPDATECONT="N" ENG="Convertible bonds" WIDTH="51" HEIGHT="214">전환사채권</TH>
<TH ROWSPAN="2" VALIGN="MIDDLE" ACOPYCOL="N" ADELETECOL="N" AMOVECOL="N" AUPDATECONT="N" ENG="Bonds with warrants" WIDTH="63" HEIGHT="214">신주인수권부사채권</TH>
<TH ROWSPAN="2" VALIGN="MIDDLE" ACOPYCOL="N" ADELETECOL="N" AMOVECOL="N" AUPDATECONT="N" ENG="Exchangeable bonds" WIDTH="52" HEIGHT="214">교환사채권</TH>
<TH ROWSPAN="2" VALIGN="MIDDLE" ACOPYCOL="N" ADELETECOL="N" AMOVECOL="N" AUPDATECONT="N" ENG="Depositary receipts" WIDTH="39" HEIGHT="214">증권예탁증권</TH>
<TH ROWSPAN="2" VALIGN="MIDDLE" ACOPYCOL="N" ADELETECOL="N" AMOVECOL="N" AUPDATECONT="N" ENG="Others" WIDTH="12" HEIGHT="214">기타</TH>
<TH COLSPAN="2" VALIGN="MIDDLE" ACOPYCOL="N" ADELETECOL="N" AMOVECOL="N" AUPDATECONT="N" ENG="Total" WIDTH="136" HEIGHT="23">합 계</TH>
</TR>

<TR ACOPY="N" ADELETE="N" HEIGHT="191">
<TH VALIGN="MIDDLE" ACOPYCOL="N" ADELETECOL="N" AMOVECOL="N" AUPDATECONT="N" ENG="Voting share" WIDTH="72" HEIGHT="184">의결권있는주식</TH>
<TH VALIGN="MIDDLE" ACOPYCOL="N" ADELETECOL="N" AMOVECOL="N" AUPDATECONT="N" ENG="Stocks to be redeemed with voting share" WIDTH="36" HEIGHT="184">의결권있는 주식으로상환될주식</TH>
<TH VALIGN="MIDDLE" ACOPYCOL="N" ADELETECOL="N" AMOVECOL="N" AUPDATECONT="N" ENG="Stocks to be converted to voting share" WIDTH="59" HEIGHT="184">의결권있는 주식으로전환될 주식</TH>
<TH VALIGN="MIDDLE" ACOPYCOL="N" ADELETECOL="N" AMOVECOL="N" AUPDATECONT="N" ENG="Number of shares (shrs.)" WIDTH="70" HEIGHT="184">주수(주)</TH>
<TH VALIGN="MIDDLE" ACOPYCOL="N" ADELETECOL="N" AMOVECOL="N" AUPDATECONT="N" ENG="Ratio (%)" WIDTH="57" HEIGHT="184">비율(%)</TH>
</TR>
</THEAD>

<TBODY>

<TR ACOPY="N" ADELETE="N" HEIGHT="30">
<TD ALIGN="CENTER" VALIGN="MIDDLE" AUPDATECONT="N" ENG="Reporting entity" WIDTH="49" HEIGHT="23">보고자</TD>
<TE ALIGN="CENTER" VALIGN="MIDDLE" ACODE="SPC_NM" WIDTH="60" HEIGHT="23">김상훈</TE>
<TE ALIGN="CENTER" VALIGN="MIDDLE" ACODE="SPC_ID2" WIDTH="68" HEIGHT="23">780824</TE>
<TE ALIGN="RIGHT" VALIGN="MIDDLE" ACODE="ATK_CNT" WIDTH="72" HEIGHT="23">-</TE>
<TE ALIGN="RIGHT" VALIGN="MIDDLE" ACODE="REP_CNT" WIDTH="36" HEIGHT="23">-</TE>
<TE ALIGN="RIGHT" VALIGN="MIDDLE" ACODE="CHN_CNT" WIDTH="59" HEIGHT="23">-</TE>
<TE ALIGN="RIGHT" VALIGN="MIDDLE" ACODE="ACC_CNT" WIDTH="67" HEIGHT="23">-</TE>
<TE ALIGN="RIGHT" VALIGN="MIDDLE" ACODE="CB_CNT" WIDTH="51" HEIGHT="23">-</TE>
<TE ALIGN="RIGHT" VALIGN="MIDDLE" ACODE="LN_CNT" WIDTH="63" HEIGHT="23">-</TE>
<TE ALIGN="RIGHT" VALIGN="MIDDLE" ACODE="EB_CNT" WIDTH="52" HEIGHT="23">-</TE>
<TE ALIGN="RIGHT" VALIGN="MIDDLE" ACODE="CF_CNT" WIDTH="39" HEIGHT="23">-</TE>
<TE ALIGN="RIGHT" VALIGN="MIDDLE" ACODE="ET_CNT" WIDTH="12" HEIGHT="23">-</TE>
<TE ALIGN="RIGHT" VALIGN="MIDDLE" ACODE="STK_CNT" WIDTH="70" HEIGHT="23">-</TE>
<TE ALIGN="RIGHT" VALIGN="MIDDLE" ACODE="STK_RT" WIDTH="57" HEIGHT="23">-</TE>
</TR>

<TR ACOPY="N" ADELETE="N" HEIGHT="30">
<TD ROWSPAN="3" ALIGN="CENTER" VALIGN="MIDDLE" AUPDATECONT="N" ENG="Specially related parties" WIDTH="49" HEIGHT="83">특별관계자</TD>
<TE ALIGN="CENTER" VALIGN="MIDDLE" ACODE="SPC_NM" WIDTH="60" HEIGHT="23">-</TE>
<TE ALIGN="CENTER" VALIGN="MIDDLE" ACODE="SPC_ID2" WIDTH="68" HEIGHT="23">-</TE>
<TE ALIGN="RIGHT" VALIGN="MIDDLE" ACODE="ATK_CNT" WIDTH="72" HEIGHT="23">-</TE>
<TE ALIGN="RIGHT" VALIGN="MIDDLE" ACODE="REP_CNT" WIDTH="36" HEIGHT="23">-</TE>
<TE ALIGN="RIGHT" VALIGN="MIDDLE" ACODE="CHN_CNT" WIDTH="59" HEIGHT="23">-</TE>
<TE ALIGN="RIGHT" VALIGN="MIDDLE" ACODE="ACC_CNT" WIDTH="67" HEIGHT="23">-</TE>
<TE ALIGN="RIGHT" VALIGN="MIDDLE" ACODE="CB_CNT" WIDTH="51" HEIGHT="23">-</TE>
<TE ALIGN="RIGHT" VALIGN="MIDDLE" ACODE="LN_CNT" WIDTH="63" HEIGHT="23">-</TE>
<TE ALIGN="RIGHT" VALIGN="MIDDLE" ACODE="EB_CNT" WIDTH="52" HEIGHT="23">-</TE>
<TE ALIGN="RIGHT" VALIGN="MIDDLE" ACODE="CF_CNT" WIDTH="39" HEIGHT="23">-</TE>
<TE ALIGN="RIGHT" VALIGN="MIDDLE" ACODE="ET_CNT" WIDTH="12" HEIGHT="23">-</TE>
<TE ALIGN="RIGHT" VALIGN="MIDDLE" ACODE="STK_CNT" WIDTH="70" HEIGHT="23">-</TE>
<TE ALIGN="RIGHT" VALIGN="MIDDLE" ACODE="STK_RT" WIDTH="57" HEIGHT="23">-</TE>
</TR>

<TR ACOPY="Y" ADELETE="N" HEIGHT="30">
<TE ALIGN="CENTER" VALIGN="MIDDLE" ACODE="SPC_NM" WIDTH="60" HEIGHT="23">-</TE>
<TE ALIGN="CENTER" VALIGN="MIDDLE" ACODE="SPC_ID2" WIDTH="68" HEIGHT="23">-</TE>
<TE ALIGN="RIGHT" VALIGN="MIDDLE" ACODE="ATK_CNT" WIDTH="72" HEIGHT="23">-</TE>
<TE ALIGN="RIGHT" VALIGN="MIDDLE" ACODE="REP_CNT" WIDTH="36" HEIGHT="23">-</TE>
<TE ALIGN="RIGHT" VALIGN="MIDDLE" ACODE="CHN_CNT" WIDTH="59" HEIGHT="23">-</TE>
<TE ALIGN="RIGHT" VALIGN="MIDDLE" ACODE="ACC_CNT" WIDTH="67" HEIGHT="23">-</TE>
<TE ALIGN="RIGHT" VALIGN="MIDDLE" ACODE="CB_CNT" WIDTH="51" HEIGHT="23">-</TE>
<TE ALIGN="RIGHT" VALIGN="MIDDLE" ACODE="LN_CNT" WIDTH="63" HEIGHT="23">-</TE>
<TE ALIGN="RIGHT" VALIGN="MIDDLE" ACODE="EB_CNT" WIDTH="52" HEIGHT="23">-</TE>
<TE ALIGN="RIGHT" VALIGN="MIDDLE" ACODE="CF_CNT" WIDTH="39" HEIGHT="23">-</TE>
<TE ALIGN="RIGHT" VALIGN="MIDDLE" ACODE="ET_CNT" WIDTH="12" HEIGHT="23">-</TE>
<TE ALIGN="RIGHT" VALIGN="MIDDLE" ACODE="STK_CNT" WIDTH="70" HEIGHT="23">-</TE>
<TE ALIGN="RIGHT" VALIGN="MIDDLE" ACODE="STK_RT" WIDTH="57" HEIGHT="23">-</TE>
</TR>

<TR ACOPY="Y" ADELETE="Y" HEIGHT="30">
<TE ALIGN="CENTER" VALIGN="MIDDLE" ACODE="SPC_NM" WIDTH="60" HEIGHT="23">-</TE>
<TE ALIGN="CENTER" VALIGN="MIDDLE" ACODE="SPC_ID2" WIDTH="68" HEIGHT="23">-</TE>
<TE ALIGN="RIGHT" VALIGN="MIDDLE" ACODE="ATK_CNT" WIDTH="72" HEIGHT="23">-</TE>
<TE ALIGN="RIGHT" VALIGN="MIDDLE" ACODE="REP_CNT" WIDTH="36" HEIGHT="23">-</TE>
<TE ALIGN="RIGHT" VALIGN="MIDDLE" ACODE="CHN_CNT" WIDTH="59" HEIGHT="23">-</TE>
<TE ALIGN="RIGHT" VALIGN="MIDDLE" ACODE="ACC_CNT" WIDTH="67" HEIGHT="23">-</TE>
<TE ALIGN="RIGHT" VALIGN="MIDDLE" ACODE="CB_CNT" WIDTH="51" HEIGHT="23">-</TE>
<TE ALIGN="RIGHT" VALIGN="MIDDLE" ACODE="LN_CNT" WIDTH="63" HEIGHT="23">-</TE>
<TE ALIGN="RIGHT" VALIGN="MIDDLE" ACODE="EB_CNT" WIDTH="52" HEIGHT="23">-</TE>
<TE ALIGN="RIGHT" VALIGN="MIDDLE" ACODE="CF_CNT" WIDTH="39" HEIGHT="23">-</TE>
<TE ALIGN="RIGHT" VALIGN="MIDDLE" ACODE="ET_CNT" WIDTH="12" HEIGHT="23">-</TE>
<TE ALIGN="RIGHT" VALIGN="MIDDLE" ACODE="STK_CNT" WIDTH="70" HEIGHT="23">-</TE>
<TE ALIGN="RIGHT" VALIGN="MIDDLE" ACODE="STK_RT" WIDTH="57" HEIGHT="23">-</TE>
</TR>
</TBODY>
</TABLE>
</TABLE-GROUP>
<P></P>
</SECTION-3>
</SECTION-2>

<SECTION-2 ACLASS="MANDATORY">
<TITLE ATOC="Y" AASSOCNOTE="D-3-2-0-0" ATOCID="23" ENG="2. Details of changes">2. 세부변동내역</TITLE>

<SECTION-3 ACLASS="MANDATORY">
<TITLE ATOC="Y" ATOCID="24" ENG="A. Details of changes in stocks, etc.">가. 주식등의 세부변동내역</TITLE>

<TABLE-GROUP ACLASS="HLD_MTH" ADELETETABLE="N">

<TABLE ACLASS="EXTRACTION" AFIXTABLE="Y" WIDTH="865" BORDER="0">

<COLGROUP WIDTH="865">
<COL WIDTH="865"></COL>
</COLGROUP>

<TBODY>

<TR ACOPY="N" ADELETE="N" HEIGHT="30">
<TD ALIGN="RIGHT" VALIGN="BOTTOM" WIDTH="856" AUPDATECONT="N" ENG="(Unit: shares, KRW)" HEIGHT="23">(단위 : 주, 원)</TD>
</TR>
</TBODY>
</TABLE>

<TABLE ACLASS="EXTRACTION" AFIXTABLE="N" WIDTH="864" BORDER="1">

<COLGROUP WIDTH="864">
<COL WIDTH="86"></COL>
<COL WIDTH="118"></COL>
<COL WIDTH="130"></COL>
<COL WIDTH="72"></COL>
<COL WIDTH="86"></COL>
<COL WIDTH="83"></COL>
<COL WIDTH="68"></COL>
<COL WIDTH="75"></COL>
<COL WIDTH="59"></COL>
<COL WIDTH="23"></COL>
<COL WIDTH="64"></COL>
</COLGROUP>

<THEAD>

<TR ACOPY="N" ADELETE="N" HEIGHT="46">
<TH ROWSPAN="2" VALIGN="MIDDLE" WIDTH="77" ACOPYCOL="N" ADELETECOL="N" AMOVECOL="N" AUPDATECONT="N" ENG="Name (Title)" HEIGHT="115">성명(명칭)</TH>
<TH ROWSPAN="2" VALIGN="MIDDLE" WIDTH="109" ACOPYCOL="N" ADELETECOL="N" AMOVECOL="N" AUPDATECONT="N" ENG="Date of birth or business registration No., etc." HEIGHT="115">생년월일 또는사업자등록번호 등</TH>
<TH ROWSPAN="2" VALIGN="MIDDLE" WIDTH="121" ACOPYCOL="N" ADELETECOL="N" AMOVECOL="N" AUPDATECONT="N" ENG="Date of change*" HEIGHT="115">변동일*</TH>
<TH ROWSPAN="2" VALIGN="MIDDLE" WIDTH="63" ACOPYCOL="N" ADELETECOL="N" AMOVECOL="N" AUPDATECONT="N" ENG="Acquisition/disposal method" HEIGHT="115">취득/처분방법</TH>
<TH ROWSPAN="2" VALIGN="MIDDLE" WIDTH="77" ACOPYCOL="N" ADELETECOL="N" AMOVECOL="N" AUPDATECONT="N" ENG="Type of shares, etc." HEIGHT="115">주식등의종류</TH>
<TH COLSPAN="3" VALIGN="MIDDLE" WIDTH="217" ACOPYCOL="N" ADELETECOL="N" AMOVECOL="N" AUPDATECONT="N" ENG="Details of change" HEIGHT="39">변동 내역</TH>
<TH ROWSPAN="2" VALIGN="MIDDLE" WIDTH="73" ACOPYCOL="N" ADELETECOL="N" AMOVECOL="N" AUPDATECONT="N" COLSPAN="2" ENG="Acquisition/Disposal unit price**" HEIGHT="115">취득/처분단가**</TH>
<TH ROWSPAN="2" VALIGN="MIDDLE" WIDTH="55" ACOPYCOL="N" ADELETECOL="N" AMOVECOL="N" AUPDATECONT="N" ENG="Note" HEIGHT="115">비 고</TH>
</TR>

<TR ACOPY="N" ADELETE="N" HEIGHT="76">
<TH VALIGN="MIDDLE" ACOPYCOL="N" ADELETECOL="N" AMOVECOL="N" AUPDATECONT="N" ENG="Before change" WIDTH="74" HEIGHT="69">변동전</TH>
<TH VALIGN="MIDDLE" ACOPYCOL="N" ADELETECOL="N" AMOVECOL="N" AUPDATECONT="N" ENG="Increase or decrease" WIDTH="59" HEIGHT="69">증감</TH>
<TH VALIGN="MIDDLE" ACOPYCOL="N" ADELETECOL="N" AMOVECOL="N" AUPDATECONT="N" ENG="After change" WIDTH="66" HEIGHT="69">변동후</TH>
</TR>
</THEAD>

<TBODY>

<TR ACOPY="Y" ADELETE="N" HEIGHT="53">
<TE ALIGN="CENTER" ACODE="SPC_NM" VALIGN="MIDDLE" WIDTH="77" HEIGHT="46">김상훈</TE>
<TE ALIGN="CENTER" ACODE="SPC_ID2" VALIGN="MIDDLE" WIDTH="109" HEIGHT="46">780824</TE>
<TU ALIGN="CENTER" AUNIT="MDF_DT" VALIGN="MIDDLE" AUNITVALUE="20241031" WIDTH="121" HEIGHT="46">2024년 10월 31일</TU>
<TU ALIGN="CENTER" AUNIT="HLD_MTH" VALIGN="MIDDLE" AUNITVALUE="-" WIDTH="63" HEIGHT="46" ENG="-">-</TU>
<TU ALIGN="CENTER" AUNIT="STK_KND" VALIGN="MIDDLE" AUNITVALUE="11" WIDTH="77" HEIGHT="46" ENG="Voting share">의결권있는 주식</TU>
<TE ALIGN="RIGHT" ACODE="BFR_MDF_CNT" VALIGN="MIDDLE" WIDTH="74" HEIGHT="46">-</TE>
<TE ALIGN="RIGHT" ACODE="MDF_SDK_CNT" VALIGN="MIDDLE" WIDTH="59" HEIGHT="46">-</TE>
<TE ALIGN="RIGHT" ACODE="AFR_MDF_CNT" VALIGN="MIDDLE" WIDTH="66" HEIGHT="46">-</TE>
<TE ALIGN="RIGHT" ACODE="HLD_UNT_PRJ" VALIGN="MIDDLE" WIDTH="50" HEIGHT="46">-</TE>
<TE ALIGN="RIGHT" ACODE="HLD_UNT_PRG" VALIGN="MIDDLE" WIDTH="14" HEIGHT="46">-</TE>
<TE ACODE="RMK" VALIGN="MIDDLE" ALIGN="CENTER" WIDTH="55" HEIGHT="46">-</TE>
</TR>
</TBODY>
</TABLE>
</TABLE-GROUP>
<P>*   증권시장에서 주식등을 매매한 경우에는 그 계약체결일</P>
<P>** 주식 외의 증권의 경우 해당 증권의 행사(전환ㆍ교환)가액 또는 해당 증권의 권리행사로 취득ㆍ처분하는 주식의 매매단가를 의미하며, (   )의 금액은 해당 증권의 매매단가를 의미</P>
<P></P>
</SECTION-3>
</SECTION-2>

<SECTION-2 ACLASS="MANDATORY">
<TITLE ATOC="Y" ATOCID="25" ENG="3. Details of funds raised for acquisition, etc.">3. 취득에 필요한 자금등의 조성내역</TITLE>

<SECTION-3 ACLASS="MANDATORY">
<TITLE ATOC="Y" AASSOCNOTE="D-3-3-1-0" ATOCID="26" ENG="(1) Overview of acquisition funds, etc.">(1) 취득자금등의 개요</TITLE>

<TABLE-GROUP ACLASS="PRH_CPT3" ADELETETABLE="N">

<TABLE ACLASS="EXTRACTION" AFIXTABLE="Y" WIDTH="666" BORDER="0">

<COLGROUP WIDTH="666">
<COL WIDTH="666"></COL>
</COLGROUP>

<TBODY>

<TR ACOPY="N" ADELETE="N" HEIGHT="30">
<TD ALIGN="RIGHT" VALIGN="BOTTOM" WIDTH="657" AUPDATECONT="N" ENG="(Unit: KRW)" HEIGHT="23">(단위 : 원)</TD>
</TR>
</TBODY>
</TABLE>

<TABLE ACLASS="EXTRACTION" AFIXTABLE="N" WIDTH="666" BORDER="1">

<COLGROUP WIDTH="666">
<COL WIDTH="104"></COL>
<COL WIDTH="143"></COL>
<COL WIDTH="108"></COL>
<COL WIDTH="104"></COL>
<COL WIDTH="83"></COL>
<COL WIDTH="124"></COL>
</COLGROUP>

<THEAD>

<TR ACOPY="N" ADELETE="N" HEIGHT="53">
<TH WIDTH="95" ACOPYCOL="N" ADELETECOL="N" AMOVECOL="N" AUPDATECONT="N" VALIGN="MIDDLE" ENG="Name" HEIGHT="46">성명</TH>
<TH WIDTH="134" ACOPYCOL="N" ADELETECOL="N" AMOVECOL="N" AUPDATECONT="N" VALIGN="MIDDLE" ENG="Date of birth or business registration No., etc." HEIGHT="46">생년월일 또는사업자등록번호등</TH>
<TH WIDTH="99" ACOPYCOL="N" ADELETECOL="N" AMOVECOL="N" AUPDATECONT="N" VALIGN="MIDDLE" ENG="Self-finance (H)" HEIGHT="46">자기자금(H)</TH>
<TH WIDTH="95" ACOPYCOL="N" ADELETECOL="N" AMOVECOL="N" AUPDATECONT="N" VALIGN="MIDDLE" ENG="Borrowings (I)" HEIGHT="46">차입금(I)</TH>
<TH WIDTH="74" ACOPYCOL="N" ADELETECOL="N" AMOVECOL="N" AUPDATECONT="N" VALIGN="MIDDLE" ENG="Others (J)" HEIGHT="46">기타(J)</TH>
<TH WIDTH="115" ACOPYCOL="N" ADELETECOL="N" AMOVECOL="N" AUPDATECONT="N" VALIGN="MIDDLE" ENG="Total (H+I+J)" HEIGHT="46">계(H+I+J)</TH>
</TR>
</THEAD>

<TBODY>

<TR ACOPY="Y" ADELETE="N" HEIGHT="30">
<TE ALIGN="CENTER" ACODE="PRH_NM" VALIGN="MIDDLE" WIDTH="95" HEIGHT="23">김상훈</TE>
<TE ALIGN="CENTER" ACODE="PRH_ID" VALIGN="MIDDLE" WIDTH="134" HEIGHT="23">780824</TE>
<TE ALIGN="RIGHT" ACODE="PRH_CPT" VALIGN="MIDDLE" WIDTH="99" HEIGHT="23">5,245,075,128</TE>
<TE ALIGN="RIGHT" ACODE="PRH_LN" VALIGN="MIDDLE" WIDTH="95" HEIGHT="23">-</TE>
<TE ALIGN="RIGHT" ACODE="PRH_AMT" VALIGN="MIDDLE" WIDTH="74" HEIGHT="23">-</TE>
<TE ALIGN="RIGHT" ACODE="PRH_SUM" VALIGN="MIDDLE" WIDTH="115" HEIGHT="23">5,245,075,128</TE>
</TR>
</TBODY>
</TABLE>
</TABLE-GROUP>
<P></P>
</SECTION-3>

<SECTION-3 ACLASS="MANDATORY">
<TITLE ATOC="Y" AASSOCNOTE="D-3-3-2-0" ATOCID="27" ENG="(2) Background of funding and sources of acquisition funds, etc.">(2) 취득자금등의 조성경위 및 원천</TITLE>

<LIBRARY>
<SECTION-4 ACLASS="MANDATORY">
<TITLE ATOC="N" ENG="ㅇ In the case of owners’ equity">ㅇ 자기자금의 경우</TITLE>

<TABLE-GROUP ACLASS="CSE_HA" ADELETETABLE="N">

<TABLE ACLASS="EXTRACTION" AFIXTABLE="N" WIDTH="623" BORDER="1">

<COLGROUP WIDTH="623">
<COL WIDTH="118"></COL>
<COL WIDTH="134"></COL>
<COL WIDTH="371"></COL>
</COLGROUP>

<THEAD>

<TR ACOPY="N" ADELETE="N" HEIGHT="53">
<TH WIDTH="109" ACOPYCOL="N" ADELETECOL="N" AMOVECOL="N" AUPDATECONT="N" VALIGN="MIDDLE" ENG="Name" HEIGHT="46">성명</TH>
<TH WIDTH="125" ACOPYCOL="N" ADELETECOL="N" AMOVECOL="N" AUPDATECONT="N" VALIGN="MIDDLE" ENG="Date of birth or business registration No., etc." HEIGHT="46">생년월일 또는사업자등록번호등</TH>
<TH WIDTH="362" ACOPYCOL="N" ADELETECOL="N" AMOVECOL="N" AUPDATECONT="N" VALIGN="MIDDLE" ENG="Background of funding and sources of acquisition funds, etc." HEIGHT="46">취득자금등의 조성경위 및 원천</TH>
</TR>
</THEAD>

<TBODY>

<TR ACOPY="Y" ADELETE="N" HEIGHT="53">
<TE ALIGN="CENTER" ACODE="PRH_NM" VALIGN="MIDDLE" WIDTH="109" HEIGHT="46">김상훈</TE>
<TE ALIGN="CENTER" ACODE="PRH_ID" VALIGN="MIDDLE" WIDTH="125" HEIGHT="46">780824</TE>
<TE ALIGN="CENTER" ACODE="HA_DTL" VALIGN="MIDDLE" WIDTH="362" HEIGHT="46">꺾이지 않는 마음으로 28년동안 꾸준히 투자함자기자본</TE>
</TR>
</TBODY>
</TABLE>
</TABLE-GROUP>
<P></P>
</SECTION-4>
</LIBRARY>

</SECTION-3>
</SECTION-2>
</SECTION-1>
</LIBRARY>

</BODY>
</DOCUMENT>