<?xml version="1.0" encoding="utf-8"?>


<DOCUMENT xmlns:xsi="http://www.w3.org/2001/XMLSchema-instance" xsi:noNamespaceSchemaLocation="dart4.xsd">

<DOCUMENT-NAME ACODE="80701">계열금융회사를거래상대방으로한단기금융상품거래의분기별공시</DOCUMENT-NAME>
<FORMULA-VERSION ADATE="20240129">6.0</FORMULA-VERSION>
<COMPANY-NAME AREGCIK="00227616">농업회사법인 농협에코아그로(주)</COMPANY-NAME>


<BODY ATOCID="1">

<SECTION-1 ACLASS="MANDATORY" APARTSOURCE="SOURCE">
<TITLE ATOC="Y" AASSOCNOTE="D-0-1-0-0" ENG="Quarterly Disclosure of Short-term Financial Instrument Transactions with Affiliated Financial Company as Trading Partner" ATOCID="1">계열금융회사를 거래상대방으로 한 단기금융상품 거래의 분기별 공시</TITLE>
<P></P>

<TABLE ACLASS="NORMAL" WIDTH="724" BORDER="1">

<COLGROUP WIDTH="724">
<COL WIDTH="93"></COL>
<COL WIDTH="48"></COL>
<COL WIDTH="63"></COL>
<COL WIDTH="123"></COL>
<COL WIDTH="78"></COL>
<COL WIDTH="97"></COL>
<COL WIDTH="78"></COL>
<COL WIDTH="144"></COL>
</COLGROUP>

<TBODY>

<TR ACOPY="Y" ADELETE="Y" HEIGHT="53">
<TD ALIGN="CENTER" VALIGN="MIDDLE" WIDTH="84" HEIGHT="46">기업집단명</TD>
<TD VALIGN="MIDDLE" WIDTH="39" HEIGHT="46" ALIGN="CENTER">농협</TD>
<TD ALIGN="CENTER" VALIGN="MIDDLE" WIDTH="54" HEIGHT="46">회사명</TD>
<TD VALIGN="MIDDLE" WIDTH="114" HEIGHT="46" ALIGN="CENTER">농업회사법인농협에코아그로</TD>
<TD ALIGN="CENTER" VALIGN="MIDDLE" WIDTH="69" HEIGHT="46">공시일자</TD>
<TD VALIGN="MIDDLE" WIDTH="88" HEIGHT="46" ALIGN="CENTER">2026.01.05.</TD>
<TD ALIGN="CENTER" VALIGN="MIDDLE" WIDTH="69" HEIGHT="46">관련법규</TD>
<TD ALIGN="CENTER" VALIGN="MIDDLE" WIDTH="135" HEIGHT="46">공정거래법 제26조</TD>
</TR>
</TBODY>
</TABLE>
<P></P>

<TABLE ACLASS="NORMAL" AFIXTABLE="N" WIDTH="895" BORDER="0">

<COLGROUP WIDTH="895">
<COL WIDTH="448"></COL>
<COL WIDTH="447"></COL>
</COLGROUP>

<TBODY>

<TR ACOPY="Y" ADELETE="Y" HEIGHT="30">
<TD WIDTH="439" HEIGHT="23"></TD>
<TD ALIGN="RIGHT" WIDTH="438" HEIGHT="23">(단위 : 억 원, %)</TD>
</TR>
</TBODY>
</TABLE>

<TABLE ACLASS="NORMAL" AFIXTABLE="N" WIDTH="894" BORDER="1">

<COLGROUP WIDTH="894">
<COL WIDTH="162"></COL>
<COL WIDTH="121"></COL>
<COL WIDTH="115"></COL>
<COL WIDTH="143"></COL>
<COL WIDTH="114"></COL>
<COL WIDTH="97"></COL>
<COL WIDTH="142"></COL>
</COLGROUP>

<THEAD>

<TR ACOPY="Y" ADELETE="Y" HEIGHT="30">
<TH ROWSPAN="2" VALIGN="MIDDLE" WIDTH="153" HEIGHT="53" ACOPYCOL="Y" ADELETECOL="Y" AMOVECOL="N">거래상대방</TH>
<TH ROWSPAN="2" VALIGN="MIDDLE" WIDTH="112" HEIGHT="53" ACOPYCOL="Y" ADELETECOL="Y" AMOVECOL="N">거래일자</TH>
<TH ROWSPAN="2" VALIGN="MIDDLE" WIDTH="106" HEIGHT="53" ACOPYCOL="Y" ADELETECOL="Y" AMOVECOL="N">거래대상</TH>
<TH ROWSPAN="2" VALIGN="MIDDLE" WIDTH="134" HEIGHT="53" ACOPYCOL="Y" ADELETECOL="Y" AMOVECOL="N">거래금액</TH>
<TH COLSPAN="2" VALIGN="MIDDLE" WIDTH="202" HEIGHT="23" ACOPYCOL="Y" ADELETECOL="Y" AMOVECOL="N">거래조건</TH>
<TH ROWSPAN="2" VALIGN="MIDDLE" WIDTH="133" HEIGHT="53" ACOPYCOL="Y" ADELETECOL="Y" AMOVECOL="N">거래목적</TH>
</TR>

<TR ACOPY="Y" ADELETE="Y" HEIGHT="30">
<TH VALIGN="MIDDLE" WIDTH="105" HEIGHT="23" ACOPYCOL="Y" ADELETECOL="Y" AMOVECOL="N">단가/이자율</TH>
<TH VALIGN="MIDDLE" WIDTH="88" HEIGHT="23" ACOPYCOL="Y" ADELETECOL="Y" AMOVECOL="N">기타</TH>
</TR>
</THEAD>

<TBODY>

<TR ACOPY="Y" ADELETE="Y" HEIGHT="30">
<TD ROWSPAN="2" ALIGN="CENTER" VALIGN="MIDDLE" WIDTH="153" HEIGHT="53">농협은행(주)</TD>
<TD VALIGN="MIDDLE" WIDTH="112" HEIGHT="23" ALIGN="CENTER">2025.10.01.</TD>
<TD VALIGN="MIDDLE" WIDTH="106" HEIGHT="23" ALIGN="CENTER">특정금전신탁</TD>
<TD VALIGN="MIDDLE" WIDTH="134" HEIGHT="23" ALIGN="CENTER">13</TD>
<TD VALIGN="MIDDLE" WIDTH="105" HEIGHT="23" ALIGN="CENTER">시장실세금리</TD>
<TD VALIGN="MIDDLE" WIDTH="88" HEIGHT="23" ALIGN="CENTER">-</TD>
<TD VALIGN="MIDDLE" WIDTH="133" HEIGHT="23" ALIGN="CENTER">운영자금예치</TD>
</TR>

<TR ACOPY="Y" ADELETE="Y" HEIGHT="30">
<TD COLSPAN="2" ALIGN="CENTER" VALIGN="MIDDLE" WIDTH="227" HEIGHT="23">소   계</TD>
<TD VALIGN="MIDDLE" WIDTH="134" HEIGHT="23" ALIGN="CENTER">13</TD>
<TD VALIGN="MIDDLE" WIDTH="105" HEIGHT="23" ALIGN="CENTER">-</TD>
<TD VALIGN="MIDDLE" WIDTH="88" HEIGHT="23" ALIGN="CENTER">-</TD>
<TD VALIGN="MIDDLE" WIDTH="133" HEIGHT="23" ALIGN="CENTER">-</TD>
</TR>

<TR ACOPY="Y" ADELETE="Y" HEIGHT="30">
<TD COLSPAN="3" ALIGN="CENTER" VALIGN="MIDDLE" WIDTH="389" HEIGHT="23">합      계</TD>
<TD VALIGN="MIDDLE" WIDTH="134" HEIGHT="23" ALIGN="CENTER">13</TD>
<TD VALIGN="MIDDLE" WIDTH="105" HEIGHT="23" ALIGN="CENTER">-</TD>
<TD VALIGN="MIDDLE" WIDTH="88" HEIGHT="23" ALIGN="CENTER">-</TD>
<TD VALIGN="MIDDLE" WIDTH="133" HEIGHT="23" ALIGN="CENTER">-</TD>
</TR>

<TR ACOPY="Y" ADELETE="Y" HEIGHT="30">
<TD COLSPAN="3" ALIGN="CENTER" VALIGN="MIDDLE" WIDTH="389" HEIGHT="23">※ 관련공시일</TD>
<TD VALIGN="MIDDLE" WIDTH="487" HEIGHT="23" COLSPAN="4" ALIGN="CENTER">2024.12.27.</TD>
</TR>
</TBODY>
</TABLE>
<P></P>
</SECTION-1>
</BODY>
</DOCUMENT>