<html>
 <head> 
  <meta content="gdi" http-equiv="X-UA-TextLayoutMetrics"> 
  <meta content="text/html; charset=euc-kr" http-equiv="Content-Type"> 
  <STYLE>
.xforms * { font-family: 돋움체;}
.xforms_title * { font-size: 13pt; padding : 0 0 10 0;}

.xforms table {
    font-size: 10px;
    padding:0px;
    border-collapse:collapse;
    color: #3D3D3D;
}
.xforms td {
    padding-left:0px;
    padding-top:0px;
    border-collapse:collapse;
    line-height:22px;
    color: #3D3D3D;
    /*text-align:right;*/
    vertical-align:middle;
    border: 1px solid #7f7f7f;
}

.xforms span {
    /*display: inline-block;*/
    padding-left:3px;
    padding-right: 1px;
    line-height:22px;
    padding-top:0px;
    padding-bottom:0px;
    text-align:left;
    vertical-align:middle;
    border: 0px solid #DBDBDB;
}

.xforms.img{
    border : 0px;
}

.xforms a:link {

    color: #194866;
    text-decoration: none;
}
.xforms a:active {

    color: #194866;
    text-decoration: none;
}
.xforms a:visited {
    color: #194866;
    text-decoration: none;
}

.xforms A:hover {
    color:008BE3;
    text-decoration: none;
}

.xforms_input{
    border: 0px solid #DBDBDB;
    padding-left:3px;
    padding-right: 1px;
    height:22px;
    padding-top:0px;
    padding-bottom:0px;
    text-align:left;
}
</STYLE> 
  <title>센서뷰/증권 발행결과(자율공시)/(2026.01.07)증권 발행결과(자율공시)</title> 
 </head> 
 <body> 
  <div class="xforms"> 
   <div> 
    <span class="noprint" style="display:none;width:600px;font-size:10pt;"> </span> 
    <div class="xforms_title"> 
     <div> 
      <span style="width:592px;font-weight:bold;text-align:center;">증권 발행결과(자율공시)</span> 
     </div> 
    </div> 
    <span class="noprint" style="display:none;width:600px;font-size:10pt;"> </span> 
    <table border="1" bordercolordark="white" bordercolorlight="#666666" cellpadding="1" cellspacing="0" id="XFormD1_Form0_Table1" style="margin:0px 0px 20px 0px;width:596px;font-size:10pt;border:1px solid #7f7f7f;"> 
     <tbody> 
      <tr> 
       <td colspan="2" width="273"> <span style="width:273px;font-size:10pt;">1. 증권의 종류</span> </td> 
       <td colspan="2" width="323"> <span class="xforms_input" style="width:323px;font-size:10pt;">기명식 보통주식</span> </td> 
      </tr> 
      <tr> 
       <td colspan="2" width="273"> <span style="width:273px;font-size:10pt;">2. 발행방법</span> </td> 
       <td colspan="2" width="323"> <span class="xforms_input" style="width:323px;font-size:10pt;">제3자배정 유상증자</span> </td> 
      </tr> 
      <tr> 
       <td rowspan="6" width="81"> <span style="width:81px;font-size:10pt;">3. 발행내역</span> </td> 
       <td width="192"> <span style="width:192px;font-size:10pt;">발행예정주식수(주)</span> </td> 
       <td colspan="2" width="323"> <span class="xforms_input" style="width:323px;font-size:10pt;text-align:right;">938,965</span> </td> 
      </tr> 
      <tr> 
       <td width="192"> <span style="width:192px;font-size:10pt;">발행예정금액(원)</span> </td> 
       <td colspan="2" width="323"> <span class="xforms_input" style="width:323px;font-size:10pt;text-align:right;">999,997,725</span> </td> 
      </tr> 
      <tr> 
       <td width="192"> <span style="width:192px;font-size:10pt;">발행결정 최초 이사회결의일</span> </td> 
       <td colspan="2" width="323"> <span class="xforms_input" style="width:323px;font-size:10pt;">2025-12-22</span> </td> 
      </tr> 
      <tr> 
       <td width="192"> <span style="width:192px;font-size:10pt;">실제발행주식수(주)</span> </td> 
       <td colspan="2" width="323"> <span class="xforms_input" style="width:323px;font-size:10pt;text-align:right;">938,965</span> </td> 
      </tr> 
      <tr> 
       <td width="192"> <span style="width:192px;font-size:10pt;">실제발행금액(원)</span> </td> 
       <td colspan="2" width="323"> <span class="xforms_input" style="width:323px;font-size:10pt;text-align:right;">999,997,725</span> </td> 
      </tr> 
      <tr> 
       <td width="192"> <span style="width:192px;font-size:10pt;">납입일</span> </td> 
       <td colspan="2" width="323"> <span class="xforms_input" style="width:323px;font-size:10pt;">2026-01-07</span> </td> 
      </tr> 
      <tr> 
       <td colspan="2" width="273"> <span style="width:273px;font-size:10pt;">4. 상장예정 여부</span> </td> 
       <td colspan="2" width="323"> <span class="xforms_input" style="width:323px;font-size:10pt;">예</span> </td> 
      </tr> 
      <tr> 
       <td colspan="2" rowspan="2" width="273"> <span style="width:273px;font-size:10pt;">5. 기타 투자판단에 참고할 사항</span> </td> 
       <td colspan="2" width="323"> <span class="xforms_input" style="width:323px;font-size:10pt;">- 신주상장예정일 : 2026년 1월 30일 <br xmlns:java="http://xml.apache.org/xalan/java">- 상기 신주상장예정일은 관계기관과의 협의에 따라 변경될 수 있습니다.</span> </td> 
      </tr> 
      <tr> 
       <td width="85"> <span style="width:85px;font-size:10pt;">※관련공시</span> </td> 
       <td width="238"> <span style="width:238px;font-size:10pt;"> <a href="http://kind.krx.co.kr/common/disclsviewer.do?method=search&amp;acptno=20251222000770&amp;rcpno=20251222000473&amp;orgid=F&amp;tran=Y&amp;langTpCd=0" target="_blank" xmlns="http://www.w3.org/1999/xhtml" xmlns:xf="http://www.w3.org/2002/xforms" xmlns:xh="http://www.w3.org/1999/xhtml" xmlns:xsd="http://www.w3.org/2001/XMLSchema">2025-12-22 유상증자결정(제3자배정-소액공모)</a> <br xmlns:java="http://xml.apache.org/xalan/java"> <a href="http://kind.krx.co.kr/common/disclsviewer.do?method=search&amp;acptno=20251223000934&amp;rcpno=20251223000884&amp;orgid=F&amp;tran=Y&amp;langTpCd=0" target="_blank" xmlns="http://www.w3.org/1999/xhtml" xmlns:xf="http://www.w3.org/2002/xforms" xmlns:xh="http://www.w3.org/1999/xhtml" xmlns:xsd="http://www.w3.org/2001/XMLSchema">2025-12-23 유상증자결정(제3자배정-소액공모)</a> <br xmlns:java="http://xml.apache.org/xalan/java"> <a href="http://kind.krx.co.kr/common/disclsviewer.do?method=search&amp;acptno=20251224000218&amp;rcpno=20251224000257&amp;orgid=F&amp;tran=Y&amp;langTpCd=0" target="_blank" xmlns="http://www.w3.org/1999/xhtml" xmlns:xf="http://www.w3.org/2002/xforms" xmlns:xh="http://www.w3.org/1999/xhtml" xmlns:xsd="http://www.w3.org/2001/XMLSchema">2025-12-24 유상증자결정(제3자배정-소액공모)</a> <br xmlns:java="http://xml.apache.org/xalan/java"> <a href="http://kind.krx.co.kr/common/disclsviewer.do?method=search&amp;acptno=20251230001270&amp;rcpno=20251230000929&amp;orgid=F&amp;tran=Y&amp;langTpCd=0" target="_blank" xmlns="http://www.w3.org/1999/xhtml" xmlns:xf="http://www.w3.org/2002/xforms" xmlns:xh="http://www.w3.org/1999/xhtml" xmlns:xsd="http://www.w3.org/2001/XMLSchema">2025-12-30 유상증자결정(제3자배정)</a> <br xmlns:java="http://xml.apache.org/xalan/java"> <a href="http://kind.krx.co.kr/common/disclsviewer.do?method=search&amp;acptno=20251231000089&amp;rcpno=20251231000070&amp;orgid=F&amp;tran=Y&amp;langTpCd=0" target="_blank" xmlns="http://www.w3.org/1999/xhtml" xmlns:xf="http://www.w3.org/2002/xforms" xmlns:xh="http://www.w3.org/1999/xhtml" xmlns:xsd="http://www.w3.org/2001/XMLSchema">2025-12-31 유상증자결정(제3자배정)</a> <br xmlns:java="http://xml.apache.org/xalan/java"> </span> </td> 
      </tr> 
     </tbody> 
    </table> 
   </div> 
  </div>  
 </body>
</html>