<?xml version="1.0" encoding="utf-8"?>


<DOCUMENT xmlns:xsi="http://www.w3.org/2001/XMLSchema-instance" xsi:noNamespaceSchemaLocation="dart4.xsd">

<DOCUMENT-NAME ACODE="10800">증권발행실적보고서</DOCUMENT-NAME>
<FORMULA-VERSION SUBVER="1" ADATE="20230828">6.0</FORMULA-VERSION>
<COMPANY-NAME AREGCIK="00164876">KB증권</COMPANY-NAME>


<BODY ATOCID="11">

<LIBRARY>
<CORRECTION>
<TITLE ATOC="Y" AASSOCNOTE="CORRECTION" ENG="Report of Disclosure Revision" ATOCID="11">정 정 신 고 (보고)</TITLE>

<TABLE ACLASS="NORMAL" AFIXTABLE="Y" WIDTH="600" BORDER="0">

<COLGROUP WIDTH="600">
<COL WIDTH="600"></COL>
</COLGROUP>

<TBODY>

<TR ACOPY="N" ADELETE="N" HEIGHT="30">
<TD WIDTH="591" HEIGHT="23"></TD>
</TR>

<TR ACOPY="N" ADELETE="N" HEIGHT="30">
<TD WIDTH="591" HEIGHT="23" ALIGN="RIGHT">2026년 01월 05일</TD>
</TR>
</TBODY>
</TABLE>
<P></P>
<P></P>

<TABLE ACLASS="NORMAL" AFIXTABLE="Y" WIDTH="600" BORDER="0">

<COLGROUP WIDTH="600">
<COL WIDTH="165"></COL>
<COL WIDTH="435"></COL>
</COLGROUP>

<TBODY>

<TR ACOPY="N" ADELETE="N" HEIGHT="30">
<TD WIDTH="156" VALIGN="MIDDLE" AUPDATECONT="N" ENG="1. Disclosure document to be revised:" HEIGHT="23">1. 정정대상 공시서류 :</TD>
<TD WIDTH="426" VALIGN="MIDDLE" HEIGHT="23">증권발행실적보고서</TD>
</TR>
</TBODY>
</TABLE>
<P></P>

<TABLE ACLASS="NORMAL" AFIXTABLE="Y" WIDTH="600" BORDER="0">

<COLGROUP WIDTH="600">
<COL WIDTH="260"></COL>
<COL WIDTH="340"></COL>
</COLGROUP>

<TBODY>

<TR ACOPY="N" ADELETE="N" HEIGHT="30">
<TD WIDTH="251" VALIGN="MIDDLE" AUPDATECONT="N" ENG="2. First submission date of disclosure document to be revised:" HEIGHT="23">2. 정정대상 공시서류의 최초제출일 :</TD>
<TD WIDTH="331" VALIGN="MIDDLE" HEIGHT="23">2026.01.05</TD>
</TR>
</TBODY>
</TABLE>
<P></P>

<TABLE ACLASS="NORMAL" AFIXTABLE="Y" WIDTH="600" BORDER="0">

<COLGROUP WIDTH="600">
<COL WIDTH="600"></COL>
</COLGROUP>

<TBODY>

<TR ACOPY="N" ADELETE="N" HEIGHT="30">
<TD WIDTH="591" HEIGHT="23" VALIGN="MIDDLE" AUPDATECONT="N" ENG="3. Revised Information">3. 정정사항</TD>
</TR>
</TBODY>
</TABLE>

<TABLE ACLASS="NORMAL" AFIXTABLE="N" WIDTH="600" BORDER="1">

<COLGROUP WIDTH="600">
<COL WIDTH="150"></COL>
<COL WIDTH="150"></COL>
<COL WIDTH="150"></COL>
<COL WIDTH="150"></COL>
</COLGROUP>

<THEAD>

<TR ACOPY="N" ADELETE="N" HEIGHT="30">
<TH WIDTH="141" HEIGHT="23" VALIGN="MIDDLE" ACOPYCOL="N" ADELETECOL="N" AMOVECOL="N" AUPDATECONT="N" ENG="Items">항  목</TH>
<TH WIDTH="141" HEIGHT="23" VALIGN="MIDDLE" ACOPYCOL="N" ADELETECOL="N" AMOVECOL="N" AUPDATECONT="N" ENG="Reason for revision">정정사유</TH>
<TH WIDTH="141" HEIGHT="23" VALIGN="MIDDLE" ACOPYCOL="N" ADELETECOL="N" AMOVECOL="N" AUPDATECONT="N" ENG="Before revision">정 정 전</TH>
<TH WIDTH="141" HEIGHT="23" VALIGN="MIDDLE" ACOPYCOL="N" ADELETECOL="N" AMOVECOL="N" AUPDATECONT="N" ENG="After revision">정 정 후</TH>
</TR>
</THEAD>

<TBODY>

<TR ACOPY="Y" ADELETE="Y" HEIGHT="30">
<TD WIDTH="141" HEIGHT="23">대표이사</TD>
<TD WIDTH="141" HEIGHT="23">대표이사 변경</TD>
<TD WIDTH="141" HEIGHT="23">김성현</TD>
<TD WIDTH="141" HEIGHT="23">강진두</TD>
</TR>
</TBODY>
</TABLE>
<P></P>
<PGBRK></PGBRK>
</CORRECTION>
</LIBRARY>


<COVER>
<COVER-TITLE ATOC="Y" AASSOCNOTE="COVER" ATOCID="1" ENG="Post-Issuance Report">증권발행실적보고서</COVER-TITLE>

<TABLE ACLASS="NORMAL" AFIXTABLE="N" WIDTH="600" BORDER="0">

<COLGROUP WIDTH="600">
<COL WIDTH="161"></COL>
<COL WIDTH="439"></COL>
</COLGROUP>

<TBODY>

<TR ACOPY="Y" ADELETE="Y" HEIGHT="53">
<TD CLASS="NORMAL" COLSPAN="2" WIDTH="591" HEIGHT="46"></TD>
</TR>

<TR ACOPY="Y" ADELETE="Y" HEIGHT="30">
<TD CLASS="NORMAL" WIDTH="152" HEIGHT="23">금융감독원장 귀하</TD>
<TD CLASS="NORMAL" ALIGN="RIGHT" WIDTH="430" HEIGHT="23">2026년 01월 05일</TD>
</TR>

<TR ACOPY="Y" ADELETE="Y" HEIGHT="53">
<TD CLASS="NORMAL" WIDTH="152" HEIGHT="46"></TD>
<TD CLASS="NORMAL" WIDTH="430" HEIGHT="46"></TD>
</TR>

<TR ACOPY="Y" ADELETE="Y" HEIGHT="31">
<TD CLASS="NORMAL" WIDTH="152" HEIGHT="24">회       사       명 :</TD>
<TD CLASS="NORMAL" WIDTH="430" HEIGHT="24">KB증권 주식회사</TD>
</TR>

<TR ACOPY="Y" ADELETE="Y" HEIGHT="30">
<TD CLASS="NORMAL" WIDTH="152" HEIGHT="23">대   표     이   사 :</TD>
<TD CLASS="NORMAL" WIDTH="430" HEIGHT="23">김   성   현</TD>
</TR>

<TR ACOPY="Y" ADELETE="Y" HEIGHT="30">
<TD CLASS="NORMAL" WIDTH="152" HEIGHT="23">본  점  소  재  지 :</TD>
<TD CLASS="NORMAL" WIDTH="430" HEIGHT="23">서울시 영등포구 여의나루로 50</TD>
</TR>

<TR ACOPY="Y" ADELETE="Y" HEIGHT="30">
<TD CLASS="NORMAL" WIDTH="152" HEIGHT="23"></TD>
<TD CLASS="NORMAL" WIDTH="430" HEIGHT="23">(전  화) 02) 6114-0114</TD>
</TR>

<TR ACOPY="Y" ADELETE="Y" HEIGHT="30">
<TD CLASS="NORMAL" WIDTH="152" HEIGHT="23"></TD>
<TD CLASS="NORMAL" WIDTH="430" HEIGHT="23">(홈페이지) http://www.kbsec.com</TD>
</TR>

<TR ACOPY="Y" ADELETE="Y" HEIGHT="30">
<TD CLASS="NORMAL" WIDTH="152" HEIGHT="23"></TD>
<TD CLASS="NORMAL" WIDTH="430" HEIGHT="23"></TD>
</TR>

<TR ACOPY="Y" ADELETE="Y" HEIGHT="30">
<TD CLASS="NORMAL" WIDTH="152" HEIGHT="23">작  성  책  임  자 :</TD>
<TD CLASS="NORMAL" WIDTH="430" HEIGHT="23">(직  책) Equity파생영업부 부서장    (성  명)  김 도 엽</TD>
</TR>

<TR ACOPY="Y" ADELETE="Y" HEIGHT="30">
<TD CLASS="NORMAL" WIDTH="152" HEIGHT="23"></TD>
<TD CLASS="NORMAL" WIDTH="430" HEIGHT="23">(전  화) 02) 6114-1122</TD>
</TR>

<TR ACOPY="Y" ADELETE="Y" HEIGHT="53">
<TD CLASS="NORMAL" WIDTH="152" HEIGHT="46"></TD>
<TD CLASS="NORMAL" WIDTH="430" HEIGHT="46"></TD>
</TR>
</TBODY>
</TABLE>
</COVER>

<SECTION-1 ACLASS="MANDATORY" APARTSOURCE="SOURCE">

<LIBRARY>
<SECTION-2 ACLASS="MANDATORY">
<TITLE ATOC="Y" AASSOCNOTE="L-0-0-1-0" ATOCID="2" ENG="Ⅰ. Subscription and Allotment">Ⅰ. 청약 및 배정에 관한 사항</TITLE>

<SECTION-3 ACLASS="MANDATORY">
<TITLE ATOC="Y" ATOCID="3" ENG="1. Subscription and payment schedule">1. 청약 및 납입일정</TITLE>

<TABLE-GROUP ACLASS="SB_DT_DV" ADELETETABLE="N">

<TABLE ACLASS="EXTRACTION" AFIXTABLE="N" WIDTH="600" BORDER="1">

<COLGROUP WIDTH="600">
<COL WIDTH="172"></COL>
<COL WIDTH="143"></COL>
<COL WIDTH="143"></COL>
<COL WIDTH="142"></COL>
</COLGROUP>

<THEAD>

<TR ACOPY="N" ADELETE="N" HEIGHT="30">
<TH VALIGN="MIDDLE" WIDTH="163" HEIGHT="23" ACOPYCOL="N" ADELETECOL="N" AMOVECOL="N" AUPDATECONT="N" ENG="Type of securities">증권의 종류</TH>
<TH VALIGN="MIDDLE" WIDTH="134" HEIGHT="23" ACOPYCOL="N" ADELETECOL="N" AMOVECOL="N" AUPDATECONT="N" ENG="Subscription start date">청약 개시일</TH>
<TH VALIGN="MIDDLE" WIDTH="134" HEIGHT="23" ACOPYCOL="N" ADELETECOL="N" AMOVECOL="N" AUPDATECONT="N" ENG="Subscription closing date">청약 종료일</TH>
<TH VALIGN="MIDDLE" WIDTH="133" HEIGHT="23" ACOPYCOL="N" ADELETECOL="N" AMOVECOL="N" AUPDATECONT="N" ENG="Payment date">납입일</TH>
</TR>
</THEAD>

<TBODY>

<TR ACOPY="Y" ADELETE="N" HEIGHT="30">
<TU ALIGN="CENTER" VALIGN="MIDDLE" WIDTH="163" HEIGHT="23" AUNIT="STK_KND" AUNITVALUE="4" ENG="Equity-linked bonds">주가연계파생결합사채</TU>
<TU ALIGN="CENTER" VALIGN="MIDDLE" WIDTH="134" HEIGHT="23" AUNIT="SB_STR_DT" AUNITVALUE="20260105">2026년 01월 05일</TU>
<TU ALIGN="CENTER" VALIGN="MIDDLE" WIDTH="134" HEIGHT="23" AUNIT="SB_END_DT" AUNITVALUE="20260105">2026년 01월 05일</TU>
<TU ALIGN="CENTER" VALIGN="MIDDLE" WIDTH="133" HEIGHT="23" AUNIT="PYM_DT" AUNITVALUE="20260105">2026년 01월 05일</TU>
</TR>
</TBODY>
</TABLE>
</TABLE-GROUP>
<P></P>
</SECTION-3>

<SECTION-3 ACLASS="MANDATORY">
<TITLE ATOC="Y" ATOCID="4" ENG="2. Underwriting amount by underwriting institution">2. 인수기관별 인수금액</TITLE>

<TABLE-GROUP ACLASS="ACC_AMT_DV" ADELETETABLE="N">

<TABLE ACLASS="EXTRACTION" AFIXTABLE="Y" WIDTH="600" BORDER="0">

<COLGROUP WIDTH="600">
<COL WIDTH="300"></COL>
<COL WIDTH="300"></COL>
</COLGROUP>

<TBODY>

<TR ACOPY="N" ADELETE="N" HEIGHT="30">
<TD VALIGN="BOTTOM" WIDTH="291" HEIGHT="23"></TD>
<TU ALIGN="RIGHT" VALIGN="BOTTOM" WIDTH="291" HEIGHT="23" AUNIT="WON" AUNITVALUE="1" ENG="(Unit: KRW)">(단위 : 원)</TU>
</TR>
</TBODY>
</TABLE>

<TABLE ACLASS="EXTRACTION" AFIXTABLE="N" WIDTH="600" BORDER="1">

<COLGROUP WIDTH="600">
<COL WIDTH="148"></COL>
<COL WIDTH="147"></COL>
<COL WIDTH="191"></COL>
<COL WIDTH="114"></COL>
</COLGROUP>

<THEAD>

<TR ACOPY="N" ADELETE="N" HEIGHT="30">
<TH VALIGN="MIDDLE" WIDTH="139" HEIGHT="23" ACOPYCOL="N" ADELETECOL="N" AMOVECOL="N" AUPDATECONT="N" ENG="Underwriting institution">인수기관</TH>
<TH VALIGN="MIDDLE" WIDTH="138" HEIGHT="23" ACOPYCOL="N" ADELETECOL="N" AMOVECOL="N" AUPDATECONT="N" ENG="Ordinal">회 차</TH>
<TH VALIGN="MIDDLE" WIDTH="182" HEIGHT="23" ACOPYCOL="N" ADELETECOL="N" AMOVECOL="N" AUPDATECONT="N" ENG="Underwriting amount">인수금액</TH>
<TH VALIGN="MIDDLE" WIDTH="105" HEIGHT="23" ACOPYCOL="N" ADELETECOL="N" AMOVECOL="N" AUPDATECONT="N" ENG="Ratio">비 율</TH>
</TR>
</THEAD>

<TBODY>

<TR ACOPY="Y" ADELETE="N" HEIGHT="30">
<TE ALIGN="CENTER" VALIGN="MIDDLE" WIDTH="139" HEIGHT="23" ACODE="ACC_ORG">-</TE>
<TE ALIGN="CENTER" VALIGN="MIDDLE" WIDTH="138" HEIGHT="23" ACODE="SEQ_NO2">-</TE>
<TE ALIGN="CENTER" VALIGN="MIDDLE" WIDTH="182" HEIGHT="23" ACODE="ACC_AMT">-</TE>
<TE ALIGN="CENTER" VALIGN="MIDDLE" WIDTH="105" HEIGHT="23" ACODE="ACC_RT">-</TE>
</TR>
</TBODY>
</TABLE>
</TABLE-GROUP>
<P>발행사인 KB증권 주식회사가 직접 모집하였으므로 인수기관이 없습니다.</P>
<P></P>
</SECTION-3>

<SECTION-3 ACLASS="MANDATORY">
<TITLE ATOC="Y" ATOCID="5" ENG="3. Subscription and allotment status">3. 청약 및 배정현황</TITLE>

<TABLE-GROUP ACLASS="DST_CD_DV" ADELETETABLE="N">

<TABLE ACLASS="EXTRACTION" AFIXTABLE="Y" WIDTH="747" BORDER="0">

<COLGROUP WIDTH="747">
<COL WIDTH="602"></COL>
<COL WIDTH="145"></COL>
</COLGROUP>

<TBODY>

<TR ACOPY="Y" ADELETE="Y" HEIGHT="30">
<TD WIDTH="593" HEIGHT="23">KB증권 ELB 제5991, 5992호</TD>
<TU ALIGN="RIGHT" WIDTH="136" HEIGHT="23" AUNIT="WONSTOCKPERCENT" AUNITVALUE="1" ENG="(Unit: KRW, shares, %)">(단위 : 원, 주, %)</TU>
</TR>
</TBODY>
</TABLE>

<TABLE ACLASS="EXTRACTION" AFIXTABLE="N" WIDTH="747" BORDER="1">

<COLGROUP WIDTH="747">
<COL WIDTH="70"></COL>
<COL WIDTH="146"></COL>
<COL WIDTH="61"></COL>
<COL WIDTH="144"></COL>
<COL WIDTH="59"></COL>
<COL WIDTH="64"></COL>
<COL WIDTH="145"></COL>
<COL WIDTH="58"></COL>
</COLGROUP>

<THEAD>

<TR ACOPY="N" ADELETE="N" HEIGHT="30">
<TH ROWSPAN="2" VALIGN="MIDDLE" WIDTH="61" HEIGHT="53" ACOPYCOL="N" ADELETECOL="N" AMOVECOL="N" AUPDATECONT="N" ENG="Ordinal">회 차</TH>
<TH VALIGN="MIDDLE" WIDTH="137" HEIGHT="53" ACOPYCOL="N" ADELETECOL="N" AMOVECOL="N" AUPDATECONT="N" ROWSPAN="2" ENG="Total amount of offering">모집 총액</TH>
<TH COLSPAN="3" VALIGN="MIDDLE" WIDTH="255" HEIGHT="23" ACOPYCOL="N" ADELETECOL="N" AMOVECOL="N" AUPDATECONT="N" ENG="Subscription status">청약현황</TH>
<TH COLSPAN="3" VALIGN="MIDDLE" WIDTH="258" HEIGHT="23" ACOPYCOL="N" ADELETECOL="N" AMOVECOL="N" AUPDATECONT="N" ENG="Final allotment status">최종배정현황</TH>
</TR>

<TR ACOPY="N" ADELETE="N" HEIGHT="30">
<TH VALIGN="MIDDLE" WIDTH="52" HEIGHT="23" ACOPYCOL="N" ADELETECOL="N" AMOVECOL="N" AUPDATECONT="N" ENG="Number of cases">건수</TH>
<TH VALIGN="MIDDLE" WIDTH="135" HEIGHT="23" ACOPYCOL="N" ADELETECOL="N" AMOVECOL="N" AUPDATECONT="N" ENG="Amount">금액</TH>
<TH VALIGN="MIDDLE" WIDTH="50" HEIGHT="23" ACOPYCOL="N" ADELETECOL="N" AMOVECOL="N" AUPDATECONT="N" ENG="Ratio">비율</TH>
<TH VALIGN="MIDDLE" WIDTH="55" HEIGHT="23" ACOPYCOL="N" ADELETECOL="N" AMOVECOL="N" AUPDATECONT="N" ENG="Number of cases">건수</TH>
<TH VALIGN="MIDDLE" WIDTH="136" HEIGHT="23" ACOPYCOL="N" ADELETECOL="N" AMOVECOL="N" AUPDATECONT="N" ENG="Amount">금액</TH>
<TH VALIGN="MIDDLE" WIDTH="49" HEIGHT="23" ACOPYCOL="N" ADELETECOL="N" AMOVECOL="N" AUPDATECONT="N" ENG="Ratio">비율</TH>
</TR>
</THEAD>

<TBODY>

<TR ACOPY="Y" ADELETE="N" HEIGHT="30">
<TE ALIGN="CENTER" WIDTH="61" HEIGHT="23" ACODE="SEQ_NO2">5991</TE>
<TE ALIGN="RIGHT" WIDTH="137" HEIGHT="23" ACODE="TOT_RET_AMT" VALIGN="MIDDLE">9,950,000,000</TE>
<TE ALIGN="RIGHT" WIDTH="52" HEIGHT="23" ACODE="SB_CNT" VALIGN="MIDDLE">1</TE>
<TE ALIGN="RIGHT" WIDTH="135" HEIGHT="23" ACODE="SB_AMT" VALIGN="MIDDLE">1,840,750,000</TE>
<TE ALIGN="RIGHT" WIDTH="50" HEIGHT="23" ACODE="SB_RT" VALIGN="MIDDLE">18.50</TE>
<TE ALIGN="RIGHT" WIDTH="55" HEIGHT="23" ACODE="DV_CNT" VALIGN="MIDDLE">1</TE>
<TE ALIGN="RIGHT" WIDTH="136" HEIGHT="23" ACODE="DV_AMT" VALIGN="MIDDLE">1,840,750,000</TE>
<TE ALIGN="RIGHT" WIDTH="49" HEIGHT="23" ACODE="DV_RT" VALIGN="MIDDLE">18.50</TE>
</TR>

<TR ACOPY="Y" ADELETE="N" HEIGHT="30">
<TE ALIGN="CENTER" WIDTH="61" HEIGHT="23" ACODE="SEQ_NO2">5992</TE>
<TE ALIGN="RIGHT" WIDTH="137" HEIGHT="23" ACODE="TOT_RET_AMT" VALIGN="MIDDLE">14,925,000,000</TE>
<TE ALIGN="RIGHT" WIDTH="52" HEIGHT="23" ACODE="SB_CNT" VALIGN="MIDDLE">1</TE>
<TE ALIGN="RIGHT" WIDTH="135" HEIGHT="23" ACODE="SB_AMT" VALIGN="MIDDLE">5,860,251,500</TE>
<TE ALIGN="RIGHT" WIDTH="50" HEIGHT="23" ACODE="SB_RT" VALIGN="MIDDLE">39.26</TE>
<TE ALIGN="RIGHT" WIDTH="55" HEIGHT="23" ACODE="DV_CNT" VALIGN="MIDDLE">1</TE>
<TE ALIGN="RIGHT" WIDTH="136" HEIGHT="23" ACODE="DV_AMT" VALIGN="MIDDLE">5,860,251,500</TE>
<TE ALIGN="RIGHT" WIDTH="49" HEIGHT="23" ACODE="DV_RT" VALIGN="MIDDLE">39.26</TE>
</TR>
</TBODY>
</TABLE>
</TABLE-GROUP>
<P></P>
</SECTION-3>

<SECTION-3 ACLASS="MANDATORY">
<TITLE ATOC="Y" ATOCID="6" ENG="4. Allotment method">4. 배정방법</TITLE>
<P USERMARK="F-GL ">KB증권 ELB 제5991, 5992호는 모집결과 총 청약금액이 전량 배정되었습니다.</P>
</SECTION-3>
</SECTION-2>

<SECTION-2 ACLASS="MANDATORY">
<TITLE ATOC="Y" AASSOCNOTE="L-0-0-3-0" ATOCID="7" ENG="Ⅱ. Date of Securities Delivery, etc.">Ⅱ. 증권교부일 등</TITLE>
<P USERMARK="F-GL ">가. 유가증권교부일 : 해당사항 없음    (본 증권은 한국예탁결제원 명의로 일괄등록되며, 한국예탁결제원이 작성하는 공      사채등록부 및 예탁자 계좌부상에 증권의 수량만큼을 기재함으로써 증서의 발행      및 교부에 갈음합니다. 본 증권은 증서를 발행하지 아니하며, 본 증권의 권리자        는 한국예탁결제원에 등록된 증권에 대하여 증서 발행을 청구하여 실물을 교부        받을 수 없습니다.)나. 상장일 : 본 주가연계파생결합사채는 상장하지 않습니다.</P>
</SECTION-2>

<SECTION-2 ACLASS="MANDATORY">
<TITLE ATOC="Y" AASSOCNOTE="L-0-0-4-0" ATOCID="8" ENG="Ⅲ. Disclosure Implementation Status">Ⅲ. 공시 이행상황</TITLE>
<P></P>
<P USERMARK="F-GL ">가. 청약공고</P>

<TABLE ACLASS="NORMAL" AFIXTABLE="N" WIDTH="600" BORDER="1">

<COLGROUP WIDTH="600">
<COL WIDTH="177"></COL>
<COL WIDTH="252"></COL>
<COL WIDTH="171"></COL>
</COLGROUP>

<THEAD>

<TR ACOPY="Y" ADELETE="Y" HEIGHT="30">
<TH VALIGN="MIDDLE" WIDTH="168" HEIGHT="23" ACOPYCOL="Y" ADELETECOL="Y" AMOVECOL="N">구     분</TH>
<TH VALIGN="MIDDLE" WIDTH="243" HEIGHT="23" ACOPYCOL="Y" ADELETECOL="Y" AMOVECOL="N">신     문</TH>
<TH VALIGN="MIDDLE" WIDTH="162" HEIGHT="23" ACOPYCOL="Y" ADELETECOL="Y" AMOVECOL="N">일     자</TH>
</TR>
</THEAD>

<TBODY>

<TR ACOPY="Y" ADELETE="Y" HEIGHT="76">
<TD ALIGN="CENTER" VALIGN="MIDDLE" WIDTH="168" HEIGHT="69">청 약 공 고</TD>
<TD ALIGN="CENTER" VALIGN="MIDDLE" WIDTH="243" HEIGHT="69">금융위(금감원) 전자공시시스템홈페이지(http://dart.fss.or.kr)</TD>
<TD ALIGN="CENTER" VALIGN="MIDDLE" WIDTH="162" HEIGHT="69">2025년 12월 24일</TD>
</TR>
</TBODY>
</TABLE>
<P USERMARK="F-GL ">나. 배정공고</P>

<TABLE ACLASS="NORMAL" AFIXTABLE="N" WIDTH="600" BORDER="1">

<COLGROUP WIDTH="600">
<COL WIDTH="179"></COL>
<COL WIDTH="253"></COL>
<COL WIDTH="168"></COL>
</COLGROUP>

<THEAD>

<TR ACOPY="Y" ADELETE="Y" HEIGHT="30">
<TH VALIGN="MIDDLE" WIDTH="170" HEIGHT="23" ACOPYCOL="Y" ADELETECOL="Y" AMOVECOL="N">구     분</TH>
<TH VALIGN="MIDDLE" WIDTH="244" HEIGHT="23" ACOPYCOL="Y" ADELETECOL="Y" AMOVECOL="N">신     문</TH>
<TH VALIGN="MIDDLE" WIDTH="159" HEIGHT="23" ACOPYCOL="Y" ADELETECOL="Y" AMOVECOL="N">일     자</TH>
</TR>
</THEAD>

<TBODY>

<TR ACOPY="Y" ADELETE="Y" HEIGHT="76">
<TD ALIGN="CENTER" VALIGN="MIDDLE" WIDTH="170" HEIGHT="69">배 정 공 고</TD>
<TD ALIGN="CENTER" VALIGN="MIDDLE" WIDTH="244" HEIGHT="69">금융위(금감원) 전자공시시스템홈페이지(http://dart.fss.or.kr)</TD>
<TD ALIGN="CENTER" VALIGN="MIDDLE" WIDTH="159" HEIGHT="69">2026년 01월 05일</TD>
</TR>
</TBODY>
</TABLE>
<P></P>
<P USERMARK="F-GL ">다. 증권신고서(일괄신고 추가서류 포함) 공시</P>
<P USERMARK="F-GL ">전자문서 : 금융위(금감원) 전자공시시스템 홈페이지 → dart.fss.or.kr</P>
<P USERMARK="F-GL ">라. 투자설명서 공시</P>
<P USERMARK="F-GL ">- 전자문서 : 금융위(금감원) 전자공시시스템 홈페이지 → dart.fss.or.kr</P>
<P USERMARK="F-GL ">- 서면문서 : KB증권 본점(서울시 영등포구 여의나루로 50) 및 지점</P>
</SECTION-2>

<SECTION-2 ACLASS="MANDATORY">
<TITLE ATOC="Y" AASSOCNOTE="L-0-0-5-0" ATOCID="9" ENG="Ⅳ. Details of Use of Procured Funds">Ⅳ. 조달된 자금의 사용내역</TITLE>
<P></P>
<P USERMARK="F-GL ">가. 자금조달내역</P>

<TABLE ACLASS="NORMAL" AFIXTABLE="N" WIDTH="600" BORDER="0">

<COLGROUP WIDTH="600">
<COL WIDTH="63"></COL>
<COL WIDTH="433"></COL>
<COL WIDTH="26"></COL>
<COL WIDTH="78"></COL>
</COLGROUP>

<TBODY>

<TR ACOPY="Y" ADELETE="Y" HEIGHT="53">
<TD WIDTH="54" HEIGHT="46">[종목명 :</TD>
<TD WIDTH="424" HEIGHT="46">KB증권 ELB 제5991호 파생결합사채(주가연계파생결합사채)</TD>
<TD WIDTH="17" HEIGHT="46">]</TD>
<TD ALIGN="RIGHT" VALIGN="BOTTOM" WIDTH="69" HEIGHT="46">(단위 : 원)</TD>
</TR>
</TBODY>
</TABLE>

<TABLE ACLASS="NORMAL" AFIXTABLE="N" WIDTH="776" BORDER="1">

<COLGROUP WIDTH="776">
<COL WIDTH="90"></COL>
<COL WIDTH="112"></COL>
<COL WIDTH="91"></COL>
<COL WIDTH="88"></COL>
<COL WIDTH="136"></COL>
<COL WIDTH="135"></COL>
<COL WIDTH="124"></COL>
</COLGROUP>

<THEAD>

<TR ACOPY="Y" ADELETE="Y" HEIGHT="30">
<TH ROWSPAN="2" VALIGN="MIDDLE" WIDTH="81" HEIGHT="76" ACOPYCOL="Y" ADELETECOL="Y" AMOVECOL="N">구    분</TH>
<TH ROWSPAN="2" VALIGN="MIDDLE" WIDTH="103" HEIGHT="76" ACOPYCOL="Y" ADELETECOL="Y" AMOVECOL="N">신고서상발행예정총액</TH>
<TH COLSPAN="3" VALIGN="MIDDLE" WIDTH="306" HEIGHT="23" ACOPYCOL="Y" ADELETECOL="Y" AMOVECOL="N">실제 자금조달총액</TH>
<TH ROWSPAN="2" VALIGN="MIDDLE" WIDTH="126" HEIGHT="76" ACOPYCOL="Y" ADELETECOL="Y" AMOVECOL="N">확정권면총액</TH>
<TH ROWSPAN="2" VALIGN="MIDDLE" WIDTH="115" HEIGHT="76" ACOPYCOL="Y" ADELETECOL="Y" AMOVECOL="N">비  고</TH>
</TR>

<TR ACOPY="Y" ADELETE="Y" HEIGHT="53">
<TH VALIGN="MIDDLE" WIDTH="82" HEIGHT="46" ACOPYCOL="Y" ADELETECOL="Y" AMOVECOL="N">발행가액(A)</TH>
<TH VALIGN="MIDDLE" WIDTH="79" HEIGHT="46" ACOPYCOL="Y" ADELETECOL="Y" AMOVECOL="N">수량(B)</TH>
<TH VALIGN="MIDDLE" WIDTH="127" HEIGHT="46" ACOPYCOL="Y" ADELETECOL="Y" AMOVECOL="N">발행총액(A×B)</TH>
</TR>
</THEAD>

<TBODY>

<TR ACOPY="Y" ADELETE="Y" HEIGHT="31">
<TD WIDTH="81" HEIGHT="24" ALIGN="CENTER" VALIGN="MIDDLE">모  집(a)</TD>
<TD WIDTH="103" HEIGHT="24" ALIGN="RIGHT" VALIGN="MIDDLE">9,950,000,000</TD>
<TD WIDTH="82" HEIGHT="24" ALIGN="RIGHT" VALIGN="MIDDLE">9,950</TD>
<TD WIDTH="79" HEIGHT="24" ALIGN="RIGHT" VALIGN="MIDDLE">185,000</TD>
<TD WIDTH="127" HEIGHT="24" ALIGN="RIGHT" VALIGN="MIDDLE">1,840,750,000</TD>
<TD WIDTH="126" HEIGHT="24" ALIGN="RIGHT" VALIGN="MIDDLE">1,840,750,000</TD>
<TD WIDTH="115" HEIGHT="24" ALIGN="RIGHT" VALIGN="MIDDLE">-</TD>
</TR>

<TR ACOPY="Y" ADELETE="Y" HEIGHT="30">
<TD WIDTH="81" HEIGHT="23" ALIGN="CENTER" VALIGN="MIDDLE">매  출(b)</TD>
<TD WIDTH="103" HEIGHT="23" ALIGN="RIGHT" VALIGN="MIDDLE">-</TD>
<TD WIDTH="82" HEIGHT="23" ALIGN="RIGHT" VALIGN="MIDDLE">-</TD>
<TD WIDTH="79" HEIGHT="23" ALIGN="RIGHT" VALIGN="MIDDLE">-</TD>
<TD WIDTH="127" HEIGHT="23" ALIGN="RIGHT" VALIGN="MIDDLE">-</TD>
<TD WIDTH="126" HEIGHT="23" ALIGN="RIGHT" VALIGN="MIDDLE">-</TD>
<TD WIDTH="115" HEIGHT="23" ALIGN="RIGHT" VALIGN="MIDDLE">-</TD>
</TR>

<TR ACOPY="Y" ADELETE="Y" HEIGHT="30">
<TD WIDTH="81" HEIGHT="23" ALIGN="CENTER" VALIGN="MIDDLE">총계(a+b)</TD>
<TD WIDTH="103" HEIGHT="23" ALIGN="RIGHT" VALIGN="MIDDLE">9,950,000,000</TD>
<TD WIDTH="82" HEIGHT="23" ALIGN="RIGHT" VALIGN="MIDDLE">9,950</TD>
<TD WIDTH="79" HEIGHT="23" ALIGN="RIGHT" VALIGN="MIDDLE">185,000</TD>
<TD WIDTH="127" HEIGHT="23" ALIGN="RIGHT" VALIGN="MIDDLE">1,840,750,000</TD>
<TD WIDTH="126" HEIGHT="23" ALIGN="RIGHT" VALIGN="MIDDLE">1,840,750,000</TD>
<TD WIDTH="115" HEIGHT="23" ALIGN="RIGHT" VALIGN="MIDDLE">-</TD>
</TR>
</TBODY>
</TABLE>
<P></P>

<TABLE ACLASS="NORMAL" AFIXTABLE="N" WIDTH="600" BORDER="0">

<COLGROUP WIDTH="600">
<COL WIDTH="63"></COL>
<COL WIDTH="433"></COL>
<COL WIDTH="26"></COL>
<COL WIDTH="78"></COL>
</COLGROUP>

<TBODY>

<TR ACOPY="Y" ADELETE="Y" HEIGHT="53">
<TD WIDTH="54" HEIGHT="46">[종목명 :</TD>
<TD WIDTH="424" HEIGHT="46">KB증권 ELB 제5992호 파생결합사채(주가연계파생결합사채)</TD>
<TD WIDTH="17" HEIGHT="46">]</TD>
<TD ALIGN="RIGHT" VALIGN="BOTTOM" WIDTH="69" HEIGHT="46">(단위 : 원)</TD>
</TR>
</TBODY>
</TABLE>

<TABLE ACLASS="NORMAL" AFIXTABLE="N" WIDTH="776" BORDER="1">

<COLGROUP WIDTH="776">
<COL WIDTH="90"></COL>
<COL WIDTH="112"></COL>
<COL WIDTH="91"></COL>
<COL WIDTH="88"></COL>
<COL WIDTH="136"></COL>
<COL WIDTH="135"></COL>
<COL WIDTH="124"></COL>
</COLGROUP>

<THEAD>

<TR ACOPY="Y" ADELETE="Y" HEIGHT="30">
<TH ROWSPAN="2" VALIGN="MIDDLE" WIDTH="81" HEIGHT="76" ACOPYCOL="Y" ADELETECOL="Y" AMOVECOL="N">구    분</TH>
<TH ROWSPAN="2" VALIGN="MIDDLE" WIDTH="103" HEIGHT="76" ACOPYCOL="Y" ADELETECOL="Y" AMOVECOL="N">신고서상발행예정총액</TH>
<TH COLSPAN="3" VALIGN="MIDDLE" WIDTH="306" HEIGHT="23" ACOPYCOL="Y" ADELETECOL="Y" AMOVECOL="N">실제 자금조달총액</TH>
<TH ROWSPAN="2" VALIGN="MIDDLE" WIDTH="126" HEIGHT="76" ACOPYCOL="Y" ADELETECOL="Y" AMOVECOL="N">확정권면총액</TH>
<TH ROWSPAN="2" VALIGN="MIDDLE" WIDTH="115" HEIGHT="76" ACOPYCOL="Y" ADELETECOL="Y" AMOVECOL="N">비  고</TH>
</TR>

<TR ACOPY="Y" ADELETE="Y" HEIGHT="53">
<TH VALIGN="MIDDLE" WIDTH="82" HEIGHT="46" ACOPYCOL="Y" ADELETECOL="Y" AMOVECOL="N">발행가액(A)</TH>
<TH VALIGN="MIDDLE" WIDTH="79" HEIGHT="46" ACOPYCOL="Y" ADELETECOL="Y" AMOVECOL="N">수량(B)</TH>
<TH VALIGN="MIDDLE" WIDTH="127" HEIGHT="46" ACOPYCOL="Y" ADELETECOL="Y" AMOVECOL="N">발행총액(A×B)</TH>
</TR>
</THEAD>

<TBODY>

<TR ACOPY="Y" ADELETE="Y" HEIGHT="31">
<TD WIDTH="81" HEIGHT="24" ALIGN="CENTER" VALIGN="MIDDLE">모  집(a)</TD>
<TD WIDTH="103" HEIGHT="24" ALIGN="RIGHT" VALIGN="MIDDLE">14,925,000,000</TD>
<TD WIDTH="82" HEIGHT="24" ALIGN="RIGHT" VALIGN="MIDDLE">9,950</TD>
<TD WIDTH="79" HEIGHT="24" ALIGN="RIGHT" VALIGN="MIDDLE">588,970</TD>
<TD WIDTH="127" HEIGHT="24" ALIGN="RIGHT" VALIGN="MIDDLE">5,860,251,500</TD>
<TD WIDTH="126" HEIGHT="24" ALIGN="RIGHT" VALIGN="MIDDLE">5,860,251,500</TD>
<TD WIDTH="115" HEIGHT="24" ALIGN="RIGHT" VALIGN="MIDDLE">-</TD>
</TR>

<TR ACOPY="Y" ADELETE="Y" HEIGHT="30">
<TD WIDTH="81" HEIGHT="23" ALIGN="CENTER" VALIGN="MIDDLE">매  출(b)</TD>
<TD WIDTH="103" HEIGHT="23" ALIGN="RIGHT" VALIGN="MIDDLE">-</TD>
<TD WIDTH="82" HEIGHT="23" ALIGN="RIGHT" VALIGN="MIDDLE">-</TD>
<TD WIDTH="79" HEIGHT="23" ALIGN="RIGHT" VALIGN="MIDDLE">-</TD>
<TD WIDTH="127" HEIGHT="23" ALIGN="RIGHT" VALIGN="MIDDLE">-</TD>
<TD WIDTH="126" HEIGHT="23" ALIGN="RIGHT" VALIGN="MIDDLE">-</TD>
<TD WIDTH="115" HEIGHT="23" ALIGN="RIGHT" VALIGN="MIDDLE">-</TD>
</TR>

<TR ACOPY="Y" ADELETE="Y" HEIGHT="30">
<TD WIDTH="81" HEIGHT="23" ALIGN="CENTER" VALIGN="MIDDLE">총계(a+b)</TD>
<TD WIDTH="103" HEIGHT="23" ALIGN="RIGHT" VALIGN="MIDDLE">14,925,000,000</TD>
<TD WIDTH="82" HEIGHT="23" ALIGN="RIGHT" VALIGN="MIDDLE">9,950</TD>
<TD WIDTH="79" HEIGHT="23" ALIGN="RIGHT" VALIGN="MIDDLE">588,970</TD>
<TD WIDTH="127" HEIGHT="23" ALIGN="RIGHT" VALIGN="MIDDLE">5,860,251,500</TD>
<TD WIDTH="126" HEIGHT="23" ALIGN="RIGHT" VALIGN="MIDDLE">5,860,251,500</TD>
<TD WIDTH="115" HEIGHT="23" ALIGN="RIGHT" VALIGN="MIDDLE">-</TD>
</TR>
</TBODY>
</TABLE>
<P></P>
<P USERMARK="F-GL ">나. 발행비용</P>

<TABLE ACLASS="NORMAL" AFIXTABLE="N" WIDTH="540" BORDER="1">

<COLGROUP WIDTH="540">
<COL WIDTH="309"></COL>
<COL WIDTH="231"></COL>
</COLGROUP>

<THEAD>

<TR ACOPY="Y" ADELETE="Y" HEIGHT="30">
<TH VALIGN="MIDDLE" WIDTH="300" HEIGHT="23" ACOPYCOL="Y" ADELETECOL="Y" AMOVECOL="N">구분</TH>
<TH VALIGN="MIDDLE" WIDTH="222" HEIGHT="23" ACOPYCOL="Y" ADELETECOL="Y" AMOVECOL="N">발행분담금(원)</TH>
</TR>
</THEAD>

<TBODY>

<TR ACOPY="Y" ADELETE="Y" HEIGHT="30">
<TD ALIGN="CENTER" VALIGN="MIDDLE" WIDTH="300" HEIGHT="23">KB증권 ELB 제5991호</TD>
<TD ALIGN="RIGHT" VALIGN="MIDDLE" WIDTH="222" HEIGHT="23">92,030</TD>
</TR>

<TR ACOPY="Y" ADELETE="Y" HEIGHT="30">
<TD ALIGN="CENTER" VALIGN="MIDDLE" WIDTH="300" HEIGHT="23">KB증권 ELB 제5992호</TD>
<TD ALIGN="RIGHT" VALIGN="MIDDLE" WIDTH="222" HEIGHT="23">293,010</TD>
</TR>

<TR ACOPY="Y" ADELETE="Y" HEIGHT="34">
<TD ALIGN="CENTER" VALIGN="MIDDLE" WIDTH="300" HEIGHT="27">합계</TD>
<TD ALIGN="RIGHT" VALIGN="MIDDLE" WIDTH="222" HEIGHT="27">385,040</TD>
</TR>
</TBODY>
</TABLE>
<P USERMARK="F-GL ">※ 금융기관분담금징수등에관한규정 제5조 제1항 제3호에 의해 발행분담금으로 발행가액  총액의 1만분의 0.5를 금융감독원에 지급함.</P>
<P USERMARK="F-GL B"></P>
<P USERMARK="F-GL ">다. 자금사용예정내역</P>
<P USERMARK="F-GL ">본 증권의 발행으로 조달된 자금은 본 증권의 만기상환금액의 헷지를 위하여 납입된 자금의 일부 또는 전체를 본 유가증권과 유사한 내용의 파생결합증권(사채) 또는 채권을 매입 하거나 기초자산 및 그와 관련된 파생상품 등의 운용에 사용할 계획입니다.</P>
</SECTION-2>

<SECTION-2 ACLASS="MANDATORY">
<TITLE ATOC="Y" AASSOCNOTE="L-0-0-8-0" ATOCID="10" ENG="Ⅴ. Confirmed Details of the Projected Profit and Loss Structure">Ⅴ. 예상손익구조의 확정내용</TITLE>
<P></P>
<P USERMARK="F-GL B">[KB증권 ELB 제5991호 파생결합사채(주가연계파생결합사채)]</P>
<P></P>
<P USERMARK="F-GL ">가. 최초기준가격○ 최초기준가격 : 최초기준가격평가일의 기초자산의 종가 ○ 최초기준가격평가일 : 2026년 01월 05일</P>
<P USERMARK="F-GL ">나. 자동조기상환</P>
<P USERMARK="F-GL ">○  어느 자동조기상환평가일에 자동조기상환 발생조건이 충족되는 경우 발행인은 해당 차수의 자동조기상환일에 해당 차수의 상환금액을 지급함으로써 본 증권을 상환</P>
<P USERMARK="F-GL ">○  자동조기상환 발생조건</P>

<TABLE ACLASS="NORMAL" AFIXTABLE="N" BORDER="1" WIDTH="667">

<COLGROUP WIDTH="667">
<COL WIDTH="47"></COL>
<COL WIDTH="620"></COL>
</COLGROUP>

<THEAD>

<TR ACOPY="Y" ADELETE="Y" HEIGHT="30">
<TH USERMARK="B" ACOPYCOL="Y" ADELETECOL="Y" AMOVECOL="N" WIDTH="38" HEIGHT="23">차수</TH>
<TH USERMARK="B" ACOPYCOL="Y" ADELETECOL="Y" AMOVECOL="N" WIDTH="611" HEIGHT="23">자동조기상환 발생조건</TH>
</TR>
</THEAD>

<TBODY>

<TR ACOPY="Y" ADELETE="Y" HEIGHT="30">
<TD ALIGN="CENTER" VALIGN="MIDDLE" WIDTH="38" HEIGHT="23">1차</TD>

<TD WIDTH="611" HEIGHT="23">기초자산의 1차 자동조기상환평가가격이 
<SPAN USERMARK="BU">최초기준가격의 95% 이상인 경우</SPAN>
</TD>
</TR>

<TR ACOPY="Y" ADELETE="Y" HEIGHT="30">
<TD ALIGN="CENTER" VALIGN="MIDDLE" WIDTH="38" HEIGHT="23">2차</TD>

<TD WIDTH="611" HEIGHT="23">기초자산의 2차 자동조기상환평가가격이 
<SPAN USERMARK="BU">최초기준가격의 95% 이상인 경우</SPAN>
</TD>
</TR>

<TR ACOPY="Y" ADELETE="Y" HEIGHT="30">
<TD ALIGN="CENTER" VALIGN="MIDDLE" WIDTH="38" HEIGHT="23">3차</TD>

<TD WIDTH="611" HEIGHT="23">기초자산의 3차 자동조기상환평가가격이 
<SPAN USERMARK="BU">최초기준가격의 95% 이상인 경우</SPAN>
</TD>
</TR>

<TR ACOPY="Y" ADELETE="Y" HEIGHT="30">
<TD ALIGN="CENTER" VALIGN="MIDDLE" WIDTH="38" HEIGHT="23">4차</TD>

<TD WIDTH="611" HEIGHT="23">기초자산의 4차 자동조기상환평가가격이 
<SPAN USERMARK="BU">최초기준가격의 95% 이상인 경우</SPAN>
</TD>
</TR>

<TR ACOPY="Y" ADELETE="Y" HEIGHT="30">
<TD ALIGN="CENTER" VALIGN="MIDDLE" WIDTH="38" HEIGHT="23">5차</TD>

<TD WIDTH="611" HEIGHT="23">기초자산의 5차 자동조기상환평가가격이 
<SPAN USERMARK="BU">최초기준가격의 95% 이상인 경우</SPAN>
</TD>
</TR>
</TBODY>
</TABLE>
<P USERMARK="F-GL ">○  자동조기상환평가가격 : 해당 차수 자동조기상환평가일의 기초자산의 종가</P>
<P USERMARK="F-GL ">○ 자동조기상환평가일 및 상환금액</P>

<TABLE ACLASS="NORMAL" WIDTH="616" BORDER="1" AFIXTABLE="N">

<COLGROUP WIDTH="616">
<COL WIDTH="47"></COL>
<COL WIDTH="312"></COL>
<COL WIDTH="257"></COL>
</COLGROUP>

<THEAD>

<TR ACOPY="Y" ADELETE="Y" HEIGHT="30">
<TH USERMARK="B" ACOPYCOL="Y" ADELETECOL="Y" AMOVECOL="N" WIDTH="38" HEIGHT="23">차수</TH>
<TH USERMARK="B" ACOPYCOL="Y" ADELETECOL="Y" AMOVECOL="N" WIDTH="303" HEIGHT="23">자동조기상환평가일</TH>
<TH USERMARK="B" ACOPYCOL="Y" ADELETECOL="Y" AMOVECOL="N" WIDTH="248" HEIGHT="23">상환금액</TH>
</TR>
</THEAD>

<TBODY>

<TR ACOPY="Y" ADELETE="Y" HEIGHT="30">
<TD ALIGN="CENTER" VALIGN="MIDDLE" WIDTH="38" HEIGHT="23">1차</TD>
<TD ALIGN="CENTER" VALIGN="MIDDLE" WIDTH="303" HEIGHT="23">2026년 07월 03일</TD>
<TD ALIGN="CENTER" VALIGN="MIDDLE" WIDTH="248" HEIGHT="23">액면금액 × 102.20%</TD>
</TR>

<TR ACOPY="Y" ADELETE="Y" HEIGHT="30">
<TD ALIGN="CENTER" VALIGN="MIDDLE" WIDTH="38" HEIGHT="23">2차</TD>
<TD ALIGN="CENTER" VALIGN="MIDDLE" WIDTH="303" HEIGHT="23">2027년 01월 05일</TD>
<TD ALIGN="CENTER" VALIGN="MIDDLE" WIDTH="248" HEIGHT="23">액면금액 × 104.40%</TD>
</TR>

<TR ACOPY="Y" ADELETE="Y" HEIGHT="30">
<TD ALIGN="CENTER" VALIGN="MIDDLE" WIDTH="38" HEIGHT="23">3차</TD>
<TD ALIGN="CENTER" VALIGN="MIDDLE" WIDTH="303" HEIGHT="23">2027년 07월 05일</TD>
<TD ALIGN="CENTER" VALIGN="MIDDLE" WIDTH="248" HEIGHT="23">액면금액 × 106.60%</TD>
</TR>

<TR ACOPY="Y" ADELETE="Y" HEIGHT="30">
<TD ALIGN="CENTER" VALIGN="MIDDLE" WIDTH="38" HEIGHT="23">4차</TD>
<TD ALIGN="CENTER" VALIGN="MIDDLE" WIDTH="303" HEIGHT="23">2028년 01월 05일</TD>
<TD ALIGN="CENTER" VALIGN="MIDDLE" WIDTH="248" HEIGHT="23">액면금액 × 108.80%</TD>
</TR>

<TR ACOPY="Y" ADELETE="Y" HEIGHT="30">
<TD ALIGN="CENTER" VALIGN="MIDDLE" WIDTH="38" HEIGHT="23">5차</TD>
<TD ALIGN="CENTER" VALIGN="MIDDLE" WIDTH="303" HEIGHT="23">2028년 07월 05일</TD>
<TD ALIGN="CENTER" VALIGN="MIDDLE" WIDTH="248" HEIGHT="23">액면금액 × 111.00%</TD>
</TR>
</TBODY>
</TABLE>

<P USERMARK="F-GL ">○ 자동조기상환일 : 해당 차수 자동조기상환평가일(불포함) 후  
<SPAN USERMARK="BU">2 영업일</SPAN>
</P>
<P USERMARK="F-GL ">○ 자동조기상환 발생에 따라 상환이 이루어진 경우 본 증권은 종료되고 발행인은 이후 본 증권에 대하여 어떠한 추가적인 의무를 부담하지 않음.</P>
<P USERMARK="F-GL ">다. 만기상환</P>

<P USERMARK="F-GL ">○ 자동조기상환이 발생하지 않은 경우 
<SPAN USERMARK="B">발행인은 만기일에 아래 만기상환금액 결정조건에 따라 결정된 상환금액을 지급</SPAN>함으로써 본 증권을 상환함.
</P>

<TABLE ACLASS="NORMAL" AFIXTABLE="N" BORDER="1" WIDTH="625">

<COLGROUP WIDTH="625">
<COL WIDTH="403"></COL>
<COL WIDTH="222"></COL>
</COLGROUP>

<THEAD>

<TR ACOPY="Y" ADELETE="Y" HEIGHT="30">
<TH USERMARK="B" ACOPYCOL="Y" ADELETECOL="Y" AMOVECOL="N" WIDTH="394" HEIGHT="23">만기상환금액 결정조건</TH>
<TH USERMARK="B" VALIGN="MIDDLE" ACOPYCOL="Y" ADELETECOL="Y" AMOVECOL="N" WIDTH="213" HEIGHT="23">상환금액</TH>
</TR>
</THEAD>

<TBODY>

<TR ACOPY="Y" ADELETE="Y" HEIGHT="53">

<TD WIDTH="394" HEIGHT="46">① 만기평가일에 기초자산의 만기평가가격이 기초자산의 최초기준가격의 
<SPAN USERMARK="B">95%</SPAN> 보다 크거나 같은 경우
</TD>
<TD WIDTH="213" HEIGHT="46" ALIGN="CENTER" VALIGN="MIDDLE">액면금액×113.20%</TD>
</TR>

<TR ACOPY="Y" ADELETE="Y" HEIGHT="55">

<TD WIDTH="394" HEIGHT="48">② 만기평가일에 기초자산의 만기평가가격이 기초자산의 최초기준가격의 
<SPAN USERMARK="B">95%</SPAN> 보다 작은 경우
</TD>
<TD WIDTH="213" HEIGHT="48" ALIGN="CENTER" VALIGN="MIDDLE">액면금액 ×100.00%(원금지급)</TD>
</TR>
</TBODY>
</TABLE>

<P USERMARK="F-GL ">○ 만기평가가격 : 만기평가일의 기초자산의 종가○ 만기평가일 : 2029년 01월 05일○ 만기일 : 만기평가일(불포함) 후 
<SPAN USERMARK="B">2영업일</SPAN>※ 기준가격 결정일은 해당 거래소가 위치한 현지 시간 기준으로 결정됩니다.※ 기준가격 결정일이 본 설명서상 정의된 거래소영업일이 아닌 경우 그 다음 거래소영업일이 해당 기준가격 결정일로 됩니다.※ 기준가격 결정일에 어떠한 기초자산가격이 발표되지 않는 경우 계산대리인은 기준가격 결정일을 변경할 수 있으며 이 경우 기초자산 전부에 대한 기준가격 결정일이 변경될 수도 있습니다.
</P>
<P></P>
<P USERMARK="F-GL B">[KB증권 ELB 제5992호 파생결합사채(주가연계파생결합사채)]</P>
<P></P>
<P USERMARK="F-GL ">가. 최초기준가격○ 최초기준가격 : 최초기준가격평가일의 기초자산의 종가 ○ 최초기준가격평가일 : 2026년 01월 05일</P>
<P USERMARK="F-GL ">나. 자동조기상환</P>
<P USERMARK="F-GL ">○  어느 자동조기상환평가일에 자동조기상환 발생조건이 충족되는 경우 발행인은 해당 차수의 자동조기상환일에 해당 차수의 상환금액을 지급함으로써 본 증권을 상환</P>
<P USERMARK="F-GL ">○  자동조기상환 발생조건</P>

<TABLE ACLASS="NORMAL" AFIXTABLE="N" BORDER="1" WIDTH="667">

<COLGROUP WIDTH="667">
<COL WIDTH="47"></COL>
<COL WIDTH="620"></COL>
</COLGROUP>

<THEAD>

<TR ACOPY="Y" ADELETE="Y" HEIGHT="30">
<TH USERMARK="B" ACOPYCOL="Y" ADELETECOL="Y" AMOVECOL="N" WIDTH="38" HEIGHT="23">차수</TH>
<TH USERMARK="B" ACOPYCOL="Y" ADELETECOL="Y" AMOVECOL="N" WIDTH="611" HEIGHT="23">자동조기상환 발생조건</TH>
</TR>
</THEAD>

<TBODY>

<TR ACOPY="Y" ADELETE="Y" HEIGHT="30">
<TD ALIGN="CENTER" VALIGN="MIDDLE" WIDTH="38" HEIGHT="23">1차</TD>

<TD WIDTH="611" HEIGHT="23">기초자산의 1차 자동조기상환평가가격이 
<SPAN USERMARK="BU">최초기준가격의 95% 이상인 경우</SPAN>
</TD>
</TR>

<TR ACOPY="Y" ADELETE="Y" HEIGHT="30">
<TD ALIGN="CENTER" VALIGN="MIDDLE" WIDTH="38" HEIGHT="23">2차</TD>

<TD WIDTH="611" HEIGHT="23">기초자산의 2차 자동조기상환평가가격이 
<SPAN USERMARK="BU">최초기준가격의 95% 이상인 경우</SPAN>
</TD>
</TR>

<TR ACOPY="Y" ADELETE="Y" HEIGHT="30">
<TD ALIGN="CENTER" VALIGN="MIDDLE" WIDTH="38" HEIGHT="23">3차</TD>

<TD WIDTH="611" HEIGHT="23">기초자산의 3차 자동조기상환평가가격이 
<SPAN USERMARK="BU">최초기준가격의 95% 이상인 경우</SPAN>
</TD>
</TR>

<TR ACOPY="Y" ADELETE="Y" HEIGHT="30">
<TD ALIGN="CENTER" VALIGN="MIDDLE" WIDTH="38" HEIGHT="23">4차</TD>

<TD WIDTH="611" HEIGHT="23">기초자산의 4차 자동조기상환평가가격이 
<SPAN USERMARK="BU">최초기준가격의 95% 이상인 경우</SPAN>
</TD>
</TR>

<TR ACOPY="Y" ADELETE="Y" HEIGHT="30">
<TD ALIGN="CENTER" VALIGN="MIDDLE" WIDTH="38" HEIGHT="23">5차</TD>

<TD WIDTH="611" HEIGHT="23">기초자산의 5차 자동조기상환평가가격이 
<SPAN USERMARK="BU">최초기준가격의 95% 이상인 경우</SPAN>
</TD>
</TR>
</TBODY>
</TABLE>
<P USERMARK="F-GL ">○  자동조기상환평가가격 : 해당 차수 자동조기상환평가일의 기초자산의 종가</P>
<P USERMARK="F-GL ">○ 자동조기상환평가일 및 상환금액</P>

<TABLE ACLASS="NORMAL" WIDTH="616" BORDER="1" AFIXTABLE="N">

<COLGROUP WIDTH="616">
<COL WIDTH="47"></COL>
<COL WIDTH="312"></COL>
<COL WIDTH="257"></COL>
</COLGROUP>

<THEAD>

<TR ACOPY="Y" ADELETE="Y" HEIGHT="30">
<TH USERMARK="B" ACOPYCOL="Y" ADELETECOL="Y" AMOVECOL="N" WIDTH="38" HEIGHT="23">차수</TH>
<TH USERMARK="B" ACOPYCOL="Y" ADELETECOL="Y" AMOVECOL="N" WIDTH="303" HEIGHT="23">자동조기상환평가일</TH>
<TH USERMARK="B" ACOPYCOL="Y" ADELETECOL="Y" AMOVECOL="N" WIDTH="248" HEIGHT="23">상환금액</TH>
</TR>
</THEAD>

<TBODY>

<TR ACOPY="Y" ADELETE="Y" HEIGHT="30">
<TD ALIGN="CENTER" VALIGN="MIDDLE" WIDTH="38" HEIGHT="23">1차</TD>
<TD ALIGN="CENTER" VALIGN="MIDDLE" WIDTH="303" HEIGHT="23">2026년 07월 03일</TD>
<TD ALIGN="CENTER" VALIGN="MIDDLE" WIDTH="248" HEIGHT="23">액면금액 × 100.00%</TD>
</TR>

<TR ACOPY="Y" ADELETE="Y" HEIGHT="30">
<TD ALIGN="CENTER" VALIGN="MIDDLE" WIDTH="38" HEIGHT="23">2차</TD>
<TD ALIGN="CENTER" VALIGN="MIDDLE" WIDTH="303" HEIGHT="23">2027년 01월 05일</TD>
<TD ALIGN="CENTER" VALIGN="MIDDLE" WIDTH="248" HEIGHT="23">액면금액 × 100.00%</TD>
</TR>

<TR ACOPY="Y" ADELETE="Y" HEIGHT="30">
<TD ALIGN="CENTER" VALIGN="MIDDLE" WIDTH="38" HEIGHT="23">3차</TD>
<TD ALIGN="CENTER" VALIGN="MIDDLE" WIDTH="303" HEIGHT="23">2027년 07월 05일</TD>
<TD ALIGN="CENTER" VALIGN="MIDDLE" WIDTH="248" HEIGHT="23">액면금액 × 100.00%</TD>
</TR>

<TR ACOPY="Y" ADELETE="Y" HEIGHT="30">
<TD ALIGN="CENTER" VALIGN="MIDDLE" WIDTH="38" HEIGHT="23">4차</TD>
<TD ALIGN="CENTER" VALIGN="MIDDLE" WIDTH="303" HEIGHT="23">2028년 01월 05일</TD>
<TD ALIGN="CENTER" VALIGN="MIDDLE" WIDTH="248" HEIGHT="23">액면금액 × 100.00%</TD>
</TR>

<TR ACOPY="Y" ADELETE="Y" HEIGHT="30">
<TD ALIGN="CENTER" VALIGN="MIDDLE" WIDTH="38" HEIGHT="23">5차</TD>
<TD ALIGN="CENTER" VALIGN="MIDDLE" WIDTH="303" HEIGHT="23">2028년 07월 05일</TD>
<TD ALIGN="CENTER" VALIGN="MIDDLE" WIDTH="248" HEIGHT="23">액면금액 × 100.00%</TD>
</TR>
</TBODY>
</TABLE>

<P USERMARK="F-GL ">○ 자동조기상환일 : 해당 차수 자동조기상환평가일(불포함) 후  
<SPAN USERMARK="BU">2 영업일</SPAN>
</P>
<P USERMARK="F-GL ">○ 자동조기상환 발생에 따라 상환이 이루어진 경우 본 증권은 종료되고 발행인은 이후 본 증권에 대하여 어떠한 추가적인 의무를 부담하지 않음.</P>
<P USERMARK="F-GL ">다. 월수익 지급○ 어느 월수익지급평가일에 월수익 지급조건이 충족되는 경우 발행인은 해당 차수의 월수익 지급일에 해당 월수익 지급금액을 지급함.</P>

<P USERMARK="F-GL ">○ 월수익 지급조건기초자산의 해당차수 월수익지급평가가격이 각 최초기준가격의 
<SPAN USERMARK="B">85%</SPAN>이상인 경우
</P>
<P USERMARK="F-GL ">○ 월수익지급평가가격 : 해당 차수 월수익지급평가일의 기초자산 종가</P>
<P USERMARK="F-GL ">○ 월수익지급평가일(1차~36차)</P>

<TABLE BORDER="1" WIDTH="564" ACLASS="NORMAL" AFIXTABLE="N">

<COLGROUP WIDTH="564">
<COL WIDTH="49"></COL>
<COL WIDTH="139"></COL>
<COL WIDTH="49"></COL>
<COL WIDTH="139"></COL>
<COL WIDTH="49"></COL>
<COL WIDTH="139"></COL>
</COLGROUP>

<THEAD>

<TR ACOPY="Y" ADELETE="Y" HEIGHT="30">
<TH VALIGN="MIDDLE" USERMARK="B" WIDTH="40" HEIGHT="23">회차</TH>
<TH VALIGN="MIDDLE" USERMARK="B" WIDTH="130" HEIGHT="23">평가일자</TH>
<TH VALIGN="MIDDLE" USERMARK="B" WIDTH="40" HEIGHT="23">회차</TH>
<TH VALIGN="MIDDLE" USERMARK="B" WIDTH="130" HEIGHT="23">평가일자</TH>
<TH VALIGN="MIDDLE" USERMARK="B" WIDTH="40" HEIGHT="23">회차</TH>
<TH VALIGN="MIDDLE" USERMARK="B" WIDTH="130" HEIGHT="23">평가일자</TH>
</TR>
</THEAD>

<TBODY>

<TR ACOPY="Y" ADELETE="Y" HEIGHT="30">
<TD ALIGN="CENTER" WIDTH="40" HEIGHT="23">1회</TD>
<TD ALIGN="CENTER" WIDTH="130" HEIGHT="23">2026년 02월 05일</TD>
<TD ALIGN="CENTER" WIDTH="40" HEIGHT="23">2회</TD>
<TD ALIGN="CENTER" WIDTH="130" HEIGHT="23">2026년 03월 05일</TD>
<TD ALIGN="CENTER" WIDTH="40" HEIGHT="23">3회</TD>
<TD ALIGN="CENTER" WIDTH="130" HEIGHT="23">2026년 04월 03일</TD>
</TR>

<TR ACOPY="Y" ADELETE="Y" HEIGHT="30">
<TD ALIGN="CENTER" WIDTH="40" HEIGHT="23">4회</TD>
<TD ALIGN="CENTER" WIDTH="130" HEIGHT="23">2026년 05월 04일</TD>
<TD ALIGN="CENTER" WIDTH="40" HEIGHT="23">5회</TD>
<TD ALIGN="CENTER" WIDTH="130" HEIGHT="23">2026년 06월 05일</TD>
<TD ALIGN="CENTER" WIDTH="40" HEIGHT="23">6회</TD>
<TD ALIGN="CENTER" WIDTH="130" HEIGHT="23">2026년 07월 03일</TD>
</TR>

<TR ACOPY="Y" ADELETE="Y" HEIGHT="30">
<TD ALIGN="CENTER" WIDTH="40" HEIGHT="23">7회</TD>
<TD ALIGN="CENTER" WIDTH="130" HEIGHT="23">2026년 08월 05일</TD>
<TD ALIGN="CENTER" WIDTH="40" HEIGHT="23">8회</TD>
<TD ALIGN="CENTER" WIDTH="130" HEIGHT="23">2026년 09월 04일</TD>
<TD ALIGN="CENTER" WIDTH="40" HEIGHT="23">9회</TD>
<TD ALIGN="CENTER" WIDTH="130" HEIGHT="23">2026년 10월 02일</TD>
</TR>

<TR ACOPY="Y" ADELETE="Y" HEIGHT="30">
<TD ALIGN="CENTER" WIDTH="40" HEIGHT="23">10회</TD>
<TD ALIGN="CENTER" WIDTH="130" HEIGHT="23">2026년 11월 05일</TD>
<TD ALIGN="CENTER" WIDTH="40" HEIGHT="23">11회</TD>
<TD ALIGN="CENTER" WIDTH="130" HEIGHT="23">2026년 12월 04일</TD>
<TD ALIGN="CENTER" WIDTH="40" HEIGHT="23">12회</TD>
<TD ALIGN="CENTER" WIDTH="130" HEIGHT="23">2027년 01월 05일</TD>
</TR>

<TR ACOPY="Y" ADELETE="Y" HEIGHT="30">
<TD ALIGN="CENTER" WIDTH="40" HEIGHT="23">13회</TD>
<TD ALIGN="CENTER" WIDTH="130" HEIGHT="23">2027년 02월 05일</TD>
<TD ALIGN="CENTER" WIDTH="40" HEIGHT="23">14회</TD>
<TD ALIGN="CENTER" WIDTH="130" HEIGHT="23">2027년 03월 05일</TD>
<TD ALIGN="CENTER" WIDTH="40" HEIGHT="23">15회</TD>
<TD ALIGN="CENTER" WIDTH="130" HEIGHT="23">2027년 04월 05일</TD>
</TR>

<TR ACOPY="Y" ADELETE="Y" HEIGHT="30">
<TD ALIGN="CENTER" WIDTH="40" HEIGHT="23">16회</TD>
<TD ALIGN="CENTER" WIDTH="130" HEIGHT="23">2027년 05월 04일</TD>
<TD ALIGN="CENTER" WIDTH="40" HEIGHT="23">17회</TD>
<TD ALIGN="CENTER" WIDTH="130" HEIGHT="23">2027년 06월 04일</TD>
<TD ALIGN="CENTER" WIDTH="40" HEIGHT="23">18회</TD>
<TD ALIGN="CENTER" WIDTH="130" HEIGHT="23">2027년 07월 05일</TD>
</TR>

<TR ACOPY="Y" ADELETE="Y" HEIGHT="30">
<TD ALIGN="CENTER" WIDTH="40" HEIGHT="23">19회</TD>
<TD ALIGN="CENTER" WIDTH="130" HEIGHT="23">2027년 08월 05일</TD>
<TD ALIGN="CENTER" WIDTH="40" HEIGHT="23">20회</TD>
<TD ALIGN="CENTER" WIDTH="130" HEIGHT="23">2027년 09월 03일</TD>
<TD ALIGN="CENTER" WIDTH="40" HEIGHT="23">21회</TD>
<TD ALIGN="CENTER" WIDTH="130" HEIGHT="23">2027년 10월 05일</TD>
</TR>

<TR ACOPY="Y" ADELETE="Y" HEIGHT="30">
<TD ALIGN="CENTER" WIDTH="40" HEIGHT="23">22회</TD>
<TD ALIGN="CENTER" WIDTH="130" HEIGHT="23">2027년 11월 05일</TD>
<TD ALIGN="CENTER" WIDTH="40" HEIGHT="23">23회</TD>
<TD ALIGN="CENTER" WIDTH="130" HEIGHT="23">2027년 12월 03일</TD>
<TD ALIGN="CENTER" WIDTH="40" HEIGHT="23">24회</TD>
<TD ALIGN="CENTER" WIDTH="130" HEIGHT="23">2028년 01월 05일</TD>
</TR>

<TR ACOPY="Y" ADELETE="Y" HEIGHT="30">
<TD ALIGN="CENTER" WIDTH="40" HEIGHT="23">25회</TD>
<TD ALIGN="CENTER" WIDTH="130" HEIGHT="23">2028년 02월 04일</TD>
<TD ALIGN="CENTER" WIDTH="40" HEIGHT="23">26회</TD>
<TD ALIGN="CENTER" WIDTH="130" HEIGHT="23">2028년 03월 03일</TD>
<TD ALIGN="CENTER" WIDTH="40" HEIGHT="23">27회</TD>
<TD ALIGN="CENTER" WIDTH="130" HEIGHT="23">2028년 04월 05일</TD>
</TR>

<TR ACOPY="Y" ADELETE="Y" HEIGHT="30">
<TD ALIGN="CENTER" WIDTH="40" HEIGHT="23">28회</TD>
<TD ALIGN="CENTER" WIDTH="130" HEIGHT="23">2028년 05월 04일</TD>
<TD ALIGN="CENTER" WIDTH="40" HEIGHT="23">29회</TD>
<TD ALIGN="CENTER" WIDTH="130" HEIGHT="23">2028년 06월 05일</TD>
<TD ALIGN="CENTER" WIDTH="40" HEIGHT="23">30회</TD>
<TD ALIGN="CENTER" WIDTH="130" HEIGHT="23">2028년 07월 05일</TD>
</TR>

<TR ACOPY="Y" ADELETE="Y" HEIGHT="30">
<TD ALIGN="CENTER" WIDTH="40" HEIGHT="23">31회</TD>
<TD ALIGN="CENTER" WIDTH="130" HEIGHT="23">2028년 08월 04일</TD>
<TD ALIGN="CENTER" WIDTH="40" HEIGHT="23">32회</TD>
<TD ALIGN="CENTER" WIDTH="130" HEIGHT="23">2028년 09월 05일</TD>
<TD ALIGN="CENTER" WIDTH="40" HEIGHT="23">33회</TD>
<TD ALIGN="CENTER" WIDTH="130" HEIGHT="23">2028년 09월 29일</TD>
</TR>

<TR ACOPY="Y" ADELETE="Y" HEIGHT="30">
<TD ALIGN="CENTER" WIDTH="40" HEIGHT="23">34회</TD>
<TD ALIGN="CENTER" WIDTH="130" HEIGHT="23">2028년 11월 03일</TD>
<TD ALIGN="CENTER" WIDTH="40" HEIGHT="23">35회</TD>
<TD ALIGN="CENTER" WIDTH="130" HEIGHT="23">2028년 12월 05일</TD>
<TD ALIGN="CENTER" WIDTH="40" HEIGHT="23">36회</TD>
<TD ALIGN="CENTER" WIDTH="130" HEIGHT="23">2029년 01월 05일</TD>
</TR>
</TBODY>
</TABLE>

<P USERMARK="F-GL ">
<SPAN USERMARK="B">○ 월수익 지급금액액면금액 × 0.48%(연 5.76%)</SPAN>
</P>
<P USERMARK="F-GL B">○ 월수익 지급일 : 해당 차수 월수익지급평가일(불포함) 후 2 영업일</P>
<P USERMARK="F-GL ">라. 만기상환</P>

<P USERMARK="F-GL ">○ 자동조기상환이 발생하지 않은 경우 
<SPAN USERMARK="B">발행인은 만기일에 아래 만기상환금액 결정조건에 따라 결정된 상환금액을 지급</SPAN>함으로써 본 증권을 상환함.
</P>

<TABLE ACLASS="NORMAL" AFIXTABLE="N" BORDER="1" WIDTH="625">

<COLGROUP WIDTH="625">
<COL WIDTH="403"></COL>
<COL WIDTH="222"></COL>
</COLGROUP>

<THEAD>

<TR ACOPY="Y" ADELETE="Y" HEIGHT="30">
<TH USERMARK="B" ACOPYCOL="Y" ADELETECOL="Y" AMOVECOL="N" WIDTH="394" HEIGHT="23">만기상환금액 결정조건</TH>
<TH USERMARK="B" VALIGN="MIDDLE" ACOPYCOL="Y" ADELETECOL="Y" AMOVECOL="N" WIDTH="213" HEIGHT="23">상환금액</TH>
</TR>
</THEAD>

<TBODY>

<TR ACOPY="Y" ADELETE="Y" HEIGHT="53">

<TD WIDTH="394" HEIGHT="46">① 만기평가일에 기초자산의 만기평가가격이 기초자산의 최초기준가격의 
<SPAN USERMARK="B">95%</SPAN> 보다 크거나 같은 경우
</TD>
<TD WIDTH="213" HEIGHT="46" ALIGN="CENTER" VALIGN="MIDDLE">액면금액×100.00%</TD>
</TR>

<TR ACOPY="Y" ADELETE="Y" HEIGHT="55">

<TD WIDTH="394" HEIGHT="48">② 만기평가일에 기초자산의 만기평가가격이 기초자산의 최초기준가격의 
<SPAN USERMARK="B">95%</SPAN> 보다 작은 경우
</TD>
<TD WIDTH="213" HEIGHT="48" ALIGN="CENTER" VALIGN="MIDDLE">액면금액 ×100.00%(원금지급)</TD>
</TR>
</TBODY>
</TABLE>

<P USERMARK="F-GL ">○ 만기평가가격 : 만기평가일의 기초자산의 종가○ 만기평가일 : 2029년 01월 05일○ 만기일 : 만기평가일(불포함) 후 
<SPAN USERMARK="B">2영업일</SPAN>※ 기준가격 결정일은 해당 거래소가 위치한 현지 시간 기준으로 결정됩니다.※ 기준가격 결정일이 본 설명서상 정의된 거래소영업일이 아닌 경우 그 다음 거래소영업일이 해당 기준가격 결정일로 됩니다.※ 기준가격 결정일에 어떠한 기초자산가격이 발표되지 않는 경우 계산대리인은 기준가격 결정일을 변경할 수 있으며 이 경우 기초자산 전부에 대한 기준가격 결정일이 변경될 수도 있습니다.
</P>
<P></P>

<TABLE ACLASS="NORMAL" AFIXTABLE="N" BORDER="0" WIDTH="591">

<COLGROUP WIDTH="591">
<COL WIDTH="591"></COL>
</COLGROUP>

<TBODY>

<TR ACOPY="Y" ADELETE="Y" HEIGHT="30">
<TD WIDTH="582" HEIGHT="23" ALIGN="RIGHT">2026년 01월 05일</TD>
</TR>

<TR ACOPY="Y" ADELETE="Y" HEIGHT="30">
<TD WIDTH="582" HEIGHT="23" ALIGN="RIGHT">KB증권 주식회사</TD>
</TR>

<TR ACOPY="Y" ADELETE="Y" HEIGHT="30">
<TD WIDTH="582" HEIGHT="23" ALIGN="RIGHT">대표이사    김   성   현</TD>
</TR>
</TBODY>
</TABLE>
</SECTION-2>
</LIBRARY>

</SECTION-1>
</BODY>
</DOCUMENT>