<html>
 <head> 
  <meta content="gdi" http-equiv="X-UA-TextLayoutMetrics"> 
  <meta content="text/html; charset=euc-kr" http-equiv="Content-Type"> 
  <STYLE>
.xforms * { font-family: 돋움체;}
.xforms_title * { font-size: 13pt; padding : 0 0 10 0;}

.xforms table {
    font-size: 10px;
    padding:0px;
    border-collapse:collapse;
    color: #3D3D3D;
}
.xforms td {
    padding-left:0px;
    padding-top:0px;
    border-collapse:collapse;
    line-height:22px;
    color: #3D3D3D;
    /*text-align:right;*/
    vertical-align:middle;
    border: 1px solid #7f7f7f;
}

.xforms span {
    /*display: inline-block;*/
    padding-left:3px;
    padding-right: 1px;
    line-height:22px;
    padding-top:0px;
    padding-bottom:0px;
    text-align:left;
    vertical-align:middle;
    border: 0px solid #DBDBDB;
}

.xforms.img{
    border : 0px;
}

.xforms a:link {

    color: #194866;
    text-decoration: none;
}
.xforms a:active {

    color: #194866;
    text-decoration: none;
}
.xforms a:visited {
    color: #194866;
    text-decoration: none;
}

.xforms A:hover {
    color:008BE3;
    text-decoration: none;
}

.xforms_input{
    border: 0px solid #DBDBDB;
    padding-left:3px;
    padding-right: 1px;
    height:22px;
    padding-top:0px;
    padding-bottom:0px;
    text-align:left;
}
</STYLE> 
  <title>성호전자/타법인 주식 및 출자증권 취득결정(종속회사의 주요경영사항) /(2026.01.05)타법인 주식 및 출자증권 취득결정(종속회사의 주요경영사항) </title> 
 </head> 
 <body> 
  <div class="xforms"> 
   <div> 
    <span class="noprint" style="display:none;width:600px;font-size:10pt;"> </span> 
    <div class="xforms_title"> 
     <div> 
      <span style="width:588px;font-weight:bold;text-align:center;">타법인 주식 및 출자증권 취득결정(종속회사의 주요경영사항)</span> 
     </div> 
    </div> 
    <table border="1" bordercolordark="white" bordercolorlight="#666666" cellpadding="1" cellspacing="0" id="XFormD6_Form0_Table1" style="margin:0px 0px 20px 0px;width:600px;font-size:10pt;border:1px solid #7f7f7f;"> 
     <tbody> 
      <tr> 
       <td width="138"> <span style="width:138px;font-size:10pt;">종속회사인</span> </td> 
       <td width="267"> <span class="xforms_input" style="width:267px;font-size:10pt;">어매이징홀딩스 주식회사</span> </td> 
       <td width="195"> <span style="width:195px;font-size:10pt;">의 주요경영사항 신고</span> </td> 
      </tr> 
     </tbody> 
    </table> 
    <table border="1" bordercolordark="white" bordercolorlight="#666666" cellpadding="1" cellspacing="0" id="XFormD6_Form0_Table0" style="margin:0px 0px 20px 0px;width:599px;font-size:10pt;border:1px solid #666666;"> 
     <tbody> 
      <tr> 
       <td rowspan="3" width="102"> <span style="width:102px;font-size:10pt;">1. 발행회사</span> </td> 
       <td width="169"> <span style="width:169px;font-size:10pt;">회사명(국적)</span> </td> 
       <td width="132"> <span class="xforms_input" style="width:132px;font-size:10pt;">주식회사 에이디에스테크(대한민국)</span> </td> 
       <td width="101"> <span style="width:101px;font-size:10pt;">대표이사</span> </td> 
       <td width="95"> <span class="xforms_input" style="width:95px;font-size:10pt;">송광열</span> </td> 
      </tr> 
      <tr> 
       <td width="169"> <span style="width:169px;font-size:10pt;">자본금(원)</span> </td> 
       <td width="132"> <span class="xforms_input" style="width:132px;font-size:10pt;text-align:right;">200,000,000</span> </td> 
       <td width="101"> <span style="width:101px;font-size:10pt;">회사와 관계</span> </td> 
       <td width="95"> <span class="xforms_input" style="width:95px;font-size:10pt;">-</span> </td> 
      </tr> 
      <tr> 
       <td width="169"> <span style="width:169px;font-size:10pt;">발행주식총수(주)</span> </td> 
       <td width="132"> <span class="xforms_input" style="width:132px;font-size:10pt;text-align:right;">400,000</span> </td> 
       <td width="101"> <span style="width:101px;font-size:10pt;">주요사업</span> </td> 
       <td width="95"> <span class="xforms_input" style="width:95px;font-size:10pt;">광통신 관련 제품 및 시스템의 설계, 개발, 제조 및 판매업</span> </td> 
      </tr> 
      <tr> 
       <td colspan="2" width="271"> <span style="width:271px;font-size:10pt;">-최근 6월 이내 제3자배정에 의한 신주취득 여부</span> </td> 
       <td colspan="3" width="328"> <span class="xforms_input" style="width:328px;font-size:10pt;">아니오</span> </td> 
      </tr> 
      <tr> 
       <td rowspan="4" width="102"> <span style="width:102px;font-size:10pt;">2. 취득내역</span> </td> 
       <td width="169"> <span style="width:169px;font-size:10pt;">취득주식수(주)</span> </td> 
       <td colspan="3" width="328"> <span class="xforms_input" style="width:328px;font-size:10pt;text-align:right;">350,000</span> </td> 
      </tr> 
      <tr> 
       <td width="169"> <span style="width:169px;font-size:10pt;">취득금액(원)</span> </td> 
       <td colspan="3" width="328"> <span class="xforms_input" style="width:328px;font-size:10pt;text-align:right;">280,000,000,000</span> </td> 
      </tr> 
      <tr> 
       <td width="169"> <span style="width:169px;font-size:10pt;">지배회사의 연결자산총액(원)</span> </td> 
       <td colspan="3" width="328"> <span class="xforms_input" style="width:328px;font-size:10pt;text-align:right;">367,331,808,054</span> </td> 
      </tr> 
      <tr> 
       <td width="169"> <span style="width:169px;font-size:10pt;">지배회사의 연결자산총액대비(%)</span> </td> 
       <td colspan="3" width="328"> <span class="xforms_input" style="width:328px;font-size:10pt;text-align:right;">76.23</span> </td> 
      </tr> 
      <tr> 
       <td rowspan="2" width="102"> <span style="width:102px;font-size:10pt;">3. 취득후 소유주식수 및 지분비율</span> </td> 
       <td width="169"> <span style="width:169px;font-size:10pt;">소유주식수(주)</span> </td> 
       <td colspan="3" width="328"> <span class="xforms_input" style="width:328px;font-size:10pt;text-align:right;">350,000</span> </td> 
      </tr> 
      <tr> 
       <td width="169"> <span style="width:169px;font-size:10pt;">지분비율(%)</span> </td> 
       <td colspan="3" width="328"> <span class="xforms_input" style="width:328px;font-size:10pt;text-align:right;">87.50</span> </td> 
      </tr> 
      <tr> 
       <td colspan="2" width="271"> <span style="width:271px;font-size:10pt;">4. 취득방법</span> </td> 
       <td colspan="3" width="328"> <span class="xforms_input" style="width:328px;font-size:10pt;">현금 취득</span> </td> 
      </tr> 
      <tr> 
       <td colspan="2" width="271"> <span style="width:271px;font-size:10pt;">5. 취득목적</span> </td> 
       <td colspan="3" width="328"> <span class="xforms_input" style="width:328px;font-size:10pt;">광통신 장비 업체 인수를 통한 사업다각화</span> </td> 
      </tr> 
      <tr> 
       <td colspan="2" width="271"> <span style="width:271px;font-size:10pt;">6. 취득예정일자</span> </td> 
       <td colspan="3" width="328"> <span class="xforms_input" style="width:328px;font-size:10pt;">2026-01-16</span> </td> 
      </tr> 
      <tr> 
       <td colspan="2" width="271"> <span style="width:271px;font-size:10pt;">7. 이사회결의일(결정일)</span> </td> 
       <td colspan="3" width="328"> <span class="xforms_input" style="width:328px;font-size:10pt;">2026-01-05</span> </td> 
      </tr> 
      <tr> 
       <td rowspan="2" width="102"> <span style="width:102px;font-size:10pt;">-사외이사 참석여부</span> </td> 
       <td width="169"> <span style="width:169px;font-size:10pt;">참석(명)</span> </td> 
       <td colspan="3" width="328"> <span class="xforms_input" style="width:328px;font-size:10pt;text-align:right;">-</span> </td> 
      </tr> 
      <tr> 
       <td width="169"> <span style="width:169px;font-size:10pt;">불참(명)</span> </td> 
       <td colspan="3" width="328"> <span class="xforms_input" style="width:328px;font-size:10pt;text-align:right;">-</span> </td> 
      </tr> 
      <tr> 
       <td colspan="2" width="271"> <span style="width:271px;font-size:10pt;">-감사(감사위원)참석여부</span> </td> 
       <td colspan="3" width="328"> <span class="xforms_input" style="width:328px;font-size:10pt;">-</span> </td> 
      </tr> 
      <tr> 
       <td colspan="2" width="271"> <span style="width:271px;font-size:10pt;">8. 공정거래위원회 신고대상여부</span> </td> 
       <td colspan="3" width="328"> <span class="xforms_input" style="width:328px;font-size:10pt;">미해당</span> </td> 
      </tr> 
      <tr> 
       <td colspan="2" width="271"> <span style="width:271px;font-size:10pt;">9. 풋옵션 등 계약체결 여부</span> </td> 
       <td colspan="3" width="328"> <span class="xforms_input" style="width:328px;font-size:10pt;">아니오</span> </td> 
      </tr> 
      <tr> 
       <td colspan="2" width="271"> <span style="width:271px;font-size:10pt;">-계약내용</span> </td> 
       <td colspan="3" width="328"> <span class="xforms_input" style="width:328px;font-size:10pt;">-</span> </td> 
      </tr> 
      <tr> 
       <td colspan="2" rowspan="2" width="271"> <span style="width:271px;font-size:10pt;">10. 기타 투자판단에 참고할 사항</span> </td> 
       <td colspan="3" width="328"> <span class="xforms_input" style="width:328px;font-size:10pt;">1. 당사는 2025년 12월 8일 거래상대방과 주식매매계약(이하 "본건 주식매매계약")을 체결하였고, 2026년 1월 5일 계약서 내용에 따라 당사가 설립한 신규 종속회사인 어매이징홀딩스 주식회사에 본건 주식매매계약상 당사자 지위 및 그에 따른 권리/의무를 승계하였습니다. <br xmlns:java="http://xml.apache.org/xalan/java"> <br xmlns:java="http://xml.apache.org/xalan/java">2. 어매이징홀딩스 주식회사는 본건 주식매매계약상 당사자 지위의 승계 후 거래상대방 중 일부와 본건 주식매매계약에 대한 변경계약을 체결하였으며 이에 따라 주식 취득금액의 지급 시기가 변경되었습니다. 취득금액 중 (i) 70,000,000,000원은 2026년 1월 8일에, (ii) 64,000,000,000원은 2026년 1월 9일에, (iii) 138,809,805,343원은 거래종결일에 지급할 예정이며, (iv) 발행회사의 운영 성과에 따라 일부 매도인들에게 지급 가능한 Earn-out 금액(7,190,194,657원)은 그 조건 충족 여부에 따라 2027년 중 지급 여부가 결정될 예정입니다. <br xmlns:java="http://xml.apache.org/xalan/java"> <br xmlns:java="http://xml.apache.org/xalan/java">3. 상기 '2. 취득내역' 중 '자산총액' 및 하기 '종속회사에 관한 사항' 중 '지배회사의 연결 자산총액'은 당사의 2024년 말 연결재무제표 기준입니다. <br xmlns:java="http://xml.apache.org/xalan/java"> <br xmlns:java="http://xml.apache.org/xalan/java">4. 상기 '6. 취득예정일자'는 진행 상황에 따라 변동될 수 있습니다. <br xmlns:java="http://xml.apache.org/xalan/java"> <br xmlns:java="http://xml.apache.org/xalan/java">5. 상기 '7. 이사회결의일(결정일)'과 관련하여 어매이징홀딩스 주식회사는 동 결의일 기준 자본금 10억원 미만의 법인으로 1인 이사를 두고 있기 때문에 이사회가 존재하지 않습니다. 따라서 '사외이사 참석여부'와 '감사(사외이사가 아닌 감사위원) 참석 여부'는 기재를 생략하였고, 상법에 따라 주주총회 결의로 본건 주식매매계약상 당사자 지위 이전에 대한 이사회 결의를 대체한 바, 이사회결의일(결정일)은 주주총회 결의일을 의미합니다. <br xmlns:java="http://xml.apache.org/xalan/java"> <br xmlns:java="http://xml.apache.org/xalan/java">6. 하기 '발행회사의 요약 재무상황'은 주식회사 에이디에스테크의 재무상황으로 당해연도는 2024 사업연도말, 전년도는 2023 사업연도말, 전전년도는 2022 사업연도말 연결재무제표 기준입니다. <br xmlns:java="http://xml.apache.org/xalan/java"> <br xmlns:java="http://xml.apache.org/xalan/java">7. 아래 '종속회사에 관한 사항' 중 '종속회사의 자산총액'은 2025년에 신규 설립된 법인이므로 기재를 생략하였습니다.</span> </td> 
      </tr> 
      <tr> 
       <td width="132"> <span style="width:132px;font-size:10pt;">※ 관련공시</span> </td> 
       <td colspan="2" width="196"> <span style="width:196px;font-size:10pt;"> <a href="http://kind.krx.co.kr/common/disclsviewer.do?method=search&amp;acptno=20260105000705&amp;rcpno=20260105000427&amp;orgid=F&amp;tran=Y&amp;langTpCd=0" target="_blank" xmlns="http://www.w3.org/1999/xhtml" xmlns:xf="http://www.w3.org/2002/xforms" xmlns:xh="http://www.w3.org/1999/xhtml" xmlns:xsd="http://www.w3.org/2001/XMLSchema">2026-01-05 타법인 주식 및 출자증권 양수결정</a> <br xmlns:java="http://xml.apache.org/xalan/java"> <a href="http://kind.krx.co.kr/common/disclsviewer.do?method=search&amp;acptno=20251208000638&amp;rcpno=20251208000436&amp;orgid=F&amp;tran=Y&amp;langTpCd=0" target="_blank" xmlns="http://www.w3.org/1999/xhtml" xmlns:xf="http://www.w3.org/2002/xforms" xmlns:xh="http://www.w3.org/1999/xhtml" xmlns:xsd="http://www.w3.org/2001/XMLSchema">2025-12-08 타법인 주식 및 출자증권 양수결정</a> <br xmlns:java="http://xml.apache.org/xalan/java"> </span> </td> 
      </tr> 
     </tbody> 
    </table> 
    <span style="width:600px;font-size:11pt;font-weight:bold;">[발행회사의 요약 재무상황]</span> 
    <span style="width:600px;font-size:10pt;text-align:right;">(단위 : 백만원)</span> 
    <table border="1" bordercolordark="white" bordercolorlight="#666666" cellpadding="1" cellspacing="0" id="XFormD6_Form0_Table2" style="margin:0px 0px 20px 0px;width:601px;font-size:10pt;text-align:center;border:1px solid #7f7f7f;"> 
     <tbody> 
      <tr> 
       <td width="92"> <span style="width:92px;font-size:10pt;text-align:center;">구분</span> </td> 
       <td width="85"> <span style="width:85px;font-size:10pt;text-align:center;">자산총계</span> </td> 
       <td width="87"> <span style="width:87px;font-size:10pt;text-align:center;">부채총계</span> </td> 
       <td width="84"> <span style="width:84px;font-size:10pt;text-align:center;">자본총계</span> </td> 
       <td width="88"> <span style="width:88px;font-size:10pt;text-align:center;">자본금</span> </td> 
       <td width="84"> <span style="width:84px;font-size:10pt;text-align:center;">매출액</span> </td> 
       <td width="81"> <span style="width:81px;font-size:10pt;text-align:center;">당기순이익</span> </td> 
      </tr> 
      <tr> 
       <td width="92"> <span style="width:92px;font-size:10pt;text-align:center;">당해 연도</span> </td> 
       <td width="85"> <span class="xforms_input" style="width:85px;font-size:10pt;text-align:right;">72,751</span> </td> 
       <td width="87"> <span class="xforms_input" style="width:87px;font-size:10pt;text-align:right;">8,116</span> </td> 
       <td width="84"> <span class="xforms_input" style="width:84px;font-size:10pt;text-align:right;">64,635</span> </td> 
       <td width="88"> <span class="xforms_input" style="width:88px;font-size:10pt;text-align:right;">200</span> </td> 
       <td width="84"> <span class="xforms_input" style="width:84px;font-size:10pt;text-align:right;">63,594</span> </td> 
       <td width="81"> <span class="xforms_input" style="width:81px;font-size:10pt;text-align:right;">25,673</span> </td> 
      </tr> 
      <tr> 
       <td width="92"> <span style="width:92px;font-size:10pt;text-align:center;">전년도</span> </td> 
       <td width="85"> <span class="xforms_input" style="width:85px;font-size:10pt;text-align:right;">41,555</span> </td> 
       <td width="87"> <span class="xforms_input" style="width:87px;font-size:10pt;text-align:right;">2,593</span> </td> 
       <td width="84"> <span class="xforms_input" style="width:84px;font-size:10pt;text-align:right;">38,962</span> </td> 
       <td width="88"> <span class="xforms_input" style="width:88px;font-size:10pt;text-align:right;">200</span> </td> 
       <td width="84"> <span class="xforms_input" style="width:84px;font-size:10pt;text-align:right;">9,513</span> </td> 
       <td width="81"> <span class="xforms_input" style="width:81px;font-size:10pt;text-align:right;">1,046</span> </td> 
      </tr> 
      <tr> 
       <td width="92"> <span style="width:92px;font-size:10pt;text-align:center;">전전년도</span> </td> 
       <td width="85"> <span class="xforms_input" style="width:85px;font-size:10pt;text-align:right;">39,444</span> </td> 
       <td width="87"> <span class="xforms_input" style="width:87px;font-size:10pt;text-align:right;">1,529</span> </td> 
       <td width="84"> <span class="xforms_input" style="width:84px;font-size:10pt;text-align:right;">37,915</span> </td> 
       <td width="88"> <span class="xforms_input" style="width:88px;font-size:10pt;text-align:right;">200</span> </td> 
       <td width="84"> <span class="xforms_input" style="width:84px;font-size:10pt;text-align:right;">2,734</span> </td> 
       <td width="81"> <span class="xforms_input" style="width:81px;font-size:10pt;text-align:right;">2,734</span> </td> 
      </tr> 
     </tbody> 
    </table> 
    <span style="width:600px;font-size:11pt;font-weight:bold;">[종속회사에 관한 사항]</span> 
    <table border="1" bordercolordark="white" bordercolorlight="#666666" cellpadding="1" cellspacing="0" id="XFormD6_Form0_Table3" style="margin:0px 0px 20px 0px;width:600px;font-size:10pt;border:1px solid #7f7f7f;"> 
     <tbody> 
      <tr> 
       <td width="237"> <span style="width:237px;font-size:10pt;">종속회사명</span> </td> 
       <td width="155"> <span class="xforms_input" style="width:155px;font-size:10pt;">어매이징홀딩스 주식회사</span> </td> 
       <td width="46"> <span style="width:46px;font-size:10pt;">영문</span> </td> 
       <td width="162"> <span class="xforms_input" style="width:162px;font-size:10pt;">Amazing Holdings Co., Ltd.</span> </td> 
      </tr> 
      <tr> 
       <td width="237"> <span style="width:237px;font-size:10pt;">
         <!--?javax.xml.transform.disable-output-escaping?--> 
         <!--?javax.xml.transform.enable-output-escaping?-->- 대표자</span> </td> 
       <td colspan="3" width="363"> <span class="xforms_input" style="width:363px;font-size:10pt;">박성재</span> </td> 
      </tr> 
      <tr> 
       <td width="237"> <span style="width:237px;font-size:10pt;">
         <!--?javax.xml.transform.disable-output-escaping?--> 
         <!--?javax.xml.transform.enable-output-escaping?-->- 주요사업</span> </td> 
       <td colspan="3" width="363"> <span class="xforms_input" style="width:363px;font-size:10pt;">지주사업, 반도체 관련 제조·개발업</span> </td> 
      </tr> 
      <tr> 
       <td width="237"> <span style="width:237px;font-size:10pt;">
         <!--?javax.xml.transform.disable-output-escaping?--> 
         <!--?javax.xml.transform.enable-output-escaping?-->- 주요종속회사 여부</span> </td> 
       <td colspan="3" width="363"> <span class="xforms_input" style="width:363px;font-size:10pt;">미해당</span> </td> 
      </tr> 
      <tr> 
       <td width="237"> <span style="width:237px;font-size:10pt;">종속회사의 자산총액(원)</span> </td> 
       <td colspan="3" width="363"> <span class="xforms_input" style="width:363px;font-size:10pt;text-align:right;">-</span> </td> 
      </tr> 
      <tr> 
       <td width="237"> <span style="width:237px;font-size:10pt;">지배회사의 연결 자산총액(원)</span> </td> 
       <td colspan="3" width="363"> <span class="xforms_input" style="width:363px;font-size:10pt;text-align:right;">367,331,808,054</span> </td> 
      </tr> 
      <tr> 
       <td width="237"> <span style="width:237px;font-size:10pt;">지배회사의 연결 자산총액 대비(%)</span> </td> 
       <td colspan="3" width="363"> <span class="xforms_input" style="width:363px;font-size:10pt;text-align:right;">-</span> </td> 
      </tr> 
     </tbody> 
    </table> 
    <span class="noprint" style="display:none;width:600px;font-size:10pt;"> </span> 
    <span class="noprint" style="display:none;width:600px;font-size:10pt;"> </span> 
   </div> 
  </div>  
 </body>
</html>