<?xml version="1.0" encoding="utf-8"?>


<DOCUMENT xmlns:xsi="http://www.w3.org/2001/XMLSchema-instance" xsi:noNamespaceSchemaLocation="dart4.xsd">

<DOCUMENT-NAME ACODE="10800">증권발행실적보고서</DOCUMENT-NAME>
<FORMULA-VERSION SUBVER="1" ADATE="20230828">6.0</FORMULA-VERSION>
<COMPANY-NAME AREGCIK="00296290">키움증권</COMPANY-NAME>


<BODY ATOCID="10">

<COVER>
<COVER-TITLE ATOC="Y" AASSOCNOTE="COVER" ATOCID="1" ENG="Post-Issuance Report">증권발행실적보고서</COVER-TITLE>

<TABLE ACLASS="NORMAL" AFIXTABLE="N" WIDTH="600" BORDER="0">

<COLGROUP WIDTH="600">
<COL WIDTH="161"></COL>
<COL WIDTH="439"></COL>
</COLGROUP>

<TBODY>

<TR ACOPY="Y" ADELETE="Y" HEIGHT="53">
<TD CLASS="NORMAL" COLSPAN="2" WIDTH="591" HEIGHT="46"></TD>
</TR>

<TR ACOPY="Y" ADELETE="Y" HEIGHT="30">
<TD CLASS="NORMAL" WIDTH="152" HEIGHT="23">금융감독원장 귀하</TD>
<TD CLASS="NORMAL" ALIGN="RIGHT" WIDTH="430" HEIGHT="23">2026년 01월 05일</TD>
</TR>

<TR ACOPY="Y" ADELETE="Y" HEIGHT="53">
<TD CLASS="NORMAL" WIDTH="152" HEIGHT="46"></TD>
<TD CLASS="NORMAL" WIDTH="430" HEIGHT="46"></TD>
</TR>

<TR ACOPY="Y" ADELETE="Y" HEIGHT="53">
<TD CLASS="NORMAL" WIDTH="152" HEIGHT="46">회       사       명 :</TD>
<TD CLASS="NORMAL" WIDTH="430" HEIGHT="46">키움증권 주식회사</TD>
</TR>

<TR ACOPY="Y" ADELETE="Y" HEIGHT="53">
<TD CLASS="NORMAL" WIDTH="152" HEIGHT="46">대   표     이   사 :</TD>
<TD CLASS="NORMAL" WIDTH="430" HEIGHT="46">엄주성</TD>
</TR>

<TR ACOPY="Y" ADELETE="Y" HEIGHT="30">
<TD CLASS="NORMAL" WIDTH="152" HEIGHT="23">본  점  소  재  지 :</TD>
<TD CLASS="NORMAL" WIDTH="430" HEIGHT="23">서울시 영등포구 의사당대로 96</TD>
</TR>

<TR ACOPY="Y" ADELETE="Y" HEIGHT="30">
<TD CLASS="NORMAL" WIDTH="152" HEIGHT="23"></TD>
<TD CLASS="NORMAL" WIDTH="430" HEIGHT="23">(전  화) 02-3787-5000</TD>
</TR>

<TR ACOPY="Y" ADELETE="Y" HEIGHT="30">
<TD CLASS="NORMAL" WIDTH="152" HEIGHT="23"></TD>
<TD CLASS="NORMAL" WIDTH="430" HEIGHT="23">(홈페이지)http://www.kiwoom.com</TD>
</TR>

<TR ACOPY="Y" ADELETE="Y" HEIGHT="30">
<TD CLASS="NORMAL" WIDTH="152" HEIGHT="23"></TD>
<TD CLASS="NORMAL" WIDTH="430" HEIGHT="23"></TD>
</TR>

<TR ACOPY="Y" ADELETE="Y" HEIGHT="53">
<TD CLASS="NORMAL" WIDTH="152" HEIGHT="46">작  성  책  임  자 :</TD>
<TD CLASS="NORMAL" WIDTH="430" HEIGHT="46">(직  책)S&T Solution부문 담당 임원 (성  명)김대욱</TD>
</TR>

<TR ACOPY="Y" ADELETE="Y" HEIGHT="30">
<TD CLASS="NORMAL" WIDTH="152" HEIGHT="23"></TD>
<TD CLASS="NORMAL" WIDTH="430" HEIGHT="23">(전  화)02-3787-5094</TD>
</TR>

<TR ACOPY="Y" ADELETE="Y" HEIGHT="53">
<TD CLASS="NORMAL" WIDTH="152" HEIGHT="46"></TD>
<TD CLASS="NORMAL" WIDTH="430" HEIGHT="46"></TD>
</TR>
</TBODY>
</TABLE>
</COVER>

<SECTION-1 ACLASS="MANDATORY" APARTSOURCE="SOURCE">

<LIBRARY>
<SECTION-2 ACLASS="MANDATORY">
<TITLE ATOC="Y" AASSOCNOTE="L-0-0-1-0" ATOCID="2" ENG="Ⅰ. Subscription and Allotment">Ⅰ. 청약 및 배정에 관한 사항</TITLE>

<SECTION-3 ACLASS="MANDATORY">
<TITLE ATOC="Y" ATOCID="3" ENG="1. Subscription and payment schedule">1. 청약 및 납입일정</TITLE>

<TABLE-GROUP ACLASS="SB_DT_DV" ADELETETABLE="N">

<TABLE ACLASS="EXTRACTION" AFIXTABLE="N" WIDTH="600" BORDER="1">

<COLGROUP WIDTH="600">
<COL WIDTH="150"></COL>
<COL WIDTH="150"></COL>
<COL WIDTH="150"></COL>
<COL WIDTH="150"></COL>
</COLGROUP>

<THEAD>

<TR ACOPY="N" ADELETE="N" HEIGHT="30">
<TH VALIGN="MIDDLE" WIDTH="141" HEIGHT="23" ACOPYCOL="N" ADELETECOL="N" AMOVECOL="N" AUPDATECONT="N" ENG="Type of securities">증권의 종류</TH>
<TH VALIGN="MIDDLE" WIDTH="141" HEIGHT="23" ACOPYCOL="N" ADELETECOL="N" AMOVECOL="N" AUPDATECONT="N" ENG="Subscription start date">청약 개시일</TH>
<TH VALIGN="MIDDLE" WIDTH="141" HEIGHT="23" ACOPYCOL="N" ADELETECOL="N" AMOVECOL="N" AUPDATECONT="N" ENG="Subscription closing date">청약 종료일</TH>
<TH VALIGN="MIDDLE" WIDTH="141" HEIGHT="23" ACOPYCOL="N" ADELETECOL="N" AMOVECOL="N" AUPDATECONT="N" ENG="Payment date">납입일</TH>
</TR>
</THEAD>

<TBODY>

<TR ACOPY="Y" ADELETE="N" HEIGHT="53">
<TU ALIGN="CENTER" VALIGN="MIDDLE" WIDTH="141" HEIGHT="46" AUNIT="STK_KND" AUNITVALUE="4" ENG="Equity-linked bonds">주가연계파생결합사채</TU>
<TU ALIGN="CENTER" VALIGN="MIDDLE" WIDTH="141" HEIGHT="46" AUNIT="SB_STR_DT" AUNITVALUE="20260105">2026.01.05</TU>
<TU ALIGN="CENTER" VALIGN="MIDDLE" WIDTH="141" HEIGHT="46" AUNIT="SB_END_DT" AUNITVALUE="20260105">2026.01.05</TU>
<TU ALIGN="CENTER" VALIGN="MIDDLE" WIDTH="141" HEIGHT="46" AUNIT="PYM_DT" AUNITVALUE="20260105">2026.01.05</TU>
</TR>
</TBODY>
</TABLE>
</TABLE-GROUP>
<P></P>
<P></P>
</SECTION-3>

<SECTION-3 ACLASS="MANDATORY">
<TITLE ATOC="Y" ATOCID="4" ENG="2. Underwriting amount by underwriting institution">2. 인수기관별 인수금액</TITLE>

<TABLE-GROUP ACLASS="ACC_AMT_DV" ADELETETABLE="N">

<TABLE ACLASS="EXTRACTION" AFIXTABLE="Y" WIDTH="600" BORDER="0">

<COLGROUP WIDTH="600">
<COL WIDTH="300"></COL>
<COL WIDTH="300"></COL>
</COLGROUP>

<TBODY>

<TR ACOPY="N" ADELETE="N" HEIGHT="30">
<TD VALIGN="BOTTOM" WIDTH="291" HEIGHT="23"></TD>
<TU ALIGN="RIGHT" VALIGN="BOTTOM" WIDTH="291" HEIGHT="23" AUNIT="WON" AUNITVALUE="1" ENG="(Unit: KRW)">(단위 : 원)</TU>
</TR>
</TBODY>
</TABLE>

<TABLE ACLASS="EXTRACTION" AFIXTABLE="N" WIDTH="600" BORDER="1">

<COLGROUP WIDTH="600">
<COL WIDTH="148"></COL>
<COL WIDTH="147"></COL>
<COL WIDTH="191"></COL>
<COL WIDTH="114"></COL>
</COLGROUP>

<THEAD>

<TR ACOPY="N" ADELETE="N" HEIGHT="30">
<TH VALIGN="MIDDLE" WIDTH="139" HEIGHT="23" ACOPYCOL="N" ADELETECOL="N" AMOVECOL="N" AUPDATECONT="N" ENG="Underwriting institution">인수기관</TH>
<TH VALIGN="MIDDLE" WIDTH="138" HEIGHT="23" ACOPYCOL="N" ADELETECOL="N" AMOVECOL="N" AUPDATECONT="N" ENG="Ordinal">회 차</TH>
<TH VALIGN="MIDDLE" WIDTH="182" HEIGHT="23" ACOPYCOL="N" ADELETECOL="N" AMOVECOL="N" AUPDATECONT="N" ENG="Underwriting amount">인수금액</TH>
<TH VALIGN="MIDDLE" WIDTH="105" HEIGHT="23" ACOPYCOL="N" ADELETECOL="N" AMOVECOL="N" AUPDATECONT="N" ENG="Ratio">비 율</TH>
</TR>
</THEAD>

<TBODY>

<TR ACOPY="Y" ADELETE="N" HEIGHT="30">
<TE ALIGN="CENTER" VALIGN="MIDDLE" WIDTH="139" HEIGHT="23" ACODE="ACC_ORG">-</TE>
<TE ALIGN="CENTER" VALIGN="MIDDLE" WIDTH="138" HEIGHT="23" ACODE="SEQ_NO2">-</TE>
<TE ALIGN="CENTER" VALIGN="MIDDLE" WIDTH="182" HEIGHT="23" ACODE="ACC_AMT">-</TE>
<TE ALIGN="CENTER" VALIGN="MIDDLE" WIDTH="105" HEIGHT="23" ACODE="ACC_RT">-</TE>
</TR>
</TBODY>
</TABLE>
</TABLE-GROUP>
<P>본 증권은 발행회사의 직접모집이므로 인수행위가 없습니다.</P>
<P></P>
</SECTION-3>

<SECTION-3 ACLASS="MANDATORY">
<TITLE ATOC="Y" ATOCID="5" ENG="3. Subscription and allotment status">3. 청약 및 배정현황</TITLE>

<TABLE-GROUP ACLASS="DST_CD_DV" ADELETETABLE="N">

<TABLE ACLASS="EXTRACTION" AFIXTABLE="Y" WIDTH="747" BORDER="0">

<COLGROUP WIDTH="747">
<COL WIDTH="602"></COL>
<COL WIDTH="145"></COL>
</COLGROUP>

<TBODY>

<TR ACOPY="Y" ADELETE="Y" HEIGHT="30">
<TD WIDTH="593" HEIGHT="23"></TD>
<TU ALIGN="RIGHT" WIDTH="136" HEIGHT="23" AUNIT="WONSTOCKPERCENT" AUNITVALUE="1" ENG="(Unit: KRW, shares, %)">(단위 : 원, 주, %)</TU>
</TR>
</TBODY>
</TABLE>

<TABLE ACLASS="EXTRACTION" AFIXTABLE="N" WIDTH="747" BORDER="1">

<COLGROUP WIDTH="747">
<COL WIDTH="70"></COL>
<COL WIDTH="146"></COL>
<COL WIDTH="61"></COL>
<COL WIDTH="144"></COL>
<COL WIDTH="59"></COL>
<COL WIDTH="64"></COL>
<COL WIDTH="145"></COL>
<COL WIDTH="58"></COL>
</COLGROUP>

<THEAD>

<TR ACOPY="N" ADELETE="N" HEIGHT="30">
<TH ROWSPAN="2" VALIGN="MIDDLE" WIDTH="61" HEIGHT="53" ACOPYCOL="N" ADELETECOL="N" AMOVECOL="N" AUPDATECONT="N" ENG="Ordinal">회 차</TH>
<TH VALIGN="MIDDLE" WIDTH="137" HEIGHT="53" ACOPYCOL="N" ADELETECOL="N" AMOVECOL="N" AUPDATECONT="N" ROWSPAN="2" ENG="Total amount of offering">모집 총액</TH>
<TH COLSPAN="3" VALIGN="MIDDLE" WIDTH="255" HEIGHT="23" ACOPYCOL="N" ADELETECOL="N" AMOVECOL="N" AUPDATECONT="N" ENG="Subscription status">청약현황</TH>
<TH COLSPAN="3" VALIGN="MIDDLE" WIDTH="258" HEIGHT="23" ACOPYCOL="N" ADELETECOL="N" AMOVECOL="N" AUPDATECONT="N" ENG="Final allotment status">최종배정현황</TH>
</TR>

<TR ACOPY="N" ADELETE="N" HEIGHT="30">
<TH VALIGN="MIDDLE" WIDTH="52" HEIGHT="23" ACOPYCOL="N" ADELETECOL="N" AMOVECOL="N" AUPDATECONT="N" ENG="Number of cases">건수</TH>
<TH VALIGN="MIDDLE" WIDTH="135" HEIGHT="23" ACOPYCOL="N" ADELETECOL="N" AMOVECOL="N" AUPDATECONT="N" ENG="Amount">금액</TH>
<TH VALIGN="MIDDLE" WIDTH="50" HEIGHT="23" ACOPYCOL="N" ADELETECOL="N" AMOVECOL="N" AUPDATECONT="N" ENG="Ratio">비율</TH>
<TH VALIGN="MIDDLE" WIDTH="55" HEIGHT="23" ACOPYCOL="N" ADELETECOL="N" AMOVECOL="N" AUPDATECONT="N" ENG="Number of cases">건수</TH>
<TH VALIGN="MIDDLE" WIDTH="136" HEIGHT="23" ACOPYCOL="N" ADELETECOL="N" AMOVECOL="N" AUPDATECONT="N" ENG="Amount">금액</TH>
<TH VALIGN="MIDDLE" WIDTH="49" HEIGHT="23" ACOPYCOL="N" ADELETECOL="N" AMOVECOL="N" AUPDATECONT="N" ENG="Ratio">비율</TH>
</TR>
</THEAD>

<TBODY>

<TR ACOPY="Y" ADELETE="N" HEIGHT="30">
<TE ALIGN="CENTER" WIDTH="61" HEIGHT="23" ACODE="SEQ_NO2">ELB1034</TE>
<TE ALIGN="RIGHT" WIDTH="137" HEIGHT="23" ACODE="TOT_RET_AMT" VALIGN="MIDDLE">9,950,000,000</TE>
<TE ALIGN="RIGHT" WIDTH="52" HEIGHT="23" ACODE="SB_CNT" VALIGN="MIDDLE">1</TE>
<TE ALIGN="RIGHT" WIDTH="135" HEIGHT="23" ACODE="SB_AMT" VALIGN="MIDDLE">3,140,220,000</TE>
<TE ALIGN="RIGHT" WIDTH="50" HEIGHT="23" ACODE="SB_RT" VALIGN="MIDDLE">31.56</TE>
<TE ALIGN="RIGHT" WIDTH="55" HEIGHT="23" ACODE="DV_CNT" VALIGN="MIDDLE">1</TE>
<TE ALIGN="RIGHT" WIDTH="136" HEIGHT="23" ACODE="DV_AMT" VALIGN="MIDDLE">3,140,220,000</TE>
<TE ALIGN="RIGHT" WIDTH="49" HEIGHT="23" ACODE="DV_RT" VALIGN="MIDDLE">31.56</TE>
</TR>

<TR ACOPY="Y" ADELETE="N" HEIGHT="30">
<TE ALIGN="CENTER" WIDTH="61" HEIGHT="23" ACODE="SEQ_NO2">ELB1035</TE>
<TE ALIGN="RIGHT" WIDTH="137" HEIGHT="23" ACODE="TOT_RET_AMT" VALIGN="MIDDLE">9,950,000,000</TE>
<TE ALIGN="RIGHT" WIDTH="52" HEIGHT="23" ACODE="SB_CNT" VALIGN="MIDDLE">1</TE>
<TE ALIGN="RIGHT" WIDTH="135" HEIGHT="23" ACODE="SB_AMT" VALIGN="MIDDLE">1,626,825,000</TE>
<TE ALIGN="RIGHT" WIDTH="50" HEIGHT="23" ACODE="SB_RT" VALIGN="MIDDLE">16.35</TE>
<TE ALIGN="RIGHT" WIDTH="55" HEIGHT="23" ACODE="DV_CNT" VALIGN="MIDDLE">1</TE>
<TE ALIGN="RIGHT" WIDTH="136" HEIGHT="23" ACODE="DV_AMT" VALIGN="MIDDLE">1,626,825,000</TE>
<TE ALIGN="RIGHT" WIDTH="49" HEIGHT="23" ACODE="DV_RT" VALIGN="MIDDLE">16.35</TE>
</TR>

<TR ACOPY="Y" ADELETE="N" HEIGHT="30">
<TE ALIGN="CENTER" WIDTH="61" HEIGHT="23" ACODE="SEQ_NO2">ELB1036</TE>
<TE ALIGN="RIGHT" WIDTH="137" HEIGHT="23" ACODE="TOT_RET_AMT" VALIGN="MIDDLE">9,950,000,000</TE>
<TE ALIGN="RIGHT" WIDTH="52" HEIGHT="23" ACODE="SB_CNT" VALIGN="MIDDLE">1</TE>
<TE ALIGN="RIGHT" WIDTH="135" HEIGHT="23" ACODE="SB_AMT" VALIGN="MIDDLE">846,546,000</TE>
<TE ALIGN="RIGHT" WIDTH="50" HEIGHT="23" ACODE="SB_RT" VALIGN="MIDDLE">8.51</TE>
<TE ALIGN="RIGHT" WIDTH="55" HEIGHT="23" ACODE="DV_CNT" VALIGN="MIDDLE">1</TE>
<TE ALIGN="RIGHT" WIDTH="136" HEIGHT="23" ACODE="DV_AMT" VALIGN="MIDDLE">846,546,000</TE>
<TE ALIGN="RIGHT" WIDTH="49" HEIGHT="23" ACODE="DV_RT" VALIGN="MIDDLE">8.51</TE>
</TR>
</TBODY>
</TABLE>
</TABLE-GROUP>
<P></P>
</SECTION-3>

<SECTION-3 ACLASS="MANDATORY">
<TITLE ATOC="Y" ATOCID="6" ENG="4. Allotment method">4. 배정방법</TITLE>
<P>다음 각호의 방식으로 처리합니다.(i) 공모결과 총 청약금액이 모집금액의 100% 이상인 경우 청약금액에 비례하여 안분배정합니다(1주 미만 절사). 그러한 배정에 따른 후에 남게 되는 잔여수량에 대해서는 배정을 하지 아니함으로써 미발행으로 처리합니다.(ii) 공모결과 총 청약금액이 모집금액의 100%에 미달하는 경우 미달분은 미납처리하여 부분납입으로 종결합니다.</P>
</SECTION-3>
</SECTION-2>

<SECTION-2 ACLASS="MANDATORY">
<TITLE ATOC="Y" AASSOCNOTE="L-0-0-3-0" ATOCID="7" ENG="Ⅱ. Date of Securities Delivery, etc.">Ⅱ. 증권교부일 등</TITLE>
<P>1) 증권교부일 : 해당사항 없음 (본 증권은 주식·사채 등의 전자등록에 관한 법률에 따라 전자등록기관인 한국예탁결제원을 통하여 전자등록하여 발행하고, 실물을 발행하지 않습니다. 본 증권의 보유자는 전자등록기관의 계좌관리기관등 자기계좌부 또는 계좌관리기관의 고객계좌부에의 전자등록을 통하여 본 증권을 보유합니다.)2) 상장일 : 해당사항 없음(본 증권은 상장하지 않습니다.)3) 증자등기일 : 해당사항 없음</P>
</SECTION-2>

<SECTION-2 ACLASS="MANDATORY">
<TITLE ATOC="Y" AASSOCNOTE="L-0-0-4-0" ATOCID="8" ENG="Ⅲ. Disclosure Implementation Status">Ⅲ. 공시 이행상황</TITLE>
<P></P>
<P>가. 청약공고키움증권의 본, 지점 및 홈페이지(http://www.kiwoom.com)</P>
<P>나. 배정공고전자문서 : 금융위(금감원) 전자공시시스템 → http://dart.fss.or.kr</P>
<P>다. 증권신고서(일괄신고 추가서류 포함) 공시전자문서 : 금융위(금감원) 전자공시시스템 → http://dart.fss.or.kr</P>
<P>라. 투자설명서 공시전자문서 : 금융위(금감원) 전자공시시스템 → http://dart.fss.or.kr</P>
</SECTION-2>

<SECTION-2 ACLASS="MANDATORY">
<TITLE ATOC="Y" AASSOCNOTE="L-0-0-5-0" ATOCID="9" ENG="Ⅳ. Details of Use of Procured Funds">Ⅳ. 조달된 자금의 사용내역</TITLE>
<P></P>
<P USERMARK="F-GL ">가. 자금조달내역</P>

<TABLE ACLASS="NORMAL" AFIXTABLE="N" WIDTH="624" BORDER="0">

<COLGROUP WIDTH="624">
<COL WIDTH="512"></COL>
<COL WIDTH="112"></COL>
</COLGROUP>

<TBODY>

<TR ACOPY="Y" ADELETE="Y" HEIGHT="31">
<TD WIDTH="503" HEIGHT="24" USERMARK="F-12 ">[종목명 : 키움증권 제1034회 파생결합사채](주가연계파생결합사채)]</TD>
<TD ALIGN="RIGHT" VALIGN="BOTTOM" WIDTH="103" HEIGHT="24" USERMARK="F-12 ">(단위 : 원)</TD>
</TR>
</TBODY>
</TABLE>

<TABLE BORDER="1" WIDTH="683" ACLASS="NORMAL" AFIXTABLE="N">

<COLGROUP WIDTH="683">
<COL WIDTH="75"></COL>
<COL WIDTH="122"></COL>
<COL WIDTH="81"></COL>
<COL WIDTH="94"></COL>
<COL WIDTH="127"></COL>
<COL WIDTH="127"></COL>
<COL WIDTH="57"></COL>
</COLGROUP>

<TBODY>

<TR ACOPY="Y" ADELETE="Y" HEIGHT="30">
<TD ROWSPAN="3" WIDTH="66" HEIGHT="83" VALIGN="MIDDLE" ALIGN="CENTER">구  분</TD>
<TD WIDTH="113" HEIGHT="83" ROWSPAN="3" VALIGN="MIDDLE" ALIGN="CENTER">신고서상발행예정총액</TD>
<TD COLSPAN="3" WIDTH="293" HEIGHT="23" VALIGN="MIDDLE" ALIGN="CENTER">실제 자금조달총액</TD>
<TD WIDTH="118" HEIGHT="83" ROWSPAN="3" VALIGN="MIDDLE" ALIGN="CENTER">확정권면총액</TD>
<TD ROWSPAN="3" WIDTH="48" HEIGHT="83" VALIGN="MIDDLE" ALIGN="CENTER">비고</TD>
</TR>

<TR ACOPY="Y" ADELETE="Y" HEIGHT="30">
<TD WIDTH="72" HEIGHT="23" VALIGN="MIDDLE" ALIGN="CENTER">발행가액</TD>
<TD WIDTH="85" HEIGHT="23" VALIGN="MIDDLE" ALIGN="CENTER">수량</TD>
<TD WIDTH="118" HEIGHT="23" VALIGN="MIDDLE" ALIGN="CENTER">발행총액</TD>
</TR>

<TR ACOPY="Y" ADELETE="Y" HEIGHT="30">
<TD WIDTH="72" HEIGHT="23" VALIGN="MIDDLE" ALIGN="CENTER">(A)</TD>
<TD WIDTH="85" HEIGHT="23" VALIGN="MIDDLE" ALIGN="CENTER">(B)</TD>
<TD WIDTH="118" HEIGHT="23" VALIGN="MIDDLE" ALIGN="CENTER">(A×B)</TD>
</TR>

<TR ACOPY="Y" ADELETE="Y" HEIGHT="31">
<TD WIDTH="66" HEIGHT="24">모  집(a)</TD>
<TD WIDTH="113" HEIGHT="24" ALIGN="RIGHT">9,950,000,000</TD>
<TD WIDTH="72" HEIGHT="24" ALIGN="RIGHT">9,950</TD>
<TD WIDTH="85" HEIGHT="24" ALIGN="RIGHT">315,600</TD>
<TD WIDTH="118" HEIGHT="24" ALIGN="RIGHT">3,140,220,000</TD>
<TD WIDTH="118" HEIGHT="24" ALIGN="RIGHT">3,140,220,000</TD>
<TD WIDTH="48" HEIGHT="24" ALIGN="RIGHT">-</TD>
</TR>

<TR ACOPY="Y" ADELETE="Y" HEIGHT="30">
<TD WIDTH="66" HEIGHT="23">매  출(b)</TD>
<TD WIDTH="113" HEIGHT="23" ALIGN="RIGHT"> - </TD>
<TD WIDTH="72" HEIGHT="23" ALIGN="RIGHT"> - </TD>
<TD WIDTH="85" HEIGHT="23" ALIGN="RIGHT"> - </TD>
<TD WIDTH="118" HEIGHT="23" ALIGN="RIGHT"> - </TD>
<TD WIDTH="118" HEIGHT="23" ALIGN="RIGHT"> - </TD>
<TD WIDTH="48" HEIGHT="23" ALIGN="RIGHT"> - </TD>
</TR>

<TR ACOPY="Y" ADELETE="Y" HEIGHT="30">
<TD WIDTH="66" HEIGHT="23">총계(a+b)</TD>
<TD WIDTH="113" HEIGHT="23" ALIGN="RIGHT">9,950,000,000</TD>
<TD WIDTH="72" HEIGHT="23" ALIGN="RIGHT">9,950</TD>
<TD WIDTH="85" HEIGHT="23" ALIGN="RIGHT">315,600</TD>
<TD WIDTH="118" HEIGHT="23" ALIGN="RIGHT">3,140,220,000</TD>
<TD WIDTH="118" HEIGHT="23" ALIGN="RIGHT">3,140,220,000</TD>
<TD WIDTH="48" HEIGHT="23" ALIGN="RIGHT">-</TD>
</TR>
</TBODY>
</TABLE>
<P></P>

<TABLE ACLASS="NORMAL" AFIXTABLE="N" WIDTH="624" BORDER="0">

<COLGROUP WIDTH="624">
<COL WIDTH="512"></COL>
<COL WIDTH="112"></COL>
</COLGROUP>

<TBODY>

<TR ACOPY="Y" ADELETE="Y" HEIGHT="31">
<TD WIDTH="503" HEIGHT="24" USERMARK="F-12 ">[종목명 : 키움증권 제1035회 파생결합사채](주가연계파생결합사채)]</TD>
<TD ALIGN="RIGHT" VALIGN="BOTTOM" WIDTH="103" HEIGHT="24" USERMARK="F-12 ">(단위 : 원)</TD>
</TR>
</TBODY>
</TABLE>

<TABLE BORDER="1" WIDTH="683" ACLASS="NORMAL" AFIXTABLE="N">

<COLGROUP WIDTH="683">
<COL WIDTH="75"></COL>
<COL WIDTH="122"></COL>
<COL WIDTH="81"></COL>
<COL WIDTH="94"></COL>
<COL WIDTH="127"></COL>
<COL WIDTH="127"></COL>
<COL WIDTH="57"></COL>
</COLGROUP>

<TBODY>

<TR ACOPY="Y" ADELETE="Y" HEIGHT="30">
<TD ROWSPAN="3" WIDTH="66" HEIGHT="83" VALIGN="MIDDLE" ALIGN="CENTER">구  분</TD>
<TD WIDTH="113" HEIGHT="83" ROWSPAN="3" VALIGN="MIDDLE" ALIGN="CENTER">신고서상발행예정총액</TD>
<TD COLSPAN="3" WIDTH="293" HEIGHT="23" VALIGN="MIDDLE" ALIGN="CENTER">실제 자금조달총액</TD>
<TD WIDTH="118" HEIGHT="83" ROWSPAN="3" VALIGN="MIDDLE" ALIGN="CENTER">확정권면총액</TD>
<TD ROWSPAN="3" WIDTH="48" HEIGHT="83" VALIGN="MIDDLE" ALIGN="CENTER">비고</TD>
</TR>

<TR ACOPY="Y" ADELETE="Y" HEIGHT="30">
<TD WIDTH="72" HEIGHT="23" VALIGN="MIDDLE" ALIGN="CENTER">발행가액</TD>
<TD WIDTH="85" HEIGHT="23" VALIGN="MIDDLE" ALIGN="CENTER">수량</TD>
<TD WIDTH="118" HEIGHT="23" VALIGN="MIDDLE" ALIGN="CENTER">발행총액</TD>
</TR>

<TR ACOPY="Y" ADELETE="Y" HEIGHT="30">
<TD WIDTH="72" HEIGHT="23" VALIGN="MIDDLE" ALIGN="CENTER">(A)</TD>
<TD WIDTH="85" HEIGHT="23" VALIGN="MIDDLE" ALIGN="CENTER">(B)</TD>
<TD WIDTH="118" HEIGHT="23" VALIGN="MIDDLE" ALIGN="CENTER">(A×B)</TD>
</TR>

<TR ACOPY="Y" ADELETE="Y" HEIGHT="31">
<TD WIDTH="66" HEIGHT="24">모  집(a)</TD>
<TD WIDTH="113" HEIGHT="24" ALIGN="RIGHT">9,950,000,000</TD>
<TD WIDTH="72" HEIGHT="24" ALIGN="RIGHT">9,950</TD>
<TD WIDTH="85" HEIGHT="24" ALIGN="RIGHT">163,500</TD>
<TD WIDTH="118" HEIGHT="24" ALIGN="RIGHT">1,626,825,000</TD>
<TD WIDTH="118" HEIGHT="24" ALIGN="RIGHT">1,626,825,000</TD>
<TD WIDTH="48" HEIGHT="24" ALIGN="RIGHT">-</TD>
</TR>

<TR ACOPY="Y" ADELETE="Y" HEIGHT="30">
<TD WIDTH="66" HEIGHT="23">매  출(b)</TD>
<TD WIDTH="113" HEIGHT="23" ALIGN="RIGHT"> - </TD>
<TD WIDTH="72" HEIGHT="23" ALIGN="RIGHT"> - </TD>
<TD WIDTH="85" HEIGHT="23" ALIGN="RIGHT"> - </TD>
<TD WIDTH="118" HEIGHT="23" ALIGN="RIGHT"> - </TD>
<TD WIDTH="118" HEIGHT="23" ALIGN="RIGHT"> - </TD>
<TD WIDTH="48" HEIGHT="23" ALIGN="RIGHT"> - </TD>
</TR>

<TR ACOPY="Y" ADELETE="Y" HEIGHT="30">
<TD WIDTH="66" HEIGHT="23">총계(a+b)</TD>
<TD WIDTH="113" HEIGHT="23" ALIGN="RIGHT">9,950,000,000</TD>
<TD WIDTH="72" HEIGHT="23" ALIGN="RIGHT">9,950</TD>
<TD WIDTH="85" HEIGHT="23" ALIGN="RIGHT">163,500</TD>
<TD WIDTH="118" HEIGHT="23" ALIGN="RIGHT">1,626,825,000</TD>
<TD WIDTH="118" HEIGHT="23" ALIGN="RIGHT">1,626,825,000</TD>
<TD WIDTH="48" HEIGHT="23" ALIGN="RIGHT">-</TD>
</TR>
</TBODY>
</TABLE>
<P></P>

<TABLE ACLASS="NORMAL" AFIXTABLE="N" WIDTH="624" BORDER="0">

<COLGROUP WIDTH="624">
<COL WIDTH="512"></COL>
<COL WIDTH="112"></COL>
</COLGROUP>

<TBODY>

<TR ACOPY="Y" ADELETE="Y" HEIGHT="31">
<TD WIDTH="503" HEIGHT="24" USERMARK="F-12 ">[종목명 : 키움증권 제1036회 파생결합사채](주가연계파생결합사채)]</TD>
<TD ALIGN="RIGHT" VALIGN="BOTTOM" WIDTH="103" HEIGHT="24" USERMARK="F-12 ">(단위 : 원)</TD>
</TR>
</TBODY>
</TABLE>

<TABLE BORDER="1" WIDTH="683" ACLASS="NORMAL" AFIXTABLE="N">

<COLGROUP WIDTH="683">
<COL WIDTH="75"></COL>
<COL WIDTH="122"></COL>
<COL WIDTH="81"></COL>
<COL WIDTH="94"></COL>
<COL WIDTH="127"></COL>
<COL WIDTH="127"></COL>
<COL WIDTH="57"></COL>
</COLGROUP>

<TBODY>

<TR ACOPY="Y" ADELETE="Y" HEIGHT="30">
<TD ROWSPAN="3" WIDTH="66" HEIGHT="83" VALIGN="MIDDLE" ALIGN="CENTER">구  분</TD>
<TD WIDTH="113" HEIGHT="83" ROWSPAN="3" VALIGN="MIDDLE" ALIGN="CENTER">신고서상발행예정총액</TD>
<TD COLSPAN="3" WIDTH="293" HEIGHT="23" VALIGN="MIDDLE" ALIGN="CENTER">실제 자금조달총액</TD>
<TD WIDTH="118" HEIGHT="83" ROWSPAN="3" VALIGN="MIDDLE" ALIGN="CENTER">확정권면총액</TD>
<TD ROWSPAN="3" WIDTH="48" HEIGHT="83" VALIGN="MIDDLE" ALIGN="CENTER">비고</TD>
</TR>

<TR ACOPY="Y" ADELETE="Y" HEIGHT="30">
<TD WIDTH="72" HEIGHT="23" VALIGN="MIDDLE" ALIGN="CENTER">발행가액</TD>
<TD WIDTH="85" HEIGHT="23" VALIGN="MIDDLE" ALIGN="CENTER">수량</TD>
<TD WIDTH="118" HEIGHT="23" VALIGN="MIDDLE" ALIGN="CENTER">발행총액</TD>
</TR>

<TR ACOPY="Y" ADELETE="Y" HEIGHT="30">
<TD WIDTH="72" HEIGHT="23" VALIGN="MIDDLE" ALIGN="CENTER">(A)</TD>
<TD WIDTH="85" HEIGHT="23" VALIGN="MIDDLE" ALIGN="CENTER">(B)</TD>
<TD WIDTH="118" HEIGHT="23" VALIGN="MIDDLE" ALIGN="CENTER">(A×B)</TD>
</TR>

<TR ACOPY="Y" ADELETE="Y" HEIGHT="31">
<TD WIDTH="66" HEIGHT="24">모  집(a)</TD>
<TD WIDTH="113" HEIGHT="24" ALIGN="RIGHT">9,950,000,000</TD>
<TD WIDTH="72" HEIGHT="24" ALIGN="RIGHT">9,950</TD>
<TD WIDTH="85" HEIGHT="24" ALIGN="RIGHT">85,080</TD>
<TD WIDTH="118" HEIGHT="24" ALIGN="RIGHT">846,546,000</TD>
<TD WIDTH="118" HEIGHT="24" ALIGN="RIGHT">846,546,000</TD>
<TD WIDTH="48" HEIGHT="24" ALIGN="RIGHT">-</TD>
</TR>

<TR ACOPY="Y" ADELETE="Y" HEIGHT="30">
<TD WIDTH="66" HEIGHT="23">매  출(b)</TD>
<TD WIDTH="113" HEIGHT="23" ALIGN="RIGHT"> - </TD>
<TD WIDTH="72" HEIGHT="23" ALIGN="RIGHT"> - </TD>
<TD WIDTH="85" HEIGHT="23" ALIGN="RIGHT"> - </TD>
<TD WIDTH="118" HEIGHT="23" ALIGN="RIGHT"> - </TD>
<TD WIDTH="118" HEIGHT="23" ALIGN="RIGHT"> - </TD>
<TD WIDTH="48" HEIGHT="23" ALIGN="RIGHT"> - </TD>
</TR>

<TR ACOPY="Y" ADELETE="Y" HEIGHT="30">
<TD WIDTH="66" HEIGHT="23">총계(a+b)</TD>
<TD WIDTH="113" HEIGHT="23" ALIGN="RIGHT">9,950,000,000</TD>
<TD WIDTH="72" HEIGHT="23" ALIGN="RIGHT">9,950</TD>
<TD WIDTH="85" HEIGHT="23" ALIGN="RIGHT">85,080</TD>
<TD WIDTH="118" HEIGHT="23" ALIGN="RIGHT">846,546,000</TD>
<TD WIDTH="118" HEIGHT="23" ALIGN="RIGHT">846,546,000</TD>
<TD WIDTH="48" HEIGHT="23" ALIGN="RIGHT">-</TD>
</TR>
</TBODY>
</TABLE>
<P></P>
<P>나. 발행비용</P>
<P>(1) 인수수수료 : -</P>
<P>(2) 발행분담금 :  제1034회 파생결합사채 157,010 원                         제1035회 파생결합사채 81,340 원                         제1036회 파생결합사채 42,320 원</P>
<P>(3) 보증료 : -</P>
<P>(4) 기타비용 : -</P>
<P>다. 자금사용예정내역</P>
<P>본 증권의 발행으로 조달된 자금은 향후 발행조건에 의한 상환금의 안정적인 지급을 위하여 파생상품 거래를 포함한 위험회피거래(헷지거래)에 사용할 계획입니다. 본 증권의 공모를 통해 조달하는 자금은 상품의 고유특성에 맞지 않는 투자위험에 노출되지 않도록 발행회사의 내부통제절차 및 시스템에 의하여 지속적으로 통제, 관리될것입니다.</P>
</SECTION-2>

<SECTION-2 ACLASS="MANDATORY">
<TITLE ATOC="Y" AASSOCNOTE="L-0-0-8-0" ATOCID="10" ENG="Ⅴ. Confirmed Details of the Projected Profit and Loss Structure">Ⅴ. 예상손익구조의 확정내용</TITLE>
<P USERMARK="B">[종목명: 키움증권 제1034회 파생결합사채](주가연계파생결합사채)</P>

<P>
<SPAN USERMARK="B">(1) 모집 또는 매출의 개요</SPAN>
</P>

<TABLE ACLASS="NORMAL" AFIXTABLE="N" BORDER="1" WIDTH="615">

<COLGROUP WIDTH="615">
<COL WIDTH="103"></COL>
<COL WIDTH="112"></COL>
<COL WIDTH="400"></COL>
</COLGROUP>

<TBODY>

<TR ACOPY="Y" ADELETE="Y" HEIGHT="53">
<TD WIDTH="206" HEIGHT="46" COLSPAN="2" VALIGN="MIDDLE" USERMARK="B">1) 종목명</TD>

<TD WIDTH="391" HEIGHT="46" VALIGN="MIDDLE">키움증권 제1034회 파생결합사채 (주가연계파생결합사채)
<SPAN USERMARK="B 0X0000FF">(5등급, 낮은위험)</SPAN>
</TD>
</TR>

<TR ACOPY="Y" ADELETE="Y" HEIGHT="30">
<TD COLSPAN="2" VALIGN="MIDDLE" USERMARK="B" WIDTH="206" HEIGHT="23">2) 기초자산</TD>
<TD VALIGN="MIDDLE" WIDTH="391" HEIGHT="23">삼성전자 보통주</TD>
</TR>

<TR ACOPY="Y" ADELETE="Y" HEIGHT="30">
<TD WIDTH="206" HEIGHT="23" COLSPAN="2" VALIGN="MIDDLE" USERMARK="B">3) 모집총액</TD>
<TD WIDTH="391" HEIGHT="23" VALIGN="MIDDLE">9,950,000,000원</TD>
</TR>

<TR ACOPY="Y" ADELETE="Y" HEIGHT="30">
<TD WIDTH="206" HEIGHT="23" COLSPAN="2" VALIGN="MIDDLE" USERMARK="B">4) 1증권당 액면가액</TD>
<TD WIDTH="391" HEIGHT="23" VALIGN="MIDDLE">10,000원</TD>
</TR>

<TR ACOPY="Y" ADELETE="Y" HEIGHT="30">
<TD WIDTH="206" HEIGHT="23" COLSPAN="2" VALIGN="MIDDLE" USERMARK="B">5) 1증권당 발행가액</TD>
<TD WIDTH="391" HEIGHT="23" VALIGN="MIDDLE">9,950원</TD>
</TR>

<TR ACOPY="Y" ADELETE="Y" HEIGHT="30">
<TD WIDTH="206" HEIGHT="23" COLSPAN="2" VALIGN="MIDDLE" USERMARK="B">6) 발행 수량</TD>
<TD WIDTH="391" HEIGHT="23" VALIGN="MIDDLE">1,000,000 증권</TD>
</TR>

<TR ACOPY="Y" ADELETE="Y" HEIGHT="30">
<TD WIDTH="206" HEIGHT="23" COLSPAN="2" VALIGN="MIDDLE" USERMARK="B">7) 최소청약금액</TD>
<TD WIDTH="391" HEIGHT="23" VALIGN="MIDDLE">1,000,000원</TD>
</TR>

<TR ACOPY="Y" ADELETE="Y" HEIGHT="30">
<TD USERMARK="B" WIDTH="94" HEIGHT="76" ROWSPAN="2" VALIGN="MIDDLE">8) 청약기간</TD>
<TD USERMARK="B" WIDTH="103" HEIGHT="23">청약시작일</TD>
<TD WIDTH="391" HEIGHT="23">2026년 01월 05일</TD>
</TR>

<TR ACOPY="Y" ADELETE="Y" HEIGHT="53">
<TD USERMARK="B" WIDTH="103" HEIGHT="46">청약종료일</TD>

<TD WIDTH="391" HEIGHT="46">2026년 01월 05일
<SPAN USERMARK="B">(청약기간이후 청약취소 불가)</SPAN>
</TD>
</TR>

<TR ACOPY="Y" ADELETE="Y" HEIGHT="30">
<TD WIDTH="206" HEIGHT="23" COLSPAN="2" VALIGN="MIDDLE" USERMARK="B">9) 납입일(예정)</TD>
<TD WIDTH="391" HEIGHT="23" VALIGN="MIDDLE">2026년 01월 05일</TD>
</TR>

<TR ACOPY="Y" ADELETE="Y" HEIGHT="30">
<TD WIDTH="206" HEIGHT="23" COLSPAN="2" VALIGN="MIDDLE" USERMARK="B">10) 배정 및 환불일(예정)</TD>
<TD WIDTH="391" HEIGHT="23" VALIGN="MIDDLE">2026년 01월 05일</TD>
</TR>

<TR ACOPY="Y" ADELETE="Y" HEIGHT="30">
<TD WIDTH="206" HEIGHT="23" COLSPAN="2" VALIGN="MIDDLE" USERMARK="B">11) 발행일(예정)</TD>
<TD WIDTH="391" HEIGHT="23" VALIGN="MIDDLE">2026년 01월 05일</TD>
</TR>

<TR ACOPY="Y" ADELETE="Y" HEIGHT="30">
<TD WIDTH="206" HEIGHT="23" COLSPAN="2" VALIGN="MIDDLE" USERMARK="B">12) 예탁기관</TD>
<TD WIDTH="391" HEIGHT="23" VALIGN="MIDDLE">한국예탁결제원</TD>
</TR>

<TR ACOPY="Y" ADELETE="Y" HEIGHT="30">
<TD WIDTH="206" HEIGHT="23" COLSPAN="2" VALIGN="MIDDLE" USERMARK="B">13) 증권의 상장여부</TD>
<TD WIDTH="391" HEIGHT="23" VALIGN="MIDDLE">비상장</TD>
</TR>

<TR ACOPY="Y" ADELETE="Y" HEIGHT="53">
<TD WIDTH="206" HEIGHT="46" COLSPAN="2" VALIGN="MIDDLE" USERMARK="B">14) 자동조기상환</TD>
<TD WIDTH="391" HEIGHT="46" VALIGN="MIDDLE">본 일괄추가신고서류 'Ⅱ. 증권의 권리내용 2. 권리의 내용'을 참조하시기 바랍니다.</TD>
</TR>

<TR ACOPY="Y" ADELETE="Y" HEIGHT="53">
<TD WIDTH="206" HEIGHT="46" COLSPAN="2" VALIGN="MIDDLE" USERMARK="B">15) 자동조기상환시 결제방법</TD>
<TD WIDTH="391" HEIGHT="46" VALIGN="MIDDLE">현금결제</TD>
</TR>

<TR ACOPY="Y" ADELETE="Y" HEIGHT="53">
<TD WIDTH="206" HEIGHT="46" COLSPAN="2" VALIGN="MIDDLE" USERMARK="B">16) 자동조기상환일[자동조기상환금액 지급일]</TD>
<TD WIDTH="391" HEIGHT="46" VALIGN="MIDDLE">해당 자동조기상환평가일(불포함) 후 [2]영업일</TD>
</TR>

<TR ACOPY="Y" ADELETE="Y" HEIGHT="30">
<TD WIDTH="206" HEIGHT="23" COLSPAN="2" VALIGN="MIDDLE" USERMARK="B">17) 만기일(예정)</TD>
<TD WIDTH="391" HEIGHT="23" VALIGN="MIDDLE">2029년 01월 09일</TD>
</TR>

<TR ACOPY="Y" ADELETE="Y" HEIGHT="53">
<TD WIDTH="206" HEIGHT="46" COLSPAN="2" VALIGN="MIDDLE" USERMARK="B">18) 만기상환</TD>
<TD WIDTH="391" HEIGHT="46" VALIGN="MIDDLE">본 일괄신고추가서류 'II. 증권의 권리내용 2. 권리의 내용'을 참조하시기 바랍니다.</TD>
</TR>

<TR ACOPY="Y" ADELETE="Y" HEIGHT="145">
<TD WIDTH="206" HEIGHT="138" COLSPAN="2" VALIGN="MIDDLE" USERMARK="B">19) 고난도금융투자상품 해당여부</TD>

<TD WIDTH="391" HEIGHT="138" VALIGN="MIDDLE">본 증권은 자본시장법 시행령 제2조제7호에서 정하는 
<SPAN USERMARK="B 0X0000FF">고난도금융투자상품에 해당하지 아니하며 </SPAN>만기 또는 자동조기상환시 
<SPAN USERMARK="B 0X0000FF">원금 이상을 지급하는 구조</SPAN>입니다. 
<SPAN USERMARK="B">그러나 </SPAN>기초자산 가격변동 이외의 요인(투자자 요청에 따른 중도상환, 발행인의 지급 불이행 등)으로 
<SPAN USERMARK="B">추가 손실이 발생할 수 있습니다.</SPAN>
</TD>
</TR>

<TR ACOPY="Y" ADELETE="Y" HEIGHT="76">
<TD WIDTH="206" HEIGHT="69" COLSPAN="2" VALIGN="MIDDLE" USERMARK="B">20) 발행취소에 관한 사항</TD>
<TD WIDTH="391" HEIGHT="69" VALIGN="MIDDLE">청약금액의 합계가 10억원 미만일 경우, 발행인은 본 증권의 발행을 취소할 수 있습니다. 이 경우 청약금액은 환불일에 투자자들의 해당 청약계좌로 반환됩니다.</TD>
</TR>

<TR ACOPY="Y" ADELETE="Y" HEIGHT="145">
<TD WIDTH="206" HEIGHT="138" COLSPAN="2" VALIGN="MIDDLE" USERMARK="B">21) 기타 유의사항</TD>
<TD WIDTH="391" HEIGHT="138">본 증권은 주식·사채 등의 전자등록에 관한 법률에 따라 전자등록기관인 한국예탁결제원을 통하여 전자등록하여 발행하고, 실물을 발행하지 않습니다. 본 증권의 보유자는 전자등록기관의 계좌관리기관등 자기계좌부 또는 계좌관리기관의 고객계좌부에의 전자등록을 통하여 본 증권을 보유합니다.</TD>
</TR>
</TBODY>
</TABLE>
<P USERMARK="B">(2) 상환금액의 지급에 관한 사항</P>

<P USERMARK="F-GL ">
<SPAN USERMARK="B">가. 최초기준가격</SPAN>○ 최초기준가격 : 최초기준가격평가일 기초자산 종가○ 최초기준가격평가일 : 2026년 01월 05일
</P>

<P USERMARK="F-GL ">
<SPAN USERMARK="B">나. 자동조기상환</SPAN>
</P>
<P USERMARK="F-GL ">○ 어느 자동조기상환평가일에 자동조기상환 발생조건이 충족되는 경우 발행인은 해당 차수의 자동조기상환일에 해당 차수의 상환금액을 지급함으로써 본 증권을 상환</P>
<P USERMARK="F-GL ">○ 자동조기상환 발생조건</P>

<TABLE ACLASS="NORMAL" WIDTH="640" BORDER="1" AFIXTABLE="N">

<COLGROUP WIDTH="640">
<COL WIDTH="46"></COL>
<COL WIDTH="594"></COL>
</COLGROUP>

<TBODY>

<TR ACOPY="Y" ADELETE="Y" HEIGHT="30">
<TD ALIGN="CENTER" WIDTH="37" HEIGHT="23" USERMARK="B">차수</TD>
<TD ALIGN="CENTER" WIDTH="585" HEIGHT="23" USERMARK="B">자동조기상환 발생조건</TD>
</TR>

<TR ACOPY="Y" ADELETE="Y" HEIGHT="30">
<TD ALIGN="CENTER" WIDTH="37" HEIGHT="23">1차</TD>

<TD WIDTH="585" HEIGHT="23">기초자산의 1차 자동조기상환평가가격이 
<SPAN USERMARK="BU">최초기준가격의 95% 이상인 경우</SPAN>
</TD>
</TR>

<TR ACOPY="Y" ADELETE="Y" HEIGHT="30">
<TD ALIGN="CENTER" WIDTH="37" HEIGHT="23">2차</TD>

<TD WIDTH="585" HEIGHT="23">기초자산의 2차 자동조기상환평가가격이 
<SPAN USERMARK="BU">최초기준가격의 95% 이상인 경우</SPAN>
</TD>
</TR>

<TR ACOPY="Y" ADELETE="Y" HEIGHT="30">
<TD ALIGN="CENTER" WIDTH="37" HEIGHT="23">3차</TD>

<TD WIDTH="585" HEIGHT="23">기초자산의 3차 자동조기상환평가가격이 
<SPAN USERMARK="BU">최초기준가격의 95% 이상인 경우</SPAN>
</TD>
</TR>

<TR ACOPY="Y" ADELETE="Y" HEIGHT="30">
<TD ALIGN="CENTER" WIDTH="37" HEIGHT="23">4차</TD>

<TD WIDTH="585" HEIGHT="23">기초자산의 4차 자동조기상환평가가격이 
<SPAN USERMARK="BU">최초기준가격의 95% 이상인 경우</SPAN>
</TD>
</TR>

<TR ACOPY="Y" ADELETE="Y" HEIGHT="30">
<TD ALIGN="CENTER" WIDTH="37" HEIGHT="23">5차</TD>

<TD WIDTH="585" HEIGHT="23">기초자산의 5차 자동조기상환평가가격이 
<SPAN USERMARK="BU">최초기준가격의 95% 이상인 경우</SPAN>
</TD>
</TR>
</TBODY>
</TABLE>
<P USERMARK="F-GL ">○ 자동조기상환평가가격 : 해당 차수 자동조기상환평가일 기초자산 종가</P>
<P USERMARK="F-GL ">○ 자동조기상환평가일 및 상환금액</P>

<TABLE ACLASS="NORMAL" WIDTH="375" BORDER="1" AFIXTABLE="N">

<COLGROUP WIDTH="375">
<COL WIDTH="44"></COL>
<COL WIDTH="168"></COL>
<COL WIDTH="163"></COL>
</COLGROUP>

<TBODY>

<TR ACOPY="Y" ADELETE="Y" HEIGHT="30">
<TD ALIGN="CENTER" WIDTH="35" HEIGHT="23" USERMARK="B">차수</TD>
<TD ALIGN="CENTER" WIDTH="159" HEIGHT="23" USERMARK="B">자동조기상환평가일</TD>
<TD ALIGN="CENTER" WIDTH="154" HEIGHT="23" USERMARK="B">상환금액(세전)</TD>
</TR>

<TR ACOPY="Y" ADELETE="Y" HEIGHT="30">
<TD ALIGN="CENTER" VALIGN="MIDDLE" WIDTH="35" HEIGHT="23">1차</TD>
<TD ALIGN="CENTER" VALIGN="MIDDLE" WIDTH="159" HEIGHT="23">2026년 07월 06일</TD>
<TD ALIGN="CENTER" VALIGN="MIDDLE" WIDTH="154" HEIGHT="23">액면금액 × 102.70%</TD>
</TR>

<TR ACOPY="Y" ADELETE="Y" HEIGHT="30">
<TD ALIGN="CENTER" VALIGN="MIDDLE" WIDTH="35" HEIGHT="23">2차</TD>
<TD ALIGN="CENTER" VALIGN="MIDDLE" WIDTH="159" HEIGHT="23">2027년 01월 05일</TD>
<TD ALIGN="CENTER" VALIGN="MIDDLE" WIDTH="154" HEIGHT="23">액면금액 × 105.40%</TD>
</TR>

<TR ACOPY="Y" ADELETE="Y" HEIGHT="30">
<TD ALIGN="CENTER" VALIGN="MIDDLE" WIDTH="35" HEIGHT="23">3차</TD>
<TD ALIGN="CENTER" VALIGN="MIDDLE" WIDTH="159" HEIGHT="23">2027년 07월 05일</TD>
<TD ALIGN="CENTER" VALIGN="MIDDLE" WIDTH="154" HEIGHT="23">액면금액 × 108.10%</TD>
</TR>

<TR ACOPY="Y" ADELETE="Y" HEIGHT="30">
<TD ALIGN="CENTER" VALIGN="MIDDLE" WIDTH="35" HEIGHT="23">4차</TD>
<TD ALIGN="CENTER" VALIGN="MIDDLE" WIDTH="159" HEIGHT="23">2028년 01월 05일</TD>
<TD ALIGN="CENTER" VALIGN="MIDDLE" WIDTH="154" HEIGHT="23">액면금액 × 110.80%</TD>
</TR>

<TR ACOPY="Y" ADELETE="Y" HEIGHT="30">
<TD ALIGN="CENTER" VALIGN="MIDDLE" WIDTH="35" HEIGHT="23">5차</TD>
<TD ALIGN="CENTER" VALIGN="MIDDLE" WIDTH="159" HEIGHT="23">2028년 07월 05일</TD>
<TD ALIGN="CENTER" VALIGN="MIDDLE" WIDTH="154" HEIGHT="23">액면금액 × 113.50%</TD>
</TR>
</TBODY>
</TABLE>
<P USERMARK="F-GL ">○ 자동조기상환일 : 해당 차수 자동조기상환평가일(불포함) 후 2영업일</P>
<P USERMARK="F-GL ">○ 자동조기상환 발생에 따라 상환이 이루어진 경우 본 증권은 종료되고 발행인은 이후 본 증권에 대하여 여하한 추가적인 의무를 부담하지 않음.</P>

<P USERMARK="F-GL ">
<SPAN USERMARK="B">다. 만기상환</SPAN>
</P>
<P USERMARK="F-GL ">○ 자동조기상환이 발생하지 않은 경우 발행인은 만기일에 아래 만기상환금액 결정조건에 따라 결정된 상환금액을 지급함으로써 본 증권을 상환함.</P>

<TABLE ACLASS="NORMAL" WIDTH="600" BORDER="1" AFIXTABLE="N">

<COLGROUP WIDTH="600">
<COL WIDTH="399"></COL>
<COL WIDTH="201"></COL>
</COLGROUP>

<TBODY>

<TR ACOPY="Y" ADELETE="Y" HEIGHT="30">
<TD ALIGN="CENTER" WIDTH="390" HEIGHT="23" USERMARK="B">만기상환금액 결정조건</TD>
<TD ALIGN="CENTER" WIDTH="192" HEIGHT="23" USERMARK="B">상환금액(세전)</TD>
</TR>

<TR ACOPY="Y" ADELETE="Y" HEIGHT="53">

<TD WIDTH="390" HEIGHT="46">① 만기평가일에 기초자산의 만기평가가격이 
<SPAN USERMARK="BU">최초기준가격의 95%이상인 경우</SPAN>
</TD>
<TD ALIGN="CENTER" VALIGN="MIDDLE" WIDTH="192" HEIGHT="46">원금×116.20%</TD>
</TR>

<TR ACOPY="Y" ADELETE="Y" HEIGHT="76">

<TD WIDTH="390" HEIGHT="69">② 위 ①에 해당하지 않고, 
<SPAN USERMARK="BU">기초자산의 종가의 만기평가가격이 최초기준가격의 95% 미만인 경우</SPAN>
</TD>
<TD ALIGN="CENTER" VALIGN="MIDDLE" WIDTH="192" HEIGHT="69">원금 × 100.00%</TD>
</TR>
</TBODY>
</TABLE>
<P USERMARK="F-GL "></P>

<P USERMARK="F-GL ">○ 
<SPAN USERMARK="B">만기평가가격</SPAN> : 만기평가일 기초자산 종가○ 
<SPAN USERMARK="B">만기평가일</SPAN> : 2029년 01월 05일
</P>
<P></P>
<P USERMARK="B">[종목명: 키움증권 제1035회 파생결합사채](주가연계파생결합사채)</P>

<P>
<SPAN USERMARK="B">(1) 모집 또는 매출의 개요</SPAN>
</P>

<TABLE ACLASS="NORMAL" AFIXTABLE="N" BORDER="1" WIDTH="615">

<COLGROUP WIDTH="615">
<COL WIDTH="103"></COL>
<COL WIDTH="112"></COL>
<COL WIDTH="400"></COL>
</COLGROUP>

<TBODY>

<TR ACOPY="Y" ADELETE="Y" HEIGHT="53">
<TD WIDTH="206" HEIGHT="46" COLSPAN="2" VALIGN="MIDDLE" USERMARK="B">1) 종목명</TD>

<TD WIDTH="391" HEIGHT="46" VALIGN="MIDDLE">키움증권 제1035회 파생결합사채 (주가연계파생결합사채)
<SPAN USERMARK="B 0X0000FF">(5등급, 낮은위험)</SPAN>
</TD>
</TR>

<TR ACOPY="Y" ADELETE="Y" HEIGHT="30">
<TD COLSPAN="2" VALIGN="MIDDLE" USERMARK="B" WIDTH="206" HEIGHT="23">2) 기초자산</TD>
<TD VALIGN="MIDDLE" WIDTH="391" HEIGHT="23">KOSPI200 지수</TD>
</TR>

<TR ACOPY="Y" ADELETE="Y" HEIGHT="30">
<TD WIDTH="206" HEIGHT="23" COLSPAN="2" VALIGN="MIDDLE" USERMARK="B">3) 모집총액</TD>
<TD WIDTH="391" HEIGHT="23" VALIGN="MIDDLE">9,950,000,000원</TD>
</TR>

<TR ACOPY="Y" ADELETE="Y" HEIGHT="30">
<TD WIDTH="206" HEIGHT="23" COLSPAN="2" VALIGN="MIDDLE" USERMARK="B">4) 1증권당 액면가액</TD>
<TD WIDTH="391" HEIGHT="23" VALIGN="MIDDLE">10,000원</TD>
</TR>

<TR ACOPY="Y" ADELETE="Y" HEIGHT="30">
<TD WIDTH="206" HEIGHT="23" COLSPAN="2" VALIGN="MIDDLE" USERMARK="B">5) 1증권당 발행가액</TD>
<TD WIDTH="391" HEIGHT="23" VALIGN="MIDDLE">9,950원</TD>
</TR>

<TR ACOPY="Y" ADELETE="Y" HEIGHT="30">
<TD WIDTH="206" HEIGHT="23" COLSPAN="2" VALIGN="MIDDLE" USERMARK="B">6) 발행 수량</TD>
<TD WIDTH="391" HEIGHT="23" VALIGN="MIDDLE">1,000,000 증권</TD>
</TR>

<TR ACOPY="Y" ADELETE="Y" HEIGHT="30">
<TD WIDTH="206" HEIGHT="23" COLSPAN="2" VALIGN="MIDDLE" USERMARK="B">7) 최소청약금액</TD>
<TD WIDTH="391" HEIGHT="23" VALIGN="MIDDLE">1,000,000원</TD>
</TR>

<TR ACOPY="Y" ADELETE="Y" HEIGHT="30">
<TD USERMARK="B" WIDTH="94" HEIGHT="76" ROWSPAN="2" VALIGN="MIDDLE">8) 청약기간</TD>
<TD USERMARK="B" WIDTH="103" HEIGHT="23">청약시작일</TD>
<TD WIDTH="391" HEIGHT="23">2026년 01월 05일</TD>
</TR>

<TR ACOPY="Y" ADELETE="Y" HEIGHT="53">
<TD USERMARK="B" WIDTH="103" HEIGHT="46">청약종료일</TD>

<TD WIDTH="391" HEIGHT="46">2026년 01월 05일
<SPAN USERMARK="B">(청약기간이후 청약취소 불가)</SPAN>
</TD>
</TR>

<TR ACOPY="Y" ADELETE="Y" HEIGHT="30">
<TD WIDTH="206" HEIGHT="23" COLSPAN="2" VALIGN="MIDDLE" USERMARK="B">9) 납입일(예정)</TD>
<TD WIDTH="391" HEIGHT="23" VALIGN="MIDDLE">2026년 01월 05일</TD>
</TR>

<TR ACOPY="Y" ADELETE="Y" HEIGHT="30">
<TD WIDTH="206" HEIGHT="23" COLSPAN="2" VALIGN="MIDDLE" USERMARK="B">10) 배정 및 환불일(예정)</TD>
<TD WIDTH="391" HEIGHT="23" VALIGN="MIDDLE">2026년 01월 05일</TD>
</TR>

<TR ACOPY="Y" ADELETE="Y" HEIGHT="30">
<TD WIDTH="206" HEIGHT="23" COLSPAN="2" VALIGN="MIDDLE" USERMARK="B">11) 발행일(예정)</TD>
<TD WIDTH="391" HEIGHT="23" VALIGN="MIDDLE">2026년 01월 05일</TD>
</TR>

<TR ACOPY="Y" ADELETE="Y" HEIGHT="30">
<TD WIDTH="206" HEIGHT="23" COLSPAN="2" VALIGN="MIDDLE" USERMARK="B">12) 예탁기관</TD>
<TD WIDTH="391" HEIGHT="23" VALIGN="MIDDLE">한국예탁결제원</TD>
</TR>

<TR ACOPY="Y" ADELETE="Y" HEIGHT="30">
<TD WIDTH="206" HEIGHT="23" COLSPAN="2" VALIGN="MIDDLE" USERMARK="B">13) 증권의 상장여부</TD>
<TD WIDTH="391" HEIGHT="23" VALIGN="MIDDLE">비상장</TD>
</TR>

<TR ACOPY="Y" ADELETE="Y" HEIGHT="53">
<TD WIDTH="206" HEIGHT="46" COLSPAN="2" VALIGN="MIDDLE" USERMARK="B">14) 자동조기상환</TD>
<TD WIDTH="391" HEIGHT="46" VALIGN="MIDDLE">본 일괄추가신고서류 'Ⅱ. 증권의 권리내용 2. 권리의 내용'을 참조하시기 바랍니다.</TD>
</TR>

<TR ACOPY="Y" ADELETE="Y" HEIGHT="53">
<TD WIDTH="206" HEIGHT="46" COLSPAN="2" VALIGN="MIDDLE" USERMARK="B">15) 자동조기상환시 결제방법</TD>
<TD WIDTH="391" HEIGHT="46" VALIGN="MIDDLE">현금결제</TD>
</TR>

<TR ACOPY="Y" ADELETE="Y" HEIGHT="53">
<TD WIDTH="206" HEIGHT="46" COLSPAN="2" VALIGN="MIDDLE" USERMARK="B">16) 자동조기상환일[자동조기상환금액 지급일]</TD>
<TD WIDTH="391" HEIGHT="46" VALIGN="MIDDLE">해당 자동조기상환평가일(불포함) 후 [2]영업일</TD>
</TR>

<TR ACOPY="Y" ADELETE="Y" HEIGHT="30">
<TD WIDTH="206" HEIGHT="23" COLSPAN="2" VALIGN="MIDDLE" USERMARK="B">17) 만기일(예정)</TD>
<TD WIDTH="391" HEIGHT="23" VALIGN="MIDDLE">2029년 01월 09일</TD>
</TR>

<TR ACOPY="Y" ADELETE="Y" HEIGHT="53">
<TD WIDTH="206" HEIGHT="46" COLSPAN="2" VALIGN="MIDDLE" USERMARK="B">18) 만기상환</TD>
<TD WIDTH="391" HEIGHT="46" VALIGN="MIDDLE">본 일괄신고추가서류 'II. 증권의 권리내용 2. 권리의 내용'을 참조하시기 바랍니다.</TD>
</TR>

<TR ACOPY="Y" ADELETE="Y" HEIGHT="145">
<TD WIDTH="206" HEIGHT="138" COLSPAN="2" VALIGN="MIDDLE" USERMARK="B">19) 고난도금융투자상품 해당여부</TD>

<TD WIDTH="391" HEIGHT="138" VALIGN="MIDDLE">본 증권은 자본시장법 시행령 제2조제7호에서 정하는 
<SPAN USERMARK="B 0X0000FF">고난도금융투자상품에 해당하지 아니하며 </SPAN>만기 또는 자동조기상환시 
<SPAN USERMARK="B 0X0000FF">원금 이상을 지급하는 구조</SPAN>입니다. 
<SPAN USERMARK="B">그러나 </SPAN>기초자산 가격변동 이외의 요인(투자자 요청에 따른 중도상환, 발행인의 지급 불이행 등)으로 
<SPAN USERMARK="B">추가 손실이 발생할 수 있습니다.</SPAN>
</TD>
</TR>

<TR ACOPY="Y" ADELETE="Y" HEIGHT="76">
<TD WIDTH="206" HEIGHT="69" COLSPAN="2" VALIGN="MIDDLE" USERMARK="B">20) 발행취소에 관한 사항</TD>
<TD WIDTH="391" HEIGHT="69" VALIGN="MIDDLE">청약금액의 합계가 10억원 미만일 경우, 발행인은 본 증권의 발행을 취소할 수 있습니다. 이 경우 청약금액은 환불일에 투자자들의 해당 청약계좌로 반환됩니다.</TD>
</TR>

<TR ACOPY="Y" ADELETE="Y" HEIGHT="145">
<TD WIDTH="206" HEIGHT="138" COLSPAN="2" VALIGN="MIDDLE" USERMARK="B">21) 기타 유의사항</TD>
<TD WIDTH="391" HEIGHT="138">본 증권은 주식·사채 등의 전자등록에 관한 법률에 따라 전자등록기관인 한국예탁결제원을 통하여 전자등록하여 발행하고, 실물을 발행하지 않습니다. 본 증권의 보유자는 전자등록기관의 계좌관리기관등 자기계좌부 또는 계좌관리기관의 고객계좌부에의 전자등록을 통하여 본 증권을 보유합니다.</TD>
</TR>
</TBODY>
</TABLE>
<P USERMARK="B">(2) 상환금액의 지급에 관한 사항</P>

<P USERMARK="F-GL ">
<SPAN USERMARK="B">가. 최초기준가격</SPAN>○ 최초기준가격 : 최초기준가격평가일 기초자산 종가○ 최초기준가격평가일 : 2026년 01월 05일
</P>

<P USERMARK="F-GL ">
<SPAN USERMARK="B">나. 자동조기상환</SPAN>
</P>
<P USERMARK="F-GL ">○ 어느 자동조기상환평가일에 자동조기상환 발생조건이 충족되는 경우 발행인은 해당 차수의 자동조기상환일에 해당 차수의 상환금액을 지급함으로써 본 증권을 상환</P>
<P USERMARK="F-GL ">○ 자동조기상환 발생조건</P>

<TABLE ACLASS="NORMAL" WIDTH="640" BORDER="1" AFIXTABLE="N">

<COLGROUP WIDTH="640">
<COL WIDTH="46"></COL>
<COL WIDTH="594"></COL>
</COLGROUP>

<TBODY>

<TR ACOPY="Y" ADELETE="Y" HEIGHT="30">
<TD ALIGN="CENTER" WIDTH="37" HEIGHT="23" USERMARK="B">차수</TD>
<TD ALIGN="CENTER" WIDTH="585" HEIGHT="23" USERMARK="B">자동조기상환 발생조건</TD>
</TR>

<TR ACOPY="Y" ADELETE="Y" HEIGHT="30">
<TD ALIGN="CENTER" WIDTH="37" HEIGHT="23">1차</TD>

<TD WIDTH="585" HEIGHT="23">기초자산의 1차 자동조기상환평가가격이 
<SPAN USERMARK="BU">최초기준가격의 100% 이상인 경우</SPAN>
</TD>
</TR>

<TR ACOPY="Y" ADELETE="Y" HEIGHT="30">
<TD ALIGN="CENTER" WIDTH="37" HEIGHT="23">2차</TD>

<TD WIDTH="585" HEIGHT="23">기초자산의 2차 자동조기상환평가가격이 
<SPAN USERMARK="BU">최초기준가격의 100% 이상인 경우</SPAN>
</TD>
</TR>

<TR ACOPY="Y" ADELETE="Y" HEIGHT="30">
<TD ALIGN="CENTER" WIDTH="37" HEIGHT="23">3차</TD>

<TD WIDTH="585" HEIGHT="23">기초자산의 3차 자동조기상환평가가격이 
<SPAN USERMARK="BU">최초기준가격의 100% 이상인 경우</SPAN>
</TD>
</TR>

<TR ACOPY="Y" ADELETE="Y" HEIGHT="30">
<TD ALIGN="CENTER" WIDTH="37" HEIGHT="23">4차</TD>

<TD WIDTH="585" HEIGHT="23">기초자산의 4차 자동조기상환평가가격이 
<SPAN USERMARK="BU">최초기준가격의 100% 이상인 경우</SPAN>
</TD>
</TR>

<TR ACOPY="Y" ADELETE="Y" HEIGHT="30">
<TD ALIGN="CENTER" WIDTH="37" HEIGHT="23">5차</TD>

<TD WIDTH="585" HEIGHT="23">기초자산의 5차 자동조기상환평가가격이 
<SPAN USERMARK="BU">최초기준가격의 100% 이상인 경우</SPAN>
</TD>
</TR>
</TBODY>
</TABLE>
<P USERMARK="F-GL ">○ 자동조기상환평가가격 : 해당 차수 자동조기상환평가일 기초자산 종가</P>
<P USERMARK="F-GL ">○ 자동조기상환평가일 및 상환금액</P>

<TABLE ACLASS="NORMAL" WIDTH="375" BORDER="1" AFIXTABLE="N">

<COLGROUP WIDTH="375">
<COL WIDTH="44"></COL>
<COL WIDTH="168"></COL>
<COL WIDTH="163"></COL>
</COLGROUP>

<TBODY>

<TR ACOPY="Y" ADELETE="Y" HEIGHT="30">
<TD ALIGN="CENTER" WIDTH="35" HEIGHT="23" USERMARK="B">차수</TD>
<TD ALIGN="CENTER" WIDTH="159" HEIGHT="23" USERMARK="B">자동조기상환평가일</TD>
<TD ALIGN="CENTER" WIDTH="154" HEIGHT="23" USERMARK="B">상환금액(세전)</TD>
</TR>

<TR ACOPY="Y" ADELETE="Y" HEIGHT="30">
<TD ALIGN="CENTER" VALIGN="MIDDLE" WIDTH="35" HEIGHT="23">1차</TD>
<TD ALIGN="CENTER" VALIGN="MIDDLE" WIDTH="159" HEIGHT="23">2026년 07월 06일</TD>
<TD ALIGN="CENTER" VALIGN="MIDDLE" WIDTH="154" HEIGHT="23">액면금액 × 102.70%</TD>
</TR>

<TR ACOPY="Y" ADELETE="Y" HEIGHT="30">
<TD ALIGN="CENTER" VALIGN="MIDDLE" WIDTH="35" HEIGHT="23">2차</TD>
<TD ALIGN="CENTER" VALIGN="MIDDLE" WIDTH="159" HEIGHT="23">2027년 01월 05일</TD>
<TD ALIGN="CENTER" VALIGN="MIDDLE" WIDTH="154" HEIGHT="23">액면금액 × 105.40%</TD>
</TR>

<TR ACOPY="Y" ADELETE="Y" HEIGHT="30">
<TD ALIGN="CENTER" VALIGN="MIDDLE" WIDTH="35" HEIGHT="23">3차</TD>
<TD ALIGN="CENTER" VALIGN="MIDDLE" WIDTH="159" HEIGHT="23">2027년 07월 05일</TD>
<TD ALIGN="CENTER" VALIGN="MIDDLE" WIDTH="154" HEIGHT="23">액면금액 × 108.10%</TD>
</TR>

<TR ACOPY="Y" ADELETE="Y" HEIGHT="30">
<TD ALIGN="CENTER" VALIGN="MIDDLE" WIDTH="35" HEIGHT="23">4차</TD>
<TD ALIGN="CENTER" VALIGN="MIDDLE" WIDTH="159" HEIGHT="23">2028년 01월 05일</TD>
<TD ALIGN="CENTER" VALIGN="MIDDLE" WIDTH="154" HEIGHT="23">액면금액 × 110.80%</TD>
</TR>

<TR ACOPY="Y" ADELETE="Y" HEIGHT="30">
<TD ALIGN="CENTER" VALIGN="MIDDLE" WIDTH="35" HEIGHT="23">5차</TD>
<TD ALIGN="CENTER" VALIGN="MIDDLE" WIDTH="159" HEIGHT="23">2028년 07월 05일</TD>
<TD ALIGN="CENTER" VALIGN="MIDDLE" WIDTH="154" HEIGHT="23">액면금액 × 113.50%</TD>
</TR>
</TBODY>
</TABLE>
<P USERMARK="F-GL ">○ 자동조기상환일 : 해당 차수 자동조기상환평가일(불포함) 후 2영업일</P>
<P USERMARK="F-GL ">○ 자동조기상환 발생에 따라 상환이 이루어진 경우 본 증권은 종료되고 발행인은 이후 본 증권에 대하여 여하한 추가적인 의무를 부담하지 않음.</P>

<P USERMARK="F-GL ">
<SPAN USERMARK="B">다. 만기상환</SPAN>
</P>
<P USERMARK="F-GL ">○ 자동조기상환이 발생하지 않은 경우 발행인은 만기일에 아래 만기상환금액 결정조건에 따라 결정된 상환금액을 지급함으로써 본 증권을 상환함.</P>

<TABLE ACLASS="NORMAL" WIDTH="600" BORDER="1" AFIXTABLE="N">

<COLGROUP WIDTH="600">
<COL WIDTH="399"></COL>
<COL WIDTH="201"></COL>
</COLGROUP>

<TBODY>

<TR ACOPY="Y" ADELETE="Y" HEIGHT="30">
<TD ALIGN="CENTER" WIDTH="390" HEIGHT="23" USERMARK="B">만기상환금액 결정조건</TD>
<TD ALIGN="CENTER" WIDTH="192" HEIGHT="23" USERMARK="B">상환금액(세전)</TD>
</TR>

<TR ACOPY="Y" ADELETE="Y" HEIGHT="53">

<TD WIDTH="390" HEIGHT="46">① 만기평가일에 기초자산의 만기평가가격이 
<SPAN USERMARK="BU">최초기준가격의 100%이상인 경우</SPAN>
</TD>
<TD ALIGN="CENTER" VALIGN="MIDDLE" WIDTH="192" HEIGHT="46">원금×116.20%</TD>
</TR>

<TR ACOPY="Y" ADELETE="Y" HEIGHT="76">

<TD WIDTH="390" HEIGHT="69">② 위 ①에 해당하지 않고, 
<SPAN USERMARK="BU">기초자산의 종가의 만기평가가격이 최초기준가격의 100% 미만인 경우</SPAN>
</TD>
<TD ALIGN="CENTER" VALIGN="MIDDLE" WIDTH="192" HEIGHT="69">원금 × 100.00%</TD>
</TR>
</TBODY>
</TABLE>
<P USERMARK="F-GL "></P>

<P USERMARK="F-GL ">○ 
<SPAN USERMARK="B">만기평가가격</SPAN> : 만기평가일 기초자산 종가○ 
<SPAN USERMARK="B">만기평가일</SPAN> : 2029년 01월 05일
</P>
<P></P>
<P USERMARK="B">[종목명: 키움증권 제1036회 파생결합사채](주가연계파생결합사채)</P>

<P>
<SPAN USERMARK="B">(1) 모집 또는 매출의 개요</SPAN>
</P>

<TABLE ACLASS="NORMAL" AFIXTABLE="N" BORDER="1" WIDTH="615">

<COLGROUP WIDTH="615">
<COL WIDTH="103"></COL>
<COL WIDTH="112"></COL>
<COL WIDTH="400"></COL>
</COLGROUP>

<TBODY>

<TR ACOPY="Y" ADELETE="Y" HEIGHT="53">
<TD WIDTH="206" HEIGHT="46" COLSPAN="2" VALIGN="MIDDLE" USERMARK="B">1) 종목명</TD>

<TD WIDTH="391" HEIGHT="46" VALIGN="MIDDLE">키움증권 제1036회 파생결합사채 (주가연계파생결합사채)
<SPAN USERMARK="B 0X0000FF">(5등급, 낮은위험)</SPAN>
</TD>
</TR>

<TR ACOPY="Y" ADELETE="Y" HEIGHT="30">
<TD COLSPAN="2" VALIGN="MIDDLE" USERMARK="B" WIDTH="206" HEIGHT="23">2) 기초자산</TD>
<TD VALIGN="MIDDLE" WIDTH="391" HEIGHT="23">현대차 보통주</TD>
</TR>

<TR ACOPY="Y" ADELETE="Y" HEIGHT="30">
<TD WIDTH="206" HEIGHT="23" COLSPAN="2" VALIGN="MIDDLE" USERMARK="B">3) 모집총액</TD>
<TD WIDTH="391" HEIGHT="23" VALIGN="MIDDLE">9,950,000,000원</TD>
</TR>

<TR ACOPY="Y" ADELETE="Y" HEIGHT="30">
<TD WIDTH="206" HEIGHT="23" COLSPAN="2" VALIGN="MIDDLE" USERMARK="B">4) 1증권당 액면가액</TD>
<TD WIDTH="391" HEIGHT="23" VALIGN="MIDDLE">10,000원</TD>
</TR>

<TR ACOPY="Y" ADELETE="Y" HEIGHT="30">
<TD WIDTH="206" HEIGHT="23" COLSPAN="2" VALIGN="MIDDLE" USERMARK="B">5) 1증권당 발행가액</TD>
<TD WIDTH="391" HEIGHT="23" VALIGN="MIDDLE">9,950원</TD>
</TR>

<TR ACOPY="Y" ADELETE="Y" HEIGHT="30">
<TD WIDTH="206" HEIGHT="23" COLSPAN="2" VALIGN="MIDDLE" USERMARK="B">6) 발행 수량</TD>
<TD WIDTH="391" HEIGHT="23" VALIGN="MIDDLE">1,000,000 증권</TD>
</TR>

<TR ACOPY="Y" ADELETE="Y" HEIGHT="30">
<TD WIDTH="206" HEIGHT="23" COLSPAN="2" VALIGN="MIDDLE" USERMARK="B">7) 최소청약금액</TD>
<TD WIDTH="391" HEIGHT="23" VALIGN="MIDDLE">1,000,000원</TD>
</TR>

<TR ACOPY="Y" ADELETE="Y" HEIGHT="30">
<TD USERMARK="B" WIDTH="94" HEIGHT="76" ROWSPAN="2" VALIGN="MIDDLE">8) 청약기간</TD>
<TD USERMARK="B" WIDTH="103" HEIGHT="23">청약시작일</TD>
<TD WIDTH="391" HEIGHT="23">2026년 01월 05일</TD>
</TR>

<TR ACOPY="Y" ADELETE="Y" HEIGHT="53">
<TD USERMARK="B" WIDTH="103" HEIGHT="46">청약종료일</TD>

<TD WIDTH="391" HEIGHT="46">2026년 01월 05일
<SPAN USERMARK="B">(청약기간이후 청약취소 불가)</SPAN>
</TD>
</TR>

<TR ACOPY="Y" ADELETE="Y" HEIGHT="30">
<TD WIDTH="206" HEIGHT="23" COLSPAN="2" VALIGN="MIDDLE" USERMARK="B">9) 납입일(예정)</TD>
<TD WIDTH="391" HEIGHT="23" VALIGN="MIDDLE">2026년 01월 05일</TD>
</TR>

<TR ACOPY="Y" ADELETE="Y" HEIGHT="30">
<TD WIDTH="206" HEIGHT="23" COLSPAN="2" VALIGN="MIDDLE" USERMARK="B">10) 배정 및 환불일(예정)</TD>
<TD WIDTH="391" HEIGHT="23" VALIGN="MIDDLE">2026년 01월 05일</TD>
</TR>

<TR ACOPY="Y" ADELETE="Y" HEIGHT="30">
<TD WIDTH="206" HEIGHT="23" COLSPAN="2" VALIGN="MIDDLE" USERMARK="B">11) 발행일(예정)</TD>
<TD WIDTH="391" HEIGHT="23" VALIGN="MIDDLE">2026년 01월 05일</TD>
</TR>

<TR ACOPY="Y" ADELETE="Y" HEIGHT="30">
<TD WIDTH="206" HEIGHT="23" COLSPAN="2" VALIGN="MIDDLE" USERMARK="B">12) 예탁기관</TD>
<TD WIDTH="391" HEIGHT="23" VALIGN="MIDDLE">한국예탁결제원</TD>
</TR>

<TR ACOPY="Y" ADELETE="Y" HEIGHT="30">
<TD WIDTH="206" HEIGHT="23" COLSPAN="2" VALIGN="MIDDLE" USERMARK="B">13) 증권의 상장여부</TD>
<TD WIDTH="391" HEIGHT="23" VALIGN="MIDDLE">비상장</TD>
</TR>

<TR ACOPY="Y" ADELETE="Y" HEIGHT="53">
<TD WIDTH="206" HEIGHT="46" COLSPAN="2" VALIGN="MIDDLE" USERMARK="B">14) 자동조기상환</TD>
<TD WIDTH="391" HEIGHT="46" VALIGN="MIDDLE">본 일괄추가신고서류 'Ⅱ. 증권의 권리내용 2. 권리의 내용'을 참조하시기 바랍니다.</TD>
</TR>

<TR ACOPY="Y" ADELETE="Y" HEIGHT="53">
<TD WIDTH="206" HEIGHT="46" COLSPAN="2" VALIGN="MIDDLE" USERMARK="B">15) 자동조기상환시 결제방법</TD>
<TD WIDTH="391" HEIGHT="46" VALIGN="MIDDLE">현금결제</TD>
</TR>

<TR ACOPY="Y" ADELETE="Y" HEIGHT="53">
<TD WIDTH="206" HEIGHT="46" COLSPAN="2" VALIGN="MIDDLE" USERMARK="B">16) 자동조기상환일[자동조기상환금액 지급일]</TD>
<TD WIDTH="391" HEIGHT="46" VALIGN="MIDDLE">해당 자동조기상환평가일(불포함) 후 [2]영업일</TD>
</TR>

<TR ACOPY="Y" ADELETE="Y" HEIGHT="30">
<TD WIDTH="206" HEIGHT="23" COLSPAN="2" VALIGN="MIDDLE" USERMARK="B">17) 만기일(예정)</TD>
<TD WIDTH="391" HEIGHT="23" VALIGN="MIDDLE">2029년 01월 09일</TD>
</TR>

<TR ACOPY="Y" ADELETE="Y" HEIGHT="53">
<TD WIDTH="206" HEIGHT="46" COLSPAN="2" VALIGN="MIDDLE" USERMARK="B">18) 만기상환</TD>
<TD WIDTH="391" HEIGHT="46" VALIGN="MIDDLE">본 일괄신고추가서류 'II. 증권의 권리내용 2. 권리의 내용'을 참조하시기 바랍니다.</TD>
</TR>

<TR ACOPY="Y" ADELETE="Y" HEIGHT="145">
<TD WIDTH="206" HEIGHT="138" COLSPAN="2" VALIGN="MIDDLE" USERMARK="B">19) 고난도금융투자상품 해당여부</TD>

<TD WIDTH="391" HEIGHT="138" VALIGN="MIDDLE">본 증권은 자본시장법 시행령 제2조제7호에서 정하는 
<SPAN USERMARK="B 0X0000FF">고난도금융투자상품에 해당하지 아니하며 </SPAN>만기 또는 자동조기상환시 
<SPAN USERMARK="B 0X0000FF">원금 이상을 지급하는 구조</SPAN>입니다. 
<SPAN USERMARK="B">그러나 </SPAN>기초자산 가격변동 이외의 요인(투자자 요청에 따른 중도상환, 발행인의 지급 불이행 등)으로 
<SPAN USERMARK="B">추가 손실이 발생할 수 있습니다.</SPAN>
</TD>
</TR>

<TR ACOPY="Y" ADELETE="Y" HEIGHT="76">
<TD WIDTH="206" HEIGHT="69" COLSPAN="2" VALIGN="MIDDLE" USERMARK="B">20) 발행취소에 관한 사항</TD>
<TD WIDTH="391" HEIGHT="69" VALIGN="MIDDLE">청약금액의 합계가 10억원 미만일 경우, 발행인은 본 증권의 발행을 취소할 수 있습니다. 이 경우 청약금액은 환불일에 투자자들의 해당 청약계좌로 반환됩니다.</TD>
</TR>

<TR ACOPY="Y" ADELETE="Y" HEIGHT="145">
<TD WIDTH="206" HEIGHT="138" COLSPAN="2" VALIGN="MIDDLE" USERMARK="B">21) 기타 유의사항</TD>
<TD WIDTH="391" HEIGHT="138">본 증권은 주식·사채 등의 전자등록에 관한 법률에 따라 전자등록기관인 한국예탁결제원을 통하여 전자등록하여 발행하고, 실물을 발행하지 않습니다. 본 증권의 보유자는 전자등록기관의 계좌관리기관등 자기계좌부 또는 계좌관리기관의 고객계좌부에의 전자등록을 통하여 본 증권을 보유합니다.</TD>
</TR>
</TBODY>
</TABLE>
<P USERMARK="B">(2) 상환금액의 지급에 관한 사항</P>

<P USERMARK="F-GL ">
<SPAN USERMARK="B">가. 최초기준가격</SPAN>○ 최초기준가격 : 최초기준가격평가일 기초자산 종가○ 최초기준가격평가일 : 2026년 01월 05일
</P>

<P USERMARK="F-GL ">
<SPAN USERMARK="B">나. 자동조기상환</SPAN>
</P>
<P USERMARK="F-GL ">○ 어느 자동조기상환평가일에 자동조기상환 발생조건이 충족되는 경우 발행인은 해당 차수의 자동조기상환일에 해당 차수의 상환금액을 지급함으로써 본 증권을 상환</P>
<P USERMARK="F-GL ">○ 자동조기상환 발생조건</P>

<TABLE ACLASS="NORMAL" WIDTH="640" BORDER="1" AFIXTABLE="N">

<COLGROUP WIDTH="640">
<COL WIDTH="46"></COL>
<COL WIDTH="594"></COL>
</COLGROUP>

<TBODY>

<TR ACOPY="Y" ADELETE="Y" HEIGHT="30">
<TD ALIGN="CENTER" WIDTH="37" HEIGHT="23" USERMARK="B">차수</TD>
<TD ALIGN="CENTER" WIDTH="585" HEIGHT="23" USERMARK="B">자동조기상환 발생조건</TD>
</TR>

<TR ACOPY="Y" ADELETE="Y" HEIGHT="30">
<TD ALIGN="CENTER" WIDTH="37" HEIGHT="23">1차</TD>

<TD WIDTH="585" HEIGHT="23">기초자산의 1차 자동조기상환평가가격이 
<SPAN USERMARK="BU">최초기준가격의 90% 이상인 경우</SPAN>
</TD>
</TR>

<TR ACOPY="Y" ADELETE="Y" HEIGHT="30">
<TD ALIGN="CENTER" WIDTH="37" HEIGHT="23">2차</TD>

<TD WIDTH="585" HEIGHT="23">기초자산의 2차 자동조기상환평가가격이 
<SPAN USERMARK="BU">최초기준가격의 90% 이상인 경우</SPAN>
</TD>
</TR>

<TR ACOPY="Y" ADELETE="Y" HEIGHT="30">
<TD ALIGN="CENTER" WIDTH="37" HEIGHT="23">3차</TD>

<TD WIDTH="585" HEIGHT="23">기초자산의 3차 자동조기상환평가가격이 
<SPAN USERMARK="BU">최초기준가격의 90% 이상인 경우</SPAN>
</TD>
</TR>

<TR ACOPY="Y" ADELETE="Y" HEIGHT="30">
<TD ALIGN="CENTER" WIDTH="37" HEIGHT="23">4차</TD>

<TD WIDTH="585" HEIGHT="23">기초자산의 4차 자동조기상환평가가격이 
<SPAN USERMARK="BU">최초기준가격의 90% 이상인 경우</SPAN>
</TD>
</TR>

<TR ACOPY="Y" ADELETE="Y" HEIGHT="30">
<TD ALIGN="CENTER" WIDTH="37" HEIGHT="23">5차</TD>

<TD WIDTH="585" HEIGHT="23">기초자산의 5차 자동조기상환평가가격이 
<SPAN USERMARK="BU">최초기준가격의 90% 이상인 경우</SPAN>
</TD>
</TR>
</TBODY>
</TABLE>
<P USERMARK="F-GL ">○ 자동조기상환평가가격 : 해당 차수 자동조기상환평가일 기초자산 종가</P>
<P USERMARK="F-GL ">○ 자동조기상환평가일 및 상환금액</P>

<TABLE ACLASS="NORMAL" WIDTH="375" BORDER="1" AFIXTABLE="N">

<COLGROUP WIDTH="375">
<COL WIDTH="44"></COL>
<COL WIDTH="168"></COL>
<COL WIDTH="163"></COL>
</COLGROUP>

<TBODY>

<TR ACOPY="Y" ADELETE="Y" HEIGHT="30">
<TD ALIGN="CENTER" WIDTH="35" HEIGHT="23" USERMARK="B">차수</TD>
<TD ALIGN="CENTER" WIDTH="159" HEIGHT="23" USERMARK="B">자동조기상환평가일</TD>
<TD ALIGN="CENTER" WIDTH="154" HEIGHT="23" USERMARK="B">상환금액(세전)</TD>
</TR>

<TR ACOPY="Y" ADELETE="Y" HEIGHT="30">
<TD ALIGN="CENTER" VALIGN="MIDDLE" WIDTH="35" HEIGHT="23">1차</TD>
<TD ALIGN="CENTER" VALIGN="MIDDLE" WIDTH="159" HEIGHT="23">2026년 07월 06일</TD>
<TD ALIGN="CENTER" VALIGN="MIDDLE" WIDTH="154" HEIGHT="23">액면금액 × 102.35%</TD>
</TR>

<TR ACOPY="Y" ADELETE="Y" HEIGHT="30">
<TD ALIGN="CENTER" VALIGN="MIDDLE" WIDTH="35" HEIGHT="23">2차</TD>
<TD ALIGN="CENTER" VALIGN="MIDDLE" WIDTH="159" HEIGHT="23">2027년 01월 05일</TD>
<TD ALIGN="CENTER" VALIGN="MIDDLE" WIDTH="154" HEIGHT="23">액면금액 × 104.70%</TD>
</TR>

<TR ACOPY="Y" ADELETE="Y" HEIGHT="30">
<TD ALIGN="CENTER" VALIGN="MIDDLE" WIDTH="35" HEIGHT="23">3차</TD>
<TD ALIGN="CENTER" VALIGN="MIDDLE" WIDTH="159" HEIGHT="23">2027년 07월 05일</TD>
<TD ALIGN="CENTER" VALIGN="MIDDLE" WIDTH="154" HEIGHT="23">액면금액 × 107.05%</TD>
</TR>

<TR ACOPY="Y" ADELETE="Y" HEIGHT="30">
<TD ALIGN="CENTER" VALIGN="MIDDLE" WIDTH="35" HEIGHT="23">4차</TD>
<TD ALIGN="CENTER" VALIGN="MIDDLE" WIDTH="159" HEIGHT="23">2028년 01월 05일</TD>
<TD ALIGN="CENTER" VALIGN="MIDDLE" WIDTH="154" HEIGHT="23">액면금액 × 109.40%</TD>
</TR>

<TR ACOPY="Y" ADELETE="Y" HEIGHT="30">
<TD ALIGN="CENTER" VALIGN="MIDDLE" WIDTH="35" HEIGHT="23">5차</TD>
<TD ALIGN="CENTER" VALIGN="MIDDLE" WIDTH="159" HEIGHT="23">2028년 07월 05일</TD>
<TD ALIGN="CENTER" VALIGN="MIDDLE" WIDTH="154" HEIGHT="23">액면금액 × 111.75%</TD>
</TR>
</TBODY>
</TABLE>
<P USERMARK="F-GL ">○ 자동조기상환일 : 해당 차수 자동조기상환평가일(불포함) 후 2영업일</P>
<P USERMARK="F-GL ">○ 자동조기상환 발생에 따라 상환이 이루어진 경우 본 증권은 종료되고 발행인은 이후 본 증권에 대하여 여하한 추가적인 의무를 부담하지 않음.</P>

<P USERMARK="F-GL ">
<SPAN USERMARK="B">다. 만기상환</SPAN>
</P>
<P USERMARK="F-GL ">○ 자동조기상환이 발생하지 않은 경우 발행인은 만기일에 아래 만기상환금액 결정조건에 따라 결정된 상환금액을 지급함으로써 본 증권을 상환함.</P>

<TABLE ACLASS="NORMAL" WIDTH="600" BORDER="1" AFIXTABLE="N">

<COLGROUP WIDTH="600">
<COL WIDTH="399"></COL>
<COL WIDTH="201"></COL>
</COLGROUP>

<TBODY>

<TR ACOPY="Y" ADELETE="Y" HEIGHT="30">
<TD ALIGN="CENTER" WIDTH="390" HEIGHT="23" USERMARK="B">만기상환금액 결정조건</TD>
<TD ALIGN="CENTER" WIDTH="192" HEIGHT="23" USERMARK="B">상환금액(세전)</TD>
</TR>

<TR ACOPY="Y" ADELETE="Y" HEIGHT="53">

<TD WIDTH="390" HEIGHT="46">① 만기평가일에 기초자산의 만기평가가격이 
<SPAN USERMARK="BU">최초기준가격의 90%이상인 경우</SPAN>
</TD>
<TD ALIGN="CENTER" VALIGN="MIDDLE" WIDTH="192" HEIGHT="46">원금×114.10%</TD>
</TR>

<TR ACOPY="Y" ADELETE="Y" HEIGHT="76">

<TD WIDTH="390" HEIGHT="69">② 위 ①에 해당하지 않고, 
<SPAN USERMARK="BU">기초자산의 종가의 만기평가가격이 최초기준가격의 90% 미만인 경우</SPAN>
</TD>
<TD ALIGN="CENTER" VALIGN="MIDDLE" WIDTH="192" HEIGHT="69">원금 × 100.00%</TD>
</TR>
</TBODY>
</TABLE>
<P USERMARK="F-GL "></P>

<P USERMARK="F-GL ">○ 
<SPAN USERMARK="B">만기평가가격</SPAN> : 만기평가일 기초자산 종가○ 
<SPAN USERMARK="B">만기평가일</SPAN> : 2029년 01월 05일
</P>
<P></P>
<P></P>
<P>                                                                                      2026년 01월 05일                                                                                       키움증권 주식회사                                                                                        대표이사 엄주성</P>
</SECTION-2>
</LIBRARY>

</SECTION-1>
</BODY>
</DOCUMENT>