<html>
 <head> 
  <meta content="gdi" http-equiv="X-UA-TextLayoutMetrics"> 
  <meta content="text/html; charset=euc-kr" http-equiv="Content-Type"> 
  <STYLE>
.xforms * { font-family: 돋움체;}
.xforms_title * { font-size: 13pt; padding : 0 0 10 0;}

.xforms table {
    font-size: 10px;
    padding:0px;
    border-collapse:collapse;
    color: #3D3D3D;
}
.xforms td {
    padding-left:0px;
    padding-top:0px;
    border-collapse:collapse;
    line-height:22px;
    color: #3D3D3D;
    /*text-align:right;*/
    vertical-align:middle;
    border: 1px solid #7f7f7f;
}

.xforms span {
    /*display: inline-block;*/
    padding-left:3px;
    padding-right: 1px;
    line-height:22px;
    padding-top:0px;
    padding-bottom:0px;
    text-align:left;
    vertical-align:middle;
    border: 0px solid #DBDBDB;
}

.xforms.img{
    border : 0px;
}

.xforms a:link {

    color: #194866;
    text-decoration: none;
}
.xforms a:active {

    color: #194866;
    text-decoration: none;
}
.xforms a:visited {
    color: #194866;
    text-decoration: none;
}

.xforms A:hover {
    color:008BE3;
    text-decoration: none;
}

.xforms_input{
    border: 0px solid #DBDBDB;
    padding-left:3px;
    padding-right: 1px;
    height:22px;
    padding-top:0px;
    padding-bottom:0px;
    text-align:left;
}
</STYLE> 
  <title>까뮤이앤씨/단일판매ㆍ공급계약체결/(2026.01.05)단일판매ㆍ공급계약체결</title> 
 </head> 
 <body> 
  <div class="xforms"> 
   <div> 
    <div id="LIB_LC000" style="width:600px;font-size:10pt;;padding:0 0 20 0"> 
     <div> 
      <div> 
       <span style="width:600px;font-size:10pt;font-weight:bold;text-align:center;">정정신고(보고)</span> 
       <table border="0" bordercolordark="white" bordercolorlight="#666666" cellpadding="1" cellspacing="0" id="XFormD8_Form0_Table1" style="margin:0px 0px 20px 0px;width:600px;font-size:10pt;"> 
        <tbody> 
         <tr> 
          <td width="434"> <span style="width:434px;font-size:10pt;text-align:right;">정정일자</span> </td> 
          <td width="166"> <span class="xforms_input" style="width:166px;font-size:10pt;">2026-01-05</span> </td> 
         </tr> 
        </tbody> 
       </table> 
       <table border="1" bordercolordark="white" bordercolorlight="#666666" cellpadding="1" cellspacing="0" id="XFormD8_Form0_RepeatTable0" style="margin:0px 0px 20px 0px;width:600px;font-size:10pt;border:1px solid #7f7f7f;"> 
        <tbody> 
         <tr> 
          <td width="200"> <span style="width:200px;font-size:10pt;">1. 정정관련 공시서류</span> </td> 
          <td colspan="2" width="400"> <span class="xforms_input" style="width:400px;font-size:10pt;">단일판매ㆍ공급계약 체결</span> </td> 
         </tr> 
         <tr> 
          <td width="200"> <span style="width:200px;font-size:10pt;">2. 정정관련 공시서류제출일</span> </td> 
          <td colspan="2" width="400"> <span class="xforms_input" style="width:400px;font-size:10pt;">2024-12-02</span> </td> 
         </tr> 
         <tr> 
          <td width="200"> <span style="width:200px;font-size:10pt;">3. 정정사유</span> </td> 
          <td colspan="2" width="400"> <span class="xforms_input" style="width:400px;font-size:10pt;">계약금액 변경</span> </td> 
         </tr> 
         <tr> 
          <td colspan="3" width="600"> <span style="width:600px;font-size:10pt;">4. 정정사항</span> </td> 
         </tr> 
         <tr> 
          <td width="200"> <span style="width:200px;font-size:10pt;text-align:center;">정정항목</span> </td> 
          <td width="200"> <span style="width:200px;font-size:10pt;text-align:center;">정정전</span> </td> 
          <td width="200"> <span style="width:200px;font-size:10pt;text-align:center;">정정후</span> </td> 
         </tr> 
         <tr> 
          <td width="200"> <span class="xforms_input" style="width:200px;font-size:10pt;">2. 계약내역 <br java="http://xml.apache.org/xalan/java">   계약금액(원) <br java="http://xml.apache.org/xalan/java">   매출액대비(%)</span> </td> 
          <td width="200"> <span class="xforms_input" style="width:200px;font-size:10pt;"> <br java="http://xml.apache.org/xalan/java">75,996,800,000 <br java="http://xml.apache.org/xalan/java">27.3</span> </td> 
          <td width="200"> <span class="xforms_input" style="width:200px;font-size:10pt;"> <br java="http://xml.apache.org/xalan/java">87,947,200,000 <br java="http://xml.apache.org/xalan/java">31.5</span> </td> 
         </tr> 
        </tbody> 
       </table> 
       <table border="1" bordercolordark="white" bordercolorlight="#666666" cellpadding="1" cellspacing="0" id="XFormD8_Form0_Table0" style="margin:0px 0px 20px 0px;width:599px;font-size:10pt;border:1px solid #7f7f7f;"> 
        <tbody> 
         <tr> 
          <td width="599"> <span class="xforms_input" style="width:599px;font-size:10pt;">-</span> </td> 
         </tr> 
        </tbody> 
       </table> 
      </div> 
     </div> 
    </div> 
    <span style="width:592px;font-weight:bold;text-align:center;">단일판매ㆍ공급계약 체결</span> 
    <span class="noprint" style="display:none;width:600px;font-size:10pt;"> </span> 
    <table border="1" bordercolordark="white" bordercolorlight="#666666" cellpadding="1" cellspacing="0" id="XFormD1_Form0_Table0" style="margin:0px 0px 20px 0px;width:594px;font-size:10pt;border:1px solid #7f7f7f;"> 
     <tbody> 
      <tr> 
       <td colspan="2" width="300"> <span style="width:300px;font-size:10pt;">1. 판매ㆍ공급계약 구분</span> </td> 
       <td width="294"> <span class="xforms_input" style="width:294px;font-size:10pt;">공사수주</span> </td> 
      </tr> 
      <tr> 
       <td colspan="2" width="300"> <span style="width:300px;font-size:10pt;">- 체결계약명</span> </td> 
       <td width="294"> <span class="xforms_input" style="width:294px;font-size:10pt;">SK Hynix 용인Cluster 1기 OBL Project PC공사</span> </td> 
      </tr> 
      <tr> 
       <td rowspan="4" width="144"> <span style="width:144px;font-size:10pt;">2. 계약내역</span> </td> 
       <td width="156"> <span style="width:156px;font-size:10pt;text-align:center;">계약금액(원)</span> </td> 
       <td width="294"> <span class="xforms_input" style="width:294px;font-size:10pt;text-align:right;">87,947,200,000</span> </td> 
      </tr> 
      <tr> 
       <td width="156"> <span style="width:156px;font-size:10pt;text-align:center;">최근매출액(원)</span> </td> 
       <td width="294"> <span class="xforms_input" style="width:294px;font-size:10pt;text-align:right;">278,827,953,382</span> </td> 
      </tr> 
      <tr> 
       <td width="156"> <span style="width:156px;font-size:10pt;text-align:center;">매출액대비(%)</span> </td> 
       <td width="294"> <span class="xforms_input" style="width:294px;font-size:10pt;text-align:right;">31.5</span> </td> 
      </tr> 
      <tr> 
       <td width="156"> <span style="width:156px;font-size:10pt;text-align:center;">대규모법인여부</span> </td> 
       <td width="294"> <span class="xforms_input" style="width:294px;font-size:10pt;">미해당</span> </td> 
      </tr> 
      <tr> 
       <td colspan="2" width="300"> <span style="width:300px;font-size:10pt;">3. 계약상대</span> </td> 
       <td width="294"> <span class="xforms_input" style="width:294px;font-size:10pt;">에스케이에코플랜트㈜</span> </td> 
      </tr> 
      <tr> 
       <td colspan="2" width="300"> <span style="width:300px;font-size:10pt;">- 회사와의 관계</span> </td> 
       <td width="294"> <span class="xforms_input" style="width:294px;font-size:10pt;">-</span> </td> 
      </tr> 
      <tr> 
       <td colspan="2" width="300"> <span style="width:300px;font-size:10pt;">4. 판매ㆍ공급지역</span> </td> 
       <td width="294"> <span class="xforms_input" style="width:294px;font-size:10pt;">경기 용인</span> </td> 
      </tr> 
      <tr> 
       <td rowspan="2" width="144"> <span style="width:144px;font-size:10pt;">5. 계약기간</span> </td> 
       <td width="156"> <span style="width:156px;font-size:10pt;text-align:center;">시작일</span> </td> 
       <td width="294"> <span class="xforms_input" style="width:294px;font-size:10pt;">2024-11-27</span> </td> 
      </tr> 
      <tr> 
       <td width="156"> <span style="width:156px;font-size:10pt;text-align:center;">종료일</span> </td> 
       <td width="294"> <span class="xforms_input" style="width:294px;font-size:10pt;">2027-06-30</span> </td> 
      </tr> 
      <tr> 
       <td rowspan="2" width="144"> <span style="width:144px;font-size:10pt;">6. 주요 계약조건</span> </td> 
       <td width="156"> <span style="width:156px;font-size:10pt;text-align:center;">계약금ㆍ선급금 유무</span> </td> 
       <td width="294"> <span class="xforms_input" style="width:294px;font-size:10pt;">무</span> </td> 
      </tr> 
      <tr> 
       <td width="156"> <span style="width:156px;font-size:10pt;text-align:center;">대금지급 조건 등</span> </td> 
       <td width="294"> <span class="xforms_input" style="width:294px;font-size:10pt;">기성금 월 1회 지급</span> </td> 
      </tr> 
      <tr> 
       <td colspan="2" width="300"> <span style="width:300px;font-size:10pt;">7. 계약(수주)일자</span> </td> 
       <td width="294"> <span class="xforms_input" style="width:294px;font-size:10pt;">2024-11-29</span> </td> 
      </tr> 
      <tr> 
       <td rowspan="2" width="144"> <span style="width:144px;font-size:10pt;">8. 공시유보 관련내용</span> </td> 
       <td width="156"> <span style="width:156px;font-size:10pt;text-align:center;">유보사유</span> </td> 
       <td width="294"> <span class="xforms_input" style="width:294px;font-size:10pt;">-</span> </td> 
      </tr> 
      <tr> 
       <td width="156"> <span style="width:156px;font-size:10pt;text-align:center;">유보기한</span> </td> 
       <td width="294"> <span class="xforms_input" style="width:294px;font-size:10pt;">-</span> </td> 
      </tr> 
      <tr> 
       <td colspan="3" width="594"> <span style="width:594px;font-size:10pt;">9. 기타 투자판단과 관련한 중요사항</span> </td> 
      </tr> 
      <tr> 
       <td colspan="3" width="594"> <span class="xforms_input" style="width:594px;font-size:10pt;">1) 공사개요 : SK Hynix 용인Cluster 1기 OBL Project 중 폐수처리시설 PC자재납품 및 <br xmlns:java="http://xml.apache.org/xalan/java">
         <!--?javax.xml.transform.disable-output-escaping?--> 
         <!--?javax.xml.transform.enable-output-escaping?-->  설치공사임. <br xmlns:java="http://xml.apache.org/xalan/java">2) 상기 계약금액은 부가가치세 포함 금액, 최근 매출액은 2023년말 연결 재무제표 <br xmlns:java="http://xml.apache.org/xalan/java">
         <!--?javax.xml.transform.disable-output-escaping?--> 
         <!--?javax.xml.transform.enable-output-escaping?-->  기준입니다. <br xmlns:java="http://xml.apache.org/xalan/java">3) 상기 계약(수주)일자는 계약상대의 전자서명일자 입니다. <br xmlns:java="http://xml.apache.org/xalan/java">4) PC(Precast Concrete) 공법은 탈현장 시공(OSC : Off-Site Construction)의 일환으로 <br xmlns:java="http://xml.apache.org/xalan/java">
         <!--?javax.xml.transform.disable-output-escaping?--> 
         <!--?javax.xml.transform.enable-output-escaping?-->  건축물의 기둥,보,슬래브 등의 콘크리트 구조물을 공장에서 제작한 후 건설현장으로 <br xmlns:java="http://xml.apache.org/xalan/java">
         <!--?javax.xml.transform.disable-output-escaping?--> 
         <!--?javax.xml.transform.enable-output-escaping?-->  옮겨 조립하는 공업화 시공방식입니다. <br xmlns:java="http://xml.apache.org/xalan/java">5) 본 사업의 원발주자인 SK하이닉스에서 추후 PC설치공사를 제외한 PC자재납품에 대하여 <br xmlns:java="http://xml.apache.org/xalan/java">
         <!--?javax.xml.transform.disable-output-escaping?--> 
         <!--?javax.xml.transform.enable-output-escaping?-->  발주방식(직접발주)이 변경될 경우 계약이 분리 될수 있으며, 계약금액이 변동될 수 <br xmlns:java="http://xml.apache.org/xalan/java">
         <!--?javax.xml.transform.disable-output-escaping?--> 
         <!--?javax.xml.transform.enable-output-escaping?-->  있습니다.</span> </td> 
      </tr> 
      <tr> 
       <td width="144"> <span style="width:144px;font-size:10pt;">※ 관련공시</span> </td> 
       <td colspan="2" width="450"> <span style="width:450px;font-size:10pt;"> <a href="http://kind.krx.co.kr/common/disclsviewer.do?method=search&amp;acptno=20241202000098&amp;rcpno=20241202000098&amp;orgid=G&amp;tran=Y&amp;langTpCd=0" target="_blank" xmlns="http://www.w3.org/1999/xhtml" xmlns:xf="http://www.w3.org/2002/xforms" xmlns:xh="http://www.w3.org/1999/xhtml" xmlns:xsd="http://www.w3.org/2001/XMLSchema">2024-12-02 단일판매ㆍ공급계약체결</a> <br xmlns:java="http://xml.apache.org/xalan/java"> </span> </td> 
      </tr> 
     </tbody> 
    </table> 
   </div> 
  </div>  
 </body>
</html>