<html>
 <head> 
  <meta content="gdi" http-equiv="X-UA-TextLayoutMetrics"> 
  <meta content="text/html; charset=euc-kr" http-equiv="Content-Type"> 
  <STYLE>
.xforms * { font-family: 돋움체;}
.xforms_title * { font-size: 13pt; padding : 0 0 10 0;}

.xforms table {
    font-size: 10px;
    padding:0px;
    border-collapse:collapse;
    color: #3D3D3D;
}
.xforms td {
    padding-left:0px;
    padding-top:0px;
    border-collapse:collapse;
    line-height:22px;
    color: #3D3D3D;
    /*text-align:right;*/
    vertical-align:middle;
    border: 1px solid #7f7f7f;
}

.xforms span {
    /*display: inline-block;*/
    padding-left:3px;
    padding-right: 1px;
    line-height:22px;
    padding-top:0px;
    padding-bottom:0px;
    text-align:left;
    vertical-align:middle;
    border: 0px solid #DBDBDB;
}

.xforms.img{
    border : 0px;
}

.xforms a:link {

    color: #194866;
    text-decoration: none;
}
.xforms a:active {

    color: #194866;
    text-decoration: none;
}
.xforms a:visited {
    color: #194866;
    text-decoration: none;
}

.xforms A:hover {
    color:008BE3;
    text-decoration: none;
}

.xforms_input{
    border: 0px solid #DBDBDB;
    padding-left:3px;
    padding-right: 1px;
    height:22px;
    padding-top:0px;
    padding-bottom:0px;
    text-align:left;
}
</STYLE> 
  <title>플레이그램/임시주주총회 결과/(2026.01.05)임시주주총회 결과</title> 
 </head> 
 <body> 
  <div class="xforms"> 
   <div> 
    <span class="noprint" style="display:none;width:600px;font-size:10pt;"> </span> 
    <div class="xforms_title"> 
     <div> 
      <span style="width:592px;font-weight:bold;text-align:center;">임시주주총회 결과</span> 
     </div> 
    </div> 
    <span class="noprint" style="display:none;width:600px;font-size:10pt;"> </span> 
    <table border="1" bordercolordark="white" bordercolorlight="#666666" cellpadding="1" cellspacing="0" id="XFormD3_Form0_Table0" style="margin:0px 0px 20px 0px;width:600px;font-size:10pt;border:1px solid #666666;"> 
     <tbody> 
      <tr> 
       <td width="214"> <span style="width:214px;font-size:10pt;">1. 결의사항</span> </td> 
       <td colspan="2" width="386"> <span class="xforms_input" style="width:386px;font-size:10pt;">제1호 의안 : 정관 일부 변경의 건 <br xmlns:java="http://xml.apache.org/xalan/java">
         <!--?javax.xml.transform.disable-output-escaping?--> 
         <!--?javax.xml.transform.enable-output-escaping?--> 제2조(목적) <br xmlns:java="http://xml.apache.org/xalan/java">
         <!--?javax.xml.transform.disable-output-escaping?--> 
         <!--?javax.xml.transform.enable-output-escaping?--> 제6조(일주의 금액) <br xmlns:java="http://xml.apache.org/xalan/java">
         <!--?javax.xml.transform.disable-output-escaping?--> 
         <!--?javax.xml.transform.enable-output-escaping?--> (주식의 액면병합 100원-&gt;500원) <br xmlns:java="http://xml.apache.org/xalan/java"> <br xmlns:java="http://xml.apache.org/xalan/java">-&gt; 원안대로 가결</span> </td> 
      </tr> 
      <tr> 
       <td width="214"> <span style="width:214px;font-size:10pt;">2. 주주총회 일자</span> </td> 
       <td colspan="2" width="386"> <span class="xforms_input" style="width:386px;font-size:10pt;">2026-01-05</span> </td> 
      </tr> 
      <tr> 
       <td colspan="3" width="600"> <span style="width:600px;font-size:10pt;">3. 기타 투자판단과 관련한 중요사항</span> </td> 
      </tr> 
      <tr> 
       <td colspan="3" width="600"> <span class="xforms_input" style="width:600px;font-size:10pt;">-</span> </td> 
      </tr> 
      <tr> 
       <td width="214"> <span style="width:214px;font-size:10pt;">※ 관련공시</span> </td> 
       <td width="386"> <span style="width:386px;font-size:10pt;"> <a href="http://kind.krx.co.kr/common/disclsviewer.do?method=search&amp;acptno=20251219000526&amp;rcpno=20251219000388&amp;orgid=F&amp;tran=Y&amp;langTpCd=0" target="_blank" xmlns="http://www.w3.org/1999/xhtml" xmlns:xf="http://www.w3.org/2002/xforms" xmlns:xh="http://www.w3.org/1999/xhtml" xmlns:xsd="http://www.w3.org/2001/XMLSchema">2025-12-19 주주총회소집공고</a> <br xmlns:java="http://xml.apache.org/xalan/java"> <a href="http://kind.krx.co.kr/common/disclsviewer.do?method=search&amp;acptno=20251219000389&amp;rcpno=20251219000389&amp;orgid=G&amp;tran=Y&amp;langTpCd=0" target="_blank" xmlns="http://www.w3.org/1999/xhtml" xmlns:xf="http://www.w3.org/2002/xforms" xmlns:xh="http://www.w3.org/1999/xhtml" xmlns:xsd="http://www.w3.org/2001/XMLSchema">2025-12-19 주주총회소집결의</a> <br xmlns:java="http://xml.apache.org/xalan/java"> <a href="http://kind.krx.co.kr/common/disclsviewer.do?method=search&amp;acptno=20251126000729&amp;rcpno=20251126000729&amp;orgid=G&amp;tran=Y&amp;langTpCd=0" target="_blank" xmlns="http://www.w3.org/1999/xhtml" xmlns:xf="http://www.w3.org/2002/xforms" xmlns:xh="http://www.w3.org/1999/xhtml" xmlns:xsd="http://www.w3.org/2001/XMLSchema">2025-11-26 주주총회소집결의</a> <br xmlns:java="http://xml.apache.org/xalan/java"> </span> </td> 
      </tr> 
     </tbody> 
    </table> 
    <span class="noprint" style="display:none;width:600px;font-size:10pt;"> </span> 
    <span class="noprint" style="display:none;width:600px;font-size:10pt;"> </span> 
    <span class="noprint" style="display:none;width:600px;font-size:10pt;"> </span> 
    <span class="noprint" style="display:none;width:600px;font-size:10pt;"> </span> 
    <div id="LIB_L9003" style="width:600px;font-size:10pt;;padding:0 0 20 0"> 
     <div> 
      <div> 
       <span style="width:598px;font-size:11pt;font-weight:bold;">[사업목적 변경 세부내역]</span> 
       <table border="1" bordercolordark="white" bordercolorlight="#666666" cellpadding="1" cellspacing="0" id="XFormD4_Form0_Table0" style="margin:0px 0px 20px 0px;width:600px;font-size:10pt;border:1px solid #7f7f7f;"> 
        <tbody> 
         <tr> 
          <td width="124"> <span style="width:124px;font-size:10pt;text-align:center;">구분</span> </td> 
          <td colspan="2" width="318"> <span style="width:318px;font-size:10pt;text-align:center;">내용</span> </td> 
          <td width="158"> <span style="width:158px;font-size:10pt;text-align:center;">이유</span> </td> 
         </tr> 
         <tr> 
          <td width="124"> <span style="width:124px;font-size:10pt;">1. 사업목적 추가</span> </td> 
          <td colspan="2" width="318"> <span class="xforms_input" style="width:318px;font-size:10pt;">8. 부동산 임대, 전대 및 관리업 <br java="http://xml.apache.org/xalan/java">24. 카페운영업 제과제빵 도소매업 <br java="http://xml.apache.org/xalan/java">25. 각종 식, 음료 제조 가공 및 판매업 <br java="http://xml.apache.org/xalan/java">26. 프랜차이즈사업 <br java="http://xml.apache.org/xalan/java">27. 인테리어 공사업 <br java="http://xml.apache.org/xalan/java">28. F&amp;B 브랜드 기획, 개발 및 운영업 <br java="http://xml.apache.org/xalan/java">29. 토큰증권의 발행 및 관련 서비스업</span> </td> 
          <td width="158"> <span class="xforms_input" style="width:158px;font-size:10pt;">사업다각화</span> </td> 
         </tr> 
         <tr> 
          <td width="124"> <span style="width:124px;font-size:10pt;">2. 사업목적 삭제</span> </td> 
          <td colspan="2" width="318"> <span class="xforms_input" style="width:318px;font-size:10pt;">8. 석탄, 원유, 우라늄 광업 등의 무역 및 관련 서비스업 <br java="http://xml.apache.org/xalan/java">24. 종합유선방송 사업 및 방송채널 사용 사업</span> </td> 
          <td width="158"> <span class="xforms_input" style="width:158px;font-size:10pt;">미영위</span> </td> 
         </tr> 
         <tr> 
          <td rowspan="2" width="124"> <span style="width:124px;font-size:10pt;">3. 사업목적 변경</span> </td> 
          <td width="161"> <span style="width:161px;font-size:10pt;text-align:center;">변경전</span> </td> 
          <td width="157"> <span style="width:157px;font-size:10pt;text-align:center;">변경후</span> </td> 
          <td width="158"> <span style="width:158px;font-size:10pt;"> <br java="http://xml.apache.org/xalan/java"></span> </td> 
         </tr> 
         <tr> 
          <td width="161"> <span class="xforms_input" style="width:161px;font-size:10pt;">6. 커뮤니티의 구성 및 광고업 <br java="http://xml.apache.org/xalan/java">10. 아웃소싱</span> </td> 
          <td width="157"> <span class="xforms_input" style="width:157px;font-size:10pt;">6. 광고 마케팅 프로모션 기획 및 대행업 <br java="http://xml.apache.org/xalan/java">10. 업무위탁 및 대행업</span> </td> 
          <td width="158"> <span class="xforms_input" style="width:158px;font-size:10pt;">용어의 명확화</span> </td> 
         </tr> 
        </tbody> 
       </table> 
      </div> 
     </div> 
    </div> 
    <span class="noprint" style="display:none;width:600px;font-size:10pt;"> </span> 
    <span class="noprint" style="display:none;width:600px;font-size:10pt;"> </span> 
    <span class="noprint" style="display:none;width:600px;font-size:10pt;"> </span> 
    <span class="noprint" style="display:none;width:600px;font-size:10pt;"> </span> 
   </div> 
  </div>  
 </body>
</html>