<?xml version="1.0" encoding="utf-8"?>


<DOCUMENT xmlns:xsi="http://www.w3.org/2001/XMLSchema-instance" xsi:noNamespaceSchemaLocation="dart3.xsd">

<DOCUMENT-NAME ACODE="80701">계열금융회사를거래상대방으로한단기금융상품거래의분기별공시</DOCUMENT-NAME>
<FORMULA-VERSION ADATE="20211230">1.2</FORMULA-VERSION>
<COMPANY-NAME AREGCIK="00440156">(주)농협사료</COMPANY-NAME>


<BODY>

<SECTION-1 ACLASS="MANDATORY" APARTSOURCE="SOURCE">
<TITLE ATOC="Y" AASSOCNOTE="D-0-1-0-0">계열금융회사를 거래상대방으로 한 단기금융상품 거래의 분기별 공시</TITLE>
<P></P>

<TABLE ACLASS="NORMAL" WIDTH="701" BORDER="1">

<COLGROUP>
<COL WIDTH="84"></COL>
<COL WIDTH="39"></COL>
<COL WIDTH="54"></COL>
<COL WIDTH="96"></COL>
<COL WIDTH="69"></COL>
<COL WIDTH="83"></COL>
<COL WIDTH="69"></COL>
<COL WIDTH="135"></COL>
</COLGROUP>

<TBODY ALIGN="LEFT" VALIGN="TOP">

<TR ACOPY="Y" ADELETE="Y">
<TD ALIGN="CENTER" VALIGN="MIDDLE" WIDTH="93" HEIGHT="30">기업집단명</TD>
<TD VALIGN="MIDDLE" WIDTH="48" HEIGHT="30" ALIGN="CENTER">농협</TD>
<TD ALIGN="CENTER" VALIGN="MIDDLE" WIDTH="63" HEIGHT="30">회사명</TD>
<TD VALIGN="MIDDLE" WIDTH="105" HEIGHT="30" ALIGN="CENTER">(주)농협사료</TD>
<TD ALIGN="CENTER" VALIGN="MIDDLE" WIDTH="78" HEIGHT="30">공시일자</TD>
<TD VALIGN="MIDDLE" WIDTH="92" HEIGHT="30" ALIGN="CENTER">2024.01.05</TD>
<TD ALIGN="CENTER" VALIGN="MIDDLE" WIDTH="78" HEIGHT="30">관련법규</TD>
<TD ALIGN="CENTER" VALIGN="MIDDLE" WIDTH="144" HEIGHT="30">공정거래법 제26조</TD>
</TR>
</TBODY>
</TABLE>
<P></P>

<TABLE ACLASS="NORMAL" AFIXTABLE="N" WIDTH="895" BORDER="0">

<COLGROUP>
<COL WIDTH="439"></COL>
<COL WIDTH="438"></COL>
</COLGROUP>

<TBODY>

<TR ACOPY="Y" ADELETE="Y">
<TD WIDTH="448" HEIGHT="30"></TD>
<TD ALIGN="RIGHT" WIDTH="447" HEIGHT="30">(단위 : 억원, %)</TD>
</TR>
</TBODY>
</TABLE>

<TABLE ACLASS="NORMAL" AFIXTABLE="N" WIDTH="894" BORDER="1">

<COLGROUP>
<COL WIDTH="153"></COL>
<COL WIDTH="112"></COL>
<COL WIDTH="106"></COL>
<COL WIDTH="134"></COL>
<COL WIDTH="105"></COL>
<COL WIDTH="88"></COL>
<COL WIDTH="133"></COL>
</COLGROUP>

<THEAD>

<TR ACOPY="Y" ADELETE="Y">
<TH ROWSPAN="2" ALIGN="CENTER" VALIGN="MIDDLE" WIDTH="162" HEIGHT="60" ACOPYCOL="Y" ADELETECOL="Y" AMOVECOL="N">거래상대방</TH>
<TH ROWSPAN="2" ALIGN="CENTER" VALIGN="MIDDLE" WIDTH="121" HEIGHT="60" ACOPYCOL="Y" ADELETECOL="Y" AMOVECOL="N">거래일자</TH>
<TH ROWSPAN="2" ALIGN="CENTER" VALIGN="MIDDLE" WIDTH="115" HEIGHT="60" ACOPYCOL="Y" ADELETECOL="Y" AMOVECOL="N">거래대상</TH>
<TH ROWSPAN="2" ALIGN="CENTER" VALIGN="MIDDLE" WIDTH="143" HEIGHT="60" ACOPYCOL="Y" ADELETECOL="Y" AMOVECOL="N">거래금액</TH>
<TH COLSPAN="2" ALIGN="CENTER" VALIGN="MIDDLE" WIDTH="211" HEIGHT="30" ACOPYCOL="Y" ADELETECOL="Y" AMOVECOL="N">거래조건</TH>
<TH ROWSPAN="2" ALIGN="CENTER" VALIGN="MIDDLE" WIDTH="142" HEIGHT="60" ACOPYCOL="Y" ADELETECOL="Y" AMOVECOL="N">거래목적</TH>
</TR>

<TR ACOPY="Y" ADELETE="Y">
<TH ALIGN="CENTER" VALIGN="MIDDLE" WIDTH="114" HEIGHT="30" ACOPYCOL="Y" ADELETECOL="Y" AMOVECOL="N">단가/이자율</TH>
<TH ALIGN="CENTER" VALIGN="MIDDLE" WIDTH="97" HEIGHT="30" ACOPYCOL="Y" ADELETECOL="Y" AMOVECOL="N">기타</TH>
</TR>
</THEAD>

<TBODY>

<TR ACOPY="Y" ADELETE="Y">
<TD ROWSPAN="22" ALIGN="CENTER" VALIGN="MIDDLE" WIDTH="162" HEIGHT="660">NH농협은행</TD>
<TD VALIGN="MIDDLE" WIDTH="121" HEIGHT="30" ALIGN="CENTER">2023-10-04</TD>
<TD VALIGN="MIDDLE" WIDTH="115" HEIGHT="630" ROWSPAN="21" ALIGN="CENTER">특정금전신탁</TD>
<TD VALIGN="MIDDLE" WIDTH="143" HEIGHT="30" ALIGN="RIGHT">              130 </TD>
<TD VALIGN="MIDDLE" WIDTH="114" HEIGHT="630" ROWSPAN="21" ALIGN="CENTER">시장실세금리</TD>
<TD VALIGN="MIDDLE" WIDTH="97" HEIGHT="630" ROWSPAN="21" ALIGN="CENTER">-</TD>
<TD VALIGN="MIDDLE" WIDTH="142" HEIGHT="630" ROWSPAN="21" ALIGN="CENTER">안정적인 자금운용</TD>
</TR>

<TR ACOPY="Y" ADELETE="Y">
<TD VALIGN="MIDDLE" WIDTH="121" HEIGHT="30" ALIGN="CENTER">2023-10-05</TD>
<TD VALIGN="MIDDLE" WIDTH="143" HEIGHT="30" ALIGN="RIGHT">            1,206 </TD>
</TR>

<TR ACOPY="Y" ADELETE="Y">
<TD VALIGN="MIDDLE" WIDTH="121" HEIGHT="30" ALIGN="CENTER">2023-10-10</TD>
<TD VALIGN="MIDDLE" WIDTH="143" HEIGHT="30" ALIGN="RIGHT">               54 </TD>
</TR>

<TR ACOPY="Y" ADELETE="Y">
<TD VALIGN="MIDDLE" WIDTH="121" HEIGHT="30" ALIGN="CENTER">2023-10-16</TD>
<TD VALIGN="MIDDLE" WIDTH="143" HEIGHT="30" ALIGN="RIGHT">              160 </TD>
</TR>

<TR ACOPY="Y" ADELETE="Y">
<TD VALIGN="MIDDLE" WIDTH="121" HEIGHT="30" ALIGN="CENTER">2023-10-24</TD>
<TD VALIGN="MIDDLE" WIDTH="143" HEIGHT="30" ALIGN="RIGHT">               53 </TD>
</TR>

<TR ACOPY="Y" ADELETE="Y">
<TD VALIGN="MIDDLE" WIDTH="121" HEIGHT="30" ALIGN="CENTER">2023-10-27</TD>
<TD VALIGN="MIDDLE" WIDTH="143" HEIGHT="30" ALIGN="RIGHT">               60 </TD>
</TR>

<TR ACOPY="Y" ADELETE="Y">
<TD VALIGN="MIDDLE" WIDTH="121" HEIGHT="30" ALIGN="CENTER">2023-10-30</TD>
<TD VALIGN="MIDDLE" WIDTH="143" HEIGHT="30" ALIGN="RIGHT">               61 </TD>
</TR>

<TR ACOPY="Y" ADELETE="Y">
<TD VALIGN="MIDDLE" WIDTH="121" HEIGHT="30" ALIGN="CENTER">2023-10-31</TD>
<TD VALIGN="MIDDLE" WIDTH="143" HEIGHT="30" ALIGN="RIGHT">               97 </TD>
</TR>

<TR ACOPY="Y" ADELETE="Y">
<TD VALIGN="MIDDLE" WIDTH="121" HEIGHT="30" ALIGN="CENTER">2023-11-01</TD>
<TD VALIGN="MIDDLE" WIDTH="143" HEIGHT="30" ALIGN="RIGHT">              157 </TD>
</TR>

<TR ACOPY="Y" ADELETE="Y">
<TD VALIGN="MIDDLE" WIDTH="121" HEIGHT="30" ALIGN="CENTER">2023-11-02</TD>
<TD VALIGN="MIDDLE" WIDTH="143" HEIGHT="30" ALIGN="RIGHT">            1,349 </TD>
</TR>

<TR ACOPY="Y" ADELETE="Y">
<TD VALIGN="MIDDLE" WIDTH="121" HEIGHT="30" ALIGN="CENTER">2023-11-07</TD>
<TD VALIGN="MIDDLE" WIDTH="143" HEIGHT="30" ALIGN="RIGHT">              123 </TD>
</TR>

<TR ACOPY="Y" ADELETE="Y">
<TD VALIGN="MIDDLE" WIDTH="121" HEIGHT="30" ALIGN="CENTER">2023-11-08</TD>
<TD VALIGN="MIDDLE" WIDTH="143" HEIGHT="30" ALIGN="RIGHT">              129 </TD>
</TR>

<TR ACOPY="Y" ADELETE="Y">
<TD VALIGN="MIDDLE" WIDTH="121" HEIGHT="30" ALIGN="CENTER">2023-11-10</TD>
<TD VALIGN="MIDDLE" WIDTH="143" HEIGHT="30" ALIGN="RIGHT">               95 </TD>
</TR>

<TR ACOPY="Y" ADELETE="Y">
<TD VALIGN="MIDDLE" WIDTH="121" HEIGHT="30" ALIGN="CENTER">2023-11-15</TD>
<TD VALIGN="MIDDLE" WIDTH="143" HEIGHT="30" ALIGN="RIGHT">              165 </TD>
</TR>

<TR ACOPY="Y" ADELETE="Y">
<TD VALIGN="MIDDLE" WIDTH="121" HEIGHT="30" ALIGN="CENTER">2023-11-24</TD>
<TD VALIGN="MIDDLE" WIDTH="143" HEIGHT="30" ALIGN="RIGHT">               66 </TD>
</TR>

<TR ACOPY="Y" ADELETE="Y">
<TD VALIGN="MIDDLE" WIDTH="121" HEIGHT="30" ALIGN="CENTER">2023-11-28</TD>
<TD VALIGN="MIDDLE" WIDTH="143" HEIGHT="30" ALIGN="RIGHT">               52 </TD>
</TR>

<TR ACOPY="Y" ADELETE="Y">
<TD VALIGN="MIDDLE" WIDTH="121" HEIGHT="30" ALIGN="CENTER">2023-11-30</TD>
<TD VALIGN="MIDDLE" WIDTH="143" HEIGHT="30" ALIGN="RIGHT">               71 </TD>
</TR>

<TR ACOPY="Y" ADELETE="Y">
<TD VALIGN="MIDDLE" WIDTH="121" HEIGHT="30" ALIGN="CENTER">2023-12-01</TD>
<TD VALIGN="MIDDLE" WIDTH="143" HEIGHT="30" ALIGN="RIGHT">              128 </TD>
</TR>

<TR ACOPY="Y" ADELETE="Y">
<TD VALIGN="MIDDLE" WIDTH="121" HEIGHT="30" ALIGN="CENTER">2023-12-04</TD>
<TD VALIGN="MIDDLE" WIDTH="143" HEIGHT="30" ALIGN="RIGHT">            1,250 </TD>
</TR>

<TR ACOPY="Y" ADELETE="Y">
<TD VALIGN="MIDDLE" WIDTH="121" HEIGHT="30" ALIGN="CENTER">2023-12-15</TD>
<TD VALIGN="MIDDLE" WIDTH="143" HEIGHT="30" ALIGN="RIGHT">              182 </TD>
</TR>

<TR ACOPY="Y" ADELETE="Y">
<TD VALIGN="MIDDLE" WIDTH="121" HEIGHT="30" ALIGN="CENTER">2023-12-26</TD>
<TD VALIGN="MIDDLE" WIDTH="143" HEIGHT="30" ALIGN="RIGHT">               64 </TD>
</TR>

<TR ACOPY="Y" ADELETE="Y">
<TD COLSPAN="2" ALIGN="CENTER" VALIGN="MIDDLE" WIDTH="236" HEIGHT="30" USERMARK=" B">소   계</TD>
<TD VALIGN="MIDDLE" WIDTH="143" HEIGHT="30" ALIGN="RIGHT" USERMARK=" B">5,652</TD>
<TD VALIGN="MIDDLE" WIDTH="114" HEIGHT="30"></TD>
<TD VALIGN="MIDDLE" WIDTH="97" HEIGHT="30"></TD>
<TD VALIGN="MIDDLE" WIDTH="142" HEIGHT="30"></TD>
</TR>

<TR ACOPY="Y" ADELETE="Y">
<TD ROWSPAN="5" ALIGN="CENTER" VALIGN="MIDDLE" WIDTH="162" HEIGHT="150">NH투자증권</TD>
<TD VALIGN="MIDDLE" WIDTH="121" HEIGHT="30" ALIGN="CENTER">2023-10-06</TD>
<TD VALIGN="MIDDLE" WIDTH="115" HEIGHT="120" ROWSPAN="4" ALIGN="CENTER">특정금전신탁</TD>
<TD VALIGN="MIDDLE" WIDTH="143" HEIGHT="30" ALIGN="RIGHT">               1,100 </TD>
<TD VALIGN="MIDDLE" WIDTH="114" HEIGHT="120" ROWSPAN="4" ALIGN="CENTER">시장실세금리</TD>
<TD VALIGN="MIDDLE" WIDTH="97" HEIGHT="120" ROWSPAN="4" ALIGN="CENTER">-</TD>
<TD VALIGN="MIDDLE" WIDTH="142" HEIGHT="120" ROWSPAN="4" ALIGN="CENTER">안정적인 자금운용</TD>
</TR>

<TR ACOPY="Y" ADELETE="Y">
<TD VALIGN="MIDDLE" WIDTH="121" HEIGHT="30" ALIGN="CENTER">2023-10-30</TD>
<TD VALIGN="MIDDLE" WIDTH="143" HEIGHT="30" ALIGN="RIGHT">                 140 </TD>
</TR>

<TR ACOPY="Y" ADELETE="Y">
<TD VALIGN="MIDDLE" WIDTH="121" HEIGHT="30" ALIGN="CENTER">2023-11-03</TD>
<TD VALIGN="MIDDLE" WIDTH="143" HEIGHT="30" ALIGN="RIGHT">               1,340 </TD>
</TR>

<TR ACOPY="Y" ADELETE="Y">
<TD VALIGN="MIDDLE" WIDTH="121" HEIGHT="30" ALIGN="CENTER">2023-12-05</TD>
<TD VALIGN="MIDDLE" WIDTH="143" HEIGHT="30" ALIGN="RIGHT">               1,300 </TD>
</TR>

<TR ACOPY="Y" ADELETE="Y">
<TD COLSPAN="2" ALIGN="CENTER" VALIGN="MIDDLE" WIDTH="236" HEIGHT="30" USERMARK=" B">소   계</TD>
<TD VALIGN="MIDDLE" WIDTH="143" HEIGHT="30" ALIGN="RIGHT" USERMARK=" B">3,880</TD>
<TD VALIGN="MIDDLE" WIDTH="114" HEIGHT="30"></TD>
<TD VALIGN="MIDDLE" WIDTH="97" HEIGHT="30"></TD>
<TD VALIGN="MIDDLE" WIDTH="142" HEIGHT="30"></TD>
</TR>

<TR ACOPY="Y" ADELETE="Y">
<TD COLSPAN="3" ALIGN="CENTER" VALIGN="MIDDLE" WIDTH="398" HEIGHT="30" USERMARK=" B">합      계</TD>
<TD VALIGN="MIDDLE" WIDTH="143" HEIGHT="30" ALIGN="RIGHT" USERMARK=" B">9,532</TD>
<TD VALIGN="MIDDLE" WIDTH="353" HEIGHT="30" COLSPAN="3" ALIGN="RIGHT"></TD>
</TR>

<TR ACOPY="Y" ADELETE="Y">
<TD COLSPAN="3" ALIGN="CENTER" VALIGN="MIDDLE" WIDTH="398" HEIGHT="30">※ 관련공시일</TD>
<TD VALIGN="MIDDLE" WIDTH="496" HEIGHT="30" COLSPAN="4">약관에 의한 금융거래시 계열금융회사의 거래상대방의 공시(2023.4.27)</TD>
</TR>
</TBODY>
</TABLE>
<P></P>
</SECTION-1>
</BODY>
</DOCUMENT>