<?xml version="1.0" encoding="utf-8"?>


<DOCUMENT xmlns:xsi="http://www.w3.org/2001/XMLSchema-instance" xsi:noNamespaceSchemaLocation="dart4.xsd">

<DOCUMENT-NAME ACODE="10042">일괄신고서(집합투자증권-신탁형)</DOCUMENT-NAME>
<FORMULA-VERSION ADATE="20231020">6.0</FORMULA-VERSION>
<COMPANY-NAME AREGCIK="00477424">브이아이피자산운용</COMPANY-NAME>


<BODY ATOCID="9">

<LIBRARY>
<CORRECTION>
<TITLE ATOC="Y" AASSOCNOTE="CORRECTION" ATOCID="5" ENG="Report of Disclosure Revision">정 정 신 고 (보고)</TITLE>

<TABLE ACLASS="NORMAL" AFIXTABLE="N" WIDTH="600" BORDER="0">

<COLGROUP WIDTH="600">
<COL WIDTH="600"></COL>
</COLGROUP>

<TBODY>

<TR ACOPY="Y" ADELETE="Y" HEIGHT="30">
<TD WIDTH="591" HEIGHT="23"></TD>
</TR>

<TR ACOPY="Y" ADELETE="Y" HEIGHT="30">
<TD ALIGN="RIGHT" WIDTH="591" HEIGHT="23">2026년 01월 05일</TD>
</TR>
</TBODY>
</TABLE>
<P></P>
<P></P>
<P USERMARK="F-14 ">1. 정정대상 공시서류 : 정정신고</P>
<P> </P>
<P USERMARK="F-14 ">2. 정정대상 공시서류의 최초제출일 : 2023.03.15.</P>
<P USERMARK="F-14 ">3. 정정요구ㆍ명령관련 여부 : 아니요</P>
<P USERMARK="F-14 ">4. 정정사항</P>

<TABLE ACLASS="NORMAL" AFIXTABLE="N" WIDTH="599" BORDER="1">

<COLGROUP WIDTH="599">
<COL WIDTH="110"></COL>
<COL WIDTH="115"></COL>
<COL WIDTH="184"></COL>
<COL WIDTH="190"></COL>
</COLGROUP>

<THEAD>

<TR ACOPY="Y" ADELETE="Y" HEIGHT="30">
<TH WIDTH="101" ACOPYCOL="Y" ADELETECOL="Y" AMOVECOL="N" VALIGN="MIDDLE" USERMARK="B" HEIGHT="23">항  목</TH>
<TH WIDTH="106" ACOPYCOL="Y" ADELETECOL="Y" AMOVECOL="N" VALIGN="MIDDLE" USERMARK="B" HEIGHT="23">정정사유 </TH>
<TH WIDTH="175" ACOPYCOL="Y" ADELETECOL="Y" AMOVECOL="N" VALIGN="MIDDLE" USERMARK="B" HEIGHT="23">정 정 전</TH>
<TH WIDTH="181" ACOPYCOL="Y" ADELETECOL="Y" AMOVECOL="N" VALIGN="MIDDLE" USERMARK="B" HEIGHT="23">정 정 후</TH>
</TR>
</THEAD>

<TBODY>

<TR ACOPY="Y" ADELETE="Y" HEIGHT="30">
<TD VALIGN="MIDDLE" ALIGN="CENTER" COLSPAN="4" WIDTH="590" HEIGHT="23">요약정보</TD>
</TR>

<TR ACOPY="Y" ADELETE="Y" HEIGHT="158">
<TD USERMARK="F-10 " WIDTH="101" HEIGHT="151">주요투자위험<성과연동 운용보수 지급에 따른 위험></TD>
<TD USERMARK="F-10 " WIDTH="106" HEIGHT="151">성과운용보수 성과평가 대상기간 및 보수율 주석 변경</TD>
<TD USERMARK="F-10 U" WIDTH="175" HEIGHT="151">* 위의 보수 산정방식에 따라 계산된 성과운용보수율은 연 0.80%(총 운용보수 : 1.60%)이며, 2025년 10월 2일부터 적용합니다. (성과평가 대상기간 : 2024.10.01~2025.09.30)</TD>
<TD USERMARK="F-10 BU" WIDTH="181" HEIGHT="151">* 위의 보수 산정방식에 따라 계산된 성과운용보수율은 연 0.80%(총 운용보수 : 1.60%)이며, 2026년 1월 6일부터 적용합니다. (성과평가 대상기간 : 2025.01.01~2025.12.31)</TD>
</TR>

<TR ACOPY="Y" ADELETE="Y" HEIGHT="28">
<TD ROWSPAN="2" USERMARK="F-10 " WIDTH="101" HEIGHT="175">13. 보수 및 수수료에 관한 사항다. 보수 및 지급내역에 관한 사항 <성과연동 운용보수 지급내역></TD>
<TD USERMARK="F-10 " VALIGN="MIDDLE" WIDTH="106" HEIGHT="21">추가</TD>
<TD USERMARK="F-10 U" ALIGN="JUSTIFY" VALIGN="MIDDLE" WIDTH="175" HEIGHT="21">-</TD>
<TD USERMARK="F-10 BU" ALIGN="JUSTIFY" VALIGN="MIDDLE" WIDTH="181" HEIGHT="21">3분기 : 연 1.60%</TD>
</TR>

<TR ACOPY="Y" ADELETE="Y" HEIGHT="154">
<TD USERMARK="F-10 " WIDTH="106" HEIGHT="147">성과운용보수 성과평가 대상기간 및 보수율 주석 변경</TD>
<TD USERMARK="F-10 U" WIDTH="175" HEIGHT="147">* 위의 보수 산정방식에 따라 계산된 성과운용보수율은 연 0.80%(총 운용보수 : 1.60%)이며, 2025년 10월 2일부터 적용합니다. (성과평가 대상기간 : 2024.10.01~2025.09.30)</TD>
<TD USERMARK="F-10 BU" WIDTH="181" HEIGHT="147">* 위의 보수 산정방식에 따라 계산된 성과운용보수율은 연 0.80%(총 운용보수 : 1.60%)이며, 2026년 1월 6일부터 적용합니다. (성과평가 대상기간 : 2025.01.01~2025.12.31)</TD>
</TR>
</TBODY>
</TABLE>
<P></P>
<PGBRK></PGBRK>
</CORRECTION>

<SECTION-1 AID="CEO-CERT-COR" ACLASS="MANDATORY" APARTSOURCE="SOURCE">
<TITLE ATOC="Y" AASSOCNOTE="TTL_CEO_CERT_COR" ATOCID="6" ENG="Confirmation and Signature of CEO, etc.">대표이사 등의 확인ㆍ서명</TITLE>
<P></P>
<P USERMARK="F-16 ">                                     확  인  서</P>
<P></P>

<TABLE ACLASS="NORMAL" AFIXTABLE="N" WIDTH="600" BORDER="0">

<COLGROUP WIDTH="600">
<COL WIDTH="600"></COL>
</COLGROUP>

<TBODY>

<TR ACOPY="Y" ADELETE="Y" HEIGHT="122">

<TD WIDTH="591" USERMARK="F-BT " HEIGHT="115">　우리는 
<SPAN USERMARK="BU">VIP한국형가치투자증권자투자신탁[주식]</SPAN>의 발행인인 
<SPAN USERMARK="BU">(주)브이아이피자산운용회사</SPAN>의 대표이사 및 신고업무담당이사로서 이 증권신고서의 기재내용에 대해 상당한 주의를 다하여 직접 확인ㆍ검토한 결과, 중요한 기재사항의 기재 또는 표시의 누락이나 허위의 기재 또는 표시가 없고, 이 증권신고서에 표시된 기재 또는 표시사항을 이용하는 자의 중대한 오해를 유발하는 내용이 기재 또는 표시되지 아니하였음을 확인합니다.
</TD>
</TR>
</TBODY>
</TABLE>
<P></P>
<P></P>

<TABLE ACLASS="NORMAL" AFIXTABLE="N" WIDTH="600" BORDER="0">

<COLGROUP WIDTH="600">
<COL WIDTH="382"></COL>
<COL WIDTH="140"></COL>
<COL WIDTH="59"></COL>
<COL WIDTH="19"></COL>
</COLGROUP>

<TBODY>

<TR ACOPY="N" ADELETE="N" HEIGHT="53">
<TD ALIGN="RIGHT" WIDTH="572" COLSPAN="3" HEIGHT="46">2026. 01. 05</TD>
<TD ALIGN="RIGHT" WIDTH="10" HEIGHT="46"></TD>
</TR>

<TR ACOPY="N" ADELETE="N" HEIGHT="53">
<TD COLSPAN="3" ALIGN="RIGHT" USERMARK="F-BT " WIDTH="572" HEIGHT="46">VIP한국형가치투자증권자투자신탁[주식]</TD>
<TD ALIGN="RIGHT" WIDTH="10" HEIGHT="46"></TD>
</TR>

<TR ACOPY="Y" ADELETE="N" HEIGHT="53">
<TD ALIGN="RIGHT" USERMARK="F-BT " WIDTH="373" HEIGHT="46">(주)브이아이피자산운용회사 대표이사</TD>
<TD ALIGN="CENTER" USERMARK="F-BT " WIDTH="131" HEIGHT="46">최 준 철, 김 민 국</TD>
<TD ALIGN="RIGHT" WIDTH="50" HEIGHT="46">(서명)</TD>
<TD WIDTH="10" HEIGHT="46"></TD>
</TR>

<TR ACOPY="Y" ADELETE="N" HEIGHT="53">
<TD ALIGN="RIGHT" USERMARK="F-BT " WIDTH="373" HEIGHT="46">(주)브이아이피자산운용회사 신고업무담당이사</TD>
<TD ALIGN="CENTER" USERMARK="F-BT " WIDTH="131" HEIGHT="46">박 영 수</TD>
<TD ALIGN="RIGHT" WIDTH="50" HEIGHT="46">(서명)</TD>
<TD WIDTH="10" HEIGHT="46"></TD>
</TR>
</TBODY>
</TABLE>
<PGBRK></PGBRK>

<IMAGE>
<IMG WIDTH="594" HEIGHT="840" ALIGN="CENTER" HSPACE="0">대표이사 등의 확인 및 서명_20260105.jpeg</IMG>
<IMG-CAPTION ATOC="N">대표이사 등의 확인 및 서명_20260105</IMG-CAPTION>
</IMAGE>
<P></P>
<PGBRK></PGBRK>
</SECTION-1>
</LIBRARY>


<COVER>
<COVER-TITLE ATOC="Y" AASSOCNOTE="COVER" ATOCID="1" ENG="Universal Shelf Registration Statement">일 괄 신 고 서</COVER-TITLE>

<TABLE ACLASS="NORMAL" AFIXTABLE="N" WIDTH="600" BORDER="0">

<COLGROUP WIDTH="600">
<COL WIDTH="244"></COL>
<COL WIDTH="356"></COL>
</COLGROUP>

<TBODY>

<TR ACOPY="Y" ADELETE="Y" HEIGHT="31">
<TD WIDTH="591" COLSPAN="2" ALIGN="CENTER" USERMARK="F-BT12 B" HEIGHT="24">[집합투자증권-신탁형]</TD>
</TR>

<TR ACOPY="Y" ADELETE="Y" HEIGHT="30">
<TD COLSPAN="2" USERMARK="F-BT " WIDTH="591" HEIGHT="23"></TD>
</TR>

<TR ACOPY="Y" ADELETE="Y" HEIGHT="30">
<TD USERMARK="F-BT " WIDTH="235" HEIGHT="23">금융위원회 귀중</TD>
<TD ALIGN="RIGHT" USERMARK="F-BT " WIDTH="347" HEIGHT="23">2026년  01월  05일</TD>
</TR>

<TR ACOPY="Y" ADELETE="Y" HEIGHT="30">
<TD USERMARK="F-BT " WIDTH="235" HEIGHT="23"></TD>
<TD USERMARK="F-BT " WIDTH="347" HEIGHT="23"></TD>
</TR>

<TR ACOPY="Y" ADELETE="Y" HEIGHT="30">
<TD USERMARK="F-BT " WIDTH="235" HEIGHT="23">집합투자기구 명칭 :</TD>
<TD USERMARK="F-BT " WIDTH="347" HEIGHT="23">VIP한국형가치투자증권자투자신탁[주식]</TD>
</TR>

<TR ACOPY="Y" ADELETE="Y" HEIGHT="30">
<TD USERMARK="F-BT " WIDTH="235" HEIGHT="23"></TD>
<TD USERMARK="F-BT " WIDTH="347" HEIGHT="23"></TD>
</TR>

<TR ACOPY="Y" ADELETE="Y" HEIGHT="30">
<TD USERMARK="F-BT " WIDTH="235" HEIGHT="23">집합투자업자 명칭 :</TD>
<TD USERMARK="F-BT " WIDTH="347" HEIGHT="23">(주)브이아이피자산운용</TD>
</TR>

<TR ACOPY="Y" ADELETE="Y" HEIGHT="30">
<TD USERMARK="F-BT " WIDTH="235" HEIGHT="23"></TD>
<TD USERMARK="F-BT " WIDTH="347" HEIGHT="23"></TD>
</TR>

<TR ACOPY="Y" ADELETE="Y" HEIGHT="53">
<TD USERMARK="F-BT " WIDTH="235" HEIGHT="46">연  락  처 :</TD>
<TD USERMARK="F-BT " WIDTH="347" HEIGHT="46">(주  소) 서울특별시 서초구 사평대로 343, 4,5층(반포동, 제일약품빌딩)</TD>
</TR>

<TR ACOPY="Y" ADELETE="Y" HEIGHT="30">
<TD USERMARK="F-BT " WIDTH="235" HEIGHT="23"></TD>
<TD USERMARK="F-BT " WIDTH="347" HEIGHT="23">(전  화) 02-6202-8150</TD>
</TR>

<TR ACOPY="Y" ADELETE="Y" HEIGHT="30">
<TD USERMARK="F-BT " WIDTH="235" HEIGHT="23"></TD>
<TD USERMARK="F-BT " WIDTH="347" HEIGHT="23"></TD>
</TR>

<TR ACOPY="Y" ADELETE="Y" HEIGHT="30">
<TD USERMARK="F-BT " WIDTH="235" HEIGHT="23">작  성  책  임  자 :</TD>
<TD USERMARK="F-BT " WIDTH="347" HEIGHT="23">(직  책) 부 사 장        (성  명) 박 영 수</TD>
</TR>

<TR ACOPY="Y" ADELETE="Y" HEIGHT="30">
<TD USERMARK="F-BT " WIDTH="235" HEIGHT="23"></TD>
<TD USERMARK="F-BT " WIDTH="347" HEIGHT="23">(전  화) 02-6202-8137</TD>
</TR>

<TR ACOPY="Y" ADELETE="Y" HEIGHT="30">
<TD USERMARK="F-BT " WIDTH="235" HEIGHT="23"></TD>
<TD USERMARK="F-BT " WIDTH="347" HEIGHT="23"></TD>
</TR>

<TR ACOPY="Y" ADELETE="Y" HEIGHT="30">
<TD USERMARK="F-BT " WIDTH="235" HEIGHT="23">모집(매출) 증권의 종류 및 수 : </TD>

<TD USERMARK="F-BT " WIDTH="347" HEIGHT="23">
<P USERMARK="F-BT ">투자신탁의 수익증권 (1좌당 1원)</P>
</TD>
</TR>

<TR ACOPY="Y" ADELETE="Y" HEIGHT="53">
<TD COLSPAN="2" USERMARK="F-BT " WIDTH="591" HEIGHT="46">[모집(매출) 총액 :  10조좌 ]</TD>
</TR>

<TR ACOPY="Y" ADELETE="Y" HEIGHT="53">
<TD USERMARK="F-BT " WIDTH="235" HEIGHT="46">모집(매출) 기간 (판매기간) : </TD>
<TD USERMARK="F-BT " WIDTH="347" HEIGHT="46">2023년 4월 3일부터 투자신탁 해지일까지</TD>
</TR>

<TR ACOPY="Y" ADELETE="Y" HEIGHT="53">
<TD USERMARK="F-BT " WIDTH="235" HEIGHT="46">집합투자증권신고서 작성 기준일 :</TD>
<TD USERMARK="F-BT " WIDTH="347" HEIGHT="46">2025년 12월 31일</TD>
</TR>

<TR ACOPY="Y" ADELETE="Y" HEIGHT="30">
<TD COLSPAN="2" USERMARK="F-BT " WIDTH="591" HEIGHT="23">집합투자증권신고서 및 투자설명서의 공시장소</TD>
</TR>

<TR ACOPY="Y" ADELETE="Y" HEIGHT="30">
<TD COLSPAN="2" USERMARK="F-BT " WIDTH="591" HEIGHT="23">   가. 집합투자증권신고서</TD>
</TR>

<TR ACOPY="Y" ADELETE="Y" HEIGHT="30">
<TD COLSPAN="2" USERMARK="F-BT " WIDTH="591" HEIGHT="23">                                    전자문서 : 금융위(금감원)홈페이지 →  dart.fss.or.kr</TD>
</TR>

<TR ACOPY="Y" ADELETE="Y" HEIGHT="32">
<TD COLSPAN="2" USERMARK="F-BT " WIDTH="591" HEIGHT="25">   나. 투자설명서</TD>
</TR>

<TR ACOPY="Y" ADELETE="Y" HEIGHT="30">
<TD COLSPAN="2" USERMARK="F-BT " WIDTH="591" HEIGHT="23">                                    전자문서 : 금융위(금감원)홈페이지 →  dart.fss.or.kr</TD>
</TR>

<TR ACOPY="Y" ADELETE="Y" HEIGHT="30">
<TD COLSPAN="2" USERMARK="F-BT " WIDTH="591" HEIGHT="23">                                    서면문서 : 집합투자업자, 판매회사 본점 및 판매회사 영업점</TD>
</TR>
</TBODY>
</TABLE>
<P></P>

<TABLE ACLASS="NORMAL" AFIXTABLE="Y" WIDTH="600" BORDER="1">

<COLGROUP WIDTH="600">
<COL WIDTH="600"></COL>
</COLGROUP>

<TBODY>

<TR ACOPY="Y" ADELETE="N" HEIGHT="157">
<TD WIDTH="591" AUPDATECONT="N" USERMARK="F-BT13 B 0X0000FF" ENG="Please note that the Financial Services Commission does not verify the accuracy or truthfulness of the information presented in registration statement, nor does it guarantee or endorse the value of the securities. Additionally, these collective investment securities are performance-based dividend products not covered by the Depositor Protection Act. Therefore, investing in them carries the risk of potential loss of principal investment. Please exercise caution when considering these investments." HEIGHT="150">금융위원회가 증권신고서의 기재사항이 진실 또는 정확하다는 것을 인정하거나 그 증권의 가치를 보증 또는 승인하지 아니함을 유의하시기 바랍니다.또한 이 집합투자증권은「예금자보호법」에 의한 보호를 받지 않는 실적배당상품으로 투자원금의 손실이 발생할 수 있으므로 투자에 신중을 기하여 주시기 바랍니다.</TD>
</TR>
</TBODY>
</TABLE>
<P></P>

<TABLE ACLASS="NORMAL" WIDTH="600" BORDER="0">

<COLGROUP WIDTH="600">
<COL WIDTH="600"></COL>
</COLGROUP>

<TBODY>

<TR ACOPY="Y" ADELETE="Y" HEIGHT="32">
<TD WIDTH="591" HEIGHT="25">▣ 집합투자기구 명칭 및 펀드코드(종류형 포함)</TD>
</TR>
</TBODY>
</TABLE>

<TABLE-GROUP ACLASS="_FUND_MAIN2_" ADELETETABLE="N">

<TABLE ACLASS="EXTRACTION" AFIXTABLE="N" WIDTH="600" BORDER="1">

<COLGROUP WIDTH="600">
<COL WIDTH="500"></COL>
<COL WIDTH="100"></COL>
</COLGROUP>

<THEAD>

<TR ACOPY="N" ADELETE="N" HEIGHT="30">
<TH VALIGN="MIDDLE" WIDTH="491" ACOPYCOL="N" ADELETECOL="N" AMOVECOL="N" AUPDATECONT="N" ENG="Name of the collective investment scheme (Multiple-class funds name)" HEIGHT="23">집합투자기구 명칭(종류형 명칭)</TH>
<TH VALIGN="MIDDLE" WIDTH="91" ACOPYCOL="N" ADELETECOL="N" AMOVECOL="N" AUPDATECONT="N" ENG="Fund code" HEIGHT="23">펀드코드</TH>
</TR>
</THEAD>

<TBODY>

<TR ACOPY="Y" ADELETE="N" HEIGHT="34">

<TE VALIGN="MIDDLE" ACODE="FUND_NAME2" ALIGN="CENTER" WIDTH="491" HEIGHT="27">
<P>VIP한국형가치투자증권자투자신탁[주식]</P>
</TE>

<TE VALIGN="MIDDLE" ACODE="FUND_CODE2" ALIGN="CENTER" USERMARK="F-BT " WIDTH="91" HEIGHT="27">
<P>E1728</P>
</TE>
</TR>

<TR ACOPY="Y" ADELETE="Y" HEIGHT="34">

<TE VALIGN="MIDDLE" ACODE="FUND_NAME2" ALIGN="CENTER" WIDTH="491" HEIGHT="27">
<P>수수료선취-오프라인형(A)</P>
</TE>

<TE VALIGN="MIDDLE" ACODE="FUND_CODE2" ALIGN="CENTER" USERMARK="F-BT " WIDTH="91" HEIGHT="27">
<P>E1729</P>
</TE>
</TR>

<TR ACOPY="Y" ADELETE="Y" HEIGHT="34">

<TE VALIGN="MIDDLE" ACODE="FUND_NAME2" ALIGN="CENTER" WIDTH="491" HEIGHT="27">
<P>수수료선취-온라인형(A-e)</P>
</TE>

<TE VALIGN="MIDDLE" ACODE="FUND_CODE2" ALIGN="CENTER" USERMARK="F-BT " WIDTH="91" HEIGHT="27">
<P>E1730</P>
</TE>
</TR>

<TR ACOPY="Y" ADELETE="Y" HEIGHT="34">

<TE VALIGN="MIDDLE" ACODE="FUND_NAME2" ALIGN="CENTER" WIDTH="491" HEIGHT="27">
<P>수수료선취-오프라인-무권유저비용형(AG)</P>
</TE>

<TE VALIGN="MIDDLE" ACODE="FUND_CODE2" ALIGN="CENTER" USERMARK="F-BT " WIDTH="91" HEIGHT="27">
<P>E1731</P>
</TE>
</TR>

<TR ACOPY="Y" ADELETE="Y" HEIGHT="34">

<TE VALIGN="MIDDLE" ACODE="FUND_NAME2" ALIGN="CENTER" WIDTH="491" HEIGHT="27">
<P>수수료미징구-오프라인형(C)</P>
</TE>

<TE VALIGN="MIDDLE" ACODE="FUND_CODE2" ALIGN="CENTER" USERMARK="F-BT " WIDTH="91" HEIGHT="27">
<P>E1732</P>
</TE>
</TR>

<TR ACOPY="Y" ADELETE="Y" HEIGHT="34">

<TE VALIGN="MIDDLE" ACODE="FUND_NAME2" ALIGN="CENTER" WIDTH="491" HEIGHT="27">
<P>수수료미징구-온라인형(C-e)</P>
</TE>

<TE VALIGN="MIDDLE" ACODE="FUND_CODE2" ALIGN="CENTER" USERMARK="F-BT " WIDTH="91" HEIGHT="27">
<P>E1733</P>
</TE>
</TR>

<TR ACOPY="Y" ADELETE="Y" HEIGHT="34">

<TE VALIGN="MIDDLE" ACODE="FUND_NAME2" ALIGN="CENTER" WIDTH="491" HEIGHT="27">
<P>수수료미징구-오프라인-무권유저비용형(CG)</P>
</TE>

<TE VALIGN="MIDDLE" ACODE="FUND_CODE2" ALIGN="CENTER" USERMARK="F-BT " WIDTH="91" HEIGHT="27">
<P>E1734</P>
</TE>
</TR>

<TR ACOPY="Y" ADELETE="Y" HEIGHT="34">

<TE VALIGN="MIDDLE" ACODE="FUND_NAME2" ALIGN="CENTER" WIDTH="491" HEIGHT="27">
<P>수수료미징구-오프라인-기관형(C-I)</P>
</TE>

<TE VALIGN="MIDDLE" ACODE="FUND_CODE2" ALIGN="CENTER" USERMARK="F-BT " WIDTH="91" HEIGHT="27">
<P>E1735</P>
</TE>
</TR>

<TR ACOPY="Y" ADELETE="Y" HEIGHT="34">

<TE VALIGN="MIDDLE" ACODE="FUND_NAME2" ALIGN="CENTER" WIDTH="491" HEIGHT="27">
<P>수수료후취-온라인슈퍼형(S)</P>
</TE>

<TE VALIGN="MIDDLE" ACODE="FUND_CODE2" ALIGN="CENTER" USERMARK="F-BT " WIDTH="91" HEIGHT="27">
<P>E1736</P>
</TE>
</TR>

<TR ACOPY="Y" ADELETE="Y" HEIGHT="34">

<TE VALIGN="MIDDLE" ACODE="FUND_NAME2" ALIGN="CENTER" WIDTH="491" HEIGHT="27">
<P>수수료미징구-오프라인-집합투자업자형(C-s)</P>
</TE>

<TE VALIGN="MIDDLE" ACODE="FUND_CODE2" ALIGN="CENTER" USERMARK="F-BT " WIDTH="91" HEIGHT="27">
<P>E1737</P>
</TE>
</TR>

<TR ACOPY="Y" ADELETE="Y" HEIGHT="34">

<TE VALIGN="MIDDLE" ACODE="FUND_NAME2" ALIGN="CENTER" WIDTH="491" HEIGHT="27">
<P>수수료미징구-오프라인-랩형(C-w)</P>
</TE>

<TE VALIGN="MIDDLE" ACODE="FUND_CODE2" ALIGN="CENTER" USERMARK="F-BT " WIDTH="91" HEIGHT="27">
<P>E1738</P>
</TE>
</TR>

<TR ACOPY="Y" ADELETE="Y" HEIGHT="34">

<TE VALIGN="MIDDLE" ACODE="FUND_NAME2" ALIGN="CENTER" WIDTH="491" HEIGHT="27">
<P>수수료미징구-오프라인-개인연금형(C-P)</P>
</TE>

<TE VALIGN="MIDDLE" ACODE="FUND_CODE2" ALIGN="CENTER" USERMARK="F-BT " WIDTH="91" HEIGHT="27">
<P>E1739</P>
</TE>
</TR>

<TR ACOPY="Y" ADELETE="Y" HEIGHT="34">

<TE VALIGN="MIDDLE" ACODE="FUND_NAME2" ALIGN="CENTER" WIDTH="491" HEIGHT="27">
<P>수수료미징구-온라인-개인연금형(C-Pe)</P>
</TE>

<TE VALIGN="MIDDLE" ACODE="FUND_CODE2" ALIGN="CENTER" USERMARK="F-BT " WIDTH="91" HEIGHT="27">
<P>E1740</P>
</TE>
</TR>

<TR ACOPY="Y" ADELETE="Y" HEIGHT="34">

<TE VALIGN="MIDDLE" ACODE="FUND_NAME2" ALIGN="CENTER" WIDTH="491" HEIGHT="27">
<P>수수료미징구-온라인슈퍼-개인연금형(S-P)</P>
</TE>

<TE VALIGN="MIDDLE" ACODE="FUND_CODE2" ALIGN="CENTER" USERMARK="F-BT " WIDTH="91" HEIGHT="27">
<P>E1741</P>
</TE>
</TR>

<TR ACOPY="Y" ADELETE="Y" HEIGHT="34">

<TE VALIGN="MIDDLE" ACODE="FUND_NAME2" ALIGN="CENTER" WIDTH="491" HEIGHT="27">
<P>수수료미징구-오프라인-퇴직연금형(C-P2)</P>
</TE>

<TE VALIGN="MIDDLE" ACODE="FUND_CODE2" ALIGN="CENTER" USERMARK="F-BT " WIDTH="91" HEIGHT="27">
<P>E1742</P>
</TE>
</TR>

<TR ACOPY="Y" ADELETE="Y" HEIGHT="34">

<TE VALIGN="MIDDLE" ACODE="FUND_NAME2" ALIGN="CENTER" WIDTH="491" HEIGHT="27">
<P>수수료미징구-온라인-퇴직연금형(C-P2e)</P>
</TE>

<TE VALIGN="MIDDLE" ACODE="FUND_CODE2" ALIGN="CENTER" USERMARK="F-BT " WIDTH="91" HEIGHT="27">
<P>E1743</P>
</TE>
</TR>

<TR ACOPY="Y" ADELETE="Y" HEIGHT="34">

<TE VALIGN="MIDDLE" ACODE="FUND_NAME2" ALIGN="CENTER" WIDTH="491" HEIGHT="27">
<P>수수료미징구-온라인슈퍼-퇴직연금형(S-P2)</P>
</TE>

<TE VALIGN="MIDDLE" ACODE="FUND_CODE2" ALIGN="CENTER" USERMARK="F-BT " WIDTH="91" HEIGHT="27">
<P>E1744</P>
</TE>
</TR>
</TBODY>
</TABLE>
</TABLE-GROUP>
<PGBRK></PGBRK>
</COVER>

<SECTION-1 AID="IVST-MTTRS" ACLASS="MANDATORY" APARTSOURCE="SOURCE">
<TITLE ATOC="Y" AASSOCNOTE="TTL_IVST_MTTRS" ATOCID="2" ENG="Matters to Note in Making Investment Decisions">투자결정시 유의사항 안내</TITLE>
<P>1. 투자판단시 증권신고서와 투자설명서 또는 간이투자설명서를 반드시 참고하시기 바라며, 투자자는 간이 투자설명서 대신 투자설명서를 요청할 수 있습니다.</P>
<P>2. 이 집합투자기구의 투자위험등급 및 적합한 투자자 유형에 대한 기재사항을 참고하시어 귀하의 투자경력이나 투자성향에 적합한 상품인지 신중한 투자결정을 하시기 바랍니다.3. 증권신고서, 투자설명서상 기재된 투자전략에 따른 투자목적 또는 성과목표가 반드시 실현된다는 보장은 없습니다.</P>
<P>4. 과거의 투자실적이 미래에도 실현된다는 보장은 없습니다.</P>
<P>5. 판매회사는 투자실적과 무관하며, 특히 은행, 증권회사, 보험회사 등의 판매회사는 단순히 집합투자증권의 판매업무(환매 등 판매행위와 관련된 부가적인 업무포함)만 수행할 뿐 동 집합투자증권의 가치결정에 아무런 영향을 미치지 않습니다.</P>

<P>6.  집합투자증권은 집합투자기구의 운용실적에 따라 손익이 결정되는 
<SPAN USERMARK="B 0X0000FF">실적배당상품으로서 원금 손실이 가능하고 「예금자보호법」에 따라 보호되지 않습니다. </SPAN>
<SPAN>특히 「예금자보호법」의 적용을 받는 은행 등에서 집합투자증권을 매입하는 경우에도 은행예금과 달리 </SPAN>
<SPAN USERMARK="B 0X0000FF">「예금자보호법」에 따라 보호되지 않습니다.</SPAN>
<SPAN USERMARK="B 0X1814FF"></SPAN>
</P>
<P>7. 투자자가 부담하는 선취수수료 등을 감안하면 투자자의 입금금액 중 실제 집합투자증권을 매입하는 금액은 작아질 수 있습니다.</P>
<P>8. 후취판매수수료가 부과되는 경우 환매금액에서 후취판매수수료가 차감되므로 환매신청시의 예상 환매금액보다 실제 수령금액이 적을 수 있습니다.</P>
<P>9. 이 집합투자기구는 설정 후 1년이 경과하였음에도 설정액이 50억원 미만(소규모 집합투자기구)인 경우 분산투자가 어려워 효율적인 자산운용이 곤란하거나 임의해지될 가능성이 있으니 투자시 소규모 집합투자기구 여부를 확인하시기 바랍니다. 소규모 집합투자기구 해당여부는 금융투자협회, 판매회사, 자산운용 사 홈페이지에서 확인하실 수 있습니다.</P>
<P USERMARK="B 0X1814FF">10. 원본손실위험 등 집합투자기구와 관련된 투자위험에 대하여는 증권(일괄)신고서, 투자설명서 또는 간이투자설명서 본문의 투자위험 부분을 참고하시기 바랍니다.</P>
<P>11. 투자자의 국적 또는 세법상 거주지국이 대한민국 이외의 국가인 경우 「국제조세조정에 관한 법률」 및 관련 조세조약에 따라 투자자의 금융 정보가 국세청 및 해당 국가(투자자의 국적상 국가 또는 세법상 거주지국)의 권한 있는 당국에 보고될 수 있으며, 판매회사는 투자자의 국적 또는 세법상 거주지국 확인을 위하여 계좌 개설 시 수집된 정보 이외의 추가자료를 요구할 수 있습니다.</P>
<P>12. 집합투자업자는 최초설정일 이후 6개월이 되는 날에 투자신탁 원본액이 15억원 미만인 경우에는 수익자총회 없이 집합투자업자가 운용하는 다른 투자신탁으로 전환을 위한 조치를 취할 수 있습니다.13. 이 집합투자기구는 운용실적에 연동하여 성과운용보수를 부과하는 집합투자기구로서 성과운용보수를 부과하지 않는 집합투자기구보다 높은 투자위험에 노출될 수 있습니다. </P>
<P>14. 이 집합투자기구는 총보수, 비용 외에 성과운용보수가 별도로 부과되어 투자자에게 추가부담이 발생할 수 있으며, 성과운용보수율 산정내역에 관한 내용은 자산운용보고서 등을 통해 확인하실 수 있습니다. </P>

<P>15. 
<SPAN USERMARK="B 0X0000FF">이 집합투자기구의 성과운용보수는 매 성과운용보수율 산정주기(매 3개월)마다 성과평가대상기간(1년)의 운용성과에 따라 결정되며, 개별 수익자의 수익증권 매입시점에 따른 투자성과를 반영하지 아니합니다. 따라서, 개별 수익자의 투자성과가 기준수익률을 하회하는 경우에도 성과운용보수가 부과될 수 있습니다.</SPAN> 단, 집합투자기구 설정 후 최초 성과평가대상기간은 설정일로부터 2024년 3월 31일까지로 하며, 이 기간 동안 운용보수율은 연 0.8%로 적용합니다. 
</P>
<P>16. 이 집합투자기구의 운용보수율은 직전 1년간의 운용성과에 따라 최저 0%부터 최대 1.6% 범위내에서 결정되며, 해당 범위내의 운용보수율의 변동을 집합투자규약상 운용보수의 인상으로 보지 않습니다. </P>

<P>17. 
<SPAN USERMARK="B 0X0000FF">이 집합투자기구의 성과운용보수 산출을 위해 운용성과를 측정할 때 종류형 펀드의 운용펀드를 기준으로 평가합니다. </SPAN>따라서, 개별 종류형 펀드의 투자성과가 기준수익률을 하회하는 경우에도 성과운용보수가 부과될 수 있습니다. 
</P>

<P>18.  
<SPAN USERMARK="B 0X0000FF">이 집합투자기구는 성과운용보수 산정을 위한 기준으로 절대수익률(연 8%)을 적용하고 있습니다.</SPAN> 따라서, 성과평가대상기간(1년)에 이 집합투자기구의 성과가 비교지표(예 : 코스피)를 하회 하였어도 연 8%의 상회 수익률을 기록했을 경우 양(+)의 성과운용보수가 부과될 수 있습니다. 반대로 이 집합투자기구의 운용성과가 비교지표를 상회하는 성과를 거뒀더라도 연 8%의 하회 수익률을 기록했을 경우 음(-)의 성과운용보수가 적용되어 운용보수가 기본운용보수보다 적어질 수 있습니다.  
</P>
<P>19. 이 집합투자기구에서 투자하는 모투자신탁의 최초설정일은 2023년 4월 3일입니다. </P>
<P>20. 이 집합투자기구 및 이 집합투자기구에서 투자하는 모투자신탁에서 발생한 손익에 대한 과세 기준 및 과세 방법은 세법 등 관련 법령 및 제도에 따라 결정됩니다. 향후 소득세 관련 법령 등의 개정에 따라 주식 등에 대한 금융투자상품으로부터 실현된소득을 합산과세하는 금융투자소득세 도입으로 금융투자소득으로 과세될 수 있습니다.</P>
<PGBRK></PGBRK>
</SECTION-1>

<SECTION-1 AID="CEO-CERT" ACLASS="MANDATORY" APARTSOURCE="SOURCE">
<TITLE ATOC="Y" AASSOCNOTE="TTL_CEO_CERT" ATOCID="3" ENG="Confirmation and Signature of CEO, etc.">대표이사 등의 확인ㆍ서명</TITLE>
<P></P>
<P USERMARK="F-16 ">                                     확  인  서</P>
<P></P>

<TABLE ACLASS="NORMAL" AFIXTABLE="N" WIDTH="600" BORDER="0">

<COLGROUP WIDTH="600">
<COL WIDTH="600"></COL>
</COLGROUP>

<TBODY>

<TR ACOPY="N" ADELETE="Y" HEIGHT="145">

<TD WIDTH="591" HEIGHT="138">　우리는 이 
<SPAN USERMARK="BU">VIP한국형가치투자증권자투자신탁[주식]</SPAN>의 발행인인 
<SPAN USERMARK="BU">(주)브이아이피자산운용회사</SPAN>의 대표이사 및 신고업무담당 이사로서 이 증권신고서의 기재내용에 대해 상당한 주의를 다하여 직접 확인ㆍ검토한 결과, 중요한 기재사항의 기재 또는 표시의 누락이나 허위의 기재 또는 표시가 없고, 이 증권신고서에 표시된 기재 또는 표시사항을 이용하는 자의 중대한 오해를 유발하는 내용이 기재 또는 표시되지 아니하였음을 확인합니다.
</TD>
</TR>
</TBODY>
</TABLE>
<P></P>

<TABLE ACLASS="NORMAL" AFIXTABLE="N" WIDTH="600" BORDER="0">

<COLGROUP WIDTH="600">
<COL WIDTH="359"></COL>
<COL WIDTH="163"></COL>
<COL WIDTH="59"></COL>
<COL WIDTH="19"></COL>
</COLGROUP>

<TBODY>

<TR ACOPY="N" ADELETE="N" HEIGHT="53">
<TD ALIGN="RIGHT" WIDTH="572" COLSPAN="3" HEIGHT="46">2023. 03. 15</TD>
<TD ALIGN="RIGHT" WIDTH="10" HEIGHT="46"></TD>
</TR>

<TR ACOPY="N" ADELETE="N" HEIGHT="53">
<TD COLSPAN="3" ALIGN="RIGHT" USERMARK="F-BT " WIDTH="572" HEIGHT="46">VIP한국형가치투자증권자투자신탁[주식]</TD>
<TD ALIGN="RIGHT" WIDTH="10" HEIGHT="46"></TD>
</TR>

<TR ACOPY="Y" ADELETE="N" HEIGHT="53">
<TD ALIGN="RIGHT" USERMARK="F-BT " WIDTH="350" HEIGHT="46">(주)브이아이피자산운용회사 대표이사</TD>
<TD ALIGN="CENTER" USERMARK="F-BT " WIDTH="154" HEIGHT="46">【최 준 철, 김 민 국】</TD>
<TD ALIGN="RIGHT" USERMARK="F-BT " WIDTH="50" HEIGHT="46">(서명)</TD>
<TD WIDTH="10" HEIGHT="46"></TD>
</TR>

<TR ACOPY="Y" ADELETE="N" HEIGHT="53">
<TD ALIGN="RIGHT" USERMARK="F-BT " WIDTH="350" HEIGHT="46">(주)브이아이피자산운용회사 신고업무담당이사</TD>
<TD ALIGN="CENTER" USERMARK="F-BT " WIDTH="154" HEIGHT="46">【박 영 수】</TD>
<TD ALIGN="RIGHT" USERMARK="F-BT " WIDTH="50" HEIGHT="46">(서명)</TD>
<TD WIDTH="10" HEIGHT="46"></TD>
</TR>
</TBODY>
</TABLE>
<PGBRK></PGBRK>

<IMAGE>
<IMG WIDTH="594" HEIGHT="840" ALIGN="CENTER" HSPACE="0">2. 대표이사 등의 확인 및 서명_vip한국형가치투자증권자투자신탁.jpg</IMG>
<IMG-CAPTION ATOC="N">2. 대표이사 등의 확인 및 서명_vip한국형가치투자증권자투자신탁</IMG-CAPTION>
</IMAGE>
<P></P>
<PGBRK></PGBRK>
</SECTION-1>

<PART ACLASS="MANDATORY" APARTSOURCE="SOURCE">
<TITLE ATOC="Y" AASSOCNOTE="SUMMARY_INTEL" ATOCID="4" ENG="Summary of Information">요 약 정 보</TITLE>
<P></P>
<P></P>

<PGBRK></PGBRK>
</PART>

<LIBRARY>
<PART ACLASS="MANDATORY" APARTSOURCE="SOURCE">
<TITLE ATOC="Y" ATOCID="9" ENG="[Main Text]">[ 본 문 ]</TITLE>

</PART></LIBRARY></BODY></DOCUMENT>