<?xml version="1.0" encoding="utf-8"?>


<DOCUMENT xmlns:xsi="http://www.w3.org/2001/XMLSchema-instance" xsi:noNamespaceSchemaLocation="dart4.xsd">

<DOCUMENT-NAME ACODE="00636">주식등의 대량보유상황보고서(일반)</DOCUMENT-NAME>
<FORMULA-VERSION ADATE="20231229">6.0</FORMULA-VERSION>
<COMPANY-NAME AREGCIK="00578130">아퓨어스(주)</COMPANY-NAME>

<SUMMARY>
<EXTRACTION ACODE="HOLDCHECK" AFEATURE="BOTH">1101</EXTRACTION>
<EXTRACTION ACODE="HOLDRSN" AFEATURE="BOTH">0001</EXTRACTION>
<EXTRACTION ACODE="OUTDATE" AFEATURE="BOTH">20251229</EXTRACTION>
</SUMMARY>


<BODY ATOCID="27">

<COVER>
<COVER-TITLE ATOC="Y" AASSOCNOTE="COVER" ATOCID="1" ENG="Report on Significant Holdings of Stocks, etc.">주식등의 대량보유상황보고서</COVER-TITLE>

<TABLE-GROUP ACLASS="RPT_RSP_DT" ADELETETABLE="N">

<TABLE ACLASS="EXTRACTION" AFIXTABLE="Y" WIDTH="600" BORDER="0">

<COLGROUP WIDTH="600">
<COL WIDTH="299"></COL>
<COL WIDTH="145"></COL>
<COL WIDTH="156"></COL>
</COLGROUP>

<TBODY>

<TR ACOPY="Y" ADELETE="Y" HEIGHT="53">
<TD COLSPAN="3" ALIGN="CENTER" VALIGN="MIDDLE" WIDTH="591" HEIGHT="46" AUPDATECONT="N" ENG="(General form: For cases where “the purpose of holding the stocks is not to exercise influence over the issuer’s business administration” as defined in report types under Article 147 of the Financial Investment Services and Capital Markets Act)">(일반서식 : 자본시장과 금융투자업에 관한 법률 제147조에 의한 보고 중 '경영권에 영향을 주기 위한 목적'의 경우)</TD>
</TR>

<TR ACOPY="Y" ADELETE="Y" HEIGHT="30">
<TD COLSPAN="3" ALIGN="CENTER" VALIGN="MIDDLE" WIDTH="591" HEIGHT="23"></TD>
</TR>

<TR ACOPY="Y" ADELETE="Y" HEIGHT="30">
<TD VALIGN="MIDDLE" WIDTH="290" HEIGHT="23">금융위원회 귀중</TD>
<TD VALIGN="MIDDLE" WIDTH="136" HEIGHT="23" AUPDATECONT="N" ENG="Date of occurrence of reporting obligation:">보고의무발생일　 :</TD>
<TU ALIGN="CENTER" VALIGN="MIDDLE" WIDTH="147" HEIGHT="23" AUNIT="RPT_RSP_DT" AUNITVALUE="20251229">2025.12.29</TU>
</TR>

<TR ACOPY="Y" ADELETE="Y" HEIGHT="30">
<TD VALIGN="MIDDLE" WIDTH="290" HEIGHT="23">한국거래소 귀중</TD>
<TD VALIGN="MIDDLE" WIDTH="136" HEIGHT="23" AUPDATECONT="N" ENG="Report preparation date:">보고서작성기준일 :</TD>
<TU ALIGN="CENTER" VALIGN="MIDDLE" WIDTH="147" HEIGHT="23" AUNIT="RPT_REF_DT" AUNITVALUE="20260106">2026.01.06</TU>
</TR>

<TR ACOPY="Y" ADELETE="Y" HEIGHT="30">
<TD VALIGN="MIDDLE" WIDTH="290" HEIGHT="23"></TD>
<TD VALIGN="MIDDLE" WIDTH="136" HEIGHT="23" AUPDATECONT="N" ENG="Reporting entity:">보고자 : </TD>
<TE ALIGN="CENTER" VALIGN="MIDDLE" WIDTH="147" HEIGHT="23" ACODE="RPT_RSP_NM">(주)메디제네틱스</TE>
</TR>
</TBODY>
</TABLE>
</TABLE-GROUP>
<P></P>

<TABLE-GROUP ACLASS="SUM_INF" ADELETETABLE="N">

<TABLE ACLASS="EXTRACTION" AFIXTABLE="Y" WIDTH="600" BORDER="1">

<COLGROUP WIDTH="600">
<COL WIDTH="210"></COL>
<COL WIDTH="104"></COL>
<COL WIDTH="150"></COL>
<COL WIDTH="136"></COL>
</COLGROUP>

<TBODY>

<TR ACOPY="N" ADELETE="N" HEIGHT="30">
<TD COLSPAN="4" ALIGN="CENTER" VALIGN="MIDDLE" WIDTH="591" AUPDATECONT="N" ENG="Summary of Information" HEIGHT="23">요약정보</TD>
</TR>

<TR ACOPY="Y" ADELETE="Y" HEIGHT="30">
<TD ALIGN="CENTER" VALIGN="MIDDLE" AUPDATECONT="N" ENG="Issuing company name" WIDTH="201" HEIGHT="23">발행회사명</TD>
<TE ALIGN="CENTER" VALIGN="MIDDLE" ACODE="CRP_NM" WIDTH="95" HEIGHT="23">아퓨어스(주)</TE>
<TD ALIGN="CENTER" VALIGN="MIDDLE" AUPDATECONT="N" ENG="Relationship to issuing company" WIDTH="141" HEIGHT="23">발행회사와의 관계</TD>
<TU ALIGN="CENTER" VALIGN="MIDDLE" AUNIT="FLT_CRP_RLT" AUNITVALUE="10" WIDTH="127" HEIGHT="23" ENG="Largest shareholders">최대주주</TU>
</TR>

<TR ACOPY="N" ADELETE="N" HEIGHT="30">
<TD ALIGN="CENTER" VALIGN="MIDDLE" AUPDATECONT="N" ENG="Type of reporting" WIDTH="201" HEIGHT="23">보고구분</TD>
<TU COLSPAN="3" ALIGN="CENTER" VALIGN="MIDDLE" AUNIT="RPT_DST1" AUNITVALUE="4" WIDTH="381" HEIGHT="23" ENG="Changes">변동ㆍ변경</TU>
</TR>

<TR ACOPY="N" ADELETE="N" HEIGHT="30">
<TD ROWSPAN="3" ALIGN="CENTER" VALIGN="MIDDLE" AUPDATECONT="N" ENG="Number of stocks, etc. held and holding ratio" WIDTH="201" HEIGHT="83">보유주식등의 수 및 보유비율</TD>
<TD ALIGN="CENTER" VALIGN="MIDDLE" AUPDATECONT="N" WIDTH="95" HEIGHT="23"></TD>
<TD ALIGN="CENTER" VALIGN="MIDDLE" AUPDATECONT="N" ENG="Number of shares held, etc." WIDTH="141" HEIGHT="23">보유주식등의 수</TD>
<TD ALIGN="CENTER" VALIGN="MIDDLE" AUPDATECONT="N" ENG="Holdings ratio" WIDTH="127" HEIGHT="23">보유비율</TD>
</TR>

<TR ACOPY="N" ADELETE="N" HEIGHT="30">
<TD ALIGN="CENTER" VALIGN="MIDDLE" AUPDATECONT="N" ENG="Previous report" WIDTH="95" HEIGHT="23">직전 보고서</TD>
<TE ALIGN="RIGHT" VALIGN="MIDDLE" ACODE="SUM_BMT_CNT" WIDTH="141" HEIGHT="23">2,336,552</TE>
<TE ALIGN="RIGHT" VALIGN="MIDDLE" ACODE="SUM_BMT_RT" WIDTH="127" HEIGHT="23">5.13</TE>
</TR>

<TR ACOPY="N" ADELETE="N" HEIGHT="30">
<TD ALIGN="CENTER" VALIGN="MIDDLE" AUPDATECONT="N" ENG="Current report" WIDTH="95" HEIGHT="23">이번 보고서</TD>
<TE ALIGN="RIGHT" VALIGN="MIDDLE" ACODE="SUM_TMT_CNT" WIDTH="141" HEIGHT="23">15,744</TE>
<TE ALIGN="RIGHT" VALIGN="MIDDLE" ACODE="SUM_TMT_RT" WIDTH="127" HEIGHT="23">0.03</TE>
</TR>

<TR ACOPY="N" ADELETE="N" HEIGHT="30">
<TD ROWSPAN="3" ALIGN="CENTER" VALIGN="MIDDLE" AUPDATECONT="N" ENG="Number and ratio of stocks, etc. with major contracts" WIDTH="201" HEIGHT="83">주요계약체결 주식등의 수 및 비율</TD>
<TD ALIGN="CENTER" VALIGN="MIDDLE" AUPDATECONT="N" WIDTH="95" HEIGHT="23"></TD>
<TD ALIGN="CENTER" VALIGN="MIDDLE" AUPDATECONT="N" ENG="Number of shares, etc." WIDTH="141" HEIGHT="23">주식등의 수</TD>
<TD ALIGN="CENTER" VALIGN="MIDDLE" AUPDATECONT="N" ENG="Ratio" WIDTH="127" HEIGHT="23">비율</TD>
</TR>

<TR ACOPY="N" ADELETE="N" HEIGHT="30">
<TD ALIGN="CENTER" VALIGN="MIDDLE" AUPDATECONT="N" ENG="Previous report" WIDTH="95" HEIGHT="23">직전 보고서</TD>
<TE ALIGN="RIGHT" VALIGN="MIDDLE" ACODE="CTR_BMT_CNT" WIDTH="141" HEIGHT="23">8,517,981</TE>
<TE ALIGN="RIGHT" VALIGN="MIDDLE" ACODE="CTR_BMT_RT" WIDTH="127" HEIGHT="23">18.73</TE>
</TR>

<TR ACOPY="N" ADELETE="N" HEIGHT="30">
<TD ALIGN="CENTER" VALIGN="MIDDLE" AUPDATECONT="N" ENG="Current report" WIDTH="95" HEIGHT="23">이번 보고서</TD>
<TE ALIGN="RIGHT" VALIGN="MIDDLE" ACODE="CTR_TMT_CNT" WIDTH="141" HEIGHT="23">8,517,981</TE>
<TE ALIGN="RIGHT" VALIGN="MIDDLE" ACODE="CTR_TMT_RT" WIDTH="127" HEIGHT="23">18.73</TE>
</TR>

<TR ACOPY="N" ADELETE="N" HEIGHT="30">
<TD ROWSPAN="3" ALIGN="CENTER" VALIGN="MIDDLE" AUPDATECONT="N" ENG="Number of voting rights and holding ratio" WIDTH="201" HEIGHT="83">의결권의 수 및 보유비율</TD>
<TD ALIGN="CENTER" VALIGN="MIDDLE" AUPDATECONT="N" WIDTH="95" HEIGHT="23"></TD>
<TD ALIGN="CENTER" VALIGN="MIDDLE" AUPDATECONT="N" ENG="Number of voting rights" WIDTH="141" HEIGHT="23">의결권의 수</TD>
<TD ALIGN="CENTER" VALIGN="MIDDLE" AUPDATECONT="N" ENG="Holdings ratio" WIDTH="127" HEIGHT="23">보유비율</TD>
</TR>

<TR ACOPY="N" ADELETE="N" HEIGHT="30">
<TD ALIGN="CENTER" VALIGN="MIDDLE" AUPDATECONT="N" ENG="Previous report" WIDTH="95" HEIGHT="23">직전 보고서</TD>
<TE ALIGN="RIGHT" VALIGN="MIDDLE" ACODE="VR_BMT_CNT" WIDTH="141" HEIGHT="23">2,336,552</TE>
<TE ALIGN="RIGHT" VALIGN="MIDDLE" ACODE="VR_BMT_RT" WIDTH="127" HEIGHT="23">5.13</TE>
</TR>

<TR ACOPY="N" ADELETE="N" HEIGHT="30">
<TD ALIGN="CENTER" VALIGN="MIDDLE" AUPDATECONT="N" ENG="Current report" WIDTH="95" HEIGHT="23">이번 보고서</TD>
<TE ALIGN="RIGHT" VALIGN="MIDDLE" ACODE="VR_TMT_CNT" WIDTH="141" HEIGHT="23">15,744</TE>
<TE ALIGN="RIGHT" VALIGN="MIDDLE" ACODE="VR_TMT_RT" WIDTH="127" HEIGHT="23">0.03</TE>
</TR>

<TR ACOPY="N" ADELETE="N" HEIGHT="30">
<TD ROWSPAN="3" ALIGN="CENTER" VALIGN="MIDDLE" AUPDATECONT="N" ENG="Number and ratio of voting rights, etc. with major contracts" WIDTH="201" HEIGHT="83">주요계약체결 의결권의 수 및비율</TD>
<TD ALIGN="CENTER" VALIGN="MIDDLE" AUPDATECONT="N" WIDTH="95" HEIGHT="23"></TD>
<TD ALIGN="CENTER" VALIGN="MIDDLE" AUPDATECONT="N" ENG="Number of voting rights" WIDTH="141" HEIGHT="23">의결권의 수</TD>
<TD ALIGN="CENTER" VALIGN="MIDDLE" AUPDATECONT="N" ENG="Ratio" WIDTH="127" HEIGHT="23">비율</TD>
</TR>

<TR ACOPY="N" ADELETE="N" HEIGHT="30">
<TD ALIGN="CENTER" VALIGN="MIDDLE" AUPDATECONT="N" ENG="Previous report" WIDTH="95" HEIGHT="23">직전 보고서</TD>
<TE ALIGN="RIGHT" VALIGN="MIDDLE" ACODE="CVR_BMT_CNT" WIDTH="141" HEIGHT="23">8,517,981</TE>
<TE ALIGN="RIGHT" VALIGN="MIDDLE" ACODE="CVR_BMT_RT" WIDTH="127" HEIGHT="23">18.73</TE>
</TR>

<TR ACOPY="N" ADELETE="N" HEIGHT="30">
<TD ALIGN="CENTER" VALIGN="MIDDLE" AUPDATECONT="N" ENG="Current report" WIDTH="95" HEIGHT="23">이번 보고서</TD>
<TE ALIGN="RIGHT" VALIGN="MIDDLE" ACODE="CVR_TMT_CNT" WIDTH="141" HEIGHT="23">8,517,981</TE>
<TE ALIGN="RIGHT" VALIGN="MIDDLE" ACODE="CVR_TMT_RT" WIDTH="127" HEIGHT="23">18.73</TE>
</TR>

<TR ACOPY="N" ADELETE="N" HEIGHT="76">
<TD ALIGN="CENTER" VALIGN="MIDDLE" AUPDATECONT="N" ENG="Reason for reporting" WIDTH="201" HEIGHT="69">보고사유</TD>
<TE COLSPAN="3" VALIGN="MIDDLE" ACODE="SUM_CHN_RWN" WIDTH="381" HEIGHT="69">변동:보고자의 보유주식수의 변동변경:담보물 처분완료로 인한 주식담보계약의 종료와 최대주주 지위상실로 인한 보유목적 변경</TE>
</TR>
</TBODY>
</TABLE>
</TABLE-GROUP>

<TABLE ACLASS="NORMAL" AFIXTABLE="Y" WIDTH="600" BORDER="1">

<COLGROUP WIDTH="600">
<COL WIDTH="600"></COL>
</COLGROUP>

<TBODY>

<TR ACOPY="Y" ADELETE="Y" HEIGHT="76">
<TD WIDTH="591" HEIGHT="69" AUPDATECONT="N" ENG="※ I hereby confirm that the holding status of stocks, etc. of myself and my related parties as of the date of preparation of the report has been accurately disclosed in accordance with applicable laws and regulations and with due diligence in writing, and that there are no misstatements or omissions of important matters.">※ 보고자 본인은 보고서작성기준일 현재 본인과 특별관계자의 주식등의 보유상황을 관련 법규 및 기재상의 주의에 따라 정확하게 작성하였고, 중요한 사항의 허위기재 또는 기재누락이 없음을 확인합니다.</TD>
</TR>
</TBODY>
</TABLE>
<PGBRK></PGBRK>
</COVER>

<LIBRARY>
<SECTION-1 ACLASS="MANDATORY" APARTSOURCE="SOURCE">
<TITLE ATOC="Y" ATOCID="2" ENG="Part 1 Overview of the Report">제1부 보고의 개요</TITLE>
<P></P>

<SECTION-2 ACLASS="MANDATORY">
<TITLE ATOC="Y" AASSOCNOTE="D-1-1-0-0" ATOCID="3" ENG="1. Matters related to the issuing company">1. 발행회사에 관한 사항</TITLE>

<TABLE-GROUP ACLASS="CRP_NM" ADELETETABLE="N">

<TABLE ACLASS="EXTRACTION" AFIXTABLE="Y" WIDTH="600" BORDER="1">

<COLGROUP WIDTH="600">
<COL WIDTH="104"></COL>
<COL WIDTH="173"></COL>
<COL WIDTH="216"></COL>
<COL WIDTH="107"></COL>
</COLGROUP>

<TBODY>

<TR ACOPY="N" ADELETE="N" HEIGHT="30">
<TD ALIGN="CENTER" VALIGN="MIDDLE" WIDTH="95" HEIGHT="23" AUPDATECONT="N" ENG="Company name">회사명</TD>
<TE VALIGN="MIDDLE" WIDTH="164" HEIGHT="23" ACODE="CRP_NM" ALIGN="CENTER">아퓨어스(주)</TE>
<TD ALIGN="CENTER" VALIGN="MIDDLE" WIDTH="207" HEIGHT="23" AUPDATECONT="N" ENG="Company code">회사코드</TD>
<TE ALIGN="CENTER" VALIGN="MIDDLE" WIDTH="98" HEIGHT="23" ACODE="CRP_CD">149300</TE>
</TR>

<TR ACOPY="N" ADELETE="N" HEIGHT="30">
<TD ALIGN="CENTER" VALIGN="MIDDLE" WIDTH="95" HEIGHT="23" AUPDATECONT="N" ENG="Corporation type">법인구분</TD>
<TU ALIGN="CENTER" VALIGN="MIDDLE" WIDTH="164" HEIGHT="23" AUNIT="CRP_DST" AUNITVALUE="3" ENG="KONEX market listed corporation">코넥스상장법인</TU>
<TD ALIGN="CENTER" VALIGN="MIDDLE" WIDTH="207" HEIGHT="23" AUPDATECONT="N" ENG="Total number of voting shares (shrs.)">의결권있는 발행주식 총수(주)</TD>
<TE ALIGN="CENTER" VALIGN="MIDDLE" WIDTH="98" HEIGHT="23" ACODE="FLT_STK_CNT">45,486,252</TE>
</TR>
</TBODY>
</TABLE>
</TABLE-GROUP>
<P></P>
</SECTION-2>

<SECTION-2 ACLASS="MANDATORY">
<TITLE ATOC="Y" ATOCID="4" ENG="2. Matters related to significant holders">2. 대량보유자에 관한 사항</TITLE>

<SECTION-3 ACLASS="MANDATORY">
<TITLE ATOC="Y" AASSOCNOTE="D-1-2-1-0" ATOCID="5" ENG="A. Reporting entity">가. 보고자</TITLE>
<P>(1) 보고자 개요</P>

<TABLE-GROUP ACLASS="RPT_DST1" ADELETETABLE="N">

<TABLE ACLASS="EXTRACTION" AFIXTABLE="Y" WIDTH="773" BORDER="1">

<COLGROUP WIDTH="773">
<COL WIDTH="178"></COL>
<COL WIDTH="89"></COL>
<COL WIDTH="187"></COL>
<COL WIDTH="111"></COL>
<COL WIDTH="33"></COL>
<COL WIDTH="175"></COL>
</COLGROUP>

<TBODY>

<TR ACOPY="N" ADELETE="N" HEIGHT="30">
<TD ALIGN="CENTER" VALIGN="MIDDLE" WIDTH="169" HEIGHT="23" AUPDATECONT="N" ENG="Type of reporting">보고구분</TD>
<TU COLSPAN="2" ALIGN="CENTER" VALIGN="MIDDLE" WIDTH="267" HEIGHT="23" AUNIT="RPT_DST1" AUNITVALUE="4" ENG="Changes">변동ㆍ변경</TU>
<TU COLSPAN="3" ALIGN="CENTER" VALIGN="MIDDLE" WIDTH="310" HEIGHT="23" AUNIT="RPT_DST2" AUNITVALUE="2" ENG="Collective">연명</TU>
</TR>

<TR ACOPY="N" ADELETE="N" HEIGHT="30">
<TD ALIGN="CENTER" VALIGN="MIDDLE" WIDTH="169" HEIGHT="23" AUPDATECONT="N" ENG="Reporting entity classification">보고자 구분</TD>
<TU COLSPAN="2" ALIGN="CENTER" VALIGN="MIDDLE" WIDTH="267" HEIGHT="23" AUNIT="CRP_TP" AUNITVALUE="I" ENG="Domestic corporation">국내법인</TU>
<TD COLSPAN="2" ALIGN="CENTER" VALIGN="MIDDLE" WIDTH="135" HEIGHT="23" AUPDATECONT="N" ENG="Nationality">국 적</TD>
<TE ALIGN="CENTER" VALIGN="MIDDLE" WIDTH="166" HEIGHT="23" ACODE="IFR_NT">대한민국</TE>
</TR>

<TR ACOPY="N" ADELETE="N" HEIGHT="53">
<TD ALIGN="CENTER" VALIGN="MIDDLE" WIDTH="445" HEIGHT="46" AUPDATECONT="N" COLSPAN="3" ENG="Basis for reporting entity classification (only if entered as association or other organizations under law)">보고자 구분 기재 근거(법령상 조합 또는 기타단체로 기재한 경우만 기재)</TD>
<TE COLSPAN="3" ALIGN="CENTER" VALIGN="MIDDLE" WIDTH="310" HEIGHT="46" ACODE="IFR_BASE">-</TE>
</TR>

<TR ACOPY="N" ADELETE="N" HEIGHT="30">
<TD ALIGN="CENTER" VALIGN="MIDDLE" WIDTH="169" HEIGHT="23" AUPDATECONT="N" ENG="Name (Title)">성명(명칭)</TD>
<TD ALIGN="CENTER" VALIGN="MIDDLE" WIDTH="80" HEIGHT="23" AUPDATECONT="N" ENG="Korean">한글</TD>
<TE ALIGN="CENTER" VALIGN="MIDDLE" WIDTH="178" HEIGHT="23" ACODE="IFR_NM">(주)메디제네틱스</TE>
<TD ALIGN="CENTER" VALIGN="MIDDLE" WIDTH="102" HEIGHT="23" AUPDATECONT="N" ENG="Chinese characters (English)">한자(영문)</TD>
<TE COLSPAN="2" ALIGN="CENTER" VALIGN="MIDDLE" WIDTH="199" HEIGHT="23" ACODE="IFR_NM_HJ">Medi Genetics Co.,Ltd.</TE>
</TR>

<TR ACOPY="N" ADELETE="N" HEIGHT="53">
<TD ALIGN="CENTER" VALIGN="MIDDLE" WIDTH="169" HEIGHT="46" AUPDATECONT="N" ENG="Address (Head office) [Building name/number can be omitted]">주소(본점소재지)[읍ㆍ면ㆍ동까지만 기재]</TD>
<TE COLSPAN="2" VALIGN="MIDDLE" WIDTH="267" HEIGHT="46" ACODE="IFR_ADR2" ALIGN="CENTER">경기도 평택시 청북면</TE>
<TD COLSPAN="2" ALIGN="CENTER" VALIGN="MIDDLE" WIDTH="135" HEIGHT="46" AUPDATECONT="N" ENG="Date of birth or business registration No., etc.">생년월일 또는사업자등록번호 등</TD>
<TE ALIGN="CENTER" VALIGN="MIDDLE" WIDTH="166" HEIGHT="46" ACODE="IFR_ID">135-86-12446</TE>
</TR>

<TR ACOPY="N" ADELETE="N" HEIGHT="30">
<TD ALIGN="CENTER" VALIGN="MIDDLE" WIDTH="169" HEIGHT="23" AUPDATECONT="N" ENG="Occupation (Details of business)">직업(사업내용)</TD>
<TE COLSPAN="2" VALIGN="MIDDLE" WIDTH="267" HEIGHT="23" ACODE="IFR_JOB" ALIGN="CENTER">정보서비스업</TE>
<TD COLSPAN="2" ALIGN="CENTER" VALIGN="MIDDLE" WIDTH="135" HEIGHT="23" AUPDATECONT="N" ENG="Relationship to issuing company">발행회사와의 관계</TD>
<TU ALIGN="CENTER" VALIGN="MIDDLE" WIDTH="166" HEIGHT="23" AUNIT="FLT_CRP_RLT" AUNITVALUE="10" ENG="Largest shareholders">최대주주</TU>
</TR>

<TR ACOPY="N" ADELETE="N" HEIGHT="30">
<TD ROWSPAN="4" ALIGN="CENTER" VALIGN="MIDDLE" WIDTH="169" HEIGHT="113" AUPDATECONT="N" ENG="Contact points and person in charge">업무상 연락처및 담당자</TD>
<TD ALIGN="CENTER" VALIGN="MIDDLE" WIDTH="80" HEIGHT="23" AUPDATECONT="N" ENG="Affiliated company">소속회사</TD>
<TE VALIGN="MIDDLE" WIDTH="178" HEIGHT="23" ACODE="RSP_MAN_ADR2" ALIGN="CENTER">아퓨어스(주)</TE>
<TD COLSPAN="2" ALIGN="CENTER" VALIGN="MIDDLE" WIDTH="135" HEIGHT="23" AUPDATECONT="N" ENG="Department">부서</TD>
<TE ALIGN="CENTER" VALIGN="MIDDLE" WIDTH="166" HEIGHT="23" ACODE="RSP_MAN_DPT">경영지원팀</TE>
</TR>

<TR ACOPY="N" ADELETE="N" HEIGHT="30">
<TD ALIGN="CENTER" VALIGN="MIDDLE" WIDTH="80" HEIGHT="23" AUPDATECONT="N" ENG="Position">직위</TD>
<TE VALIGN="MIDDLE" WIDTH="178" HEIGHT="23" ACODE="RSP_MAN_PST" ALIGN="CENTER">이사</TE>
<TD COLSPAN="2" ALIGN="CENTER" VALIGN="MIDDLE" WIDTH="135" HEIGHT="23" AUPDATECONT="N" ENG="(Tel.)">전화번호</TD>
<TE ALIGN="CENTER" VALIGN="MIDDLE" WIDTH="166" HEIGHT="23" ACODE="RSP_MAN_PHN2">031-68******</TE>
</TR>

<TR ACOPY="N" ADELETE="N" HEIGHT="30">
<TD ALIGN="CENTER" VALIGN="MIDDLE" WIDTH="80" HEIGHT="23" AUPDATECONT="N" ENG="Name">성명</TD>
<TE VALIGN="MIDDLE" WIDTH="178" HEIGHT="23" ACODE="RSP_MAN" ALIGN="CENTER">이기만</TE>
<TD COLSPAN="2" ALIGN="CENTER" VALIGN="MIDDLE" WIDTH="135" HEIGHT="23" AUPDATECONT="N" ENG="Fax No.">팩스번호</TD>
<TE ALIGN="CENTER" VALIGN="MIDDLE" WIDTH="166" HEIGHT="23" ACODE="RSP_MAN_FAX">031-68******</TE>
</TR>

<TR ACOPY="N" ADELETE="N" HEIGHT="30">
<TD ALIGN="CENTER" VALIGN="MIDDLE" WIDTH="80" HEIGHT="23" AUPDATECONT="N" ENG="E-mail address">이메일 주소</TD>
<TE VALIGN="MIDDLE" WIDTH="497" HEIGHT="23" ACODE="RSP_MAN_EML" ALIGN="CENTER" COLSPAN="4">*******1@apures.com</TE>
</TR>
</TBODY>
</TABLE>
</TABLE-GROUP>

<P></P>
<P>(2) 보고자에 대한 구체적인 사항(법인, 기타단체, 법령상조합, 민법상 조합의 경우 기재)</P>

<TABLE-GROUP ACLASS="REP_SUB" ADELETETABLE="N">

<TABLE ACLASS="EXTRACTION" AFIXTABLE="Y" WIDTH="600" BORDER="1">

<COLGROUP WIDTH="600">
<COL WIDTH="170"></COL>
<COL WIDTH="139"></COL>
<COL WIDTH="165"></COL>
<COL WIDTH="126"></COL>
</COLGROUP>

<TBODY>

<TR ACOPY="N" ADELETE="N" HEIGHT="30">
<TD ALIGN="CENTER" VALIGN="MIDDLE" WIDTH="161" HEIGHT="23" AUPDATECONT="N" ENG="Legal personality">법적성격</TD>
<TE WIDTH="421" HEIGHT="23" ACODE="SUB_CHA" COLSPAN="3" VALIGN="MIDDLE" ALIGN="CENTER">주식회사</TE>
</TR>

<TR ACOPY="N" ADELETE="N" HEIGHT="53">
<TD ALIGN="CENTER" VALIGN="MIDDLE" WIDTH="161" HEIGHT="46" AUPDATECONT="N" ENG="Total assets (or total assets under management)">자산총액(또는 운용자산총액)</TD>
<TE WIDTH="130" HEIGHT="46" ACODE="SUB_AST" VALIGN="MIDDLE" ALIGN="RIGHT">3,833,100,019</TE>
<TD ALIGN="CENTER" VALIGN="MIDDLE" WIDTH="156" HEIGHT="46" AUPDATECONT="N" ENG="Total liabilities">부채총액</TD>
<TE WIDTH="117" HEIGHT="46" ACODE="SUB_DEB" VALIGN="MIDDLE" ALIGN="RIGHT">657,878,731</TE>
</TR>

<TR ACOPY="N" ADELETE="N" HEIGHT="30">
<TD ALIGN="CENTER" VALIGN="MIDDLE" WIDTH="161" HEIGHT="23" AUPDATECONT="N" ENG="Total equity">자본총액</TD>
<TE WIDTH="130" HEIGHT="23" ACODE="SUB_CAP" VALIGN="MIDDLE" ALIGN="RIGHT">3,175,221,288</TE>
<TD ALIGN="CENTER" VALIGN="MIDDLE" WIDTH="156" HEIGHT="23" AUPDATECONT="N" ENG="Issued capital">자본금</TD>
<TE WIDTH="117" HEIGHT="23" ACODE="SUB_EQU" VALIGN="MIDDLE" ALIGN="RIGHT">4,500,000,000</TE>
</TR>

<TR ACOPY="N" ADELETE="N" HEIGHT="76">
<TD ALIGN="CENTER" VALIGN="MIDDLE" WIDTH="161" HEIGHT="69" AUPDATECONT="N" ENG="Representative (representative member or executive member)">대표자(대표조합원 또는업무집행조합원)</TD>
<TE WIDTH="421" HEIGHT="69" ACODE="SUB_REP" COLSPAN="3" VALIGN="MIDDLE" ALIGN="CENTER">최선덕</TE>
</TR>

<TR ACOPY="N" ADELETE="N" HEIGHT="53">
<TD ALIGN="CENTER" VALIGN="MIDDLE" WIDTH="161" HEIGHT="46" AUPDATECONT="N" ENG="Decision-making body (decision-maker)">의사결정기구(의사결정권자)</TD>
<TE WIDTH="421" HEIGHT="46" ACODE="SUB_DEC" COLSPAN="3" VALIGN="MIDDLE" ALIGN="CENTER">주주총회 및 이사회</TE>
</TR>

<TR ACOPY="N" ADELETE="N" HEIGHT="53">
<TD ALIGN="CENTER" VALIGN="MIDDLE" WIDTH="161" HEIGHT="46" AUPDATECONT="N" ENG="Largest shareholder (largest investor)">최대주주(최다출자자)</TD>
<TE WIDTH="130" HEIGHT="46" ACODE="SUB_LAR" VALIGN="MIDDLE" ALIGN="CENTER">최선덕</TE>
<TD ALIGN="CENTER" VALIGN="MIDDLE" WIDTH="156" HEIGHT="46" AUPDATECONT="N" ENG="Shareholding ratio of the largest shareholder (%) (investment ratio of the largest investor)">최대주주 지분율(%)(최다출자자 출자비율)</TD>
<TE WIDTH="117" HEIGHT="46" ACODE="SUB_LRT" VALIGN="MIDDLE" ALIGN="RIGHT">100</TE>
</TR>
</TBODY>
</TABLE>
</TABLE-GROUP>

<P></P>
</SECTION-3>

<SECTION-3 ACLASS="MANDATORY">
<TITLE ATOC="Y" AASSOCNOTE="D-1-2-2-0" ATOCID="6" ENG="B. Specially related parties">나. 특별관계자</TITLE>
<P>(1) 특별관계자 개요</P>

<TABLE-GROUP ACLASS="SPC_NM" ADELETETABLE="N">

<TABLE ACLASS="EXTRACTION" AFIXTABLE="N" WIDTH="937" BORDER="1">

<COLGROUP WIDTH="937">
<COL WIDTH="37"></COL>
<COL WIDTH="74"></COL>
<COL WIDTH="107"></COL>
<COL WIDTH="93"></COL>
<COL WIDTH="91"></COL>
<COL WIDTH="83"></COL>
<COL WIDTH="240"></COL>
<COL WIDTH="107"></COL>
<COL WIDTH="105"></COL>
</COLGROUP>

<THEAD>

<TR ACOPY="N" ADELETE="N" HEIGHT="99">
<TH VALIGN="MIDDLE" WIDTH="28" ACOPYCOL="N" ADELETECOL="N" AMOVECOL="N" AUPDATECONT="N" ENG="Sequential No." HEIGHT="92">연번</TH>
<TH VALIGN="MIDDLE" WIDTH="65" ACOPYCOL="N" ADELETECOL="N" AMOVECOL="N" AUPDATECONT="N" ENG="Name (Title)" HEIGHT="92">성 명(명칭)</TH>
<TH VALIGN="MIDDLE" WIDTH="98" ACOPYCOL="N" ADELETECOL="N" AMOVECOL="N" AUPDATECONT="N" ENG="Category" HEIGHT="92">구분</TH>
<TH VALIGN="MIDDLE" WIDTH="84" ACOPYCOL="N" ADELETECOL="N" AMOVECOL="N" AUPDATECONT="N" ENG="Detailed relationship with the reporting entity" HEIGHT="92">보고자와의구체적 관계</TH>
<TH VALIGN="MIDDLE" WIDTH="82" ACOPYCOL="N" ADELETECOL="N" AMOVECOL="N" AUPDATECONT="N" ENG="Date of birth or business registration No., etc." HEIGHT="92">생년월일또는사업자등록번호 등</TH>
<TH VALIGN="MIDDLE" WIDTH="74" ACOPYCOL="N" ADELETECOL="N" AMOVECOL="N" AUPDATECONT="N" ENG="Nationality" HEIGHT="92">국적</TH>
<TH VALIGN="MIDDLE" WIDTH="231" ACOPYCOL="N" ADELETECOL="N" AMOVECOL="N" AUPDATECONT="N" ENG="Address (Location)" HEIGHT="92">주  소(소재지)</TH>
<TH VALIGN="MIDDLE" WIDTH="98" ACOPYCOL="N" ADELETECOL="N" AMOVECOL="N" AUPDATECONT="N" ENG="Occupation (Details of business)" HEIGHT="92">직  업(사업내용)</TH>
<TH VALIGN="MIDDLE" WIDTH="96" ACOPYCOL="N" ADELETECOL="N" AMOVECOL="N" AUPDATECONT="N" ENG="Relationship to issuing company" HEIGHT="92">발행회사와의 관계</TH>
</TR>
</THEAD>

<TBODY>

<TR ACOPY="Y" ADELETE="N" HEIGHT="30">
<TE ALIGN="CENTER" VALIGN="MIDDLE" ACODE="SEQ_NO" WIDTH="28" HEIGHT="23">1</TE>
<TE ALIGN="CENTER" VALIGN="MIDDLE" ACODE="SPC_NM" WIDTH="65" HEIGHT="23">최선덕</TE>
<TU ALIGN="CENTER" VALIGN="MIDDLE" AUNIT="SPC_TP" AUNITVALUE="D" WIDTH="98" HEIGHT="23" ENG="Individual (domestic)">개인(국내)</TU>
<TU ALIGN="CENTER" VALIGN="MIDDLE" AUNIT="IFR_RLT" AUNITVALUE="H" WIDTH="84" HEIGHT="23" ENG="CEO">대표이사</TU>
<TE ALIGN="CENTER" VALIGN="MIDDLE" ACODE="SPC_ID2" WIDTH="82" HEIGHT="23">670902</TE>
<TE ALIGN="CENTER" VALIGN="MIDDLE" ACODE="SPC_NT" WIDTH="74" HEIGHT="23">대한민국</TE>
<TE VALIGN="MIDDLE" ACODE="ADR2" WIDTH="231" HEIGHT="23">경기도 용인시 수지구 상현동</TE>
<TE VALIGN="MIDDLE" ACODE="JOB" ALIGN="CENTER" WIDTH="98" HEIGHT="23">발행회사임원</TE>
<TU VALIGN="MIDDLE" AUNIT="FLT_CRP_RLT" AUNITVALUE="01" WIDTH="96" HEIGHT="23" ENG="Executives(registered)">임원(등기)</TU>
</TR>

<TR ACOPY="Y" ADELETE="Y" HEIGHT="30">
<TE ALIGN="CENTER" VALIGN="MIDDLE" ACODE="SEQ_NO" WIDTH="28" HEIGHT="23">2</TE>
<TE ALIGN="CENTER" VALIGN="MIDDLE" ACODE="SPC_NM" WIDTH="65" HEIGHT="23">황주희</TE>
<TU ALIGN="CENTER" VALIGN="MIDDLE" AUNIT="SPC_TP" AUNITVALUE="D" WIDTH="98" HEIGHT="23" ENG="Individual (domestic)">개인(국내)</TU>
<TU ALIGN="CENTER" VALIGN="MIDDLE" AUNIT="IFR_RLT" AUNITVALUE="L" WIDTH="84" HEIGHT="23" ENG="Others">기타</TU>
<TE ALIGN="CENTER" VALIGN="MIDDLE" ACODE="SPC_ID2" WIDTH="82" HEIGHT="23">750213</TE>
<TE ALIGN="CENTER" VALIGN="MIDDLE" ACODE="SPC_NT" WIDTH="74" HEIGHT="23">대한민국</TE>
<TE VALIGN="MIDDLE" ACODE="ADR2" WIDTH="231" HEIGHT="23">경기도 용인시 수지구 상현동</TE>
<TE VALIGN="MIDDLE" ACODE="JOB" ALIGN="CENTER" WIDTH="98" HEIGHT="23">-</TE>
<TU VALIGN="MIDDLE" AUNIT="FLT_CRP_RLT" AUNITVALUE="13" WIDTH="96" HEIGHT="23" ENG="Shareholders">주주</TU>
</TR>
</TBODY>
</TABLE>
</TABLE-GROUP>

<TABLE ACLASS="NORMAL" AFIXTABLE="N" WIDTH="600" BORDER="0">

<COLGROUP WIDTH="600">
<COL WIDTH="600"></COL>
</COLGROUP>

<TBODY>

<TR ACOPY="Y" ADELETE="Y" HEIGHT="30">
<TD WIDTH="591" HEIGHT="23">* 주소는 읍ㆍ면ㆍ동까지만 기재</TD>
</TR>
</TBODY>
</TABLE>

<P></P>
<P>(2) 특별관계자에 대한 구체적인 사항(법인, 기타단체, 법령상조합, 민법상 조합의 경우 기재)</P>

<TABLE-GROUP ACLASS="SPE_SUB" ADELETETABLE="N">

<TABLE ACLASS="EXTRACTION" AFIXTABLE="Y" WIDTH="600" BORDER="1">

<COLGROUP WIDTH="600">
<COL WIDTH="170"></COL>
<COL WIDTH="139"></COL>
<COL WIDTH="165"></COL>
<COL WIDTH="126"></COL>
</COLGROUP>

<TBODY>

<TR ACOPY="N" ADELETE="N" HEIGHT="30">
<TD ALIGN="CENTER" VALIGN="MIDDLE" WIDTH="161" HEIGHT="23" AUPDATECONT="N" ENG="Legal personality">법적성격</TD>
<TE WIDTH="421" HEIGHT="23" ACODE="SUB_CHA" COLSPAN="3" VALIGN="MIDDLE" ALIGN="CENTER">-</TE>
</TR>

<TR ACOPY="N" ADELETE="N" HEIGHT="53">
<TD ALIGN="CENTER" VALIGN="MIDDLE" WIDTH="161" HEIGHT="46" AUPDATECONT="N" ENG="Total assets (or total assets under management)">자산총액(또는 운용자산총액)</TD>
<TE WIDTH="130" HEIGHT="46" ACODE="SUB_AST" VALIGN="MIDDLE" ALIGN="RIGHT">-</TE>
<TD ALIGN="CENTER" VALIGN="MIDDLE" WIDTH="156" HEIGHT="46" AUPDATECONT="N" ENG="Total liabilities">부채총액</TD>
<TE WIDTH="117" HEIGHT="46" ACODE="SUB_DEB" VALIGN="MIDDLE" ALIGN="RIGHT">-</TE>
</TR>

<TR ACOPY="N" ADELETE="N" HEIGHT="30">
<TD ALIGN="CENTER" VALIGN="MIDDLE" WIDTH="161" HEIGHT="23" AUPDATECONT="N" ENG="Total equity">자본총액</TD>
<TE WIDTH="130" HEIGHT="23" ACODE="SUB_CAP" VALIGN="MIDDLE" ALIGN="RIGHT">-</TE>
<TD ALIGN="CENTER" VALIGN="MIDDLE" WIDTH="156" HEIGHT="23" AUPDATECONT="N" ENG="Issued capital">자본금</TD>
<TE WIDTH="117" HEIGHT="23" ACODE="SUB_EQU" VALIGN="MIDDLE" ALIGN="RIGHT">-</TE>
</TR>

<TR ACOPY="N" ADELETE="N" HEIGHT="76">
<TD ALIGN="CENTER" VALIGN="MIDDLE" WIDTH="161" HEIGHT="69" AUPDATECONT="N" ENG="Representative (representative member or executive member)">대표자(대표조합원 또는업무집행조합원)</TD>
<TE WIDTH="421" HEIGHT="69" ACODE="SUB_REP" COLSPAN="3" VALIGN="MIDDLE" ALIGN="CENTER">-</TE>
</TR>

<TR ACOPY="N" ADELETE="N" HEIGHT="53">
<TD ALIGN="CENTER" VALIGN="MIDDLE" WIDTH="161" HEIGHT="46" AUPDATECONT="N" ENG="Decision-making body (decision-maker)">의사결정기구(의사결정권자)</TD>
<TE WIDTH="421" HEIGHT="46" ACODE="SUB_DEC" COLSPAN="3" VALIGN="MIDDLE" ALIGN="CENTER">-</TE>
</TR>

<TR ACOPY="N" ADELETE="N" HEIGHT="53">
<TD ALIGN="CENTER" VALIGN="MIDDLE" WIDTH="161" HEIGHT="46" AUPDATECONT="N" ENG="Largest shareholder (largest investor)">최대주주(최다출자자)</TD>
<TE WIDTH="130" HEIGHT="46" ACODE="SUB_LAR" VALIGN="MIDDLE" ALIGN="CENTER">-</TE>
<TD ALIGN="CENTER" VALIGN="MIDDLE" WIDTH="156" HEIGHT="46" AUPDATECONT="N" ENG="Shareholding ratio of the largest shareholder (%) (investment ratio of the largest investor)">최대주주 지분율(%)(최다출자자 출자비율)</TD>
<TE WIDTH="117" HEIGHT="46" ACODE="SUB_LRT" VALIGN="MIDDLE" ALIGN="RIGHT">-</TE>
</TR>
</TBODY>
</TABLE>
</TABLE-GROUP>
<P></P>

<P></P>
</SECTION-3>

<SECTION-3 ACLASS="MANDATORY">
<TITLE ATOC="Y" AASSOCNOTE="D-1-2-3-0" ATOCID="7" ENG="C. Collective investment business entity">다. 집합투자업자</TITLE>
<P>(보고자 또는 특별관계자가 규정 제3-10조 제2항에 따른 "집합투자기구"인 경우에 한함) </P>
<P>(1) 집합투자업자 개요</P>

<TABLE-GROUP ACLASS="ASST_MNG" ADELETETABLE="N">

<TABLE ACLASS="EXTRACTION" AFIXTABLE="N" WIDTH="660" BORDER="1">

<COLGROUP WIDTH="660">
<COL WIDTH="42"></COL>
<COL WIDTH="80"></COL>
<COL WIDTH="95"></COL>
<COL WIDTH="109"></COL>
<COL WIDTH="68"></COL>
<COL WIDTH="215"></COL>
<COL WIDTH="51"></COL>
</COLGROUP>

<THEAD>

<TR ACOPY="N" ADELETE="N" HEIGHT="53">
<TH VALIGN="MIDDLE" WIDTH="33" HEIGHT="46" ACOPYCOL="N" ADELETECOL="N" AMOVECOL="N" AUPDATECONT="N" ENG="Sequential No.">연번</TH>
<TH VALIGN="MIDDLE" WIDTH="71" HEIGHT="46" ACOPYCOL="N" ADELETECOL="N" AMOVECOL="N" AUPDATECONT="N" ENG="Name">명칭</TH>
<TH VALIGN="MIDDLE" WIDTH="86" HEIGHT="46" ACOPYCOL="N" ADELETECOL="N" AMOVECOL="N" AUPDATECONT="N" ENG="Business registration No., etc.">사업자등록번호 등</TH>
<TH VALIGN="MIDDLE" WIDTH="100" HEIGHT="46" ACOPYCOL="N" ADELETECOL="N" AMOVECOL="N" AUPDATECONT="N" ENG="Target collective investment scheme">대상 집합투자기구</TH>
<TH VALIGN="MIDDLE" WIDTH="59" HEIGHT="46" ACOPYCOL="N" ADELETECOL="N" AMOVECOL="N" AUPDATECONT="N" ENG="Nationality">국적</TH>
<TH VALIGN="MIDDLE" WIDTH="206" HEIGHT="46" ACOPYCOL="N" ADELETECOL="N" AMOVECOL="N" AUPDATECONT="N" ENG="Address (Location)">주  소(소재지)</TH>
<TH VALIGN="MIDDLE" WIDTH="42" HEIGHT="46" ACOPYCOL="N" ADELETECOL="N" AMOVECOL="N" AUPDATECONT="N" ENG="Note">비고</TH>
</TR>
</THEAD>

<TBODY>

<TR ACOPY="Y" ADELETE="N" HEIGHT="30">
<TE ALIGN="CENTER" VALIGN="MIDDLE" WIDTH="33" HEIGHT="23" ACODE="SEQ_NO">-</TE>
<TE ALIGN="CENTER" VALIGN="MIDDLE" WIDTH="71" HEIGHT="23" ACODE="SPC_NM">-</TE>
<TE ALIGN="CENTER" VALIGN="MIDDLE" WIDTH="86" HEIGHT="23" ACODE="SPC_ID2">-</TE>
<TE ALIGN="CENTER" VALIGN="MIDDLE" WIDTH="100" HEIGHT="23" ACODE="TGT_INV">-</TE>
<TE ALIGN="CENTER" VALIGN="MIDDLE" WIDTH="59" HEIGHT="23" ACODE="SPC_NT">-</TE>
<TE VALIGN="MIDDLE" WIDTH="206" HEIGHT="23" ACODE="ADR2" ALIGN="CENTER">-</TE>
<TE VALIGN="MIDDLE" WIDTH="42" HEIGHT="23" ACODE="RMK" ALIGN="CENTER">-</TE>
</TR>

<TR ACOPY="Y" ADELETE="Y" HEIGHT="30">
<TE ALIGN="CENTER" VALIGN="MIDDLE" WIDTH="33" HEIGHT="23" ACODE="SEQ_NO">-</TE>
<TE ALIGN="CENTER" VALIGN="MIDDLE" WIDTH="71" HEIGHT="23" ACODE="SPC_NM">-</TE>
<TE ALIGN="CENTER" VALIGN="MIDDLE" WIDTH="86" HEIGHT="23" ACODE="SPC_ID2">-</TE>
<TE ALIGN="CENTER" VALIGN="MIDDLE" WIDTH="100" HEIGHT="23" ACODE="TGT_INV">-</TE>
<TE ALIGN="CENTER" VALIGN="MIDDLE" WIDTH="59" HEIGHT="23" ACODE="SPC_NT">-</TE>
<TE VALIGN="MIDDLE" WIDTH="206" HEIGHT="23" ACODE="ADR2" ALIGN="CENTER">-</TE>
<TE VALIGN="MIDDLE" WIDTH="42" HEIGHT="23" ACODE="RMK" ALIGN="CENTER">-</TE>
</TR>
</TBODY>
</TABLE>
</TABLE-GROUP>
<P></P>
<P>(2) 집합투자업자에 대한 구체적인 사항</P>

<TABLE ACLASS="NORMAL" AFIXTABLE="N" WIDTH="600" BORDER="1">

<COLGROUP WIDTH="600">
<COL WIDTH="150"></COL>
<COL WIDTH="150"></COL>
<COL WIDTH="150"></COL>
<COL WIDTH="150"></COL>
</COLGROUP>

<TBODY>

<TR ACOPY="Y" ADELETE="Y" HEIGHT="30">
<TD ALIGN="CENTER" VALIGN="MIDDLE" WIDTH="141" HEIGHT="23">법적성격</TD>
<TD COLSPAN="3" WIDTH="441" HEIGHT="23" VALIGN="MIDDLE" ALIGN="CENTER">-</TD>
</TR>

<TR ACOPY="Y" ADELETE="Y" HEIGHT="30">
<TD ALIGN="CENTER" VALIGN="MIDDLE" WIDTH="141" HEIGHT="23">자본금</TD>
<TD WIDTH="141" HEIGHT="23" VALIGN="MIDDLE" ALIGN="CENTER">-</TD>
<TD ALIGN="CENTER" VALIGN="MIDDLE" WIDTH="141" HEIGHT="23">운용자산총액</TD>
<TD WIDTH="141" HEIGHT="23" VALIGN="MIDDLE" ALIGN="CENTER">-</TD>
</TR>

<TR ACOPY="Y" ADELETE="Y" HEIGHT="30">
<TD ALIGN="CENTER" VALIGN="MIDDLE" WIDTH="141" HEIGHT="23">대표자</TD>
<TD COLSPAN="3" WIDTH="441" HEIGHT="23" VALIGN="MIDDLE" ALIGN="CENTER">-</TD>
</TR>

<TR ACOPY="Y" ADELETE="Y" HEIGHT="53">
<TD ALIGN="CENTER" VALIGN="MIDDLE" WIDTH="141" HEIGHT="46">의사결정기구(의사결정권자)</TD>
<TD COLSPAN="3" WIDTH="441" HEIGHT="46" VALIGN="MIDDLE" ALIGN="CENTER">-</TD>
</TR>

<TR ACOPY="Y" ADELETE="Y" HEIGHT="53">
<TD ALIGN="CENTER" VALIGN="MIDDLE" WIDTH="141" HEIGHT="46">최대주주(법인 대표자)</TD>
<TD WIDTH="141" HEIGHT="46" VALIGN="MIDDLE" ALIGN="CENTER">-</TD>
<TD ALIGN="CENTER" VALIGN="MIDDLE" WIDTH="141" HEIGHT="46">최대주주 지분율</TD>
<TD WIDTH="141" HEIGHT="46" VALIGN="MIDDLE" ALIGN="CENTER">-</TD>
</TR>
</TBODY>
</TABLE>
<P></P>
</SECTION-3>
</SECTION-2>

<SECTION-2 ACLASS="MANDATORY">
<TITLE ATOC="Y" AASSOCNOTE="D-1-3-0-0" ATOCID="8" ENG="3. Number of stocks, etc. held and holding ratio">3. 보유주식등의 수 및 보유비율</TITLE>

<TABLE-GROUP ACLASS="BFR_IFR" ADELETETABLE="N">

<TABLE ACLASS="EXTRACTION" AFIXTABLE="Y" WIDTH="911" BORDER="1">

<COLGROUP WIDTH="911">
<COL WIDTH="87"></COL>
<COL WIDTH="127"></COL>
<COL WIDTH="134"></COL>
<COL WIDTH="58"></COL>
<COL WIDTH="114"></COL>
<COL WIDTH="77"></COL>
<COL WIDTH="107"></COL>
<COL WIDTH="78"></COL>
<COL WIDTH="129"></COL>
</COLGROUP>

<THEAD>

<TR ACOPY="Y" ADELETE="Y" HEIGHT="30">
<TH ROWSPAN="2" VALIGN="MIDDLE" WIDTH="78" ACOPYCOL="Y" ADELETECOL="Y" AMOVECOL="N" AUPDATECONT="N" HEIGHT="76"></TH>
<TH ROWSPAN="2" VALIGN="MIDDLE" WIDTH="118" ACOPYCOL="Y" ADELETECOL="Y" AMOVECOL="N" AUPDATECONT="N" ENG="Report preparation date:" HEIGHT="76">보고서작성기준일</TH>
<TH COLSPAN="2" VALIGN="MIDDLE" WIDTH="183" ACOPYCOL="Y" ADELETECOL="Y" AMOVECOL="N" AUPDATECONT="N" ENG="Reporting entity" HEIGHT="23">보고자</TH>
<TH COLSPAN="2" VALIGN="MIDDLE" WIDTH="182" ACOPYCOL="Y" ADELETECOL="Y" AMOVECOL="N" AUPDATECONT="N" ENG="Stocks, etc." HEIGHT="23">주식등</TH>
<TH COLSPAN="2" VALIGN="MIDDLE" WIDTH="176" ACOPYCOL="Y" ADELETECOL="Y" AMOVECOL="N" AUPDATECONT="N" ENG="Share certificates" HEIGHT="23">주권</TH>
<TH ROWSPAN="2" VALIGN="MIDDLE" WIDTH="120" ACOPYCOL="Y" ADELETECOL="Y" AMOVECOL="N" AUPDATECONT="N" ENG="Total number of voting shares (shrs.)" HEIGHT="76">의결권 있는 발행주식총수(주)</TH>
</TR>

<TR ACOPY="Y" ADELETE="Y" HEIGHT="53">
<TH VALIGN="MIDDLE" ACOPYCOL="Y" ADELETECOL="Y" AMOVECOL="N" AUPDATECONT="N" ENG="Name" WIDTH="125" HEIGHT="46">본인 성명</TH>
<TH VALIGN="MIDDLE" ACOPYCOL="Y" ADELETECOL="Y" AMOVECOL="N" AUPDATECONT="N" ENG="Number of specially related parties" WIDTH="49" HEIGHT="46">특별관계자수</TH>
<TH VALIGN="MIDDLE" ACOPYCOL="Y" ADELETECOL="Y" AMOVECOL="N" AUPDATECONT="N" ENG="Number of shares, etc. (shrs.)" WIDTH="105" HEIGHT="46">주식등의 수(주)</TH>
<TH VALIGN="MIDDLE" ACOPYCOL="Y" ADELETECOL="Y" AMOVECOL="N" AUPDATECONT="N" ENG="Ratio (%)" WIDTH="68" HEIGHT="46">비율(%)</TH>
<TH VALIGN="MIDDLE" ACOPYCOL="Y" ADELETECOL="Y" AMOVECOL="N" AUPDATECONT="N" ENG="Number of shares (shrs.)" WIDTH="98" HEIGHT="46">주식수(주)</TH>
<TH VALIGN="MIDDLE" ACOPYCOL="Y" ADELETECOL="Y" AMOVECOL="N" AUPDATECONT="N" ENG="Ratio (%)" WIDTH="69" HEIGHT="46">비율(%)</TH>
</TR>
</THEAD>

<TBODY>

<TR ACOPY="Y" ADELETE="Y" HEIGHT="30">
<TD ALIGN="CENTER" VALIGN="MIDDLE" AUPDATECONT="N" ENG="Previous report" WIDTH="78" HEIGHT="23">직전보고서</TD>
<TU ALIGN="CENTER" VALIGN="MIDDLE" AUNIT="BFR_RPT_DT" AUNITVALUE="20260102" WIDTH="118" HEIGHT="23">2026.01.02</TU>
<TE ALIGN="CENTER" VALIGN="MIDDLE" ACODE="BFR_IFR" WIDTH="125" HEIGHT="23">(주)메디제네틱스</TE>
<TE ALIGN="RIGHT" VALIGN="MIDDLE" ACODE="BFR_RPT_CNT" WIDTH="49" HEIGHT="23">1</TE>
<TE ALIGN="RIGHT" VALIGN="MIDDLE" ACODE="BFR_STK_CNT" WIDTH="105" HEIGHT="23">2,336,552</TE>
<TE ALIGN="RIGHT" VALIGN="MIDDLE" ACODE="BFR_STK_RT" WIDTH="68" HEIGHT="23">5.13</TE>
<TE ALIGN="RIGHT" VALIGN="MIDDLE" ACODE="BFR_CMT_CNT" WIDTH="98" HEIGHT="23">2,336,552</TE>
<TE ALIGN="RIGHT" VALIGN="MIDDLE" ACODE="BFR_CMT_RT" WIDTH="69" HEIGHT="23">5.13</TE>
<TE ALIGN="RIGHT" VALIGN="MIDDLE" ACODE="BFR_STK_CT" WIDTH="120" HEIGHT="23">45,486,252</TE>
</TR>

<TR ACOPY="Y" ADELETE="Y" HEIGHT="30">
<TD ALIGN="CENTER" VALIGN="MIDDLE" AUPDATECONT="N" ENG="Current report" WIDTH="78" HEIGHT="23">이번보고서</TD>
<TU ALIGN="CENTER" VALIGN="MIDDLE" AUNIT="THS_RPT_DT" AUNITVALUE="20260106" WIDTH="118" HEIGHT="23">2026.01.06</TU>
<TE ALIGN="CENTER" VALIGN="MIDDLE" ACODE="THS_IFR" WIDTH="125" HEIGHT="23">(주)메디제네틱스</TE>
<TE ALIGN="RIGHT" VALIGN="MIDDLE" ACODE="THS_RPT_CNT" WIDTH="49" HEIGHT="23">1</TE>
<TE ALIGN="RIGHT" VALIGN="MIDDLE" ACODE="THS_STK_CNT" WIDTH="105" HEIGHT="23">15,744</TE>
<TE ALIGN="RIGHT" VALIGN="MIDDLE" ACODE="THS_STK_RT" WIDTH="68" HEIGHT="23">0.03</TE>
<TE ALIGN="RIGHT" VALIGN="MIDDLE" ACODE="THS_CMT_CNT" WIDTH="98" HEIGHT="23">15,744</TE>
<TE ALIGN="RIGHT" VALIGN="MIDDLE" ACODE="THS_CMT_RT" WIDTH="69" HEIGHT="23">0.03</TE>
<TE ALIGN="RIGHT" VALIGN="MIDDLE" ACODE="THS_STK_CT" WIDTH="120" HEIGHT="23">45,486,252</TE>
</TR>

<TR ACOPY="Y" ADELETE="Y" HEIGHT="30">
<TD COLSPAN="4" ALIGN="CENTER" VALIGN="MIDDLE" AUPDATECONT="N" ENG="Increase or decrease" WIDTH="397" HEIGHT="23">증    감</TD>
<TE ALIGN="RIGHT" VALIGN="MIDDLE" ACODE="MDF_STK_CNT" WIDTH="105" HEIGHT="23">-2,320,808</TE>
<TE ALIGN="RIGHT" VALIGN="MIDDLE" ACODE="MDF_STK_RT" WIDTH="68" HEIGHT="23">-5.10</TE>
<TE ALIGN="RIGHT" VALIGN="MIDDLE" ACODE="MDF_CMT_CNT" WIDTH="98" HEIGHT="23">-2,320,808</TE>
<TE ALIGN="RIGHT" VALIGN="MIDDLE" ACODE="MDF_CMT_RT" WIDTH="69" HEIGHT="23">-5.10</TE>
<TE ALIGN="RIGHT" VALIGN="MIDDLE" ACODE="MDF_STK_CT" WIDTH="120" HEIGHT="23">0</TE>
</TR>
</TBODY>
</TABLE>
</TABLE-GROUP>
<P></P>
</SECTION-2>

<SECTION-2 ACLASS="MANDATORY">
<TITLE ATOC="Y" AASSOCNOTE="D-1-4-0-0" ATOCID="9" ENG="4. Purpose of holding">4. 보유목적</TITLE>

<TABLE-GROUP ACLASS="HLD_OBJ_DTL" ADELETETABLE="N">

<TABLE ACLASS="EXTRACTION" AFIXTABLE="Y" WIDTH="153" BORDER="1">

<COLGROUP WIDTH="153">
<COL WIDTH="153"></COL>
</COLGROUP>

<TBODY>

<TR ACOPY="Y" ADELETE="Y" HEIGHT="30">
<TU WIDTH="144" HEIGHT="23" VALIGN="MIDDLE" AUNIT="PUR_OWN" AUNITVALUE="01" ENG="Influence on management">경영권 영향</TU>
</TR>
</TBODY>
</TABLE>

<TABLE ACLASS="EXTRACTION" AFIXTABLE="Y" WIDTH="600" BORDER="1">

<COLGROUP WIDTH="600">
<COL WIDTH="600"></COL>
</COLGROUP>

<TBODY>

<TR ACOPY="Y" ADELETE="Y" HEIGHT="375">

<TE WIDTH="591" HEIGHT="368" ACODE="HLD_OBJ_DTL">
<SPAN>1. 이사 및 감사의 선임ㆍ해임 또는 직무의 정지2. 이사회 등 회사의 기관과 관련된 정관의 변경3. 회사의 자본금의 변경4. 회사의 배당의 결정5. 회사의 합병, 분할 및 분할합병6. 주식의 포괄적 교환 및 이전7. 영업전부의 양수ㆍ양도 또는 금융위원회가 정하여 고시하는 중요한 일부의 양수ㆍ양도8. 자산의 전부의 처분 또는 금융위원회가 정하여 고시하는 중요한 일부의 처분9. 영업전부의 임대 또는 경영위임, 타인과 영업의 손익전부를 같이 하는 계약, 그 밖에 이에 준하는 계약의 체결ㆍ변경 또는 해약10. 회사의 해산보고자는 보유목적 1~10 각 호의 사항에 대하여 회사의 최대주주로서 회사에 영향력을 행사하고 있습니다. 다만 현재로서는 1~10 각 호의 사항이 발생할 경우에는 주주 및 이해관계자들의 이익을 고려하여 관계법령등에서 허용하는 범위 및 방법에 따라 회사의 경영목적에 부합되도록 관련 행위들을 결정할 예정입니다.</SPAN>
</TE>
</TR>
</TBODY>
</TABLE>
</TABLE-GROUP>
<P></P>
</SECTION-2>

<SECTION-2 ACLASS="MANDATORY">
<TITLE ATOC="Y" AASSOCNOTE="D-1-5-0-0" ATOCID="10" ENG="5. Reasons for change [Modification]">5. 변동[변경]사유</TITLE>

<TABLE-GROUP ACLASS="CHN_RSN_DTL" ADELETETABLE="N">

<TABLE ACLASS="EXTRACTION" AFIXTABLE="Y" WIDTH="600" BORDER="1">

<COLGROUP WIDTH="600">
<COL WIDTH="106"></COL>
<COL WIDTH="494"></COL>
</COLGROUP>

<TBODY>

<TR ACOPY="Y" ADELETE="Y" HEIGHT="53">
<TD ALIGN="CENTER" VALIGN="MIDDLE" WIDTH="97" HEIGHT="46" AUPDATECONT="N" ENG="Method of change">변동방법</TD>
<TE WIDTH="485" HEIGHT="46" ACODE="CHN_HOW">장내매도(담보비율 하락으로 주식담보대출의 기한이익상실사유가 발생하여 채권자가 담보처분권을 행사함) </TE>
</TR>

<TR ACOPY="Y" ADELETE="Y" HEIGHT="30">
<TD ALIGN="CENTER" VALIGN="MIDDLE" WIDTH="97" HEIGHT="23" AUPDATECONT="N" ENG="Reasons for the change">변동사유</TD>
<TE WIDTH="485" HEIGHT="23" ACODE="CHN_RSN">보고자의 보유주식 수 감소</TE>
</TR>

<TR ACOPY="Y" ADELETE="Y" HEIGHT="99">
<TD ALIGN="CENTER" VALIGN="MIDDLE" WIDTH="97" HEIGHT="92" AUPDATECONT="N" ENG="Reasons for change">변경사유</TD>
<TE WIDTH="485" HEIGHT="92" ACODE="CHN_RSM">1.담보물 처분완료로 인한 주식담보계약의 종료2.담보로 제공된 최대주주등의 소유주식이 전부 장내매도로 처분됨에 따라 최대주주의 지위를 상실하였고 특별관계자 1명의 소유주식(15,744주, 0.03%)이 남아 있어 보유목적을 '경영권영향'에서 '단순투자'로 변경</TE>
</TR>
</TBODY>
</TABLE>
</TABLE-GROUP>
<P></P>
<PGBRK></PGBRK>
</SECTION-2>
</SECTION-1>

<SECTION-1 ACLASS="MANDATORY" APARTSOURCE="SOURCE">
<TITLE ATOC="Y" ATOCID="11" ENG="Part 2 Details of Significant Holdings">제2부 대량보유내역</TITLE>
<P></P>

<SECTION-2 ACLASS="MANDATORY">
<TITLE ATOC="Y" ATOCID="12" ENG="1. Holding status by reporting entity and specially related party">1. 보고자 및 특별관계자별 보유내역</TITLE>

<SECTION-3 ACLASS="MANDATORY">
<TITLE ATOC="Y" AASSOCNOTE="D-2-1-1-0" ATOCID="13" ENG="A. Holdings details by type of stock, etc.">가. 주식등의 종류별 보유내역</TITLE>

<TABLE-GROUP ACLASS="CST_CNT1" ADELETETABLE="N">

<TABLE ACLASS="EXTRACTION" AFIXTABLE="N" WIDTH="1119" BORDER="1">

<COLGROUP WIDTH="1119">
<COL WIDTH="55"></COL>
<COL WIDTH="118"></COL>
<COL WIDTH="116"></COL>
<COL WIDTH="89"></COL>
<COL WIDTH="90"></COL>
<COL WIDTH="90"></COL>
<COL WIDTH="72"></COL>
<COL WIDTH="66"></COL>
<COL WIDTH="68"></COL>
<COL WIDTH="62"></COL>
<COL WIDTH="66"></COL>
<COL WIDTH="62"></COL>
<COL WIDTH="95"></COL>
<COL WIDTH="70"></COL>
</COLGROUP>

<THEAD>

<TR ACOPY="N" ADELETE="N" HEIGHT="30">
<TH ROWSPAN="3" VALIGN="MIDDLE" WIDTH="46" ACOPYCOL="N" ADELETECOL="N" AMOVECOL="N" AUPDATECONT="N" ENG="Relationship" HEIGHT="152">관 계</TH>
<TH ROWSPAN="3" VALIGN="MIDDLE" WIDTH="109" ACOPYCOL="N" ADELETECOL="N" AMOVECOL="N" AUPDATECONT="N" ENG="Name (Title)" HEIGHT="152">성 명(명칭)</TH>
<TH ROWSPAN="3" VALIGN="MIDDLE" WIDTH="107" ACOPYCOL="N" ADELETECOL="N" AMOVECOL="N" AUPDATECONT="N" ENG="Date of birth or business registration No., etc." HEIGHT="152">생년월일또는사업자등록번호 등</TH>
<TH COLSPAN="11" VALIGN="MIDDLE" WIDTH="821" ACOPYCOL="N" ADELETECOL="N" AMOVECOL="N" AUPDATECONT="N" ENG="Details of stocks held, etc." HEIGHT="23">보유주식등의 내역</TH>
</TR>

<TR ACOPY="N" ADELETE="N" HEIGHT="30">
<TH COLSPAN="3" VALIGN="MIDDLE" ACOPYCOL="N" ADELETECOL="N" AMOVECOL="N" AUPDATECONT="N" ENG="Share certificates" WIDTH="260" HEIGHT="23">주 권</TH>
<TH ROWSPAN="2" VALIGN="MIDDLE" ACOPYCOL="N" ADELETECOL="N" AMOVECOL="N" AUPDATECONT="N" ENG="Those with warrants" WIDTH="63" HEIGHT="122">신주인수권이표시된것</TH>
<TH ROWSPAN="2" VALIGN="MIDDLE" ACOPYCOL="N" ADELETECOL="N" AMOVECOL="N" AUPDATECONT="N" ENG="Convertible bonds" WIDTH="57" HEIGHT="122">전환사채권</TH>
<TH ROWSPAN="2" VALIGN="MIDDLE" ACOPYCOL="N" ADELETECOL="N" AMOVECOL="N" AUPDATECONT="N" ENG="Bonds with warrants" WIDTH="59" HEIGHT="122">신주인수권부사채권</TH>
<TH ROWSPAN="2" VALIGN="MIDDLE" ACOPYCOL="N" ADELETECOL="N" AMOVECOL="N" AUPDATECONT="N" ENG="Exchangeable bonds" WIDTH="53" HEIGHT="122">교환사채권</TH>
<TH ROWSPAN="2" VALIGN="MIDDLE" ACOPYCOL="N" ADELETECOL="N" AMOVECOL="N" AUPDATECONT="N" ENG="Depositary receipts" WIDTH="57" HEIGHT="122">증권예탁증권</TH>
<TH ROWSPAN="2" VALIGN="MIDDLE" ACOPYCOL="N" ADELETECOL="N" AMOVECOL="N" AUPDATECONT="N" ENG="Others" WIDTH="53" HEIGHT="122">기타</TH>
<TH COLSPAN="2" VALIGN="MIDDLE" ACOPYCOL="N" ADELETECOL="N" AMOVECOL="N" AUPDATECONT="N" ENG="Total" WIDTH="156" HEIGHT="23">합 계</TH>
</TR>

<TR ACOPY="N" ADELETE="N" HEIGHT="99">
<TH VALIGN="MIDDLE" ACOPYCOL="N" ADELETECOL="N" AMOVECOL="N" AUPDATECONT="N" ENG="Voting share" WIDTH="80" HEIGHT="92">의결권있는주식</TH>
<TH VALIGN="MIDDLE" ACOPYCOL="N" ADELETECOL="N" AMOVECOL="N" AUPDATECONT="N" ENG="Stocks to be redeemed with voting share" WIDTH="81" HEIGHT="92">의결권있는 주식으로상환될주식</TH>
<TH VALIGN="MIDDLE" ACOPYCOL="N" ADELETECOL="N" AMOVECOL="N" AUPDATECONT="N" ENG="Stocks to be converted to voting share" WIDTH="81" HEIGHT="92">의결권있는 주식으로전환될 주식</TH>
<TH VALIGN="MIDDLE" ACOPYCOL="N" ADELETECOL="N" AMOVECOL="N" AUPDATECONT="N" ENG="Number of shares (shrs.)" WIDTH="86" HEIGHT="92">주수(주)</TH>
<TH VALIGN="MIDDLE" ACOPYCOL="N" ADELETECOL="N" AMOVECOL="N" AUPDATECONT="N" ENG="Ratio (%)" WIDTH="61" HEIGHT="92">비율(%)</TH>
</TR>
</THEAD>

<TBODY>

<TR ACOPY="N" ADELETE="N" HEIGHT="30">
<TD ALIGN="CENTER" VALIGN="MIDDLE" AUPDATECONT="N" ENG="Reporting entity" WIDTH="46" HEIGHT="23">보고자</TD>
<TE ALIGN="CENTER" VALIGN="MIDDLE" ACODE="SPC_NM" USERMARK="F-10 " WIDTH="109" HEIGHT="23">(주)메디제네틱스</TE>
<TE ALIGN="CENTER" VALIGN="MIDDLE" ACODE="SPC_ID2" WIDTH="107" HEIGHT="23">135-86-12446</TE>
<TE ALIGN="RIGHT" VALIGN="MIDDLE" ACODE="ATK_CNT" WIDTH="80" HEIGHT="23">-</TE>
<TE ALIGN="RIGHT" VALIGN="MIDDLE" ACODE="REP_CNT" WIDTH="81" HEIGHT="23">-</TE>
<TE ALIGN="RIGHT" VALIGN="MIDDLE" ACODE="CHN_CNT" WIDTH="81" HEIGHT="23">-</TE>
<TE ALIGN="RIGHT" VALIGN="MIDDLE" ACODE="ACC_CNT" WIDTH="63" HEIGHT="23">-</TE>
<TE ALIGN="RIGHT" VALIGN="MIDDLE" ACODE="CB_CNT" WIDTH="57" HEIGHT="23">-</TE>
<TE ALIGN="RIGHT" VALIGN="MIDDLE" ACODE="LN_CNT" WIDTH="59" HEIGHT="23">-</TE>
<TE ALIGN="RIGHT" VALIGN="MIDDLE" ACODE="EB_CNT" WIDTH="53" HEIGHT="23">-</TE>
<TE ALIGN="RIGHT" VALIGN="MIDDLE" ACODE="CF_CNT" WIDTH="57" HEIGHT="23">-</TE>
<TE ALIGN="RIGHT" VALIGN="MIDDLE" ACODE="ET_CNT" WIDTH="53" HEIGHT="23">-</TE>
<TE ALIGN="RIGHT" VALIGN="MIDDLE" ACODE="STK_CNT" WIDTH="86" HEIGHT="23">-</TE>
<TE ALIGN="RIGHT" VALIGN="MIDDLE" ACODE="STK_RT" WIDTH="61" HEIGHT="23">0</TE>
</TR>

<TR ACOPY="N" ADELETE="N" HEIGHT="30">
<TD ROWSPAN="2" ALIGN="CENTER" VALIGN="MIDDLE" AUPDATECONT="N" ENG="Specially related parties" WIDTH="46" HEIGHT="53">특별관계자</TD>
<TE ALIGN="CENTER" VALIGN="MIDDLE" ACODE="SPC_NM" WIDTH="109" HEIGHT="23">최선덕</TE>
<TE ALIGN="CENTER" VALIGN="MIDDLE" ACODE="SPC_ID2" WIDTH="107" HEIGHT="23">670902</TE>
<TE ALIGN="RIGHT" VALIGN="MIDDLE" ACODE="ATK_CNT" WIDTH="80" HEIGHT="23">-</TE>
<TE ALIGN="RIGHT" VALIGN="MIDDLE" ACODE="REP_CNT" WIDTH="81" HEIGHT="23">-</TE>
<TE ALIGN="RIGHT" VALIGN="MIDDLE" ACODE="CHN_CNT" WIDTH="81" HEIGHT="23">-</TE>
<TE ALIGN="RIGHT" VALIGN="MIDDLE" ACODE="ACC_CNT" WIDTH="63" HEIGHT="23">-</TE>
<TE ALIGN="RIGHT" VALIGN="MIDDLE" ACODE="CB_CNT" WIDTH="57" HEIGHT="23">-</TE>
<TE ALIGN="RIGHT" VALIGN="MIDDLE" ACODE="LN_CNT" WIDTH="59" HEIGHT="23">-</TE>
<TE ALIGN="RIGHT" VALIGN="MIDDLE" ACODE="EB_CNT" WIDTH="53" HEIGHT="23">-</TE>
<TE ALIGN="RIGHT" VALIGN="MIDDLE" ACODE="CF_CNT" WIDTH="57" HEIGHT="23">-</TE>
<TE ALIGN="RIGHT" VALIGN="MIDDLE" ACODE="ET_CNT" WIDTH="53" HEIGHT="23">-</TE>
<TE ALIGN="RIGHT" VALIGN="MIDDLE" ACODE="STK_CNT" WIDTH="86" HEIGHT="23">-</TE>
<TE ALIGN="RIGHT" VALIGN="MIDDLE" ACODE="STK_RT" WIDTH="61" HEIGHT="23">0</TE>
</TR>

<TR ACOPY="Y" ADELETE="N" HEIGHT="30">
<TE ALIGN="CENTER" VALIGN="MIDDLE" ACODE="SPC_NM" WIDTH="109" HEIGHT="23">황주희</TE>
<TE ALIGN="CENTER" VALIGN="MIDDLE" ACODE="SPC_ID2" WIDTH="107" HEIGHT="23">750213</TE>
<TE ALIGN="RIGHT" VALIGN="MIDDLE" ACODE="ATK_CNT" WIDTH="80" HEIGHT="23">15,744</TE>
<TE ALIGN="RIGHT" VALIGN="MIDDLE" ACODE="REP_CNT" WIDTH="81" HEIGHT="23">-</TE>
<TE ALIGN="RIGHT" VALIGN="MIDDLE" ACODE="CHN_CNT" WIDTH="81" HEIGHT="23">-</TE>
<TE ALIGN="RIGHT" VALIGN="MIDDLE" ACODE="ACC_CNT" WIDTH="63" HEIGHT="23">-</TE>
<TE ALIGN="RIGHT" VALIGN="MIDDLE" ACODE="CB_CNT" WIDTH="57" HEIGHT="23">-</TE>
<TE ALIGN="RIGHT" VALIGN="MIDDLE" ACODE="LN_CNT" WIDTH="59" HEIGHT="23">-</TE>
<TE ALIGN="RIGHT" VALIGN="MIDDLE" ACODE="EB_CNT" WIDTH="53" HEIGHT="23">-</TE>
<TE ALIGN="RIGHT" VALIGN="MIDDLE" ACODE="CF_CNT" WIDTH="57" HEIGHT="23">-</TE>
<TE ALIGN="RIGHT" VALIGN="MIDDLE" ACODE="ET_CNT" WIDTH="53" HEIGHT="23">-</TE>
<TE ALIGN="RIGHT" VALIGN="MIDDLE" ACODE="STK_CNT" WIDTH="86" HEIGHT="23">15,744</TE>
<TE ALIGN="RIGHT" VALIGN="MIDDLE" ACODE="STK_RT" WIDTH="61" HEIGHT="23">0.03</TE>
</TR>

<TR ACOPY="N" ADELETE="N" HEIGHT="30">
<TD ROWSPAN="2" COLSPAN="3" ALIGN="CENTER" VALIGN="MIDDLE" AUPDATECONT="N" WIDTH="280" HEIGHT="53"></TD>
<TD ALIGN="CENTER" VALIGN="MIDDLE" AUPDATECONT="N" ROWSPAN="2" WIDTH="80" HEIGHT="53">A</TD>
<TD ALIGN="CENTER" VALIGN="MIDDLE" AUPDATECONT="N" WIDTH="81" HEIGHT="23">a1</TD>
<TD ALIGN="CENTER" VALIGN="MIDDLE" AUPDATECONT="N" WIDTH="81" HEIGHT="23">a2</TD>
<TD ALIGN="CENTER" VALIGN="MIDDLE" AUPDATECONT="N" WIDTH="63" HEIGHT="23">B</TD>
<TD ALIGN="CENTER" VALIGN="MIDDLE" AUPDATECONT="N" WIDTH="57" HEIGHT="23">C</TD>
<TD ALIGN="CENTER" VALIGN="MIDDLE" AUPDATECONT="N" WIDTH="59" HEIGHT="23">D</TD>
<TD ALIGN="CENTER" VALIGN="MIDDLE" AUPDATECONT="N" WIDTH="53" HEIGHT="23">E</TD>
<TD ALIGN="CENTER" VALIGN="MIDDLE" AUPDATECONT="N" WIDTH="57" HEIGHT="23">F</TD>
<TD ALIGN="CENTER" VALIGN="MIDDLE" AUPDATECONT="N" WIDTH="53" HEIGHT="23">G</TD>
<TD ROWSPAN="2" ALIGN="CENTER" VALIGN="MIDDLE" AUPDATECONT="N" WIDTH="86" HEIGHT="53"></TD>
<TD ROWSPAN="2" ALIGN="CENTER" VALIGN="MIDDLE" AUPDATECONT="N" WIDTH="61" HEIGHT="53"></TD>
</TR>

<TR ACOPY="N" ADELETE="N" HEIGHT="30">
<TD COLSPAN="8" ALIGN="CENTER" VALIGN="MIDDLE" AUPDATECONT="N" WIDTH="567" HEIGHT="23">H</TD>
</TR>
</TBODY>
</TABLE>
</TABLE-GROUP>
<P></P>

<TABLE-GROUP ACLASS="HLD_RT" ADELETETABLE="N">

<TABLE ACLASS="EXTRACTION" AFIXTABLE="Y" WIDTH="600" BORDER="1">

<COLGROUP WIDTH="600">
<COL WIDTH="124"></COL>
<COL WIDTH="163"></COL>
<COL WIDTH="176"></COL>
<COL WIDTH="137"></COL>
</COLGROUP>

<THEAD>

<TR ACOPY="Y" ADELETE="Y" HEIGHT="30">
<TH ROWSPAN="2" VALIGN="MIDDLE" WIDTH="115" HEIGHT="99" ACOPYCOL="Y" ADELETECOL="Y" AMOVECOL="N" AUPDATECONT="N" ENG="Total number of voting shares (I)">의결권있는발행주식 총수(I)</TH>
<TH ROWSPAN="2" VALIGN="MIDDLE" WIDTH="154" HEIGHT="99" ACOPYCOL="Y" ADELETECOL="Y" AMOVECOL="N" AUPDATECONT="N" ENG="Number of potential shares held (a1+a2+B+C+D+E+F+G=H)">보유잠재주식의 수(a1+a2+B+C+D+E+F+G=H)</TH>
<TH COLSPAN="2" VALIGN="MIDDLE" WIDTH="304" HEIGHT="23" ACOPYCOL="Y" ADELETECOL="Y" AMOVECOL="N" AUPDATECONT="N" ENG="Holding ratio (%)">보유비율(%)</TH>
</TR>

<TR ACOPY="Y" ADELETE="Y" HEIGHT="76">
<TH VALIGN="MIDDLE" WIDTH="167" HEIGHT="69" ACOPYCOL="Y" ADELETECOL="Y" AMOVECOL="N" AUPDATECONT="N" ENG="Holding ratio of stocks, etc. [A+H / I+H-(E+F+G)※] × 100">주식등의 보유비율[A+H / I+H-(E+F+G)※] × 100 </TH>
<TH VALIGN="MIDDLE" WIDTH="128" HEIGHT="69" ACOPYCOL="Y" ADELETECOL="Y" AMOVECOL="N" AUPDATECONT="N" ENG="Holding ratio of share certificates (A / I) × 100">주권의 보유비율(A / I) × 100  </TH>
</TR>
</THEAD>

<TBODY>

<TR ACOPY="Y" ADELETE="Y" HEIGHT="30">
<TE ALIGN="RIGHT" WIDTH="115" HEIGHT="23" ACODE="VOT_STK_CNT">45,486,252</TE>
<TE ALIGN="RIGHT" WIDTH="154" HEIGHT="23" ACODE="HLD_STK_CNT">      - </TE>
<TE ALIGN="RIGHT" WIDTH="167" HEIGHT="23" ACODE="HLD_STK_RT">0.03</TE>
<TE ALIGN="RIGHT" WIDTH="128" HEIGHT="23" ACODE="HLD_CMT_RT">0.03</TE>
</TR>
</TBODY>
</TABLE>
</TABLE-GROUP>
<P>※ 교환대상이 주식인 교환사채권, 기초자산이 주식인 증권예탁증권ㆍ파생결합증권 및 자기주식을 교부하는 주식매수선택권 등에 한하여 분모에서 제외하고 보유비율을 산정</P>
</SECTION-3>

<SECTION-3 ACLASS="MANDATORY">
<TITLE ATOC="Y" AASSOCNOTE="D-2-1-2-0" ATOCID="14" ENG="B. Details of holdings by holding type">나. 보유형태별 보유내역</TITLE>

<TABLE-GROUP ACLASS="HLD_STK" ADELETETABLE="N">

<TABLE ACLASS="EXTRACTION" AFIXTABLE="N" WIDTH="1123" BORDER="1">

<COLGROUP WIDTH="1123">
<COL WIDTH="57"></COL>
<COL WIDTH="114"></COL>
<COL WIDTH="109"></COL>
<COL WIDTH="98"></COL>
<COL WIDTH="97"></COL>
<COL WIDTH="97"></COL>
<COL WIDTH="97"></COL>
<COL WIDTH="97"></COL>
<COL WIDTH="97"></COL>
<COL WIDTH="97"></COL>
<COL WIDTH="97"></COL>
<COL WIDTH="66"></COL>
</COLGROUP>

<THEAD>

<TR ACOPY="N" ADELETE="N" HEIGHT="53">
<TH ROWSPAN="2" VALIGN="MIDDLE" WIDTH="48" ACOPYCOL="N" ADELETECOL="N" AMOVECOL="N" AUPDATECONT="N" ENG="Relationship" HEIGHT="92">관계</TH>
<TH ROWSPAN="2" VALIGN="MIDDLE" WIDTH="105" ACOPYCOL="N" ADELETECOL="N" AMOVECOL="N" AUPDATECONT="N" ENG="Name (Title)" HEIGHT="92">성명(명칭)</TH>
<TH ROWSPAN="2" VALIGN="MIDDLE" WIDTH="100" ACOPYCOL="N" ADELETECOL="N" AMOVECOL="N" AUPDATECONT="N" ENG="Date of birth or business registration No., etc." HEIGHT="92">생년월일또는사업자등록번호 등</TH>
<TH COLSPAN="7" VALIGN="MIDDLE" WIDTH="671" ACOPYCOL="N" ADELETECOL="N" AMOVECOL="N" AUPDATECONT="N" ENG="Holdings similar to ownership under Article 142 of the Enforcement Decree of The Financial Investment Services And Capital Markets Act" HEIGHT="46">소유에 준하는 보유(자본시장과 금융투자업에 관한 법률 시행령 제142조) 형태</TH>
<TH COLSPAN="2" VALIGN="MIDDLE" WIDTH="154" ACOPYCOL="N" ADELETECOL="N" AMOVECOL="N" AUPDATECONT="N" ENG="Total" HEIGHT="46">합계</TH>
</TR>

<TR ACOPY="N" ADELETE="N" HEIGHT="46">
<TH VALIGN="MIDDLE" ACOPYCOL="N" ADELETECOL="N" AMOVECOL="N" AUPDATECONT="N" ENG="Subparagraph 1" WIDTH="89" HEIGHT="39">제1호</TH>
<TH VALIGN="MIDDLE" ACOPYCOL="N" ADELETECOL="N" AMOVECOL="N" AUPDATECONT="N" ENG="Subparagraph 2" WIDTH="88" HEIGHT="39">제2호</TH>
<TH VALIGN="MIDDLE" ACOPYCOL="N" ADELETECOL="N" AMOVECOL="N" AUPDATECONT="N" ENG="Subparagraph 3" WIDTH="88" HEIGHT="39">제3호</TH>
<TH VALIGN="MIDDLE" ACOPYCOL="N" ADELETECOL="N" AMOVECOL="N" AUPDATECONT="N" ENG="Subparagraph 4" WIDTH="88" HEIGHT="39">제4호</TH>
<TH VALIGN="MIDDLE" ACOPYCOL="N" ADELETECOL="N" AMOVECOL="N" AUPDATECONT="N" ENG="Subparagraph 5" WIDTH="88" HEIGHT="39">제5호</TH>
<TH VALIGN="MIDDLE" ACOPYCOL="N" ADELETECOL="N" AMOVECOL="N" AUPDATECONT="N" ENG="Subparagraph 6" WIDTH="88" HEIGHT="39">제6호</TH>
<TH VALIGN="MIDDLE" ACOPYCOL="N" ADELETECOL="N" AMOVECOL="N" AUPDATECONT="N" ENG="Subparagraph 7" WIDTH="88" HEIGHT="39">제7호</TH>
<TH VALIGN="MIDDLE" ACOPYCOL="N" ADELETECOL="N" AMOVECOL="N" AUPDATECONT="N" ENG="Number of shares" WIDTH="88" HEIGHT="39">주수</TH>
<TH VALIGN="MIDDLE" ACOPYCOL="N" ADELETECOL="N" AMOVECOL="N" AUPDATECONT="N" ENG="Ratio" WIDTH="57" HEIGHT="39">비율</TH>
</TR>
</THEAD>

<TBODY>

<TR ACOPY="N" ADELETE="N" HEIGHT="30">
<TD ALIGN="CENTER" VALIGN="MIDDLE" AUPDATECONT="N" ENG="Reporting entity" WIDTH="48" HEIGHT="23">보고자</TD>
<TE ALIGN="CENTER" VALIGN="MIDDLE" ACODE="SPC_NM" USERMARK="F-10 " WIDTH="105" HEIGHT="23">(주)메디제네틱스</TE>
<TE ALIGN="CENTER" VALIGN="MIDDLE" ACODE="SPC_ID2" WIDTH="100" HEIGHT="23">135-86-12446</TE>
<TE ALIGN="RIGHT" VALIGN="MIDDLE" ACODE="STK_CNT1" WIDTH="89" HEIGHT="23">-</TE>
<TE ALIGN="RIGHT" VALIGN="MIDDLE" ACODE="STK_CNT2" WIDTH="88" HEIGHT="23">-</TE>
<TE ALIGN="RIGHT" VALIGN="MIDDLE" ACODE="STK_CNT3" WIDTH="88" HEIGHT="23">-</TE>
<TE ALIGN="RIGHT" VALIGN="MIDDLE" ACODE="STK_CNT4" WIDTH="88" HEIGHT="23">-</TE>
<TE ALIGN="RIGHT" VALIGN="MIDDLE" ACODE="STK_CNT5" WIDTH="88" HEIGHT="23">-</TE>
<TE ALIGN="RIGHT" VALIGN="MIDDLE" ACODE="STK_CNT6" WIDTH="88" HEIGHT="23">-</TE>
<TE ALIGN="RIGHT" VALIGN="MIDDLE" ACODE="STK_CNT7" WIDTH="88" HEIGHT="23">-</TE>
<TE ALIGN="RIGHT" VALIGN="MIDDLE" ACODE="HLD_TOT_CNT" WIDTH="88" HEIGHT="23">-</TE>
<TE ALIGN="RIGHT" VALIGN="MIDDLE" ACODE="HLD_TOT_RT" WIDTH="57" HEIGHT="23">0</TE>
</TR>

<TR ACOPY="N" ADELETE="N" HEIGHT="30">
<TD ROWSPAN="2" ALIGN="CENTER" VALIGN="MIDDLE" AUPDATECONT="N" ENG="Specially related parties" WIDTH="48" HEIGHT="53">특별관계자</TD>
<TE ALIGN="CENTER" VALIGN="MIDDLE" ACODE="SPC_NM" WIDTH="105" HEIGHT="23">최선덕</TE>
<TE ALIGN="CENTER" VALIGN="MIDDLE" ACODE="SPC_ID2" WIDTH="100" HEIGHT="23">670902</TE>
<TE ALIGN="RIGHT" VALIGN="MIDDLE" ACODE="STK_CNT1" WIDTH="89" HEIGHT="23">-</TE>
<TE ALIGN="RIGHT" VALIGN="MIDDLE" ACODE="STK_CNT2" WIDTH="88" HEIGHT="23">-</TE>
<TE ALIGN="RIGHT" VALIGN="MIDDLE" ACODE="STK_CNT3" WIDTH="88" HEIGHT="23">-</TE>
<TE ALIGN="RIGHT" VALIGN="MIDDLE" ACODE="STK_CNT4" WIDTH="88" HEIGHT="23">-</TE>
<TE ALIGN="RIGHT" VALIGN="MIDDLE" ACODE="STK_CNT5" WIDTH="88" HEIGHT="23">-</TE>
<TE ALIGN="RIGHT" VALIGN="MIDDLE" ACODE="STK_CNT6" WIDTH="88" HEIGHT="23">-</TE>
<TE ALIGN="RIGHT" VALIGN="MIDDLE" ACODE="STK_CNT7" WIDTH="88" HEIGHT="23">-</TE>
<TE ALIGN="RIGHT" VALIGN="MIDDLE" ACODE="HLD_TOT_CNT" WIDTH="88" HEIGHT="23">-</TE>
<TE ALIGN="RIGHT" VALIGN="MIDDLE" ACODE="HLD_TOT_RT" WIDTH="57" HEIGHT="23">0</TE>
</TR>

<TR ACOPY="Y" ADELETE="N" HEIGHT="30">
<TE ALIGN="CENTER" VALIGN="MIDDLE" ACODE="SPC_NM" WIDTH="105" HEIGHT="23">황주희</TE>
<TE ALIGN="CENTER" VALIGN="MIDDLE" ACODE="SPC_ID2" WIDTH="100" HEIGHT="23">750213</TE>
<TE ALIGN="RIGHT" VALIGN="MIDDLE" ACODE="STK_CNT1" WIDTH="89" HEIGHT="23">15,744</TE>
<TE ALIGN="RIGHT" VALIGN="MIDDLE" ACODE="STK_CNT2" WIDTH="88" HEIGHT="23">-</TE>
<TE ALIGN="RIGHT" VALIGN="MIDDLE" ACODE="STK_CNT3" WIDTH="88" HEIGHT="23">-</TE>
<TE ALIGN="RIGHT" VALIGN="MIDDLE" ACODE="STK_CNT4" WIDTH="88" HEIGHT="23">-</TE>
<TE ALIGN="RIGHT" VALIGN="MIDDLE" ACODE="STK_CNT5" WIDTH="88" HEIGHT="23">-</TE>
<TE ALIGN="RIGHT" VALIGN="MIDDLE" ACODE="STK_CNT6" WIDTH="88" HEIGHT="23">-</TE>
<TE ALIGN="RIGHT" VALIGN="MIDDLE" ACODE="STK_CNT7" WIDTH="88" HEIGHT="23">-</TE>
<TE ALIGN="RIGHT" VALIGN="MIDDLE" ACODE="HLD_TOT_CNT" WIDTH="88" HEIGHT="23">15,744</TE>
<TE ALIGN="RIGHT" VALIGN="MIDDLE" ACODE="HLD_TOT_RT" WIDTH="57" HEIGHT="23">0.03</TE>
</TR>
</TBODY>
</TABLE>
</TABLE-GROUP>

<TABLE ACLASS="NORMAL" AFIXTABLE="Y" WIDTH="600" BORDER="0">

<COLGROUP WIDTH="600">
<COL WIDTH="600"></COL>
</COLGROUP>

<TBODY>

<TR ACOPY="Y" ADELETE="Y" HEIGHT="352">
<TD WIDTH="591" HEIGHT="345" AUPDATECONT="N" ENG="※ Holdings similar to ownership (Article 142 of the Enforcement Decree of the Financial Investment Services And Capital Markets Act) - Subparagraph 1. Where stocks, etc. are owned on a person’s own account, regardless of in whose name they are held - Subparagraph 2. Where a person holds a right to claim delivery of stocks, etc., pursuant to legal provisions, transaction, or other contracts - Subparagraph 3. Where a person holds a voting right (including the power to instruct exercise of the voting right) of stocks, etc., pursuant to legal provisions, monetary trust contract, collateral agreement, or any other contracts - Subparagraph 4. Where a person holds a right to acquire or dispose of the relevant stocks, etc., pursuant to legal provisions, monetary trust contract, collateral agreement, discretionary investment contract, or any other contracts - Subparagraph 5. Where a person holds a right to complete a trade by unilateral reservation for trading stocks, etc., and acquires the status of purchaser by exercising that right - Subparagraph 6. Where a person holds a contractual right as prescribed in Article 5 (1) 2 of the Act to a contract for an underlying asset of stocks, etc., and acquires the status of purchaser by exercising that contractual right - Subparagraph 7. Where a person holds a stock option and acquires the status of purchaser by exercising that stock option.">※ 소유에 준하는 보유(자본시장과 금융투자업에 관한 법률 시행령 제142조) - 제1호 누구의 명의로든지 자기의 계산으로 주식등을 소유하는 경우 - 제2호 법률의 규정이나 매매, 그 밖의 계약에 따라 주식등의 인도청구권을 가지는경우 - 제3호 법률의 규정이나 금전의 신탁계약ㆍ담보계약, 그 밖의 계약에 따라 해당 주식등            의 의결권(의결권의 행사를 지시할 수 있는 권한을 포함한다)을 가지는 경우 - 제4호 법률의 규정이나 금전의 신탁계약ㆍ담보계약ㆍ투자일임계약, 그 밖의 계약에               따라 해당 주식등의 취득이나 처분의 권한을 가지는 경우 - 제5호 주식등의 매매의 일방예약을 하고 해당 매매를 완결할 권리를 취득하는 경우로             서 그 권리행사에 의하여 매수인으로서의 지위를 가지는 경우 - 제6호 주식등을 기초자산으로 하는 법 제5조제1항제2호에 따른 계약상의 권리를 가지            는 경우로서 그 권리의 행사에 의하여 매수인으로서의 지위를 가지는 경우 - 제7호 주식매수선택권을 부여받은 경우로서 그 권리의 행사에 의하여 매수인으로서의            지위를 가지는 경우</TD>
</TR>
</TBODY>
</TABLE>
<P></P>

</SECTION-3></SECTION-2><SECTION-2 ACLASS="MANDATORY">
<TITLE ATOC="Y" ATOCID="15" ENG="2. Contracts related to shares held, etc.">2. 보유주식등에 관한 계약</TITLE>

<SECTION-3 ACLASS="MANDATORY">
<TITLE ATOC="Y" AASSOCNOTE="D-2-2-1-0" ATOCID="16" ENG="A. Whether there is a contract">가. 계약 여부</TITLE>

<TABLE-GROUP ACLASS="TRD_RVQ" ADELETETABLE="N">

<TABLE ACLASS="EXTRACTION" AFIXTABLE="Y" WIDTH="600" BORDER="1">

<COLGROUP WIDTH="600">
<COL WIDTH="600"></COL>
</COLGROUP>

<TBODY>

<TR ACOPY="N" ADELETE="N" HEIGHT="30">
<TD ALIGN="CENTER" VALIGN="MIDDLE" WIDTH="591" HEIGHT="23" AUPDATECONT="N" ENG="Whether there are major contracts such as trust, collateral, loan, discretionary, over-the-counter sales, joint holding, etc. concluded or changed">신탁ㆍ담보ㆍ대차ㆍ일임ㆍ장외매매ㆍ공동보유 등 주요계약 체결, 변경 여부</TD>
</TR>

<TR ACOPY="N" ADELETE="N" HEIGHT="30">
<TU ALIGN="CENTER" VALIGN="MIDDLE" WIDTH="591" HEIGHT="23" AUNIT="TRD_RVQ_SEL" AUNITVALUE="Y" ENG="Yes">있음</TU>
</TR>
</TBODY>
</TABLE>
</TABLE-GROUP>
<P>*주요계약 체결ㆍ변경사실 미보고시 해당 미보고분에 대해 의결권이 제한될 수 있음</P>

<P></P>
</SECTION-3>

<SECTION-3 ACLASS="MANDATORY">
<TITLE ATOC="Y" AASSOCNOTE="D-2-2-2-0" ATOCID="17" ENG="B. Details of contract">나. 계약 내용</TITLE>

<TABLE-GROUP ACLASS="TRD_RVL" ADELETETABLE="N">

<TABLE ACLASS="EXTRACTION" AFIXTABLE="N" WIDTH="1120" BORDER="1">

<COLGROUP WIDTH="1120">
<COL WIDTH="42"></COL>
<COL WIDTH="135"></COL>
<COL WIDTH="87"></COL>
<COL WIDTH="117"></COL>
<COL WIDTH="121"></COL>
<COL WIDTH="87"></COL>
<COL WIDTH="119"></COL>
<COL WIDTH="101"></COL>
<COL WIDTH="100"></COL>
<COL WIDTH="90"></COL>
<COL WIDTH="51"></COL>
<COL WIDTH="70"></COL>
</COLGROUP>

<THEAD>

<TR ACOPY="N" ADELETE="N" HEIGHT="76">
<TH VALIGN="MIDDLE" WIDTH="33" HEIGHT="69" ACOPYCOL="N" ADELETECOL="N" AMOVECOL="N" AUPDATECONT="N" ENG="Sequential No.">연번</TH>
<TH VALIGN="MIDDLE" WIDTH="126" HEIGHT="69" ACOPYCOL="N" ADELETECOL="N" AMOVECOL="N" AUPDATECONT="N" ENG="Name (Title)">성명(명칭)</TH>
<TH VALIGN="MIDDLE" WIDTH="78" HEIGHT="69" ACOPYCOL="N" ADELETECOL="N" AMOVECOL="N" AUPDATECONT="N" ENG="Relationship to the reporting entity">보고자와의관계</TH>
<TH VALIGN="MIDDLE" WIDTH="108" HEIGHT="69" ACOPYCOL="N" ADELETECOL="N" AMOVECOL="N" AUPDATECONT="N" ENG="Date of birth or business registration No., etc.">생년월일 또는사업자등록번호 등</TH>
<TH VALIGN="MIDDLE" WIDTH="112" HEIGHT="69" ACOPYCOL="N" ADELETECOL="N" AMOVECOL="N" AUPDATECONT="N" ENG="Type of shares, etc.">주식등의종류</TH>
<TH VALIGN="MIDDLE" WIDTH="78" HEIGHT="69" ACOPYCOL="N" ADELETECOL="N" AMOVECOL="N" AUPDATECONT="N" ENG="Number of shares, etc.">주식등의수</TH>
<TH VALIGN="MIDDLE" WIDTH="110" HEIGHT="69" ACOPYCOL="N" ADELETECOL="N" AMOVECOL="N" AUPDATECONT="N" ENG="Counterparty of contract">계약 상대방</TH>
<TH VALIGN="MIDDLE" WIDTH="92" HEIGHT="69" ACOPYCOL="N" ADELETECOL="N" AMOVECOL="N" AUPDATECONT="N" ENG="Type of contract">계약의종류</TH>
<TH VALIGN="MIDDLE" WIDTH="91" HEIGHT="69" ACOPYCOL="N" ADELETECOL="N" AMOVECOL="N" AUPDATECONT="N" ENG="Date of contract (amendment)">계약체결(변경)일</TH>
<TH VALIGN="MIDDLE" WIDTH="81" HEIGHT="69" ACOPYCOL="N" ADELETECOL="N" AMOVECOL="N" AUPDATECONT="N" ENG="Contract period">계약기간</TH>
<TH VALIGN="MIDDLE" WIDTH="42" HEIGHT="69" ACOPYCOL="N" ADELETECOL="N" AMOVECOL="N" AUPDATECONT="N" ENG="Ratio">비율</TH>
<TH VALIGN="MIDDLE" WIDTH="61" HEIGHT="69" ACOPYCOL="N" ADELETECOL="N" AMOVECOL="N" AUPDATECONT="N" ENG="Note">비고</TH>
</TR>
</THEAD>

<TBODY>

<TR ACOPY="Y" ADELETE="N" HEIGHT="30">
<TE ALIGN="CENTER" WIDTH="33" HEIGHT="23" ACODE="SEQ_NO2" VALIGN="MIDDLE">1</TE>
<TE ALIGN="CENTER" WIDTH="126" HEIGHT="23" ACODE="SPC_NM" VALIGN="MIDDLE">(주)메디제네틱스</TE>
<TU ALIGN="CENTER" WIDTH="78" HEIGHT="23" AUNIT="IFR_RLT2" VALIGN="MIDDLE" AUNITVALUE="M" ENG="Oneself">본인</TU>
<TE ALIGN="CENTER" WIDTH="108" HEIGHT="23" ACODE="SPC_ID2" VALIGN="MIDDLE">135-86-12446</TE>
<TU ALIGN="CENTER" WIDTH="112" HEIGHT="23" AUNIT="STK_KND" VALIGN="MIDDLE" AUNITVALUE="11" ENG="Voting share">의결권있는 주식</TU>
<TE ALIGN="RIGHT" WIDTH="78" HEIGHT="23" ACODE="STK_CNT" VALIGN="MIDDLE">5,900,000</TE>
<TE ALIGN="CENTER" WIDTH="110" HEIGHT="23" ACODE="TRD_RVL">상상인저축은행</TE>
<TE WIDTH="92" HEIGHT="23" ACODE="TRD_KND" ALIGN="CENTER">주식담보계약</TE>
<TU WIDTH="91" HEIGHT="23" AUNIT="TRD_SIN" AUNITVALUE="20250510" VALIGN="MIDDLE" ALIGN="CENTER">2025.05.10</TU>
<TE WIDTH="81" HEIGHT="23" ACODE="TRD_PRD" VALIGN="MIDDLE" ALIGN="CENTER">기간만료</TE>
<TE WIDTH="42" HEIGHT="23" ACODE="TRD_RT" VALIGN="MIDDLE" ALIGN="RIGHT" USERMARK="F-10 ">12.97</TE>
<TE WIDTH="61" HEIGHT="23" ACODE="TRD_RMK" VALIGN="MIDDLE" ALIGN="CENTER">계좌질권</TE>
</TR>

<TR ACOPY="Y" ADELETE="Y" HEIGHT="30">
<TE ALIGN="CENTER" WIDTH="33" HEIGHT="23" ACODE="SEQ_NO2" VALIGN="MIDDLE">2</TE>
<TE ALIGN="CENTER" WIDTH="126" HEIGHT="23" ACODE="SPC_NM" VALIGN="MIDDLE">최선덕</TE>
<TU ALIGN="CENTER" WIDTH="78" HEIGHT="23" AUNIT="IFR_RLT2" VALIGN="MIDDLE" AUNITVALUE="S" ENG="Related party">특수관계인</TU>
<TE ALIGN="CENTER" WIDTH="108" HEIGHT="23" ACODE="SPC_ID2" VALIGN="MIDDLE">670902</TE>
<TU ALIGN="CENTER" WIDTH="112" HEIGHT="23" AUNIT="STK_KND" VALIGN="MIDDLE" AUNITVALUE="11" ENG="Voting share">의결권있는 주식</TU>
<TE ALIGN="RIGHT" WIDTH="78" HEIGHT="23" ACODE="STK_CNT">2,617,981</TE>
<TE ALIGN="CENTER" WIDTH="110" HEIGHT="23" ACODE="TRD_RVL">상상인저축은행</TE>
<TE WIDTH="92" HEIGHT="23" ACODE="TRD_KND" ALIGN="CENTER">주식담보계약</TE>
<TU WIDTH="91" HEIGHT="23" AUNIT="TRD_SIN" AUNITVALUE="20250510" VALIGN="MIDDLE" ALIGN="CENTER">2025.05.10</TU>
<TE WIDTH="81" HEIGHT="23" ACODE="TRD_PRD" VALIGN="MIDDLE" ALIGN="CENTER">기간만료</TE>
<TE WIDTH="42" HEIGHT="23" ACODE="TRD_RT" VALIGN="MIDDLE" ALIGN="RIGHT" USERMARK="F-10 "> 5.76</TE>
<TE WIDTH="61" HEIGHT="23" ACODE="TRD_RMK" VALIGN="MIDDLE" ALIGN="CENTER">계좌질권</TE>
</TR>

<TR ACOPY="N" ADELETE="N" HEIGHT="30">
<TD COLSPAN="5" ALIGN="CENTER" WIDTH="493" HEIGHT="23" AUPDATECONT="N" VALIGN="MIDDLE" ENG="Total (Total number of shares, etc.)">합계(주식등의 수)</TD>
<TE ALIGN="RIGHT" WIDTH="78" HEIGHT="23" ACODE="SUM_STK_CNT">8,517,981</TE>
<TD COLSPAN="4" ALIGN="CENTER" WIDTH="401" HEIGHT="23" AUPDATECONT="N" VALIGN="MIDDLE" ENG="Total (Ratio)">합계(비율)</TD>
<TE ALIGN="RIGHT" WIDTH="42" HEIGHT="23" ACODE="SUM_TRD_RT" VALIGN="MIDDLE" USERMARK="F-10 ">18.73</TE>
<TE WIDTH="61" HEIGHT="23" ACODE="SUM_TRD_RMK" VALIGN="MIDDLE" ALIGN="CENTER">-</TE>
</TR>
</TBODY>
</TABLE>
</TABLE-GROUP>
<P USERMARK="F-GL ">주) 2025년 05월 12일 대출원리금 연체사실 발생 후 채권자의 담보권행사로 인하여 반대매매가 진행되었으며 보고의무발생일(2025.12.29) 현재 장중매도로 인하여 최선덕 계좌의 주식수가 0주, (주)메디제네틱스 계좌의 주식수가 0주로 감소하였습니다. 주식담보계약상 담보로 제공된 주식 전량이 장중매도로 처분되었으며 이로 인해 주식담보계약은 종료되었습니다.</P>
</SECTION-3>

<SECTION-3 ACLASS="MANDATORY">
<TITLE ATOC="Y" AASSOCNOTE="D-2-2-3-0" ATOCID="18" ENG="C. Additional information if the major contract is a collateral contract">다. 주요계약이 담보계약인 경우 추가 기재사항</TITLE>

<TABLE-GROUP ACLASS="SEC_CONT" ADELETETABLE="N">

<TABLE ACLASS="EXTRACTION" AFIXTABLE="N" WIDTH="612" BORDER="1">

<COLGROUP WIDTH="612">
<COL WIDTH="43"></COL>
<COL WIDTH="100"></COL>
<COL WIDTH="111"></COL>
<COL WIDTH="97"></COL>
<COL WIDTH="87"></COL>
<COL WIDTH="95"></COL>
<COL WIDTH="79"></COL>
</COLGROUP>

<THEAD>

<TR ACOPY="N" ADELETE="N" HEIGHT="53">
<TH VALIGN="MIDDLE" WIDTH="34" HEIGHT="46" ACOPYCOL="N" ADELETECOL="N" AMOVECOL="N" AUPDATECONT="N" ENG="Sequential No.">연번</TH>
<TH VALIGN="MIDDLE" WIDTH="91" HEIGHT="46" ACOPYCOL="N" ADELETECOL="N" AMOVECOL="N" AUPDATECONT="N" ENG="Number of shares, etc.">주식등의 수</TH>
<TH VALIGN="MIDDLE" WIDTH="102" HEIGHT="46" ACOPYCOL="N" ADELETECOL="N" AMOVECOL="N" AUPDATECONT="N" ENG="Amount of loan">대출금액</TH>
<TH VALIGN="MIDDLE" WIDTH="88" HEIGHT="46" ACOPYCOL="N" ADELETECOL="N" AMOVECOL="N" AUPDATECONT="N" ENG="Debtor">채무자</TH>
<TH VALIGN="MIDDLE" WIDTH="78" HEIGHT="46" ACOPYCOL="N" ADELETECOL="N" AMOVECOL="N" AUPDATECONT="N" ENG="Interest rate">이자율</TH>
<TH VALIGN="MIDDLE" WIDTH="86" HEIGHT="46" ACOPYCOL="N" ADELETECOL="N" AMOVECOL="N" AUPDATECONT="N" ENG="Collateral maintenance ratio">담보유지비율</TH>
<TH VALIGN="MIDDLE" WIDTH="70" HEIGHT="46" ACOPYCOL="N" ADELETECOL="N" AMOVECOL="N" AUPDATECONT="N" ENG="Others">기타</TH>
</TR>
</THEAD>

<TBODY>

<TR ACOPY="Y" ADELETE="N" HEIGHT="30">
<TE ALIGN="CENTER" WIDTH="34" HEIGHT="23" ACODE="SEQ_NO2" VALIGN="MIDDLE">1</TE>
<TE ALIGN="RIGHT" WIDTH="91" HEIGHT="23" ACODE="SEC_CNT" VALIGN="MIDDLE">7,887,051</TE>
<TE ALIGN="CENTER" WIDTH="102" HEIGHT="23" ACODE="SEC_MOY" VALIGN="MIDDLE">850,000,000</TE>
<TE ALIGN="CENTER" WIDTH="88" HEIGHT="23" ACODE="SEC_DEB" VALIGN="MIDDLE">아퓨어스(주)</TE>
<TE ALIGN="CENTER" WIDTH="78" HEIGHT="23" ACODE="SEC_INT" VALIGN="MIDDLE">14</TE>
<TE WIDTH="86" HEIGHT="23" ACODE="SEC_KEP" ALIGN="CENTER" VALIGN="MIDDLE">270</TE>
<TE WIDTH="70" HEIGHT="23" ACODE="SEC_ETC" VALIGN="MIDDLE" ALIGN="CENTER">-</TE>
</TR>

<TR ACOPY="Y" ADELETE="Y" HEIGHT="30">
<TE ALIGN="CENTER" WIDTH="34" HEIGHT="23" ACODE="SEQ_NO2" VALIGN="MIDDLE">2</TE>
<TE ALIGN="RIGHT" WIDTH="91" HEIGHT="23" ACODE="SEC_CNT" VALIGN="MIDDLE">630,930</TE>
<TE ALIGN="CENTER" WIDTH="102" HEIGHT="23" ACODE="SEC_MOY" VALIGN="MIDDLE">850,000,000</TE>
<TE ALIGN="CENTER" WIDTH="88" HEIGHT="23" ACODE="SEC_DEB" VALIGN="MIDDLE">아퓨어스(주)</TE>
<TE ALIGN="CENTER" WIDTH="78" HEIGHT="23" ACODE="SEC_INT" VALIGN="MIDDLE">14</TE>
<TE WIDTH="86" HEIGHT="23" ACODE="SEC_KEP" ALIGN="CENTER" VALIGN="MIDDLE">270</TE>
<TE WIDTH="70" HEIGHT="23" ACODE="SEC_ETC" VALIGN="MIDDLE" ALIGN="CENTER">-</TE>
</TR>
</TBODY>
</TABLE>
</TABLE-GROUP>
<P USERMARK="F-GL ">주)상기 1~2번의 계약은 대출약정금이 총 850,000,000원인 하나의 대출계약에 대한 계좌질권설정계약입니다.</P>
</SECTION-3>
</SECTION-2>

<SECTION-2 ACLASS="MANDATORY">
<TITLE ATOC="Y" AASSOCNOTE="D-2-3-0-0" ATOCID="19" ENG="3. Details of holding by own account and customer account (Financial institutions only)">3. 자기계정 및 고객계정별 보유내역(금융기관에 한함)</TITLE>

<TABLE-GROUP ACLASS="SF_CNS" ADELETETABLE="N">

<TABLE ACLASS="EXTRACTION" AFIXTABLE="N" WIDTH="700" BORDER="1">

<COLGROUP WIDTH="700">
<COL WIDTH="84"></COL>
<COL WIDTH="89"></COL>
<COL WIDTH="107"></COL>
<COL WIDTH="75"></COL>
<COL WIDTH="105"></COL>
<COL WIDTH="70"></COL>
<COL WIDTH="98"></COL>
<COL WIDTH="72"></COL>
</COLGROUP>

<THEAD>

<TR ACOPY="N" ADELETE="N" HEIGHT="30">
<TH ROWSPAN="2" VALIGN="MIDDLE" WIDTH="75" HEIGHT="53" ACOPYCOL="N" ADELETECOL="N" AMOVECOL="N" AUPDATECONT="N" ENG="Name">명칭</TH>
<TH ROWSPAN="2" VALIGN="MIDDLE" WIDTH="80" HEIGHT="53" ACOPYCOL="N" ADELETECOL="N" AMOVECOL="N" AUPDATECONT="N" ENG="Relationship to the reporting entity">보고자와의관계</TH>
<TH COLSPAN="4" WIDTH="348" HEIGHT="23" ACOPYCOL="N" ADELETECOL="N" AMOVECOL="N" AUPDATECONT="N" ENG="Details by account">계정별 내역</TH>
<TH COLSPAN="2" WIDTH="161" HEIGHT="23" ACOPYCOL="N" ADELETECOL="N" AMOVECOL="N" AUPDATECONT="N" ENG="Total">합  계</TH>
</TR>

<TR ACOPY="N" ADELETE="N" HEIGHT="30">
<TH WIDTH="98" HEIGHT="23" ACOPYCOL="N" ADELETECOL="N" AMOVECOL="N" AUPDATECONT="N" ENG="Own account (shrs.)">자기계정(주)</TH>
<TH WIDTH="66" HEIGHT="23" ACOPYCOL="N" ADELETECOL="N" AMOVECOL="N" AUPDATECONT="N" ENG="Ratio (%)">비율(%)</TH>
<TH WIDTH="96" HEIGHT="23" ACOPYCOL="N" ADELETECOL="N" AMOVECOL="N" AUPDATECONT="N" ENG="Customer account (shrs.)">고객계정(주)</TH>
<TH WIDTH="61" HEIGHT="23" ACOPYCOL="N" ADELETECOL="N" AMOVECOL="N" AUPDATECONT="N" ENG="Ratio (%)">비율(%)</TH>
<TH WIDTH="89" HEIGHT="23" ACOPYCOL="N" ADELETECOL="N" AMOVECOL="N" AUPDATECONT="N" ENG="Total (shrs.)">계(주)</TH>
<TH WIDTH="63" HEIGHT="23" ACOPYCOL="N" ADELETECOL="N" AMOVECOL="N" AUPDATECONT="N" ENG="Ratio (%)">비율(%)</TH>
</TR>
</THEAD>

<TBODY>

<TR ACOPY="Y" ADELETE="N" HEIGHT="30">
<TE ALIGN="CENTER" VALIGN="MIDDLE" WIDTH="75" HEIGHT="23" ACODE="SPC_NM">-</TE>
<TU ALIGN="CENTER" VALIGN="MIDDLE" WIDTH="80" HEIGHT="23" AUNIT="IFR_RLT2" AUNITVALUE="-" ENG="-">-</TU>
<TE ALIGN="CENTER" VALIGN="MIDDLE" WIDTH="98" HEIGHT="23" ACODE="SF_CNT">-</TE>
<TE ALIGN="CENTER" VALIGN="MIDDLE" WIDTH="66" HEIGHT="23" ACODE="SF_RT">-</TE>
<TE ALIGN="CENTER" VALIGN="MIDDLE" WIDTH="96" HEIGHT="23" ACODE="CNS_CNT">-</TE>
<TE ALIGN="CENTER" VALIGN="MIDDLE" WIDTH="61" HEIGHT="23" ACODE="CNS_RT">-</TE>
<TE ALIGN="CENTER" VALIGN="MIDDLE" WIDTH="89" HEIGHT="23" ACODE="CNT_SUM">-</TE>
<TE ALIGN="CENTER" VALIGN="MIDDLE" WIDTH="63" HEIGHT="23" ACODE="RT_SUM">-</TE>
</TR>

<TR ACOPY="Y" ADELETE="Y" HEIGHT="30">
<TE ALIGN="CENTER" VALIGN="MIDDLE" WIDTH="75" HEIGHT="23" ACODE="SPC_NM">-</TE>
<TU ALIGN="CENTER" VALIGN="MIDDLE" WIDTH="80" HEIGHT="23" AUNIT="IFR_RLT2" AUNITVALUE="-" ENG="-">-</TU>
<TE ALIGN="CENTER" VALIGN="MIDDLE" WIDTH="98" HEIGHT="23" ACODE="SF_CNT">-</TE>
<TE ALIGN="CENTER" VALIGN="MIDDLE" WIDTH="66" HEIGHT="23" ACODE="SF_RT">-</TE>
<TE ALIGN="CENTER" VALIGN="MIDDLE" WIDTH="96" HEIGHT="23" ACODE="CNS_CNT">-</TE>
<TE ALIGN="CENTER" VALIGN="MIDDLE" WIDTH="61" HEIGHT="23" ACODE="CNS_RT">-</TE>
<TE ALIGN="CENTER" VALIGN="MIDDLE" WIDTH="89" HEIGHT="23" ACODE="CNT_SUM">-</TE>
<TE ALIGN="CENTER" VALIGN="MIDDLE" WIDTH="63" HEIGHT="23" ACODE="RT_SUM">-</TE>
</TR>

<TR ACOPY="N" ADELETE="N" HEIGHT="30">
<TD COLSPAN="2" ALIGN="CENTER" VALIGN="MIDDLE" WIDTH="164" HEIGHT="23" AUPDATECONT="N" ENG="Total">합  계</TD>
<TE ALIGN="CENTER" VALIGN="MIDDLE" WIDTH="98" HEIGHT="23" ACODE="SF_CNT_SUM">-</TE>
<TE ALIGN="CENTER" VALIGN="MIDDLE" WIDTH="66" HEIGHT="23" ACODE="SF_RT_SUM">-</TE>
<TE ALIGN="CENTER" VALIGN="MIDDLE" WIDTH="96" HEIGHT="23" ACODE="CNS_CNT_SUM">-</TE>
<TE ALIGN="CENTER" VALIGN="MIDDLE" WIDTH="61" HEIGHT="23" ACODE="CNS_RT_SUM">-</TE>
<TE ALIGN="CENTER" VALIGN="MIDDLE" WIDTH="89" HEIGHT="23" ACODE="ALL_CNT_SUM">-</TE>
<TE ALIGN="CENTER" VALIGN="MIDDLE" WIDTH="63" HEIGHT="23" ACODE="ALL_RT_SUM">-</TE>
</TR>
</TBODY>
</TABLE>
</TABLE-GROUP>
<P></P>
<PGBRK></PGBRK>
</SECTION-2>
</SECTION-1>

<SECTION-1 ACLASS="MANDATORY" APARTSOURCE="SOURCE">
<TITLE ATOC="Y" ATOCID="20" ENG="Part 3 Significant Changes Since the Last Reporting Date">제3부 직전보고일 이후 대량변동 내역</TITLE>
<P></P>

<SECTION-2 ACLASS="MANDATORY">
<TITLE ATOC="Y" AASSOCNOTE="D-3-1-0-0" ATOCID="21" ENG="1. Summary of changes">1. 변동내역 총괄표</TITLE>

<SECTION-3 ACLASS="MANDATORY">
<TITLE ATOC="Y" ATOCID="22" ENG="A. Details of changes in stocks, etc.">가. 주식등의 변동내역</TITLE>

<TABLE-GROUP ACLASS="CST_CNT2" ADELETETABLE="N">

<TABLE ACLASS="EXTRACTION" AFIXTABLE="N" WIDTH="1122" BORDER="1">

<COLGROUP WIDTH="1122">
<COL WIDTH="58"></COL>
<COL WIDTH="112"></COL>
<COL WIDTH="115"></COL>
<COL WIDTH="93"></COL>
<COL WIDTH="93"></COL>
<COL WIDTH="92"></COL>
<COL WIDTH="69"></COL>
<COL WIDTH="69"></COL>
<COL WIDTH="69"></COL>
<COL WIDTH="68"></COL>
<COL WIDTH="68"></COL>
<COL WIDTH="68"></COL>
<COL WIDTH="92"></COL>
<COL WIDTH="56"></COL>
</COLGROUP>

<THEAD>

<TR ACOPY="N" ADELETE="N" HEIGHT="30">
<TH ROWSPAN="3" VALIGN="MIDDLE" WIDTH="49" ACOPYCOL="N" ADELETECOL="N" AMOVECOL="N" AUPDATECONT="N" ENG="Relationship" HEIGHT="152">관 계</TH>
<TH ROWSPAN="3" VALIGN="MIDDLE" WIDTH="103" ACOPYCOL="N" ADELETECOL="N" AMOVECOL="N" AUPDATECONT="N" ENG="Name (Title)" HEIGHT="152">성 명(명칭)</TH>
<TH ROWSPAN="3" VALIGN="MIDDLE" WIDTH="106" ACOPYCOL="N" ADELETECOL="N" AMOVECOL="N" AUPDATECONT="N" ENG="Date of birth or business registration No., etc." HEIGHT="152">생년월일또는사업자등록번호 등</TH>
<TH COLSPAN="11" VALIGN="MIDDLE" WIDTH="828" ACOPYCOL="N" ADELETECOL="N" AMOVECOL="N" AUPDATECONT="N" ENG="Increase/decrease of shares, etc." HEIGHT="23">증감주식등의 내역</TH>
</TR>

<TR ACOPY="N" ADELETE="N" HEIGHT="30">
<TH COLSPAN="3" VALIGN="MIDDLE" ACOPYCOL="N" ADELETECOL="N" AMOVECOL="N" AUPDATECONT="N" ENG="Share certificates" WIDTH="269" HEIGHT="23">주 권</TH>
<TH ROWSPAN="2" VALIGN="MIDDLE" ACOPYCOL="N" ADELETECOL="N" AMOVECOL="N" AUPDATECONT="N" ENG="Those with warrants" WIDTH="60" HEIGHT="122">신주인수권이표시된것</TH>
<TH ROWSPAN="2" VALIGN="MIDDLE" ACOPYCOL="N" ADELETECOL="N" AMOVECOL="N" AUPDATECONT="N" ENG="Convertible bonds" WIDTH="60" HEIGHT="122">전환사채권</TH>
<TH ROWSPAN="2" VALIGN="MIDDLE" ACOPYCOL="N" ADELETECOL="N" AMOVECOL="N" AUPDATECONT="N" ENG="Bonds with warrants" WIDTH="60" HEIGHT="122">신주인수권부사채권</TH>
<TH ROWSPAN="2" VALIGN="MIDDLE" ACOPYCOL="N" ADELETECOL="N" AMOVECOL="N" AUPDATECONT="N" ENG="Exchangeable bonds" WIDTH="59" HEIGHT="122">교환사채권</TH>
<TH ROWSPAN="2" VALIGN="MIDDLE" ACOPYCOL="N" ADELETECOL="N" AMOVECOL="N" AUPDATECONT="N" ENG="Depositary receipts" WIDTH="59" HEIGHT="122">증권예탁증권</TH>
<TH ROWSPAN="2" VALIGN="MIDDLE" ACOPYCOL="N" ADELETECOL="N" AMOVECOL="N" AUPDATECONT="N" ENG="Others" WIDTH="59" HEIGHT="122">기타</TH>
<TH COLSPAN="2" VALIGN="MIDDLE" ACOPYCOL="N" ADELETECOL="N" AMOVECOL="N" AUPDATECONT="N" ENG="Total" WIDTH="139" HEIGHT="23">합 계</TH>
</TR>

<TR ACOPY="N" ADELETE="N" HEIGHT="99">
<TH VALIGN="MIDDLE" ACOPYCOL="N" ADELETECOL="N" AMOVECOL="N" AUPDATECONT="N" ENG="Voting share" WIDTH="84" HEIGHT="92">의결권있는주식</TH>
<TH VALIGN="MIDDLE" ACOPYCOL="N" ADELETECOL="N" AMOVECOL="N" AUPDATECONT="N" ENG="Stocks to be redeemed with voting share" WIDTH="84" HEIGHT="92">의결권있는 주식으로상환될주식</TH>
<TH VALIGN="MIDDLE" ACOPYCOL="N" ADELETECOL="N" AMOVECOL="N" AUPDATECONT="N" ENG="Stocks to be converted to voting share" WIDTH="83" HEIGHT="92">의결권있는 주식으로전환될 주식</TH>
<TH VALIGN="MIDDLE" ACOPYCOL="N" ADELETECOL="N" AMOVECOL="N" AUPDATECONT="N" ENG="Number of shares (shrs.)" WIDTH="83" HEIGHT="92">주수(주)</TH>
<TH VALIGN="MIDDLE" ACOPYCOL="N" ADELETECOL="N" AMOVECOL="N" AUPDATECONT="N" ENG="Ratio (%)" WIDTH="47" HEIGHT="92">비율(%)</TH>
</TR>
</THEAD>

<TBODY>

<TR ACOPY="N" ADELETE="N" HEIGHT="30">
<TD ALIGN="CENTER" VALIGN="MIDDLE" AUPDATECONT="N" ENG="Reporting entity" WIDTH="49" HEIGHT="23">보고자</TD>
<TE ALIGN="CENTER" VALIGN="MIDDLE" ACODE="SPC_NM" USERMARK="F-10 " WIDTH="103" HEIGHT="23">(주)메디제네틱스</TE>
<TE ALIGN="CENTER" VALIGN="MIDDLE" ACODE="SPC_ID2" WIDTH="106" HEIGHT="23">135-86-12446</TE>
<TE ALIGN="RIGHT" VALIGN="MIDDLE" ACODE="ATK_CNT" WIDTH="84" HEIGHT="23">-2,320,808</TE>
<TE ALIGN="RIGHT" VALIGN="MIDDLE" ACODE="REP_CNT" WIDTH="84" HEIGHT="23">-</TE>
<TE ALIGN="RIGHT" VALIGN="MIDDLE" ACODE="CHN_CNT" WIDTH="83" HEIGHT="23">-</TE>
<TE ALIGN="RIGHT" VALIGN="MIDDLE" ACODE="ACC_CNT" WIDTH="60" HEIGHT="23">-</TE>
<TE ALIGN="RIGHT" VALIGN="MIDDLE" ACODE="CB_CNT" WIDTH="60" HEIGHT="23">-</TE>
<TE ALIGN="RIGHT" VALIGN="MIDDLE" ACODE="LN_CNT" WIDTH="60" HEIGHT="23">-</TE>
<TE ALIGN="RIGHT" VALIGN="MIDDLE" ACODE="EB_CNT" WIDTH="59" HEIGHT="23">-</TE>
<TE ALIGN="RIGHT" VALIGN="MIDDLE" ACODE="CF_CNT" WIDTH="59" HEIGHT="23">-</TE>
<TE ALIGN="RIGHT" VALIGN="MIDDLE" ACODE="ET_CNT" WIDTH="59" HEIGHT="23">-</TE>
<TE ALIGN="RIGHT" VALIGN="MIDDLE" ACODE="STK_CNT" WIDTH="83" HEIGHT="23">-2,320,808</TE>
<TE ALIGN="RIGHT" VALIGN="MIDDLE" ACODE="STK_RT" WIDTH="47" HEIGHT="23">-5.10</TE>
</TR>

<TR ACOPY="N" ADELETE="N" HEIGHT="30">
<TD ROWSPAN="2" ALIGN="CENTER" VALIGN="MIDDLE" AUPDATECONT="N" ENG="Specially related parties" WIDTH="49" HEIGHT="53">특별관계자</TD>
<TE ALIGN="CENTER" VALIGN="MIDDLE" ACODE="SPC_NM" WIDTH="103" HEIGHT="23">황주희</TE>
<TE ALIGN="CENTER" VALIGN="MIDDLE" ACODE="SPC_ID2" WIDTH="106" HEIGHT="23">750213</TE>
<TE ALIGN="RIGHT" VALIGN="MIDDLE" ACODE="ATK_CNT" WIDTH="84" HEIGHT="23">-</TE>
<TE ALIGN="RIGHT" VALIGN="MIDDLE" ACODE="REP_CNT" WIDTH="84" HEIGHT="23">-</TE>
<TE ALIGN="RIGHT" VALIGN="MIDDLE" ACODE="CHN_CNT" WIDTH="83" HEIGHT="23">-</TE>
<TE ALIGN="RIGHT" VALIGN="MIDDLE" ACODE="ACC_CNT" WIDTH="60" HEIGHT="23">-</TE>
<TE ALIGN="RIGHT" VALIGN="MIDDLE" ACODE="CB_CNT" WIDTH="60" HEIGHT="23">-</TE>
<TE ALIGN="RIGHT" VALIGN="MIDDLE" ACODE="LN_CNT" WIDTH="60" HEIGHT="23">-</TE>
<TE ALIGN="RIGHT" VALIGN="MIDDLE" ACODE="EB_CNT" WIDTH="59" HEIGHT="23">-</TE>
<TE ALIGN="RIGHT" VALIGN="MIDDLE" ACODE="CF_CNT" WIDTH="59" HEIGHT="23">-</TE>
<TE ALIGN="RIGHT" VALIGN="MIDDLE" ACODE="ET_CNT" WIDTH="59" HEIGHT="23">-</TE>
<TE ALIGN="RIGHT" VALIGN="MIDDLE" ACODE="STK_CNT" WIDTH="83" HEIGHT="23">-</TE>
<TE ALIGN="RIGHT" VALIGN="MIDDLE" ACODE="STK_RT" WIDTH="47" HEIGHT="23">-</TE>
</TR>

<TR ACOPY="Y" ADELETE="N" HEIGHT="30">
<TE ALIGN="CENTER" VALIGN="MIDDLE" ACODE="SPC_NM" WIDTH="103" HEIGHT="23">-</TE>
<TE ALIGN="CENTER" VALIGN="MIDDLE" ACODE="SPC_ID2" WIDTH="106" HEIGHT="23">-</TE>
<TE ALIGN="RIGHT" VALIGN="MIDDLE" ACODE="ATK_CNT" WIDTH="84" HEIGHT="23">-</TE>
<TE ALIGN="RIGHT" VALIGN="MIDDLE" ACODE="REP_CNT" WIDTH="84" HEIGHT="23">-</TE>
<TE ALIGN="RIGHT" VALIGN="MIDDLE" ACODE="CHN_CNT" WIDTH="83" HEIGHT="23">-</TE>
<TE ALIGN="RIGHT" VALIGN="MIDDLE" ACODE="ACC_CNT" WIDTH="60" HEIGHT="23">-</TE>
<TE ALIGN="RIGHT" VALIGN="MIDDLE" ACODE="CB_CNT" WIDTH="60" HEIGHT="23">-</TE>
<TE ALIGN="RIGHT" VALIGN="MIDDLE" ACODE="LN_CNT" WIDTH="60" HEIGHT="23">-</TE>
<TE ALIGN="RIGHT" VALIGN="MIDDLE" ACODE="EB_CNT" WIDTH="59" HEIGHT="23">-</TE>
<TE ALIGN="RIGHT" VALIGN="MIDDLE" ACODE="CF_CNT" WIDTH="59" HEIGHT="23">-</TE>
<TE ALIGN="RIGHT" VALIGN="MIDDLE" ACODE="ET_CNT" WIDTH="59" HEIGHT="23">-</TE>
<TE ALIGN="RIGHT" VALIGN="MIDDLE" ACODE="STK_CNT" WIDTH="83" HEIGHT="23">-</TE>
<TE ALIGN="RIGHT" VALIGN="MIDDLE" ACODE="STK_RT" WIDTH="47" HEIGHT="23">-</TE>
</TR>
</TBODY>
</TABLE>
</TABLE-GROUP>
<P></P>
</SECTION-3>
</SECTION-2>

<SECTION-2 ACLASS="MANDATORY">
<TITLE ATOC="Y" AASSOCNOTE="D-3-2-0-0" ATOCID="23" ENG="2. Details of changes">2. 세부변동내역</TITLE>

<SECTION-3 ACLASS="MANDATORY">
<TITLE ATOC="Y" ATOCID="24" ENG="A. Details of changes in stocks, etc.">가. 주식등의 세부변동내역</TITLE>

<TABLE-GROUP ACLASS="HLD_MTH" ADELETETABLE="N">

<TABLE ACLASS="EXTRACTION" AFIXTABLE="Y" WIDTH="1153" BORDER="0">

<COLGROUP WIDTH="1153">
<COL WIDTH="1153"></COL>
</COLGROUP>

<TBODY>

<TR ACOPY="N" ADELETE="N" HEIGHT="30">
<TD ALIGN="RIGHT" VALIGN="BOTTOM" WIDTH="1144" HEIGHT="23" AUPDATECONT="N" ENG="(Unit: shares, KRW)">(단위 : 주, 원)</TD>
</TR>
</TBODY>
</TABLE>

<TABLE ACLASS="EXTRACTION" AFIXTABLE="N" WIDTH="1182" BORDER="1">

<COLGROUP WIDTH="1182">
<COL WIDTH="135"></COL>
<COL WIDTH="143"></COL>
<COL WIDTH="92"></COL>
<COL WIDTH="98"></COL>
<COL WIDTH="128"></COL>
<COL WIDTH="88"></COL>
<COL WIDTH="88"></COL>
<COL WIDTH="88"></COL>
<COL WIDTH="58"></COL>
<COL WIDTH="26"></COL>
<COL WIDTH="238"></COL>
</COLGROUP>

<THEAD>

<TR ACOPY="N" ADELETE="N" HEIGHT="30">
<TH ROWSPAN="2" VALIGN="MIDDLE" WIDTH="126" ACOPYCOL="N" ADELETECOL="N" AMOVECOL="N" AUPDATECONT="N" ENG="Name (Title)" HEIGHT="53">성명(명칭)</TH>
<TH ROWSPAN="2" VALIGN="MIDDLE" WIDTH="134" ACOPYCOL="N" ADELETECOL="N" AMOVECOL="N" AUPDATECONT="N" ENG="Date of birth or business registration No., etc." HEIGHT="53">생년월일 또는사업자등록번호 등</TH>
<TH ROWSPAN="2" VALIGN="MIDDLE" WIDTH="83" ACOPYCOL="N" ADELETECOL="N" AMOVECOL="N" AUPDATECONT="N" ENG="Date of change*" HEIGHT="53">변동일*</TH>
<TH ROWSPAN="2" VALIGN="MIDDLE" WIDTH="89" ACOPYCOL="N" ADELETECOL="N" AMOVECOL="N" AUPDATECONT="N" ENG="Acquisition/disposal method" HEIGHT="53">취득/처분방법</TH>
<TH ROWSPAN="2" VALIGN="MIDDLE" WIDTH="119" ACOPYCOL="N" ADELETECOL="N" AMOVECOL="N" AUPDATECONT="N" ENG="Type of shares, etc." HEIGHT="53">주식등의종류</TH>
<TH COLSPAN="3" VALIGN="MIDDLE" WIDTH="255" ACOPYCOL="N" ADELETECOL="N" AMOVECOL="N" AUPDATECONT="N" ENG="Details of change" HEIGHT="23">변동 내역</TH>
<TH ROWSPAN="2" VALIGN="MIDDLE" WIDTH="75" ACOPYCOL="N" ADELETECOL="N" AMOVECOL="N" AUPDATECONT="N" COLSPAN="2" ENG="Acquisition/Disposal unit price**" HEIGHT="53">취득/처분단가**</TH>
<TH ROWSPAN="2" VALIGN="MIDDLE" WIDTH="229" ACOPYCOL="N" ADELETECOL="N" AMOVECOL="N" AUPDATECONT="N" ENG="Note" HEIGHT="53">비 고</TH>
</TR>

<TR ACOPY="N" ADELETE="N" HEIGHT="30">
<TH VALIGN="MIDDLE" ACOPYCOL="N" ADELETECOL="N" AMOVECOL="N" AUPDATECONT="N" ENG="Before change" WIDTH="79" HEIGHT="23">변동전</TH>
<TH VALIGN="MIDDLE" ACOPYCOL="N" ADELETECOL="N" AMOVECOL="N" AUPDATECONT="N" ENG="Increase or decrease" WIDTH="79" HEIGHT="23">증감</TH>
<TH VALIGN="MIDDLE" ACOPYCOL="N" ADELETECOL="N" AMOVECOL="N" AUPDATECONT="N" ENG="After change" WIDTH="79" HEIGHT="23">변동후</TH>
</TR>
</THEAD>

<TBODY>

<TR ACOPY="Y" ADELETE="N" HEIGHT="30">
<TE ALIGN="CENTER" ACODE="SPC_NM" VALIGN="MIDDLE" WIDTH="126" HEIGHT="23">(주)메디제네틱스</TE>
<TE ALIGN="CENTER" ACODE="SPC_ID2" VALIGN="MIDDLE" WIDTH="134" HEIGHT="23">135-86-12446</TE>
<TU ALIGN="CENTER" AUNIT="MDF_DT" VALIGN="MIDDLE" AUNITVALUE="20251226" WIDTH="83" HEIGHT="23">2025.12.26</TU>
<TU ALIGN="CENTER" AUNIT="HLD_MTH" VALIGN="MIDDLE" AUNITVALUE="02" WIDTH="89" HEIGHT="23" ENG="Disposal in exchange(-)">장내매도(-)</TU>
<TU ALIGN="CENTER" AUNIT="STK_KND" VALIGN="MIDDLE" AUNITVALUE="11" WIDTH="119" HEIGHT="23" ENG="Voting share">의결권있는 주식</TU>

<TE ALIGN="RIGHT" ACODE="BFR_MDF_CNT" VALIGN="MIDDLE" WIDTH="79" HEIGHT="23">
<SPAN>2,320,808</SPAN>
</TE>
<TE ALIGN="RIGHT" ACODE="MDF_SDK_CNT" VALIGN="MIDDLE" WIDTH="79" HEIGHT="23">-406,745</TE>
<TE ALIGN="RIGHT" ACODE="AFR_MDF_CNT" VALIGN="MIDDLE" WIDTH="79" HEIGHT="23">1,914,063</TE>
<TE ALIGN="RIGHT" ACODE="HLD_UNT_PRJ" VALIGN="MIDDLE" WIDTH="49" HEIGHT="23">24</TE>
<TE ALIGN="RIGHT" ACODE="HLD_UNT_PRG" VALIGN="MIDDLE" WIDTH="17" HEIGHT="23">-</TE>
<TE ACODE="RMK" VALIGN="MIDDLE" USERMARK="F-10 " WIDTH="229" HEIGHT="23">채권자의 담보처분권 행사에 의한 처분</TE>
</TR>

<TR ACOPY="Y" ADELETE="Y" HEIGHT="30">
<TE ALIGN="CENTER" ACODE="SPC_NM" VALIGN="MIDDLE" WIDTH="126" HEIGHT="23">(주)메디제네틱스</TE>
<TE ALIGN="CENTER" ACODE="SPC_ID2" VALIGN="MIDDLE" WIDTH="134" HEIGHT="23">135-86-12446</TE>
<TU ALIGN="CENTER" AUNIT="MDF_DT" VALIGN="MIDDLE" AUNITVALUE="20251229" WIDTH="83" HEIGHT="23">2025.12.29</TU>
<TU ALIGN="CENTER" AUNIT="HLD_MTH" VALIGN="MIDDLE" AUNITVALUE="02" WIDTH="89" HEIGHT="23" ENG="Disposal in exchange(-)">장내매도(-)</TU>
<TU ALIGN="CENTER" AUNIT="STK_KND" VALIGN="MIDDLE" AUNITVALUE="11" WIDTH="119" HEIGHT="23" ENG="Voting share">의결권있는 주식</TU>
<TE ALIGN="RIGHT" ACODE="BFR_MDF_CNT" VALIGN="MIDDLE" WIDTH="79" HEIGHT="23">1,914,063</TE>
<TE ALIGN="RIGHT" ACODE="MDF_SDK_CNT" VALIGN="MIDDLE" WIDTH="79" HEIGHT="23">-1,914,063</TE>
<TE ALIGN="RIGHT" ACODE="AFR_MDF_CNT" VALIGN="MIDDLE" WIDTH="79" HEIGHT="23">-</TE>
<TE ALIGN="RIGHT" ACODE="HLD_UNT_PRJ" VALIGN="MIDDLE" WIDTH="49" HEIGHT="23">20</TE>
<TE ALIGN="RIGHT" ACODE="HLD_UNT_PRG" VALIGN="MIDDLE" WIDTH="17" HEIGHT="23">-</TE>

<TE ACODE="RMK" VALIGN="MIDDLE" USERMARK="F-10 " WIDTH="229" HEIGHT="23">
<SPAN>채권자의 담보처분권 행사에 의한 처분</SPAN>
</TE>
</TR>
</TBODY>
</TABLE>
</TABLE-GROUP>
<P>*   증권시장에서 주식등을 매매한 경우에는 그 계약체결일</P>
<P>** 주식 외의 증권의 경우 해당 증권의 행사(전환ㆍ교환)가액 또는 해당 증권의 권리행사로 취득ㆍ처분하는 주식의 매매단가를 의미하며, (   )의 금액은 해당 증권의 매매단가를 의미</P>
<P></P>
</SECTION-3>
</SECTION-2>

<SECTION-2 ACLASS="MANDATORY">
<TITLE ATOC="Y" ATOCID="25" ENG="3. Details of funds raised for acquisition, etc.">3. 취득에 필요한 자금등의 조성내역</TITLE>

<SECTION-3 ACLASS="MANDATORY">
<TITLE ATOC="Y" AASSOCNOTE="D-3-3-1-0" ATOCID="26" ENG="(1) Overview of acquisition funds, etc.">(1) 취득자금등의 개요</TITLE>

<TABLE-GROUP ACLASS="PRH_CPT3" ADELETETABLE="N">

<TABLE ACLASS="EXTRACTION" AFIXTABLE="Y" WIDTH="666" BORDER="0">

<COLGROUP WIDTH="666">
<COL WIDTH="666"></COL>
</COLGROUP>

<TBODY>

<TR ACOPY="N" ADELETE="N" HEIGHT="30">
<TD ALIGN="RIGHT" VALIGN="BOTTOM" WIDTH="657" HEIGHT="23" AUPDATECONT="N" ENG="(Unit: KRW)">(단위 : 원)</TD>
</TR>
</TBODY>
</TABLE>

<TABLE ACLASS="EXTRACTION" AFIXTABLE="N" WIDTH="666" BORDER="1">

<COLGROUP WIDTH="666">
<COL WIDTH="104"></COL>
<COL WIDTH="147"></COL>
<COL WIDTH="104"></COL>
<COL WIDTH="104"></COL>
<COL WIDTH="104"></COL>
<COL WIDTH="103"></COL>
</COLGROUP>

<THEAD>

<TR ACOPY="N" ADELETE="N" HEIGHT="53">
<TH WIDTH="95" HEIGHT="46" ACOPYCOL="N" ADELETECOL="N" AMOVECOL="N" AUPDATECONT="N" VALIGN="MIDDLE" ENG="Name">성명</TH>
<TH WIDTH="138" HEIGHT="46" ACOPYCOL="N" ADELETECOL="N" AMOVECOL="N" AUPDATECONT="N" VALIGN="MIDDLE" ENG="Date of birth or business registration No., etc.">생년월일 또는사업자등록번호등</TH>
<TH WIDTH="95" HEIGHT="46" ACOPYCOL="N" ADELETECOL="N" AMOVECOL="N" AUPDATECONT="N" VALIGN="MIDDLE" ENG="Self-finance (H)">자기자금(H)</TH>
<TH WIDTH="95" HEIGHT="46" ACOPYCOL="N" ADELETECOL="N" AMOVECOL="N" AUPDATECONT="N" VALIGN="MIDDLE" ENG="Borrowings (I)">차입금(I)</TH>
<TH WIDTH="95" HEIGHT="46" ACOPYCOL="N" ADELETECOL="N" AMOVECOL="N" AUPDATECONT="N" VALIGN="MIDDLE" ENG="Others (J)">기타(J)</TH>
<TH WIDTH="94" HEIGHT="46" ACOPYCOL="N" ADELETECOL="N" AMOVECOL="N" AUPDATECONT="N" VALIGN="MIDDLE" ENG="Total (H+I+J)">계(H+I+J)</TH>
</TR>
</THEAD>

<TBODY>

<TR ACOPY="Y" ADELETE="N" HEIGHT="30">
<TE ALIGN="CENTER" WIDTH="95" HEIGHT="23" ACODE="PRH_NM" VALIGN="MIDDLE">-</TE>
<TE ALIGN="CENTER" WIDTH="138" HEIGHT="23" ACODE="PRH_ID" VALIGN="MIDDLE">-</TE>
<TE ALIGN="RIGHT" WIDTH="95" HEIGHT="23" ACODE="PRH_CPT" VALIGN="MIDDLE">-</TE>
<TE ALIGN="RIGHT" WIDTH="95" HEIGHT="23" ACODE="PRH_LN" VALIGN="MIDDLE">-</TE>
<TE ALIGN="RIGHT" WIDTH="95" HEIGHT="23" ACODE="PRH_AMT" VALIGN="MIDDLE">-</TE>
<TE ALIGN="RIGHT" WIDTH="94" HEIGHT="23" ACODE="PRH_SUM" VALIGN="MIDDLE">-</TE>
</TR>
</TBODY>
</TABLE>
</TABLE-GROUP>
<P></P>
</SECTION-3>

<SECTION-3 ACLASS="MANDATORY">
<TITLE ATOC="Y" AASSOCNOTE="D-3-3-2-0" ATOCID="27" ENG="(2) Background of funding and sources of acquisition funds, etc.">(2) 취득자금등의 조성경위 및 원천</TITLE>

</SECTION-3></SECTION-2></SECTION-1></LIBRARY></BODY></DOCUMENT>