<html>
 <head> 
  <meta content="gdi" http-equiv="X-UA-TextLayoutMetrics"> 
  <meta content="text/html; charset=euc-kr" http-equiv="Content-Type"> 
  <STYLE>
.xforms * { font-family: 돋움체;}
.xforms_title * { font-size: 13pt; padding : 0 0 10 0;}

.xforms table {
    font-size: 10px;
    padding:0px;
    border-collapse:collapse;
    color: #3D3D3D;
}
.xforms td {
    padding-left:0px;
    padding-top:0px;
    border-collapse:collapse;
    line-height:22px;
    color: #3D3D3D;
    /*text-align:right;*/
    vertical-align:middle;
    border: 1px solid #7f7f7f;
}

.xforms span {
    /*display: inline-block;*/
    padding-left:3px;
    padding-right: 1px;
    line-height:22px;
    padding-top:0px;
    padding-bottom:0px;
    text-align:left;
    vertical-align:middle;
    border: 0px solid #DBDBDB;
}

.xforms.img{
    border : 0px;
}

.xforms a:link {

    color: #194866;
    text-decoration: none;
}
.xforms a:active {

    color: #194866;
    text-decoration: none;
}
.xforms a:visited {
    color: #194866;
    text-decoration: none;
}

.xforms A:hover {
    color:008BE3;
    text-decoration: none;
}

.xforms_input{
    border: 0px solid #DBDBDB;
    padding-left:3px;
    padding-right: 1px;
    height:22px;
    padding-top:0px;
    padding-bottom:0px;
    text-align:left;
}
</STYLE> 
  <title>HD한국조선해양/영업(잠정)실적(공정공시)/(2026.01.05)영업(잠정)실적(공정공시)</title> 
 </head> 
 <body> 
  <div class="xforms"> 
   <div> 
    <span class="noprint" style="display:none;width:600px;font-size:10pt;"> </span> 
    <div class="xforms_title"> 
     <div> 
      <span style="width:600px;font-weight:bold;text-align:center;">영업(잠정)실적(공정공시)</span> 
     </div> 
    </div> 
    <span class="noprint" style="display:none;width:600px;font-size:10pt;"> </span> 
    <table border="1" bordercolordark="white" bordercolorlight="#666666" cellpadding="1" cellspacing="0" id="XFormD1_Form0_Table0" style="margin:0px 0px 20px 0px;width:599px;font-size:10pt;border:1px solid #7f7f7f;"> 
     <tbody> 
      <tr> 
       <td colspan="4" width="599"> <span style="width:599px;font-size:10pt;">실적기간</span> </td> 
      </tr> 
      <tr> 
       <td width="202"> <span style="width:202px;font-size:10pt;">당기실적</span> </td> 
       <td width="184"> <span class="xforms_input" style="width:184px;font-size:10pt;">2025-01-01</span> </td> 
       <td width="27"> <span style="width:27px;font-size:10pt;text-align:center;">~</span> </td> 
       <td width="186"> <span class="xforms_input" style="width:186px;font-size:10pt;">2025-12-31</span> </td> 
      </tr> 
      <tr> 
       <td width="202"> <span style="width:202px;font-size:10pt;">전기실적</span> </td> 
       <td width="184"> <span class="xforms_input" style="width:184px;font-size:10pt;">2024-01-01</span> </td> 
       <td width="27"> <span style="width:27px;font-size:10pt;text-align:center;">~</span> </td> 
       <td width="186"> <span class="xforms_input" style="width:186px;font-size:10pt;">2024-12-31</span> </td> 
      </tr> 
      <tr> 
       <td width="202"> <span style="width:202px;font-size:10pt;">전년동기실적</span> </td> 
       <td width="184"> <span class="xforms_input" style="width:184px;font-size:10pt;">2024-01-01</span> </td> 
       <td width="27"> <span style="width:27px;font-size:10pt;text-align:center;">~</span> </td> 
       <td width="186"> <span class="xforms_input" style="width:186px;font-size:10pt;">2024-12-31</span> </td> 
      </tr> 
      <tr> 
       <td width="202"> <span style="width:202px;font-size:10pt;">당기누계실적</span> </td> 
       <td width="184"> <span class="xforms_input" style="width:184px;font-size:10pt;">2025-01-01</span> </td> 
       <td width="27"> <span style="width:27px;font-size:10pt;text-align:center;">~</span> </td> 
       <td width="186"> <span class="xforms_input" style="width:186px;font-size:10pt;">2025-12-31</span> </td> 
      </tr> 
      <tr> 
       <td width="202"> <span style="width:202px;font-size:10pt;">전년동기누적실적</span> </td> 
       <td width="184"> <span class="xforms_input" style="width:184px;font-size:10pt;">2024-01-01</span> </td> 
       <td width="27"> <span style="width:27px;font-size:10pt;text-align:center;">~</span> </td> 
       <td width="186"> <span class="xforms_input" style="width:186px;font-size:10pt;">2024-12-31</span> </td> 
      </tr> 
     </tbody> 
    </table> 
    <table border="1" bordercolordark="white" bordercolorlight="#666666" cellpadding="1" cellspacing="0" id="XFormD1_Form0_RepeatTable1" style="margin:0px 0px 20px 0px;width:602px;font-size:10pt;border:1px solid #7f7f7f;"> 
     <tbody> 
      <tr> 
       <td colspan="9" width="602"> <span style="width:602px;font-size:10pt;">※ 동 정보는 잠정치로서 향후 확정치와는 다를 수 있음.</span> </td> 
      </tr> 
      <tr> 
       <td colspan="4" width="308"> <span style="width:308px;font-size:10pt;">1. 실적내용</span> </td> 
       <td colspan="5" width="294"> <span class="xforms_input" style="width:294px;font-size:10pt;text-align:right;">단위 : 억원, %</span> </td> 
      </tr> 
      <tr> 
       <td colspan="2" rowspan="2" width="160"> <span style="width:160px;font-size:10pt;text-align:center;">구분</span> </td> 
       <td width="73"> <span style="width:73px;font-size:10pt;text-align:center;">당기실적</span> </td> 
       <td width="75"> <span style="width:75px;font-size:10pt;text-align:center;">전기실적</span> </td> 
       <td colspan="2" width="113"> <span style="width:113px;font-size:10pt;text-align:center;">전기대비</span> </td> 
       <td width="67"> <span style="width:67px;font-size:10pt;text-align:center;">전년동기실적</span> </td> 
       <td colspan="2" width="114"> <span style="width:114px;font-size:10pt;text-align:center;">전년동기대비</span> </td> 
      </tr> 
      <tr> 
       <td width="73"> <span class="xforms_input" style="width:73px;font-size:10pt;text-align:center;">(2025년)</span> </td> 
       <td width="75"> <span class="xforms_input" style="width:75px;font-size:10pt;text-align:center;">(2024년)</span> </td> 
       <td width="51"> <span style="width:51px;font-size:10pt;text-align:center;">증감율(%)</span> </td> 
       <td width="62"> <span style="width:62px;font-size:10pt;text-align:center;">흑자적자전환여부</span> </td> 
       <td width="67"> <span class="xforms_input" style="width:67px;font-size:10pt;text-align:center;">-</span> </td> 
       <td width="52"> <span style="width:52px;font-size:10pt;text-align:center;">증감율(%)</span> </td> 
       <td width="62"> <span style="width:62px;font-size:10pt;text-align:center;">흑자적자전환여부</span> </td> 
      </tr> 
      <tr> 
       <td rowspan="2" width="76"> <span style="width:76px;font-size:10pt;text-align:center;">매출액</span> </td> 
       <td width="84"> <span style="width:84px;font-size:10pt;text-align:center;">당해실적</span> </td> 
       <td width="73"> <span class="xforms_input" style="width:73px;font-size:10pt;text-align:right;">-</span> </td> 
       <td width="75"> <span class="xforms_input" style="width:75px;font-size:10pt;text-align:right;">-</span> </td> 
       <td width="51"> <span class="xforms_input" style="width:51px;font-size:10pt;text-align:right;">-</span> </td> 
       <td width="62"> <span class="xforms_input" style="width:62px;font-size:10pt;">-</span> </td> 
       <td width="67"> <span class="xforms_input" style="width:67px;font-size:10pt;text-align:right;">-</span> </td> 
       <td width="52"> <span class="xforms_input" style="width:52px;font-size:10pt;text-align:right;">-</span> </td> 
       <td width="62"> <span class="xforms_input" style="width:62px;font-size:10pt;">-</span> </td> 
      </tr> 
      <tr> 
       <td width="84"> <span style="width:84px;font-size:10pt;text-align:center;">누계실적</span> </td> 
       <td width="73"> <span class="xforms_input" style="width:73px;font-size:10pt;text-align:right;">-</span> </td> 
       <td width="75"> <span style="width:75px;font-size:10pt;text-align:right;">-</span> </td> 
       <td width="51"> <span style="width:51px;font-size:10pt;text-align:right;">-</span> </td> 
       <td width="62"> <span style="width:62px;font-size:10pt;">-</span> </td> 
       <td width="67"> <span class="xforms_input" style="width:67px;font-size:10pt;text-align:right;">-</span> </td> 
       <td width="52"> <span class="xforms_input" style="width:52px;font-size:10pt;text-align:right;">-</span> </td> 
       <td width="62"> <span class="xforms_input" style="width:62px;font-size:10pt;">-</span> </td> 
      </tr> 
      <tr> 
       <td rowspan="2" width="76"> <span style="width:76px;font-size:10pt;text-align:center;">영업이익</span> </td> 
       <td width="84"> <span style="width:84px;font-size:10pt;text-align:center;">당해실적</span> </td> 
       <td width="73"> <span class="xforms_input" style="width:73px;font-size:10pt;text-align:right;">-</span> </td> 
       <td width="75"> <span class="xforms_input" style="width:75px;font-size:10pt;text-align:right;">-</span> </td> 
       <td width="51"> <span class="xforms_input" style="width:51px;font-size:10pt;text-align:right;">-</span> </td> 
       <td width="62"> <span class="xforms_input" style="width:62px;font-size:10pt;">-</span> </td> 
       <td width="67"> <span class="xforms_input" style="width:67px;font-size:10pt;text-align:right;">-</span> </td> 
       <td width="52"> <span class="xforms_input" style="width:52px;font-size:10pt;text-align:right;">-</span> </td> 
       <td width="62"> <span class="xforms_input" style="width:62px;font-size:10pt;">-</span> </td> 
      </tr> 
      <tr> 
       <td width="84"> <span style="width:84px;font-size:10pt;text-align:center;">누계실적</span> </td> 
       <td width="73"> <span class="xforms_input" style="width:73px;font-size:10pt;text-align:right;">-</span> </td> 
       <td width="75"> <span style="width:75px;font-size:10pt;text-align:right;">-</span> </td> 
       <td width="51"> <span style="width:51px;font-size:10pt;text-align:right;">-</span> </td> 
       <td width="62"> <span style="width:62px;font-size:10pt;">-</span> </td> 
       <td width="67"> <span class="xforms_input" style="width:67px;font-size:10pt;text-align:right;">-</span> </td> 
       <td width="52"> <span class="xforms_input" style="width:52px;font-size:10pt;text-align:right;">-</span> </td> 
       <td width="62"> <span class="xforms_input" style="width:62px;font-size:10pt;">-</span> </td> 
      </tr> 
      <tr> 
       <td rowspan="2" width="76"> <span style="width:76px;font-size:10pt;text-align:center;">법인세비용차감전계속사업이익</span> </td> 
       <td width="84"> <span style="width:84px;font-size:10pt;text-align:center;">당해실적</span> </td> 
       <td width="73"> <span class="xforms_input" style="width:73px;font-size:10pt;text-align:right;">-</span> </td> 
       <td width="75"> <span class="xforms_input" style="width:75px;font-size:10pt;text-align:right;">-</span> </td> 
       <td width="51"> <span class="xforms_input" style="width:51px;font-size:10pt;text-align:right;">-</span> </td> 
       <td width="62"> <span class="xforms_input" style="width:62px;font-size:10pt;">-</span> </td> 
       <td width="67"> <span class="xforms_input" style="width:67px;font-size:10pt;text-align:right;">-</span> </td> 
       <td width="52"> <span class="xforms_input" style="width:52px;font-size:10pt;text-align:right;">-</span> </td> 
       <td width="62"> <span class="xforms_input" style="width:62px;font-size:10pt;">-</span> </td> 
      </tr> 
      <tr> 
       <td width="84"> <span style="width:84px;font-size:10pt;text-align:center;">누계실적</span> </td> 
       <td width="73"> <span class="xforms_input" style="width:73px;font-size:10pt;text-align:right;">-</span> </td> 
       <td width="75"> <span style="width:75px;font-size:10pt;text-align:right;">-</span> </td> 
       <td width="51"> <span style="width:51px;font-size:10pt;text-align:right;">-</span> </td> 
       <td width="62"> <span style="width:62px;font-size:10pt;">-</span> </td> 
       <td width="67"> <span class="xforms_input" style="width:67px;font-size:10pt;text-align:right;">-</span> </td> 
       <td width="52"> <span class="xforms_input" style="width:52px;font-size:10pt;text-align:right;">-</span> </td> 
       <td width="62"> <span class="xforms_input" style="width:62px;font-size:10pt;">-</span> </td> 
      </tr> 
      <tr> 
       <td rowspan="2" width="76"> <span style="width:76px;font-size:10pt;text-align:center;">당기순이익</span> </td> 
       <td width="84"> <span style="width:84px;font-size:10pt;text-align:center;">당해실적</span> </td> 
       <td width="73"> <span class="xforms_input" style="width:73px;font-size:10pt;text-align:right;">-</span> </td> 
       <td width="75"> <span class="xforms_input" style="width:75px;font-size:10pt;text-align:right;">-</span> </td> 
       <td width="51"> <span class="xforms_input" style="width:51px;font-size:10pt;text-align:right;">-</span> </td> 
       <td width="62"> <span class="xforms_input" style="width:62px;font-size:10pt;">-</span> </td> 
       <td width="67"> <span class="xforms_input" style="width:67px;font-size:10pt;text-align:right;">-</span> </td> 
       <td width="52"> <span class="xforms_input" style="width:52px;font-size:10pt;text-align:right;">-</span> </td> 
       <td width="62"> <span class="xforms_input" style="width:62px;font-size:10pt;">-</span> </td> 
      </tr> 
      <tr> 
       <td width="84"> <span style="width:84px;font-size:10pt;text-align:center;">누계실적</span> </td> 
       <td width="73"> <span class="xforms_input" style="width:73px;font-size:10pt;text-align:right;">-</span> </td> 
       <td width="75"> <span style="width:75px;font-size:10pt;text-align:right;">-</span> </td> 
       <td width="51"> <span style="width:51px;font-size:10pt;text-align:right;">-</span> </td> 
       <td width="62"> <span style="width:62px;font-size:10pt;">-</span> </td> 
       <td width="67"> <span class="xforms_input" style="width:67px;font-size:10pt;text-align:right;">-</span> </td> 
       <td width="52"> <span class="xforms_input" style="width:52px;font-size:10pt;text-align:right;">-</span> </td> 
       <td width="62"> <span class="xforms_input" style="width:62px;font-size:10pt;">-</span> </td> 
      </tr> 
      <tr> 
       <td colspan="2" width="160"> <span class="xforms_input" style="width:160px;font-size:10pt;">수주(백만불, 누계기준)</span> </td> 
       <td width="73"> <span class="xforms_input" style="width:73px;font-size:10pt;text-align:right;">861</span> </td> 
       <td width="75"> <span class="xforms_input" style="width:75px;font-size:10pt;text-align:right;">851</span> </td> 
       <td width="51"> <span class="xforms_input" style="width:51px;font-size:10pt;text-align:right;">1.18</span> </td> 
       <td width="62"> <span class="xforms_input" style="width:62px;font-size:10pt;">-</span> </td> 
       <td width="67"> <span class="xforms_input" style="width:67px;font-size:10pt;text-align:right;">-</span> </td> 
       <td width="52"> <span class="xforms_input" style="width:52px;font-size:10pt;text-align:right;">-</span> </td> 
       <td width="62"> <span class="xforms_input" style="width:62px;font-size:10pt;">-</span> </td> 
      </tr> 
      <tr> 
       <td colspan="2" rowspan="5" width="160"> <span style="width:160px;font-size:10pt;">2. 정보제공내역</span> </td> 
       <td colspan="2" width="148"> <span style="width:148px;font-size:10pt;">정보제공자</span> </td> 
       <td colspan="5" width="294"> <span class="xforms_input" style="width:294px;font-size:10pt;">IR팀</span> </td> 
      </tr> 
      <tr> 
       <td colspan="2" width="148"> <span style="width:148px;font-size:10pt;">정보제공대상자</span> </td> 
       <td colspan="5" width="294"> <span class="xforms_input" style="width:294px;font-size:10pt;">기관투자자 및 애널리스트</span> </td> 
      </tr> 
      <tr> 
       <td colspan="2" width="148"> <span style="width:148px;font-size:10pt;">정보제공(예정)일자</span> </td> 
       <td colspan="5" width="294"> <span class="xforms_input" style="width:294px;font-size:10pt;">2026년 1월 5일</span> </td> 
      </tr> 
      <tr> 
       <td colspan="2" width="148"> <span style="width:148px;font-size:10pt;">정보제공(예정)시간</span> </td> 
       <td colspan="5" width="294"> <span class="xforms_input" style="width:294px;font-size:10pt;">공정공시 후 수시제공</span> </td> 
      </tr> 
      <tr> 
       <td colspan="2" width="148"> <span style="width:148px;font-size:10pt;">행사명(장소)</span> </td> 
       <td colspan="5" width="294"> <span class="xforms_input" style="width:294px;font-size:10pt;">-</span> </td> 
      </tr> 
      <tr> 
       <td colspan="2" rowspan="2" width="160"> <span style="width:160px;font-size:10pt;">3. 연락처</span> </td> 
       <td colspan="2" width="148"> <span style="width:148px;font-size:10pt;">관련부서</span> </td> 
       <td colspan="5" width="294"> <span class="xforms_input" style="width:294px;font-size:10pt;">IR팀</span> </td> 
      </tr> 
      <tr> 
       <td colspan="2" width="148"> <span style="width:148px;font-size:10pt;">전화번호</span> </td> 
       <td colspan="5" width="294"> <span class="xforms_input" style="width:294px;font-size:10pt;">02-746-4603</span> </td> 
      </tr> 
      <tr> 
       <td colspan="9" width="602"> <span style="width:602px;font-size:10pt;">4. 기타 투자판단과 관련한 중요사항</span> </td> 
      </tr> 
      <tr> 
       <td colspan="9" width="602"> <span class="xforms_input" style="width:602px;font-size:10pt;">- 2025년 수주 실적은 별도기준 잠정 집계치로서 실제 실적과 차이가 발생할 수 있음.</span> </td> 
      </tr> 
      <tr> 
       <td colspan="2" width="160"> <span style="width:160px;font-size:10pt;">※ 관련공시</span> </td> 
       <td colspan="7" width="442"> <span class="xforms_input" style="width:442px;font-size:10pt;">-</span> </td> 
      </tr> 
     </tbody> 
    </table> 
   </div> 
  </div>  
 </body>
</html>