<?xml version="1.0" encoding="utf-8"?>


<DOCUMENT xmlns:xsi="http://www.w3.org/2001/XMLSchema-instance" xsi:noNamespaceSchemaLocation="dart4.xsd">

<DOCUMENT-NAME ACODE="10800">증권발행실적보고서</DOCUMENT-NAME>
<FORMULA-VERSION SUBVER="1" ADATE="20230828">6.0</FORMULA-VERSION>
<COMPANY-NAME AREGCIK="00148610">한화투자증권</COMPANY-NAME>


<BODY ATOCID="10">

<COVER>
<COVER-TITLE ATOC="Y" AASSOCNOTE="COVER" ATOCID="1" ENG="Post-Issuance Report">증권발행실적보고서</COVER-TITLE>

<TABLE ACLASS="NORMAL" AFIXTABLE="N" WIDTH="600" BORDER="0">

<COLGROUP WIDTH="600">
<COL WIDTH="161"></COL>
<COL WIDTH="439"></COL>
</COLGROUP>

<TBODY>

<TR ACOPY="Y" ADELETE="Y" HEIGHT="53">
<TD CLASS="NORMAL" COLSPAN="2" WIDTH="591" HEIGHT="46"></TD>
</TR>

<TR ACOPY="Y" ADELETE="Y" HEIGHT="30">
<TD CLASS="NORMAL" WIDTH="152" HEIGHT="23">금융감독원장 귀하</TD>
<TD CLASS="NORMAL" ALIGN="RIGHT" WIDTH="430" HEIGHT="23">2026년 01월 05일</TD>
</TR>

<TR ACOPY="Y" ADELETE="Y" HEIGHT="53">
<TD CLASS="NORMAL" WIDTH="152" HEIGHT="46"></TD>
<TD CLASS="NORMAL" WIDTH="430" HEIGHT="46"></TD>
</TR>

<TR ACOPY="Y" ADELETE="Y" HEIGHT="53">
<TD CLASS="NORMAL" WIDTH="152" HEIGHT="46">회       사       명 :</TD>
<TD CLASS="NORMAL" WIDTH="430" HEIGHT="46">한화투자증권 주식회사</TD>
</TR>

<TR ACOPY="Y" ADELETE="Y" HEIGHT="53">
<TD CLASS="NORMAL" WIDTH="152" HEIGHT="46">대   표     이   사 :</TD>
<TD CLASS="NORMAL" WIDTH="430" HEIGHT="46">장병호 (인)</TD>
</TR>

<TR ACOPY="Y" ADELETE="Y" HEIGHT="30">
<TD CLASS="NORMAL" WIDTH="152" HEIGHT="23">본  점  소  재  지 :</TD>
<TD CLASS="NORMAL" WIDTH="430" HEIGHT="23">서울특별시 영등포구 여의대로 56</TD>
</TR>

<TR ACOPY="Y" ADELETE="Y" HEIGHT="30">
<TD CLASS="NORMAL" WIDTH="152" HEIGHT="23"></TD>
<TD CLASS="NORMAL" WIDTH="430" HEIGHT="23">(전  화) 02-3772-7000</TD>
</TR>

<TR ACOPY="Y" ADELETE="Y" HEIGHT="30">
<TD CLASS="NORMAL" WIDTH="152" HEIGHT="23"></TD>
<TD CLASS="NORMAL" WIDTH="430" HEIGHT="23">(홈페이지)http://www.hanwhawm.com</TD>
</TR>

<TR ACOPY="Y" ADELETE="Y" HEIGHT="30">
<TD CLASS="NORMAL" WIDTH="152" HEIGHT="23"></TD>
<TD CLASS="NORMAL" WIDTH="430" HEIGHT="23"></TD>
</TR>

<TR ACOPY="Y" ADELETE="Y" HEIGHT="30">
<TD CLASS="NORMAL" WIDTH="152" HEIGHT="23">작  성  책  임  자 :</TD>
<TD CLASS="NORMAL" WIDTH="430" HEIGHT="23">(직  책)파생솔루션팀장     (성  명)정영협</TD>
</TR>

<TR ACOPY="Y" ADELETE="Y" HEIGHT="30">
<TD CLASS="NORMAL" WIDTH="152" HEIGHT="23"></TD>
<TD CLASS="NORMAL" WIDTH="430" HEIGHT="23">(전  화)02-3772-7048</TD>
</TR>

<TR ACOPY="Y" ADELETE="Y" HEIGHT="53">
<TD CLASS="NORMAL" WIDTH="152" HEIGHT="46"></TD>
<TD CLASS="NORMAL" WIDTH="430" HEIGHT="46"></TD>
</TR>
</TBODY>
</TABLE>
</COVER>

<SECTION-1 ACLASS="MANDATORY" APARTSOURCE="SOURCE">

<LIBRARY>
<SECTION-2 ACLASS="MANDATORY">
<TITLE ATOC="Y" AASSOCNOTE="L-0-0-1-0" ATOCID="2" ENG="Ⅰ. Subscription and Allotment">Ⅰ. 청약 및 배정에 관한 사항</TITLE>

<SECTION-3 ACLASS="MANDATORY">
<TITLE ATOC="Y" ATOCID="3" ENG="1. Subscription and payment schedule">1. 청약 및 납입일정</TITLE>

<TABLE-GROUP ACLASS="SB_DT_DV" ADELETETABLE="N">

<TABLE ACLASS="EXTRACTION" AFIXTABLE="N" WIDTH="600" BORDER="1">

<COLGROUP WIDTH="600">
<COL WIDTH="150"></COL>
<COL WIDTH="150"></COL>
<COL WIDTH="150"></COL>
<COL WIDTH="150"></COL>
</COLGROUP>

<THEAD>

<TR ACOPY="N" ADELETE="N" HEIGHT="30">
<TH VALIGN="MIDDLE" WIDTH="141" HEIGHT="23" ACOPYCOL="N" ADELETECOL="N" AMOVECOL="N" AUPDATECONT="N" ENG="Type of securities">증권의 종류</TH>
<TH VALIGN="MIDDLE" WIDTH="141" HEIGHT="23" ACOPYCOL="N" ADELETECOL="N" AMOVECOL="N" AUPDATECONT="N" ENG="Subscription start date">청약 개시일</TH>
<TH VALIGN="MIDDLE" WIDTH="141" HEIGHT="23" ACOPYCOL="N" ADELETECOL="N" AMOVECOL="N" AUPDATECONT="N" ENG="Subscription closing date">청약 종료일</TH>
<TH VALIGN="MIDDLE" WIDTH="141" HEIGHT="23" ACOPYCOL="N" ADELETECOL="N" AMOVECOL="N" AUPDATECONT="N" ENG="Payment date">납입일</TH>
</TR>
</THEAD>

<TBODY>

<TR ACOPY="Y" ADELETE="N" HEIGHT="30">
<TU ALIGN="CENTER" VALIGN="MIDDLE" WIDTH="141" HEIGHT="23" AUNIT="STK_KND" AUNITVALUE="1" ENG="Equity-linked securities">주가연계증권</TU>
<TU ALIGN="CENTER" VALIGN="MIDDLE" WIDTH="141" HEIGHT="23" AUNIT="SB_STR_DT" AUNITVALUE="20251223">2025.12.23</TU>
<TU ALIGN="CENTER" VALIGN="MIDDLE" WIDTH="141" HEIGHT="23" AUNIT="SB_END_DT" AUNITVALUE="20260102">2026.01.02</TU>
<TU ALIGN="CENTER" VALIGN="MIDDLE" WIDTH="141" HEIGHT="23" AUNIT="PYM_DT" AUNITVALUE="20260105">2026.01.05</TU>
</TR>
</TBODY>
</TABLE>
</TABLE-GROUP>
<P></P>
<P></P>
</SECTION-3>

<SECTION-3 ACLASS="MANDATORY">
<TITLE ATOC="Y" ATOCID="4" ENG="2. Underwriting amount by underwriting institution">2. 인수기관별 인수금액</TITLE>

<TABLE-GROUP ACLASS="ACC_AMT_DV" ADELETETABLE="N">

<TABLE ACLASS="EXTRACTION" AFIXTABLE="Y" WIDTH="600" BORDER="0">

<COLGROUP WIDTH="600">
<COL WIDTH="300"></COL>
<COL WIDTH="300"></COL>
</COLGROUP>

<TBODY>

<TR ACOPY="N" ADELETE="N" HEIGHT="30">
<TD VALIGN="BOTTOM" WIDTH="291" HEIGHT="23"></TD>
<TU ALIGN="RIGHT" VALIGN="BOTTOM" WIDTH="291" HEIGHT="23" AUNIT="WON" AUNITVALUE="1" ENG="(Unit: KRW)">(단위 : 원)</TU>
</TR>
</TBODY>
</TABLE>

<TABLE ACLASS="EXTRACTION" AFIXTABLE="N" WIDTH="600" BORDER="1">

<COLGROUP WIDTH="600">
<COL WIDTH="148"></COL>
<COL WIDTH="147"></COL>
<COL WIDTH="191"></COL>
<COL WIDTH="114"></COL>
</COLGROUP>

<THEAD>

<TR ACOPY="N" ADELETE="N" HEIGHT="30">
<TH VALIGN="MIDDLE" WIDTH="139" HEIGHT="23" ACOPYCOL="N" ADELETECOL="N" AMOVECOL="N" AUPDATECONT="N" ENG="Underwriting institution">인수기관</TH>
<TH VALIGN="MIDDLE" WIDTH="138" HEIGHT="23" ACOPYCOL="N" ADELETECOL="N" AMOVECOL="N" AUPDATECONT="N" ENG="Ordinal">회 차</TH>
<TH VALIGN="MIDDLE" WIDTH="182" HEIGHT="23" ACOPYCOL="N" ADELETECOL="N" AMOVECOL="N" AUPDATECONT="N" ENG="Underwriting amount">인수금액</TH>
<TH VALIGN="MIDDLE" WIDTH="105" HEIGHT="23" ACOPYCOL="N" ADELETECOL="N" AMOVECOL="N" AUPDATECONT="N" ENG="Ratio">비 율</TH>
</TR>
</THEAD>

<TBODY>

<TR ACOPY="Y" ADELETE="N" HEIGHT="30">
<TE ALIGN="CENTER" VALIGN="MIDDLE" WIDTH="139" HEIGHT="23" ACODE="ACC_ORG">-</TE>
<TE ALIGN="CENTER" VALIGN="MIDDLE" WIDTH="138" HEIGHT="23" ACODE="SEQ_NO2">-</TE>
<TE ALIGN="CENTER" VALIGN="MIDDLE" WIDTH="182" HEIGHT="23" ACODE="ACC_AMT">-</TE>
<TE ALIGN="CENTER" VALIGN="MIDDLE" WIDTH="105" HEIGHT="23" ACODE="ACC_RT">-</TE>
</TR>
</TBODY>
</TABLE>
</TABLE-GROUP>
<P>발행사인 한화투자증권 주식회사가 직접 모집하였으므로 별도의 인수기관이 없습니다.</P>
</SECTION-3>

<SECTION-3 ACLASS="MANDATORY">
<TITLE ATOC="Y" ATOCID="5" ENG="3. Subscription and allotment status">3. 청약 및 배정현황</TITLE>

<TABLE-GROUP ACLASS="DST_CD_DV" ADELETETABLE="N">

<TABLE ACLASS="EXTRACTION" AFIXTABLE="Y" WIDTH="561" BORDER="0">

<COLGROUP WIDTH="561">
<COL WIDTH="21"></COL>
<COL WIDTH="540"></COL>
</COLGROUP>

<TBODY>

<TR ACOPY="Y" ADELETE="Y" HEIGHT="30">
<TD WIDTH="12" HEIGHT="23"></TD>
<TU ALIGN="RIGHT" WIDTH="531" HEIGHT="23" AUNIT="WONSTOCKPERCENT" AUNITVALUE="1" ENG="(Unit: KRW, shares, %)">(단위 : 원, 주, %)</TU>
</TR>
</TBODY>
</TABLE>

<TABLE ACLASS="EXTRACTION" AFIXTABLE="N" WIDTH="563" BORDER="1">

<COLGROUP WIDTH="563">
<COL WIDTH="58"></COL>
<COL WIDTH="113"></COL>
<COL WIDTH="48"></COL>
<COL WIDTH="100"></COL>
<COL WIDTH="48"></COL>
<COL WIDTH="48"></COL>
<COL WIDTH="100"></COL>
<COL WIDTH="48"></COL>
</COLGROUP>

<THEAD>

<TR ACOPY="N" ADELETE="N" HEIGHT="30">
<TH ROWSPAN="2" VALIGN="MIDDLE" WIDTH="49" HEIGHT="53" ACOPYCOL="N" ADELETECOL="N" AMOVECOL="N" AUPDATECONT="N" ENG="Ordinal">회 차</TH>
<TH VALIGN="MIDDLE" WIDTH="104" HEIGHT="53" ACOPYCOL="N" ADELETECOL="N" AMOVECOL="N" AUPDATECONT="N" ROWSPAN="2" ENG="Total amount of offering">모집 총액</TH>
<TH COLSPAN="3" VALIGN="MIDDLE" WIDTH="187" HEIGHT="23" ACOPYCOL="N" ADELETECOL="N" AMOVECOL="N" AUPDATECONT="N" ENG="Subscription status">청약현황</TH>
<TH COLSPAN="3" VALIGN="MIDDLE" WIDTH="187" HEIGHT="23" ACOPYCOL="N" ADELETECOL="N" AMOVECOL="N" AUPDATECONT="N" ENG="Final allotment status">최종배정현황</TH>
</TR>

<TR ACOPY="N" ADELETE="N" HEIGHT="30">
<TH VALIGN="MIDDLE" WIDTH="39" HEIGHT="23" ACOPYCOL="N" ADELETECOL="N" AMOVECOL="N" AUPDATECONT="N" ENG="Number of cases">건수</TH>
<TH VALIGN="MIDDLE" WIDTH="91" HEIGHT="23" ACOPYCOL="N" ADELETECOL="N" AMOVECOL="N" AUPDATECONT="N" ENG="Amount">금액</TH>
<TH VALIGN="MIDDLE" WIDTH="39" HEIGHT="23" ACOPYCOL="N" ADELETECOL="N" AMOVECOL="N" AUPDATECONT="N" ENG="Ratio">비율</TH>
<TH VALIGN="MIDDLE" WIDTH="39" HEIGHT="23" ACOPYCOL="N" ADELETECOL="N" AMOVECOL="N" AUPDATECONT="N" ENG="Number of cases">건수</TH>
<TH VALIGN="MIDDLE" WIDTH="91" HEIGHT="23" ACOPYCOL="N" ADELETECOL="N" AMOVECOL="N" AUPDATECONT="N" ENG="Amount">금액</TH>
<TH VALIGN="MIDDLE" WIDTH="39" HEIGHT="23" ACOPYCOL="N" ADELETECOL="N" AMOVECOL="N" AUPDATECONT="N" ENG="Ratio">비율</TH>
</TR>
</THEAD>

<TBODY>

<TR ACOPY="Y" ADELETE="N" HEIGHT="30">
<TE ALIGN="CENTER" WIDTH="49" HEIGHT="23" ACODE="SEQ_NO2">10746</TE>
<TE ALIGN="RIGHT" WIDTH="104" HEIGHT="23" ACODE="TOT_RET_AMT" VALIGN="MIDDLE">5,000,000,000</TE>
<TE ALIGN="RIGHT" WIDTH="39" HEIGHT="23" ACODE="SB_CNT" VALIGN="MIDDLE">8</TE>
<TE ALIGN="RIGHT" WIDTH="91" HEIGHT="23" ACODE="SB_AMT" VALIGN="MIDDLE">315,500,000</TE>
<TE ALIGN="RIGHT" WIDTH="39" HEIGHT="23" ACODE="SB_RT" VALIGN="MIDDLE">6.31</TE>
<TE ALIGN="RIGHT" WIDTH="39" HEIGHT="23" ACODE="DV_CNT" VALIGN="MIDDLE">8</TE>
<TE ALIGN="RIGHT" WIDTH="91" HEIGHT="23" ACODE="DV_AMT" VALIGN="MIDDLE">315,500,000</TE>
<TE ALIGN="RIGHT" WIDTH="39" HEIGHT="23" ACODE="DV_RT" VALIGN="MIDDLE">6.31</TE>
</TR>
</TBODY>
</TABLE>
</TABLE-GROUP>
<P></P>
</SECTION-3>

<SECTION-3 ACLASS="MANDATORY">
<TITLE ATOC="Y" ATOCID="6" ENG="4. Allotment method">4. 배정방법</TITLE>
<P>한화디럭스ELS 제10746호 파생결합증권은 공모결과 총 청약금액이 모집금액을 초과하지 아니하여 전액 배정되었습니다.</P>
</SECTION-3>
</SECTION-2>

<SECTION-2 ACLASS="MANDATORY">
<TITLE ATOC="Y" AASSOCNOTE="L-0-0-3-0" ATOCID="7" ENG="Ⅱ. Date of Securities Delivery, etc.">Ⅱ. 증권교부일 등</TITLE>
<P>2026년 01월 05일</P>
</SECTION-2>

<SECTION-2 ACLASS="MANDATORY">
<TITLE ATOC="Y" AASSOCNOTE="L-0-0-4-0" ATOCID="8" ENG="Ⅲ. Disclosure Implementation Status">Ⅲ. 공시 이행상황</TITLE>
<P></P>
<P>가. 청약공고</P>

<TABLE ACLASS="NORMAL" AFIXTABLE="N" WIDTH="626" BORDER="1">

<COLGROUP WIDTH="626">
<COL WIDTH="114"></COL>
<COL WIDTH="368"></COL>
<COL WIDTH="144"></COL>
</COLGROUP>

<THEAD>

<TR ACOPY="Y" ADELETE="Y" HEIGHT="30">
<TH VALIGN="MIDDLE" WIDTH="105" HEIGHT="23" ACOPYCOL="Y" ADELETECOL="Y" AMOVECOL="N">구     분</TH>
<TH VALIGN="MIDDLE" WIDTH="359" HEIGHT="23" ACOPYCOL="Y" ADELETECOL="Y" AMOVECOL="N">신     문</TH>
<TH VALIGN="MIDDLE" WIDTH="135" HEIGHT="23" ACOPYCOL="Y" ADELETECOL="Y" AMOVECOL="N">일     자</TH>
</TR>
</THEAD>

<TBODY>

<TR ACOPY="Y" ADELETE="Y" HEIGHT="30">
<TD ALIGN="CENTER" VALIGN="MIDDLE" WIDTH="105" HEIGHT="23">청 약 공 고</TD>
<TD ALIGN="CENTER" VALIGN="MIDDLE" WIDTH="359" HEIGHT="23" USERMARK="F-DU ">한화투자증권 홈페이지(http://www.hanwhawm.com)</TD>
<TD ALIGN="CENTER" VALIGN="MIDDLE" WIDTH="135" HEIGHT="23">2025년 12월 22일</TD>
</TR>
</TBODY>
</TABLE>
<P></P>
<P>나. 배정공고</P>

<TABLE ACLASS="NORMAL" AFIXTABLE="N" WIDTH="626" BORDER="1">

<COLGROUP WIDTH="626">
<COL WIDTH="115"></COL>
<COL WIDTH="365"></COL>
<COL WIDTH="146"></COL>
</COLGROUP>

<THEAD>

<TR ACOPY="Y" ADELETE="Y" HEIGHT="30">
<TH VALIGN="MIDDLE" WIDTH="106" HEIGHT="23" ACOPYCOL="Y" ADELETECOL="Y" AMOVECOL="N">구     분</TH>
<TH VALIGN="MIDDLE" WIDTH="356" HEIGHT="23" ACOPYCOL="Y" ADELETECOL="Y" AMOVECOL="N">신     문</TH>
<TH VALIGN="MIDDLE" WIDTH="137" HEIGHT="23" ACOPYCOL="Y" ADELETECOL="Y" AMOVECOL="N">일     자</TH>
</TR>
</THEAD>

<TBODY>

<TR ACOPY="Y" ADELETE="Y" HEIGHT="30">
<TD ALIGN="CENTER" VALIGN="MIDDLE" WIDTH="106" HEIGHT="23">배 정 공 고</TD>
<TD ALIGN="CENTER" VALIGN="MIDDLE" WIDTH="356" HEIGHT="23">한화투자증권 홈페이지(http://www.hanwhawm.com)</TD>
<TD ALIGN="CENTER" VALIGN="MIDDLE" WIDTH="137" HEIGHT="23">2026년 01월 05일</TD>
</TR>
</TBODY>
</TABLE>
<P></P>
<P>다. 증권신고서(일괄신고 추가서류 포함) 공시전자문서 : 금융위(금감원) 전자공시시스템 → http://dart.fss.or.kr</P>
<P>라. 투자설명서 공시전자문서 : 금융위(금감원) 전자공시시스템() → http://dart.fss.or.kr서면문서 : 한화투자증권 본점, 지점</P>
</SECTION-2>

<SECTION-2 ACLASS="MANDATORY">
<TITLE ATOC="Y" AASSOCNOTE="L-0-0-5-0" ATOCID="9" ENG="Ⅳ. Details of Use of Procured Funds">Ⅳ. 조달된 자금의 사용내역</TITLE>
<P></P>
<P>가. 자금조달내역</P>

<TABLE ACLASS="NORMAL" AFIXTABLE="N" WIDTH="587" BORDER="0">

<COLGROUP WIDTH="587">
<COL WIDTH="80"></COL>
<COL WIDTH="392"></COL>
<COL WIDTH="25"></COL>
<COL WIDTH="90"></COL>
</COLGROUP>

<TBODY>

<TR ACOPY="Y" ADELETE="Y" HEIGHT="30">
<TD WIDTH="71" HEIGHT="23">[종목명 :</TD>
<TD WIDTH="383" HEIGHT="23">한화디럭스ELS 제10746호 파생결합증권(주가연계증권)</TD>
<TD WIDTH="16" HEIGHT="23">]</TD>
<TD ALIGN="RIGHT" VALIGN="BOTTOM" WIDTH="81" HEIGHT="23">(단위 : 원)</TD>
</TR>
</TBODY>
</TABLE>

<TABLE ACLASS="NORMAL" AFIXTABLE="N" WIDTH="616" BORDER="1">

<COLGROUP WIDTH="616">
<COL WIDTH="94"></COL>
<COL WIDTH="113"></COL>
<COL WIDTH="78"></COL>
<COL WIDTH="63"></COL>
<COL WIDTH="100"></COL>
<COL WIDTH="100"></COL>
<COL WIDTH="68"></COL>
</COLGROUP>

<THEAD>

<TR ACOPY="Y" ADELETE="Y" HEIGHT="30">
<TH ROWSPAN="2" VALIGN="MIDDLE" WIDTH="85" HEIGHT="76" ACOPYCOL="Y" ADELETECOL="Y" AMOVECOL="N">구    분</TH>
<TH ROWSPAN="2" VALIGN="MIDDLE" WIDTH="104" HEIGHT="76" ACOPYCOL="Y" ADELETECOL="Y" AMOVECOL="N">신고서상발행예정총액</TH>
<TH COLSPAN="3" VALIGN="MIDDLE" WIDTH="232" HEIGHT="23" ACOPYCOL="Y" ADELETECOL="Y" AMOVECOL="N">실제 자금조달총액</TH>
<TH ROWSPAN="2" VALIGN="MIDDLE" WIDTH="91" HEIGHT="76" ACOPYCOL="Y" ADELETECOL="Y" AMOVECOL="N">확정권면총액</TH>
<TH ROWSPAN="2" VALIGN="MIDDLE" WIDTH="59" HEIGHT="76" ACOPYCOL="Y" ADELETECOL="Y" AMOVECOL="N">비    고</TH>
</TR>

<TR ACOPY="Y" ADELETE="Y" HEIGHT="53">
<TH VALIGN="MIDDLE" WIDTH="69" HEIGHT="46" ACOPYCOL="Y" ADELETECOL="Y" AMOVECOL="N">발행가액(A)</TH>
<TH VALIGN="MIDDLE" WIDTH="54" HEIGHT="46" ACOPYCOL="Y" ADELETECOL="Y" AMOVECOL="N">수량(B)</TH>
<TH VALIGN="MIDDLE" WIDTH="91" HEIGHT="46" ACOPYCOL="Y" ADELETECOL="Y" AMOVECOL="N">발행총액(A×B)</TH>
</TR>
</THEAD>

<TBODY>

<TR ACOPY="Y" ADELETE="Y" HEIGHT="30">
<TD ALIGN="CENTER" VALIGN="MIDDLE" WIDTH="85" HEIGHT="23">모    집(a)</TD>
<TD ALIGN="RIGHT" WIDTH="104" HEIGHT="23">5,000,000,000</TD>
<TD ALIGN="RIGHT" WIDTH="69" HEIGHT="23">10,000</TD>
<TD ALIGN="RIGHT" WIDTH="54" HEIGHT="23">31,550</TD>
<TD ALIGN="RIGHT" WIDTH="91" HEIGHT="23">315,500,000</TD>
<TD ALIGN="RIGHT" WIDTH="91" HEIGHT="23">315,500,000</TD>
<TD ALIGN="RIGHT" WIDTH="59" HEIGHT="23"></TD>
</TR>

<TR ACOPY="Y" ADELETE="Y" HEIGHT="30">
<TD ALIGN="CENTER" VALIGN="MIDDLE" WIDTH="85" HEIGHT="23">매    출(b)</TD>
<TD ALIGN="RIGHT" WIDTH="104" HEIGHT="23">0</TD>
<TD ALIGN="RIGHT" WIDTH="69" HEIGHT="23">0</TD>
<TD ALIGN="RIGHT" WIDTH="54" HEIGHT="23">0</TD>
<TD ALIGN="RIGHT" WIDTH="91" HEIGHT="23">0</TD>
<TD ALIGN="RIGHT" WIDTH="91" HEIGHT="23">0</TD>
<TD ALIGN="RIGHT" WIDTH="59" HEIGHT="23"></TD>
</TR>

<TR ACOPY="Y" ADELETE="Y" HEIGHT="30">
<TD ALIGN="CENTER" VALIGN="MIDDLE" WIDTH="85" HEIGHT="23">총계(a + b)</TD>
<TD ALIGN="RIGHT" WIDTH="104" HEIGHT="23">5,000,000,000</TD>
<TD ALIGN="RIGHT" WIDTH="69" HEIGHT="23">10,000</TD>
<TD ALIGN="RIGHT" WIDTH="54" HEIGHT="23">31,550</TD>
<TD ALIGN="RIGHT" WIDTH="91" HEIGHT="23">315,500,000</TD>
<TD ALIGN="RIGHT" WIDTH="91" HEIGHT="23">315,500,000</TD>
<TD ALIGN="RIGHT" WIDTH="59" HEIGHT="23"></TD>
</TR>
</TBODY>
</TABLE>
<P></P>
<P>나. 발행비용</P>

<TABLE ACLASS="NORMAL" AFIXTABLE="N" BORDER="1" WIDTH="504">

<COLGROUP WIDTH="504">
<COL WIDTH="297"></COL>
<COL WIDTH="207"></COL>
</COLGROUP>

<THEAD>

<TR ACOPY="Y" ADELETE="Y" HEIGHT="30">
<TH WIDTH="288" HEIGHT="23" VALIGN="MIDDLE" ACOPYCOL="Y" ADELETECOL="Y" AMOVECOL="N">구  분</TH>
<TH WIDTH="198" HEIGHT="23" VALIGN="MIDDLE" ACOPYCOL="Y" ADELETECOL="Y" AMOVECOL="N">발행분담금</TH>
</TR>
</THEAD>

<TBODY>

<TR ACOPY="Y" ADELETE="Y" HEIGHT="30">
<TD WIDTH="288" HEIGHT="23" ALIGN="CENTER">한화디럭스ELS 제10746호 파생결합증권</TD>
<TD WIDTH="198" HEIGHT="23" ALIGN="RIGHT" VALIGN="MIDDLE">15,770 원</TD>
</TR>

<TR ACOPY="Y" ADELETE="Y" HEIGHT="30">
<TD WIDTH="288" HEIGHT="23" ALIGN="CENTER">합   계</TD>
<TD WIDTH="198" HEIGHT="23" ALIGN="RIGHT" VALIGN="MIDDLE">15,770 원</TD>
</TR>
</TBODY>
</TABLE>
<P>* 발행분담금(원 이하 절사)</P>
<P>다. 자금사용예정내역</P>
<P>중도 및 만기상환금액의 위험회피(Hedge)거래를 위하여 납입된 자금의 일부 또는 전부를 본 유가증권과 유사한 내용의 증권을 매입하거나 기초자산 및 그와 관련된 파생상품 등의 운용에 사용할 계획입니다.</P>
</SECTION-2>

<SECTION-2 ACLASS="MANDATORY">
<TITLE ATOC="Y" AASSOCNOTE="L-0-0-8-0" ATOCID="10" ENG="Ⅴ. Confirmed Details of the Projected Profit and Loss Structure">Ⅴ. 예상손익구조의 확정내용</TITLE>
<P USERMARK="B">[한화디럭스ELS 제10746호 파생결합증권(주가연계증권)]</P>

<P>
<SPAN USERMARK="B">가. 최초기준가격</SPAN>○ 
<SPAN USERMARK="B">최초기준가격 </SPAN> : 최초기준가격평가일 각 기초자산 종가○ 
<SPAN USERMARK="B">최초기준가격평가일</SPAN> : 2026년 01월 05일
</P>

<P>
<SPAN USERMARK="B">나. 자동조기상환</SPAN>
</P>

<P>○ 
<SPAN USERMARK="B">어느 자동조기상환평가일에 자동조기상환 발생조건이 충족</SPAN>되는 경우 발행인은 
<SPAN USERMARK="B">해당 차수의 자동조기상환일에 해당 차수의 상환금액을 지급</SPAN>함으로써 본 증권을 상환
</P>

<P>○ 
<SPAN USERMARK="B">자동조기상환 발생조건</SPAN>
</P>

<TABLE ACLASS="NORMAL" AFIXTABLE="N" BORDER="1" WIDTH="667">

<COLGROUP WIDTH="667">
<COL WIDTH="89"></COL>
<COL WIDTH="578"></COL>
</COLGROUP>

<THEAD>

<TR ACOPY="Y" ADELETE="Y" HEIGHT="30">
<TH USERMARK="F-DU B" WIDTH="80" HEIGHT="23" VALIGN="MIDDLE" ACOPYCOL="Y" ADELETECOL="Y" AMOVECOL="N">차 수</TH>
<TH USERMARK="F-DU B" WIDTH="569" HEIGHT="23" VALIGN="MIDDLE" ACOPYCOL="Y" ADELETECOL="Y" AMOVECOL="N">자동조기상환 발생조건</TH>
</TR>
</THEAD>

<TBODY>

<TR ACOPY="Y" ADELETE="Y" HEIGHT="30">
<TD USERMARK="F-DU " WIDTH="80" HEIGHT="23" ALIGN="CENTER" VALIGN="MIDDLE">1-1차</TD>
<TD USERMARK="F-DU " WIDTH="569" HEIGHT="23">모든 기초자산의 1차 자동조기상환평가가격이 각 최초기준가격의 90% 이상인 경우</TD>
</TR>

<TR ACOPY="Y" ADELETE="Y" HEIGHT="76">
<TD USERMARK="F-DU " WIDTH="80" HEIGHT="69" ALIGN="CENTER" VALIGN="MIDDLE">1-2차</TD>

<TD USERMARK="F-DU " WIDTH="569" HEIGHT="69">(1-1)의 경우가 발생하지 않고, 1차 자동조기상환평가일(포함)까지 모든 기초자산 중 어느 하나라도 각 최초기준가격의 
<SPAN USERMARK="BU">80% 미만</SPAN>으로 하락한 기초자산이 없는 경우(종가 기준)(어느 한 기초자산의 가격만 발표되는 날도 포함)
</TD>
</TR>

<TR ACOPY="Y" ADELETE="Y" HEIGHT="30">
<TD USERMARK="F-DU " WIDTH="80" HEIGHT="23" ALIGN="CENTER" VALIGN="MIDDLE">2-1차</TD>
<TD USERMARK="F-DU " WIDTH="569" HEIGHT="23">모든 기초자산의 2차 자동조기상환평가가격이 각 최초기준가격의 85% 이상인 경우</TD>
</TR>

<TR ACOPY="Y" ADELETE="Y" HEIGHT="76">
<TD USERMARK="F-DU " WIDTH="80" HEIGHT="69" ALIGN="CENTER" VALIGN="MIDDLE">2-2차</TD>

<TD USERMARK="F-DU " WIDTH="569" HEIGHT="69">(2-1)의 경우가 발생하지 않고, 2차 자동조기상환평가일(포함)까지 모든 기초자산 중 어느 하나라도 각 최초기준가격의 
<SPAN USERMARK="BU">75% 미만</SPAN>으로 하락한 기초자산이 없는 경우(종가 기준)(어느 한 기초자산의 가격만 발표되는 날도 포함)
</TD>
</TR>

<TR ACOPY="Y" ADELETE="Y" HEIGHT="30">
<TD USERMARK="F-DU " WIDTH="80" HEIGHT="23" ALIGN="CENTER" VALIGN="MIDDLE">3차</TD>
<TD USERMARK="F-DU " WIDTH="569" HEIGHT="23">모든 기초자산의 3차 자동조기상환평가가격이 각 최초기준가격의 85% 이상인 경우</TD>
</TR>

<TR ACOPY="Y" ADELETE="Y" HEIGHT="30">
<TD USERMARK="F-DU " WIDTH="80" HEIGHT="23" ALIGN="CENTER" VALIGN="MIDDLE">4차</TD>
<TD USERMARK="F-DU " WIDTH="569" HEIGHT="23">모든 기초자산의 4차 자동조기상환평가가격이 각 최초기준가격의 80% 이상인 경우</TD>
</TR>

<TR ACOPY="Y" ADELETE="Y" HEIGHT="30">
<TD USERMARK="F-DU " WIDTH="80" HEIGHT="23" ALIGN="CENTER" VALIGN="MIDDLE">5차</TD>
<TD USERMARK="F-DU " WIDTH="569" HEIGHT="23">모든 기초자산의 5차 자동조기상환평가가격이 각 최초기준가격의 75% 이상인 경우</TD>
</TR>
</TBODY>
</TABLE>

<P>○ 
<SPAN USERMARK="B">자동조기상환평가가격 </SPAN>: 해당 차수 자동조기상환평가일 각 기초자산 종가
</P>

<P>
<SPAN USERMARK="B">○ 자동조기상환평가일 및 상환금액</SPAN>:  
</P>

<TABLE ACLASS="NORMAL" WIDTH="380" BORDER="1" AFIXTABLE="N">

<COLGROUP WIDTH="380">
<COL WIDTH="58"></COL>
<COL WIDTH="163"></COL>
<COL WIDTH="159"></COL>
</COLGROUP>

<THEAD>

<TR ACOPY="Y" ADELETE="Y" HEIGHT="30">
<TH USERMARK="F-DU B" WIDTH="49" HEIGHT="23" VALIGN="MIDDLE" ACOPYCOL="Y" ADELETECOL="Y" AMOVECOL="N">차 수</TH>
<TH USERMARK="F-DU B" WIDTH="154" HEIGHT="23" VALIGN="MIDDLE" ACOPYCOL="Y" ADELETECOL="Y" AMOVECOL="N">자동조기상환평가일</TH>
<TH USERMARK="F-DU B" WIDTH="150" HEIGHT="23" VALIGN="MIDDLE" ACOPYCOL="Y" ADELETECOL="Y" AMOVECOL="N">상환금액</TH>
</TR>
</THEAD>

<TBODY>

<TR ACOPY="Y" ADELETE="Y" HEIGHT="30">
<TD USERMARK="F-DU " WIDTH="49" HEIGHT="23" ALIGN="CENTER" VALIGN="MIDDLE">1-1차</TD>
<TD USERMARK="F-DU " WIDTH="154" HEIGHT="23" ALIGN="CENTER" VALIGN="MIDDLE">2026년 06월 30일</TD>
<TD USERMARK="F-DU " WIDTH="150" HEIGHT="23" ALIGN="CENTER" VALIGN="MIDDLE">액면금액 X 104.25%</TD>
</TR>

<TR ACOPY="Y" ADELETE="Y" HEIGHT="30">
<TD ALIGN="CENTER" VALIGN="MIDDLE" WIDTH="49" HEIGHT="23" USERMARK="F-DU ">1-2차</TD>
<TD USERMARK="F-DU " WIDTH="154" HEIGHT="23" ALIGN="CENTER" VALIGN="MIDDLE">2026년 06월 30일</TD>
<TD USERMARK="F-DU " WIDTH="150" HEIGHT="23" ALIGN="CENTER" VALIGN="MIDDLE">액면금액 × 104.25%</TD>
</TR>

<TR ACOPY="Y" ADELETE="Y" HEIGHT="30">
<TD USERMARK="F-DU " WIDTH="49" HEIGHT="23" ALIGN="CENTER" VALIGN="MIDDLE">2-1차</TD>
<TD USERMARK="F-DU " WIDTH="154" HEIGHT="23" ALIGN="CENTER" VALIGN="MIDDLE">2026년 12월 30일</TD>
<TD USERMARK="F-DU " WIDTH="150" HEIGHT="23" ALIGN="CENTER" VALIGN="MIDDLE">액면금액 X 108.50%</TD>
</TR>

<TR ACOPY="Y" ADELETE="Y" HEIGHT="30">
<TD ALIGN="CENTER" VALIGN="MIDDLE" WIDTH="49" HEIGHT="23" USERMARK="F-DU ">2-2차</TD>
<TD USERMARK="F-DU " WIDTH="154" HEIGHT="23" ALIGN="CENTER" VALIGN="MIDDLE">2026년 12월 30일</TD>
<TD USERMARK="F-DU " WIDTH="150" HEIGHT="23" ALIGN="CENTER" VALIGN="MIDDLE">액면금액 × 108.50%</TD>
</TR>

<TR ACOPY="Y" ADELETE="Y" HEIGHT="30">
<TD USERMARK="F-DU " WIDTH="49" HEIGHT="23" ALIGN="CENTER" VALIGN="MIDDLE">3차</TD>
<TD USERMARK="F-DU " WIDTH="154" HEIGHT="23" ALIGN="CENTER" VALIGN="MIDDLE">2027년 06월 30일</TD>
<TD USERMARK="F-DU " WIDTH="150" HEIGHT="23" ALIGN="CENTER" VALIGN="MIDDLE">액면금액 X 112.75%</TD>
</TR>

<TR ACOPY="Y" ADELETE="Y" HEIGHT="30">
<TD USERMARK="F-DU " WIDTH="49" HEIGHT="23" ALIGN="CENTER" VALIGN="MIDDLE">4차</TD>
<TD USERMARK="F-DU " WIDTH="154" HEIGHT="23" ALIGN="CENTER" VALIGN="MIDDLE">2027년 12월 30일</TD>
<TD USERMARK="F-DU " WIDTH="150" HEIGHT="23" ALIGN="CENTER" VALIGN="MIDDLE">액면금액 X 117.00%</TD>
</TR>

<TR ACOPY="Y" ADELETE="Y" HEIGHT="30">
<TD USERMARK="F-DU " WIDTH="49" HEIGHT="23" ALIGN="CENTER" VALIGN="MIDDLE">5차</TD>
<TD USERMARK="F-DU " WIDTH="154" HEIGHT="23" ALIGN="CENTER" VALIGN="MIDDLE">2028년 06월 30일</TD>
<TD USERMARK="F-DU " WIDTH="150" HEIGHT="23" ALIGN="CENTER" VALIGN="MIDDLE">액면금액 X 121.25%</TD>
</TR>
</TBODY>
</TABLE>
<P>○ 자동조기상환일 : 해당 차수 자동조기상환평가일(불포함) 후 [3]영업일</P>
<P>○ 자동조기상환 발생에 따라 상환이 이루어진 경우 본 증권은 종료되고 발행인은 이후 본 증권에 대하여 여하한 추가적인 의무를 부담하지 않음.</P>

<P>
<SPAN USERMARK="B">다. 만기상환</SPAN>
</P>

<P>
<SPAN USERMARK="B">○ 자동조기상환이 발생하지 않은 경우 발행인은 만기일에 아래 만기상환금액 결정조건에 따라 결정된 상환금액을 지급</SPAN>함으로써 본 증권을 상환함. 단, 만기상환일이 영업일이 아닌 경우 이후 최초로 도래하는 영업일을 지급일로 하며, 이러한 지급연기에 대해서는 추가적으로 이자등 기타지급금을 가산하지 않음.
</P>

<TABLE ACLASS="NORMAL" AFIXTABLE="N" BORDER="1" WIDTH="667">

<COLGROUP WIDTH="667">
<COL WIDTH="449"></COL>
<COL WIDTH="218"></COL>
</COLGROUP>

<THEAD>

<TR ACOPY="Y" ADELETE="Y" HEIGHT="30">
<TH USERMARK="F-DU B" WIDTH="440" HEIGHT="23" VALIGN="MIDDLE" ACOPYCOL="Y" ADELETECOL="Y" AMOVECOL="N">만기상환금액 결정조건</TH>
<TH USERMARK="F-DU B" WIDTH="209" HEIGHT="23" VALIGN="MIDDLE" ACOPYCOL="Y" ADELETECOL="Y" AMOVECOL="N">상환금액</TH>
</TR>
</THEAD>

<TBODY>

<TR ACOPY="Y" ADELETE="Y" HEIGHT="53">

<TD WIDTH="440" HEIGHT="46" USERMARK="F-DU ">
<SPAN USERMARK="B">① 모든 기초자산</SPAN>의 만기평가가격이 
<SPAN USERMARK="BU">각 최초기준가격의 65%이상인 경우</SPAN>
</TD>
<TD WIDTH="209" HEIGHT="46" ALIGN="CENTER" VALIGN="MIDDLE" USERMARK="F-DU ">액면금액×125.50%</TD>
</TR>

<TR ACOPY="Y" ADELETE="Y" HEIGHT="99">

<TD WIDTH="440" HEIGHT="92" USERMARK="F-DU ">
<SPAN USERMARK="BU">② 위 ①을 충족하지 못하고, 만기평가일에 모든 기초자산의 만기평가가격 중 하나라도 최초기준가격의 65% 미만인 경우</SPAN>단, 세전 투자수익률 계산시 만기평가가격의 하락률이 가장 큰 기초자산 기준
</TD>
<TD WIDTH="209" HEIGHT="92" ALIGN="CENTER" VALIGN="MIDDLE" USERMARK="F-DU ">액면금액 ×(만기평가가격/최초기준가격)</TD>
</TR>
</TBODY>
</TABLE>

<P>○ 
<SPAN USERMARK="B">만기평가가격</SPAN> : 만기평가일 각 기초자산 종가○ 
<SPAN USERMARK="B">만기평가일</SPAN> : 2028년 12월 28일○ 
<SPAN USERMARK="B">만기일</SPAN> : 2029년 01월 03일(만기평가일(불포함)후 [3]영업일)
</P>
<P></P>

<TABLE ACLASS="NORMAL" AFIXTABLE="N" BORDER="0" WIDTH="591">

<COLGROUP WIDTH="591">
<COL WIDTH="591"></COL>
</COLGROUP>

<TBODY>

<TR ACOPY="Y" ADELETE="Y" HEIGHT="30">
<TD WIDTH="582" HEIGHT="23" ALIGN="RIGHT">2026년 01월 05일</TD>
</TR>

<TR ACOPY="Y" ADELETE="Y" HEIGHT="30">
<TD WIDTH="582" HEIGHT="23" ALIGN="RIGHT">한화투자증권 주식회사</TD>
</TR>

<TR ACOPY="Y" ADELETE="Y" HEIGHT="30">
<TD WIDTH="582" HEIGHT="23" ALIGN="RIGHT">대표이사    장병호    (인)</TD>
</TR>
</TBODY>
</TABLE>
</SECTION-2>
</LIBRARY>

</SECTION-1>
</BODY>
</DOCUMENT>