<?xml version="1.0" encoding="utf-8"?>


<DOCUMENT xmlns:xsi="http://www.w3.org/2001/XMLSchema-instance" xsi:noNamespaceSchemaLocation="dart4.xsd">

<DOCUMENT-NAME ACODE="11334">주요사항보고서(자기주식취득 신탁계약 체결 결정)</DOCUMENT-NAME>
<FORMULA-VERSION ADATE="20251230">6.1</FORMULA-VERSION>
<COMPANY-NAME AREGCIK="00155373">(주)풍강</COMPANY-NAME>


<BODY ATOCID="3">

<LIBRARY>
<CORRECTION>
<TITLE ATOC="Y" AASSOCNOTE="COR_ACQ_CONTU" ENG="Decision on Entering into Trust Contract for Acquisition of Treasury Stock" ATOCID="2">자기주식취득 신탁계약 연장결정</TITLE>
<P></P>
<P USERMARK="F-14 ">1. 정정대상 신고서의 최초제출일 : 2014년  1월  9일                              (최근제출일 : 2025년  1월  6일)</P>
<P></P>
<P USERMARK="F-14 ">2. 정정사유 : 자기주식취득 신탁계약 기간연장</P>
<P></P>
<P USERMARK="F-14 ">3. 정정사항</P>

<TABLE ACLASS="NORMAL" AFIXTABLE="N" WIDTH="1569" BORDER="1">

<COLGROUP WIDTH="1569">
<COL WIDTH="1569"></COL>
</COLGROUP>

<TBODY>

<TR ACOPY="Y" ADELETE="Y" HEIGHT="1474">

<TD WIDTH="1560" HEIGHT="1467">

<TABLE WIDTH="1560" ACLASS="NORMAL" AFIXTABLE="N" BORDER="1">

<COLGROUP WIDTH="1560">
<COL WIDTH="170"></COL>
<COL WIDTH="699"></COL>
<COL WIDTH="691"></COL>
</COLGROUP>

<THEAD>

<TR ACOPY="Y" ADELETE="Y" HEIGHT="30">
<TH WIDTH="161" ACOPYCOL="Y" ADELETECOL="Y" AMOVECOL="N" HEIGHT="23">항  목</TH>
<TH WIDTH="690" ACOPYCOL="Y" ADELETECOL="Y" AMOVECOL="N" HEIGHT="23">정 정 전</TH>
<TH WIDTH="682" ACOPYCOL="Y" ADELETECOL="Y" AMOVECOL="N" HEIGHT="23">정 정 후</TH>
</TR>
</THEAD>

<TBODY>

<TR ACOPY="Y" ADELETE="Y" HEIGHT="53">
<TD WIDTH="161" HEIGHT="46">2.계약기간</TD>
<TD WIDTH="690" HEIGHT="46">시작일:2025년 01월 06일종료일:2026년 01월 06일</TD>
<TD WIDTH="682" HEIGHT="46">시작일:2026년 01월 06일종료일:2027년 01월 06일</TD>
</TR>

<TR ACOPY="Y" ADELETE="Y" HEIGHT="30">
<TD WIDTH="161" HEIGHT="23">5.계약체결 예정일자</TD>
<TD WIDTH="690" HEIGHT="23">2025년 01월 06일</TD>
<TD WIDTH="682" HEIGHT="23">2026년 01월 06일</TD>
</TR>

<TR ACOPY="Y" ADELETE="Y" HEIGHT="31">
<TD WIDTH="161" HEIGHT="24">7.이사회결의일(결정일)</TD>
<TD WIDTH="690" HEIGHT="24">2025년 01월 06일</TD>
<TD WIDTH="682" HEIGHT="24">2026년 01월 06일</TD>
</TR>

<TR ACOPY="Y" ADELETE="Y" HEIGHT="30">
<TD COLSPAN="2" WIDTH="860" HEIGHT="23">【자기주식 취득금액 한도】</TD>
<TD WIDTH="682" HEIGHT="23"></TD>
</TR>

<TR ACOPY="Y" ADELETE="Y" HEIGHT="523">
<TD WIDTH="161" HEIGHT="516"></TD>

<TD WIDTH="690" HEIGHT="516">
<P></P>

<TABLE ACLASS="NORMAL" AFIXTABLE="N" BORDER="1" WIDTH="609">

<COLGROUP WIDTH="609">
<COL WIDTH="153"></COL>
<COL WIDTH="182"></COL>
<COL WIDTH="274"></COL>
</COLGROUP>

<THEAD>

<TR ACOPY="Y" ADELETE="Y" HEIGHT="28">
<TH USERMARK="F-10 " WIDTH="326" COLSPAN="2" VALIGN="MIDDLE" ACOPYCOL="Y" ADELETECOL="Y" AMOVECOL="N" HEIGHT="21">항  목</TH>
<TH USERMARK="F-10 " WIDTH="265" VALIGN="MIDDLE" ACOPYCOL="Y" ADELETECOL="Y" AMOVECOL="N" HEIGHT="21">금  액</TH>
</TR>
</THEAD>

<TBODY>

<TR ACOPY="Y" ADELETE="Y" HEIGHT="28">
<TD USERMARK="F-10 " ROWSPAN="5" WIDTH="144" HEIGHT="196">1. 직전사업연도 말   현재 상법상   배당가능이익   한도</TD>
<TD USERMARK="F-10 " WIDTH="173" HEIGHT="21">가. 순자산액</TD>
<TD USERMARK="F-10 " ALIGN="RIGHT" WIDTH="265" HEIGHT="21">70,040,693,003</TD>
</TR>

<TR ACOPY="Y" ADELETE="Y" HEIGHT="28">
<TD USERMARK="F-10 " WIDTH="173" HEIGHT="21">나. 자본금의 액</TD>
<TD USERMARK="F-10 " ALIGN="RIGHT" WIDTH="265" HEIGHT="21">4,939,656,500</TD>
</TR>

<TR ACOPY="Y" ADELETE="Y" HEIGHT="70">
<TD USERMARK="F-10 " WIDTH="173" HEIGHT="63">다. 직전 사업연도까지    적립된 자본준비금과    이익준비금의 합계액</TD>
<TD USERMARK="F-10 " ALIGN="RIGHT" WIDTH="265" HEIGHT="63">13,144,842,434</TD>
</TR>

<TR ACOPY="Y" ADELETE="Y" HEIGHT="49">
<TD USERMARK="F-10 " WIDTH="173" HEIGHT="42">라. 대통령령이 정하는    미실현이익</TD>
<TD USERMARK="F-10 " ALIGN="RIGHT" WIDTH="265" HEIGHT="42">2,313,176,591</TD>
</TR>

<TR ACOPY="Y" ADELETE="Y" HEIGHT="28">
<TD USERMARK="F-10 " ALIGN="CENTER" WIDTH="173" HEIGHT="21">소계(가-나-다-라)</TD>
<TD USERMARK="F-10 " ALIGN="RIGHT" WIDTH="265" HEIGHT="21">49,643,017,478</TD>
</TR>

<TR ACOPY="Y" ADELETE="Y" HEIGHT="28">
<TD USERMARK="F-10 " COLSPAN="2" WIDTH="326" HEIGHT="21">2. 직전 사업연도말 이후 자기주식 취득금액</TD>
<TD USERMARK="F-10 " ALIGN="RIGHT" WIDTH="265" HEIGHT="21">-</TD>
</TR>

<TR ACOPY="Y" ADELETE="Y" HEIGHT="49">
<TD USERMARK="F-10 " COLSPAN="2" WIDTH="326" HEIGHT="42">3. 직전 사업연도말 이후 정기주주총회에서   결의된 이익배당금액 및 관련 이익준비금</TD>
<TD USERMARK="F-10 " ALIGN="RIGHT" VALIGN="MIDDLE" WIDTH="265" HEIGHT="42">767,057,760</TD>
</TR>

<TR ACOPY="Y" ADELETE="Y" HEIGHT="49">
<TD USERMARK="F-10 " COLSPAN="2" WIDTH="326" HEIGHT="42">4. 직전 사업연도말 이후 이사회에서 결의된   분기ㆍ중간배당금액 및 관련 이익준비금</TD>
<TD USERMARK="F-10 " ALIGN="RIGHT" VALIGN="MIDDLE" WIDTH="265" HEIGHT="42">-</TD>
</TR>

<TR ACOPY="Y" ADELETE="Y" HEIGHT="28">
<TD USERMARK="F-10 " COLSPAN="2" WIDTH="326" HEIGHT="21">5. 신탁계약의 계약금액 </TD>
<TD USERMARK="F-10 " ALIGN="RIGHT" WIDTH="265" HEIGHT="21">-</TD>
</TR>

<TR ACOPY="Y" ADELETE="Y" HEIGHT="49">
<TD USERMARK="F-10 " COLSPAN="2" WIDTH="326" HEIGHT="42">6. 직전 사업연도말 이후 자기주식 처분시    처분주식의 취득원가 (이동평균법 적용)</TD>
<TD USERMARK="F-10 " ALIGN="RIGHT" VALIGN="MIDDLE" WIDTH="265" HEIGHT="42">-</TD>
</TR>

<TR ACOPY="Y" ADELETE="Y" HEIGHT="28">
<TD USERMARK="F-10 " COLSPAN="2" ALIGN="CENTER" VALIGN="MIDDLE" WIDTH="326" HEIGHT="21">자기주식 취득금액 한도(1-2-3-4-5+6)</TD>
<TD USERMARK="F-10 " ALIGN="RIGHT" WIDTH="265" HEIGHT="21">48,875,959,718</TD>
</TR>
</TBODY>
</TABLE>
<P></P>
</TD>

<TD WIDTH="682" HEIGHT="516">
<P></P>

<TABLE ACLASS="NORMAL" AFIXTABLE="N" BORDER="1" WIDTH="609">

<COLGROUP WIDTH="609">
<COL WIDTH="153"></COL>
<COL WIDTH="182"></COL>
<COL WIDTH="274"></COL>
</COLGROUP>

<THEAD>

<TR ACOPY="Y" ADELETE="Y" HEIGHT="28">
<TH WIDTH="326" COLSPAN="2" VALIGN="MIDDLE" ACOPYCOL="Y" ADELETECOL="Y" AMOVECOL="N" USERMARK="F-10 " HEIGHT="21">항  목</TH>
<TH WIDTH="265" VALIGN="MIDDLE" ACOPYCOL="Y" ADELETECOL="Y" AMOVECOL="N" USERMARK="F-10 " HEIGHT="21">금  액</TH>
</TR>
</THEAD>

<TBODY>

<TR ACOPY="Y" ADELETE="Y" HEIGHT="28">
<TD ROWSPAN="5" USERMARK="F-10 " WIDTH="144" HEIGHT="196">1. 직전사업연도 말   현재 상법상   배당가능이익   한도</TD>
<TD USERMARK="F-10 " WIDTH="173" HEIGHT="21">가. 순자산액</TD>
<TD ALIGN="RIGHT" USERMARK="F-10 " WIDTH="265" HEIGHT="21">70,013,240,005</TD>
</TR>

<TR ACOPY="Y" ADELETE="Y" HEIGHT="28">
<TD USERMARK="F-10 " WIDTH="173" HEIGHT="21">나. 자본금의 액</TD>
<TD ALIGN="RIGHT" USERMARK="F-10 " WIDTH="265" HEIGHT="21">4,939,656,500</TD>
</TR>

<TR ACOPY="Y" ADELETE="Y" HEIGHT="70">
<TD USERMARK="F-10 " WIDTH="173" HEIGHT="63">다. 직전 사업연도까지    적립된 자본준비금과    이익준비금의 합계액</TD>
<TD ALIGN="RIGHT" USERMARK="F-10 " WIDTH="265" HEIGHT="63">13,144,842,434</TD>
</TR>

<TR ACOPY="Y" ADELETE="Y" HEIGHT="49">
<TD USERMARK="F-10 " WIDTH="173" HEIGHT="42">라. 대통령령이 정하는    미실현이익</TD>
<TD ALIGN="RIGHT" USERMARK="F-10 " WIDTH="265" HEIGHT="42">2,486,243,087</TD>
</TR>

<TR ACOPY="Y" ADELETE="Y" HEIGHT="28">
<TD ALIGN="CENTER" USERMARK="F-10 " WIDTH="173" HEIGHT="21">소계(가-나-다-라)</TD>
<TD ALIGN="RIGHT" USERMARK="F-10 " WIDTH="265" HEIGHT="21">49,442,497,984</TD>
</TR>

<TR ACOPY="Y" ADELETE="Y" HEIGHT="28">
<TD COLSPAN="2" USERMARK="F-10 " WIDTH="326" HEIGHT="21">2. 직전 사업연도말 이후 자기주식 취득금액</TD>
<TD ALIGN="RIGHT" USERMARK="F-10 " WIDTH="265" HEIGHT="21">-</TD>
</TR>

<TR ACOPY="Y" ADELETE="Y" HEIGHT="49">
<TD COLSPAN="2" USERMARK="F-10 " WIDTH="326" HEIGHT="42">3. 직전 사업연도말 이후 정기주주총회에서   결의된 이익배당금액 및 관련 이익준비금</TD>
<TD ALIGN="RIGHT" VALIGN="MIDDLE" USERMARK="F-10 " WIDTH="265" HEIGHT="42">767,057,760</TD>
</TR>

<TR ACOPY="Y" ADELETE="Y" HEIGHT="49">
<TD COLSPAN="2" USERMARK="F-10 " WIDTH="326" HEIGHT="42">4. 직전 사업연도말 이후 이사회에서 결의된   분기ㆍ중간배당금액 및 관련 이익준비금</TD>
<TD ALIGN="RIGHT" VALIGN="MIDDLE" USERMARK="F-10 " WIDTH="265" HEIGHT="42">-</TD>
</TR>

<TR ACOPY="Y" ADELETE="Y" HEIGHT="28">
<TD COLSPAN="2" USERMARK="F-10 " WIDTH="326" HEIGHT="21">5. 신탁계약의 계약금액 </TD>
<TD ALIGN="RIGHT" USERMARK="F-10 " WIDTH="265" HEIGHT="21">-</TD>
</TR>

<TR ACOPY="Y" ADELETE="Y" HEIGHT="49">
<TD COLSPAN="2" USERMARK="F-10 " WIDTH="326" HEIGHT="42">6. 직전 사업연도말 이후 자기주식 처분시    처분주식의 취득원가 (이동평균법 적용)</TD>
<TD ALIGN="RIGHT" VALIGN="MIDDLE" USERMARK="F-10 " WIDTH="265" HEIGHT="42">-</TD>
</TR>

<TR ACOPY="Y" ADELETE="Y" HEIGHT="28">
<TD COLSPAN="2" ALIGN="CENTER" VALIGN="MIDDLE" USERMARK="F-10 " WIDTH="326" HEIGHT="21">자기주식 취득금액 한도(1-2-3-4-5+6)</TD>
<TD ALIGN="RIGHT" USERMARK="F-10 " WIDTH="265" HEIGHT="21">48,675,440,224</TD>
</TR>
</TBODY>
</TABLE>
</TD>
</TR>

<TR ACOPY="Y" ADELETE="Y" HEIGHT="32">
<TD COLSPAN="2" WIDTH="860" HEIGHT="25">【신탁계약 체결 전 자기주식 보유현황】</TD>
<TD WIDTH="682" HEIGHT="25"></TD>
</TR>

<TR ACOPY="Y" ADELETE="Y" HEIGHT="661">
<TD WIDTH="161" HEIGHT="654"></TD>

<TD WIDTH="690" HEIGHT="654">
<P></P>

<TABLE ACLASS="NORMAL" AFIXTABLE="N" BORDER="1" WIDTH="682">

<COLGROUP WIDTH="682">
<COL WIDTH="42"></COL>
<COL WIDTH="49"></COL>
<COL WIDTH="107"></COL>
<COL WIDTH="89"></COL>
<COL WIDTH="74"></COL>
<COL WIDTH="76"></COL>
<COL WIDTH="69"></COL>
<COL WIDTH="64"></COL>
<COL WIDTH="67"></COL>
<COL WIDTH="45"></COL>
</COLGROUP>

<THEAD>

<TR ACOPY="Y" ADELETE="Y" HEIGHT="30">
<TH USERMARK="F-10 " WIDTH="189" COLSPAN="3" ROWSPAN="2" VALIGN="MIDDLE" ACOPYCOL="Y" ADELETECOL="Y" AMOVECOL="N" HEIGHT="53">취득방법</TH>
<TH USERMARK="F-10 " WIDTH="80" ROWSPAN="2" VALIGN="MIDDLE" ACOPYCOL="Y" ADELETECOL="Y" AMOVECOL="N" HEIGHT="53">주식의 종류</TH>
<TH USERMARK="F-10 " WIDTH="65" ROWSPAN="2" VALIGN="MIDDLE" ACOPYCOL="Y" ADELETECOL="Y" AMOVECOL="N" HEIGHT="53">기초수량</TH>
<TH USERMARK="F-10 " WIDTH="200" COLSPAN="3" VALIGN="MIDDLE" ACOPYCOL="Y" ADELETECOL="Y" AMOVECOL="N" HEIGHT="23">변동 수량</TH>
<TH USERMARK="F-10 " WIDTH="58" ROWSPAN="2" VALIGN="MIDDLE" ACOPYCOL="Y" ADELETECOL="Y" AMOVECOL="N" HEIGHT="53">기말수량</TH>
<TH USERMARK="F-10 " WIDTH="36" ROWSPAN="2" VALIGN="MIDDLE" ACOPYCOL="Y" ADELETECOL="Y" AMOVECOL="N" HEIGHT="53">비고</TH>
</TR>

<TR ACOPY="Y" ADELETE="Y" HEIGHT="30">
<TH USERMARK="F-10 " VALIGN="MIDDLE" ACOPYCOL="Y" ADELETECOL="Y" AMOVECOL="N" WIDTH="67" HEIGHT="23">취득(+)</TH>
<TH USERMARK="F-10 " VALIGN="MIDDLE" ACOPYCOL="Y" ADELETECOL="Y" AMOVECOL="N" WIDTH="60" HEIGHT="23">처분(-)</TH>
<TH USERMARK="F-10 " VALIGN="MIDDLE" ACOPYCOL="Y" ADELETECOL="Y" AMOVECOL="N" WIDTH="55" HEIGHT="23">소각(-)</TH>
</TR>
</THEAD>

<TBODY>

<TR ACOPY="Y" ADELETE="Y" HEIGHT="30">
<TD USERMARK="F-10 " ROWSPAN="14" ALIGN="CENTER" VALIGN="MIDDLE" WIDTH="33" HEIGHT="413">배당가능이익범위이내취득</TD>
<TD USERMARK="F-10 " ROWSPAN="8" ALIGN="CENTER" VALIGN="MIDDLE" WIDTH="40" HEIGHT="233">직접취득</TD>
<TD USERMARK="F-10 " ROWSPAN="2" ALIGN="CENTER" VALIGN="MIDDLE" WIDTH="98" HEIGHT="53">장내 직접 취득</TD>
<TD USERMARK="F-10 " ALIGN="CENTER" VALIGN="MIDDLE" WIDTH="80" HEIGHT="23">보통주식</TD>
<TD USERMARK="F-10 " ALIGN="RIGHT" VALIGN="MIDDLE" WIDTH="65" HEIGHT="23">-</TD>
<TD USERMARK="F-10 " ALIGN="RIGHT" VALIGN="MIDDLE" WIDTH="67" HEIGHT="23">-</TD>
<TD USERMARK="F-10 " ALIGN="RIGHT" VALIGN="MIDDLE" WIDTH="60" HEIGHT="23">-</TD>
<TD USERMARK="F-10 " ALIGN="RIGHT" VALIGN="MIDDLE" WIDTH="55" HEIGHT="23">-</TD>
<TD USERMARK="F-10 " ALIGN="RIGHT" VALIGN="MIDDLE" WIDTH="58" HEIGHT="23">-</TD>
<TD USERMARK="F-10 " VALIGN="MIDDLE" WIDTH="36" HEIGHT="23">-</TD>
</TR>

<TR ACOPY="Y" ADELETE="Y" HEIGHT="30">
<TD USERMARK="F-10 " ALIGN="CENTER" VALIGN="MIDDLE" WIDTH="80" HEIGHT="23">기타주식</TD>
<TD USERMARK="F-10 " ALIGN="RIGHT" VALIGN="MIDDLE" WIDTH="65" HEIGHT="23">-</TD>
<TD USERMARK="F-10 " ALIGN="RIGHT" VALIGN="MIDDLE" WIDTH="67" HEIGHT="23">-</TD>
<TD USERMARK="F-10 " ALIGN="RIGHT" VALIGN="MIDDLE" WIDTH="60" HEIGHT="23">-</TD>
<TD USERMARK="F-10 " ALIGN="RIGHT" VALIGN="MIDDLE" WIDTH="55" HEIGHT="23">-</TD>
<TD USERMARK="F-10 " ALIGN="RIGHT" VALIGN="MIDDLE" WIDTH="58" HEIGHT="23">-</TD>
<TD USERMARK="F-10 " VALIGN="MIDDLE" WIDTH="36" HEIGHT="23">-</TD>
</TR>

<TR ACOPY="Y" ADELETE="Y" HEIGHT="30">
<TD USERMARK="F-10 " ROWSPAN="2" ALIGN="CENTER" VALIGN="MIDDLE" WIDTH="98" HEIGHT="53">장외직접 취득</TD>
<TD USERMARK="F-10 " ALIGN="CENTER" VALIGN="MIDDLE" WIDTH="80" HEIGHT="23">보통주식</TD>
<TD USERMARK="F-10 " ALIGN="RIGHT" VALIGN="MIDDLE" WIDTH="65" HEIGHT="23">-</TD>
<TD USERMARK="F-10 " ALIGN="RIGHT" VALIGN="MIDDLE" WIDTH="67" HEIGHT="23">-</TD>
<TD USERMARK="F-10 " ALIGN="RIGHT" VALIGN="MIDDLE" WIDTH="60" HEIGHT="23">-</TD>
<TD USERMARK="F-10 " ALIGN="RIGHT" VALIGN="MIDDLE" WIDTH="55" HEIGHT="23">-</TD>
<TD USERMARK="F-10 " ALIGN="RIGHT" VALIGN="MIDDLE" WIDTH="58" HEIGHT="23">-</TD>
<TD USERMARK="F-10 " VALIGN="MIDDLE" WIDTH="36" HEIGHT="23">-</TD>
</TR>

<TR ACOPY="Y" ADELETE="Y" HEIGHT="30">
<TD USERMARK="F-10 " ALIGN="CENTER" VALIGN="MIDDLE" WIDTH="80" HEIGHT="23">기타주식</TD>
<TD USERMARK="F-10 " ALIGN="RIGHT" VALIGN="MIDDLE" WIDTH="65" HEIGHT="23">-</TD>
<TD USERMARK="F-10 " ALIGN="RIGHT" VALIGN="MIDDLE" WIDTH="67" HEIGHT="23">-</TD>
<TD USERMARK="F-10 " ALIGN="RIGHT" VALIGN="MIDDLE" WIDTH="60" HEIGHT="23">-</TD>
<TD USERMARK="F-10 " ALIGN="RIGHT" VALIGN="MIDDLE" WIDTH="55" HEIGHT="23">-</TD>
<TD USERMARK="F-10 " ALIGN="RIGHT" VALIGN="MIDDLE" WIDTH="58" HEIGHT="23">-</TD>
<TD USERMARK="F-10 " VALIGN="MIDDLE" WIDTH="36" HEIGHT="23">-</TD>
</TR>

<TR ACOPY="Y" ADELETE="Y" HEIGHT="30">
<TD USERMARK="F-10 " ROWSPAN="2" ALIGN="CENTER" VALIGN="MIDDLE" WIDTH="98" HEIGHT="53">공개매수</TD>
<TD USERMARK="F-10 " ALIGN="CENTER" VALIGN="MIDDLE" WIDTH="80" HEIGHT="23">보통주식</TD>
<TD USERMARK="F-10 " ALIGN="RIGHT" VALIGN="MIDDLE" WIDTH="65" HEIGHT="23">-</TD>
<TD USERMARK="F-10 " ALIGN="RIGHT" VALIGN="MIDDLE" WIDTH="67" HEIGHT="23">-</TD>
<TD USERMARK="F-10 " ALIGN="RIGHT" VALIGN="MIDDLE" WIDTH="60" HEIGHT="23">-</TD>
<TD USERMARK="F-10 " ALIGN="RIGHT" VALIGN="MIDDLE" WIDTH="55" HEIGHT="23">-</TD>
<TD USERMARK="F-10 " ALIGN="RIGHT" VALIGN="MIDDLE" WIDTH="58" HEIGHT="23">-</TD>
<TD USERMARK="F-10 " VALIGN="MIDDLE" WIDTH="36" HEIGHT="23">-</TD>
</TR>

<TR ACOPY="Y" ADELETE="Y" HEIGHT="30">
<TD USERMARK="F-10 " ALIGN="CENTER" VALIGN="MIDDLE" WIDTH="80" HEIGHT="23">기타주식</TD>
<TD USERMARK="F-10 " ALIGN="RIGHT" VALIGN="MIDDLE" WIDTH="65" HEIGHT="23">-</TD>
<TD USERMARK="F-10 " ALIGN="RIGHT" VALIGN="MIDDLE" WIDTH="67" HEIGHT="23">-</TD>
<TD USERMARK="F-10 " ALIGN="RIGHT" VALIGN="MIDDLE" WIDTH="60" HEIGHT="23">-</TD>
<TD USERMARK="F-10 " ALIGN="RIGHT" VALIGN="MIDDLE" WIDTH="55" HEIGHT="23">-</TD>
<TD USERMARK="F-10 " ALIGN="RIGHT" VALIGN="MIDDLE" WIDTH="58" HEIGHT="23">-</TD>
<TD USERMARK="F-10 " VALIGN="MIDDLE" WIDTH="36" HEIGHT="23">-</TD>
</TR>

<TR ACOPY="Y" ADELETE="Y" HEIGHT="30">
<TD USERMARK="F-10 " ROWSPAN="2" ALIGN="CENTER" VALIGN="MIDDLE" WIDTH="98" HEIGHT="53">소계(a)</TD>
<TD USERMARK="F-10 " ALIGN="CENTER" VALIGN="MIDDLE" WIDTH="80" HEIGHT="23">보통주식</TD>
<TD USERMARK="F-10 " ALIGN="RIGHT" VALIGN="MIDDLE" WIDTH="65" HEIGHT="23">-</TD>
<TD USERMARK="F-10 " ALIGN="RIGHT" VALIGN="MIDDLE" WIDTH="67" HEIGHT="23">-</TD>
<TD USERMARK="F-10 " ALIGN="RIGHT" VALIGN="MIDDLE" WIDTH="60" HEIGHT="23">-</TD>
<TD USERMARK="F-10 " ALIGN="RIGHT" VALIGN="MIDDLE" WIDTH="55" HEIGHT="23">-</TD>
<TD USERMARK="F-10 " ALIGN="RIGHT" VALIGN="MIDDLE" WIDTH="58" HEIGHT="23">-</TD>
<TD USERMARK="F-10 " VALIGN="MIDDLE" WIDTH="36" HEIGHT="23">-</TD>
</TR>

<TR ACOPY="Y" ADELETE="Y" HEIGHT="30">
<TD USERMARK="F-10 " ALIGN="CENTER" VALIGN="MIDDLE" WIDTH="80" HEIGHT="23">기타주식</TD>
<TD USERMARK="F-10 " ALIGN="RIGHT" VALIGN="MIDDLE" WIDTH="65" HEIGHT="23">-</TD>
<TD USERMARK="F-10 " ALIGN="RIGHT" VALIGN="MIDDLE" WIDTH="67" HEIGHT="23">-</TD>
<TD USERMARK="F-10 " ALIGN="RIGHT" VALIGN="MIDDLE" WIDTH="60" HEIGHT="23">-</TD>
<TD USERMARK="F-10 " ALIGN="RIGHT" VALIGN="MIDDLE" WIDTH="55" HEIGHT="23">-</TD>
<TD USERMARK="F-10 " ALIGN="RIGHT" VALIGN="MIDDLE" WIDTH="58" HEIGHT="23">-</TD>
<TD USERMARK="F-10 " VALIGN="MIDDLE" WIDTH="36" HEIGHT="23">-</TD>
</TR>

<TR ACOPY="Y" ADELETE="Y" HEIGHT="30">
<TD USERMARK="F-10 " ROWSPAN="6" ALIGN="CENTER" VALIGN="MIDDLE" WIDTH="40" HEIGHT="173">신탁계약에 의한취득</TD>
<TD USERMARK="F-10 " ROWSPAN="2" ALIGN="CENTER" VALIGN="MIDDLE" WIDTH="98" HEIGHT="53">수탁자 보유물량</TD>
<TD USERMARK="F-10 " ALIGN="CENTER" VALIGN="MIDDLE" WIDTH="80" HEIGHT="23">보통주식</TD>
<TD USERMARK="F-10 " ALIGN="RIGHT" VALIGN="MIDDLE" WIDTH="65" HEIGHT="23">291,091</TD>
<TD USERMARK="F-10 " ALIGN="RIGHT" VALIGN="MIDDLE" WIDTH="67" HEIGHT="23">-</TD>
<TD USERMARK="F-10 " ALIGN="RIGHT" VALIGN="MIDDLE" WIDTH="60" HEIGHT="23">-</TD>
<TD USERMARK="F-10 " ALIGN="RIGHT" VALIGN="MIDDLE" WIDTH="55" HEIGHT="23">-</TD>
<TD USERMARK="F-10 " ALIGN="RIGHT" VALIGN="MIDDLE" WIDTH="58" HEIGHT="23">291,091</TD>
<TD USERMARK="F-10 " VALIGN="MIDDLE" WIDTH="36" HEIGHT="23">-</TD>
</TR>

<TR ACOPY="Y" ADELETE="Y" HEIGHT="30">
<TD USERMARK="F-10 " ALIGN="CENTER" VALIGN="MIDDLE" WIDTH="80" HEIGHT="23">기타주식</TD>
<TD USERMARK="F-10 " ALIGN="RIGHT" VALIGN="MIDDLE" WIDTH="65" HEIGHT="23">-</TD>
<TD USERMARK="F-10 " ALIGN="RIGHT" VALIGN="MIDDLE" WIDTH="67" HEIGHT="23">-</TD>
<TD USERMARK="F-10 " ALIGN="RIGHT" VALIGN="MIDDLE" WIDTH="60" HEIGHT="23">-</TD>
<TD USERMARK="F-10 " ALIGN="RIGHT" VALIGN="MIDDLE" WIDTH="55" HEIGHT="23">-</TD>
<TD USERMARK="F-10 " ALIGN="RIGHT" VALIGN="MIDDLE" WIDTH="58" HEIGHT="23">-</TD>
<TD USERMARK="F-10 " VALIGN="MIDDLE" WIDTH="36" HEIGHT="23">-</TD>
</TR>

<TR ACOPY="Y" ADELETE="Y" HEIGHT="30">
<TD USERMARK="F-10 " ROWSPAN="2" ALIGN="CENTER" VALIGN="MIDDLE" WIDTH="98" HEIGHT="53">현물보유물량</TD>
<TD USERMARK="F-10 " ALIGN="CENTER" VALIGN="MIDDLE" WIDTH="80" HEIGHT="23">보통주식</TD>
<TD USERMARK="F-10 " ALIGN="RIGHT" VALIGN="MIDDLE" WIDTH="65" HEIGHT="23">-</TD>
<TD USERMARK="F-10 " ALIGN="RIGHT" VALIGN="MIDDLE" WIDTH="67" HEIGHT="23">-</TD>
<TD USERMARK="F-10 " ALIGN="RIGHT" VALIGN="MIDDLE" WIDTH="60" HEIGHT="23">-</TD>
<TD USERMARK="F-10 " ALIGN="RIGHT" VALIGN="MIDDLE" WIDTH="55" HEIGHT="23">-</TD>
<TD USERMARK="F-10 " ALIGN="RIGHT" VALIGN="MIDDLE" WIDTH="58" HEIGHT="23">-</TD>
<TD USERMARK="F-10 " VALIGN="MIDDLE" WIDTH="36" HEIGHT="23">-</TD>
</TR>

<TR ACOPY="Y" ADELETE="Y" HEIGHT="30">
<TD USERMARK="F-10 " ALIGN="CENTER" VALIGN="MIDDLE" WIDTH="80" HEIGHT="23">기타주식</TD>
<TD USERMARK="F-10 " ALIGN="RIGHT" VALIGN="MIDDLE" WIDTH="65" HEIGHT="23">-</TD>
<TD USERMARK="F-10 " ALIGN="RIGHT" VALIGN="MIDDLE" WIDTH="67" HEIGHT="23">-</TD>
<TD USERMARK="F-10 " ALIGN="RIGHT" VALIGN="MIDDLE" WIDTH="60" HEIGHT="23">-</TD>
<TD USERMARK="F-10 " ALIGN="RIGHT" VALIGN="MIDDLE" WIDTH="55" HEIGHT="23">-</TD>
<TD USERMARK="F-10 " ALIGN="RIGHT" VALIGN="MIDDLE" WIDTH="58" HEIGHT="23">-</TD>
<TD USERMARK="F-10 " VALIGN="MIDDLE" WIDTH="36" HEIGHT="23">-</TD>
</TR>

<TR ACOPY="Y" ADELETE="Y" HEIGHT="30">
<TD USERMARK="F-10 " ROWSPAN="2" ALIGN="CENTER" VALIGN="MIDDLE" WIDTH="98" HEIGHT="53">소계(b)</TD>
<TD USERMARK="F-10 " ALIGN="CENTER" VALIGN="MIDDLE" WIDTH="80" HEIGHT="23">보통주식</TD>
<TD USERMARK="F-10 " ALIGN="RIGHT" VALIGN="MIDDLE" WIDTH="65" HEIGHT="23">291,091</TD>
<TD USERMARK="F-10 " ALIGN="RIGHT" VALIGN="MIDDLE" WIDTH="67" HEIGHT="23">-</TD>
<TD USERMARK="F-10 " ALIGN="RIGHT" VALIGN="MIDDLE" WIDTH="60" HEIGHT="23">-</TD>
<TD USERMARK="F-10 " ALIGN="RIGHT" VALIGN="MIDDLE" WIDTH="55" HEIGHT="23">-</TD>
<TD USERMARK="F-10 " ALIGN="RIGHT" VALIGN="MIDDLE" WIDTH="58" HEIGHT="23">291,091</TD>
<TD USERMARK="F-10 " VALIGN="MIDDLE" WIDTH="36" HEIGHT="23">-</TD>
</TR>

<TR ACOPY="Y" ADELETE="Y" HEIGHT="30">
<TD USERMARK="F-10 " ALIGN="CENTER" VALIGN="MIDDLE" WIDTH="80" HEIGHT="23">기타주식</TD>
<TD USERMARK="F-10 " ALIGN="RIGHT" VALIGN="MIDDLE" WIDTH="65" HEIGHT="23">-</TD>
<TD USERMARK="F-10 " ALIGN="RIGHT" VALIGN="MIDDLE" WIDTH="67" HEIGHT="23">-</TD>
<TD USERMARK="F-10 " ALIGN="RIGHT" VALIGN="MIDDLE" WIDTH="60" HEIGHT="23">-</TD>
<TD USERMARK="F-10 " ALIGN="RIGHT" VALIGN="MIDDLE" WIDTH="55" HEIGHT="23">-</TD>
<TD USERMARK="F-10 " ALIGN="RIGHT" VALIGN="MIDDLE" WIDTH="58" HEIGHT="23">-</TD>
<TD USERMARK="F-10 " VALIGN="MIDDLE" WIDTH="36" HEIGHT="23">-</TD>
</TR>

<TR ACOPY="Y" ADELETE="Y" HEIGHT="30">
<TD USERMARK="F-10 " COLSPAN="3" ROWSPAN="2" ALIGN="CENTER" VALIGN="MIDDLE" WIDTH="189" HEIGHT="53">기타 취득(c)</TD>
<TD USERMARK="F-10 " ALIGN="CENTER" VALIGN="MIDDLE" WIDTH="80" HEIGHT="23">보통주식</TD>
<TD USERMARK="F-10 " ALIGN="RIGHT" VALIGN="MIDDLE" WIDTH="65" HEIGHT="23">-</TD>
<TD USERMARK="F-10 " ALIGN="RIGHT" VALIGN="MIDDLE" WIDTH="67" HEIGHT="23">-</TD>
<TD USERMARK="F-10 " ALIGN="RIGHT" VALIGN="MIDDLE" WIDTH="60" HEIGHT="23">-</TD>
<TD USERMARK="F-10 " ALIGN="RIGHT" VALIGN="MIDDLE" WIDTH="55" HEIGHT="23">-</TD>
<TD USERMARK="F-10 " ALIGN="RIGHT" VALIGN="MIDDLE" WIDTH="58" HEIGHT="23">-</TD>
<TD USERMARK="F-10 " VALIGN="MIDDLE" WIDTH="36" HEIGHT="23">-</TD>
</TR>

<TR ACOPY="Y" ADELETE="Y" HEIGHT="30">
<TD USERMARK="F-10 " ALIGN="CENTER" VALIGN="MIDDLE" WIDTH="80" HEIGHT="23">기타주식</TD>
<TD USERMARK="F-10 " ALIGN="RIGHT" VALIGN="MIDDLE" WIDTH="65" HEIGHT="23">-</TD>
<TD USERMARK="F-10 " ALIGN="RIGHT" VALIGN="MIDDLE" WIDTH="67" HEIGHT="23">-</TD>
<TD USERMARK="F-10 " ALIGN="RIGHT" VALIGN="MIDDLE" WIDTH="60" HEIGHT="23">-</TD>
<TD USERMARK="F-10 " ALIGN="RIGHT" VALIGN="MIDDLE" WIDTH="55" HEIGHT="23">-</TD>
<TD USERMARK="F-10 " ALIGN="RIGHT" VALIGN="MIDDLE" WIDTH="58" HEIGHT="23">-</TD>
<TD USERMARK="F-10 " VALIGN="MIDDLE" WIDTH="36" HEIGHT="23">-</TD>
</TR>

<TR ACOPY="Y" ADELETE="Y" HEIGHT="30">
<TD USERMARK="F-10 " COLSPAN="3" ROWSPAN="2" ALIGN="CENTER" VALIGN="MIDDLE" WIDTH="189" HEIGHT="53">총 계(a+b+c)</TD>
<TD USERMARK="F-10 " ALIGN="CENTER" VALIGN="MIDDLE" WIDTH="80" HEIGHT="23">보통주식</TD>
<TD USERMARK="F-10 " ALIGN="RIGHT" VALIGN="MIDDLE" WIDTH="65" HEIGHT="23">291,091</TD>
<TD USERMARK="F-10 " ALIGN="RIGHT" VALIGN="MIDDLE" WIDTH="67" HEIGHT="23">-</TD>
<TD USERMARK="F-10 " ALIGN="RIGHT" VALIGN="MIDDLE" WIDTH="60" HEIGHT="23">-</TD>
<TD USERMARK="F-10 " ALIGN="RIGHT" VALIGN="MIDDLE" WIDTH="55" HEIGHT="23">-</TD>
<TD USERMARK="F-10 " ALIGN="RIGHT" VALIGN="MIDDLE" WIDTH="58" HEIGHT="23">291,091</TD>
<TD USERMARK="F-10 " VALIGN="MIDDLE" WIDTH="36" HEIGHT="23">-</TD>
</TR>

<TR ACOPY="Y" ADELETE="Y" HEIGHT="30">
<TD USERMARK="F-10 " ALIGN="CENTER" VALIGN="MIDDLE" WIDTH="80" HEIGHT="23">기타주식</TD>
<TD USERMARK="F-10 " ALIGN="RIGHT" VALIGN="MIDDLE" WIDTH="65" HEIGHT="23">-</TD>
<TD USERMARK="F-10 " ALIGN="RIGHT" VALIGN="MIDDLE" WIDTH="67" HEIGHT="23">-</TD>
<TD USERMARK="F-10 " ALIGN="RIGHT" VALIGN="MIDDLE" WIDTH="60" HEIGHT="23">-</TD>
<TD USERMARK="F-10 " ALIGN="RIGHT" VALIGN="MIDDLE" WIDTH="55" HEIGHT="23">-</TD>
<TD USERMARK="F-10 " ALIGN="RIGHT" VALIGN="MIDDLE" WIDTH="58" HEIGHT="23">-</TD>
<TD USERMARK="F-10 " VALIGN="MIDDLE" WIDTH="36" HEIGHT="23">-</TD>
</TR>
</TBODY>
</TABLE>
<P></P>
</TD>

<TD WIDTH="682" HEIGHT="654">
<P></P>

<TABLE ACLASS="NORMAL" AFIXTABLE="N" BORDER="1" WIDTH="682">

<COLGROUP WIDTH="682">
<COL WIDTH="42"></COL>
<COL WIDTH="49"></COL>
<COL WIDTH="107"></COL>
<COL WIDTH="89"></COL>
<COL WIDTH="74"></COL>
<COL WIDTH="76"></COL>
<COL WIDTH="69"></COL>
<COL WIDTH="64"></COL>
<COL WIDTH="67"></COL>
<COL WIDTH="45"></COL>
</COLGROUP>

<THEAD>

<TR ACOPY="Y" ADELETE="Y" HEIGHT="30">
<TH WIDTH="189" COLSPAN="3" ROWSPAN="2" VALIGN="MIDDLE" ACOPYCOL="Y" ADELETECOL="Y" AMOVECOL="N" USERMARK="F-10 " HEIGHT="53">취득방법</TH>
<TH WIDTH="80" ROWSPAN="2" VALIGN="MIDDLE" ACOPYCOL="Y" ADELETECOL="Y" AMOVECOL="N" USERMARK="F-10 " HEIGHT="53">주식의 종류</TH>
<TH WIDTH="65" ROWSPAN="2" VALIGN="MIDDLE" ACOPYCOL="Y" ADELETECOL="Y" AMOVECOL="N" USERMARK="F-10 " HEIGHT="53">기초수량</TH>
<TH WIDTH="200" COLSPAN="3" VALIGN="MIDDLE" ACOPYCOL="Y" ADELETECOL="Y" AMOVECOL="N" USERMARK="F-10 " HEIGHT="23">변동 수량</TH>
<TH WIDTH="58" ROWSPAN="2" VALIGN="MIDDLE" ACOPYCOL="Y" ADELETECOL="Y" AMOVECOL="N" USERMARK="F-10 " HEIGHT="53">기말수량</TH>
<TH WIDTH="36" ROWSPAN="2" VALIGN="MIDDLE" ACOPYCOL="Y" ADELETECOL="Y" AMOVECOL="N" USERMARK="F-10 " HEIGHT="53">비고</TH>
</TR>

<TR ACOPY="Y" ADELETE="Y" HEIGHT="30">
<TH VALIGN="MIDDLE" ACOPYCOL="Y" ADELETECOL="Y" AMOVECOL="N" USERMARK="F-10 " WIDTH="67" HEIGHT="23">취득(+)</TH>
<TH VALIGN="MIDDLE" ACOPYCOL="Y" ADELETECOL="Y" AMOVECOL="N" USERMARK="F-10 " WIDTH="60" HEIGHT="23">처분(-)</TH>
<TH VALIGN="MIDDLE" ACOPYCOL="Y" ADELETECOL="Y" AMOVECOL="N" USERMARK="F-10 " WIDTH="55" HEIGHT="23">소각(-)</TH>
</TR>
</THEAD>

<TBODY>

<TR ACOPY="Y" ADELETE="Y" HEIGHT="30">
<TD ROWSPAN="14" ALIGN="CENTER" VALIGN="MIDDLE" USERMARK="F-10 " WIDTH="33" HEIGHT="413">배당가능이익범위이내취득</TD>
<TD ROWSPAN="8" ALIGN="CENTER" VALIGN="MIDDLE" USERMARK="F-10 " WIDTH="40" HEIGHT="233">직접취득</TD>
<TD ROWSPAN="2" ALIGN="CENTER" VALIGN="MIDDLE" USERMARK="F-10 " WIDTH="98" HEIGHT="53">장내 직접 취득</TD>
<TD ALIGN="CENTER" VALIGN="MIDDLE" USERMARK="F-10 " WIDTH="80" HEIGHT="23">보통주식</TD>
<TD ALIGN="RIGHT" VALIGN="MIDDLE" USERMARK="F-10 " WIDTH="65" HEIGHT="23">-</TD>
<TD ALIGN="RIGHT" VALIGN="MIDDLE" USERMARK="F-10 " WIDTH="67" HEIGHT="23">-</TD>
<TD ALIGN="RIGHT" VALIGN="MIDDLE" USERMARK="F-10 " WIDTH="60" HEIGHT="23">-</TD>
<TD ALIGN="RIGHT" VALIGN="MIDDLE" USERMARK="F-10 " WIDTH="55" HEIGHT="23">-</TD>
<TD ALIGN="RIGHT" VALIGN="MIDDLE" USERMARK="F-10 " WIDTH="58" HEIGHT="23">-</TD>
<TD VALIGN="MIDDLE" USERMARK="F-10 " WIDTH="36" HEIGHT="23">-</TD>
</TR>

<TR ACOPY="Y" ADELETE="Y" HEIGHT="30">
<TD ALIGN="CENTER" VALIGN="MIDDLE" USERMARK="F-10 " WIDTH="80" HEIGHT="23">기타주식</TD>
<TD ALIGN="RIGHT" VALIGN="MIDDLE" USERMARK="F-10 " WIDTH="65" HEIGHT="23">-</TD>
<TD ALIGN="RIGHT" VALIGN="MIDDLE" USERMARK="F-10 " WIDTH="67" HEIGHT="23">-</TD>
<TD ALIGN="RIGHT" VALIGN="MIDDLE" USERMARK="F-10 " WIDTH="60" HEIGHT="23">-</TD>
<TD ALIGN="RIGHT" VALIGN="MIDDLE" USERMARK="F-10 " WIDTH="55" HEIGHT="23">-</TD>
<TD ALIGN="RIGHT" VALIGN="MIDDLE" USERMARK="F-10 " WIDTH="58" HEIGHT="23">-</TD>
<TD VALIGN="MIDDLE" USERMARK="F-10 " WIDTH="36" HEIGHT="23">-</TD>
</TR>

<TR ACOPY="Y" ADELETE="Y" HEIGHT="30">
<TD ROWSPAN="2" ALIGN="CENTER" VALIGN="MIDDLE" USERMARK="F-10 " WIDTH="98" HEIGHT="53">장외직접 취득</TD>
<TD ALIGN="CENTER" VALIGN="MIDDLE" USERMARK="F-10 " WIDTH="80" HEIGHT="23">보통주식</TD>
<TD ALIGN="RIGHT" VALIGN="MIDDLE" USERMARK="F-10 " WIDTH="65" HEIGHT="23">-</TD>
<TD ALIGN="RIGHT" VALIGN="MIDDLE" USERMARK="F-10 " WIDTH="67" HEIGHT="23">-</TD>
<TD ALIGN="RIGHT" VALIGN="MIDDLE" USERMARK="F-10 " WIDTH="60" HEIGHT="23">-</TD>
<TD ALIGN="RIGHT" VALIGN="MIDDLE" USERMARK="F-10 " WIDTH="55" HEIGHT="23">-</TD>
<TD ALIGN="RIGHT" VALIGN="MIDDLE" USERMARK="F-10 " WIDTH="58" HEIGHT="23">-</TD>
<TD VALIGN="MIDDLE" USERMARK="F-10 " WIDTH="36" HEIGHT="23">-</TD>
</TR>

<TR ACOPY="Y" ADELETE="Y" HEIGHT="30">
<TD ALIGN="CENTER" VALIGN="MIDDLE" USERMARK="F-10 " WIDTH="80" HEIGHT="23">기타주식</TD>
<TD ALIGN="RIGHT" VALIGN="MIDDLE" USERMARK="F-10 " WIDTH="65" HEIGHT="23">-</TD>
<TD ALIGN="RIGHT" VALIGN="MIDDLE" USERMARK="F-10 " WIDTH="67" HEIGHT="23">-</TD>
<TD ALIGN="RIGHT" VALIGN="MIDDLE" USERMARK="F-10 " WIDTH="60" HEIGHT="23">-</TD>
<TD ALIGN="RIGHT" VALIGN="MIDDLE" USERMARK="F-10 " WIDTH="55" HEIGHT="23">-</TD>
<TD ALIGN="RIGHT" VALIGN="MIDDLE" USERMARK="F-10 " WIDTH="58" HEIGHT="23">-</TD>
<TD VALIGN="MIDDLE" USERMARK="F-10 " WIDTH="36" HEIGHT="23">-</TD>
</TR>

<TR ACOPY="Y" ADELETE="Y" HEIGHT="30">
<TD ROWSPAN="2" ALIGN="CENTER" VALIGN="MIDDLE" USERMARK="F-10 " WIDTH="98" HEIGHT="53">공개매수</TD>
<TD ALIGN="CENTER" VALIGN="MIDDLE" USERMARK="F-10 " WIDTH="80" HEIGHT="23">보통주식</TD>
<TD ALIGN="RIGHT" VALIGN="MIDDLE" USERMARK="F-10 " WIDTH="65" HEIGHT="23">-</TD>
<TD ALIGN="RIGHT" VALIGN="MIDDLE" USERMARK="F-10 " WIDTH="67" HEIGHT="23">-</TD>
<TD ALIGN="RIGHT" VALIGN="MIDDLE" USERMARK="F-10 " WIDTH="60" HEIGHT="23">-</TD>
<TD ALIGN="RIGHT" VALIGN="MIDDLE" USERMARK="F-10 " WIDTH="55" HEIGHT="23">-</TD>
<TD ALIGN="RIGHT" VALIGN="MIDDLE" USERMARK="F-10 " WIDTH="58" HEIGHT="23">-</TD>
<TD VALIGN="MIDDLE" USERMARK="F-10 " WIDTH="36" HEIGHT="23">-</TD>
</TR>

<TR ACOPY="Y" ADELETE="Y" HEIGHT="30">
<TD ALIGN="CENTER" VALIGN="MIDDLE" USERMARK="F-10 " WIDTH="80" HEIGHT="23">기타주식</TD>
<TD ALIGN="RIGHT" VALIGN="MIDDLE" USERMARK="F-10 " WIDTH="65" HEIGHT="23">-</TD>
<TD ALIGN="RIGHT" VALIGN="MIDDLE" USERMARK="F-10 " WIDTH="67" HEIGHT="23">-</TD>
<TD ALIGN="RIGHT" VALIGN="MIDDLE" USERMARK="F-10 " WIDTH="60" HEIGHT="23">-</TD>
<TD ALIGN="RIGHT" VALIGN="MIDDLE" USERMARK="F-10 " WIDTH="55" HEIGHT="23">-</TD>
<TD ALIGN="RIGHT" VALIGN="MIDDLE" USERMARK="F-10 " WIDTH="58" HEIGHT="23">-</TD>
<TD VALIGN="MIDDLE" USERMARK="F-10 " WIDTH="36" HEIGHT="23">-</TD>
</TR>

<TR ACOPY="Y" ADELETE="Y" HEIGHT="30">
<TD ROWSPAN="2" ALIGN="CENTER" VALIGN="MIDDLE" USERMARK="F-10 " WIDTH="98" HEIGHT="53">소계(a)</TD>
<TD ALIGN="CENTER" VALIGN="MIDDLE" USERMARK="F-10 " WIDTH="80" HEIGHT="23">보통주식</TD>
<TD ALIGN="RIGHT" VALIGN="MIDDLE" USERMARK="F-10 " WIDTH="65" HEIGHT="23">-</TD>
<TD ALIGN="RIGHT" VALIGN="MIDDLE" USERMARK="F-10 " WIDTH="67" HEIGHT="23">-</TD>
<TD ALIGN="RIGHT" VALIGN="MIDDLE" USERMARK="F-10 " WIDTH="60" HEIGHT="23">-</TD>
<TD ALIGN="RIGHT" VALIGN="MIDDLE" USERMARK="F-10 " WIDTH="55" HEIGHT="23">-</TD>
<TD ALIGN="RIGHT" VALIGN="MIDDLE" USERMARK="F-10 " WIDTH="58" HEIGHT="23">-</TD>
<TD VALIGN="MIDDLE" USERMARK="F-10 " WIDTH="36" HEIGHT="23">-</TD>
</TR>

<TR ACOPY="Y" ADELETE="Y" HEIGHT="30">
<TD ALIGN="CENTER" VALIGN="MIDDLE" USERMARK="F-10 " WIDTH="80" HEIGHT="23">기타주식</TD>
<TD ALIGN="RIGHT" VALIGN="MIDDLE" USERMARK="F-10 " WIDTH="65" HEIGHT="23">-</TD>
<TD ALIGN="RIGHT" VALIGN="MIDDLE" USERMARK="F-10 " WIDTH="67" HEIGHT="23">-</TD>
<TD ALIGN="RIGHT" VALIGN="MIDDLE" USERMARK="F-10 " WIDTH="60" HEIGHT="23">-</TD>
<TD ALIGN="RIGHT" VALIGN="MIDDLE" USERMARK="F-10 " WIDTH="55" HEIGHT="23">-</TD>
<TD ALIGN="RIGHT" VALIGN="MIDDLE" USERMARK="F-10 " WIDTH="58" HEIGHT="23">-</TD>
<TD VALIGN="MIDDLE" USERMARK="F-10 " WIDTH="36" HEIGHT="23">-</TD>
</TR>

<TR ACOPY="Y" ADELETE="Y" HEIGHT="30">
<TD ROWSPAN="6" ALIGN="CENTER" VALIGN="MIDDLE" USERMARK="F-10 " WIDTH="40" HEIGHT="173">신탁계약에 의한취득</TD>
<TD ROWSPAN="2" ALIGN="CENTER" VALIGN="MIDDLE" USERMARK="F-10 " WIDTH="98" HEIGHT="53">수탁자 보유물량</TD>
<TD ALIGN="CENTER" VALIGN="MIDDLE" USERMARK="F-10 " WIDTH="80" HEIGHT="23">보통주식</TD>
<TD ALIGN="RIGHT" VALIGN="MIDDLE" USERMARK="F-10 " WIDTH="65" HEIGHT="23">291,091</TD>
<TD ALIGN="RIGHT" VALIGN="MIDDLE" USERMARK="F-10 " WIDTH="67" HEIGHT="23">-</TD>
<TD ALIGN="RIGHT" VALIGN="MIDDLE" USERMARK="F-10 " WIDTH="60" HEIGHT="23">-</TD>
<TD ALIGN="RIGHT" VALIGN="MIDDLE" USERMARK="F-10 " WIDTH="55" HEIGHT="23">-</TD>
<TD ALIGN="RIGHT" VALIGN="MIDDLE" USERMARK="F-10 " WIDTH="58" HEIGHT="23">291,091</TD>
<TD VALIGN="MIDDLE" USERMARK="F-10 " WIDTH="36" HEIGHT="23">-</TD>
</TR>

<TR ACOPY="Y" ADELETE="Y" HEIGHT="30">
<TD ALIGN="CENTER" VALIGN="MIDDLE" USERMARK="F-10 " WIDTH="80" HEIGHT="23">기타주식</TD>
<TD ALIGN="RIGHT" VALIGN="MIDDLE" USERMARK="F-10 " WIDTH="65" HEIGHT="23">-</TD>
<TD ALIGN="RIGHT" VALIGN="MIDDLE" USERMARK="F-10 " WIDTH="67" HEIGHT="23">-</TD>
<TD ALIGN="RIGHT" VALIGN="MIDDLE" USERMARK="F-10 " WIDTH="60" HEIGHT="23">-</TD>
<TD ALIGN="RIGHT" VALIGN="MIDDLE" USERMARK="F-10 " WIDTH="55" HEIGHT="23">-</TD>
<TD ALIGN="RIGHT" VALIGN="MIDDLE" USERMARK="F-10 " WIDTH="58" HEIGHT="23">-</TD>
<TD VALIGN="MIDDLE" USERMARK="F-10 " WIDTH="36" HEIGHT="23">-</TD>
</TR>

<TR ACOPY="Y" ADELETE="Y" HEIGHT="30">
<TD ROWSPAN="2" ALIGN="CENTER" VALIGN="MIDDLE" USERMARK="F-10 " WIDTH="98" HEIGHT="53">현물보유물량</TD>
<TD ALIGN="CENTER" VALIGN="MIDDLE" USERMARK="F-10 " WIDTH="80" HEIGHT="23">보통주식</TD>
<TD ALIGN="RIGHT" VALIGN="MIDDLE" USERMARK="F-10 " WIDTH="65" HEIGHT="23">-</TD>
<TD ALIGN="RIGHT" VALIGN="MIDDLE" USERMARK="F-10 " WIDTH="67" HEIGHT="23">-</TD>
<TD ALIGN="RIGHT" VALIGN="MIDDLE" USERMARK="F-10 " WIDTH="60" HEIGHT="23">-</TD>
<TD ALIGN="RIGHT" VALIGN="MIDDLE" USERMARK="F-10 " WIDTH="55" HEIGHT="23">-</TD>
<TD ALIGN="RIGHT" VALIGN="MIDDLE" USERMARK="F-10 " WIDTH="58" HEIGHT="23">-</TD>
<TD VALIGN="MIDDLE" USERMARK="F-10 " WIDTH="36" HEIGHT="23">-</TD>
</TR>

<TR ACOPY="Y" ADELETE="Y" HEIGHT="30">
<TD ALIGN="CENTER" VALIGN="MIDDLE" USERMARK="F-10 " WIDTH="80" HEIGHT="23">기타주식</TD>
<TD ALIGN="RIGHT" VALIGN="MIDDLE" USERMARK="F-10 " WIDTH="65" HEIGHT="23">-</TD>
<TD ALIGN="RIGHT" VALIGN="MIDDLE" USERMARK="F-10 " WIDTH="67" HEIGHT="23">-</TD>
<TD ALIGN="RIGHT" VALIGN="MIDDLE" USERMARK="F-10 " WIDTH="60" HEIGHT="23">-</TD>
<TD ALIGN="RIGHT" VALIGN="MIDDLE" USERMARK="F-10 " WIDTH="55" HEIGHT="23">-</TD>
<TD ALIGN="RIGHT" VALIGN="MIDDLE" USERMARK="F-10 " WIDTH="58" HEIGHT="23">-</TD>
<TD VALIGN="MIDDLE" USERMARK="F-10 " WIDTH="36" HEIGHT="23">-</TD>
</TR>

<TR ACOPY="Y" ADELETE="Y" HEIGHT="30">
<TD ROWSPAN="2" ALIGN="CENTER" VALIGN="MIDDLE" USERMARK="F-10 " WIDTH="98" HEIGHT="53">소계(b)</TD>
<TD ALIGN="CENTER" VALIGN="MIDDLE" USERMARK="F-10 " WIDTH="80" HEIGHT="23">보통주식</TD>
<TD ALIGN="RIGHT" VALIGN="MIDDLE" USERMARK="F-10 " WIDTH="65" HEIGHT="23">291,091</TD>
<TD ALIGN="RIGHT" VALIGN="MIDDLE" USERMARK="F-10 " WIDTH="67" HEIGHT="23">-</TD>
<TD ALIGN="RIGHT" VALIGN="MIDDLE" USERMARK="F-10 " WIDTH="60" HEIGHT="23">-</TD>
<TD ALIGN="RIGHT" VALIGN="MIDDLE" USERMARK="F-10 " WIDTH="55" HEIGHT="23">-</TD>
<TD ALIGN="RIGHT" VALIGN="MIDDLE" USERMARK="F-10 " WIDTH="58" HEIGHT="23">291,091</TD>
<TD VALIGN="MIDDLE" USERMARK="F-10 " WIDTH="36" HEIGHT="23">-</TD>
</TR>

<TR ACOPY="Y" ADELETE="Y" HEIGHT="30">
<TD ALIGN="CENTER" VALIGN="MIDDLE" USERMARK="F-10 " WIDTH="80" HEIGHT="23">기타주식</TD>
<TD ALIGN="RIGHT" VALIGN="MIDDLE" USERMARK="F-10 " WIDTH="65" HEIGHT="23">-</TD>
<TD ALIGN="RIGHT" VALIGN="MIDDLE" USERMARK="F-10 " WIDTH="67" HEIGHT="23">-</TD>
<TD ALIGN="RIGHT" VALIGN="MIDDLE" USERMARK="F-10 " WIDTH="60" HEIGHT="23">-</TD>
<TD ALIGN="RIGHT" VALIGN="MIDDLE" USERMARK="F-10 " WIDTH="55" HEIGHT="23">-</TD>
<TD ALIGN="RIGHT" VALIGN="MIDDLE" USERMARK="F-10 " WIDTH="58" HEIGHT="23">-</TD>
<TD VALIGN="MIDDLE" USERMARK="F-10 " WIDTH="36" HEIGHT="23">-</TD>
</TR>

<TR ACOPY="Y" ADELETE="Y" HEIGHT="30">
<TD COLSPAN="3" ROWSPAN="2" ALIGN="CENTER" VALIGN="MIDDLE" USERMARK="F-10 " WIDTH="189" HEIGHT="53">기타 취득(c)</TD>
<TD ALIGN="CENTER" VALIGN="MIDDLE" USERMARK="F-10 " WIDTH="80" HEIGHT="23">보통주식</TD>
<TD ALIGN="RIGHT" VALIGN="MIDDLE" USERMARK="F-10 " WIDTH="65" HEIGHT="23">-</TD>
<TD ALIGN="RIGHT" VALIGN="MIDDLE" USERMARK="F-10 " WIDTH="67" HEIGHT="23">-</TD>
<TD ALIGN="RIGHT" VALIGN="MIDDLE" USERMARK="F-10 " WIDTH="60" HEIGHT="23">-</TD>
<TD ALIGN="RIGHT" VALIGN="MIDDLE" USERMARK="F-10 " WIDTH="55" HEIGHT="23">-</TD>
<TD ALIGN="RIGHT" VALIGN="MIDDLE" USERMARK="F-10 " WIDTH="58" HEIGHT="23">-</TD>
<TD VALIGN="MIDDLE" USERMARK="F-10 " WIDTH="36" HEIGHT="23">-</TD>
</TR>

<TR ACOPY="Y" ADELETE="Y" HEIGHT="30">
<TD ALIGN="CENTER" VALIGN="MIDDLE" USERMARK="F-10 " WIDTH="80" HEIGHT="23">기타주식</TD>
<TD ALIGN="RIGHT" VALIGN="MIDDLE" USERMARK="F-10 " WIDTH="65" HEIGHT="23">-</TD>
<TD ALIGN="RIGHT" VALIGN="MIDDLE" USERMARK="F-10 " WIDTH="67" HEIGHT="23">-</TD>
<TD ALIGN="RIGHT" VALIGN="MIDDLE" USERMARK="F-10 " WIDTH="60" HEIGHT="23">-</TD>
<TD ALIGN="RIGHT" VALIGN="MIDDLE" USERMARK="F-10 " WIDTH="55" HEIGHT="23">-</TD>
<TD ALIGN="RIGHT" VALIGN="MIDDLE" USERMARK="F-10 " WIDTH="58" HEIGHT="23">-</TD>
<TD VALIGN="MIDDLE" USERMARK="F-10 " WIDTH="36" HEIGHT="23">-</TD>
</TR>

<TR ACOPY="Y" ADELETE="Y" HEIGHT="30">
<TD COLSPAN="3" ROWSPAN="2" ALIGN="CENTER" VALIGN="MIDDLE" USERMARK="F-10 " WIDTH="189" HEIGHT="53">총 계(a+b+c)</TD>
<TD ALIGN="CENTER" VALIGN="MIDDLE" USERMARK="F-10 " WIDTH="80" HEIGHT="23">보통주식</TD>
<TD ALIGN="RIGHT" VALIGN="MIDDLE" USERMARK="F-10 " WIDTH="65" HEIGHT="23">291,091</TD>
<TD ALIGN="RIGHT" VALIGN="MIDDLE" USERMARK="F-10 " WIDTH="67" HEIGHT="23">-</TD>
<TD ALIGN="RIGHT" VALIGN="MIDDLE" USERMARK="F-10 " WIDTH="60" HEIGHT="23">-</TD>
<TD ALIGN="RIGHT" VALIGN="MIDDLE" USERMARK="F-10 " WIDTH="55" HEIGHT="23">-</TD>
<TD ALIGN="RIGHT" VALIGN="MIDDLE" USERMARK="F-10 " WIDTH="58" HEIGHT="23">291,091</TD>
<TD VALIGN="MIDDLE" USERMARK="F-10 " WIDTH="36" HEIGHT="23">-</TD>
</TR>

<TR ACOPY="Y" ADELETE="Y" HEIGHT="30">
<TD ALIGN="CENTER" VALIGN="MIDDLE" USERMARK="F-10 " WIDTH="80" HEIGHT="23">기타주식</TD>
<TD ALIGN="RIGHT" VALIGN="MIDDLE" USERMARK="F-10 " WIDTH="65" HEIGHT="23">-</TD>
<TD ALIGN="RIGHT" VALIGN="MIDDLE" USERMARK="F-10 " WIDTH="67" HEIGHT="23">-</TD>
<TD ALIGN="RIGHT" VALIGN="MIDDLE" USERMARK="F-10 " WIDTH="60" HEIGHT="23">-</TD>
<TD ALIGN="RIGHT" VALIGN="MIDDLE" USERMARK="F-10 " WIDTH="55" HEIGHT="23">-</TD>
<TD ALIGN="RIGHT" VALIGN="MIDDLE" USERMARK="F-10 " WIDTH="58" HEIGHT="23">-</TD>
<TD VALIGN="MIDDLE" USERMARK="F-10 " WIDTH="36" HEIGHT="23">-</TD>
</TR>
</TBODY>
</TABLE>
</TD>
</TR>
</TBODY>
</TABLE>
<P>　위 정정사항외에 모든 사항은 2025년 1월 6일자로 당사가 제출한 신고서와 동일하오니 이를 참고하시기 바랍니다. </P>
</TD>
</TR>
</TBODY>
</TABLE>
<P></P>
<PGBRK></PGBRK>
</CORRECTION>
</LIBRARY>


<LIBRARY>
<SECTION-1 ACLASS="MANDATORY" APARTSOURCE="SOURCE">
<TITLE ATOC="Y" AASSOCNOTE="D-0-0-0-0" ENG="Report on Major Issues／Reporting Obligations to the KRX" ATOCID="3">주요사항보고서 / 거래소 신고의무 사항</TITLE>

<TABLE ACLASS="NORMAL" AFIXTABLE="Y" WIDTH="600" BORDER="0">

<COLGROUP WIDTH="600">
<COL WIDTH="141"></COL>
<COL WIDTH="183"></COL>
<COL WIDTH="276"></COL>
</COLGROUP>

<TBODY>

<TR ACOPY="Y" ADELETE="Y" HEIGHT="30">
<TD COLSPAN="3" WIDTH="591" HEIGHT="23"></TD>
</TR>

<TR ACOPY="Y" ADELETE="Y" HEIGHT="53">
<TD COLSPAN="3" WIDTH="591" HEIGHT="46"></TD>
</TR>

<TR ACOPY="Y" ADELETE="Y" HEIGHT="30">
<TD COLSPAN="2" VALIGN="MIDDLE" WIDTH="315" HEIGHT="23">금융위원회 / 한국거래소 귀중</TD>
<TD ALIGN="RIGHT" VALIGN="MIDDLE" WIDTH="267" HEIGHT="23">2026  년    1 월    6 일</TD>
</TR>

<TR ACOPY="Y" ADELETE="Y" HEIGHT="53">
<TD COLSPAN="3" WIDTH="591" HEIGHT="46"></TD>
</TR>

<TR ACOPY="Y" ADELETE="Y" HEIGHT="30">
<TD WIDTH="132" HEIGHT="23">회     사     명  :</TD>
<TD COLSPAN="2" WIDTH="450" HEIGHT="23">주식회사 풍강</TD>
</TR>

<TR ACOPY="Y" ADELETE="Y" HEIGHT="30">
<TD WIDTH="132" HEIGHT="23">대  표   이  사  :</TD>
<TD COLSPAN="2" WIDTH="450" HEIGHT="23">김 진 용</TD>
</TR>

<TR ACOPY="Y" ADELETE="Y" HEIGHT="30">
<TD WIDTH="132" HEIGHT="23">본 점  소 재 지 :</TD>
<TD COLSPAN="2" WIDTH="450" HEIGHT="23">경기도 화성시 우정읍 남양만로 745</TD>
</TR>

<TR ACOPY="Y" ADELETE="Y" HEIGHT="30">
<TD WIDTH="132" HEIGHT="23"></TD>
<TD COLSPAN="2" WIDTH="450" HEIGHT="23">(전  화)031-359-3600</TD>
</TR>

<TR ACOPY="Y" ADELETE="Y" HEIGHT="30">
<TD WIDTH="132" HEIGHT="23"></TD>
<TD COLSPAN="2" WIDTH="450" HEIGHT="23">(홈페이지)http://www.pungkang.com</TD>
</TR>

<TR ACOPY="Y" ADELETE="Y" HEIGHT="30">
<TD WIDTH="132" HEIGHT="23"></TD>
<TD COLSPAN="2" WIDTH="450" HEIGHT="23"></TD>
</TR>

<TR ACOPY="Y" ADELETE="Y" HEIGHT="30">
<TD COLSPAN="3" WIDTH="591" HEIGHT="23"></TD>
</TR>

<TR ACOPY="Y" ADELETE="Y" HEIGHT="30">
<TD COLSPAN="3" WIDTH="591" HEIGHT="23"></TD>
</TR>

<TR ACOPY="Y" ADELETE="Y" HEIGHT="30">
<TD WIDTH="132" HEIGHT="23">작 성 책 임 자 :</TD>
<TD WIDTH="174" HEIGHT="23">(직  책)이사</TD>
<TD WIDTH="267" HEIGHT="23">(성  명)김선규</TD>
</TR>

<TR ACOPY="Y" ADELETE="Y" HEIGHT="30">
<TD WIDTH="132" HEIGHT="23"></TD>
<TD COLSPAN="2" WIDTH="450" HEIGHT="23">(전  화)031-359-3600</TD>
</TR>

<TR ACOPY="Y" ADELETE="Y" HEIGHT="30">
<TD COLSPAN="3" WIDTH="591" HEIGHT="23"></TD>
</TR>
</TBODY>
</TABLE>
<P></P>
<PGBRK></PGBRK>
</SECTION-1>
</LIBRARY>


<SECTION-1 ACLASS="MANDATORY" APARTSOURCE="SOURCE">
<TITLE ATOC="Y" AASSOCNOTE="D-0-1-0-0" ENG="Decision on Entering into Trust Contract for Acquisition of Treasury Stock" ATOCID="1">자기주식취득 신탁계약 체결 결정</TITLE>
<P></P>

<TABLE-GROUP ACLASS="TBL_ACQ_SIG" ADELETETABLE="N">

<TABLE ACLASS="EXTRACTION" AFIXTABLE="Y" WIDTH="609" BORDER="1">

<COLGROUP WIDTH="609">
<COL WIDTH="100"></COL>
<COL WIDTH="144"></COL>
<COL WIDTH="89"></COL>
<COL WIDTH="116"></COL>
<COL WIDTH="80"></COL>
<COL WIDTH="80"></COL>
</COLGROUP>

<TBODY>

<TR ACOPY="N" ADELETE="N" HEIGHT="30">
<TD COLSPAN="3" VALIGN="MIDDLE" WIDTH="324" HEIGHT="23" AUPDATECONT="N" ENG="1. Contract amount (KRW)">1. 계약금액(원)</TD>
<TE COLSPAN="3" ALIGN="RIGHT" WIDTH="267" HEIGHT="23" ACODE="SIG_PRC">1,000,000,000</TE>
</TR>

<TR ACOPY="N" ADELETE="N" HEIGHT="30">
<TD ROWSPAN="2" COLSPAN="2" VALIGN="MIDDLE" WIDTH="235" HEIGHT="53" AUPDATECONT="N" ENG="2. Contract period">2. 계약기간</TD>
<TD ALIGN="CENTER" WIDTH="80" HEIGHT="23" AUPDATECONT="N" ENG="Start date">시작일</TD>
<TU COLSPAN="3" ALIGN="CENTER" WIDTH="267" HEIGHT="23" AUNIT="SIG_BGN" AUNITVALUE="20260106">2026년 01월 06일</TU>
</TR>

<TR ACOPY="N" ADELETE="N" HEIGHT="30">
<TD ALIGN="CENTER" WIDTH="80" HEIGHT="23" AUPDATECONT="N" ENG="End date">종료일</TD>
<TU COLSPAN="3" ALIGN="CENTER" WIDTH="267" HEIGHT="23" AUNIT="SIG_END" AUNITVALUE="20270106">2027년 01월 06일</TU>
</TR>

<TR ACOPY="N" ADELETE="N" HEIGHT="30">
<TD COLSPAN="3" WIDTH="324" HEIGHT="23" AUPDATECONT="N" ENG="3. Purpose of contract">3. 계약목적</TD>
<TE COLSPAN="3" WIDTH="267" HEIGHT="23" ACODE="SIG_PPS" VALIGN="MIDDLE">자기주식 가격안정</TE>
</TR>

<TR ACOPY="N" ADELETE="N" HEIGHT="30">
<TD COLSPAN="3" WIDTH="324" HEIGHT="23" AUPDATECONT="N" ENG="4. Counterparty (Trust company)">4. 계약체결기관</TD>
<TE COLSPAN="3" WIDTH="267" HEIGHT="23" ACODE="SIG_ORG" VALIGN="MIDDLE">기업은행</TE>
</TR>

<TR ACOPY="N" ADELETE="N" HEIGHT="30">
<TD COLSPAN="3" WIDTH="324" HEIGHT="23" AUPDATECONT="N" ENG="5. Scheduled contract conclusion date">5. 계약체결 예정일자</TD>
<TU COLSPAN="3" WIDTH="267" HEIGHT="23" AUNIT="SIG_SCH" AUNITVALUE="20260106" VALIGN="MIDDLE" ALIGN="CENTER">2026년 01월 06일</TU>
</TR>

<TR ACOPY="N" ADELETE="N" HEIGHT="30">
<TD ROWSPAN="4" VALIGN="MIDDLE" WIDTH="91" HEIGHT="113" AUPDATECONT="N" ENG="6. Treasury stock holding before contract">6. 계약 전  자기주식  보유현황</TD>
<TD ROWSPAN="2" VALIGN="MIDDLE" WIDTH="135" HEIGHT="53" AUPDATECONT="N" ALIGN="CENTER" ENG="Acquisition within scope available for dividends (shrs.)">배당가능범위 내취득(주)</TD>
<TD ALIGN="CENTER" WIDTH="80" HEIGHT="23" AUPDATECONT="N" ENG="Common stock">보통주식</TD>
<TE ALIGN="RIGHT" WIDTH="107" HEIGHT="23" ACODE="HLD_OSTK">291,091</TE>
<TD ALIGN="CENTER" WIDTH="71" HEIGHT="23" AUPDATECONT="N" ENG="Ratio (%)">비율(%)</TD>
<TE ALIGN="RIGHT" WIDTH="71" HEIGHT="23" ACODE="HLD_OSTK_RT">2.9</TE>
</TR>

<TR ACOPY="N" ADELETE="N" HEIGHT="30">
<TD ALIGN="CENTER" WIDTH="80" HEIGHT="23" AUPDATECONT="N" ENG="Different classes of stocks">기타주식</TD>
<TE ALIGN="RIGHT" WIDTH="107" HEIGHT="23" ACODE="HLD_ESTK">-</TE>
<TD ALIGN="CENTER" WIDTH="71" HEIGHT="23" AUPDATECONT="N" ENG="Ratio (%)">비율(%)</TD>
<TE ALIGN="RIGHT" WIDTH="71" HEIGHT="23" ACODE="HLD_ESTK_RT">-</TE>
</TR>

<TR ACOPY="N" ADELETE="N" HEIGHT="30">
<TD ROWSPAN="2" VALIGN="MIDDLE" WIDTH="135" HEIGHT="53" AUPDATECONT="N" ALIGN="CENTER" ENG="Other acquisition (shrs.)">기타취득(주)</TD>
<TD ALIGN="CENTER" WIDTH="80" HEIGHT="23" AUPDATECONT="N" ENG="Common stock">보통주식</TD>
<TE ALIGN="RIGHT" WIDTH="107" HEIGHT="23" ACODE="EG_OSTK">-</TE>
<TD ALIGN="CENTER" WIDTH="71" HEIGHT="23" AUPDATECONT="N" ENG="Ratio (%)">비율(%)</TD>
<TE ALIGN="RIGHT" WIDTH="71" HEIGHT="23" ACODE="EG_OSTK_RT">-</TE>
</TR>

<TR ACOPY="N" ADELETE="N" HEIGHT="30">
<TD ALIGN="CENTER" WIDTH="80" HEIGHT="23" AUPDATECONT="N" ENG="Different classes of stocks">기타주식</TD>
<TE ALIGN="RIGHT" WIDTH="107" HEIGHT="23" ACODE="EG_ESTK">-</TE>
<TD ALIGN="CENTER" WIDTH="71" HEIGHT="23" AUPDATECONT="N" ENG="Ratio (%)">비율(%)</TD>
<TE ALIGN="RIGHT" WIDTH="71" HEIGHT="23" ACODE="EG_ESTK_RT">-</TE>
</TR>

<TR ACOPY="N" ADELETE="N" HEIGHT="30">
<TD COLSPAN="3" VALIGN="MIDDLE" WIDTH="324" HEIGHT="23" AUPDATECONT="N" ENG="7. Board resolution date (decision date)">7. 이사회결의일(결정일)</TD>
<TU COLSPAN="3" ALIGN="CENTER" WIDTH="267" HEIGHT="23" AUNIT="DEC_DATE" AUNITVALUE="20260106">2026년 01월 06일</TU>
</TR>

<TR ACOPY="N" ADELETE="N" HEIGHT="30">
<TD ROWSPAN="2" COLSPAN="2" VALIGN="MIDDLE" WIDTH="235" HEIGHT="53" AUPDATECONT="N" ENG="- Attendance of outside directors">   - 사외이사참석여부</TD>
<TD ALIGN="CENTER" WIDTH="80" HEIGHT="23" AUPDATECONT="N" ENG="Present (No.)">참석(명)</TD>
<TE COLSPAN="3" ALIGN="RIGHT" WIDTH="267" HEIGHT="23" ACODE="ATD_CNT">2</TE>
</TR>

<TR ACOPY="N" ADELETE="N" HEIGHT="30">
<TD ALIGN="CENTER" WIDTH="80" HEIGHT="23" AUPDATECONT="N" ENG="Absent (No.)">불참(명)</TD>
<TE COLSPAN="3" ALIGN="RIGHT" WIDTH="267" HEIGHT="23" ACODE="NATD_CNT">0</TE>
</TR>

<TR ACOPY="N" ADELETE="N" HEIGHT="30">
<TD COLSPAN="3" WIDTH="324" HEIGHT="23" AUPDATECONT="N" ENG="- Attendance of auditors (members of Audit Committee who are not outside directors)">   - 감사(사외이사가 아닌 감사위원)참석여부</TD>
<TU COLSPAN="3" ALIGN="CENTER" WIDTH="267" HEIGHT="23" AUNIT="ADT_ATD_YN" AUNITVALUE="Y" ENG="Present">참석</TU>
</TR>

<TR ACOPY="N" ADELETE="N" HEIGHT="30">
<TD COLSPAN="3" VALIGN="MIDDLE" WIDTH="324" HEIGHT="23" AUPDATECONT="N" ENG="8. Entrusted brokerage company">8. 위탁투자중개업자</TD>
<TE COLSPAN="3" WIDTH="267" HEIGHT="23" ACODE="CI_BRK" VALIGN="MIDDLE">현대증권,신영증권</TE>
</TR>

<TR ACOPY="N" ADELETE="N" HEIGHT="30">
<TD COLSPAN="2" VALIGN="MIDDLE" WIDTH="235" HEIGHT="53" AUPDATECONT="N" ROWSPAN="2" ENG="9. Number of shares to be acquired (shrs.)">9. 취득예정주식(주)</TD>
<TD VALIGN="MIDDLE" WIDTH="80" HEIGHT="23" AUPDATECONT="N" ALIGN="CENTER" ENG="Common stock">보통주식</TD>
<TE COLSPAN="3" WIDTH="267" HEIGHT="23" ACODE="ACQS_PLN_OSTK" VALIGN="MIDDLE" ALIGN="RIGHT">-</TE>
</TR>

<TR ACOPY="N" ADELETE="N" HEIGHT="30">
<TD VALIGN="MIDDLE" WIDTH="80" HEIGHT="23" AUPDATECONT="N" ALIGN="CENTER" ENG="Different classes of stocks">기타주식</TD>
<TE COLSPAN="3" WIDTH="267" HEIGHT="23" ACODE="ACQS_PLN_ESTK" VALIGN="MIDDLE" ALIGN="RIGHT">-</TE>
</TR>

<TR ACOPY="N" ADELETE="N" HEIGHT="30">
<TD COLSPAN="2" VALIGN="MIDDLE" WIDTH="235" HEIGHT="53" AUPDATECONT="N" ROWSPAN="2" ENG="10. Price of shares to be acquired (KRW)">10. 취득하고자 하는    주식의 가격(원)</TD>
<TD VALIGN="MIDDLE" WIDTH="80" HEIGHT="23" AUPDATECONT="N" ALIGN="CENTER" ENG="Common stock">보통주식</TD>
<TE COLSPAN="3" WIDTH="267" HEIGHT="23" ACODE="ACQS_PLN_OPRC" VALIGN="MIDDLE" ALIGN="RIGHT">-</TE>
</TR>

<TR ACOPY="N" ADELETE="N" HEIGHT="30">
<TD VALIGN="MIDDLE" WIDTH="80" HEIGHT="23" AUPDATECONT="N" ALIGN="CENTER" ENG="Different classes of stocks">기타주식</TD>
<TE COLSPAN="3" WIDTH="267" HEIGHT="23" ACODE="ACQS_PLN_EPRC" VALIGN="MIDDLE" ALIGN="RIGHT">-</TE>
</TR>

<TR ACOPY="N" ADELETE="N" HEIGHT="30">
<TD COLSPAN="2" VALIGN="MIDDLE" WIDTH="235" HEIGHT="53" AUPDATECONT="N" ROWSPAN="2" ENG="11. Expected holding period after acquisition">11. 취득 후 보유예상기간</TD>
<TD VALIGN="MIDDLE" WIDTH="80" HEIGHT="23" AUPDATECONT="N" ALIGN="CENTER" ENG="Common stock">보통주식</TD>
<TE COLSPAN="3" WIDTH="267" HEIGHT="23" ACODE="ACQS_PLN_OPROD" VALIGN="MIDDLE" ALIGN="CENTER">-</TE>
</TR>

<TR ACOPY="N" ADELETE="N" HEIGHT="30">
<TD VALIGN="MIDDLE" WIDTH="80" HEIGHT="23" AUPDATECONT="N" ALIGN="CENTER" ENG="Different classes of stocks">기타주식</TD>
<TE COLSPAN="3" WIDTH="267" HEIGHT="23" ACODE="ACQS_PLN_EPROD" VALIGN="MIDDLE" ALIGN="CENTER">-</TE>
</TR>
</TBODY>
</TABLE>
</TABLE-GROUP>

<TABLE ACLASS="NORMAL" AFIXTABLE="Y" WIDTH="608" BORDER="0">

<COLGROUP WIDTH="608">
<COL WIDTH="608"></COL>
</COLGROUP>

<TBODY>

<TR ACOPY="N" ADELETE="N" HEIGHT="30">
<TD WIDTH="599" HEIGHT="23" AUPDATECONT="N" ENG="12. Other matters to be factored into investment decisions">12. 기타 투자판단에 참고할 사항</TD>
</TR>
</TBODY>
</TABLE>
<P>- 상기 공시사항은 2025년 1월 6일 기 공시한 자기주식취득 신탁계약의 연장에    관한 사항임.(자기주식취득 신탁계약 체결의 최초 계약일은 2008년 1월 16일)</P>
<P></P>

<TABLE-GROUP ACLASS="TBL_ACQ_LMT" ADELETETABLE="N">

<TABLE ACLASS="NORMAL" AFIXTABLE="Y" WIDTH="600" BORDER="0">

<COLGROUP WIDTH="600">
<COL WIDTH="600"></COL>
</COLGROUP>

<TBODY>

<TR ACOPY="N" ADELETE="N" HEIGHT="30">
<TD WIDTH="591" HEIGHT="23" AUPDATECONT="N" ENG="【Limit to Treasury Stock Acquisition Amount】">【자기주식 취득금액 한도】</TD>
</TR>
</TBODY>
</TABLE>

<TABLE ACLASS="EXTRACTION" AFIXTABLE="Y" WIDTH="609" BORDER="1">

<COLGROUP WIDTH="609">
<COL WIDTH="153"></COL>
<COL WIDTH="182"></COL>
<COL WIDTH="274"></COL>
</COLGROUP>

<THEAD>

<TR ACOPY="N" ADELETE="N" HEIGHT="30">
<TH COLSPAN="2" VALIGN="MIDDLE" WIDTH="326" HEIGHT="23" ACOPYCOL="N" ADELETECOL="N" AMOVECOL="N" AUPDATECONT="N" ENG="Items">항  목</TH>
<TH VALIGN="MIDDLE" WIDTH="265" HEIGHT="23" ACOPYCOL="N" ADELETECOL="N" AMOVECOL="N" AUPDATECONT="N" ENG="Amount">금  액</TH>
</TR>
</THEAD>

<TBODY>

<TR ACOPY="N" ADELETE="N" HEIGHT="30">
<TD ROWSPAN="5" WIDTH="144" HEIGHT="212" AUPDATECONT="N" ENG="1. Limit of profits available for dividends by the Commercial Act as of the previous fiscal year end">1. 직전사업연도 말   현재 상법상   배당가능이익   한도</TD>
<TD WIDTH="173" HEIGHT="23" AUPDATECONT="N" ENG="ⓐ. Net assets">가. 순자산액</TD>
<TE WIDTH="265" HEIGHT="23" ACODE="AST_AMT" ALIGN="RIGHT">70,013,240,005</TE>
</TR>

<TR ACOPY="N" ADELETE="N" HEIGHT="30">
<TD WIDTH="173" HEIGHT="23" AUPDATECONT="N" ENG="ⓑ. Amount of capital">나. 자본금의 액</TD>
<TE WIDTH="265" HEIGHT="23" ACODE="CPT_AMT" ALIGN="RIGHT">4,939,656,500</TE>
</TR>

<TR ACOPY="N" ADELETE="N" HEIGHT="76">
<TD WIDTH="173" HEIGHT="69" AUPDATECONT="N" ENG="C. Total amount of capital reserves and earned surplus reserves accumulated up to the previous fiscal year">다. 직전 사업연도까지    적립된 자본준비금과    이익준비금의 합계액</TD>
<TE WIDTH="265" HEIGHT="69" ACODE="BSUM_CPT_PRF" ALIGN="RIGHT">13,144,842,434</TE>
</TR>

<TR ACOPY="N" ADELETE="N" HEIGHT="53">
<TD WIDTH="173" HEIGHT="46" AUPDATECONT="N" ENG="D. Unrealized gains as prescribed by Presidential Decree">라. 대통령령이 정하는    미실현이익</TD>
<TE WIDTH="265" HEIGHT="46" ACODE="URLZ_PRF" ALIGN="RIGHT">2,486,243,087</TE>
</TR>

<TR ACOPY="N" ADELETE="N" HEIGHT="30">
<TD WIDTH="173" HEIGHT="23" AUPDATECONT="N" ALIGN="CENTER" ENG="Subtotal (ⓐ-ⓑ-ⓒ-ⓓ)">소계(가-나-다-라)</TD>
<TE WIDTH="265" HEIGHT="23" ACODE="DST_PRF_LMT" ALIGN="RIGHT">49,442,497,984</TE>
</TR>

<TR ACOPY="N" ADELETE="N" HEIGHT="30">
<TD COLSPAN="2" WIDTH="326" HEIGHT="23" AUPDATECONT="N" ENG="2. Treasury stock acquisition amount after previous fiscal year end">2. 직전 사업연도말 이후 자기주식 취득금액</TD>
<TE WIDTH="265" HEIGHT="23" ACODE="ACQ_PRC" ALIGN="RIGHT">-</TE>
</TR>

<TR ACOPY="N" ADELETE="N" HEIGHT="53">
<TD COLSPAN="2" WIDTH="326" HEIGHT="46" AUPDATECONT="N" ENG="3. Amount of dividends and related earned profit reserves decided at ordinary general shareholders’ meeting after previous fiscal year end">3. 직전 사업연도말 이후 정기주주총회에서   결의된 이익배당금액 및 관련 이익준비금</TD>
<TE WIDTH="265" HEIGHT="46" ACODE="GM_PRF" ALIGN="RIGHT" VALIGN="MIDDLE">767,057,760</TE>
</TR>

<TR ACOPY="N" ADELETE="N" HEIGHT="53">
<TD COLSPAN="2" WIDTH="326" HEIGHT="46" AUPDATECONT="N" ENG="4. Amount of interim/quarterly dividends and related earned profit reserves decided by board of directors after previous fiscal year end">4. 직전 사업연도말 이후 이사회에서 결의된   분기ㆍ중간배당금액 및 관련 이익준비금</TD>
<TE WIDTH="265" HEIGHT="46" ACODE="BD_PRF" ALIGN="RIGHT" VALIGN="MIDDLE">-</TE>
</TR>

<TR ACOPY="N" ADELETE="N" HEIGHT="30">
<TD COLSPAN="2" WIDTH="326" HEIGHT="23" AUPDATECONT="N" ENG="5. Amount of trust contract">5. 신탁계약의 계약금액 </TD>
<TE WIDTH="265" HEIGHT="23" ACODE="TC_PRC" ALIGN="RIGHT">-</TE>
</TR>

<TR ACOPY="N" ADELETE="N" HEIGHT="53">
<TD COLSPAN="2" WIDTH="326" HEIGHT="46" AUPDATECONT="N" ENG="6. Acquisition cost of treasury stock sold after previous fiscal year end (moving average method)">6. 직전 사업연도말 이후 자기주식 처분시    처분주식의 취득원가 (이동평균법 적용)</TD>
<TE WIDTH="265" HEIGHT="46" ACODE="SEL_STK_FAC" ALIGN="RIGHT" VALIGN="MIDDLE">-</TE>
</TR>

<TR ACOPY="N" ADELETE="N" HEIGHT="30">
<TD COLSPAN="2" WIDTH="326" HEIGHT="23" AUPDATECONT="N" VALIGN="MIDDLE" ALIGN="CENTER" ENG="Limit to treasury stock acquisition amount (1-2-3-4-5+6)">자기주식 취득금액 한도(1-2-3-4-5+6)</TD>
<TE WIDTH="265" HEIGHT="23" ACODE="ACQ_PRC_LMT" ALIGN="RIGHT">48,675,440,224</TE>
</TR>
</TBODY>
</TABLE>
</TABLE-GROUP>
<P></P>

<TABLE-GROUP ACLASS="TBL_OWN_STK" ADELETETABLE="N">

<TABLE ACLASS="NORMAL" AFIXTABLE="Y" WIDTH="600" BORDER="0">

<COLGROUP WIDTH="600">
<COL WIDTH="600"></COL>
</COLGROUP>

<TBODY>

<TR ACOPY="N" ADELETE="N" HEIGHT="30">
<TD WIDTH="591" HEIGHT="23" AUPDATECONT="N" ENG="【Status of Treasury Stock Holding before Entering into Trust Contract】">【신탁계약 체결 전 자기주식 보유현황】</TD>
</TR>
</TBODY>
</TABLE>

<TABLE ACLASS="EXTRACTION" AFIXTABLE="Y" WIDTH="765" BORDER="0">

<COLGROUP WIDTH="765">
<COL WIDTH="765"></COL>
</COLGROUP>

<TBODY>

<TR ACOPY="N" ADELETE="N" HEIGHT="30">
<TU ALIGN="RIGHT" VALIGN="BOTTOM" WIDTH="756" HEIGHT="23" AUNIT="STOCK" AUNITVALUE="1" ENG="(Unit: shares)">(단위 : 주)</TU>
</TR>
</TBODY>
</TABLE>

<TABLE ACLASS="EXTRACTION" AFIXTABLE="Y" WIDTH="767" BORDER="1">

<COLGROUP WIDTH="767">
<COL WIDTH="62"></COL>
<COL WIDTH="58"></COL>
<COL WIDTH="123"></COL>
<COL WIDTH="99"></COL>
<COL WIDTH="71"></COL>
<COL WIDTH="73"></COL>
<COL WIDTH="74"></COL>
<COL WIDTH="72"></COL>
<COL WIDTH="69"></COL>
<COL WIDTH="66"></COL>
</COLGROUP>

<THEAD>

<TR ACOPY="N" ADELETE="N" HEIGHT="30">
<TH VALIGN="MIDDLE" WIDTH="234" HEIGHT="53" ACOPYCOL="N" ADELETECOL="N" AMOVECOL="N" AUPDATECONT="N" ROWSPAN="2" COLSPAN="3" ENG="Acquisition method">취득방법</TH>
<TH VALIGN="MIDDLE" WIDTH="90" HEIGHT="53" ACOPYCOL="N" ADELETECOL="N" AMOVECOL="N" AUPDATECONT="N" ROWSPAN="2" ENG="Type of shares">주식의 종류</TH>
<TH VALIGN="MIDDLE" WIDTH="62" HEIGHT="53" ACOPYCOL="N" ADELETECOL="N" AMOVECOL="N" AUPDATECONT="N" ROWSPAN="2" ENG="Beginning balance">기초수량</TH>
<TH VALIGN="MIDDLE" WIDTH="210" HEIGHT="23" ACOPYCOL="N" ADELETECOL="N" AMOVECOL="N" AUPDATECONT="N" COLSPAN="3" ENG="Change in quantity">변동 수량</TH>
<TH VALIGN="MIDDLE" WIDTH="60" HEIGHT="53" ACOPYCOL="N" ADELETECOL="N" AMOVECOL="N" AUPDATECONT="N" ROWSPAN="2" ENG="Closing balance">기말수량</TH>
<TH VALIGN="MIDDLE" WIDTH="57" HEIGHT="53" ACOPYCOL="N" ADELETECOL="N" AMOVECOL="N" AUPDATECONT="N" ROWSPAN="2" ENG="Note">비고</TH>
</TR>

<TR ACOPY="N" ADELETE="N" HEIGHT="30">
<TH VALIGN="MIDDLE" WIDTH="64" HEIGHT="23" ACOPYCOL="N" ADELETECOL="N" AMOVECOL="N" AUPDATECONT="N" ENG="Acquisition (+)">취득(+)</TH>
<TH VALIGN="MIDDLE" WIDTH="65" HEIGHT="23" ACOPYCOL="N" ADELETECOL="N" AMOVECOL="N" AUPDATECONT="N" ENG="Disposal (-)">처분(-)</TH>
<TH VALIGN="MIDDLE" WIDTH="63" HEIGHT="23" ACOPYCOL="N" ADELETECOL="N" AMOVECOL="N" AUPDATECONT="N" ENG="Retirement (-)">소각(-)</TH>
</TR>
</THEAD>

<TBODY>

<TR ACOPY="N" ADELETE="N" HEIGHT="30">
<TD ROWSPAN="14" ALIGN="CENTER" VALIGN="MIDDLE" WIDTH="53" HEIGHT="413" AUPDATECONT="N" ENG="Acquisition within profits available for dividends">배당가능이익범위이내취득</TD>
<TD ROWSPAN="8" ALIGN="CENTER" VALIGN="MIDDLE" WIDTH="49" HEIGHT="233" AUPDATECONT="N" ENG="Direct acquisition">직접취득</TD>
<TD ALIGN="CENTER" VALIGN="MIDDLE" WIDTH="114" HEIGHT="53" AUPDATECONT="N" ROWSPAN="2" ENG="Direct acquisition on the exchange">장내 직접 취득</TD>
<TD ALIGN="CENTER" VALIGN="MIDDLE" WIDTH="90" HEIGHT="23" AUPDATECONT="N" ENG="Common stock">보통주식</TD>
<TE ALIGN="RIGHT" VALIGN="MIDDLE" WIDTH="62" HEIGHT="23" ACODE="DI_OSTK_BGN">-</TE>
<TE ALIGN="RIGHT" VALIGN="MIDDLE" WIDTH="64" HEIGHT="23" ACODE="DI_OSTK_ACQ">-</TE>
<TE ALIGN="RIGHT" VALIGN="MIDDLE" WIDTH="65" HEIGHT="23" ACODE="DI_OSTK_TRD">-</TE>
<TE ALIGN="RIGHT" VALIGN="MIDDLE" WIDTH="63" HEIGHT="23" ACODE="DI_OSTK_RTM">-</TE>
<TE ALIGN="RIGHT" VALIGN="MIDDLE" WIDTH="60" HEIGHT="23" ACODE="DI_OSTK_END">-</TE>
<TE VALIGN="MIDDLE" WIDTH="57" HEIGHT="23" ACODE="DI_OSTK_NOTE">-</TE>
</TR>

<TR ACOPY="N" ADELETE="N" HEIGHT="30">
<TD ALIGN="CENTER" VALIGN="MIDDLE" WIDTH="90" HEIGHT="23" AUPDATECONT="N" ENG="Different classes of stocks">기타주식</TD>
<TE ALIGN="RIGHT" VALIGN="MIDDLE" WIDTH="62" HEIGHT="23" ACODE="DI_ESTK_BGN">-</TE>
<TE ALIGN="RIGHT" VALIGN="MIDDLE" WIDTH="64" HEIGHT="23" ACODE="DI_ESTK_ACQ">-</TE>
<TE ALIGN="RIGHT" VALIGN="MIDDLE" WIDTH="65" HEIGHT="23" ACODE="DI_ESTK_TRD">-</TE>
<TE ALIGN="RIGHT" VALIGN="MIDDLE" WIDTH="63" HEIGHT="23" ACODE="DI_ESTK_RTM">-</TE>
<TE ALIGN="RIGHT" VALIGN="MIDDLE" WIDTH="60" HEIGHT="23" ACODE="DI_ESTK_END">-</TE>
<TE VALIGN="MIDDLE" WIDTH="57" HEIGHT="23" ACODE="DI_ESTK_NOTE">-</TE>
</TR>

<TR ACOPY="N" ADELETE="N" HEIGHT="30">
<TD ALIGN="CENTER" VALIGN="MIDDLE" WIDTH="114" HEIGHT="53" AUPDATECONT="N" ROWSPAN="2" ENG="Direct acquisition in OTC">장외직접 취득</TD>
<TD ALIGN="CENTER" VALIGN="MIDDLE" WIDTH="90" HEIGHT="23" AUPDATECONT="N" ENG="Common stock">보통주식</TD>
<TE ALIGN="RIGHT" VALIGN="MIDDLE" WIDTH="62" HEIGHT="23" ACODE="DO_OSTK_BGN">-</TE>
<TE ALIGN="RIGHT" VALIGN="MIDDLE" WIDTH="64" HEIGHT="23" ACODE="DO_OSTK_ACQ">-</TE>
<TE ALIGN="RIGHT" VALIGN="MIDDLE" WIDTH="65" HEIGHT="23" ACODE="DO_OSTK_TRD">-</TE>
<TE ALIGN="RIGHT" VALIGN="MIDDLE" WIDTH="63" HEIGHT="23" ACODE="DO_OSTK_RTM">-</TE>
<TE ALIGN="RIGHT" VALIGN="MIDDLE" WIDTH="60" HEIGHT="23" ACODE="DO_OSTK_END">-</TE>
<TE VALIGN="MIDDLE" WIDTH="57" HEIGHT="23" ACODE="DO_OSTK_NOTE">-</TE>
</TR>

<TR ACOPY="N" ADELETE="N" HEIGHT="30">
<TD ALIGN="CENTER" VALIGN="MIDDLE" WIDTH="90" HEIGHT="23" AUPDATECONT="N" ENG="Different classes of stocks">기타주식</TD>
<TE ALIGN="RIGHT" VALIGN="MIDDLE" WIDTH="62" HEIGHT="23" ACODE="DO_ESTK_BGN">-</TE>
<TE ALIGN="RIGHT" VALIGN="MIDDLE" WIDTH="64" HEIGHT="23" ACODE="DO_ESTK_ACQ">-</TE>
<TE ALIGN="RIGHT" VALIGN="MIDDLE" WIDTH="65" HEIGHT="23" ACODE="DO_ESTK_TRD">-</TE>
<TE ALIGN="RIGHT" VALIGN="MIDDLE" WIDTH="63" HEIGHT="23" ACODE="DO_ESTK_RTM">-</TE>
<TE ALIGN="RIGHT" VALIGN="MIDDLE" WIDTH="60" HEIGHT="23" ACODE="DO_ESTK_END">-</TE>
<TE VALIGN="MIDDLE" WIDTH="57" HEIGHT="23" ACODE="DO_ESTK_NOTE">-</TE>
</TR>

<TR ACOPY="N" ADELETE="N" HEIGHT="30">
<TD ALIGN="CENTER" VALIGN="MIDDLE" WIDTH="114" HEIGHT="53" AUPDATECONT="N" ROWSPAN="2" ENG="Tender offer">공개매수</TD>
<TD ALIGN="CENTER" VALIGN="MIDDLE" WIDTH="90" HEIGHT="23" AUPDATECONT="N" ENG="Common stock">보통주식</TD>
<TE ALIGN="RIGHT" VALIGN="MIDDLE" WIDTH="62" HEIGHT="23" ACODE="DP_OSTK_BGN">-</TE>
<TE ALIGN="RIGHT" VALIGN="MIDDLE" WIDTH="64" HEIGHT="23" ACODE="DP_OSTK_ACQ">-</TE>
<TE ALIGN="RIGHT" VALIGN="MIDDLE" WIDTH="65" HEIGHT="23" ACODE="DP_OSTK_TRD">-</TE>
<TE ALIGN="RIGHT" VALIGN="MIDDLE" WIDTH="63" HEIGHT="23" ACODE="DP_OSTK_RTM">-</TE>
<TE ALIGN="RIGHT" VALIGN="MIDDLE" WIDTH="60" HEIGHT="23" ACODE="DP_OSTK_END">-</TE>
<TE VALIGN="MIDDLE" WIDTH="57" HEIGHT="23" ACODE="DP_OSTK_NOTE">-</TE>
</TR>

<TR ACOPY="N" ADELETE="N" HEIGHT="30">
<TD ALIGN="CENTER" VALIGN="MIDDLE" WIDTH="90" HEIGHT="23" AUPDATECONT="N" ENG="Different classes of stocks">기타주식</TD>
<TE ALIGN="RIGHT" VALIGN="MIDDLE" WIDTH="62" HEIGHT="23" ACODE="DP_ESTK_BGN">-</TE>
<TE ALIGN="RIGHT" VALIGN="MIDDLE" WIDTH="64" HEIGHT="23" ACODE="DP_ESTK_ACQ">-</TE>
<TE ALIGN="RIGHT" VALIGN="MIDDLE" WIDTH="65" HEIGHT="23" ACODE="DP_ESTK_TRD">-</TE>
<TE ALIGN="RIGHT" VALIGN="MIDDLE" WIDTH="63" HEIGHT="23" ACODE="DP_ESTK_RTM">-</TE>
<TE ALIGN="RIGHT" VALIGN="MIDDLE" WIDTH="60" HEIGHT="23" ACODE="DP_ESTK_END">-</TE>
<TE VALIGN="MIDDLE" WIDTH="57" HEIGHT="23" ACODE="DP_ESTK_NOTE">-</TE>
</TR>

<TR ACOPY="N" ADELETE="N" HEIGHT="30">
<TD ALIGN="CENTER" VALIGN="MIDDLE" WIDTH="114" HEIGHT="53" AUPDATECONT="N" ROWSPAN="2" ENG="Subtotal (a)">소계(a)</TD>
<TD ALIGN="CENTER" VALIGN="MIDDLE" WIDTH="90" HEIGHT="23" AUPDATECONT="N" ENG="Common stock">보통주식</TD>
<TE ALIGN="RIGHT" VALIGN="MIDDLE" WIDTH="62" HEIGHT="23" ACODE="DSUM_OSTK_BGN">-</TE>
<TE ALIGN="RIGHT" VALIGN="MIDDLE" WIDTH="64" HEIGHT="23" ACODE="DSUM_OSTK_ACQ">-</TE>
<TE ALIGN="RIGHT" VALIGN="MIDDLE" WIDTH="65" HEIGHT="23" ACODE="DSUM_OSTK_TRD">-</TE>
<TE ALIGN="RIGHT" VALIGN="MIDDLE" WIDTH="63" HEIGHT="23" ACODE="DSUM_OSTK_RTM">-</TE>
<TE ALIGN="RIGHT" VALIGN="MIDDLE" WIDTH="60" HEIGHT="23" ACODE="DSUM_OSTK_END">-</TE>
<TE VALIGN="MIDDLE" WIDTH="57" HEIGHT="23" ACODE="DSUM_OSTK_NOTE">-</TE>
</TR>

<TR ACOPY="N" ADELETE="N" HEIGHT="30">
<TD ALIGN="CENTER" VALIGN="MIDDLE" WIDTH="90" HEIGHT="23" AUPDATECONT="N" ENG="Different classes of stocks">기타주식</TD>
<TE ALIGN="RIGHT" VALIGN="MIDDLE" WIDTH="62" HEIGHT="23" ACODE="DSUM_ESTK_BGN">-</TE>
<TE ALIGN="RIGHT" VALIGN="MIDDLE" WIDTH="64" HEIGHT="23" ACODE="DSUM_ESTK_ACQ">-</TE>
<TE ALIGN="RIGHT" VALIGN="MIDDLE" WIDTH="65" HEIGHT="23" ACODE="DSUM_ESTK_TRD">-</TE>
<TE ALIGN="RIGHT" VALIGN="MIDDLE" WIDTH="63" HEIGHT="23" ACODE="DSUM_ESTK_RTM">-</TE>
<TE ALIGN="RIGHT" VALIGN="MIDDLE" WIDTH="60" HEIGHT="23" ACODE="DSUM_ESTK_END">-</TE>
<TE VALIGN="MIDDLE" WIDTH="57" HEIGHT="23" ACODE="DSUM_ESTK_NOTE">-</TE>
</TR>

<TR ACOPY="N" ADELETE="N" HEIGHT="30">
<TD ROWSPAN="6" ALIGN="CENTER" VALIGN="MIDDLE" WIDTH="49" HEIGHT="173" AUPDATECONT="N" ENG="Acquisition by trust contract">신탁계약에 의한취득</TD>
<TD ALIGN="CENTER" VALIGN="MIDDLE" WIDTH="114" HEIGHT="53" AUPDATECONT="N" ROWSPAN="2" ENG="Number of shares indirectly held through trust contracts">수탁자 보유물량</TD>
<TD ALIGN="CENTER" VALIGN="MIDDLE" WIDTH="90" HEIGHT="23" AUPDATECONT="N" ENG="Common stock">보통주식</TD>
<TE ALIGN="RIGHT" VALIGN="MIDDLE" WIDTH="62" HEIGHT="23" ACODE="TF_OSTK_BGN">291,091</TE>
<TE ALIGN="RIGHT" VALIGN="MIDDLE" WIDTH="64" HEIGHT="23" ACODE="TF_OSTK_ACQ">-</TE>
<TE ALIGN="RIGHT" VALIGN="MIDDLE" WIDTH="65" HEIGHT="23" ACODE="TF_OSTK_TRD">-</TE>
<TE ALIGN="RIGHT" VALIGN="MIDDLE" WIDTH="63" HEIGHT="23" ACODE="TF_OSTK_RTM">-</TE>
<TE ALIGN="RIGHT" VALIGN="MIDDLE" WIDTH="60" HEIGHT="23" ACODE="TF_OSTK_END">291,091</TE>
<TE VALIGN="MIDDLE" WIDTH="57" HEIGHT="23" ACODE="TF_OSTK_NOTE">-</TE>
</TR>

<TR ACOPY="N" ADELETE="N" HEIGHT="30">
<TD ALIGN="CENTER" VALIGN="MIDDLE" WIDTH="90" HEIGHT="23" AUPDATECONT="N" ENG="Different classes of stocks">기타주식</TD>
<TE ALIGN="RIGHT" VALIGN="MIDDLE" WIDTH="62" HEIGHT="23" ACODE="TF_ESTK_BGN">-</TE>
<TE ALIGN="RIGHT" VALIGN="MIDDLE" WIDTH="64" HEIGHT="23" ACODE="TF_ESTK_ACQ">-</TE>
<TE ALIGN="RIGHT" VALIGN="MIDDLE" WIDTH="65" HEIGHT="23" ACODE="TF_ESTK_TRD">-</TE>
<TE ALIGN="RIGHT" VALIGN="MIDDLE" WIDTH="63" HEIGHT="23" ACODE="TF_ESTK_RTM">-</TE>
<TE ALIGN="RIGHT" VALIGN="MIDDLE" WIDTH="60" HEIGHT="23" ACODE="TF_ESTK_END">-</TE>
<TE VALIGN="MIDDLE" WIDTH="57" HEIGHT="23" ACODE="TF_ESTK_NOTE">-</TE>
</TR>

<TR ACOPY="N" ADELETE="N" HEIGHT="30">
<TD ALIGN="CENTER" VALIGN="MIDDLE" WIDTH="114" HEIGHT="53" AUPDATECONT="N" ROWSPAN="2" ENG="Number of shares directly held">현물보유물량</TD>
<TD ALIGN="CENTER" VALIGN="MIDDLE" WIDTH="90" HEIGHT="23" AUPDATECONT="N" ENG="Common stock">보통주식</TD>
<TE ALIGN="RIGHT" VALIGN="MIDDLE" WIDTH="62" HEIGHT="23" ACODE="TS_OSTK_BGN">-</TE>
<TE ALIGN="RIGHT" VALIGN="MIDDLE" WIDTH="64" HEIGHT="23" ACODE="TS_OSTK_ACQ">-</TE>
<TE ALIGN="RIGHT" VALIGN="MIDDLE" WIDTH="65" HEIGHT="23" ACODE="TS_OSTK_TRD">-</TE>
<TE ALIGN="RIGHT" VALIGN="MIDDLE" WIDTH="63" HEIGHT="23" ACODE="TS_OSTK_RTM">-</TE>
<TE ALIGN="RIGHT" VALIGN="MIDDLE" WIDTH="60" HEIGHT="23" ACODE="TS_OSTK_END">-</TE>
<TE VALIGN="MIDDLE" WIDTH="57" HEIGHT="23" ACODE="TS_OSTK_NOTE">-</TE>
</TR>

<TR ACOPY="N" ADELETE="N" HEIGHT="30">
<TD ALIGN="CENTER" VALIGN="MIDDLE" WIDTH="90" HEIGHT="23" AUPDATECONT="N" ENG="Different classes of stocks">기타주식</TD>
<TE ALIGN="RIGHT" VALIGN="MIDDLE" WIDTH="62" HEIGHT="23" ACODE="TS_ESTK_BGN">-</TE>
<TE ALIGN="RIGHT" VALIGN="MIDDLE" WIDTH="64" HEIGHT="23" ACODE="TS_ESTK_ACQ">-</TE>
<TE ALIGN="RIGHT" VALIGN="MIDDLE" WIDTH="65" HEIGHT="23" ACODE="TS_ESTK_TRD">-</TE>
<TE ALIGN="RIGHT" VALIGN="MIDDLE" WIDTH="63" HEIGHT="23" ACODE="TS_ESTK_RTM">-</TE>
<TE ALIGN="RIGHT" VALIGN="MIDDLE" WIDTH="60" HEIGHT="23" ACODE="TS_ESTK_END">-</TE>
<TE VALIGN="MIDDLE" WIDTH="57" HEIGHT="23" ACODE="TS_ESTK_NOTE">-</TE>
</TR>

<TR ACOPY="N" ADELETE="N" HEIGHT="30">
<TD ALIGN="CENTER" VALIGN="MIDDLE" WIDTH="114" HEIGHT="53" AUPDATECONT="N" ROWSPAN="2" ENG="Subtotal (b)">소계(b)</TD>
<TD ALIGN="CENTER" VALIGN="MIDDLE" WIDTH="90" HEIGHT="23" AUPDATECONT="N" ENG="Common stock">보통주식</TD>
<TE ALIGN="RIGHT" VALIGN="MIDDLE" WIDTH="62" HEIGHT="23" ACODE="TSUM_OSTK_BGN">291,091</TE>
<TE ALIGN="RIGHT" VALIGN="MIDDLE" WIDTH="64" HEIGHT="23" ACODE="TSUM_OSTK_ACQ">-</TE>
<TE ALIGN="RIGHT" VALIGN="MIDDLE" WIDTH="65" HEIGHT="23" ACODE="TSUM_OSTK_TRD">-</TE>
<TE ALIGN="RIGHT" VALIGN="MIDDLE" WIDTH="63" HEIGHT="23" ACODE="TSUM_OSTK_RTM">-</TE>
<TE ALIGN="RIGHT" VALIGN="MIDDLE" WIDTH="60" HEIGHT="23" ACODE="TSUM_OSTK_END">291,091</TE>
<TE VALIGN="MIDDLE" WIDTH="57" HEIGHT="23" ACODE="TSUM_OSTK_NOTE">-</TE>
</TR>

<TR ACOPY="N" ADELETE="N" HEIGHT="30">
<TD ALIGN="CENTER" VALIGN="MIDDLE" WIDTH="90" HEIGHT="23" AUPDATECONT="N" ENG="Different classes of stocks">기타주식</TD>
<TE ALIGN="RIGHT" VALIGN="MIDDLE" WIDTH="62" HEIGHT="23" ACODE="TSUM_ESTK_BGN">-</TE>
<TE ALIGN="RIGHT" VALIGN="MIDDLE" WIDTH="64" HEIGHT="23" ACODE="TSUM_ESTK_ACQ">-</TE>
<TE ALIGN="RIGHT" VALIGN="MIDDLE" WIDTH="65" HEIGHT="23" ACODE="TSUM_ESTK_TRD">-</TE>
<TE ALIGN="RIGHT" VALIGN="MIDDLE" WIDTH="63" HEIGHT="23" ACODE="TSUM_ESTK_RTM">-</TE>
<TE ALIGN="RIGHT" VALIGN="MIDDLE" WIDTH="60" HEIGHT="23" ACODE="TSUM_ESTK_END">-</TE>
<TE VALIGN="MIDDLE" WIDTH="57" HEIGHT="23" ACODE="TSUM_ESTK_NOTE">-</TE>
</TR>

<TR ACOPY="N" ADELETE="N" HEIGHT="30">
<TD ROWSPAN="2" ALIGN="CENTER" VALIGN="MIDDLE" WIDTH="234" HEIGHT="53" AUPDATECONT="N" COLSPAN="3" ENG="Other acquisition (c)">기타 취득(c)</TD>
<TD ALIGN="CENTER" VALIGN="MIDDLE" WIDTH="90" HEIGHT="23" AUPDATECONT="N" ENG="Common stock">보통주식</TD>
<TE ALIGN="RIGHT" VALIGN="MIDDLE" WIDTH="62" HEIGHT="23" ACODE="EG_OSTK_BGN">-</TE>
<TE ALIGN="RIGHT" VALIGN="MIDDLE" WIDTH="64" HEIGHT="23" ACODE="EG_OSTK_ACQ">-</TE>
<TE ALIGN="RIGHT" VALIGN="MIDDLE" WIDTH="65" HEIGHT="23" ACODE="EG_OSTK_TRD">-</TE>
<TE ALIGN="RIGHT" VALIGN="MIDDLE" WIDTH="63" HEIGHT="23" ACODE="EG_OSTK_RTM">-</TE>
<TE ALIGN="RIGHT" VALIGN="MIDDLE" WIDTH="60" HEIGHT="23" ACODE="EG_OSTK_END">-</TE>
<TE VALIGN="MIDDLE" WIDTH="57" HEIGHT="23" ACODE="EG_OSTK_NOTE">-</TE>
</TR>

<TR ACOPY="N" ADELETE="N" HEIGHT="30">
<TD ALIGN="CENTER" VALIGN="MIDDLE" WIDTH="90" HEIGHT="23" AUPDATECONT="N" ENG="Different classes of stocks">기타주식</TD>
<TE ALIGN="RIGHT" VALIGN="MIDDLE" WIDTH="62" HEIGHT="23" ACODE="EG_ESTK_BGN">-</TE>
<TE ALIGN="RIGHT" VALIGN="MIDDLE" WIDTH="64" HEIGHT="23" ACODE="EG_ESTK_ACQ">-</TE>
<TE ALIGN="RIGHT" VALIGN="MIDDLE" WIDTH="65" HEIGHT="23" ACODE="EG_ESTK_TRD">-</TE>
<TE ALIGN="RIGHT" VALIGN="MIDDLE" WIDTH="63" HEIGHT="23" ACODE="EG_ESTK_RTM">-</TE>
<TE ALIGN="RIGHT" VALIGN="MIDDLE" WIDTH="60" HEIGHT="23" ACODE="EG_ESTK_END">-</TE>
<TE VALIGN="MIDDLE" WIDTH="57" HEIGHT="23" ACODE="EG_ESTK_NOTE">-</TE>
</TR>

<TR ACOPY="N" ADELETE="N" HEIGHT="30">
<TD ROWSPAN="2" ALIGN="CENTER" VALIGN="MIDDLE" WIDTH="234" HEIGHT="53" AUPDATECONT="N" COLSPAN="3" ENG="Total (a+b+c)">총 계(a+b+c)</TD>
<TD ALIGN="CENTER" VALIGN="MIDDLE" WIDTH="90" HEIGHT="23" AUPDATECONT="N" ENG="Common stock">보통주식</TD>
<TE ALIGN="RIGHT" VALIGN="MIDDLE" WIDTH="62" HEIGHT="23" ACODE="TOT_OSTK_BGN">291,091</TE>
<TE ALIGN="RIGHT" VALIGN="MIDDLE" WIDTH="64" HEIGHT="23" ACODE="TOT_OSTK_ACQ">-</TE>
<TE ALIGN="RIGHT" VALIGN="MIDDLE" WIDTH="65" HEIGHT="23" ACODE="TOT_OSTK_TRD">-</TE>
<TE ALIGN="RIGHT" VALIGN="MIDDLE" WIDTH="63" HEIGHT="23" ACODE="TOT_OSTK_RTM">-</TE>
<TE ALIGN="RIGHT" VALIGN="MIDDLE" WIDTH="60" HEIGHT="23" ACODE="TOT_OSTK_END">291,091</TE>
<TE VALIGN="MIDDLE" WIDTH="57" HEIGHT="23" ACODE="TOT_OSTK_NOTE">-</TE>
</TR>

<TR ACOPY="N" ADELETE="N" HEIGHT="30">
<TD ALIGN="CENTER" VALIGN="MIDDLE" WIDTH="90" HEIGHT="23" AUPDATECONT="N" ENG="Different classes of stocks">기타주식</TD>
<TE ALIGN="RIGHT" VALIGN="MIDDLE" WIDTH="62" HEIGHT="23" ACODE="TOT_ESTK_BGN">-</TE>
<TE ALIGN="RIGHT" VALIGN="MIDDLE" WIDTH="64" HEIGHT="23" ACODE="TOT_ESTK_ACQ">-</TE>
<TE ALIGN="RIGHT" VALIGN="MIDDLE" WIDTH="65" HEIGHT="23" ACODE="TOT_ESTK_TRD">-</TE>
<TE ALIGN="RIGHT" VALIGN="MIDDLE" WIDTH="63" HEIGHT="23" ACODE="TOT_ESTK_RTM">-</TE>
<TE ALIGN="RIGHT" VALIGN="MIDDLE" WIDTH="60" HEIGHT="23" ACODE="TOT_ESTK_END">-</TE>
<TE VALIGN="MIDDLE" WIDTH="57" HEIGHT="23" ACODE="TOT_ESTK_NOTE">-</TE>
</TR>
</TBODY>
</TABLE>
</TABLE-GROUP>
<P></P>
<P></P>
</SECTION-1>
</BODY>
</DOCUMENT>