<?xml version="1.0" encoding="utf-8"?>


<DOCUMENT xmlns:xsi="http://www.w3.org/2001/XMLSchema-instance" xsi:noNamespaceSchemaLocation="dart4.xsd">

<DOCUMENT-NAME ACODE="10800">증권발행실적보고서</DOCUMENT-NAME>
<FORMULA-VERSION SUBVER="1" ADATE="20230828">6.0</FORMULA-VERSION>
<COMPANY-NAME AREGCIK="00137997">현대차증권</COMPANY-NAME>


<BODY ATOCID="10">

<COVER>
<COVER-TITLE ATOC="Y" AASSOCNOTE="COVER" ATOCID="1" ENG="Post-Issuance Report">증권발행실적보고서</COVER-TITLE>

<TABLE ACLASS="NORMAL" AFIXTABLE="N" WIDTH="600" BORDER="0">

<COLGROUP WIDTH="600">
<COL WIDTH="161"></COL>
<COL WIDTH="439"></COL>
</COLGROUP>

<TBODY>

<TR ACOPY="Y" ADELETE="Y" HEIGHT="53">
<TD CLASS="NORMAL" COLSPAN="2" WIDTH="591" HEIGHT="46"></TD>
</TR>

<TR ACOPY="Y" ADELETE="Y" HEIGHT="53">
<TD CLASS="NORMAL" WIDTH="152" HEIGHT="46">금융감독원장 귀하</TD>
<TD CLASS="NORMAL" ALIGN="RIGHT" WIDTH="430" HEIGHT="46">2026년 01월 06일</TD>
</TR>

<TR ACOPY="Y" ADELETE="Y" HEIGHT="30">
<TD CLASS="NORMAL" WIDTH="152" HEIGHT="23"></TD>
<TD CLASS="NORMAL" WIDTH="430" HEIGHT="23"></TD>
</TR>

<TR ACOPY="Y" ADELETE="Y" HEIGHT="53">
<TD CLASS="NORMAL" WIDTH="152" HEIGHT="46">회       사       명 :</TD>
<TD CLASS="NORMAL" WIDTH="430" HEIGHT="46">현대차증권 주식회사</TD>
</TR>

<TR ACOPY="Y" ADELETE="Y" HEIGHT="31">
<TD CLASS="NORMAL" WIDTH="152" HEIGHT="24">대   표     이   사 :</TD>
<TD CLASS="NORMAL" USERMARK="F-12 " WIDTH="430" HEIGHT="24">배   형   근    (인)</TD>
</TR>

<TR ACOPY="Y" ADELETE="Y" HEIGHT="30">
<TD CLASS="NORMAL" WIDTH="152" HEIGHT="23">본  점  소  재  지 :</TD>
<TD CLASS="NORMAL" WIDTH="430" HEIGHT="23">서울특별시 영등포구 국제금융로2길 28</TD>
</TR>

<TR ACOPY="Y" ADELETE="Y" HEIGHT="30">
<TD CLASS="NORMAL" WIDTH="152" HEIGHT="23"></TD>
<TD CLASS="NORMAL" WIDTH="430" HEIGHT="23">(전  화) 02) 3787-2114</TD>
</TR>

<TR ACOPY="Y" ADELETE="Y" HEIGHT="30">
<TD CLASS="NORMAL" WIDTH="152" HEIGHT="23"></TD>
<TD CLASS="NORMAL" WIDTH="430" HEIGHT="23">(홈페이지) http://www.hmsec.com</TD>
</TR>

<TR ACOPY="Y" ADELETE="Y" HEIGHT="30">
<TD CLASS="NORMAL" WIDTH="152" HEIGHT="23"></TD>
<TD CLASS="NORMAL" WIDTH="430" HEIGHT="23"></TD>
</TR>

<TR ACOPY="Y" ADELETE="Y" HEIGHT="30">
<TD CLASS="NORMAL" WIDTH="152" HEIGHT="23">작  성  책  임  자 :</TD>
<TD CLASS="NORMAL" WIDTH="430" HEIGHT="23">(직  책)  파생시장팀장                 (성  명) 임 진 호 </TD>
</TR>

<TR ACOPY="Y" ADELETE="Y" HEIGHT="30">
<TD CLASS="NORMAL" WIDTH="152" HEIGHT="23"></TD>
<TD CLASS="NORMAL" WIDTH="430" HEIGHT="23">(전  화) 02) 3787-2029</TD>
</TR>

<TR ACOPY="Y" ADELETE="Y" HEIGHT="53">
<TD CLASS="NORMAL" WIDTH="152" HEIGHT="46"></TD>
<TD CLASS="NORMAL" WIDTH="430" HEIGHT="46"></TD>
</TR>
</TBODY>
</TABLE>
</COVER>

<SECTION-1 ACLASS="MANDATORY" APARTSOURCE="SOURCE">

<LIBRARY>
<SECTION-2 ACLASS="MANDATORY">
<TITLE ATOC="Y" AASSOCNOTE="L-0-0-1-0" ATOCID="2" ENG="Ⅰ. Subscription and Allotment">Ⅰ. 청약 및 배정에 관한 사항</TITLE>

<SECTION-3 ACLASS="MANDATORY">
<TITLE ATOC="Y" ATOCID="3" ENG="1. Subscription and payment schedule">1. 청약 및 납입일정</TITLE>

<TABLE-GROUP ACLASS="SB_DT_DV" ADELETETABLE="N">

<TABLE ACLASS="EXTRACTION" AFIXTABLE="N" WIDTH="600" BORDER="1">

<COLGROUP WIDTH="600">
<COL WIDTH="150"></COL>
<COL WIDTH="150"></COL>
<COL WIDTH="150"></COL>
<COL WIDTH="150"></COL>
</COLGROUP>

<THEAD>

<TR ACOPY="N" ADELETE="N" HEIGHT="30">
<TH VALIGN="MIDDLE" WIDTH="141" ACOPYCOL="N" ADELETECOL="N" AMOVECOL="N" AUPDATECONT="N" HEIGHT="23" ENG="Type of securities">증권의 종류</TH>
<TH VALIGN="MIDDLE" WIDTH="141" ACOPYCOL="N" ADELETECOL="N" AMOVECOL="N" AUPDATECONT="N" HEIGHT="23" ENG="Subscription start date">청약 개시일</TH>
<TH VALIGN="MIDDLE" WIDTH="141" ACOPYCOL="N" ADELETECOL="N" AMOVECOL="N" AUPDATECONT="N" HEIGHT="23" ENG="Subscription closing date">청약 종료일</TH>
<TH VALIGN="MIDDLE" WIDTH="141" ACOPYCOL="N" ADELETECOL="N" AMOVECOL="N" AUPDATECONT="N" HEIGHT="23" ENG="Payment date">납입일</TH>
</TR>
</THEAD>

<TBODY>

<TR ACOPY="Y" ADELETE="N" HEIGHT="30">
<TU ALIGN="CENTER" VALIGN="MIDDLE" AUNIT="STK_KND" AUNITVALUE="5" WIDTH="141" HEIGHT="23" ENG="Other derivatives-linked bonds">기타파생결합사채</TU>
<TU ALIGN="CENTER" VALIGN="MIDDLE" AUNIT="SB_STR_DT" AUNITVALUE="20260106" WIDTH="141" HEIGHT="23">2026년 01월 06일</TU>
<TU ALIGN="CENTER" VALIGN="MIDDLE" AUNIT="SB_END_DT" AUNITVALUE="20260106" WIDTH="141" HEIGHT="23">2026년 01월 06일</TU>
<TU ALIGN="CENTER" VALIGN="MIDDLE" AUNIT="PYM_DT" AUNITVALUE="20260106" WIDTH="141" HEIGHT="23">2026년 01월 06일</TU>
</TR>
</TBODY>
</TABLE>
</TABLE-GROUP>
<P></P>
</SECTION-3>

<SECTION-3 ACLASS="MANDATORY">
<TITLE ATOC="Y" ATOCID="4" ENG="2. Underwriting amount by underwriting institution">2. 인수기관별 인수금액</TITLE>

<TABLE-GROUP ACLASS="ACC_AMT_DV" ADELETETABLE="N">

<TABLE ACLASS="EXTRACTION" AFIXTABLE="Y" WIDTH="600" BORDER="0">

<COLGROUP WIDTH="600">
<COL WIDTH="300"></COL>
<COL WIDTH="300"></COL>
</COLGROUP>

<TBODY>

<TR ACOPY="N" ADELETE="N" HEIGHT="30">
<TD VALIGN="BOTTOM" WIDTH="291" HEIGHT="23"></TD>
<TU ALIGN="RIGHT" VALIGN="BOTTOM" WIDTH="291" AUNIT="WON" AUNITVALUE="1" HEIGHT="23" ENG="(Unit: KRW)">(단위 : 원)</TU>
</TR>
</TBODY>
</TABLE>

<TABLE ACLASS="EXTRACTION" AFIXTABLE="N" WIDTH="600" BORDER="1">

<COLGROUP WIDTH="600">
<COL WIDTH="148"></COL>
<COL WIDTH="147"></COL>
<COL WIDTH="191"></COL>
<COL WIDTH="114"></COL>
</COLGROUP>

<THEAD>

<TR ACOPY="N" ADELETE="N" HEIGHT="30">
<TH VALIGN="MIDDLE" WIDTH="139" ACOPYCOL="N" ADELETECOL="N" AMOVECOL="N" AUPDATECONT="N" HEIGHT="23" ENG="Underwriting institution">인수기관</TH>
<TH VALIGN="MIDDLE" WIDTH="138" ACOPYCOL="N" ADELETECOL="N" AMOVECOL="N" AUPDATECONT="N" HEIGHT="23" ENG="Ordinal">회 차</TH>
<TH VALIGN="MIDDLE" WIDTH="182" ACOPYCOL="N" ADELETECOL="N" AMOVECOL="N" AUPDATECONT="N" HEIGHT="23" ENG="Underwriting amount">인수금액</TH>
<TH VALIGN="MIDDLE" WIDTH="105" ACOPYCOL="N" ADELETECOL="N" AMOVECOL="N" AUPDATECONT="N" HEIGHT="23" ENG="Ratio">비 율</TH>
</TR>
</THEAD>

<TBODY>

<TR ACOPY="Y" ADELETE="N" HEIGHT="30">
<TE ALIGN="CENTER" VALIGN="MIDDLE" ACODE="ACC_ORG" WIDTH="139" HEIGHT="23">-</TE>
<TE ALIGN="CENTER" VALIGN="MIDDLE" ACODE="SEQ_NO2" WIDTH="138" HEIGHT="23">-</TE>
<TE ALIGN="CENTER" VALIGN="MIDDLE" ACODE="ACC_AMT" WIDTH="182" HEIGHT="23">-</TE>
<TE ALIGN="CENTER" VALIGN="MIDDLE" ACODE="ACC_RT" WIDTH="105" HEIGHT="23">-</TE>
</TR>
</TBODY>
</TABLE>
</TABLE-GROUP>
<P USERMARK="F-GL ">발행사인 현대차증권 주식회사가 직접 모집하였으므로 인수기관이 없습니다.</P>
<P></P>
</SECTION-3>

<SECTION-3 ACLASS="MANDATORY">
<TITLE ATOC="Y" ATOCID="5" ENG="3. Subscription and allotment status">3. 청약 및 배정현황</TITLE>

<TABLE-GROUP ACLASS="DST_CD_DV" ADELETETABLE="N">

<TABLE ACLASS="EXTRACTION" AFIXTABLE="Y" WIDTH="747" BORDER="0">

<COLGROUP WIDTH="747">
<COL WIDTH="602"></COL>
<COL WIDTH="145"></COL>
</COLGROUP>

<TBODY>

<TR ACOPY="Y" ADELETE="Y" HEIGHT="30">
<TD WIDTH="593" HEIGHT="23"></TD>
<TU ALIGN="RIGHT" WIDTH="136" AUNIT="WONSTOCKPERCENT" AUNITVALUE="1" HEIGHT="23" ENG="(Unit: KRW, shares, %)">(단위 : 원, 주, %)</TU>
</TR>
</TBODY>
</TABLE>

<TABLE ACLASS="EXTRACTION" AFIXTABLE="N" WIDTH="747" BORDER="1">

<COLGROUP WIDTH="747">
<COL WIDTH="70"></COL>
<COL WIDTH="146"></COL>
<COL WIDTH="61"></COL>
<COL WIDTH="144"></COL>
<COL WIDTH="59"></COL>
<COL WIDTH="64"></COL>
<COL WIDTH="145"></COL>
<COL WIDTH="58"></COL>
</COLGROUP>

<THEAD>

<TR ACOPY="N" ADELETE="N" HEIGHT="30">
<TH ROWSPAN="2" VALIGN="MIDDLE" WIDTH="61" ACOPYCOL="N" ADELETECOL="N" AMOVECOL="N" AUPDATECONT="N" HEIGHT="53" ENG="Ordinal">회 차</TH>
<TH VALIGN="MIDDLE" WIDTH="137" ACOPYCOL="N" ADELETECOL="N" AMOVECOL="N" AUPDATECONT="N" ROWSPAN="2" HEIGHT="53" ENG="Total amount of offering">모집 총액</TH>
<TH COLSPAN="3" VALIGN="MIDDLE" WIDTH="255" ACOPYCOL="N" ADELETECOL="N" AMOVECOL="N" AUPDATECONT="N" HEIGHT="23" ENG="Subscription status">청약현황</TH>
<TH COLSPAN="3" VALIGN="MIDDLE" WIDTH="258" ACOPYCOL="N" ADELETECOL="N" AMOVECOL="N" AUPDATECONT="N" HEIGHT="23" ENG="Final allotment status">최종배정현황</TH>
</TR>

<TR ACOPY="N" ADELETE="N" HEIGHT="30">
<TH VALIGN="MIDDLE" ACOPYCOL="N" ADELETECOL="N" AMOVECOL="N" AUPDATECONT="N" WIDTH="52" HEIGHT="23" ENG="Number of cases">건수</TH>
<TH VALIGN="MIDDLE" ACOPYCOL="N" ADELETECOL="N" AMOVECOL="N" AUPDATECONT="N" WIDTH="135" HEIGHT="23" ENG="Amount">금액</TH>
<TH VALIGN="MIDDLE" ACOPYCOL="N" ADELETECOL="N" AMOVECOL="N" AUPDATECONT="N" WIDTH="50" HEIGHT="23" ENG="Ratio">비율</TH>
<TH VALIGN="MIDDLE" ACOPYCOL="N" ADELETECOL="N" AMOVECOL="N" AUPDATECONT="N" WIDTH="55" HEIGHT="23" ENG="Number of cases">건수</TH>
<TH VALIGN="MIDDLE" ACOPYCOL="N" ADELETECOL="N" AMOVECOL="N" AUPDATECONT="N" WIDTH="136" HEIGHT="23" ENG="Amount">금액</TH>
<TH VALIGN="MIDDLE" ACOPYCOL="N" ADELETECOL="N" AMOVECOL="N" AUPDATECONT="N" WIDTH="49" HEIGHT="23" ENG="Ratio">비율</TH>
</TR>
</THEAD>

<TBODY>

<TR ACOPY="Y" ADELETE="N" HEIGHT="30">
<TE ALIGN="CENTER" ACODE="SEQ_NO2" WIDTH="61" HEIGHT="23">568</TE>
<TE ALIGN="RIGHT" ACODE="TOT_RET_AMT" VALIGN="MIDDLE" WIDTH="137" HEIGHT="23">9,995,000,000</TE>
<TE ALIGN="RIGHT" ACODE="SB_CNT" VALIGN="MIDDLE" WIDTH="52" HEIGHT="23">0</TE>
<TE ALIGN="RIGHT" ACODE="SB_AMT" VALIGN="MIDDLE" WIDTH="135" HEIGHT="23">0</TE>
<TE ALIGN="RIGHT" ACODE="SB_RT" VALIGN="MIDDLE" WIDTH="50" HEIGHT="23">0</TE>
<TE ALIGN="RIGHT" ACODE="DV_CNT" VALIGN="MIDDLE" WIDTH="55" HEIGHT="23">0</TE>
<TE ALIGN="RIGHT" ACODE="DV_AMT" VALIGN="MIDDLE" WIDTH="136" HEIGHT="23">0</TE>
<TE ALIGN="RIGHT" ACODE="DV_RT" VALIGN="MIDDLE" WIDTH="49" HEIGHT="23">0</TE>
</TR>

<TR ACOPY="Y" ADELETE="N" HEIGHT="30">
<TE ALIGN="CENTER" ACODE="SEQ_NO2" WIDTH="61" HEIGHT="23">569</TE>
<TE ALIGN="RIGHT" ACODE="TOT_RET_AMT" VALIGN="MIDDLE" WIDTH="137" HEIGHT="23">7,405,874,500</TE>
<TE ALIGN="RIGHT" ACODE="SB_CNT" VALIGN="MIDDLE" WIDTH="52" HEIGHT="23">1</TE>
<TE ALIGN="RIGHT" ACODE="SB_AMT" VALIGN="MIDDLE" WIDTH="135" HEIGHT="23">1,022,010,681</TE>
<TE ALIGN="RIGHT" ACODE="SB_RT" VALIGN="MIDDLE" WIDTH="50" HEIGHT="23">13.80</TE>
<TE ALIGN="RIGHT" ACODE="DV_CNT" VALIGN="MIDDLE" WIDTH="55" HEIGHT="23">1</TE>
<TE ALIGN="RIGHT" ACODE="DV_AMT" VALIGN="MIDDLE" WIDTH="136" HEIGHT="23">1,022,010,681</TE>
<TE ALIGN="RIGHT" ACODE="DV_RT" VALIGN="MIDDLE" WIDTH="49" HEIGHT="23">13.80</TE>
</TR>

<TR ACOPY="Y" ADELETE="N" HEIGHT="30">
<TE ALIGN="CENTER" ACODE="SEQ_NO2" WIDTH="61" HEIGHT="23">570</TE>
<TE ALIGN="RIGHT" ACODE="TOT_RET_AMT" VALIGN="MIDDLE" WIDTH="137" HEIGHT="23">7,402,166,000</TE>
<TE ALIGN="RIGHT" ACODE="SB_CNT" VALIGN="MIDDLE" WIDTH="52" HEIGHT="23">1</TE>
<TE ALIGN="RIGHT" ACODE="SB_AMT" VALIGN="MIDDLE" WIDTH="135" HEIGHT="23">207,260,648</TE>
<TE ALIGN="RIGHT" ACODE="SB_RT" VALIGN="MIDDLE" WIDTH="50" HEIGHT="23">2.80</TE>
<TE ALIGN="RIGHT" ACODE="DV_CNT" VALIGN="MIDDLE" WIDTH="55" HEIGHT="23">1</TE>
<TE ALIGN="RIGHT" ACODE="DV_AMT" VALIGN="MIDDLE" WIDTH="136" HEIGHT="23">207,260,648</TE>
<TE ALIGN="RIGHT" ACODE="DV_RT" VALIGN="MIDDLE" WIDTH="49" HEIGHT="23">2.80</TE>
</TR>
</TBODY>
</TABLE>
</TABLE-GROUP>
<P></P>
</SECTION-3>

<SECTION-3 ACLASS="MANDATORY">
<TITLE ATOC="Y" ATOCID="6" ENG="4. Allotment method">4. 배정방법</TITLE>
<P USERMARK="F-GL ">공모결과 현대차증권 DLB 제 569, 570회는 총 청약금액이 모집금액을 초과하지 아니하여 전액 배정되었습니다. DLB 제 568회는 발행취소로 해당사항 없음.</P>
</SECTION-3>
</SECTION-2>

<SECTION-2 ACLASS="MANDATORY">
<TITLE ATOC="Y" AASSOCNOTE="L-0-0-3-0" ATOCID="7" ENG="Ⅱ. Date of Securities Delivery, etc.">Ⅱ. 증권교부일 등</TITLE>
<P USERMARK="F-GL ">1) 증권교부일 : 해당사항 없음 (본 증권은 주식·사채 등의 전자등록에 관한 법률에 따라 전자등록기관인 한국예탁결제원을 통하여 전자등록하여 발행하고, 실물을 발행하지 않습니다. 본 증권의 보유자는 전자등록기관의 계좌관리기관등 자기계좌부 또는 계좌관리기관의 고객계좌부에의 전자등록을 통하여 본 증권을 보유합니다.)2) 상장일 : 해당사항 없음(본 증권은 상장하지 않습니다.)3) 증자등기일 : 해당사항 없음</P>
</SECTION-2>

<SECTION-2 ACLASS="MANDATORY">
<TITLE ATOC="Y" AASSOCNOTE="L-0-0-4-0" ATOCID="8" ENG="Ⅲ. Disclosure Implementation Status">Ⅲ. 공시 이행상황</TITLE>
<P></P>
<P USERMARK="F-GL ">가. 청약공고</P>

<TABLE ACLASS="NORMAL" AFIXTABLE="N" BORDER="1" WIDTH="573">

<COLGROUP WIDTH="573">
<COL WIDTH="191"></COL>
<COL WIDTH="191"></COL>
<COL WIDTH="191"></COL>
</COLGROUP>

<THEAD>

<TR ACOPY="Y" ADELETE="Y" HEIGHT="30">
<TH WIDTH="182" VALIGN="MIDDLE" ACOPYCOL="Y" ADELETECOL="Y" AMOVECOL="N" HEIGHT="23">구     분</TH>
<TH WIDTH="182" VALIGN="MIDDLE" ACOPYCOL="Y" ADELETECOL="Y" AMOVECOL="N" HEIGHT="23">신     문</TH>
<TH WIDTH="182" VALIGN="MIDDLE" ACOPYCOL="Y" ADELETECOL="Y" AMOVECOL="N" HEIGHT="23">일     자</TH>
</TR>
</THEAD>

<TBODY>

<TR ACOPY="Y" ADELETE="Y" HEIGHT="76">
<TD ALIGN="CENTER" VALIGN="MIDDLE" WIDTH="182" HEIGHT="69">청 약 공 고</TD>
<TD ALIGN="CENTER" VALIGN="MIDDLE" WIDTH="182" HEIGHT="69">금융위(금감원) 전자공시시스템(http://dart.fss.or.kr)</TD>
<TD ALIGN="CENTER" VALIGN="MIDDLE" WIDTH="182" HEIGHT="69">2025년 12월 24일</TD>
</TR>
</TBODY>
</TABLE>
<P USERMARK="F-GL ">나. 배정공고</P>

<TABLE ACLASS="NORMAL" AFIXTABLE="N" BORDER="1" WIDTH="573">

<COLGROUP WIDTH="573">
<COL WIDTH="191"></COL>
<COL WIDTH="191"></COL>
<COL WIDTH="191"></COL>
</COLGROUP>

<THEAD>

<TR ACOPY="Y" ADELETE="Y" HEIGHT="30">
<TH WIDTH="182" VALIGN="MIDDLE" ACOPYCOL="Y" ADELETECOL="Y" AMOVECOL="N" HEIGHT="23">구     분</TH>
<TH WIDTH="182" VALIGN="MIDDLE" ACOPYCOL="Y" ADELETECOL="Y" AMOVECOL="N" HEIGHT="23">신     문</TH>
<TH WIDTH="182" VALIGN="MIDDLE" ACOPYCOL="Y" ADELETECOL="Y" AMOVECOL="N" HEIGHT="23">일     자</TH>
</TR>
</THEAD>

<TBODY>

<TR ACOPY="Y" ADELETE="Y" HEIGHT="76">
<TD ALIGN="CENTER" VALIGN="MIDDLE" WIDTH="182" HEIGHT="69">배 정 공 고</TD>
<TD ALIGN="CENTER" VALIGN="MIDDLE" WIDTH="182" HEIGHT="69">금융위(금감원) 전자공시시스템(http://dart.fss.or.kr)</TD>
<TD ALIGN="CENTER" VALIGN="MIDDLE" WIDTH="182" HEIGHT="69">2026년 01월 06일</TD>
</TR>
</TBODY>
</TABLE>
<P USERMARK="F-GL ">DLB 제 568회는 발행취소로 해당사항 없음.</P>
<P USERMARK="F-GL ">다. 증권신고서(일괄신고추가서류 포함) 공시</P>
<P USERMARK="F-GL ">전자문서 : 금융위(금감원) 전자공시시스템 → http://dart.fss.or.kr</P>
<P USERMARK="F-GL ">라. 투자설명서 공시</P>
<P USERMARK="F-GL ">1. 전자문서 : 금융위(금감원) 전자공시시스템 → http://dart.fss.or.kr2. 서면문서 : 현대차증권  본ㆍ지점</P>
<P></P>
</SECTION-2>

<SECTION-2 ACLASS="MANDATORY">
<TITLE ATOC="Y" AASSOCNOTE="L-0-0-5-0" ATOCID="9" ENG="Ⅳ. Details of Use of Procured Funds">Ⅳ. 조달된 자금의 사용내역</TITLE>
<P></P>
<P USERMARK="F-GL ">가. 자금조달내역</P>

<TABLE ACLASS="NORMAL" AFIXTABLE="N" WIDTH="676" BORDER="0">

<COLGROUP WIDTH="676">
<COL WIDTH="88"></COL>
<COL WIDTH="388"></COL>
<COL WIDTH="50"></COL>
<COL WIDTH="150"></COL>
</COLGROUP>

<TBODY>

<TR ACOPY="Y" ADELETE="Y" HEIGHT="30">
<TD WIDTH="79" HEIGHT="23">[종목명 :</TD>
<TD WIDTH="379" HEIGHT="23">현대차증권 제568회 기타파생결합사채</TD>
<TD WIDTH="41" HEIGHT="23">]</TD>
<TD ALIGN="RIGHT" VALIGN="BOTTOM" WIDTH="141" HEIGHT="23">(단위 : 원)</TD>
</TR>
</TBODY>
</TABLE>

<TABLE ACLASS="NORMAL" AFIXTABLE="N" WIDTH="776" BORDER="1">

<COLGROUP WIDTH="776">
<COL WIDTH="111"></COL>
<COL WIDTH="133"></COL>
<COL WIDTH="112"></COL>
<COL WIDTH="108"></COL>
<COL WIDTH="156"></COL>
<COL WIDTH="156"></COL>
</COLGROUP>

<THEAD>

<TR ACOPY="Y" ADELETE="Y" HEIGHT="30">
<TH ROWSPAN="2" VALIGN="MIDDLE" WIDTH="102" ACOPYCOL="Y" ADELETECOL="Y" AMOVECOL="N" HEIGHT="76">구    분</TH>
<TH ROWSPAN="2" VALIGN="MIDDLE" WIDTH="124" ACOPYCOL="Y" ADELETECOL="Y" AMOVECOL="N" HEIGHT="76">신고서상발행예정총액</TH>
<TH COLSPAN="3" VALIGN="MIDDLE" WIDTH="367" ACOPYCOL="Y" ADELETECOL="Y" AMOVECOL="N" HEIGHT="23">실제 자금조달총액</TH>
<TH ROWSPAN="2" VALIGN="MIDDLE" WIDTH="147" ACOPYCOL="Y" ADELETECOL="Y" AMOVECOL="N" HEIGHT="76">확정권면총액</TH>
</TR>

<TR ACOPY="Y" ADELETE="Y" HEIGHT="53">
<TH VALIGN="MIDDLE" ACOPYCOL="Y" ADELETECOL="Y" AMOVECOL="N" WIDTH="103" HEIGHT="46">발행가액(A)</TH>
<TH VALIGN="MIDDLE" ACOPYCOL="Y" ADELETECOL="Y" AMOVECOL="N" WIDTH="99" HEIGHT="46">수량(B)</TH>
<TH VALIGN="MIDDLE" ACOPYCOL="Y" ADELETECOL="Y" AMOVECOL="N" WIDTH="147" HEIGHT="46">발행총액(A×B)</TH>
</TR>
</THEAD>

<TBODY>

<TR ACOPY="Y" ADELETE="Y" HEIGHT="31">
<TD ALIGN="CENTER" VALIGN="MIDDLE" WIDTH="102" HEIGHT="24">모  집(a)</TD>
<TD ALIGN="RIGHT" VALIGN="MIDDLE" WIDTH="124" HEIGHT="24">9,995,000,000</TD>
<TD ALIGN="RIGHT" VALIGN="MIDDLE" WIDTH="103" HEIGHT="24">9,995</TD>
<TD ALIGN="RIGHT" VALIGN="MIDDLE" WIDTH="99" HEIGHT="24">0</TD>
<TD ALIGN="RIGHT" VALIGN="MIDDLE" WIDTH="147" HEIGHT="24">0</TD>
<TD ALIGN="RIGHT" VALIGN="MIDDLE" WIDTH="147" HEIGHT="24">0</TD>
</TR>

<TR ACOPY="Y" ADELETE="Y" HEIGHT="30">
<TD ALIGN="CENTER" VALIGN="MIDDLE" WIDTH="102" HEIGHT="23">매  출(b)</TD>
<TD ALIGN="RIGHT" VALIGN="MIDDLE" WIDTH="124" HEIGHT="23">-</TD>
<TD ALIGN="RIGHT" VALIGN="MIDDLE" WIDTH="103" HEIGHT="23">-</TD>
<TD ALIGN="RIGHT" VALIGN="MIDDLE" WIDTH="99" HEIGHT="23">-</TD>
<TD ALIGN="RIGHT" VALIGN="MIDDLE" WIDTH="147" HEIGHT="23">-</TD>
<TD ALIGN="RIGHT" VALIGN="MIDDLE" WIDTH="147" HEIGHT="23">-</TD>
</TR>

<TR ACOPY="Y" ADELETE="Y" HEIGHT="30">
<TD ALIGN="CENTER" VALIGN="MIDDLE" WIDTH="102" HEIGHT="23">총계(a+b)</TD>
<TD ALIGN="RIGHT" VALIGN="MIDDLE" WIDTH="124" HEIGHT="23">9,995,000,000</TD>
<TD ALIGN="RIGHT" VALIGN="MIDDLE" WIDTH="103" HEIGHT="23">9,995</TD>
<TD ALIGN="RIGHT" VALIGN="MIDDLE" WIDTH="99" HEIGHT="23">0</TD>
<TD ALIGN="RIGHT" VALIGN="MIDDLE" WIDTH="147" HEIGHT="23">0</TD>
<TD ALIGN="RIGHT" VALIGN="MIDDLE" WIDTH="147" HEIGHT="23">0</TD>
</TR>
</TBODY>
</TABLE>
<P></P>

<TABLE ACLASS="NORMAL" AFIXTABLE="N" WIDTH="676" BORDER="0">

<COLGROUP WIDTH="676">
<COL WIDTH="88"></COL>
<COL WIDTH="388"></COL>
<COL WIDTH="50"></COL>
<COL WIDTH="150"></COL>
</COLGROUP>

<TBODY>

<TR ACOPY="Y" ADELETE="Y" HEIGHT="30">
<TD WIDTH="79" HEIGHT="23">[종목명 :</TD>
<TD WIDTH="379" HEIGHT="23">현대차증권 제569회 기타파생결합사채</TD>
<TD WIDTH="41" HEIGHT="23">]</TD>
<TD ALIGN="RIGHT" VALIGN="BOTTOM" WIDTH="141" HEIGHT="23">(단위 : 원)</TD>
</TR>
</TBODY>
</TABLE>

<TABLE ACLASS="NORMAL" AFIXTABLE="N" WIDTH="776" BORDER="1">

<COLGROUP WIDTH="776">
<COL WIDTH="111"></COL>
<COL WIDTH="133"></COL>
<COL WIDTH="112"></COL>
<COL WIDTH="108"></COL>
<COL WIDTH="156"></COL>
<COL WIDTH="156"></COL>
</COLGROUP>

<THEAD>

<TR ACOPY="Y" ADELETE="Y" HEIGHT="30">
<TH ROWSPAN="2" VALIGN="MIDDLE" WIDTH="102" ACOPYCOL="Y" ADELETECOL="Y" AMOVECOL="N" HEIGHT="76">구    분</TH>
<TH ROWSPAN="2" VALIGN="MIDDLE" WIDTH="124" ACOPYCOL="Y" ADELETECOL="Y" AMOVECOL="N" HEIGHT="76">신고서상발행예정총액</TH>
<TH COLSPAN="3" VALIGN="MIDDLE" WIDTH="367" ACOPYCOL="Y" ADELETECOL="Y" AMOVECOL="N" HEIGHT="23">실제 자금조달총액</TH>
<TH ROWSPAN="2" VALIGN="MIDDLE" WIDTH="147" ACOPYCOL="Y" ADELETECOL="Y" AMOVECOL="N" HEIGHT="76">확정권면총액</TH>
</TR>

<TR ACOPY="Y" ADELETE="Y" HEIGHT="53">
<TH VALIGN="MIDDLE" ACOPYCOL="Y" ADELETECOL="Y" AMOVECOL="N" WIDTH="103" HEIGHT="46">발행가액(A)</TH>
<TH VALIGN="MIDDLE" ACOPYCOL="Y" ADELETECOL="Y" AMOVECOL="N" WIDTH="99" HEIGHT="46">수량(B)</TH>
<TH VALIGN="MIDDLE" ACOPYCOL="Y" ADELETECOL="Y" AMOVECOL="N" WIDTH="147" HEIGHT="46">발행총액(A×B)</TH>
</TR>
</THEAD>

<TBODY>

<TR ACOPY="Y" ADELETE="Y" HEIGHT="31">
<TD ALIGN="CENTER" VALIGN="MIDDLE" WIDTH="102" HEIGHT="24">모  집(a)</TD>
<TD ALIGN="RIGHT" VALIGN="MIDDLE" WIDTH="124" HEIGHT="24">7,405,874,500</TD>
<TD ALIGN="RIGHT" VALIGN="MIDDLE" WIDTH="103" HEIGHT="24">1,481,174</TD>
<TD ALIGN="RIGHT" VALIGN="MIDDLE" WIDTH="99" HEIGHT="24">690</TD>
<TD ALIGN="RIGHT" VALIGN="MIDDLE" WIDTH="147" HEIGHT="24">1,022,010,681</TD>
<TD ALIGN="RIGHT" VALIGN="MIDDLE" WIDTH="147" HEIGHT="24">1,022,010,681</TD>
</TR>

<TR ACOPY="Y" ADELETE="Y" HEIGHT="30">
<TD ALIGN="CENTER" VALIGN="MIDDLE" WIDTH="102" HEIGHT="23">매  출(b)</TD>
<TD ALIGN="RIGHT" VALIGN="MIDDLE" WIDTH="124" HEIGHT="23">-</TD>
<TD ALIGN="RIGHT" VALIGN="MIDDLE" WIDTH="103" HEIGHT="23">-</TD>
<TD ALIGN="RIGHT" VALIGN="MIDDLE" WIDTH="99" HEIGHT="23">-</TD>
<TD ALIGN="RIGHT" VALIGN="MIDDLE" WIDTH="147" HEIGHT="23">-</TD>
<TD ALIGN="RIGHT" VALIGN="MIDDLE" WIDTH="147" HEIGHT="23">-</TD>
</TR>

<TR ACOPY="Y" ADELETE="Y" HEIGHT="30">
<TD ALIGN="RIGHT" VALIGN="MIDDLE" WIDTH="102" HEIGHT="23">총계(a+b)</TD>
<TD ALIGN="RIGHT" VALIGN="MIDDLE" WIDTH="124" HEIGHT="23">7,405,874,500</TD>
<TD ALIGN="RIGHT" VALIGN="MIDDLE" WIDTH="103" HEIGHT="23">1,481,174</TD>
<TD ALIGN="RIGHT" VALIGN="MIDDLE" WIDTH="99" HEIGHT="23">690</TD>
<TD ALIGN="RIGHT" VALIGN="MIDDLE" WIDTH="147" HEIGHT="23">1,022,010,681</TD>
<TD ALIGN="RIGHT" VALIGN="MIDDLE" WIDTH="147" HEIGHT="23">1,022,010,681</TD>
</TR>
</TBODY>
</TABLE>
<P USERMARK="F-GL ">- 발행가액 및 발행총액의 원화환산 적용환율은 2025년 12월 24일 서울 외국환중개(주)가 고시한 매매기준율 @1,483.40원/USD를 적용하여 원화환산금액으로 표시합니다. </P>
<P></P>

<TABLE ACLASS="NORMAL" AFIXTABLE="N" WIDTH="676" BORDER="0">

<COLGROUP WIDTH="676">
<COL WIDTH="88"></COL>
<COL WIDTH="388"></COL>
<COL WIDTH="50"></COL>
<COL WIDTH="150"></COL>
</COLGROUP>

<TBODY>

<TR ACOPY="Y" ADELETE="Y" HEIGHT="30">
<TD WIDTH="79" HEIGHT="23">[종목명 :</TD>
<TD WIDTH="379" HEIGHT="23">현대차증권 제570회 기타파생결합사채</TD>
<TD WIDTH="41" HEIGHT="23">]</TD>
<TD ALIGN="RIGHT" VALIGN="BOTTOM" WIDTH="141" HEIGHT="23">(단위 : 원)</TD>
</TR>
</TBODY>
</TABLE>

<TABLE ACLASS="NORMAL" AFIXTABLE="N" WIDTH="776" BORDER="1">

<COLGROUP WIDTH="776">
<COL WIDTH="111"></COL>
<COL WIDTH="133"></COL>
<COL WIDTH="112"></COL>
<COL WIDTH="108"></COL>
<COL WIDTH="156"></COL>
<COL WIDTH="156"></COL>
</COLGROUP>

<THEAD>

<TR ACOPY="Y" ADELETE="Y" HEIGHT="30">
<TH ROWSPAN="2" VALIGN="MIDDLE" WIDTH="102" ACOPYCOL="Y" ADELETECOL="Y" AMOVECOL="N" HEIGHT="76">구    분</TH>
<TH ROWSPAN="2" VALIGN="MIDDLE" WIDTH="124" ACOPYCOL="Y" ADELETECOL="Y" AMOVECOL="N" HEIGHT="76">신고서상발행예정총액</TH>
<TH COLSPAN="3" VALIGN="MIDDLE" WIDTH="367" ACOPYCOL="Y" ADELETECOL="Y" AMOVECOL="N" HEIGHT="23">실제 자금조달총액</TH>
<TH ROWSPAN="2" VALIGN="MIDDLE" WIDTH="147" ACOPYCOL="Y" ADELETECOL="Y" AMOVECOL="N" HEIGHT="76">확정권면총액</TH>
</TR>

<TR ACOPY="Y" ADELETE="Y" HEIGHT="53">
<TH VALIGN="MIDDLE" ACOPYCOL="Y" ADELETECOL="Y" AMOVECOL="N" WIDTH="103" HEIGHT="46">발행가액(A)</TH>
<TH VALIGN="MIDDLE" ACOPYCOL="Y" ADELETECOL="Y" AMOVECOL="N" WIDTH="99" HEIGHT="46">수량(B)</TH>
<TH VALIGN="MIDDLE" ACOPYCOL="Y" ADELETECOL="Y" AMOVECOL="N" WIDTH="147" HEIGHT="46">발행총액(A×B)</TH>
</TR>
</THEAD>

<TBODY>

<TR ACOPY="Y" ADELETE="Y" HEIGHT="31">
<TD ALIGN="CENTER" VALIGN="MIDDLE" WIDTH="102" HEIGHT="24">모  집(a)</TD>
<TD ALIGN="RIGHT" VALIGN="MIDDLE" WIDTH="124" HEIGHT="24">7,402,166,000</TD>
<TD ALIGN="RIGHT" VALIGN="MIDDLE" WIDTH="103" HEIGHT="24">1,480,433</TD>
<TD ALIGN="RIGHT" VALIGN="MIDDLE" WIDTH="99" HEIGHT="24">140</TD>
<TD ALIGN="RIGHT" VALIGN="MIDDLE" WIDTH="147" HEIGHT="24">207,260,648</TD>
<TD ALIGN="RIGHT" VALIGN="MIDDLE" WIDTH="147" HEIGHT="24">207,260,648</TD>
</TR>

<TR ACOPY="Y" ADELETE="Y" HEIGHT="30">
<TD ALIGN="CENTER" VALIGN="MIDDLE" WIDTH="102" HEIGHT="23">매  출(b)</TD>
<TD ALIGN="RIGHT" VALIGN="MIDDLE" WIDTH="124" HEIGHT="23">-</TD>
<TD ALIGN="RIGHT" VALIGN="MIDDLE" WIDTH="103" HEIGHT="23">-</TD>
<TD ALIGN="RIGHT" VALIGN="MIDDLE" WIDTH="99" HEIGHT="23">-</TD>
<TD ALIGN="RIGHT" VALIGN="MIDDLE" WIDTH="147" HEIGHT="23">-</TD>
<TD ALIGN="RIGHT" VALIGN="MIDDLE" WIDTH="147" HEIGHT="23">-</TD>
</TR>

<TR ACOPY="Y" ADELETE="Y" HEIGHT="30">
<TD ALIGN="RIGHT" VALIGN="MIDDLE" WIDTH="102" HEIGHT="23">총계(a+b)</TD>
<TD ALIGN="RIGHT" VALIGN="MIDDLE" WIDTH="124" HEIGHT="23">7,402,166,000</TD>
<TD ALIGN="RIGHT" VALIGN="MIDDLE" WIDTH="103" HEIGHT="23">1,480,433</TD>
<TD ALIGN="RIGHT" VALIGN="MIDDLE" WIDTH="99" HEIGHT="23">140</TD>
<TD ALIGN="RIGHT" VALIGN="MIDDLE" WIDTH="147" HEIGHT="23">207,260,648</TD>
<TD ALIGN="RIGHT" VALIGN="MIDDLE" WIDTH="147" HEIGHT="23">207,260,648</TD>
</TR>
</TBODY>
</TABLE>
<P USERMARK="F-GL ">- 발행가액 및 발행총액의 원화환산 적용환율은 2025년 12월 24일 서울 외국환중개(주)가 고시한 매매기준율 @1,483.40원/USD를 적용하여 원화환산금액으로 표시합니다. </P>
<P></P>
<P USERMARK="F-GL ">나. 발행비용</P>

<TABLE ACLASS="NORMAL" AFIXTABLE="N" BORDER="0" WIDTH="676">

<COLGROUP WIDTH="676">
<COL WIDTH="251"></COL>
<COL WIDTH="425"></COL>
</COLGROUP>

<TBODY>

<TR ACOPY="Y" ADELETE="Y" HEIGHT="30">
<TD WIDTH="242" HEIGHT="23"></TD>
<TD WIDTH="416" ALIGN="RIGHT" VALIGN="BOTTOM" HEIGHT="23">(단위 : 원)</TD>
</TR>
</TBODY>
</TABLE>

<TABLE ACLASS="NORMAL" AFIXTABLE="N" BORDER="1" WIDTH="674">

<COLGROUP WIDTH="674">
<COL WIDTH="285"></COL>
<COL WIDTH="142"></COL>
<COL WIDTH="247"></COL>
</COLGROUP>

<THEAD>

<TR ACOPY="Y" ADELETE="Y" HEIGHT="54">
<TH WIDTH="276" VALIGN="MIDDLE" ACOPYCOL="Y" ADELETECOL="Y" AMOVECOL="N" HEIGHT="47">회차</TH>
<TH WIDTH="133" VALIGN="MIDDLE" ACOPYCOL="Y" ADELETECOL="Y" AMOVECOL="N" HEIGHT="47">발행분담금 금 액</TH>
<TH WIDTH="238" VALIGN="MIDDLE" ACOPYCOL="Y" ADELETECOL="Y" AMOVECOL="N" HEIGHT="47">계산근거</TH>
</TR>
</THEAD>

<TBODY>

<TR ACOPY="Y" ADELETE="Y" HEIGHT="38">
<TD ALIGN="CENTER" VALIGN="MIDDLE" WIDTH="276" HEIGHT="31">현대차증권 제569회 기타파생결합사채</TD>
<TD ALIGN="CENTER" VALIGN="MIDDLE" WIDTH="133" HEIGHT="31"> 51,100 </TD>
<TD ROWSPAN="3" ALIGN="CENTER" VALIGN="MIDDLE" WIDTH="238" HEIGHT="107">발행총액의 0.005%(금융기관분담징수등에관한규정제5조제1항제3호)</TD>
</TR>

<TR ACOPY="Y" ADELETE="Y" HEIGHT="38">
<TD ALIGN="CENTER" VALIGN="MIDDLE" WIDTH="276" HEIGHT="31">현대차증권 제570회 기타파생결합사채</TD>
<TD ALIGN="CENTER" VALIGN="MIDDLE" WIDTH="133" HEIGHT="31"> 10,360 </TD>
</TR>

<TR ACOPY="Y" ADELETE="Y" HEIGHT="38">
<TD ALIGN="CENTER" VALIGN="MIDDLE" WIDTH="276" HEIGHT="31">합계</TD>
<TD ALIGN="CENTER" VALIGN="MIDDLE" WIDTH="133" HEIGHT="31">61,460</TD>
</TR>
</TBODY>
</TABLE>
<P USERMARK="F-GL ">DLB 제 568회는 발행취소로 해당사항 없음.</P>
<P USERMARK="F-GL ">다. 자금사용예정내역</P>
<P USERMARK="F-GL ">  본 증권의 발행으로 조달된 자금은 향후 상환금의 안정적인 지급을 위하여 기초자산과 관련되는 선물ㆍ옵션 등의 파생상품 및 기초자산을 구성하는 주식 등의 매매를 위한 재원으로 사용합니다.</P>
</SECTION-2>

<SECTION-2 ACLASS="MANDATORY">
<TITLE ATOC="Y" AASSOCNOTE="L-0-0-8-0" ATOCID="10" ENG="Ⅴ. Confirmed Details of the Projected Profit and Loss Structure">Ⅴ. 예상손익구조의 확정내용</TITLE>
<P></P>
<P USERMARK="F-GL B"><현대차증권 제568회 기타파생결합사채(낮은위험)></P>
<P USERMARK="B">발행취소로 해당사항 없음.</P>
<P></P>
<P USERMARK="F-GL B"><현대차증권 제569회 기타파생결합사채(보통위험)></P>
<P></P>

<TABLE AFIXTABLE="N" WIDTH="624" BORDER="1" ACLASS="NORMAL">

<COLGROUP WIDTH="624">
<COL WIDTH="94"></COL>
<COL WIDTH="113"></COL>
<COL WIDTH="417"></COL>
</COLGROUP>

<THEAD>

<TR ACOPY="Y" ADELETE="Y" HEIGHT="30">
<TH COLSPAN="2" WIDTH="198" ACOPYCOL="Y" ADELETECOL="Y" AMOVECOL="N" USERMARK="F-DU B" HEIGHT="23">항    목</TH>
<TH WIDTH="408" ACOPYCOL="Y" ADELETECOL="Y" AMOVECOL="N" USERMARK="F-DU B" HEIGHT="23">내    용</TH>
</TR>
</THEAD>

<TBODY>

<TR ACOPY="Y" ADELETE="Y" HEIGHT="53">
<TD COLSPAN="2" ALIGN="CENTER" VALIGN="MIDDLE" USERMARK="B" WIDTH="198" HEIGHT="46">종목명</TD>

<TD VALIGN="MIDDLE" ALIGN="CENTER" USERMARK="F-DU " WIDTH="408" HEIGHT="46">
<SPAN USERMARK="F-GL ">현대차증권 제569회 기타파생결합사채</SPAN>
<SPAN USERMARK="F-GL B">(보통위험)</SPAN>
</TD>
</TR>

<TR ACOPY="Y" ADELETE="Y" HEIGHT="30">
<TD COLSPAN="2" VALIGN="MIDDLE" ALIGN="CENTER" USERMARK="B" WIDTH="198" HEIGHT="23">기초자산</TD>
<TD VALIGN="MIDDLE" ALIGN="CENTER" USERMARK="B" WIDTH="408" HEIGHT="23">국고채권 3개월 금리</TD>
</TR>

<TR ACOPY="Y" ADELETE="Y" HEIGHT="30">
<TD COLSPAN="2" VALIGN="MIDDLE" ALIGN="CENTER" USERMARK="B" WIDTH="198" HEIGHT="23">모 집 총 액</TD>
<TD VALIGN="MIDDLE" ALIGN="CENTER" USERMARK="B" WIDTH="408" HEIGHT="23">USD 688,965</TD>
</TR>

<TR ACOPY="Y" ADELETE="Y" HEIGHT="30">
<TD COLSPAN="2" VALIGN="MIDDLE" ALIGN="CENTER" USERMARK="B" WIDTH="198" HEIGHT="23">1증권당 액면가액</TD>
<TD VALIGN="MIDDLE" ALIGN="CENTER" WIDTH="408" HEIGHT="23">USD 1,000</TD>
</TR>

<TR ACOPY="Y" ADELETE="Y" HEIGHT="30">
<TD COLSPAN="2" VALIGN="MIDDLE" ALIGN="CENTER" USERMARK="B" WIDTH="198" HEIGHT="23">1증권당 발행가액</TD>
<TD VALIGN="MIDDLE" ALIGN="CENTER" WIDTH="408" HEIGHT="23">USD 998.5</TD>
</TR>

<TR ACOPY="Y" ADELETE="Y" HEIGHT="30">
<TD COLSPAN="2" VALIGN="MIDDLE" ALIGN="CENTER" USERMARK="B" WIDTH="198" HEIGHT="23">발행 수량</TD>
<TD VALIGN="MIDDLE" ALIGN="CENTER" USERMARK="B" WIDTH="408" HEIGHT="23">690 증권</TD>
</TR>

<TR ACOPY="Y" ADELETE="Y" HEIGHT="30">
<TD COLSPAN="2" VALIGN="MIDDLE" ALIGN="CENTER" USERMARK="B" WIDTH="198" HEIGHT="23">최소청약금액</TD>
<TD VALIGN="MIDDLE" ALIGN="CENTER" WIDTH="408" HEIGHT="23">USD 1,000</TD>
</TR>

<TR ACOPY="Y" ADELETE="Y" HEIGHT="30">
<TD ROWSPAN="2" VALIGN="MIDDLE" ALIGN="CENTER" USERMARK="B" WIDTH="85" HEIGHT="76">청약기간</TD>
<TD VALIGN="MIDDLE" ALIGN="CENTER" USERMARK="B" WIDTH="104" HEIGHT="23">청약시작일</TD>
<TD VALIGN="MIDDLE" ALIGN="CENTER" WIDTH="408" HEIGHT="23">2026년 01월 06일</TD>
</TR>

<TR ACOPY="Y" ADELETE="Y" HEIGHT="53">
<TD VALIGN="MIDDLE" ALIGN="CENTER" USERMARK="B" WIDTH="104" HEIGHT="46">청약종료일</TD>

<TD VALIGN="MIDDLE" ALIGN="CENTER" WIDTH="408" HEIGHT="46">2026년 01월 06일
<SPAN USERMARK="B">(청약기간이후 청약취소 불가)</SPAN>
</TD>
</TR>

<TR ACOPY="Y" ADELETE="Y" HEIGHT="30">
<TD COLSPAN="2" VALIGN="MIDDLE" ALIGN="CENTER" USERMARK="B" WIDTH="198" HEIGHT="23">납  입  일</TD>
<TD VALIGN="MIDDLE" ALIGN="CENTER" WIDTH="408" HEIGHT="23">2026년 01월 06일</TD>
</TR>

<TR ACOPY="Y" ADELETE="Y" HEIGHT="30">
<TD COLSPAN="2" VALIGN="MIDDLE" ALIGN="CENTER" USERMARK="B" WIDTH="198" HEIGHT="23">배정 및 환불일</TD>
<TD VALIGN="MIDDLE" ALIGN="CENTER" WIDTH="408" HEIGHT="23">2026년 01월 06일</TD>
</TR>

<TR ACOPY="Y" ADELETE="Y" HEIGHT="30">
<TD COLSPAN="2" VALIGN="MIDDLE" ALIGN="CENTER" USERMARK="B" WIDTH="198" HEIGHT="23">발  행  일</TD>
<TD VALIGN="MIDDLE" ALIGN="CENTER" WIDTH="408" HEIGHT="23">2026년 01월 06일</TD>
</TR>

<TR ACOPY="Y" ADELETE="Y" HEIGHT="30">
<TD COLSPAN="2" VALIGN="MIDDLE" ALIGN="CENTER" USERMARK="B" WIDTH="198" HEIGHT="23">전자등록기관</TD>
<TD VALIGN="MIDDLE" ALIGN="CENTER" WIDTH="408" HEIGHT="23">한국예탁결제원</TD>
</TR>

<TR ACOPY="Y" ADELETE="Y" HEIGHT="30">
<TD COLSPAN="2" VALIGN="MIDDLE" ALIGN="CENTER" USERMARK="B" WIDTH="198" HEIGHT="23">증권의 상장여부</TD>
<TD VALIGN="MIDDLE" ALIGN="CENTER" WIDTH="408" HEIGHT="23">비상장</TD>
</TR>

<TR ACOPY="Y" ADELETE="Y" HEIGHT="30">
<TD COLSPAN="2" VALIGN="MIDDLE" ALIGN="CENTER" USERMARK="B" WIDTH="198" HEIGHT="23">만  기  일</TD>
<TD VALIGN="MIDDLE" ALIGN="CENTER" WIDTH="408" HEIGHT="23">2026년 04월 08일</TD>
</TR>

<TR ACOPY="Y" ADELETE="Y" HEIGHT="53">
<TD COLSPAN="2" VALIGN="MIDDLE" ALIGN="CENTER" USERMARK="B" WIDTH="198" HEIGHT="46">만기상환</TD>
<TD VALIGN="MIDDLE" ALIGN="CENTER" WIDTH="408" HEIGHT="46">본 일괄신고추가서류 'II. 증권의 권리내용 2. 권리의 내용'을 참조하시기 바랍니다.</TD>
</TR>

<TR ACOPY="Y" ADELETE="Y" HEIGHT="30">
<TD COLSPAN="2" VALIGN="MIDDLE" ALIGN="CENTER" USERMARK="B" WIDTH="198" HEIGHT="23">만기시 결제방법</TD>
<TD VALIGN="MIDDLE" ALIGN="CENTER" WIDTH="408" HEIGHT="23">현금결제 (미국달러 USD 결제)</TD>
</TR>

<TR ACOPY="Y" ADELETE="Y" HEIGHT="375">
<TD COLSPAN="2" VALIGN="MIDDLE" ALIGN="CENTER" USERMARK="B" WIDTH="198" HEIGHT="368">기타 유의사항</TD>

<TD WIDTH="408" HEIGHT="368">
<P>본 증권은 주식·사채 등의 전자등록에 관한 법률에 따라 전자등록기관인 한국예탁결제원을 통하여 전자등록하여 발행하고, 실물을 발행하지 않습니다. 본 증권의 보유자는 전자등록기관의 계좌관리기관등 자기계좌부 또는 계좌관리기관의 고객계좌부에의 전자등록을 통하여 본 증권을 보유합니다.자동조기상환일, 중도상환금액지급일, 월수익지급일, 만기일 등 각종 상환일이 공휴일인 경우 다음 영업일로 순연되며, 이에 대한 추가이자는 지급하지 않습니다.</P>
<SPAN></SPAN>
<SPAN USERMARK="B">본 증권은 자본시장법 시행령 제2조제7호에서 정하는 고난도금융상품에 해당하지 아니하며 만기 또는 자동조기상환 시 원금 이상을 지급하는 구조입니다. 그러나 기초자산 가격 변동 이외의 요인(투자자 요청에 따른 중도상환, 발행인의 지급 불이행 등)으로 추가 손실이 발생할 수 있습니다.</SPAN>
</TD>
</TR>
</TBODY>
</TABLE>
<P></P>

<P USERMARK="F-GL ">
<SPAN USERMARK="B">가. 만기상환</SPAN>
</P>
<P USERMARK="F-GL ">ｏ 발행인은 만기일에 아래 만기상환금액 결정조건에 따라 결정된 상환금액을 지급함으로써 본 증권을 상환함. 단, 만기상환일이 영업일이 아닌 경우 이후 최초로 도래하는 영업일을 지급일로 하며, 이러한 지급연기에 대해서는 추가적으로 이자등 기타지급금을 가산하지 않음.</P>

<TABLE ACLASS="NORMAL" AFIXTABLE="N" BORDER="1" WIDTH="625">

<COLGROUP WIDTH="625">
<COL WIDTH="403"></COL>
<COL WIDTH="222"></COL>
</COLGROUP>

<THEAD>

<TR ACOPY="Y" ADELETE="Y" HEIGHT="30">
<TH USERMARK="B" WIDTH="394" ACOPYCOL="Y" ADELETECOL="Y" AMOVECOL="N" HEIGHT="23">만기상환금액 결정조건</TH>
<TH USERMARK="B" WIDTH="213" VALIGN="MIDDLE" ACOPYCOL="Y" ADELETECOL="Y" AMOVECOL="N" HEIGHT="23">상환금액(세전)</TH>
</TR>
</THEAD>

<TBODY>

<TR ACOPY="Y" ADELETE="Y" HEIGHT="53">

<TD WIDTH="394" HEIGHT="46">① 
<SPAN USERMARK="BU">만기평가일에 기초자산의 만기평가가격이 6% 초과인 경우</SPAN>
</TD>
<TD ALIGN="CENTER" VALIGN="MIDDLE" WIDTH="213" HEIGHT="46">액면금액×[100%+{3.960%×(n/365일)}]</TD>
</TR>

<TR ACOPY="Y" ADELETE="Y" HEIGHT="53">

<TD WIDTH="394" HEIGHT="46">② 
<SPAN USERMARK="BU">만기평가일에 기초자산의 만기평가가격이 6% 이하인 경우</SPAN>
</TD>
<TD ALIGN="CENTER" VALIGN="MIDDLE" WIDTH="213" HEIGHT="46">액면금액×[100%+{3.950%×(n/365일)}]</TD>
</TR>
</TBODY>
</TABLE>
<P USERMARK="F-GL B">* n = 92일 [발행일(불포함)로부터 만기일(포함)까지의 달력일수]</P>

<P USERMARK="F-GL ">ｏ 
<SPAN USERMARK="B">만기평가가격 : </SPAN>만기평가일의 기초자산의 종가ｏ 
<SPAN USERMARK="B">만기평가일 : </SPAN>2026년 04월 06일ｏ 
<SPAN USERMARK="B">최종관찰일 : </SPAN>2026년 04월 06일ｏ 
<SPAN USERMARK="B">만기일(지급일) : </SPAN>2026년 04월 08일                              만기평가일(불포함)로부터 2영업일
</P>
<P></P>
<P USERMARK="F-GL B"><현대차증권 제570회 기타파생결합사채(보통위험)></P>
<P></P>

<TABLE AFIXTABLE="N" WIDTH="624" BORDER="1" ACLASS="NORMAL">

<COLGROUP WIDTH="624">
<COL WIDTH="94"></COL>
<COL WIDTH="113"></COL>
<COL WIDTH="417"></COL>
</COLGROUP>

<THEAD>

<TR ACOPY="Y" ADELETE="Y" HEIGHT="30">
<TH COLSPAN="2" WIDTH="198" ACOPYCOL="Y" ADELETECOL="Y" AMOVECOL="N" USERMARK="F-DU B" HEIGHT="23">항    목</TH>
<TH WIDTH="408" ACOPYCOL="Y" ADELETECOL="Y" AMOVECOL="N" USERMARK="F-DU B" HEIGHT="23">내    용</TH>
</TR>
</THEAD>

<TBODY>

<TR ACOPY="Y" ADELETE="Y" HEIGHT="53">
<TD COLSPAN="2" ALIGN="CENTER" VALIGN="MIDDLE" USERMARK="B" WIDTH="198" HEIGHT="46">종목명</TD>

<TD VALIGN="MIDDLE" ALIGN="CENTER" USERMARK="F-DU " WIDTH="408" HEIGHT="46">
<SPAN USERMARK="F-GL ">현대차증권 제570회 기타파생결합사채</SPAN>
<SPAN USERMARK="F-GL B">(보통위험)</SPAN>
</TD>
</TR>

<TR ACOPY="Y" ADELETE="Y" HEIGHT="30">
<TD COLSPAN="2" VALIGN="MIDDLE" ALIGN="CENTER" USERMARK="B" WIDTH="198" HEIGHT="23">기초자산</TD>
<TD VALIGN="MIDDLE" ALIGN="CENTER" USERMARK="B" WIDTH="408" HEIGHT="23">국고채권 3개월 금리</TD>
</TR>

<TR ACOPY="Y" ADELETE="Y" HEIGHT="30">
<TD COLSPAN="2" VALIGN="MIDDLE" ALIGN="CENTER" USERMARK="B" WIDTH="198" HEIGHT="23">모 집 총 액</TD>
<TD VALIGN="MIDDLE" ALIGN="CENTER" USERMARK="B" WIDTH="408" HEIGHT="23">USD 139,720</TD>
</TR>

<TR ACOPY="Y" ADELETE="Y" HEIGHT="30">
<TD COLSPAN="2" VALIGN="MIDDLE" ALIGN="CENTER" USERMARK="B" WIDTH="198" HEIGHT="23">1증권당 액면가액</TD>
<TD VALIGN="MIDDLE" ALIGN="CENTER" WIDTH="408" HEIGHT="23">USD 1,000</TD>
</TR>

<TR ACOPY="Y" ADELETE="Y" HEIGHT="30">
<TD COLSPAN="2" VALIGN="MIDDLE" ALIGN="CENTER" USERMARK="B" WIDTH="198" HEIGHT="23">1증권당 발행가액</TD>
<TD VALIGN="MIDDLE" ALIGN="CENTER" WIDTH="408" HEIGHT="23">USD 998</TD>
</TR>

<TR ACOPY="Y" ADELETE="Y" HEIGHT="30">
<TD COLSPAN="2" VALIGN="MIDDLE" ALIGN="CENTER" USERMARK="B" WIDTH="198" HEIGHT="23">발행 수량</TD>
<TD VALIGN="MIDDLE" ALIGN="CENTER" USERMARK="B" WIDTH="408" HEIGHT="23">140 증권</TD>
</TR>

<TR ACOPY="Y" ADELETE="Y" HEIGHT="30">
<TD COLSPAN="2" VALIGN="MIDDLE" ALIGN="CENTER" USERMARK="B" WIDTH="198" HEIGHT="23">최소청약금액</TD>
<TD VALIGN="MIDDLE" ALIGN="CENTER" WIDTH="408" HEIGHT="23">USD 1,000</TD>
</TR>

<TR ACOPY="Y" ADELETE="Y" HEIGHT="30">
<TD ROWSPAN="2" VALIGN="MIDDLE" ALIGN="CENTER" USERMARK="B" WIDTH="85" HEIGHT="76">청약기간</TD>
<TD VALIGN="MIDDLE" ALIGN="CENTER" USERMARK="B" WIDTH="104" HEIGHT="23">청약시작일</TD>
<TD VALIGN="MIDDLE" ALIGN="CENTER" WIDTH="408" HEIGHT="23">2026년 01월 06일</TD>
</TR>

<TR ACOPY="Y" ADELETE="Y" HEIGHT="53">
<TD VALIGN="MIDDLE" ALIGN="CENTER" USERMARK="B" WIDTH="104" HEIGHT="46">청약종료일</TD>

<TD VALIGN="MIDDLE" ALIGN="CENTER" WIDTH="408" HEIGHT="46">2026년 01월 06일
<SPAN USERMARK="B">(청약기간이후 청약취소 불가)</SPAN>
</TD>
</TR>

<TR ACOPY="Y" ADELETE="Y" HEIGHT="30">
<TD COLSPAN="2" VALIGN="MIDDLE" ALIGN="CENTER" USERMARK="B" WIDTH="198" HEIGHT="23">납  입  일</TD>
<TD VALIGN="MIDDLE" ALIGN="CENTER" WIDTH="408" HEIGHT="23">2026년 01월 06일</TD>
</TR>

<TR ACOPY="Y" ADELETE="Y" HEIGHT="30">
<TD COLSPAN="2" VALIGN="MIDDLE" ALIGN="CENTER" USERMARK="B" WIDTH="198" HEIGHT="23">배정 및 환불일</TD>
<TD VALIGN="MIDDLE" ALIGN="CENTER" WIDTH="408" HEIGHT="23">2026년 01월 06일</TD>
</TR>

<TR ACOPY="Y" ADELETE="Y" HEIGHT="30">
<TD COLSPAN="2" VALIGN="MIDDLE" ALIGN="CENTER" USERMARK="B" WIDTH="198" HEIGHT="23">발  행  일</TD>
<TD VALIGN="MIDDLE" ALIGN="CENTER" WIDTH="408" HEIGHT="23">2026년 01월 06일</TD>
</TR>

<TR ACOPY="Y" ADELETE="Y" HEIGHT="30">
<TD COLSPAN="2" VALIGN="MIDDLE" ALIGN="CENTER" USERMARK="B" WIDTH="198" HEIGHT="23">전자등록기관</TD>
<TD VALIGN="MIDDLE" ALIGN="CENTER" WIDTH="408" HEIGHT="23">한국예탁결제원</TD>
</TR>

<TR ACOPY="Y" ADELETE="Y" HEIGHT="30">
<TD COLSPAN="2" VALIGN="MIDDLE" ALIGN="CENTER" USERMARK="B" WIDTH="198" HEIGHT="23">증권의 상장여부</TD>
<TD VALIGN="MIDDLE" ALIGN="CENTER" WIDTH="408" HEIGHT="23">비상장</TD>
</TR>

<TR ACOPY="Y" ADELETE="Y" HEIGHT="30">
<TD COLSPAN="2" VALIGN="MIDDLE" ALIGN="CENTER" USERMARK="B" WIDTH="198" HEIGHT="23">만  기  일</TD>
<TD VALIGN="MIDDLE" ALIGN="CENTER" WIDTH="408" HEIGHT="23">2026년 07월 06일</TD>
</TR>

<TR ACOPY="Y" ADELETE="Y" HEIGHT="53">
<TD COLSPAN="2" VALIGN="MIDDLE" ALIGN="CENTER" USERMARK="B" WIDTH="198" HEIGHT="46">만기상환</TD>
<TD VALIGN="MIDDLE" ALIGN="CENTER" WIDTH="408" HEIGHT="46">본 일괄신고추가서류 'II. 증권의 권리내용 2. 권리의 내용'을 참조하시기 바랍니다.</TD>
</TR>

<TR ACOPY="Y" ADELETE="Y" HEIGHT="30">
<TD COLSPAN="2" VALIGN="MIDDLE" ALIGN="CENTER" USERMARK="B" WIDTH="198" HEIGHT="23">만기시 결제방법</TD>
<TD VALIGN="MIDDLE" ALIGN="CENTER" WIDTH="408" HEIGHT="23">현금결제 (미국달러 USD 결제)</TD>
</TR>

<TR ACOPY="Y" ADELETE="Y" HEIGHT="375">
<TD COLSPAN="2" VALIGN="MIDDLE" ALIGN="CENTER" USERMARK="B" WIDTH="198" HEIGHT="368">기타 유의사항</TD>

<TD WIDTH="408" HEIGHT="368">
<P>본 증권은 주식·사채 등의 전자등록에 관한 법률에 따라 전자등록기관인 한국예탁결제원을 통하여 전자등록하여 발행하고, 실물을 발행하지 않습니다. 본 증권의 보유자는 전자등록기관의 계좌관리기관등 자기계좌부 또는 계좌관리기관의 고객계좌부에의 전자등록을 통하여 본 증권을 보유합니다.자동조기상환일, 중도상환금액지급일, 월수익지급일, 만기일 등 각종 상환일이 공휴일인 경우 다음 영업일로 순연되며, 이에 대한 추가이자는 지급하지 않습니다.</P>
<SPAN></SPAN>
<SPAN USERMARK="B">본 증권은 자본시장법 시행령 제2조제7호에서 정하는 고난도금융상품에 해당하지 아니하며 만기 또는 자동조기상환 시 원금 이상을 지급하는 구조입니다. 그러나 기초자산 가격 변동 이외의 요인(투자자 요청에 따른 중도상환, 발행인의 지급 불이행 등)으로 추가 손실이 발생할 수 있습니다.</SPAN>
</TD>
</TR>
</TBODY>
</TABLE>
<P></P>

<P USERMARK="F-GL ">
<SPAN USERMARK="B">가. 만기상환</SPAN>
</P>
<P USERMARK="F-GL ">ｏ 발행인은 만기일에 아래 만기상환금액 결정조건에 따라 결정된 상환금액을 지급함으로써 본 증권을 상환함. 단, 만기상환일이 영업일이 아닌 경우 이후 최초로 도래하는 영업일을 지급일로 하며, 이러한 지급연기에 대해서는 추가적으로 이자등 기타지급금을 가산하지 않음.</P>

<TABLE ACLASS="NORMAL" AFIXTABLE="N" BORDER="1" WIDTH="625">

<COLGROUP WIDTH="625">
<COL WIDTH="403"></COL>
<COL WIDTH="222"></COL>
</COLGROUP>

<THEAD>

<TR ACOPY="Y" ADELETE="Y" HEIGHT="30">
<TH USERMARK="B" WIDTH="394" ACOPYCOL="Y" ADELETECOL="Y" AMOVECOL="N" HEIGHT="23">만기상환금액 결정조건</TH>
<TH USERMARK="B" WIDTH="213" VALIGN="MIDDLE" ACOPYCOL="Y" ADELETECOL="Y" AMOVECOL="N" HEIGHT="23">상환금액(세전)</TH>
</TR>
</THEAD>

<TBODY>

<TR ACOPY="Y" ADELETE="Y" HEIGHT="53">

<TD WIDTH="394" HEIGHT="46">① 
<SPAN USERMARK="BU">만기평가일에 기초자산의 만기평가가격이 6% 초과인 경우</SPAN>
</TD>
<TD ALIGN="CENTER" VALIGN="MIDDLE" WIDTH="213" HEIGHT="46">액면금액×[100%+{4.010%×(n/365일)}]</TD>
</TR>

<TR ACOPY="Y" ADELETE="Y" HEIGHT="53">

<TD WIDTH="394" HEIGHT="46">② 
<SPAN USERMARK="BU">만기평가일에 기초자산의 만기평가가격이 6% 이하인 경우</SPAN>
</TD>
<TD ALIGN="CENTER" VALIGN="MIDDLE" WIDTH="213" HEIGHT="46">액면금액×[100%+{4.000%×(n/365일)}]</TD>
</TR>
</TBODY>
</TABLE>
<P USERMARK="F-GL B">* n = 181일 [발행일(불포함)로부터 만기일(포함)까지의 달력일수]</P>

<P USERMARK="F-GL ">ｏ 
<SPAN USERMARK="B">만기평가가격 : </SPAN>만기평가일의 기초자산의 종가ｏ 
<SPAN USERMARK="B">만기평가일 : </SPAN>2026년 07월 02일ｏ 
<SPAN USERMARK="B">최종관찰일 : </SPAN>2026년 07월 02일ｏ 
<SPAN USERMARK="B">만기일(지급일) : </SPAN>2026년 07월 06일                              만기평가일(불포함)로부터 2영업일
</P>
<P></P>

<TABLE ACLASS="NORMAL" AFIXTABLE="N" BORDER="0" WIDTH="591">

<COLGROUP WIDTH="591">
<COL WIDTH="591"></COL>
</COLGROUP>

<TBODY>

<TR ACOPY="Y" ADELETE="Y" HEIGHT="30">
<TD WIDTH="582" ALIGN="RIGHT" HEIGHT="23">2026년 01월 06일</TD>
</TR>

<TR ACOPY="Y" ADELETE="Y" HEIGHT="30">
<TD ALIGN="RIGHT" WIDTH="582" HEIGHT="23">현대차증권 주식회사</TD>
</TR>

<TR ACOPY="Y" ADELETE="Y" HEIGHT="30">
<TD ALIGN="RIGHT" WIDTH="582" HEIGHT="23">대표이사    배   형   근    (인)</TD>
</TR>
</TBODY>
</TABLE>
</SECTION-2>
</LIBRARY>

</SECTION-1>
</BODY>
</DOCUMENT>