<?xml version="1.0" encoding="utf-8"?>


<DOCUMENT xmlns:xsi="http://www.w3.org/2001/XMLSchema-instance" xsi:noNamespaceSchemaLocation="dart4.xsd">

<DOCUMENT-NAME ACODE="11312">주요사항보고서(소송 등의 제기)</DOCUMENT-NAME>
<FORMULA-VERSION ADATE="20160118">6.0</FORMULA-VERSION>
<COMPANY-NAME AREGCIK="00863038">(주)캐리</COMPANY-NAME>


<BODY ATOCID="2">

<LIBRARY>
<SECTION-1 ACLASS="MANDATORY" APARTSOURCE="SOURCE">
<TITLE ATOC="Y" AASSOCNOTE="D-0-0-0-0" ENG="Report on Major Issues／Reporting Obligations to the KRX" ATOCID="2">주요사항보고서 / 거래소 신고의무 사항</TITLE>

<TABLE ACLASS="NORMAL" AFIXTABLE="Y" WIDTH="600" BORDER="0">

<COLGROUP WIDTH="600">
<COL WIDTH="141"></COL>
<COL WIDTH="183"></COL>
<COL WIDTH="276"></COL>
</COLGROUP>

<TBODY>

<TR ACOPY="Y" ADELETE="Y" HEIGHT="30">
<TD COLSPAN="3" WIDTH="591" HEIGHT="23"></TD>
</TR>

<TR ACOPY="Y" ADELETE="Y" HEIGHT="53">
<TD COLSPAN="3" WIDTH="591" HEIGHT="46"></TD>
</TR>

<TR ACOPY="Y" ADELETE="Y" HEIGHT="30">
<TD COLSPAN="2" VALIGN="MIDDLE" WIDTH="315" HEIGHT="23">금융위원회 / 한국거래소 귀중</TD>
<TD ALIGN="RIGHT" VALIGN="MIDDLE" WIDTH="267" HEIGHT="23">  2026년     01월     05일</TD>
</TR>

<TR ACOPY="Y" ADELETE="Y" HEIGHT="53">
<TD COLSPAN="3" WIDTH="591" HEIGHT="46"></TD>
</TR>

<TR ACOPY="Y" ADELETE="Y" HEIGHT="30">
<TD WIDTH="132" HEIGHT="23">회     사     명  :</TD>
<TD COLSPAN="2" WIDTH="450" HEIGHT="23">주식회사 캐리</TD>
</TR>

<TR ACOPY="Y" ADELETE="Y" HEIGHT="30">
<TD WIDTH="132" HEIGHT="23">대  표   이  사  :</TD>
<TD COLSPAN="2" WIDTH="450" HEIGHT="23">김 용 선</TD>
</TR>

<TR ACOPY="Y" ADELETE="Y" HEIGHT="30">
<TD WIDTH="132" HEIGHT="23">본 점  소 재 지 :</TD>
<TD COLSPAN="2" WIDTH="450" HEIGHT="23">경기도 용인시 처인구 모현읍 초부로54번길 7-3</TD>
</TR>

<TR ACOPY="Y" ADELETE="Y" HEIGHT="30">
<TD WIDTH="132" HEIGHT="23"></TD>
<TD COLSPAN="2" WIDTH="450" HEIGHT="23">(전  화) 031-326-3000</TD>
</TR>

<TR ACOPY="Y" ADELETE="Y" HEIGHT="30">
<TD WIDTH="132" HEIGHT="23"></TD>
<TD COLSPAN="2" WIDTH="450" HEIGHT="23">(홈페이지)http://www.carrykorea.com</TD>
</TR>

<TR ACOPY="Y" ADELETE="Y" HEIGHT="30">
<TD WIDTH="132" HEIGHT="23"></TD>
<TD COLSPAN="2" WIDTH="450" HEIGHT="23"></TD>
</TR>

<TR ACOPY="Y" ADELETE="Y" HEIGHT="30">
<TD COLSPAN="3" WIDTH="591" HEIGHT="23"></TD>
</TR>

<TR ACOPY="Y" ADELETE="Y" HEIGHT="30">
<TD COLSPAN="3" WIDTH="591" HEIGHT="23"></TD>
</TR>

<TR ACOPY="Y" ADELETE="Y" HEIGHT="30">
<TD WIDTH="132" HEIGHT="23">작 성 책 임 자 :</TD>
<TD WIDTH="174" HEIGHT="23">(직  책)대표이사</TD>
<TD WIDTH="267" HEIGHT="23">(성  명)김 용 선</TD>
</TR>

<TR ACOPY="Y" ADELETE="Y" HEIGHT="30">
<TD WIDTH="132" HEIGHT="23"></TD>
<TD COLSPAN="2" WIDTH="450" HEIGHT="23">(전  화)031-326-3077</TD>
</TR>

<TR ACOPY="Y" ADELETE="Y" HEIGHT="30">
<TD COLSPAN="3" WIDTH="591" HEIGHT="23"></TD>
</TR>
</TBODY>
</TABLE>
<P></P>
<PGBRK></PGBRK>
</SECTION-1>
</LIBRARY>


<SECTION-1 ACLASS="MANDATORY" APARTSOURCE="SOURCE">
<TITLE ATOC="Y" AASSOCNOTE="D-0-1-0-0" ENG="Lawsuit Filing, etc." ATOCID="1">소송 등의 제기</TITLE>
<P></P>

<TABLE-GROUP ACLASS="SUE_APPL" ADELETETABLE="N">

<TABLE ACLASS="EXTRACTION" AFIXTABLE="Y" WIDTH="598" BORDER="1">

<COLGROUP WIDTH="598">
<COL WIDTH="250"></COL>
<COL WIDTH="348"></COL>
</COLGROUP>

<TBODY>

<TR ACOPY="Y" ADELETE="Y" HEIGHT="30">
<TD WIDTH="241" HEIGHT="23" AUPDATECONT="N" ENG="1. Case name">1. 사건의 명칭</TD>
<TE WIDTH="339" HEIGHT="23" ACODE="SUE_NM">신주발행금지 가처분신청</TE>
</TR>

<TR ACOPY="Y" ADELETE="Y" HEIGHT="30">
<TD WIDTH="241" HEIGHT="23" AUPDATECONT="N" ENG="2. Plaintiff (claimant)">2. 원고ㆍ신청인</TD>
<TE WIDTH="339" HEIGHT="23" ACODE="APP_NM">드OOOOOOOO</TE>
</TR>

<TR ACOPY="Y" ADELETE="Y" HEIGHT="329">
<TD WIDTH="241" HEIGHT="322" AUPDATECONT="N" ENG="3. Details of claims">3. 청구내용</TD>
<TE WIDTH="339" HEIGHT="322" ACODE="RQST_CONT">[채권자]1. 드OOOOOOOO[채무자]1. 주식회사 캐리[신청취지]1. 채무자는 2025. 8. 18.자 이사회결의(2025. 12. 22.자 정정신고 포함)에 기하여 보통주식 8,568,980주를 발행하여서는 아니된다.2. 채무자는 위 신주에 대한 인수인의 청약을 받거나 그 대금을 수령하여서는 아니되며, 자본금 변경 등기를 신청하여서는 아니된다.3. 신청비용은 채무자의 부담으로 한다.</TE>
</TR>

<TR ACOPY="Y" ADELETE="Y" HEIGHT="30">
<TD WIDTH="241" HEIGHT="23" AUPDATECONT="N" ENG="4. Competent court">4. 관할법원</TD>
<TE WIDTH="339" HEIGHT="23" ACODE="COURT">수원지방법원</TE>
</TR>

<TR ACOPY="Y" ADELETE="Y" HEIGHT="30">
<TD WIDTH="241" HEIGHT="23" AUPDATECONT="N" ENG="5. Actions to be taken">5. 향후대책</TD>
<TE WIDTH="339" HEIGHT="23" ACODE="FTR_SCHD">당사는 법적인 절차에 따라 대응할 예정입니다.</TE>
</TR>

<TR ACOPY="Y" ADELETE="Y" HEIGHT="30">
<TD WIDTH="241" HEIGHT="23" AUPDATECONT="N" ENG="6. Date of filing">6. 제기일자</TD>
<TU WIDTH="339" HEIGHT="23" AUNIT="APPL_DT" AUNITVALUE="20251224">2025년 12월 24일</TU>
</TR>

<TR ACOPY="Y" ADELETE="Y" HEIGHT="30">
<TD WIDTH="241" HEIGHT="23" AUPDATECONT="N" ENG="7. Confirmation date">7. 확인일자</TD>
<TU WIDTH="339" HEIGHT="23" AUNIT="CONF_DT" AUNITVALUE="20260105">2026년 01월 05일</TU>
</TR>
</TBODY>
</TABLE>
</TABLE-GROUP>
<P></P>

<TABLE ACLASS="NORMAL" AFIXTABLE="Y" WIDTH="600" BORDER="0">

<COLGROUP WIDTH="600">
<COL WIDTH="600"></COL>
</COLGROUP>

<TBODY>

<TR ACOPY="N" ADELETE="N" HEIGHT="30">
<TD WIDTH="591" HEIGHT="23" AUPDATECONT="N" ENG="8. Other matters to be factored into investment decisions">8. 기타 투자판단에 참고할 사항</TD>
</TR>
</TBODY>
</TABLE>
<P>가. 상기사건의 사건번호는 수원지방법원 2025카합10557 입니다.나. 당사는 향후 진행사항 및 확정사실등이 있을 경우 지체없이 관련사항을 공시할 예정입니다.다. 관련공시- 주요사항보고서2025.12.22 [정정]주요사항보고서(유상증자결정)2025.12.08 [정정]주요사항보고서(유상증자결정)</P>
<P>2025.11.28 [정정]주요사항보고서(유상증자결정)2025.11.06 [정정]주요사항보고서(유상증자결정)2025.10.16 [정정]주요사항보고서(유상증자결정)2025.09.29 [정정]주요사항보고서(유상증자결정)2025.09.16 [정정]주요사항보고서(유상증자결정)2025.09.08 [정정]주요사항보고서(유상증자결정)2025.08.29 [정정]주요사항보고서(유상증자결정)2025.08.18 주요사항보고서(유상증자결정)</P>
</SECTION-1>
</BODY>
</DOCUMENT>