<html>
 <head> 
  <meta content="gdi" http-equiv="X-UA-TextLayoutMetrics"> 
  <meta content="text/html; charset=euc-kr" http-equiv="Content-Type"> 
  <STYLE>
.xforms * { font-family: 돋움체;}
.xforms_title * { font-size: 13pt; padding : 0 0 10 0;}

.xforms table {
    font-size: 10px;
    padding:0px;
    border-collapse:collapse;
    color: #3D3D3D;
}
.xforms td {
    padding-left:0px;
    padding-top:0px;
    border-collapse:collapse;
    line-height:22px;
    color: #3D3D3D;
    /*text-align:right;*/
    vertical-align:middle;
    border: 1px solid #7f7f7f;
}

.xforms span {
    /*display: inline-block;*/
    padding-left:3px;
    padding-right: 1px;
    line-height:22px;
    padding-top:0px;
    padding-bottom:0px;
    text-align:left;
    vertical-align:middle;
    border: 0px solid #DBDBDB;
}

.xforms.img{
    border : 0px;
}

.xforms a:link {

    color: #194866;
    text-decoration: none;
}
.xforms a:active {

    color: #194866;
    text-decoration: none;
}
.xforms a:visited {
    color: #194866;
    text-decoration: none;
}

.xforms A:hover {
    color:008BE3;
    text-decoration: none;
}

.xforms_input{
    border: 0px solid #DBDBDB;
    padding-left:3px;
    padding-right: 1px;
    height:22px;
    padding-top:0px;
    padding-bottom:0px;
    text-align:left;
}
</STYLE> 
  <title>세븐브로이맥주/회생절차 개시결정/(2026.01.06)회생절차 개시결정</title> 
 </head> 
 <body> 
  <div class="xforms"> 
   <div> 
    <div id="LIB_LC000" style="width:600px;font-size:10pt;;padding:0 0 20 0"> 
     <div> 
      <div> 
       <span style="width:600px;font-size:10pt;font-weight:bold;text-align:center;">정정신고(보고)</span> 
       <table border="0" bordercolordark="white" bordercolorlight="#666666" cellpadding="1" cellspacing="0" id="XFormD8_Form0_Table1" style="margin:0px 0px 20px 0px;width:600px;font-size:10pt;"> 
        <tbody> 
         <tr> 
          <td width="434"> <span style="width:434px;font-size:10pt;text-align:right;">정정일자</span> </td> 
          <td width="166"> <span class="xforms_input" style="width:166px;font-size:10pt;">2026-01-06</span> </td> 
         </tr> 
        </tbody> 
       </table> 
       <table border="1" bordercolordark="white" bordercolorlight="#666666" cellpadding="1" cellspacing="0" id="XFormD8_Form0_RepeatTable0" style="margin:0px 0px 20px 0px;width:600px;font-size:10pt;border:1px solid #7f7f7f;"> 
        <tbody> 
         <tr> 
          <td width="200"> <span style="width:200px;font-size:10pt;">1. 정정관련 공시서류</span> </td> 
          <td colspan="2" width="400"> <span class="xforms_input" style="width:400px;font-size:10pt;">회생절차 개시결정</span> </td> 
         </tr> 
         <tr> 
          <td width="200"> <span style="width:200px;font-size:10pt;">2. 정정관련 공시서류제출일</span> </td> 
          <td colspan="2" width="400"> <span class="xforms_input" style="width:400px;font-size:10pt;">2025-07-01</span> </td> 
         </tr> 
         <tr> 
          <td width="200"> <span style="width:200px;font-size:10pt;">3. 정정사유</span> </td> 
          <td colspan="2" width="400"> <span class="xforms_input" style="width:400px;font-size:10pt;">회생계획안 제출기간 변경</span> </td> 
         </tr> 
         <tr> 
          <td colspan="3" width="600"> <span style="width:600px;font-size:10pt;">4. 정정사항</span> </td> 
         </tr> 
         <tr> 
          <td width="200"> <span style="width:200px;font-size:10pt;text-align:center;">정정항목</span> </td> 
          <td width="200"> <span style="width:200px;font-size:10pt;text-align:center;">정정전</span> </td> 
          <td width="200"> <span style="width:200px;font-size:10pt;text-align:center;">정정후</span> </td> 
         </tr> 
         <tr> 
          <td width="200"> <span class="xforms_input" style="width:200px;font-size:10pt;">7. 기타 투자판단과 관련한 <br java="http://xml.apache.org/xalan/java">   중요사항</span> </td> 
          <td width="200"> <span class="xforms_input" style="width:200px;font-size:10pt;">[결정문 내용] <br java="http://xml.apache.org/xalan/java"> <br java="http://xml.apache.org/xalan/java">6. 회생계획안의 제출기간을 2026.01.07.까지로 한다.</span> </td> 
          <td width="200"> <span class="xforms_input" style="width:200px;font-size:10pt;">[결정문 내용] <br java="http://xml.apache.org/xalan/java"> <br java="http://xml.apache.org/xalan/java">6. 회생계획안의 제출기간을 2026.02.06.까지로 한다.</span> </td> 
         </tr> 
        </tbody> 
       </table> 
       <table border="1" bordercolordark="white" bordercolorlight="#666666" cellpadding="1" cellspacing="0" id="XFormD8_Form0_Table0" style="margin:0px 0px 20px 0px;width:599px;font-size:10pt;border:1px solid #7f7f7f;"> 
        <tbody> 
         <tr> 
          <td width="599"> <span class="xforms_input" style="width:599px;font-size:10pt;">-</span> </td> 
         </tr> 
        </tbody> 
       </table> 
      </div> 
     </div> 
    </div> 
    <div class="xforms_title"> 
     <div> 
      <span style="width:584px;font-weight:bold;text-align:center;">회생절차 개시결정</span> 
     </div> 
    </div> 
    <table border="1" bordercolordark="white" bordercolorlight="#666666" cellpadding="1" cellspacing="0" id="XFormD1_Form0_Table0" style="margin:0px 0px 20px 0px;width:597px;font-size:10pt;border:1px solid #7f7f7f;"> 
     <tbody> 
      <tr> 
       <td colspan="3" width="284"> <span style="width:284px;font-size:10pt;">1. 사건번호</span> </td> 
       <td width="313"> <span class="xforms_input" style="width:313px;font-size:10pt;">2025회합190[전자]회생</span> </td> 
      </tr> 
      <tr> 
       <td colspan="3" width="284"> <span style="width:284px;font-size:10pt;">2. 결정일자</span> </td> 
       <td width="313"> <span class="xforms_input" style="width:313px;font-size:10pt;">2025-07-01</span> </td> 
      </tr> 
      <tr> 
       <td colspan="3" width="284"> <span style="width:284px;font-size:10pt;">3. 관할법원</span> </td> 
       <td width="313"> <span class="xforms_input" style="width:313px;font-size:10pt;">서울회생법원</span> </td> 
      </tr> 
      <tr> 
       <td rowspan="5" width="90"> <span style="width:90px;font-size:10pt;">4. 결정내용</span> </td> 
       <td colspan="2" width="194"> <span style="width:194px;font-size:10pt;">제1회 관계인집회기일</span> </td> 
       <td width="313"> <span class="xforms_input" style="width:313px;font-size:10pt;">-</span> </td> 
      </tr> 
      <tr> 
       <td rowspan="2" width="134"> <span style="width:134px;font-size:10pt;">회생채권ㆍ회생담보권ㆍ주식 또는 출자지분의 신고기간</span> </td> 
       <td width="60"> <span style="width:60px;font-size:10pt;text-align:center;">시작일</span> </td> 
       <td width="313"> <span class="xforms_input" style="width:313px;font-size:10pt;">2025-07-16</span> </td> 
      </tr> 
      <tr> 
       <td width="60"> <span style="width:60px;font-size:10pt;text-align:center;">종료일</span> </td> 
       <td width="313"> <span class="xforms_input" style="width:313px;font-size:10pt;">2025-08-05</span> </td> 
      </tr> 
      <tr> 
       <td rowspan="2" width="134"> <span style="width:134px;font-size:10pt;">회생채권ㆍ회생담보권 조사기간</span> </td> 
       <td width="60"> <span style="width:60px;font-size:10pt;text-align:center;">시작일</span> </td> 
       <td width="313"> <span class="xforms_input" style="width:313px;font-size:10pt;">2025-08-06</span> </td> 
      </tr> 
      <tr> 
       <td width="60"> <span style="width:60px;font-size:10pt;text-align:center;">종료일</span> </td> 
       <td width="313"> <span class="xforms_input" style="width:313px;font-size:10pt;">2025-08-26</span> </td> 
      </tr> 
      <tr> 
       <td colspan="3" width="284"> <span style="width:284px;font-size:10pt;">5. 관리인 성명(회사와의 관계)</span> </td> 
       <td width="313"> <span class="xforms_input" style="width:313px;font-size:10pt;">김강삼(대표이사)</span> </td> 
      </tr> 
      <tr> 
       <td colspan="3" width="284"> <span style="width:284px;font-size:10pt;">6. 확인(결정서 접수)일자</span> </td> 
       <td width="313"> <span class="xforms_input" style="width:313px;font-size:10pt;">2025-07-01</span> </td> 
      </tr> 
      <tr> 
       <td colspan="4" width="597"> <span style="width:597px;font-size:10pt;">7. 기타 투자판단과 관련한 중요사항</span> </td> 
      </tr> 
      <tr> 
       <td colspan="4" width="597"> <span class="xforms_input" style="width:597px;font-size:10pt;">[결정문 내용] <br xmlns:java="http://xml.apache.org/xalan/java"> <br xmlns:java="http://xml.apache.org/xalan/java">1. 채무자에 대하여 회생절차를 개시한다. <br xmlns:java="http://xml.apache.org/xalan/java"> <br xmlns:java="http://xml.apache.org/xalan/java">2. 채무자에 대하여 관리인을 선임하지 아니하고 채무자의 대표이사를 채무자의 관리인 <br xmlns:java="http://xml.apache.org/xalan/java">
         <!--?javax.xml.transform.disable-output-escaping?--> 
         <!--?javax.xml.transform.enable-output-escaping?-->  으로 본다. <br xmlns:java="http://xml.apache.org/xalan/java"> <br xmlns:java="http://xml.apache.org/xalan/java">3. 회생채권자, 회생담보권자 및 주주의 목록 제출기간을 2025.6.12.부터 2025.7.15.까지 <br xmlns:java="http://xml.apache.org/xalan/java">
         <!--?javax.xml.transform.disable-output-escaping?--> 
         <!--?javax.xml.transform.enable-output-escaping?-->  로 한다. <br xmlns:java="http://xml.apache.org/xalan/java"> <br xmlns:java="http://xml.apache.org/xalan/java">4. 회생채권, 회생담보권 및 주식의 신고기간을 2025.7.16.부터 2025.8.5.까지로 한다. <br xmlns:java="http://xml.apache.org/xalan/java"> <br xmlns:java="http://xml.apache.org/xalan/java">5. 회생채권, 회생담보권의 조사기간을 2025.8.6.부터 2025.8.26.까지로 한다. <br xmlns:java="http://xml.apache.org/xalan/java"> <br xmlns:java="http://xml.apache.org/xalan/java">6. 회생계획안의 제출기간을 2026.02.06.까지로 한다.</span> </td> 
      </tr> 
      <tr> 
       <td colspan="2" width="224"> <span style="width:224px;font-size:10pt;">※ 관련공시</span> </td> 
       <td colspan="2" width="373"> <span class="xforms_input" style="width:373px;font-size:10pt;">2025-05-28 주요사항보고서(회생절차 개시신청) <br xmlns:java="http://xml.apache.org/xalan/java">2025-06-12 회생절차개시결정 <br xmlns:java="http://xml.apache.org/xalan/java">2025-07-01 [기재정정]회생절차개시결정 <br xmlns:java="http://xml.apache.org/xalan/java">2025-10-15 [기재정정]회생절차개시결정 <br xmlns:java="http://xml.apache.org/xalan/java">2025-11-10 [기재정정]회생절차개시결정 <br xmlns:java="http://xml.apache.org/xalan/java">2025-12-05 [기재정정]회생절차개시결정</span> </td> 
      </tr> 
     </tbody> 
    </table> 
    <table border="1" bordercolordark="white" bordercolorlight="#666666" cellpadding="1" cellspacing="0" id="XFormD1_Form0_Table1" style="margin:0px 0px 20px 0px;width:596px;font-size:10pt;border:1px solid #7f7f7f;"> 
     <tbody> 
      <tr> 
       <td width="224"> <span style="width:224px;font-size:10pt;">※관련 공시법규</span> </td> 
       <td width="372"> <span class="xforms_input" style="width:372px;font-size:10pt;">자본시장법</span> </td> 
      </tr> 
     </tbody> 
    </table> 
   </div> 
  </div>  
 </body>
</html>