<html>
 <head> 
  <meta content="gdi" http-equiv="X-UA-TextLayoutMetrics"> 
  <meta content="text/html; charset=euc-kr" http-equiv="Content-Type"> 
  <STYLE>
.xforms * { font-family: 돋움체;}
.xforms_title * { font-size: 13pt; padding : 0 0 10 0;}

.xforms table {
    font-size: 10px;
    padding:0px;
    border-collapse:collapse;
    color: #3D3D3D;
}
.xforms td {
    padding-left:0px;
    padding-top:0px;
    border-collapse:collapse;
    line-height:22px;
    color: #3D3D3D;
    /*text-align:right;*/
    vertical-align:middle;
    border: 1px solid #7f7f7f;
}

.xforms span {
    /*display: inline-block;*/
    padding-left:3px;
    padding-right: 1px;
    line-height:22px;
    padding-top:0px;
    padding-bottom:0px;
    text-align:left;
    vertical-align:middle;
    border: 0px solid #DBDBDB;
}

.xforms.img{
    border : 0px;
}

.xforms a:link {

    color: #194866;
    text-decoration: none;
}
.xforms a:active {

    color: #194866;
    text-decoration: none;
}
.xforms a:visited {
    color: #194866;
    text-decoration: none;
}

.xforms A:hover {
    color:008BE3;
    text-decoration: none;
}

.xforms_input{
    border: 0px solid #DBDBDB;
    padding-left:3px;
    padding-right: 1px;
    height:22px;
    padding-top:0px;
    padding-bottom:0px;
    text-align:left;
}
</STYLE> 
  <title>한온시스템/기타 안내사항(안내공시)/(2026.01.06)기타 안내사항(안내공시)</title> 
 </head> 
 <body> 
  <div class="xforms"> 
   <div> 
    <span class="noprint" style="display:none;width:600px;font-size:10pt;"> </span> 
    <div class="xforms_title"> 
     <div> 
      <span style="width:598px;font-weight:bold;text-align:center;">기타 안내사항(안내공시)</span> 
     </div> 
    </div> 
    <table border="1" bordercolordark="white" bordercolorlight="#666666" cellpadding="1" cellspacing="0" id="XFormD29_Form0_Table7" style="margin:0px 0px 20px 0px;width:600px;font-size:10pt;border:1px solid #7f7f7f;"> 
     <tbody> 
      <tr> 
       <td width="223"> <span style="width:223px;font-size:10pt;">1. 제목</span> </td> 
       <td colspan="2" width="377"> <span class="xforms_input" style="width:377px;font-size:10pt;">한온시스템 주식회사 보통주 의무보유 기간 만료 안내</span> </td> 
      </tr> 
      <tr> 
       <td width="223"> <span style="width:223px;font-size:10pt;">2. 주요내용</span> </td> 
       <td colspan="2" width="377"> <span class="xforms_input" style="width:377px;font-size:10pt;">제3자배정 유상증자로 인하여 의무보유된 한온시스템 주식회사  보통주 의무보유(보호예수) 기간이 다음과 같이 만료됨을 안내 드립니다. <br xmlns:java="http://xml.apache.org/xalan/java"> <br xmlns:java="http://xml.apache.org/xalan/java">
         <!--?javax.xml.transform.disable-output-escaping?--> 
         <!--?javax.xml.transform.enable-output-escaping?-->                   - 다      음 - <br xmlns:java="http://xml.apache.org/xalan/java"> <br xmlns:java="http://xml.apache.org/xalan/java">1. 의무보유 주식수      : 144,962,552주 <br xmlns:java="http://xml.apache.org/xalan/java"> <br xmlns:java="http://xml.apache.org/xalan/java">2. 의무보유 주식 보유자 : 한온시스템 주식회사 <br xmlns:java="http://xml.apache.org/xalan/java"> <br xmlns:java="http://xml.apache.org/xalan/java">3. 의무보유 기간        : 2025.01.09 ~ 2026.01.09 <br xmlns:java="http://xml.apache.org/xalan/java"> <br xmlns:java="http://xml.apache.org/xalan/java">4. 의무보유 해제일      : 2026.01.10 <br xmlns:java="http://xml.apache.org/xalan/java"> <br xmlns:java="http://xml.apache.org/xalan/java">5. 근거규정 : 증권의 발행 및 공시 등에 관한 규정 <br xmlns:java="http://xml.apache.org/xalan/java">
         <!--?javax.xml.transform.disable-output-escaping?--> 
         <!--?javax.xml.transform.enable-output-escaping?-->              제2-2조 제2항 제1호</span> </td> 
      </tr> 
      <tr> 
       <td width="223"> <span style="width:223px;font-size:10pt;">3. 결정(확인)일자</span> </td> 
       <td colspan="2" width="377"> <span class="xforms_input" style="width:377px;font-size:10pt;">-</span> </td> 
      </tr> 
      <tr> 
       <td rowspan="2" width="223"> <span style="width:223px;font-size:10pt;">4. 기타 투자판단과 관련한 중요사항</span> </td> 
       <td colspan="2" width="377"> <span class="xforms_input" style="width:377px;font-size:10pt;">-</span> </td> 
      </tr> 
      <tr> 
       <td width="95"> <span style="width:95px;font-size:10pt;">※ 관련공시</span> </td> 
       <td width="282"> <span style="width:282px;font-size:10pt;"> <a href="http://kind.krx.co.kr/common/disclsviewer.do?method=search&amp;acptno=20241211000730&amp;rcpno=20241211000453&amp;orgid=F&amp;tran=Y&amp;langTpCd=0" target="_blank" xmlns="http://www.w3.org/1999/xhtml" xmlns:xf="http://www.w3.org/2002/xforms" xmlns:xh="http://www.w3.org/1999/xhtml" xmlns:xsd="http://www.w3.org/2001/XMLSchema">2024-12-11 유상증자결정</a> <br xmlns:java="http://xml.apache.org/xalan/java"> </span> </td> 
      </tr> 
     </tbody> 
    </table> 
   </div> 
  </div>  
 </body>
</html>