<?xml version="1.0" encoding="utf-8"?>


<DOCUMENT xmlns:xsi="http://www.w3.org/2001/XMLSchema-instance" xsi:noNamespaceSchemaLocation="dart4.xsd">

<DOCUMENT-NAME ACODE="80703">동일인등출자계열회사와의상품ㆍ용역거래변경</DOCUMENT-NAME>
<FORMULA-VERSION ADATE="20211230">6.0</FORMULA-VERSION>
<COMPANY-NAME AREGCIK="01587038">(주)빅히트뮤직</COMPANY-NAME>


<BODY ATOCID="2">

<LIBRARY>
<CORRECTION>
<TITLE ATOC="Y" AASSOCNOTE="CORRECTION" ENG="Report of Disclosure Revision" ATOCID="2">정 정 신 고 (보고)</TITLE>

<TABLE ACLASS="NORMAL" AFIXTABLE="Y" WIDTH="600" BORDER="0">

<COLGROUP WIDTH="600">
<COL WIDTH="600"></COL>
</COLGROUP>

<TBODY>

<TR ACOPY="N" ADELETE="N" HEIGHT="30">
<TD WIDTH="591" HEIGHT="23"></TD>
</TR>

<TR ACOPY="N" ADELETE="N" HEIGHT="30">
<TD WIDTH="591" HEIGHT="23" ALIGN="RIGHT">2026년 1월 5일</TD>
</TR>
</TBODY>
</TABLE>
<P></P>
<P></P>

<TABLE ACLASS="NORMAL" AFIXTABLE="Y" WIDTH="600" BORDER="0">

<COLGROUP WIDTH="600">
<COL WIDTH="165"></COL>
<COL WIDTH="435"></COL>
</COLGROUP>

<TBODY>

<TR ACOPY="N" ADELETE="N" HEIGHT="30">
<TD WIDTH="156" VALIGN="MIDDLE" AUPDATECONT="N" ENG="1. Disclosure document to be revised:" HEIGHT="23">1. 정정대상 공시서류 :</TD>
<TD WIDTH="426" VALIGN="MIDDLE" HEIGHT="23">동일인등출자계열회사와의상품ㆍ용역거래변경</TD>
</TR>
</TBODY>
</TABLE>
<P></P>

<TABLE ACLASS="NORMAL" AFIXTABLE="Y" WIDTH="600" BORDER="0">

<COLGROUP WIDTH="600">
<COL WIDTH="260"></COL>
<COL WIDTH="340"></COL>
</COLGROUP>

<TBODY>

<TR ACOPY="N" ADELETE="N" HEIGHT="30">
<TD WIDTH="251" VALIGN="MIDDLE" AUPDATECONT="N" ENG="2. First submission date of disclosure document to be revised:" HEIGHT="23">2. 정정대상 공시서류의 최초제출일 :</TD>
<TD WIDTH="331" VALIGN="MIDDLE" HEIGHT="23">2025년 12월 30일</TD>
</TR>
</TBODY>
</TABLE>
<P></P>

<TABLE ACLASS="NORMAL" AFIXTABLE="Y" WIDTH="600" BORDER="0">

<COLGROUP WIDTH="600">
<COL WIDTH="600"></COL>
</COLGROUP>

<TBODY>

<TR ACOPY="N" ADELETE="N" HEIGHT="30">
<TD WIDTH="591" HEIGHT="23" VALIGN="MIDDLE" AUPDATECONT="N" ENG="3. Revised Information">3. 정정사항</TD>
</TR>
</TBODY>
</TABLE>

<TABLE ACLASS="NORMAL" AFIXTABLE="N" WIDTH="430" BORDER="1">

<COLGROUP WIDTH="430">
<COL WIDTH="143"></COL>
<COL WIDTH="83"></COL>
<COL WIDTH="102"></COL>
<COL WIDTH="102"></COL>
</COLGROUP>

<THEAD>

<TR ACOPY="N" ADELETE="N" HEIGHT="30">
<TH WIDTH="134" VALIGN="MIDDLE" ACOPYCOL="N" ADELETECOL="N" AMOVECOL="N" AUPDATECONT="N" ENG="Items" HEIGHT="23">항  목</TH>
<TH WIDTH="74" VALIGN="MIDDLE" ACOPYCOL="N" ADELETECOL="N" AMOVECOL="N" AUPDATECONT="N" ENG="Reason for revision" HEIGHT="23">정정사유</TH>
<TH WIDTH="93" VALIGN="MIDDLE" ACOPYCOL="N" ADELETECOL="N" AMOVECOL="N" AUPDATECONT="N" ENG="Before revision" HEIGHT="23">정 정 전</TH>
<TH WIDTH="93" VALIGN="MIDDLE" ACOPYCOL="N" ADELETECOL="N" AMOVECOL="N" AUPDATECONT="N" ENG="After revision" HEIGHT="23">정 정 후</TH>
</TR>
</THEAD>

<TBODY>

<TR ACOPY="Y" ADELETE="Y" HEIGHT="53">

<TD WIDTH="134" HEIGHT="46">
<SPAN>사외이사</SPAN> 
<SPAN>참석여부- 참석</SPAN>
</TD>
<TD ALIGN="CENTER" VALIGN="MIDDLE" WIDTH="74" HEIGHT="46">기재 오류</TD>
<TD ALIGN="CENTER" VALIGN="MIDDLE" WIDTH="93" HEIGHT="46">주1) 정정 전</TD>
<TD ALIGN="CENTER" VALIGN="MIDDLE" WIDTH="93" HEIGHT="46">주1) 정정 후</TD>
</TR>
</TBODY>
</TABLE>
<P>주1) 정정 전</P>

<TABLE WIDTH="1200" ACLASS="NORMAL" AFIXTABLE="N" BORDER="1">

<COLGROUP WIDTH="1200">
<COL WIDTH="206"></COL>
<COL WIDTH="92"></COL>
<COL WIDTH="78"></COL>
<COL WIDTH="289"></COL>
<COL WIDTH="96"></COL>
<COL WIDTH="120"></COL>
<COL WIDTH="319"></COL>
</COLGROUP>

<TBODY>

<TR ACOPY="Y" ADELETE="Y" HEIGHT="30">
<TD VALIGN="MIDDLE" ROWSPAN="2" WIDTH="197" HEIGHT="53">3. 이사회의결일</TD>
<TD ALIGN="CENTER" VALIGN="MIDDLE" ROWSPAN="2" WIDTH="83" HEIGHT="53">2025.12.30</TD>
<TD ALIGN="CENTER" VALIGN="MIDDLE" ROWSPAN="2" WIDTH="69" HEIGHT="53">사외이사참석여부</TD>
<TD ALIGN="CENTER" VALIGN="MIDDLE" WIDTH="280" HEIGHT="23">참석(명)</TD>
<TD ALIGN="CENTER" VALIGN="MIDDLE" WIDTH="87" HEIGHT="23" USERMARK="0X7D491F">6</TD>
<TD ALIGN="CENTER" VALIGN="MIDDLE" ROWSPAN="2" WIDTH="111" HEIGHT="53">감사(감사위원)참석여부</TD>
<TD ALIGN="CENTER" VALIGN="MIDDLE" ROWSPAN="2" WIDTH="310" HEIGHT="53">O</TD>
</TR>

<TR ACOPY="Y" ADELETE="Y" HEIGHT="30">
<TD ALIGN="CENTER" VALIGN="MIDDLE" WIDTH="280" HEIGHT="23">불참(명)</TD>
<TD ALIGN="CENTER" VALIGN="MIDDLE" WIDTH="87" HEIGHT="23">-</TD>
</TR>
</TBODY>
</TABLE>
<P>주2) 정정 후</P>

<TABLE WIDTH="1200" ACLASS="NORMAL" AFIXTABLE="N" BORDER="1">

<COLGROUP WIDTH="1200">
<COL WIDTH="206"></COL>
<COL WIDTH="92"></COL>
<COL WIDTH="78"></COL>
<COL WIDTH="289"></COL>
<COL WIDTH="96"></COL>
<COL WIDTH="120"></COL>
<COL WIDTH="319"></COL>
</COLGROUP>

<TBODY>

<TR ACOPY="Y" ADELETE="Y" HEIGHT="30">
<TD VALIGN="MIDDLE" ROWSPAN="2" WIDTH="197" HEIGHT="53">3. 이사회의결일</TD>
<TD ALIGN="CENTER" VALIGN="MIDDLE" ROWSPAN="2" WIDTH="83" HEIGHT="53">2025.12.30</TD>
<TD ALIGN="CENTER" VALIGN="MIDDLE" ROWSPAN="2" WIDTH="69" HEIGHT="53">사외이사참석여부</TD>
<TD ALIGN="CENTER" VALIGN="MIDDLE" WIDTH="280" HEIGHT="23">참석(명)</TD>
<TD ALIGN="CENTER" VALIGN="MIDDLE" WIDTH="87" HEIGHT="23" USERMARK="0X7D491F">-</TD>
<TD ALIGN="CENTER" VALIGN="MIDDLE" ROWSPAN="2" WIDTH="111" HEIGHT="53">감사(감사위원)참석여부</TD>
<TD ALIGN="CENTER" VALIGN="MIDDLE" ROWSPAN="2" WIDTH="310" HEIGHT="53">O</TD>
</TR>

<TR ACOPY="Y" ADELETE="Y" HEIGHT="30">
<TD ALIGN="CENTER" VALIGN="MIDDLE" WIDTH="280" HEIGHT="23">불참(명)</TD>
<TD ALIGN="CENTER" VALIGN="MIDDLE" WIDTH="87" HEIGHT="23">-</TD>
</TR>
</TBODY>
</TABLE>
<P></P>
<PGBRK></PGBRK>
</CORRECTION>
</LIBRARY>


<SECTION-1 ACLASS="MANDATORY" APARTSOURCE="SOURCE">
<TITLE ATOC="Y" AASSOCNOTE="D-0-1-0-0" ENG="Changes in Goods and Services Transactions with Affiliated Company Invested by the Same Person, etc." ATOCID="1">동일인 등 출자 계열회사와의 상품ㆍ용역거래 변경</TITLE>
<P></P>

<TABLE ACLASS="NORMAL" WIDTH="731" BORDER="1">

<COLGROUP WIDTH="731">
<COL WIDTH="93"></COL>
<COL WIDTH="63"></COL>
<COL WIDTH="63"></COL>
<COL WIDTH="120"></COL>
<COL WIDTH="78"></COL>
<COL WIDTH="92"></COL>
<COL WIDTH="78"></COL>
<COL WIDTH="144"></COL>
</COLGROUP>

<TBODY>

<TR ACOPY="Y" ADELETE="Y" HEIGHT="30">
<TD ALIGN="CENTER" VALIGN="MIDDLE" WIDTH="84" HEIGHT="23">기업집단명</TD>
<TD VALIGN="MIDDLE" WIDTH="54" HEIGHT="23">하이브</TD>
<TD ALIGN="CENTER" VALIGN="MIDDLE" WIDTH="54" HEIGHT="23">회사명</TD>
<TD VALIGN="MIDDLE" WIDTH="111" HEIGHT="23">(주)빅히트뮤직</TD>
<TD ALIGN="CENTER" VALIGN="MIDDLE" WIDTH="69" HEIGHT="23">공시일자</TD>
<TD VALIGN="MIDDLE" WIDTH="83" HEIGHT="23">2025.12.30</TD>
<TD ALIGN="CENTER" VALIGN="MIDDLE" WIDTH="69" HEIGHT="23">관련법규</TD>
<TD ALIGN="CENTER" VALIGN="MIDDLE" WIDTH="135" HEIGHT="23">공정거래법 제26조</TD>
</TR>
</TBODY>
</TABLE>
<P></P>

<TABLE ACLASS="NORMAL" AFIXTABLE="N" WIDTH="714" BORDER="0">

<COLGROUP WIDTH="714">
<COL WIDTH="714"></COL>
</COLGROUP>

<TBODY>

<TR ACOPY="Y" ADELETE="Y" HEIGHT="30">
<TD ALIGN="RIGHT" VALIGN="BOTTOM" WIDTH="705" HEIGHT="23">(단위 : 백만 원) </TD>
</TR>
</TBODY>
</TABLE>

<TABLE ACLASS="NORMAL" WIDTH="1200" BORDER="1">

<COLGROUP WIDTH="1200">
<COL WIDTH="206"></COL>
<COL WIDTH="92"></COL>
<COL WIDTH="78"></COL>
<COL WIDTH="103"></COL>
<COL WIDTH="78"></COL>
<COL WIDTH="108"></COL>
<COL WIDTH="96"></COL>
<COL WIDTH="120"></COL>
<COL WIDTH="133"></COL>
<COL WIDTH="78"></COL>
<COL WIDTH="108"></COL>
</COLGROUP>

<TBODY>

<TR ACOPY="Y" ADELETE="Y" HEIGHT="53">
<TD VALIGN="MIDDLE" WIDTH="367" HEIGHT="46" COLSPAN="3">1. 해당회사의 직전사업연도매출액(A)</TD>
<TD ALIGN="CENTER" VALIGN="MIDDLE" WIDTH="280" HEIGHT="46" COLSPAN="3">350,782</TD>
<TD ALIGN="CENTER" VALIGN="MIDDLE" WIDTH="87" HEIGHT="46">2. 거래기간</TD>
<TD ALIGN="CENTER" VALIGN="MIDDLE" WIDTH="430" HEIGHT="46" COLSPAN="4">2025년 4/4분기2025.10.01 ~ 2025.12.31</TD>
</TR>

<TR ACOPY="Y" ADELETE="Y" HEIGHT="30">
<TD VALIGN="MIDDLE" WIDTH="197" HEIGHT="53" ROWSPAN="2">3. 이사회의결일</TD>
<TD ALIGN="CENTER" VALIGN="MIDDLE" WIDTH="83" HEIGHT="53" ROWSPAN="2">2025.12.30</TD>
<TD ALIGN="CENTER" VALIGN="MIDDLE" WIDTH="69" HEIGHT="53" ROWSPAN="2">사외이사참석여부</TD>
<TD ALIGN="CENTER" VALIGN="MIDDLE" WIDTH="280" HEIGHT="23" COLSPAN="3">참석(명)</TD>
<TD ALIGN="CENTER" VALIGN="MIDDLE" WIDTH="87" HEIGHT="23">-</TD>
<TD ALIGN="CENTER" VALIGN="MIDDLE" WIDTH="111" HEIGHT="53" ROWSPAN="2">감사(감사위원)참석여부</TD>
<TD ALIGN="CENTER" VALIGN="MIDDLE" WIDTH="310" HEIGHT="53" ROWSPAN="2" COLSPAN="3">O</TD>
</TR>

<TR ACOPY="Y" ADELETE="Y" HEIGHT="30">
<TD ALIGN="CENTER" VALIGN="MIDDLE" WIDTH="280" HEIGHT="23" COLSPAN="3">불참(명)</TD>
<TD ALIGN="CENTER" VALIGN="MIDDLE" WIDTH="87" HEIGHT="23">-</TD>
</TR>

<TR ACOPY="Y" ADELETE="Y" HEIGHT="30">
<TD VALIGN="MIDDLE" WIDTH="1191" HEIGHT="23" COLSPAN="11">4. 동일인 등 출자 계열회사와의 상품ㆍ용역 거래금액</TD>
</TR>

<TR ACOPY="Y" ADELETE="Y" HEIGHT="53">
<TD COLSPAN="3" ALIGN="CENTER" VALIGN="MIDDLE" WIDTH="367" HEIGHT="46">거래상대방(동일인 등 출자계열회사)</TD>
<TD ALIGN="CENTER" VALIGN="MIDDLE" WIDTH="280" HEIGHT="46" COLSPAN="3">매출액(B)</TD>
<TD ALIGN="CENTER" VALIGN="MIDDLE" WIDTH="87" HEIGHT="46">매입액(C)</TD>
<TD ALIGN="CENTER" VALIGN="MIDDLE" WIDTH="111" HEIGHT="46">합계액(D=B+C)</TD>
<TD ALIGN="CENTER" VALIGN="MIDDLE" WIDTH="310" HEIGHT="46" COLSPAN="3">매출액대비(D/A, %)</TD>
</TR>

<TR ACOPY="Y" ADELETE="Y" HEIGHT="30">
<TD ALIGN="CENTER" VALIGN="MIDDLE" WIDTH="367" HEIGHT="23" COLSPAN="3">(주)위버스컴퍼니</TD>
<TD ALIGN="RIGHT" VALIGN="MIDDLE" WIDTH="280" HEIGHT="23" COLSPAN="3"> 9,539</TD>
<TD ALIGN="RIGHT" VALIGN="MIDDLE" WIDTH="87" HEIGHT="23"> 2,653</TD>
<TD ALIGN="RIGHT" VALIGN="MIDDLE" WIDTH="111" HEIGHT="23"> 12,192</TD>
<TD ALIGN="CENTER" VALIGN="MIDDLE" WIDTH="310" HEIGHT="23" COLSPAN="3">3.48</TD>
</TR>

<TR ACOPY="Y" ADELETE="Y" HEIGHT="30">
<TD COLSPAN="11" VALIGN="MIDDLE" WIDTH="1191" HEIGHT="23">5. 상품ㆍ용역 거래내역</TD>
</TR>

<TR ACOPY="Y" ADELETE="Y" HEIGHT="30">
<TD ROWSPAN="3" ALIGN="CENTER" VALIGN="MIDDLE" WIDTH="197" HEIGHT="83">상품ㆍ용역계약명</TD>
<TD COLSPAN="10" ALIGN="CENTER" VALIGN="MIDDLE" WIDTH="985" HEIGHT="23">거래금액</TD>
</TR>

<TR ACOPY="Y" ADELETE="Y" HEIGHT="30">
<TD COLSPAN="5" ALIGN="CENTER" VALIGN="MIDDLE" WIDTH="450" HEIGHT="23">매출</TD>
<TD COLSPAN="5" ALIGN="CENTER" VALIGN="MIDDLE" WIDTH="526" HEIGHT="23">매입</TD>
</TR>

<TR ACOPY="Y" ADELETE="Y" HEIGHT="30">
<TD ALIGN="CENTER" VALIGN="MIDDLE" WIDTH="83" HEIGHT="23">거래대상</TD>
<TD ALIGN="CENTER" VALIGN="MIDDLE" WIDTH="69" HEIGHT="23">거래조건</TD>
<TD ALIGN="CENTER" VALIGN="MIDDLE" WIDTH="94" HEIGHT="23">거래목적</TD>
<TD ALIGN="CENTER" VALIGN="MIDDLE" WIDTH="69" HEIGHT="23">거래금액</TD>
<TD ALIGN="CENTER" VALIGN="MIDDLE" WIDTH="99" HEIGHT="23">계약체결방식</TD>
<TD ALIGN="CENTER" VALIGN="MIDDLE" WIDTH="87" HEIGHT="23">거래대상</TD>
<TD ALIGN="CENTER" VALIGN="MIDDLE" WIDTH="111" HEIGHT="23">거래조건</TD>
<TD ALIGN="CENTER" VALIGN="MIDDLE" WIDTH="124" HEIGHT="23">거래목적</TD>
<TD ALIGN="CENTER" VALIGN="MIDDLE" WIDTH="69" HEIGHT="23">거래금액</TD>
<TD ALIGN="CENTER" VALIGN="MIDDLE" WIDTH="99" HEIGHT="23">계약체결방식</TD>
</TR>

<TR ACOPY="Y" ADELETE="Y" HEIGHT="30">
<TD ALIGN="CENTER" VALIGN="MIDDLE" WIDTH="197" HEIGHT="23">용역거래</TD>
<TD ALIGN="CENTER" VALIGN="MIDDLE" WIDTH="83" HEIGHT="23">용역거래</TD>
<TD ALIGN="CENTER" VALIGN="MIDDLE" WIDTH="69" HEIGHT="23">현금</TD>
<TD ALIGN="CENTER" VALIGN="MIDDLE" WIDTH="94" HEIGHT="23">공연 사업 등</TD>
<TD ALIGN="RIGHT" VALIGN="MIDDLE" WIDTH="69" HEIGHT="23"> 2,220</TD>
<TD ALIGN="CENTER" VALIGN="MIDDLE" WIDTH="99" HEIGHT="23">수의계약</TD>
<TD ALIGN="CENTER" VALIGN="MIDDLE" WIDTH="87" HEIGHT="23">용역거래</TD>
<TD ALIGN="CENTER" VALIGN="MIDDLE" WIDTH="111" HEIGHT="23">현금</TD>
<TD ALIGN="CENTER" VALIGN="MIDDLE" WIDTH="124" HEIGHT="23">플랫폼 수수료 등</TD>
<TD ALIGN="RIGHT" VALIGN="MIDDLE" WIDTH="69" HEIGHT="23"> 2,653</TD>
<TD ALIGN="CENTER" VALIGN="MIDDLE" WIDTH="99" HEIGHT="23">수의계약</TD>
</TR>

<TR ACOPY="Y" ADELETE="Y" HEIGHT="30">
<TD ALIGN="CENTER" VALIGN="MIDDLE" WIDTH="197" HEIGHT="23">상품거래</TD>
<TD ALIGN="CENTER" VALIGN="MIDDLE" WIDTH="83" HEIGHT="23">상품거래</TD>
<TD ALIGN="CENTER" VALIGN="MIDDLE" WIDTH="69" HEIGHT="23">현금</TD>
<TD ALIGN="CENTER" VALIGN="MIDDLE" WIDTH="94" HEIGHT="23">음반 등</TD>
<TD ALIGN="RIGHT" VALIGN="MIDDLE" WIDTH="69" HEIGHT="23"> 7,319</TD>
<TD ALIGN="CENTER" VALIGN="MIDDLE" WIDTH="99" HEIGHT="23">수의계약</TD>
<TD ALIGN="CENTER" VALIGN="MIDDLE" WIDTH="87" HEIGHT="23">-</TD>
<TD ALIGN="CENTER" VALIGN="MIDDLE" WIDTH="111" HEIGHT="23">-</TD>
<TD ALIGN="CENTER" VALIGN="MIDDLE" WIDTH="124" HEIGHT="23">-</TD>
<TD ALIGN="CENTER" VALIGN="MIDDLE" WIDTH="69" HEIGHT="23"> - </TD>
<TD ALIGN="CENTER" VALIGN="MIDDLE" WIDTH="99" HEIGHT="23">-</TD>
</TR>

<TR ACOPY="Y" ADELETE="Y" HEIGHT="30">
<TD ALIGN="CENTER" VALIGN="MIDDLE" WIDTH="197" HEIGHT="23">-</TD>
<TD ALIGN="CENTER" VALIGN="MIDDLE" WIDTH="83" HEIGHT="23">-</TD>
<TD ALIGN="CENTER" VALIGN="MIDDLE" WIDTH="69" HEIGHT="23">-</TD>
<TD ALIGN="CENTER" VALIGN="MIDDLE" WIDTH="94" HEIGHT="23">-</TD>
<TD ALIGN="CENTER" VALIGN="MIDDLE" WIDTH="69" HEIGHT="23"> -</TD>
<TD ALIGN="CENTER" VALIGN="MIDDLE" WIDTH="99" HEIGHT="23">-</TD>
<TD ALIGN="CENTER" VALIGN="MIDDLE" WIDTH="87" HEIGHT="23">-</TD>
<TD ALIGN="CENTER" VALIGN="MIDDLE" WIDTH="111" HEIGHT="23">-</TD>
<TD ALIGN="CENTER" VALIGN="MIDDLE" WIDTH="124" HEIGHT="23">-</TD>
<TD ALIGN="CENTER" VALIGN="MIDDLE" WIDTH="69" HEIGHT="23"> - </TD>
<TD ALIGN="CENTER" VALIGN="MIDDLE" WIDTH="99" HEIGHT="23">-</TD>
</TR>

<TR ACOPY="Y" ADELETE="Y" HEIGHT="30">
<TD VALIGN="MIDDLE" WIDTH="1191" HEIGHT="23" COLSPAN="11">6. 계약체결방식 유형별 일괄공시(공시규정 제9조의2 제4항 관련)</TD>
</TR>

<TR ACOPY="Y" ADELETE="Y" HEIGHT="30">
<TD ALIGN="CENTER" VALIGN="MIDDLE" WIDTH="197" HEIGHT="53" ROWSPAN="2">계약체결방식</TD>
<TD ALIGN="CENTER" VALIGN="MIDDLE" WIDTH="450" HEIGHT="23" COLSPAN="5">매출</TD>
<TD ALIGN="CENTER" VALIGN="MIDDLE" WIDTH="526" HEIGHT="23" COLSPAN="5">매입</TD>
</TR>

<TR ACOPY="Y" ADELETE="Y" HEIGHT="30">
<TD ALIGN="CENTER" VALIGN="MIDDLE" WIDTH="264" HEIGHT="23" COLSPAN="3">주요거래대상</TD>
<TD ALIGN="CENTER" VALIGN="MIDDLE" WIDTH="177" HEIGHT="23" COLSPAN="2">거래금액</TD>
<TD ALIGN="CENTER" VALIGN="MIDDLE" WIDTH="340" HEIGHT="23" COLSPAN="3">주요거래대상</TD>
<TD ALIGN="CENTER" VALIGN="MIDDLE" WIDTH="177" HEIGHT="23" COLSPAN="2">거래금액</TD>
</TR>

<TR ACOPY="Y" ADELETE="Y" HEIGHT="30">
<TD ALIGN="CENTER" VALIGN="MIDDLE" WIDTH="197" HEIGHT="23">경쟁입찰</TD>
<TD ALIGN="CENTER" VALIGN="MIDDLE" WIDTH="264" HEIGHT="23" COLSPAN="3">-</TD>
<TD ALIGN="CENTER" VALIGN="MIDDLE" WIDTH="177" HEIGHT="23" COLSPAN="2">-</TD>
<TD ALIGN="CENTER" VALIGN="MIDDLE" WIDTH="340" HEIGHT="23" COLSPAN="3">-</TD>
<TD ALIGN="CENTER" VALIGN="MIDDLE" WIDTH="177" HEIGHT="23" COLSPAN="2">-</TD>
</TR>

<TR ACOPY="Y" ADELETE="Y" HEIGHT="30">
<TD ALIGN="CENTER" VALIGN="MIDDLE" WIDTH="197" HEIGHT="23">제한경쟁입찰</TD>
<TD ALIGN="CENTER" VALIGN="MIDDLE" WIDTH="264" HEIGHT="23" COLSPAN="3">-</TD>
<TD ALIGN="CENTER" VALIGN="MIDDLE" WIDTH="177" HEIGHT="23" COLSPAN="2">-</TD>
<TD ALIGN="CENTER" VALIGN="MIDDLE" WIDTH="340" HEIGHT="23" COLSPAN="3">-</TD>
<TD ALIGN="CENTER" VALIGN="MIDDLE" WIDTH="177" HEIGHT="23" COLSPAN="2">-</TD>
</TR>

<TR ACOPY="Y" ADELETE="Y" HEIGHT="30">
<TD ALIGN="CENTER" VALIGN="MIDDLE" WIDTH="197" HEIGHT="23">지명경쟁입찰</TD>
<TD ALIGN="CENTER" VALIGN="MIDDLE" WIDTH="264" HEIGHT="23" COLSPAN="3">-</TD>
<TD ALIGN="CENTER" VALIGN="MIDDLE" WIDTH="177" HEIGHT="23" COLSPAN="2">-</TD>
<TD ALIGN="CENTER" VALIGN="MIDDLE" WIDTH="340" HEIGHT="23" COLSPAN="3">-</TD>
<TD ALIGN="CENTER" VALIGN="MIDDLE" WIDTH="177" HEIGHT="23" COLSPAN="2">-</TD>
</TR>

<TR ACOPY="Y" ADELETE="Y" HEIGHT="30">
<TD ALIGN="CENTER" VALIGN="MIDDLE" WIDTH="197" HEIGHT="23">수의계약</TD>
<TD ALIGN="CENTER" VALIGN="MIDDLE" WIDTH="264" HEIGHT="23" COLSPAN="3">-</TD>
<TD ALIGN="CENTER" VALIGN="MIDDLE" WIDTH="177" HEIGHT="23" COLSPAN="2">-</TD>
<TD ALIGN="CENTER" VALIGN="MIDDLE" WIDTH="340" HEIGHT="23" COLSPAN="3">-</TD>
<TD ALIGN="CENTER" VALIGN="MIDDLE" WIDTH="177" HEIGHT="23" COLSPAN="2">-</TD>
</TR>

<TR ACOPY="Y" ADELETE="Y" HEIGHT="30">
<TD VALIGN="MIDDLE" WIDTH="197" HEIGHT="23">7. 관련공시일</TD>
<TD COLSPAN="10" ALIGN="CENTER" VALIGN="MIDDLE" WIDTH="985" HEIGHT="23">2025.03.31</TD>
</TR>

<TR ACOPY="Y" ADELETE="Y" HEIGHT="53">
<TD VALIGN="MIDDLE" WIDTH="197" HEIGHT="46">8. 기타</TD>
<TD COLSPAN="10" VALIGN="MIDDLE" WIDTH="985" HEIGHT="46">- 상기 1.항의 '최근 사업연도 매출액'은 2024년 (별도)감사보고서 금액임.- 당초 예상한 2025년 4분기 거래금액 대비 예상 거래금액이 20%이상 증가하여 분기 내 거래금액이 공시기준에 도달함에 따른 변경 공시임.</TD>
</TR>
</TBODY>
</TABLE>
</SECTION-1>
</BODY>
</DOCUMENT>