<html>
 <head> 
  <meta content="gdi" http-equiv="X-UA-TextLayoutMetrics"> 
  <meta content="text/html; charset=euc-kr" http-equiv="Content-Type"> 
  <STYLE>
.xforms * { font-family: 돋움체;}
.xforms_title * { font-size: 13pt; padding : 0 0 10 0;}

.xforms table {
    font-size: 10px;
    padding:0px;
    border-collapse:collapse;
    color: #3D3D3D;
}
.xforms td {
    padding-left:0px;
    padding-top:0px;
    border-collapse:collapse;
    line-height:22px;
    color: #3D3D3D;
    /*text-align:right;*/
    vertical-align:middle;
    border: 1px solid #7f7f7f;
}

.xforms span {
    /*display: inline-block;*/
    padding-left:3px;
    padding-right: 1px;
    line-height:22px;
    padding-top:0px;
    padding-bottom:0px;
    text-align:left;
    vertical-align:middle;
    border: 0px solid #DBDBDB;
}

.xforms.img{
    border : 0px;
}

.xforms a:link {

    color: #194866;
    text-decoration: none;
}
.xforms a:active {

    color: #194866;
    text-decoration: none;
}
.xforms a:visited {
    color: #194866;
    text-decoration: none;
}

.xforms A:hover {
    color:008BE3;
    text-decoration: none;
}

.xforms_input{
    border: 0px solid #DBDBDB;
    padding-left:3px;
    padding-right: 1px;
    height:22px;
    padding-top:0px;
    padding-bottom:0px;
    text-align:left;
}
</STYLE> 
  <title>크래프톤/최대주주등소유주식변동신고서/(2026.01.05)최대주주등소유주식변동신고서</title> 
 </head> 
 <body> 
  <div class="xforms"> 
   <div> 
    <span class="noprint" style="display:none;width:907px;font-size:10pt;"> </span> 
    <div class="xforms_title"> 
     <div> 
      <span style="width:900px;font-weight:bold;text-align:center;">최대주주등소유주식변동신고서</span> 
     </div> 
    </div> 
    <span style="width:907px;font-size:11pt;font-weight:bold;">1. 발행회사 정보</span> 
    <table border="1" bordercolordark="white" bordercolorlight="#666666" cellpadding="1" cellspacing="0" id="XFormD1_Form0_Table0" style="margin:0px 0px 20px 0px;width:900px;font-size:10pt;border:1px solid #7f7f7f;"> 
     <tbody> 
      <tr> 
       <td rowspan="2" width="57"> <span style="width:57px;font-size:10pt;text-align:center;">회사명</span> </td> 
       <td rowspan="2" width="139"> <span class="xforms_input" style="width:139px;font-size:10pt;">㈜크래프톤</span> </td> 
       <td rowspan="2" width="64"> <span style="width:64px;font-size:10pt;text-align:center;">회사코드</span> </td> 
       <td rowspan="2" width="90"> <span class="xforms_input" style="width:90px;font-size:10pt;">259960</span> </td> 
       <td rowspan="2" width="79"> <span style="width:79px;font-size:10pt;text-align:center;">담당부서명</span> </td> 
       <td rowspan="2" width="121"> <span class="xforms_input" style="width:121px;font-size:10pt;">공시팀</span> </td> 
       <td rowspan="2" width="65"> <span style="width:65px;font-size:10pt;text-align:center;">담당자명</span> </td> 
       <td rowspan="2" width="105"> <span class="xforms_input" style="width:105px;font-size:10pt;">신소희</span> </td> 
       <td width="49"> <span style="width:49px;font-size:10pt;text-align:center;">tel</span> </td> 
       <td width="131"> <span class="xforms_input" style="width:131px;font-size:10pt;">02-6250-0812</span> </td> 
      </tr> 
      <tr> 
       <td width="49"> <span style="width:49px;font-size:10pt;text-align:center;">(fax)</span> </td> 
       <td width="131"> <span class="xforms_input" style="width:131px;font-size:10pt;">031-698-3312</span> </td> 
      </tr> 
     </tbody> 
    </table> 
    <span style="width:907px;font-size:11pt;font-weight:bold;">2. 발행주식수 정보</span> 
    <table border="1" bordercolordark="white" bordercolorlight="#666666" cellpadding="1" cellspacing="0" id="XFormD1_Form0_Table1" style="margin:0px 0px 20px 0px;width:900px;font-size:10pt;border:1px solid #7f7f7f;"> 
     <tbody> 
      <tr> 
       <td width="300"> <span style="width:300px;font-size:10pt;text-align:center;">보통주식총수(1)</span> </td> 
       <td width="300"> <span style="width:300px;font-size:10pt;text-align:center;">종류주식총수(2)</span> </td> 
       <td width="300"> <span style="width:300px;font-size:10pt;text-align:center;">발행주식총수(1+2)</span> </td> 
      </tr> 
      <tr> 
       <td width="300"> <span class="xforms_input" style="width:300px;font-size:10pt;text-align:right;">47,403,831</span> </td> 
       <td width="300"> <span class="xforms_input" style="width:300px;font-size:10pt;text-align:right;">0</span> </td> 
       <td width="300"> <span class="xforms_input" style="width:300px;font-size:10pt;text-align:right;">47,403,831</span> </td> 
      </tr> 
     </tbody> 
    </table> 
    <span style="width:907px;font-size:11pt;font-weight:bold;">3. 보고의 개요</span> 
    <table border="1" bordercolordark="white" bordercolorlight="#666666" cellpadding="1" cellspacing="0" id="XFormD1_Form0_Table2" style="margin:0px 0px 20px 0px;width:900px;font-size:10pt;border:1px solid #7f7f7f;"> 
     <tbody> 
      <tr> 
       <td colspan="2" rowspan="2" width="360"> <span style="width:360px;font-size:10pt;text-align:center;">보고일자</span> </td> 
       <td colspan="3" width="540"> <span style="width:540px;font-size:10pt;text-align:center;">소유주식</span> </td> 
      </tr> 
      <tr> 
       <td width="180"> <span style="width:180px;font-size:10pt;text-align:center;">구분</span> </td> 
       <td width="180"> <span style="width:180px;font-size:10pt;text-align:center;">주식수</span> </td> 
       <td width="180"> <span style="width:180px;font-size:10pt;text-align:center;">비율</span> </td> 
      </tr> 
      <tr> 
       <td rowspan="4" width="180"> <span style="width:180px;font-size:10pt;text-align:center;">직전보고서제출일</span> </td> 
       <td rowspan="4" width="180"> <span class="xforms_input" style="width:180px;font-size:10pt;text-align:center;">2025-12-22</span> </td> 
       <td width="180"> <span style="width:180px;font-size:10pt;text-align:center;">보통주식</span> </td> 
       <td width="180"> <span class="xforms_input" style="width:180px;font-size:10pt;text-align:right;">10,388,346</span> </td> 
       <td width="180"> <span class="xforms_input" style="width:180px;font-size:10pt;text-align:right;">21.91</span> </td> 
      </tr> 
      <tr> 
       <td width="180"> <span style="width:180px;font-size:10pt;text-align:center;">종류주식</span> </td> 
       <td width="180"> <span class="xforms_input" style="width:180px;font-size:10pt;text-align:right;">0</span> </td> 
       <td width="180"> <span class="xforms_input" style="width:180px;font-size:10pt;text-align:right;">0.00</span> </td> 
      </tr> 
      <tr> 
       <td width="180"> <span style="width:180px;font-size:10pt;text-align:center;">증권예탁증권</span> </td> 
       <td width="180"> <span class="xforms_input" style="width:180px;font-size:10pt;text-align:right;">0</span> </td> 
       <td width="180"> <span class="xforms_input" style="width:180px;font-size:10pt;text-align:right;">0.00</span> </td> 
      </tr> 
      <tr> 
       <td width="180"> <span style="width:180px;font-size:10pt;text-align:center;">합계</span> </td> 
       <td width="180"> <span class="xforms_input" style="width:180px;font-size:10pt;text-align:right;">10,388,346</span> </td> 
       <td width="180"> <span class="xforms_input" style="width:180px;font-size:10pt;text-align:right;">21.91</span> </td> 
      </tr> 
      <tr> 
       <td rowspan="4" width="180"> <span style="width:180px;font-size:10pt;text-align:center;">이번보고서제출일</span> </td> 
       <td rowspan="4" width="180"> <span class="xforms_input" style="width:180px;font-size:10pt;text-align:center;">2026-01-05</span> </td> 
       <td width="180"> <span style="width:180px;font-size:10pt;text-align:center;">보통주식</span> </td> 
       <td width="180"> <span class="xforms_input" style="width:180px;font-size:10pt;text-align:right;">10,374,346</span> </td> 
       <td width="180"> <span class="xforms_input" style="width:180px;font-size:10pt;text-align:right;">21.89</span> </td> 
      </tr> 
      <tr> 
       <td width="180"> <span style="width:180px;font-size:10pt;text-align:center;">종류주식</span> </td> 
       <td width="180"> <span class="xforms_input" style="width:180px;font-size:10pt;text-align:right;">0</span> </td> 
       <td width="180"> <span class="xforms_input" style="width:180px;font-size:10pt;text-align:right;">0.00</span> </td> 
      </tr> 
      <tr> 
       <td width="180"> <span style="width:180px;font-size:10pt;text-align:center;">증권예탁증권</span> </td> 
       <td width="180"> <span class="xforms_input" style="width:180px;font-size:10pt;text-align:right;">0</span> </td> 
       <td width="180"> <span class="xforms_input" style="width:180px;font-size:10pt;text-align:right;">0.00</span> </td> 
      </tr> 
      <tr> 
       <td width="180"> <span style="width:180px;font-size:10pt;text-align:center;">합계</span> </td> 
       <td width="180"> <span class="xforms_input" style="width:180px;font-size:10pt;text-align:right;">10,374,346</span> </td> 
       <td width="180"> <span class="xforms_input" style="width:180px;font-size:10pt;text-align:right;">21.89</span> </td> 
      </tr> 
      <tr> 
       <td colspan="2" rowspan="4" width="360"> <span style="width:360px;font-size:10pt;text-align:center;">증감</span> </td> 
       <td width="180"> <span style="width:180px;font-size:10pt;text-align:center;">보통주식</span> </td> 
       <td width="180"> <span class="xforms_input" style="width:180px;font-size:10pt;text-align:right;">-14,000</span> </td> 
       <td width="180"> <span class="xforms_input" style="width:180px;font-size:10pt;text-align:right;">-0.02</span> </td> 
      </tr> 
      <tr> 
       <td width="180"> <span style="width:180px;font-size:10pt;text-align:center;">종류주식</span> </td> 
       <td width="180"> <span class="xforms_input" style="width:180px;font-size:10pt;text-align:right;">0</span> </td> 
       <td width="180"> <span class="xforms_input" style="width:180px;font-size:10pt;text-align:right;">0.00</span> </td> 
      </tr> 
      <tr> 
       <td width="180"> <span style="width:180px;font-size:10pt;text-align:center;">증권예탁증권</span> </td> 
       <td width="180"> <span class="xforms_input" style="width:180px;font-size:10pt;text-align:right;">0</span> </td> 
       <td width="180"> <span class="xforms_input" style="width:180px;font-size:10pt;text-align:right;">0.00</span> </td> 
      </tr> 
      <tr> 
       <td width="180"> <span style="width:180px;font-size:10pt;text-align:center;">합계</span> </td> 
       <td width="180"> <span class="xforms_input" style="width:180px;font-size:10pt;text-align:right;">-14,000</span> </td> 
       <td width="180"> <span class="xforms_input" style="width:180px;font-size:10pt;text-align:right;">-0.02</span> </td> 
      </tr> 
     </tbody> 
    </table> 
    <span class="noprint" style="display:none;width:907px;font-size:10pt;"> </span> 
    <span class="noprint" style="display:none;width:907px;font-size:10pt;font-weight:bold;"> </span> 
    <span style="width:907px;font-size:11pt;font-weight:bold;">4. 개인별 세부변동사항</span> 
    <table border="1" bordercolordark="white" bordercolorlight="#666666" cellpadding="1" cellspacing="0" id="XFormD1_Form0_RepeatTable0" style="margin:0px 0px 20px 0px;width:903px;font-size:10pt;border:1px solid #7f7f7f;"> 
     <tbody> 
      <tr> 
       <td colspan="2" width="222"> <span style="width:222px;font-size:10pt;text-align:center;">성명</span> </td> 
       <td width="165"> <span class="xforms_input" style="width:165px;font-size:10pt;">조두인</span> </td> 
       <td width="129"> <span class="xforms_input" style="width:129px;font-size:10pt;">생년월일</span> </td> 
       <td width="147"> <span class="xforms_input" style="width:147px;font-size:10pt;">780828</span> </td> 
       <td width="134"> <span style="width:134px;font-size:10pt;text-align:center;">성별</span> </td> 
       <td width="106"> <span class="xforms_input" style="width:106px;font-size:10pt;">남</span> </td> 
      </tr> 
      <tr> 
       <td colspan="2" width="222"> <span style="width:222px;font-size:10pt;text-align:center;">국내외 구분</span> </td> 
       <td width="165"> <span class="xforms_input" style="width:165px;font-size:10pt;">국내(개인)</span> </td> 
       <td colspan="2" width="276"> <span style="width:276px;font-size:10pt;text-align:center;">국적</span> </td> 
       <td colspan="2" width="240"> <span class="xforms_input" style="width:240px;font-size:10pt;">대한민국</span> </td> 
      </tr> 
      <tr> 
       <td colspan="2" width="222"> <span style="width:222px;font-size:10pt;text-align:center;">최대주주 및 발행회사와의 관계</span> </td> 
       <td width="165"> <span class="xforms_input" style="width:165px;font-size:10pt;">계열사임원</span> </td> 
       <td width="129"> <span style="width:129px;font-size:10pt;text-align:center;">겸직내용1</span> </td> 
       <td width="147"> <span class="xforms_input" style="width:147px;font-size:10pt;">-</span> </td> 
       <td width="134"> <span style="width:134px;font-size:10pt;text-align:center;">겸직내용2</span> </td> 
       <td width="106"> <span class="xforms_input" style="width:106px;font-size:10pt;">-</span> </td> 
      </tr> 
      <tr> 
       <td width="94"> <span style="width:94px;font-size:10pt;text-align:center;">변경일</span> </td> 
       <td width="128"> <span style="width:128px;font-size:10pt;text-align:center;">변경원인</span> </td> 
       <td width="165"> <span style="width:165px;font-size:10pt;text-align:center;">주식의 종류</span> </td> 
       <td width="129"> <span style="width:129px;font-size:10pt;text-align:center;">변경전주식수</span> </td> 
       <td width="147"> <span style="width:147px;font-size:10pt;text-align:center;">증감주식수</span> </td> 
       <td width="134"> <span style="width:134px;font-size:10pt;text-align:center;">변경후주식수</span> </td> 
       <td width="106"> <span style="width:106px;font-size:10pt;text-align:center;">비고</span> </td> 
      </tr> 
      <tr> 
       <td width="94"> <span class="xforms_input" style="width:94px;font-size:10pt;">2025-12-26</span> </td> 
       <td width="128"> <span class="xforms_input" style="width:128px;font-size:10pt;">장내매도(-)</span> </td> 
       <td width="165"> <span class="xforms_input" style="width:165px;font-size:10pt;">보통주식</span> </td> 
       <td width="129"> <span class="xforms_input" style="width:129px;font-size:10pt;text-align:right;">31,690</span> </td> 
       <td width="147"> <span class="xforms_input" style="width:147px;font-size:10pt;text-align:right;">-9,000</span> </td> 
       <td width="134"> <span class="xforms_input" style="width:134px;font-size:10pt;text-align:right;">22,690</span> </td> 
       <td width="106"> <span class="xforms_input" style="width:106px;font-size:10pt;">-</span> </td> 
      </tr> 
      <tr> 
       <td width="94"> <span class="xforms_input" style="width:94px;font-size:10pt;">2025-12-29</span> </td> 
       <td width="128"> <span class="xforms_input" style="width:128px;font-size:10pt;">증여(-)</span> </td> 
       <td width="165"> <span class="xforms_input" style="width:165px;font-size:10pt;">보통주식</span> </td> 
       <td width="129"> <span class="xforms_input" style="width:129px;font-size:10pt;text-align:right;">22,690</span> </td> 
       <td width="147"> <span class="xforms_input" style="width:147px;font-size:10pt;text-align:right;">-4,000</span> </td> 
       <td width="134"> <span class="xforms_input" style="width:134px;font-size:10pt;text-align:right;">18,690</span> </td> 
       <td width="106"> <span class="xforms_input" style="width:106px;font-size:10pt;">-</span> </td> 
      </tr> 
     </tbody> 
    </table> 
    <div id="LIB_L9021" style="width:907px;font-size:10pt;;padding:0 0 20 0"> 
     <div> 
      <div> 
       <table border="1" bordercolordark="white" bordercolorlight="#666666" cellpadding="1" cellspacing="0" id="XFormG1_Form0_RepeatTable0" style="margin:0px 0px 20px 0px;width:889px;font-size:10pt;border:1px solid #7f7f7f;"> 
        <tbody> 
         <tr> 
          <td colspan="2" width="217"> <span style="width:217px;font-size:10pt;text-align:center;">성명</span> </td> 
          <td width="164"> <span class="xforms_input" style="width:164px;font-size:10pt;">박문형</span> </td> 
          <td width="145"> <span class="xforms_input" style="width:145px;font-size:10pt;">생년월일</span> </td> 
          <td width="147"> <span class="xforms_input" style="width:147px;font-size:10pt;">860502</span> </td> 
          <td width="126"> <span style="width:126px;font-size:10pt;text-align:center;">성별</span> </td> 
          <td width="90"> <span class="xforms_input" style="width:90px;font-size:10pt;">남</span> </td> 
         </tr> 
         <tr> 
          <td colspan="2" width="217"> <span style="width:217px;font-size:10pt;text-align:center;">국내외 구분</span> </td> 
          <td width="164"> <span class="xforms_input" style="width:164px;font-size:10pt;">국내(개인)</span> </td> 
          <td colspan="2" width="292"> <span style="width:292px;font-size:10pt;text-align:center;">국적</span> </td> 
          <td colspan="2" width="216"> <span class="xforms_input" style="width:216px;font-size:10pt;">대한민국</span> </td> 
         </tr> 
         <tr> 
          <td colspan="2" width="217"> <span style="width:217px;font-size:10pt;text-align:center;">최대주주 및 발행회사와의 관계</span> </td> 
          <td width="164"> <span class="xforms_input" style="width:164px;font-size:10pt;">계열사임원</span> </td> 
          <td width="145"> <span style="width:145px;font-size:10pt;text-align:center;">겸직내용1</span> </td> 
          <td width="147"> <span class="xforms_input" style="width:147px;font-size:10pt;">-</span> </td> 
          <td width="126"> <span style="width:126px;font-size:10pt;text-align:center;">겸직내용2</span> </td> 
          <td width="90"> <span class="xforms_input" style="width:90px;font-size:10pt;">-</span> </td> 
         </tr> 
         <tr> 
          <td width="94"> <span style="width:94px;font-size:10pt;text-align:center;">변경일</span> </td> 
          <td width="123"> <span style="width:123px;font-size:10pt;text-align:center;">변경원인</span> </td> 
          <td width="164"> <span style="width:164px;font-size:10pt;text-align:center;">주식의 종류</span> </td> 
          <td width="145"> <span style="width:145px;font-size:10pt;text-align:center;">변경전주식수</span> </td> 
          <td width="147"> <span style="width:147px;font-size:10pt;text-align:center;">증감주식수</span> </td> 
          <td width="126"> <span style="width:126px;font-size:10pt;text-align:center;">변경후주식수</span> </td> 
          <td width="90"> <span style="width:90px;font-size:10pt;text-align:center;">비고</span> </td> 
         </tr> 
         <tr> 
          <td width="94"> <span class="xforms_input" style="width:94px;font-size:10pt;">2026-01-05</span> </td> 
          <td width="123"> <span class="xforms_input" style="width:123px;font-size:10pt;">장내매도(-)</span> </td> 
          <td width="164"> <span class="xforms_input" style="width:164px;font-size:10pt;">보통주식</span> </td> 
          <td width="145"> <span class="xforms_input" style="width:145px;font-size:10pt;text-align:right;">3,000</span> </td> 
          <td width="147"> <span class="xforms_input" style="width:147px;font-size:10pt;text-align:right;">-1,000</span> </td> 
          <td width="126"> <span class="xforms_input" style="width:126px;font-size:10pt;text-align:right;">2,000</span> </td> 
          <td width="90"> <span class="xforms_input" style="width:90px;font-size:10pt;">-</span> </td> 
         </tr> 
        </tbody> 
       </table> 
      </div> 
     </div> 
    </div> 
    <span style="width:907px;font-size:11pt;font-weight:bold;">5. 최대주주등 주식소유현황(총괄현황)</span> 
    <table border="1" bordercolordark="white" bordercolorlight="#666666" cellpadding="1" cellspacing="0" id="XFormD1_Form0_RepeatTable1" style="margin:0px 0px 20px 0px;width:901px;font-size:10pt;border:1px solid #7f7f7f;"> 
     <tbody> 
      <tr> 
       <td rowspan="2" width="53"> <span style="width:53px;font-size:10pt;text-align:center;">성명</span> </td> 
       <td colspan="2" rowspan="2" width="102"> <span style="width:102px;font-size:10pt;text-align:center;">생년월일 또는 사업자등록번호</span> </td> 
       <td rowspan="2" width="35"> <span style="width:35px;font-size:10pt;text-align:center;">성별</span> </td> 
       <td rowspan="2" width="54"> <span style="width:54px;font-size:10pt;text-align:center;">국내외 구분</span> </td> 
       <td rowspan="2" width="36"> <span style="width:36px;font-size:10pt;text-align:center;">국적</span> </td> 
       <td rowspan="2" width="62"> <span style="width:62px;font-size:10pt;text-align:center;">최대주주 및 발행회사와의 관계</span> </td> 
       <td rowspan="2" width="41"> <span style="width:41px;font-size:10pt;text-align:center;">겸직내용1</span> </td> 
       <td rowspan="2" width="41"> <span style="width:41px;font-size:10pt;text-align:center;">겸직내용2</span> </td> 
       <td colspan="2" width="122"> <span style="width:122px;font-size:10pt;text-align:center;">보통주식</span> </td> 
       <td colspan="2" width="119"> <span style="width:119px;font-size:10pt;text-align:center;">종류주식</span> </td> 
       <td colspan="2" width="116"> <span style="width:116px;font-size:10pt;text-align:center;">증권예탁증권</span> </td> 
       <td colspan="2" width="120"> <span style="width:120px;font-size:10pt;text-align:center;">합계</span> </td> 
      </tr> 
      <tr> 
       <td width="78"> <span style="width:78px;font-size:10pt;text-align:center;">주식수</span> </td> 
       <td width="44"> <span style="width:44px;font-size:10pt;text-align:center;">비율</span> </td> 
       <td width="77"> <span style="width:77px;font-size:10pt;text-align:center;">주식수</span> </td> 
       <td width="42"> <span style="width:42px;font-size:10pt;text-align:center;">비율</span> </td> 
       <td width="72"> <span style="width:72px;font-size:10pt;text-align:center;">주식수</span> </td> 
       <td width="44"> <span style="width:44px;font-size:10pt;text-align:center;">비율</span> </td> 
       <td width="78"> <span style="width:78px;font-size:10pt;text-align:center;">주식수</span> </td> 
       <td width="42"> <span style="width:42px;font-size:10pt;text-align:center;">비율</span> </td> 
      </tr> 
      <tr> 
       <td width="53"> <span class="xforms_input" style="width:53px;font-size:10pt;">장병규</span> </td> 
       <td width="53"> <span class="xforms_input" style="width:53px;font-size:9pt;">생년월일</span> </td> 
       <td width="49"> <span class="xforms_input" style="width:49px;font-size:10pt;">730425</span> </td> 
       <td width="35"> <span class="xforms_input" style="width:35px;font-size:10pt;">남</span> </td> 
       <td width="54"> <span class="xforms_input" style="width:54px;font-size:10pt;">국내(개인)</span> </td> 
       <td width="36"> <span class="xforms_input" style="width:36px;font-size:10pt;">대한민국</span> </td> 
       <td width="62"> <span class="xforms_input" style="width:62px;font-size:10pt;">본인</span> </td> 
       <td width="41"> <span class="xforms_input" style="width:41px;font-size:10pt;">발행회사 임원</span> </td> 
       <td width="41"> <span class="xforms_input" style="width:41px;font-size:10pt;">계열사임원</span> </td> 
       <td width="78"> <span class="xforms_input" style="width:78px;font-size:10pt;text-align:right;">7,133,651</span> </td> 
       <td width="44"> <span class="xforms_input" style="width:44px;font-size:10pt;text-align:right;">15.05</span> </td> 
       <td width="77"> <span class="xforms_input" style="width:77px;font-size:10pt;text-align:right;">0</span> </td> 
       <td width="42"> <span class="xforms_input" style="width:42px;font-size:10pt;text-align:right;">0.00</span> </td> 
       <td width="72"> <span class="xforms_input" style="width:72px;font-size:10pt;text-align:right;">0</span> </td> 
       <td width="44"> <span class="xforms_input" style="width:44px;font-size:10pt;text-align:right;">0.00</span> </td> 
       <td width="78"> <span class="xforms_input" style="width:78px;font-size:10pt;text-align:right;">7,133,651</span> </td> 
       <td width="42"> <span class="xforms_input" style="width:42px;font-size:10pt;text-align:right;">15.05</span> </td> 
      </tr> 
      <tr> 
       <td width="53"> <span class="xforms_input" style="width:53px;font-size:10pt;">정승혜</span> </td> 
       <td width="53"> <span class="xforms_input" style="width:53px;font-size:9pt;">생년월일</span> </td> 
       <td width="49"> <span class="xforms_input" style="width:49px;font-size:10pt;">761103</span> </td> 
       <td width="35"> <span class="xforms_input" style="width:35px;font-size:10pt;">여</span> </td> 
       <td width="54"> <span class="xforms_input" style="width:54px;font-size:10pt;">국내(개인)</span> </td> 
       <td width="36"> <span class="xforms_input" style="width:36px;font-size:10pt;">대한민국</span> </td> 
       <td width="62"> <span class="xforms_input" style="width:62px;font-size:10pt;">친인척</span> </td> 
       <td width="41"> <span class="xforms_input" style="width:41px;font-size:10pt;">-</span> </td> 
       <td width="41"> <span class="xforms_input" style="width:41px;font-size:10pt;">-</span> </td> 
       <td width="78"> <span class="xforms_input" style="width:78px;font-size:10pt;text-align:right;">291,517</span> </td> 
       <td width="44"> <span class="xforms_input" style="width:44px;font-size:10pt;text-align:right;">0.61</span> </td> 
       <td width="77"> <span class="xforms_input" style="width:77px;font-size:10pt;text-align:right;">0</span> </td> 
       <td width="42"> <span class="xforms_input" style="width:42px;font-size:10pt;text-align:right;">0.00</span> </td> 
       <td width="72"> <span class="xforms_input" style="width:72px;font-size:10pt;text-align:right;">0</span> </td> 
       <td width="44"> <span class="xforms_input" style="width:44px;font-size:10pt;text-align:right;">0.00</span> </td> 
       <td width="78"> <span class="xforms_input" style="width:78px;font-size:10pt;text-align:right;">291,517</span> </td> 
       <td width="42"> <span class="xforms_input" style="width:42px;font-size:10pt;text-align:right;">0.61</span> </td> 
      </tr> 
      <tr> 
       <td width="53"> <span class="xforms_input" style="width:53px;font-size:10pt;">정수환</span> </td> 
       <td width="53"> <span class="xforms_input" style="width:53px;font-size:9pt;">생년월일</span> </td> 
       <td width="49"> <span class="xforms_input" style="width:49px;font-size:10pt;">741101</span> </td> 
       <td width="35"> <span class="xforms_input" style="width:35px;font-size:10pt;">남</span> </td> 
       <td width="54"> <span class="xforms_input" style="width:54px;font-size:10pt;">국내(개인)</span> </td> 
       <td width="36"> <span class="xforms_input" style="width:36px;font-size:10pt;">대한민국</span> </td> 
       <td width="62"> <span class="xforms_input" style="width:62px;font-size:10pt;">친인척</span> </td> 
       <td width="41"> <span class="xforms_input" style="width:41px;font-size:10pt;">-</span> </td> 
       <td width="41"> <span class="xforms_input" style="width:41px;font-size:10pt;">-</span> </td> 
       <td width="78"> <span class="xforms_input" style="width:78px;font-size:10pt;text-align:right;">310</span> </td> 
       <td width="44"> <span class="xforms_input" style="width:44px;font-size:10pt;text-align:right;">0.00</span> </td> 
       <td width="77"> <span class="xforms_input" style="width:77px;font-size:10pt;text-align:right;">0</span> </td> 
       <td width="42"> <span class="xforms_input" style="width:42px;font-size:10pt;text-align:right;">0.00</span> </td> 
       <td width="72"> <span class="xforms_input" style="width:72px;font-size:10pt;text-align:right;">0</span> </td> 
       <td width="44"> <span class="xforms_input" style="width:44px;font-size:10pt;text-align:right;">0.00</span> </td> 
       <td width="78"> <span class="xforms_input" style="width:78px;font-size:10pt;text-align:right;">310</span> </td> 
       <td width="42"> <span class="xforms_input" style="width:42px;font-size:10pt;text-align:right;">0.00</span> </td> 
      </tr> 
      <tr> 
       <td width="53"> <span class="xforms_input" style="width:53px;font-size:10pt;">김창한</span> </td> 
       <td width="53"> <span class="xforms_input" style="width:53px;font-size:9pt;">생년월일</span> </td> 
       <td width="49"> <span class="xforms_input" style="width:49px;font-size:10pt;">740913</span> </td> 
       <td width="35"> <span class="xforms_input" style="width:35px;font-size:10pt;">남</span> </td> 
       <td width="54"> <span class="xforms_input" style="width:54px;font-size:10pt;">국내(개인)</span> </td> 
       <td width="36"> <span class="xforms_input" style="width:36px;font-size:10pt;">대한민국</span> </td> 
       <td width="62"> <span class="xforms_input" style="width:62px;font-size:10pt;">발행회사 임원</span> </td> 
       <td width="41"> <span class="xforms_input" style="width:41px;font-size:10pt;">계열사임원</span> </td> 
       <td width="41"> <span class="xforms_input" style="width:41px;font-size:10pt;">-</span> </td> 
       <td width="78"> <span class="xforms_input" style="width:78px;font-size:10pt;text-align:right;">554,055</span> </td> 
       <td width="44"> <span class="xforms_input" style="width:44px;font-size:10pt;text-align:right;">1.17</span> </td> 
       <td width="77"> <span class="xforms_input" style="width:77px;font-size:10pt;text-align:right;">0</span> </td> 
       <td width="42"> <span class="xforms_input" style="width:42px;font-size:10pt;text-align:right;">0.00</span> </td> 
       <td width="72"> <span class="xforms_input" style="width:72px;font-size:10pt;text-align:right;">0</span> </td> 
       <td width="44"> <span class="xforms_input" style="width:44px;font-size:10pt;text-align:right;">0.00</span> </td> 
       <td width="78"> <span class="xforms_input" style="width:78px;font-size:10pt;text-align:right;">554,055</span> </td> 
       <td width="42"> <span class="xforms_input" style="width:42px;font-size:10pt;text-align:right;">1.17</span> </td> 
      </tr> 
      <tr> 
       <td width="53"> <span class="xforms_input" style="width:53px;font-size:10pt;">여은정</span> </td> 
       <td width="53"> <span class="xforms_input" style="width:53px;font-size:9pt;">생년월일</span> </td> 
       <td width="49"> <span class="xforms_input" style="width:49px;font-size:10pt;">730215</span> </td> 
       <td width="35"> <span class="xforms_input" style="width:35px;font-size:10pt;">여</span> </td> 
       <td width="54"> <span class="xforms_input" style="width:54px;font-size:10pt;">국내(개인)</span> </td> 
       <td width="36"> <span class="xforms_input" style="width:36px;font-size:10pt;">대한민국</span> </td> 
       <td width="62"> <span class="xforms_input" style="width:62px;font-size:10pt;">발행회사 임원</span> </td> 
       <td width="41"> <span class="xforms_input" style="width:41px;font-size:10pt;">-</span> </td> 
       <td width="41"> <span class="xforms_input" style="width:41px;font-size:10pt;">-</span> </td> 
       <td width="78"> <span class="xforms_input" style="width:78px;font-size:10pt;text-align:right;">70</span> </td> 
       <td width="44"> <span class="xforms_input" style="width:44px;font-size:10pt;text-align:right;">0.00</span> </td> 
       <td width="77"> <span class="xforms_input" style="width:77px;font-size:10pt;text-align:right;">0</span> </td> 
       <td width="42"> <span class="xforms_input" style="width:42px;font-size:10pt;text-align:right;">0.00</span> </td> 
       <td width="72"> <span class="xforms_input" style="width:72px;font-size:10pt;text-align:right;">0</span> </td> 
       <td width="44"> <span class="xforms_input" style="width:44px;font-size:10pt;text-align:right;">0.00</span> </td> 
       <td width="78"> <span class="xforms_input" style="width:78px;font-size:10pt;text-align:right;">70</span> </td> 
       <td width="42"> <span class="xforms_input" style="width:42px;font-size:10pt;text-align:right;">0.00</span> </td> 
      </tr> 
      <tr> 
       <td width="53"> <span class="xforms_input" style="width:53px;font-size:10pt;">류성중</span> </td> 
       <td width="53"> <span class="xforms_input" style="width:53px;font-size:9pt;">생년월일</span> </td> 
       <td width="49"> <span class="xforms_input" style="width:49px;font-size:10pt;">790917</span> </td> 
       <td width="35"> <span class="xforms_input" style="width:35px;font-size:10pt;">남</span> </td> 
       <td width="54"> <span class="xforms_input" style="width:54px;font-size:10pt;">국내(개인)</span> </td> 
       <td width="36"> <span class="xforms_input" style="width:36px;font-size:10pt;">대한민국</span> </td> 
       <td width="62"> <span class="xforms_input" style="width:62px;font-size:10pt;">계열사임원</span> </td> 
       <td width="41"> <span class="xforms_input" style="width:41px;font-size:10pt;">-</span> </td> 
       <td width="41"> <span class="xforms_input" style="width:41px;font-size:10pt;">-</span> </td> 
       <td width="78"> <span class="xforms_input" style="width:78px;font-size:10pt;text-align:right;">90,926</span> </td> 
       <td width="44"> <span class="xforms_input" style="width:44px;font-size:10pt;text-align:right;">0.19</span> </td> 
       <td width="77"> <span class="xforms_input" style="width:77px;font-size:10pt;text-align:right;">0</span> </td> 
       <td width="42"> <span class="xforms_input" style="width:42px;font-size:10pt;text-align:right;">0.00</span> </td> 
       <td width="72"> <span class="xforms_input" style="width:72px;font-size:10pt;text-align:right;">0</span> </td> 
       <td width="44"> <span class="xforms_input" style="width:44px;font-size:10pt;text-align:right;">0.00</span> </td> 
       <td width="78"> <span class="xforms_input" style="width:78px;font-size:10pt;text-align:right;">90,926</span> </td> 
       <td width="42"> <span class="xforms_input" style="width:42px;font-size:10pt;text-align:right;">0.19</span> </td> 
      </tr> 
      <tr> 
       <td width="53"> <span class="xforms_input" style="width:53px;font-size:10pt;">조두인</span> </td> 
       <td width="53"> <span class="xforms_input" style="width:53px;font-size:9pt;">생년월일</span> </td> 
       <td width="49"> <span class="xforms_input" style="width:49px;font-size:10pt;">780828</span> </td> 
       <td width="35"> <span class="xforms_input" style="width:35px;font-size:10pt;">남</span> </td> 
       <td width="54"> <span class="xforms_input" style="width:54px;font-size:10pt;">국내(개인)</span> </td> 
       <td width="36"> <span class="xforms_input" style="width:36px;font-size:10pt;">대한민국</span> </td> 
       <td width="62"> <span class="xforms_input" style="width:62px;font-size:10pt;">계열사임원</span> </td> 
       <td width="41"> <span class="xforms_input" style="width:41px;font-size:10pt;">-</span> </td> 
       <td width="41"> <span class="xforms_input" style="width:41px;font-size:10pt;">-</span> </td> 
       <td width="78"> <span class="xforms_input" style="width:78px;font-size:10pt;text-align:right;">18,690</span> </td> 
       <td width="44"> <span class="xforms_input" style="width:44px;font-size:10pt;text-align:right;">0.04</span> </td> 
       <td width="77"> <span class="xforms_input" style="width:77px;font-size:10pt;text-align:right;">0</span> </td> 
       <td width="42"> <span class="xforms_input" style="width:42px;font-size:10pt;text-align:right;">0.00</span> </td> 
       <td width="72"> <span class="xforms_input" style="width:72px;font-size:10pt;text-align:right;">0</span> </td> 
       <td width="44"> <span class="xforms_input" style="width:44px;font-size:10pt;text-align:right;">0.00</span> </td> 
       <td width="78"> <span class="xforms_input" style="width:78px;font-size:10pt;text-align:right;">18,690</span> </td> 
       <td width="42"> <span class="xforms_input" style="width:42px;font-size:10pt;text-align:right;">0.04</span> </td> 
      </tr> 
      <tr> 
       <td width="53"> <span class="xforms_input" style="width:53px;font-size:10pt;">이준영</span> </td> 
       <td width="53"> <span class="xforms_input" style="width:53px;font-size:9pt;">생년월일</span> </td> 
       <td width="49"> <span class="xforms_input" style="width:49px;font-size:10pt;">830407</span> </td> 
       <td width="35"> <span class="xforms_input" style="width:35px;font-size:10pt;">남</span> </td> 
       <td width="54"> <span class="xforms_input" style="width:54px;font-size:10pt;">국내(개인)</span> </td> 
       <td width="36"> <span class="xforms_input" style="width:36px;font-size:10pt;">대한민국</span> </td> 
       <td width="62"> <span class="xforms_input" style="width:62px;font-size:10pt;">계열사임원</span> </td> 
       <td width="41"> <span class="xforms_input" style="width:41px;font-size:10pt;">-</span> </td> 
       <td width="41"> <span class="xforms_input" style="width:41px;font-size:10pt;">-</span> </td> 
       <td width="78"> <span class="xforms_input" style="width:78px;font-size:10pt;text-align:right;">14,216</span> </td> 
       <td width="44"> <span class="xforms_input" style="width:44px;font-size:10pt;text-align:right;">0.03</span> </td> 
       <td width="77"> <span class="xforms_input" style="width:77px;font-size:10pt;text-align:right;">0</span> </td> 
       <td width="42"> <span class="xforms_input" style="width:42px;font-size:10pt;text-align:right;">0.00</span> </td> 
       <td width="72"> <span class="xforms_input" style="width:72px;font-size:10pt;text-align:right;">0</span> </td> 
       <td width="44"> <span class="xforms_input" style="width:44px;font-size:10pt;text-align:right;">0.00</span> </td> 
       <td width="78"> <span class="xforms_input" style="width:78px;font-size:10pt;text-align:right;">14,216</span> </td> 
       <td width="42"> <span class="xforms_input" style="width:42px;font-size:10pt;text-align:right;">0.03</span> </td> 
      </tr> 
      <tr> 
       <td width="53"> <span class="xforms_input" style="width:53px;font-size:10pt;">배동근</span> </td> 
       <td width="53"> <span class="xforms_input" style="width:53px;font-size:9pt;">생년월일</span> </td> 
       <td width="49"> <span class="xforms_input" style="width:49px;font-size:10pt;">771201</span> </td> 
       <td width="35"> <span class="xforms_input" style="width:35px;font-size:10pt;">남</span> </td> 
       <td width="54"> <span class="xforms_input" style="width:54px;font-size:10pt;">국내(개인)</span> </td> 
       <td width="36"> <span class="xforms_input" style="width:36px;font-size:10pt;">대한민국</span> </td> 
       <td width="62"> <span class="xforms_input" style="width:62px;font-size:10pt;">계열사임원</span> </td> 
       <td width="41"> <span class="xforms_input" style="width:41px;font-size:10pt;">발행회사 임원</span> </td> 
       <td width="41"> <span class="xforms_input" style="width:41px;font-size:10pt;">-</span> </td> 
       <td width="78"> <span class="xforms_input" style="width:78px;font-size:10pt;text-align:right;">12,945</span> </td> 
       <td width="44"> <span class="xforms_input" style="width:44px;font-size:10pt;text-align:right;">0.03</span> </td> 
       <td width="77"> <span class="xforms_input" style="width:77px;font-size:10pt;text-align:right;">0</span> </td> 
       <td width="42"> <span class="xforms_input" style="width:42px;font-size:10pt;text-align:right;">0.00</span> </td> 
       <td width="72"> <span class="xforms_input" style="width:72px;font-size:10pt;text-align:right;">0</span> </td> 
       <td width="44"> <span class="xforms_input" style="width:44px;font-size:10pt;text-align:right;">0.00</span> </td> 
       <td width="78"> <span class="xforms_input" style="width:78px;font-size:10pt;text-align:right;">12,945</span> </td> 
       <td width="42"> <span class="xforms_input" style="width:42px;font-size:10pt;text-align:right;">0.03</span> </td> 
      </tr> 
      <tr> 
       <td width="53"> <span class="xforms_input" style="width:53px;font-size:10pt;">손현일</span> </td> 
       <td width="53"> <span class="xforms_input" style="width:53px;font-size:9pt;">생년월일</span> </td> 
       <td width="49"> <span class="xforms_input" style="width:49px;font-size:10pt;">780516</span> </td> 
       <td width="35"> <span class="xforms_input" style="width:35px;font-size:10pt;">남</span> </td> 
       <td width="54"> <span class="xforms_input" style="width:54px;font-size:10pt;">국내(개인)</span> </td> 
       <td width="36"> <span class="xforms_input" style="width:36px;font-size:10pt;">대한민국</span> </td> 
       <td width="62"> <span class="xforms_input" style="width:62px;font-size:10pt;">계열사임원</span> </td> 
       <td width="41"> <span class="xforms_input" style="width:41px;font-size:10pt;">발행회사 임원</span> </td> 
       <td width="41"> <span class="xforms_input" style="width:41px;font-size:10pt;">-</span> </td> 
       <td width="78"> <span class="xforms_input" style="width:78px;font-size:10pt;text-align:right;">4,224</span> </td> 
       <td width="44"> <span class="xforms_input" style="width:44px;font-size:10pt;text-align:right;">0.01</span> </td> 
       <td width="77"> <span class="xforms_input" style="width:77px;font-size:10pt;text-align:right;">0</span> </td> 
       <td width="42"> <span class="xforms_input" style="width:42px;font-size:10pt;text-align:right;">0.00</span> </td> 
       <td width="72"> <span class="xforms_input" style="width:72px;font-size:10pt;text-align:right;">0</span> </td> 
       <td width="44"> <span class="xforms_input" style="width:44px;font-size:10pt;text-align:right;">0.00</span> </td> 
       <td width="78"> <span class="xforms_input" style="width:78px;font-size:10pt;text-align:right;">4,224</span> </td> 
       <td width="42"> <span class="xforms_input" style="width:42px;font-size:10pt;text-align:right;">0.01</span> </td> 
      </tr> 
      <tr> 
       <td width="53"> <span class="xforms_input" style="width:53px;font-size:10pt;">박혜리</span> </td> 
       <td width="53"> <span class="xforms_input" style="width:53px;font-size:9pt;">생년월일</span> </td> 
       <td width="49"> <span class="xforms_input" style="width:49px;font-size:10pt;">820815</span> </td> 
       <td width="35"> <span class="xforms_input" style="width:35px;font-size:10pt;">여</span> </td> 
       <td width="54"> <span class="xforms_input" style="width:54px;font-size:10pt;">국내(개인)</span> </td> 
       <td width="36"> <span class="xforms_input" style="width:36px;font-size:10pt;">대한민국</span> </td> 
       <td width="62"> <span class="xforms_input" style="width:62px;font-size:10pt;">계열사임원</span> </td> 
       <td width="41"> <span class="xforms_input" style="width:41px;font-size:10pt;">발행회사 임원</span> </td> 
       <td width="41"> <span class="xforms_input" style="width:41px;font-size:10pt;">-</span> </td> 
       <td width="78"> <span class="xforms_input" style="width:78px;font-size:10pt;text-align:right;">3,090</span> </td> 
       <td width="44"> <span class="xforms_input" style="width:44px;font-size:10pt;text-align:right;">0.01</span> </td> 
       <td width="77"> <span class="xforms_input" style="width:77px;font-size:10pt;text-align:right;">0</span> </td> 
       <td width="42"> <span class="xforms_input" style="width:42px;font-size:10pt;text-align:right;">0.00</span> </td> 
       <td width="72"> <span class="xforms_input" style="width:72px;font-size:10pt;text-align:right;">0</span> </td> 
       <td width="44"> <span class="xforms_input" style="width:44px;font-size:10pt;text-align:right;">0.00</span> </td> 
       <td width="78"> <span class="xforms_input" style="width:78px;font-size:10pt;text-align:right;">3,090</span> </td> 
       <td width="42"> <span class="xforms_input" style="width:42px;font-size:10pt;text-align:right;">0.01</span> </td> 
      </tr> 
      <tr> 
       <td width="53"> <span class="xforms_input" style="width:53px;font-size:10pt;">남서현</span> </td> 
       <td width="53"> <span class="xforms_input" style="width:53px;font-size:9pt;">생년월일</span> </td> 
       <td width="49"> <span class="xforms_input" style="width:49px;font-size:10pt;">741028</span> </td> 
       <td width="35"> <span class="xforms_input" style="width:35px;font-size:10pt;">남</span> </td> 
       <td width="54"> <span class="xforms_input" style="width:54px;font-size:10pt;">국내(개인)</span> </td> 
       <td width="36"> <span class="xforms_input" style="width:36px;font-size:10pt;">대한민국</span> </td> 
       <td width="62"> <span class="xforms_input" style="width:62px;font-size:10pt;">계열사임원</span> </td> 
       <td width="41"> <span class="xforms_input" style="width:41px;font-size:10pt;">-</span> </td> 
       <td width="41"> <span class="xforms_input" style="width:41px;font-size:10pt;">-</span> </td> 
       <td width="78"> <span class="xforms_input" style="width:78px;font-size:10pt;text-align:right;">236</span> </td> 
       <td width="44"> <span class="xforms_input" style="width:44px;font-size:10pt;text-align:right;">0.00</span> </td> 
       <td width="77"> <span class="xforms_input" style="width:77px;font-size:10pt;text-align:right;">0</span> </td> 
       <td width="42"> <span class="xforms_input" style="width:42px;font-size:10pt;text-align:right;">0.00</span> </td> 
       <td width="72"> <span class="xforms_input" style="width:72px;font-size:10pt;text-align:right;">0</span> </td> 
       <td width="44"> <span class="xforms_input" style="width:44px;font-size:10pt;text-align:right;">0.00</span> </td> 
       <td width="78"> <span class="xforms_input" style="width:78px;font-size:10pt;text-align:right;">236</span> </td> 
       <td width="42"> <span class="xforms_input" style="width:42px;font-size:10pt;text-align:right;">0.00</span> </td> 
      </tr> 
      <tr> 
       <td width="53"> <span class="xforms_input" style="width:53px;font-size:10pt;">정수영</span> </td> 
       <td width="53"> <span class="xforms_input" style="width:53px;font-size:9pt;">생년월일</span> </td> 
       <td width="49"> <span class="xforms_input" style="width:49px;font-size:10pt;">790223</span> </td> 
       <td width="35"> <span class="xforms_input" style="width:35px;font-size:10pt;">여</span> </td> 
       <td width="54"> <span class="xforms_input" style="width:54px;font-size:10pt;">국내(개인)</span> </td> 
       <td width="36"> <span class="xforms_input" style="width:36px;font-size:10pt;">대한민국</span> </td> 
       <td width="62"> <span class="xforms_input" style="width:62px;font-size:10pt;">계열사임원</span> </td> 
       <td width="41"> <span class="xforms_input" style="width:41px;font-size:10pt;">-</span> </td> 
       <td width="41"> <span class="xforms_input" style="width:41px;font-size:10pt;">-</span> </td> 
       <td width="78"> <span class="xforms_input" style="width:78px;font-size:10pt;text-align:right;">1,000</span> </td> 
       <td width="44"> <span class="xforms_input" style="width:44px;font-size:10pt;text-align:right;">0.00</span> </td> 
       <td width="77"> <span class="xforms_input" style="width:77px;font-size:10pt;text-align:right;">0</span> </td> 
       <td width="42"> <span class="xforms_input" style="width:42px;font-size:10pt;text-align:right;">0.00</span> </td> 
       <td width="72"> <span class="xforms_input" style="width:72px;font-size:10pt;text-align:right;">0</span> </td> 
       <td width="44"> <span class="xforms_input" style="width:44px;font-size:10pt;text-align:right;">0.00</span> </td> 
       <td width="78"> <span class="xforms_input" style="width:78px;font-size:10pt;text-align:right;">1,000</span> </td> 
       <td width="42"> <span class="xforms_input" style="width:42px;font-size:10pt;text-align:right;">0.00</span> </td> 
      </tr> 
      <tr> 
       <td width="53"> <span class="xforms_input" style="width:53px;font-size:10pt;">임우열</span> </td> 
       <td width="53"> <span class="xforms_input" style="width:53px;font-size:9pt;">생년월일</span> </td> 
       <td width="49"> <span class="xforms_input" style="width:49px;font-size:10pt;">790123</span> </td> 
       <td width="35"> <span class="xforms_input" style="width:35px;font-size:10pt;">남</span> </td> 
       <td width="54"> <span class="xforms_input" style="width:54px;font-size:10pt;">국내(개인)</span> </td> 
       <td width="36"> <span class="xforms_input" style="width:36px;font-size:10pt;">대한민국</span> </td> 
       <td width="62"> <span class="xforms_input" style="width:62px;font-size:10pt;">계열사임원</span> </td> 
       <td width="41"> <span class="xforms_input" style="width:41px;font-size:10pt;">발행회사 임원</span> </td> 
       <td width="41"> <span class="xforms_input" style="width:41px;font-size:10pt;">-</span> </td> 
       <td width="78"> <span class="xforms_input" style="width:78px;font-size:10pt;text-align:right;">3,429</span> </td> 
       <td width="44"> <span class="xforms_input" style="width:44px;font-size:10pt;text-align:right;">0.01</span> </td> 
       <td width="77"> <span class="xforms_input" style="width:77px;font-size:10pt;text-align:right;">0</span> </td> 
       <td width="42"> <span class="xforms_input" style="width:42px;font-size:10pt;text-align:right;">0.00</span> </td> 
       <td width="72"> <span class="xforms_input" style="width:72px;font-size:10pt;text-align:right;">0</span> </td> 
       <td width="44"> <span class="xforms_input" style="width:44px;font-size:10pt;text-align:right;">0.00</span> </td> 
       <td width="78"> <span class="xforms_input" style="width:78px;font-size:10pt;text-align:right;">3,429</span> </td> 
       <td width="42"> <span class="xforms_input" style="width:42px;font-size:10pt;text-align:right;">0.01</span> </td> 
      </tr> 
      <tr> 
       <td width="53"> <span class="xforms_input" style="width:53px;font-size:10pt;">박문형</span> </td> 
       <td width="53"> <span class="xforms_input" style="width:53px;font-size:9pt;">생년월일</span> </td> 
       <td width="49"> <span class="xforms_input" style="width:49px;font-size:10pt;">860502</span> </td> 
       <td width="35"> <span class="xforms_input" style="width:35px;font-size:10pt;">남</span> </td> 
       <td width="54"> <span class="xforms_input" style="width:54px;font-size:10pt;">국내(개인)</span> </td> 
       <td width="36"> <span class="xforms_input" style="width:36px;font-size:10pt;">대한민국</span> </td> 
       <td width="62"> <span class="xforms_input" style="width:62px;font-size:10pt;">계열사임원</span> </td> 
       <td width="41"> <span class="xforms_input" style="width:41px;font-size:10pt;">-</span> </td> 
       <td width="41"> <span class="xforms_input" style="width:41px;font-size:10pt;">-</span> </td> 
       <td width="78"> <span class="xforms_input" style="width:78px;font-size:10pt;text-align:right;">2,000</span> </td> 
       <td width="44"> <span class="xforms_input" style="width:44px;font-size:10pt;text-align:right;">0.00</span> </td> 
       <td width="77"> <span class="xforms_input" style="width:77px;font-size:10pt;text-align:right;">0</span> </td> 
       <td width="42"> <span class="xforms_input" style="width:42px;font-size:10pt;text-align:right;">0.00</span> </td> 
       <td width="72"> <span class="xforms_input" style="width:72px;font-size:10pt;text-align:right;">0</span> </td> 
       <td width="44"> <span class="xforms_input" style="width:44px;font-size:10pt;text-align:right;">0.00</span> </td> 
       <td width="78"> <span class="xforms_input" style="width:78px;font-size:10pt;text-align:right;">2,000</span> </td> 
       <td width="42"> <span class="xforms_input" style="width:42px;font-size:10pt;text-align:right;">0.00</span> </td> 
      </tr> 
      <tr> 
       <td width="53"> <span class="xforms_input" style="width:53px;font-size:10pt;">장호준</span> </td> 
       <td width="53"> <span class="xforms_input" style="width:53px;font-size:9pt;">생년월일</span> </td> 
       <td width="49"> <span class="xforms_input" style="width:49px;font-size:10pt;">760221</span> </td> 
       <td width="35"> <span class="xforms_input" style="width:35px;font-size:10pt;">남</span> </td> 
       <td width="54"> <span class="xforms_input" style="width:54px;font-size:10pt;">국내(개인)</span> </td> 
       <td width="36"> <span class="xforms_input" style="width:36px;font-size:10pt;">대한민국</span> </td> 
       <td width="62"> <span class="xforms_input" style="width:62px;font-size:10pt;">계열사임원</span> </td> 
       <td width="41"> <span class="xforms_input" style="width:41px;font-size:10pt;">-</span> </td> 
       <td width="41"> <span class="xforms_input" style="width:41px;font-size:10pt;">-</span> </td> 
       <td width="78"> <span class="xforms_input" style="width:78px;font-size:10pt;text-align:right;">119</span> </td> 
       <td width="44"> <span class="xforms_input" style="width:44px;font-size:10pt;text-align:right;">0.00</span> </td> 
       <td width="77"> <span class="xforms_input" style="width:77px;font-size:10pt;text-align:right;">0</span> </td> 
       <td width="42"> <span class="xforms_input" style="width:42px;font-size:10pt;text-align:right;">0.00</span> </td> 
       <td width="72"> <span class="xforms_input" style="width:72px;font-size:10pt;text-align:right;">0</span> </td> 
       <td width="44"> <span class="xforms_input" style="width:44px;font-size:10pt;text-align:right;">0.00</span> </td> 
       <td width="78"> <span class="xforms_input" style="width:78px;font-size:10pt;text-align:right;">119</span> </td> 
       <td width="42"> <span class="xforms_input" style="width:42px;font-size:10pt;text-align:right;">0.00</span> </td> 
      </tr> 
      <tr> 
       <td width="53"> <span class="xforms_input" style="width:53px;font-size:10pt;">이강석</span> </td> 
       <td width="53"> <span class="xforms_input" style="width:53px;font-size:9pt;">생년월일</span> </td> 
       <td width="49"> <span class="xforms_input" style="width:49px;font-size:10pt;">831108</span> </td> 
       <td width="35"> <span class="xforms_input" style="width:35px;font-size:10pt;">남</span> </td> 
       <td width="54"> <span class="xforms_input" style="width:54px;font-size:10pt;">국내(개인)</span> </td> 
       <td width="36"> <span class="xforms_input" style="width:36px;font-size:10pt;">대한민국</span> </td> 
       <td width="62"> <span class="xforms_input" style="width:62px;font-size:10pt;">계열사임원</span> </td> 
       <td width="41"> <span class="xforms_input" style="width:41px;font-size:10pt;">-</span> </td> 
       <td width="41"> <span class="xforms_input" style="width:41px;font-size:10pt;">-</span> </td> 
       <td width="78"> <span class="xforms_input" style="width:78px;font-size:10pt;text-align:right;">460</span> </td> 
       <td width="44"> <span class="xforms_input" style="width:44px;font-size:10pt;text-align:right;">0.00</span> </td> 
       <td width="77"> <span class="xforms_input" style="width:77px;font-size:10pt;text-align:right;">0</span> </td> 
       <td width="42"> <span class="xforms_input" style="width:42px;font-size:10pt;text-align:right;">0.00</span> </td> 
       <td width="72"> <span class="xforms_input" style="width:72px;font-size:10pt;text-align:right;">0</span> </td> 
       <td width="44"> <span class="xforms_input" style="width:44px;font-size:10pt;text-align:right;">0.00</span> </td> 
       <td width="78"> <span class="xforms_input" style="width:78px;font-size:10pt;text-align:right;">460</span> </td> 
       <td width="42"> <span class="xforms_input" style="width:42px;font-size:10pt;text-align:right;">0.00</span> </td> 
      </tr> 
      <tr> 
       <td width="53"> <span class="xforms_input" style="width:53px;font-size:10pt;">김민정</span> </td> 
       <td width="53"> <span class="xforms_input" style="width:53px;font-size:9pt;">생년월일</span> </td> 
       <td width="49"> <span class="xforms_input" style="width:49px;font-size:10pt;">770326</span> </td> 
       <td width="35"> <span class="xforms_input" style="width:35px;font-size:10pt;">여</span> </td> 
       <td width="54"> <span class="xforms_input" style="width:54px;font-size:10pt;">국내(개인)</span> </td> 
       <td width="36"> <span class="xforms_input" style="width:36px;font-size:10pt;">대한민국</span> </td> 
       <td width="62"> <span class="xforms_input" style="width:62px;font-size:10pt;">계열사임원</span> </td> 
       <td width="41"> <span class="xforms_input" style="width:41px;font-size:10pt;">-</span> </td> 
       <td width="41"> <span class="xforms_input" style="width:41px;font-size:10pt;">-</span> </td> 
       <td width="78"> <span class="xforms_input" style="width:78px;font-size:10pt;text-align:right;">3,063</span> </td> 
       <td width="44"> <span class="xforms_input" style="width:44px;font-size:10pt;text-align:right;">0.01</span> </td> 
       <td width="77"> <span class="xforms_input" style="width:77px;font-size:10pt;text-align:right;">0</span> </td> 
       <td width="42"> <span class="xforms_input" style="width:42px;font-size:10pt;text-align:right;">0.00</span> </td> 
       <td width="72"> <span class="xforms_input" style="width:72px;font-size:10pt;text-align:right;">0</span> </td> 
       <td width="44"> <span class="xforms_input" style="width:44px;font-size:10pt;text-align:right;">0.00</span> </td> 
       <td width="78"> <span class="xforms_input" style="width:78px;font-size:10pt;text-align:right;">3,063</span> </td> 
       <td width="42"> <span class="xforms_input" style="width:42px;font-size:10pt;text-align:right;">0.01</span> </td> 
      </tr> 
      <tr> 
       <td width="53"> <span class="xforms_input" style="width:53px;font-size:10pt;">유재영</span> </td> 
       <td width="53"> <span class="xforms_input" style="width:53px;font-size:9pt;">생년월일</span> </td> 
       <td width="49"> <span class="xforms_input" style="width:49px;font-size:10pt;">821209</span> </td> 
       <td width="35"> <span class="xforms_input" style="width:35px;font-size:10pt;">남</span> </td> 
       <td width="54"> <span class="xforms_input" style="width:54px;font-size:10pt;">국내(개인)</span> </td> 
       <td width="36"> <span class="xforms_input" style="width:36px;font-size:10pt;">대한민국</span> </td> 
       <td width="62"> <span class="xforms_input" style="width:62px;font-size:10pt;">계열사임원</span> </td> 
       <td width="41"> <span class="xforms_input" style="width:41px;font-size:10pt;">-</span> </td> 
       <td width="41"> <span class="xforms_input" style="width:41px;font-size:10pt;">-</span> </td> 
       <td width="78"> <span class="xforms_input" style="width:78px;font-size:10pt;text-align:right;">53</span> </td> 
       <td width="44"> <span class="xforms_input" style="width:44px;font-size:10pt;text-align:right;">0.00</span> </td> 
       <td width="77"> <span class="xforms_input" style="width:77px;font-size:10pt;text-align:right;">0</span> </td> 
       <td width="42"> <span class="xforms_input" style="width:42px;font-size:10pt;text-align:right;">0.00</span> </td> 
       <td width="72"> <span class="xforms_input" style="width:72px;font-size:10pt;text-align:right;">0</span> </td> 
       <td width="44"> <span class="xforms_input" style="width:44px;font-size:10pt;text-align:right;">0.00</span> </td> 
       <td width="78"> <span class="xforms_input" style="width:78px;font-size:10pt;text-align:right;">53</span> </td> 
       <td width="42"> <span class="xforms_input" style="width:42px;font-size:10pt;text-align:right;">0.00</span> </td> 
      </tr> 
      <tr> 
       <td width="53"> <span class="xforms_input" style="width:53px;font-size:10pt;">이진영</span> </td> 
       <td width="53"> <span class="xforms_input" style="width:53px;font-size:9pt;">생년월일</span> </td> 
       <td width="49"> <span class="xforms_input" style="width:49px;font-size:10pt;">790828</span> </td> 
       <td width="35"> <span class="xforms_input" style="width:35px;font-size:10pt;">여</span> </td> 
       <td width="54"> <span class="xforms_input" style="width:54px;font-size:10pt;">국내(개인)</span> </td> 
       <td width="36"> <span class="xforms_input" style="width:36px;font-size:10pt;">대한민국</span> </td> 
       <td width="62"> <span class="xforms_input" style="width:62px;font-size:10pt;">계열사임원</span> </td> 
       <td width="41"> <span class="xforms_input" style="width:41px;font-size:10pt;">-</span> </td> 
       <td width="41"> <span class="xforms_input" style="width:41px;font-size:10pt;">-</span> </td> 
       <td width="78"> <span class="xforms_input" style="width:78px;font-size:10pt;text-align:right;">250</span> </td> 
       <td width="44"> <span class="xforms_input" style="width:44px;font-size:10pt;text-align:right;">0.00</span> </td> 
       <td width="77"> <span class="xforms_input" style="width:77px;font-size:10pt;text-align:right;">0</span> </td> 
       <td width="42"> <span class="xforms_input" style="width:42px;font-size:10pt;text-align:right;">0.00</span> </td> 
       <td width="72"> <span class="xforms_input" style="width:72px;font-size:10pt;text-align:right;">0</span> </td> 
       <td width="44"> <span class="xforms_input" style="width:44px;font-size:10pt;text-align:right;">0.00</span> </td> 
       <td width="78"> <span class="xforms_input" style="width:78px;font-size:10pt;text-align:right;">250</span> </td> 
       <td width="42"> <span class="xforms_input" style="width:42px;font-size:10pt;text-align:right;">0.00</span> </td> 
      </tr> 
      <tr> 
       <td width="53"> <span class="xforms_input" style="width:53px;font-size:10pt;">박형철</span> </td> 
       <td width="53"> <span class="xforms_input" style="width:53px;font-size:9pt;">생년월일</span> </td> 
       <td width="49"> <span class="xforms_input" style="width:49px;font-size:10pt;">870324</span> </td> 
       <td width="35"> <span class="xforms_input" style="width:35px;font-size:10pt;">남</span> </td> 
       <td width="54"> <span class="xforms_input" style="width:54px;font-size:10pt;">국내(개인)</span> </td> 
       <td width="36"> <span class="xforms_input" style="width:36px;font-size:10pt;">대한민국</span> </td> 
       <td width="62"> <span class="xforms_input" style="width:62px;font-size:10pt;">계열사임원</span> </td> 
       <td width="41"> <span class="xforms_input" style="width:41px;font-size:10pt;">-</span> </td> 
       <td width="41"> <span class="xforms_input" style="width:41px;font-size:10pt;">-</span> </td> 
       <td width="78"> <span class="xforms_input" style="width:78px;font-size:10pt;text-align:right;">125</span> </td> 
       <td width="44"> <span class="xforms_input" style="width:44px;font-size:10pt;text-align:right;">0.00</span> </td> 
       <td width="77"> <span class="xforms_input" style="width:77px;font-size:10pt;text-align:right;">0</span> </td> 
       <td width="42"> <span class="xforms_input" style="width:42px;font-size:10pt;text-align:right;">0.00</span> </td> 
       <td width="72"> <span class="xforms_input" style="width:72px;font-size:10pt;text-align:right;">0</span> </td> 
       <td width="44"> <span class="xforms_input" style="width:44px;font-size:10pt;text-align:right;">0.00</span> </td> 
       <td width="78"> <span class="xforms_input" style="width:78px;font-size:10pt;text-align:right;">125</span> </td> 
       <td width="42"> <span class="xforms_input" style="width:42px;font-size:10pt;text-align:right;">0.00</span> </td> 
      </tr> 
      <tr> 
       <td width="53"> <span class="xforms_input" style="width:53px;font-size:10pt;">이병욱</span> </td> 
       <td width="53"> <span class="xforms_input" style="width:53px;font-size:9pt;">생년월일</span> </td> 
       <td width="49"> <span class="xforms_input" style="width:49px;font-size:10pt;">750106</span> </td> 
       <td width="35"> <span class="xforms_input" style="width:35px;font-size:10pt;">남</span> </td> 
       <td width="54"> <span class="xforms_input" style="width:54px;font-size:10pt;">국내(개인)</span> </td> 
       <td width="36"> <span class="xforms_input" style="width:36px;font-size:10pt;">대한민국</span> </td> 
       <td width="62"> <span class="xforms_input" style="width:62px;font-size:10pt;">계열사임원</span> </td> 
       <td width="41"> <span class="xforms_input" style="width:41px;font-size:10pt;">-</span> </td> 
       <td width="41"> <span class="xforms_input" style="width:41px;font-size:10pt;">-</span> </td> 
       <td width="78"> <span class="xforms_input" style="width:78px;font-size:10pt;text-align:right;">11,600</span> </td> 
       <td width="44"> <span class="xforms_input" style="width:44px;font-size:10pt;text-align:right;">0.02</span> </td> 
       <td width="77"> <span class="xforms_input" style="width:77px;font-size:10pt;text-align:right;">0</span> </td> 
       <td width="42"> <span class="xforms_input" style="width:42px;font-size:10pt;text-align:right;">0.00</span> </td> 
       <td width="72"> <span class="xforms_input" style="width:72px;font-size:10pt;text-align:right;">0</span> </td> 
       <td width="44"> <span class="xforms_input" style="width:44px;font-size:10pt;text-align:right;">0.00</span> </td> 
       <td width="78"> <span class="xforms_input" style="width:78px;font-size:10pt;text-align:right;">11,600</span> </td> 
       <td width="42"> <span class="xforms_input" style="width:42px;font-size:10pt;text-align:right;">0.02</span> </td> 
      </tr> 
      <tr> 
       <td width="53"> <span class="xforms_input" style="width:53px;font-size:10pt;">김형준</span> </td> 
       <td width="53"> <span class="xforms_input" style="width:53px;font-size:9pt;">생년월일</span> </td> 
       <td width="49"> <span class="xforms_input" style="width:49px;font-size:10pt;">740823</span> </td> 
       <td width="35"> <span class="xforms_input" style="width:35px;font-size:10pt;">남</span> </td> 
       <td width="54"> <span class="xforms_input" style="width:54px;font-size:10pt;">국내(개인)</span> </td> 
       <td width="36"> <span class="xforms_input" style="width:36px;font-size:10pt;">대한민국</span> </td> 
       <td width="62"> <span class="xforms_input" style="width:62px;font-size:10pt;">계열사임원</span> </td> 
       <td width="41"> <span class="xforms_input" style="width:41px;font-size:10pt;">-</span> </td> 
       <td width="41"> <span class="xforms_input" style="width:41px;font-size:10pt;">-</span> </td> 
       <td width="78"> <span class="xforms_input" style="width:78px;font-size:10pt;text-align:right;">710,060</span> </td> 
       <td width="44"> <span class="xforms_input" style="width:44px;font-size:10pt;text-align:right;">1.50</span> </td> 
       <td width="77"> <span class="xforms_input" style="width:77px;font-size:10pt;text-align:right;">0</span> </td> 
       <td width="42"> <span class="xforms_input" style="width:42px;font-size:10pt;text-align:right;">0.00</span> </td> 
       <td width="72"> <span class="xforms_input" style="width:72px;font-size:10pt;text-align:right;">0</span> </td> 
       <td width="44"> <span class="xforms_input" style="width:44px;font-size:10pt;text-align:right;">0.00</span> </td> 
       <td width="78"> <span class="xforms_input" style="width:78px;font-size:10pt;text-align:right;">710,060</span> </td> 
       <td width="42"> <span class="xforms_input" style="width:42px;font-size:10pt;text-align:right;">1.50</span> </td> 
      </tr> 
      <tr> 
       <td width="53"> <span class="xforms_input" style="width:53px;font-size:10pt;">이희수</span> </td> 
       <td width="53"> <span class="xforms_input" style="width:53px;font-size:9pt;">생년월일</span> </td> 
       <td width="49"> <span class="xforms_input" style="width:49px;font-size:10pt;">800216</span> </td> 
       <td width="35"> <span class="xforms_input" style="width:35px;font-size:10pt;">남</span> </td> 
       <td width="54"> <span class="xforms_input" style="width:54px;font-size:10pt;">국내(개인)</span> </td> 
       <td width="36"> <span class="xforms_input" style="width:36px;font-size:10pt;">대한민국</span> </td> 
       <td width="62"> <span class="xforms_input" style="width:62px;font-size:10pt;">계열사임원</span> </td> 
       <td width="41"> <span class="xforms_input" style="width:41px;font-size:10pt;">-</span> </td> 
       <td width="41"> <span class="xforms_input" style="width:41px;font-size:10pt;">-</span> </td> 
       <td width="78"> <span class="xforms_input" style="width:78px;font-size:10pt;text-align:right;">1,303</span> </td> 
       <td width="44"> <span class="xforms_input" style="width:44px;font-size:10pt;text-align:right;">0.00</span> </td> 
       <td width="77"> <span class="xforms_input" style="width:77px;font-size:10pt;text-align:right;">0</span> </td> 
       <td width="42"> <span class="xforms_input" style="width:42px;font-size:10pt;text-align:right;">0.00</span> </td> 
       <td width="72"> <span class="xforms_input" style="width:72px;font-size:10pt;text-align:right;">0</span> </td> 
       <td width="44"> <span class="xforms_input" style="width:44px;font-size:10pt;text-align:right;">0.00</span> </td> 
       <td width="78"> <span class="xforms_input" style="width:78px;font-size:10pt;text-align:right;">1,303</span> </td> 
       <td width="42"> <span class="xforms_input" style="width:42px;font-size:10pt;text-align:right;">0.00</span> </td> 
      </tr> 
      <tr> 
       <td width="53"> <span class="xforms_input" style="width:53px;font-size:10pt;">김수영</span> </td> 
       <td width="53"> <span class="xforms_input" style="width:53px;font-size:9pt;">생년월일</span> </td> 
       <td width="49"> <span class="xforms_input" style="width:49px;font-size:10pt;">761217</span> </td> 
       <td width="35"> <span class="xforms_input" style="width:35px;font-size:10pt;">여</span> </td> 
       <td width="54"> <span class="xforms_input" style="width:54px;font-size:10pt;">국내(개인)</span> </td> 
       <td width="36"> <span class="xforms_input" style="width:36px;font-size:10pt;">대한민국</span> </td> 
       <td width="62"> <span class="xforms_input" style="width:62px;font-size:10pt;">계열사임원</span> </td> 
       <td width="41"> <span class="xforms_input" style="width:41px;font-size:10pt;">-</span> </td> 
       <td width="41"> <span class="xforms_input" style="width:41px;font-size:10pt;">-</span> </td> 
       <td width="78"> <span class="xforms_input" style="width:78px;font-size:10pt;text-align:right;">105</span> </td> 
       <td width="44"> <span class="xforms_input" style="width:44px;font-size:10pt;text-align:right;">0.00</span> </td> 
       <td width="77"> <span class="xforms_input" style="width:77px;font-size:10pt;text-align:right;">0</span> </td> 
       <td width="42"> <span class="xforms_input" style="width:42px;font-size:10pt;text-align:right;">0.00</span> </td> 
       <td width="72"> <span class="xforms_input" style="width:72px;font-size:10pt;text-align:right;">0</span> </td> 
       <td width="44"> <span class="xforms_input" style="width:44px;font-size:10pt;text-align:right;">0.00</span> </td> 
       <td width="78"> <span class="xforms_input" style="width:78px;font-size:10pt;text-align:right;">105</span> </td> 
       <td width="42"> <span class="xforms_input" style="width:42px;font-size:10pt;text-align:right;">0.00</span> </td> 
      </tr> 
      <tr> 
       <td width="53"> <span class="xforms_input" style="width:53px;font-size:10pt;">노정환</span> </td> 
       <td width="53"> <span class="xforms_input" style="width:53px;font-size:9pt;">생년월일</span> </td> 
       <td width="49"> <span class="xforms_input" style="width:49px;font-size:10pt;">780918</span> </td> 
       <td width="35"> <span class="xforms_input" style="width:35px;font-size:10pt;">남</span> </td> 
       <td width="54"> <span class="xforms_input" style="width:54px;font-size:10pt;">국내(개인)</span> </td> 
       <td width="36"> <span class="xforms_input" style="width:36px;font-size:10pt;">대한민국</span> </td> 
       <td width="62"> <span class="xforms_input" style="width:62px;font-size:10pt;">계열사임원</span> </td> 
       <td width="41"> <span class="xforms_input" style="width:41px;font-size:10pt;">-</span> </td> 
       <td width="41"> <span class="xforms_input" style="width:41px;font-size:10pt;">-</span> </td> 
       <td width="78"> <span class="xforms_input" style="width:78px;font-size:10pt;text-align:right;">350</span> </td> 
       <td width="44"> <span class="xforms_input" style="width:44px;font-size:10pt;text-align:right;">0.00</span> </td> 
       <td width="77"> <span class="xforms_input" style="width:77px;font-size:10pt;text-align:right;">0</span> </td> 
       <td width="42"> <span class="xforms_input" style="width:42px;font-size:10pt;text-align:right;">0.00</span> </td> 
       <td width="72"> <span class="xforms_input" style="width:72px;font-size:10pt;text-align:right;">0</span> </td> 
       <td width="44"> <span class="xforms_input" style="width:44px;font-size:10pt;text-align:right;">0.00</span> </td> 
       <td width="78"> <span class="xforms_input" style="width:78px;font-size:10pt;text-align:right;">350</span> </td> 
       <td width="42"> <span class="xforms_input" style="width:42px;font-size:10pt;text-align:right;">0.00</span> </td> 
      </tr> 
      <tr> 
       <td width="53"> <span class="xforms_input" style="width:53px;font-size:10pt;">주우람</span> </td> 
       <td width="53"> <span class="xforms_input" style="width:53px;font-size:9pt;">생년월일</span> </td> 
       <td width="49"> <span class="xforms_input" style="width:49px;font-size:10pt;">830917</span> </td> 
       <td width="35"> <span class="xforms_input" style="width:35px;font-size:10pt;">남</span> </td> 
       <td width="54"> <span class="xforms_input" style="width:54px;font-size:10pt;">국내(개인)</span> </td> 
       <td width="36"> <span class="xforms_input" style="width:36px;font-size:10pt;">대한민국</span> </td> 
       <td width="62"> <span class="xforms_input" style="width:62px;font-size:10pt;">계열사임원</span> </td> 
       <td width="41"> <span class="xforms_input" style="width:41px;font-size:10pt;">-</span> </td> 
       <td width="41"> <span class="xforms_input" style="width:41px;font-size:10pt;">-</span> </td> 
       <td width="78"> <span class="xforms_input" style="width:78px;font-size:10pt;text-align:right;">333</span> </td> 
       <td width="44"> <span class="xforms_input" style="width:44px;font-size:10pt;text-align:right;">0.00</span> </td> 
       <td width="77"> <span class="xforms_input" style="width:77px;font-size:10pt;text-align:right;">0</span> </td> 
       <td width="42"> <span class="xforms_input" style="width:42px;font-size:10pt;text-align:right;">0.00</span> </td> 
       <td width="72"> <span class="xforms_input" style="width:72px;font-size:10pt;text-align:right;">0</span> </td> 
       <td width="44"> <span class="xforms_input" style="width:44px;font-size:10pt;text-align:right;">0.00</span> </td> 
       <td width="78"> <span class="xforms_input" style="width:78px;font-size:10pt;text-align:right;">333</span> </td> 
       <td width="42"> <span class="xforms_input" style="width:42px;font-size:10pt;text-align:right;">0.00</span> </td> 
      </tr> 
      <tr> 
       <td width="53"> <span class="xforms_input" style="width:53px;font-size:10pt;">Song Richard Kyong Chan</span> </td> 
       <td width="53"> <span class="xforms_input" style="width:53px;font-size:9pt;">생년월일</span> </td> 
       <td width="49"> <span class="xforms_input" style="width:49px;font-size:10pt;">690728</span> </td> 
       <td width="35"> <span class="xforms_input" style="width:35px;font-size:10pt;">남</span> </td> 
       <td width="54"> <span class="xforms_input" style="width:54px;font-size:10pt;">외국(개인)</span> </td> 
       <td width="36"> <span class="xforms_input" style="width:36px;font-size:10pt;">미국</span> </td> 
       <td width="62"> <span class="xforms_input" style="width:62px;font-size:10pt;">계열사임원</span> </td> 
       <td width="41"> <span class="xforms_input" style="width:41px;font-size:10pt;">-</span> </td> 
       <td width="41"> <span class="xforms_input" style="width:41px;font-size:10pt;">-</span> </td> 
       <td width="78"> <span class="xforms_input" style="width:78px;font-size:10pt;text-align:right;">376</span> </td> 
       <td width="44"> <span class="xforms_input" style="width:44px;font-size:10pt;text-align:right;">0.00</span> </td> 
       <td width="77"> <span class="xforms_input" style="width:77px;font-size:10pt;text-align:right;">0</span> </td> 
       <td width="42"> <span class="xforms_input" style="width:42px;font-size:10pt;text-align:right;">0.00</span> </td> 
       <td width="72"> <span class="xforms_input" style="width:72px;font-size:10pt;text-align:right;">0</span> </td> 
       <td width="44"> <span class="xforms_input" style="width:44px;font-size:10pt;text-align:right;">0.00</span> </td> 
       <td width="78"> <span class="xforms_input" style="width:78px;font-size:10pt;text-align:right;">376</span> </td> 
       <td width="42"> <span class="xforms_input" style="width:42px;font-size:10pt;text-align:right;">0.00</span> </td> 
      </tr> 
      <tr> 
       <td width="53"> <span class="xforms_input" style="width:53px;font-size:10pt;">㈜본엔젤스벤처파트너스</span> </td> 
       <td width="53"> <span class="xforms_input" style="width:53px;font-size:9pt;">사업자등록번호</span> </td> 
       <td width="49"> <span class="xforms_input" style="width:49px;font-size:10pt;">220-87-96663</span> </td> 
       <td width="35"> <span class="xforms_input" style="width:35px;font-size:10pt;">해당없음</span> </td> 
       <td width="54"> <span class="xforms_input" style="width:54px;font-size:10pt;">국내(법인)</span> </td> 
       <td width="36"> <span class="xforms_input" style="width:36px;font-size:10pt;">대한민국</span> </td> 
       <td width="62"> <span class="xforms_input" style="width:62px;font-size:10pt;">계열사</span> </td> 
       <td width="41"> <span class="xforms_input" style="width:41px;font-size:10pt;">-</span> </td> 
       <td width="41"> <span class="xforms_input" style="width:41px;font-size:10pt;">-</span> </td> 
       <td width="78"> <span class="xforms_input" style="width:78px;font-size:10pt;text-align:right;">942,375</span> </td> 
       <td width="44"> <span class="xforms_input" style="width:44px;font-size:10pt;text-align:right;">1.99</span> </td> 
       <td width="77"> <span class="xforms_input" style="width:77px;font-size:10pt;text-align:right;">0</span> </td> 
       <td width="42"> <span class="xforms_input" style="width:42px;font-size:10pt;text-align:right;">0.00</span> </td> 
       <td width="72"> <span class="xforms_input" style="width:72px;font-size:10pt;text-align:right;">0</span> </td> 
       <td width="44"> <span class="xforms_input" style="width:44px;font-size:10pt;text-align:right;">0.00</span> </td> 
       <td width="78"> <span class="xforms_input" style="width:78px;font-size:10pt;text-align:right;">942,375</span> </td> 
       <td width="42"> <span class="xforms_input" style="width:42px;font-size:10pt;text-align:right;">1.99</span> </td> 
      </tr> 
      <tr> 
       <td width="53"> <span class="xforms_input" style="width:53px;font-size:10pt;">송인애</span> </td> 
       <td width="53"> <span class="xforms_input" style="width:53px;font-size:9pt;">생년월일</span> </td> 
       <td width="49"> <span class="xforms_input" style="width:49px;font-size:10pt;">740815</span> </td> 
       <td width="35"> <span class="xforms_input" style="width:35px;font-size:10pt;">여</span> </td> 
       <td width="54"> <span class="xforms_input" style="width:54px;font-size:10pt;">국내(개인)</span> </td> 
       <td width="36"> <span class="xforms_input" style="width:36px;font-size:10pt;">대한민국</span> </td> 
       <td width="62"> <span class="xforms_input" style="width:62px;font-size:10pt;">계열사임원</span> </td> 
       <td width="41"> <span class="xforms_input" style="width:41px;font-size:10pt;">-</span> </td> 
       <td width="41"> <span class="xforms_input" style="width:41px;font-size:10pt;">-</span> </td> 
       <td width="78"> <span class="xforms_input" style="width:78px;font-size:10pt;text-align:right;">132,585</span> </td> 
       <td width="44"> <span class="xforms_input" style="width:44px;font-size:10pt;text-align:right;">0.28</span> </td> 
       <td width="77"> <span class="xforms_input" style="width:77px;font-size:10pt;text-align:right;">0</span> </td> 
       <td width="42"> <span class="xforms_input" style="width:42px;font-size:10pt;text-align:right;">0.00</span> </td> 
       <td width="72"> <span class="xforms_input" style="width:72px;font-size:10pt;text-align:right;">0</span> </td> 
       <td width="44"> <span class="xforms_input" style="width:44px;font-size:10pt;text-align:right;">0.00</span> </td> 
       <td width="78"> <span class="xforms_input" style="width:78px;font-size:10pt;text-align:right;">132,585</span> </td> 
       <td width="42"> <span class="xforms_input" style="width:42px;font-size:10pt;text-align:right;">0.28</span> </td> 
      </tr> 
      <tr> 
       <td width="53"> <span class="xforms_input" style="width:53px;font-size:10pt;">강석흔</span> </td> 
       <td width="53"> <span class="xforms_input" style="width:53px;font-size:9pt;">생년월일</span> </td> 
       <td width="49"> <span class="xforms_input" style="width:49px;font-size:10pt;">740523</span> </td> 
       <td width="35"> <span class="xforms_input" style="width:35px;font-size:10pt;">남</span> </td> 
       <td width="54"> <span class="xforms_input" style="width:54px;font-size:10pt;">국내(개인)</span> </td> 
       <td width="36"> <span class="xforms_input" style="width:36px;font-size:10pt;">대한민국</span> </td> 
       <td width="62"> <span class="xforms_input" style="width:62px;font-size:10pt;">계열사임원</span> </td> 
       <td width="41"> <span class="xforms_input" style="width:41px;font-size:10pt;">-</span> </td> 
       <td width="41"> <span class="xforms_input" style="width:41px;font-size:10pt;">-</span> </td> 
       <td width="78"> <span class="xforms_input" style="width:78px;font-size:10pt;text-align:right;">7,500</span> </td> 
       <td width="44"> <span class="xforms_input" style="width:44px;font-size:10pt;text-align:right;">0.02</span> </td> 
       <td width="77"> <span class="xforms_input" style="width:77px;font-size:10pt;text-align:right;">0</span> </td> 
       <td width="42"> <span class="xforms_input" style="width:42px;font-size:10pt;text-align:right;">0.00</span> </td> 
       <td width="72"> <span class="xforms_input" style="width:72px;font-size:10pt;text-align:right;">0</span> </td> 
       <td width="44"> <span class="xforms_input" style="width:44px;font-size:10pt;text-align:right;">0.00</span> </td> 
       <td width="78"> <span class="xforms_input" style="width:78px;font-size:10pt;text-align:right;">7,500</span> </td> 
       <td width="42"> <span class="xforms_input" style="width:42px;font-size:10pt;text-align:right;">0.02</span> </td> 
      </tr> 
      <tr> 
       <td width="53"> <span class="xforms_input" style="width:53px;font-size:10pt;">㈜넵튠</span> </td> 
       <td width="53"> <span class="xforms_input" style="width:53px;font-size:9pt;">사업자등록번호</span> </td> 
       <td width="49"> <span class="xforms_input" style="width:49px;font-size:10pt;">806-88-00032</span> </td> 
       <td width="35"> <span class="xforms_input" style="width:35px;font-size:10pt;">해당없음</span> </td> 
       <td width="54"> <span class="xforms_input" style="width:54px;font-size:10pt;">국내(법인)</span> </td> 
       <td width="36"> <span class="xforms_input" style="width:36px;font-size:10pt;">대한민국</span> </td> 
       <td width="62"> <span class="xforms_input" style="width:62px;font-size:10pt;">계열사</span> </td> 
       <td width="41"> <span class="xforms_input" style="width:41px;font-size:10pt;">-</span> </td> 
       <td width="41"> <span class="xforms_input" style="width:41px;font-size:10pt;">-</span> </td> 
       <td width="78"> <span class="xforms_input" style="width:78px;font-size:10pt;text-align:right;">433,330</span> </td> 
       <td width="44"> <span class="xforms_input" style="width:44px;font-size:10pt;text-align:right;">0.91</span> </td> 
       <td width="77"> <span class="xforms_input" style="width:77px;font-size:10pt;text-align:right;">0</span> </td> 
       <td width="42"> <span class="xforms_input" style="width:42px;font-size:10pt;text-align:right;">0.00</span> </td> 
       <td width="72"> <span class="xforms_input" style="width:72px;font-size:10pt;text-align:right;">0</span> </td> 
       <td width="44"> <span class="xforms_input" style="width:44px;font-size:10pt;text-align:right;">0.00</span> </td> 
       <td width="78"> <span class="xforms_input" style="width:78px;font-size:10pt;text-align:right;">433,330</span> </td> 
       <td width="42"> <span class="xforms_input" style="width:42px;font-size:10pt;text-align:right;">0.91</span> </td> 
      </tr> 
      <tr> 
       <td colspan="9" width="424"> <span style="width:424px;font-size:10pt;text-align:center;">합계</span> </td> 
       <td width="78"> <span class="xforms_input" style="width:78px;font-size:10pt;text-align:right;">10,374,346</span> </td> 
       <td width="44"> <span class="xforms_input" style="width:44px;font-size:10pt;text-align:right;">21.89</span> </td> 
       <td width="77"> <span class="xforms_input" style="width:77px;font-size:10pt;text-align:right;">0</span> </td> 
       <td width="42"> <span class="xforms_input" style="width:42px;font-size:10pt;text-align:right;">0.00</span> </td> 
       <td width="72"> <span class="xforms_input" style="width:72px;font-size:10pt;text-align:right;">0</span> </td> 
       <td width="44"> <span class="xforms_input" style="width:44px;font-size:10pt;text-align:right;">0.00</span> </td> 
       <td width="78"> <span class="xforms_input" style="width:78px;font-size:10pt;text-align:right;">10,374,346</span> </td> 
       <td width="42"> <span class="xforms_input" style="width:42px;font-size:10pt;text-align:right;">21.89</span> </td> 
      </tr> 
     </tbody> 
    </table> 
    <span class="noprint" style="display:none;width:907px;font-size:10pt;"> </span> 
    <span class="noprint" style="display:none;width:907px;font-size:10pt;"> </span> 
   </div> 
  </div>  
 </body>
</html>