<html>
 <head> 
  <meta content="gdi" http-equiv="X-UA-TextLayoutMetrics"> 
  <meta content="text/html; charset=euc-kr" http-equiv="Content-Type"> 
  <STYLE>
.xforms * { font-family: 돋움체;}
.xforms_title * { font-size: 13pt; padding : 0 0 10 0;}

.xforms table {
    font-size: 10px;
    padding:0px;
    border-collapse:collapse;
    color: #3D3D3D;
}
.xforms td {
    padding-left:0px;
    padding-top:0px;
    border-collapse:collapse;
    line-height:22px;
    color: #3D3D3D;
    /*text-align:right;*/
    vertical-align:middle;
    border: 1px solid #7f7f7f;
}

.xforms span {
    /*display: inline-block;*/
    padding-left:3px;
    padding-right: 1px;
    line-height:22px;
    padding-top:0px;
    padding-bottom:0px;
    text-align:left;
    vertical-align:middle;
    border: 0px solid #DBDBDB;
}

.xforms.img{
    border : 0px;
}

.xforms a:link {

    color: #194866;
    text-decoration: none;
}
.xforms a:active {

    color: #194866;
    text-decoration: none;
}
.xforms a:visited {
    color: #194866;
    text-decoration: none;
}

.xforms A:hover {
    color:008BE3;
    text-decoration: none;
}

.xforms_input{
    border: 0px solid #DBDBDB;
    padding-left:3px;
    padding-right: 1px;
    height:22px;
    padding-top:0px;
    padding-bottom:0px;
    text-align:left;
}
</STYLE> 
  <title>한미사이언스/최대주주등소유주식변동신고서/(2026.01.06)최대주주등소유주식변동신고서</title> 
 </head> 
 <body> 
  <div class="xforms"> 
   <div> 
    <span class="noprint" style="display:none;width:907px;font-size:10pt;"> </span> 
    <div class="xforms_title"> 
     <div> 
      <span style="width:900px;font-weight:bold;text-align:center;">최대주주등소유주식변동신고서</span> 
     </div> 
    </div> 
    <span style="width:907px;font-size:11pt;font-weight:bold;">1. 발행회사 정보</span> 
    <table border="1" bordercolordark="white" bordercolorlight="#666666" cellpadding="1" cellspacing="0" id="XFormD1_Form0_Table0" style="margin:0px 0px 20px 0px;width:900px;font-size:10pt;border:1px solid #7f7f7f;"> 
     <tbody> 
      <tr> 
       <td rowspan="2" width="57"> <span style="width:57px;font-size:10pt;text-align:center;">회사명</span> </td> 
       <td rowspan="2" width="139"> <span class="xforms_input" style="width:139px;font-size:10pt;">한미사이언스 주식회사</span> </td> 
       <td rowspan="2" width="64"> <span style="width:64px;font-size:10pt;text-align:center;">회사코드</span> </td> 
       <td rowspan="2" width="90"> <span class="xforms_input" style="width:90px;font-size:10pt;">008930</span> </td> 
       <td rowspan="2" width="79"> <span style="width:79px;font-size:10pt;text-align:center;">담당부서명</span> </td> 
       <td rowspan="2" width="121"> <span class="xforms_input" style="width:121px;font-size:10pt;">자금그룹</span> </td> 
       <td rowspan="2" width="65"> <span style="width:65px;font-size:10pt;text-align:center;">담당자명</span> </td> 
       <td rowspan="2" width="105"> <span class="xforms_input" style="width:105px;font-size:10pt;">이재형</span> </td> 
       <td width="49"> <span style="width:49px;font-size:10pt;text-align:center;">tel</span> </td> 
       <td width="131"> <span class="xforms_input" style="width:131px;font-size:10pt;">02-410-9024</span> </td> 
      </tr> 
      <tr> 
       <td width="49"> <span style="width:49px;font-size:10pt;text-align:center;">(fax)</span> </td> 
       <td width="131"> <span class="xforms_input" style="width:131px;font-size:10pt;">02-410-9029</span> </td> 
      </tr> 
     </tbody> 
    </table> 
    <span style="width:907px;font-size:11pt;font-weight:bold;">2. 발행주식수 정보</span> 
    <table border="1" bordercolordark="white" bordercolorlight="#666666" cellpadding="1" cellspacing="0" id="XFormD1_Form0_Table1" style="margin:0px 0px 20px 0px;width:900px;font-size:10pt;border:1px solid #7f7f7f;"> 
     <tbody> 
      <tr> 
       <td width="300"> <span style="width:300px;font-size:10pt;text-align:center;">보통주식총수(1)</span> </td> 
       <td width="300"> <span style="width:300px;font-size:10pt;text-align:center;">종류주식총수(2)</span> </td> 
       <td width="300"> <span style="width:300px;font-size:10pt;text-align:center;">발행주식총수(1+2)</span> </td> 
      </tr> 
      <tr> 
       <td width="300"> <span class="xforms_input" style="width:300px;font-size:10pt;text-align:right;">68,391,550</span> </td> 
       <td width="300"> <span class="xforms_input" style="width:300px;font-size:10pt;text-align:right;">0</span> </td> 
       <td width="300"> <span class="xforms_input" style="width:300px;font-size:10pt;text-align:right;">68,391,550</span> </td> 
      </tr> 
     </tbody> 
    </table> 
    <span style="width:907px;font-size:11pt;font-weight:bold;">3. 보고의 개요</span> 
    <table border="1" bordercolordark="white" bordercolorlight="#666666" cellpadding="1" cellspacing="0" id="XFormD1_Form0_Table2" style="margin:0px 0px 20px 0px;width:900px;font-size:10pt;border:1px solid #7f7f7f;"> 
     <tbody> 
      <tr> 
       <td colspan="2" rowspan="2" width="360"> <span style="width:360px;font-size:10pt;text-align:center;">보고일자</span> </td> 
       <td colspan="3" width="540"> <span style="width:540px;font-size:10pt;text-align:center;">소유주식</span> </td> 
      </tr> 
      <tr> 
       <td width="180"> <span style="width:180px;font-size:10pt;text-align:center;">구분</span> </td> 
       <td width="180"> <span style="width:180px;font-size:10pt;text-align:center;">주식수</span> </td> 
       <td width="180"> <span style="width:180px;font-size:10pt;text-align:center;">비율</span> </td> 
      </tr> 
      <tr> 
       <td rowspan="4" width="180"> <span style="width:180px;font-size:10pt;text-align:center;">직전보고서제출일</span> </td> 
       <td rowspan="4" width="180"> <span class="xforms_input" style="width:180px;font-size:10pt;text-align:center;">2025-12-19</span> </td> 
       <td width="180"> <span style="width:180px;font-size:10pt;text-align:center;">보통주식</span> </td> 
       <td width="180"> <span class="xforms_input" style="width:180px;font-size:10pt;text-align:right;">38,192,426</span> </td> 
       <td width="180"> <span class="xforms_input" style="width:180px;font-size:10pt;text-align:right;">55.84</span> </td> 
      </tr> 
      <tr> 
       <td width="180"> <span style="width:180px;font-size:10pt;text-align:center;">종류주식</span> </td> 
       <td width="180"> <span class="xforms_input" style="width:180px;font-size:10pt;text-align:right;">0</span> </td> 
       <td width="180"> <span class="xforms_input" style="width:180px;font-size:10pt;text-align:right;">0.00</span> </td> 
      </tr> 
      <tr> 
       <td width="180"> <span style="width:180px;font-size:10pt;text-align:center;">증권예탁증권</span> </td> 
       <td width="180"> <span class="xforms_input" style="width:180px;font-size:10pt;text-align:right;">0</span> </td> 
       <td width="180"> <span class="xforms_input" style="width:180px;font-size:10pt;text-align:right;">0.00</span> </td> 
      </tr> 
      <tr> 
       <td width="180"> <span style="width:180px;font-size:10pt;text-align:center;">합계</span> </td> 
       <td width="180"> <span class="xforms_input" style="width:180px;font-size:10pt;text-align:right;">38,192,426</span> </td> 
       <td width="180"> <span class="xforms_input" style="width:180px;font-size:10pt;text-align:right;">55.84</span> </td> 
      </tr> 
      <tr> 
       <td rowspan="4" width="180"> <span style="width:180px;font-size:10pt;text-align:center;">이번보고서제출일</span> </td> 
       <td rowspan="4" width="180"> <span class="xforms_input" style="width:180px;font-size:10pt;text-align:center;">2026-01-06</span> </td> 
       <td width="180"> <span style="width:180px;font-size:10pt;text-align:center;">보통주식</span> </td> 
       <td width="180"> <span class="xforms_input" style="width:180px;font-size:10pt;text-align:right;">38,192,426</span> </td> 
       <td width="180"> <span class="xforms_input" style="width:180px;font-size:10pt;text-align:right;">55.84</span> </td> 
      </tr> 
      <tr> 
       <td width="180"> <span style="width:180px;font-size:10pt;text-align:center;">종류주식</span> </td> 
       <td width="180"> <span class="xforms_input" style="width:180px;font-size:10pt;text-align:right;">0</span> </td> 
       <td width="180"> <span class="xforms_input" style="width:180px;font-size:10pt;text-align:right;">0.00</span> </td> 
      </tr> 
      <tr> 
       <td width="180"> <span style="width:180px;font-size:10pt;text-align:center;">증권예탁증권</span> </td> 
       <td width="180"> <span class="xforms_input" style="width:180px;font-size:10pt;text-align:right;">0</span> </td> 
       <td width="180"> <span class="xforms_input" style="width:180px;font-size:10pt;text-align:right;">0.00</span> </td> 
      </tr> 
      <tr> 
       <td width="180"> <span style="width:180px;font-size:10pt;text-align:center;">합계</span> </td> 
       <td width="180"> <span class="xforms_input" style="width:180px;font-size:10pt;text-align:right;">38,192,426</span> </td> 
       <td width="180"> <span class="xforms_input" style="width:180px;font-size:10pt;text-align:right;">55.84</span> </td> 
      </tr> 
      <tr> 
       <td colspan="2" rowspan="4" width="360"> <span style="width:360px;font-size:10pt;text-align:center;">증감</span> </td> 
       <td width="180"> <span style="width:180px;font-size:10pt;text-align:center;">보통주식</span> </td> 
       <td width="180"> <span class="xforms_input" style="width:180px;font-size:10pt;text-align:right;">0</span> </td> 
       <td width="180"> <span class="xforms_input" style="width:180px;font-size:10pt;text-align:right;">0.00</span> </td> 
      </tr> 
      <tr> 
       <td width="180"> <span style="width:180px;font-size:10pt;text-align:center;">종류주식</span> </td> 
       <td width="180"> <span class="xforms_input" style="width:180px;font-size:10pt;text-align:right;">0</span> </td> 
       <td width="180"> <span class="xforms_input" style="width:180px;font-size:10pt;text-align:right;">0.00</span> </td> 
      </tr> 
      <tr> 
       <td width="180"> <span style="width:180px;font-size:10pt;text-align:center;">증권예탁증권</span> </td> 
       <td width="180"> <span class="xforms_input" style="width:180px;font-size:10pt;text-align:right;">0</span> </td> 
       <td width="180"> <span class="xforms_input" style="width:180px;font-size:10pt;text-align:right;">0.00</span> </td> 
      </tr> 
      <tr> 
       <td width="180"> <span style="width:180px;font-size:10pt;text-align:center;">합계</span> </td> 
       <td width="180"> <span class="xforms_input" style="width:180px;font-size:10pt;text-align:right;">0</span> </td> 
       <td width="180"> <span class="xforms_input" style="width:180px;font-size:10pt;text-align:right;">0.00</span> </td> 
      </tr> 
     </tbody> 
    </table> 
    <span class="noprint" style="display:none;width:907px;font-size:10pt;"> </span> 
    <span class="noprint" style="display:none;width:907px;font-size:10pt;font-weight:bold;"> </span> 
    <span style="width:907px;font-size:11pt;font-weight:bold;">4. 개인별 세부변동사항</span> 
    <table border="1" bordercolordark="white" bordercolorlight="#666666" cellpadding="1" cellspacing="0" id="XFormD1_Form0_RepeatTable0" style="margin:0px 0px 20px 0px;width:903px;font-size:10pt;border:1px solid #7f7f7f;"> 
     <tbody> 
      <tr> 
       <td colspan="2" width="222"> <span style="width:222px;font-size:10pt;text-align:center;">성명</span> </td> 
       <td width="165"> <span class="xforms_input" style="width:165px;font-size:10pt;">임종윤</span> </td> 
       <td width="129"> <span class="xforms_input" style="width:129px;font-size:10pt;">생년월일</span> </td> 
       <td width="147"> <span class="xforms_input" style="width:147px;font-size:10pt;">721027</span> </td> 
       <td width="134"> <span style="width:134px;font-size:10pt;text-align:center;">성별</span> </td> 
       <td width="106"> <span class="xforms_input" style="width:106px;font-size:10pt;">남</span> </td> 
      </tr> 
      <tr> 
       <td colspan="2" width="222"> <span style="width:222px;font-size:10pt;text-align:center;">국내외 구분</span> </td> 
       <td width="165"> <span class="xforms_input" style="width:165px;font-size:10pt;">국내(개인)</span> </td> 
       <td colspan="2" width="276"> <span style="width:276px;font-size:10pt;text-align:center;">국적</span> </td> 
       <td colspan="2" width="240"> <span class="xforms_input" style="width:240px;font-size:10pt;">대한민국</span> </td> 
      </tr> 
      <tr> 
       <td colspan="2" width="222"> <span style="width:222px;font-size:10pt;text-align:center;">최대주주 및 발행회사와의 관계</span> </td> 
       <td width="165"> <span class="xforms_input" style="width:165px;font-size:10pt;">친인척</span> </td> 
       <td width="129"> <span style="width:129px;font-size:10pt;text-align:center;">겸직내용1</span> </td> 
       <td width="147"> <span class="xforms_input" style="width:147px;font-size:10pt;">계열사임원</span> </td> 
       <td width="134"> <span style="width:134px;font-size:10pt;text-align:center;">겸직내용2</span> </td> 
       <td width="106"> <span class="xforms_input" style="width:106px;font-size:10pt;">-</span> </td> 
      </tr> 
      <tr> 
       <td width="94"> <span style="width:94px;font-size:10pt;text-align:center;">변경일</span> </td> 
       <td width="128"> <span style="width:128px;font-size:10pt;text-align:center;">변경원인</span> </td> 
       <td width="165"> <span style="width:165px;font-size:10pt;text-align:center;">주식의 종류</span> </td> 
       <td width="129"> <span style="width:129px;font-size:10pt;text-align:center;">변경전주식수</span> </td> 
       <td width="147"> <span style="width:147px;font-size:10pt;text-align:center;">증감주식수</span> </td> 
       <td width="134"> <span style="width:134px;font-size:10pt;text-align:center;">변경후주식수</span> </td> 
       <td width="106"> <span style="width:106px;font-size:10pt;text-align:center;">비고</span> </td> 
      </tr> 
      <tr> 
       <td width="94"> <span class="xforms_input" style="width:94px;font-size:10pt;">2025-12-17</span> </td> 
       <td width="128"> <span class="xforms_input" style="width:128px;font-size:10pt;">기타(-)</span> </td> 
       <td width="165"> <span class="xforms_input" style="width:165px;font-size:10pt;">보통주식</span> </td> 
       <td width="129"> <span class="xforms_input" style="width:129px;font-size:10pt;text-align:right;">2,190,371</span> </td> 
       <td width="147"> <span class="xforms_input" style="width:147px;font-size:10pt;text-align:right;">-265,542</span> </td> 
       <td width="134"> <span class="xforms_input" style="width:134px;font-size:10pt;text-align:right;">1,924,829</span> </td> 
       <td width="106"> <span class="xforms_input" style="width:106px;font-size:10pt;">차입주식 반환</span> </td> 
      </tr> 
      <tr> 
       <td width="94"> <span class="xforms_input" style="width:94px;font-size:10pt;">2025-12-17</span> </td> 
       <td width="128"> <span class="xforms_input" style="width:128px;font-size:10pt;">기타(-)</span> </td> 
       <td width="165"> <span class="xforms_input" style="width:165px;font-size:10pt;">보통주식</span> </td> 
       <td width="129"> <span class="xforms_input" style="width:129px;font-size:10pt;text-align:right;">1,924,829</span> </td> 
       <td width="147"> <span class="xforms_input" style="width:147px;font-size:10pt;text-align:right;">-280,823</span> </td> 
       <td width="134"> <span class="xforms_input" style="width:134px;font-size:10pt;text-align:right;">1,644,006</span> </td> 
       <td width="106"> <span class="xforms_input" style="width:106px;font-size:10pt;">차입주식 반환</span> </td> 
      </tr> 
      <tr> 
       <td width="94"> <span class="xforms_input" style="width:94px;font-size:10pt;">2025-12-17</span> </td> 
       <td width="128"> <span class="xforms_input" style="width:128px;font-size:10pt;">기타(-)</span> </td> 
       <td width="165"> <span class="xforms_input" style="width:165px;font-size:10pt;">보통주식</span> </td> 
       <td width="129"> <span class="xforms_input" style="width:129px;font-size:10pt;text-align:right;">1,644,006</span> </td> 
       <td width="147"> <span class="xforms_input" style="width:147px;font-size:10pt;text-align:right;">-313,263</span> </td> 
       <td width="134"> <span class="xforms_input" style="width:134px;font-size:10pt;text-align:right;">1,330,743</span> </td> 
       <td width="106"> <span class="xforms_input" style="width:106px;font-size:10pt;">차입주식 반환</span> </td> 
      </tr> 
      <tr> 
       <td width="94"> <span class="xforms_input" style="width:94px;font-size:10pt;">2025-12-17</span> </td> 
       <td width="128"> <span class="xforms_input" style="width:128px;font-size:10pt;">기타(-)</span> </td> 
       <td width="165"> <span class="xforms_input" style="width:165px;font-size:10pt;">보통주식</span> </td> 
       <td width="129"> <span class="xforms_input" style="width:129px;font-size:10pt;text-align:right;">1,330,743</span> </td> 
       <td width="147"> <span class="xforms_input" style="width:147px;font-size:10pt;text-align:right;">-313,263</span> </td> 
       <td width="134"> <span class="xforms_input" style="width:134px;font-size:10pt;text-align:right;">1,017,480</span> </td> 
       <td width="106"> <span class="xforms_input" style="width:106px;font-size:10pt;">차입주식 반환</span> </td> 
      </tr> 
     </tbody> 
    </table> 
    <div id="LIB_L9021" style="width:907px;font-size:10pt;;padding:0 0 20 0"> 
     <div> 
      <div> 
       <table border="1" bordercolordark="white" bordercolorlight="#666666" cellpadding="1" cellspacing="0" id="XFormG1_Form0_RepeatTable0" style="margin:0px 0px 20px 0px;width:889px;font-size:10pt;border:1px solid #7f7f7f;"> 
        <tbody> 
         <tr> 
          <td colspan="2" width="217"> <span style="width:217px;font-size:10pt;text-align:center;">성명</span> </td> 
          <td width="164"> <span class="xforms_input" style="width:164px;font-size:10pt;">홍지윤</span> </td> 
          <td width="145"> <span class="xforms_input" style="width:145px;font-size:10pt;">생년월일</span> </td> 
          <td width="147"> <span class="xforms_input" style="width:147px;font-size:10pt;">750131</span> </td> 
          <td width="126"> <span style="width:126px;font-size:10pt;text-align:center;">성별</span> </td> 
          <td width="90"> <span class="xforms_input" style="width:90px;font-size:10pt;">여</span> </td> 
         </tr> 
         <tr> 
          <td colspan="2" width="217"> <span style="width:217px;font-size:10pt;text-align:center;">국내외 구분</span> </td> 
          <td width="164"> <span class="xforms_input" style="width:164px;font-size:10pt;">국내(개인)</span> </td> 
          <td colspan="2" width="292"> <span style="width:292px;font-size:10pt;text-align:center;">국적</span> </td> 
          <td colspan="2" width="216"> <span class="xforms_input" style="width:216px;font-size:10pt;">대한민국</span> </td> 
         </tr> 
         <tr> 
          <td colspan="2" width="217"> <span style="width:217px;font-size:10pt;text-align:center;">최대주주 및 발행회사와의 관계</span> </td> 
          <td width="164"> <span class="xforms_input" style="width:164px;font-size:10pt;">친인척</span> </td> 
          <td width="145"> <span style="width:145px;font-size:10pt;text-align:center;">겸직내용1</span> </td> 
          <td width="147"> <span class="xforms_input" style="width:147px;font-size:10pt;">-</span> </td> 
          <td width="126"> <span style="width:126px;font-size:10pt;text-align:center;">겸직내용2</span> </td> 
          <td width="90"> <span class="xforms_input" style="width:90px;font-size:10pt;">-</span> </td> 
         </tr> 
         <tr> 
          <td width="94"> <span style="width:94px;font-size:10pt;text-align:center;">변경일</span> </td> 
          <td width="123"> <span style="width:123px;font-size:10pt;text-align:center;">변경원인</span> </td> 
          <td width="164"> <span style="width:164px;font-size:10pt;text-align:center;">주식의 종류</span> </td> 
          <td width="145"> <span style="width:145px;font-size:10pt;text-align:center;">변경전주식수</span> </td> 
          <td width="147"> <span style="width:147px;font-size:10pt;text-align:center;">증감주식수</span> </td> 
          <td width="126"> <span style="width:126px;font-size:10pt;text-align:center;">변경후주식수</span> </td> 
          <td width="90"> <span style="width:90px;font-size:10pt;text-align:center;">비고</span> </td> 
         </tr> 
         <tr> 
          <td width="94"> <span class="xforms_input" style="width:94px;font-size:10pt;">2025-12-17</span> </td> 
          <td width="123"> <span class="xforms_input" style="width:123px;font-size:10pt;">기타(+)</span> </td> 
          <td width="164"> <span class="xforms_input" style="width:164px;font-size:10pt;">보통주식</span> </td> 
          <td width="145"> <span class="xforms_input" style="width:145px;font-size:10pt;text-align:right;">0</span> </td> 
          <td width="147"> <span class="xforms_input" style="width:147px;font-size:10pt;text-align:right;">265,542</span> </td> 
          <td width="126"> <span class="xforms_input" style="width:126px;font-size:10pt;text-align:right;">265,542</span> </td> 
          <td width="90"> <span class="xforms_input" style="width:90px;font-size:10pt;">대여주식 수령</span> </td> 
         </tr> 
        </tbody> 
       </table> 
       <table border="1" bordercolordark="white" bordercolorlight="#666666" cellpadding="1" cellspacing="0" id="XFormG1_Form0_RepeatTable0" style="margin:0px 0px 20px 0px;width:889px;font-size:10pt;border:1px solid #7f7f7f;"> 
        <tbody> 
         <tr> 
          <td colspan="2" width="217"> <span style="width:217px;font-size:10pt;text-align:center;">성명</span> </td> 
          <td width="164"> <span class="xforms_input" style="width:164px;font-size:10pt;">임성연</span> </td> 
          <td width="145"> <span class="xforms_input" style="width:145px;font-size:10pt;">생년월일</span> </td> 
          <td width="147"> <span class="xforms_input" style="width:147px;font-size:10pt;">031121</span> </td> 
          <td width="126"> <span style="width:126px;font-size:10pt;text-align:center;">성별</span> </td> 
          <td width="90"> <span class="xforms_input" style="width:90px;font-size:10pt;">남</span> </td> 
         </tr> 
         <tr> 
          <td colspan="2" width="217"> <span style="width:217px;font-size:10pt;text-align:center;">국내외 구분</span> </td> 
          <td width="164"> <span class="xforms_input" style="width:164px;font-size:10pt;">국내(개인)</span> </td> 
          <td colspan="2" width="292"> <span style="width:292px;font-size:10pt;text-align:center;">국적</span> </td> 
          <td colspan="2" width="216"> <span class="xforms_input" style="width:216px;font-size:10pt;">대한민국</span> </td> 
         </tr> 
         <tr> 
          <td colspan="2" width="217"> <span style="width:217px;font-size:10pt;text-align:center;">최대주주 및 발행회사와의 관계</span> </td> 
          <td width="164"> <span class="xforms_input" style="width:164px;font-size:10pt;">친인척</span> </td> 
          <td width="145"> <span style="width:145px;font-size:10pt;text-align:center;">겸직내용1</span> </td> 
          <td width="147"> <span class="xforms_input" style="width:147px;font-size:10pt;">-</span> </td> 
          <td width="126"> <span style="width:126px;font-size:10pt;text-align:center;">겸직내용2</span> </td> 
          <td width="90"> <span class="xforms_input" style="width:90px;font-size:10pt;">-</span> </td> 
         </tr> 
         <tr> 
          <td width="94"> <span style="width:94px;font-size:10pt;text-align:center;">변경일</span> </td> 
          <td width="123"> <span style="width:123px;font-size:10pt;text-align:center;">변경원인</span> </td> 
          <td width="164"> <span style="width:164px;font-size:10pt;text-align:center;">주식의 종류</span> </td> 
          <td width="145"> <span style="width:145px;font-size:10pt;text-align:center;">변경전주식수</span> </td> 
          <td width="147"> <span style="width:147px;font-size:10pt;text-align:center;">증감주식수</span> </td> 
          <td width="126"> <span style="width:126px;font-size:10pt;text-align:center;">변경후주식수</span> </td> 
          <td width="90"> <span style="width:90px;font-size:10pt;text-align:center;">비고</span> </td> 
         </tr> 
         <tr> 
          <td width="94"> <span class="xforms_input" style="width:94px;font-size:10pt;">2025-12-17</span> </td> 
          <td width="123"> <span class="xforms_input" style="width:123px;font-size:10pt;">기타(+)</span> </td> 
          <td width="164"> <span class="xforms_input" style="width:164px;font-size:10pt;">보통주식</span> </td> 
          <td width="145"> <span class="xforms_input" style="width:145px;font-size:10pt;text-align:right;">415,000</span> </td> 
          <td width="147"> <span class="xforms_input" style="width:147px;font-size:10pt;text-align:right;">280,823</span> </td> 
          <td width="126"> <span class="xforms_input" style="width:126px;font-size:10pt;text-align:right;">695,823</span> </td> 
          <td width="90"> <span class="xforms_input" style="width:90px;font-size:10pt;">대여주식 수령</span> </td> 
         </tr> 
        </tbody> 
       </table> 
       <table border="1" bordercolordark="white" bordercolorlight="#666666" cellpadding="1" cellspacing="0" id="XFormG1_Form0_RepeatTable0" style="margin:0px 0px 20px 0px;width:889px;font-size:10pt;border:1px solid #7f7f7f;"> 
        <tbody> 
         <tr> 
          <td colspan="2" width="217"> <span style="width:217px;font-size:10pt;text-align:center;">성명</span> </td> 
          <td width="164"> <span class="xforms_input" style="width:164px;font-size:10pt;">임성지</span> </td> 
          <td width="145"> <span class="xforms_input" style="width:145px;font-size:10pt;">생년월일</span> </td> 
          <td width="147"> <span class="xforms_input" style="width:147px;font-size:10pt;">060607</span> </td> 
          <td width="126"> <span style="width:126px;font-size:10pt;text-align:center;">성별</span> </td> 
          <td width="90"> <span class="xforms_input" style="width:90px;font-size:10pt;">여</span> </td> 
         </tr> 
         <tr> 
          <td colspan="2" width="217"> <span style="width:217px;font-size:10pt;text-align:center;">국내외 구분</span> </td> 
          <td width="164"> <span class="xforms_input" style="width:164px;font-size:10pt;">국내(개인)</span> </td> 
          <td colspan="2" width="292"> <span style="width:292px;font-size:10pt;text-align:center;">국적</span> </td> 
          <td colspan="2" width="216"> <span class="xforms_input" style="width:216px;font-size:10pt;">대한민국</span> </td> 
         </tr> 
         <tr> 
          <td colspan="2" width="217"> <span style="width:217px;font-size:10pt;text-align:center;">최대주주 및 발행회사와의 관계</span> </td> 
          <td width="164"> <span class="xforms_input" style="width:164px;font-size:10pt;">친인척</span> </td> 
          <td width="145"> <span style="width:145px;font-size:10pt;text-align:center;">겸직내용1</span> </td> 
          <td width="147"> <span class="xforms_input" style="width:147px;font-size:10pt;">-</span> </td> 
          <td width="126"> <span style="width:126px;font-size:10pt;text-align:center;">겸직내용2</span> </td> 
          <td width="90"> <span class="xforms_input" style="width:90px;font-size:10pt;">-</span> </td> 
         </tr> 
         <tr> 
          <td width="94"> <span style="width:94px;font-size:10pt;text-align:center;">변경일</span> </td> 
          <td width="123"> <span style="width:123px;font-size:10pt;text-align:center;">변경원인</span> </td> 
          <td width="164"> <span style="width:164px;font-size:10pt;text-align:center;">주식의 종류</span> </td> 
          <td width="145"> <span style="width:145px;font-size:10pt;text-align:center;">변경전주식수</span> </td> 
          <td width="147"> <span style="width:147px;font-size:10pt;text-align:center;">증감주식수</span> </td> 
          <td width="126"> <span style="width:126px;font-size:10pt;text-align:center;">변경후주식수</span> </td> 
          <td width="90"> <span style="width:90px;font-size:10pt;text-align:center;">비고</span> </td> 
         </tr> 
         <tr> 
          <td width="94"> <span class="xforms_input" style="width:94px;font-size:10pt;">2025-12-17</span> </td> 
          <td width="123"> <span class="xforms_input" style="width:123px;font-size:10pt;">기타(+)</span> </td> 
          <td width="164"> <span class="xforms_input" style="width:164px;font-size:10pt;">보통주식</span> </td> 
          <td width="145"> <span class="xforms_input" style="width:145px;font-size:10pt;text-align:right;">425,000</span> </td> 
          <td width="147"> <span class="xforms_input" style="width:147px;font-size:10pt;text-align:right;">313,263</span> </td> 
          <td width="126"> <span class="xforms_input" style="width:126px;font-size:10pt;text-align:right;">738,263</span> </td> 
          <td width="90"> <span class="xforms_input" style="width:90px;font-size:10pt;">대여주식 수령</span> </td> 
         </tr> 
        </tbody> 
       </table> 
       <table border="1" bordercolordark="white" bordercolorlight="#666666" cellpadding="1" cellspacing="0" id="XFormG1_Form0_RepeatTable0" style="margin:0px 0px 20px 0px;width:889px;font-size:10pt;border:1px solid #7f7f7f;"> 
        <tbody> 
         <tr> 
          <td colspan="2" width="217"> <span style="width:217px;font-size:10pt;text-align:center;">성명</span> </td> 
          <td width="164"> <span class="xforms_input" style="width:164px;font-size:10pt;">임성아</span> </td> 
          <td width="145"> <span class="xforms_input" style="width:145px;font-size:10pt;">생년월일</span> </td> 
          <td width="147"> <span class="xforms_input" style="width:147px;font-size:10pt;">081117</span> </td> 
          <td width="126"> <span style="width:126px;font-size:10pt;text-align:center;">성별</span> </td> 
          <td width="90"> <span class="xforms_input" style="width:90px;font-size:10pt;">여</span> </td> 
         </tr> 
         <tr> 
          <td colspan="2" width="217"> <span style="width:217px;font-size:10pt;text-align:center;">국내외 구분</span> </td> 
          <td width="164"> <span class="xforms_input" style="width:164px;font-size:10pt;">국내(개인)</span> </td> 
          <td colspan="2" width="292"> <span style="width:292px;font-size:10pt;text-align:center;">국적</span> </td> 
          <td colspan="2" width="216"> <span class="xforms_input" style="width:216px;font-size:10pt;">대한민국</span> </td> 
         </tr> 
         <tr> 
          <td colspan="2" width="217"> <span style="width:217px;font-size:10pt;text-align:center;">최대주주 및 발행회사와의 관계</span> </td> 
          <td width="164"> <span class="xforms_input" style="width:164px;font-size:10pt;">친인척</span> </td> 
          <td width="145"> <span style="width:145px;font-size:10pt;text-align:center;">겸직내용1</span> </td> 
          <td width="147"> <span class="xforms_input" style="width:147px;font-size:10pt;">-</span> </td> 
          <td width="126"> <span style="width:126px;font-size:10pt;text-align:center;">겸직내용2</span> </td> 
          <td width="90"> <span class="xforms_input" style="width:90px;font-size:10pt;">-</span> </td> 
         </tr> 
         <tr> 
          <td width="94"> <span style="width:94px;font-size:10pt;text-align:center;">변경일</span> </td> 
          <td width="123"> <span style="width:123px;font-size:10pt;text-align:center;">변경원인</span> </td> 
          <td width="164"> <span style="width:164px;font-size:10pt;text-align:center;">주식의 종류</span> </td> 
          <td width="145"> <span style="width:145px;font-size:10pt;text-align:center;">변경전주식수</span> </td> 
          <td width="147"> <span style="width:147px;font-size:10pt;text-align:center;">증감주식수</span> </td> 
          <td width="126"> <span style="width:126px;font-size:10pt;text-align:center;">변경후주식수</span> </td> 
          <td width="90"> <span style="width:90px;font-size:10pt;text-align:center;">비고</span> </td> 
         </tr> 
         <tr> 
          <td width="94"> <span class="xforms_input" style="width:94px;font-size:10pt;">2025-12-17</span> </td> 
          <td width="123"> <span class="xforms_input" style="width:123px;font-size:10pt;">기타(+)</span> </td> 
          <td width="164"> <span class="xforms_input" style="width:164px;font-size:10pt;">보통주식</span> </td> 
          <td width="145"> <span class="xforms_input" style="width:145px;font-size:10pt;text-align:right;">425,000</span> </td> 
          <td width="147"> <span class="xforms_input" style="width:147px;font-size:10pt;text-align:right;">313,263</span> </td> 
          <td width="126"> <span class="xforms_input" style="width:126px;font-size:10pt;text-align:right;">738,263</span> </td> 
          <td width="90"> <span class="xforms_input" style="width:90px;font-size:10pt;">대여주식 수령</span> </td> 
         </tr> 
        </tbody> 
       </table> 
      </div> 
     </div> 
    </div> 
    <span style="width:907px;font-size:11pt;font-weight:bold;">5. 최대주주등 주식소유현황(총괄현황)</span> 
    <table border="1" bordercolordark="white" bordercolorlight="#666666" cellpadding="1" cellspacing="0" id="XFormD1_Form0_RepeatTable1" style="margin:0px 0px 20px 0px;width:901px;font-size:10pt;border:1px solid #7f7f7f;"> 
     <tbody> 
      <tr> 
       <td rowspan="2" width="53"> <span style="width:53px;font-size:10pt;text-align:center;">성명</span> </td> 
       <td colspan="2" rowspan="2" width="102"> <span style="width:102px;font-size:10pt;text-align:center;">생년월일 또는 사업자등록번호</span> </td> 
       <td rowspan="2" width="35"> <span style="width:35px;font-size:10pt;text-align:center;">성별</span> </td> 
       <td rowspan="2" width="54"> <span style="width:54px;font-size:10pt;text-align:center;">국내외 구분</span> </td> 
       <td rowspan="2" width="36"> <span style="width:36px;font-size:10pt;text-align:center;">국적</span> </td> 
       <td rowspan="2" width="62"> <span style="width:62px;font-size:10pt;text-align:center;">최대주주 및 발행회사와의 관계</span> </td> 
       <td rowspan="2" width="41"> <span style="width:41px;font-size:10pt;text-align:center;">겸직내용1</span> </td> 
       <td rowspan="2" width="41"> <span style="width:41px;font-size:10pt;text-align:center;">겸직내용2</span> </td> 
       <td colspan="2" width="122"> <span style="width:122px;font-size:10pt;text-align:center;">보통주식</span> </td> 
       <td colspan="2" width="119"> <span style="width:119px;font-size:10pt;text-align:center;">종류주식</span> </td> 
       <td colspan="2" width="116"> <span style="width:116px;font-size:10pt;text-align:center;">증권예탁증권</span> </td> 
       <td colspan="2" width="120"> <span style="width:120px;font-size:10pt;text-align:center;">합계</span> </td> 
      </tr> 
      <tr> 
       <td width="78"> <span style="width:78px;font-size:10pt;text-align:center;">주식수</span> </td> 
       <td width="44"> <span style="width:44px;font-size:10pt;text-align:center;">비율</span> </td> 
       <td width="77"> <span style="width:77px;font-size:10pt;text-align:center;">주식수</span> </td> 
       <td width="42"> <span style="width:42px;font-size:10pt;text-align:center;">비율</span> </td> 
       <td width="72"> <span style="width:72px;font-size:10pt;text-align:center;">주식수</span> </td> 
       <td width="44"> <span style="width:44px;font-size:10pt;text-align:center;">비율</span> </td> 
       <td width="78"> <span style="width:78px;font-size:10pt;text-align:center;">주식수</span> </td> 
       <td width="42"> <span style="width:42px;font-size:10pt;text-align:center;">비율</span> </td> 
      </tr> 
      <tr> 
       <td width="53"> <span class="xforms_input" style="width:53px;font-size:10pt;">송영숙</span> </td> 
       <td width="53"> <span class="xforms_input" style="width:53px;font-size:9pt;">생년월일</span> </td> 
       <td width="49"> <span class="xforms_input" style="width:49px;font-size:10pt;">480901</span> </td> 
       <td width="35"> <span class="xforms_input" style="width:35px;font-size:10pt;">여</span> </td> 
       <td width="54"> <span class="xforms_input" style="width:54px;font-size:10pt;">국내(개인)</span> </td> 
       <td width="36"> <span class="xforms_input" style="width:36px;font-size:10pt;">대한민국</span> </td> 
       <td width="62"> <span class="xforms_input" style="width:62px;font-size:10pt;">본인</span> </td> 
       <td width="41"> <span class="xforms_input" style="width:41px;font-size:10pt;">발행회사 임원</span> </td> 
       <td width="41"> <span class="xforms_input" style="width:41px;font-size:10pt;">계열사임원</span> </td> 
       <td width="78"> <span class="xforms_input" style="width:78px;font-size:10pt;text-align:right;">2,312,760</span> </td> 
       <td width="44"> <span class="xforms_input" style="width:44px;font-size:10pt;text-align:right;">3.38</span> </td> 
       <td width="77"> <span class="xforms_input" style="width:77px;font-size:10pt;text-align:right;">0</span> </td> 
       <td width="42"> <span class="xforms_input" style="width:42px;font-size:10pt;text-align:right;">0</span> </td> 
       <td width="72"> <span class="xforms_input" style="width:72px;font-size:10pt;text-align:right;">0</span> </td> 
       <td width="44"> <span class="xforms_input" style="width:44px;font-size:10pt;text-align:right;">0</span> </td> 
       <td width="78"> <span class="xforms_input" style="width:78px;font-size:10pt;text-align:right;">2,312,760</span> </td> 
       <td width="42"> <span class="xforms_input" style="width:42px;font-size:10pt;text-align:right;">3.38</span> </td> 
      </tr> 
      <tr> 
       <td width="53"> <span class="xforms_input" style="width:53px;font-size:10pt;">임종윤</span> </td> 
       <td width="53"> <span class="xforms_input" style="width:53px;font-size:9pt;">생년월일</span> </td> 
       <td width="49"> <span class="xforms_input" style="width:49px;font-size:10pt;">721027</span> </td> 
       <td width="35"> <span class="xforms_input" style="width:35px;font-size:10pt;">남</span> </td> 
       <td width="54"> <span class="xforms_input" style="width:54px;font-size:10pt;">국내(개인)</span> </td> 
       <td width="36"> <span class="xforms_input" style="width:36px;font-size:10pt;">대한민국</span> </td> 
       <td width="62"> <span class="xforms_input" style="width:62px;font-size:10pt;">친인척</span> </td> 
       <td width="41"> <span class="xforms_input" style="width:41px;font-size:10pt;">계열사임원</span> </td> 
       <td width="41"> <span class="xforms_input" style="width:41px;font-size:10pt;">-</span> </td> 
       <td width="78"> <span class="xforms_input" style="width:78px;font-size:10pt;text-align:right;">1,017,480</span> </td> 
       <td width="44"> <span class="xforms_input" style="width:44px;font-size:10pt;text-align:right;">1.49</span> </td> 
       <td width="77"> <span class="xforms_input" style="width:77px;font-size:10pt;text-align:right;">0</span> </td> 
       <td width="42"> <span class="xforms_input" style="width:42px;font-size:10pt;text-align:right;">0</span> </td> 
       <td width="72"> <span class="xforms_input" style="width:72px;font-size:10pt;text-align:right;">0</span> </td> 
       <td width="44"> <span class="xforms_input" style="width:44px;font-size:10pt;text-align:right;">0</span> </td> 
       <td width="78"> <span class="xforms_input" style="width:78px;font-size:10pt;text-align:right;">1,017,480</span> </td> 
       <td width="42"> <span class="xforms_input" style="width:42px;font-size:10pt;text-align:right;">1.49</span> </td> 
      </tr> 
      <tr> 
       <td width="53"> <span class="xforms_input" style="width:53px;font-size:10pt;">임주현</span> </td> 
       <td width="53"> <span class="xforms_input" style="width:53px;font-size:9pt;">생년월일</span> </td> 
       <td width="49"> <span class="xforms_input" style="width:49px;font-size:10pt;">740730</span> </td> 
       <td width="35"> <span class="xforms_input" style="width:35px;font-size:10pt;">여</span> </td> 
       <td width="54"> <span class="xforms_input" style="width:54px;font-size:10pt;">국내(개인)</span> </td> 
       <td width="36"> <span class="xforms_input" style="width:36px;font-size:10pt;">대한민국</span> </td> 
       <td width="62"> <span class="xforms_input" style="width:62px;font-size:10pt;">친인척</span> </td> 
       <td width="41"> <span class="xforms_input" style="width:41px;font-size:10pt;">발행회사 임원</span> </td> 
       <td width="41"> <span class="xforms_input" style="width:41px;font-size:10pt;">계열사임원</span> </td> 
       <td width="78"> <span class="xforms_input" style="width:78px;font-size:10pt;text-align:right;">5,175,990</span> </td> 
       <td width="44"> <span class="xforms_input" style="width:44px;font-size:10pt;text-align:right;">7.57</span> </td> 
       <td width="77"> <span class="xforms_input" style="width:77px;font-size:10pt;text-align:right;">0</span> </td> 
       <td width="42"> <span class="xforms_input" style="width:42px;font-size:10pt;text-align:right;">0</span> </td> 
       <td width="72"> <span class="xforms_input" style="width:72px;font-size:10pt;text-align:right;">0</span> </td> 
       <td width="44"> <span class="xforms_input" style="width:44px;font-size:10pt;text-align:right;">0</span> </td> 
       <td width="78"> <span class="xforms_input" style="width:78px;font-size:10pt;text-align:right;">5,175,990</span> </td> 
       <td width="42"> <span class="xforms_input" style="width:42px;font-size:10pt;text-align:right;">7.57</span> </td> 
      </tr> 
      <tr> 
       <td width="53"> <span class="xforms_input" style="width:53px;font-size:10pt;">임종훈</span> </td> 
       <td width="53"> <span class="xforms_input" style="width:53px;font-size:9pt;">생년월일</span> </td> 
       <td width="49"> <span class="xforms_input" style="width:49px;font-size:10pt;">771018</span> </td> 
       <td width="35"> <span class="xforms_input" style="width:35px;font-size:10pt;">남</span> </td> 
       <td width="54"> <span class="xforms_input" style="width:54px;font-size:10pt;">국내(개인)</span> </td> 
       <td width="36"> <span class="xforms_input" style="width:36px;font-size:10pt;">대한민국</span> </td> 
       <td width="62"> <span class="xforms_input" style="width:62px;font-size:10pt;">친인척</span> </td> 
       <td width="41"> <span class="xforms_input" style="width:41px;font-size:10pt;">발행회사 임원</span> </td> 
       <td width="41"> <span class="xforms_input" style="width:41px;font-size:10pt;">계열사임원</span> </td> 
       <td width="78"> <span class="xforms_input" style="width:78px;font-size:10pt;text-align:right;">3,483,808</span> </td> 
       <td width="44"> <span class="xforms_input" style="width:44px;font-size:10pt;text-align:right;">5.09</span> </td> 
       <td width="77"> <span class="xforms_input" style="width:77px;font-size:10pt;text-align:right;">0</span> </td> 
       <td width="42"> <span class="xforms_input" style="width:42px;font-size:10pt;text-align:right;">0</span> </td> 
       <td width="72"> <span class="xforms_input" style="width:72px;font-size:10pt;text-align:right;">0</span> </td> 
       <td width="44"> <span class="xforms_input" style="width:44px;font-size:10pt;text-align:right;">0</span> </td> 
       <td width="78"> <span class="xforms_input" style="width:78px;font-size:10pt;text-align:right;">3,483,808</span> </td> 
       <td width="42"> <span class="xforms_input" style="width:42px;font-size:10pt;text-align:right;">5.09</span> </td> 
      </tr> 
      <tr> 
       <td width="53"> <span class="xforms_input" style="width:53px;font-size:10pt;">홍지윤</span> </td> 
       <td width="53"> <span class="xforms_input" style="width:53px;font-size:9pt;">생년월일</span> </td> 
       <td width="49"> <span class="xforms_input" style="width:49px;font-size:10pt;">750131</span> </td> 
       <td width="35"> <span class="xforms_input" style="width:35px;font-size:10pt;">여</span> </td> 
       <td width="54"> <span class="xforms_input" style="width:54px;font-size:10pt;">국내(개인)</span> </td> 
       <td width="36"> <span class="xforms_input" style="width:36px;font-size:10pt;">대한민국</span> </td> 
       <td width="62"> <span class="xforms_input" style="width:62px;font-size:10pt;">친인척</span> </td> 
       <td width="41"> <span class="xforms_input" style="width:41px;font-size:10pt;">-</span> </td> 
       <td width="41"> <span class="xforms_input" style="width:41px;font-size:10pt;">-</span> </td> 
       <td width="78"> <span class="xforms_input" style="width:78px;font-size:10pt;text-align:right;">265,542</span> </td> 
       <td width="44"> <span class="xforms_input" style="width:44px;font-size:10pt;text-align:right;">0.39</span> </td> 
       <td width="77"> <span class="xforms_input" style="width:77px;font-size:10pt;text-align:right;">0</span> </td> 
       <td width="42"> <span class="xforms_input" style="width:42px;font-size:10pt;text-align:right;">0</span> </td> 
       <td width="72"> <span class="xforms_input" style="width:72px;font-size:10pt;text-align:right;">0</span> </td> 
       <td width="44"> <span class="xforms_input" style="width:44px;font-size:10pt;text-align:right;">0</span> </td> 
       <td width="78"> <span class="xforms_input" style="width:78px;font-size:10pt;text-align:right;">265,542</span> </td> 
       <td width="42"> <span class="xforms_input" style="width:42px;font-size:10pt;text-align:right;">0.39</span> </td> 
      </tr> 
      <tr> 
       <td width="53"> <span class="xforms_input" style="width:53px;font-size:10pt;">김희준</span> </td> 
       <td width="53"> <span class="xforms_input" style="width:53px;font-size:9pt;">생년월일</span> </td> 
       <td width="49"> <span class="xforms_input" style="width:49px;font-size:10pt;">800113</span> </td> 
       <td width="35"> <span class="xforms_input" style="width:35px;font-size:10pt;">여</span> </td> 
       <td width="54"> <span class="xforms_input" style="width:54px;font-size:10pt;">국내(개인)</span> </td> 
       <td width="36"> <span class="xforms_input" style="width:36px;font-size:10pt;">대한민국</span> </td> 
       <td width="62"> <span class="xforms_input" style="width:62px;font-size:10pt;">친인척</span> </td> 
       <td width="41"> <span class="xforms_input" style="width:41px;font-size:10pt;">-</span> </td> 
       <td width="41"> <span class="xforms_input" style="width:41px;font-size:10pt;">-</span> </td> 
       <td width="78"> <span class="xforms_input" style="width:78px;font-size:10pt;text-align:right;">777,063</span> </td> 
       <td width="44"> <span class="xforms_input" style="width:44px;font-size:10pt;text-align:right;">1.14</span> </td> 
       <td width="77"> <span class="xforms_input" style="width:77px;font-size:10pt;text-align:right;">0</span> </td> 
       <td width="42"> <span class="xforms_input" style="width:42px;font-size:10pt;text-align:right;">0</span> </td> 
       <td width="72"> <span class="xforms_input" style="width:72px;font-size:10pt;text-align:right;">0</span> </td> 
       <td width="44"> <span class="xforms_input" style="width:44px;font-size:10pt;text-align:right;">0</span> </td> 
       <td width="78"> <span class="xforms_input" style="width:78px;font-size:10pt;text-align:right;">777,063</span> </td> 
       <td width="42"> <span class="xforms_input" style="width:42px;font-size:10pt;text-align:right;">1.14</span> </td> 
      </tr> 
      <tr> 
       <td width="53"> <span class="xforms_input" style="width:53px;font-size:10pt;">송철호</span> </td> 
       <td width="53"> <span class="xforms_input" style="width:53px;font-size:9pt;">생년월일</span> </td> 
       <td width="49"> <span class="xforms_input" style="width:49px;font-size:10pt;">520708</span> </td> 
       <td width="35"> <span class="xforms_input" style="width:35px;font-size:10pt;">남</span> </td> 
       <td width="54"> <span class="xforms_input" style="width:54px;font-size:10pt;">국내(개인)</span> </td> 
       <td width="36"> <span class="xforms_input" style="width:36px;font-size:10pt;">대한민국</span> </td> 
       <td width="62"> <span class="xforms_input" style="width:62px;font-size:10pt;">친인척</span> </td> 
       <td width="41"> <span class="xforms_input" style="width:41px;font-size:10pt;">-</span> </td> 
       <td width="41"> <span class="xforms_input" style="width:41px;font-size:10pt;">-</span> </td> 
       <td width="78"> <span class="xforms_input" style="width:78px;font-size:10pt;text-align:right;">34,119</span> </td> 
       <td width="44"> <span class="xforms_input" style="width:44px;font-size:10pt;text-align:right;">0.05</span> </td> 
       <td width="77"> <span class="xforms_input" style="width:77px;font-size:10pt;text-align:right;">0</span> </td> 
       <td width="42"> <span class="xforms_input" style="width:42px;font-size:10pt;text-align:right;">0</span> </td> 
       <td width="72"> <span class="xforms_input" style="width:72px;font-size:10pt;text-align:right;">0</span> </td> 
       <td width="44"> <span class="xforms_input" style="width:44px;font-size:10pt;text-align:right;">0</span> </td> 
       <td width="78"> <span class="xforms_input" style="width:78px;font-size:10pt;text-align:right;">34,119</span> </td> 
       <td width="42"> <span class="xforms_input" style="width:42px;font-size:10pt;text-align:right;">0.05</span> </td> 
      </tr> 
      <tr> 
       <td width="53"> <span class="xforms_input" style="width:53px;font-size:10pt;">임종호</span> </td> 
       <td width="53"> <span class="xforms_input" style="width:53px;font-size:9pt;">생년월일</span> </td> 
       <td width="49"> <span class="xforms_input" style="width:49px;font-size:10pt;">610601</span> </td> 
       <td width="35"> <span class="xforms_input" style="width:35px;font-size:10pt;">남</span> </td> 
       <td width="54"> <span class="xforms_input" style="width:54px;font-size:10pt;">국내(개인)</span> </td> 
       <td width="36"> <span class="xforms_input" style="width:36px;font-size:10pt;">대한민국</span> </td> 
       <td width="62"> <span class="xforms_input" style="width:62px;font-size:10pt;">친인척</span> </td> 
       <td width="41"> <span class="xforms_input" style="width:41px;font-size:10pt;">-</span> </td> 
       <td width="41"> <span class="xforms_input" style="width:41px;font-size:10pt;">-</span> </td> 
       <td width="78"> <span class="xforms_input" style="width:78px;font-size:10pt;text-align:right;">341,468</span> </td> 
       <td width="44"> <span class="xforms_input" style="width:44px;font-size:10pt;text-align:right;">0.50</span> </td> 
       <td width="77"> <span class="xforms_input" style="width:77px;font-size:10pt;text-align:right;">0</span> </td> 
       <td width="42"> <span class="xforms_input" style="width:42px;font-size:10pt;text-align:right;">0</span> </td> 
       <td width="72"> <span class="xforms_input" style="width:72px;font-size:10pt;text-align:right;">0</span> </td> 
       <td width="44"> <span class="xforms_input" style="width:44px;font-size:10pt;text-align:right;">0</span> </td> 
       <td width="78"> <span class="xforms_input" style="width:78px;font-size:10pt;text-align:right;">341,468</span> </td> 
       <td width="42"> <span class="xforms_input" style="width:42px;font-size:10pt;text-align:right;">0.50</span> </td> 
      </tr> 
      <tr> 
       <td width="53"> <span class="xforms_input" style="width:53px;font-size:10pt;">임진희</span> </td> 
       <td width="53"> <span class="xforms_input" style="width:53px;font-size:9pt;">생년월일</span> </td> 
       <td width="49"> <span class="xforms_input" style="width:49px;font-size:10pt;">631011</span> </td> 
       <td width="35"> <span class="xforms_input" style="width:35px;font-size:10pt;">여</span> </td> 
       <td width="54"> <span class="xforms_input" style="width:54px;font-size:10pt;">국내(개인)</span> </td> 
       <td width="36"> <span class="xforms_input" style="width:36px;font-size:10pt;">대한민국</span> </td> 
       <td width="62"> <span class="xforms_input" style="width:62px;font-size:10pt;">친인척</span> </td> 
       <td width="41"> <span class="xforms_input" style="width:41px;font-size:10pt;">-</span> </td> 
       <td width="41"> <span class="xforms_input" style="width:41px;font-size:10pt;">-</span> </td> 
       <td width="78"> <span class="xforms_input" style="width:78px;font-size:10pt;text-align:right;">1,527,941</span> </td> 
       <td width="44"> <span class="xforms_input" style="width:44px;font-size:10pt;text-align:right;">2.23</span> </td> 
       <td width="77"> <span class="xforms_input" style="width:77px;font-size:10pt;text-align:right;">0</span> </td> 
       <td width="42"> <span class="xforms_input" style="width:42px;font-size:10pt;text-align:right;">0</span> </td> 
       <td width="72"> <span class="xforms_input" style="width:72px;font-size:10pt;text-align:right;">0</span> </td> 
       <td width="44"> <span class="xforms_input" style="width:44px;font-size:10pt;text-align:right;">0</span> </td> 
       <td width="78"> <span class="xforms_input" style="width:78px;font-size:10pt;text-align:right;">1,527,941</span> </td> 
       <td width="42"> <span class="xforms_input" style="width:42px;font-size:10pt;text-align:right;">2.23</span> </td> 
      </tr> 
      <tr> 
       <td width="53"> <span class="xforms_input" style="width:53px;font-size:10pt;">임종민</span> </td> 
       <td width="53"> <span class="xforms_input" style="width:53px;font-size:9pt;">생년월일</span> </td> 
       <td width="49"> <span class="xforms_input" style="width:49px;font-size:10pt;">650613</span> </td> 
       <td width="35"> <span class="xforms_input" style="width:35px;font-size:10pt;">남</span> </td> 
       <td width="54"> <span class="xforms_input" style="width:54px;font-size:10pt;">국내(개인)</span> </td> 
       <td width="36"> <span class="xforms_input" style="width:36px;font-size:10pt;">대한민국</span> </td> 
       <td width="62"> <span class="xforms_input" style="width:62px;font-size:10pt;">친인척</span> </td> 
       <td width="41"> <span class="xforms_input" style="width:41px;font-size:10pt;">-</span> </td> 
       <td width="41"> <span class="xforms_input" style="width:41px;font-size:10pt;">-</span> </td> 
       <td width="78"> <span class="xforms_input" style="width:78px;font-size:10pt;text-align:right;">122,967</span> </td> 
       <td width="44"> <span class="xforms_input" style="width:44px;font-size:10pt;text-align:right;">0.18</span> </td> 
       <td width="77"> <span class="xforms_input" style="width:77px;font-size:10pt;text-align:right;">0</span> </td> 
       <td width="42"> <span class="xforms_input" style="width:42px;font-size:10pt;text-align:right;">0</span> </td> 
       <td width="72"> <span class="xforms_input" style="width:72px;font-size:10pt;text-align:right;">0</span> </td> 
       <td width="44"> <span class="xforms_input" style="width:44px;font-size:10pt;text-align:right;">0</span> </td> 
       <td width="78"> <span class="xforms_input" style="width:78px;font-size:10pt;text-align:right;">122,967</span> </td> 
       <td width="42"> <span class="xforms_input" style="width:42px;font-size:10pt;text-align:right;">0.18</span> </td> 
      </tr> 
      <tr> 
       <td width="53"> <span class="xforms_input" style="width:53px;font-size:10pt;">임종철</span> </td> 
       <td width="53"> <span class="xforms_input" style="width:53px;font-size:9pt;">생년월일</span> </td> 
       <td width="49"> <span class="xforms_input" style="width:49px;font-size:10pt;">530302</span> </td> 
       <td width="35"> <span class="xforms_input" style="width:35px;font-size:10pt;">남</span> </td> 
       <td width="54"> <span class="xforms_input" style="width:54px;font-size:10pt;">국내(개인)</span> </td> 
       <td width="36"> <span class="xforms_input" style="width:36px;font-size:10pt;">대한민국</span> </td> 
       <td width="62"> <span class="xforms_input" style="width:62px;font-size:10pt;">친인척</span> </td> 
       <td width="41"> <span class="xforms_input" style="width:41px;font-size:10pt;">-</span> </td> 
       <td width="41"> <span class="xforms_input" style="width:41px;font-size:10pt;">-</span> </td> 
       <td width="78"> <span class="xforms_input" style="width:78px;font-size:10pt;text-align:right;">2,734</span> </td> 
       <td width="44"> <span class="xforms_input" style="width:44px;font-size:10pt;text-align:right;">0.00</span> </td> 
       <td width="77"> <span class="xforms_input" style="width:77px;font-size:10pt;text-align:right;">0</span> </td> 
       <td width="42"> <span class="xforms_input" style="width:42px;font-size:10pt;text-align:right;">0</span> </td> 
       <td width="72"> <span class="xforms_input" style="width:72px;font-size:10pt;text-align:right;">0</span> </td> 
       <td width="44"> <span class="xforms_input" style="width:44px;font-size:10pt;text-align:right;">0</span> </td> 
       <td width="78"> <span class="xforms_input" style="width:78px;font-size:10pt;text-align:right;">2,734</span> </td> 
       <td width="42"> <span class="xforms_input" style="width:42px;font-size:10pt;text-align:right;">0.00</span> </td> 
      </tr> 
      <tr> 
       <td width="53"> <span class="xforms_input" style="width:53px;font-size:10pt;">임성연</span> </td> 
       <td width="53"> <span class="xforms_input" style="width:53px;font-size:9pt;">생년월일</span> </td> 
       <td width="49"> <span class="xforms_input" style="width:49px;font-size:10pt;">031121</span> </td> 
       <td width="35"> <span class="xforms_input" style="width:35px;font-size:10pt;">남</span> </td> 
       <td width="54"> <span class="xforms_input" style="width:54px;font-size:10pt;">국내(개인)</span> </td> 
       <td width="36"> <span class="xforms_input" style="width:36px;font-size:10pt;">대한민국</span> </td> 
       <td width="62"> <span class="xforms_input" style="width:62px;font-size:10pt;">친인척</span> </td> 
       <td width="41"> <span class="xforms_input" style="width:41px;font-size:10pt;">-</span> </td> 
       <td width="41"> <span class="xforms_input" style="width:41px;font-size:10pt;">-</span> </td> 
       <td width="78"> <span class="xforms_input" style="width:78px;font-size:10pt;text-align:right;">695,823</span> </td> 
       <td width="44"> <span class="xforms_input" style="width:44px;font-size:10pt;text-align:right;">1.02</span> </td> 
       <td width="77"> <span class="xforms_input" style="width:77px;font-size:10pt;text-align:right;">0</span> </td> 
       <td width="42"> <span class="xforms_input" style="width:42px;font-size:10pt;text-align:right;">0</span> </td> 
       <td width="72"> <span class="xforms_input" style="width:72px;font-size:10pt;text-align:right;">0</span> </td> 
       <td width="44"> <span class="xforms_input" style="width:44px;font-size:10pt;text-align:right;">0</span> </td> 
       <td width="78"> <span class="xforms_input" style="width:78px;font-size:10pt;text-align:right;">695,823</span> </td> 
       <td width="42"> <span class="xforms_input" style="width:42px;font-size:10pt;text-align:right;">1.02</span> </td> 
      </tr> 
      <tr> 
       <td width="53"> <span class="xforms_input" style="width:53px;font-size:10pt;">임성지</span> </td> 
       <td width="53"> <span class="xforms_input" style="width:53px;font-size:9pt;">생년월일</span> </td> 
       <td width="49"> <span class="xforms_input" style="width:49px;font-size:10pt;">060607</span> </td> 
       <td width="35"> <span class="xforms_input" style="width:35px;font-size:10pt;">여</span> </td> 
       <td width="54"> <span class="xforms_input" style="width:54px;font-size:10pt;">국내(개인)</span> </td> 
       <td width="36"> <span class="xforms_input" style="width:36px;font-size:10pt;">대한민국</span> </td> 
       <td width="62"> <span class="xforms_input" style="width:62px;font-size:10pt;">친인척</span> </td> 
       <td width="41"> <span class="xforms_input" style="width:41px;font-size:10pt;">-</span> </td> 
       <td width="41"> <span class="xforms_input" style="width:41px;font-size:10pt;">-</span> </td> 
       <td width="78"> <span class="xforms_input" style="width:78px;font-size:10pt;text-align:right;">738,263</span> </td> 
       <td width="44"> <span class="xforms_input" style="width:44px;font-size:10pt;text-align:right;">1.08</span> </td> 
       <td width="77"> <span class="xforms_input" style="width:77px;font-size:10pt;text-align:right;">0</span> </td> 
       <td width="42"> <span class="xforms_input" style="width:42px;font-size:10pt;text-align:right;">0</span> </td> 
       <td width="72"> <span class="xforms_input" style="width:72px;font-size:10pt;text-align:right;">0</span> </td> 
       <td width="44"> <span class="xforms_input" style="width:44px;font-size:10pt;text-align:right;">0</span> </td> 
       <td width="78"> <span class="xforms_input" style="width:78px;font-size:10pt;text-align:right;">738,263</span> </td> 
       <td width="42"> <span class="xforms_input" style="width:42px;font-size:10pt;text-align:right;">1.08</span> </td> 
      </tr> 
      <tr> 
       <td width="53"> <span class="xforms_input" style="width:53px;font-size:10pt;">임성아</span> </td> 
       <td width="53"> <span class="xforms_input" style="width:53px;font-size:9pt;">생년월일</span> </td> 
       <td width="49"> <span class="xforms_input" style="width:49px;font-size:10pt;">081117</span> </td> 
       <td width="35"> <span class="xforms_input" style="width:35px;font-size:10pt;">여</span> </td> 
       <td width="54"> <span class="xforms_input" style="width:54px;font-size:10pt;">국내(개인)</span> </td> 
       <td width="36"> <span class="xforms_input" style="width:36px;font-size:10pt;">대한민국</span> </td> 
       <td width="62"> <span class="xforms_input" style="width:62px;font-size:10pt;">친인척</span> </td> 
       <td width="41"> <span class="xforms_input" style="width:41px;font-size:10pt;">-</span> </td> 
       <td width="41"> <span class="xforms_input" style="width:41px;font-size:10pt;">-</span> </td> 
       <td width="78"> <span class="xforms_input" style="width:78px;font-size:10pt;text-align:right;">738,263</span> </td> 
       <td width="44"> <span class="xforms_input" style="width:44px;font-size:10pt;text-align:right;">1.08</span> </td> 
       <td width="77"> <span class="xforms_input" style="width:77px;font-size:10pt;text-align:right;">0</span> </td> 
       <td width="42"> <span class="xforms_input" style="width:42px;font-size:10pt;text-align:right;">0</span> </td> 
       <td width="72"> <span class="xforms_input" style="width:72px;font-size:10pt;text-align:right;">0</span> </td> 
       <td width="44"> <span class="xforms_input" style="width:44px;font-size:10pt;text-align:right;">0</span> </td> 
       <td width="78"> <span class="xforms_input" style="width:78px;font-size:10pt;text-align:right;">738,263</span> </td> 
       <td width="42"> <span class="xforms_input" style="width:42px;font-size:10pt;text-align:right;">1.08</span> </td> 
      </tr> 
      <tr> 
       <td width="53"> <span class="xforms_input" style="width:53px;font-size:10pt;">김원세</span> </td> 
       <td width="53"> <span class="xforms_input" style="width:53px;font-size:9pt;">생년월일</span> </td> 
       <td width="49"> <span class="xforms_input" style="width:49px;font-size:10pt;">041017</span> </td> 
       <td width="35"> <span class="xforms_input" style="width:35px;font-size:10pt;">남</span> </td> 
       <td width="54"> <span class="xforms_input" style="width:54px;font-size:10pt;">국내(개인)</span> </td> 
       <td width="36"> <span class="xforms_input" style="width:36px;font-size:10pt;">대한민국</span> </td> 
       <td width="62"> <span class="xforms_input" style="width:62px;font-size:10pt;">친인척</span> </td> 
       <td width="41"> <span class="xforms_input" style="width:41px;font-size:10pt;">-</span> </td> 
       <td width="41"> <span class="xforms_input" style="width:41px;font-size:10pt;">-</span> </td> 
       <td width="78"> <span class="xforms_input" style="width:78px;font-size:10pt;text-align:right;">204,263</span> </td> 
       <td width="44"> <span class="xforms_input" style="width:44px;font-size:10pt;text-align:right;">0.30</span> </td> 
       <td width="77"> <span class="xforms_input" style="width:77px;font-size:10pt;text-align:right;">0</span> </td> 
       <td width="42"> <span class="xforms_input" style="width:42px;font-size:10pt;text-align:right;">0</span> </td> 
       <td width="72"> <span class="xforms_input" style="width:72px;font-size:10pt;text-align:right;">0</span> </td> 
       <td width="44"> <span class="xforms_input" style="width:44px;font-size:10pt;text-align:right;">0</span> </td> 
       <td width="78"> <span class="xforms_input" style="width:78px;font-size:10pt;text-align:right;">204,263</span> </td> 
       <td width="42"> <span class="xforms_input" style="width:42px;font-size:10pt;text-align:right;">0.30</span> </td> 
      </tr> 
      <tr> 
       <td width="53"> <span class="xforms_input" style="width:53px;font-size:10pt;">김지우</span> </td> 
       <td width="53"> <span class="xforms_input" style="width:53px;font-size:9pt;">생년월일</span> </td> 
       <td width="49"> <span class="xforms_input" style="width:49px;font-size:10pt;">070210</span> </td> 
       <td width="35"> <span class="xforms_input" style="width:35px;font-size:10pt;">여</span> </td> 
       <td width="54"> <span class="xforms_input" style="width:54px;font-size:10pt;">국내(개인)</span> </td> 
       <td width="36"> <span class="xforms_input" style="width:36px;font-size:10pt;">대한민국</span> </td> 
       <td width="62"> <span class="xforms_input" style="width:62px;font-size:10pt;">친인척</span> </td> 
       <td width="41"> <span class="xforms_input" style="width:41px;font-size:10pt;">-</span> </td> 
       <td width="41"> <span class="xforms_input" style="width:41px;font-size:10pt;">-</span> </td> 
       <td width="78"> <span class="xforms_input" style="width:78px;font-size:10pt;text-align:right;">510,003</span> </td> 
       <td width="44"> <span class="xforms_input" style="width:44px;font-size:10pt;text-align:right;">0.75</span> </td> 
       <td width="77"> <span class="xforms_input" style="width:77px;font-size:10pt;text-align:right;">0</span> </td> 
       <td width="42"> <span class="xforms_input" style="width:42px;font-size:10pt;text-align:right;">0</span> </td> 
       <td width="72"> <span class="xforms_input" style="width:72px;font-size:10pt;text-align:right;">0</span> </td> 
       <td width="44"> <span class="xforms_input" style="width:44px;font-size:10pt;text-align:right;">0</span> </td> 
       <td width="78"> <span class="xforms_input" style="width:78px;font-size:10pt;text-align:right;">510,003</span> </td> 
       <td width="42"> <span class="xforms_input" style="width:42px;font-size:10pt;text-align:right;">0.75</span> </td> 
      </tr> 
      <tr> 
       <td width="53"> <span class="xforms_input" style="width:53px;font-size:10pt;">임후연</span> </td> 
       <td width="53"> <span class="xforms_input" style="width:53px;font-size:9pt;">생년월일</span> </td> 
       <td width="49"> <span class="xforms_input" style="width:49px;font-size:10pt;">080607</span> </td> 
       <td width="35"> <span class="xforms_input" style="width:35px;font-size:10pt;">남</span> </td> 
       <td width="54"> <span class="xforms_input" style="width:54px;font-size:10pt;">국내(개인)</span> </td> 
       <td width="36"> <span class="xforms_input" style="width:36px;font-size:10pt;">대한민국</span> </td> 
       <td width="62"> <span class="xforms_input" style="width:62px;font-size:10pt;">친인척</span> </td> 
       <td width="41"> <span class="xforms_input" style="width:41px;font-size:10pt;">-</span> </td> 
       <td width="41"> <span class="xforms_input" style="width:41px;font-size:10pt;">-</span> </td> 
       <td width="78"> <span class="xforms_input" style="width:78px;font-size:10pt;text-align:right;">29,263</span> </td> 
       <td width="44"> <span class="xforms_input" style="width:44px;font-size:10pt;text-align:right;">0.04</span> </td> 
       <td width="77"> <span class="xforms_input" style="width:77px;font-size:10pt;text-align:right;">0</span> </td> 
       <td width="42"> <span class="xforms_input" style="width:42px;font-size:10pt;text-align:right;">0</span> </td> 
       <td width="72"> <span class="xforms_input" style="width:72px;font-size:10pt;text-align:right;">0</span> </td> 
       <td width="44"> <span class="xforms_input" style="width:44px;font-size:10pt;text-align:right;">0</span> </td> 
       <td width="78"> <span class="xforms_input" style="width:78px;font-size:10pt;text-align:right;">29,263</span> </td> 
       <td width="42"> <span class="xforms_input" style="width:42px;font-size:10pt;text-align:right;">0.04</span> </td> 
      </tr> 
      <tr> 
       <td width="53"> <span class="xforms_input" style="width:53px;font-size:10pt;">임윤지</span> </td> 
       <td width="53"> <span class="xforms_input" style="width:53px;font-size:9pt;">생년월일</span> </td> 
       <td width="49"> <span class="xforms_input" style="width:49px;font-size:10pt;">080607</span> </td> 
       <td width="35"> <span class="xforms_input" style="width:35px;font-size:10pt;">여</span> </td> 
       <td width="54"> <span class="xforms_input" style="width:54px;font-size:10pt;">국내(개인)</span> </td> 
       <td width="36"> <span class="xforms_input" style="width:36px;font-size:10pt;">대한민국</span> </td> 
       <td width="62"> <span class="xforms_input" style="width:62px;font-size:10pt;">친인척</span> </td> 
       <td width="41"> <span class="xforms_input" style="width:41px;font-size:10pt;">-</span> </td> 
       <td width="41"> <span class="xforms_input" style="width:41px;font-size:10pt;">-</span> </td> 
       <td width="78"> <span class="xforms_input" style="width:78px;font-size:10pt;text-align:right;">29,263</span> </td> 
       <td width="44"> <span class="xforms_input" style="width:44px;font-size:10pt;text-align:right;">0.04</span> </td> 
       <td width="77"> <span class="xforms_input" style="width:77px;font-size:10pt;text-align:right;">0</span> </td> 
       <td width="42"> <span class="xforms_input" style="width:42px;font-size:10pt;text-align:right;">0</span> </td> 
       <td width="72"> <span class="xforms_input" style="width:72px;font-size:10pt;text-align:right;">0</span> </td> 
       <td width="44"> <span class="xforms_input" style="width:44px;font-size:10pt;text-align:right;">0</span> </td> 
       <td width="78"> <span class="xforms_input" style="width:78px;font-size:10pt;text-align:right;">29,263</span> </td> 
       <td width="42"> <span class="xforms_input" style="width:42px;font-size:10pt;text-align:right;">0.04</span> </td> 
      </tr> 
      <tr> 
       <td width="53"> <span class="xforms_input" style="width:53px;font-size:10pt;">임윤단</span> </td> 
       <td width="53"> <span class="xforms_input" style="width:53px;font-size:9pt;">생년월일</span> </td> 
       <td width="49"> <span class="xforms_input" style="width:49px;font-size:10pt;">130203</span> </td> 
       <td width="35"> <span class="xforms_input" style="width:35px;font-size:10pt;">여</span> </td> 
       <td width="54"> <span class="xforms_input" style="width:54px;font-size:10pt;">국내(개인)</span> </td> 
       <td width="36"> <span class="xforms_input" style="width:36px;font-size:10pt;">대한민국</span> </td> 
       <td width="62"> <span class="xforms_input" style="width:62px;font-size:10pt;">친인척</span> </td> 
       <td width="41"> <span class="xforms_input" style="width:41px;font-size:10pt;">-</span> </td> 
       <td width="41"> <span class="xforms_input" style="width:41px;font-size:10pt;">-</span> </td> 
       <td width="78"> <span class="xforms_input" style="width:78px;font-size:10pt;text-align:right;">1,956</span> </td> 
       <td width="44"> <span class="xforms_input" style="width:44px;font-size:10pt;text-align:right;">0.00</span> </td> 
       <td width="77"> <span class="xforms_input" style="width:77px;font-size:10pt;text-align:right;">0</span> </td> 
       <td width="42"> <span class="xforms_input" style="width:42px;font-size:10pt;text-align:right;">0</span> </td> 
       <td width="72"> <span class="xforms_input" style="width:72px;font-size:10pt;text-align:right;">0</span> </td> 
       <td width="44"> <span class="xforms_input" style="width:44px;font-size:10pt;text-align:right;">0</span> </td> 
       <td width="78"> <span class="xforms_input" style="width:78px;font-size:10pt;text-align:right;">1,956</span> </td> 
       <td width="42"> <span class="xforms_input" style="width:42px;font-size:10pt;text-align:right;">0.00</span> </td> 
      </tr> 
      <tr> 
       <td width="53"> <span class="xforms_input" style="width:53px;font-size:10pt;">이서정</span> </td> 
       <td width="53"> <span class="xforms_input" style="width:53px;font-size:9pt;">생년월일</span> </td> 
       <td width="49"> <span class="xforms_input" style="width:49px;font-size:10pt;">941109</span> </td> 
       <td width="35"> <span class="xforms_input" style="width:35px;font-size:10pt;">여</span> </td> 
       <td width="54"> <span class="xforms_input" style="width:54px;font-size:10pt;">국내(개인)</span> </td> 
       <td width="36"> <span class="xforms_input" style="width:36px;font-size:10pt;">대한민국</span> </td> 
       <td width="62"> <span class="xforms_input" style="width:62px;font-size:10pt;">친인척</span> </td> 
       <td width="41"> <span class="xforms_input" style="width:41px;font-size:10pt;">-</span> </td> 
       <td width="41"> <span class="xforms_input" style="width:41px;font-size:10pt;">-</span> </td> 
       <td width="78"> <span class="xforms_input" style="width:78px;font-size:10pt;text-align:right;">10,612</span> </td> 
       <td width="44"> <span class="xforms_input" style="width:44px;font-size:10pt;text-align:right;">0.02</span> </td> 
       <td width="77"> <span class="xforms_input" style="width:77px;font-size:10pt;text-align:right;">0</span> </td> 
       <td width="42"> <span class="xforms_input" style="width:42px;font-size:10pt;text-align:right;">0</span> </td> 
       <td width="72"> <span class="xforms_input" style="width:72px;font-size:10pt;text-align:right;">0</span> </td> 
       <td width="44"> <span class="xforms_input" style="width:44px;font-size:10pt;text-align:right;">0</span> </td> 
       <td width="78"> <span class="xforms_input" style="width:78px;font-size:10pt;text-align:right;">10,612</span> </td> 
       <td width="42"> <span class="xforms_input" style="width:42px;font-size:10pt;text-align:right;">0.02</span> </td> 
      </tr> 
      <tr> 
       <td width="53"> <span class="xforms_input" style="width:53px;font-size:10pt;">이서진</span> </td> 
       <td width="53"> <span class="xforms_input" style="width:53px;font-size:9pt;">생년월일</span> </td> 
       <td width="49"> <span class="xforms_input" style="width:49px;font-size:10pt;">001201</span> </td> 
       <td width="35"> <span class="xforms_input" style="width:35px;font-size:10pt;">여</span> </td> 
       <td width="54"> <span class="xforms_input" style="width:54px;font-size:10pt;">국내(개인)</span> </td> 
       <td width="36"> <span class="xforms_input" style="width:36px;font-size:10pt;">대한민국</span> </td> 
       <td width="62"> <span class="xforms_input" style="width:62px;font-size:10pt;">친인척</span> </td> 
       <td width="41"> <span class="xforms_input" style="width:41px;font-size:10pt;">-</span> </td> 
       <td width="41"> <span class="xforms_input" style="width:41px;font-size:10pt;">-</span> </td> 
       <td width="78"> <span class="xforms_input" style="width:78px;font-size:10pt;text-align:right;">10,612</span> </td> 
       <td width="44"> <span class="xforms_input" style="width:44px;font-size:10pt;text-align:right;">0.02</span> </td> 
       <td width="77"> <span class="xforms_input" style="width:77px;font-size:10pt;text-align:right;">0</span> </td> 
       <td width="42"> <span class="xforms_input" style="width:42px;font-size:10pt;text-align:right;">0</span> </td> 
       <td width="72"> <span class="xforms_input" style="width:72px;font-size:10pt;text-align:right;">0</span> </td> 
       <td width="44"> <span class="xforms_input" style="width:44px;font-size:10pt;text-align:right;">0</span> </td> 
       <td width="78"> <span class="xforms_input" style="width:78px;font-size:10pt;text-align:right;">10,612</span> </td> 
       <td width="42"> <span class="xforms_input" style="width:42px;font-size:10pt;text-align:right;">0.02</span> </td> 
      </tr> 
      <tr> 
       <td width="53"> <span class="xforms_input" style="width:53px;font-size:10pt;">가현문화재단</span> </td> 
       <td width="53"> <span class="xforms_input" style="width:53px;font-size:9pt;">사업자등록번호</span> </td> 
       <td width="49"> <span class="xforms_input" style="width:49px;font-size:10pt;">215-82-06179</span> </td> 
       <td width="35"> <span class="xforms_input" style="width:35px;font-size:10pt;">해당없음</span> </td> 
       <td width="54"> <span class="xforms_input" style="width:54px;font-size:10pt;">국내(법인)</span> </td> 
       <td width="36"> <span class="xforms_input" style="width:36px;font-size:10pt;">대한민국</span> </td> 
       <td width="62"> <span class="xforms_input" style="width:62px;font-size:10pt;">재단</span> </td> 
       <td width="41"> <span class="xforms_input" style="width:41px;font-size:10pt;">-</span> </td> 
       <td width="41"> <span class="xforms_input" style="width:41px;font-size:10pt;">-</span> </td> 
       <td width="78"> <span class="xforms_input" style="width:78px;font-size:10pt;text-align:right;">2,063,054</span> </td> 
       <td width="44"> <span class="xforms_input" style="width:44px;font-size:10pt;text-align:right;">3.02</span> </td> 
       <td width="77"> <span class="xforms_input" style="width:77px;font-size:10pt;text-align:right;">0</span> </td> 
       <td width="42"> <span class="xforms_input" style="width:42px;font-size:10pt;text-align:right;">0</span> </td> 
       <td width="72"> <span class="xforms_input" style="width:72px;font-size:10pt;text-align:right;">0</span> </td> 
       <td width="44"> <span class="xforms_input" style="width:44px;font-size:10pt;text-align:right;">0</span> </td> 
       <td width="78"> <span class="xforms_input" style="width:78px;font-size:10pt;text-align:right;">2,063,054</span> </td> 
       <td width="42"> <span class="xforms_input" style="width:42px;font-size:10pt;text-align:right;">3.02</span> </td> 
      </tr> 
      <tr> 
       <td width="53"> <span class="xforms_input" style="width:53px;font-size:10pt;">임성기재단</span> </td> 
       <td width="53"> <span class="xforms_input" style="width:53px;font-size:9pt;">사업자등록번호</span> </td> 
       <td width="49"> <span class="xforms_input" style="width:49px;font-size:10pt;">837-82-00387</span> </td> 
       <td width="35"> <span class="xforms_input" style="width:35px;font-size:10pt;">해당없음</span> </td> 
       <td width="54"> <span class="xforms_input" style="width:54px;font-size:10pt;">국내(법인)</span> </td> 
       <td width="36"> <span class="xforms_input" style="width:36px;font-size:10pt;">대한민국</span> </td> 
       <td width="62"> <span class="xforms_input" style="width:62px;font-size:10pt;">재단</span> </td> 
       <td width="41"> <span class="xforms_input" style="width:41px;font-size:10pt;">-</span> </td> 
       <td width="41"> <span class="xforms_input" style="width:41px;font-size:10pt;">-</span> </td> 
       <td width="78"> <span class="xforms_input" style="width:78px;font-size:10pt;text-align:right;">2,101,191</span> </td> 
       <td width="44"> <span class="xforms_input" style="width:44px;font-size:10pt;text-align:right;">3.07</span> </td> 
       <td width="77"> <span class="xforms_input" style="width:77px;font-size:10pt;text-align:right;">0</span> </td> 
       <td width="42"> <span class="xforms_input" style="width:42px;font-size:10pt;text-align:right;">0</span> </td> 
       <td width="72"> <span class="xforms_input" style="width:72px;font-size:10pt;text-align:right;">0</span> </td> 
       <td width="44"> <span class="xforms_input" style="width:44px;font-size:10pt;text-align:right;">0</span> </td> 
       <td width="78"> <span class="xforms_input" style="width:78px;font-size:10pt;text-align:right;">2,101,191</span> </td> 
       <td width="42"> <span class="xforms_input" style="width:42px;font-size:10pt;text-align:right;">3.07</span> </td> 
      </tr> 
      <tr> 
       <td width="53"> <span class="xforms_input" style="width:53px;font-size:10pt;">신동국</span> </td> 
       <td width="53"> <span class="xforms_input" style="width:53px;font-size:9pt;">생년월일</span> </td> 
       <td width="49"> <span class="xforms_input" style="width:49px;font-size:10pt;">500324</span> </td> 
       <td width="35"> <span class="xforms_input" style="width:35px;font-size:10pt;">남</span> </td> 
       <td width="54"> <span class="xforms_input" style="width:54px;font-size:10pt;">국내(개인)</span> </td> 
       <td width="36"> <span class="xforms_input" style="width:36px;font-size:10pt;">대한민국</span> </td> 
       <td width="62"> <span class="xforms_input" style="width:62px;font-size:10pt;">발행회사 임원</span> </td> 
       <td width="41"> <span class="xforms_input" style="width:41px;font-size:10pt;">계열사임원</span> </td> 
       <td width="41"> <span class="xforms_input" style="width:41px;font-size:10pt;">-</span> </td> 
       <td width="78"> <span class="xforms_input" style="width:78px;font-size:10pt;text-align:right;">11,239,739</span> </td> 
       <td width="44"> <span class="xforms_input" style="width:44px;font-size:10pt;text-align:right;">16.43</span> </td> 
       <td width="77"> <span class="xforms_input" style="width:77px;font-size:10pt;text-align:right;">0</span> </td> 
       <td width="42"> <span class="xforms_input" style="width:42px;font-size:10pt;text-align:right;">0</span> </td> 
       <td width="72"> <span class="xforms_input" style="width:72px;font-size:10pt;text-align:right;">0</span> </td> 
       <td width="44"> <span class="xforms_input" style="width:44px;font-size:10pt;text-align:right;">0</span> </td> 
       <td width="78"> <span class="xforms_input" style="width:78px;font-size:10pt;text-align:right;">11,239,739</span> </td> 
       <td width="42"> <span class="xforms_input" style="width:42px;font-size:10pt;text-align:right;">16.43</span> </td> 
      </tr> 
      <tr> 
       <td width="53"> <span class="xforms_input" style="width:53px;font-size:10pt;">(주)한양정밀</span> </td> 
       <td width="53"> <span class="xforms_input" style="width:53px;font-size:9pt;">사업자등록번호</span> </td> 
       <td width="49"> <span class="xforms_input" style="width:49px;font-size:10pt;">131-81-09323</span> </td> 
       <td width="35"> <span class="xforms_input" style="width:35px;font-size:10pt;">해당없음</span> </td> 
       <td width="54"> <span class="xforms_input" style="width:54px;font-size:10pt;">국내(법인)</span> </td> 
       <td width="36"> <span class="xforms_input" style="width:36px;font-size:10pt;">대한민국</span> </td> 
       <td width="62"> <span class="xforms_input" style="width:62px;font-size:10pt;">기타</span> </td> 
       <td width="41"> <span class="xforms_input" style="width:41px;font-size:10pt;">-</span> </td> 
       <td width="41"> <span class="xforms_input" style="width:41px;font-size:10pt;">-</span> </td> 
       <td width="78"> <span class="xforms_input" style="width:78px;font-size:10pt;text-align:right;">4,754,449</span> </td> 
       <td width="44"> <span class="xforms_input" style="width:44px;font-size:10pt;text-align:right;">6.95</span> </td> 
       <td width="77"> <span class="xforms_input" style="width:77px;font-size:10pt;text-align:right;">0</span> </td> 
       <td width="42"> <span class="xforms_input" style="width:42px;font-size:10pt;text-align:right;">0</span> </td> 
       <td width="72"> <span class="xforms_input" style="width:72px;font-size:10pt;text-align:right;">0</span> </td> 
       <td width="44"> <span class="xforms_input" style="width:44px;font-size:10pt;text-align:right;">0</span> </td> 
       <td width="78"> <span class="xforms_input" style="width:78px;font-size:10pt;text-align:right;">4,754,449</span> </td> 
       <td width="42"> <span class="xforms_input" style="width:42px;font-size:10pt;text-align:right;">6.95</span> </td> 
      </tr> 
      <tr> 
       <td width="53"> <span class="xforms_input" style="width:53px;font-size:10pt;">김재교</span> </td> 
       <td width="53"> <span class="xforms_input" style="width:53px;font-size:9pt;">생년월일</span> </td> 
       <td width="49"> <span class="xforms_input" style="width:49px;font-size:10pt;">670307</span> </td> 
       <td width="35"> <span class="xforms_input" style="width:35px;font-size:10pt;">남</span> </td> 
       <td width="54"> <span class="xforms_input" style="width:54px;font-size:10pt;">국내(개인)</span> </td> 
       <td width="36"> <span class="xforms_input" style="width:36px;font-size:10pt;">대한민국</span> </td> 
       <td width="62"> <span class="xforms_input" style="width:62px;font-size:10pt;">발행회사 임원</span> </td> 
       <td width="41"> <span class="xforms_input" style="width:41px;font-size:10pt;">계열사임원</span> </td> 
       <td width="41"> <span class="xforms_input" style="width:41px;font-size:10pt;">-</span> </td> 
       <td width="78"> <span class="xforms_input" style="width:78px;font-size:10pt;text-align:right;">3,800</span> </td> 
       <td width="44"> <span class="xforms_input" style="width:44px;font-size:10pt;text-align:right;">0.01</span> </td> 
       <td width="77"> <span class="xforms_input" style="width:77px;font-size:10pt;text-align:right;">0</span> </td> 
       <td width="42"> <span class="xforms_input" style="width:42px;font-size:10pt;text-align:right;">0</span> </td> 
       <td width="72"> <span class="xforms_input" style="width:72px;font-size:10pt;text-align:right;">0</span> </td> 
       <td width="44"> <span class="xforms_input" style="width:44px;font-size:10pt;text-align:right;">0</span> </td> 
       <td width="78"> <span class="xforms_input" style="width:78px;font-size:10pt;text-align:right;">3,800</span> </td> 
       <td width="42"> <span class="xforms_input" style="width:42px;font-size:10pt;text-align:right;">0.01</span> </td> 
      </tr> 
      <tr> 
       <td colspan="9" width="424"> <span style="width:424px;font-size:10pt;text-align:center;">합계</span> </td> 
       <td width="78"> <span class="xforms_input" style="width:78px;font-size:10pt;text-align:right;">38,192,426</span> </td> 
       <td width="44"> <span class="xforms_input" style="width:44px;font-size:10pt;text-align:right;">55.84</span> </td> 
       <td width="77"> <span class="xforms_input" style="width:77px;font-size:10pt;text-align:right;">0</span> </td> 
       <td width="42"> <span class="xforms_input" style="width:42px;font-size:10pt;text-align:right;">0</span> </td> 
       <td width="72"> <span class="xforms_input" style="width:72px;font-size:10pt;text-align:right;">0</span> </td> 
       <td width="44"> <span class="xforms_input" style="width:44px;font-size:10pt;text-align:right;">0</span> </td> 
       <td width="78"> <span class="xforms_input" style="width:78px;font-size:10pt;text-align:right;">38,192,426</span> </td> 
       <td width="42"> <span class="xforms_input" style="width:42px;font-size:10pt;text-align:right;">55.84</span> </td> 
      </tr> 
     </tbody> 
    </table> 
    <span class="noprint" style="display:none;width:907px;font-size:10pt;"> </span> 
    <span class="noprint" style="display:none;width:907px;font-size:10pt;"> </span> 
   </div> 
  </div>  
 </body>
</html>