<?xml version="1.0" encoding="utf-8"?>


<DOCUMENT xmlns:xsi="http://www.w3.org/2001/XMLSchema-instance" xsi:noNamespaceSchemaLocation="dart4.xsd">

<DOCUMENT-NAME ACODE="11333">주요사항보고서(자기주식 처분 결정)</DOCUMENT-NAME>
<FORMULA-VERSION ADATE="20251230">6.2</FORMULA-VERSION>
<COMPANY-NAME AREGCIK="00858124">알에스오토메이션(주)</COMPANY-NAME>


<BODY ATOCID="2">

<LIBRARY>
<SECTION-1 ACLASS="MANDATORY" APARTSOURCE="SOURCE">
<TITLE ATOC="Y" AASSOCNOTE="D-0-0-0-0" ENG="Report on Major Issues／Reporting Obligations to the KRX" ATOCID="2">주요사항보고서 / 거래소 신고의무 사항</TITLE>

<TABLE ACLASS="NORMAL" AFIXTABLE="Y" WIDTH="600" BORDER="0">

<COLGROUP WIDTH="600">
<COL WIDTH="141"></COL>
<COL WIDTH="183"></COL>
<COL WIDTH="276"></COL>
</COLGROUP>

<TBODY>

<TR ACOPY="Y" ADELETE="Y" HEIGHT="30">
<TD COLSPAN="3" WIDTH="591" HEIGHT="23"></TD>
</TR>

<TR ACOPY="Y" ADELETE="Y" HEIGHT="53">
<TD COLSPAN="3" WIDTH="591" HEIGHT="46"></TD>
</TR>

<TR ACOPY="Y" ADELETE="Y" HEIGHT="30">
<TD COLSPAN="2" VALIGN="MIDDLE" WIDTH="315" HEIGHT="23">금융위원회 / 한국거래소 귀중</TD>
<TD ALIGN="RIGHT" VALIGN="MIDDLE" WIDTH="267" HEIGHT="23">2026  년    1 월   5  일</TD>
</TR>

<TR ACOPY="Y" ADELETE="Y" HEIGHT="53">
<TD COLSPAN="3" WIDTH="591" HEIGHT="46"></TD>
</TR>

<TR ACOPY="Y" ADELETE="Y" HEIGHT="30">
<TD WIDTH="132" HEIGHT="23">회     사     명  :</TD>
<TD COLSPAN="2" WIDTH="450" HEIGHT="23">주식회사 알에스오토메이션</TD>
</TR>

<TR ACOPY="Y" ADELETE="Y" HEIGHT="30">
<TD WIDTH="132" HEIGHT="23">대  표   이  사  :</TD>
<TD COLSPAN="2" WIDTH="450" HEIGHT="23">강 덕 현</TD>
</TR>

<TR ACOPY="Y" ADELETE="Y" HEIGHT="30">
<TD WIDTH="132" HEIGHT="23">본 점  소 재 지 :</TD>
<TD COLSPAN="2" WIDTH="450" HEIGHT="23">경기도 평택시 진위면 진위산단로 38</TD>
</TR>

<TR ACOPY="Y" ADELETE="Y" HEIGHT="30">
<TD WIDTH="132" HEIGHT="23"></TD>
<TD COLSPAN="2" WIDTH="450" HEIGHT="23">(전  화) 031-685-9300</TD>
</TR>

<TR ACOPY="Y" ADELETE="Y" HEIGHT="30">
<TD WIDTH="132" HEIGHT="23"></TD>
<TD COLSPAN="2" WIDTH="450" HEIGHT="23">(홈페이지)http://www.rsautomation.co.kr</TD>
</TR>

<TR ACOPY="Y" ADELETE="Y" HEIGHT="30">
<TD WIDTH="132" HEIGHT="23"></TD>
<TD COLSPAN="2" WIDTH="450" HEIGHT="23"></TD>
</TR>

<TR ACOPY="Y" ADELETE="Y" HEIGHT="30">
<TD COLSPAN="3" WIDTH="591" HEIGHT="23"></TD>
</TR>

<TR ACOPY="Y" ADELETE="Y" HEIGHT="30">
<TD COLSPAN="3" WIDTH="591" HEIGHT="23"></TD>
</TR>

<TR ACOPY="Y" ADELETE="Y" HEIGHT="30">
<TD WIDTH="132" HEIGHT="23">작 성 책 임 자 :</TD>
<TD WIDTH="174" HEIGHT="23">(직  책) 본 부 장</TD>
<TD WIDTH="267" HEIGHT="23">(성  명) 김 형 린</TD>
</TR>

<TR ACOPY="Y" ADELETE="Y" HEIGHT="30">
<TD WIDTH="132" HEIGHT="23"></TD>
<TD COLSPAN="2" WIDTH="450" HEIGHT="23">(전  화) 031-685-9453</TD>
</TR>

<TR ACOPY="Y" ADELETE="Y" HEIGHT="30">
<TD COLSPAN="3" WIDTH="591" HEIGHT="23"></TD>
</TR>
</TBODY>
</TABLE>
<P></P>
<PGBRK></PGBRK>
</SECTION-1>
</LIBRARY>


<SECTION-1 ACLASS="MANDATORY" APARTSOURCE="SOURCE">
<TITLE ATOC="Y" AASSOCNOTE="D-0-1-0-0" ENG="Decision on Disposal of Treasury Stock" ATOCID="1">자기주식 처분 결정</TITLE>
<P></P>

<TABLE-GROUP ACLASS="TBL_SEL_STK" ADELETETABLE="N">

<TABLE ACLASS="EXTRACTION" AFIXTABLE="Y" WIDTH="609" BORDER="1">

<COLGROUP WIDTH="609">
<COL WIDTH="100"></COL>
<COL WIDTH="167"></COL>
<COL WIDTH="101"></COL>
<COL WIDTH="81"></COL>
<COL WIDTH="80"></COL>
<COL WIDTH="80"></COL>
</COLGROUP>

<TBODY>

<TR ACOPY="N" ADELETE="N" HEIGHT="30">
<TD ROWSPAN="2" COLSPAN="2" VALIGN="MIDDLE" WIDTH="258" HEIGHT="53" AUPDATECONT="N" ENG="1. Shares to be disposed of (shrs.)">1. 처분예정주식(주)</TD>
<TD ALIGN="CENTER" WIDTH="92" HEIGHT="23" AUPDATECONT="N" ENG="Common stock">보통주식</TD>
<TE COLSPAN="3" ALIGN="RIGHT" WIDTH="232" HEIGHT="23" ACODE="SEL_OSTK">14,000</TE>
</TR>

<TR ACOPY="N" ADELETE="N" HEIGHT="30">
<TD ALIGN="CENTER" WIDTH="92" HEIGHT="23" AUPDATECONT="N" ENG="Different classes of stocks">기타주식</TD>
<TE COLSPAN="3" ALIGN="RIGHT" WIDTH="232" HEIGHT="23" ACODE="SEL_ESTK">-</TE>
</TR>

<TR ACOPY="N" ADELETE="N" HEIGHT="30">
<TD ROWSPAN="2" COLSPAN="2" VALIGN="MIDDLE" WIDTH="258" HEIGHT="53" AUPDATECONT="N" ENG="2. Price of shares to be disposed of (KRW)">2. 처분 대상 주식가격(원)</TD>
<TD ALIGN="CENTER" WIDTH="92" HEIGHT="23" AUPDATECONT="N" ENG="Common stock">보통주식</TD>
<TE COLSPAN="3" ALIGN="RIGHT" WIDTH="232" HEIGHT="23" ACODE="SEL_OSTK_SPRC">15,920</TE>
</TR>

<TR ACOPY="N" ADELETE="N" HEIGHT="30">
<TD ALIGN="CENTER" WIDTH="92" HEIGHT="23" AUPDATECONT="N" ENG="Different classes of stocks">기타주식</TD>
<TE COLSPAN="3" ALIGN="RIGHT" WIDTH="232" HEIGHT="23" ACODE="SEL_ESTK_SPRC">-</TE>
</TR>

<TR ACOPY="N" ADELETE="N" HEIGHT="30">
<TD ROWSPAN="2" COLSPAN="2" VALIGN="MIDDLE" WIDTH="258" HEIGHT="53" AUPDATECONT="N" ENG="3. Estimated disposal amount (KRW)">3. 처분예정금액(원)</TD>
<TD ALIGN="CENTER" WIDTH="92" HEIGHT="23" AUPDATECONT="N" ENG="Common stock">보통주식</TD>
<TE COLSPAN="3" ALIGN="RIGHT" WIDTH="232" HEIGHT="23" ACODE="SEL_OSTK_PRC">222,880,000</TE>
</TR>

<TR ACOPY="N" ADELETE="N" HEIGHT="30">
<TD ALIGN="CENTER" WIDTH="92" HEIGHT="23" AUPDATECONT="N" ENG="Different classes of stocks">기타주식</TD>
<TE COLSPAN="3" ALIGN="RIGHT" WIDTH="232" HEIGHT="23" ACODE="SEL_ESTK_PRC">-</TE>
</TR>

<TR ACOPY="N" ADELETE="N" HEIGHT="30">
<TD ROWSPAN="2" COLSPAN="2" VALIGN="MIDDLE" WIDTH="258" HEIGHT="53" AUPDATECONT="N" ENG="4. Scheduled disposal period">4. 처분예정기간</TD>
<TD ALIGN="CENTER" WIDTH="92" HEIGHT="23" AUPDATECONT="N" ENG="Start date">시작일</TD>
<TU COLSPAN="3" ALIGN="CENTER" WIDTH="232" HEIGHT="23" AUNIT="SEL_BGN" AUNITVALUE="20260105">2026년 01월 05일</TU>
</TR>

<TR ACOPY="N" ADELETE="N" HEIGHT="30">
<TD ALIGN="CENTER" WIDTH="92" HEIGHT="23" AUPDATECONT="N" ENG="End date">종료일</TD>
<TU COLSPAN="3" ALIGN="CENTER" WIDTH="232" HEIGHT="23" AUNIT="SEL_END" AUNITVALUE="20260105">2026년 01월 05일</TU>
</TR>

<TR ACOPY="N" ADELETE="N" HEIGHT="53">
<TD COLSPAN="3" WIDTH="359" HEIGHT="46" AUPDATECONT="N" ENG="5. Purpose of disposal">5. 처분목적</TD>
<TE COLSPAN="3" WIDTH="232" HEIGHT="46" ACODE="SEL_PPS" VALIGN="MIDDLE">RSU(Restricted Stock Unit) 지급에 따른 자기주식 교부</TE>
</TR>

<TR ACOPY="N" ADELETE="N" HEIGHT="30">
<TD ROWSPAN="4" VALIGN="MIDDLE" WIDTH="91" HEIGHT="117" AUPDATECONT="N" ENG="6. Disposal method">6. 처분방법</TD>
<TD VALIGN="MIDDLE" WIDTH="259" HEIGHT="23" AUPDATECONT="N" COLSPAN="2" ALIGN="CENTER" ENG="Sale on the market (shrs.)">시장을 통한 매도(주)</TD>
<TE ALIGN="RIGHT" WIDTH="232" HEIGHT="23" ACODE="SEL_MTH_MRK" COLSPAN="3">-</TE>
</TR>

<TR ACOPY="N" ADELETE="N" HEIGHT="30">
<TD WIDTH="259" HEIGHT="23" AUPDATECONT="N" COLSPAN="2" VALIGN="MIDDLE" ALIGN="CENTER" ENG="Off-hours block trading (shrs.)">시간외대량매매(주)</TD>
<TE ALIGN="RIGHT" WIDTH="232" HEIGHT="23" ACODE="SEL_MTH_OVT" COLSPAN="3">-</TE>
</TR>

<TR ACOPY="N" ADELETE="N" HEIGHT="34">
<TD VALIGN="MIDDLE" WIDTH="259" HEIGHT="27" AUPDATECONT="N" COLSPAN="2" ALIGN="CENTER" ENG="Disposal in OTC (shrs.)">장외처분(주)</TD>
<TE ALIGN="RIGHT" WIDTH="232" HEIGHT="27" ACODE="SEL_MTH_OMRK" COLSPAN="3">-</TE>
</TR>

<TR ACOPY="N" ADELETE="N" HEIGHT="30">
<TD WIDTH="259" HEIGHT="23" AUPDATECONT="N" COLSPAN="2" VALIGN="MIDDLE" ALIGN="CENTER" ENG="Others (shrs.)">기 타(주)</TD>
<TE ALIGN="RIGHT" WIDTH="232" HEIGHT="23" ACODE="SEL_MTH_ETC" COLSPAN="3">14,000</TE>
</TR>

<TR ACOPY="N" ADELETE="N" HEIGHT="30">
<TD COLSPAN="3" WIDTH="359" HEIGHT="23" AUPDATECONT="N" ENG="7. Counterparty">7. 처분상대방</TD>
<TE COLSPAN="3" WIDTH="232" HEIGHT="23" ACODE="DSPS_PARN" VALIGN="MIDDLE" ALIGN="CENTER">OOO외 9명</TE>
</TR>

<TR ACOPY="N" ADELETE="N" HEIGHT="30">
<TD COLSPAN="3" WIDTH="359" HEIGHT="23" AUPDATECONT="N" ENG="8. Entrusted brokerage company">8. 위탁투자중개업자</TD>
<TE COLSPAN="3" WIDTH="232" HEIGHT="23" ACODE="CI_BRK" VALIGN="MIDDLE">-</TE>
</TR>

<TR ACOPY="N" ADELETE="N" HEIGHT="30">
<TD ROWSPAN="4" VALIGN="MIDDLE" WIDTH="91" HEIGHT="113" AUPDATECONT="N" ENG="9. Treasury stock holding before disposal">9. 처분 전  자기주식  보유현황</TD>
<TD ROWSPAN="2" VALIGN="MIDDLE" WIDTH="158" HEIGHT="53" AUPDATECONT="N" ALIGN="CENTER" ENG="Acquisition within profits available for dividends (shrs.)">배당가능이익범위 내 취득(주)</TD>
<TD ALIGN="CENTER" WIDTH="92" HEIGHT="23" AUPDATECONT="N" ENG="Common stock">보통주식</TD>
<TE ALIGN="RIGHT" WIDTH="72" HEIGHT="23" ACODE="HLD_OSTK">63,000</TE>
<TD ALIGN="CENTER" WIDTH="71" HEIGHT="23" AUPDATECONT="N" ENG="Ratio (%)">비율(%)</TD>
<TE ALIGN="RIGHT" WIDTH="71" HEIGHT="23" ACODE="HLD_OSTK_RT">0.50</TE>
</TR>

<TR ACOPY="N" ADELETE="N" HEIGHT="30">
<TD ALIGN="CENTER" WIDTH="92" HEIGHT="23" AUPDATECONT="N" ENG="Different classes of stocks">기타주식</TD>
<TE ALIGN="RIGHT" WIDTH="72" HEIGHT="23" ACODE="HLD_ESTK">-</TE>
<TD ALIGN="CENTER" WIDTH="71" HEIGHT="23" AUPDATECONT="N" ENG="Ratio (%)">비율(%)</TD>
<TE ALIGN="RIGHT" WIDTH="71" HEIGHT="23" ACODE="HLD_ESTK_RT">-</TE>
</TR>

<TR ACOPY="N" ADELETE="N" HEIGHT="30">
<TD ROWSPAN="2" VALIGN="MIDDLE" WIDTH="158" HEIGHT="53" AUPDATECONT="N" ALIGN="CENTER" ENG="Other acquisition (shrs.)">기타취득(주)</TD>
<TD ALIGN="CENTER" WIDTH="92" HEIGHT="23" AUPDATECONT="N" ENG="Common stock">보통주식</TD>
<TE ALIGN="RIGHT" WIDTH="72" HEIGHT="23" ACODE="EG_OSTK">1,656</TE>
<TD ALIGN="CENTER" WIDTH="71" HEIGHT="23" AUPDATECONT="N" ENG="Ratio (%)">비율(%)</TD>
<TE ALIGN="RIGHT" WIDTH="71" HEIGHT="23" ACODE="EG_OSTK_RT">0.01</TE>
</TR>

<TR ACOPY="N" ADELETE="N" HEIGHT="30">
<TD ALIGN="CENTER" WIDTH="92" HEIGHT="23" AUPDATECONT="N" ENG="Different classes of stocks">기타주식</TD>
<TE ALIGN="RIGHT" WIDTH="72" HEIGHT="23" ACODE="EG_ESTK">-</TE>
<TD ALIGN="CENTER" WIDTH="71" HEIGHT="23" AUPDATECONT="N" ENG="Ratio (%)">비율(%)</TD>
<TE ALIGN="RIGHT" WIDTH="71" HEIGHT="23" ACODE="EG_ESTK_RT">-</TE>
</TR>

<TR ACOPY="N" ADELETE="N" HEIGHT="30">
<TD COLSPAN="3" WIDTH="359" HEIGHT="23" AUPDATECONT="N" ENG="10. Disposal decision date">10. 처분결정일</TD>
<TU COLSPAN="3" ALIGN="CENTER" WIDTH="232" HEIGHT="23" AUNIT="SEL_DATE" AUNITVALUE="20260105">2026년 01월 05일</TU>
</TR>

<TR ACOPY="N" ADELETE="N" HEIGHT="30">
<TD ROWSPAN="2" COLSPAN="2" VALIGN="MIDDLE" WIDTH="258" HEIGHT="53" AUPDATECONT="N" ENG="- Attendance of outside directors">   - 사외이사참석여부</TD>
<TD ALIGN="CENTER" WIDTH="92" HEIGHT="23" AUPDATECONT="N" ENG="Present (No.)">참석(명)</TD>
<TE COLSPAN="3" ALIGN="RIGHT" WIDTH="232" HEIGHT="23" ACODE="ATD_CNT">1</TE>
</TR>

<TR ACOPY="N" ADELETE="N" HEIGHT="30">
<TD ALIGN="CENTER" WIDTH="92" HEIGHT="23" AUPDATECONT="N" ENG="Absent (No.)">불참(명)</TD>
<TE COLSPAN="3" ALIGN="RIGHT" WIDTH="232" HEIGHT="23" ACODE="NATD_CNT">-</TE>
</TR>

<TR ACOPY="N" ADELETE="N" HEIGHT="30">
<TD COLSPAN="3" WIDTH="359" HEIGHT="23" AUPDATECONT="N" ENG="- Attendance of auditors (Members of Audit Committee who are not outside directors)">   - 감사(사외이사가 아닌 감사위원)참석여부</TD>
<TU COLSPAN="3" ALIGN="CENTER" WIDTH="232" HEIGHT="23" AUNIT="ADT_ATD_YN" AUNITVALUE="Y" ENG="Present">참석</TU>
</TR>

<TR ACOPY="N" ADELETE="N" HEIGHT="30">
<TD ROWSPAN="2" COLSPAN="2" VALIGN="MIDDLE" WIDTH="258" HEIGHT="53" AUPDATECONT="N" ENG="11. Limit of selling order per day">11. 1일 매도 주문수량 한도</TD>
<TD ALIGN="CENTER" WIDTH="92" HEIGHT="23" AUPDATECONT="N" ENG="Common stock">보통주식</TD>
<TE COLSPAN="3" ALIGN="RIGHT" WIDTH="232" HEIGHT="23" ACODE="SEL_OSTK_LMT">-</TE>
</TR>

<TR ACOPY="N" ADELETE="N" HEIGHT="30">
<TD ALIGN="CENTER" WIDTH="92" HEIGHT="23" AUPDATECONT="N" ENG="Different classes of stocks">기타주식</TD>
<TE COLSPAN="3" ALIGN="RIGHT" WIDTH="232" HEIGHT="23" ACODE="SEL_ESTK_LMT">-</TE>
</TR>
</TBODY>
</TABLE>
</TABLE-GROUP>

<TABLE ACLASS="NORMAL" AFIXTABLE="Y" WIDTH="600" BORDER="0">

<COLGROUP WIDTH="600">
<COL WIDTH="600"></COL>
</COLGROUP>

<TBODY>

<TR ACOPY="N" ADELETE="N" HEIGHT="30">
<TD WIDTH="591" HEIGHT="23" AUPDATECONT="N" ENG="12. Other matters to be factored into investment decisions">12. 기타 투자판단에 참고할 사항</TD>
</TR>
</TBODY>
</TABLE>
<P>- 상기 '2. 처분 대상 주식가격'은 이사회 전일(2026년 1월 2일) 당사 주식 종가 기준입니다.- 상기 '6. 처분방법'은 RSU(Restricted Stock Unit) 지급에 따른 자기주식 교부이므로 당사 자기주식 계좌에서 교부 대상자의 증권계좌로 직접 이체하는 방식으로 처분할 예정입니다. - 상기 '7. 처분대상'은 각 처분상대방별 처분주식수가 발행주식총수의 1% 미만에 해당되는 경우 OOO외 OO명으로 통합하여 기재할 수 있으며, 주요사항 보고서 제출일 현재 당사 발행주식총수는 12,839,840주 이며, 처분주식수는 총 14,000주로 발행주식총수의 1% 미만에 해당하는 점 참고하시기 바랍니다.- 교부 대상 인원은 총 10명이며, 권리 귀속 조건은 기준일까지의 재직 입니다.금번 RSU 1차 부여분(14,000주)의 재직 기준일은 부여일 2024년 11월 1일부터 2025년 12월 31일까지 입니다.</P>
<P></P>

<TABLE-GROUP ACLASS="TBL_OWN_STK" ADELETETABLE="N">

<TABLE ACLASS="NORMAL" AFIXTABLE="Y" WIDTH="600" BORDER="0">

<COLGROUP WIDTH="600">
<COL WIDTH="600"></COL>
</COLGROUP>

<TBODY>

<TR ACOPY="N" ADELETE="N" HEIGHT="30">
<TD WIDTH="591" HEIGHT="23" AUPDATECONT="N" ENG="【Status of Treasury Stock Holding before Decision on Disposal of Treasury Stock】">【자기주식 처분 결정 전 자기주식 보유현황】</TD>
</TR>
</TBODY>
</TABLE>

<TABLE ACLASS="EXTRACTION" AFIXTABLE="Y" WIDTH="765" BORDER="0">

<COLGROUP WIDTH="765">
<COL WIDTH="765"></COL>
</COLGROUP>

<TBODY>

<TR ACOPY="N" ADELETE="N" HEIGHT="30">
<TU ALIGN="RIGHT" VALIGN="BOTTOM" WIDTH="756" HEIGHT="23" AUNIT="STOCK" AUNITVALUE="1" ENG="(Unit: shares)">(단위 : 주)</TU>
</TR>
</TBODY>
</TABLE>

<TABLE ACLASS="EXTRACTION" AFIXTABLE="Y" WIDTH="767" BORDER="1">

<COLGROUP WIDTH="767">
<COL WIDTH="62"></COL>
<COL WIDTH="58"></COL>
<COL WIDTH="123"></COL>
<COL WIDTH="99"></COL>
<COL WIDTH="71"></COL>
<COL WIDTH="73"></COL>
<COL WIDTH="74"></COL>
<COL WIDTH="72"></COL>
<COL WIDTH="69"></COL>
<COL WIDTH="66"></COL>
</COLGROUP>

<THEAD>

<TR ACOPY="N" ADELETE="N" HEIGHT="30">
<TH VALIGN="MIDDLE" WIDTH="234" HEIGHT="53" ACOPYCOL="N" ADELETECOL="N" AMOVECOL="N" AUPDATECONT="N" ROWSPAN="2" COLSPAN="3" ENG="Acquisition method">취득방법</TH>
<TH VALIGN="MIDDLE" WIDTH="90" HEIGHT="53" ACOPYCOL="N" ADELETECOL="N" AMOVECOL="N" AUPDATECONT="N" ROWSPAN="2" ENG="Type of shares">주식의 종류</TH>
<TH VALIGN="MIDDLE" WIDTH="62" HEIGHT="53" ACOPYCOL="N" ADELETECOL="N" AMOVECOL="N" AUPDATECONT="N" ROWSPAN="2" ENG="Beginning balance">기초수량</TH>
<TH VALIGN="MIDDLE" WIDTH="210" HEIGHT="23" ACOPYCOL="N" ADELETECOL="N" AMOVECOL="N" AUPDATECONT="N" COLSPAN="3" ENG="Change in quantity">변동 수량</TH>
<TH VALIGN="MIDDLE" WIDTH="60" HEIGHT="53" ACOPYCOL="N" ADELETECOL="N" AMOVECOL="N" AUPDATECONT="N" ROWSPAN="2" ENG="Closing balance">기말수량</TH>
<TH VALIGN="MIDDLE" WIDTH="57" HEIGHT="53" ACOPYCOL="N" ADELETECOL="N" AMOVECOL="N" AUPDATECONT="N" ROWSPAN="2" ENG="Note">비고</TH>
</TR>

<TR ACOPY="N" ADELETE="N" HEIGHT="30">
<TH VALIGN="MIDDLE" WIDTH="64" HEIGHT="23" ACOPYCOL="N" ADELETECOL="N" AMOVECOL="N" AUPDATECONT="N" ENG="Acquisition (+)">취득(+)</TH>
<TH VALIGN="MIDDLE" WIDTH="65" HEIGHT="23" ACOPYCOL="N" ADELETECOL="N" AMOVECOL="N" AUPDATECONT="N" ENG="Disposal (-)">처분(-)</TH>
<TH VALIGN="MIDDLE" WIDTH="63" HEIGHT="23" ACOPYCOL="N" ADELETECOL="N" AMOVECOL="N" AUPDATECONT="N" ENG="Retirement (-)">소각(-)</TH>
</TR>
</THEAD>

<TBODY>

<TR ACOPY="N" ADELETE="N" HEIGHT="30">
<TD ROWSPAN="14" ALIGN="CENTER" VALIGN="MIDDLE" WIDTH="53" HEIGHT="413" AUPDATECONT="N" ENG="Acquisition within profits available for dividends">배당가능이익범위이내취득</TD>
<TD ROWSPAN="8" ALIGN="CENTER" VALIGN="MIDDLE" WIDTH="49" HEIGHT="233" AUPDATECONT="N" ENG="Direct acquisition">직접취득</TD>
<TD ALIGN="CENTER" VALIGN="MIDDLE" WIDTH="114" HEIGHT="53" AUPDATECONT="N" ROWSPAN="2" ENG="Direct acquisition on the exchange">장내 직접 취득</TD>
<TD ALIGN="CENTER" VALIGN="MIDDLE" WIDTH="90" HEIGHT="23" AUPDATECONT="N" ENG="Common stock">보통주식</TD>
<TE ALIGN="RIGHT" VALIGN="MIDDLE" WIDTH="62" HEIGHT="23" ACODE="DI_OSTK_BGN">63,000</TE>
<TE ALIGN="RIGHT" VALIGN="MIDDLE" WIDTH="64" HEIGHT="23" ACODE="DI_OSTK_ACQ">-</TE>
<TE ALIGN="RIGHT" VALIGN="MIDDLE" WIDTH="65" HEIGHT="23" ACODE="DI_OSTK_TRD">-</TE>
<TE ALIGN="RIGHT" VALIGN="MIDDLE" WIDTH="63" HEIGHT="23" ACODE="DI_OSTK_RTM">-</TE>
<TE ALIGN="RIGHT" VALIGN="MIDDLE" WIDTH="60" HEIGHT="23" ACODE="DI_OSTK_END">63,000</TE>
<TE VALIGN="MIDDLE" WIDTH="57" HEIGHT="23" ACODE="DI_OSTK_NOTE">-</TE>
</TR>

<TR ACOPY="N" ADELETE="N" HEIGHT="30">
<TD ALIGN="CENTER" VALIGN="MIDDLE" WIDTH="90" HEIGHT="23" AUPDATECONT="N" ENG="Different classes of stocks">기타주식</TD>
<TE ALIGN="RIGHT" VALIGN="MIDDLE" WIDTH="62" HEIGHT="23" ACODE="DI_ESTK_BGN">-</TE>
<TE ALIGN="RIGHT" VALIGN="MIDDLE" WIDTH="64" HEIGHT="23" ACODE="DI_ESTK_ACQ">-</TE>
<TE ALIGN="RIGHT" VALIGN="MIDDLE" WIDTH="65" HEIGHT="23" ACODE="DI_ESTK_TRD">-</TE>
<TE ALIGN="RIGHT" VALIGN="MIDDLE" WIDTH="63" HEIGHT="23" ACODE="DI_ESTK_RTM">-</TE>
<TE ALIGN="RIGHT" VALIGN="MIDDLE" WIDTH="60" HEIGHT="23" ACODE="DI_ESTK_END">-</TE>
<TE VALIGN="MIDDLE" WIDTH="57" HEIGHT="23" ACODE="DI_ESTK_NOTE">-</TE>
</TR>

<TR ACOPY="N" ADELETE="N" HEIGHT="30">
<TD ALIGN="CENTER" VALIGN="MIDDLE" WIDTH="114" HEIGHT="53" AUPDATECONT="N" ROWSPAN="2" ENG="Direct acquisition in OTC">장외직접 취득</TD>
<TD ALIGN="CENTER" VALIGN="MIDDLE" WIDTH="90" HEIGHT="23" AUPDATECONT="N" ENG="Common stock">보통주식</TD>
<TE ALIGN="RIGHT" VALIGN="MIDDLE" WIDTH="62" HEIGHT="23" ACODE="DO_OSTK_BGN">-</TE>
<TE ALIGN="RIGHT" VALIGN="MIDDLE" WIDTH="64" HEIGHT="23" ACODE="DO_OSTK_ACQ">-</TE>
<TE ALIGN="RIGHT" VALIGN="MIDDLE" WIDTH="65" HEIGHT="23" ACODE="DO_OSTK_TRD">-</TE>
<TE ALIGN="RIGHT" VALIGN="MIDDLE" WIDTH="63" HEIGHT="23" ACODE="DO_OSTK_RTM">-</TE>
<TE ALIGN="RIGHT" VALIGN="MIDDLE" WIDTH="60" HEIGHT="23" ACODE="DO_OSTK_END">-</TE>
<TE VALIGN="MIDDLE" WIDTH="57" HEIGHT="23" ACODE="DO_OSTK_NOTE">-</TE>
</TR>

<TR ACOPY="N" ADELETE="N" HEIGHT="30">
<TD ALIGN="CENTER" VALIGN="MIDDLE" WIDTH="90" HEIGHT="23" AUPDATECONT="N" ENG="Different classes of stocks">기타주식</TD>
<TE ALIGN="RIGHT" VALIGN="MIDDLE" WIDTH="62" HEIGHT="23" ACODE="DO_ESTK_BGN">-</TE>
<TE ALIGN="RIGHT" VALIGN="MIDDLE" WIDTH="64" HEIGHT="23" ACODE="DO_ESTK_ACQ">-</TE>
<TE ALIGN="RIGHT" VALIGN="MIDDLE" WIDTH="65" HEIGHT="23" ACODE="DO_ESTK_TRD">-</TE>
<TE ALIGN="RIGHT" VALIGN="MIDDLE" WIDTH="63" HEIGHT="23" ACODE="DO_ESTK_RTM">-</TE>
<TE ALIGN="RIGHT" VALIGN="MIDDLE" WIDTH="60" HEIGHT="23" ACODE="DO_ESTK_END">-</TE>
<TE VALIGN="MIDDLE" WIDTH="57" HEIGHT="23" ACODE="DO_ESTK_NOTE">-</TE>
</TR>

<TR ACOPY="N" ADELETE="N" HEIGHT="30">
<TD ALIGN="CENTER" VALIGN="MIDDLE" WIDTH="114" HEIGHT="53" AUPDATECONT="N" ROWSPAN="2" ENG="Tender offer">공개매수</TD>
<TD ALIGN="CENTER" VALIGN="MIDDLE" WIDTH="90" HEIGHT="23" AUPDATECONT="N" ENG="Common stock">보통주식</TD>
<TE ALIGN="RIGHT" VALIGN="MIDDLE" WIDTH="62" HEIGHT="23" ACODE="DP_OSTK_BGN">-</TE>
<TE ALIGN="RIGHT" VALIGN="MIDDLE" WIDTH="64" HEIGHT="23" ACODE="DP_OSTK_ACQ">-</TE>
<TE ALIGN="RIGHT" VALIGN="MIDDLE" WIDTH="65" HEIGHT="23" ACODE="DP_OSTK_TRD">-</TE>
<TE ALIGN="RIGHT" VALIGN="MIDDLE" WIDTH="63" HEIGHT="23" ACODE="DP_OSTK_RTM">-</TE>
<TE ALIGN="RIGHT" VALIGN="MIDDLE" WIDTH="60" HEIGHT="23" ACODE="DP_OSTK_END">-</TE>
<TE VALIGN="MIDDLE" WIDTH="57" HEIGHT="23" ACODE="DP_OSTK_NOTE">-</TE>
</TR>

<TR ACOPY="N" ADELETE="N" HEIGHT="30">
<TD ALIGN="CENTER" VALIGN="MIDDLE" WIDTH="90" HEIGHT="23" AUPDATECONT="N" ENG="Different classes of stocks">기타주식</TD>
<TE ALIGN="RIGHT" VALIGN="MIDDLE" WIDTH="62" HEIGHT="23" ACODE="DP_ESTK_BGN">-</TE>
<TE ALIGN="RIGHT" VALIGN="MIDDLE" WIDTH="64" HEIGHT="23" ACODE="DP_ESTK_ACQ">-</TE>
<TE ALIGN="RIGHT" VALIGN="MIDDLE" WIDTH="65" HEIGHT="23" ACODE="DP_ESTK_TRD">-</TE>
<TE ALIGN="RIGHT" VALIGN="MIDDLE" WIDTH="63" HEIGHT="23" ACODE="DP_ESTK_RTM">-</TE>
<TE ALIGN="RIGHT" VALIGN="MIDDLE" WIDTH="60" HEIGHT="23" ACODE="DP_ESTK_END">-</TE>
<TE VALIGN="MIDDLE" WIDTH="57" HEIGHT="23" ACODE="DP_ESTK_NOTE">-</TE>
</TR>

<TR ACOPY="N" ADELETE="N" HEIGHT="30">
<TD ALIGN="CENTER" VALIGN="MIDDLE" WIDTH="114" HEIGHT="53" AUPDATECONT="N" ROWSPAN="2" ENG="Subtotal (a)">소계(a)</TD>
<TD ALIGN="CENTER" VALIGN="MIDDLE" WIDTH="90" HEIGHT="23" AUPDATECONT="N" ENG="Common stock">보통주식</TD>
<TE ALIGN="RIGHT" VALIGN="MIDDLE" WIDTH="62" HEIGHT="23" ACODE="DSUM_OSTK_BGN">63,000</TE>
<TE ALIGN="RIGHT" VALIGN="MIDDLE" WIDTH="64" HEIGHT="23" ACODE="DSUM_OSTK_ACQ">-</TE>
<TE ALIGN="RIGHT" VALIGN="MIDDLE" WIDTH="65" HEIGHT="23" ACODE="DSUM_OSTK_TRD">-</TE>
<TE ALIGN="RIGHT" VALIGN="MIDDLE" WIDTH="63" HEIGHT="23" ACODE="DSUM_OSTK_RTM">-</TE>
<TE ALIGN="RIGHT" VALIGN="MIDDLE" WIDTH="60" HEIGHT="23" ACODE="DSUM_OSTK_END">63,000</TE>
<TE VALIGN="MIDDLE" WIDTH="57" HEIGHT="23" ACODE="DSUM_OSTK_NOTE">-</TE>
</TR>

<TR ACOPY="N" ADELETE="N" HEIGHT="30">
<TD ALIGN="CENTER" VALIGN="MIDDLE" WIDTH="90" HEIGHT="23" AUPDATECONT="N" ENG="Different classes of stocks">기타주식</TD>
<TE ALIGN="RIGHT" VALIGN="MIDDLE" WIDTH="62" HEIGHT="23" ACODE="DSUM_ESTK_BGN">-</TE>
<TE ALIGN="RIGHT" VALIGN="MIDDLE" WIDTH="64" HEIGHT="23" ACODE="DSUM_ESTK_ACQ">-</TE>
<TE ALIGN="RIGHT" VALIGN="MIDDLE" WIDTH="65" HEIGHT="23" ACODE="DSUM_ESTK_TRD">-</TE>
<TE ALIGN="RIGHT" VALIGN="MIDDLE" WIDTH="63" HEIGHT="23" ACODE="DSUM_ESTK_RTM">-</TE>
<TE ALIGN="RIGHT" VALIGN="MIDDLE" WIDTH="60" HEIGHT="23" ACODE="DSUM_ESTK_END">-</TE>
<TE VALIGN="MIDDLE" WIDTH="57" HEIGHT="23" ACODE="DSUM_ESTK_NOTE">-</TE>
</TR>

<TR ACOPY="N" ADELETE="N" HEIGHT="30">
<TD ROWSPAN="6" ALIGN="CENTER" VALIGN="MIDDLE" WIDTH="49" HEIGHT="173" AUPDATECONT="N" ENG="Acquisition by trust contract">신탁계약에 의한취득</TD>
<TD ALIGN="CENTER" VALIGN="MIDDLE" WIDTH="114" HEIGHT="53" AUPDATECONT="N" ROWSPAN="2" ENG="Number of shares indirectly held through trust contracts">수탁자 보유물량</TD>
<TD ALIGN="CENTER" VALIGN="MIDDLE" WIDTH="90" HEIGHT="23" AUPDATECONT="N" ENG="Common stock">보통주식</TD>
<TE ALIGN="RIGHT" VALIGN="MIDDLE" WIDTH="62" HEIGHT="23" ACODE="TF_OSTK_BGN">-</TE>
<TE ALIGN="RIGHT" VALIGN="MIDDLE" WIDTH="64" HEIGHT="23" ACODE="TF_OSTK_ACQ">-</TE>
<TE ALIGN="RIGHT" VALIGN="MIDDLE" WIDTH="65" HEIGHT="23" ACODE="TF_OSTK_TRD">-</TE>
<TE ALIGN="RIGHT" VALIGN="MIDDLE" WIDTH="63" HEIGHT="23" ACODE="TF_OSTK_RTM">-</TE>
<TE ALIGN="RIGHT" VALIGN="MIDDLE" WIDTH="60" HEIGHT="23" ACODE="TF_OSTK_END">-</TE>
<TE VALIGN="MIDDLE" WIDTH="57" HEIGHT="23" ACODE="TF_OSTK_NOTE">-</TE>
</TR>

<TR ACOPY="N" ADELETE="N" HEIGHT="30">
<TD ALIGN="CENTER" VALIGN="MIDDLE" WIDTH="90" HEIGHT="23" AUPDATECONT="N" ENG="Different classes of stocks">기타주식</TD>
<TE ALIGN="RIGHT" VALIGN="MIDDLE" WIDTH="62" HEIGHT="23" ACODE="TF_ESTK_BGN">-</TE>
<TE ALIGN="RIGHT" VALIGN="MIDDLE" WIDTH="64" HEIGHT="23" ACODE="TF_ESTK_ACQ">-</TE>
<TE ALIGN="RIGHT" VALIGN="MIDDLE" WIDTH="65" HEIGHT="23" ACODE="TF_ESTK_TRD">-</TE>
<TE ALIGN="RIGHT" VALIGN="MIDDLE" WIDTH="63" HEIGHT="23" ACODE="TF_ESTK_RTM">-</TE>
<TE ALIGN="RIGHT" VALIGN="MIDDLE" WIDTH="60" HEIGHT="23" ACODE="TF_ESTK_END">-</TE>
<TE VALIGN="MIDDLE" WIDTH="57" HEIGHT="23" ACODE="TF_ESTK_NOTE">-</TE>
</TR>

<TR ACOPY="N" ADELETE="N" HEIGHT="30">
<TD ALIGN="CENTER" VALIGN="MIDDLE" WIDTH="114" HEIGHT="53" AUPDATECONT="N" ROWSPAN="2" ENG="Number of shares directly held">현물보유물량</TD>
<TD ALIGN="CENTER" VALIGN="MIDDLE" WIDTH="90" HEIGHT="23" AUPDATECONT="N" ENG="Common stock">보통주식</TD>
<TE ALIGN="RIGHT" VALIGN="MIDDLE" WIDTH="62" HEIGHT="23" ACODE="TS_OSTK_BGN">-</TE>
<TE ALIGN="RIGHT" VALIGN="MIDDLE" WIDTH="64" HEIGHT="23" ACODE="TS_OSTK_ACQ">-</TE>
<TE ALIGN="RIGHT" VALIGN="MIDDLE" WIDTH="65" HEIGHT="23" ACODE="TS_OSTK_TRD">-</TE>
<TE ALIGN="RIGHT" VALIGN="MIDDLE" WIDTH="63" HEIGHT="23" ACODE="TS_OSTK_RTM">-</TE>
<TE ALIGN="RIGHT" VALIGN="MIDDLE" WIDTH="60" HEIGHT="23" ACODE="TS_OSTK_END">-</TE>
<TE VALIGN="MIDDLE" WIDTH="57" HEIGHT="23" ACODE="TS_OSTK_NOTE">-</TE>
</TR>

<TR ACOPY="N" ADELETE="N" HEIGHT="30">
<TD ALIGN="CENTER" VALIGN="MIDDLE" WIDTH="90" HEIGHT="23" AUPDATECONT="N" ENG="Different classes of stocks">기타주식</TD>
<TE ALIGN="RIGHT" VALIGN="MIDDLE" WIDTH="62" HEIGHT="23" ACODE="TS_ESTK_BGN">-</TE>
<TE ALIGN="RIGHT" VALIGN="MIDDLE" WIDTH="64" HEIGHT="23" ACODE="TS_ESTK_ACQ">-</TE>
<TE ALIGN="RIGHT" VALIGN="MIDDLE" WIDTH="65" HEIGHT="23" ACODE="TS_ESTK_TRD">-</TE>
<TE ALIGN="RIGHT" VALIGN="MIDDLE" WIDTH="63" HEIGHT="23" ACODE="TS_ESTK_RTM">-</TE>
<TE ALIGN="RIGHT" VALIGN="MIDDLE" WIDTH="60" HEIGHT="23" ACODE="TS_ESTK_END">-</TE>
<TE VALIGN="MIDDLE" WIDTH="57" HEIGHT="23" ACODE="TS_ESTK_NOTE">-</TE>
</TR>

<TR ACOPY="N" ADELETE="N" HEIGHT="30">
<TD ALIGN="CENTER" VALIGN="MIDDLE" WIDTH="114" HEIGHT="53" AUPDATECONT="N" ROWSPAN="2" ENG="Subtotal (b)">소계(b)</TD>
<TD ALIGN="CENTER" VALIGN="MIDDLE" WIDTH="90" HEIGHT="23" AUPDATECONT="N" ENG="Common stock">보통주식</TD>
<TE ALIGN="RIGHT" VALIGN="MIDDLE" WIDTH="62" HEIGHT="23" ACODE="TSUM_OSTK_BGN">-</TE>
<TE ALIGN="RIGHT" VALIGN="MIDDLE" WIDTH="64" HEIGHT="23" ACODE="TSUM_OSTK_ACQ">-</TE>
<TE ALIGN="RIGHT" VALIGN="MIDDLE" WIDTH="65" HEIGHT="23" ACODE="TSUM_OSTK_TRD">-</TE>
<TE ALIGN="RIGHT" VALIGN="MIDDLE" WIDTH="63" HEIGHT="23" ACODE="TSUM_OSTK_RTM">-</TE>
<TE ALIGN="RIGHT" VALIGN="MIDDLE" WIDTH="60" HEIGHT="23" ACODE="TSUM_OSTK_END">-</TE>
<TE VALIGN="MIDDLE" WIDTH="57" HEIGHT="23" ACODE="TSUM_OSTK_NOTE">-</TE>
</TR>

<TR ACOPY="N" ADELETE="N" HEIGHT="30">
<TD ALIGN="CENTER" VALIGN="MIDDLE" WIDTH="90" HEIGHT="23" AUPDATECONT="N" ENG="Different classes of stocks">기타주식</TD>
<TE ALIGN="RIGHT" VALIGN="MIDDLE" WIDTH="62" HEIGHT="23" ACODE="TSUM_ESTK_BGN">-</TE>
<TE ALIGN="RIGHT" VALIGN="MIDDLE" WIDTH="64" HEIGHT="23" ACODE="TSUM_ESTK_ACQ">-</TE>
<TE ALIGN="RIGHT" VALIGN="MIDDLE" WIDTH="65" HEIGHT="23" ACODE="TSUM_ESTK_TRD">-</TE>
<TE ALIGN="RIGHT" VALIGN="MIDDLE" WIDTH="63" HEIGHT="23" ACODE="TSUM_ESTK_RTM">-</TE>
<TE ALIGN="RIGHT" VALIGN="MIDDLE" WIDTH="60" HEIGHT="23" ACODE="TSUM_ESTK_END">-</TE>
<TE VALIGN="MIDDLE" WIDTH="57" HEIGHT="23" ACODE="TSUM_ESTK_NOTE">-</TE>
</TR>

<TR ACOPY="N" ADELETE="N" HEIGHT="30">
<TD ROWSPAN="2" ALIGN="CENTER" VALIGN="MIDDLE" WIDTH="234" HEIGHT="53" AUPDATECONT="N" COLSPAN="3" ENG="Other acquisition (c)">기타 취득(c)</TD>
<TD ALIGN="CENTER" VALIGN="MIDDLE" WIDTH="90" HEIGHT="23" AUPDATECONT="N" ENG="Common stock">보통주식</TD>
<TE ALIGN="RIGHT" VALIGN="MIDDLE" WIDTH="62" HEIGHT="23" ACODE="EG_OSTK_BGN">1,656</TE>
<TE ALIGN="RIGHT" VALIGN="MIDDLE" WIDTH="64" HEIGHT="23" ACODE="EG_OSTK_ACQ">-</TE>
<TE ALIGN="RIGHT" VALIGN="MIDDLE" WIDTH="65" HEIGHT="23" ACODE="EG_OSTK_TRD">-</TE>
<TE ALIGN="RIGHT" VALIGN="MIDDLE" WIDTH="63" HEIGHT="23" ACODE="EG_OSTK_RTM">-</TE>
<TE ALIGN="RIGHT" VALIGN="MIDDLE" WIDTH="60" HEIGHT="23" ACODE="EG_OSTK_END">1,656</TE>
<TE VALIGN="MIDDLE" WIDTH="57" HEIGHT="23" ACODE="EG_OSTK_NOTE">-</TE>
</TR>

<TR ACOPY="N" ADELETE="N" HEIGHT="30">
<TD ALIGN="CENTER" VALIGN="MIDDLE" WIDTH="90" HEIGHT="23" AUPDATECONT="N" ENG="Different classes of stocks">기타주식</TD>
<TE ALIGN="RIGHT" VALIGN="MIDDLE" WIDTH="62" HEIGHT="23" ACODE="EG_ESTK_BGN">-</TE>
<TE ALIGN="RIGHT" VALIGN="MIDDLE" WIDTH="64" HEIGHT="23" ACODE="EG_ESTK_ACQ">-</TE>
<TE ALIGN="RIGHT" VALIGN="MIDDLE" WIDTH="65" HEIGHT="23" ACODE="EG_ESTK_TRD">-</TE>
<TE ALIGN="RIGHT" VALIGN="MIDDLE" WIDTH="63" HEIGHT="23" ACODE="EG_ESTK_RTM">-</TE>
<TE ALIGN="RIGHT" VALIGN="MIDDLE" WIDTH="60" HEIGHT="23" ACODE="EG_ESTK_END">-</TE>
<TE VALIGN="MIDDLE" WIDTH="57" HEIGHT="23" ACODE="EG_ESTK_NOTE">-</TE>
</TR>

<TR ACOPY="N" ADELETE="N" HEIGHT="30">
<TD ROWSPAN="2" ALIGN="CENTER" VALIGN="MIDDLE" WIDTH="234" HEIGHT="53" AUPDATECONT="N" COLSPAN="3" ENG="Total (a+b+c)">총 계(a+b+c)</TD>
<TD ALIGN="CENTER" VALIGN="MIDDLE" WIDTH="90" HEIGHT="23" AUPDATECONT="N" ENG="Common stock">보통주식</TD>
<TE ALIGN="RIGHT" VALIGN="MIDDLE" WIDTH="62" HEIGHT="23" ACODE="TOT_OSTK_BGN">64,656</TE>
<TE ALIGN="RIGHT" VALIGN="MIDDLE" WIDTH="64" HEIGHT="23" ACODE="TOT_OSTK_ACQ">-</TE>
<TE ALIGN="RIGHT" VALIGN="MIDDLE" WIDTH="65" HEIGHT="23" ACODE="TOT_OSTK_TRD">-</TE>
<TE ALIGN="RIGHT" VALIGN="MIDDLE" WIDTH="63" HEIGHT="23" ACODE="TOT_OSTK_RTM">-</TE>
<TE ALIGN="RIGHT" VALIGN="MIDDLE" WIDTH="60" HEIGHT="23" ACODE="TOT_OSTK_END">64,656</TE>
<TE VALIGN="MIDDLE" WIDTH="57" HEIGHT="23" ACODE="TOT_OSTK_NOTE">-</TE>
</TR>

<TR ACOPY="N" ADELETE="N" HEIGHT="30">
<TD ALIGN="CENTER" VALIGN="MIDDLE" WIDTH="90" HEIGHT="23" AUPDATECONT="N" ENG="Different classes of stocks">기타주식</TD>
<TE ALIGN="RIGHT" VALIGN="MIDDLE" WIDTH="62" HEIGHT="23" ACODE="TOT_ESTK_BGN">-</TE>
<TE ALIGN="RIGHT" VALIGN="MIDDLE" WIDTH="64" HEIGHT="23" ACODE="TOT_ESTK_ACQ">-</TE>
<TE ALIGN="RIGHT" VALIGN="MIDDLE" WIDTH="65" HEIGHT="23" ACODE="TOT_ESTK_TRD">-</TE>
<TE ALIGN="RIGHT" VALIGN="MIDDLE" WIDTH="63" HEIGHT="23" ACODE="TOT_ESTK_RTM">-</TE>
<TE ALIGN="RIGHT" VALIGN="MIDDLE" WIDTH="60" HEIGHT="23" ACODE="TOT_ESTK_END">-</TE>
<TE VALIGN="MIDDLE" WIDTH="57" HEIGHT="23" ACODE="TOT_ESTK_NOTE">-</TE>
</TR>
</TBODY>
</TABLE>
</TABLE-GROUP>
<P>주1) 상기 "기초수량"은 직전 사업연도인 2025년 1월 1일 기준이며, "기말수량"은 공시서류 작성기준일 현재 보유수량입니다.</P>
<P></P>

<TABLE ACLASS="NORMAL" AFIXTABLE="Y" WIDTH="608" BORDER="0">

<COLGROUP WIDTH="608">
<COL WIDTH="608"></COL>
</COLGROUP>

<TBODY>

<TR ACOPY="N" ADELETE="N" HEIGHT="30">
<TD WIDTH="599" HEIGHT="23" AUPDATECONT="N" ENG="【Additional matters to disclose】">【추가공시 사항】</TD>
</TR>
</TBODY>
</TABLE>
<P>1. 처분상대방별 회사 또는 최대주주와의 관계</P>
<P> - 처분상대방 : 당사 임직원(등기임원 2명 포함) - 회사 또는 최대주주와의 관계 : 등기임원 2명은 특수관계자 입니다.</P>
<P>2. 처분상대방 선정사유</P>
<P> - 임직원에 대한 중장기 인센티브 부여 및 리텐션 강화를 위하여 이사회 결의에 의하여 10인의 임직원을 선정하였습니다. </P>
<P>3. 처분상대방별 처분주식수(주)</P>
<P> - 보통주 14,000 주</P>
<P>4. 가격 산정근거</P>
<P> - 이사회 결의일 전일(1월 2일) 거래소 종가 기준으로 작성하였습니다.</P>
<P>5. 예상되는 주식가치 희석효과</P>
<P> - 금번 처분 결정은 신주 발행 방식이 아닌 보유 중인 자기주식을 활용하는 것으로, 총 발행주식수의 변동이 없으므로 주당 순자산가치 및 지분율 희석이 발생하지 않습니다.</P>
<P>6. 기타 투자판단에 참고할 사항</P>
<P>상기 '12. 기타 투자판단에 참고할 사항'을 참고하시기 바랍니다.</P>
</SECTION-1>
</BODY>
</DOCUMENT>