<?xml version="1.0" encoding="utf-8"?>


<DOCUMENT xmlns:xsi="http://www.w3.org/2001/XMLSchema-instance" xsi:noNamespaceSchemaLocation="dart4.xsd">

<DOCUMENT-NAME ACODE="80718">특수관계인으로부터자금차입</DOCUMENT-NAME>
<FORMULA-VERSION ADATE="20240129">6.0</FORMULA-VERSION>
<COMPANY-NAME AREGCIK="01155042">케이지모빌리티커머셜</COMPANY-NAME>


<BODY ATOCID="1">

<SECTION-1 ACLASS="MANDATORY" APARTSOURCE="SOURCE">
<TITLE ATOC="Y" AASSOCNOTE="D-0-1-0-0" ENG="Borrowing Funds from Related Party" ATOCID="1">특수관계인으로부터 자금차입</TITLE>
<P></P>

<TABLE ACLASS="NORMAL" WIDTH="754" BORDER="1">

<COLGROUP WIDTH="754">
<COL WIDTH="93"></COL>
<COL WIDTH="37"></COL>
<COL WIDTH="63"></COL>
<COL WIDTH="169"></COL>
<COL WIDTH="78"></COL>
<COL WIDTH="92"></COL>
<COL WIDTH="78"></COL>
<COL WIDTH="144"></COL>
</COLGROUP>

<TBODY>

<TR ACOPY="Y" ADELETE="Y" HEIGHT="30">
<TD ALIGN="CENTER" VALIGN="MIDDLE" WIDTH="84" HEIGHT="23">기업집단명</TD>
<TD VALIGN="MIDDLE" WIDTH="28" HEIGHT="23">KG</TD>
<TD ALIGN="CENTER" VALIGN="MIDDLE" WIDTH="54" HEIGHT="23">회사명</TD>
<TD VALIGN="MIDDLE" WIDTH="160" HEIGHT="23">KG모빌리티커머셜(주)</TD>
<TD ALIGN="CENTER" VALIGN="MIDDLE" WIDTH="69" HEIGHT="23">공시일자</TD>
<TD VALIGN="MIDDLE" WIDTH="83" HEIGHT="23">2026.01.06</TD>
<TD ALIGN="CENTER" VALIGN="MIDDLE" WIDTH="69" HEIGHT="23">관련법규</TD>
<TD ALIGN="CENTER" VALIGN="MIDDLE" WIDTH="135" HEIGHT="23">공정거래법 제26조</TD>
</TR>
</TBODY>
</TABLE>
<P></P>

<TABLE ACLASS="NORMAL" AFIXTABLE="N" WIDTH="618" BORDER="0">

<COLGROUP WIDTH="618">
<COL WIDTH="235"></COL>
<COL WIDTH="383"></COL>
</COLGROUP>

<TBODY>

<TR ACOPY="Y" ADELETE="Y" HEIGHT="30">
<TD WIDTH="226" HEIGHT="23"></TD>
<TD ALIGN="RIGHT" WIDTH="374" HEIGHT="23">(단위 : 백만 원)</TD>
</TR>
</TBODY>
</TABLE>

<TABLE BORDER="1" WIDTH="617" ACLASS="NORMAL">

<COLGROUP WIDTH="617">
<COL WIDTH="156"></COL>
<COL WIDTH="84"></COL>
<COL WIDTH="120"></COL>
<COL WIDTH="131"></COL>
<COL WIDTH="126"></COL>
</COLGROUP>

<TBODY>

<TR ACOPY="Y" ADELETE="Y" HEIGHT="30">
<TD COLSPAN="2" VALIGN="MIDDLE" WIDTH="231" HEIGHT="23">1. 차입유형</TD>
<TD COLSPAN="3" ALIGN="CENTER" VALIGN="MIDDLE" WIDTH="368" HEIGHT="23">단기차입금</TD>
</TR>

<TR ACOPY="Y" ADELETE="Y" HEIGHT="30">
<TD COLSPAN="5" VALIGN="MIDDLE" WIDTH="608" HEIGHT="23">2. 차입 내역</TD>
</TR>

<TR ACOPY="Y" ADELETE="Y" HEIGHT="30">
<TD COLSPAN="2" VALIGN="MIDDLE" WIDTH="231" HEIGHT="23">가. 계약체결일</TD>
<TD COLSPAN="3" ALIGN="CENTER" VALIGN="MIDDLE" WIDTH="368" HEIGHT="23">2025.12.31</TD>
</TR>

<TR ACOPY="Y" ADELETE="Y" HEIGHT="30">
<TD COLSPAN="2" VALIGN="MIDDLE" WIDTH="231" HEIGHT="23">나. 차입처</TD>
<TD ALIGN="CENTER" VALIGN="MIDDLE" WIDTH="111" HEIGHT="23">KG모빌리티(주)</TD>
<TD ALIGN="CENTER" VALIGN="MIDDLE" WIDTH="122" HEIGHT="23">회사와의 관계</TD>
<TD ALIGN="CENTER" VALIGN="MIDDLE" WIDTH="117" HEIGHT="23">계열회사</TD>
</TR>

<TR ACOPY="Y" ADELETE="Y" HEIGHT="53">
<TD COLSPAN="2" VALIGN="MIDDLE" WIDTH="231" HEIGHT="46">다. 차입기간</TD>
<TD ALIGN="CENTER" VALIGN="MIDDLE" WIDTH="111" HEIGHT="46">2025.12.31~2026.12.31</TD>
<TD ALIGN="CENTER" VALIGN="MIDDLE" WIDTH="122" HEIGHT="46">상환일</TD>
<TD ALIGN="CENTER" VALIGN="MIDDLE" WIDTH="117" HEIGHT="46">2026.12.31</TD>
</TR>

<TR ACOPY="Y" ADELETE="Y" HEIGHT="30">
<TD COLSPAN="2" VALIGN="MIDDLE" WIDTH="231" HEIGHT="23">라. 차입금액</TD>
<TD COLSPAN="3" ALIGN="CENTER" VALIGN="MIDDLE" WIDTH="368" HEIGHT="23">12,300</TD>
</TR>

<TR ACOPY="Y" ADELETE="Y" HEIGHT="30">
<TD COLSPAN="2" VALIGN="MIDDLE" WIDTH="231" HEIGHT="23">- 직전사업연도말 자기자본 </TD>
<TD COLSPAN="3" ALIGN="CENTER" VALIGN="MIDDLE" WIDTH="368" HEIGHT="23">41,649</TD>
</TR>

<TR ACOPY="Y" ADELETE="Y" HEIGHT="30">
<TD COLSPAN="2" VALIGN="MIDDLE" WIDTH="231" HEIGHT="23">- 자기자본대비 (%)</TD>
<TD COLSPAN="3" ALIGN="CENTER" VALIGN="MIDDLE" WIDTH="368" HEIGHT="23">29.53</TD>
</TR>

<TR ACOPY="Y" ADELETE="Y" HEIGHT="30">
<TD COLSPAN="2" VALIGN="MIDDLE" WIDTH="231" HEIGHT="23">마. 이자율(%)</TD>
<TD COLSPAN="3" ALIGN="CENTER" VALIGN="MIDDLE" WIDTH="368" HEIGHT="23">년5.2</TD>
</TR>

<TR ACOPY="Y" ADELETE="Y" HEIGHT="30">
<TD COLSPAN="2" VALIGN="MIDDLE" WIDTH="231" HEIGHT="23">바. 상환방법</TD>
<TD COLSPAN="3" ALIGN="CENTER" VALIGN="MIDDLE" WIDTH="368" HEIGHT="23">만기일시상환(중도상환가능)</TD>
</TR>

<TR ACOPY="Y" ADELETE="Y" HEIGHT="30">
<TD COLSPAN="2" VALIGN="MIDDLE" WIDTH="231" HEIGHT="23">3. 자금용도</TD>
<TD COLSPAN="3" ALIGN="CENTER" VALIGN="MIDDLE" WIDTH="368" HEIGHT="23">운영자금</TD>
</TR>

<TR ACOPY="Y" ADELETE="Y" HEIGHT="53">
<TD COLSPAN="2" VALIGN="MIDDLE" WIDTH="231" HEIGHT="46">4. 거래상대방과의 차입총계 (해당 사업연도 기준)</TD>
<TD COLSPAN="3" ALIGN="CENTER" VALIGN="MIDDLE" WIDTH="368" HEIGHT="46">17,800</TD>
</TR>

<TR ACOPY="Y" ADELETE="Y" HEIGHT="30">
<TD COLSPAN="2" VALIGN="MIDDLE" WIDTH="231" HEIGHT="23">5. 이사회 의결일</TD>
<TD COLSPAN="3" ALIGN="CENTER" VALIGN="MIDDLE" WIDTH="368" HEIGHT="23">2025.12.24</TD>
</TR>

<TR ACOPY="Y" ADELETE="Y" HEIGHT="30">
<TD ROWSPAN="2" VALIGN="MIDDLE" WIDTH="147" HEIGHT="53">- 사외이사 참석여부</TD>
<TD ALIGN="CENTER" VALIGN="MIDDLE" WIDTH="75" HEIGHT="23">참석(명)</TD>
<TD COLSPAN="3" ALIGN="CENTER" VALIGN="MIDDLE" WIDTH="368" HEIGHT="23">-</TD>
</TR>

<TR ACOPY="Y" ADELETE="Y" HEIGHT="30">
<TD ALIGN="CENTER" VALIGN="MIDDLE" WIDTH="75" HEIGHT="23">불참(명)</TD>
<TD COLSPAN="3" ALIGN="CENTER" VALIGN="MIDDLE" WIDTH="368" HEIGHT="23">-</TD>
</TR>

<TR ACOPY="Y" ADELETE="Y" HEIGHT="30">
<TD COLSPAN="2" VALIGN="MIDDLE" WIDTH="231" HEIGHT="23">- 감사(감사위원)참석여부</TD>
<TD COLSPAN="3" ALIGN="CENTER" VALIGN="MIDDLE" WIDTH="368" HEIGHT="23">참석</TD>
</TR>

<TR ACOPY="Y" ADELETE="Y" HEIGHT="53">
<TD COLSPAN="2" VALIGN="MIDDLE" WIDTH="231" HEIGHT="46">6. 해당회사의 직전사업연도말 자산총액 </TD>
<TD ALIGN="CENTER" VALIGN="MIDDLE" WIDTH="111" HEIGHT="46">112,302</TD>
<TD ALIGN="CENTER" VALIGN="MIDDLE" WIDTH="122" HEIGHT="46">자산총액 대비(%)</TD>
<TD ALIGN="CENTER" VALIGN="MIDDLE" WIDTH="117" HEIGHT="46">10.95</TD>
</TR>

<TR ACOPY="Y" ADELETE="Y" HEIGHT="260">
<TD COLSPAN="2" VALIGN="MIDDLE" WIDTH="231" HEIGHT="253">7. 기타</TD>
<TD COLSPAN="3" VALIGN="MIDDLE" WIDTH="368" HEIGHT="253">가. 본 건은 KG모빌리티에 대한 기존 차입금의 일부가 만료되어 기간을 연장하는 건임.나. 상기 '4. 거래상대방과의 차입총계'는 금번 차입금의 연장건을 포함한 총 누적잔액 기준임.다. 상기 차입금은 당사자간의 합의에 따라 전액 또는 일부를 중도상환 가능함.라. 본 건과 관련한 세부사항의 결정 및 집행은 대표이사에게 일임함.</TD>
</TR>

<TR ACOPY="Y" ADELETE="Y" HEIGHT="30">
<TD COLSPAN="2" VALIGN="MIDDLE" WIDTH="231" HEIGHT="23">※ 관련공시일</TD>
<TD COLSPAN="3" ALIGN="CENTER" VALIGN="MIDDLE" WIDTH="368" HEIGHT="23">2025.01.06</TD>
</TR>
</TBODY>
</TABLE>
<P></P>
</SECTION-1>
</BODY>
</DOCUMENT>