<html>
 <head> 
  <meta content="gdi" http-equiv="X-UA-TextLayoutMetrics"> 
  <meta content="text/html; charset=euc-kr" http-equiv="Content-Type"> 
  <STYLE>
.xforms * { font-family: 돋움체;}
.xforms_title * { font-size: 13pt; padding : 0 0 10 0;}

.xforms table {
    font-size: 10px;
    padding:0px;
    border-collapse:collapse;
    color: #3D3D3D;
}
.xforms td {
    padding-left:0px;
    padding-top:0px;
    border-collapse:collapse;
    line-height:22px;
    color: #3D3D3D;
    /*text-align:right;*/
    vertical-align:middle;
    border: 1px solid #7f7f7f;
}

.xforms span {
    /*display: inline-block;*/
    padding-left:3px;
    padding-right: 1px;
    line-height:22px;
    padding-top:0px;
    padding-bottom:0px;
    text-align:left;
    vertical-align:middle;
    border: 0px solid #DBDBDB;
}

.xforms.img{
    border : 0px;
}

.xforms a:link {

    color: #194866;
    text-decoration: none;
}
.xforms a:active {

    color: #194866;
    text-decoration: none;
}
.xforms a:visited {
    color: #194866;
    text-decoration: none;
}

.xforms A:hover {
    color:008BE3;
    text-decoration: none;
}

.xforms_input{
    border: 0px solid #DBDBDB;
    padding-left:3px;
    padding-right: 1px;
    height:22px;
    padding-top:0px;
    padding-bottom:0px;
    text-align:left;
}
</STYLE> 
  <title>로지스몬/주주총회소집 결의/(2026.01.06)주주총회소집 결의</title> 
 </head> 
 <body> 
  <div class="xforms"> 
   <div> 
    <span class="noprint" style="display:none;width:600px;font-size:10pt;"> </span> 
    <div class="xforms_title"> 
     <div> 
      <span style="width:588px;font-weight:bold;text-align:center;">주주총회소집 결의</span> 
     </div> 
    </div> 
    <table border="1" bordercolordark="white" bordercolorlight="#666666" cellpadding="1" cellspacing="0" id="XFormD2_Form0_Table0" style="margin:0px 0px 20px 0px;width:594px;font-size:10pt;border:1px solid #7f7f7f;"> 
     <tbody> 
      <tr> 
       <td rowspan="2" width="137"> <span style="width:137px;font-size:10pt;">1. 일시</span> </td> 
       <td width="87"> <span style="width:87px;font-size:10pt;text-align:center;">날짜</span> </td> 
       <td colspan="2" width="370"> <span class="xforms_input" style="width:370px;font-size:10pt;">2026-02-20</span> </td> 
      </tr> 
      <tr> 
       <td width="87"> <span style="width:87px;font-size:10pt;text-align:center;">시간</span> </td> 
       <td colspan="2" width="370"> <span class="xforms_input" style="width:370px;font-size:10pt;">오전 10시</span> </td> 
      </tr> 
      <tr> 
       <td colspan="2" width="224"> <span style="width:224px;font-size:10pt;">2. 장소</span> </td> 
       <td colspan="2" width="370"> <span class="xforms_input" style="width:370px;font-size:10pt;">서울특별시 성동구 왕십리로 58, 1212호(본점 회의실)</span> </td> 
      </tr> 
      <tr> 
       <td colspan="2" width="224"> <span style="width:224px;font-size:10pt;">3. 의안 주요내용</span> </td> 
       <td colspan="2" width="370"> <span class="xforms_input" style="width:370px;font-size:10pt;">【부의안건】 <br xmlns:java="http://xml.apache.org/xalan/java">
         <!--?javax.xml.transform.disable-output-escaping?--> 
         <!--?javax.xml.transform.enable-output-escaping?-->제1호 의안: 정관 일부 변경의 건</span> </td> 
      </tr> 
      <tr> 
       <td colspan="2" width="224"> <span style="width:224px;font-size:10pt;">4. 이사회결의일(결정일)</span> </td> 
       <td colspan="2" width="370"> <span class="xforms_input" style="width:370px;font-size:10pt;">2026-01-06</span> </td> 
      </tr> 
      <tr> 
       <td rowspan="2" width="137"> <span style="width:137px;font-size:10pt;">-사외이사 참석여부</span> </td> 
       <td width="87"> <span style="width:87px;font-size:10pt;text-align:center;">참석(명)</span> </td> 
       <td colspan="2" width="370"> <span class="xforms_input" style="width:370px;font-size:10pt;text-align:right;">-</span> </td> 
      </tr> 
      <tr> 
       <td width="87"> <span style="width:87px;font-size:10pt;text-align:center;">불참(명)</span> </td> 
       <td colspan="2" width="370"> <span class="xforms_input" style="width:370px;font-size:10pt;text-align:right;">-</span> </td> 
      </tr> 
      <tr> 
       <td colspan="2" width="224"> <span style="width:224px;font-size:10pt;">-감사(사외이사가 아닌 감사위원) 참석여부</span> </td> 
       <td colspan="2" width="370"> <span class="xforms_input" style="width:370px;font-size:10pt;">참석</span> </td> 
      </tr> 
      <tr> 
       <td colspan="2" width="224"> <span style="width:224px;font-size:10pt;">-주주총회 구분</span> </td> 
       <td colspan="2" width="370"> <span class="xforms_input" style="width:370px;font-size:10pt;">임시주주총회</span> </td> 
      </tr> 
      <tr> 
       <td colspan="4" width="594"> <span style="width:594px;font-size:10pt;">5. 기타 투자판단과 관련한 중요사항</span> </td> 
      </tr> 
      <tr> 
       <td colspan="4" width="594"> <span class="xforms_input" style="width:594px;font-size:10pt;">- 상기 일정은 업무진행 상황 등에 따라 변동될 수 있으며, 변동사항 발생시 정정공시를 통해 안내할 예정입니다.</span> </td> 
      </tr> 
      <tr> 
       <td width="137"> <span style="width:137px;font-size:10pt;">※관련공시</span> </td> 
       <td colspan="3" width="457"> <span class="xforms_input" style="width:457px;font-size:10pt;">-</span> </td> 
      </tr> 
     </tbody> 
    </table> 
    <span class="noprint" style="display:none;width:600px;font-size:10pt;"> </span> 
    <span class="noprint" style="display:none;width:600px;font-size:10pt;"> </span> 
    <span class="noprint" style="display:none;width:600px;font-size:10pt;"> </span> 
    <span class="noprint" style="display:none;width:600px;font-size:10pt;"> </span> 
    <span class="noprint" style="display:none;width:600px;font-size:10pt;"> </span> 
    <span class="noprint" style="display:none;width:600px;font-size:10pt;"> </span> 
    <span class="noprint" style="display:none;width:600px;font-size:10pt;"> </span> 
    <span class="noprint" style="display:none;width:600px;font-size:10pt;"> </span> 
    <span class="noprint" style="display:none;width:600px;font-size:10pt;"> </span> 
    <span class="noprint" style="display:none;width:600px;font-size:10pt;"> </span> 
   </div> 
  </div>  
 </body>
</html>