<html>
 <head> 
  <meta content="gdi" http-equiv="X-UA-TextLayoutMetrics"> 
  <meta content="text/html; charset=euc-kr" http-equiv="Content-Type"> 
  <STYLE>
.xforms * { font-family: 돋움체;}
.xforms_title * { font-size: 13pt; padding : 0 0 10 0;}

.xforms table {
    font-size: 10px;
    padding:0px;
    border-collapse:collapse;
    color: #3D3D3D;
}
.xforms td {
    padding-left:0px;
    padding-top:0px;
    border-collapse:collapse;
    line-height:22px;
    color: #3D3D3D;
    /*text-align:right;*/
    vertical-align:middle;
    border: 1px solid #7f7f7f;
}

.xforms span {
    /*display: inline-block;*/
    padding-left:3px;
    padding-right: 1px;
    line-height:22px;
    padding-top:0px;
    padding-bottom:0px;
    text-align:left;
    vertical-align:middle;
    border: 0px solid #DBDBDB;
}

.xforms.img{
    border : 0px;
}

.xforms a:link {

    color: #194866;
    text-decoration: none;
}
.xforms a:active {

    color: #194866;
    text-decoration: none;
}
.xforms a:visited {
    color: #194866;
    text-decoration: none;
}

.xforms A:hover {
    color:008BE3;
    text-decoration: none;
}

.xforms_input{
    border: 0px solid #DBDBDB;
    padding-left:3px;
    padding-right: 1px;
    height:22px;
    padding-top:0px;
    padding-bottom:0px;
    text-align:left;
}
</STYLE> 
  <title>KS인더스트리/기타 경영사항(자율공시)/(2026.01.07)기타 경영사항(자율공시)(주주명부 열람 및 등사 가처분 이의신청)</title> 
 </head> 
 <body> 
  <div class="xforms"> 
   <div> 
    <span class="noprint" style="display:none;width:600px;font-size:10pt;"> </span> 
    <div class="xforms_title"> 
     <div> 
      <span style="width:600px;font-weight:bold;text-align:center;">기타 경영사항(자율공시)</span> 
     </div> 
    </div> 
    <span class="noprint" style="display:none;width:600px;font-size:10pt;"> </span> 
    <table border="1" bordercolordark="white" bordercolorlight="#666666" cellpadding="1" cellspacing="0" id="XFormD5_Form0_Table0" style="margin:0px 0px 20px 0px;width:599px;font-size:10pt;border:1px solid #7f7f7f;"> 
     <tbody> 
      <tr> 
       <td width="219"> <span style="width:219px;font-size:10pt;">1. 제목</span> </td> 
       <td colspan="2" width="380"> <span class="xforms_input" style="width:380px;font-size:10pt;">주주명부 열람 및 등사 가처분 이의신청</span> </td> 
      </tr> 
      <tr> 
       <td width="219"> <span style="width:219px;font-size:10pt;">2. 주요내용</span> </td> 
       <td colspan="2" width="380"> <span class="xforms_input" style="width:380px;font-size:10pt;">1.사건번호 : 창원지방법원 마산지원 2026카합20000 <br xmlns:java="http://xml.apache.org/xalan/java"> <br xmlns:java="http://xml.apache.org/xalan/java">2.채권자 : 이엘엠시스템 주식회사 <br xmlns:java="http://xml.apache.org/xalan/java"> <br xmlns:java="http://xml.apache.org/xalan/java">3.채무자 : 주식회사 케이에스인더스트리 <br xmlns:java="http://xml.apache.org/xalan/java"> <br xmlns:java="http://xml.apache.org/xalan/java">4.신청취지 <br xmlns:java="http://xml.apache.org/xalan/java"> <br xmlns:java="http://xml.apache.org/xalan/java">1) 창원지방법원 마산지원 2026. 1. 2.자 2025카합20043 결정 중 채무자는 이 결정을 송달받은 날의 3일 후부터 토요일 및 공휴일을 제외한 5영업일 동안 영업시간 내에 한하여 채무자의 본점에서 채권자 또는 그 대리인에게 채무자의 주주명부(2026. 1. 2. 기준, 주주의 성명, 주소 전체, 각 주주가 가진 주식의 종류와 수량이 기재된 것)를 열람 및 등사(열전사 방식에 의한 서면 복사, 사진촬영 및 USB 등 이동식 저장장치로의 복사 및 컴퓨터 소프트 파일 형태로의 제공 포함)하도록 허용하여야 한다는 부분의 결정을 취소한다. <br xmlns:java="http://xml.apache.org/xalan/java"> <br xmlns:java="http://xml.apache.org/xalan/java">2) 채권자의 주주명부 열람 및 등사 신청을 기각한다. <br xmlns:java="http://xml.apache.org/xalan/java"> <br xmlns:java="http://xml.apache.org/xalan/java">3) 소송비용은 제1, 2심 모두 채권자가 부담한다. <br xmlns:java="http://xml.apache.org/xalan/java">라는 결정을 구합니다.</span> </td> 
      </tr> 
      <tr> 
       <td width="219"> <span style="width:219px;font-size:10pt;">3. 결정(확인)일자</span> </td> 
       <td colspan="2" width="380"> <span class="xforms_input" style="width:380px;font-size:10pt;">2026-01-06</span> </td> 
      </tr> 
      <tr> 
       <td colspan="3" width="599"> <span style="width:599px;font-size:10pt;">4. 기타 투자판단에 참고할 사항</span> </td> 
      </tr> 
      <tr> 
       <td colspan="3" width="599"> <span class="xforms_input" style="width:599px;font-size:10pt;">-본 공시는 2026.01.05 소송 등의 판결·결정(주주명부 열람 및 등사)에 대한 당사의 즉시항고 및 법원의 보정명령에 따른 공시입니다. <br xmlns:java="http://xml.apache.org/xalan/java">-상기 "3. 결정(확인)일자"는 당사가 이의신청서를 법원에 접수한 일자입니다.</span> </td> 
      </tr> 
      <tr> 
       <td width="219"> <span style="width:219px;font-size:10pt;">※ 관련공시</span> </td> 
       <td colspan="2" width="380"> <span style="width:380px;font-size:10pt;"> <a href="http://kind.krx.co.kr/common/disclsviewer.do?method=search&amp;acptno=20260107000001&amp;rcpno=20260107000001&amp;orgid=K&amp;tran=Y&amp;langTpCd=0" target="_blank" xmlns="http://www.w3.org/1999/xhtml" xmlns:xf="http://www.w3.org/2002/xforms" xmlns:xh="http://www.w3.org/1999/xhtml" xmlns:xsd="http://www.w3.org/2001/XMLSchema">2026-01-07 기타 경영사항(자율공시)(주주명부열람등사 가처분 결정에 따른 즉시항고장 접수)</a> <br xmlns:java="http://xml.apache.org/xalan/java"> <a href="http://kind.krx.co.kr/common/disclsviewer.do?method=search&amp;acptno=20260106000364&amp;rcpno=20260106000364&amp;orgid=K&amp;tran=Y&amp;langTpCd=0" target="_blank" xmlns="http://www.w3.org/1999/xhtml" xmlns:xf="http://www.w3.org/2002/xforms" xmlns:xh="http://www.w3.org/1999/xhtml" xmlns:xsd="http://www.w3.org/2001/XMLSchema">2026-01-06 기타 경영사항(자율공시)(주주명부열람등사 가처분 결정에 따른 즉시항고장 접수)</a> <br xmlns:java="http://xml.apache.org/xalan/java"> <a href="http://kind.krx.co.kr/common/disclsviewer.do?method=search&amp;acptno=20260105000167&amp;rcpno=20260105000167&amp;orgid=K&amp;tran=Y&amp;langTpCd=0" target="_blank" xmlns="http://www.w3.org/1999/xhtml" xmlns:xf="http://www.w3.org/2002/xforms" xmlns:xh="http://www.w3.org/1999/xhtml" xmlns:xsd="http://www.w3.org/2001/XMLSchema">2026-01-05 소송등의판결ㆍ결정(주주명부 열람 및 등사)</a> <br xmlns:java="http://xml.apache.org/xalan/java"> <a href="http://kind.krx.co.kr/common/disclsviewer.do?method=search&amp;acptno=20251231000386&amp;rcpno=20251231000386&amp;orgid=K&amp;tran=Y&amp;langTpCd=0" target="_blank" xmlns="http://www.w3.org/1999/xhtml" xmlns:xf="http://www.w3.org/2002/xforms" xmlns:xh="http://www.w3.org/1999/xhtml" xmlns:xsd="http://www.w3.org/2001/XMLSchema">2025-12-31 소송 등의 제기ㆍ신청(경영권 분쟁 소송)(주주명부 열람및 등사 신청서)</a> <br xmlns:java="http://xml.apache.org/xalan/java"> </span> </td> 
      </tr> 
     </tbody> 
    </table> 
    <span class="noprint" style="display:none;width:600px;font-size:10pt;"> </span> 
    <span class="noprint" style="display:none;width:600px;font-size:10pt;"> </span> 
   </div> 
  </div>  
 </body>
</html>