<html>
 <head> 
  <meta content="gdi" http-equiv="X-UA-TextLayoutMetrics"> 
  <meta content="text/html; charset=euc-kr" http-equiv="Content-Type"> 
  <STYLE>
.xforms * { font-family: 돋움체;}
.xforms_title * { font-size: 13pt; padding : 0 0 10 0;}

.xforms table {
    font-size: 10px;
    padding:0px;
    border-collapse:collapse;
    color: #3D3D3D;
}
.xforms td {
    padding-left:0px;
    padding-top:0px;
    border-collapse:collapse;
    line-height:22px;
    color: #3D3D3D;
    /*text-align:right;*/
    vertical-align:middle;
    border: 1px solid #7f7f7f;
}

.xforms span {
    /*display: inline-block;*/
    padding-left:3px;
    padding-right: 1px;
    line-height:22px;
    padding-top:0px;
    padding-bottom:0px;
    text-align:left;
    vertical-align:middle;
    border: 0px solid #DBDBDB;
}

.xforms.img{
    border : 0px;
}

.xforms a:link {

    color: #194866;
    text-decoration: none;
}
.xforms a:active {

    color: #194866;
    text-decoration: none;
}
.xforms a:visited {
    color: #194866;
    text-decoration: none;
}

.xforms A:hover {
    color:008BE3;
    text-decoration: none;
}

.xforms_input{
    border: 0px solid #DBDBDB;
    padding-left:3px;
    padding-right: 1px;
    height:22px;
    padding-top:0px;
    padding-bottom:0px;
    text-align:left;
}
</STYLE> 
  <title>로지스몬/주주명부폐쇄기간 또는 기준일 설정/(2026.01.06)주주명부폐쇄기간 또는 기준일 설정</title> 
 </head> 
 <body> 
  <div class="xforms"> 
   <div> 
    <span class="noprint" style="display:none;width:600px;font-size:10pt;"> </span> 
    <div class="xforms_title"> 
     <div> 
      <span style="width:588px;font-weight:bold;text-align:center;">주주명부폐쇄기간 또는 기준일 설정</span> 
     </div> 
    </div> 
    <table border="1" bordercolordark="white" bordercolorlight="#666666" cellpadding="1" cellspacing="0" id="XFormD3_Form0_Table0" style="margin:0px 0px 20px 0px;width:601px;font-size:10pt;border:1px solid #7f7f7f;"> 
     <tbody> 
      <tr> 
       <td colspan="2" width="242"> <span style="width:242px;font-size:10pt;">1. 기준일</span> </td> 
       <td colspan="2" width="359"> <span class="xforms_input" style="width:359px;font-size:10pt;">2026-01-21</span> </td> 
      </tr> 
      <tr> 
       <td rowspan="2" width="162"> <span style="width:162px;font-size:10pt;">2. 주주명부폐쇄기간</span> </td> 
       <td width="80"> <span style="width:80px;font-size:10pt;">-시작일</span> </td> 
       <td colspan="2" width="359"> <span class="xforms_input" style="width:359px;font-size:10pt;">-</span> </td> 
      </tr> 
      <tr> 
       <td width="80"> <span style="width:80px;font-size:10pt;">-종료일</span> </td> 
       <td colspan="2" width="359"> <span class="xforms_input" style="width:359px;font-size:10pt;">-</span> </td> 
      </tr> 
      <tr> 
       <td colspan="2" width="242"> <span style="width:242px;font-size:10pt;">3. 설정사유</span> </td> 
       <td colspan="2" width="359"> <span class="xforms_input" style="width:359px;font-size:10pt;">임시주주총회 개최를 위한 권리주주 확정</span> </td> 
      </tr> 
      <tr> 
       <td colspan="2" width="242"> <span style="width:242px;font-size:10pt;">4. 이사회결의일</span> </td> 
       <td colspan="2" width="359"> <span class="xforms_input" style="width:359px;font-size:10pt;">2026-01-06</span> </td> 
      </tr> 
      <tr> 
       <td colspan="2" rowspan="2" width="242"> <span style="width:242px;font-size:10pt;">5. 기타 투자판단과 관련한 중요사항</span> </td> 
       <td colspan="2" width="359"> <span class="xforms_input" style="width:359px;font-size:10pt;">- 당사 정관 제19조(주주명부의 폐쇄 및 기준일)에 의거하였습니다. <br xmlns:java="http://xml.apache.org/xalan/java"> <br xmlns:java="http://xml.apache.org/xalan/java">-「주식ㆍ사채 등의 전자등록에 관한 법률」시행에 따라 주주명부폐쇄 시작일과 종료일은 기재하지 않습니다.</span> </td> 
      </tr> 
      <tr> 
       <td width="96"> <span style="width:96px;font-size:10pt;">※관련공시</span> </td> 
       <td width="263"> <span class="xforms_input" style="width:263px;font-size:10pt;">2026-01-06 주주총회소집결의</span> </td> 
      </tr> 
     </tbody> 
    </table> 
   </div> 
  </div>  
 </body>
</html>