<?xml version="1.0" encoding="utf-8"?>


<DOCUMENT xmlns:xsi="http://www.w3.org/2001/XMLSchema-instance" xsi:noNamespaceSchemaLocation="dart4.xsd">

<DOCUMENT-NAME ACODE="00634">임원ㆍ주요주주 특정증권등 소유상황보고서</DOCUMENT-NAME>
<FORMULA-VERSION ADATE="20251201">6.1</FORMULA-VERSION>
<COMPANY-NAME AREGCIK="01014055">에스트래픽(주)</COMPANY-NAME>

<SUMMARY>
<EXTRACTION ACODE="OUTDATE" AFEATURE="BOTH">20211125</EXTRACTION>
</SUMMARY>


<BODY ATOCID="7">

<COVER>
<P></P>
<COVER-TITLE ATOC="Y" AASSOCNOTE="COVER" ATOCID="1" ENG="Report on Status of Specific Securities, etc. Owned by Executives and Major Shareholders">임원ㆍ주요주주 특정증권등 소유상황보고서</COVER-TITLE>
<P></P>

<TABLE-GROUP ACLASS="RPT_RSP_DT" ADELETETABLE="N">

<TABLE ACLASS="EXTRACTION" AFIXTABLE="Y" WIDTH="600" BORDER="0">

<COLGROUP WIDTH="600">
<COL WIDTH="260"></COL>
<COL WIDTH="163"></COL>
<COL WIDTH="177"></COL>
</COLGROUP>

<TBODY>

<TR ACOPY="Y" ADELETE="Y" HEIGHT="30">
<TD WIDTH="251" HEIGHT="23">증권선물위원회 귀중</TD>
<TD WIDTH="154" HEIGHT="23"></TD>
<TD ALIGN="CENTER" WIDTH="168" HEIGHT="23"></TD>
</TR>

<TR ACOPY="Y" ADELETE="Y" HEIGHT="30">
<TD WIDTH="251" HEIGHT="23">한국거래소 귀중</TD>
<TD WIDTH="154" HEIGHT="23"></TD>
<TD ALIGN="CENTER" WIDTH="168" HEIGHT="23"></TD>
</TR>

<TR ACOPY="Y" ADELETE="Y" HEIGHT="30">
<TD ROWSPAN="2" WIDTH="251" HEIGHT="53"></TD>
<TD WIDTH="154" HEIGHT="23" AUPDATECONT="N" ENG="Date of occurrence of reporting obligation:">보고의무발생일   :</TD>
<TU ALIGN="CENTER" WIDTH="168" HEIGHT="23" AUNIT="RPT_RSP_DT" AUNITVALUE="20260105">2026년 01월 05일</TU>
</TR>

<TR ACOPY="Y" ADELETE="Y" HEIGHT="30">
<TD WIDTH="154" HEIGHT="23" AUPDATECONT="N" ENG="Report preparation date:">보고서작성기준일 : </TD>
<TU ALIGN="CENTER" WIDTH="168" HEIGHT="23" AUNIT="RPT_REF_DT" AUNITVALUE="20260105">2026년 01월 05일</TU>
</TR>
</TBODY>
</TABLE>
</TABLE-GROUP>
<P></P>

<TABLE ACLASS="NORMAL" AFIXTABLE="Y" WIDTH="600" BORDER="1">

<COLGROUP WIDTH="600">
<COL WIDTH="600"></COL>
</COLGROUP>

<TBODY>

<TR ACOPY="Y" ADELETE="Y" HEIGHT="76">
<TD WIDTH="591" HEIGHT="69" AUPDATECONT="N" ENG="※ I hereby confirm that my ownership status of specific securities, etc., as of the date of preparation of the report has been accurately disclosed in accordance with applicable laws and regulations and with due diligence in writing, and that there are no misstatements or omissions of important matters.">※ 보고자 본인은 보고서작성기준일 현재 본인의 특정증권등의 소유상황을 관련 법규 및 기재상의 주의에 따라 정확하게 작성하였고, 중요한 사항의 허위기재 또는 기재누락이 없음을 확인합니다.</TD>
</TR>
</TBODY>
</TABLE>
<P></P>

<TABLE ACLASS="NORMAL" AFIXTABLE="N" WIDTH="600" BORDER="0">

<COLGROUP WIDTH="600">
<COL WIDTH="169"></COL>
<COL WIDTH="431"></COL>
</COLGROUP>

<TBODY>

<TR ACOPY="Y" ADELETE="Y" HEIGHT="30">
<TD ALIGN="CENTER" VALIGN="MIDDLE" WIDTH="160" HEIGHT="23">보고자 :</TD>
<TD VALIGN="MIDDLE" WIDTH="422" HEIGHT="23">양찬모</TD>
</TR>
</TBODY>
</TABLE>
<P></P>
<P></P>
<PGBRK></PGBRK>
<P></P>
</COVER>

<LIBRARY>
<SECTION-1 ACLASS="MANDATORY" APARTSOURCE="SOURCE">

<SECTION-2 ACLASS="MANDATORY">
<TITLE ATOC="Y" AASSOCNOTE="D-0-1-1-0" ATOCID="2" ENG="1. Matters related to the issuing company">1. 발행회사에 관한 사항</TITLE>

<TABLE-GROUP ACLASS="CRP_NM" ADELETETABLE="N">

<TABLE ACLASS="EXTRACTION" AFIXTABLE="Y" WIDTH="600" BORDER="1">

<COLGROUP WIDTH="600">
<COL WIDTH="150"></COL>
<COL WIDTH="137"></COL>
<COL WIDTH="163"></COL>
<COL WIDTH="150"></COL>
</COLGROUP>

<TBODY>

<TR ACOPY="Y" ADELETE="Y" HEIGHT="30">
<TD ALIGN="CENTER" VALIGN="MIDDLE" WIDTH="141" HEIGHT="23" AUPDATECONT="N" ENG="Company name">회 사 명</TD>
<TE VALIGN="MIDDLE" WIDTH="441" HEIGHT="23" ACODE="CRP_NM" COLSPAN="3">에스트래픽(주)</TE>
</TR>

<TR ACOPY="Y" ADELETE="Y" HEIGHT="30">
<TD ALIGN="CENTER" VALIGN="MIDDLE" WIDTH="141" HEIGHT="23" AUPDATECONT="N" ENG="Corporation type">법인구분</TD>
<TU ALIGN="CENTER" VALIGN="MIDDLE" WIDTH="128" HEIGHT="23" AUNIT="CRP_DST" AUNITVALUE="2" ENG="KOSDAQ market listed corporation">코스닥상장법인</TU>
<TD ALIGN="CENTER" VALIGN="MIDDLE" WIDTH="154" HEIGHT="23" AUPDATECONT="N" ENG="Company code">회사코드 </TD>
<TE ALIGN="CENTER" VALIGN="MIDDLE" WIDTH="141" HEIGHT="23" ACODE="CRP_CD">234300</TE>
</TR>

<TR ACOPY="Y" ADELETE="Y" HEIGHT="30">
<TD ALIGN="CENTER" VALIGN="MIDDLE" WIDTH="141" HEIGHT="23" AUPDATECONT="N" ENG="Total number of shares issued">발행주식 총수</TD>
<TE ALIGN="CENTER" VALIGN="MIDDLE" WIDTH="441" HEIGHT="23" ACODE="FLT_SUM" COLSPAN="3">27,207,780</TE>
</TR>
</TBODY>
</TABLE>
</TABLE-GROUP>
<P></P>
</SECTION-2>

<SECTION-2 ACLASS="MANDATORY">
<TITLE ATOC="Y" AASSOCNOTE="D-0-1-2-0" ATOCID="3" ENG="2. Matters related to the reporting entity">2. 보고자에 관한 사항</TITLE>

<TABLE-GROUP ACLASS="IFR_NM" ADELETETABLE="N">

<TABLE ACLASS="EXTRACTION" AFIXTABLE="Y" WIDTH="735" BORDER="1">

<COLGROUP WIDTH="735">
<COL WIDTH="187"></COL>
<COL WIDTH="120"></COL>
<COL WIDTH="137"></COL>
<COL WIDTH="90"></COL>
<COL WIDTH="201"></COL>
</COLGROUP>

<TBODY>

<TR ACOPY="Y" ADELETE="Y" HEIGHT="30">
<TD ALIGN="CENTER" VALIGN="MIDDLE" WIDTH="178" HEIGHT="23" AUPDATECONT="N" ENG="Type of reporting">보고구분</TD>
<TU ALIGN="CENTER" VALIGN="MIDDLE" WIDTH="111" HEIGHT="23" AUNIT="RPT_DST" AUNITVALUE="2" ENG="Changes">변동</TU>
<TD ALIGN="CENTER" VALIGN="MIDDLE" WIDTH="128" HEIGHT="23" AUPDATECONT="N" ENG="Reporting entity classification">보고자 구분</TD>
<TU COLSPAN="2" ALIGN="CENTER" VALIGN="MIDDLE" WIDTH="282" HEIGHT="23" AUNIT="IFR_TP" AUNITVALUE="D" ENG="Individual (domestic)">개인(국내)</TU>
</TR>

<TR ACOPY="Y" ADELETE="Y" HEIGHT="30">
<TD ROWSPAN="2" ALIGN="CENTER" VALIGN="MIDDLE" WIDTH="178" HEIGHT="53" AUPDATECONT="N" ENG="Name (Title)">성명(명칭)</TD>
<TD ALIGN="CENTER" VALIGN="MIDDLE" WIDTH="111" HEIGHT="23" AUPDATECONT="N" ENG="Korean">한     글</TD>
<TE ALIGN="CENTER" VALIGN="MIDDLE" WIDTH="128" HEIGHT="23" ACODE="IFR_NM">양찬모</TE>
<TD ALIGN="CENTER" VALIGN="MIDDLE" WIDTH="81" HEIGHT="23" AUPDATECONT="N" ENG="Chinese characters (English)">한자(영문)</TD>
<TE ALIGN="CENTER" VALIGN="MIDDLE" WIDTH="192" HEIGHT="23" ACODE="IFR_NM_HJ">梁贊模(CHANMO YANG)</TE>
</TR>

<TR ACOPY="Y" ADELETE="Y" HEIGHT="30">
<TD COLSPAN="2" ALIGN="CENTER" VALIGN="MIDDLE" WIDTH="248" HEIGHT="23" AUPDATECONT="N" ENG="Date of birth or business registration No., etc.">생년월일 또는 사업자등록번호 등</TD>
<TE COLSPAN="2" ALIGN="CENTER" VALIGN="MIDDLE" WIDTH="282" HEIGHT="23" ACODE="IFR_ID2">650719</TE>
</TR>

<TR ACOPY="Y" ADELETE="Y" HEIGHT="53">
<TD ALIGN="CENTER" VALIGN="MIDDLE" WIDTH="178" HEIGHT="46" AUPDATECONT="N" ENG="Address (Head office) [Building name/number can be omitted]">주소(본점소재지)[읍ㆍ면ㆍ동까지만 기재]</TD>
<TE COLSPAN="4" VALIGN="MIDDLE" WIDTH="539" HEIGHT="46" ACODE="IFR_ADR2">서울시 서초구 반포동</TE>
</TR>

<TR ACOPY="Y" ADELETE="Y" HEIGHT="30">
<TD ROWSPAN="3" ALIGN="CENTER" VALIGN="MIDDLE" WIDTH="178" HEIGHT="83" AUPDATECONT="N" ENG="Relationship to issuing company">발행회사와의 관계</TD>
<TD ALIGN="CENTER" VALIGN="MIDDLE" WIDTH="111" HEIGHT="23" AUPDATECONT="N" ENG="Executives (registered or not)">임원(등기여부)</TD>
<TU ALIGN="CENTER" VALIGN="MIDDLE" WIDTH="128" HEIGHT="23" AUNIT="STF_RYN" AUNITVALUE="N" ENG="Non-Registered executive">비등기임원</TU>
<TD ALIGN="CENTER" VALIGN="MIDDLE" WIDTH="81" HEIGHT="23" AUPDATECONT="N" ENG="Position">직위명</TD>
<TE ALIGN="CENTER" VALIGN="MIDDLE" WIDTH="192" HEIGHT="23" ACODE="STF_PSM">부사장</TE>
</TR>

<TR ACOPY="Y" ADELETE="Y" HEIGHT="30">
<TD ALIGN="CENTER" VALIGN="MIDDLE" WIDTH="111" HEIGHT="23" AUPDATECONT="N" ENG="Appointment date">선임일</TD>
<TU ALIGN="CENTER" VALIGN="MIDDLE" WIDTH="128" HEIGHT="23" AUNIT="STF_APT_DT" AUNITVALUE="20200201">2020년 02월 01일</TU>
<TD ALIGN="CENTER" VALIGN="MIDDLE" WIDTH="81" HEIGHT="23" AUPDATECONT="N" ENG="Retirement date">퇴임일</TD>
<TU ALIGN="CENTER" VALIGN="MIDDLE" WIDTH="192" HEIGHT="23" AUNIT="STF_RET_DT" AUNITVALUE="-">-</TU>
</TR>

<TR ACOPY="Y" ADELETE="Y" HEIGHT="30">
<TD ALIGN="CENTER" VALIGN="MIDDLE" WIDTH="111" HEIGHT="23" AUPDATECONT="N" ENG="Principal shareholder">주요주주</TD>
<TU COLSPAN="3" ALIGN="CENTER" VALIGN="MIDDLE" WIDTH="419" HEIGHT="23" AUNIT="MAIN_SH" AUNITVALUE="4" ENG="-">-</TU>
</TR>

<TR ACOPY="Y" ADELETE="Y" HEIGHT="30">
<TD ROWSPAN="4" ALIGN="CENTER" VALIGN="MIDDLE" WIDTH="178" HEIGHT="113" AUPDATECONT="N" ENG="Contact points and person in charge">업무상 연락처및 담당자</TD>
<TD ALIGN="CENTER" VALIGN="MIDDLE" WIDTH="111" HEIGHT="23" AUPDATECONT="N" ENG="Affiliated company">소속회사</TD>
<TE ALIGN="CENTER" VALIGN="MIDDLE" WIDTH="128" HEIGHT="23" ACODE="RSP_MAN_DPT">에스트래픽(주)</TE>
<TD ALIGN="CENTER" VALIGN="MIDDLE" WIDTH="81" HEIGHT="23" AUPDATECONT="N" ENG="Department">부      서</TD>
<TE ALIGN="CENTER" VALIGN="MIDDLE" WIDTH="192" HEIGHT="23" ACODE="RSP_MAN_DPT2">경영지원실</TE>
</TR>

<TR ACOPY="Y" ADELETE="Y" HEIGHT="30">
<TD ALIGN="CENTER" VALIGN="MIDDLE" WIDTH="111" HEIGHT="23" AUPDATECONT="N" ENG="Position">직      위</TD>
<TE ALIGN="CENTER" VALIGN="MIDDLE" WIDTH="128" HEIGHT="23" ACODE="RSP_MAN_PST">이사</TE>
<TD ALIGN="CENTER" VALIGN="MIDDLE" WIDTH="81" HEIGHT="23" AUPDATECONT="N" ENG="(Tel.)">전화번호</TD>
<TE ALIGN="CENTER" VALIGN="MIDDLE" WIDTH="192" HEIGHT="23" ACODE="RSP_MAN_PHN2">031-73******</TE>
</TR>

<TR ACOPY="Y" ADELETE="Y" HEIGHT="30">
<TD ALIGN="CENTER" VALIGN="MIDDLE" WIDTH="111" HEIGHT="23" AUPDATECONT="N" ENG="Name">성      명</TD>
<TE ALIGN="CENTER" VALIGN="MIDDLE" WIDTH="128" HEIGHT="23" ACODE="RSP_MAN">김재호</TE>
<TD ALIGN="CENTER" VALIGN="MIDDLE" WIDTH="81" HEIGHT="23" AUPDATECONT="N" ENG="Fax No.">팩스번호</TD>
<TE ALIGN="CENTER" VALIGN="MIDDLE" WIDTH="192" HEIGHT="23" ACODE="RSP_MAN_FAX">031-739-9545</TE>
</TR>

<TR ACOPY="Y" ADELETE="Y" HEIGHT="30">
<TD ALIGN="CENTER" VALIGN="MIDDLE" WIDTH="111" HEIGHT="23" AUPDATECONT="N" ENG="E-mail address">이메일 주소</TD>
<TE COLSPAN="3" ALIGN="CENTER" VALIGN="MIDDLE" WIDTH="419" HEIGHT="23" ACODE="RSP_MAN_EML">******ho@straffic.co.kr</TE>
</TR>
</TBODY>
</TABLE>
</TABLE-GROUP>

<P></P>
</SECTION-2>

<SECTION-2 ACLASS="MANDATORY">
<TITLE ATOC="Y" ATOCID="4" ENG="3. Ownership status of specific securities, etc.">3. 특정증권등의 소유상황</TITLE>

<SECTION-3 ACLASS="MANDATORY">
<TITLE ATOC="Y" AASSOCNOTE="D-0-1-3-1" ATOCID="5" ENG="A. Number and ownership ratio of specific securities owned, etc.">가. 소유 특정증권등의 수 및 소유비율</TITLE>

<TABLE-GROUP ACLASS="BFR_PS_CNT" ADELETETABLE="N">

<TABLE ACLASS="EXTRACTION" AFIXTABLE="Y" WIDTH="570" BORDER="1">

<COLGROUP WIDTH="570">
<COL WIDTH="93"></COL>
<COL WIDTH="137"></COL>
<COL WIDTH="108"></COL>
<COL WIDTH="71"></COL>
<COL WIDTH="90"></COL>
<COL WIDTH="71"></COL>
</COLGROUP>

<THEAD>

<TR ACOPY="Y" ADELETE="Y" HEIGHT="30">
<TH ROWSPAN="2" VALIGN="MIDDLE" WIDTH="84" ACOPYCOL="Y" ADELETECOL="Y" AMOVECOL="N" AUPDATECONT="N" HEIGHT="76"></TH>
<TH ROWSPAN="2" VALIGN="MIDDLE" WIDTH="128" ACOPYCOL="Y" ADELETECOL="Y" AMOVECOL="N" AUPDATECONT="N" HEIGHT="76" ENG="Report preparation date">보고서작성 기준일</TH>
<TH COLSPAN="2" VALIGN="MIDDLE" WIDTH="170" ACOPYCOL="Y" ADELETECOL="Y" AMOVECOL="N" AUPDATECONT="N" HEIGHT="23" ENG="Specific securities, etc.">특정증권등</TH>
<TH COLSPAN="2" VALIGN="MIDDLE" WIDTH="152" ACOPYCOL="Y" ADELETECOL="Y" AMOVECOL="N" AUPDATECONT="N" HEIGHT="23" ENG="Share certificates">주권</TH>
</TR>

<TR ACOPY="Y" ADELETE="Y" HEIGHT="53">
<TH VALIGN="MIDDLE" ACOPYCOL="Y" ADELETECOL="Y" AMOVECOL="N" AUPDATECONT="N" WIDTH="99" HEIGHT="46" ENG="Number of specific securities, etc. (shrs.)">특정증권등의수(주)</TH>
<TH VALIGN="MIDDLE" ACOPYCOL="Y" ADELETECOL="Y" AMOVECOL="N" AUPDATECONT="N" WIDTH="62" HEIGHT="46" ENG="Ratio (%)">비율(%)</TH>
<TH VALIGN="MIDDLE" ACOPYCOL="Y" ADELETECOL="Y" AMOVECOL="N" AUPDATECONT="N" WIDTH="81" HEIGHT="46" ENG="Number of shares (shrs.)">주식수(주)</TH>
<TH VALIGN="MIDDLE" ACOPYCOL="Y" ADELETECOL="Y" AMOVECOL="N" AUPDATECONT="N" WIDTH="62" HEIGHT="46" ENG="Ratio (%)">비율(%)</TH>
</TR>
</THEAD>

<TBODY>

<TR ACOPY="Y" ADELETE="Y" HEIGHT="30">
<TD ALIGN="CENTER" VALIGN="MIDDLE" AUPDATECONT="N" WIDTH="84" HEIGHT="23" ENG="Previous report">직전보고서</TD>
<TU ALIGN="CENTER" VALIGN="MIDDLE" AUNIT="BFR_RPT_DT" AUNITVALUE="20201124" WIDTH="128" HEIGHT="23">2020년 11월 24일</TU>
<TE ALIGN="RIGHT" VALIGN="MIDDLE" ACODE="BFR_UN_CNT" WIDTH="99" HEIGHT="23"> 556</TE>
<TE ALIGN="RIGHT" VALIGN="MIDDLE" ACODE="BFR_UN_RT" WIDTH="62" HEIGHT="23">0.00</TE>
<TE ALIGN="RIGHT" VALIGN="MIDDLE" ACODE="BFR_PS_CPT_CNT" WIDTH="81" HEIGHT="23"> 556</TE>
<TE ALIGN="RIGHT" VALIGN="MIDDLE" ACODE="BFR_PS_CPT_RT" WIDTH="62" HEIGHT="23">0.00</TE>
</TR>

<TR ACOPY="Y" ADELETE="Y" HEIGHT="30">
<TD ALIGN="CENTER" VALIGN="MIDDLE" AUPDATECONT="N" WIDTH="84" HEIGHT="23" ENG="Current report">이번보고서</TD>
<TU ALIGN="CENTER" VALIGN="MIDDLE" AUNIT="AFR_RPT_DT" AUNITVALUE="20260105" WIDTH="128" HEIGHT="23">2026년 01월 05일</TU>
<TE ALIGN="RIGHT" VALIGN="MIDDLE" ACODE="AFR_UN_CNT" WIDTH="99" HEIGHT="23">6,226</TE>
<TE ALIGN="RIGHT" VALIGN="MIDDLE" ACODE="AFR_UN_RT" WIDTH="62" HEIGHT="23">0.02</TE>
<TE ALIGN="RIGHT" VALIGN="MIDDLE" ACODE="AFR_PS_CPT_CNT" WIDTH="81" HEIGHT="23">6,226</TE>
<TE ALIGN="RIGHT" VALIGN="MIDDLE" ACODE="AFR_PS_CPT_RT" WIDTH="62" HEIGHT="23">0.02</TE>
</TR>

<TR ACOPY="Y" ADELETE="Y" HEIGHT="30">
<TD COLSPAN="2" ALIGN="CENTER" VALIGN="MIDDLE" AUPDATECONT="N" WIDTH="221" HEIGHT="23" ENG="Increase or decrease">증     감</TD>
<TE ALIGN="RIGHT" VALIGN="MIDDLE" ACODE="MDF_UN_CNT" WIDTH="99" HEIGHT="23">5,670</TE>

<TE ALIGN="RIGHT" VALIGN="MIDDLE" ACODE="MDF_UN_RT" WIDTH="62" HEIGHT="23">
<SPAN>0.02</SPAN>
</TE>
<TE ALIGN="RIGHT" VALIGN="MIDDLE" ACODE="MDF_PS_CPT_CNT" WIDTH="81" HEIGHT="23">5,670</TE>

<TE ALIGN="RIGHT" VALIGN="MIDDLE" ACODE="MDF_PS_CPT_RT" WIDTH="62" HEIGHT="23">
<SPAN>0.02</SPAN>
</TE>
</TR>
</TBODY>
</TABLE>
</TABLE-GROUP>
<P></P>
</SECTION-3>

<SECTION-3 ACLASS="MANDATORY">
<TITLE ATOC="Y" AASSOCNOTE="D-0-1-3-2" ATOCID="6" ENG="B. Ownership details by type of specific securities, etc.">나. 특정증권등의 종류별 소유내역</TITLE>

<TABLE-GROUP ACLASS="CST_CNT1" ADELETETABLE="N">

<TABLE ACLASS="EXTRACTION" AFIXTABLE="N" WIDTH="704" BORDER="1">

<COLGROUP WIDTH="704">
<COL WIDTH="89"></COL>
<COL WIDTH="78"></COL>
<COL WIDTH="63"></COL>
<COL WIDTH="78"></COL>
<COL WIDTH="93"></COL>
<COL WIDTH="63"></COL>
<COL WIDTH="48"></COL>
<COL WIDTH="48"></COL>
<COL WIDTH="89"></COL>
<COL WIDTH="55"></COL>
</COLGROUP>

<THEAD>

<TR ACOPY="N" ADELETE="N" HEIGHT="30">
<TH COLSPAN="10" VALIGN="MIDDLE" WIDTH="695" HEIGHT="23" ACOPYCOL="N" ADELETECOL="N" AMOVECOL="N" AUPDATECONT="N" ENG="Details of specific securities, etc.">특정증권등의 내역</TH>
</TR>

<TR ACOPY="N" ADELETE="N" HEIGHT="30">
<TH VALIGN="MIDDLE" WIDTH="80" HEIGHT="76" ACOPYCOL="N" ADELETECOL="N" AMOVECOL="N" AUPDATECONT="N" ROWSPAN="2" ENG="Share certificates">주 권</TH>
<TH ROWSPAN="2" VALIGN="MIDDLE" WIDTH="69" HEIGHT="76" ACOPYCOL="N" ADELETECOL="N" AMOVECOL="N" AUPDATECONT="N" ENG="Those with warrants">신주인수권이표시된것</TH>
<TH ROWSPAN="2" VALIGN="MIDDLE" WIDTH="54" HEIGHT="76" ACOPYCOL="N" ADELETECOL="N" AMOVECOL="N" AUPDATECONT="N" ENG="Convertible bonds">전환사채권</TH>
<TH ROWSPAN="2" VALIGN="MIDDLE" WIDTH="69" HEIGHT="76" ACOPYCOL="N" ADELETECOL="N" AMOVECOL="N" AUPDATECONT="N" ENG="Bonds with warrants">신주인수권부사채권</TH>
<TH ROWSPAN="2" VALIGN="MIDDLE" WIDTH="84" HEIGHT="76" ACOPYCOL="N" ADELETECOL="N" AMOVECOL="N" AUPDATECONT="N" ENG="Participating bonds">이익참가부사채권</TH>
<TH ROWSPAN="2" VALIGN="MIDDLE" WIDTH="54" HEIGHT="76" ACOPYCOL="N" ADELETECOL="N" AMOVECOL="N" AUPDATECONT="N" ENG="Exchangeable bonds">교환사채권</TH>
<TH ROWSPAN="2" VALIGN="MIDDLE" WIDTH="39" HEIGHT="76" ACOPYCOL="N" ADELETECOL="N" AMOVECOL="N" AUPDATECONT="N" ENG="Depositary receipts">증권예탁증권</TH>
<TH ROWSPAN="2" VALIGN="MIDDLE" WIDTH="39" HEIGHT="76" ACOPYCOL="N" ADELETECOL="N" AMOVECOL="N" AUPDATECONT="N" ENG="Others">기타</TH>
<TH COLSPAN="2" VALIGN="MIDDLE" WIDTH="135" HEIGHT="23" ACOPYCOL="N" ADELETECOL="N" AMOVECOL="N" AUPDATECONT="N" ENG="Total">합 계</TH>
</TR>

<TR ACOPY="N" ADELETE="N" HEIGHT="53">
<TH VALIGN="MIDDLE" WIDTH="80" HEIGHT="46" ACOPYCOL="N" ADELETECOL="N" AMOVECOL="N" AUPDATECONT="N" ENG="Number of shares (shrs.)">주수(주)</TH>
<TH VALIGN="MIDDLE" WIDTH="46" HEIGHT="46" ACOPYCOL="N" ADELETECOL="N" AMOVECOL="N" AUPDATECONT="N" ENG="Ratio (%)">비율(%)</TH>
</TR>
</THEAD>

<TBODY>

<TR ACOPY="N" ADELETE="N" HEIGHT="30">
<TE ALIGN="RIGHT" VALIGN="MIDDLE" WIDTH="80" HEIGHT="23" ACODE="CPT_CNT">6,226</TE>
<TE ALIGN="RIGHT" VALIGN="MIDDLE" WIDTH="69" HEIGHT="23" ACODE="ACC_CNT">-</TE>
<TE ALIGN="RIGHT" VALIGN="MIDDLE" WIDTH="54" HEIGHT="23" ACODE="CB_CNT">-</TE>
<TE ALIGN="RIGHT" VALIGN="MIDDLE" WIDTH="69" HEIGHT="23" ACODE="LN_CNT">-</TE>
<TE ALIGN="RIGHT" VALIGN="MIDDLE" WIDTH="84" HEIGHT="23" ACODE="BN_CNT">-</TE>
<TE ALIGN="RIGHT" VALIGN="MIDDLE" WIDTH="54" HEIGHT="23" ACODE="EB_CNT">-</TE>
<TE ALIGN="RIGHT" VALIGN="MIDDLE" WIDTH="39" HEIGHT="23" ACODE="CF_CNT">-</TE>
<TE ALIGN="RIGHT" VALIGN="MIDDLE" WIDTH="39" HEIGHT="23" ACODE="ET_CNT">-</TE>
<TE ALIGN="RIGHT" VALIGN="MIDDLE" WIDTH="80" HEIGHT="23" ACODE="STK_CNT"> 6,226</TE>
<TE ALIGN="RIGHT" VALIGN="MIDDLE" WIDTH="46" HEIGHT="23" ACODE="STK_RT">0.02 </TE>
</TR>

<TR ACOPY="N" ADELETE="N" HEIGHT="30">
<TD ALIGN="CENTER" VALIGN="MIDDLE" WIDTH="80" HEIGHT="53" AUPDATECONT="N" ROWSPAN="2">A</TD>
<TD ALIGN="CENTER" VALIGN="MIDDLE" WIDTH="69" HEIGHT="23" AUPDATECONT="N">B</TD>
<TD ALIGN="CENTER" VALIGN="MIDDLE" WIDTH="54" HEIGHT="23" AUPDATECONT="N">C</TD>
<TD ALIGN="CENTER" VALIGN="MIDDLE" WIDTH="69" HEIGHT="23" AUPDATECONT="N">D</TD>
<TD ALIGN="CENTER" VALIGN="MIDDLE" WIDTH="84" HEIGHT="23" AUPDATECONT="N">E</TD>
<TD ALIGN="CENTER" VALIGN="MIDDLE" WIDTH="54" HEIGHT="23" AUPDATECONT="N">F</TD>
<TD ALIGN="CENTER" VALIGN="MIDDLE" WIDTH="39" HEIGHT="23" AUPDATECONT="N">G</TD>
<TD ALIGN="CENTER" VALIGN="MIDDLE" WIDTH="39" HEIGHT="23" AUPDATECONT="N">H</TD>
<TD ROWSPAN="2" ALIGN="RIGHT" VALIGN="MIDDLE" WIDTH="80" HEIGHT="53" AUPDATECONT="N"></TD>
<TD ROWSPAN="2" ALIGN="RIGHT" VALIGN="MIDDLE" WIDTH="46" HEIGHT="53" AUPDATECONT="N"></TD>
</TR>

<TR ACOPY="N" ADELETE="N" HEIGHT="30">
<TD COLSPAN="7" ALIGN="CENTER" VALIGN="MIDDLE" WIDTH="462" HEIGHT="23" AUPDATECONT="N">I</TD>
</TR>
</TBODY>
</TABLE>
</TABLE-GROUP>
<P></P>

<TABLE-GROUP ACLASS="HLD_RT" ADELETETABLE="N">

<TABLE ACLASS="EXTRACTION" AFIXTABLE="Y" WIDTH="600" BORDER="1">

<COLGROUP WIDTH="600">
<COL WIDTH="118"></COL>
<COL WIDTH="169"></COL>
<COL WIDTH="165"></COL>
<COL WIDTH="148"></COL>
</COLGROUP>

<THEAD>

<TR ACOPY="Y" ADELETE="Y" HEIGHT="30">
<TH ROWSPAN="2" VALIGN="MIDDLE" WIDTH="109" HEIGHT="99" ACOPYCOL="Y" ADELETECOL="Y" AMOVECOL="N" AUPDATECONT="N" ENG="Total number of shares issued (J)">발행주식 총수(J)</TH>
<TH ROWSPAN="2" VALIGN="MIDDLE" WIDTH="160" HEIGHT="99" ACOPYCOL="Y" ADELETECOL="Y" AMOVECOL="N" AUPDATECONT="N" ENG="Number of specific securities other than stocks (B+C+D+E+F+G+H=I)">주식외 특정증권등의 수(B+C+D+E+F+G+H=I)</TH>
<TH COLSPAN="2" VALIGN="MIDDLE" WIDTH="304" HEIGHT="23" ACOPYCOL="Y" ADELETECOL="Y" AMOVECOL="N" AUPDATECONT="N" ENG="Holding ratio (%)">소유비율(%)</TH>
</TR>

<TR ACOPY="Y" ADELETE="Y" HEIGHT="76">
<TH VALIGN="MIDDLE" WIDTH="156" HEIGHT="69" ACOPYCOL="Y" ADELETECOL="Y" AMOVECOL="N" AUPDATECONT="N" ENG="Ownership ratio of specific securities, etc. [A+I / J+I-(F+G+H)※] × 100">특정증권등의 소유비율[A+I / J+I-(F+G+H)※] × 100</TH>
<TH VALIGN="MIDDLE" WIDTH="139" HEIGHT="69" ACOPYCOL="Y" ADELETECOL="Y" AMOVECOL="N" AUPDATECONT="N" ENG="Share certificates ownership ratio (A / J) × 100">주권의 소유비율(A / J) × 100</TH>
</TR>
</THEAD>

<TBODY>

<TR ACOPY="Y" ADELETE="Y" HEIGHT="30">
<TE ALIGN="RIGHT" WIDTH="109" HEIGHT="23" ACODE="VOT_STK_CNT">27,207,780</TE>
<TE ALIGN="RIGHT" WIDTH="160" HEIGHT="23" ACODE="HLD_STK_CNT">-</TE>
<TE ALIGN="RIGHT" WIDTH="156" HEIGHT="23" ACODE="HLD_STK_RT">0.02 </TE>
<TE ALIGN="RIGHT" WIDTH="139" HEIGHT="23" ACODE="HLD_CMT_RT">0.02 </TE>
</TR>
</TBODY>
</TABLE>
</TABLE-GROUP>
<P>※ 교환대상이 주식인 교환사채권 및 기초자산이 주식인 증권예탁증권, 파생결합증권 등에 한하여 분모에서 제외하고 소유비율을 산정</P>
</SECTION-3>

<SECTION-3 ACLASS="MANDATORY">
<TITLE ATOC="Y" AASSOCNOTE="D-0-1-3-3" ATOCID="7" ENG="C. Details of changes">다. 세부변동내역</TITLE>

<TABLE-GROUP ACLASS="RPT_RSN" ADELETETABLE="N">

<TABLE ACLASS="EXTRACTION" AFIXTABLE="N" WIDTH="922" BORDER="1">

<COLGROUP WIDTH="922">
<COL WIDTH="146"></COL>
<COL WIDTH="134"></COL>
<COL WIDTH="214"></COL>
<COL WIDTH="67"></COL>
<COL WIDTH="61"></COL>
<COL WIDTH="68"></COL>
<COL WIDTH="100"></COL>
<COL WIDTH="56"></COL>
<COL WIDTH="76"></COL>
</COLGROUP>

<THEAD>

<TR ACOPY="N" ADELETE="N" HEIGHT="30">
<TH ROWSPAN="2" VALIGN="MIDDLE" WIDTH="137" HEIGHT="53" ACOPYCOL="N" ADELETECOL="N" AMOVECOL="N" AUPDATECONT="N" ENG="Reason for reporting">보고사유</TH>
<TH ROWSPAN="2" VALIGN="MIDDLE" WIDTH="125" HEIGHT="53" ACOPYCOL="N" ADELETECOL="N" AMOVECOL="N" AUPDATECONT="N" ENG="Date of change*">변동일*</TH>
<TH ROWSPAN="2" VALIGN="MIDDLE" WIDTH="205" HEIGHT="53" ACOPYCOL="N" ADELETECOL="N" AMOVECOL="N" AUPDATECONT="N" ENG="Type of specific securities, etc.">특정증권등의종류</TH>
<TH COLSPAN="3" VALIGN="MIDDLE" WIDTH="187" HEIGHT="23" ACOPYCOL="N" ADELETECOL="N" AMOVECOL="N" AUPDATECONT="N" ENG="Number of shares held (shrs.)">소 유 주 식 수 (주)</TH>
<TH ROWSPAN="2" VALIGN="MIDDLE" WIDTH="91" HEIGHT="53" ACOPYCOL="N" ADELETECOL="N" AMOVECOL="N" AUPDATECONT="N" ENG="Acquisition/disposition unit price (KRW)**">취득/처분단가(원)**</TH>
<TH ROWSPAN="2" VALIGN="MIDDLE" WIDTH="47" HEIGHT="53" ACOPYCOL="N" ADELETECOL="N" AMOVECOL="N" AUPDATECONT="N" ENG="Note">비 고</TH>
<TH ROWSPAN="2" VALIGN="MIDDLE" WIDTH="67" HEIGHT="53" ACOPYCOL="N" ADELETECOL="N" AMOVECOL="N" AUPDATECONT="N" ENG="Reporting date of Pre-disclosure of insider trading">거래계획보고일자</TH>
</TR>

<TR ACOPY="N" ADELETE="N" HEIGHT="30">
<TH VALIGN="MIDDLE" WIDTH="58" HEIGHT="23" ACOPYCOL="N" ADELETECOL="N" AMOVECOL="N" AUPDATECONT="N" ENG="Before change">변동전</TH>
<TH VALIGN="MIDDLE" WIDTH="52" HEIGHT="23" ACOPYCOL="N" ADELETECOL="N" AMOVECOL="N" AUPDATECONT="N" ENG="Increase or decrease">증감</TH>
<TH VALIGN="MIDDLE" WIDTH="59" HEIGHT="23" ACOPYCOL="N" ADELETECOL="N" AMOVECOL="N" AUPDATECONT="N" ENG="After change">변동후</TH>
</TR>
</THEAD>

<TBODY>

<TR ACOPY="Y" ADELETE="N" HEIGHT="30">
<TU ALIGN="CENTER" VALIGN="MIDDLE" WIDTH="137" HEIGHT="23" AUNIT="RPT_RSN" AUNITVALUE="99" ENG="Others(+)">기타(+)</TU>
<TU ALIGN="CENTER" VALIGN="MIDDLE" WIDTH="125" HEIGHT="23" AUNIT="MDF_DM" AUNITVALUE="20211125">2021년 11월 25일</TU>
<TU ALIGN="CENTER" VALIGN="MIDDLE" WIDTH="205" HEIGHT="23" AUNIT="STR_KND" AUNITVALUE="3" ENG="Those with warrants">신주인수권이표시된것</TU>
<TE ALIGN="RIGHT" VALIGN="MIDDLE" WIDTH="58" HEIGHT="23" ACODE="BFR_STK_CNT">556</TE>
<TE ALIGN="RIGHT" VALIGN="MIDDLE" WIDTH="52" HEIGHT="23" ACODE="MDF_STK_CNT">76</TE>
<TE ALIGN="RIGHT" VALIGN="MIDDLE" WIDTH="59" HEIGHT="23" ACODE="AFR_STK_CNT">632</TE>

<TE ALIGN="RIGHT" VALIGN="MIDDLE" WIDTH="91" HEIGHT="23" ACODE="ACI_AMT2">
<SPAN>(원)</SPAN>
</TE>
<TE ALIGN="CENTER" VALIGN="MIDDLE" WIDTH="47" HEIGHT="23" ACODE="RMK">(주1)</TE>
<TU ALIGN="CENTER" VALIGN="MIDDLE" WIDTH="67" HEIGHT="23" AUNIT="TRD_PLN_RD" AUNITVALUE="-">-</TU>
</TR>

<TR ACOPY="Y" ADELETE="Y" HEIGHT="30">
<TU ALIGN="CENTER" VALIGN="MIDDLE" WIDTH="137" HEIGHT="23" AUNIT="RPT_RSN" AUNITVALUE="98" ENG="Others(-)">기타(-)</TU>
<TU ALIGN="CENTER" VALIGN="MIDDLE" WIDTH="125" HEIGHT="23" AUNIT="MDF_DM" AUNITVALUE="20211221">2021년 12월 21일</TU>
<TU ALIGN="CENTER" VALIGN="MIDDLE" WIDTH="205" HEIGHT="23" AUNIT="STR_KND" AUNITVALUE="3" ENG="Those with warrants">신주인수권이표시된것</TU>
<TE ALIGN="RIGHT" VALIGN="MIDDLE" WIDTH="58" HEIGHT="23" ACODE="BFR_STK_CNT">632</TE>
<TE ALIGN="RIGHT" VALIGN="MIDDLE" WIDTH="52" HEIGHT="23" ACODE="MDF_STK_CNT">-76</TE>
<TE ALIGN="RIGHT" VALIGN="MIDDLE" WIDTH="59" HEIGHT="23" ACODE="AFR_STK_CNT">556</TE>

<TE ALIGN="RIGHT" VALIGN="MIDDLE" WIDTH="91" HEIGHT="23" ACODE="ACI_AMT2">
<SPAN>(원)</SPAN>
</TE>
<TE ALIGN="CENTER" VALIGN="MIDDLE" WIDTH="47" HEIGHT="23" ACODE="RMK">(주2)</TE>
<TU ALIGN="CENTER" VALIGN="MIDDLE" WIDTH="67" HEIGHT="23" AUNIT="TRD_PLN_RD" AUNITVALUE="-">-</TU>
</TR>

<TR ACOPY="Y" ADELETE="Y" HEIGHT="30">
<TU ALIGN="CENTER" VALIGN="MIDDLE" WIDTH="137" HEIGHT="23" AUNIT="RPT_RSN" AUNITVALUE="21" ENG="Acquisition of paid-in new shares(+)">유상신주취득(+)</TU>
<TU ALIGN="CENTER" VALIGN="MIDDLE" WIDTH="125" HEIGHT="23" AUNIT="MDF_DM" AUNITVALUE="20220111">2022년 01월 11일</TU>
<TU ALIGN="CENTER" VALIGN="MIDDLE" WIDTH="205" HEIGHT="23" AUNIT="STR_KND" AUNITVALUE="1" ENG="Common stock">보통주</TU>
<TE ALIGN="RIGHT" VALIGN="MIDDLE" WIDTH="58" HEIGHT="23" ACODE="BFR_STK_CNT">556</TE>
<TE ALIGN="RIGHT" VALIGN="MIDDLE" WIDTH="52" HEIGHT="23" ACODE="MDF_STK_CNT">89</TE>
<TE ALIGN="RIGHT" VALIGN="MIDDLE" WIDTH="59" HEIGHT="23" ACODE="AFR_STK_CNT">645</TE>

<TE ALIGN="RIGHT" VALIGN="MIDDLE" WIDTH="91" HEIGHT="23" ACODE="ACI_AMT2">
<SPAN>4,270(원)</SPAN>
</TE>
<TE ALIGN="CENTER" VALIGN="MIDDLE" WIDTH="47" HEIGHT="23" ACODE="RMK">(주3)</TE>
<TU ALIGN="CENTER" VALIGN="MIDDLE" WIDTH="67" HEIGHT="23" AUNIT="TRD_PLN_RD" AUNITVALUE="-">-</TU>
</TR>

<TR ACOPY="Y" ADELETE="Y" HEIGHT="30">
<TU ALIGN="CENTER" VALIGN="MIDDLE" WIDTH="137" HEIGHT="23" AUNIT="RPT_RSN" AUNITVALUE="23" ENG="Acquisition of new shares without compensation(+)">무상신주취득(+)</TU>
<TU ALIGN="CENTER" VALIGN="MIDDLE" WIDTH="125" HEIGHT="23" AUNIT="MDF_DM" AUNITVALUE="20220114">2022년 01월 14일</TU>
<TU ALIGN="CENTER" VALIGN="MIDDLE" WIDTH="205" HEIGHT="23" AUNIT="STR_KND" AUNITVALUE="1" ENG="Common stock">보통주</TU>
<TE ALIGN="RIGHT" VALIGN="MIDDLE" WIDTH="58" HEIGHT="23" ACODE="BFR_STK_CNT">645</TE>
<TE ALIGN="RIGHT" VALIGN="MIDDLE" WIDTH="52" HEIGHT="23" ACODE="MDF_STK_CNT">64</TE>
<TE ALIGN="RIGHT" VALIGN="MIDDLE" WIDTH="59" HEIGHT="23" ACODE="AFR_STK_CNT">709</TE>

<TE ALIGN="RIGHT" VALIGN="MIDDLE" WIDTH="91" HEIGHT="23" ACODE="ACI_AMT2">
<SPAN>(원)</SPAN>
</TE>
<TE ALIGN="CENTER" VALIGN="MIDDLE" WIDTH="47" HEIGHT="23" ACODE="RMK">(주4)</TE>
<TU ALIGN="CENTER" VALIGN="MIDDLE" WIDTH="67" HEIGHT="23" AUNIT="TRD_PLN_RD" AUNITVALUE="-">-</TU>
</TR>

<TR ACOPY="Y" ADELETE="Y" HEIGHT="30">
<TU ALIGN="CENTER" VALIGN="MIDDLE" WIDTH="137" HEIGHT="23" AUNIT="RPT_RSN" AUNITVALUE="59" ENG="Treasury stock bonus(+)">자사주상여금(+)</TU>
<TU ALIGN="CENTER" VALIGN="MIDDLE" WIDTH="125" HEIGHT="23" AUNIT="MDF_DM" AUNITVALUE="20220727">2022년 07월 27일</TU>
<TU ALIGN="CENTER" VALIGN="MIDDLE" WIDTH="205" HEIGHT="23" AUNIT="STR_KND" AUNITVALUE="1" ENG="Common stock">보통주</TU>
<TE ALIGN="RIGHT" VALIGN="MIDDLE" WIDTH="58" HEIGHT="23" ACODE="BFR_STK_CNT">709</TE>
<TE ALIGN="RIGHT" VALIGN="MIDDLE" WIDTH="52" HEIGHT="23" ACODE="MDF_STK_CNT">17</TE>
<TE ALIGN="RIGHT" VALIGN="MIDDLE" WIDTH="59" HEIGHT="23" ACODE="AFR_STK_CNT">726</TE>

<TE ALIGN="RIGHT" VALIGN="MIDDLE" WIDTH="91" HEIGHT="23" ACODE="ACI_AMT2">
<SPAN>(원)</SPAN>
</TE>
<TE ALIGN="CENTER" VALIGN="MIDDLE" WIDTH="47" HEIGHT="23" ACODE="RMK">(주5)</TE>
<TU ALIGN="CENTER" VALIGN="MIDDLE" WIDTH="67" HEIGHT="23" AUNIT="TRD_PLN_RD" AUNITVALUE="-">-</TU>
</TR>

<TR ACOPY="Y" ADELETE="Y" HEIGHT="30">
<TU ALIGN="CENTER" VALIGN="MIDDLE" WIDTH="137" HEIGHT="23" AUNIT="RPT_RSN" AUNITVALUE="59" ENG="Treasury stock bonus(+)">자사주상여금(+)</TU>
<TU ALIGN="CENTER" VALIGN="MIDDLE" WIDTH="125" HEIGHT="23" AUNIT="MDF_DM" AUNITVALUE="20231005">2023년 10월 05일</TU>
<TU ALIGN="CENTER" VALIGN="MIDDLE" WIDTH="205" HEIGHT="23" AUNIT="STR_KND" AUNITVALUE="1" ENG="Common stock">보통주</TU>
<TE ALIGN="RIGHT" VALIGN="MIDDLE" WIDTH="58" HEIGHT="23" ACODE="BFR_STK_CNT">726</TE>
<TE ALIGN="RIGHT" VALIGN="MIDDLE" WIDTH="52" HEIGHT="23" ACODE="MDF_STK_CNT">500</TE>
<TE ALIGN="RIGHT" VALIGN="MIDDLE" WIDTH="59" HEIGHT="23" ACODE="AFR_STK_CNT">1,226</TE>

<TE ALIGN="RIGHT" VALIGN="MIDDLE" WIDTH="91" HEIGHT="23" ACODE="ACI_AMT2">
<SPAN>(원)</SPAN>
</TE>
<TE ALIGN="CENTER" VALIGN="MIDDLE" WIDTH="47" HEIGHT="23" ACODE="RMK">(주6)</TE>
<TU ALIGN="CENTER" VALIGN="MIDDLE" WIDTH="67" HEIGHT="23" AUNIT="TRD_PLN_RD" AUNITVALUE="-">-</TU>
</TR>

<TR ACOPY="Y" ADELETE="Y" HEIGHT="30">
<TU ALIGN="CENTER" VALIGN="MIDDLE" WIDTH="137" HEIGHT="23" AUNIT="RPT_RSN" AUNITVALUE="01" ENG="Acquisition in exchange(+)">장내매수(+)</TU>
<TU ALIGN="CENTER" VALIGN="MIDDLE" WIDTH="125" HEIGHT="23" AUNIT="MDF_DM" AUNITVALUE="20240920">2024년 09월 20일</TU>
<TU ALIGN="CENTER" VALIGN="MIDDLE" WIDTH="205" HEIGHT="23" AUNIT="STR_KND" AUNITVALUE="1" ENG="Common stock">보통주</TU>
<TE ALIGN="RIGHT" VALIGN="MIDDLE" WIDTH="58" HEIGHT="23" ACODE="BFR_STK_CNT">1,226</TE>
<TE ALIGN="RIGHT" VALIGN="MIDDLE" WIDTH="52" HEIGHT="23" ACODE="MDF_STK_CNT">2,000</TE>
<TE ALIGN="RIGHT" VALIGN="MIDDLE" WIDTH="59" HEIGHT="23" ACODE="AFR_STK_CNT">3,226</TE>

<TE ALIGN="RIGHT" VALIGN="MIDDLE" WIDTH="91" HEIGHT="23" ACODE="ACI_AMT2">
<SPAN>4,475(원)</SPAN>
</TE>
<TE ALIGN="CENTER" VALIGN="MIDDLE" WIDTH="47" HEIGHT="23" ACODE="RMK">-</TE>
<TU ALIGN="CENTER" VALIGN="MIDDLE" WIDTH="67" HEIGHT="23" AUNIT="TRD_PLN_RD" AUNITVALUE="-">-</TU>
</TR>

<TR ACOPY="Y" ADELETE="Y" HEIGHT="30">
<TU ALIGN="CENTER" VALIGN="MIDDLE" WIDTH="137" HEIGHT="23" AUNIT="RPT_RSN" AUNITVALUE="01" ENG="Acquisition in exchange(+)">장내매수(+)</TU>
<TU ALIGN="CENTER" VALIGN="MIDDLE" WIDTH="125" HEIGHT="23" AUNIT="MDF_DM" AUNITVALUE="20251204">2025년 12월 04일</TU>
<TU ALIGN="CENTER" VALIGN="MIDDLE" WIDTH="205" HEIGHT="23" AUNIT="STR_KND" AUNITVALUE="1" ENG="Common stock">보통주</TU>
<TE ALIGN="RIGHT" VALIGN="MIDDLE" WIDTH="58" HEIGHT="23" ACODE="BFR_STK_CNT">3,226</TE>
<TE ALIGN="RIGHT" VALIGN="MIDDLE" WIDTH="52" HEIGHT="23" ACODE="MDF_STK_CNT">1,500</TE>
<TE ALIGN="RIGHT" VALIGN="MIDDLE" WIDTH="59" HEIGHT="23" ACODE="AFR_STK_CNT">4,726</TE>

<TE ALIGN="RIGHT" VALIGN="MIDDLE" WIDTH="91" HEIGHT="23" ACODE="ACI_AMT2">
<SPAN>3,620(원)</SPAN>
</TE>
<TE ALIGN="CENTER" VALIGN="MIDDLE" WIDTH="47" HEIGHT="23" ACODE="RMK">-</TE>
<TU ALIGN="CENTER" VALIGN="MIDDLE" WIDTH="67" HEIGHT="23" AUNIT="TRD_PLN_RD" AUNITVALUE="-">-</TU>
</TR>

<TR ACOPY="Y" ADELETE="Y" HEIGHT="30">
<TU ALIGN="CENTER" VALIGN="MIDDLE" WIDTH="137" HEIGHT="23" AUNIT="RPT_RSN" AUNITVALUE="01" ENG="Acquisition in exchange(+)">장내매수(+)</TU>
<TU ALIGN="CENTER" VALIGN="MIDDLE" WIDTH="125" HEIGHT="23" AUNIT="MDF_DM" AUNITVALUE="20251211">2025년 12월 11일</TU>
<TU ALIGN="CENTER" VALIGN="MIDDLE" WIDTH="205" HEIGHT="23" AUNIT="STR_KND" AUNITVALUE="1" ENG="Common stock">보통주</TU>
<TE ALIGN="RIGHT" VALIGN="MIDDLE" WIDTH="58" HEIGHT="23" ACODE="BFR_STK_CNT">4,726</TE>
<TE ALIGN="RIGHT" VALIGN="MIDDLE" WIDTH="52" HEIGHT="23" ACODE="MDF_STK_CNT">1,500</TE>
<TE ALIGN="RIGHT" VALIGN="MIDDLE" WIDTH="59" HEIGHT="23" ACODE="AFR_STK_CNT">6,226</TE>

<TE ALIGN="RIGHT" VALIGN="MIDDLE" WIDTH="91" HEIGHT="23" ACODE="ACI_AMT2">
<SPAN>3,600(원)</SPAN>
</TE>
<TE ALIGN="CENTER" VALIGN="MIDDLE" WIDTH="47" HEIGHT="23" ACODE="RMK">-</TE>
<TU ALIGN="CENTER" VALIGN="MIDDLE" WIDTH="67" HEIGHT="23" AUNIT="TRD_PLN_RD" AUNITVALUE="-">-</TU>
</TR>

<TR ACOPY="N" ADELETE="N" HEIGHT="30">
<TD COLSPAN="3" ALIGN="CENTER" VALIGN="MIDDLE" WIDTH="485" HEIGHT="23" AUPDATECONT="N" ENG="Total">합  계</TD>
<TE ALIGN="RIGHT" VALIGN="MIDDLE" WIDTH="58" HEIGHT="23" ACODE="BFR_STK_SUM">-</TE>
<TE ALIGN="RIGHT" VALIGN="MIDDLE" WIDTH="52" HEIGHT="23" ACODE="MDF_STK_SUM">5,670</TE>
<TE ALIGN="RIGHT" VALIGN="MIDDLE" WIDTH="59" HEIGHT="23" ACODE="AFR_STK_SUM">-</TE>

<TE ALIGN="RIGHT" VALIGN="MIDDLE" WIDTH="91" HEIGHT="23" ACODE="ACI_AMT_SUM2">
<SPAN>(원)</SPAN>
</TE>
<TE ALIGN="CENTER" VALIGN="MIDDLE" WIDTH="47" HEIGHT="23" ACODE="SUM_RMK">-</TE>
<TD ALIGN="CENTER" VALIGN="MIDDLE" WIDTH="67" HEIGHT="23" AUPDATECONT="N"></TD>
</TR>
</TBODY>
</TABLE>
</TABLE-GROUP>
<P>*   증권시장에서 주식등을 매매한 경우에는 그 계약결제일</P>

<P>** 주식 외의 증권의 경우 해당 증권의 행사(전환ㆍ교환)가액 또는 해당 증권의 권리행사로 취득ㆍ처분하는 주식의 매매단가를 의미하며, (   )의 금액은 해당 증권의 매매단가를 의미
<SPAN>(주1) 상기 변동내역은 이사회결의에 의해 결정된 유상증자 관련 신주인수권증서의 구주주배정에 따른 변동내역입니다.</SPAN>
<SPAN>(주2) (주1)의 신주인수권증서가 유상증자 청약에 따라 소멸한 것 입니다.</SPAN>
<SPAN>(주3) 유상증자 청약으로 인한 증가분입니다.</SPAN>
<SPAN>(주4) 무상증자로 인한 증가분입니다.</SPAN>
<SPAN>(주5) 자사주로 받은 인센티브로 취득단가 기재를 생략합니다.</SPAN>
<SPAN>(주6) 자사주로 받은 인센티브로 취득단가 기재를 생략합니다.</SPAN>
<SPAN></SPAN>
</P>

<P></P>
</SECTION-3>
</SECTION-2>
</SECTION-1>
</LIBRARY>

</BODY>
</DOCUMENT>