<?xml version="1.0" encoding="utf-8"?>


<DOCUMENT xmlns:xsi="http://www.w3.org/2001/XMLSchema-instance" xsi:noNamespaceSchemaLocation="dart4.xsd">

<DOCUMENT-NAME ACODE="11333">주요사항보고서(자기주식 처분 결정)</DOCUMENT-NAME>
<FORMULA-VERSION ADATE="20251230">6.2</FORMULA-VERSION>
<COMPANY-NAME AREGCIK="00946030">(주)로보티즈</COMPANY-NAME>


<BODY ATOCID="2">

<LIBRARY>
<SECTION-1 ACLASS="MANDATORY" APARTSOURCE="SOURCE">
<TITLE ATOC="Y" AASSOCNOTE="D-0-0-0-0" ENG="Report on Major Issues／Reporting Obligations to the KRX" ATOCID="2">주요사항보고서 / 거래소 신고의무 사항</TITLE>

<TABLE ACLASS="NORMAL" AFIXTABLE="Y" WIDTH="600" BORDER="0">

<COLGROUP WIDTH="600">
<COL WIDTH="141"></COL>
<COL WIDTH="183"></COL>
<COL WIDTH="276"></COL>
</COLGROUP>

<TBODY>

<TR ACOPY="Y" ADELETE="Y" HEIGHT="30">
<TD COLSPAN="3" WIDTH="591" HEIGHT="23"></TD>
</TR>

<TR ACOPY="Y" ADELETE="Y" HEIGHT="53">
<TD COLSPAN="3" WIDTH="591" HEIGHT="46"></TD>
</TR>

<TR ACOPY="Y" ADELETE="Y" HEIGHT="30">
<TD COLSPAN="2" VALIGN="MIDDLE" WIDTH="315" HEIGHT="23">금융위원회 / 한국거래소 귀중</TD>
<TD ALIGN="RIGHT" VALIGN="MIDDLE" WIDTH="267" HEIGHT="23">  2026년     01월     05일</TD>
</TR>

<TR ACOPY="Y" ADELETE="Y" HEIGHT="53">
<TD COLSPAN="3" WIDTH="591" HEIGHT="46"></TD>
</TR>

<TR ACOPY="Y" ADELETE="Y" HEIGHT="30">
<TD WIDTH="132" HEIGHT="23">회     사     명  :</TD>
<TD COLSPAN="2" WIDTH="450" HEIGHT="23">주식회사 로보티즈</TD>
</TR>

<TR ACOPY="Y" ADELETE="Y" HEIGHT="30">
<TD WIDTH="132" HEIGHT="23">대  표   이  사  :</TD>
<TD COLSPAN="2" WIDTH="450" HEIGHT="23">김 병 수</TD>
</TR>

<TR ACOPY="Y" ADELETE="Y" HEIGHT="30">
<TD WIDTH="132" HEIGHT="23">본 점  소 재 지 :</TD>
<TD COLSPAN="2" WIDTH="450" HEIGHT="23">서울시 강서구 마곡중앙5로1길 37(마곡동)</TD>
</TR>

<TR ACOPY="Y" ADELETE="Y" HEIGHT="30">
<TD WIDTH="132" HEIGHT="23"></TD>
<TD COLSPAN="2" WIDTH="450" HEIGHT="23">(전  화) 070-8671-2600</TD>
</TR>

<TR ACOPY="Y" ADELETE="Y" HEIGHT="30">
<TD WIDTH="132" HEIGHT="23"></TD>
<TD COLSPAN="2" WIDTH="450" HEIGHT="23">(홈페이지) http://www.robotis.com</TD>
</TR>

<TR ACOPY="Y" ADELETE="Y" HEIGHT="30">
<TD WIDTH="132" HEIGHT="23"></TD>
<TD COLSPAN="2" WIDTH="450" HEIGHT="23"></TD>
</TR>

<TR ACOPY="Y" ADELETE="Y" HEIGHT="30">
<TD COLSPAN="3" WIDTH="591" HEIGHT="23"></TD>
</TR>

<TR ACOPY="Y" ADELETE="Y" HEIGHT="30">
<TD COLSPAN="3" WIDTH="591" HEIGHT="23"></TD>
</TR>

<TR ACOPY="Y" ADELETE="Y" HEIGHT="30">
<TD WIDTH="132" HEIGHT="23">작 성 책 임 자 :</TD>
<TD WIDTH="174" HEIGHT="23">(직  책) 부사장</TD>
<TD WIDTH="267" HEIGHT="23">(성  명) 임 광 은</TD>
</TR>

<TR ACOPY="Y" ADELETE="Y" HEIGHT="30">
<TD WIDTH="132" HEIGHT="23"></TD>
<TD COLSPAN="2" WIDTH="450" HEIGHT="23">(전  화) 070-8671-3123</TD>
</TR>

<TR ACOPY="Y" ADELETE="Y" HEIGHT="30">
<TD COLSPAN="3" WIDTH="591" HEIGHT="23"></TD>
</TR>
</TBODY>
</TABLE>
<P></P>
<PGBRK></PGBRK>
</SECTION-1>
</LIBRARY>


<SECTION-1 ACLASS="MANDATORY" APARTSOURCE="SOURCE">
<TITLE ATOC="Y" AASSOCNOTE="D-0-1-0-0" ENG="Decision on Disposal of Treasury Stock" ATOCID="1">자기주식 처분 결정</TITLE>
<P></P>

<TABLE-GROUP ACLASS="TBL_SEL_STK" ADELETETABLE="N">

<TABLE ACLASS="EXTRACTION" AFIXTABLE="Y" WIDTH="609" BORDER="1">

<COLGROUP WIDTH="609">
<COL WIDTH="100"></COL>
<COL WIDTH="167"></COL>
<COL WIDTH="101"></COL>
<COL WIDTH="81"></COL>
<COL WIDTH="80"></COL>
<COL WIDTH="80"></COL>
</COLGROUP>

<TBODY>

<TR ACOPY="N" ADELETE="N" HEIGHT="30">
<TD ROWSPAN="2" COLSPAN="2" VALIGN="MIDDLE" WIDTH="258" HEIGHT="53" AUPDATECONT="N" ENG="1. Shares to be disposed of (shrs.)">1. 처분예정주식(주)</TD>
<TD ALIGN="CENTER" WIDTH="92" HEIGHT="23" AUPDATECONT="N" ENG="Common stock">보통주식</TD>
<TE COLSPAN="3" ALIGN="RIGHT" WIDTH="232" HEIGHT="23" ACODE="SEL_OSTK">97,646</TE>
</TR>

<TR ACOPY="N" ADELETE="N" HEIGHT="30">
<TD ALIGN="CENTER" WIDTH="92" HEIGHT="23" AUPDATECONT="N" ENG="Different classes of stocks">기타주식</TD>
<TE COLSPAN="3" ALIGN="RIGHT" WIDTH="232" HEIGHT="23" ACODE="SEL_ESTK">76,515</TE>
</TR>

<TR ACOPY="N" ADELETE="N" HEIGHT="30">
<TD ROWSPAN="2" COLSPAN="2" VALIGN="MIDDLE" WIDTH="258" HEIGHT="53" AUPDATECONT="N" ENG="2. Price of shares to be disposed of (KRW)">2. 처분 대상 주식가격(원)</TD>
<TD ALIGN="CENTER" WIDTH="92" HEIGHT="23" AUPDATECONT="N" ENG="Common stock">보통주식</TD>
<TE COLSPAN="3" ALIGN="RIGHT" WIDTH="232" HEIGHT="23" ACODE="SEL_OSTK_SPRC">269,500</TE>
</TR>

<TR ACOPY="N" ADELETE="N" HEIGHT="30">
<TD ALIGN="CENTER" WIDTH="92" HEIGHT="23" AUPDATECONT="N" ENG="Different classes of stocks">기타주식</TD>
<TE COLSPAN="3" ALIGN="RIGHT" WIDTH="232" HEIGHT="23" ACODE="SEL_ESTK_SPRC">236,513</TE>
</TR>

<TR ACOPY="N" ADELETE="N" HEIGHT="30">
<TD ROWSPAN="2" COLSPAN="2" VALIGN="MIDDLE" WIDTH="258" HEIGHT="53" AUPDATECONT="N" ENG="3. Estimated disposal amount (KRW)">3. 처분예정금액(원)</TD>
<TD ALIGN="CENTER" WIDTH="92" HEIGHT="23" AUPDATECONT="N" ENG="Common stock">보통주식</TD>
<TE COLSPAN="3" ALIGN="RIGHT" WIDTH="232" HEIGHT="23" ACODE="SEL_OSTK_PRC">26,315,597,000</TE>
</TR>

<TR ACOPY="N" ADELETE="N" HEIGHT="30">
<TD ALIGN="CENTER" WIDTH="92" HEIGHT="23" AUPDATECONT="N" ENG="Different classes of stocks">기타주식</TD>
<TE COLSPAN="3" ALIGN="RIGHT" WIDTH="232" HEIGHT="23" ACODE="SEL_ESTK_PRC">18,096,792,195</TE>
</TR>

<TR ACOPY="N" ADELETE="N" HEIGHT="30">
<TD ROWSPAN="2" COLSPAN="2" VALIGN="MIDDLE" WIDTH="258" HEIGHT="53" AUPDATECONT="N" ENG="4. Scheduled disposal period">4. 처분예정기간</TD>
<TD ALIGN="CENTER" WIDTH="92" HEIGHT="23" AUPDATECONT="N" ENG="Start date">시작일</TD>
<TU COLSPAN="3" ALIGN="CENTER" WIDTH="232" HEIGHT="23" AUNIT="SEL_BGN" AUNITVALUE="20260106">2026년 01월 06일</TU>
</TR>

<TR ACOPY="N" ADELETE="N" HEIGHT="30">
<TD ALIGN="CENTER" WIDTH="92" HEIGHT="23" AUPDATECONT="N" ENG="End date">종료일</TD>
<TU COLSPAN="3" ALIGN="CENTER" WIDTH="232" HEIGHT="23" AUNIT="SEL_END" AUNITVALUE="20260108">2026년 01월 08일</TU>
</TR>

<TR ACOPY="N" ADELETE="N" HEIGHT="32">
<TD COLSPAN="3" WIDTH="359" HEIGHT="25" AUPDATECONT="N" ENG="5. Purpose of disposal">5. 처분목적</TD>
<TE COLSPAN="3" WIDTH="232" HEIGHT="25" ACODE="SEL_PPS" VALIGN="MIDDLE">경영상의 재원확보</TE>
</TR>

<TR ACOPY="N" ADELETE="N" HEIGHT="30">
<TD ROWSPAN="4" VALIGN="MIDDLE" WIDTH="91" HEIGHT="117" AUPDATECONT="N" ENG="6. Disposal method">6. 처분방법</TD>
<TD VALIGN="MIDDLE" WIDTH="259" HEIGHT="23" AUPDATECONT="N" COLSPAN="2" ALIGN="CENTER" ENG="Sale on the market (shrs.)">시장을 통한 매도(주)</TD>
<TE ALIGN="RIGHT" WIDTH="232" HEIGHT="23" ACODE="SEL_MTH_MRK" COLSPAN="3">-</TE>
</TR>

<TR ACOPY="N" ADELETE="N" HEIGHT="30">
<TD WIDTH="259" HEIGHT="23" AUPDATECONT="N" COLSPAN="2" VALIGN="MIDDLE" ALIGN="CENTER" ENG="Off-hours block trading (shrs.)">시간외대량매매(주)</TD>
<TE ALIGN="RIGHT" WIDTH="232" HEIGHT="23" ACODE="SEL_MTH_OVT" COLSPAN="3">97,646</TE>
</TR>

<TR ACOPY="N" ADELETE="N" HEIGHT="34">
<TD VALIGN="MIDDLE" WIDTH="259" HEIGHT="27" AUPDATECONT="N" COLSPAN="2" ALIGN="CENTER" ENG="Disposal in OTC (shrs.)">장외처분(주)</TD>
<TE ALIGN="RIGHT" WIDTH="232" HEIGHT="27" ACODE="SEL_MTH_OMRK" COLSPAN="3">76,515</TE>
</TR>

<TR ACOPY="N" ADELETE="N" HEIGHT="30">
<TD WIDTH="259" HEIGHT="23" AUPDATECONT="N" COLSPAN="2" VALIGN="MIDDLE" ALIGN="CENTER" ENG="Others (shrs.)">기 타(주)</TD>
<TE ALIGN="RIGHT" WIDTH="232" HEIGHT="23" ACODE="SEL_MTH_ETC" COLSPAN="3">-</TE>
</TR>

<TR ACOPY="N" ADELETE="N" HEIGHT="30">
<TD COLSPAN="3" WIDTH="359" HEIGHT="23" AUPDATECONT="N" ENG="7. Counterparty">7. 처분상대방</TD>
<TE COLSPAN="3" WIDTH="232" HEIGHT="23" ACODE="DSPS_PARN" VALIGN="MIDDLE">Weiss Asset Management</TE>
</TR>

<TR ACOPY="N" ADELETE="N" HEIGHT="76">
<TD COLSPAN="3" WIDTH="359" HEIGHT="69" AUPDATECONT="N" ENG="8. Entrusted brokerage company">8. 위탁투자중개업자</TD>
<TE COLSPAN="3" WIDTH="232" HEIGHT="69" ACODE="CI_BRK" VALIGN="MIDDLE">한국투자증권(KOREA INVESTMENT& SECURITIES CO,LTD.)</TE>
</TR>

<TR ACOPY="N" ADELETE="N" HEIGHT="30">
<TD ROWSPAN="4" VALIGN="MIDDLE" WIDTH="91" HEIGHT="113" AUPDATECONT="N" ENG="9. Treasury stock holding before disposal">9. 처분 전  자기주식  보유현황</TD>
<TD ROWSPAN="2" VALIGN="MIDDLE" WIDTH="158" HEIGHT="53" AUPDATECONT="N" ALIGN="CENTER" ENG="Acquisition within profits available for dividends (shrs.)">배당가능이익범위 내 취득(주)</TD>
<TD ALIGN="CENTER" WIDTH="92" HEIGHT="23" AUPDATECONT="N" ENG="Common stock">보통주식</TD>
<TE ALIGN="RIGHT" WIDTH="72" HEIGHT="23" ACODE="HLD_OSTK">156,646</TE>
<TD ALIGN="CENTER" WIDTH="71" HEIGHT="23" AUPDATECONT="N" ENG="Ratio (%)">비율(%)</TD>
<TE ALIGN="RIGHT" WIDTH="71" HEIGHT="23" ACODE="HLD_OSTK_RT">1.06</TE>
</TR>

<TR ACOPY="N" ADELETE="N" HEIGHT="30">
<TD ALIGN="CENTER" WIDTH="92" HEIGHT="23" AUPDATECONT="N" ENG="Different classes of stocks">기타주식</TD>
<TE ALIGN="RIGHT" WIDTH="72" HEIGHT="23" ACODE="HLD_ESTK">76,515</TE>
<TD ALIGN="CENTER" WIDTH="71" HEIGHT="23" AUPDATECONT="N" ENG="Ratio (%)">비율(%)</TD>
<TE ALIGN="RIGHT" WIDTH="71" HEIGHT="23" ACODE="HLD_ESTK_RT">0.52</TE>
</TR>

<TR ACOPY="N" ADELETE="N" HEIGHT="30">
<TD ROWSPAN="2" VALIGN="MIDDLE" WIDTH="158" HEIGHT="53" AUPDATECONT="N" ALIGN="CENTER" ENG="Other acquisition (shrs.)">기타취득(주)</TD>
<TD ALIGN="CENTER" WIDTH="92" HEIGHT="23" AUPDATECONT="N" ENG="Common stock">보통주식</TD>
<TE ALIGN="RIGHT" WIDTH="72" HEIGHT="23" ACODE="EG_OSTK">-</TE>
<TD ALIGN="CENTER" WIDTH="71" HEIGHT="23" AUPDATECONT="N" ENG="Ratio (%)">비율(%)</TD>
<TE ALIGN="RIGHT" WIDTH="71" HEIGHT="23" ACODE="EG_OSTK_RT">-</TE>
</TR>

<TR ACOPY="N" ADELETE="N" HEIGHT="30">
<TD ALIGN="CENTER" WIDTH="92" HEIGHT="23" AUPDATECONT="N" ENG="Different classes of stocks">기타주식</TD>
<TE ALIGN="RIGHT" WIDTH="72" HEIGHT="23" ACODE="EG_ESTK">-</TE>
<TD ALIGN="CENTER" WIDTH="71" HEIGHT="23" AUPDATECONT="N" ENG="Ratio (%)">비율(%)</TD>
<TE ALIGN="RIGHT" WIDTH="71" HEIGHT="23" ACODE="EG_ESTK_RT">-</TE>
</TR>

<TR ACOPY="N" ADELETE="N" HEIGHT="30">
<TD COLSPAN="3" WIDTH="359" HEIGHT="23" AUPDATECONT="N" ENG="10. Disposal decision date">10. 처분결정일</TD>
<TU COLSPAN="3" ALIGN="CENTER" WIDTH="232" HEIGHT="23" AUNIT="SEL_DATE" AUNITVALUE="20260105">2026년 01월 05일</TU>
</TR>

<TR ACOPY="N" ADELETE="N" HEIGHT="30">
<TD ROWSPAN="2" COLSPAN="2" VALIGN="MIDDLE" WIDTH="258" HEIGHT="53" AUPDATECONT="N" ENG="- Attendance of outside directors">   - 사외이사참석여부</TD>
<TD ALIGN="CENTER" WIDTH="92" HEIGHT="23" AUPDATECONT="N" ENG="Present (No.)">참석(명)</TD>
<TE COLSPAN="3" ALIGN="RIGHT" WIDTH="232" HEIGHT="23" ACODE="ATD_CNT">1</TE>
</TR>

<TR ACOPY="N" ADELETE="N" HEIGHT="30">
<TD ALIGN="CENTER" WIDTH="92" HEIGHT="23" AUPDATECONT="N" ENG="Absent (No.)">불참(명)</TD>
<TE COLSPAN="3" ALIGN="RIGHT" WIDTH="232" HEIGHT="23" ACODE="NATD_CNT">-</TE>
</TR>

<TR ACOPY="N" ADELETE="N" HEIGHT="30">
<TD COLSPAN="3" WIDTH="359" HEIGHT="23" AUPDATECONT="N" ENG="- Attendance of auditors (Members of Audit Committee who are not outside directors)">   - 감사(사외이사가 아닌 감사위원)참석여부</TD>
<TU COLSPAN="3" ALIGN="CENTER" WIDTH="232" HEIGHT="23" AUNIT="ADT_ATD_YN" AUNITVALUE="Y" ENG="Present">참석</TU>
</TR>

<TR ACOPY="N" ADELETE="N" HEIGHT="30">
<TD ROWSPAN="2" COLSPAN="2" VALIGN="MIDDLE" WIDTH="258" HEIGHT="53" AUPDATECONT="N" ENG="11. Limit of selling order per day">11. 1일 매도 주문수량 한도</TD>
<TD ALIGN="CENTER" WIDTH="92" HEIGHT="23" AUPDATECONT="N" ENG="Common stock">보통주식</TD>
<TE COLSPAN="3" ALIGN="RIGHT" WIDTH="232" HEIGHT="23" ACODE="SEL_OSTK_LMT">-</TE>
</TR>

<TR ACOPY="N" ADELETE="N" HEIGHT="30">
<TD ALIGN="CENTER" WIDTH="92" HEIGHT="23" AUPDATECONT="N" ENG="Different classes of stocks">기타주식</TD>
<TE COLSPAN="3" ALIGN="RIGHT" WIDTH="232" HEIGHT="23" ACODE="SEL_ESTK_LMT">-</TE>
</TR>
</TBODY>
</TABLE>
</TABLE-GROUP>

<TABLE ACLASS="NORMAL" AFIXTABLE="Y" WIDTH="600" BORDER="0">

<COLGROUP WIDTH="600">
<COL WIDTH="600"></COL>
</COLGROUP>

<TBODY>

<TR ACOPY="N" ADELETE="N" HEIGHT="30">
<TD WIDTH="591" HEIGHT="23" AUPDATECONT="N" ENG="12. Other matters to be factored into investment decisions">12. 기타 투자판단에 참고할 사항</TD>
</TR>
</TBODY>
</TABLE>
<P>- 상기 2. 처분 대상 주식가격(보통주식)은 이사회 결의일 전일(2026년 1월 2일) 한국거래소(KRX) 종가(269,500원)를 기재하였으며, 실제 처분 가격은 이사회 결의일(2026년 1월 5일) 한국거래소(KRX) 종가(262,500원)에서 5% 할인한 249,375원입니다. - 상기 2. 처분 대상 주식가격(전환우선주식)은 이사회 결의일(2026년 1월 5일) 한국거래소(KRX) 정규시장 보통주식 종가(262,500원)에서 9.9% 할인한 가격에 보통주식 전환비율(1.0000000000)을 곱하여 산정하였습니다.- 상기 3. 처분예정금액(원)은  '2. 처분 대상 주식가격(원)'에 '1. 처분예정주식수(주)'를 곱한 금액으로 실제 처분 결과에 따라 변동될 수 있습니다.- 상기 9. 처분 전 자기주식 보유현황'의 비율(%)은 발행주식총수 14,646,603주 기준입니다.- 상기 10. 처분결정일은 당사 이사회 결의일입니다.- 상기 11. 1일 매도 주문수량 한도는 시간외대량매매 및 장외처분 방식으로 진행됨에 따라 해당사항 없습니다.</P>
<P></P>
<P></P>

<TABLE-GROUP ACLASS="TBL_OWN_STK" ADELETETABLE="N">

<TABLE ACLASS="NORMAL" AFIXTABLE="Y" WIDTH="600" BORDER="0">

<COLGROUP WIDTH="600">
<COL WIDTH="600"></COL>
</COLGROUP>

<TBODY>

<TR ACOPY="N" ADELETE="N" HEIGHT="30">
<TD WIDTH="591" HEIGHT="23" AUPDATECONT="N" ENG="【Status of Treasury Stock Holding before Decision on Disposal of Treasury Stock】">【자기주식 처분 결정 전 자기주식 보유현황】</TD>
</TR>
</TBODY>
</TABLE>

<TABLE ACLASS="EXTRACTION" AFIXTABLE="Y" WIDTH="765" BORDER="0">

<COLGROUP WIDTH="765">
<COL WIDTH="765"></COL>
</COLGROUP>

<TBODY>

<TR ACOPY="N" ADELETE="N" HEIGHT="30">
<TU ALIGN="RIGHT" VALIGN="BOTTOM" WIDTH="756" HEIGHT="23" AUNIT="STOCK" AUNITVALUE="1" ENG="(Unit: shares)">(단위 : 주)</TU>
</TR>
</TBODY>
</TABLE>

<TABLE ACLASS="EXTRACTION" AFIXTABLE="Y" WIDTH="767" BORDER="1">

<COLGROUP WIDTH="767">
<COL WIDTH="62"></COL>
<COL WIDTH="58"></COL>
<COL WIDTH="123"></COL>
<COL WIDTH="99"></COL>
<COL WIDTH="71"></COL>
<COL WIDTH="73"></COL>
<COL WIDTH="74"></COL>
<COL WIDTH="72"></COL>
<COL WIDTH="69"></COL>
<COL WIDTH="66"></COL>
</COLGROUP>

<THEAD>

<TR ACOPY="N" ADELETE="N" HEIGHT="30">
<TH VALIGN="MIDDLE" WIDTH="234" ACOPYCOL="N" ADELETECOL="N" AMOVECOL="N" AUPDATECONT="N" ROWSPAN="2" COLSPAN="3" ENG="Acquisition method" HEIGHT="53">취득방법</TH>
<TH VALIGN="MIDDLE" WIDTH="90" ACOPYCOL="N" ADELETECOL="N" AMOVECOL="N" AUPDATECONT="N" ROWSPAN="2" ENG="Type of shares" HEIGHT="53">주식의 종류</TH>
<TH VALIGN="MIDDLE" WIDTH="62" ACOPYCOL="N" ADELETECOL="N" AMOVECOL="N" AUPDATECONT="N" ROWSPAN="2" ENG="Beginning balance" HEIGHT="53">기초수량</TH>
<TH VALIGN="MIDDLE" WIDTH="210" ACOPYCOL="N" ADELETECOL="N" AMOVECOL="N" AUPDATECONT="N" COLSPAN="3" ENG="Change in quantity" HEIGHT="23">변동 수량</TH>
<TH VALIGN="MIDDLE" WIDTH="60" ACOPYCOL="N" ADELETECOL="N" AMOVECOL="N" AUPDATECONT="N" ROWSPAN="2" ENG="Closing balance" HEIGHT="53">기말수량</TH>
<TH VALIGN="MIDDLE" WIDTH="57" ACOPYCOL="N" ADELETECOL="N" AMOVECOL="N" AUPDATECONT="N" ROWSPAN="2" ENG="Note" HEIGHT="53">비고</TH>
</TR>

<TR ACOPY="N" ADELETE="N" HEIGHT="30">
<TH VALIGN="MIDDLE" ACOPYCOL="N" ADELETECOL="N" AMOVECOL="N" AUPDATECONT="N" ENG="Acquisition (+)" WIDTH="64" HEIGHT="23">취득(+)</TH>
<TH VALIGN="MIDDLE" ACOPYCOL="N" ADELETECOL="N" AMOVECOL="N" AUPDATECONT="N" ENG="Disposal (-)" WIDTH="65" HEIGHT="23">처분(-)</TH>
<TH VALIGN="MIDDLE" ACOPYCOL="N" ADELETECOL="N" AMOVECOL="N" AUPDATECONT="N" ENG="Retirement (-)" WIDTH="63" HEIGHT="23">소각(-)</TH>
</TR>
</THEAD>

<TBODY>

<TR ACOPY="N" ADELETE="N" HEIGHT="30">
<TD ROWSPAN="14" ALIGN="CENTER" VALIGN="MIDDLE" AUPDATECONT="N" ENG="Acquisition within profits available for dividends" WIDTH="53" HEIGHT="413">배당가능이익범위이내취득</TD>
<TD ROWSPAN="8" ALIGN="CENTER" VALIGN="MIDDLE" AUPDATECONT="N" ENG="Direct acquisition" WIDTH="49" HEIGHT="233">직접취득</TD>
<TD ALIGN="CENTER" VALIGN="MIDDLE" AUPDATECONT="N" ROWSPAN="2" ENG="Direct acquisition on the exchange" WIDTH="114" HEIGHT="53">장내 직접 취득</TD>
<TD ALIGN="CENTER" VALIGN="MIDDLE" AUPDATECONT="N" ENG="Common stock" WIDTH="90" HEIGHT="23">보통주식</TD>
<TE ALIGN="RIGHT" VALIGN="MIDDLE" ACODE="DI_OSTK_BGN" WIDTH="62" HEIGHT="23">-</TE>
<TE ALIGN="RIGHT" VALIGN="MIDDLE" ACODE="DI_OSTK_ACQ" WIDTH="64" HEIGHT="23">-</TE>
<TE ALIGN="RIGHT" VALIGN="MIDDLE" ACODE="DI_OSTK_TRD" WIDTH="65" HEIGHT="23">-</TE>
<TE ALIGN="RIGHT" VALIGN="MIDDLE" ACODE="DI_OSTK_RTM" WIDTH="63" HEIGHT="23">-</TE>
<TE ALIGN="RIGHT" VALIGN="MIDDLE" ACODE="DI_OSTK_END" WIDTH="60" HEIGHT="23">-</TE>
<TE VALIGN="MIDDLE" ACODE="DI_OSTK_NOTE" WIDTH="57" HEIGHT="23">-</TE>
</TR>

<TR ACOPY="N" ADELETE="N" HEIGHT="30">
<TD ALIGN="CENTER" VALIGN="MIDDLE" AUPDATECONT="N" ENG="Different classes of stocks" WIDTH="90" HEIGHT="23">기타주식</TD>
<TE ALIGN="RIGHT" VALIGN="MIDDLE" ACODE="DI_ESTK_BGN" WIDTH="62" HEIGHT="23">-</TE>
<TE ALIGN="RIGHT" VALIGN="MIDDLE" ACODE="DI_ESTK_ACQ" WIDTH="64" HEIGHT="23">-</TE>
<TE ALIGN="RIGHT" VALIGN="MIDDLE" ACODE="DI_ESTK_TRD" WIDTH="65" HEIGHT="23">-</TE>
<TE ALIGN="RIGHT" VALIGN="MIDDLE" ACODE="DI_ESTK_RTM" WIDTH="63" HEIGHT="23">-</TE>
<TE ALIGN="RIGHT" VALIGN="MIDDLE" ACODE="DI_ESTK_END" WIDTH="60" HEIGHT="23">-</TE>
<TE VALIGN="MIDDLE" ACODE="DI_ESTK_NOTE" WIDTH="57" HEIGHT="23">-</TE>
</TR>

<TR ACOPY="N" ADELETE="N" HEIGHT="30">
<TD ALIGN="CENTER" VALIGN="MIDDLE" AUPDATECONT="N" ROWSPAN="2" ENG="Direct acquisition in OTC" WIDTH="114" HEIGHT="53">장외직접 취득</TD>
<TD ALIGN="CENTER" VALIGN="MIDDLE" AUPDATECONT="N" ENG="Common stock" WIDTH="90" HEIGHT="23">보통주식</TD>
<TE ALIGN="RIGHT" VALIGN="MIDDLE" ACODE="DO_OSTK_BGN" WIDTH="62" HEIGHT="23">-</TE>
<TE ALIGN="RIGHT" VALIGN="MIDDLE" ACODE="DO_OSTK_ACQ" WIDTH="64" HEIGHT="23">-</TE>
<TE ALIGN="RIGHT" VALIGN="MIDDLE" ACODE="DO_OSTK_TRD" WIDTH="65" HEIGHT="23">-</TE>
<TE ALIGN="RIGHT" VALIGN="MIDDLE" ACODE="DO_OSTK_RTM" WIDTH="63" HEIGHT="23">-</TE>
<TE ALIGN="RIGHT" VALIGN="MIDDLE" ACODE="DO_OSTK_END" WIDTH="60" HEIGHT="23">-</TE>
<TE VALIGN="MIDDLE" ACODE="DO_OSTK_NOTE" WIDTH="57" HEIGHT="23">-</TE>
</TR>

<TR ACOPY="N" ADELETE="N" HEIGHT="30">
<TD ALIGN="CENTER" VALIGN="MIDDLE" AUPDATECONT="N" ENG="Different classes of stocks" WIDTH="90" HEIGHT="23">기타주식</TD>
<TE ALIGN="RIGHT" VALIGN="MIDDLE" ACODE="DO_ESTK_BGN" WIDTH="62" HEIGHT="23">76,515</TE>
<TE ALIGN="RIGHT" VALIGN="MIDDLE" ACODE="DO_ESTK_ACQ" WIDTH="64" HEIGHT="23">-</TE>
<TE ALIGN="RIGHT" VALIGN="MIDDLE" ACODE="DO_ESTK_TRD" WIDTH="65" HEIGHT="23">-</TE>
<TE ALIGN="RIGHT" VALIGN="MIDDLE" ACODE="DO_ESTK_RTM" WIDTH="63" HEIGHT="23">-</TE>
<TE ALIGN="RIGHT" VALIGN="MIDDLE" ACODE="DO_ESTK_END" WIDTH="60" HEIGHT="23">76,515</TE>
<TE VALIGN="MIDDLE" ACODE="DO_ESTK_NOTE" WIDTH="57" HEIGHT="23">-</TE>
</TR>

<TR ACOPY="N" ADELETE="N" HEIGHT="30">
<TD ALIGN="CENTER" VALIGN="MIDDLE" AUPDATECONT="N" ROWSPAN="2" ENG="Tender offer" WIDTH="114" HEIGHT="53">공개매수</TD>
<TD ALIGN="CENTER" VALIGN="MIDDLE" AUPDATECONT="N" ENG="Common stock" WIDTH="90" HEIGHT="23">보통주식</TD>
<TE ALIGN="RIGHT" VALIGN="MIDDLE" ACODE="DP_OSTK_BGN" WIDTH="62" HEIGHT="23">-</TE>
<TE ALIGN="RIGHT" VALIGN="MIDDLE" ACODE="DP_OSTK_ACQ" WIDTH="64" HEIGHT="23">-</TE>
<TE ALIGN="RIGHT" VALIGN="MIDDLE" ACODE="DP_OSTK_TRD" WIDTH="65" HEIGHT="23">-</TE>
<TE ALIGN="RIGHT" VALIGN="MIDDLE" ACODE="DP_OSTK_RTM" WIDTH="63" HEIGHT="23">-</TE>
<TE ALIGN="RIGHT" VALIGN="MIDDLE" ACODE="DP_OSTK_END" WIDTH="60" HEIGHT="23">-</TE>
<TE VALIGN="MIDDLE" ACODE="DP_OSTK_NOTE" WIDTH="57" HEIGHT="23">-</TE>
</TR>

<TR ACOPY="N" ADELETE="N" HEIGHT="30">
<TD ALIGN="CENTER" VALIGN="MIDDLE" AUPDATECONT="N" ENG="Different classes of stocks" WIDTH="90" HEIGHT="23">기타주식</TD>
<TE ALIGN="RIGHT" VALIGN="MIDDLE" ACODE="DP_ESTK_BGN" WIDTH="62" HEIGHT="23">-</TE>
<TE ALIGN="RIGHT" VALIGN="MIDDLE" ACODE="DP_ESTK_ACQ" WIDTH="64" HEIGHT="23">-</TE>
<TE ALIGN="RIGHT" VALIGN="MIDDLE" ACODE="DP_ESTK_TRD" WIDTH="65" HEIGHT="23">-</TE>
<TE ALIGN="RIGHT" VALIGN="MIDDLE" ACODE="DP_ESTK_RTM" WIDTH="63" HEIGHT="23">-</TE>
<TE ALIGN="RIGHT" VALIGN="MIDDLE" ACODE="DP_ESTK_END" WIDTH="60" HEIGHT="23">-</TE>
<TE VALIGN="MIDDLE" ACODE="DP_ESTK_NOTE" WIDTH="57" HEIGHT="23">-</TE>
</TR>

<TR ACOPY="N" ADELETE="N" HEIGHT="30">
<TD ALIGN="CENTER" VALIGN="MIDDLE" AUPDATECONT="N" ROWSPAN="2" ENG="Subtotal (a)" WIDTH="114" HEIGHT="53">소계(a)</TD>
<TD ALIGN="CENTER" VALIGN="MIDDLE" AUPDATECONT="N" ENG="Common stock" WIDTH="90" HEIGHT="23">보통주식</TD>
<TE ALIGN="RIGHT" VALIGN="MIDDLE" ACODE="DSUM_OSTK_BGN" WIDTH="62" HEIGHT="23">-</TE>
<TE ALIGN="RIGHT" VALIGN="MIDDLE" ACODE="DSUM_OSTK_ACQ" WIDTH="64" HEIGHT="23">-</TE>
<TE ALIGN="RIGHT" VALIGN="MIDDLE" ACODE="DSUM_OSTK_TRD" WIDTH="65" HEIGHT="23">-</TE>
<TE ALIGN="RIGHT" VALIGN="MIDDLE" ACODE="DSUM_OSTK_RTM" WIDTH="63" HEIGHT="23">-</TE>
<TE ALIGN="RIGHT" VALIGN="MIDDLE" ACODE="DSUM_OSTK_END" WIDTH="60" HEIGHT="23">-</TE>
<TE VALIGN="MIDDLE" ACODE="DSUM_OSTK_NOTE" WIDTH="57" HEIGHT="23">-</TE>
</TR>

<TR ACOPY="N" ADELETE="N" HEIGHT="30">
<TD ALIGN="CENTER" VALIGN="MIDDLE" AUPDATECONT="N" ENG="Different classes of stocks" WIDTH="90" HEIGHT="23">기타주식</TD>
<TE ALIGN="RIGHT" VALIGN="MIDDLE" ACODE="DSUM_ESTK_BGN" WIDTH="62" HEIGHT="23">76,515</TE>
<TE ALIGN="RIGHT" VALIGN="MIDDLE" ACODE="DSUM_ESTK_ACQ" WIDTH="64" HEIGHT="23">-</TE>
<TE ALIGN="RIGHT" VALIGN="MIDDLE" ACODE="DSUM_ESTK_TRD" WIDTH="65" HEIGHT="23">-</TE>
<TE ALIGN="RIGHT" VALIGN="MIDDLE" ACODE="DSUM_ESTK_RTM" WIDTH="63" HEIGHT="23">-</TE>
<TE ALIGN="RIGHT" VALIGN="MIDDLE" ACODE="DSUM_ESTK_END" WIDTH="60" HEIGHT="23">76,515</TE>
<TE VALIGN="MIDDLE" ACODE="DSUM_ESTK_NOTE" WIDTH="57" HEIGHT="23">-</TE>
</TR>

<TR ACOPY="N" ADELETE="N" HEIGHT="30">
<TD ROWSPAN="6" ALIGN="CENTER" VALIGN="MIDDLE" AUPDATECONT="N" ENG="Acquisition by trust contract" WIDTH="49" HEIGHT="173">신탁계약에 의한취득</TD>
<TD ALIGN="CENTER" VALIGN="MIDDLE" AUPDATECONT="N" ROWSPAN="2" ENG="Number of shares indirectly held through trust contracts" WIDTH="114" HEIGHT="53">수탁자 보유물량</TD>
<TD ALIGN="CENTER" VALIGN="MIDDLE" AUPDATECONT="N" ENG="Common stock" WIDTH="90" HEIGHT="23">보통주식</TD>
<TE ALIGN="RIGHT" VALIGN="MIDDLE" ACODE="TF_OSTK_BGN" WIDTH="62" HEIGHT="23">-</TE>
<TE ALIGN="RIGHT" VALIGN="MIDDLE" ACODE="TF_OSTK_ACQ" WIDTH="64" HEIGHT="23">-</TE>
<TE ALIGN="RIGHT" VALIGN="MIDDLE" ACODE="TF_OSTK_TRD" WIDTH="65" HEIGHT="23">-</TE>
<TE ALIGN="RIGHT" VALIGN="MIDDLE" ACODE="TF_OSTK_RTM" WIDTH="63" HEIGHT="23">-</TE>
<TE ALIGN="RIGHT" VALIGN="MIDDLE" ACODE="TF_OSTK_END" WIDTH="60" HEIGHT="23">-</TE>
<TE VALIGN="MIDDLE" ACODE="TF_OSTK_NOTE" WIDTH="57" HEIGHT="23">-</TE>
</TR>

<TR ACOPY="N" ADELETE="N" HEIGHT="30">
<TD ALIGN="CENTER" VALIGN="MIDDLE" AUPDATECONT="N" ENG="Different classes of stocks" WIDTH="90" HEIGHT="23">기타주식</TD>
<TE ALIGN="RIGHT" VALIGN="MIDDLE" ACODE="TF_ESTK_BGN" WIDTH="62" HEIGHT="23">-</TE>
<TE ALIGN="RIGHT" VALIGN="MIDDLE" ACODE="TF_ESTK_ACQ" WIDTH="64" HEIGHT="23">-</TE>
<TE ALIGN="RIGHT" VALIGN="MIDDLE" ACODE="TF_ESTK_TRD" WIDTH="65" HEIGHT="23">-</TE>
<TE ALIGN="RIGHT" VALIGN="MIDDLE" ACODE="TF_ESTK_RTM" WIDTH="63" HEIGHT="23">-</TE>
<TE ALIGN="RIGHT" VALIGN="MIDDLE" ACODE="TF_ESTK_END" WIDTH="60" HEIGHT="23">-</TE>
<TE VALIGN="MIDDLE" ACODE="TF_ESTK_NOTE" WIDTH="57" HEIGHT="23">-</TE>
</TR>

<TR ACOPY="N" ADELETE="N" HEIGHT="30">
<TD ALIGN="CENTER" VALIGN="MIDDLE" AUPDATECONT="N" ROWSPAN="2" ENG="Number of shares directly held" WIDTH="114" HEIGHT="53">현물보유물량</TD>
<TD ALIGN="CENTER" VALIGN="MIDDLE" AUPDATECONT="N" ENG="Common stock" WIDTH="90" HEIGHT="23">보통주식</TD>
<TE ALIGN="RIGHT" VALIGN="MIDDLE" ACODE="TS_OSTK_BGN" WIDTH="62" HEIGHT="23">156,646</TE>
<TE ALIGN="RIGHT" VALIGN="MIDDLE" ACODE="TS_OSTK_ACQ" WIDTH="64" HEIGHT="23">-</TE>
<TE ALIGN="RIGHT" VALIGN="MIDDLE" ACODE="TS_OSTK_TRD" WIDTH="65" HEIGHT="23">-</TE>
<TE ALIGN="RIGHT" VALIGN="MIDDLE" ACODE="TS_OSTK_RTM" WIDTH="63" HEIGHT="23">-</TE>
<TE ALIGN="RIGHT" VALIGN="MIDDLE" ACODE="TS_OSTK_END" WIDTH="60" HEIGHT="23">156,646</TE>
<TE VALIGN="MIDDLE" ACODE="TS_OSTK_NOTE" WIDTH="57" HEIGHT="23">-</TE>
</TR>

<TR ACOPY="N" ADELETE="N" HEIGHT="30">
<TD ALIGN="CENTER" VALIGN="MIDDLE" AUPDATECONT="N" ENG="Different classes of stocks" WIDTH="90" HEIGHT="23">기타주식</TD>
<TE ALIGN="RIGHT" VALIGN="MIDDLE" ACODE="TS_ESTK_BGN" WIDTH="62" HEIGHT="23">-</TE>
<TE ALIGN="RIGHT" VALIGN="MIDDLE" ACODE="TS_ESTK_ACQ" WIDTH="64" HEIGHT="23">-</TE>
<TE ALIGN="RIGHT" VALIGN="MIDDLE" ACODE="TS_ESTK_TRD" WIDTH="65" HEIGHT="23">-</TE>
<TE ALIGN="RIGHT" VALIGN="MIDDLE" ACODE="TS_ESTK_RTM" WIDTH="63" HEIGHT="23">-</TE>
<TE ALIGN="RIGHT" VALIGN="MIDDLE" ACODE="TS_ESTK_END" WIDTH="60" HEIGHT="23">-</TE>
<TE VALIGN="MIDDLE" ACODE="TS_ESTK_NOTE" WIDTH="57" HEIGHT="23">-</TE>
</TR>

<TR ACOPY="N" ADELETE="N" HEIGHT="30">
<TD ALIGN="CENTER" VALIGN="MIDDLE" AUPDATECONT="N" ROWSPAN="2" ENG="Subtotal (b)" WIDTH="114" HEIGHT="53">소계(b)</TD>
<TD ALIGN="CENTER" VALIGN="MIDDLE" AUPDATECONT="N" ENG="Common stock" WIDTH="90" HEIGHT="23">보통주식</TD>
<TE ALIGN="RIGHT" VALIGN="MIDDLE" ACODE="TSUM_OSTK_BGN" WIDTH="62" HEIGHT="23">156,646</TE>
<TE ALIGN="RIGHT" VALIGN="MIDDLE" ACODE="TSUM_OSTK_ACQ" WIDTH="64" HEIGHT="23">-</TE>
<TE ALIGN="RIGHT" VALIGN="MIDDLE" ACODE="TSUM_OSTK_TRD" WIDTH="65" HEIGHT="23">-</TE>
<TE ALIGN="RIGHT" VALIGN="MIDDLE" ACODE="TSUM_OSTK_RTM" WIDTH="63" HEIGHT="23">-</TE>
<TE ALIGN="RIGHT" VALIGN="MIDDLE" ACODE="TSUM_OSTK_END" WIDTH="60" HEIGHT="23">156,646</TE>
<TE VALIGN="MIDDLE" ACODE="TSUM_OSTK_NOTE" WIDTH="57" HEIGHT="23">-</TE>
</TR>

<TR ACOPY="N" ADELETE="N" HEIGHT="30">
<TD ALIGN="CENTER" VALIGN="MIDDLE" AUPDATECONT="N" ENG="Different classes of stocks" WIDTH="90" HEIGHT="23">기타주식</TD>
<TE ALIGN="RIGHT" VALIGN="MIDDLE" ACODE="TSUM_ESTK_BGN" WIDTH="62" HEIGHT="23">-</TE>
<TE ALIGN="RIGHT" VALIGN="MIDDLE" ACODE="TSUM_ESTK_ACQ" WIDTH="64" HEIGHT="23">-</TE>
<TE ALIGN="RIGHT" VALIGN="MIDDLE" ACODE="TSUM_ESTK_TRD" WIDTH="65" HEIGHT="23">-</TE>
<TE ALIGN="RIGHT" VALIGN="MIDDLE" ACODE="TSUM_ESTK_RTM" WIDTH="63" HEIGHT="23">-</TE>
<TE ALIGN="RIGHT" VALIGN="MIDDLE" ACODE="TSUM_ESTK_END" WIDTH="60" HEIGHT="23">-</TE>
<TE VALIGN="MIDDLE" ACODE="TSUM_ESTK_NOTE" WIDTH="57" HEIGHT="23">-</TE>
</TR>

<TR ACOPY="N" ADELETE="N" HEIGHT="30">
<TD ROWSPAN="2" ALIGN="CENTER" VALIGN="MIDDLE" AUPDATECONT="N" COLSPAN="3" ENG="Other acquisition (c)" WIDTH="234" HEIGHT="53">기타 취득(c)</TD>
<TD ALIGN="CENTER" VALIGN="MIDDLE" AUPDATECONT="N" ENG="Common stock" WIDTH="90" HEIGHT="23">보통주식</TD>
<TE ALIGN="RIGHT" VALIGN="MIDDLE" ACODE="EG_OSTK_BGN" WIDTH="62" HEIGHT="23">-</TE>
<TE ALIGN="RIGHT" VALIGN="MIDDLE" ACODE="EG_OSTK_ACQ" WIDTH="64" HEIGHT="23">-</TE>
<TE ALIGN="RIGHT" VALIGN="MIDDLE" ACODE="EG_OSTK_TRD" WIDTH="65" HEIGHT="23">-</TE>
<TE ALIGN="RIGHT" VALIGN="MIDDLE" ACODE="EG_OSTK_RTM" WIDTH="63" HEIGHT="23">-</TE>
<TE ALIGN="RIGHT" VALIGN="MIDDLE" ACODE="EG_OSTK_END" WIDTH="60" HEIGHT="23">-</TE>
<TE VALIGN="MIDDLE" ACODE="EG_OSTK_NOTE" WIDTH="57" HEIGHT="23">-</TE>
</TR>

<TR ACOPY="N" ADELETE="N" HEIGHT="30">
<TD ALIGN="CENTER" VALIGN="MIDDLE" AUPDATECONT="N" ENG="Different classes of stocks" WIDTH="90" HEIGHT="23">기타주식</TD>
<TE ALIGN="RIGHT" VALIGN="MIDDLE" ACODE="EG_ESTK_BGN" WIDTH="62" HEIGHT="23">-</TE>
<TE ALIGN="RIGHT" VALIGN="MIDDLE" ACODE="EG_ESTK_ACQ" WIDTH="64" HEIGHT="23">-</TE>
<TE ALIGN="RIGHT" VALIGN="MIDDLE" ACODE="EG_ESTK_TRD" WIDTH="65" HEIGHT="23">-</TE>
<TE ALIGN="RIGHT" VALIGN="MIDDLE" ACODE="EG_ESTK_RTM" WIDTH="63" HEIGHT="23">-</TE>
<TE ALIGN="RIGHT" VALIGN="MIDDLE" ACODE="EG_ESTK_END" WIDTH="60" HEIGHT="23">-</TE>
<TE VALIGN="MIDDLE" ACODE="EG_ESTK_NOTE" WIDTH="57" HEIGHT="23">-</TE>
</TR>

<TR ACOPY="N" ADELETE="N" HEIGHT="30">
<TD ROWSPAN="2" ALIGN="CENTER" VALIGN="MIDDLE" AUPDATECONT="N" COLSPAN="3" ENG="Total (a+b+c)" WIDTH="234" HEIGHT="53">총 계(a+b+c)</TD>
<TD ALIGN="CENTER" VALIGN="MIDDLE" AUPDATECONT="N" ENG="Common stock" WIDTH="90" HEIGHT="23">보통주식</TD>
<TE ALIGN="RIGHT" VALIGN="MIDDLE" ACODE="TOT_OSTK_BGN" WIDTH="62" HEIGHT="23">156,646</TE>
<TE ALIGN="RIGHT" VALIGN="MIDDLE" ACODE="TOT_OSTK_ACQ" WIDTH="64" HEIGHT="23">-</TE>
<TE ALIGN="RIGHT" VALIGN="MIDDLE" ACODE="TOT_OSTK_TRD" WIDTH="65" HEIGHT="23">-</TE>
<TE ALIGN="RIGHT" VALIGN="MIDDLE" ACODE="TOT_OSTK_RTM" WIDTH="63" HEIGHT="23">-</TE>
<TE ALIGN="RIGHT" VALIGN="MIDDLE" ACODE="TOT_OSTK_END" WIDTH="60" HEIGHT="23">156,646</TE>
<TE VALIGN="MIDDLE" ACODE="TOT_OSTK_NOTE" WIDTH="57" HEIGHT="23">-</TE>
</TR>

<TR ACOPY="N" ADELETE="N" HEIGHT="30">
<TD ALIGN="CENTER" VALIGN="MIDDLE" AUPDATECONT="N" ENG="Different classes of stocks" WIDTH="90" HEIGHT="23">기타주식</TD>
<TE ALIGN="RIGHT" VALIGN="MIDDLE" ACODE="TOT_ESTK_BGN" WIDTH="62" HEIGHT="23">76,515</TE>
<TE ALIGN="RIGHT" VALIGN="MIDDLE" ACODE="TOT_ESTK_ACQ" WIDTH="64" HEIGHT="23">-</TE>
<TE ALIGN="RIGHT" VALIGN="MIDDLE" ACODE="TOT_ESTK_TRD" WIDTH="65" HEIGHT="23">-</TE>
<TE ALIGN="RIGHT" VALIGN="MIDDLE" ACODE="TOT_ESTK_RTM" WIDTH="63" HEIGHT="23">-</TE>
<TE ALIGN="RIGHT" VALIGN="MIDDLE" ACODE="TOT_ESTK_END" WIDTH="60" HEIGHT="23">76,515</TE>
<TE VALIGN="MIDDLE" ACODE="TOT_ESTK_NOTE" WIDTH="57" HEIGHT="23">-</TE>
</TR>
</TBODY>
</TABLE>
</TABLE-GROUP>
<P>주1) 상기 기초 수량은 2026년 01월 01일 기준입니다.주2) 상기 기말 수량은 처분 결정일 당일인 2026년 01월 05일의 보유수량이며, 본 공시 대상인 자기주식 174,161주 처분 후 보유수량은 59,000주 입니다.</P>
<P></P>

<TABLE ACLASS="NORMAL" AFIXTABLE="Y" WIDTH="608" BORDER="0">

<COLGROUP WIDTH="608">
<COL WIDTH="608"></COL>
</COLGROUP>

<TBODY>

<TR ACOPY="N" ADELETE="N" HEIGHT="30">
<TD WIDTH="599" HEIGHT="23" AUPDATECONT="N" ENG="【Additional matters to disclose】">【추가공시 사항】</TD>
</TR>
</TBODY>
</TABLE>
<P>1. 처분상대방별 회사 또는 최대주주와의 관계</P>
<P>- 처분상대방 : Weiss Asset Management- 회사 또는 최대주주와의 관계 : 관계 없음</P>
<P>2. 처분상대방 선정사유</P>
<P>- 회사 경영상의 재원확보를 위해 투자자의 의향, 납입 능력 및 시기 등을 고려하여 선정하였습니다.</P>
<P>3. 처분상대방별 처분주식수(주)</P>

<TABLE BORDER="1" WIDTH="600" ACLASS="NORMAL" AFIXTABLE="N">

<COLGROUP WIDTH="600">
<COL WIDTH="300"></COL>
<COL WIDTH="300"></COL>
</COLGROUP>

<TBODY>

<TR ACOPY="Y" ADELETE="Y" HEIGHT="30">
<TD ALIGN="CENTER" WIDTH="291" USERMARK="B BC0XF2F2F2" HEIGHT="23">처분 상대방</TD>
<TD ALIGN="CENTER" WIDTH="291" USERMARK="B BC0XF2F2F2" HEIGHT="23">처분 예정주식수</TD>
</TR>

<TR ACOPY="Y" ADELETE="Y" HEIGHT="30">
<TD ALIGN="CENTER" WIDTH="291" HEIGHT="53" ROWSPAN="2" VALIGN="MIDDLE" USERMARK="F-12 ">Weiss Asset Management</TD>
<TD ALIGN="CENTER" WIDTH="291" HEIGHT="23">97,646(보통주식)</TD>
</TR>

<TR ACOPY="Y" ADELETE="Y" HEIGHT="30">
<TD ALIGN="CENTER" WIDTH="291" HEIGHT="23">76,515(전환우선주식)</TD>
</TR>
</TBODY>
</TABLE>
<P></P>
<P>4. 가격 산정근거</P>
<P>- 보통주식: 상기 1주당 처분가액은 처분결정일(이사회 결의일) 당일인 2025년 01월 05일 한국거래소(KRX) 종가(262,500원)에 5.0% 할인율을 적용한 금액입니다.- 기타주식(전환우선주식): 상기 1주당 처분가액은 처분결정일(이사회 결의일) 당일인 2025년 01월 05일 한국거래소(KRX) 보통주식 종가(262,500원)에 9.9% 할인율을 적용한 금액에 보통주식 전환비율(1.0000000000)을 곱하여 산정하였습니다.</P>
<P>5. 예상되는 주식가치 희석효과</P>
<P>- 처분예정 자기주식수는 발행주식총수 14,646,603주 중 174,161주(1.18%)이며, 경영상의 재원확보 목적으로 처분하는 것이므로 주식가치 희석효과는 미미할 것으로 예상됩니다.</P>
<P>6. 기타 투자판단에 참고할 사항</P>
<P>- 자기주식 처분과 관련된 기타 세부사항은 대표이사에게 위임하였습니다.</P>
</SECTION-1>
</BODY>
</DOCUMENT>